latitude,longitude,elevation,utc_offset_seconds,timezone,timezone_abbreviation
46.994724,-65.016235,25.0,0,GMT,GMT

time,temperature_2m_mean (°C),temperature_2m_max (°C),relative_humidity_2m_mean (%),precipitation_sum (mm),wind_direction_10m_dominant (°),et0_fao_evapotranspiration (mm),precipitation_hours (h),wind_speed_10m_max (km/h),wind_speed_10m_mean (km/h),relative_humidity_2m_min (%)
1990-01-01,0.4,3.3,92,15.40,209,0.26,18.0,26.6,19.5,73
1990-01-02,-8.8,-1.9,64,0.00,269,0.74,0.0,32.0,27.3,56
1990-01-03,-5.5,-2.3,77,0.00,257,0.57,0.0,23.0,20.0,60
1990-01-04,-4.3,2.1,83,0.10,189,0.41,1.0,21.3,14.8,76
1990-01-05,-1.5,3.1,75,2.40,260,0.69,5.0,29.9,23.1,56
1990-01-06,-10.7,-7.4,80,0.50,224,0.26,3.0,15.5,10.2,76
1990-01-07,-12.4,-7.3,74,0.70,289,0.33,4.0,22.0,13.4,60
1990-01-08,-7.0,-0.8,82,0.10,232,0.46,1.0,15.4,13.4,72
1990-01-09,-9.3,-6.1,84,0.00,58,0.29,0.0,14.7,11.3,74
1990-01-10,-3.1,2.2,92,5.50,163,0.26,17.0,20.6,15.5,87
1990-01-11,-7.1,-3.5,79,9.40,351,0.51,10.0,35.3,22.1,63
1990-01-12,-7.4,-4.1,88,8.80,91,0.24,15.0,23.5,15.6,82
1990-01-13,-6.2,-4.8,83,0.00,275,0.38,0.0,16.5,12.6,68
1990-01-14,-13.2,-8.0,70,0.00,279,0.40,0.0,21.3,18.1,58
1990-01-15,-16.9,-13.4,72,0.10,241,0.31,1.0,15.7,11.4,59
1990-01-16,-9.7,-7.2,81,2.80,277,0.38,11.0,14.7,10.6,67
1990-01-17,-10.2,-5.5,81,0.00,213,0.42,0.0,15.6,10.4,68
1990-01-18,3.4,6.8,87,8.40,220,0.64,10.0,33.5,25.8,82
1990-01-19,-6.2,2.3,68,1.30,287,0.60,6.0,33.1,24.1,47
1990-01-20,-15.3,-9.0,67,0.00,252,0.40,0.0,26.1,17.0,57
1990-01-21,-14.7,-8.9,71,0.00,344,0.34,0.0,21.9,15.9,59
1990-01-22,-15.8,-13.4,75,0.60,65,0.29,3.0,16.1,13.9,69
1990-01-23,-8.8,-4.0,83,6.40,153,0.40,15.0,18.6,10.9,72
1990-01-24,-7.5,-2.3,85,3.20,195,0.29,7.0,20.5,12.9,80
1990-01-25,0.8,3.8,88,0.30,215,0.68,2.0,21.4,15.9,74
1990-01-26,4.6,10.1,96,14.80,183,0.24,20.0,33.8,22.2,90
1990-01-27,-0.4,4.0,77,12.30,277,0.79,9.0,32.8,21.5,58
1990-01-28,-1.6,4.7,75,0.00,223,0.92,0.0,33.1,20.3,61
1990-01-29,-3.7,1.0,66,0.00,268,0.96,0.0,28.2,16.8,60
1990-01-30,-6.2,-4.0,85,37.20,66,0.27,17.0,45.8,30.0,75
1990-01-31,-7.9,-4.7,78,2.40,339,0.62,5.0,37.3,15.3,67
1990-02-01,-5.2,1.3,84,0.00,223,0.57,0.0,26.3,16.2,75
1990-02-02,-3.9,2.7,67,0.20,275,0.84,1.0,32.9,25.7,49
1990-02-03,-20.2,-13.8,58,0.00,317,0.41,0.0,23.8,20.4,44
1990-02-04,-20.4,-16.4,64,0.50,285,0.30,4.0,14.7,9.0,51
1990-02-05,-17.9,-15.2,70,0.00,9,0.37,0.0,15.9,12.2,54
1990-02-06,-13.4,-5.5,73,1.20,224,0.40,6.0,19.5,14.8,62
1990-02-07,-6.5,-1.0,74,0.00,249,0.82,0.0,24.5,16.5,62
1990-02-08,-2.9,-0.6,74,0.00,256,0.90,0.0,22.7,14.6,61
1990-02-09,0.7,5.3,86,0.00,213,0.77,0.0,33.9,20.7,77
1990-02-10,0.1,5.0,90,21.40,21,0.32,11.0,31.8,20.5,81
1990-02-11,-4.2,-1.2,77,0.80,274,0.85,4.0,28.3,18.3,55
1990-02-12,-8.7,-4.4,73,0.00,274,0.69,0.0,20.1,13.6,54
1990-02-13,-11.2,-5.0,73,1.50,236,0.60,4.0,25.3,12.9,56
1990-02-14,-3.4,-0.2,73,1.10,271,0.89,4.0,25.1,19.9,51
1990-02-15,-13.9,-10.7,63,0.00,303,0.62,0.0,21.8,12.2,48
1990-02-16,-11.2,-9.3,78,4.40,84,0.27,14.0,12.6,9.1,66
1990-02-17,-10.3,-8.4,83,7.80,40,0.37,15.0,25.4,16.0,68
1990-02-18,-15.9,-12.5,59,0.00,281,0.61,0.0,21.6,18.3,45
1990-02-19,-9.1,-1.5,72,1.70,235,0.84,5.0,20.0,15.3,60
1990-02-20,-11.8,-7.0,65,5.20,305,0.62,6.0,33.2,25.3,48
1990-02-21,-16.5,-10.6,61,0.00,278,0.66,0.0,25.9,18.7,46
1990-02-22,-3.7,6.0,68,0.00,225,1.38,0.0,28.1,20.8,50
1990-02-23,0.1,3.6,88,9.30,324,0.42,14.0,23.2,11.9,64
1990-02-24,-8.1,-2.8,77,12.80,23,0.39,19.0,31.3,20.0,72
1990-02-25,-13.9,-11.3,68,0.40,351,0.59,2.0,15.0,11.3,55
1990-02-26,-17.5,-14.9,63,0.00,316,0.53,0.0,19.1,13.9,44
1990-02-27,-16.9,-7.0,66,0.20,216,0.63,1.0,23.7,15.8,43
1990-02-28,-7.0,-4.4,73,2.10,258,0.76,8.0,24.5,16.2,47
1990-03-01,-13.9,-9.8,66,0.00,252,0.74,0.0,18.5,16.1,42
1990-03-02,-2.6,3.7,66,0.30,217,1.52,2.0,28.3,23.8,58
1990-03-03,-0.9,1.8,72,0.00,235,1.41,0.0,26.5,16.1,52
1990-03-04,-8.3,-5.5,75,0.00,33,0.55,0.0,20.2,15.2,62
1990-03-05,-10.0,-7.9,68,0.00,302,0.84,0.0,17.0,12.4,43
1990-03-06,-13.6,-10.1,67,0.00,297,0.79,0.0,13.6,11.3,47
1990-03-07,-14.2,-9.8,65,0.00,325,0.79,0.0,18.8,16.0,47
1990-03-08,-10.5,-2.0,63,0.00,297,1.15,0.0,18.9,13.2,45
1990-03-09,-3.6,0.9,73,0.00,314,1.25,0.0,18.6,11.8,63
1990-03-10,-1.8,5.1,80,0.00,217,1.50,0.0,19.7,9.5,58
1990-03-11,2.8,6.0,75,0.00,244,1.57,0.0,25.0,19.7,62
1990-03-12,0.2,5.1,73,0.00,282,1.66,0.0,18.1,14.3,54
1990-03-13,-2.3,0.3,82,0.00,20,0.78,0.0,12.3,9.2,72
1990-03-14,-6.9,-5.2,80,0.00,69,0.96,0.0,13.3,10.1,68
1990-03-15,-3.8,0.9,86,9.70,130,0.92,9.0,14.8,11.0,78
1990-03-16,1.3,5.6,90,0.00,197,0.90,0.0,14.8,10.4,80
1990-03-17,3.9,9.0,95,1.70,206,0.81,5.0,26.4,14.0,84
1990-03-18,6.5,8.5,93,6.20,228,0.64,14.0,26.9,18.4,81
1990-03-19,2.1,4.6,72,0.00,254,1.59,0.0,26.3,23.0,52
1990-03-20,-1.1,2.2,80,0.00,157,1.35,0.0,16.8,10.4,65
1990-03-21,-0.9,-0.0,89,11.60,42,0.50,18.0,34.9,23.2,81
1990-03-22,-2.3,-0.2,70,0.10,323,1.71,1.0,26.0,15.9,45
1990-03-23,3.3,8.3,78,4.00,203,1.44,5.0,42.8,31.9,72
1990-03-24,-6.0,0.6,54,0.20,283,1.58,1.0,28.2,22.7,37
1990-03-25,-3.8,2.4,58,0.10,189,1.54,1.0,21.7,14.7,51
1990-03-26,-0.1,4.3,71,1.30,214,1.65,5.0,24.0,19.3,46
1990-03-27,-8.8,-0.8,56,0.60,302,1.39,2.0,32.3,22.9,41
1990-03-28,-7.8,-0.8,53,0.10,250,1.49,1.0,26.9,18.4,38
1990-03-29,-8.8,-4.8,54,0.00,309,1.47,0.0,25.8,20.5,40
1990-03-30,-5.9,1.5,57,0.00,231,1.92,0.0,14.5,7.6,37
1990-03-31,-1.8,0.6,74,3.70,150,0.93,11.0,15.9,12.6,58
1990-04-01,-0.4,0.3,92,5.30,83,0.38,22.0,19.9,15.3,88
1990-04-02,0.6,2.2,91,8.40,92,0.47,24.0,20.2,15.6,87
1990-04-03,1.6,3.7,96,2.60,35,0.68,9.0,13.3,7.9,88
1990-04-04,3.7,6.5,99,23.10,101,0.26,22.0,33.7,23.1,98
1990-04-05,5.1,7.3,87,0.40,184,1.43,3.0,27.8,21.1,64
1990-04-06,2.9,5.0,81,0.80,216,1.39,3.0,26.4,20.7,62
1990-04-07,0.1,2.7,76,1.60,256,1.12,7.0,14.4,10.4,60
1990-04-08,-0.6,2.0,67,2.10,272,1.60,7.0,20.4,13.9,46
1990-04-09,-0.4,4.6,57,0.50,288,2.40,1.0,15.3,9.4,40
1990-04-10,-0.2,1.1,78,4.50,86,0.87,10.0,18.8,11.7,66
1990-04-11,-1.6,-0.8,90,29.70,45,0.36,24.0,30.0,25.1,87
1990-04-12,-0.5,3.2,73,2.30,294,1.53,8.0,27.2,21.0,48
1990-04-13,-1.1,3.3,65,0.00,257,2.22,0.0,16.4,13.8,39
1990-04-14,1.8,8.4,62,0.00,220,2.63,0.0,21.4,17.8,43
1990-04-15,3.9,8.5,77,0.70,197,1.56,3.0,26.6,20.6,63
1990-04-16,7.4,11.6,81,9.60,216,2.32,12.0,22.2,18.1,43
1990-04-17,4.2,9.8,65,0.60,196,2.35,2.0,30.4,17.2,51
1990-04-18,2.2,5.8,66,7.70,263,2.27,8.0,31.7,26.7,35
1990-04-19,0.8,5.8,47,0.00,250,3.00,0.0,19.2,13.5,36
1990-04-20,5.8,12.8,62,0.00,213,3.11,0.0,26.6,23.6,49
1990-04-21,5.1,6.9,90,11.40,219,0.68,13.0,25.8,15.4,72
1990-04-22,2.8,6.6,93,0.00,46,1.55,0.0,14.7,10.8,81
1990-04-23,1.3,4.8,83,0.00,23,2.02,0.0,20.4,15.0,66
1990-04-24,1.0,1.8,80,0.00,24,1.31,0.0,26.3,19.2,74
1990-04-25,0.3,4.7,72,0.00,70,2.46,0.0,13.8,8.8,60
1990-04-26,3.5,8.2,82,0.00,121,1.59,0.0,11.9,8.1,73
1990-04-27,10.1,18.6,87,0.40,199,3.03,1.0,17.1,11.9,72
1990-04-28,4.5,16.5,81,0.30,32,1.82,1.0,23.0,18.9,64
1990-04-29,2.2,6.5,72,0.00,102,2.40,0.0,11.3,8.0,55
1990-04-30,8.3,17.2,72,0.00,211,3.47,0.0,17.8,12.2,55
1990-05-01,13.0,19.0,83,0.00,214,2.82,0.0,20.4,17.5,69
1990-05-02,12.1,15.0,86,12.60,217,1.36,15.0,21.4,17.8,43
1990-05-03,7.3,10.4,53,0.00,293,3.11,0.0,15.1,9.1,38
1990-05-04,5.4,8.9,62,0.00,35,2.90,0.0,18.8,10.0,41
1990-05-05,5.8,10.8,68,0.70,138,2.46,2.0,18.6,12.9,49
1990-05-06,1.7,5.6,93,23.90,45,0.47,24.0,35.2,28.1,85
1990-05-07,3.5,8.4,78,0.80,325,2.58,4.0,23.7,11.9,54
1990-05-08,6.6,11.6,76,0.90,214,2.98,3.0,14.1,9.4,55
1990-05-09,9.0,16.4,75,0.90,207,2.90,4.0,35.3,23.8,51
1990-05-10,6.8,13.3,76,0.00,65,2.18,0.0,24.2,16.5,66
1990-05-11,10.1,12.7,94,10.30,163,0.77,8.0,35.1,25.9,78
1990-05-12,9.2,14.2,59,0.00,267,3.86,0.0,24.7,19.1,30
1990-05-13,9.8,15.4,65,0.20,202,2.90,1.0,25.6,17.2,39
1990-05-14,6.9,9.6,93,16.20,62,1.25,19.0,18.8,11.5,79
1990-05-15,5.2,7.9,87,0.00,39,2.36,0.0,16.7,11.7,75
1990-05-16,6.6,10.9,91,3.90,107,1.44,8.0,12.7,8.4,77
1990-05-17,6.9,9.5,84,0.20,33,1.25,2.0,21.6,17.4,77
1990-05-18,4.2,6.6,92,20.50,104,0.49,16.0,28.6,26.7,84
1990-05-19,5.2,6.4,93,5.00,86,0.77,14.0,27.1,16.9,87
1990-05-20,4.2,4.9,89,7.30,29,0.86,24.0,31.6,25.5,79
1990-05-21,4.1,4.3,85,5.20,35,0.94,22.0,32.3,29.1,80
1990-05-22,4.2,4.6,93,13.00,55,0.47,22.0,23.6,21.8,87
1990-05-23,3.8,4.2,93,25.60,43,0.59,24.0,28.7,24.3,86
1990-05-24,4.1,5.8,82,2.80,31,1.74,7.0,26.2,23.4,67
1990-05-25,6.1,10.7,73,0.00,30,3.46,0.0,20.0,16.2,58
1990-05-26,8.8,16.7,68,0.00,172,4.29,0.0,15.9,6.8,41
1990-05-27,9.8,14.6,66,0.00,89,4.21,0.0,14.8,10.2,46
1990-05-28,13.6,21.0,69,0.50,190,4.86,1.0,16.5,9.7,47
1990-05-29,13.8,17.4,66,0.00,210,4.01,0.0,26.2,17.9,59
1990-05-30,6.6,8.3,91,33.60,15,0.49,18.0,39.8,26.3,77
1990-05-31,7.4,10.4,56,1.30,300,3.56,3.0,29.3,23.1,34
1990-06-01,10.2,16.5,65,0.00,227,3.70,0.0,18.1,12.3,49
1990-06-02,18.2,24.6,57,0.00,236,6.34,0.0,27.1,22.5,35
1990-06-03,19.7,25.8,69,0.00,220,5.55,0.0,34.7,21.0,57
1990-06-04,17.1,20.6,77,0.00,205,4.01,0.0,34.7,26.5,63
1990-06-05,13.9,16.3,69,0.00,253,3.31,0.0,25.3,20.3,47
1990-06-06,12.4,18.0,57,0.00,266,4.63,0.0,20.2,15.5,31
1990-06-07,13.3,17.8,72,2.70,208,4.05,3.0,18.6,11.8,55
1990-06-08,13.1,17.1,85,0.80,343,3.07,1.0,15.5,8.3,62
1990-06-09,14.3,18.3,85,0.40,193,2.99,1.0,12.0,8.8,67
1990-06-10,11.0,13.3,82,0.00,47,3.18,0.0,22.1,17.0,65
1990-06-11,10.2,13.0,76,0.00,45,3.34,0.0,21.9,18.5,62
1990-06-12,12.3,17.9,70,0.00,41,4.71,0.0,15.8,11.5,43
1990-06-13,17.5,25.1,58,0.00,208,6.04,0.0,18.9,16.9,37
1990-06-14,18.4,24.0,55,0.00,192,6.07,0.0,19.8,15.2,40
1990-06-15,19.7,25.3,71,0.00,218,5.38,0.0,21.7,18.9,48
1990-06-16,19.0,23.6,82,0.00,218,3.56,0.0,17.1,10.6,61
1990-06-17,19.0,24.0,87,0.30,198,4.00,2.0,17.2,7.8,69
1990-06-18,20.9,25.9,71,0.00,214,5.07,0.0,32.8,26.2,54
1990-06-19,15.5,20.9,83,12.50,227,1.94,15.0,31.0,20.3,66
1990-06-20,10.4,12.1,87,0.20,25,1.35,2.0,19.9,15.8,81
1990-06-21,11.0,13.0,87,0.00,27,1.58,0.0,12.4,11.0,80
1990-06-22,10.8,12.0,93,5.90,21,0.84,10.0,9.4,6.0,87
1990-06-23,12.4,15.3,91,0.20,88,1.74,2.0,18.1,9.5,81
1990-06-24,14.4,17.5,94,4.20,144,1.04,8.0,24.0,18.3,89
1990-06-25,19.3,24.1,83,0.00,231,3.78,0.0,18.1,13.4,55
1990-06-26,20.9,26.5,74,0.00,229,5.50,0.0,18.7,16.3,48
1990-06-27,21.5,26.7,67,0.00,214,5.97,0.0,25.1,20.2,43
1990-06-28,19.0,21.6,72,1.50,245,3.97,2.0,20.6,10.9,54
1990-06-29,17.2,21.2,60,0.00,260,4.26,0.0,16.6,12.6,48
1990-06-30,16.9,19.8,75,0.00,217,4.00,0.0,17.6,13.7,63
1990-07-01,14.8,17.2,76,0.00,74,2.30,0.0,12.0,9.0,62
1990-07-02,16.2,20.1,71,0.00,105,4.71,0.0,14.3,7.3,48
1990-07-03,17.9,23.9,62,0.00,180,5.05,0.0,15.9,13.3,46
1990-07-04,18.0,19.4,80,0.90,247,1.96,2.0,21.9,13.1,65
1990-07-05,17.2,19.9,63,0.50,300,5.01,2.0,18.7,15.7,36
1990-07-06,15.0,17.6,56,0.00,295,3.87,0.0,18.0,11.3,45
1990-07-07,14.9,16.9,69,0.00,44,3.52,0.0,11.3,6.3,53
1990-07-08,15.4,19.4,75,0.00,314,3.57,0.0,8.9,5.7,54
1990-07-09,15.7,17.2,80,7.00,197,1.71,9.0,27.0,19.9,62
1990-07-10,18.8,23.2,82,0.60,244,4.21,1.0,24.1,17.1,52
1990-07-11,16.9,19.3,59,0.00,285,4.01,0.0,24.8,19.4,49
1990-07-12,16.6,20.6,61,0.00,280,4.64,0.0,16.9,13.8,39
1990-07-13,17.1,22.2,62,0.00,286,4.70,0.0,11.4,7.0,40
1990-07-14,20.4,27.7,56,0.00,252,6.59,0.0,24.6,19.1,35
1990-07-15,22.9,28.4,56,0.00,260,6.38,0.0,23.1,14.8,41
1990-07-16,21.3,28.9,77,1.90,161,4.46,4.0,16.9,11.9,57
1990-07-17,23.7,27.6,71,0.00,260,5.06,0.0,16.7,12.0,43
1990-07-18,23.1,27.8,64,0.00,255,5.46,0.0,16.3,11.3,42
1990-07-19,24.1,29.0,67,5.70,233,5.48,4.0,22.1,16.1,49
1990-07-20,21.9,26.2,70,0.00,248,4.53,0.0,23.0,16.1,42
1990-07-21,20.5,23.3,74,0.00,256,4.11,0.0,14.8,9.5,51
1990-07-22,19.6,23.4,70,0.00,276,4.01,0.0,10.8,4.5,48
1990-07-23,19.1,21.3,85,22.20,129,1.54,8.0,20.7,10.9,71
1990-07-24,18.9,22.9,97,12.60,184,1.43,21.0,15.4,9.0,91
1990-07-25,20.0,23.6,97,12.60,204,1.87,23.0,20.0,15.0,87
1990-07-26,21.2,24.1,92,15.70,225,2.52,17.0,14.3,8.9,71
1990-07-27,21.1,23.1,87,0.70,28,3.28,2.0,15.3,10.1,79
1990-07-28,19.4,23.9,87,0.00,57,3.54,0.0,8.9,6.4,68
1990-07-29,23.3,28.7,77,0.00,222,5.08,0.0,10.9,8.1,44
1990-07-30,24.1,27.6,78,0.00,213,4.75,0.0,13.8,9.9,62
1990-07-31,22.1,24.4,81,0.00,161,3.34,0.0,15.0,12.3,66
1990-08-01,19.8,21.2,93,18.30,73,1.53,12.0,27.0,14.8,81
1990-08-02,16.5,18.3,92,27.90,313,1.03,24.0,32.9,25.9,70
1990-08-03,20.0,22.8,61,0.00,283,4.49,0.0,25.3,16.1,52
1990-08-04,20.6,25.2,78,0.00,225,4.40,0.0,12.9,8.2,65
1990-08-05,22.9,27.1,82,0.30,178,4.39,1.0,13.0,10.0,63
1990-08-06,22.0,25.4,77,0.00,201,4.13,0.0,13.4,10.4,58
1990-08-07,21.3,23.4,83,0.00,138,3.53,0.0,15.2,8.4,73
1990-08-08,21.0,24.3,88,2.70,144,2.62,5.0,15.0,10.7,79
1990-08-09,22.8,26.0,79,0.00,213,4.10,0.0,16.1,13.4,51
1990-08-10,22.6,26.7,75,0.00,218,4.43,0.0,15.3,12.6,54
1990-08-11,22.0,25.3,87,4.70,195,2.74,10.0,16.6,13.4,73
1990-08-12,21.6,24.0,93,17.90,203,1.64,17.0,22.0,16.3,80
1990-08-13,21.7,24.8,82,0.00,244,4.07,0.0,14.0,9.6,58
1990-08-14,19.7,21.1,90,4.70,189,1.36,11.0,25.5,18.6,77
1990-08-15,18.9,24.0,72,0.00,258,4.40,0.0,18.7,15.2,50
1990-08-16,19.3,21.6,76,0.00,246,3.61,0.0,14.8,11.3,59
1990-08-17,21.3,26.3,76,0.00,218,4.43,0.0,22.5,16.4,50
1990-08-18,22.7,28.1,80,8.00,222,4.22,4.0,25.5,20.1,59
1990-08-19,15.5,19.0,71,22.20,352,3.45,11.0,25.6,19.2,43
1990-08-20,14.9,18.4,60,0.00,344,4.32,0.0,14.3,10.6,45
1990-08-21,16.9,21.8,68,0.00,221,4.31,0.0,14.9,13.7,45
1990-08-22,18.5,24.2,67,0.00,235,4.74,0.0,19.2,15.8,46
1990-08-23,20.4,26.4,72,0.00,238,4.65,0.0,18.2,16.6,50
1990-08-24,19.1,21.7,76,0.00,61,3.88,0.0,16.9,12.8,66
1990-08-25,20.9,26.9,79,0.20,213,3.81,1.0,16.1,13.3,58
1990-08-26,22.0,25.2,81,0.00,255,3.90,0.0,14.5,8.9,67
1990-08-27,22.9,28.0,80,0.60,201,3.75,1.0,16.6,12.2,57
1990-08-28,19.5,22.2,92,10.00,228,2.05,10.0,14.6,12.5,79
1990-08-29,18.9,22.9,88,2.20,203,1.78,6.0,19.6,11.8,76
1990-08-30,18.2,20.9,73,0.00,312,3.61,0.0,15.4,8.3,45
1990-08-31,18.5,23.4,71,0.00,248,3.68,0.0,15.7,9.6,51
1990-09-01,18.8,23.3,77,0.00,142,3.73,0.0,17.3,11.3,57
1990-09-02,19.5,21.9,72,2.80,227,3.39,5.0,22.0,16.6,64
1990-09-03,15.6,18.4,66,2.90,34,3.44,7.0,27.6,21.4,57
1990-09-04,14.5,18.2,66,0.00,99,3.48,0.0,14.8,8.5,50
1990-09-05,15.5,20.1,72,0.70,227,2.71,2.0,22.7,17.3,65
1990-09-06,17.0,21.8,72,0.00,245,3.33,0.0,16.3,9.1,50
1990-09-07,17.6,19.4,90,14.70,212,1.21,7.0,22.8,18.5,78
1990-09-08,12.9,17.0,63,4.90,339,3.54,3.0,32.1,22.3,40
1990-09-09,13.9,19.1,63,0.00,214,3.72,0.0,23.3,17.0,46
1990-09-10,14.3,18.1,76,0.60,209,2.05,3.0,19.3,16.1,63
1990-09-11,15.1,18.3,79,0.20,291,2.19,1.0,15.8,12.8,49
1990-09-12,14.7,19.5,76,0.00,163,2.41,0.0,19.6,14.5,59
1990-09-13,15.6,18.1,75,1.20,284,2.64,3.0,21.7,18.0,47
1990-09-14,13.5,20.6,70,0.00,174,2.60,0.0,25.5,17.5,64
1990-09-15,18.0,20.5,85,3.50,169,1.79,7.0,28.2,23.0,77
1990-09-16,16.0,18.4,81,10.50,217,2.00,8.0,29.9,21.7,60
1990-09-17,12.5,14.6,70,0.00,307,1.69,0.0,10.9,8.8,62
1990-09-18,10.2,12.1,59,0.10,298,2.70,1.0,15.3,11.3,47
1990-09-19,10.2,12.6,71,0.20,297,1.54,1.0,16.6,11.7,57
1990-09-20,10.7,12.4,82,12.30,195,1.12,15.0,19.2,11.3,70
1990-09-21,11.5,15.9,78,9.50,317,2.35,9.0,27.1,20.3,50
1990-09-22,12.5,15.4,76,0.00,219,1.68,0.0,14.5,9.4,63
1990-09-23,13.8,16.9,90,12.20,152,0.78,12.0,32.9,20.5,78
1990-09-24,13.3,16.6,79,0.00,225,2.40,0.0,21.8,16.8,52
1990-09-25,12.5,16.5,69,0.00,216,2.57,0.0,17.0,14.0,52
1990-09-26,13.4,17.5,77,0.00,191,2.55,0.0,14.2,12.7,56
1990-09-27,14.2,18.8,78,0.00,195,2.36,0.0,13.5,11.9,61
1990-09-28,15.6,19.9,81,0.00,226,2.16,0.0,20.1,16.5,62
1990-09-29,13.9,16.4,84,1.30,283,1.22,5.0,16.8,12.6,73
1990-09-30,11.1,12.3,83,3.30,70,1.35,7.0,23.2,12.3,67
1990-10-01,13.8,15.5,80,4.00,173,1.76,8.0,25.0,19.3,53
1990-10-02,9.7,12.1,75,1.00,277,1.69,4.0,16.6,10.7,54
1990-10-03,8.3,10.3,65,0.00,301,2.24,0.0,32.4,24.1,46
1990-10-04,9.4,15.0,65,0.00,221,2.31,0.0,29.1,17.8,50
1990-10-05,13.4,16.7,80,6.40,213,2.19,8.0,32.2,22.7,54
1990-10-06,12.8,19.6,73,0.10,226,2.61,1.0,27.1,20.7,55
1990-10-07,14.4,17.1,76,1.50,242,1.46,6.0,31.0,14.7,69
1990-10-08,9.2,12.1,83,4.70,36,0.73,19.0,17.7,13.0,80
1990-10-09,8.7,10.2,89,12.90,65,0.48,24.0,22.1,14.8,80
1990-10-10,7.6,8.9,82,9.00,28,0.99,11.0,22.3,20.7,66
1990-10-11,9.3,11.4,73,1.40,120,1.25,8.0,19.2,16.8,66
1990-10-12,13.8,16.4,95,2.70,201,0.52,9.0,18.3,14.2,87
1990-10-13,17.1,19.6,96,0.80,206,0.78,5.0,21.3,16.6,90
1990-10-14,17.8,18.4,99,19.50,198,0.45,17.0,24.7,17.4,96
1990-10-15,13.7,17.4,90,0.30,234,1.32,1.0,25.7,13.3,77
1990-10-16,11.0,15.1,61,0.20,270,2.64,1.0,25.0,19.1,41
1990-10-17,10.0,14.1,62,0.00,250,2.34,0.0,24.2,19.3,49
1990-10-18,12.4,15.6,81,1.30,179,1.12,6.0,25.4,10.8,67
1990-10-19,14.9,18.2,82,7.50,191,1.49,7.0,42.5,31.4,72
1990-10-20,5.6,8.7,48,0.00,274,2.94,0.0,37.9,32.2,40
1990-10-21,5.2,9.3,57,0.00,266,2.04,0.0,23.2,13.4,44
1990-10-22,9.1,13.6,79,0.50,219,1.31,2.0,27.2,21.8,65
1990-10-23,8.0,11.9,77,2.40,351,1.35,7.0,18.1,12.9,56
1990-10-24,8.3,14.2,91,43.30,111,0.37,22.0,38.2,24.5,69
1990-10-25,6.7,13.7,78,1.60,316,1.19,3.0,26.8,14.5,63
1990-10-26,5.2,6.7,74,0.20,11,0.92,2.0,26.8,16.7,63
1990-10-27,2.7,4.2,67,1.90,13,1.32,10.0,33.9,29.2,60
1990-10-28,2.3,5.3,66,0.00,199,1.20,0.0,16.2,9.9,54
1990-10-29,5.3,7.3,88,6.10,97,0.49,14.0,29.8,17.9,79
1990-10-30,5.4,6.8,80,3.50,1,1.03,11.0,34.0,26.2,61
1990-10-31,3.9,6.0,66,0.00,310,1.54,0.0,33.9,25.9,49
1990-11-01,0.0,2.6,51,0.00,312,1.88,0.0,31.6,27.0,43
1990-11-02,0.2,2.5,58,0.00,291,1.23,0.0,23.6,16.4,49
1990-11-03,2.9,3.6,80,2.20,27,0.41,4.0,15.5,7.9,65
1990-11-04,5.7,12.8,91,3.30,208,0.39,9.0,22.2,13.5,84
1990-11-05,4.2,12.3,67,0.50,307,1.45,2.0,28.3,23.0,46
1990-11-06,2.1,3.8,74,10.70,86,0.82,7.0,36.4,21.8,65
1990-11-07,1.0,1.6,84,27.60,0,0.65,15.0,34.4,25.3,66
1990-11-08,-2.1,-0.2,79,0.00,305,0.69,0.0,28.3,18.0,63
1990-11-09,-1.5,2.7,73,0.00,308,1.05,0.0,31.3,26.2,67
1990-11-10,0.8,4.1,86,0.00,224,0.57,0.0,16.2,10.8,76
1990-11-11,5.2,9.5,88,18.60,175,0.56,14.0,41.2,31.0,69
1990-11-12,-1.1,1.3,62,0.10,257,1.44,1.0,43.6,39.3,58
1990-11-13,-1.6,3.1,65,0.00,259,1.22,0.0,37.6,32.8,61
1990-11-14,1.6,3.9,72,0.00,299,1.14,0.0,24.7,21.9,59
1990-11-15,1.5,5.8,72,0.00,243,1.03,0.0,24.5,19.3,61
1990-11-16,2.8,5.4,87,0.40,246,0.51,4.0,16.9,11.0,76
1990-11-17,3.6,5.7,97,2.70,1,0.20,9.0,21.4,12.9,91
1990-11-18,-0.9,0.2,91,22.40,19,0.23,24.0,29.0,25.0,89
1990-11-19,-1.0,0.8,90,30.90,17,0.30,24.0,33.4,29.5,88
1990-11-20,1.6,2.1,86,2.60,325,0.44,14.0,28.5,21.9,80
1990-11-21,0.6,1.1,87,2.90,337,0.32,15.0,23.7,17.9,81
1990-11-22,0.8,1.3,93,0.10,15,0.27,1.0,23.6,17.3,90
1990-11-23,0.9,2.0,97,0.50,12,0.27,3.0,6.9,3.1,93
1990-11-24,2.6,4.4,98,4.00,160,0.17,14.0,14.3,11.3,97
1990-11-25,3.0,5.0,81,2.10,225,0.87,5.0,27.9,22.5,59
1990-11-26,0.7,3.7,70,2.60,268,1.12,4.0,36.9,31.5,49
1990-11-27,-2.6,0.5,61,2.90,261,1.01,2.0,25.2,16.3,46
1990-11-28,4.3,8.2,98,5.30,221,0.32,7.0,20.2,15.1,94
1990-11-29,7.1,8.6,90,3.30,247,0.51,5.0,22.4,18.1,69
1990-11-30,-0.5,3.5,59,0.00,323,1.08,0.0,16.3,14.6,52
1990-12-01,-1.1,3.0,61,0.00,225,1.06,0.0,20.4,15.6,49
1990-12-02,1.7,5.8,82,0.00,230,0.72,0.0,20.7,15.3,64
1990-12-03,-2.5,1.9,57,0.00,333,1.06,0.0,23.9,18.1,48
1990-12-04,-2.8,0.9,72,22.30,112,0.55,15.0,36.4,22.9,52
1990-12-05,4.0,7.5,91,14.30,175,0.38,12.0,43.9,24.6,84
1990-12-06,-4.0,-1.1,75,0.00,258,0.62,0.0,21.9,19.6,60
1990-12-07,-2.4,-0.1,74,0.00,226,0.69,0.0,21.1,14.3,58
1990-12-08,-1.9,0.8,91,3.20,122,0.21,8.0,13.8,9.3,76
1990-12-09,-0.2,1.0,89,9.40,344,0.44,13.0,24.6,17.3,75
1990-12-10,-1.0,2.6,79,0.00,253,0.55,0.0,22.7,15.2,71
1990-12-11,-7.4,-3.0,59,0.00,303,0.87,0.0,32.5,28.7,50
1990-12-12,-9.7,-7.1,60,0.00,287,0.71,0.0,25.7,20.9,48
1990-12-13,-3.9,4.9,74,1.10,182,0.45,5.0,30.3,19.0,53
1990-12-14,-6.8,3.4,66,0.00,288,0.63,0.0,33.2,27.3,48
1990-12-15,-9.0,-3.3,54,0.00,244,0.80,0.0,24.5,19.0,44
1990-12-16,-1.8,1.9,86,17.40,68,0.17,22.0,33.7,21.1,63
1990-12-17,0.6,1.7,89,8.60,344,0.37,18.0,39.2,30.4,78
1990-12-18,-1.1,3.5,82,5.10,222,0.40,7.0,27.3,17.3,74
1990-12-19,2.9,4.9,89,15.90,246,0.47,13.0,24.0,20.5,71
1990-12-20,-8.3,-2.4,62,0.00,313,0.69,0.0,27.4,20.5,50
1990-12-21,-6.3,1.1,70,0.00,222,0.52,0.0,30.6,16.8,55
1990-12-22,0.4,1.8,97,29.00,48,0.10,23.0,21.1,14.7,89
1990-12-23,3.2,9.4,99,11.80,221,0.13,14.0,35.8,17.5,96
1990-12-24,-0.2,5.2,92,29.60,27,0.15,16.0,31.5,17.5,85
1990-12-25,-9.1,-3.7,72,0.60,272,0.50,2.0,28.3,19.0,56
1990-12-26,-5.9,-1.4,70,0.00,223,0.68,0.0,27.4,20.7,56
1990-12-27,-15.5,-10.3,68,0.00,272,0.38,0.0,24.1,20.3,54
1990-12-28,-16.8,-13.0,72,0.00,269,0.26,0.0,17.0,10.2,62
1990-12-29,-6.8,0.1,78,3.90,192,0.36,4.0,21.3,14.5,64
1990-12-30,3.1,3.8,97,8.80,222,0.16,16.0,24.9,19.2,95
1990-12-31,-4.9,2.1,79,11.40,324,0.40,16.0,29.7,20.7,55
1991-01-01,-15.4,-12.2,64,0.00,269,0.43,0.0,20.0,15.5,53
1991-01-02,-5.7,0.8,71,0.00,220,0.63,0.0,30.0,21.9,56
1991-01-03,-10.8,-3.1,70,0.00,314,0.40,0.0,17.4,13.5,55
1991-01-04,-14.3,-7.4,67,0.00,240,0.44,0.0,17.2,13.6,58
1991-01-05,-8.0,-4.4,70,0.00,234,0.59,0.0,20.7,16.0,58
1991-01-06,-5.7,-3.9,79,0.80,246,0.43,5.0,12.4,9.1,69
1991-01-07,-13.7,-7.2,66,0.00,320,0.38,0.0,20.5,15.4,49
1991-01-08,-20.8,-17.7,59,0.00,307,0.34,0.0,22.0,18.9,48
1991-01-09,-18.3,-10.9,63,0.00,226,0.33,0.0,17.0,9.2,48
1991-01-10,-9.6,-6.7,76,5.80,283,0.41,12.0,30.3,18.5,54
1991-01-11,-19.6,-16.9,59,0.00,304,0.41,0.0,30.8,27.5,51
1991-01-12,-17.5,-10.4,73,4.30,3,0.21,6.0,20.0,10.7,64
1991-01-13,-8.2,-7.1,82,8.70,357,0.35,15.0,21.1,18.5,65
1991-01-14,-13.3,-9.0,72,0.00,267,0.42,0.0,20.2,14.8,60
1991-01-15,-11.7,-10.3,81,0.80,47,0.26,5.0,15.3,9.2,69
1991-01-16,-10.9,-3.5,84,0.00,172,0.24,0.0,14.7,9.7,80
1991-01-17,-0.4,2.3,88,21.90,236,0.48,16.0,26.4,19.3,73
1991-01-18,-5.9,-2.8,73,0.00,273,0.62,0.0,20.2,15.9,59
1991-01-19,-11.5,-5.3,67,0.20,290,0.49,2.0,33.6,21.2,50
1991-01-20,-9.4,0.3,80,3.70,205,0.44,15.0,18.4,14.3,69
1991-01-21,-15.9,-8.5,71,0.00,2,0.33,0.0,23.2,20.2,60
1991-01-22,-20.5,-17.2,66,0.00,306,0.30,0.0,18.9,14.6,51
1991-01-23,-20.5,-15.2,68,0.00,238,0.28,0.0,17.9,12.2,57
1991-01-24,-5.6,-0.2,79,0.90,190,0.63,7.0,23.7,20.1,69
1991-01-25,-15.3,-4.2,62,0.00,272,0.44,0.0,32.8,26.1,45
1991-01-26,-21.5,-13.6,65,0.00,249,0.36,0.0,23.1,18.7,55
1991-01-27,-12.0,-4.7,74,0.00,213,0.56,0.0,18.1,15.1,61
1991-01-28,-4.1,1.6,80,3.20,209,0.55,6.0,29.8,20.1,59
1991-01-29,-5.0,-2.6,68,0.00,250,0.86,0.0,25.7,17.9,48
1991-01-30,-8.5,-2.3,80,4.60,105,0.38,11.0,19.7,13.1,64
1991-01-31,-9.9,-8.4,82,12.40,356,0.31,18.0,27.5,21.8,66
1991-02-01,-15.3,-11.4,60,0.00,283,0.54,0.0,27.1,23.3,46
1991-02-02,-15.7,-5.2,66,0.20,237,0.48,2.0,35.1,23.0,59
1991-02-03,-1.3,4.7,74,0.30,247,1.01,1.0,27.9,20.0,64
1991-02-04,-6.9,1.2,76,0.00,78,0.52,0.0,20.4,16.4,69
1991-02-05,-2.3,2.0,88,0.00,202,0.43,0.0,17.1,12.9,77
1991-02-06,-4.8,-2.4,76,0.00,41,0.75,0.0,16.5,11.6,56
1991-02-07,-5.1,1.0,69,0.20,197,0.82,1.0,19.5,13.7,60
1991-02-08,-0.2,3.2,86,1.30,236,0.77,4.0,17.8,13.0,65
1991-02-09,-0.2,3.9,83,0.00,233,0.90,0.0,19.2,15.3,66
1991-02-10,-2.8,0.7,80,0.10,210,0.70,1.0,16.6,11.8,67
1991-02-11,-7.9,-2.5,66,0.50,346,0.86,3.0,21.3,10.2,41
1991-02-12,-13.9,-9.2,64,0.30,329,0.51,3.0,21.4,14.9,47
1991-02-13,-16.7,-10.0,61,0.00,277,0.60,0.0,15.5,13.2,47
1991-02-14,-13.7,-9.3,75,8.20,109,0.42,5.0,31.5,14.5,67
1991-02-15,-1.0,5.4,89,8.80,159,0.77,11.0,31.3,14.5,75
1991-02-16,-0.8,1.1,81,0.60,228,0.86,2.0,22.4,18.6,55
1991-02-17,-10.8,-4.3,69,0.00,235,0.69,0.0,21.6,18.4,58
1991-02-18,-9.7,-5.3,67,0.00,259,0.84,0.0,18.8,17.1,47
1991-02-19,-9.1,-4.1,75,0.90,209,0.65,3.0,18.5,12.0,58
1991-02-20,1.5,6.2,87,8.00,228,0.79,16.0,21.4,17.8,66
1991-02-21,-2.0,1.3,70,0.00,294,1.16,0.0,21.4,14.7,53
1991-02-22,-1.3,3.6,82,3.40,206,0.79,7.0,18.2,13.5,73
1991-02-23,-10.0,0.7,60,0.30,301,0.80,2.0,38.4,31.9,43
1991-02-24,-14.4,-8.7,61,0.00,265,0.70,0.0,24.3,15.5,47
1991-02-25,-10.3,-5.8,75,0.90,208,0.76,5.0,12.3,6.2,59
1991-02-26,-10.7,-6.1,75,0.00,186,0.78,0.0,10.8,6.4,48
1991-02-27,-11.2,-8.1,85,0.00,71,0.55,0.0,10.2,6.7,72
1991-02-28,-9.0,-3.7,70,0.00,258,0.90,0.0,20.2,14.7,46
1991-03-01,-6.5,1.1,74,0.00,195,0.78,0.0,11.5,9.6,62
1991-03-02,2.8,9.1,94,9.50,192,0.44,7.0,37.4,19.9,86
1991-03-03,1.9,8.6,86,3.90,343,0.68,4.0,32.3,20.2,71
1991-03-04,-7.4,-5.2,80,27.60,61,0.40,14.0,34.2,26.7,71
1991-03-05,-2.2,-0.3,93,13.30,337,0.37,24.0,17.3,8.1,83
1991-03-06,-3.5,3.5,70,0.00,261,1.45,0.0,20.2,15.0,51
1991-03-07,-2.4,1.3,82,0.00,154,1.07,0.0,20.2,12.0,71
1991-03-08,-1.2,0.3,90,31.90,12,0.38,23.0,27.2,20.4,84
1991-03-09,0.5,1.8,90,10.10,340,0.56,24.0,22.5,19.4,83
1991-03-10,-0.2,0.4,91,3.80,22,0.60,18.0,27.1,19.4,84
1991-03-11,-1.1,-0.4,90,15.10,34,0.51,24.0,44.0,32.4,79
1991-03-12,-0.5,0.9,81,17.10,355,0.80,22.0,47.0,42.3,71
1991-03-13,0.5,1.0,92,19.70,5,0.52,24.0,33.5,30.9,88
1991-03-14,-1.9,0.7,83,0.30,42,1.08,1.0,28.5,18.4,74
1991-03-15,-5.7,-3.8,85,0.00,32,0.65,0.0,27.1,21.7,80
1991-03-16,-5.4,-1.3,76,0.00,8,1.26,0.0,19.7,16.3,57
1991-03-17,-4.9,0.7,76,0.00,325,1.51,0.0,12.0,9.1,56
1991-03-18,-0.5,6.5,73,0.00,235,1.92,0.0,16.5,12.8,45
1991-03-19,1.1,3.0,89,11.30,125,0.58,10.0,31.2,18.9,74
1991-03-20,1.9,4.5,85,1.20,258,1.05,8.0,28.5,17.5,63
1991-03-21,-5.5,-1.9,56,0.00,298,1.65,0.0,27.6,24.2,41
1991-03-22,-6.5,-1.8,56,0.00,301,1.64,0.0,17.3,12.9,42
1991-03-23,-6.7,-0.5,60,0.00,326,1.76,0.0,18.0,10.9,40
1991-03-24,-3.8,-2.2,77,3.50,96,0.79,11.0,19.7,13.5,68
1991-03-25,-4.5,-1.7,81,0.00,27,1.27,0.0,19.2,16.4,64
1991-03-26,-3.3,2.5,72,0.00,5,1.84,0.0,12.6,9.9,53
1991-03-27,-1.3,6.3,72,0.00,198,2.00,0.0,17.7,7.9,55
1991-03-28,2.1,5.9,87,15.50,173,0.55,14.0,26.6,21.0,67
1991-03-29,4.3,7.8,75,0.60,229,2.02,3.0,26.4,21.8,50
1991-03-30,-1.4,4.0,74,2.10,353,0.84,7.0,13.7,10.8,60
1991-03-31,-3.5,2.1,56,0.00,277,2.06,0.0,15.9,10.7,35
1991-04-01,-3.1,1.2,68,0.20,126,1.54,1.0,16.8,10.5,54
1991-04-02,-0.8,4.4,76,5.50,272,1.60,9.0,12.1,8.2,48
1991-04-03,-0.1,3.2,69,0.00,276,1.99,0.0,13.3,9.9,51
1991-04-04,2.1,10.2,64,0.00,249,2.56,0.0,18.2,15.2,50
1991-04-05,7.4,14.4,61,0.00,243,3.30,0.0,24.2,21.1,40
1991-04-06,6.1,8.8,93,4.80,243,1.19,13.0,18.7,14.5,77
1991-04-07,-0.1,5.5,90,0.00,38,0.72,0.0,16.6,14.2,80
1991-04-08,0.6,5.3,93,6.90,157,0.74,12.0,14.6,9.4,85
1991-04-09,-0.1,2.1,98,11.40,46,0.32,13.0,19.4,11.6,94
1991-04-10,-0.8,0.6,93,13.40,68,0.40,17.0,19.3,16.1,88
1991-04-11,0.2,2.1,95,7.80,338,0.81,16.0,17.5,8.0,89
1991-04-12,-1.4,-0.2,73,0.90,353,1.33,5.0,25.2,20.3,52
1991-04-13,-1.0,5.8,56,0.00,291,2.52,0.0,16.3,10.8,39
1991-04-14,-0.3,4.6,68,0.00,2,2.25,0.0,15.8,10.4,40
1991-04-15,2.6,7.1,61,0.00,293,2.85,0.0,18.8,13.5,41
1991-04-16,-1.2,0.3,74,0.00,82,1.06,0.0,17.7,14.6,65
1991-04-17,-1.5,1.4,74,0.00,57,2.01,0.0,11.8,9.4,60
1991-04-18,-1.4,2.8,70,0.00,93,2.23,0.0,14.0,7.8,50
1991-04-19,-1.3,3.7,76,0.00,55,2.27,0.0,12.5,9.5,55
1991-04-20,0.8,5.8,75,0.00,69,2.24,0.0,11.2,6.0,54
1991-04-21,0.3,1.6,85,0.70,48,0.66,5.0,24.9,15.0,77
1991-04-22,2.5,3.4,97,31.10,87,0.43,24.0,34.6,26.9,95
1991-04-23,6.7,10.7,84,0.60,183,2.03,1.0,24.2,19.0,58
1991-04-24,8.3,14.7,75,0.00,224,2.74,0.0,17.1,13.6,47
1991-04-25,6.4,10.6,76,0.00,0,2.66,0.0,16.2,12.3,59
1991-04-26,6.2,17.3,68,0.00,227,3.75,0.0,20.8,9.9,37
1991-04-27,6.6,12.5,62,0.60,341,3.13,3.0,18.9,15.4,45
1991-04-28,4.2,9.4,65,0.00,12,2.93,0.0,11.5,8.2,40
1991-04-29,3.5,6.0,65,0.00,16,2.72,0.0,15.9,12.6,55
1991-04-30,2.5,8.0,67,0.00,81,2.98,0.0,16.6,7.0,45
1991-05-01,3.1,10.5,83,2.70,174,1.08,6.0,18.0,13.5,74
1991-05-02,9.3,15.5,84,1.00,201,2.56,3.0,18.5,14.8,57
1991-05-03,5.9,9.4,98,25.90,69,0.43,24.0,37.0,22.2,90
1991-05-04,4.0,5.0,94,6.10,29,0.75,15.0,37.4,25.5,88
1991-05-05,7.3,11.7,82,0.00,354,2.23,0.0,17.6,14.0,63
1991-05-06,5.3,7.7,81,0.00,81,2.24,0.0,16.0,9.8,66
1991-05-07,8.6,15.6,90,11.20,174,1.37,15.0,28.2,19.5,73
1991-05-08,10.3,14.5,71,1.10,261,3.12,3.0,20.9,18.6,50
1991-05-09,7.9,10.9,68,0.00,346,3.35,0.0,16.3,13.0,49
1991-05-10,7.6,12.3,68,0.00,77,3.66,0.0,15.4,10.0,48
1991-05-11,10.2,17.0,63,0.00,214,4.07,0.0,19.5,10.7,38
1991-05-12,12.7,18.2,63,6.20,228,3.64,7.0,32.2,26.6,46
1991-05-13,11.4,17.9,58,0.00,278,4.01,0.0,23.8,17.0,40
1991-05-14,8.6,14.7,52,0.00,320,4.10,0.0,25.2,16.8,39
1991-05-15,8.1,13.6,62,0.00,162,3.49,0.0,15.4,7.8,37
1991-05-16,10.1,19.4,73,0.40,231,2.87,1.0,18.9,10.5,50
1991-05-17,9.6,13.9,98,24.30,327,0.48,21.0,16.1,9.1,90
1991-05-18,5.2,7.9,61,2.00,31,2.65,4.0,27.5,19.0,45
1991-05-19,6.6,14.4,60,0.00,250,3.80,0.0,14.5,11.4,34
1991-05-20,12.3,19.8,56,0.00,253,4.87,0.0,16.2,11.6,39
1991-05-21,16.1,23.8,55,0.00,242,5.34,0.0,24.6,21.5,36
1991-05-22,10.0,16.0,64,0.00,34,3.57,0.0,27.9,16.4,48
1991-05-23,5.8,8.8,59,0.00,45,3.60,0.0,17.1,13.6,46
1991-05-24,11.9,22.5,83,11.30,223,2.13,10.0,29.1,20.7,68
1991-05-25,18.9,20.9,72,0.00,289,4.67,0.0,24.7,19.5,38
1991-05-26,12.7,18.1,58,0.00,46,4.83,0.0,18.1,9.5,42
1991-05-27,10.8,13.7,80,2.40,343,1.55,5.0,12.9,7.6,72
1991-05-28,10.3,11.8,94,10.30,165,0.77,18.0,14.6,11.0,83
1991-05-29,12.5,16.9,75,0.00,360,3.79,0.0,15.7,11.2,46
1991-05-30,11.7,15.8,66,0.00,70,3.85,0.0,15.7,9.4,45
1991-05-31,9.8,12.2,69,0.00,107,3.09,0.0,19.6,16.9,57
1991-06-01,8.6,12.1,82,2.20,97,1.23,8.0,14.3,10.1,73
1991-06-02,11.1,13.7,80,1.00,255,3.03,3.0,15.3,11.1,65
1991-06-03,10.6,12.1,75,0.00,28,2.68,0.0,16.3,11.7,65
1991-06-04,9.5,11.1,76,0.00,42,2.91,0.0,21.2,13.1,67
1991-06-05,9.3,11.5,74,0.00,33,2.05,0.0,31.5,21.8,64
1991-06-06,11.4,15.9,73,0.00,24,3.67,0.0,15.6,11.2,57
1991-06-07,17.0,25.6,61,0.00,240,5.92,0.0,21.4,18.0,36
1991-06-08,17.1,20.6,60,0.00,266,5.14,0.0,23.4,18.1,48
1991-06-09,13.5,18.3,58,0.00,344,4.70,0.0,16.6,9.1,38
1991-06-10,19.2,26.5,54,0.00,234,6.38,0.0,28.1,23.3,40
1991-06-11,22.2,27.1,66,0.50,231,5.51,1.0,24.9,18.9,52
1991-06-12,16.5,20.5,88,0.60,11,2.64,3.0,14.5,9.1,80
1991-06-13,10.3,12.2,97,23.70,5,0.77,22.0,29.5,17.3,92
1991-06-14,8.7,11.0,74,3.60,345,2.10,12.0,39.5,32.4,56
1991-06-15,11.2,16.2,62,0.00,335,4.64,0.0,16.5,13.1,49
1991-06-16,11.9,17.7,67,0.00,91,4.53,0.0,16.2,8.0,46
1991-06-17,13.1,16.1,77,0.00,85,3.66,0.0,13.4,8.7,58
1991-06-18,17.1,22.9,67,0.00,218,5.43,0.0,21.4,14.9,45
1991-06-19,21.0,27.7,67,0.00,219,6.10,0.0,22.1,19.7,46
1991-06-20,21.4,27.4,60,0.60,241,6.10,2.0,21.5,16.7,45
1991-06-21,19.0,22.4,67,0.00,295,4.68,0.0,17.5,13.6,49
1991-06-22,14.0,16.5,75,0.30,18,2.86,1.0,16.4,12.7,65
1991-06-23,13.9,17.8,77,0.60,101,3.71,4.0,9.3,5.5,60
1991-06-24,17.1,21.6,73,0.00,150,4.88,0.0,10.5,8.4,47
1991-06-25,19.2,24.8,63,0.00,242,5.07,0.0,13.4,7.7,39
1991-06-26,20.9,25.2,65,0.00,231,4.99,0.0,21.7,15.6,46
1991-06-27,18.3,22.1,75,0.10,2,4.95,1.0,18.3,12.1,53
1991-06-28,20.2,25.2,85,13.10,221,2.99,7.0,16.9,14.4,79
1991-06-29,19.5,23.4,65,0.00,307,4.89,0.0,34.2,24.2,45
1991-06-30,15.8,18.1,54,0.00,320,4.44,0.0,22.6,12.6,43
1991-07-01,13.5,16.1,56,0.00,297,4.19,0.0,29.0,18.8,39
1991-07-02,13.8,16.8,62,0.00,303,3.14,0.0,20.0,15.5,54
1991-07-03,14.6,18.0,67,0.00,34,4.28,0.0,13.8,8.6,48
1991-07-04,16.8,23.1,66,0.00,155,5.00,0.0,13.2,8.6,44
1991-07-05,20.2,25.1,64,0.00,215,4.88,0.0,15.1,11.9,45
1991-07-06,19.4,22.6,64,0.00,242,4.49,0.0,16.6,12.4,49
1991-07-07,17.8,22.0,76,0.00,199,2.99,0.0,13.0,9.5,59
1991-07-08,18.0,19.7,80,0.70,202,2.19,4.0,20.3,17.4,75
1991-07-09,16.4,18.3,78,9.00,249,2.93,9.0,27.0,19.9,56
1991-07-10,14.3,17.9,70,1.50,268,2.98,6.0,27.0,23.2,60
1991-07-11,14.5,17.5,70,0.10,282,2.51,1.0,22.6,17.0,64
1991-07-12,16.3,19.9,74,0.00,311,3.99,0.0,14.6,12.1,57
1991-07-13,18.1,23.9,75,0.10,171,4.05,1.0,17.9,10.6,52
1991-07-14,16.9,20.4,89,12.60,189,1.53,17.0,17.0,11.7,64
1991-07-15,17.5,22.7,86,3.00,329,3.97,7.0,13.8,8.8,59
1991-07-16,21.0,27.8,63,0.00,250,6.09,0.0,21.5,16.4,35
1991-07-17,22.5,27.6,63,1.90,241,5.31,2.0,24.2,18.4,50
1991-07-18,21.7,26.0,76,1.40,266,4.74,6.0,14.2,8.4,46
1991-07-19,23.4,27.1,69,0.00,227,5.60,0.0,16.0,10.7,50
1991-07-20,26.2,31.8,65,0.00,231,6.20,0.0,22.0,18.1,48
1991-07-21,22.8,27.1,79,3.10,260,2.63,5.0,14.9,6.5,65
1991-07-22,19.1,21.0,69,0.10,345,4.75,1.0,24.1,14.9,45
1991-07-23,17.7,22.7,70,1.10,179,3.82,3.0,18.0,9.9,49
1991-07-24,19.4,25.5,74,1.40,236,4.25,4.0,20.2,13.5,41
1991-07-25,20.8,26.0,69,0.00,227,4.28,0.0,13.6,8.7,44
1991-07-26,21.2,26.1,75,0.00,190,4.58,0.0,15.8,8.0,50
1991-07-27,20.2,23.0,79,7.20,187,3.22,9.0,19.2,9.9,59
1991-07-28,20.6,24.7,66,0.10,283,5.01,1.0,16.9,12.3,37
1991-07-29,20.2,24.9,63,0.00,314,5.38,0.0,13.7,10.6,46
1991-07-30,20.2,24.0,73,0.00,118,4.77,0.0,14.8,10.3,55
1991-07-31,19.8,22.6,75,0.50,145,3.49,2.0,14.0,11.3,59
1991-08-01,19.4,22.9,82,1.30,157,3.36,7.0,12.7,9.2,67
1991-08-02,19.3,21.8,86,13.00,207,2.93,13.0,17.2,11.0,75
1991-08-03,16.5,19.2,85,0.50,7,2.32,4.0,21.9,17.3,77
1991-08-04,15.7,17.4,82,0.70,57,2.17,6.0,18.8,14.3,74
1991-08-05,15.6,16.5,87,11.20,93,1.52,18.0,26.0,20.0,78
1991-08-06,16.8,23.0,77,16.90,355,3.98,10.0,24.6,18.3,46
1991-08-07,20.9,26.4,59,0.00,294,5.73,0.0,18.6,16.1,39
1991-08-08,20.6,23.8,63,0.00,349,5.32,0.0,18.8,12.3,49
1991-08-09,20.2,25.5,69,0.00,178,4.58,0.0,14.5,9.2,50
1991-08-10,19.6,21.7,75,1.10,178,2.73,2.0,21.4,14.8,67
1991-08-11,19.1,23.4,87,30.60,143,2.97,18.0,34.3,22.0,68
1991-08-12,18.4,22.3,82,0.30,350,2.72,2.0,14.9,10.8,61
1991-08-13,22.7,29.4,70,0.00,245,5.35,0.0,19.8,16.4,50
1991-08-14,24.2,28.5,72,1.20,256,5.00,2.0,17.8,14.0,62
1991-08-15,23.1,26.9,84,0.50,236,3.87,1.0,17.1,10.5,67
1991-08-16,22.2,24.0,73,0.70,241,4.13,4.0,22.4,16.0,56
1991-08-17,20.3,25.6,73,0.00,189,4.37,0.0,21.9,8.9,53
1991-08-18,22.5,26.6,74,1.50,212,4.64,2.0,31.9,27.0,59
1991-08-19,16.6,20.4,85,15.00,25,1.29,13.0,25.5,15.5,72
1991-08-20,15.9,18.1,86,22.00,67,1.83,14.0,39.6,28.5,66
1991-08-21,14.8,16.6,78,9.70,88,1.59,9.0,21.8,12.8,67
1991-08-22,19.4,23.4,87,1.50,207,2.97,7.0,22.2,18.5,64
1991-08-23,19.4,22.0,78,0.10,247,3.39,1.0,20.2,18.4,58
1991-08-24,15.4,17.2,65,0.00,29,3.97,0.0,17.9,13.7,50
1991-08-25,15.6,20.2,66,0.00,218,3.93,0.0,16.6,7.6,45
1991-08-26,17.5,22.9,62,0.00,225,4.71,0.0,27.0,23.8,54
1991-08-27,20.0,22.8,78,4.40,243,3.06,5.0,30.5,15.8,61
1991-08-28,18.5,22.1,80,0.00,196,3.33,0.0,11.6,5.7,59
1991-08-29,20.1,24.2,76,0.10,277,3.78,1.0,13.7,9.2,53
1991-08-30,23.4,28.9,67,0.20,240,5.15,1.0,26.3,21.8,54
1991-08-31,18.6,22.9,94,35.90,301,0.84,24.0,27.2,16.6,83
1991-09-01,11.9,13.7,62,1.20,348,3.42,9.0,34.9,27.4,44
1991-09-02,13.0,17.5,59,0.00,306,3.89,0.0,21.5,15.7,39
1991-09-03,16.2,22.9,67,0.00,246,4.03,0.0,19.5,16.8,51
1991-09-04,18.7,24.3,72,0.00,237,3.86,0.0,30.8,21.8,57
1991-09-05,17.3,20.8,77,0.00,82,3.06,0.0,11.5,7.3,63
1991-09-06,16.3,18.1,84,0.20,63,2.45,1.0,16.7,12.4,69
1991-09-07,15.2,17.8,80,1.10,47,2.61,7.0,17.8,14.1,62
1991-09-08,16.0,22.1,74,0.00,307,3.43,0.0,25.5,13.0,48
1991-09-09,13.3,16.7,55,0.00,306,4.04,0.0,24.0,18.8,42
1991-09-10,14.5,20.4,68,2.60,236,2.84,3.0,23.7,14.6,53
1991-09-11,15.0,18.5,87,6.80,322,1.09,18.0,23.9,17.9,61
1991-09-12,11.9,13.4,63,0.00,309,2.75,0.0,26.5,22.1,55
1991-09-13,13.0,15.4,69,0.00,320,2.22,0.0,18.0,14.6,62
1991-09-14,13.7,16.5,78,0.30,9,2.15,2.0,10.8,6.5,61
1991-09-15,14.0,17.0,83,0.00,116,2.13,0.0,14.8,7.8,65
1991-09-16,14.2,17.2,89,10.80,188,0.94,11.0,19.8,15.7,81
1991-09-17,19.5,25.5,85,3.60,223,2.75,3.0,27.5,21.7,57
1991-09-18,16.5,20.6,64,0.00,271,3.68,0.0,21.6,14.9,50
1991-09-19,15.6,18.3,90,24.00,211,0.72,18.0,26.1,15.8,76
1991-09-20,11.0,12.8,84,11.20,303,0.80,19.0,15.6,10.0,63
1991-09-21,10.3,13.0,64,1.30,317,2.56,4.0,20.3,15.9,56
1991-09-22,10.5,15.2,64,0.00,273,3.07,0.0,20.4,17.0,47
1991-09-23,12.3,17.4,74,0.00,214,2.60,0.0,26.7,20.6,57
1991-09-24,15.3,18.2,77,1.90,221,2.61,6.0,26.8,18.1,53
1991-09-25,12.8,17.1,84,22.50,116,0.62,12.0,39.2,17.0,69
1991-09-26,12.1,17.2,95,42.50,10,0.32,21.0,34.1,15.8,90
1991-09-27,12.1,14.2,86,12.90,243,1.29,6.0,18.5,13.8,65
1991-09-28,10.9,13.7,67,0.00,265,2.52,0.0,24.6,15.1,44
1991-09-29,8.3,10.6,68,0.00,255,1.99,0.0,14.6,13.4,47
1991-09-30,7.4,9.4,67,7.80,344,1.94,11.0,29.0,19.2,44
1991-10-01,6.4,10.1,75,2.20,215,1.02,9.0,27.5,17.6,61
1991-10-02,11.1,13.3,92,6.20,204,0.67,20.0,21.3,10.3,85
1991-10-03,15.9,19.3,89,1.70,209,1.53,3.0,27.2,23.2,74
1991-10-04,15.0,17.4,81,0.00,264,1.86,0.0,17.4,11.7,59
1991-10-05,12.3,14.7,81,0.00,102,1.51,0.0,20.7,10.0,74
1991-10-06,13.3,16.5,78,0.00,156,2.22,0.0,26.7,21.1,64
1991-10-07,13.6,15.6,80,13.00,206,1.69,14.0,30.9,22.2,47
1991-10-08,7.7,10.3,56,0.10,262,2.36,1.0,28.7,21.6,43
1991-10-09,8.4,14.0,65,0.00,221,2.38,0.0,23.1,15.4,51
1991-10-10,13.2,17.4,76,0.00,211,2.19,0.0,28.7,25.0,59
1991-10-11,13.1,14.6,86,10.80,186,1.00,15.0,26.3,17.4,70
1991-10-12,12.3,14.1,97,33.10,153,0.50,22.0,23.8,16.8,92
1991-10-13,9.0,11.8,66,0.00,234,2.22,0.0,29.1,21.6,42
1991-10-14,7.2,9.5,72,0.40,287,1.53,2.0,20.5,15.9,61
1991-10-15,8.1,10.2,77,0.00,54,1.31,0.0,16.1,11.3,64
1991-10-16,9.8,13.0,85,8.20,163,0.85,10.0,32.2,22.8,74
1991-10-17,9.5,12.9,84,12.60,352,1.56,7.0,19.6,10.7,63
1991-10-18,10.4,12.4,94,4.60,101,0.35,7.0,19.7,11.9,85
1991-10-19,11.2,12.5,94,0.20,334,0.64,2.0,16.6,10.8,86
1991-10-20,6.9,10.5,84,11.90,333,0.78,15.0,27.2,16.9,52
1991-10-21,3.2,5.9,56,0.00,286,1.97,0.0,21.4,18.2,42
1991-10-22,5.2,7.8,83,8.00,201,0.67,12.0,18.8,13.8,61
1991-10-23,5.1,7.2,84,0.00,299,0.79,0.0,17.7,12.8,66
1991-10-24,8.8,15.4,80,0.00,216,1.63,0.0,24.0,19.3,68
1991-10-25,12.2,16.5,80,0.00,227,1.80,0.0,25.8,23.7,70
1991-10-26,13.7,15.4,92,1.20,232,0.77,4.0,26.3,22.3,84
1991-10-27,9.2,14.8,88,7.40,58,0.51,10.0,22.8,18.4,75
1991-10-28,4.8,6.5,85,19.70,25,0.78,21.0,42.0,35.1,63
1991-10-29,3.1,4.0,60,0.50,22,1.91,3.0,39.6,37.6,57
1991-10-30,5.6,7.2,67,0.00,43,1.78,0.0,38.3,35.2,64
1991-10-31,8.4,9.7,81,0.10,83,1.02,1.0,26.8,22.5,75
1991-11-01,8.4,8.8,89,3.30,51,0.55,7.0,29.1,23.8,86
1991-11-02,8.8,9.7,97,7.80,7,0.26,18.0,26.2,15.8,90
1991-11-03,10.3,12.3,97,1.70,209,0.31,5.0,20.4,14.2,96
1991-11-04,8.5,11.6,85,4.60,271,0.53,14.0,15.7,9.5,58
1991-11-05,3.1,5.1,60,0.00,295,1.21,0.0,14.3,10.1,48
1991-11-06,1.9,4.2,64,0.00,238,1.16,0.0,17.4,9.3,45
1991-11-07,5.3,8.4,80,5.80,173,0.84,5.0,22.1,16.7,66
1991-11-08,4.2,7.2,85,11.20,329,0.59,10.0,24.9,15.1,56
1991-11-09,-0.4,1.7,54,0.00,346,1.24,0.0,19.4,12.9,47
1991-11-10,0.2,3.2,70,0.00,27,0.77,0.0,7.1,4.3,58
1991-11-11,2.6,3.5,84,29.40,56,0.48,17.0,47.2,29.9,73
1991-11-12,3.9,5.1,96,13.30,18,0.20,23.0,44.1,29.7,93
1991-11-13,2.2,3.1,85,0.70,340,0.46,5.0,31.4,17.7,79
1991-11-14,3.3,3.8,94,6.50,346,0.23,18.0,22.7,14.4,89
1991-11-15,2.7,5.3,83,0.30,309,0.78,2.0,23.0,16.8,64
1991-11-16,3.7,5.2,85,3.40,256,0.60,8.0,20.5,15.2,69
1991-11-17,1.3,2.9,72,2.00,326,1.02,6.0,29.8,25.5,64
1991-11-18,1.0,3.8,69,0.00,315,1.20,0.0,27.3,21.0,60
1991-11-19,3.1,7.4,63,0.00,265,1.32,0.0,17.2,13.9,51
1991-11-20,6.1,11.8,87,0.80,251,0.79,1.0,16.2,13.7,67
1991-11-21,8.6,13.5,77,1.20,260,1.16,2.0,30.3,22.8,58
1991-11-22,2.8,5.3,75,0.00,264,0.77,0.0,16.5,9.7,61
1991-11-23,1.6,2.8,88,1.20,101,0.30,4.0,18.4,11.6,81
1991-11-24,1.5,3.0,91,5.20,89,0.24,13.0,20.4,16.0,87
1991-11-25,4.6,9.0,81,4.80,223,0.97,11.0,35.0,26.1,45
1991-11-26,0.4,2.3,59,0.00,259,1.30,0.0,29.8,20.4,51
1991-11-27,-1.5,-0.1,62,0.00,290,0.92,0.0,17.2,12.2,49
1991-11-28,-0.4,4.0,77,0.00,205,0.62,0.0,21.4,15.4,66
1991-11-29,0.6,1.8,72,0.00,262,0.94,0.0,23.1,20.7,52
1991-11-30,-1.2,0.9,65,0.00,235,0.84,0.0,24.9,13.8,60
1991-12-01,5.4,9.7,77,1.40,238,0.91,6.0,31.2,23.6,57
1991-12-02,-0.4,2.9,62,0.00,262,1.13,0.0,32.0,22.6,32
1991-12-03,-8.7,-4.7,52,3.80,14,0.68,7.0,27.8,16.1,37
1991-12-04,-1.3,1.5,85,20.50,119,0.53,16.0,29.8,23.0,71
1991-12-05,-11.5,-4.3,65,0.00,267,0.61,0.0,34.6,32.4,57
1991-12-06,-17.1,-13.8,71,0.90,263,0.28,3.0,30.2,15.7,64
1991-12-07,-15.0,-11.9,74,2.90,307,0.26,8.0,19.4,12.0,64
1991-12-08,-5.8,-2.5,79,3.90,64,0.42,11.0,18.8,15.7,69
1991-12-09,1.0,5.9,86,2.40,197,0.42,6.0,34.1,23.9,72
1991-12-10,-6.1,0.1,76,0.00,334,0.44,0.0,19.5,14.2,69
1991-12-11,-4.5,2.4,80,0.10,214,0.41,1.0,23.7,14.2,78
1991-12-12,-0.7,2.2,86,0.00,249,0.50,0.0,18.6,17.0,73
1991-12-13,2.1,6.9,90,3.50,207,0.26,9.0,30.6,22.7,82
1991-12-14,0.4,5.2,92,3.10,257,0.34,3.0,22.6,12.4,84
1991-12-15,-2.9,-0.6,85,11.80,298,0.41,11.0,25.7,19.0,63
1991-12-16,-13.5,-10.3,71,0.00,291,0.36,0.0,23.9,14.2,60
1991-12-17,-16.1,-13.1,72,0.00,313,0.29,0.0,21.1,15.9,61
1991-12-18,-12.0,-4.6,75,9.30,42,0.33,11.0,38.5,18.2,70
1991-12-19,-10.0,-5.9,71,5.10,330,0.52,9.0,37.5,25.4,56
1991-12-20,-13.8,-11.8,70,0.00,306,0.40,0.0,25.2,20.6,61
1991-12-21,-11.0,-4.0,81,6.10,198,0.22,11.0,23.2,14.4,75
1991-12-22,-5.8,-4.2,81,2.20,317,0.38,7.0,26.5,18.5,71
1991-12-23,-5.3,-0.3,83,0.10,209,0.38,1.0,16.7,14.6,78
1991-12-24,-3.7,-0.1,82,1.70,282,0.40,7.0,19.1,15.3,63
1991-12-25,-12.3,-11.5,73,0.70,326,0.38,6.0,24.6,21.7,62
1991-12-26,-16.0,-12.9,69,0.00,278,0.37,0.0,24.1,18.5,56
1991-12-27,-10.2,-7.5,76,0.60,289,0.38,6.0,21.7,17.0,67
1991-12-28,-11.1,-6.5,74,0.00,271,0.40,0.0,17.6,14.5,63
1991-12-29,-6.0,-3.2,82,0.00,248,0.40,0.0,18.6,15.0,74
1991-12-30,-7.0,-3.8,75,0.00,347,0.47,0.0,30.6,23.6,64
1991-12-31,-11.6,-4.5,68,0.00,290,0.52,0.0,24.0,17.1,47
1992-01-01,-8.0,-5.2,77,0.00,302,0.42,0.0,17.7,12.8,67
1992-01-02,-10.4,-3.3,85,0.00,214,0.27,0.0,14.4,11.0,77
1992-01-03,-3.6,-1.4,83,0.10,255,0.38,1.0,14.7,10.3,64
1992-01-04,-7.7,-3.8,83,0.00,272,0.36,0.0,12.6,6.8,73
1992-01-05,-1.9,3.2,90,18.90,107,0.21,16.0,29.7,17.1,85
1992-01-06,2.4,3.3,97,20.10,127,0.16,21.0,28.2,14.0,92
1992-01-07,0.1,1.8,83,0.00,242,0.59,0.0,22.6,19.3,70
1992-01-08,-4.4,-1.9,75,0.10,314,0.56,1.0,29.1,22.4,66
1992-01-09,-9.2,-7.0,75,0.00,332,0.42,0.0,25.3,14.2,69
1992-01-10,-4.0,-1.3,85,6.40,166,0.30,15.0,17.7,13.3,76
1992-01-11,-10.1,-3.8,71,0.00,305,0.52,0.0,29.7,24.9,58
1992-01-12,-14.0,-11.2,67,0.20,308,0.48,2.0,29.5,24.4,58
1992-01-13,-10.6,-2.3,73,0.10,218,0.36,1.0,15.9,11.4,65
1992-01-14,-3.4,0.9,92,1.30,117,0.26,3.0,27.2,11.8,87
1992-01-15,0.2,5.6,84,10.90,198,0.51,8.0,36.0,31.0,63
1992-01-16,-19.0,-14.0,60,0.00,253,0.42,0.0,35.4,30.8,52
1992-01-17,-22.0,-19.1,59,0.00,269,0.33,0.0,26.8,24.9,47
1992-01-18,-18.9,-13.4,67,0.00,259,0.34,0.0,24.5,17.7,57
1992-01-19,-20.2,-16.1,59,0.00,276,0.38,0.0,27.1,23.4,50
1992-01-20,-20.7,-16.4,64,0.00,258,0.34,0.0,23.6,19.8,49
1992-01-21,-20.2,-15.5,64,0.00,269,0.31,0.0,14.6,13.0,51
1992-01-22,-19.0,-17.1,63,0.00,294,0.35,0.0,27.8,19.1,50
1992-01-23,-15.9,-6.5,66,0.30,205,0.36,2.0,20.5,14.4,54
1992-01-24,4.2,7.5,93,13.20,185,0.42,20.0,48.0,31.2,83
1992-01-25,-8.5,1.7,66,1.00,272,0.60,2.0,29.6,27.0,48
1992-01-26,-18.8,-15.2,55,0.00,281,0.42,0.0,22.9,11.8,46
1992-01-27,-19.1,-13.9,57,0.00,284,0.43,0.0,17.8,13.7,45
1992-01-28,-17.1,-11.9,59,0.00,264,0.48,0.0,18.2,11.0,45
1992-01-29,-6.3,-1.0,74,0.00,236,0.67,0.0,27.0,21.7,53
1992-01-30,-7.2,-3.2,81,0.00,341,0.41,0.0,15.9,13.1,71
1992-01-31,-9.9,-8.1,84,10.80,82,0.28,20.0,28.9,21.1,80
1992-02-01,-11.8,-9.1,83,33.70,26,0.31,24.0,49.6,42.8,71
1992-02-02,-8.5,-5.9,80,16.20,16,0.50,24.0,54.4,42.6,67
1992-02-03,-6.5,-4.6,74,2.60,344,0.74,10.0,32.8,28.6,65
1992-02-04,-8.7,-6.5,65,0.00,342,0.81,0.0,26.4,17.6,51
1992-02-05,-10.0,-8.2,83,5.10,36,0.31,15.0,33.5,21.1,78
1992-02-06,-12.6,-11.1,71,0.60,355,0.55,4.0,31.4,18.7,53
1992-02-07,-17.2,-14.0,82,0.00,98,0.33,0.0,13.5,9.8,70
1992-02-08,-13.1,-9.6,84,3.80,38,0.26,8.0,22.1,16.4,80
1992-02-09,-8.9,-5.4,81,4.20,324,0.55,13.0,16.7,11.0,63
1992-02-10,-13.2,-7.4,65,0.00,281,0.57,0.0,24.2,19.7,46
1992-02-11,-10.5,-1.7,75,0.50,219,0.57,4.0,22.2,18.8,65
1992-02-12,-13.0,-2.2,65,1.40,298,0.50,7.0,31.9,23.8,45
1992-02-13,-17.4,-10.0,63,0.00,235,0.57,0.0,26.7,20.7,48
1992-02-14,-7.3,-4.4,71,0.00,257,0.82,0.0,25.7,15.4,62
1992-02-15,-11.8,-8.3,69,0.00,311,0.68,0.0,20.3,10.3,50
1992-02-16,-6.4,-2.0,89,28.00,101,0.22,19.0,32.9,21.2,81
1992-02-17,-5.0,-0.1,74,0.50,288,0.95,3.0,22.8,16.6,57
1992-02-18,-6.0,-3.3,79,0.00,247,0.75,0.0,17.7,11.5,65
1992-02-19,-4.1,-1.6,92,9.70,84,0.22,14.0,21.0,14.1,87
1992-02-20,-4.6,-1.8,86,1.10,331,0.47,6.0,18.6,8.5,70
1992-02-21,-9.1,-5.2,74,0.80,315,0.62,5.0,19.6,9.8,60
1992-02-22,-12.2,-8.6,70,0.00,266,0.68,0.0,18.4,12.1,50
1992-02-23,-8.1,-5.0,75,1.30,278,0.76,7.0,18.7,12.6,51
1992-02-24,-11.8,-8.7,67,0.00,290,0.77,0.0,14.5,9.9,45
1992-02-25,-13.4,-10.4,71,0.00,345,0.67,0.0,14.3,8.5,55
1992-02-26,-8.2,-5.0,87,13.90,114,0.32,18.0,16.6,12.7,80
1992-02-27,-5.1,-0.2,79,0.00,251,0.88,0.0,22.5,15.6,61
1992-02-28,-7.3,-2.4,64,0.40,257,0.93,2.0,30.1,22.8,43
1992-02-29,-9.8,-8.9,77,14.50,18,0.42,19.0,34.5,22.8,62
1992-03-01,-18.3,-13.0,54,0.00,286,0.61,0.0,30.3,27.1,41
1992-03-02,-16.8,-9.5,52,0.00,278,0.81,0.0,29.5,24.0,38
1992-03-03,-10.8,-4.7,51,0.00,280,1.21,0.0,28.9,18.0,37
1992-03-04,-8.7,-3.3,67,0.00,276,1.09,0.0,15.0,9.1,47
1992-03-05,-4.1,3.2,69,0.00,249,1.37,0.0,21.3,18.5,55
1992-03-06,-6.9,-0.7,59,0.00,322,1.25,0.0,26.7,17.4,44
1992-03-07,-6.0,1.6,78,3.00,226,0.59,9.0,25.8,18.2,70
1992-03-08,-1.2,1.8,92,26.10,37,0.30,24.0,34.0,19.3,85
1992-03-09,-6.0,-3.8,71,4.90,15,1.16,10.0,34.3,24.4,52
1992-03-10,-4.1,4.0,74,0.00,184,1.40,0.0,19.1,14.1,59
1992-03-11,0.1,3.6,85,0.00,160,0.84,0.0,19.5,14.7,67
1992-03-12,1.8,5.2,83,6.80,179,0.96,6.0,32.8,27.3,61
1992-03-13,-6.5,-2.8,70,0.00,230,0.90,0.0,25.5,17.4,46
1992-03-14,-13.6,-10.7,60,0.00,256,0.85,0.0,24.1,20.1,45
1992-03-15,-12.6,-6.9,63,0.00,262,0.98,0.0,19.5,17.4,48
1992-03-16,-10.8,-6.2,64,0.00,281,1.07,0.0,19.2,14.5,42
1992-03-17,-7.6,-0.3,67,0.00,222,1.15,0.0,21.6,16.2,47
1992-03-18,-7.5,-3.3,63,0.00,283,1.06,0.0,28.1,21.8,42
1992-03-19,-10.7,-6.9,64,0.00,280,1.15,0.0,18.4,11.1,43
1992-03-20,-11.2,-8.2,72,0.00,77,0.88,0.0,15.5,9.6,59
1992-03-21,-11.1,-6.7,73,0.00,116,1.06,0.0,11.6,9.1,57
1992-03-22,-8.0,-2.7,67,0.00,343,1.18,0.0,27.1,21.1,47
1992-03-23,-6.8,-2.9,73,0.00,274,1.25,0.0,17.9,10.6,59
1992-03-24,-5.9,-0.3,75,0.00,348,1.30,0.0,10.6,6.9,47
1992-03-25,-4.9,-0.4,66,0.00,282,1.58,0.0,15.3,12.6,43
1992-03-26,-1.6,6.3,74,0.00,208,1.75,0.0,25.9,17.4,61
1992-03-27,2.5,6.7,81,1.50,148,1.34,3.0,34.7,23.0,71
1992-03-28,4.7,5.4,95,19.60,134,0.38,19.0,34.9,23.4,87
1992-03-29,2.9,4.2,92,0.00,163,0.90,0.0,15.9,12.5,77
1992-03-30,1.7,4.3,78,0.00,273,1.73,0.0,20.5,15.4,56
1992-03-31,-0.2,4.4,74,0.00,264,1.87,0.0,15.9,11.5,57
1992-04-01,0.3,2.7,88,1.10,57,1.33,6.0,14.0,10.8,77
1992-04-02,-0.7,1.7,93,0.30,99,1.20,2.0,15.9,10.7,84
1992-04-03,-0.8,0.4,95,10.10,44,0.47,24.0,26.2,19.3,93
1992-04-04,1.2,4.4,83,0.50,286,1.56,3.0,16.4,13.0,61
1992-04-05,0.5,5.2,85,0.30,214,1.85,1.0,15.8,10.5,61
1992-04-06,-0.6,1.7,83,0.00,7,1.00,0.0,30.5,22.2,67
1992-04-07,-1.5,0.8,73,0.00,4,1.83,0.0,23.0,17.5,64
1992-04-08,0.1,4.9,82,3.90,190,0.98,12.0,21.9,17.3,65
1992-04-09,1.5,8.0,58,0.00,258,2.68,0.0,21.6,17.4,43
1992-04-10,2.7,8.3,66,1.60,234,2.37,1.0,30.0,24.2,42
1992-04-11,-2.7,1.4,51,0.00,304,2.00,0.0,25.5,16.5,35
1992-04-12,-2.4,1.0,79,4.50,134,0.78,9.0,20.4,15.2,69
1992-04-13,-4.2,-0.1,59,0.00,281,1.68,0.0,35.0,27.5,40
1992-04-14,-4.3,0.2,52,0.00,272,1.92,0.0,33.3,24.2,41
1992-04-15,-2.8,2.9,54,0.00,299,2.35,0.0,19.5,15.3,40
1992-04-16,-0.8,3.6,59,0.00,305,2.61,0.0,15.3,10.6,41
1992-04-17,1.1,5.3,63,0.00,160,2.32,0.0,16.9,13.5,48
1992-04-18,1.1,4.3,72,0.00,99,2.34,0.0,13.5,8.1,53
1992-04-19,2.7,9.6,64,0.00,181,3.04,0.0,16.6,9.9,47
1992-04-20,5.7,11.8,77,0.00,221,2.31,0.0,27.5,22.6,61
1992-04-21,6.4,13.1,90,0.00,233,2.08,0.0,23.7,14.5,75
1992-04-22,0.8,1.9,94,10.90,55,0.35,17.0,20.9,17.1,92
1992-04-23,-0.3,0.7,91,17.40,34,0.61,17.0,24.8,19.1,84
1992-04-24,-0.6,0.7,89,2.30,43,0.80,13.0,18.4,14.0,84
1992-04-25,-0.6,0.5,83,0.00,61,1.41,0.0,19.2,13.9,67
1992-04-26,-0.8,1.2,80,0.90,50,1.14,5.0,30.9,24.2,70
1992-04-27,1.0,3.3,71,0.90,27,2.25,4.0,26.3,21.8,62
1992-04-28,1.2,5.5,71,0.00,66,2.53,0.0,17.2,10.4,59
1992-04-29,6.0,13.2,58,0.00,211,3.54,0.0,22.0,18.4,38
1992-04-30,7.0,12.5,54,0.00,185,3.95,0.0,23.9,17.6,42
1992-05-01,5.0,8.8,70,0.70,155,1.83,3.0,17.8,10.9,56
1992-05-02,3.0,6.1,63,0.00,114,2.18,0.0,17.3,9.0,50
1992-05-03,1.7,3.2,91,7.80,64,0.56,14.0,19.3,13.7,75
1992-05-04,1.4,2.8,84,1.40,21,1.25,9.0,16.8,12.5,71
1992-05-05,0.9,2.9,75,0.00,32,1.79,0.0,20.1,15.5,61
1992-05-06,0.6,1.6,88,7.70,30,0.65,16.0,21.7,17.3,83
1992-05-07,2.9,8.7,81,0.00,100,2.65,0.0,18.0,9.6,54
1992-05-08,9.0,17.7,56,0.00,211,4.36,0.0,21.7,18.9,40
1992-05-09,10.8,14.7,77,1.10,222,1.85,6.0,23.0,19.3,54
1992-05-10,6.1,11.8,73,2.10,37,2.70,7.0,21.0,16.3,56
1992-05-11,5.6,12.7,67,0.00,121,3.39,0.0,16.0,8.0,44
1992-05-12,11.5,19.5,48,0.00,215,5.32,0.0,24.0,21.2,29
1992-05-13,15.3,21.1,79,0.10,214,3.75,1.0,26.8,24.1,57
1992-05-14,11.9,16.4,96,7.50,206,0.86,13.0,25.1,16.4,77
1992-05-15,5.9,9.6,68,0.00,23,3.10,0.0,15.4,12.3,48
1992-05-16,8.5,16.3,67,0.00,156,3.88,0.0,13.8,11.1,46
1992-05-17,12.7,19.2,67,0.00,203,4.55,0.0,29.2,18.0,40
1992-05-18,11.3,14.2,53,0.90,230,3.68,3.0,31.9,24.9,34
1992-05-19,9.9,16.7,53,0.00,299,4.63,0.0,19.1,10.6,34
1992-05-20,9.8,13.4,63,0.00,167,3.86,0.0,21.7,15.3,47
1992-05-21,16.4,28.4,61,0.00,230,5.66,0.0,21.4,17.0,41
1992-05-22,19.0,25.4,60,0.00,274,5.54,0.0,24.3,18.5,48
1992-05-23,15.0,28.1,62,0.00,209,5.67,0.0,23.6,11.8,30
1992-05-24,11.9,22.1,57,1.80,332,2.60,11.0,23.3,17.1,41
1992-05-25,6.1,7.7,63,0.00,52,3.00,0.0,21.9,16.8,51
1992-05-26,5.7,9.0,63,0.00,59,3.31,0.0,13.8,11.6,47
1992-05-27,8.2,12.4,69,0.00,125,3.54,0.0,16.7,10.6,51
1992-05-28,8.5,13.0,75,0.00,64,3.50,0.0,15.0,11.8,55
1992-05-29,14.9,21.8,56,0.00,242,5.15,0.0,22.1,18.8,30
1992-05-30,16.8,22.8,54,0.00,212,5.71,0.0,21.0,13.7,32
1992-05-31,16.3,20.9,46,0.00,201,6.03,0.0,20.4,16.0,27
1992-06-01,14.5,18.4,58,0.00,187,3.72,0.0,16.5,10.7,41
1992-06-02,10.6,12.0,86,2.40,21,1.35,9.0,18.4,13.5,79
1992-06-03,13.3,20.3,75,0.00,244,3.75,0.0,33.2,15.7,38
1992-06-04,13.0,15.9,63,0.00,331,4.28,0.0,23.6,14.2,36
1992-06-05,9.8,13.5,60,0.00,119,4.16,0.0,18.2,13.5,42
1992-06-06,12.3,17.1,68,1.60,144,3.29,6.0,24.4,17.5,57
1992-06-07,16.3,21.9,90,8.30,181,2.05,15.0,27.5,18.3,69
1992-06-08,19.4,24.9,80,2.40,238,3.92,8.0,17.7,14.7,55
1992-06-09,16.2,21.2,88,7.90,294,2.83,7.0,14.8,9.3,72
1992-06-10,13.3,16.2,69,0.00,320,3.57,0.0,19.1,14.9,49
1992-06-11,12.7,16.9,70,0.00,141,3.62,0.0,12.8,7.6,45
1992-06-12,12.7,15.0,70,3.20,172,3.07,5.0,20.0,14.4,59
1992-06-13,14.1,20.3,86,0.50,155,3.34,3.0,19.7,8.0,69
1992-06-14,14.3,19.1,83,7.80,213,2.07,12.0,24.7,12.7,70
1992-06-15,11.3,13.3,80,3.00,53,2.41,5.0,20.5,15.1,57
1992-06-16,13.4,19.8,64,0.00,325,4.73,0.0,11.5,7.9,42
1992-06-17,16.5,22.4,64,0.00,275,5.36,0.0,15.0,9.6,44
1992-06-18,18.8,24.2,60,0.00,196,5.77,0.0,19.1,15.5,38
1992-06-19,17.4,22.1,65,0.00,181,5.52,0.0,18.7,13.3,52
1992-06-20,17.8,22.6,81,0.00,180,4.26,0.0,20.5,11.4,65
1992-06-21,17.2,20.1,91,10.30,162,1.34,18.0,18.7,15.5,79
1992-06-22,16.0,17.7,92,10.00,133,2.12,18.0,18.9,17.4,76
1992-06-23,12.7,13.9,91,6.30,110,1.13,17.0,19.2,10.3,84
1992-06-24,13.6,17.3,86,0.80,243,1.82,7.0,12.6,6.7,69
1992-06-25,13.9,15.1,90,20.90,145,0.95,14.0,22.4,16.8,77
1992-06-26,13.9,14.9,91,6.20,284,1.99,12.0,20.8,14.0,77
1992-06-27,14.9,19.7,80,3.80,233,3.86,3.0,10.5,6.5,60
1992-06-28,13.6,14.9,87,0.30,31,2.57,2.0,16.6,12.5,74
1992-06-29,13.1,16.1,81,0.00,79,3.00,0.0,14.6,8.4,71
1992-06-30,14.6,19.5,88,2.00,166,1.87,8.0,18.9,15.3,80
1992-07-01,14.8,18.1,95,10.40,292,2.19,13.0,15.1,8.1,85
1992-07-02,11.3,13.0,79,6.60,340,2.02,12.0,23.6,20.6,59
1992-07-03,11.9,12.8,72,0.00,15,2.36,0.0,23.1,17.9,68
1992-07-04,11.8,14.3,76,0.00,71,2.66,0.0,13.7,7.4,63
1992-07-05,12.5,13.7,84,1.10,129,1.25,4.0,17.1,14.3,80
1992-07-06,13.7,15.3,93,5.20,138,1.18,9.0,17.0,10.4,86
1992-07-07,14.9,17.3,92,1.00,52,2.80,9.0,13.1,6.5,76
1992-07-08,15.6,20.5,81,0.00,248,3.58,0.0,12.3,7.3,60
1992-07-09,16.1,18.1,88,8.10,178,1.63,8.0,23.2,14.9,78
1992-07-10,15.2,17.2,93,9.20,283,1.41,14.0,23.8,16.2,79
1992-07-11,16.3,21.0,86,4.00,271,3.43,4.0,10.7,5.7,65
1992-07-12,15.5,16.9,82,1.90,3,3.23,1.0,15.5,11.9,63
1992-07-13,13.8,14.4,89,25.10,129,0.90,14.0,15.7,13.7,76
1992-07-14,14.3,19.3,89,2.70,237,2.29,5.0,19.4,13.8,71
1992-07-15,17.4,22.0,79,0.50,237,4.05,2.0,20.6,16.9,48
1992-07-16,15.5,20.2,56,0.00,294,5.08,0.0,24.1,13.2,44
1992-07-17,15.7,19.0,73,0.00,74,4.24,0.0,17.9,9.3,59
1992-07-18,15.8,17.4,83,16.60,167,1.59,9.0,23.9,16.5,66
1992-07-19,17.0,20.9,89,0.50,245,3.11,4.0,11.4,5.9,69
1992-07-20,17.9,20.9,91,0.40,125,3.19,3.0,12.9,8.9,79
1992-07-21,18.3,21.6,88,4.40,219,1.92,7.0,18.7,16.3,66
1992-07-22,15.8,19.2,63,0.00,310,4.45,0.0,14.0,9.9,43
1992-07-23,17.1,21.9,66,0.00,240,4.49,0.0,21.5,15.4,47
1992-07-24,18.4,23.4,72,0.00,242,4.92,0.0,17.1,10.5,51
1992-07-25,20.9,26.3,67,0.00,232,5.47,0.0,21.5,17.3,42
1992-07-26,18.5,21.9,77,2.00,225,3.64,6.0,20.2,13.3,65
1992-07-27,16.9,22.1,80,3.70,170,3.52,7.0,19.9,13.4,53
1992-07-28,18.4,21.5,85,15.80,174,2.82,17.0,17.5,10.3,72
1992-07-29,19.3,22.9,73,0.00,264,3.83,0.0,14.5,11.8,54
1992-07-30,19.1,21.9,66,0.00,241,4.73,0.0,26.0,19.5,42
1992-07-31,17.2,20.8,64,0.00,262,4.18,0.0,19.8,15.8,52
1992-08-01,16.2,18.4,92,52.50,125,0.65,18.0,25.7,14.9,77
1992-08-02,16.3,20.9,73,0.50,325,3.93,4.0,26.5,18.6,47
1992-08-03,18.0,22.5,80,8.10,206,3.32,6.0,22.9,18.5,67
1992-08-04,18.4,22.1,89,5.60,198,3.09,6.0,17.9,12.1,74
1992-08-05,19.0,21.9,86,2.80,197,3.03,8.0,28.0,21.1,59
1992-08-06,18.3,21.6,63,0.00,250,4.47,0.0,29.5,23.2,52
1992-08-07,19.2,24.4,69,0.00,241,4.69,0.0,15.7,13.7,46
1992-08-08,20.0,23.6,75,0.00,229,4.14,0.0,16.4,11.2,58
1992-08-09,20.1,23.5,77,0.00,210,3.64,0.0,13.4,11.6,54
1992-08-10,19.0,22.2,77,0.00,206,2.97,0.0,17.2,13.8,67
1992-08-11,20.4,24.6,83,0.30,219,3.34,1.0,29.8,20.7,68
1992-08-12,16.5,21.5,60,0.00,292,4.38,0.0,20.8,15.3,45
1992-08-13,15.5,19.3,66,0.00,268,3.60,0.0,16.3,11.3,48
1992-08-14,16.6,19.2,74,0.00,201,2.77,0.0,9.8,6.8,60
1992-08-15,17.6,21.1,76,0.00,203,2.90,0.0,7.9,5.5,54
1992-08-16,18.0,21.3,78,0.00,194,3.16,0.0,12.7,8.6,60
1992-08-17,17.9,21.4,80,0.80,204,2.80,5.0,12.1,7.1,66
1992-08-18,18.1,20.0,91,21.70,216,1.00,17.0,15.8,10.5,77
1992-08-19,18.0,21.1,90,7.10,208,2.82,7.0,15.3,8.8,72
1992-08-20,18.2,20.2,80,0.60,228,3.41,3.0,17.5,15.3,55
1992-08-21,16.4,19.1,76,1.80,270,2.60,3.0,21.1,17.0,68
1992-08-22,16.7,20.3,81,0.00,288,2.16,0.0,15.2,10.0,72
1992-08-23,17.3,19.8,79,0.00,66,2.85,0.0,15.1,8.4,66
1992-08-24,21.0,26.9,75,0.00,237,4.60,0.0,23.9,20.3,52
1992-08-25,21.7,27.8,78,0.00,260,4.07,0.0,17.3,14.7,59
1992-08-26,17.0,18.6,88,1.30,72,1.79,6.0,16.8,11.4,81
1992-08-27,20.3,25.9,82,0.00,204,3.69,0.0,20.0,16.8,63
1992-08-28,17.0,22.0,91,0.60,17,1.22,3.0,20.2,12.5,83
1992-08-29,16.8,21.7,88,1.40,104,1.72,10.0,23.7,17.4,81
1992-08-30,17.7,20.4,75,0.10,229,3.07,1.0,32.1,22.9,47
1992-08-31,18.6,22.8,71,1.60,223,3.91,4.0,21.7,18.0,59
1992-09-01,15.6,17.1,74,0.10,263,2.80,1.0,22.0,17.4,63
1992-09-02,12.4,14.9,89,6.20,21,1.04,17.0,17.3,12.5,81
1992-09-03,12.1,13.2,73,0.20,59,2.20,2.0,19.7,16.6,63
1992-09-04,12.8,14.9,74,0.10,114,2.19,1.0,17.5,15.1,66
1992-09-05,14.8,17.4,82,1.60,59,2.25,7.0,10.9,6.9,66
1992-09-06,16.6,22.0,78,0.00,204,3.39,0.0,17.2,13.3,55
1992-09-07,17.1,22.0,78,0.00,233,3.22,0.0,21.6,20.1,64
1992-09-08,18.6,22.8,81,0.00,222,2.49,0.0,17.4,14.9,69
1992-09-09,20.2,24.1,80,0.20,216,2.80,2.0,22.9,18.7,60
1992-09-10,18.3,22.6,87,0.00,210,2.04,0.0,28.7,16.1,75
1992-09-11,19.8,21.2,76,0.40,217,2.81,3.0,32.2,21.5,53
1992-09-12,14.6,17.9,63,0.00,340,3.31,0.0,20.7,17.2,47
1992-09-13,13.9,19.5,63,0.00,275,3.54,0.0,17.3,12.5,45
1992-09-14,16.6,21.8,76,0.00,231,2.97,0.0,16.9,11.8,59
1992-09-15,18.0,22.4,72,0.00,228,3.52,0.0,22.7,20.9,58
1992-09-16,18.7,22.8,75,0.60,247,3.33,3.0,22.2,12.0,50
1992-09-17,17.7,23.0,84,10.40,195,1.37,6.0,24.9,14.2,69
1992-09-18,20.0,23.3,88,2.40,220,2.14,4.0,19.1,14.2,73
1992-09-19,18.2,20.3,82,1.60,222,1.84,3.0,31.7,21.5,58
1992-09-20,13.2,16.5,54,0.00,300,3.36,0.0,19.4,9.7,39
1992-09-21,14.2,18.9,70,0.00,213,2.86,0.0,13.7,10.3,48
1992-09-22,15.1,19.3,65,0.10,194,2.66,1.0,29.4,19.8,55
1992-09-23,15.2,18.5,81,12.80,240,1.68,13.0,35.0,25.4,46
1992-09-24,8.8,11.8,54,0.00,321,2.96,0.0,19.1,12.4,44
1992-09-25,11.9,18.0,64,0.00,230,2.92,0.0,14.0,11.7,45
1992-09-26,14.3,20.2,63,0.00,237,3.38,0.0,17.9,15.0,43
1992-09-27,14.8,19.7,83,0.00,210,1.77,0.0,18.4,14.6,65
1992-09-28,17.5,20.0,81,0.90,237,2.32,5.0,25.7,21.4,60
1992-09-29,14.0,16.5,79,1.00,232,1.70,2.0,17.0,10.6,65
1992-09-30,8.1,11.7,65,1.70,283,2.23,2.0,30.8,24.8,44
1992-10-01,5.6,7.1,58,0.00,306,2.16,0.0,23.9,20.7,47
1992-10-02,5.9,9.3,65,0.20,258,2.00,1.0,22.0,19.5,53
1992-10-03,10.6,13.6,90,6.80,238,0.89,11.0,18.2,15.9,78
1992-10-04,6.9,9.6,58,0.00,304,2.43,0.0,23.2,19.4,39
1992-10-05,6.2,8.9,66,0.10,324,1.90,1.0,19.6,16.1,51
1992-10-06,6.2,8.2,65,0.00,336,1.88,0.0,22.5,18.5,50
1992-10-07,8.9,15.3,68,0.00,299,2.35,0.0,19.6,15.8,54
1992-10-08,9.4,12.2,74,0.00,335,1.92,0.0,20.2,13.2,54
1992-10-09,10.7,17.3,77,0.00,208,2.15,0.0,16.1,13.3,54
1992-10-10,12.4,14.9,90,11.10,193,0.97,12.0,19.9,16.6,74
1992-10-11,14.2,15.0,99,26.60,169,0.32,23.0,21.2,15.9,98
1992-10-12,15.2,16.4,96,7.00,184,0.83,12.0,22.5,16.8,87
1992-10-13,12.5,15.3,82,0.00,218,1.58,0.0,23.8,17.3,60
1992-10-14,8.9,11.6,69,1.00,283,1.68,3.0,14.0,7.8,47
1992-10-15,7.3,11.4,68,0.00,272,2.05,0.0,17.7,16.7,43
1992-10-16,7.2,11.0,67,0.00,272,1.98,0.0,17.4,12.8,53
1992-10-17,10.5,12.4,73,3.40,215,1.82,11.0,26.3,19.9,45
1992-10-18,5.5,8.0,49,0.00,250,2.35,0.0,22.1,16.4,32
1992-10-19,4.6,6.1,70,9.60,47,1.02,9.0,37.5,23.8,56
1992-10-20,4.0,7.7,68,1.60,320,1.59,7.0,32.6,21.5,43
1992-10-21,5.9,9.7,69,0.00,177,1.55,0.0,20.9,15.9,49
1992-10-22,7.6,8.7,80,0.50,81,1.18,3.0,22.2,17.5,67
1992-10-23,6.1,9.6,82,0.00,251,1.31,0.0,18.6,13.1,60
1992-10-24,8.8,10.4,82,4.30,218,1.01,7.0,24.7,20.0,71
1992-10-25,8.9,10.7,98,18.00,128,0.42,20.0,20.5,8.4,94
1992-10-26,9.0,10.9,97,63.00,93,0.19,24.0,27.9,24.0,95
1992-10-27,7.0,8.2,90,1.70,250,0.63,12.0,28.8,17.1,71
1992-10-28,4.3,6.0,63,0.00,263,1.82,0.0,28.8,24.4,49
1992-10-29,3.9,7.7,67,0.00,247,1.25,0.0,23.3,16.8,51
1992-10-30,3.2,5.2,62,0.00,325,1.05,0.0,10.5,7.7,52
1992-10-31,1.2,3.6,68,0.00,327,1.10,0.0,18.0,11.0,52
1992-11-01,1.2,3.1,73,0.00,343,0.83,0.0,19.6,12.7,59
1992-11-02,0.3,1.2,66,0.20,340,1.07,1.0,22.3,18.6,56
1992-11-03,0.8,2.7,71,0.00,321,0.81,0.0,13.7,9.2,60
1992-11-04,2.7,6.3,86,1.10,217,0.57,4.0,16.6,13.7,74
1992-11-05,7.4,8.9,85,3.90,231,0.96,8.0,25.9,21.5,58
1992-11-06,3.7,6.1,78,3.00,270,0.90,7.0,22.7,16.3,60
1992-11-07,1.0,2.8,67,0.00,301,0.93,0.0,20.7,14.0,57
1992-11-08,-1.5,0.5,53,0.00,325,1.08,0.0,11.8,7.9,46
1992-11-09,-0.6,1.5,66,0.00,335,0.90,0.0,15.9,12.2,53
1992-11-10,-1.0,1.5,68,0.00,302,0.94,0.0,14.6,9.7,53
1992-11-11,0.9,4.5,82,5.20,213,0.51,8.0,27.7,21.0,68
1992-11-12,2.9,5.0,83,1.10,257,0.82,2.0,24.0,17.1,60
1992-11-13,7.3,12.8,90,7.90,183,0.38,12.0,35.4,24.7,81
1992-11-14,3.7,6.0,57,0.00,237,1.84,0.0,28.8,23.8,39
1992-11-15,1.3,3.1,70,0.10,219,0.80,1.0,17.4,9.0,57
1992-11-16,0.1,1.9,82,12.00,291,0.60,17.0,31.9,17.9,62
1992-11-17,-4.6,-1.2,71,0.00,260,0.71,0.0,21.8,15.4,63
1992-11-18,-5.5,-3.2,71,0.00,7,0.65,0.0,16.9,14.0,59
1992-11-19,-6.9,-5.0,73,0.00,322,0.58,0.0,14.8,13.0,59
1992-11-20,-6.5,-2.6,70,0.00,300,0.68,0.0,18.5,15.6,58
1992-11-21,-4.1,-1.1,77,0.50,242,0.40,4.0,14.8,10.7,71
1992-11-22,1.7,4.0,96,10.40,253,0.22,13.0,23.3,16.3,92
1992-11-23,-0.3,0.2,91,8.40,58,0.21,12.0,28.0,19.5,87
1992-11-24,-2.0,-0.3,77,0.90,53,0.59,3.0,30.5,17.8,69
1992-11-25,-3.5,-0.7,80,1.40,190,0.27,7.0,7.8,5.5,71
1992-11-26,-0.5,2.6,94,0.00,191,0.24,0.0,16.2,10.1,89
1992-11-27,2.7,5.2,95,22.20,238,0.27,15.0,22.7,14.6,88
1992-11-28,-0.4,2.1,76,0.00,270,0.70,0.0,22.3,12.6,65
1992-11-29,0.2,2.9,83,0.00,239,0.61,0.0,18.2,15.8,74
1992-11-30,-0.4,1.6,83,0.00,270,0.46,0.0,14.9,9.9,73
1992-12-01,-0.6,0.9,87,0.00,272,0.39,0.0,13.0,8.0,81
1992-12-02,-0.6,1.5,94,0.00,109,0.35,0.0,10.7,7.6,85
1992-12-03,-0.0,0.6,87,2.60,71,0.40,5.0,35.3,20.7,79
1992-12-04,-0.9,1.1,78,7.10,308,0.74,11.0,34.8,26.6,68
1992-12-05,-5.0,-2.6,82,2.90,324,0.41,6.0,27.7,15.8,74
1992-12-06,-5.6,-2.9,73,4.30,313,0.72,7.0,35.7,31.8,62
1992-12-07,-6.8,-2.8,73,0.00,262,0.62,0.0,26.3,20.7,63
1992-12-08,-9.5,-6.9,69,0.00,281,0.56,0.0,22.0,20.8,58
1992-12-09,-10.1,-7.2,75,0.00,319,0.43,0.0,19.5,17.5,65
1992-12-10,-9.6,-6.0,78,0.00,349,0.38,0.0,18.6,14.0,72
1992-12-11,-4.9,-2.3,80,0.00,77,0.37,0.0,19.2,12.5,73
1992-12-12,-2.9,-1.5,83,0.00,48,0.49,0.0,26.6,22.3,78
1992-12-13,-1.2,-0.4,86,0.00,45,0.42,0.0,27.7,24.9,82
1992-12-14,-2.8,-1.8,87,0.00,46,0.30,0.0,22.2,11.7,83
1992-12-15,-2.9,1.1,83,0.00,238,0.40,0.0,14.5,10.8,70
1992-12-16,-0.4,2.4,89,0.20,135,0.32,1.0,24.7,15.7,76
1992-12-17,2.6,4.3,91,0.80,223,0.41,2.0,25.3,17.9,83
1992-12-18,0.6,1.9,94,22.80,339,0.29,22.0,26.4,15.0,76
1992-12-19,-7.3,-2.5,66,0.00,294,0.63,0.0,27.2,15.7,57
1992-12-20,0.9,4.6,85,6.10,201,0.40,8.0,27.8,23.2,62
1992-12-21,-5.6,1.2,69,0.40,278,0.66,2.0,33.4,27.0,53
1992-12-22,-8.8,-1.6,66,0.10,204,0.55,1.0,21.4,15.8,56
1992-12-23,-2.8,-1.0,91,0.90,204,0.29,4.0,19.0,8.9,83
1992-12-24,-3.9,0.3,85,1.70,256,0.38,7.0,38.0,19.4,63
1992-12-25,-17.7,-14.5,61,0.00,288,0.42,0.0,38.0,27.7,53
1992-12-26,-7.2,-4.1,68,2.70,226,0.68,8.0,33.5,25.2,49
1992-12-27,-15.8,-9.6,61,0.00,284,0.48,0.0,31.3,25.6,52
1992-12-28,-14.7,-6.9,71,0.50,227,0.31,4.0,15.1,12.2,67
1992-12-29,-4.7,-2.4,79,0.00,266,0.43,0.0,20.8,15.8,72
1992-12-30,-5.9,-4.8,78,9.70,68,0.45,15.0,25.5,21.0,72
1992-12-31,-4.8,-3.0,85,7.80,121,0.26,14.0,18.5,14.2,79
1993-01-01,-3.2,-2.3,91,7.10,314,0.23,15.0,29.0,14.1,75
1993-01-02,-15.3,-8.2,65,0.10,302,0.43,1.0,30.8,25.8,53
1993-01-03,-17.0,-13.2,67,0.00,285,0.37,0.0,25.1,16.3,55
1993-01-04,-2.5,2.9,83,1.60,219,0.40,6.0,23.2,20.5,63
1993-01-05,2.4,4.2,93,29.40,257,0.19,17.0,33.1,17.9,84
1993-01-06,-7.1,-3.5,79,0.60,336,0.39,2.0,31.4,13.0,71
1993-01-07,-6.0,-1.7,81,0.00,235,0.46,0.0,20.3,14.1,66
1993-01-08,-4.9,-3.4,85,1.50,280,0.30,7.0,17.7,11.7,74
1993-01-09,-16.6,-8.5,69,0.00,323,0.32,0.0,21.4,15.6,53
1993-01-10,-21.6,-18.0,67,0.00,305,0.25,0.0,16.7,12.0,53
1993-01-11,-16.2,-10.0,64,0.00,253,0.44,0.0,20.7,14.8,47
1993-01-12,-14.1,-8.9,70,0.00,270,0.39,0.0,13.4,10.7,53
1993-01-13,-14.3,-12.3,72,0.00,334,0.33,0.0,14.0,12.7,61
1993-01-14,-15.3,-14.4,72,0.00,28,0.32,0.0,24.6,17.6,61
1993-01-15,-16.5,-10.4,69,0.00,239,0.34,0.0,13.6,11.0,53
1993-01-16,-10.1,-6.3,79,1.20,229,0.39,7.0,17.6,10.4,68
1993-01-17,-9.3,-6.1,83,0.00,232,0.35,0.0,16.1,8.0,75
1993-01-18,-8.0,-6.5,76,0.00,262,0.51,0.0,25.9,19.8,56
1993-01-19,-18.1,-12.7,63,0.00,284,0.37,0.0,25.3,21.4,48
1993-01-20,-17.5,-11.8,68,0.00,275,0.38,0.0,20.4,14.1,60
1993-01-21,-14.8,-8.1,72,0.00,264,0.41,0.0,17.9,13.2,56
1993-01-22,-6.7,-0.5,84,0.00,233,0.51,0.0,19.2,14.9,76
1993-01-23,1.0,3.8,94,18.30,141,0.21,14.0,25.6,16.2,91
1993-01-24,0.6,2.8,87,0.00,277,0.66,0.0,17.3,12.7,73
1993-01-25,1.4,6.5,78,4.20,212,0.89,6.0,40.4,30.3,57
1993-01-26,-13.2,-7.3,56,0.00,274,0.71,0.0,32.8,26.9,46
1993-01-27,-10.1,-4.8,60,0.60,173,0.64,2.0,17.4,13.4,50
1993-01-28,-6.6,-3.7,80,7.10,327,0.55,9.0,21.2,15.7,61
1993-01-29,-10.7,-7.6,80,5.70,261,0.27,7.0,18.7,12.1,71
1993-01-30,-18.0,-11.1,63,0.00,277,0.36,0.0,30.0,24.7,47
1993-01-31,-26.0,-23.1,61,0.00,278,0.28,0.0,29.6,14.9,48
1993-02-01,-19.2,-15.7,71,0.00,55,0.32,0.0,23.0,19.0,65
1993-02-02,-16.6,-14.0,70,0.00,22,0.42,0.0,21.9,15.3,52
1993-02-03,-15.7,-7.7,71,0.00,217,0.44,0.0,17.0,11.4,56
1993-02-04,-9.3,-8.1,73,0.00,292,0.56,0.0,21.7,17.9,56
1993-02-05,-13.4,-7.2,71,0.10,259,0.53,1.0,18.4,15.7,60
1993-02-06,-20.3,-10.9,59,0.50,324,0.40,3.0,25.2,18.2,47
1993-02-07,-22.9,-17.7,66,0.00,318,0.35,0.0,13.6,8.8,52
1993-02-08,-13.4,-6.2,77,2.60,190,0.48,11.0,17.4,14.3,65
1993-02-09,-16.6,-11.5,62,0.00,294,0.51,0.0,21.9,17.5,47
1993-02-10,-12.6,-1.6,73,0.50,216,0.47,3.0,23.0,15.0,67
1993-02-11,-10.7,-3.6,68,0.00,314,0.61,0.0,22.0,16.8,50
1993-02-12,-15.8,-11.3,67,0.00,285,0.58,0.0,15.2,10.1,51
1993-02-13,-8.4,1.3,88,24.00,102,0.21,13.0,28.6,18.2,81
1993-02-14,0.5,2.8,84,0.90,221,0.63,8.0,26.6,18.4,70
1993-02-15,-7.9,-4.6,73,0.00,272,0.77,0.0,15.8,14.1,54
1993-02-16,-11.5,-8.0,73,0.00,245,0.63,0.0,15.9,10.0,54
1993-02-17,-2.3,5.6,85,23.50,151,0.54,20.0,37.0,27.4,68
1993-02-18,-9.7,-4.9,66,0.00,253,0.82,0.0,31.8,18.1,48
1993-02-19,-15.1,-12.4,68,0.00,357,0.51,0.0,21.6,16.5,50
1993-02-20,-16.7,-11.9,62,0.00,270,0.60,0.0,20.6,17.1,44
1993-02-21,-18.8,-14.7,61,0.00,292,0.49,0.0,16.6,10.7,43
1993-02-22,-16.7,-12.4,75,18.40,77,0.23,14.0,33.0,21.9,48
1993-02-23,-13.0,-11.3,80,0.30,16,0.47,2.0,22.1,15.5,72
1993-02-24,-9.7,-4.9,79,1.20,18,0.62,5.0,13.5,9.2,60
1993-02-25,-10.5,-7.9,77,0.00,330,0.63,0.0,14.0,11.1,61
1993-02-26,-12.1,-8.2,67,0.00,305,0.78,0.0,15.9,10.2,44
1993-02-27,-12.6,-10.0,68,0.00,320,0.76,0.0,16.0,12.4,49
1993-02-28,-15.0,-12.7,77,0.00,55,0.48,0.0,25.6,15.1,65
1993-03-01,-11.0,-7.8,76,8.10,11,0.49,19.0,34.2,30.6,71
1993-03-02,-4.8,0.5,70,1.50,320,1.20,7.0,28.0,18.0,54
1993-03-03,-4.3,0.2,70,0.00,272,1.22,0.0,18.3,16.1,54
1993-03-04,-6.7,-3.5,78,0.00,351,0.82,0.0,14.5,12.5,61
1993-03-05,-11.1,-9.9,81,0.00,55,0.41,0.0,30.6,22.3,78
1993-03-06,-9.8,-8.7,85,10.10,50,0.35,16.0,32.1,30.2,82
1993-03-07,-7.3,-3.3,77,9.00,338,0.89,15.0,28.4,19.3,60
1993-03-08,-5.2,-0.1,71,0.00,275,1.33,0.0,20.8,15.8,53
1993-03-09,-6.8,-4.1,84,0.00,42,0.59,0.0,18.7,12.3,77
1993-03-10,-9.9,-7.4,77,0.00,31,0.95,0.0,16.8,11.5,59
1993-03-11,-11.1,-9.6,81,3.60,79,0.45,10.0,19.8,13.5,76
1993-03-12,-9.8,-7.3,71,0.20,298,0.92,1.0,20.8,15.5,47
1993-03-13,-11.7,-5.3,64,0.00,229,1.05,0.0,18.1,13.5,41
1993-03-14,-3.2,5.1,80,31.60,131,1.20,18.0,52.9,33.7,63
1993-03-15,-11.9,-7.2,54,0.00,278,1.05,0.0,30.7,24.8,40
1993-03-16,-10.9,-1.0,63,0.00,221,1.23,0.0,32.4,18.9,41
1993-03-17,2.7,6.0,77,2.50,216,1.48,7.0,40.5,34.5,71
1993-03-18,-9.4,3.7,67,14.70,357,0.72,16.0,30.3,25.2,49
1993-03-19,-12.1,-4.6,62,0.00,303,1.28,0.0,17.2,9.9,42
1993-03-20,-6.5,0.9,65,0.00,231,1.50,0.0,14.5,11.2,43
1993-03-21,-1.4,2.0,79,0.40,191,1.00,2.0,17.3,13.3,64
1993-03-22,1.2,3.3,80,2.00,237,1.29,7.0,21.1,15.7,59
1993-03-23,-1.4,1.3,71,0.00,303,1.74,0.0,19.7,14.7,53
1993-03-24,-4.1,2.0,80,0.00,129,1.66,0.0,12.8,8.7,55
1993-03-25,0.5,7.4,80,0.00,214,1.77,0.0,21.9,15.6,63
1993-03-26,3.9,11.9,81,0.00,237,2.24,0.0,21.9,13.0,51
1993-03-27,4.3,11.0,80,0.00,251,2.38,0.0,12.8,8.5,64
1993-03-28,1.8,4.3,85,0.00,21,1.68,0.0,13.3,10.9,74
1993-03-29,-0.7,2.1,86,0.00,34,1.39,0.0,17.3,10.8,74
1993-03-30,-0.8,2.5,83,0.00,30,1.31,0.0,16.5,13.9,69
1993-03-31,-2.8,-0.9,74,0.00,11,1.25,0.0,26.4,17.2,50
1993-04-01,-5.6,-0.2,63,0.00,343,1.60,0.0,15.4,9.2,43
1993-04-02,-5.0,-4.2,80,10.40,63,0.55,21.0,28.6,22.3,75
1993-04-03,-4.0,-2.3,80,16.20,40,0.82,24.0,26.2,23.8,77
1993-04-04,-2.2,0.0,78,0.80,26,1.50,4.0,23.1,17.3,70
1993-04-05,-1.9,3.5,79,0.00,7,2.02,0.0,9.6,7.7,57
1993-04-06,-1.3,4.9,79,0.00,155,2.24,0.0,12.5,6.6,61
1993-04-07,1.9,10.2,71,0.00,227,2.70,0.0,12.8,8.9,37
1993-04-08,0.9,5.8,78,0.00,130,1.76,0.0,12.5,6.6,69
1993-04-09,2.1,7.8,79,0.00,144,2.42,0.0,18.8,6.8,61
1993-04-10,4.9,9.7,71,0.00,166,2.54,0.0,18.5,16.4,59
1993-04-11,6.1,9.0,87,0.00,139,1.26,0.0,29.5,21.9,78
1993-04-12,2.2,5.7,85,0.00,89,1.56,0.0,21.9,16.5,78
1993-04-13,1.7,2.9,82,0.60,19,1.40,4.0,33.2,26.8,71
1993-04-14,-1.7,0.9,87,11.60,23,0.58,22.0,29.7,26.1,79
1993-04-15,-1.3,2.7,80,0.20,5,1.69,2.0,22.0,15.2,64
1993-04-16,-1.6,1.0,84,1.10,124,0.84,5.0,15.5,9.4,78
1993-04-17,6.2,11.0,78,0.10,169,2.07,1.0,28.4,20.5,63
1993-04-18,8.5,10.6,84,3.80,189,1.61,10.0,27.9,20.6,55
1993-04-19,5.6,10.9,67,0.20,233,2.97,1.0,21.3,12.5,50
1993-04-20,3.5,6.3,75,4.20,267,2.02,5.0,18.4,12.5,50
1993-04-21,8.2,17.0,77,0.90,196,2.93,4.0,32.3,21.6,58
1993-04-22,6.4,12.1,95,16.80,30,0.49,16.0,22.3,15.9,76
1993-04-23,5.7,12.9,89,8.10,162,1.90,14.0,23.4,14.9,62
1993-04-24,5.6,8.0,68,0.00,310,2.29,0.0,28.8,18.4,45
1993-04-25,3.7,7.8,67,3.00,147,2.07,6.0,25.1,12.9,50
1993-04-26,6.6,8.0,88,8.00,235,0.83,15.0,25.7,18.2,62
1993-04-27,0.4,3.3,64,2.00,26,1.58,12.0,18.9,15.7,58
1993-04-28,0.2,4.5,64,0.00,56,2.62,0.0,12.2,9.0,47
1993-04-29,1.1,5.5,76,0.00,64,2.34,0.0,15.1,10.8,62
1993-04-30,1.5,3.6,90,0.00,25,0.91,0.0,18.8,15.6,76
1993-05-01,2.6,7.1,89,1.60,14,0.84,7.0,15.8,9.4,79
1993-05-02,5.4,11.3,83,0.10,35,2.36,1.0,18.1,10.1,54
1993-05-03,4.3,8.8,69,0.00,101,2.93,0.0,23.9,13.8,55
1993-05-04,10.2,18.7,64,0.00,223,3.89,0.0,29.1,23.9,50
1993-05-05,13.9,20.8,75,0.00,221,3.63,0.0,23.7,18.9,53
1993-05-06,11.9,14.9,94,6.40,223,1.08,12.0,25.7,22.5,79
1993-05-07,6.3,8.1,89,0.30,32,1.99,3.0,15.2,10.7,74
1993-05-08,9.9,20.0,70,0.00,229,4.11,0.0,21.7,15.7,34
1993-05-09,4.9,13.3,66,0.00,50,2.78,0.0,21.4,16.6,55
1993-05-10,1.4,4.2,61,0.00,63,2.75,0.0,16.6,11.6,49
1993-05-11,1.8,4.9,79,4.40,128,1.19,8.0,17.1,11.1,67
1993-05-12,3.5,5.6,94,1.00,123,0.96,3.0,17.4,9.9,86
1993-05-13,3.4,5.3,96,24.10,129,0.46,20.0,22.4,15.5,87
1993-05-14,5.5,8.8,91,0.00,74,1.84,0.0,12.3,6.7,74
1993-05-15,3.8,7.7,88,0.00,37,2.15,0.0,12.4,10.8,71
1993-05-16,9.0,18.8,80,0.00,183,3.68,0.0,27.0,14.7,55
1993-05-17,12.5,16.2,64,0.00,231,3.98,0.0,21.4,15.6,38
1993-05-18,10.5,15.2,59,0.00,257,3.91,0.0,18.0,14.6,34
1993-05-19,10.5,15.8,67,0.00,186,3.59,0.0,18.3,13.9,48
1993-05-20,8.9,11.4,85,0.00,66,2.21,0.0,14.2,10.4,74
1993-05-21,7.9,10.3,96,11.40,48,0.77,18.0,12.9,8.2,91
1993-05-22,10.6,15.1,88,0.50,208,2.77,1.0,15.9,9.0,61
1993-05-23,9.8,13.1,85,1.70,49,2.08,6.0,15.8,11.8,71
1993-05-24,12.2,17.2,70,0.30,2,4.31,1.0,18.4,13.1,46
1993-05-25,11.4,15.0,84,5.50,146,1.94,6.0,14.8,12.2,72
1993-05-26,11.0,15.9,93,4.30,134,2.28,6.0,15.1,9.5,79
1993-05-27,9.9,11.8,92,1.70,306,1.43,7.0,11.2,6.0,79
1993-05-28,9.9,11.8,86,0.80,352,2.15,6.0,12.7,9.7,74
1993-05-29,8.4,10.7,90,16.40,91,1.17,8.0,25.9,15.9,79
1993-05-30,6.6,7.5,95,48.00,24,0.50,24.0,37.2,31.7,85
1993-05-31,6.5,7.5,81,2.30,28,1.63,9.0,31.9,24.3,72
1993-06-01,7.1,9.2,85,3.60,136,0.96,11.0,25.1,15.2,77
1993-06-02,9.7,14.7,81,16.70,222,2.86,14.0,28.6,24.6,52
1993-06-03,11.3,15.6,75,3.80,248,3.71,9.0,21.9,12.8,58
1993-06-04,9.0,11.2,93,5.10,13,2.09,13.0,16.1,9.7,75
1993-06-05,10.5,16.2,75,0.00,214,3.54,0.0,14.9,8.3,51
1993-06-06,13.2,16.9,70,0.00,197,3.55,0.0,21.4,15.3,53
1993-06-07,8.8,12.7,84,17.80,53,1.03,20.0,34.8,26.5,63
1993-06-08,10.4,15.7,77,1.30,334,2.59,3.0,29.4,17.8,55
1993-06-09,13.1,17.6,65,0.00,265,4.66,0.0,16.5,13.2,53
1993-06-10,11.8,14.5,86,13.90,129,1.48,10.0,18.8,15.0,68
1993-06-11,10.8,15.5,78,0.20,35,3.59,1.0,24.0,14.9,52
1993-06-12,9.5,12.0,78,0.00,25,2.62,0.0,23.4,13.8,64
1993-06-13,12.8,20.7,72,0.00,207,4.38,0.0,16.1,9.8,51
1993-06-14,15.9,20.5,85,1.00,199,2.95,4.0,17.6,9.9,71
1993-06-15,18.6,25.7,83,0.00,172,4.92,0.0,17.5,10.7,59
1993-06-16,19.1,23.6,71,0.40,214,4.96,2.0,22.1,19.3,59
1993-06-17,16.9,19.0,81,0.00,244,3.14,0.0,16.8,9.6,65
1993-06-18,16.9,20.0,81,0.00,233,2.18,0.0,15.2,11.8,64
1993-06-19,16.8,19.7,87,0.90,268,2.58,3.0,11.0,6.5,71
1993-06-20,16.8,19.9,69,0.00,17,4.99,0.0,16.5,12.4,48
1993-06-21,16.2,22.0,78,5.60,201,2.88,5.0,18.9,13.5,53
1993-06-22,15.5,17.0,99,30.50,236,0.93,21.0,14.8,10.5,97
1993-06-23,12.9,14.6,93,25.10,359,0.78,18.0,47.9,30.9,76
1993-06-24,13.0,16.8,66,0.20,360,3.73,2.0,35.1,24.0,47
1993-06-25,16.2,23.2,69,0.00,232,5.02,0.0,21.6,12.7,46
1993-06-26,20.7,27.9,65,0.00,227,6.09,0.0,25.2,21.9,54
1993-06-27,21.0,24.8,78,0.90,228,4.40,4.0,23.5,15.2,57
1993-06-28,19.1,23.1,81,0.50,203,3.05,2.0,19.1,17.1,65
1993-06-29,18.9,21.9,79,1.20,221,3.75,4.0,20.8,16.3,56
1993-06-30,15.3,19.1,85,0.00,355,2.22,0.0,14.8,12.3,70
1993-07-01,16.4,23.2,72,0.00,249,4.72,0.0,10.5,7.9,40
1993-07-02,19.3,24.0,67,0.00,218,5.12,0.0,15.3,9.7,45
1993-07-03,17.7,22.3,69,4.70,206,4.38,5.0,23.2,18.2,50
1993-07-04,17.6,20.7,93,23.60,251,2.88,17.0,17.8,12.7,81
1993-07-05,14.9,18.3,76,4.40,10,3.44,3.0,25.6,19.0,57
1993-07-06,14.9,18.4,76,0.00,97,3.14,0.0,15.6,7.7,60
1993-07-07,14.2,16.2,81,0.70,117,2.05,4.0,15.7,11.5,76
1993-07-08,17.6,23.5,87,0.00,111,4.26,0.0,12.8,7.0,74
1993-07-09,17.6,20.1,84,0.00,58,3.73,0.0,11.3,6.8,65
1993-07-10,17.9,21.5,80,0.90,139,3.24,4.0,14.0,8.9,65
1993-07-11,20.4,25.2,81,1.70,273,4.16,5.0,20.1,13.5,53
1993-07-12,16.9,19.2,81,0.00,359,2.92,0.0,19.6,12.6,74
1993-07-13,18.5,23.5,89,8.40,150,3.35,14.0,17.9,11.5,73
1993-07-14,19.5,23.3,81,0.00,274,3.99,0.0,13.6,7.0,54
1993-07-15,18.5,21.0,88,8.70,242,2.54,13.0,12.2,8.7,80
1993-07-16,15.5,17.8,87,8.30,334,2.47,12.0,16.6,12.3,73
1993-07-17,13.1,14.0,80,6.30,356,1.90,17.0,32.8,27.8,67
1993-07-18,13.3,15.4,73,3.20,10,2.96,13.0,29.3,23.7,64
1993-07-19,14.6,18.5,75,0.00,36,4.08,0.0,14.8,9.7,58
1993-07-20,17.3,23.0,76,0.70,185,4.05,1.0,17.3,14.5,52
1993-07-21,17.9,22.2,87,19.40,169,2.60,19.0,23.1,15.0,67
1993-07-22,17.6,20.9,83,6.00,208,3.53,7.0,11.2,8.4,66
1993-07-23,15.4,16.8,95,10.70,146,2.00,20.0,18.7,9.0,90
1993-07-24,14.4,15.8,90,0.40,21,2.27,3.0,14.8,12.8,82
1993-07-25,13.3,14.9,79,1.20,26,1.93,5.0,23.4,16.9,70
1993-07-26,15.6,21.1,77,0.00,168,4.48,0.0,13.2,7.2,55
1993-07-27,16.6,20.7,76,0.00,198,4.27,0.0,18.3,15.6,57
1993-07-28,16.7,20.2,85,4.40,184,1.84,10.0,18.7,15.4,71
1993-07-29,19.2,21.8,90,0.00,191,1.77,0.0,14.3,9.6,81
1993-07-30,20.1,22.4,94,1.90,153,2.04,7.0,17.0,13.0,86
1993-07-31,20.8,23.3,88,0.40,192,2.80,4.0,15.5,11.7,74
1993-08-01,21.3,24.9,83,0.10,212,4.09,1.0,16.1,11.1,67
1993-08-02,21.0,23.6,84,0.00,183,3.06,0.0,15.5,12.0,73
1993-08-03,21.4,26.0,82,0.00,216,3.52,0.0,22.9,18.5,66
1993-08-04,22.3,26.1,83,0.10,206,4.13,1.0,17.1,14.1,59
1993-08-05,20.8,22.9,88,2.50,214,2.90,6.0,17.8,10.7,71
1993-08-06,19.0,21.4,73,0.00,293,3.88,0.0,12.3,7.4,50
1993-08-07,18.5,22.3,70,0.00,186,4.13,0.0,13.3,8.9,52
1993-08-08,19.2,22.1,75,0.00,98,3.85,0.0,10.6,6.1,61
1993-08-09,20.3,24.8,78,0.90,195,4.29,3.0,11.2,9.2,55
1993-08-10,20.2,24.4,70,0.00,195,4.66,0.0,18.4,14.3,49
1993-08-11,19.0,22.2,71,0.00,171,4.37,0.0,17.0,15.0,55
1993-08-12,19.0,23.6,71,0.00,195,4.28,0.0,15.9,13.8,55
1993-08-13,19.1,21.5,82,0.10,195,3.39,1.0,14.4,9.7,76
1993-08-14,18.1,19.9,88,0.00,36,2.56,0.0,15.2,11.8,76
1993-08-15,18.2,21.9,83,0.00,7,3.70,0.0,16.9,9.6,64
1993-08-16,19.2,23.1,79,0.00,158,3.75,0.0,16.2,7.4,57
1993-08-17,20.4,25.0,75,0.90,188,4.14,2.0,19.7,16.8,55
1993-08-18,17.5,21.2,88,12.90,224,1.33,16.0,18.4,13.6,68
1993-08-19,19.0,22.0,87,0.00,171,2.97,0.0,8.7,6.6,74
1993-08-20,20.7,24.8,75,0.00,201,4.26,0.0,18.7,14.7,55
1993-08-21,17.9,21.4,74,10.80,315,3.39,10.0,26.1,18.3,48
1993-08-22,16.3,20.0,63,0.00,319,4.42,0.0,18.2,11.3,48
1993-08-23,17.8,23.3,69,0.00,223,4.35,0.0,16.8,14.6,46
1993-08-24,18.3,20.9,79,0.00,214,3.14,0.0,18.2,11.8,67
1993-08-25,19.2,23.8,89,16.70,211,1.90,15.0,23.8,19.1,74
1993-08-26,22.2,26.0,72,0.00,284,4.44,0.0,22.6,19.0,49
1993-08-27,18.4,21.0,73,0.60,46,3.72,2.0,20.2,12.1,61
1993-08-28,18.8,26.0,84,4.20,157,2.96,5.0,21.5,14.6,71
1993-08-29,17.4,21.1,64,0.00,294,4.23,0.0,22.4,16.2,44
1993-08-30,16.6,19.7,65,0.00,318,3.82,0.0,15.5,12.3,46
1993-08-31,16.2,20.4,74,0.40,172,2.45,1.0,29.3,16.5,62
1993-09-01,17.5,19.0,72,2.30,255,3.76,3.0,32.9,20.1,53
1993-09-02,15.8,19.1,76,0.00,136,3.39,0.0,14.8,7.2,60
1993-09-03,15.2,16.9,85,11.70,189,1.19,9.0,24.6,18.5,77
1993-09-04,16.9,17.8,97,13.20,264,0.69,15.0,21.1,14.3,86
1993-09-05,17.0,20.6,84,0.00,161,2.38,0.0,12.6,10.7,70
1993-09-06,16.0,18.4,80,0.00,53,2.13,0.0,15.6,12.9,68
1993-09-07,15.3,17.0,84,0.00,151,2.10,0.0,18.0,13.7,68
1993-09-08,15.8,18.9,80,0.20,160,2.37,2.0,12.6,8.3,56
1993-09-09,16.8,20.1,82,0.20,169,2.80,2.0,13.4,7.4,59
1993-09-10,16.7,19.5,91,11.50,184,1.13,13.0,33.4,22.0,82
1993-09-11,15.8,17.4,84,9.40,253,2.35,8.0,24.6,16.8,52
1993-09-12,12.1,15.1,58,0.00,269,3.69,0.0,22.4,19.5,42
1993-09-13,14.7,21.0,71,0.00,217,3.31,0.0,23.1,20.6,59
1993-09-14,19.9,23.7,78,0.00,225,2.56,0.0,27.4,22.4,69
1993-09-15,22.3,27.3,72,4.40,229,4.25,4.0,30.3,26.3,61
1993-09-16,13.3,16.6,62,4.70,0,3.41,5.0,22.8,17.9,50
1993-09-17,12.0,14.4,71,0.00,119,2.70,0.0,15.3,9.1,54
1993-09-18,13.1,14.5,87,5.30,146,0.83,13.0,19.4,14.2,75
1993-09-19,12.7,13.9,74,2.50,273,2.59,4.0,24.5,18.6,32
1993-09-20,9.2,12.4,51,0.00,272,3.35,0.0,27.2,21.3,40
1993-09-21,10.9,16.3,56,0.00,259,3.60,0.0,23.3,20.6,40
1993-09-22,11.8,16.2,72,0.00,244,2.79,0.0,14.9,9.5,53
1993-09-23,13.1,18.0,78,1.50,185,2.24,2.0,19.2,13.2,63
1993-09-24,13.0,14.0,80,7.30,260,2.13,11.0,26.7,20.9,53
1993-09-25,12.7,18.4,63,0.00,248,3.30,0.0,28.1,19.6,46
1993-09-26,12.9,14.8,79,1.50,181,1.58,5.0,17.8,11.7,63
1993-09-27,14.6,17.8,93,5.10,163,0.97,10.0,26.1,17.6,86
1993-09-28,18.1,20.5,85,20.10,195,2.29,13.0,34.3,29.0,59
1993-09-29,14.4,16.9,63,0.00,222,3.23,0.0,26.8,20.4,48
1993-09-30,10.1,13.5,73,0.00,345,1.68,0.0,18.3,13.3,63
1993-10-01,8.1,11.2,62,0.00,333,2.28,0.0,16.6,12.8,37
1993-10-02,10.1,15.8,71,0.00,193,2.34,0.0,29.8,21.3,63
1993-10-03,12.3,14.8,84,26.00,215,1.16,14.0,27.5,22.3,65
1993-10-04,8.4,13.7,86,1.90,216,1.17,6.0,35.3,24.2,73
1993-10-05,7.5,11.7,71,14.00,294,1.66,13.0,19.4,13.8,37
1993-10-06,5.8,9.3,58,0.00,283,2.35,0.0,24.3,19.3,36
1993-10-07,9.3,15.1,72,2.00,217,1.67,4.0,28.3,19.8,61
1993-10-08,7.7,12.9,61,0.60,350,1.80,3.0,22.4,14.4,52
1993-10-09,7.9,12.6,84,5.30,126,0.75,15.0,22.1,15.1,72
1993-10-10,8.4,12.7,75,3.60,263,1.74,4.0,25.9,19.4,44
1993-10-11,3.2,6.5,49,0.00,275,2.43,0.0,25.9,18.7,36
1993-10-12,5.0,9.3,62,0.00,180,1.86,0.0,21.8,14.1,52
1993-10-13,7.6,9.1,83,30.30,231,1.07,12.0,28.9,24.4,49
1993-10-14,3.3,6.9,55,0.00,255,2.12,0.0,23.2,17.1,41
1993-10-15,4.3,8.9,70,0.00,223,1.69,0.0,14.3,10.3,50
1993-10-16,6.7,11.5,83,0.00,209,1.16,0.0,20.7,14.1,67
1993-10-17,9.7,12.9,86,1.70,203,1.05,4.0,22.1,19.4,76
1993-10-18,12.0,14.8,90,6.20,197,0.76,10.0,28.1,22.9,63
1993-10-19,6.3,9.5,55,0.00,311,2.33,0.0,27.3,19.9,44
1993-10-20,4.4,6.7,67,0.00,349,1.55,0.0,14.4,10.7,52
1993-10-21,3.7,5.7,82,11.10,160,0.64,5.0,25.5,14.3,70
1993-10-22,8.5,10.6,79,26.90,233,1.57,10.0,37.5,27.3,51
1993-10-23,5.2,7.8,73,1.20,288,1.27,7.0,30.3,21.1,62
1993-10-24,2.3,5.0,66,2.10,255,1.32,6.0,27.8,19.1,50
1993-10-25,3.8,6.8,75,0.00,301,1.15,0.0,26.8,22.3,50
1993-10-26,0.1,2.2,60,0.00,322,1.42,0.0,21.7,12.6,51
1993-10-27,2.4,5.6,79,2.70,155,0.79,3.0,18.7,15.5,66
1993-10-28,4.5,7.1,90,34.30,4,0.64,15.0,36.1,25.1,72
1993-10-29,3.9,7.1,74,0.00,259,1.29,0.0,19.5,17.1,49
1993-10-30,6.9,9.0,81,0.90,213,0.94,6.0,20.2,16.0,64
1993-10-31,4.8,6.0,76,3.30,24,0.79,8.0,18.8,14.0,68
1993-11-01,2.8,4.4,84,16.30,54,0.54,12.0,32.7,25.1,74
1993-11-02,2.6,4.7,82,4.40,337,0.92,12.0,34.1,26.4,61
1993-11-03,0.8,4.7,75,0.00,226,0.81,0.0,21.0,14.3,65
1993-11-04,4.6,6.8,85,2.40,233,0.90,10.0,21.8,17.6,61
1993-11-05,4.8,7.3,82,0.20,208,0.81,2.0,21.5,15.0,74
1993-11-06,9.7,11.5,94,16.40,199,0.43,17.0,28.5,22.8,85
1993-11-07,3.9,7.8,65,0.00,282,1.21,0.0,19.5,16.3,48
1993-11-08,0.3,3.3,57,0.00,239,1.39,0.0,19.3,15.9,46
1993-11-09,2.2,7.0,71,0.00,221,1.28,0.0,20.1,19.0,56
1993-11-10,2.2,4.0,84,1.20,245,0.64,4.0,19.4,12.3,74
1993-11-11,0.1,2.6,82,0.00,284,0.75,0.0,20.1,14.3,63
1993-11-12,3.1,6.2,88,4.60,226,0.46,14.0,26.1,18.6,72
1993-11-13,-0.9,1.2,57,0.00,301,1.35,0.0,30.3,18.3,44
1993-11-14,3.6,7.3,86,4.60,223,0.58,8.0,24.5,18.9,55
1993-11-15,2.2,5.0,90,7.90,38,0.27,9.0,17.7,14.3,84
1993-11-16,-0.2,1.4,80,3.00,308,0.71,3.0,19.5,16.7,58
1993-11-17,0.7,5.0,82,0.00,231,0.65,0.0,22.3,16.9,75
1993-11-18,1.3,3.2,82,3.80,305,0.71,10.0,24.0,16.3,55
1993-11-19,-0.6,3.3,64,0.00,213,1.03,0.0,23.2,14.8,54
1993-11-20,6.1,9.2,89,7.20,179,0.57,11.0,35.9,25.0,74
1993-11-21,-0.9,4.2,57,2.60,257,1.41,2.0,33.6,27.9,35
1993-11-22,2.2,6.6,61,0.00,228,1.46,0.0,28.5,23.6,39
1993-11-23,-2.3,4.8,53,0.00,341,1.14,0.0,23.7,15.2,42
1993-11-24,-3.3,-0.9,66,5.10,290,0.70,12.0,30.8,16.9,48
1993-11-25,-8.6,-3.6,49,0.00,299,1.09,0.0,29.1,23.9,33
1993-11-26,-4.0,-2.4,44,0.00,286,1.47,0.0,25.9,23.7,35
1993-11-27,-2.6,2.7,45,0.00,269,1.33,0.0,22.7,14.1,33
1993-11-28,1.0,5.9,77,0.30,192,0.71,1.0,28.6,18.7,51
1993-11-29,6.6,11.7,80,8.50,206,0.93,10.0,41.1,29.8,55
1993-11-30,-0.9,0.4,58,0.00,271,1.16,0.0,21.7,16.5,44
1993-12-01,-5.0,-2.4,46,0.00,304,1.13,0.0,24.0,15.1,33
1993-12-02,-1.7,3.0,54,0.00,230,1.33,0.0,23.7,21.2,41
1993-12-03,3.0,5.2,90,0.70,228,0.39,4.0,25.7,20.7,82
1993-12-04,0.8,3.3,94,0.00,249,0.33,0.0,16.2,10.4,87
1993-12-05,0.6,1.3,98,14.80,92,0.13,23.0,22.4,14.1,96
1993-12-06,-0.7,0.4,86,14.50,10,0.46,16.0,35.8,30.8,75
1993-12-07,-2.2,-0.5,87,0.10,46,0.28,1.0,23.2,10.4,83
1993-12-08,-3.4,-1.6,87,0.00,287,0.32,0.0,12.0,7.2,72
1993-12-09,-2.7,-0.3,86,0.00,114,0.34,0.0,8.3,5.2,74
1993-12-10,-1.4,1.5,87,0.00,160,0.35,0.0,21.6,14.1,82
1993-12-11,4.3,7.2,91,6.60,152,0.38,12.0,35.8,28.1,85
1993-12-12,7.5,10.3,96,9.20,168,0.24,10.0,40.5,22.9,83
1993-12-13,-0.2,1.3,70,0.20,13,0.93,1.0,28.2,22.1,61
1993-12-14,0.6,1.7,83,4.70,23,0.55,15.0,28.4,27.0,68
1993-12-15,1.2,1.6,92,5.30,13,0.24,24.0,29.3,25.3,83
1993-12-16,-1.4,0.6,67,0.00,23,1.10,0.0,41.5,36.2,60
1993-12-17,-2.6,-0.1,57,0.00,359,1.11,0.0,34.6,19.3,42
1993-12-18,-3.2,-1.9,63,0.00,313,0.74,0.0,16.0,10.3,48
1993-12-19,-1.5,1.2,85,7.30,119,0.31,5.0,23.6,13.2,74
1993-12-20,0.7,2.2,86,3.90,266,0.56,9.0,22.1,16.9,70
1993-12-21,-0.4,1.7,88,0.90,146,0.35,2.0,30.9,15.5,82
1993-12-22,3.3,5.0,83,17.80,180,0.79,8.0,45.3,34.5,61
1993-12-23,-5.6,-0.3,51,0.00,254,1.14,0.0,35.8,25.5,42
1993-12-24,-12.3,-9.5,48,0.00,308,0.70,0.0,24.2,18.9,33
1993-12-25,-6.0,-1.8,63,0.10,151,0.62,1.0,19.4,15.1,41
1993-12-26,-2.6,-1.2,85,1.80,210,0.31,6.0,17.5,8.2,69
1993-12-27,-17.9,-4.6,64,1.70,257,0.41,4.0,40.4,34.7,57
1993-12-28,-23.7,-21.2,63,0.00,265,0.26,0.0,28.9,26.1,55
1993-12-29,-23.5,-20.2,63,0.00,275,0.24,0.0,25.6,18.1,54
1993-12-30,-16.6,-10.6,71,9.30,344,0.21,13.0,36.4,15.3,63
1993-12-31,-15.6,-12.7,67,0.10,275,0.44,1.0,34.4,23.9,56
1994-01-01,-10.7,-5.2,76,0.00,231,0.42,0.0,20.3,16.5,67
1994-01-02,0.8,3.3,80,2.10,219,0.77,6.0,30.0,23.8,63
1994-01-03,-17.8,-8.6,64,0.00,315,0.34,0.0,27.7,16.0,54
1994-01-04,-14.9,-6.2,74,12.70,57,0.23,12.0,39.3,19.0,59
1994-01-05,-4.3,-2.3,87,6.30,221,0.33,14.0,33.4,16.4,70
1994-01-06,-15.8,-11.7,63,0.00,257,0.46,0.0,37.0,30.3,51
1994-01-07,-17.6,-14.2,62,0.00,267,0.44,0.0,31.9,25.0,52
1994-01-08,-15.2,-7.3,80,15.60,26,0.17,9.0,25.4,13.6,68
1994-01-09,-10.9,-6.2,74,3.10,252,0.45,4.0,31.5,27.3,59
1994-01-10,-13.0,-10.3,66,0.00,278,0.54,0.0,25.6,24.1,58
1994-01-11,-13.4,-9.9,73,0.00,251,0.37,0.0,18.6,13.0,63
1994-01-12,-9.7,-7.6,75,0.50,266,0.44,3.0,19.0,15.2,54
1994-01-13,-10.5,-6.2,81,0.00,106,0.26,0.0,14.7,9.7,73
1994-01-14,-9.2,-6.2,90,3.30,47,0.18,6.0,24.2,9.3,88
1994-01-15,-4.9,-2.9,86,7.60,254,0.42,10.0,25.6,16.4,70
1994-01-16,-20.9,-10.6,61,0.00,251,0.32,0.0,27.9,24.8,47
1994-01-17,-21.3,-12.5,68,1.90,227,0.23,8.0,26.1,18.2,60
1994-01-18,-0.6,7.1,84,28.20,200,0.51,20.0,44.0,27.7,71
1994-01-19,-15.3,-7.4,63,0.00,263,0.43,0.0,26.3,21.8,47
1994-01-20,-22.4,-17.0,65,0.00,239,0.30,0.0,19.4,17.1,48
1994-01-21,-19.3,-14.8,70,0.00,233,0.33,0.0,17.7,15.3,52
1994-01-22,-12.1,-8.3,77,0.30,221,0.36,3.0,17.7,13.4,61
1994-01-23,-18.7,-10.9,61,0.00,291,0.39,0.0,26.5,21.7,48
1994-01-24,-19.7,-16.5,74,4.70,78,0.18,12.0,14.8,10.6,67
1994-01-25,-19.1,-15.6,70,0.00,275,0.32,0.0,18.1,13.1,50
1994-01-26,-25.2,-20.0,60,0.00,315,0.25,0.0,18.4,16.5,46
1994-01-27,-21.6,-13.3,67,0.00,310,0.36,0.0,17.3,11.7,50
1994-01-28,-10.1,5.1,81,10.10,186,0.33,11.0,41.4,22.6,73
1994-01-29,3.7,7.8,81,12.50,229,0.92,8.0,44.2,28.5,62
1994-01-30,-14.3,-6.8,65,0.00,310,0.46,0.0,16.6,15.4,48
1994-01-31,-20.6,-15.2,64,0.00,265,0.36,0.0,15.8,10.5,46
1994-02-01,-19.1,-14.6,67,0.00,268,0.39,0.0,14.5,10.3,49
1994-02-02,-16.3,-9.8,68,0.00,227,0.50,0.0,15.6,13.2,51
1994-02-03,-10.8,-7.2,78,2.50,17,0.45,9.0,16.9,13.2,64
1994-02-04,-10.0,-7.3,70,0.00,245,0.61,0.0,23.5,16.7,50
1994-02-05,-10.1,-3.9,77,0.00,186,0.53,0.0,13.9,11.9,70
1994-02-06,-6.6,-3.9,77,0.20,265,0.60,2.0,21.0,15.2,47
1994-02-07,-13.4,-9.7,73,1.60,280,0.43,5.0,22.3,10.7,57
1994-02-08,-21.1,-15.1,59,0.00,277,0.38,0.0,23.8,20.0,41
1994-02-09,-22.3,-17.4,60,0.00,278,0.35,0.0,15.7,11.1,42
1994-02-10,-19.9,-16.0,60,0.00,301,0.42,0.0,24.2,18.7,46
1994-02-11,-17.1,-11.8,60,0.00,275,0.56,0.0,17.6,11.4,42
1994-02-12,-15.0,-8.1,65,0.00,238,0.61,0.0,9.8,6.8,42
1994-02-13,-11.2,-10.1,75,8.70,87,0.32,8.0,24.6,13.8,64
1994-02-14,-9.7,-9.0,82,18.80,11,0.42,24.0,33.5,29.7,70
1994-02-15,-10.1,-6.5,70,0.00,340,0.77,0.0,29.5,20.4,59
1994-02-16,-11.8,-8.5,81,0.00,32,0.47,0.0,13.8,10.3,71
1994-02-17,-10.9,-5.2,74,0.00,250,0.74,0.0,17.7,11.0,52
1994-02-18,-7.6,-5.6,67,0.00,282,0.86,0.0,23.6,19.1,47
1994-02-19,-6.2,5.4,68,0.00,236,1.13,0.0,31.4,19.0,59
1994-02-20,5.5,9.3,73,0.00,243,1.57,0.0,29.8,25.4,66
1994-02-21,4.8,7.2,79,0.60,249,1.27,2.0,23.8,18.7,68
1994-02-22,-2.5,1.1,79,0.00,346,0.67,0.0,29.0,13.9,57
1994-02-23,-14.3,-11.1,59,0.00,311,0.75,0.0,29.0,19.9,45
1994-02-24,-14.3,-13.3,73,16.10,68,0.29,13.0,36.2,19.2,61
1994-02-25,-11.6,-9.2,70,9.50,267,0.72,7.0,38.0,28.2,47
1994-02-26,-11.8,-8.8,60,0.00,266,0.90,0.0,27.7,22.7,48
1994-02-27,-14.3,-10.4,61,0.00,270,0.74,0.0,27.9,23.4,50
1994-02-28,-13.3,-9.0,61,0.00,278,0.81,0.0,23.4,20.9,50
1994-03-01,-13.2,-9.9,59,0.00,289,0.83,0.0,22.8,20.5,47
1994-03-02,-14.2,-9.6,60,0.00,315,0.86,0.0,19.9,13.1,34
1994-03-03,-12.3,-6.9,75,1.20,138,0.58,3.0,21.0,13.3,62
1994-03-04,-3.4,0.4,90,37.20,30,0.36,22.0,38.0,23.6,81
1994-03-05,-4.6,-3.7,78,4.10,326,0.72,22.0,20.4,17.3,68
1994-03-06,-10.3,-6.5,68,0.70,13,0.93,4.0,22.6,16.0,49
1994-03-07,-7.6,1.3,76,0.00,206,1.09,0.0,21.7,17.9,63
1994-03-08,2.4,6.8,82,4.90,202,1.25,9.0,20.9,16.1,64
1994-03-09,-0.4,2.8,68,3.00,258,1.50,7.0,25.3,19.5,44
1994-03-10,-2.3,1.7,88,30.70,173,0.31,16.0,22.4,14.1,72
1994-03-11,-1.4,1.4,80,9.80,356,0.73,14.0,25.4,17.4,65
1994-03-12,-10.4,-5.9,59,0.00,356,1.09,0.0,29.8,20.6,41
1994-03-13,-8.9,0.2,73,0.20,204,0.89,2.0,20.5,15.2,54
1994-03-14,0.8,4.5,90,4.60,181,0.80,19.0,19.7,13.2,79
1994-03-15,1.4,4.2,97,16.30,129,0.32,13.0,22.9,10.2,95
1994-03-16,3.7,6.0,91,21.90,156,0.82,14.0,26.5,17.2,76
1994-03-17,1.4,4.0,89,15.40,313,0.93,14.0,17.3,11.6,72
1994-03-18,-1.6,1.3,76,0.00,257,1.37,0.0,15.7,13.4,58
1994-03-19,-3.3,1.8,71,0.00,259,1.54,0.0,15.7,12.2,55
1994-03-20,-1.6,1.7,82,0.10,306,1.00,1.0,20.3,14.2,74
1994-03-21,-1.0,0.9,78,0.00,22,1.45,0.0,23.8,15.9,66
1994-03-22,-1.5,3.5,76,0.00,156,1.60,0.0,18.2,13.6,59
1994-03-23,-1.2,0.4,92,34.70,86,0.35,20.0,19.4,15.4,80
1994-03-24,0.4,4.5,84,3.30,344,1.78,9.0,13.5,9.3,55
1994-03-25,-0.2,1.9,89,5.40,121,0.64,10.0,21.2,12.8,80
1994-03-26,-0.6,2.3,82,0.00,339,1.07,0.0,19.3,15.3,62
1994-03-27,-1.6,1.2,77,0.20,271,1.53,1.0,15.2,11.4,57
1994-03-28,0.7,5.2,91,9.70,96,1.00,14.0,18.5,12.4,71
1994-03-29,-1.8,-0.6,92,0.00,65,0.68,0.0,12.6,8.1,85
1994-03-30,-1.9,2.6,74,0.20,277,1.70,2.0,27.4,13.4,42
1994-03-31,-1.1,4.4,64,0.00,239,1.72,0.0,31.1,23.0,51
1994-04-01,0.5,2.3,69,0.80,249,1.52,6.0,24.0,18.4,62
1994-04-02,-8.9,-4.6,65,0.00,0,1.55,0.0,19.4,11.5,43
1994-04-03,0.1,9.9,73,0.70,190,1.98,2.0,40.6,27.9,64
1994-04-04,3.3,6.4,90,11.20,225,0.84,19.0,30.6,12.4,81
1994-04-05,2.2,8.2,75,0.00,201,2.12,0.0,16.3,11.4,54
1994-04-06,2.5,5.1,87,2.80,209,0.99,8.0,17.7,12.4,68
1994-04-07,-0.7,0.4,97,25.50,16,0.29,24.0,19.5,15.3,94
1994-04-08,-1.1,2.5,68,1.70,304,1.97,5.0,25.8,22.0,38
1994-04-09,-0.8,4.8,65,0.00,264,2.29,0.0,18.4,12.5,51
1994-04-10,3.5,6.2,84,8.80,197,0.84,12.0,23.2,19.6,58
1994-04-11,3.1,4.9,78,0.00,281,1.75,0.0,30.3,22.9,55
1994-04-12,2.9,9.7,55,0.00,280,2.98,0.0,25.0,18.3,46
1994-04-13,5.2,10.6,67,0.00,219,2.85,0.0,18.5,12.6,53
1994-04-14,7.5,11.2,87,9.70,180,1.31,15.0,24.4,20.3,65
1994-04-15,8.6,14.4,70,0.00,258,3.23,0.0,21.9,17.4,51
1994-04-16,7.4,13.0,78,0.00,135,2.63,0.0,29.7,14.8,64
1994-04-17,10.8,13.6,81,11.30,190,2.68,7.0,31.9,22.2,44
1994-04-18,5.8,9.8,77,1.40,208,2.35,5.0,18.4,13.6,52
1994-04-19,4.2,8.6,73,1.10,212,2.37,4.0,17.5,12.2,49
1994-04-20,3.3,5.7,88,4.00,359,0.71,8.0,14.8,9.9,69
1994-04-21,4.2,8.1,65,0.00,264,2.75,0.0,21.3,18.2,36
1994-04-22,2.0,4.5,59,0.50,261,2.28,4.0,15.6,11.3,47
1994-04-23,0.4,3.8,54,0.30,284,2.28,3.0,22.9,11.4,32
1994-04-24,0.7,2.4,82,3.40,78,1.41,6.0,15.1,10.6,68
1994-04-25,1.5,6.7,67,0.00,30,2.72,0.0,15.7,9.6,40
1994-04-26,2.9,7.7,69,0.00,124,2.79,0.0,17.8,8.5,49
1994-04-27,6.5,15.8,82,6.30,196,1.97,8.0,19.3,17.0,70
1994-04-28,6.6,10.8,68,12.20,289,2.73,5.0,31.8,23.9,36
1994-04-29,5.0,11.6,50,0.00,262,3.67,0.0,17.3,13.9,32
1994-04-30,5.1,7.9,76,4.40,224,1.66,9.0,20.1,13.6,52
1994-05-01,3.2,5.9,88,18.70,166,0.67,11.0,17.2,13.2,75
1994-05-02,4.3,8.9,89,5.90,255,1.19,6.0,18.3,10.5,63
1994-05-03,5.6,10.6,65,0.00,277,2.96,0.0,19.4,13.5,36
1994-05-04,8.3,14.1,58,0.30,245,3.80,2.0,18.2,12.1,42
1994-05-05,7.3,10.1,74,18.70,166,1.74,8.0,34.8,17.0,56
1994-05-06,3.1,4.3,96,22.00,14,0.34,23.0,36.3,28.7,91
1994-05-07,5.3,8.5,87,10.00,355,1.82,14.0,24.0,16.4,64
1994-05-08,5.6,11.0,85,4.80,148,1.60,6.0,25.3,13.9,71
1994-05-09,5.6,10.3,94,31.10,174,0.76,18.0,31.3,16.5,73
1994-05-10,10.3,15.6,76,0.70,213,3.01,2.0,23.3,16.5,51
1994-05-11,8.8,12.4,68,1.20,276,3.21,6.0,16.8,9.0,38
1994-05-12,9.2,13.3,63,0.00,176,2.61,0.0,25.9,19.7,48
1994-05-13,6.8,9.6,97,22.70,120,0.60,24.0,26.5,19.2,72
1994-05-14,4.0,4.7,96,12.50,337,0.51,22.0,24.5,21.5,89
1994-05-15,5.7,9.1,79,0.00,359,2.39,0.0,21.3,15.7,62
1994-05-16,6.3,10.2,83,0.00,57,2.80,0.0,15.8,10.6,69
1994-05-17,5.4,7.8,82,0.00,37,1.63,0.0,22.1,16.4,73
1994-05-18,4.7,6.0,91,7.80,29,0.55,18.0,28.7,25.8,85
1994-05-19,3.8,4.9,81,2.30,33,1.58,6.0,33.2,28.7,69
1994-05-20,5.5,9.8,77,0.00,38,3.21,0.0,18.5,12.6,63
1994-05-21,10.6,20.7,72,0.00,214,3.98,0.0,21.4,14.4,46
1994-05-22,9.6,14.2,70,0.00,100,3.75,0.0,20.1,10.6,57
1994-05-23,10.6,12.8,77,1.70,105,2.82,6.0,26.5,16.6,61
1994-05-24,6.8,10.1,62,0.00,80,3.62,0.0,23.2,14.2,52
1994-05-25,8.5,10.4,77,14.70,187,1.35,14.0,22.7,18.2,56
1994-05-26,9.2,10.4,88,1.30,43,1.88,3.0,16.9,12.3,66
1994-05-27,5.3,7.2,88,22.50,20,0.90,19.0,29.7,22.4,76
1994-05-28,9.1,15.9,68,1.10,246,4.00,6.0,25.1,15.8,37
1994-05-29,11.0,14.5,68,1.90,208,3.86,5.0,26.8,14.7,50
1994-05-30,10.5,15.2,87,0.80,182,2.55,4.0,16.5,9.2,69
1994-05-31,16.4,23.4,76,0.60,212,4.42,1.0,30.0,23.8,58
1994-06-01,14.8,17.8,82,6.70,214,2.46,8.0,28.8,19.6,66
1994-06-02,8.6,13.8,95,8.10,14,0.74,14.0,18.8,13.5,84
1994-06-03,8.6,11.9,80,1.80,6,2.61,9.0,23.6,18.1,59
1994-06-04,8.8,13.6,77,0.50,110,3.59,2.0,12.7,6.6,58
1994-06-05,12.6,18.5,73,0.00,196,3.83,0.0,21.1,12.1,51
1994-06-06,15.2,21.9,65,0.00,209,5.07,0.0,29.0,23.0,50
1994-06-07,13.7,17.0,90,25.10,212,1.45,15.0,26.7,17.2,71
1994-06-08,10.7,14.8,91,13.30,39,1.19,9.0,20.2,11.3,77
1994-06-09,11.4,17.3,78,2.40,222,3.29,5.0,24.1,15.5,52
1994-06-10,11.0,14.2,54,0.00,301,4.08,0.0,25.0,17.5,37
1994-06-11,14.4,22.6,59,0.00,224,5.32,0.0,21.0,13.8,41
1994-06-12,16.2,20.3,63,0.80,212,4.58,3.0,23.2,20.2,45
1994-06-13,15.8,19.1,83,5.30,196,2.04,7.0,29.3,23.2,72
1994-06-14,15.9,16.9,96,20.10,202,0.74,13.0,28.8,22.7,90
1994-06-15,14.3,16.7,93,0.20,25,2.03,1.0,17.2,12.7,81
1994-06-16,15.8,24.2,83,0.00,170,4.75,0.0,14.5,8.0,58
1994-06-17,19.0,26.2,86,0.00,224,3.64,0.0,23.5,15.3,73
1994-06-18,17.7,22.3,89,14.70,169,3.18,5.0,14.5,5.5,76
1994-06-19,15.9,20.3,83,12.20,20,3.13,11.0,17.5,11.4,55
1994-06-20,16.7,20.6,70,0.00,249,4.64,0.0,13.3,9.4,51
1994-06-21,17.2,22.4,74,5.00,203,3.69,5.0,29.2,18.8,52
1994-06-22,16.6,21.3,83,10.10,226,3.37,14.0,32.6,24.3,59
1994-06-23,17.2,20.7,65,0.00,257,4.67,0.0,26.5,18.8,44
1994-06-24,16.6,20.1,67,0.00,278,3.82,0.0,20.5,14.1,57
1994-06-25,17.3,20.3,81,0.00,119,4.06,0.0,19.9,11.7,68
1994-06-26,19.0,24.4,84,2.70,164,3.14,8.0,23.0,20.5,72
1994-06-27,20.9,25.2,75,0.00,231,4.69,0.0,20.7,15.7,52
1994-06-28,19.5,24.1,92,4.50,170,2.27,11.0,31.0,19.5,75
1994-06-29,20.9,25.4,81,0.50,214,4.18,4.0,27.0,23.5,56
1994-06-30,20.3,23.4,87,11.60,209,2.46,6.0,24.9,19.0,76
1994-07-01,20.4,23.4,87,3.50,211,2.99,4.0,22.6,16.1,76
1994-07-02,21.0,25.2,83,0.10,212,4.41,1.0,20.6,15.4,61
1994-07-03,19.8,22.4,69,0.20,254,5.27,1.0,22.8,16.2,42
1994-07-04,17.5,20.5,61,0.00,312,5.09,0.0,16.9,11.0,42
1994-07-05,18.1,23.8,71,0.00,188,4.57,0.0,25.8,11.8,52
1994-07-06,18.1,21.8,77,12.40,215,4.02,7.0,28.3,17.8,55
1994-07-07,16.5,19.1,72,0.00,87,3.89,0.0,17.6,11.8,59
1994-07-08,15.5,16.6,84,4.70,91,1.79,10.0,22.1,17.7,76
1994-07-09,17.5,21.8,82,0.00,139,2.68,0.0,21.2,14.2,70
1994-07-10,20.6,24.9,83,1.20,204,2.81,6.0,22.0,19.5,67
1994-07-11,21.0,24.1,75,0.00,257,4.87,0.0,16.6,12.2,45
1994-07-12,20.8,25.1,63,0.00,241,5.44,0.0,15.6,13.8,46
1994-07-13,21.3,26.1,71,0.10,227,4.72,1.0,20.1,15.6,57
1994-07-14,19.1,22.7,64,0.00,303,5.49,0.0,20.5,14.0,43
1994-07-15,20.2,24.2,72,0.00,186,4.84,0.0,13.4,11.6,47
1994-07-16,20.2,24.0,74,0.80,220,3.52,3.0,17.0,10.6,57
1994-07-17,19.2,21.7,77,0.00,8,3.93,0.0,14.7,9.4,67
1994-07-18,20.7,25.4,77,0.00,182,4.52,0.0,17.0,11.6,57
1994-07-19,19.7,22.0,72,0.00,164,3.50,0.0,19.9,14.8,62
1994-07-20,21.8,26.7,75,0.00,251,4.48,0.0,16.9,11.8,47
1994-07-21,23.6,28.9,69,0.00,225,5.23,0.0,16.3,9.8,47
1994-07-22,24.6,30.2,78,3.00,218,4.57,4.0,22.1,18.3,56
1994-07-23,23.2,26.2,92,6.60,223,2.62,7.0,19.7,16.7,82
1994-07-24,23.6,26.8,83,0.40,220,3.62,2.0,23.2,18.6,61
1994-07-25,22.4,24.9,86,3.50,193,3.16,2.0,17.2,12.7,73
1994-07-26,22.4,26.1,86,0.40,209,2.99,3.0,19.3,13.7,61
1994-07-27,21.4,23.7,91,11.30,206,1.62,8.0,24.5,19.3,77
1994-07-28,20.5,22.7,85,5.40,211,2.44,4.0,14.3,9.2,71
1994-07-29,20.3,24.6,91,13.00,240,2.22,17.0,14.0,8.7,69
1994-07-30,20.8,24.3,61,0.00,263,5.47,0.0,21.1,14.5,39
1994-07-31,21.8,26.0,82,1.20,221,3.16,4.0,16.9,13.4,65
1994-08-01,23.0,27.2,76,0.00,231,4.86,0.0,20.2,17.1,54
1994-08-02,20.9,23.9,78,6.90,227,3.05,9.0,20.6,17.0,67
1994-08-03,17.2,18.0,78,7.40,74,2.05,14.0,16.5,12.8,65
1994-08-04,20.7,26.1,81,0.30,211,3.65,2.0,17.9,11.9,54
1994-08-05,21.0,25.9,87,11.50,211,2.73,5.0,30.8,23.4,69
1994-08-06,15.5,17.1,71,3.70,4,2.72,12.0,19.7,17.8,56
1994-08-07,16.2,19.8,68,0.00,38,4.11,0.0,11.8,9.0,52
1994-08-08,18.0,22.6,73,0.00,157,4.53,0.0,13.7,9.2,59
1994-08-09,18.2,22.0,76,0.00,105,4.47,0.0,12.5,7.9,59
1994-08-10,19.0,22.0,79,2.00,235,2.73,9.0,16.1,12.9,66
1994-08-11,17.9,22.1,60,0.00,269,4.89,0.0,19.4,15.9,40
1994-08-12,16.7,20.1,59,0.00,287,4.63,0.0,16.4,11.7,39
1994-08-13,18.3,23.3,74,0.00,203,3.76,0.0,18.5,14.4,59
1994-08-14,19.3,20.6,90,3.50,194,1.29,6.0,20.4,15.4,73
1994-08-15,18.1,20.2,68,0.10,243,4.11,1.0,27.7,21.6,40
1994-08-16,16.5,20.6,59,0.00,257,4.80,0.0,23.4,19.7,41
1994-08-17,18.6,24.8,65,0.00,224,4.98,0.0,22.1,17.8,47
1994-08-18,18.3,20.7,74,3.20,227,3.00,4.0,23.0,11.9,60
1994-08-19,16.7,18.5,86,1.30,78,2.07,2.0,11.9,9.6,68
1994-08-20,18.3,22.4,79,0.00,162,2.89,0.0,14.0,10.8,63
1994-08-21,20.7,25.3,80,0.20,214,3.45,1.0,26.3,21.8,60
1994-08-22,17.0,20.0,76,30.80,309,3.00,8.0,23.8,14.2,49
1994-08-23,15.7,18.2,66,0.00,26,3.73,0.0,16.1,11.5,52
1994-08-24,15.3,19.0,71,0.00,34,3.78,0.0,12.1,7.7,52
1994-08-25,17.5,23.2,74,0.00,201,4.14,0.0,18.1,14.0,50
1994-08-26,19.3,23.9,77,0.30,235,3.38,2.0,20.0,16.1,59
1994-08-27,19.7,25.0,84,0.60,226,2.92,2.0,18.7,14.5,63
1994-08-28,19.2,23.2,77,0.00,221,3.62,0.0,17.3,8.1,52
1994-08-29,19.6,22.0,77,5.60,220,3.64,9.0,26.1,22.8,53
1994-08-30,15.8,18.0,57,0.00,254,4.10,0.0,31.0,23.9,47
1994-08-31,14.0,16.6,58,0.00,275,3.77,0.0,25.2,21.7,45
1994-09-01,13.0,16.4,65,0.40,317,3.32,1.0,12.3,9.3,49
1994-09-02,13.6,16.6,63,0.00,298,3.12,0.0,20.3,14.7,42
1994-09-03,13.1,15.2,69,0.00,311,2.70,0.0,13.8,10.4,53
1994-09-04,13.3,16.8,70,0.00,47,3.15,0.0,13.6,10.2,50
1994-09-05,12.9,13.9,80,11.80,65,1.27,9.0,40.0,22.7,66
1994-09-06,14.4,16.6,90,12.70,92,1.34,19.0,40.3,27.6,82
1994-09-07,14.3,15.9,84,1.70,232,1.66,8.0,26.7,20.4,70
1994-09-08,14.5,18.1,80,2.10,235,2.38,6.0,18.2,15.6,68
1994-09-09,14.9,19.2,79,0.20,240,2.84,1.0,17.3,12.7,59
1994-09-10,15.3,18.1,79,3.90,189,2.65,10.0,15.7,11.5,54
1994-09-11,13.5,14.8,92,12.00,1,1.19,15.0,15.2,9.8,86
1994-09-12,11.7,13.0,88,12.20,323,0.91,18.0,29.1,23.2,74
1994-09-13,12.2,14.5,76,0.00,341,1.80,0.0,23.8,12.8,63
1994-09-14,12.8,15.3,77,0.00,329,2.12,0.0,12.5,8.1,59
1994-09-15,13.5,16.6,70,0.00,322,2.65,0.0,18.7,13.3,51
1994-09-16,13.0,16.8,69,0.00,299,3.04,0.0,13.8,8.9,52
1994-09-17,17.0,22.5,80,1.30,223,2.48,3.0,30.1,24.0,68
1994-09-18,12.5,16.7,62,0.00,326,2.62,0.0,16.9,13.1,46
1994-09-19,10.0,13.2,64,0.00,246,2.33,0.0,28.9,18.2,46
1994-09-20,11.9,18.9,69,0.00,242,3.11,0.0,20.9,17.6,52
1994-09-21,13.4,16.1,73,0.00,310,2.59,0.0,20.1,15.2,50
1994-09-22,12.0,15.3,75,0.00,69,2.61,0.0,13.0,9.5,58
1994-09-23,12.6,16.6,79,0.00,167,2.08,0.0,13.2,9.7,61
1994-09-24,13.7,17.6,83,0.60,159,1.80,3.0,11.5,7.0,69
1994-09-25,14.8,18.5,84,0.20,119,2.43,1.0,9.8,6.9,68
1994-09-26,13.8,16.9,87,0.00,80,2.25,0.0,10.0,6.2,73
1994-09-27,12.8,16.6,89,0.00,90,1.93,0.0,15.1,7.9,69
1994-09-28,13.9,15.8,93,7.20,116,0.82,11.0,25.0,17.1,89
1994-09-29,15.6,16.8,97,10.70,146,0.67,15.0,25.0,18.4,92
1994-09-30,13.0,15.1,92,1.50,234,1.38,5.0,15.3,11.6,79
1994-10-01,9.6,11.6,80,0.20,296,1.11,2.0,25.4,21.4,67
1994-10-02,8.2,10.5,61,0.00,294,2.26,0.0,26.1,22.6,46
1994-10-03,8.7,11.5,74,1.70,303,1.51,5.0,26.0,20.6,59
1994-10-04,10.5,12.9,69,0.00,304,2.00,0.0,23.1,17.3,54
1994-10-05,9.9,12.3,77,1.10,261,1.58,7.0,14.8,11.7,66
1994-10-06,8.2,10.6,73,0.40,283,1.44,3.0,17.7,14.7,53
1994-10-07,9.3,15.2,70,0.00,252,2.30,0.0,16.6,14.3,55
1994-10-08,14.0,20.0,76,0.00,231,2.59,0.0,22.0,18.5,56
1994-10-09,15.2,20.5,74,0.00,217,2.79,0.0,29.5,21.9,55
1994-10-10,14.5,15.7,73,1.40,232,2.04,6.0,29.2,21.2,52
1994-10-11,7.2,11.3,52,0.00,317,2.54,0.0,25.9,22.3,42
1994-10-12,5.3,7.9,59,0.00,344,2.08,0.0,21.1,13.9,48
1994-10-13,7.4,13.3,70,0.00,223,1.92,0.0,15.2,9.9,51
1994-10-14,8.2,9.8,67,0.00,315,2.13,0.0,26.9,21.3,40
1994-10-15,6.0,8.6,54,0.00,318,2.58,0.0,30.3,25.5,42
1994-10-16,7.3,10.4,61,0.00,345,2.36,0.0,30.2,26.7,53
1994-10-17,7.0,8.3,71,0.00,25,1.52,0.0,28.8,26.4,62
1994-10-18,7.5,9.9,75,0.00,25,1.56,0.0,24.3,20.0,62
1994-10-19,7.6,13.0,79,0.00,301,1.61,0.0,9.4,5.7,49
1994-10-20,8.8,14.0,75,0.00,168,1.81,0.0,16.3,11.0,52
1994-10-21,9.6,12.2,82,0.10,161,1.01,1.0,14.8,12.1,73
1994-10-22,9.3,10.4,96,26.40,68,0.25,23.0,22.0,17.3,87
1994-10-23,9.4,10.1,99,6.70,339,0.36,17.0,17.4,9.1,97
1994-10-24,11.1,14.9,90,0.40,224,0.95,4.0,12.2,8.4,74
1994-10-25,10.4,13.5,88,0.10,192,1.08,1.0,14.5,7.7,74
1994-10-26,9.1,11.9,81,0.00,217,1.10,0.0,17.7,9.6,56
1994-10-27,7.8,10.1,76,0.00,356,1.33,0.0,13.6,9.5,51
1994-10-28,6.2,10.1,67,0.00,265,1.64,0.0,16.7,13.4,50
1994-10-29,9.2,15.1,69,0.00,224,1.99,0.0,22.5,19.5,49
1994-10-30,11.5,15.0,63,0.00,237,2.48,0.0,22.9,20.8,43
1994-10-31,9.7,14.2,55,0.00,239,2.47,0.0,20.7,16.7,44
1994-11-01,7.8,10.1,79,13.90,87,0.62,17.0,31.5,16.8,50
1994-11-02,11.2,14.9,98,16.30,162,0.35,16.0,22.5,12.4,87
1994-11-03,7.3,10.4,74,1.70,293,1.44,7.0,39.8,26.4,55
1994-11-04,6.1,10.4,73,0.00,249,1.14,0.0,19.4,11.8,58
1994-11-05,10.8,13.9,86,2.90,228,0.66,7.0,28.1,21.2,72
1994-11-06,5.3,6.9,78,2.00,55,0.94,5.0,24.7,16.9,69
1994-11-07,7.5,12.1,82,6.30,239,0.93,15.0,46.7,33.4,52
1994-11-08,4.0,7.0,53,0.00,291,2.31,0.0,41.1,31.2,42
1994-11-09,3.7,6.7,52,0.00,292,2.05,0.0,26.0,22.9,38
1994-11-10,2.6,5.4,60,0.00,285,1.60,0.0,28.4,22.7,42
1994-11-11,3.9,6.3,72,0.10,304,1.20,1.0,28.5,26.4,64
1994-11-12,5.2,8.8,74,0.00,308,1.22,0.0,23.5,15.8,61
1994-11-13,5.0,6.6,84,0.00,30,0.69,0.0,16.9,9.4,75
1994-11-14,3.3,5.6,86,0.00,207,0.63,0.0,21.6,10.4,71
1994-11-15,8.4,12.8,83,2.40,240,1.10,5.0,29.3,24.4,65
1994-11-16,4.4,7.5,51,0.00,285,2.16,0.0,28.2,24.6,39
1994-11-17,3.8,7.8,63,0.00,273,1.48,0.0,20.4,15.4,48
1994-11-18,4.6,8.7,59,0.00,233,1.83,0.0,23.8,21.6,46
1994-11-19,8.7,10.4,80,8.90,238,1.18,7.0,29.9,26.1,50
1994-11-20,2.3,5.7,51,0.00,294,1.87,0.0,31.3,24.3,41
1994-11-21,0.3,3.8,60,0.00,233,1.16,0.0,20.6,13.6,46
1994-11-22,5.0,8.1,84,16.50,213,0.68,9.0,25.4,22.2,58
1994-11-23,-0.2,5.0,50,1.10,260,1.61,5.0,28.4,24.4,32
1994-11-24,-3.6,-0.5,49,0.00,269,1.46,0.0,29.3,26.7,37
1994-11-25,-2.7,1.4,61,0.00,235,0.97,0.0,20.9,17.2,52
1994-11-26,-1.9,0.3,68,0.00,259,0.84,0.0,22.1,14.2,42
1994-11-27,-4.9,-2.8,53,0.00,298,1.07,0.0,20.6,17.5,38
1994-11-28,-6.0,-2.7,60,13.70,120,0.57,9.0,34.2,16.7,42
1994-11-29,1.9,3.7,79,10.10,237,0.90,6.0,28.7,24.5,66
1994-11-30,-1.7,1.2,72,0.00,265,0.80,0.0,25.6,19.3,62
1994-12-01,-6.8,-4.0,69,0.00,292,0.66,0.0,19.4,17.6,56
1994-12-02,-4.6,1.0,83,1.50,233,0.35,6.0,18.1,16.2,76
1994-12-03,0.7,1.9,87,0.00,277,0.41,0.0,18.2,13.5,82
1994-12-04,1.2,5.3,88,2.60,176,0.38,6.0,25.5,18.3,81
1994-12-05,-0.3,3.4,83,0.10,84,0.42,1.0,18.7,12.4,77
1994-12-06,0.8,1.9,93,32.80,22,0.22,19.0,33.7,22.1,85
1994-12-07,-0.9,1.9,86,0.20,263,0.44,2.0,22.1,14.0,66
1994-12-08,-6.1,-1.4,76,0.00,301,0.61,0.0,32.8,26.1,70
1994-12-09,-6.6,-4.2,74,0.00,315,0.59,0.0,30.9,18.1,67
1994-12-10,-2.3,1.1,73,2.00,242,0.74,6.0,30.4,19.6,61
1994-12-11,-3.1,1.0,85,18.90,113,0.25,15.0,34.6,19.6,75
1994-12-12,-7.1,0.3,67,0.00,277,0.72,0.0,33.9,28.4,57
1994-12-13,-14.9,-12.0,69,0.00,287,0.38,0.0,22.7,16.6,55
1994-12-14,-14.3,-10.5,75,0.00,330,0.29,0.0,14.1,9.0,67
1994-12-15,-13.2,-7.8,77,0.00,298,0.31,0.0,14.0,9.8,63
1994-12-16,-7.4,-4.2,77,0.00,35,0.42,0.0,15.9,13.4,69
1994-12-17,-4.9,-2.6,79,0.00,105,0.40,0.0,13.0,9.8,72
1994-12-18,-6.2,-2.8,87,0.10,222,0.28,1.0,8.2,4.9,78
1994-12-19,-2.6,-0.8,87,14.10,333,0.31,17.0,30.6,17.4,71
1994-12-20,-8.6,-5.4,69,0.00,291,0.60,0.0,27.3,23.3,56
1994-12-21,-6.6,2.2,80,0.00,239,0.46,0.0,25.4,19.3,73
1994-12-22,1.7,4.3,87,0.00,242,0.55,0.0,19.8,18.4,76
1994-12-23,0.4,2.9,88,0.00,284,0.46,0.0,18.5,13.1,80
1994-12-24,0.2,0.9,90,0.60,40,0.26,4.0,24.3,19.4,87
1994-12-25,-0.8,0.4,85,0.00,13,0.45,0.0,23.8,19.3,76
1994-12-26,-4.5,-1.4,75,0.00,319,0.64,0.0,26.7,21.4,68
1994-12-27,-7.6,-5.4,77,0.00,302,0.43,0.0,18.9,15.2,64
1994-12-28,-5.6,-0.8,78,0.70,154,0.33,4.0,20.3,12.6,73
1994-12-29,-0.6,1.0,90,11.10,188,0.33,21.0,32.1,20.3,73
1994-12-30,-10.6,-7.0,68,3.30,311,0.62,10.0,45.3,38.9,61
1994-12-31,-9.9,-6.2,54,0.00,305,0.92,0.0,42.0,31.1,48
1995-01-01,-7.0,-5.4,75,1.10,265,0.40,4.0,14.8,9.0,62
1995-01-02,-3.6,-1.8,86,6.60,72,0.27,12.0,17.7,13.4,82
1995-01-03,-5.1,-2.5,78,3.80,288,0.49,8.0,28.1,20.0,59
1995-01-04,-9.0,-5.6,82,0.90,234,0.32,5.0,18.8,11.3,74
1995-01-05,-13.8,-8.5,74,0.00,282,0.33,0.0,23.6,18.0,55
1995-01-06,-9.8,-3.5,70,0.00,233,0.65,0.0,26.8,24.4,61
1995-01-07,-2.3,-0.7,84,21.90,304,0.32,15.0,30.8,17.5,64
1995-01-08,-8.0,-3.4,78,0.00,332,0.40,0.0,22.4,16.2,68
1995-01-09,-11.2,-6.4,77,0.00,233,0.41,0.0,18.9,14.2,66
1995-01-10,-15.5,-8.9,70,0.00,289,0.31,0.0,18.0,14.9,51
1995-01-11,-23.3,-20.7,66,0.00,309,0.23,0.0,17.6,12.9,53
1995-01-12,-20.9,-10.0,75,5.50,81,0.15,10.0,22.9,9.5,66
1995-01-13,-4.2,-1.6,91,17.50,70,0.19,20.0,24.6,13.3,84
1995-01-14,-2.4,-1.5,88,6.30,93,0.20,15.0,15.9,12.8,86
1995-01-15,3.5,9.7,94,2.70,211,0.38,11.0,34.1,20.0,86
1995-01-16,4.5,9.0,95,17.00,247,0.19,20.0,32.4,23.6,91
1995-01-17,-2.1,-1.1,91,33.90,21,0.19,24.0,28.5,21.3,84
1995-01-18,-3.1,-1.4,83,0.80,38,0.48,3.0,27.7,22.3,77
1995-01-19,-1.2,1.2,91,0.40,157,0.30,4.0,11.5,6.3,83
1995-01-20,-3.5,-0.3,94,0.00,42,0.33,0.0,17.1,8.7,91
1995-01-21,-1.4,-0.9,91,15.00,58,0.23,12.0,34.0,27.7,89
1995-01-22,-1.5,-1.4,91,15.90,65,0.24,24.0,30.3,27.4,90
1995-01-23,-1.3,-0.8,92,12.10,50,0.22,24.0,30.4,24.7,91
1995-01-24,-2.1,-1.5,90,6.80,15,0.30,24.0,27.9,23.9,84
1995-01-25,-4.6,-2.8,77,0.70,329,0.69,3.0,26.7,21.4,64
1995-01-26,-10.3,-6.6,71,0.00,296,0.56,0.0,21.3,16.7,55
1995-01-27,-14.9,-12.2,68,0.00,275,0.41,0.0,24.4,18.4,48
1995-01-28,-15.2,-7.6,69,0.00,272,0.49,0.0,25.7,17.9,61
1995-01-29,-9.8,-7.2,68,0.00,305,0.66,0.0,24.4,18.6,55
1995-01-30,-9.6,-5.1,73,0.00,247,0.55,0.0,23.9,17.1,59
1995-01-31,-12.9,-8.9,68,0.00,288,0.51,0.0,16.2,13.5,48
1995-02-01,-9.8,-5.2,79,3.20,145,0.46,10.0,17.4,9.5,65
1995-02-02,-8.2,-6.7,83,2.70,13,0.35,12.0,22.0,14.4,73
1995-02-03,-13.1,-8.7,71,0.00,2,0.47,0.0,23.9,17.8,54
1995-02-04,-17.0,-12.7,74,0.00,165,0.37,0.0,17.3,9.0,58
1995-02-05,-4.4,2.6,84,22.60,129,0.54,17.0,43.7,34.8,72
1995-02-06,-14.5,-7.0,64,0.00,225,0.51,0.0,33.6,22.4,49
1995-02-07,-22.8,-20.5,61,0.00,245,0.32,0.0,24.0,19.1,46
1995-02-08,-18.2,-10.9,64,0.00,225,0.54,0.0,22.0,19.4,50
1995-02-09,-15.5,-10.7,67,0.00,262,0.52,0.0,22.0,17.3,52
1995-02-10,-11.1,-7.9,71,0.00,258,0.65,0.0,21.4,17.7,48
1995-02-11,-11.2,-6.9,77,2.50,138,0.38,7.0,15.5,9.4,70
1995-02-12,-10.6,-9.1,73,4.70,276,0.57,9.0,40.1,21.4,47
1995-02-13,-15.7,-12.2,57,0.00,271,0.67,0.0,32.6,26.1,48
1995-02-14,-12.8,-7.0,71,0.00,252,0.63,0.0,16.3,14.2,55
1995-02-15,-11.2,-6.8,70,0.00,236,0.71,0.0,19.2,14.3,54
1995-02-16,-1.3,3.2,74,10.30,229,1.09,8.0,29.5,26.0,55
1995-02-17,-7.3,-3.6,69,0.00,282,0.92,0.0,20.8,14.2,51
1995-02-18,-7.6,-2.8,74,0.60,268,0.83,3.0,17.3,12.5,53
1995-02-19,-5.5,2.7,73,0.00,188,0.89,0.0,35.0,18.8,61
1995-02-20,-5.4,2.3,72,0.00,0,0.84,0.0,27.6,16.9,60
1995-02-21,-11.0,-9.9,81,4.80,43,0.35,11.0,34.0,24.9,78
1995-02-22,-10.8,-7.8,72,0.10,8,0.74,1.0,28.5,17.4,56
1995-02-23,-10.5,-4.4,79,0.10,170,0.51,1.0,12.2,9.3,67
1995-02-24,-1.8,6.6,92,8.90,146,0.38,16.0,34.6,17.8,87
1995-02-25,-2.0,5.8,73,0.10,233,1.01,1.0,36.1,26.4,54
1995-02-26,-12.9,-8.2,61,0.00,272,0.75,0.0,22.3,20.4,47
1995-02-27,-15.3,-11.0,62,0.00,272,0.74,0.0,18.9,11.6,43
1995-02-28,-9.5,-6.7,83,8.50,76,0.39,22.0,18.9,12.6,66
1995-03-01,-8.4,-7.4,84,4.00,39,0.43,8.0,24.2,20.9,78
1995-03-02,-7.3,-4.5,75,0.00,314,0.94,0.0,16.9,12.9,47
1995-03-03,-11.7,-8.4,69,0.00,349,0.87,0.0,14.6,10.4,46
1995-03-04,-10.2,-2.4,69,0.00,202,1.03,0.0,16.8,14.4,52
1995-03-05,-6.1,-2.6,80,0.00,227,1.05,0.0,23.5,15.2,60
1995-03-06,-9.6,-6.8,84,21.60,59,0.33,19.0,27.3,21.5,75
1995-03-07,-9.8,-7.3,78,1.30,351,0.75,2.0,18.0,14.7,63
1995-03-08,0.5,9.7,88,1.80,198,0.87,10.0,33.5,25.3,82
1995-03-09,1.1,7.2,93,39.10,306,0.30,24.0,33.2,20.7,83
1995-03-10,-8.7,-6.3,67,6.70,331,0.95,8.0,30.2,24.4,50
1995-03-11,-11.6,-8.4,66,0.00,335,0.95,0.0,24.4,16.1,51
1995-03-12,-11.3,-6.4,70,0.00,140,1.01,0.0,14.6,6.8,48
1995-03-13,-4.4,-0.3,80,0.00,182,0.72,0.0,16.4,14.2,69
1995-03-14,-0.9,2.4,89,0.00,174,1.02,0.0,10.7,6.4,77
1995-03-15,-1.1,0.6,90,0.00,22,0.78,0.0,21.9,14.0,79
1995-03-16,-2.0,-0.3,90,0.00,25,0.91,0.0,15.9,10.9,82
1995-03-17,-1.8,0.6,91,1.70,89,0.68,7.0,7.7,4.8,83
1995-03-18,-0.7,1.4,90,0.00,11,0.68,0.0,23.2,15.4,76
1995-03-19,-1.2,2.6,66,0.90,359,1.88,5.0,30.0,20.4,41
1995-03-20,-0.2,6.4,64,0.00,258,2.11,0.0,17.1,14.1,43
1995-03-21,2.0,4.9,84,2.80,212,1.19,7.0,20.2,12.6,67
1995-03-22,4.6,7.5,91,1.20,180,0.97,7.0,20.9,15.8,73
1995-03-23,0.4,3.9,91,0.80,3,0.66,5.0,28.0,16.7,83
1995-03-24,-3.8,-2.3,76,2.00,356,0.95,13.0,29.3,24.5,66
1995-03-25,-3.8,-1.3,79,5.20,328,0.84,19.0,23.9,18.4,73
1995-03-26,-1.5,-0.6,83,7.20,352,0.85,24.0,23.7,19.7,72
1995-03-27,-2.7,-1.6,78,0.40,10,0.92,4.0,28.8,22.3,71
1995-03-28,-2.3,0.7,72,0.00,9,1.63,0.0,24.6,22.2,58
1995-03-29,-4.1,-1.4,74,0.00,23,1.57,0.0,18.2,13.5,60
1995-03-30,-3.8,3.6,72,0.00,159,1.55,0.0,20.9,14.7,53
1995-03-31,-0.5,3.1,80,0.00,166,1.25,0.0,18.4,14.6,64
1995-04-01,-0.0,1.3,90,9.30,74,0.94,18.0,18.7,12.6,80
1995-04-02,-0.7,1.3,78,0.10,330,1.18,1.0,22.3,18.1,71
1995-04-03,-1.8,1.5,76,0.00,351,1.65,0.0,15.0,11.8,55
1995-04-04,-1.6,2.8,79,1.60,157,1.44,2.0,21.8,13.2,59
1995-04-05,-6.1,-0.6,77,10.60,248,0.72,23.0,38.2,29.3,56
1995-04-06,-5.2,0.2,65,1.00,292,1.77,3.0,39.4,29.3,51
1995-04-07,-3.3,2.0,73,0.00,270,1.85,0.0,16.6,10.9,57
1995-04-08,-1.9,4.1,72,0.00,272,2.25,0.0,12.7,8.1,42
1995-04-09,-0.4,3.1,84,2.40,195,0.82,7.0,20.5,15.5,81
1995-04-10,0.7,3.9,68,0.80,286,2.15,3.0,26.0,21.3,47
1995-04-11,-1.0,3.4,71,0.00,299,2.20,0.0,14.9,11.7,49
1995-04-12,-1.3,2.9,75,0.30,169,1.11,2.0,17.2,8.2,64
1995-04-13,3.6,7.5,87,13.20,179,0.64,18.0,29.9,20.6,72
1995-04-14,2.7,4.8,98,0.80,355,0.65,3.0,10.6,7.8,92
1995-04-15,2.7,6.4,90,3.90,240,0.98,10.0,19.1,11.7,67
1995-04-16,2.1,4.2,85,0.50,143,1.54,3.0,17.3,12.7,77
1995-04-17,2.5,7.3,81,1.80,331,1.88,7.0,13.6,9.9,54
1995-04-18,3.0,7.2,78,0.00,300,2.18,0.0,13.9,9.7,60
1995-04-19,2.9,8.4,76,0.20,224,2.45,2.0,14.9,8.8,59
1995-04-20,4.2,7.5,89,5.40,173,1.07,14.0,16.8,10.0,72
1995-04-21,3.8,8.0,77,0.00,330,2.66,0.0,18.2,14.0,65
1995-04-22,2.2,4.8,89,1.50,114,1.10,5.0,14.4,9.4,81
1995-04-23,1.9,5.8,93,2.90,327,0.67,13.0,15.8,8.2,72
1995-04-24,3.4,8.1,68,0.00,264,2.52,0.0,19.9,17.7,51
1995-04-25,2.4,5.6,76,0.00,355,1.97,0.0,12.5,8.5,63
1995-04-26,2.6,6.7,73,0.00,307,2.38,0.0,13.4,10.1,52
1995-04-27,2.6,7.5,75,0.00,345,2.29,0.0,14.4,9.1,61
1995-04-28,2.6,4.6,79,0.00,17,1.72,0.0,18.4,15.7,68
1995-04-29,0.9,2.3,82,0.20,56,1.33,1.0,20.0,14.5,75
1995-04-30,1.4,5.7,77,0.00,65,2.63,0.0,14.5,8.2,58
1995-05-01,5.3,12.0,72,0.00,206,2.73,0.0,14.8,10.9,46
1995-05-02,2.6,5.0,84,0.00,31,2.20,0.0,16.2,13.6,77
1995-05-03,0.3,3.7,91,0.00,51,1.48,0.0,14.3,10.5,75
1995-05-04,3.1,8.1,84,0.00,55,2.59,0.0,14.2,7.5,62
1995-05-05,7.4,15.7,75,0.00,175,3.31,0.0,15.5,12.8,51
1995-05-06,8.0,12.4,82,5.30,184,1.90,8.0,22.0,16.6,64
1995-05-07,1.1,2.5,97,63.80,22,0.29,24.0,37.5,21.9,94
1995-05-08,2.0,3.9,85,17.90,21,0.90,20.0,38.6,32.0,74
1995-05-09,3.8,5.6,79,0.00,8,1.78,0.0,20.1,16.0,74
1995-05-10,3.9,6.5,82,0.00,10,2.27,0.0,14.9,12.4,71
1995-05-11,3.0,5.5,89,0.00,38,2.08,0.0,12.9,8.3,81
1995-05-12,2.7,7.0,93,0.00,55,1.77,0.0,13.8,9.4,81
1995-05-13,5.3,9.4,85,0.00,29,2.73,0.0,16.2,12.9,73
1995-05-14,5.6,8.6,86,0.00,29,2.71,0.0,15.0,11.8,75
1995-05-15,4.1,7.0,91,0.00,61,1.44,0.0,14.6,8.7,81
1995-05-16,4.6,6.9,87,0.00,59,1.75,0.0,18.6,12.4,79
1995-05-17,4.9,9.6,74,0.00,64,3.33,0.0,15.0,9.2,54
1995-05-18,5.6,6.3,88,9.70,122,0.79,13.0,19.0,15.9,74
1995-05-19,6.5,9.7,88,0.00,80,1.79,0.0,13.0,5.6,76
1995-05-20,7.0,11.5,87,2.10,80,1.56,7.0,12.1,6.6,69
1995-05-21,11.5,17.8,76,0.20,210,3.45,1.0,22.1,13.1,51
1995-05-22,12.7,16.6,77,9.40,203,2.91,14.0,22.2,18.7,61
1995-05-23,13.1,18.7,70,0.00,267,4.23,0.0,14.3,12.5,39
1995-05-24,11.3,14.6,80,6.20,229,1.21,9.0,24.5,16.7,55
1995-05-25,10.8,14.3,74,0.00,319,3.47,0.0,20.2,17.5,47
1995-05-26,9.9,15.2,73,0.50,176,3.39,1.0,11.0,7.7,46
1995-05-27,9.4,12.8,76,0.00,64,3.40,0.0,12.4,10.0,54
1995-05-28,10.6,16.2,63,0.00,147,4.22,0.0,16.1,7.3,41
1995-05-29,10.6,13.2,77,13.70,184,1.79,7.0,19.7,16.0,58
1995-05-30,9.4,10.6,95,9.40,352,0.78,14.0,16.3,11.3,85
1995-05-31,10.7,14.6,80,0.00,72,2.83,0.0,13.9,6.3,64
1995-06-01,16.2,25.4,75,1.00,191,4.90,3.0,21.6,17.5,57
1995-06-02,17.8,21.8,78,0.00,235,4.05,0.0,21.7,15.5,68
1995-06-03,11.4,12.8,97,14.50,18,0.63,18.0,11.9,7.2,91
1995-06-04,13.2,19.1,84,0.10,27,3.77,1.0,10.9,4.7,45
1995-06-05,11.4,13.1,67,0.00,35,3.11,0.0,16.3,11.8,56
1995-06-06,12.0,16.0,78,0.00,145,3.11,0.0,18.7,11.6,62
1995-06-07,16.3,23.1,76,0.00,206,4.25,0.0,27.5,22.3,55
1995-06-08,13.6,17.9,79,9.10,24,2.63,9.0,35.6,20.3,48
1995-06-09,12.9,16.4,67,0.00,68,4.15,0.0,16.2,10.9,47
1995-06-10,14.4,18.5,61,0.00,97,4.63,0.0,16.3,9.2,42
1995-06-11,15.1,18.9,67,0.10,180,4.17,1.0,20.5,14.8,47
1995-06-12,14.1,16.3,88,9.30,211,1.24,10.0,19.5,16.1,74
1995-06-13,14.8,18.8,81,0.00,220,3.28,0.0,15.3,10.2,60
1995-06-14,15.5,19.3,83,0.10,136,3.20,1.0,15.0,9.5,69
1995-06-15,13.3,14.9,87,5.30,32,1.61,11.0,19.5,16.1,79
1995-06-16,17.6,24.1,67,0.30,299,5.26,2.0,13.2,8.4,37
1995-06-17,18.3,21.3,75,5.80,241,3.12,9.0,22.0,16.2,60
1995-06-18,18.5,24.1,90,2.30,216,3.96,3.0,12.6,7.6,68
1995-06-19,23.2,30.2,81,1.00,250,5.01,2.0,23.4,18.2,52
1995-06-20,17.3,23.3,56,0.20,340,5.01,1.0,24.6,15.6,38
1995-06-21,16.3,22.4,52,0.00,270,5.69,0.0,15.1,11.7,33
1995-06-22,18.2,23.4,59,0.00,280,5.84,0.0,15.1,10.5,38
1995-06-23,21.6,28.9,60,0.00,239,6.70,0.0,23.0,16.1,33
1995-06-24,24.0,30.6,58,0.20,240,6.54,1.0,23.8,17.9,44
1995-06-25,22.8,28.1,82,0.60,235,4.82,1.0,16.4,10.6,52
1995-06-26,16.7,19.8,76,12.10,38,4.41,7.0,26.9,15.7,51
1995-06-27,16.0,21.4,58,0.00,162,5.15,0.0,15.6,6.9,42
1995-06-28,20.9,28.4,60,0.00,248,6.39,0.0,19.6,15.8,35
1995-06-29,18.5,23.9,69,0.00,3,4.81,0.0,18.2,15.4,59
1995-06-30,15.5,20.2,76,2.60,127,3.14,7.0,15.2,8.6,69
1995-07-01,16.3,17.8,94,19.40,184,1.80,21.0,14.8,10.0,90
1995-07-02,17.9,23.7,93,2.20,200,1.91,7.0,19.6,14.4,78
1995-07-03,18.4,21.5,88,5.10,51,3.04,9.0,17.6,9.1,70
1995-07-04,18.9,23.7,81,0.00,161,4.47,0.0,14.0,8.2,48
1995-07-05,21.7,27.4,69,0.00,212,5.81,0.0,20.4,14.6,45
1995-07-06,22.0,27.1,67,0.00,216,6.01,0.0,21.5,19.5,55
1995-07-07,22.3,28.1,68,0.00,217,5.99,0.0,23.4,21.7,58
1995-07-08,21.9,26.3,74,0.00,216,5.16,0.0,23.8,20.4,52
1995-07-09,19.7,22.5,91,17.00,161,1.41,12.0,15.2,10.4,66
1995-07-10,20.6,24.3,79,1.30,237,4.50,5.0,19.6,12.7,49
1995-07-11,19.8,22.4,69,0.00,225,4.40,0.0,15.3,9.4,52
1995-07-12,20.9,24.1,73,0.00,194,4.67,0.0,12.1,7.5,51
1995-07-13,21.5,25.4,74,0.40,218,4.16,3.0,25.2,17.3,55
1995-07-14,23.3,27.0,66,0.00,246,5.73,0.0,25.0,13.4,45
1995-07-15,21.2,23.6,67,0.10,326,4.79,1.0,22.4,10.5,39
1995-07-16,17.3,19.7,60,0.00,346,4.10,0.0,24.9,17.3,47
1995-07-17,16.7,18.5,74,0.00,81,3.41,0.0,17.3,9.9,64
1995-07-18,16.2,18.8,82,9.00,140,2.20,7.0,23.2,17.6,63
1995-07-19,18.5,23.9,83,1.30,214,3.16,7.0,21.0,13.9,60
1995-07-20,20.5,25.1,72,2.40,254,4.45,4.0,17.7,13.6,48
1995-07-21,20.1,23.7,88,8.00,206,3.18,14.0,15.7,9.9,74
1995-07-22,20.5,24.5,79,0.00,250,4.76,0.0,16.9,11.1,53
1995-07-23,21.8,26.2,70,0.00,199,4.96,0.0,18.9,15.4,52
1995-07-24,21.1,23.5,87,8.00,231,3.04,12.0,24.6,15.4,63
1995-07-25,22.4,27.6,77,0.00,207,4.37,0.0,21.7,12.9,50
1995-07-26,22.7,27.2,84,5.50,218,3.31,4.0,20.5,14.4,62
1995-07-27,21.5,23.8,90,12.00,288,3.00,8.0,15.6,12.8,77
1995-07-28,19.8,23.4,73,0.00,75,4.84,0.0,12.4,7.7,51
1995-07-29,19.5,21.9,83,3.40,174,2.26,7.0,24.2,17.9,78
1995-07-30,21.3,24.7,81,2.50,262,4.25,5.0,19.7,16.9,56
1995-07-31,20.2,25.8,57,0.00,284,5.51,0.0,18.6,12.0,42
1995-08-01,25.3,31.5,70,0.00,231,5.93,0.0,17.0,14.2,51
1995-08-02,19.3,26.4,76,2.70,18,3.01,6.0,27.8,17.0,57
1995-08-03,17.4,21.0,67,0.00,124,4.64,0.0,13.9,8.6,51
1995-08-04,17.7,19.9,77,2.90,189,2.21,4.0,17.9,15.2,70
1995-08-05,17.3,19.7,80,3.10,27,2.73,4.0,24.7,13.4,54
1995-08-06,17.8,20.8,68,0.00,47,4.31,0.0,18.1,15.1,54
1995-08-07,19.5,25.3,69,0.00,341,4.59,0.0,12.1,6.9,42
1995-08-08,22.9,29.4,59,0.00,244,5.79,0.0,16.5,12.1,31
1995-08-09,23.8,28.8,62,0.00,261,5.68,0.0,15.5,10.9,48
1995-08-10,24.7,30.3,68,0.00,200,5.12,0.0,14.8,6.7,42
1995-08-11,24.8,29.7,59,0.00,221,6.43,0.0,21.7,17.7,40
1995-08-12,22.8,27.0,75,2.90,209,4.25,4.0,27.8,23.0,60
1995-08-13,19.9,22.7,85,6.40,301,3.32,11.0,21.3,16.6,69
1995-08-14,17.3,19.8,70,0.00,25,3.80,0.0,16.4,13.6,54
1995-08-15,18.2,22.6,75,1.50,163,3.31,1.0,22.3,14.0,59
1995-08-16,21.8,28.5,79,1.90,233,3.76,4.0,25.6,22.9,56
1995-08-17,21.3,24.6,64,0.00,305,4.32,0.0,18.2,15.7,53
1995-08-18,17.4,20.2,66,0.00,15,3.71,0.0,23.6,18.8,52
1995-08-19,17.9,23.4,63,0.00,287,4.51,0.0,12.8,8.0,38
1995-08-20,20.6,26.2,55,0.00,220,6.03,0.0,25.3,21.5,36
1995-08-21,21.6,28.5,61,0.00,217,5.64,0.0,22.9,18.5,49
1995-08-22,21.1,24.1,62,0.00,265,4.62,0.0,27.2,20.7,38
1995-08-23,17.0,20.0,57,0.00,351,4.72,0.0,24.2,17.6,34
1995-08-24,15.5,17.8,82,17.30,189,2.00,17.0,24.5,19.8,63
1995-08-25,13.6,16.3,73,6.80,339,2.68,10.0,41.9,33.6,46
1995-08-26,14.6,18.7,63,0.20,354,4.12,1.0,22.9,16.3,42
1995-08-27,14.5,18.8,73,0.00,169,2.29,0.0,12.1,9.1,59
1995-08-28,15.1,19.0,62,0.00,336,4.07,0.0,20.5,12.9,45
1995-08-29,16.1,21.1,61,0.00,200,4.27,0.0,25.3,18.9,38
1995-08-30,15.4,17.6,73,4.10,319,3.03,10.0,23.0,17.1,52
1995-08-31,14.8,17.3,81,0.00,31,2.76,0.0,20.4,13.6,63
1995-09-01,14.7,18.0,87,5.30,187,1.07,9.0,13.0,9.8,79
1995-09-02,15.9,19.7,71,0.00,268,3.15,0.0,14.4,11.3,44
1995-09-03,15.2,19.4,66,0.00,319,3.75,0.0,10.8,9.0,43
1995-09-04,16.7,22.3,69,0.00,213,3.48,0.0,10.8,7.4,40
1995-09-05,18.2,23.8,67,0.00,226,3.88,0.0,23.5,14.1,43
1995-09-06,15.3,20.2,64,2.30,278,3.93,3.0,26.2,20.7,36
1995-09-07,15.5,21.6,59,0.00,209,3.83,0.0,35.4,22.6,45
1995-09-08,12.7,16.4,66,12.40,319,3.51,6.0,24.0,14.3,42
1995-09-09,13.6,17.6,79,6.80,159,1.75,7.0,14.7,11.2,67
1995-09-10,13.8,16.6,78,3.30,288,2.79,4.0,29.6,16.4,47
1995-09-11,11.7,15.5,53,0.00,287,4.11,0.0,28.5,21.2,37
1995-09-12,15.8,22.6,61,0.00,230,4.34,0.0,26.6,22.2,46
1995-09-13,17.9,23.0,68,0.00,213,4.14,0.0,35.1,27.8,58
1995-09-14,18.6,22.3,86,8.00,211,2.02,6.0,30.9,25.6,71
1995-09-15,11.5,14.0,69,3.50,343,2.66,4.0,27.0,16.9,38
1995-09-16,11.6,15.7,59,0.00,264,3.29,0.0,17.5,9.8,41
1995-09-17,12.9,17.7,62,0.00,200,3.26,0.0,30.1,23.2,55
1995-09-18,14.1,16.1,81,28.60,351,2.24,10.0,25.6,19.2,54
1995-09-19,12.1,15.7,65,0.00,314,3.16,0.0,16.1,11.7,48
1995-09-20,12.7,16.8,78,0.00,157,2.45,0.0,13.7,10.3,60
1995-09-21,13.4,16.1,85,0.00,59,2.11,0.0,12.3,9.1,71
1995-09-22,14.5,18.8,86,0.00,163,1.98,0.0,19.1,11.6,68
1995-09-23,14.6,15.9,75,4.50,230,2.29,9.0,26.0,19.2,43
1995-09-24,10.6,14.4,51,0.00,286,3.38,0.0,20.6,12.2,35
1995-09-25,11.0,15.1,63,0.00,203,2.89,0.0,15.1,10.9,41
1995-09-26,11.5,14.4,71,0.00,162,1.77,0.0,15.0,10.4,56
1995-09-27,11.9,15.6,77,0.50,204,1.90,2.0,18.7,8.8,57
1995-09-28,10.6,13.0,70,0.50,273,2.31,3.0,43.3,29.2,41
1995-09-29,8.3,12.2,53,0.00,309,3.11,0.0,32.4,14.9,42
1995-09-30,10.9,17.8,65,0.00,220,2.98,0.0,19.6,17.4,45
1995-10-01,13.1,20.3,65,0.00,221,3.24,0.0,20.7,17.8,44
1995-10-02,12.5,15.5,85,1.60,203,1.05,6.0,15.6,7.5,63
1995-10-03,14.7,18.6,86,0.00,261,2.22,0.0,14.9,12.1,61
1995-10-04,11.4,14.7,76,6.60,280,1.33,5.0,15.6,9.0,59
1995-10-05,11.4,14.6,80,0.50,309,1.85,2.0,11.9,8.6,56
1995-10-06,9.8,11.7,78,2.20,54,1.08,8.0,29.3,21.0,67
1995-10-07,11.4,12.6,84,1.90,103,1.00,12.0,24.0,20.2,79
1995-10-08,11.6,12.2,95,9.10,84,0.44,18.0,17.9,12.7,89
1995-10-09,9.6,10.6,87,0.40,354,0.73,2.0,17.8,14.8,73
1995-10-10,8.9,9.7,77,0.30,159,0.69,2.0,12.7,7.0,73
1995-10-11,10.8,14.3,86,2.70,206,1.08,5.0,19.3,13.7,68
1995-10-12,11.0,15.0,91,1.50,241,0.84,6.0,23.7,17.0,73
1995-10-13,10.9,13.7,84,0.80,311,1.32,4.0,14.8,9.4,64
1995-10-14,12.6,16.9,86,0.00,136,1.80,0.0,15.9,9.8,74
1995-10-15,15.3,16.6,93,8.10,192,0.54,12.0,36.2,25.4,86
1995-10-16,10.6,13.3,65,0.40,235,2.43,2.0,36.5,26.3,45
1995-10-17,8.1,9.8,54,0.00,275,2.65,0.0,32.0,27.4,45
1995-10-18,8.0,12.9,64,0.00,226,2.19,0.0,31.1,21.6,50
1995-10-19,9.5,11.5,66,0.00,263,2.07,0.0,28.8,16.0,46
1995-10-20,8.8,10.6,76,0.00,105,1.11,0.0,17.9,13.3,66
1995-10-21,11.9,14.6,91,0.00,137,1.02,0.0,19.3,16.0,82
1995-10-22,14.3,16.1,93,12.00,140,0.49,10.0,32.2,25.5,87
1995-10-23,11.3,14.6,76,0.00,255,1.87,0.0,21.3,17.0,50
1995-10-24,10.1,13.6,77,0.00,222,1.69,0.0,19.5,11.3,62
1995-10-25,12.5,14.1,74,2.90,223,1.98,4.0,25.3,22.0,50
1995-10-26,7.7,11.3,59,0.00,273,2.06,0.0,20.6,14.3,45
1995-10-27,7.9,12.4,76,0.00,202,1.44,0.0,18.6,9.5,60
1995-10-28,11.9,17.2,81,0.40,163,1.40,1.0,41.5,26.7,76
1995-10-29,13.3,16.4,86,40.70,217,1.28,10.0,36.6,16.6,65
1995-10-30,6.6,10.8,71,4.40,309,1.40,9.0,31.1,23.0,45
1995-10-31,2.9,5.2,50,0.00,287,2.12,0.0,28.7,21.5,39
1995-11-01,1.7,4.0,57,0.00,312,1.37,0.0,16.2,11.3,45
1995-11-02,2.5,5.3,66,0.00,127,1.06,0.0,19.4,9.6,52
1995-11-03,4.7,6.9,88,8.70,137,0.46,17.0,23.5,21.2,70
1995-11-04,6.3,7.9,83,12.20,265,0.70,16.0,22.5,16.5,55
1995-11-05,1.0,3.3,52,0.00,270,1.83,0.0,31.2,26.0,41
1995-11-06,1.4,4.1,67,0.00,252,1.22,0.0,21.7,18.4,50
1995-11-07,3.4,8.0,76,0.00,202,1.12,0.0,20.7,18.6,62
1995-11-08,8.0,12.0,91,30.80,170,0.37,18.0,33.6,27.7,77
1995-11-09,1.5,4.0,59,0.00,273,1.41,0.0,27.8,19.9,46
1995-11-10,-2.0,-0.4,51,0.00,289,1.38,0.0,21.7,17.1,39
1995-11-11,3.6,9.7,74,0.00,185,1.02,0.0,26.9,20.4,43
1995-11-12,10.3,14.7,83,4.70,160,1.16,3.0,45.8,30.4,74
1995-11-13,2.8,7.7,61,0.00,256,1.46,0.0,27.6,19.5,44
1995-11-14,1.5,3.5,62,0.00,34,1.07,0.0,23.2,10.9,54
1995-11-15,6.0,12.1,87,22.50,102,0.54,15.0,45.7,34.7,72
1995-11-16,9.3,12.5,79,0.00,185,1.17,0.0,28.0,20.4,55
1995-11-17,3.7,6.3,89,10.60,243,0.35,16.0,21.7,10.2,70
1995-11-18,-0.2,1.4,68,0.00,262,0.89,0.0,17.7,11.0,57
1995-11-19,-0.1,1.1,78,0.00,91,0.60,0.0,15.0,8.0,67
1995-11-20,-0.5,1.0,82,0.00,39,0.63,0.0,21.1,18.1,70
1995-11-21,-0.3,1.1,81,2.00,98,0.41,6.0,21.8,11.9,78
1995-11-22,3.3,5.3,94,11.70,160,0.30,16.0,31.3,22.8,81
1995-11-23,0.5,2.4,78,0.00,238,0.80,0.0,20.4,18.1,60
1995-11-24,-0.0,1.5,76,0.00,243,0.66,0.0,16.8,12.0,61
1995-11-25,-2.5,-0.4,69,0.00,33,0.68,0.0,14.2,8.1,57
1995-11-26,-1.0,0.8,83,0.00,40,0.43,0.0,19.1,11.2,75
1995-11-27,-3.4,-0.8,59,0.00,303,1.00,0.0,25.9,19.0,40
1995-11-28,-1.8,-0.1,81,7.40,55,0.31,17.0,22.2,12.0,46
1995-11-29,-7.2,-2.0,74,0.00,333,0.46,0.0,24.5,17.4,67
1995-11-30,-8.8,-7.1,73,0.00,340,0.44,0.0,14.5,12.0,55
1995-12-01,-7.4,-1.4,75,2.80,190,0.45,7.0,29.1,15.9,62
1995-12-02,-1.9,0.1,86,5.70,312,0.41,12.0,33.0,25.4,71
1995-12-03,-9.4,-5.3,72,0.10,314,0.48,1.0,31.8,17.5,62
1995-12-04,-4.3,-1.5,82,4.00,166,0.46,13.0,20.0,12.7,66
1995-12-05,-7.8,-6.1,75,0.00,288,0.51,0.0,22.2,18.6,59
1995-12-06,-6.1,3.6,83,4.80,157,0.30,7.0,30.6,16.8,77
1995-12-07,-5.5,2.3,71,0.30,250,0.70,1.0,32.0,20.9,54
1995-12-08,-11.5,-7.8,74,0.00,298,0.39,0.0,24.3,16.5,62
1995-12-09,-9.8,-6.5,77,0.00,305,0.43,0.0,25.6,14.8,72
1995-12-10,-2.3,4.5,81,9.50,143,0.54,12.0,36.9,29.6,67
1995-12-11,-12.1,-8.7,72,0.00,250,0.47,0.0,25.6,19.3,57
1995-12-12,-16.1,-13.6,67,0.00,254,0.39,0.0,24.7,23.0,53
1995-12-13,-13.6,-8.7,72,0.00,275,0.40,0.0,24.0,16.6,62
1995-12-14,-12.3,-8.9,76,0.00,330,0.34,0.0,16.7,12.5,65
1995-12-15,-8.7,-6.0,70,0.20,51,0.42,2.0,19.4,13.0,61
1995-12-16,-9.9,-7.6,75,0.00,353,0.39,0.0,17.3,14.0,63
1995-12-17,-11.3,-7.5,71,0.00,306,0.51,0.0,32.2,23.0,56
1995-12-18,-7.8,-5.6,71,0.20,313,0.63,2.0,32.3,26.8,67
1995-12-19,-7.6,-4.0,80,0.00,319,0.43,0.0,20.5,17.1,69
1995-12-20,-5.8,0.7,86,8.80,19,0.21,9.0,32.7,17.6,80
1995-12-21,0.7,0.9,95,22.30,57,0.15,22.0,40.9,34.3,94
1995-12-22,0.6,1.2,96,9.90,16,0.17,19.0,27.5,22.4,92
1995-12-23,1.2,1.7,82,2.90,352,0.65,9.0,29.9,25.0,75
1995-12-24,-2.8,-0.9,84,0.30,318,0.44,3.0,17.8,16.7,74
1995-12-25,-1.4,0.5,87,4.20,317,0.32,18.0,18.6,17.0,83
1995-12-26,0.6,1.2,95,12.20,9,0.15,24.0,29.8,19.6,93
1995-12-27,1.0,1.7,88,12.80,17,0.41,18.0,32.6,29.0,76
1995-12-28,-2.3,0.1,80,0.00,321,0.58,0.0,22.6,18.9,73
1995-12-29,-7.2,-5.0,76,0.00,299,0.48,0.0,24.4,18.2,61
1995-12-30,-12.8,-9.3,69,0.00,299,0.44,0.0,26.0,17.8,57
1995-12-31,-11.9,-9.9,75,0.00,295,0.37,0.0,19.3,16.3,62
1996-01-01,-14.7,-12.5,71,0.00,305,0.37,0.0,21.3,19.3,56
1996-01-02,-17.6,-15.7,67,0.00,292,0.34,0.0,21.5,20.2,53
1996-01-03,-19.3,-17.0,69,0.20,300,0.24,2.0,20.9,15.5,59
1996-01-04,-17.7,-15.0,67,0.10,313,0.32,1.0,22.9,17.9,52
1996-01-05,-19.1,-17.1,62,0.00,264,0.36,0.0,23.4,21.9,54
1996-01-06,-16.7,-12.8,63,0.40,294,0.46,4.0,31.2,23.7,53
1996-01-07,-16.3,-12.4,64,0.00,284,0.42,0.0,20.2,15.5,45
1996-01-08,-15.2,-9.8,75,0.10,4,0.30,1.0,25.4,17.5,69
1996-01-09,-10.1,-9.0,76,2.70,1,0.42,12.0,28.7,21.2,60
1996-01-10,-14.1,-10.8,80,0.00,275,0.23,0.0,13.8,7.8,70
1996-01-11,-9.5,-7.2,78,0.00,348,0.41,0.0,22.0,16.0,61
1996-01-12,-12.3,-9.3,72,0.00,244,0.38,0.0,14.9,11.3,60
1996-01-13,-5.5,-2.2,86,12.90,154,0.28,13.0,19.7,14.7,72
1996-01-14,-8.4,-3.1,71,0.20,264,0.59,2.0,24.3,17.7,56
1996-01-15,-10.8,-0.9,67,0.00,283,0.50,0.0,26.2,21.4,50
1996-01-16,-21.0,-17.6,60,0.00,271,0.33,0.0,24.0,16.1,48
1996-01-17,-2.8,6.9,80,2.40,206,0.60,15.0,40.8,29.9,61
1996-01-18,1.0,4.1,91,0.00,199,0.41,0.0,21.6,12.6,85
1996-01-19,5.7,9.5,95,0.00,191,0.34,0.0,30.5,24.1,90
1996-01-20,2.8,9.4,73,6.60,213,0.94,5.0,44.4,31.3,49
1996-01-21,-11.4,-7.2,60,0.00,309,0.58,0.0,21.4,12.5,53
1996-01-22,-9.3,-4.3,70,0.00,168,0.51,0.0,13.7,7.2,56
1996-01-23,-1.5,2.2,79,0.00,210,0.60,0.0,23.6,19.4,71
1996-01-24,1.6,7.4,95,5.10,174,0.22,15.0,43.2,21.3,89
1996-01-25,3.7,7.9,83,14.20,217,0.78,12.0,46.5,29.6,52
1996-01-26,-12.6,-8.7,53,0.00,305,0.73,0.0,30.4,15.6,40
1996-01-27,-7.4,-0.7,75,0.00,134,0.50,0.0,35.7,18.5,62
1996-01-28,1.4,6.1,80,15.30,184,0.82,13.0,50.0,35.4,60
1996-01-29,-13.5,-9.0,57,0.00,306,0.66,0.0,33.4,18.7,46
1996-01-30,-11.1,-6.7,71,1.60,122,0.48,5.0,22.9,14.1,64
1996-01-31,-8.6,-5.7,75,1.40,251,0.57,3.0,20.0,15.3,55
1996-02-01,-15.3,-10.7,63,0.00,272,0.49,0.0,20.4,16.8,48
1996-02-02,-16.6,-10.3,62,0.00,231,0.49,0.0,19.1,11.3,49
1996-02-03,-13.8,-10.7,61,0.30,308,0.47,3.0,18.6,13.8,49
1996-02-04,-20.0,-16.5,56,0.00,319,0.43,0.0,20.4,13.5,42
1996-02-05,-19.3,-14.0,57,0.00,284,0.46,0.0,14.1,11.7,43
1996-02-06,-16.1,-11.1,61,0.00,259,0.52,0.0,15.0,10.5,49
1996-02-07,-13.8,-7.9,65,0.00,238,0.63,0.0,16.0,13.6,50
1996-02-08,-1.5,3.2,82,1.10,198,0.67,8.0,26.3,23.1,70
1996-02-09,-0.0,1.0,97,12.20,162,0.16,13.0,17.7,13.1,93
1996-02-10,-2.2,0.5,84,1.50,332,0.53,14.0,24.6,16.7,66
1996-02-11,-7.9,-4.2,74,2.50,251,0.58,4.0,17.2,13.1,54
1996-02-12,-6.1,-4.6,78,7.30,279,0.68,10.0,20.9,16.6,53
1996-02-13,-17.1,-11.2,66,0.00,263,0.48,0.0,17.3,14.9,46
1996-02-14,-18.5,-12.8,67,0.00,241,0.47,0.0,20.0,16.7,49
1996-02-15,-13.2,-9.3,72,4.10,19,0.41,17.0,23.4,13.0,61
1996-02-16,-11.5,-7.3,79,0.10,154,0.59,1.0,12.6,8.4,55
1996-02-17,-7.7,-4.8,89,17.60,25,0.24,23.0,25.3,19.0,88
1996-02-18,-6.1,-4.7,72,1.50,251,0.86,7.0,31.1,19.9,47
1996-02-19,-13.5,-8.2,61,0.20,253,0.67,2.0,20.9,15.2,41
1996-02-20,-7.4,1.8,76,0.00,170,0.88,0.0,23.4,18.5,64
1996-02-21,3.0,6.8,85,0.00,168,1.05,0.0,23.5,20.3,72
1996-02-22,2.4,4.0,96,9.10,148,0.27,13.0,21.7,18.9,91
1996-02-23,2.8,4.3,99,10.60,170,0.25,17.0,17.2,9.0,96
1996-02-24,0.9,1.7,98,6.00,28,0.39,10.0,14.3,8.9,94
1996-02-25,2.7,4.0,90,10.30,137,0.78,9.0,26.5,20.1,72
1996-02-26,0.4,4.2,87,0.60,336,0.78,2.0,17.5,10.2,68
1996-02-27,1.1,3.3,77,6.00,309,1.24,16.0,28.0,23.9,50
1996-02-28,-4.6,-1.4,73,4.50,290,0.63,12.0,24.9,12.9,56
1996-02-29,-8.7,-3.2,67,0.10,301,0.85,1.0,23.0,19.6,44
1996-03-01,-10.7,-4.7,58,0.00,249,1.04,0.0,17.1,12.9,40
1996-03-02,-6.1,-2.1,72,1.20,147,0.87,4.0,22.0,13.3,52
1996-03-03,-1.8,2.9,79,25.70,16,1.20,13.0,38.2,25.3,52
1996-03-04,-6.6,0.1,68,6.10,256,0.85,15.0,39.9,31.9,49
1996-03-05,-12.3,-8.0,55,0.00,263,0.97,0.0,29.5,23.0,41
1996-03-06,-11.0,-7.7,68,0.00,71,0.87,0.0,13.9,11.0,56
1996-03-07,-11.0,-8.4,76,0.10,71,0.66,1.0,13.0,9.0,63
1996-03-08,-10.6,-10.0,82,10.60,56,0.35,22.0,33.1,21.4,76
1996-03-09,-9.3,-6.1,67,7.00,301,0.99,9.0,33.5,22.4,44
1996-03-10,-12.3,-6.4,59,0.00,265,1.01,0.0,19.9,17.0,39
1996-03-11,-5.1,2.1,66,0.00,234,1.53,0.0,22.1,19.5,51
1996-03-12,-1.3,4.5,72,0.00,232,1.69,0.0,20.1,13.2,53
1996-03-13,-1.7,1.3,80,0.00,90,1.36,0.0,10.0,7.8,70
1996-03-14,-1.5,6.0,82,0.00,185,1.44,0.0,18.3,8.5,59
1996-03-15,2.4,5.6,78,0.40,207,1.61,2.0,18.9,13.4,69
1996-03-16,-2.5,1.7,88,30.40,351,0.39,21.0,37.1,27.0,76
1996-03-17,-6.2,-3.4,66,3.10,266,1.22,9.0,30.8,21.7,52
1996-03-18,-6.7,-1.1,73,0.00,245,1.40,0.0,15.9,10.9,56
1996-03-19,-3.3,2.1,81,0.00,134,1.43,0.0,14.1,10.3,64
1996-03-20,-2.7,0.2,92,3.20,62,0.74,5.0,26.6,18.4,85
1996-03-21,1.6,4.4,95,20.10,63,0.73,18.0,18.5,9.2,87
1996-03-22,2.6,5.8,86,2.80,239,1.45,9.0,22.9,14.7,62
1996-03-23,1.2,3.3,90,3.10,196,1.22,12.0,16.1,9.5,78
1996-03-24,-0.6,2.4,76,0.00,309,1.54,0.0,21.7,17.7,55
1996-03-25,-1.7,1.8,72,0.00,311,1.84,0.0,18.0,12.7,57
1996-03-26,2.6,8.5,75,0.50,180,1.47,3.0,20.9,17.6,68
1996-03-27,-2.2,5.1,64,0.90,287,1.40,5.0,29.3,22.0,43
1996-03-28,-8.7,-3.7,50,0.00,296,1.59,0.0,30.1,27.6,39
1996-03-29,-5.7,0.8,50,0.00,314,1.99,0.0,27.6,19.0,38
1996-03-30,-5.5,-2.5,57,0.00,322,1.49,0.0,21.7,18.3,50
1996-03-31,-4.8,1.3,64,0.00,325,1.76,0.0,21.1,16.1,54
1996-04-01,0.2,7.2,68,0.00,270,2.39,0.0,13.0,8.2,47
1996-04-02,0.3,3.7,83,2.90,208,1.00,5.0,13.0,6.5,71
1996-04-03,-1.4,-0.1,87,42.50,316,0.62,24.0,38.9,29.1,70
1996-04-04,0.4,4.3,80,8.50,314,1.01,24.0,35.7,27.7,72
1996-04-05,2.3,3.8,86,2.00,11,0.84,9.0,23.9,18.2,77
1996-04-06,0.6,2.5,79,0.00,41,1.28,0.0,28.0,25.2,71
1996-04-07,-1.4,2.6,76,0.00,43,1.99,0.0,15.1,10.8,58
1996-04-08,-0.9,2.0,87,0.00,61,1.38,0.0,25.1,18.1,75
1996-04-09,-0.4,0.5,91,10.20,58,0.67,19.0,23.3,18.7,87
1996-04-10,-0.2,0.5,96,19.60,63,0.35,12.0,31.5,19.1,93
1996-04-11,1.2,3.2,91,2.20,64,1.15,9.0,28.8,15.5,76
1996-04-12,1.8,5.9,80,0.10,298,1.90,1.0,14.5,9.7,56
1996-04-13,1.1,4.8,69,0.00,312,2.23,0.0,23.8,18.6,51
1996-04-14,0.3,3.7,81,0.60,42,1.31,3.0,13.8,9.3,69
1996-04-15,1.1,3.0,88,6.80,28,1.35,15.0,26.1,20.3,73
1996-04-16,0.6,4.2,84,0.00,102,1.69,0.0,21.9,12.0,71
1996-04-17,2.6,5.6,86,8.30,134,0.93,9.0,28.0,24.2,77
1996-04-18,2.4,5.7,84,2.90,145,1.63,12.0,15.8,12.7,71
1996-04-19,1.5,4.3,90,0.60,359,1.51,3.0,11.3,8.9,77
1996-04-20,2.1,6.1,87,0.00,141,1.40,0.0,13.0,9.6,74
1996-04-21,5.4,11.7,94,13.10,162,0.83,13.0,23.3,15.5,81
1996-04-22,5.2,9.0,89,0.80,345,2.19,4.0,16.4,12.3,67
1996-04-23,4.4,7.6,94,4.10,152,0.57,13.0,21.1,15.2,89
1996-04-24,6.5,9.8,96,10.30,189,0.67,18.0,28.6,19.3,73
1996-04-25,5.3,10.4,60,0.30,253,3.27,2.0,24.7,18.1,30
1996-04-26,7.2,13.6,73,1.20,180,2.02,4.0,31.3,19.8,58
1996-04-27,12.5,16.4,79,0.40,180,2.92,3.0,31.1,25.3,61
1996-04-28,7.0,11.7,65,6.20,290,3.16,9.0,25.0,15.2,32
1996-04-29,5.7,9.6,56,0.00,270,3.03,0.0,16.9,11.3,41
1996-04-30,6.5,11.4,66,0.00,154,3.18,0.0,21.5,15.1,50
1996-05-01,8.4,11.5,78,7.40,158,1.55,8.0,30.2,24.3,57
1996-05-02,7.0,10.8,93,0.10,128,1.93,1.0,14.6,7.5,69
1996-05-03,9.1,14.0,65,0.00,233,3.73,0.0,22.1,14.5,37
1996-05-04,7.5,11.3,80,5.40,187,1.66,11.0,21.6,12.7,48
1996-05-05,6.4,11.2,77,1.00,349,2.50,8.0,11.9,8.3,43
1996-05-06,5.2,9.3,49,0.00,313,3.51,0.0,18.8,13.4,32
1996-05-07,6.0,12.6,51,0.00,268,3.73,0.0,17.3,12.8,28
1996-05-08,7.1,12.2,70,5.60,266,2.55,7.0,22.3,15.8,52
1996-05-09,5.0,11.5,68,0.00,206,3.57,0.0,16.7,9.3,39
1996-05-10,7.4,11.9,66,1.40,216,2.69,5.0,26.2,22.7,50
1996-05-11,4.8,6.7,94,8.40,34,0.80,20.0,19.1,12.0,86
1996-05-12,2.0,3.8,97,31.70,56,0.47,24.0,33.7,20.9,92
1996-05-13,5.4,9.2,74,0.90,233,2.33,8.0,29.3,25.7,43
1996-05-14,5.9,9.7,66,0.30,221,3.06,3.0,16.0,10.9,44
1996-05-15,6.0,9.5,73,0.00,100,3.25,0.0,12.6,8.9,55
1996-05-16,8.8,17.2,66,0.00,285,4.22,0.0,12.8,9.5,34
1996-05-17,11.5,17.2,68,0.20,226,3.76,1.0,27.9,21.7,53
1996-05-18,10.2,13.9,87,2.60,119,2.40,10.0,17.0,11.3,74
1996-05-19,7.6,8.6,93,1.70,78,0.93,8.0,15.7,12.5,88
1996-05-20,8.4,9.9,96,8.00,144,0.80,11.0,16.5,11.4,91
1996-05-21,10.1,11.6,99,5.60,223,0.64,18.0,16.9,10.5,97
1996-05-22,9.6,15.7,93,3.40,91,2.28,8.0,13.3,6.6,75
1996-05-23,8.1,10.6,95,1.40,42,1.39,8.0,12.5,9.3,85
1996-05-24,8.6,12.6,68,0.60,320,3.44,4.0,23.9,11.1,35
1996-05-25,6.6,9.2,49,0.30,307,3.79,3.0,29.9,23.6,36
1996-05-26,7.3,10.8,55,0.30,309,3.39,3.0,21.3,17.2,47
1996-05-27,8.7,12.2,67,0.20,306,3.46,2.0,13.0,9.5,51
1996-05-28,9.7,13.9,79,0.60,143,3.43,5.0,15.0,8.3,60
1996-05-29,10.7,14.5,75,0.80,159,3.54,8.0,18.4,13.9,52
1996-05-30,7.9,10.2,83,10.80,44,1.40,24.0,30.1,24.0,74
1996-05-31,9.8,12.7,75,0.70,13,3.02,7.0,16.9,13.1,62
1996-06-01,14.0,23.8,65,0.00,243,5.27,0.0,16.4,11.9,31
1996-06-02,19.0,26.4,58,0.00,230,6.26,0.0,22.9,19.0,33
1996-06-03,17.5,23.0,54,0.00,216,6.17,0.0,24.1,20.6,35
1996-06-04,15.8,19.3,88,11.70,192,1.62,15.0,17.7,14.4,49
1996-06-05,18.4,23.4,80,0.70,211,4.42,6.0,24.8,21.5,56
1996-06-06,18.3,21.9,72,0.00,239,4.58,0.0,23.6,19.8,47
1996-06-07,17.2,21.6,71,2.30,242,3.56,4.0,21.7,14.6,51
1996-06-08,15.7,19.3,75,2.40,262,4.37,4.0,17.1,12.7,44
1996-06-09,14.6,19.0,69,0.00,118,4.54,0.0,15.9,10.5,49
1996-06-10,17.0,22.4,74,0.00,217,4.35,0.0,24.5,18.3,53
1996-06-11,19.2,27.1,83,6.40,229,4.45,5.0,20.6,15.3,52
1996-06-12,16.9,22.8,92,1.30,122,3.15,6.0,14.3,10.2,79
1996-06-13,20.4,25.1,88,0.00,212,3.99,0.0,22.2,14.8,66
1996-06-14,19.4,23.2,85,2.20,212,3.15,10.0,20.1,17.2,67
1996-06-15,19.5,24.5,78,1.90,256,4.38,5.0,20.1,12.4,45
1996-06-16,16.1,19.2,63,0.00,326,5.16,0.0,21.7,16.0,47
1996-06-17,14.5,18.2,81,9.90,112,2.99,9.0,16.2,9.7,68
1996-06-18,14.2,16.1,82,0.10,29,3.50,1.0,14.4,10.2,66
1996-06-19,16.5,23.5,71,0.00,224,4.61,0.0,14.4,10.2,41
1996-06-20,12.8,15.9,67,0.00,63,3.87,0.0,24.1,18.0,55
1996-06-21,10.4,12.5,65,2.00,104,2.67,8.0,20.2,15.8,52
1996-06-22,12.1,16.9,69,0.00,104,4.48,0.0,16.2,11.0,51
1996-06-23,13.6,16.8,76,0.00,114,4.08,0.0,19.5,12.3,63
1996-06-24,15.0,19.7,76,0.00,188,3.93,0.0,12.3,7.3,51
1996-06-25,15.2,17.1,84,1.40,207,1.93,9.0,16.3,13.9,75
1996-06-26,12.1,14.4,97,24.60,303,0.63,24.0,27.9,18.7,93
1996-06-27,13.8,17.9,78,3.70,316,3.28,11.0,25.0,18.0,58
1996-06-28,15.5,20.4,75,0.40,198,4.67,3.0,15.8,8.2,47
1996-06-29,18.2,23.2,65,0.00,208,5.21,0.0,16.9,13.9,44
1996-06-30,18.1,22.4,59,0.00,203,5.77,0.0,31.0,21.8,40
1996-07-01,16.3,19.3,80,9.30,213,3.01,9.0,29.6,26.1,54
1996-07-02,19.3,24.6,81,0.00,217,4.24,0.0,23.0,16.0,61
1996-07-03,18.9,21.3,87,0.00,159,3.55,0.0,14.2,10.8,75
1996-07-04,15.9,17.5,96,9.50,70,1.08,11.0,19.7,11.1,89
1996-07-05,18.7,20.9,90,1.90,186,3.02,16.0,15.2,13.2,72
1996-07-06,17.6,20.1,88,5.10,216,2.29,11.0,23.8,16.9,79
1996-07-07,16.9,20.4,70,0.20,277,3.87,2.0,23.3,14.7,46
1996-07-08,16.6,18.4,81,11.20,131,2.43,12.0,16.1,8.4,69
1996-07-09,16.9,19.3,94,16.80,166,1.13,16.0,16.6,11.1,90
1996-07-10,18.8,22.7,89,2.50,220,3.19,7.0,17.3,10.9,69
1996-07-11,18.8,23.5,68,0.00,249,5.03,0.0,23.5,19.9,48
1996-07-12,19.5,23.6,68,0.10,249,4.90,1.0,19.7,16.7,48
1996-07-13,19.7,24.5,79,2.10,217,3.71,5.0,21.4,14.8,57
1996-07-14,18.3,21.1,93,31.00,51,1.96,20.0,44.1,21.2,72
1996-07-15,18.1,21.4,84,2.50,141,2.43,9.0,22.1,16.4,73
1996-07-16,20.7,25.7,86,6.10,202,3.36,12.0,29.8,24.0,61
1996-07-17,21.0,24.7,76,2.50,235,4.36,3.0,22.5,20.4,60
1996-07-18,21.0,25.5,64,0.00,258,5.87,0.0,22.0,19.0,42
1996-07-19,20.6,24.8,71,0.10,197,4.52,1.0,21.6,13.9,58
1996-07-20,17.6,20.5,83,22.10,175,2.29,19.0,37.7,25.7,57
1996-07-21,14.8,16.8,88,12.80,150,1.91,21.0,21.2,14.9,75
1996-07-22,14.6,17.2,79,0.60,324,2.80,4.0,19.2,14.6,64
1996-07-23,16.8,20.3,83,0.00,143,3.55,0.0,12.9,9.0,72
1996-07-24,18.2,21.2,80,1.00,200,3.64,5.0,16.5,11.8,66
1996-07-25,18.6,21.7,80,0.30,202,2.95,3.0,15.0,12.2,69
1996-07-26,17.3,19.8,83,3.90,207,2.10,10.0,18.8,15.8,76
1996-07-27,17.8,20.2,93,3.20,184,2.06,20.0,12.4,8.0,86
1996-07-28,17.3,19.2,89,1.90,320,2.39,7.0,18.4,12.3,79
1996-07-29,16.7,20.5,81,0.70,139,3.37,4.0,10.5,5.8,64
1996-07-30,18.3,21.3,81,0.00,138,3.54,0.0,11.3,8.6,64
1996-07-31,19.0,22.0,83,0.10,175,3.71,1.0,11.3,7.1,68
1996-08-01,19.1,21.7,86,2.00,210,2.31,5.0,13.2,9.4,73
1996-08-02,17.4,19.5,86,0.30,157,2.15,3.0,10.5,5.4,76
1996-08-03,19.3,22.9,87,0.00,179,3.80,0.0,9.5,6.0,75
1996-08-04,20.7,24.8,88,5.70,195,3.91,4.0,10.9,7.7,68
1996-08-05,21.7,26.6,87,0.00,252,4.42,0.0,11.5,7.1,63
1996-08-06,23.8,28.7,79,0.00,230,4.88,0.0,9.9,5.7,53
1996-08-07,24.6,29.7,73,0.00,223,5.22,0.0,15.9,12.6,50
1996-08-08,23.4,27.7,74,0.00,215,5.28,0.0,25.0,20.6,59
1996-08-09,20.8,23.8,82,1.60,219,2.56,7.0,23.7,20.5,75
1996-08-10,21.1,24.2,82,1.40,232,3.32,7.0,16.0,10.8,57
1996-08-11,18.6,20.5,63,0.00,312,3.60,0.0,15.3,10.3,45
1996-08-12,17.9,22.1,64,0.00,253,4.64,0.0,12.5,9.2,46
1996-08-13,18.5,22.6,65,0.00,198,4.28,0.0,21.6,16.2,53
1996-08-14,18.7,23.9,66,0.00,251,4.58,0.0,16.3,10.3,45
1996-08-15,18.0,22.2,64,0.00,309,4.69,0.0,15.8,10.9,49
1996-08-16,19.3,23.8,71,0.00,168,4.65,0.0,15.5,11.4,49
1996-08-17,19.8,23.4,72,0.20,218,3.45,1.0,16.5,13.3,61
1996-08-18,19.7,24.2,79,2.30,239,3.73,4.0,13.9,9.7,52
1996-08-19,16.5,19.3,79,2.20,354,3.46,4.0,24.3,18.2,58
1996-08-20,17.2,21.9,72,0.00,135,4.11,0.0,15.0,5.9,50
1996-08-21,17.6,20.0,85,9.20,206,2.07,8.0,16.6,11.9,73
1996-08-22,18.8,20.6,91,1.10,339,2.45,7.0,11.6,9.7,78
1996-08-23,19.4,23.9,87,1.30,199,2.42,3.0,17.1,13.0,68
1996-08-24,19.0,20.3,88,1.30,297,2.25,11.0,16.4,11.5,72
1996-08-25,18.8,24.1,65,0.00,222,4.74,0.0,31.2,15.9,43
1996-08-26,18.7,20.7,63,0.00,249,4.59,0.0,31.3,16.9,47
1996-08-27,16.7,19.1,76,2.20,62,3.27,6.0,13.2,10.7,58
1996-08-28,16.8,19.9,80,0.00,84,3.49,0.0,13.7,10.1,62
1996-08-29,18.3,24.7,82,2.30,221,3.54,4.0,20.7,12.7,50
1996-08-30,15.4,18.3,63,0.40,297,3.73,2.0,23.5,19.9,40
1996-08-31,16.1,20.2,71,0.60,241,2.56,4.0,17.6,12.1,62
1996-09-01,18.5,23.0,83,0.10,241,3.08,1.0,13.9,8.3,63
1996-09-02,17.8,19.6,88,0.50,55,1.73,4.0,29.4,17.8,81
1996-09-03,15.6,16.8,78,3.10,38,2.15,16.0,34.6,31.6,69
1996-09-04,17.0,22.5,69,0.00,10,4.00,0.0,23.3,11.4,47
1996-09-05,20.8,26.8,75,0.00,242,3.72,0.0,16.2,12.5,54
1996-09-06,19.8,22.2,68,0.00,313,3.92,0.0,19.8,14.8,44
1996-09-07,15.3,18.2,59,0.00,1,4.05,0.0,17.6,14.7,47
1996-09-08,15.4,20.9,71,0.00,161,3.47,0.0,13.3,6.9,49
1996-09-09,15.5,17.2,80,3.60,174,1.57,7.0,17.0,11.8,72
1996-09-10,16.7,19.2,95,13.70,204,0.91,21.0,17.1,10.8,88
1996-09-11,15.4,18.0,89,2.50,358,1.31,11.0,16.2,13.5,78
1996-09-12,14.4,16.1,74,0.00,94,2.31,0.0,17.6,12.5,64
1996-09-13,13.6,14.5,70,0.40,90,2.49,4.0,26.1,21.8,62
1996-09-14,13.3,14.0,91,40.20,74,0.68,24.0,36.3,32.5,71
1996-09-15,13.3,14.6,79,16.90,34,2.10,10.0,38.0,28.0,65
1996-09-16,13.7,15.5,76,0.50,54,1.74,4.0,15.9,11.2,67
1996-09-17,14.1,18.6,80,0.00,18,2.87,0.0,12.0,6.7,57
1996-09-18,14.2,16.5,88,0.30,73,1.54,3.0,27.5,15.2,76
1996-09-19,13.4,14.8,79,12.80,25,1.98,15.0,35.6,31.9,59
1996-09-20,13.9,18.9,69,0.00,276,2.86,0.0,21.3,14.7,54
1996-09-21,14.3,17.1,69,0.00,262,2.89,0.0,27.1,20.0,51
1996-09-22,11.1,14.1,56,0.00,300,3.32,0.0,25.1,18.0,46
1996-09-23,10.4,11.5,80,5.90,41,0.99,15.0,32.0,16.4,64
1996-09-24,9.5,12.2,68,1.00,347,2.38,8.0,31.2,19.8,47
1996-09-25,9.5,11.5,76,4.60,96,1.16,9.0,17.4,8.0,62
1996-09-26,10.3,12.7,81,14.50,28,1.28,18.0,26.3,18.7,48
1996-09-27,11.5,16.7,58,0.00,294,3.21,0.0,19.8,14.5,40
1996-09-28,12.5,16.7,72,0.00,214,1.88,0.0,31.8,22.1,67
1996-09-29,15.3,17.1,78,1.30,212,1.96,4.0,32.8,24.1,68
1996-09-30,13.3,15.1,73,0.00,250,2.52,0.0,30.9,19.1,44
1996-10-01,10.7,15.1,61,0.00,249,2.76,0.0,20.3,15.1,44
1996-10-02,14.0,19.6,67,0.10,212,3.22,1.0,31.3,24.5,53
1996-10-03,13.0,15.8,73,4.80,222,1.72,9.0,34.6,28.1,46
1996-10-04,6.9,9.2,55,0.00,322,2.58,0.0,21.2,19.4,40
1996-10-05,6.4,9.8,58,0.00,306,2.46,0.0,22.0,15.6,40
1996-10-06,7.7,12.8,63,0.00,221,2.51,0.0,24.9,20.4,46
1996-10-07,9.7,15.1,73,0.00,216,2.35,0.0,25.9,21.2,57
1996-10-08,11.4,17.1,81,0.00,217,1.88,0.0,17.1,12.9,63
1996-10-09,10.7,12.2,94,24.50,62,0.42,19.0,40.3,26.8,84
1996-10-10,9.6,13.1,87,3.00,292,1.10,11.0,32.3,15.6,72
1996-10-11,8.1,11.0,78,2.90,302,1.22,14.0,24.2,15.1,45
1996-10-12,5.9,10.7,62,0.00,248,2.14,0.0,21.7,16.2,49
1996-10-13,7.7,9.7,79,0.10,310,1.10,1.0,15.5,9.0,69
1996-10-14,8.9,11.3,85,7.10,203,0.79,12.0,29.7,22.5,59
1996-10-15,2.7,7.5,55,0.20,290,2.04,2.0,42.3,36.3,48
1996-10-16,1.6,5.5,49,0.00,281,2.40,0.0,37.0,31.3,40
1996-10-17,2.7,5.9,60,0.00,301,1.88,0.0,33.6,26.5,47
1996-10-18,4.8,7.2,70,0.00,347,1.55,0.0,29.3,19.5,60
1996-10-19,5.0,7.9,81,0.00,110,1.24,0.0,8.4,5.2,67
1996-10-20,4.6,7.5,85,0.00,81,1.05,0.0,16.5,9.8,72
1996-10-21,6.2,8.5,86,0.00,82,1.01,0.0,18.3,15.6,76
1996-10-22,7.2,9.6,88,0.00,96,0.90,0.0,15.1,13.4,76
1996-10-23,7.4,8.5,93,11.90,173,0.50,17.0,16.3,10.4,84
1996-10-24,6.8,8.5,94,4.20,139,0.42,6.0,18.2,10.2,88
1996-10-25,8.5,12.9,89,1.60,253,1.14,6.0,15.9,12.8,71
1996-10-26,7.7,10.4,72,0.00,293,1.66,0.0,21.4,18.7,51
1996-10-27,6.5,9.3,68,0.00,325,1.60,0.0,21.9,18.8,60
1996-10-28,5.2,6.6,92,10.40,154,0.29,14.0,18.3,10.9,83
1996-10-29,5.1,6.4,95,27.10,350,0.29,24.0,28.4,16.8,90
1996-10-30,4.9,6.4,87,2.90,338,0.66,10.0,25.5,13.3,74
1996-10-31,5.4,6.7,93,7.40,193,0.23,22.0,14.4,12.8,84
1996-11-01,3.7,6.3,65,0.30,257,1.53,3.0,30.3,23.3,39
1996-11-02,3.0,6.7,70,0.00,219,1.20,0.0,13.0,10.7,54
1996-11-03,2.8,4.1,87,18.70,193,0.39,18.0,35.0,16.2,73
1996-11-04,-0.2,2.2,73,0.20,264,1.13,2.0,29.2,23.7,55
1996-11-05,2.3,4.4,75,0.30,271,0.97,3.0,22.7,16.4,61
1996-11-06,2.3,4.7,74,0.00,357,0.81,0.0,7.4,5.3,55
1996-11-07,3.6,7.0,83,0.10,169,0.54,1.0,20.0,11.6,80
1996-11-08,9.5,14.5,88,6.20,188,0.94,9.0,32.5,27.0,76
1996-11-09,13.1,16.1,82,0.00,170,1.40,0.0,32.8,27.2,75
1996-11-10,12.3,14.2,93,19.00,166,0.68,17.0,30.7,13.6,76
1996-11-11,8.5,11.3,84,7.60,208,0.97,7.0,20.3,17.0,61
1996-11-12,2.6,5.5,64,0.00,258,1.36,0.0,25.7,18.7,44
1996-11-13,-0.7,0.9,56,0.10,259,1.29,1.0,20.2,16.1,39
1996-11-14,-3.2,-1.3,52,0.00,284,1.20,0.0,18.3,15.9,36
1996-11-15,-4.1,-1.4,51,0.00,332,1.14,0.0,20.9,16.6,44
1996-11-16,-1.4,1.4,65,0.00,4,1.13,0.0,30.2,24.8,55
1996-11-17,0.9,3.9,69,0.00,9,1.17,0.0,25.7,20.8,50
1996-11-18,1.0,1.3,82,0.40,18,0.55,4.0,23.8,22.0,70
1996-11-19,0.9,1.4,94,1.00,12,0.20,10.0,19.3,14.4,93
1996-11-20,1.1,1.8,99,7.70,35,0.19,21.0,12.8,8.3,98
1996-11-21,1.3,2.6,96,16.70,263,0.30,13.0,17.4,14.6,89
1996-11-22,1.0,2.4,86,5.50,311,0.56,11.0,19.6,16.0,71
1996-11-23,-0.4,1.5,76,0.00,277,0.74,0.0,18.9,12.8,59
1996-11-24,-3.3,0.4,65,2.30,279,0.95,7.0,30.1,22.7,50
1996-11-25,-5.5,-2.5,66,0.00,261,0.78,0.0,21.3,15.9,55
1996-11-26,-3.2,-2.6,78,15.00,281,0.38,13.0,23.7,12.1,68
1996-11-27,-4.5,-2.9,71,5.90,3,0.72,14.0,30.5,27.4,59
1996-11-28,-6.0,-2.9,75,0.00,330,0.59,0.0,24.6,19.6,62
1996-11-29,-5.8,-3.1,78,0.00,309,0.50,0.0,15.6,11.7,67
1996-11-30,-8.3,-3.9,77,0.00,245,0.46,0.0,14.0,9.9,62
1996-12-01,-2.6,1.1,83,3.20,180,0.35,7.0,22.0,16.1,72
1996-12-02,3.9,6.8,91,16.80,160,0.34,24.0,41.4,30.1,86
1996-12-03,3.0,8.4,82,0.70,223,0.73,2.0,40.6,22.7,67
1996-12-04,-0.7,2.0,85,0.00,343,0.50,0.0,21.4,10.0,76
1996-12-05,-1.9,-0.1,70,0.20,355,0.84,2.0,28.4,24.1,57
1996-12-06,-4.1,-2.5,72,0.00,14,0.56,0.0,19.6,15.0,65
1996-12-07,-0.7,0.4,85,0.00,44,0.45,0.0,21.9,18.3,78
1996-12-08,1.0,4.9,91,15.90,115,0.21,14.0,43.9,28.5,89
1996-12-09,1.1,5.3,89,3.40,296,0.32,8.0,24.3,18.4,75
1996-12-10,-0.7,0.8,77,0.10,294,0.60,1.0,23.7,15.7,71
1996-12-11,-2.3,0.1,74,0.00,287,0.56,0.0,14.8,8.6,61
1996-12-12,-2.4,0.1,82,0.00,25,0.46,0.0,18.8,12.7,73
1996-12-13,-1.4,-0.2,86,2.20,28,0.36,10.0,25.3,23.2,81
1996-12-14,0.4,1.0,93,0.70,54,0.24,4.0,20.6,17.5,89
1996-12-15,-0.5,-0.1,87,0.00,51,0.28,0.0,16.6,10.5,79
1996-12-16,-1.7,0.3,82,0.00,200,0.40,0.0,11.9,6.2,71
1996-12-17,1.1,3.3,91,5.50,214,0.29,7.0,17.1,13.0,80
1996-12-18,6.5,8.8,99,8.60,203,0.25,21.0,26.9,14.8,96
1996-12-19,4.2,5.6,99,7.70,204,0.13,19.0,15.3,10.5,99
1996-12-20,0.6,4.5,81,26.00,237,0.76,15.0,53.0,27.1,46
1996-12-21,-6.8,-4.3,46,0.00,262,1.26,0.0,39.9,30.4,40
1996-12-22,-3.4,0.5,56,0.00,228,1.00,0.0,21.0,17.5,49
1996-12-23,-2.7,-0.6,74,0.00,270,0.50,0.0,13.2,7.3,66
1996-12-24,-0.1,6.6,91,6.50,142,0.18,12.0,31.4,19.3,87
1996-12-25,3.3,8.7,81,15.50,232,0.59,17.0,38.8,31.1,45
1996-12-26,-10.2,-7.4,45,0.00,262,0.96,0.0,28.2,24.5,38
1996-12-27,-5.1,-1.9,64,3.90,232,0.70,11.0,19.6,14.0,43
1996-12-28,-6.4,-3.1,65,0.00,249,0.61,0.0,14.6,11.3,47
1996-12-29,1.1,3.9,92,5.90,179,0.23,23.0,22.3,16.5,67
1996-12-30,-3.2,3.9,76,7.90,277,0.58,13.0,38.5,28.0,41
1996-12-31,-18.7,-15.0,53,0.00,287,0.49,0.0,35.2,33.7,43
1997-01-01,-16.7,-13.2,49,0.00,294,0.62,0.0,34.2,29.0,37
1997-01-02,-13.1,-10.4,56,0.90,274,0.45,5.0,24.9,13.1,49
1997-01-03,-10.8,-6.9,69,0.10,348,0.41,1.0,15.0,10.2,62
1997-01-04,-9.4,-6.5,67,0.00,326,0.49,0.0,11.6,9.9,48
1997-01-05,-9.3,-5.0,78,6.20,344,0.21,10.0,19.4,8.2,68
1997-01-06,-2.9,-1.9,88,16.20,66,0.29,13.0,27.1,16.6,82
1997-01-07,-6.0,-3.6,78,0.40,270,0.49,3.0,25.6,18.6,60
1997-01-08,-7.1,-3.3,70,0.00,284,0.69,0.0,27.4,25.0,67
1997-01-09,-2.8,0.1,75,0.00,297,0.79,0.0,29.7,24.8,71
1997-01-10,-3.0,0.0,90,12.30,108,0.18,11.0,35.8,17.0,84
1997-01-11,-1.2,2.2,74,1.50,224,0.87,3.0,39.5,26.4,61
1997-01-12,-7.7,-4.5,76,0.00,248,0.52,0.0,25.3,20.8,61
1997-01-13,-6.6,0.1,81,0.00,273,0.48,0.0,20.0,17.2,73
1997-01-14,-5.7,-2.4,79,0.00,266,0.50,0.0,22.4,17.4,64
1997-01-15,-8.4,-4.1,74,0.00,255,0.59,0.0,22.3,19.0,64
1997-01-16,-2.1,5.6,83,1.80,186,0.59,3.0,38.9,23.5,74
1997-01-17,-4.5,6.7,70,8.00,237,0.68,8.0,42.0,28.9,51
1997-01-18,-20.9,-15.8,62,0.00,255,0.33,0.0,30.3,16.2,49
1997-01-19,-22.0,-16.9,64,0.00,288,0.30,0.0,19.7,16.7,49
1997-01-20,-12.9,-5.5,69,0.00,227,0.54,0.0,22.7,18.1,58
1997-01-21,-10.3,-7.7,72,0.20,317,0.42,2.0,25.1,15.2,52
1997-01-22,-11.6,2.5,75,3.20,223,0.38,9.0,30.1,18.1,66
1997-01-23,0.2,5.4,77,2.50,256,0.73,8.0,34.9,29.5,59
1997-01-24,-18.0,-13.6,62,0.00,324,0.45,0.0,30.6,15.9,48
1997-01-25,-5.6,6.3,82,12.90,162,0.32,14.0,34.2,24.0,65
1997-01-26,-0.6,6.4,79,5.80,250,0.64,10.0,32.8,25.2,52
1997-01-27,-16.4,-13.3,58,0.00,286,0.54,0.0,30.0,21.2,48
1997-01-28,-10.4,1.8,74,13.70,166,0.31,14.0,39.7,19.8,58
1997-01-29,-11.5,-0.6,61,0.00,262,0.69,0.0,33.0,26.4,46
1997-01-30,-20.5,-16.1,58,0.00,275,0.41,0.0,25.9,17.9,45
1997-01-31,-16.4,-10.0,70,1.50,105,0.33,4.0,17.6,11.4,58
1997-02-01,-5.4,-1.9,92,11.90,95,0.24,23.0,16.8,10.6,87
1997-02-02,-3.2,-0.9,85,0.60,283,0.69,4.0,16.6,11.4,63
1997-02-03,-8.5,-5.2,79,0.00,272,0.57,0.0,16.6,8.7,60
1997-02-04,-11.3,-8.2,78,0.00,19,0.45,0.0,13.4,10.1,63
1997-02-05,-10.2,-3.6,86,17.20,122,0.22,12.0,22.1,14.8,79
1997-02-06,-4.0,-1.1,79,2.90,279,0.81,9.0,20.6,16.7,60
1997-02-07,-7.2,-4.3,75,0.00,268,0.69,0.0,18.6,14.3,51
1997-02-08,-15.3,-10.1,67,0.00,298,0.49,0.0,15.9,13.6,46
1997-02-09,-16.0,-5.8,64,0.00,238,0.59,0.0,15.6,10.1,34
1997-02-10,-8.9,-3.1,73,0.00,272,0.71,0.0,14.8,12.9,64
1997-02-11,-13.1,-6.6,72,0.00,9,0.51,0.0,18.7,13.6,64
1997-02-12,-13.7,-6.6,73,0.00,174,0.54,0.0,14.2,9.9,55
1997-02-13,-8.9,-6.4,73,1.40,299,0.60,6.0,26.4,17.4,48
1997-02-14,-12.8,-4.2,69,0.00,218,0.60,0.0,20.0,15.6,55
1997-02-15,-2.6,0.7,84,7.70,257,0.66,8.0,17.0,12.9,67
1997-02-16,-8.6,-0.9,68,0.00,287,0.66,0.0,23.7,18.7,46
1997-02-17,-17.7,-13.3,62,0.00,287,0.53,0.0,15.2,9.9,42
1997-02-18,-10.1,-0.6,68,0.00,234,0.87,0.0,24.6,19.2,60
1997-02-19,-2.2,1.0,84,3.20,286,0.45,11.0,21.2,16.0,74
1997-02-20,-9.1,-6.8,71,15.10,31,0.83,13.0,36.2,23.4,44
1997-02-21,-4.3,1.7,80,2.70,218,0.58,9.0,28.9,22.7,68
1997-02-22,-7.1,0.8,85,27.30,48,0.30,23.0,32.6,23.8,79
1997-02-23,-10.5,-8.1,71,4.00,290,0.74,4.0,27.0,20.6,48
1997-02-24,-12.4,-9.1,66,0.00,265,0.75,0.0,20.9,11.0,46
1997-02-25,-15.2,-13.0,65,0.00,290,0.59,0.0,20.3,16.0,44
1997-02-26,-12.7,-3.3,70,0.00,229,0.72,0.0,17.9,13.9,57
1997-02-27,-2.0,2.1,80,1.70,248,0.78,9.0,16.1,13.2,73
1997-02-28,-6.4,-2.0,76,3.50,42,0.89,8.0,18.9,13.4,62
1997-03-01,-6.8,0.5,77,0.00,203,1.05,0.0,20.7,13.4,60
1997-03-02,2.1,5.7,89,5.20,218,0.51,12.0,30.3,25.0,78
1997-03-03,-4.4,4.0,60,0.00,309,1.31,0.0,29.4,21.4,44
1997-03-04,-11.5,-8.3,71,0.00,82,0.70,0.0,12.6,8.4,60
1997-03-05,-7.2,-1.2,82,0.40,174,0.78,4.0,10.9,6.8,68
1997-03-06,-4.9,-3.8,93,29.10,68,0.20,13.0,45.9,21.8,90
1997-03-07,-7.5,-5.9,64,8.40,314,1.16,7.0,58.2,33.0,47
1997-03-08,-11.7,-9.2,61,0.00,277,0.92,0.0,20.5,16.1,42
1997-03-09,-14.6,-10.1,60,0.00,336,0.84,0.0,18.8,14.2,39
1997-03-10,-13.3,-9.0,72,2.20,143,0.51,6.0,20.6,11.2,58
1997-03-11,-5.8,-1.6,86,1.20,138,0.87,9.0,19.5,9.7,72
1997-03-12,-5.5,-3.1,80,0.90,5,0.81,9.0,18.7,11.1,60
1997-03-13,-9.7,-6.7,62,0.00,291,1.03,0.0,35.5,26.8,48
1997-03-14,-8.6,-2.7,61,0.00,298,1.35,0.0,36.7,21.4,51
1997-03-15,-3.0,1.3,87,20.90,142,0.38,18.0,23.5,16.1,76
1997-03-16,-6.9,0.3,57,0.00,270,1.29,0.0,29.9,23.6,41
1997-03-17,-9.7,-5.3,63,0.00,256,1.12,0.0,22.7,18.4,42
1997-03-18,-6.5,-3.9,70,1.20,289,1.14,7.0,23.4,14.9,46
1997-03-19,-7.2,-3.0,63,0.00,261,1.28,0.0,22.3,17.8,43
1997-03-20,-6.0,0.2,69,0.00,219,1.38,0.0,14.0,12.1,45
1997-03-21,-2.1,0.8,77,2.80,226,1.45,11.0,15.6,12.0,57
1997-03-22,-6.1,-3.5,73,0.10,344,1.07,1.0,15.3,9.7,55
1997-03-23,-7.9,-4.7,63,0.00,300,1.14,0.0,23.6,19.1,46
1997-03-24,-6.9,-2.3,64,0.00,278,1.22,0.0,25.9,22.2,51
1997-03-25,-4.5,0.1,66,0.00,279,1.73,0.0,18.4,14.1,47
1997-03-26,-0.3,4.8,81,9.80,192,0.81,13.0,26.3,20.9,65
1997-03-27,0.7,3.2,67,0.00,273,1.76,0.0,24.5,19.1,50
1997-03-28,-0.8,4.0,74,0.00,320,1.88,0.0,14.6,6.9,46
1997-03-29,1.8,6.8,78,0.00,176,1.40,0.0,20.5,16.6,58
1997-03-30,0.9,3.1,93,14.40,21,0.33,19.0,32.0,17.7,83
1997-03-31,-4.2,-2.6,76,0.40,22,0.83,2.0,29.3,26.0,73
1997-04-01,-3.3,-3.0,81,10.40,37,0.70,24.0,44.0,38.9,79
1997-04-02,-3.3,-2.5,78,16.00,8,0.91,24.0,45.4,42.4,69
1997-04-03,-3.0,-0.6,67,0.50,360,1.60,3.0,38.6,30.7,57
1997-04-04,-3.7,-0.7,76,0.00,12,1.42,0.0,11.7,8.8,62
1997-04-05,-2.6,6.0,78,0.00,300,2.13,0.0,9.4,5.9,51
1997-04-06,0.8,4.4,83,1.90,186,1.24,5.0,23.0,10.7,72
1997-04-07,4.0,7.1,87,7.50,200,0.97,18.0,24.3,19.6,84
1997-04-08,2.3,4.3,77,5.50,258,1.92,6.0,24.2,15.4,52
1997-04-09,-1.2,2.3,68,0.00,274,1.84,0.0,19.9,16.5,47
1997-04-10,-2.1,0.5,69,0.00,321,1.43,0.0,25.8,18.0,55
1997-04-11,-2.5,2.4,63,0.00,317,1.98,0.0,18.6,15.0,41
1997-04-12,-0.3,5.0,65,0.00,282,2.38,0.0,16.5,13.2,40
1997-04-13,-0.7,0.0,86,11.90,107,0.43,13.0,22.5,12.4,70
1997-04-14,0.3,2.5,82,1.20,346,1.16,8.0,20.7,16.1,59
1997-04-15,0.2,3.2,64,0.00,313,2.26,0.0,24.7,22.5,46
1997-04-16,2.3,7.8,54,0.00,307,3.05,0.0,26.6,23.2,43
1997-04-17,1.9,5.6,74,0.00,331,2.53,0.0,19.6,12.4,61
1997-04-18,-1.2,0.8,84,0.00,72,1.47,0.0,26.0,16.4,74
1997-04-19,0.7,2.8,81,0.00,40,1.45,0.0,33.6,29.7,73
1997-04-20,1.6,3.0,85,0.00,13,1.15,0.0,28.8,25.4,76
1997-04-21,2.8,6.2,80,0.00,339,1.93,0.0,16.1,12.5,67
1997-04-22,2.6,5.5,87,0.00,344,1.92,0.0,11.9,7.8,74
1997-04-23,1.3,2.9,90,0.50,353,0.96,3.0,16.0,12.5,84
1997-04-24,1.5,3.4,85,0.00,21,1.98,0.0,20.0,14.2,75
1997-04-25,1.0,2.6,81,0.30,23,1.57,3.0,27.2,20.5,71
1997-04-26,0.2,3.8,79,0.00,44,2.00,0.0,15.1,7.2,56
1997-04-27,0.4,5.5,73,0.00,86,2.47,0.0,14.9,9.2,53
1997-04-28,2.2,6.9,73,0.00,154,1.72,0.0,19.9,13.4,61
1997-04-29,0.8,3.4,89,31.60,50,0.60,22.0,38.4,31.1,74
1997-04-30,2.1,8.0,79,0.00,237,2.38,0.0,21.6,12.4,60
1997-05-01,7.4,12.7,75,0.30,206,2.54,1.0,31.9,22.8,57
1997-05-02,8.4,9.6,90,10.80,204,0.86,14.0,27.8,21.9,67
1997-05-03,4.4,7.7,61,0.00,278,3.26,0.0,25.0,15.8,48
1997-05-04,6.2,10.5,85,8.10,161,1.12,12.0,30.8,22.6,68
1997-05-05,5.1,8.7,63,0.20,260,2.98,1.0,24.9,20.0,36
1997-05-06,6.6,11.4,58,0.00,183,3.65,0.0,26.6,21.2,42
1997-05-07,4.6,7.3,78,9.10,137,1.22,9.0,29.1,22.6,56
1997-05-08,4.1,6.7,80,0.50,112,1.88,4.0,15.3,10.0,67
1997-05-09,3.8,8.3,80,0.00,331,1.79,0.0,12.9,8.6,55
1997-05-10,4.7,7.9,80,0.00,135,2.45,0.0,14.9,11.1,67
1997-05-11,5.3,10.4,78,0.60,237,2.43,5.0,15.1,9.8,53
1997-05-12,8.7,16.2,66,0.10,249,3.41,1.0,25.1,19.6,37
1997-05-13,11.3,17.1,77,3.70,217,3.16,8.0,22.9,18.8,49
1997-05-14,9.0,11.1,97,15.70,229,0.76,20.0,28.1,13.2,77
1997-05-15,10.8,16.4,66,0.00,238,4.08,0.0,23.8,17.7,42
1997-05-16,9.6,12.4,91,13.50,143,0.72,16.0,44.3,25.8,72
1997-05-17,9.3,12.8,67,0.70,210,2.81,6.0,40.3,30.1,50
1997-05-18,9.2,12.4,70,0.00,226,3.21,0.0,16.7,9.6,52
1997-05-19,9.1,14.1,64,0.00,284,3.84,0.0,15.2,12.3,37
1997-05-20,6.5,8.0,85,6.60,115,0.93,12.0,21.8,15.6,69
1997-05-21,7.7,11.8,91,12.20,160,2.43,20.0,13.5,8.3,71
1997-05-22,6.1,8.1,92,2.90,43,1.77,13.0,12.6,6.4,78
1997-05-23,5.9,8.7,83,2.00,16,2.04,10.0,20.9,13.3,67
1997-05-24,6.5,9.1,70,0.00,341,2.88,0.0,15.5,13.1,55
1997-05-25,6.5,8.4,87,12.60,142,0.85,12.0,22.3,16.2,77
1997-05-26,5.4,8.2,96,16.20,32,0.51,24.0,32.8,21.7,89
1997-05-27,7.2,12.6,74,0.30,330,3.18,2.0,25.6,14.6,47
1997-05-28,11.7,18.2,65,0.00,245,3.99,0.0,13.6,11.5,36
1997-05-29,9.7,13.4,68,0.00,52,3.58,0.0,18.1,11.9,59
1997-05-30,11.7,18.9,71,0.00,167,3.71,0.0,23.8,13.0,55
1997-05-31,14.1,19.2,82,8.80,216,2.90,13.0,26.5,22.7,59
1997-06-01,12.3,15.8,77,0.40,335,2.87,2.0,18.4,14.2,54
1997-06-02,9.0,13.7,69,0.00,48,3.90,0.0,17.1,10.6,48
1997-06-03,8.5,11.6,78,0.00,31,2.27,0.0,18.3,12.4,70
1997-06-04,7.8,10.6,79,0.00,37,2.77,0.0,20.9,12.6,67
1997-06-05,7.4,8.2,90,3.00,45,0.84,9.0,26.6,20.3,87
1997-06-06,7.8,10.2,85,1.30,24,1.77,7.0,21.7,18.0,72
1997-06-07,9.0,13.0,77,0.00,30,3.56,0.0,17.7,12.9,60
1997-06-08,11.9,18.4,68,0.00,81,4.66,0.0,13.2,7.0,48
1997-06-09,15.6,23.3,66,0.10,193,4.98,1.0,16.9,12.2,46
1997-06-10,18.6,22.2,65,0.00,249,5.26,0.0,22.3,16.4,42
1997-06-11,16.1,19.8,58,0.00,315,5.37,0.0,19.4,11.4,35
1997-06-12,12.4,15.3,73,1.10,91,3.66,4.0,14.8,10.7,54
1997-06-13,14.0,20.1,83,3.60,151,3.38,5.0,22.3,14.2,70
1997-06-14,16.4,20.4,79,0.50,232,3.68,1.0,17.7,12.2,54
1997-06-15,14.0,17.0,56,1.70,284,4.34,4.0,19.2,14.6,35
1997-06-16,15.1,21.2,59,0.00,202,5.31,0.0,29.5,17.7,36
1997-06-17,15.5,19.7,68,1.40,185,3.34,3.0,26.1,19.5,42
1997-06-18,15.5,18.0,90,0.00,44,1.98,0.0,14.0,10.8,83
1997-06-19,16.4,20.3,95,11.40,200,1.33,17.0,16.6,13.7,80
1997-06-20,16.6,20.4,67,0.00,293,4.76,0.0,16.2,10.4,41
1997-06-21,17.3,23.3,75,0.00,193,4.45,0.0,25.1,14.7,49
1997-06-22,17.4,19.0,96,57.20,214,1.02,14.0,18.6,13.0,79
1997-06-23,15.5,17.5,89,17.20,2,2.69,19.0,21.8,14.8,69
1997-06-24,14.1,18.3,83,3.10,201,3.67,7.0,10.1,6.0,62
1997-06-25,14.8,16.7,78,0.10,351,3.37,1.0,14.8,11.2,61
1997-06-26,14.4,19.4,90,13.70,181,1.42,14.0,23.7,14.6,78
1997-06-27,15.2,17.7,92,37.60,46,2.19,15.0,20.3,12.9,76
1997-06-28,14.7,18.8,83,0.00,66,4.37,0.0,15.9,8.9,66
1997-06-29,18.7,26.1,82,0.20,180,4.81,2.0,13.9,8.3,62
1997-06-30,20.0,23.1,89,0.00,78,4.24,0.0,11.2,6.6,71
1997-07-01,20.4,24.3,91,3.90,127,4.38,2.0,11.5,7.2,80
1997-07-02,21.9,27.7,83,0.00,201,4.87,0.0,17.2,10.0,54
1997-07-03,20.8,23.7,81,0.00,207,3.40,0.0,21.4,18.4,67
1997-07-04,19.0,21.4,92,8.60,173,1.46,14.0,27.9,23.3,75
1997-07-05,18.4,21.1,79,0.00,242,3.48,0.0,23.1,19.9,51
1997-07-06,18.8,24.6,65,0.00,241,5.37,0.0,25.1,18.2,48
1997-07-07,20.8,25.4,71,0.00,233,4.98,0.0,17.7,13.6,48
1997-07-08,20.6,23.3,71,0.00,219,4.73,0.0,16.0,11.4,55
1997-07-09,18.1,21.3,90,8.90,199,1.35,13.0,21.8,14.3,72
1997-07-10,17.3,19.1,93,24.20,227,1.63,19.0,20.8,11.4,73
1997-07-11,18.8,22.9,69,0.00,244,4.74,0.0,23.0,19.1,50
1997-07-12,19.1,22.7,69,0.00,280,4.41,0.0,20.6,13.6,55
1997-07-13,18.6,20.8,79,0.00,58,4.32,0.0,11.9,7.8,63
1997-07-14,18.4,22.1,78,5.00,133,4.00,3.0,24.5,15.5,59
1997-07-15,15.9,19.0,62,0.00,12,4.99,0.0,18.1,12.1,44
1997-07-16,17.1,21.5,70,0.20,203,3.93,1.0,18.9,15.1,51
1997-07-17,20.6,26.8,85,4.60,230,4.13,4.0,19.5,16.1,61
1997-07-18,21.6,26.1,85,1.60,231,4.24,5.0,19.7,12.4,62
1997-07-19,18.8,21.6,73,0.40,275,4.09,2.0,13.9,8.9,50
1997-07-20,15.2,17.7,66,0.00,283,3.00,0.0,25.5,19.3,51
1997-07-21,16.4,21.1,59,0.00,266,4.42,0.0,24.3,18.3,44
1997-07-22,15.8,18.0,72,0.00,337,3.04,0.0,11.8,8.9,59
1997-07-23,16.4,19.2,68,0.00,333,4.11,0.0,13.5,9.2,46
1997-07-24,18.4,23.8,70,0.00,196,5.05,0.0,15.5,10.6,44
1997-07-25,19.6,24.8,60,0.00,216,5.87,0.0,20.4,16.6,43
1997-07-26,20.4,26.4,67,0.00,211,5.09,0.0,18.7,12.2,53
1997-07-27,18.1,19.5,85,0.50,75,3.02,2.0,15.1,12.5,77
1997-07-28,20.2,25.9,80,1.30,213,3.83,1.0,22.1,16.2,60
1997-07-29,17.1,19.5,77,9.50,276,3.03,5.0,29.9,21.6,58
1997-07-30,17.6,22.0,66,0.70,289,4.45,4.0,20.2,13.9,51
1997-07-31,20.7,25.6,69,0.20,245,4.83,2.0,15.3,11.1,46
1997-08-01,21.3,27.6,70,0.00,237,4.75,0.0,22.1,15.8,47
1997-08-02,21.5,24.9,68,3.40,239,4.34,3.0,20.4,17.6,58
1997-08-03,18.4,21.7,77,0.30,309,3.52,1.0,14.5,9.6,54
1997-08-04,16.2,18.2,65,0.00,38,3.85,0.0,17.7,11.6,50
1997-08-05,15.6,17.1,81,2.10,60,1.65,8.0,18.4,14.3,73
1997-08-06,15.9,19.7,76,0.00,39,3.56,0.0,14.5,8.9,56
1997-08-07,18.2,23.6,65,0.00,227,4.99,0.0,23.7,15.3,33
1997-08-08,18.6,20.9,65,0.00,205,4.95,0.0,24.4,15.6,49
1997-08-09,17.7,19.8,83,0.30,98,2.32,2.0,16.8,12.5,70
1997-08-10,19.1,24.0,83,0.80,19,3.69,5.0,16.4,11.7,59
1997-08-11,22.8,28.5,73,0.00,214,4.88,0.0,19.0,15.8,47
1997-08-12,18.8,22.9,77,21.90,311,3.48,11.0,18.2,12.5,51
1997-08-13,16.5,19.4,76,0.00,56,3.11,0.0,15.5,8.1,61
1997-08-14,16.1,17.4,88,8.40,140,1.17,15.0,18.8,13.5,75
1997-08-15,16.7,20.4,77,0.00,300,3.63,0.0,16.4,12.4,47
1997-08-16,15.7,17.4,86,11.50,163,1.22,14.0,17.6,13.7,80
1997-08-17,19.6,23.2,83,1.30,241,3.41,4.0,21.7,17.1,57
1997-08-18,15.8,18.5,62,0.00,280,3.38,0.0,19.2,15.1,51
1997-08-19,14.5,16.4,76,2.20,24,2.30,13.0,18.0,13.6,70
1997-08-20,14.3,17.0,76,0.20,107,2.87,2.0,12.6,5.5,65
1997-08-21,15.8,17.9,75,0.00,100,3.19,0.0,17.0,12.0,61
1997-08-22,16.2,18.4,80,1.10,116,2.08,3.0,28.0,20.1,65
1997-08-23,18.1,20.6,89,6.70,164,2.39,14.0,21.6,9.5,74
1997-08-24,18.4,22.0,85,1.20,220,2.78,2.0,17.4,12.0,66
1997-08-25,17.7,21.1,83,0.00,238,3.07,0.0,14.2,8.9,59
1997-08-26,18.2,21.7,85,1.30,147,3.37,2.0,10.0,6.1,64
1997-08-27,17.5,21.3,88,0.60,121,3.33,3.0,10.2,5.4,72
1997-08-28,17.5,19.3,81,0.30,182,1.70,2.0,15.9,12.4,69
1997-08-29,17.5,19.9,82,0.20,131,2.81,2.0,18.7,13.0,64
1997-08-30,16.1,17.0,89,1.80,34,2.11,10.0,24.0,19.9,81
1997-08-31,16.3,19.8,80,0.00,20,2.77,0.0,16.5,8.2,64
1997-09-01,18.1,21.7,82,0.00,210,2.22,0.0,16.0,11.5,64
1997-09-02,18.7,21.6,84,0.00,216,2.02,0.0,15.4,13.4,69
1997-09-03,16.0,19.2,94,27.40,218,0.56,18.0,22.0,17.4,84
1997-09-04,13.6,17.0,76,0.30,278,2.60,1.0,14.8,11.9,54
1997-09-05,13.7,17.1,68,0.00,270,2.83,0.0,20.7,16.1,52
1997-09-06,16.6,22.7,71,0.00,220,3.94,0.0,18.3,17.5,53
1997-09-07,16.8,20.5,79,0.50,214,2.54,4.0,18.2,11.8,66
1997-09-08,15.6,17.3,89,0.90,34,1.89,5.0,15.9,11.5,75
1997-09-09,15.1,16.1,90,8.10,54,1.03,14.0,21.3,17.7,83
1997-09-10,14.6,15.3,90,0.00,50,1.68,0.0,20.5,16.6,83
1997-09-11,13.2,15.4,78,0.00,38,2.12,0.0,17.1,11.0,69
1997-09-12,14.5,18.9,83,0.80,167,1.99,2.0,11.9,8.5,70
1997-09-13,17.0,19.7,93,5.70,234,1.80,11.0,12.1,8.6,79
1997-09-14,16.7,19.5,90,0.30,115,1.76,2.0,9.0,5.6,76
1997-09-15,18.2,22.6,83,0.20,232,2.96,2.0,19.8,13.7,57
1997-09-16,16.0,19.1,68,0.00,281,3.35,0.0,23.0,19.8,52
1997-09-17,13.5,16.3,67,0.00,318,3.16,0.0,20.3,14.2,51
1997-09-18,14.9,19.5,77,0.00,200,2.05,0.0,21.7,16.3,67
1997-09-19,17.1,21.8,75,0.00,222,2.93,0.0,23.4,16.4,59
1997-09-20,15.5,18.6,87,21.80,220,1.12,15.0,28.3,18.3,65
1997-09-21,10.5,13.4,80,10.20,310,2.05,13.0,28.2,24.2,56
1997-09-22,9.8,13.6,57,0.00,264,3.33,0.0,27.1,22.8,42
1997-09-23,11.6,12.7,79,9.50,232,1.37,11.0,25.7,21.4,58
1997-09-24,8.0,10.3,60,0.10,301,2.63,1.0,28.8,23.4,37
1997-09-25,8.9,14.5,63,0.00,212,2.38,0.0,32.6,20.9,53
1997-09-26,10.6,12.6,81,0.00,48,1.46,0.0,19.3,11.9,71
1997-09-27,9.8,13.6,68,0.20,335,2.32,2.0,16.1,11.9,41
1997-09-28,10.6,16.3,74,0.00,219,2.42,0.0,20.8,13.6,53
1997-09-29,11.9,15.7,83,5.00,171,1.35,6.0,31.5,20.1,65
1997-09-30,15.9,19.1,78,0.40,208,2.85,2.0,33.8,29.4,54
1997-10-01,11.7,15.3,66,0.00,244,2.48,0.0,25.6,18.5,50
1997-10-02,8.0,9.9,68,0.80,257,1.83,5.0,18.8,12.9,55
1997-10-03,8.4,12.5,72,0.00,265,2.16,0.0,19.2,11.8,52
1997-10-04,9.7,13.4,78,0.00,173,1.97,0.0,12.1,8.2,60
1997-10-05,10.4,14.1,82,5.80,192,1.32,5.0,16.9,13.5,66
1997-10-06,12.3,16.1,91,5.60,235,1.06,5.0,15.5,12.8,75
1997-10-07,12.4,14.0,69,0.00,305,2.20,0.0,34.4,26.8,57
1997-10-08,8.5,11.3,53,0.00,337,3.07,0.0,29.8,25.1,42
1997-10-09,8.1,11.0,63,0.00,357,2.09,0.0,19.4,11.4,51
1997-10-10,11.4,15.8,74,0.20,215,1.80,1.0,28.0,20.8,59
1997-10-11,9.5,13.9,59,0.00,303,2.68,0.0,28.5,25.3,44
1997-10-12,6.5,8.6,59,0.00,332,2.15,0.0,22.9,16.8,49
1997-10-13,6.3,9.0,73,0.00,15,1.37,0.0,9.4,7.3,58
1997-10-14,7.1,9.9,76,0.00,78,1.43,0.0,10.5,8.5,65
1997-10-15,8.6,11.5,83,0.00,71,1.42,0.0,10.5,7.0,68
1997-10-16,8.8,10.5,89,0.00,9,0.75,0.0,15.6,13.7,80
1997-10-17,8.5,9.1,85,0.00,11,0.78,0.0,21.1,17.8,74
1997-10-18,7.9,9.9,80,0.20,333,0.99,2.0,15.9,11.6,66
1997-10-19,7.5,11.3,78,0.00,278,1.61,0.0,16.7,11.9,61
1997-10-20,7.1,8.6,79,0.00,62,1.07,0.0,21.6,16.8,67
1997-10-21,7.1,10.9,78,0.00,327,1.21,0.0,18.4,13.3,58
1997-10-22,5.4,8.0,65,0.00,259,1.70,0.0,19.5,15.9,46
1997-10-23,2.7,5.3,60,0.00,257,1.77,0.0,25.8,20.8,35
1997-10-24,1.4,4.5,55,0.00,255,1.72,0.0,23.2,18.7,40
1997-10-25,1.8,6.0,63,0.00,243,1.63,0.0,22.5,18.7,44
1997-10-26,2.5,6.2,67,0.00,323,1.38,0.0,15.3,13.6,49
1997-10-27,2.3,4.3,83,15.40,86,0.42,9.0,34.2,14.2,71
1997-10-28,5.6,7.3,94,15.10,58,0.38,24.0,35.7,26.7,88
1997-10-29,2.7,5.0,77,6.00,301,1.14,6.0,39.1,25.6,57
1997-10-30,3.8,7.7,82,0.00,247,1.00,0.0,18.4,16.4,67
1997-10-31,3.6,6.3,76,0.00,254,1.17,0.0,16.1,11.2,56
1997-11-01,6.1,11.1,84,0.00,167,1.12,0.0,17.3,14.8,71
1997-11-02,9.4,12.2,95,11.60,125,0.25,10.0,30.1,25.5,89
1997-11-03,13.2,15.3,87,2.50,181,1.24,6.0,30.7,24.0,67
1997-11-04,8.9,11.5,77,3.10,196,1.16,3.0,21.4,14.0,69
1997-11-05,7.9,8.7,90,4.40,265,0.51,15.0,28.8,16.8,76
1997-11-06,6.0,8.2,72,0.00,303,1.23,0.0,14.6,11.7,52
1997-11-07,3.8,5.1,78,0.00,71,0.67,0.0,9.7,7.1,69
1997-11-08,3.5,6.0,81,0.00,92,0.83,0.0,14.7,9.4,69
1997-11-09,5.2,6.0,90,1.20,47,0.34,7.0,25.0,21.5,86
1997-11-10,5.9,6.3,98,8.30,9,0.19,20.0,25.5,16.3,95
1997-11-11,4.5,5.8,86,0.00,277,0.62,0.0,14.1,12.3,73
1997-11-12,1.7,4.8,62,1.30,286,1.38,5.0,24.1,20.7,35
1997-11-13,-1.5,0.4,46,0.00,275,1.76,0.0,34.7,27.0,38
1997-11-14,-1.1,1.2,65,0.10,320,1.02,1.0,28.1,17.3,52
1997-11-15,0.7,1.4,76,5.10,15,0.75,19.0,26.5,21.2,64
1997-11-16,-2.0,-0.6,61,0.60,321,0.80,4.0,15.1,9.8,52
1997-11-17,-2.2,1.2,61,0.00,272,1.14,0.0,27.0,20.4,46
1997-11-18,-3.2,-1.3,49,0.00,275,1.28,0.0,23.4,17.0,40
1997-11-19,-2.2,1.4,62,0.00,208,0.90,0.0,13.6,12.4,50
1997-11-20,-0.1,1.5,91,0.00,90,0.39,0.0,13.3,8.0,80
1997-11-21,-0.2,3.3,81,0.20,238,0.64,1.0,22.2,15.7,64
1997-11-22,-1.9,1.7,74,1.00,360,0.64,5.0,26.4,19.1,57
1997-11-23,-4.0,-2.7,61,0.00,38,0.87,0.0,27.4,15.4,57
1997-11-24,-1.6,-0.0,80,0.70,91,0.47,4.0,14.0,10.4,62
1997-11-25,-3.3,-1.2,66,0.60,299,0.90,3.0,26.8,20.9,46
1997-11-26,-1.5,4.1,75,0.60,237,0.80,4.0,22.4,19.4,58
1997-11-27,-2.7,-0.3,74,10.00,27,0.63,18.0,41.6,27.1,65
1997-11-28,-6.8,-4.1,70,0.00,327,0.76,0.0,36.4,24.8,55
1997-11-29,-7.0,-2.7,68,0.00,297,0.78,0.0,30.8,21.6,56
1997-11-30,-3.6,-0.1,65,0.00,294,1.02,0.0,31.8,25.0,56
1997-12-01,-4.1,-1.3,85,5.40,336,0.27,7.0,18.7,10.6,79
1997-12-02,1.2,3.9,89,19.30,348,0.44,23.0,38.0,28.9,70
1997-12-03,2.6,3.9,72,0.00,307,1.20,0.0,40.4,35.4,69
1997-12-04,-0.5,1.6,82,0.00,282,0.60,0.0,28.6,18.8,75
1997-12-05,-0.2,1.4,93,0.00,57,0.26,0.0,9.9,7.4,89
1997-12-06,-0.3,0.5,97,16.40,69,0.15,18.0,29.5,16.9,91
1997-12-07,-0.0,0.6,89,7.40,269,0.36,20.0,17.8,14.5,76
1997-12-08,-2.2,-1.3,80,0.50,324,0.51,2.0,23.8,20.9,75
1997-12-09,-4.5,-2.8,85,0.00,272,0.32,0.0,16.1,10.7,77
1997-12-10,-8.6,-5.4,79,0.00,275,0.39,0.0,17.3,14.0,68
1997-12-11,-6.9,-4.7,78,0.00,350,0.40,0.0,18.4,14.8,71
1997-12-12,-10.0,-6.9,78,0.00,251,0.37,0.0,13.9,11.6,67
1997-12-13,-6.8,-2.5,82,0.00,231,0.35,0.0,18.1,14.7,75
1997-12-14,-4.1,-1.2,85,1.10,258,0.41,5.0,30.8,16.1,70
1997-12-15,-15.1,-6.8,62,0.10,299,0.51,1.0,36.1,31.0,51
1997-12-16,-16.3,-6.3,74,0.00,239,0.29,0.0,19.9,15.3,57
1997-12-17,-2.3,2.0,86,0.00,225,0.47,0.0,18.7,16.2,72
1997-12-18,-4.8,-1.2,79,0.00,276,0.44,0.0,20.4,17.2,58
1997-12-19,-9.3,-4.2,77,0.00,254,0.36,0.0,18.5,12.6,66
1997-12-20,-8.7,-6.0,77,0.00,301,0.40,0.0,21.8,16.9,63
1997-12-21,-12.1,-9.6,69,0.00,307,0.48,0.0,22.9,20.5,58
1997-12-22,-12.6,-8.8,72,0.00,298,0.43,0.0,22.4,19.4,62
1997-12-23,-11.8,-7.2,76,0.00,302,0.35,0.0,19.6,10.8,69
1997-12-24,-5.3,-2.9,80,0.00,147,0.44,0.0,16.9,9.7,75
1997-12-25,-6.3,-2.7,87,1.10,176,0.22,5.0,16.9,10.2,79
1997-12-26,-1.0,0.1,94,13.10,222,0.23,13.0,17.7,13.1,87
1997-12-27,-1.8,0.1,85,0.00,241,0.45,0.0,21.6,18.0,75
1997-12-28,-6.5,-1.8,77,0.70,349,0.41,4.0,28.8,21.1,65
1997-12-29,-12.0,-3.6,72,0.00,232,0.44,0.0,20.9,17.6,53
1997-12-30,0.4,5.9,89,22.40,152,0.41,10.0,35.7,24.0,75
1997-12-31,-3.6,3.1,71,0.00,259,0.70,0.0,31.0,25.6,58
1998-01-01,-18.3,-13.2,65,0.00,288,0.35,0.0,23.7,21.2,54
1998-01-02,-14.4,-8.0,74,1.90,238,0.38,6.0,21.1,14.8,63
1998-01-03,-2.3,3.7,83,0.00,225,0.52,0.0,22.6,17.6,77
1998-01-04,-0.4,5.0,72,0.00,278,0.80,0.0,33.0,24.7,53
1998-01-05,-13.0,-9.6,79,2.30,312,0.19,9.0,19.6,7.9,71
1998-01-06,-8.1,-5.8,82,9.40,33,0.25,16.0,23.7,15.7,78
1998-01-07,-8.9,-7.1,74,0.80,42,0.41,4.0,22.5,14.9,67
1998-01-08,-6.5,-3.4,84,18.00,86,0.22,22.0,22.8,14.5,77
1998-01-09,-3.8,-3.1,84,15.50,47,0.39,15.0,29.6,26.9,79
1998-01-10,-1.1,0.1,91,11.90,82,0.28,13.0,27.2,14.6,84
1998-01-11,-1.8,0.3,83,0.30,220,0.52,2.0,19.3,15.5,61
1998-01-12,-7.7,-4.5,70,0.00,266,0.63,0.0,23.4,19.8,56
1998-01-13,-9.5,-0.8,79,0.70,207,0.33,3.0,24.3,15.8,66
1998-01-14,-8.7,-0.1,67,6.30,276,0.57,8.0,37.3,29.1,49
1998-01-15,-16.3,-12.3,60,0.00,276,0.53,0.0,31.2,29.3,52
1998-01-16,-13.2,-9.6,70,0.00,312,0.36,0.0,22.0,12.8,61
1998-01-17,-4.4,-2.1,87,0.00,26,0.34,0.0,28.9,25.6,82
1998-01-18,-1.1,-0.1,89,0.80,40,0.38,5.0,25.5,21.4,84
1998-01-19,-0.8,-0.4,91,0.00,63,0.27,0.0,20.2,17.9,86
1998-01-20,-1.9,-1.1,88,0.00,88,0.34,0.0,26.3,19.4,81
1998-01-21,-2.5,-1.8,78,0.10,12,0.61,1.0,29.9,25.8,69
1998-01-22,-12.5,-3.3,62,0.00,303,0.62,0.0,33.8,28.9,50
1998-01-23,-16.9,-13.0,63,0.00,298,0.44,0.0,25.0,14.2,49
1998-01-24,-9.7,0.6,82,33.00,107,0.21,18.0,21.3,15.1,64
1998-01-25,1.0,4.9,91,30.40,301,0.31,22.0,32.4,18.8,70
1998-01-26,-11.0,-3.7,62,0.00,271,0.69,0.0,35.0,29.0,51
1998-01-27,-15.8,-11.0,60,0.00,272,0.57,0.0,24.5,17.7,42
1998-01-28,-11.8,-6.1,70,0.00,211,0.58,0.0,15.1,12.4,60
1998-01-29,-6.6,-2.6,86,4.40,60,0.30,9.0,23.4,16.1,81
1998-01-30,-1.6,-1.0,95,15.20,54,0.22,22.0,24.2,17.9,93
1998-01-31,-1.7,-0.0,88,0.00,263,0.58,0.0,11.7,9.7,71
1998-02-01,-5.1,-1.6,84,0.00,331,0.59,0.0,12.5,9.6,73
1998-02-02,-7.8,-3.3,86,0.00,113,0.59,0.0,9.3,4.5,65
1998-02-03,-5.2,1.8,83,0.00,216,0.66,0.0,17.0,11.2,67
1998-02-04,-6.3,-1.3,76,0.00,325,0.66,0.0,17.5,12.3,58
1998-02-05,-11.1,-8.9,82,0.00,64,0.40,0.0,16.6,11.1,71
1998-02-06,-10.8,-7.4,78,0.00,17,0.55,0.0,17.7,13.1,58
1998-02-07,-10.8,-6.0,72,0.00,302,0.63,0.0,12.2,8.3,51
1998-02-08,-13.0,-9.7,75,0.00,16,0.43,0.0,18.6,14.4,65
1998-02-09,-14.4,-8.2,71,0.00,224,0.52,0.0,13.9,8.8,51
1998-02-10,-11.0,-7.6,74,0.00,336,0.68,0.0,17.7,10.5,56
1998-02-11,-6.3,0.6,81,0.00,222,0.74,0.0,19.6,17.0,69
1998-02-12,-0.2,4.7,91,6.00,180,0.37,9.0,32.0,19.9,83
1998-02-13,2.0,5.3,81,2.40,257,0.95,7.0,29.9,22.2,63
1998-02-14,-11.0,-3.4,62,0.00,296,0.78,0.0,24.7,21.8,51
1998-02-15,-15.7,-11.9,61,0.00,316,0.63,0.0,21.8,20.0,46
1998-02-16,-13.4,-6.1,63,0.00,281,0.78,0.0,18.6,11.7,43
1998-02-17,-6.2,-0.8,77,0.00,261,0.94,0.0,16.8,11.7,66
1998-02-18,-7.5,-5.3,89,0.00,93,0.53,0.0,17.8,10.1,81
1998-02-19,-4.4,1.3,92,11.10,84,0.28,14.0,25.9,21.1,90
1998-02-20,1.4,3.9,92,8.40,313,0.50,12.0,18.8,11.7,75
1998-02-21,-0.8,1.4,88,0.80,291,0.66,5.0,23.8,14.9,76
1998-02-22,-1.4,1.0,80,0.30,344,1.00,3.0,23.8,14.0,63
1998-02-23,-2.4,2.2,78,0.00,273,1.15,0.0,14.4,10.7,59
1998-02-24,-4.0,-2.0,88,0.30,83,0.68,2.0,27.3,15.8,80
1998-02-25,1.2,3.1,90,41.90,78,0.43,24.0,41.0,33.7,88
1998-02-26,2.0,2.7,94,17.50,34,0.26,23.0,28.2,23.0,89
1998-02-27,1.4,2.4,97,3.10,5,0.35,16.0,21.0,18.8,92
1998-02-28,1.1,2.0,98,0.00,358,0.36,0.0,14.4,11.2,95
1998-03-01,0.4,1.1,99,7.10,34,0.28,11.0,8.1,4.4,96
1998-03-02,1.0,2.3,97,6.50,266,0.47,14.0,6.5,3.7,90
1998-03-03,0.1,0.9,95,1.40,17,0.44,4.0,26.7,10.8,91
1998-03-04,-2.0,-0.7,85,11.60,358,0.64,23.0,37.1,29.8,71
1998-03-05,-2.4,0.2,81,0.00,327,1.03,0.0,13.7,9.2,64
1998-03-06,-4.0,-1.4,83,0.00,353,0.93,0.0,12.7,8.2,64
1998-03-07,-4.9,-1.1,84,0.00,336,0.73,0.0,11.9,8.4,77
1998-03-08,-2.3,0.8,90,0.00,351,0.98,0.0,11.3,7.1,76
1998-03-09,-0.8,5.0,91,7.40,142,0.43,10.0,32.4,19.7,84
1998-03-10,8.3,9.3,90,26.50,180,0.76,18.0,39.6,33.4,88
1998-03-11,0.1,5.6,84,2.30,280,0.67,11.0,25.1,15.8,63
1998-03-12,-9.3,-5.3,61,0.00,257,1.10,0.0,23.3,20.7,40
1998-03-13,-12.1,-8.2,59,0.00,252,0.97,0.0,27.4,21.2,43
1998-03-14,-8.1,-0.7,63,0.00,190,1.18,0.0,20.6,15.0,54
1998-03-15,-3.5,-1.8,81,26.10,28,0.69,17.0,38.0,27.7,68
1998-03-16,-5.8,-3.6,74,0.00,347,1.16,0.0,14.8,12.7,55
1998-03-17,-8.0,-1.6,75,0.00,283,1.34,0.0,10.8,7.4,43
1998-03-18,-4.3,2.6,70,0.00,250,1.63,0.0,15.0,13.2,44
1998-03-19,-5.2,-1.5,78,0.00,41,0.81,0.0,19.0,14.0,67
1998-03-20,-5.1,-3.9,84,5.40,51,0.52,16.0,31.8,25.4,81
1998-03-21,-7.4,-5.8,78,0.00,28,0.79,0.0,26.0,22.3,68
1998-03-22,-4.5,-3.7,82,18.70,52,0.52,15.0,43.7,33.9,75
1998-03-23,-2.7,0.5,78,3.30,303,1.11,11.0,30.1,17.9,56
1998-03-24,-2.9,1.1,73,0.00,244,1.48,0.0,20.0,15.1,48
1998-03-25,-3.9,0.7,67,0.00,275,1.68,0.0,15.5,13.9,42
1998-03-26,0.1,6.6,72,1.10,222,1.79,3.0,25.3,20.8,56
1998-03-27,4.1,11.0,84,10.70,229,1.05,9.0,26.3,17.1,69
1998-03-28,3.2,6.5,88,0.80,262,0.82,5.0,21.6,10.9,82
1998-03-29,6.0,11.8,87,0.60,236,1.72,2.0,38.2,23.9,68
1998-03-30,4.6,9.9,78,0.60,236,1.93,2.0,26.8,16.6,59
1998-03-31,3.1,8.1,93,13.40,344,0.47,16.0,27.4,14.1,75
1998-04-01,0.4,1.3,87,3.50,44,0.85,6.0,17.1,13.5,73
1998-04-02,-0.2,0.0,91,17.70,75,0.42,21.0,30.8,25.3,87
1998-04-03,0.1,0.6,93,12.30,64,0.45,23.0,30.3,25.7,91
1998-04-04,-0.6,0.3,85,13.80,17,0.75,19.0,28.4,25.9,67
1998-04-05,0.5,2.6,83,0.30,0,0.88,3.0,30.2,24.5,77
1998-04-06,2.3,4.3,79,0.50,346,1.19,5.0,26.3,22.1,65
1998-04-07,1.7,4.8,76,0.00,259,1.59,0.0,16.6,13.5,60
1998-04-08,1.1,4.5,83,0.00,312,1.71,0.0,11.8,8.1,67
1998-04-09,1.4,5.9,75,0.00,292,2.33,0.0,14.0,9.1,49
1998-04-10,-1.2,0.8,74,0.00,15,1.21,0.0,26.3,19.0,63
1998-04-11,0.0,4.5,63,0.00,337,2.31,0.0,23.6,18.6,44
1998-04-12,2.2,7.4,70,0.00,290,2.66,0.0,14.2,9.3,55
1998-04-13,2.0,4.6,74,0.00,27,1.67,0.0,24.8,18.1,62
1998-04-14,2.1,3.8,75,0.10,15,1.44,1.0,29.2,25.5,67
1998-04-15,3.5,7.8,82,2.80,339,1.75,10.0,22.3,15.0,58
1998-04-16,3.4,8.1,82,0.00,98,2.49,0.0,15.5,8.4,64
1998-04-17,5.0,9.2,93,7.60,158,0.61,14.0,22.1,16.6,83
1998-04-18,8.8,10.5,81,10.70,234,2.39,12.0,29.6,23.7,46
1998-04-19,7.3,11.8,58,0.00,269,3.46,0.0,28.8,24.7,44
1998-04-20,2.4,6.7,88,25.20,57,0.32,16.0,27.3,15.0,63
1998-04-21,2.4,6.4,85,2.40,325,2.05,9.0,27.6,12.7,64
1998-04-22,5.2,11.6,66,0.00,268,3.12,0.0,22.0,15.7,43
1998-04-23,2.7,5.3,69,0.00,97,2.39,0.0,19.4,13.4,56
1998-04-24,0.9,1.4,87,15.80,72,0.58,14.0,28.0,20.6,74
1998-04-25,2.8,7.4,83,3.00,313,2.24,5.0,18.7,12.5,54
1998-04-26,3.3,6.6,80,2.20,292,1.32,12.0,17.7,11.6,56
1998-04-27,2.2,5.0,75,0.30,330,2.11,2.0,17.7,11.6,62
1998-04-28,2.2,5.3,83,6.30,8,1.69,17.0,19.9,15.2,55
1998-04-29,7.4,16.6,60,0.60,252,3.93,1.0,19.2,15.6,35
1998-04-30,9.8,15.2,70,0.10,283,3.46,1.0,18.2,12.4,42
1998-05-01,12.4,21.6,70,0.00,233,4.22,0.0,19.2,14.1,40
1998-05-02,5.2,13.6,85,5.40,45,1.14,9.0,19.1,12.3,68
1998-05-03,6.4,8.0,98,4.60,81,0.88,9.0,16.2,9.5,97
1998-05-04,10.5,16.8,90,7.20,176,2.51,5.0,12.2,9.3,66
1998-05-05,11.1,14.4,89,0.00,146,2.80,0.0,14.9,10.0,77
1998-05-06,9.0,11.9,96,0.00,120,1.22,0.0,15.0,9.8,90
1998-05-07,12.0,12.8,99,7.30,156,0.84,11.0,15.6,13.7,96
1998-05-08,10.9,14.2,95,6.90,118,1.73,8.0,17.9,11.0,80
1998-05-09,5.6,8.8,92,1.50,42,0.69,8.0,18.7,14.1,84
1998-05-10,5.8,8.9,75,0.00,39,2.52,0.0,20.0,16.1,60
1998-05-11,5.3,7.7,76,0.00,37,2.68,0.0,24.5,17.1,67
1998-05-12,5.0,9.0,80,0.00,46,2.93,0.0,17.4,12.8,68
1998-05-13,7.2,14.2,71,0.00,116,3.74,0.0,14.1,7.6,52
1998-05-14,13.5,21.8,60,0.00,210,5.13,0.0,19.1,15.9,37
1998-05-15,14.3,20.6,72,1.50,229,3.82,5.0,21.0,13.5,53
1998-05-16,8.6,10.5,80,0.00,38,2.93,0.0,22.4,16.8,64
1998-05-17,7.4,11.4,69,0.00,75,3.63,0.0,15.9,10.6,54
1998-05-18,10.7,15.4,86,7.20,170,2.22,12.0,14.1,9.0,73
1998-05-19,9.6,12.6,89,6.90,29,1.99,12.0,11.3,9.2,70
1998-05-20,13.8,21.3,75,0.00,219,3.96,0.0,17.2,12.6,49
1998-05-21,15.1,20.5,78,2.40,207,3.51,6.0,23.0,17.9,60
1998-05-22,10.6,15.2,98,3.80,24,0.60,14.0,24.6,15.5,95
1998-05-23,8.7,9.9,95,6.20,233,0.71,18.0,20.9,11.8,87
1998-05-24,9.1,11.5,92,5.80,345,0.95,16.0,17.6,11.6,82
1998-05-25,12.5,18.3,74,0.00,275,3.92,0.0,17.9,13.6,49
1998-05-26,12.1,18.7,82,3.50,150,3.29,8.0,15.1,11.0,52
1998-05-27,11.7,17.1,66,0.10,312,4.38,1.0,20.3,14.5,33
1998-05-28,13.2,19.3,56,0.00,275,4.87,0.0,16.8,10.3,36
1998-05-29,17.3,24.5,67,0.40,220,4.53,1.0,23.2,17.7,52
1998-05-30,16.5,20.1,69,1.70,283,4.32,4.0,23.9,15.3,44
1998-05-31,11.9,15.4,56,0.00,285,4.72,0.0,21.1,15.0,44
1998-06-01,13.5,15.6,92,15.70,201,1.09,23.0,21.3,13.8,61
1998-06-02,13.0,18.0,59,0.50,251,4.83,2.0,17.1,12.4,39
1998-06-03,13.1,15.2,65,1.30,169,2.91,4.0,22.4,19.5,56
1998-06-04,8.0,11.9,95,22.70,278,0.60,24.0,31.4,25.4,88
1998-06-05,8.1,9.4,94,14.80,305,0.92,24.0,32.6,26.5,86
1998-06-06,10.6,14.4,77,0.50,3,3.26,4.0,24.9,14.9,58
1998-06-07,11.1,12.9,70,0.00,16,3.33,0.0,18.0,13.6,62
1998-06-08,10.1,12.3,73,0.00,85,2.67,0.0,15.1,11.7,60
1998-06-09,10.1,12.8,77,0.00,49,3.09,0.0,14.4,11.3,62
1998-06-10,11.8,17.5,77,0.00,126,4.48,0.0,12.3,6.2,51
1998-06-11,16.3,23.2,74,0.60,195,4.74,2.0,14.2,11.4,50
1998-06-12,17.9,23.0,72,0.00,208,5.18,0.0,17.2,14.0,45
1998-06-13,16.3,19.8,65,0.00,179,4.11,0.0,18.8,16.2,58
1998-06-14,16.5,20.2,79,0.20,140,3.32,1.0,21.1,18.1,64
1998-06-15,14.6,17.1,87,11.20,128,1.46,10.0,23.7,21.0,70
1998-06-16,15.5,16.9,96,7.20,132,1.14,10.0,22.2,16.6,92
1998-06-17,16.8,20.9,94,11.60,142,2.03,12.0,23.2,15.3,83
1998-06-18,18.2,20.7,95,6.60,151,2.26,11.0,13.2,9.1,82
1998-06-19,17.6,20.3,97,5.70,158,2.56,12.0,10.2,6.2,85
1998-06-20,15.5,17.9,93,2.00,35,2.08,11.0,13.4,9.5,83
1998-06-21,13.6,15.8,82,0.00,35,3.38,0.0,18.0,15.7,69
1998-06-22,14.5,19.4,79,0.00,124,4.44,0.0,16.4,8.4,62
1998-06-23,16.9,20.1,82,0.00,204,2.86,0.0,22.3,19.5,77
1998-06-24,19.2,23.9,86,2.90,226,3.88,3.0,18.9,13.8,72
1998-06-25,18.9,20.7,89,0.70,350,3.99,2.0,12.4,8.5,75
1998-06-26,18.0,21.4,90,2.60,160,2.95,1.0,18.1,10.3,80
1998-06-27,13.8,15.0,81,0.10,43,2.73,1.0,29.9,24.1,67
1998-06-28,13.8,16.8,67,0.00,21,3.69,0.0,26.5,21.2,53
1998-06-29,17.9,23.9,63,0.00,239,5.57,0.0,17.8,14.4,42
1998-06-30,18.1,21.5,83,0.20,204,2.61,1.0,24.9,20.0,64
1998-07-01,16.0,18.9,95,19.30,102,1.26,20.0,19.4,12.4,86
1998-07-02,15.6,20.6,84,7.40,307,2.59,12.0,16.1,11.3,63
1998-07-03,19.7,25.0,76,0.00,194,5.31,0.0,15.8,9.7,48
1998-07-04,20.5,24.6,68,0.00,199,5.38,0.0,18.4,15.1,53
1998-07-05,17.9,20.8,85,4.90,136,2.75,8.0,14.0,8.8,71
1998-07-06,17.9,22.0,82,13.00,11,4.26,8.0,11.8,6.2,61
1998-07-07,19.9,23.3,72,1.80,212,4.39,1.0,16.0,13.7,49
1998-07-08,19.0,22.8,83,2.40,220,4.07,3.0,16.1,11.6,66
1998-07-09,18.5,20.9,87,0.10,68,3.62,1.0,12.6,8.6,73
1998-07-10,17.4,20.2,87,1.70,117,2.79,4.0,18.1,12.5,78
1998-07-11,16.3,18.1,92,15.50,123,1.35,24.0,25.0,19.9,86
1998-07-12,14.4,15.1,89,5.80,57,1.37,14.0,20.6,13.5,78
1998-07-13,16.8,22.2,77,0.00,223,4.12,0.0,14.8,9.3,59
1998-07-14,21.0,27.4,77,0.30,213,4.73,2.0,21.9,19.8,58
1998-07-15,23.7,28.3,77,0.40,231,4.85,2.0,20.7,14.9,59
1998-07-16,24.5,29.2,83,0.00,221,4.78,0.0,14.9,11.0,61
1998-07-17,23.2,27.0,83,0.70,212,4.18,1.0,20.2,14.5,67
1998-07-18,22.5,25.9,78,0.00,234,4.37,0.0,18.1,15.0,46
1998-07-19,21.1,25.8,60,0.00,256,5.72,0.0,17.8,14.8,42
1998-07-20,21.5,25.4,67,0.00,213,5.00,0.0,23.2,18.1,54
1998-07-21,21.3,25.9,70,0.00,249,5.11,0.0,21.3,12.3,42
1998-07-22,22.2,27.5,77,0.00,217,4.51,0.0,24.6,16.2,59
1998-07-23,20.5,23.9,64,0.00,277,4.53,0.0,16.9,9.5,43
1998-07-24,20.6,24.9,77,14.00,207,4.17,9.0,20.6,16.0,51
1998-07-25,18.7,21.6,58,0.00,255,4.84,0.0,26.9,20.7,46
1998-07-26,18.1,21.1,73,0.50,274,4.01,2.0,17.4,10.4,61
1998-07-27,18.7,21.8,79,0.00,114,3.75,0.0,15.7,6.8,59
1998-07-28,19.6,22.0,71,0.90,197,3.65,4.0,26.8,21.8,62
1998-07-29,19.6,23.3,84,1.90,202,2.87,4.0,37.7,25.4,66
1998-07-30,20.1,23.6,76,0.00,235,4.30,0.0,21.7,17.8,53
1998-07-31,19.0,21.6,69,1.20,259,4.00,3.0,15.6,9.7,50
1998-08-01,18.3,21.5,65,0.00,316,4.16,0.0,16.1,10.5,42
1998-08-02,19.8,25.3,61,0.00,242,5.24,0.0,23.0,15.4,40
1998-08-03,20.6,24.0,62,0.00,247,4.92,0.0,22.0,13.9,44
1998-08-04,19.3,22.9,70,0.00,40,3.90,0.0,13.0,7.8,47
1998-08-05,20.7,25.4,68,0.00,230,4.69,0.0,11.5,7.2,42
1998-08-06,19.8,22.5,77,0.00,24,3.86,0.0,10.1,7.7,57
1998-08-07,21.1,26.3,67,0.00,196,5.00,0.0,10.1,7.0,42
1998-08-08,23.5,28.7,66,0.00,224,5.22,0.0,11.6,7.8,38
1998-08-09,25.0,31.0,62,0.00,235,6.05,0.0,19.7,17.1,43
1998-08-10,25.9,31.2,59,0.00,223,6.63,0.0,24.3,20.7,45
1998-08-11,22.4,25.7,79,2.50,213,3.18,9.0,30.8,23.8,60
1998-08-12,15.3,19.6,83,43.90,17,2.03,20.0,40.0,32.4,58
1998-08-13,15.0,18.2,63,0.00,352,3.49,0.0,23.7,17.6,47
1998-08-14,17.7,24.6,66,0.00,243,4.85,0.0,18.6,13.7,43
1998-08-15,19.6,23.9,74,0.00,215,4.00,0.0,24.3,20.9,60
1998-08-16,19.6,23.0,72,1.50,234,4.00,1.0,24.9,18.5,56
1998-08-17,19.5,24.8,73,0.00,198,4.35,0.0,22.1,10.3,54
1998-08-18,19.8,22.7,84,9.90,224,2.63,12.0,23.1,14.5,70
1998-08-19,15.9,18.4,63,0.10,322,3.81,1.0,18.6,15.5,45
1998-08-20,15.8,20.5,65,0.00,294,3.94,0.0,16.6,11.8,45
1998-08-21,16.8,19.9,78,0.00,248,2.17,0.0,13.4,9.7,60
1998-08-22,17.3,19.4,71,0.00,315,3.41,0.0,15.7,11.8,43
1998-08-23,16.8,20.9,67,0.00,240,3.33,0.0,14.4,9.6,47
1998-08-24,17.5,20.5,83,2.10,198,1.72,7.0,21.0,17.8,66
1998-08-25,18.4,19.7,92,4.70,263,1.97,7.0,17.8,13.8,87
1998-08-26,16.1,18.0,93,9.70,71,1.20,17.0,20.8,13.6,89
1998-08-27,16.0,18.0,86,0.50,34,1.55,3.0,14.4,8.6,77
1998-08-28,18.0,21.9,80,0.00,272,3.45,0.0,13.6,10.9,53
1998-08-29,17.3,19.1,82,1.30,122,2.21,3.0,22.2,16.3,74
1998-08-30,17.0,21.2,86,5.70,150,2.03,8.0,19.5,15.0,72
1998-08-31,18.4,21.7,76,0.00,235,3.42,0.0,16.9,11.8,49
1998-09-01,17.1,20.2,74,0.00,276,3.01,0.0,15.8,11.4,55
1998-09-02,17.2,20.1,79,0.00,95,2.52,0.0,15.8,8.7,63
1998-09-03,18.0,20.1,80,0.00,119,2.74,0.0,20.2,12.0,66
1998-09-04,17.4,19.9,86,9.90,173,1.60,10.0,19.9,13.6,75
1998-09-05,16.9,20.0,79,0.10,315,3.16,1.0,26.1,13.3,54
1998-09-06,15.5,17.8,73,2.90,268,2.23,7.0,24.8,17.2,62
1998-09-07,16.8,20.2,75,0.60,249,3.06,3.0,13.2,8.7,49
1998-09-08,15.8,17.3,83,6.70,96,1.10,11.0,28.7,16.0,77
1998-09-09,14.7,15.4,89,6.60,34,1.29,19.0,26.3,14.0,81
1998-09-10,13.7,15.2,83,10.90,236,2.15,20.0,18.1,10.4,70
1998-09-11,13.1,14.3,90,8.70,357,1.43,20.0,25.0,18.6,83
1998-09-12,12.1,13.1,91,8.20,186,0.74,13.0,14.5,9.5,84
1998-09-13,13.5,15.3,85,1.60,24,1.63,7.0,19.8,12.0,67
1998-09-14,14.7,20.8,76,0.00,238,3.19,0.0,13.2,10.6,50
1998-09-15,15.5,18.0,83,5.30,218,1.67,4.0,15.0,9.4,72
1998-09-16,15.2,17.0,76,9.40,287,2.96,5.0,25.6,19.8,43
1998-09-17,11.7,13.5,56,0.20,297,2.95,1.0,23.5,20.7,51
1998-09-18,11.2,13.9,62,0.00,316,2.75,0.0,22.1,15.6,53
1998-09-19,13.3,18.3,77,3.30,210,2.19,9.0,27.6,19.9,70
1998-09-20,13.7,16.5,76,2.90,284,2.71,6.0,18.6,12.8,49
1998-09-21,14.6,19.6,84,3.60,182,1.55,7.0,27.9,19.0,76
1998-09-22,16.0,17.7,88,7.10,235,0.98,9.0,25.2,17.1,76
1998-09-23,10.3,12.3,78,23.70,332,1.53,13.0,24.1,20.9,45
1998-09-24,10.6,14.5,56,0.00,272,3.34,0.0,22.9,18.8,39
1998-09-25,12.6,17.2,65,0.00,224,2.71,0.0,16.6,15.1,55
1998-09-26,14.2,18.5,79,0.00,215,2.47,0.0,17.4,13.1,65
1998-09-27,13.7,15.1,91,9.60,181,0.61,9.0,29.2,19.0,79
1998-09-28,15.8,18.4,85,1.20,245,2.05,4.0,22.3,14.4,60
1998-09-29,12.7,15.5,63,0.00,274,3.02,0.0,18.2,15.6,48
1998-09-30,12.9,17.4,72,0.40,229,2.16,1.0,19.4,14.2,58
1998-10-01,13.0,14.9,93,14.10,182,0.61,15.0,32.5,20.6,85
1998-10-02,9.6,12.3,61,0.50,255,2.88,1.0,36.3,32.6,42
1998-10-03,8.9,11.3,55,0.00,270,2.98,0.0,36.0,29.3,40
1998-10-04,8.7,11.1,56,0.00,276,2.70,0.0,27.3,23.3,46
1998-10-05,7.2,9.1,57,0.00,300,2.49,0.0,27.9,23.3,42
1998-10-06,6.2,7.5,60,0.00,338,2.12,0.0,26.0,22.0,49
1998-10-07,5.5,9.2,62,0.00,308,2.12,0.0,17.3,11.4,44
1998-10-08,7.5,9.8,86,8.10,218,0.66,11.0,22.8,19.8,61
1998-10-09,9.4,11.0,85,0.60,34,1.52,2.0,20.4,15.8,66
1998-10-10,9.4,11.8,86,0.10,95,0.87,1.0,14.4,11.0,81
1998-10-11,10.3,11.0,97,6.20,72,0.43,18.0,22.9,14.8,93
1998-10-12,8.4,9.3,87,3.30,35,0.84,18.0,31.4,26.7,77
1998-10-13,6.8,8.2,75,0.00,33,1.20,0.0,23.5,13.3,65
1998-10-14,6.5,8.4,78,0.00,132,1.00,0.0,13.6,6.3,66
1998-10-15,8.7,9.4,91,18.20,83,0.39,14.0,29.5,18.2,77
1998-10-16,7.5,8.5,94,17.30,6,0.38,24.0,36.6,33.0,86
1998-10-17,7.5,10.0,81,3.40,357,1.14,7.0,36.2,22.5,64
1998-10-18,9.5,15.6,80,0.00,213,1.45,0.0,20.7,13.6,65
1998-10-19,13.2,15.1,75,1.40,241,2.08,3.0,29.9,25.8,51
1998-10-20,9.3,11.8,60,0.20,265,2.51,1.0,25.9,21.5,45
1998-10-21,6.5,8.5,66,0.00,270,1.87,0.0,26.6,21.7,49
1998-10-22,6.2,7.8,72,0.70,307,1.51,5.0,23.6,19.7,63
1998-10-23,5.0,8.8,66,0.20,274,1.67,1.0,20.4,17.3,51
1998-10-24,8.1,12.7,79,0.30,245,1.30,2.0,17.0,14.3,63
1998-10-25,7.4,11.4,65,0.70,289,1.83,3.0,24.5,20.2,38
1998-10-26,3.3,5.6,53,0.00,304,1.89,0.0,19.5,16.2,42
1998-10-27,3.1,7.1,64,0.00,225,1.50,0.0,23.4,12.6,45
1998-10-28,6.7,11.8,75,0.00,206,1.73,0.0,29.0,26.2,59
1998-10-29,7.7,9.0,92,14.60,266,0.44,22.0,28.2,19.2,73
1998-10-30,7.3,9.0,96,42.10,31,0.30,21.0,50.2,34.8,88
1998-10-31,7.2,8.7,91,5.60,37,0.50,14.0,35.5,31.2,86
1998-11-01,4.5,5.6,94,19.60,356,0.28,24.0,37.2,33.6,89
1998-11-02,4.2,6.2,87,0.20,258,0.47,2.0,23.2,18.7,83
1998-11-03,5.2,7.3,79,0.00,250,0.84,0.0,15.1,13.7,66
1998-11-04,4.4,6.1,74,0.00,250,1.04,0.0,19.2,15.0,58
1998-11-05,4.2,6.2,72,0.20,261,1.23,2.0,26.8,21.9,62
1998-11-06,4.6,5.8,76,0.00,342,0.99,0.0,21.8,16.6,67
1998-11-07,3.8,5.1,76,0.00,342,0.81,0.0,15.2,11.4,60
1998-11-08,1.9,3.9,71,0.00,328,0.97,0.0,13.7,9.5,54
1998-11-09,1.4,3.8,73,0.00,286,0.93,0.0,13.9,10.8,58
1998-11-10,1.3,3.0,67,0.00,317,0.80,0.0,10.2,7.7,52
1998-11-11,2.5,8.2,83,16.20,164,0.39,11.0,30.0,19.6,70
1998-11-12,4.6,8.2,80,0.60,249,1.02,2.0,28.9,22.2,52
1998-11-13,1.2,3.3,58,1.50,259,1.41,3.0,24.7,20.0,40
1998-11-14,-1.3,0.2,48,0.00,267,1.46,0.0,22.7,17.5,39
1998-11-15,0.5,1.9,84,13.50,153,0.35,11.0,25.9,18.2,62
1998-11-16,-1.0,2.7,66,0.40,265,1.20,2.0,35.6,30.2,45
1998-11-17,-2.8,-0.4,67,0.00,274,0.93,0.0,23.2,15.2,57
1998-11-18,-3.2,-0.1,70,0.00,311,0.77,0.0,17.5,11.4,54
1998-11-19,-3.9,-2.2,62,0.00,311,0.87,0.0,20.0,13.8,50
1998-11-20,-1.2,2.2,80,8.00,148,0.41,17.0,22.4,15.0,56
1998-11-21,1.4,3.5,96,3.20,317,0.36,9.0,12.1,7.4,87
1998-11-22,-1.0,1.2,79,0.20,280,0.71,2.0,18.8,16.1,65
1998-11-23,2.4,6.4,70,0.30,224,1.22,2.0,27.5,22.7,60
1998-11-24,5.2,6.7,75,0.00,234,1.25,0.0,34.8,26.5,61
1998-11-25,0.5,3.5,66,0.00,315,1.10,0.0,24.1,20.7,54
1998-11-26,-2.1,-0.5,71,0.00,124,0.57,0.0,21.5,11.9,64
1998-11-27,2.8,5.5,92,10.80,153,0.32,10.0,38.3,26.7,77
1998-11-28,0.1,1.6,70,0.00,283,0.97,0.0,25.2,22.1,58
1998-11-29,-1.7,0.2,64,0.00,305,1.04,0.0,26.0,19.8,58
1998-11-30,-2.7,-0.4,71,3.60,147,0.49,7.0,26.5,12.7,62
1998-12-01,5.6,9.1,92,1.60,213,0.47,6.0,29.2,26.2,74
1998-12-02,1.7,3.6,63,0.00,270,1.21,0.0,28.0,20.8,54
1998-12-03,-0.4,1.3,67,0.00,272,0.94,0.0,20.2,16.2,50
1998-12-04,-0.8,2.9,70,2.00,272,0.69,4.0,22.7,16.1,59
1998-12-05,-3.5,-1.5,58,0.00,305,1.12,0.0,26.9,22.7,49
1998-12-06,-3.5,-1.9,66,1.50,263,0.56,6.0,18.5,11.2,58
1998-12-07,3.5,9.3,94,2.80,224,0.24,12.0,37.0,24.6,76
1998-12-08,-2.2,0.8,53,0.00,281,1.24,0.0,29.1,19.9,46
1998-12-09,-1.7,1.0,64,0.00,252,0.83,0.0,18.0,12.7,56
1998-12-10,-3.1,-1.8,58,0.00,276,1.03,0.0,22.9,19.5,46
1998-12-11,-4.3,-2.2,56,0.00,291,0.88,0.0,17.3,12.8,41
1998-12-12,-4.8,-1.2,50,0.00,271,1.06,0.0,21.2,16.4,38
1998-12-13,0.1,3.4,77,0.00,245,0.75,0.0,23.4,19.0,61
1998-12-14,-2.2,-0.1,60,0.00,315,1.03,0.0,25.8,20.5,42
1998-12-15,-2.6,2.8,51,0.00,243,1.24,0.0,25.9,19.8,41
1998-12-16,0.9,2.9,80,0.00,255,0.66,0.0,23.2,15.7,60
1998-12-17,-1.6,-0.5,75,0.80,50,0.63,5.0,21.6,18.7,69
1998-12-18,-2.7,-1.1,84,24.40,23,0.37,23.0,40.3,29.5,68
1998-12-19,-9.7,-5.5,69,0.00,291,0.57,0.0,36.2,20.9,58
1998-12-20,-5.5,-1.0,78,3.90,272,0.49,6.0,24.2,17.6,60
1998-12-21,-8.9,-4.0,78,0.00,244,0.32,0.0,19.6,11.5,73
1998-12-22,2.5,6.8,85,13.40,208,0.54,16.0,38.1,29.7,78
1998-12-23,-12.5,-3.4,56,0.40,276,0.70,2.0,43.2,32.2,47
1998-12-24,-11.2,-6.3,52,0.00,233,0.69,0.0,18.7,15.3,45
1998-12-25,-8.6,-7.2,60,0.00,255,0.74,0.0,29.8,22.4,46
1998-12-26,-6.5,-0.5,69,0.00,200,0.58,0.0,21.6,15.7,57
1998-12-27,-4.2,-1.1,72,0.00,261,0.62,0.0,25.6,18.9,49
1998-12-28,-2.9,2.1,69,0.00,218,0.73,0.0,26.5,19.3,57
1998-12-29,-3.7,-1.1,74,0.00,24,0.60,0.0,21.3,16.2,64
1998-12-30,-1.6,0.1,88,19.00,86,0.29,17.0,23.3,18.8,75
1998-12-31,-13.7,-1.6,66,0.60,271,0.44,3.0,33.6,27.1,52
1999-01-01,-21.0,-16.5,72,0.80,265,0.21,5.0,21.0,11.8,62
1999-01-02,-21.2,-17.5,64,0.00,277,0.31,0.0,29.6,27.3,53
1999-01-03,-13.2,-6.7,74,1.10,244,0.31,3.0,25.3,14.0,65
1999-01-04,-0.8,4.1,81,13.50,197,0.61,14.0,27.0,23.3,60
1999-01-05,-9.5,-5.2,68,0.00,253,0.59,0.0,25.3,20.8,55
1999-01-06,-16.7,-10.8,73,0.00,232,0.34,0.0,20.9,14.3,59
1999-01-07,-5.4,-2.3,73,3.00,208,0.67,7.0,31.0,24.0,53
1999-01-08,-16.4,-10.8,63,0.00,256,0.45,0.0,31.3,22.8,52
1999-01-09,-7.8,1.2,85,23.40,162,0.24,19.0,30.0,14.1,71
1999-01-10,-4.9,3.0,77,19.40,272,0.44,8.0,36.7,18.4,59
1999-01-11,-14.4,-9.8,76,0.70,266,0.29,3.0,12.3,8.6,62
1999-01-12,-14.8,-11.8,78,2.90,256,0.23,7.0,19.6,13.7,70
1999-01-13,-15.7,-14.1,79,8.90,326,0.16,11.0,25.1,12.1,67
1999-01-14,-22.1,-18.5,63,0.00,331,0.29,0.0,28.1,17.3,53
1999-01-15,-15.0,-2.4,81,8.40,99,0.19,9.0,26.6,15.5,68
1999-01-16,0.3,6.6,78,7.60,206,0.73,7.0,42.7,32.9,60
1999-01-17,-2.3,2.1,72,0.40,245,0.87,2.0,25.9,22.4,60
1999-01-18,-3.1,0.2,84,0.00,221,0.55,0.0,17.8,12.5,76
1999-01-19,2.9,6.5,85,7.20,182,0.72,7.0,40.3,25.6,69
1999-01-20,0.4,1.2,72,0.00,243,0.99,0.0,28.6,25.5,60
1999-01-21,-7.3,-2.6,71,0.00,272,0.65,0.0,21.0,18.2,57
1999-01-22,-10.0,-6.8,73,0.00,301,0.50,0.0,14.8,11.7,60
1999-01-23,-9.1,-4.2,83,3.00,127,0.23,9.0,17.6,9.8,79
1999-01-24,5.0,9.6,95,8.50,209,0.28,21.0,36.6,26.7,87
1999-01-25,0.8,8.1,76,8.90,258,0.79,8.0,31.5,24.5,53
1999-01-26,-9.8,-6.2,62,0.00,294,0.73,0.0,25.6,19.0,47
1999-01-27,-8.7,-5.5,70,0.00,283,0.62,0.0,23.0,14.6,59
1999-01-28,-15.1,-11.5,65,0.00,321,0.49,0.0,23.1,17.8,54
1999-01-29,-16.8,-12.8,68,0.00,334,0.40,0.0,15.8,12.3,52
1999-01-30,-15.8,-13.2,70,0.00,351,0.38,0.0,18.8,13.5,59
1999-01-31,-14.3,-7.5,64,0.00,319,0.61,0.0,20.1,13.8,45
1999-02-01,-6.7,-1.9,62,0.00,271,1.02,0.0,25.0,21.4,54
1999-02-02,-9.1,-6.0,73,0.00,22,0.64,0.0,20.6,12.7,67
1999-02-03,-3.0,3.1,85,14.60,148,0.40,16.0,33.4,25.3,70
1999-02-04,-0.5,2.6,91,0.30,243,0.61,1.0,17.1,10.4,80
1999-02-05,-2.2,-1.2,92,0.00,46,0.37,0.0,17.7,12.0,84
1999-02-06,-2.7,-1.3,82,0.00,348,0.66,0.0,21.8,18.1,73
1999-02-07,-5.5,-3.5,74,0.00,289,0.77,0.0,22.1,18.0,60
1999-02-08,-8.1,-4.6,69,0.00,290,0.81,0.0,21.2,17.4,59
1999-02-09,-8.7,-3.6,66,0.10,277,0.82,1.0,19.4,11.6,46
1999-02-10,-2.4,-0.6,77,1.60,258,0.82,6.0,21.5,18.2,62
1999-02-11,-6.7,-2.9,67,0.00,309,0.88,0.0,23.6,20.2,56
1999-02-12,-5.6,2.6,74,1.90,190,0.48,4.0,24.0,13.3,62
1999-02-13,5.0,8.4,89,6.70,210,0.51,11.0,36.7,23.3,70
1999-02-14,-4.3,-0.1,79,0.00,345,0.66,0.0,19.7,12.6,73
1999-02-15,-6.8,-3.0,76,0.00,347,0.82,0.0,17.7,12.6,58
1999-02-16,-7.3,-1.3,71,0.00,316,0.87,0.0,12.7,9.6,60
1999-02-17,-8.4,-5.3,79,0.00,31,0.50,0.0,19.2,13.8,73
1999-02-18,-7.7,-4.9,82,11.10,98,0.36,11.0,14.4,12.5,77
1999-02-19,-4.4,-2.3,86,11.40,4,0.72,6.0,20.3,13.6,69
1999-02-20,-6.5,-4.5,83,0.00,22,0.52,0.0,26.4,18.0,76
1999-02-21,-7.0,-5.6,68,2.30,359,0.93,10.0,25.2,22.3,54
1999-02-22,-16.1,-9.6,65,0.00,326,0.53,0.0,20.7,17.3,46
1999-02-23,-17.0,-10.1,59,0.00,313,0.71,0.0,24.5,22.6,41
1999-02-24,-11.8,-2.9,58,0.00,271,1.01,0.0,22.1,15.1,43
1999-02-25,-8.7,-6.2,80,0.00,30,0.63,0.0,21.9,12.5,71
1999-02-26,-4.0,-1.9,89,24.70,23,0.37,21.0,40.2,32.3,82
1999-02-27,-1.6,0.5,78,0.10,348,0.83,1.0,31.4,26.7,68
1999-02-28,-4.1,-0.9,74,0.00,343,1.18,0.0,18.9,11.7,57
1999-03-01,-0.3,5.7,83,1.60,143,0.71,7.0,35.1,23.0,78
1999-03-02,3.8,5.9,87,0.00,168,1.00,0.0,34.5,18.7,68
1999-03-03,0.3,3.6,78,0.00,236,1.34,0.0,18.8,14.9,54
1999-03-04,1.9,8.1,81,4.70,150,0.99,5.0,36.7,20.9,70
1999-03-05,1.5,6.1,78,2.80,231,1.03,3.0,25.7,21.5,51
1999-03-06,-9.3,-5.6,54,0.00,290,1.17,0.0,26.0,15.5,39
1999-03-07,-9.1,-7.6,76,36.20,39,0.37,17.0,52.1,29.4,56
1999-03-08,-9.4,-8.0,76,16.00,351,0.62,24.0,54.8,42.7,70
1999-03-09,-6.9,-3.8,75,2.50,332,0.72,7.0,32.4,26.5,72
1999-03-10,-1.0,2.6,91,19.10,9,0.38,22.0,24.2,17.1,86
1999-03-11,2.1,2.6,93,5.00,63,0.35,16.0,30.1,25.4,92
1999-03-12,0.7,2.2,93,15.10,43,0.36,24.0,31.6,28.8,91
1999-03-13,-2.0,-1.0,83,6.90,20,0.77,17.0,33.4,30.8,71
1999-03-14,-3.1,-1.1,83,0.00,18,0.79,0.0,21.3,18.2,78
1999-03-15,-3.2,-1.5,91,4.50,77,0.56,8.0,29.8,12.6,83
1999-03-16,-1.5,0.2,92,44.80,32,0.49,24.0,50.4,33.2,80
1999-03-17,-1.4,2.1,68,1.30,278,1.52,6.0,35.9,25.7,53
1999-03-18,-1.9,1.7,78,4.30,252,1.15,5.0,19.8,13.7,61
1999-03-19,-0.9,1.3,89,12.00,358,0.80,19.0,20.3,15.0,76
1999-03-20,-0.7,2.4,79,0.00,283,1.35,0.0,13.7,11.1,60
1999-03-21,-0.8,3.6,80,0.00,251,1.69,0.0,15.4,10.3,59
1999-03-22,-0.2,3.8,83,0.20,126,1.35,1.0,38.6,19.1,69
1999-03-23,3.8,6.7,74,5.10,187,1.96,6.0,43.1,26.4,48
1999-03-24,1.0,5.8,73,0.00,210,1.93,0.0,18.5,14.2,49
1999-03-25,2.8,6.1,81,7.90,230,1.60,12.0,18.8,13.8,59
1999-03-26,0.1,3.1,71,0.00,275,1.78,0.0,22.6,19.8,52
1999-03-27,1.2,8.8,72,0.00,253,2.27,0.0,16.6,13.7,50
1999-03-28,2.4,7.5,78,0.00,244,2.30,0.0,17.0,10.1,55
1999-03-29,0.6,2.7,89,9.80,80,0.41,10.0,16.2,12.2,84
1999-03-30,3.3,6.0,79,0.00,296,1.89,0.0,26.3,18.3,52
1999-03-31,1.0,2.5,64,0.10,297,1.99,1.0,33.1,25.5,51
1999-04-01,-1.1,3.6,61,0.00,314,2.22,0.0,30.8,21.5,50
1999-04-02,-2.0,0.2,65,0.00,344,1.65,0.0,21.8,16.0,52
1999-04-03,-2.3,2.0,69,0.00,349,1.77,0.0,20.8,14.7,58
1999-04-04,-1.2,-0.2,89,19.50,50,0.51,22.0,34.9,20.6,83
1999-04-05,0.6,3.5,68,4.20,360,2.06,8.0,39.3,31.1,47
1999-04-06,0.1,3.1,70,0.00,351,2.11,0.0,24.5,16.2,58
1999-04-07,0.6,3.6,84,3.60,176,0.84,8.0,22.5,18.7,73
1999-04-08,4.5,9.4,76,1.80,251,2.04,5.0,24.5,19.3,50
1999-04-09,3.4,6.9,82,3.10,320,1.81,8.0,16.5,9.3,54
1999-04-10,1.7,4.4,78,0.20,3,1.85,2.0,17.6,11.6,66
1999-04-11,2.2,5.5,78,0.50,328,1.63,4.0,22.8,18.0,57
1999-04-12,1.7,5.4,67,0.00,273,2.52,0.0,17.8,13.2,48
1999-04-13,0.4,1.4,83,11.90,343,0.69,15.0,36.4,26.2,77
1999-04-14,1.9,4.1,84,3.60,212,1.13,15.0,22.9,17.3,69
1999-04-15,1.4,3.1,87,0.40,84,1.53,2.0,15.6,10.6,78
1999-04-16,2.2,5.1,90,1.60,330,1.25,8.0,14.0,11.8,73
1999-04-17,3.9,8.9,82,0.00,225,1.92,0.0,14.7,10.2,62
1999-04-18,3.8,6.0,83,1.10,268,1.71,6.0,13.5,8.2,70
1999-04-19,3.4,5.0,84,0.50,330,1.30,5.0,15.3,12.1,71
1999-04-20,2.2,5.2,92,0.70,110,1.40,5.0,9.2,4.3,81
1999-04-21,3.3,7.7,87,0.10,156,2.11,1.0,13.0,6.7,65
1999-04-22,5.5,10.6,69,0.00,265,2.91,0.0,13.7,10.0,45
1999-04-23,4.2,7.2,70,1.20,284,2.49,4.0,19.6,12.4,43
1999-04-24,1.6,4.2,77,3.90,340,1.27,10.0,35.8,19.5,54
1999-04-25,3.0,6.2,65,0.00,329,2.28,0.0,27.6,16.4,52
1999-04-26,3.8,7.0,77,0.30,181,1.47,3.0,18.1,12.6,72
1999-04-27,3.1,4.7,87,1.80,39,1.27,7.0,27.9,20.7,79
1999-04-28,4.0,6.4,66,1.60,11,2.38,5.0,42.4,32.9,52
1999-04-29,2.3,4.4,85,16.40,14,1.02,18.0,40.6,36.8,66
1999-04-30,4.8,10.5,69,0.00,27,3.20,0.0,30.0,15.8,50
1999-05-01,9.2,18.8,66,0.00,233,4.13,0.0,23.7,12.0,35
1999-05-02,5.5,9.0,70,0.00,77,3.07,0.0,18.1,12.6,53
1999-05-03,12.8,22.4,61,0.00,214,4.88,0.0,20.1,15.0,35
1999-05-04,13.3,17.7,67,0.00,217,4.48,0.0,18.9,12.7,56
1999-05-05,9.9,16.3,82,0.00,115,2.99,0.0,15.2,7.0,65
1999-05-06,13.5,19.1,86,0.00,168,3.50,0.0,14.9,9.4,60
1999-05-07,14.1,19.2,87,0.00,172,3.35,0.0,14.3,9.6,68
1999-05-08,14.9,19.3,83,0.00,207,3.26,0.0,15.5,13.6,59
1999-05-09,14.2,17.7,88,4.00,177,2.19,6.0,20.5,16.1,76
1999-05-10,13.2,15.9,88,5.50,209,2.30,7.0,20.2,13.0,71
1999-05-11,6.5,10.7,48,0.80,306,3.36,2.0,27.1,23.3,34
1999-05-12,4.6,7.5,46,0.00,285,3.25,0.0,26.8,21.1,36
1999-05-13,3.3,5.8,70,1.40,312,2.01,9.0,22.7,17.4,56
1999-05-14,5.8,10.9,67,0.10,340,3.20,1.0,16.1,11.0,44
1999-05-15,7.9,13.9,65,0.00,165,3.98,0.0,17.4,9.8,43
1999-05-16,13.7,23.3,56,0.00,220,5.56,0.0,22.1,18.2,31
1999-05-17,15.5,22.5,46,0.00,220,6.28,0.0,24.0,21.0,31
1999-05-18,16.6,23.0,60,0.00,221,5.71,0.0,24.7,23.5,42
1999-05-19,17.3,22.4,69,0.00,218,4.79,0.0,25.0,22.0,46
1999-05-20,15.5,17.9,86,5.20,191,1.84,11.0,18.7,15.2,62
1999-05-21,10.0,13.0,83,11.20,7,1.65,13.0,24.2,20.5,69
1999-05-22,6.9,8.0,83,0.00,22,1.51,0.0,22.6,20.1,77
1999-05-23,8.1,13.3,82,0.00,59,3.12,0.0,16.0,9.6,67
1999-05-24,7.9,10.1,90,0.30,78,1.66,2.0,19.5,15.1,80
1999-05-25,11.5,15.5,93,13.00,136,1.17,16.0,32.6,25.9,80
1999-05-26,13.1,17.6,69,0.00,196,3.66,0.0,25.6,18.0,47
1999-05-27,12.7,16.3,76,0.00,218,3.36,0.0,18.9,11.8,55
1999-05-28,13.1,15.9,80,0.10,24,3.59,1.0,13.7,9.2,67
1999-05-29,13.0,18.5,76,0.00,89,4.05,0.0,15.1,7.0,51
1999-05-30,18.3,26.5,65,0.00,218,5.24,0.0,27.5,20.4,39
1999-05-31,17.1,21.8,63,0.00,144,5.12,0.0,24.2,15.2,51
1999-06-01,20.2,26.0,60,0.00,210,6.41,0.0,29.0,23.4,41
1999-06-02,13.9,20.1,82,0.90,256,1.99,3.0,23.6,17.0,56
1999-06-03,13.7,22.1,85,0.20,169,2.96,1.0,24.9,15.6,66
1999-06-04,13.3,18.4,68,1.40,337,4.05,3.0,25.1,17.2,42
1999-06-05,14.6,20.3,64,0.00,185,4.70,0.0,13.0,9.7,39
1999-06-06,16.7,21.5,61,1.40,211,4.56,2.0,33.8,25.1,49
1999-06-07,19.0,24.7,69,0.70,257,5.38,1.0,31.1,20.2,41
1999-06-08,13.1,19.4,74,1.20,60,2.33,5.0,21.4,16.4,62
1999-06-09,11.5,16.0,66,0.10,69,4.48,1.0,17.1,12.1,43
1999-06-10,16.1,22.9,56,0.00,215,5.63,0.0,16.5,13.7,35
1999-06-11,19.1,26.4,57,0.00,227,6.47,0.0,22.5,20.3,43
1999-06-12,22.0,29.4,60,0.00,229,6.78,0.0,23.5,19.5,44
1999-06-13,23.4,30.4,52,0.00,228,7.70,0.0,23.9,20.8,31
1999-06-14,22.2,26.5,70,0.00,220,5.62,0.0,27.7,23.7,51
1999-06-15,19.4,21.9,82,1.00,208,2.46,4.0,28.5,23.0,51
1999-06-16,16.4,19.7,44,0.00,263,6.12,0.0,23.1,15.1,34
1999-06-17,15.9,18.6,60,0.00,86,3.43,0.0,16.6,8.6,47
1999-06-18,15.3,17.2,67,0.00,119,2.84,0.0,12.7,8.5,53
1999-06-19,16.5,20.0,64,0.00,186,4.17,0.0,12.9,7.6,45
1999-06-20,19.0,24.6,57,0.00,219,5.50,0.0,13.4,11.9,32
1999-06-21,20.6,25.6,55,0.00,235,5.78,0.0,22.2,13.7,37
1999-06-22,20.3,24.3,69,0.20,150,5.08,1.0,14.1,10.0,51
1999-06-23,18.6,23.2,71,0.00,81,5.20,0.0,16.3,8.9,42
1999-06-24,19.3,23.7,67,0.00,107,5.29,0.0,15.1,8.8,44
1999-06-25,20.1,24.8,75,1.80,173,4.53,2.0,13.6,9.3,58
1999-06-26,21.2,25.1,74,1.20,229,4.70,7.0,16.5,11.0,56
1999-06-27,22.0,26.7,58,0.00,294,6.11,0.0,15.9,11.7,41
1999-06-28,21.6,24.3,77,13.60,193,2.38,6.0,15.8,12.7,59
1999-06-29,20.0,21.4,94,5.10,103,2.13,8.0,13.4,9.0,85
1999-06-30,22.2,26.0,73,1.70,234,5.21,3.0,20.9,16.0,39
1999-07-01,20.8,24.2,63,0.00,74,5.58,0.0,14.1,10.0,49
1999-07-02,21.2,24.5,80,2.80,207,2.95,7.0,36.0,24.7,70
1999-07-03,21.7,25.3,64,0.70,258,5.43,3.0,25.9,16.0,44
1999-07-04,21.6,25.7,64,0.00,264,5.22,0.0,17.3,12.7,42
1999-07-05,18.4,21.3,78,12.60,39,3.27,9.0,15.8,11.0,55
1999-07-06,18.2,22.7,71,0.00,185,4.94,0.0,14.9,8.4,47
1999-07-07,19.5,23.7,77,7.90,233,3.84,7.0,23.4,18.8,51
1999-07-08,17.4,20.6,68,3.10,260,3.69,7.0,19.0,10.8,49
1999-07-09,16.6,19.4,62,0.10,271,4.09,1.0,21.2,17.2,47
1999-07-10,15.5,17.6,84,15.80,144,1.39,12.0,20.0,12.9,62
1999-07-11,15.1,15.6,94,6.90,56,1.20,19.0,21.2,16.5,90
1999-07-12,16.9,22.5,80,0.20,257,4.15,1.0,12.4,9.5,55
1999-07-13,19.2,23.0,72,0.10,209,3.75,1.0,17.9,15.4,57
1999-07-14,19.9,25.8,72,0.00,227,5.01,0.0,16.1,11.3,52
1999-07-15,22.3,27.3,67,0.00,226,5.90,0.0,20.5,16.1,41
1999-07-16,22.9,28.1,62,0.00,240,6.34,0.0,22.4,16.1,43
1999-07-17,25.7,32.4,64,0.10,237,6.71,1.0,21.7,19.6,44
1999-07-18,23.8,26.9,77,1.30,290,4.31,3.0,10.5,6.8,52
1999-07-19,21.5,23.8,71,0.20,297,3.94,2.0,14.3,7.9,45
1999-07-20,18.7,21.5,48,0.00,317,6.05,0.0,22.0,18.5,29
1999-07-21,18.9,24.6,51,0.00,271,5.74,0.0,16.7,12.5,39
1999-07-22,20.8,25.7,62,0.90,216,4.93,3.0,21.9,18.7,48
1999-07-23,22.0,26.1,73,1.80,223,4.48,5.0,20.8,14.1,54
1999-07-24,20.0,22.6,76,0.00,89,4.23,0.0,17.7,12.3,58
1999-07-25,19.2,21.1,87,5.30,115,2.02,10.0,18.3,13.6,74
1999-07-26,18.7,19.1,96,0.80,70,1.20,6.0,15.5,13.6,93
1999-07-27,19.1,22.5,85,0.00,345,2.38,0.0,12.3,6.5,68
1999-07-28,20.3,23.5,84,0.50,81,3.59,2.0,11.7,8.2,64
1999-07-29,19.9,24.1,86,0.20,103,3.76,1.0,13.4,5.9,61
1999-07-30,22.3,27.9,78,0.00,171,4.97,0.0,17.3,11.9,50
1999-07-31,23.7,28.4,72,0.10,214,5.16,1.0,18.9,15.4,57
1999-08-01,22.1,25.1,83,6.10,216,2.66,6.0,29.2,23.0,70
1999-08-02,20.3,22.5,64,0.00,304,4.06,0.0,14.6,9.8,49
1999-08-03,18.8,21.7,62,0.00,286,3.85,0.0,12.3,8.7,44
1999-08-04,19.2,23.4,64,0.00,265,4.59,0.0,14.2,9.8,41
1999-08-05,20.8,24.9,68,0.70,187,4.55,4.0,17.7,13.5,44
1999-08-06,20.4,23.7,72,0.40,215,4.00,2.0,14.1,11.1,49
1999-08-07,18.1,20.9,76,13.30,289,3.41,14.0,20.3,11.3,58
1999-08-08,16.4,19.8,68,7.00,253,3.11,6.0,17.6,13.8,45
1999-08-09,15.7,17.2,82,16.90,287,2.90,14.0,30.0,19.8,54
1999-08-10,15.7,18.9,59,0.00,266,4.35,0.0,27.8,22.6,45
1999-08-11,16.6,20.8,63,0.00,255,3.92,0.0,17.6,12.5,42
1999-08-12,17.9,21.6,76,0.00,203,3.12,0.0,24.2,15.5,59
1999-08-13,19.1,23.9,79,0.00,218,3.94,0.0,14.3,10.1,49
1999-08-14,19.7,20.2,94,20.10,200,0.67,20.0,32.2,25.0,77
1999-08-15,17.2,18.7,83,3.10,29,1.67,5.0,16.2,13.0,72
1999-08-16,18.0,22.5,73,0.60,25,4.37,3.0,15.5,11.9,50
1999-08-17,20.4,26.0,72,0.20,221,4.29,1.0,17.3,15.7,51
1999-08-18,18.8,21.5,90,10.70,223,1.96,18.0,25.6,13.4,76
1999-08-19,17.0,20.3,71,0.90,9,4.28,5.0,25.7,21.6,50
1999-08-20,17.4,21.0,74,0.00,9,3.98,0.0,11.2,8.7,58
1999-08-21,17.3,21.0,75,0.00,160,2.92,0.0,10.8,8.4,55
1999-08-22,16.7,18.2,83,3.80,83,1.66,12.0,13.7,8.0,76
1999-08-23,17.9,23.2,83,0.00,100,3.89,0.0,11.3,5.6,57
1999-08-24,19.7,23.8,81,0.60,246,3.52,2.0,15.1,11.3,64
1999-08-25,21.0,27.5,77,0.00,221,4.60,0.0,19.2,13.2,44
1999-08-26,23.0,28.6,65,0.00,236,5.13,0.0,23.0,18.1,46
1999-08-27,21.6,25.4,81,0.00,110,3.80,0.0,18.0,9.7,66
1999-08-28,21.9,25.2,78,1.00,214,3.12,4.0,23.2,19.4,62
1999-08-29,20.2,21.9,71,1.60,266,3.35,3.0,21.4,14.1,46
1999-08-30,16.3,18.3,62,0.10,338,3.57,1.0,21.8,15.3,52
1999-08-31,17.5,24.1,52,0.00,312,4.85,0.0,18.2,13.4,31
1999-09-01,19.6,25.6,56,0.00,274,4.72,0.0,15.6,9.9,37
1999-09-02,21.6,28.0,64,0.00,240,4.54,0.0,13.3,9.4,45
1999-09-03,21.9,26.0,71,0.00,324,4.25,0.0,17.8,13.1,59
1999-09-04,19.0,22.0,79,0.00,66,2.94,0.0,15.6,11.0,64
1999-09-05,22.4,28.5,76,0.00,209,4.09,0.0,17.9,13.6,48
1999-09-06,21.9,25.2,71,0.00,230,3.41,0.0,19.4,14.9,60
1999-09-07,21.3,25.4,85,1.10,218,2.15,4.0,27.8,17.8,66
1999-09-08,21.4,22.7,91,14.90,220,1.19,13.0,21.9,14.3,81
1999-09-09,21.5,24.8,90,2.00,202,2.06,9.0,17.6,13.8,70
1999-09-10,21.9,25.2,85,0.30,196,2.47,2.0,18.8,16.1,67
1999-09-11,21.8,23.1,89,2.40,181,1.33,10.0,27.3,22.6,85
1999-09-12,19.0,22.4,67,0.00,264,3.93,0.0,18.5,15.7,44
1999-09-13,18.3,22.4,69,0.00,232,3.59,0.0,17.9,8.7,49
1999-09-14,18.6,21.8,74,0.00,181,3.10,0.0,17.5,14.9,54
1999-09-15,19.7,23.1,77,0.80,201,2.43,3.0,16.3,14.0,60
1999-09-16,17.6,20.2,87,9.40,305,0.75,14.0,13.3,9.0,75
1999-09-17,17.2,21.0,92,38.50,94,1.85,20.0,35.4,17.4,81
1999-09-18,14.1,17.1,83,8.80,337,1.48,14.0,44.5,28.3,56
1999-09-19,14.5,18.3,64,0.00,302,3.48,0.0,22.7,11.1,48
1999-09-20,14.5,18.9,70,0.00,200,3.30,0.0,21.6,17.8,52
1999-09-21,16.4,20.6,73,0.00,177,2.78,0.0,18.7,16.2,58
1999-09-22,15.2,16.9,97,44.40,48,0.40,18.0,21.7,13.5,86
1999-09-23,13.7,14.3,94,122.90,335,0.58,20.0,30.6,21.9,66
1999-09-24,16.0,21.2,67,0.00,235,3.44,0.0,22.4,19.2,56
1999-09-25,14.3,17.1,88,8.70,238,0.97,11.0,20.3,14.3,82
1999-09-26,12.5,15.8,67,0.00,314,2.86,0.0,20.1,15.5,45
1999-09-27,13.1,17.3,74,0.00,156,2.55,0.0,10.7,5.4,49
1999-09-28,14.6,19.9,77,0.00,203,2.63,0.0,11.9,9.5,56
1999-09-29,14.3,17.9,85,0.00,215,2.12,0.0,15.9,14.1,67
1999-09-30,14.7,18.6,74,0.00,181,2.70,0.0,26.9,19.9,62
1999-10-01,14.3,16.6,66,1.20,220,3.03,4.0,29.7,16.1,45
1999-10-02,12.7,15.5,65,0.00,262,2.73,0.0,16.6,13.8,42
1999-10-03,12.8,15.6,75,3.10,214,1.62,4.0,22.3,16.6,59
1999-10-04,7.8,13.1,65,7.30,316,1.43,7.0,19.0,13.2,51
1999-10-05,7.5,9.8,68,2.00,30,1.85,5.0,22.2,19.1,50
1999-10-06,8.4,10.5,81,6.20,358,1.41,17.0,19.5,11.1,63
1999-10-07,6.6,10.0,70,0.50,283,1.83,3.0,37.9,29.9,49
1999-10-08,5.6,8.1,55,0.00,294,2.41,0.0,29.4,18.0,42
1999-10-09,9.1,13.3,78,4.70,204,1.12,6.0,31.6,23.6,57
1999-10-10,9.7,13.1,65,0.00,271,2.55,0.0,27.3,18.1,52
1999-10-11,10.5,12.9,74,13.00,253,2.08,7.0,25.3,20.7,42
1999-10-12,7.7,9.9,55,0.00,282,2.60,0.0,32.9,26.0,41
1999-10-13,6.7,10.3,64,0.10,227,1.74,1.0,24.9,16.1,52
1999-10-14,11.3,13.8,83,23.80,191,1.13,13.0,46.3,26.0,64
1999-10-15,5.5,8.6,54,3.20,284,2.71,3.0,39.2,31.5,40
1999-10-16,6.6,11.1,65,1.00,231,1.63,4.0,15.5,13.0,53
1999-10-17,12.7,17.0,89,6.80,220,1.15,12.0,26.2,22.0,77
1999-10-18,6.3,12.2,88,19.60,27,0.48,23.0,34.9,25.0,81
1999-10-19,1.9,4.9,59,0.30,324,1.78,1.0,34.0,23.1,44
1999-10-20,3.5,7.6,68,0.00,218,1.40,0.0,15.8,11.9,55
1999-10-21,4.8,7.2,89,2.30,205,0.60,7.0,15.3,8.7,82
1999-10-22,5.4,9.0,87,0.00,177,1.10,0.0,15.8,9.0,67
1999-10-23,8.6,11.9,88,7.80,114,0.60,10.0,41.0,29.1,74
1999-10-24,8.8,10.1,66,0.00,215,2.02,0.0,32.0,27.3,52
1999-10-25,3.6,7.1,57,0.20,273,1.89,1.0,29.0,24.6,39
1999-10-26,3.4,9.0,65,0.10,219,1.65,1.0,23.5,19.5,51
1999-10-27,5.2,8.5,80,0.00,293,1.07,0.0,21.4,17.2,53
1999-10-28,1.3,4.2,62,0.00,283,1.52,0.0,22.1,14.5,46
1999-10-29,4.1,8.5,68,0.90,258,1.77,3.0,27.7,23.6,44
1999-10-30,4.1,7.2,65,0.00,288,1.57,0.0,20.9,12.9,49
1999-10-31,8.5,14.0,77,0.40,218,1.38,2.0,31.9,24.8,64
1999-11-01,8.3,11.7,68,0.70,287,1.81,4.0,27.4,22.2,46
1999-11-02,7.9,13.7,71,0.00,187,1.76,0.0,26.4,16.9,50
1999-11-03,12.6,16.6,76,2.00,167,1.61,4.0,35.9,27.5,50
1999-11-04,9.5,14.8,67,10.00,211,1.92,6.0,38.6,29.6,43
1999-11-05,5.6,8.8,50,0.00,246,2.49,0.0,30.0,26.3,44
1999-11-06,7.4,9.5,68,0.50,249,1.64,2.0,28.1,20.3,57
1999-11-07,3.2,5.0,60,0.00,285,1.56,0.0,22.6,19.7,50
1999-11-08,0.5,2.6,58,0.00,313,1.49,0.0,26.6,24.0,45
1999-11-09,-1.6,0.5,52,0.00,299,1.40,0.0,24.1,16.1,45
1999-11-10,1.2,3.4,79,4.00,314,0.83,10.0,19.9,16.6,59
1999-11-11,-2.6,0.8,59,0.90,332,1.22,5.0,29.0,26.1,44
1999-11-12,-3.3,-0.1,56,0.00,276,1.26,0.0,25.0,18.3,42
1999-11-13,0.4,2.8,79,4.40,174,0.58,16.0,21.7,17.6,55
1999-11-14,3.9,5.6,90,0.50,151,0.47,4.0,26.1,21.8,86
1999-11-15,4.5,5.8,97,19.40,138,0.16,20.0,29.6,25.6,91
1999-11-16,1.8,3.8,80,0.00,209,0.71,0.0,22.4,16.8,60
1999-11-17,0.2,2.0,71,0.10,276,0.93,1.0,30.6,20.6,52
1999-11-18,-3.0,-1.1,50,0.00,281,1.35,0.0,30.0,21.7,41
1999-11-19,-2.8,0.7,59,0.00,222,1.00,0.0,17.3,11.1,43
1999-11-20,6.7,11.7,85,0.00,209,0.91,0.0,30.5,26.7,73
1999-11-21,8.4,9.6,96,2.50,220,0.25,6.0,23.3,17.9,91
1999-11-22,2.4,4.7,94,0.00,139,0.22,0.0,14.1,7.0,90
1999-11-23,7.9,11.8,90,0.10,238,0.65,1.0,25.2,19.7,73
1999-11-24,4.2,8.8,85,0.60,169,0.63,4.0,26.2,13.8,78
1999-11-25,8.6,11.9,74,2.00,240,1.28,7.0,28.4,22.2,52
1999-11-26,2.0,4.2,79,0.40,78,0.48,2.0,21.0,9.9,67
1999-11-27,8.9,13.0,98,6.50,172,0.29,10.0,28.1,24.8,88
1999-11-28,5.2,11.5,83,2.20,266,0.77,3.0,21.6,17.8,60
1999-11-29,1.7,3.1,64,0.00,273,0.92,0.0,21.1,12.7,49
1999-11-30,-1.6,-0.3,55,0.00,347,0.92,0.0,17.1,10.3,45
1999-12-01,-2.7,-2.1,67,1.40,27,0.93,7.0,43.7,33.2,51
1999-12-02,-1.4,-0.2,81,8.90,11,0.62,24.0,42.9,37.0,73
1999-12-03,0.4,2.8,73,0.00,337,0.82,0.0,26.6,15.3,52
1999-12-04,0.3,3.5,76,0.00,274,0.65,0.0,12.4,9.2,59
1999-12-05,0.4,3.0,83,0.00,238,0.32,0.0,18.6,8.7,74
1999-12-06,7.7,10.2,90,0.00,216,0.53,0.0,29.7,23.4,82
1999-12-07,1.2,6.1,97,23.00,35,0.10,24.0,30.0,23.5,91
1999-12-08,0.9,3.4,90,24.10,344,0.38,18.0,36.7,27.2,62
1999-12-09,-0.0,2.5,66,0.00,287,0.90,0.0,17.9,13.5,59
1999-12-10,0.0,2.7,83,0.00,205,0.50,0.0,18.3,11.0,69
1999-12-11,3.9,6.2,97,11.10,151,0.16,13.0,25.4,19.4,91
1999-12-12,2.2,3.3,96,7.30,29,0.19,19.0,35.6,22.2,91
1999-12-13,1.5,2.7,92,0.00,47,0.36,0.0,20.3,8.9,85
1999-12-14,1.6,2.8,87,2.20,326,0.51,7.0,25.7,15.8,67
1999-12-15,-1.4,-0.5,71,0.00,17,0.86,0.0,27.9,21.1,62
1999-12-16,-1.4,-0.1,79,2.00,108,0.46,3.0,21.1,13.9,73
1999-12-17,0.6,1.8,82,4.00,244,0.70,7.0,28.4,23.2,54
1999-12-18,-4.0,-1.2,54,0.00,272,1.18,0.0,28.3,25.5,48
1999-12-19,-6.6,-3.5,53,0.00,272,0.97,0.0,23.3,19.0,37
1999-12-20,-6.0,-3.0,58,0.00,273,0.68,0.0,19.7,10.2,45
1999-12-21,0.1,4.1,81,10.00,191,0.45,12.0,22.7,18.4,58
1999-12-22,-4.3,0.2,58,0.00,270,0.96,0.0,22.4,20.2,41
1999-12-23,-7.2,-5.5,53,0.00,259,0.98,0.0,29.0,23.7,35
1999-12-24,-10.8,-7.6,55,0.00,279,0.68,0.0,23.0,18.5,40
1999-12-25,-13.4,-9.2,61,0.00,277,0.51,0.0,21.7,15.7,50
1999-12-26,-7.7,0.4,72,0.60,195,0.54,3.0,30.3,21.7,64
1999-12-27,-5.0,0.4,76,2.50,258,0.49,7.0,26.7,16.5,60
1999-12-28,-12.7,-9.9,66,0.00,255,0.49,0.0,24.9,18.8,54
1999-12-29,-9.9,-6.5,61,0.00,253,0.58,0.0,23.7,13.3,53
1999-12-30,-10.3,-5.3,70,3.10,251,0.46,8.0,23.1,16.8,58
1999-12-31,-14.5,-9.5,70,0.00,269,0.36,0.0,18.9,16.5,55
2000-01-01,-14.0,-6.3,69,0.00,233,0.41,0.0,18.1,14.5,52
2000-01-02,-4.6,-2.6,83,0.20,236,0.40,2.0,21.3,13.6,74
2000-01-03,-0.6,5.2,86,12.10,262,0.46,15.0,29.2,22.1,65
2000-01-04,-5.7,3.9,81,12.40,134,0.26,11.0,29.9,16.5,74
2000-01-05,0.4,9.0,79,20.50,267,0.53,15.0,34.6,25.7,51
2000-01-06,-13.5,-10.3,64,0.00,286,0.51,0.0,29.9,19.2,54
2000-01-07,-3.5,0.5,81,3.10,188,0.40,9.0,22.8,17.5,55
2000-01-08,-4.8,-0.3,76,0.60,285,0.54,3.0,29.0,21.0,56
2000-01-09,-6.4,-0.6,76,0.40,213,0.42,4.0,15.5,12.7,70
2000-01-10,-4.9,-2.9,80,0.00,15,0.48,0.0,17.9,13.9,69
2000-01-11,1.5,5.2,81,7.90,168,0.91,7.0,41.7,32.4,70
2000-01-12,-0.1,3.3,79,1.50,277,0.69,6.0,32.6,23.7,61
2000-01-13,-8.7,-4.6,65,0.00,273,0.72,0.0,31.6,25.5,57
2000-01-14,-14.7,-11.5,64,0.00,298,0.46,0.0,27.4,23.8,50
2000-01-15,-17.8,-16.3,62,0.00,301,0.41,0.0,26.6,24.1,52
2000-01-16,-17.6,-9.4,70,1.80,206,0.28,5.0,23.1,14.1,57
2000-01-17,-6.9,-5.8,71,5.80,47,0.65,24.0,40.2,32.4,68
2000-01-18,-8.0,-6.9,73,1.40,350,0.58,6.0,34.6,27.7,67
2000-01-19,-12.3,-9.5,75,0.00,292,0.40,0.0,17.8,12.2,57
2000-01-20,-15.3,-10.2,70,0.00,310,0.38,0.0,13.4,10.9,61
2000-01-21,-12.4,-8.9,78,15.20,7,0.26,11.0,44.7,25.5,66
2000-01-22,-13.1,-8.6,66,6.80,271,0.54,12.0,41.9,29.7,50
2000-01-23,-17.0,-13.3,61,0.00,261,0.48,0.0,26.7,20.0,50
2000-01-24,-14.9,-8.5,80,0.10,127,0.25,1.0,12.1,9.0,70
2000-01-25,-7.2,-3.0,89,11.10,32,0.19,7.0,37.2,15.0,87
2000-01-26,1.7,7.2,90,11.60,167,0.58,10.0,36.6,20.9,74
2000-01-27,-1.6,2.0,87,9.90,280,0.29,12.0,22.4,13.8,77
2000-01-28,-11.1,-6.8,74,0.00,248,0.51,0.0,18.4,16.8,59
2000-01-29,-7.3,-4.8,74,0.00,316,0.65,0.0,23.2,17.3,63
2000-01-30,-7.4,-2.1,73,0.00,263,0.70,0.0,16.4,12.9,61
2000-01-31,-8.5,-1.8,87,5.00,157,0.24,7.0,26.5,12.2,78
2000-02-01,-1.2,2.0,76,0.10,237,0.86,1.0,36.8,27.2,61
2000-02-02,-5.1,-3.4,80,0.10,270,0.54,1.0,17.1,15.0,67
2000-02-03,-6.7,-4.9,75,0.00,305,0.66,0.0,20.9,15.8,56
2000-02-04,-13.1,-8.9,72,0.00,306,0.46,0.0,15.4,10.9,53
2000-02-05,-15.1,-8.1,67,0.00,224,0.54,0.0,19.2,14.8,49
2000-02-06,-13.3,-10.9,66,0.00,277,0.53,0.0,29.3,20.4,45
2000-02-07,-11.4,-3.3,65,0.40,245,0.75,4.0,27.6,21.2,56
2000-02-08,-15.6,-11.1,58,0.00,286,0.62,0.0,26.1,21.7,47
2000-02-09,-6.4,0.8,64,0.60,228,1.11,3.0,37.5,31.8,58
2000-02-10,-10.9,-2.3,68,0.00,316,0.65,0.0,24.1,13.3,51
2000-02-11,-10.8,-3.1,80,7.10,119,0.30,12.0,19.4,15.8,71
2000-02-12,-9.2,-1.9,69,4.40,292,0.68,7.0,27.5,20.2,46
2000-02-13,-12.6,-5.7,68,0.00,228,0.70,0.0,20.2,16.0,49
2000-02-14,-7.4,-4.4,85,21.70,91,0.26,16.0,38.3,17.1,73
2000-02-15,-4.2,-1.7,82,8.10,331,0.54,8.0,30.9,16.8,64
2000-02-16,-7.2,-3.7,77,1.00,229,0.54,6.0,21.7,15.5,72
2000-02-17,-7.6,-1.6,70,1.40,282,0.67,6.0,32.0,24.3,46
2000-02-18,-16.8,-11.3,62,0.00,260,0.62,0.0,25.1,17.3,44
2000-02-19,-12.1,-8.0,71,0.00,124,0.62,0.0,15.3,9.3,61
2000-02-20,-11.4,-6.3,75,0.00,179,0.62,0.0,12.1,6.4,56
2000-02-21,-8.5,-7.1,68,0.00,269,0.82,0.0,28.9,21.4,49
2000-02-22,-12.2,-7.7,65,0.00,271,0.84,0.0,17.7,11.6,41
2000-02-23,-3.0,4.5,79,1.50,208,0.81,4.0,34.7,24.4,67
2000-02-24,3.1,6.1,77,0.00,252,1.50,0.0,32.6,19.8,57
2000-02-25,-4.5,0.9,72,0.00,11,0.99,0.0,18.6,13.9,58
2000-02-26,-6.9,0.4,71,0.00,199,1.10,0.0,19.2,11.2,53
2000-02-27,3.3,7.7,85,0.00,219,0.99,0.0,26.8,24.3,73
2000-02-28,6.7,8.6,96,0.10,207,0.54,1.0,27.6,22.2,90
2000-02-29,3.9,6.5,95,1.40,121,0.43,5.0,23.2,15.6,89
2000-03-01,0.5,1.7,89,0.00,5,0.45,0.0,21.5,18.2,88
2000-03-02,-0.6,0.2,92,1.30,24,0.46,8.0,13.7,9.8,87
2000-03-03,-0.2,0.6,95,12.50,20,0.27,18.0,28.2,18.9,92
2000-03-04,-0.8,0.4,89,13.80,9,0.48,21.0,31.1,27.1,79
2000-03-05,-2.4,-0.3,85,0.90,333,0.71,9.0,14.1,12.2,74
2000-03-06,-2.0,0.6,82,0.00,343,0.84,0.0,15.2,11.0,67
2000-03-07,-1.9,3.2,76,0.00,292,1.01,0.0,18.3,14.2,62
2000-03-08,-1.9,0.7,79,0.00,347,1.23,0.0,19.3,13.6,68
2000-03-09,0.9,6.5,78,1.30,205,1.18,4.0,31.0,22.7,68
2000-03-10,-2.0,4.7,73,5.30,352,0.99,14.0,32.2,23.9,48
2000-03-11,-6.4,-3.2,65,0.00,52,1.21,0.0,19.1,13.9,56
2000-03-12,-2.6,0.6,85,24.30,131,0.45,18.0,27.0,16.5,71
2000-03-13,-1.8,-0.3,72,9.10,315,1.34,5.0,26.3,21.4,53
2000-03-14,-6.4,-0.6,62,0.00,267,1.50,0.0,20.4,14.5,38
2000-03-15,1.5,6.3,78,0.50,218,1.57,2.0,25.0,20.6,65
2000-03-16,2.6,5.6,84,6.50,208,0.85,9.0,29.2,21.5,69
2000-03-17,-4.4,-0.9,74,16.90,28,0.67,18.0,38.8,27.8,65
2000-03-18,-8.8,-6.8,62,0.30,5,1.10,2.0,38.1,29.5,51
2000-03-19,-6.7,-3.5,71,0.00,40,1.13,0.0,18.8,17.1,65
2000-03-20,-4.2,-0.9,78,0.00,54,1.23,0.0,15.6,12.5,68
2000-03-21,-2.6,1.0,83,0.00,42,1.42,0.0,13.3,11.9,64
2000-03-22,-1.7,4.0,80,0.00,78,1.79,0.0,12.9,6.6,60
2000-03-23,3.1,10.5,65,0.00,224,2.39,0.0,19.4,15.5,49
2000-03-24,3.3,5.6,72,0.20,315,1.89,2.0,25.3,20.2,56
2000-03-25,0.8,4.7,71,0.00,339,2.03,0.0,16.1,10.7,56
2000-03-26,1.6,4.2,86,2.90,152,0.65,8.0,16.0,10.4,77
2000-03-27,2.7,8.2,85,0.00,294,1.79,0.0,11.3,8.1,54
2000-03-28,1.6,4.3,84,2.80,135,0.98,4.0,33.8,16.5,74
2000-03-29,6.0,7.5,93,13.60,147,1.28,11.0,37.4,19.6,80
2000-03-30,4.9,8.6,81,0.00,205,1.65,0.0,20.9,18.7,53
2000-03-31,4.3,8.1,78,0.20,182,1.92,2.0,16.5,12.2,53
2000-04-01,3.2,7.7,76,0.00,282,1.97,0.0,22.5,14.6,44
2000-04-02,5.4,13.0,65,0.00,234,2.49,0.0,24.0,14.7,44
2000-04-03,7.5,13.0,74,1.90,250,2.73,4.0,18.9,13.2,40
2000-04-04,3.9,7.6,85,17.10,140,0.43,10.0,29.7,13.3,61
2000-04-05,7.6,8.8,96,8.70,213,0.69,22.0,24.9,19.0,72
2000-04-06,4.4,9.5,53,0.00,257,2.94,0.0,26.1,22.7,36
2000-04-07,3.3,7.3,65,0.00,16,2.52,0.0,14.2,10.2,48
2000-04-08,2.1,6.4,86,2.20,137,0.71,8.0,23.7,11.6,74
2000-04-09,11.6,15.4,87,1.30,163,1.76,5.0,40.4,32.1,65
2000-04-10,5.1,10.7,68,11.10,193,2.24,10.0,40.4,29.5,44
2000-04-11,1.4,4.5,47,0.00,267,2.57,0.0,24.5,17.0,33
2000-04-12,0.7,2.6,84,9.90,108,0.61,12.0,33.2,19.5,66
2000-04-13,0.4,3.4,67,0.00,271,1.88,0.0,34.0,25.5,45
2000-04-14,2.1,8.4,46,0.00,250,3.09,0.0,26.5,21.1,36
2000-04-15,5.6,8.1,74,4.20,230,1.71,12.0,32.1,17.3,52
2000-04-16,2.3,4.7,94,9.80,33,0.87,18.0,11.0,8.8,76
2000-04-17,-0.3,1.7,62,0.00,351,1.69,0.0,27.6,15.2,39
2000-04-18,-0.1,3.6,61,0.00,82,2.45,0.0,15.5,10.0,38
2000-04-19,1.6,5.5,70,0.00,114,2.26,0.0,17.7,13.9,52
2000-04-20,2.1,3.4,87,0.00,106,0.96,0.0,16.5,10.1,72
2000-04-21,1.0,3.4,88,0.00,26,1.27,0.0,16.7,12.2,72
2000-04-22,0.6,1.6,86,4.80,91,0.68,13.0,15.0,10.1,82
2000-04-23,1.8,3.0,97,11.60,69,0.43,24.0,18.4,15.8,91
2000-04-24,1.9,2.5,98,13.70,13,0.38,24.0,32.1,23.3,91
2000-04-25,1.1,2.7,75,2.30,5,1.38,9.0,32.8,24.1,61
2000-04-26,1.3,3.5,69,0.00,46,2.30,0.0,21.4,15.7,57
2000-04-27,0.2,1.2,90,6.30,43,0.47,17.0,19.1,16.1,86
2000-04-28,2.1,4.8,89,0.40,291,0.93,3.0,12.7,7.1,76
2000-04-29,3.1,4.9,89,0.00,333,1.66,0.0,14.1,11.4,81
2000-04-30,1.7,5.5,87,2.10,14,1.14,5.0,16.6,11.5,67
2000-05-01,4.1,9.6,75,2.30,311,2.61,9.0,17.3,8.1,37
2000-05-02,6.2,8.8,72,2.10,229,2.27,10.0,24.3,16.7,53
2000-05-03,5.5,10.9,60,0.00,314,3.53,0.0,26.2,14.5,36
2000-05-04,8.2,15.7,61,0.00,208,3.95,0.0,32.9,22.1,42
2000-05-05,10.1,16.8,67,1.60,232,3.22,6.0,32.3,22.9,47
2000-05-06,6.5,10.0,68,0.00,50,2.91,0.0,18.4,12.5,60
2000-05-07,6.1,11.6,84,16.30,175,0.94,9.0,28.6,18.6,70
2000-05-08,11.1,14.7,72,1.20,289,3.61,3.0,29.0,21.3,41
2000-05-09,3.7,7.7,75,2.70,81,1.14,7.0,19.8,12.8,59
2000-05-10,3.2,7.0,68,0.00,65,2.21,0.0,13.9,10.1,51
2000-05-11,3.4,4.3,85,13.70,113,0.76,17.0,20.1,15.4,71
2000-05-12,4.5,8.5,80,1.00,342,1.92,3.0,25.6,22.3,59
2000-05-13,4.0,6.2,77,0.00,33,2.60,0.0,15.8,12.7,68
2000-05-14,4.1,10.0,90,3.40,140,1.06,7.0,11.4,7.9,84
2000-05-15,9.1,14.1,83,0.00,179,2.98,0.0,13.0,9.3,52
2000-05-16,7.8,11.7,86,0.20,8,2.45,1.0,17.4,12.2,69
2000-05-17,8.9,15.0,80,0.80,202,3.46,4.0,13.8,7.4,52
2000-05-18,11.1,15.2,76,8.10,202,2.22,5.0,40.9,25.7,62
2000-05-19,9.0,12.3,68,7.90,269,3.79,6.0,39.5,19.8,40
2000-05-20,7.8,11.0,69,0.00,99,3.63,0.0,16.2,12.0,53
2000-05-21,9.0,14.6,68,0.00,126,4.01,0.0,19.7,9.7,51
2000-05-22,12.7,18.5,64,0.00,176,4.80,0.0,19.5,12.9,42
2000-05-23,10.3,13.1,76,2.60,133,2.14,5.0,17.3,12.6,65
2000-05-24,7.4,9.0,93,6.90,61,1.14,8.0,19.2,11.7,86
2000-05-25,7.5,8.6,96,16.00,55,0.99,16.0,19.2,12.5,90
2000-05-26,9.6,15.3,86,7.20,280,1.91,9.0,15.1,11.7,61
2000-05-27,11.3,13.2,79,2.20,275,2.39,8.0,18.8,14.5,60
2000-05-28,6.9,8.7,87,4.10,12,1.11,21.0,28.2,19.6,79
2000-05-29,6.3,6.9,79,1.10,27,1.50,9.0,27.7,23.1,73
2000-05-30,8.2,14.9,76,0.00,154,3.75,0.0,15.7,7.3,56
2000-05-31,12.9,18.7,67,0.20,207,4.18,1.0,29.1,21.3,50
2000-06-01,15.0,19.9,68,2.60,243,4.58,2.0,26.1,20.8,43
2000-06-02,12.7,16.9,69,0.70,243,3.20,3.0,11.9,8.2,55
2000-06-03,10.7,16.4,80,5.10,6,2.35,14.0,26.1,15.8,44
2000-06-04,11.3,14.9,52,0.00,279,4.43,0.0,21.2,16.5,32
2000-06-05,9.7,13.5,61,0.00,68,4.04,0.0,19.5,9.6,38
2000-06-06,11.1,15.3,64,0.00,134,4.24,0.0,21.0,15.3,48
2000-06-07,7.2,11.1,81,15.30,38,1.06,18.0,33.2,23.2,62
2000-06-08,11.3,18.9,74,0.00,220,4.12,0.0,27.6,14.3,45
2000-06-09,13.8,17.5,67,9.90,240,4.09,12.0,30.8,24.9,33
2000-06-10,11.6,15.7,50,0.00,280,4.18,0.0,24.5,16.4,34
2000-06-11,10.0,12.6,51,0.00,323,4.16,0.0,17.9,12.1,43
2000-06-12,10.3,13.1,68,0.00,71,3.40,0.0,10.7,6.0,55
2000-06-13,12.1,16.8,72,0.00,173,3.76,0.0,12.5,7.9,48
2000-06-14,14.9,20.2,67,0.00,216,4.50,0.0,20.5,13.5,46
2000-06-15,14.8,20.0,60,0.00,213,4.87,0.0,24.8,20.9,55
2000-06-16,18.3,24.9,78,0.80,222,3.88,2.0,25.2,22.2,58
2000-06-17,21.8,28.0,80,1.50,221,4.60,3.0,22.8,21.6,60
2000-06-18,17.3,22.1,57,0.00,290,5.60,0.0,21.6,14.6,48
2000-06-19,16.9,20.7,58,0.00,229,5.43,0.0,13.8,9.1,40
2000-06-20,17.3,21.7,65,0.00,238,4.57,0.0,15.0,8.9,47
2000-06-21,16.8,19.0,65,0.00,257,3.99,0.0,17.5,11.6,55
2000-06-22,18.0,23.6,77,5.10,205,3.41,6.0,30.1,22.9,60
2000-06-23,18.9,22.0,75,2.20,248,4.43,5.0,20.9,17.6,41
2000-06-24,17.4,22.8,62,0.00,244,5.31,0.0,15.0,8.5,39
2000-06-25,19.2,24.8,67,0.00,205,5.25,0.0,27.7,18.2,45
2000-06-26,20.7,25.9,79,13.20,231,5.15,5.0,27.7,15.2,52
2000-06-27,20.1,25.1,87,2.30,174,3.65,3.0,16.3,12.0,64
2000-06-28,20.7,24.4,70,0.00,264,5.43,0.0,18.4,12.9,40
2000-06-29,18.7,22.6,71,0.00,117,4.15,0.0,13.7,7.2,52
2000-06-30,17.3,20.0,84,2.30,167,3.42,3.0,10.5,7.7,71
2000-07-01,17.3,21.4,82,5.50,216,3.71,8.0,15.0,8.8,58
2000-07-02,19.7,25.2,73,0.00,208,4.51,0.0,18.6,14.1,49
2000-07-03,19.4,21.9,73,0.60,218,3.95,3.0,21.5,15.3,63
2000-07-04,18.7,20.6,96,10.30,186,2.46,17.0,11.9,7.7,90
2000-07-05,17.3,19.7,85,9.00,236,3.17,16.0,27.6,17.9,60
2000-07-06,16.7,20.1,66,0.00,269,3.92,0.0,29.4,22.5,50
2000-07-07,16.2,18.4,75,0.00,73,3.36,0.0,23.2,16.0,66
2000-07-08,15.1,18.2,73,1.30,27,4.00,6.0,21.6,18.9,58
2000-07-09,17.2,22.5,66,0.00,266,4.43,0.0,20.0,15.4,36
2000-07-10,16.1,18.6,81,9.10,171,1.97,9.0,23.0,17.7,66
2000-07-11,15.9,16.9,90,5.40,263,2.11,12.0,17.8,13.3,79
2000-07-12,17.2,20.8,69,0.00,337,4.58,0.0,19.9,16.7,49
2000-07-13,17.3,21.6,78,0.00,227,3.81,0.0,13.9,9.4,55
2000-07-14,19.0,23.8,80,0.20,154,4.16,1.0,12.7,9.8,61
2000-07-15,19.8,23.8,75,0.20,194,4.68,1.0,15.1,12.0,57
2000-07-16,19.2,21.9,78,0.30,150,3.95,2.0,17.2,12.8,66
2000-07-17,17.3,19.6,88,13.20,125,1.36,12.0,19.2,14.5,74
2000-07-18,19.9,23.0,88,3.00,205,3.43,2.0,14.2,10.9,68
2000-07-19,19.0,22.1,84,6.10,244,3.67,9.0,21.7,16.7,59
2000-07-20,16.7,21.1,56,0.00,273,5.52,0.0,21.9,19.3,37
2000-07-21,16.4,19.1,69,0.00,292,4.05,0.0,15.7,13.5,56
2000-07-22,17.5,21.8,84,8.90,169,2.81,6.0,13.8,9.7,65
2000-07-23,17.3,21.6,82,7.60,211,3.40,16.0,16.7,14.7,64
2000-07-24,17.2,20.4,83,0.50,330,3.16,5.0,15.3,11.9,72
2000-07-25,19.3,23.4,84,0.30,147,4.15,1.0,12.2,8.1,70
2000-07-26,20.3,23.8,81,0.00,139,4.42,0.0,13.9,9.0,60
2000-07-27,20.8,24.7,74,0.00,185,4.83,0.0,17.9,13.2,53
2000-07-28,18.3,20.7,80,0.50,161,2.61,3.0,17.5,12.2,66
2000-07-29,18.1,18.9,87,0.10,73,1.61,1.0,24.2,17.4,80
2000-07-30,17.2,18.6,80,0.00,52,3.68,0.0,24.4,19.1,66
2000-07-31,17.6,22.4,77,0.00,42,4.59,0.0,11.3,7.0,55
2000-08-01,19.8,24.5,74,0.00,174,4.81,0.0,14.3,9.9,51
2000-08-02,18.4,20.7,75,2.40,196,2.91,6.0,16.3,13.0,66
2000-08-03,20.5,24.8,81,0.00,200,2.90,0.0,16.0,12.6,74
2000-08-04,22.1,26.1,76,0.00,232,4.46,0.0,22.4,16.5,43
2000-08-05,18.8,21.4,65,0.00,258,3.62,0.0,17.1,14.0,56
2000-08-06,19.9,24.8,71,0.00,239,4.29,0.0,9.1,7.1,45
2000-08-07,19.0,21.4,77,2.70,201,2.13,7.0,17.3,14.1,70
2000-08-08,19.5,23.5,90,7.00,237,2.46,8.0,15.1,9.2,74
2000-08-09,18.1,19.7,92,3.90,53,1.94,6.0,18.8,11.9,82
2000-08-10,19.7,23.9,90,10.70,186,2.73,9.0,21.6,13.7,66
2000-08-11,17.3,19.8,79,0.40,353,3.14,4.0,20.9,14.9,58
2000-08-12,17.2,19.9,73,0.00,24,4.01,0.0,23.1,16.4,58
2000-08-13,17.4,19.6,88,0.10,62,2.34,1.0,15.2,12.9,77
2000-08-14,17.8,19.4,90,0.20,119,1.59,1.0,9.2,5.7,83
2000-08-15,18.5,20.8,88,6.30,94,2.24,11.0,9.3,7.3,74
2000-08-16,19.7,23.5,89,1.00,174,2.49,4.0,18.9,13.7,76
2000-08-17,18.7,20.4,91,8.90,207,2.21,16.0,21.3,16.1,81
2000-08-18,16.4,19.2,74,0.20,245,3.09,1.0,21.1,18.0,54
2000-08-19,16.8,19.5,77,0.60,199,2.94,2.0,14.5,10.1,67
2000-08-20,16.4,19.5,89,6.10,48,2.77,7.0,14.3,6.8,76
2000-08-21,15.9,19.6,86,16.40,346,2.60,24.0,18.6,13.8,60
2000-08-22,16.5,20.0,71,0.00,302,3.68,0.0,15.8,9.5,48
2000-08-23,17.6,22.5,74,0.00,214,3.67,0.0,19.5,11.5,52
2000-08-24,17.3,20.8,81,12.10,191,2.10,10.0,23.1,19.9,68
2000-08-25,17.8,21.8,78,0.00,242,3.54,0.0,17.3,15.1,55
2000-08-26,19.8,26.2,77,0.00,240,4.07,0.0,15.1,12.9,58
2000-08-27,19.6,22.6,84,9.80,241,3.11,5.0,15.4,10.6,70
2000-08-28,16.1,18.5,66,0.00,330,3.57,0.0,19.0,14.0,44
2000-08-29,16.1,20.0,67,0.00,320,4.02,0.0,13.6,9.5,49
2000-08-30,18.2,24.5,73,0.00,220,3.68,0.0,21.0,18.2,60
2000-08-31,19.2,22.2,72,0.20,280,3.89,1.0,19.9,12.5,52
2000-09-01,20.6,26.0,74,0.30,253,3.44,2.0,24.5,20.0,61
2000-09-02,15.2,18.4,67,0.00,18,2.92,0.0,19.0,13.1,59
2000-09-03,15.1,17.6,73,1.00,142,2.30,6.0,13.0,6.6,60
2000-09-04,13.7,16.3,76,2.30,343,1.07,10.0,13.0,9.6,70
2000-09-05,11.8,14.2,59,0.00,321,3.49,0.0,25.4,22.6,39
2000-09-06,12.2,17.1,59,0.00,293,3.76,0.0,18.6,14.1,42
2000-09-07,14.6,20.7,65,0.00,244,3.83,0.0,17.4,14.6,44
2000-09-08,17.5,23.3,65,0.00,228,4.39,0.0,25.2,21.3,48
2000-09-09,18.0,20.5,64,0.00,280,3.75,0.0,21.9,16.6,48
2000-09-10,15.2,18.1,69,0.00,29,3.21,0.0,16.6,11.1,54
2000-09-11,15.7,21.2,72,0.00,193,3.24,0.0,17.5,12.7,55
2000-09-12,16.8,20.7,72,0.00,210,3.15,0.0,25.1,20.7,58
2000-09-13,16.9,19.0,87,18.50,218,1.33,16.0,26.7,18.4,64
2000-09-14,16.1,20.7,69,0.00,238,3.36,0.0,12.8,10.2,49
2000-09-15,16.4,19.3,76,2.90,151,2.56,3.0,25.6,15.4,62
2000-09-16,18.1,18.9,93,20.60,166,1.06,13.0,30.5,22.4,74
2000-09-17,13.8,16.3,61,0.00,241,3.07,0.0,29.7,22.7,43
2000-09-18,14.7,17.4,62,0.00,247,3.65,0.0,23.7,18.3,44
2000-09-19,15.5,21.9,69,0.00,222,3.29,0.0,23.5,15.1,57
2000-09-20,17.6,21.7,82,0.00,214,2.31,0.0,23.4,16.9,67
2000-09-21,18.8,23.1,88,2.60,200,2.14,3.0,27.9,16.6,65
2000-09-22,14.0,15.9,65,0.00,268,3.31,0.0,23.8,20.8,38
2000-09-23,12.2,15.7,54,0.00,265,3.36,0.0,19.5,13.7,41
2000-09-24,13.2,15.4,84,15.20,217,0.92,15.0,24.2,19.4,64
2000-09-25,10.0,12.6,67,0.00,295,2.27,0.0,19.1,16.5,48
2000-09-26,9.6,13.0,65,0.00,259,2.52,0.0,16.2,9.4,51
2000-09-27,11.9,16.2,69,0.00,214,2.48,0.0,14.6,8.7,48
2000-09-28,8.8,13.0,63,5.60,356,1.65,12.0,20.5,17.0,48
2000-09-29,6.8,10.0,56,0.00,324,2.37,0.0,15.9,11.9,34
2000-09-30,9.9,16.6,61,0.00,220,3.07,0.0,29.8,24.0,50
2000-10-01,13.0,17.8,72,0.00,229,2.72,0.0,25.5,15.3,60
2000-10-02,13.5,18.0,80,0.00,218,2.26,0.0,19.9,17.4,61
2000-10-03,14.3,19.0,85,0.40,194,1.85,1.0,15.4,9.1,72
2000-10-04,13.4,16.1,71,0.40,281,2.33,2.0,20.6,16.0,48
2000-10-05,10.8,12.9,61,0.00,278,2.64,0.0,18.1,15.2,38
2000-10-06,9.0,10.2,66,5.80,89,1.16,8.0,24.1,13.9,55
2000-10-07,9.2,10.8,85,4.60,41,0.87,7.0,24.6,20.0,78
2000-10-08,7.8,8.9,76,2.60,46,1.28,8.0,17.2,10.7,71
2000-10-09,5.9,7.7,87,4.10,352,0.77,6.0,29.1,15.3,69
2000-10-10,7.5,10.3,86,21.70,80,1.21,13.0,44.9,31.8,61
2000-10-11,5.5,8.1,71,0.80,232,1.66,4.0,29.3,25.1,64
2000-10-12,8.2,13.4,62,0.00,256,2.64,0.0,26.6,21.8,45
2000-10-13,11.7,16.0,64,0.00,251,2.71,0.0,28.0,20.8,55
2000-10-14,9.9,14.5,75,0.40,190,1.06,2.0,21.1,12.7,67
2000-10-15,9.3,13.7,70,4.70,298,1.85,10.0,29.0,22.1,37
2000-10-16,4.0,6.2,56,0.00,331,1.96,0.0,20.0,11.7,43
2000-10-17,4.8,8.5,66,0.00,206,1.61,0.0,10.7,7.8,43
2000-10-18,5.6,9.9,82,0.00,142,1.30,0.0,16.6,9.3,68
2000-10-19,8.0,9.1,93,28.70,73,0.31,19.0,23.8,19.9,87
2000-10-20,7.8,11.8,76,4.80,293,1.79,8.0,26.4,22.1,52
2000-10-21,11.4,17.2,66,1.60,225,2.59,2.0,26.8,22.8,57
2000-10-22,6.9,11.3,67,0.80,311,1.66,1.0,39.5,24.2,52
2000-10-23,3.3,6.9,59,0.00,294,1.83,0.0,23.3,15.1,41
2000-10-24,6.4,12.4,63,0.00,235,2.14,0.0,25.6,20.9,50
2000-10-25,8.8,11.8,72,0.00,278,1.69,0.0,23.1,13.8,52
2000-10-26,9.3,16.0,79,0.00,234,1.56,0.0,21.1,15.4,64
2000-10-27,11.4,15.6,89,0.00,217,1.09,0.0,23.5,17.4,78
2000-10-28,8.3,12.9,82,7.80,279,0.74,13.0,29.6,21.4,64
2000-10-29,2.8,3.8,94,46.40,33,0.26,24.0,53.3,47.1,90
2000-10-30,6.2,8.5,89,2.70,62,0.69,4.0,39.0,24.3,84
2000-10-31,5.5,5.7,84,1.60,39,0.76,13.0,32.6,30.4,81
2000-11-01,5.2,5.6,87,10.20,26,0.59,22.0,31.9,30.2,81
2000-11-02,5.9,7.2,88,4.10,16,0.56,18.0,30.4,27.4,73
2000-11-03,6.2,7.3,75,0.00,15,1.21,0.0,26.3,22.4,68
2000-11-04,6.2,7.1,89,1.30,24,0.41,10.0,21.5,16.6,84
2000-11-05,6.7,7.1,96,6.90,53,0.19,22.0,22.1,14.3,94
2000-11-06,6.5,6.8,96,19.30,35,0.23,19.0,25.8,21.8,93
2000-11-07,6.6,7.0,90,5.00,18,0.49,22.0,31.8,29.6,86
2000-11-08,6.6,7.2,84,2.90,20,0.75,20.0,31.0,27.8,81
2000-11-09,5.5,6.1,83,0.00,21,0.68,0.0,24.6,22.7,81
2000-11-10,5.6,6.3,89,0.00,26,0.43,0.0,18.8,16.1,87
2000-11-11,5.9,6.2,93,0.50,15,0.31,5.0,23.9,18.4,89
2000-11-12,7.5,8.6,83,0.90,354,0.69,6.0,23.1,20.1,77
2000-11-13,5.6,7.5,79,0.00,23,0.80,0.0,21.4,20.3,76
2000-11-14,5.6,6.9,92,0.00,76,0.29,0.0,20.6,11.4,86
2000-11-15,7.1,8.4,97,10.70,122,0.15,17.0,25.6,17.4,93
2000-11-16,4.5,7.9,84,6.30,263,0.74,16.0,32.9,27.0,60
2000-11-17,3.7,7.4,71,0.00,229,1.12,0.0,23.3,17.0,61
2000-11-18,1.4,4.5,65,0.00,271,1.22,0.0,33.2,23.4,45
2000-11-19,-0.5,1.3,61,0.00,264,0.99,0.0,25.7,12.6,52
2000-11-20,-0.6,1.3,73,0.00,157,0.70,0.0,13.8,8.6,57
2000-11-21,-0.3,0.6,91,5.60,63,0.24,14.0,12.8,8.6,83
2000-11-22,-1.0,0.1,89,3.80,6,0.40,15.0,19.5,14.8,80
2000-11-23,-3.2,-1.7,79,0.10,332,0.54,1.0,18.0,14.9,61
2000-11-24,-6.0,-3.4,81,0.00,306,0.47,0.0,16.0,10.3,66
2000-11-25,-7.1,-4.8,78,0.00,283,0.50,0.0,15.5,12.4,62
2000-11-26,-3.8,2.3,80,0.00,220,0.56,0.0,20.7,14.7,73
2000-11-27,0.7,1.5,97,23.30,79,0.14,24.0,30.4,21.6,87
2000-11-28,-0.1,0.8,88,7.10,18,0.39,13.0,28.2,20.7,79
2000-11-29,-1.5,0.0,89,2.90,105,0.25,13.0,6.0,4.8,86
2000-11-30,-0.7,-0.1,94,1.00,5,0.25,5.0,27.0,12.9,88
2000-12-01,-3.0,-1.1,78,1.80,4,0.57,10.0,32.6,26.1,67
2000-12-02,-5.2,-2.8,81,0.00,309,0.44,0.0,17.4,13.3,64
2000-12-03,-7.4,-4.7,77,0.00,275,0.52,0.0,23.7,20.1,61
2000-12-04,-5.3,-0.4,82,0.00,252,0.50,0.0,18.9,16.1,69
2000-12-05,-4.6,-0.8,84,0.00,225,0.41,0.0,19.6,13.2,70
2000-12-06,-2.6,1.4,78,2.80,225,0.58,6.0,34.2,26.0,59
2000-12-07,-11.4,-8.5,71,0.00,243,0.43,0.0,26.3,15.0,63
2000-12-08,-13.9,-9.1,70,0.00,279,0.39,0.0,26.1,20.1,56
2000-12-09,-18.0,-15.2,69,0.00,277,0.33,0.0,29.3,22.8,53
2000-12-10,-14.7,-8.5,61,0.00,283,0.57,0.0,31.6,28.4,50
2000-12-11,-7.0,-0.5,77,0.00,235,0.48,0.0,17.2,14.0,73
2000-12-12,1.8,6.8,94,11.10,172,0.24,17.0,37.6,19.5,82
2000-12-13,-9.6,1.3,61,0.00,280,0.74,0.0,36.3,25.8,51
2000-12-14,-10.9,-4.9,72,6.90,219,0.34,12.0,21.8,14.1,65
2000-12-15,-5.5,-3.2,80,11.40,351,0.47,10.0,29.2,20.5,63
2000-12-16,-8.7,-4.3,76,0.00,244,0.36,0.0,20.4,13.3,65
2000-12-17,-1.6,7.5,88,9.20,135,0.24,12.0,29.4,20.9,81
2000-12-18,4.1,9.2,82,4.90,201,0.69,10.0,49.3,39.8,61
2000-12-19,-6.7,-3.5,63,0.00,256,0.83,0.0,37.1,24.2,57
2000-12-20,-3.5,3.0,82,24.00,98,0.28,12.0,44.5,18.1,64
2000-12-21,-6.4,-2.4,69,0.40,262,0.76,2.0,44.5,28.4,61
2000-12-22,-10.3,-6.3,78,0.70,255,0.33,3.0,15.3,10.1,64
2000-12-23,-8.7,-7.0,73,10.60,307,0.52,12.0,28.0,25.2,57
2000-12-24,-13.9,-11.6,68,0.00,285,0.46,0.0,27.2,22.1,57
2000-12-25,-14.8,-11.4,73,0.00,301,0.32,0.0,26.2,17.2,64
2000-12-26,-13.6,-7.6,69,1.70,289,0.43,9.0,28.6,24.7,65
2000-12-27,-6.9,-2.5,77,0.00,282,0.55,0.0,25.3,22.9,71
2000-12-28,-1.4,0.4,82,0.50,316,0.58,3.0,22.6,17.5,70
2000-12-29,-0.2,1.9,77,0.00,314,0.73,0.0,26.9,22.9,73
2000-12-30,-3.1,-0.4,83,0.00,318,0.48,0.0,20.7,12.4,70
2000-12-31,-1.3,1.0,88,11.70,97,0.35,12.0,34.7,22.1,84
2001-01-01,-1.5,0.2,87,1.60,313,0.41,9.0,25.7,15.5,69
2001-01-02,-5.4,-2.8,81,0.00,289,0.45,0.0,19.2,14.1,69
2001-01-03,-10.0,-7.3,76,0.00,302,0.37,0.0,19.9,14.5,64
2001-01-04,-9.8,-4.9,79,1.20,180,0.29,5.0,15.1,11.3,74
2001-01-05,-8.9,-5.3,78,0.90,276,0.37,4.0,15.3,12.0,59
2001-01-06,-9.2,-3.2,81,1.80,133,0.34,3.0,21.9,12.5,76
2001-01-07,-2.8,-2.2,88,36.20,8,0.32,24.0,34.3,29.4,83
2001-01-08,-5.3,-3.2,81,2.50,296,0.47,7.0,26.7,14.5,70
2001-01-09,-9.1,-6.9,80,0.00,286,0.35,0.0,10.5,8.4,68
2001-01-10,-9.8,-6.4,76,0.00,333,0.42,0.0,25.4,17.7,67
2001-01-11,-12.1,-9.2,76,0.00,268,0.34,0.0,21.7,14.8,65
2001-01-12,-10.5,-8.9,73,0.50,316,0.49,4.0,29.0,20.8,59
2001-01-13,-13.2,-9.8,68,0.00,270,0.46,0.0,19.6,14.4,51
2001-01-14,-7.2,-4.1,71,0.00,260,0.64,0.0,24.0,20.2,62
2001-01-15,-12.3,-10.2,72,0.00,304,0.42,0.0,23.8,12.4,61
2001-01-16,-7.9,-5.1,80,3.60,85,0.27,14.0,13.3,9.5,71
2001-01-17,-7.3,-5.9,80,0.50,305,0.38,2.0,16.1,12.5,65
2001-01-18,-12.4,-8.6,73,0.00,304,0.44,0.0,20.1,13.6,57
2001-01-19,-10.5,-3.6,82,1.40,200,0.32,5.0,17.9,15.2,72
2001-01-20,-9.1,-3.0,71,1.10,290,0.48,5.0,24.2,15.5,52
2001-01-21,-14.2,-9.9,76,0.00,338,0.31,0.0,21.7,10.7,65
2001-01-22,-13.4,-10.5,72,0.00,300,0.47,0.0,23.7,16.3,54
2001-01-23,-11.7,-4.0,74,0.00,225,0.52,0.0,18.6,16.1,59
2001-01-24,-3.7,-1.9,83,0.00,244,0.59,0.0,20.5,10.7,70
2001-01-25,-7.5,-4.7,75,0.00,306,0.53,0.0,11.9,8.4,51
2001-01-26,-10.6,-6.1,74,0.00,239,0.50,0.0,16.5,10.3,57
2001-01-27,-11.0,-7.3,82,0.00,286,0.40,0.0,12.4,7.8,74
2001-01-28,-6.7,-5.2,85,1.50,352,0.34,12.0,17.5,13.4,74
2001-01-29,-10.2,-6.4,74,0.00,308,0.53,0.0,15.4,11.1,52
2001-01-30,-7.0,-1.5,73,0.00,238,0.76,0.0,22.1,16.4,64
2001-01-31,-9.5,-5.3,77,10.30,34,0.46,12.0,32.7,20.0,64
2001-02-01,-11.4,-9.0,77,1.30,35,0.38,8.0,15.0,11.2,72
2001-02-02,-9.7,-6.3,81,0.00,200,0.47,0.0,11.8,8.3,68
2001-02-03,-7.9,-6.6,82,1.30,21,0.40,7.0,17.6,12.5,68
2001-02-04,-10.1,-7.8,77,0.00,249,0.58,0.0,13.2,8.2,61
2001-02-05,-9.6,-6.7,83,0.00,173,0.53,0.0,13.4,9.5,70
2001-02-06,-4.2,-2.5,90,35.90,51,0.30,21.0,44.4,32.5,85
2001-02-07,-5.0,-3.2,76,1.00,289,0.66,5.0,24.3,19.1,64
2001-02-08,-5.5,-3.2,71,0.00,306,0.90,0.0,21.7,19.8,60
2001-02-09,-8.4,-6.3,78,0.80,310,0.55,2.0,18.1,11.0,65
2001-02-10,-1.3,6.9,84,16.00,207,0.79,17.0,40.1,24.8,56
2001-02-11,-14.2,-5.5,55,0.00,276,0.76,0.0,40.2,37.0,49
2001-02-12,-13.3,-9.5,61,0.00,294,0.75,0.0,28.7,20.2,46
2001-02-13,-10.4,-6.3,73,0.00,233,0.59,0.0,16.1,9.2,66
2001-02-14,-9.9,-5.8,78,0.90,218,0.48,3.0,18.3,10.8,66
2001-02-15,-4.2,-2.0,80,6.70,296,0.64,12.0,39.0,24.9,60
2001-02-16,-8.7,-5.6,70,0.00,275,0.85,0.0,21.3,13.3,48
2001-02-17,-6.4,-3.8,83,1.00,263,0.49,7.0,26.2,12.9,72
2001-02-18,-13.0,-6.5,60,0.30,291,0.78,2.0,30.8,24.1,45
2001-02-19,-10.8,-4.0,69,0.00,214,0.79,0.0,25.5,18.7,52
2001-02-20,-0.9,3.5,78,2.40,207,1.05,8.0,20.1,17.1,64
2001-02-21,-0.3,2.9,80,1.80,226,0.95,4.0,30.3,19.5,50
2001-02-22,-18.5,-8.0,51,0.00,278,0.58,0.0,33.6,29.4,40
2001-02-23,-17.5,-12.0,65,0.00,159,0.57,0.0,17.3,13.3,52
2001-02-24,-12.5,-8.8,70,0.00,322,0.68,0.0,33.5,19.5,51
2001-02-25,-11.9,-7.4,60,0.00,300,0.94,0.0,23.5,13.8,42
2001-02-26,-5.9,-2.6,83,7.60,128,0.42,19.0,18.8,14.0,71
2001-02-27,-4.3,-2.6,76,0.70,303,1.03,4.0,21.6,15.9,56
2001-02-28,-12.2,-7.1,61,0.00,284,0.80,0.0,24.1,21.4,45
2001-03-01,-16.0,-12.5,61,0.00,259,0.68,0.0,20.3,15.5,44
2001-03-02,-15.5,-11.8,68,0.00,342,0.61,0.0,11.7,10.0,55
2001-03-03,-13.9,-9.7,70,0.40,355,0.57,2.0,22.8,11.9,60
2001-03-04,-9.7,-4.9,70,0.20,319,0.75,1.0,19.2,13.7,54
2001-03-05,-4.5,-1.9,87,0.00,25,0.75,0.0,17.9,11.3,79
2001-03-06,-4.3,-3.3,87,0.20,49,0.47,2.0,40.3,30.0,81
2001-03-07,-3.9,-2.8,82,0.10,30,0.70,1.0,34.0,30.5,79
2001-03-08,-5.2,-2.3,81,0.00,358,1.12,0.0,18.5,10.6,67
2001-03-09,-5.6,-0.0,84,0.00,148,1.05,0.0,14.3,9.4,66
2001-03-10,-4.0,-2.3,91,20.30,32,0.31,15.0,43.0,23.9,84
2001-03-11,-0.3,3.7,70,3.60,282,1.70,7.0,43.3,26.1,55
2001-03-12,-1.7,1.1,73,1.80,290,1.28,7.0,27.5,19.5,55
2001-03-13,-6.8,-4.7,79,3.90,57,0.57,6.0,27.8,12.9,69
2001-03-14,0.6,4.5,82,11.80,176,1.34,11.0,30.7,24.5,58
2001-03-15,0.3,2.5,73,0.00,259,1.42,0.0,28.8,22.6,52
2001-03-16,-1.0,2.1,69,0.00,280,1.65,0.0,25.4,22.6,58
2001-03-17,-0.1,4.8,78,0.00,303,1.61,0.0,16.2,12.6,60
2001-03-18,0.5,3.6,85,0.00,346,1.10,0.0,15.7,12.1,75
2001-03-19,1.2,2.2,88,3.90,7,0.72,13.0,25.0,19.2,79
2001-03-20,-0.3,2.2,84,0.00,359,1.47,0.0,12.1,9.8,67
2001-03-21,-2.4,1.4,88,0.00,107,1.51,0.0,11.8,6.8,71
2001-03-22,-3.0,-0.0,91,0.00,88,0.98,0.0,26.3,14.4,81
2001-03-23,-1.2,0.6,90,32.80,72,0.42,21.0,36.3,30.7,82
2001-03-24,0.6,1.7,92,9.30,252,0.67,23.0,25.5,14.0,77
2001-03-25,-0.6,0.8,73,0.00,241,1.48,0.0,34.2,26.5,57
2001-03-26,-3.5,0.5,64,0.00,244,1.75,0.0,25.3,20.2,46
2001-03-27,-3.9,0.7,67,0.00,229,1.65,0.0,17.8,13.0,42
2001-03-28,-3.3,0.2,71,0.10,270,1.44,1.0,18.0,13.4,49
2001-03-29,-2.7,2.8,73,0.00,296,1.92,0.0,14.6,10.2,50
2001-03-30,-1.0,2.6,82,0.00,133,1.59,0.0,14.5,9.5,63
2001-03-31,-1.3,-1.0,87,18.40,58,0.49,19.0,37.8,28.7,84
2001-04-01,-1.5,-1.0,85,13.10,47,0.76,24.0,36.8,27.8,76
2001-04-02,-0.8,0.1,89,8.10,45,0.56,24.0,28.8,24.6,85
2001-04-03,-1.0,-0.5,80,4.50,19,0.87,11.0,33.3,29.8,67
2001-04-04,-1.2,2.1,76,0.00,356,1.84,0.0,16.8,12.2,64
2001-04-05,1.1,6.4,73,0.00,232,2.17,0.0,18.1,13.1,44
2001-04-06,-0.2,2.2,67,0.00,313,1.96,0.0,23.5,16.7,43
2001-04-07,-1.5,1.8,77,0.00,1,1.41,0.0,20.5,15.1,68
2001-04-08,-1.2,3.4,77,0.00,177,1.95,0.0,17.7,9.0,57
2001-04-09,0.4,1.3,86,8.00,160,0.70,18.0,17.2,12.9,72
2001-04-10,0.4,2.0,90,5.20,15,0.90,16.0,19.5,9.4,75
2001-04-11,0.8,3.7,74,0.00,347,2.13,0.0,17.1,12.8,53
2001-04-12,-1.7,1.1,82,0.00,105,1.80,0.0,17.3,10.1,68
2001-04-13,0.5,2.6,85,13.00,139,0.74,18.0,25.7,18.0,81
2001-04-14,0.9,1.7,94,6.50,349,0.51,17.0,30.3,18.5,85
2001-04-15,1.0,1.7,90,8.50,359,0.71,22.0,29.2,25.6,86
2001-04-16,1.9,4.8,80,0.00,311,1.70,0.0,17.6,11.4,66
2001-04-17,1.7,5.4,76,0.00,288,1.76,0.0,15.9,11.8,56
2001-04-18,-1.0,1.3,85,12.80,44,0.63,9.0,40.0,18.1,77
2001-04-19,0.7,4.6,71,2.90,290,2.06,5.0,41.4,22.9,51
2001-04-20,2.1,8.5,70,0.00,238,2.73,0.0,20.3,15.8,44
2001-04-21,4.3,10.6,71,0.00,232,3.20,0.0,23.4,15.0,49
2001-04-22,5.8,9.7,90,2.10,204,1.13,6.0,25.7,20.1,79
2001-04-23,4.4,7.9,75,0.20,314,2.59,1.0,30.3,20.6,61
2001-04-24,7.3,15.9,75,0.00,195,2.98,0.0,28.0,22.8,65
2001-04-25,6.0,10.1,74,0.00,279,2.75,0.0,25.0,15.5,47
2001-04-26,2.8,8.0,68,0.00,179,2.93,0.0,19.2,9.5,47
2001-04-27,3.4,6.9,70,0.00,154,2.04,0.0,19.3,13.6,60
2001-04-28,2.2,5.3,76,0.10,333,1.41,1.0,21.7,16.1,47
2001-04-29,0.8,4.4,58,0.00,323,2.61,0.0,18.9,13.7,41
2001-04-30,1.3,5.2,74,0.00,261,1.92,0.0,11.4,8.8,65
2001-05-01,2.7,10.6,73,0.00,160,2.42,0.0,14.8,6.6,61
2001-05-02,4.6,7.4,87,2.40,129,2.04,3.0,17.1,10.3,77
2001-05-03,6.7,15.9,83,0.00,165,3.16,0.0,18.8,9.1,69
2001-05-04,11.4,14.1,74,1.00,298,3.33,2.0,24.5,17.4,49
2001-05-05,4.7,8.1,78,0.50,46,1.81,3.0,25.5,13.2,63
2001-05-06,4.0,9.0,69,0.00,19,3.25,0.0,14.0,10.4,52
2001-05-07,8.6,16.4,57,0.00,260,4.23,0.0,15.8,11.8,36
2001-05-08,10.0,19.6,69,0.00,222,4.24,0.0,17.0,10.5,37
2001-05-09,12.9,18.6,48,0.00,206,4.95,0.0,21.3,16.6,30
2001-05-10,9.0,13.1,63,9.60,167,1.95,12.0,17.9,13.7,39
2001-05-11,6.6,10.2,91,14.00,7,1.28,11.0,25.6,21.6,76
2001-05-12,7.4,11.2,87,0.00,29,2.80,0.0,16.3,12.0,75
2001-05-13,7.5,10.8,94,1.70,95,1.23,7.0,17.3,10.9,85
2001-05-14,4.7,7.8,99,39.10,7,0.33,24.0,20.6,17.8,91
2001-05-15,4.4,5.4,95,29.40,64,0.64,23.0,29.1,24.4,87
2001-05-16,5.8,7.7,86,0.00,45,1.14,0.0,26.6,21.6,79
2001-05-17,6.4,8.4,82,0.00,21,1.55,0.0,23.1,19.8,73
2001-05-18,7.4,11.1,81,0.00,39,3.13,0.0,14.8,11.5,66
2001-05-19,6.8,9.5,86,2.10,74,2.09,9.0,15.1,12.3,68
2001-05-20,7.1,12.3,83,0.00,59,2.95,0.0,19.7,9.4,66
2001-05-21,8.9,16.9,71,0.00,134,3.26,0.0,19.1,9.6,56
2001-05-22,10.5,13.9,79,2.00,47,3.45,5.0,20.1,11.2,59
2001-05-23,10.1,19.0,69,0.00,92,4.47,0.0,17.2,7.5,38
2001-05-24,10.2,15.4,71,0.00,36,3.54,0.0,25.2,20.4,54
2001-05-25,13.0,23.1,68,0.00,267,4.84,0.0,12.4,7.5,36
2001-05-26,15.4,21.1,69,0.00,271,4.66,0.0,17.5,12.8,50
2001-05-27,14.0,21.2,70,0.00,184,4.78,0.0,17.9,9.5,42
2001-05-28,15.2,18.5,81,2.50,176,2.35,6.0,17.2,15.0,48
2001-05-29,15.4,19.7,78,3.50,186,3.71,3.0,26.1,21.6,49
2001-05-30,14.4,18.5,80,8.20,194,3.50,5.0,18.4,13.2,63
2001-05-31,11.4,13.6,83,4.10,228,2.68,11.0,20.6,13.2,63
2001-06-01,10.7,12.7,81,6.10,352,2.31,7.0,23.2,17.0,66
2001-06-02,11.0,14.3,84,0.00,120,2.89,0.0,17.7,13.5,68
2001-06-03,10.5,12.7,91,18.00,132,0.80,21.0,24.6,19.7,80
2001-06-04,11.4,13.5,95,10.10,129,0.98,19.0,22.5,15.2,91
2001-06-05,13.2,16.5,93,8.40,196,1.87,10.0,13.4,11.0,78
2001-06-06,12.5,15.4,86,1.00,291,2.52,4.0,14.3,10.2,71
2001-06-07,13.2,15.7,85,1.10,7,2.71,2.0,12.1,8.1,73
2001-06-08,12.8,16.4,78,1.30,38,3.72,6.0,13.7,7.1,46
2001-06-09,12.7,16.3,71,0.30,177,3.96,2.0,12.9,7.4,47
2001-06-10,12.1,14.4,79,2.50,5,2.91,7.0,26.1,14.6,54
2001-06-11,13.6,19.4,75,0.00,133,4.59,0.0,16.6,8.1,53
2001-06-12,16.9,22.2,71,0.00,203,4.71,0.0,18.5,14.6,53
2001-06-13,18.5,23.8,77,1.80,204,3.59,4.0,16.2,13.9,53
2001-06-14,18.4,21.9,69,0.00,351,5.04,0.0,14.0,9.4,51
2001-06-15,17.4,21.2,79,0.00,69,4.17,0.0,13.7,8.1,65
2001-06-16,16.3,18.9,76,0.00,94,4.49,0.0,16.8,10.7,61
2001-06-17,18.7,24.6,78,0.00,191,4.19,0.0,21.8,17.0,68
2001-06-18,19.9,22.4,80,10.30,245,3.84,11.0,22.7,16.2,42
2001-06-19,17.7,20.6,63,0.00,242,3.89,0.0,23.5,12.0,48
2001-06-20,22.2,26.6,60,0.00,241,6.70,0.0,29.6,23.2,34
2001-06-21,17.6,20.8,55,0.00,317,5.68,0.0,17.4,12.0,41
2001-06-22,17.8,21.3,74,0.00,128,4.26,0.0,15.5,8.0,56
2001-06-23,19.5,23.3,78,1.40,179,3.02,6.0,20.0,18.2,67
2001-06-24,20.0,22.4,95,4.50,220,1.48,13.0,21.9,19.0,88
2001-06-25,22.0,27.6,77,0.40,239,4.65,2.0,17.7,11.6,42
2001-06-26,18.8,23.6,71,0.00,60,4.75,0.0,17.4,13.4,60
2001-06-27,23.9,31.2,68,0.00,241,6.17,0.0,25.3,19.5,47
2001-06-28,18.9,24.9,50,0.00,324,6.06,0.0,29.2,21.0,38
2001-06-29,15.3,19.5,55,0.00,334,4.97,0.0,24.0,14.4,42
2001-06-30,19.8,25.7,75,10.60,231,4.11,10.0,26.9,18.9,59
2001-07-01,16.0,20.5,90,12.60,99,1.35,23.0,21.1,14.4,85
2001-07-02,16.7,18.6,75,5.00,241,3.55,4.0,34.1,27.0,48
2001-07-03,16.6,21.8,57,0.00,241,5.50,0.0,21.6,18.3,41
2001-07-04,17.9,22.5,63,0.30,212,5.16,1.0,22.7,17.5,50
2001-07-05,17.8,20.6,83,2.70,170,2.48,5.0,18.3,12.1,66
2001-07-06,18.6,21.1,89,4.30,205,2.53,5.0,13.4,10.2,76
2001-07-07,16.7,20.8,72,1.10,252,4.24,3.0,23.4,19.7,47
2001-07-08,17.3,20.1,75,1.00,210,2.70,3.0,18.3,16.1,63
2001-07-09,16.5,18.1,85,1.00,203,1.84,5.0,22.1,16.7,76
2001-07-10,17.2,20.0,83,1.70,174,2.54,5.0,17.1,12.2,76
2001-07-11,18.5,21.2,87,1.10,157,2.67,5.0,13.5,10.2,71
2001-07-12,18.4,21.1,84,12.10,195,3.56,11.0,14.8,12.3,63
2001-07-13,17.6,20.7,78,0.30,220,3.27,2.0,22.6,18.1,65
2001-07-14,17.6,20.6,83,7.70,194,3.65,4.0,17.1,10.8,71
2001-07-15,17.4,20.4,90,1.00,171,3.25,4.0,13.8,9.6,75
2001-07-16,17.6,19.1,88,0.60,72,3.27,4.0,18.7,13.1,73
2001-07-17,16.5,19.4,77,0.00,50,3.97,0.0,14.6,9.7,52
2001-07-18,17.3,20.7,73,0.00,73,4.33,0.0,13.4,10.7,51
2001-07-19,17.9,22.0,75,0.00,58,4.81,0.0,8.9,7.2,51
2001-07-20,21.0,27.1,70,0.00,205,5.34,0.0,13.5,9.9,44
2001-07-21,23.3,28.4,70,0.00,226,5.43,0.0,17.1,13.9,43
2001-07-22,23.0,28.3,70,2.10,226,5.47,3.0,22.8,19.3,54
2001-07-23,23.3,28.4,76,0.60,243,4.51,2.0,22.1,18.4,51
2001-07-24,24.7,29.8,74,0.60,224,4.96,3.0,27.7,21.2,59
2001-07-25,21.9,25.2,74,2.10,274,4.41,4.0,24.8,19.7,54
2001-07-26,18.0,20.5,54,0.00,294,4.91,0.0,20.4,17.2,36
2001-07-27,15.3,17.8,53,0.00,308,4.41,0.0,22.6,19.2,41
2001-07-28,16.7,21.0,65,3.00,292,3.93,4.0,14.2,9.7,51
2001-07-29,17.8,22.0,74,0.00,268,3.74,0.0,13.1,8.8,49
2001-07-30,19.9,23.8,75,0.00,181,4.44,0.0,11.5,8.5,50
2001-07-31,19.5,22.5,79,0.00,61,4.01,0.0,14.7,10.0,60
2001-08-01,20.6,25.7,70,0.00,24,5.17,0.0,12.4,10.3,44
2001-08-02,23.0,30.2,64,0.00,224,5.83,0.0,24.5,15.9,40
2001-08-03,23.9,26.5,69,1.10,273,5.01,3.0,21.1,14.9,50
2001-08-04,20.1,22.4,70,0.00,44,3.89,0.0,13.0,8.3,57
2001-08-05,21.6,27.4,69,0.00,167,5.04,0.0,11.9,7.5,42
2001-08-06,24.9,31.5,61,0.00,227,6.29,0.0,20.2,18.9,44
2001-08-07,25.9,30.2,60,0.80,235,6.08,4.0,23.3,20.1,46
2001-08-08,22.5,25.8,54,0.00,286,5.64,0.0,19.5,16.4,37
2001-08-09,23.7,30.0,64,0.00,230,5.41,0.0,16.8,12.6,46
2001-08-10,26.0,32.2,68,3.40,225,5.31,3.0,26.8,22.0,46
2001-08-11,21.4,25.2,51,0.00,287,6.06,0.0,22.3,17.3,36
2001-08-12,20.6,24.7,64,0.00,105,4.51,0.0,17.6,7.7,43
2001-08-13,21.3,24.4,67,0.00,161,3.77,0.0,18.9,10.4,54
2001-08-14,20.6,22.9,64,0.00,309,4.14,0.0,16.3,12.6,42
2001-08-15,20.6,24.2,62,0.00,150,4.15,0.0,13.8,5.5,39
2001-08-16,21.8,27.3,57,0.00,193,5.48,0.0,17.1,12.9,36
2001-08-17,21.1,24.7,70,1.50,215,2.97,4.0,19.8,14.8,58
2001-08-18,19.5,24.1,79,9.60,222,3.23,12.0,20.5,16.9,66
2001-08-19,20.2,22.5,80,1.20,281,3.32,7.0,18.6,14.0,68
2001-08-20,17.1,18.5,78,0.00,46,2.49,0.0,16.6,13.3,69
2001-08-21,17.8,19.9,86,9.00,105,1.38,12.0,18.4,12.6,80
2001-08-22,19.9,22.9,88,2.30,227,2.99,8.0,14.6,8.9,69
2001-08-23,21.7,26.0,78,0.20,227,3.72,1.0,12.9,9.9,50
2001-08-24,17.7,22.3,72,3.10,3,2.63,7.0,26.5,18.3,46
2001-08-25,15.5,19.9,52,0.00,326,4.64,0.0,18.6,11.1,36
2001-08-26,17.8,23.8,64,0.00,215,4.75,0.0,25.8,21.5,51
2001-08-27,15.7,18.6,85,15.70,216,1.54,12.0,24.4,14.8,67
2001-08-28,18.7,23.5,85,1.00,243,3.44,4.0,10.0,6.6,57
2001-08-29,18.4,20.2,79,5.70,299,2.79,12.0,18.2,12.8,56
2001-08-30,16.1,20.5,60,0.00,282,4.30,0.0,18.9,11.9,42
2001-08-31,18.5,25.0,70,0.00,213,4.07,0.0,29.7,24.6,57
2001-09-01,18.3,20.4,85,15.10,217,1.65,12.0,27.2,21.7,72
2001-09-02,14.9,18.6,58,0.00,313,4.19,0.0,21.6,16.1,40
2001-09-03,15.3,20.4,68,0.00,219,2.93,0.0,22.4,13.8,51
2001-09-04,17.1,22.0,67,0.00,206,4.28,0.0,23.8,21.6,50
2001-09-05,14.9,18.3,76,12.80,323,2.27,12.0,27.4,19.5,46
2001-09-06,13.7,17.8,57,0.00,319,3.89,0.0,20.9,18.6,40
2001-09-07,16.7,23.6,72,0.00,227,3.59,0.0,19.3,9.3,56
2001-09-08,21.6,27.8,71,0.00,244,4.19,0.0,21.9,19.4,60
2001-09-09,24.4,29.6,75,0.00,238,4.39,0.0,18.8,16.9,55
2001-09-10,22.9,27.2,74,0.00,217,4.35,0.0,25.3,17.2,56
2001-09-11,20.7,23.6,72,0.40,244,3.65,2.0,25.5,18.5,47
2001-09-12,15.6,18.2,55,0.00,314,4.02,0.0,23.8,12.0,41
2001-09-13,16.1,21.0,66,0.00,158,3.50,0.0,17.1,12.5,43
2001-09-14,13.5,17.7,59,0.00,328,3.43,0.0,25.0,17.2,39
2001-09-15,12.2,15.8,61,0.00,294,3.06,0.0,20.1,13.3,40
2001-09-16,14.0,18.9,61,0.00,245,3.28,0.0,21.1,16.5,47
2001-09-17,16.2,21.1,70,0.00,232,3.36,0.0,15.1,10.9,48
2001-09-18,15.9,19.1,72,0.00,298,2.91,0.0,19.4,15.7,59
2001-09-19,12.9,15.3,64,0.00,19,3.30,0.0,21.0,16.5,46
2001-09-20,13.4,18.3,68,0.00,167,2.72,0.0,13.0,11.1,51
2001-09-21,16.2,21.2,72,0.00,178,2.59,0.0,17.3,14.1,56
2001-09-22,17.5,19.2,93,16.70,177,0.89,17.0,19.5,16.8,74
2001-09-23,18.3,21.3,87,0.00,220,1.93,0.0,19.9,14.3,63
2001-09-24,17.2,19.4,83,0.00,55,1.95,0.0,13.4,8.0,71
2001-09-25,16.5,19.3,89,0.00,155,1.76,0.0,14.5,9.7,76
2001-09-26,17.0,18.7,97,13.80,146,0.42,14.0,16.0,13.2,94
2001-09-27,12.8,18.4,88,4.50,33,0.91,20.0,27.9,20.5,70
2001-09-28,11.3,13.8,58,0.00,10,2.90,0.0,23.2,14.9,43
2001-09-29,9.8,12.0,67,1.50,10,2.09,6.0,27.0,19.9,55
2001-09-30,10.7,16.2,66,0.00,259,2.57,0.0,14.8,10.5,41
2001-10-01,12.5,18.6,67,0.00,220,2.86,0.0,16.9,13.7,47
2001-10-02,13.8,18.6,73,0.00,254,2.39,0.0,18.8,14.2,51
2001-10-03,12.9,17.3,64,0.00,274,2.64,0.0,17.4,13.5,44
2001-10-04,15.9,21.9,80,0.00,208,2.51,0.0,19.4,15.7,64
2001-10-05,14.6,16.8,82,1.40,270,1.37,6.0,16.8,11.0,63
2001-10-06,15.1,20.2,83,1.30,193,1.81,5.0,45.7,25.6,66
2001-10-07,9.5,12.2,58,0.00,263,2.83,0.0,35.4,20.7,37
2001-10-08,7.3,10.1,61,0.30,311,2.31,2.0,17.1,15.6,46
2001-10-09,6.8,10.8,63,0.20,290,2.35,2.0,20.6,18.2,37
2001-10-10,10.5,15.8,60,0.00,246,2.73,0.0,21.3,17.4,50
2001-10-11,13.3,20.0,71,0.00,218,2.68,0.0,22.2,15.9,49
2001-10-12,14.7,19.7,69,0.00,239,2.69,0.0,25.3,18.7,49
2001-10-13,11.4,13.5,71,0.00,53,2.04,0.0,21.8,17.0,67
2001-10-14,11.8,14.9,80,0.00,102,1.75,0.0,16.5,11.7,67
2001-10-15,13.6,14.9,94,17.30,143,0.38,10.0,23.7,17.0,87
2001-10-16,12.7,15.9,72,0.60,239,2.28,2.0,26.4,15.4,51
2001-10-17,13.1,16.4,89,24.00,150,0.56,15.0,29.8,22.3,76
2001-10-18,9.3,11.1,63,0.00,235,2.23,0.0,34.3,28.7,53
2001-10-19,7.2,10.0,58,0.00,245,2.28,0.0,26.1,21.6,47
2001-10-20,9.5,13.5,76,0.20,217,1.42,1.0,22.3,18.0,63
2001-10-21,10.3,15.2,75,0.20,244,1.95,1.0,21.6,16.9,51
2001-10-22,9.9,11.2,73,3.70,262,1.87,5.0,25.2,19.3,40
2001-10-23,6.5,10.5,59,0.00,271,2.08,0.0,21.9,15.8,45
2001-10-24,10.0,15.0,87,9.90,200,0.76,14.0,26.9,18.5,64
2001-10-25,10.4,13.2,91,0.40,109,0.53,3.0,24.4,15.4,83
2001-10-26,11.1,15.3,75,3.80,219,1.67,10.0,27.0,18.4,46
2001-10-27,6.9,9.0,86,0.20,236,0.99,2.0,14.2,10.8,67
2001-10-28,5.2,7.1,74,0.00,296,1.16,0.0,20.4,15.3,51
2001-10-29,4.0,7.8,65,0.00,244,1.51,0.0,21.0,14.3,47
2001-10-30,3.9,5.2,67,0.00,312,1.49,0.0,28.2,22.2,45
2001-10-31,2.7,4.5,61,0.00,292,1.67,0.0,27.7,21.6,46
2001-11-01,4.2,7.7,68,0.00,181,1.06,0.0,20.9,11.9,58
2001-11-02,10.4,13.8,88,0.00,207,0.78,0.0,23.9,20.6,77
2001-11-03,12.9,15.5,85,0.20,221,1.05,2.0,23.6,18.7,65
2001-11-04,8.4,10.6,80,0.00,301,1.06,0.0,13.8,9.2,66
2001-11-05,7.2,7.6,91,1.00,41,0.40,9.0,25.4,17.2,89
2001-11-06,5.8,7.0,93,29.30,14,0.33,24.0,35.9,33.2,84
2001-11-07,4.7,7.7,87,18.00,332,0.77,18.0,46.3,34.7,54
2001-11-08,3.1,5.4,52,0.00,309,2.06,0.0,46.8,26.9,44
2001-11-09,4.8,7.2,78,6.60,173,0.76,9.0,26.8,21.8,60
2001-11-10,2.3,4.4,62,0.00,262,1.67,0.0,31.0,28.0,44
2001-11-11,1.1,2.2,62,2.60,318,1.03,10.0,23.0,16.0,52
2001-11-12,-0.8,1.0,53,0.00,294,1.43,0.0,24.2,21.8,42
2001-11-13,-1.3,0.1,54,0.00,293,1.42,0.0,28.6,23.7,38
2001-11-14,-1.8,-0.1,66,1.90,235,0.62,7.0,15.8,9.9,55
2001-11-15,2.9,7.8,88,0.00,235,0.61,0.0,18.0,13.2,79
2001-11-16,6.7,11.3,84,0.70,239,0.89,2.0,29.0,23.8,52
2001-11-17,-0.5,1.8,47,0.00,306,1.69,0.0,29.7,20.9,42
2001-11-18,-0.0,3.0,62,0.00,228,0.94,0.0,19.4,13.8,53
2001-11-19,4.4,10.5,78,0.00,212,0.98,0.0,20.6,14.8,67
2001-11-20,7.5,10.6,93,4.80,213,0.38,9.0,24.9,23.3,89
2001-11-21,0.4,2.8,60,0.70,275,1.23,2.0,21.3,17.2,43
2001-11-22,-0.2,3.0,68,0.00,220,0.81,0.0,11.5,10.0,57
2001-11-23,0.2,1.0,85,0.00,26,0.43,0.0,14.3,11.0,75
2001-11-24,1.8,6.0,86,0.00,161,0.59,0.0,16.7,11.8,75
2001-11-25,5.1,8.7,85,0.00,195,0.74,0.0,18.2,16.9,74
2001-11-26,5.6,7.4,92,2.40,201,0.28,5.0,19.5,18.3,85
2001-11-27,3.7,7.4,83,0.00,332,0.66,0.0,20.2,14.4,61
2001-11-28,-1.0,0.1,80,4.20,24,0.46,15.0,25.3,17.4,65
2001-11-29,-4.0,-2.7,65,0.60,37,0.64,2.0,19.6,11.2,60
2001-11-30,-0.8,0.6,91,11.50,82,0.36,13.0,17.9,11.4,78
2001-12-01,4.0,9.4,95,10.60,219,0.41,17.0,27.1,16.8,83
2001-12-02,3.5,7.2,76,0.00,264,0.83,0.0,26.7,15.5,61
2001-12-03,1.1,3.6,83,0.00,244,0.51,0.0,13.0,10.3,69
2001-12-04,2.0,3.2,80,0.50,293,0.56,2.0,18.9,14.0,63
2001-12-05,-0.7,1.3,84,4.00,121,0.32,10.0,15.3,11.3,70
2001-12-06,2.6,8.3,96,4.50,212,0.20,10.0,26.9,16.8,90
2001-12-07,4.9,8.1,52,0.00,258,2.05,0.0,29.4,26.5,45
2001-12-08,-0.5,1.0,51,0.00,288,1.43,0.0,26.4,21.6,44
2001-12-09,-2.7,-1.8,59,0.00,337,0.62,0.0,12.2,7.8,56
2001-12-10,-2.3,2.1,66,0.00,245,0.89,0.0,26.8,15.6,53
2001-12-11,1.2,4.7,71,0.00,239,1.04,0.0,27.6,21.3,63
2001-12-12,-1.8,1.3,58,0.00,355,0.97,0.0,17.0,14.2,52
2001-12-13,-1.7,0.8,76,5.80,150,0.47,8.0,16.9,13.7,63
2001-12-14,3.5,6.1,92,1.40,245,0.49,5.0,23.1,17.9,74
2001-12-15,-1.4,1.2,62,0.00,322,1.00,0.0,29.8,19.0,49
2001-12-16,-3.2,-0.4,56,0.00,317,1.29,0.0,31.8,28.0,49
2001-12-17,-3.3,-0.8,52,0.00,315,1.15,0.0,26.3,18.5,39
2001-12-18,-2.1,-0.7,59,1.50,260,0.68,7.0,16.3,8.5,48
2001-12-19,-2.0,0.1,61,2.10,314,1.11,7.0,25.5,23.1,49
2001-12-20,-2.1,0.2,60,0.00,262,0.86,0.0,20.2,12.0,53
2001-12-21,-2.1,-0.9,71,0.00,351,0.63,0.0,18.6,15.1,59
2001-12-22,-2.7,-1.4,59,0.00,317,1.10,0.0,26.5,22.3,50
2001-12-23,-2.7,-0.2,61,0.00,315,1.05,0.0,26.4,20.5,54
2001-12-24,-2.7,0.6,70,0.00,162,0.56,0.0,17.0,8.4,55
2001-12-25,-0.5,1.3,92,8.60,116,0.21,12.0,22.1,15.1,82
2001-12-26,-1.9,0.1,76,0.00,252,0.55,0.0,18.7,12.6,57
2001-12-27,-2.8,-1.5,82,5.00,347,0.35,13.0,19.3,13.4,75
2001-12-28,-5.4,-2.8,65,0.00,245,0.87,0.0,34.4,25.0,47
2001-12-29,-5.5,-1.8,70,0.00,221,0.70,0.0,22.9,17.6,57
2001-12-30,-5.7,-4.1,65,0.00,231,0.74,0.0,20.0,18.0,53
2001-12-31,-6.9,-3.8,66,0.00,246,0.67,0.0,22.8,17.3,54
2002-01-01,-8.6,-5.5,61,0.00,263,0.72,0.0,27.2,21.0,51
2002-01-02,-7.2,-3.4,62,0.00,269,0.85,0.0,25.6,23.0,52
2002-01-03,-6.8,-3.8,65,0.00,247,0.74,0.0,24.2,20.9,48
2002-01-04,-11.3,-5.8,50,0.00,289,0.78,0.0,28.8,22.5,37
2002-01-05,-11.2,-6.0,55,0.00,268,0.69,0.0,19.5,15.8,42
2002-01-06,-6.9,0.2,76,0.10,215,0.45,1.0,15.2,11.3,62
2002-01-07,-1.9,-0.9,89,14.60,1,0.31,18.0,27.5,16.5,70
2002-01-08,-8.2,-6.9,74,1.00,355,0.46,7.0,23.2,19.4,60
2002-01-09,-6.7,-1.4,78,0.00,232,0.54,0.0,22.4,18.2,67
2002-01-10,-4.3,-1.1,88,5.20,276,0.21,15.0,14.7,9.9,84
2002-01-11,-2.9,0.1,85,0.00,257,0.48,0.0,15.5,11.6,73
2002-01-12,-3.3,-1.3,82,2.60,297,0.53,8.0,21.7,14.2,59
2002-01-13,-7.0,-1.6,85,12.80,124,0.28,6.0,43.0,17.8,79
2002-01-14,-3.2,-1.3,76,25.20,332,0.77,12.0,50.1,35.7,61
2002-01-15,-9.9,-5.7,76,0.60,354,0.42,3.0,21.9,11.2,65
2002-01-16,-4.8,-4.3,78,5.50,35,0.47,16.0,24.2,19.6,68
2002-01-17,-9.0,-5.4,78,0.50,256,0.37,2.0,17.3,11.1,65
2002-01-18,-7.9,-6.1,80,2.70,332,0.38,7.0,15.5,10.5,67
2002-01-19,-10.3,-7.5,75,0.00,293,0.45,0.0,18.7,13.0,60
2002-01-20,-8.7,-5.0,80,2.00,191,0.37,10.0,13.7,7.8,72
2002-01-21,-6.9,-3.5,82,0.20,215,0.49,1.0,21.7,13.6,71
2002-01-22,-2.0,-0.9,86,8.40,349,0.52,17.0,29.4,20.4,64
2002-01-23,-9.0,-2.0,70,0.00,255,0.54,0.0,27.8,16.6,61
2002-01-24,-3.4,-0.9,82,0.10,315,0.51,1.0,17.9,12.4,68
2002-01-25,-4.7,-4.0,80,5.30,64,0.45,12.0,20.9,12.3,67
2002-01-26,-8.8,-5.6,76,1.30,281,0.39,6.0,23.2,12.3,68
2002-01-27,-13.4,-10.5,71,0.60,314,0.36,5.0,19.6,11.3,59
2002-01-28,-6.7,-0.9,84,0.10,173,0.33,1.0,17.9,14.3,79
2002-01-29,-4.4,-1.4,87,1.60,24,0.27,10.0,15.4,12.3,80
2002-01-30,-10.6,-6.5,79,0.40,17,0.33,2.0,18.7,14.9,73
2002-01-31,-15.6,-12.7,62,0.00,291,0.45,0.0,16.4,13.8,45
2002-02-01,-15.0,-11.4,69,6.10,26,0.29,7.0,21.9,9.3,58
2002-02-02,-9.1,-7.0,77,9.60,285,0.49,12.0,34.0,22.6,53
2002-02-03,-14.1,-11.2,61,0.00,280,0.61,0.0,22.9,15.1,45
2002-02-04,-10.7,-6.9,80,0.70,93,0.35,7.0,18.3,12.9,67
2002-02-05,-10.7,-7.5,71,1.00,349,0.62,6.0,28.8,22.7,52
2002-02-06,-14.0,-11.8,62,0.00,282,0.59,0.0,27.1,20.5,47
2002-02-07,-17.9,-15.1,65,0.30,287,0.48,2.0,21.1,12.7,50
2002-02-08,-11.4,-9.1,84,6.00,54,0.32,19.0,18.2,15.2,78
2002-02-09,-13.5,-11.0,68,0.00,303,0.57,0.0,23.2,17.5,46
2002-02-10,-11.8,-6.3,61,0.00,258,0.79,0.0,23.4,16.1,52
2002-02-11,-6.2,0.5,77,30.10,302,0.47,14.0,36.5,26.6,53
2002-02-12,-18.9,-12.7,66,0.10,256,0.38,1.0,27.4,16.0,53
2002-02-13,-6.4,-2.9,75,1.20,244,0.78,5.0,28.0,20.8,51
2002-02-14,-15.0,-11.1,61,0.00,263,0.64,0.0,24.4,18.5,47
2002-02-15,-4.1,2.6,69,0.00,221,1.12,0.0,25.7,22.4,56
2002-02-16,2.1,4.8,83,0.00,205,0.88,0.0,23.3,18.3,75
2002-02-17,-0.7,1.4,86,0.00,280,0.89,0.0,13.2,9.8,68
2002-02-18,-7.3,-2.6,76,0.00,12,0.61,0.0,25.5,19.7,61
2002-02-19,-10.0,-4.9,69,0.00,7,0.84,0.0,20.8,15.1,46
2002-02-20,-7.1,-1.4,77,0.00,0,0.92,0.0,11.6,7.0,64
2002-02-21,-3.7,-0.1,86,6.40,132,0.50,9.0,17.3,13.8,75
2002-02-22,0.9,3.8,89,8.90,290,0.68,16.0,16.6,11.4,70
2002-02-23,-3.9,-0.3,76,0.00,304,0.84,0.0,17.4,12.8,60
2002-02-24,-6.1,-4.1,81,0.00,344,0.58,0.0,12.7,10.7,70
2002-02-25,-5.2,-1.8,85,1.20,137,0.67,5.0,15.9,10.4,73
2002-02-26,-1.4,2.3,88,4.90,161,0.56,12.0,18.8,16.3,81
2002-02-27,4.7,8.9,88,0.70,164,0.88,4.0,30.1,24.2,79
2002-02-28,2.4,6.8,77,9.40,202,1.14,12.0,33.7,31.2,54
2002-03-01,-5.6,-0.0,65,0.00,237,1.32,0.0,26.1,17.3,46
2002-03-02,-4.4,-2.4,69,0.00,252,1.15,0.0,18.0,13.8,45
2002-03-03,-0.1,7.3,82,6.10,169,0.58,11.0,39.6,24.4,73
2002-03-04,2.6,7.7,75,1.30,241,1.34,6.0,31.9,25.7,49
2002-03-05,-10.6,-5.9,58,0.00,271,1.00,0.0,28.1,23.7,45
2002-03-06,-8.3,-2.1,64,0.00,242,1.09,0.0,18.4,14.3,44
2002-03-07,-5.3,0.6,65,0.00,248,1.28,0.0,17.9,11.7,45
2002-03-08,-7.6,-3.4,61,0.00,322,1.19,0.0,17.4,12.5,43
2002-03-09,-5.3,-1.8,84,7.60,106,0.55,17.0,20.6,13.6,71
2002-03-10,3.6,9.0,94,8.60,184,0.49,11.0,36.4,23.1,74
2002-03-11,-6.0,-0.2,53,0.00,262,1.37,0.0,38.6,31.7,41
2002-03-12,-5.1,1.0,64,1.00,234,1.20,5.0,21.7,17.3,47
2002-03-13,-2.1,1.2,87,0.60,92,0.75,4.0,17.1,12.2,79
2002-03-14,1.9,5.9,79,0.10,260,1.52,1.0,29.8,19.2,52
2002-03-15,-7.3,-2.4,56,0.10,309,1.27,1.0,26.2,16.8,40
2002-03-16,-5.8,-4.5,78,8.40,58,0.66,13.0,22.0,17.0,65
2002-03-17,-7.3,-3.0,64,0.00,322,1.31,0.0,20.2,17.6,47
2002-03-18,-8.0,-4.1,69,0.00,351,1.25,0.0,22.2,13.1,54
2002-03-19,-7.0,-4.0,76,0.00,29,1.00,0.0,17.9,11.6,63
2002-03-20,-6.7,-1.2,73,0.00,136,1.33,0.0,18.1,8.2,50
2002-03-21,-2.3,-0.4,84,15.50,136,0.63,14.0,17.7,11.9,57
2002-03-22,-3.0,0.2,82,1.50,233,0.91,4.0,31.7,17.4,52
2002-03-23,-9.0,-2.4,53,0.10,246,1.38,1.0,41.1,31.1,44
2002-03-24,-4.9,-2.7,61,0.00,245,1.53,0.0,35.9,26.3,41
2002-03-25,-8.6,-4.3,59,0.00,265,1.34,0.0,26.2,22.4,46
2002-03-26,-5.6,1.1,68,0.00,281,1.78,0.0,17.6,11.5,49
2002-03-27,0.0,5.4,89,36.90,153,0.45,19.0,27.9,18.4,77
2002-03-28,0.9,3.2,89,3.30,336,0.89,5.0,15.2,8.7,76
2002-03-29,0.2,4.6,78,0.00,270,1.73,0.0,19.4,12.5,54
2002-03-30,1.0,4.6,82,3.80,145,0.77,8.0,29.9,19.9,71
2002-03-31,4.6,8.8,82,0.00,225,2.10,0.0,19.1,13.0,52
2002-04-01,1.8,3.5,87,23.90,89,0.34,12.0,37.7,17.2,66
2002-04-02,3.6,7.3,74,1.40,256,1.88,4.0,37.6,28.9,51
2002-04-03,1.7,5.2,88,17.60,198,0.44,13.0,20.4,15.7,70
2002-04-04,3.3,5.3,77,7.40,256,1.84,9.0,29.9,21.2,51
2002-04-05,-0.1,3.7,67,0.00,277,2.02,0.0,20.9,13.9,40
2002-04-06,-1.8,-0.8,81,2.90,61,0.84,13.0,23.1,16.1,78
2002-04-07,-2.0,1.6,66,0.00,351,1.87,0.0,15.4,13.0,40
2002-04-08,0.4,5.4,64,0.00,197,1.86,0.0,15.3,12.2,52
2002-04-09,3.4,7.6,91,3.30,186,0.62,13.0,33.1,21.6,80
2002-04-10,6.4,7.9,82,5.90,247,1.61,11.0,32.6,22.8,56
2002-04-11,1.8,5.2,63,0.00,305,2.64,0.0,16.4,11.0,43
2002-04-12,4.2,9.9,61,0.00,205,2.76,0.0,32.4,22.1,48
2002-04-13,8.6,14.5,82,1.40,236,1.66,4.0,33.5,24.9,65
2002-04-14,3.0,8.1,89,16.10,57,0.45,16.0,27.5,18.2,71
2002-04-15,1.0,3.4,90,5.80,44,0.81,6.0,19.6,10.3,82
2002-04-16,5.6,14.9,91,0.20,248,1.47,1.0,16.0,11.8,67
2002-04-17,5.7,12.0,81,1.70,17,1.79,6.0,20.2,17.1,61
2002-04-18,-0.2,1.8,76,3.80,142,0.74,6.0,10.8,6.7,70
2002-04-19,4.5,10.2,86,2.50,200,1.84,3.0,27.5,12.9,69
2002-04-20,6.0,7.8,67,0.00,271,2.87,0.0,28.1,19.2,34
2002-04-21,0.9,3.7,46,0.00,304,2.60,0.0,26.4,19.8,38
2002-04-22,1.4,4.5,62,0.00,338,2.31,0.0,20.0,14.8,51
2002-04-23,0.4,1.7,82,3.20,38,1.14,7.0,24.5,17.7,72
2002-04-24,1.7,4.9,74,1.00,30,2.25,3.0,17.4,12.4,56
2002-04-25,1.2,4.5,75,0.00,104,2.35,0.0,17.3,9.5,59
2002-04-26,0.7,2.2,87,6.10,90,0.87,10.0,22.8,16.9,77
2002-04-27,3.3,7.4,68,2.00,283,2.51,7.0,30.0,22.8,39
2002-04-28,3.0,8.1,48,0.00,276,3.55,0.0,23.7,16.1,37
2002-04-29,0.7,3.3,86,16.20,47,0.60,21.0,34.9,24.8,66
2002-04-30,1.5,3.8,74,2.90,14,1.77,12.0,30.9,17.3,58
2002-05-01,3.7,9.3,77,1.70,214,2.46,7.0,20.5,13.4,59
2002-05-02,5.7,11.4,80,3.60,210,2.43,7.0,18.5,13.7,41
2002-05-03,2.9,6.8,96,9.10,115,0.86,23.0,17.1,11.5,77
2002-05-04,5.7,10.0,63,0.60,298,3.36,4.0,28.6,24.2,34
2002-05-05,4.8,10.9,49,0.00,243,3.31,0.0,18.5,12.1,41
2002-05-06,10.4,17.3,68,0.00,209,3.70,0.0,24.6,21.5,47
2002-05-07,10.7,18.0,82,4.50,198,2.87,7.0,32.5,19.0,51
2002-05-08,9.3,12.2,60,1.30,278,3.87,4.0,31.1,22.0,32
2002-05-09,5.4,9.0,59,0.00,44,3.34,0.0,18.4,12.6,49
2002-05-10,10.0,17.3,79,13.20,188,2.34,10.0,23.3,18.0,56
2002-05-11,8.3,13.7,52,0.00,281,3.51,0.0,28.3,22.1,39
2002-05-12,5.3,9.6,53,0.00,298,3.93,0.0,21.5,14.0,40
2002-05-13,4.4,8.0,68,0.00,71,3.03,0.0,14.8,8.5,53
2002-05-14,2.0,3.8,82,16.60,93,0.74,12.0,34.0,23.6,67
2002-05-15,5.3,9.0,95,7.20,134,1.72,15.0,22.4,12.7,83
2002-05-16,7.6,15.0,70,0.00,284,3.17,0.0,22.6,18.7,36
2002-05-17,9.0,11.5,89,6.10,247,1.69,17.0,13.2,10.5,76
2002-05-18,7.1,9.8,73,0.80,246,1.89,3.0,19.3,10.9,55
2002-05-19,6.8,11.4,84,6.30,333,2.54,21.0,12.2,8.2,65
2002-05-20,8.4,12.0,72,0.00,229,3.25,0.0,15.8,10.6,50
2002-05-21,7.1,9.6,83,1.90,64,2.61,3.0,12.5,8.0,73
2002-05-22,10.2,17.5,66,0.40,257,4.46,1.0,16.2,13.3,30
2002-05-23,14.4,21.4,51,0.00,228,5.91,0.0,27.3,23.9,34
2002-05-24,15.9,21.8,60,0.20,214,5.36,1.0,28.4,24.9,44
2002-05-25,10.1,15.1,61,6.80,333,4.10,7.0,24.5,16.4,40
2002-05-26,10.0,15.4,65,0.50,180,3.50,2.0,29.4,17.3,43
2002-05-27,12.9,19.0,73,0.00,220,4.21,0.0,27.8,14.0,48
2002-05-28,14.9,19.3,71,0.00,262,4.16,0.0,13.3,8.6,45
2002-05-29,16.1,22.4,69,0.00,186,5.07,0.0,21.7,13.1,41
2002-05-30,15.8,19.9,87,6.70,218,2.27,8.0,26.0,22.4,71
2002-05-31,16.2,22.2,89,8.40,207,3.00,10.0,28.0,19.3,65
2002-06-01,17.2,21.7,77,4.40,218,4.17,6.0,28.0,24.7,49
2002-06-02,13.9,17.6,61,0.10,247,4.33,1.0,24.1,19.3,40
2002-06-03,9.4,11.2,60,0.00,296,3.04,0.0,24.9,20.4,51
2002-06-04,10.1,15.3,55,0.00,303,4.84,0.0,18.3,12.3,43
2002-06-05,10.5,12.1,76,4.00,197,1.68,9.0,28.2,19.6,61
2002-06-06,12.5,15.3,83,7.50,260,1.95,13.0,25.2,12.9,61
2002-06-07,10.5,12.8,61,0.00,19,3.12,0.0,16.1,12.9,52
2002-06-08,10.4,15.1,66,0.00,134,4.16,0.0,20.5,9.8,48
2002-06-09,13.3,17.2,74,3.30,205,3.05,12.0,22.2,18.9,61
2002-06-10,12.2,14.1,85,1.60,348,2.09,9.0,21.2,17.7,65
2002-06-11,11.3,15.6,79,1.20,186,2.86,4.0,12.2,7.8,62
2002-06-12,12.2,15.8,81,0.00,168,3.23,0.0,14.6,9.2,57
2002-06-13,13.2,17.6,72,0.00,223,3.91,0.0,16.2,13.1,49
2002-06-14,12.2,16.7,72,0.00,77,4.41,0.0,17.4,9.1,39
2002-06-15,9.6,11.1,74,0.00,69,2.74,0.0,24.0,14.7,64
2002-06-16,8.7,9.6,90,14.60,83,0.88,23.0,24.9,19.1,80
2002-06-17,10.0,12.1,84,0.00,339,2.06,0.0,12.3,7.9,70
2002-06-18,11.2,12.7,89,4.50,100,1.68,9.0,13.6,10.5,83
2002-06-19,12.5,17.2,81,0.00,39,3.51,0.0,13.3,8.5,59
2002-06-20,17.2,24.2,70,0.00,216,5.38,0.0,15.6,10.6,41
2002-06-21,20.5,27.3,65,0.00,223,6.16,0.0,24.6,21.7,49
2002-06-22,18.9,22.6,62,0.20,296,5.64,1.0,24.2,17.2,41
2002-06-23,16.2,22.7,66,0.00,168,4.75,0.0,24.9,14.0,47
2002-06-24,14.8,18.2,80,9.20,270,2.09,15.0,40.1,30.1,65
2002-06-25,16.3,22.7,63,0.00,325,5.55,0.0,32.3,16.7,41
2002-06-26,19.5,26.0,64,0.00,229,5.69,0.0,15.1,11.8,34
2002-06-27,20.1,24.8,83,13.10,214,3.42,10.0,24.5,19.5,59
2002-06-28,19.1,22.9,84,3.40,152,3.71,6.0,18.1,10.3,72
2002-06-29,16.8,19.7,79,0.00,41,4.57,0.0,16.7,12.2,60
2002-06-30,18.1,24.8,70,0.00,177,5.04,0.0,18.4,8.3,42
2002-07-01,19.2,21.9,79,3.50,208,3.69,8.0,20.3,15.6,68
2002-07-02,19.0,24.2,83,0.00,184,4.10,0.0,16.1,11.5,69
2002-07-03,24.3,29.8,78,0.00,214,5.12,0.0,16.3,11.6,47
2002-07-04,20.5,22.5,95,9.80,101,2.05,9.0,13.0,8.0,84
2002-07-05,20.6,23.3,94,20.30,216,3.02,12.0,15.8,10.6,80
2002-07-06,17.1,18.3,91,5.70,236,2.47,17.0,10.5,6.0,81
2002-07-07,17.3,19.0,87,9.80,161,2.83,8.0,10.3,7.3,83
2002-07-08,18.4,24.0,83,0.50,243,4.00,3.0,15.0,8.4,57
2002-07-09,20.6,22.8,82,3.30,229,2.96,9.0,18.1,14.5,71
2002-07-10,18.1,20.9,69,0.30,302,4.35,2.0,15.1,12.3,51
2002-07-11,14.6,16.3,61,0.00,295,3.48,0.0,29.5,21.1,56
2002-07-12,16.7,22.5,67,0.80,277,4.36,1.0,17.7,12.3,54
2002-07-13,18.7,20.6,79,3.40,228,3.08,9.0,16.9,14.4,69
2002-07-14,17.2,18.8,89,0.70,239,2.77,4.0,16.0,10.9,79
2002-07-15,18.3,23.3,86,0.50,187,3.05,1.0,20.1,16.0,65
2002-07-16,17.6,19.3,84,1.30,117,2.90,5.0,17.8,14.6,74
2002-07-17,17.2,22.3,80,0.00,37,4.23,0.0,19.9,9.4,57
2002-07-18,19.2,22.3,77,4.00,246,3.45,6.0,21.7,17.5,57
2002-07-19,16.6,18.8,66,0.00,48,4.54,0.0,18.3,13.4,50
2002-07-20,15.7,17.6,74,1.40,53,3.65,3.0,22.7,15.9,59
2002-07-21,17.5,23.6,70,0.00,213,4.65,0.0,16.9,9.6,49
2002-07-22,20.9,25.9,72,0.00,210,5.17,0.0,31.1,23.5,61
2002-07-23,21.9,28.3,82,29.40,229,4.22,5.0,29.3,22.3,67
2002-07-24,16.8,18.8,61,0.60,344,5.11,2.0,22.0,16.0,44
2002-07-25,16.0,19.3,67,0.00,76,4.64,0.0,13.7,7.9,49
2002-07-26,16.8,21.0,64,0.00,156,4.86,0.0,15.1,9.3,46
2002-07-27,16.3,19.2,72,0.00,173,3.44,0.0,15.1,11.5,59
2002-07-28,17.9,21.0,77,0.00,221,2.85,0.0,11.0,7.8,67
2002-07-29,18.1,20.0,90,6.20,184,1.58,8.0,17.6,15.1,81
2002-07-30,19.9,22.6,92,0.80,219,1.78,5.0,14.5,7.8,80
2002-07-31,20.0,22.7,89,4.50,291,3.07,12.0,18.1,14.0,69
2002-08-01,17.0,18.3,85,0.00,37,1.95,0.0,14.1,10.8,75
2002-08-02,16.9,19.6,75,0.00,114,3.05,0.0,13.2,9.6,65
2002-08-03,19.5,25.2,77,0.50,212,3.02,3.0,23.3,17.3,56
2002-08-04,20.9,25.1,82,1.10,225,3.84,3.0,15.6,9.8,65
2002-08-05,21.9,26.3,80,10.10,220,4.03,3.0,19.2,17.5,59
2002-08-06,17.7,19.9,88,1.70,346,1.80,9.0,19.1,14.6,77
2002-08-07,15.2,16.7,89,25.80,306,1.76,22.0,27.5,21.7,66
2002-08-08,15.2,18.2,66,0.00,273,3.37,0.0,17.9,11.3,56
2002-08-09,15.9,20.1,71,0.00,304,4.26,0.0,12.6,10.2,51
2002-08-10,19.6,25.3,73,0.00,224,4.48,0.0,18.3,13.5,54
2002-08-11,22.4,28.2,73,0.00,223,4.89,0.0,18.3,15.8,57
2002-08-12,23.1,28.2,72,0.00,226,4.98,0.0,20.6,17.0,56
2002-08-13,23.4,28.2,77,0.00,233,4.59,0.0,18.7,13.4,56
2002-08-14,24.0,29.2,84,0.00,201,4.44,0.0,11.0,5.8,58
2002-08-15,25.9,31.7,76,0.00,217,5.15,0.0,18.6,14.1,54
2002-08-16,24.7,28.3,76,0.00,217,4.63,0.0,20.7,17.0,65
2002-08-17,24.7,28.2,75,0.10,236,4.13,1.0,21.2,13.4,50
2002-08-18,23.6,27.1,72,0.00,138,4.44,0.0,15.6,8.1,55
2002-08-19,23.4,26.6,71,1.10,205,4.41,3.0,18.3,11.0,55
2002-08-20,21.0,22.2,73,0.00,322,1.97,0.0,10.7,5.0,61
2002-08-21,19.4,23.7,61,0.00,313,4.91,0.0,16.7,11.6,41
2002-08-22,19.6,23.0,69,0.90,218,3.40,2.0,23.2,18.5,54
2002-08-23,16.6,19.3,69,2.10,311,4.03,3.0,20.7,15.6,44
2002-08-24,17.6,22.2,67,0.00,188,4.06,0.0,14.8,8.9,42
2002-08-25,17.9,20.4,75,0.90,199,2.85,4.0,12.3,6.0,63
2002-08-26,18.5,23.7,67,0.00,254,4.48,0.0,19.8,16.5,45
2002-08-27,17.8,20.1,64,0.00,293,3.82,0.0,16.8,14.8,45
2002-08-28,15.7,18.3,68,0.00,358,3.88,0.0,18.0,15.7,56
2002-08-29,16.5,22.1,73,0.00,186,3.65,0.0,15.5,10.0,51
2002-08-30,16.6,19.6,74,0.00,287,2.61,0.0,26.3,19.5,65
2002-08-31,13.6,16.5,57,0.00,28,4.13,0.0,23.2,14.8,42
2002-09-01,15.9,22.8,60,0.00,220,4.63,0.0,19.6,17.8,40
2002-09-02,17.1,21.3,63,0.00,225,3.78,0.0,22.2,18.7,56
2002-09-03,18.0,23.3,72,0.00,217,3.50,0.0,17.8,15.0,54
2002-09-04,19.3,22.8,83,6.80,174,2.45,10.0,20.2,17.5,71
2002-09-05,17.6,20.4,80,11.60,278,2.52,9.0,25.9,17.3,56
2002-09-06,15.0,19.8,60,0.00,298,4.16,0.0,25.1,18.4,51
2002-09-07,15.7,18.1,68,0.00,350,2.55,0.0,16.6,9.2,60
2002-09-08,18.7,25.1,77,0.20,220,2.89,1.0,23.7,17.1,55
2002-09-09,15.9,18.8,89,3.30,95,0.89,13.0,15.2,12.0,85
2002-09-10,21.4,27.2,81,0.00,242,3.57,0.0,21.8,14.4,59
2002-09-11,14.9,19.8,90,10.70,55,0.95,13.0,42.3,24.5,85
2002-09-12,11.0,14.3,78,47.10,345,2.03,17.0,45.1,34.8,42
2002-09-13,12.1,17.1,69,1.90,241,2.39,4.0,28.2,22.2,55
2002-09-14,12.7,16.2,58,0.00,279,3.64,0.0,23.2,14.6,42
2002-09-15,15.0,18.1,83,10.40,203,1.21,11.0,30.0,20.6,62
2002-09-16,11.6,15.3,89,16.70,33,0.64,18.0,21.8,19.1,80
2002-09-17,12.3,18.3,84,0.00,248,2.31,0.0,16.4,12.1,60
2002-09-18,13.2,15.9,67,0.00,341,3.05,0.0,16.1,11.4,47
2002-09-19,13.7,19.2,72,0.00,233,3.05,0.0,16.6,11.5,54
2002-09-20,16.7,21.0,84,0.00,216,2.35,0.0,34.0,22.2,70
2002-09-21,20.4,23.6,88,0.00,231,1.73,0.0,29.4,16.2,79
2002-09-22,19.7,22.9,88,0.00,215,2.02,0.0,17.4,14.7,76
2002-09-23,18.8,21.0,89,6.60,204,1.31,7.0,27.9,20.1,81
2002-09-24,14.8,18.5,79,19.80,12,1.60,8.0,21.0,13.9,64
2002-09-25,14.0,17.4,71,0.00,346,2.70,0.0,11.9,8.7,48
2002-09-26,14.0,18.4,71,0.00,183,2.79,0.0,14.8,9.5,52
2002-09-27,13.6,17.1,76,1.90,190,2.10,2.0,15.1,11.9,63
2002-09-28,14.3,17.7,86,31.50,354,1.45,13.0,27.8,16.7,53
2002-09-29,9.6,12.7,47,0.00,309,3.60,0.0,28.2,23.2,33
2002-09-30,8.9,13.5,58,0.00,268,2.83,0.0,20.9,15.6,43
2002-10-01,15.3,21.9,83,6.20,231,2.26,6.0,27.5,19.6,66
2002-10-02,18.4,22.9,83,2.10,253,2.26,3.0,27.2,19.6,69
2002-10-03,12.0,17.9,57,0.00,344,2.63,0.0,24.0,19.1,39
2002-10-04,8.0,11.8,56,0.00,264,2.62,0.0,21.4,12.6,40
2002-10-05,14.6,20.6,76,2.60,209,1.92,4.0,38.7,29.1,66
2002-10-06,11.1,18.1,51,0.00,294,3.21,0.0,24.5,18.5,37
2002-10-07,10.6,13.8,72,1.00,153,1.67,4.0,26.1,17.9,65
2002-10-08,9.2,13.3,60,0.70,278,2.62,2.0,26.0,22.1,40
2002-10-09,5.6,8.0,58,0.00,328,2.15,0.0,18.1,12.8,47
2002-10-10,7.0,8.7,61,0.00,122,1.55,0.0,10.4,8.6,52
2002-10-11,9.2,11.5,77,0.10,181,0.99,1.0,12.8,9.3,67
2002-10-12,10.0,11.5,85,1.00,65,0.95,6.0,11.5,8.2,77
2002-10-13,11.1,13.5,84,0.00,139,1.64,0.0,16.1,12.3,63
2002-10-14,9.5,11.0,76,10.20,248,1.47,8.0,30.9,20.4,38
2002-10-15,5.4,9.1,51,0.00,295,2.54,0.0,24.8,19.6,37
2002-10-16,6.0,8.2,68,0.00,42,1.35,0.0,20.2,11.1,58
2002-10-17,9.5,12.8,92,22.20,116,0.57,18.0,39.0,26.9,77
2002-10-18,7.4,11.7,82,1.50,281,1.40,4.0,20.3,12.7,55
2002-10-19,5.2,8.4,69,3.60,244,1.69,4.0,24.8,19.7,45
2002-10-20,6.2,8.4,78,6.20,266,1.20,6.0,26.1,22.4,51
2002-10-21,2.9,5.5,56,0.00,274,2.00,0.0,29.4,23.5,42
2002-10-22,3.3,7.2,62,0.00,271,1.89,0.0,26.2,22.3,45
2002-10-23,4.3,6.6,74,2.30,314,1.20,8.0,23.6,18.1,60
2002-10-24,4.4,5.3,76,1.50,15,1.08,10.0,17.2,14.6,58
2002-10-25,3.4,6.1,70,0.00,329,1.21,0.0,11.6,9.2,45
2002-10-26,3.3,5.6,71,0.00,157,1.07,0.0,17.9,11.9,56
2002-10-27,5.2,6.3,88,9.40,75,0.55,19.0,21.1,18.3,73
2002-10-28,4.0,7.3,81,4.20,311,1.12,9.0,28.4,23.1,55
2002-10-29,1.6,3.7,62,0.00,304,1.74,0.0,35.8,30.6,49
2002-10-30,1.2,3.6,63,0.00,314,1.49,0.0,31.9,24.7,58
2002-10-31,1.1,4.5,63,0.00,302,1.43,0.0,19.4,17.0,45
2002-11-01,1.0,4.3,65,0.00,255,1.14,0.0,16.1,11.2,52
2002-11-02,0.7,2.2,83,10.80,260,0.66,14.0,46.0,19.6,68
2002-11-03,-2.9,-0.9,68,3.10,309,1.10,8.0,46.3,31.2,52
2002-11-04,-3.5,-0.8,71,0.00,283,0.90,0.0,27.6,14.7,57
2002-11-05,-0.9,1.9,76,0.00,92,0.60,0.0,9.7,5.5,62
2002-11-06,1.3,2.1,78,0.00,127,0.74,0.0,25.2,18.4,72
2002-11-07,0.5,1.7,77,1.20,4,0.76,7.0,34.5,20.0,61
2002-11-08,-5.4,0.9,62,0.00,269,1.06,0.0,33.1,21.9,45
2002-11-09,2.7,3.9,85,0.00,237,0.52,0.0,20.2,15.2,80
2002-11-10,5.3,9.1,95,1.00,169,0.38,5.0,21.6,13.0,88
2002-11-11,12.9,15.4,96,2.50,201,0.36,9.0,33.9,28.2,93
2002-11-12,9.2,14.9,80,1.60,264,0.94,3.0,29.2,14.7,61
2002-11-13,3.0,5.2,95,28.00,50,0.21,24.0,22.9,19.2,76
2002-11-14,1.8,3.2,95,25.60,0,0.22,19.0,22.8,18.6,84
2002-11-15,2.2,7.1,88,0.00,237,0.64,0.0,20.2,15.0,79
2002-11-16,-0.9,5.4,62,0.10,327,1.02,1.0,24.0,17.1,45
2002-11-17,-1.4,-0.5,75,26.30,69,0.49,11.0,37.0,21.7,61
2002-11-18,0.4,2.6,90,37.70,72,0.44,17.0,41.3,33.7,74
2002-11-19,-3.2,-1.8,74,0.00,287,0.83,0.0,34.3,18.3,67
2002-11-20,-0.9,2.4,88,0.80,178,0.29,4.0,13.1,11.5,80
2002-11-21,0.5,2.1,96,0.00,206,0.42,0.0,11.7,8.6,90
2002-11-22,0.8,1.3,99,12.70,39,0.12,13.0,19.5,11.9,98
2002-11-23,1.6,3.6,99,10.70,331,0.23,17.0,24.5,11.1,94
2002-11-24,0.3,2.0,70,0.20,265,1.19,1.0,41.8,36.3,65
2002-11-25,0.4,2.0,76,0.00,279,0.96,0.0,34.4,23.3,72
2002-11-26,-2.5,-0.3,76,0.00,255,0.71,0.0,18.3,17.2,59
2002-11-27,-4.5,-3.0,72,0.00,276,0.58,0.0,18.0,13.5,62
2002-11-28,-7.5,-5.2,71,0.00,289,0.59,0.0,23.0,20.3,59
2002-11-29,-8.4,-5.1,71,0.00,260,0.58,0.0,21.7,15.9,57
2002-11-30,-2.0,1.2,82,3.10,176,0.55,9.0,23.4,14.6,58
2002-12-01,-0.1,0.9,97,4.80,117,0.18,15.0,18.8,8.9,89
2002-12-02,-4.2,0.2,79,7.30,253,0.53,16.0,33.1,26.9,62
2002-12-03,-9.7,-7.6,75,0.10,307,0.38,1.0,26.0,15.0,68
2002-12-04,-10.1,-8.9,68,0.00,287,0.60,0.0,28.3,24.8,57
2002-12-05,-12.8,-8.0,71,0.00,257,0.46,0.0,20.9,18.1,57
2002-12-06,-10.4,-7.2,78,0.00,296,0.33,0.0,13.5,9.5,69
2002-12-07,-7.2,1.1,78,0.00,211,0.53,0.0,25.3,17.1,67
2002-12-08,-1.0,1.5,78,0.00,227,0.65,0.0,25.1,17.4,69
2002-12-09,-14.8,-1.0,59,0.00,275,0.53,0.0,36.1,28.3,53
2002-12-10,-9.7,-4.2,64,0.00,234,0.69,0.0,24.0,21.8,58
2002-12-11,-6.1,-3.3,81,0.00,269,0.45,0.0,20.4,13.1,71
2002-12-12,-4.7,-1.3,85,0.00,166,0.31,0.0,15.0,9.6,78
2002-12-13,-3.2,1.3,86,0.00,255,0.43,0.0,12.8,9.1,75
2002-12-14,-1.5,0.3,91,5.10,145,0.23,5.0,24.2,11.0,87
2002-12-15,0.8,1.6,93,23.30,357,0.26,19.0,36.3,24.0,81
2002-12-16,-3.0,-0.1,77,0.00,338,0.54,0.0,23.3,19.7,71
2002-12-17,-7.2,-6.3,73,0.50,351,0.60,5.0,29.5,25.6,64
2002-12-18,-5.9,-2.6,56,0.00,315,1.08,0.0,28.5,25.4,47
2002-12-19,-3.2,-0.1,51,0.00,303,1.36,0.0,28.9,24.7,46
2002-12-20,-2.3,0.2,77,0.60,132,0.42,3.0,19.1,10.6,65
2002-12-21,3.3,6.8,88,20.00,188,0.50,16.0,33.4,26.0,70
2002-12-22,-0.7,1.8,78,0.00,237,0.68,0.0,22.2,19.0,69
2002-12-23,-1.4,0.1,81,0.00,242,0.53,0.0,19.8,15.5,72
2002-12-24,-4.7,-3.1,75,0.00,277,0.57,0.0,26.1,17.7,63
2002-12-25,-7.5,-5.0,76,0.00,276,0.48,0.0,20.4,11.8,67
2002-12-26,-3.8,-2.5,80,14.00,19,0.50,14.0,34.8,29.0,72
2002-12-27,-8.6,-6.0,66,0.00,314,0.72,0.0,34.6,29.6,56
2002-12-28,-9.4,-4.9,70,0.00,261,0.53,0.0,20.9,15.4,63
2002-12-29,-6.2,-1.7,81,0.00,275,0.44,0.0,20.1,14.2,72
2002-12-30,-9.8,-3.8,69,0.00,310,0.57,0.0,28.3,25.5,61
2002-12-31,-12.4,-6.8,74,2.20,249,0.35,3.0,19.1,12.1,59
2003-01-01,-1.7,0.8,83,12.30,256,0.54,12.0,22.4,17.5,64
2003-01-02,-8.8,-5.5,72,0.00,343,0.50,0.0,28.9,22.1,65
2003-01-03,-9.9,-6.4,67,0.00,315,0.49,0.0,21.9,12.6,54
2003-01-04,-7.3,-3.0,80,5.90,60,0.33,9.0,36.5,20.0,67
2003-01-05,-4.2,-3.3,79,6.50,24,0.52,11.0,36.9,22.6,67
2003-01-06,-7.1,-3.6,83,0.00,178,0.32,0.0,9.9,7.2,75
2003-01-07,-5.0,-3.4,86,0.40,5,0.33,3.0,21.3,13.2,77
2003-01-08,-7.0,-5.3,81,0.00,288,0.43,0.0,22.2,18.2,66
2003-01-09,-10.2,-7.0,74,0.00,260,0.44,0.0,22.5,19.3,56
2003-01-10,-14.9,-11.9,70,0.00,269,0.39,0.0,25.3,13.6,57
2003-01-11,-13.1,-11.3,71,0.30,284,0.38,3.0,23.7,15.3,63
2003-01-12,-14.7,-9.7,70,0.00,250,0.44,0.0,24.0,21.6,57
2003-01-13,-11.7,-8.3,72,0.50,243,0.45,2.0,19.9,16.8,60
2003-01-14,-11.9,-8.7,72,4.30,297,0.39,7.0,22.0,17.0,54
2003-01-15,-17.5,-14.2,69,0.00,263,0.34,0.0,17.7,13.8,54
2003-01-16,-16.3,-13.2,69,0.00,275,0.35,0.0,19.8,15.4,55
2003-01-17,-16.6,-13.6,76,0.50,263,0.27,4.0,18.7,12.8,70
2003-01-18,-18.5,-15.2,68,0.00,304,0.35,0.0,23.0,15.9,52
2003-01-19,-16.1,-9.8,76,0.00,175,0.35,0.0,15.6,13.2,67
2003-01-20,-9.0,-7.0,86,1.40,328,0.26,12.0,10.5,7.4,73
2003-01-21,-12.1,-9.0,68,0.00,263,0.52,0.0,43.0,29.9,55
2003-01-22,-18.3,-15.5,59,0.00,261,0.47,0.0,36.9,32.8,54
2003-01-23,-9.4,-5.0,74,0.10,281,0.60,1.0,30.4,17.5,66
2003-01-24,-12.3,-9.4,74,0.00,323,0.43,0.0,24.0,19.0,55
2003-01-25,-16.2,-11.0,66,0.00,267,0.46,0.0,20.3,17.5,52
2003-01-26,-10.7,-4.3,78,0.70,203,0.42,4.0,17.4,14.1,71
2003-01-27,-4.8,-3.5,91,9.20,354,0.25,23.0,23.2,12.0,80
2003-01-28,-14.3,-9.4,67,1.10,296,0.49,5.0,25.7,23.4,56
2003-01-29,-13.4,-8.6,63,0.00,247,0.64,0.0,29.7,22.8,56
2003-01-30,-12.0,-9.0,77,0.00,218,0.50,0.0,15.4,10.7,60
2003-01-31,-9.6,-4.1,82,0.00,186,0.50,0.0,13.7,10.9,74
2003-02-01,-6.9,-4.3,90,3.50,31,0.25,8.0,18.0,13.6,84
2003-02-02,-3.6,-1.2,92,39.90,29,0.20,22.0,44.5,27.5,91
2003-02-03,-0.9,-0.3,84,16.80,341,0.55,16.0,40.6,29.0,70
2003-02-04,-6.7,-3.7,81,0.80,3,0.49,4.0,28.0,15.5,73
2003-02-05,-2.6,4.0,71,7.70,221,0.95,8.0,35.7,33.0,54
2003-02-06,-13.2,-10.5,58,0.00,260,0.71,0.0,33.2,27.2,48
2003-02-07,-13.5,-9.7,74,1.00,241,0.48,6.0,26.0,13.1,60
2003-02-08,-11.5,-8.2,73,1.60,303,0.61,7.0,20.6,16.5,49
2003-02-09,-7.9,-3.1,70,0.00,229,0.81,0.0,24.0,18.7,57
2003-02-10,-9.6,-5.8,73,0.00,216,0.68,0.0,19.0,13.9,54
2003-02-11,-8.2,-6.9,78,2.50,318,0.48,9.0,21.9,14.4,53
2003-02-12,-15.2,-11.5,73,0.70,140,0.43,4.0,17.1,11.2,63
2003-02-13,-15.4,-11.3,66,6.10,275,0.47,8.0,31.5,26.5,47
2003-02-14,-23.9,-20.9,52,0.00,269,0.40,0.0,36.0,31.5,41
2003-02-15,-23.8,-20.7,53,0.00,277,0.39,0.0,31.8,29.3,45
2003-02-16,-21.3,-16.2,55,0.00,293,0.50,0.0,26.6,21.5,42
2003-02-17,-19.3,-14.3,61,0.00,286,0.54,0.0,20.2,12.0,49
2003-02-18,-13.9,-9.0,72,0.00,109,0.56,0.0,11.4,8.3,59
2003-02-19,-9.6,-6.4,78,0.00,111,0.45,0.0,16.0,8.3,72
2003-02-20,-1.7,1.6,77,0.00,232,1.14,0.0,25.2,19.5,54
2003-02-21,-0.9,0.4,68,0.00,256,1.25,0.0,28.2,21.8,52
2003-02-22,-9.5,-5.8,73,0.00,25,0.44,0.0,14.2,9.1,66
2003-02-23,-8.0,-1.4,87,24.90,79,0.26,21.0,27.8,23.0,81
2003-02-24,-5.6,-0.7,69,4.70,267,0.98,7.0,39.2,30.3,50
2003-02-25,-11.2,-8.6,62,0.00,278,0.74,0.0,29.3,19.0,48
2003-02-26,-17.1,-14.0,57,0.00,289,0.68,0.0,30.3,22.9,43
2003-02-27,-16.0,-9.7,63,0.00,269,0.74,0.0,16.0,12.1,43
2003-02-28,-13.4,-7.9,70,0.00,268,0.88,0.0,13.3,7.6,52
2003-03-01,-9.9,-3.0,74,0.00,206,1.02,0.0,12.8,9.3,59
2003-03-02,-4.3,1.1,82,1.10,179,0.84,2.0,24.7,17.3,69
2003-03-03,-4.0,2.6,78,25.00,247,0.74,12.0,38.2,28.4,52
2003-03-04,-16.6,-11.4,54,0.00,263,0.79,0.0,39.0,28.1,43
2003-03-05,-10.4,-8.0,75,5.70,207,0.53,15.0,19.7,13.2,62
2003-03-06,-8.3,-6.0,75,8.90,1,0.87,10.0,22.7,18.0,51
2003-03-07,-12.8,-8.3,59,0.00,288,0.93,0.0,25.2,17.4,40
2003-03-08,-6.9,-1.2,67,0.30,235,1.33,3.0,20.2,16.0,52
2003-03-09,-0.6,3.9,81,5.40,209,0.82,9.0,32.7,22.9,67
2003-03-10,-12.4,-3.1,56,0.00,272,0.95,0.0,29.8,21.5,41
2003-03-11,-12.2,-6.4,63,0.00,232,0.96,0.0,27.5,21.9,47
2003-03-12,-4.0,1.9,70,0.90,222,1.17,5.0,30.9,20.2,55
2003-03-13,-6.4,-0.5,66,0.40,297,1.12,2.0,24.0,15.6,40
2003-03-14,-12.1,-9.8,63,0.00,326,0.80,0.0,25.7,18.1,46
2003-03-15,-13.0,-7.5,60,0.00,285,1.00,0.0,19.1,16.9,38
2003-03-16,-10.9,-7.5,66,0.00,26,1.05,0.0,17.1,9.9,50
2003-03-17,-6.6,-3.8,85,4.70,94,0.80,11.0,18.4,10.5,78
2003-03-18,-5.2,-2.9,77,0.50,331,0.96,2.0,28.5,15.9,55
2003-03-19,-8.7,-3.8,60,0.00,328,1.39,0.0,25.9,17.2,43
2003-03-20,-3.8,4.5,67,0.00,237,1.76,0.0,21.5,17.7,50
2003-03-21,1.2,3.7,86,11.60,205,0.61,14.0,23.8,17.5,70
2003-03-22,1.6,4.6,88,0.00,284,1.54,0.0,18.6,10.7,74
2003-03-23,-0.9,1.0,91,0.00,77,1.02,0.0,16.0,11.3,83
2003-03-24,-1.9,2.9,88,0.00,55,1.47,0.0,15.0,8.3,67
2003-03-25,0.3,5.1,84,0.40,200,1.48,2.0,27.7,18.1,67
2003-03-26,2.2,4.3,86,7.20,222,0.89,10.0,26.8,17.4,81
2003-03-27,1.6,4.2,91,17.60,339,0.78,17.0,15.5,7.1,77
2003-03-28,1.7,5.5,77,0.70,279,2.03,5.0,18.7,13.4,52
2003-03-29,3.0,7.8,80,0.00,187,1.20,0.0,32.6,22.7,63
2003-03-30,5.1,8.6,93,22.00,228,0.50,20.0,34.6,17.5,87
2003-03-31,-0.7,0.2,92,47.20,5,0.36,24.0,29.2,23.5,85
2003-04-01,-3.8,-1.6,64,0.20,266,1.44,1.0,22.4,19.8,46
2003-04-02,-4.7,2.1,68,0.00,225,1.79,0.0,16.9,12.7,49
2003-04-03,-2.9,0.5,68,0.20,299,1.66,1.0,19.5,13.8,40
2003-04-04,-8.0,-4.6,61,0.00,315,1.44,0.0,20.9,17.5,42
2003-04-05,-7.8,-4.3,71,3.40,42,0.84,6.0,17.6,12.5,61
2003-04-06,-2.6,0.5,79,8.90,16,1.08,23.0,22.2,14.7,57
2003-04-07,-4.6,-2.0,59,0.00,295,1.69,0.0,26.4,21.6,39
2003-04-08,-4.8,-0.6,69,0.00,318,1.81,0.0,13.8,10.1,57
2003-04-09,-2.5,2.4,74,0.00,139,2.05,0.0,13.0,8.8,52
2003-04-10,-1.1,5.0,74,0.00,163,2.20,0.0,12.7,8.7,51
2003-04-11,2.5,8.1,67,0.00,210,2.59,0.0,27.8,18.8,46
2003-04-12,1.2,3.9,82,16.60,31,0.65,13.0,30.4,15.6,57
2003-04-13,0.1,0.8,71,7.30,356,1.56,7.0,33.5,25.2,54
2003-04-14,-1.7,3.1,69,0.00,288,2.26,0.0,16.9,10.2,46
2003-04-15,4.4,10.6,74,4.10,228,2.16,6.0,30.6,22.8,63
2003-04-16,1.6,5.3,77,2.30,327,1.41,7.0,26.3,14.9,52
2003-04-17,-8.3,-2.1,51,0.00,306,1.83,0.0,33.7,24.9,41
2003-04-18,-3.6,3.1,57,0.00,240,2.44,0.0,15.8,11.2,36
2003-04-19,2.0,6.5,67,0.00,214,2.14,0.0,18.5,13.1,54
2003-04-20,1.7,5.3,78,0.00,104,2.16,0.0,14.5,10.4,65
2003-04-21,4.7,11.1,75,0.00,160,2.52,0.0,20.2,13.6,57
2003-04-22,5.2,8.4,80,1.40,156,1.91,4.0,21.2,15.7,63
2003-04-23,2.3,3.6,98,5.90,54,0.54,8.0,14.0,8.8,96
2003-04-24,2.7,5.5,97,7.90,46,0.73,18.0,13.2,5.8,90
2003-04-25,3.4,4.9,87,0.00,139,1.44,0.0,17.1,11.2,79
2003-04-26,3.4,7.1,85,0.00,98,2.45,0.0,17.7,8.9,64
2003-04-27,1.8,2.4,96,8.80,74,0.39,12.0,17.7,13.4,93
2003-04-28,5.7,13.1,83,0.00,265,2.48,0.0,21.2,14.6,55
2003-04-29,6.4,11.8,86,0.80,272,2.51,2.0,18.2,9.6,73
2003-04-30,4.4,8.1,55,0.00,291,3.33,0.0,20.1,16.3,34
2003-05-01,2.7,8.6,69,4.20,171,1.80,6.0,15.7,10.8,43
2003-05-02,3.8,8.0,92,13.20,99,1.38,13.0,22.1,10.8,75
2003-05-03,3.5,7.4,85,8.60,24,1.82,13.0,21.9,14.3,60
2003-05-04,6.1,12.6,56,0.00,263,3.75,0.0,21.1,14.8,34
2003-05-05,4.8,10.7,67,0.00,101,3.36,0.0,15.5,8.9,46
2003-05-06,3.8,8.4,74,0.00,85,2.21,0.0,14.8,11.2,56
2003-05-07,6.1,9.4,95,18.60,159,0.58,23.0,23.7,16.4,82
2003-05-08,6.3,10.2,82,0.10,332,2.75,1.0,15.3,11.7,59
2003-05-09,3.3,5.2,86,1.30,354,0.82,5.0,23.8,18.8,78
2003-05-10,1.6,2.6,98,24.20,346,0.31,24.0,33.5,27.8,96
2003-05-11,3.0,4.1,88,1.00,7,0.95,7.0,32.5,22.6,83
2003-05-12,1.9,2.9,94,1.30,49,0.65,5.0,12.9,7.8,90
2003-05-13,1.8,3.1,97,6.80,8,0.42,17.0,13.7,12.2,95
2003-05-14,3.9,6.7,96,6.40,323,0.80,21.0,11.5,8.2,89
2003-05-15,3.7,4.8,85,0.70,21,1.51,5.0,22.6,16.8,70
2003-05-16,4.9,12.0,67,0.00,76,3.74,0.0,11.0,6.3,41
2003-05-17,10.5,18.3,64,0.00,204,4.60,0.0,13.5,9.6,43
2003-05-18,11.0,14.8,70,0.00,15,3.93,0.0,15.2,12.8,57
2003-05-19,11.7,22.1,69,0.00,138,4.74,0.0,12.5,5.6,35
2003-05-20,14.8,21.5,67,0.00,160,4.93,0.0,19.8,10.9,48
2003-05-21,16.9,23.7,63,0.00,199,4.97,0.0,19.7,15.3,45
2003-05-22,9.1,13.4,64,0.00,22,2.87,0.0,24.5,20.2,58
2003-05-23,6.7,8.8,82,0.00,35,1.96,0.0,18.4,12.6,73
2003-05-24,7.0,10.3,84,0.00,55,2.18,0.0,15.0,8.3,71
2003-05-25,7.0,9.5,87,4.70,66,1.53,5.0,19.2,12.7,76
2003-05-26,8.6,12.0,82,0.30,39,3.13,2.0,18.9,15.2,68
2003-05-27,9.6,14.9,83,1.80,149,2.40,5.0,9.3,6.0,58
2003-05-28,12.7,18.6,76,0.20,167,3.72,1.0,14.0,10.8,54
2003-05-29,9.0,11.8,95,13.20,74,0.71,17.0,12.6,9.5,87
2003-05-30,8.0,10.6,93,1.20,42,1.42,8.0,13.4,7.4,88
2003-05-31,8.2,10.1,91,0.50,32,1.24,3.0,10.7,8.5,85
2003-06-01,8.3,10.1,94,5.10,59,0.92,8.0,24.9,10.8,88
2003-06-02,10.2,14.7,86,24.50,331,1.75,17.0,32.9,22.9,47
2003-06-03,10.7,13.0,52,0.00,277,4.02,0.0,27.8,22.0,38
2003-06-04,11.2,18.2,54,0.00,269,4.86,0.0,16.6,12.4,33
2003-06-05,13.5,18.4,68,0.60,189,3.63,2.0,14.9,9.8,46
2003-06-06,12.2,19.1,87,25.00,1,1.76,19.0,23.9,14.9,54
2003-06-07,13.6,19.1,67,0.00,118,4.17,0.0,14.8,8.7,49
2003-06-08,12.8,15.6,86,0.10,58,3.31,1.0,13.5,8.9,77
2003-06-09,12.4,15.3,89,1.30,117,2.41,4.0,19.3,12.9,75
2003-06-10,14.7,19.5,76,1.10,235,3.50,4.0,23.5,19.1,45
2003-06-11,15.1,20.3,59,0.30,227,4.98,1.0,22.1,14.1,43
2003-06-12,14.5,17.0,81,3.80,269,3.19,7.0,26.4,14.9,64
2003-06-13,13.5,16.3,64,0.00,24,4.59,0.0,16.2,11.6,49
2003-06-14,11.3,12.5,75,6.70,132,1.64,8.0,19.8,15.5,65
2003-06-15,8.5,9.1,88,11.00,71,1.02,24.0,24.3,21.3,83
2003-06-16,11.0,15.9,81,2.50,28,3.12,7.0,18.3,10.5,59
2003-06-17,14.9,23.2,79,0.00,228,4.14,0.0,19.8,9.8,48
2003-06-18,19.1,25.1,67,0.00,228,5.28,0.0,24.9,19.8,53
2003-06-19,17.1,20.6,80,0.30,211,2.88,2.0,23.8,20.2,68
2003-06-20,17.2,20.6,76,0.00,331,4.72,0.0,16.0,11.4,53
2003-06-21,19.5,26.1,70,0.00,219,5.60,0.0,13.7,10.8,39
2003-06-22,20.6,26.4,71,0.00,209,5.35,0.0,17.4,11.8,44
2003-06-23,18.8,22.5,86,1.50,142,3.43,7.0,11.0,8.3,74
2003-06-24,15.9,18.6,75,0.10,63,3.73,1.0,13.6,9.9,60
2003-06-25,20.7,28.2,75,0.00,189,5.41,0.0,18.4,13.1,55
2003-06-26,22.5,26.4,81,0.00,215,5.25,0.0,18.9,11.7,71
2003-06-27,25.0,30.6,72,0.00,206,6.27,0.0,21.7,17.6,51
2003-06-28,22.3,25.4,76,3.00,209,3.38,6.0,21.2,11.6,64
2003-06-29,21.6,25.1,68,0.00,281,5.07,0.0,16.6,9.6,43
2003-06-30,19.9,24.7,76,3.90,177,4.19,4.0,16.1,12.7,55
2003-07-01,19.5,23.7,76,0.00,259,4.66,0.0,17.1,11.6,45
2003-07-02,18.5,21.0,64,2.10,300,4.79,7.0,16.5,10.8,36
2003-07-03,18.4,24.0,77,11.30,195,3.63,7.0,19.8,14.5,64
2003-07-04,19.6,24.1,91,14.80,221,2.97,13.0,21.7,14.5,74
2003-07-05,20.9,27.1,90,11.40,222,3.63,9.0,18.1,12.4,62
2003-07-06,21.8,25.2,80,0.00,274,4.38,0.0,15.0,12.9,50
2003-07-07,19.2,22.5,65,0.00,292,4.97,0.0,17.9,13.7,46
2003-07-08,19.1,23.4,75,1.00,147,4.20,4.0,23.4,16.4,54
2003-07-09,19.7,22.6,71,1.90,263,4.81,6.0,21.6,18.9,40
2003-07-10,18.2,22.7,57,0.00,285,5.67,0.0,17.1,13.4,40
2003-07-11,17.5,20.3,80,2.60,144,2.00,6.0,20.5,10.2,66
2003-07-12,17.0,21.2,88,14.80,149,2.06,14.0,25.6,16.2,79
2003-07-13,20.1,24.4,78,0.00,219,4.43,0.0,20.2,17.2,55
2003-07-14,20.6,24.0,76,0.00,216,4.44,0.0,16.8,14.0,58
2003-07-15,20.9,24.7,75,0.00,212,3.80,0.0,17.8,14.1,60
2003-07-16,21.0,24.8,78,2.30,209,4.16,6.0,16.3,12.4,58
2003-07-17,20.0,23.8,79,1.10,210,3.01,4.0,17.7,14.3,65
2003-07-18,21.2,24.3,81,3.10,212,4.16,3.0,15.5,10.4,63
2003-07-19,20.0,23.6,81,5.00,210,3.63,9.0,16.3,11.3,52
2003-07-20,20.1,23.5,75,0.50,203,4.47,2.0,13.0,9.9,58
2003-07-21,20.1,24.3,79,0.00,208,3.89,0.0,17.1,13.8,55
2003-07-22,20.3,24.7,71,1.00,194,3.46,4.0,28.5,20.2,66
2003-07-23,19.0,21.0,91,11.90,163,1.56,12.0,24.6,16.1,81
2003-07-24,17.6,19.0,95,10.80,67,1.07,18.0,18.4,8.3,90
2003-07-25,20.6,23.8,90,1.30,213,2.54,5.0,25.1,21.3,74
2003-07-26,20.7,24.0,77,0.30,238,3.83,1.0,28.1,21.0,59
2003-07-27,20.5,22.7,84,6.50,220,2.66,9.0,22.5,17.6,72
2003-07-28,18.8,20.8,66,0.20,248,4.41,1.0,37.5,29.4,55
2003-07-29,17.9,20.0,69,0.00,271,3.52,0.0,25.2,16.4,62
2003-07-30,17.1,19.3,82,0.20,85,3.16,2.0,13.3,9.1,72
2003-07-31,18.3,21.9,85,0.20,80,3.57,1.0,10.7,5.8,66
2003-08-01,20.2,24.0,85,0.00,183,3.24,0.0,11.0,9.1,70
2003-08-02,20.0,22.3,81,2.10,220,2.50,5.0,18.5,11.4,69
2003-08-03,18.7,21.5,90,0.00,155,2.16,0.0,7.7,5.2,77
2003-08-04,19.5,22.9,90,0.00,131,3.11,0.0,14.1,7.9,73
2003-08-05,17.8,18.6,90,9.50,82,1.30,16.0,25.9,19.8,82
2003-08-06,17.5,18.7,97,34.80,101,0.59,22.0,24.0,18.5,95
2003-08-07,20.6,23.4,95,6.20,164,2.25,6.0,15.4,11.0,85
2003-08-08,20.3,21.8,97,4.90,141,1.10,12.0,11.8,8.8,91
2003-08-09,20.6,22.3,97,0.50,86,2.02,3.0,11.4,6.7,88
2003-08-10,19.6,21.2,98,10.00,148,0.92,12.0,22.1,10.8,93
2003-08-11,22.2,25.0,93,7.10,230,2.18,6.0,23.8,15.4,79
2003-08-12,20.2,22.8,76,0.00,37,4.21,0.0,17.8,13.1,57
2003-08-13,20.5,25.5,78,0.00,211,3.94,0.0,17.1,13.6,61
2003-08-14,20.4,22.5,75,0.50,310,3.80,4.0,18.1,13.8,62
2003-08-15,19.7,23.4,73,0.00,249,4.07,0.0,14.2,7.1,55
2003-08-16,21.1,26.2,77,0.40,205,3.83,2.0,23.5,19.9,66
2003-08-17,18.7,22.0,84,1.90,355,2.12,10.0,25.9,18.0,68
2003-08-18,16.8,19.5,72,0.00,39,3.56,0.0,18.1,12.6,55
2003-08-19,19.5,26.3,72,0.00,233,4.72,0.0,20.0,14.3,48
2003-08-20,22.0,25.9,69,0.00,281,4.89,0.0,20.1,12.4,48
2003-08-21,20.9,24.0,81,0.00,102,3.86,0.0,15.3,9.6,64
2003-08-22,22.3,27.1,80,0.00,203,4.24,0.0,26.4,19.7,60
2003-08-23,20.0,22.7,72,0.20,250,4.13,1.0,23.5,18.1,49
2003-08-24,12.9,15.9,62,0.00,283,3.27,0.0,24.8,21.7,50
2003-08-25,13.3,17.7,56,0.00,286,4.37,0.0,23.8,18.8,40
2003-08-26,15.6,20.0,66,0.00,258,3.39,0.0,13.5,9.9,52
2003-08-27,16.9,21.1,87,7.60,205,1.68,12.0,22.2,15.9,75
2003-08-28,16.4,18.4,65,0.00,264,3.74,0.0,30.0,23.6,54
2003-08-29,14.6,18.4,63,0.00,259,3.43,0.0,21.9,15.9,50
2003-08-30,17.2,19.9,79,2.00,233,2.60,4.0,27.0,21.9,60
2003-08-31,14.6,19.0,61,0.00,284,3.85,0.0,19.5,14.1,44
2003-09-01,16.0,21.4,71,1.00,239,3.44,2.0,22.7,18.8,54
2003-09-02,14.0,17.5,68,0.00,304,3.47,0.0,15.9,11.5,42
2003-09-03,14.9,18.9,72,0.00,208,2.96,0.0,13.4,9.0,50
2003-09-04,14.0,16.5,79,14.90,172,1.34,10.0,17.3,14.5,65
2003-09-05,16.7,19.8,91,2.40,252,1.80,4.0,10.4,7.7,78
2003-09-06,17.0,20.3,79,0.00,271,2.97,0.0,11.8,8.3,58
2003-09-07,16.7,20.1,73,0.00,265,2.74,0.0,16.8,13.5,59
2003-09-08,14.0,16.2,61,0.00,314,3.47,0.0,19.4,17.2,44
2003-09-09,12.4,15.5,59,0.10,329,3.61,1.0,19.6,13.7,42
2003-09-10,14.0,19.6,65,0.00,254,3.32,0.0,24.5,19.6,48
2003-09-11,13.1,16.8,61,0.00,10,3.53,0.0,23.2,13.2,39
2003-09-12,16.0,24.0,68,0.00,234,3.76,0.0,16.5,13.7,47
2003-09-13,19.5,26.6,74,0.00,241,3.85,0.0,17.7,13.2,52
2003-09-14,20.1,25.9,71,0.00,234,3.90,0.0,16.9,13.0,47
2003-09-15,21.5,26.1,83,0.00,226,3.24,0.0,16.0,11.1,66
2003-09-16,21.1,24.0,79,0.00,220,3.14,0.0,16.0,13.7,58
2003-09-17,19.2,21.6,75,2.40,248,3.47,6.0,18.1,15.3,50
2003-09-18,17.2,22.7,67,0.00,268,3.54,0.0,14.6,9.4,50
2003-09-19,18.6,22.9,74,0.00,231,3.12,0.0,13.3,8.7,56
2003-09-20,18.0,21.8,76,0.90,180,2.51,2.0,11.8,9.1,56
2003-09-21,18.2,20.6,89,3.40,244,1.41,11.0,11.7,9.8,59
2003-09-22,16.2,18.9,81,0.00,43,2.38,0.0,12.9,7.8,67
2003-09-23,16.8,19.9,86,0.90,146,1.55,4.0,22.8,17.2,68
2003-09-24,18.5,20.4,76,2.50,212,3.10,5.0,27.8,21.5,49
2003-09-25,16.1,20.4,66,0.00,196,3.39,0.0,23.1,15.0,48
2003-09-26,15.4,17.6,77,0.00,208,1.98,0.0,22.0,11.0,53
2003-09-27,17.9,21.6,88,3.90,145,1.60,9.0,17.6,12.6,77
2003-09-28,18.5,20.4,84,0.10,136,1.81,1.0,26.6,21.5,75
2003-09-29,18.9,22.1,88,15.10,171,1.78,7.0,28.1,20.5,75
2003-09-30,16.1,19.0,78,13.20,228,2.45,8.0,23.7,16.9,50
2003-10-01,13.0,15.8,66,0.10,221,2.08,1.0,12.3,7.3,45
2003-10-02,11.8,15.0,77,0.00,161,2.06,0.0,18.0,9.5,58
2003-10-03,11.0,13.4,70,3.60,225,2.26,8.0,37.7,25.0,42
2003-10-04,9.7,12.8,63,0.00,182,2.48,0.0,21.1,15.1,48
2003-10-05,12.0,13.5,75,6.90,189,1.97,8.0,27.9,20.6,49
2003-10-06,9.0,12.0,61,0.00,248,2.46,0.0,23.2,19.4,45
2003-10-07,8.0,10.8,64,0.00,263,2.19,0.0,18.3,16.1,42
2003-10-08,10.4,16.6,69,0.70,225,2.39,1.0,24.5,19.9,57
2003-10-09,12.0,14.3,60,0.00,284,2.73,0.0,26.2,16.5,42
2003-10-10,9.7,15.7,73,0.00,241,2.08,0.0,13.8,8.4,48
2003-10-11,14.5,22.0,78,0.00,240,2.47,0.0,16.7,13.1,56
2003-10-12,15.2,20.3,79,0.00,229,2.36,0.0,17.1,11.0,64
2003-10-13,13.5,15.1,92,38.50,62,0.47,13.0,18.8,12.4,80
2003-10-14,11.5,15.0,65,0.00,293,2.45,0.0,21.9,13.9,46
2003-10-15,11.1,12.3,82,13.60,126,1.08,8.0,45.7,25.4,72
2003-10-16,10.7,13.2,63,1.60,221,2.62,2.0,34.2,28.7,41
2003-10-17,7.1,8.7,58,0.00,252,2.19,0.0,26.5,21.2,43
2003-10-18,5.8,8.7,65,0.00,234,1.47,0.0,16.3,9.5,48
2003-10-19,5.8,7.3,68,0.90,337,1.57,5.0,19.9,15.4,47
2003-10-20,3.9,7.0,60,0.00,279,1.88,0.0,25.4,19.6,39
2003-10-21,2.8,5.3,79,30.20,67,0.58,10.0,25.6,14.7,63
2003-10-22,4.5,5.7,86,11.10,17,0.68,20.0,31.8,25.8,75
2003-10-23,4.6,5.0,92,12.40,353,0.39,19.0,29.5,23.6,86
2003-10-24,3.8,6.4,77,0.00,241,1.20,0.0,24.7,21.7,57
2003-10-25,3.6,6.8,67,0.00,266,1.59,0.0,20.9,17.3,48
2003-10-26,7.2,10.9,75,2.10,204,1.17,6.0,29.6,18.5,60
2003-10-27,12.7,14.6,89,11.50,196,0.72,12.0,32.0,26.8,78
2003-10-28,13.2,15.6,82,15.40,203,1.23,13.0,39.4,23.2,54
2003-10-29,9.2,16.0,91,22.30,115,0.22,10.0,28.6,15.8,77
2003-10-30,12.7,16.6,81,14.30,212,1.42,11.0,36.1,29.2,53
2003-10-31,7.6,9.4,61,0.00,253,1.96,0.0,26.9,15.7,50
2003-11-01,11.3,16.7,78,0.60,219,1.51,3.0,25.0,19.3,72
2003-11-02,5.6,11.6,57,0.00,302,1.74,0.0,23.8,18.1,46
2003-11-03,2.5,5.2,64,0.00,286,1.32,0.0,15.8,12.0,48
2003-11-04,1.7,3.3,54,0.00,307,1.70,0.0,31.4,22.3,38
2003-11-05,2.5,6.8,69,2.70,172,0.71,8.0,24.5,14.8,52
2003-11-06,7.0,8.2,84,3.00,269,0.90,3.0,21.2,14.8,58
2003-11-07,3.3,5.1,70,0.00,356,0.91,0.0,13.3,8.3,63
2003-11-08,0.4,3.7,57,0.00,268,1.49,0.0,42.5,28.5,35
2003-11-09,-2.2,0.8,48,0.00,295,1.77,0.0,37.2,31.4,33
2003-11-10,-0.9,3.5,59,0.00,266,1.34,0.0,22.1,19.4,47
2003-11-11,0.9,4.4,75,0.00,261,0.93,0.0,17.3,11.7,59
2003-11-12,3.3,6.6,88,2.90,199,0.45,9.0,21.1,16.9,75
2003-11-13,3.6,7.5,95,21.10,146,0.23,10.0,39.3,20.3,88
2003-11-14,2.7,6.7,85,0.90,227,0.69,4.0,33.8,25.1,64
2003-11-15,1.3,3.2,64,0.00,272,1.40,0.0,38.2,30.5,55
2003-11-16,1.2,3.6,63,0.00,292,1.44,0.0,28.9,23.8,55
2003-11-17,0.1,3.1,72,0.00,273,0.85,0.0,14.6,9.0,57
2003-11-18,0.8,4.1,77,0.00,248,0.74,0.0,10.2,6.9,61
2003-11-19,2.2,6.7,84,0.00,182,0.59,0.0,22.3,16.1,75
2003-11-20,9.4,12.6,92,0.60,163,0.43,3.0,28.6,25.8,84
2003-11-21,12.0,12.7,98,0.00,158,0.31,0.0,25.4,17.5,96
2003-11-22,5.5,10.5,78,2.20,355,0.98,7.0,22.9,16.8,59
2003-11-23,0.6,2.1,73,0.00,19,0.93,0.0,21.8,18.8,67
2003-11-24,0.6,4.1,87,0.00,96,0.55,0.0,13.0,7.4,80
2003-11-25,4.0,6.4,93,1.60,201,0.30,9.0,18.5,13.6,73
2003-11-26,0.3,3.0,66,0.00,243,0.96,0.0,16.6,12.4,52
2003-11-27,0.6,4.2,76,0.00,244,0.79,0.0,17.1,11.1,63
2003-11-28,0.5,1.8,92,3.30,103,0.34,9.0,14.4,8.7,84
2003-11-29,5.4,12.5,91,16.80,159,0.50,16.0,39.3,28.1,69
2003-11-30,1.1,4.8,57,0.00,237,1.64,0.0,38.6,30.6,45
2003-12-01,1.2,2.6,84,5.20,210,0.42,6.0,28.9,18.7,74
2003-12-02,-3.5,0.3,60,0.60,264,1.12,4.0,38.6,27.7,45
2003-12-03,-5.7,-4.7,63,0.30,305,0.82,3.0,31.3,23.3,53
2003-12-04,-7.6,-5.9,62,0.00,303,0.81,0.0,27.2,22.5,48
2003-12-05,-8.5,-6.4,62,0.00,289,0.65,0.0,20.3,15.0,47
2003-12-06,-6.9,-3.6,66,0.00,34,0.64,0.0,33.5,18.8,58
2003-12-07,-2.0,-1.0,76,18.30,53,0.79,18.0,50.2,44.5,68
2003-12-08,-1.8,-1.1,86,26.80,21,0.48,23.0,50.3,42.2,79
2003-12-09,-4.2,-2.0,80,0.00,350,0.50,0.0,33.9,20.4,74
2003-12-10,-9.6,-5.7,82,0.00,252,0.32,0.0,12.7,9.4,68
2003-12-11,-6.0,0.4,84,0.00,182,0.36,0.0,21.3,13.6,79
2003-12-12,3.4,6.1,85,8.30,189,0.63,13.0,37.5,29.3,69
2003-12-13,-8.1,-2.6,60,0.00,266,0.83,0.0,30.4,28.0,55
2003-12-14,-11.6,-7.8,65,0.00,286,0.55,0.0,30.6,19.2,52
2003-12-15,-6.4,-1.1,82,32.00,82,0.25,13.0,51.2,24.5,68
2003-12-16,-2.3,-1.0,80,19.10,350,0.66,13.0,50.5,36.8,69
2003-12-17,-4.0,-1.0,86,0.00,169,0.35,0.0,18.2,11.3,79
2003-12-18,1.6,5.9,83,7.70,156,0.69,7.0,49.4,32.7,75
2003-12-19,-3.2,1.1,74,0.00,229,0.69,0.0,28.3,21.2,64
2003-12-20,-9.2,-6.3,78,0.00,271,0.35,0.0,17.2,12.4,67
2003-12-21,-11.4,-7.6,77,0.00,245,0.36,0.0,22.7,14.3,64
2003-12-22,-10.7,-7.6,73,0.00,271,0.37,0.0,20.9,13.7,59
2003-12-23,-4.6,-0.8,83,0.00,204,0.36,0.0,12.1,8.7,74
2003-12-24,2.2,6.0,92,0.00,192,0.37,0.0,17.2,13.3,85
2003-12-25,5.9,7.7,98,4.80,173,0.16,14.0,27.0,16.0,94
2003-12-26,2.2,4.7,91,1.20,190,0.41,5.0,27.0,18.2,77
2003-12-27,-2.2,-0.6,82,0.10,334,0.46,1.0,29.4,19.2,67
2003-12-28,-4.3,1.4,71,0.00,307,0.68,0.0,20.7,14.2,59
2003-12-29,-2.0,3.6,72,0.00,232,0.70,0.0,16.9,11.4,57
2003-12-30,1.5,4.9,82,1.80,201,0.53,3.0,25.1,13.8,75
2003-12-31,0.7,5.1,78,0.30,263,0.73,1.0,31.1,27.2,63
2004-01-01,-7.1,-5.2,65,0.00,299,0.72,0.0,25.6,22.4,61
2004-01-02,-10.4,-8.1,66,0.00,310,0.52,0.0,24.0,15.5,52
2004-01-03,-8.9,-3.6,68,1.40,151,0.38,5.0,20.3,10.3,62
2004-01-04,0.5,3.7,83,1.00,228,0.65,6.0,25.9,19.6,61
2004-01-05,-7.1,-2.5,67,0.00,304,0.67,0.0,23.7,18.6,61
2004-01-06,-6.7,-3.7,76,0.30,312,0.38,3.0,21.5,6.7,71
2004-01-07,-11.6,-6.0,65,0.00,262,0.56,0.0,29.4,25.9,48
2004-01-08,-18.6,-14.0,63,0.00,275,0.35,0.0,30.0,24.4,55
2004-01-09,-17.4,-15.0,66,0.00,294,0.39,0.0,30.6,23.3,56
2004-01-10,-19.8,-17.2,68,0.00,299,0.30,0.0,20.3,16.5,56
2004-01-11,-20.4,-15.7,65,0.00,276,0.31,0.0,18.2,16.5,49
2004-01-12,-17.5,-13.7,72,0.00,256,0.31,0.0,16.4,8.4,62
2004-01-13,-17.8,-12.5,78,0.50,23,0.22,2.0,13.7,8.0,67
2004-01-14,-19.3,-11.2,66,4.50,281,0.27,7.0,37.5,29.3,52
2004-01-15,-25.5,-21.8,59,0.00,256,0.27,0.0,35.8,27.7,51
2004-01-16,-23.5,-10.1,70,1.40,276,0.22,7.0,29.3,18.4,63
2004-01-17,-3.0,-0.9,65,0.10,315,1.17,1.0,38.4,34.0,60
2004-01-18,-6.2,-3.2,78,0.00,319,0.61,0.0,27.6,14.1,67
2004-01-19,-3.6,-2.8,92,19.40,67,0.20,23.0,30.9,24.0,90
2004-01-20,-3.6,-2.1,80,6.90,302,0.53,21.0,28.6,25.7,77
2004-01-21,-7.0,-2.6,72,0.70,323,0.62,3.0,25.8,18.3,57
2004-01-22,-14.7,-9.5,77,0.20,225,0.30,1.0,18.9,10.0,66
2004-01-23,-8.5,-5.5,77,3.50,232,0.46,9.0,29.8,20.5,54
2004-01-24,-17.5,-13.5,66,0.00,247,0.39,0.0,22.2,20.9,50
2004-01-25,-21.9,-19.2,62,0.00,284,0.32,0.0,21.0,19.7,49
2004-01-26,-23.3,-19.4,61,0.00,303,0.31,0.0,27.2,24.3,50
2004-01-27,-17.5,-12.5,60,0.00,309,0.51,0.0,27.2,22.8,51
2004-01-28,-14.1,-8.7,75,0.00,313,0.37,0.0,15.1,9.9,68
2004-01-29,-10.0,-6.1,77,0.00,259,0.51,0.0,21.3,16.9,64
2004-01-30,-10.4,-7.9,70,0.00,254,0.61,0.0,22.6,18.9,56
2004-01-31,-11.7,-5.3,78,0.00,263,0.48,0.0,15.1,11.7,67
2004-02-01,-3.7,0.8,79,0.90,325,0.76,6.0,21.5,18.7,69
2004-02-02,-4.8,-1.7,79,0.00,328,0.72,0.0,18.0,11.3,62
2004-02-03,-7.9,-3.5,85,0.00,215,0.57,0.0,12.4,6.5,70
2004-02-04,-2.7,4.1,88,3.00,174,0.42,6.0,29.6,20.7,73
2004-02-05,-7.6,1.0,62,0.00,267,0.90,0.0,37.4,31.0,52
2004-02-06,-9.0,-5.2,61,0.00,274,0.83,0.0,26.6,19.2,49
2004-02-07,-6.3,-4.9,86,12.00,46,0.28,22.0,20.6,14.4,71
2004-02-08,-7.4,-5.0,75,3.20,302,0.60,11.0,25.6,17.9,52
2004-02-09,-12.3,-6.4,66,0.00,263,0.68,0.0,24.5,18.6,58
2004-02-10,-4.3,1.6,77,0.00,230,0.83,0.0,19.4,15.2,63
2004-02-11,-4.2,-1.6,84,0.00,261,0.71,0.0,13.1,9.2,68
2004-02-12,-8.0,-4.2,72,0.30,280,0.66,3.0,20.9,16.8,53
2004-02-13,-9.8,-3.9,74,0.00,238,0.57,0.0,24.0,17.7,61
2004-02-14,-4.1,0.6,75,0.00,230,0.89,0.0,23.9,19.0,60
2004-02-15,-17.5,-3.9,58,0.20,299,0.52,1.0,26.5,18.8,41
2004-02-16,-20.1,-15.0,62,0.00,270,0.47,0.0,24.8,17.5,42
2004-02-17,-16.1,-8.5,58,0.00,266,0.73,0.0,20.3,13.8,41
2004-02-18,-8.9,-2.7,68,0.00,220,0.88,0.0,16.9,13.1,54
2004-02-19,-6.6,-5.6,86,22.30,22,0.30,14.0,48.3,30.4,80
2004-02-20,-4.9,-1.7,61,2.60,328,1.36,5.0,42.9,30.4,51
2004-02-21,-8.2,-5.5,77,0.00,43,0.59,0.0,19.1,13.9,67
2004-02-22,-4.9,-2.8,87,0.10,48,0.43,1.0,26.9,22.4,83
2004-02-23,-4.6,-1.4,75,0.40,338,0.99,4.0,23.9,17.2,54
2004-02-24,-4.3,-1.1,74,0.00,308,1.02,0.0,18.9,15.0,61
2004-02-25,-5.6,-2.6,79,0.00,318,0.74,0.0,12.7,10.6,63
2004-02-26,-7.8,-5.2,69,0.00,323,0.85,0.0,32.0,25.1,56
2004-02-27,-9.1,-5.3,66,0.00,320,0.87,0.0,30.9,27.8,61
2004-02-28,-7.5,-5.0,67,0.00,341,1.01,0.0,24.2,17.6,49
2004-02-29,-9.3,-4.2,71,0.00,318,1.04,0.0,11.7,7.2,52
2004-03-01,-7.5,0.0,75,0.00,201,1.21,0.0,11.1,7.1,49
2004-03-02,-1.6,3.9,84,1.80,193,0.94,4.0,18.4,14.5,70
2004-03-03,2.4,4.5,83,2.70,280,1.02,6.0,25.7,19.1,67
2004-03-04,-2.1,0.8,73,0.00,306,1.33,0.0,20.9,12.5,54
2004-03-05,-3.6,0.9,77,0.00,280,1.28,0.0,15.5,8.9,54
2004-03-06,-1.8,-0.6,94,27.40,123,0.29,24.0,21.7,14.6,85
2004-03-07,-3.3,-0.8,81,5.20,354,0.71,15.0,31.2,20.2,61
2004-03-08,-7.8,-5.9,80,0.00,25,0.67,0.0,23.9,15.6,70
2004-03-09,-9.2,-5.4,71,0.00,4,1.07,0.0,20.4,14.8,47
2004-03-10,-7.5,0.8,71,0.00,210,1.36,0.0,14.6,12.0,50
2004-03-11,-4.6,-1.8,83,0.00,141,1.12,0.0,17.7,12.3,69
2004-03-12,-3.4,-1.7,88,18.20,356,0.47,22.0,25.8,21.7,83
2004-03-13,-2.3,-0.5,80,2.20,317,0.90,13.0,17.8,15.3,63
2004-03-14,-3.7,-0.8,73,0.00,294,1.42,0.0,19.0,14.0,55
2004-03-15,-0.7,4.3,76,2.20,216,1.27,5.0,29.2,19.8,58
2004-03-16,-2.8,1.5,63,0.00,287,1.53,0.0,24.4,19.1,46
2004-03-17,-9.5,-7.1,70,0.90,30,0.70,6.0,32.8,24.4,66
2004-03-18,-9.7,-7.9,72,0.80,28,0.70,6.0,26.0,22.5,68
2004-03-19,-8.9,-4.2,74,0.00,357,1.21,0.0,17.4,10.9,55
2004-03-20,-6.5,-2.8,85,0.00,18,0.84,0.0,16.6,13.5,76
2004-03-21,-3.2,-1.3,93,6.40,110,0.57,13.0,12.4,7.3,84
2004-03-22,-2.8,-0.3,76,0.30,267,1.45,1.0,18.8,14.7,52
2004-03-23,-9.6,-4.2,61,0.00,252,1.26,0.0,20.8,17.0,37
2004-03-24,-5.4,-0.0,76,0.60,174,1.34,4.0,16.3,10.5,60
2004-03-25,-1.8,4.9,74,0.00,185,1.80,0.0,19.1,15.2,53
2004-03-26,3.1,6.7,80,0.60,199,1.31,3.0,23.9,20.8,70
2004-03-27,2.8,4.1,85,26.00,205,0.67,14.0,25.6,18.4,73
2004-03-28,-2.6,0.2,74,2.70,28,1.44,5.0,28.8,24.2,61
2004-03-29,-4.6,0.6,74,0.00,75,1.74,0.0,13.7,8.1,54
2004-03-30,0.2,7.5,66,0.00,199,2.37,0.0,19.1,14.5,46
2004-03-31,1.6,7.6,70,0.00,212,2.33,0.0,19.5,14.5,54
2004-04-01,1.1,3.7,85,0.00,26,1.05,0.0,22.8,17.3,71
2004-04-02,-0.8,0.8,88,0.00,56,1.09,0.0,21.1,17.1,80
2004-04-03,-0.3,0.7,94,9.40,61,0.50,15.0,15.7,12.4,92
2004-04-04,0.2,1.3,97,10.80,360,0.30,12.0,19.4,15.1,95
2004-04-05,0.7,1.1,97,7.20,321,0.74,16.0,14.3,6.8,93
2004-04-06,0.3,1.3,95,4.20,165,0.85,14.0,11.2,7.1,88
2004-04-07,-0.1,1.9,92,4.80,348,1.20,20.0,10.4,6.3,81
2004-04-08,1.1,6.0,81,0.10,202,1.89,1.0,10.9,8.0,56
2004-04-09,2.6,7.3,71,0.00,184,2.26,0.0,17.0,13.2,53
2004-04-10,1.1,3.3,79,1.00,304,1.36,5.0,22.0,15.0,54
2004-04-11,0.8,5.4,61,0.00,258,2.29,0.0,20.2,16.1,46
2004-04-12,1.0,4.9,73,0.00,281,2.02,0.0,9.9,6.3,56
2004-04-13,0.0,2.0,85,4.10,75,0.63,11.0,16.8,12.2,80
2004-04-14,7.2,10.1,97,10.10,182,0.49,16.0,33.8,24.4,91
2004-04-15,2.7,7.7,93,33.80,352,0.48,22.0,20.4,16.6,82
2004-04-16,0.6,2.4,74,4.60,16,1.04,14.0,33.1,27.8,62
2004-04-17,1.8,6.9,77,0.00,14,2.16,0.0,27.7,18.0,61
2004-04-18,4.2,7.6,76,3.80,284,2.29,7.0,24.0,14.6,49
2004-04-19,3.9,10.2,77,4.10,173,1.37,7.0,28.1,19.0,65
2004-04-20,7.6,11.3,63,0.10,272,3.18,1.0,34.9,27.3,41
2004-04-21,2.5,7.3,58,0.00,324,2.93,0.0,22.5,12.5,42
2004-04-22,6.4,10.9,76,2.30,205,1.35,6.0,28.8,23.7,51
2004-04-23,5.0,10.1,63,0.00,320,2.79,0.0,22.7,17.0,46
2004-04-24,1.4,6.3,73,3.00,145,1.79,4.0,14.3,10.8,53
2004-04-25,0.9,6.6,56,1.20,325,2.97,5.0,34.9,23.4,42
2004-04-26,2.1,4.8,72,1.90,181,1.14,4.0,19.8,12.3,58
2004-04-27,2.0,3.4,97,6.60,142,0.48,15.0,14.8,6.9,91
2004-04-28,4.2,8.8,91,0.20,56,1.19,1.0,15.2,7.6,63
2004-04-29,5.3,12.6,53,0.00,243,3.56,0.0,26.1,16.6,38
2004-04-30,12.4,20.5,70,0.00,220,4.15,0.0,24.9,13.9,50
2004-05-01,9.4,14.0,85,0.00,93,2.88,0.0,20.6,10.2,72
2004-05-02,12.9,19.3,82,0.00,191,3.37,0.0,22.7,17.3,66
2004-05-03,13.4,15.7,90,0.20,190,1.46,1.0,25.8,21.9,82
2004-05-04,11.2,13.0,96,4.50,169,0.67,13.0,36.9,24.9,77
2004-05-05,8.0,13.5,56,0.00,249,3.70,0.0,25.1,20.5,38
2004-05-06,9.8,13.4,63,0.00,212,3.41,0.0,22.1,15.8,52
2004-05-07,9.4,13.7,74,4.40,242,2.50,7.0,23.4,21.4,39
2004-05-08,4.3,8.4,39,0.00,288,3.99,0.0,29.9,25.5,27
2004-05-09,8.4,16.1,44,0.00,259,4.71,0.0,33.5,22.6,34
2004-05-10,7.0,12.3,52,0.00,305,4.10,0.0,26.4,12.5,37
2004-05-11,10.0,15.6,74,1.70,236,2.27,6.0,23.2,18.2,50
2004-05-12,8.7,12.3,51,0.00,286,2.78,0.0,19.7,14.5,36
2004-05-13,6.5,9.5,53,0.00,12,3.06,0.0,12.4,8.9,40
2004-05-14,7.9,13.0,65,0.50,191,2.03,3.0,18.7,13.9,58
2004-05-15,14.6,24.6,78,0.00,219,4.05,0.0,23.6,20.6,59
2004-05-16,9.2,18.2,74,2.10,30,2.42,6.0,22.1,15.6,62
2004-05-17,7.4,13.2,69,0.30,130,2.96,1.0,17.8,7.1,51
2004-05-18,10.1,13.3,78,0.00,197,2.10,0.0,34.9,25.2,68
2004-05-19,12.5,16.2,73,1.10,270,4.02,4.0,30.6,16.1,39
2004-05-20,12.9,20.0,63,0.00,184,4.66,0.0,25.1,10.9,36
2004-05-21,13.2,16.2,54,1.10,225,4.04,4.0,31.5,24.4,40
2004-05-22,10.2,15.2,48,0.00,225,4.43,0.0,17.9,9.3,36
2004-05-23,11.1,15.5,65,0.00,218,3.11,0.0,19.9,11.2,48
2004-05-24,7.9,10.2,68,0.00,67,2.40,0.0,20.7,15.7,56
2004-05-25,6.9,9.1,65,3.40,75,3.10,6.0,19.2,16.0,48
2004-05-26,6.9,9.9,73,0.10,113,1.68,1.0,13.8,9.7,63
2004-05-27,9.0,11.8,84,5.60,170,1.50,9.0,14.0,10.1,74
2004-05-28,8.4,9.9,92,0.90,103,0.90,6.0,12.5,9.8,87
2004-05-29,9.1,9.9,90,11.90,252,0.93,19.0,24.7,15.4,69
2004-05-30,6.2,7.9,80,6.40,324,1.42,19.0,26.7,24.5,69
2004-05-31,8.0,11.5,72,0.00,351,2.76,0.0,19.8,15.7,56
2004-06-01,8.2,10.3,77,0.00,61,2.49,0.0,14.7,10.6,68
2004-06-02,8.4,11.2,80,3.30,102,2.33,4.0,13.0,9.3,63
2004-06-03,8.4,9.7,92,3.70,93,1.06,5.0,17.1,11.1,88
2004-06-04,10.3,15.8,74,3.10,307,3.43,8.0,25.1,19.1,46
2004-06-05,11.0,15.1,73,0.10,22,4.03,1.0,15.4,9.8,53
2004-06-06,12.4,17.8,67,0.00,144,4.62,0.0,20.4,15.0,51
2004-06-07,11.6,15.3,73,2.80,186,2.80,8.0,19.7,14.9,58
2004-06-08,14.6,20.7,75,0.50,216,4.40,1.0,14.0,9.5,48
2004-06-09,20.8,26.5,69,0.10,250,5.20,1.0,26.2,20.8,45
2004-06-10,13.5,17.7,49,0.00,311,5.58,0.0,25.7,20.2,33
2004-06-11,10.8,13.4,49,0.00,307,4.15,0.0,27.5,21.3,42
2004-06-12,11.7,15.3,59,0.00,356,3.93,0.0,22.8,15.6,47
2004-06-13,14.4,20.8,65,0.00,181,4.91,0.0,17.1,10.2,37
2004-06-14,16.3,21.5,62,1.70,209,5.11,2.0,26.9,22.6,42
2004-06-15,15.6,19.6,91,3.30,210,1.98,6.0,23.4,20.4,79
2004-06-16,17.4,21.0,65,0.00,272,5.35,0.0,23.2,19.2,38
2004-06-17,16.3,20.7,60,0.00,277,3.53,0.0,15.4,10.5,50
2004-06-18,13.8,17.9,66,0.00,84,4.61,0.0,19.5,10.5,50
2004-06-19,12.7,14.2,78,12.50,156,1.84,11.0,19.9,12.3,64
2004-06-20,11.6,15.0,67,1.00,284,3.33,4.0,27.9,21.9,43
2004-06-21,14.3,19.8,71,1.90,279,4.13,5.0,20.2,15.9,52
2004-06-22,13.7,15.8,82,0.60,3,3.34,4.0,17.5,13.5,67
2004-06-23,10.0,11.4,91,12.10,81,0.78,21.0,23.2,17.3,83
2004-06-24,11.8,14.9,84,0.50,61,2.65,3.0,10.8,5.9,73
2004-06-25,14.6,18.0,82,2.00,208,2.84,5.0,26.3,19.0,66
2004-06-26,15.4,18.6,85,2.10,207,2.80,6.0,15.9,11.9,66
2004-06-27,16.6,20.6,71,0.80,263,4.47,3.0,16.1,12.6,46
2004-06-28,15.8,19.7,60,0.00,261,4.81,0.0,20.5,16.5,38
2004-06-29,15.9,19.6,66,0.00,222,4.10,0.0,14.0,9.7,49
2004-06-30,15.9,19.6,78,9.30,182,3.59,9.0,15.6,11.7,61
2004-07-01,15.6,19.4,89,0.50,154,3.43,3.0,14.2,7.4,69
2004-07-02,16.3,17.8,86,11.70,192,2.06,9.0,15.7,14.3,78
2004-07-03,16.1,18.3,91,2.80,155,2.18,9.0,15.1,9.7,85
2004-07-04,15.5,17.1,91,0.20,72,2.15,1.0,12.0,8.5,82
2004-07-05,17.6,22.6,80,0.00,175,4.47,0.0,23.1,13.8,57
2004-07-06,16.7,20.4,83,6.40,218,1.75,11.0,24.2,17.6,67
2004-07-07,17.7,21.9,76,0.00,111,4.83,0.0,14.9,7.8,55
2004-07-08,17.2,20.2,74,0.50,135,3.53,2.0,16.3,12.5,61
2004-07-09,15.6,16.9,93,12.80,83,1.47,20.0,16.7,11.5,85
2004-07-10,14.0,14.5,90,4.10,1,1.14,9.0,21.7,17.4,81
2004-07-11,16.1,20.2,75,2.70,14,4.52,10.0,22.0,15.9,58
2004-07-12,19.2,25.5,71,0.00,210,4.96,0.0,14.7,9.3,42
2004-07-13,20.2,24.7,67,0.00,218,5.51,0.0,21.0,17.8,45
2004-07-14,18.6,22.0,71,0.00,171,4.30,0.0,18.1,14.9,60
2004-07-15,16.9,19.1,90,10.70,121,1.16,11.0,22.7,18.4,77
2004-07-16,19.6,23.0,85,0.30,199,3.57,3.0,20.8,16.0,68
2004-07-17,20.1,23.9,78,0.00,219,3.79,0.0,20.8,15.0,63
2004-07-18,19.8,21.8,87,0.10,115,3.63,1.0,14.3,9.8,77
2004-07-19,19.1,21.9,92,0.30,120,2.04,1.0,18.2,10.4,78
2004-07-20,21.1,24.5,87,0.10,215,3.02,1.0,15.8,11.2,69
2004-07-21,22.4,26.3,80,0.00,221,4.18,0.0,17.3,12.9,61
2004-07-22,22.7,27.1,77,0.00,200,5.22,0.0,21.6,14.7,52
2004-07-23,22.3,27.1,71,0.00,206,5.63,0.0,27.6,23.2,53
2004-07-24,18.7,22.9,85,9.00,240,1.55,9.0,23.5,16.1,69
2004-07-25,17.4,20.8,67,0.00,51,3.96,0.0,9.4,6.3,45
2004-07-26,19.1,24.2,67,0.00,205,4.91,0.0,12.6,8.1,43
2004-07-27,20.6,24.0,71,0.00,217,3.84,0.0,12.5,8.5,53
2004-07-28,19.5,21.1,75,0.70,209,2.42,5.0,13.1,11.2,64
2004-07-29,20.4,25.1,79,0.60,218,3.86,2.0,12.9,10.3,57
2004-07-30,23.1,29.2,74,0.00,240,5.12,0.0,17.1,14.0,45
2004-07-31,23.1,27.2,77,0.00,218,4.34,0.0,26.1,19.9,65
2004-08-01,23.1,26.5,81,2.00,226,3.56,8.0,28.4,23.7,69
2004-08-02,22.4,26.3,70,0.00,254,4.76,0.0,20.1,8.4,44
2004-08-03,22.8,28.2,71,0.20,223,4.86,1.0,18.1,13.8,46
2004-08-04,20.5,23.6,75,5.70,269,4.24,7.0,15.3,10.2,42
2004-08-05,18.4,20.7,63,0.00,292,4.23,0.0,15.3,11.9,44
2004-08-06,17.9,20.3,72,0.00,28,3.25,0.0,16.7,8.9,59
2004-08-07,17.1,18.4,89,11.60,27,1.06,13.0,28.0,21.1,82
2004-08-08,17.2,20.4,77,1.80,249,3.31,3.0,19.1,15.3,63
2004-08-09,16.9,20.2,76,0.20,245,3.43,1.0,18.6,15.1,50
2004-08-10,19.4,25.0,75,0.00,243,4.29,0.0,12.6,8.3,55
2004-08-11,20.8,25.6,75,0.30,204,4.41,1.0,23.7,18.1,58
2004-08-12,21.2,25.6,76,0.00,206,3.75,0.0,25.0,21.4,57
2004-08-13,21.3,24.6,80,3.10,180,3.09,4.0,23.9,19.3,65
2004-08-14,21.1,25.3,92,27.70,203,1.87,15.0,24.3,18.0,72
2004-08-15,20.0,22.6,65,0.00,274,4.40,0.0,17.1,12.2,41
2004-08-16,18.6,21.4,73,0.00,240,2.67,0.0,12.0,6.5,54
2004-08-17,19.5,22.9,74,0.10,236,3.70,1.0,10.6,7.9,55
2004-08-18,20.6,24.6,72,0.00,226,3.92,0.0,14.7,11.3,47
2004-08-19,19.9,24.4,77,0.00,211,3.85,0.0,27.7,19.9,56
2004-08-20,21.2,24.5,75,0.10,220,4.06,1.0,22.4,16.9,44
2004-08-21,19.2,21.2,90,25.00,210,1.02,11.0,17.4,11.6,62
2004-08-22,17.4,20.4,72,15.00,293,3.99,7.0,19.7,13.1,45
2004-08-23,17.8,22.6,69,0.00,203,4.38,0.0,21.1,15.3,48
2004-08-24,16.4,18.9,65,0.10,301,3.83,1.0,21.3,18.9,53
2004-08-25,15.4,18.4,68,0.00,360,4.02,0.0,19.3,14.1,56
2004-08-26,16.9,22.5,74,0.00,191,3.86,0.0,15.0,11.0,54
2004-08-27,19.5,25.8,77,0.00,222,3.86,0.0,17.7,15.6,63
2004-08-28,22.1,26.8,80,0.00,238,3.39,0.0,22.0,18.4,62
2004-08-29,18.9,22.8,72,0.00,8,3.83,0.0,18.7,14.7,58
2004-08-30,17.3,18.4,90,15.30,112,1.19,11.0,20.5,12.6,76
2004-08-31,18.0,20.2,96,17.20,169,0.67,21.0,15.3,11.7,91
2004-09-01,16.8,21.0,81,1.10,299,2.98,3.0,21.4,14.5,60
2004-09-02,14.0,16.8,56,0.20,309,4.05,1.0,23.6,18.3,39
2004-09-03,12.8,16.9,70,2.40,263,2.34,5.0,15.2,11.9,53
2004-09-04,12.8,14.1,82,21.70,28,2.13,13.0,24.6,18.7,66
2004-09-05,12.7,15.0,68,0.00,13,2.82,0.0,19.5,11.7,53
2004-09-06,14.5,19.9,69,0.00,219,3.60,0.0,23.2,19.0,54
2004-09-07,16.9,22.4,76,0.00,227,3.59,0.0,22.7,20.9,60
2004-09-08,18.8,21.0,78,0.20,244,2.85,1.0,23.2,15.5,56
2004-09-09,15.0,17.1,82,10.70,88,0.96,12.0,25.0,13.9,69
2004-09-10,17.8,20.8,95,28.30,195,1.02,19.0,36.2,26.5,90
2004-09-11,14.2,17.1,75,0.40,13,3.17,2.0,30.0,16.4,59
2004-09-12,15.6,21.6,74,0.00,201,3.30,0.0,20.3,15.1,54
2004-09-13,13.8,18.2,63,0.00,296,2.92,0.0,25.2,21.3,50
2004-09-14,11.1,14.4,63,0.00,345,3.30,0.0,20.4,12.4,52
2004-09-15,15.6,22.5,69,0.00,229,3.80,0.0,27.6,23.4,59
2004-09-16,17.6,22.7,79,0.00,229,3.25,0.0,26.5,20.5,64
2004-09-17,18.2,21.9,85,0.00,216,1.92,0.0,20.4,18.7,72
2004-09-18,14.1,19.4,79,16.60,304,0.95,13.0,17.8,10.2,61
2004-09-19,10.8,12.3,82,3.80,16,1.40,11.0,36.7,21.8,73
2004-09-20,11.2,15.0,62,0.10,357,3.43,1.0,32.7,26.6,45
2004-09-21,11.4,13.8,62,0.00,355,2.91,0.0,24.5,19.5,49
2004-09-22,11.1,16.3,75,2.30,252,2.23,3.0,19.6,13.9,47
2004-09-23,12.5,14.4,75,0.30,346,2.16,1.0,25.0,19.9,54
2004-09-24,12.5,18.7,73,0.00,224,2.73,0.0,17.1,9.5,49
2004-09-25,16.2,22.1,76,0.00,228,2.72,0.0,24.6,18.3,61
2004-09-26,15.4,18.2,66,0.00,271,3.17,0.0,24.3,16.3,46
2004-09-27,15.3,20.7,70,0.00,237,3.11,0.0,21.6,14.9,58
2004-09-28,15.4,20.2,77,1.80,232,2.50,3.0,24.9,21.4,61
2004-09-29,11.3,13.9,71,0.50,345,2.26,2.0,18.6,11.2,54
2004-09-30,12.7,17.4,74,0.00,121,2.34,0.0,10.8,5.3,52
2004-10-01,13.1,15.9,82,0.00,87,1.99,0.0,12.3,7.0,66
2004-10-02,12.2,15.3,81,0.00,136,2.21,0.0,18.3,10.3,55
2004-10-03,12.8,15.2,79,1.20,195,1.33,5.0,21.5,14.7,62
2004-10-04,13.7,16.1,91,3.50,171,0.79,15.0,20.9,12.3,85
2004-10-05,11.1,15.0,74,4.00,284,1.76,9.0,24.0,19.0,44
2004-10-06,5.9,9.4,54,0.00,261,2.37,0.0,22.8,17.3,45
2004-10-07,9.8,14.8,70,0.00,248,2.06,0.0,22.7,14.1,47
2004-10-08,13.6,20.2,78,0.00,225,2.45,0.0,21.9,19.5,61
2004-10-09,14.7,18.8,78,0.00,215,2.34,0.0,26.1,23.0,62
2004-10-10,14.5,16.5,80,0.10,218,1.56,1.0,26.2,19.0,69
2004-10-11,11.1,13.7,84,4.10,25,0.88,10.0,42.7,26.9,79
2004-10-12,8.9,10.3,96,47.20,19,0.37,24.0,49.6,41.0,93
2004-10-13,10.1,11.4,92,9.30,329,0.58,14.0,29.9,24.1,78
2004-10-14,10.6,14.8,81,0.00,257,1.71,0.0,15.4,9.8,64
2004-10-15,11.2,12.6,94,11.20,98,0.43,9.0,25.0,17.0,88
2004-10-16,14.6,16.4,97,7.90,141,0.37,7.0,34.3,23.4,89
2004-10-17,11.8,13.5,83,2.50,182,1.29,5.0,22.9,17.6,77
2004-10-18,9.6,11.6,74,0.00,221,1.74,0.0,18.6,15.4,52
2004-10-19,7.7,9.8,75,0.00,293,1.29,0.0,15.2,13.1,60
2004-10-20,6.4,8.5,68,0.00,350,1.65,0.0,17.4,15.0,54
2004-10-21,6.8,8.9,78,0.90,23,1.13,6.0,26.0,19.3,69
2004-10-22,7.4,8.4,70,0.20,43,1.52,2.0,23.2,19.1,65
2004-10-23,7.0,8.6,76,0.00,43,1.08,0.0,20.1,16.3,66
2004-10-24,8.0,8.9,76,0.00,71,1.19,0.0,20.8,18.3,73
2004-10-25,8.4,9.7,80,0.00,59,1.09,0.0,19.0,15.8,74
2004-10-26,8.6,10.8,87,0.00,47,0.95,0.0,15.0,10.4,76
2004-10-27,8.0,9.4,83,0.00,1,0.87,0.0,16.2,12.8,66
2004-10-28,5.6,7.7,65,0.00,344,1.80,0.0,26.2,23.3,50
2004-10-29,3.3,6.0,68,0.00,317,1.19,0.0,17.9,12.5,50
2004-10-30,3.6,7.7,72,0.00,260,1.33,0.0,17.0,11.9,48
2004-10-31,7.8,11.6,92,6.10,206,0.41,13.0,25.6,19.0,78
2004-11-01,6.7,9.8,90,3.20,335,0.49,15.0,33.1,22.8,77
2004-11-02,4.4,4.8,71,0.30,23,1.12,2.0,32.9,20.6,67
2004-11-03,3.7,4.8,87,13.30,291,0.52,18.0,36.9,18.7,60
2004-11-04,2.8,5.1,58,0.00,318,1.70,0.0,35.7,23.3,49
2004-11-05,3.4,7.8,83,10.90,159,0.45,14.0,44.1,26.3,57
2004-11-06,3.7,5.4,69,1.30,248,1.57,6.0,38.3,32.1,42
2004-11-07,3.3,5.1,68,0.40,246,1.32,2.0,32.7,21.9,52
2004-11-08,4.2,8.0,76,8.00,264,0.95,11.0,27.1,21.4,48
2004-11-09,-0.9,1.0,59,0.00,286,1.37,0.0,26.0,20.9,40
2004-11-10,-1.6,1.0,58,0.00,292,1.23,0.0,22.0,16.0,39
2004-11-11,3.1,8.4,69,0.00,203,1.28,0.0,29.9,22.5,57
2004-11-12,0.5,6.0,71,0.50,326,0.89,3.0,22.8,14.1,56
2004-11-13,-0.2,0.9,73,5.60,44,0.61,10.0,25.7,15.8,63
2004-11-14,0.3,1.1,71,4.90,20,1.03,14.0,29.6,28.0,58
2004-11-15,0.1,1.6,71,0.00,8,0.92,0.0,23.8,22.6,64
2004-11-16,-0.3,0.5,66,0.00,7,1.08,0.0,28.2,24.3,57
2004-11-17,-1.3,1.1,67,0.00,348,1.08,0.0,23.9,19.8,53
2004-11-18,-0.1,2.9,66,0.00,323,0.80,0.0,12.7,7.3,47
2004-11-19,2.5,6.1,80,0.00,252,0.75,0.0,20.2,15.2,61
2004-11-20,2.6,4.5,70,0.00,315,1.14,0.0,22.7,20.1,62
2004-11-21,1.5,3.3,86,0.00,6,0.61,0.0,13.2,8.0,78
2004-11-22,2.2,4.1,91,0.80,228,0.34,4.0,15.3,12.7,85
2004-11-23,0.7,3.1,72,0.00,268,0.89,0.0,16.9,13.3,50
2004-11-24,2.8,6.6,81,0.00,208,0.80,0.0,24.4,19.7,73
2004-11-25,7.0,11.8,94,23.80,179,0.25,20.0,30.0,23.9,79
2004-11-26,3.4,11.5,68,11.60,244,1.18,9.0,38.2,27.8,37
2004-11-27,-1.5,0.5,50,0.00,254,1.49,0.0,27.1,22.1,42
2004-11-28,-0.9,1.8,72,0.00,145,0.72,0.0,21.1,13.4,62
2004-11-29,4.4,8.7,87,20.90,166,0.56,8.0,36.0,24.3,72
2004-11-30,0.3,2.5,63,0.00,309,0.91,0.0,14.8,9.1,53
2004-12-01,-0.3,1.2,81,9.80,182,0.43,7.0,34.1,15.8,70
2004-12-02,1.0,5.9,73,2.50,242,1.05,6.0,42.0,36.2,51
2004-12-03,-7.6,-5.8,49,0.00,276,0.97,0.0,32.1,20.3,37
2004-12-04,-7.9,-4.9,50,0.00,276,0.81,0.0,14.2,11.5,37
2004-12-05,-2.2,3.2,68,0.10,237,0.89,1.0,33.9,22.2,32
2004-12-06,-10.9,-8.7,47,0.00,277,0.92,0.0,34.1,26.2,37
2004-12-07,-10.6,-7.4,49,0.00,302,0.64,0.0,20.0,11.8,33
2004-12-08,-3.8,-0.5,80,16.30,94,0.38,18.0,28.3,20.7,54
2004-12-09,-2.6,-0.5,81,1.30,306,0.52,7.0,23.7,19.5,65
2004-12-10,-6.9,-3.5,79,0.00,271,0.33,0.0,12.6,8.2,72
2004-12-11,-0.9,0.8,91,23.10,76,0.22,17.0,35.3,24.9,83
2004-12-12,1.0,2.1,93,2.10,242,0.31,10.0,14.8,8.6,81
2004-12-13,-3.3,-0.1,88,1.60,224,0.31,4.0,16.3,11.7,77
2004-12-14,-2.3,0.1,84,5.70,272,0.49,5.0,22.0,17.5,66
2004-12-15,-10.6,-7.3,76,0.00,285,0.39,0.0,20.5,15.3,65
2004-12-16,-11.8,-5.8,74,0.00,242,0.40,0.0,15.6,13.1,60
2004-12-17,-2.3,1.1,85,0.20,216,0.47,1.0,23.7,18.9,69
2004-12-18,-10.3,-1.2,70,0.00,268,0.51,0.0,28.7,15.7,60
2004-12-19,-4.5,-0.0,86,18.40,76,0.19,10.0,21.7,15.4,63
2004-12-20,-2.2,-0.9,91,2.00,356,0.19,5.0,16.7,11.9,89
2004-12-21,-5.9,-2.4,79,0.00,297,0.46,0.0,23.4,18.2,66
2004-12-22,-9.1,-4.1,74,0.00,230,0.51,0.0,25.7,18.1,65
2004-12-23,1.5,4.3,87,0.00,182,0.49,0.0,28.0,17.9,80
2004-12-24,4.9,9.2,83,17.10,198,0.57,13.0,40.0,28.2,64
2004-12-25,-9.3,-4.3,62,0.00,308,0.58,0.0,19.7,14.4,52
2004-12-26,-11.9,-9.2,65,0.00,6,0.45,0.0,19.6,13.2,61
2004-12-27,-9.8,-8.5,73,22.60,19,0.50,22.0,47.0,37.8,64
2004-12-28,-15.8,-12.9,64,0.10,291,0.47,1.0,38.2,27.4,55
2004-12-29,-8.2,-2.1,74,2.00,243,0.56,7.0,24.3,21.3,63
2004-12-30,-11.7,-8.0,70,0.00,281,0.44,0.0,19.1,14.1,56
2004-12-31,-7.2,2.3,78,1.40,210,0.48,4.0,37.5,21.0,74
2005-01-01,3.2,5.1,81,2.80,239,0.81,5.0,36.2,29.2,60
2005-01-02,-10.9,-4.6,60,0.00,321,0.64,0.0,30.3,19.3,47
2005-01-03,-2.9,2.7,77,3.30,224,0.62,9.0,23.4,20.5,61
2005-01-04,-7.9,-2.6,69,0.00,306,0.48,0.0,16.5,10.7,57
2005-01-05,-11.2,-8.0,65,0.00,289,0.51,0.0,20.9,17.6,51
2005-01-06,-15.5,-11.3,62,0.00,266,0.43,0.0,21.1,15.2,50
2005-01-07,-7.7,-3.1,77,4.80,260,0.37,11.0,17.3,9.9,59
2005-01-08,-7.0,-4.0,74,0.00,249,0.55,0.0,18.9,15.0,63
2005-01-09,-7.5,-5.4,75,0.00,338,0.46,0.0,22.4,15.9,59
2005-01-10,-7.0,0.2,80,1.60,166,0.32,5.0,25.7,16.8,70
2005-01-11,-7.1,0.3,66,0.10,277,0.72,1.0,31.7,26.2,52
2005-01-12,-13.2,-9.8,68,0.00,287,0.47,0.0,23.1,12.5,54
2005-01-13,-4.7,3.0,82,0.80,157,0.37,5.0,22.7,16.5,71
2005-01-14,6.6,10.4,96,9.10,214,0.22,16.0,41.4,29.0,92
2005-01-15,-7.1,0.7,57,0.90,281,0.75,2.0,25.4,18.6,38
2005-01-16,-9.3,-5.6,47,0.00,226,0.74,0.0,15.7,11.2,36
2005-01-17,-8.9,-7.0,73,19.60,21,0.48,21.0,40.5,30.9,55
2005-01-18,-16.2,-13.2,66,0.30,299,0.40,2.0,27.3,20.4,54
2005-01-19,-19.4,-15.0,66,0.00,277,0.35,0.0,19.9,12.2,51
2005-01-20,-9.9,-4.1,82,13.30,115,0.31,8.0,32.7,21.3,69
2005-01-21,-13.3,-4.2,68,6.60,288,0.46,5.0,36.7,24.3,53
2005-01-22,-20.3,-17.9,63,0.00,314,0.34,0.0,22.5,17.8,51
2005-01-23,-19.3,-16.5,73,3.00,16,0.24,11.0,39.2,22.8,68
2005-01-24,-15.1,-11.1,62,4.70,345,0.59,14.0,41.8,33.6,49
2005-01-25,-14.9,-13.0,64,0.00,285,0.50,0.0,25.0,20.5,52
2005-01-26,-18.7,-15.7,64,0.00,279,0.38,0.0,18.3,13.3,48
2005-01-27,-21.1,-17.2,67,0.00,341,0.32,0.0,18.8,15.9,52
2005-01-28,-19.1,-13.9,65,0.00,326,0.41,0.0,22.0,19.3,50
2005-01-29,-14.6,-8.6,66,0.00,295,0.50,0.0,19.4,11.7,50
2005-01-30,-9.1,-4.7,75,0.00,291,0.58,0.0,14.1,12.3,65
2005-01-31,-12.6,-7.4,72,0.00,356,0.48,0.0,18.1,13.6,57
2005-02-01,-12.3,-4.5,70,0.00,212,0.60,0.0,14.1,11.3,50
2005-02-02,-9.7,-5.5,80,0.00,337,0.54,0.0,12.1,8.2,70
2005-02-03,-10.0,-5.8,87,0.20,124,0.41,2.0,8.8,6.4,76
2005-02-04,-4.2,-1.8,92,3.20,54,0.43,9.0,12.7,8.1,85
2005-02-05,-4.6,-1.1,86,0.00,8,0.66,0.0,15.0,12.9,72
2005-02-06,-6.1,-3.2,81,0.00,27,0.67,0.0,21.7,14.9,72
2005-02-07,-6.5,2.5,77,0.00,203,0.85,0.0,13.3,9.2,49
2005-02-08,-0.7,2.4,84,0.00,236,0.65,0.0,14.6,9.4,72
2005-02-09,-1.4,2.5,91,2.20,31,0.73,12.0,8.8,3.6,78
2005-02-10,-3.1,-0.1,89,5.00,38,0.31,12.0,27.2,14.5,85
2005-02-11,-1.1,2.4,93,30.20,54,0.46,13.0,40.5,17.2,86
2005-02-12,-3.9,-0.4,73,2.60,248,0.90,10.0,25.9,20.0,54
2005-02-13,-7.6,-4.8,74,0.00,298,0.74,0.0,16.1,12.5,56
2005-02-14,-10.2,-7.9,74,0.00,303,0.72,0.0,17.5,12.2,57
2005-02-15,-4.2,4.3,84,3.30,165,0.47,10.0,35.1,23.0,76
2005-02-16,1.4,4.0,92,0.20,186,0.66,1.0,20.3,14.0,79
2005-02-17,0.8,2.1,84,4.00,215,0.84,6.0,18.5,15.6,60
2005-02-18,-7.7,-4.6,66,0.00,315,0.95,0.0,19.3,16.0,50
2005-02-19,-13.4,-8.9,65,0.00,295,0.67,0.0,16.4,11.7,48
2005-02-20,-15.6,-13.1,66,0.00,276,0.48,0.0,26.1,16.9,46
2005-02-21,-17.0,-12.6,71,0.00,326,0.54,0.0,18.8,11.2,62
2005-02-22,-13.1,-10.9,75,0.00,87,0.57,0.0,14.2,12.0,64
2005-02-23,-10.2,-6.3,79,0.00,86,0.64,0.0,10.0,5.8,67
2005-02-24,-11.0,-7.5,73,0.00,330,0.74,0.0,14.5,9.7,51
2005-02-25,-12.2,-8.8,75,0.00,12,0.45,0.0,16.6,9.7,65
2005-02-26,-9.7,-4.8,68,0.00,293,0.92,0.0,27.0,19.9,52
2005-02-27,-8.7,-6.8,61,0.00,271,1.00,0.0,35.2,29.6,51
2005-02-28,-8.5,-2.5,62,0.00,264,1.16,0.0,25.7,16.6,48
2005-03-01,-6.8,-2.5,85,14.60,70,0.29,13.0,40.0,22.4,74
2005-03-02,-1.0,0.8,86,0.30,159,0.97,2.0,18.8,8.7,69
2005-03-03,-5.6,-1.6,72,0.10,283,0.89,1.0,21.8,17.2,49
2005-03-04,-10.9,-7.0,66,0.00,253,0.87,0.0,20.3,17.9,47
2005-03-05,-9.0,-4.4,68,0.00,273,0.96,0.0,21.4,17.9,49
2005-03-06,-8.0,-2.5,73,0.00,227,0.91,0.0,20.6,12.6,58
2005-03-07,-7.2,-1.4,67,1.40,272,0.95,7.0,25.2,18.0,42
2005-03-08,-1.5,7.6,84,10.30,150,0.77,16.0,28.9,20.4,63
2005-03-09,1.2,7.8,75,11.70,165,1.13,10.0,50.2,38.9,54
2005-03-10,-11.6,-6.5,62,0.00,231,0.99,0.0,27.1,18.0,44
2005-03-11,-11.4,-5.1,67,0.00,254,1.08,0.0,15.9,9.5,42
2005-03-12,-8.5,-6.6,74,0.00,86,0.86,0.0,28.8,20.8,67
2005-03-13,-5.5,-1.5,70,0.70,352,1.02,5.0,28.9,22.1,57
2005-03-14,-2.5,0.8,85,5.10,328,0.56,19.0,20.8,16.6,75
2005-03-15,0.5,3.1,81,5.90,17,1.26,11.0,26.4,18.2,61
2005-03-16,-0.9,2.2,79,0.20,357,1.29,1.0,22.2,15.2,58
2005-03-17,-2.3,1.6,79,0.60,329,1.10,4.0,14.4,10.0,60
2005-03-18,-0.5,0.2,93,12.00,0,0.48,24.0,16.0,13.7,90
2005-03-19,-0.3,2.0,79,2.30,3,1.29,9.0,22.0,16.8,62
2005-03-20,-1.9,1.6,71,0.00,307,1.66,0.0,19.6,16.3,52
2005-03-21,-2.2,0.4,83,0.00,353,0.99,0.0,12.7,10.0,73
2005-03-22,-2.0,0.4,84,0.00,37,1.41,0.0,11.6,7.1,70
2005-03-23,-2.1,0.4,87,2.70,39,1.01,10.0,22.3,12.4,68
2005-03-24,-4.7,-1.2,87,0.00,113,1.13,0.0,10.2,7.7,72
2005-03-25,-1.4,5.0,80,0.30,223,1.32,2.0,23.8,16.7,57
2005-03-26,-4.2,-0.9,70,0.00,325,1.72,0.0,19.2,12.3,52
2005-03-27,-2.6,5.8,70,0.00,204,1.97,0.0,18.9,14.3,47
2005-03-28,1.2,6.2,77,1.80,204,1.98,2.0,23.2,16.6,50
2005-03-29,1.5,2.1,95,43.10,39,0.32,20.0,26.7,12.9,90
2005-03-30,0.8,1.1,83,0.00,4,0.95,0.0,36.4,31.2,73
2005-03-31,-1.0,0.5,76,0.00,11,1.39,0.0,33.1,28.1,72
2005-04-01,-1.0,1.7,88,0.80,59,1.07,3.0,18.0,11.4,80
2005-04-02,2.0,4.0,93,1.90,167,0.91,7.0,13.8,9.7,85
2005-04-03,2.3,4.2,89,0.00,121,0.61,0.0,27.1,17.8,84
2005-04-04,4.9,7.2,94,8.80,133,1.12,17.0,31.9,20.5,81
2005-04-05,3.3,6.4,86,0.00,201,1.10,0.0,14.5,12.0,70
2005-04-06,4.8,10.8,68,0.00,245,2.80,0.0,24.3,15.8,43
2005-04-07,1.0,5.3,75,0.50,13,1.24,4.0,16.9,10.1,61
2005-04-08,1.5,6.4,85,7.90,340,1.60,12.0,14.3,9.0,57
2005-04-09,1.9,5.1,68,0.00,282,2.16,0.0,17.4,12.9,47
2005-04-10,2.4,6.3,64,0.00,238,1.98,0.0,24.5,17.2,48
2005-04-11,-0.7,0.5,76,4.70,343,1.06,13.0,34.6,25.5,64
2005-04-12,-0.4,1.3,88,19.30,26,0.89,18.0,37.5,27.6,85
2005-04-13,0.5,5.4,82,0.00,281,1.61,0.0,21.8,13.9,57
2005-04-14,1.1,2.7,68,1.20,339,2.01,4.0,26.7,18.9,46
2005-04-15,-0.7,3.6,60,0.00,323,2.38,0.0,18.7,13.7,46
2005-04-16,2.3,11.0,59,0.00,233,3.02,0.0,14.2,9.3,36
2005-04-17,5.9,12.6,65,0.00,225,3.41,0.0,18.5,12.3,44
2005-04-18,6.0,8.9,57,0.00,322,3.13,0.0,28.5,20.4,41
2005-04-19,3.5,10.0,60,0.00,318,3.10,0.0,17.3,10.7,37
2005-04-20,8.5,12.0,61,0.10,264,3.16,1.0,25.2,17.2,42
2005-04-21,3.4,6.1,54,0.10,343,2.49,1.0,17.8,12.5,38
2005-04-22,3.5,9.6,45,0.00,267,3.49,0.0,24.0,19.2,28
2005-04-23,4.5,7.8,68,0.30,213,1.76,2.0,14.8,10.1,50
2005-04-24,4.4,6.7,89,5.30,101,0.91,7.0,22.0,17.4,74
2005-04-25,6.2,7.2,99,18.20,119,0.34,17.0,32.8,25.7,98
2005-04-26,6.0,10.4,79,0.00,204,2.35,0.0,17.4,10.6,52
2005-04-27,2.3,4.2,89,0.00,75,1.73,0.0,19.9,14.5,79
2005-04-28,2.0,3.3,87,0.10,93,0.98,1.0,30.3,22.2,78
2005-04-29,5.3,10.9,83,18.60,142,2.02,11.0,33.6,28.3,54
2005-04-30,7.0,11.3,77,0.00,170,2.80,0.0,21.7,14.7,58
2005-05-01,8.1,10.0,96,24.10,161,0.46,22.0,33.7,23.5,83
2005-05-02,9.2,13.0,73,2.60,240,3.30,3.0,22.1,18.9,38
2005-05-03,7.6,11.3,69,1.30,212,2.61,7.0,18.8,13.0,52
2005-05-04,7.5,11.8,69,0.90,214,3.09,5.0,15.7,11.3,38
2005-05-05,7.3,11.3,71,0.00,270,2.94,0.0,13.8,8.7,46
2005-05-06,8.4,13.4,63,0.00,160,3.69,0.0,17.1,10.4,39
2005-05-07,7.1,9.5,72,2.50,117,1.83,3.0,15.4,10.7,60
2005-05-08,3.1,3.9,93,36.10,59,0.46,24.0,31.1,26.9,88
2005-05-09,4.7,8.3,87,0.40,40,2.17,2.0,20.1,15.3,77
2005-05-10,4.1,8.9,93,0.00,38,1.89,0.0,13.9,10.3,80
2005-05-11,5.1,11.0,92,0.00,75,2.32,0.0,13.8,6.6,77
2005-05-12,6.3,8.9,73,3.80,300,2.21,6.0,31.2,21.2,35
2005-05-13,2.0,5.1,41,0.00,322,3.26,0.0,33.2,27.4,33
2005-05-14,4.9,11.0,55,0.00,339,3.79,0.0,22.5,15.0,44
2005-05-15,5.2,6.2,85,0.00,37,1.31,0.0,18.5,13.8,70
2005-05-16,4.2,5.9,93,3.40,54,0.72,10.0,14.9,11.1,88
2005-05-17,6.4,10.9,88,1.00,355,1.77,3.0,11.4,7.7,68
2005-05-18,7.2,9.8,87,0.10,82,2.28,1.0,15.0,9.2,75
2005-05-19,6.0,8.1,91,0.20,24,1.27,1.0,18.3,12.2,83
2005-05-20,5.2,5.8,93,14.30,359,0.57,22.0,28.5,24.6,86
2005-05-21,5.5,5.8,89,0.40,24,0.80,4.0,24.2,22.2,85
2005-05-22,5.6,6.2,93,17.70,69,0.50,14.0,31.8,26.8,89
2005-05-23,6.4,7.9,86,0.70,73,1.88,3.0,29.8,27.4,76
2005-05-24,6.0,7.6,81,0.00,69,2.00,0.0,25.4,22.5,72
2005-05-25,6.3,8.6,81,0.00,67,2.60,0.0,22.7,18.5,67
2005-05-26,6.4,7.9,81,8.30,67,1.24,9.0,26.3,21.5,70
2005-05-27,7.1,8.0,96,21.50,51,0.84,17.0,25.7,21.3,92
2005-05-28,7.8,10.1,94,0.10,3,0.97,1.0,17.2,11.7,87
2005-05-29,8.5,9.7,93,0.80,29,0.83,6.0,11.9,10.3,88
2005-05-30,10.7,14.5,84,0.00,90,3.52,0.0,14.2,9.4,66
2005-05-31,12.3,17.9,81,0.00,147,4.19,0.0,13.4,8.5,61
2005-06-01,15.9,22.8,68,0.00,228,5.13,0.0,15.9,11.1,41
2005-06-02,19.2,26.7,59,0.00,244,6.11,0.0,21.7,18.9,38
2005-06-03,20.7,27.4,59,0.00,237,6.34,0.0,23.8,21.7,36
2005-06-04,15.1,21.2,65,0.00,286,4.18,0.0,25.4,17.5,54
2005-06-05,10.5,13.6,70,1.30,70,2.65,4.0,18.1,11.6,56
2005-06-06,10.0,12.6,70,0.30,138,2.24,2.0,20.5,9.4,48
2005-06-07,14.1,22.8,82,8.40,204,3.11,16.0,25.9,20.9,61
2005-06-08,16.5,19.5,77,0.20,264,3.42,1.0,22.4,14.1,47
2005-06-09,15.5,20.7,68,0.00,242,4.87,0.0,15.5,8.9,42
2005-06-10,19.3,27.8,75,0.00,204,5.19,0.0,24.7,17.4,58
2005-06-11,14.9,23.6,82,6.60,56,3.71,3.0,24.9,12.5,67
2005-06-12,16.3,24.0,85,2.70,201,2.77,6.0,24.2,14.2,74
2005-06-13,11.6,18.5,95,7.70,36,0.89,15.0,17.5,12.0,90
2005-06-14,11.6,14.0,83,0.10,87,2.90,1.0,20.2,17.7,67
2005-06-15,11.4,13.3,75,0.30,80,3.25,1.0,19.1,15.0,68
2005-06-16,10.7,11.5,89,9.70,109,1.08,17.0,21.6,18.0,81
2005-06-17,9.9,10.3,90,6.00,69,0.94,22.0,23.6,20.5,85
2005-06-18,9.8,10.0,91,7.70,52,0.84,24.0,25.9,23.0,88
2005-06-19,11.3,14.5,78,0.60,23,3.36,4.0,25.0,18.2,63
2005-06-20,15.6,23.6,69,0.00,219,5.33,0.0,22.4,14.1,44
2005-06-21,20.7,27.3,69,0.00,229,5.97,0.0,24.3,20.4,54
2005-06-22,17.3,22.5,72,2.40,302,3.18,5.0,24.1,13.2,52
2005-06-23,15.1,19.3,58,0.00,343,5.21,0.0,16.0,11.8,45
2005-06-24,17.8,24.3,66,0.00,226,5.10,0.0,27.1,16.0,48
2005-06-25,22.6,30.1,74,7.40,239,5.47,6.0,26.3,15.3,55
2005-06-26,18.7,24.1,78,0.00,22,3.78,0.0,17.8,14.3,71
2005-06-27,16.8,22.1,78,0.00,110,3.78,0.0,17.8,10.1,62
2005-06-28,22.2,28.7,77,0.00,216,5.34,0.0,25.6,22.0,59
2005-06-29,22.6,28.8,82,11.60,232,4.29,4.0,26.2,21.3,58
2005-06-30,15.9,17.9,72,0.00,74,4.66,0.0,17.9,13.9,57
2005-07-01,17.0,21.6,80,0.60,164,2.92,1.0,22.6,13.1,75
2005-07-02,19.8,24.1,84,6.70,209,3.18,12.0,22.7,20.1,56
2005-07-03,18.0,22.1,60,0.00,280,5.65,0.0,16.1,11.6,42
2005-07-04,20.2,26.4,66,0.00,204,5.95,0.0,19.7,14.4,42
2005-07-05,20.6,26.2,63,0.00,215,5.82,0.0,20.7,19.0,49
2005-07-06,16.8,21.6,80,11.30,7,2.16,15.0,25.0,19.4,62
2005-07-07,16.0,19.3,68,0.00,44,4.92,0.0,18.9,14.4,49
2005-07-08,17.0,22.6,66,0.00,170,5.11,0.0,12.5,6.0,43
2005-07-09,18.0,21.0,79,0.00,189,2.84,0.0,15.5,11.8,68
2005-07-10,17.1,18.8,91,8.50,119,1.43,13.0,14.5,6.7,85
2005-07-11,17.1,18.8,90,0.70,20,2.78,3.0,21.8,12.1,78
2005-07-12,16.1,17.2,80,0.00,32,2.77,0.0,19.3,16.5,72
2005-07-13,16.2,19.3,80,0.00,26,2.69,0.0,11.5,6.6,71
2005-07-14,17.2,21.3,89,4.60,210,2.25,7.0,20.1,16.2,73
2005-07-15,19.2,22.7,80,4.80,266,4.08,5.0,21.1,14.1,52
2005-07-16,17.6,19.0,77,0.00,11,3.57,0.0,16.8,10.5,66
2005-07-17,19.8,26.7,79,0.00,176,4.83,0.0,15.3,7.9,54
2005-07-18,23.7,28.2,80,0.20,227,4.76,1.0,21.0,18.7,64
2005-07-19,24.3,29.2,80,0.00,218,4.37,0.0,18.5,16.3,60
2005-07-20,24.4,27.3,76,0.00,258,4.76,0.0,19.1,12.5,52
2005-07-21,21.5,25.4,66,0.00,4,5.30,0.0,13.3,8.5,45
2005-07-22,21.1,25.3,74,0.80,195,4.59,1.0,16.3,10.7,60
2005-07-23,18.8,21.2,84,7.30,29,3.34,7.0,19.7,9.6,67
2005-07-24,18.4,21.6,72,0.10,322,4.21,1.0,21.3,14.1,43
2005-07-25,17.3,22.0,65,5.40,248,3.41,6.0,16.4,13.2,46
2005-07-26,19.6,26.1,79,0.50,255,4.04,4.0,14.6,11.2,53
2005-07-27,21.1,25.0,82,9.00,216,2.43,8.0,22.1,15.6,69
2005-07-28,19.0,22.6,70,17.30,331,4.68,8.0,17.8,12.9,48
2005-07-29,19.2,23.7,72,0.00,158,4.57,0.0,13.3,7.9,52
2005-07-30,19.0,21.8,60,0.00,284,4.67,0.0,18.0,14.3,41
2005-07-31,18.2,22.7,57,0.00,277,4.99,0.0,15.2,10.9,36
2005-08-01,17.1,20.1,75,4.20,197,2.49,6.0,19.7,13.7,58
2005-08-02,17.5,22.1,87,11.10,224,2.96,12.0,15.4,12.2,66
2005-08-03,17.7,20.9,83,1.50,303,3.29,4.0,19.4,14.0,61
2005-08-04,17.7,20.2,77,0.90,24,3.79,2.0,16.3,12.5,60
2005-08-05,19.1,23.9,75,0.00,201,3.58,0.0,28.0,20.4,58
2005-08-06,20.3,23.7,66,0.00,284,4.95,0.0,19.1,13.2,40
2005-08-07,20.5,25.7,63,0.00,214,5.24,0.0,17.1,11.7,41
2005-08-08,21.7,26.7,66,0.00,227,5.39,0.0,21.7,14.3,45
2005-08-09,22.8,28.9,71,0.00,202,5.43,0.0,22.4,16.0,45
2005-08-10,23.8,28.6,73,0.00,215,5.01,0.0,24.1,20.1,55
2005-08-11,22.2,25.6,80,1.20,227,3.37,4.0,22.8,18.4,50
2005-08-12,19.9,23.8,59,0.00,287,4.86,0.0,14.1,10.4,40
2005-08-13,19.3,22.8,75,3.40,207,2.44,6.0,22.3,16.4,63
2005-08-14,20.8,22.9,75,0.20,260,2.95,2.0,15.7,10.4,58
2005-08-15,19.2,22.2,66,0.00,355,4.31,0.0,13.1,9.6,48
2005-08-16,19.4,24.5,68,0.00,189,4.65,0.0,19.3,11.7,43
2005-08-17,19.7,23.5,61,0.00,243,4.76,0.0,20.4,16.7,37
2005-08-18,17.0,20.0,58,0.00,296,3.98,0.0,20.1,13.9,39
2005-08-19,16.5,20.9,55,0.00,279,4.64,0.0,14.5,10.5,36
2005-08-20,17.4,21.7,67,0.00,190,3.66,0.0,16.3,11.0,49
2005-08-21,19.7,22.2,86,5.90,183,1.94,13.0,23.1,19.7,70
2005-08-22,20.7,24.7,79,0.50,225,3.75,1.0,18.7,12.1,51
2005-08-23,17.8,20.0,91,2.10,44,2.23,6.0,16.7,8.3,82
2005-08-24,15.6,16.3,85,0.00,23,1.85,0.0,18.8,16.1,73
2005-08-25,15.8,18.9,76,0.00,10,2.30,0.0,20.3,14.9,62
2005-08-26,19.1,25.0,70,0.00,272,4.32,0.0,12.3,9.2,44
2005-08-27,19.8,25.9,71,0.00,184,4.22,0.0,14.5,7.1,41
2005-08-28,20.4,25.5,67,0.00,220,4.80,0.0,24.8,19.1,47
2005-08-29,20.1,22.8,85,6.00,211,1.94,13.0,19.7,14.2,69
2005-08-30,18.9,20.4,97,24.20,195,0.65,23.0,17.3,15.1,93
2005-08-31,18.2,18.8,96,23.00,163,0.55,11.0,22.2,10.4,92
2005-09-01,21.5,23.5,90,6.70,185,1.77,9.0,32.6,25.0,73
2005-09-02,20.9,25.5,72,0.00,232,4.35,0.0,17.3,15.5,53
2005-09-03,20.1,22.5,68,0.00,244,4.01,0.0,20.7,19.3,50
2005-09-04,17.8,20.4,66,0.00,291,3.34,0.0,17.2,11.4,49
2005-09-05,16.0,19.2,65,0.00,324,3.68,0.0,15.5,10.7,47
2005-09-06,17.2,23.0,69,0.00,238,3.74,0.0,17.6,10.0,46
2005-09-07,19.2,25.2,69,0.00,239,4.36,0.0,18.6,15.9,50
2005-09-08,19.7,24.3,80,1.90,238,3.44,4.0,18.7,11.8,63
2005-09-09,16.7,19.6,78,11.30,347,2.84,13.0,20.8,9.9,55
2005-09-10,14.0,16.8,75,2.80,326,2.76,8.0,23.3,18.2,55
2005-09-11,14.6,18.9,64,0.30,317,3.74,2.0,21.6,14.9,41
2005-09-12,17.9,20.4,67,3.10,288,3.41,6.0,30.9,25.7,57
2005-09-13,15.3,17.9,70,0.00,33,3.09,0.0,19.9,10.6,59
2005-09-14,18.4,24.8,74,0.00,214,3.70,0.0,21.6,18.7,65
2005-09-15,19.1,21.8,86,2.10,227,1.78,5.0,23.2,18.3,76
2005-09-16,16.6,18.6,81,10.20,343,2.77,7.0,18.0,11.4,63
2005-09-17,14.3,14.9,92,16.10,75,0.59,17.0,19.2,15.7,86
2005-09-18,14.5,14.9,96,7.50,40,0.46,22.0,22.4,18.6,94
2005-09-19,15.9,20.7,82,0.90,276,2.21,5.0,15.1,9.9,58
2005-09-20,14.2,16.9,77,3.70,21,2.30,3.0,22.9,13.3,62
2005-09-21,15.4,16.8,79,10.90,246,2.19,5.0,31.4,23.6,49
2005-09-22,15.4,18.7,65,0.00,249,3.08,0.0,23.0,19.6,52
2005-09-23,15.9,17.7,86,5.00,240,1.17,8.0,21.9,18.1,78
2005-09-24,12.4,15.1,57,0.00,304,3.51,0.0,24.8,22.1,41
2005-09-25,11.9,16.1,63,0.00,244,2.96,0.0,21.7,14.0,45
2005-09-26,13.7,15.6,86,10.10,211,0.98,14.0,26.1,18.7,65
2005-09-27,13.0,15.7,85,14.50,299,1.09,16.0,30.6,21.6,58
2005-09-28,12.7,17.1,72,0.00,268,2.75,0.0,17.9,12.7,50
2005-09-29,14.2,18.9,69,0.00,183,3.04,0.0,36.9,24.5,55
2005-09-30,12.0,17.8,63,6.70,238,2.81,3.0,40.4,23.8,43
2005-10-01,11.2,16.0,66,0.00,229,2.68,0.0,24.1,15.4,48
2005-10-02,14.6,19.1,71,0.00,255,2.86,0.0,24.7,14.8,51
2005-10-03,15.3,22.0,74,0.00,226,2.67,0.0,19.3,10.0,56
2005-10-04,16.7,21.7,73,0.00,225,3.06,0.0,25.2,22.3,61
2005-10-05,15.4,18.2,81,0.00,230,1.61,0.0,25.0,14.6,72
2005-10-06,13.1,14.8,92,0.60,223,0.71,4.0,19.4,13.2,86
2005-10-07,16.1,19.6,92,2.60,210,1.13,11.0,26.9,17.5,81
2005-10-08,11.1,18.5,93,52.20,10,0.41,20.0,27.9,19.5,87
2005-10-09,10.1,10.8,79,5.20,53,1.17,18.0,30.5,25.9,73
2005-10-10,12.0,13.2,84,3.80,72,1.08,12.0,26.1,22.4,81
2005-10-11,10.9,12.2,83,4.70,8,1.12,11.0,21.6,18.4,58
2005-10-12,8.8,10.2,71,0.00,38,1.88,0.0,22.2,18.7,62
2005-10-13,9.0,11.1,77,0.00,99,1.45,0.0,13.1,9.0,67
2005-10-14,10.0,12.0,84,0.00,155,0.88,0.0,11.2,8.5,75
2005-10-15,11.5,12.6,91,1.50,114,0.59,8.0,28.0,16.7,87
2005-10-16,10.9,12.7,92,23.60,126,0.75,21.0,38.3,28.9,80
2005-10-17,8.8,11.1,91,7.80,275,0.80,23.0,22.1,14.9,85
2005-10-18,9.8,12.4,76,0.00,257,1.52,0.0,21.7,19.0,59
2005-10-19,10.0,12.7,72,0.10,257,1.71,1.0,22.5,17.6,58
2005-10-20,8.8,10.3,78,8.00,255,1.48,13.0,32.8,23.2,53
2005-10-21,7.0,10.1,64,0.00,276,2.13,0.0,25.2,22.7,50
2005-10-22,7.5,10.3,72,0.00,303,1.53,0.0,21.1,15.2,62
2005-10-23,7.6,8.2,80,11.80,66,0.92,13.0,34.6,24.7,74
2005-10-24,7.0,7.8,82,5.70,49,1.13,14.0,33.7,25.9,68
2005-10-25,6.7,7.6,78,7.80,67,1.00,11.0,35.4,24.6,70
2005-10-26,6.1,7.1,93,36.70,58,0.40,24.0,42.5,38.5,89
2005-10-27,5.2,7.0,80,1.30,336,0.98,5.0,31.8,22.7,70
2005-10-28,5.4,7.6,73,0.00,278,1.15,0.0,16.5,11.4,57
2005-10-29,4.7,9.0,71,0.00,259,1.34,0.0,16.2,10.4,53
2005-10-30,6.3,12.0,76,0.00,309,1.31,0.0,15.5,9.6,60
2005-10-31,9.3,12.9,81,0.00,266,1.08,0.0,17.8,12.2,69
2005-11-01,10.6,14.4,79,0.00,232,1.48,0.0,19.5,16.6,64
2005-11-02,9.7,11.2,72,1.40,242,1.61,4.0,27.1,22.3,52
2005-11-03,4.5,6.7,62,1.50,264,1.73,4.0,27.1,22.6,50
2005-11-04,2.8,3.8,74,1.30,313,0.93,3.0,21.0,13.5,47
2005-11-05,4.2,6.4,87,5.30,129,0.52,14.0,20.6,12.5,60
2005-11-06,5.2,6.0,85,1.50,70,0.61,10.0,26.0,19.8,74
2005-11-07,9.1,11.6,82,5.40,184,1.24,13.0,29.2,26.7,54
2005-11-08,4.3,6.7,51,0.00,265,2.25,0.0,37.1,30.3,44
2005-11-09,2.8,4.3,68,0.50,330,1.21,3.0,25.0,18.9,58
2005-11-10,5.5,10.6,90,23.60,161,0.43,18.0,31.6,23.3,71
2005-11-11,2.7,4.8,74,0.20,260,1.03,1.0,22.8,18.0,44
2005-11-12,1.1,3.0,65,0.00,284,1.14,0.0,20.2,17.4,51
2005-11-13,1.8,6.2,71,0.00,238,1.08,0.0,16.9,12.2,52
2005-11-14,7.5,11.3,87,0.00,218,0.85,0.0,23.5,18.9,58
2005-11-15,2.9,7.2,62,0.20,291,1.15,1.0,24.9,14.2,51
2005-11-16,2.9,7.8,91,15.50,121,0.18,23.0,25.8,17.1,74
2005-11-17,9.2,13.8,90,13.20,215,0.47,8.0,33.4,20.5,69
2005-11-18,1.0,4.6,62,0.50,290,1.06,3.0,17.2,13.8,44
2005-11-19,-2.6,-0.6,49,0.00,259,1.21,0.0,15.7,13.3,40
2005-11-20,-0.2,3.1,71,0.00,224,0.86,0.0,23.4,19.1,58
2005-11-21,2.6,6.9,83,0.00,218,0.65,0.0,17.6,15.7,71
2005-11-22,5.1,11.1,96,22.30,150,0.13,13.0,41.4,22.5,88
2005-11-23,6.6,11.1,81,7.10,186,0.64,12.0,48.5,23.5,59
2005-11-24,0.1,2.1,76,11.50,141,0.60,11.0,34.6,16.6,62
2005-11-25,2.2,6.0,68,2.10,206,1.14,5.0,33.8,28.0,32
2005-11-26,-3.3,-1.4,57,0.00,244,0.97,0.0,21.6,12.2,41
2005-11-27,-1.9,-1.3,77,2.60,46,0.49,7.0,20.3,13.6,60
2005-11-28,-3.2,-0.1,83,0.00,188,0.34,0.0,14.2,7.6,72
2005-11-29,2.2,5.6,85,0.00,186,0.61,0.0,18.1,14.6,77
2005-11-30,5.5,9.5,92,0.20,177,0.48,1.0,21.9,19.0,84
2005-12-01,6.6,8.5,94,10.10,175,0.29,19.0,24.0,15.0,83
2005-12-02,3.9,6.2,97,16.30,119,0.13,14.0,34.5,22.2,90
2005-12-03,1.0,3.7,78,0.00,224,0.75,0.0,25.3,18.3,44
2005-12-04,-2.7,-1.2,49,0.00,250,1.45,0.0,29.5,24.9,44
2005-12-05,-2.7,-0.9,52,0.00,258,1.34,0.0,37.5,26.3,39
2005-12-06,-3.6,-2.4,53,0.00,264,1.07,0.0,25.1,18.1,45
2005-12-07,-5.6,-4.0,48,0.00,277,1.20,0.0,28.4,23.9,35
2005-12-08,-5.3,-2.7,51,0.00,294,1.10,0.0,23.6,19.5,37
2005-12-09,-6.6,-3.9,54,1.70,241,0.80,5.0,18.7,14.7,41
2005-12-10,-4.4,-1.4,68,1.50,309,0.73,6.0,24.3,16.3,47
2005-12-11,-0.2,3.2,86,1.90,172,0.37,7.0,21.9,17.1,64
2005-12-12,-2.5,0.5,85,0.00,248,0.40,0.0,17.4,12.0,71
2005-12-13,-6.8,-2.5,55,0.00,334,0.74,0.0,21.7,14.6,38
2005-12-14,-7.4,-5.4,60,4.90,345,0.84,14.0,30.9,26.4,49
2005-12-15,-7.5,-5.1,56,0.00,313,0.98,0.0,31.6,29.2,45
2005-12-16,-6.9,-3.4,66,0.10,302,0.63,1.0,24.0,13.9,55
2005-12-17,-1.2,0.3,81,11.00,200,0.67,12.0,35.4,26.8,62
2005-12-18,-2.3,0.0,71,0.00,255,0.81,0.0,25.3,20.0,58
2005-12-19,-4.4,-2.6,76,0.00,245,0.53,0.0,18.0,15.2,65
2005-12-20,-5.6,-2.2,73,0.00,243,0.62,0.0,21.4,18.6,62
2005-12-21,-10.4,-4.9,67,0.20,296,0.50,1.0,21.1,15.4,53
2005-12-22,-12.0,-9.7,61,0.00,254,0.52,0.0,17.8,14.9,54
2005-12-23,-6.3,-0.9,71,0.40,232,0.59,2.0,25.8,18.4,62
2005-12-24,-3.2,-0.7,86,2.60,128,0.34,8.0,14.8,10.2,80
2005-12-25,-3.7,-1.3,90,1.80,267,0.22,10.0,10.5,7.0,86
2005-12-26,-1.7,-0.9,93,23.10,62,0.19,21.0,44.4,29.5,90
2005-12-27,-4.1,-2.3,83,28.70,1,0.47,24.0,44.8,41.0,75
2005-12-28,-5.6,-3.9,75,0.00,305,0.61,0.0,35.4,19.4,62
2005-12-29,-3.1,4.3,85,1.80,187,0.30,9.0,20.9,15.3,78
2005-12-30,0.7,4.0,93,37.20,359,0.20,24.0,33.9,19.0,82
2005-12-31,-9.0,-4.4,73,0.10,321,0.51,1.0,29.8,21.1,63
2006-01-01,-7.7,-5.4,77,0.90,10,0.39,8.0,22.2,15.7,74
2006-01-02,-8.4,-6.5,81,0.00,325,0.31,0.0,14.9,10.8,74
2006-01-03,-11.2,-9.0,76,0.00,306,0.35,0.0,16.2,10.8,65
2006-01-04,-9.3,-4.9,77,0.00,62,0.30,0.0,11.9,7.2,71
2006-01-05,-4.9,-3.5,86,0.00,30,0.23,0.0,13.2,9.4,82
2006-01-06,-2.6,-0.9,89,1.20,100,0.22,6.0,12.3,9.5,86
2006-01-07,-2.6,-0.9,85,2.50,273,0.46,10.0,21.2,14.9,64
2006-01-08,-10.3,-7.4,77,0.00,249,0.40,0.0,17.2,14.4,63
2006-01-09,-9.5,-4.2,81,2.80,123,0.24,7.0,17.8,10.0,73
2006-01-10,-4.8,-3.1,79,2.70,278,0.54,6.0,23.0,18.1,61
2006-01-11,-3.5,0.6,78,0.10,235,0.65,1.0,24.0,18.1,67
2006-01-12,1.0,3.0,93,19.30,225,0.25,19.0,20.0,13.0,80
2006-01-13,1.0,3.7,89,0.00,229,0.50,0.0,19.6,15.6,78
2006-01-14,5.2,9.3,93,0.50,188,0.42,4.0,31.0,22.9,83
2006-01-15,3.6,8.9,93,29.90,220,0.23,21.0,31.1,22.7,83
2006-01-16,-6.7,-4.8,78,13.10,302,0.43,15.0,23.9,19.8,74
2006-01-17,-5.0,-3.5,69,0.00,307,0.82,0.0,27.7,24.0,58
2006-01-18,-4.7,2.8,75,0.40,143,0.48,1.0,40.6,18.3,67
2006-01-19,1.4,6.7,69,8.00,228,1.17,6.0,49.8,36.2,51
2006-01-20,-3.1,-1.0,74,3.40,241,0.56,9.0,25.2,13.4,58
2006-01-21,-0.4,4.7,92,2.10,197,0.23,6.0,26.7,14.4,89
2006-01-22,-6.9,4.6,62,0.80,298,0.85,2.0,38.2,30.7,47
2006-01-23,-8.8,-3.8,60,0.10,246,0.64,1.0,21.0,12.6,52
2006-01-24,-2.3,-0.8,85,3.20,190,0.48,11.0,12.8,9.4,67
2006-01-25,-2.5,-0.2,88,0.60,76,0.36,3.0,22.2,10.9,81
2006-01-26,-4.1,-1.0,77,2.20,350,0.65,12.0,31.1,28.8,61
2006-01-27,-9.1,-4.9,61,0.00,317,0.88,0.0,30.9,26.4,47
2006-01-28,-1.7,3.6,68,0.00,267,1.05,0.0,21.4,18.4,57
2006-01-29,-3.9,0.2,65,0.00,292,0.97,0.0,29.3,21.6,51
2006-01-30,-7.1,-5.5,68,0.00,20,0.61,0.0,18.4,14.5,62
2006-01-31,-4.7,-1.9,78,0.00,76,0.50,0.0,27.0,18.8,74
2006-02-01,-2.6,-1.8,77,1.80,31,0.72,11.0,37.5,33.2,70
2006-02-02,-4.5,-3.0,74,0.00,10,0.61,0.0,25.6,11.7,65
2006-02-03,-3.8,-0.6,79,1.20,146,0.56,3.0,25.2,13.1,70
2006-02-04,2.9,5.8,87,7.40,217,0.84,7.0,31.6,19.8,65
2006-02-05,0.5,3.8,90,30.40,93,0.25,16.0,30.3,21.4,81
2006-02-06,2.5,4.1,86,4.70,202,0.79,4.0,26.9,21.2,60
2006-02-07,-3.3,-0.6,59,0.00,252,1.13,0.0,23.1,17.9,49
2006-02-08,-6.2,-2.7,63,0.00,269,1.02,0.0,21.4,17.8,51
2006-02-09,-7.8,-5.0,59,0.00,274,0.88,0.0,18.0,12.6,40
2006-02-10,-10.7,-7.7,55,0.00,284,0.75,0.0,20.5,13.0,46
2006-02-11,-12.7,-9.0,56,0.00,281,0.80,0.0,21.2,16.6,41
2006-02-12,-12.4,-7.0,67,2.40,22,0.51,5.0,26.8,13.2,53
2006-02-13,-7.2,-4.7,71,10.80,329,0.84,11.0,39.2,27.4,51
2006-02-14,-7.5,-1.2,67,0.30,233,0.90,2.0,23.5,16.7,47
2006-02-15,-5.3,2.5,74,0.00,193,0.78,0.0,22.8,10.8,62
2006-02-16,-1.7,2.3,78,0.00,301,0.84,0.0,22.4,14.0,53
2006-02-17,-0.8,9.2,80,6.40,160,0.79,8.0,40.8,23.3,61
2006-02-18,-10.6,5.6,57,1.40,257,0.87,2.0,45.1,38.9,44
2006-02-19,-17.1,-13.2,52,0.00,280,0.69,0.0,34.4,26.8,42
2006-02-20,-12.3,-4.6,59,0.00,248,0.79,0.0,20.1,14.1,47
2006-02-21,-7.6,-2.8,66,0.00,222,0.86,0.0,14.6,10.3,49
2006-02-22,-6.0,-3.4,81,1.80,25,0.72,6.0,11.6,8.1,64
2006-02-23,-7.6,-4.7,88,0.00,124,0.66,0.0,14.9,8.6,74
2006-02-24,-6.6,-4.1,86,1.90,100,0.56,8.0,13.0,10.6,79
2006-02-25,-8.3,-6.3,73,0.00,314,0.80,0.0,19.4,15.3,52
2006-02-26,-13.7,-9.9,62,0.00,291,0.76,0.0,26.8,22.4,42
2006-02-27,-15.6,-13.6,57,0.00,268,0.63,0.0,25.6,20.9,38
2006-02-28,-13.2,-9.4,51,0.00,244,0.81,0.0,22.3,17.4,39
2006-03-01,-13.5,-10.6,55,0.00,289,0.72,0.0,13.2,10.4,36
2006-03-02,-14.4,-9.1,57,0.00,272,0.79,0.0,9.6,7.1,42
2006-03-03,-10.9,-4.4,62,0.00,271,0.86,0.0,17.8,13.9,56
2006-03-04,-4.8,-2.1,80,1.50,329,0.73,10.0,24.8,15.8,71
2006-03-05,-1.1,2.8,70,0.00,294,1.32,0.0,25.5,19.9,54
2006-03-06,-1.5,2.3,69,0.00,324,1.40,0.0,21.2,13.9,53
2006-03-07,-2.8,2.8,72,0.00,263,1.48,0.0,12.6,7.0,52
2006-03-08,-3.6,-0.0,75,0.20,12,0.99,1.0,13.5,8.5,49
2006-03-09,-3.3,0.4,75,0.10,360,1.14,1.0,14.9,10.0,65
2006-03-10,-0.4,4.1,89,8.80,160,0.38,15.0,27.1,18.8,80
2006-03-11,3.7,5.3,78,0.70,273,1.59,3.0,26.9,21.7,53
2006-03-12,2.7,8.8,63,0.20,268,2.22,1.0,25.2,17.4,49
2006-03-13,3.5,6.5,74,0.90,271,1.77,2.0,23.2,17.5,51
2006-03-14,-0.4,1.3,86,17.60,103,0.40,9.0,28.2,17.3,77
2006-03-15,0.4,3.0,81,2.90,248,1.23,5.0,26.3,20.4,57
2006-03-16,-1.8,0.0,67,0.00,291,1.36,0.0,26.1,18.3,49
2006-03-17,-5.1,-2.7,66,0.00,296,1.19,0.0,17.1,14.1,52
2006-03-18,-5.6,-2.1,62,0.00,279,1.20,0.0,18.0,12.2,45
2006-03-19,-6.1,-2.7,66,0.00,17,1.11,0.0,13.0,8.0,53
2006-03-20,-4.7,1.8,70,0.20,290,1.40,2.0,24.5,16.4,46
2006-03-21,0.3,2.7,81,1.50,275,1.00,10.0,22.4,13.8,72
2006-03-22,-0.4,2.1,90,2.20,17,0.73,4.0,25.8,13.5,78
2006-03-23,0.8,1.1,92,8.00,18,0.55,22.0,33.6,28.1,89
2006-03-24,0.8,2.7,83,0.00,22,1.35,0.0,20.4,12.8,71
2006-03-25,0.7,4.0,80,0.00,137,1.23,0.0,11.8,10.3,64
2006-03-26,-0.1,1.5,82,0.00,44,1.32,0.0,19.8,12.8,70
2006-03-27,0.5,4.3,73,0.00,0,1.74,0.0,18.6,14.1,53
2006-03-28,0.9,6.2,59,0.00,319,2.29,0.0,20.2,12.6,45
2006-03-29,3.7,9.7,60,0.00,271,2.69,0.0,15.6,10.6,40
2006-03-30,5.4,11.9,60,0.10,296,2.91,1.0,16.9,13.5,33
2006-03-31,4.5,9.9,66,0.00,177,1.70,0.0,13.9,10.2,50
2006-04-01,6.7,13.9,78,0.30,189,1.87,1.0,22.2,14.8,60
2006-04-02,5.1,8.3,85,5.60,262,0.96,9.0,31.4,23.0,59
2006-04-03,3.2,7.6,61,0.00,329,2.74,0.0,31.3,21.8,48
2006-04-04,0.7,2.8,75,0.00,82,1.41,0.0,27.1,15.3,67
2006-04-05,2.0,5.4,86,5.00,108,0.94,15.0,28.9,18.0,72
2006-04-06,0.9,3.0,87,11.20,49,0.48,14.0,29.0,18.1,78
2006-04-07,3.3,8.2,76,2.30,269,1.97,8.0,24.7,18.5,51
2006-04-08,3.3,6.3,78,7.90,239,1.71,9.0,26.1,16.9,37
2006-04-09,2.4,7.3,58,0.00,277,2.70,0.0,20.4,12.3,43
2006-04-10,2.6,7.6,65,0.00,18,2.41,0.0,12.9,9.2,42
2006-04-11,4.9,11.6,64,0.00,269,2.98,0.0,14.1,10.3,36
2006-04-12,4.5,10.3,69,0.00,109,2.84,0.0,19.9,12.3,55
2006-04-13,8.7,13.3,64,0.50,196,2.73,2.0,29.3,24.7,51
2006-04-14,8.4,11.8,75,2.10,203,2.42,8.0,25.7,13.9,48
2006-04-15,3.1,6.6,92,2.00,82,1.56,3.0,21.0,11.8,79
2006-04-16,2.1,2.9,99,20.30,70,0.31,24.0,23.4,18.9,98
2006-04-17,1.6,2.9,98,25.70,18,0.27,24.0,38.3,30.4,95
2006-04-18,2.4,3.3,91,10.70,17,0.59,24.0,41.6,37.4,87
2006-04-19,3.2,5.7,75,14.90,20,1.34,22.0,40.4,34.4,52
2006-04-20,2.5,3.6,91,2.70,20,0.73,9.0,34.1,24.0,72
2006-04-21,1.7,3.5,66,0.00,29,2.26,0.0,30.9,26.7,55
2006-04-22,3.9,9.1,63,0.00,17,3.05,0.0,12.9,10.8,45
2006-04-23,5.4,11.6,67,0.00,92,3.29,0.0,14.3,7.2,45
2006-04-24,5.2,9.2,77,0.00,136,1.88,0.0,19.6,13.6,60
2006-04-25,7.4,12.1,87,1.90,193,1.47,9.0,21.4,14.0,64
2006-04-26,4.8,9.6,47,1.00,259,3.49,3.0,29.8,22.9,28
2006-04-27,5.2,8.1,60,0.10,228,2.96,1.0,24.5,12.6,39
2006-04-28,2.9,6.8,59,0.00,17,3.00,0.0,16.6,11.0,45
2006-04-29,3.2,7.3,67,0.00,48,2.91,0.0,13.4,8.8,48
2006-04-30,5.8,15.1,64,0.00,55,3.76,0.0,20.6,7.9,35
2006-05-01,5.3,8.3,68,0.00,56,2.75,0.0,20.5,12.6,53
2006-05-02,4.3,6.9,75,0.00,46,1.18,0.0,10.8,8.3,64
2006-05-03,5.7,9.5,71,0.00,57,2.48,0.0,13.3,10.1,55
2006-05-04,6.3,11.6,76,0.00,51,2.41,0.0,13.7,9.6,59
2006-05-05,9.7,18.0,87,0.50,173,2.91,3.0,12.0,7.5,64
2006-05-06,6.6,9.9,95,0.00,73,1.70,0.0,16.7,8.6,85
2006-05-07,10.1,13.6,68,0.00,238,3.43,0.0,21.1,19.2,31
2006-05-08,7.5,12.7,59,0.00,146,3.81,0.0,20.5,10.5,35
2006-05-09,6.6,9.8,63,0.00,95,3.30,0.0,19.7,13.2,48
2006-05-10,4.8,6.0,90,1.50,57,0.75,10.0,16.9,15.3,71
2006-05-11,6.5,9.5,82,1.50,85,2.39,8.0,19.5,18.2,55
2006-05-12,6.5,9.9,70,0.00,76,3.11,0.0,17.5,15.0,55
2006-05-13,6.4,10.7,79,0.00,40,3.08,0.0,16.1,12.3,64
2006-05-14,6.5,11.4,86,0.00,48,3.02,0.0,11.5,8.6,68
2006-05-15,11.5,19.7,75,0.00,197,4.35,0.0,14.3,7.8,41
2006-05-16,13.8,18.1,65,9.00,192,3.42,6.0,20.6,14.0,48
2006-05-17,11.7,14.1,94,16.00,160,1.25,18.0,21.9,15.5,78
2006-05-18,9.9,12.7,93,3.30,70,1.85,9.0,18.7,9.2,83
2006-05-19,11.4,16.2,93,6.30,131,1.74,8.0,25.5,12.7,74
2006-05-20,13.2,17.3,81,8.40,155,3.31,11.0,35.6,24.4,50
2006-05-21,11.6,13.9,79,3.90,155,2.61,12.0,15.7,9.0,62
2006-05-22,9.4,10.6,96,5.50,23,1.28,16.0,19.9,9.3,87
2006-05-23,9.8,13.2,88,5.90,280,2.02,11.0,16.7,11.0,74
2006-05-24,9.3,11.5,80,0.40,43,2.25,3.0,13.7,9.0,66
2006-05-25,11.5,17.1,76,0.80,187,3.45,3.0,17.1,11.3,55
2006-05-26,13.7,17.4,75,0.70,205,2.63,3.0,22.2,15.8,63
2006-05-27,14.5,15.8,87,3.30,217,2.59,6.0,19.2,14.7,72
2006-05-28,15.3,22.2,71,0.00,215,4.81,0.0,13.4,9.6,35
2006-05-29,13.8,16.5,75,0.00,86,3.22,0.0,13.4,9.8,68
2006-05-30,12.0,16.0,68,0.00,73,4.34,0.0,14.2,9.4,48
2006-05-31,13.6,17.6,69,0.30,204,3.00,2.0,22.6,17.1,54
2006-06-01,17.9,23.6,80,0.00,231,3.76,0.0,23.6,16.0,53
2006-06-02,16.4,20.4,66,0.00,51,4.74,0.0,14.6,7.5,47
2006-06-03,12.8,14.0,75,0.20,50,1.83,1.0,14.2,12.0,68
2006-06-04,11.2,12.5,88,20.10,55,0.90,23.0,22.7,16.8,80
2006-06-05,11.5,14.0,88,21.80,25,1.54,8.0,22.6,19.1,74
2006-06-06,15.1,22.4,79,0.20,202,4.51,2.0,15.5,10.8,54
2006-06-07,15.9,18.8,80,0.00,119,3.90,0.0,20.3,13.2,70
2006-06-08,11.1,12.1,91,10.50,71,0.90,16.0,31.5,25.9,88
2006-06-09,12.7,14.2,96,10.50,138,0.89,19.0,23.1,16.9,90
2006-06-10,14.5,16.8,96,7.80,101,1.21,12.0,27.3,18.2,89
2006-06-11,12.8,13.3,97,6.00,86,0.84,15.0,25.2,13.6,92
2006-06-12,15.2,20.0,86,0.30,318,2.73,2.0,14.8,9.5,67
2006-06-13,15.9,18.6,86,3.80,15,3.14,5.0,16.9,10.2,79
2006-06-14,15.2,20.2,78,1.30,1,3.98,5.0,13.1,7.1,51
2006-06-15,15.8,17.6,83,0.00,25,2.22,0.0,21.0,12.7,73
2006-06-16,18.0,24.2,65,0.00,288,5.36,0.0,18.0,11.3,40
2006-06-17,20.7,26.4,66,0.00,217,5.72,0.0,22.4,20.2,46
2006-06-18,20.2,26.1,67,0.00,210,5.47,0.0,27.6,22.6,57
2006-06-19,20.1,25.5,74,0.00,206,5.33,0.0,26.9,24.5,63
2006-06-20,21.1,26.0,76,1.40,215,5.02,5.0,22.0,19.1,52
2006-06-21,18.9,21.9,83,2.60,233,3.36,4.0,17.9,15.4,70
2006-06-22,19.2,24.2,71,0.00,214,4.68,0.0,24.0,16.7,50
2006-06-23,19.5,23.9,80,4.30,227,3.22,3.0,22.1,15.0,66
2006-06-24,17.7,19.7,80,1.80,46,2.81,4.0,12.1,7.9,64
2006-06-25,19.7,24.6,80,0.00,200,4.39,0.0,14.2,11.0,51
2006-06-26,20.0,22.9,84,0.00,217,2.29,0.0,15.0,12.5,72
2006-06-27,19.9,24.4,90,4.80,205,2.16,7.0,25.6,17.0,69
2006-06-28,21.5,26.0,78,0.00,218,4.44,0.0,28.0,25.1,54
2006-06-29,20.6,23.9,89,4.40,208,2.43,14.0,20.6,18.1,76
2006-06-30,19.3,21.5,92,9.40,204,1.52,9.0,23.0,18.1,87
2006-07-01,18.5,21.5,82,6.60,227,3.98,5.0,20.5,17.8,56
2006-07-02,15.1,19.3,80,12.00,224,1.83,9.0,21.0,16.3,70
2006-07-03,18.4,22.2,83,2.70,259,2.71,7.0,22.7,15.1,52
2006-07-04,19.0,20.9,83,2.90,206,2.72,5.0,15.4,11.5,73
2006-07-05,19.5,23.3,84,6.50,195,2.58,10.0,14.7,11.1,71
2006-07-06,20.2,23.0,76,0.00,242,3.75,0.0,17.9,12.9,51
2006-07-07,19.6,23.9,71,0.00,274,4.66,0.0,14.9,10.8,53
2006-07-08,21.1,26.4,76,0.00,245,4.83,0.0,14.2,8.0,53
2006-07-09,22.9,27.2,70,0.00,217,5.93,0.0,21.7,18.4,51
2006-07-10,20.6,23.9,80,2.60,229,4.18,3.0,20.9,12.3,70
2006-07-11,20.2,26.0,85,0.70,207,3.86,3.0,17.6,9.6,63
2006-07-12,20.4,23.1,85,1.90,227,3.40,3.0,19.2,14.3,73
2006-07-13,18.0,19.5,83,1.70,77,2.52,10.0,21.3,17.1,75
2006-07-14,19.6,27.0,81,1.60,258,4.06,3.0,17.1,10.0,57
2006-07-15,19.8,22.9,82,0.00,71,4.14,0.0,18.1,8.8,62
2006-07-16,21.4,26.4,82,2.60,184,4.37,3.0,16.1,13.1,66
2006-07-17,22.8,26.7,87,2.20,210,3.81,1.0,16.1,13.6,67
2006-07-18,22.8,27.6,83,1.20,215,4.23,2.0,21.9,18.1,63
2006-07-19,21.1,24.6,69,0.00,336,5.29,0.0,11.5,9.3,43
2006-07-20,22.0,26.6,69,0.00,197,5.60,0.0,18.0,12.7,46
2006-07-21,20.2,23.0,90,9.40,192,1.58,11.0,20.3,15.4,67
2006-07-22,20.5,22.7,88,0.00,273,3.29,0.0,13.5,8.3,72
2006-07-23,18.6,20.3,93,30.10,54,1.04,21.0,32.7,21.1,85
2006-07-24,17.5,19.1,84,3.00,18,1.75,17.0,16.7,13.8,69
2006-07-25,19.0,22.9,83,0.70,208,3.06,2.0,23.3,15.0,69
2006-07-26,20.7,24.8,83,6.40,215,3.19,9.0,23.8,15.1,67
2006-07-27,21.9,26.3,83,0.00,196,4.17,0.0,15.6,12.6,64
2006-07-28,21.6,24.5,80,0.00,208,3.02,0.0,21.3,18.4,66
2006-07-29,23.4,29.1,82,3.10,252,4.56,8.0,20.5,14.4,51
2006-07-30,20.5,23.4,61,0.00,308,5.41,0.0,21.2,15.7,45
2006-07-31,19.6,23.1,65,1.20,277,4.31,3.0,15.8,11.3,48
2006-08-01,19.8,23.9,77,0.70,179,3.89,1.0,16.0,6.3,56
2006-08-02,22.4,27.5,73,4.20,248,5.14,4.0,24.2,19.1,47
2006-08-03,20.3,22.5,71,0.00,8,3.98,0.0,16.5,11.5,62
2006-08-04,19.7,23.4,78,0.10,147,3.09,1.0,14.1,12.1,65
2006-08-05,19.3,21.9,71,0.60,271,4.40,1.0,21.0,18.7,43
2006-08-06,19.2,24.9,59,0.00,263,5.15,0.0,16.6,15.0,39
2006-08-07,20.3,25.3,68,0.00,211,4.91,0.0,33.7,25.8,52
2006-08-08,19.0,19.9,85,3.10,252,2.58,7.0,27.4,16.9,69
2006-08-09,19.0,23.0,68,0.00,339,4.67,0.0,13.8,8.5,45
2006-08-10,18.6,21.6,77,3.30,237,2.74,4.0,17.6,14.8,64
2006-08-11,16.0,18.2,77,8.40,354,3.39,10.0,14.8,11.6,53
2006-08-12,13.8,17.0,81,6.80,296,2.68,6.0,13.4,10.9,63
2006-08-13,14.5,18.1,71,0.20,280,3.47,1.0,18.1,15.9,49
2006-08-14,16.9,22.6,62,0.00,242,4.78,0.0,21.6,19.0,43
2006-08-15,19.0,21.8,80,2.50,200,2.63,8.0,26.9,21.7,68
2006-08-16,19.3,23.5,78,0.00,250,3.74,0.0,17.7,12.5,53
2006-08-17,19.0,22.2,74,0.00,302,3.81,0.0,15.0,10.9,53
2006-08-18,19.4,24.1,71,0.00,228,4.42,0.0,14.0,7.1,48
2006-08-19,20.6,25.8,75,0.00,229,3.75,0.0,20.2,16.0,55
2006-08-20,18.6,21.3,84,2.80,47,1.69,14.0,21.4,14.4,73
2006-08-21,16.9,17.5,94,11.90,52,0.79,23.0,25.5,19.7,91
2006-08-22,17.9,24.4,77,0.00,282,3.95,0.0,21.7,13.5,51
2006-08-23,16.9,19.6,64,0.00,283,3.70,0.0,18.4,14.8,45
2006-08-24,14.9,18.4,57,0.00,265,4.05,0.0,18.7,16.8,39
2006-08-25,14.4,18.1,61,0.00,280,3.47,0.0,16.6,12.0,44
2006-08-26,14.1,16.2,68,0.20,1,3.17,1.0,16.0,12.2,54
2006-08-27,13.9,16.5,74,0.00,73,2.84,0.0,14.9,8.2,57
2006-08-28,13.4,14.6,76,0.90,180,1.50,6.0,16.4,11.0,70
2006-08-29,14.8,17.1,82,0.70,78,1.55,6.0,10.7,5.5,75
2006-08-30,15.5,18.3,89,4.00,339,1.93,7.0,12.2,5.9,69
2006-08-31,14.0,16.6,74,0.10,322,2.60,1.0,25.9,17.8,61
2006-09-01,14.9,16.9,75,0.00,360,2.90,0.0,23.9,16.7,66
2006-09-02,15.1,19.7,73,0.00,5,3.27,0.0,11.4,7.1,50
2006-09-03,16.7,21.7,74,0.00,228,3.60,0.0,14.0,11.9,51
2006-09-04,15.1,17.2,87,11.20,160,0.98,15.0,18.2,13.1,69
2006-09-05,17.6,23.2,85,0.40,301,3.20,3.0,16.9,10.8,57
2006-09-06,18.6,22.7,78,0.00,235,2.84,0.0,16.1,13.4,54
2006-09-07,16.7,21.2,73,0.00,349,3.35,0.0,14.1,8.3,43
2006-09-08,18.0,22.7,75,0.00,222,3.64,0.0,18.9,16.2,52
2006-09-09,17.2,23.2,80,8.00,238,3.12,4.0,23.7,17.3,56
2006-09-10,12.7,15.8,73,9.00,357,2.75,10.0,23.0,17.3,44
2006-09-11,12.5,15.7,61,0.00,355,3.49,0.0,18.7,13.5,45
2006-09-12,13.3,17.0,67,0.00,357,3.25,0.0,14.8,11.1,47
2006-09-13,15.2,21.3,68,0.00,308,3.38,0.0,15.8,10.1,45
2006-09-14,15.5,18.5,76,0.00,235,1.94,0.0,21.1,16.0,63
2006-09-15,17.4,22.9,76,0.00,245,3.28,0.0,16.1,10.8,49
2006-09-16,17.9,23.2,77,0.00,264,3.17,0.0,17.2,12.4,55
2006-09-17,17.4,23.0,82,0.00,203,2.78,0.0,15.0,8.9,58
2006-09-18,16.1,19.5,83,0.60,85,1.32,4.0,18.1,13.4,74
2006-09-19,17.5,22.2,85,0.00,195,2.31,0.0,21.4,15.8,62
2006-09-20,18.5,20.9,90,2.20,197,1.21,7.0,19.2,12.9,80
2006-09-21,13.5,16.5,78,0.60,269,2.26,3.0,24.1,17.9,49
2006-09-22,11.4,15.1,56,0.00,271,3.43,0.0,23.9,20.9,38
2006-09-23,11.1,14.9,69,1.50,225,1.92,4.0,20.2,14.3,55
2006-09-24,13.5,16.8,93,5.90,199,0.74,10.0,28.7,17.4,86
2006-09-25,13.3,16.9,68,0.30,268,2.93,2.0,33.9,22.8,43
2006-09-26,10.9,14.4,75,0.20,242,1.57,1.0,13.2,9.0,65
2006-09-27,11.5,16.1,78,0.00,243,2.41,0.0,15.0,11.3,50
2006-09-28,12.6,17.3,73,0.00,169,2.61,0.0,15.6,11.5,53
2006-09-29,15.0,17.8,87,8.60,142,1.24,11.0,34.6,22.2,77
2006-09-30,13.0,16.5,73,0.40,238,2.41,1.0,25.9,20.0,42
2006-10-01,11.5,14.1,65,0.00,91,2.24,0.0,21.0,9.8,53
2006-10-02,11.1,12.5,86,14.70,31,0.88,19.0,34.0,27.4,76
2006-10-03,11.1,17.0,75,1.40,297,2.46,4.0,30.8,19.6,51
2006-10-04,13.0,16.5,80,0.00,254,2.11,0.0,16.2,12.1,55
2006-10-05,10.2,12.9,75,34.30,4,1.85,11.0,34.3,22.6,47
2006-10-06,8.7,11.2,61,0.00,335,2.41,0.0,17.3,12.1,46
2006-10-07,9.6,15.1,67,0.00,230,2.45,0.0,17.4,14.5,44
2006-10-08,11.8,17.3,66,0.00,249,2.49,0.0,18.0,13.7,49
2006-10-09,14.5,20.5,63,0.00,236,3.25,0.0,22.9,20.3,49
2006-10-10,10.7,15.4,55,0.00,338,2.68,0.0,22.3,14.6,47
2006-10-11,8.7,10.1,64,0.00,72,2.16,0.0,20.9,15.2,53
2006-10-12,10.9,13.5,83,19.50,123,1.01,10.0,37.6,28.2,71
2006-10-13,14.7,16.6,91,0.10,204,1.19,1.0,23.4,14.6,77
2006-10-14,9.2,12.8,83,3.30,135,1.08,6.0,15.7,10.0,62
2006-10-15,8.5,11.1,76,7.90,264,1.86,9.0,22.5,16.8,47
2006-10-16,7.2,10.4,64,0.00,263,1.89,0.0,13.0,11.4,41
2006-10-17,7.7,11.5,70,0.00,242,1.81,0.0,13.1,8.6,50
2006-10-18,8.4,9.2,88,12.90,138,0.47,13.0,23.3,15.5,78
2006-10-19,9.8,10.8,89,0.40,40,0.80,2.0,10.9,8.1,80
2006-10-20,10.3,11.6,95,12.40,154,0.26,18.0,16.6,13.1,86
2006-10-21,10.8,11.7,94,18.20,120,0.57,17.0,41.4,24.1,89
2006-10-22,7.6,8.7,83,5.60,319,0.92,15.0,28.5,22.6,67
2006-10-23,7.8,9.1,88,5.40,350,0.70,19.0,12.2,7.6,77
2006-10-24,7.0,7.8,89,6.70,335,0.49,22.0,15.0,10.7,85
2006-10-25,5.7,6.7,90,6.40,323,0.55,18.0,23.7,19.6,85
2006-10-26,4.8,7.2,70,0.60,321,1.55,2.0,26.2,23.7,51
2006-10-27,4.7,6.9,65,0.00,328,1.56,0.0,24.2,17.6,49
2006-10-28,4.9,7.0,71,0.40,141,1.19,1.0,34.2,14.5,56
2006-10-29,8.3,11.3,81,21.70,164,1.38,14.0,48.8,34.4,58
2006-10-30,5.7,7.2,58,0.10,246,2.20,1.0,43.4,34.0,50
2006-10-31,5.3,8.0,62,0.00,271,1.89,0.0,29.2,22.8,50
2006-11-01,7.7,11.9,76,0.60,232,1.02,5.0,14.2,11.5,67
2006-11-02,5.2,7.7,87,4.80,276,0.36,9.0,15.6,8.6,77
2006-11-03,2.3,5.2,73,0.00,283,1.20,0.0,22.6,16.2,40
2006-11-04,1.6,4.9,63,0.00,271,1.37,0.0,16.9,15.1,46
2006-11-05,1.1,3.7,63,0.00,281,1.23,0.0,16.2,14.5,46
2006-11-06,0.4,2.2,70,0.30,248,0.67,3.0,12.7,7.4,58
2006-11-07,2.2,6.4,81,0.00,214,0.86,0.0,23.6,13.5,65
2006-11-08,6.2,7.6,94,3.40,218,0.33,10.0,25.0,16.3,90
2006-11-09,9.0,10.9,98,43.00,123,0.18,24.0,29.6,18.1,97
2006-11-10,8.4,9.6,83,0.60,270,1.11,2.0,25.6,18.6,59
2006-11-11,5.7,8.6,67,0.00,260,1.47,0.0,22.9,15.0,56
2006-11-12,5.4,6.7,93,13.60,52,0.22,21.0,26.3,16.6,76
2006-11-13,6.4,8.4,91,4.80,79,0.45,14.0,26.6,22.2,87
2006-11-14,8.9,11.9,90,6.70,122,0.56,7.0,31.6,23.9,85
2006-11-15,12.5,13.4,95,4.00,193,0.46,6.0,29.0,18.2,87
2006-11-16,10.5,11.6,94,0.70,199,0.34,3.0,14.8,12.3,91
2006-11-17,13.9,16.7,94,4.40,177,0.63,3.0,32.4,24.2,86
2006-11-18,10.1,14.8,80,7.30,234,1.05,5.0,30.3,15.6,57
2006-11-19,3.5,5.6,76,0.00,342,0.77,0.0,11.1,7.3,67
2006-11-20,3.1,5.0,79,0.00,257,0.74,0.0,21.6,13.7,60
2006-11-21,1.0,2.5,57,0.00,274,1.38,0.0,21.1,17.2,44
2006-11-22,1.2,5.0,66,0.00,247,1.08,0.0,18.1,12.5,58
2006-11-23,0.4,3.3,85,0.00,132,0.62,0.0,12.1,7.7,72
2006-11-24,1.6,4.5,78,0.00,338,0.90,0.0,24.3,14.5,58
2006-11-25,0.5,3.0,63,0.00,299,1.01,0.0,20.1,11.3,52
2006-11-26,1.8,5.3,81,0.00,231,0.67,0.0,18.8,16.8,67
2006-11-27,1.9,3.1,85,0.00,315,0.51,0.0,17.2,12.2,74
2006-11-28,-0.9,0.0,64,0.00,36,0.90,0.0,17.4,12.8,51
2006-11-29,-1.6,1.5,78,0.20,161,0.35,2.0,19.2,10.5,70
2006-11-30,6.1,9.3,97,0.70,222,0.24,4.0,28.7,24.3,93
2006-12-01,3.7,9.6,83,9.60,326,0.47,18.0,28.4,17.5,60
2006-12-02,-0.1,1.0,87,22.20,54,0.46,19.0,32.7,22.0,68
2006-12-03,-2.4,-0.6,69,0.00,278,0.85,0.0,30.1,23.1,59
2006-12-04,-2.6,0.4,81,13.50,220,0.34,16.0,23.8,11.8,64
2006-12-05,-6.3,-3.2,73,0.40,303,0.60,2.0,26.9,22.1,56
2006-12-06,-9.2,-3.2,77,0.10,228,0.47,1.0,25.5,17.4,59
2006-12-07,2.4,4.9,87,3.40,195,0.46,10.0,25.0,19.6,81
2006-12-08,-2.3,1.8,84,0.00,336,0.43,0.0,30.3,19.2,65
2006-12-09,-8.5,-4.9,70,0.00,267,0.59,0.0,24.9,19.2,62
2006-12-10,-0.7,2.6,78,0.10,230,0.72,1.0,25.8,20.2,68
2006-12-11,-0.6,1.1,81,0.00,267,0.54,0.0,19.5,13.6,65
2006-12-12,-5.5,-2.2,69,0.00,313,0.66,0.0,21.8,16.5,61
2006-12-13,-4.4,2.5,77,0.00,218,0.52,0.0,23.3,17.0,72
2006-12-14,3.2,4.5,97,4.00,215,0.24,8.0,20.0,16.0,89
2006-12-15,2.6,4.8,98,0.00,201,0.17,0.0,17.0,14.7,96
2006-12-16,3.7,4.9,93,0.20,275,0.42,2.0,24.5,16.4,76
2006-12-17,0.8,3.1,68,0.10,258,0.97,1.0,25.9,19.5,57
2006-12-18,1.4,3.3,77,0.00,261,0.70,0.0,24.0,18.6,59
2006-12-19,-4.6,-1.1,54,0.00,332,0.97,0.0,21.9,18.2,47
2006-12-20,-7.1,-4.6,50,0.00,287,0.89,0.0,20.2,14.4,37
2006-12-21,-1.2,3.2,62,0.00,242,1.18,0.0,26.3,23.4,45
2006-12-22,-3.0,-1.2,47,0.00,294,1.38,0.0,30.9,22.5,38
2006-12-23,-2.3,0.6,70,9.10,198,0.59,10.0,20.6,15.0,51
2006-12-24,2.8,5.0,86,11.40,234,0.69,8.0,31.9,24.2,65
2006-12-25,0.9,3.4,56,0.00,265,1.50,0.0,27.6,22.8,49
2006-12-26,-1.1,-0.1,81,7.30,88,0.36,10.0,22.7,13.2,67
2006-12-27,-4.4,-1.4,81,4.10,343,0.44,7.0,24.6,19.4,66
2006-12-28,-11.1,-8.3,72,0.00,286,0.46,0.0,21.4,19.6,56
2006-12-29,-12.6,-9.7,68,0.00,291,0.50,0.0,28.8,24.2,56
2006-12-30,-8.7,-4.4,63,0.00,268,0.72,0.0,26.6,21.3,56
2006-12-31,-6.7,-4.9,73,0.00,294,0.56,0.0,25.7,19.0,58
2007-01-01,-8.6,-2.3,77,0.20,226,0.35,2.0,22.0,13.9,70
2007-01-02,-0.4,1.8,87,11.90,278,0.42,16.0,31.2,17.3,66
2007-01-03,-4.6,0.1,70,0.00,259,0.79,0.0,26.1,21.6,66
2007-01-04,-0.3,3.9,79,0.00,235,0.69,0.0,21.4,18.4,67
2007-01-05,2.2,4.1,87,3.00,226,0.39,8.0,22.1,19.7,77
2007-01-06,3.6,4.3,98,23.00,215,0.11,13.0,22.3,13.9,94
2007-01-07,4.2,8.0,72,3.10,264,1.25,4.0,35.7,29.1,54
2007-01-08,-1.0,1.0,75,15.80,153,0.41,10.0,27.2,14.5,58
2007-01-09,1.5,2.9,80,1.90,240,0.80,2.0,31.5,25.6,59
2007-01-10,-2.6,-0.3,77,0.00,251,0.62,0.0,21.6,12.8,70
2007-01-11,-8.1,-4.2,71,0.30,282,0.58,2.0,25.5,20.7,58
2007-01-12,-3.5,0.8,80,1.10,227,0.49,4.0,21.1,18.2,68
2007-01-13,-2.4,0.6,80,0.00,283,0.52,0.0,27.7,21.2,60
2007-01-14,-10.8,-5.4,74,0.00,277,0.45,0.0,19.8,13.1,63
2007-01-15,-11.2,-6.9,73,3.70,317,0.31,5.0,18.0,11.2,63
2007-01-16,-8.1,-6.3,79,7.60,349,0.35,18.0,28.5,17.3,64
2007-01-17,-19.8,-14.7,64,0.00,304,0.35,0.0,31.9,28.4,52
2007-01-18,-17.6,-8.3,68,0.00,250,0.37,0.0,25.6,20.5,51
2007-01-19,-2.7,0.8,89,24.00,164,0.23,13.0,27.0,17.6,77
2007-01-20,-4.1,1.3,74,13.80,258,0.73,13.0,39.2,30.9,57
2007-01-21,-12.7,-9.5,61,0.00,298,0.63,0.0,32.3,30.1,55
2007-01-22,-14.3,-10.3,63,0.00,293,0.57,0.0,30.7,23.7,49
2007-01-23,-13.7,-10.1,73,0.00,280,0.43,0.0,14.1,6.8,54
2007-01-24,-10.9,-5.6,81,0.00,219,0.44,0.0,8.7,3.6,66
2007-01-25,-13.1,-9.6,71,0.00,278,0.44,0.0,19.3,15.7,51
2007-01-26,-17.9,-14.5,69,0.00,298,0.36,0.0,28.8,16.9,56
2007-01-27,-15.8,-11.3,63,0.00,297,0.54,0.0,30.2,26.7,53
2007-01-28,-13.4,-8.4,66,0.00,261,0.56,0.0,21.8,15.7,50
2007-01-29,-13.7,-10.3,72,0.00,326,0.45,0.0,17.0,13.0,58
2007-01-30,-16.9,-12.8,66,0.00,275,0.42,0.0,19.6,17.2,50
2007-01-31,-18.2,-13.3,67,0.00,250,0.42,0.0,17.7,12.7,51
2007-02-01,-15.7,-10.2,71,0.00,232,0.44,0.0,15.5,11.2,54
2007-02-02,-7.7,-4.9,87,0.60,101,0.40,4.0,16.5,10.9,75
2007-02-03,-3.9,-0.8,86,7.00,294,0.47,12.0,28.9,14.5,57
2007-02-04,-9.3,-5.7,65,0.00,250,0.80,0.0,28.8,20.8,51
2007-02-05,-15.7,-10.8,65,0.00,249,0.45,0.0,30.0,20.3,43
2007-02-06,-18.9,-13.1,61,0.00,252,0.49,0.0,26.5,23.6,49
2007-02-07,-15.4,-10.9,67,0.00,252,0.55,0.0,19.1,15.2,45
2007-02-08,-16.3,-12.7,69,0.00,257,0.47,0.0,17.1,16.0,50
2007-02-09,-15.4,-11.5,68,0.00,249,0.52,0.0,22.5,19.4,50
2007-02-10,-12.4,-7.7,70,0.00,255,0.64,0.0,19.7,15.2,52
2007-02-11,-12.1,-9.5,68,0.00,275,0.60,0.0,20.9,16.1,45
2007-02-12,-11.7,-5.4,71,0.00,257,0.69,0.0,21.4,16.9,57
2007-02-13,-12.5,-7.9,64,0.00,278,0.75,0.0,26.7,21.1,54
2007-02-14,-10.9,-6.8,80,1.70,60,0.43,4.0,22.3,10.7,73
2007-02-15,-2.2,2.4,84,16.60,149,0.63,14.0,42.2,30.6,64
2007-02-16,-13.9,-10.1,60,0.00,236,0.72,0.0,35.9,30.5,50
2007-02-17,-9.8,-4.8,65,0.00,270,0.89,0.0,25.2,21.6,54
2007-02-18,-7.5,-3.0,78,0.00,239,0.71,0.0,16.0,11.6,64
2007-02-19,-7.6,-5.2,77,1.90,348,0.56,11.0,25.9,17.8,56
2007-02-20,-13.7,-8.8,65,0.00,268,0.68,0.0,25.3,17.7,50
2007-02-21,-10.9,-5.6,69,0.00,276,0.77,0.0,15.3,9.4,50
2007-02-22,-10.7,-5.7,68,0.00,268,0.81,0.0,17.6,16.3,51
2007-02-23,-10.6,-7.4,72,0.00,309,0.69,0.0,17.1,12.8,56
2007-02-24,-5.4,0.2,81,1.20,323,0.63,9.0,23.2,14.4,74
2007-02-25,-3.2,-0.4,70,0.10,319,1.19,1.0,26.7,23.5,59
2007-02-26,-5.8,-2.3,75,0.00,331,1.00,0.0,22.9,13.7,64
2007-02-27,-4.9,-1.8,83,0.00,15,0.81,0.0,12.2,9.9,74
2007-02-28,-5.0,-1.5,86,0.10,135,0.72,1.0,10.3,5.3,74
2007-03-01,-4.8,-1.7,80,0.70,318,0.85,5.0,10.5,7.6,60
2007-03-02,-5.4,-2.4,84,0.40,32,0.67,2.0,26.7,13.6,76
2007-03-03,-0.7,3.6,80,14.20,162,1.27,12.0,33.6,23.6,58
2007-03-04,-0.9,0.2,90,4.70,254,0.70,15.0,20.1,9.7,75
2007-03-05,-3.5,-1.4,77,0.20,262,0.95,2.0,15.9,12.8,52
2007-03-06,-9.3,-4.1,67,0.00,284,0.77,0.0,28.0,20.6,49
2007-03-07,-17.5,-14.3,55,0.00,287,0.69,0.0,30.3,26.4,41
2007-03-08,-18.5,-16.2,62,0.00,279,0.54,0.0,22.2,16.7,39
2007-03-09,-15.3,-6.2,58,0.00,281,0.93,0.0,21.9,19.3,44
2007-03-10,-7.2,1.3,72,0.00,220,1.05,0.0,25.4,16.2,62
2007-03-11,3.1,4.6,86,5.60,213,0.74,17.0,29.6,19.2,75
2007-03-12,-1.5,1.5,71,0.00,296,1.50,0.0,19.7,14.3,52
2007-03-13,-2.3,0.2,84,0.00,77,1.01,0.0,18.1,12.2,73
2007-03-14,3.3,8.9,83,1.40,198,1.32,3.0,27.0,22.8,74
2007-03-15,4.3,5.3,93,17.70,232,0.42,23.0,23.6,16.1,86
2007-03-16,-7.3,1.6,67,0.00,347,1.00,0.0,28.3,21.8,56
2007-03-17,-2.6,6.5,87,23.70,91,0.43,22.0,39.8,29.8,74
2007-03-18,3.7,6.7,86,11.00,179,0.81,13.0,38.8,25.7,68
2007-03-19,-4.4,-1.1,61,0.30,248,1.53,2.0,32.2,24.6,43
2007-03-20,-1.4,3.0,77,5.10,207,1.05,11.0,27.7,18.9,62
2007-03-21,-7.4,-1.6,56,0.10,309,1.48,1.0,35.6,23.4,37
2007-03-22,-1.1,5.2,71,1.30,213,1.05,5.0,35.4,25.6,53
2007-03-23,4.2,6.4,78,0.10,255,1.58,1.0,32.4,19.2,57
2007-03-24,-2.9,0.7,74,0.00,7,1.39,0.0,21.2,15.4,61
2007-03-25,-5.2,-2.1,76,0.00,73,1.22,0.0,15.5,10.3,68
2007-03-26,-3.3,5.0,72,0.00,204,1.59,0.0,14.9,9.1,53
2007-03-27,1.9,6.1,87,0.00,217,1.23,0.0,16.8,12.0,75
2007-03-28,1.3,3.5,72,0.90,298,1.49,3.0,35.2,26.3,54
2007-03-29,-2.1,2.0,59,0.20,329,1.85,2.0,35.1,30.6,50
2007-03-30,0.1,5.7,61,0.10,309,1.74,1.0,27.2,19.1,50
2007-03-31,-2.9,0.9,54,0.00,327,2.04,0.0,30.9,23.4,42
2007-04-01,-2.4,1.3,57,0.00,345,2.02,0.0,18.4,13.5,44
2007-04-02,-3.3,-0.1,73,0.00,107,1.27,0.0,18.4,10.8,58
2007-04-03,-2.2,-0.8,72,0.00,81,1.25,0.0,18.1,16.6,66
2007-04-04,-2.1,-0.4,74,0.00,45,1.11,0.0,20.2,16.5,64
2007-04-05,0.1,1.1,93,10.80,83,0.42,10.0,29.3,20.1,87
2007-04-06,1.6,4.0,85,5.80,179,1.41,10.0,28.2,22.3,62
2007-04-07,-0.1,2.7,72,0.00,195,1.54,0.0,20.0,13.5,58
2007-04-08,-0.4,1.5,81,20.20,294,0.90,19.0,41.6,31.4,62
2007-04-09,0.4,2.5,68,0.20,273,1.76,2.0,33.7,24.3,52
2007-04-10,-1.3,3.0,65,0.00,301,2.10,0.0,16.3,13.0,44
2007-04-11,-1.2,4.2,60,0.00,303,2.40,0.0,15.0,10.3,40
2007-04-12,0.1,5.0,64,0.00,304,2.56,0.0,16.1,10.6,51
2007-04-13,-0.0,0.5,87,15.60,73,0.48,16.0,32.5,20.0,78
2007-04-14,0.6,1.8,88,6.60,34,0.81,19.0,30.6,27.1,78
2007-04-15,-0.8,1.9,81,0.00,32,1.77,0.0,15.8,11.4,72
2007-04-16,-0.5,0.8,87,0.30,73,0.72,3.0,27.1,18.7,78
2007-04-17,0.5,0.9,88,5.00,58,0.60,14.0,34.0,29.6,84
2007-04-18,0.4,1.2,88,5.10,37,0.61,17.0,34.8,32.3,84
2007-04-19,0.4,1.6,79,0.20,27,1.60,1.0,30.3,26.8,72
2007-04-20,2.6,11.8,71,0.00,18,3.06,0.0,17.1,9.8,42
2007-04-21,2.9,4.4,75,0.00,17,2.33,0.0,18.7,13.1,69
2007-04-22,2.0,9.5,74,0.00,189,2.74,0.0,22.6,9.9,53
2007-04-23,10.2,19.7,59,1.00,224,4.31,2.0,31.0,24.9,44
2007-04-24,10.2,13.3,57,0.00,256,3.88,0.0,27.5,23.7,36
2007-04-25,3.7,8.1,49,0.00,279,3.47,0.0,21.5,13.3,37
2007-04-26,5.0,11.5,47,0.00,281,3.78,0.0,19.8,17.0,26
2007-04-27,5.3,11.6,64,0.00,172,2.39,0.0,17.2,11.6,48
2007-04-28,3.2,6.2,91,6.10,48,0.84,10.0,15.9,13.0,64
2007-04-29,2.3,4.1,90,0.00,37,1.07,0.0,15.5,11.7,81
2007-04-30,0.9,3.2,94,1.50,58,0.98,6.0,12.0,7.9,84
2007-05-01,3.2,7.8,86,6.10,350,1.41,13.0,13.8,10.2,64
2007-05-02,6.8,10.9,67,0.00,270,2.62,0.0,16.0,11.0,49
2007-05-03,6.2,8.6,61,0.00,301,2.80,0.0,23.6,19.0,47
2007-05-04,5.6,7.5,64,0.00,314,2.12,0.0,22.8,19.3,55
2007-05-05,4.4,5.9,69,0.10,356,1.99,1.0,17.1,13.4,62
2007-05-06,4.7,9.7,69,0.10,0,2.60,1.0,17.7,12.2,44
2007-05-07,10.1,18.2,51,0.00,250,4.30,0.0,21.5,16.3,31
2007-05-08,15.1,22.8,40,0.00,240,5.58,0.0,25.8,23.1,29
2007-05-09,16.5,21.8,50,0.00,258,5.39,0.0,18.4,12.0,30
2007-05-10,11.1,15.5,71,0.00,110,3.51,0.0,21.4,13.2,59
2007-05-11,12.3,20.5,82,1.60,197,2.43,2.0,30.4,20.7,65
2007-05-12,7.7,14.1,70,5.70,4,2.90,7.0,23.4,16.5,52
2007-05-13,5.0,8.1,68,0.30,103,2.78,1.0,14.8,8.4,56
2007-05-14,4.4,8.8,70,0.40,36,2.99,2.0,16.6,10.1,41
2007-05-15,7.7,11.4,71,1.00,214,1.73,5.0,24.1,15.4,62
2007-05-16,5.7,9.9,67,0.10,41,1.82,1.0,21.7,14.9,60
2007-05-17,3.5,4.8,76,7.20,61,1.21,12.0,24.8,20.9,68
2007-05-18,4.3,5.4,83,5.10,74,0.98,8.0,14.8,11.8,76
2007-05-19,6.2,9.2,98,8.30,43,0.67,23.0,14.5,9.5,92
2007-05-20,5.4,6.5,98,21.10,17,0.36,17.0,27.5,18.2,95
2007-05-21,5.0,8.2,77,1.10,340,1.95,9.0,18.3,15.8,54
2007-05-22,4.6,6.6,65,0.00,10,2.52,0.0,21.5,17.5,55
2007-05-23,5.0,10.1,72,0.00,103,3.45,0.0,17.1,8.5,51
2007-05-24,12.1,22.4,67,0.00,207,4.50,0.0,19.7,17.1,50
2007-05-25,17.0,22.1,82,0.00,192,4.43,0.0,19.7,11.9,69
2007-05-26,19.1,23.7,67,0.00,273,5.13,0.0,19.5,16.2,37
2007-05-27,11.4,16.6,53,0.00,357,4.80,0.0,22.9,15.2,45
2007-05-28,11.3,18.1,79,10.80,173,2.20,8.0,21.6,17.3,61
2007-05-29,11.7,15.2,83,0.20,332,2.23,2.0,18.8,15.1,73
2007-05-30,10.3,14.7,78,0.00,94,3.20,0.0,13.1,7.6,60
2007-05-31,9.1,10.9,75,0.00,56,2.97,0.0,19.4,13.7,62
2007-06-01,11.9,18.9,77,0.00,214,3.43,0.0,21.9,15.3,59
2007-06-02,10.7,15.8,67,0.00,55,3.89,0.0,19.1,16.2,54
2007-06-03,8.9,11.3,65,0.00,88,3.85,0.0,18.5,14.8,52
2007-06-04,9.6,12.1,72,0.00,127,2.30,0.0,20.9,17.1,60
2007-06-05,14.4,20.5,89,7.10,159,2.47,10.0,31.1,25.9,69
2007-06-06,17.2,20.1,85,0.10,206,2.89,1.0,20.1,16.6,71
2007-06-07,14.0,17.3,59,0.60,318,4.31,3.0,21.9,13.9,45
2007-06-08,13.5,18.3,63,0.00,348,4.92,0.0,15.8,9.3,48
2007-06-09,14.6,19.7,74,0.00,128,4.67,0.0,15.8,12.2,54
2007-06-10,15.8,19.3,84,0.00,103,4.11,0.0,14.6,10.6,70
2007-06-11,13.2,16.9,93,0.00,31,1.92,0.0,20.8,16.0,82
2007-06-12,12.1,13.8,88,0.00,32,2.18,0.0,27.1,20.9,77
2007-06-13,10.8,12.3,83,0.00,39,2.04,0.0,22.4,18.8,78
2007-06-14,11.9,15.1,80,0.00,67,3.52,0.0,15.5,11.2,66
2007-06-15,15.3,21.8,76,0.00,153,4.81,0.0,15.3,10.1,53
2007-06-16,18.3,23.8,69,0.00,175,5.22,0.0,19.1,14.2,52
2007-06-17,19.4,25.7,77,2.70,211,4.89,4.0,19.8,16.7,46
2007-06-18,15.8,18.0,76,5.10,350,3.62,5.0,22.5,17.7,51
2007-06-19,13.2,16.5,71,0.00,28,4.51,0.0,21.4,16.4,54
2007-06-20,13.9,18.8,73,0.00,116,4.37,0.0,18.9,10.9,58
2007-06-21,13.4,15.8,92,23.30,354,0.81,18.0,16.3,11.0,80
2007-06-22,14.3,16.6,84,0.60,327,2.82,2.0,13.2,8.7,70
2007-06-23,13.3,14.8,91,2.70,55,1.58,14.0,11.0,6.4,80
2007-06-24,14.5,18.6,89,6.00,235,2.27,9.0,11.0,5.3,73
2007-06-25,17.2,22.6,73,0.50,254,4.59,2.0,15.7,10.9,40
2007-06-26,18.2,20.5,82,9.70,216,3.43,13.0,17.9,11.1,72
2007-06-27,19.5,22.6,69,0.10,284,4.94,1.0,21.2,13.3,34
2007-06-28,15.5,18.0,84,14.30,82,2.00,13.0,22.6,12.4,70
2007-06-29,16.0,20.5,65,0.30,308,4.80,2.0,18.6,10.8,39
2007-06-30,15.6,19.1,69,1.40,259,4.06,5.0,16.9,12.9,54
2007-07-01,14.7,17.8,70,3.30,268,3.68,8.0,17.3,12.0,55
2007-07-02,13.5,15.2,85,8.50,10,2.52,15.0,14.3,9.5,78
2007-07-03,14.0,17.9,82,2.30,334,3.82,4.0,9.2,5.8,62
2007-07-04,17.1,22.1,77,0.10,222,4.53,1.0,15.7,12.2,50
2007-07-05,15.7,18.8,81,8.90,182,2.12,8.0,26.4,19.4,65
2007-07-06,16.8,21.1,89,4.30,203,2.73,11.0,19.8,10.1,74
2007-07-07,17.7,20.8,84,3.90,282,3.33,6.0,17.8,12.4,64
2007-07-08,15.9,18.5,74,2.30,267,3.12,6.0,21.4,13.0,49
2007-07-09,14.3,15.4,79,0.00,33,2.63,0.0,20.1,13.6,71
2007-07-10,15.2,18.3,86,5.20,164,1.59,8.0,16.2,11.3,78
2007-07-11,18.6,22.5,88,0.80,168,2.52,2.0,22.2,15.3,80
2007-07-12,20.5,22.5,90,6.40,185,2.11,9.0,25.4,18.0,81
2007-07-13,20.1,24.0,82,0.00,246,4.14,0.0,13.6,6.5,50
2007-07-14,19.5,23.0,71,0.00,230,4.61,0.0,14.7,12.8,49
2007-07-15,19.8,24.3,72,0.00,195,4.87,0.0,24.6,18.4,57
2007-07-16,20.3,24.0,76,7.70,223,4.55,7.0,20.9,16.8,48
2007-07-17,20.5,24.6,66,0.00,239,5.17,0.0,16.9,13.1,43
2007-07-18,20.4,25.1,70,0.00,221,4.51,0.0,19.6,13.2,47
2007-07-19,19.2,21.3,81,4.50,184,2.63,10.0,14.4,7.7,71
2007-07-20,18.8,19.5,95,24.40,123,1.05,21.0,10.3,6.9,90
2007-07-21,19.4,21.4,90,6.40,216,2.53,14.0,20.8,13.1,76
2007-07-22,19.3,23.2,75,0.10,22,4.74,1.0,11.9,8.4,48
2007-07-23,20.6,25.3,73,0.00,207,4.82,0.0,14.4,11.4,46
2007-07-24,21.9,26.6,71,0.00,228,4.07,0.0,20.0,15.9,62
2007-07-25,23.4,27.8,78,0.00,234,4.94,0.0,19.0,11.2,56
2007-07-26,25.8,31.5,71,0.00,255,5.79,0.0,16.6,13.9,45
2007-07-27,25.6,31.0,64,0.00,252,6.29,0.0,16.7,14.6,44
2007-07-28,25.2,29.5,72,2.00,219,5.56,2.0,20.0,16.5,54
2007-07-29,21.7,24.8,89,11.90,218,2.89,12.0,16.8,13.2,73
2007-07-30,20.2,22.4,87,1.40,60,2.20,5.0,9.7,5.6,79
2007-07-31,21.7,26.2,83,0.00,241,4.13,0.0,9.4,5.7,50
2007-08-01,20.8,22.9,73,0.00,35,4.40,0.0,15.3,10.8,53
2007-08-02,21.8,27.2,72,0.00,186,4.32,0.0,19.9,14.0,58
2007-08-03,24.4,30.5,73,0.00,215,5.38,0.0,19.5,14.2,54
2007-08-04,21.5,25.5,84,3.90,218,2.14,5.0,23.0,16.5,70
2007-08-05,19.0,21.6,72,3.10,305,4.07,3.0,17.1,13.4,47
2007-08-06,19.2,24.0,64,0.00,225,4.75,0.0,17.0,10.9,43
2007-08-07,18.3,23.2,77,6.90,247,3.22,7.0,15.1,12.4,59
2007-08-08,19.1,22.5,80,14.60,122,2.86,6.0,22.3,14.0,69
2007-08-09,16.9,21.0,74,8.40,320,4.00,9.0,43.4,29.2,44
2007-08-10,18.7,23.9,63,0.00,273,5.10,0.0,17.0,10.3,46
2007-08-11,21.0,25.8,71,0.00,244,4.31,0.0,17.1,11.8,49
2007-08-12,20.3,24.4,71,0.00,330,4.36,0.0,14.6,8.4,46
2007-08-13,20.6,23.0,73,9.50,221,2.75,8.0,18.6,12.7,51
2007-08-14,17.7,19.4,76,0.00,7,3.04,0.0,12.9,7.5,58
2007-08-15,17.0,21.5,76,2.30,213,3.12,5.0,20.3,10.7,53
2007-08-16,17.8,22.9,77,0.80,229,4.06,2.0,19.8,16.5,44
2007-08-17,18.4,21.7,62,0.00,235,4.75,0.0,23.2,11.9,38
2007-08-18,16.4,17.8,76,2.10,84,2.77,3.0,18.6,14.5,65
2007-08-19,14.4,16.3,63,0.30,279,3.98,1.0,25.1,22.8,50
2007-08-20,14.8,18.3,62,0.00,295,3.63,0.0,23.0,15.3,46
2007-08-21,15.8,19.7,67,0.00,293,3.57,0.0,11.7,9.1,45
2007-08-22,15.5,18.9,70,0.00,21,3.75,0.0,11.2,8.9,52
2007-08-23,16.3,21.1,72,0.00,166,3.67,0.0,16.5,10.8,52
2007-08-24,16.5,18.4,83,22.00,191,1.15,14.0,19.5,16.9,61
2007-08-25,20.0,24.4,92,0.50,217,2.29,3.0,16.9,12.1,72
2007-08-26,21.1,26.1,90,3.40,220,2.75,7.0,19.7,16.9,73
2007-08-27,19.5,22.9,71,0.00,311,4.28,0.0,16.1,11.6,54
2007-08-28,19.1,24.3,73,0.00,225,4.07,0.0,13.0,6.5,45
2007-08-29,20.3,25.5,70,0.00,217,4.54,0.0,21.1,16.3,50
2007-08-30,19.2,24.1,78,4.90,228,3.26,3.0,21.3,16.4,65
2007-08-31,16.0,16.9,95,7.40,32,1.04,11.0,15.5,12.6,91
2007-09-01,16.0,18.4,82,11.30,354,2.68,7.0,23.4,20.4,59
2007-09-02,15.4,19.4,61,0.00,313,4.24,0.0,21.6,14.1,47
2007-09-03,17.9,23.6,65,0.00,225,4.33,0.0,26.6,22.7,53
2007-09-04,16.1,20.0,62,0.00,274,3.31,0.0,26.7,20.0,46
2007-09-05,12.6,14.6,61,0.20,312,2.88,2.0,27.4,23.1,52
2007-09-06,13.1,18.2,64,0.00,246,3.39,0.0,22.7,12.5,43
2007-09-07,19.1,26.6,74,0.10,226,3.93,1.0,26.3,18.8,62
2007-09-08,22.5,27.9,78,0.00,220,3.91,0.0,21.2,17.9,61
2007-09-09,16.1,22.6,65,0.30,9,3.58,1.0,20.0,16.5,57
2007-09-10,13.9,16.4,73,0.60,68,2.52,2.0,11.3,6.8,63
2007-09-11,13.8,14.5,85,8.50,87,0.81,20.0,21.2,12.7,81
2007-09-12,16.3,19.2,82,11.50,222,2.83,9.0,35.5,23.6,52
2007-09-13,13.3,15.2,50,0.00,265,4.36,0.0,32.3,22.9,34
2007-09-14,13.0,18.2,59,0.00,211,3.44,0.0,19.1,10.8,44
2007-09-15,14.1,16.5,84,16.60,164,1.06,10.0,25.3,18.9,65
2007-09-16,12.2,15.3,70,0.00,281,3.00,0.0,27.7,17.1,44
2007-09-17,12.3,16.8,67,0.00,245,3.07,0.0,11.5,8.7,44
2007-09-18,13.6,19.1,71,0.00,214,3.11,0.0,12.3,9.5,51
2007-09-19,14.8,20.6,70,0.00,222,3.33,0.0,22.4,17.6,48
2007-09-20,17.0,23.4,71,0.00,239,3.57,0.0,22.4,19.3,58
2007-09-21,15.5,18.8,75,0.00,318,2.68,0.0,12.8,8.3,56
2007-09-22,16.0,21.2,80,0.00,182,2.93,0.0,25.1,14.9,62
2007-09-23,16.3,19.9,71,0.00,245,3.30,0.0,26.3,21.7,44
2007-09-24,12.2,14.8,51,0.00,301,3.65,0.0,28.8,24.4,44
2007-09-25,12.3,18.2,63,0.00,256,2.45,0.0,21.3,11.8,52
2007-09-26,20.4,24.6,78,0.90,239,3.02,1.0,26.2,17.0,68
2007-09-27,14.8,20.4,82,2.50,4,2.22,3.0,20.0,13.0,68
2007-09-28,16.1,17.5,98,18.80,163,0.47,17.0,21.0,14.5,94
2007-09-29,12.3,17.2,72,0.40,311,2.65,3.0,24.2,21.4,45
2007-09-30,9.6,12.5,56,0.00,317,3.02,0.0,26.0,16.4,43
2007-10-01,9.9,14.8,68,0.00,207,2.30,0.0,22.7,15.8,52
2007-10-02,12.7,17.9,75,0.00,230,2.17,0.0,24.2,19.3,59
2007-10-03,14.4,18.5,83,0.00,222,1.74,0.0,20.4,16.7,68
2007-10-04,17.5,21.4,76,0.00,240,2.84,0.0,22.1,19.1,49
2007-10-05,15.9,21.7,59,0.00,260,3.58,0.0,23.3,17.7,50
2007-10-06,13.9,17.1,56,0.00,307,3.20,0.0,19.1,16.3,39
2007-10-07,9.0,11.2,54,0.00,327,2.79,0.0,27.2,22.9,47
2007-10-08,8.6,12.5,66,0.00,322,2.32,0.0,22.4,14.9,51
2007-10-09,9.0,10.8,81,0.00,23,1.20,0.0,21.7,13.2,67
2007-10-10,8.2,10.9,88,0.60,199,0.80,3.0,9.5,7.3,75
2007-10-11,9.6,11.1,89,0.30,54,0.94,2.0,17.4,10.6,78
2007-10-12,10.5,11.4,88,14.20,76,0.72,13.0,36.5,27.2,85
2007-10-13,11.5,13.3,88,9.40,203,1.14,5.0,35.7,14.8,71
2007-10-14,8.5,10.7,76,3.70,253,1.27,7.0,15.1,11.8,67
2007-10-15,7.0,8.8,77,1.10,295,1.21,7.0,21.4,18.3,63
2007-10-16,7.1,11.0,70,0.00,313,1.75,0.0,23.7,19.3,51
2007-10-17,8.1,11.9,65,0.00,305,2.09,0.0,19.4,15.0,49
2007-10-18,9.0,13.9,68,0.00,294,1.97,0.0,16.3,10.7,51
2007-10-19,9.4,13.3,83,0.00,159,1.31,0.0,17.1,11.0,68
2007-10-20,14.7,18.2,90,16.90,190,0.93,15.0,32.3,23.8,71
2007-10-21,14.0,16.9,71,0.20,258,2.38,1.0,30.3,22.1,49
2007-10-22,14.4,19.3,72,0.00,235,2.35,0.0,21.4,14.2,61
2007-10-23,13.7,15.8,86,4.30,216,0.91,5.0,24.4,19.5,77
2007-10-24,11.5,15.3,77,6.00,281,1.57,7.0,34.7,17.7,55
2007-10-25,7.9,10.9,73,0.00,307,1.27,0.0,15.8,10.0,56
2007-10-26,6.7,11.0,67,0.00,259,1.74,0.0,18.1,13.5,50
2007-10-27,7.9,11.8,85,6.90,207,0.66,9.0,29.2,19.2,68
2007-10-28,12.6,15.4,76,4.10,226,1.78,8.0,34.8,28.2,45
2007-10-29,4.2,6.9,51,0.00,287,2.16,0.0,28.1,21.1,43
2007-10-30,2.8,6.0,69,0.30,269,1.04,1.0,17.6,14.0,55
2007-10-31,3.6,7.6,71,0.00,251,1.41,0.0,21.1,14.8,50
2007-11-01,10.6,14.4,80,0.90,213,1.40,3.0,37.0,27.6,66
2007-11-02,6.0,8.5,60,0.20,271,1.84,1.0,23.5,18.1,44
2007-11-03,5.1,6.7,72,6.50,88,0.95,4.0,35.9,16.2,61
2007-11-04,7.6,13.6,83,47.50,244,1.06,15.0,44.4,32.8,58
2007-11-05,4.0,6.5,74,0.00,291,1.06,0.0,19.1,9.3,60
2007-11-06,4.5,6.2,77,0.10,109,0.76,1.0,24.7,13.3,69
2007-11-07,6.5,8.5,84,12.70,181,1.02,11.0,35.8,19.8,58
2007-11-08,3.4,5.7,78,0.00,298,0.90,0.0,13.8,12.2,59
2007-11-09,1.8,3.8,72,0.00,323,0.89,0.0,13.8,12.4,57
2007-11-10,1.9,3.3,72,0.50,17,0.91,4.0,28.8,16.7,60
2007-11-11,1.2,2.6,73,8.50,356,1.06,21.0,35.3,32.5,64
2007-11-12,-0.9,1.4,64,0.00,315,1.18,0.0,29.4,20.8,52
2007-11-13,-0.3,2.1,76,5.50,228,0.44,8.0,16.5,11.1,63
2007-11-14,2.7,8.0,83,0.00,230,0.93,0.0,28.3,20.4,67
2007-11-15,8.9,13.2,89,0.10,188,0.75,1.0,27.6,23.0,83
2007-11-16,12.8,13.8,94,4.80,158,0.40,9.0,34.2,28.6,85
2007-11-17,2.6,7.3,60,0.00,230,1.65,0.0,34.9,29.6,45
2007-11-18,0.0,1.5,58,0.00,281,1.27,0.0,23.8,19.4,42
2007-11-19,-1.4,0.4,59,0.00,29,0.85,0.0,13.3,10.5,50
2007-11-20,0.1,1.9,66,0.00,131,0.75,0.0,15.0,10.0,58
2007-11-21,0.6,2.5,76,0.00,292,0.60,0.0,9.9,7.2,67
2007-11-22,0.7,2.7,87,10.30,118,0.21,14.0,25.3,10.5,73
2007-11-23,2.2,4.7,87,11.00,261,0.54,13.0,23.8,18.2,60
2007-11-24,-5.0,-2.3,54,0.00,295,1.13,0.0,25.9,23.2,41
2007-11-25,-3.8,2.1,56,0.00,236,1.15,0.0,25.2,18.7,48
2007-11-26,1.7,5.8,69,0.00,223,1.17,0.0,23.0,20.2,59
2007-11-27,1.9,2.8,94,20.20,9,0.21,11.0,24.3,13.3,80
2007-11-28,-1.8,1.7,71,0.00,279,0.82,0.0,28.7,24.3,53
2007-11-29,-3.6,2.2,69,1.80,179,0.57,7.0,25.1,15.5,60
2007-11-30,-0.3,3.3,77,1.60,253,0.76,4.0,31.0,24.1,49
2007-12-01,-6.3,-4.7,66,6.20,308,0.63,10.0,33.1,21.3,56
2007-12-02,-7.3,-4.4,67,0.00,310,0.79,0.0,33.9,28.4,57
2007-12-03,-4.4,0.3,78,1.00,38,0.47,6.0,30.6,17.0,72
2007-12-04,-0.8,0.7,85,24.00,45,0.50,24.0,53.0,42.8,77
2007-12-05,-6.9,-4.5,76,0.10,316,0.55,1.0,35.5,18.3,65
2007-12-06,-8.2,-5.2,79,0.00,259,0.42,0.0,20.2,13.3,62
2007-12-07,-11.1,-7.6,76,0.00,246,0.40,0.0,19.8,15.2,65
2007-12-08,-3.4,-1.5,83,1.90,223,0.50,9.0,24.4,17.7,69
2007-12-09,-11.1,-3.7,69,0.00,286,0.50,0.0,27.2,20.7,57
2007-12-10,-15.0,-10.4,75,0.00,255,0.33,0.0,19.5,14.4,62
2007-12-11,-10.6,-6.3,78,0.00,254,0.41,0.0,19.7,15.6,67
2007-12-12,-4.3,0.4,81,4.30,243,0.49,13.0,34.5,18.5,64
2007-12-13,-11.5,-6.4,65,0.00,295,0.56,0.0,34.3,22.6,57
2007-12-14,-12.4,-8.1,75,2.00,254,0.25,9.0,11.2,7.6,70
2007-12-15,-11.4,-8.3,71,0.20,294,0.46,1.0,31.7,24.8,56
2007-12-16,-13.2,-5.6,75,4.00,8,0.30,6.0,34.5,15.1,68
2007-12-17,-3.2,2.3,78,23.90,204,0.61,10.0,46.4,36.3,60
2007-12-18,-9.8,-7.6,65,0.00,288,0.67,0.0,33.3,26.6,60
2007-12-19,-13.4,-10.8,75,0.00,290,0.31,0.0,16.7,12.1,63
2007-12-20,-9.4,-6.0,72,0.00,62,0.41,0.0,23.8,14.7,66
2007-12-21,-9.4,-6.9,74,0.00,3,0.41,0.0,22.9,16.6,67
2007-12-22,-12.2,-6.8,74,0.00,245,0.37,0.0,20.4,13.3,59
2007-12-23,-2.0,2.8,86,0.00,219,0.41,0.0,23.1,19.4,80
2007-12-24,3.7,8.0,78,9.60,201,0.84,12.0,34.9,27.1,57
2007-12-25,-2.3,-0.6,70,0.00,256,0.87,0.0,30.5,23.7,62
2007-12-26,-4.6,-0.1,79,0.00,252,0.52,0.0,19.3,15.8,72
2007-12-27,-3.5,-2.6,81,0.00,52,0.41,0.0,26.7,19.6,76
2007-12-28,-4.2,-3.7,80,5.60,18,0.45,16.0,25.2,16.7,70
2007-12-29,-6.4,-2.7,86,10.10,146,0.17,10.0,22.4,12.6,79
2007-12-30,-2.9,-1.2,83,0.60,272,0.48,2.0,24.9,16.3,61
2007-12-31,-6.3,-4.3,85,11.60,9,0.17,15.0,22.6,11.7,80
2008-01-01,-7.6,-5.1,77,0.70,265,0.49,3.0,25.0,18.4,69
2008-01-02,-5.5,-3.3,83,25.60,21,0.35,18.0,37.7,27.4,71
2008-01-03,-15.7,-11.1,69,0.00,316,0.37,0.0,27.5,22.6,59
2008-01-04,-16.7,-11.3,70,0.00,244,0.35,0.0,27.6,20.7,56
2008-01-05,-8.7,-4.7,79,0.00,243,0.47,0.0,25.6,16.7,68
2008-01-06,-3.8,-0.1,84,0.00,221,0.40,0.0,14.8,12.6,75
2008-01-07,0.3,4.1,89,0.10,220,0.36,1.0,22.3,16.1,84
2008-01-08,2.4,3.6,96,6.00,241,0.18,12.0,21.8,13.1,91
2008-01-09,3.2,8.1,98,5.30,191,0.24,16.0,29.5,15.4,91
2008-01-10,3.0,7.2,69,0.50,245,1.27,2.0,33.8,29.2,62
2008-01-11,-3.0,0.2,78,3.40,274,0.44,6.0,25.3,14.3,70
2008-01-12,1.6,3.5,91,11.80,202,0.39,9.0,28.0,18.0,84
2008-01-13,-3.7,-0.1,75,0.00,265,0.62,0.0,19.5,16.6,58
2008-01-14,-8.2,-5.3,80,2.20,21,0.33,5.0,27.3,16.5,75
2008-01-15,-3.4,-2.7,86,17.90,10,0.39,24.0,33.3,29.8,80
2008-01-16,-4.2,-3.3,77,3.90,2,0.60,14.0,30.7,27.6,68
2008-01-17,-8.9,-6.0,77,0.00,310,0.48,0.0,20.3,12.8,60
2008-01-18,-5.6,-0.3,86,11.10,174,0.27,8.0,31.7,18.8,78
2008-01-19,-3.3,-0.8,71,0.00,249,0.82,0.0,26.5,21.9,53
2008-01-20,-9.6,-5.4,74,0.20,303,0.42,2.0,25.0,17.7,57
2008-01-21,-20.2,-16.0,62,0.00,279,0.35,0.0,25.8,23.6,48
2008-01-22,-17.4,-8.3,72,2.70,218,0.31,6.0,24.3,18.3,62
2008-01-23,-10.4,-6.9,81,2.90,275,0.33,8.0,16.5,9.6,65
2008-01-24,-13.1,-10.4,69,0.00,256,0.40,0.0,18.2,13.4,50
2008-01-25,-17.4,-14.3,67,0.00,309,0.36,0.0,14.0,11.9,52
2008-01-26,-17.0,-13.1,69,0.00,283,0.37,0.0,14.6,12.6,53
2008-01-27,-18.1,-13.3,74,0.00,257,0.34,0.0,12.3,6.6,58
2008-01-28,-8.9,-4.0,83,14.00,38,0.27,12.0,33.0,22.3,73
2008-01-29,-3.3,-2.3,89,8.10,10,0.33,17.0,36.4,26.5,87
2008-01-30,-1.8,4.2,91,1.60,142,0.35,3.0,33.6,12.2,85
2008-01-31,-3.6,6.3,66,0.80,236,0.99,3.0,35.8,25.8,49
2008-02-01,-10.0,-7.6,71,0.10,264,0.51,1.0,16.4,9.1,48
2008-02-02,-4.2,0.3,86,36.30,75,0.41,19.0,36.3,25.9,75
2008-02-03,-7.4,-3.7,76,0.00,289,0.66,0.0,25.9,13.0,65
2008-02-04,-8.9,-5.1,76,0.00,296,0.59,0.0,13.0,8.6,59
2008-02-05,-10.3,-6.0,84,4.00,155,0.32,6.0,16.5,8.5,76
2008-02-06,-5.0,-3.4,87,4.40,308,0.46,9.0,18.9,8.2,72
2008-02-07,-8.0,-5.0,78,0.00,353,0.50,0.0,26.1,17.8,72
2008-02-08,-9.2,-6.4,79,0.00,30,0.60,0.0,18.8,9.3,70
2008-02-09,-8.6,-5.8,82,0.00,229,0.66,0.0,10.8,7.4,71
2008-02-10,-5.8,-3.0,91,7.20,107,0.26,16.0,24.9,17.4,85
2008-02-11,-5.4,-3.5,80,14.20,347,0.57,18.0,31.9,25.4,63
2008-02-12,-7.2,-4.8,67,0.00,293,0.90,0.0,26.7,20.8,53
2008-02-13,-9.5,-5.1,83,16.40,133,0.25,10.0,23.7,13.2,74
2008-02-14,-2.8,-1.4,80,21.10,326,0.87,10.0,23.3,16.2,61
2008-02-15,-7.3,-3.4,77,2.20,239,0.50,8.0,18.2,13.9,68
2008-02-16,-12.3,-4.1,62,0.00,281,0.67,0.0,28.2,20.3,43
2008-02-17,-15.1,-8.5,70,0.00,220,0.52,0.0,16.4,12.3,53
2008-02-18,1.1,7.6,88,10.00,196,0.56,18.0,32.4,26.3,79
2008-02-19,3.3,6.6,81,5.40,229,1.06,8.0,26.5,21.5,56
2008-02-20,-4.0,-0.8,74,0.20,247,0.88,2.0,26.0,20.3,53
2008-02-21,-12.4,-8.7,63,0.00,268,0.77,0.0,23.3,18.1,45
2008-02-22,-12.6,-6.4,66,0.00,245,0.77,0.0,18.0,15.4,47
2008-02-23,-8.2,-4.0,73,0.00,14,0.82,0.0,12.4,8.1,56
2008-02-24,-6.9,-1.2,70,0.00,252,1.03,0.0,19.3,15.1,54
2008-02-25,-3.3,1.7,75,0.00,234,1.20,0.0,20.8,13.5,60
2008-02-26,-2.7,-0.3,85,0.10,274,0.82,1.0,12.6,10.2,73
2008-02-27,-4.0,-2.6,91,22.30,39,0.30,20.0,24.1,18.5,80
2008-02-28,-7.2,-4.5,71,1.70,336,0.78,11.0,17.5,14.1,47
2008-02-29,-14.4,-11.2,62,0.00,309,0.80,0.0,21.9,13.3,43
2008-03-01,-11.7,-5.9,76,2.70,136,0.49,7.0,25.9,15.9,60
2008-03-02,-4.8,-3.7,81,18.70,0,0.66,19.0,42.9,33.6,60
2008-03-03,-7.0,-3.0,62,0.00,293,1.18,0.0,28.6,17.6,44
2008-03-04,1.4,6.7,73,0.90,234,1.31,4.0,28.5,24.6,53
2008-03-05,-7.5,-1.5,72,11.20,67,0.52,13.0,31.7,21.2,58
2008-03-06,-1.9,3.8,72,2.20,253,1.31,6.0,29.0,17.0,48
2008-03-07,-3.5,2.4,76,0.00,187,1.39,0.0,15.9,9.5,56
2008-03-08,-0.1,2.5,89,12.80,81,0.55,14.0,29.1,12.1,80
2008-03-09,-6.4,-2.2,84,38.30,31,0.50,23.0,41.5,27.8,70
2008-03-10,-9.9,-6.4,67,0.00,312,1.11,0.0,20.4,10.1,52
2008-03-11,-7.9,-1.6,65,0.00,239,1.29,0.0,17.1,13.5,43
2008-03-12,-4.1,1.4,75,0.00,208,1.03,0.0,17.6,14.0,63
2008-03-13,-5.9,-1.7,71,3.30,336,1.05,10.0,27.6,18.3,45
2008-03-14,-10.9,-7.6,71,0.00,359,1.05,0.0,14.0,8.7,54
2008-03-15,-9.4,-6.5,79,0.00,86,0.77,0.0,15.9,11.4,65
2008-03-16,-8.7,-5.1,78,0.00,30,1.06,0.0,13.3,10.7,56
2008-03-17,-6.1,-1.8,73,0.00,0,1.09,0.0,32.8,21.1,56
2008-03-18,-7.3,-3.0,62,0.00,1,1.42,0.0,29.1,21.9,46
2008-03-19,-7.8,-3.0,73,0.00,28,1.30,0.0,10.1,8.3,53
2008-03-20,-5.3,-2.3,90,26.10,89,0.29,15.0,25.1,18.0,85
2008-03-21,-2.2,-0.7,83,11.60,260,0.82,24.0,33.6,26.9,69
2008-03-22,-6.3,-4.2,66,1.40,250,1.25,9.0,27.5,22.7,51
2008-03-23,-8.7,-6.2,60,0.00,264,1.21,0.0,29.2,23.5,44
2008-03-24,-9.9,-3.8,58,0.00,254,1.34,0.0,22.4,13.5,39
2008-03-25,-9.4,-6.5,62,0.00,356,1.32,0.0,17.8,10.7,40
2008-03-26,-5.0,2.1,75,0.40,179,1.04,3.0,29.1,19.6,69
2008-03-27,-1.1,2.3,66,0.00,253,1.86,0.0,23.9,18.1,44
2008-03-28,-2.8,-0.2,74,0.70,343,1.29,3.0,13.7,11.8,51
2008-03-29,-4.4,-1.4,68,0.00,341,1.48,0.0,13.4,11.0,39
2008-03-30,-3.2,0.8,74,0.90,348,1.35,6.0,27.0,16.5,55
2008-03-31,-2.9,2.9,77,0.00,192,1.46,0.0,18.8,9.6,51
2008-04-01,-0.2,1.0,94,12.50,151,0.39,19.0,19.1,11.7,75
2008-04-02,3.1,5.6,77,7.90,249,1.73,11.0,38.7,26.7,52
2008-04-03,-2.3,3.1,52,0.00,278,2.27,0.0,39.7,33.3,38
2008-04-04,2.2,8.0,66,0.00,243,2.44,0.0,23.8,17.3,44
2008-04-05,1.0,3.2,92,6.40,81,0.44,21.0,19.4,14.6,69
2008-04-06,1.2,3.4,88,0.00,48,1.73,0.0,14.8,12.4,74
2008-04-07,-0.3,2.5,83,0.00,50,1.87,0.0,13.8,10.8,65
2008-04-08,0.5,4.8,73,0.00,28,2.22,0.0,11.2,8.7,52
2008-04-09,2.3,9.7,74,0.00,193,2.59,0.0,12.8,8.1,43
2008-04-10,3.9,8.4,73,2.10,222,1.64,4.0,21.8,19.3,65
2008-04-11,3.4,7.3,75,0.00,286,2.10,0.0,21.2,17.0,56
2008-04-12,1.1,2.8,90,5.40,52,0.72,9.0,18.9,10.4,77
2008-04-13,0.5,2.4,89,3.50,43,0.90,19.0,18.5,11.7,76
2008-04-14,1.2,3.8,77,0.10,315,1.72,1.0,23.7,16.4,50
2008-04-15,1.8,6.4,68,0.00,281,2.66,0.0,18.4,12.0,48
2008-04-16,3.3,10.7,67,0.00,235,2.91,0.0,19.9,13.5,41
2008-04-17,6.9,14.3,63,0.00,219,3.55,0.0,23.4,19.0,42
2008-04-18,4.5,7.7,76,0.00,315,2.49,0.0,18.5,13.0,66
2008-04-19,2.6,3.5,80,0.00,25,2.03,0.0,19.7,15.3,73
2008-04-20,1.2,4.7,79,0.00,90,1.53,0.0,13.5,7.2,65
2008-04-21,3.3,7.8,82,0.00,119,2.26,0.0,13.4,8.2,65
2008-04-22,2.5,6.8,85,1.50,43,2.29,2.0,12.8,8.0,71
2008-04-23,2.0,3.9,87,0.80,38,1.55,6.0,17.7,10.2,70
2008-04-24,0.2,0.7,83,9.10,47,0.77,16.0,20.6,16.8,80
2008-04-25,1.1,4.2,76,0.00,21,2.26,0.0,17.2,15.3,61
2008-04-26,2.0,4.7,76,0.00,36,2.42,0.0,16.3,14.3,61
2008-04-27,1.8,5.0,84,0.00,52,2.34,0.0,12.1,10.2,64
2008-04-28,2.2,5.6,83,0.00,43,2.38,0.0,14.2,10.3,61
2008-04-29,4.8,8.3,93,0.00,124,1.00,0.0,24.9,16.3,85
2008-04-30,6.6,8.7,92,6.40,138,1.27,11.0,32.0,18.4,75
2008-05-01,3.7,5.9,82,2.30,331,1.33,7.0,16.4,13.8,68
2008-05-02,2.0,2.8,95,9.20,326,0.45,22.0,15.6,10.7,94
2008-05-03,3.4,6.4,91,1.40,37,1.77,5.0,11.2,8.4,77
2008-05-04,4.5,9.0,81,0.00,95,2.84,0.0,13.7,8.3,63
2008-05-05,5.7,11.0,88,0.30,256,1.28,3.0,8.9,5.3,76
2008-05-06,7.7,13.0,87,0.00,113,2.86,0.0,14.0,6.5,67
2008-05-07,8.8,14.4,88,2.30,148,2.77,6.0,13.5,8.7,66
2008-05-08,6.9,9.4,99,11.80,157,0.61,10.0,19.8,8.9,96
2008-05-09,8.1,10.5,85,0.00,316,1.74,0.0,22.5,17.4,63
2008-05-10,4.8,5.9,87,0.20,46,0.97,2.0,25.0,21.4,82
2008-05-11,5.0,6.9,83,0.00,30,1.88,0.0,28.0,24.1,75
2008-05-12,5.7,9.3,76,0.00,27,2.88,0.0,24.8,21.5,61
2008-05-13,6.3,10.3,74,0.00,34,3.11,0.0,19.9,17.7,59
2008-05-14,7.8,11.5,71,0.00,36,3.55,0.0,15.7,12.9,54
2008-05-15,7.4,11.0,75,0.00,36,3.34,0.0,15.1,12.1,61
2008-05-16,7.6,13.2,80,0.00,52,3.15,0.0,12.6,8.3,58
2008-05-17,6.6,8.7,89,1.40,62,1.55,3.0,18.5,13.3,80
2008-05-18,9.7,16.1,84,7.60,300,2.60,15.0,14.6,9.6,55
2008-05-19,10.1,12.0,86,3.80,174,1.34,7.0,19.3,13.5,72
2008-05-20,10.3,14.8,80,2.10,229,2.61,9.0,22.6,18.1,58
2008-05-21,8.6,11.4,81,0.50,54,2.09,4.0,16.5,9.6,65
2008-05-22,9.5,14.3,86,3.50,130,3.03,5.0,10.7,5.5,70
2008-05-23,8.4,10.5,86,0.00,15,1.75,0.0,25.1,14.7,67
2008-05-24,8.1,10.9,77,0.50,349,1.98,3.0,15.5,10.6,62
2008-05-25,11.2,16.5,67,0.00,200,3.79,0.0,15.3,8.2,42
2008-05-26,14.3,20.6,60,0.00,215,4.27,0.0,26.3,21.4,44
2008-05-27,15.1,21.4,71,4.00,224,3.90,14.0,26.1,22.4,52
2008-05-28,10.8,14.3,50,0.00,295,4.31,0.0,25.1,20.8,36
2008-05-29,10.8,14.8,60,3.10,244,3.26,5.0,30.7,21.9,44
2008-05-30,11.2,16.3,52,0.00,282,5.06,0.0,20.9,14.5,40
2008-05-31,11.1,15.5,76,7.10,195,2.23,6.0,25.2,14.7,54
2008-06-01,12.5,17.6,89,13.60,176,2.13,15.0,30.4,15.6,65
2008-06-02,11.4,14.2,84,0.90,40,2.00,7.0,11.4,8.3,63
2008-06-03,13.9,20.7,79,2.00,226,3.55,6.0,14.1,10.4,48
2008-06-04,12.0,15.2,77,1.60,202,2.27,4.0,13.0,8.7,56
2008-06-05,11.2,14.5,79,0.00,64,3.70,0.0,15.3,9.6,55
2008-06-06,12.8,18.3,67,0.00,186,4.09,0.0,19.8,8.6,44
2008-06-07,14.8,19.8,77,0.00,223,3.54,0.0,22.3,15.8,55
2008-06-08,16.7,22.4,90,2.30,189,2.63,7.0,17.9,13.4,77
2008-06-09,16.1,18.5,94,2.40,14,2.10,4.0,19.7,12.7,81
2008-06-10,12.4,15.4,90,0.60,112,1.40,4.0,14.6,10.7,80
2008-06-11,16.4,22.6,84,7.10,203,2.68,9.0,20.1,16.1,61
2008-06-12,16.1,18.8,70,0.50,312,4.12,1.0,25.6,19.2,43
2008-06-13,14.5,16.5,55,0.00,348,5.32,0.0,24.1,20.7,48
2008-06-14,13.1,14.4,68,0.00,19,3.72,0.0,20.8,16.2,61
2008-06-15,12.1,13.3,84,0.00,26,2.02,0.0,17.8,15.2,78
2008-06-16,11.7,13.3,86,0.10,29,2.04,1.0,16.8,11.3,79
2008-06-17,10.9,12.3,92,4.60,79,1.36,7.0,15.8,10.9,85
2008-06-18,12.7,14.9,94,8.30,106,1.74,14.0,20.1,15.6,84
2008-06-19,13.9,16.4,93,4.50,102,2.38,9.0,15.9,10.6,83
2008-06-20,15.2,18.9,85,0.10,122,3.82,1.0,12.6,7.6,66
2008-06-21,15.7,18.7,85,2.80,213,2.77,5.0,14.3,11.8,70
2008-06-22,18.2,23.1,79,0.30,212,4.45,1.0,14.8,11.5,57
2008-06-23,19.1,23.6,83,1.10,205,3.50,4.0,21.4,17.2,69
2008-06-24,19.7,23.4,81,4.10,227,3.82,4.0,17.1,14.3,55
2008-06-25,19.4,24.2,60,0.00,295,5.74,0.0,19.7,15.8,39
2008-06-26,17.5,20.2,82,8.20,258,2.34,12.0,13.2,11.1,66
2008-06-27,13.9,15.7,89,5.50,46,1.77,14.0,22.2,18.1,75
2008-06-28,13.3,14.9,79,0.00,44,2.43,0.0,18.0,13.6,72
2008-06-29,13.3,14.3,90,25.60,110,0.85,19.0,23.1,17.4,81
2008-06-30,16.9,21.7,96,18.80,173,1.59,19.0,20.8,13.9,86
2008-07-01,20.6,25.0,82,1.50,224,4.15,5.0,18.5,14.8,54
2008-07-02,21.0,25.1,81,0.00,206,4.42,0.0,15.9,12.0,65
2008-07-03,20.9,25.9,76,0.00,209,5.05,0.0,25.4,21.0,50
2008-07-04,19.5,22.3,64,0.00,249,5.69,0.0,24.8,12.5,46
2008-07-05,19.2,23.4,65,0.00,227,5.25,0.0,14.0,10.2,45
2008-07-06,21.5,27.0,65,0.00,225,6.00,0.0,18.9,14.9,44
2008-07-07,22.7,28.6,66,0.00,228,6.35,0.0,19.2,17.2,42
2008-07-08,22.9,26.4,72,0.00,225,5.27,0.0,19.2,11.3,58
2008-07-09,24.1,28.8,76,0.20,209,5.14,1.0,21.8,17.7,59
2008-07-10,22.6,26.6,79,2.40,218,4.07,5.0,21.3,17.9,57
2008-07-11,20.0,23.1,64,0.00,273,4.37,0.0,16.7,13.5,48
2008-07-12,18.9,22.5,67,0.00,306,4.29,0.0,11.4,8.9,46
2008-07-13,19.8,24.5,67,0.00,188,5.06,0.0,32.2,19.3,48
2008-07-14,20.1,23.8,75,1.50,193,3.06,5.0,31.3,21.4,55
2008-07-15,22.1,25.9,77,0.10,221,4.68,1.0,17.7,13.1,48
2008-07-16,22.2,26.6,68,0.00,211,5.32,0.0,14.8,9.1,45
2008-07-17,22.4,25.6,68,0.00,214,4.93,0.0,18.0,11.0,56
2008-07-18,21.3,24.6,70,0.00,280,3.99,0.0,12.2,7.7,46
2008-07-19,20.0,22.6,78,0.40,217,3.56,1.0,11.5,5.8,63
2008-07-20,19.7,22.6,85,0.20,142,3.39,1.0,12.9,8.0,69
2008-07-21,19.3,21.9,91,15.20,97,2.84,15.0,13.4,7.9,71
2008-07-22,18.2,19.7,86,0.80,50,3.16,2.0,22.4,16.6,70
2008-07-23,17.7,19.7,84,0.50,45,2.64,5.0,18.4,16.1,74
2008-07-24,19.9,24.9,86,0.10,120,3.17,1.0,14.8,11.6,73
2008-07-25,22.1,23.8,89,4.20,178,2.52,7.0,17.5,15.5,80
2008-07-26,21.5,25.8,83,25.50,211,4.16,9.0,16.3,11.7,55
2008-07-27,21.4,26.2,75,0.00,197,4.87,0.0,20.0,16.1,57
2008-07-28,20.5,22.7,82,4.70,202,3.05,3.0,19.0,13.5,73
2008-07-29,20.4,23.6,87,5.00,211,3.25,3.0,15.3,9.9,72
2008-07-30,20.0,22.9,87,0.00,312,3.55,0.0,10.9,8.4,75
2008-07-31,20.1,21.4,89,0.50,97,2.50,4.0,15.5,10.0,84
2008-08-01,19.8,21.2,91,6.70,91,2.62,15.0,19.5,14.8,84
2008-08-02,18.8,19.7,90,4.20,107,1.59,12.0,21.4,19.3,87
2008-08-03,18.6,20.0,95,17.10,115,1.25,22.0,22.1,20.5,91
2008-08-04,17.1,18.7,95,28.50,70,0.69,24.0,31.6,25.0,89
2008-08-05,15.8,17.1,86,8.00,35,1.87,18.0,31.3,26.0,73
2008-08-06,15.4,17.2,80,0.60,19,2.96,5.0,20.6,17.1,69
2008-08-07,15.4,17.0,81,1.30,48,1.72,7.0,14.8,10.8,73
2008-08-08,16.7,18.8,82,0.00,108,2.54,0.0,11.2,7.8,73
2008-08-09,17.3,19.0,91,1.60,95,2.20,9.0,15.6,9.8,83
2008-08-10,17.4,18.9,92,1.20,54,2.19,7.0,15.0,10.8,85
2008-08-11,17.7,19.8,90,0.60,66,2.25,6.0,11.1,8.2,82
2008-08-12,17.4,18.5,93,1.30,106,1.79,6.0,10.8,6.8,87
2008-08-13,17.5,20.9,88,5.80,325,2.98,13.0,10.6,7.7,72
2008-08-14,18.2,20.5,87,0.10,189,2.65,1.0,11.8,9.4,76
2008-08-15,18.7,22.1,84,0.20,315,3.15,1.0,13.7,9.7,70
2008-08-16,18.7,21.9,86,3.40,214,2.60,4.0,14.9,12.4,67
2008-08-17,18.6,21.7,85,4.60,237,3.03,3.0,20.1,16.6,69
2008-08-18,18.0,23.8,67,0.00,238,4.64,0.0,17.6,14.5,52
2008-08-19,18.5,20.6,84,16.90,228,1.63,10.0,23.0,16.0,66
2008-08-20,15.5,17.3,64,0.00,301,3.38,0.0,28.1,22.4,51
2008-08-21,17.6,23.8,64,0.00,281,4.74,0.0,19.4,14.9,52
2008-08-22,20.8,26.4,77,0.00,239,4.42,0.0,13.3,9.1,56
2008-08-23,22.6,28.2,79,0.00,227,4.47,0.0,16.3,14.8,54
2008-08-24,21.1,25.2,70,0.00,215,4.74,0.0,22.9,20.1,50
2008-08-25,19.6,24.4,67,1.50,220,4.43,4.0,22.4,14.6,55
2008-08-26,16.5,19.2,79,2.80,314,2.63,9.0,16.9,13.9,70
2008-08-27,17.2,20.3,71,0.00,3,4.06,0.0,21.7,16.8,55
2008-08-28,17.1,19.8,81,0.00,45,2.85,0.0,22.6,15.7,75
2008-08-29,15.9,16.6,87,1.50,44,1.21,10.0,24.2,21.8,85
2008-08-30,17.9,22.4,82,0.00,288,2.56,0.0,14.1,10.5,65
2008-08-31,19.1,21.3,76,0.20,295,3.35,1.0,23.8,14.4,57
2008-09-01,16.7,18.3,73,10.10,347,2.36,16.0,36.9,29.2,63
2008-09-02,17.4,19.2,86,2.30,37,2.57,10.0,28.8,18.3,78
2008-09-03,16.5,19.2,87,0.00,57,2.57,0.0,16.4,11.0,72
2008-09-04,18.4,24.4,82,0.90,318,3.17,4.0,20.0,11.9,52
2008-09-05,16.9,19.8,69,0.00,306,3.71,0.0,21.9,12.2,55
2008-09-06,19.7,23.9,79,0.00,213,3.21,0.0,27.1,21.4,66
2008-09-07,17.9,20.0,96,44.80,23,0.69,15.0,23.1,14.5,88
2008-09-08,16.6,19.7,84,3.60,291,2.29,12.0,20.5,14.1,58
2008-09-09,16.1,19.2,81,7.40,217,1.84,6.0,28.8,16.3,70
2008-09-10,14.4,16.5,71,0.50,280,3.12,3.0,29.5,22.4,49
2008-09-11,13.7,18.2,60,0.00,282,3.54,0.0,20.7,12.1,44
2008-09-12,14.1,17.8,73,0.00,225,2.50,0.0,17.3,14.7,54
2008-09-13,14.8,16.8,88,0.40,217,1.04,3.0,18.5,11.9,80
2008-09-14,16.3,19.7,86,0.00,195,2.26,0.0,24.2,13.3,65
2008-09-15,18.9,23.6,83,0.80,206,2.20,5.0,38.4,29.8,71
2008-09-16,13.0,15.4,69,0.00,339,3.15,0.0,25.9,15.5,59
2008-09-17,14.1,19.0,73,0.00,210,3.09,0.0,18.1,14.2,48
2008-09-18,12.6,15.9,63,3.10,296,2.80,6.0,21.3,18.4,37
2008-09-19,9.4,13.2,52,0.00,295,3.42,0.0,22.2,14.2,36
2008-09-20,11.4,17.1,61,0.00,210,3.49,0.0,25.3,22.6,51
2008-09-21,11.7,13.8,76,0.50,258,1.66,3.0,23.4,16.2,59
2008-09-22,10.1,13.4,63,0.00,332,2.72,0.0,16.9,10.6,40
2008-09-23,9.7,13.9,59,0.00,305,2.88,0.0,17.2,11.7,35
2008-09-24,10.4,13.4,71,0.00,322,2.49,0.0,13.3,10.6,54
2008-09-25,13.5,20.9,79,0.00,205,2.72,0.0,23.0,16.0,61
2008-09-26,14.7,19.1,66,0.00,226,2.97,0.0,23.4,18.9,50
2008-09-27,13.6,15.4,91,15.60,177,0.52,14.0,22.9,14.6,73
2008-09-28,16.8,18.8,97,9.70,172,0.78,18.0,21.3,17.7,92
2008-09-29,14.7,15.9,90,22.10,13,0.97,13.0,38.0,25.5,76
2008-09-30,12.6,13.9,74,0.00,343,1.66,0.0,20.0,16.3,65
2008-10-01,11.6,14.9,83,0.00,215,1.27,0.0,10.9,6.6,72
2008-10-02,12.4,13.8,93,24.20,162,0.39,14.0,30.7,20.3,83
2008-10-03,10.3,13.8,75,3.10,226,2.19,6.0,31.1,25.9,50
2008-10-04,9.5,12.3,69,0.90,251,2.22,2.0,30.6,25.4,54
2008-10-05,9.0,11.8,73,0.90,274,1.78,4.0,20.3,16.1,54
2008-10-06,8.2,10.4,66,0.00,288,1.96,0.0,18.1,14.3,49
2008-10-07,8.2,9.9,61,0.00,313,2.11,0.0,25.4,19.8,53
2008-10-08,9.5,14.1,63,0.00,289,2.49,0.0,21.9,15.0,48
2008-10-09,9.8,12.3,85,1.20,225,0.88,4.0,19.1,15.3,76
2008-10-10,11.9,15.0,78,0.00,265,1.99,0.0,24.3,20.6,56
2008-10-11,11.4,13.7,71,0.00,304,1.95,0.0,20.7,14.5,60
2008-10-12,10.2,14.4,76,0.00,299,1.87,0.0,15.3,8.7,54
2008-10-13,9.3,11.0,76,0.90,354,1.58,3.0,20.2,16.3,63
2008-10-14,8.9,13.4,81,0.00,194,1.70,0.0,26.7,12.9,60
2008-10-15,10.3,13.1,76,0.90,236,1.84,2.0,28.4,15.4,56
2008-10-16,9.4,11.5,85,2.80,192,0.78,4.0,12.4,11.3,76
2008-10-17,8.9,10.9,77,4.00,308,1.67,6.0,24.4,17.2,50
2008-10-18,5.9,8.6,57,0.00,309,2.14,0.0,19.2,16.1,40
2008-10-19,4.8,7.4,65,0.00,341,1.69,0.0,16.9,10.9,50
2008-10-20,4.5,7.9,79,0.00,96,1.32,0.0,11.4,5.7,61
2008-10-21,5.7,8.3,83,0.80,19,1.15,2.0,22.1,16.7,66
2008-10-22,3.7,5.7,84,12.50,40,0.80,21.0,41.2,33.0,61
2008-10-23,2.9,7.1,58,0.00,351,1.90,0.0,30.4,19.3,44
2008-10-24,5.4,10.6,54,0.00,284,2.12,0.0,17.7,14.4,41
2008-10-25,5.9,10.7,74,0.00,220,1.39,0.0,17.7,13.8,58
2008-10-26,9.2,13.5,79,0.20,160,1.22,2.0,30.3,23.7,71
2008-10-27,12.3,14.1,90,4.30,157,1.21,10.0,30.2,15.7,75
2008-10-28,12.2,13.8,98,40.20,127,0.22,24.0,34.2,24.8,96
2008-10-29,10.7,14.0,74,0.10,179,1.58,1.0,34.7,27.8,54
2008-10-30,5.1,7.6,61,0.00,228,1.76,0.0,26.0,20.7,48
2008-10-31,4.4,7.5,66,0.00,282,1.56,0.0,18.9,14.4,49
2008-11-01,4.7,6.3,58,0.00,281,1.81,0.0,25.8,21.3,40
2008-11-02,1.2,3.6,53,0.00,300,1.75,0.0,27.5,21.5,34
2008-11-03,1.4,5.1,61,0.00,236,1.33,0.0,28.5,19.5,53
2008-11-04,4.8,9.1,74,0.00,239,1.18,0.0,21.4,13.6,60
2008-11-05,9.1,14.5,87,0.00,228,0.98,0.0,23.2,21.3,72
2008-11-06,11.5,16.1,88,0.00,229,1.15,0.0,23.0,19.3,72
2008-11-07,8.4,10.9,98,47.00,49,0.14,20.0,23.1,14.4,96
2008-11-08,6.3,7.5,95,6.80,11,0.29,11.0,21.9,16.6,90
2008-11-09,9.7,13.1,98,5.00,149,0.34,15.0,18.5,11.0,95
2008-11-10,7.2,11.3,82,0.00,241,1.02,0.0,21.5,16.4,58
2008-11-11,3.8,6.1,91,2.50,273,0.34,10.0,28.0,17.3,81
2008-11-12,2.9,5.4,65,0.00,294,1.36,0.0,21.3,16.7,50
2008-11-13,2.3,4.9,71,0.00,261,1.05,0.0,15.5,9.9,57
2008-11-14,4.5,7.6,82,0.30,161,0.59,2.0,19.8,15.8,75
2008-11-15,9.9,11.7,96,5.40,162,0.35,18.0,23.3,16.9,84
2008-11-16,14.2,15.3,97,23.20,179,0.27,19.0,39.3,30.5,93
2008-11-17,5.5,10.0,61,0.60,231,1.83,3.0,36.4,28.5,47
2008-11-18,1.4,3.0,64,0.00,257,0.99,0.0,13.8,8.8,52
2008-11-19,0.4,1.3,77,5.80,358,0.74,17.0,36.8,28.3,70
2008-11-20,-1.7,-0.2,65,4.60,293,1.15,7.0,33.4,25.3,50
2008-11-21,-3.7,-1.3,55,0.00,246,1.15,0.0,24.4,20.0,44
2008-11-22,-2.9,-1.1,75,33.00,326,0.52,17.0,39.8,24.8,57
2008-11-23,-5.6,-4.0,62,0.00,242,0.95,0.0,30.6,26.8,49
2008-11-24,-6.1,-4.2,69,0.00,243,0.73,0.0,24.1,17.8,58
2008-11-25,-4.5,-0.3,75,0.00,142,0.60,0.0,24.5,12.9,65
2008-11-26,2.3,4.1,82,0.90,108,0.71,3.0,35.0,30.5,74
2008-11-27,2.6,4.0,94,5.30,121,0.32,9.0,25.4,9.7,89
2008-11-28,1.4,3.2,93,0.90,181,0.27,8.0,13.9,10.8,90
2008-11-29,2.4,3.8,90,2.80,210,0.44,6.0,26.3,17.6,71
2008-11-30,-1.2,0.7,79,0.00,254,0.64,0.0,20.0,15.6,66
2008-12-01,1.6,8.1,88,19.40,134,0.27,15.0,27.7,16.2,74
2008-12-02,5.2,8.6,90,0.40,221,0.47,2.0,26.6,22.0,76
2008-12-03,0.4,2.1,78,0.00,249,0.66,0.0,17.1,12.8,60
2008-12-04,1.6,6.2,80,1.20,214,0.70,4.0,27.0,19.1,70
2008-12-05,-0.7,2.5,73,0.00,266,0.71,0.0,23.3,18.7,48
2008-12-06,-4.7,-1.9,53,0.00,238,0.98,0.0,20.6,13.8,45
2008-12-07,-0.2,1.8,77,5.50,125,0.60,10.0,22.9,20.1,54
2008-12-08,-4.3,0.9,73,5.50,298,0.66,10.0,35.0,30.2,54
2008-12-09,-9.7,-3.3,65,2.00,248,0.61,4.0,32.2,22.0,45
2008-12-10,1.1,8.4,95,47.60,229,0.15,24.0,42.8,18.8,89
2008-12-11,-5.9,-1.4,81,0.50,332,0.34,1.0,20.5,15.1,76
2008-12-12,2.2,11.9,91,41.30,118,0.24,23.0,39.7,22.2,83
2008-12-13,-3.2,9.2,75,0.00,294,0.57,0.0,25.9,21.5,60
2008-12-14,-11.4,-4.9,68,0.00,264,0.54,0.0,24.1,16.6,49
2008-12-15,2.0,8.8,85,0.10,213,0.56,1.0,33.3,21.1,69
2008-12-16,2.8,8.9,68,2.10,252,1.00,4.0,38.8,28.1,45
2008-12-17,-7.7,-4.4,63,7.20,360,0.54,10.0,22.9,14.8,50
2008-12-18,-6.4,-3.7,80,1.60,282,0.39,5.0,18.8,15.2,64
2008-12-19,-13.3,-7.9,69,0.00,294,0.38,0.0,27.9,20.2,55
2008-12-20,-15.1,-12.6,73,0.00,343,0.31,0.0,20.7,18.6,68
2008-12-21,-16.6,-9.4,75,0.00,333,0.30,0.0,21.0,12.3,65
2008-12-22,-6.0,-2.6,76,31.10,26,0.57,18.0,56.9,38.6,62
2008-12-23,-13.2,-10.5,64,0.00,281,0.53,0.0,33.7,25.0,56
2008-12-24,-9.8,-3.2,81,4.00,217,0.25,7.0,17.3,14.7,73
2008-12-25,0.9,6.5,77,13.50,248,0.84,10.0,40.7,27.8,56
2008-12-26,-13.2,-6.5,66,0.00,298,0.47,0.0,28.4,18.7,54
2008-12-27,-12.2,-4.5,75,2.20,188,0.26,9.0,19.4,11.2,68
2008-12-28,1.2,5.1,94,10.80,177,0.23,14.0,25.0,20.2,88
2008-12-29,1.4,6.2,74,0.30,258,0.92,2.0,34.0,23.9,63
2008-12-30,-7.1,-4.4,80,0.00,322,0.32,0.0,16.9,10.8,74
2008-12-31,-8.8,-6.3,78,0.00,299,0.37,0.0,18.7,13.2,65
2009-01-01,-10.0,-9.0,75,9.00,330,0.45,21.0,42.8,31.7,68
2009-01-02,-10.7,-9.5,67,1.50,297,0.62,9.0,44.1,31.9,62
2009-01-03,-11.6,-9.3,71,0.00,273,0.44,0.0,24.5,18.2,60
2009-01-04,-4.3,1.3,72,1.20,288,0.81,6.0,27.6,24.4,64
2009-01-05,-4.4,-1.6,78,1.20,259,0.51,4.0,23.2,21.4,65
2009-01-06,-7.7,-5.1,65,0.00,263,0.75,0.0,31.1,27.5,54
2009-01-07,-12.3,-9.2,68,1.70,266,0.43,3.0,26.4,15.4,60
2009-01-08,-4.2,-2.5,83,12.90,223,0.47,17.0,29.1,22.0,69
2009-01-09,-7.9,-5.0,77,0.00,279,0.48,0.0,21.8,16.9,67
2009-01-10,-10.4,-6.9,70,0.00,291,0.52,0.0,22.2,19.4,56
2009-01-11,-13.9,-11.5,75,0.50,305,0.28,3.0,17.5,10.5,69
2009-01-12,-12.9,-9.1,74,0.00,301,0.33,0.0,14.9,10.3,60
2009-01-13,-10.5,-4.0,75,0.00,215,0.48,0.0,21.5,14.6,62
2009-01-14,-3.9,-0.2,80,2.40,227,0.47,12.0,36.4,22.9,56
2009-01-15,-20.4,-16.1,62,0.00,277,0.33,0.0,28.0,19.1,49
2009-01-16,-24.1,-20.2,66,0.00,275,0.24,0.0,20.5,15.0,51
2009-01-17,-24.3,-20.5,65,0.00,266,0.24,0.0,19.2,16.8,49
2009-01-18,-22.8,-14.4,71,2.20,287,0.20,5.0,22.7,10.8,58
2009-01-19,-6.5,-3.6,88,22.70,53,0.28,19.0,31.4,18.6,77
2009-01-20,-9.1,-6.5,84,0.00,340,0.32,0.0,11.8,8.3,71
2009-01-21,-11.7,-8.2,81,0.00,226,0.33,0.0,15.9,7.4,65
2009-01-22,-11.3,-6.0,78,0.40,235,0.41,2.0,22.5,19.6,67
2009-01-23,-14.2,-7.0,63,0.00,274,0.51,0.0,26.4,15.9,50
2009-01-24,-8.9,-3.0,74,3.70,236,0.53,11.0,25.7,20.5,56
2009-01-25,-18.7,-14.5,64,0.00,263,0.40,0.0,24.9,19.7,52
2009-01-26,-21.7,-17.8,61,0.00,281,0.33,0.0,19.2,15.7,45
2009-01-27,-19.9,-13.9,67,0.00,267,0.38,0.0,18.6,15.5,50
2009-01-28,-17.1,-11.8,69,0.20,238,0.36,1.0,16.6,13.4,54
2009-01-29,-6.8,-3.4,79,26.60,351,0.64,15.0,38.6,25.6,62
2009-01-30,-8.9,-5.5,79,0.00,245,0.53,0.0,14.0,12.2,63
2009-01-31,-8.9,-4.9,87,2.30,169,0.30,7.0,14.6,10.2,82
2009-02-01,-8.1,-5.6,76,0.00,270,0.65,0.0,20.2,15.9,60
2009-02-02,-5.8,0.2,79,0.10,218,0.71,1.0,18.1,13.0,64
2009-02-03,-5.7,-1.7,78,0.70,346,0.45,2.0,26.9,14.7,63
2009-02-04,-8.5,-6.3,75,12.40,332,0.61,12.0,33.1,17.9,59
2009-02-05,-12.7,-8.3,73,0.00,328,0.45,0.0,17.9,14.2,57
2009-02-06,-13.2,-8.0,70,0.00,264,0.61,0.0,20.0,15.4,52
2009-02-07,-10.2,-3.4,72,0.00,235,0.73,0.0,23.6,18.7,57
2009-02-08,0.6,4.2,79,1.60,238,0.95,5.0,29.5,23.2,66
2009-02-09,-10.2,-2.9,62,0.20,303,0.80,2.0,29.6,27.5,51
2009-02-10,-12.6,-7.3,62,0.00,293,0.76,0.0,26.5,18.9,43
2009-02-11,-7.1,-1.2,81,0.40,219,0.36,4.0,14.5,10.4,69
2009-02-12,-2.9,-0.0,94,13.30,48,0.19,13.0,24.5,14.6,90
2009-02-13,-7.7,-2.7,71,5.10,321,0.69,9.0,32.9,29.5,49
2009-02-14,-10.9,-8.5,69,0.30,279,0.65,3.0,25.2,19.7,61
2009-02-15,-3.3,0.4,81,0.70,349,0.67,7.0,24.4,18.1,73
2009-02-16,-2.6,-1.1,86,0.00,17,0.68,0.0,15.2,8.6,76
2009-02-17,-4.6,-1.8,91,0.00,120,0.74,0.0,10.5,6.0,77
2009-02-18,-5.9,-3.2,85,0.00,18,0.73,0.0,10.8,8.5,68
2009-02-19,-7.5,-5.8,80,7.00,103,0.49,5.0,27.7,16.6,71
2009-02-20,-3.0,-0.3,87,9.20,146,0.64,16.0,29.9,19.0,69
2009-02-21,-4.3,-1.2,72,0.00,244,1.02,0.0,27.7,24.8,60
2009-02-22,-5.9,-2.6,73,0.00,244,0.87,0.0,23.0,15.1,57
2009-02-23,-4.6,-2.4,87,32.00,42,0.39,18.0,42.1,31.1,79
2009-02-24,-5.5,-3.6,69,2.20,315,0.98,10.0,34.3,22.9,57
2009-02-25,-6.4,-2.3,69,0.00,286,1.11,0.0,20.1,12.8,48
2009-02-26,-5.3,1.0,77,0.00,215,0.94,0.0,18.3,14.5,65
2009-02-27,1.0,5.8,83,0.00,195,1.25,0.0,33.6,20.0,55
2009-02-28,1.3,6.7,77,13.00,234,0.85,16.0,38.2,27.0,61
2009-03-01,-10.6,-8.6,75,0.30,31,0.55,2.0,20.2,15.6,68
2009-03-02,-7.9,-7.4,85,18.10,27,0.30,24.0,29.3,22.3,79
2009-03-03,-7.0,-5.1,77,11.20,340,0.62,8.0,29.5,16.5,60
2009-03-04,-10.7,-7.3,66,0.00,283,0.88,0.0,16.3,14.2,45
2009-03-05,-10.3,-4.9,66,0.00,283,1.01,0.0,24.1,18.2,50
2009-03-06,-9.1,-2.5,80,5.90,167,0.47,8.0,25.1,12.4,68
2009-03-07,2.0,3.2,78,4.80,248,1.39,7.0,26.5,23.2,57
2009-03-08,-0.3,2.6,88,4.10,243,0.96,11.0,14.5,7.6,77
2009-03-09,-2.3,1.2,76,0.00,349,1.18,0.0,25.9,15.1,63
2009-03-10,-3.9,0.0,82,0.00,116,1.37,0.0,14.5,5.7,64
2009-03-11,-1.9,1.3,85,3.80,178,0.66,6.0,31.4,18.6,71
2009-03-12,-3.7,4.0,63,2.10,259,1.25,5.0,33.1,29.3,44
2009-03-13,-12.4,-7.7,54,0.00,278,1.09,0.0,28.7,22.1,39
2009-03-14,-6.9,0.7,65,0.00,230,1.43,0.0,25.0,19.1,47
2009-03-15,-4.0,-1.1,69,0.00,294,1.18,0.0,19.5,12.4,49
2009-03-16,-7.8,-1.1,63,0.00,318,1.39,0.0,20.1,13.2,48
2009-03-17,-5.8,0.2,71,0.00,303,1.52,0.0,15.9,8.8,51
2009-03-18,-0.4,5.9,77,0.50,211,1.44,2.0,28.0,21.0,63
2009-03-19,3.2,6.5,80,0.20,233,1.47,2.0,25.6,19.2,57
2009-03-20,-5.1,-0.3,64,0.00,337,1.56,0.0,21.7,13.3,45
2009-03-21,-6.0,-2.0,71,0.00,9,1.42,0.0,15.1,10.3,54
2009-03-22,-3.9,1.8,75,0.20,212,1.26,2.0,15.9,12.4,61
2009-03-23,-4.8,-1.6,79,0.70,341,1.06,5.0,27.3,17.5,66
2009-03-24,-2.8,-2.3,81,5.60,31,0.77,17.0,40.4,34.3,74
2009-03-25,-3.1,-1.5,74,0.00,18,1.30,0.0,28.2,24.6,64
2009-03-26,-2.6,1.7,71,0.00,14,1.70,0.0,14.8,13.6,54
2009-03-27,-2.2,2.3,82,0.00,308,1.04,0.0,11.3,4.9,69
2009-03-28,2.4,8.7,78,0.00,237,2.06,0.0,16.8,12.2,55
2009-03-29,1.7,4.7,85,0.00,332,1.72,0.0,19.8,11.6,71
2009-03-30,-1.0,-0.3,91,21.80,67,0.34,17.0,35.9,27.0,86
2009-03-31,-0.9,-0.3,84,8.80,27,0.89,13.0,34.6,26.8,72
2009-04-01,-1.4,4.0,78,0.00,195,1.79,0.0,14.4,8.5,59
2009-04-02,3.1,8.1,79,0.30,219,1.91,1.0,24.0,19.5,62
2009-04-03,3.3,7.7,91,0.50,183,1.25,2.0,19.5,13.8,78
2009-04-04,5.6,8.6,94,21.60,120,1.10,17.0,34.5,21.3,84
2009-04-05,3.0,4.7,93,2.20,159,0.91,2.0,17.4,10.7,83
2009-04-06,1.3,2.9,89,0.00,358,1.02,0.0,15.7,13.5,77
2009-04-07,3.0,8.2,94,24.30,119,0.45,14.0,33.9,25.9,90
2009-04-08,3.9,6.0,78,0.00,204,1.67,0.0,23.8,20.2,60
2009-04-09,3.0,6.6,68,0.00,212,2.00,0.0,23.8,19.5,50
2009-04-10,2.4,5.9,75,0.00,250,2.01,0.0,16.0,9.6,52
2009-04-11,0.6,4.6,76,0.00,237,1.90,0.0,15.8,9.1,55
2009-04-12,-0.2,0.6,88,15.50,9,0.52,19.0,44.0,29.6,84
2009-04-13,0.0,1.0,81,15.90,308,0.86,21.0,33.2,28.8,73
2009-04-14,0.2,3.5,69,0.00,310,1.87,0.0,24.3,18.5,55
2009-04-15,0.4,4.3,65,0.00,323,2.45,0.0,17.6,14.4,47
2009-04-16,-0.5,3.0,68,0.00,11,2.18,0.0,19.1,14.0,49
2009-04-17,0.3,3.9,70,1.10,274,1.61,6.0,14.1,9.3,54
2009-04-18,-0.4,2.7,78,0.00,13,1.86,0.0,17.1,13.2,55
2009-04-19,-0.6,1.9,78,0.00,89,1.56,0.0,17.4,9.8,58
2009-04-20,0.7,5.0,69,0.00,358,2.57,0.0,14.2,10.6,56
2009-04-21,2.0,6.1,74,6.50,147,1.84,5.0,24.7,14.5,62
2009-04-22,7.6,10.7,92,12.20,161,0.84,16.0,32.1,26.4,83
2009-04-23,7.3,8.7,90,12.90,181,1.29,21.0,38.0,27.6,77
2009-04-24,6.6,11.3,71,0.60,260,3.17,4.0,30.3,21.6,52
2009-04-25,9.4,16.8,62,0.00,211,4.02,0.0,24.9,17.6,47
2009-04-26,9.0,11.2,71,0.00,277,2.87,0.0,26.6,20.4,40
2009-04-27,5.2,9.7,62,0.00,201,2.25,0.0,23.0,10.2,50
2009-04-28,12.8,22.6,73,1.90,241,3.47,3.0,31.9,24.6,54
2009-04-29,6.1,11.0,49,1.80,309,3.69,2.0,27.5,25.3,30
2009-04-30,5.8,10.9,52,0.00,270,3.80,0.0,17.0,11.9,37
2009-05-01,7.7,11.8,80,12.20,201,1.01,9.0,35.6,24.9,54
2009-05-02,11.3,13.1,84,4.00,226,2.55,6.0,25.7,15.1,49
2009-05-03,9.2,15.6,67,0.00,200,3.29,0.0,22.4,14.8,32
2009-05-04,11.1,17.2,62,0.00,241,3.97,0.0,22.1,17.1,35
2009-05-05,7.2,11.1,61,0.00,60,3.31,0.0,16.0,12.6,52
2009-05-06,5.2,5.7,87,7.70,91,0.66,16.0,20.2,14.4,72
2009-05-07,5.7,7.7,91,9.00,34,0.99,8.0,18.0,10.4,78
2009-05-08,5.8,8.8,94,7.50,18,0.68,17.0,18.2,10.3,82
2009-05-09,10.5,17.5,82,0.50,177,3.39,3.0,17.1,10.8,55
2009-05-10,6.9,10.1,96,30.50,28,0.52,20.0,33.5,20.9,79
2009-05-11,6.2,10.3,73,0.00,356,2.50,0.0,24.5,13.1,49
2009-05-12,7.0,12.5,75,0.00,81,3.54,0.0,14.0,9.4,45
2009-05-13,10.8,17.8,60,0.00,207,4.71,0.0,15.4,10.3,34
2009-05-14,12.4,17.5,52,0.00,209,5.24,0.0,36.7,24.4,32
2009-05-15,14.0,19.7,66,1.50,223,4.01,9.0,37.3,27.7,42
2009-05-16,9.7,12.9,62,0.00,61,3.73,0.0,18.4,12.8,54
2009-05-17,10.3,11.8,94,19.10,175,0.60,16.0,21.8,17.5,70
2009-05-18,8.6,10.8,69,1.60,337,1.89,6.0,17.3,11.7,50
2009-05-19,8.8,15.6,74,3.80,188,3.74,10.0,17.2,9.7,42
2009-05-20,10.6,13.3,54,0.00,255,4.44,0.0,22.9,14.4,35
2009-05-21,14.6,26.4,68,1.20,221,5.20,3.0,27.2,14.5,38
2009-05-22,17.8,22.0,56,0.20,254,4.50,2.0,27.9,15.7,38
2009-05-23,10.8,14.6,55,0.10,304,4.41,1.0,15.3,9.9,40
2009-05-24,12.5,18.1,68,4.50,214,3.89,3.0,23.3,17.1,55
2009-05-25,9.9,12.4,69,2.80,290,3.42,5.0,28.1,18.1,39
2009-05-26,8.5,12.0,54,0.10,325,4.22,1.0,25.0,17.6,36
2009-05-27,8.8,12.2,68,0.00,113,2.90,0.0,15.1,6.5,51
2009-05-28,10.1,13.8,73,0.00,184,3.41,0.0,14.6,9.2,59
2009-05-29,9.9,12.6,85,3.90,156,1.32,7.0,20.0,15.9,75
2009-05-30,12.6,16.1,96,11.70,187,1.51,14.0,19.0,10.7,85
2009-05-31,14.4,18.7,77,0.00,223,4.25,0.0,19.2,14.8,50
2009-06-01,11.1,15.6,81,9.30,237,1.68,16.0,39.1,25.6,63
2009-06-02,13.2,16.7,58,0.00,258,4.24,0.0,23.7,20.4,41
2009-06-03,12.9,17.7,57,0.00,259,4.44,0.0,15.8,11.9,40
2009-06-04,13.2,17.7,62,0.00,268,4.30,0.0,17.9,11.5,37
2009-06-05,14.4,21.1,60,0.00,202,5.28,0.0,18.1,13.6,34
2009-06-06,15.2,19.2,68,0.00,179,4.78,0.0,19.8,13.1,53
2009-06-07,14.1,17.4,70,1.30,248,4.09,2.0,20.5,14.1,43
2009-06-08,11.9,13.7,62,0.00,305,3.40,0.0,16.6,13.3,50
2009-06-09,10.4,12.1,71,0.00,30,3.15,0.0,20.2,15.4,60
2009-06-10,9.1,10.1,80,2.00,101,1.25,11.0,18.1,12.5,73
2009-06-11,10.8,12.5,88,4.10,148,1.08,17.0,15.7,10.2,87
2009-06-12,11.7,12.6,98,38.30,69,0.46,13.0,22.9,10.0,93
2009-06-13,13.3,17.9,84,1.10,4,3.59,2.0,21.6,10.6,58
2009-06-14,13.6,16.4,84,0.30,98,3.57,1.0,17.8,11.0,71
2009-06-15,12.9,16.6,86,0.00,67,3.55,0.0,14.4,10.5,73
2009-06-16,15.4,19.5,82,0.00,169,4.13,0.0,9.9,7.6,63
2009-06-17,18.1,23.6,73,0.00,202,4.83,0.0,13.9,11.1,49
2009-06-18,19.9,25.1,64,0.00,228,6.06,0.0,20.9,17.3,39
2009-06-19,17.2,20.7,67,0.00,226,3.42,0.0,23.3,16.9,49
2009-06-20,15.8,17.6,91,20.30,123,1.47,16.0,19.6,14.6,82
2009-06-21,15.5,16.9,90,10.50,77,2.19,7.0,30.4,23.0,80
2009-06-22,13.9,14.5,90,7.30,52,1.07,17.0,30.2,27.0,85
2009-06-23,13.6,14.8,95,13.10,38,0.95,19.0,25.3,21.6,90
2009-06-24,15.0,17.9,93,0.30,35,2.03,3.0,11.1,7.3,86
2009-06-25,18.4,23.2,92,1.30,143,3.56,3.0,8.7,5.7,77
2009-06-26,20.0,23.4,88,0.10,199,3.37,1.0,14.2,11.7,68
2009-06-27,19.0,20.8,90,0.10,124,3.00,1.0,14.1,9.9,81
2009-06-28,17.3,20.0,94,0.00,64,2.47,0.0,19.4,12.9,84
2009-06-29,15.4,16.7,95,30.20,89,0.69,15.0,27.2,23.3,91
2009-06-30,14.6,15.2,95,1.70,60,0.89,10.0,20.9,12.3,92
2009-07-01,14.1,14.9,96,6.10,74,0.89,18.0,13.0,11.0,94
2009-07-02,14.5,15.1,95,0.50,72,0.96,4.0,10.1,8.4,92
2009-07-03,15.6,18.6,93,4.20,86,1.85,5.0,15.2,9.7,82
2009-07-04,17.4,18.9,94,5.90,151,2.21,9.0,15.6,10.2,87
2009-07-05,15.7,16.7,96,5.20,359,1.39,14.0,16.9,10.0,91
2009-07-06,12.8,13.8,78,0.40,21,1.93,3.0,21.1,18.0,72
2009-07-07,12.3,14.6,68,0.00,59,3.91,0.0,19.0,13.0,58
2009-07-08,13.6,17.4,70,0.00,123,4.56,0.0,11.2,7.4,53
2009-07-09,16.0,21.9,70,0.00,177,4.91,0.0,14.8,7.7,48
2009-07-10,20.1,26.4,66,0.00,229,5.81,0.0,18.1,13.7,40
2009-07-11,20.1,24.2,60,0.00,217,6.21,0.0,23.2,18.4,36
2009-07-12,16.5,18.8,76,4.40,195,2.42,7.0,27.5,20.9,52
2009-07-13,17.1,20.7,86,1.40,218,2.65,6.0,14.3,10.9,64
2009-07-14,16.4,19.2,71,0.00,234,4.25,0.0,21.7,17.0,46
2009-07-15,16.8,21.0,68,0.00,255,4.29,0.0,14.5,11.0,47
2009-07-16,17.1,21.1,69,0.00,254,3.72,0.0,15.0,12.2,51
2009-07-17,17.5,19.9,86,6.50,176,1.80,15.0,13.5,7.7,79
2009-07-18,18.9,20.8,95,4.70,143,1.29,10.0,15.5,9.5,85
2009-07-19,20.6,24.1,81,0.20,227,4.11,1.0,20.9,15.8,50
2009-07-20,20.1,24.8,68,0.00,246,4.91,0.0,16.7,13.4,50
2009-07-21,20.3,23.3,78,0.00,184,3.93,0.0,12.2,7.9,64
2009-07-22,17.8,20.7,95,34.90,91,0.74,23.0,22.5,13.0,86
2009-07-23,17.0,19.9,82,0.30,42,3.70,1.0,22.5,15.6,66
2009-07-24,16.9,19.2,85,2.00,119,2.52,3.0,18.8,12.8,75
2009-07-25,16.0,17.6,94,24.50,120,0.98,19.0,36.0,23.1,87
2009-07-26,17.7,22.5,82,0.00,245,3.61,0.0,13.4,11.0,61
2009-07-27,19.8,23.5,91,4.70,175,1.99,13.0,19.9,14.2,81
2009-07-28,21.4,25.1,83,3.50,233,4.07,2.0,22.1,16.9,58
2009-07-29,22.4,27.7,77,0.00,218,4.77,0.0,18.9,14.2,58
2009-07-30,20.8,23.1,93,10.80,204,1.09,12.0,23.7,17.7,77
2009-07-31,22.1,26.3,82,0.30,230,4.05,1.0,17.7,13.9,51
2009-08-01,21.0,25.6,79,10.50,263,4.39,9.0,12.7,7.5,51
2009-08-02,21.5,24.9,79,0.00,202,4.07,0.0,15.5,11.2,64
2009-08-03,20.9,24.1,83,2.20,193,2.53,7.0,15.0,11.3,68
2009-08-04,21.5,25.2,73,0.00,219,4.96,0.0,15.8,11.1,54
2009-08-05,21.2,24.8,79,0.40,215,3.63,2.0,24.3,18.6,68
2009-08-06,20.0,22.9,72,0.00,250,3.93,0.0,16.4,11.0,53
2009-08-07,18.8,21.3,80,9.80,268,2.90,10.0,11.4,7.3,64
2009-08-08,17.0,19.8,68,2.20,314,4.03,7.0,20.4,16.3,45
2009-08-09,18.2,22.7,66,0.00,255,4.30,0.0,16.0,12.8,46
2009-08-10,17.0,19.6,87,8.60,213,1.34,14.0,20.7,15.7,69
2009-08-11,18.2,20.2,87,0.00,45,3.33,0.0,13.8,9.6,71
2009-08-12,18.1,21.7,82,0.00,103,3.76,0.0,12.5,6.5,63
2009-08-13,20.3,25.5,74,0.00,194,4.64,0.0,16.9,11.6,51
2009-08-14,22.2,28.6,75,0.00,235,4.82,0.0,18.4,14.2,52
2009-08-15,24.3,29.6,74,0.00,246,5.18,0.0,20.5,14.7,48
2009-08-16,21.6,24.4,76,0.00,301,4.01,0.0,17.7,13.6,66
2009-08-17,20.6,23.7,89,2.30,118,3.02,8.0,12.1,6.3,82
2009-08-18,23.9,26.8,81,0.40,224,4.11,2.0,21.8,13.7,71
2009-08-19,24.8,27.6,72,0.00,229,4.43,0.0,22.5,15.7,57
2009-08-20,21.7,24.7,72,0.00,278,3.93,0.0,13.4,9.1,50
2009-08-21,21.7,24.5,80,0.30,154,3.01,1.0,16.9,8.2,67
2009-08-22,23.8,26.9,86,0.30,212,2.97,3.0,23.2,20.2,72
2009-08-23,21.1,24.0,91,3.20,9,1.39,8.0,32.4,19.2,76
2009-08-24,18.9,21.1,83,2.20,185,2.02,10.0,14.8,7.4,69
2009-08-25,19.2,21.4,82,0.50,138,3.15,3.0,13.5,6.2,65
2009-08-26,20.6,24.6,78,0.00,218,2.94,0.0,32.6,23.3,59
2009-08-27,15.4,19.1,50,0.00,290,5.08,0.0,31.4,25.5,35
2009-08-28,14.1,17.8,53,0.00,293,4.36,0.0,21.6,17.2,37
2009-08-29,13.4,15.9,69,3.80,46,1.76,5.0,20.1,8.6,55
2009-08-30,14.3,16.2,88,60.10,69,1.72,12.0,40.0,20.4,78
2009-08-31,16.2,18.9,79,0.30,242,2.58,2.0,23.6,16.8,56
2009-09-01,14.8,19.8,64,0.00,281,3.82,0.0,19.1,13.4,42
2009-09-02,17.6,23.1,70,0.00,228,4.10,0.0,20.6,17.0,55
2009-09-03,19.4,24.6,72,0.00,232,4.35,0.0,24.2,19.9,53
2009-09-04,19.2,23.0,75,0.00,250,3.55,0.0,18.2,12.2,62
2009-09-05,15.8,18.7,68,0.00,7,3.09,0.0,15.8,9.6,48
2009-09-06,13.4,15.8,68,0.40,1,3.40,3.0,22.5,16.7,48
2009-09-07,14.9,20.2,67,0.00,223,3.91,0.0,26.0,21.2,48
2009-09-08,16.8,20.3,74,0.50,253,2.78,4.0,22.9,14.5,60
2009-09-09,13.4,16.3,63,0.70,20,3.19,5.0,21.1,14.2,47
2009-09-10,13.2,18.3,64,0.00,265,3.45,0.0,16.2,10.1,43
2009-09-11,15.3,21.5,70,0.00,233,3.71,0.0,21.9,18.8,52
2009-09-12,16.9,23.0,71,0.00,233,3.75,0.0,20.2,14.0,49
2009-09-13,17.4,22.3,78,0.60,220,2.99,2.0,21.2,16.3,56
2009-09-14,14.0,17.0,73,1.60,310,2.53,3.0,20.9,18.4,42
2009-09-15,12.8,14.6,67,0.00,330,2.62,0.0,20.9,14.3,49
2009-09-16,10.6,12.2,65,0.50,11,2.01,4.0,20.5,14.1,53
2009-09-17,11.6,16.5,68,0.00,212,3.05,0.0,14.6,10.1,40
2009-09-18,12.0,17.0,78,1.80,243,2.17,5.0,25.7,17.5,58
2009-09-19,10.1,12.1,68,0.00,305,2.52,0.0,31.5,25.4,49
2009-09-20,11.7,17.8,64,0.50,267,3.06,2.0,22.7,17.1,45
2009-09-21,14.7,20.1,75,0.00,255,3.03,0.0,15.5,8.9,53
2009-09-22,16.2,21.6,72,0.00,220,3.32,0.0,21.7,17.8,46
2009-09-23,17.9,21.7,82,0.00,220,2.16,0.0,23.5,21.1,72
2009-09-24,15.0,19.1,85,22.30,314,1.58,16.0,21.7,13.3,68
2009-09-25,9.8,12.4,77,6.30,19,1.67,12.0,35.0,22.7,58
2009-09-26,8.8,13.9,60,0.00,290,2.85,0.0,22.5,14.5,40
2009-09-27,10.5,14.9,73,0.20,224,1.94,2.0,23.9,20.7,60
2009-09-28,14.3,17.1,92,19.10,150,0.75,11.0,34.2,20.9,81
2009-09-29,15.0,18.0,94,11.20,178,1.19,5.0,24.2,16.9,80
2009-09-30,13.4,17.2,86,0.00,198,1.58,0.0,20.8,15.9,64
2009-10-01,13.6,16.1,85,2.60,189,1.72,10.0,18.4,11.4,70
2009-10-02,10.5,11.9,75,0.00,227,1.35,0.0,15.8,9.3,64
2009-10-03,10.9,14.0,72,0.00,259,2.28,0.0,15.9,9.0,55
2009-10-04,11.4,12.2,89,16.90,104,0.70,18.0,26.6,21.6,76
2009-10-05,12.3,12.9,95,35.20,164,0.52,16.0,24.9,19.1,82
2009-10-06,10.4,12.2,74,0.00,285,1.52,0.0,25.9,19.9,60
2009-10-07,9.5,11.4,87,7.10,221,0.97,6.0,21.8,12.3,75
2009-10-08,9.1,10.4,91,24.60,17,0.69,22.0,33.8,26.8,86
2009-10-09,9.2,13.2,82,0.30,282,1.42,2.0,15.5,10.4,58
2009-10-10,9.3,10.3,93,14.80,221,0.39,18.0,28.9,14.5,79
2009-10-11,7.3,11.6,58,0.20,266,2.62,1.0,27.2,21.8,39
2009-10-12,6.6,9.3,53,0.00,279,2.70,0.0,31.9,25.2,40
2009-10-13,5.2,6.6,64,0.10,265,1.36,1.0,18.4,12.2,52
2009-10-14,4.8,7.2,60,0.00,322,2.10,0.0,26.1,22.0,42
2009-10-15,3.6,6.4,60,0.00,286,1.94,0.0,21.7,17.3,45
2009-10-16,4.0,6.8,65,0.00,27,1.52,0.0,27.9,18.4,52
2009-10-17,4.6,6.0,66,0.20,19,1.54,1.0,26.7,20.5,56
2009-10-18,5.1,6.7,66,0.00,47,1.38,0.0,20.0,14.4,55
2009-10-19,5.9,6.5,84,12.80,46,0.81,17.0,27.5,23.6,70
2009-10-20,5.4,7.9,80,0.00,258,1.06,0.0,17.1,12.1,66
2009-10-21,6.0,8.7,73,0.00,296,1.43,0.0,18.9,16.7,51
2009-10-22,3.3,5.4,75,4.50,314,0.92,5.0,20.3,10.1,59
2009-10-23,2.4,3.8,78,17.30,355,1.03,11.0,32.6,22.1,51
2009-10-24,2.2,4.3,79,9.50,150,0.52,7.0,26.5,12.9,65
2009-10-25,10.2,13.0,88,39.30,221,1.16,14.0,30.1,24.9,68
2009-10-26,5.1,7.9,56,0.00,288,2.19,0.0,30.3,24.4,46
2009-10-27,1.6,3.2,57,0.00,337,1.42,0.0,25.0,13.1,48
2009-10-28,2.3,4.4,72,0.00,30,0.92,0.0,16.1,10.3,54
2009-10-29,2.9,5.2,68,0.00,12,1.27,0.0,17.1,11.8,50
2009-10-30,3.1,7.3,66,0.00,239,1.28,0.0,13.8,7.4,44
2009-10-31,8.5,15.0,79,0.40,209,1.38,2.0,39.6,27.4,70
2009-11-01,11.0,15.4,73,5.40,241,1.65,8.0,41.4,24.6,50
2009-11-02,4.6,7.1,67,0.00,13,1.33,0.0,16.8,14.2,56
2009-11-03,4.7,6.1,78,1.10,86,0.57,5.0,12.4,8.5,71
2009-11-04,3.9,5.4,68,0.00,277,1.34,0.0,26.5,18.8,45
2009-11-05,0.8,2.7,59,0.00,268,1.20,0.0,19.2,11.3,47
2009-11-06,1.6,2.1,74,3.70,12,0.86,11.0,34.2,24.1,64
2009-11-07,0.2,2.0,59,0.00,316,1.40,0.0,27.5,18.4,43
2009-11-08,4.4,10.0,74,1.50,224,1.07,4.0,23.4,20.1,61
2009-11-09,8.0,12.0,58,0.00,251,2.21,0.0,25.6,21.2,49
2009-11-10,8.9,10.0,70,0.00,264,1.55,0.0,22.9,19.1,58
2009-11-11,4.9,7.4,69,0.00,301,1.27,0.0,19.4,15.1,48
2009-11-12,3.4,7.7,68,0.00,248,1.31,0.0,19.2,14.8,51
2009-11-13,3.7,7.1,70,0.00,258,1.13,0.0,17.8,8.7,63
2009-11-14,4.4,8.4,82,0.00,172,0.91,0.0,12.6,10.2,65
2009-11-15,7.4,9.7,96,35.50,161,0.20,16.0,16.9,12.9,79
2009-11-16,8.1,9.3,83,0.00,264,0.94,0.0,27.3,18.7,53
2009-11-17,3.6,5.0,60,0.00,315,1.55,0.0,24.8,19.3,52
2009-11-18,2.9,7.8,65,0.00,260,1.37,0.0,24.3,17.4,50
2009-11-19,6.4,10.4,55,0.00,265,1.81,0.0,24.2,14.3,48
2009-11-20,4.5,9.0,88,5.30,207,0.60,3.0,25.7,15.6,78
2009-11-21,7.5,10.3,82,2.50,248,0.98,4.0,30.0,25.4,68
2009-11-22,3.5,6.8,68,0.00,336,1.13,0.0,17.5,15.0,57
2009-11-23,1.3,4.4,77,0.00,204,0.75,0.0,13.6,10.0,59
2009-11-24,1.8,5.2,87,0.00,208,0.45,0.0,13.3,8.7,76
2009-11-25,4.0,5.9,92,0.10,34,0.38,1.0,20.0,14.3,89
2009-11-26,5.6,8.1,94,1.80,303,0.37,10.0,18.8,10.7,86
2009-11-27,4.8,6.4,97,13.00,42,0.12,15.0,30.3,19.9,94
2009-11-28,5.7,8.0,98,9.40,344,0.25,19.0,26.4,12.2,96
2009-11-29,2.7,3.8,63,1.00,276,1.53,5.0,33.6,27.8,46
2009-11-30,0.3,1.6,76,10.40,263,0.59,10.0,23.9,14.7,54
2009-12-01,-1.2,0.1,78,0.30,319,0.67,2.0,21.7,18.8,59
2009-12-02,-1.6,1.4,71,0.00,266,0.87,0.0,27.1,21.3,55
2009-12-03,1.3,5.0,90,22.90,128,0.22,10.0,34.9,16.3,74
2009-12-04,2.1,4.6,92,1.30,346,0.29,7.0,23.4,13.1,86
2009-12-05,1.5,2.8,84,0.10,255,0.34,1.0,13.3,10.2,74
2009-12-06,-0.1,0.9,76,7.60,11,0.69,17.0,31.1,23.5,62
2009-12-07,-3.3,-2.1,65,0.00,267,0.91,0.0,24.1,20.6,50
2009-12-08,-5.4,-3.5,68,0.00,288,0.66,0.0,21.3,15.0,57
2009-12-09,-5.6,-2.4,70,0.70,304,0.64,2.0,24.3,16.7,64
2009-12-10,0.4,2.0,86,12.30,165,0.56,12.0,38.2,26.9,71
2009-12-11,-5.2,0.0,65,0.00,259,0.89,0.0,38.2,32.9,56
2009-12-12,-9.2,-7.7,62,0.00,280,0.79,0.0,36.0,34.3,56
2009-12-13,-9.6,-5.4,69,0.00,265,0.61,0.0,35.5,21.4,61
2009-12-14,-1.2,0.2,84,4.60,238,0.46,9.0,18.0,11.5,72
2009-12-15,-1.7,0.7,81,1.70,83,0.33,6.0,16.8,11.5,73
2009-12-16,-2.6,0.7,87,5.50,286,0.29,15.0,30.2,18.1,68
2009-12-17,-14.3,-11.7,67,0.00,274,0.47,0.0,28.2,25.6,58
2009-12-18,-12.1,-9.1,67,0.00,291,0.53,0.0,28.3,25.3,57
2009-12-19,-9.0,-6.4,72,0.90,275,0.52,5.0,28.1,17.7,66
2009-12-20,-6.4,-3.6,81,0.00,349,0.33,0.0,21.8,15.0,75
2009-12-21,0.4,1.5,92,9.40,351,0.25,23.0,25.6,22.8,82
2009-12-22,1.6,2.7,92,5.10,10,0.27,22.0,24.2,22.2,89
2009-12-23,1.6,2.1,93,13.60,65,0.18,24.0,24.7,22.0,90
2009-12-24,-0.0,1.1,86,3.10,30,0.41,5.0,28.0,22.8,73
2009-12-25,-2.5,-1.2,82,0.00,7,0.38,0.0,16.3,13.1,74
2009-12-26,-2.2,-1.1,80,0.00,49,0.40,0.0,17.2,12.5,74
2009-12-27,-2.2,1.3,85,0.30,152,0.31,1.0,23.6,13.0,81
2009-12-28,2.5,4.9,89,3.80,190,0.47,10.0,31.3,19.2,77
2009-12-29,-2.6,-0.8,86,7.80,335,0.33,18.0,39.9,20.4,68
2009-12-30,-12.8,-8.8,62,0.00,299,0.62,0.0,40.2,33.2,55
2009-12-31,-13.3,-9.8,69,0.00,282,0.39,0.0,22.2,11.7,58
2010-01-01,-8.8,-5.0,76,0.00,75,0.31,0.0,16.5,10.3,68
2010-01-02,-3.1,1.2,85,10.40,41,0.32,12.0,45.9,25.9,79
2010-01-03,1.1,1.4,94,40.00,53,0.22,24.0,53.3,42.1,91
2010-01-04,0.6,1.1,95,8.50,21,0.26,13.0,36.9,20.2,87
2010-01-05,1.1,2.1,85,1.70,304,0.47,5.0,20.2,16.1,78
2010-01-06,-0.1,2.7,87,0.00,257,0.48,0.0,17.4,15.0,75
2010-01-07,-0.4,1.2,83,0.00,262,0.50,0.0,18.9,16.1,69
2010-01-08,-2.1,0.9,82,0.00,264,0.53,0.0,18.1,13.3,70
2010-01-09,-3.6,-1.6,77,0.40,330,0.55,4.0,23.0,19.0,66
2010-01-10,-9.9,-6.4,73,0.00,311,0.46,0.0,21.1,17.4,58
2010-01-11,-11.5,-6.7,70,0.00,283,0.51,0.0,20.1,17.4,60
2010-01-12,-10.0,-8.0,69,0.00,293,0.55,0.0,23.9,19.3,60
2010-01-13,-10.4,-6.5,75,0.00,317,0.42,0.0,17.8,15.3,65
2010-01-14,-6.9,-3.7,78,0.00,296,0.44,0.0,17.0,12.5,70
2010-01-15,-4.0,1.0,78,0.00,234,0.61,0.0,25.0,20.9,72
2010-01-16,-2.7,0.1,80,0.50,258,0.44,3.0,18.5,15.6,72
2010-01-17,-10.3,-3.5,61,0.00,307,0.69,0.0,26.2,17.9,46
2010-01-18,-8.4,-4.0,71,0.00,55,0.45,0.0,18.4,11.9,62
2010-01-19,-3.5,-1.9,82,0.10,54,0.40,1.0,17.5,11.3,76
2010-01-20,-2.9,-1.6,85,1.00,87,0.32,8.0,19.9,13.0,79
2010-01-21,-4.0,-2.0,80,0.20,332,0.61,2.0,20.6,18.3,64
2010-01-22,-6.5,-4.9,71,0.00,300,0.67,0.0,22.7,18.2,54
2010-01-23,-10.8,-7.6,66,0.00,319,0.64,0.0,23.1,20.8,52
2010-01-24,-9.6,-3.9,64,0.00,303,0.71,0.0,18.4,14.6,45
2010-01-25,-6.4,1.4,77,1.00,155,0.40,4.0,27.9,16.9,64
2010-01-26,4.8,7.4,89,14.20,174,0.56,21.0,43.9,28.5,82
2010-01-27,0.8,4.0,81,0.00,228,0.84,0.0,25.7,19.9,58
2010-01-28,-1.7,0.1,82,0.10,3,0.49,1.0,14.6,9.7,63
2010-01-29,-1.5,-0.6,93,10.00,26,0.29,22.0,29.2,17.8,83
2010-01-30,-7.8,-2.7,65,2.70,290,0.80,5.0,34.0,30.0,50
2010-01-31,-14.4,-11.3,65,0.00,277,0.56,0.0,23.9,19.1,51
2010-02-01,-14.1,-11.0,64,0.00,270,0.58,0.0,27.2,20.2,46
2010-02-02,-17.5,-13.6,56,0.00,289,0.50,0.0,25.3,22.2,43
2010-02-03,-16.6,-10.2,62,0.00,252,0.51,0.0,18.4,10.3,49
2010-02-04,-12.6,-9.6,65,0.00,298,0.57,0.0,22.1,14.3,49
2010-02-05,-13.9,-10.9,61,0.00,304,0.65,0.0,24.9,21.6,50
2010-02-06,-12.8,-7.3,65,0.00,299,0.65,0.0,20.4,18.6,52
2010-02-07,-4.3,-1.0,84,7.90,334,0.40,18.0,26.3,21.0,73
2010-02-08,-0.2,1.3,85,4.30,310,0.52,21.0,20.4,18.6,79
2010-02-09,0.6,2.0,81,7.20,333,0.85,13.0,24.0,17.5,60
2010-02-10,-4.4,-1.9,75,0.00,344,0.87,0.0,18.4,12.5,66
2010-02-11,-2.3,0.1,81,0.00,22,0.64,0.0,27.4,23.4,75
2010-02-12,0.3,2.8,78,0.00,328,0.80,0.0,21.3,19.3,68
2010-02-13,-0.8,2.2,73,0.00,297,1.17,0.0,22.7,19.6,60
2010-02-14,-1.0,0.2,87,1.50,292,0.40,9.0,17.3,11.8,76
2010-02-15,-1.5,1.3,92,1.10,275,0.48,5.0,10.6,7.0,78
2010-02-16,-0.8,1.2,89,0.50,241,0.67,4.0,11.6,9.1,75
2010-02-17,-0.9,0.7,90,6.40,16,0.40,15.0,32.0,21.0,81
2010-02-18,0.8,2.5,92,1.60,286,0.55,10.0,13.2,7.2,81
2010-02-19,1.0,3.9,90,0.40,268,0.75,2.0,12.1,9.1,77
2010-02-20,0.4,2.7,87,2.50,321,0.66,9.0,27.8,19.0,69
2010-02-21,0.1,0.8,92,6.70,2,0.41,19.0,23.4,19.4,86
2010-02-22,0.0,0.8,94,4.10,33,0.43,14.0,19.6,17.3,87
2010-02-23,0.5,1.3,89,0.60,81,0.61,3.0,19.8,18.0,82
2010-02-24,-0.9,0.0,91,0.00,97,0.51,0.0,20.4,16.3,84
2010-02-25,-1.0,-0.3,86,0.00,96,0.62,0.0,26.9,21.4,79
2010-02-26,-0.6,0.5,87,6.40,81,0.51,13.0,37.6,33.1,84
2010-02-27,0.4,0.8,91,19.10,82,0.42,22.0,39.6,29.3,84
2010-02-28,0.3,0.8,95,2.70,86,0.36,10.0,20.9,15.9,93
2010-03-01,-0.4,0.1,92,17.30,30,0.32,24.0,39.3,34.6,88
2010-03-02,-1.2,-0.3,83,5.10,12,0.63,12.0,36.6,31.0,74
2010-03-03,-2.7,-0.5,78,0.00,11,1.03,0.0,22.5,18.4,64
2010-03-04,-2.5,-1.5,80,6.60,28,0.65,16.0,39.0,32.5,73
2010-03-05,-4.0,-2.3,67,0.60,21,1.19,3.0,35.6,31.5,51
2010-03-06,-1.6,4.1,60,0.00,332,1.77,0.0,19.8,15.2,46
2010-03-07,-0.7,3.2,75,0.00,314,1.59,0.0,19.5,11.3,61
2010-03-08,1.4,3.8,76,0.00,267,1.40,0.0,20.6,16.7,53
2010-03-09,-2.3,0.5,70,0.00,302,1.27,0.0,22.1,16.9,52
2010-03-10,-2.6,2.0,70,0.00,282,1.50,0.0,17.7,12.1,47
2010-03-11,-3.2,2.0,69,0.00,311,1.57,0.0,16.5,8.9,42
2010-03-12,-2.5,3.2,71,0.00,340,1.62,0.0,15.9,10.3,47
2010-03-13,-2.3,0.9,75,0.00,113,1.44,0.0,16.2,8.2,59
2010-03-14,-2.4,1.5,81,0.00,106,1.36,0.0,13.5,10.0,66
2010-03-15,-1.1,1.9,85,0.00,48,1.16,0.0,21.9,14.8,75
2010-03-16,0.1,7.0,77,0.00,5,1.89,0.0,15.5,9.1,50
2010-03-17,3.3,8.8,62,0.00,271,2.37,0.0,19.3,15.2,37
2010-03-18,3.6,6.0,69,0.00,268,1.91,0.0,23.5,19.2,49
2010-03-19,0.3,3.7,74,0.00,273,1.81,0.0,16.6,10.3,59
2010-03-20,4.4,9.9,74,0.00,230,1.82,0.0,23.3,14.4,61
2010-03-21,-0.7,3.7,64,0.00,322,1.85,0.0,16.9,12.4,45
2010-03-22,1.1,5.6,83,2.40,167,1.74,7.0,16.1,8.7,62
2010-03-23,0.1,1.4,92,12.90,71,0.28,15.0,29.4,16.0,82
2010-03-24,0.8,1.4,93,23.70,49,0.47,20.0,31.5,22.2,91
2010-03-25,1.4,6.0,68,2.50,290,2.18,8.0,30.5,24.2,48
2010-03-26,-2.6,2.6,63,1.60,306,1.36,7.0,24.2,20.4,43
2010-03-27,-9.5,-5.7,55,0.00,332,1.39,0.0,24.9,17.7,39
2010-03-28,-6.6,0.3,60,0.00,178,1.48,0.0,19.5,11.1,44
2010-03-29,0.7,4.6,78,1.80,167,1.13,5.0,31.3,22.1,63
2010-03-30,3.5,5.4,93,20.70,141,0.44,24.0,32.9,20.1,88
2010-03-31,1.7,2.7,96,11.70,54,0.30,21.0,24.6,21.3,92
2010-04-01,2.2,3.7,95,0.00,12,0.55,0.0,19.4,15.8,91
2010-04-02,3.8,8.1,91,0.00,155,1.37,0.0,14.8,6.9,81
2010-04-03,8.4,16.3,87,0.00,225,2.34,0.0,21.6,18.1,63
2010-04-04,10.6,18.2,82,0.00,235,2.82,0.0,21.8,17.9,62
2010-04-05,10.2,15.3,59,0.00,253,3.57,0.0,22.1,14.8,40
2010-04-06,9.9,13.7,59,0.90,250,3.21,5.0,25.4,19.7,44
2010-04-07,6.2,9.0,80,5.00,179,0.74,6.0,11.9,8.7,60
2010-04-08,5.3,8.7,76,0.00,312,2.48,0.0,20.1,15.2,45
2010-04-09,5.0,9.9,76,0.40,134,1.21,2.0,26.8,20.9,68
2010-04-10,9.2,10.9,81,4.80,204,1.86,6.0,33.7,28.7,53
2010-04-11,6.1,9.5,47,0.00,257,3.38,0.0,34.7,27.4,38
2010-04-12,4.6,7.0,59,0.00,268,2.31,0.0,21.3,12.4,50
2010-04-13,2.8,5.5,67,0.00,26,2.31,0.0,17.5,14.3,48
2010-04-14,2.8,7.3,74,0.00,165,2.05,0.0,12.1,7.3,53
2010-04-15,2.2,4.0,84,0.50,36,1.61,3.0,23.8,15.0,61
2010-04-16,1.7,3.9,71,0.00,28,2.08,0.0,26.2,19.9,49
2010-04-17,1.8,3.6,79,1.40,26,1.07,6.0,26.7,22.3,65
2010-04-18,2.0,3.6,92,5.20,67,0.83,14.0,19.3,13.2,82
2010-04-19,3.1,4.3,96,22.00,15,0.39,24.0,35.4,29.5,91
2010-04-20,5.7,9.7,78,1.00,5,2.05,4.0,30.7,20.7,56
2010-04-21,5.8,9.5,78,0.00,48,2.54,0.0,13.8,8.8,60
2010-04-22,5.9,9.5,83,0.50,113,2.34,3.0,15.0,8.9,71
2010-04-23,5.4,8.9,80,0.00,52,2.42,0.0,18.3,13.3,61
2010-04-24,5.6,10.0,80,0.10,4,2.43,1.0,15.0,8.3,62
2010-04-25,6.8,11.3,81,0.00,197,2.65,0.0,14.2,9.1,57
2010-04-26,5.0,8.4,83,0.00,26,1.94,0.0,27.5,15.7,74
2010-04-27,2.7,4.1,88,6.00,31,0.67,11.0,26.7,23.1,77
2010-04-28,4.1,6.1,90,2.70,27,1.15,11.0,23.6,14.1,77
2010-04-29,5.7,9.4,72,0.20,296,2.27,1.0,17.6,10.7,44
2010-04-30,5.5,7.9,81,3.80,299,1.73,16.0,21.7,18.0,63
2010-05-01,7.6,12.5,66,0.00,307,3.13,0.0,19.4,13.7,49
2010-05-02,9.7,19.6,74,0.00,163,2.59,0.0,14.7,11.3,57
2010-05-03,12.8,19.0,90,4.00,207,1.78,6.0,25.3,11.8,80
2010-05-04,12.6,17.3,69,0.30,303,3.87,1.0,34.1,23.5,44
2010-05-05,7.6,11.0,76,0.00,46,2.69,0.0,14.1,11.0,59
2010-05-06,8.6,12.8,86,2.70,155,1.48,6.0,21.1,14.8,73
2010-05-07,10.5,13.4,69,0.80,278,3.19,4.0,35.6,28.0,45
2010-05-08,9.1,13.6,58,0.10,261,4.03,1.0,22.8,15.9,47
2010-05-09,8.2,10.6,86,16.50,233,1.65,19.0,22.0,14.7,69
2010-05-10,7.6,10.4,73,0.80,288,2.25,3.0,19.7,13.0,55
2010-05-11,6.7,8.7,66,0.00,341,1.93,0.0,18.2,12.5,57
2010-05-12,6.2,9.8,71,0.10,32,3.00,1.0,8.1,5.4,44
2010-05-13,7.4,11.8,59,0.10,307,3.22,1.0,24.3,18.5,41
2010-05-14,7.6,11.3,64,0.00,8,3.34,0.0,19.3,13.1,51
2010-05-15,6.8,9.2,73,0.00,71,2.40,0.0,15.0,12.0,58
2010-05-16,7.8,12.0,66,0.70,314,2.79,3.0,26.7,19.0,47
2010-05-17,9.4,14.4,65,0.00,358,3.90,0.0,23.4,18.2,50
2010-05-18,11.8,19.4,70,0.00,162,4.30,0.0,18.5,8.9,46
2010-05-19,14.5,18.7,60,0.10,206,4.34,1.0,23.7,18.6,47
2010-05-20,12.2,18.7,85,13.00,70,1.78,11.0,21.3,9.8,53
2010-05-21,11.2,14.8,63,0.20,49,3.77,2.0,16.3,10.0,39
2010-05-22,13.3,21.9,63,0.00,207,5.14,0.0,25.6,17.3,36
2010-05-23,17.9,26.2,56,0.00,232,6.23,0.0,27.3,24.7,41
2010-05-24,18.0,25.9,65,0.00,244,5.01,0.0,27.7,20.5,48
2010-05-25,11.1,14.1,90,14.60,84,2.02,16.0,17.5,9.4,86
2010-05-26,10.5,12.4,86,0.70,23,2.05,4.0,17.2,11.3,69
2010-05-27,10.4,11.6,66,0.10,2,3.17,1.0,33.4,20.5,51
2010-05-28,10.1,11.6,69,0.00,9,2.70,0.0,25.1,15.9,65
2010-05-29,13.0,18.2,73,0.00,250,4.16,0.0,20.7,13.0,55
2010-05-30,13.5,15.5,68,4.00,295,3.99,10.0,19.8,16.8,41
2010-05-31,11.2,12.9,64,0.10,340,3.74,1.0,25.5,19.6,59
2010-06-01,10.5,11.7,88,17.50,164,0.96,15.0,18.9,15.1,76
2010-06-02,10.7,14.5,87,4.30,86,2.16,5.0,17.6,8.7,72
2010-06-03,12.7,14.1,93,13.20,206,0.88,18.0,23.3,16.8,76
2010-06-04,11.6,14.2,94,1.80,34,1.35,9.0,14.8,10.0,81
2010-06-05,13.9,17.6,93,18.40,167,1.41,8.0,19.5,14.8,80
2010-06-06,10.7,12.5,96,10.00,43,0.80,13.0,14.7,8.6,90
2010-06-07,10.5,13.2,90,15.50,339,1.46,13.0,20.0,14.0,76
2010-06-08,11.1,14.1,77,2.80,301,2.73,8.0,18.0,9.9,63
2010-06-09,11.1,14.0,70,0.00,332,3.47,0.0,14.9,11.7,52
2010-06-10,13.4,19.6,69,0.00,179,4.34,0.0,13.0,8.2,44
2010-06-11,16.8,22.5,66,0.00,230,5.05,0.0,16.6,11.1,40
2010-06-12,15.1,18.2,72,0.00,330,3.95,0.0,19.5,14.9,67
2010-06-13,14.8,20.4,74,0.00,159,4.19,0.0,18.0,9.4,51
2010-06-14,15.9,19.0,85,5.20,225,2.08,5.0,18.7,13.7,71
2010-06-15,13.1,16.2,49,0.00,327,4.70,0.0,36.3,25.8,39
2010-06-16,16.3,23.1,50,0.00,288,6.08,0.0,22.4,15.6,39
2010-06-17,18.2,22.0,62,0.00,228,5.26,0.0,20.9,15.0,48
2010-06-18,18.4,24.6,72,0.00,274,5.16,0.0,18.1,13.6,41
2010-06-19,18.4,26.7,64,0.00,173,5.77,0.0,22.1,15.6,48
2010-06-20,20.4,23.8,70,2.20,217,4.55,4.0,25.8,18.1,57
2010-06-21,17.2,19.7,90,0.30,30,2.66,2.0,13.0,7.9,73
2010-06-22,16.2,21.3,84,0.00,107,4.50,0.0,14.5,6.9,64
2010-06-23,18.6,22.9,79,4.10,191,3.96,4.0,19.7,16.7,58
2010-06-24,16.4,18.9,95,7.00,168,1.20,8.0,21.7,14.3,90
2010-06-25,18.1,21.3,66,0.00,283,4.93,0.0,23.6,18.2,39
2010-06-26,16.7,20.6,68,0.60,251,3.89,3.0,20.0,12.9,52
2010-06-27,16.0,19.8,69,0.40,67,4.01,2.0,9.2,5.9,46
2010-06-28,14.5,15.9,86,13.90,68,1.26,6.0,22.3,14.5,73
2010-06-29,14.2,15.5,91,1.90,59,1.84,7.0,17.7,11.9,85
2010-06-30,16.2,20.6,78,3.10,272,3.79,5.0,18.4,12.1,43
2010-07-01,15.7,18.9,65,0.20,245,4.41,1.0,16.4,13.6,48
2010-07-02,15.1,19.1,74,0.00,298,3.73,0.0,15.8,10.0,54
2010-07-03,18.3,23.7,71,0.00,216,4.15,0.0,23.2,15.8,53
2010-07-04,20.3,25.8,78,1.80,214,4.66,5.0,21.9,13.8,61
2010-07-05,17.1,18.7,92,0.10,65,2.28,1.0,14.8,11.4,82
2010-07-06,19.3,21.2,89,13.40,187,2.61,9.0,23.4,15.7,81
2010-07-07,21.6,28.0,83,0.00,193,4.99,0.0,18.4,11.8,60
2010-07-08,24.1,28.9,75,0.00,217,5.48,0.0,23.7,18.6,64
2010-07-09,24.1,28.8,76,0.00,222,5.45,0.0,28.8,23.9,62
2010-07-10,22.1,24.5,88,3.70,212,2.16,9.0,28.8,21.4,73
2010-07-11,20.7,22.3,91,1.30,129,2.40,4.0,15.1,8.7,81
2010-07-12,20.2,25.9,87,6.30,15,2.97,13.0,18.3,12.0,56
2010-07-13,22.8,26.9,78,0.00,207,4.83,0.0,19.6,17.0,61
2010-07-14,20.9,23.7,93,5.30,212,1.59,13.0,18.6,10.5,74
2010-07-15,20.6,23.0,83,0.00,22,4.52,0.0,14.1,9.6,64
2010-07-16,21.7,26.0,78,0.00,195,4.36,0.0,20.0,16.8,59
2010-07-17,23.2,27.5,76,0.00,224,4.85,0.0,21.3,18.3,54
2010-07-18,23.7,26.7,69,0.00,233,5.09,0.0,18.0,16.3,50
2010-07-19,21.5,23.6,76,0.40,251,3.97,3.0,16.1,9.7,67
2010-07-20,20.9,24.9,80,10.40,239,4.24,8.0,12.3,8.5,51
2010-07-21,21.8,25.6,72,0.00,249,5.02,0.0,12.6,7.6,48
2010-07-22,19.0,22.7,90,37.40,150,1.10,17.0,24.1,12.3,73
2010-07-23,19.2,22.0,80,0.20,345,4.09,1.0,22.7,12.8,58
2010-07-24,19.7,22.5,80,0.10,128,3.70,1.0,16.1,12.0,68
2010-07-25,19.2,20.5,87,8.60,196,1.51,9.0,21.3,16.9,78
2010-07-26,18.3,20.9,73,0.50,274,3.67,2.0,21.7,18.6,58
2010-07-27,18.2,20.4,73,0.90,310,3.49,6.0,22.9,16.3,62
2010-07-28,21.2,26.9,72,0.00,210,5.09,0.0,26.9,18.6,55
2010-07-29,21.7,24.7,75,3.50,222,4.29,9.0,27.9,21.8,58
2010-07-30,17.6,20.7,74,2.10,295,3.10,7.0,16.0,9.7,65
2010-07-31,16.6,18.9,74,0.40,2,3.66,2.0,14.3,10.0,50
2010-08-01,17.6,20.9,75,0.00,148,3.79,0.0,14.3,8.9,58
2010-08-02,18.7,22.7,75,0.00,144,4.43,0.0,15.0,9.8,60
2010-08-03,18.5,21.2,78,0.10,205,2.67,1.0,15.6,11.5,64
2010-08-04,19.2,22.4,90,4.90,201,1.53,7.0,15.9,10.9,81
2010-08-05,22.3,27.0,87,1.00,205,3.45,2.0,17.0,14.4,70
2010-08-06,22.4,25.3,79,0.00,241,4.29,0.0,20.2,16.9,53
2010-08-07,17.2,20.8,54,0.30,282,4.58,2.0,21.2,16.1,40
2010-08-08,17.8,23.2,59,0.00,225,5.07,0.0,21.9,16.8,39
2010-08-09,19.3,21.5,83,3.90,209,2.01,9.0,22.7,19.8,62
2010-08-10,20.5,24.1,81,0.00,233,3.82,0.0,17.3,10.6,53
2010-08-11,18.3,19.9,82,1.10,41,2.99,6.0,18.2,11.6,63
2010-08-12,17.5,20.4,73,0.10,9,3.39,1.0,11.6,8.8,53
2010-08-13,18.7,22.6,73,0.00,274,4.01,0.0,11.0,9.6,53
2010-08-14,19.9,24.5,77,0.00,156,4.48,0.0,15.5,7.4,55
2010-08-15,20.4,24.3,68,0.00,201,3.98,0.0,17.0,13.9,45
2010-08-16,19.1,23.4,63,0.90,197,4.37,2.0,19.9,16.9,47
2010-08-17,21.4,26.0,75,0.10,206,3.53,1.0,18.7,16.0,54
2010-08-18,20.8,24.6,69,0.00,243,4.16,0.0,16.1,10.7,48
2010-08-19,21.2,25.1,77,0.00,162,3.88,0.0,14.1,7.4,56
2010-08-20,20.0,24.2,75,2.10,192,3.57,5.0,18.7,11.6,52
2010-08-21,16.7,19.7,75,0.70,308,2.96,3.0,18.2,9.3,53
2010-08-22,16.7,19.0,81,0.60,30,2.69,4.0,16.0,10.2,71
2010-08-23,17.1,18.4,82,0.10,69,2.57,1.0,17.4,14.4,71
2010-08-24,16.8,19.8,75,0.00,52,3.40,0.0,12.8,8.8,60
2010-08-25,17.6,22.0,78,0.00,149,3.63,0.0,15.9,9.0,59
2010-08-26,18.2,20.4,90,32.10,102,1.39,17.0,17.1,10.4,75
2010-08-27,18.1,21.4,83,0.60,283,2.99,3.0,18.0,13.3,60
2010-08-28,17.8,21.6,68,0.00,266,3.60,0.0,13.6,8.8,50
2010-08-29,20.0,27.5,78,0.00,228,3.56,0.0,13.5,11.3,60
2010-08-30,21.3,23.7,77,0.00,350,3.73,0.0,15.3,12.6,62
2010-08-31,21.8,28.0,78,0.00,215,3.63,0.0,15.9,11.3,56
2010-09-01,23.8,29.8,80,0.00,215,4.06,0.0,14.4,9.3,56
2010-09-02,25.4,29.7,71,0.00,254,4.51,0.0,20.0,17.1,55
2010-09-03,20.6,23.6,75,0.20,23,2.91,1.0,16.6,9.4,68
2010-09-04,20.3,21.7,94,22.00,78,0.65,8.0,34.7,20.6,87
2010-09-05,18.3,20.4,67,0.00,238,3.84,0.0,28.0,23.2,49
2010-09-06,16.4,19.3,58,0.00,245,4.01,0.0,24.0,19.1,44
2010-09-07,16.3,18.7,77,5.10,237,2.13,7.0,18.9,14.4,60
2010-09-08,14.8,17.1,90,21.90,99,0.80,15.0,30.9,18.4,82
2010-09-09,16.6,19.3,91,7.30,188,1.96,10.0,24.4,11.5,70
2010-09-10,15.0,16.5,91,4.50,342,0.84,17.0,23.7,16.9,84
2010-09-11,13.1,13.8,79,6.40,7,1.60,18.0,28.4,25.7,68
2010-09-12,12.0,13.3,68,0.00,44,2.30,0.0,20.2,16.9,57
2010-09-13,12.6,15.0,64,0.00,128,2.07,0.0,13.3,7.7,54
2010-09-14,13.7,16.1,79,2.80,179,1.84,10.0,11.7,9.1,70
2010-09-15,13.6,15.4,88,11.30,217,1.56,12.0,16.3,10.6,84
2010-09-16,12.9,15.5,82,3.10,290,1.63,10.0,24.7,20.5,67
2010-09-17,12.7,14.8,78,7.20,350,1.44,12.0,19.0,11.7,62
2010-09-18,13.7,18.3,75,0.00,255,2.98,0.0,16.3,9.6,57
2010-09-19,13.2,16.6,78,0.00,217,1.99,0.0,16.9,13.9,67
2010-09-20,13.4,16.2,73,0.00,348,2.53,0.0,19.0,11.4,46
2010-09-21,12.1,15.2,59,0.00,312,3.63,0.0,29.1,25.4,43
2010-09-22,14.6,20.5,76,4.30,237,2.52,8.0,26.4,18.4,61
2010-09-23,13.7,18.1,58,0.00,290,3.56,0.0,24.7,19.7,43
2010-09-24,9.6,11.8,72,4.40,266,1.25,10.0,14.3,11.1,61
2010-09-25,11.7,13.2,91,22.50,89,0.83,17.0,19.8,13.1,86
2010-09-26,10.4,11.8,71,1.10,37,2.25,5.0,27.2,20.6,59
2010-09-27,10.5,15.4,73,0.00,169,2.09,0.0,11.9,8.6,61
2010-09-28,15.0,19.7,94,14.20,198,0.62,14.0,26.1,18.1,83
2010-09-29,19.7,22.4,89,4.00,213,1.77,12.0,30.9,25.1,76
2010-09-30,17.7,21.4,84,0.00,213,2.02,0.0,22.5,12.8,71
2010-10-01,21.3,22.4,84,0.00,201,2.09,0.0,36.4,30.5,80
2010-10-02,15.5,21.6,84,40.40,272,1.73,13.0,35.0,21.7,55
2010-10-03,11.4,14.3,61,0.00,286,2.63,0.0,22.9,12.7,47
2010-10-04,10.3,12.1,73,0.00,33,1.78,0.0,15.9,12.5,62
2010-10-05,11.7,17.5,72,0.00,252,2.30,0.0,11.7,7.6,43
2010-10-06,11.2,13.3,73,0.00,45,1.96,0.0,18.4,15.5,61
2010-10-07,12.2,15.7,86,26.40,168,1.50,16.0,34.5,23.3,60
2010-10-08,9.5,11.7,60,0.00,275,2.60,0.0,33.0,28.2,42
2010-10-09,7.8,10.0,55,0.00,287,2.55,0.0,32.5,25.8,46
2010-10-10,7.9,11.0,55,0.00,274,2.63,0.0,29.4,25.3,40
2010-10-11,7.8,9.9,59,0.00,275,2.25,0.0,25.0,20.3,51
2010-10-12,8.4,12.7,69,0.00,253,1.98,0.0,18.1,14.2,49
2010-10-13,8.4,10.7,68,0.00,313,1.74,0.0,19.6,15.3,47
2010-10-14,7.8,11.4,70,0.00,283,1.86,0.0,16.0,8.4,51
2010-10-15,8.7,9.9,82,12.70,103,0.94,6.0,44.9,26.7,72
2010-10-16,10.4,12.3,92,5.70,82,0.88,8.0,36.4,18.5,83
2010-10-17,9.2,12.0,70,0.80,312,2.02,5.0,29.5,24.1,51
2010-10-18,7.9,8.9,59,0.00,267,2.47,0.0,34.9,27.7,41
2010-10-19,5.7,8.4,52,0.00,255,2.59,0.0,29.6,24.2,43
2010-10-20,7.1,12.2,64,0.00,215,2.00,0.0,27.2,17.1,52
2010-10-21,8.8,11.7,83,0.00,156,1.40,0.0,18.8,15.5,66
2010-10-22,7.8,9.8,84,7.90,237,1.20,12.0,38.1,25.0,57
2010-10-23,5.9,8.2,76,2.80,288,1.39,11.0,32.4,29.8,59
2010-10-24,5.6,8.3,62,0.00,304,2.00,0.0,26.4,19.9,48
2010-10-25,3.7,5.4,80,2.90,242,0.71,6.0,13.5,9.1,66
2010-10-26,7.0,7.8,94,10.10,82,0.33,17.0,20.1,15.4,89
2010-10-27,9.6,14.2,95,5.40,134,0.29,9.0,28.3,21.5,90
2010-10-28,13.2,17.0,91,9.10,215,1.29,7.0,21.9,15.7,72
2010-10-29,9.9,12.9,78,0.00,251,1.17,0.0,19.3,10.5,59
2010-10-30,5.2,8.5,75,1.90,274,1.06,7.0,34.3,20.0,42
2010-10-31,2.5,4.7,55,0.00,264,1.60,0.0,27.8,13.8,50
2010-11-01,3.7,4.9,79,4.20,5,0.94,13.0,25.6,19.1,62
2010-11-02,1.8,3.0,63,0.00,333,1.19,0.0,21.4,17.8,51
2010-11-03,2.0,6.0,70,0.00,261,1.21,0.0,14.8,12.0,57
2010-11-04,2.9,7.3,82,0.00,194,0.89,0.0,17.7,14.1,67
2010-11-05,11.2,15.9,95,32.50,159,0.30,24.0,39.3,30.1,77
2010-11-06,11.0,15.5,95,15.30,202,0.26,18.0,31.0,16.2,88
2010-11-07,5.4,6.0,96,31.70,14,0.17,24.0,28.4,19.1,92
2010-11-08,7.3,9.6,97,7.60,35,0.29,16.0,29.8,22.0,94
2010-11-09,6.8,7.7,91,8.20,28,0.47,14.0,32.4,26.9,73
2010-11-10,4.4,5.8,69,0.00,32,1.51,0.0,39.3,36.4,64
2010-11-11,3.8,5.1,68,0.00,34,1.53,0.0,34.5,26.3,61
2010-11-12,4.5,9.5,76,0.00,285,1.03,0.0,12.8,8.2,57
2010-11-13,6.0,10.2,70,0.00,259,1.29,0.0,16.5,11.2,54
2010-11-14,3.6,6.6,72,0.00,18,1.15,0.0,22.8,16.9,61
2010-11-15,3.4,6.0,77,0.00,156,0.85,0.0,12.6,10.6,66
2010-11-16,4.7,6.1,94,5.00,193,0.23,9.0,14.8,10.5,85
2010-11-17,4.5,9.9,99,13.80,105,0.17,7.0,32.3,14.7,98
2010-11-18,7.9,11.0,80,2.10,234,1.04,8.0,35.6,28.1,50
2010-11-19,1.4,3.6,52,0.00,286,1.73,0.0,28.6,24.0,43
2010-11-20,-2.5,-1.6,54,4.10,279,1.09,7.0,27.1,15.7,39
2010-11-21,-2.8,-0.3,59,0.10,310,1.22,1.0,27.6,24.6,41
2010-11-22,-3.5,-1.2,65,1.10,264,0.68,4.0,19.5,10.5,48
2010-11-23,0.3,1.7,85,3.00,124,0.38,10.0,17.3,11.8,80
2010-11-24,1.0,1.5,95,21.20,358,0.23,24.0,28.6,15.8,88
2010-11-25,1.5,3.3,81,0.90,317,0.67,7.0,27.2,21.8,76
2010-11-26,-0.7,0.6,86,4.70,243,0.34,6.0,16.9,12.6,77
2010-11-27,-0.9,0.8,74,1.00,241,0.66,4.0,20.2,11.8,60
2010-11-28,-2.2,-0.3,79,3.30,279,0.63,6.0,21.6,17.7,64
2010-11-29,-1.5,1.0,77,0.00,278,0.71,0.0,19.5,14.9,66
2010-11-30,-1.6,1.5,78,0.00,308,0.57,0.0,10.9,7.0,66
2010-12-01,0.2,3.1,88,0.00,69,0.48,0.0,16.5,10.2,78
2010-12-02,4.5,5.4,94,0.20,119,0.27,2.0,24.9,21.2,91
2010-12-03,5.0,5.4,95,0.80,97,0.23,4.0,22.1,16.8,92
2010-12-04,4.6,5.1,97,27.80,81,0.16,21.0,27.5,22.9,92
2010-12-05,4.9,6.1,96,5.50,145,0.28,6.0,21.8,14.3,91
2010-12-06,3.8,6.0,92,14.30,97,0.29,16.0,49.0,32.9,81
2010-12-07,1.8,2.5,75,0.20,176,0.86,2.0,30.4,22.8,69
2010-12-08,-2.2,0.4,69,0.50,234,0.79,3.0,25.0,18.4,63
2010-12-09,-4.8,-2.0,66,0.00,248,0.85,0.0,25.0,21.1,51
2010-12-10,-5.6,-4.1,60,0.00,303,0.77,0.0,23.3,16.7,45
2010-12-11,-4.2,-0.2,60,0.40,205,0.66,3.0,18.4,12.4,47
2010-12-12,-3.4,-1.1,75,0.00,253,0.58,0.0,19.3,11.9,58
2010-12-13,5.9,10.7,91,3.20,141,0.39,8.0,37.1,31.6,72
2010-12-14,9.1,11.7,95,9.80,138,0.39,12.0,46.3,25.9,84
2010-12-15,4.8,7.7,93,4.30,126,0.32,10.0,34.8,18.6,82
2010-12-16,0.9,2.8,82,0.20,167,0.51,1.0,22.7,13.3,70
2010-12-17,-4.4,-2.2,58,0.00,224,0.82,0.0,19.2,12.1,52
2010-12-18,-2.9,-1.0,69,0.00,326,0.64,0.0,12.7,10.7,53
2010-12-19,-3.1,0.7,64,0.00,277,0.86,0.0,18.0,15.1,47
2010-12-20,-1.6,2.9,80,0.10,11,0.34,1.0,25.9,12.7,69
2010-12-21,2.5,4.1,93,18.60,37,0.26,23.0,50.9,44.5,85
2010-12-22,1.6,1.7,88,16.50,22,0.50,24.0,52.4,47.3,83
2010-12-23,1.7,2.1,83,6.20,14,0.71,11.0,42.9,40.0,75
2010-12-24,-0.6,1.2,71,0.20,346,0.97,2.0,36.0,28.0,63
2010-12-25,-3.6,-2.0,65,0.00,332,0.88,0.0,26.1,21.2,59
2010-12-26,-2.4,-0.7,80,2.40,357,0.40,16.0,16.4,14.5,68
2010-12-27,0.3,1.0,91,33.80,44,0.24,24.0,48.2,33.7,86
2010-12-28,-3.7,-0.8,74,6.60,331,0.76,17.0,45.0,38.0,68
2010-12-29,-4.6,-3.1,70,0.00,316,0.82,0.0,34.9,28.6,67
2010-12-30,-5.9,-2.2,71,0.00,292,0.68,0.0,23.2,20.3,64
2010-12-31,-2.1,1.7,82,0.00,274,0.57,0.0,22.3,16.7,70
2011-01-01,1.2,2.4,89,0.80,302,0.44,3.0,14.5,11.7,83
2011-01-02,-1.3,0.6,91,1.40,33,0.21,3.0,10.0,5.5,88
2011-01-03,-0.5,0.4,90,18.70,310,0.29,18.0,25.8,12.3,68
2011-01-04,-6.0,-4.0,67,0.00,270,0.80,0.0,28.8,26.5,60
2011-01-05,-8.5,-6.3,71,0.00,245,0.60,0.0,23.5,21.9,60
2011-01-06,-9.5,-7.1,71,0.00,227,0.51,0.0,22.3,17.1,60
2011-01-07,-6.6,-1.9,74,1.10,42,0.46,3.0,24.5,15.6,67
2011-01-08,-0.9,0.2,90,10.20,47,0.27,24.0,24.8,20.3,85
2011-01-09,-2.1,0.2,89,2.90,356,0.30,14.0,29.7,21.9,81
2011-01-10,0.2,1.7,80,0.30,313,0.65,3.0,25.1,23.5,72
2011-01-11,-2.3,-0.3,82,0.00,314,0.56,0.0,22.9,16.7,73
2011-01-12,-3.1,-0.3,87,2.10,58,0.32,6.0,33.5,16.7,81
2011-01-13,-0.4,0.2,86,16.10,28,0.47,22.0,41.7,35.4,76
2011-01-14,-4.3,-1.1,79,0.00,317,0.59,0.0,26.8,16.4,66
2011-01-15,-8.6,-5.1,76,0.00,264,0.43,0.0,15.5,12.2,61
2011-01-16,-8.8,-7.2,76,1.80,272,0.42,5.0,22.5,13.8,58
2011-01-17,-12.1,-9.5,71,0.00,274,0.48,0.0,22.8,18.3,56
2011-01-18,-12.5,-5.5,75,0.00,209,0.36,0.0,19.9,13.8,67
2011-01-19,-2.2,-0.5,90,14.90,20,0.28,21.0,35.5,22.0,78
2011-01-20,-7.0,-3.2,75,0.30,348,0.50,3.0,29.2,18.0,64
2011-01-21,-11.5,-4.2,79,9.70,23,0.29,6.0,32.2,12.0,68
2011-01-22,-9.1,-2.7,68,11.00,269,0.66,8.0,45.0,34.0,50
2011-01-23,-15.5,-12.4,68,0.00,279,0.41,0.0,24.8,15.2,54
2011-01-24,-18.9,-16.5,63,0.00,284,0.40,0.0,32.0,28.4,52
2011-01-25,-17.3,-14.1,63,0.00,265,0.44,0.0,28.9,17.7,50
2011-01-26,-15.2,-11.6,74,0.00,249,0.37,0.0,10.7,7.5,64
2011-01-27,-6.2,-1.4,85,13.50,35,0.27,15.0,35.9,23.9,68
2011-01-28,-5.5,-2.6,76,0.40,281,0.68,2.0,28.9,16.9,59
2011-01-29,-8.6,-5.0,79,0.00,299,0.48,0.0,11.5,9.0,66
2011-01-30,-9.4,-6.5,74,0.00,288,0.53,0.0,13.9,8.9,57
2011-01-31,-12.9,-8.8,67,0.00,290,0.50,0.0,25.3,19.5,47
2011-02-01,-15.8,-11.7,68,0.00,249,0.42,0.0,22.3,17.2,56
2011-02-02,-12.6,-9.7,73,4.50,353,0.35,8.0,21.0,13.6,68
2011-02-03,-9.0,-7.8,71,3.00,19,0.68,9.0,25.9,18.1,54
2011-02-04,-8.6,-4.9,69,0.00,233,0.74,0.0,25.4,21.5,53
2011-02-05,-7.7,-2.9,76,0.00,234,0.68,0.0,18.6,16.5,59
2011-02-06,-2.4,-0.9,85,22.90,5,0.46,13.0,33.1,21.2,70
2011-02-07,-5.4,-2.4,77,0.00,262,0.74,0.0,17.7,12.0,59
2011-02-08,-2.6,-1.1,90,6.40,161,0.32,14.0,16.6,11.8,79
2011-02-09,-9.0,-1.7,68,4.50,290,0.71,8.0,35.1,25.4,50
2011-02-10,-12.0,-10.0,70,0.00,270,0.59,0.0,22.4,10.2,51
2011-02-11,-13.7,-8.3,67,0.00,254,0.62,0.0,28.3,18.5,44
2011-02-12,-10.6,-4.1,75,0.20,181,0.55,2.0,23.8,16.4,67
2011-02-13,-10.1,-5.0,63,0.20,267,0.73,1.0,27.8,20.4,45
2011-02-14,-7.3,-4.1,81,11.80,102,0.38,18.0,27.9,18.4,66
2011-02-15,-7.0,-3.7,74,6.30,346,0.68,13.0,35.6,30.4,56
2011-02-16,-11.7,-5.2,57,0.00,298,0.98,0.0,34.5,23.0,38
2011-02-17,-4.3,3.1,69,0.00,257,1.17,0.0,21.1,18.7,60
2011-02-18,-2.6,-0.6,89,9.40,142,0.31,9.0,17.7,11.0,80
2011-02-19,-1.3,0.1,94,5.50,349,0.36,10.0,26.0,15.2,87
2011-02-20,-0.9,1.6,78,3.60,335,0.90,12.0,28.5,24.3,68
2011-02-21,-7.1,-3.3,74,0.60,296,0.71,3.0,20.3,16.7,62
2011-02-22,-5.8,-3.2,71,1.40,327,0.93,6.0,28.4,25.5,57
2011-02-23,-8.8,-6.2,64,0.00,326,0.91,0.0,28.4,23.7,53
2011-02-24,-9.1,-3.2,67,0.00,266,0.99,0.0,18.5,13.2,44
2011-02-25,-3.7,-0.5,80,8.30,222,0.78,5.0,29.2,16.3,61
2011-02-26,-8.4,-3.8,65,17.10,315,0.89,8.0,37.5,30.9,43
2011-02-27,-14.4,-12.0,63,0.00,292,0.70,0.0,24.6,12.6,47
2011-02-28,-11.5,-5.9,71,10.50,144,0.51,6.0,28.1,14.8,54
2011-03-01,-5.0,-3.5,72,7.30,299,1.02,5.0,34.0,25.0,44
2011-03-02,-5.3,1.0,75,1.70,213,0.82,6.0,30.9,20.3,63
2011-03-03,-9.4,-1.9,63,0.60,296,0.86,4.0,29.2,23.8,45
2011-03-04,-13.3,-8.1,60,0.00,292,0.94,0.0,23.3,14.7,42
2011-03-05,-6.2,1.5,75,0.00,186,0.78,0.0,29.1,19.7,63
2011-03-06,5.4,8.4,80,1.40,201,1.40,9.0,33.6,31.1,74
2011-03-07,-0.8,6.3,93,31.70,24,0.29,24.0,27.3,19.9,87
2011-03-08,-5.1,-2.5,71,3.50,324,1.20,9.0,26.7,18.4,47
2011-03-09,-9.1,-6.4,72,0.00,1,0.91,0.0,19.3,14.5,59
2011-03-10,-6.6,-3.2,73,0.00,108,0.81,0.0,14.2,11.1,66
2011-03-11,-0.9,4.2,89,2.40,128,0.39,5.0,24.0,16.0,82
2011-03-12,5.7,6.5,93,9.10,163,0.60,11.0,26.7,22.9,78
2011-03-13,2.0,5.2,78,0.00,238,1.44,0.0,26.1,21.3,65
2011-03-14,-3.9,0.1,68,0.00,9,1.08,0.0,27.3,22.0,52
2011-03-15,-5.3,2.0,68,0.00,215,1.46,0.0,20.2,11.9,48
2011-03-16,-0.2,4.3,79,0.30,220,1.34,1.0,23.4,21.8,65
2011-03-17,2.8,7.6,81,2.20,245,1.77,7.0,18.5,13.4,53
2011-03-18,2.1,7.1,84,6.00,233,0.81,10.0,36.3,22.6,73
2011-03-19,-3.7,-1.2,68,0.00,348,1.26,0.0,29.1,19.8,49
2011-03-20,-5.4,-1.4,69,0.00,346,1.47,0.0,16.3,12.4,48
2011-03-21,-4.5,1.7,73,0.00,175,1.57,0.0,15.4,9.2,48
2011-03-22,-1.8,0.1,80,0.00,129,1.04,0.0,16.1,10.3,69
2011-03-23,-2.3,-0.9,82,0.00,51,0.95,0.0,16.6,13.4,65
2011-03-24,-4.0,-2.4,78,1.10,33,1.08,7.0,22.3,14.7,68
2011-03-25,-3.1,0.1,78,3.50,346,1.36,16.0,22.3,15.1,60
2011-03-26,-5.6,-3.0,67,0.20,279,1.22,1.0,29.3,21.8,47
2011-03-27,-5.6,-2.8,61,0.20,275,1.39,2.0,30.5,27.2,52
2011-03-28,-4.1,0.9,66,0.00,289,1.55,0.0,27.4,23.7,52
2011-03-29,0.6,4.8,66,0.00,307,2.02,0.0,25.5,20.6,54
2011-03-30,0.6,4.1,72,0.00,309,1.72,0.0,19.2,12.8,57
2011-03-31,0.1,3.4,76,0.00,300,1.96,0.0,13.0,10.3,60
2011-04-01,-0.3,1.5,85,14.70,98,0.71,6.0,32.4,16.3,76
2011-04-02,0.2,2.2,86,14.80,346,0.70,23.0,35.5,28.4,71
2011-04-03,0.5,2.6,77,0.00,321,1.60,0.0,21.2,13.3,60
2011-04-04,-1.0,2.2,78,0.00,96,1.68,0.0,18.2,10.2,65
2011-04-05,3.5,8.5,90,8.50,181,0.78,17.0,25.5,20.8,81
2011-04-06,2.3,4.3,70,4.40,273,1.82,6.0,27.9,21.4,48
2011-04-07,-1.3,1.4,62,0.00,308,1.95,0.0,22.2,18.9,45
2011-04-08,-2.2,1.5,64,0.00,336,2.10,0.0,17.4,13.7,45
2011-04-09,-1.4,3.4,72,0.90,183,1.59,4.0,11.5,8.2,50
2011-04-10,1.2,8.1,76,0.00,193,2.48,0.0,18.9,8.7,53
2011-04-11,4.5,8.1,85,0.20,196,0.96,2.0,27.8,22.6,67
2011-04-12,6.7,8.1,75,1.40,260,2.23,4.0,35.7,28.1,45
2011-04-13,2.5,6.6,69,0.60,198,2.05,2.0,15.1,10.0,57
2011-04-14,3.1,8.1,82,27.80,338,1.25,15.0,20.4,13.4,60
2011-04-15,-2.0,4.2,54,0.00,331,2.24,0.0,24.9,17.8,40
2011-04-16,-3.3,1.9,59,0.00,164,2.01,0.0,14.4,8.0,41
2011-04-17,1.9,7.4,83,6.70,154,0.75,8.0,38.6,25.2,73
2011-04-18,4.6,7.2,76,2.30,233,2.11,8.0,30.4,20.9,44
2011-04-19,3.4,7.1,63,0.30,257,2.46,2.0,24.0,17.3,42
2011-04-20,-0.4,2.0,70,5.60,359,1.16,7.0,19.3,11.8,58
2011-04-21,0.6,3.2,87,8.60,74,1.33,19.0,21.0,11.8,73
2011-04-22,2.0,6.9,69,0.20,324,2.69,1.0,19.3,13.5,40
2011-04-23,3.8,8.4,62,0.40,212,2.65,2.0,26.1,18.0,43
2011-04-24,6.4,10.2,75,2.40,237,2.40,7.0,30.4,22.7,52
2011-04-25,5.0,9.3,71,0.00,266,2.91,0.0,14.2,8.9,57
2011-04-26,6.2,9.5,81,0.00,212,1.46,0.0,18.9,12.8,76
2011-04-27,2.1,2.9,82,10.40,64,0.86,13.0,27.9,19.9,65
2011-04-28,7.6,15.0,97,6.30,184,0.77,17.0,31.8,16.6,93
2011-04-29,14.7,18.8,75,0.70,219,3.61,4.0,32.4,19.1,39
2011-04-30,7.7,13.8,76,1.70,10,1.67,8.0,22.4,15.8,60
2011-05-01,4.9,6.6,68,0.00,27,2.64,0.0,26.4,22.8,59
2011-05-02,4.6,8.3,74,0.00,49,2.65,0.0,19.3,15.9,57
2011-05-03,7.0,12.2,81,0.00,134,1.86,0.0,14.1,10.4,67
2011-05-04,9.6,15.3,90,5.80,186,1.57,12.0,20.0,14.5,74
2011-05-05,7.5,11.5,97,11.00,77,0.65,24.0,23.5,14.0,88
2011-05-06,9.0,11.1,85,14.30,174,2.31,13.0,27.0,20.2,61
2011-05-07,10.0,15.7,69,2.90,180,2.98,5.0,22.6,19.1,50
2011-05-08,8.9,11.3,88,1.00,143,1.60,6.0,14.5,11.1,65
2011-05-09,4.6,5.8,90,4.50,25,0.72,10.0,32.4,25.4,83
2011-05-10,4.5,5.2,95,16.20,33,0.46,24.0,35.4,32.4,92
2011-05-11,5.1,6.4,87,1.80,31,1.31,11.0,30.7,27.4,80
2011-05-12,5.6,8.2,83,1.40,31,2.12,6.0,27.1,22.8,70
2011-05-13,5.0,7.2,85,0.00,21,1.14,0.0,17.1,15.4,77
2011-05-14,4.2,4.9,93,1.90,35,0.65,11.0,15.7,12.4,91
2011-05-15,5.2,7.0,97,17.30,30,0.47,24.0,10.2,4.6,93
2011-05-16,4.3,5.8,84,12.80,68,0.79,24.0,24.1,20.2,77
2011-05-17,4.0,4.9,92,9.30,19,0.64,15.0,23.4,17.6,89
2011-05-18,6.2,10.0,87,0.00,56,1.30,0.0,9.8,6.3,78
2011-05-19,12.2,19.4,84,0.00,199,3.31,0.0,14.0,8.5,62
2011-05-20,15.4,20.3,88,1.40,219,2.14,4.0,15.7,11.9,67
2011-05-21,7.8,16.7,86,3.10,37,1.19,7.0,28.3,22.4,75
2011-05-22,5.6,8.5,79,0.00,56,2.42,0.0,23.2,14.7,69
2011-05-23,8.1,14.4,77,0.00,185,3.05,0.0,25.3,17.1,61
2011-05-24,10.8,14.3,83,5.70,200,1.41,9.0,31.4,26.7,69
2011-05-25,12.3,15.1,79,0.00,94,3.55,0.0,21.1,14.8,58
2011-05-26,12.1,19.9,76,0.00,142,3.90,0.0,21.4,14.9,62
2011-05-27,13.0,17.5,86,13.30,222,1.51,11.0,23.5,17.8,67
2011-05-28,7.9,8.5,92,1.70,47,0.96,12.0,19.3,16.4,89
2011-05-29,13.9,20.9,92,1.60,210,2.10,5.0,27.5,16.4,75
2011-05-30,17.8,22.0,76,0.40,264,4.79,3.0,21.4,16.3,41
2011-05-31,12.5,16.0,65,0.00,12,4.29,0.0,19.1,14.6,51
2011-06-01,12.9,21.0,69,0.00,181,3.92,0.0,36.3,22.5,48
2011-06-02,16.3,19.9,78,1.10,225,3.45,6.0,35.6,21.0,54
2011-06-03,11.8,13.8,78,1.70,318,1.53,11.0,16.6,12.9,65
2011-06-04,9.5,10.9,83,0.60,2,1.23,3.0,18.1,14.8,77
2011-06-05,9.7,11.6,87,0.00,36,2.13,0.0,14.6,10.4,80
2011-06-06,9.0,10.2,94,1.80,15,0.74,9.0,13.8,11.4,90
2011-06-07,11.1,15.7,90,1.00,28,2.47,6.0,12.9,11.3,75
2011-06-08,12.8,18.1,88,0.00,128,3.41,0.0,20.4,9.9,72
2011-06-09,15.9,20.9,91,7.30,183,1.88,12.0,20.2,13.7,82
2011-06-10,13.8,19.2,75,0.80,13,4.05,3.0,27.0,15.3,51
2011-06-11,12.3,16.8,65,0.00,357,4.63,0.0,15.5,10.0,45
2011-06-12,14.2,19.0,71,0.00,209,3.11,0.0,15.6,11.4,51
2011-06-13,12.2,14.8,85,5.70,76,1.47,12.0,23.8,14.2,79
2011-06-14,11.3,13.1,82,0.00,48,2.86,0.0,21.2,19.2,73
2011-06-15,12.4,16.3,79,0.00,37,3.33,0.0,17.9,15.5,63
2011-06-16,11.7,13.6,80,0.00,54,3.71,0.0,14.7,12.3,70
2011-06-17,12.0,16.1,84,1.10,108,3.16,2.0,17.4,10.9,73
2011-06-18,13.6,16.2,96,30.10,156,0.70,17.0,23.5,17.0,90
2011-06-19,13.8,14.8,98,14.80,234,1.29,19.0,20.8,12.1,94
2011-06-20,12.9,15.2,84,0.20,332,1.84,1.0,21.1,14.8,72
2011-06-21,11.2,12.5,80,0.00,48,1.88,0.0,15.8,9.4,71
2011-06-22,12.3,14.9,79,0.00,21,2.74,0.0,14.4,8.6,69
2011-06-23,14.5,19.2,77,0.00,152,3.78,0.0,14.0,9.4,65
2011-06-24,12.5,14.4,82,0.00,87,3.16,0.0,19.6,17.0,76
2011-06-25,12.0,12.5,88,8.50,121,1.12,11.0,18.8,15.6,81
2011-06-26,13.8,16.6,93,11.00,139,1.56,11.0,13.5,7.1,86
2011-06-27,16.1,19.3,90,6.00,211,2.55,7.0,15.8,11.7,72
2011-06-28,16.2,21.0,86,0.00,59,4.00,0.0,15.8,8.1,65
2011-06-29,16.1,19.5,87,0.70,91,3.61,2.0,15.9,10.3,76
2011-06-30,17.5,19.6,93,9.60,155,2.52,14.0,15.4,9.1,84
2011-07-01,15.4,17.2,93,2.30,1,1.77,8.0,10.4,6.7,83
2011-07-02,16.6,21.8,84,0.00,162,3.42,0.0,14.5,7.8,65
2011-07-03,20.0,25.2,76,0.00,215,5.00,0.0,22.1,19.6,59
2011-07-04,19.0,22.5,82,0.30,207,2.55,3.0,22.8,18.7,73
2011-07-05,21.0,24.8,79,0.00,221,4.38,0.0,19.1,11.1,53
2011-07-06,21.6,26.7,71,0.00,217,5.00,0.0,19.1,12.2,48
2011-07-07,20.3,22.6,71,0.00,235,4.60,0.0,21.8,14.7,55
2011-07-08,18.7,22.8,67,0.00,235,4.78,0.0,14.3,7.4,48
2011-07-09,17.4,19.5,82,8.00,169,2.16,8.0,15.0,9.8,72
2011-07-10,18.7,24.5,71,1.40,301,5.20,2.0,22.9,14.7,40
2011-07-11,20.6,25.8,76,0.50,219,3.96,2.0,24.2,15.7,63
2011-07-12,20.4,25.3,87,26.90,214,2.89,14.0,23.7,16.8,67
2011-07-13,17.8,21.5,83,1.40,9,3.16,6.0,20.2,15.0,64
2011-07-14,15.4,17.3,67,0.00,35,4.39,0.0,21.4,16.6,55
2011-07-15,15.9,19.0,71,0.00,19,3.91,0.0,19.3,15.9,58
2011-07-16,17.3,22.1,71,0.10,356,4.54,1.0,13.1,8.5,60
2011-07-17,20.5,25.6,76,0.20,218,4.39,1.0,22.2,15.6,55
2011-07-18,22.1,26.3,80,16.50,243,3.61,6.0,20.5,13.9,64
2011-07-19,20.8,24.4,70,0.00,305,4.68,0.0,14.5,6.6,49
2011-07-20,20.1,25.3,63,0.00,237,5.36,0.0,27.5,14.9,44
2011-07-21,20.6,23.6,87,18.40,200,2.74,9.0,27.5,15.6,60
2011-07-22,18.1,20.9,93,10.30,26,1.53,8.0,23.0,13.7,84
2011-07-23,19.9,26.2,87,1.00,213,3.70,1.0,19.6,10.1,69
2011-07-24,18.6,21.4,77,0.90,308,3.42,4.0,19.7,13.3,54
2011-07-25,19.2,22.9,72,0.00,225,4.38,0.0,15.1,9.6,48
2011-07-26,17.7,19.9,75,1.50,168,2.59,7.0,16.5,13.0,63
2011-07-27,16.9,17.5,91,14.60,74,0.89,13.0,24.0,14.5,80
2011-07-28,17.6,21.8,79,2.50,17,4.36,5.0,20.2,12.7,55
2011-07-29,19.6,24.6,78,0.00,201,4.15,0.0,21.3,14.8,59
2011-07-30,17.9,20.7,88,9.40,201,1.66,11.0,21.4,14.5,74
2011-07-31,18.3,21.5,84,0.00,332,3.98,0.0,14.2,11.5,64
2011-08-01,19.7,24.6,80,0.00,176,4.36,0.0,14.1,10.8,56
2011-08-02,18.8,21.3,81,3.70,137,3.01,4.0,15.1,12.1,69
2011-08-03,17.8,18.5,94,11.80,105,1.16,21.0,21.7,18.8,84
2011-08-04,17.0,17.6,83,0.60,67,2.34,4.0,22.2,20.2,69
2011-08-05,16.4,19.0,77,0.00,36,3.14,0.0,17.1,13.9,64
2011-08-06,17.9,23.1,82,0.00,150,3.88,0.0,12.6,8.1,68
2011-08-07,19.5,23.4,92,3.60,182,2.56,5.0,14.4,9.1,76
2011-08-08,18.1,19.4,96,28.70,204,0.67,19.0,17.4,12.8,90
2011-08-09,16.9,19.1,80,0.10,3,2.44,1.0,23.8,20.4,67
2011-08-10,17.1,18.0,89,5.40,116,1.47,16.0,18.9,15.4,82
2011-08-11,16.6,18.0,91,6.70,140,1.27,15.0,17.9,9.9,83
2011-08-12,18.5,21.6,83,0.70,229,2.99,4.0,17.7,12.9,63
2011-08-13,18.4,20.7,83,0.00,271,3.20,0.0,13.3,10.2,68
2011-08-14,20.3,25.5,83,0.90,216,3.71,2.0,15.1,11.5,62
2011-08-15,19.7,23.1,89,0.00,186,2.84,0.0,11.2,8.1,71
2011-08-16,18.4,19.9,87,7.50,54,1.40,15.0,20.2,13.5,79
2011-08-17,18.5,22.4,78,1.40,308,3.71,4.0,15.8,9.4,51
2011-08-18,19.6,24.9,72,0.00,224,4.58,0.0,17.9,15.0,50
2011-08-19,21.2,25.8,80,0.00,212,4.12,0.0,18.6,15.0,64
2011-08-20,21.1,25.0,85,0.50,213,2.95,2.0,17.6,14.9,69
2011-08-21,21.6,25.8,84,0.10,207,3.43,1.0,16.0,13.7,64
2011-08-22,20.2,22.0,89,11.30,177,1.42,8.0,31.9,23.4,82
2011-08-23,17.3,19.9,72,0.00,260,3.50,0.0,16.3,13.9,49
2011-08-24,17.4,23.5,68,0.00,231,4.09,0.0,22.7,17.1,52
2011-08-25,19.6,23.4,72,0.00,203,3.75,0.0,32.0,24.5,66
2011-08-26,20.9,23.4,82,5.00,234,3.38,8.0,26.4,17.6,60
2011-08-27,19.7,24.5,79,0.00,210,3.45,0.0,16.4,9.8,58
2011-08-28,18.9,21.0,94,25.20,174,0.79,12.0,28.4,13.7,79
2011-08-29,19.6,21.7,78,2.30,203,2.94,7.0,45.1,33.7,59
2011-08-30,17.4,20.9,71,0.00,231,3.49,0.0,20.2,11.4,53
2011-08-31,17.5,20.3,75,1.30,278,3.36,3.0,14.0,11.3,56
2011-09-01,16.8,19.4,79,0.00,24,2.84,0.0,10.3,6.2,67
2011-09-02,17.0,20.2,84,0.00,144,3.19,0.0,11.7,8.4,64
2011-09-03,17.6,21.6,82,0.00,218,2.51,0.0,19.2,15.9,69
2011-09-04,18.2,21.2,82,0.00,222,2.67,0.0,18.4,10.8,67
2011-09-05,19.6,21.7,90,1.90,212,1.69,8.0,24.1,19.1,85
2011-09-06,15.3,19.5,94,11.80,319,0.70,15.0,25.4,18.7,85
2011-09-07,13.9,16.7,77,0.00,26,2.37,0.0,18.4,8.0,62
2011-09-08,15.8,21.4,76,0.70,231,2.68,5.0,16.3,12.6,60
2011-09-09,18.1,23.1,71,0.00,254,3.76,0.0,19.9,15.9,46
2011-09-10,13.7,17.8,67,1.30,336,2.98,6.0,24.2,20.4,58
2011-09-11,13.4,18.6,74,0.00,230,3.23,0.0,23.7,15.6,47
2011-09-12,16.6,21.9,76,0.30,233,3.12,2.0,25.5,20.9,63
2011-09-13,17.4,22.1,78,0.10,147,2.84,1.0,19.7,12.6,73
2011-09-14,17.5,19.2,85,4.00,207,1.77,9.0,24.6,17.4,76
2011-09-15,16.4,19.5,90,2.60,104,1.36,9.0,9.8,6.0,84
2011-09-16,13.0,18.2,73,5.80,290,2.78,11.0,32.9,25.2,36
2011-09-17,12.1,16.1,56,0.00,278,3.64,0.0,28.9,22.4,40
2011-09-18,12.7,16.7,69,0.00,266,2.99,0.0,12.7,7.5,49
2011-09-19,12.8,15.9,73,0.00,135,2.40,0.0,12.0,7.8,57
2011-09-20,13.2,17.9,78,0.00,233,2.50,0.0,14.6,8.2,54
2011-09-21,15.6,20.6,75,0.00,255,3.03,0.0,18.7,15.4,50
2011-09-22,15.6,20.6,81,0.00,222,2.36,0.0,17.3,11.8,64
2011-09-23,17.7,21.7,89,0.50,226,1.74,3.0,14.0,9.5,73
2011-09-24,15.3,16.5,94,2.30,70,0.82,6.0,15.0,7.2,90
2011-09-25,18.7,24.9,81,0.00,258,3.12,0.0,19.4,15.4,56
2011-09-26,19.1,21.9,71,0.00,288,2.93,0.0,20.7,12.3,55
2011-09-27,14.0,18.2,68,0.00,11,2.65,0.0,22.5,15.9,53
2011-09-28,12.3,17.2,67,0.00,196,2.72,0.0,19.4,10.6,50
2011-09-29,14.4,18.6,75,0.00,215,2.49,0.0,22.1,18.2,59
2011-09-30,17.7,21.0,79,0.80,197,2.62,3.0,27.4,22.6,58
2011-10-01,14.9,17.4,89,11.60,174,0.78,12.0,24.4,12.3,72
2011-10-02,11.9,12.5,83,1.20,43,1.17,6.0,26.7,24.6,76
2011-10-03,10.9,11.2,90,6.90,30,0.57,21.0,24.3,17.1,81
2011-10-04,11.4,12.8,82,4.70,55,1.23,10.0,27.2,16.2,74
2011-10-05,7.2,9.5,94,28.20,2,0.38,24.0,43.6,36.0,89
2011-10-06,5.4,7.4,58,2.20,332,2.54,8.0,40.3,33.2,42
2011-10-07,5.2,8.6,53,0.00,312,2.55,0.0,28.6,18.4,40
2011-10-08,12.3,21.7,67,0.00,246,3.02,0.0,23.6,19.4,58
2011-10-09,18.0,24.0,69,0.00,258,3.31,0.0,22.9,18.4,54
2011-10-10,16.6,19.4,60,0.00,294,3.41,0.0,23.4,20.5,43
2011-10-11,10.3,12.5,62,0.00,347,2.32,0.0,23.3,15.2,56
2011-10-12,9.4,12.4,76,0.00,137,1.75,0.0,13.5,6.6,61
2011-10-13,10.3,13.6,84,0.00,178,1.09,0.0,14.9,11.2,70
2011-10-14,12.8,14.2,95,3.00,103,0.45,9.0,20.9,16.4,91
2011-10-15,15.4,17.7,84,15.20,172,2.07,11.0,33.0,28.2,57
2011-10-16,12.7,13.7,68,0.00,211,2.33,0.0,27.8,23.4,59
2011-10-17,10.3,12.7,77,11.00,217,1.37,7.0,23.3,18.4,54
2011-10-18,10.2,13.0,67,0.00,231,1.86,0.0,18.2,14.3,55
2011-10-19,10.1,13.6,75,0.00,231,1.73,0.0,16.4,11.5,56
2011-10-20,10.1,10.6,90,8.70,71,0.57,20.0,31.3,25.1,85
2011-10-21,12.8,15.4,83,2.30,212,1.56,3.0,22.8,18.7,62
2011-10-22,10.7,13.1,79,0.00,236,1.30,0.0,16.3,11.6,68
2011-10-23,10.8,12.9,78,0.00,261,1.37,0.0,14.5,9.2,59
2011-10-24,10.2,12.0,80,0.00,170,0.95,0.0,10.5,5.9,62
2011-10-25,9.1,10.5,90,4.80,186,0.45,12.0,11.6,6.3,80
2011-10-26,7.6,9.5,74,0.00,304,1.61,0.0,32.1,25.6,51
2011-10-27,5.0,8.0,60,0.00,292,1.89,0.0,24.6,18.9,44
2011-10-28,4.3,6.4,59,0.00,299,1.80,0.0,26.1,20.1,46
2011-10-29,3.8,6.9,61,0.00,288,1.65,0.0,23.6,15.8,49
2011-10-30,3.6,5.5,85,21.90,35,0.51,19.0,42.0,29.4,60
2011-10-31,3.3,6.8,64,0.60,315,1.59,3.0,36.3,22.6,41
2011-11-01,4.1,8.3,75,0.00,232,1.10,0.0,15.2,12.0,62
2011-11-02,5.0,9.9,81,0.00,223,1.21,0.0,19.4,17.2,61
2011-11-03,6.6,11.2,80,0.00,220,1.18,0.0,24.0,21.2,67
2011-11-04,5.9,8.9,73,0.70,321,1.29,4.0,26.3,18.8,52
2011-11-05,2.3,3.7,55,0.00,335,1.70,0.0,29.5,23.7,44
2011-11-06,3.0,8.1,62,0.00,248,1.67,0.0,24.8,19.4,44
2011-11-07,5.3,10.3,66,0.00,238,1.54,0.0,20.4,14.3,54
2011-11-08,8.6,12.1,69,0.00,256,1.77,0.0,24.3,18.6,52
2011-11-09,6.8,9.7,71,0.00,275,1.01,0.0,11.7,7.9,58
2011-11-10,9.2,13.2,77,0.00,152,1.24,0.0,21.9,14.5,64
2011-11-11,11.2,13.7,95,49.70,160,0.28,21.0,37.4,24.7,72
2011-11-12,3.8,5.7,59,2.50,259,1.89,7.0,34.1,29.4,40
2011-11-13,5.4,9.4,70,0.00,225,1.40,0.0,22.7,16.2,56
2011-11-14,9.6,12.7,80,0.00,200,1.17,0.0,23.2,19.9,71
2011-11-15,9.6,10.7,90,2.70,230,0.45,6.0,21.0,16.6,78
2011-11-16,7.5,10.8,75,0.00,232,1.32,0.0,23.0,16.3,59
2011-11-17,8.0,8.9,79,7.40,236,1.00,7.0,18.4,14.0,52
2011-11-18,2.0,5.4,55,1.90,304,1.60,8.0,29.5,23.2,38
2011-11-19,1.3,5.2,62,0.00,234,1.29,0.0,21.1,20.0,54
2011-11-20,4.7,8.0,77,0.30,227,0.99,2.0,29.4,22.5,65
2011-11-21,0.3,6.7,52,0.00,318,1.41,0.0,24.7,17.9,42
2011-11-22,-3.1,-0.5,51,0.00,279,1.11,0.0,15.7,12.4,38
2011-11-23,-2.1,-0.7,66,6.50,19,0.57,8.0,23.9,11.1,58
2011-11-24,-0.6,0.3,71,2.00,23,0.90,6.0,28.5,19.4,60
2011-11-25,-0.0,4.5,83,0.00,223,0.61,0.0,21.6,18.3,75
2011-11-26,3.9,6.0,81,0.00,268,0.85,0.0,20.4,17.8,59
2011-11-27,0.5,1.9,73,0.00,62,0.69,0.0,20.6,14.6,67
2011-11-28,6.0,9.9,89,4.10,201,0.45,12.0,29.7,24.9,75
2011-11-29,2.3,5.0,79,0.00,251,0.63,0.0,20.6,11.6,70
2011-11-30,9.0,14.2,95,5.00,173,0.38,8.0,31.4,20.9,85
2011-12-01,4.8,9.8,76,0.00,283,0.85,0.0,26.7,17.9,55
2011-12-02,-0.4,1.4,60,0.00,305,0.90,0.0,17.1,9.7,48
2011-12-03,-0.4,0.7,74,0.00,342,0.50,0.0,13.9,8.5,62
2011-12-04,0.6,4.9,78,0.00,215,0.77,0.0,25.6,18.1,69
2011-12-05,5.4,8.1,88,0.00,227,0.53,0.0,28.3,20.3,81
2011-12-06,3.8,5.2,97,6.70,302,0.14,11.0,24.1,12.8,94
2011-12-07,1.3,2.0,93,9.60,46,0.21,24.0,25.3,20.6,88
2011-12-08,2.0,3.7,88,40.80,326,0.53,18.0,43.5,25.4,55
2011-12-09,-1.2,2.6,67,0.00,242,1.02,0.0,32.1,21.3,55
2011-12-10,1.1,2.5,85,2.30,235,0.42,8.0,19.6,14.2,75
2011-12-11,-6.9,-2.9,66,0.00,289,0.67,0.0,22.2,18.1,54
2011-12-12,-1.8,2.5,67,0.00,233,0.96,0.0,23.4,19.4,59
2011-12-13,-0.9,1.1,84,0.00,287,0.41,0.0,17.7,9.1,74
2011-12-14,-1.0,0.9,74,0.60,21,0.55,5.0,23.5,15.2,61
2011-12-15,-1.2,1.2,73,10.20,186,0.56,9.0,27.9,17.6,63
2011-12-16,4.5,6.3,91,14.80,231,0.40,15.0,31.2,25.2,63
2011-12-17,-5.5,-0.1,55,0.00,309,0.93,0.0,26.9,19.1,47
2011-12-18,-9.5,-7.0,63,0.00,348,0.59,0.0,18.1,16.3,52
2011-12-19,-8.0,-2.5,60,0.00,228,0.71,0.0,22.8,14.2,40
2011-12-20,-4.3,-0.7,67,1.40,281,0.76,5.0,30.9,24.7,46
2011-12-21,-5.9,1.1,59,0.50,236,0.87,3.0,24.1,18.5,42
2011-12-22,0.8,1.8,90,7.40,317,0.40,9.0,20.3,12.7,66
2011-12-23,-1.8,-1.3,78,4.50,20,0.38,12.0,24.0,13.3,72
2011-12-24,-10.9,-3.4,71,3.00,343,0.46,9.0,26.8,22.7,57
2011-12-25,-13.4,-8.3,65,0.00,267,0.45,0.0,19.4,13.6,46
2011-12-26,-4.2,-2.7,80,1.30,209,0.48,6.0,23.4,16.4,68
2011-12-27,-3.9,1.8,74,0.00,224,0.67,0.0,26.2,20.0,63
2011-12-28,3.8,7.2,94,4.30,165,0.17,9.0,36.4,25.3,86
2011-12-29,-4.5,5.3,66,0.40,253,0.78,3.0,40.5,32.9,43
2011-12-30,-9.3,-5.7,54,0.00,269,0.86,0.0,34.3,24.5,46
2011-12-31,-5.7,0.8,77,4.80,125,0.25,10.0,16.3,10.0,63
2012-01-01,-0.3,1.1,90,4.60,343,0.31,6.0,26.8,18.1,77
2012-01-02,0.9,6.2,91,0.70,179,0.23,4.0,29.8,20.7,84
2012-01-03,-4.4,0.5,63,0.00,254,0.82,0.0,28.5,20.7,44
2012-01-04,-12.2,-8.5,60,0.00,302,0.60,0.0,21.7,19.0,49
2012-01-05,-9.4,-3.5,56,0.00,237,0.74,0.0,21.9,17.0,44
2012-01-06,-10.9,-6.7,56,0.00,277,0.62,0.0,25.8,17.3,37
2012-01-07,-6.7,-2.2,74,2.40,134,0.30,9.0,12.8,6.1,49
2012-01-08,-4.3,-3.1,82,4.40,309,0.44,6.0,17.6,12.7,65
2012-01-09,-9.9,-5.9,70,0.00,297,0.45,0.0,16.0,13.2,51
2012-01-10,-5.2,1.6,73,0.00,207,0.63,0.0,22.1,17.3,60
2012-01-11,-10.8,-1.1,64,0.00,310,0.55,0.0,28.8,21.5,49
2012-01-12,-13.6,-6.1,65,0.40,61,0.42,2.0,26.2,11.3,52
2012-01-13,-1.0,1.8,90,17.40,111,0.33,20.0,30.0,18.0,77
2012-01-14,-1.9,5.4,72,0.90,242,0.82,1.0,36.4,28.7,57
2012-01-15,-15.7,-12.3,64,0.00,310,0.45,0.0,24.2,21.2,51
2012-01-16,-13.9,-8.0,65,0.00,278,0.53,0.0,21.7,17.5,50
2012-01-17,-5.6,-1.7,70,0.00,231,0.69,0.0,25.2,16.9,62
2012-01-18,-1.0,4.5,81,8.00,194,0.61,13.0,33.4,23.5,61
2012-01-19,-13.3,-7.6,62,0.00,286,0.57,0.0,31.8,20.0,50
2012-01-20,-8.8,-3.3,74,4.30,119,0.46,7.0,24.9,15.2,62
2012-01-21,-8.5,-2.5,74,1.60,270,0.48,4.0,27.6,19.1,54
2012-01-22,-14.6,-11.1,68,0.00,296,0.46,0.0,19.6,15.7,51
2012-01-23,-9.7,-1.1,74,0.00,216,0.52,0.0,18.2,15.5,66
2012-01-24,2.4,6.2,93,11.10,180,0.25,18.0,26.1,18.7,85
2012-01-25,0.0,3.4,85,0.30,261,0.58,2.0,22.4,17.5,68
2012-01-26,-7.5,-4.0,66,0.00,298,0.73,0.0,22.6,19.2,54
2012-01-27,-8.1,-3.8,74,10.00,100,0.36,7.0,31.0,14.1,67
2012-01-28,-2.2,-0.6,81,24.80,351,0.67,13.0,34.9,24.7,60
2012-01-29,-4.2,0.9,76,0.50,225,0.86,3.0,33.0,20.1,54
2012-01-30,-5.4,-2.4,71,0.00,254,0.81,0.0,24.4,18.7,55
2012-01-31,-13.0,-9.2,68,0.00,281,0.56,0.0,20.2,16.0,50
2012-02-01,-10.0,-5.3,78,10.90,83,0.29,13.0,24.9,15.4,68
2012-02-02,-8.0,-5.3,78,2.40,27,0.50,11.0,24.8,17.8,62
2012-02-03,-12.6,-8.3,70,0.00,327,0.51,0.0,14.3,10.8,50
2012-02-04,-11.9,-8.0,71,0.00,317,0.56,0.0,15.2,11.6,54
2012-02-05,-13.5,-9.4,70,0.00,301,0.55,0.0,19.2,14.6,52
2012-02-06,-7.3,0.5,75,0.30,236,0.79,3.0,22.8,19.4,66
2012-02-07,-3.8,-0.6,74,0.00,281,0.73,0.0,21.0,15.9,55
2012-02-08,-12.1,-6.9,67,0.00,253,0.67,0.0,23.4,17.5,46
2012-02-09,-6.4,-1.0,73,0.00,217,0.91,0.0,20.7,12.3,59
2012-02-10,-6.2,1.3,78,0.00,226,0.84,0.0,18.1,12.7,57
2012-02-11,-2.9,-0.2,89,8.10,315,0.32,16.0,27.6,15.3,82
2012-02-12,-10.3,-7.2,69,14.60,328,0.67,12.0,36.2,25.8,47
2012-02-13,-18.4,-14.6,58,0.00,259,0.53,0.0,28.9,24.6,40
2012-02-14,-15.7,-8.1,62,0.00,232,0.65,0.0,18.9,14.8,43
2012-02-15,-6.6,-0.7,84,0.00,165,0.78,0.0,12.9,7.6,69
2012-02-16,-5.6,-2.8,92,0.00,29,0.56,0.0,7.9,6.6,81
2012-02-17,-5.7,-3.4,92,2.50,124,0.42,5.0,14.8,7.1,83
2012-02-18,-3.4,0.5,88,0.90,325,0.72,4.0,11.3,7.9,69
2012-02-19,-3.9,-1.9,75,0.00,285,0.94,0.0,21.7,18.6,59
2012-02-20,-9.0,-6.0,71,0.00,299,0.81,0.0,18.6,16.8,55
2012-02-21,-8.7,-2.2,67,0.00,292,1.02,0.0,22.7,15.5,50
2012-02-22,-2.7,1.9,86,0.30,189,0.52,3.0,17.2,13.2,75
2012-02-23,1.1,5.1,87,3.20,183,0.81,6.0,21.2,14.8,70
2012-02-24,0.7,3.5,79,9.40,316,1.32,9.0,29.6,15.5,54
2012-02-25,-1.1,1.1,85,18.20,171,0.66,10.0,43.6,27.9,70
2012-02-26,-2.3,-0.6,68,0.00,294,1.17,0.0,30.5,26.0,56
2012-02-27,-10.2,-6.3,65,0.00,289,0.89,0.0,23.5,15.7,49
2012-02-28,-7.3,-4.9,73,5.30,56,0.67,15.0,24.7,18.1,60
2012-02-29,-9.7,-5.2,68,0.00,288,0.88,0.0,15.7,12.4,42
2012-03-01,-11.2,-9.4,68,0.00,48,0.64,0.0,23.8,17.5,60
2012-03-02,-8.8,-6.2,69,0.00,62,0.83,0.0,19.3,13.1,60
2012-03-03,-6.6,-1.1,85,9.20,145,0.39,4.0,22.4,13.2,77
2012-03-04,1.1,3.1,73,2.10,239,1.45,3.0,26.9,19.0,56
2012-03-05,-3.3,0.1,86,0.30,9,0.51,2.0,23.3,13.5,73
2012-03-06,-7.1,-4.9,76,0.30,25,0.86,2.0,13.9,11.9,61
2012-03-07,-6.8,1.5,74,0.00,216,1.09,0.0,22.0,12.5,49
2012-03-08,5.2,11.3,74,0.00,214,2.13,0.0,32.8,26.4,55
2012-03-09,3.8,8.2,70,8.20,242,1.63,9.0,40.8,28.4,44
2012-03-10,-5.3,-2.2,62,0.00,328,1.42,0.0,18.5,12.5,44
2012-03-11,-4.5,1.9,66,0.00,206,1.11,0.0,18.2,9.7,50
2012-03-12,-0.6,6.7,72,0.00,269,1.75,0.0,13.0,9.9,47
2012-03-13,-3.5,1.0,76,3.60,57,0.71,5.0,25.0,17.1,69
2012-03-14,-3.7,-2.3,86,7.50,71,0.50,22.0,29.2,23.7,81
2012-03-15,-2.3,-1.4,82,5.70,52,0.74,18.0,28.7,24.8,74
2012-03-16,-3.1,2.3,77,0.00,13,1.53,0.0,15.4,8.6,54
2012-03-17,2.4,8.8,73,1.00,290,2.07,3.0,17.1,12.1,44
2012-03-18,5.9,13.2,73,0.00,241,2.27,0.0,27.7,22.7,61
2012-03-19,2.8,8.3,77,0.00,7,1.67,0.0,22.6,17.4,60
2012-03-20,6.0,17.0,71,0.00,234,2.66,0.0,27.2,20.8,57
2012-03-21,8.8,19.7,84,0.00,267,2.37,0.0,20.5,11.0,56
2012-03-22,14.7,22.3,73,0.00,267,3.47,0.0,27.9,21.6,51
2012-03-23,5.3,13.0,48,0.00,319,2.78,0.0,29.6,24.0,41
2012-03-24,-1.3,4.3,45,0.00,323,2.50,0.0,25.5,21.2,32
2012-03-25,-0.2,3.3,52,0.00,287,1.97,0.0,18.6,11.8,43
2012-03-26,1.4,3.3,76,4.00,266,1.26,10.0,23.2,18.8,41
2012-03-27,-4.0,-1.2,53,2.40,338,1.74,7.0,38.6,33.3,38
2012-03-28,-4.2,-0.3,53,0.00,349,1.90,0.0,28.0,17.5,42
2012-03-29,-1.5,2.7,64,0.00,48,1.72,0.0,14.8,11.0,42
2012-03-30,0.0,4.6,58,0.00,308,1.96,0.0,14.8,9.5,35
2012-03-31,-0.1,2.9,58,0.00,325,1.84,0.0,15.6,12.0,45
2012-04-01,0.0,6.0,64,0.00,95,2.09,0.0,16.3,7.7,35
2012-04-02,0.3,4.2,75,0.00,68,1.86,0.0,14.7,9.3,45
2012-04-03,-0.3,3.9,65,0.00,359,1.89,0.0,23.4,14.7,46
2012-04-04,1.3,5.3,68,0.50,324,1.73,3.0,15.8,10.7,52
2012-04-05,2.3,5.5,61,0.00,299,2.08,0.0,26.0,19.0,39
2012-04-06,1.6,5.0,59,0.00,265,1.91,0.0,19.1,12.7,43
2012-04-07,0.6,3.2,67,0.00,20,1.91,0.0,23.5,15.3,51
2012-04-08,0.4,1.7,81,26.00,321,0.77,19.0,36.5,27.3,64
2012-04-09,2.7,5.8,85,1.40,160,1.43,7.0,25.4,22.1,73
2012-04-10,4.1,9.5,88,1.20,202,1.65,5.0,17.4,11.7,65
2012-04-11,2.9,8.0,92,0.40,85,1.81,1.0,13.4,8.2,76
2012-04-12,2.6,5.7,82,0.00,23,1.66,0.0,25.0,19.2,64
2012-04-13,3.3,7.8,76,0.10,5,2.17,1.0,14.5,10.1,46
2012-04-14,4.9,10.7,62,0.20,267,2.81,1.0,18.9,12.1,35
2012-04-15,6.8,13.6,61,0.00,165,3.13,0.0,16.9,10.0,43
2012-04-16,11.0,18.2,75,0.00,196,3.36,0.0,27.6,20.1,55
2012-04-17,14.9,21.7,75,0.00,206,3.73,0.0,27.6,23.6,50
2012-04-18,8.7,15.9,61,0.00,348,3.41,0.0,23.1,16.8,49
2012-04-19,3.6,6.9,72,0.00,88,2.61,0.0,16.8,11.0,57
2012-04-20,6.3,13.5,78,0.00,170,2.70,0.0,17.6,13.1,58
2012-04-21,7.6,13.5,79,0.70,158,1.82,3.0,16.7,12.3,56
2012-04-22,2.8,9.1,93,15.50,11,0.42,22.0,27.1,22.2,85
2012-04-23,2.4,9.2,94,13.60,63,0.39,24.0,29.0,25.8,87
2012-04-24,12.8,14.7,93,14.90,153,1.18,18.0,34.2,30.0,74
2012-04-25,8.7,12.7,77,2.20,163,2.81,6.0,18.6,12.8,55
2012-04-26,8.7,13.9,75,2.50,232,3.05,8.0,18.1,11.2,36
2012-04-27,7.0,9.8,81,6.50,149,1.03,9.0,25.8,17.0,57
2012-04-28,3.4,5.7,61,2.60,272,2.72,7.0,33.1,30.1,31
2012-04-29,2.4,5.6,42,0.00,271,3.07,0.0,22.7,19.5,32
2012-04-30,2.7,7.3,56,0.00,318,2.40,0.0,18.2,14.3,46
2012-05-01,5.1,9.8,73,0.00,158,2.58,0.0,12.2,9.2,54
2012-05-02,6.1,10.4,82,0.00,272,2.51,0.0,13.7,10.5,58
2012-05-03,6.4,12.0,82,0.00,49,2.96,0.0,11.2,6.6,55
2012-05-04,6.3,9.2,83,0.00,65,2.26,0.0,16.2,9.5,71
2012-05-05,6.1,8.0,92,3.70,78,0.96,8.0,15.9,7.9,87
2012-05-06,7.2,10.4,73,0.00,10,2.79,0.0,14.6,13.5,54
2012-05-07,7.2,12.4,69,0.00,43,3.62,0.0,14.7,9.9,44
2012-05-08,9.5,16.7,66,0.00,181,3.73,0.0,23.9,15.3,40
2012-05-09,8.0,10.9,90,10.30,190,0.83,23.0,24.4,16.5,52
2012-05-10,11.0,13.2,98,29.00,169,0.52,24.0,34.0,19.1,95
2012-05-11,11.7,15.4,77,0.30,213,2.82,2.0,28.0,20.7,51
2012-05-12,8.7,11.6,66,0.80,256,2.02,5.0,17.7,12.6,48
2012-05-13,9.5,13.6,76,1.50,246,2.70,4.0,11.8,7.9,59
2012-05-14,10.6,14.7,83,0.80,101,3.07,2.0,12.6,7.6,63
2012-05-15,12.4,16.0,89,2.40,207,1.60,5.0,17.6,14.2,73
2012-05-16,13.4,15.0,91,8.40,179,1.00,17.0,27.0,20.6,72
2012-05-17,13.7,17.3,83,0.70,228,2.59,3.0,26.9,19.0,44
2012-05-18,11.7,17.6,51,0.00,263,4.65,0.0,25.2,18.3,36
2012-05-19,13.8,19.0,67,0.00,242,3.64,0.0,17.2,10.4,45
2012-05-20,12.5,15.4,74,0.00,86,3.85,0.0,16.2,9.4,62
2012-05-21,17.7,26.3,62,0.00,213,5.89,0.0,23.7,20.7,42
2012-05-22,17.1,21.0,71,0.00,216,3.36,0.0,23.8,18.3,56
2012-05-23,13.8,17.8,87,0.60,24,1.78,4.0,20.5,13.9,68
2012-05-24,13.3,20.2,73,0.00,157,4.50,0.0,18.2,8.8,49
2012-05-25,16.8,22.7,69,0.00,209,5.11,0.0,25.8,21.3,55
2012-05-26,17.9,23.8,68,0.00,243,4.78,0.0,28.0,24.0,33
2012-05-27,13.4,16.7,52,0.00,3,5.15,0.0,17.0,11.4,38
2012-05-28,10.7,12.6,74,0.00,50,3.39,0.0,22.1,12.6,55
2012-05-29,8.0,9.1,64,1.70,113,1.74,6.0,19.2,15.5,58
2012-05-30,8.0,9.9,92,20.90,136,0.67,20.0,20.2,15.4,84
2012-05-31,9.8,11.2,89,0.70,25,1.47,2.0,10.0,7.6,81
2012-06-01,11.6,15.8,76,0.30,330,2.72,2.0,18.2,10.6,55
2012-06-02,12.6,17.8,78,0.00,97,3.88,0.0,18.0,9.0,55
2012-06-03,10.6,11.9,81,0.00,72,2.47,0.0,24.9,21.1,75
2012-06-04,9.8,10.4,79,1.70,50,1.67,8.0,29.2,25.0,73
2012-06-05,9.3,9.8,83,5.00,37,1.38,23.0,31.3,27.3,79
2012-06-06,9.0,9.4,86,6.30,22,1.12,23.0,29.4,25.4,78
2012-06-07,11.3,16.0,78,1.40,3,3.51,8.0,21.3,13.8,56
2012-06-08,14.7,21.2,65,0.00,213,4.84,0.0,14.4,11.8,36
2012-06-09,12.4,16.3,90,9.10,195,1.41,19.0,17.6,12.1,64
2012-06-10,12.3,14.2,88,0.50,29,2.16,2.0,23.4,17.8,75
2012-06-11,12.8,18.2,82,0.00,115,4.15,0.0,15.2,7.6,59
2012-06-12,16.8,22.8,73,0.00,188,4.95,0.0,20.1,15.7,55
2012-06-13,16.3,20.0,66,0.00,196,4.32,0.0,19.8,16.7,58
2012-06-14,15.3,18.7,78,3.20,334,3.08,10.0,15.6,13.2,59
2012-06-15,13.6,15.7,78,0.00,21,3.22,0.0,24.9,19.0,68
2012-06-16,12.7,16.0,78,0.00,56,3.16,0.0,19.4,11.2,64
2012-06-17,14.5,19.3,76,0.00,152,4.58,0.0,15.3,10.3,55
2012-06-18,16.2,21.3,69,0.00,187,5.22,0.0,15.4,12.7,48
2012-06-19,17.1,22.4,70,0.00,203,5.19,0.0,17.3,13.5,45
2012-06-20,20.2,27.2,73,0.00,241,4.81,0.0,20.8,17.0,51
2012-06-21,18.3,21.0,69,0.00,355,5.07,0.0,23.1,15.4,59
2012-06-22,16.1,19.9,91,8.60,138,2.18,10.0,17.5,11.6,83
2012-06-23,16.3,17.7,97,23.90,174,0.79,24.0,16.7,13.9,93
2012-06-24,14.4,15.5,95,20.60,73,1.18,14.0,12.7,9.9,88
2012-06-25,16.6,21.3,84,0.10,216,3.92,1.0,14.8,10.6,69
2012-06-26,16.3,18.3,92,22.00,119,1.06,10.0,31.5,21.8,83
2012-06-27,16.7,19.4,90,27.00,145,2.96,11.0,29.0,17.5,74
2012-06-28,15.9,19.1,91,10.00,177,2.30,18.0,18.0,13.7,76
2012-06-29,18.7,25.2,81,0.00,218,4.61,0.0,25.5,16.9,55
2012-06-30,20.9,26.2,81,2.20,220,4.65,3.0,24.1,14.8,58
2012-07-01,20.6,24.0,78,0.00,252,4.44,0.0,18.5,15.8,51
2012-07-02,19.2,22.6,73,0.00,276,4.04,0.0,12.4,8.7,55
2012-07-03,19.2,23.0,74,0.00,285,4.28,0.0,10.9,7.5,56
2012-07-04,19.9,23.2,79,0.00,185,3.88,0.0,11.8,10.3,58
2012-07-05,17.6,20.3,86,5.40,92,1.42,12.0,15.3,12.3,78
2012-07-06,18.4,20.9,90,0.00,62,2.58,0.0,15.2,10.5,81
2012-07-07,19.1,24.3,92,12.00,204,3.26,7.0,9.4,5.1,73
2012-07-08,18.6,21.1,73,0.10,278,4.30,1.0,23.5,16.8,49
2012-07-09,17.5,19.6,62,0.00,269,3.87,0.0,23.4,18.9,54
2012-07-10,18.6,23.1,59,0.00,255,5.50,0.0,22.3,17.2,41
2012-07-11,18.8,23.4,62,0.00,273,5.17,0.0,12.3,9.5,39
2012-07-12,21.4,27.8,59,0.00,218,6.57,0.0,26.0,19.8,38
2012-07-13,19.9,23.3,73,0.00,208,4.52,0.0,23.2,15.7,59
2012-07-14,18.0,19.4,87,0.70,5,2.42,2.0,21.1,14.2,78
2012-07-15,18.1,23.9,78,0.00,118,4.63,0.0,16.1,10.0,56
2012-07-16,21.7,26.2,80,5.30,215,4.24,3.0,20.3,14.3,64
2012-07-17,19.9,22.5,83,0.00,29,3.76,0.0,14.4,9.8,66
2012-07-18,19.8,22.3,85,8.00,232,3.49,13.0,17.4,12.0,67
2012-07-19,18.1,20.6,64,0.20,294,4.44,1.0,22.7,15.1,46
2012-07-20,16.3,18.2,71,0.10,328,3.50,1.0,22.7,14.5,59
2012-07-21,18.3,22.8,72,0.00,173,4.64,0.0,13.8,7.7,48
2012-07-22,20.1,25.4,70,0.00,211,4.50,0.0,15.7,13.7,54
2012-07-23,22.1,26.4,73,0.40,217,4.86,1.0,21.4,16.7,62
2012-07-24,19.1,22.6,85,17.40,199,1.67,11.0,27.1,22.1,72
2012-07-25,18.8,22.0,71,0.40,330,4.20,1.0,20.1,15.0,53
2012-07-26,19.6,24.5,67,0.00,265,4.39,0.0,13.7,9.4,47
2012-07-27,20.2,23.7,77,0.00,210,3.86,0.0,15.8,9.0,62
2012-07-28,19.5,21.8,80,0.00,56,3.94,0.0,12.9,8.9,62
2012-07-29,19.0,21.7,79,0.00,85,3.62,0.0,12.2,9.1,61
2012-07-30,19.8,23.2,77,0.00,179,4.01,0.0,13.2,8.9,60
2012-07-31,21.9,27.2,76,0.00,205,4.57,0.0,18.2,11.9,57
2012-08-01,18.7,23.7,80,20.60,180,1.69,10.0,21.1,15.1,70
2012-08-02,19.6,24.5,83,0.00,228,3.54,0.0,14.5,12.0,65
2012-08-03,22.1,27.3,81,0.20,219,3.79,1.0,18.4,15.8,61
2012-08-04,20.8,23.3,79,0.00,342,4.24,0.0,16.4,12.0,62
2012-08-05,21.9,28.0,78,0.00,168,5.03,0.0,28.2,15.2,55
2012-08-06,23.4,27.4,76,0.20,217,3.82,2.0,28.1,21.7,44
2012-08-07,21.2,24.1,66,0.00,9,4.75,0.0,13.7,9.1,53
2012-08-08,21.3,25.6,76,0.40,204,4.13,2.0,14.8,9.6,57
2012-08-09,21.0,24.5,87,5.00,92,3.56,5.0,11.4,6.4,66
2012-08-10,18.9,19.9,95,10.00,60,1.50,18.0,17.4,10.6,89
2012-08-11,19.8,21.2,91,1.80,90,1.49,11.0,16.3,10.9,82
2012-08-12,20.3,21.5,91,7.50,132,1.27,16.0,16.1,11.2,82
2012-08-13,21.8,25.2,92,8.80,215,2.57,8.0,15.9,11.6,72
2012-08-14,21.9,24.5,87,0.10,231,3.34,1.0,12.8,8.6,73
2012-08-15,21.5,23.9,90,9.20,168,2.95,8.0,9.3,5.5,79
2012-08-16,20.1,21.8,96,4.30,118,1.67,11.0,12.0,5.8,85
2012-08-17,19.7,21.6,92,13.80,7,1.84,21.0,18.4,13.7,81
2012-08-18,19.9,22.9,92,2.90,145,2.13,5.0,6.8,4.6,77
2012-08-19,19.6,20.6,91,2.80,332,1.77,12.0,7.6,5.6,82
2012-08-20,19.7,22.3,84,0.00,68,3.45,0.0,12.1,9.0,66
2012-08-21,20.1,23.8,78,2.80,212,3.67,2.0,13.0,9.0,62
2012-08-22,19.2,22.6,72,0.00,254,3.55,0.0,13.9,10.9,50
2012-08-23,20.5,25.3,72,0.00,223,4.16,0.0,18.2,15.8,49
2012-08-24,18.9,21.0,75,0.00,304,3.27,0.0,18.7,14.0,60
2012-08-25,18.9,23.7,75,0.00,194,4.08,0.0,17.6,8.6,49
2012-08-26,21.5,27.9,66,0.00,218,5.17,0.0,21.6,19.6,55
2012-08-27,23.3,28.0,71,0.00,228,4.97,0.0,22.4,18.8,51
2012-08-28,19.8,23.2,83,15.00,231,2.27,15.0,21.9,17.4,68
2012-08-29,16.2,19.8,58,0.00,288,3.97,0.0,25.6,21.1,40
2012-08-30,18.7,23.7,68,0.10,256,4.11,1.0,23.5,19.9,51
2012-08-31,22.0,27.1,68,1.20,239,4.57,2.0,28.0,22.5,57
2012-09-01,16.8,22.1,62,0.20,336,3.68,1.0,23.2,19.4,50
2012-09-02,15.2,18.0,71,0.00,165,2.67,0.0,13.8,9.9,56
2012-09-03,16.5,20.4,79,0.00,204,2.98,0.0,13.4,9.6,56
2012-09-04,18.6,23.9,74,0.00,227,3.65,0.0,16.0,13.6,52
2012-09-05,16.4,20.1,87,29.30,149,0.87,14.0,29.0,18.6,73
2012-09-06,16.2,16.4,88,3.90,35,1.07,14.0,30.7,27.7,86
2012-09-07,16.7,19.4,86,0.10,338,1.94,1.0,18.5,9.8,71
2012-09-08,18.6,23.5,85,0.00,198,2.74,0.0,22.4,15.6,63
2012-09-09,19.6,20.8,84,3.40,193,1.82,10.0,30.0,20.7,69
2012-09-10,16.4,18.2,77,11.70,344,2.44,12.0,16.1,11.5,60
2012-09-11,15.8,19.9,62,0.00,319,4.08,0.0,27.1,20.1,46
2012-09-12,16.6,21.9,69,0.00,237,3.68,0.0,17.0,12.1,51
2012-09-13,18.6,24.3,71,0.00,221,3.96,0.0,20.9,19.3,54
2012-09-14,19.4,24.5,80,0.00,221,3.47,0.0,19.2,15.2,58
2012-09-15,17.8,21.2,81,0.20,199,2.30,1.0,23.1,18.2,66
2012-09-16,13.4,17.1,72,2.60,261,2.46,3.0,25.0,19.9,51
2012-09-17,14.4,19.5,58,0.00,254,3.91,0.0,21.2,17.6,44
2012-09-18,15.3,19.6,74,0.00,204,3.06,0.0,21.3,16.2,57
2012-09-19,17.1,19.9,80,16.90,187,1.73,11.0,35.7,27.8,70
2012-09-20,12.0,14.0,69,0.00,21,2.62,0.0,18.4,15.3,59
2012-09-21,13.3,15.3,81,1.10,44,1.34,6.0,15.1,11.8,72
2012-09-22,17.0,18.8,98,30.70,143,0.36,19.0,18.4,11.6,90
2012-09-23,18.3,19.2,91,1.90,192,1.48,8.0,19.6,16.7,73
2012-09-24,13.5,16.2,66,0.00,243,2.95,0.0,15.5,9.7,47
2012-09-25,13.3,17.6,67,0.00,220,2.95,0.0,25.5,15.8,45
2012-09-26,14.6,18.6,78,0.40,206,2.08,2.0,29.8,22.3,64
2012-09-27,14.0,16.4,68,2.70,278,2.81,6.0,23.8,18.8,41
2012-09-28,10.9,14.7,64,0.00,277,2.75,0.0,17.6,10.8,48
2012-09-29,11.7,13.0,83,14.70,121,0.80,10.0,29.7,16.0,74
2012-09-30,14.7,16.1,97,23.00,100,0.53,15.0,32.9,18.5,92
2012-10-01,14.9,16.8,92,11.50,177,1.30,11.0,29.6,19.8,75
2012-10-02,13.9,19.6,83,0.00,254,1.98,0.0,22.8,17.9,60
2012-10-03,14.7,17.4,68,0.00,300,2.87,0.0,17.0,14.5,52
2012-10-04,12.0,13.7,77,0.00,26,1.71,0.0,14.8,11.8,70
2012-10-05,12.7,15.0,87,4.20,179,0.88,7.0,10.0,7.8,80
2012-10-06,15.1,19.1,85,0.00,198,1.61,0.0,30.0,20.3,70
2012-10-07,12.6,16.2,76,4.50,241,1.99,6.0,28.4,17.7,51
2012-10-08,10.0,11.7,71,3.40,283,1.53,4.0,16.1,11.8,55
2012-10-09,8.1,11.1,67,0.00,291,2.09,0.0,16.7,10.2,51
2012-10-10,10.5,12.5,75,0.80,135,0.95,5.0,18.2,11.2,65
2012-10-11,10.7,13.5,76,14.00,230,1.94,12.0,36.8,30.2,45
2012-10-12,6.5,9.2,65,4.00,253,1.66,8.0,28.8,21.5,48
2012-10-13,4.5,7.4,53,0.00,291,2.44,0.0,29.0,25.5,35
2012-10-14,3.6,5.5,71,1.50,232,1.08,9.0,19.0,14.4,51
2012-10-15,9.1,13.2,95,9.00,154,0.46,17.0,17.9,9.7,89
2012-10-16,13.3,14.7,96,32.80,211,0.34,15.0,26.4,17.4,91
2012-10-17,7.3,11.0,68,0.10,274,2.14,1.0,28.8,22.0,50
2012-10-18,7.0,11.4,69,0.00,296,1.79,0.0,16.8,10.1,50
2012-10-19,9.6,14.4,79,0.00,186,1.75,0.0,16.1,11.2,61
2012-10-20,12.2,15.1,93,28.70,155,0.39,16.0,31.0,23.2,79
2012-10-21,14.9,16.3,86,0.00,206,1.47,0.0,24.5,16.4,60
2012-10-22,10.5,12.2,66,0.00,257,1.97,0.0,29.2,21.8,55
2012-10-23,7.2,9.6,58,0.00,304,2.27,0.0,26.3,23.5,50
2012-10-24,4.7,6.4,60,0.00,313,1.86,0.0,22.2,19.5,47
2012-10-25,3.8,7.0,64,0.00,327,1.61,0.0,18.7,13.0,54
2012-10-26,6.2,10.7,73,0.00,313,1.30,0.0,10.7,6.3,49
2012-10-27,7.7,10.4,82,0.00,36,1.24,0.0,17.6,10.0,66
2012-10-28,8.6,9.7,92,0.20,39,0.52,2.0,22.1,18.5,87
2012-10-29,10.6,11.4,92,0.70,75,0.55,4.0,26.1,23.7,87
2012-10-30,11.4,12.4,90,7.80,102,0.65,14.0,30.2,27.1,87
2012-10-31,12.0,13.5,94,8.40,120,0.42,20.0,29.3,27.0,93
2012-11-01,12.8,13.8,93,7.90,156,0.82,9.0,23.4,13.9,73
2012-11-02,10.8,12.0,87,4.60,217,0.93,8.0,19.0,12.8,64
2012-11-03,9.2,11.2,79,0.00,322,0.87,0.0,9.2,7.1,65
2012-11-04,7.0,8.8,83,1.80,291,0.54,7.0,20.3,14.6,79
2012-11-05,3.1,4.5,62,0.60,303,1.33,3.0,20.8,13.7,47
2012-11-06,0.6,2.1,48,0.00,280,1.64,0.0,26.1,18.6,36
2012-11-07,0.1,2.9,59,0.00,315,1.36,0.0,25.8,16.0,50
2012-11-08,4.7,6.2,85,12.40,55,0.66,19.0,33.0,30.2,70
2012-11-09,4.4,6.2,85,17.20,349,0.68,11.0,30.3,23.8,65
2012-11-10,2.5,3.7,55,0.00,285,1.88,0.0,30.2,26.9,37
2012-11-11,0.7,2.0,62,0.00,270,1.11,0.0,22.2,16.5,55
2012-11-12,6.4,13.3,81,0.20,202,0.96,1.0,24.0,13.7,65
2012-11-13,12.2,15.7,85,4.60,213,1.06,5.0,31.7,27.3,75
2012-11-14,3.8,6.2,76,2.30,352,0.99,4.0,17.7,15.8,61
2012-11-15,3.5,4.9,75,0.00,38,0.98,0.0,24.5,20.1,67
2012-11-16,3.1,4.4,76,0.00,353,0.75,0.0,17.8,11.6,58
2012-11-17,0.9,2.6,65,0.00,318,1.06,0.0,20.9,15.2,47
2012-11-18,0.1,2.4,65,0.00,323,0.93,0.0,14.7,9.7,58
2012-11-19,0.8,4.7,73,0.00,231,0.85,0.0,17.7,13.0,57
2012-11-20,2.2,5.7,75,0.00,284,0.93,0.0,17.6,11.9,66
2012-11-21,4.1,5.2,79,0.00,84,0.76,0.0,14.9,10.0,67
2012-11-22,3.1,7.0,82,0.00,217,0.80,0.0,20.7,15.4,68
2012-11-23,4.6,9.1,88,0.00,218,0.64,0.0,23.7,20.9,74
2012-11-24,5.4,6.3,95,2.90,170,0.26,5.0,18.9,10.4,91
2012-11-25,2.0,5.5,74,2.70,251,1.11,4.0,35.7,25.0,42
2012-11-26,-1.1,0.1,51,0.00,261,1.64,0.0,34.3,28.2,45
2012-11-27,-2.8,-1.3,54,0.00,276,1.14,0.0,21.8,15.6,44
2012-11-28,-2.5,-0.4,61,0.00,348,0.77,0.0,12.6,9.6,47
2012-11-29,-2.3,-0.3,63,0.10,289,0.88,1.0,23.2,14.9,40
2012-11-30,-6.7,-3.9,44,0.00,293,1.29,0.0,30.9,27.1,36
2012-12-01,-5.9,-3.4,50,0.00,302,0.96,0.0,25.6,16.3,36
2012-12-02,-2.0,4.1,62,0.20,182,0.89,2.0,29.6,19.4,41
2012-12-03,5.5,7.4,94,9.00,223,0.35,12.0,29.3,21.4,87
2012-12-04,0.8,4.0,85,0.00,243,0.54,0.0,19.6,11.8,75
2012-12-05,5.3,8.1,94,4.60,212,0.21,6.0,29.2,22.0,91
2012-12-06,-1.1,2.4,61,0.00,313,1.20,0.0,30.8,25.0,48
2012-12-07,-2.6,0.3,59,0.00,265,0.87,0.0,20.6,12.0,44
2012-12-08,0.2,2.5,87,1.60,196,0.40,6.0,15.3,9.8,62
2012-12-09,1.9,2.9,82,1.00,269,0.76,5.0,27.3,18.9,49
2012-12-10,-2.7,0.3,63,15.10,79,0.65,9.0,27.9,16.4,45
2012-12-11,0.6,2.9,88,9.90,274,0.45,9.0,20.9,13.9,66
2012-12-12,-7.5,-4.6,72,0.00,276,0.56,0.0,18.9,16.4,58
2012-12-13,-6.6,-3.3,74,0.00,274,0.52,0.0,18.2,12.8,64
2012-12-14,-2.3,2.1,76,0.00,227,0.66,0.0,20.4,17.2,66
2012-12-15,-6.1,0.5,71,0.30,310,0.63,2.0,31.9,25.9,57
2012-12-16,-11.2,-6.4,69,0.00,307,0.51,0.0,25.2,18.0,56
2012-12-17,-3.2,1.3,83,0.00,34,0.33,0.0,20.5,10.4,70
2012-12-18,1.7,2.3,86,0.00,97,0.45,0.0,29.2,22.0,78
2012-12-19,1.3,2.1,86,8.30,72,0.50,21.0,34.8,30.1,80
2012-12-20,-0.6,0.2,84,0.10,17,0.41,1.0,26.5,16.7,80
2012-12-21,-3.3,1.1,86,0.00,123,0.34,0.0,22.5,11.6,76
2012-12-22,3.8,5.9,91,12.10,130,0.51,12.0,44.0,24.6,82
2012-12-23,-1.0,1.7,86,2.30,240,0.42,9.0,29.9,18.6,63
2012-12-24,-9.4,-7.0,64,0.00,255,0.73,0.0,32.6,30.5,54
2012-12-25,-9.0,-5.2,64,0.00,269,0.68,0.0,31.8,21.7,57
2012-12-26,-7.3,-2.8,78,0.00,305,0.43,0.0,15.6,12.7,67
2012-12-27,-4.8,-0.8,81,3.60,59,0.34,6.0,31.5,14.6,72
2012-12-28,-0.2,0.5,90,26.20,24,0.32,23.0,38.0,33.4,80
2012-12-29,-4.9,-2.5,77,0.00,292,0.54,0.0,25.9,17.5,67
2012-12-30,-2.3,0.3,86,24.40,22,0.32,17.0,40.8,28.2,80
2012-12-31,-5.9,-1.0,70,1.10,295,0.79,4.0,38.7,33.8,62
2013-01-01,-9.8,-6.2,73,0.00,273,0.50,0.0,28.5,21.3,59
2013-01-02,-14.1,-11.7,65,0.00,280,0.51,0.0,30.4,29.0,57
2013-01-03,-12.4,-10.8,67,0.00,296,0.52,0.0,30.0,22.2,57
2013-01-04,-13.6,-8.9,76,0.00,250,0.33,0.0,20.1,17.9,66
2013-01-05,-9.1,-7.7,74,1.50,288,0.43,4.0,30.2,19.9,51
2013-01-06,-13.9,-9.6,73,0.00,254,0.33,0.0,19.4,15.1,65
2013-01-07,-14.1,-10.1,69,0.10,322,0.40,1.0,21.4,19.1,52
2013-01-08,-10.6,-1.0,72,0.00,236,0.56,0.0,26.3,20.1,65
2013-01-09,-3.6,-1.8,82,0.00,240,0.53,0.0,21.8,13.9,67
2013-01-10,0.0,2.1,83,2.80,297,0.66,7.0,31.6,23.0,68
2013-01-11,-5.0,-0.6,71,0.00,336,0.71,0.0,29.1,19.8,61
2013-01-12,-6.0,-3.0,79,0.00,56,0.35,0.0,11.2,6.0,70
2013-01-13,-0.2,4.2,87,0.00,221,0.44,0.0,15.0,11.4,78
2013-01-14,4.0,7.8,94,0.90,225,0.37,5.0,27.9,20.4,73
2013-01-15,-4.1,2.4,67,0.00,293,0.79,0.0,21.3,15.7,53
2013-01-16,-7.2,-3.9,71,1.00,222,0.49,4.0,16.7,13.6,64
2013-01-17,-3.3,1.7,79,1.50,224,0.64,8.0,29.5,20.2,51
2013-01-18,-16.7,-12.5,57,0.00,310,0.47,0.0,23.5,18.4,43
2013-01-19,-13.1,-7.3,67,1.80,230,0.43,5.0,23.7,18.3,56
2013-01-20,-3.5,5.4,81,3.70,142,0.48,10.0,34.0,22.2,74
2013-01-21,-10.3,2.0,57,0.00,258,0.82,0.0,36.7,30.4,47
2013-01-22,-16.8,-14.5,62,0.00,299,0.41,0.0,19.5,14.7,50
2013-01-23,-20.0,-17.3,59,0.00,266,0.37,0.0,28.7,22.8,48
2013-01-24,-19.6,-17.5,56,0.00,272,0.44,0.0,28.6,24.6,46
2013-01-25,-17.0,-12.3,60,0.00,280,0.50,0.0,24.8,22.4,50
2013-01-26,-15.2,-11.9,65,0.00,285,0.47,0.0,21.2,16.3,52
2013-01-27,-13.7,-9.7,65,0.00,307,0.58,0.0,23.4,20.7,54
2013-01-28,-11.8,-6.4,59,0.00,290,0.74,0.0,20.0,18.5,43
2013-01-29,-9.3,-4.6,70,0.00,275,0.61,0.0,15.5,11.1,61
2013-01-30,-3.5,6.2,84,5.40,187,0.39,7.0,36.6,22.5,77
2013-01-31,8.5,10.6,92,11.40,206,0.55,23.0,47.8,36.1,77
2013-02-01,-6.2,2.3,50,0.00,253,1.27,0.0,34.7,29.9,44
2013-02-02,-13.8,-11.1,57,0.00,276,0.65,0.0,21.0,18.2,43
2013-02-03,-10.9,-5.9,68,3.60,68,0.43,12.0,26.6,15.4,51
2013-02-04,-5.9,-4.4,77,3.20,332,0.59,16.0,34.5,28.5,59
2013-02-05,-13.1,-8.1,54,0.00,259,0.78,0.0,33.6,29.3,43
2013-02-06,-13.8,-8.0,59,0.00,201,0.62,0.0,16.5,10.6,50
2013-02-07,-15.7,-8.7,58,0.00,282,0.52,0.0,29.7,24.9,43
2013-02-08,-18.4,-13.1,61,0.00,302,0.48,0.0,22.9,10.9,42
2013-02-09,-11.2,-8.6,75,17.60,45,0.43,17.0,47.7,35.7,70
2013-02-10,-7.5,-3.4,67,4.30,356,0.96,13.0,45.0,33.7,51
2013-02-11,-8.2,-3.2,64,0.40,255,0.89,1.0,20.6,13.2,48
2013-02-12,-1.9,-0.2,90,7.40,105,0.42,23.0,20.0,13.8,81
2013-02-13,-1.6,0.9,83,0.20,290,0.74,1.0,17.1,11.6,67
2013-02-14,-3.7,-1.1,79,0.00,310,0.75,0.0,9.7,7.8,64
2013-02-15,-5.3,0.8,77,0.00,215,0.87,0.0,13.9,9.6,58
2013-02-16,0.5,3.0,90,0.00,180,0.58,0.0,18.4,13.8,82
2013-02-17,-0.7,1.4,93,27.40,43,0.23,19.0,48.7,25.2,89
2013-02-18,-1.9,-0.3,74,15.00,306,1.05,13.0,49.4,37.6,60
2013-02-19,-3.9,0.9,67,0.00,289,1.26,0.0,32.6,22.4,57
2013-02-20,-3.1,-1.3,85,10.70,108,0.39,9.0,31.5,19.5,77
2013-02-21,-1.2,-0.4,95,5.60,27,0.32,15.0,36.4,17.4,89
2013-02-22,-4.0,-1.6,74,1.90,13,0.81,5.0,38.5,27.7,60
2013-02-23,-7.6,-4.7,73,0.00,16,0.88,0.0,16.2,10.7,57
2013-02-24,-7.8,-4.5,77,0.00,108,0.65,0.0,15.3,9.1,67
2013-02-25,-5.9,-2.8,79,0.00,29,0.86,0.0,17.2,14.1,70
2013-02-26,-7.1,-3.0,86,0.00,145,0.90,0.0,8.2,4.9,70
2013-02-27,-7.2,-3.5,89,0.00,125,0.84,0.0,10.3,5.6,73
2013-02-28,-5.7,-1.9,89,0.50,76,0.41,1.0,21.4,14.9,81
2013-03-01,-2.3,-1.4,88,2.40,31,0.41,11.0,28.7,23.0,84
2013-03-02,0.2,1.7,91,10.80,5,0.36,24.0,28.2,24.9,87
2013-03-03,0.4,1.1,95,5.30,1,0.47,16.0,22.7,13.8,91
2013-03-04,-0.1,0.2,96,8.60,50,0.37,24.0,25.1,17.0,92
2013-03-05,0.2,0.7,95,8.50,52,0.31,23.0,28.9,22.7,89
2013-03-06,-0.9,-0.1,85,0.20,55,0.83,1.0,26.5,22.1,77
2013-03-07,-2.1,-0.6,85,0.00,62,0.80,0.0,25.3,22.2,77
2013-03-08,-1.9,-0.2,86,0.00,50,0.84,0.0,27.2,25.5,79
2013-03-09,-2.1,-0.4,85,0.00,44,0.73,0.0,23.7,20.4,82
2013-03-10,-2.0,0.4,85,0.00,70,1.06,0.0,15.3,10.3,72
2013-03-11,0.9,6.0,81,0.00,199,1.34,0.0,19.8,16.6,66
2013-03-12,2.8,6.1,85,0.00,199,0.95,0.0,22.9,20.3,75
2013-03-13,5.2,7.5,90,11.20,160,0.67,18.0,32.5,26.8,84
2013-03-14,3.2,6.2,78,5.10,238,1.63,10.0,23.1,18.0,46
2013-03-15,-2.7,-0.1,72,0.00,330,1.33,0.0,15.8,11.9,52
2013-03-16,-4.9,-1.7,63,0.30,301,1.32,3.0,22.5,15.6,42
2013-03-17,-7.2,-3.4,60,0.10,285,1.21,1.0,29.9,16.8,45
2013-03-18,-11.0,-6.5,53,0.00,296,1.22,0.0,31.2,27.9,42
2013-03-19,-9.3,-6.6,66,0.00,13,0.95,0.0,18.8,14.7,58
2013-03-20,-3.7,-0.1,83,16.60,80,0.69,18.0,31.6,24.3,73
2013-03-21,-2.2,2.5,68,0.00,211,1.68,0.0,30.8,20.3,42
2013-03-22,-1.0,1.5,79,4.50,330,0.94,13.0,27.3,18.5,58
2013-03-23,-0.9,1.9,73,0.30,226,1.38,1.0,24.7,18.7,60
2013-03-24,-1.1,1.7,81,0.00,357,1.43,0.0,17.7,9.7,66
2013-03-25,-0.5,1.2,81,0.30,354,0.96,1.0,24.4,17.6,71
2013-03-26,-0.5,2.5,89,4.10,4,0.57,10.0,26.1,19.7,83
2013-03-27,1.1,2.0,90,9.50,19,0.62,17.0,27.9,22.9,79
2013-03-28,1.2,3.5,81,0.00,13,1.58,0.0,16.9,13.3,66
2013-03-29,-0.7,2.4,78,0.00,4,1.78,0.0,15.2,10.6,58
2013-03-30,-1.4,2.1,79,0.00,346,1.76,0.0,11.5,10.0,65
2013-03-31,-1.6,4.1,76,0.00,155,2.11,0.0,17.6,7.7,51
2013-04-01,0.8,3.0,81,5.30,150,0.75,9.0,26.6,18.4,71
2013-04-02,0.3,2.2,72,1.20,245,1.71,5.0,28.5,20.8,43
2013-04-03,-4.1,0.3,54,0.00,257,1.77,0.0,29.9,23.0,44
2013-04-04,-1.1,3.7,56,0.00,269,2.28,0.0,28.0,22.8,37
2013-04-05,2.5,7.7,65,0.00,208,2.24,0.0,23.0,18.1,53
2013-04-06,-0.6,2.5,71,0.50,307,1.58,3.0,33.0,23.3,47
2013-04-07,-2.6,2.5,56,0.00,249,2.21,0.0,21.3,14.5,42
2013-04-08,2.5,6.4,79,3.00,211,1.48,8.0,21.0,14.5,62
2013-04-09,-0.4,2.2,89,1.80,135,1.00,3.0,10.5,6.6,78
2013-04-10,2.2,6.7,84,0.40,237,1.54,2.0,13.9,8.7,61
2013-04-11,0.8,3.6,63,0.00,304,2.18,0.0,23.6,18.4,41
2013-04-12,-0.5,2.3,73,0.10,336,1.84,1.0,20.5,15.3,63
2013-04-13,0.1,0.6,95,9.50,74,0.40,24.0,20.8,16.0,94
2013-04-14,0.1,1.0,90,6.20,63,0.95,18.0,16.6,12.8,83
2013-04-15,1.3,6.3,78,0.00,19,2.54,0.0,14.3,8.6,48
2013-04-16,3.6,9.0,74,0.60,204,2.18,2.0,32.6,21.1,56
2013-04-17,5.7,8.2,71,4.00,260,2.67,7.0,36.4,28.1,47
2013-04-18,1.5,4.0,68,0.00,353,2.35,0.0,19.1,12.8,55
2013-04-19,8.1,15.3,71,0.20,207,2.84,1.0,33.5,27.0,65
2013-04-20,11.2,13.0,91,8.70,218,0.83,10.0,34.5,27.8,59
2013-04-21,4.1,7.3,52,0.00,289,2.92,0.0,20.3,14.4,38
2013-04-22,2.0,5.3,58,0.00,68,2.78,0.0,17.4,11.0,47
2013-04-23,3.2,7.5,66,0.00,149,2.70,0.0,18.1,14.5,47
2013-04-24,5.6,9.9,95,15.90,133,0.56,18.0,24.5,17.9,70
2013-04-25,9.5,12.7,89,0.70,199,1.26,4.0,30.4,22.4,68
2013-04-26,4.9,9.4,64,0.00,13,2.73,0.0,20.5,17.7,54
2013-04-27,3.9,8.8,71,0.00,15,2.80,0.0,15.7,13.5,53
2013-04-28,5.2,11.3,73,0.00,88,3.35,0.0,11.7,7.0,48
2013-04-29,5.9,11.2,71,0.00,67,3.27,0.0,11.8,7.3,47
2013-04-30,5.3,8.8,92,0.00,45,1.70,0.0,11.9,7.8,78
2013-05-01,6.4,12.3,91,0.00,65,2.44,0.0,12.4,6.8,70
2013-05-02,4.5,7.1,85,0.00,37,2.03,0.0,23.0,18.4,71
2013-05-03,5.0,8.7,83,0.00,36,2.52,0.0,18.6,15.7,67
2013-05-04,5.0,10.5,81,0.00,79,3.12,0.0,13.7,8.4,55
2013-05-05,10.2,20.5,69,0.00,200,4.37,0.0,22.0,15.2,37
2013-05-06,13.7,21.5,55,0.00,217,5.28,0.0,22.9,19.7,32
2013-05-07,14.7,23.3,59,0.00,224,5.35,0.0,26.6,24.4,37
2013-05-08,12.3,17.7,73,0.00,59,3.75,0.0,26.6,13.2,54
2013-05-09,14.3,17.4,84,2.70,196,2.20,5.0,21.7,18.3,68
2013-05-10,14.3,17.4,88,1.50,203,2.28,4.0,17.6,11.9,71
2013-05-11,8.3,12.3,94,3.90,75,0.73,13.0,23.1,17.1,92
2013-05-12,12.8,14.4,97,11.40,189,0.76,21.0,23.7,18.5,93
2013-05-13,12.1,15.4,68,0.30,224,3.75,2.0,29.0,20.5,29
2013-05-14,8.4,10.7,66,0.00,42,2.84,0.0,18.7,12.3,53
2013-05-15,9.1,15.6,67,2.50,267,3.38,7.0,20.6,16.5,34
2013-05-16,9.2,12.6,77,6.10,182,1.77,12.0,24.0,16.8,52
2013-05-17,7.1,10.0,86,3.60,355,1.27,5.0,27.9,19.3,71
2013-05-18,4.4,5.8,76,1.60,20,1.87,8.0,26.8,23.0,66
2013-05-19,5.6,10.9,67,0.00,55,3.75,0.0,15.0,7.7,47
2013-05-20,7.7,11.0,77,2.10,171,1.72,8.0,16.1,13.5,66
2013-05-21,10.4,14.7,84,1.30,193,1.96,5.0,13.9,9.1,56
2013-05-22,9.1,11.0,91,0.40,110,1.10,3.0,12.9,8.9,83
2013-05-23,11.9,19.0,83,0.10,177,2.06,1.0,21.5,17.9,73
2013-05-24,14.9,16.1,96,16.10,206,0.62,14.0,33.0,24.8,87
2013-05-25,7.6,10.2,91,31.40,27,0.68,24.0,31.0,26.8,81
2013-05-26,9.4,14.4,89,14.50,108,2.33,12.0,25.8,14.0,72
2013-05-27,8.7,10.9,81,1.00,254,1.78,3.0,18.8,15.3,60
2013-05-28,9.0,12.1,64,0.00,340,3.96,0.0,16.4,13.7,51
2013-05-29,11.6,18.5,69,0.00,153,4.55,0.0,19.2,13.7,47
2013-05-30,13.5,17.5,89,8.20,181,1.56,7.0,19.4,12.7,63
2013-05-31,17.0,25.7,91,4.80,244,2.66,7.0,21.3,12.3,65
2013-06-01,12.9,20.2,85,4.60,50,1.84,4.0,21.1,15.7,69
2013-06-02,10.0,13.3,91,1.20,59,2.04,6.0,16.5,9.8,87
2013-06-03,17.0,23.1,85,0.00,209,3.39,0.0,22.7,17.5,64
2013-06-04,15.8,19.0,71,0.40,253,4.23,1.0,27.1,19.2,44
2013-06-05,12.6,16.0,55,0.00,289,4.57,0.0,22.1,16.0,37
2013-06-06,12.8,17.8,53,0.00,275,4.97,0.0,18.9,12.5,38
2013-06-07,13.7,17.2,69,0.30,155,2.73,2.0,13.2,9.5,58
2013-06-08,11.1,13.8,89,28.40,91,0.66,17.0,33.8,21.2,76
2013-06-09,10.2,11.7,87,3.20,27,1.34,11.0,26.8,14.2,80
2013-06-10,14.8,21.9,74,0.00,244,4.58,0.0,12.7,9.6,47
2013-06-11,16.4,21.2,76,0.00,227,3.37,0.0,17.1,13.0,58
2013-06-12,12.7,15.2,88,5.70,64,1.60,11.0,24.3,16.4,80
2013-06-13,11.9,15.5,78,2.30,40,3.47,7.0,25.9,18.6,58
2013-06-14,12.1,15.2,77,0.00,119,3.10,0.0,11.5,6.5,57
2013-06-15,14.7,19.9,71,0.00,248,4.71,0.0,16.9,11.8,38
2013-06-16,14.9,19.2,52,0.10,266,5.16,1.0,21.1,14.7,33
2013-06-17,13.7,15.9,85,3.80,58,2.27,12.0,14.1,7.2,69
2013-06-18,14.5,18.4,82,3.20,260,2.99,8.0,17.3,11.8,54
2013-06-19,14.6,17.8,70,0.00,312,4.20,0.0,11.2,7.8,54
2013-06-20,16.3,21.2,61,0.00,255,4.77,0.0,13.4,10.9,39
2013-06-21,17.1,20.7,70,2.90,230,4.40,6.0,19.9,13.8,55
2013-06-22,17.8,23.8,69,0.00,249,5.01,0.0,21.3,11.2,40
2013-06-23,19.8,24.3,76,0.40,230,4.60,2.0,18.9,13.5,55
2013-06-24,21.0,25.8,81,3.00,228,4.55,5.0,17.0,12.7,59
2013-06-25,19.5,23.1,84,4.20,312,2.98,6.0,15.5,12.8,76
2013-06-26,13.8,16.1,84,4.70,36,2.07,5.0,24.2,19.3,72
2013-06-27,12.2,13.6,84,7.90,47,1.40,11.0,18.1,12.7,79
2013-06-28,12.5,14.0,88,3.20,76,1.21,8.0,24.3,18.7,82
2013-06-29,17.2,20.9,96,18.70,165,1.41,18.0,24.9,17.1,90
2013-06-30,19.6,23.8,89,2.00,210,2.95,8.0,23.0,20.2,71
2013-07-01,21.1,25.5,81,0.10,228,4.08,1.0,19.5,12.8,56
2013-07-02,17.0,19.8,67,0.00,54,3.07,0.0,15.3,9.7,57
2013-07-03,18.7,24.2,75,0.00,202,4.26,0.0,14.7,7.8,59
2013-07-04,23.6,29.5,73,0.00,250,5.96,0.0,19.3,15.6,44
2013-07-05,25.0,30.0,70,0.30,256,6.03,1.0,19.8,16.5,47
2013-07-06,24.8,29.6,67,0.00,253,5.63,0.0,17.1,13.3,45
2013-07-07,24.1,26.6,68,0.20,263,5.02,1.0,17.6,11.9,57
2013-07-08,19.8,23.2,61,0.00,34,4.59,0.0,14.8,10.2,55
2013-07-09,18.3,20.7,70,0.00,118,4.35,0.0,17.8,12.1,55
2013-07-10,19.6,23.4,71,0.00,169,4.67,0.0,21.0,15.2,54
2013-07-11,22.0,26.5,82,3.10,203,3.25,4.0,21.7,18.7,62
2013-07-12,20.0,23.0,63,0.00,358,5.62,0.0,18.7,13.3,48
2013-07-13,21.3,27.1,66,0.00,191,5.72,0.0,12.6,8.5,39
2013-07-14,24.1,30.1,63,0.00,232,6.06,0.0,17.1,10.4,39
2013-07-15,26.7,33.2,63,0.00,258,6.47,0.0,13.9,11.3,32
2013-07-16,22.1,26.9,64,0.00,51,5.45,0.0,20.6,14.4,49
2013-07-17,20.5,27.0,66,0.30,194,4.76,1.0,23.7,16.7,53
2013-07-18,22.5,25.8,67,1.10,268,5.64,3.0,25.8,16.8,38
2013-07-19,18.6,21.7,87,19.00,158,1.37,10.0,27.4,18.2,72
2013-07-20,24.3,28.5,78,0.20,236,4.56,1.0,25.6,22.0,55
2013-07-21,19.3,23.5,61,0.00,283,5.40,0.0,24.2,17.0,40
2013-07-22,18.9,23.5,60,0.00,244,5.25,0.0,10.4,7.9,43
2013-07-23,18.5,21.1,76,20.30,169,1.95,8.0,23.7,15.2,64
2013-07-24,19.6,24.8,87,8.40,223,3.04,4.0,19.9,12.5,67
2013-07-25,17.9,21.8,73,0.00,335,4.00,0.0,19.7,12.5,62
2013-07-26,16.7,17.6,94,49.60,64,0.58,20.0,24.9,18.0,80
2013-07-27,19.1,20.6,97,9.10,176,1.02,20.0,19.6,15.8,87
2013-07-28,17.0,17.6,84,0.20,355,1.94,2.0,14.3,11.4,79
2013-07-29,17.2,19.3,90,5.10,100,0.95,13.0,13.8,9.0,83
2013-07-30,19.1,21.8,94,4.40,193,2.19,7.0,8.9,5.9,83
2013-07-31,19.1,22.8,79,0.00,255,3.82,0.0,15.5,12.7,55
2013-08-01,20.4,25.0,74,0.00,222,4.67,0.0,15.0,10.6,55
2013-08-02,18.8,21.5,83,1.30,193,2.17,6.0,15.0,12.1,75
2013-08-03,19.1,23.0,85,4.90,220,3.18,9.0,17.1,12.5,64
2013-08-04,18.0,22.1,86,3.50,242,3.85,4.0,16.1,10.6,68
2013-08-05,17.1,18.8,93,9.30,251,2.64,10.0,9.7,5.8,86
2013-08-06,17.7,22.1,79,0.00,273,3.88,0.0,19.8,14.7,53
2013-08-07,19.2,23.5,72,0.00,240,4.65,0.0,12.1,8.3,51
2013-08-08,18.7,22.4,74,2.80,199,3.83,4.0,15.5,13.2,51
2013-08-09,18.4,21.2,92,8.20,194,1.21,9.0,22.2,15.1,86
2013-08-10,20.4,24.6,81,17.70,221,4.14,10.0,29.2,22.9,49
2013-08-11,18.4,21.7,57,0.00,262,5.25,0.0,25.7,22.1,44
2013-08-12,19.1,23.5,71,0.10,243,4.34,1.0,16.6,13.3,57
2013-08-13,18.7,22.0,81,0.60,211,3.47,3.0,14.5,9.7,66
2013-08-14,19.1,22.1,88,6.00,170,2.63,6.0,15.4,10.0,70
2013-08-15,17.3,21.0,72,0.00,258,4.03,0.0,27.1,22.0,46
2013-08-16,18.4,22.5,75,0.30,230,3.91,1.0,15.8,11.9,59
2013-08-17,18.1,21.0,80,0.40,242,3.43,3.0,11.9,8.8,55
2013-08-18,19.2,24.6,73,0.00,235,4.53,0.0,18.9,13.2,50
2013-08-19,20.7,24.5,71,0.10,248,4.35,1.0,22.7,18.1,60
2013-08-20,18.5,21.2,84,0.00,26,2.43,0.0,17.7,11.9,77
2013-08-21,20.8,26.8,81,0.00,203,3.97,0.0,20.8,15.4,63
2013-08-22,23.2,27.9,75,0.30,229,4.63,2.0,24.0,20.8,55
2013-08-23,18.7,22.6,84,18.20,330,2.41,20.0,19.7,12.6,58
2013-08-24,16.5,20.6,60,0.00,330,4.52,0.0,17.0,12.7,42
2013-08-25,18.2,22.9,73,0.00,233,4.16,0.0,12.0,8.0,49
2013-08-26,17.5,19.3,82,0.60,206,1.57,4.0,19.0,14.9,77
2013-08-27,18.9,21.9,87,2.80,232,2.80,8.0,16.3,10.2,71
2013-08-28,18.8,22.3,87,0.10,52,3.16,1.0,22.0,7.3,64
2013-08-29,14.7,16.2,81,2.50,46,1.75,15.0,30.8,26.6,73
2013-08-30,15.6,19.2,75,1.20,15,3.12,8.0,23.4,17.9,53
2013-08-31,18.3,22.0,79,0.10,240,3.18,1.0,15.5,9.7,63
2013-09-01,17.8,19.0,91,3.80,69,1.04,11.0,24.2,12.4,84
2013-09-02,15.4,16.0,82,1.10,62,1.67,5.0,25.1,21.8,75
2013-09-03,18.2,22.2,96,29.70,143,1.10,16.0,28.8,20.8,87
2013-09-04,20.0,22.6,84,0.50,226,2.73,2.0,23.4,16.9,59
2013-09-05,13.7,18.9,61,0.00,290,2.40,0.0,19.4,12.4,48
2013-09-06,12.4,17.4,59,0.00,260,3.78,0.0,22.1,17.8,46
2013-09-07,15.8,21.5,67,0.90,229,3.49,3.0,23.0,21.3,60
2013-09-08,15.1,18.7,84,15.60,267,1.35,19.0,24.8,18.4,56
2013-09-09,12.5,17.5,59,0.00,269,4.02,0.0,27.2,23.4,46
2013-09-10,14.8,17.1,72,0.00,225,2.22,0.0,23.7,18.8,60
2013-09-11,16.7,20.5,93,8.60,206,0.88,12.0,18.6,13.9,83
2013-09-12,19.0,19.9,98,12.30,219,0.87,12.0,24.8,13.3,96
2013-09-13,18.7,20.5,96,6.90,204,1.26,18.0,25.4,17.0,88
2013-09-14,15.3,17.7,93,1.60,17,1.35,5.0,25.0,11.1,88
2013-09-15,14.8,18.8,72,0.00,256,2.89,0.0,19.5,15.7,52
2013-09-16,13.1,15.5,73,3.60,263,1.47,8.0,20.0,15.3,53
2013-09-17,10.4,16.2,58,0.00,308,3.43,0.0,25.8,17.0,43
2013-09-18,13.7,19.5,65,0.00,246,3.57,0.0,20.3,18.5,49
2013-09-19,15.5,21.5,71,0.00,256,3.32,0.0,16.0,12.5,51
2013-09-20,13.0,16.9,81,0.00,51,1.22,0.0,20.1,16.5,73
2013-09-21,14.8,20.7,74,0.00,178,3.15,0.0,26.3,19.4,56
2013-09-22,17.1,22.1,79,8.00,190,2.59,5.0,35.3,25.3,59
2013-09-23,13.1,17.5,92,15.10,270,0.80,14.0,25.6,16.0,81
2013-09-24,9.9,11.4,83,1.30,264,0.85,7.0,23.8,13.1,79
2013-09-25,10.7,11.7,91,7.60,12,0.70,21.0,27.8,16.8,83
2013-09-26,11.7,12.7,82,5.50,10,1.26,23.0,35.1,30.7,78
2013-09-27,13.0,15.2,76,0.00,14,2.52,0.0,25.5,15.4,60
2013-09-28,13.6,20.9,77,0.00,240,2.78,0.0,16.8,9.7,49
2013-09-29,16.1,22.4,74,0.00,236,3.08,0.0,18.7,15.2,56
2013-09-30,15.1,19.6,80,0.00,215,2.53,0.0,16.9,11.8,58
2013-10-01,14.3,17.5,82,0.00,71,1.92,0.0,12.2,7.0,68
2013-10-02,14.6,21.5,84,0.00,254,2.49,0.0,20.7,11.5,60
2013-10-03,14.8,16.6,63,0.00,278,3.27,0.0,27.2,21.9,49
2013-10-04,12.2,14.6,58,0.00,295,3.11,0.0,22.9,19.3,43
2013-10-05,10.3,13.9,65,0.00,301,2.19,0.0,17.4,13.3,50
2013-10-06,9.2,12.3,62,0.00,330,2.63,0.0,22.0,15.4,49
2013-10-07,10.6,14.4,80,1.90,165,1.11,5.0,25.7,18.4,75
2013-10-08,14.7,17.8,73,11.60,223,2.48,6.0,33.5,26.5,46
2013-10-09,10.6,15.2,62,0.00,268,2.55,0.0,14.4,12.5,48
2013-10-10,13.0,19.2,67,0.00,236,2.87,0.0,20.7,18.5,52
2013-10-11,11.8,14.2,84,0.00,12,1.37,0.0,18.9,14.2,73
2013-10-12,8.2,9.3,69,0.00,42,1.74,0.0,16.9,13.4,61
2013-10-13,7.1,10.6,79,0.00,256,1.63,0.0,8.1,4.0,61
2013-10-14,9.3,15.6,85,1.50,226,1.57,2.0,15.9,13.4,71
2013-10-15,10.9,12.8,79,1.10,307,1.74,4.0,15.8,13.0,51
2013-10-16,9.9,13.0,79,0.00,149,1.18,0.0,16.4,13.4,71
2013-10-17,12.6,15.6,92,6.70,195,0.89,11.0,17.9,9.9,80
2013-10-18,11.0,12.9,93,7.20,241,0.71,10.0,16.6,10.8,85
2013-10-19,10.8,13.8,77,0.00,262,1.80,0.0,25.9,19.5,50
2013-10-20,10.0,12.2,83,2.90,188,0.96,5.0,18.5,10.8,70
2013-10-21,8.2,11.2,72,0.00,273,1.56,0.0,23.1,18.2,57
2013-10-22,9.0,13.0,80,1.90,178,1.06,5.0,22.6,14.0,69
2013-10-23,8.5,10.7,77,3.00,236,1.48,7.0,22.7,13.1,45
2013-10-24,6.0,8.1,64,0.00,265,1.76,0.0,29.7,17.4,43
2013-10-25,5.8,8.4,63,0.00,259,1.84,0.0,26.0,21.7,50
2013-10-26,4.6,7.0,67,0.00,252,1.55,0.0,20.9,16.6,47
2013-10-27,5.5,7.6,82,4.00,206,0.75,14.0,17.6,13.8,60
2013-10-28,4.9,7.4,70,0.10,260,1.48,1.0,24.9,20.0,42
2013-10-29,2.3,4.9,61,0.00,282,1.61,0.0,21.3,17.4,40
2013-10-30,1.0,5.0,64,0.00,250,1.27,0.0,23.0,15.0,37
2013-10-31,2.1,6.2,70,0.00,230,1.30,0.0,21.4,16.3,51
2013-11-01,11.5,15.6,96,20.20,206,0.31,23.0,41.9,31.4,81
2013-11-02,11.4,15.0,68,0.00,240,2.12,0.0,37.1,23.8,57
2013-11-03,3.7,8.9,53,0.70,333,1.87,3.0,21.3,18.1,45
2013-11-04,1.1,3.1,59,0.00,338,1.39,0.0,21.5,18.2,49
2013-11-05,1.1,4.2,65,0.00,272,1.17,0.0,16.5,11.2,45
2013-11-06,3.5,8.4,79,0.00,219,1.05,0.0,19.9,18.0,63
2013-11-07,8.8,11.3,88,5.30,217,0.65,8.0,28.3,24.7,84
2013-11-08,3.7,8.9,66,0.90,282,1.36,2.0,20.7,18.3,43
2013-11-09,2.1,4.1,61,0.00,285,1.48,0.0,29.0,22.7,49
2013-11-10,1.3,3.3,71,0.50,208,0.93,3.0,21.3,11.9,53
2013-11-11,3.4,4.6,96,9.80,63,0.23,24.0,22.9,13.3,86
2013-11-12,1.1,2.4,77,1.30,239,0.75,7.0,25.5,18.5,43
2013-11-13,-1.6,0.5,52,0.00,276,1.48,0.0,26.1,22.3,42
2013-11-14,-1.1,3.6,60,0.00,238,1.28,0.0,22.7,19.5,54
2013-11-15,2.8,8.2,77,0.00,228,1.07,0.0,19.4,17.8,60
2013-11-16,3.7,6.7,81,0.00,233,0.76,0.0,15.3,7.6,70
2013-11-17,3.2,6.2,91,0.00,156,0.65,0.0,14.6,6.0,78
2013-11-18,6.3,12.3,94,14.80,163,0.24,14.0,38.8,23.0,89
2013-11-19,5.7,11.2,78,0.70,252,1.02,2.0,24.5,17.0,42
2013-11-20,-1.1,1.4,47,0.00,311,1.80,0.0,37.2,31.3,38
2013-11-21,-0.2,5.0,47,0.00,314,1.77,0.0,31.6,22.4,38
2013-11-22,1.4,4.3,60,0.00,296,1.00,0.0,18.6,8.1,43
2013-11-23,0.6,2.7,75,1.50,248,0.65,5.0,33.9,17.0,57
2013-11-24,-4.3,-1.7,54,0.00,263,1.29,0.0,35.0,32.4,48
2013-11-25,-4.8,-2.8,50,0.00,281,1.35,0.0,33.9,29.4,41
2013-11-26,-3.4,0.8,54,0.00,229,0.99,0.0,20.0,14.8,45
2013-11-27,2.0,10.0,88,21.20,150,0.21,15.0,38.7,22.2,73
2013-11-28,5.8,13.6,81,12.10,219,0.77,14.0,39.4,31.1,45
2013-11-29,-5.6,-3.7,47,0.00,276,1.24,0.0,31.8,22.2,40
2013-11-30,-6.5,-4.2,55,0.00,294,0.90,0.0,22.7,15.9,38
2013-12-01,-3.2,0.1,71,5.60,194,0.56,15.0,18.4,12.6,47
2013-12-02,0.4,2.5,90,4.50,70,0.28,18.0,18.0,12.9,86
2013-12-03,1.9,2.3,98,2.40,34,0.17,6.0,19.9,12.6,95
2013-12-04,0.7,1.9,91,31.10,335,0.36,21.0,33.5,29.1,75
2013-12-05,-2.2,-0.7,73,0.00,304,0.72,0.0,24.3,13.7,67
2013-12-06,3.1,5.7,92,10.80,216,0.22,17.0,24.6,18.4,81
2013-12-07,-1.1,1.0,65,0.00,268,0.97,0.0,25.6,18.8,47
2013-12-08,-6.4,-4.0,58,0.00,283,0.96,0.0,26.5,24.4,49
2013-12-09,-9.3,-6.7,64,1.00,290,0.57,4.0,22.1,13.8,56
2013-12-10,-3.6,-0.1,79,4.60,221,0.55,8.0,26.3,18.0,57
2013-12-11,-9.1,-4.8,63,0.20,273,0.69,1.0,26.0,21.9,52
2013-12-12,-14.1,-7.8,60,0.00,280,0.50,0.0,25.1,22.2,49
2013-12-13,-16.4,-13.1,66,0.00,274,0.34,0.0,22.4,15.4,62
2013-12-14,-18.1,-15.3,60,0.00,287,0.41,0.0,26.5,23.1,49
2013-12-15,-12.6,-3.3,74,29.90,73,0.29,12.0,42.7,20.8,63
2013-12-16,-6.1,-2.9,79,5.40,339,0.44,15.0,37.8,21.5,67
2013-12-17,-13.2,-9.4,73,0.00,276,0.36,0.0,25.7,15.6,62
2013-12-18,-10.9,-6.1,79,8.40,48,0.25,14.0,26.7,15.6,71
2013-12-19,-9.9,-6.6,75,0.10,270,0.45,1.0,27.8,20.3,63
2013-12-20,-11.2,-8.4,74,2.00,315,0.30,6.0,18.1,11.4,64
2013-12-21,-4.3,-1.5,90,14.10,68,0.19,24.0,17.7,12.2,83
2013-12-22,-4.4,-1.7,83,18.60,32,0.31,23.0,31.2,21.5,77
2013-12-23,-4.0,-1.8,83,14.70,83,0.37,24.0,30.1,20.4,77
2013-12-24,-1.9,-1.2,92,5.90,25,0.22,15.0,24.1,10.4,83
2013-12-25,-9.0,-4.1,73,3.10,360,0.47,11.0,27.3,21.9,58
2013-12-26,-14.1,-7.5,77,1.10,211,0.24,6.0,19.7,12.9,64
2013-12-27,-7.7,-6.0,82,1.20,267,0.34,5.0,19.6,14.4,68
2013-12-28,-8.6,-3.1,79,0.00,241,0.40,0.0,24.7,19.7,71
2013-12-29,-8.8,-4.5,75,1.50,337,0.36,6.0,21.5,17.3,64
2013-12-30,-4.5,-2.2,84,15.40,42,0.37,15.0,30.0,21.1,62
2013-12-31,-16.5,-10.8,66,0.00,293,0.35,0.0,30.4,17.9,57
2014-01-01,-18.8,-16.6,69,0.00,280,0.28,0.0,21.2,16.2,58
2014-01-02,-24.2,-18.9,65,0.00,306,0.21,0.0,23.6,18.7,54
2014-01-03,-20.9,-18.6,70,2.80,359,0.23,13.0,29.5,23.8,62
2014-01-04,-20.1,-15.8,63,0.00,269,0.35,0.0,28.8,22.2,52
2014-01-05,-11.6,-8.0,70,0.00,236,0.37,0.0,15.3,9.6,62
2014-01-06,-3.0,7.3,85,4.60,137,0.31,9.0,36.1,22.3,79
2014-01-07,-2.7,8.3,75,9.00,240,0.62,7.0,36.7,29.4,59
2014-01-08,-13.9,-10.7,58,0.00,250,0.63,0.0,35.4,29.9,53
2014-01-09,-12.7,-9.8,69,0.00,257,0.50,0.0,25.8,22.0,51
2014-01-10,-12.8,-6.7,69,0.00,240,0.51,0.0,21.1,18.4,56
2014-01-11,-6.0,6.6,84,8.70,205,0.29,7.0,27.6,16.3,73
2014-01-12,6.3,8.9,84,12.50,222,0.80,11.0,38.2,28.3,68
2014-01-13,-0.7,1.2,71,0.00,262,0.96,0.0,25.9,19.6,64
2014-01-14,3.5,7.0,88,2.50,200,0.45,7.0,25.8,21.0,83
2014-01-15,2.2,4.2,91,27.50,262,0.57,12.0,25.7,13.0,73
2014-01-16,1.0,2.0,97,0.90,152,0.25,4.0,15.6,7.4,89
2014-01-17,-0.2,0.7,96,2.40,82,0.24,7.0,12.3,8.7,92
2014-01-18,0.8,1.8,92,0.00,209,0.41,0.0,15.5,10.5,78
2014-01-19,-2.6,-0.4,90,3.50,142,0.31,6.0,16.6,9.4,82
2014-01-20,-3.7,-1.0,70,0.60,243,0.78,2.0,29.1,22.6,48
2014-01-21,-15.2,-9.1,59,0.00,269,0.51,0.0,21.6,18.5,48
2014-01-22,-15.8,-12.4,71,3.00,358,0.30,9.0,32.7,19.7,65
2014-01-23,-12.6,-10.7,68,2.30,303,0.54,7.0,32.4,18.6,52
2014-01-24,-15.9,-12.5,66,0.00,272,0.43,0.0,16.5,14.2,49
2014-01-25,-12.0,-0.5,76,0.00,182,0.43,0.0,31.3,20.3,65
2014-01-26,-3.3,1.1,77,13.00,213,0.65,12.0,33.1,28.7,52
2014-01-27,-11.0,4.2,72,2.60,198,0.57,4.0,38.2,24.3,60
2014-01-28,-11.3,-1.0,60,0.60,260,0.69,2.0,34.2,25.2,44
2014-01-29,-14.2,-9.9,67,0.00,211,0.46,0.0,20.0,13.2,61
2014-01-30,-12.3,-8.8,67,0.00,246,0.60,0.0,21.0,17.1,52
2014-01-31,-5.5,0.3,73,0.00,217,0.82,0.0,31.6,21.3,57
2014-02-01,-5.4,-2.8,76,0.00,247,0.75,0.0,19.6,12.3,61
2014-02-02,-1.2,2.6,86,6.10,206,0.53,11.0,19.1,13.6,76
2014-02-03,-3.8,-0.9,84,0.30,360,0.44,3.0,14.4,8.4,68
2014-02-04,-7.9,-5.7,79,0.00,294,0.55,0.0,15.7,9.3,54
2014-02-05,-10.7,-8.9,75,0.10,277,0.44,1.0,17.7,9.8,58
2014-02-06,-13.1,-10.6,70,2.00,323,0.54,6.0,19.2,15.3,49
2014-02-07,-11.7,-6.7,69,0.00,238,0.66,0.0,20.5,17.0,54
2014-02-08,-10.3,-7.3,71,0.00,245,0.66,0.0,24.4,19.6,52
2014-02-09,-12.7,-9.8,68,0.00,274,0.60,0.0,17.7,11.1,48
2014-02-10,-13.6,-9.2,71,0.00,313,0.53,0.0,8.9,6.4,57
2014-02-11,-14.7,-11.5,67,0.00,286,0.54,0.0,17.9,13.3,48
2014-02-12,-14.6,-8.9,66,0.00,285,0.64,0.0,19.0,13.9,47
2014-02-13,-10.0,-3.8,77,0.20,195,0.48,1.0,17.8,14.7,68
2014-02-14,-2.2,-0.1,94,42.20,46,0.32,23.0,42.0,22.2,89
2014-02-15,-6.8,-3.7,72,0.70,312,0.83,4.0,27.5,16.9,60
2014-02-16,-8.8,-7.9,79,38.00,2,0.46,18.0,46.8,33.4,62
2014-02-17,-10.3,-7.6,66,0.00,293,0.72,0.0,25.4,23.0,59
2014-02-18,-11.0,-6.4,68,0.00,271,0.79,0.0,23.5,12.4,50
2014-02-19,-6.5,-3.0,85,3.60,77,0.72,9.0,16.5,11.0,75
2014-02-20,-2.0,2.3,83,5.80,313,0.80,10.0,20.8,15.1,61
2014-02-21,-3.3,-0.9,81,0.00,270,0.94,0.0,19.8,13.4,66
2014-02-22,0.9,5.4,76,10.50,190,1.40,9.0,29.4,21.3,51
2014-02-23,0.5,2.3,67,0.00,243,1.38,0.0,23.8,20.6,51
2014-02-24,-3.0,-0.3,78,0.20,279,0.99,1.0,12.3,8.3,54
2014-02-25,-9.4,-4.7,64,0.00,281,0.83,0.0,24.0,20.3,45
2014-02-26,-12.8,-8.3,66,0.00,254,0.74,0.0,19.6,16.3,47
2014-02-27,-10.6,-6.3,72,0.00,169,0.63,0.0,13.8,8.5,59
2014-02-28,-10.9,-7.8,63,0.50,273,0.83,3.0,34.5,18.8,40
2014-03-01,-12.9,-7.6,59,0.30,244,0.83,1.0,22.1,14.6,43
2014-03-02,-5.8,-4.2,74,1.70,251,0.76,14.0,21.7,15.3,51
2014-03-03,-13.1,-9.5,61,0.00,305,0.80,0.0,21.7,14.4,39
2014-03-04,-16.3,-10.0,59,0.00,271,0.74,0.0,21.3,14.3,43
2014-03-05,-16.7,-12.4,59,0.00,326,0.72,0.0,19.8,12.2,37
2014-03-06,-13.9,-6.6,57,0.00,297,0.95,0.0,17.4,15.6,38
2014-03-07,-9.1,-0.4,59,0.00,231,1.30,0.0,27.4,18.8,40
2014-03-08,-2.4,1.9,78,0.00,237,1.08,0.0,23.3,17.0,63
2014-03-09,-6.3,-2.3,68,0.00,327,1.02,0.0,21.9,14.2,47
2014-03-10,-9.2,-4.1,68,0.00,286,1.14,0.0,16.0,8.9,42
2014-03-11,-6.2,-1.3,81,0.30,158,0.76,3.0,19.3,14.9,75
2014-03-12,-2.2,1.5,82,2.00,260,1.09,4.0,24.3,12.2,61
2014-03-13,-8.7,-4.7,78,31.40,22,0.52,24.0,47.9,37.6,71
2014-03-14,-10.6,-5.5,60,0.50,284,1.16,2.0,23.2,17.8,36
2014-03-15,-2.0,5.2,80,2.50,176,1.04,8.0,27.1,20.3,65
2014-03-16,-1.7,2.7,75,0.50,252,1.12,3.0,33.0,23.0,50
2014-03-17,-11.9,-8.5,55,0.00,262,1.10,0.0,30.8,25.7,42
2014-03-18,-11.1,-4.7,62,0.00,276,1.17,0.0,19.5,16.4,45
2014-03-19,-7.8,-1.3,67,0.00,278,1.43,0.0,14.1,9.6,47
2014-03-20,-3.3,1.2,85,13.10,132,0.50,14.0,31.3,17.6,78
2014-03-21,1.6,3.5,79,1.20,234,1.31,3.0,26.9,22.4,60
2014-03-22,-1.3,1.6,72,1.30,259,1.62,3.0,20.6,15.8,53
2014-03-23,-2.6,0.3,74,2.60,260,1.36,8.0,25.9,17.5,49
2014-03-24,-11.1,-7.1,57,0.00,299,1.15,0.0,25.4,23.2,42
2014-03-25,-10.0,-3.4,60,0.00,258,1.42,0.0,23.4,16.6,39
2014-03-26,-6.6,-5.0,81,20.50,53,0.47,10.0,53.8,25.6,64
2014-03-27,-5.5,-3.3,61,10.60,312,1.58,8.0,49.9,37.5,37
2014-03-28,-4.9,0.4,76,2.50,203,0.85,8.0,22.7,14.8,56
2014-03-29,1.7,4.1,79,2.00,277,1.91,5.0,18.0,13.3,56
2014-03-30,-2.3,-0.7,88,18.00,71,0.35,13.0,34.1,20.0,83
2014-03-31,-2.3,-1.6,90,28.50,43,0.40,24.0,39.8,35.5,86
2014-04-01,-3.0,-2.0,78,8.30,25,1.09,12.0,38.6,34.0,68
2014-04-02,-2.9,-1.2,79,0.00,38,1.32,0.0,28.2,18.1,71
2014-04-03,-1.9,2.0,88,0.80,114,1.10,5.0,8.8,4.7,74
2014-04-04,-1.3,3.3,87,0.00,75,1.93,0.0,13.2,6.6,66
2014-04-05,-0.9,0.9,92,10.80,129,0.51,12.0,23.7,16.8,87
2014-04-06,2.1,4.8,77,2.60,271,1.88,9.0,27.6,20.0,53
2014-04-07,2.5,8.5,68,0.00,263,2.66,0.0,18.2,13.7,45
2014-04-08,2.6,5.3,83,9.60,161,0.76,12.0,31.4,19.5,72
2014-04-09,5.0,8.0,79,1.70,255,2.27,6.0,21.6,18.7,53
2014-04-10,-0.5,5.0,62,0.00,261,2.37,0.0,27.9,19.3,46
2014-04-11,5.5,11.2,67,0.80,218,2.80,4.0,33.5,26.6,50
2014-04-12,2.2,4.6,77,0.00,48,1.83,0.0,13.6,10.8,65
2014-04-13,0.5,3.9,72,0.30,318,1.92,2.0,24.5,14.1,54
2014-04-14,4.3,11.5,86,18.00,164,1.83,13.0,32.6,17.5,76
2014-04-15,10.3,13.8,85,0.00,209,2.00,0.0,35.9,32.4,74
2014-04-16,5.5,12.5,74,18.30,239,1.63,14.0,36.2,28.0,41
2014-04-17,-1.9,2.3,54,0.00,320,2.62,0.0,21.8,12.4,41
2014-04-18,-0.2,3.0,68,0.00,139,2.19,0.0,16.6,13.1,52
2014-04-19,2.1,5.1,77,0.60,226,1.67,3.0,16.6,11.1,66
2014-04-20,2.1,6.3,72,1.10,340,2.62,4.0,17.6,12.1,37
2014-04-21,3.8,8.9,71,0.00,222,1.86,0.0,21.9,17.1,58
2014-04-22,3.1,5.8,85,0.80,275,1.25,5.0,20.2,11.6,74
2014-04-23,3.7,7.2,92,3.40,106,0.95,5.0,19.2,13.7,83
2014-04-24,2.2,4.8,94,30.50,58,0.34,24.0,33.4,25.4,90
2014-04-25,1.3,4.1,80,1.80,8,1.50,7.0,31.9,21.4,62
2014-04-26,1.9,5.2,79,0.00,352,2.47,0.0,14.1,9.5,65
2014-04-27,1.4,2.0,90,5.80,11,0.44,12.0,26.8,17.2,82
2014-04-28,1.8,2.4,93,10.20,31,0.54,21.0,29.5,27.0,86
2014-04-29,1.2,1.9,84,0.00,38,1.25,0.0,30.3,25.5,78
2014-04-30,1.4,4.8,77,0.00,59,2.38,0.0,15.3,9.9,59
2014-05-01,2.5,4.1,83,10.10,196,0.83,8.0,17.3,14.0,75
2014-05-02,3.9,8.3,94,4.50,150,1.27,9.0,13.2,7.9,81
2014-05-03,4.5,8.5,91,0.00,276,1.78,0.0,13.7,10.8,73
2014-05-04,2.4,3.5,96,2.30,69,0.94,9.0,21.4,14.3,90
2014-05-05,3.8,7.3,85,7.30,18,1.82,13.0,27.1,21.4,63
2014-05-06,3.9,5.1,83,0.00,18,2.02,0.0,14.4,12.1,73
2014-05-07,4.0,8.6,78,0.00,83,2.82,0.0,17.1,10.6,58
2014-05-08,4.4,10.4,75,2.00,121,2.93,4.0,10.5,6.3,60
2014-05-09,6.3,11.5,78,0.00,65,3.30,0.0,16.4,9.3,56
2014-05-10,8.6,11.9,79,6.50,208,1.36,14.0,32.9,24.8,63
2014-05-11,8.8,12.4,92,1.00,328,1.53,5.0,22.8,18.0,80
2014-05-12,3.2,5.1,71,1.80,69,1.65,8.0,16.8,11.8,59
2014-05-13,5.9,12.3,71,0.00,354,3.61,0.0,12.6,9.0,46
2014-05-14,7.8,13.5,73,0.00,199,2.38,0.0,17.3,12.1,54
2014-05-15,12.2,20.7,67,0.00,210,3.84,0.0,24.2,18.1,58
2014-05-16,15.8,22.8,76,0.00,213,4.24,0.0,23.1,19.7,53
2014-05-17,15.3,19.8,73,0.00,172,4.10,0.0,24.8,17.9,57
2014-05-18,12.4,15.0,72,0.00,135,3.24,0.0,21.5,14.1,63
2014-05-19,9.1,10.1,91,1.20,82,1.29,6.0,18.4,13.5,84
2014-05-20,7.5,8.2,96,1.80,29,0.64,12.0,19.3,14.3,92
2014-05-21,8.2,10.7,96,1.90,36,1.43,11.0,11.5,7.0,88
2014-05-22,8.8,11.2,91,0.10,26,1.80,1.0,17.1,13.1,80
2014-05-23,7.8,8.8,86,1.80,11,0.98,10.0,21.5,17.5,78
2014-05-24,6.9,7.3,82,0.00,31,1.28,0.0,19.0,17.0,76
2014-05-25,6.2,8.2,76,0.00,33,2.32,0.0,21.2,17.9,64
2014-05-26,5.2,8.3,91,11.40,125,0.76,8.0,20.2,12.4,81
2014-05-27,5.8,6.5,86,0.40,21,1.09,4.0,26.9,22.2,76
2014-05-28,6.0,8.8,74,0.00,40,2.91,0.0,18.8,14.8,60
2014-05-29,11.0,21.1,66,0.00,240,4.71,0.0,14.4,10.3,35
2014-05-30,14.6,19.8,61,0.00,222,4.74,0.0,22.5,17.0,38
2014-05-31,10.4,14.5,74,0.00,22,3.32,0.0,22.6,15.4,54
2014-06-01,11.0,17.3,75,0.00,71,4.31,0.0,18.8,9.9,53
2014-06-02,16.5,23.3,63,0.00,208,4.61,0.0,19.5,17.9,44
2014-06-03,16.8,20.7,57,0.00,175,5.25,0.0,19.6,15.2,47
2014-06-04,15.9,19.7,77,0.00,160,3.29,0.0,18.7,14.1,63
2014-06-05,15.6,18.4,86,0.70,171,2.49,4.0,14.5,10.9,69
2014-06-06,11.8,14.8,98,22.00,36,0.48,24.0,28.4,21.5,91
2014-06-07,12.4,13.6,90,3.90,3,1.54,10.0,26.4,21.4,77
2014-06-08,13.2,19.3,75,0.00,67,4.57,0.0,13.9,7.0,58
2014-06-09,14.8,21.0,76,3.70,122,4.18,3.0,14.0,9.9,64
2014-06-10,14.9,17.8,81,0.70,19,3.27,3.0,14.9,11.0,57
2014-06-11,15.0,20.2,69,0.00,352,4.72,0.0,16.3,8.5,43
2014-06-12,14.5,16.6,66,0.00,124,4.04,0.0,18.7,14.3,59
2014-06-13,14.1,18.3,79,4.90,180,2.71,9.0,18.6,12.9,56
2014-06-14,13.4,16.4,87,30.80,147,1.20,12.0,24.0,18.9,66
2014-06-15,13.5,15.8,98,18.60,337,0.48,24.0,28.6,17.2,94
2014-06-16,14.1,18.1,71,1.10,4,4.55,5.0,31.0,23.1,49
2014-06-17,16.1,21.8,69,0.00,208,4.77,0.0,18.4,10.6,47
2014-06-18,14.6,18.2,89,23.30,179,1.02,11.0,19.6,14.9,68
2014-06-19,15.1,19.3,87,6.20,332,3.20,7.0,17.8,12.2,66
2014-06-20,11.3,12.7,82,8.80,312,2.22,15.0,24.2,16.9,63
2014-06-21,12.5,14.9,84,4.50,348,1.77,8.0,18.7,11.8,69
2014-06-22,14.3,16.2,84,0.00,97,3.29,0.0,12.4,8.2,70
2014-06-23,16.3,22.0,80,0.00,176,4.10,0.0,15.9,8.5,55
2014-06-24,19.2,24.1,68,0.00,216,5.22,0.0,26.0,21.2,54
2014-06-25,16.1,19.3,85,14.10,231,1.91,11.0,27.1,18.4,63
2014-06-26,14.2,14.9,86,4.90,56,1.35,9.0,15.1,11.1,77
2014-06-27,16.6,22.2,76,0.20,36,5.09,1.0,14.2,9.7,52
2014-06-28,19.5,24.8,74,0.00,188,5.24,0.0,12.4,8.6,56
2014-06-29,21.3,26.8,74,0.00,188,5.48,0.0,14.6,9.2,49
2014-06-30,23.5,29.5,64,0.00,232,6.21,0.0,17.7,14.1,41
2014-07-01,24.7,30.1,71,0.00,228,6.11,0.0,22.1,17.1,49
2014-07-02,24.7,30.4,73,0.00,215,6.10,0.0,25.4,22.4,51
2014-07-03,24.2,28.3,77,0.00,215,5.13,0.0,26.1,21.5,58
2014-07-04,22.4,25.7,86,7.20,209,3.14,9.0,26.8,15.1,68
2014-07-05,17.8,20.1,97,62.20,54,0.90,23.0,42.5,23.4,85
2014-07-06,17.1,24.6,72,8.60,288,4.79,9.0,45.9,29.5,40
2014-07-07,20.4,24.1,77,1.70,235,3.90,5.0,20.3,17.7,61
2014-07-08,20.7,25.6,83,2.00,210,3.44,6.0,20.4,17.3,66
2014-07-09,21.8,25.6,81,0.00,203,3.61,0.0,29.7,22.2,64
2014-07-10,21.5,25.1,74,0.60,226,4.80,2.0,21.6,17.0,49
2014-07-11,19.6,23.4,67,0.00,282,4.87,0.0,13.4,8.1,45
2014-07-12,21.0,25.6,70,0.00,222,5.43,0.0,13.4,10.9,45
2014-07-13,21.6,26.5,72,0.00,210,5.04,0.0,25.1,17.6,55
2014-07-14,20.6,26.3,75,6.00,213,4.32,8.0,29.3,23.9,56
2014-07-15,21.8,25.0,78,0.80,210,3.95,4.0,20.8,15.0,64
2014-07-16,21.3,23.5,91,3.70,203,2.06,9.0,24.3,19.8,83
2014-07-17,20.8,24.3,86,7.10,210,2.98,12.0,22.4,16.0,58
2014-07-18,20.4,23.7,69,0.00,253,4.87,0.0,18.0,15.6,50
2014-07-19,20.4,24.0,69,0.00,268,5.31,0.0,14.8,11.1,57
2014-07-20,21.4,25.2,74,0.00,164,4.79,0.0,13.6,10.1,55
2014-07-21,21.5,23.9,81,0.30,194,3.41,2.0,13.5,8.2,67
2014-07-22,22.7,27.9,73,0.00,225,5.01,0.0,20.4,14.2,51
2014-07-23,24.2,29.8,72,0.00,220,5.86,0.0,26.8,22.6,52
2014-07-24,19.8,24.9,75,6.30,1,2.69,14.0,19.1,12.1,67
2014-07-25,19.6,23.6,72,0.00,207,4.15,0.0,8.8,6.3,46
2014-07-26,21.1,25.2,69,0.00,231,4.88,0.0,23.4,17.2,45
2014-07-27,20.9,24.2,72,0.00,203,4.63,0.0,23.0,19.2,56
2014-07-28,20.2,23.8,87,12.20,170,2.47,19.0,22.5,17.1,68
2014-07-29,21.4,23.9,85,2.20,183,3.48,6.0,29.6,24.2,65
2014-07-30,19.7,21.8,83,0.70,180,3.39,2.0,13.7,9.0,69
2014-07-31,20.6,23.9,80,7.20,208,4.09,6.0,18.4,12.1,53
2014-08-01,20.2,24.5,73,0.00,216,4.62,0.0,17.7,12.7,53
2014-08-02,21.0,24.9,81,0.00,222,3.41,0.0,15.0,12.6,62
2014-08-03,21.0,24.5,82,0.40,223,3.99,2.0,18.2,11.4,66
2014-08-04,20.0,22.0,90,6.40,176,2.48,9.0,10.1,6.2,82
2014-08-05,20.4,23.7,89,1.30,214,2.96,3.0,13.2,8.4,73
2014-08-06,19.7,22.0,92,13.30,231,2.12,11.0,13.0,6.1,78
2014-08-07,18.3,21.2,86,19.70,4,2.79,19.0,13.1,8.2,70
2014-08-08,17.0,18.9,94,15.60,311,0.92,12.0,34.0,17.4,84
2014-08-09,16.8,18.1,88,6.40,9,2.24,16.0,27.0,22.0,75
2014-08-10,17.1,19.3,80,0.00,15,3.23,0.0,21.8,16.5,70
2014-08-11,17.1,20.0,79,0.00,31,3.94,0.0,14.1,10.8,64
2014-08-12,17.4,21.1,81,0.00,112,4.06,0.0,12.6,6.1,63
2014-08-13,18.4,21.9,83,0.00,129,3.61,0.0,15.2,10.9,67
2014-08-14,18.8,21.0,84,0.10,123,2.11,1.0,23.8,18.7,74
2014-08-15,18.0,19.7,93,44.40,125,1.06,19.0,27.6,22.8,83
2014-08-16,17.3,19.8,85,0.30,196,2.65,2.0,14.1,10.9,70
2014-08-17,16.9,19.1,86,5.90,200,1.90,12.0,14.5,11.3,78
2014-08-18,15.8,16.9,96,19.20,339,1.22,24.0,19.9,12.6,89
2014-08-19,17.3,21.3,84,1.40,319,2.94,8.0,21.7,16.5,64
2014-08-20,18.5,20.5,79,0.50,322,3.15,3.0,15.8,10.1,70
2014-08-21,17.9,19.6,83,0.00,26,3.03,0.0,14.4,9.0,71
2014-08-22,17.4,19.1,83,0.30,31,2.71,2.0,17.1,12.4,72
2014-08-23,17.3,20.9,78,0.00,33,3.13,0.0,12.7,9.4,57
2014-08-24,18.5,23.2,80,0.00,174,3.80,0.0,14.3,7.7,61
2014-08-25,21.6,27.8,80,0.00,222,4.09,0.0,15.0,11.5,52
2014-08-26,22.9,27.6,78,0.00,225,4.54,0.0,21.5,16.3,54
2014-08-27,22.0,25.2,78,1.20,229,3.65,5.0,25.5,18.0,68
2014-08-28,18.8,21.8,87,9.00,9,2.35,8.0,29.0,11.2,74
2014-08-29,14.6,16.7,71,2.00,13,3.28,5.0,31.2,23.8,53
2014-08-30,16.3,22.4,71,0.00,218,3.66,0.0,25.9,18.9,55
2014-08-31,17.4,21.4,83,4.50,222,2.15,12.0,26.3,22.1,67
2014-09-01,18.2,19.2,92,4.30,46,1.80,8.0,20.7,13.6,83
2014-09-02,18.0,22.0,91,1.60,138,1.60,5.0,13.9,10.0,80
2014-09-03,20.4,23.5,87,13.80,220,2.18,5.0,21.3,17.2,64
2014-09-04,19.7,24.3,70,0.00,249,4.07,0.0,21.7,16.0,53
2014-09-05,19.9,23.1,78,0.00,228,3.40,0.0,17.4,10.6,68
2014-09-06,21.8,26.7,81,21.30,221,3.43,5.0,26.4,22.0,69
2014-09-07,16.2,20.1,68,3.70,289,3.68,5.0,17.7,15.2,45
2014-09-08,14.2,17.5,54,0.00,296,3.99,0.0,18.6,12.9,37
2014-09-09,14.8,19.2,71,0.00,182,3.46,0.0,14.3,10.4,46
2014-09-10,15.3,19.5,74,0.00,188,3.37,0.0,15.0,11.1,60
2014-09-11,15.8,19.0,83,2.90,185,1.84,4.0,25.2,13.8,67
2014-09-12,14.9,16.7,71,2.90,266,3.33,4.0,26.6,21.2,45
2014-09-13,11.9,14.2,64,0.00,8,2.76,0.0,20.3,13.3,56
2014-09-14,14.0,16.1,79,7.10,183,1.80,12.0,22.3,15.7,63
2014-09-15,12.1,14.8,69,0.00,288,2.56,0.0,17.2,13.9,50
2014-09-16,12.2,16.1,71,0.00,233,2.41,0.0,19.5,15.2,56
2014-09-17,13.3,16.3,76,0.00,240,2.43,0.0,19.6,14.7,56
2014-09-18,12.5,15.3,78,0.40,246,1.95,3.0,20.9,15.3,53
2014-09-19,8.1,11.0,52,0.00,309,3.22,0.0,25.5,19.9,35
2014-09-20,9.6,13.1,63,0.70,218,2.31,2.0,32.7,23.5,56
2014-09-21,15.9,21.5,77,0.00,214,3.09,0.0,34.2,25.9,62
2014-09-22,17.6,20.8,87,22.00,217,2.00,14.0,31.0,17.9,62
2014-09-23,11.6,14.5,56,0.00,271,3.12,0.0,32.7,24.1,43
2014-09-24,10.0,14.6,56,0.00,284,3.25,0.0,25.7,15.9,40
2014-09-25,14.0,20.4,70,0.00,233,3.28,0.0,23.4,21.6,58
2014-09-26,15.7,19.2,82,0.00,238,2.45,0.0,21.2,11.4,69
2014-09-27,16.7,19.8,75,0.00,279,2.94,0.0,21.1,16.3,58
2014-09-28,17.8,25.2,76,0.00,225,3.30,0.0,22.7,19.3,57
2014-09-29,12.2,19.9,73,2.30,36,1.74,7.0,31.2,24.4,61
2014-09-30,9.6,11.8,82,4.90,84,0.91,19.0,22.3,12.6,70
2014-10-01,10.6,11.5,82,0.00,28,1.12,0.0,15.3,12.5,73
2014-10-02,10.0,11.9,76,0.00,54,2.10,0.0,20.2,16.4,60
2014-10-03,11.4,13.0,80,0.00,70,1.77,0.0,15.5,14.2,70
2014-10-04,12.2,13.7,89,1.00,106,0.60,5.0,15.7,13.1,83
2014-10-05,14.1,15.1,94,11.10,133,0.61,10.0,27.6,21.9,88
2014-10-06,12.0,15.6,79,0.00,252,2.16,0.0,17.2,13.1,48
2014-10-07,12.1,16.5,72,0.00,181,2.38,0.0,17.0,12.7,54
2014-10-08,13.8,16.6,88,6.70,162,1.13,9.0,28.2,20.4,72
2014-10-09,12.5,15.2,75,1.30,231,2.15,2.0,26.4,19.5,45
2014-10-10,10.4,14.0,59,0.00,241,2.81,0.0,30.4,23.5,47
2014-10-11,9.7,12.5,71,0.00,248,1.74,0.0,15.8,12.4,56
2014-10-12,8.7,11.5,69,0.00,301,1.79,0.0,22.4,15.8,48
2014-10-13,9.7,15.5,66,0.00,244,2.37,0.0,18.2,15.2,49
2014-10-14,11.8,18.2,77,0.00,226,2.17,0.0,19.9,16.3,64
2014-10-15,16.4,20.1,86,0.10,239,1.43,1.0,29.2,22.2,74
2014-10-16,11.4,13.4,87,5.40,87,0.69,24.0,19.5,16.3,80
2014-10-17,14.7,16.5,96,12.10,156,0.42,12.0,34.8,21.9,91
2014-10-18,14.4,18.1,85,0.00,200,1.59,0.0,24.3,17.6,64
2014-10-19,12.5,14.2,77,0.00,240,1.70,0.0,17.9,14.8,54
2014-10-20,6.8,9.0,55,0.80,285,2.24,4.0,30.3,24.1,46
2014-10-21,6.2,10.1,59,0.00,254,1.97,0.0,19.8,13.4,45
2014-10-22,7.9,9.0,74,0.00,65,1.46,0.0,27.2,19.5,68
2014-10-23,9.0,9.7,78,1.20,63,1.27,5.0,31.2,27.7,74
2014-10-24,8.1,9.3,91,32.20,37,0.51,24.0,32.9,30.7,83
2014-10-25,7.4,7.8,87,2.30,4,0.63,17.0,27.9,24.3,82
2014-10-26,6.8,9.4,90,6.50,268,0.65,8.0,16.4,10.7,77
2014-10-27,7.0,8.5,85,4.00,312,0.86,12.0,33.1,23.0,69
2014-10-28,6.5,8.7,72,0.00,333,1.43,0.0,28.3,16.5,62
2014-10-29,8.6,12.5,88,3.60,168,0.57,10.0,17.6,15.2,79
2014-10-30,9.7,12.4,80,1.30,261,1.33,6.0,20.0,16.4,53
2014-10-31,5.8,8.2,65,0.00,299,1.41,0.0,13.5,8.7,48
2014-11-01,5.5,6.0,72,1.10,46,1.07,5.0,31.0,19.4,62
2014-11-02,3.4,4.9,90,27.40,31,0.45,24.0,46.7,37.4,81
2014-11-03,2.1,3.1,83,15.50,309,0.68,18.0,47.9,34.4,70
2014-11-04,3.4,5.1,72,0.00,317,1.18,0.0,25.7,19.1,59
2014-11-05,6.5,12.0,78,0.80,184,0.97,3.0,22.1,17.5,72
2014-11-06,6.3,8.2,75,0.00,245,1.04,0.0,21.5,15.2,59
2014-11-07,5.6,6.6,93,28.40,45,0.20,18.0,33.4,22.6,79
2014-11-08,1.0,3.0,67,6.80,290,1.43,11.0,39.8,34.0,47
2014-11-09,2.2,7.2,71,0.00,215,1.01,0.0,20.5,13.8,65
2014-11-10,2.7,6.3,79,0.00,248,0.88,0.0,16.9,12.4,58
2014-11-11,2.0,4.4,78,0.10,57,0.63,1.0,15.1,12.2,69
2014-11-12,4.6,6.8,93,1.50,76,0.31,7.0,20.8,17.1,89
2014-11-13,4.5,7.1,79,2.70,249,0.96,6.0,17.0,14.5,50
2014-11-14,1.2,2.5,70,4.40,258,0.61,12.0,13.9,9.0,63
2014-11-15,-2.1,0.3,58,0.00,286,1.22,0.0,25.4,20.9,45
2014-11-16,-2.4,1.6,65,0.00,242,1.01,0.0,20.9,16.6,54
2014-11-17,-0.1,2.3,83,5.20,170,0.50,9.0,20.2,11.3,71
2014-11-18,2.8,4.1,85,20.30,231,0.75,12.0,31.4,19.6,46
2014-11-19,-2.1,0.2,48,0.00,254,1.70,0.0,39.1,32.5,38
2014-11-20,-2.2,1.6,65,1.40,215,0.82,5.0,26.0,14.7,55
2014-11-21,-3.1,-0.4,71,0.00,272,0.84,0.0,29.5,19.5,49
2014-11-22,-5.8,-2.0,61,0.00,264,0.93,0.0,28.8,24.9,48
2014-11-23,0.9,4.5,70,0.00,251,1.09,0.0,23.2,19.1,59
2014-11-24,2.2,9.5,91,5.50,171,0.29,7.0,35.6,18.7,83
2014-11-25,11.3,12.6,84,1.80,223,1.07,6.0,35.9,29.4,54
2014-11-26,3.8,6.6,62,0.90,260,1.29,2.0,24.9,17.3,50
2014-11-27,-1.1,0.5,84,40.60,20,0.46,20.0,37.5,28.5,74
2014-11-28,-5.8,-3.8,81,0.00,328,0.43,0.0,20.9,13.1,70
2014-11-29,-7.1,-5.3,77,0.00,294,0.47,0.0,17.3,14.6,58
2014-11-30,-3.4,5.6,84,0.90,195,0.47,3.0,28.3,20.4,80
2014-12-01,4.5,6.2,90,1.70,226,0.41,5.0,27.2,20.4,84
2014-12-02,-7.9,-0.6,57,0.00,320,0.74,0.0,26.3,18.5,50
2014-12-03,-3.0,6.0,80,14.90,151,0.32,12.0,29.8,19.8,53
2014-12-04,0.2,6.2,77,5.20,252,0.75,8.0,34.7,26.7,54
2014-12-05,-12.4,-8.4,60,0.00,285,0.55,0.0,25.0,13.8,51
2014-12-06,-5.0,0.5,74,10.00,165,0.47,7.0,16.3,13.7,52
2014-12-07,-6.0,0.5,75,5.60,323,0.48,5.0,28.0,23.0,55
2014-12-08,-15.9,-12.6,69,0.00,314,0.35,0.0,25.0,13.9,56
2014-12-09,-7.7,-0.0,76,0.00,150,0.40,0.0,20.6,14.4,62
2014-12-10,0.4,0.8,94,75.80,61,0.16,22.0,42.1,32.2,84
2014-12-11,2.9,4.3,94,61.40,84,0.32,15.0,37.9,22.2,92
2014-12-12,2.2,3.7,98,4.30,87,0.16,12.0,19.4,11.9,95
2014-12-13,1.1,1.8,98,0.50,217,0.24,2.0,9.7,6.7,94
2014-12-14,-0.1,1.5,94,0.00,343,0.28,0.0,14.2,7.9,84
2014-12-15,0.0,0.8,85,0.00,334,0.48,0.0,21.5,16.7,71
2014-12-16,-3.3,-1.3,79,0.00,38,0.33,0.0,12.4,6.2,74
2014-12-17,-2.2,-0.1,82,0.00,122,0.33,0.0,17.5,9.8,78
2014-12-18,0.7,2.0,95,32.80,34,0.18,23.0,32.4,20.5,83
2014-12-19,-1.0,0.2,84,7.90,336,0.43,17.0,28.5,22.4,71
2014-12-20,-3.4,-1.6,81,0.00,21,0.43,0.0,22.3,17.2,73
2014-12-21,-4.5,-3.3,83,0.00,16,0.27,0.0,12.4,8.5,76
2014-12-22,-5.8,-3.6,81,0.00,60,0.30,0.0,5.1,2.9,62
2014-12-23,-4.2,-1.9,80,0.00,166,0.32,0.0,9.6,7.4,74
2014-12-24,-1.3,1.4,87,0.70,112,0.25,4.0,17.4,13.0,84
2014-12-25,7.2,9.9,97,25.70,189,0.20,22.0,30.9,26.3,78
2014-12-26,2.2,4.3,64,0.00,253,1.42,0.0,33.8,30.1,57
2014-12-27,-0.4,0.9,70,0.00,265,0.96,0.0,27.2,21.3,61
2014-12-28,-0.6,4.2,85,6.20,237,0.29,10.0,19.7,13.5,75
2014-12-29,-4.2,-0.6,69,0.00,281,0.74,0.0,27.6,20.8,53
2014-12-30,-15.2,-10.2,60,0.00,288,0.49,0.0,24.9,22.4,52
2014-12-31,-18.0,-15.7,62,0.00,267,0.37,0.0,23.0,19.5,52
2015-01-01,-10.9,-5.1,60,0.00,213,0.67,0.0,20.6,17.8,51
2015-01-02,-6.7,-3.5,65,0.10,240,0.78,1.0,28.6,21.4,51
2015-01-03,-15.5,-9.5,58,0.00,288,0.50,0.0,29.6,22.2,50
2015-01-04,-10.0,-1.6,78,17.00,130,0.25,17.0,25.9,17.4,61
2015-01-05,-1.8,2.7,77,1.50,250,0.64,6.0,38.6,26.7,54
2015-01-06,-18.9,-12.2,60,0.00,271,0.41,0.0,34.9,28.2,52
2015-01-07,-17.9,-13.3,72,0.00,241,0.25,0.0,16.3,8.4,64
2015-01-08,-19.7,-15.2,67,0.00,290,0.27,0.0,25.6,20.1,52
2015-01-09,-14.2,-5.3,77,6.40,216,0.30,11.0,28.2,20.4,67
2015-01-10,-11.0,-8.4,69,0.00,244,0.52,0.0,27.6,20.9,47
2015-01-11,-12.2,-8.4,69,0.00,237,0.49,0.0,19.7,17.2,57
2015-01-12,-8.8,-5.8,81,4.00,212,0.28,13.0,15.5,11.4,77
2015-01-13,-12.2,-5.7,71,1.50,316,0.39,5.0,29.0,19.6,53
2015-01-14,-16.9,-10.2,66,0.00,231,0.42,0.0,17.2,15.2,47
2015-01-15,-12.2,-10.0,76,0.00,223,0.37,0.0,16.6,8.5,63
2015-01-16,-5.3,-1.8,86,3.60,191,0.31,15.0,17.5,13.8,67
2015-01-17,-16.0,-6.2,60,0.10,287,0.50,1.0,29.1,24.7,51
2015-01-18,-11.7,2.5,75,0.00,195,0.39,0.0,28.2,18.4,64
2015-01-19,3.9,5.6,87,8.00,156,0.57,10.0,37.0,27.1,81
2015-01-20,-3.6,2.4,75,0.30,248,0.63,2.0,31.1,24.4,55
2015-01-21,-11.4,-7.1,65,0.00,268,0.64,0.0,29.0,19.5,57
2015-01-22,-11.0,-6.2,77,0.00,346,0.36,0.0,11.6,7.7,69
2015-01-23,-9.7,-6.3,74,0.00,283,0.51,0.0,16.7,14.2,56
2015-01-24,-4.8,-0.9,76,1.10,210,0.63,3.0,19.4,14.2,66
2015-01-25,-3.0,-1.3,79,24.70,298,0.71,11.0,35.3,28.0,55
2015-01-26,-14.7,-11.2,62,0.00,279,0.55,0.0,30.4,19.8,49
2015-01-27,-12.5,-8.9,74,21.20,42,0.36,14.0,46.4,31.6,63
2015-01-28,-9.2,-8.3,80,9.70,11,0.41,21.0,41.4,32.3,73
2015-01-29,-10.5,-6.3,69,0.00,315,0.63,0.0,20.3,10.8,47
2015-01-30,-10.7,-7.1,83,0.00,140,0.37,0.0,10.9,8.2,75
2015-01-31,-6.1,-4.4,89,21.90,20,0.22,17.0,38.7,23.8,81
2015-02-01,-10.7,-5.0,66,2.50,301,0.66,11.0,33.0,28.5,52
2015-02-02,-20.1,-17.2,62,0.90,300,0.39,3.0,30.2,18.9,53
2015-02-03,-15.9,-13.8,66,19.50,337,0.52,13.0,41.6,28.8,45
2015-02-04,-16.6,-10.0,73,0.50,216,0.43,3.0,19.9,13.3,60
2015-02-05,-6.0,-3.7,84,10.90,221,0.43,24.0,22.4,15.4,66
2015-02-06,-15.4,-10.2,62,1.50,315,0.57,7.0,27.1,21.6,44
2015-02-07,-16.5,-11.9,70,0.00,251,0.45,0.0,14.7,10.9,51
2015-02-08,-17.8,-14.4,69,0.00,324,0.40,0.0,16.2,12.7,54
2015-02-09,-18.7,-17.2,72,0.00,40,0.36,0.0,17.7,15.3,63
2015-02-10,-17.4,-13.3,76,0.00,52,0.38,0.0,14.6,9.4,67
2015-02-11,-17.1,-15.2,73,0.00,6,0.36,0.0,24.8,17.8,63
2015-02-12,-14.1,-9.8,79,0.00,25,0.45,0.0,20.9,15.9,75
2015-02-13,-11.9,-10.9,75,0.30,317,0.50,2.0,23.0,16.0,53
2015-02-14,-18.1,-14.4,62,0.00,261,0.50,0.0,22.7,14.8,43
2015-02-15,-15.7,-13.7,75,29.40,15,0.24,14.0,53.5,28.0,62
2015-02-16,-13.4,-12.1,64,10.10,312,0.66,17.0,49.1,39.5,52
2015-02-17,-13.3,-9.4,57,0.00,293,0.82,0.0,33.7,18.5,42
2015-02-18,-13.2,-10.2,79,0.00,107,0.55,0.0,12.2,9.2,63
2015-02-19,-10.6,-6.0,87,5.20,59,0.33,8.0,22.4,13.3,82
2015-02-20,-5.9,-4.6,77,10.00,220,0.74,7.0,35.2,25.4,55
2015-02-21,-11.6,-8.6,57,0.00,250,0.91,0.0,27.6,22.7,43
2015-02-22,-5.4,-2.1,80,6.30,207,0.73,11.0,22.5,13.1,61
2015-02-23,-7.7,-4.3,76,0.20,255,0.68,2.0,27.5,14.9,55
2015-02-24,-19.5,-14.2,55,0.00,273,0.62,0.0,30.5,22.1,42
2015-02-25,-11.5,-6.4,79,13.40,161,0.46,8.0,33.0,17.7,63
2015-02-26,-10.6,-7.7,63,0.00,271,0.82,0.0,32.2,21.4,42
2015-02-27,-13.9,-10.3,60,0.00,282,0.75,0.0,18.3,15.1,42
2015-02-28,-12.6,-6.3,64,0.00,242,0.87,0.0,20.2,16.7,44
2015-03-01,-9.5,-4.5,68,0.00,233,0.99,0.0,19.7,15.3,48
2015-03-02,-6.2,-3.2,79,3.20,260,0.74,11.0,23.6,12.6,60
2015-03-03,-10.9,-5.5,57,0.00,292,0.99,0.0,35.6,26.9,39
2015-03-04,-6.1,0.7,72,3.80,212,1.11,8.0,25.1,18.4,55
2015-03-05,-7.0,-1.9,62,0.00,278,0.95,0.0,26.8,21.4,43
2015-03-06,-13.7,-8.8,61,0.00,280,0.90,0.0,21.4,15.7,39
2015-03-07,-9.6,-3.7,63,0.00,226,1.12,0.0,20.0,18.0,48
2015-03-08,-7.0,-2.1,72,0.00,249,1.06,0.0,13.7,11.3,50
2015-03-09,-7.5,-3.2,77,0.70,271,0.84,3.0,13.8,8.1,66
2015-03-10,-6.8,-1.0,77,0.00,245,1.24,0.0,15.6,10.7,53
2015-03-11,1.6,5.8,71,0.60,233,1.67,2.0,34.2,26.9,50
2015-03-12,-4.8,-0.2,61,0.20,316,1.24,2.0,30.4,23.8,50
2015-03-13,-11.3,-8.3,57,0.00,302,1.08,0.0,27.6,23.5,43
2015-03-14,-10.7,-4.6,64,0.00,270,1.25,0.0,14.8,10.8,40
2015-03-15,-7.7,-7.0,77,16.70,59,0.48,15.0,41.9,27.8,73
2015-03-16,-7.4,-5.0,69,6.00,15,1.04,11.0,42.5,33.9,57
2015-03-17,-7.3,-3.1,70,0.10,330,1.08,1.0,16.1,10.6,49
2015-03-18,-5.4,-2.7,83,8.60,348,0.57,24.0,32.2,22.1,75
2015-03-19,-6.2,-2.5,66,0.20,305,1.37,1.0,33.2,26.0,54
2015-03-20,-6.0,-0.8,60,0.00,290,1.66,0.0,24.4,16.4,40
2015-03-21,-3.2,1.1,75,0.00,183,1.26,0.0,15.3,13.7,64
2015-03-22,-3.7,-1.2,83,15.30,291,0.51,20.0,36.6,21.7,63
2015-03-23,-9.7,-4.2,60,0.50,257,1.26,3.0,36.9,29.7,49
2015-03-24,-5.7,-1.9,73,0.00,303,1.47,0.0,17.5,11.5,60
2015-03-25,-4.2,0.9,70,0.00,242,1.80,0.0,15.5,9.8,47
2015-03-26,1.0,6.1,77,0.60,214,1.35,2.0,28.1,22.2,67
2015-03-27,2.0,4.5,83,2.80,256,1.27,10.0,14.6,8.8,61
2015-03-28,-2.1,-0.1,77,0.00,16,1.23,0.0,18.8,14.3,60
2015-03-29,-3.2,1.6,64,0.00,305,1.90,0.0,16.8,12.2,41
2015-03-30,-1.6,2.6,71,0.00,199,1.39,0.0,24.2,19.0,58
2015-03-31,0.8,3.9,79,0.00,204,1.75,0.0,20.7,11.8,61
2015-04-01,-3.0,0.4,66,0.00,292,1.57,0.0,24.2,18.2,41
2015-04-02,-5.1,0.6,57,0.00,277,1.85,0.0,22.1,17.4,40
2015-04-03,1.5,8.8,79,5.00,189,1.75,9.0,17.9,12.1,61
2015-04-04,0.1,3.5,89,17.50,358,0.42,13.0,40.9,20.3,80
2015-04-05,-5.5,-2.8,58,2.30,278,1.60,4.0,34.9,24.2,40
2015-04-06,-7.0,-1.4,55,0.00,258,1.73,0.0,25.0,16.7,34
2015-04-07,-3.7,0.8,77,0.30,214,1.40,2.0,17.0,10.5,57
2015-04-08,-4.6,-1.7,67,0.00,326,1.75,0.0,18.6,13.2,43
2015-04-09,-3.5,0.7,75,0.00,135,1.88,0.0,16.1,10.7,58
2015-04-10,-2.4,1.8,84,9.70,156,0.53,10.0,22.1,18.5,76
2015-04-11,4.6,6.9,79,5.40,241,1.79,6.0,32.7,26.0,55
2015-04-12,2.3,6.1,71,0.00,276,2.14,0.0,21.6,14.1,53
2015-04-13,3.3,12.3,75,0.00,190,2.72,0.0,22.4,12.7,50
2015-04-14,6.4,10.6,70,3.20,223,2.24,5.0,33.7,26.3,38
2015-04-15,2.9,5.1,65,0.00,283,2.61,0.0,23.3,16.7,52
2015-04-16,0.1,4.1,68,0.00,327,2.41,0.0,18.7,11.4,47
2015-04-17,5.1,11.1,66,0.00,228,2.37,0.0,27.2,21.5,55
2015-04-18,1.7,6.5,77,0.00,4,1.79,0.0,19.1,15.1,67
2015-04-19,0.3,4.4,77,0.00,112,2.06,0.0,13.5,6.0,62
2015-04-20,0.5,2.9,81,0.00,44,1.99,0.0,17.5,12.1,73
2015-04-21,2.0,3.5,86,15.90,138,0.65,16.0,30.6,22.9,80
2015-04-22,3.6,5.6,92,6.80,135,1.15,15.0,27.8,13.3,79
2015-04-23,0.8,2.0,95,13.00,93,0.64,11.0,22.8,13.3,85
2015-04-24,1.2,3.1,93,5.90,84,1.31,11.0,12.9,7.1,81
2015-04-25,1.1,3.4,92,0.00,13,1.39,0.0,10.8,7.4,80
2015-04-26,1.1,3.3,92,2.20,32,1.00,8.0,14.2,8.8,82
2015-04-27,1.4,2.3,95,13.50,20,0.44,22.0,37.0,25.3,88
2015-04-28,1.6,2.3,93,18.30,10,0.44,17.0,38.4,30.2,89
2015-04-29,1.8,2.7,93,6.70,13,0.58,24.0,33.9,23.8,90
2015-04-30,2.0,3.2,89,4.60,23,0.82,14.0,29.3,25.7,86
2015-05-01,0.8,2.6,87,0.00,24,1.24,0.0,20.4,14.9,81
2015-05-02,1.9,7.5,83,0.00,144,2.53,0.0,18.0,8.9,63
2015-05-03,3.2,6.4,84,0.00,37,2.59,0.0,18.4,10.0,71
2015-05-04,8.3,17.9,76,0.00,194,3.77,0.0,24.7,14.8,48
2015-05-05,11.3,13.5,61,0.00,260,4.15,0.0,28.0,23.9,37
2015-05-06,7.4,11.7,53,0.00,291,3.80,0.0,24.7,19.0,32
2015-05-07,6.1,11.2,59,0.00,306,3.54,0.0,21.6,16.3,38
2015-05-08,3.1,5.7,68,0.00,66,2.54,0.0,14.8,10.2,54
2015-05-09,6.3,14.2,67,1.20,184,2.87,2.0,24.5,16.5,49
2015-05-10,10.8,14.5,94,5.10,232,1.47,15.0,22.4,13.0,88
2015-05-11,8.3,13.6,72,0.00,38,2.93,0.0,18.7,13.8,55
2015-05-12,8.0,12.4,93,13.80,186,0.66,19.0,20.9,16.4,70
2015-05-13,7.7,12.4,78,7.20,347,1.89,7.0,25.2,15.5,40
2015-05-14,9.6,17.1,51,0.00,275,4.62,0.0,16.2,13.8,31
2015-05-15,12.5,19.2,59,0.00,238,4.47,0.0,15.9,10.8,32
2015-05-16,12.6,18.8,72,0.00,188,3.73,0.0,18.8,12.0,49
2015-05-17,10.7,14.4,73,4.30,171,1.70,14.0,17.2,13.4,51
2015-05-18,10.3,15.3,77,0.00,109,3.92,0.0,15.1,8.3,50
2015-05-19,10.6,12.7,81,9.60,211,1.76,8.0,19.4,17.9,66
2015-05-20,11.5,16.7,81,2.80,233,2.33,3.0,26.8,22.0,51
2015-05-21,11.1,16.8,50,0.00,272,4.62,0.0,30.3,21.3,32
2015-05-22,10.6,13.9,67,0.30,181,2.80,1.0,23.9,14.8,51
2015-05-23,7.6,11.9,64,1.80,281,3.56,5.0,26.6,20.1,34
2015-05-24,11.4,18.7,50,0.00,246,4.70,0.0,27.1,22.6,36
2015-05-25,15.3,24.3,65,0.00,243,5.04,0.0,24.6,13.7,39
2015-05-26,16.1,21.2,81,7.40,216,2.27,8.0,25.0,20.0,56
2015-05-27,19.3,24.0,80,0.00,213,4.67,0.0,26.4,17.8,66
2015-05-28,19.2,25.7,84,7.40,224,3.78,5.0,28.5,22.5,60
2015-05-29,13.0,18.2,78,1.80,33,3.76,4.0,18.9,14.5,57
2015-05-30,16.7,24.4,76,0.00,195,4.90,0.0,30.1,20.8,54
2015-05-31,14.2,19.4,75,5.30,245,1.71,6.0,31.8,19.4,56
2015-06-01,10.3,12.0,70,0.00,77,2.61,0.0,15.3,9.3,56
2015-06-02,7.7,8.4,68,1.10,83,1.59,6.0,16.8,14.3,61
2015-06-03,6.9,7.8,85,14.40,49,1.17,19.0,28.1,20.7,72
2015-06-04,10.7,15.6,72,0.00,23,4.08,0.0,15.8,10.8,54
2015-06-05,13.9,19.7,70,0.00,196,4.66,0.0,20.5,15.8,50
2015-06-06,12.7,15.4,78,5.50,250,2.36,8.0,20.3,15.9,55
2015-06-07,11.1,15.0,56,0.00,5,4.65,0.0,17.7,13.0,46
2015-06-08,12.4,17.0,64,2.10,185,3.58,7.0,21.3,16.6,45
2015-06-09,14.1,16.5,88,6.30,207,1.37,18.0,26.9,23.6,69
2015-06-10,17.0,20.4,89,8.50,199,2.52,12.0,25.7,21.4,73
2015-06-11,17.6,21.8,81,0.90,204,3.55,2.0,24.6,16.6,66
2015-06-12,18.3,22.7,78,0.70,261,3.70,4.0,19.6,17.0,58
2015-06-13,18.5,22.3,67,5.30,274,4.76,7.0,20.5,14.9,43
2015-06-14,14.3,18.2,62,0.00,360,3.84,0.0,24.4,16.4,51
2015-06-15,14.1,19.3,67,0.00,173,4.73,0.0,20.6,11.2,51
2015-06-16,14.6,17.0,76,1.20,213,2.20,4.0,27.5,22.8,66
2015-06-17,15.9,20.9,69,4.50,307,4.94,6.0,26.8,15.5,38
2015-06-18,17.3,22.1,62,0.00,210,4.94,0.0,21.9,11.8,41
2015-06-19,14.4,18.1,73,14.40,220,2.65,10.0,24.0,16.3,53
2015-06-20,14.7,19.3,61,0.00,293,5.01,0.0,16.2,8.6,45
2015-06-21,14.3,17.2,74,5.60,201,2.27,8.0,18.2,13.9,58
2015-06-22,11.9,12.4,92,15.70,44,0.69,21.0,25.1,19.1,84
2015-06-23,13.3,16.6,84,2.40,120,2.55,3.0,18.6,11.0,70
2015-06-24,15.9,20.7,80,7.80,231,3.85,11.0,23.5,18.2,52
2015-06-25,14.9,17.2,63,0.00,296,3.89,0.0,22.9,16.1,47
2015-06-26,12.5,14.6,78,0.30,41,2.54,2.0,13.7,11.1,67
2015-06-27,14.0,19.4,74,0.00,137,4.27,0.0,13.6,6.6,55
2015-06-28,16.4,20.5,74,0.60,189,3.70,1.0,17.6,13.9,54
2015-06-29,13.5,15.3,89,10.60,116,1.35,19.0,31.6,18.4,81
2015-06-30,16.0,19.6,82,0.10,245,3.27,1.0,15.7,10.9,66
2015-07-01,17.7,21.8,83,0.00,155,3.68,0.0,17.0,11.6,66
2015-07-02,18.8,22.2,79,0.90,198,3.43,4.0,23.4,19.3,57
2015-07-03,18.0,21.2,64,0.00,245,4.53,0.0,23.3,17.8,49
2015-07-04,19.3,25.1,63,0.00,238,5.62,0.0,17.9,12.5,42
2015-07-05,19.5,23.2,73,2.90,231,4.55,7.0,15.2,9.5,55
2015-07-06,18.1,21.9,87,0.00,73,4.16,0.0,14.3,6.6,67
2015-07-07,20.6,25.8,74,0.00,186,5.03,0.0,20.1,14.9,51
2015-07-08,20.7,24.0,77,0.40,220,3.44,2.0,27.5,24.2,59
2015-07-09,18.0,22.4,64,0.00,301,4.95,0.0,19.8,11.6,48
2015-07-10,19.2,23.2,73,0.00,130,5.16,0.0,12.9,8.6,53
2015-07-11,18.3,21.8,82,0.00,64,4.38,0.0,13.1,8.1,67
2015-07-12,21.2,25.8,74,2.00,225,4.16,4.0,19.5,13.1,58
2015-07-13,20.0,23.1,64,0.00,2,5.41,0.0,14.5,11.3,43
2015-07-14,21.3,27.3,66,0.00,174,6.01,0.0,22.2,15.6,45
2015-07-15,19.4,23.1,81,3.20,214,2.46,6.0,20.7,17.4,57
2015-07-16,17.0,21.0,59,0.00,328,5.41,0.0,20.5,14.8,44
2015-07-17,17.4,21.7,58,0.00,341,5.41,0.0,15.9,10.4,42
2015-07-18,18.1,20.9,70,1.70,191,3.06,2.0,13.9,11.9,58
2015-07-19,16.2,17.8,86,18.70,128,1.16,23.0,20.4,15.1,76
2015-07-20,16.6,17.3,92,9.50,80,1.30,14.0,18.1,13.5,88
2015-07-21,17.1,19.0,85,0.00,82,2.34,0.0,14.0,9.0,76
2015-07-22,17.7,19.6,93,4.80,146,1.87,12.0,18.8,12.6,87
2015-07-23,16.6,18.7,93,4.80,1,2.25,14.0,15.5,9.7,78
2015-07-24,14.1,14.7,83,0.30,59,1.80,2.0,21.4,16.4,74
2015-07-25,14.1,15.6,75,0.00,45,2.55,0.0,15.8,12.4,69
2015-07-26,15.9,19.4,79,0.20,147,2.94,2.0,13.7,7.6,67
2015-07-27,17.9,21.9,86,5.80,200,2.36,10.0,17.6,14.4,71
2015-07-28,19.3,23.1,90,4.50,203,2.32,9.0,15.6,12.9,77
2015-07-29,18.4,20.7,83,3.60,327,3.73,2.0,13.6,10.9,61
2015-07-30,18.5,23.0,83,0.00,120,4.32,0.0,15.9,6.9,65
2015-07-31,21.9,26.4,79,0.00,212,3.46,0.0,17.3,14.4,60
2015-08-01,21.3,25.7,76,1.00,231,4.50,2.0,17.7,11.9,55
2015-08-02,19.9,24.5,75,0.00,247,4.43,0.0,15.5,14.3,46
2015-08-03,21.6,27.3,68,0.00,206,5.57,0.0,26.0,17.6,46
2015-08-04,21.5,25.7,83,10.20,198,3.33,5.0,20.9,16.4,58
2015-08-05,20.1,23.8,79,0.20,230,4.14,1.0,20.7,16.5,49
2015-08-06,18.8,23.0,74,0.60,259,4.11,1.0,18.7,14.9,53
2015-08-07,17.7,19.3,77,0.70,281,3.45,4.0,18.4,14.1,72
2015-08-08,17.6,19.0,79,0.00,74,3.51,0.0,21.8,16.3,69
2015-08-09,16.9,18.2,78,0.20,49,2.28,2.0,22.2,18.2,71
2015-08-10,18.1,22.9,73,0.00,18,4.28,0.0,18.4,13.2,44
2015-08-11,19.8,24.5,75,0.00,191,4.39,0.0,19.1,14.5,53
2015-08-12,18.7,20.9,92,28.90,163,1.01,17.0,23.9,17.2,66
2015-08-13,20.8,24.1,87,0.40,217,3.20,4.0,16.1,12.5,64
2015-08-14,20.5,23.8,77,0.00,235,3.89,0.0,19.0,14.6,56
2015-08-15,21.6,25.8,73,0.00,226,4.43,0.0,19.4,12.4,58
2015-08-16,23.2,28.8,76,0.00,237,4.94,0.0,15.5,13.2,47
2015-08-17,24.5,29.5,71,0.00,232,5.42,0.0,20.4,16.7,52
2015-08-18,23.0,27.1,80,0.80,229,3.97,3.0,19.3,14.6,69
2015-08-19,20.5,24.0,89,1.80,48,3.06,3.0,12.5,8.7,79
2015-08-20,22.1,27.4,84,0.00,192,4.20,0.0,16.3,12.1,58
2015-08-21,22.9,25.9,84,2.20,180,2.95,4.0,19.8,17.0,72
2015-08-22,22.9,24.4,88,5.40,207,2.77,14.0,18.9,11.1,78
2015-08-23,21.0,22.9,87,0.00,54,3.00,0.0,14.2,8.7,67
2015-08-24,20.3,22.2,85,0.00,53,2.83,0.0,17.1,12.9,75
2015-08-25,20.4,22.1,89,0.70,57,2.47,5.0,14.3,10.7,81
2015-08-26,21.0,23.3,88,6.20,153,2.08,8.0,18.2,15.1,73
2015-08-27,19.4,22.8,92,24.00,179,1.74,18.0,20.3,14.1,74
2015-08-28,19.4,23.8,71,0.00,279,4.20,0.0,17.8,14.2,50
2015-08-29,20.1,24.3,70,0.00,249,4.33,0.0,15.8,13.9,52
2015-08-30,20.3,23.7,75,0.10,241,3.31,1.0,14.6,13.0,62
2015-08-31,20.5,24.8,79,2.80,238,3.41,4.0,25.6,18.8,53
2015-09-01,16.9,19.3,65,0.00,341,4.08,0.0,26.1,20.1,48
2015-09-02,18.6,25.5,77,0.40,214,3.41,1.0,14.5,11.1,62
2015-09-03,19.5,21.5,75,0.30,313,3.75,2.0,17.3,14.5,50
2015-09-04,15.3,17.2,65,0.00,5,3.35,0.0,17.1,13.0,56
2015-09-05,17.9,26.6,71,0.00,237,4.10,0.0,18.7,14.4,46
2015-09-06,19.4,21.6,79,0.00,283,3.61,0.0,19.5,10.6,68
2015-09-07,22.7,29.2,69,0.00,235,4.83,0.0,31.1,23.8,53
2015-09-08,17.4,24.7,83,1.80,19,1.59,4.0,22.5,18.3,70
2015-09-09,17.1,23.8,79,0.00,166,2.15,0.0,25.8,15.3,72
2015-09-10,20.8,23.2,77,0.00,241,3.44,0.0,24.8,13.8,50
2015-09-11,16.0,18.9,89,43.50,79,0.54,19.0,35.4,18.8,75
2015-09-12,15.6,18.3,85,4.70,357,1.75,3.0,30.2,20.1,70
2015-09-13,15.5,18.6,87,0.10,145,1.72,1.0,13.2,7.7,71
2015-09-14,17.4,21.7,91,5.60,121,1.37,7.0,22.4,17.1,85
2015-09-15,17.7,21.7,81,3.90,282,2.46,7.0,22.4,14.7,58
2015-09-16,18.1,19.7,77,0.00,329,2.88,0.0,19.3,15.7,68
2015-09-17,19.8,27.0,79,0.00,228,3.70,0.0,23.0,17.5,55
2015-09-18,21.3,25.1,77,0.00,247,3.43,0.0,19.4,11.5,65
2015-09-19,21.2,25.5,77,0.00,213,3.71,0.0,23.1,18.0,58
2015-09-20,19.0,21.0,81,3.20,219,1.93,6.0,27.2,21.8,55
2015-09-21,14.6,18.2,60,0.00,338,3.51,0.0,19.8,11.1,45
2015-09-22,14.9,18.0,79,0.00,152,2.33,0.0,11.5,5.4,60
2015-09-23,16.6,21.9,72,0.00,225,3.17,0.0,13.9,10.9,49
2015-09-24,15.2,18.0,63,0.00,319,3.39,0.0,19.5,15.9,40
2015-09-25,11.7,14.7,56,0.00,321,3.13,0.0,21.4,12.7,41
2015-09-26,11.0,14.2,57,0.00,338,3.05,0.0,17.2,13.8,37
2015-09-27,13.1,19.6,61,0.00,240,3.58,0.0,25.3,20.5,43
2015-09-28,16.8,21.9,59,0.00,233,4.25,0.0,26.8,24.3,48
2015-09-29,18.9,23.3,77,2.40,219,2.67,7.0,27.7,23.7,63
2015-09-30,15.1,19.1,96,59.70,28,0.38,22.0,32.3,24.6,89
2015-10-01,11.3,13.2,81,58.20,12,1.44,13.0,45.3,34.4,60
2015-10-02,9.8,11.4,72,2.30,28,1.74,11.0,29.8,26.2,61
2015-10-03,8.5,9.5,79,7.30,28,1.65,18.0,31.4,28.1,62
2015-10-04,9.4,13.0,73,0.00,15,2.13,0.0,18.9,14.3,65
2015-10-05,10.5,15.0,83,0.00,161,1.97,0.0,8.9,5.5,58
2015-10-06,11.4,15.4,85,0.00,293,1.93,0.0,8.7,7.1,64
2015-10-07,12.0,16.7,79,0.00,253,2.17,0.0,13.2,8.6,53
2015-10-08,10.5,13.5,62,0.00,295,2.60,0.0,22.9,17.6,47
2015-10-09,7.7,9.1,64,0.60,264,1.48,2.0,16.6,9.5,53
2015-10-10,7.2,9.3,69,8.70,280,2.05,8.0,35.0,25.1,34
2015-10-11,6.1,9.5,72,2.50,237,1.15,9.0,21.3,17.8,53
2015-10-12,11.8,17.4,80,0.00,216,1.61,0.0,14.9,12.1,64
2015-10-13,12.8,15.1,91,5.60,171,0.77,7.0,15.9,13.6,80
2015-10-14,15.4,17.5,85,1.30,220,1.81,7.0,26.3,20.6,59
2015-10-15,9.8,14.2,56,0.00,271,2.59,0.0,20.7,16.0,42
2015-10-16,9.0,11.7,81,6.10,211,1.08,8.0,30.4,19.8,65
2015-10-17,4.6,7.8,69,3.20,287,1.55,5.0,25.3,11.8,48
2015-10-18,3.1,5.3,74,6.30,308,1.46,7.0,21.9,19.1,40
2015-10-19,2.1,4.9,57,0.00,307,1.83,0.0,24.0,19.5,36
2015-10-20,5.7,11.7,65,0.60,225,1.76,2.0,26.5,23.1,60
2015-10-21,4.9,7.7,56,0.10,288,2.19,1.0,23.9,20.2,43
2015-10-22,4.3,8.3,78,3.10,180,0.63,9.0,22.0,12.8,62
2015-10-23,6.8,10.3,79,0.70,299,1.21,4.0,25.7,21.8,58
2015-10-24,4.5,7.2,70,0.00,3,1.50,0.0,23.3,12.9,59
2015-10-25,7.5,10.4,82,3.50,198,0.83,7.0,29.8,23.6,76
2015-10-26,5.0,10.2,64,0.60,310,1.59,3.0,23.2,20.0,44
2015-10-27,2.2,6.5,58,0.00,263,1.76,0.0,22.7,17.2,39
2015-10-28,3.5,7.4,69,0.00,252,1.49,0.0,21.8,13.4,50
2015-10-29,8.8,14.4,92,23.90,170,0.31,20.0,33.5,24.4,73
2015-10-30,8.5,14.3,64,0.50,250,2.12,2.0,37.4,30.3,46
2015-10-31,4.2,7.6,54,0.00,280,2.09,0.0,30.2,20.6,44
2015-11-01,5.1,7.4,80,6.00,182,0.61,7.0,25.7,13.1,64
2015-11-02,7.3,8.7,84,2.10,282,0.83,4.0,23.0,17.4,66
2015-11-03,4.6,5.7,82,0.60,290,0.56,6.0,12.4,8.5,74
2015-11-04,4.3,7.6,85,0.00,287,0.77,0.0,17.7,13.0,68
2015-11-05,4.2,5.4,76,0.00,353,0.70,0.0,14.7,9.4,68
2015-11-06,7.9,12.6,89,0.90,183,0.54,3.0,25.4,16.1,81
2015-11-07,10.8,14.4,64,0.00,260,2.21,0.0,30.8,27.2,43
2015-11-08,3.3,5.7,49,0.00,283,2.14,0.0,35.5,27.5,36
2015-11-09,3.7,9.0,61,0.00,249,1.65,0.0,23.7,20.0,48
2015-11-10,6.4,11.0,75,0.00,252,1.32,0.0,21.6,15.6,61
2015-11-11,4.8,6.3,76,0.00,77,1.02,0.0,24.3,20.4,69
2015-11-12,4.6,5.7,77,0.00,80,0.68,0.0,18.4,10.4,70
2015-11-13,6.2,8.0,95,15.90,157,0.23,18.0,24.2,17.1,79
2015-11-14,5.7,6.6,89,3.20,267,0.60,7.0,24.5,15.9,62
2015-11-15,3.9,5.8,69,0.60,296,1.37,4.0,25.6,22.3,54
2015-11-16,2.6,4.9,68,0.20,290,1.20,2.0,22.9,18.5,55
2015-11-17,1.8,2.9,66,0.20,346,1.14,2.0,24.0,18.5,52
2015-11-18,0.5,2.2,70,0.00,352,0.81,0.0,15.7,10.4,61
2015-11-19,1.1,3.7,75,0.00,168,0.77,0.0,17.0,12.2,65
2015-11-20,4.2,6.3,85,1.10,150,0.59,5.0,25.1,20.5,79
2015-11-21,5.1,6.4,84,5.40,160,0.78,10.0,28.7,14.8,62
2015-11-22,6.4,9.4,89,6.80,151,0.46,12.0,25.8,18.3,80
2015-11-23,3.0,6.2,96,50.90,348,0.15,24.0,29.0,19.2,84
2015-11-24,-1.1,0.6,58,0.70,295,1.25,5.0,25.6,22.1,40
2015-11-25,-3.4,-1.3,57,0.00,290,1.08,0.0,20.9,15.9,46
2015-11-26,0.3,5.8,71,0.00,207,0.98,0.0,30.6,20.7,62
2015-11-27,7.6,10.6,84,0.00,218,0.98,0.0,32.4,30.1,78
2015-11-28,2.2,9.0,82,8.80,353,0.49,13.0,26.5,18.3,66
2015-11-29,-2.3,-0.6,62,0.00,297,0.90,0.0,25.8,16.1,43
2015-11-30,-6.6,-4.6,48,0.00,310,1.03,0.0,25.7,16.4,39
2015-12-01,-2.8,1.2,54,0.00,240,1.22,0.0,22.0,17.5,42
2015-12-02,1.0,2.6,88,12.90,215,0.34,17.0,20.4,14.0,67
2015-12-03,1.7,3.0,96,28.80,32,0.21,24.0,35.6,18.8,86
2015-12-04,-3.2,-0.8,71,8.80,5,0.83,8.0,38.2,22.6,61
2015-12-05,-1.1,2.3,80,0.00,259,0.62,0.0,17.8,15.1,64
2015-12-06,1.1,5.3,84,0.00,235,0.67,0.0,24.0,19.6,69
2015-12-07,2.0,4.3,79,0.00,249,0.80,0.0,24.3,19.1,69
2015-12-08,-0.3,1.3,72,0.00,351,0.70,0.0,16.3,12.3,66
2015-12-09,0.5,1.9,82,0.00,56,0.46,0.0,17.2,12.4,75
2015-12-10,1.1,3.1,87,0.00,175,0.38,0.0,17.3,12.2,79
2015-12-11,5.1,7.5,93,0.20,181,0.25,1.0,17.5,14.2,86
2015-12-12,6.4,7.9,92,1.00,252,0.47,5.0,21.3,17.4,76
2015-12-13,2.4,4.7,70,0.00,293,1.06,0.0,23.8,20.9,51
2015-12-14,-0.5,0.0,68,2.00,346,0.62,7.0,21.7,10.4,60
2015-12-15,-0.1,0.5,85,32.70,86,0.42,21.0,35.7,28.6,81
2015-12-16,-0.4,0.6,84,8.60,12,0.49,13.0,36.5,23.6,71
2015-12-17,-3.9,0.1,86,0.00,192,0.35,0.0,23.5,12.6,77
2015-12-18,1.7,2.5,94,17.80,141,0.19,18.0,22.3,12.3,85
2015-12-19,0.2,1.7,79,5.10,279,0.70,9.0,31.7,20.5,58
2015-12-20,-5.4,-2.5,62,0.00,277,0.97,0.0,34.4,29.8,56
2015-12-21,-5.1,-1.9,73,0.30,249,0.49,1.0,24.2,13.9,66
2015-12-22,-1.8,-1.0,85,7.20,77,0.35,13.0,23.8,16.8,78
2015-12-23,0.2,1.2,92,13.50,81,0.29,8.0,25.7,10.8,88
2015-12-24,2.1,6.1,94,10.40,139,0.18,15.0,25.5,19.0,91
2015-12-25,4.4,7.8,76,0.00,245,0.94,0.0,28.7,20.8,64
2015-12-26,-0.8,0.9,77,0.00,267,0.65,0.0,19.7,16.3,62
2015-12-27,-3.9,-1.8,79,11.70,355,0.34,14.0,17.2,12.8,70
2015-12-28,-9.1,-4.1,73,2.20,325,0.44,11.0,30.6,22.8,57
2015-12-29,-13.4,-10.3,73,2.10,309,0.28,8.0,21.8,13.2,67
2015-12-30,-6.4,-4.4,76,3.10,62,0.41,8.0,19.5,12.9,70
2015-12-31,-1.3,1.8,89,1.90,194,0.28,7.0,18.9,14.0,80
2016-01-01,-4.9,-1.5,81,0.00,265,0.42,0.0,18.9,15.5,65
2016-01-02,-5.0,-0.9,80,0.00,245,0.56,0.0,23.5,19.6,66
2016-01-03,-3.7,-1.8,85,0.90,223,0.35,8.0,20.4,14.0,77
2016-01-04,-7.5,-3.0,79,1.80,351,0.36,13.0,23.0,19.4,64
2016-01-05,-14.8,-10.6,70,0.00,307,0.41,0.0,23.6,19.4,54
2016-01-06,-9.2,-4.7,68,0.00,246,0.66,0.0,27.9,23.6,62
2016-01-07,-4.5,-0.3,81,0.00,253,0.53,0.0,20.5,15.8,71
2016-01-08,-6.1,-3.0,78,0.00,1,0.42,0.0,15.5,10.5,70
2016-01-09,-4.9,-3.3,78,0.00,96,0.34,0.0,12.5,10.0,72
2016-01-10,-3.0,0.6,87,0.00,141,0.31,0.0,25.4,14.5,82
2016-01-11,2.6,6.3,84,18.70,166,0.61,17.0,43.5,31.2,54
2016-01-12,-10.1,-5.4,58,0.00,253,0.76,0.0,33.5,22.6,49
2016-01-13,-4.7,-3.2,77,16.90,52,0.52,16.0,36.7,29.1,56
2016-01-14,-9.8,-6.1,68,0.00,266,0.62,0.0,33.6,27.1,59
2016-01-15,-12.8,-9.0,66,0.00,259,0.57,0.0,28.6,26.3,54
2016-01-16,-10.8,-4.6,79,0.30,14,0.29,2.0,23.0,13.4,71
2016-01-17,-5.1,-1.8,81,0.20,305,0.51,2.0,22.4,14.2,68
2016-01-18,-8.2,-4.2,75,0.00,288,0.44,0.0,15.0,12.3,62
2016-01-19,-11.5,-9.1,71,0.30,267,0.49,3.0,27.4,24.1,62
2016-01-20,-6.3,-4.5,69,0.00,290,0.82,0.0,29.6,27.0,60
2016-01-21,-8.9,-7.1,68,0.00,294,0.66,0.0,25.6,22.0,58
2016-01-22,-10.1,-7.4,69,0.00,309,0.60,0.0,23.5,21.0,58
2016-01-23,-11.8,-8.7,73,0.00,328,0.47,0.0,20.9,14.4,59
2016-01-24,-8.1,-5.5,74,0.00,32,0.51,0.0,20.0,16.2,68
2016-01-25,-9.0,-5.6,74,0.00,303,0.52,0.0,18.6,12.3,62
2016-01-26,-4.1,4.0,80,1.10,202,0.65,3.0,31.5,20.9,73
2016-01-27,1.5,3.1,79,0.10,247,0.87,1.0,28.6,23.0,66
2016-01-28,-7.2,-2.8,71,0.00,236,0.70,0.0,17.1,13.8,55
2016-01-29,-1.8,-1.0,92,3.30,90,0.29,6.0,27.8,15.4,79
2016-01-30,-3.2,-2.1,80,5.90,331,0.57,9.0,27.0,16.0,66
2016-01-31,-0.8,3.9,83,2.00,204,0.77,5.0,18.1,15.8,69
2016-02-01,2.9,7.5,84,0.00,216,0.87,0.0,32.5,20.9,68
2016-02-02,-5.7,2.6,65,0.00,290,0.88,0.0,27.7,17.1,52
2016-02-03,-10.7,-5.8,72,5.30,234,0.37,7.0,26.0,11.2,62
2016-02-04,3.8,7.1,88,7.60,210,0.64,11.0,32.1,22.6,74
2016-02-05,-2.0,2.2,84,15.70,348,0.33,12.0,25.1,15.5,78
2016-02-06,-7.6,-4.8,71,10.70,300,0.78,7.0,28.5,21.6,50
2016-02-07,-5.3,-0.8,73,0.00,238,0.81,0.0,31.4,22.4,43
2016-02-08,-9.5,-6.9,71,0.20,29,0.57,1.0,37.2,27.1,61
2016-02-09,-5.0,-4.2,80,16.60,41,0.58,24.0,39.7,31.2,73
2016-02-10,-6.5,-3.4,77,1.20,280,0.73,4.0,21.9,15.8,57
2016-02-11,-7.9,-5.0,76,0.00,271,0.56,0.0,12.2,9.1,55
2016-02-12,-10.9,-7.0,65,0.00,285,0.65,0.0,23.4,18.7,48
2016-02-13,-15.1,-10.4,70,0.00,8,0.47,0.0,22.1,12.8,58
2016-02-14,-16.7,-12.6,65,0.00,318,0.47,0.0,24.2,21.1,47
2016-02-15,-16.3,-10.2,62,0.00,262,0.65,0.0,27.8,23.4,48
2016-02-16,-4.3,7.8,81,7.20,185,0.70,9.0,32.2,21.4,68
2016-02-17,5.5,9.9,80,5.60,199,1.19,4.0,47.0,27.2,61
2016-02-18,-4.3,-1.3,73,0.00,336,0.86,0.0,16.4,13.1,60
2016-02-19,-8.0,-2.0,64,0.00,311,1.03,0.0,18.8,11.7,43
2016-02-20,-3.9,0.2,75,3.00,175,0.63,7.0,29.6,17.6,65
2016-02-21,2.2,4.7,89,2.50,208,0.84,7.0,28.7,15.0,74
2016-02-22,-5.8,1.0,65,0.00,306,0.99,0.0,21.9,17.3,44
2016-02-23,-12.2,-8.5,63,0.00,314,0.84,0.0,20.8,11.3,47
2016-02-24,-7.8,-3.2,78,6.30,120,0.48,8.0,18.9,11.3,69
2016-02-25,4.1,9.8,98,32.20,154,0.34,19.0,29.1,19.2,94
2016-02-26,2.2,8.9,79,2.40,226,0.83,6.0,31.6,26.7,57
2016-02-27,-7.0,-2.6,59,0.00,260,1.25,0.0,24.3,19.9,45
2016-02-28,-3.7,-1.7,58,0.00,241,1.38,0.0,30.0,23.2,37
2016-02-29,-4.1,4.4,77,1.30,98,0.99,7.0,21.7,14.9,62
2016-03-01,-2.3,3.3,72,0.40,260,1.00,3.0,33.4,20.3,42
2016-03-02,-5.1,6.7,77,9.80,135,0.50,10.0,38.9,20.6,64
2016-03-03,-9.7,4.8,61,0.70,272,0.84,2.0,32.6,26.7,43
2016-03-04,-13.8,-7.3,54,0.00,249,0.99,0.0,28.1,18.5,40
2016-03-05,-9.5,-6.7,66,0.00,24,0.79,0.0,29.0,18.9,58
2016-03-06,-8.5,-2.7,70,0.00,305,1.08,0.0,14.3,10.4,47
2016-03-07,-4.6,2.0,74,0.40,198,1.02,3.0,24.5,15.8,58
2016-03-08,-1.5,0.2,75,0.00,293,1.29,0.0,20.5,16.1,52
2016-03-09,-4.6,2.0,80,6.70,149,0.45,8.0,17.8,12.2,70
2016-03-10,-1.0,3.0,87,5.80,35,0.74,8.0,15.5,11.6,72
2016-03-11,-3.5,1.6,78,0.70,42,1.35,5.0,10.7,7.3,58
2016-03-12,-2.6,2.0,71,0.00,259,1.08,0.0,20.7,15.4,60
2016-03-13,0.7,2.4,70,0.00,299,1.52,0.0,34.7,24.6,54
2016-03-14,-5.8,-3.6,70,0.00,24,1.26,0.0,23.1,14.1,63
2016-03-15,-3.8,1.9,78,0.00,153,0.78,0.0,16.4,14.5,69
2016-03-16,0.8,4.2,91,10.70,149,0.65,16.0,13.0,5.1,77
2016-03-17,-2.8,0.5,85,3.50,72,0.50,10.0,17.5,14.5,75
2016-03-18,-4.4,-3.4,80,2.90,45,0.75,13.0,19.7,16.1,64
2016-03-19,-7.4,-5.0,64,0.00,288,1.07,0.0,24.3,16.0,44
2016-03-20,-8.1,-1.7,60,0.00,297,1.49,0.0,19.6,13.8,43
2016-03-21,-5.8,-3.9,83,18.00,90,0.42,12.0,24.3,14.0,74
2016-03-22,-4.7,-2.9,64,6.10,283,1.43,5.0,38.3,29.7,40
2016-03-23,-5.6,-1.7,63,0.40,274,1.41,3.0,23.4,16.5,42
2016-03-24,-8.7,-3.3,58,0.00,296,1.42,0.0,20.8,15.6,41
2016-03-25,-4.9,-3.6,80,14.10,89,0.40,13.0,25.2,14.9,65
2016-03-26,-3.8,-0.8,78,2.70,1,1.38,5.0,20.6,14.7,59
2016-03-27,-3.1,2.8,78,0.00,166,1.70,0.0,15.3,9.9,58
2016-03-28,-0.1,4.1,86,0.20,172,1.19,2.0,15.9,14.0,68
2016-03-29,0.7,1.4,90,51.30,10,0.50,23.0,43.8,31.1,73
2016-03-30,-0.8,4.7,60,0.00,287,2.31,0.0,27.0,18.4,43
2016-03-31,3.2,4.9,74,4.90,219,1.22,9.0,26.3,19.9,56
2016-04-01,7.7,11.0,92,2.00,206,0.94,9.0,28.9,24.1,88
2016-04-02,4.6,8.9,88,3.30,219,1.37,9.0,25.8,15.1,61
2016-04-03,0.9,3.8,80,4.30,300,1.55,7.0,34.9,14.3,52
2016-04-04,-8.2,-4.5,50,0.00,278,1.67,0.0,37.5,28.4,38
2016-04-05,-8.7,-4.9,51,0.00,323,1.57,0.0,18.8,16.5,38
2016-04-06,-7.3,-0.7,52,0.00,294,1.72,0.0,25.4,20.2,36
2016-04-07,1.3,8.5,78,3.10,187,1.02,13.0,28.2,21.4,56
2016-04-08,7.9,10.4,86,8.90,166,1.42,13.0,42.6,32.0,71
2016-04-09,4.8,7.9,79,0.10,217,1.74,1.0,18.2,13.6,48
2016-04-10,-0.8,2.7,55,0.00,305,2.11,0.0,29.3,22.3,37
2016-04-11,-0.0,5.1,51,0.00,228,2.34,0.0,20.5,14.8,38
2016-04-12,6.8,11.4,94,11.10,183,0.66,22.0,32.9,24.5,75
2016-04-13,5.2,9.2,78,10.70,257,2.38,8.0,27.7,13.7,46
2016-04-14,2.2,5.5,61,0.00,16,2.44,0.0,16.3,13.3,46
2016-04-15,1.4,4.5,71,0.00,20,2.10,0.0,29.0,20.3,58
2016-04-16,1.2,3.3,79,0.00,36,1.80,0.0,23.9,19.9,67
2016-04-17,4.7,15.5,68,0.00,205,3.28,0.0,16.1,10.1,39
2016-04-18,3.8,9.7,66,0.00,26,2.45,0.0,23.3,17.7,59
2016-04-19,0.8,4.5,69,0.00,94,2.07,0.0,15.9,7.8,55
2016-04-20,2.5,6.2,68,0.00,18,2.17,0.0,21.3,12.0,55
2016-04-21,7.9,17.4,55,0.00,303,4.02,0.0,21.7,16.1,36
2016-04-22,7.9,12.1,69,0.00,79,3.17,0.0,15.5,7.3,56
2016-04-23,6.1,10.1,86,3.80,61,1.40,11.0,14.8,9.4,73
2016-04-24,3.6,6.2,58,2.20,324,3.02,7.0,22.4,19.7,29
2016-04-25,2.0,4.9,45,0.00,298,2.73,0.0,20.4,15.7,30
2016-04-26,1.5,5.1,53,0.00,9,2.74,0.0,17.9,9.5,38
2016-04-27,1.9,6.3,71,0.00,67,2.32,0.0,20.5,10.0,39
2016-04-28,0.1,2.9,47,0.10,326,2.51,1.0,23.4,19.5,29
2016-04-29,2.9,8.8,44,0.00,277,3.63,0.0,18.2,12.6,31
2016-04-30,4.4,9.9,55,0.00,335,3.60,0.0,16.9,10.7,45
2016-05-01,4.9,9.5,73,0.00,105,2.99,0.0,18.1,11.6,54
2016-05-02,6.3,11.6,76,0.00,118,2.50,0.0,16.9,10.7,53
2016-05-03,4.3,5.7,89,6.80,44,0.60,11.0,24.1,18.1,78
2016-05-04,4.8,7.5,83,0.00,42,2.11,0.0,18.4,12.6,68
2016-05-05,3.2,4.2,92,7.70,53,0.50,12.0,24.2,18.3,86
2016-05-06,4.3,7.6,92,12.60,30,0.81,15.0,27.9,21.5,77
2016-05-07,6.0,9.8,83,0.00,92,2.71,0.0,15.9,8.7,70
2016-05-08,9.2,16.0,88,0.10,155,2.20,1.0,19.3,9.7,71
2016-05-09,6.7,12.6,68,3.10,236,2.60,6.0,35.3,28.6,40
2016-05-10,7.2,11.8,66,0.90,276,2.71,4.0,28.7,19.3,50
2016-05-11,7.1,11.0,61,0.00,329,3.39,0.0,14.5,9.8,42
2016-05-12,7.6,12.1,60,0.00,337,3.35,0.0,20.1,14.2,52
2016-05-13,7.9,14.5,67,0.00,146,3.72,0.0,15.4,10.8,48
2016-05-14,9.2,11.6,86,12.80,194,1.00,11.0,22.6,13.9,63
2016-05-15,6.3,8.1,88,9.20,46,1.51,8.0,23.2,14.0,80
2016-05-16,5.4,7.7,88,4.40,236,1.12,17.0,33.7,24.2,71
2016-05-17,7.9,11.7,76,2.10,283,2.10,12.0,23.0,16.3,61
2016-05-18,10.2,14.9,67,0.00,268,3.37,0.0,17.7,11.0,49
2016-05-19,11.2,16.2,76,0.00,158,3.40,0.0,14.8,7.3,54
2016-05-20,14.0,20.9,67,0.00,224,4.36,0.0,17.0,10.4,35
2016-05-21,17.2,23.9,55,0.00,260,5.50,0.0,16.8,13.3,32
2016-05-22,14.4,18.0,68,0.00,206,4.13,0.0,19.9,12.6,60
2016-05-23,11.5,15.5,83,0.00,42,3.44,0.0,19.4,13.6,70
2016-05-24,13.4,20.3,81,0.00,111,3.92,0.0,16.1,6.7,59
2016-05-25,17.0,21.9,80,0.00,198,3.91,0.0,18.2,14.6,56
2016-05-26,12.9,18.2,87,1.10,352,1.24,5.0,24.7,18.1,73
2016-05-27,8.9,12.6,78,1.80,77,1.95,6.0,19.6,12.7,72
2016-05-28,10.6,12.7,89,9.20,285,1.42,8.0,19.0,15.1,76
2016-05-29,10.6,14.6,74,0.00,155,2.97,0.0,13.7,7.5,57
2016-05-30,12.3,15.6,86,6.50,203,1.55,13.0,21.6,17.5,74
2016-05-31,18.5,23.9,79,0.20,244,4.12,1.0,22.8,17.4,54
2016-06-01,12.3,18.8,70,0.00,48,3.75,0.0,18.7,14.8,58
2016-06-02,10.4,14.8,68,0.00,127,3.57,0.0,18.3,12.3,52
2016-06-03,11.5,13.9,81,3.80,176,2.55,10.0,19.5,14.4,69
2016-06-04,13.2,16.5,94,4.40,193,1.40,8.0,14.6,10.0,85
2016-06-05,11.8,13.9,89,0.90,38,2.38,3.0,14.3,10.7,78
2016-06-06,9.6,10.7,97,14.00,128,0.61,13.0,24.5,18.7,89
2016-06-07,14.4,19.4,91,0.70,164,3.07,3.0,13.0,10.9,73
2016-06-08,13.2,15.5,97,33.40,174,1.36,23.0,20.4,12.9,85
2016-06-09,9.3,11.7,89,10.20,289,0.85,18.0,23.9,20.6,79
2016-06-10,10.2,15.2,78,2.00,3,2.48,12.0,24.3,18.4,59
2016-06-11,14.0,18.7,76,0.00,242,3.27,0.0,14.2,10.7,58
2016-06-12,12.3,15.0,91,8.80,122,1.58,15.0,22.0,14.5,80
2016-06-13,8.1,9.7,98,14.20,22,0.67,24.0,22.2,17.1,96
2016-06-14,7.0,9.2,92,2.50,344,0.79,13.0,26.5,21.7,82
2016-06-15,10.1,12.0,79,0.00,327,1.53,0.0,21.2,15.6,68
2016-06-16,10.5,11.8,73,0.00,336,2.06,0.0,18.9,11.7,61
2016-06-17,11.5,14.3,69,0.00,353,4.09,0.0,18.9,13.6,55
2016-06-18,15.4,24.4,62,0.00,254,5.37,0.0,15.3,12.1,32
2016-06-19,19.3,25.7,56,0.00,232,6.50,0.0,28.1,24.2,47
2016-06-20,19.8,25.5,59,0.00,215,6.53,0.0,31.9,26.7,50
2016-06-21,18.1,23.8,59,0.00,212,5.38,0.0,31.7,21.5,47
2016-06-22,17.2,20.4,68,0.00,233,4.29,0.0,15.9,10.8,47
2016-06-23,16.3,19.5,78,3.90,182,3.65,5.0,16.5,8.0,59
2016-06-24,15.8,20.4,71,0.00,288,4.42,0.0,12.8,8.7,42
2016-06-25,18.9,26.1,67,0.00,217,5.64,0.0,16.5,14.2,42
2016-06-26,21.1,26.5,64,0.00,195,6.16,0.0,17.5,14.6,46
2016-06-27,21.5,27.7,64,0.00,194,6.35,0.0,29.1,17.8,43
2016-06-28,19.5,23.5,72,1.60,212,4.14,3.0,29.7,27.1,59
2016-06-29,19.8,22.3,89,2.80,184,2.01,9.0,21.0,16.0,73
2016-06-30,20.3,23.5,82,1.60,218,4.02,9.0,16.2,13.2,57
2016-07-01,20.9,26.3,70,0.00,221,5.14,0.0,19.2,10.9,44
2016-07-02,18.2,22.6,84,16.10,180,1.90,11.0,25.3,18.8,63
2016-07-03,16.6,19.0,69,0.10,259,4.07,1.0,27.7,20.9,49
2016-07-04,18.5,24.2,59,0.10,259,5.46,1.0,18.8,15.2,40
2016-07-05,18.8,22.0,81,1.30,230,3.35,4.0,17.7,10.9,62
2016-07-06,15.3,18.3,89,0.40,30,2.36,2.0,19.9,13.5,74
2016-07-07,12.1,13.2,79,13.60,83,1.64,6.0,17.0,13.9,72
2016-07-08,13.6,15.4,85,4.90,80,2.75,5.0,17.4,14.4,75
2016-07-09,13.7,15.5,79,0.00,63,2.36,0.0,14.8,11.4,72
2016-07-10,13.9,14.5,85,3.00,59,1.34,11.0,18.5,13.3,77
2016-07-11,15.9,22.0,74,2.40,13,3.74,10.0,20.2,14.2,46
2016-07-12,18.7,24.3,81,2.30,197,4.65,4.0,13.5,7.5,60
2016-07-13,18.2,23.0,83,0.00,114,4.28,0.0,18.6,10.2,64
2016-07-14,22.1,27.6,75,0.00,209,5.37,0.0,30.4,24.3,62
2016-07-15,23.1,27.7,74,0.00,223,5.00,0.0,31.2,24.1,53
2016-07-16,20.0,23.7,75,0.20,27,3.57,1.0,15.4,11.0,68
2016-07-17,18.7,21.4,85,5.20,134,2.29,6.0,10.9,8.0,77
2016-07-18,20.1,24.5,89,0.70,213,3.09,2.0,22.4,14.4,66
2016-07-19,19.1,22.3,68,0.10,258,4.65,1.0,23.5,20.4,46
2016-07-20,17.5,21.5,61,0.00,277,4.21,0.0,27.6,18.8,53
2016-07-21,20.7,26.4,65,0.00,255,5.04,0.0,18.4,13.1,45
2016-07-22,22.5,27.5,68,1.00,212,5.13,5.0,26.1,21.6,56
2016-07-23,21.3,25.3,87,9.10,236,3.34,8.0,18.1,13.1,70
2016-07-24,20.7,23.4,89,2.20,330,3.80,3.0,11.1,8.2,74
2016-07-25,20.0,22.4,94,0.40,77,3.08,3.0,12.6,6.4,83
2016-07-26,20.7,22.6,83,2.10,175,2.94,6.0,15.0,10.3,69
2016-07-27,21.2,24.1,86,0.10,319,3.92,1.0,12.0,6.7,71
2016-07-28,21.8,25.7,88,14.60,199,2.89,5.0,13.0,8.8,71
2016-07-29,20.6,23.5,92,13.60,207,2.86,17.0,11.5,7.9,76
2016-07-30,20.7,23.7,76,0.00,335,3.94,0.0,11.2,6.7,51
2016-07-31,20.5,23.4,70,0.00,291,4.08,0.0,13.1,9.7,51
2016-08-01,19.8,22.3,78,0.00,46,3.89,0.0,13.5,7.7,62
2016-08-02,19.0,20.8,77,0.00,89,3.45,0.0,12.7,11.3,64
2016-08-03,19.8,24.7,73,0.40,170,4.47,1.0,12.7,9.8,57
2016-08-04,21.5,26.9,76,2.30,223,4.47,5.0,19.1,16.1,52
2016-08-05,22.6,27.9,72,0.00,227,5.15,0.0,21.3,20.1,54
2016-08-06,21.2,24.4,75,3.00,217,3.67,4.0,29.5,24.2,66
2016-08-07,19.9,23.1,78,0.90,266,3.74,1.0,15.9,13.1,52
2016-08-08,18.3,20.6,64,0.00,281,4.50,0.0,23.0,18.1,40
2016-08-09,17.0,21.6,64,0.00,294,4.44,0.0,17.7,12.9,49
2016-08-10,20.4,26.4,71,0.00,224,4.72,0.0,18.3,13.1,42
2016-08-11,22.1,25.1,82,1.50,230,2.82,5.0,22.9,17.1,72
2016-08-12,18.7,21.9,84,4.70,265,1.47,6.0,15.4,10.9,75
2016-08-13,17.6,20.5,71,0.00,31,4.18,0.0,14.6,9.4,53
2016-08-14,16.5,17.4,87,27.40,111,0.93,17.0,21.7,17.0,73
2016-08-15,16.9,18.1,85,1.50,53,1.42,11.0,15.0,9.6,77
2016-08-16,18.8,24.0,83,0.00,227,3.65,0.0,15.1,9.5,58
2016-08-17,17.8,21.2,88,18.30,107,1.62,13.0,22.7,16.6,80
2016-08-18,18.8,24.3,85,0.30,249,3.55,2.0,13.7,9.0,66
2016-08-19,18.4,20.5,77,0.20,321,3.12,2.0,16.4,13.5,67
2016-08-20,17.5,19.4,83,0.00,58,2.35,0.0,13.0,7.6,70
2016-08-21,19.3,24.0,79,0.00,184,3.60,0.0,18.5,15.2,59
2016-08-22,19.8,22.3,89,13.70,176,1.66,10.0,22.9,17.6,74
2016-08-23,18.1,22.9,67,0.80,275,4.59,1.0,23.5,21.1,43
2016-08-24,20.7,25.9,67,0.20,245,4.52,1.0,20.3,16.6,50
2016-08-25,21.7,25.7,78,0.30,217,3.08,2.0,23.3,19.6,65
2016-08-26,21.9,26.3,86,3.30,221,2.71,11.0,24.4,17.7,72
2016-08-27,19.1,21.4,82,2.00,332,2.99,7.0,20.2,14.9,65
2016-08-28,17.8,21.4,76,0.00,170,2.89,0.0,14.4,7.5,59
2016-08-29,18.3,22.3,81,7.80,230,2.44,7.0,27.8,21.8,66
2016-08-30,16.9,20.7,66,0.00,320,3.90,0.0,19.5,13.7,47
2016-08-31,18.3,23.0,81,0.10,234,3.08,1.0,15.6,11.5,62
2016-09-01,17.3,18.6,96,6.90,73,1.21,16.0,20.2,10.1,93
2016-09-02,15.1,17.1,81,3.70,22,2.07,8.0,26.3,19.2,58
2016-09-03,15.2,17.8,70,0.00,324,2.76,0.0,15.8,10.7,51
2016-09-04,16.2,20.2,72,0.00,196,3.49,0.0,13.4,5.9,55
2016-09-05,18.4,23.7,75,0.00,210,3.85,0.0,18.4,16.2,58
2016-09-06,19.3,25.1,75,0.00,208,3.49,0.0,18.3,11.5,67
2016-09-07,22.1,25.9,82,0.00,223,3.51,0.0,22.5,17.9,59
2016-09-08,21.1,23.7,84,1.30,224,2.25,7.0,21.1,15.5,71
2016-09-09,21.1,25.4,90,5.80,223,1.88,12.0,23.2,16.3,69
2016-09-10,18.2,20.6,78,0.00,344,3.08,0.0,18.8,13.1,65
2016-09-11,18.6,22.5,87,3.40,185,1.68,7.0,34.5,24.3,78
2016-09-12,16.1,20.4,53,0.00,270,4.67,0.0,28.1,23.3,45
2016-09-13,18.2,23.7,66,0.00,236,4.21,0.0,26.4,20.6,51
2016-09-14,17.6,21.1,78,7.90,231,2.36,7.0,31.0,20.1,63
2016-09-15,12.4,15.9,66,0.20,349,3.14,1.0,29.9,17.7,43
2016-09-16,14.3,19.0,68,0.00,239,3.23,0.0,16.0,11.2,48
2016-09-17,15.8,21.0,75,0.00,222,3.12,0.0,21.6,19.1,58
2016-09-18,17.2,20.4,87,6.50,218,1.27,6.0,26.3,22.0,73
2016-09-19,16.1,18.2,95,0.70,31,0.65,5.0,18.9,13.7,90
2016-09-20,15.9,18.7,87,0.20,79,1.38,2.0,16.5,9.7,80
2016-09-21,18.5,21.8,75,0.00,249,3.27,0.0,19.7,16.3,43
2016-09-22,15.7,17.6,64,0.00,287,3.22,0.0,19.9,15.6,49
2016-09-23,12.2,14.3,83,17.20,3,0.62,12.0,19.8,10.6,67
2016-09-24,10.4,12.4,70,0.00,310,2.37,0.0,19.6,15.8,45
2016-09-25,9.2,11.7,63,0.40,323,2.66,3.0,24.9,21.5,50
2016-09-26,10.6,14.4,63,0.00,322,2.62,0.0,22.1,17.4,44
2016-09-27,9.7,11.7,74,0.90,299,1.37,3.0,24.2,17.4,67
2016-09-28,10.7,12.3,65,0.00,55,2.41,0.0,23.5,19.6,55
2016-09-29,10.3,12.0,73,0.00,27,1.94,0.0,23.8,18.9,59
2016-09-30,10.9,16.5,72,0.00,275,2.36,0.0,11.9,6.8,49
2016-10-01,12.8,17.8,80,0.00,224,2.02,0.0,10.8,6.8,58
2016-10-02,13.5,17.1,83,0.00,200,1.61,0.0,13.2,5.8,63
2016-10-03,11.1,13.6,68,0.00,1,2.29,0.0,31.3,19.4,52
2016-10-04,9.2,14.7,71,0.00,233,2.24,0.0,14.8,9.8,47
2016-10-05,12.2,19.2,75,0.00,238,2.49,0.0,18.1,13.5,54
2016-10-06,13.8,19.7,79,0.00,246,2.44,0.0,16.5,10.4,54
2016-10-07,15.9,22.3,72,0.00,262,2.79,0.0,16.9,12.5,47
2016-10-08,15.5,20.6,73,0.00,213,2.80,0.0,24.7,16.6,54
2016-10-09,13.7,15.9,78,6.40,236,1.12,12.0,25.9,15.5,65
2016-10-10,9.1,10.6,82,20.20,10,1.28,18.0,42.0,30.1,56
2016-10-11,8.5,12.9,61,0.00,334,2.54,0.0,37.1,17.4,45
2016-10-12,11.2,16.0,70,0.00,215,2.09,0.0,18.0,15.0,58
2016-10-13,12.2,16.6,75,0.00,199,2.08,0.0,21.9,18.7,63
2016-10-14,10.4,14.0,67,0.10,295,2.24,1.0,26.3,21.0,41
2016-10-15,6.5,9.3,60,0.00,358,2.14,0.0,22.3,13.2,47
2016-10-16,8.6,14.0,71,0.10,199,2.00,1.0,25.0,19.8,59
2016-10-17,11.4,13.2,81,5.40,277,1.50,7.0,22.5,16.6,57
2016-10-18,8.9,10.8,77,0.00,65,1.29,0.0,23.2,14.3,64
2016-10-19,14.2,16.5,78,2.60,224,2.05,5.0,33.2,23.4,55
2016-10-20,10.0,12.5,67,0.00,295,1.99,0.0,19.0,12.3,55
2016-10-21,10.4,13.5,88,8.20,133,0.63,8.0,22.9,19.3,77
2016-10-22,14.3,16.4,99,17.10,120,0.27,15.0,27.8,18.1,96
2016-10-23,11.5,17.0,78,0.00,199,1.39,0.0,32.6,27.5,64
2016-10-24,6.6,8.0,56,0.00,246,2.38,0.0,32.2,29.2,44
2016-10-25,5.1,6.2,76,2.70,262,1.04,11.0,22.9,17.9,59
2016-10-26,5.0,6.2,87,7.90,24,0.84,24.0,31.0,28.8,78
2016-10-27,3.4,4.6,73,1.20,24,1.14,10.0,26.8,17.0,54
2016-10-28,4.1,6.1,66,0.10,105,1.15,1.0,20.5,14.3,57
2016-10-29,6.9,8.1,89,7.90,57,0.47,22.0,22.7,18.2,76
2016-10-30,6.9,8.0,95,8.00,305,0.32,12.0,19.6,14.3,89
2016-10-31,5.9,6.7,87,1.70,332,0.50,9.0,18.2,13.1,79
2016-11-01,5.4,6.3,80,0.50,16,0.78,4.0,21.7,15.4,72
2016-11-02,4.9,5.9,85,0.30,182,0.38,2.0,11.6,7.7,78
2016-11-03,6.3,8.3,95,0.70,298,0.48,2.0,12.6,6.4,88
2016-11-04,5.2,6.9,95,6.20,310,0.34,20.0,20.1,12.4,80
2016-11-05,1.9,4.4,66,0.00,273,1.13,0.0,19.5,11.5,50
2016-11-06,2.8,4.4,82,0.50,13,0.64,4.0,23.5,13.3,74
2016-11-07,2.1,5.3,75,0.00,297,1.01,0.0,15.9,10.2,57
2016-11-08,3.6,9.1,82,0.00,222,1.01,0.0,16.4,12.7,66
2016-11-09,5.6,9.8,87,0.00,262,0.77,0.0,19.4,12.0,75
2016-11-10,2.4,5.2,66,0.30,286,1.14,2.0,20.4,14.9,52
2016-11-11,4.0,4.9,82,7.40,236,0.64,10.0,22.2,19.1,66
2016-11-12,2.0,5.3,62,0.00,281,1.54,0.0,30.3,22.1,52
2016-11-13,5.1,9.1,64,0.00,245,1.73,0.0,31.4,22.3,54
2016-11-14,6.2,10.3,78,0.00,234,1.12,0.0,18.6,15.3,63
2016-11-15,6.0,8.3,91,0.00,101,0.56,0.0,11.6,8.5,85
2016-11-16,6.1,6.7,98,7.10,88,0.18,14.0,23.9,16.5,95
2016-11-17,7.5,9.1,99,5.00,185,0.29,10.0,21.4,10.9,96
2016-11-18,6.2,8.2,90,0.10,12,0.63,1.0,19.0,14.8,79
2016-11-19,4.3,5.2,93,0.20,24,0.37,2.0,21.4,18.5,86
2016-11-20,5.6,7.4,99,4.80,63,0.22,10.0,21.1,11.6,96
2016-11-21,5.9,7.5,87,0.30,162,0.73,2.0,21.9,17.3,68
2016-11-22,2.8,4.6,82,0.20,208,0.61,2.0,25.3,17.7,68
2016-11-23,2.6,4.9,88,3.70,303,0.58,10.0,24.0,19.9,75
2016-11-24,1.3,2.2,69,0.00,347,0.90,0.0,23.7,15.9,59
2016-11-25,1.2,2.5,68,0.00,347,0.59,0.0,9.4,5.6,59
2016-11-26,1.9,3.2,80,0.20,127,0.53,2.0,15.8,10.2,72
2016-11-27,2.1,3.2,79,4.20,31,0.67,11.0,31.5,23.8,72
2016-11-28,1.2,3.5,66,1.70,307,1.22,8.0,28.6,22.8,54
2016-11-29,0.4,2.1,71,0.00,342,0.80,0.0,18.9,12.7,61
2016-11-30,1.3,2.5,90,20.20,93,0.34,16.0,20.9,16.1,81
2016-12-01,1.0,1.9,86,24.30,94,0.37,12.0,37.1,24.2,73
2016-12-02,1.5,2.0,94,7.60,325,0.27,14.0,24.0,19.3,88
2016-12-03,0.3,1.3,92,1.80,343,0.28,7.0,21.6,18.2,89
2016-12-04,-2.7,-0.3,82,0.00,326,0.48,0.0,22.3,19.0,67
2016-12-05,-5.4,-3.3,78,0.00,294,0.46,0.0,18.9,12.1,70
2016-12-06,-5.9,-2.8,81,0.00,291,0.44,0.0,14.2,11.5,67
2016-12-07,-5.6,-3.5,80,0.00,258,0.33,0.0,13.0,9.5,70
2016-12-08,-2.2,0.6,86,0.00,226,0.38,0.0,17.9,13.6,79
2016-12-09,-2.8,-1.4,80,0.00,265,0.56,0.0,28.3,20.0,60
2016-12-10,-9.5,-4.5,67,0.00,290,0.60,0.0,24.6,22.6,56
2016-12-11,-11.3,-6.9,70,0.00,284,0.53,0.0,23.3,21.8,57
2016-12-12,-9.7,-3.2,76,8.60,164,0.32,9.0,26.8,15.1,70
2016-12-13,-2.3,-1.3,88,9.70,309,0.29,18.0,27.0,14.7,82
2016-12-14,-5.5,0.1,82,0.60,215,0.40,4.0,20.0,14.9,74
2016-12-15,-9.4,-5.5,82,2.90,234,0.27,8.0,26.0,13.2,78
2016-12-16,-15.4,-9.3,65,1.00,285,0.45,5.0,43.2,35.6,55
2016-12-17,-16.7,-7.3,73,2.30,241,0.29,7.0,30.7,19.9,64
2016-12-18,0.2,8.0,92,17.70,199,0.27,20.0,36.5,19.3,77
2016-12-19,-11.2,1.9,65,0.00,287,0.56,0.0,31.8,21.0,55
2016-12-20,-16.0,-8.6,69,0.00,229,0.39,0.0,20.7,16.9,54
2016-12-21,-2.6,-0.4,80,0.20,221,0.57,2.0,24.0,18.1,66
2016-12-22,-3.7,-0.8,87,1.40,236,0.31,5.0,16.9,13.2,78
2016-12-23,-1.1,0.4,88,1.10,298,0.42,6.0,17.2,11.4,72
2016-12-24,-0.7,2.3,86,2.30,220,0.41,3.0,20.2,17.6,75
2016-12-25,-2.3,1.1,72,1.10,287,0.77,2.0,40.7,28.7,60
2016-12-26,-12.3,-9.6,68,0.00,312,0.47,0.0,30.9,18.5,59
2016-12-27,-1.7,6.3,81,13.80,208,0.64,15.0,29.4,23.7,69
2016-12-28,-2.6,0.9,82,0.20,315,0.42,1.0,21.0,16.0,72
2016-12-29,-3.0,-0.5,82,1.40,75,0.47,8.0,17.9,14.6,73
2016-12-30,0.3,4.1,81,14.20,165,0.73,9.0,47.8,35.7,63
2016-12-31,-6.9,-1.3,73,0.00,248,0.55,0.0,27.2,20.4,59
2017-01-01,-7.1,-0.9,83,6.50,208,0.34,13.0,15.0,11.6,68
2017-01-02,-6.8,-2.0,74,0.00,279,0.55,0.0,18.3,14.0,57
2017-01-03,-9.8,-5.5,84,0.00,312,0.30,0.0,11.3,7.5,76
2017-01-04,-0.5,6.1,86,19.80,115,0.36,11.0,34.0,22.0,75
2017-01-05,-2.1,0.4,73,2.80,238,0.75,7.0,33.4,21.6,45
2017-01-06,-8.1,-4.7,65,0.00,246,0.64,0.0,24.1,14.5,47
2017-01-07,-14.7,-10.5,70,0.00,270,0.30,0.0,10.1,7.6,53
2017-01-08,-11.3,-7.9,74,11.70,322,0.36,17.0,28.7,17.6,57
2017-01-09,-18.7,-15.1,65,0.00,270,0.30,0.0,16.7,13.3,46
2017-01-10,-14.9,-6.8,72,0.00,202,0.38,0.0,13.4,9.4,58
2017-01-11,1.8,7.8,74,2.90,181,0.93,9.0,37.7,26.1,67
2017-01-12,4.1,7.8,78,1.80,203,0.72,3.0,23.9,18.5,60
2017-01-13,2.0,7.3,74,4.60,262,0.89,8.0,33.4,23.3,45
2017-01-14,-15.8,-10.5,59,0.00,273,0.47,0.0,24.4,17.9,48
2017-01-15,-14.2,-10.4,64,0.60,272,0.46,6.0,18.6,13.3,47
2017-01-16,-15.6,-5.6,66,0.40,234,0.41,4.0,22.5,13.0,51
2017-01-17,-8.0,-4.8,69,0.00,297,0.61,0.0,22.5,16.6,56
2017-01-18,-10.3,-5.5,78,0.00,322,0.37,0.0,11.0,7.7,61
2017-01-19,-7.4,-0.7,84,3.20,184,0.32,13.0,13.8,9.0,75
2017-01-20,-5.2,-1.5,85,0.10,309,0.42,1.0,10.5,6.5,71
2017-01-21,-4.6,1.5,83,0.30,230,0.46,1.0,10.8,7.2,68
2017-01-22,-3.3,-1.2,84,0.10,348,0.41,1.0,21.4,12.4,69
2017-01-23,-6.7,-3.1,76,0.00,358,0.57,0.0,13.6,8.5,52
2017-01-24,-5.3,-1.8,82,5.00,58,0.34,5.0,26.0,12.4,72
2017-01-25,0.5,2.0,86,36.80,64,0.44,20.0,31.7,24.6,79
2017-01-26,0.2,3.2,84,2.70,269,0.63,8.0,22.1,15.5,63
2017-01-27,-2.1,0.0,72,0.10,257,0.84,1.0,31.5,20.0,45
2017-01-28,-5.0,-2.0,64,0.00,255,1.01,0.0,25.7,21.9,52
2017-01-29,-3.5,1.6,71,0.00,248,0.97,0.0,23.4,18.6,55
2017-01-30,-5.7,-1.9,76,0.00,253,0.68,0.0,14.8,10.4,46
2017-01-31,-10.8,-7.1,73,0.00,283,0.53,0.0,13.3,10.2,50
2017-02-01,-14.8,-7.3,75,0.00,265,0.51,0.0,12.1,6.9,53
2017-02-02,-8.2,-3.4,77,1.10,284,0.60,6.0,15.3,8.5,49
2017-02-03,-11.9,-8.3,65,0.00,266,0.58,0.0,23.8,17.0,40
2017-02-04,-18.1,-11.8,67,0.00,291,0.45,0.0,16.4,11.4,44
2017-02-05,-15.7,-6.6,72,0.70,213,0.45,4.0,14.6,8.9,53
2017-02-06,-8.6,-5.1,69,1.60,274,0.63,6.0,29.5,18.3,42
2017-02-07,-16.7,-13.1,55,0.00,295,0.54,0.0,20.9,13.2,40
2017-02-08,-9.3,-0.1,77,15.20,134,0.44,10.0,22.2,12.7,61
2017-02-09,-9.4,-2.7,68,2.80,331,0.55,6.0,21.9,14.6,53
2017-02-10,-12.3,-9.8,65,16.40,318,0.65,12.0,32.5,25.6,45
2017-02-11,-16.6,-11.7,62,0.00,281,0.53,0.0,18.9,10.0,31
2017-02-12,-16.7,-9.7,79,0.00,92,0.49,0.0,11.0,6.0,59
2017-02-13,-6.2,-3.2,79,5.30,64,0.52,17.0,37.1,26.0,73
2017-02-14,-8.1,-5.4,77,3.00,5,0.57,9.0,34.8,23.5,65
2017-02-15,-7.2,-3.2,80,0.00,330,0.58,0.0,11.5,7.7,69
2017-02-16,-4.6,-3.2,84,17.10,7,0.42,17.0,35.8,25.8,75
2017-02-17,-2.1,0.1,66,1.00,296,1.21,6.0,29.3,25.5,52
2017-02-18,-3.5,-0.4,66,0.20,268,0.96,2.0,20.3,13.4,44
2017-02-19,-2.4,0.2,83,1.10,324,0.77,9.0,10.2,7.6,70
2017-02-20,-3.1,-1.8,86,1.30,7,0.62,11.0,15.0,8.5,69
2017-02-21,-6.6,-3.0,74,0.00,336,0.95,0.0,15.7,7.7,55
2017-02-22,-2.1,5.3,74,1.10,198,1.00,2.0,13.8,10.0,55
2017-02-23,1.5,8.7,79,0.00,213,1.25,0.0,21.5,9.1,54
2017-02-24,5.7,9.3,78,0.10,236,1.57,1.0,27.9,15.5,55
2017-02-25,0.6,4.1,84,2.90,59,0.53,9.0,14.1,10.5,78
2017-02-26,4.4,6.6,83,5.10,230,1.05,8.0,27.8,18.3,51
2017-02-27,-2.9,4.1,61,0.00,250,1.51,0.0,27.2,20.1,43
2017-02-28,-4.1,1.7,61,0.00,278,1.39,0.0,21.6,11.7,38
2017-03-01,0.6,7.7,83,11.50,180,0.53,11.0,18.5,11.3,75
2017-03-02,-0.3,4.6,93,15.60,18,0.43,21.0,15.0,11.1,83
2017-03-03,-8.3,-3.0,56,1.80,288,1.14,5.0,29.9,21.2,37
2017-03-04,-14.1,-10.3,57,0.00,291,0.77,0.0,23.8,19.7,40
2017-03-05,-11.7,-6.6,53,0.70,317,1.10,7.0,25.9,23.7,35
2017-03-06,-9.1,-3.1,60,0.00,327,1.24,0.0,23.8,13.0,50
2017-03-07,-6.8,2.3,75,0.10,200,1.19,1.0,12.6,7.4,46
2017-03-08,2.6,7.4,88,6.40,186,0.52,20.0,19.8,13.7,82
2017-03-09,2.2,4.6,69,0.80,250,1.69,6.0,24.9,19.3,41
2017-03-10,-7.4,-1.0,55,0.00,279,1.24,0.0,25.2,19.9,39
2017-03-11,-16.7,-10.6,54,0.00,294,0.67,0.0,26.1,21.3,36
2017-03-12,-14.7,-4.9,55,0.00,261,0.98,0.0,23.0,19.5,45
2017-03-13,-7.5,-1.7,68,0.00,276,1.07,0.0,15.6,11.6,49
2017-03-14,-6.9,-1.3,72,0.70,170,1.04,3.0,23.3,9.0,47
2017-03-15,1.0,4.1,79,22.80,114,1.17,12.0,44.3,23.7,56
2017-03-16,-1.1,2.1,72,1.30,242,1.36,9.0,23.5,13.7,41
2017-03-17,-5.4,-2.1,74,0.20,302,0.97,2.0,10.5,8.8,54
2017-03-18,-5.2,1.7,74,0.00,291,1.63,0.0,9.8,6.5,41
2017-03-19,-4.5,2.5,75,0.00,175,1.66,0.0,10.5,6.7,47
2017-03-20,-3.9,-1.3,85,0.00,34,0.88,0.0,18.5,12.9,79
2017-03-21,-2.3,5.4,75,0.00,344,1.75,0.0,14.3,8.0,40
2017-03-22,-1.7,1.5,78,5.20,58,0.97,12.0,32.7,12.4,61
2017-03-23,-9.3,-5.6,55,1.50,323,1.30,8.0,32.7,26.6,35
2017-03-24,-7.3,-0.3,57,0.00,249,1.55,0.0,23.8,14.9,33
2017-03-25,-1.7,0.8,67,0.00,289,1.79,0.0,21.8,15.6,36
2017-03-26,-6.0,-1.1,56,0.00,310,1.67,0.0,21.2,14.4,31
2017-03-27,-6.5,-2.5,70,0.90,40,0.87,5.0,13.1,9.7,54
2017-03-28,-3.0,-1.1,85,4.70,106,0.65,16.0,15.3,11.9,77
2017-03-29,-2.0,-0.4,85,5.20,54,0.84,14.0,16.6,9.7,67
2017-03-30,-1.1,1.8,71,0.00,352,1.52,0.0,26.1,18.9,50
2017-03-31,-2.0,0.2,68,0.00,360,1.78,0.0,21.0,16.3,56
2017-04-01,-3.6,0.7,74,0.00,40,1.43,0.0,13.3,9.3,58
2017-04-02,-1.6,0.7,82,0.00,40,1.27,0.0,9.7,7.6,62
2017-04-03,-1.3,3.9,80,0.00,1,1.85,0.0,16.3,8.4,53
2017-04-04,-1.2,3.4,80,0.00,70,1.74,0.0,13.0,8.5,64
2017-04-05,-0.7,1.5,82,0.00,95,0.90,0.0,14.8,10.9,70
2017-04-06,0.9,2.4,88,1.00,129,0.69,8.0,14.8,8.8,82
2017-04-07,7.1,14.6,82,7.60,139,1.92,15.0,30.3,18.0,60
2017-04-08,5.0,8.7,82,0.50,200,1.18,5.0,18.9,14.1,56
2017-04-09,3.6,8.7,77,0.00,270,1.79,0.0,13.3,10.2,51
2017-04-10,6.5,17.5,66,0.50,207,2.78,1.0,20.3,13.6,36
2017-04-11,9.3,17.2,66,0.60,229,2.88,4.0,21.3,13.7,50
2017-04-12,2.8,4.5,86,10.40,47,0.71,14.0,11.0,9.2,73
2017-04-13,5.2,11.1,78,4.90,280,2.02,6.0,20.9,14.3,48
2017-04-14,4.5,9.9,67,0.00,308,2.81,0.0,14.0,10.1,37
2017-04-15,6.1,14.3,57,0.00,261,2.92,0.0,16.9,12.0,31
2017-04-16,6.7,8.2,71,2.10,234,1.38,4.0,16.7,9.9,51
2017-04-17,0.6,1.5,89,18.50,36,0.64,19.0,18.8,16.8,79
2017-04-18,-0.4,1.8,68,0.20,38,1.89,1.0,19.6,12.6,53
2017-04-19,-0.9,3.1,66,0.00,135,2.22,0.0,20.2,10.5,41
2017-04-20,1.6,5.1,75,5.30,178,1.35,15.0,16.8,9.7,51
2017-04-21,0.6,3.2,85,0.00,63,1.43,0.0,14.4,10.0,69
2017-04-22,1.0,4.9,76,0.80,84,1.59,4.0,11.0,7.3,48
2017-04-23,3.1,9.3,76,3.00,341,2.48,10.0,12.5,8.3,51
2017-04-24,5.6,10.3,61,0.00,263,3.07,0.0,20.5,14.0,30
2017-04-25,1.7,7.2,59,0.00,62,2.90,0.0,14.2,7.8,36
2017-04-26,7.2,12.0,80,9.90,164,1.05,15.0,21.3,14.1,64
2017-04-27,11.2,15.4,92,2.80,124,1.34,4.0,14.8,10.7,81
2017-04-28,8.4,17.8,91,0.50,301,1.45,2.0,12.7,7.3,74
2017-04-29,13.5,20.4,78,2.70,255,3.02,5.0,27.2,14.9,43
2017-04-30,7.4,12.1,47,0.10,325,4.23,1.0,27.8,19.2,27
2017-05-01,7.1,11.2,70,0.40,198,1.92,4.0,13.4,8.0,43
2017-05-02,6.1,9.4,92,15.80,141,0.92,21.0,25.2,12.3,83
2017-05-03,9.6,14.5,80,1.30,260,2.37,6.0,27.1,18.1,51
2017-05-04,9.7,15.9,56,2.60,302,4.26,3.0,23.0,17.4,28
2017-05-05,11.4,18.5,49,0.00,209,4.18,0.0,20.4,11.7,22
2017-05-06,9.9,14.2,87,27.40,134,0.79,20.0,34.2,23.9,46
2017-05-07,16.3,22.2,89,9.60,149,2.48,15.0,30.6,21.8,62
2017-05-08,14.0,18.5,79,3.70,153,3.14,12.0,21.2,16.5,41
2017-05-09,7.1,12.2,77,2.00,51,1.63,4.0,21.4,13.1,53
2017-05-10,4.9,6.6,91,10.40,68,0.70,17.0,25.4,19.2,83
2017-05-11,5.0,6.0,94,12.10,41,0.63,17.0,23.3,18.9,88
2017-05-12,5.8,8.7,82,0.00,28,2.60,0.0,18.5,13.7,72
2017-05-13,8.8,17.3,75,0.00,82,4.11,0.0,11.2,5.5,52
2017-05-14,9.7,14.0,75,0.00,118,3.03,0.0,15.6,10.9,57
2017-05-15,5.9,9.3,86,8.80,52,0.92,13.0,27.2,21.1,70
2017-05-16,8.5,15.2,83,6.90,351,2.07,16.0,25.3,14.5,59
2017-05-17,14.3,21.0,48,0.00,286,5.22,0.0,22.2,17.8,28
2017-05-18,16.6,25.2,74,2.60,176,4.41,4.0,16.8,9.2,56
2017-05-19,16.6,23.7,80,13.50,287,3.03,11.0,30.2,15.2,58
2017-05-20,9.5,12.5,50,0.00,328,4.04,0.0,31.3,23.8,33
2017-05-21,10.5,16.2,45,0.00,334,5.00,0.0,22.8,17.7,31
2017-05-22,13.2,20.1,52,0.00,262,4.09,0.0,11.0,7.4,31
2017-05-23,11.7,15.8,64,0.00,212,2.54,0.0,23.0,16.4,50
2017-05-24,11.3,14.4,86,0.00,42,2.88,0.0,12.9,9.7,76
2017-05-25,8.2,11.6,80,0.00,81,2.28,0.0,11.9,9.5,65
2017-05-26,7.4,9.0,85,13.10,65,1.11,8.0,22.2,14.9,79
2017-05-27,7.0,9.7,80,2.10,46,2.23,4.0,25.2,19.0,65
2017-05-28,9.3,15.0,80,0.00,115,3.46,0.0,14.7,8.3,63
2017-05-29,7.2,8.2,83,0.30,62,1.45,3.0,14.3,11.1,74
2017-05-30,9.5,15.3,78,0.10,131,2.52,1.0,13.7,7.1,66
2017-05-31,12.0,17.0,73,5.50,196,1.95,8.0,22.9,16.8,46
2017-06-01,15.4,20.8,86,3.30,185,3.12,12.0,14.0,9.7,74
2017-06-02,14.4,18.9,83,12.50,221,3.25,17.0,11.5,6.7,61
2017-06-03,10.6,13.2,86,0.00,13,2.85,0.0,12.2,8.5,75
2017-06-04,9.4,12.6,82,0.00,34,2.68,0.0,17.2,11.6,60
2017-06-05,9.1,12.0,77,0.00,46,2.68,0.0,16.1,11.3,61
2017-06-06,8.6,12.0,78,0.00,59,3.54,0.0,16.2,10.5,67
2017-06-07,12.7,21.3,73,0.00,6,4.39,0.0,9.2,5.6,43
2017-06-08,20.6,29.1,56,0.00,253,6.45,0.0,20.4,13.0,29
2017-06-09,16.4,24.8,64,10.50,226,2.74,9.0,21.9,15.9,37
2017-06-10,15.4,21.2,62,2.40,285,5.31,5.0,26.7,17.0,34
2017-06-11,20.6,30.5,60,0.00,227,5.79,0.0,32.5,20.1,43
2017-06-12,19.8,26.8,54,0.00,293,4.72,0.0,18.4,9.8,31
2017-06-13,20.5,25.0,68,6.60,283,5.20,5.0,22.1,14.4,26
2017-06-14,14.0,19.4,57,1.20,333,4.09,4.0,25.3,16.7,44
2017-06-15,12.4,16.7,73,0.70,139,3.70,3.0,11.7,7.6,54
2017-06-16,13.4,17.9,78,1.70,157,2.89,5.0,16.3,9.5,61
2017-06-17,14.2,18.2,84,4.50,171,1.70,16.0,20.9,14.5,78
2017-06-18,19.5,26.2,85,1.10,210,3.65,4.0,25.1,15.1,57
2017-06-19,22.6,28.4,80,0.00,218,4.52,0.0,26.5,20.5,59
2017-06-20,20.7,23.1,85,0.50,207,2.80,3.0,25.4,21.9,72
2017-06-21,20.3,24.9,72,4.20,226,4.66,4.0,22.9,17.6,44
2017-06-22,18.2,22.6,65,0.00,260,4.34,0.0,23.5,14.1,41
2017-06-23,18.4,26.1,64,0.00,217,4.82,0.0,21.3,11.7,37
2017-06-24,18.4,20.9,93,13.30,212,1.25,13.0,19.6,15.2,83
2017-06-25,19.7,24.8,67,0.20,258,4.97,1.0,17.1,12.6,36
2017-06-26,17.8,21.1,68,9.20,250,4.25,5.0,14.9,10.6,56
2017-06-27,16.2,20.3,73,2.70,202,3.74,4.0,12.7,6.6,55
2017-06-28,16.6,22.2,76,5.20,207,3.75,6.0,16.6,11.0,55
2017-06-29,17.2,22.6,73,0.30,242,4.59,3.0,17.9,10.9,46
2017-06-30,19.1,23.5,74,0.50,206,4.47,4.0,15.5,8.8,57
2017-07-01,16.6,18.3,89,0.80,83,1.56,2.0,19.4,13.4,83
2017-07-02,19.7,27.0,86,10.90,185,3.19,14.0,18.3,15.0,61
2017-07-03,20.9,24.6,73,7.20,246,4.74,4.0,25.3,15.5,46
2017-07-04,18.9,21.6,64,0.00,299,5.07,0.0,18.8,11.8,47
2017-07-05,18.6,24.2,68,0.10,187,4.97,1.0,11.6,7.8,42
2017-07-06,21.2,27.0,61,0.00,219,6.29,0.0,30.9,19.6,43
2017-07-07,21.4,27.5,62,0.00,213,6.23,0.0,26.9,21.3,48
2017-07-08,21.0,25.3,73,3.20,201,4.54,7.0,17.4,8.8,62
2017-07-09,21.8,25.7,71,1.50,235,5.16,4.0,21.0,15.3,41
2017-07-10,19.7,24.6,71,5.90,237,3.97,4.0,19.0,11.9,56
2017-07-11,21.5,27.1,72,0.40,212,4.66,4.0,21.9,15.1,48
2017-07-12,21.1,25.2,63,0.20,263,5.31,1.0,20.0,14.1,34
2017-07-13,17.6,23.2,61,0.00,271,4.33,0.0,13.4,6.5,38
2017-07-14,19.0,24.6,62,0.00,209,5.45,0.0,13.8,7.5,38
2017-07-15,19.5,24.9,62,0.30,211,4.84,2.0,19.0,12.4,43
2017-07-16,21.1,29.1,76,1.60,244,4.70,3.0,20.5,11.3,40
2017-07-17,21.4,25.4,84,0.00,151,4.13,0.0,9.7,5.5,65
2017-07-18,22.6,28.5,73,0.00,217,4.97,0.0,14.9,11.8,45
2017-07-19,23.7,29.4,70,0.00,230,5.39,0.0,21.9,14.7,45
2017-07-20,23.8,27.9,68,0.10,255,4.94,1.0,13.0,8.8,44
2017-07-21,21.7,25.9,75,7.90,243,4.24,6.0,19.1,10.6,56
2017-07-22,19.1,22.5,58,0.70,294,5.08,1.0,22.7,14.9,27
2017-07-23,16.6,22.4,49,0.00,297,5.33,0.0,18.3,11.9,26
2017-07-24,16.6,22.2,60,0.00,290,4.65,0.0,14.5,8.8,35
2017-07-25,17.7,19.7,70,0.00,66,4.06,0.0,15.3,10.1,55
2017-07-26,18.2,25.8,69,0.00,173,5.21,0.0,17.1,8.9,37
2017-07-27,18.7,21.4,63,0.00,211,3.30,0.0,25.9,17.9,55
2017-07-28,18.6,23.2,80,8.90,220,3.05,5.0,15.9,10.8,66
2017-07-29,17.8,21.8,60,0.00,293,4.24,0.0,16.1,9.3,37
2017-07-30,18.1,24.3,67,0.00,343,4.78,0.0,11.2,6.6,37
2017-07-31,20.1,28.7,61,0.60,228,4.71,2.0,15.0,8.2,33
2017-08-01,20.8,26.4,65,0.40,286,5.09,1.0,18.0,10.3,24
2017-08-02,19.6,24.9,69,0.00,134,4.86,0.0,15.2,7.3,48
2017-08-03,22.2,28.4,64,1.00,199,4.94,2.0,15.3,12.1,49
2017-08-04,23.1,29.3,73,0.00,216,4.59,0.0,13.9,8.7,46
2017-08-05,23.2,29.0,66,0.00,195,4.94,0.0,19.7,16.1,37
2017-08-06,21.0,24.5,80,18.00,177,2.53,14.0,25.3,16.8,58
2017-08-07,18.2,21.7,60,0.00,262,4.61,0.0,24.1,18.3,44
2017-08-08,15.4,17.7,68,0.00,244,2.07,0.0,13.0,9.1,56
2017-08-09,17.8,26.1,62,0.00,255,4.33,0.0,22.1,10.9,35
2017-08-10,20.3,26.2,60,0.30,252,4.74,3.0,16.6,9.5,29
2017-08-11,19.2,24.7,68,0.10,192,4.11,1.0,13.7,7.0,46
2017-08-12,18.5,21.0,84,4.90,159,1.63,5.0,8.9,6.7,72
2017-08-13,18.8,23.4,86,3.80,229,2.81,5.0,22.7,12.4,67
2017-08-14,20.0,25.6,59,0.00,262,5.24,0.0,23.8,16.2,35
2017-08-15,20.3,26.2,68,0.10,188,4.16,1.0,15.5,7.7,45
2017-08-16,19.6,23.4,72,14.30,241,3.61,10.0,19.6,13.5,39
2017-08-17,15.3,19.5,60,0.70,277,3.28,4.0,29.6,17.6,46
2017-08-18,16.2,19.8,77,0.00,354,3.16,0.0,12.6,9.1,64
2017-08-19,17.3,18.5,84,1.80,143,1.46,7.0,20.7,15.1,77
2017-08-20,20.1,25.8,86,4.70,219,2.90,7.0,19.5,12.9,59
2017-08-21,21.3,28.6,69,0.00,253,4.74,0.0,18.5,14.1,43
2017-08-22,22.5,26.4,67,0.00,227,4.62,0.0,16.6,12.7,46
2017-08-23,22.1,25.8,84,7.70,198,2.72,9.0,25.1,20.6,66
2017-08-24,19.4,23.6,65,0.00,238,4.36,0.0,24.0,14.7,40
2017-08-25,17.1,22.0,66,0.10,274,3.77,1.0,14.2,8.9,38
2017-08-26,15.3,18.6,74,1.60,320,2.55,9.0,14.9,9.4,55
2017-08-27,14.8,18.0,78,0.60,30,3.04,4.0,13.0,8.0,60
2017-08-28,15.4,22.0,78,0.00,209,3.72,0.0,9.7,7.0,46
2017-08-29,17.0,24.8,64,0.00,201,4.15,0.0,11.0,7.3,39
2017-08-30,17.8,23.6,64,0.00,203,3.17,0.0,12.8,6.8,47
2017-08-31,17.7,24.5,75,6.60,280,3.25,4.0,17.7,7.6,44
2017-09-01,12.2,15.2,71,0.00,262,2.92,0.0,22.9,16.6,43
2017-09-02,12.8,18.2,66,0.10,304,2.82,1.0,20.6,15.4,49
2017-09-03,13.5,19.1,76,0.00,168,3.07,0.0,18.6,9.6,57
2017-09-04,16.2,20.0,78,11.10,202,2.54,10.0,27.4,18.2,56
2017-09-05,19.7,25.9,69,0.00,213,4.16,0.0,29.5,20.6,54
2017-09-06,20.0,23.8,88,9.30,209,1.76,12.0,20.8,16.4,77
2017-09-07,20.3,22.2,93,20.60,188,1.00,20.0,27.9,18.8,82
2017-09-08,18.1,21.5,72,0.00,238,3.42,0.0,21.9,15.8,43
2017-09-09,15.1,16.7,83,1.60,34,2.21,8.0,16.4,10.1,68
2017-09-10,15.0,18.4,77,0.00,360,2.79,0.0,13.5,9.1,53
2017-09-11,15.2,17.6,73,1.20,357,2.75,4.0,21.5,12.8,64
2017-09-12,14.9,20.5,79,0.00,94,3.00,0.0,12.8,7.3,60
2017-09-13,17.8,25.3,73,0.00,256,3.81,0.0,17.9,10.8,41
2017-09-14,20.9,27.1,66,0.40,249,4.11,2.0,18.7,12.7,48
2017-09-15,16.9,19.8,77,0.00,64,2.95,0.0,12.3,6.5,60
2017-09-16,17.1,25.3,81,0.20,201,2.76,1.0,16.9,12.4,59
2017-09-17,15.1,16.8,79,0.00,96,1.15,0.0,11.3,7.8,70
2017-09-18,15.8,17.7,91,5.00,99,0.83,13.0,16.0,10.6,84
2017-09-19,18.4,21.9,87,0.10,181,1.82,1.0,13.9,9.4,68
2017-09-20,19.6,24.6,87,0.00,201,2.47,0.0,9.6,7.0,63
2017-09-21,15.0,16.8,79,0.00,37,2.73,0.0,17.6,10.1,57
2017-09-22,13.5,20.8,76,0.00,172,2.81,0.0,9.5,6.3,48
2017-09-23,18.0,27.0,65,0.00,243,3.69,0.0,19.5,13.8,43
2017-09-24,16.8,22.1,81,0.50,99,2.05,2.0,16.2,7.7,68
2017-09-25,17.5,23.6,81,0.30,133,2.13,2.0,16.2,8.5,64
2017-09-26,22.1,27.9,76,6.20,250,3.19,5.0,22.8,18.0,58
2017-09-27,16.0,20.4,82,1.30,114,1.37,4.0,17.8,12.2,76
2017-09-28,18.0,19.3,76,6.70,253,2.40,9.0,21.5,18.3,48
2017-09-29,10.5,13.7,61,0.40,312,2.17,2.0,22.2,17.8,53
2017-09-30,8.8,11.1,62,0.00,334,2.00,0.0,15.8,10.1,47
2017-10-01,9.6,17.7,62,0.00,240,2.93,0.0,21.9,15.5,39
2017-10-02,10.4,13.5,60,0.00,345,2.50,0.0,20.4,14.1,45
2017-10-03,7.9,12.8,71,0.00,269,1.66,0.0,11.2,8.6,46
2017-10-04,14.2,22.8,71,0.00,226,3.01,0.0,20.0,17.4,52
2017-10-05,16.3,19.1,69,3.70,257,2.94,5.0,24.6,18.4,45
2017-10-06,13.4,16.8,63,0.10,253,2.66,1.0,20.8,14.0,40
2017-10-07,11.4,18.3,71,0.00,227,2.44,0.0,17.6,10.9,42
2017-10-08,16.9,21.0,87,8.60,210,1.23,9.0,28.1,22.4,68
2017-10-09,17.9,22.1,85,2.10,237,1.69,3.0,21.9,11.1,59
2017-10-10,17.4,20.5,91,24.50,322,1.01,9.0,15.9,8.6,73
2017-10-11,12.3,18.1,58,0.00,310,2.73,0.0,23.2,17.3,35
2017-10-12,7.6,10.9,59,0.00,308,2.22,0.0,16.6,12.2,46
2017-10-13,7.7,13.5,68,0.00,243,1.98,0.0,13.0,8.6,43
2017-10-14,12.1,17.5,74,0.10,230,1.88,1.0,30.7,23.8,60
2017-10-15,12.2,16.6,88,4.00,195,0.83,7.0,23.7,13.2,67
2017-10-16,13.8,19.6,72,0.30,264,1.91,2.0,30.6,23.1,54
2017-10-17,6.6,8.7,58,0.00,304,1.99,0.0,17.1,11.9,39
2017-10-18,9.2,13.4,54,0.00,249,2.70,0.0,24.5,18.3,37
2017-10-19,9.6,19.0,64,0.00,201,2.60,0.0,26.2,15.4,46
2017-10-20,12.9,15.3,63,0.00,258,2.62,0.0,26.6,20.8,38
2017-10-21,8.1,11.3,56,0.00,298,2.32,0.0,19.7,15.2,40
2017-10-22,5.0,7.7,69,0.00,347,1.51,0.0,12.8,8.2,52
2017-10-23,7.9,17.0,79,0.00,207,1.55,0.0,16.9,10.7,66
2017-10-24,14.4,21.5,85,0.00,221,1.68,0.0,20.6,14.7,59
2017-10-25,17.7,21.9,83,2.70,177,1.39,5.0,21.4,17.5,69
2017-10-26,18.9,21.1,78,3.00,149,1.93,2.0,29.2,23.2,67
2017-10-27,14.5,17.3,77,7.50,188,1.64,7.0,31.4,24.2,58
2017-10-28,9.1,13.9,75,0.00,256,1.46,0.0,13.6,8.3,54
2017-10-29,9.8,16.1,85,0.00,182,0.98,0.0,13.0,9.7,71
2017-10-30,13.0,17.0,86,6.40,144,0.87,5.0,42.3,24.1,76
2017-10-31,11.1,13.9,60,0.00,220,2.52,0.0,27.4,21.3,38
2017-11-01,7.0,9.6,54,0.00,244,2.01,0.0,22.7,15.2,39
2017-11-02,5.5,10.5,78,4.30,153,0.55,8.0,15.5,8.9,64
2017-11-03,14.8,18.6,89,4.30,202,0.92,11.0,31.4,23.3,73
2017-11-04,6.8,13.6,59,2.30,285,2.03,3.0,26.4,22.7,41
2017-11-05,2.2,5.4,59,0.00,214,1.27,0.0,16.7,10.8,45
2017-11-06,12.6,16.9,83,9.60,192,1.06,12.0,30.3,25.2,67
2017-11-07,3.7,7.8,66,6.60,314,1.18,6.0,21.2,13.2,50
2017-11-08,0.8,3.2,65,0.00,327,1.00,0.0,12.5,7.9,52
2017-11-09,0.5,4.9,70,0.00,243,0.90,0.0,11.2,6.6,44
2017-11-10,0.9,6.3,75,7.60,216,0.60,9.0,26.5,16.9,35
2017-11-11,-2.4,1.7,37,0.00,270,1.92,0.0,29.2,24.2,19
2017-11-12,-3.4,0.5,46,0.00,244,0.98,0.0,14.9,9.9,27
2017-11-13,-2.9,4.3,49,0.00,241,1.14,0.0,10.7,7.9,28
2017-11-14,-0.4,3.1,69,0.10,3,0.82,1.0,22.6,15.0,58
2017-11-15,-0.6,1.2,71,0.00,357,0.67,0.0,15.8,8.8,59
2017-11-16,0.3,3.6,83,2.60,148,0.38,7.0,17.2,8.8,73
2017-11-17,3.7,5.8,93,25.40,13,0.26,24.0,31.6,24.2,82
2017-11-18,-0.4,2.2,70,0.00,295,1.02,0.0,28.2,19.9,57
2017-11-19,3.2,12.5,86,8.70,145,0.25,13.0,27.4,16.0,75
2017-11-20,1.0,12.1,68,2.30,254,0.93,3.0,26.6,21.9,46
2017-11-21,-4.3,1.2,49,0.00,255,1.22,0.0,22.0,17.7,30
2017-11-22,2.4,8.2,93,2.80,202,0.54,4.0,12.5,9.4,73
2017-11-23,0.6,4.7,76,35.50,302,0.85,12.0,31.0,22.6,45
2017-11-24,-1.9,2.7,62,0.30,250,0.99,2.0,23.1,15.0,50
2017-11-25,5.4,11.5,75,0.20,197,1.06,1.0,25.1,18.8,64
2017-11-26,4.0,8.2,92,13.50,274,0.28,16.0,24.0,12.5,65
2017-11-27,-3.5,-1.7,54,0.30,278,1.16,3.0,24.1,20.1,41
2017-11-28,-5.4,-2.5,52,0.00,281,0.96,0.0,18.6,13.7,34
2017-11-29,2.6,6.1,75,1.70,233,0.88,4.0,25.0,20.4,39
2017-11-30,-2.6,0.9,57,0.00,284,1.01,0.0,20.5,12.9,42
2017-12-01,1.3,4.6,88,2.10,183,0.34,6.0,17.3,11.6,67
2017-12-02,-0.0,2.7,84,0.00,333,0.48,0.0,15.1,9.6,65
2017-12-03,0.0,1.3,82,0.30,3,0.35,3.0,12.8,7.5,70
2017-12-04,-0.1,1.0,82,3.00,354,0.42,9.0,15.0,12.1,68
2017-12-05,-1.6,1.9,86,0.50,167,0.33,5.0,16.4,8.6,76
2017-12-06,4.4,9.5,90,19.30,170,0.35,17.0,34.7,22.3,79
2017-12-07,-0.8,3.2,73,0.00,239,0.75,0.0,23.0,12.4,43
2017-12-08,-1.6,1.9,64,0.00,237,0.88,0.0,18.5,13.1,46
2017-12-09,-1.2,3.2,63,0.50,199,0.75,2.0,15.2,9.0,42
2017-12-10,-0.5,0.7,89,19.10,348,0.35,17.0,22.0,14.8,68
2017-12-11,-8.7,-4.4,78,0.40,272,0.34,3.0,21.9,11.4,70
2017-12-12,-10.2,-0.0,83,2.00,344,0.28,8.0,22.7,9.4,77
2017-12-13,2.3,4.7,92,23.70,127,0.28,21.0,29.8,18.2,83
2017-12-14,-10.1,-0.9,66,0.00,237,0.56,0.0,27.9,23.8,52
2017-12-15,-12.9,-9.5,61,0.00,245,0.59,0.0,26.0,22.1,48
2017-12-16,-13.3,-10.8,71,0.00,278,0.37,0.0,18.5,12.6,55
2017-12-17,-13.2,-10.8,65,0.00,287,0.48,0.0,22.7,18.9,53
2017-12-18,-15.8,-10.9,71,0.00,256,0.30,0.0,15.5,8.6,55
2017-12-19,-8.4,-4.4,85,2.80,237,0.23,13.0,9.8,4.6,72
2017-12-20,-2.4,-0.4,79,2.50,269,0.59,7.0,27.9,15.6,59
2017-12-21,-9.7,-4.3,64,0.00,275,0.65,0.0,24.9,22.8,53
2017-12-22,-13.8,-10.3,67,0.00,277,0.44,0.0,20.9,15.2,49
2017-12-23,-14.9,-2.9,85,1.70,288,0.23,3.0,18.2,9.3,73
2017-12-24,-2.1,0.9,77,9.20,283,0.61,6.0,22.0,17.3,46
2017-12-25,-8.5,-3.6,77,20.70,23,0.33,9.0,36.0,18.8,65
2017-12-26,-9.4,-6.3,62,0.80,256,0.75,4.0,32.3,24.4,38
2017-12-27,-17.4,-11.6,56,0.00,255,0.48,0.0,31.6,27.5,49
2017-12-28,-16.6,-11.8,62,0.50,264,0.40,5.0,25.7,18.7,58
2017-12-29,-14.0,-11.2,73,0.00,278,0.33,0.0,16.9,10.7,60
2017-12-30,-13.5,-10.7,77,1.30,257,0.24,11.0,16.0,10.2,65
2017-12-31,-15.2,-10.8,72,0.40,254,0.32,4.0,19.1,14.6,60
2018-01-01,-15.5,-12.3,71,0.00,275,0.34,0.0,19.9,13.9,56
2018-01-02,-16.8,-12.0,71,0.00,265,0.30,0.0,16.3,12.2,55
2018-01-03,-17.2,-12.3,69,0.00,244,0.33,0.0,17.7,12.4,54
2018-01-04,-6.9,0.3,87,20.80,101,0.21,10.0,45.8,16.5,80
2018-01-05,-0.7,7.3,78,20.60,193,0.65,13.0,43.1,30.0,57
2018-01-06,-17.5,-11.1,57,0.10,245,0.46,1.0,31.9,26.5,48
2018-01-07,-18.3,-15.7,57,0.00,275,0.43,0.0,25.1,20.9,46
2018-01-08,-14.4,-10.3,67,1.00,239,0.41,8.0,22.1,11.5,55
2018-01-09,-8.1,-4.4,82,4.80,240,0.35,9.0,21.6,10.3,68
2018-01-10,-8.4,-5.7,66,0.00,283,0.67,0.0,23.0,18.1,53
2018-01-11,-1.0,5.2,75,0.10,219,0.71,1.0,20.7,15.7,66
2018-01-12,8.4,11.9,83,5.80,212,0.94,4.0,40.7,27.2,78
2018-01-13,4.6,13.7,91,51.80,279,0.30,24.0,34.0,24.1,78
2018-01-14,-10.0,-4.3,68,0.20,316,0.49,1.0,18.2,13.7,49
2018-01-15,-13.0,-7.3,74,0.00,359,0.34,0.0,17.2,12.3,63
2018-01-16,-8.2,-6.1,75,0.50,19,0.38,5.0,18.7,13.3,68
2018-01-17,-10.5,-4.8,82,1.30,213,0.28,8.0,11.8,7.8,72
2018-01-18,-5.1,-2.8,83,3.10,248,0.51,9.0,17.0,8.8,57
2018-01-19,-10.3,-7.8,73,0.00,300,0.40,0.0,14.8,9.2,54
2018-01-20,-4.3,3.2,77,2.90,216,0.67,5.0,27.8,17.7,61
2018-01-21,-4.9,2.5,63,0.00,285,0.87,0.0,25.2,16.8,48
2018-01-22,-11.4,-8.3,58,0.00,288,0.64,0.0,17.9,14.7,44
2018-01-23,-9.0,1.5,79,17.30,99,0.19,16.0,20.5,11.4,64
2018-01-24,3.0,9.3,76,14.40,232,0.87,7.0,31.2,24.8,51
2018-01-25,-10.8,-7.7,51,0.00,276,0.86,0.0,23.6,20.8,40
2018-01-26,-13.2,-8.9,59,0.00,296,0.63,0.0,21.7,15.4,42
2018-01-27,-9.1,3.5,66,0.00,210,0.61,0.0,25.5,12.9,51
2018-01-28,4.0,7.6,73,1.80,233,1.27,8.0,27.0,21.9,41
2018-01-29,-6.5,0.4,62,0.00,352,0.72,0.0,17.7,13.0,47
2018-01-30,-8.9,-7.2,68,7.10,32,0.56,14.0,36.8,25.8,59
2018-01-31,-11.2,-8.9,62,10.40,307,0.72,13.0,30.6,24.9,43
2018-02-01,-7.9,0.6,75,1.60,201,0.58,10.0,14.1,9.0,64
2018-02-02,-2.1,1.0,87,11.80,271,0.30,14.0,26.1,15.3,65
2018-02-03,-17.0,-11.1,57,0.10,271,0.51,1.0,26.1,19.6,42
2018-02-04,-11.7,2.9,76,4.00,187,0.45,14.0,30.9,14.4,68
2018-02-05,3.4,5.1,83,16.20,207,0.64,20.0,27.5,18.8,68
2018-02-06,-10.0,-2.9,66,0.00,245,0.70,0.0,23.6,13.5,51
2018-02-07,-12.0,-8.3,76,1.70,252,0.44,5.0,13.7,8.8,60
2018-02-08,-6.6,-5.1,76,23.30,356,0.66,13.0,21.6,15.7,47
2018-02-09,-13.1,-5.6,68,0.00,249,0.65,0.0,16.1,11.2,45
2018-02-10,-8.7,-1.4,80,2.80,205,0.42,11.0,11.7,7.1,69
2018-02-11,-4.7,-1.5,89,9.40,33,0.38,12.0,14.3,9.9,78
2018-02-12,-0.9,4.0,73,0.40,256,1.17,4.0,27.0,19.7,43
2018-02-13,-11.3,-4.0,56,0.00,285,0.82,0.0,25.0,17.3,41
2018-02-14,-6.4,3.1,64,0.00,223,1.08,0.0,28.0,19.8,50
2018-02-15,-0.4,5.1,79,0.10,230,1.04,1.0,15.1,10.1,57
2018-02-16,2.5,5.6,76,1.40,253,1.20,7.0,23.7,13.8,54
2018-02-17,-9.7,-1.0,58,0.10,299,0.89,1.0,24.4,16.4,42
2018-02-18,-7.0,-0.4,74,1.10,173,0.73,8.0,14.8,9.4,65
2018-02-19,-4.4,3.3,72,0.00,224,1.13,0.0,20.5,12.4,44
2018-02-20,0.4,2.4,85,1.70,328,0.70,6.0,21.6,14.1,76
2018-02-21,1.2,12.2,84,3.50,175,1.04,12.0,21.3,13.3,66
2018-02-22,-3.5,10.7,59,0.00,307,1.28,0.0,29.5,18.0,46
2018-02-23,-8.6,-3.2,68,0.00,279,0.95,0.0,11.3,8.9,43
2018-02-24,-0.4,3.1,66,1.40,263,1.37,7.0,23.8,19.1,46
2018-02-25,-6.7,-1.8,71,0.00,26,0.79,0.0,17.9,12.2,60
2018-02-26,-1.2,5.7,79,3.20,177,1.00,15.0,18.8,14.0,59
2018-02-27,-1.1,2.8,70,0.40,282,1.25,3.0,20.2,13.6,44
2018-02-28,-3.3,0.8,82,2.80,105,0.83,5.0,13.5,7.8,73
2018-03-01,-4.1,-2.6,82,2.30,83,0.53,7.0,17.0,13.3,75
2018-03-02,-1.6,-0.3,89,8.00,59,0.66,14.0,26.6,17.1,78
2018-03-03,0.6,1.9,89,1.30,43,0.65,8.0,27.2,24.5,82
2018-03-04,-0.8,0.4,88,0.00,39,0.60,0.0,25.2,22.9,82
2018-03-05,-1.0,0.2,86,0.20,35,0.68,1.0,30.0,24.5,79
2018-03-06,-1.5,-1.0,82,0.60,33,0.72,4.0,31.4,27.3,77
2018-03-07,-1.8,-0.0,82,0.00,52,0.90,0.0,23.7,19.5,72
2018-03-08,-2.1,-1.1,87,8.10,71,0.50,9.0,37.0,25.8,79
2018-03-09,0.8,2.3,88,8.70,99,0.73,13.0,30.3,18.8,79
2018-03-10,-0.4,1.1,89,18.40,59,0.63,24.0,35.1,22.7,75
2018-03-11,-0.8,0.4,91,6.30,20,0.54,22.0,22.6,16.8,86
2018-03-12,-0.7,1.2,83,0.20,12,1.10,2.0,16.7,11.0,65
2018-03-13,-1.4,0.6,86,0.00,60,0.64,0.0,37.2,20.2,79
2018-03-14,0.3,1.0,90,29.00,59,0.49,23.0,42.2,32.0,84
2018-03-15,1.0,3.6,79,4.30,199,1.25,14.0,27.2,14.5,62
2018-03-16,-0.4,2.2,69,0.10,266,1.40,1.0,25.8,19.9,47
2018-03-17,-6.3,-2.4,62,0.40,284,1.10,4.0,21.0,18.2,44
2018-03-18,-8.6,-5.5,58,0.00,299,1.25,0.0,21.3,18.2,42
2018-03-19,-7.9,-2.2,63,0.00,284,1.26,0.0,21.9,17.8,47
2018-03-20,-3.9,1.5,65,0.00,286,1.59,0.0,19.3,16.4,46
2018-03-21,-3.9,-0.3,77,0.00,7,1.33,0.0,17.2,11.5,65
2018-03-22,-2.0,0.2,84,9.30,36,0.70,6.0,38.0,24.1,76
2018-03-23,-0.1,2.0,80,5.70,10,1.00,15.0,37.2,22.5,64
2018-03-24,-0.6,0.0,80,0.70,25,1.02,6.0,27.0,16.3,70
2018-03-25,-3.2,-1.4,72,0.20,29,1.08,2.0,27.9,22.4,62
2018-03-26,-5.7,1.0,66,0.00,11,1.78,0.0,12.9,8.5,34
2018-03-27,-5.8,1.9,72,0.00,118,1.78,0.0,11.1,6.3,36
2018-03-28,-1.6,0.6,81,9.20,16,0.52,13.0,13.5,9.1,70
2018-03-29,1.4,7.7,76,0.00,294,2.17,0.0,12.8,9.3,47
2018-03-30,2.3,6.7,85,7.20,186,0.67,11.0,19.6,9.0,74
2018-03-31,1.9,3.9,65,0.40,294,2.08,4.0,29.4,18.3,30
2018-04-01,1.8,7.9,72,4.30,213,1.54,6.0,34.9,15.7,43
2018-04-02,-1.2,3.5,54,0.00,282,2.22,0.0,22.8,15.1,35
2018-04-03,-2.7,5.4,61,0.00,232,1.93,0.0,15.1,7.9,35
2018-04-04,0.1,2.0,89,17.90,105,0.42,16.0,22.3,13.9,72
2018-04-05,-1.6,0.7,68,5.90,259,1.46,5.0,31.1,21.8,41
2018-04-06,-5.7,1.3,50,0.00,254,1.96,0.0,28.7,21.0,33
2018-04-07,-1.3,2.3,82,5.20,124,1.35,15.0,19.2,9.6,59
2018-04-08,-1.6,3.3,83,0.00,7,1.48,0.0,14.3,6.6,46
2018-04-09,-3.7,-1.4,58,0.00,300,1.68,0.0,32.9,23.1,38
2018-04-10,-2.8,3.7,59,0.00,265,2.22,0.0,17.6,12.7,34
2018-04-11,-0.6,5.2,69,0.00,197,2.12,0.0,13.4,6.8,28
2018-04-12,1.8,7.2,67,0.30,172,2.46,2.0,16.6,9.4,41
2018-04-13,3.8,10.1,75,5.90,211,2.18,7.0,19.7,14.5,43
2018-04-14,-0.5,2.6,62,0.00,295,1.88,0.0,29.4,19.4,36
2018-04-15,-5.9,-1.7,55,0.00,321,1.98,0.0,19.4,13.1,37
2018-04-16,-4.6,0.5,77,0.00,104,1.27,0.0,13.2,7.9,61
2018-04-17,1.5,4.3,82,27.90,103,0.75,17.0,27.9,19.5,71
2018-04-18,3.2,6.1,82,1.80,235,1.34,8.0,19.7,12.3,59
2018-04-19,3.4,7.9,80,0.10,235,1.97,1.0,13.7,9.9,56
2018-04-20,0.5,1.7,88,5.40,27,0.98,21.0,21.9,14.4,71
2018-04-21,1.4,5.7,70,0.40,305,2.05,2.0,16.9,11.1,43
2018-04-22,2.3,7.5,64,0.00,307,2.89,0.0,11.4,8.4,34
2018-04-23,3.7,13.6,57,0.00,276,3.45,0.0,11.4,8.9,17
2018-04-24,7.9,16.8,51,0.00,233,4.26,0.0,18.8,14.5,24
2018-04-25,9.9,17.4,60,0.00,221,3.15,0.0,24.6,18.6,47
2018-04-26,9.7,12.2,90,12.60,155,0.75,19.0,29.5,20.6,72
2018-04-27,13.0,19.8,74,0.20,231,3.62,1.0,21.6,15.7,42
2018-04-28,12.3,17.1,82,4.90,192,1.67,10.0,20.2,12.1,69
2018-04-29,7.0,13.1,88,0.00,20,1.64,0.0,16.6,9.5,77
2018-04-30,5.2,6.3,89,5.70,72,0.88,7.0,15.9,11.5,82
2018-05-01,6.4,13.3,86,0.10,330,1.81,1.0,13.4,7.4,52
2018-05-02,12.4,24.6,71,1.40,238,4.20,1.0,21.3,14.9,41
2018-05-03,4.9,17.9,82,8.70,49,1.03,11.0,18.9,14.3,63
2018-05-04,5.5,13.1,84,5.80,93,2.26,11.0,13.9,8.3,62
2018-05-05,10.6,17.8,70,14.60,251,3.81,7.0,41.1,25.0,31
2018-05-06,11.5,15.7,66,0.70,257,3.57,3.0,20.6,10.3,48
2018-05-07,7.6,13.0,67,4.20,6,3.47,9.0,19.0,12.5,28
2018-05-08,10.2,20.6,64,0.00,210,4.60,0.0,30.1,16.8,36
2018-05-09,9.9,14.6,58,0.00,117,3.96,0.0,22.4,13.5,42
2018-05-10,9.2,14.9,59,0.00,138,4.01,0.0,21.4,13.7,44
2018-05-11,9.7,12.5,61,0.50,265,3.74,2.0,28.4,22.3,32
2018-05-12,6.3,13.4,48,0.00,277,3.83,0.0,23.0,14.4,27
2018-05-13,8.9,13.8,48,0.00,217,4.50,0.0,20.2,13.6,27
2018-05-14,14.0,21.6,49,0.00,216,5.59,0.0,26.9,22.0,39
2018-05-15,14.4,20.5,74,2.60,222,2.96,4.0,25.5,16.4,54
2018-05-16,6.7,13.5,49,0.00,1,3.99,0.0,23.9,15.7,39
2018-05-17,10.6,14.0,61,0.20,254,3.53,2.0,28.2,20.5,41
2018-05-18,6.2,11.8,63,0.00,300,3.65,0.0,17.3,11.1,32
2018-05-19,10.7,21.1,56,0.00,229,4.78,0.0,19.9,8.8,29
2018-05-20,13.3,17.7,70,9.90,238,2.79,9.0,25.7,19.1,35
2018-05-21,12.7,18.7,45,0.00,282,5.24,0.0,34.7,20.3,22
2018-05-22,12.1,21.8,47,0.00,235,5.25,0.0,26.9,13.0,31
2018-05-23,9.0,18.3,74,12.00,5,1.74,11.0,27.4,19.6,36
2018-05-24,7.5,15.6,65,0.00,252,3.83,0.0,17.1,8.5,33
2018-05-25,13.0,21.1,75,5.00,236,3.20,12.0,21.7,16.1,53
2018-05-26,8.7,12.7,82,0.30,52,2.14,3.0,15.9,11.6,73
2018-05-27,8.8,14.1,69,0.00,134,3.99,0.0,19.9,10.4,45
2018-05-28,12.9,21.3,51,0.10,198,5.15,1.0,20.7,15.5,31
2018-05-29,15.4,19.3,69,10.50,289,4.31,14.0,24.1,18.8,38
2018-05-30,11.5,16.1,57,0.00,37,4.49,0.0,13.0,9.3,46
2018-05-31,16.9,25.8,59,0.00,196,5.59,0.0,14.5,10.2,43
2018-06-01,21.7,30.5,65,0.90,200,5.33,2.0,11.7,8.4,38
2018-06-02,14.4,22.4,83,24.50,4,1.54,15.0,33.2,20.2,65
2018-06-03,7.0,8.8,61,0.00,27,3.61,0.0,27.9,19.8,52
2018-06-04,6.2,10.2,70,0.00,133,2.74,0.0,14.7,8.7,46
2018-06-05,7.8,9.6,76,1.40,100,1.53,9.0,12.7,10.0,67
2018-06-06,9.2,14.7,75,4.90,167,3.65,11.0,14.6,5.9,51
2018-06-07,13.2,21.7,66,0.30,203,4.28,2.0,20.2,10.0,34
2018-06-08,14.8,19.4,70,5.50,232,3.88,6.0,21.9,18.9,41
2018-06-09,14.2,18.7,53,0.00,283,4.06,0.0,18.8,11.4,33
2018-06-10,11.2,14.0,59,0.00,328,2.52,0.0,17.3,11.8,45
2018-06-11,9.0,11.4,64,0.00,350,2.99,0.0,13.5,9.5,48
2018-06-12,13.4,24.2,61,0.00,216,4.78,0.0,29.6,16.1,30
2018-06-13,17.3,22.0,48,0.00,274,5.88,0.0,27.9,17.2,30
2018-06-14,8.5,10.7,81,8.00,74,1.41,18.0,22.7,18.8,66
2018-06-15,13.3,24.8,69,0.50,321,4.85,4.0,17.1,9.5,32
2018-06-16,13.5,17.3,71,0.10,343,3.07,1.0,19.3,12.4,63
2018-06-17,12.0,16.9,66,0.10,128,4.01,1.0,19.6,12.4,44
2018-06-18,15.4,20.8,78,10.60,208,2.23,16.0,26.2,20.0,57
2018-06-19,18.5,20.2,73,25.70,296,4.34,10.0,30.9,20.7,43
2018-06-20,18.1,25.0,57,0.20,262,5.42,1.0,29.3,17.3,36
2018-06-21,16.8,20.5,54,0.00,303,5.03,0.0,18.3,13.9,33
2018-06-22,15.6,23.0,57,0.00,259,5.44,0.0,17.3,10.4,31
2018-06-23,18.7,24.8,56,0.00,222,5.47,0.0,22.1,17.9,42
2018-06-24,15.7,23.0,67,2.30,247,3.96,10.0,23.0,15.6,45
2018-06-25,10.8,12.0,81,4.20,35,2.10,14.0,24.3,18.2,66
2018-06-26,13.5,20.4,64,0.00,336,4.65,0.0,16.6,10.4,35
2018-06-27,20.3,29.2,52,0.10,247,6.54,1.0,23.4,16.8,32
2018-06-28,19.1,23.8,71,6.00,211,2.66,9.0,21.3,18.2,47
2018-06-29,20.1,28.6,83,18.50,215,3.65,17.0,19.2,14.1,52
2018-06-30,21.0,25.2,73,0.00,222,5.12,0.0,14.8,10.7,52
2018-07-01,17.5,22.0,78,1.50,32,4.05,3.0,19.2,14.1,59
2018-07-02,16.2,22.4,87,0.00,130,3.66,0.0,14.8,9.0,73
2018-07-03,24.7,32.0,70,0.00,236,6.00,0.0,22.9,18.3,44
2018-07-04,25.4,32.5,56,0.10,280,6.11,1.0,13.2,9.9,33
2018-07-05,25.2,34.3,64,0.00,204,5.69,0.0,13.9,8.9,36
2018-07-06,24.1,29.1,75,7.70,233,3.69,8.0,25.5,19.3,47
2018-07-07,18.3,23.3,49,0.00,293,6.37,0.0,28.0,20.0,30
2018-07-08,21.9,29.8,50,0.00,241,6.76,0.0,27.5,18.7,31
2018-07-09,25.5,31.6,50,0.00,233,8.04,0.0,27.7,21.6,37
2018-07-10,23.4,28.8,65,9.10,232,5.37,4.0,21.1,15.5,48
2018-07-11,18.7,22.1,63,0.10,28,5.21,1.0,15.3,9.9,45
2018-07-12,17.8,22.3,64,0.00,55,4.59,0.0,12.8,8.6,42
2018-07-13,17.8,22.4,73,0.00,136,4.65,0.0,14.3,9.3,54
2018-07-14,19.4,25.1,65,0.00,168,4.63,0.0,15.1,11.3,42
2018-07-15,21.1,26.8,67,0.10,190,4.90,1.0,14.0,8.9,49
2018-07-16,22.8,27.6,74,0.20,182,5.15,2.0,10.6,7.6,53
2018-07-17,24.2,30.0,69,1.20,206,4.95,4.0,20.4,14.2,43
2018-07-18,21.8,26.5,80,16.50,241,3.84,16.0,18.9,13.4,46
2018-07-19,19.3,23.6,59,0.00,324,5.46,0.0,16.5,9.4,42
2018-07-20,22.3,30.8,57,0.00,214,6.16,0.0,16.8,10.8,36
2018-07-21,21.8,26.1,67,0.00,158,5.30,0.0,14.2,9.4,48
2018-07-22,23.0,28.4,79,0.00,157,5.14,0.0,17.4,7.3,52
2018-07-23,23.8,27.2,83,4.60,215,2.48,12.0,22.7,16.0,64
2018-07-24,25.3,30.3,71,0.00,219,5.83,0.0,24.0,19.0,46
2018-07-25,25.4,30.9,70,0.00,221,6.04,0.0,27.5,22.8,42
2018-07-26,23.2,25.5,84,4.00,203,2.29,10.0,28.6,22.9,69
2018-07-27,24.7,30.0,76,2.40,228,4.78,4.0,22.1,16.7,54
2018-07-28,24.0,28.6,74,0.60,217,4.52,2.0,16.8,14.2,54
2018-07-29,23.1,26.7,82,16.20,233,3.53,11.0,17.1,10.9,61
2018-07-30,22.5,27.3,67,0.20,270,5.09,2.0,19.0,12.3,39
2018-07-31,22.7,29.1,64,0.00,249,4.88,0.0,12.5,9.7,37
2018-08-01,24.8,31.3,60,0.00,231,5.43,0.0,16.6,10.8,35
2018-08-02,23.8,30.3,69,4.90,222,4.34,5.0,23.2,17.1,49
2018-08-03,25.5,30.9,65,0.10,255,5.28,1.0,16.8,9.9,39
2018-08-04,22.9,25.7,79,7.60,224,2.08,9.0,11.5,7.1,62
2018-08-05,20.8,24.1,86,9.10,2,3.81,11.0,15.3,9.5,70
2018-08-06,23.7,30.7,79,4.90,225,4.38,3.0,12.1,7.4,56
2018-08-07,23.4,26.9,89,10.90,224,2.59,6.0,15.7,8.0,78
2018-08-08,22.7,26.4,79,0.70,268,4.19,2.0,16.8,9.6,55
2018-08-09,21.6,23.8,88,11.90,179,1.57,13.0,22.1,13.7,74
2018-08-10,20.6,23.4,78,4.40,268,3.80,6.0,20.9,13.5,46
2018-08-11,19.7,26.6,59,0.00,257,5.27,0.0,15.5,12.3,37
2018-08-12,21.8,28.8,71,0.00,228,4.86,0.0,12.8,7.7,45
2018-08-13,23.5,30.1,68,0.00,232,5.35,0.0,13.1,11.3,43
2018-08-14,23.7,28.0,74,0.70,219,4.25,5.0,17.4,13.6,58
2018-08-15,23.4,27.6,84,3.80,223,3.42,8.0,20.4,14.6,65
2018-08-16,18.5,22.5,89,9.30,20,1.53,13.0,19.6,13.8,79
2018-08-17,17.5,23.0,77,0.80,242,3.66,4.0,11.8,7.5,51
2018-08-18,17.2,18.8,85,15.10,117,1.66,12.0,16.0,10.6,76
2018-08-19,17.8,20.2,82,0.10,32,3.63,1.0,18.3,13.4,71
2018-08-20,16.7,22.0,82,0.40,142,3.41,3.0,12.2,7.2,62
2018-08-21,18.3,23.2,79,0.00,154,3.90,0.0,15.5,8.3,55
2018-08-22,18.6,23.4,84,0.40,155,2.41,2.0,20.9,13.2,73
2018-08-23,20.8,24.3,77,1.50,231,4.07,3.0,26.1,19.3,46
2018-08-24,20.2,27.7,64,0.00,244,4.90,0.0,16.5,13.6,47
2018-08-25,22.7,29.1,70,0.00,228,4.66,0.0,18.8,13.6,42
2018-08-26,20.9,25.4,72,0.00,218,3.95,0.0,18.5,15.3,54
2018-08-27,21.3,27.6,70,1.60,252,4.16,6.0,17.3,13.4,47
2018-08-28,22.6,29.3,76,0.00,226,4.07,0.0,23.2,12.6,53
2018-08-29,22.7,25.3,67,0.00,262,4.65,0.0,24.2,17.1,47
2018-08-30,20.3,22.6,75,10.60,291,2.94,4.0,19.6,15.1,47
2018-08-31,16.5,19.3,69,0.00,355,3.73,0.0,15.1,11.3,58
2018-09-01,16.8,21.8,75,0.00,162,3.39,0.0,12.6,7.9,50
2018-09-02,19.9,26.8,68,0.00,223,3.95,0.0,17.8,15.0,53
2018-09-03,20.9,25.3,84,0.30,216,2.17,3.0,24.1,16.2,75
2018-09-04,21.5,25.0,68,9.80,280,4.49,4.0,19.7,16.3,33
2018-09-05,18.6,24.8,68,2.00,241,3.33,1.0,11.4,7.7,43
2018-09-06,22.4,26.4,64,0.40,247,4.35,1.0,28.7,20.7,50
2018-09-07,16.5,21.3,56,0.00,285,4.07,0.0,16.3,10.0,34
2018-09-08,14.0,15.7,55,0.00,308,3.34,0.0,21.4,15.2,38
2018-09-09,11.9,16.1,64,0.00,319,2.89,0.0,12.8,9.6,42
2018-09-10,11.4,18.0,71,0.00,189,3.25,0.0,16.0,8.4,43
2018-09-11,14.3,17.5,76,1.90,171,1.73,6.0,16.5,12.2,67
2018-09-12,17.1,21.6,82,0.70,303,3.10,4.0,15.9,9.9,52
2018-09-13,17.8,26.9,78,0.00,231,3.50,0.0,10.5,7.2,46
2018-09-14,19.5,25.4,79,0.00,136,3.45,0.0,12.2,7.1,56
2018-09-15,22.6,29.6,68,0.00,241,4.43,0.0,16.6,14.2,38
2018-09-16,20.0,23.7,69,2.60,322,3.07,4.0,13.2,10.5,48
2018-09-17,21.1,28.5,75,0.00,226,3.89,0.0,24.6,17.7,52
2018-09-18,14.9,17.8,90,9.20,39,0.83,13.0,24.9,14.0,79
2018-09-19,12.3,13.1,74,2.70,57,1.58,15.0,25.8,20.7,67
2018-09-20,11.7,13.1,64,0.10,49,1.82,1.0,14.5,9.4,57
2018-09-21,11.3,16.2,75,1.40,196,1.89,4.0,23.1,11.1,53
2018-09-22,14.9,18.0,65,7.50,245,3.40,8.0,32.8,27.1,38
2018-09-23,10.2,16.5,59,0.10,262,2.71,1.0,24.8,14.0,41
2018-09-24,7.4,12.2,52,0.00,310,2.88,0.0,19.7,11.6,33
2018-09-25,9.4,15.2,59,0.00,163,2.95,0.0,19.6,12.2,30
2018-09-26,15.1,21.9,84,4.20,193,1.53,13.0,31.3,21.9,53
2018-09-27,15.6,21.1,75,4.30,242,2.49,7.0,32.0,16.3,47
2018-09-28,11.3,13.0,84,4.20,62,0.79,5.0,14.9,10.4,73
2018-09-29,12.5,17.5,79,0.00,279,2.13,0.0,19.5,12.0,49
2018-09-30,8.8,12.2,74,0.10,278,1.29,1.0,11.8,6.2,56
2018-10-01,10.7,15.0,74,3.20,269,2.10,5.0,16.2,11.5,38
2018-10-02,9.1,12.6,76,0.10,34,1.72,1.0,10.8,8.2,55
2018-10-03,12.0,16.6,89,9.50,90,0.87,16.0,20.9,14.6,75
2018-10-04,14.1,19.2,87,0.70,219,1.53,6.0,25.8,11.6,71
2018-10-05,10.1,14.8,59,2.30,307,2.46,1.0,23.7,13.9,38
2018-10-06,7.3,11.7,66,0.00,315,2.02,0.0,11.3,7.8,48
2018-10-07,8.6,10.6,76,1.00,23,1.14,4.0,18.2,11.3,67
2018-10-08,6.6,10.7,68,0.00,310,1.91,0.0,12.0,8.5,46
2018-10-09,10.0,18.3,89,6.00,202,0.73,13.0,15.2,11.7,72
2018-10-10,9.7,11.9,84,5.00,356,1.14,12.0,12.8,9.5,62
2018-10-11,5.7,7.9,82,17.50,62,0.60,24.0,18.8,13.7,72
2018-10-12,9.1,12.3,89,10.40,99,0.82,11.0,22.9,13.0,83
2018-10-13,7.0,9.3,67,0.00,275,1.40,0.0,20.6,15.6,53
2018-10-14,4.7,9.2,58,0.00,272,1.97,0.0,25.4,16.9,40
2018-10-15,6.1,13.2,67,0.20,223,1.90,1.0,19.1,11.9,49
2018-10-16,9.7,12.7,69,7.20,247,2.19,10.0,48.8,29.3,40
2018-10-17,5.7,10.9,64,0.30,232,1.78,2.0,27.4,17.5,50
2018-10-18,3.2,5.2,63,0.10,288,1.52,1.0,34.8,23.7,37
2018-10-19,1.5,5.9,51,0.00,276,2.03,0.0,28.7,18.9,40
2018-10-20,9.7,14.6,77,0.50,196,1.40,4.0,27.9,19.9,64
2018-10-21,6.6,10.2,65,0.00,267,1.75,0.0,18.7,13.9,42
2018-10-22,1.5,5.0,52,0.00,269,1.82,0.0,24.1,17.9,35
2018-10-23,1.0,5.8,58,0.00,249,1.57,0.0,14.0,10.4,38
2018-10-24,3.9,5.0,82,28.50,50,0.50,15.0,34.8,23.9,65
2018-10-25,2.3,3.8,84,12.40,305,0.66,21.0,27.3,22.9,59
2018-10-26,0.7,4.2,51,0.00,274,1.95,0.0,32.4,24.3,33
2018-10-27,-1.4,3.2,53,0.00,249,1.33,0.0,18.0,9.7,28
2018-10-28,4.2,7.7,91,34.00,68,0.41,19.0,34.2,20.9,66
2018-10-29,6.8,10.5,91,0.00,217,0.74,0.0,17.3,9.7,65
2018-10-30,6.3,7.0,93,5.20,10,0.43,15.0,18.1,11.1,81
2018-10-31,4.6,8.6,84,1.60,293,1.05,6.0,11.8,8.6,54
2018-11-01,5.1,8.3,82,0.30,228,0.88,3.0,15.6,10.6,71
2018-11-02,3.8,5.1,90,10.80,52,0.29,15.0,17.1,9.6,81
2018-11-03,5.5,12.3,95,36.40,60,0.28,23.0,24.1,13.9,91
2018-11-04,6.1,15.1,64,0.50,251,1.89,2.0,51.6,33.7,48
2018-11-05,1.9,4.9,77,0.00,269,0.76,0.0,14.3,8.5,65
2018-11-06,5.0,7.5,90,6.20,122,0.33,15.0,20.1,11.7,80
2018-11-07,10.7,13.5,82,12.80,230,1.49,8.0,34.3,21.0,57
2018-11-08,7.8,9.8,63,0.00,254,2.00,0.0,27.4,24.1,51
2018-11-09,3.7,5.8,68,0.00,276,1.24,0.0,18.3,14.1,51
2018-11-10,3.8,8.3,87,24.30,112,0.34,18.0,31.3,17.6,71
2018-11-11,-0.3,3.4,57,0.00,251,1.57,0.0,38.3,31.8,44
2018-11-12,-3.1,-0.5,60,0.00,275,1.21,0.0,24.0,21.5,52
2018-11-13,-3.0,0.8,73,10.20,206,0.55,8.0,20.9,11.7,60
2018-11-14,-4.6,1.3,69,11.30,273,0.77,8.0,37.8,28.7,44
2018-11-15,-7.8,-4.8,61,0.00,286,0.88,0.0,31.8,20.5,52
2018-11-16,-6.7,-0.0,80,15.80,79,0.27,9.0,25.9,10.8,71
2018-11-17,-1.2,0.8,80,9.60,310,0.66,11.0,25.0,16.5,59
2018-11-18,-5.6,-3.3,77,0.00,259,0.57,0.0,18.2,12.4,52
2018-11-19,-10.7,-2.8,78,0.00,229,0.46,0.0,9.9,7.7,55
2018-11-20,-2.2,-0.1,82,1.60,4,0.44,8.0,18.1,9.9,69
2018-11-21,-3.0,-1.0,82,6.80,337,0.41,17.0,20.7,14.4,68
2018-11-22,-10.9,-7.8,67,1.10,288,0.54,7.0,25.9,19.8,51
2018-11-23,-9.6,-6.7,55,0.00,292,0.91,0.0,32.8,25.6,43
2018-11-24,-5.1,1.1,64,0.00,260,0.88,0.0,25.7,18.3,50
2018-11-25,-4.3,1.2,89,0.00,42,0.38,0.0,13.7,10.0,78
2018-11-26,-0.7,1.4,87,0.30,17,0.29,3.0,15.8,11.9,79
2018-11-27,1.6,2.4,93,5.40,82,0.27,7.0,29.6,19.4,87
2018-11-28,2.0,3.0,94,17.70,80,0.26,21.0,31.1,22.8,90
2018-11-29,0.7,1.1,80,26.20,3,0.74,17.0,43.9,36.3,64
2018-11-30,0.1,1.6,76,0.00,345,0.82,0.0,32.1,16.4,69
2018-12-01,-3.9,-0.1,90,0.00,296,0.31,0.0,12.6,6.3,76
2018-12-02,-3.8,-0.4,89,2.20,190,0.31,4.0,16.6,6.8,77
2018-12-03,1.9,5.5,90,16.40,180,0.53,13.0,20.6,11.8,73
2018-12-04,-3.4,0.6,73,1.50,304,0.63,5.0,21.3,17.6,57
2018-12-05,-9.6,-6.0,73,0.00,281,0.48,0.0,19.0,12.8,57
2018-12-06,-14.3,-8.0,84,0.00,248,0.23,0.0,12.0,6.4,73
2018-12-07,-10.5,-4.0,83,0.00,256,0.31,0.0,11.8,6.9,71
2018-12-08,-10.6,-6.9,72,0.00,299,0.41,0.0,16.8,14.7,54
2018-12-09,-14.3,-10.3,68,0.00,266,0.40,0.0,15.2,13.4,46
2018-12-10,-12.1,-8.0,77,0.40,280,0.36,4.0,15.1,11.4,57
2018-12-11,-12.9,-9.1,76,0.00,263,0.32,0.0,13.9,9.6,61
2018-12-12,-11.7,-6.4,75,0.30,321,0.40,3.0,25.1,15.7,58
2018-12-13,-11.5,-7.7,68,0.00,293,0.47,0.0,22.7,13.3,42
2018-12-14,-8.9,-2.1,69,0.00,238,0.58,0.0,17.8,14.3,61
2018-12-15,1.7,3.9,81,2.90,250,0.67,9.0,20.8,17.6,59
2018-12-16,-2.2,1.1,82,0.00,283,0.50,0.0,16.6,9.3,62
2018-12-17,-2.2,-0.6,90,3.10,104,0.19,9.0,17.7,10.8,86
2018-12-18,-1.2,-0.2,82,12.10,340,0.53,19.0,30.5,25.7,65
2018-12-19,-5.5,-3.7,65,0.00,295,0.85,0.0,32.4,23.6,57
2018-12-20,-6.3,-0.5,77,0.00,258,0.52,0.0,20.7,12.6,63
2018-12-21,-3.2,5.5,88,6.00,159,0.26,7.0,26.6,11.0,85
2018-12-22,9.4,12.4,88,13.30,169,0.64,18.0,28.3,21.6,83
2018-12-23,-1.0,8.3,67,0.20,279,0.88,1.0,26.2,20.9,47
2018-12-24,-8.8,-5.9,58,0.00,296,0.61,0.0,13.9,11.8,43
2018-12-25,-11.4,-7.9,59,0.00,289,0.57,0.0,17.7,15.1,41
2018-12-26,-9.4,-4.6,50,0.00,279,0.79,0.0,15.5,14.1,27
2018-12-27,-11.8,-8.4,51,0.00,298,0.72,0.0,25.4,21.1,38
2018-12-28,-11.5,-5.6,66,5.70,220,0.33,10.0,18.4,11.2,56
2018-12-29,-1.4,2.6,88,7.70,302,0.42,11.0,24.2,10.9,69
2018-12-30,-12.4,-6.2,66,0.00,306,0.46,0.0,23.3,15.9,57
2018-12-31,-15.9,-6.6,71,0.00,245,0.34,0.0,11.8,7.9,50
2019-01-01,-5.5,-1.5,89,15.70,143,0.18,15.0,26.0,16.1,81
2019-01-02,-11.9,-2.0,62,0.00,302,0.58,0.0,32.1,21.7,50
2019-01-03,-19.3,-10.8,77,1.00,232,0.18,8.0,13.7,7.3,66
2019-01-04,-8.7,-0.1,83,0.40,212,0.36,3.0,16.5,10.3,71
2019-01-05,-1.9,0.5,89,0.10,228,0.38,1.0,17.3,8.6,80
2019-01-06,-1.2,-0.1,87,7.50,347,0.43,15.0,19.7,15.0,66
2019-01-07,-8.4,-1.8,64,0.00,314,0.70,0.0,28.3,23.6,49
2019-01-08,-13.2,-6.6,77,0.20,224,0.23,2.0,16.0,8.8,64
2019-01-09,-3.0,-0.5,88,30.50,100,0.22,20.0,35.6,22.1,82
2019-01-10,-0.0,1.1,91,8.30,217,0.26,19.0,16.0,11.0,81
2019-01-11,-5.6,-1.6,73,2.00,272,0.57,8.0,19.8,17.0,55
2019-01-12,-13.6,-11.1,66,0.10,259,0.43,1.0,17.5,16.4,54
2019-01-13,-13.4,-10.3,70,0.00,282,0.42,0.0,16.3,13.9,53
2019-01-14,-16.3,-11.3,73,0.00,246,0.31,0.0,10.7,6.9,56
2019-01-15,-12.9,-6.6,77,0.00,305,0.35,0.0,14.1,10.2,63
2019-01-16,-11.8,-3.1,79,2.40,208,0.33,6.0,18.9,10.1,61
2019-01-17,-13.2,-2.8,63,0.00,271,0.47,0.0,26.0,18.0,42
2019-01-18,-18.5,-9.4,69,0.20,190,0.29,2.0,16.9,9.7,56
2019-01-19,-12.3,-3.1,63,0.40,274,0.49,4.0,26.5,17.3,47
2019-01-20,-13.7,-4.3,77,31.50,48,0.21,18.0,41.0,16.0,60
2019-01-21,-7.3,-1.9,81,23.60,344,0.29,24.0,23.5,16.9,71
2019-01-22,-12.2,-10.0,64,1.00,302,0.57,7.0,27.2,20.1,49
2019-01-23,-12.0,-8.9,68,2.10,257,0.40,8.0,21.7,11.4,55
2019-01-24,-1.2,9.6,89,21.40,173,0.34,24.0,28.3,8.2,82
2019-01-25,3.7,10.8,72,21.70,239,1.04,6.0,30.0,22.3,55
2019-01-26,-6.8,-4.0,60,0.00,245,0.75,0.0,18.9,12.9,42
2019-01-27,-8.0,-4.2,76,0.80,70,0.38,6.0,13.9,9.5,69
2019-01-28,-5.0,1.9,66,1.80,239,0.74,6.0,22.9,18.4,41
2019-01-29,-15.3,-11.0,72,0.00,348,0.35,0.0,13.0,9.1,62
2019-01-30,-6.4,2.6,84,9.90,118,0.25,9.0,23.7,14.0,76
2019-01-31,-10.7,2.7,62,0.80,248,0.65,5.0,34.8,19.7,41
2019-02-01,-16.9,-14.1,53,0.00,249,0.55,0.0,27.7,21.3,41
2019-02-02,-14.6,-11.8,61,0.90,245,0.51,6.0,21.9,17.8,47
2019-02-03,-12.8,-8.0,67,0.00,272,0.60,0.0,18.2,14.8,44
2019-02-04,-6.4,1.6,77,1.30,217,0.43,7.0,15.1,10.2,63
2019-02-05,-1.2,7.1,83,0.30,168,0.58,2.0,17.8,10.5,73
2019-02-06,-3.9,4.8,73,0.50,329,0.81,3.0,24.5,15.6,59
2019-02-07,-7.5,-4.6,82,1.60,84,0.48,7.0,10.4,5.8,70
2019-02-08,-2.7,4.9,86,4.80,143,0.38,12.0,20.2,12.3,81
2019-02-09,-7.2,3.8,53,0.20,273,1.00,2.0,36.8,28.7,39
2019-02-10,-11.4,-9.1,52,0.00,279,0.96,0.0,33.0,28.0,43
2019-02-11,-13.4,-10.6,55,0.00,287,0.76,0.0,28.9,24.6,45
2019-02-12,-11.4,-5.8,59,0.00,305,0.85,0.0,21.6,14.0,38
2019-02-13,-8.6,-6.6,82,21.50,76,0.25,16.0,31.4,17.4,68
2019-02-14,-6.6,-5.0,73,3.70,305,0.77,10.0,22.5,16.7,52
2019-02-15,-9.9,-5.9,77,0.40,197,0.53,3.0,16.6,9.6,62
2019-02-16,0.9,6.8,75,15.60,203,0.99,13.0,24.5,16.3,53
2019-02-17,-7.0,-0.9,63,0.00,281,0.91,0.0,21.5,17.9,43
2019-02-18,-13.0,-9.4,65,0.00,283,0.67,0.0,14.0,10.2,44
2019-02-19,-13.6,-10.7,60,0.00,293,0.70,0.0,23.6,19.0,40
2019-02-20,-14.7,-10.5,55,0.00,290,0.74,0.0,21.0,17.5,36
2019-02-21,-13.7,-8.8,79,4.70,179,0.27,12.0,15.0,9.1,67
2019-02-22,-8.5,-4.0,72,0.90,305,0.88,3.0,15.5,11.7,41
2019-02-23,-8.5,-4.9,61,0.00,292,0.97,0.0,16.1,13.7,37
2019-02-24,-9.7,-6.8,74,0.10,127,0.72,1.0,18.9,10.3,56
2019-02-25,-5.0,-0.5,75,23.00,32,0.89,16.0,30.2,23.9,48
2019-02-26,-10.6,-3.1,58,0.20,283,0.85,2.0,34.8,29.8,42
2019-02-27,-14.5,-10.3,53,0.00,285,0.87,0.0,32.9,27.1,41
2019-02-28,-14.0,-10.0,52,0.00,283,0.89,0.0,24.1,20.8,33
2019-03-01,-9.1,-2.8,51,0.00,276,1.32,0.0,22.2,18.1,32
2019-03-02,-8.0,-3.7,69,0.00,260,1.02,0.0,12.6,8.3,49
2019-03-03,-5.8,-1.7,71,0.50,308,1.01,5.0,11.6,7.0,41
2019-03-04,-6.1,-4.9,87,20.80,110,0.26,16.0,24.2,13.7,84
2019-03-05,-6.0,-3.9,69,1.10,273,1.09,6.0,25.7,17.1,37
2019-03-06,-10.4,-7.2,65,0.00,276,0.89,0.0,13.1,8.7,37
2019-03-07,-13.4,-10.8,60,0.00,267,0.80,0.0,19.8,15.7,36
2019-03-08,-12.5,-4.9,60,0.00,240,1.04,0.0,21.8,16.3,37
2019-03-09,-6.6,-3.8,61,0.10,273,1.18,1.0,18.3,14.6,45
2019-03-10,-9.0,-4.6,69,0.00,209,1.03,0.0,15.3,9.5,51
2019-03-11,0.5,4.7,74,6.70,202,1.43,9.0,24.3,18.6,53
2019-03-12,0.2,2.2,70,0.00,278,1.45,0.0,21.1,16.6,51
2019-03-13,-2.5,2.2,71,0.00,278,1.50,0.0,14.4,9.3,40
2019-03-14,0.1,6.4,74,0.00,217,1.71,0.0,12.5,8.1,44
2019-03-15,3.8,9.0,79,3.40,195,1.04,8.0,27.6,17.5,59
2019-03-16,4.9,7.4,83,2.20,233,1.10,8.0,27.5,14.4,54
2019-03-17,-4.6,1.5,53,0.00,272,1.68,0.0,29.8,25.0,39
2019-03-18,-7.7,-5.1,63,0.00,258,1.00,0.0,20.9,15.4,40
2019-03-19,-7.6,-1.9,65,0.00,277,1.33,0.0,12.5,10.1,42
2019-03-20,-5.6,3.8,62,0.00,251,1.73,0.0,21.4,12.7,33
2019-03-21,1.7,9.0,64,0.00,218,2.22,0.0,21.1,17.8,45
2019-03-22,0.9,4.0,82,13.00,114,0.66,10.0,35.5,15.2,65
2019-03-23,1.6,2.7,90,9.40,358,0.64,22.0,27.6,12.9,71
2019-03-24,1.8,7.2,59,0.00,284,2.35,0.0,28.1,19.9,40
2019-03-25,-3.5,-0.5,59,0.00,286,1.60,0.0,23.4,12.4,32
2019-03-26,-7.5,-3.1,63,0.00,270,1.40,0.0,18.1,11.6,35
2019-03-27,-6.7,-0.7,65,0.00,277,1.66,0.0,12.1,7.7,35
2019-03-28,-0.5,7.0,63,0.00,201,2.24,0.0,27.2,19.7,37
2019-03-29,3.7,8.7,80,2.40,214,1.17,14.0,27.4,18.8,66
2019-03-30,0.1,3.8,76,0.00,36,1.45,0.0,14.0,10.7,62
2019-03-31,7.7,13.9,78,0.90,176,1.71,3.0,23.8,17.6,58
2019-04-01,3.3,9.0,73,11.10,262,1.48,9.0,32.0,21.9,46
2019-04-02,0.3,6.5,53,0.00,250,2.64,0.0,25.3,20.4,33
2019-04-03,-0.0,2.6,83,26.00,105,0.58,11.0,30.6,18.3,62
2019-04-04,-0.3,2.3,57,1.00,265,2.04,6.0,46.6,34.6,39
2019-04-05,-2.9,2.6,48,0.00,281,2.40,0.0,33.6,24.6,31
2019-04-06,1.7,6.7,66,1.30,238,1.60,7.0,20.9,15.7,55
2019-04-07,1.5,5.3,66,0.00,285,2.23,0.0,25.7,17.1,35
2019-04-08,-6.1,-2.3,66,0.10,359,1.50,1.0,18.6,10.9,51
2019-04-09,-3.8,-1.8,73,3.60,69,1.45,10.0,14.8,10.2,59
2019-04-10,-1.7,3.3,75,2.10,308,1.46,10.0,12.5,6.8,47
2019-04-11,2.2,7.1,68,0.00,328,2.38,0.0,12.9,9.1,41
2019-04-12,1.8,7.6,69,0.00,278,2.69,0.0,11.6,7.5,38
2019-04-13,7.6,17.5,73,4.10,202,2.69,7.0,20.8,14.2,49
2019-04-14,7.5,13.2,67,0.40,271,2.96,1.0,22.0,14.6,33
2019-04-15,3.9,7.0,88,19.80,104,0.47,19.0,24.7,12.5,52
2019-04-16,2.5,5.3,76,1.30,321,1.32,8.0,35.3,20.8,47
2019-04-17,2.9,7.1,61,0.70,345,2.66,7.0,26.7,18.4,42
2019-04-18,2.9,10.6,63,0.00,179,2.46,0.0,16.4,10.1,32
2019-04-19,9.8,19.7,80,12.40,207,2.34,17.0,27.6,19.5,56
2019-04-20,3.9,9.6,94,29.00,41,0.52,23.0,17.3,13.2,90
2019-04-21,8.9,17.9,94,7.30,188,1.03,22.0,30.4,13.2,80
2019-04-22,10.8,14.5,83,0.10,254,2.44,1.0,15.8,12.0,50
2019-04-23,2.4,3.2,81,9.80,53,0.75,12.0,22.5,14.2,69
2019-04-24,1.5,2.8,94,6.70,25,0.53,17.0,23.2,20.3,88
2019-04-25,0.7,1.3,89,12.90,23,0.70,14.0,27.6,22.0,83
2019-04-26,2.5,9.5,79,0.00,148,2.62,0.0,14.5,8.7,55
2019-04-27,4.5,8.6,86,6.80,130,0.92,15.0,37.8,24.5,80
2019-04-28,6.4,10.7,80,0.70,222,1.61,5.0,25.7,17.9,50
2019-04-29,2.7,6.8,55,0.00,283,2.19,0.0,33.3,21.5,38
2019-04-30,3.5,9.7,43,0.00,280,3.55,0.0,24.1,18.5,23
2019-05-01,4.4,10.7,44,0.00,305,3.75,0.0,26.1,20.9,32
2019-05-02,4.8,9.4,55,0.00,351,3.31,0.0,12.8,9.2,44
2019-05-03,7.3,16.0,65,0.00,187,3.47,0.0,12.0,7.8,38
2019-05-04,8.8,14.6,77,2.70,227,1.81,11.0,13.3,9.6,57
2019-05-05,8.9,16.4,69,0.00,326,3.88,0.0,12.8,9.3,34
2019-05-06,8.5,14.9,67,0.00,120,3.80,0.0,14.6,10.4,40
2019-05-07,11.2,19.7,64,3.40,206,2.94,3.0,17.4,11.7,35
2019-05-08,7.6,11.5,64,3.40,308,3.06,2.0,27.2,19.2,38
2019-05-09,6.6,10.3,62,0.00,343,2.96,0.0,22.0,15.7,47
2019-05-10,5.3,8.0,86,3.60,185,1.01,10.0,20.6,10.6,70
2019-05-11,7.5,11.9,82,6.50,244,1.69,13.0,25.3,14.6,48
2019-05-12,6.2,9.0,63,0.00,324,2.70,0.0,24.7,18.1,52
2019-05-13,4.7,9.0,73,0.00,75,3.10,0.0,13.8,10.2,53
2019-05-14,4.9,8.7,75,0.50,74,1.92,3.0,19.8,12.4,51
2019-05-15,3.0,4.5,90,14.20,53,0.64,24.0,26.5,22.7,76
2019-05-16,3.8,6.1,87,7.20,5,1.07,24.0,21.7,13.9,70
2019-05-17,5.7,9.7,82,0.10,108,2.14,1.0,11.3,5.8,65
2019-05-18,5.7,8.1,83,5.40,49,1.66,11.0,20.6,15.3,65
2019-05-19,8.3,15.1,72,0.00,273,2.62,0.0,11.9,7.4,44
2019-05-20,8.0,9.9,89,13.70,111,1.09,11.0,20.6,11.2,76
2019-05-21,5.3,6.2,95,22.20,41,0.66,18.0,30.1,15.4,89
2019-05-22,5.8,8.6,83,6.30,9,1.43,12.0,31.8,20.4,70
2019-05-23,9.0,16.1,71,0.00,299,3.53,0.0,12.0,8.7,46
2019-05-24,9.3,11.9,68,0.10,108,3.02,1.0,13.5,10.5,51
2019-05-25,11.7,20.1,66,0.00,217,4.63,0.0,13.8,8.9,38
2019-05-26,11.6,13.1,71,3.00,175,1.90,9.0,22.8,15.1,57
2019-05-27,12.2,17.1,73,0.90,271,3.10,5.0,19.0,12.0,38
2019-05-28,9.7,15.7,50,0.00,306,4.23,0.0,20.3,13.5,30
2019-05-29,11.1,16.6,63,0.00,181,4.33,0.0,19.6,13.9,46
2019-05-30,12.3,17.6,73,0.20,172,3.30,2.0,15.3,11.8,54
2019-05-31,13.3,17.9,64,2.00,220,4.16,6.0,22.0,18.0,30
2019-06-01,12.0,18.7,66,0.00,18,3.79,0.0,12.4,6.7,35
2019-06-02,11.8,16.9,75,0.00,128,2.99,0.0,25.0,13.9,51
2019-06-03,12.6,18.8,83,1.10,155,2.73,4.0,19.3,10.2,71
2019-06-04,12.4,15.8,68,0.70,249,3.25,4.0,19.1,15.2,46
2019-06-05,12.7,19.0,62,0.00,236,3.87,0.0,18.4,10.4,45
2019-06-06,14.2,20.1,76,1.30,180,3.49,4.0,13.4,8.2,58
2019-06-07,14.8,20.7,65,0.20,276,4.87,2.0,17.1,7.6,37
2019-06-08,14.4,17.9,55,0.10,330,4.81,1.0,24.4,16.3,31
2019-06-09,14.2,19.7,58,0.00,345,4.95,0.0,11.2,7.7,41
2019-06-10,13.9,17.1,60,0.00,98,4.68,0.0,15.6,10.4,51
2019-06-11,16.5,24.3,66,3.60,179,4.25,2.0,16.5,11.7,46
2019-06-12,16.0,21.9,62,10.20,284,5.51,6.0,32.4,21.5,29
2019-06-13,18.8,25.3,55,0.00,216,5.17,0.0,18.2,11.5,41
2019-06-14,16.5,24.4,77,14.80,146,3.59,13.0,27.6,18.3,55
2019-06-15,17.9,24.8,70,0.10,239,4.71,1.0,18.7,12.3,35
2019-06-16,18.5,23.3,59,2.00,228,5.23,1.0,17.8,14.7,37
2019-06-17,16.9,20.9,73,0.10,22,3.64,1.0,11.9,6.5,49
2019-06-18,16.4,23.3,66,0.00,263,4.78,0.0,16.5,10.1,34
2019-06-19,19.5,25.7,60,0.00,201,4.96,0.0,14.5,9.6,37
2019-06-20,19.3,24.3,68,2.20,211,3.82,6.0,15.1,10.2,51
2019-06-21,14.1,17.4,94,21.70,44,0.93,24.0,28.0,13.4,89
2019-06-22,15.9,20.6,67,1.50,350,4.69,10.0,29.2,24.7,40
2019-06-23,17.4,20.6,55,0.10,311,5.21,1.0,28.4,21.0,45
2019-06-24,15.1,20.3,56,0.00,327,4.96,0.0,23.3,15.5,38
2019-06-25,15.0,20.7,66,0.00,144,5.07,0.0,18.5,9.5,41
2019-06-26,15.7,17.8,68,0.50,181,2.58,2.0,19.2,12.9,60
2019-06-27,15.1,17.3,87,11.50,160,2.08,18.0,19.4,14.3,77
2019-06-28,16.7,21.7,86,2.00,169,2.78,15.0,9.8,6.2,67
2019-06-29,16.6,20.3,93,3.70,126,2.41,11.0,9.8,6.0,81
2019-06-30,14.6,16.1,91,1.60,40,1.76,9.0,21.9,13.9,79
2019-07-01,14.5,16.2,85,0.10,25,2.94,1.0,27.1,21.3,75
2019-07-02,15.2,19.6,82,0.10,16,3.32,1.0,12.3,8.6,66
2019-07-03,15.6,21.7,79,3.50,25,3.87,13.0,12.1,6.2,61
2019-07-04,20.9,28.0,77,0.00,259,5.21,0.0,11.2,8.0,50
2019-07-05,24.9,34.3,69,0.20,234,5.52,1.0,11.2,8.0,40
2019-07-06,25.1,29.0,73,9.60,238,3.93,7.0,22.0,15.3,59
2019-07-07,19.9,24.4,54,0.00,305,6.14,0.0,21.8,16.9,35
2019-07-08,20.0,25.3,53,0.00,277,5.90,0.0,23.2,14.0,34
2019-07-09,18.4,21.0,60,0.80,291,4.22,2.0,22.8,16.1,44
2019-07-10,17.0,20.6,63,0.00,345,4.63,0.0,16.0,11.8,43
2019-07-11,16.1,21.0,72,0.00,130,4.68,0.0,17.1,9.4,55
2019-07-12,16.9,18.3,78,6.80,163,1.90,13.0,23.2,14.4,65
2019-07-13,18.7,22.7,90,8.90,161,2.44,24.0,20.1,12.3,78
2019-07-14,19.8,24.6,88,11.10,218,3.21,6.0,19.2,11.1,70
2019-07-15,18.6,21.5,84,16.80,286,2.98,12.0,18.6,13.6,74
2019-07-16,21.8,29.4,70,0.00,264,5.08,0.0,12.2,9.3,40
2019-07-17,22.9,29.1,76,4.50,226,4.43,7.0,23.9,16.2,61
2019-07-18,20.3,25.1,57,0.70,305,5.86,2.0,20.4,13.1,37
2019-07-19,20.2,27.5,70,1.90,225,4.14,3.0,14.8,10.0,42
2019-07-20,23.7,29.2,76,0.90,237,5.10,5.0,16.7,9.3,60
2019-07-21,21.9,23.9,85,3.90,326,2.12,7.0,11.9,8.0,75
2019-07-22,20.2,25.0,69,0.00,285,4.71,0.0,17.1,10.2,37
2019-07-23,18.9,21.1,74,0.00,58,2.51,0.0,8.0,5.2,61
2019-07-24,18.7,23.9,79,0.30,234,3.48,3.0,8.9,6.0,55
2019-07-25,18.7,25.4,66,1.90,319,4.53,3.0,14.8,7.7,35
2019-07-26,20.2,26.2,65,0.00,173,5.17,0.0,15.8,8.0,43
2019-07-27,23.7,31.0,62,0.00,225,5.98,0.0,16.4,13.4,38
2019-07-28,23.7,29.7,59,0.00,219,6.07,0.0,19.1,16.0,41
2019-07-29,24.1,29.1,70,0.00,231,5.09,0.0,17.1,14.3,48
2019-07-30,26.5,33.1,65,0.00,231,5.57,0.0,13.8,11.8,39
2019-07-31,25.9,32.1,71,5.30,221,5.26,4.0,18.4,13.1,49
2019-08-01,23.2,27.6,71,3.80,271,4.65,6.0,14.0,11.3,36
2019-08-02,22.0,28.5,54,0.00,270,5.67,0.0,18.9,12.8,34
2019-08-03,23.2,29.3,55,0.00,243,5.76,0.0,21.4,12.6,34
2019-08-04,19.9,24.5,69,3.70,271,4.82,6.0,19.9,12.4,30
2019-08-05,19.2,23.7,60,0.00,287,4.86,0.0,18.5,13.7,43
2019-08-06,20.9,28.7,61,0.00,225,5.04,0.0,13.4,8.7,36
2019-08-07,20.4,26.6,59,0.00,184,5.00,0.0,13.6,10.8,48
2019-08-08,21.4,26.5,74,2.80,171,3.35,4.0,20.7,14.9,52
2019-08-09,20.0,23.5,85,12.00,186,2.59,15.0,19.1,13.7,73
2019-08-10,18.0,20.9,82,10.00,216,2.87,11.0,14.0,8.9,70
2019-08-11,17.1,21.8,80,0.60,256,3.38,4.0,21.4,14.6,54
2019-08-12,19.0,26.0,66,0.00,257,4.65,0.0,19.9,14.7,37
2019-08-13,19.6,23.2,69,0.00,257,4.35,0.0,20.2,14.7,39
2019-08-14,17.9,23.9,64,0.00,265,4.55,0.0,12.7,8.1,40
2019-08-15,18.7,23.9,68,0.00,185,3.94,0.0,11.4,7.0,44
2019-08-16,19.6,24.6,76,0.50,158,3.01,3.0,12.0,6.8,52
2019-08-17,20.7,26.4,75,1.20,216,3.69,5.0,16.0,8.5,48
2019-08-18,19.9,24.4,83,1.50,207,2.70,6.0,13.6,8.8,66
2019-08-19,21.6,28.0,80,0.40,198,3.56,3.0,17.9,9.5,50
2019-08-20,22.8,27.8,66,0.50,265,5.22,1.0,19.9,15.4,33
2019-08-21,22.8,28.7,56,0.00,225,5.75,0.0,23.0,15.4,37
2019-08-22,21.6,28.7,76,11.90,213,3.72,10.0,18.7,11.6,50
2019-08-23,20.9,24.7,69,2.30,259,4.56,4.0,23.5,14.7,35
2019-08-24,16.1,18.8,68,0.10,357,3.33,1.0,24.6,17.0,52
2019-08-25,15.3,21.4,69,0.00,175,4.01,0.0,9.4,6.2,38
2019-08-26,15.5,20.7,76,0.00,178,2.83,0.0,10.1,7.5,50
2019-08-27,16.5,23.4,76,0.40,267,2.52,1.0,15.9,7.9,44
2019-08-28,20.2,26.6,68,0.00,263,4.37,0.0,11.8,9.1,47
2019-08-29,18.1,21.7,85,49.50,153,1.20,11.0,22.1,12.4,65
2019-08-30,20.2,26.0,81,18.70,250,4.05,5.0,19.1,12.0,49
2019-08-31,18.8,21.8,70,0.40,257,3.61,2.0,19.9,14.2,46
2019-09-01,15.7,20.1,62,0.00,284,3.97,0.0,16.8,10.8,45
2019-09-02,13.9,16.3,80,5.40,185,1.38,7.0,18.1,13.1,63
2019-09-03,16.7,21.2,80,6.50,246,3.13,8.0,20.6,13.0,50
2019-09-04,18.4,24.9,77,2.00,168,3.11,6.0,21.5,12.6,48
2019-09-05,17.5,20.9,64,0.00,256,4.14,0.0,26.9,18.4,39
2019-09-06,14.1,18.0,61,0.00,296,3.68,0.0,13.5,9.5,42
2019-09-07,13.0,15.6,78,22.70,62,1.18,9.0,46.5,19.5,68
2019-09-08,10.5,15.4,77,42.70,302,2.38,15.0,50.2,31.9,52
2019-09-09,12.8,18.4,71,0.00,264,3.01,0.0,17.3,11.9,49
2019-09-10,13.1,18.4,71,0.00,275,3.08,0.0,10.5,8.4,45
2019-09-11,13.5,16.3,87,25.70,158,0.90,14.0,18.0,10.0,74
2019-09-12,13.0,16.4,78,0.00,349,2.41,0.0,16.8,10.9,51
2019-09-13,12.0,16.3,65,0.00,340,3.25,0.0,17.9,11.0,44
2019-09-14,11.3,15.9,72,0.50,199,1.99,2.0,25.8,16.3,60
2019-09-15,16.8,20.5,78,0.30,234,2.73,3.0,21.7,18.1,54
2019-09-16,15.2,18.8,77,3.30,290,2.24,12.0,18.2,13.4,55
2019-09-17,11.1,13.7,78,3.50,19,1.45,12.0,22.6,17.8,62
2019-09-18,9.4,12.8,70,0.00,0,2.58,0.0,15.0,10.0,55
2019-09-19,10.0,18.4,72,0.00,233,2.83,0.0,9.2,6.7,39
2019-09-20,15.4,25.0,73,0.00,251,3.21,0.0,14.5,10.7,58
2019-09-21,16.6,20.7,73,0.00,342,3.09,0.0,17.0,11.8,59
2019-09-22,15.2,26.3,77,0.00,226,3.31,0.0,23.5,13.1,51
2019-09-23,21.9,26.0,75,4.00,239,2.60,6.0,26.5,21.4,61
2019-09-24,13.6,18.5,91,32.00,53,0.61,21.0,26.9,16.9,84
2019-09-25,12.5,14.7,88,9.70,354,1.20,15.0,20.4,16.8,72
2019-09-26,14.0,19.6,81,0.70,238,2.45,7.0,14.9,9.8,61
2019-09-27,15.3,18.6,75,10.60,260,2.71,7.0,23.2,16.7,46
2019-09-28,13.3,20.6,77,1.30,219,2.01,3.0,19.9,11.7,60
2019-09-29,13.5,14.9,76,3.00,291,2.42,4.0,24.2,16.9,45
2019-09-30,8.9,12.2,55,0.00,318,2.92,0.0,22.4,15.5,42
2019-10-01,8.2,10.0,70,1.40,333,1.23,5.0,15.8,7.6,63
2019-10-02,8.2,9.3,80,8.40,354,0.94,13.0,26.7,15.0,55
2019-10-03,7.0,12.0,59,0.00,305,2.47,0.0,18.1,14.4,33
2019-10-04,5.7,9.0,71,1.50,310,1.47,7.0,20.5,11.7,50
2019-10-05,7.1,12.2,61,0.00,311,2.51,0.0,20.9,17.3,41
2019-10-06,7.8,15.0,66,0.00,234,2.29,0.0,20.0,12.5,45
2019-10-07,13.7,16.7,89,8.30,223,0.84,12.0,22.2,15.8,71
2019-10-08,13.1,17.3,77,3.30,263,2.11,4.0,19.9,14.1,41
2019-10-09,9.3,14.2,75,0.00,308,1.99,0.0,10.9,7.7,49
2019-10-10,7.3,13.3,87,0.00,21,1.71,0.0,9.5,5.9,65
2019-10-11,9.1,12.8,87,0.00,54,1.40,0.0,14.3,10.7,71
2019-10-12,10.5,11.2,84,10.70,63,0.75,10.0,19.5,15.8,73
2019-10-13,11.3,16.5,84,0.70,346,1.64,5.0,18.1,10.2,60
2019-10-14,11.8,15.8,90,0.20,164,1.16,2.0,14.0,6.9,70
2019-10-15,11.7,14.8,81,1.70,221,1.59,6.0,13.8,10.8,48
2019-10-16,8.5,14.5,65,0.00,250,2.03,0.0,13.3,9.7,44
2019-10-17,9.9,11.9,83,18.90,105,0.78,8.0,45.1,22.2,73
2019-10-18,10.3,12.6,88,7.50,219,1.04,15.0,15.6,13.0,70
2019-10-19,8.3,10.4,68,0.00,294,1.60,0.0,24.2,16.6,52
2019-10-20,7.8,12.8,68,0.00,288,1.88,0.0,16.5,11.4,47
2019-10-21,8.0,12.7,85,0.00,47,1.17,0.0,10.5,5.7,68
2019-10-22,7.4,10.1,87,0.00,64,1.19,0.0,13.1,8.9,70
2019-10-23,9.0,11.1,84,29.90,123,0.88,7.0,34.9,20.0,74
2019-10-24,10.5,14.6,75,4.20,248,1.93,4.0,23.8,18.9,43
2019-10-25,8.9,11.5,67,0.00,258,1.81,0.0,18.8,14.9,49
2019-10-26,5.0,8.7,72,0.30,297,1.23,2.0,20.2,11.9,46
2019-10-27,4.0,7.9,78,0.00,304,1.10,0.0,11.0,7.0,56
2019-10-28,6.2,8.6,75,1.80,110,1.01,7.0,11.2,7.4,59
2019-10-29,6.7,13.1,79,0.00,205,1.11,0.0,10.0,7.9,63
2019-10-30,9.6,15.4,85,0.00,231,1.13,0.0,18.4,12.5,66
2019-10-31,10.7,15.3,96,8.10,192,0.37,14.0,24.5,13.3,92
2019-11-01,15.8,19.6,78,8.80,212,1.88,13.0,40.8,34.4,37
2019-11-02,5.0,7.5,54,0.00,266,2.06,0.0,31.9,16.2,41
2019-11-03,4.1,7.7,75,0.00,231,0.91,0.0,15.2,9.3,50
2019-11-04,3.0,7.6,69,0.00,249,1.33,0.0,22.6,13.5,38
2019-11-05,4.1,10.1,77,0.30,178,0.88,3.0,19.6,13.6,68
2019-11-06,6.6,9.0,72,13.40,251,1.50,7.0,31.7,19.8,37
2019-11-07,0.3,2.8,67,4.90,234,0.91,10.0,22.5,11.2,42
2019-11-08,0.5,1.6,81,10.90,0,0.64,18.0,22.0,13.8,55
2019-11-09,-2.8,0.2,58,0.00,279,1.20,0.0,23.2,16.8,42
2019-11-10,-0.9,6.8,70,0.00,195,1.07,0.0,21.7,15.1,51
2019-11-11,0.2,4.5,60,0.40,271,1.01,3.0,20.3,12.4,42
2019-11-12,1.0,6.2,83,19.70,60,0.42,22.0,23.9,13.2,50
2019-11-13,-3.3,2.3,70,2.00,260,0.83,6.0,28.6,21.7,49
2019-11-14,-5.6,-1.1,54,0.00,256,0.96,0.0,22.5,12.2,29
2019-11-15,0.2,4.7,81,9.10,195,0.65,14.0,21.1,14.2,51
2019-11-16,-5.3,-0.0,59,0.20,276,1.02,2.0,29.7,22.8,45
2019-11-17,-6.1,-1.3,67,0.00,271,0.74,0.0,18.5,10.3,43
2019-11-18,-5.2,2.5,75,0.00,135,0.60,0.0,16.3,9.7,66
2019-11-19,1.4,2.7,93,16.60,21,0.24,24.0,28.1,20.0,82
2019-11-20,0.5,2.5,90,3.20,8,0.37,6.0,21.7,13.2,83
2019-11-21,1.7,2.8,85,1.40,1,0.48,11.0,21.6,18.0,75
2019-11-22,0.0,3.5,90,2.40,187,0.32,5.0,20.7,11.9,81
2019-11-23,0.0,2.7,72,8.60,271,1.00,7.0,32.0,23.4,51
2019-11-24,-3.1,1.2,72,0.00,251,0.67,0.0,23.6,11.3,54
2019-11-25,1.6,3.0,88,21.20,353,0.35,20.0,30.6,24.4,73
2019-11-26,1.5,5.0,79,0.10,253,0.82,1.0,23.1,17.6,62
2019-11-27,1.2,4.1,79,0.30,286,0.72,1.0,17.7,12.0,52
2019-11-28,1.4,3.4,85,2.10,28,0.40,8.0,32.6,20.4,76
2019-11-29,-0.7,3.6,70,0.00,339,0.94,0.0,31.4,26.5,62
2019-11-30,-3.5,-1.5,65,0.50,318,0.97,5.0,28.5,26.1,57
2019-12-01,-5.7,-3.0,59,0.00,310,0.92,0.0,28.8,18.1,42
2019-12-02,-5.9,-1.9,75,0.00,330,0.46,0.0,13.0,9.0,63
2019-12-03,-0.4,0.9,79,15.60,45,0.55,12.0,31.6,24.4,66
2019-12-04,-0.7,1.1,76,1.50,310,0.71,9.0,27.5,18.0,57
2019-12-05,-5.9,-1.2,85,0.80,257,0.28,6.0,11.1,6.0,77
2019-12-06,-4.5,-1.8,77,0.00,260,0.53,0.0,21.0,15.2,60
2019-12-07,-8.7,-5.8,72,0.00,272,0.51,0.0,20.0,14.3,51
2019-12-08,-9.8,-5.4,73,0.00,249,0.49,0.0,17.7,14.0,58
2019-12-09,1.2,4.3,78,1.40,218,0.70,9.0,24.7,19.1,65
2019-12-10,9.8,12.3,91,21.50,199,0.61,15.0,37.2,25.9,87
2019-12-11,-1.5,9.3,63,2.50,284,0.69,5.0,24.9,16.4,47
2019-12-12,-7.8,-5.4,46,0.00,262,0.90,0.0,28.6,17.3,31
2019-12-13,-8.2,-1.3,51,0.00,196,0.63,0.0,15.0,10.7,39
2019-12-14,0.7,3.5,90,24.80,133,0.18,14.0,30.1,15.2,78
2019-12-15,6.2,11.3,84,6.60,208,0.74,10.0,33.6,24.8,52
2019-12-16,-6.0,0.3,44,0.00,266,1.36,0.0,34.9,30.8,34
2019-12-17,-6.0,-2.1,49,0.00,264,1.03,0.0,26.7,18.1,40
2019-12-18,-6.7,-4.8,57,0.00,310,0.58,0.0,12.1,9.0,41
2019-12-19,-9.7,-7.2,55,0.00,283,0.66,0.0,22.3,15.8,39
2019-12-20,-3.7,2.3,60,0.00,307,1.03,0.0,24.8,19.0,50
2019-12-21,-3.0,-0.4,72,0.00,308,0.66,0.0,18.1,13.2,54
2019-12-22,-5.6,-0.2,83,1.70,215,0.32,6.0,10.6,7.9,64
2019-12-23,-3.2,-0.3,78,0.10,269,0.47,1.0,15.7,11.0,54
2019-12-24,-1.4,0.5,69,0.00,294,0.90,0.0,31.6,22.7,50
2019-12-25,-6.4,-4.3,65,0.00,309,0.63,0.0,21.4,13.8,51
2019-12-26,-8.6,-5.2,65,0.00,306,0.62,0.0,21.0,16.5,47
2019-12-27,-7.7,-1.0,70,1.50,229,0.44,3.0,13.9,10.2,40
2019-12-28,0.3,1.9,77,5.20,281,0.65,3.0,28.5,16.7,49
2019-12-29,-3.5,-0.6,66,0.00,309,0.76,0.0,19.4,15.6,53
2019-12-30,-4.0,-1.6,70,0.00,352,0.60,0.0,17.7,15.9,63
2019-12-31,-2.7,-1.4,75,7.40,94,0.48,5.0,26.3,14.7,69
2020-01-01,-0.1,2.4,84,10.30,223,0.56,13.0,22.9,19.3,63
2020-01-02,-2.1,0.7,72,0.10,271,0.80,1.0,23.7,20.2,59
2020-01-03,-2.6,2.8,86,1.40,237,0.43,7.0,15.8,7.4,70
2020-01-04,0.1,2.3,83,0.00,267,0.54,0.0,16.9,11.1,62
2020-01-05,-2.7,-1.1,83,0.70,0,0.36,4.0,26.8,13.9,68
2020-01-06,-8.1,-4.7,73,0.00,297,0.42,0.0,25.1,11.3,55
2020-01-07,-9.2,-4.3,78,0.70,229,0.39,7.0,12.5,8.0,62
2020-01-08,-9.4,-3.1,87,4.80,332,0.22,9.0,17.1,10.1,79
2020-01-09,-7.7,-4.8,67,0.80,302,0.64,5.0,29.6,22.3,48
2020-01-10,-9.7,1.9,76,0.70,226,0.36,5.0,23.4,14.1,66
2020-01-11,2.3,10.0,84,9.10,229,0.45,8.0,26.4,15.4,77
2020-01-12,-3.7,4.5,81,39.20,29,0.33,24.0,25.7,20.5,75
2020-01-13,-8.8,-6.4,76,1.90,351,0.41,6.0,24.3,10.9,63
2020-01-14,-6.7,-5.4,81,2.10,12,0.30,11.0,14.5,8.2,65
2020-01-15,-6.5,-4.2,83,3.40,167,0.21,8.0,11.5,8.1,76
2020-01-16,-10.2,-6.4,84,0.70,286,0.30,6.0,15.3,7.6,72
2020-01-17,-11.9,-6.3,66,0.90,337,0.51,7.0,32.6,26.0,52
2020-01-18,-17.8,-14.4,63,0.00,301,0.40,0.0,24.7,16.2,51
2020-01-19,-11.9,-4.4,80,6.50,69,0.24,19.0,24.1,12.9,68
2020-01-20,-7.9,-4.3,73,1.20,328,0.51,9.0,23.4,15.2,45
2020-01-21,-15.6,-11.5,68,0.00,270,0.38,0.0,14.2,10.4,49
2020-01-22,-14.3,-6.8,73,0.00,205,0.43,0.0,11.7,8.3,57
2020-01-23,-4.2,1.6,75,0.00,224,0.74,0.0,17.8,15.2,57
2020-01-24,-4.5,-2.0,82,0.00,280,0.50,0.0,13.8,10.3,68
2020-01-25,-9.6,-3.8,90,0.00,165,0.43,0.0,13.0,7.4,77
2020-01-26,-3.0,3.1,91,10.00,125,0.23,9.0,20.4,12.8,88
2020-01-27,1.5,3.3,85,0.60,236,0.53,6.0,19.2,13.3,64
2020-01-28,-4.6,-1.3,78,2.10,346,0.47,17.0,23.0,18.9,73
2020-01-29,-9.7,-4.5,73,0.00,324,0.47,0.0,23.6,14.8,51
2020-01-30,-10.7,-7.1,66,0.00,312,0.66,0.0,21.7,15.1,44
2020-01-31,-9.7,-2.8,66,0.00,272,0.71,0.0,12.7,10.1,44
2020-02-01,-10.6,-4.4,80,0.00,241,0.50,0.0,11.1,6.2,62
2020-02-02,-5.8,-3.0,86,0.20,359,0.38,2.0,15.1,10.5,72
2020-02-03,-4.7,1.2,75,0.00,273,0.87,0.0,24.1,15.9,53
2020-02-04,-3.0,1.3,76,0.00,261,0.85,0.0,18.6,13.4,49
2020-02-05,-4.9,-0.6,68,0.00,279,0.81,0.0,23.0,16.9,46
2020-02-06,-11.8,-7.2,75,1.80,230,0.34,8.0,15.8,8.9,61
2020-02-07,-5.5,-4.0,88,22.10,54,0.24,21.0,35.5,18.0,82
2020-02-08,-8.7,-4.9,67,13.10,315,0.79,12.0,42.0,21.5,47
2020-02-09,-13.8,-9.3,65,0.00,252,0.62,0.0,16.1,11.2,43
2020-02-10,-7.6,0.5,82,7.50,212,0.37,13.0,20.8,11.6,71
2020-02-11,-7.1,-1.3,83,0.00,237,0.64,0.0,10.6,7.1,67
2020-02-12,-1.8,1.1,78,3.00,282,0.95,8.0,24.0,13.4,46
2020-02-13,-2.8,-0.2,71,1.70,248,0.79,9.0,23.5,17.5,63
2020-02-14,-15.0,-8.5,58,1.50,310,0.58,7.0,23.1,19.3,38
2020-02-15,-17.5,-11.3,61,0.00,250,0.56,0.0,18.5,13.3,41
2020-02-16,-5.9,0.4,66,0.20,228,1.08,2.0,25.0,19.0,51
2020-02-17,-4.4,-1.4,75,0.00,262,0.76,0.0,20.0,13.7,53
2020-02-18,-11.7,-7.6,66,0.00,282,0.72,0.0,18.6,10.3,46
2020-02-19,-3.1,2.1,74,10.90,241,1.06,10.0,30.4,19.2,46
2020-02-20,-14.6,-6.7,52,0.00,281,0.76,0.0,33.1,20.4,40
2020-02-21,-16.6,-8.8,57,0.00,247,0.73,0.0,16.9,10.6,34
2020-02-22,-6.7,0.9,59,0.00,228,1.24,0.0,21.1,16.8,49
2020-02-23,-1.4,4.9,73,0.00,233,1.32,0.0,17.1,14.7,48
2020-02-24,-0.1,6.3,80,0.00,203,1.29,0.0,14.2,8.7,55
2020-02-25,1.4,4.6,79,0.00,228,1.14,0.0,16.4,8.8,58
2020-02-26,-1.1,3.3,81,0.00,24,1.16,0.0,11.8,7.4,52
2020-02-27,-3.9,-2.9,89,19.30,73,0.32,7.0,36.2,23.8,81
2020-02-28,-1.8,-0.3,71,12.80,237,1.22,9.0,33.0,22.6,41
2020-02-29,-7.5,-3.7,72,0.00,216,0.97,0.0,20.2,9.2,49
2020-03-01,-4.7,-4.4,83,8.50,11,0.46,22.0,27.8,17.9,70
2020-03-02,-4.9,-0.2,75,1.20,321,1.15,3.0,22.3,10.7,56
2020-03-03,2.8,8.4,78,5.50,215,1.34,10.0,18.7,11.5,56
2020-03-04,1.0,2.8,93,15.60,90,0.47,16.0,20.4,12.6,85
2020-03-05,-0.0,1.1,70,6.20,287,1.28,15.0,30.9,24.6,52
2020-03-06,-4.1,-1.2,62,0.00,304,1.45,0.0,21.3,14.3,39
2020-03-07,-6.9,-4.9,68,0.00,11,0.94,0.0,31.1,21.8,55
2020-03-08,-5.3,2.1,65,0.20,293,1.38,2.0,24.3,13.7,43
2020-03-09,-5.8,-1.7,76,3.20,18,0.61,11.0,15.2,9.9,64
2020-03-10,-6.8,-3.0,81,7.60,111,0.43,20.0,17.2,11.2,76
2020-03-11,-3.0,0.2,76,2.70,325,1.25,7.0,17.9,11.0,44
2020-03-12,-5.5,-1.0,70,0.00,308,1.26,0.0,11.3,8.3,40
2020-03-13,-5.2,0.6,82,2.80,125,0.60,7.0,35.6,15.1,73
2020-03-14,1.6,3.3,67,8.00,259,1.56,6.0,35.1,24.1,47
2020-03-15,-4.1,-1.0,58,0.00,296,1.72,0.0,26.8,19.7,43
2020-03-16,-7.0,-4.3,68,0.00,329,1.22,0.0,19.5,14.2,53
2020-03-17,-4.9,2.6,74,1.10,181,1.18,3.0,22.6,16.8,45
2020-03-18,-0.4,1.0,63,0.10,262,1.78,1.0,22.8,19.0,35
2020-03-19,-4.7,0.4,68,0.00,196,1.50,0.0,13.6,8.8,44
2020-03-20,3.9,9.7,81,7.00,178,1.03,13.0,28.2,14.2,69
2020-03-21,1.5,8.3,59,0.00,276,2.02,0.0,32.1,27.1,36
2020-03-22,-9.0,-5.0,53,0.00,306,1.37,0.0,23.2,17.4,36
2020-03-23,-8.1,-0.7,63,0.00,241,1.32,0.0,13.2,8.4,33
2020-03-24,-2.8,-0.6,84,7.90,61,0.76,14.0,16.1,9.9,65
2020-03-25,-1.9,4.4,76,0.00,323,1.96,0.0,11.3,7.2,49
2020-03-26,-1.2,1.5,79,0.00,111,1.25,0.0,14.9,9.9,66
2020-03-27,-0.2,3.2,81,1.00,352,0.90,9.0,21.1,16.5,57
2020-03-28,1.8,7.0,55,0.00,302,2.64,0.0,23.3,18.3,27
2020-03-29,-0.6,5.4,68,0.00,7,2.21,0.0,12.3,7.6,35
2020-03-30,-1.1,-0.1,77,0.30,62,0.89,1.0,19.4,14.4,66
2020-03-31,-1.4,0.2,78,2.20,24,0.81,10.0,27.9,23.2,67
2020-04-01,0.2,1.3,93,11.50,29,0.47,24.0,26.1,19.4,88
2020-04-02,2.5,4.0,91,12.00,60,0.65,17.0,30.6,21.1,85
2020-04-03,2.3,3.9,85,1.00,54,1.04,8.0,35.6,29.3,81
2020-04-04,-0.6,0.3,83,0.10,33,1.26,1.0,22.4,14.6,73
2020-04-05,-0.7,6.7,79,0.00,163,2.22,0.0,15.9,7.0,54
2020-04-06,3.3,4.9,65,2.20,265,2.10,5.0,30.8,20.0,42
2020-04-07,-0.4,3.7,65,0.10,300,2.00,1.0,16.6,11.6,38
2020-04-08,-2.2,0.9,77,0.70,319,1.65,3.0,15.5,8.8,57
2020-04-09,-1.2,6.1,67,0.00,215,2.27,0.0,14.0,8.5,34
2020-04-10,-0.5,1.0,85,24.10,52,0.60,22.0,39.8,26.5,76
2020-04-11,2.0,5.5,63,0.90,302,2.10,4.0,30.4,22.5,43
2020-04-12,2.5,9.0,62,0.00,258,2.78,0.0,22.9,15.5,30
2020-04-13,4.5,10.3,75,3.40,186,1.52,8.0,26.0,14.3,60
2020-04-14,9.0,11.4,66,11.60,220,3.19,9.0,33.3,23.8,34
2020-04-15,2.8,7.5,59,0.10,243,2.49,1.0,14.0,9.3,36
2020-04-16,0.0,3.4,63,0.30,278,2.12,2.0,24.3,14.9,35
2020-04-17,-1.0,4.6,56,0.20,270,2.31,2.0,21.3,13.1,32
2020-04-18,-1.6,3.2,62,0.00,174,2.39,0.0,16.3,10.1,38
2020-04-19,0.8,5.8,69,0.00,71,2.55,0.0,13.7,9.5,41
2020-04-20,3.2,7.0,64,0.70,264,2.65,1.0,30.6,17.6,36
2020-04-21,0.9,7.2,60,0.00,338,2.82,0.0,17.3,10.2,38
2020-04-22,3.9,7.7,63,3.80,201,2.39,11.0,26.8,19.3,41
2020-04-23,-0.7,4.4,50,0.00,254,2.46,0.0,29.2,22.0,33
2020-04-24,3.7,11.9,47,0.00,258,3.54,0.0,20.0,13.9,26
2020-04-25,4.2,10.2,47,0.00,300,3.64,0.0,21.9,14.1,20
2020-04-26,4.8,12.6,47,0.00,283,3.51,0.0,13.2,8.8,26
2020-04-27,3.0,4.9,65,0.00,52,1.70,0.0,26.0,18.1,48
2020-04-28,3.2,5.4,65,0.00,36,2.28,0.0,28.6,22.7,56
2020-04-29,3.2,4.8,71,0.00,35,2.42,0.0,24.1,18.5,65
2020-04-30,4.7,13.4,69,0.00,164,3.00,0.0,16.2,8.0,41
2020-05-01,9.1,15.5,68,1.10,178,2.35,5.0,22.9,16.2,47
2020-05-02,10.5,12.1,74,3.40,294,2.05,8.0,23.3,18.5,41
2020-05-03,8.2,13.8,58,0.00,197,3.57,0.0,20.3,11.2,40
2020-05-04,6.6,9.7,86,17.70,113,1.11,21.0,18.2,14.2,65
2020-05-05,2.0,3.7,94,24.40,19,0.47,24.0,33.0,25.0,88
2020-05-06,5.8,13.3,63,0.50,314,3.52,3.0,27.2,16.9,28
2020-05-07,5.3,9.4,65,0.20,12,2.45,1.0,11.5,6.4,45
2020-05-08,4.5,10.5,76,1.50,249,2.39,4.0,24.5,10.9,44
2020-05-09,1.5,4.4,86,23.20,34,0.54,12.0,31.1,15.3,59
2020-05-10,3.3,6.9,66,6.90,282,2.58,9.0,35.0,28.8,39
2020-05-11,7.0,14.6,54,0.00,250,3.83,0.0,26.1,21.7,33
2020-05-12,5.4,9.2,85,6.60,45,0.99,15.0,18.7,9.9,52
2020-05-13,5.0,10.1,62,0.70,295,3.22,4.0,30.0,19.8,30
2020-05-14,6.9,12.2,41,0.00,306,4.20,0.0,33.1,23.9,31
2020-05-15,8.1,14.1,57,0.00,352,3.86,0.0,16.2,8.7,39
2020-05-16,7.7,12.9,67,0.30,73,2.65,2.0,12.2,9.0,41
2020-05-17,10.7,17.6,57,0.00,274,4.69,0.0,23.0,14.8,26
2020-05-18,8.9,11.9,62,0.00,9,3.44,0.0,18.0,10.7,39
2020-05-19,7.0,11.2,67,0.00,31,3.49,0.0,17.1,10.1,49
2020-05-20,10.4,20.8,58,0.00,241,4.69,0.0,14.2,10.2,29
2020-05-21,17.5,26.1,47,0.00,248,6.01,0.0,25.0,18.8,25
2020-05-22,17.9,22.0,38,0.00,276,6.01,0.0,22.3,17.7,18
2020-05-23,7.5,11.6,50,0.00,49,4.23,0.0,21.2,11.9,32
2020-05-24,11.2,19.8,49,0.00,236,4.74,0.0,11.4,7.4,29
2020-05-25,15.3,22.8,35,0.00,221,6.46,0.0,21.0,18.4,27
2020-05-26,19.7,28.7,63,0.10,233,5.74,1.0,23.6,20.5,39
2020-05-27,17.2,23.7,83,12.70,250,2.72,12.0,14.8,9.8,63
2020-05-28,22.1,30.3,71,0.00,224,5.71,0.0,21.6,15.1,50
2020-05-29,23.4,28.9,69,0.00,222,5.72,0.0,30.9,23.4,51
2020-05-30,21.5,26.3,76,1.20,220,4.33,4.0,30.7,23.6,55
2020-05-31,16.3,19.9,65,1.10,310,3.52,2.0,26.1,10.5,52
2020-06-01,10.4,13.4,52,0.00,308,3.63,0.0,21.3,15.5,40
2020-06-02,11.5,15.4,49,0.00,322,3.64,0.0,20.6,15.2,35
2020-06-03,12.3,17.2,47,2.10,238,4.63,7.0,26.5,16.4,35
2020-06-04,15.6,22.7,62,1.30,247,4.82,2.0,25.2,14.4,29
2020-06-05,19.7,26.9,55,1.30,229,5.69,1.0,22.1,13.3,34
2020-06-06,13.5,19.2,81,7.60,57,1.88,6.0,14.5,10.5,71
2020-06-07,10.6,12.3,76,4.50,21,2.35,15.0,21.7,15.9,64
2020-06-08,11.0,14.2,75,0.20,358,2.79,2.0,16.3,10.6,58
2020-06-09,10.0,13.7,78,0.50,89,3.38,1.0,14.8,10.2,58
2020-06-10,11.8,18.9,63,0.00,162,4.49,0.0,18.9,10.5,45
2020-06-11,16.2,22.9,54,2.70,187,3.87,4.0,27.7,19.4,43
2020-06-12,20.7,26.7,73,1.70,211,5.00,7.0,27.7,17.6,42
2020-06-13,17.8,22.0,63,0.00,269,3.92,0.0,16.9,11.1,37
2020-06-14,11.5,13.8,68,0.00,56,2.31,0.0,15.7,11.6,60
2020-06-15,13.4,18.5,64,0.30,124,4.17,2.0,12.4,5.5,46
2020-06-16,18.9,28.5,54,0.00,248,6.16,0.0,14.6,10.8,25
2020-06-17,22.9,30.3,46,0.00,233,7.63,0.0,22.7,18.5,27
2020-06-18,26.6,35.4,45,0.00,242,8.46,0.0,22.8,17.8,28
2020-06-19,29.4,37.5,44,0.00,258,7.90,0.0,19.2,13.9,20
2020-06-20,15.9,25.3,79,0.00,39,3.50,0.0,17.8,13.2,71
2020-06-21,17.0,22.7,80,1.60,108,4.12,3.0,14.3,8.2,66
2020-06-22,22.9,30.8,68,0.00,200,5.98,0.0,12.0,10.4,36
2020-06-23,25.7,32.7,62,0.00,200,6.42,0.0,15.3,11.3,42
2020-06-24,25.4,32.0,61,0.00,210,6.91,0.0,22.6,16.3,39
2020-06-25,24.9,29.5,62,1.80,226,6.08,5.0,20.2,15.5,29
2020-06-26,23.3,29.2,52,1.10,233,5.98,1.0,19.7,11.2,32
2020-06-27,22.0,27.2,70,1.20,230,4.65,2.0,18.9,11.5,41
2020-06-28,21.8,26.0,70,0.00,138,4.82,0.0,14.0,8.1,48
2020-06-29,18.2,20.5,88,4.10,57,1.60,8.0,22.0,14.4,76
2020-06-30,18.6,20.4,87,0.20,40,2.22,2.0,19.7,15.3,80
2020-07-01,20.7,26.2,83,0.50,58,3.96,3.0,11.2,6.1,65
2020-07-02,19.9,24.7,83,3.80,0,3.19,5.0,26.1,14.9,70
2020-07-03,16.7,20.3,75,0.00,89,4.14,0.0,16.1,10.6,53
2020-07-04,18.2,25.2,74,11.30,194,3.87,11.0,19.1,11.9,52
2020-07-05,17.9,21.4,88,2.90,87,2.85,8.0,10.4,5.3,70
2020-07-06,16.3,18.8,90,24.40,50,2.65,22.0,19.1,10.2,78
2020-07-07,16.6,21.1,79,0.20,154,4.24,2.0,16.3,9.0,62
2020-07-08,16.3,18.8,85,14.60,204,1.57,13.0,19.8,16.5,77
2020-07-09,19.9,28.0,84,0.20,236,4.33,2.0,12.4,7.6,57
2020-07-10,22.1,27.0,83,0.00,137,4.81,0.0,12.5,6.5,64
2020-07-11,23.0,27.8,81,1.20,184,3.89,6.0,16.3,12.3,67
2020-07-12,23.9,27.8,83,1.40,190,4.13,6.0,25.3,17.3,64
2020-07-13,23.8,28.6,74,0.70,243,4.96,3.0,19.3,15.9,49
2020-07-14,16.3,21.6,80,0.80,36,2.36,6.0,21.0,18.1,73
2020-07-15,15.8,17.2,70,0.00,35,4.17,0.0,27.0,21.1,64
2020-07-16,15.6,19.1,70,0.00,53,4.34,0.0,12.5,9.0,52
2020-07-17,16.9,21.2,73,2.50,198,3.52,3.0,19.9,11.7,54
2020-07-18,18.2,24.3,83,3.70,239,3.38,11.0,13.4,9.3,68
2020-07-19,22.1,28.6,79,0.20,202,4.45,1.0,12.6,7.9,56
2020-07-20,24.4,30.1,76,0.10,217,4.48,1.0,24.4,17.0,57
2020-07-21,23.5,26.9,58,0.00,282,6.24,0.0,18.7,15.0,42
2020-07-22,21.2,27.2,58,0.00,277,5.20,0.0,13.7,10.1,34
2020-07-23,20.9,24.5,69,1.20,159,3.96,2.0,10.3,5.9,44
2020-07-24,21.9,28.4,71,0.70,340,4.80,3.0,8.1,4.9,36
2020-07-25,23.1,29.0,62,0.50,260,5.13,2.0,18.7,11.2,38
2020-07-26,21.8,24.6,76,4.80,247,2.95,13.0,18.7,10.2,56
2020-07-27,20.4,25.0,84,0.00,131,4.16,0.0,15.8,9.3,62
2020-07-28,21.1,22.5,95,11.60,59,1.34,10.0,14.5,10.0,83
2020-07-29,21.3,25.0,89,0.70,40,3.09,5.0,9.1,5.8,72
2020-07-30,21.1,25.0,90,11.10,152,3.18,10.0,14.4,7.4,76
2020-07-31,19.9,23.5,88,17.50,341,3.47,12.0,6.6,4.6,69
2020-08-01,19.6,23.4,81,0.80,22,3.77,4.0,16.9,8.9,55
2020-08-02,22.6,29.9,70,0.00,240,5.28,0.0,13.4,8.2,38
2020-08-03,24.1,28.5,69,0.70,209,4.32,5.0,26.3,18.6,61
2020-08-04,22.5,26.8,73,0.00,277,4.28,0.0,18.9,14.3,54
2020-08-05,22.3,28.7,77,1.00,170,4.06,3.0,25.5,18.8,50
2020-08-06,22.6,26.1,62,0.00,241,5.45,0.0,28.9,19.1,37
2020-08-07,22.2,28.1,54,0.00,266,6.09,0.0,19.4,16.7,32
2020-08-08,22.8,30.1,60,0.00,256,5.20,0.0,14.5,8.2,32
2020-08-09,23.9,29.9,62,0.00,246,5.34,0.0,15.9,11.1,36
2020-08-10,23.7,29.8,71,0.60,167,4.70,3.0,12.1,6.9,44
2020-08-11,24.9,30.7,73,0.10,218,4.96,1.0,18.9,14.8,49
2020-08-12,24.1,28.1,79,4.00,218,3.54,7.0,18.3,15.8,65
2020-08-13,23.4,28.8,70,0.00,281,4.60,0.0,12.9,9.4,37
2020-08-14,20.5,24.5,75,2.30,23,3.37,7.0,21.4,13.3,61
2020-08-15,18.5,20.5,73,1.70,55,3.28,6.0,20.6,16.2,59
2020-08-16,19.1,22.0,79,1.10,74,3.45,5.0,10.3,7.4,63
2020-08-17,18.7,22.3,80,0.40,155,3.09,3.0,16.6,8.6,56
2020-08-18,17.9,22.2,77,0.20,123,3.18,2.0,10.8,6.0,59
2020-08-19,18.7,23.4,72,0.60,240,4.02,4.0,20.9,15.3,40
2020-08-20,18.4,22.5,56,0.00,265,5.19,0.0,23.4,17.9,31
2020-08-21,16.1,19.1,66,1.90,249,2.48,2.0,18.2,12.1,55
2020-08-22,17.3,24.2,65,0.00,272,4.19,0.0,14.1,8.2,29
2020-08-23,18.8,25.9,67,0.00,234,3.91,0.0,16.6,8.6,37
2020-08-24,19.1,24.4,71,0.00,288,3.90,0.0,14.0,9.0,40
2020-08-25,19.0,22.5,82,13.80,180,1.84,12.0,21.7,14.6,66
2020-08-26,16.0,19.0,64,1.20,286,4.15,2.0,31.0,22.7,32
2020-08-27,14.3,17.5,51,0.00,269,4.34,0.0,34.6,26.8,46
2020-08-28,15.5,21.0,55,0.00,278,4.70,0.0,26.1,19.0,31
2020-08-29,14.4,20.3,63,0.90,250,3.02,4.0,13.2,9.1,40
2020-08-30,15.8,19.1,88,18.70,79,1.57,19.0,23.2,14.9,79
2020-08-31,13.7,18.2,71,1.40,311,3.09,4.0,22.0,16.5,42
2020-09-01,14.5,21.2,71,0.00,192,3.55,0.0,15.0,7.7,42
2020-09-02,16.5,22.7,65,0.00,198,4.07,0.0,26.5,16.3,45
2020-09-03,20.7,26.4,74,0.30,198,4.24,2.0,25.3,16.9,46
2020-09-04,21.6,26.0,78,19.50,219,3.98,8.0,23.5,15.4,44
2020-09-05,17.5,21.9,59,0.00,256,4.15,0.0,17.7,12.8,38
2020-09-06,15.7,20.7,64,0.00,247,3.56,0.0,16.1,11.1,42
2020-09-07,16.3,23.5,68,0.00,184,3.96,0.0,18.8,10.9,40
2020-09-08,19.8,25.4,69,0.00,216,4.00,0.0,25.5,19.3,55
2020-09-09,17.0,20.6,73,0.00,8,2.52,0.0,11.5,7.9,60
2020-09-10,17.3,26.4,80,3.00,82,2.40,5.0,19.5,11.6,51
2020-09-11,13.2,16.4,72,7.60,352,2.41,6.0,18.7,14.0,41
2020-09-12,13.6,20.4,64,0.00,263,3.32,0.0,15.9,11.1,38
2020-09-13,14.7,19.9,65,0.00,207,3.18,0.0,24.4,15.4,41
2020-09-14,17.2,19.3,62,0.50,250,4.24,3.0,26.8,23.5,36
2020-09-15,12.3,16.3,56,0.00,290,3.47,0.0,17.2,12.8,39
2020-09-16,11.5,18.6,72,0.00,206,2.41,0.0,27.4,15.4,52
2020-09-17,15.3,18.2,79,8.40,230,1.83,9.0,28.9,18.5,68
2020-09-18,9.9,12.5,60,0.00,12,2.17,0.0,13.7,11.7,53
2020-09-19,9.3,13.4,65,0.00,335,2.44,0.0,11.7,9.4,40
2020-09-20,8.7,13.4,63,0.00,320,2.65,0.0,17.1,12.5,35
2020-09-21,8.8,15.5,60,0.00,276,2.83,0.0,11.1,7.9,35
2020-09-22,8.5,13.6,76,4.70,39,1.48,5.0,24.7,11.7,54
2020-09-23,11.6,17.5,80,14.00,349,1.77,15.0,29.9,26.2,52
2020-09-24,15.5,19.4,68,0.00,272,3.13,0.0,22.6,16.9,46
2020-09-25,11.2,16.6,60,0.00,268,3.05,0.0,17.4,12.6,35
2020-09-26,12.5,21.6,73,0.00,218,2.76,0.0,18.5,11.5,54
2020-09-27,17.2,23.4,74,0.10,219,2.86,1.0,27.7,21.4,61
2020-09-28,20.7,24.8,82,0.00,216,2.53,0.0,26.9,20.5,65
2020-09-29,21.5,23.1,84,0.10,201,2.04,1.0,27.9,21.5,76
2020-09-30,21.9,25.5,85,3.90,188,2.07,9.0,40.5,25.4,74
2020-10-01,16.5,21.6,68,0.40,220,3.25,1.0,28.3,18.2,42
2020-10-02,15.6,18.6,85,1.40,196,1.38,7.0,16.8,9.8,68
2020-10-03,13.4,15.9,77,1.00,289,1.88,4.0,17.4,11.3,53
2020-10-04,9.9,13.2,62,0.00,288,2.09,0.0,11.7,9.2,38
2020-10-05,9.9,14.6,73,0.60,155,1.53,5.0,9.4,5.1,58
2020-10-06,12.1,18.0,75,0.00,201,2.32,0.0,25.5,16.5,49
2020-10-07,13.7,18.5,77,4.30,196,1.87,15.0,21.5,16.5,57
2020-10-08,11.3,13.1,75,22.40,284,2.05,12.0,38.5,24.3,39
2020-10-09,6.3,9.5,43,0.00,288,3.22,0.0,34.9,27.9,31
2020-10-10,10.2,18.4,64,1.30,218,2.20,4.0,30.6,17.1,43
2020-10-11,9.2,14.8,66,4.00,286,1.95,9.0,28.5,21.8,40
2020-10-12,4.9,10.2,61,0.00,283,1.93,0.0,13.8,8.6,40
2020-10-13,5.6,11.2,78,0.00,163,1.64,0.0,15.3,9.5,62
2020-10-14,12.3,16.9,90,22.50,158,0.73,13.0,27.7,17.5,75
2020-10-15,11.0,16.9,72,0.00,232,2.29,0.0,20.5,14.5,43
2020-10-16,15.0,20.8,71,0.00,188,2.42,0.0,18.8,16.0,59
2020-10-17,12.4,17.0,87,25.70,149,0.85,7.0,30.4,16.5,69
2020-10-18,8.1,14.1,64,0.00,237,2.28,0.0,36.4,15.8,44
2020-10-19,8.6,15.3,83,0.00,170,1.65,0.0,12.3,8.2,53
2020-10-20,10.2,14.9,84,1.50,215,1.18,4.0,16.4,9.7,69
2020-10-21,7.9,12.4,77,0.40,61,1.03,3.0,17.7,13.6,66
2020-10-22,12.3,14.3,80,0.70,255,1.53,2.0,22.7,14.9,50
2020-10-23,7.6,9.6,78,0.30,102,0.75,2.0,17.1,9.4,70
2020-10-24,11.8,16.7,79,0.70,190,1.54,2.0,21.9,15.4,60
2020-10-25,5.1,10.1,57,0.00,316,1.89,0.0,23.2,18.1,38
2020-10-26,1.4,3.8,71,0.90,257,0.66,5.0,10.6,6.0,53
2020-10-27,4.4,5.4,78,12.70,291,1.00,13.0,20.2,14.0,51
2020-10-28,-0.2,2.2,62,0.00,274,1.15,0.0,18.6,10.7,47
2020-10-29,2.8,6.7,69,0.60,254,1.23,4.0,20.5,15.2,49
2020-10-30,0.4,2.3,55,0.00,343,1.41,0.0,22.9,16.3,48
2020-10-31,-0.1,4.0,58,0.00,292,1.44,0.0,20.5,14.2,32
2020-11-01,1.5,8.2,61,0.00,187,1.34,0.0,25.4,16.9,50
2020-11-02,8.1,10.9,91,26.70,205,0.72,19.0,31.0,18.1,73
2020-11-03,-2.0,0.8,52,0.60,281,1.37,5.0,31.6,18.5,40
2020-11-04,-2.5,2.3,43,0.00,274,1.44,0.0,17.8,12.6,13
2020-11-05,4.1,11.3,77,0.30,185,0.76,3.0,21.1,15.7,38
2020-11-06,9.7,13.0,88,0.00,224,0.79,0.0,21.1,16.5,74
2020-11-07,11.4,13.2,65,0.00,270,1.96,0.0,28.0,17.7,54
2020-11-08,4.1,5.7,69,0.00,70,0.77,0.0,13.4,8.2,64
2020-11-09,8.3,15.1,84,0.20,234,1.05,2.0,19.0,12.9,68
2020-11-10,15.4,20.8,71,0.00,238,2.28,0.0,24.5,19.9,55
2020-11-11,15.9,19.4,69,0.00,226,2.15,0.0,24.6,18.3,59
2020-11-12,14.1,17.8,69,0.10,266,1.63,1.0,24.5,15.9,51
2020-11-13,4.3,8.3,65,0.00,338,1.16,0.0,19.3,9.5,53
2020-11-14,4.2,5.1,87,6.60,25,0.45,18.0,14.8,10.0,75
2020-11-15,1.0,3.1,68,0.00,300,1.02,0.0,19.8,12.7,52
2020-11-16,5.1,9.8,72,4.60,185,1.24,12.0,30.3,20.4,56
2020-11-17,2.9,5.0,65,0.00,253,1.26,0.0,22.7,18.1,50
2020-11-18,-2.2,0.3,58,0.00,292,1.10,0.0,24.0,16.6,43
2020-11-19,-3.6,-1.5,53,0.70,263,1.07,4.0,18.4,15.4,36
2020-11-20,1.3,7.9,75,3.40,218,0.76,9.0,12.1,10.5,49
2020-11-21,3.3,6.3,71,0.40,260,1.07,1.0,24.7,17.3,44
2020-11-22,-2.0,0.5,65,0.00,297,0.81,0.0,13.5,8.7,46
2020-11-23,2.8,9.9,80,7.60,150,0.50,10.0,31.4,18.6,69
2020-11-24,1.2,10.9,67,15.00,286,1.12,7.0,39.9,28.1,42
2020-11-25,-5.1,-2.6,60,1.00,255,0.65,7.0,23.1,11.4,46
2020-11-26,-0.5,2.2,88,4.10,87,0.38,11.0,14.5,8.1,73
2020-11-27,4.8,7.4,98,5.60,206,0.36,11.0,11.1,8.1,94
2020-11-28,2.2,4.6,92,0.00,294,0.36,0.0,8.9,6.6,76
2020-11-29,1.4,5.1,84,0.30,257,0.73,2.0,18.4,11.9,52
2020-11-30,1.2,6.1,80,0.00,167,0.62,0.0,17.9,9.9,65
2020-12-01,11.0,15.3,89,16.10,158,0.67,22.0,33.6,28.5,82
2020-12-02,11.1,13.9,90,25.70,171,0.42,20.0,28.2,17.0,83
2020-12-03,3.2,6.0,78,1.30,224,0.75,5.0,21.1,14.8,51
2020-12-04,2.2,7.2,79,0.30,209,0.64,2.0,16.1,11.1,57
2020-12-05,1.8,3.5,94,6.30,19,0.28,12.0,19.4,7.4,89
2020-12-06,4.0,7.0,95,42.50,49,0.25,24.0,41.5,22.6,89
2020-12-07,2.0,4.5,88,12.90,319,0.38,18.0,22.9,16.5,68
2020-12-08,-0.1,1.4,79,0.00,356,0.47,0.0,23.2,15.0,72
2020-12-09,-1.3,1.0,76,0.00,298,0.60,0.0,17.9,11.5,65
2020-12-10,-3.4,-0.5,81,1.30,261,0.30,11.0,12.2,7.4,74
2020-12-11,-2.1,2.2,75,0.00,265,0.61,0.0,14.1,11.3,54
2020-12-12,-0.5,1.9,78,0.00,294,0.51,0.0,12.5,9.0,64
2020-12-13,1.1,2.6,90,12.50,87,0.23,15.0,19.5,14.7,76
2020-12-14,0.7,2.9,89,0.50,287,0.30,2.0,11.9,9.0,68
2020-12-15,-5.2,-2.3,63,0.30,285,0.79,3.0,33.5,21.0,44
2020-12-16,-11.5,-9.7,50,0.00,287,0.79,0.0,27.8,22.2,39
2020-12-17,-9.6,-4.3,67,0.20,332,0.43,2.0,17.6,12.1,56
2020-12-18,-3.0,-0.8,78,1.20,1,0.50,12.0,24.0,19.9,70
2020-12-19,-3.6,-1.5,78,0.00,317,0.39,0.0,15.3,10.3,61
2020-12-20,-5.5,-0.1,75,0.00,217,0.50,0.0,11.6,9.9,52
2020-12-21,1.3,3.8,91,1.90,160,0.24,9.0,16.6,10.7,79
2020-12-22,0.1,1.2,85,15.80,315,0.46,15.0,27.4,21.7,67
2020-12-23,-4.9,-0.5,71,0.00,287,0.59,0.0,25.8,16.7,55
2020-12-24,-7.1,4.8,78,0.00,193,0.51,0.0,24.1,15.1,74
2020-12-25,8.9,13.4,84,0.00,173,0.80,0.0,30.7,24.5,72
2020-12-26,9.4,13.7,90,14.20,168,0.56,17.0,35.7,25.2,83
2020-12-27,-3.6,1.0,62,0.10,238,0.81,1.0,21.5,17.4,39
2020-12-28,-4.8,1.3,60,0.00,172,0.67,0.0,18.9,11.6,49
2020-12-29,0.5,3.8,76,1.40,239,0.71,7.0,23.5,19.1,49
2020-12-30,-6.5,-3.1,47,0.00,278,1.05,0.0,23.7,18.4,40
2020-12-31,-0.2,4.7,73,9.00,222,0.80,12.0,23.4,17.4,52
2021-01-01,-6.2,-1.6,64,0.00,282,0.77,0.0,23.4,17.0,49
2021-01-02,-6.1,-2.3,74,5.80,94,0.29,10.0,15.8,9.6,64
2021-01-03,-3.1,-1.8,82,2.00,3,0.36,4.0,20.3,11.1,73
2021-01-04,-4.0,-0.9,86,0.00,19,0.30,0.0,11.2,5.6,75
2021-01-05,-0.5,0.3,84,0.00,50,0.40,0.0,21.7,18.1,79
2021-01-06,-0.8,0.2,88,9.10,16,0.30,13.0,26.3,22.1,82
2021-01-07,-0.0,1.0,78,2.10,341,0.58,11.0,23.7,19.6,73
2021-01-08,-3.4,-1.0,74,0.20,304,0.59,2.0,24.1,18.4,69
2021-01-09,-2.1,0.1,84,5.20,313,0.35,12.0,11.0,9.6,71
2021-01-10,-3.9,-2.2,80,0.00,330,0.53,0.0,18.1,14.9,64
2021-01-11,-9.1,-2.0,76,0.00,256,0.47,0.0,12.4,8.0,56
2021-01-12,-7.4,-2.5,85,0.50,259,0.32,5.0,9.8,6.9,74
2021-01-13,-7.5,0.3,83,0.00,244,0.49,0.0,9.9,7.6,61
2021-01-14,-4.9,0.6,82,0.00,217,0.41,0.0,10.5,7.1,64
2021-01-15,-6.6,-0.6,89,0.00,287,0.41,0.0,10.7,5.0,71
2021-01-16,-6.0,-0.8,89,0.00,131,0.32,0.0,18.2,8.0,79
2021-01-17,1.3,3.2,89,19.70,136,0.39,22.0,29.1,20.9,84
2021-01-18,-0.7,1.5,73,0.50,238,0.78,3.0,25.0,20.5,60
2021-01-19,-9.0,-3.1,66,0.00,280,0.63,0.0,20.3,16.5,51
2021-01-20,-13.1,-8.4,68,0.00,278,0.47,0.0,14.1,11.2,46
2021-01-21,-13.4,-8.8,66,0.00,271,0.46,0.0,13.6,9.0,47
2021-01-22,-10.1,-3.3,77,0.00,88,0.42,0.0,13.4,7.8,68
2021-01-23,-6.8,-3.7,77,0.10,295,0.56,1.0,17.4,10.8,56
2021-01-24,-4.4,0.7,77,3.80,300,0.54,20.0,22.8,16.9,71
2021-01-25,-0.8,1.9,72,0.10,313,0.99,1.0,24.4,20.5,61
2021-01-26,-1.4,0.3,85,0.70,340,0.38,7.0,19.9,13.3,79
2021-01-27,-2.5,-0.9,90,0.00,24,0.48,0.0,11.8,8.5,79
2021-01-28,-6.5,-2.7,84,0.00,315,0.58,0.0,11.1,7.6,62
2021-01-29,-6.8,-4.7,76,0.10,9,0.47,1.0,21.4,13.7,59
2021-01-30,-10.3,-7.1,71,0.00,308,0.57,0.0,20.7,13.2,53
2021-01-31,-8.4,-2.7,76,0.00,308,0.52,0.0,12.9,9.1,70
2021-02-01,-9.0,-3.2,86,0.00,275,0.53,0.0,11.0,6.7,76
2021-02-02,-3.9,-0.2,86,21.20,67,0.29,11.0,37.5,20.1,80
2021-02-03,1.3,2.3,92,27.30,32,0.35,18.0,35.5,17.9,85
2021-02-04,-0.4,0.3,92,0.60,353,0.36,3.0,5.8,4.5,84
2021-02-05,-1.1,3.0,85,0.00,252,0.85,0.0,12.4,6.9,56
2021-02-06,-0.3,1.9,81,7.60,230,0.75,8.0,24.4,14.3,47
2021-02-07,-5.7,-2.4,61,0.00,247,1.11,0.0,29.6,17.0,46
2021-02-08,-4.4,-1.9,75,5.70,314,0.66,13.0,25.7,17.2,56
2021-02-09,-10.6,-6.3,56,0.00,284,0.91,0.0,25.6,18.5,35
2021-02-10,-11.1,-5.8,63,0.00,283,0.78,0.0,17.3,13.0,40
2021-02-11,-12.1,-9.2,59,0.00,267,0.74,0.0,28.1,19.6,42
2021-02-12,-9.4,-2.1,69,0.50,286,0.86,5.0,19.8,13.4,54
2021-02-13,-7.7,-4.5,74,0.60,296,0.73,4.0,15.4,10.7,51
2021-02-14,-10.5,-4.9,74,0.10,263,0.58,1.0,11.5,7.4,55
2021-02-15,-9.1,-4.9,72,0.10,273,0.57,1.0,12.9,7.9,52
2021-02-16,-6.9,-3.4,86,21.70,53,0.22,16.0,23.2,11.3,79
2021-02-17,-4.2,-2.5,74,4.90,313,0.88,10.0,22.7,18.0,48
2021-02-18,-10.6,-7.1,62,0.00,281,0.83,0.0,18.3,14.5,41
2021-02-19,-12.2,-7.3,70,0.00,280,0.74,0.0,10.8,7.5,50
2021-02-20,-8.1,-5.0,75,1.10,40,0.48,8.0,16.7,11.8,66
2021-02-21,-6.6,-1.7,67,0.00,313,1.02,0.0,16.1,12.8,40
2021-02-22,-6.3,-2.0,66,0.00,246,0.98,0.0,18.7,13.7,48
2021-02-23,-1.4,1.0,89,15.40,61,0.40,18.0,21.2,15.1,72
2021-02-24,0.7,4.8,80,0.10,272,1.05,1.0,20.8,10.8,53
2021-02-25,-1.7,1.6,78,9.60,308,0.75,13.0,28.7,18.0,53
2021-02-26,-11.5,-7.4,55,0.00,290,0.95,0.0,27.2,20.8,40
2021-02-27,-8.0,2.0,67,0.80,211,1.06,1.0,24.0,13.6,51
2021-02-28,0.5,3.8,76,11.10,298,1.38,8.0,27.9,16.6,50
2021-03-01,-2.3,-0.1,86,17.60,138,0.39,10.0,22.7,15.1,74
2021-03-02,-8.9,-0.9,67,8.60,268,0.64,15.0,38.3,28.6,47
2021-03-03,-9.7,-4.0,55,0.00,280,1.24,0.0,36.9,27.0,44
2021-03-04,-7.6,-4.9,60,0.00,270,1.15,0.0,26.3,23.5,48
2021-03-05,-9.1,-4.9,63,0.30,261,1.12,3.0,21.6,16.2,44
2021-03-06,-9.1,-3.5,64,0.00,251,1.07,0.0,19.9,15.8,45
2021-03-07,-7.4,-3.0,67,0.00,256,1.17,0.0,16.3,12.6,44
2021-03-08,-7.2,-1.1,74,0.00,296,1.22,0.0,10.0,7.0,45
2021-03-09,-6.3,1.1,75,0.20,230,1.04,2.0,10.5,7.1,43
2021-03-10,-3.2,4.2,75,0.00,272,1.58,0.0,12.2,6.9,51
2021-03-11,3.6,9.6,72,0.00,218,1.63,0.0,24.5,18.7,54
2021-03-12,6.6,9.9,62,1.10,239,2.38,1.0,33.7,24.7,43
2021-03-13,-1.2,4.5,56,0.00,294,1.68,0.0,35.4,25.4,45
2021-03-14,-7.1,-3.9,62,0.00,306,1.11,0.0,22.1,15.2,48
2021-03-15,-12.0,-8.1,59,0.30,313,0.75,3.0,26.9,22.3,45
2021-03-16,-12.3,-7.5,56,0.00,307,1.06,0.0,21.8,17.7,34
2021-03-17,-6.9,6.5,59,0.00,238,1.80,0.0,14.0,9.4,34
2021-03-18,2.4,7.3,73,0.40,227,1.29,2.0,27.1,17.1,55
2021-03-19,-6.2,2.5,57,0.00,322,1.32,0.0,24.9,21.2,42
2021-03-20,-3.9,7.5,61,0.00,262,1.80,0.0,18.4,14.0,39
2021-03-21,4.1,13.3,64,0.00,243,2.80,0.0,18.9,12.4,29
2021-03-22,7.4,15.0,48,0.00,243,3.59,0.0,19.2,15.4,25
2021-03-23,6.8,14.0,53,0.00,229,3.30,0.0,20.2,16.0,33
2021-03-24,7.6,17.0,64,0.00,228,2.71,0.0,16.4,12.0,36
2021-03-25,6.5,12.1,81,5.20,208,1.37,7.0,22.5,15.3,67
2021-03-26,7.2,12.9,93,22.80,225,0.94,7.0,26.2,15.6,76
2021-03-27,-1.8,0.7,78,16.30,22,0.81,16.0,39.4,30.0,64
2021-03-28,-1.4,1.8,64,0.20,126,1.45,1.0,20.9,11.3,51
2021-03-29,2.5,6.8,83,17.80,235,1.01,20.0,33.9,20.7,48
2021-03-30,-0.2,8.1,47,0.00,271,2.68,0.0,33.7,18.0,26
2021-03-31,6.7,16.0,65,0.00,206,2.96,0.0,27.3,18.9,50
2021-04-01,9.7,11.2,89,20.30,176,0.69,17.0,29.3,19.1,73
2021-04-02,2.3,11.0,73,1.10,282,1.20,6.0,17.4,11.6,51
2021-04-03,-0.8,3.7,62,0.00,334,1.65,0.0,12.2,8.5,42
2021-04-04,-1.7,0.9,77,12.00,357,0.63,10.0,30.8,19.5,62
2021-04-05,2.5,4.2,94,7.00,27,0.83,12.0,27.8,20.4,87
2021-04-06,2.6,4.4,95,2.70,15,0.65,19.0,18.3,16.7,87
2021-04-07,3.2,4.6,95,7.10,21,0.50,24.0,22.9,20.2,89
2021-04-08,3.5,5.9,88,0.30,25,1.29,3.0,19.5,16.1,79
2021-04-09,6.2,15.7,78,0.00,329,2.97,0.0,10.0,7.5,52
2021-04-10,2.9,4.6,71,0.00,49,2.05,0.0,17.0,12.2,53
2021-04-11,1.7,6.1,75,0.70,339,1.22,6.0,23.0,13.1,50
2021-04-12,4.2,5.2,86,0.40,32,0.86,4.0,28.1,23.3,70
2021-04-13,3.6,5.8,76,0.00,25,1.38,0.0,31.8,27.8,67
2021-04-14,2.7,5.0,76,0.00,28,2.14,0.0,21.9,17.2,63
2021-04-15,2.7,9.7,73,0.00,31,2.71,0.0,13.6,9.1,39
2021-04-16,1.6,5.1,83,0.00,62,1.79,0.0,26.4,15.5,67
2021-04-17,1.3,1.8,88,15.10,62,0.57,14.0,24.0,21.5,81
2021-04-18,1.5,2.2,95,5.30,21,0.40,22.0,24.6,21.4,90
2021-04-19,6.3,12.3,73,0.30,326,2.39,2.0,14.6,10.4,44
2021-04-20,6.0,12.0,80,0.00,109,2.44,0.0,15.5,8.2,62
2021-04-21,6.6,10.0,74,0.80,240,1.89,3.0,18.3,13.3,49
2021-04-22,7.6,12.5,80,3.40,184,1.92,16.0,36.1,21.6,56
2021-04-23,2.3,5.7,60,5.10,241,2.03,16.0,31.7,28.0,48
2021-04-24,6.2,12.1,55,0.10,276,3.23,1.0,24.8,16.6,36
2021-04-25,6.6,12.8,70,0.00,85,2.75,0.0,11.4,8.0,48
2021-04-26,4.9,6.1,90,13.00,339,0.68,21.0,26.6,16.1,81
2021-04-27,4.4,5.1,87,6.50,312,0.84,18.0,18.6,12.8,77
2021-04-28,7.8,13.6,76,0.70,305,2.57,3.0,20.6,11.3,47
2021-04-29,7.8,14.5,75,0.00,94,3.24,0.0,15.1,7.3,48
2021-04-30,4.8,7.3,86,12.60,59,0.69,10.0,28.1,15.4,70
2021-05-01,6.8,12.2,74,19.90,335,2.78,15.0,31.8,26.1,25
2021-05-02,7.5,12.6,46,0.00,256,3.48,0.0,31.4,20.9,25
2021-05-03,7.7,14.6,42,0.00,284,4.53,0.0,25.5,21.4,30
2021-05-04,8.4,14.9,53,0.00,293,4.04,0.0,13.4,9.4,39
2021-05-05,6.1,8.7,70,1.30,85,1.43,4.0,12.1,8.9,59
2021-05-06,3.8,4.7,92,19.90,40,0.68,21.0,19.4,15.0,82
2021-05-07,5.5,10.3,77,0.00,322,2.10,0.0,17.1,10.4,53
2021-05-08,3.9,6.0,90,3.60,38,0.87,5.0,32.5,17.4,79
2021-05-09,6.9,11.1,76,13.50,342,2.13,14.0,35.3,26.6,49
2021-05-10,7.9,13.9,70,0.20,165,3.12,1.0,15.1,6.0,49
2021-05-11,7.7,13.0,67,0.00,89,3.42,0.0,13.4,9.3,44
2021-05-12,6.0,8.6,82,8.80,46,1.70,17.0,15.0,10.1,61
2021-05-13,8.5,15.2,72,0.50,262,3.53,2.0,10.8,7.9,37
2021-05-14,8.9,13.6,72,0.00,5,3.27,0.0,17.0,9.2,41
2021-05-15,9.1,15.7,66,0.00,121,3.95,0.0,16.0,8.1,35
2021-05-16,9.9,13.9,68,0.90,92,3.88,2.0,14.1,12.7,53
2021-05-17,9.7,15.3,79,2.50,88,3.23,7.0,10.9,7.7,61
2021-05-18,11.9,18.1,85,7.20,247,2.63,10.0,13.6,8.1,62
2021-05-19,8.9,10.9,82,1.10,11,1.89,3.0,22.2,14.9,78
2021-05-20,11.8,22.2,78,0.00,187,4.26,0.0,11.8,7.1,46
2021-05-21,19.3,27.6,59,0.00,220,5.90,0.0,19.6,16.7,42
2021-05-22,17.2,21.6,86,11.90,222,2.12,20.0,22.9,20.2,68
2021-05-23,15.6,19.0,83,9.70,299,1.53,9.0,27.3,17.3,54
2021-05-24,9.1,13.0,55,0.00,5,4.19,0.0,17.0,12.3,38
2021-05-25,15.1,23.9,56,0.00,228,5.38,0.0,29.5,21.7,36
2021-05-26,20.5,29.2,75,7.10,227,4.78,8.0,28.1,18.8,47
2021-05-27,18.8,24.0,62,1.20,278,4.93,5.0,24.5,20.2,35
2021-05-28,7.6,10.5,44,0.00,298,3.92,0.0,26.4,20.3,36
2021-05-29,7.9,11.6,54,0.00,336,3.83,0.0,15.3,8.8,43
2021-05-30,8.4,12.0,68,0.00,79,3.17,0.0,13.0,9.5,46
2021-05-31,10.8,16.3,89,15.60,90,1.86,19.0,12.0,9.4,72
2021-06-01,13.3,21.4,77,10.40,302,3.45,10.0,22.8,12.8,44
2021-06-02,17.8,23.6,63,0.50,260,5.07,3.0,21.3,15.8,39
2021-06-03,18.5,25.0,69,0.00,214,4.12,0.0,23.1,13.8,49
2021-06-04,19.2,25.0,76,1.90,235,4.32,9.0,22.2,17.6,48
2021-06-05,20.9,26.3,73,0.80,226,4.19,2.0,21.9,14.5,55
2021-06-06,18.0,24.1,68,0.10,39,4.63,1.0,19.5,12.9,55
2021-06-07,23.1,33.1,69,0.00,215,6.49,0.0,26.7,16.7,41
2021-06-08,27.7,32.3,53,0.50,261,7.25,2.0,22.5,18.1,32
2021-06-09,17.8,23.1,67,0.00,46,4.45,0.0,14.8,9.0,48
2021-06-10,11.3,12.4,63,0.10,346,3.54,1.0,33.5,19.5,42
2021-06-11,11.8,18.2,64,0.20,237,3.48,1.0,18.8,11.0,35
2021-06-12,14.8,21.4,63,0.00,253,4.38,0.0,17.3,10.3,30
2021-06-13,13.2,17.1,63,0.00,42,4.45,0.0,16.0,11.8,49
2021-06-14,15.4,25.2,65,0.00,153,4.62,0.0,19.7,11.9,34
2021-06-15,17.1,20.2,79,16.60,171,2.40,13.0,20.9,15.0,51
2021-06-16,18.2,21.4,85,6.30,223,3.20,15.0,15.1,9.8,63
2021-06-17,14.9,18.6,64,0.30,246,3.86,3.0,21.6,16.5,52
2021-06-18,18.8,26.6,59,0.00,231,6.13,0.0,19.6,14.2,33
2021-06-19,18.1,22.1,68,4.60,200,3.73,6.0,22.9,17.2,55
2021-06-20,19.7,25.8,74,1.00,252,4.61,6.0,15.5,12.1,44
2021-06-21,22.3,29.2,69,0.00,217,5.36,0.0,22.0,10.5,41
2021-06-22,22.9,26.3,81,4.20,206,3.46,7.0,23.6,19.5,63
2021-06-23,17.4,21.8,71,20.20,306,4.79,11.0,19.5,15.8,36
2021-06-24,17.6,24.3,53,0.00,237,6.07,0.0,19.7,13.5,35
2021-06-25,18.8,24.5,55,0.00,210,6.02,0.0,22.6,18.0,39
2021-06-26,20.5,22.7,80,0.20,215,2.66,1.0,19.1,15.5,70
2021-06-27,21.5,26.4,87,13.30,212,2.29,13.0,28.3,21.1,71
2021-06-28,24.2,26.4,73,0.10,235,4.82,1.0,27.3,14.3,63
2021-06-29,22.8,27.7,82,0.90,149,3.86,5.0,11.4,6.6,60
2021-06-30,21.1,24.9,88,8.70,299,1.75,8.0,9.7,6.8,82
2021-07-01,15.8,18.0,91,6.50,44,1.25,20.0,23.5,14.8,82
2021-07-02,13.1,13.8,81,2.30,46,1.64,13.0,23.8,18.9,75
2021-07-03,13.2,14.5,76,0.20,57,2.17,2.0,22.1,16.6,71
2021-07-04,14.2,15.7,75,1.50,47,2.23,10.0,26.6,18.3,65
2021-07-05,17.0,22.9,78,0.30,291,4.70,2.0,12.5,8.2,57
2021-07-06,20.7,26.9,68,0.00,226,5.46,0.0,27.8,18.5,54
2021-07-07,20.7,22.1,70,0.00,268,5.04,0.0,23.7,18.3,46
2021-07-08,15.7,18.0,64,0.00,332,4.46,0.0,17.2,11.1,55
2021-07-09,17.3,21.2,89,16.00,168,1.31,20.0,23.5,16.8,76
2021-07-10,18.5,22.6,83,63.60,18,4.35,10.0,32.1,14.0,53
2021-07-11,20.7,27.8,72,0.00,225,5.01,0.0,11.4,8.4,38
2021-07-12,19.5,23.6,68,0.00,348,5.01,0.0,15.2,9.7,47
2021-07-13,18.6,23.7,71,0.00,130,5.13,0.0,11.2,7.3,55
2021-07-14,20.2,26.0,61,0.00,207,4.60,0.0,20.6,14.8,45
2021-07-15,23.3,28.8,73,0.00,216,5.05,0.0,18.1,14.1,52
2021-07-16,23.4,28.9,81,2.80,214,3.78,4.0,26.9,18.7,56
2021-07-17,21.2,27.2,71,0.10,267,4.66,1.0,17.0,10.7,42
2021-07-18,21.4,26.1,74,0.00,208,3.42,0.0,9.2,5.4,53
2021-07-19,21.4,24.8,82,1.30,157,3.39,4.0,10.7,7.1,67
2021-07-20,21.3,26.5,88,14.30,255,3.30,9.0,14.8,9.8,66
2021-07-21,17.2,18.9,84,14.20,59,1.70,10.0,18.3,12.7,78
2021-07-22,16.5,18.7,84,11.60,27,2.96,13.0,19.5,15.6,68
2021-07-23,16.8,22.7,80,1.10,316,3.89,2.0,17.7,7.4,50
2021-07-24,18.1,22.6,84,0.10,180,4.15,1.0,11.7,6.4,73
2021-07-25,20.4,26.2,70,0.00,202,5.28,0.0,20.6,13.2,41
2021-07-26,20.0,25.3,81,5.40,212,3.69,11.0,17.9,13.0,62
2021-07-27,20.8,24.7,85,2.60,242,3.74,5.0,13.9,9.6,63
2021-07-28,17.5,20.8,69,0.60,303,3.96,1.0,14.7,10.5,46
2021-07-29,17.6,23.3,59,0.00,254,4.77,0.0,18.4,12.0,37
2021-07-30,16.2,18.3,79,6.70,184,1.93,13.0,17.4,13.5,60
2021-07-31,16.3,21.2,79,1.60,266,3.46,7.0,25.5,16.3,51
2021-08-01,17.8,23.4,68,0.00,244,4.59,0.0,18.3,13.6,41
2021-08-02,16.4,18.8,80,4.40,221,1.77,9.0,12.8,8.0,58
2021-08-03,18.7,26.3,72,0.20,241,5.08,2.0,27.9,16.9,39
2021-08-04,19.8,23.1,66,0.10,213,4.62,1.0,17.6,9.7,50
2021-08-05,18.9,20.8,85,7.40,187,1.95,9.0,14.0,10.2,71
2021-08-06,21.5,26.7,85,14.40,224,3.23,18.0,18.4,11.0,60
2021-08-07,23.3,27.9,76,0.90,224,4.50,3.0,19.6,16.1,55
2021-08-08,19.5,23.2,74,5.10,17,4.32,4.0,15.3,11.2,47
2021-08-09,17.1,21.2,76,0.00,124,4.04,0.0,12.2,7.7,59
2021-08-10,21.3,27.9,75,0.00,208,4.55,0.0,18.1,13.0,58
2021-08-11,22.7,26.6,82,0.50,202,3.39,4.0,12.7,10.7,66
2021-08-12,23.9,28.3,83,0.90,205,3.17,4.0,13.6,10.6,71
2021-08-13,25.9,32.6,80,0.60,234,4.34,4.0,14.7,11.1,49
2021-08-14,26.2,31.5,74,0.30,211,5.00,1.0,13.4,9.5,50
2021-08-15,22.5,25.7,71,0.40,286,4.77,3.0,17.9,14.2,40
2021-08-16,19.8,25.5,55,0.00,291,5.09,0.0,16.5,9.9,36
2021-08-17,22.2,30.0,62,0.00,235,5.49,0.0,15.4,13.5,42
2021-08-18,23.5,28.4,69,0.10,238,3.93,1.0,16.6,13.4,54
2021-08-19,25.3,31.6,75,0.20,240,5.00,2.0,15.0,12.2,45
2021-08-20,24.1,30.2,76,0.20,276,4.23,2.0,18.2,12.5,49
2021-08-21,20.6,23.2,77,0.00,51,3.77,0.0,13.9,8.8,63
2021-08-22,20.4,25.6,79,0.00,154,4.21,0.0,15.8,8.7,59
2021-08-23,21.3,26.5,76,0.00,177,3.40,0.0,13.4,9.2,66
2021-08-24,22.0,24.8,94,15.60,193,1.72,16.0,14.1,10.5,88
2021-08-25,23.1,26.9,81,0.00,258,3.74,0.0,12.7,9.0,61
2021-08-26,24.5,31.4,79,0.50,194,4.31,2.0,16.1,10.3,51
2021-08-27,20.7,23.6,70,0.70,298,3.82,2.0,26.1,17.4,46
2021-08-28,17.3,21.3,57,0.00,327,4.37,0.0,16.1,11.0,37
2021-08-29,17.2,23.4,66,0.00,226,3.93,0.0,11.5,7.5,43
2021-08-30,17.2,21.3,80,1.40,197,1.66,4.0,19.3,12.8,69
2021-08-31,21.6,26.3,80,0.10,241,3.78,1.0,17.3,13.1,45
2021-09-01,19.2,22.0,72,0.10,270,2.93,1.0,15.2,10.6,53
2021-09-02,15.6,17.9,88,46.10,34,0.66,11.0,38.2,13.1,73
2021-09-03,13.8,15.3,82,19.30,337,1.93,17.0,40.0,28.5,64
2021-09-04,11.5,13.2,86,8.60,306,0.96,22.0,30.6,21.2,76
2021-09-05,12.5,15.9,81,0.00,331,1.95,0.0,14.7,7.3,65
2021-09-06,15.5,20.0,89,12.20,171,1.59,17.0,18.0,12.9,84
2021-09-07,17.6,21.5,82,7.10,247,2.93,10.0,24.8,17.9,58
2021-09-08,17.9,24.3,72,0.00,228,3.71,0.0,20.2,13.5,48
2021-09-09,20.7,26.3,72,0.00,188,3.48,0.0,19.8,16.1,54
2021-09-10,17.7,20.2,92,20.10,282,0.89,19.0,15.0,8.3,84
2021-09-11,16.1,20.2,68,0.00,271,3.57,0.0,26.8,18.4,44
2021-09-12,16.5,21.4,76,2.00,209,2.42,4.0,25.5,17.1,63
2021-09-13,15.2,20.2,74,0.60,269,2.69,1.0,19.6,14.3,49
2021-09-14,13.6,16.3,66,0.00,313,2.92,0.0,17.5,13.1,50
2021-09-15,13.3,18.1,80,2.70,168,1.38,7.0,24.2,15.8,70
2021-09-16,17.5,21.8,77,3.80,259,3.08,7.0,20.4,13.2,47
2021-09-17,16.2,23.0,76,0.00,214,3.32,0.0,13.7,9.9,50
2021-09-18,19.2,25.1,81,2.70,229,2.71,5.0,26.6,17.6,60
2021-09-19,14.7,16.7,68,0.00,9,3.09,0.0,23.3,15.2,55
2021-09-20,13.2,19.0,77,0.00,247,2.74,0.0,9.8,6.4,53
2021-09-21,15.4,21.6,70,0.00,215,3.40,0.0,19.6,14.7,45
2021-09-22,17.1,21.1,80,0.10,225,2.27,1.0,21.6,18.0,61
2021-09-23,19.3,25.0,78,0.40,225,2.77,2.0,23.5,14.9,58
2021-09-24,17.6,21.5,90,1.30,135,1.86,4.0,17.1,9.2,77
2021-09-25,19.6,22.6,88,8.60,179,1.40,10.0,20.8,15.7,77
2021-09-26,18.6,19.9,95,17.90,147,0.73,12.0,30.8,16.9,90
2021-09-27,14.9,18.2,75,0.00,245,2.53,0.0,21.3,16.9,47
2021-09-28,14.3,17.8,69,0.00,246,2.77,0.0,19.1,12.3,43
2021-09-29,12.4,14.2,78,0.30,22,1.62,3.0,16.8,11.1,72
2021-09-30,11.8,12.4,85,3.20,351,0.95,14.0,20.6,15.3,78
2021-10-01,9.2,10.8,88,2.30,266,0.84,9.0,11.9,8.3,70
2021-10-02,9.1,12.3,82,0.40,269,1.25,4.0,15.7,9.1,62
2021-10-03,9.4,11.4,81,0.40,302,1.06,3.0,12.3,8.2,63
2021-10-04,10.6,15.1,78,1.10,332,2.07,3.0,16.1,9.8,46
2021-10-05,10.5,18.7,73,0.00,264,2.25,0.0,10.1,6.5,41
2021-10-06,12.6,20.6,71,0.00,270,2.61,0.0,14.7,11.4,44
2021-10-07,15.3,22.4,71,0.00,264,2.72,0.0,13.9,10.1,48
2021-10-08,10.9,15.0,69,0.00,16,2.14,0.0,24.2,17.0,54
2021-10-09,7.9,14.0,75,0.00,233,1.90,0.0,10.1,5.6,46
2021-10-10,9.3,16.5,70,0.00,237,2.12,0.0,14.3,10.7,49
2021-10-11,13.0,20.3,80,0.00,249,1.96,0.0,16.5,9.7,57
2021-10-12,14.7,21.0,86,0.00,274,1.77,0.0,10.1,7.3,62
2021-10-13,14.7,19.3,92,6.20,138,1.14,12.0,10.8,6.8,80
2021-10-14,13.2,14.4,92,12.50,22,0.85,12.0,17.1,10.0,82
2021-10-15,11.1,16.6,86,0.00,262,1.23,0.0,9.4,5.7,61
2021-10-16,11.1,14.0,89,0.80,155,0.75,4.0,16.9,8.7,80
2021-10-17,14.3,16.4,93,18.90,159,0.70,14.0,22.5,19.0,85
2021-10-18,10.9,14.4,87,2.30,264,1.37,7.0,13.0,11.0,64
2021-10-19,7.9,9.9,79,1.30,246,0.92,3.0,20.7,13.8,68
2021-10-20,8.5,12.0,88,2.90,300,1.13,5.0,11.1,7.3,68
2021-10-21,8.9,13.9,84,0.00,247,1.20,0.0,12.1,8.5,62
2021-10-22,13.1,16.9,90,3.00,162,0.83,9.0,17.4,12.3,83
2021-10-23,12.1,14.3,94,0.60,276,0.54,2.0,10.9,6.8,84
2021-10-24,8.8,10.7,77,2.00,294,1.30,7.0,25.3,17.0,61
2021-10-25,8.3,12.0,68,0.00,275,1.70,0.0,20.1,12.7,55
2021-10-26,7.5,12.1,84,0.00,29,1.23,0.0,16.4,8.6,64
2021-10-27,8.4,9.0,73,0.60,51,1.41,6.0,33.9,25.6,66
2021-10-28,8.2,8.6,71,0.10,39,1.54,1.0,30.0,26.3,66
2021-10-29,8.3,9.4,72,0.00,33,1.43,0.0,22.6,18.2,68
2021-10-30,6.7,11.5,88,0.00,38,1.08,0.0,11.4,7.1,71
2021-10-31,9.4,12.9,91,17.70,126,0.41,7.0,28.1,16.8,86
2021-11-01,12.4,15.4,78,0.00,223,1.77,0.0,25.9,17.7,46
2021-11-02,7.0,10.3,52,0.00,235,2.24,0.0,23.2,17.0,43
2021-11-03,4.6,8.3,76,0.10,243,1.12,1.0,11.0,6.7,61
2021-11-04,2.1,5.7,74,0.10,269,1.05,1.0,11.9,9.6,45
2021-11-05,0.4,5.3,67,0.00,267,1.05,0.0,11.0,7.7,39
2021-11-06,1.6,8.9,61,0.00,241,1.51,0.0,17.5,14.4,40
2021-11-07,4.0,10.6,71,0.00,236,1.38,0.0,17.2,14.1,50
2021-11-08,4.3,11.7,74,0.00,248,1.17,0.0,14.3,9.6,57
2021-11-09,5.5,12.4,86,0.00,248,0.95,0.0,18.4,11.4,68
2021-11-10,3.8,6.7,80,1.40,274,0.51,5.0,11.8,6.9,65
2021-11-11,2.3,6.2,73,0.00,304,1.12,0.0,22.0,14.6,45
2021-11-12,1.5,4.6,69,0.00,45,0.89,0.0,17.4,9.7,55
2021-11-13,6.3,9.8,88,7.70,166,0.85,10.0,26.4,13.2,72
2021-11-14,4.8,7.5,86,7.00,351,0.60,7.0,21.9,14.3,62
2021-11-15,3.7,7.2,92,20.00,154,0.29,11.0,18.7,10.5,87
2021-11-16,3.2,5.8,70,3.40,278,1.32,9.0,30.8,24.1,48
2021-11-17,0.7,4.0,60,0.00,284,1.36,0.0,23.8,17.8,51
2021-11-18,0.0,6.0,89,4.90,160,0.21,10.0,20.9,11.4,78
2021-11-19,6.0,10.8,93,5.10,242,0.31,11.0,19.8,14.9,83
2021-11-20,0.6,3.3,64,0.00,279,1.17,0.0,21.1,16.7,45
2021-11-21,-0.8,5.0,74,0.20,204,0.61,2.0,11.8,9.1,62
2021-11-22,5.3,10.2,94,24.50,162,0.28,18.0,33.5,19.6,90
2021-11-23,1.8,9.4,83,23.50,313,0.54,15.0,22.7,15.2,61
2021-11-24,0.1,2.8,64,0.00,315,1.17,0.0,25.0,20.6,52
2021-11-25,2.2,4.1,72,2.40,323,0.82,7.0,22.2,17.2,55
2021-11-26,4.8,5.6,93,2.80,319,0.23,6.0,14.2,8.3,89
2021-11-27,2.1,5.1,95,13.70,242,0.22,19.0,23.3,11.1,73
2021-11-28,-2.4,-0.2,58,0.10,236,1.19,1.0,26.7,22.2,47
2021-11-29,-3.8,-0.2,76,8.60,308,0.39,9.0,21.6,12.2,62
2021-11-30,-1.7,-0.6,73,3.40,298,0.77,14.0,22.4,19.3,51
2021-12-01,-6.3,-1.2,74,0.10,228,0.56,1.0,14.9,9.4,56
2021-12-02,-4.0,3.9,84,4.20,193,0.31,8.0,22.4,11.9,74
2021-12-03,2.2,5.0,84,7.90,257,0.54,15.0,32.0,21.0,54
2021-12-04,-6.1,-3.9,53,0.00,268,1.01,0.0,29.7,19.6,41
2021-12-05,-6.7,-2.9,51,0.00,254,0.81,0.0,21.6,11.9,39
2021-12-06,-3.3,8.0,74,9.60,152,0.30,14.0,30.2,13.7,57
2021-12-07,4.0,11.9,71,14.30,236,0.99,8.0,33.4,26.8,35
2021-12-08,-6.2,-3.0,44,0.00,279,0.86,0.0,19.1,12.0,32
2021-12-09,-6.8,-5.0,58,2.20,334,0.75,10.0,24.4,16.4,42
2021-12-10,-8.8,-5.2,56,0.00,272,0.59,0.0,18.1,10.6,39
2021-12-11,-2.5,3.7,84,8.90,169,0.33,7.0,18.1,10.7,62
2021-12-12,5.3,11.9,72,8.40,244,1.19,10.0,34.6,26.6,40
2021-12-13,2.3,6.6,55,0.00,242,1.61,0.0,27.4,21.1,46
2021-12-14,-0.0,2.9,63,1.40,289,1.09,5.0,33.9,23.0,42
2021-12-15,-4.7,-2.4,54,0.00,288,1.02,0.0,24.5,18.5,42
2021-12-16,-2.1,1.3,69,1.70,156,0.47,9.0,16.5,11.3,47
2021-12-17,4.2,7.7,84,5.10,237,0.84,6.0,27.0,19.1,56
2021-12-18,-2.2,2.9,56,0.00,293,1.17,0.0,28.5,20.4,48
2021-12-19,-3.2,-1.9,69,3.80,8,0.42,17.0,13.5,9.1,56
2021-12-20,-6.6,-3.7,62,0.20,298,0.62,2.0,17.9,13.0,41
2021-12-21,-3.9,2.1,58,0.40,242,1.02,2.0,24.5,17.6,44
2021-12-22,-5.3,0.9,70,5.00,99,0.42,7.0,23.8,14.1,47
2021-12-23,-4.5,1.3,73,7.40,267,0.61,9.0,33.8,23.6,51
2021-12-24,-13.9,-11.3,50,0.00,273,0.73,0.0,32.9,29.0,37
2021-12-25,-7.6,-2.9,55,0.00,283,0.93,0.0,35.8,22.3,41
2021-12-26,-4.6,1.4,79,0.00,293,0.50,0.0,13.6,9.6,56
2021-12-27,-2.3,0.9,77,0.00,315,0.62,0.0,17.1,14.6,59
2021-12-28,-4.3,-0.1,78,0.60,269,0.35,2.0,11.5,7.1,58
2021-12-29,-1.1,1.6,93,1.10,24,0.29,10.0,12.4,8.3,80
2021-12-30,-1.3,0.9,89,0.20,158,0.25,2.0,9.1,6.2,75
2021-12-31,-2.4,0.9,88,0.00,288,0.45,0.0,11.1,5.5,63
2022-01-01,-1.4,3.6,93,0.20,172,0.27,2.0,16.2,8.7,78
2022-01-02,0.3,2.5,94,8.90,357,0.16,17.0,19.4,12.2,85
2022-01-03,-10.5,-3.6,68,1.70,307,0.47,5.0,19.1,14.6,54
2022-01-04,-14.9,-11.4,74,0.00,293,0.32,0.0,15.0,12.1,54
2022-01-05,-7.5,4.7,80,2.40,209,0.32,7.0,23.3,10.7,73
2022-01-06,1.4,5.8,90,10.20,277,0.39,17.0,26.3,12.0,71
2022-01-07,-4.1,-2.1,84,8.80,29,0.28,10.0,36.4,17.1,79
2022-01-08,-8.1,-3.8,66,9.40,323,0.70,8.0,40.4,25.2,51
2022-01-09,-8.2,2.7,75,2.70,213,0.38,11.0,24.7,15.3,65
2022-01-10,-5.5,2.1,66,0.20,263,0.71,2.0,28.8,21.4,46
2022-01-11,-20.1,-15.2,64,0.00,288,0.29,0.0,21.6,16.8,48
2022-01-12,-19.5,-7.9,73,2.30,218,0.20,10.0,13.4,10.5,61
2022-01-13,-11.3,-7.4,84,0.80,312,0.33,4.0,13.5,7.7,68
2022-01-14,-3.7,-0.3,86,2.60,105,0.34,12.0,22.4,12.0,75
2022-01-15,-14.2,-8.2,67,13.70,326,0.44,17.0,36.2,31.2,53
2022-01-16,-15.8,-11.4,57,0.00,284,0.56,0.0,31.5,21.7,42
2022-01-17,-12.2,0.7,76,5.80,155,0.29,6.0,36.6,15.0,62
2022-01-18,0.8,5.7,76,1.30,229,0.72,3.0,29.3,20.9,56
2022-01-19,-15.4,-9.8,62,1.20,270,0.43,5.0,25.5,17.2,49
2022-01-20,-8.5,-3.8,73,1.60,276,0.50,5.0,17.2,10.7,50
2022-01-21,-17.3,-12.5,67,0.00,301,0.35,0.0,16.3,12.4,50
2022-01-22,-19.1,-12.4,72,0.00,254,0.33,0.0,11.0,6.9,53
2022-01-23,-15.0,-5.6,77,0.00,204,0.44,0.0,14.1,9.3,53
2022-01-24,-12.2,-8.5,70,0.00,296,0.42,0.0,13.4,8.7,51
2022-01-25,-13.8,-6.0,79,4.20,260,0.20,11.0,13.8,6.1,58
2022-01-26,-14.4,-8.7,72,0.60,292,0.39,2.0,17.3,11.7,47
2022-01-27,-20.2,-14.0,63,0.00,265,0.38,0.0,18.6,10.3,42
2022-01-28,-8.5,-3.6,76,0.20,205,0.47,2.0,20.5,11.2,61
2022-01-29,-11.4,-7.2,80,22.90,14,0.29,13.0,47.0,26.0,74
2022-01-30,-8.7,-7.2,72,10.80,325,0.63,15.0,48.4,27.5,51
2022-01-31,-13.6,-9.6,64,0.00,252,0.57,0.0,16.2,13.3,46
2022-02-01,-16.6,-12.7,72,0.00,283,0.41,0.0,13.7,8.0,59
2022-02-02,-11.5,-0.5,77,0.00,187,0.58,0.0,21.7,13.1,65
2022-02-03,4.1,6.1,82,2.30,223,0.68,12.0,23.0,16.6,73
2022-02-04,-7.7,-3.0,80,27.00,24,0.33,24.0,31.4,22.3,75
2022-02-05,-10.1,-9.5,75,7.10,359,0.49,20.0,30.1,21.5,61
2022-02-06,-15.4,-12.1,60,0.00,287,0.59,0.0,22.4,12.4,41
2022-02-07,-8.9,-1.8,77,1.00,180,0.42,10.0,12.1,10.5,67
2022-02-08,-1.7,0.3,93,21.80,82,0.19,21.0,27.6,14.8,87
2022-02-09,0.8,4.6,82,5.40,343,0.97,11.0,23.2,15.4,59
2022-02-10,-0.4,3.8,85,0.60,206,0.71,2.0,16.6,11.1,70
2022-02-11,2.1,4.3,76,0.00,235,1.06,0.0,20.8,16.5,47
2022-02-12,4.1,8.6,75,1.20,200,1.14,9.0,21.3,15.9,63
2022-02-13,-6.5,4.4,67,0.30,295,0.73,1.0,23.0,15.4,51
2022-02-14,-11.7,-9.9,72,3.00,19,0.40,20.0,22.9,16.1,67
2022-02-15,-14.8,-11.5,62,0.00,283,0.61,0.0,21.5,16.1,41
2022-02-16,-13.6,-7.5,60,0.30,246,0.72,3.0,19.8,14.2,40
2022-02-17,4.9,9.2,74,3.60,222,1.38,13.0,34.7,28.4,71
2022-02-18,1.7,9.0,83,43.30,304,0.56,18.0,27.2,19.8,63
2022-02-19,-11.2,-7.1,69,0.60,265,0.66,2.0,23.6,11.7,54
2022-02-20,-8.3,-5.7,70,3.50,303,0.75,10.0,25.7,14.6,42
2022-02-21,-2.2,4.6,62,1.10,241,1.51,7.0,26.5,18.3,42
2022-02-22,-9.2,-3.6,73,1.30,48,0.44,9.0,22.1,17.5,61
2022-02-23,4.5,12.6,84,12.70,188,1.21,11.0,35.4,20.8,64
2022-02-24,-9.3,1.9,57,0.10,286,1.01,1.0,32.8,22.3,40
2022-02-25,-15.2,-10.8,70,1.20,308,0.42,5.0,13.7,8.5,60
2022-02-26,-13.8,-7.7,64,0.50,275,0.78,3.0,14.4,10.9,40
2022-02-27,-7.8,-1.6,65,0.40,233,0.95,4.0,25.0,18.0,54
2022-02-28,-10.7,-4.1,59,2.90,303,0.83,7.0,27.6,21.8,40
2022-03-01,-13.0,-6.3,58,0.00,260,0.93,0.0,20.3,11.2,39
2022-03-02,-5.0,-0.8,74,4.80,218,0.88,15.0,17.4,12.4,48
2022-03-03,-10.2,-6.5,68,0.60,304,0.87,2.0,17.9,9.1,48
2022-03-04,-14.3,-8.6,55,0.10,277,0.88,1.0,23.0,18.6,40
2022-03-05,-9.0,-2.7,62,0.00,251,1.18,0.0,20.6,17.0,42
2022-03-06,-6.2,-1.2,81,15.90,170,0.38,11.0,22.6,12.7,55
2022-03-07,-0.7,1.8,88,3.30,337,0.85,6.0,13.3,8.2,68
2022-03-08,-0.9,0.6,76,12.10,290,1.20,11.0,35.5,22.1,47
2022-03-09,-6.4,-0.8,61,0.00,268,1.46,0.0,26.3,14.8,42
2022-03-10,-2.1,5.1,68,0.00,236,1.63,0.0,26.3,14.6,43
2022-03-11,-3.6,0.7,75,0.00,335,1.12,0.0,13.3,9.7,58
2022-03-12,-1.1,2.8,91,15.00,118,0.47,9.0,21.0,12.1,79
2022-03-13,-4.0,0.9,62,6.40,289,1.26,12.0,43.7,29.0,37
2022-03-14,-6.4,1.2,63,0.00,243,1.47,0.0,24.2,17.8,43
2022-03-15,-0.9,2.0,62,0.00,260,1.74,0.0,19.6,15.6,34
2022-03-16,-4.1,5.1,67,0.00,163,1.39,0.0,20.1,11.5,52
2022-03-17,3.1,7.1,82,1.10,214,1.07,7.0,24.0,14.4,71
2022-03-18,5.9,11.6,76,0.00,263,2.18,0.0,20.6,13.8,49
2022-03-19,-2.2,3.5,78,1.80,37,0.77,7.0,16.3,11.5,59
2022-03-20,0.6,5.7,83,15.70,61,1.11,13.0,21.3,13.9,62
2022-03-21,1.0,4.0,74,3.80,309,1.18,9.0,21.3,14.1,50
2022-03-22,-2.1,0.4,65,0.00,293,1.46,0.0,30.3,24.3,51
2022-03-23,0.9,4.0,61,0.00,336,2.13,0.0,27.6,18.0,49
2022-03-24,-3.5,1.1,79,0.10,44,1.19,1.0,13.7,9.7,62
2022-03-25,-0.2,1.5,90,19.90,109,0.34,21.0,23.2,15.1,85
2022-03-26,2.2,7.5,78,0.00,250,1.80,0.0,20.3,14.7,55
2022-03-27,1.7,6.2,85,13.50,321,1.09,13.0,13.1,10.1,60
2022-03-28,-0.4,2.5,90,2.40,309,0.73,8.0,15.5,9.2,77
2022-03-29,-0.6,1.0,76,2.90,309,1.05,14.0,24.6,19.4,50
2022-03-30,-0.5,5.6,62,0.20,298,2.25,2.0,26.1,21.6,44
2022-03-31,1.0,5.7,70,1.80,255,1.28,4.0,21.1,10.9,52
2022-04-01,4.2,11.1,89,16.90,119,1.36,17.0,12.3,9.4,65
2022-04-02,2.0,5.2,78,17.90,296,1.31,19.0,32.0,19.4,45
2022-04-03,2.8,9.6,55,0.00,297,2.80,0.0,25.9,17.2,33
2022-04-04,0.2,2.1,73,0.00,26,1.12,0.0,26.3,13.1,58
2022-04-05,1.5,7.5,59,0.00,305,2.57,0.0,17.1,14.0,30
2022-04-06,1.7,9.8,56,0.00,299,2.83,0.0,14.6,11.2,22
2022-04-07,0.6,5.8,78,0.00,47,2.02,0.0,14.5,8.4,60
2022-04-08,2.4,9.2,82,1.90,114,1.67,2.0,29.4,16.4,59
2022-04-09,6.9,12.9,84,7.50,166,2.36,7.0,24.7,9.6,54
2022-04-10,1.1,4.1,96,5.50,50,0.47,11.0,16.2,12.1,89
2022-04-11,5.5,11.0,68,0.00,325,2.84,0.0,25.1,17.7,39
2022-04-12,4.1,10.6,71,1.40,253,1.59,5.0,10.5,7.4,46
2022-04-13,5.5,13.6,72,0.00,306,2.92,0.0,12.3,9.3,30
2022-04-14,4.1,9.4,79,0.00,85,2.45,0.0,13.0,8.8,57
2022-04-15,4.8,6.9,90,11.30,146,0.56,17.0,14.7,8.7,75
2022-04-16,7.6,13.5,77,0.50,217,2.25,3.0,29.0,17.4,50
2022-04-17,4.6,7.7,85,19.80,319,1.25,20.0,24.3,15.2,46
2022-04-18,4.7,9.5,58,0.30,306,3.20,2.0,24.6,17.2,39
2022-04-19,2.4,5.6,79,19.60,119,0.89,7.0,32.2,20.5,71
2022-04-20,7.4,10.4,70,9.60,222,2.80,13.0,32.8,24.9,37
2022-04-21,5.0,10.1,56,0.00,245,3.24,0.0,24.3,15.0,42
2022-04-22,9.1,13.7,58,2.80,239,3.51,8.0,25.2,19.3,39
2022-04-23,3.6,7.4,52,0.00,316,3.18,0.0,27.1,20.8,34
2022-04-24,3.0,7.2,56,0.00,353,2.83,0.0,27.1,20.8,46
2022-04-25,5.6,9.3,72,0.00,29,2.62,0.0,22.1,14.6,53
2022-04-26,7.3,12.8,82,5.70,193,1.76,7.0,23.2,14.1,60
2022-04-27,6.7,7.8,90,12.20,214,0.63,13.0,14.3,9.4,83
2022-04-28,2.6,4.4,98,19.50,21,0.29,24.0,38.8,24.2,96
2022-04-29,1.4,2.1,99,16.10,15,0.28,24.0,32.9,25.9,97
2022-04-30,1.7,2.2,93,9.50,7,0.55,22.0,28.8,20.9,88
2022-05-01,2.4,5.0,84,1.30,360,0.97,11.0,20.1,14.1,71
2022-05-02,4.5,9.4,66,0.00,22,3.16,0.0,14.5,9.7,40
2022-05-03,5.5,12.6,70,0.00,145,3.38,0.0,15.8,9.2,53
2022-05-04,7.6,11.4,76,1.80,198,1.43,9.0,22.8,15.1,63
2022-05-05,8.7,14.2,66,0.10,289,3.48,1.0,19.5,14.1,37
2022-05-06,5.1,7.3,56,0.00,305,2.45,0.0,18.2,14.9,46
2022-05-07,3.6,6.9,62,0.00,18,3.03,0.0,14.2,9.0,49
2022-05-08,4.9,12.5,62,0.00,151,3.72,0.0,11.3,6.1,33
2022-05-09,7.4,14.6,55,0.00,136,4.05,0.0,11.1,7.6,33
2022-05-10,8.2,13.0,60,0.00,92,3.83,0.0,11.5,8.2,39
2022-05-11,10.7,18.5,62,0.00,151,4.43,0.0,13.2,8.9,38
2022-05-12,17.4,25.1,43,0.00,299,6.16,0.0,18.0,13.1,21
2022-05-13,18.3,29.0,51,0.00,198,5.12,0.0,23.4,12.1,29
2022-05-14,13.5,17.6,72,0.00,75,3.80,0.0,16.1,8.5,54
2022-05-15,10.8,12.6,79,0.00,99,1.96,0.0,15.9,10.3,69
2022-05-16,12.4,18.0,87,4.60,151,1.31,10.0,12.7,9.6,79
2022-05-17,15.2,21.4,86,9.30,167,2.80,21.0,25.5,15.4,57
2022-05-18,10.7,15.6,60,0.00,263,2.68,0.0,28.4,20.0,42
2022-05-19,10.6,17.5,47,0.00,272,4.73,0.0,17.8,11.4,31
2022-05-20,13.1,18.1,53,0.00,168,4.73,0.0,18.2,11.8,39
2022-05-21,14.6,20.2,67,0.00,207,3.80,0.0,30.7,20.0,50
2022-05-22,18.2,23.9,88,19.40,217,2.43,7.0,22.8,14.1,72
2022-05-23,14.8,19.8,70,0.00,309,3.74,0.0,20.7,16.7,40
2022-05-24,10.5,14.8,62,0.00,39,4.17,0.0,12.0,8.6,37
2022-05-25,13.8,22.3,51,0.00,215,5.29,0.0,15.1,9.4,25
2022-05-26,14.4,19.8,63,1.70,218,3.10,3.0,16.1,8.9,47
2022-05-27,12.5,15.7,89,30.60,183,1.25,24.0,19.4,11.9,73
2022-05-28,17.1,23.8,90,18.20,207,2.53,15.0,28.3,16.6,65
2022-05-29,17.3,24.5,67,4.70,268,5.51,4.0,25.2,15.4,24
2022-05-30,16.3,23.8,58,7.60,285,4.72,7.0,26.4,13.4,30
2022-05-31,9.7,12.6,61,0.00,358,3.08,0.0,21.7,14.6,45
2022-06-01,10.4,15.4,58,0.00,348,4.01,0.0,21.3,14.2,43
2022-06-02,11.4,19.1,67,0.00,2,4.30,0.0,14.8,9.3,43
2022-06-03,11.6,15.4,75,0.00,87,3.47,0.0,16.6,9.9,64
2022-06-04,9.6,12.7,79,0.00,98,2.47,0.0,11.6,8.6,67
2022-06-05,10.8,14.9,85,11.20,106,2.08,19.0,14.5,10.8,74
2022-06-06,12.7,18.4,74,0.00,356,3.33,0.0,10.1,6.6,50
2022-06-07,14.1,18.7,74,0.00,82,4.53,0.0,13.3,8.1,59
2022-06-08,15.3,22.1,74,5.40,170,2.71,7.0,20.9,15.0,53
2022-06-09,15.7,19.5,89,8.00,143,2.04,13.0,17.6,9.5,74
2022-06-10,18.0,22.7,75,0.90,217,4.49,4.0,30.4,21.2,45
2022-06-11,19.9,25.7,59,0.00,247,5.92,0.0,22.9,17.8,39
2022-06-12,18.7,22.2,69,0.00,211,4.92,0.0,11.4,8.8,55
2022-06-13,16.9,19.8,80,6.40,168,2.41,9.0,16.7,10.9,70
2022-06-14,14.0,16.6,94,25.40,74,0.87,20.0,17.2,11.9,86
2022-06-15,16.4,22.8,76,0.10,4,4.89,1.0,14.1,9.1,50
2022-06-16,20.2,26.4,56,0.00,226,6.23,0.0,23.2,16.3,37
2022-06-17,17.3,21.8,72,5.70,207,3.53,6.0,29.7,22.5,42
2022-06-18,18.3,25.3,85,6.20,214,3.63,4.0,13.4,9.6,55
2022-06-19,13.9,17.2,95,10.50,26,1.07,19.0,21.1,14.3,88
2022-06-20,11.9,13.0,84,1.90,18,1.45,13.0,16.9,11.7,79
2022-06-21,12.3,15.0,80,1.30,37,2.86,6.0,9.3,6.4,66
2022-06-22,14.6,21.3,78,0.30,169,3.89,3.0,17.1,10.6,55
2022-06-23,17.0,23.9,70,0.00,210,5.04,0.0,20.5,14.5,47
2022-06-24,18.3,22.2,82,16.50,147,2.71,17.0,12.9,8.0,60
2022-06-25,20.4,27.3,83,0.20,195,4.71,1.0,10.2,5.0,52
2022-06-26,18.1,23.5,88,0.00,102,4.21,0.0,12.1,7.9,74
2022-06-27,21.8,27.4,68,0.80,200,5.59,3.0,30.1,19.5,47
2022-06-28,20.8,24.3,72,0.50,246,4.44,4.0,21.8,12.7,41
2022-06-29,19.9,25.9,61,0.00,226,5.72,0.0,13.3,8.0,36
2022-06-30,18.6,21.9,70,0.00,331,4.51,0.0,14.2,9.9,55
2022-07-01,19.6,27.2,68,0.00,216,5.25,0.0,18.6,11.9,45
2022-07-02,20.6,23.5,79,2.90,215,3.22,5.0,19.3,15.2,61
2022-07-03,19.5,23.7,73,11.40,241,4.41,5.0,17.1,9.7,51
2022-07-04,17.2,22.2,61,0.00,279,4.99,0.0,24.5,15.1,32
2022-07-05,18.3,24.8,57,0.00,266,5.33,0.0,22.4,13.4,35
2022-07-06,16.3,20.9,86,24.10,337,1.48,18.0,32.1,14.3,58
2022-07-07,17.1,22.8,61,0.00,312,4.93,0.0,19.6,12.7,35
2022-07-08,17.8,24.3,71,24.20,227,3.89,5.0,15.2,10.3,53
2022-07-09,16.3,20.4,68,0.60,290,4.60,1.0,21.8,16.1,36
2022-07-10,17.5,23.8,56,0.00,271,5.38,0.0,18.3,14.0,38
2022-07-11,20.4,26.6,59,0.00,228,5.50,0.0,24.0,16.8,43
2022-07-12,21.0,25.9,67,0.00,200,5.03,0.0,31.2,20.8,58
2022-07-13,21.9,27.2,66,0.40,233,5.82,2.0,29.0,18.7,38
2022-07-14,18.8,22.7,69,0.00,56,4.68,0.0,17.7,8.1,52
2022-07-15,18.9,24.7,77,36.30,11,4.51,11.0,11.8,7.8,45
2022-07-16,20.9,26.7,61,0.00,251,5.25,0.0,16.4,12.4,37
2022-07-17,22.3,27.3,61,0.00,239,5.79,0.0,16.9,14.0,39
2022-07-18,23.8,29.7,60,0.00,238,5.94,0.0,21.5,14.6,43
2022-07-19,21.7,25.6,84,32.00,212,2.49,13.0,26.7,18.1,66
2022-07-20,21.6,26.1,64,0.00,284,5.91,0.0,28.5,21.5,41
2022-07-21,21.8,27.6,71,0.00,187,5.22,0.0,16.2,9.9,48
2022-07-22,25.1,29.5,73,0.10,220,5.15,1.0,22.0,16.9,51
2022-07-23,24.3,30.1,67,0.00,242,5.65,0.0,18.7,10.4,39
2022-07-24,24.8,31.7,68,4.00,233,4.89,2.0,26.8,12.3,48
2022-07-25,25.2,29.7,73,3.70,211,4.60,5.0,23.8,17.3,63
2022-07-26,22.6,26.2,65,0.20,245,5.42,2.0,24.3,16.7,39
2022-07-27,21.0,25.5,65,0.10,262,4.53,1.0,18.2,11.5,46
2022-07-28,20.8,24.5,77,0.10,119,4.56,1.0,13.2,7.6,58
2022-07-29,21.2,27.4,76,5.60,189,3.41,9.0,20.5,14.4,58
2022-07-30,20.9,25.2,68,2.40,251,4.72,4.0,19.4,13.7,51
2022-07-31,22.0,28.0,66,0.00,267,5.14,0.0,21.2,15.5,46
2022-08-01,23.2,27.9,70,0.00,225,4.77,0.0,21.5,13.7,52
2022-08-02,22.6,27.0,74,1.90,204,4.28,6.0,21.3,15.6,60
2022-08-03,21.0,25.0,77,7.10,290,4.71,3.0,14.0,10.0,50
2022-08-04,22.7,30.3,72,0.00,208,4.98,0.0,20.5,14.1,54
2022-08-05,24.1,26.8,76,3.00,237,3.58,6.0,16.3,9.7,64
2022-08-06,21.8,27.3,70,0.00,219,4.86,0.0,11.3,7.2,53
2022-08-07,26.0,32.3,73,1.60,238,5.27,3.0,26.8,16.8,47
2022-08-08,19.4,23.8,66,1.30,334,3.45,3.0,17.1,9.5,56
2022-08-09,16.7,18.2,83,38.90,56,1.79,21.0,25.4,16.9,70
2022-08-10,17.2,19.5,82,6.10,27,2.35,9.0,11.2,8.7,75
2022-08-11,20.0,24.7,80,0.90,201,3.57,5.0,12.5,8.2,58
2022-08-12,19.8,23.3,86,2.50,228,3.26,9.0,9.0,5.9,70
2022-08-13,18.8,21.4,85,1.00,34,3.00,3.0,12.2,7.7,66
2022-08-14,17.8,18.7,88,11.00,4,1.85,16.0,17.3,10.9,81
2022-08-15,19.0,25.6,78,0.00,266,4.11,0.0,11.8,8.1,45
2022-08-16,19.6,23.5,80,0.00,40,3.60,0.0,11.8,8.1,72
2022-08-17,18.6,19.8,89,5.00,48,1.42,9.0,28.0,18.2,82
2022-08-18,20.3,21.9,85,51.90,125,2.95,16.0,25.0,16.1,69
2022-08-19,19.6,24.5,78,1.00,259,3.71,6.0,20.0,12.4,56
2022-08-20,22.2,29.5,70,0.00,273,4.77,0.0,12.8,10.3,36
2022-08-21,23.0,30.1,72,0.00,224,4.72,0.0,11.8,7.6,42
2022-08-22,22.7,27.7,59,0.00,208,5.49,0.0,21.0,15.5,41
2022-08-23,19.3,22.8,83,8.80,141,1.45,12.0,14.1,8.8,57
2022-08-24,19.8,22.8,88,8.50,340,2.61,17.0,15.3,8.4,73
2022-08-25,20.5,25.1,78,0.00,268,4.03,0.0,14.8,10.4,46
2022-08-26,17.7,22.4,74,8.10,190,3.18,4.0,14.0,6.8,52
2022-08-27,17.2,21.8,80,8.30,338,3.28,7.0,15.1,9.7,45
2022-08-28,17.0,23.4,73,0.00,241,4.01,0.0,13.3,8.9,46
2022-08-29,19.5,25.6,76,0.00,228,3.48,0.0,16.5,13.5,61
2022-08-30,23.2,30.5,80,0.00,214,4.03,0.0,23.2,16.8,53
2022-08-31,21.1,23.8,88,23.80,186,1.44,10.0,25.8,20.4,79
2022-09-01,20.0,24.4,77,0.30,222,3.84,3.0,21.7,13.6,43
2022-09-02,16.3,19.7,65,0.00,286,3.80,0.0,16.6,12.2,44
2022-09-03,16.8,24.5,72,0.00,218,3.79,0.0,11.1,8.3,51
2022-09-04,18.3,25.4,76,2.10,244,3.46,4.0,17.0,10.8,58
2022-09-05,15.5,17.1,74,0.10,11,3.03,1.0,15.1,11.3,62
2022-09-06,15.0,19.2,79,0.20,11,3.07,2.0,11.7,7.9,58
2022-09-07,15.5,22.2,80,0.00,173,3.39,0.0,10.4,6.1,59
2022-09-08,17.2,23.6,73,0.00,211,2.93,0.0,12.9,7.6,47
2022-09-09,17.1,21.4,86,0.00,358,2.84,0.0,10.2,7.4,70
2022-09-10,18.1,23.8,85,0.10,5,2.93,1.0,9.7,6.4,60
2022-09-11,18.1,23.5,88,0.00,99,3.20,0.0,9.7,5.5,67
2022-09-12,18.7,24.3,88,0.00,144,2.90,0.0,8.6,5.4,73
2022-09-13,18.9,22.3,92,0.00,127,2.13,0.0,11.5,8.5,81
2022-09-14,19.8,23.6,87,14.40,195,2.25,12.0,26.4,15.9,62
2022-09-15,14.9,18.5,57,0.00,276,3.65,0.0,32.6,26.3,45
2022-09-16,12.3,13.4,54,0.00,297,3.35,0.0,32.8,28.4,48
2022-09-17,13.2,18.4,54,0.00,297,4.02,0.0,27.2,20.2,35
2022-09-18,12.5,15.8,57,0.00,282,3.35,0.0,16.3,12.6,33
2022-09-19,10.7,16.0,70,0.00,328,2.73,0.0,13.7,7.6,46
2022-09-20,11.0,13.5,80,6.00,90,1.06,6.0,18.7,12.3,65
2022-09-21,13.9,16.5,89,11.70,61,1.51,20.0,17.7,13.0,76
2022-09-22,14.3,17.1,91,22.70,186,0.95,10.0,22.1,13.1,78
2022-09-23,13.4,15.7,79,22.50,303,1.96,10.0,24.5,16.8,56
2022-09-24,9.9,12.8,76,24.90,328,1.73,19.0,48.8,39.3,50
2022-09-25,13.7,20.0,59,0.00,260,3.60,0.0,25.0,18.6,39
2022-09-26,14.8,19.2,87,13.00,183,1.51,14.0,19.7,13.3,68
2022-09-27,16.7,22.5,80,1.50,201,2.61,2.0,19.8,14.3,47
2022-09-28,15.1,19.0,83,6.10,232,2.21,5.0,15.9,10.6,58
2022-09-29,12.8,16.8,76,0.10,291,2.42,1.0,16.7,12.9,51
2022-09-30,11.0,17.9,66,0.00,253,2.77,0.0,14.8,11.7,43
2022-10-01,12.6,18.2,69,0.20,269,2.44,1.0,15.8,12.1,53
2022-10-02,8.6,12.5,61,0.10,338,2.47,1.0,19.4,14.4,43
2022-10-03,7.2,13.3,65,0.00,275,2.22,0.0,11.5,8.5,42
2022-10-04,9.0,17.3,64,0.00,229,2.66,0.0,15.1,11.9,38
2022-10-05,10.9,18.6,71,0.00,209,2.49,0.0,14.4,9.6,42
2022-10-06,12.0,18.5,91,0.00,163,2.00,0.0,10.8,5.8,73
2022-10-07,12.1,17.3,93,0.40,154,1.34,2.0,16.4,7.4,78
2022-10-08,12.2,15.5,72,0.10,246,1.97,1.0,18.1,14.8,43
2022-10-09,6.4,11.0,67,0.10,237,1.84,1.0,26.2,15.5,52
2022-10-10,5.7,10.6,68,0.00,255,1.86,0.0,19.6,13.4,40
2022-10-11,6.3,12.6,62,0.00,239,2.26,0.0,22.2,14.8,43
2022-10-12,9.8,17.4,65,0.00,235,2.49,0.0,16.1,12.2,42
2022-10-13,13.1,19.8,73,0.00,203,2.12,0.0,14.6,10.9,51
2022-10-14,13.7,16.9,85,0.00,147,1.32,0.0,24.0,17.8,74
2022-10-15,15.0,16.8,92,12.50,143,0.66,17.0,25.8,22.0,85
2022-10-16,15.5,18.3,94,7.50,135,1.04,13.0,18.7,9.3,81
2022-10-17,11.8,15.8,89,0.00,42,1.34,0.0,10.0,7.1,69
2022-10-18,14.1,18.8,89,2.70,134,1.18,10.0,24.5,14.7,81
2022-10-19,15.7,18.5,91,8.30,144,0.73,13.0,33.7,25.1,88
2022-10-20,10.7,14.0,73,13.70,212,1.96,7.0,20.3,13.7,43
2022-10-21,9.2,14.1,63,0.00,214,2.20,0.0,23.5,14.2,39
2022-10-22,10.7,17.3,68,0.00,210,2.27,0.0,21.2,15.1,49
2022-10-23,12.7,19.0,72,0.00,227,2.05,0.0,18.0,11.1,58
2022-10-24,13.4,19.1,82,0.00,230,1.15,0.0,10.6,6.5,67
2022-10-25,15.6,21.0,90,46.50,205,1.09,11.0,11.2,7.5,76
2022-10-26,17.4,19.9,93,0.50,194,0.84,5.0,14.8,10.9,83
2022-10-27,17.8,21.6,81,15.90,231,2.04,5.0,25.3,19.9,53
2022-10-28,6.6,10.0,54,0.00,297,2.14,0.0,23.2,15.0,47
2022-10-29,6.4,12.8,59,0.00,237,2.03,0.0,19.7,14.1,42
2022-10-30,9.8,15.5,55,0.00,247,2.39,0.0,22.1,14.4,47
2022-10-31,10.1,15.9,63,0.00,237,1.88,0.0,17.6,12.3,45
2022-11-01,10.4,15.6,86,0.00,209,1.08,0.0,10.3,7.1,67
2022-11-02,9.6,11.6,62,0.00,294,2.11,0.0,28.1,19.1,40
2022-11-03,5.9,11.3,51,0.00,268,1.99,0.0,24.5,14.1,38
2022-11-04,11.7,17.8,60,0.00,237,2.58,0.0,25.1,19.9,45
2022-11-05,14.5,19.9,70,0.00,226,2.22,0.0,20.9,18.7,57
2022-11-06,17.7,21.1,79,0.00,220,1.75,0.0,30.3,21.2,66
2022-11-07,16.7,19.5,75,7.10,229,2.04,9.0,30.3,22.0,40
2022-11-08,6.5,11.6,47,0.00,294,2.59,0.0,41.7,29.2,40
2022-11-09,3.0,5.0,50,0.00,307,1.84,0.0,26.3,16.9,43
2022-11-10,7.2,12.2,56,0.50,232,1.84,1.0,23.4,16.3,45
2022-11-11,8.6,10.4,77,0.10,352,0.82,1.0,16.1,11.3,62
2022-11-12,7.9,10.2,94,44.60,41,0.28,19.0,35.5,19.3,85
2022-11-13,3.6,5.2,82,1.20,31,0.58,5.0,31.7,14.4,78
2022-11-14,4.6,6.9,83,23.10,329,0.72,16.0,34.7,20.7,57
2022-11-15,0.1,2.8,66,0.00,280,1.04,0.0,19.9,13.9,56
2022-11-16,-0.4,2.2,83,8.80,44,0.40,6.0,21.5,10.2,65
2022-11-17,2.1,5.2,84,11.40,284,0.53,8.0,27.3,19.3,64
2022-11-18,-2.5,-0.7,62,0.20,251,1.08,2.0,24.6,20.0,48
2022-11-19,-3.9,0.1,62,0.00,238,0.82,0.0,12.3,9.6,34
2022-11-20,-0.9,3.5,73,1.50,195,0.72,9.0,25.9,13.8,56
2022-11-21,-4.5,-2.2,54,1.70,263,1.18,5.0,28.8,22.6,40
2022-11-22,-2.4,-0.2,53,1.00,249,1.19,7.0,22.9,16.4,36
2022-11-23,-2.7,0.7,51,0.00,273,1.21,0.0,24.1,15.5,38
2022-11-24,-5.7,-1.9,51,0.00,288,1.15,0.0,22.2,18.9,33
2022-11-25,-3.4,2.9,61,1.90,179,0.72,5.0,19.8,11.8,48
2022-11-26,2.1,3.9,86,6.50,325,0.56,11.0,29.0,20.9,66
2022-11-27,0.1,6.9,78,0.00,247,0.76,0.0,14.6,11.0,60
2022-11-28,1.7,3.7,92,15.10,354,0.26,13.0,22.1,13.5,77
2022-11-29,-3.5,-0.4,66,0.00,306,0.84,0.0,21.4,15.8,51
2022-11-30,-3.8,2.8,73,0.00,176,0.66,0.0,28.1,11.4,60
2022-12-01,3.8,8.7,76,12.40,201,0.99,11.0,44.5,27.9,47
2022-12-02,-2.3,-0.9,55,0.00,262,1.14,0.0,23.9,18.0,50
2022-12-03,0.6,8.1,75,2.50,173,0.63,4.0,32.8,18.6,62
2022-12-04,3.7,10.2,76,7.60,238,0.80,7.0,33.9,21.4,49
2022-12-05,-3.2,2.3,62,0.00,189,0.81,0.0,16.4,9.7,33
2022-12-06,0.4,4.3,78,0.00,160,0.60,0.0,17.4,13.0,58
2022-12-07,2.9,5.9,97,8.40,146,0.14,10.0,22.4,12.3,94
2022-12-08,5.8,7.5,94,25.60,183,0.24,21.0,24.9,17.8,79
2022-12-09,0.8,2.3,70,0.00,334,0.86,0.0,20.9,18.2,58
2022-12-10,-5.0,-1.9,58,0.00,358,0.96,0.0,26.9,22.4,48
2022-12-11,-6.9,-5.8,57,0.00,354,0.68,0.0,20.5,13.1,41
2022-12-12,-8.6,-6.8,63,0.00,309,0.42,0.0,12.3,7.8,45
2022-12-13,-5.9,-3.0,62,0.90,322,0.64,2.0,24.3,13.9,40
2022-12-14,-0.4,3.6,86,21.50,21,0.41,21.0,57.0,27.8,67
2022-12-15,1.4,2.5,86,7.10,29,0.49,21.0,36.1,30.1,76
2022-12-16,0.9,1.5,81,0.40,51,0.57,4.0,24.7,21.0,75
2022-12-17,1.3,1.9,85,1.90,63,0.44,16.0,29.7,24.1,78
2022-12-18,1.2,2.1,86,1.60,51,0.44,7.0,26.0,18.9,80
2022-12-19,0.6,0.9,99,26.80,8,0.12,24.0,31.1,20.1,94
2022-12-20,0.8,1.2,88,11.40,7,0.40,24.0,33.9,29.3,84
2022-12-21,-0.6,0.6,86,0.60,358,0.38,6.0,21.7,8.4,73
2022-12-22,-5.4,-0.5,80,0.20,257,0.41,2.0,14.6,10.4,56
2022-12-23,-4.5,3.1,83,4.70,89,0.38,6.0,42.3,20.5,74
2022-12-24,1.8,8.5,71,14.70,169,1.00,11.0,52.2,29.8,50
2022-12-25,-7.3,-3.4,68,0.10,222,0.56,1.0,17.3,13.5,54
2022-12-26,-7.7,-4.5,68,0.00,235,0.60,0.0,22.6,16.3,53
2022-12-27,-6.2,-2.6,76,0.70,231,0.42,7.0,15.8,12.5,68
2022-12-28,-10.9,-6.3,74,0.60,253,0.33,6.0,17.8,9.4,63
2022-12-29,-8.6,-5.0,86,1.00,269,0.24,6.0,11.2,6.4,70
2022-12-30,0.1,6.0,86,1.60,187,0.39,7.0,16.9,9.9,72
2022-12-31,5.4,7.8,88,0.10,228,0.47,1.0,21.1,15.3,82
2023-01-01,1.8,3.4,98,25.10,9,0.11,24.0,24.2,12.4,93
