latitude,longitude,elevation,utc_offset_seconds,timezone,timezone_abbreviation
62.530754,-114.607605,204.0,0,GMT,GMT

time,temperature_2m_mean (°C),temperature_2m_max (°C),relative_humidity_2m_mean (%),precipitation_sum (mm),wind_direction_10m_dominant (°),et0_fao_evapotranspiration (mm),precipitation_hours (h),wind_speed_10m_max (km/h),wind_speed_10m_mean (km/h),relative_humidity_2m_min (%)
1990-01-01,-20.1,-15.3,77,0.10,6,0.09,1.0,16.3,14.3,74
1990-01-02,-29.5,-26.9,73,0.00,320,0.05,0.0,14.8,12.3,72
1990-01-03,-30.9,-29.7,73,0.00,289,0.04,0.0,13.5,11.8,72
1990-01-04,-35.0,-32.9,74,0.00,286,0.02,0.0,11.6,9.3,73
1990-01-05,-33.6,-32.0,74,0.00,295,0.02,0.0,11.6,7.9,71
1990-01-06,-29.9,-28.3,74,0.00,43,0.03,0.0,13.7,8.6,72
1990-01-07,-28.4,-23.7,74,0.00,105,0.05,0.0,15.7,11.8,74
1990-01-08,-20.6,-17.7,78,0.90,92,0.06,6.0,10.9,9.4,75
1990-01-09,-19.3,-17.6,82,0.00,109,0.02,0.0,12.2,7.2,81
1990-01-10,-15.2,-12.5,84,2.50,10,0.08,8.0,28.9,16.4,75
1990-01-11,-25.3,-19.8,72,0.30,301,0.09,3.0,28.4,15.9,70
1990-01-12,-26.9,-23.6,72,0.00,106,0.08,0.0,18.2,15.5,71
1990-01-13,-22.4,-20.6,78,0.00,90,0.06,0.0,17.6,10.4,73
1990-01-14,-20.0,-17.4,81,0.00,127,0.05,0.0,21.1,10.9,80
1990-01-15,-16.3,-14.7,78,0.20,292,0.16,2.0,25.9,20.9,74
1990-01-16,-21.1,-18.4,81,0.00,254,0.05,0.0,17.1,11.0,76
1990-01-17,-26.4,-20.8,75,0.00,352,0.06,0.0,19.6,13.1,70
1990-01-18,-29.9,-26.3,71,0.00,85,0.06,0.0,15.2,12.5,68
1990-01-19,-28.4,-25.4,70,0.10,96,0.09,1.0,31.0,18.5,68
1990-01-20,-21.1,-19.5,76,3.40,101,0.11,10.0,32.0,18.5,67
1990-01-21,-25.4,-23.1,76,0.00,323,0.06,0.0,12.8,10.3,73
1990-01-22,-27.9,-25.9,76,0.00,44,0.03,0.0,8.9,7.1,75
1990-01-23,-27.4,-25.4,76,0.10,353,0.03,1.0,8.4,7.0,74
1990-01-24,-28.0,-27.7,74,0.00,9,0.02,0.0,6.1,2.9,73
1990-01-25,-34.2,-28.6,73,0.00,350,0.03,0.0,11.2,8.3,69
1990-01-26,-40.0,-37.5,69,0.00,355,0.02,0.0,11.2,8.4,65
1990-01-27,-41.9,-39.5,67,0.00,26,0.01,0.0,8.5,5.9,65
1990-01-28,-46.6,-44.1,65,0.00,328,0.02,0.0,11.5,10.1,64
1990-01-29,-44.2,-41.4,66,0.00,308,0.02,0.0,14.0,10.4,65
1990-01-30,-39.1,-37.1,65,0.00,311,0.05,0.0,21.1,19.0,65
1990-01-31,-39.0,-37.3,66,0.00,320,0.04,0.0,20.9,13.6,64
1990-02-01,-40.9,-39.4,68,0.00,110,0.02,0.0,11.2,6.1,65
1990-02-02,-36.9,-31.8,68,0.00,108,0.05,0.0,18.7,16.3,65
1990-02-03,-31.6,-29.8,71,0.00,104,0.05,0.0,14.8,8.0,66
1990-02-04,-34.9,-32.5,72,0.00,314,0.04,0.0,10.5,7.7,68
1990-02-05,-35.4,-30.2,70,0.00,37,0.04,0.0,10.9,7.5,66
1990-02-06,-29.8,-27.6,71,0.00,27,0.06,0.0,11.5,7.1,67
1990-02-07,-28.1,-25.4,73,0.00,62,0.05,0.0,9.8,4.0,69
1990-02-08,-29.3,-25.6,71,0.00,322,0.08,0.0,19.6,16.4,65
1990-02-09,-34.9,-31.9,68,0.00,325,0.05,0.0,16.1,7.7,63
1990-02-10,-35.5,-30.5,70,0.00,91,0.05,0.0,10.5,8.1,66
1990-02-11,-33.2,-31.3,70,0.00,327,0.05,0.0,16.4,10.5,64
1990-02-12,-36.5,-33.2,67,0.00,311,0.06,0.0,16.7,13.3,65
1990-02-13,-32.9,-29.4,72,0.00,293,0.07,0.0,16.8,12.8,70
1990-02-14,-35.4,-29.9,68,0.00,341,0.06,0.0,16.0,12.5,59
1990-02-15,-38.7,-35.5,66,0.00,303,0.05,0.0,12.5,11.7,60
1990-02-16,-36.1,-31.3,67,0.00,229,0.07,0.0,17.6,12.2,62
1990-02-17,-27.6,-22.1,68,0.00,227,0.14,0.0,18.8,16.0,62
1990-02-18,-30.9,-23.9,70,0.00,4,0.09,0.0,16.1,9.1,61
1990-02-19,-25.7,-18.9,73,0.70,115,0.16,5.0,23.4,18.6,66
1990-02-20,-24.3,-19.0,73,0.00,298,0.15,0.0,24.2,18.7,63
1990-02-21,-28.8,-25.4,69,0.00,356,0.12,0.0,17.1,9.4,60
1990-02-22,-30.2,-26.2,69,0.00,92,0.10,0.0,10.8,7.9,61
1990-02-23,-29.8,-26.6,70,0.00,315,0.11,0.0,18.3,13.2,62
1990-02-24,-29.5,-23.7,70,0.60,138,0.10,3.0,23.3,13.3,66
1990-02-25,-20.1,-17.7,75,1.80,61,0.20,11.0,28.8,19.3,65
1990-02-26,-22.8,-19.1,71,0.00,305,0.22,0.0,28.1,13.8,64
1990-02-27,-18.4,-13.0,79,0.00,135,0.25,0.0,19.1,14.6,71
1990-02-28,-5.1,0.0,74,0.60,233,0.64,4.0,38.7,24.8,66
1990-03-01,-17.3,-9.6,71,0.00,312,0.37,0.0,37.4,24.6,65
1990-03-02,-22.2,-17.4,73,0.00,114,0.19,0.0,21.1,13.9,66
1990-03-03,-17.2,-12.8,75,0.00,117,0.32,0.0,17.9,13.7,67
1990-03-04,-12.5,-7.9,83,0.00,115,0.36,0.0,17.8,15.9,78
1990-03-05,-7.9,-4.1,88,0.00,141,0.43,0.0,16.3,13.7,83
1990-03-06,-6.4,-2.0,89,0.00,126,0.40,0.0,17.8,13.6,84
1990-03-07,-5.5,-2.3,81,0.00,240,0.47,0.0,22.3,18.3,69
1990-03-08,-16.5,-9.9,76,0.00,341,0.27,0.0,16.3,12.3,69
1990-03-09,-20.9,-16.9,75,0.00,347,0.31,0.0,14.1,8.8,68
1990-03-10,-22.1,-17.2,75,0.00,45,0.26,0.0,11.5,7.8,67
1990-03-11,-22.2,-18.8,73,0.00,74,0.28,0.0,14.1,12.1,68
1990-03-12,-17.7,-11.3,77,0.00,123,0.36,0.0,19.3,16.0,71
1990-03-13,-10.8,-6.6,84,0.00,136,0.50,0.0,21.1,15.2,77
1990-03-14,-9.9,-5.3,87,0.00,65,0.41,0.0,14.9,10.6,81
1990-03-15,-6.3,-3.4,87,0.00,76,0.50,0.0,19.7,13.7,82
1990-03-16,-10.6,-3.9,76,0.00,321,0.54,0.0,21.3,18.0,65
1990-03-17,-13.6,-8.5,78,0.00,141,0.47,0.0,14.3,8.1,67
1990-03-18,-7.1,-4.7,83,0.00,212,0.51,0.0,26.7,19.0,78
1990-03-19,-14.5,-6.5,72,0.00,339,0.48,0.0,25.6,20.6,62
1990-03-20,-20.1,-16.0,72,0.00,304,0.38,0.0,19.3,13.0,63
1990-03-21,-16.9,-13.9,69,0.10,308,0.42,1.0,33.0,23.6,60
1990-03-22,-20.1,-14.2,72,0.00,319,0.42,0.0,24.2,17.5,59
1990-03-23,-14.6,-3.1,71,0.00,265,0.59,0.0,24.9,12.9,59
1990-03-24,-9.7,-3.8,72,0.00,324,0.66,0.0,29.6,27.0,64
1990-03-25,-17.5,-13.0,72,0.00,17,0.48,0.0,24.6,10.9,64
1990-03-26,-16.2,-10.4,69,0.00,111,0.62,0.0,15.6,13.9,58
1990-03-27,-11.8,-6.3,74,0.00,134,0.80,0.0,15.0,10.8,62
1990-03-28,-7.3,-1.3,84,0.00,152,0.59,0.0,21.3,14.8,78
1990-03-29,-1.1,0.2,88,0.90,269,0.63,3.0,16.9,11.4,78
1990-03-30,-4.8,-0.0,84,5.00,62,0.60,13.0,14.9,11.7,73
1990-03-31,-8.8,-3.9,81,0.20,124,0.73,1.0,13.0,10.8,74
1990-04-01,-5.8,-1.2,85,0.00,101,0.75,0.0,17.5,13.6,79
1990-04-02,-2.5,-0.8,84,2.00,58,0.90,8.0,19.8,15.4,79
1990-04-03,-5.6,-1.3,82,0.00,57,0.68,0.0,12.6,9.5,73
1990-04-04,-8.1,-3.4,81,0.00,117,0.87,0.0,17.8,11.4,74
1990-04-05,-2.0,2.7,77,0.00,164,1.25,0.0,27.9,25.2,74
1990-04-06,0.8,3.3,82,0.10,299,1.10,1.0,27.5,21.6,73
1990-04-07,-6.4,-0.8,74,0.00,332,0.80,0.0,27.2,19.6,61
1990-04-08,-10.6,-9.2,73,0.70,332,0.73,5.0,26.4,17.6,60
1990-04-09,-11.7,-6.8,74,0.00,329,0.75,0.0,19.1,12.5,61
1990-04-10,-6.3,-2.5,79,0.00,216,1.04,0.0,14.5,9.7,71
1990-04-11,-5.4,-2.7,80,0.00,327,0.80,0.0,24.4,17.0,69
1990-04-12,-10.6,-7.4,70,0.00,324,0.90,0.0,22.7,15.0,58
1990-04-13,-9.3,-4.8,76,0.00,187,0.89,0.0,11.6,8.9,58
1990-04-14,-7.2,-2.6,82,0.10,309,0.87,1.0,14.0,9.2,66
1990-04-15,-6.9,-2.5,76,0.10,315,0.89,1.0,18.4,14.5,68
1990-04-16,-5.5,-1.8,81,0.00,268,1.19,0.0,16.8,10.8,68
1990-04-17,-2.6,3.0,81,0.00,124,1.36,0.0,21.4,16.9,69
1990-04-18,-0.0,3.0,83,0.00,74,0.92,0.0,18.3,16.4,72
1990-04-19,-6.2,-2.9,82,0.00,78,1.00,0.0,17.1,10.8,79
1990-04-20,-0.3,4.9,86,1.30,134,1.75,4.0,16.6,11.7,76
1990-04-21,0.8,4.9,86,0.00,355,1.56,0.0,12.3,8.5,75
1990-04-22,2.0,3.8,90,8.10,46,0.76,20.0,18.7,15.3,82
1990-04-23,-1.4,1.6,89,1.50,26,0.96,3.0,14.3,10.3,79
1990-04-24,-3.9,-0.0,79,0.00,73,1.07,0.0,18.0,13.9,70
1990-04-25,-8.9,-4.5,71,0.00,70,1.16,0.0,22.4,20.8,59
1990-04-26,-10.6,-5.2,72,0.00,84,1.14,0.0,23.2,16.4,65
1990-04-27,-5.9,-0.4,73,0.00,116,1.64,0.0,14.3,11.9,57
1990-04-28,-2.3,2.6,69,0.00,129,2.04,0.0,9.2,6.5,56
1990-04-29,-1.7,3.2,72,0.00,156,1.93,0.0,16.1,11.6,56
1990-04-30,-0.9,2.9,71,0.00,332,1.38,0.0,26.5,18.2,58
1990-05-01,-3.0,0.2,62,0.00,360,1.92,0.0,17.7,8.8,42
1990-05-02,-1.8,3.4,69,0.00,200,1.95,0.0,11.0,7.2,46
1990-05-03,0.2,4.6,70,0.00,177,2.24,0.0,15.8,9.5,47
1990-05-04,2.8,8.8,71,0.00,128,2.36,0.0,17.4,13.5,47
1990-05-05,4.0,8.7,83,0.00,85,1.95,0.0,14.8,7.3,64
1990-05-06,1.7,7.2,75,0.00,74,1.93,0.0,27.9,24.0,58
1990-05-07,-0.7,4.0,70,0.00,85,2.08,0.0,22.0,14.3,54
1990-05-08,2.0,8.1,72,0.00,136,2.29,0.0,10.8,6.4,54
1990-05-09,2.6,8.1,72,0.90,339,1.81,6.0,22.0,14.5,52
1990-05-10,-0.6,4.1,61,0.00,340,2.00,0.0,20.9,16.5,50
1990-05-11,2.0,7.5,64,0.00,322,2.60,0.0,15.6,9.3,40
1990-05-12,2.2,7.6,64,0.00,30,2.70,0.0,12.1,7.1,38
1990-05-13,2.1,6.4,69,0.00,311,2.41,0.0,11.9,9.6,47
1990-05-14,2.7,6.7,69,0.00,316,1.90,0.0,12.7,9.9,46
1990-05-15,1.5,5.6,68,0.00,68,1.48,0.0,12.5,6.8,49
1990-05-16,0.6,2.6,70,0.00,170,1.58,0.0,14.1,9.0,57
1990-05-17,1.9,5.7,65,0.00,208,2.16,0.0,10.6,5.1,43
1990-05-18,1.4,5.4,66,0.50,44,2.17,4.0,14.1,10.1,45
1990-05-19,-0.7,3.1,65,0.00,128,1.81,0.0,19.5,12.0,52
1990-05-20,-0.6,0.7,65,2.30,50,1.96,11.0,17.2,13.4,39
1990-05-21,0.6,10.4,63,1.20,101,2.52,6.0,18.7,16.7,41
1990-05-22,8.8,16.8,63,0.00,157,3.78,0.0,20.6,14.0,50
1990-05-23,11.7,17.0,68,0.00,132,3.42,0.0,19.5,14.0,46
1990-05-24,10.8,15.6,79,0.00,139,3.28,0.0,17.4,12.5,62
1990-05-25,10.6,15.4,66,0.00,279,3.48,0.0,18.3,9.4,43
1990-05-26,8.1,13.3,72,0.00,27,2.14,0.0,17.2,11.9,49
1990-05-27,7.6,13.6,71,0.20,93,3.16,1.0,20.2,17.1,46
1990-05-28,11.5,19.1,59,0.00,121,4.52,0.0,20.3,18.7,45
1990-05-29,15.2,22.5,53,0.00,139,5.37,0.0,20.2,16.5,39
1990-05-30,17.3,22.7,65,1.80,71,3.34,10.0,16.6,11.6,38
1990-05-31,9.8,21.0,65,0.00,48,3.55,0.0,26.5,21.9,40
1990-06-01,4.1,9.6,56,0.00,40,3.37,0.0,22.5,14.9,42
1990-06-02,5.0,9.5,57,0.00,196,3.43,0.0,12.4,7.6,42
1990-06-03,7.0,13.0,51,0.00,160,3.99,0.0,18.1,11.9,36
1990-06-04,11.2,17.3,53,0.00,220,4.26,0.0,17.3,12.6,39
1990-06-05,11.2,16.2,63,0.90,330,2.98,7.0,22.7,11.8,39
1990-06-06,5.9,10.7,58,1.50,287,2.50,6.0,24.0,13.3,42
1990-06-07,6.2,10.3,57,0.50,94,2.63,2.0,14.3,9.9,36
1990-06-08,5.5,8.0,82,3.40,300,2.08,8.0,15.4,9.5,60
1990-06-09,8.0,15.1,65,0.00,155,3.69,0.0,20.6,14.3,50
1990-06-10,9.8,15.0,60,0.00,335,4.07,0.0,27.3,19.0,35
1990-06-11,9.5,15.8,51,0.00,81,4.32,0.0,13.4,10.9,33
1990-06-12,11.3,15.8,49,0.00,25,4.67,0.0,25.6,15.0,31
1990-06-13,8.5,13.3,43,0.00,331,4.50,0.0,20.5,14.6,24
1990-06-14,10.0,15.7,42,0.00,183,4.56,0.0,17.0,11.5,25
1990-06-15,13.4,19.0,43,0.30,112,5.06,1.0,19.2,15.3,28
1990-06-16,13.8,19.0,60,2.40,105,3.91,6.0,18.0,14.0,35
1990-06-17,13.3,17.4,80,0.00,130,3.66,0.0,14.6,13.3,53
1990-06-18,13.1,17.8,76,0.00,153,3.59,0.0,14.5,8.4,49
1990-06-19,13.9,18.0,70,0.00,218,3.39,0.0,10.8,5.4,47
1990-06-20,14.7,18.2,72,0.10,239,3.55,1.0,12.0,7.4,47
1990-06-21,14.4,18.5,72,0.00,183,3.72,0.0,15.0,8.8,48
1990-06-22,16.9,22.4,52,0.10,151,5.13,1.0,16.4,12.7,40
1990-06-23,20.1,27.2,48,0.00,122,6.50,0.0,24.7,18.1,35
1990-06-24,16.6,24.7,62,6.30,177,5.03,8.0,23.8,17.0,33
1990-06-25,15.7,18.6,50,0.00,143,5.24,0.0,17.2,13.3,32
1990-06-26,15.3,18.1,59,0.00,168,4.12,0.0,15.1,7.7,42
1990-06-27,14.5,20.3,62,0.00,194,3.88,0.0,10.0,6.4,39
1990-06-28,18.0,22.4,57,0.00,337,4.73,0.0,18.3,11.0,32
1990-06-29,16.4,21.7,52,0.00,321,4.27,0.0,18.6,16.0,35
1990-06-30,13.5,17.0,58,0.10,3,3.69,1.0,15.8,10.2,31
1990-07-01,13.8,17.4,52,0.00,352,4.16,0.0,12.3,7.8,30
1990-07-02,12.9,16.9,53,0.00,68,3.45,0.0,15.0,10.2,33
1990-07-03,13.1,17.1,58,0.00,182,3.84,0.0,12.9,6.9,36
1990-07-04,13.2,16.8,60,4.20,180,3.43,9.0,14.3,8.7,36
1990-07-05,14.3,17.7,67,0.60,110,2.92,2.0,7.5,5.5,51
1990-07-06,15.8,20.0,71,1.20,58,3.47,3.0,10.0,5.8,52
1990-07-07,16.0,18.8,73,0.70,111,3.68,1.0,10.9,9.4,50
1990-07-08,16.5,20.7,57,0.00,147,4.91,0.0,17.8,11.9,34
1990-07-09,18.2,23.1,48,0.00,142,5.75,0.0,20.1,16.3,32
1990-07-10,19.6,23.6,51,0.00,143,5.88,0.0,22.4,17.3,31
1990-07-11,22.2,27.4,46,0.00,210,7.04,0.0,25.1,18.3,16
1990-07-12,22.7,27.4,31,0.00,252,6.89,0.0,22.6,12.3,16
1990-07-13,18.5,26.1,57,17.50,81,2.88,11.0,24.8,15.5,22
1990-07-14,12.7,14.6,88,13.60,5,1.24,23.0,31.7,21.2,68
1990-07-15,12.7,15.4,73,1.70,7,2.74,7.0,24.6,18.3,57
1990-07-16,12.9,15.2,70,0.40,33,2.30,4.0,20.0,15.0,54
1990-07-17,13.7,16.9,64,0.00,19,3.22,0.0,21.6,18.3,46
1990-07-18,14.3,20.4,64,0.00,25,3.74,0.0,17.1,11.8,36
1990-07-19,18.5,23.0,59,0.00,249,4.36,0.0,13.1,8.8,35
1990-07-20,19.7,23.9,68,0.00,218,3.96,0.0,12.5,8.1,47
1990-07-21,22.2,27.1,58,0.00,273,5.16,0.0,17.7,12.7,34
1990-07-22,22.5,26.9,57,0.40,271,4.69,2.0,16.4,12.7,34
1990-07-23,16.7,21.7,60,2.20,328,3.45,1.0,18.6,15.5,39
1990-07-24,16.5,21.5,61,0.00,269,3.94,0.0,19.7,14.9,43
1990-07-25,18.2,22.6,69,0.00,154,4.22,0.0,19.8,12.6,46
1990-07-26,21.0,23.2,64,0.00,284,5.13,0.0,19.4,16.2,44
1990-07-27,16.0,23.1,63,0.00,38,3.33,0.0,18.0,13.6,43
1990-07-28,14.3,17.1,58,0.00,336,3.36,0.0,20.2,12.9,42
1990-07-29,15.3,18.3,57,0.00,112,3.08,0.0,17.8,11.5,41
1990-07-30,18.7,25.0,59,0.00,42,4.77,0.0,16.9,10.8,39
1990-07-31,18.8,24.4,67,2.00,77,3.02,7.0,16.0,7.8,40
1990-08-01,15.6,20.1,85,25.00,73,1.24,16.0,25.4,15.9,60
1990-08-02,11.2,12.5,81,17.00,3,1.60,15.0,27.6,19.5,61
1990-08-03,11.9,15.9,74,1.00,197,2.59,5.0,15.1,9.1,61
1990-08-04,16.6,22.1,72,0.00,174,3.81,0.0,13.2,9.5,51
1990-08-05,19.6,24.7,72,0.00,162,4.06,0.0,13.7,9.9,53
1990-08-06,17.8,24.3,71,0.00,70,3.55,0.0,27.5,17.8,54
1990-08-07,14.1,19.7,85,16.70,55,1.54,15.0,32.2,24.8,62
1990-08-08,10.6,12.4,64,0.00,54,2.18,0.0,24.7,10.1,52
1990-08-09,11.8,15.9,64,0.00,120,3.23,0.0,15.9,10.4,50
1990-08-10,13.9,19.7,64,0.00,101,3.82,0.0,16.8,13.2,51
1990-08-11,16.4,21.0,69,0.60,146,3.27,1.0,10.7,8.7,52
1990-08-12,17.2,19.7,87,4.40,333,2.00,9.0,15.0,8.5,71
1990-08-13,14.5,18.0,75,0.20,341,2.63,1.0,16.8,14.0,49
1990-08-14,12.3,16.4,63,0.00,345,3.04,0.0,15.0,10.4,41
1990-08-15,10.1,14.5,60,0.00,23,2.88,0.0,18.0,12.7,44
1990-08-16,9.3,12.0,60,0.00,103,2.53,0.0,15.3,11.3,47
1990-08-17,11.6,17.8,68,1.00,127,2.93,4.0,27.9,22.4,51
1990-08-18,15.6,17.7,78,5.30,183,2.29,8.0,24.3,18.2,56
1990-08-19,11.4,13.9,75,0.50,51,2.20,2.0,18.3,12.5,65
1990-08-20,17.6,22.3,69,0.10,214,3.75,1.0,24.6,19.7,50
1990-08-21,15.1,21.0,74,0.00,337,2.77,0.0,16.1,8.5,57
1990-08-22,12.4,17.8,80,12.50,30,1.18,10.0,28.2,19.1,57
1990-08-23,7.9,9.7,82,11.30,24,1.26,19.0,26.1,21.5,55
1990-08-24,7.5,9.7,63,0.00,12,1.84,0.0,17.5,13.4,55
1990-08-25,7.7,9.8,74,0.90,310,1.66,6.0,20.1,13.2,51
1990-08-26,7.4,9.7,70,0.30,296,1.70,2.0,18.8,9.5,54
1990-08-27,8.8,13.0,66,0.00,110,2.34,0.0,15.0,10.4,55
1990-08-28,11.4,14.4,80,1.00,154,1.52,2.0,13.7,7.2,57
1990-08-29,11.4,13.4,88,6.40,77,1.06,15.0,11.5,8.2,76
1990-08-30,10.7,13.2,81,3.00,332,1.80,7.0,21.4,14.0,55
1990-08-31,10.7,13.3,74,0.00,263,1.93,0.0,13.5,6.6,58
1990-09-01,10.9,12.8,80,3.40,161,1.15,11.0,24.5,15.2,64
1990-09-02,10.3,13.0,86,0.20,251,1.48,2.0,26.9,13.6,73
1990-09-03,6.1,8.2,66,0.00,315,1.75,0.0,22.8,13.0,54
1990-09-04,5.9,7.3,84,4.50,99,0.70,11.0,13.8,9.2,65
1990-09-05,5.5,7.7,73,0.00,322,1.41,0.0,14.5,9.2,56
1990-09-06,9.7,14.1,72,0.00,194,2.09,0.0,25.6,17.1,58
1990-09-07,10.2,13.9,84,4.80,299,1.50,11.0,30.3,18.1,62
1990-09-08,5.7,8.9,65,0.00,322,1.57,0.0,24.3,14.1,48
1990-09-09,6.3,9.4,69,1.00,274,1.77,3.0,20.4,14.1,48
1990-09-10,3.8,8.8,66,0.00,353,1.45,0.0,18.1,12.7,51
1990-09-11,2.8,5.3,61,0.00,44,1.44,0.0,13.0,9.5,51
1990-09-12,5.5,7.7,74,0.40,112,0.97,3.0,14.7,11.4,52
1990-09-13,8.0,10.8,86,0.40,138,0.82,2.0,18.8,10.0,77
1990-09-14,9.8,14.2,85,0.00,228,1.61,0.0,14.8,7.1,71
1990-09-15,12.7,16.6,78,0.00,183,2.05,0.0,20.6,16.6,63
1990-09-16,13.2,15.7,82,0.00,199,1.70,0.0,21.4,14.2,70
1990-09-17,7.4,13.7,77,0.00,287,1.11,0.0,26.6,22.1,67
1990-09-18,3.4,5.4,68,0.00,14,1.20,0.0,27.0,15.8,64
1990-09-19,4.0,4.9,74,0.00,82,0.95,0.0,18.9,14.6,63
1990-09-20,5.0,7.5,75,0.00,148,0.95,0.0,20.9,12.3,63
1990-09-21,6.6,9.0,84,0.00,176,0.94,0.0,28.7,11.3,74
1990-09-22,10.7,14.1,78,0.00,206,1.81,0.0,30.0,18.4,67
1990-09-23,11.5,16.6,84,0.00,149,1.43,0.0,25.3,17.7,71
1990-09-24,13.3,17.0,72,0.80,247,1.95,3.0,25.2,15.3,54
1990-09-25,9.3,12.8,85,4.00,305,0.80,10.0,24.9,21.0,75
1990-09-26,4.8,5.5,81,2.60,6,0.57,6.0,19.4,10.9,69
1990-09-27,4.5,5.8,81,0.00,34,0.73,0.0,10.8,6.9,69
1990-09-28,7.2,10.0,75,0.00,165,1.49,0.0,37.2,26.1,61
1990-09-29,9.6,11.4,67,1.00,203,2.10,5.0,37.3,26.2,55
1990-09-30,3.9,7.0,69,0.00,317,1.22,0.0,26.1,14.6,62
1990-10-01,3.7,7.1,79,0.00,104,0.91,0.0,19.5,15.2,64
1990-10-02,3.7,6.3,81,0.00,76,0.86,0.0,19.5,17.6,69
1990-10-03,2.3,5.3,75,0.00,75,0.79,0.0,19.6,17.2,67
1990-10-04,2.5,3.9,79,0.10,68,0.57,1.0,14.0,11.3,71
1990-10-05,1.8,3.5,80,0.50,101,0.50,5.0,10.6,8.3,65
1990-10-06,2.3,3.8,70,0.00,118,0.82,0.0,14.6,10.2,56
1990-10-07,2.8,5.4,81,0.00,142,0.77,0.0,17.4,12.6,68
1990-10-08,4.3,6.6,82,0.10,156,0.72,1.0,29.4,18.8,70
1990-10-09,4.1,6.2,94,14.00,260,0.32,19.0,30.5,21.7,77
1990-10-10,-1.4,3.2,77,1.60,9,0.67,7.0,26.3,22.3,57
1990-10-11,-5.1,-3.3,55,0.00,82,0.75,0.0,18.2,12.1,51
1990-10-12,-3.4,-2.4,59,0.00,105,1.02,0.0,26.8,22.9,53
1990-10-13,-3.5,-2.3,61,0.00,78,0.87,0.0,22.7,17.6,49
1990-10-14,-4.1,-2.8,65,0.00,51,0.61,0.0,13.9,11.2,48
1990-10-15,-4.5,-3.0,62,0.00,58,0.58,0.0,10.7,7.8,48
1990-10-16,-3.4,-1.8,68,1.80,39,0.47,13.0,9.4,6.1,48
1990-10-17,-4.2,-1.5,77,0.00,128,0.45,0.0,12.5,7.4,62
1990-10-18,-1.9,0.9,81,0.00,108,0.48,0.0,21.8,16.8,70
1990-10-19,-0.2,1.2,86,1.00,79,0.35,8.0,18.1,11.5,78
1990-10-20,-1.6,0.1,89,0.60,341,0.29,3.0,8.8,6.6,69
1990-10-21,-1.8,0.3,77,0.00,140,0.61,0.0,31.1,19.9,67
1990-10-22,-1.5,-0.5,76,0.00,110,0.59,0.0,24.2,17.9,69
1990-10-23,-4.1,-1.9,78,0.00,6,0.33,0.0,6.9,5.5,64
1990-10-24,-0.9,2.1,84,10.80,139,0.42,9.0,38.2,26.9,72
1990-10-25,-1.3,1.5,92,0.00,275,0.21,0.0,16.5,11.9,85
1990-10-26,-4.8,-2.9,78,0.00,313,0.42,0.0,24.8,20.5,65
1990-10-27,-11.4,-6.4,71,0.00,40,0.35,0.0,23.5,15.4,68
1990-10-28,-6.5,-5.8,80,11.90,90,0.40,19.0,30.0,24.8,72
1990-10-29,-10.6,-7.5,79,1.30,36,0.28,5.0,20.5,16.6,74
1990-10-30,-7.3,-4.6,82,0.00,119,0.29,0.0,24.5,17.8,81
1990-10-31,-4.5,-3.2,86,0.00,90,0.21,0.0,17.2,13.0,81
1990-11-01,-7.5,-4.0,86,0.00,360,0.15,0.0,12.7,10.7,78
1990-11-02,-12.6,-10.5,82,0.00,38,0.13,0.0,10.4,7.6,80
1990-11-03,-6.3,-4.9,86,0.00,190,0.13,0.0,12.7,8.8,84
1990-11-04,-8.5,-5.2,88,1.80,348,0.12,11.0,18.9,12.1,83
1990-11-05,-13.6,-7.6,82,0.00,259,0.14,0.0,16.3,10.0,79
1990-11-06,-7.8,-5.5,82,0.00,222,0.21,0.0,24.4,13.8,78
1990-11-07,-7.2,-4.5,83,1.20,70,0.24,7.0,27.0,20.9,76
1990-11-08,-15.6,-12.7,75,0.00,46,0.24,0.0,26.0,23.5,71
1990-11-09,-20.1,-19.2,71,0.00,51,0.20,0.0,23.7,21.9,70
1990-11-10,-21.1,-20.0,72,2.00,41,0.17,16.0,23.6,20.9,70
1990-11-11,-24.0,-21.4,74,0.00,56,0.10,0.0,15.8,13.9,72
1990-11-12,-19.0,-17.1,76,0.10,84,0.16,1.0,24.1,20.0,75
1990-11-13,-14.8,-12.1,80,1.70,100,0.18,10.0,26.7,19.6,78
1990-11-14,-14.6,-11.5,84,2.60,299,0.07,8.0,15.3,11.1,79
1990-11-15,-22.3,-18.0,79,0.00,81,0.06,0.0,17.7,10.3,77
1990-11-16,-9.8,-5.0,87,0.00,142,0.14,0.0,21.5,18.5,84
1990-11-17,-13.2,-9.6,82,2.30,312,0.11,6.0,21.1,12.6,80
1990-11-18,-21.1,-14.3,78,0.20,348,0.08,1.0,19.4,10.9,75
1990-11-19,-29.5,-27.7,77,0.00,322,0.04,0.0,14.2,9.4,75
1990-11-20,-27.5,-21.6,81,0.00,151,0.05,0.0,14.8,11.4,75
1990-11-21,-23.3,-21.6,77,0.00,50,0.08,0.0,15.6,12.6,73
1990-11-22,-19.8,-17.8,75,2.70,29,0.14,16.0,19.8,16.5,73
1990-11-23,-18.2,-17.6,76,1.30,70,0.13,11.0,15.4,14.1,74
1990-11-24,-21.5,-19.4,76,0.00,75,0.08,0.0,14.0,11.5,74
1990-11-25,-26.5,-24.6,74,0.00,44,0.03,0.0,9.8,6.3,71
1990-11-26,-28.0,-25.9,77,0.00,120,0.03,0.0,18.1,10.7,72
1990-11-27,-27.3,-26.6,74,0.00,84,0.06,0.0,17.7,11.9,73
1990-11-28,-26.8,-24.3,75,0.00,102,0.06,0.0,19.5,13.3,72
1990-11-29,-24.1,-23.0,74,0.40,40,0.06,4.0,16.0,10.8,73
1990-11-30,-27.4,-25.8,74,0.00,28,0.04,0.0,12.1,9.2,73
1990-12-01,-28.6,-27.2,74,0.00,348,0.02,0.0,8.1,5.6,73
1990-12-02,-27.1,-26.0,76,0.00,13,0.02,0.0,13.1,6.5,74
1990-12-03,-26.6,-25.6,74,0.10,127,0.07,1.0,21.6,15.3,71
1990-12-04,-20.1,-17.2,77,7.90,300,0.11,21.0,30.6,20.5,68
1990-12-05,-31.3,-24.6,68,0.00,287,0.07,0.0,27.3,16.9,68
1990-12-06,-30.7,-26.1,72,2.40,99,0.06,8.0,21.2,13.6,69
1990-12-07,-24.1,-18.4,76,6.40,89,0.09,9.0,21.7,14.8,72
1990-12-08,-22.5,-20.5,76,0.00,316,0.09,0.0,21.6,15.5,72
1990-12-09,-27.8,-24.1,73,0.00,356,0.04,0.0,16.2,8.7,70
1990-12-10,-28.2,-26.7,74,0.00,66,0.04,0.0,10.6,9.9,72
1990-12-11,-26.4,-24.0,76,0.00,82,0.02,0.0,10.0,6.9,75
1990-12-12,-25.7,-22.1,78,0.00,108,0.05,0.0,21.0,13.4,76
1990-12-13,-22.3,-20.7,80,0.00,118,0.04,0.0,20.6,10.8,78
1990-12-14,-22.7,-22.0,78,1.40,62,0.07,4.0,17.6,13.3,73
1990-12-15,-25.3,-22.2,70,1.90,60,0.09,6.0,16.1,14.9,68
1990-12-16,-29.1,-28.4,71,0.00,98,0.05,0.0,13.6,12.1,69
1990-12-17,-32.7,-29.3,73,0.00,352,0.03,0.0,18.2,12.6,70
1990-12-18,-33.2,-32.4,70,0.00,327,0.05,0.0,18.6,16.9,68
1990-12-19,-37.9,-34.0,71,0.00,341,0.02,0.0,14.0,8.7,68
1990-12-20,-38.7,-32.1,71,0.00,147,0.02,0.0,21.0,11.8,67
1990-12-21,-26.6,-21.7,73,0.20,167,0.06,2.0,20.8,11.7,67
1990-12-22,-16.0,-9.1,78,1.00,321,0.16,9.0,33.9,20.9,72
1990-12-23,-27.0,-20.5,74,0.00,341,0.05,0.0,18.5,11.7,72
1990-12-24,-31.6,-30.9,70,0.00,315,0.07,0.0,23.2,20.7,68
1990-12-25,-35.7,-32.4,71,0.00,102,0.03,0.0,15.0,9.7,69
1990-12-26,-29.9,-28.1,72,0.00,77,0.04,0.0,19.9,9.9,67
1990-12-27,-31.1,-29.1,69,0.00,338,0.08,0.0,24.2,23.0,67
1990-12-28,-35.7,-32.4,72,0.00,294,0.03,0.0,18.0,10.5,70
1990-12-29,-37.2,-36.2,73,0.00,167,0.02,0.0,11.8,9.0,70
1990-12-30,-33.2,-27.7,72,0.00,287,0.04,0.0,17.0,11.1,68
1990-12-31,-27.7,-25.5,74,0.00,317,0.06,0.0,16.6,14.5,70
1991-01-01,-24.8,-19.0,77,0.00,291,0.09,0.0,24.7,16.7,72
1991-01-02,-19.8,-18.8,71,0.00,314,0.19,0.0,27.0,24.7,70
1991-01-03,-16.5,-13.2,74,0.90,299,0.24,6.0,31.3,27.0,72
1991-01-04,-21.1,-14.7,68,0.00,326,0.21,0.0,32.4,27.3,62
1991-01-05,-30.1,-27.0,73,0.00,322,0.05,0.0,20.3,11.9,69
1991-01-06,-30.8,-29.5,74,0.00,154,0.03,0.0,10.9,8.7,74
1991-01-07,-34.6,-30.3,70,0.00,28,0.02,0.0,9.9,7.2,66
1991-01-08,-38.9,-36.7,72,0.00,123,0.02,0.0,16.9,11.8,66
1991-01-09,-35.1,-31.5,70,0.00,116,0.05,0.0,17.7,16.7,68
1991-01-10,-33.3,-31.3,72,0.00,184,0.01,0.0,11.6,5.8,70
1991-01-11,-36.9,-35.0,71,0.00,87,0.01,0.0,14.6,6.5,70
1991-01-12,-27.5,-19.6,74,0.60,104,0.09,4.0,23.1,19.9,73
1991-01-13,-18.3,-17.3,82,0.00,307,0.03,0.0,11.9,6.2,80
1991-01-14,-21.7,-19.0,80,1.10,350,0.03,5.0,9.7,5.6,77
1991-01-15,-22.9,-20.2,79,1.10,314,0.04,4.0,19.3,7.6,76
1991-01-16,-27.0,-22.9,72,0.40,339,0.06,4.0,21.7,11.0,69
1991-01-17,-26.8,-22.7,73,3.30,93,0.08,7.0,25.6,16.2,70
1991-01-18,-20.4,-19.3,77,0.30,51,0.11,2.0,23.2,16.4,70
1991-01-19,-25.3,-23.1,74,0.00,31,0.03,0.0,12.8,6.0,71
1991-01-20,-27.8,-25.1,75,0.00,99,0.04,0.0,18.3,9.0,73
1991-01-21,-21.0,-19.1,77,1.10,85,0.11,5.0,22.3,17.0,74
1991-01-22,-19.9,-16.1,77,0.00,348,0.10,0.0,17.1,12.9,74
1991-01-23,-28.0,-25.1,77,0.00,94,0.03,0.0,9.0,7.3,75
1991-01-24,-24.0,-20.6,79,0.00,310,0.06,0.0,16.1,11.3,78
1991-01-25,-22.0,-18.8,76,0.50,321,0.10,3.0,24.9,15.2,72
1991-01-26,-22.3,-20.6,78,1.20,102,0.05,7.0,13.4,6.2,75
1991-01-27,-17.7,-12.9,72,0.20,323,0.25,1.0,35.2,27.7,67
1991-01-28,-22.7,-20.0,70,0.00,312,0.16,0.0,24.4,18.8,67
1991-01-29,-27.5,-25.8,74,0.00,95,0.05,0.0,11.8,8.4,69
1991-01-30,-31.4,-29.0,73,0.00,325,0.04,0.0,13.4,8.5,69
1991-01-31,-31.7,-29.2,75,0.00,146,0.06,0.0,19.0,14.4,71
1991-02-01,-25.2,-21.6,76,0.20,97,0.08,2.0,20.6,14.0,73
1991-02-02,-21.1,-18.6,79,2.30,344,0.08,4.0,20.5,10.0,74
1991-02-03,-20.5,-18.1,78,0.00,243,0.10,0.0,18.3,11.5,72
1991-02-04,-18.7,-12.7,79,0.00,145,0.15,0.0,22.1,14.6,75
1991-02-05,-7.6,-3.2,89,1.40,148,0.18,5.0,24.6,20.6,78
1991-02-06,-6.1,-3.1,78,0.00,221,0.37,0.0,23.3,16.0,64
1991-02-07,-6.4,-3.5,85,0.10,240,0.17,1.0,35.0,19.7,72
1991-02-08,-21.2,-15.2,71,0.00,315,0.16,0.0,30.8,14.5,66
1991-02-09,-27.6,-23.8,72,0.00,272,0.09,0.0,14.0,10.3,69
1991-02-10,-27.3,-24.9,72,0.00,106,0.10,0.0,14.8,12.2,65
1991-02-11,-27.8,-26.5,68,0.00,72,0.11,0.0,16.6,12.9,64
1991-02-12,-27.7,-26.4,68,0.00,68,0.11,0.0,15.2,12.3,62
1991-02-13,-31.4,-27.9,67,0.00,39,0.07,0.0,10.7,7.0,60
1991-02-14,-29.2,-21.5,67,0.10,128,0.13,1.0,24.7,16.8,60
1991-02-15,-19.9,-17.5,76,0.50,341,0.16,3.0,18.1,12.8,66
1991-02-16,-22.9,-19.1,71,0.20,60,0.13,2.0,13.6,12.3,68
1991-02-17,-25.3,-23.4,72,0.00,45,0.10,0.0,12.7,8.3,67
1991-02-18,-28.2,-24.0,71,0.00,341,0.09,0.0,10.5,6.4,61
1991-02-19,-30.6,-29.1,66,0.00,44,0.10,0.0,13.8,10.4,60
1991-02-20,-30.8,-29.0,67,0.00,5,0.09,0.0,11.6,8.6,62
1991-02-21,-33.2,-29.8,67,0.00,328,0.08,0.0,8.9,6.7,61
1991-02-22,-34.0,-29.2,67,0.00,85,0.08,0.0,12.3,7.4,60
1991-02-23,-27.7,-24.2,68,0.00,56,0.15,0.0,13.7,8.9,64
1991-02-24,-25.0,-20.5,74,0.20,125,0.17,2.0,17.8,11.3,70
1991-02-25,-22.9,-18.4,74,0.00,85,0.15,0.0,8.5,4.1,67
1991-02-26,-20.0,-15.4,78,0.00,41,0.16,0.0,6.0,4.5,73
1991-02-27,-17.0,-15.8,80,0.60,325,0.19,3.0,29.4,15.1,66
1991-02-28,-23.5,-18.3,65,0.00,341,0.23,0.0,29.5,25.7,55
1991-03-01,-26.5,-22.6,70,0.00,317,0.16,0.0,19.0,13.6,59
1991-03-02,-23.7,-21.0,77,0.00,255,0.14,0.0,9.2,4.9,70
1991-03-03,-26.1,-21.2,74,0.00,296,0.16,0.0,10.4,8.3,69
1991-03-04,-23.0,-18.1,75,0.00,234,0.19,0.0,21.4,13.7,65
1991-03-05,-30.7,-21.0,61,0.00,329,0.16,0.0,25.7,20.1,53
1991-03-06,-34.2,-30.3,64,0.00,308,0.11,0.0,11.4,9.5,57
1991-03-07,-33.5,-27.5,66,0.00,10,0.12,0.0,8.7,7.0,58
1991-03-08,-29.5,-23.6,66,0.00,309,0.17,0.0,10.8,8.5,59
1991-03-09,-28.1,-23.2,71,0.00,312,0.19,0.0,12.2,9.5,64
1991-03-10,-27.6,-22.2,73,0.00,166,0.20,0.0,8.7,6.7,66
1991-03-11,-22.8,-20.5,70,2.30,39,0.25,9.0,18.6,14.0,63
1991-03-12,-22.7,-18.2,71,0.00,210,0.29,0.0,14.6,8.5,65
1991-03-13,-22.0,-19.0,74,0.00,6,0.27,0.0,14.4,10.9,64
1991-03-14,-20.6,-13.1,74,1.10,96,0.25,6.0,18.7,13.7,66
1991-03-15,-13.7,-11.8,83,3.00,236,0.41,8.0,17.5,11.2,73
1991-03-16,-13.4,-7.2,81,0.00,106,0.41,0.0,16.4,12.2,75
1991-03-17,-8.8,-7.4,83,0.00,293,0.53,0.0,17.7,12.5,77
1991-03-18,-8.7,-5.1,84,0.00,90,0.56,0.0,11.5,8.4,73
1991-03-19,-8.7,-5.6,81,0.00,82,0.59,0.0,18.1,14.0,71
1991-03-20,-8.3,-6.1,82,0.90,85,0.49,5.0,21.1,19.1,77
1991-03-21,-5.6,-4.0,88,0.30,27,0.50,2.0,13.0,7.8,81
1991-03-22,-6.1,-3.7,87,0.30,3,0.48,2.0,10.9,8.7,81
1991-03-23,-11.9,-4.5,78,2.00,335,0.44,9.0,28.7,23.7,66
1991-03-24,-21.1,-16.9,72,0.00,37,0.38,0.0,18.7,8.3,63
1991-03-25,-20.9,-18.7,75,0.00,320,0.36,0.0,10.9,7.4,62
1991-03-26,-20.2,-14.5,74,0.20,123,0.34,2.0,22.9,16.1,63
1991-03-27,-17.6,-14.5,72,1.20,28,0.53,5.0,14.1,10.5,59
1991-03-28,-17.9,-11.7,76,0.00,109,0.45,0.0,19.0,14.6,65
1991-03-29,-9.1,-4.3,81,0.00,127,0.72,0.0,21.0,17.9,72
1991-03-30,-6.6,-4.2,86,0.00,304,0.70,0.0,13.7,8.1,76
1991-03-31,-7.4,-3.0,83,0.00,65,0.87,0.0,13.1,7.8,72
1991-04-01,-2.3,0.8,81,0.90,107,0.96,3.0,24.8,19.9,76
1991-04-02,-5.1,-0.4,78,1.10,283,0.83,6.0,32.1,26.2,69
1991-04-03,-7.8,-4.9,80,0.00,102,0.68,0.0,16.7,11.7,71
1991-04-04,-4.9,-1.0,82,0.00,79,0.94,0.0,17.4,13.9,74
1991-04-05,-2.9,-0.3,87,0.00,64,1.10,0.0,8.4,5.0,74
1991-04-06,-3.0,1.3,84,5.00,96,1.17,11.0,14.0,10.7,72
1991-04-07,-4.5,0.6,86,0.00,101,1.06,0.0,11.7,8.2,77
1991-04-08,-1.9,2.0,88,0.00,133,1.04,0.0,13.1,11.2,81
1991-04-09,-0.9,4.5,84,0.10,102,1.46,1.0,9.9,6.4,58
1991-04-10,-1.5,3.3,86,0.00,25,0.99,0.0,10.8,8.5,69
1991-04-11,-1.9,1.1,84,0.00,153,1.12,0.0,21.4,12.5,70
1991-04-12,1.7,4.4,78,0.00,169,1.67,0.0,27.4,18.0,70
1991-04-13,0.6,4.8,86,0.00,75,0.98,0.0,20.4,13.4,67
1991-04-14,-0.7,0.9,88,5.40,49,0.66,19.0,22.7,20.7,81
1991-04-15,-5.5,-1.4,81,0.10,50,0.79,1.0,19.0,13.5,75
1991-04-16,-9.5,-5.2,77,0.00,96,0.71,0.0,21.9,18.5,69
1991-04-17,-9.9,-5.0,74,0.00,111,0.88,0.0,25.3,23.7,67
1991-04-18,-2.9,1.5,77,0.00,104,1.65,0.0,20.9,13.3,69
1991-04-19,-1.5,1.9,85,0.00,119,1.26,0.0,13.2,7.6,76
1991-04-20,-0.1,1.6,86,4.30,38,1.11,14.0,15.4,13.4,76
1991-04-21,-0.8,1.4,84,0.00,111,0.97,0.0,16.1,11.3,77
1991-04-22,-0.7,0.6,84,0.00,90,1.06,0.0,19.5,17.1,78
1991-04-23,-5.4,-1.2,79,0.00,85,1.10,0.0,20.7,18.8,70
1991-04-24,-8.9,-5.4,76,0.00,69,1.20,0.0,18.3,14.0,65
1991-04-25,-9.8,-6.2,74,0.00,48,0.98,0.0,9.4,7.4,66
1991-04-26,-9.9,-7.3,73,0.00,81,1.04,0.0,11.6,7.2,60
1991-04-27,-9.2,-4.3,72,0.00,344,1.44,0.0,8.7,6.4,60
1991-04-28,-6.9,-1.6,73,0.00,68,1.68,0.0,9.2,6.1,60
1991-04-29,-5.3,-0.8,78,0.00,95,1.75,0.0,10.5,7.1,66
1991-04-30,-3.8,-0.2,81,0.00,112,1.73,0.0,10.9,7.9,68
1991-05-01,-3.0,0.5,82,0.00,111,1.63,0.0,12.6,10.4,70
1991-05-02,-0.7,3.9,80,0.00,100,1.98,0.0,17.7,14.7,65
1991-05-03,-0.1,4.6,81,0.00,84,2.09,0.0,14.6,12.5,62
1991-05-04,1.6,8.2,75,0.00,112,2.38,0.0,14.8,13.4,52
1991-05-05,4.8,9.1,65,0.00,142,2.83,0.0,17.9,15.2,51
1991-05-06,4.8,9.7,65,0.00,121,2.96,0.0,16.5,13.5,48
1991-05-07,5.2,10.8,67,0.00,123,2.98,0.0,14.6,12.7,48
1991-05-08,6.6,11.6,63,0.00,119,3.13,0.0,16.4,13.8,52
1991-05-09,8.0,13.3,62,0.00,132,3.40,0.0,15.8,12.4,45
1991-05-10,8.6,12.9,63,0.00,146,3.30,0.0,20.4,15.6,47
1991-05-11,11.0,15.2,60,0.00,229,3.66,0.0,17.9,12.1,41
1991-05-12,10.5,16.6,66,0.00,166,3.45,0.0,11.5,8.3,41
1991-05-13,7.9,16.6,71,0.00,50,2.67,0.0,24.2,17.6,43
1991-05-14,6.7,14.0,72,0.00,76,3.01,0.0,25.3,21.9,55
1991-05-15,9.0,14.2,65,0.00,103,3.43,0.0,23.5,19.3,49
1991-05-16,9.4,14.4,69,0.00,119,2.99,0.0,18.4,14.7,50
1991-05-17,9.6,16.8,71,0.00,146,3.36,0.0,12.8,10.2,48
1991-05-18,11.6,16.9,75,4.60,127,1.98,5.0,12.1,8.9,47
1991-05-19,9.6,14.7,93,1.90,159,2.10,5.0,14.0,6.8,70
1991-05-20,7.8,14.3,82,5.80,96,2.54,13.0,23.8,19.1,63
1991-05-21,5.5,11.6,91,14.80,355,1.04,11.0,20.9,16.2,65
1991-05-22,3.2,4.6,89,2.20,12,0.80,12.0,21.1,13.4,75
1991-05-23,2.7,7.0,77,1.80,345,1.59,7.0,20.3,15.1,54
1991-05-24,3.5,6.9,69,0.60,308,1.92,3.0,18.4,7.4,54
1991-05-25,3.1,5.5,88,1.60,245,1.43,5.0,8.0,5.1,71
1991-05-26,4.3,8.9,74,0.90,108,2.08,3.0,14.0,9.5,58
1991-05-27,5.5,8.5,68,0.00,314,2.67,0.0,15.5,10.7,47
1991-05-28,7.5,14.5,64,0.00,169,3.65,0.0,17.4,11.7,53
1991-05-29,11.5,16.0,68,0.00,111,3.63,0.0,22.9,13.1,59
1991-05-30,1.8,10.7,58,0.00,73,2.99,0.0,26.9,23.6,41
1991-05-31,4.6,12.6,62,0.60,115,3.06,3.0,26.6,23.9,43
1991-06-01,8.5,12.8,68,0.10,181,3.56,1.0,23.1,19.7,46
1991-06-02,7.0,11.4,72,0.70,276,2.37,3.0,20.1,15.0,43
1991-06-03,8.0,15.2,57,0.00,181,3.96,0.0,15.5,9.1,38
1991-06-04,10.8,15.5,63,2.10,43,2.25,6.0,24.7,14.8,38
1991-06-05,7.9,9.7,93,6.00,133,1.31,14.0,21.9,12.2,82
1991-06-06,7.9,13.7,75,0.20,271,3.27,1.0,26.7,15.3,46
1991-06-07,13.3,19.5,64,0.20,115,3.86,1.0,16.3,12.3,44
1991-06-08,13.6,20.4,82,15.50,92,1.74,12.0,21.5,18.7,55
1991-06-09,7.1,10.3,95,6.20,282,0.90,16.0,22.1,16.3,66
1991-06-10,9.4,17.2,69,0.00,126,3.84,0.0,19.8,12.8,43
1991-06-11,13.3,18.1,62,0.20,109,4.25,2.0,23.7,17.8,45
1991-06-12,13.0,17.7,91,11.10,65,1.49,15.0,19.3,12.3,63
1991-06-13,14.5,17.9,61,0.00,43,4.41,0.0,27.2,21.3,43
1991-06-14,13.3,16.2,69,0.00,54,2.91,0.0,23.8,20.6,52
1991-06-15,12.5,15.4,68,0.00,58,2.76,0.0,20.7,15.8,57
1991-06-16,11.7,14.1,76,0.00,43,1.83,0.0,12.9,11.1,59
1991-06-17,13.1,16.1,76,0.90,83,3.12,2.0,11.4,8.1,59
1991-06-18,13.8,17.6,65,0.00,117,4.33,0.0,10.0,6.7,46
1991-06-19,13.1,17.4,63,0.00,186,3.68,0.0,13.8,7.6,46
1991-06-20,14.2,18.2,69,0.00,20,3.86,0.0,9.6,7.1,46
1991-06-21,14.3,19.0,69,0.00,179,3.88,0.0,9.2,4.1,43
1991-06-22,15.4,18.9,66,0.00,215,4.20,0.0,11.1,7.1,44
1991-06-23,15.3,18.7,62,0.00,302,4.53,0.0,21.3,13.8,44
1991-06-24,10.4,15.1,58,0.00,130,4.19,0.0,19.9,14.5,44
1991-06-25,11.7,13.3,73,12.30,85,2.75,12.0,18.1,13.9,47
1991-06-26,11.8,17.0,64,1.00,57,4.11,5.0,16.4,12.1,38
1991-06-27,14.0,17.0,57,0.40,135,4.23,1.0,11.4,6.1,38
1991-06-28,14.2,18.7,63,0.00,151,4.01,0.0,17.0,14.0,48
1991-06-29,16.8,22.1,69,0.10,355,4.42,1.0,14.4,10.5,50
1991-06-30,17.8,22.3,66,3.20,358,4.78,7.0,16.7,11.9,42
1991-07-01,18.9,22.2,59,0.00,339,4.42,0.0,10.0,5.3,40
1991-07-02,18.3,22.4,63,0.00,128,4.25,0.0,11.5,7.5,38
1991-07-03,19.2,24.3,67,0.90,49,4.28,1.0,12.4,7.1,45
1991-07-04,18.3,21.9,59,0.40,36,5.02,1.0,16.0,12.3,36
1991-07-05,15.0,20.9,65,6.60,337,2.77,5.0,25.8,11.7,35
1991-07-06,9.2,12.0,52,0.40,345,3.62,3.0,26.7,19.8,39
1991-07-07,9.5,12.3,56,1.70,318,3.05,8.0,20.1,12.4,40
1991-07-08,12.4,16.6,56,0.30,304,3.92,2.0,32.4,20.4,41
1991-07-09,10.2,14.8,69,0.70,331,2.98,3.0,22.3,18.8,54
1991-07-10,10.8,14.4,74,2.40,291,2.34,9.0,24.6,18.2,53
1991-07-11,13.7,18.0,66,0.90,165,3.39,2.0,16.6,11.2,49
1991-07-12,15.6,20.8,73,1.10,51,3.44,4.0,15.2,10.0,49
1991-07-13,18.1,22.4,69,0.00,101,4.16,0.0,12.8,9.3,49
1991-07-14,19.3,23.7,76,0.60,70,4.07,3.0,25.2,15.3,54
1991-07-15,18.0,22.2,59,0.20,43,5.09,1.0,25.8,17.3,36
1991-07-16,16.7,20.6,63,0.00,171,4.48,0.0,14.8,9.9,39
1991-07-17,18.2,22.0,64,0.00,140,4.52,0.0,17.6,14.1,41
1991-07-18,17.6,21.3,69,0.00,106,3.97,0.0,21.7,16.8,45
1991-07-19,16.8,20.2,56,0.00,111,4.52,0.0,20.1,17.8,42
1991-07-20,17.6,21.8,55,0.00,128,4.70,0.0,15.3,12.0,32
1991-07-21,18.9,23.1,52,0.00,299,4.43,0.0,11.3,6.4,32
1991-07-22,19.8,23.9,57,0.00,288,4.85,0.0,16.3,12.4,37
1991-07-23,21.4,24.5,54,0.00,209,5.21,0.0,18.1,12.9,36
1991-07-24,22.6,27.0,58,0.00,187,5.42,0.0,17.1,10.6,39
1991-07-25,23.2,28.3,57,0.00,159,6.06,0.0,24.3,16.6,35
1991-07-26,24.2,28.4,50,0.00,156,6.71,0.0,24.8,19.7,35
1991-07-27,20.7,28.2,63,0.40,181,5.05,2.0,26.0,22.5,38
1991-07-28,19.9,22.8,61,0.20,190,4.96,1.0,21.2,15.6,37
1991-07-29,16.9,22.4,65,3.90,244,3.45,7.0,20.6,12.4,38
1991-07-30,16.3,19.5,64,2.30,293,3.53,2.0,12.2,7.2,47
1991-07-31,16.3,19.6,75,4.30,329,3.09,6.0,16.5,11.3,58
1991-08-01,17.3,21.1,74,2.60,136,3.46,3.0,15.5,9.2,48
1991-08-02,19.5,23.1,66,0.00,163,4.43,0.0,24.0,17.9,47
1991-08-03,21.0,24.7,64,0.00,174,4.90,0.0,19.9,14.8,44
1991-08-04,22.8,27.3,58,0.00,182,5.60,0.0,18.9,16.9,40
1991-08-05,22.9,27.0,51,0.40,332,5.09,2.0,18.8,11.9,41
1991-08-06,19.1,24.5,62,1.60,268,3.71,3.0,18.4,9.4,41
1991-08-07,19.4,22.0,62,0.00,182,4.48,0.0,21.4,14.9,37
1991-08-08,20.3,23.7,64,1.20,136,3.99,3.0,16.4,13.5,35
1991-08-09,23.4,26.6,62,0.00,193,5.33,0.0,27.0,19.4,28
1991-08-10,21.5,26.2,51,0.00,214,5.29,0.0,24.6,17.0,31
1991-08-11,20.2,25.2,68,0.00,190,4.48,0.0,20.8,14.0,33
1991-08-12,22.1,26.1,54,0.00,267,4.77,0.0,17.1,11.5,34
1991-08-13,22.7,26.7,57,0.00,223,3.83,0.0,12.7,8.2,35
1991-08-14,21.1,25.9,57,0.00,17,4.33,0.0,17.4,10.2,37
1991-08-15,19.8,22.6,70,5.90,255,4.01,5.0,28.8,19.3,48
1991-08-16,17.0,21.3,67,0.00,329,3.69,0.0,29.8,16.7,50
1991-08-17,18.3,22.3,68,0.00,232,3.68,0.0,13.7,10.2,47
1991-08-18,22.0,27.4,60,0.00,207,5.02,0.0,23.5,19.4,38
1991-08-19,13.0,24.9,67,3.30,338,2.42,4.0,28.0,19.8,47
1991-08-20,9.5,11.7,51,0.00,2,2.41,0.0,13.3,9.1,39
1991-08-21,10.5,13.1,52,0.00,326,2.52,0.0,11.2,8.9,36
1991-08-22,12.2,16.3,56,0.00,241,2.86,0.0,12.5,9.2,36
1991-08-23,14.5,17.7,63,0.00,197,2.93,0.0,14.3,8.1,40
1991-08-24,14.5,18.1,66,0.30,198,2.83,1.0,14.0,6.9,43
1991-08-25,9.6,17.6,68,2.20,334,2.09,5.0,19.7,14.6,44
1991-08-26,7.0,10.0,58,0.20,357,2.38,2.0,21.3,15.9,35
1991-08-27,6.1,9.5,58,0.00,13,2.28,0.0,20.5,11.7,38
1991-08-28,8.7,10.4,60,1.10,72,2.17,3.0,25.8,20.2,45
1991-08-29,8.1,10.2,84,7.40,67,0.91,17.0,24.5,21.3,62
1991-08-30,9.3,11.9,86,2.70,87,0.84,5.0,21.7,14.5,79
1991-08-31,10.4,11.5,90,0.90,213,0.93,3.0,23.9,15.5,76
1991-09-01,10.3,13.0,79,0.00,286,1.64,0.0,18.4,11.0,55
1991-09-02,10.2,12.4,77,1.10,284,1.61,4.0,27.6,13.5,59
1991-09-03,7.6,9.9,76,2.20,328,1.80,5.0,32.4,22.9,54
1991-09-04,6.9,9.4,65,0.00,333,1.67,0.0,16.1,8.4,46
1991-09-05,7.8,10.0,73,0.00,319,1.57,0.0,28.2,12.9,49
1991-09-06,3.8,6.8,65,0.00,5,1.91,0.0,26.8,11.0,48
1991-09-07,7.0,10.1,64,0.00,125,1.80,0.0,19.7,13.9,50
1991-09-08,7.5,9.4,79,1.30,55,1.08,9.0,10.8,7.3,60
1991-09-09,8.2,11.5,81,0.50,136,1.03,3.0,22.2,11.4,71
1991-09-10,10.7,13.1,87,4.40,111,1.15,16.0,18.7,12.7,70
1991-09-11,9.8,13.2,84,0.70,91,1.24,6.0,16.5,10.8,68
1991-09-12,9.3,11.7,90,3.40,98,0.89,12.0,22.2,18.5,79
1991-09-13,9.1,11.0,84,0.00,57,1.12,0.0,21.4,18.9,74
1991-09-14,7.8,9.6,80,0.40,24,1.09,4.0,20.4,16.4,64
1991-09-15,6.5,8.9,68,0.00,20,1.32,0.0,9.4,5.7,51
1991-09-16,4.0,8.7,66,0.00,7,1.44,0.0,27.9,16.8,51
1991-09-17,3.3,7.5,70,0.00,141,1.42,0.0,23.6,12.6,53
1991-09-18,8.2,11.5,67,0.00,161,2.18,0.0,29.1,26.6,58
1991-09-19,10.1,13.1,85,2.60,172,1.26,4.0,26.9,13.9,64
1991-09-20,7.5,10.6,93,9.80,314,0.54,16.0,25.7,19.4,76
1991-09-21,6.4,10.2,74,0.00,314,1.47,0.0,24.3,15.9,58
1991-09-22,7.7,10.8,79,0.00,268,1.37,0.0,12.6,6.6,62
1991-09-23,5.5,9.7,89,0.40,97,0.83,1.0,22.3,9.6,74
1991-09-24,7.7,9.0,88,3.40,304,0.71,6.0,24.8,17.0,70
1991-09-25,7.9,10.6,84,0.50,180,1.10,2.0,18.2,10.7,71
1991-09-26,6.7,9.9,84,0.00,53,0.89,0.0,10.7,6.1,65
1991-09-27,7.2,9.5,79,0.00,126,1.17,0.0,27.6,21.0,67
1991-09-28,7.7,8.9,83,7.80,130,0.86,8.0,26.3,21.7,70
1991-09-29,6.1,7.8,89,3.70,304,0.77,11.0,30.6,24.2,62
1991-09-30,3.4,6.3,77,0.00,321,0.89,0.0,22.6,11.5,63
1991-10-01,0.2,2.9,66,0.00,336,1.06,0.0,24.1,20.4,63
1991-10-02,0.6,3.1,71,0.00,331,0.99,0.0,22.5,19.5,62
1991-10-03,1.9,4.5,79,0.00,353,0.75,0.0,18.1,14.0,64
1991-10-04,3.2,4.9,81,0.00,156,0.76,0.0,27.4,14.1,70
1991-10-05,4.6,5.9,81,0.50,149,0.74,3.0,24.6,21.4,74
1991-10-06,3.9,6.2,91,0.00,79,0.45,0.0,16.2,10.0,82
1991-10-07,6.2,8.3,88,3.80,117,0.67,11.0,33.0,24.2,77
1991-10-08,4.2,5.5,94,5.60,317,0.36,16.0,23.9,17.8,81
1991-10-09,3.5,4.5,89,3.90,165,0.31,6.0,25.4,13.2,82
1991-10-10,2.7,3.8,91,0.00,302,0.39,0.0,17.9,11.3,81
1991-10-11,2.8,4.0,93,2.80,20,0.33,6.0,11.3,9.0,83
1991-10-12,1.7,3.6,87,0.70,25,0.42,6.0,27.4,19.5,71
1991-10-13,-2.0,-0.9,69,0.00,57,0.74,0.0,23.8,16.4,61
1991-10-14,-4.0,-3.0,65,1.20,103,0.88,7.0,30.7,25.6,61
1991-10-15,-4.6,-3.9,79,13.80,103,0.57,24.0,35.0,32.0,66
1991-10-16,-9.7,-5.6,79,1.30,28,0.36,5.0,26.4,19.5,73
1991-10-17,-9.9,-8.3,75,0.00,325,0.40,0.0,19.2,16.2,69
1991-10-18,-9.1,-8.3,79,0.00,316,0.32,0.0,16.7,12.7,71
1991-10-19,-9.0,-3.9,79,0.00,87,0.29,0.0,20.1,10.8,76
1991-10-20,-3.9,-2.9,84,0.30,98,0.35,3.0,20.1,14.4,79
1991-10-21,-5.9,-3.7,85,0.00,13,0.24,0.0,12.8,10.1,81
1991-10-22,-10.8,-5.6,83,0.00,322,0.24,0.0,20.3,10.8,78
1991-10-23,-6.5,-3.5,81,0.00,187,0.25,0.0,12.0,8.2,79
1991-10-24,-7.7,-4.4,87,0.00,295,0.19,0.0,13.0,9.6,81
1991-10-25,-12.3,-7.8,83,0.00,325,0.17,0.0,12.6,11.2,78
1991-10-26,-11.3,-6.1,83,0.60,26,0.19,6.0,18.8,11.8,81
1991-10-27,-9.3,-6.8,81,0.50,5,0.29,5.0,20.6,18.8,78
1991-10-28,-15.9,-12.1,80,0.00,319,0.19,0.0,20.5,18.4,75
1991-10-29,-17.1,-15.1,78,0.00,325,0.20,0.0,20.7,17.4,74
1991-10-30,-20.7,-17.9,77,0.00,21,0.12,0.0,14.9,9.5,71
1991-10-31,-19.0,-13.1,77,0.00,317,0.17,0.0,18.1,15.4,71
1991-11-01,-12.4,-11.7,84,0.00,300,0.17,0.0,16.9,14.6,81
1991-11-02,-14.0,-7.3,84,0.00,115,0.15,0.0,17.1,9.9,78
1991-11-03,-9.0,-8.1,82,0.00,110,0.23,0.0,20.0,15.5,80
1991-11-04,-13.2,-9.3,81,0.00,17,0.13,0.0,19.8,13.0,71
1991-11-05,-20.8,-16.8,76,0.00,309,0.14,0.0,18.4,14.4,73
1991-11-06,-17.2,-12.6,81,0.00,228,0.10,0.0,11.2,8.1,77
1991-11-07,-15.4,-13.6,79,0.00,306,0.16,0.0,20.2,16.3,77
1991-11-08,-19.5,-16.6,80,0.00,307,0.09,0.0,13.9,10.7,78
1991-11-09,-16.7,-10.4,83,0.00,152,0.11,0.0,17.5,11.2,80
1991-11-10,-11.1,-9.9,84,0.00,37,0.08,0.0,10.8,8.8,78
1991-11-11,-11.7,-9.2,85,0.00,95,0.10,0.0,19.5,9.9,83
1991-11-12,-10.5,-9.6,83,2.70,46,0.17,13.0,21.8,17.5,80
1991-11-13,-13.9,-12.5,82,0.00,319,0.11,0.0,15.8,13.6,81
1991-11-14,-19.8,-16.1,78,0.00,334,0.09,0.0,15.1,11.9,76
1991-11-15,-20.9,-10.9,80,2.20,113,0.13,6.0,31.3,19.8,76
1991-11-16,-12.0,-4.2,81,4.60,265,0.16,9.0,26.9,22.5,69
1991-11-17,-22.8,-21.3,73,0.00,1,0.09,0.0,17.3,12.5,69
1991-11-18,-22.6,-20.1,73,0.00,83,0.13,0.0,19.2,16.7,72
1991-11-19,-18.9,-17.9,78,0.00,100,0.12,0.0,19.9,16.2,75
1991-11-20,-16.8,-14.9,74,0.10,102,0.23,1.0,25.8,23.5,70
1991-11-21,-13.9,-13.3,78,1.10,95,0.19,7.0,21.8,17.3,73
1991-11-22,-15.6,-13.7,80,0.00,106,0.11,0.0,15.0,12.4,77
1991-11-23,-13.0,-10.4,86,0.00,136,0.11,0.0,23.3,19.0,84
1991-11-24,-8.4,-7.3,87,0.00,141,0.12,0.0,23.2,15.3,84
1991-11-25,-11.3,-8.5,85,1.00,346,0.07,4.0,15.9,12.7,76
1991-11-26,-20.4,-16.3,76,0.00,87,0.10,0.0,15.5,13.2,75
1991-11-27,-18.5,-16.1,82,0.40,85,0.06,4.0,12.4,10.1,78
1991-11-28,-18.7,-16.9,80,0.00,355,0.07,0.0,19.8,13.2,73
1991-11-29,-23.7,-22.5,74,0.00,301,0.11,0.0,24.4,18.3,69
1991-11-30,-27.1,-24.1,71,0.00,329,0.08,0.0,22.0,17.0,65
1991-12-01,-33.1,-31.9,70,0.00,105,0.04,0.0,15.8,10.7,68
1991-12-02,-33.6,-32.5,70,0.00,318,0.04,0.0,15.5,11.8,68
1991-12-03,-34.9,-32.9,74,0.00,303,0.02,0.0,10.9,8.8,73
1991-12-04,-36.5,-32.7,73,0.00,87,0.01,0.0,7.9,6.2,71
1991-12-05,-38.5,-37.5,70,0.00,58,0.01,0.0,9.7,6.8,68
1991-12-06,-31.2,-27.0,69,0.00,55,0.05,0.0,12.4,10.1,68
1991-12-07,-26.1,-25.2,72,0.00,36,0.03,0.0,8.9,6.4,70
1991-12-08,-29.3,-25.2,73,0.00,15,0.01,0.0,8.9,5.4,70
1991-12-09,-29.4,-26.1,76,0.00,104,0.05,0.0,21.0,15.0,73
1991-12-10,-28.4,-25.8,73,0.60,45,0.02,6.0,8.6,5.9,71
1991-12-11,-28.2,-25.6,73,0.00,43,0.02,0.0,8.1,6.4,71
1991-12-12,-32.7,-29.7,73,0.00,64,0.02,0.0,10.0,7.3,72
1991-12-13,-32.4,-31.4,70,0.00,143,0.01,0.0,7.8,4.4,66
1991-12-14,-31.6,-29.0,75,0.00,115,0.02,0.0,19.8,9.3,74
1991-12-15,-23.2,-17.6,78,1.80,132,0.10,4.0,24.3,21.9,75
1991-12-16,-21.3,-17.1,76,1.00,315,0.11,4.0,30.9,18.2,72
1991-12-17,-20.9,-13.7,77,0.00,163,0.12,0.0,27.6,19.9,70
1991-12-18,-19.5,-14.2,80,0.00,15,0.04,0.0,16.2,10.9,75
1991-12-19,-14.4,-11.2,74,0.90,114,0.24,3.0,24.2,20.5,69
1991-12-20,-19.7,-11.4,77,1.80,300,0.11,5.0,27.6,18.6,71
1991-12-21,-24.9,-23.0,71,1.50,59,0.09,9.0,23.4,15.3,69
1991-12-22,-25.8,-24.0,74,1.20,93,0.03,8.0,13.7,7.8,71
1991-12-23,-20.8,-18.3,78,3.50,138,0.10,8.0,28.3,19.2,75
1991-12-24,-23.1,-19.8,75,0.00,87,0.09,0.0,22.0,15.2,72
1991-12-25,-16.2,-11.1,82,0.00,124,0.11,0.0,22.0,17.8,72
1991-12-26,-11.1,-8.8,89,0.00,201,0.03,0.0,20.9,10.9,84
1991-12-27,-13.2,-9.2,88,0.60,76,0.03,3.0,10.6,7.5,86
1991-12-28,-8.7,-7.6,88,0.00,105,0.05,0.0,22.5,12.1,87
1991-12-29,-5.7,-4.0,92,0.00,169,0.03,0.0,24.2,16.8,90
1991-12-30,-13.1,-8.4,86,0.00,59,0.03,0.0,14.6,10.2,82
1991-12-31,-9.4,-8.5,91,0.00,151,0.04,0.0,22.0,18.7,90
1992-01-01,-7.9,-6.2,90,0.00,186,0.03,0.0,22.0,14.9,88
1992-01-02,-9.2,-6.7,92,0.80,123,0.03,3.0,18.9,12.8,89
1992-01-03,-9.8,-7.3,88,1.10,271,0.06,5.0,20.6,14.5,84
1992-01-04,-18.0,-14.1,82,0.00,307,0.05,0.0,15.5,11.3,81
1992-01-05,-24.1,-21.7,79,0.00,93,0.02,0.0,13.1,8.0,77
1992-01-06,-21.4,-19.0,79,0.00,141,0.09,0.0,20.0,17.1,78
1992-01-07,-21.0,-18.7,81,0.00,300,0.01,0.0,8.9,4.6,79
1992-01-08,-23.4,-21.3,80,0.00,83,0.03,0.0,10.8,8.5,79
1992-01-09,-21.1,-18.7,78,0.10,94,0.11,1.0,23.3,18.1,76
1992-01-10,-17.4,-15.5,83,2.70,97,0.05,8.0,20.7,10.8,78
1992-01-11,-20.1,-19.1,79,0.00,324,0.07,0.0,13.2,12.3,76
1992-01-12,-30.7,-23.3,73,0.00,349,0.03,0.0,10.6,8.6,71
1992-01-13,-37.0,-33.5,70,0.00,45,0.02,0.0,13.2,9.0,68
1992-01-14,-37.3,-30.0,69,0.00,136,0.03,0.0,23.1,10.8,61
1992-01-15,-25.2,-23.3,72,2.70,332,0.10,13.0,25.1,18.2,66
1992-01-16,-29.5,-25.2,69,0.00,331,0.08,0.0,23.5,17.2,68
1992-01-17,-36.8,-34.2,71,0.00,84,0.02,0.0,15.5,8.6,69
1992-01-18,-30.1,-26.5,72,0.70,110,0.08,5.0,21.1,18.4,71
1992-01-19,-25.0,-21.2,75,1.90,97,0.09,5.0,22.0,15.7,74
1992-01-20,-20.3,-19.8,80,4.00,79,0.06,5.0,20.3,10.7,78
1992-01-21,-23.4,-21.3,79,0.00,336,0.04,0.0,13.1,8.2,74
1992-01-22,-26.0,-23.8,73,0.00,336,0.07,0.0,13.2,11.7,71
1992-01-23,-32.7,-28.7,72,0.00,328,0.03,0.0,12.2,8.2,70
1992-01-24,-36.8,-35.5,71,0.00,335,0.03,0.0,11.8,9.8,70
1992-01-25,-39.1,-37.7,70,0.00,332,0.02,0.0,11.0,7.5,67
1992-01-26,-34.7,-28.1,71,0.00,114,0.05,0.0,20.0,14.3,69
1992-01-27,-23.8,-20.9,76,3.70,49,0.08,17.0,15.6,10.4,74
1992-01-28,-24.4,-21.5,76,0.00,71,0.06,0.0,16.6,10.2,73
1992-01-29,-21.6,-19.1,77,1.30,106,0.09,8.0,16.8,10.4,75
1992-01-30,-16.5,-9.0,84,1.40,131,0.12,4.0,25.2,19.5,79
1992-01-31,-14.8,-9.1,81,3.60,309,0.11,7.0,18.9,13.0,72
1992-02-01,-23.7,-21.3,77,0.00,328,0.06,0.0,9.9,8.3,75
1992-02-02,-22.2,-21.2,78,0.00,62,0.06,0.0,10.2,7.4,75
1992-02-03,-17.7,-11.8,82,3.70,124,0.14,6.0,30.0,20.7,79
1992-02-04,-16.8,-12.5,86,0.00,310,0.07,0.0,14.4,7.6,83
1992-02-05,-19.9,-16.6,78,0.00,328,0.11,0.0,14.7,13.3,70
1992-02-06,-27.3,-23.6,72,0.00,358,0.07,0.0,12.9,7.5,66
1992-02-07,-26.6,-24.6,74,0.30,47,0.05,3.0,10.8,6.5,70
1992-02-08,-26.0,-24.9,73,0.00,79,0.10,0.0,17.1,15.3,70
1992-02-09,-29.5,-25.4,69,0.00,31,0.08,0.0,15.5,11.5,65
1992-02-10,-34.2,-32.0,71,0.00,221,0.04,0.0,14.1,7.8,68
1992-02-11,-30.5,-25.9,73,0.00,201,0.08,0.0,16.3,12.8,70
1992-02-12,-29.4,-25.8,77,0.00,305,0.07,0.0,13.1,9.9,69
1992-02-13,-30.6,-26.5,72,0.00,88,0.07,0.0,11.3,8.7,64
1992-02-14,-28.7,-26.2,69,0.00,84,0.09,0.0,10.7,8.4,63
1992-02-15,-25.8,-23.0,71,0.80,65,0.11,5.0,11.6,8.6,67
1992-02-16,-29.0,-25.0,73,0.00,2,0.07,0.0,8.1,6.6,66
1992-02-17,-29.4,-25.3,70,0.00,46,0.09,0.0,12.3,10.3,65
1992-02-18,-26.5,-25.4,71,0.00,12,0.11,0.0,11.4,9.7,66
1992-02-19,-30.9,-27.4,70,0.00,344,0.08,0.0,13.8,11.5,65
1992-02-20,-33.1,-30.1,69,0.00,338,0.07,0.0,11.7,9.2,66
1992-02-21,-33.9,-30.6,69,0.00,334,0.07,0.0,8.9,6.3,63
1992-02-22,-32.3,-25.5,71,0.00,98,0.09,0.0,14.5,10.2,65
1992-02-23,-25.9,-21.9,75,0.00,112,0.14,0.0,15.0,13.7,74
1992-02-24,-19.4,-14.4,80,0.00,136,0.21,0.0,17.3,15.5,78
1992-02-25,-16.5,-12.7,78,1.10,326,0.19,4.0,22.7,12.8,73
1992-02-26,-16.1,-14.2,78,0.00,61,0.19,0.0,12.2,7.3,73
1992-02-27,-15.2,-14.5,79,0.00,83,0.25,0.0,17.8,14.2,72
1992-02-28,-15.9,-10.2,81,0.00,104,0.22,0.0,19.1,13.4,75
1992-02-29,-10.0,-8.3,88,0.00,82,0.22,0.0,14.8,11.4,83
1992-03-01,-10.5,-8.6,80,0.00,306,0.39,0.0,21.8,17.7,70
1992-03-02,-12.7,-8.7,79,0.00,125,0.34,0.0,25.3,15.6,75
1992-03-03,-13.1,-9.5,78,0.00,286,0.31,0.0,23.5,17.0,66
1992-03-04,-21.3,-16.7,73,0.00,22,0.19,0.0,14.4,8.7,65
1992-03-05,-20.3,-17.8,72,3.80,341,0.23,9.0,27.7,19.3,65
1992-03-06,-25.0,-22.7,70,0.00,297,0.20,0.0,17.8,6.5,61
1992-03-07,-25.0,-21.5,68,0.00,34,0.22,0.0,9.5,6.5,58
1992-03-08,-26.0,-21.6,67,0.00,73,0.17,0.0,10.1,5.7,56
1992-03-09,-21.8,-14.9,74,3.00,115,0.22,13.0,28.8,22.3,67
1992-03-10,-17.0,-13.5,80,0.40,18,0.30,2.0,14.9,8.6,71
1992-03-11,-14.5,-8.0,80,0.00,116,0.34,0.0,25.7,18.9,75
1992-03-12,-7.6,-4.9,86,0.00,285,0.42,0.0,24.0,15.9,78
1992-03-13,-9.2,-5.1,83,0.00,337,0.41,0.0,19.1,12.8,77
1992-03-14,-12.0,-9.8,82,3.50,111,0.28,8.0,27.2,18.7,78
1992-03-15,-14.0,-9.5,78,1.40,1,0.33,9.0,14.7,12.0,66
1992-03-16,-19.9,-15.6,71,0.00,10,0.39,0.0,12.2,6.6,52
1992-03-17,-22.3,-17.2,70,0.00,92,0.35,0.0,11.9,9.1,60
1992-03-18,-22.1,-15.9,73,0.00,69,0.38,0.0,9.4,7.1,64
1992-03-19,-18.5,-12.2,68,0.00,107,0.48,0.0,17.8,14.2,60
1992-03-20,-11.3,-5.8,77,0.00,128,0.63,0.0,17.8,15.3,63
1992-03-21,-8.4,-3.3,84,0.00,91,0.69,0.0,8.7,6.3,75
1992-03-22,-6.7,-2.0,90,0.00,114,0.62,0.0,12.4,9.9,83
1992-03-23,-7.1,-2.1,82,5.70,342,0.55,16.0,31.0,22.9,72
1992-03-24,-12.3,-9.0,81,0.00,84,0.46,0.0,20.8,12.5,75
1992-03-25,-10.7,-7.4,77,0.00,116,0.64,0.0,22.3,20.6,69
1992-03-26,-7.7,-3.6,81,0.00,117,0.90,0.0,18.2,12.3,70
1992-03-27,-8.5,-3.2,88,0.00,123,0.78,0.0,6.1,3.9,78
1992-03-28,-7.0,-3.7,88,0.00,356,0.47,0.0,24.3,14.3,76
1992-03-29,-10.7,-6.6,76,0.00,334,0.61,0.0,24.7,22.3,70
1992-03-30,-14.1,-10.8,75,0.00,24,0.59,0.0,17.6,10.3,66
1992-03-31,-9.3,-4.5,77,0.20,121,0.87,2.0,23.4,17.7,70
1992-04-01,-7.1,-2.3,84,0.00,88,0.90,0.0,9.7,8.1,77
1992-04-02,-6.3,-2.8,86,0.00,72,0.72,0.0,16.6,14.4,79
1992-04-03,-6.3,-3.7,85,11.70,85,0.45,10.0,37.1,27.8,82
1992-04-04,-5.2,-3.4,80,3.00,169,0.71,13.0,36.6,17.5,68
1992-04-05,-10.2,-6.0,72,0.10,277,0.73,1.0,22.1,18.1,61
1992-04-06,-14.5,-10.3,74,0.00,305,0.73,0.0,18.7,9.5,61
1992-04-07,-16.2,-11.8,74,0.00,46,0.65,0.0,12.4,6.7,61
1992-04-08,-16.5,-13.3,73,0.00,324,0.57,0.0,17.9,15.8,57
1992-04-09,-19.6,-15.1,70,0.00,320,0.54,0.0,15.8,9.5,57
1992-04-10,-20.9,-16.8,70,0.00,339,0.52,0.0,11.5,8.2,58
1992-04-11,-19.2,-14.3,70,0.00,126,0.58,0.0,16.1,8.7,60
1992-04-12,-13.1,-6.8,68,0.00,128,0.86,0.0,22.4,20.6,62
1992-04-13,-9.4,-4.8,76,0.00,46,1.08,0.0,17.3,10.4,65
1992-04-14,-10.5,-5.6,77,0.00,357,0.95,0.0,19.7,14.9,66
1992-04-15,-10.6,-7.0,78,0.00,80,0.87,0.0,16.6,14.5,69
1992-04-16,-9.5,-7.0,81,0.00,71,0.80,0.0,22.9,18.9,77
1992-04-17,-10.5,-7.7,78,0.00,68,0.70,0.0,28.0,25.3,72
1992-04-18,-14.0,-10.9,69,0.00,79,0.81,0.0,26.9,21.0,58
1992-04-19,-10.5,-5.7,75,2.30,102,0.89,10.0,19.1,17.5,62
1992-04-20,-4.9,1.7,80,0.00,107,1.28,0.0,20.2,18.1,71
1992-04-21,1.3,4.4,83,1.20,136,1.52,3.0,21.2,19.2,74
1992-04-22,0.8,4.3,81,0.00,258,1.56,0.0,17.0,12.9,67
1992-04-23,-1.8,2.1,79,0.00,351,1.70,0.0,12.3,7.9,66
1992-04-24,-1.8,2.2,81,0.00,108,1.63,0.0,12.2,8.8,69
1992-04-25,0.4,4.3,83,0.00,139,1.63,0.0,18.0,15.8,71
1992-04-26,3.2,5.9,82,0.00,115,1.92,0.0,19.6,12.7,72
1992-04-27,0.9,4.8,86,0.00,39,1.26,0.0,16.4,15.0,75
1992-04-28,-3.5,0.0,80,0.00,80,1.22,0.0,15.8,11.5,69
1992-04-29,-2.2,4.2,83,0.00,116,1.64,0.0,12.6,10.9,70
1992-04-30,1.6,5.1,83,0.00,84,1.96,0.0,14.3,9.0,73
1992-05-01,1.2,4.3,88,0.00,72,1.15,0.0,21.7,18.7,80
1992-05-02,1.6,4.2,91,0.80,122,1.19,6.0,17.0,11.9,76
1992-05-03,2.1,7.2,86,0.00,156,1.99,0.0,15.0,9.9,64
1992-05-04,5.2,9.6,75,0.00,155,2.29,0.0,18.3,15.3,66
1992-05-05,1.7,10.1,74,0.00,333,1.80,0.0,22.7,15.1,59
1992-05-06,-0.9,1.9,76,0.00,46,1.49,0.0,5.6,4.1,60
1992-05-07,-1.2,1.7,72,0.00,133,1.87,0.0,13.4,8.5,60
1992-05-08,1.6,7.8,72,0.00,129,2.28,0.0,19.9,16.6,53
1992-05-09,3.4,7.6,85,1.50,98,1.11,9.0,16.3,12.7,56
1992-05-10,2.7,4.5,90,1.90,351,0.95,8.0,15.0,8.8,77
1992-05-11,1.5,4.1,72,1.20,2,1.56,6.0,15.6,13.1,58
1992-05-12,0.9,3.4,70,0.10,301,1.96,1.0,15.4,9.0,61
1992-05-13,2.0,6.6,76,1.40,153,2.19,6.0,12.0,8.6,62
1992-05-14,3.0,6.1,78,0.50,315,1.91,4.0,24.2,14.0,57
1992-05-15,1.9,5.7,69,0.00,307,2.25,0.0,20.6,12.3,49
1992-05-16,2.7,6.6,68,0.30,114,2.22,2.0,22.2,16.8,57
1992-05-17,2.8,5.8,81,0.20,3,1.53,1.0,19.3,13.2,62
1992-05-18,2.2,5.5,77,4.90,358,1.69,14.0,13.8,9.7,52
1992-05-19,0.7,4.0,67,0.40,307,2.09,2.0,17.2,12.3,52
1992-05-20,-0.3,2.2,64,0.30,303,1.94,2.0,15.5,11.0,46
1992-05-21,-0.3,3.0,62,0.00,27,2.03,0.0,12.0,7.1,47
1992-05-22,1.4,6.8,62,0.00,176,2.49,0.0,18.4,13.5,47
1992-05-23,5.1,11.5,61,0.00,163,3.41,0.0,16.1,10.0,38
1992-05-24,7.7,13.9,56,0.00,160,3.79,0.0,14.9,11.0,41
1992-05-25,9.9,15.6,67,0.00,142,3.76,0.0,16.0,8.2,38
1992-05-26,11.8,16.0,58,0.00,151,4.07,0.0,20.5,16.5,40
1992-05-27,11.7,14.7,82,0.60,244,2.56,3.0,22.6,14.6,59
1992-05-28,6.9,13.0,74,0.00,321,2.36,0.0,24.8,18.0,60
1992-05-29,7.4,13.1,72,0.00,171,3.22,0.0,12.5,8.0,53
1992-05-30,10.4,16.1,63,0.00,156,4.00,0.0,15.7,10.9,43
1992-05-31,11.5,16.4,73,0.00,143,3.72,0.0,13.9,12.0,47
1992-06-01,9.7,16.1,79,3.40,91,1.78,9.0,26.6,18.6,64
1992-06-02,4.1,6.6,92,7.90,85,0.72,10.0,29.2,22.4,81
1992-06-03,4.4,8.6,83,0.00,30,1.17,0.0,13.0,10.3,70
1992-06-04,6.7,8.8,78,0.00,88,1.64,0.0,8.8,6.0,70
1992-06-05,6.6,12.0,79,0.00,162,2.53,0.0,15.4,8.4,60
1992-06-06,9.3,12.4,74,0.50,336,2.50,3.0,17.7,10.4,58
1992-06-07,7.7,11.2,71,0.00,8,2.59,0.0,15.5,12.0,63
1992-06-08,5.9,9.7,72,0.00,78,2.30,0.0,15.7,11.7,60
1992-06-09,6.0,9.7,73,0.00,85,2.41,0.0,13.8,8.3,61
1992-06-10,6.9,14.6,72,0.00,224,3.43,0.0,9.8,6.3,40
1992-06-11,11.1,18.3,63,0.00,264,3.72,0.0,28.3,17.0,40
1992-06-12,14.7,18.9,69,0.00,194,4.03,0.0,19.5,8.9,47
1992-06-13,14.4,19.6,62,0.00,166,4.52,0.0,16.9,11.3,41
1992-06-14,17.8,24.3,49,0.00,196,5.71,0.0,19.2,16.7,36
1992-06-15,18.1,23.9,52,0.00,168,5.52,0.0,21.2,16.0,36
1992-06-16,14.1,21.0,67,0.00,330,3.19,0.0,21.9,17.6,47
1992-06-17,7.7,12.9,60,0.00,69,3.56,0.0,20.6,16.3,40
1992-06-18,10.8,14.8,56,0.00,145,3.97,0.0,22.6,14.1,41
1992-06-19,13.3,18.8,58,0.00,147,4.67,0.0,18.4,16.4,45
1992-06-20,16.0,20.2,64,0.00,109,4.35,0.0,12.1,9.3,45
1992-06-21,14.7,19.5,77,0.20,152,3.46,1.0,8.7,6.7,49
1992-06-22,13.8,17.3,77,0.70,109,2.76,3.0,16.2,10.9,59
1992-06-23,9.1,14.5,72,0.00,70,1.87,0.0,17.1,15.5,59
1992-06-24,10.0,15.7,63,0.00,68,3.83,0.0,15.5,8.8,39
1992-06-25,12.9,15.8,55,0.00,206,4.38,0.0,14.4,7.6,39
1992-06-26,11.4,14.5,64,5.80,110,2.62,13.0,20.5,17.6,43
1992-06-27,11.1,14.5,66,0.30,78,2.92,1.0,18.4,11.8,43
1992-06-28,11.9,16.0,56,0.00,123,3.64,0.0,10.5,6.8,38
1992-06-29,11.9,15.3,60,0.00,163,3.51,0.0,10.7,8.2,42
1992-06-30,10.9,13.5,64,0.00,92,3.01,0.0,14.5,11.8,53
1992-07-01,12.4,17.9,58,0.00,88,3.59,0.0,17.4,14.5,40
1992-07-02,15.3,18.9,55,0.00,86,4.57,0.0,14.2,11.0,40
1992-07-03,15.6,18.4,62,0.00,155,3.92,0.0,13.0,8.2,46
1992-07-04,14.7,18.4,75,1.20,173,2.93,4.0,9.5,6.9,55
1992-07-05,12.5,18.6,78,4.10,6,1.84,11.0,15.7,12.4,62
1992-07-06,9.2,12.6,71,5.40,45,2.63,7.0,15.2,12.0,42
1992-07-07,11.6,14.6,59,0.00,242,3.38,0.0,13.4,9.6,42
1992-07-08,10.3,14.3,64,2.80,358,3.01,3.0,14.3,11.0,39
1992-07-09,13.8,17.6,57,0.00,280,4.22,0.0,13.4,9.4,40
1992-07-10,16.1,22.7,57,0.00,231,4.69,0.0,15.5,12.8,35
1992-07-11,14.9,22.8,52,0.00,91,4.86,0.0,17.2,13.3,31
1992-07-12,14.6,22.2,57,0.00,138,4.87,0.0,20.3,15.8,41
1992-07-13,17.3,22.4,66,3.40,130,3.44,5.0,18.8,13.2,42
1992-07-14,16.6,19.9,85,3.10,284,2.56,3.0,15.6,6.8,70
1992-07-15,15.4,19.0,70,1.50,20,3.79,4.0,22.4,17.3,41
1992-07-16,15.3,18.9,59,0.00,100,4.25,0.0,9.0,6.0,38
1992-07-17,15.9,19.9,60,0.00,242,3.73,0.0,9.3,7.1,41
1992-07-18,17.0,20.2,51,0.00,7,4.66,0.0,15.1,10.0,37
1992-07-19,15.5,19.5,58,0.00,160,4.40,0.0,12.7,8.2,39
1992-07-20,16.4,21.2,55,0.00,171,4.86,0.0,17.5,11.9,35
1992-07-21,18.7,23.1,55,0.00,158,5.18,0.0,16.1,13.3,36
1992-07-22,19.2,22.9,61,0.80,153,4.05,2.0,16.6,10.5,40
1992-07-23,16.9,21.8,69,6.70,188,3.19,6.0,15.9,9.3,40
1992-07-24,12.8,17.2,64,2.10,77,3.94,6.0,24.4,18.3,35
1992-07-25,14.1,17.5,55,0.00,127,4.13,0.0,14.8,8.3,35
1992-07-26,14.8,18.9,59,0.00,137,4.21,0.0,14.7,12.0,40
1992-07-27,16.7,20.5,57,0.00,137,4.48,0.0,12.7,8.6,39
1992-07-28,17.7,21.6,63,0.00,168,4.07,0.0,15.9,9.9,40
1992-07-29,19.1,23.6,66,0.00,168,4.40,0.0,15.2,12.0,47
1992-07-30,18.7,23.2,68,0.80,315,3.62,3.0,22.9,15.2,47
1992-07-31,15.3,19.2,51,0.00,345,4.41,0.0,23.8,14.7,37
1992-08-01,16.3,20.0,52,0.00,309,4.45,0.0,14.7,10.0,34
1992-08-02,17.4,21.1,60,0.00,177,4.42,0.0,23.0,14.2,35
1992-08-03,19.9,22.4,59,1.40,208,4.73,4.0,22.7,19.0,47
1992-08-04,15.0,20.1,64,0.00,309,4.00,0.0,24.7,15.9,49
1992-08-05,18.2,24.0,63,0.00,165,4.23,0.0,18.5,15.7,46
1992-08-06,21.3,26.5,62,0.00,157,4.35,0.0,14.0,7.1,45
1992-08-07,15.8,26.3,66,0.00,69,3.62,0.0,27.1,22.8,45
1992-08-08,12.2,16.3,65,0.60,73,3.15,4.0,32.0,27.5,43
1992-08-09,13.4,17.4,54,0.00,63,3.72,0.0,23.3,19.6,39
1992-08-10,13.8,17.5,62,0.00,163,3.36,0.0,17.0,10.7,38
1992-08-11,15.4,20.0,67,0.00,167,3.38,0.0,18.5,15.9,50
1992-08-12,18.6,23.6,67,0.00,144,4.04,0.0,17.6,12.1,48
1992-08-13,20.7,25.6,53,0.00,216,5.00,0.0,17.2,13.5,30
1992-08-14,20.8,25.5,57,0.00,194,4.37,0.0,15.0,9.3,30
1992-08-15,17.9,23.7,52,1.90,252,4.20,7.0,30.6,18.6,37
1992-08-16,14.2,19.3,74,3.30,292,2.89,6.0,34.6,19.2,40
1992-08-17,17.6,22.5,64,0.00,181,3.98,0.0,18.4,14.3,40
1992-08-18,18.7,22.2,58,0.60,265,4.26,2.0,21.4,16.4,39
1992-08-19,12.0,18.4,61,0.80,343,2.71,4.0,20.3,16.9,44
1992-08-20,7.8,10.9,58,0.30,341,2.70,2.0,23.1,17.6,48
1992-08-21,6.0,8.1,69,1.80,350,1.83,5.0,19.4,15.0,43
1992-08-22,7.6,11.5,55,0.00,328,2.22,0.0,17.9,12.3,40
1992-08-23,10.6,14.7,58,0.00,242,2.88,0.0,12.2,8.0,37
1992-08-24,12.2,15.2,61,0.00,181,3.15,0.0,23.8,15.2,41
1992-08-25,13.7,17.9,63,0.00,166,3.38,0.0,22.0,13.4,45
1992-08-26,14.6,18.8,58,0.00,102,3.01,0.0,14.4,9.9,38
1992-08-27,14.4,18.6,56,0.00,72,3.49,0.0,17.6,15.3,37
1992-08-28,12.1,17.8,60,0.00,64,2.22,0.0,17.6,10.1,37
1992-08-29,10.9,13.1,62,0.00,172,2.11,0.0,12.6,8.6,47
1992-08-30,9.6,12.6,68,0.40,74,2.11,3.0,17.0,12.7,37
1992-08-31,7.6,11.3,57,0.00,94,2.44,0.0,17.4,15.1,38
1992-09-01,6.3,9.0,61,0.00,71,1.87,0.0,16.9,14.0,45
1992-09-02,6.8,9.0,60,0.00,23,1.82,0.0,14.2,10.4,43
1992-09-03,5.8,9.0,59,0.00,20,1.74,0.0,15.1,11.5,44
1992-09-04,4.9,8.1,51,0.00,10,2.35,0.0,15.8,13.2,31
1992-09-05,5.2,8.4,55,0.00,348,1.95,0.0,14.4,9.5,32
1992-09-06,6.7,9.9,61,0.50,137,1.68,3.0,11.7,8.1,34
1992-09-07,7.9,12.3,72,0.00,137,1.92,0.0,16.5,10.4,49
1992-09-08,9.0,12.4,71,2.20,82,1.42,10.0,18.8,16.1,48
1992-09-09,8.5,11.5,90,5.70,340,1.02,20.0,13.1,8.2,61
1992-09-10,9.4,11.7,81,2.00,146,1.36,7.0,13.2,10.5,59
1992-09-11,7.8,10.9,83,1.70,320,1.37,2.0,13.8,11.6,54
1992-09-12,7.3,10.7,75,0.10,36,1.12,1.0,15.5,11.8,54
1992-09-13,6.8,9.1,83,5.60,29,0.82,9.0,21.4,17.1,66
1992-09-14,6.3,9.1,79,0.20,74,1.08,2.0,20.7,18.0,72
1992-09-15,5.3,7.1,83,1.20,118,0.96,8.0,11.3,6.8,76
1992-09-16,4.6,6.4,85,0.80,91,0.91,5.0,15.8,11.2,72
1992-09-17,3.6,5.6,81,0.40,323,0.91,3.0,17.9,11.6,61
1992-09-18,2.0,4.6,74,0.00,302,0.93,0.0,15.5,7.4,55
1992-09-19,3.3,5.4,84,7.80,69,0.70,17.0,24.5,18.1,57
1992-09-20,1.9,5.1,77,0.00,4,1.01,0.0,17.5,14.2,48
1992-09-21,1.2,4.6,70,0.00,353,1.13,0.0,13.9,10.0,47
1992-09-22,1.6,4.5,71,1.00,92,0.86,7.0,17.1,11.9,48
1992-09-23,1.2,4.2,82,2.70,7,0.81,6.0,21.0,13.4,58
1992-09-24,-1.3,1.2,65,0.00,26,1.26,0.0,21.8,19.5,55
1992-09-25,-0.8,1.4,69,0.00,55,0.95,0.0,17.2,15.3,58
1992-09-26,-0.8,1.0,71,0.00,31,0.79,0.0,13.5,10.3,56
1992-09-27,-1.4,-0.2,60,0.00,356,0.92,0.0,13.8,7.7,53
1992-09-28,-0.8,2.3,65,0.00,99,0.94,0.0,15.8,12.0,52
1992-09-29,2.1,7.1,88,1.20,106,0.53,5.0,30.7,23.2,68
1992-09-30,4.0,7.3,88,0.00,263,0.81,0.0,19.0,9.1,75
1992-10-01,2.7,5.3,83,0.00,346,0.78,0.0,14.5,8.6,67
1992-10-02,3.3,7.2,89,0.00,77,0.81,0.0,13.8,6.8,74
1992-10-03,4.4,7.1,86,0.30,98,0.58,2.0,25.5,19.2,75
1992-10-04,4.1,6.6,92,4.00,239,0.36,12.0,36.4,22.2,80
1992-10-05,0.1,2.5,71,0.00,287,0.99,0.0,31.1,27.0,64
1992-10-06,-1.7,-0.0,65,0.00,305,1.01,0.0,25.8,17.5,54
1992-10-07,0.8,3.1,83,0.00,209,0.70,0.0,19.2,10.3,64
1992-10-08,2.5,6.0,87,0.00,118,0.59,0.0,22.8,18.4,74
1992-10-09,3.5,5.3,90,0.00,190,0.55,0.0,15.9,8.4,79
1992-10-10,2.9,4.3,81,0.00,225,0.75,0.0,17.7,15.1,67
1992-10-11,0.3,2.5,75,0.00,298,0.84,0.0,27.4,23.2,58
1992-10-12,-1.8,0.7,75,0.00,354,0.62,0.0,20.1,8.7,58
1992-10-13,-2.3,-0.7,74,0.50,32,0.53,2.0,20.3,10.6,61
1992-10-14,-5.5,-2.7,69,0.00,322,0.65,0.0,19.5,17.9,50
1992-10-15,-6.6,-5.1,66,0.00,333,0.59,0.0,18.3,13.3,51
1992-10-16,-9.1,-6.0,64,0.00,329,0.65,0.0,29.9,23.6,55
1992-10-17,-7.1,-6.1,64,0.00,321,0.74,0.0,28.5,24.2,54
1992-10-18,-9.3,-6.7,69,0.00,303,0.44,0.0,21.7,12.6,55
1992-10-19,-7.6,-2.9,61,0.00,79,0.57,0.0,16.1,12.0,55
1992-10-20,-2.1,0.2,79,6.20,136,0.53,18.0,25.2,21.4,58
1992-10-21,-1.1,0.2,91,0.00,274,0.24,0.0,18.2,11.7,82
1992-10-22,-4.3,-0.1,85,0.00,58,0.28,0.0,13.8,8.7,81
1992-10-23,-0.7,2.4,94,0.00,107,0.22,0.0,17.0,14.6,89
1992-10-24,1.5,3.1,96,4.60,184,0.16,6.0,26.6,20.4,90
1992-10-25,-2.9,0.3,80,0.30,322,0.42,2.0,34.1,18.1,74
1992-10-26,-2.1,0.6,87,0.00,101,0.27,0.0,15.7,13.0,79
1992-10-27,-0.9,1.3,94,0.00,166,0.19,0.0,20.0,8.0,90
1992-10-28,1.7,3.6,83,0.00,165,0.58,0.0,26.9,24.4,68
1992-10-29,2.6,3.2,78,0.00,171,0.75,0.0,30.6,19.6,69
1992-10-30,0.1,1.5,91,0.00,140,0.22,0.0,22.9,16.5,84
1992-10-31,1.2,1.7,95,3.40,156,0.13,10.0,17.3,14.3,89
1992-11-01,0.3,1.2,97,0.00,292,0.14,0.0,14.4,8.3,91
1992-11-02,-3.8,-1.5,80,0.00,6,0.32,0.0,17.0,15.9,70
1992-11-03,-6.2,-4.6,77,1.00,74,0.31,8.0,16.2,13.7,71
1992-11-04,-3.0,-1.8,84,0.00,129,0.37,0.0,30.8,24.5,78
1992-11-05,-1.9,-1.1,82,0.50,143,0.41,5.0,26.3,21.9,78
1992-11-06,-2.4,-1.2,92,0.50,45,0.13,3.0,11.4,6.3,83
1992-11-07,-1.0,0.4,90,1.90,147,0.17,5.0,23.6,17.1,86
1992-11-08,-2.5,0.4,91,0.20,299,0.15,1.0,17.6,12.9,81
1992-11-09,-7.6,-6.7,82,0.00,272,0.15,0.0,17.2,10.1,79
1992-11-10,-4.4,-2.2,83,1.80,141,0.29,5.0,30.7,20.8,77
1992-11-11,-3.3,-1.6,88,4.70,277,0.18,18.0,28.0,18.6,82
1992-11-12,-6.6,-4.3,81,0.00,298,0.27,0.0,26.9,20.0,75
1992-11-13,-12.0,-9.1,82,0.00,29,0.08,0.0,12.5,7.8,75
1992-11-14,-14.8,-12.6,83,0.00,338,0.06,0.0,10.1,7.5,76
1992-11-15,-10.7,-7.5,83,1.60,109,0.17,9.0,22.2,17.4,81
1992-11-16,-8.3,-7.4,87,0.60,83,0.10,4.0,20.5,12.6,86
1992-11-17,-12.3,-9.6,84,0.00,327,0.07,0.0,13.0,10.2,80
1992-11-18,-12.3,-8.4,85,0.00,51,0.08,0.0,18.0,10.6,81
1992-11-19,-15.8,-14.6,79,0.00,48,0.15,0.0,18.3,16.5,77
1992-11-20,-14.8,-12.6,83,2.10,49,0.08,13.0,16.4,10.6,82
1992-11-21,-18.4,-13.5,80,0.10,324,0.07,1.0,14.7,12.0,77
1992-11-22,-22.6,-22.0,78,0.00,299,0.04,0.0,10.6,7.5,77
1992-11-23,-11.8,-7.8,85,0.00,164,0.13,0.0,21.0,15.6,83
1992-11-24,-10.2,-5.8,91,0.00,160,0.05,0.0,16.8,10.5,87
1992-11-25,-10.8,-6.2,83,0.00,257,0.05,0.0,14.1,9.5,82
1992-11-26,-8.8,-4.9,86,0.00,171,0.06,0.0,15.8,10.4,77
1992-11-27,-5.1,-3.1,90,1.30,299,0.10,6.0,23.0,12.3,84
1992-11-28,-11.4,-7.1,84,0.80,8,0.11,5.0,23.7,14.5,81
1992-11-29,-8.0,-5.7,90,0.00,131,0.07,0.0,23.1,16.3,87
1992-11-30,-6.7,-3.5,89,1.50,253,0.05,5.0,19.1,14.4,84
1992-12-01,-14.7,-11.2,87,0.00,295,0.02,0.0,11.9,9.3,83
1992-12-02,-16.1,-13.6,84,0.00,324,0.04,0.0,15.6,10.3,82
1992-12-03,-14.3,-10.8,88,0.00,140,0.05,0.0,20.5,15.6,86
1992-12-04,-8.4,-3.4,83,0.00,166,0.18,0.0,18.4,16.9,70
1992-12-05,-9.6,-3.7,79,0.00,302,0.28,0.0,30.8,24.2,75
1992-12-06,-17.2,-14.3,83,0.00,80,0.04,0.0,18.0,9.9,81
1992-12-07,-14.6,-12.3,83,0.00,129,0.11,0.0,21.6,17.3,80
1992-12-08,-12.9,-12.3,86,0.00,99,0.03,0.0,9.9,6.9,85
1992-12-09,-15.7,-13.1,83,0.00,88,0.07,0.0,16.3,13.9,81
1992-12-10,-17.5,-16.3,81,0.00,109,0.10,0.0,18.9,16.8,79
1992-12-11,-17.5,-16.7,80,0.50,64,0.05,5.0,14.1,9.0,79
1992-12-12,-20.0,-17.5,80,0.00,313,0.02,0.0,9.5,7.3,79
1992-12-13,-15.1,-7.9,82,1.00,132,0.14,3.0,21.5,18.7,77
1992-12-14,-11.2,-6.5,84,6.60,301,0.12,16.0,27.2,19.4,74
1992-12-15,-23.3,-18.9,74,0.00,322,0.10,0.0,24.6,17.4,72
1992-12-16,-27.0,-25.4,71,0.00,316,0.07,0.0,21.5,14.8,69
1992-12-17,-27.7,-26.2,71,0.00,293,0.09,0.0,23.3,21.3,70
1992-12-18,-29.9,-27.0,75,0.00,290,0.02,0.0,14.2,8.5,74
1992-12-19,-31.7,-28.6,75,0.00,314,0.03,0.0,13.5,10.0,74
1992-12-20,-30.5,-28.7,75,0.00,333,0.02,0.0,12.8,6.8,73
1992-12-21,-29.4,-26.7,76,0.00,50,0.03,0.0,13.4,8.7,72
1992-12-22,-30.6,-27.5,73,0.00,316,0.04,0.0,14.0,12.8,72
1992-12-23,-32.8,-31.3,78,0.00,193,0.02,0.0,11.6,9.8,75
1992-12-24,-32.2,-31.5,73,0.00,326,0.04,0.0,19.1,13.6,71
1992-12-25,-33.9,-31.9,74,0.00,282,0.02,0.0,11.6,9.8,72
1992-12-26,-33.9,-30.9,73,0.00,315,0.05,0.0,25.8,16.2,64
1992-12-27,-33.7,-33.1,69,0.00,320,0.06,0.0,25.5,20.0,64
1992-12-28,-32.6,-30.6,71,0.00,293,0.04,0.0,14.3,13.3,70
1992-12-29,-34.7,-31.1,72,0.00,37,0.02,0.0,10.7,7.9,69
1992-12-30,-32.4,-25.9,73,0.00,178,0.05,0.0,19.1,15.0,67
1992-12-31,-22.3,-20.5,71,0.00,197,0.10,0.0,17.8,13.4,66
1993-01-01,-22.6,-19.8,74,0.00,187,0.08,0.0,15.5,11.9,70
1993-01-02,-15.8,-13.0,84,0.00,284,0.04,0.0,17.4,12.6,81
1993-01-03,-19.1,-16.9,77,0.00,318,0.13,0.0,22.9,19.5,72
1993-01-04,-23.5,-22.7,77,0.00,299,0.07,0.0,15.7,14.2,75
1993-01-05,-23.1,-20.1,78,0.00,280,0.05,0.0,14.5,11.4,75
1993-01-06,-32.2,-26.2,76,0.00,356,0.02,0.0,9.8,8.4,75
1993-01-07,-36.4,-32.7,73,0.00,42,0.01,0.0,9.9,7.6,72
1993-01-08,-35.0,-26.7,75,0.00,184,0.03,0.0,15.9,10.5,68
1993-01-09,-16.8,-10.4,83,0.00,224,0.09,0.0,16.8,14.6,77
1993-01-10,-11.2,-10.3,89,0.00,345,0.03,0.0,14.1,7.3,86
1993-01-11,-14.4,-13.0,87,0.00,303,0.03,0.0,11.6,7.8,86
1993-01-12,-15.0,-14.7,85,0.00,187,0.08,0.0,20.0,17.6,83
1993-01-13,-15.4,-14.4,84,0.00,228,0.06,0.0,17.5,10.7,82
1993-01-14,-16.0,-14.7,84,0.00,179,0.07,0.0,23.0,14.1,82
1993-01-15,-12.4,-8.5,78,0.20,299,0.22,2.0,30.0,19.8,73
1993-01-16,-17.2,-13.3,78,0.00,304,0.12,0.0,25.7,15.5,71
1993-01-17,-21.6,-18.5,78,0.00,138,0.08,0.0,20.4,13.9,73
1993-01-18,-12.3,-6.2,77,0.00,178,0.23,0.0,19.9,17.4,71
1993-01-19,-8.3,-7.1,81,0.00,163,0.20,0.0,20.4,16.6,78
1993-01-20,-13.2,-7.6,79,1.20,317,0.13,5.0,27.7,16.7,70
1993-01-21,-24.8,-21.5,76,0.00,83,0.06,0.0,14.4,9.6,74
1993-01-22,-27.0,-23.8,75,0.00,324,0.06,0.0,17.6,13.4,69
1993-01-23,-33.1,-29.4,69,0.00,344,0.04,0.0,14.6,8.8,65
1993-01-24,-31.9,-26.0,71,0.00,87,0.06,0.0,20.0,14.0,69
1993-01-25,-26.2,-25.6,69,0.10,78,0.10,1.0,17.7,15.3,65
1993-01-26,-30.8,-27.9,73,0.00,74,0.03,0.0,10.5,5.9,70
1993-01-27,-32.6,-30.0,72,0.00,294,0.05,0.0,14.2,11.8,70
1993-01-28,-32.8,-29.4,72,0.00,85,0.03,0.0,14.4,7.9,69
1993-01-29,-24.1,-18.0,70,0.40,110,0.15,3.0,22.9,19.8,66
1993-01-30,-12.9,-9.1,87,1.30,339,0.09,3.0,15.1,11.6,82
1993-01-31,-18.3,-13.3,81,0.00,343,0.09,0.0,18.7,11.0,77
1993-02-01,-8.5,-1.6,84,0.00,166,0.25,0.0,27.7,20.0,72
1993-02-02,-19.1,-9.9,71,0.20,321,0.22,2.0,32.0,22.8,65
1993-02-03,-30.0,-24.8,67,0.00,347,0.09,0.0,20.3,16.7,63
1993-02-04,-33.5,-30.3,67,0.00,329,0.04,0.0,12.2,6.7,64
1993-02-05,-28.7,-25.8,68,4.60,95,0.10,12.0,21.2,16.5,65
1993-02-06,-22.9,-21.8,74,2.30,86,0.13,5.0,22.1,16.1,69
1993-02-07,-22.7,-17.7,73,1.80,103,0.16,7.0,24.7,21.2,71
1993-02-08,-15.7,-15.0,78,2.90,71,0.19,13.0,23.5,17.0,67
1993-02-09,-22.4,-16.8,72,0.00,76,0.14,0.0,17.5,11.3,65
1993-02-10,-23.0,-19.1,78,0.00,152,0.13,0.0,22.6,18.1,73
1993-02-11,-18.3,-15.7,80,0.00,222,0.14,0.0,18.9,9.7,73
1993-02-12,-20.3,-16.1,78,0.00,322,0.12,0.0,20.0,12.9,68
1993-02-13,-25.6,-22.9,75,0.00,308,0.11,0.0,16.6,14.0,72
1993-02-14,-26.2,-23.2,73,0.00,326,0.12,0.0,18.5,17.0,68
1993-02-15,-25.7,-23.3,73,0.00,332,0.13,0.0,20.7,13.4,65
1993-02-16,-26.6,-23.7,74,0.00,156,0.07,0.0,14.5,4.9,68
1993-02-17,-19.5,-14.4,77,0.30,337,0.17,2.0,23.1,14.5,74
1993-02-18,-12.1,-10.8,83,0.20,333,0.24,2.0,21.7,19.7,76
1993-02-19,-15.5,-11.9,75,0.00,349,0.25,0.0,20.5,17.3,63
1993-02-20,-24.7,-19.0,72,0.00,54,0.14,0.0,14.7,10.8,65
1993-02-21,-29.2,-25.3,75,0.00,143,0.10,0.0,16.6,11.0,69
1993-02-22,-22.1,-18.0,75,0.00,276,0.18,0.0,19.7,14.8,69
1993-02-23,-20.6,-17.4,79,0.00,229,0.18,0.0,13.5,8.1,74
1993-02-24,-23.0,-18.9,76,0.00,1,0.16,0.0,12.6,8.8,65
1993-02-25,-24.8,-19.2,74,1.10,102,0.14,6.0,19.7,13.2,71
1993-02-26,-21.6,-19.5,75,0.90,85,0.18,5.0,18.4,14.2,72
1993-02-27,-15.8,-13.9,81,2.60,91,0.23,9.0,24.9,19.0,78
1993-02-28,-16.1,-14.3,80,0.00,70,0.21,0.0,17.3,14.3,77
1993-03-01,-14.7,-11.1,80,0.00,89,0.20,0.0,13.8,8.9,77
1993-03-02,-8.4,-5.1,87,3.50,92,0.29,7.0,19.5,13.2,81
1993-03-03,-8.3,-5.3,84,0.00,295,0.29,0.0,17.4,14.0,73
1993-03-04,-11.8,-9.8,79,0.00,63,0.32,0.0,14.9,9.8,74
1993-03-05,-8.5,-4.9,83,0.60,98,0.40,5.0,20.1,15.7,79
1993-03-06,-6.4,-4.6,88,0.00,36,0.35,0.0,11.2,6.5,80
1993-03-07,-6.6,-4.7,87,0.70,94,0.37,5.0,9.7,6.6,79
1993-03-08,-8.2,-6.5,86,0.10,330,0.36,1.0,11.3,4.9,74
1993-03-09,-14.3,-8.8,78,0.00,54,0.32,0.0,18.0,12.6,69
1993-03-10,-17.6,-12.4,76,0.00,69,0.31,0.0,9.9,4.8,70
1993-03-11,-19.3,-13.0,75,0.00,19,0.30,0.0,15.5,10.5,65
1993-03-12,-22.1,-19.0,72,0.00,81,0.28,0.0,12.9,10.4,63
1993-03-13,-24.8,-20.1,73,0.00,25,0.26,0.0,10.5,7.0,67
1993-03-14,-23.7,-20.7,73,0.00,16,0.22,0.0,20.1,10.7,67
1993-03-15,-23.2,-20.4,66,0.00,325,0.28,0.0,29.0,23.5,58
1993-03-16,-24.0,-15.4,70,0.00,232,0.28,0.0,15.6,10.7,61
1993-03-17,-16.8,-11.3,74,0.00,288,0.49,0.0,14.1,9.5,65
1993-03-18,-19.3,-12.3,74,0.00,336,0.39,0.0,13.3,8.2,63
1993-03-19,-18.8,-12.7,74,0.00,158,0.42,0.0,20.5,16.1,66
1993-03-20,-10.5,-5.4,74,0.00,182,0.85,0.0,21.3,13.3,66
1993-03-21,-10.9,-6.2,81,0.00,82,0.51,0.0,20.3,16.7,76
1993-03-22,-4.1,-0.1,87,0.20,120,0.81,2.0,23.5,16.3,81
1993-03-23,1.8,5.2,83,5.80,170,1.08,7.0,25.6,21.6,64
1993-03-24,1.4,4.6,76,0.00,235,1.37,0.0,27.0,17.4,64
1993-03-25,-1.7,2.4,87,0.40,304,0.65,3.0,18.6,10.1,74
1993-03-26,-7.3,-3.2,77,1.20,312,0.71,8.0,20.6,16.1,66
1993-03-27,-10.1,-4.9,80,0.00,152,0.77,0.0,12.8,9.4,66
1993-03-28,-7.5,-2.0,78,0.00,118,0.92,0.0,11.2,8.7,70
1993-03-29,-8.4,-2.6,83,0.00,88,0.71,0.0,21.0,18.5,77
1993-03-30,-4.7,1.7,82,0.00,114,1.04,0.0,19.8,17.5,71
1993-03-31,-0.6,2.4,78,0.00,140,1.27,0.0,20.4,17.6,72
1993-04-01,-0.4,3.7,84,0.40,243,1.17,3.0,14.2,8.3,70
1993-04-02,-2.2,3.0,85,0.00,70,0.97,0.0,16.0,11.2,76
1993-04-03,-7.7,-1.5,80,0.00,73,0.66,0.0,22.5,19.8,75
1993-04-04,-7.2,-4.6,83,0.00,28,0.62,0.0,15.8,10.0,76
1993-04-05,-7.0,-4.6,82,0.00,70,0.63,0.0,11.7,8.1,75
1993-04-06,-8.7,-5.0,81,0.00,47,0.81,0.0,13.4,11.1,75
1993-04-07,-7.8,-5.1,81,0.00,20,0.65,0.0,14.5,13.0,76
1993-04-08,-9.0,-5.2,81,0.00,79,0.77,0.0,10.5,9.0,76
1993-04-09,-7.9,-2.8,83,0.00,95,0.90,0.0,17.0,15.0,77
1993-04-10,-5.0,-2.0,84,0.00,87,0.82,0.0,17.8,16.4,79
1993-04-11,-2.1,0.4,89,2.50,95,0.82,14.0,17.1,13.7,84
1993-04-12,-3.3,0.4,86,0.30,69,1.10,2.0,13.3,10.4,72
1993-04-13,-3.7,2.0,83,0.00,70,1.39,0.0,13.4,9.8,74
1993-04-14,-0.3,4.4,86,0.00,92,1.51,0.0,10.4,7.8,71
1993-04-15,0.9,4.0,88,0.00,90,1.41,0.0,10.9,8.5,75
1993-04-16,0.7,3.4,89,0.00,20,1.12,0.0,16.0,11.7,78
1993-04-17,0.7,2.9,86,0.00,42,1.13,0.0,12.0,10.6,74
1993-04-18,1.0,4.1,85,0.00,100,1.48,0.0,12.9,10.4,66
1993-04-19,0.8,5.5,76,0.00,162,1.89,0.0,11.9,7.9,58
1993-04-20,2.0,6.4,77,0.00,181,1.96,0.0,9.5,7.0,65
1993-04-21,1.2,5.6,83,0.40,105,1.55,2.0,14.2,12.1,66
1993-04-22,-0.3,4.9,77,0.00,55,1.10,0.0,14.7,12.8,61
1993-04-23,-6.0,-0.9,61,0.00,44,1.28,0.0,15.5,12.3,46
1993-04-24,-7.4,-4.3,58,0.00,91,1.39,0.0,9.9,6.2,47
1993-04-25,-6.9,-1.4,57,0.00,80,1.67,0.0,14.6,12.1,44
1993-04-26,-4.8,1.5,59,0.00,77,1.64,0.0,14.3,11.0,44
1993-04-27,-0.8,4.9,64,0.00,115,2.17,0.0,8.0,6.1,49
1993-04-28,0.3,4.5,72,0.00,6,1.93,0.0,13.7,9.8,49
1993-04-29,-1.0,2.5,63,0.00,79,2.03,0.0,18.8,15.8,51
1993-04-30,-1.2,5.3,71,0.00,82,1.90,0.0,17.8,14.4,55
1993-05-01,2.9,9.9,85,2.00,112,1.79,7.0,17.4,14.7,58
1993-05-02,4.9,10.2,80,0.00,65,1.89,0.0,17.9,16.7,66
1993-05-03,2.1,6.8,79,0.00,27,1.42,0.0,21.3,18.7,68
1993-05-04,-0.4,2.5,69,0.00,71,1.74,0.0,17.6,13.6,59
1993-05-05,2.1,11.0,73,0.00,115,2.10,0.0,22.5,19.9,56
1993-05-06,7.9,14.8,76,0.00,100,1.92,0.0,18.8,12.4,59
1993-05-07,9.0,15.4,85,5.10,90,1.83,8.0,21.6,17.8,58
1993-05-08,5.4,9.1,93,7.70,341,0.77,14.0,25.9,17.0,83
1993-05-09,1.8,4.5,97,27.80,329,0.38,24.0,36.7,29.4,90
1993-05-10,2.0,7.0,84,4.90,319,2.19,9.0,34.4,17.9,63
1993-05-11,3.7,7.3,74,1.10,121,1.51,2.0,27.9,19.5,63
1993-05-12,7.2,14.6,76,0.60,270,3.04,3.0,16.3,11.7,43
1993-05-13,5.0,14.1,68,0.00,11,2.60,0.0,16.4,13.2,45
1993-05-14,2.7,8.3,67,0.00,26,2.74,0.0,13.9,6.7,53
1993-05-15,3.6,8.4,70,0.10,83,2.74,1.0,12.3,6.4,50
1993-05-16,2.8,7.9,69,0.00,37,2.28,0.0,14.0,9.3,51
1993-05-17,4.8,9.2,76,0.00,76,2.04,0.0,11.2,8.1,56
1993-05-18,3.8,8.9,73,0.00,73,1.85,0.0,14.5,12.6,57
1993-05-19,2.4,7.1,68,0.00,96,2.54,0.0,19.1,15.9,46
1993-05-20,3.6,7.3,71,2.90,80,1.81,9.0,15.3,12.5,46
1993-05-21,3.9,7.5,68,0.00,42,2.14,0.0,17.8,13.1,53
1993-05-22,2.0,6.8,69,0.00,35,1.52,0.0,12.6,8.9,55
1993-05-23,1.0,4.1,60,0.00,358,2.06,0.0,11.6,8.3,43
1993-05-24,1.0,4.1,58,0.00,14,2.15,0.0,12.3,10.0,45
1993-05-25,1.7,6.1,63,0.00,18,2.51,0.0,11.9,6.5,45
1993-05-26,3.2,7.9,67,0.00,110,2.74,0.0,17.3,13.3,49
1993-05-27,3.6,8.0,63,0.00,98,3.23,0.0,21.6,17.0,46
1993-05-28,2.7,7.8,63,0.00,95,3.10,0.0,19.8,15.1,47
1993-05-29,4.4,8.7,70,0.00,96,2.73,0.0,15.9,12.4,54
1993-05-30,5.7,11.5,63,0.00,100,3.36,0.0,16.3,14.6,44
1993-05-31,8.3,14.1,57,0.00,102,3.95,0.0,16.6,14.2,35
1993-06-01,9.8,15.8,57,0.00,110,4.35,0.0,21.7,19.7,36
1993-06-02,11.1,15.7,55,0.00,144,4.31,0.0,21.1,19.2,40
1993-06-03,11.7,16.5,65,0.50,54,3.47,3.0,19.1,13.7,52
1993-06-04,7.7,14.5,67,0.00,21,2.60,0.0,18.8,10.6,56
1993-06-05,7.2,12.4,64,0.00,181,3.36,0.0,15.1,10.1,46
1993-06-06,10.9,17.4,53,0.00,148,4.59,0.0,16.4,11.5,28
1993-06-07,14.4,21.4,50,0.00,111,4.99,0.0,15.5,12.2,28
1993-06-08,14.9,21.4,64,0.00,63,4.45,0.0,14.6,12.9,42
1993-06-09,7.8,14.6,60,0.00,90,3.51,0.0,21.3,18.8,41
1993-06-10,8.2,13.0,52,0.00,84,3.93,0.0,18.8,15.3,34
1993-06-11,9.7,13.7,48,0.00,114,4.19,0.0,13.3,9.8,33
1993-06-12,10.8,15.1,48,0.00,265,4.47,0.0,15.6,11.2,31
1993-06-13,9.0,14.6,48,0.00,5,3.98,0.0,15.9,12.7,32
1993-06-14,8.7,12.3,51,0.00,7,3.50,0.0,12.3,9.0,30
1993-06-15,8.9,13.7,48,0.00,320,3.65,0.0,15.3,11.5,31
1993-06-16,11.0,16.2,51,0.00,153,4.26,0.0,11.6,8.5,34
1993-06-17,13.7,19.3,48,0.00,234,4.88,0.0,12.7,6.7,26
1993-06-18,15.5,22.6,41,0.00,129,5.73,0.0,17.3,13.7,21
1993-06-19,16.7,22.5,47,0.10,38,4.65,1.0,25.6,13.8,22
1993-06-20,10.8,15.0,50,0.00,359,3.48,0.0,21.7,13.6,44
1993-06-21,10.8,15.7,55,0.00,184,4.25,0.0,23.2,18.0,33
1993-06-22,14.6,20.2,46,0.00,74,4.95,0.0,18.3,11.5,31
1993-06-23,13.5,19.7,53,0.00,51,4.90,0.0,22.3,19.7,33
1993-06-24,11.8,16.7,55,0.00,81,3.73,0.0,20.0,16.0,34
1993-06-25,10.9,14.7,68,0.00,120,2.61,0.0,12.5,8.9,55
1993-06-26,12.7,16.6,60,0.00,145,3.92,0.0,19.5,12.2,38
1993-06-27,14.6,19.0,47,0.00,142,5.32,0.0,23.2,18.8,32
1993-06-28,16.2,20.6,43,0.00,149,5.86,0.0,19.7,17.2,31
1993-06-29,16.4,21.1,54,0.00,152,4.37,0.0,17.9,14.3,32
1993-06-30,15.9,18.5,63,0.00,135,3.57,0.0,13.5,11.6,50
1993-07-01,16.7,19.9,63,0.00,81,3.22,0.0,11.8,8.4,47
1993-07-02,18.2,22.4,58,0.50,96,4.14,3.0,13.6,10.5,42
1993-07-03,18.7,22.8,52,0.00,141,5.34,0.0,20.6,14.0,35
1993-07-04,18.8,22.6,51,0.00,157,5.68,0.0,19.3,16.3,36
1993-07-05,19.9,24.4,53,0.00,162,5.20,0.0,16.6,8.6,37
1993-07-06,18.3,24.1,48,0.40,57,5.52,2.0,21.1,15.7,28
1993-07-07,14.3,18.7,45,0.40,352,4.21,2.0,32.4,17.6,28
1993-07-08,11.7,17.8,73,7.10,9,3.23,11.0,35.8,30.1,37
1993-07-09,13.8,17.7,52,0.00,11,4.35,0.0,26.3,17.4,31
1993-07-10,15.0,17.2,59,0.00,332,3.67,0.0,18.4,10.9,40
1993-07-11,12.1,16.4,58,0.10,11,3.07,1.0,20.9,16.7,41
1993-07-12,14.8,19.0,57,0.00,358,4.09,0.0,13.9,7.5,40
1993-07-13,15.4,18.7,66,3.20,198,3.31,5.0,16.4,14.1,42
1993-07-14,12.4,15.0,77,4.00,294,2.69,7.0,13.2,10.9,51
1993-07-15,12.6,14.7,76,0.60,289,2.45,4.0,16.7,9.1,55
1993-07-16,12.5,14.4,70,1.90,231,2.18,8.0,16.8,11.6,59
1993-07-17,14.0,17.5,74,0.60,139,2.74,2.0,11.3,6.4,55
1993-07-18,14.2,15.9,86,12.90,14,1.46,17.0,9.8,6.8,71
1993-07-19,13.8,15.9,73,0.00,272,2.86,0.0,17.1,11.4,57
1993-07-20,14.6,17.6,67,0.00,211,3.62,0.0,14.5,11.8,52
1993-07-21,16.6,21.2,66,0.00,149,4.08,0.0,14.8,10.8,49
1993-07-22,18.5,21.6,71,0.00,148,4.11,0.0,10.8,9.1,49
1993-07-23,18.4,22.0,68,0.00,116,3.49,0.0,10.0,6.2,51
1993-07-24,18.9,22.2,73,0.00,119,3.13,0.0,11.2,7.6,51
1993-07-25,17.9,22.4,79,5.50,18,2.59,9.0,10.9,7.3,58
1993-07-26,18.0,23.0,69,4.30,351,4.13,2.0,12.5,8.9,37
1993-07-27,19.7,23.0,58,0.60,35,3.90,2.0,14.9,5.7,37
1993-07-28,12.4,19.2,80,1.10,21,1.58,9.0,24.3,21.2,68
1993-07-29,11.2,14.4,72,0.10,49,2.09,1.0,19.7,15.0,56
1993-07-30,11.6,14.5,71,0.00,75,2.20,0.0,19.0,16.7,58
1993-07-31,13.5,17.5,72,0.00,359,2.37,0.0,18.7,16.0,53
1993-08-01,13.3,17.5,70,0.40,329,2.31,4.0,21.6,16.7,50
1993-08-02,15.4,20.9,73,4.10,227,2.46,7.0,15.5,10.6,44
1993-08-03,18.8,23.4,82,3.40,316,3.12,5.0,15.0,9.6,54
1993-08-04,19.3,23.1,75,0.20,135,3.20,1.0,13.0,7.4,56
1993-08-05,17.6,21.6,84,4.20,132,2.50,4.0,13.0,5.7,57
1993-08-06,18.3,21.7,66,0.00,61,3.79,0.0,15.8,11.3,48
1993-08-07,16.0,20.9,72,0.70,29,2.55,5.0,15.5,11.7,49
1993-08-08,13.9,16.6,76,0.60,16,2.29,3.0,20.9,11.8,52
1993-08-09,11.3,14.3,60,0.00,20,2.91,0.0,19.5,17.1,48
1993-08-10,10.4,12.8,67,0.10,74,2.42,1.0,17.2,13.8,46
1993-08-11,9.2,12.3,61,0.00,56,2.29,0.0,14.3,9.7,45
1993-08-12,9.6,11.8,61,0.00,110,2.27,0.0,16.4,10.2,44
1993-08-13,10.9,14.1,65,0.00,134,2.50,0.0,13.2,9.9,49
1993-08-14,12.4,14.9,68,0.00,136,2.36,0.0,14.6,8.9,52
1993-08-15,13.6,17.2,68,0.00,156,3.27,0.0,26.1,18.4,53
1993-08-16,17.0,23.4,71,0.00,173,3.89,0.0,24.5,18.0,51
1993-08-17,19.4,24.8,67,0.00,84,3.72,0.0,11.7,6.4,41
1993-08-18,19.3,24.3,71,0.00,119,3.43,0.0,15.0,12.2,43
1993-08-19,20.1,23.8,70,0.00,162,3.81,0.0,18.0,15.1,54
1993-08-20,19.0,23.9,60,0.00,266,3.91,0.0,15.4,8.6,36
1993-08-21,18.9,23.1,53,0.00,121,4.35,0.0,18.0,13.8,32
1993-08-22,18.4,22.9,63,0.30,105,3.91,2.0,17.3,13.0,33
1993-08-23,18.0,22.7,80,5.40,342,2.90,5.0,20.4,9.2,47
1993-08-24,13.6,20.3,62,0.00,17,3.50,0.0,25.4,18.8,36
1993-08-25,12.9,16.0,57,0.00,273,2.65,0.0,12.1,7.7,36
1993-08-26,13.9,16.0,62,0.50,135,2.58,2.0,13.8,10.2,44
1993-08-27,12.3,16.0,65,0.40,331,2.30,3.0,17.3,11.8,47
1993-08-28,10.9,13.9,67,0.00,317,2.28,0.0,17.1,11.2,48
1993-08-29,9.8,13.1,69,1.70,312,2.29,8.0,21.1,16.2,47
1993-08-30,9.4,11.9,63,0.30,332,2.29,3.0,17.9,10.7,40
1993-08-31,9.4,12.3,61,1.00,29,2.06,5.0,11.6,7.1,37
1993-09-01,8.7,12.4,70,3.60,160,1.30,7.0,22.5,13.0,37
1993-09-02,8.4,10.6,78,0.60,325,1.33,2.0,19.9,11.2,57
1993-09-03,8.4,10.8,68,0.00,340,1.63,0.0,17.1,10.9,51
1993-09-04,9.6,12.8,64,0.00,321,2.20,0.0,16.1,13.6,52
1993-09-05,10.9,14.9,73,0.00,335,1.99,0.0,11.3,8.4,41
1993-09-06,12.3,17.5,76,0.10,236,2.00,1.0,14.4,9.1,42
1993-09-07,15.6,19.7,71,0.00,239,2.93,0.0,29.8,19.6,49
1993-09-08,13.5,19.4,75,0.80,325,1.84,3.0,26.4,17.7,51
1993-09-09,10.2,12.7,76,1.20,317,1.58,2.0,25.6,16.7,61
1993-09-10,8.9,12.5,73,0.00,69,1.35,0.0,23.3,15.6,54
1993-09-11,4.6,7.3,58,0.00,57,1.98,0.0,20.8,15.6,43
1993-09-12,6.2,9.0,60,0.00,205,1.44,0.0,12.8,5.9,44
1993-09-13,7.0,8.9,71,0.70,144,1.45,4.0,18.3,14.8,57
1993-09-14,6.9,8.9,80,0.00,352,1.08,0.0,14.0,9.9,55
1993-09-15,5.2,8.2,71,1.00,330,1.25,5.0,15.3,10.1,56
1993-09-16,4.1,6.7,71,0.20,51,1.13,2.0,11.1,5.6,50
1993-09-17,5.9,11.2,67,0.00,134,1.79,0.0,29.3,20.9,51
1993-09-18,10.1,13.4,80,0.50,166,1.68,1.0,25.5,18.2,63
1993-09-19,3.9,7.8,66,0.90,279,1.66,3.0,30.4,25.4,38
1993-09-20,4.6,9.3,61,0.00,240,1.78,0.0,18.4,14.0,37
1993-09-21,7.2,10.8,72,0.00,211,1.59,0.0,13.2,9.4,48
1993-09-22,7.9,11.2,79,0.00,269,1.40,0.0,25.5,14.2,55
1993-09-23,4.9,10.4,64,0.00,323,1.68,0.0,20.9,15.7,33
1993-09-24,2.1,5.0,56,0.00,314,1.36,0.0,20.7,8.4,34
1993-09-25,2.9,4.8,67,0.00,307,1.01,0.0,15.2,7.7,45
1993-09-26,3.5,5.4,79,3.10,126,0.68,9.0,15.0,12.2,47
1993-09-27,2.0,5.2,85,0.20,337,0.76,2.0,13.8,8.2,60
1993-09-28,1.9,5.4,72,0.00,275,1.21,0.0,18.1,14.2,52
1993-09-29,6.2,9.5,80,5.20,179,1.16,10.0,36.4,24.7,60
1993-09-30,-1.2,4.6,59,1.60,333,1.37,5.0,44.0,32.7,37
1993-10-01,-1.6,2.1,59,0.00,297,1.01,0.0,18.7,7.8,41
1993-10-02,3.2,5.1,77,0.00,286,0.79,0.0,20.9,16.1,63
1993-10-03,2.6,5.6,69,0.00,305,1.32,0.0,23.3,20.6,46
1993-10-04,1.1,4.9,71,0.00,317,0.84,0.0,18.0,13.5,53
1993-10-05,-1.1,0.9,64,0.00,352,0.88,0.0,21.4,13.7,48
1993-10-06,-1.5,1.9,60,0.00,276,1.01,0.0,19.2,11.6,46
1993-10-07,0.6,3.8,76,0.00,207,0.77,0.0,10.9,7.6,58
1993-10-08,2.8,5.6,81,0.00,157,0.80,0.0,21.1,17.7,73
1993-10-09,2.6,5.7,90,0.00,110,0.60,0.0,11.3,7.3,81
1993-10-10,2.0,4.7,89,0.00,48,0.42,0.0,12.4,9.4,80
1993-10-11,3.2,4.3,88,0.00,137,0.39,0.0,20.2,14.9,82
1993-10-12,2.8,4.1,85,0.00,330,0.48,0.0,18.2,12.9,67
1993-10-13,0.4,2.4,80,0.00,92,0.42,0.0,9.7,7.8,69
1993-10-14,-0.7,1.9,75,0.00,322,0.59,0.0,19.9,11.9,58
1993-10-15,-0.5,2.7,74,0.00,219,0.58,0.0,11.8,7.1,63
1993-10-16,1.0,2.8,84,0.00,310,0.36,0.0,10.0,6.2,77
1993-10-17,0.5,1.9,82,0.00,118,0.46,0.0,22.1,13.8,70
1993-10-18,2.1,3.4,86,0.10,122,0.49,1.0,22.6,21.2,75
1993-10-19,1.1,2.7,94,7.90,67,0.22,22.0,19.6,10.6,88
1993-10-20,-1.6,0.0,89,1.00,44,0.26,5.0,13.4,7.2,80
1993-10-21,-0.2,0.3,88,0.10,112,0.31,1.0,20.4,16.1,85
1993-10-22,-1.6,-0.5,89,0.00,87,0.25,0.0,15.8,13.2,84
1993-10-23,-0.2,1.2,91,0.00,86,0.23,0.0,17.0,13.1,88
1993-10-24,1.1,1.8,93,1.00,148,0.18,6.0,19.1,12.6,92
1993-10-25,-2.6,0.1,79,0.00,317,0.38,0.0,23.3,16.3,66
1993-10-26,-2.6,0.3,79,1.10,123,0.37,4.0,30.3,18.5,69
1993-10-27,-2.2,0.5,85,6.10,334,0.39,7.0,37.8,27.4,71
1993-10-28,-9.3,-6.0,76,0.00,8,0.31,0.0,30.4,13.6,73
1993-10-29,-2.3,1.4,79,1.90,170,0.54,5.0,32.8,25.2,72
1993-10-30,-2.6,1.4,90,0.00,263,0.19,0.0,18.6,10.8,87
1993-10-31,-1.5,0.2,94,0.00,86,0.15,0.0,20.5,11.9,88
1993-11-01,-7.3,-3.6,81,0.00,58,0.30,0.0,21.8,19.7,78
1993-11-02,-8.8,-7.8,79,0.00,72,0.29,0.0,20.3,17.5,76
1993-11-03,-7.1,-6.5,81,0.00,67,0.25,0.0,19.1,13.7,76
1993-11-04,-9.5,-7.6,81,0.00,326,0.18,0.0,14.1,10.5,78
1993-11-05,-6.3,-4.2,86,0.00,199,0.14,0.0,14.1,9.4,81
1993-11-06,-10.3,-6.7,80,0.00,9,0.18,0.0,16.3,13.4,72
1993-11-07,-18.3,-15.2,72,0.00,30,0.11,0.0,9.9,7.2,65
1993-11-08,-16.2,-11.0,81,0.00,313,0.10,0.0,10.7,8.3,72
1993-11-09,-11.5,-7.8,86,0.20,31,0.10,2.0,12.8,7.2,84
1993-11-10,-8.3,-6.6,86,0.00,79,0.10,0.0,15.5,10.5,83
1993-11-11,-5.7,-4.2,89,0.00,105,0.11,0.0,17.4,11.7,86
1993-11-12,-5.9,-3.7,90,0.00,255,0.08,0.0,14.9,10.6,85
1993-11-13,-6.8,-5.5,91,0.00,291,0.08,0.0,11.5,7.8,86
1993-11-14,-3.6,-2.7,89,2.50,155,0.17,6.0,24.6,20.6,87
1993-11-15,-8.2,-3.9,83,2.00,338,0.21,6.0,30.3,23.5,74
1993-11-16,-19.7,-15.8,76,0.00,24,0.08,0.0,16.6,8.8,72
1993-11-17,-15.1,-12.7,83,0.00,353,0.05,0.0,10.7,6.9,79
1993-11-18,-17.2,-15.8,81,0.40,317,0.08,4.0,17.3,11.7,79
1993-11-19,-19.3,-14.5,79,0.70,113,0.13,4.0,29.2,16.4,73
1993-11-20,-18.1,-14.7,73,3.50,50,0.21,14.0,29.9,24.2,69
1993-11-21,-26.5,-23.8,73,0.00,306,0.08,0.0,22.2,15.3,71
1993-11-22,-20.1,-15.4,69,0.00,219,0.19,0.0,19.5,17.2,67
1993-11-23,-11.5,-7.1,73,0.00,192,0.29,0.0,22.1,19.0,71
1993-11-24,-8.6,-5.9,80,0.00,228,0.14,0.0,18.9,11.3,76
1993-11-25,-9.2,-3.3,88,0.00,159,0.10,0.0,19.2,14.9,83
1993-11-26,-4.2,0.7,83,0.00,251,0.22,0.0,30.3,21.7,74
1993-11-27,-19.4,-15.6,77,0.00,11,0.08,0.0,17.4,11.6,75
1993-11-28,-23.1,-19.3,77,0.00,87,0.06,0.0,19.4,11.6,76
1993-11-29,-14.3,-12.5,83,0.00,83,0.06,0.0,19.8,10.2,79
1993-11-30,-15.6,-12.4,82,0.10,321,0.06,1.0,18.9,12.1,77
1993-12-01,-24.9,-21.7,78,0.00,359,0.04,0.0,15.8,9.8,76
1993-12-02,-21.3,-18.6,78,0.00,91,0.10,0.0,17.0,16.1,77
1993-12-03,-14.8,-11.9,84,0.00,86,0.10,0.0,18.9,16.5,81
1993-12-04,-13.4,-11.8,82,0.00,359,0.11,0.0,18.7,15.4,77
1993-12-05,-22.3,-17.2,75,0.00,316,0.09,0.0,18.9,14.2,74
1993-12-06,-27.8,-24.5,77,0.00,94,0.03,0.0,18.1,10.4,73
1993-12-07,-21.6,-19.6,76,0.00,112,0.13,0.0,23.5,22.3,74
1993-12-08,-21.0,-20.2,75,0.00,106,0.14,0.0,23.5,22.2,73
1993-12-09,-18.7,-17.5,77,0.20,112,0.12,2.0,20.3,16.8,74
1993-12-10,-16.2,-11.8,80,0.40,118,0.15,2.0,25.1,20.6,79
1993-12-11,-11.4,-10.4,86,2.30,298,0.07,11.0,19.0,13.0,82
1993-12-12,-15.7,-13.3,85,0.00,258,0.02,0.0,11.9,6.4,84
1993-12-13,-18.5,-15.2,84,0.00,113,0.05,0.0,15.7,11.8,82
1993-12-14,-13.3,-12.7,86,0.60,83,0.04,6.0,15.5,8.6,82
1993-12-15,-13.9,-12.9,87,0.00,215,0.01,0.0,9.1,6.1,86
1993-12-16,-12.8,-9.7,89,0.00,149,0.04,0.0,19.6,12.5,87
1993-12-17,-13.5,-9.8,85,1.00,288,0.06,4.0,19.5,12.1,79
1993-12-18,-19.3,-17.5,79,0.00,37,0.03,0.0,11.2,7.7,74
1993-12-19,-22.7,-22.0,77,0.00,102,0.05,0.0,18.8,11.0,75
1993-12-20,-20.1,-19.3,75,5.30,69,0.12,11.0,23.2,17.5,70
1993-12-21,-26.8,-22.9,75,0.00,359,0.02,0.0,9.8,6.9,73
1993-12-22,-27.6,-25.1,72,0.00,45,0.05,0.0,14.2,10.7,69
1993-12-23,-30.9,-25.8,70,0.80,68,0.04,5.0,17.5,9.7,66
1993-12-24,-29.3,-25.8,68,0.00,80,0.07,0.0,16.3,13.4,65
1993-12-25,-29.6,-29.4,66,0.00,86,0.08,0.0,17.5,15.7,63
1993-12-26,-34.0,-31.4,70,0.00,95,0.02,0.0,12.1,8.0,66
1993-12-27,-28.3,-25.6,70,0.00,104,0.07,0.0,15.6,13.4,69
1993-12-28,-27.5,-25.5,74,0.00,350,0.02,0.0,11.1,6.3,72
1993-12-29,-24.6,-22.3,78,0.00,123,0.05,0.0,18.1,12.1,76
1993-12-30,-26.4,-23.2,73,0.00,344,0.08,0.0,19.2,15.4,70
1993-12-31,-34.9,-31.4,72,0.00,328,0.03,0.0,12.9,11.5,71
1994-01-01,-37.6,-35.9,70,0.00,328,0.02,0.0,12.0,8.1,67
1994-01-02,-38.9,-36.3,69,0.00,338,0.01,0.0,9.8,6.0,66
1994-01-03,-42.3,-40.9,68,0.00,356,0.01,0.0,10.3,7.6,64
1994-01-04,-41.4,-40.5,68,0.00,111,0.01,0.0,8.9,7.1,64
1994-01-05,-41.5,-40.8,68,0.00,273,0.01,0.0,8.5,5.2,67
1994-01-06,-41.0,-37.0,71,0.00,157,0.02,0.0,11.5,8.9,69
1994-01-07,-37.8,-35.0,69,0.00,36,0.02,0.0,11.7,8.1,67
1994-01-08,-37.0,-34.7,69,0.00,322,0.02,0.0,9.8,8.7,68
1994-01-09,-42.0,-40.2,68,0.00,307,0.01,0.0,9.9,7.9,67
1994-01-10,-40.7,-38.9,70,0.00,265,0.01,0.0,9.0,7.5,68
1994-01-11,-40.8,-38.9,68,0.00,340,0.01,0.0,10.5,6.1,67
1994-01-12,-44.2,-41.4,66,0.00,334,0.02,0.0,11.7,10.7,64
1994-01-13,-42.8,-40.3,66,0.00,318,0.02,0.0,14.0,13.0,65
1994-01-14,-42.1,-40.5,67,0.00,316,0.02,0.0,12.3,10.0,67
1994-01-15,-43.0,-41.2,67,0.00,318,0.02,0.0,13.4,11.6,66
1994-01-16,-41.0,-39.2,67,0.00,312,0.03,0.0,15.9,14.5,67
1994-01-17,-38.8,-36.7,70,0.00,308,0.03,0.0,14.9,12.9,68
1994-01-18,-38.2,-36.3,70,0.00,4,0.02,0.0,11.3,6.4,65
1994-01-19,-37.5,-34.5,72,0.00,108,0.02,0.0,11.6,8.8,70
1994-01-20,-32.5,-26.7,75,0.00,300,0.04,0.0,18.9,11.8,71
1994-01-21,-31.2,-28.1,74,0.00,332,0.04,0.0,16.9,9.4,70
1994-01-22,-30.0,-25.5,72,0.20,72,0.05,2.0,10.3,8.7,70
1994-01-23,-28.8,-26.2,73,0.00,59,0.04,0.0,9.7,8.2,70
1994-01-24,-30.1,-25.1,70,0.00,108,0.08,0.0,24.0,17.2,68
1994-01-25,-20.8,-17.5,75,0.50,122,0.15,4.0,23.8,19.2,67
1994-01-26,-18.5,-15.5,83,0.00,107,0.05,0.0,11.3,7.8,83
1994-01-27,-18.1,-15.8,79,1.80,99,0.11,7.0,16.9,12.7,75
1994-01-28,-17.4,-15.3,81,0.00,102,0.10,0.0,17.4,12.4,79
1994-01-29,-19.1,-15.8,80,0.00,329,0.08,0.0,12.7,8.9,77
1994-01-30,-22.0,-17.7,80,0.00,80,0.06,0.0,10.2,7.3,77
1994-01-31,-20.9,-19.0,79,1.90,4,0.08,6.0,14.6,10.3,76
1994-02-01,-22.4,-20.9,78,0.00,321,0.09,0.0,21.3,13.9,71
1994-02-02,-24.8,-23.7,70,0.00,318,0.15,0.0,26.1,23.8,68
1994-02-03,-26.0,-23.5,70,0.00,316,0.13,0.0,22.0,19.1,65
1994-02-04,-26.0,-24.0,71,0.00,340,0.11,0.0,17.2,14.6,64
1994-02-05,-33.1,-28.5,67,0.00,33,0.06,0.0,13.8,12.4,61
1994-02-06,-36.8,-31.3,68,0.00,313,0.04,0.0,12.0,10.2,67
1994-02-07,-31.9,-30.0,71,0.00,139,0.05,0.0,9.7,7.3,66
1994-02-08,-34.6,-31.6,71,0.00,14,0.04,0.0,8.0,5.9,66
1994-02-09,-31.9,-27.8,72,0.00,117,0.04,0.0,9.4,5.9,71
1994-02-10,-29.9,-27.9,72,0.00,50,0.07,0.0,12.2,9.4,66
1994-02-11,-34.1,-30.9,72,0.00,141,0.04,0.0,12.0,7.1,70
1994-02-12,-31.0,-25.9,71,0.30,122,0.08,2.0,16.1,12.6,66
1994-02-13,-29.9,-25.9,70,0.90,335,0.10,5.0,19.9,14.4,67
1994-02-14,-32.6,-28.7,74,0.00,217,0.06,0.0,11.0,9.1,70
1994-02-15,-30.6,-26.6,73,0.00,192,0.07,0.0,11.5,8.1,68
1994-02-16,-31.0,-26.3,76,0.00,288,0.07,0.0,11.4,9.1,74
1994-02-17,-28.7,-25.1,75,0.00,116,0.08,0.0,8.7,6.6,73
1994-02-18,-28.2,-25.1,73,0.00,39,0.09,0.0,12.7,9.7,67
1994-02-19,-27.6,-25.5,69,0.00,15,0.12,0.0,15.5,14.0,64
1994-02-20,-30.7,-27.5,68,0.00,1,0.10,0.0,14.0,12.0,64
1994-02-21,-35.9,-31.9,68,0.00,332,0.07,0.0,13.5,10.9,65
1994-02-22,-36.1,-30.5,68,0.00,345,0.07,0.0,10.8,7.3,65
1994-02-23,-35.1,-28.9,70,0.00,8,0.08,0.0,8.2,5.3,65
1994-02-24,-33.3,-29.8,70,0.00,305,0.07,0.0,8.7,5.9,66
1994-02-25,-32.6,-29.4,71,0.00,265,0.08,0.0,11.6,7.6,68
1994-02-26,-33.2,-28.6,70,0.00,276,0.10,0.0,9.4,5.6,65
1994-02-27,-32.8,-26.6,71,0.00,141,0.10,0.0,16.5,12.0,66
1994-02-28,-24.6,-19.2,75,2.40,100,0.14,5.0,18.5,15.8,70
1994-03-01,-22.4,-19.2,77,0.10,342,0.17,1.0,16.5,10.5,72
1994-03-02,-16.3,-13.0,79,4.10,82,0.29,11.0,21.7,12.3,74
1994-03-03,-10.6,-5.6,87,0.80,109,0.26,4.0,16.5,13.2,81
1994-03-04,-8.3,-6.0,88,0.00,295,0.41,0.0,10.4,7.2,76
1994-03-05,-10.0,-8.0,86,0.00,79,0.29,0.0,17.2,11.6,81
1994-03-06,-18.2,-8.7,71,1.20,320,0.31,10.0,33.6,28.8,62
1994-03-07,-25.5,-22.1,70,0.00,314,0.22,0.0,22.7,11.6,63
1994-03-08,-24.1,-22.5,71,0.00,49,0.21,0.0,17.3,12.6,64
1994-03-09,-26.1,-23.0,73,0.00,317,0.18,0.0,9.2,5.9,65
1994-03-10,-19.8,-14.7,72,1.60,108,0.33,7.0,19.7,14.1,67
1994-03-11,-18.7,-14.9,78,0.00,42,0.30,0.0,7.6,6.1,68
1994-03-12,-17.3,-11.0,78,0.00,98,0.34,0.0,17.4,11.9,72
1994-03-13,-7.1,-5.6,86,8.00,85,0.39,19.0,23.5,14.9,79
1994-03-14,-10.0,-6.7,81,0.00,80,0.44,0.0,12.4,8.6,75
1994-03-15,-10.3,-5.9,85,0.00,132,0.55,0.0,15.7,10.7,79
1994-03-16,-5.5,-1.0,88,0.70,96,0.42,4.0,16.7,12.9,84
1994-03-17,-3.8,-1.2,91,0.00,324,0.39,0.0,17.6,11.2,81
1994-03-18,-9.8,-5.6,80,0.00,328,0.43,0.0,16.9,16.0,71
1994-03-19,-13.4,-8.8,78,0.00,358,0.47,0.0,15.2,11.6,73
1994-03-20,-9.7,-7.9,83,0.00,48,0.54,0.0,11.1,10.1,73
1994-03-21,-14.2,-8.4,74,0.00,46,0.52,0.0,12.7,10.8,60
1994-03-22,-18.8,-13.8,72,0.00,76,0.46,0.0,9.8,7.9,58
1994-03-23,-19.0,-15.1,70,0.00,338,0.37,0.0,14.8,8.3,56
1994-03-24,-21.7,-17.7,67,0.00,85,0.39,0.0,15.9,12.3,58
1994-03-25,-16.1,-11.9,72,0.00,67,0.51,0.0,19.3,13.1,64
1994-03-26,-15.0,-10.4,77,0.00,106,0.54,0.0,13.6,7.2,68
1994-03-27,-7.3,-2.6,80,0.10,131,0.75,1.0,30.8,20.3,72
1994-03-28,-9.6,-3.6,77,0.00,347,0.77,0.0,32.2,17.9,71
1994-03-29,-7.5,-4.6,79,0.00,86,0.88,0.0,16.4,12.5,69
1994-03-30,-8.5,-4.3,83,0.00,110,0.72,0.0,19.1,13.8,71
1994-03-31,-6.4,-4.7,77,0.20,81,0.81,2.0,22.7,19.4,69
1994-04-01,-7.9,-4.1,80,0.00,345,0.68,0.0,15.4,10.3,70
1994-04-02,-7.3,-4.3,77,0.00,354,0.81,0.0,17.3,9.1,58
1994-04-03,-15.4,-10.2,71,0.00,344,0.71,0.0,17.5,11.4,60
1994-04-04,-15.3,-10.1,72,0.00,337,0.71,0.0,13.7,11.7,62
1994-04-05,-13.2,-8.4,76,0.00,350,0.79,0.0,12.7,8.0,65
1994-04-06,-9.9,-3.5,77,0.00,112,0.89,0.0,9.9,6.3,69
1994-04-07,-6.8,-3.6,80,0.10,5,0.98,1.0,10.9,8.9,60
1994-04-08,-9.8,-5.1,76,0.00,99,0.91,0.0,9.3,6.1,61
1994-04-09,-10.2,-7.1,78,0.10,139,0.65,1.0,12.8,8.7,66
1994-04-10,-11.5,-8.6,76,1.20,73,0.81,7.0,14.9,12.9,67
1994-04-11,-10.1,-6.4,80,2.90,81,0.71,9.0,18.4,12.9,71
1994-04-12,-7.9,-5.3,84,0.00,30,0.68,0.0,21.8,14.2,78
1994-04-13,-9.6,-6.2,77,0.00,27,0.72,0.0,19.9,10.1,69
1994-04-14,-10.3,-5.6,77,0.00,85,1.01,0.0,9.8,6.2,66
1994-04-15,-5.1,0.3,80,0.10,90,1.33,1.0,14.0,10.0,68
1994-04-16,-3.5,0.6,83,0.00,127,1.39,0.0,13.7,6.5,67
1994-04-17,0.3,3.9,78,0.00,37,1.69,0.0,15.3,9.4,60
1994-04-18,-6.2,2.9,73,0.70,326,1.23,4.0,27.9,21.7,56
1994-04-19,-9.5,-4.7,69,0.00,79,1.23,0.0,12.7,9.9,56
1994-04-20,-6.7,1.1,68,0.00,111,1.51,0.0,20.1,16.4,58
1994-04-21,-2.9,1.7,78,0.00,81,1.57,0.0,14.4,10.3,62
1994-04-22,-4.5,0.7,77,0.00,75,1.26,0.0,23.2,20.8,69
1994-04-23,-8.2,-3.5,67,0.00,73,1.36,0.0,26.6,21.1,64
1994-04-24,-10.1,-5.4,76,0.00,52,1.13,0.0,14.9,10.3,66
1994-04-25,-7.2,-3.5,79,0.00,60,1.07,0.0,10.0,6.2,71
1994-04-26,-5.8,-3.3,80,0.00,67,1.06,0.0,14.2,10.6,72
1994-04-27,-7.5,-2.1,77,0.00,94,1.41,0.0,14.8,12.4,66
1994-04-28,-2.6,3.1,75,0.00,129,1.61,0.0,22.7,19.1,64
1994-04-29,2.5,5.2,75,0.00,134,2.24,0.0,21.3,15.4,67
1994-04-30,2.8,8.5,76,0.00,99,2.08,0.0,12.1,9.9,60
1994-05-01,3.2,8.0,77,0.00,86,2.07,0.0,19.1,17.3,62
1994-05-02,1.4,5.5,81,0.00,90,1.71,0.0,19.9,18.6,64
1994-05-03,1.7,6.0,71,0.00,117,2.38,0.0,19.3,16.4,43
1994-05-04,2.7,7.9,63,0.00,144,2.65,0.0,17.6,16.4,45
1994-05-05,4.7,10.8,62,0.00,146,2.91,0.0,18.5,16.0,46
1994-05-06,7.1,12.6,69,0.00,165,2.99,0.0,16.8,11.7,49
1994-05-07,6.2,10.9,72,0.00,321,2.38,0.0,28.7,15.3,51
1994-05-08,4.0,8.7,67,0.00,325,2.15,0.0,26.5,17.1,48
1994-05-09,2.1,6.6,69,0.60,112,1.51,3.0,23.9,16.5,48
1994-05-10,1.8,4.1,84,3.80,70,0.95,7.0,18.8,11.5,72
1994-05-11,2.3,5.9,77,0.00,124,1.83,0.0,14.0,9.6,62
1994-05-12,4.4,10.5,71,0.00,93,2.26,0.0,25.3,21.2,54
1994-05-13,3.5,9.0,85,5.60,104,1.02,19.0,22.8,20.1,64
1994-05-14,2.8,5.2,89,0.10,123,0.87,1.0,16.4,10.5,80
1994-05-15,4.7,9.2,75,0.00,15,2.37,0.0,10.8,7.2,46
1994-05-16,6.1,13.1,65,0.00,20,3.14,0.0,13.6,9.8,41
1994-05-17,8.3,13.4,63,0.00,46,3.18,0.0,12.0,7.8,41
1994-05-18,5.9,12.9,70,0.00,36,2.39,0.0,14.5,12.1,43
1994-05-19,2.5,7.5,66,0.00,114,2.53,0.0,15.9,11.6,52
1994-05-20,4.4,10.7,63,0.00,139,3.22,0.0,23.8,20.2,41
1994-05-21,7.1,12.4,59,0.00,137,3.76,0.0,20.5,17.4,40
1994-05-22,8.0,12.4,57,0.00,133,3.85,0.0,16.3,15.0,39
1994-05-23,8.7,13.0,59,0.00,130,3.79,0.0,19.1,14.8,42
1994-05-24,10.5,17.0,60,0.00,132,4.19,0.0,20.4,16.8,44
1994-05-25,12.8,19.1,60,0.00,150,4.54,0.0,18.5,17.0,46
1994-05-26,14.1,19.4,62,0.10,155,4.41,1.0,20.6,17.6,45
1994-05-27,12.2,17.5,59,3.60,158,3.08,3.0,17.7,10.0,44
1994-05-28,6.9,13.1,93,4.30,203,1.22,7.0,30.1,16.3,68
1994-05-29,6.6,12.4,65,0.00,296,3.39,0.0,20.2,10.0,41
1994-05-30,9.0,14.3,59,0.00,58,3.62,0.0,15.8,13.4,41
1994-05-31,10.0,14.1,64,0.00,110,3.40,0.0,14.5,13.1,43
1994-06-01,11.9,20.5,59,0.00,120,4.29,0.0,21.6,16.1,33
1994-06-02,14.3,19.8,59,0.00,181,4.75,0.0,20.1,15.4,31
1994-06-03,15.0,19.9,46,0.00,200,5.11,0.0,12.9,10.2,33
1994-06-04,15.5,21.5,44,0.00,133,5.21,0.0,13.0,10.1,30
1994-06-05,16.6,22.9,54,0.00,111,5.49,0.0,19.5,17.3,31
1994-06-06,17.3,23.1,50,0.00,146,5.94,0.0,21.2,19.5,31
1994-06-07,17.5,23.0,47,0.00,163,5.94,0.0,19.7,17.3,33
1994-06-08,18.5,24.0,46,0.00,151,5.48,0.0,15.8,12.4,33
1994-06-09,18.6,24.6,43,0.00,158,5.73,0.0,12.7,10.0,28
1994-06-10,17.1,23.0,54,1.40,45,3.91,7.0,22.5,14.5,33
1994-06-11,11.8,16.3,48,0.20,18,4.66,2.0,18.9,12.8,27
1994-06-12,9.8,16.3,42,0.00,65,4.34,0.0,19.4,13.7,27
1994-06-13,8.3,12.0,37,0.00,85,4.36,0.0,16.2,13.1,28
1994-06-14,8.7,13.1,43,0.00,70,4.25,0.0,15.3,11.8,29
1994-06-15,10.6,16.2,46,0.00,231,4.24,0.0,16.6,9.5,29
1994-06-16,13.1,17.8,42,0.00,197,5.34,0.0,19.5,14.2,28
1994-06-17,14.5,19.6,44,0.00,165,5.61,0.0,21.4,15.9,28
1994-06-18,15.8,20.6,47,0.00,167,5.67,0.0,21.6,17.9,31
1994-06-19,16.7,20.0,58,0.00,245,4.26,0.0,12.2,6.7,40
1994-06-20,13.9,18.8,69,2.00,296,3.65,5.0,20.2,11.6,33
1994-06-21,15.0,20.0,57,0.00,196,4.45,0.0,21.3,12.5,33
1994-06-22,16.5,19.9,59,0.20,200,3.40,1.0,18.4,11.6,39
1994-06-23,11.8,18.3,73,4.20,356,1.99,6.0,20.5,12.3,52
1994-06-24,10.3,14.1,55,0.10,300,3.23,1.0,16.6,11.8,34
1994-06-25,12.2,15.9,59,1.10,172,3.59,2.0,23.0,16.7,35
1994-06-26,13.4,15.7,78,0.30,291,2.84,1.0,23.5,16.6,52
1994-06-27,10.0,14.8,57,0.10,321,3.41,1.0,23.7,15.9,34
1994-06-28,11.7,15.8,49,0.00,248,4.50,0.0,19.2,12.0,33
1994-06-29,13.6,19.2,47,0.00,167,5.13,0.0,19.5,10.6,31
1994-06-30,16.5,20.6,47,0.00,240,4.86,0.0,10.5,5.3,31
1994-07-01,16.9,20.7,48,0.00,118,5.00,0.0,12.8,7.8,30
1994-07-02,17.5,23.0,44,0.00,94,5.68,0.0,15.6,12.7,26
1994-07-03,18.8,22.8,42,0.00,92,6.17,0.0,19.3,15.7,25
1994-07-04,18.0,22.1,37,0.00,81,6.59,0.0,18.5,16.9,25
1994-07-05,16.2,20.4,46,0.00,133,5.36,0.0,19.5,14.9,27
1994-07-06,14.9,18.4,56,0.00,148,4.44,0.0,24.7,19.5,41
1994-07-07,16.0,21.5,58,0.00,134,4.78,0.0,23.0,20.7,47
1994-07-08,18.6,24.1,60,0.40,135,5.04,2.0,20.9,18.4,44
1994-07-09,18.6,23.9,70,4.00,131,3.68,7.0,17.7,15.2,43
1994-07-10,19.4,22.9,60,0.00,75,3.66,0.0,18.4,10.6,40
1994-07-11,19.6,24.6,60,0.00,95,4.28,0.0,14.0,8.2,32
1994-07-12,19.8,24.1,60,0.20,308,4.53,1.0,19.4,10.9,35
1994-07-13,18.5,23.3,48,0.00,33,5.17,0.0,16.2,9.3,29
1994-07-14,20.3,24.8,49,0.00,247,5.49,0.0,12.1,8.6,29
1994-07-15,20.7,24.8,49,0.00,183,5.15,0.0,16.6,9.5,27
1994-07-16,21.2,25.2,50,0.00,172,5.67,0.0,19.4,13.7,34
1994-07-17,22.0,25.8,57,0.20,158,5.35,1.0,19.0,12.6,39
1994-07-18,21.6,24.9,66,0.10,134,4.44,1.0,11.8,8.4,49
1994-07-19,20.6,23.8,68,0.90,156,4.67,1.0,19.4,10.7,49
1994-07-20,21.7,27.0,52,0.00,210,6.03,0.0,19.8,16.0,27
1994-07-21,21.9,26.5,42,1.00,259,5.88,4.0,21.9,15.4,30
1994-07-22,17.9,22.3,64,2.90,319,4.30,7.0,26.3,19.3,40
1994-07-23,19.7,23.1,57,0.00,257,4.73,0.0,15.5,9.1,41
1994-07-24,20.9,25.9,55,0.00,152,5.41,0.0,19.1,13.8,40
1994-07-25,22.9,27.1,52,0.00,168,6.34,0.0,22.0,18.6,37
1994-07-26,24.7,30.3,51,0.00,166,5.85,0.0,21.1,11.5,35
1994-07-27,23.6,30.2,44,0.00,44,6.04,0.0,18.6,12.7,22
1994-07-28,23.0,26.7,44,0.00,255,5.40,0.0,15.8,8.3,22
1994-07-29,22.9,26.5,49,0.00,296,5.23,0.0,16.2,9.2,28
1994-07-30,20.4,26.3,40,0.00,103,5.41,0.0,12.1,9.6,28
1994-07-31,19.8,24.2,40,0.00,122,5.24,0.0,13.4,9.1,21
1994-08-01,20.7,26.0,45,0.00,166,4.81,0.0,11.8,6.4,21
1994-08-02,20.8,26.1,52,0.00,76,4.84,0.0,16.9,10.9,24
1994-08-03,18.4,22.7,44,0.00,152,5.42,0.0,19.5,16.1,28
1994-08-04,22.3,28.5,57,0.00,168,5.36,0.0,17.1,13.2,28
1994-08-05,21.6,28.2,62,1.40,31,4.23,4.0,20.9,14.5,34
1994-08-06,16.6,22.1,45,0.00,34,4.74,0.0,16.3,10.5,25
1994-08-07,17.5,20.0,49,0.00,190,4.06,0.0,16.0,10.2,25
1994-08-08,18.6,23.7,54,0.00,216,3.88,0.0,13.0,9.1,38
1994-08-09,21.0,24.9,62,0.00,192,4.06,0.0,14.6,6.5,36
1994-08-10,21.5,26.9,58,0.00,190,4.96,0.0,17.3,12.6,38
1994-08-11,21.2,27.0,54,0.10,41,4.90,1.0,22.7,15.7,36
1994-08-12,16.4,21.4,53,0.00,115,4.01,0.0,13.7,10.7,36
1994-08-13,17.6,21.8,60,0.00,166,4.14,0.0,18.5,12.4,41
1994-08-14,19.9,23.3,65,0.00,278,3.88,0.0,23.4,12.2,49
1994-08-15,16.0,21.5,62,0.00,352,3.05,0.0,24.2,16.2,49
1994-08-16,16.4,19.5,64,0.20,228,2.43,2.0,8.6,4.2,46
1994-08-17,16.9,21.0,73,0.00,249,2.88,0.0,13.3,7.6,50
1994-08-18,20.1,24.7,68,0.80,284,3.47,3.0,20.2,15.6,48
1994-08-19,20.6,25.2,64,1.30,310,3.94,3.0,24.6,16.6,33
1994-08-20,15.6,20.2,54,0.00,84,3.86,0.0,20.1,11.7,35
1994-08-21,16.1,21.1,65,3.30,140,3.31,4.0,27.0,20.3,39
1994-08-22,18.6,21.4,82,0.50,152,2.50,1.0,18.9,14.9,64
1994-08-23,14.6,18.8,94,37.30,288,0.50,24.0,33.2,18.1,80
1994-08-24,10.1,11.1,91,14.50,324,0.71,22.0,35.9,31.6,71
1994-08-25,11.0,14.2,62,0.00,320,2.63,0.0,26.7,16.6,47
1994-08-26,14.1,17.4,69,0.00,192,2.59,0.0,15.6,10.8,50
1994-08-27,15.7,18.4,77,0.00,146,2.12,0.0,11.9,8.4,59
1994-08-28,15.1,18.0,69,0.00,117,3.12,0.0,21.0,15.5,49
1994-08-29,13.3,16.4,69,0.00,121,2.94,0.0,17.3,15.1,52
1994-08-30,13.9,16.4,71,0.00,147,2.83,0.0,20.2,15.0,57
1994-08-31,15.0,17.9,73,0.00,158,2.88,0.0,17.4,13.5,55
1994-09-01,15.3,17.8,68,0.00,154,3.20,0.0,21.0,18.1,50
1994-09-02,15.7,17.9,64,0.00,158,3.43,0.0,21.5,18.7,51
1994-09-03,15.4,17.9,70,0.00,186,2.57,0.0,16.2,10.2,44
1994-09-04,12.4,17.5,73,0.50,259,1.73,3.0,24.9,15.3,46
1994-09-05,10.5,12.2,75,0.20,298,1.66,1.0,22.7,20.9,64
1994-09-06,9.6,13.5,70,0.00,11,1.89,0.0,19.0,9.4,46
1994-09-07,9.2,13.3,69,0.00,78,1.44,0.0,15.7,12.4,47
1994-09-08,7.8,9.3,76,1.00,53,1.15,6.0,15.0,11.7,63
1994-09-09,8.3,11.1,75,0.00,25,1.50,0.0,13.9,7.4,56
1994-09-10,8.4,10.5,72,0.00,30,1.43,0.0,20.5,17.1,60
1994-09-11,6.0,8.4,67,0.00,9,1.46,0.0,19.4,12.2,54
1994-09-12,6.5,8.8,75,3.30,138,1.16,10.0,19.9,12.4,55
1994-09-13,7.6,10.1,83,2.80,105,1.12,10.0,16.6,8.2,63
1994-09-14,8.1,10.4,79,0.00,3,1.08,0.0,17.2,11.8,64
1994-09-15,9.2,12.3,82,0.00,144,1.20,0.0,29.1,15.1,67
1994-09-16,12.2,17.1,70,0.50,228,2.34,2.0,21.4,17.1,47
1994-09-17,12.1,17.1,72,0.00,176,1.98,0.0,17.1,10.4,53
1994-09-18,12.7,16.7,77,0.00,273,1.70,0.0,26.1,20.5,60
1994-09-19,10.0,15.3,80,5.10,124,1.48,7.0,25.0,15.6,54
1994-09-20,8.7,14.8,81,1.40,307,0.95,6.0,27.3,20.2,59
1994-09-21,6.6,9.7,78,2.30,158,0.86,5.0,31.8,18.2,71
1994-09-22,8.1,13.1,87,6.60,127,0.71,8.0,26.4,14.7,66
1994-09-23,6.6,12.8,80,0.00,320,0.95,0.0,27.9,14.3,62
1994-09-24,7.9,10.8,78,0.00,197,1.29,0.0,21.7,9.8,61
1994-09-25,12.1,16.0,72,1.80,173,2.21,4.0,30.4,20.8,57
1994-09-26,8.2,15.3,72,0.00,329,1.32,0.0,19.3,15.4,58
1994-09-27,5.4,8.0,77,0.40,82,0.87,3.0,18.4,12.0,63
1994-09-28,5.0,6.9,86,5.30,34,0.71,20.0,16.7,14.3,70
1994-09-29,3.3,6.2,78,0.00,337,1.04,0.0,14.9,10.6,53
1994-09-30,3.5,5.8,74,0.40,107,0.87,2.0,14.4,8.2,55
1994-10-01,4.3,7.1,79,0.30,118,1.03,3.0,15.0,13.2,49
1994-10-02,3.5,6.5,72,0.00,95,1.14,0.0,14.7,11.5,58
1994-10-03,5.8,6.8,75,1.10,179,1.07,3.0,36.0,26.3,68
1994-10-04,7.4,10.2,83,0.20,177,0.81,1.0,20.6,12.0,73
1994-10-05,5.8,9.4,91,4.00,7,0.36,9.0,23.7,13.3,78
1994-10-06,2.4,4.3,73,0.00,39,0.72,0.0,19.8,10.8,65
1994-10-07,5.1,6.6,88,2.50,177,0.66,7.0,22.0,15.3,70
1994-10-08,4.2,6.5,84,0.00,319,0.57,0.0,18.1,13.6,74
1994-10-09,3.2,4.3,82,0.00,99,0.62,0.0,20.5,17.2,74
1994-10-10,3.6,5.5,88,0.00,41,0.53,0.0,11.2,6.9,69
1994-10-11,2.6,4.8,81,0.00,334,0.51,0.0,11.3,8.2,64
1994-10-12,3.9,6.8,80,0.00,160,0.76,0.0,23.3,14.4,69
1994-10-13,4.3,6.2,80,0.00,202,0.78,0.0,19.2,12.3,68
1994-10-14,1.8,5.1,85,0.00,7,0.48,0.0,16.6,10.2,68
1994-10-15,-0.1,1.9,78,0.00,333,0.52,0.0,14.1,8.6,63
1994-10-16,1.6,3.6,84,0.40,135,0.46,2.0,28.4,20.2,72
1994-10-17,4.5,6.5,91,3.10,139,0.49,6.0,27.3,18.6,85
1994-10-18,2.7,5.2,91,0.00,273,0.32,0.0,18.6,16.3,81
1994-10-19,1.0,3.0,79,0.00,280,0.46,0.0,17.8,10.0,70
1994-10-20,1.8,3.0,91,0.00,91,0.34,0.0,13.3,7.8,83
1994-10-21,0.3,1.7,88,0.00,71,0.27,0.0,11.7,8.2,74
1994-10-22,0.4,2.4,87,2.20,118,0.33,12.0,14.5,9.5,72
1994-10-23,1.5,2.8,85,1.40,154,0.37,9.0,16.9,14.7,75
1994-10-24,0.8,2.4,90,0.00,164,0.29,0.0,22.4,11.2,84
1994-10-25,2.2,4.2,92,2.20,155,0.28,6.0,22.1,13.7,87
1994-10-26,2.7,3.9,95,1.40,109,0.16,4.0,17.1,13.7,93
1994-10-27,1.9,3.4,97,4.50,14,0.12,11.0,20.2,13.7,95
1994-10-28,-1.9,0.8,86,7.00,337,0.36,24.0,29.0,26.4,82
1994-10-29,-4.1,-3.1,82,4.80,340,0.37,17.0,24.2,20.7,79
1994-10-30,-4.8,-4.3,85,0.60,8,0.19,4.0,14.8,8.1,81
1994-10-31,-3.5,-2.4,84,0.00,89,0.23,0.0,15.6,10.2,74
1994-11-01,-6.6,-3.9,81,0.00,70,0.21,0.0,11.9,8.9,78
1994-11-02,-7.6,-3.5,83,0.00,164,0.19,0.0,14.1,5.3,74
1994-11-03,-3.2,-2.8,80,0.00,163,0.46,0.0,31.6,24.4,76
1994-11-04,-1.0,0.7,87,5.20,154,0.35,14.0,30.6,23.8,80
1994-11-05,-4.6,-0.1,86,0.80,270,0.25,5.0,28.4,22.0,78
1994-11-06,-14.1,-8.9,80,0.00,329,0.17,0.0,24.3,13.7,77
1994-11-07,-5.8,-3.6,84,0.40,166,0.17,4.0,14.4,10.5,79
1994-11-08,-4.4,-3.8,89,0.00,248,0.11,0.0,9.4,4.0,86
1994-11-09,-7.5,-4.8,88,1.10,337,0.09,4.0,11.1,7.8,86
1994-11-10,-7.8,-5.0,90,2.10,259,0.08,6.0,16.5,9.0,87
1994-11-11,-1.6,1.5,88,2.00,157,0.26,6.0,30.9,24.5,82
1994-11-12,-4.7,0.2,88,0.00,236,0.11,0.0,15.9,10.5,84
1994-11-13,-6.5,-5.7,89,0.00,48,0.10,0.0,12.0,8.1,85
1994-11-14,-10.6,-6.2,84,0.60,10,0.13,6.0,19.1,15.5,80
1994-11-15,-15.5,-9.4,80,0.20,53,0.11,2.0,16.9,11.8,76
1994-11-16,-7.6,-6.6,86,0.20,121,0.07,2.0,10.0,7.8,83
1994-11-17,-12.1,-8.1,86,0.00,325,0.05,0.0,11.4,9.0,82
1994-11-18,-8.3,-5.3,82,0.00,176,0.29,0.0,31.7,23.7,78
1994-11-19,-10.4,-5.6,80,0.00,293,0.21,0.0,32.6,21.7,72
1994-11-20,-19.6,-15.3,76,0.00,295,0.14,0.0,23.7,18.2,74
1994-11-21,-24.9,-21.8,76,0.00,44,0.06,0.0,13.0,10.1,74
1994-11-22,-15.9,-13.1,76,0.20,114,0.20,2.0,28.0,19.5,73
1994-11-23,-13.5,-12.1,79,7.00,72,0.19,24.0,29.7,20.7,74
1994-11-24,-23.3,-19.4,72,0.00,3,0.11,0.0,22.3,15.4,70
1994-11-25,-30.6,-28.3,74,0.00,10,0.03,0.0,11.5,8.6,73
1994-11-26,-22.7,-14.6,75,0.30,97,0.12,2.0,23.5,16.2,71
1994-11-27,-14.8,-13.6,82,2.10,103,0.08,10.0,22.5,12.3,79
1994-11-28,-16.6,-15.7,81,0.00,81,0.11,0.0,17.0,15.7,80
1994-11-29,-15.5,-13.6,84,0.00,31,0.06,0.0,16.2,10.6,81
1994-11-30,-23.2,-19.3,78,0.00,345,0.07,0.0,16.5,14.0,76
1994-12-01,-18.5,-15.9,80,5.20,8,0.10,17.0,18.6,15.3,77
1994-12-02,-19.4,-16.9,78,0.10,329,0.11,1.0,19.9,17.2,74
1994-12-03,-25.4,-21.6,78,0.00,274,0.03,0.0,12.9,8.4,75
1994-12-04,-20.5,-16.3,74,0.00,159,0.17,0.0,29.9,24.6,67
1994-12-05,-12.9,-12.0,74,0.00,167,0.27,0.0,28.3,22.8,68
1994-12-06,-12.5,-11.8,81,0.00,139,0.10,0.0,14.3,12.3,80
1994-12-07,-16.8,-12.5,79,0.00,305,0.09,0.0,17.4,12.5,75
1994-12-08,-24.6,-19.2,74,0.00,325,0.08,0.0,17.1,13.9,70
1994-12-09,-32.3,-27.8,73,0.00,315,0.02,0.0,12.3,9.1,72
1994-12-10,-37.2,-32.8,72,0.00,73,0.02,0.0,19.2,10.1,69
1994-12-11,-28.8,-26.7,71,0.00,103,0.06,0.0,20.3,13.9,70
1994-12-12,-26.0,-22.5,78,0.00,138,0.05,0.0,17.8,12.5,74
1994-12-13,-18.7,-16.7,83,0.00,116,0.03,0.0,15.1,9.0,79
1994-12-14,-13.1,-10.8,87,0.00,127,0.05,0.0,21.8,16.5,84
1994-12-15,-12.3,-11.0,86,0.00,210,0.06,0.0,19.1,14.7,81
1994-12-16,-20.9,-15.4,80,0.00,318,0.04,0.0,16.8,10.1,77
1994-12-17,-24.9,-23.9,72,0.00,62,0.08,0.0,15.8,12.7,69
1994-12-18,-24.0,-20.3,73,1.60,86,0.12,9.0,23.4,20.5,69
1994-12-19,-16.7,-11.6,81,1.50,93,0.11,5.0,27.2,17.7,78
1994-12-20,-11.0,-7.9,89,5.60,150,0.03,7.0,24.7,12.2,84
1994-12-21,-14.7,-13.5,90,0.00,207,0.01,0.0,9.4,7.8,89
1994-12-22,-10.1,-6.1,89,1.60,148,0.03,2.0,18.1,13.0,87
1994-12-23,-11.7,-8.3,88,0.00,272,0.06,0.0,19.2,13.2,81
1994-12-24,-17.7,-14.0,84,0.00,104,0.04,0.0,21.9,11.1,82
1994-12-25,-7.5,-5.5,83,1.80,132,0.25,6.0,27.1,23.0,76
1994-12-26,-15.9,-9.8,80,0.00,265,0.10,0.0,22.4,14.8,77
1994-12-27,-24.9,-19.9,75,0.00,25,0.05,0.0,14.8,10.9,72
1994-12-28,-27.3,-23.3,77,0.00,127,0.06,0.0,18.4,14.9,75
1994-12-29,-23.8,-22.8,78,0.00,119,0.03,0.0,15.1,9.0,76
1994-12-30,-19.7,-15.4,80,0.00,161,0.07,0.0,25.6,15.0,76
1994-12-31,-12.1,-11.1,80,0.10,280,0.16,1.0,24.6,17.9,76
1995-01-01,-15.9,-11.0,79,0.00,340,0.11,0.0,19.7,15.5,75
1995-01-02,-25.2,-24.0,78,0.00,114,0.05,0.0,17.4,11.9,75
1995-01-03,-22.7,-20.5,77,0.00,149,0.09,0.0,19.9,17.5,76
1995-01-04,-20.3,-18.0,80,0.00,312,0.05,0.0,15.5,11.4,75
1995-01-05,-19.4,-15.9,79,0.00,330,0.09,0.0,22.3,15.1,77
1995-01-06,-26.3,-23.9,78,0.00,85,0.01,0.0,11.3,6.4,76
1995-01-07,-32.2,-28.7,74,0.00,338,0.03,0.0,14.3,10.7,73
1995-01-08,-36.7,-35.8,72,0.00,93,0.02,0.0,12.5,9.4,68
1995-01-09,-37.0,-35.9,75,0.00,101,0.02,0.0,12.3,10.8,74
1995-01-10,-34.6,-30.5,73,0.00,86,0.04,0.0,14.3,13.1,69
1995-01-11,-27.3,-23.9,73,2.50,77,0.07,12.0,14.2,12.3,70
1995-01-12,-24.0,-23.5,78,0.00,64,0.03,0.0,11.7,6.7,76
1995-01-13,-25.3,-23.3,79,0.00,85,0.04,0.0,15.2,9.9,77
1995-01-14,-24.4,-23.5,76,0.00,101,0.09,0.0,20.3,19.0,74
1995-01-15,-20.9,-17.6,79,0.00,105,0.10,0.0,18.7,17.2,76
1995-01-16,-15.8,-13.5,84,0.00,110,0.08,0.0,15.6,13.2,82
1995-01-17,-12.2,-10.6,89,0.00,133,0.06,0.0,18.6,14.7,86
1995-01-18,-11.7,-10.6,85,0.00,121,0.13,0.0,20.7,19.3,82
1995-01-19,-11.1,-10.3,83,1.80,134,0.19,8.0,25.0,22.9,81
1995-01-20,-10.6,-9.9,87,0.00,148,0.08,0.0,18.2,15.5,85
1995-01-21,-15.0,-12.8,87,0.00,121,0.05,0.0,16.9,8.7,85
1995-01-22,-13.2,-12.0,88,0.00,127,0.05,0.0,18.4,9.4,87
1995-01-23,-13.8,-12.5,83,0.00,85,0.10,0.0,15.2,12.9,80
1995-01-24,-13.8,-12.9,85,0.00,84,0.06,0.0,12.2,5.9,82
1995-01-25,-13.2,-13.0,86,0.00,99,0.06,0.0,12.4,9.8,83
1995-01-26,-14.6,-13.5,84,0.00,4,0.05,0.0,7.4,5.8,81
1995-01-27,-17.8,-15.7,82,0.00,257,0.04,0.0,5.5,4.2,78
1995-01-28,-16.4,-15.2,84,0.00,126,0.06,0.0,12.1,8.1,81
1995-01-29,-13.4,-11.9,86,0.00,109,0.09,0.0,19.2,12.5,84
1995-01-30,-13.8,-12.5,83,0.00,323,0.12,0.0,14.7,12.5,79
1995-01-31,-16.0,-14.7,82,0.00,353,0.07,0.0,9.9,5.4,80
1995-02-01,-16.4,-14.9,84,1.40,51,0.06,8.0,10.1,6.2,81
1995-02-02,-20.1,-15.3,79,0.00,315,0.10,0.0,16.7,12.7,72
1995-02-03,-23.4,-18.4,76,0.00,103,0.11,0.0,25.7,16.7,74
1995-02-04,-14.8,-13.5,82,1.90,122,0.15,8.0,24.7,14.1,74
1995-02-05,-18.9,-15.6,80,0.00,332,0.09,0.0,11.9,9.4,73
1995-02-06,-20.8,-17.2,77,0.00,117,0.14,0.0,22.0,16.8,75
1995-02-07,-12.9,-9.7,83,0.60,232,0.17,3.0,19.4,12.8,76
1995-02-08,-15.8,-10.0,76,0.00,357,0.15,0.0,22.0,13.5,65
1995-02-09,-24.4,-22.3,72,0.00,335,0.14,0.0,23.2,18.7,70
1995-02-10,-25.9,-23.7,73,0.00,332,0.11,0.0,20.0,15.8,70
1995-02-11,-27.9,-24.6,73,0.00,333,0.10,0.0,19.1,15.4,70
1995-02-12,-23.3,-21.0,74,0.00,318,0.16,0.0,22.1,17.0,71
1995-02-13,-19.7,-18.0,75,0.00,303,0.18,0.0,26.0,18.1,69
1995-02-14,-21.2,-19.7,75,0.00,309,0.17,0.0,22.8,17.5,70
1995-02-15,-21.6,-21.0,75,0.00,300,0.14,0.0,21.6,14.7,66
1995-02-16,-25.7,-21.8,72,0.00,274,0.14,0.0,20.3,16.6,69
1995-02-17,-22.5,-19.0,72,0.00,250,0.18,0.0,20.6,14.1,67
1995-02-18,-25.5,-20.2,70,0.00,312,0.15,0.0,20.3,14.8,64
1995-02-19,-27.9,-24.3,70,0.00,90,0.10,0.0,14.6,9.8,66
1995-02-20,-26.3,-22.5,74,0.00,86,0.10,0.0,17.5,8.6,68
1995-02-21,-21.1,-19.3,75,4.00,65,0.18,12.0,21.8,11.7,71
1995-02-22,-24.5,-19.7,76,0.00,321,0.12,0.0,13.7,10.0,67
1995-02-23,-28.3,-24.2,72,0.00,5,0.12,0.0,12.9,8.3,67
1995-02-24,-29.1,-24.3,72,0.00,86,0.12,0.0,18.3,13.9,65
1995-02-25,-24.1,-21.3,65,0.00,72,0.22,0.0,23.8,22.2,63
1995-02-26,-24.9,-21.4,69,0.00,71,0.17,0.0,21.8,13.6,66
1995-02-27,-26.1,-23.9,73,0.00,188,0.13,0.0,5.7,3.7,68
1995-02-28,-27.3,-23.1,75,0.00,170,0.13,0.0,13.0,8.2,70
1995-03-01,-21.8,-19.6,76,1.00,311,0.18,4.0,17.7,12.4,72
1995-03-02,-25.5,-19.6,72,0.70,1,0.14,4.0,17.4,12.8,61
1995-03-03,-31.4,-28.3,67,0.00,338,0.11,0.0,15.4,7.2,63
1995-03-04,-32.7,-27.6,68,0.00,274,0.11,0.0,14.0,7.7,65
1995-03-05,-28.1,-23.6,71,0.00,139,0.18,0.0,16.1,13.7,65
1995-03-06,-30.4,-24.5,70,0.00,3,0.15,0.0,12.6,8.7,60
1995-03-07,-29.4,-24.4,71,0.00,145,0.14,0.0,13.8,10.6,64
1995-03-08,-26.5,-21.1,72,0.00,93,0.22,0.0,8.7,4.9,64
1995-03-09,-23.2,-17.4,74,0.00,150,0.26,0.0,17.1,14.3,69
1995-03-10,-16.0,-13.1,77,3.20,92,0.31,10.0,18.7,14.1,72
1995-03-11,-17.2,-13.7,77,0.00,21,0.27,0.0,16.7,10.9,71
1995-03-12,-14.5,-12.0,78,4.60,346,0.25,14.0,30.7,17.8,63
1995-03-13,-26.0,-21.6,65,0.00,357,0.23,0.0,26.5,12.6,60
1995-03-14,-15.2,-7.2,78,0.30,116,0.35,2.0,17.1,14.3,64
1995-03-15,-9.5,-6.9,89,1.80,327,0.24,5.0,23.7,10.6,73
1995-03-16,-19.8,-14.7,71,0.00,360,0.42,0.0,24.1,14.1,66
1995-03-17,-14.4,-9.3,80,0.00,119,0.45,0.0,19.8,17.5,72
1995-03-18,-8.3,-4.0,84,0.00,143,0.60,0.0,21.7,18.7,78
1995-03-19,-4.2,-0.8,86,0.00,132,0.63,0.0,14.0,12.3,79
1995-03-20,-1.0,0.3,92,1.20,145,0.56,3.0,10.8,9.0,86
1995-03-21,-2.1,-0.2,90,0.00,21,0.54,0.0,25.2,12.5,80
1995-03-22,-3.4,-1.8,90,5.70,1,0.40,15.0,28.0,19.8,86
1995-03-23,-15.2,-8.5,76,1.50,281,0.42,7.0,25.3,21.4,62
1995-03-24,-19.9,-16.4,72,1.30,352,0.32,7.0,15.9,9.6,62
1995-03-25,-19.3,-16.3,71,2.20,305,0.37,12.0,21.3,17.1,57
1995-03-26,-21.7,-18.6,66,0.00,350,0.36,0.0,16.4,6.1,54
1995-03-27,-23.0,-18.1,65,0.00,53,0.39,0.0,11.0,8.9,53
1995-03-28,-22.9,-16.7,66,0.00,87,0.46,0.0,10.5,7.5,55
1995-03-29,-19.2,-12.8,68,0.00,91,0.55,0.0,13.9,10.7,59
1995-03-30,-17.3,-11.5,72,0.00,79,0.67,0.0,14.6,9.9,62
1995-03-31,-13.0,-8.2,75,0.00,96,0.70,0.0,7.2,6.3,66
1995-04-01,-12.6,-8.7,78,0.00,36,0.63,0.0,11.9,6.3,67
1995-04-02,-21.0,-9.6,64,0.00,39,0.47,0.0,23.1,18.5,54
1995-04-03,-25.8,-21.3,64,0.00,4,0.42,0.0,13.3,7.2,50
1995-04-04,-24.4,-17.3,65,0.00,107,0.46,0.0,13.4,9.4,50
1995-04-05,-21.3,-17.4,65,0.00,79,0.51,0.0,15.5,14.0,56
1995-04-06,-18.6,-11.5,73,0.00,90,0.64,0.0,17.3,14.4,66
1995-04-07,-12.8,-7.7,77,0.00,109,0.77,0.0,18.7,17.2,62
1995-04-08,-9.6,-5.0,72,0.00,114,1.02,0.0,19.6,17.7,62
1995-04-09,-7.1,-2.2,77,0.00,112,1.08,0.0,15.5,12.2,66
1995-04-10,-1.8,2.6,85,0.00,71,1.42,0.0,10.1,7.6,75
1995-04-11,-2.4,2.1,88,0.00,32,1.06,0.0,10.2,8.8,76
1995-04-12,-5.9,-0.7,81,0.00,63,1.30,0.0,10.2,7.3,64
1995-04-13,-7.5,-2.8,80,0.00,90,1.15,0.0,11.9,9.6,65
1995-04-14,-7.6,-4.0,82,0.00,71,0.93,0.0,18.9,16.1,75
1995-04-15,-6.1,-4.2,83,2.90,79,0.61,10.0,27.1,22.5,78
1995-04-16,-3.0,-0.1,86,4.80,111,0.76,17.0,25.3,22.9,80
1995-04-17,-0.9,0.9,85,0.00,121,1.03,0.0,23.5,21.6,71
1995-04-18,-2.8,0.5,83,0.00,102,1.07,0.0,22.1,18.5,75
1995-04-19,-4.9,-2.0,79,0.00,91,1.25,0.0,19.8,17.5,68
1995-04-20,-5.0,-0.0,81,0.00,83,1.42,0.0,16.4,13.2,71
1995-04-21,-2.8,2.1,82,0.00,57,1.70,0.0,10.1,6.9,65
1995-04-22,-2.1,2.3,82,0.00,41,1.81,0.0,7.5,5.4,66
1995-04-23,0.0,4.7,78,0.00,134,1.91,0.0,16.5,12.2,58
1995-04-24,-1.3,4.1,80,0.00,71,1.43,0.0,15.5,12.1,65
1995-04-25,-2.8,0.0,80,0.00,109,1.33,0.0,14.2,12.3,69
1995-04-26,-2.9,0.5,81,0.00,101,1.59,0.0,16.3,14.8,69
1995-04-27,-2.4,2.8,81,0.00,109,1.88,0.0,15.1,11.2,68
1995-04-28,0.5,4.0,88,0.00,102,1.36,0.0,12.2,10.6,71
1995-04-29,1.7,5.7,80,0.00,140,1.93,0.0,16.4,14.8,57
1995-04-30,2.4,7.7,74,0.00,153,2.38,0.0,12.2,8.7,58
1995-05-01,1.9,6.8,82,1.20,95,1.33,5.0,22.4,11.1,65
1995-05-02,-2.2,2.1,67,0.00,63,1.55,0.0,24.5,18.8,56
1995-05-03,-2.4,0.4,62,0.00,129,1.59,0.0,12.0,7.8,55
1995-05-04,-0.2,7.2,70,0.00,189,2.39,0.0,10.6,9.0,51
1995-05-05,3.4,9.4,72,0.00,152,2.68,0.0,12.2,9.0,59
1995-05-06,4.0,9.0,78,0.00,36,2.54,0.0,14.6,10.0,61
1995-05-07,3.2,9.8,81,1.60,141,1.81,4.0,17.4,13.8,66
1995-05-08,6.8,9.9,74,0.00,94,2.43,0.0,20.5,15.4,62
1995-05-09,2.3,7.8,75,0.00,77,2.31,0.0,21.9,16.8,62
1995-05-10,3.9,10.7,73,0.00,92,2.88,0.0,14.1,10.0,55
1995-05-11,2.3,10.7,65,0.00,81,2.67,0.0,18.0,14.0,41
1995-05-12,2.4,8.4,59,0.00,112,2.72,0.0,14.4,10.8,42
1995-05-13,2.0,8.5,61,0.00,85,2.63,0.0,16.2,11.6,45
1995-05-14,0.5,6.1,53,0.00,116,2.81,0.0,13.5,11.5,30
1995-05-15,4.2,10.9,51,0.00,136,3.35,0.0,17.9,15.1,30
1995-05-16,6.7,10.5,77,2.70,25,1.96,9.0,20.4,14.4,47
1995-05-17,2.6,7.6,69,0.00,19,1.91,0.0,17.9,15.9,58
1995-05-18,0.5,3.9,66,0.00,350,2.05,0.0,24.0,21.4,56
1995-05-19,0.2,3.0,62,0.00,347,2.02,0.0,21.3,18.1,52
1995-05-20,1.2,5.9,60,0.00,4,2.45,0.0,16.3,10.1,44
1995-05-21,2.7,7.3,71,0.00,120,2.41,0.0,15.1,10.2,46
1995-05-22,5.2,9.4,69,0.00,74,2.48,0.0,14.1,9.0,52
1995-05-23,3.9,8.5,66,0.00,344,2.81,0.0,18.9,16.8,36
1995-05-24,4.0,8.7,55,0.00,350,3.22,0.0,15.8,11.3,34
1995-05-25,4.4,8.8,57,0.00,161,3.06,0.0,22.5,13.2,36
1995-05-26,7.5,13.1,53,0.00,157,3.40,0.0,20.8,17.7,43
1995-05-27,11.1,16.9,56,0.90,113,3.51,4.0,20.5,16.9,44
1995-05-28,12.5,18.8,64,0.20,88,4.22,2.0,17.7,11.6,47
1995-05-29,12.6,19.0,66,0.00,101,4.17,0.0,15.1,9.6,48
1995-05-30,12.6,19.0,68,0.60,225,3.42,1.0,16.2,9.8,48
1995-05-31,9.1,14.5,74,0.00,351,2.74,0.0,16.4,8.9,53
1995-06-01,8.3,15.7,66,0.00,118,3.56,0.0,16.6,12.8,45
1995-06-02,12.6,18.6,60,0.00,115,4.51,0.0,13.0,10.0,34
1995-06-03,14.6,19.5,53,0.00,134,4.63,0.0,16.2,12.6,34
1995-06-04,15.0,21.9,57,0.00,153,4.91,0.0,15.5,9.9,39
1995-06-05,17.2,21.5,48,0.00,100,5.71,0.0,25.6,16.1,25
1995-06-06,13.0,18.6,43,0.00,104,5.75,0.0,27.8,22.0,19
1995-06-07,13.2,17.6,35,0.00,149,5.88,0.0,19.0,16.4,20
1995-06-08,14.6,20.6,36,0.00,158,5.33,0.0,14.7,10.4,21
1995-06-09,17.2,23.2,36,0.00,140,6.10,0.0,14.3,12.7,24
1995-06-10,19.2,24.1,38,0.00,122,6.40,0.0,15.7,13.3,24
1995-06-11,20.1,24.9,38,0.00,139,6.18,0.0,13.4,10.2,24
1995-06-12,21.0,26.8,37,0.00,123,6.88,0.0,18.6,14.1,25
1995-06-13,21.3,26.7,46,0.00,110,6.62,0.0,20.7,14.8,28
1995-06-14,20.5,25.6,54,1.60,57,4.62,3.0,15.5,7.3,30
1995-06-15,16.8,22.3,72,0.40,89,3.01,1.0,14.9,12.1,58
1995-06-16,16.4,21.5,67,1.00,112,3.88,1.0,13.0,10.6,42
1995-06-17,14.7,20.7,73,0.30,163,3.30,1.0,5.2,3.3,46
1995-06-18,16.5,21.6,70,6.00,54,2.24,7.0,24.4,15.5,44
1995-06-19,10.3,13.1,79,2.50,59,1.52,9.0,27.6,21.6,64
1995-06-20,8.1,9.3,88,5.80,14,0.94,10.0,17.6,13.8,72
1995-06-21,11.2,19.2,70,0.00,11,3.71,0.0,20.5,15.8,40
1995-06-22,14.8,19.4,62,0.00,187,4.45,0.0,18.0,8.7,40
1995-06-23,15.7,22.2,61,0.00,153,5.06,0.0,20.4,15.6,46
1995-06-24,17.8,22.3,52,0.00,197,5.16,0.0,18.7,15.9,33
1995-06-25,16.4,20.1,48,0.00,189,5.39,0.0,18.1,13.0,32
1995-06-26,16.3,20.2,48,0.00,342,5.42,0.0,22.4,15.8,31
1995-06-27,14.1,19.5,62,2.30,333,3.55,6.0,27.2,15.7,36
1995-06-28,11.6,15.3,50,0.90,303,4.03,5.0,22.7,15.7,33
1995-06-29,12.0,15.6,60,1.60,160,3.14,3.0,19.2,11.8,32
1995-06-30,11.9,14.7,63,0.00,340,3.22,0.0,17.3,11.5,41
1995-07-01,11.1,14.6,51,0.00,73,4.20,0.0,13.9,10.2,35
1995-07-02,11.6,15.5,53,0.00,96,3.77,0.0,15.9,13.3,40
1995-07-03,13.0,16.2,56,0.10,93,3.99,1.0,13.5,11.0,35
1995-07-04,13.1,16.4,52,0.30,71,4.28,3.0,13.5,11.2,33
1995-07-05,11.0,14.6,69,1.30,57,2.28,8.0,16.6,12.6,40
1995-07-06,12.6,15.8,68,0.20,74,2.69,2.0,9.1,6.4,49
1995-07-07,14.6,17.3,61,0.00,221,3.58,0.0,13.8,8.1,46
1995-07-08,16.4,20.6,56,0.10,113,4.72,1.0,22.9,13.1,43
1995-07-09,11.4,15.6,48,0.00,49,4.61,0.0,22.0,12.3,31
1995-07-10,14.1,18.0,49,0.00,241,4.62,0.0,9.4,6.7,31
1995-07-11,15.8,19.2,48,0.00,153,4.20,0.0,11.3,6.6,31
1995-07-12,14.8,18.3,48,0.00,92,3.88,0.0,13.3,8.1,33
1995-07-13,15.1,18.2,52,0.00,162,4.14,0.0,15.2,10.6,33
1995-07-14,16.0,19.9,51,0.00,154,4.65,0.0,14.2,11.5,34
1995-07-15,17.6,22.1,57,1.60,194,4.12,6.0,13.5,10.4,35
1995-07-16,17.4,21.1,72,0.60,348,3.49,4.0,13.0,9.2,50
1995-07-17,16.2,20.4,69,1.50,245,3.80,6.0,11.5,4.6,37
1995-07-18,17.0,20.7,65,4.90,245,3.84,7.0,20.6,15.8,41
1995-07-19,18.0,20.6,70,1.50,295,3.44,1.0,16.0,9.6,53
1995-07-20,16.3,19.4,74,5.00,328,3.25,4.0,20.4,13.9,44
1995-07-21,15.3,17.4,81,6.90,298,2.24,12.0,19.8,12.5,60
1995-07-22,13.0,17.2,70,0.80,328,3.23,5.0,23.3,20.7,60
1995-07-23,11.4,13.9,79,12.00,337,2.01,15.0,24.2,16.6,57
1995-07-24,12.5,16.8,76,1.10,340,2.73,3.0,14.8,10.0,48
1995-07-25,15.2,18.8,64,0.00,157,3.81,0.0,19.7,13.6,46
1995-07-26,16.6,19.1,64,0.00,117,3.39,0.0,15.0,11.5,45
1995-07-27,13.5,18.2,64,0.00,7,3.30,0.0,23.9,18.8,43
1995-07-28,11.8,14.3,54,0.00,332,2.99,0.0,18.5,12.8,45
1995-07-29,13.0,16.8,67,0.00,251,3.25,0.0,17.7,11.7,46
1995-07-30,12.3,15.7,66,1.10,327,3.13,2.0,17.5,9.1,37
1995-07-31,14.1,17.3,56,0.00,130,3.53,0.0,14.0,9.5,36
1995-08-01,15.2,19.4,62,0.00,299,3.93,0.0,20.3,10.2,38
1995-08-02,15.2,19.3,58,0.00,298,4.13,0.0,19.7,10.3,40
1995-08-03,17.2,21.3,69,0.60,166,3.91,1.0,20.0,13.8,51
1995-08-04,18.3,21.7,65,2.40,194,3.73,4.0,20.3,15.5,47
1995-08-05,15.2,18.9,83,7.20,277,1.91,12.0,17.2,14.3,66
1995-08-06,12.5,15.4,74,3.00,310,1.65,8.0,22.4,16.8,67
1995-08-07,12.1,15.0,84,0.70,335,1.48,4.0,19.9,16.9,68
1995-08-08,14.0,16.2,73,0.10,87,2.09,1.0,14.4,5.6,54
1995-08-09,14.5,18.9,62,0.00,62,3.09,0.0,12.0,9.0,39
1995-08-10,15.3,18.7,63,0.00,112,3.12,0.0,16.3,11.0,40
1995-08-11,14.8,17.5,66,0.00,140,3.02,0.0,15.8,12.9,49
1995-08-12,14.9,16.8,68,0.00,156,2.73,0.0,15.0,10.1,52
1995-08-13,15.6,19.3,69,0.00,140,3.39,0.0,19.7,12.9,46
1995-08-14,16.9,21.5,60,0.00,118,4.40,0.0,20.9,17.3,40
1995-08-15,16.9,21.3,65,0.00,84,3.75,0.0,17.6,15.6,39
1995-08-16,13.9,19.2,70,2.40,72,2.34,6.0,19.8,18.6,48
1995-08-17,14.7,21.0,80,0.20,93,2.40,2.0,14.5,11.0,45
1995-08-18,15.8,20.4,66,0.00,49,2.83,0.0,23.4,17.7,45
1995-08-19,13.1,16.3,71,1.60,22,2.06,9.0,24.5,22.2,61
1995-08-20,11.3,13.1,74,1.90,30,1.60,10.0,22.7,13.0,60
1995-08-21,10.9,12.9,85,4.20,167,1.30,22.0,5.8,3.6,73
1995-08-22,12.6,15.6,75,0.00,201,2.40,0.0,14.5,7.0,56
1995-08-23,13.9,16.7,73,0.00,174,2.82,0.0,15.9,13.3,53
1995-08-24,13.8,17.0,70,0.00,64,2.73,0.0,18.6,9.0,49
1995-08-25,12.3,15.9,71,1.80,354,2.08,5.0,17.4,8.9,52
1995-08-26,10.9,13.8,81,2.40,333,1.78,5.0,19.4,14.6,46
1995-08-27,10.0,12.1,56,0.00,282,2.39,0.0,16.8,9.6,39
1995-08-28,9.2,11.7,64,1.40,296,2.40,3.0,22.4,14.9,38
1995-08-29,8.7,11.2,65,2.60,282,2.15,6.0,17.5,9.6,40
1995-08-30,11.7,16.1,63,0.00,214,2.80,0.0,21.7,15.5,42
1995-08-31,10.4,14.2,81,2.20,8,1.37,5.0,17.8,9.9,61
1995-09-01,7.5,10.9,69,0.00,346,1.75,0.0,19.4,11.3,54
1995-09-02,11.7,15.3,85,1.90,114,1.48,9.0,18.8,12.4,71
1995-09-03,9.2,13.9,80,10.50,357,1.63,8.0,22.9,14.5,53
1995-09-04,12.4,17.1,72,0.00,197,2.33,0.0,20.9,13.7,58
1995-09-05,7.5,13.8,65,0.20,335,2.00,1.0,25.9,21.3,45
1995-09-06,8.1,13.0,63,0.00,186,2.16,0.0,27.8,17.5,46
1995-09-07,8.3,13.1,72,0.00,20,1.59,0.0,19.2,13.2,54
1995-09-08,7.2,9.4,76,1.60,112,1.31,10.0,27.9,21.7,54
1995-09-09,9.9,15.7,88,0.00,108,1.52,0.0,25.7,16.1,72
1995-09-10,10.4,15.4,91,4.20,89,0.71,8.0,16.0,13.3,73
1995-09-11,8.5,12.1,93,6.30,82,0.59,8.0,22.0,17.2,80
1995-09-12,4.7,6.3,91,8.50,76,0.49,13.0,23.8,17.5,76
1995-09-13,7.4,10.0,86,5.00,286,0.82,9.0,18.5,13.7,73
1995-09-14,9.3,12.5,84,0.20,310,1.19,1.0,11.2,6.8,64
1995-09-15,8.4,12.0,80,0.00,317,1.31,0.0,16.4,11.8,57
1995-09-16,6.7,10.0,75,2.20,310,1.35,4.0,33.7,23.6,53
1995-09-17,4.2,5.9,73,0.60,328,1.36,4.0,23.4,18.2,56
1995-09-18,2.6,5.0,65,0.00,334,1.26,0.0,22.5,16.3,53
1995-09-19,2.9,5.5,70,0.00,106,1.22,0.0,14.0,11.2,56
1995-09-20,5.3,9.3,71,0.00,173,1.63,0.0,23.8,16.7,58
1995-09-21,9.5,14.4,70,0.00,201,1.93,0.0,23.1,14.3,56
1995-09-22,8.9,13.1,82,0.00,108,1.34,0.0,13.9,10.3,65
1995-09-23,11.1,17.0,79,0.00,175,1.65,0.0,15.2,10.0,65
1995-09-24,12.1,18.2,86,0.00,114,1.54,0.0,9.2,5.2,66
1995-09-25,13.7,19.2,85,0.00,144,1.57,0.0,11.9,6.8,71
1995-09-26,11.7,18.2,88,0.00,72,1.01,0.0,21.6,16.9,72
1995-09-27,9.6,11.8,82,0.00,103,1.09,0.0,23.8,20.2,74
1995-09-28,9.2,11.5,87,0.00,331,0.51,0.0,22.8,13.8,78
1995-09-29,4.4,9.3,69,0.00,325,1.19,0.0,24.8,19.6,62
1995-09-30,2.3,4.8,70,0.00,84,0.74,0.0,10.1,7.3,62
1995-10-01,5.5,8.1,81,1.30,145,0.61,3.0,14.4,10.0,67
1995-10-02,5.9,7.0,92,3.30,286,0.61,5.0,11.9,8.0,69
1995-10-03,4.8,6.8,83,0.00,1,0.57,0.0,20.6,12.2,71
1995-10-04,1.6,4.4,73,0.00,329,0.80,0.0,21.5,15.3,64
1995-10-05,0.6,3.1,71,0.00,52,0.75,0.0,11.4,7.6,61
1995-10-06,3.8,6.9,84,1.50,103,0.61,6.0,20.9,18.2,69
1995-10-07,4.7,6.2,95,3.10,234,0.30,8.0,19.5,14.5,87
1995-10-08,3.3,7.8,84,0.00,77,0.55,0.0,15.1,9.3,76
1995-10-09,5.9,7.5,96,6.70,169,0.22,20.0,14.7,12.0,80
1995-10-10,4.5,5.8,92,0.10,324,0.45,1.0,11.5,8.8,79
1995-10-11,2.7,5.1,80,0.00,64,0.50,0.0,11.7,9.4,67
1995-10-12,2.6,5.1,84,3.00,117,0.48,11.0,17.7,15.1,71
1995-10-13,4.9,5.7,88,0.00,150,0.49,0.0,21.7,19.8,80
1995-10-14,4.8,5.6,91,1.40,112,0.40,8.0,14.3,9.1,82
1995-10-15,2.5,4.6,88,0.00,306,0.35,0.0,18.0,14.0,79
1995-10-16,-1.2,1.1,72,0.00,313,0.69,0.0,19.1,16.1,52
1995-10-17,-2.3,-1.0,68,0.00,290,0.67,0.0,16.9,11.0,55
1995-10-18,-2.4,-0.2,68,0.00,72,0.71,0.0,18.4,14.8,59
1995-10-19,-0.2,2.3,78,0.90,118,0.62,7.0,20.7,16.8,63
1995-10-20,1.9,2.6,91,7.10,137,0.29,12.0,28.1,21.2,84
1995-10-21,0.3,2.2,89,0.00,288,0.36,0.0,25.6,18.6,71
1995-10-22,-3.0,-1.0,68,0.00,294,0.75,0.0,26.3,20.4,61
1995-10-23,-4.0,-2.7,71,0.00,18,0.40,0.0,12.0,9.3,63
1995-10-24,-2.6,-2.2,71,0.00,87,0.53,0.0,17.3,13.4,62
1995-10-25,-2.5,-1.0,72,0.00,112,0.54,0.0,19.4,15.3,65
1995-10-26,-2.6,-1.4,75,0.00,83,0.52,0.0,19.0,17.1,63
1995-10-27,-6.1,-3.8,70,0.00,51,0.39,0.0,14.3,10.0,60
1995-10-28,-5.7,-4.0,71,0.00,342,0.31,0.0,12.7,8.0,60
1995-10-29,-4.5,-3.7,74,0.00,307,0.35,0.0,14.8,10.9,60
1995-10-30,-6.8,-4.5,70,0.00,45,0.29,0.0,17.2,9.6,59
1995-10-31,-12.5,-9.6,65,0.00,19,0.31,0.0,17.6,9.6,58
1995-11-01,-5.9,-3.1,71,0.00,169,0.47,0.0,27.2,16.1,63
1995-11-02,-3.4,-1.6,77,0.00,153,0.51,0.0,22.1,19.7,69
1995-11-03,-3.6,-2.8,84,0.00,137,0.22,0.0,16.3,11.7,77
1995-11-04,-3.4,-1.9,81,0.80,340,0.32,5.0,20.2,16.5,67
1995-11-05,-8.0,-5.3,76,0.00,20,0.33,0.0,16.4,15.5,69
1995-11-06,-13.1,-8.7,74,0.00,344,0.28,0.0,21.8,18.8,67
1995-11-07,-15.3,-12.7,76,0.00,326,0.19,0.0,17.1,14.7,72
1995-11-08,-14.5,-13.1,78,0.00,306,0.16,0.0,15.5,12.7,73
1995-11-09,-14.3,-13.4,77,0.00,316,0.20,0.0,19.5,17.1,64
1995-11-10,-17.3,-16.2,66,0.00,329,0.29,0.0,24.8,21.3,63
1995-11-11,-19.1,-16.5,69,0.00,17,0.12,0.0,13.5,8.0,60
1995-11-12,-12.5,-10.8,77,0.00,86,0.18,0.0,15.3,12.7,69
1995-11-13,-13.9,-11.4,79,0.00,70,0.12,0.0,16.6,11.1,73
1995-11-14,-11.8,-10.7,83,0.10,88,0.13,1.0,17.9,13.1,81
1995-11-15,-18.2,-13.8,82,0.00,26,0.06,0.0,14.1,8.9,81
1995-11-16,-12.0,-10.9,82,0.00,85,0.14,0.0,17.7,15.3,78
1995-11-17,-9.1,-5.2,87,0.90,120,0.13,2.0,21.6,16.9,82
1995-11-18,-4.6,-4.0,92,0.00,71,0.09,0.0,16.6,11.0,88
1995-11-19,-8.5,-4.3,84,0.00,344,0.17,0.0,19.7,18.2,78
1995-11-20,-18.7,-14.8,72,0.00,16,0.07,0.0,13.8,6.4,67
1995-11-21,-18.9,-16.4,77,0.00,2,0.10,0.0,16.3,12.7,73
1995-11-22,-27.3,-23.5,76,0.00,332,0.05,0.0,15.6,10.1,74
1995-11-23,-31.8,-28.9,75,0.00,357,0.03,0.0,9.8,9.1,70
1995-11-24,-31.2,-28.3,72,0.00,318,0.05,0.0,14.8,12.5,71
1995-11-25,-29.8,-27.8,73,0.00,327,0.05,0.0,13.2,10.8,71
1995-11-26,-25.9,-23.7,75,0.00,329,0.07,0.0,15.2,14.1,73
1995-11-27,-25.8,-24.3,75,0.00,324,0.06,0.0,14.8,12.0,73
1995-11-28,-28.7,-26.5,76,0.00,296,0.03,0.0,10.5,9.2,74
1995-11-29,-26.3,-23.9,78,0.00,220,0.03,0.0,10.2,7.8,76
1995-11-30,-21.9,-20.7,78,0.00,208,0.02,0.0,7.6,4.8,76
1995-12-01,-20.3,-19.1,81,0.00,119,0.03,0.0,10.8,7.8,78
1995-12-02,-21.1,-19.7,79,0.60,101,0.07,3.0,17.5,13.3,77
1995-12-03,-20.7,-19.6,80,1.50,317,0.05,5.0,15.0,10.9,78
1995-12-04,-24.7,-22.9,74,0.00,327,0.09,0.0,20.2,16.9,70
1995-12-05,-31.0,-27.4,70,0.00,341,0.06,0.0,18.4,16.3,68
1995-12-06,-31.9,-28.3,70,0.00,347,0.06,0.0,20.6,17.8,69
1995-12-07,-28.5,-27.8,72,0.00,324,0.08,0.0,20.8,18.6,71
1995-12-08,-31.7,-29.5,71,0.00,295,0.03,0.0,13.0,8.9,70
1995-12-09,-29.6,-25.9,73,0.00,318,0.06,0.0,20.2,17.0,69
1995-12-10,-34.2,-32.4,70,0.00,335,0.03,0.0,17.9,11.8,69
1995-12-11,-35.1,-31.6,73,0.00,119,0.03,0.0,19.2,13.3,70
1995-12-12,-27.1,-23.6,67,0.00,128,0.13,0.0,24.3,22.1,63
1995-12-13,-22.3,-21.4,76,0.30,100,0.06,3.0,18.9,10.1,70
1995-12-14,-27.7,-22.4,73,0.00,332,0.05,0.0,15.5,11.8,71
1995-12-15,-26.3,-24.5,72,0.00,46,0.01,0.0,6.9,3.4,70
1995-12-16,-24.3,-23.5,77,0.10,349,0.01,1.0,6.8,3.8,75
1995-12-17,-24.5,-22.3,76,0.10,16,0.02,1.0,8.8,4.7,75
1995-12-18,-20.6,-18.4,77,6.10,74,0.10,13.0,22.9,15.8,74
1995-12-19,-23.8,-19.7,77,0.00,272,0.04,0.0,15.3,10.0,75
1995-12-20,-16.6,-13.0,82,0.40,121,0.09,2.0,17.2,14.2,75
1995-12-21,-18.2,-13.4,80,1.40,298,0.06,4.0,21.6,11.5,78
1995-12-22,-17.0,-15.4,82,0.00,85,0.05,0.0,12.9,9.8,79
1995-12-23,-16.4,-15.4,84,0.00,28,0.01,0.0,7.9,4.3,83
1995-12-24,-15.6,-13.3,85,0.00,133,0.06,0.0,20.8,14.2,84
1995-12-25,-13.9,-11.6,84,0.00,309,0.07,0.0,20.4,13.8,80
1995-12-26,-19.6,-16.3,81,0.00,95,0.07,0.0,21.5,14.4,79
1995-12-27,-14.9,-14.5,83,0.00,80,0.07,0.0,19.8,12.5,81
1995-12-28,-14.7,-13.2,82,0.00,38,0.02,0.0,7.3,5.0,81
1995-12-29,-14.7,-13.2,81,0.00,84,0.07,0.0,13.6,10.5,79
1995-12-30,-16.6,-15.8,79,1.50,91,0.13,6.0,19.6,17.2,78
1995-12-31,-15.2,-14.4,81,2.50,73,0.08,9.0,15.3,11.8,79
1996-01-01,-16.5,-13.5,81,1.00,97,0.08,10.0,17.6,12.5,79
1996-01-02,-12.3,-10.8,85,0.00,106,0.11,0.0,22.8,20.1,81
1996-01-03,-19.0,-15.6,79,0.00,79,0.05,0.0,15.6,10.1,76
1996-01-04,-20.2,-18.4,82,0.00,185,0.03,0.0,16.5,9.0,76
1996-01-05,-20.1,-19.1,75,0.00,191,0.11,0.0,18.1,15.5,71
1996-01-06,-24.5,-22.5,77,0.00,131,0.05,0.0,16.8,11.0,72
1996-01-07,-22.6,-20.6,77,0.00,359,0.05,0.0,16.8,10.3,73
1996-01-08,-25.2,-22.6,78,0.50,113,0.02,4.0,11.2,6.2,76
1996-01-09,-24.5,-23.6,74,1.50,352,0.06,12.0,14.4,10.3,70
1996-01-10,-25.3,-24.4,74,1.60,65,0.04,11.0,11.9,8.0,72
1996-01-11,-28.9,-25.8,72,1.50,354,0.04,9.0,12.3,8.8,67
1996-01-12,-31.2,-29.2,71,0.00,329,0.05,0.0,14.0,12.6,68
1996-01-13,-36.1,-33.0,72,0.00,273,0.03,0.0,14.5,11.8,68
1996-01-14,-34.1,-31.4,77,0.00,280,0.03,0.0,14.0,11.3,73
1996-01-15,-29.3,-28.4,75,0.00,279,0.03,0.0,12.0,9.2,72
1996-01-16,-34.4,-31.6,73,0.00,330,0.03,0.0,16.1,12.3,69
1996-01-17,-40.1,-38.5,72,0.00,300,0.02,0.0,12.0,10.4,69
1996-01-18,-40.2,-38.9,71,0.00,225,0.02,0.0,10.3,8.3,70
1996-01-19,-40.3,-37.5,70,0.00,230,0.02,0.0,14.3,9.4,66
1996-01-20,-26.8,-21.8,71,0.60,270,0.11,6.0,26.8,20.3,66
1996-01-21,-25.0,-20.7,72,0.00,309,0.11,0.0,24.9,19.0,68
1996-01-22,-27.5,-21.6,70,0.00,324,0.10,0.0,24.5,16.6,67
1996-01-23,-31.3,-29.0,75,0.00,299,0.05,0.0,15.3,13.2,73
1996-01-24,-33.0,-29.9,74,0.00,305,0.03,0.0,14.1,10.2,73
1996-01-25,-31.8,-29.4,73,0.00,329,0.05,0.0,14.0,12.3,70
1996-01-26,-36.7,-34.1,70,0.00,324,0.04,0.0,16.1,14.0,69
1996-01-27,-35.2,-32.6,70,0.00,301,0.05,0.0,16.4,13.8,68
1996-01-28,-33.9,-31.1,71,0.00,314,0.05,0.0,14.7,13.3,69
1996-01-29,-38.4,-35.4,70,0.00,34,0.02,0.0,11.5,7.7,64
1996-01-30,-39.3,-36.4,69,0.00,89,0.03,0.0,10.9,8.5,65
1996-01-31,-39.7,-37.7,67,0.00,97,0.03,0.0,11.6,10.3,63
1996-02-01,-39.5,-35.7,67,0.00,129,0.04,0.0,16.3,13.8,61
1996-02-02,-35.6,-32.8,65,0.00,123,0.05,0.0,14.9,12.1,63
1996-02-03,-31.9,-29.9,70,0.00,7,0.04,0.0,12.0,7.3,68
1996-02-04,-33.7,-30.8,72,0.00,351,0.04,0.0,12.6,8.0,69
1996-02-05,-26.5,-20.9,75,1.40,110,0.10,12.0,24.6,17.5,72
1996-02-06,-16.6,-14.3,81,2.70,95,0.12,7.0,24.4,13.3,78
1996-02-07,-15.6,-13.2,82,0.00,107,0.11,0.0,12.9,10.5,80
1996-02-08,-11.7,-9.9,89,0.00,118,0.10,0.0,15.9,11.4,87
1996-02-09,-9.6,-8.7,90,1.70,134,0.12,6.0,19.5,14.3,84
1996-02-10,-13.2,-9.5,84,0.20,319,0.14,2.0,19.9,12.1,82
1996-02-11,-11.2,-7.6,83,0.00,135,0.23,0.0,21.3,17.0,81
1996-02-12,-10.9,-7.9,87,0.00,324,0.14,0.0,17.0,10.4,81
1996-02-13,-15.4,-12.2,82,0.30,8,0.11,3.0,15.7,8.0,78
1996-02-14,-20.6,-15.8,75,0.10,331,0.18,1.0,21.5,16.5,68
1996-02-15,-25.0,-21.8,78,0.00,124,0.08,0.0,16.1,9.3,73
1996-02-16,-20.0,-19.1,74,4.10,88,0.19,13.0,20.1,12.1,69
1996-02-17,-22.9,-19.5,76,0.00,98,0.10,0.0,7.9,6.7,74
1996-02-18,-20.0,-18.4,73,0.00,43,0.14,0.0,9.0,6.9,67
1996-02-19,-21.6,-17.7,79,0.30,148,0.11,3.0,22.9,12.6,73
1996-02-20,-20.3,-17.0,79,0.00,49,0.15,0.0,18.7,10.0,73
1996-02-21,-15.7,-14.2,80,0.20,15,0.17,2.0,16.8,12.0,76
1996-02-22,-21.3,-16.4,73,2.60,278,0.20,8.0,19.6,14.0,66
1996-02-23,-27.8,-23.2,69,0.00,6,0.12,0.0,13.0,10.7,61
1996-02-24,-32.0,-28.2,67,0.00,15,0.09,0.0,11.9,7.1,61
1996-02-25,-32.5,-28.1,70,0.00,127,0.08,0.0,17.1,8.2,65
1996-02-26,-26.7,-22.1,69,0.00,130,0.18,0.0,20.7,19.1,63
1996-02-27,-21.5,-17.0,72,0.00,173,0.22,0.0,19.5,14.5,65
1996-02-28,-18.3,-12.6,79,0.00,194,0.26,0.0,9.6,6.8,74
1996-02-29,-15.7,-10.4,82,0.70,353,0.24,7.0,9.2,6.0,79
1996-03-01,-18.4,-11.1,77,0.00,12,0.24,0.0,10.9,7.3,65
1996-03-02,-20.9,-17.3,72,0.00,346,0.18,0.0,27.1,11.8,63
1996-03-03,-23.1,-20.4,66,0.10,327,0.25,1.0,29.2,25.8,56
1996-03-04,-27.7,-23.5,68,0.00,348,0.18,0.0,18.0,8.2,58
1996-03-05,-28.6,-23.7,69,0.00,1,0.15,0.0,11.3,8.1,64
1996-03-06,-28.6,-22.7,69,0.00,340,0.18,0.0,12.7,11.3,62
1996-03-07,-22.5,-15.7,70,0.00,246,0.30,0.0,14.6,12.8,61
1996-03-08,-19.7,-16.2,74,0.00,192,0.30,0.0,14.6,13.2,67
1996-03-09,-19.0,-12.4,75,0.20,228,0.28,2.0,13.6,8.8,68
1996-03-10,-13.6,-9.8,79,3.10,100,0.33,14.0,17.4,11.2,73
1996-03-11,-13.3,-9.9,81,0.50,64,0.31,5.0,18.0,12.7,73
1996-03-12,-16.2,-13.9,77,2.00,1,0.30,12.0,20.1,13.9,64
1996-03-13,-20.7,-15.7,75,1.20,131,0.23,3.0,28.6,18.2,67
1996-03-14,-15.5,-14.2,78,3.40,315,0.41,9.0,24.9,13.5,64
1996-03-15,-18.6,-14.0,73,0.00,76,0.40,0.0,10.6,7.2,60
1996-03-16,-14.6,-8.6,73,0.00,157,0.51,0.0,25.0,18.6,66
1996-03-17,-11.5,-8.6,79,0.00,11,0.41,0.0,31.4,19.3,64
1996-03-18,-20.5,-16.5,70,0.00,84,0.35,0.0,19.8,12.3,62
1996-03-19,-13.0,-9.8,73,2.10,118,0.47,14.0,22.2,17.6,65
1996-03-20,-18.0,-9.9,70,2.50,15,0.36,12.0,28.3,22.7,59
1996-03-21,-25.8,-21.6,66,0.00,53,0.28,0.0,16.1,11.0,58
1996-03-22,-27.6,-22.9,66,0.00,83,0.29,0.0,13.4,11.5,55
1996-03-23,-27.1,-19.7,67,0.00,126,0.33,0.0,9.2,7.8,60
1996-03-24,-25.8,-20.7,68,0.00,92,0.28,0.0,16.9,11.7,56
1996-03-25,-22.2,-18.0,65,0.80,106,0.36,8.0,22.7,17.2,60
1996-03-26,-20.3,-17.6,68,0.00,354,0.46,0.0,13.6,10.7,50
1996-03-27,-21.5,-15.8,68,0.20,165,0.32,2.0,17.4,11.4,49
1996-03-28,-11.6,-8.3,75,1.20,318,0.63,8.0,24.0,18.3,59
1996-03-29,-13.8,-8.6,75,0.50,326,0.47,5.0,17.0,11.5,61
1996-03-30,-18.4,-13.1,69,0.00,357,0.46,0.0,16.9,12.6,61
1996-03-31,-19.7,-17.1,70,0.00,14,0.51,0.0,11.9,6.2,58
1996-04-01,-22.0,-17.0,71,0.00,97,0.42,0.0,17.6,10.8,59
1996-04-02,-17.1,-12.8,69,0.60,104,0.49,5.0,27.9,24.5,65
1996-04-03,-11.8,-9.2,79,2.40,130,0.71,11.0,21.1,11.2,67
1996-04-04,-13.0,-8.2,78,0.00,129,0.64,0.0,18.9,10.4,66
1996-04-05,-5.1,1.4,74,1.00,126,1.22,4.0,24.7,21.7,67
1996-04-06,-0.3,2.2,87,5.00,113,0.64,6.0,17.7,13.1,78
1996-04-07,0.7,2.9,91,6.30,320,1.13,10.0,15.9,11.4,79
1996-04-08,-1.6,3.3,89,0.30,69,1.26,3.0,13.0,7.0,74
1996-04-09,-2.2,1.4,80,0.80,315,0.97,7.0,20.4,17.9,64
1996-04-10,-9.7,-3.0,75,0.00,331,0.78,0.0,18.5,15.5,62
1996-04-11,-11.8,-6.1,74,0.00,288,0.90,0.0,15.1,10.6,58
1996-04-12,-12.7,-5.7,72,0.00,354,0.92,0.0,11.2,8.0,58
1996-04-13,-13.3,-8.0,74,0.00,77,0.92,0.0,10.1,6.9,61
1996-04-14,-12.4,-8.3,74,0.00,340,0.92,0.0,12.6,9.0,59
1996-04-15,-12.2,-6.4,75,0.00,80,1.01,0.0,10.5,8.6,61
1996-04-16,-11.0,-6.6,75,0.00,78,0.84,0.0,21.7,19.1,66
1996-04-17,-13.5,-9.4,71,0.00,77,0.80,0.0,24.0,21.5,64
1996-04-18,-12.0,-7.0,69,0.10,84,0.79,1.0,21.8,19.7,62
1996-04-19,-6.0,-3.9,79,2.80,61,0.88,17.0,18.4,13.5,66
1996-04-20,-8.7,-3.9,72,0.00,321,0.93,0.0,16.7,14.2,64
1996-04-21,-10.2,-6.2,72,0.00,99,1.21,0.0,10.2,7.9,59
1996-04-22,-9.9,-3.8,72,0.00,125,1.26,0.0,16.7,12.6,53
1996-04-23,-4.3,2.8,69,0.00,133,1.71,0.0,17.4,16.1,53
1996-04-24,0.2,4.2,73,0.00,90,2.03,0.0,18.2,15.4,62
1996-04-25,1.1,6.5,79,0.00,130,1.84,0.0,19.5,13.0,57
1996-04-26,2.5,6.5,69,0.00,130,2.19,0.0,19.9,16.2,57
1996-04-27,1.6,5.6,76,0.70,82,1.95,6.0,12.4,7.1,54
1996-04-28,1.8,5.3,82,0.10,155,1.82,1.0,9.1,3.7,62
1996-04-29,2.6,8.9,77,0.00,89,2.32,0.0,13.2,9.9,43
1996-04-30,2.5,7.0,77,0.00,48,2.21,0.0,14.8,12.4,55
1996-05-01,1.5,6.4,75,0.00,48,1.65,0.0,14.8,13.1,56
1996-05-02,0.1,2.5,74,0.00,57,1.34,0.0,13.3,10.0,62
1996-05-03,-0.6,2.2,68,0.00,109,1.71,0.0,14.8,11.2,55
1996-05-04,-0.1,2.0,74,4.70,126,1.36,18.0,24.7,17.5,56
1996-05-05,-5.2,0.0,68,0.30,295,1.25,3.0,25.7,23.2,57
1996-05-06,-7.8,-5.4,67,0.70,343,1.26,7.0,22.6,16.4,45
1996-05-07,-9.2,-5.6,56,0.00,354,1.28,0.0,17.3,15.3,46
1996-05-08,-7.0,-2.1,59,0.00,356,1.70,0.0,15.6,11.5,44
1996-05-09,-5.8,-0.8,60,0.00,1,2.00,0.0,10.9,7.5,43
1996-05-10,-2.2,4.1,55,0.00,201,2.36,0.0,11.7,8.2,42
1996-05-11,1.3,5.1,61,0.10,319,2.03,1.0,14.7,7.8,44
1996-05-12,2.2,4.9,81,2.20,300,1.33,16.0,17.6,8.8,58
1996-05-13,-0.0,4.7,69,0.70,353,1.69,4.0,19.1,14.8,43
1996-05-14,-3.0,-0.4,50,0.00,83,2.06,0.0,12.0,8.2,43
1996-05-15,-0.1,5.6,57,0.00,163,2.66,0.0,19.8,11.4,38
1996-05-16,3.4,8.7,56,0.00,139,2.99,0.0,19.7,14.6,40
1996-05-17,5.4,10.2,76,1.70,121,2.16,5.0,21.4,16.2,58
1996-05-18,5.6,10.8,83,1.60,263,2.57,2.0,20.1,11.9,50
1996-05-19,5.5,11.1,75,0.10,51,1.94,1.0,16.5,13.6,49
1996-05-20,6.2,11.2,71,0.00,87,2.80,0.0,18.0,15.9,50
1996-05-21,8.2,13.0,59,0.00,121,3.48,0.0,15.3,12.7,43
1996-05-22,9.3,13.5,54,0.00,129,3.53,0.0,13.6,12.2,37
1996-05-23,10.3,16.4,56,0.00,145,4.05,0.0,11.5,9.0,33
1996-05-24,11.6,17.1,51,0.00,135,4.47,0.0,16.1,13.0,32
1996-05-25,12.5,17.2,48,0.00,135,4.66,0.0,28.8,21.8,37
1996-05-26,10.3,16.0,77,3.30,144,2.76,9.0,26.3,18.6,40
1996-05-27,9.6,14.5,65,0.00,166,3.86,0.0,21.7,15.7,38
1996-05-28,9.3,14.0,67,0.00,230,2.89,0.0,21.1,12.8,39
1996-05-29,8.9,12.1,72,0.10,292,2.16,1.0,14.3,9.4,52
1996-05-30,9.9,14.8,63,0.00,42,3.83,0.0,10.6,6.7,42
1996-05-31,10.0,14.9,59,0.00,163,4.16,0.0,11.5,8.6,39
1996-06-01,11.6,17.8,55,0.00,239,4.28,0.0,13.6,7.2,30
1996-06-02,13.2,17.9,51,0.00,83,4.59,0.0,13.7,8.8,31
1996-06-03,12.3,17.9,56,0.00,149,4.27,0.0,14.8,12.5,34
1996-06-04,9.4,17.9,59,0.10,337,3.97,1.0,23.5,17.5,34
1996-06-05,8.8,12.6,50,0.00,110,3.85,0.0,9.3,7.7,33
1996-06-06,8.5,12.4,53,0.00,280,3.43,0.0,13.8,8.8,34
1996-06-07,9.4,13.2,53,0.00,190,3.77,0.0,12.8,6.7,32
1996-06-08,10.0,15.0,71,0.00,160,3.66,0.0,12.7,9.6,49
1996-06-09,11.6,18.1,68,0.00,151,4.18,0.0,19.2,12.1,38
1996-06-10,11.6,16.4,56,0.00,172,4.58,0.0,22.9,16.8,33
1996-06-11,12.9,18.1,43,0.00,174,5.12,0.0,21.4,13.3,32
1996-06-12,12.8,18.4,64,2.30,248,2.71,9.0,13.5,10.5,34
1996-06-13,12.0,16.5,72,0.50,276,3.57,3.0,13.1,7.9,48
1996-06-14,11.7,17.1,63,1.60,33,3.97,6.0,17.7,12.4,42
1996-06-15,9.8,16.8,71,3.00,55,2.33,11.0,14.6,10.5,42
1996-06-16,11.5,16.7,57,0.00,91,4.12,0.0,18.4,9.8,29
1996-06-17,12.0,16.4,67,8.10,82,3.39,14.0,19.2,13.7,29
1996-06-18,12.7,17.3,72,0.60,46,3.48,3.0,25.5,15.6,46
1996-06-19,13.6,19.2,56,0.00,36,5.03,0.0,30.5,25.3,33
1996-06-20,13.5,19.0,58,0.00,63,3.73,0.0,27.1,12.3,35
1996-06-21,11.7,16.2,60,0.00,150,4.19,0.0,13.4,8.7,40
1996-06-22,11.9,17.3,58,0.00,123,4.55,0.0,13.8,10.0,37
1996-06-23,14.4,19.0,48,0.00,123,5.14,0.0,12.7,10.3,31
1996-06-24,15.1,19.4,47,0.00,156,5.33,0.0,20.4,12.8,30
1996-06-25,15.7,20.7,45,0.00,151,5.81,0.0,20.2,17.0,28
1996-06-26,16.6,20.7,48,0.00,144,5.79,0.0,20.9,18.2,26
1996-06-27,15.9,21.3,65,0.00,143,4.83,0.0,20.9,15.9,42
1996-06-28,17.8,21.9,58,0.00,149,5.46,0.0,17.1,14.3,38
1996-06-29,17.6,22.3,60,1.20,174,4.68,2.0,20.2,9.6,39
1996-06-30,18.4,21.5,66,0.10,248,4.58,1.0,17.7,10.5,37
1996-07-01,17.1,21.3,55,0.60,145,4.96,2.0,15.5,12.8,28
1996-07-02,15.1,20.8,65,4.60,172,2.89,9.0,13.8,9.5,36
1996-07-03,15.4,19.0,87,2.50,296,2.41,11.0,15.0,11.2,68
1996-07-04,15.3,19.0,85,3.10,188,2.91,8.0,10.7,5.7,56
1996-07-05,17.9,21.6,64,0.40,93,3.98,2.0,25.7,17.0,45
1996-07-06,14.7,17.5,74,1.40,85,2.06,7.0,23.8,21.3,66
1996-07-07,14.9,18.2,72,0.00,134,3.45,0.0,18.2,14.9,52
1996-07-08,16.1,19.7,63,0.00,165,3.74,0.0,15.7,11.5,51
1996-07-09,17.7,22.1,63,0.00,150,4.57,0.0,15.5,14.1,45
1996-07-10,20.4,25.5,50,0.00,98,5.61,0.0,15.9,12.7,30
1996-07-11,19.3,25.2,64,3.60,149,3.90,4.0,19.7,13.6,29
1996-07-12,14.2,17.8,83,3.00,242,1.45,20.0,27.0,18.4,70
1996-07-13,13.8,17.5,73,0.20,309,2.72,2.0,24.4,20.7,43
1996-07-14,14.6,18.0,57,0.00,28,4.07,0.0,15.8,7.9,37
1996-07-15,14.3,17.7,56,0.00,82,3.63,0.0,11.6,7.9,35
1996-07-16,14.6,17.6,54,0.40,70,3.21,4.0,13.7,8.8,35
1996-07-17,16.0,19.1,51,0.00,186,3.87,0.0,15.4,7.7,33
1996-07-18,16.8,21.1,52,0.00,158,5.11,0.0,19.6,12.9,32
1996-07-19,19.0,23.7,47,0.40,109,5.38,1.0,19.6,15.8,32
1996-07-20,17.3,20.0,81,6.50,101,2.57,13.0,14.7,8.1,60
1996-07-21,19.2,25.7,74,0.80,326,4.02,4.0,12.9,7.2,36
1996-07-22,21.3,25.9,56,0.00,3,4.54,0.0,10.9,5.8,34
1996-07-23,21.0,24.7,56,1.40,211,4.80,2.0,16.1,9.0,39
1996-07-24,15.3,20.7,63,0.80,26,4.30,2.0,22.1,17.5,33
1996-07-25,14.6,18.3,52,0.00,129,4.46,0.0,11.9,9.5,33
1996-07-26,16.0,20.0,62,0.00,159,4.39,0.0,16.8,12.9,39
1996-07-27,18.1,22.8,65,0.00,165,4.69,0.0,20.8,15.2,45
1996-07-28,20.6,26.6,60,0.00,177,5.05,0.0,20.4,11.5,42
1996-07-29,22.7,27.7,60,0.00,162,4.88,0.0,16.9,10.1,43
1996-07-30,23.6,28.1,52,0.00,169,6.06,0.0,20.3,16.6,35
1996-07-31,23.2,28.4,61,0.00,157,5.27,0.0,19.5,14.8,33
1996-08-01,20.1,22.9,72,0.20,140,3.39,2.0,17.8,10.3,56
1996-08-02,19.4,21.5,75,0.40,269,2.79,4.0,13.9,9.4,57
1996-08-03,19.6,22.8,64,0.00,237,3.75,0.0,13.3,7.0,45
1996-08-04,19.7,22.6,64,2.00,64,3.89,8.0,28.8,14.9,46
1996-08-05,13.8,19.2,83,8.30,30,1.55,23.0,30.5,27.7,62
1996-08-06,12.6,15.3,75,3.50,39,1.97,12.0,25.7,17.8,45
1996-08-07,13.0,15.1,70,3.00,87,2.02,11.0,15.3,9.8,46
1996-08-08,13.0,16.5,80,3.60,235,2.50,13.0,13.9,11.1,52
1996-08-09,14.5,16.6,77,4.60,174,1.85,8.0,11.9,9.0,52
1996-08-10,14.1,19.9,81,0.30,22,3.05,3.0,13.0,5.6,47
1996-08-11,17.1,20.5,64,0.50,188,3.77,2.0,20.7,12.0,44
1996-08-12,17.5,20.2,70,0.70,159,2.94,5.0,18.4,11.5,52
1996-08-13,16.3,19.4,87,8.50,250,2.09,14.0,16.6,12.3,66
1996-08-14,13.2,16.4,82,4.00,6,2.29,5.0,13.7,8.8,51
1996-08-15,14.4,16.4,68,0.00,164,2.73,0.0,16.2,9.7,51
1996-08-16,14.9,19.1,67,0.00,137,3.28,0.0,12.4,9.4,47
1996-08-17,15.7,19.1,65,0.00,116,2.93,0.0,13.4,9.1,42
1996-08-18,14.8,18.1,67,2.60,357,2.65,6.0,12.0,6.7,42
1996-08-19,12.5,15.6,76,1.50,359,2.11,3.0,15.9,10.3,56
1996-08-20,11.7,14.4,87,10.90,329,1.30,17.0,23.5,11.4,72
1996-08-21,7.9,12.4,59,0.00,324,2.85,0.0,25.7,22.4,39
1996-08-22,11.4,16.0,63,0.20,136,2.67,1.0,25.5,16.7,38
1996-08-23,12.7,16.1,81,0.10,261,1.61,1.0,22.5,14.7,58
1996-08-24,8.2,12.2,69,0.00,317,2.25,0.0,23.5,17.3,52
1996-08-25,12.2,16.7,73,0.00,162,2.45,0.0,22.9,14.4,53
1996-08-26,15.0,19.3,72,0.00,194,2.97,0.0,18.9,10.6,53
1996-08-27,15.9,20.5,70,0.00,258,2.88,0.0,11.3,8.3,40
1996-08-28,13.9,20.0,72,0.00,79,2.09,0.0,17.8,15.3,41
1996-08-29,12.5,17.6,82,1.50,2,2.12,3.0,13.7,9.3,60
1996-08-30,15.0,19.5,79,0.00,147,2.36,0.0,16.2,10.6,60
1996-08-31,17.5,21.7,77,0.60,107,2.66,2.0,20.4,18.5,64
1996-09-01,14.9,18.8,96,19.20,28,0.65,24.0,21.8,14.2,84
1996-09-02,7.9,12.0,92,21.50,357,0.66,24.0,32.2,29.1,70
1996-09-03,7.0,9.1,65,0.00,348,2.05,0.0,29.2,22.4,45
1996-09-04,8.2,11.2,68,0.00,175,1.60,0.0,21.3,11.0,46
1996-09-05,10.3,11.6,74,0.00,159,1.80,0.0,21.1,9.9,61
1996-09-06,7.5,10.3,85,2.60,6,0.96,7.0,17.7,15.3,72
1996-09-07,6.5,8.4,85,2.80,359,1.06,7.0,17.7,11.0,61
1996-09-08,7.1,10.1,69,0.00,242,1.56,0.0,14.7,9.2,48
1996-09-09,9.0,11.7,71,0.00,202,1.94,0.0,20.9,11.9,55
1996-09-10,10.9,14.1,76,0.00,178,2.15,0.0,20.6,17.7,62
1996-09-11,12.3,16.5,81,0.00,158,1.92,0.0,22.1,15.2,64
1996-09-12,14.5,17.5,77,0.00,160,2.28,0.0,23.0,18.9,65
1996-09-13,15.3,20.3,79,0.00,189,2.17,0.0,19.3,8.7,54
1996-09-14,15.6,19.7,80,0.60,106,2.03,5.0,22.9,17.0,60
1996-09-15,15.0,18.6,86,7.80,136,0.99,13.0,21.1,18.6,70
1996-09-16,13.8,16.0,92,0.60,122,0.85,4.0,16.3,12.0,73
1996-09-17,13.9,16.5,86,1.00,146,1.51,3.0,16.8,14.3,74
1996-09-18,14.0,15.7,81,0.00,167,1.81,0.0,23.8,17.3,59
1996-09-19,13.1,15.3,78,0.00,183,1.54,0.0,18.4,10.8,65
1996-09-20,11.6,14.7,92,7.60,303,0.53,20.0,16.4,9.3,76
1996-09-21,8.5,10.4,88,3.80,262,0.96,7.0,20.1,12.4,65
1996-09-22,8.9,11.4,83,1.80,34,0.99,9.0,12.5,6.9,65
1996-09-23,7.9,10.5,93,10.00,334,0.34,20.0,20.6,16.0,81
1996-09-24,8.7,10.1,98,14.90,333,0.35,24.0,19.3,14.6,95
1996-09-25,9.1,11.8,90,1.70,251,1.13,9.0,23.5,11.0,67
1996-09-26,11.3,14.2,74,2.10,198,1.99,8.0,37.8,28.2,61
1996-09-27,4.8,11.2,71,1.40,300,1.52,14.0,34.0,31.3,61
1996-09-28,-1.2,2.2,52,0.00,325,1.50,0.0,31.4,25.2,47
1996-09-29,-1.7,-0.7,57,0.30,312,1.28,3.0,31.4,23.3,49
1996-09-30,-2.4,-0.2,57,0.60,314,1.30,6.0,28.6,24.7,45
1996-10-01,-1.8,-0.1,62,0.30,313,1.11,3.0,24.7,20.2,49
1996-10-02,-2.1,-0.6,63,0.00,321,0.89,0.0,19.8,12.8,53
1996-10-03,-0.1,2.2,70,1.80,116,0.75,12.0,22.2,15.0,55
1996-10-04,1.0,1.7,88,1.50,314,0.44,7.0,22.0,13.6,63
1996-10-05,-1.9,-0.4,60,0.00,311,1.02,0.0,20.1,14.5,53
1996-10-06,0.9,4.9,78,0.00,225,0.80,0.0,18.2,13.6,56
1996-10-07,-0.4,3.8,84,0.00,31,0.52,0.0,15.8,11.5,66
1996-10-08,-1.7,0.8,71,0.40,88,0.77,4.0,16.1,14.7,61
1996-10-09,1.8,4.0,84,0.00,125,0.50,0.0,15.5,13.4,68
1996-10-10,2.5,4.4,91,0.50,93,0.39,2.0,23.5,18.5,82
1996-10-11,1.9,3.1,93,8.80,92,0.25,22.0,26.2,24.5,87
1996-10-12,-2.1,0.4,84,3.60,29,0.41,7.0,22.0,12.1,78
1996-10-13,0.3,3.2,85,0.00,138,0.43,0.0,27.2,15.5,81
1996-10-14,3.3,4.3,93,4.10,150,0.33,13.0,24.5,20.2,84
1996-10-15,1.8,3.7,94,0.10,314,0.28,1.0,16.8,9.5,85
1996-10-16,-1.0,1.2,85,0.00,342,0.43,0.0,21.8,19.3,76
1996-10-17,-1.9,-0.9,84,1.10,341,0.37,8.0,18.1,16.1,79
1996-10-18,-2.2,-1.0,88,1.40,329,0.29,12.0,15.1,6.6,74
1996-10-19,-4.4,-1.9,88,0.90,324,0.27,9.0,11.3,6.3,74
1996-10-20,-5.0,-3.1,74,0.20,273,0.39,2.0,12.8,9.3,57
1996-10-21,-4.2,-2.9,81,1.10,40,0.35,10.0,13.9,10.8,73
1996-10-22,-5.3,-4.2,81,0.10,18,0.37,1.0,19.5,16.4,74
1996-10-23,-6.0,-4.6,78,0.00,347,0.25,0.0,14.1,7.8,60
1996-10-24,-6.2,-3.1,78,0.10,77,0.27,1.0,17.3,10.1,61
1996-10-25,-6.7,-4.9,79,0.00,78,0.36,0.0,19.1,15.7,70
1996-10-26,-5.4,-1.3,82,0.10,143,0.26,1.0,21.1,12.3,75
1996-10-27,-2.8,-0.7,87,0.40,295,0.23,4.0,23.2,13.5,76
1996-10-28,-14.3,-8.8,72,0.90,346,0.33,7.0,25.8,23.2,64
1996-10-29,-20.9,-15.5,72,0.00,351,0.17,0.0,21.0,12.8,60
1996-10-30,-22.2,-12.8,70,0.00,37,0.15,0.0,13.1,8.4,64
1996-10-31,-7.3,-5.3,85,0.00,134,0.20,0.0,18.3,13.4,81
1996-11-01,-5.5,-1.3,87,0.80,120,0.19,6.0,25.0,14.1,85
1996-11-02,-5.5,-1.7,83,0.20,301,0.30,2.0,28.7,19.9,74
1996-11-03,-9.0,-3.6,82,0.00,251,0.23,0.0,23.2,13.1,77
1996-11-04,-5.4,-4.0,85,0.30,201,0.23,3.0,19.9,16.7,82
1996-11-05,-7.8,-5.4,86,0.00,73,0.13,0.0,12.1,7.2,85
1996-11-06,-3.5,-1.4,90,0.80,122,0.14,5.0,17.2,13.2,89
1996-11-07,-5.1,-2.6,89,0.70,318,0.15,7.0,18.5,13.8,77
1996-11-08,-14.0,-10.7,78,0.10,15,0.19,1.0,17.4,15.7,75
1996-11-09,-18.5,-15.2,78,0.00,38,0.10,0.0,12.4,9.7,76
1996-11-10,-16.3,-13.0,81,0.00,67,0.09,0.0,11.4,10.3,79
1996-11-11,-13.0,-8.3,84,0.00,99,0.10,0.0,16.1,9.8,81
1996-11-12,-9.3,-7.9,84,0.00,142,0.19,0.0,20.9,18.7,82
1996-11-13,-8.2,-7.5,84,0.00,193,0.19,0.0,22.0,17.7,83
1996-11-14,-12.2,-10.2,79,0.00,327,0.19,0.0,22.7,18.0,75
1996-11-15,-19.5,-15.3,79,0.00,340,0.10,0.0,14.7,13.2,76
1996-11-16,-23.0,-21.2,78,0.00,335,0.07,0.0,13.7,11.9,77
1996-11-17,-24.4,-20.1,77,0.00,39,0.07,0.0,14.8,11.4,77
1996-11-18,-23.6,-21.7,76,0.00,60,0.09,0.0,16.6,15.2,75
1996-11-19,-26.0,-23.9,74,0.00,37,0.08,0.0,15.0,13.4,72
1996-11-20,-19.5,-15.3,75,0.50,4,0.12,5.0,14.5,12.4,72
1996-11-21,-15.8,-11.6,83,0.30,0,0.05,3.0,10.4,7.7,80
1996-11-22,-12.3,-10.9,84,0.00,40,0.07,0.0,12.3,10.6,81
1996-11-23,-14.0,-13.3,81,0.10,69,0.08,1.0,11.1,10.2,77
1996-11-24,-18.6,-16.1,79,0.00,91,0.08,0.0,12.8,10.7,77
1996-11-25,-14.5,-13.4,85,0.00,154,0.09,0.0,18.5,16.2,82
1996-11-26,-17.8,-15.0,83,0.00,211,0.03,0.0,15.6,7.4,81
1996-11-27,-18.8,-16.1,83,0.00,97,0.05,0.0,14.5,10.0,80
1996-11-28,-18.8,-16.7,80,0.00,89,0.04,0.0,13.0,8.7,77
1996-11-29,-15.4,-12.0,84,0.00,135,0.06,0.0,15.1,12.0,81
1996-11-30,-10.6,-10.0,88,1.80,123,0.04,14.0,14.7,8.0,86
1996-12-01,-11.6,-10.5,85,0.00,76,0.08,0.0,15.5,12.2,81
1996-12-02,-15.1,-14.0,81,0.00,71,0.09,0.0,15.8,12.6,80
1996-12-03,-14.3,-12.4,86,0.30,117,0.04,3.0,20.6,11.5,83
1996-12-04,-12.1,-10.8,86,0.00,141,0.11,0.0,21.7,19.8,84
1996-12-05,-8.1,-6.3,89,4.10,158,0.06,14.0,17.5,12.7,84
1996-12-06,-16.1,-11.0,83,0.00,294,0.02,0.0,13.8,9.0,80
1996-12-07,-21.1,-18.6,80,0.00,37,0.02,0.0,9.0,6.5,79
1996-12-08,-14.0,-11.1,85,0.00,116,0.07,0.0,18.7,15.1,82
1996-12-09,-10.4,-10.1,85,0.00,109,0.10,0.0,18.3,15.5,85
1996-12-10,-11.9,-11.4,86,0.00,86,0.04,0.0,13.7,11.4,85
1996-12-11,-14.0,-12.8,83,0.00,71,0.09,0.0,18.5,15.4,82
1996-12-12,-13.4,-12.0,86,1.50,30,0.03,13.0,13.1,9.0,84
1996-12-13,-18.2,-16.2,84,0.00,259,0.01,0.0,9.5,5.7,82
1996-12-14,-19.9,-18.3,83,0.00,82,0.03,0.0,11.9,9.6,81
1996-12-15,-19.6,-18.5,79,0.10,23,0.05,1.0,13.8,10.7,78
1996-12-16,-20.6,-19.9,80,0.00,310,0.07,0.0,17.4,14.0,78
1996-12-17,-25.4,-21.7,78,0.00,306,0.03,0.0,15.7,9.5,77
1996-12-18,-22.4,-18.4,78,0.60,113,0.09,6.0,19.2,15.9,77
1996-12-19,-21.3,-19.0,77,0.10,9,0.06,1.0,18.0,12.2,73
1996-12-20,-33.6,-27.8,69,0.00,350,0.05,0.0,16.9,14.6,67
1996-12-21,-30.9,-29.6,72,0.00,323,0.05,0.0,15.6,14.1,70
1996-12-22,-31.6,-29.3,72,0.00,316,0.05,0.0,16.9,15.9,71
1996-12-23,-27.3,-25.9,75,0.20,306,0.05,2.0,15.0,12.2,73
1996-12-24,-30.5,-28.6,76,0.00,297,0.03,0.0,15.1,10.3,75
1996-12-25,-24.0,-17.5,76,0.10,305,0.11,1.0,28.4,19.6,66
1996-12-26,-23.7,-21.8,70,0.00,327,0.15,0.0,24.2,22.7,68
1996-12-27,-29.4,-26.6,74,0.00,317,0.05,0.0,17.2,13.2,72
1996-12-28,-28.6,-27.6,75,0.00,299,0.05,0.0,15.6,12.3,73
1996-12-29,-36.2,-32.0,74,0.00,250,0.02,0.0,14.7,9.8,70
1996-12-30,-31.8,-31.1,73,0.00,158,0.03,0.0,15.3,8.9,70
1996-12-31,-34.7,-31.6,74,0.00,126,0.01,0.0,9.8,7.7,73
1997-01-01,-30.2,-24.6,72,2.40,96,0.07,9.0,20.9,16.7,70
1997-01-02,-24.7,-23.6,77,0.90,290,0.04,5.0,15.0,10.3,75
1997-01-03,-31.9,-28.1,73,0.00,334,0.03,0.0,13.5,9.0,72
1997-01-04,-29.7,-28.1,73,0.90,73,0.02,6.0,10.2,7.1,70
1997-01-05,-32.8,-30.5,75,0.00,108,0.02,0.0,13.4,9.1,73
1997-01-06,-25.9,-19.5,76,0.00,119,0.09,0.0,24.5,20.6,74
1997-01-07,-23.4,-19.5,78,0.00,306,0.06,0.0,18.8,13.0,70
1997-01-08,-29.7,-28.6,68,0.60,315,0.09,4.0,23.5,20.9,65
1997-01-09,-32.4,-30.2,72,0.00,316,0.05,0.0,17.9,13.8,71
1997-01-10,-37.7,-34.6,72,0.00,86,0.02,0.0,16.0,10.0,68
1997-01-11,-30.7,-24.5,67,0.00,144,0.10,0.0,25.1,22.8,61
1997-01-12,-22.1,-18.5,72,0.00,126,0.08,0.0,17.7,8.9,62
1997-01-13,-16.2,-15.1,80,0.00,98,0.06,0.0,10.7,8.9,75
1997-01-14,-15.9,-13.7,76,4.80,68,0.16,11.0,26.5,19.8,61
1997-01-15,-28.2,-21.8,72,0.00,74,0.06,0.0,19.4,10.6,63
1997-01-16,-29.5,-27.4,73,0.00,125,0.06,0.0,15.8,15.1,66
1997-01-17,-23.3,-19.0,71,0.00,134,0.14,0.0,22.7,20.4,68
1997-01-18,-16.8,-15.1,79,0.40,288,0.13,2.0,21.6,16.1,72
1997-01-19,-20.7,-15.3,76,0.00,337,0.11,0.0,21.2,14.6,74
1997-01-20,-25.0,-23.6,71,0.00,55,0.07,0.0,12.7,11.0,67
1997-01-21,-34.6,-29.3,68,0.00,39,0.03,0.0,11.0,8.8,65
1997-01-22,-34.7,-29.6,67,0.00,49,0.05,0.0,13.2,11.2,64
1997-01-23,-36.5,-31.5,69,0.00,337,0.04,0.0,16.3,14.7,68
1997-01-24,-35.4,-31.0,69,0.00,294,0.05,0.0,14.8,13.4,67
1997-01-25,-31.0,-26.5,71,0.00,240,0.06,0.0,12.7,11.5,66
1997-01-26,-28.6,-25.9,73,0.00,320,0.07,0.0,17.3,14.4,69
1997-01-27,-30.4,-29.0,73,0.00,296,0.06,0.0,16.8,14.1,70
1997-01-28,-33.1,-30.6,74,0.00,174,0.03,0.0,13.7,9.1,71
1997-01-29,-26.8,-24.8,73,1.30,108,0.10,6.0,19.8,18.3,69
1997-01-30,-22.6,-19.1,77,0.30,108,0.12,2.0,20.7,19.0,74
1997-01-31,-16.8,-15.0,82,0.20,113,0.09,2.0,17.4,10.4,80
1997-02-01,-16.7,-15.2,83,0.00,91,0.07,0.0,8.8,6.3,81
1997-02-02,-17.5,-15.6,83,0.00,92,0.08,0.0,10.8,9.1,82
1997-02-03,-13.7,-11.1,87,0.00,133,0.09,0.0,15.6,11.6,85
1997-02-04,-14.8,-11.9,86,0.00,102,0.08,0.0,9.7,6.5,85
1997-02-05,-15.7,-13.3,84,0.00,59,0.08,0.0,12.6,8.1,80
1997-02-06,-12.9,-9.4,87,0.00,125,0.11,0.0,18.9,15.9,84
1997-02-07,-9.2,-8.1,88,0.00,191,0.15,0.0,17.6,11.2,84
1997-02-08,-11.8,-9.3,82,0.20,342,0.15,2.0,17.2,13.9,68
1997-02-09,-21.4,-17.3,76,0.00,101,0.13,0.0,13.8,13.0,74
1997-02-10,-19.7,-16.9,77,0.00,331,0.13,0.0,21.0,13.3,63
1997-02-11,-26.2,-22.6,77,0.00,132,0.08,0.0,19.4,11.0,71
1997-02-12,-22.9,-20.7,76,0.00,90,0.12,0.0,20.7,12.9,71
1997-02-13,-22.7,-20.8,75,0.00,330,0.13,0.0,13.3,12.0,68
1997-02-14,-30.7,-24.5,72,0.00,18,0.07,0.0,11.9,8.6,61
1997-02-15,-35.4,-31.3,70,0.00,93,0.06,0.0,9.8,8.1,64
1997-02-16,-34.2,-28.2,69,0.00,57,0.07,0.0,11.2,9.2,63
1997-02-17,-33.9,-28.9,68,0.00,14,0.07,0.0,12.2,7.7,61
1997-02-18,-34.9,-28.0,69,0.00,99,0.07,0.0,11.1,8.0,65
1997-02-19,-30.1,-24.9,70,0.00,66,0.12,0.0,13.2,10.8,64
1997-02-20,-31.5,-26.1,71,0.00,357,0.10,0.0,10.1,6.7,62
1997-02-21,-31.3,-24.5,70,0.00,19,0.10,0.0,7.7,4.7,63
1997-02-22,-28.1,-20.2,71,0.00,121,0.13,0.0,13.4,9.0,65
1997-02-23,-19.2,-12.7,77,0.00,132,0.26,0.0,23.8,17.5,70
1997-02-24,-12.3,-5.7,87,0.20,125,0.19,1.0,25.0,10.9,84
1997-02-25,-14.6,-7.5,77,0.00,343,0.31,0.0,29.6,16.1,68
1997-02-26,-15.3,-11.4,83,0.00,234,0.21,0.0,11.6,8.1,78
1997-02-27,-16.6,-12.0,79,0.00,26,0.18,0.0,12.4,9.0,65
1997-02-28,-27.4,-20.0,69,0.00,24,0.15,0.0,12.6,10.7,59
1997-03-01,-30.2,-26.5,70,0.00,304,0.13,0.0,13.3,10.7,63
1997-03-02,-31.4,-26.7,69,0.00,327,0.12,0.0,12.0,10.5,65
1997-03-03,-30.1,-24.8,71,0.00,307,0.14,0.0,12.1,10.9,66
1997-03-04,-27.8,-23.7,73,0.00,297,0.16,0.0,14.3,11.6,66
1997-03-05,-29.0,-23.9,71,0.00,312,0.16,0.0,11.5,8.1,64
1997-03-06,-28.0,-20.7,74,0.00,137,0.18,0.0,11.3,8.1,67
1997-03-07,-21.9,-15.1,74,0.00,114,0.25,0.0,21.9,18.5,68
1997-03-08,-16.0,-13.5,79,0.40,222,0.32,3.0,18.9,11.5,70
1997-03-09,-19.9,-13.7,76,0.00,337,0.28,0.0,12.1,8.7,68
1997-03-10,-23.3,-17.7,73,0.00,356,0.26,0.0,13.4,9.2,67
1997-03-11,-23.8,-18.8,73,0.00,334,0.23,0.0,16.3,14.5,66
1997-03-12,-25.2,-20.8,72,0.00,330,0.23,0.0,14.8,10.3,67
1997-03-13,-24.4,-19.2,73,0.00,350,0.28,0.0,9.4,6.0,67
1997-03-14,-22.8,-16.3,76,0.00,160,0.23,0.0,9.5,8.1,73
1997-03-15,-15.3,-9.1,81,0.00,225,0.37,0.0,14.3,7.7,67
1997-03-16,-17.9,-9.9,77,0.00,330,0.33,0.0,15.5,12.7,67
1997-03-17,-21.4,-16.2,74,0.00,287,0.33,0.0,14.0,10.5,59
1997-03-18,-21.5,-15.0,72,0.00,102,0.35,0.0,16.8,11.4,60
1997-03-19,-16.0,-10.4,73,0.00,91,0.44,0.0,20.2,17.7,69
1997-03-20,-10.5,-8.6,82,2.20,92,0.36,11.0,24.1,19.9,77
1997-03-21,-11.1,-8.8,83,0.00,351,0.48,0.0,12.8,8.0,70
1997-03-22,-12.4,-9.5,78,0.00,335,0.48,0.0,10.8,6.4,70
1997-03-23,-11.0,-7.0,80,0.60,56,0.55,4.0,11.0,8.2,71
1997-03-24,-11.2,-7.5,81,0.00,350,0.45,0.0,13.2,9.3,75
1997-03-25,-10.7,-8.3,82,1.70,2,0.40,7.0,22.5,16.3,72
1997-03-26,-18.3,-14.4,72,0.00,343,0.44,0.0,22.4,14.8,63
1997-03-27,-22.7,-18.1,70,0.00,330,0.37,0.0,12.7,11.1,58
1997-03-28,-24.2,-19.6,68,0.00,101,0.34,0.0,17.4,12.2,58
1997-03-29,-17.9,-12.9,74,0.40,88,0.46,4.0,19.2,15.9,63
1997-03-30,-14.6,-13.0,78,2.00,347,0.47,7.0,15.3,12.2,69
1997-03-31,-18.1,-13.8,73,0.00,344,0.53,0.0,13.5,9.8,63
1997-04-01,-18.2,-13.1,74,0.00,89,0.51,0.0,14.8,9.2,65
1997-04-02,-10.4,-4.5,76,0.10,122,0.69,1.0,21.9,18.5,71
1997-04-03,-9.1,-4.6,78,0.00,38,0.63,0.0,23.3,20.7,70
1997-04-04,-14.7,-11.2,75,0.00,338,0.55,0.0,20.5,15.7,63
1997-04-05,-17.5,-14.4,71,0.00,17,0.59,0.0,20.3,14.0,62
1997-04-06,-18.1,-14.6,72,0.00,99,0.57,0.0,16.8,14.7,61
1997-04-07,-16.1,-11.4,71,0.00,141,0.66,0.0,20.8,17.9,62
1997-04-08,-11.2,-6.6,71,0.00,166,0.92,0.0,21.9,18.2,65
1997-04-09,-8.7,-2.0,70,0.00,146,1.31,0.0,13.7,7.2,60
1997-04-10,-6.7,-1.2,80,0.00,287,1.14,0.0,16.9,9.0,65
1997-04-11,-4.0,-0.8,87,0.00,305,1.01,0.0,14.4,9.0,78
1997-04-12,-3.3,1.1,85,0.00,137,1.25,0.0,18.8,11.0,71
1997-04-13,-6.9,0.5,73,0.00,349,0.92,0.0,23.6,18.3,59
1997-04-14,-12.7,-6.7,73,0.00,137,0.82,0.0,24.0,15.8,59
1997-04-15,-3.4,3.5,78,0.00,166,1.51,0.0,23.1,18.0,67
1997-04-16,1.5,4.0,83,0.00,145,1.66,0.0,14.9,12.2,72
1997-04-17,0.9,6.8,82,0.00,123,1.93,0.0,10.5,7.2,65
1997-04-18,1.0,5.2,86,0.10,79,1.25,1.0,15.9,12.8,73
1997-04-19,-2.5,2.5,86,0.70,263,0.88,3.0,20.7,14.7,67
1997-04-20,-6.0,0.2,74,0.00,103,1.38,0.0,18.7,10.9,64
1997-04-21,-0.4,4.6,83,0.00,104,1.36,0.0,23.9,20.3,71
1997-04-22,2.7,4.9,83,0.00,122,1.36,0.0,18.6,15.8,72
1997-04-23,1.7,4.8,81,0.00,94,1.88,0.0,16.6,11.5,63
1997-04-24,1.1,5.3,81,0.00,153,1.53,0.0,8.3,5.9,66
1997-04-25,2.3,7.6,77,0.00,109,2.00,0.0,17.9,14.1,57
1997-04-26,3.2,7.1,75,0.00,85,2.18,0.0,22.5,18.0,60
1997-04-27,-3.0,4.4,64,0.00,73,1.79,0.0,29.3,26.7,48
1997-04-28,-5.1,-0.4,62,0.00,82,1.75,0.0,25.8,19.6,46
1997-04-29,-4.8,0.5,59,0.00,89,1.96,0.0,18.1,14.3,42
1997-04-30,-2.4,3.6,58,0.00,95,2.30,0.0,12.3,8.8,40
1997-05-01,0.0,5.8,57,0.00,102,2.52,0.0,8.6,5.5,35
1997-05-02,1.5,6.8,60,0.00,165,2.62,0.0,8.7,6.3,38
1997-05-03,3.1,9.1,57,0.00,150,2.80,0.0,9.2,5.0,38
1997-05-04,1.9,8.7,67,0.00,113,2.08,0.0,12.3,9.3,42
1997-05-05,2.4,8.2,69,0.10,132,2.62,1.0,11.4,6.4,46
1997-05-06,1.7,8.0,67,0.00,355,1.87,0.0,20.7,14.1,46
1997-05-07,-2.2,1.1,51,0.00,333,2.20,0.0,15.9,12.1,38
1997-05-08,-0.5,2.8,61,0.00,216,2.08,0.0,15.3,9.1,40
1997-05-09,1.7,7.3,59,0.00,60,2.74,0.0,15.2,8.9,34
1997-05-10,2.0,7.0,63,0.00,323,2.16,0.0,11.9,6.5,35
1997-05-11,1.0,5.1,62,0.00,102,2.29,0.0,18.3,11.0,38
1997-05-12,2.8,6.1,77,8.70,68,2.06,12.0,27.7,23.5,52
1997-05-13,-2.6,4.3,53,0.00,60,2.33,0.0,19.4,13.6,37
1997-05-14,-2.9,1.3,54,0.60,113,1.72,4.0,30.4,22.2,42
1997-05-15,0.5,2.2,76,9.40,99,1.62,13.0,33.2,22.7,50
1997-05-16,-1.4,1.7,75,0.00,86,1.74,0.0,15.9,13.3,64
1997-05-17,1.1,4.2,76,0.00,67,1.83,0.0,17.4,12.9,58
1997-05-18,2.7,6.5,75,0.00,125,2.04,0.0,15.8,7.9,59
1997-05-19,4.0,7.3,71,0.10,101,2.46,1.0,15.2,10.8,53
1997-05-20,3.7,8.3,71,0.00,123,2.73,0.0,11.1,9.1,50
1997-05-21,4.9,9.5,70,0.00,146,2.99,0.0,13.4,8.4,51
1997-05-22,5.6,9.4,66,0.00,142,3.16,0.0,14.2,11.8,48
1997-05-23,6.0,10.8,62,0.00,154,3.34,0.0,19.7,13.7,41
1997-05-24,6.3,11.0,67,0.90,172,2.55,4.0,22.9,17.8,40
1997-05-25,0.6,3.9,57,0.00,346,2.13,0.0,27.1,18.0,49
1997-05-26,0.7,3.4,61,0.00,95,1.93,0.0,9.1,6.7,49
1997-05-27,1.8,5.9,57,0.00,134,2.86,0.0,13.1,9.3,43
1997-05-28,4.0,10.2,75,5.50,180,1.75,13.0,14.7,9.8,42
1997-05-29,8.2,12.6,66,0.00,248,3.36,0.0,13.0,8.9,49
1997-05-30,9.6,15.8,57,0.00,162,4.01,0.0,21.6,18.1,44
1997-05-31,8.2,15.3,78,9.40,296,2.14,7.0,27.4,16.6,45
1997-06-01,6.5,10.8,70,0.00,71,2.29,0.0,19.9,15.1,60
1997-06-02,8.1,11.1,88,0.90,329,1.37,4.0,18.4,12.1,62
1997-06-03,8.9,13.1,77,0.00,293,2.53,0.0,11.4,6.1,55
1997-06-04,10.3,16.0,72,0.00,103,3.71,0.0,15.1,12.8,51
1997-06-05,10.8,15.9,69,0.00,78,2.96,0.0,22.3,19.8,52
1997-06-06,8.8,14.5,84,4.10,90,1.39,7.0,25.6,21.3,61
1997-06-07,9.9,15.2,90,1.40,74,2.22,5.0,11.6,6.7,67
1997-06-08,9.4,14.6,75,0.00,79,3.19,0.0,20.7,18.8,59
1997-06-09,8.6,13.3,84,12.30,83,1.80,11.0,27.6,22.6,60
1997-06-10,8.2,11.8,96,4.20,74,1.01,11.0,14.4,7.4,81
1997-06-11,11.2,13.7,83,0.00,297,2.35,0.0,13.2,7.0,65
1997-06-12,10.9,16.1,78,0.00,141,3.85,0.0,15.5,10.6,51
1997-06-13,12.8,18.8,66,0.00,109,3.60,0.0,18.9,16.1,51
1997-06-14,14.2,19.0,74,0.00,97,3.05,0.0,15.2,8.9,57
1997-06-15,13.1,18.5,82,0.00,119,3.16,0.0,9.2,6.8,62
1997-06-16,13.4,17.1,73,0.00,90,3.81,0.0,27.8,20.9,52
1997-06-17,12.4,16.2,61,0.00,99,4.02,0.0,26.8,22.1,53
1997-06-18,12.5,18.6,74,0.20,110,3.52,2.0,16.0,13.9,60
1997-06-19,15.6,19.2,70,0.00,83,4.21,0.0,13.1,9.0,53
1997-06-20,15.9,18.9,62,0.00,122,4.34,0.0,10.8,7.3,46
1997-06-21,15.6,19.5,72,0.00,4,3.64,0.0,18.5,10.9,47
1997-06-22,15.8,19.2,62,0.00,57,3.90,0.0,9.8,6.0,43
1997-06-23,14.8,17.9,72,1.20,5,3.52,5.0,17.8,9.3,42
1997-06-24,13.3,17.9,50,0.00,322,4.71,0.0,22.3,12.1,30
1997-06-25,12.6,17.9,60,2.20,302,3.04,7.0,27.2,15.1,30
1997-06-26,10.5,13.2,70,1.50,308,2.71,5.0,29.1,20.3,57
1997-06-27,8.8,11.9,59,0.00,346,3.03,0.0,28.4,18.1,43
1997-06-28,10.1,12.4,59,0.70,333,3.13,4.0,19.5,15.6,45
1997-06-29,10.6,14.3,64,0.40,354,3.08,2.0,17.3,9.9,41
1997-06-30,11.4,14.6,61,0.00,187,3.07,0.0,15.1,8.9,43
1997-07-01,12.7,16.7,55,0.00,171,4.34,0.0,15.0,9.2,38
1997-07-02,13.8,17.9,57,0.00,189,4.61,0.0,16.5,11.2,38
1997-07-03,15.3,18.3,62,0.20,255,4.20,2.0,18.7,15.0,40
1997-07-04,12.7,17.4,52,0.00,7,4.21,0.0,18.1,10.2,35
1997-07-05,13.0,16.3,59,0.00,192,3.87,0.0,16.6,13.7,36
1997-07-06,14.0,18.5,76,0.00,167,3.50,0.0,13.6,8.1,57
1997-07-07,17.2,22.8,61,0.00,118,4.15,0.0,8.2,6.0,39
1997-07-08,18.2,22.6,62,0.00,110,4.26,0.0,17.5,13.9,40
1997-07-09,16.8,22.0,72,0.00,130,3.83,0.0,9.4,5.0,49
1997-07-10,17.9,22.0,73,0.40,112,3.93,2.0,7.9,5.1,49
1997-07-11,19.6,24.5,71,0.10,91,4.23,1.0,11.2,8.7,47
1997-07-12,21.1,24.3,66,0.00,91,3.82,0.0,14.6,11.1,47
1997-07-13,18.9,22.3,79,0.20,75,2.60,1.0,13.0,7.8,63
1997-07-14,15.4,18.5,89,8.10,22,1.32,11.0,13.6,10.0,76
1997-07-15,14.7,17.2,88,9.60,347,1.93,15.0,26.5,17.1,70
1997-07-16,14.4,16.4,87,11.80,25,1.42,22.0,27.6,23.9,78
1997-07-17,13.9,16.6,79,1.50,83,2.16,4.0,24.2,19.3,74
1997-07-18,15.0,19.1,85,0.40,152,2.72,2.0,13.9,11.4,66
1997-07-19,16.9,19.5,79,0.00,163,3.75,0.0,16.3,11.7,64
1997-07-20,18.7,24.0,67,0.00,196,4.76,0.0,15.3,12.8,44
1997-07-21,19.8,24.1,67,0.80,147,4.17,2.0,17.9,13.2,47
1997-07-22,22.2,28.2,72,0.00,121,4.77,0.0,16.0,10.6,45
1997-07-23,20.9,28.3,71,0.80,136,4.08,2.0,18.0,14.0,45
1997-07-24,18.8,21.9,75,1.70,94,2.76,4.0,14.8,8.8,57
1997-07-25,18.8,22.2,68,0.50,76,4.02,3.0,23.1,16.8,43
1997-07-26,17.7,21.6,57,0.00,80,4.47,0.0,19.8,14.3,40
1997-07-27,18.4,21.2,57,0.00,137,4.39,0.0,15.1,9.0,38
1997-07-28,19.1,22.4,60,0.00,183,5.00,0.0,21.0,15.1,38
1997-07-29,19.0,22.0,63,0.00,270,4.49,0.0,21.3,14.4,44
1997-07-30,14.7,19.4,55,0.00,44,4.32,0.0,18.8,9.8,37
1997-07-31,17.1,20.1,53,0.00,70,4.07,0.0,18.9,11.8,37
1997-08-01,15.1,19.4,48,0.50,87,3.47,2.0,17.5,15.8,38
1997-08-02,14.5,19.4,56,0.30,81,3.38,1.0,13.8,8.7,35
1997-08-03,16.5,19.9,64,0.00,205,3.85,0.0,13.7,9.6,35
1997-08-04,18.8,25.2,63,0.00,201,4.57,0.0,14.6,12.0,39
1997-08-05,22.5,28.4,52,0.00,253,5.57,0.0,17.3,14.1,29
1997-08-06,22.8,28.3,53,0.00,312,4.94,0.0,15.9,9.7,29
1997-08-07,20.8,25.0,60,0.00,23,4.52,0.0,28.7,17.8,43
1997-08-08,14.7,18.3,49,0.40,12,3.60,4.0,24.9,13.7,39
1997-08-09,14.8,18.1,63,2.80,307,3.41,8.0,16.5,13.8,36
1997-08-10,13.1,17.7,71,7.30,48,1.52,9.0,15.4,9.2,37
1997-08-11,12.6,15.9,72,0.00,245,2.46,0.0,13.6,8.1,53
1997-08-12,15.0,19.6,71,0.00,151,3.32,0.0,23.7,18.1,51
1997-08-13,17.1,19.8,83,4.60,165,2.02,10.0,24.2,17.5,52
1997-08-14,16.5,19.5,82,3.00,348,2.43,3.0,29.7,14.6,61
1997-08-15,14.3,18.5,67,0.00,349,3.00,0.0,29.6,23.7,52
1997-08-16,13.4,17.5,65,0.00,350,3.10,0.0,16.9,7.3,44
1997-08-17,15.2,18.0,67,0.00,176,3.47,0.0,19.0,13.5,44
1997-08-18,16.1,19.1,72,0.00,164,3.43,0.0,16.8,14.4,52
1997-08-19,15.4,18.8,81,5.00,179,1.75,11.0,15.3,6.7,52
1997-08-20,13.0,16.1,76,0.70,303,2.00,2.0,13.0,10.7,55
1997-08-21,15.2,18.3,74,1.20,156,2.64,6.0,15.7,12.5,55
1997-08-22,16.7,20.8,81,1.00,159,2.60,3.0,15.8,11.9,55
1997-08-23,16.5,20.9,79,0.10,105,2.63,1.0,15.3,10.1,59
1997-08-24,17.1,20.5,78,0.00,114,2.88,0.0,17.1,12.3,58
1997-08-25,16.3,20.7,84,2.20,47,2.15,2.0,6.9,3.9,62
1997-08-26,17.9,20.8,79,0.00,157,2.75,0.0,16.8,10.3,63
1997-08-27,18.6,22.7,78,0.00,152,3.05,0.0,14.8,12.3,54
1997-08-28,17.8,22.7,80,2.70,119,1.85,6.0,15.0,12.6,54
1997-08-29,15.8,18.4,88,1.50,222,2.01,4.0,18.6,6.6,66
1997-08-30,8.1,14.3,79,2.00,327,1.20,6.0,31.5,26.2,72
1997-08-31,5.5,10.2,66,1.30,24,2.16,5.0,23.3,12.5,49
1997-09-01,12.4,17.5,71,0.00,163,2.81,0.0,25.2,21.2,57
1997-09-02,15.7,19.1,71,0.00,165,3.21,0.0,26.1,20.6,59
1997-09-03,16.2,19.4,81,4.00,229,2.24,6.0,21.5,15.0,64
1997-09-04,13.8,17.6,77,0.00,331,2.36,0.0,18.8,9.9,52
1997-09-05,13.5,17.0,74,0.00,125,2.12,0.0,19.4,12.8,52
1997-09-06,13.7,17.0,77,0.00,117,2.15,0.0,16.8,14.5,56
1997-09-07,13.1,16.8,70,0.00,79,2.13,0.0,14.3,9.9,49
1997-09-08,14.0,16.9,77,3.50,202,1.96,7.0,12.6,7.9,50
1997-09-09,12.3,16.3,77,3.20,34,1.71,7.0,12.8,10.0,50
1997-09-10,11.3,14.6,74,0.50,19,1.70,4.0,11.0,7.7,54
1997-09-11,10.1,12.9,74,0.00,89,1.43,0.0,18.9,13.2,55
1997-09-12,8.2,10.6,70,0.00,70,1.90,0.0,19.7,16.4,49
1997-09-13,6.4,9.5,65,0.00,52,1.81,0.0,19.5,14.3,49
1997-09-14,7.2,9.3,73,0.00,170,1.39,0.0,18.0,10.1,53
1997-09-15,6.6,8.5,72,0.00,126,1.31,0.0,16.4,14.0,54
1997-09-16,6.2,7.8,71,0.00,73,1.28,0.0,19.2,15.9,54
1997-09-17,5.5,7.0,75,0.00,53,1.23,0.0,20.0,16.3,59
1997-09-18,4.4,6.9,77,0.20,87,1.05,2.0,14.7,10.5,60
1997-09-19,7.3,10.1,72,0.00,162,1.77,0.0,26.1,20.5,65
1997-09-20,7.8,11.3,90,3.30,116,0.88,7.0,10.9,7.7,70
1997-09-21,7.6,10.7,86,0.00,310,1.01,0.0,18.1,13.6,58
1997-09-22,8.0,11.6,78,0.00,166,1.32,0.0,27.2,16.5,62
1997-09-23,10.7,16.4,81,0.00,166,1.68,0.0,21.6,13.7,62
1997-09-24,13.4,16.2,66,0.00,255,2.38,0.0,22.8,15.9,56
1997-09-25,11.8,15.7,79,0.00,172,1.50,0.0,13.2,9.8,66
1997-09-26,11.6,18.1,85,0.00,94,1.30,0.0,10.7,8.1,70
1997-09-27,12.7,16.7,87,0.80,47,0.88,4.0,22.2,18.2,79
1997-09-28,8.4,11.0,83,0.10,52,0.72,1.0,21.5,17.7,80
1997-09-29,5.7,7.6,95,19.10,84,0.25,24.0,20.9,17.8,84
1997-09-30,3.2,5.6,92,7.70,319,0.46,12.0,17.2,13.5,80
1997-10-01,3.5,5.3,83,0.00,346,0.70,0.0,11.0,7.7,67
1997-10-02,2.9,4.1,85,11.70,81,0.34,9.0,31.1,19.0,68
1997-10-03,2.8,3.4,94,0.70,20,0.33,5.0,30.6,19.3,78
1997-10-04,-1.0,0.9,70,0.00,308,0.90,0.0,25.6,23.2,62
1997-10-05,-1.6,0.2,69,0.00,317,0.88,0.0,21.2,19.1,55
1997-10-06,-1.2,0.5,77,0.30,301,0.72,3.0,21.6,17.4,58
1997-10-07,-2.1,-0.4,73,0.00,315,0.71,0.0,18.6,16.2,56
1997-10-08,-3.7,-1.8,72,0.00,337,0.59,0.0,17.1,12.3,50
1997-10-09,-4.1,-2.0,70,0.00,7,0.45,0.0,10.1,4.8,55
1997-10-10,-1.4,-0.0,71,1.80,124,0.61,9.0,21.3,13.7,58
1997-10-11,-1.2,0.9,86,0.10,85,0.41,1.0,17.6,13.6,80
1997-10-12,-0.2,1.1,91,3.70,64,0.30,20.0,16.3,13.5,86
1997-10-13,-3.0,0.3,85,0.10,316,0.35,1.0,16.9,13.0,67
1997-10-14,-6.4,-4.5,82,0.00,307,0.37,0.0,25.9,18.9,75
1997-10-15,-7.7,-5.8,80,0.00,307,0.40,0.0,23.7,14.5,71
1997-10-16,-5.9,-3.8,82,2.10,66,0.40,8.0,20.7,16.7,75
1997-10-17,-6.8,-4.6,82,0.00,65,0.33,0.0,13.8,12.6,79
1997-10-18,-5.2,-2.4,84,1.20,88,0.33,4.0,18.6,16.5,81
1997-10-19,-7.4,-2.8,84,3.40,9,0.27,9.0,18.2,14.2,73
1997-10-20,-7.5,-3.6,80,0.90,132,0.35,5.0,30.8,19.3,78
1997-10-21,-1.8,-0.6,86,0.90,125,0.35,4.0,27.3,15.0,83
1997-10-22,-1.6,0.3,91,0.00,51,0.22,0.0,10.3,7.8,87
1997-10-23,-0.8,0.5,93,0.00,58,0.22,0.0,8.4,7.2,90
1997-10-24,-0.2,0.5,92,1.30,175,0.26,10.0,19.2,10.5,83
1997-10-25,0.5,1.3,88,0.00,153,0.31,0.0,21.0,18.2,83
1997-10-26,0.3,0.7,91,3.60,100,0.19,12.0,17.8,16.7,87
1997-10-27,-3.2,-0.1,85,0.00,58,0.32,0.0,24.4,21.9,79
1997-10-28,-12.4,-8.0,79,0.00,53,0.25,0.0,22.7,17.3,75
1997-10-29,-13.3,-9.1,80,0.00,87,0.23,0.0,17.7,16.2,75
1997-10-30,-7.0,-4.8,81,0.00,121,0.33,0.0,23.7,21.2,77
1997-10-31,-3.6,-2.1,89,0.00,111,0.21,0.0,22.7,18.6,86
1997-11-01,-2.1,-1.4,91,1.60,101,0.17,10.0,15.1,13.6,88
1997-11-02,-1.3,0.6,93,0.00,103,0.16,0.0,13.7,10.0,90
1997-11-03,-0.3,0.2,93,0.00,116,0.16,0.0,17.1,14.2,88
1997-11-04,0.1,1.3,94,0.00,165,0.14,0.0,17.6,12.7,91
1997-11-05,1.2,1.9,93,0.20,171,0.18,2.0,23.8,19.4,89
1997-11-06,-2.9,0.9,87,0.00,284,0.22,0.0,21.7,18.7,85
1997-11-07,-6.5,-4.1,88,0.00,304,0.12,0.0,16.9,12.1,86
1997-11-08,-8.7,-6.5,86,0.00,313,0.11,0.0,14.9,8.7,84
1997-11-09,-4.4,-3.1,90,0.00,141,0.15,0.0,24.2,18.7,89
1997-11-10,-1.1,0.6,84,0.00,167,0.40,0.0,28.2,25.2,78
1997-11-11,-4.7,0.1,85,0.00,234,0.14,0.0,18.9,7.8,79
1997-11-12,-4.4,-0.6,92,0.00,130,0.08,0.0,14.9,11.6,86
1997-11-13,-6.0,-2.1,93,0.00,48,0.07,0.0,9.0,7.6,90
1997-11-14,-3.8,-2.2,94,0.00,145,0.09,0.0,19.9,16.4,90
1997-11-15,-5.4,-2.4,89,0.00,300,0.14,0.0,20.8,15.4,82
1997-11-16,-9.6,-5.5,82,0.00,314,0.17,0.0,23.7,15.2,79
1997-11-17,-16.5,-14.8,82,0.00,48,0.05,0.0,8.3,5.4,80
1997-11-18,-19.7,-15.1,80,0.00,320,0.07,0.0,16.6,10.0,79
1997-11-19,-15.8,-13.7,81,0.00,323,0.10,0.0,17.5,13.5,79
1997-11-20,-23.6,-20.5,77,0.00,27,0.03,0.0,9.4,6.1,74
1997-11-21,-20.1,-12.8,80,0.00,89,0.08,0.0,15.0,10.0,77
1997-11-22,-13.7,-10.4,84,0.00,118,0.11,0.0,16.0,14.1,82
1997-11-23,-8.7,-6.1,89,0.00,126,0.11,0.0,23.3,19.8,88
1997-11-24,-3.7,-2.0,90,8.20,109,0.17,17.0,25.3,22.3,87
1997-11-25,-3.7,-2.0,93,5.30,61,0.07,21.0,19.5,12.0,88
1997-11-26,-14.5,-8.5,85,0.00,309,0.05,0.0,19.5,9.2,84
1997-11-27,-20.2,-17.3,81,0.00,17,0.02,0.0,11.7,7.4,79
1997-11-28,-22.2,-21.3,77,0.00,77,0.09,0.0,19.8,16.3,75
1997-11-29,-17.8,-11.1,80,0.00,111,0.13,0.0,22.9,20.8,76
1997-11-30,-8.4,-7.1,89,0.00,108,0.07,0.0,19.6,17.5,86
1997-12-01,-11.7,-8.2,86,0.00,23,0.04,0.0,13.8,9.0,84
1997-12-02,-6.9,-5.6,88,0.00,144,0.13,0.0,23.5,20.9,85
1997-12-03,-5.8,-5.4,92,0.00,142,0.05,0.0,20.7,19.5,88
1997-12-04,-6.5,-5.9,89,0.00,145,0.13,0.0,26.3,23.7,86
1997-12-05,-7.5,-6.5,87,0.00,154,0.15,0.0,25.9,23.0,84
1997-12-06,-9.0,-8.6,90,0.00,145,0.07,0.0,20.1,18.2,88
1997-12-07,-8.4,-8.2,92,0.00,162,0.03,0.0,15.6,11.7,91
1997-12-08,-10.7,-8.5,89,0.00,130,0.03,0.0,15.1,12.6,88
1997-12-09,-12.3,-11.2,87,0.00,154,0.05,0.0,16.6,14.1,85
1997-12-10,-11.7,-10.2,87,0.10,274,0.07,1.0,20.8,14.5,84
1997-12-11,-12.0,-9.8,88,4.80,121,0.02,8.0,11.9,7.9,85
1997-12-12,-14.3,-11.3,88,0.00,307,0.01,0.0,10.0,6.7,85
1997-12-13,-14.5,-7.4,85,0.00,113,0.08,0.0,24.0,14.2,83
1997-12-14,-6.6,-5.1,92,0.00,196,0.04,0.0,20.6,11.1,87
1997-12-15,-15.5,-8.8,79,0.00,304,0.15,0.0,25.1,19.5,76
1997-12-16,-22.4,-17.0,74,0.00,82,0.10,0.0,22.3,14.5,69
1997-12-17,-15.7,-15.0,75,0.00,71,0.15,0.0,22.0,14.7,71
1997-12-18,-17.8,-14.7,78,0.00,317,0.08,0.0,16.9,13.6,75
1997-12-19,-26.4,-23.2,77,0.00,59,0.03,0.0,17.3,8.8,76
1997-12-20,-22.0,-18.6,77,0.40,97,0.10,2.0,20.6,17.5,74
1997-12-21,-18.3,-17.2,79,0.00,347,0.06,0.0,15.3,10.9,73
1997-12-22,-23.2,-20.7,77,0.00,64,0.05,0.0,19.2,10.4,73
1997-12-23,-17.6,-15.9,80,2.10,83,0.09,11.0,21.7,15.9,77
1997-12-24,-22.7,-19.8,77,0.00,102,0.07,0.0,21.4,13.6,75
1997-12-25,-23.1,-19.9,77,0.00,338,0.04,0.0,14.8,10.3,75
1997-12-26,-21.7,-17.3,78,1.70,107,0.10,6.0,23.4,16.7,75
1997-12-27,-20.5,-17.6,76,0.00,33,0.05,0.0,11.9,9.0,72
1997-12-28,-25.2,-22.5,77,0.00,66,0.01,0.0,6.6,5.4,75
1997-12-29,-27.5,-26.0,74,0.00,74,0.05,0.0,14.1,11.1,71
1997-12-30,-29.4,-27.1,74,0.00,82,0.04,0.0,10.9,10.2,72
1997-12-31,-28.5,-26.5,70,0.00,13,0.06,0.0,15.5,13.4,68
1998-01-01,-34.2,-32.9,70,0.00,300,0.05,0.0,17.1,15.6,69
1998-01-02,-34.0,-32.9,70,0.00,290,0.05,0.0,17.4,16.0,68
1998-01-03,-34.9,-33.2,72,0.00,294,0.04,0.0,15.9,14.0,69
1998-01-04,-38.4,-36.8,73,0.00,275,0.01,0.0,11.4,8.6,71
1998-01-05,-38.4,-36.4,73,0.00,144,0.01,0.0,10.5,8.4,70
1998-01-06,-37.3,-33.7,73,0.00,81,0.02,0.0,11.7,10.7,72
1998-01-07,-33.8,-31.5,74,0.00,101,0.03,0.0,10.9,9.0,72
1998-01-08,-32.4,-30.7,74,0.00,107,0.02,0.0,9.6,7.1,73
1998-01-09,-32.1,-31.0,72,0.00,71,0.01,0.0,6.9,4.0,70
1998-01-10,-34.6,-32.3,77,0.00,155,0.02,0.0,14.3,10.8,72
1998-01-11,-32.2,-30.6,79,0.00,156,0.03,0.0,15.0,12.0,76
1998-01-12,-34.8,-30.5,73,0.00,349,0.01,0.0,8.4,6.2,71
1998-01-13,-37.7,-37.4,68,0.00,18,0.01,0.0,6.8,3.8,65
1998-01-14,-39.4,-35.9,70,0.00,87,0.02,0.0,13.0,8.9,66
1998-01-15,-30.6,-25.7,69,0.00,103,0.07,0.0,17.8,15.3,68
1998-01-16,-26.1,-24.3,77,0.90,140,0.03,6.0,16.4,7.6,73
1998-01-17,-27.6,-24.6,78,0.00,68,0.02,0.0,7.2,5.9,77
1998-01-18,-23.3,-20.2,78,0.00,40,0.03,0.0,7.8,6.3,77
1998-01-19,-23.9,-21.0,75,0.00,41,0.05,0.0,14.4,10.2,69
1998-01-20,-27.7,-26.6,70,0.00,82,0.09,0.0,16.7,15.6,69
1998-01-21,-24.8,-23.6,75,5.20,74,0.08,23.0,17.5,12.6,71
1998-01-22,-25.6,-23.6,72,1.70,46,0.08,9.0,14.8,12.4,69
1998-01-23,-30.4,-28.7,71,0.00,95,0.07,0.0,19.9,15.8,69
1998-01-24,-27.2,-22.7,71,0.40,117,0.12,4.0,23.2,22.3,70
1998-01-25,-19.9,-17.0,77,0.20,123,0.12,2.0,21.7,14.8,72
1998-01-26,-18.2,-16.6,77,0.00,77,0.11,0.0,20.6,14.0,72
1998-01-27,-24.2,-22.1,71,0.00,77,0.14,0.0,24.4,22.2,65
1998-01-28,-28.4,-26.6,64,0.00,88,0.12,0.0,21.5,17.3,62
1998-01-29,-26.1,-24.9,72,0.00,82,0.08,0.0,12.8,9.9,66
1998-01-30,-22.6,-18.8,73,3.00,88,0.12,9.0,18.0,14.5,69
1998-01-31,-21.4,-19.0,75,0.00,89,0.11,0.0,13.8,11.5,73
1998-02-01,-19.1,-15.3,81,0.00,135,0.12,0.0,21.2,17.7,77
1998-02-02,-17.0,-15.5,83,0.00,65,0.08,0.0,13.7,8.5,82
1998-02-03,-19.4,-16.4,80,0.00,57,0.08,0.0,11.6,8.5,76
1998-02-04,-16.0,-14.6,79,0.00,82,0.14,0.0,14.3,12.5,78
1998-02-05,-17.1,-14.9,78,0.00,76,0.15,0.0,20.2,17.2,74
1998-02-06,-22.0,-19.6,74,0.80,85,0.15,6.0,21.4,19.1,73
1998-02-07,-19.3,-17.7,81,0.50,79,0.09,4.0,13.7,7.9,76
1998-02-08,-22.6,-19.5,81,0.00,169,0.08,0.0,17.1,10.4,79
1998-02-09,-19.9,-17.6,80,0.00,83,0.08,0.0,12.3,5.8,76
1998-02-10,-19.8,-18.1,80,0.00,68,0.08,0.0,6.3,4.3,73
1998-02-11,-24.2,-21.4,76,0.00,88,0.11,0.0,15.5,11.5,72
1998-02-12,-20.3,-15.8,79,0.00,108,0.14,0.0,18.7,17.4,75
1998-02-13,-11.8,-7.5,88,0.00,108,0.17,0.0,19.4,16.0,83
1998-02-14,-8.9,-8.4,90,0.00,308,0.14,0.0,14.8,8.8,82
1998-02-15,-11.9,-9.4,84,0.00,306,0.16,0.0,15.1,8.5,79
1998-02-16,-12.0,-9.1,85,0.00,129,0.14,0.0,9.0,5.8,82
1998-02-17,-10.4,-9.0,88,0.00,6,0.15,0.0,5.4,3.6,84
1998-02-18,-14.9,-9.3,80,0.00,338,0.16,0.0,15.8,11.3,67
1998-02-19,-22.2,-18.4,74,0.00,50,0.14,0.0,17.6,11.5,70
1998-02-20,-19.5,-18.7,77,5.00,74,0.18,10.0,23.9,16.9,73
1998-02-21,-19.9,-17.6,77,0.00,76,0.18,0.0,22.9,18.9,76
1998-02-22,-17.7,-17.4,76,0.00,78,0.24,0.0,25.1,22.7,72
1998-02-23,-21.3,-18.5,73,0.00,76,0.21,0.0,17.7,15.3,68
1998-02-24,-22.6,-18.1,75,0.00,99,0.18,0.0,15.5,14.2,72
1998-02-25,-16.1,-12.0,81,0.00,117,0.26,0.0,18.5,17.3,76
1998-02-26,-12.6,-10.7,86,0.00,120,0.22,0.0,18.2,17.0,82
1998-02-27,-12.2,-10.6,83,0.00,103,0.27,0.0,18.4,16.0,75
1998-02-28,-15.6,-12.8,79,0.00,96,0.26,0.0,15.8,13.2,75
1998-03-01,-14.2,-11.0,81,0.00,114,0.27,0.0,14.0,11.2,76
1998-03-02,-14.3,-11.5,80,0.00,97,0.34,0.0,17.1,13.2,74
1998-03-03,-16.9,-13.0,83,0.00,78,0.22,0.0,10.0,8.8,79
1998-03-04,-13.5,-12.0,83,0.80,345,0.22,5.0,21.4,10.4,73
1998-03-05,-18.1,-13.0,75,0.00,311,0.28,0.0,20.2,15.8,66
1998-03-06,-24.3,-19.4,74,0.00,350,0.18,0.0,10.2,8.6,69
1998-03-07,-25.5,-21.0,72,0.00,20,0.20,0.0,9.7,8.4,64
1998-03-08,-28.5,-23.5,70,0.00,65,0.20,0.0,9.8,7.0,62
1998-03-09,-27.9,-22.0,71,0.00,100,0.20,0.0,8.8,7.3,63
1998-03-10,-23.1,-17.2,71,0.00,145,0.27,0.0,25.9,17.7,60
1998-03-11,-15.5,-12.9,73,0.20,161,0.46,2.0,28.2,15.9,59
1998-03-12,-18.2,-13.8,75,0.00,334,0.35,0.0,17.5,15.6,61
1998-03-13,-20.5,-15.8,69,0.00,100,0.34,0.0,16.8,12.8,59
1998-03-14,-14.8,-11.3,69,0.00,138,0.55,0.0,24.1,21.0,62
1998-03-15,-14.3,-9.7,82,0.00,281,0.48,0.0,10.8,8.4,70
1998-03-16,-16.3,-10.2,77,0.00,55,0.40,0.0,14.1,9.5,67
1998-03-17,-16.5,-10.7,78,0.20,106,0.34,2.0,16.1,14.1,72
1998-03-18,-12.7,-6.0,81,0.00,88,0.54,0.0,13.4,10.7,76
1998-03-19,-9.8,-6.8,84,0.00,82,0.44,0.0,20.8,18.3,79
1998-03-20,-11.1,-7.0,84,0.00,103,0.40,0.0,16.4,13.3,80
1998-03-21,-6.9,-4.6,89,0.00,83,0.53,0.0,12.7,9.0,83
1998-03-22,-6.9,-5.0,85,0.00,114,0.48,0.0,15.1,9.6,79
1998-03-23,-5.6,0.6,86,0.00,143,0.82,0.0,15.3,13.8,76
1998-03-24,-5.4,0.7,87,0.00,354,0.47,0.0,13.4,10.2,77
1998-03-25,-16.0,-8.7,74,0.00,69,0.39,0.0,19.7,17.8,70
1998-03-26,-19.4,-16.4,71,0.00,74,0.38,0.0,22.4,20.7,66
1998-03-27,-17.1,-14.0,74,0.00,67,0.40,0.0,18.9,12.7,69
1998-03-28,-14.7,-8.0,77,0.00,268,0.55,0.0,12.9,7.4,70
1998-03-29,-10.2,-5.4,80,0.00,138,0.70,0.0,19.5,13.8,75
1998-03-30,-7.6,-2.5,85,0.20,89,0.68,1.0,16.3,12.0,77
1998-03-31,-4.2,-2.3,85,0.70,45,0.67,6.0,19.8,17.0,80
1998-04-01,-4.8,-2.6,86,0.30,343,0.80,2.0,13.4,6.9,73
1998-04-02,-5.6,0.2,81,0.00,90,1.10,0.0,14.4,11.6,72
1998-04-03,-4.2,0.8,84,0.00,80,1.16,0.0,11.3,9.3,71
1998-04-04,-5.6,0.4,89,0.00,83,0.81,0.0,12.0,10.4,76
1998-04-05,-5.4,-1.4,84,0.00,116,0.84,0.0,22.5,18.3,72
1998-04-06,-1.6,3.0,81,0.00,135,1.29,0.0,22.0,17.9,72
1998-04-07,0.3,3.8,82,0.00,116,1.39,0.0,18.8,10.3,73
1998-04-08,-3.8,0.4,87,0.00,84,0.90,0.0,23.7,19.6,81
1998-04-09,-5.4,-2.4,86,0.00,71,0.66,0.0,17.0,13.9,81
1998-04-10,-6.9,-3.7,77,0.40,50,1.01,4.0,14.4,11.7,63
1998-04-11,-6.8,-3.3,78,0.00,180,1.11,0.0,13.1,8.7,62
1998-04-12,-6.6,-1.5,72,0.00,58,1.13,0.0,10.5,7.4,62
1998-04-13,-4.4,-0.5,79,0.00,309,1.14,0.0,9.9,6.2,66
1998-04-14,-2.6,2.7,79,0.00,168,1.51,0.0,11.4,9.8,66
1998-04-15,0.6,6.0,75,0.00,134,1.75,0.0,15.1,13.1,67
1998-04-16,3.1,7.5,74,0.00,129,2.05,0.0,19.7,16.4,57
1998-04-17,3.7,8.1,72,0.00,147,2.17,0.0,16.4,15.0,57
1998-04-18,4.3,8.8,70,0.00,149,2.26,0.0,17.4,15.3,56
1998-04-19,5.2,9.7,66,0.00,144,2.57,0.0,22.3,16.9,53
1998-04-20,5.1,9.2,73,0.00,146,2.19,0.0,22.3,15.1,58
1998-04-21,4.8,7.3,78,0.00,230,1.40,0.0,18.4,16.7,60
1998-04-22,3.4,6.4,79,0.00,309,1.43,0.0,15.1,12.2,61
1998-04-23,2.8,7.6,73,0.00,56,2.23,0.0,14.9,6.8,52
1998-04-24,3.5,7.2,67,0.00,97,1.99,0.0,22.3,16.6,48
1998-04-25,3.7,6.7,77,1.60,100,1.28,7.0,25.0,18.6,57
1998-04-26,2.6,5.5,91,8.10,282,0.88,16.0,20.6,12.7,71
1998-04-27,2.0,5.4,83,1.30,245,1.51,3.0,21.0,11.2,62
1998-04-28,3.5,10.2,69,0.00,198,2.52,0.0,18.4,9.9,48
1998-04-29,5.0,10.7,71,0.00,107,2.48,0.0,17.7,12.8,45
1998-04-30,4.3,10.3,70,0.00,148,2.32,0.0,26.5,16.5,46
1998-05-01,6.4,9.8,67,0.00,348,2.65,0.0,14.6,9.1,51
1998-05-02,5.9,11.3,68,0.00,130,2.40,0.0,24.3,18.4,51
1998-05-03,5.7,10.3,81,1.00,325,1.54,2.0,34.5,20.5,62
1998-05-04,3.7,7.4,70,0.00,314,2.29,0.0,29.5,12.8,53
1998-05-05,2.9,7.2,62,0.00,69,2.61,0.0,19.7,11.6,45
1998-05-06,3.3,9.2,69,0.00,147,1.99,0.0,23.7,16.7,44
1998-05-07,8.3,14.7,66,0.00,193,3.41,0.0,21.5,13.3,34
1998-05-08,8.8,14.1,45,0.00,241,4.12,0.0,19.0,15.6,31
1998-05-09,7.2,12.0,54,1.40,100,2.15,5.0,18.6,11.5,41
1998-05-10,6.9,11.6,67,0.30,19,3.10,2.0,18.7,10.4,48
1998-05-11,4.9,10.7,71,0.00,130,2.74,0.0,22.0,18.4,50
1998-05-12,6.0,11.0,63,0.00,122,3.27,0.0,22.3,20.0,36
1998-05-13,7.1,11.9,53,0.00,124,3.83,0.0,26.6,23.8,38
1998-05-14,8.2,13.3,65,0.00,106,3.25,0.0,24.6,20.8,47
1998-05-15,7.4,12.9,57,0.00,90,3.69,0.0,20.9,15.2,49
1998-05-16,7.3,12.7,63,0.00,214,3.31,0.0,12.5,8.4,40
1998-05-17,9.9,17.2,48,0.00,137,4.05,0.0,11.9,8.0,31
1998-05-18,11.4,16.7,58,0.00,106,3.87,0.0,19.6,14.9,34
1998-05-19,11.5,17.3,55,0.60,123,4.19,4.0,18.4,15.3,42
1998-05-20,12.9,17.4,59,0.00,138,4.15,0.0,14.7,10.6,41
1998-05-21,14.1,20.9,59,0.00,151,4.43,0.0,12.7,10.6,35
1998-05-22,11.8,21.1,59,0.00,71,3.41,0.0,26.5,18.8,34
1998-05-23,6.4,11.8,56,0.30,77,3.32,2.0,26.1,23.5,39
1998-05-24,10.7,17.5,50,0.00,93,4.58,0.0,20.6,16.3,38
1998-05-25,13.7,18.7,56,0.00,68,4.63,0.0,14.8,10.9,35
1998-05-26,13.7,18.5,55,0.00,131,3.69,0.0,11.0,4.8,36
1998-05-27,10.1,17.5,50,0.00,62,4.18,0.0,14.9,10.6,30
1998-05-28,4.9,9.8,47,0.00,144,3.49,0.0,12.7,10.0,30
1998-05-29,6.5,11.6,47,0.00,147,3.70,0.0,10.8,5.3,32
1998-05-30,4.5,10.5,47,0.00,141,3.28,0.0,15.9,11.6,35
1998-05-31,6.1,10.3,43,0.00,109,3.84,0.0,25.2,20.3,30
1998-06-01,5.9,11.0,44,0.00,75,3.86,0.0,17.3,12.0,24
1998-06-02,6.4,11.2,48,0.00,133,3.82,0.0,19.8,12.5,25
1998-06-03,8.3,12.3,47,0.00,117,4.08,0.0,13.6,10.1,33
1998-06-04,9.7,14.0,58,0.00,133,3.91,0.0,13.5,12.1,40
1998-06-05,11.6,16.5,54,0.00,123,4.50,0.0,13.4,12.0,35
1998-06-06,14.2,19.4,47,0.00,136,4.99,0.0,18.5,13.3,31
1998-06-07,15.6,19.5,49,0.60,168,4.42,2.0,17.5,9.3,30
1998-06-08,15.4,18.8,64,0.80,180,3.14,4.0,9.8,7.0,47
1998-06-09,15.4,18.8,64,0.00,108,4.00,0.0,12.0,7.5,47
1998-06-10,14.8,20.7,53,0.00,110,5.36,0.0,21.4,18.5,30
1998-06-11,15.4,20.8,58,6.50,88,3.55,15.0,18.4,14.1,31
1998-06-12,11.7,17.4,83,5.50,118,1.70,13.0,17.4,14.3,61
1998-06-13,10.0,11.0,85,7.10,24,1.14,15.0,21.8,14.4,70
1998-06-14,8.3,9.6,83,3.30,38,1.30,14.0,20.2,15.3,75
1998-06-15,11.7,15.9,73,0.20,91,3.05,1.0,19.1,14.8,52
1998-06-16,13.4,16.1,67,0.00,114,3.66,0.0,15.7,11.8,54
1998-06-17,14.0,18.8,70,0.00,152,3.88,0.0,15.0,10.8,45
1998-06-18,16.0,19.6,59,0.10,126,4.46,1.0,13.7,8.9,44
1998-06-19,15.3,18.5,65,0.40,147,4.22,1.0,18.3,10.9,44
1998-06-20,16.4,21.6,56,0.00,145,4.85,0.0,16.5,15.0,42
1998-06-21,17.6,21.5,68,0.50,155,3.79,3.0,10.9,5.4,46
1998-06-22,17.3,20.8,73,0.90,360,4.05,1.0,11.0,6.5,48
1998-06-23,17.2,20.3,69,3.70,116,4.21,6.0,22.4,15.3,50
1998-06-24,17.1,21.0,77,0.40,331,3.94,1.0,13.8,9.0,46
1998-06-25,17.4,23.2,64,0.20,357,4.52,1.0,16.9,14.1,44
1998-06-26,17.6,23.4,76,25.50,72,3.22,14.0,25.0,16.2,44
1998-06-27,16.5,19.3,91,1.50,302,1.68,4.0,15.8,13.0,78
1998-06-28,16.7,21.8,77,0.00,334,3.40,0.0,17.0,15.8,47
1998-06-29,19.7,23.6,61,0.00,316,4.95,0.0,14.9,9.3,45
1998-06-30,18.5,22.9,58,0.00,359,4.63,0.0,16.6,12.8,41
1998-07-01,15.0,18.8,53,0.00,53,4.76,0.0,18.0,12.4,39
1998-07-02,16.3,19.6,57,0.00,172,4.95,0.0,17.7,10.0,38
1998-07-03,17.9,21.7,60,1.80,129,4.76,6.0,15.5,9.0,40
1998-07-04,19.7,24.3,62,0.00,172,5.23,0.0,10.1,7.2,39
1998-07-05,21.5,27.1,56,0.00,159,5.62,0.0,10.2,7.3,33
1998-07-06,23.6,27.7,51,0.00,146,6.03,0.0,15.5,11.4,34
1998-07-07,22.8,27.5,63,1.60,144,4.72,5.0,19.5,12.2,38
1998-07-08,22.2,25.5,67,0.00,216,4.86,0.0,14.7,8.4,38
1998-07-09,22.6,25.3,55,0.00,205,4.77,0.0,10.5,5.9,37
1998-07-10,21.9,24.8,55,0.00,354,4.57,0.0,11.2,6.0,36
1998-07-11,22.6,26.0,50,0.00,133,5.16,0.0,15.6,9.7,34
1998-07-12,23.2,26.9,47,0.00,116,5.67,0.0,15.8,11.1,33
1998-07-13,21.5,26.7,51,0.00,45,4.96,0.0,37.8,21.4,38
1998-07-14,13.1,18.1,34,0.00,29,5.99,0.0,37.6,22.7,26
1998-07-15,16.2,18.8,45,0.00,246,5.15,0.0,16.7,10.5,26
1998-07-16,17.8,22.1,52,0.00,167,5.36,0.0,18.9,12.4,33
1998-07-17,20.5,24.6,51,0.00,141,5.29,0.0,18.2,13.9,31
1998-07-18,22.2,24.8,35,0.00,82,5.64,0.0,19.0,13.0,28
1998-07-19,19.5,24.5,43,0.00,109,4.93,0.0,10.5,8.5,28
1998-07-20,16.6,21.0,48,0.00,83,4.32,0.0,14.5,12.1,34
1998-07-21,18.1,22.4,49,0.00,318,3.75,0.0,8.9,5.8,32
1998-07-22,19.9,22.4,56,0.00,187,3.96,0.0,14.0,7.2,35
1998-07-23,20.0,24.3,52,0.00,147,5.57,0.0,25.8,17.2,34
1998-07-24,20.6,24.4,67,5.20,168,4.57,7.0,23.5,18.6,35
1998-07-25,19.4,22.7,74,6.00,289,3.44,6.0,24.2,12.6,50
1998-07-26,18.6,23.2,60,2.10,277,4.59,3.0,25.9,14.9,41
1998-07-27,15.5,20.9,64,1.60,309,3.34,9.0,27.6,24.7,46
1998-07-28,13.7,16.3,69,0.00,333,2.76,0.0,28.9,22.2,58
1998-07-29,15.7,18.7,69,0.00,289,3.03,0.0,13.6,7.2,51
1998-07-30,17.4,21.2,68,0.30,144,3.19,2.0,15.5,10.0,51
1998-07-31,19.1,22.3,65,0.00,7,3.59,0.0,9.0,6.4,42
1998-08-01,19.8,22.5,66,0.00,213,3.90,0.0,14.6,9.4,43
1998-08-02,21.0,25.5,66,0.00,194,4.29,0.0,11.9,8.0,46
1998-08-03,22.3,26.2,72,0.00,181,4.74,0.0,20.2,14.3,39
1998-08-04,22.4,26.0,63,0.60,183,4.68,3.0,19.1,13.7,41
1998-08-05,20.4,24.1,55,0.00,1,4.60,0.0,19.1,9.5,35
1998-08-06,19.2,24.2,66,10.00,81,2.59,12.0,21.5,16.1,35
1998-08-07,16.5,19.1,83,3.20,222,2.50,6.0,19.1,13.8,55
1998-08-08,15.2,17.5,72,0.50,328,2.26,2.0,21.1,13.1,61
1998-08-09,17.4,21.7,72,0.00,128,3.25,0.0,19.9,13.9,59
1998-08-10,19.5,21.7,68,0.00,185,4.07,0.0,31.6,17.9,32
1998-08-11,15.7,20.9,54,5.90,229,3.80,9.0,38.2,30.1,31
1998-08-12,14.7,15.9,74,0.30,292,2.42,2.0,27.7,17.8,58
1998-08-13,14.6,19.1,77,1.30,287,2.89,6.0,15.4,12.6,46
1998-08-14,16.0,19.2,70,2.20,293,3.04,11.0,20.2,13.0,46
1998-08-15,14.5,17.5,70,0.00,3,2.84,0.0,19.6,10.4,51
1998-08-16,16.5,19.8,67,0.00,180,3.53,0.0,26.0,15.4,53
1998-08-17,18.3,22.3,66,0.00,182,4.19,0.0,27.4,19.4,50
1998-08-18,18.9,21.6,64,0.00,228,4.12,0.0,30.0,22.7,51
1998-08-19,12.1,16.9,62,0.10,321,3.11,1.0,29.0,23.5,47
1998-08-20,11.6,16.2,61,0.00,269,2.88,0.0,21.0,9.8,45
1998-08-21,15.6,20.1,68,0.00,147,3.25,0.0,18.8,15.8,52
1998-08-22,16.0,20.2,80,5.90,217,2.37,15.0,16.1,12.8,51
1998-08-23,14.3,17.3,83,0.60,293,2.03,3.0,18.6,16.0,60
1998-08-24,14.5,17.3,75,0.20,296,2.44,2.0,15.6,11.9,58
1998-08-25,15.3,17.5,68,0.40,220,2.60,2.0,12.4,7.9,52
1998-08-26,15.2,17.5,76,4.40,113,1.79,7.0,19.4,13.1,60
1998-08-27,13.8,15.9,88,2.70,228,1.49,6.0,13.3,10.8,72
1998-08-28,13.6,16.9,85,4.20,287,1.80,15.0,20.8,16.6,61
1998-08-29,15.5,18.6,73,0.00,141,2.58,0.0,23.9,15.5,52
1998-08-30,14.7,18.3,83,9.90,313,0.97,10.0,35.9,15.4,65
1998-08-31,11.8,14.2,69,0.60,321,2.39,4.0,34.0,24.7,47
1998-09-01,12.0,14.2,69,5.00,140,1.82,8.0,31.1,18.2,47
1998-09-02,12.6,14.9,87,3.60,138,1.20,6.0,24.8,15.2,76
1998-09-03,12.2,14.5,91,7.90,305,1.16,16.0,21.0,16.7,77
1998-09-04,11.3,12.7,92,6.70,290,0.92,19.0,26.6,20.8,82
1998-09-05,10.9,12.4,87,2.30,331,1.03,9.0,24.0,14.1,73
1998-09-06,9.9,12.3,77,0.10,95,1.81,1.0,18.7,11.8,57
1998-09-07,11.7,16.2,72,4.40,132,2.40,6.0,29.9,25.3,57
1998-09-08,14.2,17.9,78,0.00,188,2.29,0.0,16.2,11.1,62
1998-09-09,13.8,17.4,74,0.00,219,2.26,0.0,14.0,9.5,45
1998-09-10,11.6,16.5,80,1.70,283,1.66,3.0,16.3,10.4,49
1998-09-11,10.6,13.0,79,0.00,125,1.22,0.0,15.5,9.0,70
1998-09-12,10.2,12.7,84,0.30,13,1.26,2.0,7.6,4.9,71
1998-09-13,9.6,12.2,83,0.20,6,1.19,1.0,25.5,14.0,51
1998-09-14,7.3,11.1,69,0.00,65,1.55,0.0,20.6,8.5,51
1998-09-15,9.2,12.2,73,0.00,155,1.51,0.0,16.3,10.2,54
1998-09-16,8.8,11.8,86,10.50,215,0.90,17.0,20.9,12.9,59
1998-09-17,5.3,6.6,81,0.40,300,0.96,3.0,23.4,19.2,68
1998-09-18,6.5,11.5,77,0.00,119,1.42,0.0,16.8,11.8,58
1998-09-19,9.7,13.6,78,0.00,136,1.72,0.0,16.1,12.2,60
1998-09-20,10.8,13.7,76,0.00,127,1.77,0.0,24.8,20.6,63
1998-09-21,12.3,16.3,79,0.00,129,1.89,0.0,22.5,15.2,65
1998-09-22,11.3,15.7,79,0.30,323,1.43,2.0,20.4,17.5,68
1998-09-23,6.7,11.1,74,0.00,347,1.30,0.0,15.1,10.5,50
1998-09-24,4.6,7.5,73,2.90,65,0.89,5.0,14.8,8.9,50
1998-09-25,3.7,6.5,87,12.30,24,0.99,13.0,20.1,15.9,58
1998-09-26,4.6,6.8,78,2.60,159,0.75,6.0,23.4,12.6,58
1998-09-27,5.4,8.8,88,1.00,301,1.04,4.0,18.1,12.0,55
1998-09-28,5.7,8.9,76,0.20,239,1.07,1.0,11.9,8.0,58
1998-09-29,4.0,8.0,80,0.00,323,0.83,0.0,20.3,14.5,60
1998-09-30,2.1,5.4,75,0.00,49,1.05,0.0,17.7,10.3,61
1998-10-01,5.2,8.2,72,0.00,123,1.25,0.0,26.0,21.7,66
1998-10-02,7.3,10.9,83,0.00,60,0.84,0.0,15.8,13.9,68
1998-10-03,8.6,10.4,77,0.00,86,1.23,0.0,21.9,18.8,60
1998-10-04,8.5,9.5,77,0.00,139,1.31,0.0,25.4,20.6,66
1998-10-05,5.1,8.0,85,2.00,228,0.57,6.0,18.8,17.1,68
1998-10-06,3.4,4.3,76,0.00,286,0.64,0.0,15.8,9.7,68
1998-10-07,1.5,4.2,92,11.40,34,0.30,21.0,21.7,12.9,70
1998-10-08,-1.1,-0.2,77,0.00,38,0.59,0.0,17.3,14.2,67
1998-10-09,-3.1,-0.5,62,0.00,37,0.84,0.0,14.6,9.9,53
1998-10-10,-1.1,1.2,68,0.00,207,0.55,0.0,11.2,6.6,61
1998-10-11,-0.1,1.7,75,0.00,176,0.52,0.0,14.4,8.7,64
1998-10-12,1.7,3.2,75,0.00,157,0.79,0.0,26.0,16.9,68
1998-10-13,2.2,2.9,80,1.20,154,0.66,8.0,23.1,18.0,71
1998-10-14,2.6,3.9,90,0.00,96,0.29,0.0,11.5,10.1,82
1998-10-15,2.8,3.6,96,6.40,71,0.22,24.0,10.8,8.9,86
1998-10-16,3.2,4.7,92,0.00,172,0.37,0.0,26.9,14.1,82
1998-10-17,4.8,5.9,84,0.60,169,0.70,2.0,29.4,25.7,79
1998-10-18,1.7,4.2,84,0.30,261,0.55,1.0,26.9,13.8,77
1998-10-19,1.6,5.0,92,0.00,131,0.35,0.0,13.4,9.0,82
1998-10-20,5.2,11.8,87,0.00,182,0.63,0.0,24.4,16.4,62
1998-10-21,6.2,12.0,75,0.00,273,0.98,0.0,27.2,15.5,59
1998-10-22,1.7,5.3,89,0.00,351,0.35,0.0,12.3,9.4,81
1998-10-23,0.8,2.9,85,0.60,75,0.34,3.0,16.4,13.8,77
1998-10-24,3.5,6.1,88,0.00,139,0.46,0.0,25.4,22.1,80
1998-10-25,5.7,7.2,83,0.00,175,0.65,0.0,22.0,19.0,74
1998-10-26,5.5,7.1,81,0.80,247,0.63,3.0,28.7,19.9,76
1998-10-27,2.3,4.2,82,0.30,310,0.46,2.0,28.8,17.3,75
1998-10-28,1.7,2.6,94,14.00,94,0.15,22.0,25.6,17.0,79
1998-10-29,-1.6,1.3,83,2.60,268,0.44,11.0,29.4,25.3,67
1998-10-30,-4.7,-3.2,76,0.00,330,0.36,0.0,22.2,13.0,67
1998-10-31,-3.4,-0.4,79,0.00,129,0.39,0.0,23.0,15.0,74
1998-11-01,-0.8,0.8,84,0.00,118,0.38,0.0,21.2,16.7,77
1998-11-02,0.0,1.6,90,0.00,91,0.18,0.0,12.6,11.5,87
1998-11-03,1.0,1.6,93,0.00,98,0.16,0.0,15.0,13.4,90
1998-11-04,1.1,1.6,93,0.50,116,0.16,3.0,16.8,14.8,90
1998-11-05,0.9,1.6,92,2.10,127,0.17,14.0,18.6,16.0,89
1998-11-06,1.0,1.6,94,0.70,128,0.14,4.0,13.6,11.4,92
1998-11-07,1.1,1.3,93,0.00,171,0.13,0.0,12.8,11.1,91
1998-11-08,-0.6,0.5,92,0.00,290,0.14,0.0,12.5,7.2,84
1998-11-09,-3.8,-0.8,79,1.10,305,0.39,6.0,27.2,20.1,68
1998-11-10,-8.9,-6.8,75,0.00,335,0.33,0.0,23.8,17.9,70
1998-11-11,-11.3,-9.6,73,0.00,288,0.29,0.0,20.6,17.4,64
1998-11-12,-12.1,-10.2,74,0.00,321,0.16,0.0,13.3,8.5,66
1998-11-13,-16.9,-12.8,72,0.00,9,0.14,0.0,12.0,9.5,68
1998-11-14,-17.7,-16.1,74,0.00,347,0.13,0.0,13.4,11.7,72
1998-11-15,-16.3,-15.5,76,0.00,335,0.12,0.0,12.9,10.7,74
1998-11-16,-15.2,-13.2,81,0.00,325,0.06,0.0,10.5,6.7,77
1998-11-17,-14.7,-13.3,83,0.00,40,0.05,0.0,9.4,4.8,78
1998-11-18,-12.0,-10.8,80,0.00,110,0.11,0.0,13.6,9.6,77
1998-11-19,-10.0,-8.6,82,0.00,125,0.11,0.0,14.0,10.0,80
1998-11-20,-9.1,-6.6,84,0.00,109,0.17,0.0,23.5,17.7,82
1998-11-21,-3.6,-1.5,89,1.00,129,0.16,7.0,24.2,19.0,87
1998-11-22,-4.7,-2.0,92,5.00,292,0.07,11.0,16.0,9.3,87
1998-11-23,-11.8,-8.7,86,0.00,324,0.06,0.0,15.5,7.1,83
1998-11-24,-6.0,-3.5,90,0.00,118,0.08,0.0,15.3,12.4,86
1998-11-25,-3.0,-1.5,92,1.40,127,0.09,7.0,20.9,18.2,89
1998-11-26,-5.5,-1.9,92,0.50,294,0.04,3.0,9.4,7.2,89
1998-11-27,-11.4,-9.0,88,0.00,360,0.04,0.0,11.2,7.5,86
1998-11-28,-7.0,-5.0,92,0.70,106,0.04,4.0,12.4,6.8,89
1998-11-29,-7.0,-6.4,91,0.00,343,0.03,0.0,12.1,9.5,90
1998-11-30,-8.4,-7.4,88,0.00,51,0.04,0.0,8.8,6.7,85
1998-12-01,-6.2,-4.8,86,0.00,140,0.15,0.0,23.8,20.2,85
1998-12-02,-7.2,-6.6,87,0.00,131,0.14,0.0,22.7,20.4,85
1998-12-03,-8.5,-7.7,87,0.00,90,0.05,0.0,15.7,10.6,85
1998-12-04,-10.0,-9.1,87,0.00,121,0.05,0.0,14.0,10.8,85
1998-12-05,-10.1,-9.7,85,0.00,122,0.11,0.0,16.9,15.4,83
1998-12-06,-13.1,-10.3,83,0.00,73,0.07,0.0,15.7,12.6,82
1998-12-07,-22.9,-17.7,78,0.00,39,0.02,0.0,8.6,7.4,75
1998-12-08,-16.1,-12.2,83,0.00,99,0.08,0.0,18.1,14.7,79
1998-12-09,-10.1,-8.3,87,0.00,172,0.04,0.0,18.2,13.5,85
1998-12-10,-11.2,-4.1,92,3.20,148,0.04,4.0,17.8,11.4,88
1998-12-11,-6.7,-3.4,93,1.20,276,0.02,2.0,12.4,9.2,90
1998-12-12,-7.7,-5.9,91,0.10,113,0.05,1.0,21.9,13.6,89
1998-12-13,-5.6,-3.9,92,3.30,187,0.04,6.0,17.7,14.5,89
1998-12-14,-9.9,-7.2,87,0.00,297,0.06,0.0,17.4,15.0,85
1998-12-15,-17.9,-14.9,83,0.00,315,0.02,0.0,11.3,7.3,82
1998-12-16,-16.9,-14.1,82,0.00,94,0.06,0.0,16.9,10.9,81
1998-12-17,-17.5,-14.2,79,0.00,41,0.11,0.0,19.7,17.3,75
1998-12-18,-22.3,-20.5,74,0.00,320,0.12,0.0,22.7,19.4,71
1998-12-19,-27.0,-23.7,75,0.00,316,0.07,0.0,17.7,15.6,74
1998-12-20,-32.1,-30.2,72,0.00,348,0.03,0.0,12.7,9.1,69
1998-12-21,-23.7,-15.2,76,1.00,296,0.11,5.0,31.3,19.2,69
1998-12-22,-22.3,-20.4,71,0.00,327,0.16,0.0,27.1,23.9,68
1998-12-23,-23.5,-21.9,74,0.00,318,0.09,0.0,20.2,15.0,72
1998-12-24,-27.1,-21.8,75,0.00,315,0.06,0.0,20.2,14.7,74
1998-12-25,-14.9,-7.8,82,1.50,288,0.13,9.0,24.4,20.1,75
1998-12-26,-13.7,-7.7,76,0.10,324,0.24,1.0,28.5,24.7,73
1998-12-27,-23.6,-19.6,76,0.00,316,0.09,0.0,20.7,16.6,74
1998-12-28,-34.0,-28.7,74,0.00,331,0.03,0.0,12.7,10.7,73
1998-12-29,-36.6,-35.5,72,0.00,312,0.02,0.0,10.4,7.9,70
1998-12-30,-38.6,-36.8,73,0.00,332,0.01,0.0,9.3,8.2,72
1998-12-31,-37.7,-36.1,71,0.00,56,0.01,0.0,10.6,7.6,67
1999-01-01,-33.9,-28.4,72,0.00,48,0.02,0.0,11.9,6.4,71
1999-01-02,-32.0,-28.0,71,0.00,320,0.03,0.0,12.3,9.4,68
1999-01-03,-33.2,-32.2,78,0.00,143,0.02,0.0,12.3,11.0,76
1999-01-04,-33.5,-32.3,74,0.00,61,0.02,0.0,11.9,7.7,71
1999-01-05,-33.9,-33.1,73,0.00,344,0.03,0.0,14.5,12.9,71
1999-01-06,-33.5,-32.0,74,0.00,309,0.03,0.0,13.9,10.7,72
1999-01-07,-31.6,-30.8,73,0.00,320,0.05,0.0,16.3,15.2,73
1999-01-08,-33.1,-31.2,73,0.00,306,0.04,0.0,14.8,12.7,73
1999-01-09,-32.2,-31.3,72,0.00,310,0.06,0.0,19.6,17.5,71
1999-01-10,-35.0,-31.5,72,0.00,308,0.03,0.0,14.6,10.6,71
1999-01-11,-37.8,-36.0,70,0.00,91,0.02,0.0,13.0,7.5,68
1999-01-12,-32.3,-27.8,72,0.00,127,0.07,0.0,23.3,20.2,70
1999-01-13,-26.0,-24.4,77,0.00,120,0.04,0.0,18.4,10.7,74
1999-01-14,-17.2,-12.0,84,0.00,114,0.10,0.0,22.4,17.9,80
1999-01-15,-12.8,-11.9,87,0.00,345,0.05,0.0,12.8,7.2,85
1999-01-16,-17.3,-12.4,81,0.00,357,0.05,0.0,12.4,10.1,77
1999-01-17,-25.8,-23.4,80,0.00,96,0.04,0.0,11.8,9.8,77
1999-01-18,-22.2,-19.9,76,0.00,113,0.10,0.0,15.8,14.6,75
1999-01-19,-19.1,-17.1,76,0.00,116,0.13,0.0,19.3,16.3,73
1999-01-20,-15.5,-14.7,77,2.20,117,0.15,10.0,19.7,15.0,72
1999-01-21,-17.8,-16.3,80,0.00,298,0.10,0.0,24.5,16.0,72
1999-01-22,-26.1,-20.8,74,0.00,303,0.08,0.0,21.9,14.0,72
1999-01-23,-30.9,-25.7,76,0.00,164,0.05,0.0,17.9,13.2,70
1999-01-24,-22.2,-20.3,73,0.00,114,0.12,0.0,19.4,14.2,70
1999-01-25,-24.1,-21.8,75,0.00,83,0.06,0.0,9.7,7.6,73
1999-01-26,-21.8,-20.2,78,0.00,120,0.05,0.0,11.9,7.5,76
1999-01-27,-18.3,-16.2,82,0.30,102,0.10,3.0,18.0,14.4,79
1999-01-28,-16.0,-13.4,83,3.90,334,0.10,11.0,20.0,15.7,75
1999-01-29,-26.1,-21.2,74,0.00,317,0.08,0.0,19.2,12.3,68
1999-01-30,-27.4,-24.8,71,0.40,39,0.08,4.0,14.1,10.6,69
1999-01-31,-28.3,-26.3,73,0.00,89,0.07,0.0,20.7,13.5,69
1999-02-01,-24.3,-23.0,72,0.10,82,0.14,1.0,23.8,20.1,69
1999-02-02,-25.6,-23.9,71,0.00,74,0.12,0.0,18.6,16.7,66
1999-02-03,-27.3,-25.4,67,0.00,97,0.11,0.0,17.1,14.8,62
1999-02-04,-27.4,-25.4,70,0.00,112,0.12,0.0,24.3,21.5,61
1999-02-05,-23.4,-21.1,63,0.00,122,0.22,0.0,27.9,25.1,60
1999-02-06,-17.1,-14.2,68,0.80,125,0.32,5.0,31.1,29.3,62
1999-02-07,-14.0,-13.5,80,1.60,123,0.19,10.0,28.0,16.1,76
1999-02-08,-15.7,-13.9,80,0.00,58,0.12,0.0,13.1,10.4,77
1999-02-09,-16.2,-14.8,84,0.00,123,0.09,0.0,10.8,6.4,80
1999-02-10,-18.7,-18.1,81,0.00,338,0.09,0.0,12.5,9.4,76
1999-02-11,-21.2,-19.0,77,0.00,316,0.10,0.0,12.6,7.8,74
1999-02-12,-17.2,-14.6,79,1.00,128,0.18,7.0,23.3,15.3,77
1999-02-13,-21.8,-17.0,78,0.00,338,0.12,0.0,15.6,10.3,72
1999-02-14,-18.7,-13.8,77,0.00,104,0.20,0.0,22.5,19.0,75
1999-02-15,-13.1,-11.5,84,0.00,86,0.14,0.0,13.8,7.7,78
1999-02-16,-13.6,-11.8,84,0.00,80,0.14,0.0,14.2,9.6,81
1999-02-17,-8.9,-6.1,87,0.00,108,0.23,0.0,20.9,17.6,81
1999-02-18,-10.5,-6.6,81,0.00,125,0.29,0.0,20.6,19.5,77
1999-02-19,-13.1,-12.2,81,0.00,115,0.23,0.0,18.9,16.5,78
1999-02-20,-11.9,-9.6,86,0.00,143,0.22,0.0,14.0,12.1,82
1999-02-21,-13.7,-11.0,87,0.00,117,0.15,0.0,12.0,8.2,84
1999-02-22,-11.9,-8.6,84,0.00,46,0.26,0.0,15.0,12.8,79
1999-02-23,-8.9,-5.7,89,0.00,79,0.19,0.0,10.1,7.7,84
1999-02-24,-6.3,-5.2,91,0.10,115,0.23,1.0,13.4,9.3,87
1999-02-25,-8.4,-5.8,92,0.00,108,0.22,0.0,8.9,4.4,88
1999-02-26,-7.0,-4.3,87,0.00,52,0.28,0.0,8.5,6.0,77
1999-02-27,-6.8,-4.8,88,2.50,23,0.21,8.0,10.7,8.8,83
1999-02-28,-9.4,-5.7,83,2.90,6,0.29,10.0,14.8,11.7,73
1999-03-01,-16.4,-12.3,79,0.00,81,0.22,0.0,10.4,9.1,71
1999-03-02,-20.3,-16.3,75,0.00,81,0.23,0.0,14.0,12.1,68
1999-03-03,-23.2,-20.1,74,0.00,84,0.20,0.0,15.0,13.5,68
1999-03-04,-23.8,-19.7,73,0.00,81,0.22,0.0,13.5,10.4,67
1999-03-05,-24.8,-19.3,73,0.00,56,0.20,0.0,10.6,8.0,66
1999-03-06,-22.0,-19.6,74,0.00,322,0.21,0.0,15.9,12.7,66
1999-03-07,-23.7,-21.7,72,0.00,350,0.19,0.0,10.7,5.9,60
1999-03-08,-21.4,-14.6,73,0.00,90,0.25,0.0,19.2,14.0,64
1999-03-09,-12.1,-8.8,84,0.50,138,0.33,3.0,28.5,20.3,78
1999-03-10,-11.0,-6.7,85,0.00,147,0.42,0.0,18.1,13.7,80
1999-03-11,-6.7,-3.4,87,0.00,133,0.50,0.0,19.3,18.4,81
1999-03-12,-4.2,-2.5,85,0.00,133,0.58,0.0,27.8,24.5,79
1999-03-13,-3.5,-2.2,82,0.40,126,0.58,2.0,29.3,26.2,78
1999-03-14,-2.0,-1.1,91,8.70,122,0.37,21.0,22.4,16.0,86
1999-03-15,-3.5,-1.4,90,0.60,215,0.62,3.0,13.4,7.3,79
1999-03-16,-5.1,-2.3,89,0.00,123,0.64,0.0,13.6,10.7,75
1999-03-17,-5.9,-2.9,86,0.00,124,0.62,0.0,14.8,11.7,80
1999-03-18,-8.9,-4.3,84,0.00,115,0.62,0.0,11.4,9.0,74
1999-03-19,-8.1,-3.1,84,0.00,110,0.67,0.0,11.6,10.2,78
1999-03-20,-7.8,-3.3,82,0.00,175,0.67,0.0,14.5,11.2,73
1999-03-21,-6.6,-1.3,78,0.00,98,0.79,0.0,12.6,9.0,70
1999-03-22,-4.8,0.7,79,0.00,106,0.86,0.0,25.2,22.8,73
1999-03-23,0.9,2.8,81,0.00,144,1.09,0.0,26.4,22.7,73
1999-03-24,1.0,2.7,88,0.40,148,0.95,1.0,15.5,12.7,81
1999-03-25,0.9,2.2,91,0.20,136,0.61,1.0,16.7,14.7,87
1999-03-26,-0.2,2.5,85,0.90,227,0.68,6.0,25.1,19.9,78
1999-03-27,-6.8,-1.9,80,0.00,324,0.64,0.0,22.5,18.8,69
1999-03-28,-11.0,-8.0,75,0.00,343,0.56,0.0,19.2,12.9,66
1999-03-29,-14.8,-10.6,74,0.00,348,0.49,0.0,13.3,11.7,66
1999-03-30,-17.1,-14.8,75,0.00,349,0.45,0.0,12.6,9.2,66
1999-03-31,-19.4,-15.1,70,0.00,355,0.55,0.0,12.6,8.9,56
1999-04-01,-14.1,-5.8,75,0.00,126,0.65,0.0,22.7,17.4,58
1999-04-02,-2.4,2.2,80,0.00,159,1.07,0.0,29.3,23.1,77
1999-04-03,-0.7,2.1,85,0.00,353,0.76,0.0,19.4,15.0,77
1999-04-04,-4.5,-1.9,83,0.10,32,0.70,1.0,19.9,18.0,78
1999-04-05,-5.3,-2.3,83,0.00,48,0.70,0.0,18.9,15.1,75
1999-04-06,-7.0,-4.6,82,0.00,71,0.84,0.0,9.7,4.9,72
1999-04-07,-6.5,-4.7,80,0.00,11,0.68,0.0,13.5,8.4,72
1999-04-08,-7.6,-5.9,76,0.00,351,0.82,0.0,14.2,10.4,65
1999-04-09,-9.4,-6.1,77,0.00,69,0.65,0.0,18.4,15.7,65
1999-04-10,-10.2,-8.4,77,3.70,43,0.77,15.0,15.0,11.7,62
1999-04-11,-10.5,-3.1,76,0.00,102,0.87,0.0,23.3,13.9,63
1999-04-12,-0.6,3.4,82,1.00,129,1.45,4.0,25.9,15.5,72
1999-04-13,-0.9,3.2,86,1.50,270,0.96,7.0,24.5,12.2,79
1999-04-14,-4.1,-1.0,82,0.60,325,1.03,3.0,24.2,13.7,68
1999-04-15,-5.3,-0.2,81,0.00,120,1.31,0.0,12.2,9.5,68
1999-04-16,-2.2,2.0,79,0.50,128,1.01,3.0,32.6,24.2,71
1999-04-17,-0.1,4.6,80,0.00,337,1.60,0.0,11.3,8.7,65
1999-04-18,-0.1,4.3,80,0.00,51,1.67,0.0,8.9,7.2,65
1999-04-19,-0.9,3.0,78,0.00,77,1.51,0.0,13.7,11.3,64
1999-04-20,-2.1,3.2,74,0.00,111,1.79,0.0,11.9,9.1,53
1999-04-21,-0.1,6.1,71,0.00,122,2.02,0.0,13.1,10.3,51
1999-04-22,2.4,8.5,73,0.00,128,2.19,0.0,15.1,12.0,54
1999-04-23,5.2,9.8,74,0.40,187,1.94,2.0,25.0,17.3,57
1999-04-24,-0.6,7.9,66,0.00,319,2.03,0.0,28.4,17.7,50
1999-04-25,-3.9,0.8,74,6.10,82,0.92,9.0,30.8,21.7,53
1999-04-26,-5.3,-1.6,72,0.00,290,1.08,0.0,23.4,18.7,59
1999-04-27,-8.3,-3.5,61,0.00,4,1.59,0.0,20.6,10.1,45
1999-04-28,-7.3,-1.4,63,0.00,72,1.73,0.0,8.7,7.0,46
1999-04-29,-3.3,3.5,64,0.00,132,1.91,0.0,21.4,14.9,51
1999-04-30,2.0,6.4,67,0.00,150,2.25,0.0,24.0,21.4,53
1999-05-01,3.4,9.8,78,0.00,143,2.21,0.0,19.7,18.0,59
1999-05-02,5.6,10.1,72,0.00,112,2.60,0.0,22.5,19.7,58
1999-05-03,1.6,7.3,76,0.00,66,1.56,0.0,19.6,16.8,62
1999-05-04,-0.3,2.7,72,0.00,34,1.17,0.0,22.3,18.7,63
1999-05-05,-2.9,-0.1,76,6.00,5,1.00,24.0,22.1,17.6,74
1999-05-06,-4.0,-1.4,77,0.00,250,1.23,0.0,14.3,9.1,66
1999-05-07,-4.8,-0.7,70,0.00,86,1.60,0.0,23.0,20.8,51
1999-05-08,-0.9,5.5,60,0.00,98,2.40,0.0,26.1,22.2,44
1999-05-09,3.6,9.6,61,0.00,120,2.92,0.0,19.9,15.7,46
1999-05-10,6.4,13.0,63,0.00,133,3.30,0.0,14.2,11.2,35
1999-05-11,7.3,12.8,58,0.00,136,2.97,0.0,19.8,15.9,38
1999-05-12,7.3,11.7,57,0.00,116,3.29,0.0,20.3,14.8,43
1999-05-13,4.6,10.0,82,5.80,60,1.52,7.0,23.5,18.8,49
1999-05-14,5.4,9.2,83,0.00,10,1.50,0.0,15.0,12.7,70
1999-05-15,2.8,7.1,78,0.00,31,1.26,0.0,15.0,13.1,66
1999-05-16,0.4,5.7,68,0.00,52,2.17,0.0,15.6,9.5,46
1999-05-17,2.5,5.8,67,0.00,198,2.20,0.0,8.2,5.4,48
1999-05-18,3.9,7.9,71,0.50,107,2.38,3.0,8.2,4.8,57
1999-05-19,3.6,9.0,69,1.40,86,2.89,3.0,14.6,10.3,48
1999-05-20,5.7,11.7,69,0.00,129,2.88,0.0,9.3,6.9,44
1999-05-21,8.0,11.5,73,1.80,332,2.52,6.0,13.4,8.9,50
1999-05-22,6.7,10.9,71,0.00,56,2.44,0.0,13.0,9.8,50
1999-05-23,5.7,9.5,75,0.00,127,2.47,0.0,14.0,6.9,57
1999-05-24,6.8,14.1,71,0.00,137,2.58,0.0,18.4,14.3,52
1999-05-25,11.3,14.9,70,0.60,113,3.14,3.0,16.4,13.8,57
1999-05-26,9.7,15.0,67,0.00,224,3.07,0.0,21.9,15.9,47
1999-05-27,4.4,9.0,71,1.10,311,2.35,4.0,27.4,16.3,50
1999-05-28,4.1,8.0,64,0.00,115,2.54,0.0,14.9,7.4,49
1999-05-29,3.2,6.9,66,0.00,160,2.64,0.0,13.7,10.3,55
1999-05-30,6.0,14.6,59,0.00,155,3.68,0.0,23.4,17.9,41
1999-05-31,10.5,16.1,58,0.00,147,4.31,0.0,23.6,15.6,39
1999-06-01,13.4,17.9,57,0.00,92,4.30,0.0,12.2,7.9,39
1999-06-02,11.9,18.0,73,1.60,144,3.29,5.0,15.2,9.3,43
1999-06-03,10.5,16.7,75,0.60,151,3.45,4.0,15.3,13.3,49
1999-06-04,11.1,16.2,69,0.00,163,3.47,0.0,12.1,8.8,43
1999-06-05,9.1,16.2,73,0.00,345,1.99,0.0,18.3,14.6,44
1999-06-06,5.3,7.0,83,0.40,26,1.00,4.0,15.8,14.0,75
1999-06-07,6.4,10.4,83,3.30,19,1.25,6.0,16.3,13.6,75
1999-06-08,5.7,8.9,98,6.20,344,0.57,24.0,16.2,12.1,90
1999-06-09,6.3,8.8,79,0.90,5,1.76,5.0,12.3,7.9,51
1999-06-10,7.7,11.2,60,0.00,313,3.47,0.0,21.6,12.4,39
1999-06-11,5.8,9.6,57,0.00,85,3.14,0.0,15.9,8.1,37
1999-06-12,7.5,12.6,59,0.00,177,3.62,0.0,13.1,9.5,40
1999-06-13,10.1,14.6,55,0.00,148,4.23,0.0,13.3,7.7,40
1999-06-14,11.9,17.2,50,0.00,137,4.88,0.0,20.7,16.2,32
1999-06-15,14.5,20.2,45,0.00,134,5.79,0.0,19.4,18.2,27
1999-06-16,17.5,23.5,46,0.00,136,5.87,0.0,14.2,11.8,27
1999-06-17,19.4,25.0,43,0.00,153,6.12,0.0,13.2,10.7,28
1999-06-18,20.9,26.6,42,0.00,148,6.33,0.0,13.6,10.9,27
1999-06-19,21.8,27.8,44,0.00,142,6.21,0.0,14.7,10.8,26
1999-06-20,22.2,28.1,41,0.00,127,6.50,0.0,17.6,13.4,23
1999-06-21,16.8,21.8,61,0.00,159,5.01,0.0,16.6,14.5,34
1999-06-22,16.5,20.5,57,1.10,62,3.36,4.0,22.2,10.8,34
1999-06-23,10.4,17.2,53,0.30,29,4.04,2.0,26.2,24.3,34
1999-06-24,9.2,13.5,52,0.00,30,2.93,0.0,23.6,13.1,36
1999-06-25,9.4,12.4,54,0.00,157,3.14,0.0,12.7,7.9,39
1999-06-26,11.3,15.4,54,0.00,147,3.94,0.0,14.4,10.7,37
1999-06-27,13.6,18.2,50,0.00,180,4.62,0.0,14.1,7.1,30
1999-06-28,14.5,19.7,50,0.00,175,4.71,0.0,14.4,7.5,31
1999-06-29,16.0,19.6,54,0.00,299,4.75,0.0,17.5,12.6,33
1999-06-30,13.4,18.3,50,0.20,17,4.35,1.0,18.0,15.6,37
1999-07-01,12.9,16.7,40,0.00,5,4.48,0.0,18.1,12.2,28
1999-07-02,14.5,16.7,47,0.40,285,4.45,2.0,21.3,13.6,30
1999-07-03,10.5,14.8,42,0.00,315,4.25,0.0,20.9,12.2,31
1999-07-04,10.7,13.6,56,0.20,262,3.54,2.0,13.8,9.8,32
1999-07-05,11.8,14.7,55,0.00,250,3.76,0.0,14.7,9.4,35
1999-07-06,12.8,15.8,61,0.10,179,3.88,1.0,12.8,10.1,39
1999-07-07,14.9,20.4,64,1.80,159,3.80,4.0,17.8,13.2,46
1999-07-08,18.9,23.8,63,0.90,166,4.38,4.0,13.2,7.4,45
1999-07-09,19.8,23.1,63,0.00,311,4.58,0.0,13.0,8.9,38
1999-07-10,17.5,23.0,55,2.00,5,4.60,5.0,16.9,10.4,31
1999-07-11,17.8,21.0,47,0.00,238,4.68,0.0,13.4,7.9,30
1999-07-12,18.6,23.6,47,0.00,157,4.83,0.0,12.6,6.7,27
1999-07-13,18.3,23.4,43,0.00,330,5.48,0.0,27.5,17.8,28
1999-07-14,10.3,16.0,51,0.30,342,4.25,2.0,27.2,24.9,36
1999-07-15,11.9,18.0,51,0.00,322,4.16,0.0,19.4,14.7,36
1999-07-16,16.8,21.4,54,0.00,233,4.56,0.0,14.3,9.2,36
1999-07-17,17.7,21.8,51,0.00,288,4.56,0.0,11.0,6.6,35
1999-07-18,18.5,24.1,56,0.00,160,5.32,0.0,23.3,15.7,35
1999-07-19,19.1,24.4,53,0.00,265,5.27,0.0,28.2,23.3,36
1999-07-20,17.3,20.2,53,0.00,284,4.67,0.0,22.1,14.3,36
1999-07-21,18.7,24.0,56,0.00,158,4.96,0.0,18.4,14.9,36
1999-07-22,21.3,25.4,54,0.00,192,5.19,0.0,22.2,13.6,35
1999-07-23,13.7,22.3,58,0.00,318,3.69,0.0,27.6,22.9,32
1999-07-24,12.4,15.1,43,0.00,331,3.63,0.0,16.1,9.3,28
1999-07-25,13.7,17.2,52,0.20,202,3.73,2.0,12.3,8.7,35
1999-07-26,12.3,17.5,51,0.30,340,4.14,3.0,17.0,12.9,27
1999-07-27,13.7,16.1,50,0.00,156,2.92,0.0,17.7,10.2,28
1999-07-28,13.8,16.8,47,0.40,94,3.84,2.0,21.7,16.3,34
1999-07-29,12.8,17.0,60,0.00,53,2.59,0.0,20.4,17.8,34
1999-07-30,13.9,17.9,56,0.30,45,3.24,2.0,20.4,15.7,41
1999-07-31,15.7,18.4,61,0.10,157,2.55,1.0,9.7,5.5,40
1999-08-01,16.2,18.6,65,0.00,180,3.00,0.0,16.9,12.7,51
1999-08-02,17.9,23.6,62,0.00,206,3.04,0.0,16.2,8.9,43
1999-08-03,20.5,25.0,59,0.00,316,4.21,0.0,14.3,7.7,40
1999-08-04,21.4,26.9,59,0.20,236,4.33,2.0,12.6,6.6,32
1999-08-05,19.1,26.6,49,0.00,78,5.01,0.0,17.7,14.0,32
1999-08-06,15.8,20.5,44,0.00,117,4.66,0.0,15.1,12.2,31
1999-08-07,14.9,18.7,49,0.00,110,4.47,0.0,17.6,14.3,29
1999-08-08,13.3,18.5,48,0.00,84,4.78,0.0,26.1,23.2,29
1999-08-09,13.0,16.5,54,0.00,87,3.24,0.0,20.9,14.7,29
1999-08-10,15.6,19.5,55,0.00,23,3.01,0.0,13.3,8.4,33
1999-08-11,16.5,20.0,53,0.00,314,3.16,0.0,12.6,7.6,32
1999-08-12,17.2,21.5,53,0.00,272,3.60,0.0,14.9,8.7,32
1999-08-13,18.2,21.1,60,0.00,190,3.91,0.0,17.3,15.1,48
1999-08-14,18.6,24.0,54,0.00,91,4.51,0.0,16.8,13.2,30
1999-08-15,18.4,23.9,56,0.00,102,4.19,0.0,16.6,15.0,31
1999-08-16,19.6,23.4,63,0.00,152,3.77,0.0,13.7,11.9,46
1999-08-17,21.0,26.2,70,0.30,181,3.83,1.0,15.5,9.6,43
1999-08-18,19.2,25.6,63,0.30,306,3.23,2.0,14.2,9.8,46
1999-08-19,17.2,20.9,79,3.70,232,2.91,4.0,19.2,9.8,54
1999-08-20,19.1,23.8,67,0.00,190,3.46,0.0,15.1,8.5,40
1999-08-21,16.8,23.3,57,0.00,84,4.11,0.0,24.8,20.4,42
1999-08-22,13.2,17.4,64,1.10,95,3.11,3.0,25.2,21.1,45
1999-08-23,14.5,20.4,82,4.20,211,2.65,5.0,13.3,9.0,36
1999-08-24,16.2,20.2,57,0.20,251,3.37,1.0,12.2,8.0,36
1999-08-25,14.8,18.6,68,4.60,92,1.81,8.0,25.2,17.7,39
1999-08-26,10.2,13.5,89,7.70,3,0.86,22.0,30.9,24.8,81
1999-08-27,7.4,10.2,79,3.60,349,1.35,12.0,27.4,14.2,53
1999-08-28,10.8,13.5,70,0.00,177,1.84,0.0,20.3,13.8,54
1999-08-29,13.4,15.2,75,1.10,225,2.37,3.0,26.6,21.1,58
1999-08-30,8.1,13.6,73,0.80,40,1.36,5.0,20.8,17.2,64
1999-08-31,6.5,10.4,71,0.00,45,1.34,0.0,13.7,6.3,51
1999-09-01,8.4,10.6,68,2.30,151,1.55,7.0,19.6,12.8,50
1999-09-02,8.8,10.4,72,0.10,285,2.01,1.0,18.5,14.8,39
1999-09-03,7.7,11.0,65,0.00,112,2.26,0.0,21.5,12.8,39
1999-09-04,12.2,16.4,72,0.00,144,2.55,0.0,20.4,18.6,50
1999-09-05,13.6,16.6,86,3.60,161,1.36,8.0,14.5,8.6,59
1999-09-06,12.2,15.5,94,5.10,33,0.79,9.0,15.5,10.0,84
1999-09-07,10.4,13.4,82,2.60,7,1.35,8.0,22.4,19.3,58
1999-09-08,9.3,11.6,71,0.00,105,1.88,0.0,13.8,9.8,56
1999-09-09,10.2,12.5,81,0.70,126,1.12,4.0,18.7,16.0,58
1999-09-10,11.3,12.9,91,10.30,165,1.03,17.0,22.0,16.8,75
1999-09-11,7.9,12.6,83,1.10,275,0.83,9.0,21.7,16.6,75
1999-09-12,6.6,10.1,75,0.10,325,1.48,1.0,21.6,15.8,57
1999-09-13,8.5,12.8,76,0.00,144,1.73,0.0,19.9,12.5,58
1999-09-14,12.0,16.6,80,0.00,188,2.02,0.0,18.0,12.6,63
1999-09-15,10.1,15.8,77,0.00,34,1.30,0.0,15.1,10.3,61
1999-09-16,6.7,9.6,75,3.00,89,1.21,5.0,24.9,21.6,61
1999-09-17,5.9,7.3,87,13.10,60,0.89,14.0,23.5,20.8,64
1999-09-18,6.2,8.4,74,0.00,132,1.33,0.0,29.4,19.3,65
1999-09-19,9.9,14.0,76,0.00,156,1.90,0.0,28.0,25.5,67
1999-09-20,12.8,14.6,75,0.00,248,1.98,0.0,31.8,19.9,57
1999-09-21,9.0,12.3,71,0.00,298,1.56,0.0,29.8,13.2,60
1999-09-22,7.5,10.8,80,0.00,119,1.33,0.0,21.5,10.8,63
1999-09-23,11.7,14.6,68,0.40,155,2.19,2.0,32.6,25.1,48
1999-09-24,10.6,14.1,57,0.00,232,2.55,0.0,21.4,16.8,49
1999-09-25,7.2,12.3,68,0.00,305,1.38,0.0,28.0,17.6,50
1999-09-26,4.0,6.4,64,0.00,303,1.60,0.0,26.3,14.8,51
1999-09-27,3.4,6.1,75,4.00,345,0.99,9.0,21.5,14.0,53
1999-09-28,3.2,5.0,78,3.20,351,0.74,8.0,18.5,13.7,58
1999-09-29,0.1,3.3,67,0.00,336,1.12,0.0,24.7,18.7,52
1999-09-30,-0.5,1.6,72,0.00,334,0.93,0.0,19.9,12.8,54
1999-10-01,-2.2,-0.2,60,0.00,339,1.03,0.0,18.9,15.6,47
1999-10-02,-1.6,-0.0,62,0.00,309,0.79,0.0,13.5,6.8,47
1999-10-03,-2.7,-0.3,63,0.00,23,0.73,0.0,11.3,8.5,44
1999-10-04,-3.3,-1.9,44,0.00,40,1.06,0.0,10.3,7.8,38
1999-10-05,-2.4,2.4,59,0.00,103,0.89,0.0,21.9,12.6,41
1999-10-06,1.6,3.5,73,0.50,145,0.88,3.0,25.4,19.9,57
1999-10-07,2.7,3.8,92,0.00,109,0.34,0.0,13.4,11.5,85
1999-10-08,2.8,4.0,94,2.60,354,0.33,14.0,19.5,13.9,84
1999-10-09,1.7,3.8,85,0.00,320,0.49,0.0,18.7,16.5,67
1999-10-10,1.0,2.5,82,0.00,324,0.58,0.0,11.5,7.9,58
1999-10-11,0.0,2.2,68,0.00,120,0.83,0.0,17.8,13.2,59
1999-10-12,1.7,3.9,82,0.00,150,0.75,0.0,22.4,16.5,67
1999-10-13,1.2,3.9,90,0.00,96,0.43,0.0,25.9,15.7,75
1999-10-14,1.6,3.0,87,0.00,61,0.42,0.0,20.1,18.9,79
1999-10-15,-0.2,1.1,79,0.00,24,0.47,0.0,16.4,11.4,66
1999-10-16,-1.6,-0.5,81,0.30,326,0.38,2.0,12.6,8.4,67
1999-10-17,-2.9,-1.0,79,1.30,74,0.48,6.0,19.2,16.6,66
1999-10-18,-2.4,1.2,81,2.90,123,0.45,13.0,24.9,19.3,70
1999-10-19,1.4,2.5,94,2.30,129,0.18,5.0,20.2,16.3,89
1999-10-20,0.5,2.0,97,4.60,325,0.16,12.0,20.8,8.0,93
1999-10-21,-4.2,0.2,85,0.00,334,0.32,0.0,23.1,15.5,73
1999-10-22,-1.3,2.9,84,0.20,147,0.50,2.0,31.3,20.8,82
1999-10-23,-1.5,2.0,95,0.00,85,0.16,0.0,21.1,11.6,92
1999-10-24,2.9,4.9,89,0.00,108,0.42,0.0,31.2,27.7,81
1999-10-25,1.3,4.3,94,0.80,232,0.16,8.0,17.8,10.8,88
1999-10-26,-0.2,1.7,90,0.00,134,0.22,0.0,11.9,6.4,86
1999-10-27,-1.2,0.4,92,0.30,305,0.21,3.0,19.1,9.7,82
1999-10-28,-1.6,-0.2,86,0.00,356,0.26,0.0,14.8,9.0,79
1999-10-29,-0.3,1.0,88,1.40,114,0.25,6.0,16.6,14.6,84
1999-10-30,-0.4,1.0,91,0.00,147,0.19,0.0,11.6,7.5,87
1999-10-31,-2.7,-1.0,86,0.00,290,0.21,0.0,12.5,11.6,80
1999-11-01,-3.5,1.5,82,0.00,180,0.36,0.0,22.7,13.1,71
1999-11-02,-0.3,1.2,71,0.00,258,0.71,0.0,23.4,18.5,63
1999-11-03,-7.8,-4.6,64,0.00,28,0.42,0.0,17.8,13.1,60
1999-11-04,-9.7,-8.6,75,0.00,17,0.29,0.0,19.5,13.6,72
1999-11-05,-9.9,-5.6,75,0.00,87,0.16,0.0,9.9,5.0,70
1999-11-06,-4.9,-3.7,86,0.00,136,0.18,0.0,14.4,7.2,77
1999-11-07,-3.8,-1.2,91,0.00,113,0.14,0.0,16.6,11.5,86
1999-11-08,-2.2,-1.6,91,0.00,101,0.14,0.0,16.6,14.9,88
1999-11-09,-2.0,-0.4,90,0.00,121,0.16,0.0,29.3,20.5,88
1999-11-10,0.2,0.9,92,6.70,144,0.21,14.0,31.3,20.0,86
1999-11-11,-8.0,-0.6,81,0.40,327,0.17,2.0,22.4,12.5,77
1999-11-12,-1.8,-0.7,93,0.00,118,0.10,0.0,18.1,11.1,84
1999-11-13,-8.6,-3.0,83,0.00,337,0.14,0.0,18.4,12.0,80
1999-11-14,-5.9,-2.7,87,0.00,350,0.13,0.0,19.5,13.1,76
1999-11-15,-14.8,-11.0,75,0.00,356,0.18,0.0,17.7,14.7,71
1999-11-16,-17.9,-16.1,72,0.00,52,0.19,0.0,18.9,17.7,70
1999-11-17,-12.9,-10.5,78,0.20,92,0.23,2.0,22.3,20.3,77
1999-11-18,-9.4,-9.1,84,4.20,93,0.15,15.0,20.1,14.0,79
1999-11-19,-15.9,-10.5,83,0.00,14,0.03,0.0,8.0,7.0,75
1999-11-20,-13.7,-9.1,80,0.00,109,0.18,0.0,24.3,18.4,75
1999-11-21,-6.0,-4.1,87,3.60,129,0.15,19.0,21.5,17.7,82
1999-11-22,-5.6,-4.3,91,0.00,174,0.05,0.0,11.8,6.6,88
1999-11-23,-8.4,-6.0,92,0.00,170,0.06,0.0,8.8,5.4,90
1999-11-24,-9.6,-6.6,90,0.00,206,0.05,0.0,10.9,4.9,87
1999-11-25,-7.9,-7.2,88,0.00,79,0.08,0.0,16.0,13.6,86
1999-11-26,-10.3,-8.6,85,0.00,57,0.07,0.0,11.9,10.7,84
1999-11-27,-11.2,-10.8,84,0.00,69,0.07,0.0,11.4,10.6,82
1999-11-28,-12.2,-10.4,86,0.00,103,0.03,0.0,9.8,6.0,83
1999-11-29,-9.1,-8.4,88,1.80,129,0.05,8.0,18.6,11.6,86
1999-11-30,-10.0,-8.8,87,7.80,62,0.09,14.0,23.8,14.1,83
1999-12-01,-15.6,-11.2,79,1.40,309,0.14,6.0,28.5,21.7,73
1999-12-02,-23.5,-20.8,75,0.00,54,0.08,0.0,16.2,13.3,73
1999-12-03,-18.3,-15.4,79,0.00,95,0.12,0.0,18.5,17.4,77
1999-12-04,-12.0,-10.7,86,0.00,110,0.09,0.0,19.7,17.1,83
1999-12-05,-8.2,-7.5,88,4.20,93,0.08,10.0,18.5,13.9,85
1999-12-06,-13.4,-8.3,83,0.90,315,0.09,4.0,21.0,14.8,80
1999-12-07,-19.7,-18.5,78,0.00,44,0.05,0.0,12.5,8.7,76
1999-12-08,-19.8,-18.9,80,0.00,85,0.02,0.0,8.2,6.2,78
1999-12-09,-15.8,-9.9,84,0.00,111,0.10,0.0,24.9,16.3,78
1999-12-10,-11.4,-6.9,84,1.60,211,0.12,5.0,25.5,18.1,76
1999-12-11,-21.4,-18.1,79,0.00,292,0.08,0.0,17.7,15.7,76
1999-12-12,-29.5,-25.4,75,0.00,340,0.03,0.0,14.3,9.7,74
1999-12-13,-32.9,-32.0,74,0.00,37,0.02,0.0,11.0,9.0,72
1999-12-14,-32.9,-31.1,72,0.00,68,0.02,0.0,9.6,7.2,69
1999-12-15,-28.3,-24.6,76,0.00,108,0.04,0.0,17.4,11.4,75
1999-12-16,-19.5,-16.2,76,0.10,119,0.14,1.0,22.9,19.9,74
1999-12-17,-22.3,-16.1,79,0.00,276,0.03,0.0,14.9,9.8,76
1999-12-18,-30.5,-25.9,72,0.00,317,0.05,0.0,19.4,14.1,68
1999-12-19,-33.4,-31.4,73,0.00,279,0.03,0.0,19.5,11.3,70
1999-12-20,-30.6,-27.3,72,0.00,105,0.06,0.0,19.0,16.4,70
1999-12-21,-25.3,-22.1,76,0.00,126,0.06,0.0,15.6,12.9,72
1999-12-22,-19.3,-16.3,81,0.00,118,0.03,0.0,11.8,8.5,78
1999-12-23,-11.7,-7.0,88,0.00,148,0.02,0.0,14.3,10.9,82
1999-12-24,-2.6,1.5,79,0.00,221,0.27,0.0,20.4,13.6,71
1999-12-25,-13.7,1.6,75,2.70,312,0.29,5.0,46.7,28.7,69
1999-12-26,-19.1,-18.3,79,3.20,125,0.09,8.0,20.6,14.2,77
1999-12-27,-14.1,-12.0,86,0.00,85,0.03,0.0,13.2,9.7,83
1999-12-28,-13.8,-13.3,84,0.50,95,0.03,4.0,8.9,6.2,83
1999-12-29,-15.9,-13.7,79,1.10,54,0.04,7.0,10.9,8.0,74
1999-12-30,-21.4,-19.4,75,1.30,325,0.08,7.0,20.5,14.9,71
1999-12-31,-29.1,-27.1,73,0.00,278,0.05,0.0,17.4,12.2,70
2000-01-01,-26.3,-24.4,77,0.00,281,0.05,0.0,16.4,12.9,76
2000-01-02,-24.9,-24.2,77,0.00,291,0.08,0.0,18.7,17.1,75
2000-01-03,-28.2,-24.9,76,0.00,298,0.04,0.0,15.5,10.3,75
2000-01-04,-32.4,-29.6,74,0.00,27,0.02,0.0,11.0,7.5,71
2000-01-05,-35.1,-32.8,73,0.00,59,0.01,0.0,10.6,6.2,71
2000-01-06,-34.0,-32.7,72,0.00,4,0.01,0.0,7.4,4.9,70
2000-01-07,-31.5,-26.8,72,0.00,55,0.03,0.0,9.6,8.4,71
2000-01-08,-26.3,-25.6,75,0.00,85,0.06,0.0,14.5,12.5,74
2000-01-09,-24.0,-23.3,74,0.30,63,0.08,3.0,16.4,13.0,72
2000-01-10,-26.7,-24.4,71,0.00,69,0.07,0.0,15.8,11.3,68
2000-01-11,-33.6,-30.1,70,0.00,38,0.02,0.0,9.2,6.4,67
2000-01-12,-37.7,-34.2,72,0.00,307,0.02,0.0,11.0,9.2,68
2000-01-13,-40.1,-38.6,72,0.00,308,0.02,0.0,11.2,9.4,71
2000-01-14,-40.2,-38.5,72,0.00,271,0.02,0.0,11.4,8.4,68
2000-01-15,-37.8,-32.2,76,0.00,170,0.03,0.0,17.5,14.0,73
2000-01-16,-32.7,-31.2,74,0.00,231,0.02,0.0,14.8,7.8,72
2000-01-17,-33.5,-32.7,72,0.00,90,0.01,0.0,6.7,4.7,72
2000-01-18,-35.4,-34.9,75,0.00,131,0.02,0.0,8.9,7.4,73
2000-01-19,-36.3,-33.9,75,0.00,121,0.02,0.0,13.3,9.5,74
2000-01-20,-28.7,-22.5,73,0.70,133,0.08,5.0,18.3,15.2,71
2000-01-21,-21.9,-20.2,76,0.10,343,0.08,1.0,18.1,13.2,72
2000-01-22,-26.9,-21.7,74,0.00,92,0.07,0.0,19.4,11.8,71
2000-01-23,-17.3,-11.9,81,0.00,321,0.10,0.0,18.7,14.3,78
2000-01-24,-20.2,-15.4,78,0.00,130,0.10,0.0,21.6,14.2,75
2000-01-25,-18.4,-15.4,83,0.00,99,0.05,0.0,14.7,8.8,81
2000-01-26,-14.9,-13.3,84,0.00,148,0.13,0.0,20.1,17.5,80
2000-01-27,-11.7,-8.7,79,0.00,211,0.22,0.0,23.1,18.3,74
2000-01-28,-4.4,1.0,74,0.00,211,0.66,0.0,39.7,26.5,56
2000-01-29,-4.8,-0.4,78,0.00,207,0.39,0.0,29.1,16.0,60
2000-01-30,-9.3,-5.1,91,0.00,276,0.08,0.0,19.6,11.1,88
2000-01-31,-7.3,-5.4,83,0.00,140,0.27,0.0,23.0,20.6,78
2000-02-01,-6.7,-5.4,82,0.00,191,0.24,0.0,21.2,15.2,79
2000-02-02,-14.5,-9.1,81,0.00,310,0.11,0.0,17.9,11.1,78
2000-02-03,-14.8,-10.7,83,0.00,183,0.11,0.0,15.9,10.1,78
2000-02-04,-14.1,-12.6,80,0.00,5,0.15,0.0,20.2,11.9,73
2000-02-05,-15.8,-10.4,82,0.00,179,0.16,0.0,23.5,15.0,76
2000-02-06,-11.5,-9.8,84,0.00,309,0.17,0.0,24.5,12.8,80
2000-02-07,-12.8,-10.7,86,0.00,157,0.13,0.0,24.3,14.6,83
2000-02-08,-20.3,-12.0,72,0.00,343,0.19,0.0,27.9,18.9,66
2000-02-09,-25.4,-23.2,71,0.00,295,0.12,0.0,16.1,14.0,63
2000-02-10,-27.1,-23.3,73,0.00,300,0.10,0.0,15.3,10.8,66
2000-02-11,-28.3,-24.4,73,0.00,328,0.08,0.0,13.1,9.4,68
2000-02-12,-28.7,-24.0,74,0.00,127,0.08,0.0,16.3,11.6,72
2000-02-13,-22.3,-17.5,79,0.00,302,0.10,0.0,17.7,10.5,75
2000-02-14,-26.0,-20.0,73,0.00,337,0.12,0.0,17.9,15.2,64
2000-02-15,-31.9,-28.5,70,0.00,328,0.08,0.0,13.0,8.3,65
2000-02-16,-30.5,-25.5,73,0.00,145,0.09,0.0,14.5,10.1,69
2000-02-17,-25.3,-17.7,76,0.00,192,0.11,0.0,6.5,5.4,74
2000-02-18,-18.4,-16.5,81,0.00,103,0.15,0.0,11.2,7.9,76
2000-02-19,-18.3,-16.2,81,0.40,97,0.14,3.0,18.2,13.2,77
2000-02-20,-14.5,-9.0,82,0.60,105,0.25,5.0,25.4,22.4,80
2000-02-21,-11.4,-9.0,89,0.00,64,0.16,0.0,13.9,7.7,87
2000-02-22,-11.3,-9.7,84,0.00,329,0.19,0.0,13.0,10.7,77
2000-02-23,-12.6,-9.0,83,0.70,86,0.20,3.0,24.9,15.3,78
2000-02-24,-8.1,-6.6,88,0.00,148,0.27,0.0,23.7,9.9,80
2000-02-25,-12.8,-8.9,85,0.00,305,0.26,0.0,9.0,5.0,78
2000-02-26,-14.5,-12.0,87,0.00,83,0.17,0.0,7.7,6.4,82
2000-02-27,-13.1,-11.1,85,0.00,341,0.19,0.0,9.3,4.0,78
2000-02-28,-11.8,-9.9,83,0.00,338,0.23,0.0,8.4,4.6,73
2000-02-29,-12.0,-9.2,83,0.00,158,0.27,0.0,15.7,10.5,74
2000-03-01,-9.1,-5.7,85,0.00,151,0.43,0.0,18.6,11.2,80
2000-03-02,-10.9,-6.7,88,0.00,36,0.27,0.0,10.0,7.9,83
2000-03-03,-9.9,-5.8,87,0.00,98,0.37,0.0,8.9,6.2,81
2000-03-04,-9.1,-6.6,86,0.00,73,0.31,0.0,15.4,13.3,82
2000-03-05,-9.6,-7.3,82,0.00,49,0.31,0.0,11.1,7.1,78
2000-03-06,-15.8,-7.7,74,0.00,338,0.29,0.0,20.4,16.3,63
2000-03-07,-26.1,-21.9,68,0.00,43,0.22,0.0,13.4,9.5,60
2000-03-08,-24.5,-18.2,71,0.00,122,0.22,0.0,19.3,14.6,64
2000-03-09,-20.4,-18.0,75,0.00,336,0.25,0.0,17.9,13.3,65
2000-03-10,-24.7,-18.8,71,0.00,332,0.23,0.0,14.8,11.3,62
2000-03-11,-25.3,-20.4,70,0.00,304,0.24,0.0,17.3,13.9,60
2000-03-12,-23.8,-20.5,68,0.00,306,0.27,0.0,17.5,15.3,61
2000-03-13,-23.6,-20.6,71,0.00,323,0.27,0.0,15.9,12.8,61
2000-03-14,-25.5,-21.3,70,0.00,6,0.26,0.0,9.6,6.6,59
2000-03-15,-24.7,-19.9,69,0.00,211,0.29,0.0,8.6,5.2,59
2000-03-16,-23.3,-16.4,71,0.00,140,0.28,0.0,19.9,13.8,60
2000-03-17,-13.5,-9.9,79,2.40,131,0.44,13.0,19.6,12.5,69
2000-03-18,-15.2,-10.0,76,0.00,325,0.48,0.0,14.9,9.9,63
2000-03-19,-14.0,-10.0,75,0.00,51,0.45,0.0,14.4,10.7,65
2000-03-20,-13.1,-8.4,81,0.00,125,0.42,0.0,19.1,9.5,74
2000-03-21,-6.7,-2.2,84,0.00,136,0.83,0.0,18.3,12.2,77
2000-03-22,-7.1,-2.9,88,0.30,16,0.56,1.0,14.1,9.5,77
2000-03-23,-4.6,0.3,85,0.20,96,0.84,1.0,14.1,8.1,76
2000-03-24,-5.7,-0.1,93,0.00,335,0.63,0.0,8.2,6.1,84
2000-03-25,-4.8,-2.0,87,0.00,110,0.51,0.0,19.3,14.5,80
2000-03-26,-7.0,-3.9,84,0.00,108,0.67,0.0,19.1,18.1,75
2000-03-27,-5.6,-2.6,80,3.40,120,0.62,8.0,27.7,24.2,77
2000-03-28,-1.2,2.3,86,0.00,141,1.06,0.0,19.5,15.0,79
2000-03-29,-1.2,2.0,86,1.00,266,0.79,7.0,16.6,11.4,72
2000-03-30,-4.2,1.0,82,0.00,163,1.00,0.0,16.8,11.5,67
2000-03-31,-0.6,2.7,78,0.00,253,1.27,0.0,13.0,8.6,66
2000-04-01,-3.1,2.3,82,0.00,360,1.00,0.0,18.3,11.6,70
2000-04-02,-6.7,-1.8,76,0.00,329,1.08,0.0,21.1,13.8,67
2000-04-03,-6.2,-1.2,80,0.10,139,0.80,1.0,19.9,15.9,72
2000-04-04,-8.7,-1.3,80,0.60,336,0.52,3.0,28.2,21.3,65
2000-04-05,-19.3,-14.9,69,0.00,333,0.52,0.0,23.5,14.4,60
2000-04-06,-21.3,-17.0,70,0.00,323,0.46,0.0,14.2,10.4,60
2000-04-07,-20.0,-14.2,70,0.00,302,0.59,0.0,13.7,8.9,61
2000-04-08,-18.0,-12.3,70,0.00,317,0.68,0.0,11.5,8.7,57
2000-04-09,-16.0,-10.5,72,0.00,187,0.76,0.0,9.7,7.5,57
2000-04-10,-13.3,-7.7,68,0.00,150,0.98,0.0,7.9,5.0,55
2000-04-11,-13.1,-7.7,73,0.00,310,0.74,0.0,16.6,10.0,55
2000-04-12,-16.9,-11.1,71,0.00,350,0.61,0.0,18.2,15.4,63
2000-04-13,-17.6,-11.1,71,0.00,323,0.68,0.0,18.5,14.0,58
2000-04-14,-14.2,-10.2,71,0.00,354,0.91,0.0,14.3,8.3,58
2000-04-15,-10.8,-5.1,70,0.00,139,1.00,0.0,16.6,11.5,64
2000-04-16,-9.6,-5.6,76,0.00,335,0.91,0.0,15.1,9.7,67
2000-04-17,-9.0,-6.1,73,0.00,56,1.06,0.0,7.1,4.7,63
2000-04-18,-7.8,-1.8,76,0.00,94,1.15,0.0,16.5,13.0,62
2000-04-19,-2.1,3.0,80,0.00,131,1.16,0.0,17.7,14.5,74
2000-04-20,0.8,4.0,85,0.00,285,1.76,0.0,19.5,11.7,72
2000-04-21,1.9,7.3,78,0.00,128,1.62,0.0,22.0,18.1,61
2000-04-22,4.8,7.9,75,0.00,138,1.96,0.0,21.7,12.9,63
2000-04-23,3.7,8.1,92,1.90,107,0.86,7.0,12.8,7.0,70
2000-04-24,2.0,3.4,89,1.00,312,0.97,5.0,16.1,14.2,77
2000-04-25,0.8,3.0,86,1.90,21,1.17,10.0,10.5,7.4,69
2000-04-26,0.2,2.7,74,0.00,91,1.63,0.0,10.4,7.8,65
2000-04-27,1.0,9.4,75,0.00,143,2.23,0.0,14.5,11.8,46
2000-04-28,4.8,9.3,64,0.00,88,2.20,0.0,31.3,21.9,47
2000-04-29,4.0,7.6,83,3.80,105,1.36,6.0,33.5,24.8,65
2000-04-30,5.4,10.5,71,0.00,163,2.51,0.0,17.7,12.8,50
2000-05-01,6.7,11.2,65,0.00,156,2.83,0.0,17.7,14.5,54
2000-05-02,6.9,11.0,79,0.40,275,2.11,2.0,15.6,12.0,52
2000-05-03,5.9,10.9,73,0.00,350,2.82,0.0,13.8,8.6,45
2000-05-04,4.5,10.8,69,0.00,76,2.64,0.0,19.5,15.9,44
2000-05-05,3.3,8.9,68,0.00,74,2.71,0.0,20.7,17.3,44
2000-05-06,3.1,8.8,68,0.00,77,2.75,0.0,16.8,11.1,46
2000-05-07,3.7,8.8,70,0.00,117,2.58,0.0,11.6,8.9,49
2000-05-08,4.3,8.5,69,0.00,125,2.64,0.0,11.9,9.6,53
2000-05-09,4.7,9.6,65,0.00,87,2.82,0.0,15.6,11.1,42
2000-05-10,3.5,9.3,68,0.00,81,2.06,0.0,18.1,13.3,43
2000-05-11,4.3,7.9,68,0.00,114,2.26,0.0,12.3,7.8,49
2000-05-12,3.9,7.3,69,1.20,172,1.89,5.0,23.7,10.5,51
2000-05-13,-0.5,2.1,66,3.20,323,1.88,6.0,33.7,27.4,41
2000-05-14,-1.2,2.2,52,0.00,19,2.15,0.0,19.8,8.8,42
2000-05-15,-1.3,2.4,66,3.60,49,1.61,15.0,21.8,18.8,45
2000-05-16,-3.2,1.5,59,0.00,15,2.25,0.0,16.7,9.4,43
2000-05-17,-0.6,5.5,59,0.00,186,2.59,0.0,16.3,12.3,40
2000-05-18,4.5,10.6,57,0.00,153,2.94,0.0,13.1,8.0,39
2000-05-19,6.4,11.7,67,0.00,120,2.75,0.0,14.1,10.1,45
2000-05-20,7.9,13.3,65,0.00,77,3.36,0.0,12.3,8.3,34
2000-05-21,6.4,13.2,63,0.00,129,3.26,0.0,15.5,11.4,34
2000-05-22,8.4,14.7,66,0.00,95,3.42,0.0,16.0,10.3,37
2000-05-23,9.7,14.5,66,0.20,37,3.35,1.0,12.6,9.5,37
2000-05-24,6.2,12.2,67,0.10,64,2.43,1.0,15.9,14.3,47
2000-05-25,3.7,7.6,62,0.00,65,2.71,0.0,17.9,14.6,44
2000-05-26,4.7,10.3,58,0.00,70,3.48,0.0,12.6,9.3,37
2000-05-27,4.9,10.1,63,1.00,67,2.67,5.0,17.4,14.1,37
2000-05-28,2.8,6.4,69,0.20,17,2.14,2.0,23.6,19.4,50
2000-05-29,2.8,9.8,55,0.00,25,3.35,0.0,19.3,11.1,28
2000-05-30,6.0,13.5,51,0.00,177,3.66,0.0,10.6,7.4,29
2000-05-31,6.2,13.5,65,5.60,51,2.49,10.0,15.1,8.8,30
2000-06-01,3.6,10.1,64,0.00,164,3.13,0.0,15.2,13.3,47
2000-06-02,7.8,11.9,63,0.80,162,3.67,2.0,13.7,6.3,47
2000-06-03,8.6,14.9,61,0.20,155,3.62,1.0,15.7,11.1,43
2000-06-04,7.1,14.5,64,1.60,3,2.36,8.0,21.3,10.4,48
2000-06-05,4.0,7.0,65,0.40,100,2.94,3.0,12.3,6.9,46
2000-06-06,5.7,8.7,51,0.00,118,2.76,0.0,17.3,12.8,41
2000-06-07,7.9,12.5,58,0.50,90,3.37,2.0,16.6,14.3,37
2000-06-08,9.4,14.0,47,0.00,123,4.57,0.0,18.3,15.5,27
2000-06-09,11.2,15.9,40,0.00,116,5.34,0.0,22.3,18.4,24
2000-06-10,11.9,16.0,39,0.00,112,5.32,0.0,22.4,19.2,24
2000-06-11,10.9,15.6,53,0.00,138,3.89,0.0,22.2,18.2,28
2000-06-12,11.7,16.0,49,0.00,143,4.42,0.0,17.6,10.1,30
2000-06-13,12.0,16.1,48,0.00,140,4.49,0.0,19.8,14.7,29
2000-06-14,11.7,15.3,48,0.00,125,4.67,0.0,17.6,14.9,32
2000-06-15,11.8,16.3,45,0.00,78,4.87,0.0,15.6,11.1,27
2000-06-16,14.0,17.8,39,0.00,249,5.09,0.0,16.6,9.9,25
2000-06-17,14.0,19.8,37,0.00,164,5.52,0.0,16.4,10.9,24
2000-06-18,16.6,23.0,38,1.50,71,4.43,5.0,11.9,7.6,25
2000-06-19,17.5,23.1,50,0.20,29,4.57,1.0,9.4,6.5,25
2000-06-20,14.7,18.9,72,5.80,31,2.66,10.0,15.8,12.0,58
2000-06-21,13.4,19.1,76,1.10,10,3.49,5.0,13.4,9.4,36
2000-06-22,15.0,18.2,56,0.20,49,3.89,1.0,10.9,7.1,38
2000-06-23,13.6,17.7,57,0.10,77,3.74,1.0,14.8,8.9,40
2000-06-24,11.6,13.7,71,3.80,333,2.59,7.0,16.7,10.1,50
2000-06-25,11.8,15.2,69,1.90,20,2.81,3.0,12.1,8.2,51
2000-06-26,14.7,21.2,60,0.00,209,4.44,0.0,13.0,10.5,39
2000-06-27,18.0,23.4,50,0.60,206,4.98,2.0,12.2,8.9,35
2000-06-28,19.1,23.6,52,0.00,156,4.89,0.0,11.2,6.3,34
2000-06-29,20.0,23.8,52,0.00,105,5.62,0.0,22.2,13.1,35
2000-06-30,18.4,23.2,49,0.00,100,6.56,0.0,26.8,23.8,35
2000-07-01,18.2,22.8,45,0.00,114,6.34,0.0,21.7,18.7,32
2000-07-02,18.8,22.4,45,0.00,141,5.91,0.0,17.8,12.8,30
2000-07-03,19.7,23.8,46,0.00,161,5.95,0.0,18.6,11.8,30
2000-07-04,20.3,23.8,54,0.20,163,4.93,1.0,14.1,10.3,34
2000-07-05,21.0,23.6,51,0.00,109,5.16,0.0,13.6,9.6,36
2000-07-06,19.1,23.1,60,0.90,147,4.55,2.0,16.4,11.5,38
2000-07-07,18.5,21.7,65,0.60,78,3.97,5.0,11.7,7.2,53
2000-07-08,18.5,22.1,79,10.80,1,3.48,11.0,12.2,6.7,52
2000-07-09,18.1,20.6,82,0.10,174,3.65,1.0,15.1,6.6,57
2000-07-10,19.4,23.9,67,0.00,150,4.71,0.0,16.8,12.3,33
2000-07-11,20.3,23.7,58,0.00,160,5.10,0.0,14.0,11.0,33
2000-07-12,20.0,23.1,66,0.20,1,4.35,1.0,15.1,11.4,44
2000-07-13,17.4,22.5,66,2.10,38,3.67,8.0,18.4,12.1,48
2000-07-14,16.8,20.5,66,1.00,70,2.91,3.0,15.4,12.0,53
2000-07-15,12.7,16.1,75,11.30,39,2.75,17.0,28.8,23.5,40
2000-07-16,12.5,15.1,52,0.00,94,4.25,0.0,17.8,11.3,37
2000-07-17,13.6,17.0,57,0.00,161,4.29,0.0,21.0,12.6,37
2000-07-18,15.3,17.8,63,0.00,157,4.05,0.0,19.7,16.1,46
2000-07-19,16.6,20.4,64,0.00,153,4.62,0.0,21.7,17.7,44
2000-07-20,18.1,21.9,60,0.00,155,5.09,0.0,24.0,20.7,41
2000-07-21,18.1,22.0,73,4.20,183,3.95,7.0,19.1,14.6,46
2000-07-22,16.4,21.4,71,2.00,293,3.66,7.0,21.6,16.8,43
2000-07-23,19.2,23.8,62,0.00,165,4.65,0.0,9.7,7.6,40
2000-07-24,20.6,24.2,57,0.00,130,5.16,0.0,15.8,12.6,41
2000-07-25,21.5,26.0,60,0.00,143,5.32,0.0,17.3,14.1,42
2000-07-26,22.2,27.1,66,0.00,138,5.20,0.0,17.1,14.9,40
2000-07-27,21.7,27.1,67,0.30,133,4.56,1.0,19.1,13.9,39
2000-07-28,21.3,24.6,73,0.00,142,4.10,0.0,20.4,14.3,53
2000-07-29,20.4,23.8,58,0.00,178,5.16,0.0,22.7,17.7,40
2000-07-30,18.1,21.5,61,0.00,242,3.70,0.0,21.1,10.6,43
2000-07-31,19.5,22.7,62,0.00,92,4.25,0.0,15.8,10.0,43
2000-08-01,20.7,25.1,53,0.00,149,5.40,0.0,17.5,14.3,36
2000-08-02,22.7,27.2,52,0.00,141,5.09,0.0,14.3,8.7,32
2000-08-03,21.9,27.0,64,2.40,319,3.51,4.0,13.8,10.0,33
2000-08-04,20.0,22.3,73,1.60,166,3.53,6.0,8.8,5.6,59
2000-08-05,20.0,23.4,75,0.00,172,3.41,0.0,10.2,5.4,52
2000-08-06,18.7,22.6,79,4.30,269,2.20,6.0,27.1,13.5,57
2000-08-07,15.6,18.1,60,0.00,308,3.80,0.0,27.4,19.3,36
2000-08-08,13.0,17.9,52,0.00,8,3.48,0.0,19.6,15.8,33
2000-08-09,12.7,15.4,50,0.00,54,3.16,0.0,14.5,11.1,33
2000-08-10,12.0,14.8,56,0.00,71,2.73,0.0,14.8,12.1,37
2000-08-11,13.2,15.5,55,0.00,159,2.61,0.0,9.6,5.1,35
2000-08-12,13.9,16.1,58,0.00,156,2.67,0.0,9.2,6.4,39
2000-08-13,11.9,16.1,67,2.40,345,1.80,7.0,19.7,12.0,42
2000-08-14,11.9,15.1,60,0.40,254,2.36,2.0,18.5,9.4,37
2000-08-15,9.5,12.0,73,4.30,346,2.12,11.0,25.2,19.7,48
2000-08-16,11.2,14.3,65,0.00,331,2.34,0.0,23.7,14.4,49
2000-08-17,11.4,14.1,74,0.70,191,1.63,6.0,17.7,8.8,50
2000-08-18,13.2,16.8,82,2.80,164,2.07,10.0,16.9,13.0,64
2000-08-19,14.7,17.8,83,5.30,118,2.19,7.0,13.6,8.8,67
2000-08-20,14.3,18.5,82,1.70,323,2.49,4.0,14.7,9.8,50
2000-08-21,14.5,18.2,80,2.70,191,2.10,7.0,12.4,6.9,49
2000-08-22,14.8,16.6,82,1.80,153,1.53,5.0,20.4,16.8,73
2000-08-23,13.8,16.1,82,0.10,291,1.98,1.0,12.2,10.0,60
2000-08-24,10.7,15.1,68,1.10,328,2.10,4.0,24.3,18.2,44
2000-08-25,9.8,13.3,63,0.00,97,2.50,0.0,16.1,12.4,43
2000-08-26,10.3,12.4,76,7.20,82,1.35,9.0,24.0,20.3,50
2000-08-27,7.6,9.9,95,19.70,40,0.37,23.0,36.4,29.3,91
2000-08-28,4.6,6.9,84,6.00,6,1.10,24.0,35.2,24.7,65
2000-08-29,5.0,7.4,77,1.10,357,1.38,8.0,17.0,13.7,57
2000-08-30,5.4,8.1,78,0.30,317,1.57,3.0,12.4,6.1,58
2000-08-31,5.9,8.0,75,0.50,345,1.62,4.0,12.6,9.2,59
2000-09-01,6.0,10.6,73,1.40,35,2.10,3.0,15.6,12.5,46
2000-09-02,8.9,14.3,66,0.00,103,2.52,0.0,18.3,13.1,41
2000-09-03,10.7,13.9,67,0.00,137,2.66,0.0,20.2,17.5,44
2000-09-04,11.1,13.7,72,0.00,159,2.47,0.0,21.6,18.1,54
2000-09-05,11.0,13.5,81,3.20,156,1.23,10.0,22.8,16.5,61
2000-09-06,9.2,10.7,88,1.00,312,0.87,6.0,22.6,14.9,65
2000-09-07,10.5,14.1,79,0.70,151,1.80,2.0,23.1,19.0,64
2000-09-08,11.3,15.2,78,0.00,190,1.98,0.0,16.4,8.7,55
2000-09-09,8.8,13.7,80,0.70,299,1.28,4.0,20.7,17.5,63
2000-09-10,4.9,8.6,81,3.40,315,0.99,15.0,30.0,25.5,69
2000-09-11,3.4,6.8,74,0.00,322,1.50,0.0,29.1,17.7,59
2000-09-12,5.3,9.7,75,0.00,65,1.45,0.0,11.5,6.8,52
2000-09-13,7.5,11.4,78,1.10,296,1.45,3.0,13.8,8.1,54
2000-09-14,9.5,12.7,77,0.50,146,1.42,1.0,28.4,20.5,59
2000-09-15,10.1,13.2,64,0.80,259,2.24,4.0,41.7,30.2,45
2000-09-16,6.4,8.9,76,0.00,329,1.55,0.0,37.2,14.5,61
2000-09-17,7.3,8.7,78,0.40,119,1.03,3.0,24.6,18.8,62
2000-09-18,7.8,9.3,88,1.10,119,0.60,6.0,20.2,11.4,83
2000-09-19,5.4,8.6,79,0.90,321,1.06,4.0,25.6,21.3,47
2000-09-20,1.9,4.9,65,0.00,340,1.40,0.0,24.0,19.4,50
2000-09-21,1.7,4.2,66,0.00,340,1.31,0.0,21.3,10.1,49
2000-09-22,4.7,7.7,66,0.00,187,1.62,0.0,28.8,23.5,50
2000-09-23,7.0,7.7,74,0.00,296,1.38,0.0,29.6,20.2,61
2000-09-24,3.8,7.3,74,0.50,342,1.02,2.0,21.4,13.3,43
2000-09-25,-1.4,1.8,51,0.00,345,1.41,0.0,16.0,14.2,38
2000-09-26,-1.6,1.6,58,0.00,109,1.07,0.0,19.4,11.3,41
2000-09-27,1.7,3.3,75,2.60,125,0.91,6.0,22.9,14.9,51
2000-09-28,1.5,2.8,82,4.10,76,0.52,11.0,18.4,13.3,72
2000-09-29,2.0,4.0,83,0.00,102,0.57,0.0,19.4,15.2,73
2000-09-30,4.2,5.2,94,7.70,101,0.29,15.0,20.8,16.5,82
2000-10-01,0.2,3.6,89,10.20,302,0.39,18.0,37.4,31.1,83
2000-10-02,-0.8,-0.1,90,15.20,313,0.37,24.0,36.9,27.4,87
2000-10-03,-2.0,-1.0,85,2.00,320,0.52,10.0,24.5,23.2,74
2000-10-04,-3.2,-2.5,83,0.00,329,0.50,0.0,22.3,20.1,74
2000-10-05,-3.7,-0.7,83,0.00,314,0.47,0.0,17.7,9.2,70
2000-10-06,1.2,4.9,75,0.00,173,1.11,0.0,34.0,29.5,69
2000-10-07,4.1,5.0,81,0.00,183,0.97,0.0,26.3,17.0,70
2000-10-08,4.5,5.8,83,0.00,163,0.68,0.0,22.8,14.4,81
2000-10-09,3.2,5.0,88,0.00,261,0.60,0.0,13.7,11.1,80
2000-10-10,0.8,4.8,93,0.00,90,0.44,0.0,13.8,10.2,85
2000-10-11,1.7,4.8,93,0.00,138,0.32,0.0,24.3,13.2,77
2000-10-12,2.1,5.1,81,0.00,294,0.61,0.0,23.2,19.5,71
2000-10-13,0.1,2.2,74,0.00,63,0.63,0.0,21.5,13.8,71
2000-10-14,2.6,4.2,89,3.50,156,0.50,8.0,27.1,18.3,75
2000-10-15,1.9,4.9,93,0.00,163,0.43,0.0,14.3,7.7,83
2000-10-16,3.2,4.6,93,1.40,144,0.29,6.0,16.3,12.7,89
2000-10-17,1.7,3.0,91,0.00,291,0.35,0.0,22.9,18.1,79
2000-10-18,0.9,3.4,87,0.00,92,0.38,0.0,18.4,13.3,77
2000-10-19,-0.7,1.5,85,0.00,21,0.32,0.0,16.3,11.9,79
2000-10-20,-0.1,1.4,80,0.00,138,0.46,0.0,26.0,14.3,71
2000-10-21,-0.0,1.3,83,3.80,108,0.47,14.0,23.7,16.8,72
2000-10-22,-1.6,0.3,87,0.40,281,0.25,3.0,16.3,11.5,75
2000-10-23,-0.9,1.0,87,0.40,76,0.26,3.0,14.4,8.2,78
2000-10-24,-0.2,1.2,92,0.00,8,0.19,0.0,8.0,4.9,86
2000-10-25,-2.4,0.4,86,2.10,300,0.33,6.0,35.7,18.3,71
2000-10-26,-4.1,-1.3,80,0.00,168,0.37,0.0,26.9,16.1,76
2000-10-27,-0.2,0.8,88,5.80,180,0.29,17.0,23.4,16.8,77
2000-10-28,-4.5,-1.7,85,0.10,306,0.28,1.0,21.9,16.0,77
2000-10-29,-4.8,-2.5,85,2.90,64,0.26,7.0,21.2,17.5,80
2000-10-30,-5.5,-2.0,88,2.90,299,0.16,8.0,17.4,11.5,77
2000-10-31,-6.3,-3.1,84,0.00,119,0.22,0.0,19.1,10.7,82
2000-11-01,-0.4,0.6,90,0.00,157,0.22,0.0,20.2,14.4,84
2000-11-02,-4.0,-1.3,91,0.00,312,0.15,0.0,10.7,8.9,84
2000-11-03,-5.5,-4.3,91,0.00,350,0.12,0.0,13.7,7.8,87
2000-11-04,-8.5,-5.3,84,0.00,26,0.22,0.0,22.1,18.6,76
2000-11-05,-17.9,-14.6,80,0.00,351,0.09,0.0,14.2,8.5,78
2000-11-06,-14.8,-13.8,82,0.00,320,0.09,0.0,10.7,8.0,79
2000-11-07,-14.2,-8.4,82,1.70,89,0.13,9.0,16.5,9.3,80
2000-11-08,-6.8,-5.1,85,1.90,100,0.16,11.0,15.1,12.7,83
2000-11-09,-10.6,-5.7,84,0.00,326,0.09,0.0,14.5,10.2,77
2000-11-10,-17.6,-14.7,80,0.00,20,0.07,0.0,12.2,7.5,77
2000-11-11,-9.3,-6.5,82,0.00,123,0.12,0.0,13.3,9.8,80
2000-11-12,-6.2,-3.8,87,0.00,214,0.14,0.0,23.1,15.7,84
2000-11-13,-6.9,-5.0,87,4.40,56,0.09,11.0,12.3,7.9,85
2000-11-14,-10.5,-5.1,86,2.20,350,0.08,4.0,23.6,11.4,83
2000-11-15,-7.4,-4.9,87,0.00,147,0.17,0.0,24.0,19.0,85
2000-11-16,-7.2,-5.2,90,0.00,312,0.08,0.0,16.1,12.1,88
2000-11-17,-7.4,-5.6,89,0.00,74,0.08,0.0,20.6,12.4,87
2000-11-18,-9.1,-5.3,86,0.80,7,0.10,5.0,19.8,15.1,82
2000-11-19,-16.3,-10.0,86,0.00,189,0.04,0.0,12.7,9.2,81
2000-11-20,-13.1,-9.7,87,0.00,58,0.07,0.0,14.9,10.8,82
2000-11-21,-7.5,-5.1,89,0.00,140,0.12,0.0,23.1,19.1,87
2000-11-22,-8.1,-5.8,93,0.00,184,0.03,0.0,9.7,6.0,91
2000-11-23,-3.9,-2.0,96,0.00,140,0.05,0.0,15.6,8.6,93
2000-11-24,-3.3,-1.5,93,8.40,286,0.11,14.0,26.3,14.7,87
2000-11-25,-7.1,-5.4,89,0.90,48,0.07,5.0,17.3,11.1,87
2000-11-26,-11.1,-8.8,83,0.00,35,0.05,0.0,14.5,7.1,81
2000-11-27,-10.7,-9.7,86,0.00,13,0.05,0.0,7.4,5.3,85
2000-11-28,-12.4,-11.0,88,0.00,352,0.02,0.0,7.3,3.4,87
2000-11-29,-13.8,-11.9,88,0.00,237,0.02,0.0,8.7,5.7,86
2000-11-30,-10.8,-9.1,89,0.00,188,0.04,0.0,19.7,13.9,88
2000-12-01,-8.7,-7.0,89,0.10,185,0.05,1.0,19.5,13.2,87
2000-12-02,-10.8,-8.5,86,2.30,331,0.09,6.0,25.0,13.5,75
2000-12-03,-22.8,-16.5,73,0.00,318,0.14,0.0,26.0,21.3,71
2000-12-04,-30.3,-26.9,76,0.00,13,0.03,0.0,13.7,9.1,74
2000-12-05,-30.2,-25.7,76,0.00,72,0.04,0.0,15.8,11.4,73
2000-12-06,-21.2,-19.7,75,1.80,96,0.12,11.0,24.5,18.9,74
2000-12-07,-26.6,-23.4,74,0.00,345,0.05,0.0,14.7,11.7,73
2000-12-08,-33.8,-30.1,70,0.00,342,0.04,0.0,14.9,12.2,68
2000-12-09,-40.1,-38.2,70,0.00,350,0.02,0.0,12.7,10.3,69
2000-12-10,-36.8,-34.6,71,0.00,331,0.02,0.0,12.9,9.9,70
2000-12-11,-33.6,-32.5,70,0.00,345,0.01,0.0,9.6,5.0,67
2000-12-12,-35.1,-34.5,71,0.00,325,0.03,0.0,14.8,12.7,70
2000-12-13,-36.4,-34.9,71,0.00,325,0.01,0.0,11.2,7.1,69
2000-12-14,-35.1,-33.0,72,0.00,351,0.01,0.0,9.7,6.3,71
2000-12-15,-38.5,-36.8,71,0.00,345,0.02,0.0,10.0,8.5,69
2000-12-16,-37.5,-34.2,77,0.00,165,0.02,0.0,18.5,12.0,71
2000-12-17,-34.1,-32.2,72,0.00,85,0.03,0.0,18.2,12.0,71
2000-12-18,-38.7,-37.1,71,0.00,62,0.02,0.0,15.3,8.6,68
2000-12-19,-33.5,-32.0,71,0.00,101,0.04,0.0,19.3,15.0,69
2000-12-20,-29.1,-24.5,74,0.40,153,0.04,3.0,11.9,9.6,72
2000-12-21,-29.7,-24.5,76,0.00,25,0.02,0.0,11.7,8.9,73
2000-12-22,-32.6,-29.6,75,0.00,114,0.04,0.0,19.9,14.5,72
2000-12-23,-26.9,-25.3,72,0.00,144,0.08,0.0,23.6,18.1,71
2000-12-24,-28.2,-26.0,75,0.00,333,0.04,0.0,15.7,11.6,73
2000-12-25,-34.3,-32.1,73,0.00,58,0.02,0.0,12.4,8.1,72
2000-12-26,-24.9,-20.0,71,2.30,106,0.14,8.0,26.6,22.3,67
2000-12-27,-21.6,-20.0,78,0.00,97,0.07,0.0,20.3,12.7,75
2000-12-28,-25.2,-23.2,79,0.00,317,0.01,0.0,8.3,6.4,77
2000-12-29,-27.4,-22.8,78,0.00,101,0.04,0.0,19.5,11.8,76
2000-12-30,-19.3,-17.3,82,0.00,133,0.07,0.0,20.2,16.1,79
2000-12-31,-15.7,-13.8,85,0.50,6,0.03,2.0,12.5,8.3,81
2001-01-01,-18.8,-13.7,77,2.60,73,0.09,6.0,16.6,13.4,75
2001-01-02,-22.7,-21.8,79,0.00,70,0.04,0.0,12.3,9.2,77
2001-01-03,-23.7,-18.9,78,3.00,81,0.06,5.0,22.8,12.2,76
2001-01-04,-19.2,-18.0,79,4.50,34,0.05,11.0,20.2,10.1,75
2001-01-05,-23.8,-21.6,77,0.00,63,0.03,0.0,10.1,7.7,74
2001-01-06,-25.1,-22.9,75,1.50,70,0.04,7.0,10.8,7.7,73
2001-01-07,-23.9,-20.8,78,0.00,117,0.06,0.0,16.5,11.5,76
2001-01-08,-17.2,-13.0,82,0.00,104,0.12,0.0,21.5,19.0,80
2001-01-09,-13.8,-12.5,82,0.00,225,0.05,0.0,14.8,10.0,80
2001-01-10,-15.4,-11.6,88,0.00,110,0.05,0.0,17.3,11.8,84
2001-01-11,-14.4,-11.8,81,0.00,358,0.11,0.0,23.0,17.0,71
2001-01-12,-20.6,-18.6,78,0.00,302,0.06,0.0,17.6,9.9,73
2001-01-13,-16.3,-14.1,83,0.00,171,0.11,0.0,24.6,18.7,80
2001-01-14,-19.5,-15.8,83,0.00,45,0.03,0.0,10.4,7.0,79
2001-01-15,-18.6,-15.7,81,0.00,121,0.10,0.0,20.8,17.9,79
2001-01-16,-15.5,-14.5,84,0.00,111,0.07,0.0,19.5,11.6,83
2001-01-17,-14.0,-10.6,85,0.00,301,0.05,0.0,15.8,8.2,82
2001-01-18,-12.2,-10.3,88,0.00,157,0.07,0.0,19.1,13.7,84
2001-01-19,-13.5,-11.5,88,0.00,122,0.04,0.0,16.5,8.9,86
2001-01-20,-11.4,-10.4,88,0.00,157,0.07,0.0,20.0,14.7,82
2001-01-21,-13.8,-10.9,86,0.00,235,0.04,0.0,12.7,9.6,84
2001-01-22,-14.0,-13.2,84,0.00,320,0.07,0.0,15.4,11.2,80
2001-01-23,-16.0,-12.9,83,0.00,140,0.11,0.0,26.9,17.9,80
2001-01-24,-12.5,-10.8,86,0.00,201,0.08,0.0,19.2,9.1,83
2001-01-25,-16.0,-11.1,81,0.00,2,0.09,0.0,19.3,11.6,74
2001-01-26,-19.7,-17.6,79,0.20,108,0.09,2.0,15.0,10.7,76
2001-01-27,-18.4,-16.4,83,0.00,111,0.06,0.0,13.7,8.5,82
2001-01-28,-17.8,-16.8,80,0.00,69,0.11,0.0,15.9,13.3,72
2001-01-29,-26.6,-21.5,65,0.00,83,0.13,0.0,18.8,17.7,61
2001-01-30,-26.8,-24.4,66,0.00,87,0.12,0.0,19.1,16.1,63
2001-01-31,-24.5,-21.6,77,0.00,126,0.08,0.0,21.0,11.7,71
2001-02-01,-16.5,-13.6,82,0.10,154,0.14,1.0,28.7,17.2,76
2001-02-02,-17.7,-14.2,81,0.00,3,0.09,0.0,12.0,9.9,73
2001-02-03,-19.9,-17.1,77,0.00,87,0.10,0.0,12.3,10.1,74
2001-02-04,-16.7,-15.0,80,0.70,347,0.09,6.0,13.5,8.3,78
2001-02-05,-18.8,-15.5,80,0.00,324,0.12,0.0,16.3,14.7,76
2001-02-06,-26.1,-22.1,75,0.00,350,0.08,0.0,13.4,10.0,69
2001-02-07,-29.4,-27.0,75,0.00,69,0.06,0.0,9.7,8.1,72
2001-02-08,-28.7,-25.3,77,0.00,121,0.07,0.0,14.8,12.5,75
2001-02-09,-26.4,-24.6,76,0.00,137,0.10,0.0,19.1,16.7,73
2001-02-10,-23.1,-22.1,75,0.00,78,0.11,0.0,16.7,11.2,72
2001-02-11,-25.6,-22.6,76,0.00,192,0.09,0.0,12.6,9.5,75
2001-02-12,-27.0,-24.0,76,0.00,90,0.09,0.0,13.2,10.1,70
2001-02-13,-24.6,-20.2,76,0.50,130,0.12,5.0,18.6,14.3,74
2001-02-14,-20.5,-19.4,76,1.60,336,0.15,12.0,19.0,13.0,72
2001-02-15,-21.3,-18.8,78,0.00,331,0.15,0.0,19.5,13.7,76
2001-02-16,-16.9,-11.3,80,0.00,239,0.20,0.0,19.7,14.1,72
2001-02-17,-13.8,-12.0,81,0.00,306,0.21,0.0,17.3,14.0,76
2001-02-18,-20.4,-14.8,76,0.00,331,0.17,0.0,15.0,13.6,71
2001-02-19,-24.5,-22.1,72,0.00,322,0.15,0.0,19.3,13.8,60
2001-02-20,-28.3,-24.1,69,0.00,130,0.11,0.0,20.4,12.6,61
2001-02-21,-24.0,-20.5,73,0.00,322,0.16,0.0,16.3,12.5,65
2001-02-22,-24.8,-21.2,74,0.00,57,0.11,0.0,11.3,8.3,68
2001-02-23,-25.8,-22.3,73,0.00,34,0.11,0.0,6.8,5.5,65
2001-02-24,-29.6,-25.6,69,0.00,33,0.10,0.0,10.2,8.5,64
2001-02-25,-33.2,-29.7,69,0.00,306,0.09,0.0,11.6,9.8,65
2001-02-26,-31.8,-25.5,70,0.00,183,0.11,0.0,21.0,11.7,66
2001-02-27,-21.4,-14.9,76,0.00,126,0.22,0.0,20.7,13.0,67
2001-02-28,-6.8,0.3,83,0.00,204,0.55,0.0,21.6,17.1,76
2001-03-01,-8.3,-2.2,86,0.00,339,0.26,0.0,14.8,12.1,77
2001-03-02,-14.8,-11.4,77,0.00,21,0.31,0.0,10.6,6.4,66
2001-03-03,-13.1,-6.4,82,0.00,86,0.33,0.0,15.6,12.6,74
2001-03-04,-6.3,-4.8,91,0.00,131,0.30,0.0,14.0,9.7,85
2001-03-05,-6.9,-4.2,91,0.00,138,0.38,0.0,13.3,11.2,85
2001-03-06,-8.9,-4.8,87,0.00,191,0.42,0.0,9.9,7.5,82
2001-03-07,-9.0,-5.6,88,0.00,116,0.29,0.0,24.7,13.4,77
2001-03-08,-7.1,-5.2,82,0.00,328,0.36,0.0,24.9,17.3,74
2001-03-09,-19.1,-9.8,70,0.00,332,0.36,0.0,24.7,16.7,63
2001-03-10,-24.1,-18.9,71,0.00,91,0.21,0.0,15.5,11.5,64
2001-03-11,-21.6,-17.4,72,0.00,78,0.28,0.0,16.0,12.4,68
2001-03-12,-16.0,-11.6,79,0.00,92,0.38,0.0,16.6,10.2,74
2001-03-13,-15.0,-12.0,79,0.00,326,0.35,0.0,14.5,9.1,68
2001-03-14,-18.4,-14.5,73,0.00,344,0.34,0.0,14.2,8.6,64
2001-03-15,-20.2,-16.1,73,0.00,100,0.31,0.0,10.6,8.1,64
2001-03-16,-15.0,-8.2,77,0.00,108,0.45,0.0,17.2,14.5,70
2001-03-17,-12.6,-8.2,81,0.40,333,0.33,3.0,23.2,16.6,69
2001-03-18,-21.6,-16.7,68,0.90,1,0.33,5.0,22.3,18.4,62
2001-03-19,-23.0,-21.5,72,6.80,357,0.19,13.0,32.0,19.4,62
2001-03-20,-25.5,-23.3,70,2.80,313,0.21,20.0,33.4,30.9,64
2001-03-21,-26.7,-25.5,68,0.00,317,0.20,0.0,28.7,24.7,62
2001-03-22,-27.9,-24.6,67,0.00,298,0.22,0.0,22.2,17.2,59
2001-03-23,-22.1,-17.4,71,0.00,318,0.40,0.0,15.1,9.8,61
2001-03-24,-22.4,-17.7,73,0.00,123,0.31,0.0,16.1,10.0,65
2001-03-25,-16.4,-11.3,72,0.00,124,0.55,0.0,18.1,14.7,67
2001-03-26,-11.1,-6.4,76,0.00,98,0.60,0.0,22.7,18.9,69
2001-03-27,-5.2,-3.1,89,4.40,123,0.49,17.0,17.5,15.4,76
2001-03-28,-3.8,-0.1,85,0.00,121,0.74,0.0,17.2,13.7,74
2001-03-29,-3.3,-0.5,88,6.90,12,0.48,21.0,30.2,17.4,81
2001-03-30,-12.3,-7.3,77,1.10,329,0.61,7.0,29.6,22.0,68
2001-03-31,-13.9,-8.0,79,0.00,107,0.53,0.0,20.9,12.3,69
2001-04-01,-6.7,-4.4,79,1.00,132,0.73,5.0,24.4,18.1,74
2001-04-02,-11.0,-4.6,76,0.00,329,0.68,0.0,19.1,14.2,67
2001-04-03,-13.6,-6.4,77,0.00,129,0.65,0.0,21.3,12.3,67
2001-04-04,-2.3,1.8,75,0.00,180,1.10,0.0,30.2,26.4,69
2001-04-05,-1.3,2.0,84,0.00,346,0.88,0.0,20.5,14.0,76
2001-04-06,-5.9,-2.6,79,0.00,6,0.76,0.0,18.0,14.2,67
2001-04-07,-13.1,-9.2,74,0.00,89,0.72,0.0,13.3,11.5,65
2001-04-08,-11.5,-5.4,78,0.00,119,0.90,0.0,15.8,14.3,69
2001-04-09,-6.8,-1.0,81,0.00,104,1.20,0.0,13.6,11.1,70
2001-04-10,-8.5,-1.4,86,0.00,23,0.70,0.0,8.2,6.7,74
2001-04-11,-7.8,-4.0,82,0.00,119,0.85,0.0,19.4,11.6,72
2001-04-12,-6.2,-3.1,78,0.00,134,1.04,0.0,21.6,20.3,67
2001-04-13,-4.1,-0.0,76,0.00,124,1.37,0.0,19.0,17.1,65
2001-04-14,-3.5,-0.2,78,0.00,134,1.35,0.0,14.7,13.4,64
2001-04-15,-1.9,1.1,77,0.00,177,1.23,0.0,11.4,9.7,66
2001-04-16,-0.6,2.5,76,0.00,154,1.48,0.0,18.5,15.5,67
2001-04-17,0.9,4.2,76,0.00,147,1.82,0.0,19.4,14.5,65
2001-04-18,1.3,4.1,79,0.00,64,1.45,0.0,16.0,13.4,69
2001-04-19,-6.4,3.2,76,0.00,28,0.91,0.0,27.7,23.2,65
2001-04-20,-11.5,-7.3,71,0.00,320,0.96,0.0,18.9,12.1,63
2001-04-21,-9.6,-5.9,75,0.00,287,1.02,0.0,16.4,9.3,61
2001-04-22,-10.3,-5.1,73,0.00,321,1.21,0.0,15.5,8.6,57
2001-04-23,-7.2,0.8,69,0.00,137,1.62,0.0,14.1,11.5,53
2001-04-24,-2.9,3.1,69,0.00,96,1.86,0.0,14.4,12.9,56
2001-04-25,-0.3,2.8,75,0.00,38,1.61,0.0,18.0,16.1,63
2001-04-26,-1.6,2.2,77,0.20,132,1.71,2.0,11.3,9.3,63
2001-04-27,0.1,4.8,77,1.60,123,1.25,3.0,20.2,16.4,64
2001-04-28,2.8,8.4,81,1.40,58,1.61,3.0,17.2,10.9,62
2001-04-29,1.9,4.0,90,10.80,307,0.84,14.0,24.6,17.1,60
2001-04-30,-3.2,3.2,65,0.00,335,1.74,0.0,21.4,13.9,51
2001-05-01,-3.8,0.2,67,0.00,75,1.61,0.0,15.5,12.9,54
2001-05-02,-1.4,5.8,70,0.00,117,2.03,0.0,18.4,11.8,54
2001-05-03,3.3,7.3,76,0.00,135,2.06,0.0,19.0,15.1,55
2001-05-04,4.7,9.6,72,0.00,205,2.47,0.0,20.5,15.0,42
2001-05-05,2.6,8.4,76,0.00,23,2.08,0.0,16.9,12.8,47
2001-05-06,1.4,5.1,74,0.00,55,1.93,0.0,17.1,12.2,58
2001-05-07,0.4,4.4,73,0.00,104,2.17,0.0,10.5,8.3,58
2001-05-08,0.5,4.3,64,0.00,114,2.08,0.0,25.6,20.9,52
2001-05-09,1.9,6.3,73,1.20,119,1.70,8.0,24.2,21.0,55
2001-05-10,3.5,6.8,80,0.10,153,1.93,1.0,17.7,15.2,62
2001-05-11,4.2,8.7,71,0.00,256,2.63,0.0,17.7,7.9,51
2001-05-12,5.4,10.5,68,0.00,120,2.98,0.0,17.6,9.9,43
2001-05-13,6.1,10.3,67,1.70,97,2.20,4.0,30.6,23.3,45
2001-05-14,4.1,6.1,92,8.40,125,1.12,15.0,31.8,19.2,83
2001-05-15,3.9,6.5,88,0.10,250,1.23,1.0,13.4,10.0,71
2001-05-16,4.9,6.8,80,0.00,8,1.37,0.0,14.1,12.1,71
2001-05-17,2.3,5.8,80,6.50,5,0.99,12.0,21.7,17.4,75
2001-05-18,0.7,1.7,83,3.20,333,1.09,15.0,23.2,20.5,72
2001-05-19,-0.7,1.3,73,0.90,299,1.42,7.0,25.2,20.8,63
2001-05-20,-0.5,1.3,76,0.20,313,1.34,2.0,26.1,21.6,67
2001-05-21,0.3,4.8,74,0.00,332,2.14,0.0,18.9,10.4,62
2001-05-22,2.9,10.5,72,0.00,143,2.90,0.0,13.0,8.7,46
2001-05-23,6.8,12.3,71,2.30,108,2.92,7.0,19.9,15.4,46
2001-05-24,9.0,12.3,87,4.60,130,2.09,8.0,13.7,9.6,70
2001-05-25,8.5,12.5,72,0.20,247,3.10,2.0,22.2,10.9,42
2001-05-26,6.8,11.5,66,0.00,327,3.54,0.0,18.5,8.0,49
2001-05-27,7.3,11.1,63,0.00,90,3.20,0.0,23.9,14.9,39
2001-05-28,8.4,16.2,63,1.30,92,3.38,5.0,30.7,27.6,42
2001-05-29,13.0,16.4,69,0.00,127,3.78,0.0,26.0,17.3,57
2001-05-30,6.8,14.0,92,8.00,3,0.94,15.0,18.7,16.1,71
2001-05-31,2.9,4.0,86,0.30,58,0.75,2.0,12.9,8.7,80
2001-06-01,4.9,10.6,80,0.00,118,2.02,0.0,10.0,6.9,62
2001-06-02,10.6,18.8,73,0.00,86,3.66,0.0,16.1,13.9,53
2001-06-03,14.2,19.0,67,0.00,121,4.44,0.0,17.2,14.4,54
2001-06-04,14.0,18.8,72,0.00,149,3.87,0.0,16.4,12.7,56
2001-06-05,15.3,20.6,65,0.00,142,4.64,0.0,15.0,12.6,43
2001-06-06,17.0,22.0,54,0.00,127,5.17,0.0,14.1,10.4,35
2001-06-07,17.2,21.8,60,0.00,122,4.69,0.0,8.6,6.5,37
2001-06-08,15.3,21.2,69,0.00,51,3.88,0.0,16.6,11.7,47
2001-06-09,12.9,17.8,57,0.00,67,4.67,0.0,19.2,15.8,44
2001-06-10,12.6,17.3,51,0.00,65,4.93,0.0,16.3,14.1,36
2001-06-11,12.5,17.1,49,0.00,67,4.77,0.0,14.4,9.8,35
2001-06-12,12.5,17.2,52,0.50,188,4.12,3.0,9.4,6.2,36
2001-06-13,13.4,17.3,48,0.00,77,4.79,0.0,13.9,9.4,31
2001-06-14,12.1,15.9,46,0.00,94,4.53,0.0,14.5,11.0,31
2001-06-15,10.1,15.3,52,0.00,84,3.47,0.0,15.5,11.5,37
2001-06-16,10.7,16.8,51,0.00,84,3.92,0.0,9.5,5.6,28
2001-06-17,11.5,16.8,61,3.40,312,3.54,6.0,21.2,14.2,29
2001-06-18,11.3,15.4,57,0.00,309,3.85,0.0,19.1,9.5,39
2001-06-19,14.7,19.4,53,0.10,205,4.85,1.0,22.4,12.4,35
2001-06-20,15.5,19.3,57,0.00,240,4.88,0.0,21.0,11.6,36
2001-06-21,14.7,19.6,63,0.00,200,4.47,0.0,9.8,5.9,36
2001-06-22,13.6,19.4,61,1.10,348,3.87,3.0,25.6,16.1,37
2001-06-23,8.0,11.6,42,0.00,31,3.61,0.0,22.9,11.5,36
2001-06-24,8.0,10.6,54,0.00,179,2.68,0.0,8.7,6.4,38
2001-06-25,10.5,13.0,54,0.40,252,3.20,4.0,8.0,6.6,42
2001-06-26,10.8,14.3,52,0.00,314,3.77,0.0,14.9,10.5,35
2001-06-27,13.0,17.5,51,0.00,266,4.05,0.0,15.2,6.8,32
2001-06-28,13.9,17.5,46,0.00,73,4.55,0.0,14.8,9.9,32
2001-06-29,12.6,16.5,46,0.00,116,4.32,0.0,17.6,10.3,32
2001-06-30,12.1,16.0,46,0.00,165,4.96,0.0,22.3,16.7,32
2001-07-01,15.5,21.5,49,0.20,196,4.91,2.0,18.4,11.4,35
2001-07-02,14.2,20.8,46,0.00,338,5.11,0.0,22.1,17.2,31
2001-07-03,15.2,19.9,48,0.00,301,5.16,0.0,18.0,10.5,31
2001-07-04,16.4,20.0,50,0.40,152,4.76,2.0,19.7,16.9,36
2001-07-05,16.3,20.9,67,0.70,167,4.22,5.0,23.3,16.2,48
2001-07-06,16.0,18.6,70,0.20,301,3.36,1.0,27.0,16.4,54
2001-07-07,12.4,16.8,67,0.00,335,2.72,0.0,26.0,16.5,56
2001-07-08,13.3,15.5,70,0.30,44,1.96,2.0,9.8,6.6,57
2001-07-09,15.3,19.0,67,0.00,160,3.11,0.0,14.3,7.8,47
2001-07-10,17.1,21.8,66,2.50,140,4.43,6.0,20.9,16.7,46
2001-07-11,17.2,22.1,69,2.40,80,3.18,7.0,12.1,7.8,46
2001-07-12,14.4,18.7,83,22.20,287,2.73,15.0,29.5,17.8,49
2001-07-13,17.0,21.4,64,0.00,172,4.51,0.0,21.3,14.0,44
2001-07-14,17.8,21.1,68,0.90,79,3.42,3.0,22.3,12.9,49
2001-07-15,17.4,21.8,70,1.00,58,4.12,3.0,23.0,21.7,57
2001-07-16,17.0,21.3,82,1.10,96,2.21,7.0,18.2,15.4,59
2001-07-17,18.7,25.1,82,4.50,91,3.38,8.0,11.5,7.2,53
2001-07-18,20.6,25.1,73,2.60,65,3.04,6.0,14.5,11.3,53
2001-07-19,18.2,21.8,82,0.20,20,2.22,2.0,21.9,17.3,73
2001-07-20,15.4,18.2,80,0.10,36,1.76,1.0,21.1,17.9,72
2001-07-21,15.1,18.4,76,0.00,71,2.29,0.0,13.6,10.4,61
2001-07-22,16.3,18.6,68,0.00,151,3.95,0.0,18.7,13.6,47
2001-07-23,17.4,21.5,63,0.00,152,4.78,0.0,19.3,16.6,45
2001-07-24,19.5,24.0,59,0.00,137,5.37,0.0,19.5,16.9,40
2001-07-25,20.9,24.3,57,0.00,138,5.28,0.0,15.9,14.3,39
2001-07-26,21.0,24.0,61,0.00,150,5.12,0.0,18.3,15.5,43
2001-07-27,20.8,23.8,61,0.00,156,4.64,0.0,15.7,12.3,36
2001-07-28,20.4,24.1,55,0.20,139,4.30,1.0,11.7,6.9,34
2001-07-29,19.4,22.7,71,0.00,264,3.53,0.0,10.2,5.9,47
2001-07-30,19.6,24.0,59,0.00,342,4.35,0.0,23.0,10.2,33
2001-07-31,16.0,20.7,59,1.80,335,3.93,4.0,22.3,16.0,43
2001-08-01,15.3,18.5,58,0.00,320,3.64,0.0,11.6,7.4,41
2001-08-02,16.1,18.0,67,4.20,116,2.23,8.0,13.1,9.1,46
2001-08-03,14.5,17.4,72,0.00,341,2.75,0.0,15.8,13.3,44
2001-08-04,15.8,19.1,60,0.00,129,3.13,0.0,8.7,6.3,40
2001-08-05,15.6,19.3,66,5.00,95,2.55,7.0,19.1,14.5,39
2001-08-06,15.7,20.5,84,3.20,351,2.32,13.0,17.0,7.8,51
2001-08-07,14.7,20.5,65,0.10,321,3.15,1.0,22.9,18.5,44
2001-08-08,12.9,16.9,62,0.80,298,2.61,2.0,20.9,14.0,47
2001-08-09,15.5,18.1,70,0.20,306,2.84,1.0,18.9,15.1,57
2001-08-10,13.4,17.7,78,4.60,333,2.17,15.0,18.3,13.6,43
2001-08-11,11.8,15.3,64,0.00,129,2.82,0.0,16.3,11.5,43
2001-08-12,14.8,17.8,73,2.00,173,2.64,4.0,16.9,13.7,57
2001-08-13,15.3,20.0,79,0.10,279,2.73,1.0,12.5,7.6,55
2001-08-14,15.7,20.0,75,0.10,309,2.35,1.0,19.8,13.0,55
2001-08-15,17.9,22.3,73,0.00,181,3.46,0.0,24.2,16.4,52
2001-08-16,16.4,21.1,68,0.00,318,3.75,0.0,23.1,12.5,52
2001-08-17,19.6,25.5,67,0.00,171,4.33,0.0,22.9,16.9,53
2001-08-18,15.1,25.6,77,4.80,25,1.90,12.0,27.2,21.2,53
2001-08-19,8.9,10.9,80,5.10,55,1.34,7.0,28.2,24.5,69
2001-08-20,7.9,10.7,93,34.70,39,0.52,23.0,29.1,24.8,71
2001-08-21,7.2,8.9,78,1.90,44,1.29,4.0,25.0,21.4,65
2001-08-22,8.7,11.2,73,0.00,89,1.56,0.0,20.7,16.9,65
2001-08-23,11.8,16.7,74,0.20,91,2.20,2.0,18.4,16.6,63
2001-08-24,12.6,16.1,92,11.80,106,1.01,14.0,24.6,20.3,66
2001-08-25,11.5,12.6,94,2.10,308,0.67,11.0,23.1,15.9,89
2001-08-26,10.9,13.1,82,0.00,304,1.39,0.0,21.4,14.9,63
2001-08-27,13.3,17.9,81,0.00,146,2.17,0.0,15.3,11.5,62
2001-08-28,13.2,16.7,95,18.40,73,0.59,23.0,14.1,9.4,78
2001-08-29,12.5,15.4,81,1.10,86,2.04,5.0,16.2,12.6,55
2001-08-30,13.6,18.2,78,0.00,126,2.36,0.0,22.7,17.4,56
2001-08-31,15.9,19.8,76,0.00,131,2.84,0.0,20.9,19.8,62
2001-09-01,16.4,19.7,76,0.50,121,2.65,3.0,19.4,18.3,64
2001-09-02,15.2,18.0,79,0.30,178,2.26,1.0,16.6,12.4,59
2001-09-03,14.2,17.1,76,0.00,173,1.97,0.0,17.7,13.5,66
2001-09-04,12.0,14.4,87,4.10,73,1.54,17.0,17.3,12.1,72
2001-09-05,12.0,14.4,85,0.90,293,1.56,3.0,10.7,6.6,72
2001-09-06,12.2,14.8,82,1.30,109,1.75,5.0,13.0,7.7,71
2001-09-07,11.7,14.5,80,1.80,85,1.65,3.0,11.9,7.2,57
2001-09-08,11.2,13.8,87,14.40,148,1.02,18.0,19.2,13.8,66
2001-09-09,10.2,11.6,82,2.10,42,1.43,6.0,27.3,22.3,67
2001-09-10,8.5,11.6,75,2.00,41,1.56,6.0,23.8,17.0,60
2001-09-11,9.0,11.1,75,0.00,107,1.46,0.0,8.2,6.3,52
2001-09-12,10.1,12.7,72,0.00,185,1.82,0.0,22.7,13.2,58
2001-09-13,11.8,15.5,72,0.00,186,2.38,0.0,25.6,22.2,62
2001-09-14,13.5,17.3,70,0.00,246,2.42,0.0,20.2,13.0,57
2001-09-15,12.3,16.7,85,6.30,22,0.95,6.0,21.2,11.4,60
2001-09-16,10.1,14.1,74,0.00,317,1.85,0.0,15.6,10.6,60
2001-09-17,10.0,12.3,76,0.00,282,1.66,0.0,16.9,14.4,57
2001-09-18,6.9,9.7,74,0.90,49,1.01,4.0,18.6,11.1,53
2001-09-19,3.9,6.3,67,0.00,71,1.51,0.0,19.8,17.5,53
2001-09-20,4.3,6.1,75,0.00,82,1.10,0.0,16.9,15.2,60
2001-09-21,4.2,5.7,69,0.00,93,1.31,0.0,20.5,18.3,61
2001-09-22,6.5,9.3,72,0.00,136,1.50,0.0,30.6,23.8,63
2001-09-23,10.6,15.5,82,0.00,150,1.60,0.0,27.7,22.8,72
2001-09-24,11.8,15.4,62,0.00,232,2.55,0.0,27.1,19.5,52
2001-09-25,11.3,15.3,75,0.00,161,1.84,0.0,19.8,15.4,69
2001-09-26,13.4,19.3,85,0.00,106,1.52,0.0,16.6,12.8,65
2001-09-27,13.3,17.1,83,2.10,143,1.03,7.0,32.7,23.8,72
2001-09-28,8.6,11.3,71,1.00,251,1.89,3.0,32.6,27.2,51
2001-09-29,6.5,10.9,72,0.00,359,1.30,0.0,14.0,9.5,48
2001-09-30,5.6,8.4,72,4.20,64,1.11,9.0,21.4,16.6,54
2001-10-01,5.1,6.9,84,1.20,113,0.44,4.0,7.4,4.6,64
2001-10-02,6.5,8.2,88,3.00,146,0.61,5.0,14.7,8.8,82
2001-10-03,2.8,6.5,74,0.80,334,0.93,2.0,27.7,21.8,52
2001-10-04,0.1,1.7,67,0.00,321,0.91,0.0,21.8,11.2,53
2001-10-05,0.4,3.0,73,0.00,121,0.76,0.0,19.0,12.9,60
2001-10-06,5.1,8.4,81,0.00,158,0.95,0.0,24.1,21.7,69
2001-10-07,7.5,8.3,73,0.00,239,1.23,0.0,27.7,22.3,67
2001-10-08,4.2,7.3,75,0.00,341,0.80,0.0,14.8,11.1,63
2001-10-09,3.5,6.4,80,0.00,88,0.58,0.0,13.3,9.9,65
2001-10-10,3.5,6.1,88,0.70,118,0.53,3.0,15.8,8.3,73
2001-10-11,4.7,7.3,85,0.00,110,0.62,0.0,19.3,14.5,74
2001-10-12,5.0,6.8,90,0.00,130,0.50,0.0,17.7,11.7,74
2001-10-13,3.4,5.8,88,0.30,349,0.42,2.0,15.1,9.8,80
2001-10-14,2.2,3.7,87,0.50,338,0.45,3.0,16.6,14.1,78
2001-10-15,0.9,2.4,88,0.70,314,0.42,5.0,15.9,12.5,71
2001-10-16,-1.2,0.9,77,1.10,82,0.56,5.0,31.0,18.9,66
2001-10-17,-1.8,-0.7,86,10.50,67,0.41,23.0,31.2,23.4,72
2001-10-18,-4.4,-2.9,86,0.00,39,0.31,0.0,15.1,12.2,79
2001-10-19,-5.3,-3.2,81,0.00,61,0.40,0.0,19.6,15.8,71
2001-10-20,-5.5,-3.9,82,0.00,37,0.29,0.0,12.2,9.5,78
2001-10-21,-6.2,-3.8,87,0.00,30,0.23,0.0,7.7,5.9,77
2001-10-22,-4.6,-2.3,82,0.00,103,0.33,0.0,18.4,13.9,77
2001-10-23,-5.0,-3.2,80,0.00,87,0.38,0.0,17.8,16.4,77
2001-10-24,-7.2,-5.4,81,0.00,67,0.27,0.0,13.9,10.3,75
2001-10-25,-8.4,-6.0,83,0.00,23,0.18,0.0,8.1,6.8,77
2001-10-26,-8.0,-3.4,80,0.00,65,0.22,0.0,22.0,11.1,78
2001-10-27,-4.4,-2.9,84,4.20,50,0.34,11.0,28.7,21.8,79
2001-10-28,-9.7,-8.5,82,0.00,345,0.19,0.0,16.6,9.7,75
2001-10-29,-6.8,-1.0,84,0.80,108,0.24,5.0,27.5,15.8,82
2001-10-30,-0.5,1.5,86,1.60,173,0.34,7.0,21.2,18.8,83
2001-10-31,-4.3,-3.2,87,0.00,291,0.20,0.0,20.5,11.0,79
2001-11-01,-5.4,-3.1,86,0.10,52,0.16,1.0,10.7,8.3,82
2001-11-02,-2.0,-1.2,92,0.00,84,0.15,0.0,10.8,8.7,89
2001-11-03,-3.2,-0.6,90,0.00,93,0.16,0.0,13.3,8.8,88
2001-11-04,-0.3,1.9,90,0.70,159,0.24,6.0,29.4,19.7,84
2001-11-05,-7.1,-4.1,83,0.20,299,0.28,2.0,28.0,23.5,75
2001-11-06,-9.6,-6.7,81,0.10,28,0.14,1.0,16.0,7.6,76
2001-11-07,-6.4,-4.9,86,0.10,102,0.12,1.0,12.7,8.3,83
2001-11-08,-13.7,-9.9,84,0.00,7,0.09,0.0,11.6,9.8,79
2001-11-09,-7.1,-2.6,86,0.60,150,0.17,4.0,18.4,13.7,82
2001-11-10,-10.7,-5.1,84,0.00,318,0.13,0.0,20.5,15.0,78
2001-11-11,-9.1,-4.2,84,0.30,103,0.20,3.0,23.8,18.1,80
2001-11-12,-2.5,-1.6,92,0.20,114,0.10,1.0,17.6,9.2,87
2001-11-13,-5.4,-2.2,87,3.80,58,0.13,12.0,17.2,15.3,83
2001-11-14,-10.6,-9.3,83,0.00,74,0.20,0.0,28.8,22.1,82
2001-11-15,-7.9,-5.3,84,0.70,97,0.26,5.0,28.8,26.6,82
2001-11-16,-1.9,1.1,88,5.70,154,0.23,12.0,35.3,25.1,82
2001-11-17,-5.9,-2.6,82,0.00,277,0.26,0.0,27.2,20.4,77
2001-11-18,-10.7,-7.6,84,0.00,296,0.11,0.0,25.6,12.4,78
2001-11-19,-6.2,-3.9,91,0.00,124,0.08,0.0,20.9,13.7,89
2001-11-20,-8.5,-6.1,86,0.00,66,0.13,0.0,23.5,16.9,83
2001-11-21,-7.2,-5.3,85,1.10,121,0.22,9.0,24.0,22.5,83
2001-11-22,-3.6,-2.9,92,1.30,110,0.07,12.0,18.6,10.7,89
2001-11-23,-14.9,-5.9,79,0.00,9,0.13,0.0,19.5,17.4,71
2001-11-24,-23.8,-20.5,76,0.00,66,0.09,0.0,16.5,14.6,74
2001-11-25,-18.6,-16.2,78,0.00,86,0.14,0.0,20.0,18.8,76
2001-11-26,-16.6,-14.4,80,0.00,86,0.12,0.0,18.0,16.8,79
2001-11-27,-12.7,-11.8,84,1.00,89,0.06,10.0,16.3,10.5,82
2001-11-28,-14.9,-12.8,84,0.00,58,0.06,0.0,14.2,9.3,81
2001-11-29,-21.8,-17.3,79,0.00,23,0.04,0.0,12.3,9.4,75
2001-11-30,-27.3,-25.5,75,0.00,20,0.02,0.0,7.9,6.5,73
2001-12-01,-20.1,-18.2,81,0.00,85,0.05,0.0,14.1,11.3,79
2001-12-02,-17.4,-14.2,81,1.40,79,0.10,6.0,18.1,15.7,78
2001-12-03,-18.9,-13.4,81,0.20,195,0.05,2.0,17.8,10.9,78
2001-12-04,-28.1,-22.0,79,0.00,278,0.02,0.0,9.9,8.0,75
2001-12-05,-31.3,-29.5,78,0.00,280,0.02,0.0,10.1,9.0,74
2001-12-06,-31.1,-29.0,77,0.00,286,0.02,0.0,9.7,7.4,73
2001-12-07,-33.8,-29.8,76,0.00,288,0.02,0.0,9.7,8.2,74
2001-12-08,-25.1,-20.2,76,3.70,72,0.09,10.0,19.0,14.7,73
2001-12-09,-22.1,-19.7,75,1.60,334,0.10,9.0,19.1,15.1,73
2001-12-10,-28.6,-24.8,77,0.00,290,0.03,0.0,12.5,9.6,75
2001-12-11,-29.4,-28.6,82,0.00,154,0.02,0.0,13.6,11.8,79
2001-12-12,-27.1,-25.8,81,0.00,107,0.03,0.0,12.8,12.0,79
2001-12-13,-22.5,-18.2,80,0.00,80,0.05,0.0,12.6,10.9,79
2001-12-14,-17.0,-15.9,80,0.00,71,0.09,0.0,14.6,12.9,78
2001-12-15,-17.5,-16.2,79,0.20,72,0.10,2.0,17.2,14.8,77
2001-12-16,-20.3,-17.5,80,0.30,295,0.02,3.0,11.0,8.0,79
2001-12-17,-22.4,-15.8,76,2.80,54,0.10,6.0,24.2,14.9,73
2001-12-18,-19.2,-15.7,78,4.50,252,0.11,12.0,28.1,18.8,74
2001-12-19,-19.2,-14.0,76,0.20,138,0.13,2.0,22.8,16.3,70
2001-12-20,-23.4,-21.2,78,0.00,158,0.06,0.0,16.6,12.8,75
2001-12-21,-22.0,-18.2,81,0.00,136,0.07,0.0,21.4,15.5,77
2001-12-22,-16.4,-15.1,80,0.00,193,0.08,0.0,22.7,13.7,76
2001-12-23,-16.7,-13.5,83,0.00,154,0.06,0.0,18.8,13.0,79
2001-12-24,-14.6,-9.8,85,0.00,152,0.07,0.0,22.1,13.5,83
2001-12-25,-6.3,-4.2,87,0.00,226,0.09,0.0,21.4,17.5,85
2001-12-26,-12.0,-7.2,88,0.00,19,0.03,0.0,16.9,9.6,85
2001-12-27,-18.5,-15.6,80,0.00,81,0.06,0.0,14.2,12.5,77
2001-12-28,-20.3,-18.5,80,0.00,109,0.07,0.0,14.4,13.0,77
2001-12-29,-18.2,-17.9,83,0.00,143,0.05,0.0,15.3,13.3,82
2001-12-30,-20.0,-19.1,83,0.00,135,0.04,0.0,12.8,10.9,82
2001-12-31,-19.2,-18.9,83,0.00,148,0.03,0.0,12.0,9.5,82
2002-01-01,-20.4,-19.1,81,0.00,104,0.02,0.0,11.1,5.8,78
2002-01-02,-20.2,-18.6,80,0.00,118,0.08,0.0,18.7,15.8,78
2002-01-03,-20.9,-18.3,81,0.00,221,0.04,0.0,18.7,10.8,78
2002-01-04,-22.9,-21.1,78,0.00,320,0.03,0.0,11.0,6.7,76
2002-01-05,-23.7,-21.4,80,0.00,169,0.02,0.0,14.5,8.7,79
2002-01-06,-15.0,-12.5,87,0.00,172,0.04,0.0,17.3,11.7,82
2002-01-07,-12.1,-9.1,91,0.00,175,0.01,0.0,10.8,7.2,88
2002-01-08,-12.6,-12.0,89,0.00,26,0.04,0.0,12.0,7.7,86
2002-01-09,-14.2,-12.4,86,0.00,244,0.02,0.0,12.0,7.4,84
2002-01-10,-13.2,-11.3,88,0.00,123,0.04,0.0,16.9,12.0,87
2002-01-11,-8.5,-5.9,78,0.30,275,0.27,2.0,23.6,17.8,71
2002-01-12,-9.4,-6.9,82,0.00,118,0.16,0.0,20.2,14.4,75
2002-01-13,-10.3,-7.7,81,0.00,352,0.12,0.0,20.0,14.3,76
2002-01-14,-17.0,-14.7,86,0.00,213,0.02,0.0,9.2,6.8,82
2002-01-15,-17.0,-16.1,83,0.00,350,0.03,0.0,9.7,6.8,77
2002-01-16,-22.6,-20.0,78,0.00,36,0.02,0.0,9.0,5.5,75
2002-01-17,-26.5,-21.5,75,0.00,163,0.03,0.0,9.3,5.7,71
2002-01-18,-28.8,-23.6,76,0.00,12,0.03,0.0,11.8,8.9,72
2002-01-19,-36.9,-33.9,70,0.00,44,0.02,0.0,14.2,8.8,68
2002-01-20,-38.1,-37.2,66,0.00,89,0.04,0.0,17.3,15.7,64
2002-01-21,-38.4,-37.2,68,0.00,91,0.03,0.0,15.5,12.1,67
2002-01-22,-39.7,-38.7,69,0.00,82,0.01,0.0,8.8,5.1,67
2002-01-23,-41.2,-39.8,70,0.00,112,0.02,0.0,9.9,8.2,68
2002-01-24,-41.9,-38.3,68,0.00,349,0.02,0.0,14.7,9.0,67
2002-01-25,-35.5,-30.2,70,0.00,313,0.05,0.0,20.1,16.0,67
2002-01-26,-30.0,-28.1,73,0.30,326,0.07,3.0,19.5,14.8,70
2002-01-27,-35.3,-33.3,72,0.00,123,0.02,0.0,9.2,6.4,71
2002-01-28,-36.6,-34.1,72,0.00,128,0.03,0.0,10.4,8.9,69
2002-01-29,-37.2,-34.3,70,0.00,90,0.02,0.0,8.4,6.2,68
2002-01-30,-35.4,-31.2,72,0.00,121,0.04,0.0,15.0,13.1,70
2002-01-31,-29.1,-24.2,73,0.00,114,0.09,0.0,21.1,18.5,71
2002-02-01,-21.6,-19.0,77,0.10,97,0.09,1.0,18.2,9.7,72
2002-02-02,-19.9,-19.4,81,0.00,147,0.06,0.0,8.0,4.8,78
2002-02-03,-19.5,-17.9,80,3.10,347,0.08,10.0,22.9,11.6,72
2002-02-04,-28.3,-21.7,72,0.00,321,0.09,0.0,23.6,12.7,70
2002-02-05,-29.6,-28.1,68,0.00,79,0.09,0.0,16.2,13.7,63
2002-02-06,-28.1,-25.4,70,0.00,82,0.07,0.0,13.7,8.3,67
2002-02-07,-29.7,-26.5,73,0.00,339,0.05,0.0,7.1,5.5,67
2002-02-08,-29.2,-26.8,71,0.00,214,0.05,0.0,5.9,3.4,67
2002-02-09,-33.5,-28.7,69,0.00,6,0.05,0.0,11.3,7.7,62
2002-02-10,-25.6,-18.6,70,1.80,105,0.15,7.0,24.0,18.6,62
2002-02-11,-21.6,-18.9,78,0.00,38,0.09,0.0,9.7,7.2,71
2002-02-12,-22.9,-18.7,79,0.00,123,0.10,0.0,10.8,8.4,75
2002-02-13,-19.2,-18.0,77,0.00,68,0.15,0.0,14.8,12.1,71
2002-02-14,-18.9,-15.6,79,0.00,105,0.14,0.0,14.8,9.8,74
2002-02-15,-17.5,-16.0,81,0.00,73,0.13,0.0,12.6,7.2,74
2002-02-16,-18.5,-13.7,81,0.00,108,0.14,0.0,18.6,12.8,81
2002-02-17,-15.5,-13.9,80,0.80,26,0.15,8.0,15.9,12.2,70
2002-02-18,-23.5,-18.8,73,0.00,81,0.14,0.0,13.8,11.3,70
2002-02-19,-20.6,-16.3,77,0.00,111,0.20,0.0,18.8,14.6,74
2002-02-20,-15.4,-11.5,81,0.00,71,0.21,0.0,16.2,14.2,79
2002-02-21,-12.5,-11.9,86,3.40,332,0.15,18.0,14.7,7.0,81
2002-02-22,-16.3,-13.0,76,1.80,336,0.23,11.0,22.0,18.4,67
2002-02-23,-22.7,-19.1,71,0.00,353,0.20,0.0,20.8,15.9,64
2002-02-24,-26.2,-22.6,72,0.00,46,0.15,0.0,10.5,7.5,65
2002-02-25,-24.1,-19.2,74,0.00,163,0.19,0.0,17.2,12.5,67
2002-02-26,-24.1,-20.8,74,0.00,21,0.15,0.0,14.8,11.3,66
2002-02-27,-28.6,-24.1,66,0.00,58,0.16,0.0,16.2,12.0,59
2002-02-28,-31.6,-26.0,66,0.00,338,0.12,0.0,13.2,10.7,59
2002-03-01,-28.7,-24.1,66,0.00,323,0.16,0.0,13.1,7.4,59
2002-03-02,-27.2,-20.6,72,0.00,155,0.16,0.0,12.5,9.3,67
2002-03-03,-16.8,-13.8,79,0.40,3,0.23,3.0,21.4,15.1,74
2002-03-04,-18.3,-13.7,74,0.00,333,0.27,0.0,24.1,21.1,63
2002-03-05,-23.8,-21.3,69,0.00,322,0.22,0.0,22.3,20.3,62
2002-03-06,-24.2,-20.1,73,0.00,307,0.20,0.0,21.1,14.7,65
2002-03-07,-23.0,-20.2,76,0.00,318,0.19,0.0,12.1,7.7,70
2002-03-08,-20.8,-17.9,76,0.00,280,0.22,0.0,10.7,9.4,63
2002-03-09,-22.1,-17.9,73,0.00,343,0.18,0.0,14.3,8.1,65
2002-03-10,-27.1,-22.2,72,0.00,313,0.18,0.0,13.2,9.6,64
2002-03-11,-24.6,-20.8,70,0.00,209,0.25,0.0,12.6,8.0,64
2002-03-12,-26.8,-21.0,71,0.00,3,0.20,0.0,10.6,8.3,61
2002-03-13,-28.8,-22.4,71,0.00,308,0.20,0.0,12.7,8.9,63
2002-03-14,-25.3,-20.3,72,0.00,284,0.24,0.0,13.6,10.9,64
2002-03-15,-21.5,-19.4,74,0.00,324,0.24,0.0,17.9,13.4,64
2002-03-16,-24.5,-19.7,72,0.00,327,0.24,0.0,16.9,9.1,65
2002-03-17,-23.8,-21.5,71,0.00,41,0.24,0.0,10.6,7.0,63
2002-03-18,-26.7,-21.7,71,0.00,350,0.20,0.0,13.5,9.5,64
2002-03-19,-24.4,-21.4,70,0.00,12,0.27,0.0,12.7,10.5,61
2002-03-20,-22.1,-13.6,68,0.00,290,0.41,0.0,11.4,8.8,56
2002-03-21,-15.3,-9.4,74,0.00,301,0.54,0.0,16.3,12.3,61
2002-03-22,-12.5,-7.9,82,0.00,338,0.52,0.0,13.6,9.1,76
2002-03-23,-10.7,-8.1,81,0.00,112,0.45,0.0,15.6,9.9,73
2002-03-24,-10.2,-7.5,80,0.00,43,0.54,0.0,11.7,7.9,70
2002-03-25,-10.7,-7.9,79,0.00,115,0.54,0.0,14.8,7.9,71
2002-03-26,-8.8,-2.6,82,0.00,111,0.68,0.0,19.2,16.5,75
2002-03-27,-4.4,-2.7,88,1.50,11,0.55,9.0,18.6,13.1,81
2002-03-28,-10.8,-3.9,77,0.80,350,0.49,6.0,24.1,21.1,66
2002-03-29,-19.0,-14.8,68,0.00,11,0.45,0.0,23.1,15.9,62
2002-03-30,-23.4,-18.9,66,0.00,47,0.42,0.0,13.2,9.5,54
2002-03-31,-22.6,-18.1,69,0.00,55,0.40,0.0,16.5,13.8,58
2002-04-01,-19.4,-16.5,69,0.00,8,0.45,0.0,16.5,13.8,61
2002-04-02,-19.7,-16.0,73,0.00,76,0.49,0.0,10.1,7.8,62
2002-04-03,-18.6,-13.4,74,0.00,65,0.58,0.0,8.4,5.8,63
2002-04-04,-17.5,-13.5,73,0.00,315,0.53,0.0,14.1,9.3,62
2002-04-05,-17.6,-13.2,74,0.00,308,0.61,0.0,11.8,7.0,61
2002-04-06,-14.9,-7.6,72,0.00,195,0.70,0.0,14.7,12.5,63
2002-04-07,-12.1,-7.3,71,0.00,307,0.67,0.0,24.7,17.7,54
2002-04-08,-16.9,-13.4,66,0.60,292,0.51,3.0,30.5,19.6,50
2002-04-09,-20.0,-13.2,68,0.00,180,0.60,0.0,18.9,10.4,52
2002-04-10,-13.5,-6.5,72,0.00,90,0.84,0.0,18.0,13.7,63
2002-04-11,-9.9,-7.1,79,3.60,68,0.62,10.0,19.2,13.3,73
2002-04-12,-10.8,-7.4,79,0.00,18,0.83,0.0,11.7,9.2,70
2002-04-13,-10.2,-7.6,79,0.00,8,0.80,0.0,18.2,12.4,69
2002-04-14,-11.0,-8.2,72,0.00,84,0.92,0.0,13.5,10.4,62
2002-04-15,-11.3,-6.4,72,0.00,107,0.89,0.0,22.1,19.3,58
2002-04-16,-7.5,-4.8,72,0.00,115,1.08,0.0,20.5,14.9,61
2002-04-17,-8.1,-4.9,77,0.00,357,0.92,0.0,17.3,13.2,65
2002-04-18,-8.6,-5.1,78,0.00,116,0.97,0.0,16.9,12.0,66
2002-04-19,-5.3,0.7,74,0.00,138,1.32,0.0,22.0,19.7,65
2002-04-20,-0.7,3.0,80,0.00,118,1.72,0.0,18.2,10.3,68
2002-04-21,0.0,2.4,88,0.10,344,0.97,1.0,19.2,13.1,79
2002-04-22,-9.2,-2.1,75,0.00,23,0.80,0.0,23.0,20.5,68
2002-04-23,-14.4,-10.7,70,0.00,13,0.89,0.0,23.4,14.6,63
2002-04-24,-13.4,-9.1,73,0.00,67,1.12,0.0,10.5,6.6,62
2002-04-25,-11.5,-4.7,71,0.00,142,1.38,0.0,11.0,7.3,56
2002-04-26,-7.7,-2.8,74,0.00,181,1.35,0.0,18.0,12.5,61
2002-04-27,-3.9,1.5,77,0.30,162,1.34,2.0,17.0,13.3,64
2002-04-28,0.8,2.5,81,0.70,317,1.50,2.0,22.5,17.8,65
2002-04-29,-2.8,1.9,74,0.00,325,1.11,0.0,22.5,18.8,60
2002-04-30,-8.1,-4.6,61,0.00,0,1.58,0.0,22.0,12.7,47
2002-05-01,-7.5,-4.5,67,0.00,110,1.16,0.0,23.4,14.4,50
2002-05-02,-8.4,-4.8,77,10.40,44,0.70,23.0,33.5,27.0,66
2002-05-03,-11.4,-8.0,74,4.50,344,0.75,21.0,33.3,25.8,68
2002-05-04,-9.7,-6.6,74,1.00,98,1.08,6.0,15.4,8.8,55
2002-05-05,-9.2,-6.5,70,0.00,25,1.20,0.0,13.4,10.0,56
2002-05-06,-8.5,-3.0,69,0.00,324,1.39,0.0,13.7,10.1,54
2002-05-07,-4.8,0.3,62,0.00,336,2.07,0.0,9.8,5.0,50
2002-05-08,-1.7,2.8,56,0.00,210,2.21,0.0,8.7,3.9,40
2002-05-09,-0.6,5.0,63,0.00,197,2.39,0.0,10.7,8.2,49
2002-05-10,0.3,5.5,70,0.00,133,2.32,0.0,10.4,8.4,53
2002-05-11,1.3,5.6,67,0.00,112,2.49,0.0,13.9,10.8,52
2002-05-12,2.4,7.1,72,0.00,231,2.55,0.0,14.2,8.2,55
2002-05-13,3.3,6.3,75,0.20,100,2.15,2.0,16.7,11.0,50
2002-05-14,-0.2,5.3,69,0.00,64,2.39,0.0,18.2,11.3,53
2002-05-15,0.5,5.4,73,0.00,128,2.41,0.0,15.3,12.4,56
2002-05-16,3.5,8.9,68,0.00,131,2.78,0.0,19.9,18.2,55
2002-05-17,6.9,14.2,64,0.00,135,3.27,0.0,19.5,16.0,42
2002-05-18,9.9,16.3,54,0.00,116,4.16,0.0,18.4,16.0,35
2002-05-19,10.6,16.3,54,0.00,108,3.56,0.0,16.2,12.3,36
2002-05-20,6.9,12.8,70,0.00,305,2.51,0.0,31.0,16.5,49
2002-05-21,-0.0,5.2,48,0.00,355,2.91,0.0,26.9,14.3,34
2002-05-22,-0.3,4.3,46,0.00,10,2.99,0.0,15.1,10.9,33
2002-05-23,1.3,4.6,56,0.00,179,2.72,0.0,14.8,8.4,33
2002-05-24,3.6,9.5,54,0.10,246,2.81,1.0,19.6,11.4,41
2002-05-25,3.4,8.9,62,0.00,349,2.56,0.0,23.4,13.5,51
2002-05-26,3.1,6.0,65,0.70,322,2.11,2.0,25.7,19.1,44
2002-05-27,0.9,5.0,50,0.00,341,2.86,0.0,19.2,13.3,32
2002-05-28,0.7,4.4,52,0.00,162,2.70,0.0,14.5,9.7,33
2002-05-29,1.7,4.6,68,4.50,80,1.79,14.0,23.1,20.0,37
2002-05-30,2.0,4.3,73,0.00,39,1.46,0.0,13.9,11.7,63
2002-05-31,2.8,5.3,71,0.00,78,1.67,0.0,14.3,10.4,60
2002-06-01,4.3,8.0,67,0.00,162,2.47,0.0,9.2,6.0,51
2002-06-02,6.6,12.8,59,0.00,184,3.54,0.0,13.7,9.1,42
2002-06-03,10.1,16.2,54,0.00,143,4.27,0.0,16.1,11.3,41
2002-06-04,12.2,18.6,56,0.00,130,4.77,0.0,19.7,17.2,36
2002-06-05,13.5,18.5,57,1.70,126,4.27,6.0,16.2,13.8,36
2002-06-06,15.3,20.5,63,0.10,84,3.88,1.0,15.2,11.3,42
2002-06-07,12.6,19.5,64,0.10,44,4.36,1.0,21.6,18.1,47
2002-06-08,10.9,17.6,59,0.00,41,4.49,0.0,19.1,11.4,35
2002-06-09,11.9,17.3,48,0.00,169,4.66,0.0,20.0,11.9,32
2002-06-10,12.7,18.8,47,0.00,161,5.32,0.0,23.9,20.9,33
2002-06-11,14.7,20.8,46,0.00,171,5.59,0.0,20.6,16.7,34
2002-06-12,15.7,20.6,51,0.00,322,4.84,0.0,21.1,12.5,33
2002-06-13,11.7,17.1,49,0.00,317,4.91,0.0,22.7,13.9,26
2002-06-14,12.6,17.0,43,0.00,339,5.06,0.0,16.6,9.2,26
2002-06-15,10.5,16.3,48,0.00,135,4.37,0.0,15.9,11.8,29
2002-06-16,9.9,13.1,57,0.90,10,2.99,4.0,13.3,8.5,34
2002-06-17,10.5,13.2,52,0.00,311,3.15,0.0,12.6,7.8,38
2002-06-18,9.7,12.8,62,0.10,176,3.16,1.0,16.5,10.7,42
2002-06-19,8.6,12.5,75,3.20,155,1.80,11.0,24.2,17.3,52
2002-06-20,7.4,11.4,63,0.60,281,2.79,3.0,30.2,23.7,42
2002-06-21,8.6,13.5,59,0.00,316,4.05,0.0,27.3,12.5,40
2002-06-22,11.1,18.3,54,0.00,164,4.47,0.0,23.6,17.4,38
2002-06-23,13.3,18.2,54,0.00,326,4.71,0.0,27.7,16.1,34
2002-06-24,13.5,16.9,52,0.00,128,4.23,0.0,16.9,13.1,33
2002-06-25,14.4,17.8,81,0.60,163,3.47,4.0,14.4,6.6,63
2002-06-26,14.6,21.1,73,0.00,139,3.64,0.0,19.6,16.0,46
2002-06-27,17.6,20.7,56,1.10,193,3.85,2.0,17.3,11.7,43
2002-06-28,16.1,20.8,71,0.00,198,4.03,0.0,14.8,8.8,39
2002-06-29,16.7,20.6,56,0.00,195,3.35,0.0,14.8,6.0,39
2002-06-30,18.2,21.8,61,0.00,99,4.56,0.0,16.5,11.6,42
2002-07-01,15.9,21.3,56,0.00,84,4.95,0.0,18.8,16.2,42
2002-07-02,14.0,17.4,58,0.00,125,4.45,0.0,15.8,12.7,44
2002-07-03,14.4,19.1,59,0.00,163,4.78,0.0,20.9,16.3,44
2002-07-04,15.8,20.6,52,0.00,160,5.42,0.0,20.3,17.0,35
2002-07-05,16.2,20.7,63,0.00,143,4.45,0.0,17.7,10.7,35
2002-07-06,13.0,19.7,75,1.30,286,2.08,5.0,19.7,15.9,42
2002-07-07,11.5,17.1,64,0.60,294,3.66,4.0,18.3,12.1,39
2002-07-08,16.5,22.9,52,0.00,182,5.12,0.0,17.8,12.6,36
2002-07-09,19.0,23.0,51,0.00,146,4.93,0.0,23.5,17.1,36
2002-07-10,17.7,22.5,64,0.50,211,3.78,3.0,20.9,16.7,44
2002-07-11,18.9,21.6,70,0.00,213,3.83,0.0,15.8,8.5,52
2002-07-12,17.1,21.1,73,3.30,251,3.23,11.0,27.3,15.9,52
2002-07-13,14.4,17.3,67,0.10,343,3.73,1.0,26.6,12.8,45
2002-07-14,12.2,16.0,72,4.50,96,2.13,8.0,24.9,19.1,54
2002-07-15,10.4,14.7,91,39.20,29,1.14,24.0,29.0,24.1,57
2002-07-16,14.0,16.5,71,0.00,238,3.28,0.0,19.7,9.9,57
2002-07-17,14.6,19.4,67,0.00,145,4.06,0.0,17.0,8.5,50
2002-07-18,15.6,19.2,58,0.00,91,4.52,0.0,19.2,14.9,40
2002-07-19,16.3,21.2,57,0.00,65,4.17,0.0,9.7,7.3,39
2002-07-20,18.3,21.4,62,0.00,78,3.42,0.0,8.7,5.6,38
2002-07-21,16.8,20.7,66,0.00,181,4.27,0.0,14.4,9.2,50
2002-07-22,17.4,20.6,63,0.00,166,4.26,0.0,17.7,13.3,49
2002-07-23,17.9,20.7,77,0.80,214,3.16,5.0,14.4,9.7,60
2002-07-24,18.3,21.5,76,2.00,276,3.78,1.0,13.8,7.0,57
2002-07-25,18.9,23.9,73,0.30,160,4.10,1.0,17.1,12.6,58
2002-07-26,19.2,23.3,86,10.30,156,2.77,9.0,12.8,5.2,63
2002-07-27,16.3,20.4,86,2.00,22,1.51,9.0,19.8,14.7,72
2002-07-28,12.8,14.6,93,25.20,51,0.78,21.0,29.8,24.4,74
2002-07-29,14.3,18.1,83,1.40,89,2.07,8.0,24.7,16.1,59
2002-07-30,11.3,17.9,82,3.20,17,1.37,15.0,31.0,25.7,63
2002-07-31,8.2,9.1,66,1.40,3,2.12,5.0,27.5,24.1,54
2002-08-01,7.4,9.1,61,1.00,10,2.31,6.0,23.1,19.2,54
2002-08-02,8.6,11.5,62,0.20,323,2.38,2.0,14.2,10.7,47
2002-08-03,10.9,12.7,59,0.00,156,2.19,0.0,9.2,5.3,42
2002-08-04,11.7,14.4,63,0.00,174,2.90,0.0,13.8,6.4,48
2002-08-05,13.1,16.0,69,0.00,168,3.40,0.0,23.7,16.9,49
2002-08-06,12.3,16.0,78,0.70,164,2.48,3.0,23.5,15.0,48
2002-08-07,13.3,18.6,75,0.00,135,3.28,0.0,13.0,8.9,54
2002-08-08,17.1,21.0,74,0.00,147,3.54,0.0,17.8,15.4,54
2002-08-09,18.0,21.1,74,0.00,190,2.64,0.0,15.2,7.0,58
2002-08-10,13.3,19.4,94,21.10,342,0.71,24.0,28.0,19.8,67
2002-08-11,9.7,12.4,80,3.90,320,1.52,7.0,25.1,22.2,64
2002-08-12,12.2,16.4,74,0.00,166,2.86,0.0,17.3,10.8,62
2002-08-13,13.8,17.0,77,3.20,96,2.52,8.0,24.8,20.7,53
2002-08-14,12.9,16.5,67,0.00,50,2.79,0.0,19.9,11.6,48
2002-08-15,10.2,16.3,77,4.20,328,1.55,8.0,20.0,17.5,50
2002-08-16,9.3,12.9,67,0.00,277,2.49,0.0,16.8,12.3,44
2002-08-17,9.9,13.0,67,0.10,296,2.61,1.0,16.6,12.1,45
2002-08-18,11.3,13.1,76,3.00,224,2.41,11.0,20.5,16.3,48
2002-08-19,6.9,12.9,61,0.10,316,2.54,1.0,30.0,24.1,45
2002-08-20,7.1,11.0,60,0.00,306,2.73,0.0,22.4,8.4,45
2002-08-21,10.5,15.2,71,0.60,152,2.26,1.0,19.2,14.0,48
2002-08-22,12.1,14.8,85,3.10,290,1.83,8.0,13.5,10.5,61
2002-08-23,14.1,18.5,78,0.10,159,2.51,1.0,15.2,10.2,61
2002-08-24,14.2,15.9,79,1.50,274,1.93,7.0,31.8,22.4,64
2002-08-25,12.7,16.5,77,0.00,129,2.24,0.0,18.9,11.2,59
2002-08-26,14.6,19.2,80,0.00,112,2.46,0.0,16.6,8.1,64
2002-08-27,15.1,18.7,85,2.70,289,2.00,6.0,15.5,9.6,56
2002-08-28,13.3,16.9,80,0.40,96,1.41,1.0,22.9,15.4,58
2002-08-29,14.7,18.4,91,0.00,145,1.89,0.0,20.3,9.7,75
2002-08-30,14.1,18.4,75,0.00,299,2.29,0.0,16.5,11.5,50
2002-08-31,13.5,16.5,76,0.00,139,2.03,0.0,15.9,10.2,50
2002-09-01,13.4,16.4,75,0.00,67,2.28,0.0,18.8,15.6,55
2002-09-02,10.6,15.9,71,0.00,34,1.85,0.0,18.8,14.7,55
2002-09-03,7.9,10.0,66,0.00,36,1.64,0.0,18.3,15.1,54
2002-09-04,8.7,12.1,65,0.00,22,2.05,0.0,15.9,13.4,48
2002-09-05,9.3,11.7,69,0.40,16,1.46,2.0,8.0,4.8,49
2002-09-06,9.2,11.9,75,0.00,146,1.77,0.0,20.9,11.8,59
2002-09-07,11.2,14.1,75,0.00,165,2.33,0.0,23.8,20.8,60
2002-09-08,12.3,15.9,76,0.00,144,2.39,0.0,19.2,13.5,58
2002-09-09,11.9,16.8,80,0.00,129,2.03,0.0,13.6,8.7,60
2002-09-10,13.2,15.6,85,2.20,159,1.77,8.0,18.1,14.9,59
2002-09-11,11.3,15.3,82,2.40,263,1.17,9.0,23.8,16.2,61
2002-09-12,10.2,13.5,75,0.00,279,1.88,0.0,20.1,10.0,57
2002-09-13,9.5,12.4,80,0.20,305,1.36,1.0,15.2,9.4,58
2002-09-14,10.1,14.0,74,0.00,139,1.73,0.0,20.4,12.3,58
2002-09-15,10.6,13.7,74,0.00,115,2.00,0.0,23.5,21.1,61
2002-09-16,12.1,15.2,79,0.10,123,1.76,1.0,22.8,18.8,67
2002-09-17,12.2,14.9,91,5.80,154,0.93,12.0,17.2,14.2,75
2002-09-18,10.2,12.8,81,0.30,195,1.08,2.0,17.4,12.7,73
2002-09-19,8.6,10.8,87,1.00,350,1.03,6.0,14.4,6.5,72
2002-09-20,7.5,10.0,78,0.70,357,1.24,4.0,28.9,23.1,59
2002-09-21,4.6,8.0,65,0.00,345,1.47,0.0,27.5,21.1,59
2002-09-22,2.9,5.3,60,0.00,334,1.46,0.0,21.6,17.0,55
2002-09-23,2.9,5.4,66,0.60,309,1.51,2.0,34.8,25.4,44
2002-09-24,0.1,1.7,57,0.00,320,1.58,0.0,31.5,27.3,45
2002-09-25,0.8,3.1,65,0.00,326,1.27,0.0,26.9,22.8,51
2002-09-26,1.4,2.8,71,0.00,357,0.88,0.0,15.7,12.7,57
2002-09-27,1.6,3.8,70,0.10,147,0.85,1.0,26.9,12.0,57
2002-09-28,3.7,5.0,84,4.50,193,0.74,8.0,30.8,20.8,62
2002-09-29,2.9,5.0,80,0.00,333,0.67,0.0,15.3,12.4,63
2002-09-30,0.2,2.8,75,0.00,343,0.86,0.0,13.5,11.9,55
2002-10-01,0.4,4.5,71,0.00,139,0.65,0.0,19.4,9.2,61
2002-10-02,3.5,4.3,85,4.50,123,0.58,9.0,23.2,19.7,70
2002-10-03,-0.3,3.1,79,0.40,351,0.60,2.0,24.5,19.7,58
2002-10-04,-0.2,2.5,72,0.70,272,0.74,4.0,20.4,12.9,59
2002-10-05,0.6,3.1,76,0.20,288,0.83,1.0,21.3,16.9,53
2002-10-06,0.9,3.9,75,0.00,235,0.90,0.0,18.2,10.9,55
2002-10-07,0.7,4.3,75,0.00,235,0.83,0.0,24.6,11.6,50
2002-10-08,3.2,7.3,86,0.00,193,0.74,0.0,25.4,11.4,66
2002-10-09,2.5,6.0,97,6.60,334,0.21,19.0,19.3,12.0,85
2002-10-10,-1.0,1.3,83,2.90,350,0.57,9.0,24.5,20.6,60
2002-10-11,-4.7,-1.1,64,0.10,322,0.90,1.0,26.3,21.7,47
2002-10-12,-6.5,-4.3,62,0.00,299,0.66,0.0,15.6,9.2,48
2002-10-13,-3.7,-2.8,71,2.60,101,0.67,9.0,21.9,15.9,55
2002-10-14,-7.7,-3.8,74,0.00,329,0.47,0.0,22.0,15.2,64
2002-10-15,-7.4,-6.1,75,1.20,61,0.35,6.0,12.2,8.8,67
2002-10-16,-8.0,-4.1,78,0.10,108,0.35,1.0,26.8,13.4,71
2002-10-17,-4.6,-3.4,80,3.70,99,0.46,10.0,29.0,19.7,75
2002-10-18,-6.8,-5.5,82,0.00,72,0.29,0.0,12.7,10.3,77
2002-10-19,-7.0,-4.7,81,0.00,91,0.39,0.0,15.3,13.3,76
2002-10-20,-2.6,0.5,85,0.00,113,0.38,0.0,16.9,14.7,79
2002-10-21,-0.7,0.3,86,0.00,140,0.41,0.0,26.7,19.1,81
2002-10-22,0.0,1.2,86,0.00,162,0.42,0.0,24.7,22.0,82
2002-10-23,-0.2,1.0,92,2.80,239,0.21,10.0,23.5,14.6,85
2002-10-24,-1.2,0.1,87,0.60,359,0.29,4.0,21.7,18.6,82
2002-10-25,-3.6,-2.2,81,0.00,79,0.34,0.0,16.0,12.7,76
2002-10-26,-3.7,-3.0,79,0.00,138,0.34,0.0,14.8,12.1,74
2002-10-27,-4.3,-3.9,77,0.00,121,0.40,0.0,15.9,15.2,73
2002-10-28,-5.7,-4.2,78,0.00,141,0.34,0.0,17.7,14.2,73
2002-10-29,-6.1,-3.6,84,0.00,210,0.26,0.0,14.7,12.6,78
2002-10-30,-6.3,-3.3,88,0.00,116,0.19,0.0,13.7,11.4,84
2002-10-31,-5.9,-4.2,88,0.00,165,0.18,0.0,13.0,10.6,83
2002-11-01,-3.9,-1.9,88,0.00,46,0.16,0.0,13.2,10.4,86
2002-11-02,-2.6,-1.9,92,3.70,183,0.13,15.0,14.2,8.1,89
2002-11-03,-2.1,-1.3,91,0.00,295,0.17,0.0,16.2,12.9,84
2002-11-04,-3.7,-2.3,89,0.00,287,0.19,0.0,20.6,16.0,80
2002-11-05,-16.3,-6.1,76,0.00,333,0.21,0.0,22.0,17.4,74
2002-11-06,-20.6,-17.6,78,0.00,38,0.09,0.0,12.8,9.3,75
2002-11-07,-21.7,-19.6,76,0.00,41,0.11,0.0,13.5,11.2,73
2002-11-08,-19.5,-13.4,78,0.00,15,0.11,0.0,11.1,9.3,75
2002-11-09,-14.8,-14.0,81,0.00,3,0.11,0.0,11.8,10.1,78
2002-11-10,-15.5,-13.6,82,0.00,343,0.08,0.0,10.7,9.7,80
2002-11-11,-19.1,-16.5,79,0.00,323,0.08,0.0,11.4,10.3,75
2002-11-12,-22.3,-19.8,78,0.00,335,0.07,0.0,10.5,8.7,76
2002-11-13,-22.8,-17.0,76,0.00,45,0.08,0.0,10.5,9.1,74
2002-11-14,-13.1,-9.1,84,0.00,113,0.11,0.0,18.0,14.2,79
2002-11-15,-8.8,-8.4,86,0.00,120,0.12,0.0,18.3,14.5,84
2002-11-16,-8.1,-6.4,88,0.00,118,0.09,0.0,16.6,14.2,86
2002-11-17,-6.6,-5.5,89,1.70,87,0.10,7.0,18.4,15.5,88
2002-11-18,-7.1,-5.5,90,1.20,305,0.07,7.0,14.0,10.7,87
2002-11-19,-9.7,-7.6,87,0.00,64,0.06,0.0,14.8,8.6,85
2002-11-20,-6.4,-5.5,91,2.40,146,0.08,9.0,22.3,14.6,88
2002-11-21,-9.0,-5.9,89,0.10,88,0.10,1.0,21.6,12.9,85
2002-11-22,-9.8,-6.1,82,1.40,35,0.16,7.0,21.6,15.7,79
2002-11-23,-13.2,-7.6,87,0.00,143,0.08,0.0,16.9,13.3,81
2002-11-24,-11.0,-7.5,85,0.00,21,0.09,0.0,18.0,12.5,78
2002-11-25,-15.3,-12.1,81,0.20,115,0.12,2.0,20.2,15.1,77
2002-11-26,-12.8,-11.9,89,0.00,123,0.02,0.0,10.0,5.8,87
2002-11-27,-7.8,-2.6,90,0.00,126,0.09,0.0,22.7,18.0,86
2002-11-28,1.7,4.0,82,1.50,293,0.53,8.0,38.4,28.4,71
2002-11-29,-8.2,-2.9,86,0.00,1,0.09,0.0,31.3,10.4,79
2002-11-30,-9.4,-6.5,87,0.00,95,0.09,0.0,24.6,15.3,81
2002-12-01,-13.9,-11.8,72,1.50,95,0.27,7.0,25.5,22.4,64
2002-12-02,-23.0,-19.2,76,0.00,122,0.07,0.0,15.1,11.7,68
2002-12-03,-12.8,-9.0,86,0.00,200,0.06,0.0,14.3,12.8,79
2002-12-04,-13.4,-9.3,83,0.00,48,0.03,0.0,12.2,8.5,79
2002-12-05,-13.4,-11.5,86,0.30,266,0.04,3.0,15.5,9.7,82
2002-12-06,-16.0,-11.5,77,0.00,315,0.16,0.0,26.5,19.1,72
2002-12-07,-25.0,-21.7,79,0.00,311,0.02,0.0,14.2,8.7,76
2002-12-08,-14.7,-11.0,85,0.20,149,0.05,2.0,19.6,11.1,80
2002-12-09,-13.3,-8.9,87,0.00,105,0.04,0.0,13.1,8.9,84
2002-12-10,-10.7,-9.7,85,0.00,69,0.04,0.0,14.7,10.1,82
2002-12-11,-16.6,-11.2,78,0.00,85,0.12,0.0,18.7,16.7,73
2002-12-12,-17.5,-14.4,80,0.00,105,0.12,0.0,22.9,18.3,77
2002-12-13,-7.7,-3.1,87,3.20,120,0.18,12.0,29.8,26.0,83
2002-12-14,-5.3,-3.5,87,0.00,168,0.12,0.0,20.5,18.4,83
2002-12-15,-5.2,-2.6,92,0.40,124,0.04,2.0,19.5,14.7,84
2002-12-16,-2.6,-2.1,94,0.00,114,0.03,0.0,18.6,11.9,93
2002-12-17,-3.9,-3.3,92,1.50,76,0.06,4.0,16.6,13.2,89
2002-12-18,-3.8,-1.8,93,4.80,169,0.04,17.0,14.6,10.6,87
2002-12-19,-7.7,-6.5,89,0.00,236,0.02,0.0,12.3,10.1,88
2002-12-20,-12.5,-9.6,88,0.00,229,0.01,0.0,11.0,8.1,86
2002-12-21,-11.2,-10.3,87,0.00,145,0.09,0.0,24.0,18.4,82
2002-12-22,-13.7,-11.2,88,0.00,167,0.02,0.0,11.7,6.5,86
2002-12-23,-15.3,-14.2,85,0.00,127,0.06,0.0,18.7,14.3,82
2002-12-24,-13.9,-13.3,86,0.00,117,0.05,0.0,18.4,10.4,83
2002-12-25,-12.2,-10.7,87,0.00,106,0.06,0.0,17.7,12.3,86
2002-12-26,-11.0,-10.3,87,4.00,356,0.04,14.0,14.2,10.4,83
2002-12-27,-15.9,-12.6,83,0.00,314,0.05,0.0,14.3,12.2,81
2002-12-28,-23.2,-18.8,79,0.00,295,0.03,0.0,13.0,8.9,77
2002-12-29,-26.5,-23.4,81,0.00,127,0.03,0.0,12.9,10.2,78
2002-12-30,-20.7,-18.9,81,0.00,126,0.05,0.0,12.7,11.4,78
2002-12-31,-19.1,-16.1,83,0.00,137,0.03,0.0,15.6,9.1,82
2003-01-01,-13.9,-13.1,87,0.00,151,0.04,0.0,17.4,14.4,86
2003-01-02,-17.5,-15.6,83,0.00,1,0.02,0.0,10.0,7.9,81
2003-01-03,-14.7,-13.9,85,0.00,330,0.02,0.0,9.3,6.2,82
2003-01-04,-13.6,-9.4,84,0.00,110,0.09,0.0,24.6,14.5,83
2003-01-05,-5.4,-3.4,88,0.40,155,0.14,2.0,27.0,22.4,86
2003-01-06,-4.5,0.7,89,0.00,207,0.06,0.0,23.8,14.1,83
2003-01-07,-1.7,2.1,85,0.00,251,0.21,0.0,26.5,13.2,75
2003-01-08,-10.5,-5.3,81,1.80,330,0.21,10.0,31.8,26.3,71
2003-01-09,-25.7,-18.4,74,0.00,341,0.07,0.0,20.1,13.8,70
2003-01-10,-36.1,-32.6,70,0.00,43,0.02,0.0,9.9,7.5,69
2003-01-11,-38.6,-37.4,71,0.00,44,0.02,0.0,9.3,7.8,69
2003-01-12,-37.2,-35.3,71,0.00,352,0.02,0.0,9.0,6.8,69
2003-01-13,-35.7,-32.9,74,0.00,342,0.02,0.0,10.8,9.3,71
2003-01-14,-32.8,-31.1,72,0.00,45,0.02,0.0,9.4,7.0,69
2003-01-15,-32.3,-30.7,74,0.00,107,0.03,0.0,11.3,8.8,72
2003-01-16,-25.2,-19.4,78,0.00,147,0.07,0.0,20.2,13.8,75
2003-01-17,-23.5,-21.2,77,0.30,318,0.08,2.0,25.6,13.9,75
2003-01-18,-25.7,-24.2,78,0.00,317,0.05,0.0,18.6,12.1,75
2003-01-19,-28.6,-26.4,73,0.00,341,0.06,0.0,15.9,13.9,71
2003-01-20,-30.9,-29.4,72,0.00,327,0.06,0.0,16.2,14.8,70
2003-01-21,-32.3,-30.0,72,0.00,348,0.04,0.0,15.0,11.1,71
2003-01-22,-34.7,-32.7,72,0.00,90,0.04,0.0,14.8,13.0,71
2003-01-23,-34.4,-32.0,72,0.00,84,0.03,0.0,12.3,9.0,69
2003-01-24,-32.0,-29.4,72,0.00,320,0.05,0.0,14.9,12.6,70
2003-01-25,-34.7,-31.6,71,0.00,224,0.03,0.0,15.4,9.6,66
2003-01-26,-29.6,-28.2,74,0.00,141,0.06,0.0,18.6,13.1,73
2003-01-27,-33.1,-30.2,71,0.00,346,0.05,0.0,15.9,12.1,69
2003-01-28,-34.4,-29.6,73,0.00,182,0.04,0.0,17.2,10.3,70
2003-01-29,-28.7,-24.5,75,0.00,131,0.05,0.0,17.4,7.5,73
2003-01-30,-31.1,-25.7,73,0.00,329,0.05,0.0,13.8,10.5,68
2003-01-31,-35.4,-31.4,71,0.00,79,0.04,0.0,11.2,9.0,70
2003-02-01,-33.6,-30.6,73,0.00,68,0.04,0.0,10.8,9.3,70
2003-02-02,-34.5,-30.0,73,0.00,93,0.04,0.0,14.3,11.0,71
2003-02-03,-27.6,-23.0,74,0.00,121,0.09,0.0,18.6,14.7,73
2003-02-04,-25.3,-20.9,77,0.00,97,0.05,0.0,8.3,6.0,76
2003-02-05,-20.6,-16.4,80,0.00,139,0.08,0.0,12.6,9.0,79
2003-02-06,-14.7,-10.3,85,0.00,68,0.12,0.0,13.8,9.6,80
2003-02-07,-19.1,-11.0,75,2.00,357,0.12,5.0,13.7,12.2,65
2003-02-08,-27.5,-23.5,71,0.00,326,0.07,0.0,9.9,6.7,69
2003-02-09,-28.6,-24.4,71,0.00,29,0.07,0.0,11.1,6.4,66
2003-02-10,-23.6,-22.7,72,0.00,322,0.12,0.0,23.8,15.1,65
2003-02-11,-27.8,-24.0,73,0.00,319,0.09,0.0,16.9,10.0,69
2003-02-12,-28.0,-24.2,73,0.00,350,0.07,0.0,7.8,6.6,68
2003-02-13,-30.7,-26.7,72,0.00,351,0.08,0.0,10.5,8.4,69
2003-02-14,-27.8,-22.9,73,0.00,66,0.06,0.0,6.2,4.3,69
2003-02-15,-23.8,-22.9,75,0.00,56,0.10,0.0,11.6,8.9,68
2003-02-16,-27.7,-24.1,72,0.00,59,0.11,0.0,14.2,11.9,68
2003-02-17,-30.3,-25.0,72,0.00,81,0.07,0.0,8.7,7.8,70
2003-02-18,-26.2,-24.8,74,0.30,349,0.09,3.0,12.2,9.1,70
2003-02-19,-30.9,-27.6,71,0.00,320,0.08,0.0,15.5,10.8,63
2003-02-20,-34.9,-30.3,68,0.00,326,0.08,0.0,14.2,9.3,63
2003-02-21,-33.3,-27.6,69,0.00,298,0.09,0.0,10.2,7.9,65
2003-02-22,-33.2,-28.3,70,0.00,34,0.09,0.0,8.1,6.8,63
2003-02-23,-31.4,-25.5,72,0.00,147,0.11,0.0,11.9,8.1,67
2003-02-24,-27.9,-23.0,73,0.00,101,0.11,0.0,12.8,6.5,68
2003-02-25,-20.7,-16.2,74,0.00,84,0.20,0.0,17.0,13.0,72
2003-02-26,-25.4,-16.5,72,0.00,23,0.16,0.0,14.6,9.5,62
2003-02-27,-30.9,-25.5,68,0.00,78,0.11,0.0,15.6,11.3,60
2003-02-28,-33.4,-28.8,65,0.00,73,0.12,0.0,16.8,11.1,59
2003-03-01,-31.8,-25.2,67,0.00,117,0.12,0.0,20.9,14.5,61
2003-03-02,-25.0,-20.8,64,0.00,79,0.23,0.0,23.8,16.7,60
2003-03-03,-27.5,-21.2,71,0.00,12,0.17,0.0,10.9,9.5,68
2003-03-04,-26.7,-21.2,74,0.00,78,0.17,0.0,10.0,7.6,69
2003-03-05,-26.6,-21.4,70,0.00,333,0.16,0.0,21.3,17.9,56
2003-03-06,-29.6,-25.4,64,0.00,8,0.15,0.0,19.3,13.2,52
2003-03-07,-34.2,-29.3,63,0.00,5,0.12,0.0,14.7,10.5,55
2003-03-08,-26.0,-17.7,70,0.30,305,0.20,3.0,20.6,18.1,61
2003-03-09,-21.3,-17.6,73,0.00,320,0.27,0.0,20.3,14.2,61
2003-03-10,-25.6,-19.5,70,0.00,314,0.19,0.0,17.9,12.0,61
2003-03-11,-26.0,-18.9,71,0.00,268,0.19,0.0,17.3,11.4,60
2003-03-12,-24.3,-19.3,63,0.00,298,0.28,0.0,23.9,18.8,54
2003-03-13,-26.2,-22.2,68,0.00,113,0.20,0.0,20.4,11.7,56
2003-03-14,-20.4,-16.4,72,1.80,85,0.31,7.0,20.1,14.3,65
2003-03-15,-19.1,-14.4,76,0.00,28,0.31,0.0,9.7,8.0,69
2003-03-16,-15.3,-9.5,79,0.00,89,0.30,0.0,18.7,13.8,71
2003-03-17,-6.9,-4.2,87,1.90,129,0.41,6.0,19.8,14.7,80
2003-03-18,-5.4,-2.0,88,0.00,186,0.71,0.0,10.0,6.8,70
2003-03-19,-5.5,-0.6,83,0.00,106,0.82,0.0,13.7,10.1,75
2003-03-20,-6.9,-0.9,85,0.00,66,0.57,0.0,15.7,9.9,77
2003-03-21,-5.4,-3.5,83,0.80,78,0.53,5.0,24.3,21.6,80
2003-03-22,-6.1,-5.1,85,0.30,30,0.52,3.0,14.5,10.1,76
2003-03-23,-8.6,-5.3,81,0.00,7,0.53,0.0,10.7,8.1,71
2003-03-24,-13.4,-8.8,78,0.00,23,0.53,0.0,11.1,7.9,68
2003-03-25,-15.4,-12.0,75,0.00,81,0.55,0.0,7.9,5.9,67
2003-03-26,-14.8,-11.3,76,0.00,40,0.50,0.0,15.6,10.2,68
2003-03-27,-16.4,-11.4,72,0.00,353,0.62,0.0,15.1,7.6,61
2003-03-28,-15.6,-12.6,74,0.00,62,0.53,0.0,12.8,9.1,61
2003-03-29,-15.7,-9.3,77,0.00,111,0.51,0.0,21.9,16.4,70
2003-03-30,-11.4,-9.0,80,1.70,349,0.49,7.0,21.9,16.0,71
2003-03-31,-17.1,-12.9,71,0.00,42,0.53,0.0,16.7,15.1,65
2003-04-01,-20.0,-15.3,71,0.00,68,0.53,0.0,16.9,12.2,62
2003-04-02,-18.0,-12.2,71,0.00,90,0.55,0.0,19.4,13.6,61
2003-04-03,-12.5,-7.2,70,0.00,113,0.79,0.0,24.9,22.7,62
2003-04-04,-8.5,-6.2,69,0.00,136,0.96,0.0,24.6,22.6,63
2003-04-05,-8.1,-4.8,76,0.00,146,0.94,0.0,21.9,19.0,67
2003-04-06,-6.3,-2.5,79,0.00,147,0.95,0.0,17.2,15.2,70
2003-04-07,-3.8,0.7,80,0.00,132,0.99,0.0,19.0,17.1,71
2003-04-08,-0.2,1.7,85,0.20,88,1.03,2.0,17.8,10.1,74
2003-04-09,-2.8,1.6,87,3.10,59,0.58,11.0,26.7,18.7,80
2003-04-10,-8.2,-5.2,78,2.00,51,0.77,6.0,19.5,12.7,73
2003-04-11,-7.0,-2.0,81,0.00,109,1.07,0.0,12.9,10.5,70
2003-04-12,-6.1,-0.9,79,0.00,59,1.33,0.0,11.1,7.9,66
2003-04-13,-5.4,-1.1,83,0.00,349,0.83,0.0,14.4,9.1,69
2003-04-14,-7.0,-4.2,79,0.00,108,0.88,0.0,15.8,11.3,66
2003-04-15,-8.4,-1.2,77,0.00,112,1.02,0.0,23.8,21.0,69
2003-04-16,-0.8,3.1,77,0.00,151,1.53,0.0,26.7,20.1,71
2003-04-17,1.6,4.6,87,0.00,128,1.54,0.0,14.5,13.3,76
2003-04-18,0.8,4.1,86,0.00,122,1.51,0.0,12.4,10.1,73
2003-04-19,1.1,5.7,87,0.70,98,1.74,4.0,7.2,5.0,76
2003-04-20,2.7,6.8,83,0.00,106,1.97,0.0,16.2,13.2,67
2003-04-21,3.6,8.9,74,0.00,120,2.14,0.0,15.0,12.5,57
2003-04-22,4.4,9.3,79,0.00,90,1.73,0.0,26.0,19.4,62
2003-04-23,3.6,7.7,84,3.70,80,1.07,12.0,27.1,22.8,70
2003-04-24,2.5,5.3,81,0.00,29,1.19,0.0,14.8,12.1,67
2003-04-25,2.9,5.4,82,0.00,30,1.22,0.0,8.7,4.8,67
2003-04-26,3.2,5.9,77,0.00,44,1.51,0.0,20.4,16.4,62
2003-04-27,-0.3,5.2,64,0.00,59,2.14,0.0,21.2,14.5,41
2003-04-28,-1.8,2.9,58,0.00,135,2.08,0.0,12.0,9.4,37
2003-04-29,0.7,7.2,48,0.00,102,2.64,0.0,10.2,6.9,27
2003-04-30,-0.7,7.1,57,0.00,120,1.93,0.0,15.8,12.7,39
2003-05-01,-0.3,3.4,53,0.40,59,2.02,4.0,15.1,13.1,38
2003-05-02,-1.6,3.2,52,0.00,38,1.97,0.0,16.3,13.5,32
2003-05-03,-4.3,0.8,49,0.40,51,1.76,2.0,21.2,17.5,36
2003-05-04,-5.2,-2.1,68,4.20,356,1.39,11.0,21.2,14.8,49
2003-05-05,-3.7,0.4,64,0.00,171,1.84,0.0,10.2,8.3,44
2003-05-06,-1.0,3.3,68,0.00,152,2.00,0.0,17.1,9.3,49
2003-05-07,2.1,7.1,62,0.00,59,2.59,0.0,17.7,13.4,36
2003-05-08,0.6,5.6,56,0.00,15,2.65,0.0,18.5,10.9,38
2003-05-09,1.5,6.1,65,0.00,155,2.15,0.0,14.6,11.4,40
2003-05-10,5.1,11.5,64,0.00,145,3.09,0.0,12.5,10.7,48
2003-05-11,8.8,17.4,61,0.00,180,3.65,0.0,18.5,14.4,36
2003-05-12,8.1,16.9,69,0.00,94,3.28,0.0,18.4,16.7,41
2003-05-13,10.5,14.7,67,0.40,155,3.62,2.0,19.8,13.7,38
2003-05-14,9.2,13.7,60,0.20,177,3.66,1.0,17.7,13.4,42
2003-05-15,8.3,13.2,78,4.00,41,1.62,6.0,23.4,11.3,50
2003-05-16,1.5,5.8,83,14.30,17,1.27,15.0,27.6,25.9,58
2003-05-17,-0.3,3.7,61,0.00,15,2.10,0.0,26.9,25.3,48
2003-05-18,-0.5,5.1,57,0.00,3,2.66,0.0,25.6,15.7,40
2003-05-19,0.3,5.1,64,0.00,138,2.45,0.0,13.7,10.7,41
2003-05-20,2.6,10.1,64,0.00,188,2.77,0.0,13.1,10.3,56
2003-05-21,6.3,10.5,77,0.00,227,2.82,0.0,15.0,9.6,51
2003-05-22,6.7,11.3,72,1.80,355,2.59,8.0,15.9,10.7,35
2003-05-23,6.7,11.2,61,0.80,153,3.19,2.0,24.0,14.6,33
2003-05-24,9.8,15.1,65,0.10,140,2.95,1.0,22.7,19.6,51
2003-05-25,12.2,15.6,73,1.00,131,2.50,3.0,21.7,13.2,57
2003-05-26,12.6,16.1,67,0.00,336,3.86,0.0,30.6,15.2,46
2003-05-27,10.6,15.8,63,0.00,325,3.81,0.0,15.9,12.0,44
2003-05-28,8.8,14.8,62,0.00,54,3.63,0.0,14.6,9.0,45
2003-05-29,5.9,10.3,64,0.00,97,3.41,0.0,18.5,13.2,48
2003-05-30,7.7,13.7,66,0.70,140,2.98,2.0,9.8,7.4,40
2003-05-31,11.5,17.6,58,0.00,129,4.30,0.0,9.7,6.5,38
2003-06-01,13.5,19.5,59,0.00,116,4.34,0.0,18.1,13.0,40
2003-06-02,15.2,19.3,68,0.30,106,3.21,2.0,13.2,10.3,51
2003-06-03,12.6,17.0,84,0.30,87,2.17,1.0,25.2,14.3,59
2003-06-04,10.3,16.4,83,0.70,90,1.55,5.0,28.1,21.7,61
2003-06-05,8.8,12.9,76,2.40,29,2.81,7.0,25.4,18.0,46
2003-06-06,7.7,12.3,64,0.00,152,3.61,0.0,17.3,11.7,41
2003-06-07,9.9,14.0,66,2.00,112,2.87,6.0,17.1,13.6,41
2003-06-08,11.5,15.0,66,0.10,131,3.68,1.0,12.5,6.2,45
2003-06-09,13.2,18.1,57,0.20,269,4.24,1.0,16.5,11.9,42
2003-06-10,10.5,16.7,66,0.00,127,3.32,0.0,15.0,11.8,53
2003-06-11,7.4,11.9,72,2.90,319,2.25,5.0,21.7,16.4,52
2003-06-12,3.8,6.8,54,0.00,347,2.71,0.0,21.5,17.7,36
2003-06-13,5.3,7.5,51,0.00,233,2.92,0.0,11.7,8.0,36
2003-06-14,7.2,11.3,58,0.50,98,2.80,1.0,9.9,7.2,37
2003-06-15,8.7,11.2,68,0.00,165,2.20,0.0,11.3,7.6,52
2003-06-16,10.4,14.8,69,0.00,141,3.02,0.0,11.4,9.5,54
2003-06-17,13.1,18.8,64,0.00,192,4.46,0.0,22.0,14.9,47
2003-06-18,16.0,21.8,53,0.00,152,4.56,0.0,19.6,13.5,38
2003-06-19,9.4,21.1,79,18.60,70,1.83,18.0,30.3,27.3,44
2003-06-20,7.6,12.2,80,1.50,74,2.23,5.0,29.5,15.6,60
2003-06-21,11.6,16.0,69,0.00,33,3.35,0.0,29.4,23.2,55
2003-06-22,12.3,15.3,69,0.40,64,2.83,3.0,21.3,12.9,47
2003-06-23,12.6,17.0,61,0.10,347,3.75,1.0,14.5,10.9,44
2003-06-24,14.7,19.3,56,0.00,252,4.63,0.0,16.1,11.1,37
2003-06-25,15.1,19.5,60,0.00,154,4.51,0.0,13.9,10.7,45
2003-06-26,15.1,19.2,69,0.40,140,3.98,1.0,11.6,7.8,48
2003-06-27,16.0,20.3,62,0.00,319,4.37,0.0,19.1,10.3,28
2003-06-28,12.7,19.2,50,0.40,65,4.06,3.0,19.2,11.6,33
2003-06-29,11.8,15.6,52,0.00,46,3.63,0.0,10.6,5.8,36
2003-06-30,13.4,17.8,50,0.00,124,4.59,0.0,13.2,9.7,35
2003-07-01,15.2,18.1,45,0.00,101,4.85,0.0,20.0,16.6,34
2003-07-02,13.9,18.2,58,0.00,89,2.79,0.0,21.0,15.8,34
2003-07-03,12.7,15.0,66,0.00,85,2.88,0.0,18.6,14.5,50
2003-07-04,11.1,14.4,69,0.00,94,2.43,0.0,19.8,16.7,56
2003-07-05,12.9,16.0,61,0.00,90,3.07,0.0,16.6,13.8,48
2003-07-06,13.7,15.8,66,0.00,161,2.43,0.0,12.2,7.5,52
2003-07-07,15.4,19.3,61,0.40,152,3.80,3.0,15.7,9.0,41
2003-07-08,17.4,21.4,54,0.00,152,4.62,0.0,12.8,10.8,39
2003-07-09,18.9,22.8,55,1.40,280,4.30,2.0,15.5,7.5,37
2003-07-10,18.3,22.3,56,0.10,303,4.57,1.0,17.9,13.6,40
2003-07-11,20.3,23.4,59,0.10,239,4.36,1.0,15.2,9.4,40
2003-07-12,14.1,22.8,65,4.50,329,3.51,3.0,24.5,18.4,33
2003-07-13,12.7,17.0,49,0.00,335,4.46,0.0,23.3,11.6,34
2003-07-14,12.7,16.2,63,1.80,126,2.56,6.0,18.8,13.2,39
2003-07-15,12.8,15.6,67,0.00,195,3.42,0.0,17.3,8.4,50
2003-07-16,16.1,22.5,66,0.40,166,4.46,2.0,19.1,15.1,50
2003-07-17,18.8,22.9,66,1.40,153,3.69,5.0,19.3,15.3,50
2003-07-18,19.1,23.5,75,0.30,22,3.04,2.0,23.1,10.3,51
2003-07-19,17.3,21.6,52,0.30,11,5.19,1.0,25.2,16.8,21
2003-07-20,17.4,21.0,48,0.00,194,4.97,0.0,13.8,9.6,21
2003-07-21,18.3,22.7,48,0.00,154,5.41,0.0,15.3,11.4,32
2003-07-22,19.2,22.2,67,0.30,153,3.84,1.0,15.1,9.5,44
2003-07-23,18.1,21.5,78,2.90,314,2.93,5.0,9.9,4.8,58
2003-07-24,20.5,25.5,61,0.00,339,4.46,0.0,10.5,8.0,34
2003-07-25,20.9,25.3,50,0.00,332,5.11,0.0,14.8,10.5,32
2003-07-26,21.6,25.1,54,0.00,169,5.60,0.0,25.9,16.4,36
2003-07-27,22.1,27.6,56,0.00,172,6.11,0.0,23.0,18.4,31
2003-07-28,23.1,26.9,50,0.00,300,5.65,0.0,18.7,14.9,29
2003-07-29,22.4,25.6,50,0.00,140,5.14,0.0,18.4,11.7,34
2003-07-30,22.5,25.9,53,0.00,186,5.63,0.0,20.4,17.2,32
2003-07-31,18.7,24.5,49,0.00,49,5.30,0.0,26.2,13.8,34
2003-08-01,20.8,28.5,50,0.00,120,5.99,0.0,22.6,18.3,33
2003-08-02,21.4,28.6,68,1.70,165,4.15,7.0,29.7,19.6,39
2003-08-03,12.1,17.2,74,4.20,250,2.12,16.0,33.0,28.7,62
2003-08-04,10.6,14.9,74,4.50,297,2.38,10.0,26.5,18.4,44
2003-08-05,13.1,16.7,59,0.00,302,3.62,0.0,14.3,7.4,42
2003-08-06,16.3,20.3,66,0.80,165,3.78,2.0,15.5,13.1,47
2003-08-07,14.8,19.8,73,2.40,337,3.49,3.0,15.2,9.4,52
2003-08-08,15.1,18.6,72,0.50,341,2.51,3.0,27.6,8.9,53
2003-08-09,9.0,12.7,54,0.70,1,3.46,4.0,27.2,17.6,43
2003-08-10,11.1,12.9,68,7.30,43,1.57,5.0,14.3,9.5,43
2003-08-11,11.1,15.8,85,2.10,259,1.73,8.0,14.1,11.4,60
2003-08-12,15.1,18.7,67,0.00,205,3.36,0.0,23.7,16.4,53
2003-08-13,17.0,21.1,67,0.00,181,4.05,0.0,26.4,19.9,54
2003-08-14,15.2,21.2,70,0.00,317,2.98,0.0,27.2,16.8,53
2003-08-15,17.6,23.7,70,0.00,165,3.96,0.0,18.9,16.0,49
2003-08-16,20.7,24.4,61,0.00,206,4.71,0.0,24.4,17.4,37
2003-08-17,19.0,24.2,59,1.30,250,3.80,2.0,19.1,13.9,39
2003-08-18,16.5,19.1,80,0.30,275,2.41,2.0,17.5,9.6,69
2003-08-19,15.2,18.5,82,2.80,61,1.74,3.0,15.7,11.3,66
2003-08-20,13.7,17.0,80,3.30,84,1.35,12.0,11.2,8.5,64
2003-08-21,14.0,17.0,72,0.00,116,2.36,0.0,14.5,10.0,49
2003-08-22,14.8,19.8,71,0.00,115,3.08,0.0,18.0,14.5,48
2003-08-23,15.9,19.7,78,4.70,118,2.04,11.0,18.1,14.6,49
2003-08-24,12.4,16.6,91,23.70,279,0.66,14.0,42.1,21.8,80
2003-08-25,8.7,10.2,89,16.20,328,0.92,13.0,41.8,30.0,75
2003-08-26,10.4,14.7,76,0.00,352,2.27,0.0,19.2,8.6,54
2003-08-27,12.5,16.3,72,0.00,127,2.58,0.0,14.8,9.9,54
2003-08-28,14.0,17.9,74,0.00,143,2.81,0.0,13.4,10.7,54
2003-08-29,15.1,18.8,74,0.00,228,2.67,0.0,18.4,9.9,57
2003-08-30,13.7,18.0,75,0.00,348,2.56,0.0,17.1,7.9,57
2003-08-31,14.4,17.8,71,0.00,123,2.90,0.0,24.3,17.0,51
2003-09-01,14.6,17.7,74,0.90,114,2.33,6.0,19.8,13.1,53
2003-09-02,15.2,18.3,80,0.00,177,2.38,0.0,20.6,11.0,55
2003-09-03,16.6,20.1,67,0.20,197,3.39,1.0,23.1,18.8,44
2003-09-04,14.5,19.7,68,0.00,299,2.92,0.0,19.8,13.7,45
2003-09-05,14.4,17.3,67,0.00,164,2.56,0.0,14.3,10.0,45
2003-09-06,14.3,17.4,80,0.00,156,2.22,0.0,13.1,9.3,54
2003-09-07,14.7,17.3,80,0.00,117,1.64,0.0,21.4,14.0,63
2003-09-08,15.9,17.5,73,0.90,137,2.61,4.0,27.2,24.7,61
2003-09-09,14.1,17.0,73,0.00,250,2.43,0.0,24.7,15.3,52
2003-09-10,12.2,16.3,72,0.00,44,1.91,0.0,11.7,9.1,53
2003-09-11,11.5,14.7,73,0.00,93,1.90,0.0,14.8,11.5,47
2003-09-12,11.5,16.3,70,0.00,349,2.08,0.0,11.3,9.0,48
2003-09-13,13.5,16.1,74,0.00,190,1.80,0.0,23.6,13.9,50
2003-09-14,6.7,14.7,81,4.90,347,1.04,11.0,34.3,23.9,53
2003-09-15,2.4,4.4,55,0.00,0,1.80,0.0,31.3,21.5,48
2003-09-16,3.0,5.0,60,0.00,29,1.28,0.0,16.9,8.4,45
2003-09-17,3.5,5.6,70,0.50,122,1.16,4.0,18.7,12.3,46
2003-09-18,4.3,5.7,66,0.90,131,1.36,6.0,28.3,19.3,55
2003-09-19,6.9,9.3,81,2.10,136,1.00,9.0,28.6,24.7,76
2003-09-20,6.9,9.5,93,4.20,246,0.43,10.0,22.3,16.5,76
2003-09-21,4.4,6.4,79,0.00,319,0.92,0.0,21.1,17.2,73
2003-09-22,6.6,8.4,83,0.10,88,0.90,1.0,18.9,10.9,68
2003-09-23,4.4,7.6,72,0.00,35,1.30,0.0,24.0,19.8,58
2003-09-24,2.5,5.9,76,0.00,91,1.07,0.0,19.3,10.0,53
2003-09-25,4.8,6.2,86,5.30,103,0.78,17.0,20.1,16.5,64
2003-09-26,4.4,7.2,82,0.00,121,0.77,0.0,14.7,10.2,70
2003-09-27,4.2,7.1,72,0.00,309,1.19,0.0,25.3,16.6,55
2003-09-28,2.6,5.1,69,0.00,314,1.09,0.0,23.4,17.2,57
2003-09-29,3.0,5.5,68,0.00,328,1.23,0.0,20.5,10.6,58
2003-09-30,5.4,9.2,80,0.00,142,1.16,0.0,19.8,17.3,65
2003-10-01,7.9,12.7,81,0.00,133,1.18,0.0,16.4,10.0,63
2003-10-02,8.8,13.9,84,0.00,248,1.09,0.0,7.7,5.0,70
2003-10-03,9.9,14.6,89,0.00,165,1.05,0.0,12.8,8.5,76
2003-10-04,9.1,13.7,92,0.00,129,0.95,0.0,13.9,10.8,76
2003-10-05,9.0,13.9,87,0.00,316,1.00,0.0,13.6,10.1,66
2003-10-06,8.0,12.6,84,0.00,65,0.99,0.0,18.9,14.6,64
2003-10-07,7.3,10.0,77,0.00,95,1.30,0.0,28.6,25.6,66
2003-10-08,9.1,10.0,76,0.20,122,1.24,2.0,27.9,25.8,70
2003-10-09,7.5,8.8,92,1.80,243,0.57,7.0,26.7,16.6,74
2003-10-10,6.3,8.4,75,0.10,294,0.91,1.0,21.9,16.4,66
2003-10-11,3.7,5.0,83,0.40,320,0.59,3.0,17.4,14.1,74
2003-10-12,3.3,4.8,80,0.00,354,0.58,0.0,12.1,10.5,64
2003-10-13,2.6,4.8,84,0.20,331,0.59,2.0,10.0,6.3,68
2003-10-14,2.3,3.6,88,0.00,319,0.41,0.0,16.3,8.5,74
2003-10-15,1.1,2.8,75,0.00,317,0.64,0.0,15.5,11.1,58
2003-10-16,1.4,3.5,81,1.60,175,0.49,6.0,15.5,7.6,67
2003-10-17,1.5,3.2,78,0.00,162,0.56,0.0,12.4,8.3,63
2003-10-18,-0.0,3.5,88,0.00,96,0.37,0.0,15.3,9.5,73
2003-10-19,2.6,3.9,87,0.00,119,0.38,0.0,22.1,17.7,79
2003-10-20,2.9,4.3,89,0.50,90,0.31,3.0,14.3,11.2,79
2003-10-21,3.3,4.3,88,0.00,80,0.31,0.0,11.9,10.1,82
2003-10-22,2.2,3.5,90,0.00,305,0.28,0.0,10.1,7.5,82
2003-10-23,2.0,2.8,85,0.00,84,0.43,0.0,24.5,16.2,72
2003-10-24,-0.5,1.8,77,0.00,78,0.48,0.0,21.7,13.1,73
2003-10-25,1.7,3.0,88,0.00,142,0.28,0.0,17.5,8.3,80
2003-10-26,2.5,3.7,89,0.20,142,0.28,2.0,17.6,14.5,84
2003-10-27,1.0,3.5,81,0.00,326,0.55,0.0,28.2,20.8,66
2003-10-28,-1.7,-0.8,73,0.60,20,0.49,4.0,17.5,12.4,67
2003-10-29,-5.1,-2.5,63,0.00,350,0.71,0.0,28.3,20.1,50
2003-10-30,-7.1,-6.4,68,0.00,324,0.50,0.0,22.5,16.9,52
2003-10-31,-10.7,-8.4,55,0.00,56,0.43,0.0,14.4,10.6,48
2003-11-01,-11.6,-8.1,57,0.00,92,0.48,0.0,17.2,13.5,47
2003-11-02,-8.7,-5.1,69,0.00,276,0.29,0.0,13.5,9.1,50
2003-11-03,-8.3,-5.6,75,0.00,341,0.31,0.0,16.3,13.9,67
2003-11-04,-8.7,-8.0,77,0.30,279,0.18,2.0,12.8,8.9,69
2003-11-05,-13.5,-8.8,72,0.10,357,0.24,1.0,20.4,14.1,62
2003-11-06,-16.0,-9.0,73,0.10,45,0.16,1.0,11.2,8.6,67
2003-11-07,-6.0,-2.3,88,0.40,220,0.16,4.0,18.6,14.3,80
2003-11-08,-2.9,-0.7,88,0.30,267,0.19,2.0,21.1,15.5,83
2003-11-09,-2.6,0.5,91,0.00,187,0.13,0.0,12.6,11.4,89
2003-11-10,-3.6,-0.2,90,1.60,291,0.16,5.0,33.9,19.1,77
2003-11-11,-12.1,-9.2,75,0.10,317,0.32,1.0,30.8,24.7,71
2003-11-12,-11.3,-4.2,83,0.00,156,0.15,0.0,21.4,13.0,75
2003-11-13,-4.7,-2.1,91,1.20,109,0.12,4.0,23.5,11.6,85
2003-11-14,-2.5,0.8,88,0.00,180,0.18,0.0,32.1,23.8,74
2003-11-15,-13.0,-8.6,75,0.00,279,0.23,0.0,25.2,16.4,70
2003-11-16,-7.7,-4.8,83,0.00,86,0.23,0.0,21.3,18.1,77
2003-11-17,-8.0,-5.4,84,0.00,6,0.11,0.0,13.6,11.1,80
2003-11-18,-9.4,-7.7,85,0.20,20,0.10,2.0,15.9,9.8,82
2003-11-19,-13.1,-9.9,82,0.20,49,0.13,2.0,15.9,14.3,79
2003-11-20,-21.3,-16.5,79,0.00,353,0.07,0.0,13.4,12.1,78
2003-11-21,-20.4,-18.3,80,0.00,309,0.04,0.0,11.6,7.8,78
2003-11-22,-20.1,-11.8,82,0.00,133,0.08,0.0,19.7,11.8,79
2003-11-23,-9.8,-7.3,84,0.20,157,0.18,2.0,22.9,18.8,80
2003-11-24,-14.0,-11.9,85,0.00,232,0.06,0.0,12.9,11.0,82
2003-11-25,-16.2,-12.9,86,0.00,356,0.04,0.0,11.3,6.9,83
2003-11-26,-18.5,-18.0,81,0.00,334,0.08,0.0,15.6,13.8,79
2003-11-27,-23.0,-19.0,78,0.00,342,0.04,0.0,14.2,8.8,74
2003-11-28,-14.5,-11.0,83,6.70,85,0.14,15.0,28.3,20.0,77
2003-11-29,-22.6,-14.6,76,0.00,347,0.07,0.0,21.3,13.6,71
2003-11-30,-29.7,-28.3,73,0.00,345,0.03,0.0,11.3,8.9,73
2003-12-01,-24.3,-16.3,79,0.00,121,0.06,0.0,19.5,12.5,73
2003-12-02,-13.8,-8.9,84,0.00,122,0.12,0.0,27.0,20.2,83
2003-12-03,-6.7,-2.6,78,0.00,215,0.35,0.0,31.1,25.4,70
2003-12-04,-19.6,-15.6,71,0.00,280,0.13,0.0,21.5,13.5,65
2003-12-05,-15.1,-7.7,71,0.80,105,0.32,4.0,31.3,23.5,67
2003-12-06,-9.1,-7.6,87,1.80,11,0.08,12.0,17.6,11.0,77
2003-12-07,-19.5,-12.4,75,0.00,32,0.11,0.0,17.3,15.3,71
2003-12-08,-27.3,-25.1,72,0.00,75,0.06,0.0,14.1,12.4,71
2003-12-09,-27.9,-26.6,74,0.00,114,0.06,0.0,14.9,13.8,73
2003-12-10,-24.3,-23.1,78,0.00,135,0.06,0.0,16.1,14.4,77
2003-12-11,-23.9,-22.1,79,0.00,99,0.05,0.0,17.8,12.4,78
2003-12-12,-21.4,-20.5,78,0.00,85,0.07,0.0,17.9,13.4,77
2003-12-13,-22.4,-21.3,78,0.00,38,0.02,0.0,8.7,6.1,75
2003-12-14,-25.2,-22.9,75,0.00,62,0.05,0.0,12.2,10.8,73
2003-12-15,-26.0,-24.1,75,0.00,86,0.06,0.0,16.0,13.5,73
2003-12-16,-18.5,-12.5,82,2.20,107,0.10,8.0,22.1,17.4,77
2003-12-17,-15.1,-12.4,82,0.80,315,0.06,5.0,16.7,11.2,79
2003-12-18,-18.8,-16.6,84,0.00,120,0.02,0.0,13.0,7.2,80
2003-12-19,-16.4,-15.9,82,0.00,87,0.10,0.0,23.5,16.7,79
2003-12-20,-12.4,-7.9,84,3.90,103,0.14,14.0,27.7,21.5,79
2003-12-21,-11.1,-7.8,86,2.00,308,0.05,9.0,18.6,12.3,83
2003-12-22,-13.7,-8.3,87,0.00,153,0.07,0.0,24.3,15.3,81
2003-12-23,-5.4,-3.9,86,0.00,169,0.12,0.0,23.1,16.2,83
2003-12-24,-6.1,-3.8,88,0.00,223,0.05,0.0,17.1,13.4,85
2003-12-25,-9.3,-8.0,86,0.00,58,0.09,0.0,20.6,14.6,83
2003-12-26,-9.6,-8.3,87,3.80,69,0.07,20.0,20.8,11.9,83
2003-12-27,-12.3,-10.6,85,3.20,276,0.07,23.0,15.9,13.8,83
2003-12-28,-16.0,-13.0,83,0.00,318,0.04,0.0,14.8,11.2,82
2003-12-29,-20.2,-19.5,80,0.10,269,0.01,1.0,7.6,3.9,77
2003-12-30,-21.0,-19.2,80,0.00,81,0.02,0.0,11.0,7.2,77
2003-12-31,-28.0,-23.6,77,0.00,23,0.03,0.0,12.3,9.3,75
2004-01-01,-33.3,-32.4,73,0.00,323,0.04,0.0,16.1,13.5,70
2004-01-02,-34.4,-33.7,71,0.00,326,0.04,0.0,14.4,12.2,70
2004-01-03,-33.2,-31.1,70,0.00,323,0.05,0.0,22.0,15.9,65
2004-01-04,-31.6,-25.9,71,0.00,319,0.05,0.0,18.3,14.0,67
2004-01-05,-22.7,-15.4,79,0.10,313,0.09,1.0,20.7,18.0,76
2004-01-06,-15.6,-13.5,81,0.00,311,0.11,0.0,21.7,18.3,77
2004-01-07,-24.1,-19.3,80,0.00,302,0.05,0.0,16.1,13.2,79
2004-01-08,-30.6,-28.0,76,0.00,68,0.02,0.0,13.3,8.7,74
2004-01-09,-27.3,-26.1,75,0.00,90,0.05,0.0,14.4,10.5,73
2004-01-10,-26.8,-25.5,75,0.00,77,0.04,0.0,14.1,10.1,73
2004-01-11,-24.3,-21.7,72,0.00,75,0.06,0.0,14.0,9.5,71
2004-01-12,-26.2,-22.6,77,0.00,352,0.03,0.0,10.3,7.4,73
2004-01-13,-29.5,-28.2,71,0.00,61,0.05,0.0,12.2,9.8,68
2004-01-14,-28.6,-27.6,72,0.00,59,0.05,0.0,17.8,10.3,70
2004-01-15,-30.3,-29.6,68,0.00,79,0.09,0.0,23.7,21.3,67
2004-01-16,-31.2,-30.9,69,1.90,65,0.07,8.0,22.0,15.8,64
2004-01-17,-34.3,-32.5,69,0.00,80,0.04,0.0,18.5,12.8,68
2004-01-18,-26.6,-21.3,71,2.90,108,0.12,15.0,24.1,21.9,68
2004-01-19,-18.3,-17.1,80,0.00,107,0.09,0.0,20.3,12.0,75
2004-01-20,-25.0,-17.7,71,0.00,319,0.12,0.0,27.6,21.5,68
2004-01-21,-28.0,-25.1,72,0.00,106,0.05,0.0,13.7,9.5,69
2004-01-22,-28.4,-25.2,75,0.00,59,0.03,0.0,10.7,7.7,73
2004-01-23,-35.1,-32.6,72,0.00,8,0.02,0.0,9.1,7.0,70
2004-01-24,-39.1,-36.9,71,0.00,336,0.02,0.0,11.4,10.5,69
2004-01-25,-37.5,-37.0,69,0.00,344,0.03,0.0,12.4,11.1,66
2004-01-26,-38.5,-34.9,68,0.00,310,0.03,0.0,12.1,10.6,67
2004-01-27,-35.5,-34.2,71,0.00,236,0.03,0.0,8.4,7.4,71
2004-01-28,-35.4,-34.8,71,0.00,139,0.04,0.0,12.6,11.2,68
2004-01-29,-35.3,-33.0,70,0.00,123,0.05,0.0,16.6,14.5,66
2004-01-30,-32.7,-30.9,67,0.00,112,0.07,0.0,18.7,17.4,65
2004-01-31,-30.2,-27.0,73,0.00,126,0.07,0.0,15.5,14.1,69
2004-02-01,-26.3,-24.1,77,0.00,149,0.07,0.0,15.8,10.1,76
2004-02-02,-27.6,-23.9,78,0.00,100,0.04,0.0,12.3,7.6,78
2004-02-03,-26.5,-23.4,79,0.00,91,0.06,0.0,12.1,10.6,77
2004-02-04,-24.1,-21.9,79,0.00,93,0.08,0.0,13.7,12.0,75
2004-02-05,-21.4,-17.9,78,0.00,133,0.13,0.0,17.6,16.0,76
2004-02-06,-14.4,-11.6,83,0.00,143,0.16,0.0,19.3,16.0,77
2004-02-07,-14.4,-12.9,87,0.00,339,0.09,0.0,19.1,12.2,80
2004-02-08,-15.9,-14.8,79,0.00,320,0.14,0.0,17.8,11.6,75
2004-02-09,-15.9,-12.4,82,1.70,129,0.13,3.0,21.2,13.9,81
2004-02-10,-19.9,-12.5,71,1.20,348,0.21,3.0,32.4,20.9,63
2004-02-11,-21.5,-13.9,75,0.00,167,0.18,0.0,28.5,16.6,68
2004-02-12,-17.4,-14.8,77,1.30,33,0.13,6.0,17.3,11.8,65
2004-02-13,-27.7,-21.9,69,0.00,345,0.11,0.0,13.8,11.3,64
2004-02-14,-33.5,-29.4,71,0.00,78,0.06,0.0,14.3,8.8,66
2004-02-15,-26.0,-22.6,72,0.90,98,0.13,6.0,18.9,14.5,69
2004-02-16,-27.3,-23.1,74,0.00,309,0.10,0.0,15.5,11.9,68
2004-02-17,-30.9,-26.8,72,0.00,33,0.07,0.0,9.4,7.5,68
2004-02-18,-30.0,-24.5,72,0.20,67,0.08,2.0,12.4,8.7,67
2004-02-19,-24.0,-22.0,72,0.30,60,0.14,3.0,15.5,9.5,68
2004-02-20,-24.7,-20.5,74,0.00,99,0.13,0.0,15.7,11.9,69
2004-02-21,-21.6,-17.7,76,0.00,84,0.18,0.0,14.1,11.1,73
2004-02-22,-17.7,-13.1,81,0.00,85,0.18,0.0,14.3,10.0,78
2004-02-23,-19.7,-13.4,74,0.00,65,0.19,0.0,18.7,15.6,68
2004-02-24,-22.5,-18.5,75,0.00,86,0.15,0.0,17.7,13.3,71
2004-02-25,-18.0,-14.9,80,0.00,58,0.16,0.0,9.6,5.3,74
2004-02-26,-16.7,-13.5,80,0.00,103,0.19,0.0,7.3,4.6,75
2004-02-27,-11.8,-8.5,85,0.00,124,0.27,0.0,15.6,11.5,79
2004-02-28,-11.2,-8.7,85,0.00,351,0.18,0.0,11.4,8.7,80
2004-02-29,-15.8,-12.3,78,0.00,357,0.23,0.0,12.6,11.8,69
2004-03-01,-25.6,-19.4,71,0.00,332,0.14,0.0,20.1,11.4,63
2004-03-02,-30.6,-26.9,67,0.00,308,0.13,0.0,19.0,15.3,63
2004-03-03,-28.2,-21.7,72,0.00,287,0.17,0.0,16.5,13.6,64
2004-03-04,-28.8,-22.2,68,0.00,341,0.16,0.0,15.9,10.5,59
2004-03-05,-26.4,-19.7,71,0.00,111,0.20,0.0,18.0,15.0,68
2004-03-06,-22.8,-20.1,74,0.00,334,0.21,0.0,16.3,13.0,66
2004-03-07,-24.3,-18.2,74,0.30,49,0.17,3.0,19.8,12.0,68
2004-03-08,-21.9,-18.2,75,0.10,339,0.24,1.0,13.2,7.4,68
2004-03-09,-20.9,-20.0,73,5.80,46,0.22,16.0,19.5,16.3,64
2004-03-10,-24.9,-20.2,71,0.00,116,0.21,0.0,20.2,13.8,64
2004-03-11,-20.4,-13.1,75,0.00,109,0.34,0.0,16.1,7.6,68
2004-03-12,-15.6,-10.2,77,0.00,16,0.44,0.0,11.2,7.1,72
2004-03-13,-12.3,-8.7,80,1.30,156,0.47,6.0,13.3,9.2,74
2004-03-14,-17.9,-10.4,75,0.00,76,0.34,0.0,17.5,14.7,65
2004-03-15,-14.6,-7.3,81,0.00,119,0.39,0.0,18.5,16.3,69
2004-03-16,-8.0,-7.0,88,0.00,332,0.36,0.0,12.3,8.3,81
2004-03-17,-10.7,-7.0,80,0.00,336,0.42,0.0,16.0,14.4,68
2004-03-18,-17.3,-12.8,75,0.00,68,0.34,0.0,16.0,13.4,68
2004-03-19,-21.3,-17.7,72,0.00,54,0.35,0.0,18.2,15.5,66
2004-03-20,-21.3,-18.2,73,0.00,64,0.34,0.0,11.5,7.7,68
2004-03-21,-18.2,-12.1,74,0.00,260,0.41,0.0,27.3,14.3,63
2004-03-22,-19.8,-13.1,75,0.00,128,0.34,0.0,21.3,12.7,67
2004-03-23,-12.0,-7.8,72,0.50,299,0.54,5.0,30.6,23.0,63
2004-03-24,-24.6,-18.0,62,0.00,343,0.28,0.0,27.8,18.5,50
2004-03-25,-31.3,-28.0,60,0.00,16,0.19,0.0,22.3,11.2,49
2004-03-26,-25.7,-19.5,67,0.00,92,0.34,0.0,17.7,13.6,57
2004-03-27,-20.1,-12.5,75,0.00,60,0.45,0.0,15.8,13.7,66
2004-03-28,-14.7,-11.0,75,0.00,46,0.66,0.0,16.0,9.0,67
2004-03-29,-10.2,-2.5,79,0.00,141,0.80,0.0,27.5,17.7,69
2004-03-30,-1.3,5.0,82,0.00,127,1.02,0.0,29.1,19.4,69
2004-03-31,-0.0,4.9,78,1.30,260,1.01,4.0,23.9,19.4,65
2004-04-01,-11.7,-4.3,70,0.00,309,0.72,0.0,18.7,14.8,60
2004-04-02,-14.8,-10.4,72,0.00,290,0.72,0.0,14.1,7.8,60
2004-04-03,-6.6,1.0,77,0.00,121,1.12,0.0,23.6,16.3,65
2004-04-04,-1.5,1.9,84,0.00,90,1.09,0.0,27.2,19.9,79
2004-04-05,-3.8,1.4,85,6.00,313,0.59,19.0,29.3,22.4,73
2004-04-06,-10.3,-7.3,76,0.00,340,0.86,0.0,22.7,14.0,68
2004-04-07,-8.4,-5.6,80,0.00,78,0.72,0.0,13.7,10.0,70
2004-04-08,-7.6,-4.8,79,0.00,110,0.93,0.0,20.3,18.5,69
2004-04-09,-7.7,-4.2,78,0.00,100,1.08,0.0,18.4,15.4,66
2004-04-10,-6.6,-1.2,78,0.00,124,1.05,0.0,21.1,17.5,69
2004-04-11,-3.0,1.5,81,0.00,299,1.18,0.0,21.9,14.4,72
2004-04-12,-12.0,1.0,70,0.00,336,0.86,0.0,30.8,20.8,57
2004-04-13,-16.2,-10.8,71,0.00,327,0.73,0.0,19.1,15.3,58
2004-04-14,-14.0,-8.6,74,0.00,336,0.89,0.0,12.8,8.2,60
2004-04-15,-12.4,-6.7,69,0.00,300,0.99,0.0,14.8,9.8,54
2004-04-16,-14.4,-7.0,70,0.00,349,0.87,0.0,17.3,11.8,58
2004-04-17,-14.6,-9.9,71,0.00,88,0.94,0.0,10.5,6.1,60
2004-04-18,-13.0,-8.1,73,0.00,97,1.03,0.0,10.2,7.6,61
2004-04-19,-10.9,-4.4,72,0.00,71,1.27,0.0,15.5,11.6,61
2004-04-20,-10.3,-4.6,76,0.00,101,1.12,0.0,10.5,8.0,62
2004-04-21,-7.5,-4.1,78,0.00,26,1.06,0.0,12.2,5.9,63
2004-04-22,-7.6,-3.3,73,0.00,325,1.26,0.0,14.0,7.3,61
2004-04-23,-6.2,-2.9,77,0.80,98,0.94,3.0,23.6,19.5,67
2004-04-24,-3.8,0.3,82,3.20,36,1.34,7.0,22.0,14.4,70
2004-04-25,-3.7,0.0,74,0.00,327,1.70,0.0,14.6,8.9,52
2004-04-26,-4.1,-0.0,75,0.40,96,1.09,3.0,21.6,15.0,54
2004-04-27,-4.6,-2.1,82,8.80,59,1.11,14.0,23.1,19.7,73
2004-04-28,-7.7,-4.6,77,0.00,102,1.08,0.0,12.0,10.0,69
2004-04-29,-3.7,1.5,81,1.80,335,1.16,9.0,24.0,11.3,66
2004-04-30,-3.5,1.0,67,0.00,356,1.80,0.0,20.6,11.0,44
2004-05-01,-4.4,-0.5,68,0.10,118,1.39,1.0,20.9,12.1,51
2004-05-02,-2.9,-1.7,78,2.50,57,1.04,11.0,24.8,22.2,67
2004-05-03,-6.2,-2.4,65,0.00,22,1.33,0.0,22.7,12.6,56
2004-05-04,-5.4,-3.8,71,1.60,328,1.25,10.0,28.7,17.5,54
2004-05-05,-7.3,-4.3,68,0.30,323,1.20,3.0,26.5,18.3,50
2004-05-06,-8.0,-5.1,67,0.00,328,1.32,0.0,17.7,13.3,51
2004-05-07,-9.5,-5.2,67,0.00,60,1.47,0.0,14.5,8.7,52
2004-05-08,-8.8,-5.2,66,0.00,67,1.36,0.0,16.9,15.8,53
2004-05-09,-7.9,-5.0,66,0.00,333,1.19,0.0,15.5,10.4,57
2004-05-10,-6.6,-4.0,69,0.00,326,1.25,0.0,19.2,12.2,57
2004-05-11,-5.7,-3.6,68,0.00,4,1.42,0.0,18.5,9.1,52
2004-05-12,-5.5,-2.2,62,0.00,80,1.65,0.0,8.9,5.9,50
2004-05-13,-4.2,1.0,66,0.00,123,1.96,0.0,8.7,6.1,54
2004-05-14,-1.7,1.4,71,0.00,152,1.47,0.0,9.5,8.2,57
2004-05-15,-0.4,4.1,70,0.00,311,2.35,0.0,9.0,6.5,51
2004-05-16,1.1,5.2,64,0.00,328,2.61,0.0,13.2,7.3,46
2004-05-17,2.4,6.9,67,0.00,155,2.10,0.0,15.8,10.0,46
2004-05-18,2.6,9.2,70,0.00,344,2.18,0.0,22.0,13.8,47
2004-05-19,-5.3,-0.9,52,0.00,20,2.37,0.0,19.0,11.7,38
2004-05-20,-4.7,-0.2,66,0.00,185,1.80,0.0,14.4,9.3,39
2004-05-21,-1.0,1.1,67,0.10,328,1.58,1.0,19.9,12.6,56
2004-05-22,-3.7,0.6,53,0.00,350,1.91,0.0,19.5,12.1,44
2004-05-23,-3.1,0.9,62,0.00,171,2.01,0.0,16.3,11.2,44
2004-05-24,0.3,6.4,62,0.00,133,2.08,0.0,21.1,17.1,51
2004-05-25,5.1,9.9,58,0.00,132,3.12,0.0,28.8,24.2,44
2004-05-26,6.2,11.4,63,0.00,103,3.20,0.0,27.1,20.2,47
2004-05-27,7.3,11.2,76,0.30,35,2.44,3.0,20.6,11.6,56
2004-05-28,5.5,9.0,78,0.60,356,1.91,4.0,20.8,9.8,58
2004-05-29,4.2,8.7,71,0.00,94,2.22,0.0,13.0,10.1,57
2004-05-30,4.2,10.1,72,0.00,76,2.65,0.0,16.8,14.4,55
2004-05-31,5.0,9.7,76,1.00,63,1.94,4.0,18.5,16.3,59
2004-06-01,3.9,6.9,96,4.50,104,0.84,13.0,19.6,16.7,85
2004-06-02,8.2,14.7,84,0.00,127,2.68,0.0,17.9,16.3,62
2004-06-03,10.1,15.1,82,0.10,150,3.21,1.0,14.8,9.7,60
2004-06-04,9.6,15.2,82,0.30,278,2.95,2.0,13.6,6.4,47
2004-06-05,11.2,15.2,64,0.10,3,3.35,1.0,10.7,8.9,44
2004-06-06,8.4,14.4,70,0.00,81,3.35,0.0,15.6,10.3,46
2004-06-07,7.1,12.2,65,0.00,78,3.54,0.0,9.4,6.6,45
2004-06-08,5.4,10.6,63,1.70,175,2.74,5.0,14.3,11.5,42
2004-06-09,9.4,16.0,55,0.00,158,4.12,0.0,13.3,8.5,41
2004-06-10,9.8,15.7,61,0.40,351,3.70,2.0,20.9,14.4,41
2004-06-11,6.9,10.3,51,0.00,45,3.86,0.0,14.8,12.3,40
2004-06-12,6.0,9.1,60,0.00,81,3.02,0.0,16.0,14.2,45
2004-06-13,6.8,12.2,56,0.00,107,3.93,0.0,13.9,11.9,35
2004-06-14,9.7,16.4,50,0.00,134,4.48,0.0,12.3,7.8,27
2004-06-15,10.2,16.9,52,0.00,11,3.83,0.0,19.5,12.5,28
2004-06-16,7.1,11.5,48,0.00,357,3.76,0.0,12.6,7.6,35
2004-06-17,9.1,16.6,46,0.00,204,4.61,0.0,17.3,9.2,29
2004-06-18,13.2,22.3,39,0.00,215,5.05,0.0,14.6,9.4,26
2004-06-19,17.0,23.0,56,0.40,317,4.71,2.0,37.5,21.7,30
2004-06-20,12.0,17.3,58,0.00,322,3.91,0.0,32.9,20.2,34
2004-06-21,10.4,17.1,53,0.00,354,4.32,0.0,21.6,12.6,31
2004-06-22,7.5,12.7,52,0.00,131,3.75,0.0,17.0,9.9,31
2004-06-23,8.7,13.0,43,0.00,128,4.51,0.0,16.3,14.8,30
2004-06-24,10.7,15.8,43,0.00,130,4.85,0.0,14.9,13.3,29
2004-06-25,13.3,17.7,42,0.00,134,5.20,0.0,13.0,11.2,29
2004-06-26,14.8,20.7,44,0.00,165,5.34,0.0,15.5,10.2,24
2004-06-27,17.2,25.0,36,0.00,174,5.87,0.0,15.8,10.4,24
2004-06-28,13.7,23.4,52,0.10,338,4.27,1.0,24.8,20.1,39
2004-06-29,11.0,14.1,56,0.00,97,4.09,0.0,13.1,9.2,44
2004-06-30,11.1,17.5,50,0.00,193,4.02,0.0,13.3,8.3,33
2004-07-01,14.3,17.0,53,0.00,60,3.84,0.0,14.2,6.8,35
2004-07-02,11.9,16.7,43,0.00,65,4.52,0.0,16.1,8.5,28
2004-07-03,10.7,15.4,50,0.00,143,4.19,0.0,11.7,7.1,27
2004-07-04,12.3,19.0,48,0.00,169,4.81,0.0,18.4,11.0,33
2004-07-05,16.6,21.4,42,0.00,181,6.01,0.0,23.4,16.2,31
2004-07-06,17.7,23.6,43,0.00,147,6.11,0.0,19.8,15.8,30
2004-07-07,19.6,23.5,42,0.00,141,5.55,0.0,16.3,10.9,34
2004-07-08,20.9,25.8,46,0.00,224,4.59,0.0,9.4,5.3,26
2004-07-09,20.6,25.8,41,0.00,179,5.28,0.0,18.0,8.0,24
2004-07-10,18.2,23.3,59,0.50,309,4.84,3.0,15.0,10.3,35
2004-07-11,17.8,22.8,62,0.00,256,4.11,0.0,18.1,6.6,45
2004-07-12,18.7,23.7,54,0.00,5,5.24,0.0,16.9,12.4,26
2004-07-13,20.0,24.0,49,0.00,232,5.04,0.0,11.6,7.9,26
2004-07-14,19.6,23.9,45,0.00,172,5.33,0.0,16.9,9.0,29
2004-07-15,21.0,26.3,47,0.00,144,5.76,0.0,15.8,9.6,29
2004-07-16,20.0,26.1,52,0.00,141,5.36,0.0,13.8,11.0,31
2004-07-17,20.5,25.4,52,0.20,123,5.09,1.0,12.6,8.4,33
2004-07-18,17.3,23.6,64,0.70,63,3.35,2.0,17.5,11.9,46
2004-07-19,16.6,19.7,53,0.00,65,3.73,0.0,10.0,6.3,41
2004-07-20,17.1,21.5,51,0.00,356,4.07,0.0,15.9,7.9,27
2004-07-21,15.8,20.9,47,0.00,84,4.54,0.0,14.1,8.1,28
2004-07-22,13.9,18.5,50,0.00,167,4.75,0.0,17.7,13.3,31
2004-07-23,17.0,23.0,54,0.00,160,4.89,0.0,15.0,13.9,36
2004-07-24,20.9,25.7,65,0.00,119,4.37,0.0,8.4,5.0,41
2004-07-25,21.8,26.1,54,1.30,99,4.85,5.0,19.5,14.1,41
2004-07-26,17.9,25.8,70,6.60,48,3.25,8.0,27.7,21.7,39
2004-07-27,16.7,20.5,62,0.00,153,3.60,0.0,23.1,11.4,39
2004-07-28,16.7,20.9,56,0.00,164,4.88,0.0,26.8,18.6,36
2004-07-29,17.2,20.8,59,0.70,163,4.77,3.0,30.0,26.8,37
2004-07-30,15.5,18.8,79,0.00,314,2.16,0.0,27.7,16.4,71
2004-07-31,8.5,11.6,71,1.50,350,1.67,12.0,29.0,21.8,56
2004-08-01,12.1,16.1,60,0.00,65,3.44,0.0,15.9,5.7,43
2004-08-02,13.8,19.2,62,0.00,140,4.07,0.0,18.7,13.8,37
2004-08-03,16.9,21.6,58,0.00,137,4.54,0.0,18.8,15.6,37
2004-08-04,17.7,21.7,65,3.10,160,2.94,5.0,18.2,12.5,38
2004-08-05,13.7,17.7,74,0.00,3,1.91,0.0,22.7,17.2,49
2004-08-06,10.7,14.9,58,0.00,42,3.00,0.0,18.8,13.2,43
2004-08-07,10.0,12.6,54,0.00,78,2.58,0.0,14.2,9.0,40
2004-08-08,11.4,14.2,54,0.00,184,3.40,0.0,17.7,11.1,36
2004-08-09,13.8,19.3,61,0.00,166,3.90,0.0,17.2,14.2,36
2004-08-10,18.4,23.8,63,0.00,314,3.92,0.0,14.1,11.3,39
2004-08-11,18.7,23.5,63,0.00,162,3.77,0.0,20.0,14.6,41
2004-08-12,19.5,23.3,61,0.00,150,4.49,0.0,17.9,14.2,42
2004-08-13,18.3,23.3,68,0.00,23,2.72,0.0,19.6,12.5,48
2004-08-14,16.1,19.7,68,0.00,190,2.77,0.0,16.9,8.9,52
2004-08-15,15.1,20.8,55,0.00,320,3.96,0.0,28.4,23.9,36
2004-08-16,13.3,18.9,55,0.00,307,3.63,0.0,24.0,15.1,35
2004-08-17,12.9,19.1,50,0.00,346,3.94,0.0,21.7,17.7,29
2004-08-18,13.1,17.7,51,0.00,323,2.84,0.0,21.7,11.8,29
2004-08-19,10.4,16.0,65,0.00,111,2.26,0.0,18.5,13.0,53
2004-08-20,10.0,11.2,70,1.20,109,1.11,6.0,13.6,7.6,58
2004-08-21,8.7,10.6,62,0.00,41,1.99,0.0,15.4,13.3,46
2004-08-22,8.6,11.4,60,0.00,20,2.22,0.0,14.7,10.0,45
2004-08-23,10.0,12.5,64,0.00,183,2.32,0.0,16.9,10.6,42
2004-08-24,11.4,14.2,70,0.20,167,2.27,2.0,15.9,13.2,56
2004-08-25,10.5,12.8,74,0.00,221,1.57,0.0,15.5,9.0,58
2004-08-26,7.6,10.4,71,1.60,303,1.73,6.0,17.1,14.9,41
2004-08-27,7.9,10.2,65,0.00,263,1.66,0.0,15.4,10.2,41
2004-08-28,7.6,12.1,71,0.10,348,1.91,1.0,13.5,8.4,38
2004-08-29,9.2,12.2,65,0.70,113,1.93,4.0,17.0,12.3,38
2004-08-30,9.2,11.1,83,15.70,140,1.26,19.0,16.2,13.5,46
2004-08-31,9.5,12.7,76,0.70,312,1.69,2.0,10.7,8.0,43
2004-09-01,10.5,14.2,68,0.00,236,2.28,0.0,9.4,5.1,42
2004-09-02,11.1,13.9,69,0.00,164,2.54,0.0,23.0,14.9,52
2004-09-03,12.3,14.5,72,0.00,154,2.15,0.0,25.1,20.7,55
2004-09-04,12.4,14.4,84,0.80,175,1.83,6.0,19.3,14.2,67
2004-09-05,7.1,12.5,83,1.40,318,1.03,6.0,28.9,25.1,67
2004-09-06,4.0,6.4,75,2.10,340,1.52,9.0,25.0,20.3,38
2004-09-07,4.8,6.5,65,1.40,290,1.67,4.0,18.6,12.2,41
2004-09-08,3.1,5.5,73,0.00,320,1.39,0.0,15.7,10.7,42
2004-09-09,4.9,9.6,61,0.00,248,1.82,0.0,15.1,11.2,41
2004-09-10,7.5,10.3,67,0.00,171,2.01,0.0,18.8,13.2,50
2004-09-11,7.3,9.6,67,0.00,145,1.89,0.0,28.1,21.2,51
2004-09-12,7.2,9.0,83,2.20,134,0.83,14.0,19.7,13.8,62
2004-09-13,6.9,8.9,88,3.20,295,0.93,13.0,15.1,8.4,61
2004-09-14,7.3,11.1,77,0.50,105,1.35,1.0,18.7,10.6,58
2004-09-15,7.2,10.4,91,8.90,28,0.57,16.0,18.4,12.4,62
2004-09-16,4.8,6.2,80,0.00,313,0.92,0.0,23.3,19.1,69
2004-09-17,2.3,4.4,73,0.00,359,1.14,0.0,21.7,20.3,64
2004-09-18,1.9,3.2,70,0.00,53,1.03,0.0,19.2,15.6,65
2004-09-19,2.4,3.1,82,10.10,66,0.66,8.0,30.4,23.2,67
2004-09-20,1.5,3.0,88,5.50,324,0.57,10.0,27.8,21.3,73
2004-09-21,2.1,7.0,82,0.00,107,1.01,0.0,19.4,12.5,70
2004-09-22,4.6,6.9,93,6.90,270,0.42,14.0,30.3,21.4,74
2004-09-23,3.6,7.2,77,0.00,134,0.89,0.0,23.7,13.4,72
2004-09-24,7.6,10.6,84,0.00,155,1.08,0.0,20.9,17.7,73
2004-09-25,7.0,10.0,83,0.00,277,0.92,0.0,19.8,14.2,71
2004-09-26,5.8,7.8,78,0.00,286,1.31,0.0,21.5,16.1,67
2004-09-27,9.7,14.1,65,0.00,199,2.21,0.0,25.7,21.7,50
2004-09-28,7.6,13.1,79,0.80,276,1.06,3.0,20.5,9.0,59
2004-09-29,1.3,7.1,81,9.20,337,0.53,17.0,29.4,18.6,73
2004-09-30,-0.6,0.6,76,0.90,329,0.94,5.0,26.9,24.0,58
2004-10-01,-0.9,1.8,70,0.10,145,0.84,1.0,28.2,17.5,64
2004-10-02,0.1,1.2,87,2.70,332,0.57,5.0,29.4,18.8,74
2004-10-03,-3.0,0.1,73,0.00,349,0.69,0.0,22.9,10.0,61
2004-10-04,0.0,1.2,82,0.00,111,0.61,0.0,19.9,17.2,74
2004-10-05,0.3,3.1,84,0.00,100,0.57,0.0,22.9,17.6,80
2004-10-06,2.9,4.4,91,4.50,93,0.46,11.0,26.4,19.2,82
2004-10-07,0.7,3.2,92,2.50,317,0.35,7.0,14.0,10.6,80
2004-10-08,0.2,2.2,88,0.00,79,0.43,0.0,18.7,8.7,75
2004-10-09,2.8,4.9,91,4.00,130,0.42,9.0,24.6,20.8,77
2004-10-10,1.5,2.9,85,0.00,271,0.48,0.0,19.8,15.2,73
2004-10-11,1.2,4.6,82,0.00,73,0.64,0.0,17.2,12.5,69
2004-10-12,-0.0,2.4,79,0.00,334,0.56,0.0,13.2,10.4,60
2004-10-13,-0.6,0.7,78,4.80,85,0.44,9.0,23.0,16.1,67
2004-10-14,-5.5,-0.1,76,1.30,34,0.50,3.0,23.8,16.5,70
2004-10-15,-9.9,-9.1,76,0.00,35,0.34,0.0,12.6,9.7,70
2004-10-16,-11.1,-7.2,78,0.00,23,0.34,0.0,12.2,9.0,70
2004-10-17,-8.6,-5.0,79,0.00,61,0.34,0.0,10.1,8.6,69
2004-10-18,-10.8,-6.8,77,0.00,21,0.29,0.0,14.2,10.0,63
2004-10-19,-11.3,-8.4,71,0.00,302,0.32,0.0,10.7,6.7,65
2004-10-20,-8.0,-5.1,74,0.00,121,0.39,0.0,17.6,11.3,68
2004-10-21,-6.4,-4.0,82,0.00,179,0.26,0.0,9.4,6.6,75
2004-10-22,-2.9,-1.3,80,0.00,138,0.38,0.0,15.3,13.6,78
2004-10-23,-2.7,-1.4,89,0.30,71,0.22,2.0,10.1,6.9,83
2004-10-24,-4.4,-2.2,92,0.40,317,0.18,4.0,11.5,9.8,86
2004-10-25,-6.6,-5.1,88,0.00,329,0.17,0.0,10.8,9.6,84
2004-10-26,-8.5,-2.7,86,0.00,89,0.19,0.0,16.9,9.3,82
2004-10-27,-1.6,0.1,88,0.00,177,0.25,0.0,21.0,15.3,84
2004-10-28,-1.6,1.1,85,1.00,250,0.36,4.0,25.5,19.1,82
2004-10-29,-3.3,0.5,89,0.00,136,0.22,0.0,21.8,15.1,86
2004-10-30,0.6,1.9,91,3.00,189,0.24,11.0,22.9,19.3,85
2004-10-31,-6.2,-2.1,82,1.00,281,0.34,9.0,24.7,23.1,74
2004-11-01,-13.3,-5.7,81,0.00,24,0.18,0.0,21.1,11.9,77
2004-11-02,-2.9,-1.3,89,2.30,116,0.23,8.0,25.6,14.0,82
2004-11-03,-4.3,-2.2,95,1.10,275,0.11,4.0,12.1,7.0,93
2004-11-04,-0.4,1.9,84,2.00,188,0.47,7.0,32.0,26.8,75
2004-11-05,-7.4,0.3,80,0.00,289,0.33,0.0,27.4,22.3,77
2004-11-06,-12.2,-11.3,78,0.00,284,0.27,0.0,27.6,23.6,76
2004-11-07,-13.9,-11.4,77,0.00,289,0.24,0.0,25.5,19.9,75
2004-11-08,-15.9,-8.5,80,0.00,94,0.15,0.0,18.6,12.9,77
2004-11-09,-9.0,-7.6,85,3.20,48,0.15,11.0,17.7,15.2,80
2004-11-10,-12.6,-10.0,86,0.00,261,0.06,0.0,14.0,8.5,82
2004-11-11,-7.9,-4.9,89,0.00,123,0.10,0.0,15.7,14.0,87
2004-11-12,-9.7,-5.4,88,0.00,8,0.09,0.0,17.2,10.8,82
2004-11-13,-15.9,-10.1,75,0.00,56,0.19,0.0,23.3,16.4,71
2004-11-14,-6.8,-4.0,87,0.50,138,0.17,3.0,25.4,20.1,79
2004-11-15,-3.2,-1.9,94,3.70,85,0.07,10.0,13.4,10.2,93
2004-11-16,-6.9,-3.7,90,0.20,306,0.06,2.0,14.9,11.3,86
2004-11-17,-13.8,-10.9,84,0.10,355,0.06,1.0,13.4,8.3,79
2004-11-18,-18.4,-16.9,85,0.00,277,0.03,0.0,11.7,6.7,80
2004-11-19,-16.5,-10.9,85,0.00,82,0.04,0.0,5.4,3.7,82
2004-11-20,-10.6,-6.8,89,0.00,164,0.06,0.0,19.5,8.3,88
2004-11-21,-8.6,-6.7,90,0.00,330,0.06,0.0,20.2,12.6,85
2004-11-22,-17.4,-12.7,81,0.00,339,0.08,0.0,18.8,13.4,77
2004-11-23,-24.1,-17.2,81,0.00,86,0.04,0.0,12.8,9.0,78
2004-11-24,-13.7,-12.7,85,0.40,115,0.10,4.0,17.1,15.6,83
2004-11-25,-13.5,-12.9,83,1.40,74,0.10,8.0,15.1,14.0,78
2004-11-26,-22.4,-15.8,76,0.00,353,0.06,0.0,13.2,11.3,74
2004-11-27,-27.3,-23.3,73,0.00,11,0.03,0.0,10.4,5.9,67
2004-11-28,-27.2,-24.7,76,0.00,0,0.03,0.0,13.5,8.2,74
2004-11-29,-32.1,-28.2,70,0.00,35,0.04,0.0,15.0,10.4,68
2004-11-30,-29.5,-24.3,71,0.00,102,0.05,0.0,14.3,11.4,70
2004-12-01,-23.0,-21.3,79,0.80,123,0.04,5.0,14.5,8.7,75
2004-12-02,-18.5,-16.5,79,0.00,77,0.10,0.0,19.0,15.6,68
2004-12-03,-27.0,-22.4,69,0.00,43,0.09,0.0,17.2,14.2,68
2004-12-04,-33.3,-31.5,72,0.00,324,0.03,0.0,13.7,11.3,70
2004-12-05,-33.3,-32.3,73,0.00,15,0.02,0.0,9.4,6.8,72
2004-12-06,-30.0,-25.6,74,0.00,88,0.05,0.0,14.4,12.4,72
2004-12-07,-28.3,-26.6,75,0.00,102,0.05,0.0,14.2,12.8,74
2004-12-08,-29.4,-27.6,78,0.00,124,0.04,0.0,14.7,13.2,77
2004-12-09,-26.2,-25.2,75,0.00,125,0.07,0.0,17.2,15.8,74
2004-12-10,-22.5,-20.2,78,0.00,91,0.02,0.0,14.5,6.9,75
2004-12-11,-25.1,-23.6,79,0.00,36,0.01,0.0,8.9,6.0,77
2004-12-12,-25.8,-23.5,81,0.00,149,0.02,0.0,14.8,9.0,77
2004-12-13,-17.1,-14.2,85,0.00,124,0.04,0.0,17.1,9.9,82
2004-12-14,-15.2,-12.9,80,0.10,74,0.14,1.0,24.8,19.8,76
2004-12-15,-20.8,-17.2,78,2.90,356,0.07,7.0,20.0,13.4,73
2004-12-16,-24.8,-22.8,75,0.10,79,0.04,1.0,13.9,7.6,73
2004-12-17,-23.8,-21.5,71,0.00,43,0.09,0.0,16.1,13.6,67
2004-12-18,-31.5,-28.0,71,0.00,109,0.05,0.0,21.1,14.5,69
2004-12-19,-24.5,-23.5,70,3.70,84,0.13,9.0,24.6,21.5,63
2004-12-20,-28.9,-23.8,67,0.00,55,0.08,0.0,19.5,12.2,59
2004-12-21,-37.4,-33.8,73,0.00,354,0.02,0.0,10.2,9.2,71
2004-12-22,-39.6,-37.7,70,0.00,348,0.02,0.0,11.6,8.7,66
2004-12-23,-26.4,-19.9,72,4.40,130,0.13,12.0,33.6,26.7,67
2004-12-24,-18.7,-18.0,77,0.00,103,0.13,0.0,22.7,18.3,73
2004-12-25,-21.8,-19.2,75,0.30,10,0.08,3.0,19.3,11.8,72
2004-12-26,-24.3,-19.3,74,0.00,254,0.10,0.0,22.4,17.0,68
2004-12-27,-20.3,-18.9,75,0.00,252,0.09,0.0,19.8,13.1,67
2004-12-28,-22.3,-20.4,82,0.00,331,0.02,0.0,14.7,9.5,80
2004-12-29,-26.7,-23.2,76,0.00,329,0.06,0.0,16.6,14.6,74
2004-12-30,-31.8,-28.8,75,0.00,306,0.04,0.0,15.1,12.5,74
2004-12-31,-32.7,-31.3,76,0.00,306,0.02,0.0,12.0,9.0,73
2005-01-01,-29.3,-22.3,75,0.10,194,0.07,1.0,18.8,14.7,70
2005-01-02,-23.3,-20.2,77,0.00,342,0.05,0.0,13.8,11.0,73
2005-01-03,-31.2,-29.2,74,0.00,68,0.02,0.0,10.4,6.9,71
2005-01-04,-25.7,-18.8,73,0.00,152,0.11,0.0,23.1,18.7,68
2005-01-05,-15.4,-8.9,82,7.30,28,0.07,11.0,21.0,8.4,76
2005-01-06,-11.3,-8.5,79,0.70,332,0.22,3.0,27.7,21.5,73
2005-01-07,-17.4,-14.7,77,0.00,318,0.14,0.0,23.8,17.1,73
2005-01-08,-23.2,-20.6,78,0.00,329,0.06,0.0,14.8,12.2,76
2005-01-09,-27.4,-22.6,79,0.70,195,0.05,3.0,17.8,12.2,76
2005-01-10,-25.0,-22.0,77,0.50,322,0.06,2.0,21.1,14.3,75
2005-01-11,-31.3,-28.7,79,0.00,282,0.03,0.0,15.1,13.7,77
2005-01-12,-29.8,-25.5,76,0.00,276,0.05,0.0,15.9,14.6,72
2005-01-13,-29.3,-25.1,72,0.00,313,0.06,0.0,18.2,15.2,68
2005-01-14,-30.1,-28.6,72,0.00,303,0.06,0.0,18.0,15.5,69
2005-01-15,-33.5,-28.8,74,0.00,311,0.03,0.0,11.5,9.8,73
2005-01-16,-35.7,-31.6,73,0.00,121,0.03,0.0,17.1,10.7,71
2005-01-17,-27.9,-24.3,70,0.00,71,0.08,0.0,17.3,13.9,68
2005-01-18,-24.0,-23.2,72,0.50,69,0.10,5.0,17.6,15.1,68
2005-01-19,-26.8,-24.2,74,1.30,94,0.08,9.0,15.9,14.2,73
2005-01-20,-23.9,-23.2,76,2.40,70,0.06,10.0,15.5,11.4,74
2005-01-21,-28.6,-26.0,76,0.00,140,0.05,0.0,22.7,13.0,72
2005-01-22,-23.4,-21.4,72,0.00,145,0.11,0.0,21.4,15.2,69
2005-01-23,-22.3,-21.2,75,0.00,71,0.10,0.0,17.3,13.9,71
2005-01-24,-23.4,-22.3,73,0.20,81,0.13,2.0,25.1,20.6,70
2005-01-25,-21.6,-19.4,73,0.10,89,0.13,1.0,20.4,14.3,68
2005-01-26,-20.1,-17.9,82,0.10,120,0.06,1.0,14.8,8.6,79
2005-01-27,-20.9,-17.6,75,2.30,342,0.12,10.0,25.3,17.6,67
2005-01-28,-29.9,-26.7,72,0.00,293,0.07,0.0,16.6,12.8,70
2005-01-29,-30.3,-26.0,73,1.10,119,0.06,6.0,13.0,10.3,70
2005-01-30,-29.2,-26.2,74,0.00,348,0.04,0.0,9.1,6.6,71
2005-01-31,-25.0,-21.6,76,3.80,92,0.09,9.0,23.2,14.4,75
2005-02-01,-25.8,-23.8,76,0.20,309,0.05,2.0,14.0,7.2,72
2005-02-02,-26.3,-24.7,71,1.70,337,0.11,7.0,22.3,16.6,66
2005-02-03,-33.9,-30.0,70,0.00,333,0.04,0.0,13.0,8.6,67
2005-02-04,-36.7,-34.9,70,0.00,277,0.03,0.0,10.0,8.0,67
2005-02-05,-37.0,-34.2,73,0.00,250,0.03,0.0,11.5,9.1,67
2005-02-06,-34.2,-31.2,73,0.00,188,0.04,0.0,14.5,9.4,69
2005-02-07,-27.1,-23.7,75,0.00,161,0.10,0.0,21.0,14.5,69
2005-02-08,-28.8,-25.9,75,0.00,86,0.06,0.0,14.4,9.0,69
2005-02-09,-22.4,-16.8,74,1.20,105,0.16,6.0,26.0,19.9,71
2005-02-10,-19.8,-17.3,80,0.00,51,0.09,0.0,16.9,10.1,76
2005-02-11,-19.2,-18.3,77,0.40,76,0.17,4.0,20.8,17.7,76
2005-02-12,-17.9,-17.1,78,0.10,72,0.17,1.0,27.5,19.6,77
2005-02-13,-18.7,-18.0,76,7.50,63,0.17,19.0,23.6,15.6,69
2005-02-14,-23.5,-20.1,73,0.00,339,0.11,0.0,10.5,8.5,67
2005-02-15,-26.5,-23.8,76,0.00,312,0.08,0.0,9.8,6.7,69
2005-02-16,-30.0,-27.3,71,0.00,77,0.09,0.0,14.8,11.0,64
2005-02-17,-25.8,-21.5,71,0.10,106,0.09,1.0,10.1,4.6,68
2005-02-18,-21.8,-19.4,75,0.00,102,0.15,0.0,15.8,12.4,72
2005-02-19,-20.0,-17.4,80,0.00,122,0.11,0.0,8.0,4.4,75
2005-02-20,-20.4,-17.8,78,0.10,59,0.13,1.0,7.5,5.1,71
2005-02-21,-22.9,-20.5,78,0.00,183,0.10,0.0,10.8,4.7,73
2005-02-22,-22.8,-19.6,78,0.00,125,0.15,0.0,13.3,10.4,74
2005-02-23,-20.2,-14.6,79,0.10,110,0.16,1.0,19.3,13.2,76
2005-02-24,-13.0,-11.9,81,2.90,80,0.22,9.0,19.4,11.2,75
2005-02-25,-12.9,-9.0,85,0.70,100,0.18,3.0,11.3,8.2,78
2005-02-26,-11.4,-9.0,86,1.40,353,0.21,6.0,10.4,8.7,80
2005-02-27,-12.7,-9.1,85,0.00,113,0.23,0.0,22.7,14.1,80
2005-02-28,-9.7,-8.5,84,0.00,107,0.37,0.0,22.6,17.2,80
2005-03-01,-11.4,-8.5,85,0.00,82,0.28,0.0,11.7,10.2,81
2005-03-02,-11.3,-8.4,84,0.10,50,0.32,1.0,10.8,8.9,77
2005-03-03,-12.1,-9.0,80,0.00,339,0.30,0.0,20.5,14.5,70
2005-03-04,-18.3,-14.4,75,0.70,76,0.22,5.0,18.9,15.2,71
2005-03-05,-18.7,-16.8,76,1.50,82,0.25,7.0,18.4,17.0,74
2005-03-06,-18.9,-17.5,75,0.00,77,0.25,0.0,16.1,12.5,68
2005-03-07,-16.8,-12.0,77,0.00,117,0.29,0.0,13.4,10.0,70
2005-03-08,-10.6,-7.5,84,0.10,131,0.44,1.0,15.3,7.6,79
2005-03-09,-9.0,-7.8,86,2.10,3,0.33,7.0,27.4,12.9,72
2005-03-10,-20.6,-12.3,70,0.00,38,0.28,0.0,25.1,14.3,63
2005-03-11,-22.0,-20.6,68,2.60,97,0.28,10.0,27.7,23.4,65
2005-03-12,-22.9,-19.0,70,0.00,90,0.27,0.0,17.2,8.9,63
2005-03-13,-19.4,-11.2,72,0.00,230,0.34,0.0,13.0,4.7,64
2005-03-14,-18.2,-10.9,76,0.00,14,0.36,0.0,17.5,11.5,65
2005-03-15,-22.1,-18.3,72,0.00,68,0.33,0.0,12.1,8.3,61
2005-03-16,-21.7,-17.5,73,0.00,142,0.29,0.0,13.0,8.4,62
2005-03-17,-15.4,-11.2,76,0.00,114,0.42,0.0,14.3,12.8,72
2005-03-18,-14.2,-11.5,79,0.00,358,0.43,0.0,15.5,13.5,72
2005-03-19,-15.6,-12.5,79,0.00,5,0.39,0.0,14.5,6.1,73
2005-03-20,-15.7,-12.9,76,0.00,79,0.40,0.0,16.2,11.1,68
2005-03-21,-16.1,-12.6,77,0.00,72,0.48,0.0,19.7,17.7,72
2005-03-22,-16.2,-13.0,77,0.00,32,0.47,0.0,16.7,13.3,70
2005-03-23,-17.0,-10.5,76,0.00,302,0.50,0.0,13.2,10.6,63
2005-03-24,-13.9,-9.1,76,0.00,229,0.61,0.0,9.7,7.6,67
2005-03-25,-12.9,-7.9,76,0.00,351,0.61,0.0,8.7,6.5,58
2005-03-26,-15.1,-8.1,76,0.00,50,0.52,0.0,17.1,11.8,65
2005-03-27,-14.9,-9.0,75,0.00,96,0.57,0.0,22.0,20.4,71
2005-03-28,-7.1,-2.4,86,0.00,125,0.61,0.0,19.9,18.3,75
2005-03-29,-3.1,0.5,88,1.20,130,0.80,4.0,18.9,16.7,80
2005-03-30,-3.8,0.4,90,0.00,2,0.70,0.0,17.3,10.1,82
2005-03-31,-6.8,-3.8,79,0.00,334,0.98,0.0,17.2,9.9,68
2005-04-01,-2.7,0.5,81,0.50,104,0.93,3.0,25.1,17.7,75
2005-04-02,-5.6,0.0,83,1.20,40,0.53,5.0,18.4,15.3,76
2005-04-03,-9.9,-7.8,79,1.10,3,0.76,7.0,8.7,6.4,69
2005-04-04,-8.7,-2.2,77,0.00,97,0.89,0.0,26.3,21.1,68
2005-04-05,-3.9,-1.4,82,0.60,72,0.97,4.0,19.7,10.5,70
2005-04-06,-5.1,-1.4,85,0.00,340,1.08,0.0,10.0,6.2,75
2005-04-07,-3.2,1.8,84,0.00,81,1.10,0.0,24.0,14.5,70
2005-04-08,0.8,2.4,84,1.40,89,0.81,5.0,28.9,26.0,81
2005-04-09,1.7,2.6,89,2.80,123,0.76,6.0,21.8,15.7,83
2005-04-10,-0.4,2.0,87,0.00,274,1.01,0.0,15.2,10.8,72
2005-04-11,-2.0,0.0,82,0.00,104,1.07,0.0,20.3,15.0,73
2005-04-12,-3.0,-0.2,81,0.00,103,1.06,0.0,28.9,23.5,71
2005-04-13,-0.6,0.4,81,2.10,119,0.94,8.0,27.2,23.0,72
2005-04-14,-0.1,2.2,90,1.10,176,1.28,6.0,14.5,8.3,78
2005-04-15,-1.6,1.5,87,0.00,38,0.75,0.0,15.5,10.7,75
2005-04-16,-6.4,-3.1,75,0.00,21,1.14,0.0,15.5,12.0,63
2005-04-17,-7.9,-4.6,79,0.00,46,1.00,0.0,19.2,17.6,69
2005-04-18,-8.1,-4.4,81,0.00,90,0.98,0.0,16.6,11.7,76
2005-04-19,-4.2,3.5,82,0.00,117,1.33,0.0,22.6,14.4,73
2005-04-20,1.3,3.7,82,0.00,345,1.73,0.0,12.7,8.6,70
2005-04-21,0.7,5.8,85,0.00,129,1.66,0.0,19.2,14.0,69
2005-04-22,4.3,6.8,80,1.30,134,1.77,4.0,24.7,18.3,70
2005-04-23,2.7,5.4,85,0.00,325,1.63,0.0,23.0,11.5,74
2005-04-24,2.0,7.3,83,0.00,196,2.16,0.0,11.6,6.7,61
2005-04-25,2.7,6.1,79,0.00,86,1.34,0.0,18.4,14.4,68
2005-04-26,-0.3,3.2,73,0.00,27,1.31,0.0,18.4,15.0,66
2005-04-27,-2.3,0.8,62,0.00,45,1.83,0.0,14.8,12.9,48
2005-04-28,-4.4,0.4,54,0.00,47,1.98,0.0,17.1,14.3,38
2005-04-29,-4.4,-0.1,54,0.00,33,2.00,0.0,18.0,15.0,41
2005-04-30,-5.2,-0.9,56,0.00,68,1.92,0.0,17.9,14.5,37
2005-05-01,-4.8,0.1,55,0.00,131,2.02,0.0,10.5,7.8,40
2005-05-02,-1.8,5.5,53,0.00,199,2.42,0.0,10.3,8.2,43
2005-05-03,0.8,5.2,74,0.00,48,2.16,0.0,13.7,8.5,54
2005-05-04,0.3,4.8,74,0.00,140,2.04,0.0,14.8,9.8,59
2005-05-05,2.3,7.3,69,0.00,99,2.40,0.0,13.8,10.7,48
2005-05-06,1.2,7.2,66,0.00,113,2.37,0.0,14.4,10.3,48
2005-05-07,3.2,7.1,67,0.10,98,2.52,1.0,14.8,11.9,52
2005-05-08,2.2,7.1,73,0.00,114,1.95,0.0,22.7,11.0,53
2005-05-09,-4.0,4.3,49,0.00,21,1.97,0.0,23.1,16.7,35
2005-05-10,-5.0,-0.8,49,0.00,122,1.90,0.0,18.5,13.5,35
2005-05-11,0.8,6.7,52,0.00,141,2.59,0.0,22.4,15.4,35
2005-05-12,1.9,6.5,67,0.30,349,2.25,2.0,16.9,13.8,35
2005-05-13,0.4,5.1,62,0.00,125,2.44,0.0,19.8,14.9,37
2005-05-14,3.9,8.4,59,0.30,113,2.52,1.0,20.5,19.4,45
2005-05-15,4.7,9.5,71,2.00,85,2.55,9.0,25.2,23.3,53
2005-05-16,1.5,7.3,67,0.00,76,2.41,0.0,27.3,25.0,53
2005-05-17,-2.0,4.2,61,0.00,77,2.45,0.0,25.7,22.4,43
2005-05-18,0.3,7.3,65,0.00,82,2.56,0.0,25.6,23.8,48
2005-05-19,2.7,7.3,80,3.30,88,1.15,9.0,24.6,22.5,54
2005-05-20,3.0,6.1,95,0.00,86,1.10,0.0,16.2,7.7,83
2005-05-21,2.6,6.1,80,0.00,44,1.68,0.0,12.2,10.6,63
2005-05-22,1.0,4.7,66,0.00,46,2.30,0.0,15.4,14.0,56
2005-05-23,0.1,3.8,67,0.00,60,1.70,0.0,19.2,17.1,59
2005-05-24,1.7,6.8,70,0.00,50,2.03,0.0,15.5,12.1,60
2005-05-25,3.8,10.2,68,0.00,33,2.99,0.0,13.3,10.4,43
2005-05-26,4.8,10.3,71,0.00,103,3.08,0.0,10.2,8.2,43
2005-05-27,4.5,10.7,70,0.00,118,3.07,0.0,20.0,16.6,44
2005-05-28,7.3,13.4,70,0.00,125,3.35,0.0,23.8,21.8,46
2005-05-29,11.4,18.7,67,0.00,147,4.11,0.0,23.4,18.2,49
2005-05-30,14.7,21.7,63,0.00,119,4.35,0.0,16.5,10.2,48
2005-05-31,9.3,21.2,66,0.00,56,3.67,0.0,22.9,19.7,52
2005-06-01,6.8,14.0,67,0.00,80,3.59,0.0,17.4,13.8,47
2005-06-02,10.2,17.2,63,0.00,107,4.27,0.0,17.8,15.8,32
2005-06-03,12.5,18.3,53,0.00,112,4.77,0.0,19.1,16.1,33
2005-06-04,15.1,19.6,66,1.60,47,3.87,8.0,13.1,9.1,40
2005-06-05,13.0,19.4,68,0.30,51,3.63,2.0,15.8,14.3,54
2005-06-06,8.8,15.2,65,0.00,71,3.31,0.0,18.0,13.8,51
2005-06-07,11.8,19.4,64,0.00,124,4.23,0.0,20.5,15.2,48
2005-06-08,14.7,19.4,64,1.50,236,3.75,3.0,20.9,11.2,47
2005-06-09,11.7,16.7,73,0.00,5,2.82,0.0,19.1,13.1,56
2005-06-10,9.2,12.6,62,0.00,100,3.50,0.0,12.6,7.9,38
2005-06-11,9.5,13.5,51,0.00,117,4.28,0.0,11.3,9.2,37
2005-06-12,10.8,15.5,48,0.00,167,4.48,0.0,12.1,6.4,30
2005-06-13,12.8,18.4,41,0.00,153,5.07,0.0,13.6,9.8,26
2005-06-14,14.7,18.5,54,1.90,82,3.43,6.0,22.3,14.6,26
2005-06-15,12.0,16.9,86,4.60,140,2.05,13.0,19.5,15.1,57
2005-06-16,10.2,13.7,81,0.00,321,2.06,0.0,25.1,15.6,68
2005-06-17,7.6,12.1,67,0.00,348,3.03,0.0,22.7,12.5,44
2005-06-18,7.2,12.0,76,4.60,125,1.76,11.0,20.7,14.8,45
2005-06-19,8.1,10.0,74,0.80,344,2.45,4.0,25.8,13.4,58
2005-06-20,8.4,11.5,66,0.00,274,3.47,0.0,22.7,13.7,47
2005-06-21,12.1,17.4,51,0.10,121,4.88,1.0,21.1,15.9,30
2005-06-22,10.9,16.4,45,0.00,66,4.49,0.0,20.8,13.5,30
2005-06-23,11.2,15.4,45,0.00,121,4.49,0.0,14.0,8.0,29
2005-06-24,10.4,15.0,62,2.30,321,2.84,6.0,21.1,14.4,37
2005-06-25,9.7,14.3,51,0.00,314,3.77,0.0,21.2,11.7,34
2005-06-26,12.2,15.4,51,0.00,308,3.65,0.0,12.7,7.3,33
2005-06-27,13.0,17.8,49,0.00,190,4.33,0.0,17.7,10.3,34
2005-06-28,14.8,18.8,48,0.00,247,4.98,0.0,16.3,9.4,31
2005-06-29,14.4,19.5,51,0.00,137,4.94,0.0,13.5,11.4,33
2005-06-30,16.1,21.9,46,0.00,193,4.93,0.0,13.2,9.6,33
2005-07-01,19.5,23.6,44,0.00,262,6.01,0.0,15.5,13.3,29
2005-07-02,15.7,23.0,45,0.00,97,5.28,0.0,14.9,12.0,28
2005-07-03,15.9,22.3,46,0.00,118,5.62,0.0,22.2,17.5,33
2005-07-04,17.2,22.1,68,0.30,175,4.32,1.0,21.7,16.0,46
2005-07-05,16.8,20.8,61,0.40,304,4.09,1.0,13.1,10.3,40
2005-07-06,15.2,19.5,53,0.10,67,4.21,1.0,13.4,11.3,36
2005-07-07,15.0,19.7,70,7.50,66,2.64,11.0,26.3,19.8,36
2005-07-08,13.0,14.8,80,0.70,350,1.81,4.0,18.8,16.3,64
2005-07-09,13.0,15.4,77,1.10,20,1.69,5.0,15.3,7.0,62
2005-07-10,15.0,18.8,69,0.10,136,3.06,1.0,14.3,7.3,55
2005-07-11,17.2,21.0,71,0.00,182,4.13,0.0,16.2,12.8,56
2005-07-12,18.8,23.5,64,0.00,164,4.95,0.0,15.2,12.0,44
2005-07-13,20.4,25.1,54,0.00,140,5.75,0.0,17.4,14.1,31
2005-07-14,20.3,24.8,57,1.00,96,4.67,1.0,13.1,7.2,31
2005-07-15,18.8,22.6,74,7.00,22,4.09,7.0,10.5,7.2,51
2005-07-16,16.3,18.9,74,2.60,100,2.76,10.0,14.8,9.3,60
2005-07-17,16.0,19.2,61,0.00,113,3.23,0.0,8.2,5.8,41
2005-07-18,16.1,20.4,54,0.00,87,4.63,0.0,19.1,12.6,28
2005-07-19,16.8,20.4,48,0.00,359,4.56,0.0,24.5,13.0,28
2005-07-20,11.3,18.0,51,0.00,324,3.49,0.0,29.0,22.6,36
2005-07-21,9.7,12.1,55,0.20,313,2.94,1.0,27.5,19.8,44
2005-07-22,11.8,14.7,52,0.00,278,3.45,0.0,19.0,14.7,41
2005-07-23,11.5,14.6,60,0.00,310,2.71,0.0,19.3,10.0,42
2005-07-24,13.1,15.0,56,0.00,331,2.94,0.0,14.8,9.1,40
2005-07-25,11.0,14.2,67,2.50,338,2.92,12.0,19.9,13.6,38
2005-07-26,12.0,15.1,60,0.00,329,3.27,0.0,18.7,9.9,41
2005-07-27,12.9,16.1,67,0.50,171,2.74,4.0,15.8,8.6,48
2005-07-28,14.5,18.2,65,0.00,133,3.83,0.0,13.3,10.1,47
2005-07-29,16.0,19.7,64,1.10,120,3.94,2.0,17.8,12.4,42
2005-07-30,15.9,19.1,78,5.60,134,2.76,14.0,15.7,10.9,54
2005-07-31,15.7,19.2,83,1.70,259,2.82,3.0,14.9,6.5,61
2005-08-01,16.8,19.6,72,0.00,151,3.09,0.0,12.5,7.4,49
2005-08-02,15.6,19.0,70,2.70,35,2.37,8.0,24.6,17.6,52
2005-08-03,15.2,20.7,64,0.10,350,4.05,1.0,25.1,15.8,38
2005-08-04,17.7,20.7,63,0.00,168,4.10,0.0,17.2,13.9,38
2005-08-05,18.2,22.1,71,0.10,71,3.42,1.0,13.6,8.1,49
2005-08-06,16.5,21.0,75,2.20,39,2.64,9.0,12.0,6.8,53
2005-08-07,15.2,17.8,77,6.10,308,2.85,8.0,30.2,13.1,47
2005-08-08,10.6,15.4,71,0.20,330,2.26,1.0,30.8,27.4,51
2005-08-09,11.3,14.3,65,0.00,343,2.46,0.0,23.5,11.9,49
2005-08-10,12.9,15.3,76,2.90,291,1.78,6.0,27.7,15.2,58
2005-08-11,12.2,15.0,69,0.10,350,2.96,1.0,30.3,24.6,53
2005-08-12,13.6,18.5,64,0.00,292,2.68,0.0,16.9,8.8,46
2005-08-13,13.0,19.1,67,1.20,326,2.28,3.0,30.0,21.3,44
2005-08-14,8.4,10.2,62,0.10,350,2.40,1.0,29.7,26.4,52
2005-08-15,8.9,11.5,72,0.40,21,1.88,4.0,18.1,11.1,59
2005-08-16,10.8,13.9,71,0.10,128,2.35,1.0,15.5,9.0,46
2005-08-17,12.0,15.2,66,0.00,156,2.82,0.0,16.9,9.7,46
2005-08-18,13.2,15.7,67,0.00,162,3.12,0.0,23.3,16.5,48
2005-08-19,13.6,15.9,64,0.00,148,3.11,0.0,25.0,20.9,49
2005-08-20,13.8,16.5,75,0.10,149,2.43,1.0,30.8,24.0,52
2005-08-21,15.4,20.1,81,6.00,189,2.75,4.0,24.8,15.5,45
2005-08-22,14.6,20.0,69,0.00,283,3.21,0.0,19.0,14.7,47
2005-08-23,13.7,17.9,66,0.00,289,2.57,0.0,15.9,11.2,47
2005-08-24,15.4,18.5,69,0.00,176,3.06,0.0,26.6,16.7,48
2005-08-25,16.5,20.1,68,0.00,166,3.71,0.0,28.3,23.0,56
2005-08-26,17.7,22.8,72,0.00,139,3.37,0.0,22.5,15.0,49
2005-08-27,16.2,22.5,68,0.00,273,2.74,0.0,23.3,18.5,53
2005-08-28,9.7,13.4,71,8.40,354,1.42,5.0,21.1,14.8,54
2005-08-29,7.2,8.6,87,13.30,359,0.87,11.0,26.1,21.8,65
2005-08-30,7.1,8.7,71,0.00,6,1.45,0.0,14.7,9.7,58
2005-08-31,8.3,11.3,67,0.10,101,1.83,1.0,15.7,10.8,49
2005-09-01,9.0,11.3,84,11.60,106,1.13,22.0,19.6,17.2,51
2005-09-02,11.0,14.0,85,0.40,147,1.51,4.0,13.0,8.4,73
2005-09-03,12.4,15.7,79,0.80,104,1.71,1.0,14.8,11.6,65
2005-09-04,11.3,14.4,85,3.40,10,1.46,8.0,14.0,10.0,58
2005-09-05,12.3,15.5,72,0.00,137,2.14,0.0,11.7,7.5,55
2005-09-06,12.8,15.6,73,0.00,149,2.40,0.0,25.5,15.7,57
2005-09-07,13.9,15.7,74,0.00,163,2.33,0.0,21.2,18.3,64
2005-09-08,13.2,16.6,86,1.30,172,1.83,3.0,12.3,7.2,65
2005-09-09,11.8,16.0,84,0.00,359,0.98,0.0,23.4,14.6,65
2005-09-10,8.9,11.6,70,0.00,353,1.80,0.0,23.1,12.5,57
2005-09-11,10.4,11.3,79,5.40,143,1.08,9.0,18.9,16.0,60
2005-09-12,6.8,9.4,85,9.10,26,1.00,10.0,25.4,21.7,61
2005-09-13,3.5,6.4,66,0.00,80,1.61,0.0,14.5,9.1,43
2005-09-14,3.7,6.1,61,0.00,81,1.09,0.0,11.5,6.7,44
2005-09-15,6.0,8.3,68,0.40,265,1.54,4.0,17.1,10.7,46
2005-09-16,6.3,8.1,80,4.60,138,0.72,16.0,26.4,15.9,47
2005-09-17,6.8,8.6,86,0.10,45,1.07,1.0,21.4,11.5,58
2005-09-18,5.2,8.0,73,0.00,68,1.10,0.0,14.9,10.7,56
2005-09-19,3.8,6.5,87,10.70,76,0.58,17.0,26.3,22.4,59
2005-09-20,2.8,5.0,81,0.60,39,0.81,4.0,20.4,14.2,66
2005-09-21,3.9,6.3,80,0.80,127,0.62,6.0,10.7,8.8,67
2005-09-22,4.7,7.3,88,2.30,240,0.59,5.0,11.3,7.7,70
2005-09-23,1.1,3.9,81,2.50,356,0.94,5.0,20.2,14.7,50
2005-09-24,0.1,2.8,71,0.30,80,0.76,3.0,16.0,10.8,52
2005-09-25,5.1,7.1,90,10.20,109,0.50,14.0,24.4,18.1,70
2005-09-26,3.0,4.6,89,0.80,336,0.46,3.0,22.5,18.0,74
2005-09-27,0.4,3.0,70,0.00,340,0.97,0.0,17.6,12.9,49
2005-09-28,0.5,1.9,73,4.70,120,0.73,5.0,35.3,21.4,50
2005-09-29,1.8,2.2,95,7.90,63,0.37,12.0,27.4,13.9,84
2005-09-30,-2.5,0.3,74,0.00,37,0.71,0.0,18.5,15.5,67
2005-10-01,-2.2,0.1,70,0.00,96,0.82,0.0,20.7,16.1,60
2005-10-02,0.2,2.0,72,0.00,93,0.87,0.0,16.6,14.0,61
2005-10-03,-0.8,2.3,73,0.00,11,0.66,0.0,13.6,7.9,59
2005-10-04,-0.5,1.7,74,0.00,358,0.64,0.0,11.0,7.2,56
2005-10-05,1.4,5.2,76,0.00,136,0.94,0.0,23.9,18.6,63
2005-10-06,4.6,6.6,85,0.00,154,0.79,0.0,23.0,19.2,77
2005-10-07,3.4,6.3,91,0.00,105,0.53,0.0,13.0,8.5,83
2005-10-08,2.9,5.7,94,0.30,308,0.31,2.0,17.9,11.0,86
2005-10-09,1.7,2.8,83,0.00,280,0.49,0.0,15.6,12.1,67
2005-10-10,4.2,7.5,88,5.90,141,0.59,6.0,27.2,18.2,71
2005-10-11,2.6,6.3,90,0.00,277,0.43,0.0,18.8,10.7,73
2005-10-12,2.8,6.5,85,0.30,129,0.45,2.0,25.4,17.3,76
2005-10-13,2.6,6.2,91,0.00,246,0.43,0.0,20.2,9.7,81
2005-10-14,0.5,1.9,89,0.00,44,0.29,0.0,10.7,7.6,83
2005-10-15,1.2,2.5,87,0.10,101,0.35,1.0,24.5,15.3,81
2005-10-16,-0.4,1.7,87,13.70,24,0.40,23.0,27.6,23.1,80
2005-10-17,-7.4,-4.1,79,0.00,339,0.43,0.0,24.3,20.2,75
2005-10-18,-4.8,0.9,82,0.00,140,0.35,0.0,21.1,10.7,77
2005-10-19,1.2,2.5,89,0.00,143,0.40,0.0,22.4,19.9,81
2005-10-20,0.8,2.4,94,2.20,333,0.24,8.0,24.4,14.6,88
2005-10-21,-2.3,-0.0,88,0.00,351,0.29,0.0,19.9,10.8,82
2005-10-22,-0.9,2.1,86,0.00,130,0.39,0.0,30.8,22.0,78
2005-10-23,2.7,4.1,84,0.40,162,0.65,2.0,30.1,20.9,77
2005-10-24,2.2,4.4,93,0.00,160,0.29,0.0,15.5,12.6,89
2005-10-25,4.2,7.0,87,0.00,152,0.51,0.0,24.1,17.9,76
2005-10-26,4.7,6.8,85,0.00,132,0.56,0.0,20.5,18.6,78
2005-10-27,1.8,5.0,80,0.00,225,0.66,0.0,32.8,24.5,65
2005-10-28,-1.7,0.6,66,0.00,274,0.87,0.0,28.6,22.4,58
2005-10-29,-2.8,0.3,77,0.00,86,0.39,0.0,19.7,11.8,68
2005-10-30,0.1,1.2,87,0.90,106,0.30,5.0,21.1,13.3,77
2005-10-31,-1.4,0.1,92,0.00,328,0.17,0.0,10.2,8.3,82
2005-11-01,-2.9,-2.1,83,0.00,63,0.22,0.0,13.1,7.4,75
2005-11-02,-2.5,-0.2,77,0.00,115,0.46,0.0,18.6,16.4,73
2005-11-03,0.0,0.7,90,0.00,133,0.16,0.0,13.0,10.1,87
2005-11-04,-1.5,0.0,94,0.00,62,0.13,0.0,10.7,6.6,90
2005-11-05,-0.7,0.5,91,0.00,90,0.17,0.0,16.3,13.9,86
2005-11-06,-0.6,-0.0,93,2.20,100,0.13,13.0,16.6,12.1,91
2005-11-07,-5.5,-1.8,91,0.00,257,0.10,0.0,10.1,7.0,85
2005-11-08,-4.0,-1.0,90,1.70,119,0.11,11.0,11.7,8.6,87
2005-11-09,-3.3,-1.4,90,0.10,104,0.17,1.0,22.3,12.7,84
2005-11-10,-1.1,-0.5,92,2.20,82,0.13,10.0,22.0,14.1,87
2005-11-11,-4.5,-1.0,87,1.30,331,0.21,9.0,30.6,21.9,77
2005-11-12,-13.8,-9.1,77,0.00,331,0.25,0.0,29.9,23.1,75
2005-11-13,-14.3,-12.1,82,0.40,338,0.07,4.0,14.0,5.7,79
2005-11-14,-16.5,-13.4,78,0.00,299,0.17,0.0,25.1,20.5,74
2005-11-15,-17.1,-15.3,80,0.00,293,0.09,0.0,23.5,10.8,76
2005-11-16,-9.9,-7.7,81,0.10,147,0.21,1.0,23.3,15.5,74
2005-11-17,-13.7,-8.3,83,0.10,43,0.10,1.0,23.0,13.2,82
2005-11-18,-9.6,-6.0,84,4.30,59,0.11,10.0,24.5,14.1,79
2005-11-19,-5.7,-0.5,86,0.30,201,0.16,2.0,23.8,15.5,81
2005-11-20,-15.4,-8.1,78,0.60,346,0.11,5.0,17.0,12.8,71
2005-11-21,-21.5,-14.2,75,0.00,84,0.10,0.0,17.0,11.0,68
2005-11-22,-11.3,-9.8,83,6.00,87,0.18,11.0,23.8,21.1,77
2005-11-23,-14.6,-9.9,76,3.20,110,0.27,7.0,42.6,28.0,75
2005-11-24,-7.5,-6.3,83,0.20,132,0.24,1.0,43.1,23.8,78
2005-11-25,-6.9,-5.7,89,0.00,117,0.12,0.0,23.8,21.1,87
2005-11-26,-7.4,-5.5,89,0.00,101,0.07,0.0,19.3,13.3,87
2005-11-27,-8.8,-7.4,87,0.00,321,0.09,0.0,19.5,11.6,84
2005-11-28,-12.1,-10.0,84,0.00,325,0.09,0.0,19.1,14.8,82
2005-11-29,-17.8,-14.9,84,0.00,63,0.03,0.0,9.3,7.8,81
2005-11-30,-16.3,-15.0,85,0.00,353,0.02,0.0,7.9,5.8,83
2005-12-01,-16.1,-14.4,86,0.00,180,0.02,0.0,8.1,5.0,85
2005-12-02,-18.3,-16.1,83,0.00,331,0.02,0.0,7.7,5.8,82
2005-12-03,-14.4,-13.5,83,0.00,112,0.07,0.0,15.0,11.8,80
2005-12-04,-16.5,-14.7,80,0.00,112,0.10,0.0,17.4,14.8,76
2005-12-05,-18.2,-17.2,80,0.00,113,0.06,0.0,17.4,10.8,78
2005-12-06,-20.0,-18.0,82,0.00,183,0.02,0.0,16.1,6.2,78
2005-12-07,-17.3,-16.1,81,0.00,127,0.08,0.0,18.7,13.5,76
2005-12-08,-21.4,-16.1,75,4.80,106,0.14,6.0,34.4,22.9,72
2005-12-09,-12.6,-9.4,86,0.80,120,0.05,3.0,28.3,11.0,82
2005-12-10,-10.7,-7.9,90,0.00,184,0.01,0.0,12.0,9.1,87
2005-12-11,-9.6,-8.8,90,0.00,357,0.02,0.0,9.4,6.3,88
2005-12-12,-9.2,-8.6,92,0.00,116,0.02,0.0,12.6,10.8,91
2005-12-13,-10.8,-10.3,89,0.00,34,0.01,0.0,8.9,4.9,88
2005-12-14,-14.5,-10.2,84,1.30,352,0.04,7.0,14.5,10.0,78
2005-12-15,-24.0,-21.8,77,0.00,99,0.06,0.0,21.7,12.6,74
2005-12-16,-20.1,-16.3,75,0.00,137,0.17,0.0,29.6,26.8,74
2005-12-17,-11.9,-8.4,76,0.00,163,0.25,0.0,27.1,22.6,73
2005-12-18,-9.6,-6.9,87,0.00,264,0.05,0.0,17.9,12.8,83
2005-12-19,-11.1,-6.4,84,0.00,6,0.07,0.0,20.3,13.2,81
2005-12-20,-11.0,-7.7,88,0.00,68,0.02,0.0,11.5,9.2,84
2005-12-21,-13.4,-12.2,84,3.60,85,0.08,11.0,15.8,14.1,80
2005-12-22,-14.7,-13.5,81,1.90,80,0.12,11.0,18.4,15.4,79
2005-12-23,-14.0,-13.5,82,0.00,56,0.03,0.0,11.8,7.6,80
2005-12-24,-14.6,-11.3,83,0.00,109,0.05,0.0,16.4,11.0,82
2005-12-25,-8.3,-6.8,90,0.00,95,0.05,0.0,17.9,14.8,86
2005-12-26,-6.9,-6.5,90,3.40,12,0.02,19.0,10.4,6.9,89
2005-12-27,-8.2,-7.5,91,0.50,165,0.02,4.0,8.4,4.0,90
2005-12-28,-9.4,-8.4,88,0.00,85,0.03,0.0,12.9,10.8,87
2005-12-29,-9.7,-8.8,87,0.00,89,0.03,0.0,12.4,9.4,85
2005-12-30,-6.6,-4.6,91,0.00,128,0.06,0.0,23.5,18.9,90
2005-12-31,-4.9,-4.4,91,0.00,135,0.07,0.0,19.7,18.7,89
2006-01-01,-3.9,-3.7,92,0.00,141,0.04,0.0,18.9,15.2,90
2006-01-02,-4.0,-3.5,94,0.00,129,0.03,0.0,12.5,11.1,93
2006-01-03,-3.8,-3.5,96,0.00,115,0.03,0.0,8.2,7.5,94
2006-01-04,-5.0,-4.1,93,0.00,77,0.03,0.0,9.5,5.5,92
2006-01-05,-12.5,-5.5,87,0.00,282,0.02,0.0,14.1,9.1,84
2006-01-06,-18.1,-16.7,82,0.00,352,0.02,0.0,8.3,6.1,80
2006-01-07,-22.4,-18.8,80,0.00,338,0.02,0.0,11.4,7.9,78
2006-01-08,-24.9,-22.4,81,0.00,135,0.03,0.0,12.7,8.7,78
2006-01-09,-22.7,-20.2,79,0.00,83,0.05,0.0,14.9,10.0,78
2006-01-10,-19.0,-17.2,81,0.00,92,0.07,0.0,12.8,11.3,79
2006-01-11,-15.7,-15.1,84,0.00,52,0.05,0.0,12.4,8.3,81
2006-01-12,-20.5,-16.1,77,0.00,324,0.07,0.0,13.3,10.4,75
2006-01-13,-27.0,-24.1,77,0.00,50,0.02,0.0,9.0,6.7,75
2006-01-14,-24.5,-19.4,78,0.10,108,0.07,1.0,16.2,13.6,76
2006-01-15,-22.0,-18.8,80,1.40,311,0.03,6.0,10.7,7.1,77
2006-01-16,-26.7,-25.0,76,0.00,351,0.02,0.0,7.0,4.8,74
2006-01-17,-28.7,-24.9,79,0.00,85,0.03,0.0,13.8,10.1,76
2006-01-18,-23.5,-22.4,77,0.00,10,0.06,0.0,13.0,11.5,76
2006-01-19,-27.2,-24.8,76,0.00,306,0.04,0.0,12.0,9.0,76
2006-01-20,-28.7,-26.0,77,0.00,101,0.03,0.0,8.7,7.6,76
2006-01-21,-28.1,-21.8,79,0.00,139,0.05,0.0,17.1,13.2,77
2006-01-22,-21.6,-18.2,82,0.00,101,0.05,0.0,14.5,9.5,80
2006-01-23,-17.1,-16.1,81,0.60,335,0.11,5.0,25.6,17.1,74
2006-01-24,-23.7,-19.8,75,0.00,321,0.08,0.0,23.4,11.0,73
2006-01-25,-23.9,-20.4,75,1.00,59,0.08,5.0,14.8,10.5,73
2006-01-26,-21.7,-20.0,77,2.00,332,0.09,10.0,22.5,15.4,71
2006-01-27,-30.2,-25.8,74,0.00,344,0.04,0.0,18.8,9.5,73
2006-01-28,-28.6,-27.1,72,0.60,81,0.07,5.0,16.0,11.8,69
2006-01-29,-29.6,-25.3,72,0.70,78,0.06,4.0,13.3,10.6,71
2006-01-30,-28.2,-25.2,74,0.50,287,0.05,4.0,12.7,9.1,70
2006-01-31,-31.5,-25.1,71,0.00,108,0.06,0.0,23.2,12.2,68
2006-02-01,-19.1,-15.4,75,0.00,116,0.18,0.0,23.5,19.5,69
2006-02-02,-13.9,-12.5,87,0.00,132,0.12,0.0,18.7,17.0,85
2006-02-03,-14.8,-13.4,87,0.00,146,0.07,0.0,14.8,10.1,85
2006-02-04,-15.0,-13.1,82,0.00,19,0.12,0.0,15.2,11.5,79
2006-02-05,-14.0,-13.2,80,0.00,54,0.17,0.0,16.8,13.5,77
2006-02-06,-15.6,-13.2,82,0.00,99,0.11,0.0,13.1,9.7,80
2006-02-07,-12.5,-9.0,84,0.00,143,0.20,0.0,30.3,23.8,78
2006-02-08,-5.8,-4.2,84,1.50,174,0.32,4.0,28.7,20.9,77
2006-02-09,-7.7,-6.5,79,0.80,312,0.39,4.0,32.7,26.8,75
2006-02-10,-9.8,-4.8,77,0.00,217,0.37,0.0,28.5,18.3,68
2006-02-11,-12.6,-5.5,78,0.00,64,0.24,0.0,22.6,16.5,73
2006-02-12,-15.2,-14.3,72,0.00,97,0.31,0.0,25.3,23.7,65
2006-02-13,-16.5,-15.4,66,1.20,93,0.36,7.0,28.3,25.7,60
2006-02-14,-23.6,-20.0,69,0.00,360,0.16,0.0,21.1,12.8,61
2006-02-15,-26.7,-23.0,70,0.00,17,0.11,0.0,15.5,11.4,65
2006-02-16,-29.2,-24.7,72,0.00,174,0.10,0.0,12.8,9.8,65
2006-02-17,-22.7,-17.5,73,0.00,143,0.11,0.0,8.9,5.2,67
2006-02-18,-13.2,-8.5,87,0.20,318,0.17,2.0,15.8,11.7,76
2006-02-19,-12.4,-9.6,84,0.00,347,0.17,0.0,10.1,7.0,73
2006-02-20,-13.4,-7.8,84,0.80,208,0.19,4.0,17.0,10.4,81
2006-02-21,-10.0,-8.0,84,0.00,305,0.27,0.0,18.3,13.8,78
2006-02-22,-14.0,-11.5,81,0.00,312,0.21,0.0,15.6,12.8,74
2006-02-23,-18.1,-13.3,80,0.00,322,0.17,0.0,16.2,11.1,72
2006-02-24,-22.6,-18.1,76,0.00,295,0.15,0.0,13.3,10.1,70
2006-02-25,-27.7,-23.4,76,0.00,315,0.12,0.0,10.1,7.0,71
2006-02-26,-28.1,-22.9,75,0.00,115,0.13,0.0,14.8,11.5,70
2006-02-27,-24.8,-20.2,74,0.00,102,0.18,0.0,20.3,16.6,69
2006-02-28,-17.9,-14.0,73,2.40,92,0.31,7.0,26.3,20.8,66
2006-03-01,-20.0,-14.6,76,0.00,262,0.23,0.0,15.3,9.2,66
2006-03-02,-20.9,-15.5,74,0.00,125,0.23,0.0,20.7,13.9,68
2006-03-03,-14.7,-13.0,74,0.00,139,0.38,0.0,22.5,20.7,68
2006-03-04,-14.4,-11.7,79,0.00,125,0.34,0.0,18.9,16.8,75
2006-03-05,-10.5,-7.8,84,0.40,128,0.36,2.0,20.5,17.8,78
2006-03-06,-9.2,-7.1,84,0.00,137,0.42,0.0,18.1,15.8,80
2006-03-07,-9.5,-6.5,86,0.00,125,0.41,0.0,13.4,11.9,81
2006-03-08,-7.7,-3.6,88,0.00,112,0.40,0.0,18.3,15.2,84
2006-03-09,-5.1,-3.7,88,0.20,87,0.39,2.0,18.5,16.8,81
2006-03-10,-6.4,-4.0,84,0.00,70,0.44,0.0,18.3,14.6,78
2006-03-11,-10.1,-7.8,81,0.00,21,0.37,0.0,11.7,7.3,68
2006-03-12,-12.2,-9.6,80,0.00,324,0.38,0.0,7.5,4.9,69
2006-03-13,-14.9,-11.9,80,0.20,355,0.25,2.0,20.9,13.2,70
2006-03-14,-18.8,-15.4,76,0.00,326,0.32,0.0,20.9,13.9,71
2006-03-15,-14.4,-11.7,80,4.10,121,0.29,20.0,22.7,16.6,74
2006-03-16,-20.2,-15.2,69,1.40,310,0.25,9.0,16.3,11.0,65
2006-03-17,-16.6,-8.8,77,0.00,69,0.45,0.0,21.0,13.2,68
2006-03-18,-9.8,-8.8,75,0.00,111,0.58,0.0,24.1,19.2,70
2006-03-19,-10.9,-8.9,83,0.70,156,0.43,5.0,15.9,9.1,74
2006-03-20,-7.7,-2.9,85,0.00,147,0.59,0.0,23.6,20.6,79
2006-03-21,-2.8,-0.6,83,0.00,157,0.81,0.0,25.9,21.8,78
2006-03-22,-2.6,-0.6,83,0.00,136,0.86,0.0,17.9,16.4,73
2006-03-23,-2.7,-0.3,85,0.00,120,0.86,0.0,13.4,10.8,76
2006-03-24,-3.5,0.9,85,0.00,97,0.90,0.0,13.8,11.8,73
2006-03-25,-2.2,0.2,86,2.80,98,0.55,6.0,18.8,16.6,80
2006-03-26,-1.3,0.5,89,1.30,76,0.67,6.0,12.2,7.3,83
2006-03-27,-4.7,-0.3,86,0.00,298,0.47,0.0,19.1,16.1,81
2006-03-28,-7.6,-5.2,81,2.20,321,0.59,14.0,22.3,20.2,69
2006-03-29,-10.6,-7.9,79,0.00,306,0.62,0.0,18.8,12.2,69
2006-03-30,-10.2,-4.5,76,0.00,94,0.77,0.0,16.6,10.5,68
2006-03-31,-10.2,-4.8,80,0.40,282,0.62,2.0,15.3,11.2,63
2006-04-01,-13.2,-8.3,74,0.00,323,0.84,0.0,10.3,6.5,62
2006-04-02,-10.8,-4.3,74,0.00,147,0.89,0.0,16.6,13.6,63
2006-04-03,-4.5,0.7,81,0.00,172,1.12,0.0,14.6,10.5,65
2006-04-04,-7.8,-0.2,82,0.00,353,0.85,0.0,18.4,11.5,72
2006-04-05,-10.6,-6.6,76,0.00,97,0.73,0.0,25.1,21.7,65
2006-04-06,-6.6,-0.4,69,0.00,120,1.18,0.0,28.5,25.0,67
2006-04-07,-0.1,1.4,86,5.80,134,1.00,9.0,20.1,13.4,72
2006-04-08,-3.2,0.4,84,0.00,349,0.83,0.0,14.5,10.2,78
2006-04-09,-1.4,2.0,88,0.50,81,0.81,3.0,19.7,15.6,81
2006-04-10,-0.3,2.0,92,8.10,324,0.49,13.0,23.7,12.5,84
2006-04-11,-9.4,-3.4,77,0.20,14,0.92,1.0,24.1,14.1,67
2006-04-12,-10.0,-3.7,79,0.00,105,0.93,0.0,17.6,13.8,70
2006-04-13,-3.1,0.1,84,0.50,88,1.08,3.0,20.4,11.3,73
2006-04-14,-3.6,0.2,87,1.10,68,0.72,3.0,25.4,13.3,79
2006-04-15,-5.0,-3.0,85,4.60,72,0.62,10.0,27.2,22.0,82
2006-04-16,-5.8,-2.7,81,6.20,228,1.20,6.0,14.4,8.7,57
2006-04-17,-4.8,0.2,82,0.30,92,1.25,2.0,14.8,9.6,66
2006-04-18,-1.5,3.5,78,0.00,159,1.66,0.0,15.9,12.4,64
2006-04-19,3.0,6.3,72,0.00,160,1.86,0.0,17.8,14.8,63
2006-04-20,2.2,6.3,78,0.20,257,1.58,1.0,21.5,17.3,63
2006-04-21,-3.0,0.2,81,0.00,43,1.05,0.0,16.6,11.6,74
2006-04-22,-3.6,-0.2,78,0.00,34,1.62,0.0,16.5,9.5,62
2006-04-23,-2.1,4.7,79,0.00,140,1.65,0.0,22.4,15.9,64
2006-04-24,2.5,8.1,76,0.00,75,2.31,0.0,9.4,6.5,53
2006-04-25,3.5,8.7,71,0.00,104,2.30,0.0,25.5,17.2,51
2006-04-26,5.3,7.8,70,0.00,100,2.31,0.0,28.9,20.1,58
2006-04-27,2.4,6.0,81,0.00,307,1.95,0.0,19.0,8.8,62
2006-04-28,3.6,8.8,77,0.00,156,2.13,0.0,23.7,19.7,65
2006-04-29,5.3,8.8,75,1.50,234,2.19,3.0,27.3,19.8,38
2006-04-30,1.7,7.0,72,0.00,18,2.37,0.0,14.0,10.5,49
2006-05-01,2.5,9.1,71,0.00,80,2.59,0.0,13.0,8.4,43
2006-05-02,3.3,9.0,63,0.00,78,2.69,0.0,14.2,10.2,42
2006-05-03,3.0,8.4,69,0.00,138,2.19,0.0,21.4,15.6,48
2006-05-04,5.5,9.3,71,0.80,140,2.61,3.0,16.3,9.6,57
2006-05-05,4.8,8.9,74,0.80,129,1.70,3.0,25.7,18.1,60
2006-05-06,6.5,12.0,78,0.00,141,2.65,0.0,17.5,12.2,55
2006-05-07,8.7,12.6,70,0.00,133,2.84,0.0,12.0,10.0,53
2006-05-08,8.0,13.1,81,0.00,131,2.67,0.0,13.4,9.4,52
2006-05-09,7.9,13.0,83,0.20,114,1.62,1.0,11.5,9.2,64
2006-05-10,7.9,12.3,75,0.00,145,2.66,0.0,13.8,10.2,57
2006-05-11,9.0,14.5,69,0.00,119,3.38,0.0,12.2,10.7,45
2006-05-12,10.0,14.9,55,0.00,86,4.01,0.0,17.2,14.4,37
2006-05-13,9.2,14.4,56,0.00,72,4.03,0.0,22.7,20.7,37
2006-05-14,9.1,13.5,58,0.00,91,3.61,0.0,25.6,23.6,39
2006-05-15,8.0,11.8,79,0.60,126,2.72,2.0,21.8,14.8,58
2006-05-16,8.2,12.5,78,0.00,257,2.68,0.0,10.2,6.7,59
2006-05-17,8.8,13.4,75,0.00,107,2.50,0.0,16.1,9.6,53
2006-05-18,6.6,12.5,79,4.40,81,1.67,17.0,21.5,17.6,57
2006-05-19,5.1,9.1,64,0.00,100,2.96,0.0,18.8,15.0,46
2006-05-20,6.1,11.7,55,0.00,125,3.49,0.0,24.5,20.3,36
2006-05-21,6.8,11.5,63,6.00,124,2.00,10.0,25.2,22.1,37
2006-05-22,5.0,6.7,96,3.00,121,0.78,10.0,22.6,17.5,89
2006-05-23,6.7,8.6,91,0.10,343,1.07,1.0,13.6,9.1,74
2006-05-24,6.6,9.0,77,0.00,92,1.69,0.0,13.4,9.3,63
2006-05-25,6.3,9.3,76,0.80,67,1.80,7.0,9.2,6.5,61
2006-05-26,7.6,10.0,72,0.10,305,2.71,1.0,18.7,9.7,47
2006-05-27,6.7,10.3,72,2.10,293,1.91,6.0,18.7,12.9,42
2006-05-28,5.9,8.5,80,4.50,10,1.48,14.0,17.7,13.4,62
2006-05-29,6.8,9.3,75,0.10,4,2.27,1.0,18.1,16.6,59
2006-05-30,6.3,9.7,63,0.00,354,2.88,0.0,15.6,8.0,45
2006-05-31,7.7,13.3,57,0.00,182,3.70,0.0,18.4,13.4,40
2006-06-01,12.1,17.5,55,0.00,145,4.65,0.0,15.5,11.7,40
2006-06-02,14.7,20.9,63,0.00,118,4.18,0.0,13.6,9.3,48
2006-06-03,15.5,19.7,70,0.00,73,3.65,0.0,23.3,18.1,55
2006-06-04,11.5,16.3,85,14.40,66,1.67,16.0,26.9,22.2,62
2006-06-05,7.4,11.7,85,1.60,332,0.98,11.0,24.9,18.4,72
2006-06-06,5.3,9.1,67,1.10,325,2.53,5.0,21.9,14.9,42
2006-06-07,7.3,12.3,59,0.00,170,3.78,0.0,19.8,15.1,38
2006-06-08,11.4,17.4,54,0.00,135,4.46,0.0,17.4,16.1,38
2006-06-09,12.2,17.5,79,5.30,129,2.09,16.0,14.5,11.1,40
2006-06-10,12.2,16.1,78,0.00,122,2.90,0.0,12.0,9.7,52
2006-06-11,13.2,16.3,67,0.00,159,3.92,0.0,16.8,9.2,50
2006-06-12,13.5,17.4,62,0.00,169,4.59,0.0,23.5,18.9,47
2006-06-13,15.1,20.6,62,0.00,167,5.01,0.0,19.8,18.0,48
2006-06-14,17.9,23.2,62,0.00,148,5.33,0.0,16.6,13.2,47
2006-06-15,20.6,25.7,64,0.10,83,4.96,1.0,12.6,5.5,44
2006-06-16,19.0,23.6,60,0.00,86,5.61,0.0,23.3,19.4,48
2006-06-17,20.4,24.2,52,0.00,69,6.19,0.0,18.3,15.6,28
2006-06-18,19.0,23.9,47,0.20,134,4.70,1.0,9.8,7.1,28
2006-06-19,20.7,25.2,52,0.00,300,5.15,0.0,10.6,6.2,35
2006-06-20,19.2,25.3,44,0.00,58,5.50,0.0,17.4,10.3,34
2006-06-21,13.5,19.4,46,0.00,133,4.76,0.0,12.3,10.4,33
2006-06-22,14.4,19.7,44,0.00,146,5.27,0.0,13.9,11.0,29
2006-06-23,17.3,22.1,48,0.00,174,5.39,0.0,18.2,11.0,30
2006-06-24,18.3,22.0,47,0.00,241,5.72,0.0,20.0,15.9,30
2006-06-25,16.8,20.7,57,0.20,300,4.76,2.0,20.0,17.0,33
2006-06-26,18.7,23.6,53,0.00,182,5.23,0.0,20.2,13.8,34
2006-06-27,21.3,26.6,48,0.00,135,6.44,0.0,26.1,17.7,33
2006-06-28,19.7,26.7,72,3.60,189,3.75,5.0,20.6,8.9,42
2006-06-29,17.1,22.3,59,1.70,202,3.98,4.0,19.7,13.1,44
2006-06-30,13.5,15.9,80,14.10,303,2.01,18.0,34.5,22.5,55
2006-07-01,13.7,17.7,72,0.60,334,2.80,4.0,27.6,20.6,55
2006-07-02,17.1,21.2,62,0.00,290,4.12,0.0,14.3,8.7,45
2006-07-03,17.9,22.6,64,0.00,177,4.30,0.0,17.7,12.9,54
2006-07-04,18.1,22.9,79,7.70,26,2.72,5.0,15.3,9.2,58
2006-07-05,15.6,18.5,71,0.40,351,3.21,3.0,12.4,7.0,48
2006-07-06,15.6,18.5,70,0.60,213,3.37,1.0,17.4,12.5,47
2006-07-07,13.0,17.3,58,0.00,52,4.45,0.0,17.3,14.9,38
2006-07-08,13.8,17.7,53,0.00,101,4.17,0.0,13.0,10.4,38
2006-07-09,14.3,17.7,63,2.00,72,2.76,7.0,12.2,9.9,41
2006-07-10,14.2,17.3,59,0.00,88,3.46,0.0,11.8,10.1,37
2006-07-11,14.7,17.3,48,0.00,79,4.15,0.0,17.1,13.5,36
2006-07-12,13.1,16.9,70,10.90,48,1.85,11.0,18.3,13.5,37
2006-07-13,11.9,16.8,79,5.30,353,2.29,12.0,19.3,16.1,47
2006-07-14,16.4,19.8,59,0.00,286,3.74,0.0,10.0,5.4,43
2006-07-15,17.6,21.4,61,0.70,219,3.71,3.0,15.6,9.3,43
2006-07-16,18.8,23.8,67,0.30,290,4.37,1.0,12.8,8.3,39
2006-07-17,19.6,23.8,59,0.00,319,4.79,0.0,15.3,12.0,36
2006-07-18,18.1,21.9,56,0.00,323,4.30,0.0,18.6,12.8,39
2006-07-19,17.9,20.6,61,0.00,281,3.81,0.0,15.5,7.4,43
2006-07-20,18.2,21.8,74,0.20,183,3.93,1.0,15.3,9.4,58
2006-07-21,21.0,26.2,66,0.00,178,4.86,0.0,15.4,11.5,38
2006-07-22,22.4,25.9,53,0.70,269,5.33,1.0,17.0,12.5,37
2006-07-23,21.7,25.5,58,0.00,239,4.92,0.0,14.8,9.3,38
2006-07-24,16.4,22.7,69,3.60,342,2.52,6.0,18.6,12.2,56
2006-07-25,12.5,15.2,77,3.60,17,2.25,6.0,17.1,13.6,44
2006-07-26,13.7,16.7,59,0.10,130,3.50,1.0,19.3,12.7,38
2006-07-27,15.0,18.7,53,0.00,111,4.27,0.0,16.0,11.5,35
2006-07-28,16.7,19.8,55,0.00,338,4.26,0.0,15.2,9.5,34
2006-07-29,16.0,19.7,60,0.00,31,3.74,0.0,15.3,8.1,34
2006-07-30,16.7,19.1,67,1.10,156,2.85,5.0,8.4,4.5,48
2006-07-31,14.7,18.7,62,0.20,58,2.93,1.0,23.7,17.2,43
2006-08-01,13.5,17.8,58,0.00,77,3.78,0.0,22.9,17.0,37
2006-08-02,15.8,20.2,62,0.00,81,3.56,0.0,9.3,7.3,38
2006-08-03,17.5,21.8,57,0.00,81,3.51,0.0,9.2,7.0,34
2006-08-04,18.5,22.2,53,0.00,122,3.70,0.0,8.2,6.1,34
2006-08-05,18.7,22.5,59,0.00,150,4.08,0.0,13.0,7.7,37
2006-08-06,18.8,21.9,62,0.50,151,4.13,1.0,14.6,10.0,37
2006-08-07,18.1,21.8,68,3.90,125,3.38,4.0,13.5,9.5,42
2006-08-08,17.1,21.2,74,0.60,157,3.34,1.0,14.9,8.0,45
2006-08-09,17.9,21.4,70,6.90,147,3.24,6.0,24.0,19.2,43
2006-08-10,14.8,20.4,78,0.80,249,1.74,5.0,28.6,19.1,70
2006-08-11,13.5,17.9,63,0.00,271,3.38,0.0,18.1,9.2,33
2006-08-12,15.9,19.7,54,0.00,170,3.79,0.0,8.0,5.7,32
2006-08-13,16.7,20.7,61,0.00,126,3.68,0.0,15.4,11.2,36
2006-08-14,17.9,21.3,71,0.30,152,3.36,1.0,12.0,7.5,46
2006-08-15,16.4,20.9,75,2.60,62,2.33,6.0,17.1,8.7,46
2006-08-16,14.4,17.4,63,0.00,37,2.74,0.0,19.4,13.0,42
2006-08-17,14.9,17.4,68,4.70,175,2.54,4.0,23.3,14.3,42
2006-08-18,15.3,18.1,85,3.30,131,1.74,6.0,14.5,9.0,71
2006-08-19,14.9,17.8,81,4.80,38,2.44,12.0,17.1,12.5,52
2006-08-20,13.4,16.7,67,0.00,98,3.12,0.0,16.1,13.8,48
2006-08-21,15.3,19.3,68,0.10,123,3.16,1.0,22.9,19.3,49
2006-08-22,16.9,21.0,68,0.00,115,3.55,0.0,22.1,20.4,52
2006-08-23,16.2,20.9,85,3.20,156,1.92,3.0,20.4,14.3,54
2006-08-24,16.9,20.5,81,0.50,195,2.21,2.0,10.5,6.8,62
2006-08-25,13.7,17.3,80,5.40,320,2.35,7.0,22.8,16.8,49
2006-08-26,13.3,16.7,75,5.70,71,1.81,13.0,16.9,13.2,51
2006-08-27,12.9,15.7,70,0.00,333,2.20,0.0,17.3,7.5,52
2006-08-28,12.2,14.7,87,10.50,89,0.75,20.0,25.3,17.1,59
2006-08-29,11.7,13.1,89,0.90,61,0.92,4.0,24.6,18.7,79
2006-08-30,10.2,11.9,83,0.00,6,0.96,0.0,16.4,13.0,79
2006-08-31,8.9,10.9,80,0.00,324,1.07,0.0,18.4,17.0,70
2006-09-01,10.6,15.0,77,0.00,124,1.87,0.0,19.9,10.8,61
2006-09-02,13.3,18.1,82,0.60,110,1.86,3.0,18.3,13.1,67
2006-09-03,14.2,18.3,81,0.00,66,2.04,0.0,9.9,6.8,57
2006-09-04,14.9,18.8,73,0.00,61,2.39,0.0,11.2,8.8,51
2006-09-05,15.2,19.5,74,0.00,121,2.69,0.0,17.6,15.2,53
2006-09-06,15.6,19.4,85,7.80,94,1.34,5.0,15.2,11.0,64
2006-09-07,11.8,14.9,73,0.00,124,1.58,0.0,17.1,16.4,67
2006-09-08,13.3,17.3,76,0.00,137,2.31,0.0,23.4,19.4,60
2006-09-09,16.1,19.3,71,0.00,153,3.01,0.0,26.7,22.1,63
2006-09-10,14.9,19.0,71,0.00,215,2.01,0.0,15.7,10.3,59
2006-09-11,13.9,16.8,79,0.10,246,1.52,1.0,17.9,12.5,60
2006-09-12,11.2,13.9,74,0.10,310,1.73,1.0,20.9,17.0,64
2006-09-13,6.5,9.6,62,0.10,1,1.71,1.0,17.5,14.5,49
2006-09-14,4.1,7.1,67,0.00,21,1.34,0.0,18.1,13.3,50
2006-09-15,4.8,7.9,61,0.00,84,1.58,0.0,11.5,9.3,49
2006-09-16,6.2,10.6,70,0.00,106,1.69,0.0,15.7,12.1,49
2006-09-17,7.4,10.4,73,0.00,129,1.34,0.0,17.8,14.5,50
2006-09-18,8.5,11.8,70,0.00,153,1.73,0.0,15.6,12.5,56
2006-09-19,10.1,13.5,75,0.00,122,1.74,0.0,14.0,11.9,54
2006-09-20,10.5,14.2,75,0.00,117,1.68,0.0,14.4,13.0,48
2006-09-21,10.6,13.5,77,2.00,91,1.24,6.0,14.5,12.8,53
2006-09-22,10.2,12.8,84,0.00,134,1.12,0.0,18.2,9.3,64
2006-09-23,11.8,14.7,73,0.00,195,2.05,0.0,26.1,18.9,49
2006-09-24,9.8,14.3,71,0.30,283,1.50,1.0,30.8,19.8,54
2006-09-25,8.2,9.8,76,0.00,317,1.24,0.0,23.3,14.7,61
2006-09-26,7.1,9.4,80,0.00,335,1.00,0.0,17.2,11.5,60
2006-09-27,6.7,8.4,80,1.00,129,0.70,4.0,26.5,12.3,63
2006-09-28,7.8,8.6,86,2.60,101,0.77,4.0,27.0,16.3,80
2006-09-29,7.4,8.5,87,2.40,114,0.56,8.0,11.9,9.2,80
2006-09-30,7.1,8.7,89,0.70,121,0.67,4.0,12.2,5.8,78
2006-10-01,6.0,8.3,84,0.60,337,0.61,5.0,18.1,11.1,75
2006-10-02,3.6,5.8,79,0.00,316,0.84,0.0,16.4,13.8,52
2006-10-03,4.9,8.2,75,0.00,146,0.93,0.0,20.9,12.6,54
2006-10-04,5.7,8.9,85,0.00,174,0.75,0.0,22.4,13.2,66
2006-10-05,8.3,9.6,66,0.00,259,1.75,0.0,29.4,23.8,61
2006-10-06,3.4,6.2,73,0.00,26,0.77,0.0,23.8,12.8,63
2006-10-07,3.4,5.4,84,3.30,108,0.59,12.0,13.3,9.8,68
2006-10-08,2.4,5.3,81,0.10,314,0.71,1.0,13.9,9.6,60
2006-10-09,1.9,4.9,76,0.00,338,0.75,0.0,26.3,18.0,50
2006-10-10,-3.7,-1.5,57,0.00,51,0.87,0.0,15.0,10.0,49
2006-10-11,-1.0,1.3,70,0.00,129,0.78,0.0,30.1,20.2,54
2006-10-12,1.9,3.6,66,0.00,149,1.18,0.0,30.8,22.9,59
2006-10-13,0.9,3.5,81,0.00,43,0.54,0.0,10.1,7.1,67
2006-10-14,-0.2,2.6,84,0.00,47,0.44,0.0,14.3,10.2,65
2006-10-15,-0.5,1.3,76,0.00,62,0.59,0.0,15.5,12.5,56
2006-10-16,-1.3,0.3,79,0.00,321,0.49,0.0,13.0,7.9,62
2006-10-17,-2.9,-1.0,73,0.00,58,0.44,0.0,8.7,7.0,57
2006-10-18,-1.6,-0.1,69,0.60,118,0.54,5.0,12.4,9.3,58
2006-10-19,-0.8,0.4,68,0.00,130,0.73,0.0,19.4,14.9,59
2006-10-20,-0.6,0.5,72,0.00,101,0.59,0.0,14.5,12.8,58
2006-10-21,-1.1,1.5,67,0.00,133,0.64,0.0,17.6,11.5,60
2006-10-22,0.1,2.6,78,0.00,147,0.75,0.0,33.4,26.8,70
2006-10-23,2.3,3.5,87,0.00,187,0.47,0.0,27.8,15.3,78
2006-10-24,1.8,3.4,91,0.00,99,0.26,0.0,16.9,13.7,87
2006-10-25,1.5,2.4,96,0.20,63,0.15,2.0,14.6,10.3,94
2006-10-26,0.4,1.2,94,2.20,216,0.15,9.0,15.9,9.2,89
2006-10-27,-1.2,-0.5,84,0.10,297,0.40,1.0,27.3,20.4,70
2006-10-28,-3.0,-1.6,71,0.00,325,0.68,0.0,25.2,24.3,59
2006-10-29,-5.8,-4.3,62,0.00,339,0.82,0.0,26.3,25.1,52
2006-10-30,-7.4,-4.9,63,0.00,341,0.65,0.0,22.6,20.5,54
2006-10-31,-7.3,-5.6,67,1.00,348,0.60,8.0,25.0,22.7,62
2006-11-01,-8.0,-5.7,74,0.00,4,0.41,0.0,21.7,17.7,63
2006-11-02,-10.8,-8.1,71,0.00,359,0.26,0.0,14.1,9.1,63
2006-11-03,-14.0,-9.0,76,0.00,34,0.18,0.0,11.1,8.4,66
2006-11-04,-9.0,-7.9,77,0.60,89,0.30,4.0,20.2,16.7,72
2006-11-05,-13.5,-9.5,76,0.00,40,0.23,0.0,17.6,16.6,71
2006-11-06,-14.8,-11.4,76,0.00,48,0.19,0.0,16.4,12.2,72
2006-11-07,-10.6,-8.8,78,0.20,87,0.24,2.0,16.6,15.1,73
2006-11-08,-12.2,-9.4,77,4.30,25,0.22,22.0,17.3,16.5,74
2006-11-09,-16.8,-14.1,77,0.00,333,0.12,0.0,16.2,10.1,75
2006-11-10,-20.3,-16.0,79,0.00,43,0.07,0.0,11.7,8.9,74
2006-11-11,-12.8,-9.6,82,0.00,84,0.15,0.0,15.6,14.5,81
2006-11-12,-9.9,-8.9,83,0.00,135,0.18,0.0,23.7,18.1,82
2006-11-13,-8.5,-7.9,83,3.20,135,0.19,20.0,19.5,15.2,82
2006-11-14,-9.3,-8.7,83,0.00,111,0.15,0.0,20.3,14.6,80
2006-11-15,-7.9,-6.6,82,3.20,106,0.31,11.0,32.1,28.5,80
2006-11-16,-6.0,-5.4,86,8.10,73,0.18,24.0,23.0,17.6,85
2006-11-17,-10.2,-6.2,88,0.90,258,0.08,6.0,18.2,14.9,86
2006-11-18,-13.3,-12.4,83,0.00,290,0.13,0.0,19.5,17.5,77
2006-11-19,-16.5,-10.3,81,0.70,84,0.14,4.0,35.0,18.2,78
2006-11-20,-9.5,-8.6,81,8.00,81,0.27,16.0,36.4,24.1,75
2006-11-21,-16.2,-12.5,76,0.00,356,0.18,0.0,21.8,18.3,72
2006-11-22,-24.3,-19.7,75,0.00,13,0.04,0.0,13.8,6.6,72
2006-11-23,-24.9,-22.1,77,0.00,77,0.03,0.0,9.5,6.3,73
2006-11-24,-23.0,-21.8,77,0.00,357,0.06,0.0,15.9,11.8,75
2006-11-25,-28.0,-26.6,77,0.00,317,0.05,0.0,13.8,11.1,75
2006-11-26,-28.7,-26.6,79,0.00,294,0.04,0.0,13.7,11.0,77
2006-11-27,-28.6,-26.9,78,0.00,266,0.03,0.0,13.7,10.7,77
2006-11-28,-25.3,-23.6,77,0.00,192,0.07,0.0,18.1,15.6,75
2006-11-29,-26.0,-24.5,78,0.00,175,0.03,0.0,11.8,7.5,76
2006-11-30,-28.7,-28.2,75,0.00,63,0.05,0.0,16.6,12.8,72
2006-12-01,-31.8,-29.9,74,0.00,69,0.02,0.0,10.5,8.1,73
2006-12-02,-29.0,-24.0,77,0.00,133,0.05,0.0,16.5,12.6,73
2006-12-03,-21.8,-18.8,78,0.20,288,0.05,2.0,12.7,9.3,75
2006-12-04,-17.1,-14.2,83,0.00,284,0.05,0.0,14.0,11.2,81
2006-12-05,-18.6,-13.7,80,0.00,338,0.06,0.0,15.9,12.3,73
2006-12-06,-25.8,-20.5,77,0.00,146,0.07,0.0,22.5,15.2,71
2006-12-07,-10.8,-0.6,80,0.00,195,0.25,0.0,26.2,20.0,70
2006-12-08,-6.0,-1.9,89,2.30,80,0.09,7.0,22.2,14.4,81
2006-12-09,-11.3,-6.2,83,0.00,77,0.08,0.0,18.9,12.6,81
2006-12-10,-8.1,-5.3,89,0.00,143,0.10,0.0,26.4,22.0,87
2006-12-11,-6.4,-5.1,92,0.00,153,0.04,0.0,21.7,16.0,88
2006-12-12,-7.0,-6.6,93,0.00,172,0.02,0.0,19.3,8.1,91
2006-12-13,-9.3,-6.9,92,0.00,174,0.02,0.0,10.9,8.3,91
2006-12-14,-9.3,-8.5,88,0.00,80,0.05,0.0,15.1,11.5,85
2006-12-15,-11.8,-9.3,84,0.00,81,0.09,0.0,16.6,14.4,80
2006-12-16,-16.0,-14.3,81,0.00,338,0.04,0.0,11.5,9.2,79
2006-12-17,-19.8,-17.7,81,0.00,259,0.01,0.0,9.3,6.5,80
2006-12-18,-19.6,-14.2,81,0.30,116,0.08,2.0,24.0,15.8,78
2006-12-19,-11.7,-9.1,85,0.10,198,0.11,1.0,28.3,19.1,80
2006-12-20,-13.0,-10.8,82,0.00,130,0.13,0.0,27.6,18.0,79
2006-12-21,-7.3,-5.1,85,0.00,161,0.11,0.0,20.6,15.6,75
2006-12-22,-5.7,-4.7,90,0.20,192,0.10,2.0,26.0,17.5,84
2006-12-23,-8.5,-5.4,82,0.20,304,0.19,2.0,26.6,19.7,81
2006-12-24,-17.1,-14.9,83,0.00,97,0.02,0.0,14.6,5.9,80
2006-12-25,-12.6,-9.0,81,0.60,123,0.18,3.0,23.2,20.0,75
2006-12-26,-10.3,-8.6,90,0.00,160,0.01,0.0,15.9,8.2,87
2006-12-27,-12.6,-12.1,87,0.00,325,0.03,0.0,10.8,7.5,84
2006-12-28,-17.0,-13.5,83,0.00,215,0.05,0.0,23.3,12.9,82
2006-12-29,-14.1,-11.5,80,0.00,161,0.11,0.0,25.8,15.1,75
2006-12-30,-7.4,-3.5,78,0.00,170,0.31,0.0,27.7,22.2,72
2006-12-31,-8.9,-3.6,85,0.00,272,0.11,0.0,19.8,12.0,74
2007-01-01,-10.4,-6.7,90,0.00,152,0.03,0.0,17.0,14.3,88
2007-01-02,-9.6,-6.5,91,0.00,135,0.02,0.0,15.8,7.2,90
2007-01-03,-11.4,-10.0,86,0.00,310,0.06,0.0,16.6,13.0,83
2007-01-04,-15.7,-13.2,83,0.00,236,0.03,0.0,13.0,8.6,81
2007-01-05,-14.9,-13.6,84,0.00,150,0.05,0.0,15.0,13.0,81
2007-01-06,-16.2,-13.7,81,2.10,322,0.09,9.0,24.0,17.0,76
2007-01-07,-24.6,-19.9,77,0.00,314,0.05,0.0,21.7,11.8,77
2007-01-08,-29.3,-28.1,74,0.00,32,0.03,0.0,11.4,8.1,71
2007-01-09,-29.9,-29.1,74,0.00,69,0.04,0.0,13.3,11.6,70
2007-01-10,-33.9,-31.6,73,0.00,18,0.02,0.0,12.5,7.9,71
2007-01-11,-32.8,-30.4,76,0.00,170,0.03,0.0,14.5,11.4,73
2007-01-12,-27.6,-24.7,70,0.00,300,0.07,0.0,19.4,13.2,60
2007-01-13,-34.5,-31.3,69,0.00,322,0.04,0.0,18.9,12.2,67
2007-01-14,-36.8,-34.2,73,0.00,118,0.03,0.0,13.0,10.9,68
2007-01-15,-26.1,-18.7,74,0.00,118,0.10,0.0,23.7,19.8,68
2007-01-16,-15.6,-14.2,84,4.00,44,0.08,11.0,21.7,13.2,80
2007-01-17,-20.0,-15.4,76,0.00,332,0.11,0.0,23.9,13.6,73
2007-01-18,-25.5,-21.4,80,0.00,105,0.03,0.0,13.4,8.8,77
2007-01-19,-26.7,-23.3,78,0.00,100,0.05,0.0,13.3,10.7,77
2007-01-20,-20.6,-18.1,79,0.00,87,0.07,0.0,14.7,10.9,77
2007-01-21,-19.4,-18.4,80,0.00,88,0.06,0.0,20.2,11.5,78
2007-01-22,-17.9,-15.4,80,0.00,115,0.15,0.0,24.2,22.3,79
2007-01-23,-16.2,-14.3,84,0.00,301,0.06,0.0,19.2,10.4,82
2007-01-24,-18.8,-13.0,81,0.00,124,0.11,0.0,26.3,14.9,73
2007-01-25,-9.3,-8.0,85,9.60,103,0.18,21.0,28.7,20.3,74
2007-01-26,-17.5,-10.1,76,0.80,21,0.15,4.0,24.3,15.0,73
2007-01-27,-18.6,-15.7,79,0.50,143,0.13,3.0,24.0,16.5,77
2007-01-28,-19.3,-16.1,77,0.00,335,0.12,0.0,19.9,14.1,73
2007-01-29,-19.8,-15.3,80,0.60,149,0.10,4.0,17.5,12.8,77
2007-01-30,-17.4,-15.0,82,0.20,329,0.09,1.0,17.7,11.2,78
2007-01-31,-18.1,-15.6,79,0.00,338,0.11,0.0,21.4,14.3,68
2007-02-01,-21.3,-20.8,69,0.00,317,0.20,0.0,26.5,21.5,67
2007-02-02,-27.0,-22.8,74,0.00,349,0.06,0.0,14.0,8.9,71
2007-02-03,-29.5,-25.6,75,0.00,346,0.06,0.0,10.2,8.3,69
2007-02-04,-29.8,-27.9,77,0.00,91,0.05,0.0,13.0,10.9,74
2007-02-05,-30.7,-28.4,76,0.00,85,0.06,0.0,11.9,9.4,68
2007-02-06,-31.1,-29.3,72,0.00,346,0.05,0.0,9.8,6.3,70
2007-02-07,-34.1,-31.6,73,0.00,18,0.04,0.0,9.2,7.4,69
2007-02-08,-34.5,-29.8,72,0.00,340,0.05,0.0,11.9,10.3,67
2007-02-09,-32.4,-28.0,72,0.00,314,0.06,0.0,11.3,10.4,68
2007-02-10,-30.4,-26.8,74,0.00,338,0.07,0.0,12.7,11.0,69
2007-02-11,-32.2,-28.8,72,0.00,52,0.07,0.0,13.6,10.1,65
2007-02-12,-30.2,-25.0,67,0.00,31,0.07,0.0,9.1,4.2,59
2007-02-13,-27.8,-23.9,74,0.00,139,0.10,0.0,18.9,12.6,70
2007-02-14,-19.2,-15.1,75,0.00,148,0.22,0.0,26.3,20.2,71
2007-02-15,-17.9,-15.3,81,0.00,325,0.14,0.0,16.7,13.5,73
2007-02-16,-25.6,-19.6,72,0.00,336,0.13,0.0,18.1,12.8,67
2007-02-17,-28.9,-27.2,73,0.00,1,0.08,0.0,10.2,6.5,69
2007-02-18,-25.0,-21.1,73,0.00,86,0.15,0.0,22.0,17.8,68
2007-02-19,-21.8,-20.0,75,0.20,106,0.16,2.0,16.1,15.0,71
2007-02-20,-20.7,-20.2,75,1.60,87,0.15,14.0,13.1,11.4,69
2007-02-21,-25.3,-20.6,73,0.00,323,0.13,0.0,15.8,13.6,65
2007-02-22,-30.3,-27.3,70,0.00,359,0.10,0.0,13.2,8.3,64
2007-02-23,-24.2,-17.8,71,0.00,108,0.21,0.0,20.9,18.3,68
2007-02-24,-17.8,-15.5,78,1.40,43,0.19,7.0,17.7,13.7,68
2007-02-25,-26.3,-21.2,69,0.00,6,0.16,0.0,15.1,11.9,61
2007-02-26,-20.7,-14.4,76,0.00,98,0.20,0.0,19.4,15.7,67
2007-02-27,-16.1,-14.5,82,0.60,333,0.16,4.0,11.6,8.7,77
2007-02-28,-17.6,-16.3,81,0.00,333,0.18,0.0,11.9,9.7,76
2007-03-01,-19.6,-16.8,77,0.00,312,0.18,0.0,18.3,14.1,65
2007-03-02,-25.2,-20.9,71,0.20,312,0.16,2.0,16.9,11.5,65
2007-03-03,-27.6,-26.1,66,1.00,8,0.15,6.0,17.1,14.5,59
2007-03-04,-30.6,-27.3,69,0.00,289,0.13,0.0,13.0,7.0,62
2007-03-05,-31.0,-25.6,71,0.00,111,0.12,0.0,8.1,5.9,60
2007-03-06,-27.9,-22.0,69,0.10,79,0.14,1.0,16.3,8.8,61
2007-03-07,-18.9,-13.9,75,2.70,101,0.25,10.0,21.4,17.6,66
2007-03-08,-17.9,-13.9,80,0.00,355,0.24,0.0,11.0,7.9,71
2007-03-09,-20.3,-16.6,72,0.90,44,0.25,7.0,20.4,16.1,65
2007-03-10,-25.3,-22.9,67,0.10,40,0.20,1.0,19.5,13.4,61
2007-03-11,-27.7,-24.2,69,0.00,77,0.17,0.0,15.4,10.5,63
2007-03-12,-23.3,-21.0,73,2.00,68,0.25,9.0,18.0,12.2,66
2007-03-13,-24.4,-21.1,68,0.00,340,0.26,0.0,15.8,11.4,57
2007-03-14,-25.5,-23.6,68,0.00,317,0.20,0.0,13.2,7.2,61
2007-03-15,-28.9,-24.0,69,0.00,331,0.19,0.0,11.1,8.3,62
2007-03-16,-28.7,-23.8,70,0.00,287,0.21,0.0,11.8,8.6,60
2007-03-17,-27.8,-22.5,69,0.00,39,0.20,0.0,13.5,8.5,64
2007-03-18,-24.7,-22.8,68,0.00,26,0.28,0.0,15.3,12.0,61
2007-03-19,-27.7,-23.4,70,0.00,102,0.23,0.0,11.2,8.3,61
2007-03-20,-23.9,-18.8,67,0.00,87,0.32,0.0,18.8,16.4,64
2007-03-21,-18.8,-13.5,77,0.50,121,0.36,3.0,19.6,12.2,68
2007-03-22,-10.6,-5.5,78,0.00,141,0.82,0.0,23.8,13.0,71
2007-03-23,-9.8,-4.6,84,0.00,112,0.60,0.0,16.3,10.9,78
2007-03-24,-4.1,-1.9,90,2.40,186,0.70,5.0,21.7,12.6,81
2007-03-25,-7.8,-2.1,79,0.00,317,0.59,0.0,15.4,13.2,71
2007-03-26,-9.0,-3.7,81,0.10,131,0.57,1.0,19.9,12.4,72
2007-03-27,-6.1,-3.6,84,0.00,342,0.55,0.0,17.9,13.6,77
2007-03-28,-11.2,-7.4,78,0.00,1,0.73,0.0,17.0,10.3,65
2007-03-29,-8.3,-3.6,76,1.70,103,0.68,7.0,23.3,17.2,68
2007-03-30,-8.8,-3.9,79,0.00,30,0.79,0.0,15.4,13.4,68
2007-03-31,-11.0,-7.2,72,0.00,46,0.70,0.0,23.6,19.4,65
2007-04-01,-14.7,-8.5,69,0.00,54,0.54,0.0,29.1,24.9,63
2007-04-02,-18.9,-16.0,67,0.00,71,0.53,0.0,24.7,18.1,61
2007-04-03,-18.5,-13.4,72,0.00,96,0.58,0.0,13.1,12.2,63
2007-04-04,-15.4,-10.2,72,0.00,109,0.70,0.0,14.8,13.3,62
2007-04-05,-13.2,-8.4,70,0.00,113,0.82,0.0,16.5,14.9,57
2007-04-06,-9.4,-3.9,69,0.00,138,0.99,0.0,25.6,21.9,61
2007-04-07,-3.7,-0.2,72,0.00,146,1.28,0.0,28.7,25.4,62
2007-04-08,0.1,3.2,80,0.00,141,1.32,0.0,22.8,20.6,73
2007-04-09,1.3,4.2,80,0.00,115,1.48,0.0,20.1,18.4,70
2007-04-10,1.0,3.8,75,0.00,135,1.62,0.0,25.9,23.5,69
2007-04-11,0.2,2.9,80,0.00,137,1.13,0.0,19.1,16.2,71
2007-04-12,-0.0,1.6,90,0.90,206,0.92,5.0,14.3,8.3,75
2007-04-13,-1.3,1.3,86,0.00,297,1.45,0.0,8.4,6.3,67
2007-04-14,-0.9,1.5,82,0.10,72,1.02,1.0,20.4,13.9,71
2007-04-15,-2.2,0.9,81,1.40,39,1.30,6.0,21.1,13.6,66
2007-04-16,-3.1,-0.3,81,0.20,104,1.00,1.0,24.6,18.9,71
2007-04-17,-3.1,-0.9,83,0.40,54,0.75,2.0,18.0,14.7,74
2007-04-18,-5.4,-2.5,72,0.30,57,1.31,3.0,16.6,12.0,62
2007-04-19,-4.5,1.7,76,0.00,120,1.46,0.0,17.1,13.9,62
2007-04-20,-0.8,3.9,80,0.00,126,1.73,0.0,15.1,11.9,65
2007-04-21,-0.8,3.5,80,0.00,55,1.66,0.0,10.7,7.4,56
2007-04-22,-2.7,1.8,68,0.00,77,1.64,0.0,15.8,12.9,53
2007-04-23,-4.0,1.5,68,0.00,103,1.41,0.0,21.6,17.9,57
2007-04-24,1.6,6.7,72,1.30,119,1.64,2.0,22.8,20.4,59
2007-04-25,3.6,8.9,81,0.00,91,1.85,0.0,17.4,9.4,62
2007-04-26,2.5,7.9,82,0.00,328,1.68,0.0,16.7,7.4,65
2007-04-27,1.2,5.1,80,0.00,87,1.80,0.0,15.2,12.0,65
2007-04-28,0.9,4.4,84,1.30,116,1.46,5.0,13.2,9.4,66
2007-04-29,1.5,6.0,82,0.20,235,1.95,1.0,15.7,10.9,58
2007-04-30,3.0,8.1,75,0.00,139,2.32,0.0,11.3,9.2,57
2007-05-01,3.6,9.4,75,0.00,29,2.44,0.0,12.8,8.5,48
2007-05-02,5.2,11.7,67,0.10,99,2.93,1.0,13.9,10.0,37
2007-05-03,6.6,13.3,65,0.00,83,3.13,0.0,17.1,15.3,40
2007-05-04,6.1,12.4,78,0.70,85,1.67,2.0,25.2,20.6,55
2007-05-05,7.2,14.3,86,3.90,97,1.92,6.0,23.9,20.6,55
2007-05-06,6.5,13.4,91,2.90,132,1.15,10.0,17.4,11.5,63
2007-05-07,3.6,5.4,88,0.60,284,0.99,2.0,24.3,17.3,61
2007-05-08,0.6,4.4,69,0.00,305,1.55,0.0,22.7,17.9,60
2007-05-09,0.1,2.5,70,0.00,2,1.59,0.0,18.6,10.6,53
2007-05-10,0.5,3.5,70,0.00,155,1.76,0.0,10.2,7.6,54
2007-05-11,2.8,8.9,68,0.00,106,2.66,0.0,14.3,8.6,48
2007-05-12,5.9,10.1,75,4.10,140,2.46,10.0,22.8,18.3,48
2007-05-13,3.8,8.1,75,0.00,297,1.87,0.0,29.4,25.4,57
2007-05-14,2.0,5.8,68,0.00,39,2.50,0.0,25.6,14.4,50
2007-05-15,3.6,6.4,71,1.50,16,2.18,4.0,18.6,12.8,49
2007-05-16,1.1,4.0,70,0.30,28,1.83,3.0,15.2,10.3,46
2007-05-17,-0.5,4.2,54,0.00,46,2.16,0.0,17.8,11.0,41
2007-05-18,-1.3,2.7,52,0.00,132,2.54,0.0,13.5,9.7,40
2007-05-19,2.2,8.5,54,0.00,137,3.11,0.0,15.3,12.0,34
2007-05-20,5.2,8.5,70,5.50,87,1.73,13.0,16.3,10.4,33
2007-05-21,4.7,8.0,87,4.00,8,1.64,16.0,14.3,9.4,63
2007-05-22,4.2,7.8,79,0.80,18,1.57,6.0,14.8,11.8,61
2007-05-23,4.0,7.0,72,0.00,128,2.24,0.0,11.2,9.1,59
2007-05-24,5.2,12.0,71,0.00,147,3.14,0.0,17.0,13.3,51
2007-05-25,8.9,14.8,63,0.00,154,3.82,0.0,17.9,15.8,46
2007-05-26,12.1,18.6,56,0.00,138,4.25,0.0,14.8,8.4,41
2007-05-27,11.2,18.2,67,0.40,50,2.82,2.0,19.5,12.2,44
2007-05-28,3.2,9.0,59,0.00,81,3.03,0.0,21.3,16.1,46
2007-05-29,6.6,15.4,64,0.00,156,3.19,0.0,20.1,13.7,46
2007-05-30,12.3,19.0,63,0.20,135,3.34,1.0,18.9,11.3,48
2007-05-31,11.8,16.9,79,1.80,95,3.06,5.0,18.4,12.0,57
2007-06-01,13.4,20.9,69,0.20,271,4.29,1.0,14.0,8.9,34
2007-06-02,14.4,20.1,64,0.00,105,4.25,0.0,14.2,8.6,37
2007-06-03,10.8,14.8,62,0.00,117,3.61,0.0,14.5,11.5,47
2007-06-04,7.3,13.8,60,2.20,109,2.52,5.0,22.0,18.1,46
2007-06-05,7.4,11.2,63,0.90,77,3.43,4.0,22.3,18.5,34
2007-06-06,5.6,12.7,54,0.00,35,3.77,0.0,17.4,13.1,36
2007-06-07,8.2,13.2,57,0.00,9,3.23,0.0,17.4,11.9,38
2007-06-08,5.7,10.9,55,0.00,19,2.70,0.0,19.4,14.6,36
2007-06-09,5.3,9.3,54,0.00,146,3.18,0.0,14.7,7.2,32
2007-06-10,7.1,11.9,54,0.00,125,3.74,0.0,12.5,9.0,34
2007-06-11,10.1,16.2,44,0.00,130,4.52,0.0,10.4,7.8,28
2007-06-12,14.6,20.7,42,0.00,85,5.30,0.0,13.4,9.0,28
2007-06-13,14.6,20.2,52,0.00,142,4.86,0.0,18.1,12.3,31
2007-06-14,12.8,17.3,55,1.40,16,4.19,6.0,18.4,12.7,36
2007-06-15,10.0,14.0,52,0.00,342,3.95,0.0,17.9,11.1,38
2007-06-16,13.8,18.7,45,0.00,285,4.89,0.0,24.3,16.1,26
2007-06-17,12.3,18.5,46,0.00,329,4.24,0.0,20.1,10.9,27
2007-06-18,10.8,14.3,46,0.00,8,3.95,0.0,15.1,10.8,33
2007-06-19,10.0,13.6,50,0.60,340,3.30,4.0,19.1,13.5,34
2007-06-20,9.0,10.9,48,0.30,360,3.15,2.0,14.6,8.0,40
2007-06-21,10.0,14.9,51,0.00,186,4.27,0.0,18.9,13.5,33
2007-06-22,12.9,18.2,44,0.30,160,4.79,1.0,13.8,10.9,27
2007-06-23,15.5,20.5,44,0.00,123,5.28,0.0,14.1,11.2,27
2007-06-24,17.3,21.7,46,0.00,132,5.53,0.0,15.6,11.7,27
2007-06-25,18.4,23.0,43,0.00,141,5.97,0.0,17.5,12.5,25
2007-06-26,18.3,22.6,44,0.00,146,5.19,0.0,18.0,10.8,26
2007-06-27,18.3,22.1,39,0.00,148,6.07,0.0,15.6,12.9,26
2007-06-28,19.9,25.2,40,0.00,127,5.67,0.0,16.3,11.4,26
2007-06-29,21.1,25.7,39,0.00,115,6.41,0.0,24.5,20.8,24
2007-06-30,20.9,25.3,38,0.00,122,6.97,0.0,25.8,22.0,25
2007-07-01,18.0,24.2,55,0.00,117,4.03,0.0,27.4,21.5,27
2007-07-02,17.5,20.3,58,0.00,146,4.14,0.0,12.8,8.4,47
2007-07-03,17.0,20.1,71,8.60,147,3.89,3.0,11.7,7.5,53
2007-07-04,15.4,19.7,69,4.20,46,2.74,9.0,13.9,8.0,44
2007-07-05,15.2,18.8,52,0.00,138,4.21,0.0,20.5,14.0,37
2007-07-06,14.5,18.5,66,5.90,106,3.54,9.0,20.0,17.0,40
2007-07-07,14.7,17.8,59,0.00,114,4.01,0.0,18.4,13.5,38
2007-07-08,15.5,18.7,57,0.00,90,4.01,0.0,9.0,6.6,39
2007-07-09,16.2,19.3,58,0.00,79,4.11,0.0,9.7,5.3,42
2007-07-10,16.7,19.7,61,0.00,151,4.34,0.0,17.8,9.2,37
2007-07-11,17.0,19.9,55,0.60,134,4.45,2.0,22.4,19.2,34
2007-07-12,19.7,24.3,65,0.00,229,4.55,0.0,20.6,13.1,38
2007-07-13,19.9,23.9,61,0.00,351,4.56,0.0,18.7,8.1,38
2007-07-14,20.1,25.1,52,0.00,111,5.42,0.0,19.8,13.8,31
2007-07-15,21.2,24.9,46,0.00,124,5.90,0.0,17.3,14.0,32
2007-07-16,22.3,26.8,40,0.00,123,6.22,0.0,18.8,14.3,27
2007-07-17,23.0,26.8,36,0.00,95,6.87,0.0,18.0,15.0,27
2007-07-18,21.3,25.9,39,0.00,113,6.71,0.0,22.6,20.8,28
2007-07-19,23.0,27.1,46,0.00,132,5.91,0.0,24.3,19.5,35
2007-07-20,21.2,27.5,80,5.40,162,3.55,13.0,27.2,16.1,45
2007-07-21,18.3,23.8,71,3.20,238,2.98,13.0,26.3,23.0,45
2007-07-22,18.4,22.1,69,0.10,254,4.14,1.0,20.9,12.7,53
2007-07-23,19.4,22.8,60,0.00,298,4.45,0.0,15.0,9.1,38
2007-07-24,19.5,22.7,57,1.90,82,3.69,4.0,12.6,8.5,37
2007-07-25,15.4,19.4,67,2.70,337,2.92,7.0,23.5,18.6,58
2007-07-26,15.1,17.5,63,0.00,327,3.12,0.0,18.9,13.0,46
2007-07-27,16.5,18.8,59,0.00,151,2.78,0.0,14.3,9.1,46
2007-07-28,16.2,20.7,67,1.50,60,3.23,4.0,12.8,10.0,40
2007-07-29,18.3,21.3,58,0.00,127,3.51,0.0,9.3,6.3,40
2007-07-30,18.9,22.7,59,1.40,91,3.80,4.0,13.8,9.8,45
2007-07-31,16.7,21.3,90,18.30,44,1.24,18.0,12.8,8.7,62
2007-08-01,15.3,18.9,75,3.00,357,3.47,4.0,19.4,12.8,43
2007-08-02,16.9,20.8,63,1.30,175,3.59,4.0,14.1,9.2,42
2007-08-03,17.9,21.6,70,0.00,346,3.56,0.0,10.4,6.9,47
2007-08-04,17.9,21.5,66,0.00,6,3.50,0.0,15.1,7.6,47
2007-08-05,15.8,19.8,53,0.00,1,4.32,0.0,16.4,11.5,32
2007-08-06,16.9,19.2,62,2.20,187,2.89,7.0,19.1,14.6,33
2007-08-07,14.6,17.0,84,3.10,355,1.87,6.0,29.5,15.6,53
2007-08-08,10.8,13.5,60,1.10,327,3.09,7.0,26.5,21.9,46
2007-08-09,10.4,12.5,70,2.40,296,2.43,9.0,26.1,20.8,53
2007-08-10,8.9,11.7,64,0.10,302,2.32,1.0,28.0,22.1,55
2007-08-11,9.2,12.4,73,0.50,308,2.34,5.0,28.7,20.3,58
2007-08-12,9.9,13.0,74,0.30,319,2.37,2.0,16.6,12.7,64
2007-08-13,10.6,13.4,73,0.70,319,2.30,3.0,16.8,12.9,51
2007-08-14,11.2,14.0,67,0.00,13,2.68,0.0,15.3,9.9,40
2007-08-15,11.0,13.8,64,0.00,356,2.25,0.0,14.2,11.5,40
2007-08-16,12.5,15.2,69,0.00,56,2.14,0.0,11.0,5.4,49
2007-08-17,13.7,16.4,62,0.00,160,3.28,0.0,19.3,12.6,46
2007-08-18,14.8,19.0,66,0.00,156,3.57,0.0,18.4,15.0,46
2007-08-19,17.3,20.3,68,0.10,162,3.57,1.0,19.7,15.3,51
2007-08-20,16.6,19.6,85,1.00,114,1.67,6.0,13.1,7.0,68
2007-08-21,12.3,18.2,85,5.40,359,1.41,14.0,26.3,19.9,59
2007-08-22,9.9,11.9,59,0.00,3,2.36,0.0,23.4,15.7,49
2007-08-23,9.5,11.5,63,0.00,5,1.93,0.0,13.0,10.2,49
2007-08-24,9.5,12.9,61,0.00,13,2.17,0.0,13.3,9.6,42
2007-08-25,11.1,14.1,62,0.00,344,2.41,0.0,15.5,9.9,43
2007-08-26,10.4,13.7,67,0.00,31,2.23,0.0,13.5,9.1,39
2007-08-27,10.2,13.5,68,0.10,26,1.80,1.0,13.0,7.7,40
2007-08-28,8.9,12.9,70,0.00,334,1.76,0.0,29.0,14.8,47
2007-08-29,6.6,9.5,65,0.00,328,1.73,0.0,24.8,15.4,54
2007-08-30,8.8,11.5,67,0.00,122,1.81,0.0,17.1,9.9,50
2007-08-31,10.0,11.6,73,0.00,99,1.33,0.0,16.7,12.2,50
2007-09-01,11.1,14.3,79,0.00,323,1.39,0.0,7.5,5.0,60
2007-09-02,12.0,15.4,77,0.50,212,1.86,4.0,12.9,6.7,56
2007-09-03,9.3,13.8,69,0.00,346,2.23,0.0,12.8,9.9,45
2007-09-04,7.8,11.8,77,13.90,62,0.99,11.0,26.4,17.2,46
2007-09-05,6.0,9.7,80,6.90,45,1.37,11.0,24.2,16.5,50
2007-09-06,6.7,9.5,69,0.60,137,1.60,2.0,20.6,14.9,50
2007-09-07,7.8,10.3,76,0.00,95,1.23,0.0,15.4,8.7,61
2007-09-08,9.7,15.2,72,0.00,257,2.03,0.0,17.3,10.9,52
2007-09-09,9.4,15.0,83,0.30,77,1.25,2.0,19.5,12.8,54
2007-09-10,6.2,10.3,68,0.00,90,1.85,0.0,23.5,16.3,49
2007-09-11,4.9,7.3,80,12.10,91,1.11,18.0,28.9,23.9,51
2007-09-12,5.5,9.7,72,0.00,263,1.53,0.0,12.8,7.6,58
2007-09-13,8.3,11.6,79,0.00,183,1.27,0.0,11.5,5.3,60
2007-09-14,5.6,10.9,78,1.50,87,1.01,5.0,23.8,18.6,65
2007-09-15,3.5,4.4,75,0.00,69,0.96,0.0,21.5,15.8,61
2007-09-16,1.6,5.0,61,0.00,78,1.69,0.0,27.7,23.5,51
2007-09-17,2.8,4.8,67,0.00,85,1.31,0.0,24.5,20.4,53
2007-09-18,2.2,4.0,65,0.00,42,1.32,0.0,22.8,18.2,56
2007-09-19,2.1,4.2,72,0.10,72,0.96,1.0,13.6,9.6,57
2007-09-20,3.6,7.0,75,0.00,105,1.15,0.0,19.4,16.1,52
2007-09-21,3.8,6.7,76,0.00,86,1.06,0.0,13.2,9.7,54
2007-09-22,3.1,6.4,76,0.00,23,0.94,0.0,12.7,10.8,55
2007-09-23,3.5,5.7,77,0.00,324,0.83,0.0,12.9,9.9,63
2007-09-24,3.2,5.3,85,4.80,168,0.66,13.0,10.7,5.7,67
2007-09-25,3.1,5.1,81,0.50,88,0.65,3.0,12.0,7.6,64
2007-09-26,3.3,5.5,84,0.30,65,0.75,3.0,16.8,11.4,59
2007-09-27,2.1,5.0,75,0.00,90,0.87,0.0,16.3,10.5,60
2007-09-28,0.2,3.2,68,0.70,67,1.08,2.0,31.5,23.8,60
2007-09-29,-1.0,-0.5,82,7.70,6,0.70,13.0,27.9,22.7,74
2007-09-30,-3.6,-0.3,79,0.00,29,0.69,0.0,16.4,9.8,61
2007-10-01,0.4,3.1,79,0.00,114,0.67,0.0,18.3,15.4,66
2007-10-02,2.5,3.9,92,0.00,137,0.42,0.0,15.4,9.8,84
2007-10-03,0.8,2.3,80,0.00,337,0.69,0.0,24.0,18.1,58
2007-10-04,-1.0,1.1,57,0.00,340,1.14,0.0,22.3,12.2,46
2007-10-05,1.3,4.0,73,0.90,190,0.94,5.0,28.1,18.8,62
2007-10-06,4.1,6.1,82,0.00,165,0.91,0.0,21.7,18.7,71
2007-10-07,1.9,5.1,91,0.00,55,0.48,0.0,18.0,9.7,82
2007-10-08,4.1,6.0,85,4.00,165,0.62,7.0,28.0,24.0,62
2007-10-09,0.6,3.0,72,0.00,254,1.01,0.0,26.8,18.6,63
2007-10-10,4.7,8.8,72,0.60,131,1.32,2.0,28.1,23.1,59
2007-10-11,7.6,9.1,76,0.00,168,1.21,0.0,23.8,20.4,66
2007-10-12,3.0,7.8,79,0.00,265,0.80,0.0,20.9,8.6,64
2007-10-13,0.9,4.5,84,0.00,100,0.53,0.0,19.2,9.7,71
2007-10-14,4.2,6.0,82,0.00,174,0.82,0.0,23.5,13.7,73
2007-10-15,2.9,6.0,90,0.40,83,0.33,2.0,26.3,17.1,83
2007-10-16,5.1,6.1,95,0.00,113,0.39,0.0,24.1,12.7,89
2007-10-17,5.4,7.1,94,0.00,60,0.41,0.0,19.1,15.2,78
2007-10-18,4.6,5.9,92,0.40,166,0.34,2.0,15.0,10.0,80
2007-10-19,2.6,4.4,88,0.00,24,0.33,0.0,8.7,4.4,78
2007-10-20,1.6,3.8,86,0.10,342,0.34,1.0,16.0,12.0,80
2007-10-21,0.7,1.5,90,2.30,302,0.29,12.0,15.1,13.2,82
2007-10-22,0.7,2.3,87,0.00,120,0.33,0.0,10.7,7.6,76
2007-10-23,-1.1,1.2,79,0.00,337,0.30,0.0,13.7,8.3,70
2007-10-24,-0.6,0.3,81,5.10,84,0.40,7.0,33.3,20.3,74
2007-10-25,-3.1,-0.8,81,8.40,8,0.49,18.0,33.4,28.5,70
2007-10-26,-6.6,-3.1,75,0.00,331,0.34,0.0,19.8,11.3,70
2007-10-27,-0.8,0.4,83,1.20,184,0.38,5.0,25.2,14.6,74
2007-10-28,-6.4,-1.8,80,0.00,356,0.29,0.0,19.1,14.9,68
2007-10-29,-8.5,-1.7,81,0.30,110,0.28,2.0,21.0,15.1,75
2007-10-30,-1.8,-0.8,92,1.20,129,0.18,7.0,17.7,9.2,87
2007-10-31,-0.4,1.6,89,0.30,143,0.25,3.0,21.9,15.6,87
2007-11-01,-1.7,0.7,88,0.10,38,0.23,1.0,18.2,14.7,74
2007-11-02,-5.5,-1.0,85,0.00,118,0.20,0.0,23.2,14.3,78
2007-11-03,-0.8,-0.4,91,0.50,112,0.18,5.0,20.6,14.0,88
2007-11-04,-7.2,-1.7,84,1.30,347,0.19,8.0,21.3,18.9,73
2007-11-05,-14.0,-2.6,81,0.00,132,0.17,0.0,23.5,12.3,76
2007-11-06,-4.0,-2.3,87,0.00,135,0.18,0.0,20.0,12.1,84
2007-11-07,-7.7,-5.5,84,0.90,75,0.19,6.0,18.8,15.3,82
2007-11-08,-10.9,-7.0,83,0.00,87,0.16,0.0,16.9,13.5,80
2007-11-09,-6.5,-4.1,84,0.00,136,0.21,0.0,21.1,14.2,80
2007-11-10,-4.7,-3.4,88,0.00,104,0.14,0.0,19.8,13.9,86
2007-11-11,-3.5,-2.7,88,1.10,101,0.21,6.0,22.1,21.1,87
2007-11-12,-2.5,-2.0,93,3.00,93,0.09,17.0,18.8,11.8,89
2007-11-13,-5.5,-2.7,91,0.00,316,0.09,0.0,14.1,8.0,85
2007-11-14,-10.9,-8.8,86,0.00,303,0.07,0.0,13.9,8.3,82
2007-11-15,-5.4,-3.9,90,0.00,135,0.08,0.0,17.2,14.4,87
2007-11-16,-4.3,-3.9,89,0.20,116,0.17,2.0,28.9,22.2,85
2007-11-17,-2.1,-0.5,92,4.40,131,0.12,20.0,27.0,17.4,87
2007-11-18,-7.0,-3.5,89,0.00,77,0.12,0.0,22.3,14.5,81
2007-11-19,-10.5,-9.9,82,2.60,85,0.20,12.0,25.2,20.6,81
2007-11-20,-10.4,-8.3,84,0.00,92,0.11,0.0,15.3,11.2,82
2007-11-21,-9.0,-7.1,88,0.00,202,0.06,0.0,9.1,6.6,87
2007-11-22,-7.9,-6.7,88,0.00,129,0.05,0.0,11.6,7.7,85
2007-11-23,-12.5,-8.5,84,0.00,328,0.08,0.0,19.4,13.6,75
2007-11-24,-22.5,-17.9,73,0.00,68,0.12,0.0,19.5,17.3,72
2007-11-25,-28.0,-23.7,71,0.00,31,0.09,0.0,20.1,16.4,70
2007-11-26,-27.4,-24.3,73,0.00,349,0.04,0.0,15.5,8.0,71
2007-11-27,-24.0,-21.4,79,0.00,68,0.05,0.0,13.7,10.5,77
2007-11-28,-23.4,-22.0,75,0.00,311,0.10,0.0,19.6,16.5,72
2007-11-29,-21.9,-15.8,73,0.00,308,0.12,0.0,24.2,15.4,64
2007-11-30,-17.2,-15.7,77,0.00,326,0.17,0.0,23.6,21.5,74
2007-12-01,-19.4,-17.6,74,0.00,338,0.13,0.0,21.2,16.4,65
2007-12-02,-28.1,-22.6,73,0.00,44,0.06,0.0,13.0,12.2,70
2007-12-03,-29.9,-28.7,73,0.00,70,0.05,0.0,16.6,13.6,71
2007-12-04,-28.7,-28.1,73,0.00,84,0.07,0.0,20.5,15.6,71
2007-12-05,-26.1,-23.3,75,0.70,318,0.04,5.0,10.6,6.9,72
2007-12-06,-22.9,-21.6,74,0.00,312,0.08,0.0,14.3,13.0,73
2007-12-07,-27.5,-24.7,74,0.00,327,0.05,0.0,14.7,10.1,72
2007-12-08,-24.8,-19.5,77,0.00,204,0.03,0.0,11.1,7.7,72
2007-12-09,-19.4,-18.2,80,0.00,98,0.05,0.0,14.3,10.1,77
2007-12-10,-22.6,-19.2,80,0.00,337,0.02,0.0,11.0,7.9,76
2007-12-11,-30.7,-27.7,76,0.00,76,0.03,0.0,18.1,10.6,75
2007-12-12,-26.7,-26.1,71,0.00,98,0.09,0.0,19.6,17.6,68
2007-12-13,-25.0,-21.6,73,0.00,118,0.09,0.0,20.3,17.0,69
2007-12-14,-21.3,-20.4,80,0.00,310,0.03,0.0,13.0,9.1,79
2007-12-15,-21.8,-16.8,81,0.00,124,0.07,0.0,25.3,13.8,75
2007-12-16,-13.9,-12.6,81,5.50,102,0.13,17.0,27.1,17.0,74
2007-12-17,-15.8,-14.8,85,0.00,43,0.01,0.0,11.7,4.4,84
2007-12-18,-12.6,-10.5,86,3.30,118,0.08,12.0,17.7,15.7,83
2007-12-19,-17.0,-13.5,82,0.40,281,0.04,4.0,15.0,11.1,79
2007-12-20,-26.1,-22.2,78,0.00,298,0.03,0.0,11.5,9.2,77
2007-12-21,-30.5,-29.1,76,0.00,302,0.02,0.0,9.7,7.1,74
2007-12-22,-24.8,-16.7,76,0.20,131,0.12,2.0,28.3,22.0,73
2007-12-23,-18.9,-15.5,80,0.00,235,0.05,0.0,20.3,10.9,75
2007-12-24,-24.9,-23.8,76,0.00,61,0.06,0.0,16.4,13.2,71
2007-12-25,-24.3,-21.7,75,0.40,105,0.08,4.0,17.3,15.1,73
2007-12-26,-21.7,-21.2,79,0.00,67,0.03,0.0,10.6,7.7,77
2007-12-27,-21.7,-21.1,76,0.00,75,0.05,0.0,13.4,9.6,74
2007-12-28,-21.4,-20.8,78,0.00,84,0.08,0.0,15.5,13.9,76
2007-12-29,-21.2,-20.9,79,0.00,80,0.05,0.0,11.7,10.1,78
2007-12-30,-22.6,-21.4,78,0.00,88,0.04,0.0,11.2,8.5,77
2007-12-31,-24.8,-22.1,78,0.00,301,0.02,0.0,11.4,8.0,75
2008-01-01,-28.7,-24.5,78,0.00,154,0.03,0.0,17.8,10.6,73
2008-01-02,-18.2,-14.1,77,3.50,126,0.16,8.0,26.9,19.8,68
2008-01-03,-18.5,-15.1,83,0.00,326,0.02,0.0,8.7,5.8,80
2008-01-04,-16.6,-13.1,81,0.00,82,0.13,0.0,24.7,19.6,80
2008-01-05,-10.7,-8.9,83,1.40,97,0.18,7.0,25.9,22.0,81
2008-01-06,-14.5,-11.5,80,0.90,62,0.09,9.0,15.9,12.3,77
2008-01-07,-19.7,-16.7,80,0.00,319,0.05,0.0,12.5,11.2,78
2008-01-08,-26.8,-23.3,78,0.00,318,0.02,0.0,9.6,7.4,76
2008-01-09,-30.9,-29.9,75,0.00,7,0.02,0.0,9.2,6.7,72
2008-01-10,-29.7,-27.1,76,0.00,96,0.05,0.0,18.4,15.2,73
2008-01-11,-26.8,-26.0,75,0.00,95,0.07,0.0,17.0,14.2,74
2008-01-12,-23.0,-17.6,79,0.00,111,0.08,0.0,16.3,14.0,76
2008-01-13,-14.6,-12.2,84,2.60,138,0.12,9.0,24.2,18.9,82
2008-01-14,-17.9,-15.0,81,1.20,360,0.08,5.0,22.9,12.9,77
2008-01-15,-25.1,-19.3,72,0.00,318,0.12,0.0,27.5,19.7,69
2008-01-16,-32.5,-29.2,73,0.00,7,0.02,0.0,10.4,7.3,71
2008-01-17,-37.4,-34.8,69,0.00,355,0.02,0.0,10.8,7.9,63
2008-01-18,-32.9,-31.3,72,0.00,115,0.03,0.0,8.4,7.3,66
2008-01-19,-32.0,-29.8,74,0.00,75,0.02,0.0,9.5,7.1,72
2008-01-20,-31.4,-29.3,76,0.00,92,0.02,0.0,12.5,8.2,73
2008-01-21,-26.5,-22.2,77,0.90,121,0.05,5.0,12.5,10.1,76
2008-01-22,-22.1,-19.5,79,1.20,346,0.05,5.0,17.8,9.2,77
2008-01-23,-18.7,-13.1,81,1.00,138,0.10,3.0,21.3,15.2,80
2008-01-24,-12.1,-10.3,78,0.00,318,0.23,0.0,22.5,19.8,73
2008-01-25,-17.6,-15.9,78,0.80,81,0.09,8.0,19.2,11.4,73
2008-01-26,-20.1,-17.5,78,0.50,351,0.09,5.0,30.5,17.1,69
2008-01-27,-31.1,-25.8,67,0.00,318,0.09,0.0,31.1,22.4,65
2008-01-28,-37.4,-34.5,70,0.00,294,0.03,0.0,14.4,8.4,69
2008-01-29,-41.3,-38.4,72,0.00,111,0.02,0.0,9.8,8.2,67
2008-01-30,-42.6,-40.6,67,0.00,83,0.02,0.0,9.7,7.6,61
2008-01-31,-42.7,-40.2,69,0.00,105,0.02,0.0,8.8,7.3,63
2008-02-01,-41.1,-39.5,68,0.00,123,0.02,0.0,8.1,7.2,62
2008-02-02,-42.1,-39.2,69,0.00,96,0.02,0.0,10.4,8.4,65
2008-02-03,-40.3,-38.0,66,0.00,29,0.03,0.0,9.0,6.8,61
2008-02-04,-39.7,-35.1,68,0.00,115,0.03,0.0,14.2,8.3,64
2008-02-05,-34.5,-32.6,71,0.00,13,0.04,0.0,14.4,9.3,68
2008-02-06,-32.0,-29.1,69,0.00,0,0.06,0.0,13.0,11.3,66
2008-02-07,-30.7,-29.5,70,0.00,346,0.07,0.0,12.6,11.6,66
2008-02-08,-36.1,-32.9,68,0.00,329,0.05,0.0,17.9,16.0,64
2008-02-09,-38.9,-34.5,67,0.00,300,0.04,0.0,16.1,13.0,66
2008-02-10,-34.0,-28.3,71,0.00,146,0.06,0.0,16.3,11.5,65
2008-02-11,-29.0,-27.0,71,0.00,61,0.08,0.0,15.0,8.3,66
2008-02-12,-32.9,-29.1,68,0.00,82,0.07,0.0,23.1,16.1,62
2008-02-13,-33.9,-33.0,65,0.00,94,0.09,0.0,23.2,20.0,64
2008-02-14,-33.9,-28.6,66,0.10,111,0.09,1.0,25.0,20.1,60
2008-02-15,-23.8,-20.4,74,1.90,106,0.15,7.0,27.0,17.5,61
2008-02-16,-23.7,-20.8,74,0.10,30,0.11,1.0,11.0,8.8,64
2008-02-17,-27.2,-23.9,73,0.00,111,0.11,0.0,14.2,10.5,68
2008-02-18,-24.5,-20.3,71,0.00,109,0.16,0.0,21.9,17.2,65
2008-02-19,-18.4,-15.9,68,0.00,119,0.30,0.0,23.5,18.4,65
2008-02-20,-16.7,-11.6,82,0.00,123,0.15,0.0,16.8,10.4,76
2008-02-21,-11.7,-9.6,86,0.00,109,0.20,0.0,20.3,13.8,85
2008-02-22,-10.4,-9.1,87,0.00,118,0.19,0.0,13.0,8.2,85
2008-02-23,-10.8,-9.5,85,0.00,309,0.25,0.0,16.6,11.5,77
2008-02-24,-12.8,-10.6,83,0.00,325,0.18,0.0,15.8,11.5,77
2008-02-25,-16.5,-13.2,76,0.00,335,0.24,0.0,14.6,11.7,70
2008-02-26,-19.9,-17.6,73,0.00,61,0.18,0.0,11.7,8.8,68
2008-02-27,-22.4,-19.0,75,0.00,90,0.15,0.0,13.0,10.3,69
2008-02-28,-20.5,-19.7,74,1.10,353,0.21,8.0,15.8,11.9,70
2008-02-29,-21.7,-19.1,76,0.00,87,0.18,0.0,14.2,10.5,72
2008-03-01,-26.4,-20.1,68,0.00,351,0.16,0.0,24.9,21.4,57
2008-03-02,-32.6,-29.8,65,0.00,325,0.13,0.0,18.7,9.2,59
2008-03-03,-31.6,-27.2,66,0.00,108,0.15,0.0,14.2,10.2,56
2008-03-04,-30.6,-26.0,66,0.00,350,0.14,0.0,8.9,5.1,58
2008-03-05,-32.2,-26.9,67,0.00,76,0.14,0.0,10.0,8.5,58
2008-03-06,-24.2,-16.3,65,0.00,136,0.27,0.0,29.9,21.5,62
2008-03-07,-14.9,-10.5,78,0.00,344,0.40,0.0,13.7,9.1,72
2008-03-08,-10.2,-2.6,84,0.00,140,0.49,0.0,24.9,19.3,78
2008-03-09,-4.9,-2.0,82,0.00,299,0.56,0.0,20.9,15.7,70
2008-03-10,-11.6,-8.0,81,0.00,80,0.38,0.0,19.1,14.8,77
2008-03-11,-13.1,-11.0,80,0.00,58,0.32,0.0,10.5,7.4,76
2008-03-12,-14.3,-11.7,77,0.00,55,0.42,0.0,13.0,9.9,70
2008-03-13,-15.7,-13.5,78,0.20,338,0.31,2.0,13.9,8.3,66
2008-03-14,-21.7,-15.4,68,0.00,324,0.27,0.0,17.1,13.2,53
2008-03-15,-25.9,-22.2,68,0.00,295,0.24,0.0,14.0,10.6,56
2008-03-16,-25.0,-19.8,71,0.00,181,0.27,0.0,14.6,10.2,60
2008-03-17,-20.7,-17.7,72,0.00,68,0.33,0.0,13.8,11.1,66
2008-03-18,-25.0,-18.8,69,0.00,64,0.25,0.0,14.8,13.4,63
2008-03-19,-25.2,-20.6,68,0.00,71,0.26,0.0,16.9,14.1,65
2008-03-20,-22.4,-16.7,72,0.00,36,0.39,0.0,8.9,6.9,62
2008-03-21,-20.3,-16.7,74,0.00,75,0.32,0.0,16.2,11.8,64
2008-03-22,-16.9,-12.7,76,0.50,82,0.48,5.0,18.1,15.3,72
2008-03-23,-15.1,-9.5,80,0.00,76,0.49,0.0,19.5,16.3,76
2008-03-24,-12.1,-9.7,81,0.00,82,0.57,0.0,24.6,20.5,75
2008-03-25,-13.3,-10.5,75,0.00,106,0.64,0.0,17.8,13.9,62
2008-03-26,-15.1,-10.1,68,0.00,95,0.65,0.0,10.5,7.6,54
2008-03-27,-15.9,-10.2,74,0.00,359,0.55,0.0,13.2,8.2,56
2008-03-28,-16.9,-12.1,75,0.00,302,0.45,0.0,15.8,9.9,64
2008-03-29,-18.6,-13.7,74,0.00,298,0.49,0.0,15.9,9.4,62
2008-03-30,-15.8,-12.5,68,0.00,311,0.61,0.0,7.9,4.5,59
2008-03-31,-16.7,-11.6,71,0.00,131,0.64,0.0,10.2,7.6,60
2008-04-01,-15.6,-9.5,72,0.00,127,0.68,0.0,10.2,8.6,64
2008-04-02,-14.6,-9.5,78,0.00,37,0.50,0.0,16.7,9.8,61
2008-04-03,-21.8,-17.2,66,0.00,78,0.51,0.0,12.9,7.9,55
2008-04-04,-21.2,-15.4,66,0.00,94,0.57,0.0,13.3,9.5,56
2008-04-05,-18.0,-11.3,74,0.00,94,0.65,0.0,14.3,11.6,64
2008-04-06,-14.5,-7.9,77,0.00,99,0.72,0.0,16.5,14.9,68
2008-04-07,-8.2,-1.5,77,0.00,114,0.94,0.0,19.5,18.4,68
2008-04-08,-2.6,0.8,83,0.30,125,1.13,2.0,18.4,15.7,71
2008-04-09,-0.6,3.8,87,0.00,114,1.16,0.0,19.0,13.6,76
2008-04-10,-0.1,2.9,88,1.20,206,1.37,4.0,14.4,9.9,75
2008-04-11,0.1,3.2,78,0.00,147,1.53,0.0,16.6,14.8,70
2008-04-12,0.1,4.7,79,0.00,133,1.64,0.0,12.5,9.0,65
2008-04-13,3.0,6.4,81,0.50,143,1.46,2.0,26.7,20.3,64
2008-04-14,-0.4,5.8,79,2.40,264,1.02,15.0,28.3,24.1,63
2008-04-15,-5.5,-0.8,73,0.00,318,1.08,0.0,22.7,20.7,64
2008-04-16,-6.2,-1.2,70,0.00,116,1.26,0.0,16.1,10.8,55
2008-04-17,-2.4,-1.2,70,1.60,92,1.15,7.0,33.9,20.3,56
2008-04-18,-12.4,-5.5,65,0.00,355,0.93,0.0,36.8,27.3,56
2008-04-19,-13.5,-8.1,62,0.00,11,1.19,0.0,20.7,9.2,44
2008-04-20,-12.3,-5.9,64,0.00,98,1.28,0.0,9.7,6.7,45
2008-04-21,-10.5,-2.9,61,0.00,76,1.48,0.0,11.6,8.7,38
2008-04-22,-7.4,-3.1,65,0.00,8,1.09,0.0,24.5,16.2,41
2008-04-23,-10.2,-6.9,62,0.00,351,1.01,0.0,23.8,20.8,50
2008-04-24,-11.2,-8.3,63,0.00,319,0.97,0.0,21.2,13.8,47
2008-04-25,-11.0,-4.1,65,0.00,173,1.17,0.0,19.8,12.8,43
2008-04-26,-6.0,0.6,53,0.00,81,2.03,0.0,14.5,9.9,36
2008-04-27,-1.4,5.0,57,0.00,117,2.22,0.0,23.2,16.7,43
2008-04-28,1.4,4.6,69,1.50,106,1.49,8.0,25.6,21.1,49
2008-04-29,3.5,7.9,78,0.00,79,1.87,0.0,15.0,10.7,62
2008-04-30,2.9,8.0,75,0.00,42,2.27,0.0,14.3,13.0,57
2008-05-01,4.2,11.0,73,0.00,86,2.50,0.0,15.0,13.5,46
2008-05-02,6.4,11.7,60,0.00,138,3.14,0.0,16.5,15.0,40
2008-05-03,7.1,12.4,62,0.00,116,3.29,0.0,15.8,14.0,41
2008-05-04,4.7,11.3,63,0.00,98,2.93,0.0,19.2,16.3,45
2008-05-05,2.3,8.6,72,0.00,90,2.28,0.0,16.7,14.4,46
2008-05-06,0.4,5.4,68,0.00,92,2.24,0.0,19.1,15.8,44
2008-05-07,-2.0,4.0,57,0.00,84,2.39,0.0,19.6,14.6,40
2008-05-08,-2.4,2.2,56,0.00,105,2.35,0.0,13.7,10.9,43
2008-05-09,-0.8,5.1,57,0.00,111,2.54,0.0,17.1,14.7,39
2008-05-10,2.3,7.9,57,0.00,112,3.01,0.0,18.5,15.4,39
2008-05-11,2.6,8.0,61,0.00,88,2.99,0.0,16.3,12.4,37
2008-05-12,3.4,8.0,63,0.00,103,2.95,0.0,13.4,10.9,37
2008-05-13,4.8,10.8,59,0.00,114,3.29,0.0,18.7,15.7,37
2008-05-14,6.5,11.4,54,0.00,109,3.66,0.0,17.2,14.5,36
2008-05-15,9.6,16.1,55,0.30,194,4.06,1.0,29.3,19.9,23
2008-05-16,11.3,15.8,41,0.00,292,4.48,0.0,29.1,19.2,23
2008-05-17,8.7,14.2,53,0.00,78,3.78,0.0,23.4,11.3,39
2008-05-18,6.0,12.0,59,1.60,88,2.79,11.0,21.1,18.1,36
2008-05-19,5.2,10.0,57,0.00,107,3.14,0.0,12.4,9.0,37
2008-05-20,7.3,13.4,50,0.00,130,3.11,0.0,15.1,10.8,38
2008-05-21,10.9,14.5,45,0.00,96,3.53,0.0,16.6,13.4,35
2008-05-22,9.0,13.4,61,3.70,82,1.78,10.0,17.4,12.0,39
2008-05-23,7.5,13.3,84,3.10,27,1.65,15.0,18.4,13.9,45
2008-05-24,8.6,13.7,58,0.00,54,3.80,0.0,16.3,10.3,39
2008-05-25,7.0,11.8,55,0.00,140,3.79,0.0,17.3,13.9,30
2008-05-26,9.4,16.1,49,0.00,161,4.44,0.0,18.0,16.2,29
2008-05-27,12.8,16.3,56,0.00,72,4.15,0.0,17.7,12.3,43
2008-05-28,10.7,16.1,53,0.00,79,4.25,0.0,23.9,20.8,42
2008-05-29,11.7,17.3,56,0.30,59,4.41,2.0,25.0,16.5,42
2008-05-30,7.5,15.0,60,1.10,310,3.43,6.0,27.4,23.6,35
2008-05-31,7.0,11.5,50,0.10,320,3.31,1.0,22.8,16.2,28
2008-06-01,7.9,14.3,46,0.10,207,3.72,1.0,20.5,13.9,25
2008-06-02,10.7,15.9,57,0.00,163,3.91,0.0,19.4,13.0,43
2008-06-03,11.9,15.0,57,0.40,6,4.18,2.0,14.8,12.5,22
2008-06-04,6.3,13.5,54,0.00,94,3.69,0.0,19.3,14.8,27
2008-06-05,9.5,14.1,49,2.20,111,3.68,7.0,19.5,16.3,36
2008-06-06,11.9,17.4,58,0.00,83,4.34,0.0,19.3,15.2,41
2008-06-07,10.3,16.7,53,0.00,79,4.24,0.0,22.1,18.3,31
2008-06-08,10.9,16.9,47,0.00,90,4.48,0.0,16.4,14.5,30
2008-06-09,12.7,16.7,59,1.40,110,3.61,4.0,17.3,12.3,33
2008-06-10,12.1,18.1,70,0.00,208,3.33,0.0,10.5,5.9,42
2008-06-11,15.0,18.6,54,0.00,284,4.36,0.0,10.7,8.0,34
2008-06-12,14.5,18.7,53,0.00,170,4.36,0.0,11.7,7.7,33
2008-06-13,14.1,18.5,61,3.90,38,3.83,4.0,14.4,7.5,41
2008-06-14,13.8,17.4,57,0.00,352,4.46,0.0,18.0,15.7,29
2008-06-15,10.9,15.7,52,0.00,169,4.11,0.0,20.4,12.3,28
2008-06-16,9.9,13.1,68,4.70,177,2.82,13.0,20.1,14.1,41
2008-06-17,8.5,12.9,55,0.00,323,3.78,0.0,19.7,12.7,34
2008-06-18,10.2,16.1,51,0.00,165,4.38,0.0,22.7,17.6,38
2008-06-19,14.3,19.5,61,0.00,179,4.03,0.0,15.3,6.9,41
2008-06-20,15.8,19.3,60,0.30,328,4.30,2.0,15.1,11.6,36
2008-06-21,15.1,18.6,51,0.10,352,4.88,1.0,14.5,8.2,28
2008-06-22,15.3,20.0,42,0.00,123,5.53,0.0,17.1,12.9,25
2008-06-23,16.7,21.3,38,0.00,91,6.57,0.0,22.0,19.3,25
2008-06-24,15.7,21.4,54,1.10,123,3.87,7.0,13.9,9.6,27
2008-06-25,14.2,20.4,70,3.00,165,3.55,1.0,12.4,5.2,46
2008-06-26,13.7,16.0,66,2.90,83,3.75,3.0,17.7,10.8,45
2008-06-27,13.9,19.3,67,1.20,173,4.35,3.0,17.0,10.8,46
2008-06-28,16.3,22.5,65,0.20,157,4.31,1.0,18.6,12.9,42
2008-06-29,18.1,21.8,49,0.00,223,5.75,0.0,24.2,17.4,30
2008-06-30,14.8,20.3,71,1.40,289,2.68,4.0,27.0,19.2,31
2008-07-01,13.8,16.2,76,0.60,359,2.21,4.0,25.3,14.7,62
2008-07-02,15.1,18.5,70,2.60,144,3.28,4.0,16.3,10.8,55
2008-07-03,14.9,18.0,80,7.80,105,2.32,12.0,19.0,13.2,59
2008-07-04,14.3,17.8,66,0.00,73,3.67,0.0,14.5,12.2,42
2008-07-05,14.4,17.5,54,0.00,64,3.98,0.0,16.9,13.3,39
2008-07-06,14.7,18.9,55,0.00,110,4.51,0.0,14.9,13.1,38
2008-07-07,16.4,20.3,51,0.00,128,5.14,0.0,19.3,16.4,35
2008-07-08,16.6,20.5,50,0.00,136,5.48,0.0,23.0,18.9,34
2008-07-09,16.9,20.5,58,0.00,152,5.00,0.0,20.8,16.9,33
2008-07-10,16.5,20.3,71,0.30,150,3.88,1.0,17.5,12.4,49
2008-07-11,15.9,20.0,61,0.00,308,4.27,0.0,21.7,15.1,28
2008-07-12,15.7,20.2,53,0.30,286,3.71,2.0,25.0,15.4,26
2008-07-13,14.7,18.3,66,0.30,321,3.65,2.0,24.2,18.1,48
2008-07-14,15.4,18.4,60,0.10,332,3.79,1.0,14.5,9.4,40
2008-07-15,16.1,18.9,56,0.00,312,4.04,0.0,13.3,7.4,41
2008-07-16,18.2,23.1,52,0.00,249,4.90,0.0,12.5,10.6,31
2008-07-17,20.1,23.9,50,0.00,201,5.58,0.0,22.0,13.1,32
2008-07-18,19.8,23.6,56,0.00,172,5.66,0.0,22.7,18.7,37
2008-07-19,20.8,25.3,55,0.00,163,5.89,0.0,24.1,18.5,37
2008-07-20,20.5,25.6,59,2.20,170,5.05,5.0,22.9,18.7,35
2008-07-21,19.4,22.1,64,0.20,177,4.53,2.0,21.7,14.9,50
2008-07-22,18.2,21.4,53,2.40,233,4.97,5.0,24.2,17.0,41
2008-07-23,18.7,22.4,60,1.20,171,4.62,1.0,20.9,12.4,34
2008-07-24,19.3,22.3,53,0.00,188,4.48,0.0,19.8,11.8,35
2008-07-25,18.6,22.5,56,0.00,310,4.33,0.0,13.8,11.3,33
2008-07-26,18.4,22.6,53,0.00,106,5.05,0.0,18.7,14.5,32
2008-07-27,20.1,26.6,46,0.00,107,5.91,0.0,17.0,14.7,30
2008-07-28,21.8,26.6,47,0.00,84,5.65,0.0,14.6,11.8,30
2008-07-29,19.4,24.6,57,0.20,115,4.46,1.0,18.5,14.0,38
2008-07-30,20.0,24.0,70,0.00,128,4.23,0.0,18.9,15.2,48
2008-07-31,21.0,24.2,68,0.00,142,3.95,0.0,16.9,11.9,47
2008-08-01,19.8,24.3,74,18.10,133,2.41,13.0,16.3,9.5,45
2008-08-02,17.1,19.0,85,13.70,47,2.04,11.0,11.2,8.3,71
2008-08-03,17.6,21.5,80,4.60,40,3.04,5.0,12.1,7.8,49
2008-08-04,18.2,21.2,71,0.10,306,2.96,1.0,17.7,7.3,49
2008-08-05,14.9,18.6,67,1.40,331,3.82,2.0,21.6,17.3,46
2008-08-06,17.4,21.6,63,0.00,168,3.95,0.0,20.0,13.4,46
2008-08-07,20.9,26.8,69,0.00,65,4.31,0.0,16.5,10.0,42
2008-08-08,22.6,27.5,62,0.00,85,4.77,0.0,16.9,11.7,42
2008-08-09,23.7,28.6,62,0.00,38,4.18,0.0,8.5,4.7,39
2008-08-10,24.1,28.7,62,0.00,105,4.64,0.0,13.7,9.6,37
2008-08-11,21.1,28.6,81,4.10,202,2.57,16.0,22.5,12.5,47
2008-08-12,14.0,19.0,66,0.00,3,3.54,0.0,25.5,19.1,46
2008-08-13,14.4,18.8,72,4.50,77,2.04,5.0,18.4,16.1,46
2008-08-14,16.5,22.7,85,3.20,217,2.81,9.0,13.2,8.5,55
2008-08-15,19.1,23.0,71,0.00,135,3.62,0.0,13.0,9.1,52
2008-08-16,17.6,22.2,76,0.00,322,2.95,0.0,20.0,14.4,60
2008-08-17,14.6,17.5,67,0.00,341,2.77,0.0,17.5,8.6,50
2008-08-18,16.8,21.1,73,1.80,113,2.59,2.0,19.4,16.4,52
2008-08-19,13.8,21.8,71,0.00,307,2.41,0.0,34.3,23.7,58
2008-08-20,9.4,11.7,55,0.00,53,2.65,0.0,16.8,14.2,44
2008-08-21,9.6,11.8,56,0.00,86,2.55,0.0,14.4,11.2,44
2008-08-22,11.0,14.7,62,0.00,140,2.47,0.0,16.3,10.5,44
2008-08-23,14.4,17.2,78,0.30,158,1.99,2.0,14.9,9.0,57
2008-08-24,13.2,17.0,86,1.30,48,1.47,4.0,22.6,14.8,69
2008-08-25,15.4,17.6,87,5.20,110,1.40,9.0,26.7,17.5,72
2008-08-26,15.1,18.0,60,0.00,223,3.59,0.0,21.2,17.9,46
2008-08-27,13.7,17.6,72,0.60,331,2.59,3.0,15.9,7.9,46
2008-08-28,10.7,14.2,70,0.20,332,2.05,1.0,19.9,16.5,57
2008-08-29,8.4,11.5,70,1.30,307,1.80,6.0,29.5,22.0,58
2008-08-30,6.4,7.7,77,2.60,303,1.30,14.0,27.6,23.8,70
2008-08-31,5.8,7.6,83,6.80,304,1.14,19.0,31.8,29.3,68
2008-09-01,7.0,8.8,75,0.10,303,1.38,1.0,28.6,18.0,65
2008-09-02,8.4,11.3,73,0.00,215,1.52,0.0,8.1,4.5,54
2008-09-03,9.0,12.0,71,0.00,18,1.73,0.0,7.9,5.0,51
2008-09-04,8.8,11.7,74,0.20,54,1.71,2.0,7.0,4.9,53
2008-09-05,8.7,11.8,74,0.00,35,1.61,0.0,9.8,6.5,51
2008-09-06,9.4,11.6,69,0.00,322,1.94,0.0,13.8,7.8,49
2008-09-07,9.4,14.4,66,0.10,254,2.09,1.0,16.4,11.3,51
2008-09-08,7.1,12.1,80,2.90,346,1.44,7.0,15.0,11.9,54
2008-09-09,6.2,9.2,69,0.00,336,1.47,0.0,14.5,8.7,50
2008-09-10,8.1,9.1,85,3.30,164,0.62,9.0,15.5,8.9,56
2008-09-11,7.1,8.4,93,9.60,80,0.40,9.0,22.1,15.3,89
2008-09-12,4.6,6.7,87,5.20,55,0.64,12.0,18.8,13.1,72
2008-09-13,7.3,10.9,80,2.00,185,1.19,6.0,17.3,11.4,66
2008-09-14,5.0,10.2,71,0.00,0,1.25,0.0,15.8,10.6,54
2008-09-15,4.5,6.0,76,1.20,71,0.83,7.0,16.1,12.3,55
2008-09-16,2.6,5.8,63,0.00,26,1.55,0.0,14.0,9.5,43
2008-09-17,3.2,4.6,76,5.90,124,0.65,10.0,27.6,17.0,45
2008-09-18,3.7,4.9,89,6.10,54,0.67,13.0,23.8,18.2,61
2008-09-19,2.3,4.3,66,0.00,101,1.20,0.0,19.0,13.5,58
2008-09-20,4.9,9.0,74,0.00,133,1.37,0.0,22.7,19.1,58
2008-09-21,8.0,11.9,85,0.00,125,1.22,0.0,17.8,13.5,70
2008-09-22,8.5,11.4,94,4.40,9,0.50,14.0,20.5,11.5,79
2008-09-23,5.3,8.7,98,36.50,350,0.15,24.0,38.1,31.4,96
2008-09-24,2.0,3.7,95,16.10,317,0.36,24.0,37.6,34.4,85
2008-09-25,1.9,3.3,90,6.70,304,0.47,24.0,29.9,26.2,81
2008-09-26,1.2,4.2,81,0.30,317,0.73,2.0,20.3,11.2,61
2008-09-27,4.4,7.8,77,0.00,133,1.10,0.0,21.6,19.0,64
2008-09-28,6.1,8.4,86,0.00,150,0.91,0.0,19.6,14.1,68
2008-09-29,8.2,11.6,86,0.00,162,1.06,0.0,15.9,13.2,70
2008-09-30,5.0,9.7,78,0.00,356,0.65,0.0,17.3,12.1,63
2008-10-01,6.4,11.3,76,0.00,111,1.29,0.0,26.3,21.5,63
2008-10-02,7.2,11.7,94,0.00,75,0.58,0.0,15.5,9.6,84
2008-10-03,10.4,14.1,84,0.00,108,1.17,0.0,29.5,25.9,72
2008-10-04,10.6,13.8,91,0.60,139,1.05,3.0,22.0,13.4,75
2008-10-05,11.0,14.9,89,0.80,104,0.94,3.0,23.6,18.4,72
2008-10-06,9.4,12.9,92,3.20,204,0.56,10.0,24.5,16.2,75
2008-10-07,3.5,7.1,77,0.00,305,0.81,0.0,22.9,12.0,65
2008-10-08,4.2,7.7,80,0.00,85,0.81,0.0,16.3,13.2,61
2008-10-09,3.0,6.5,78,0.00,80,0.59,0.0,15.3,12.5,69
2008-10-10,2.4,3.5,84,0.40,188,0.55,3.0,20.9,7.5,72
2008-10-11,4.8,7.2,71,0.00,172,1.37,0.0,34.9,30.4,65
2008-10-12,6.5,7.7,75,0.00,219,1.21,0.0,29.9,17.9,66
2008-10-13,4.6,6.6,88,0.00,108,0.48,0.0,21.6,14.0,78
2008-10-14,4.3,5.6,89,0.00,75,0.45,0.0,14.1,8.2,78
2008-10-15,3.2,5.6,84,0.00,212,0.56,0.0,12.5,8.4,68
2008-10-16,3.5,5.9,89,0.00,181,0.47,0.0,17.0,11.8,77
2008-10-17,0.5,4.5,79,0.00,355,0.53,0.0,17.9,15.7,66
2008-10-18,-2.2,-1.5,67,0.00,46,0.61,0.0,13.3,10.9,56
2008-10-19,-1.3,1.1,72,0.00,119,0.56,0.0,19.5,12.6,62
2008-10-20,2.7,4.7,82,0.00,159,0.60,0.0,21.8,15.6,72
2008-10-21,1.1,2.7,89,1.00,12,0.27,6.0,16.2,12.4,80
2008-10-22,-0.1,2.4,86,0.70,130,0.30,3.0,33.6,16.9,81
2008-10-23,2.5,4.4,88,0.00,225,0.36,0.0,28.5,18.4,84
2008-10-24,1.7,4.3,87,0.00,173,0.33,0.0,14.0,8.6,80
2008-10-25,-0.4,2.4,88,0.70,2,0.30,3.0,29.5,13.2,59
2008-10-26,-6.2,-2.2,62,0.10,302,0.82,1.0,35.3,27.1,46
2008-10-27,-4.9,-2.2,59,0.20,145,0.59,2.0,21.9,13.1,46
2008-10-28,-4.2,-2.2,77,0.00,350,0.30,0.0,12.4,9.1,62
2008-10-29,-4.5,-3.3,80,10.30,58,0.33,16.0,24.1,18.6,67
2008-10-30,-9.5,-4.8,83,2.20,16,0.21,5.0,21.7,11.6,79
2008-10-31,-9.7,-7.1,86,0.00,313,0.12,0.0,10.1,7.4,83
2008-11-01,-2.4,0.8,90,6.50,137,0.19,12.0,23.5,17.9,84
2008-11-02,-4.7,-0.3,88,0.00,329,0.15,0.0,19.0,11.9,85
2008-11-03,-2.6,-0.8,89,1.20,67,0.20,8.0,23.8,19.3,85
2008-11-04,-5.0,-3.6,84,2.30,69,0.32,12.0,25.8,24.5,83
2008-11-05,-5.1,-4.2,85,3.10,89,0.28,13.0,25.3,21.3,83
2008-11-06,-4.7,-3.9,86,0.00,87,0.22,0.0,19.5,17.9,85
2008-11-07,-2.0,-0.5,89,0.00,128,0.18,0.0,25.8,18.2,87
2008-11-08,0.2,1.2,93,0.50,182,0.15,3.0,28.1,17.3,90
2008-11-09,-3.8,-1.9,90,0.90,22,0.13,5.0,17.8,15.8,88
2008-11-10,-2.5,-0.9,93,4.30,20,0.11,18.0,17.5,13.4,86
2008-11-11,-10.3,-4.8,87,0.00,22,0.11,0.0,16.4,10.3,85
2008-11-12,-2.5,-1.2,88,0.30,124,0.20,3.0,24.3,20.7,87
2008-11-13,-3.4,-1.3,88,3.30,97,0.17,15.0,20.2,17.6,87
2008-11-14,-6.7,-5.0,89,1.60,61,0.06,10.0,14.3,6.5,88
2008-11-15,-9.9,-7.7,89,0.00,79,0.06,0.0,11.3,7.9,87
2008-11-16,-7.0,-4.3,89,1.90,169,0.11,6.0,20.4,15.2,85
2008-11-17,-10.6,-9.6,85,0.00,301,0.10,0.0,17.7,13.1,82
2008-11-18,-14.3,-10.8,82,0.00,42,0.09,0.0,13.8,11.9,78
2008-11-19,-17.7,-13.7,80,0.00,25,0.06,0.0,11.7,7.9,74
2008-11-20,-12.8,-10.3,84,0.00,79,0.09,0.0,26.8,12.4,81
2008-11-21,-11.4,-9.9,80,0.00,83,0.24,0.0,29.7,24.7,79
2008-11-22,-10.6,-9.3,83,2.90,90,0.13,9.0,18.1,13.8,81
2008-11-23,-15.8,-9.9,83,0.00,328,0.06,0.0,16.3,11.0,80
2008-11-24,-7.7,-4.9,89,0.00,133,0.08,0.0,22.2,13.8,84
2008-11-25,-9.1,-6.2,88,0.00,66,0.07,0.0,19.2,11.0,86
2008-11-26,-5.5,-3.8,92,0.00,132,0.04,0.0,20.8,11.3,89
2008-11-27,-10.8,-8.4,91,0.00,61,0.03,0.0,7.2,5.0,89
2008-11-28,-7.6,-6.1,90,0.00,112,0.08,0.0,22.6,18.6,88
2008-11-29,-10.2,-9.7,85,0.00,106,0.13,0.0,21.8,19.2,83
2008-11-30,-8.9,-7.3,87,0.30,114,0.10,3.0,18.4,16.3,85
2008-12-01,-8.7,-6.9,87,0.20,67,0.09,2.0,18.5,16.4,82
2008-12-02,-13.9,-10.8,80,0.80,338,0.11,8.0,17.9,15.7,77
2008-12-03,-16.8,-15.3,80,0.00,320,0.13,0.0,20.9,18.7,78
2008-12-04,-20.0,-17.6,79,0.00,81,0.07,0.0,20.2,11.6,77
2008-12-05,-24.3,-18.5,74,0.00,61,0.08,0.0,18.9,13.4,73
2008-12-06,-22.7,-18.6,78,0.00,106,0.08,0.0,18.2,14.2,74
2008-12-07,-22.8,-19.1,76,0.00,349,0.07,0.0,17.1,13.3,74
2008-12-08,-31.9,-28.4,72,0.00,334,0.04,0.0,14.9,12.2,70
2008-12-09,-35.5,-30.6,71,0.00,57,0.02,0.0,15.1,8.9,69
2008-12-10,-28.5,-26.9,72,0.00,87,0.05,0.0,15.2,12.2,71
2008-12-11,-31.8,-30.7,71,0.00,46,0.01,0.0,7.1,3.8,69
2008-12-12,-32.4,-30.9,72,0.00,337,0.04,0.0,17.9,14.2,71
2008-12-13,-32.8,-30.9,71,0.00,332,0.04,0.0,16.8,13.7,70
2008-12-14,-27.2,-26.2,75,0.00,323,0.07,0.0,18.2,16.9,73
2008-12-15,-23.1,-16.6,77,0.40,295,0.07,3.0,15.0,12.3,72
2008-12-16,-17.6,-16.5,84,0.20,69,0.02,2.0,10.0,6.8,82
2008-12-17,-14.7,-12.5,80,0.00,324,0.15,0.0,27.3,20.0,77
2008-12-18,-20.2,-17.0,79,0.00,327,0.07,0.0,18.5,12.2,77
2008-12-19,-28.7,-22.3,76,0.00,337,0.02,0.0,10.1,7.9,73
2008-12-20,-30.1,-29.2,72,0.10,268,0.01,1.0,9.7,4.6,70
2008-12-21,-29.0,-26.8,75,0.00,253,0.03,0.0,9.7,8.1,72
2008-12-22,-29.0,-27.9,79,0.00,296,0.02,0.0,10.2,9.6,75
2008-12-23,-32.7,-29.4,77,0.00,26,0.02,0.0,11.3,9.0,74
2008-12-24,-33.6,-30.8,78,0.00,114,0.03,0.0,14.2,13.0,77
2008-12-25,-28.9,-28.0,76,0.00,98,0.03,0.0,13.6,9.3,74
2008-12-26,-29.3,-28.3,76,0.00,132,0.01,0.0,8.5,5.9,73
2008-12-27,-28.3,-26.6,74,0.00,45,0.05,0.0,14.0,11.9,71
2008-12-28,-28.7,-27.3,72,0.00,336,0.06,0.0,14.6,13.1,71
2008-12-29,-32.6,-30.0,73,0.00,337,0.02,0.0,11.5,8.5,72
2008-12-30,-34.4,-33.2,71,0.00,342,0.02,0.0,9.6,7.6,71
2008-12-31,-37.4,-34.9,70,0.00,48,0.01,0.0,9.8,5.5,68
2009-01-01,-41.4,-39.7,70,0.00,17,0.01,0.0,9.4,7.9,69
2009-01-02,-41.7,-39.9,67,0.00,322,0.01,0.0,9.3,7.6,63
2009-01-03,-38.2,-34.8,72,0.00,137,0.02,0.0,15.8,10.4,70
2009-01-04,-31.9,-29.8,72,0.00,115,0.06,0.0,18.4,16.9,71
2009-01-05,-24.5,-18.8,71,0.50,102,0.14,5.0,22.2,20.0,69
2009-01-06,-18.8,-17.6,79,3.50,129,0.06,21.0,17.3,8.6,73
2009-01-07,-21.8,-20.7,79,0.00,41,0.01,0.0,7.3,3.7,77
2009-01-08,-27.2,-24.1,77,0.00,251,0.02,0.0,8.6,6.7,73
2009-01-09,-30.2,-28.6,74,0.00,271,0.04,0.0,14.5,11.4,72
2009-01-10,-33.9,-32.2,73,0.00,272,0.01,0.0,9.3,6.1,71
2009-01-11,-38.8,-37.0,73,0.00,313,0.02,0.0,11.0,9.0,71
2009-01-12,-41.0,-39.9,71,0.00,32,0.01,0.0,12.8,8.6,69
2009-01-13,-35.7,-34.2,71,0.00,89,0.04,0.0,17.6,13.3,70
2009-01-14,-36.4,-30.8,74,0.00,122,0.03,0.0,18.4,12.2,72
2009-01-15,-23.5,-18.1,77,0.00,134,0.11,0.0,22.3,20.3,73
2009-01-16,-15.0,-9.2,81,0.00,254,0.10,0.0,19.0,11.9,76
2009-01-17,-8.7,-7.0,85,0.00,177,0.10,0.0,17.1,13.1,76
2009-01-18,-8.2,-4.5,90,0.00,102,0.03,0.0,8.9,4.6,87
2009-01-19,-5.8,-4.2,87,0.00,130,0.08,0.0,20.9,10.6,81
2009-01-20,-5.9,-5.1,91,0.00,78,0.06,0.0,17.9,12.1,86
2009-01-21,-11.8,-5.8,78,3.10,42,0.17,18.0,21.1,16.5,70
2009-01-22,-23.8,-19.2,71,0.00,352,0.13,0.0,19.6,18.5,69
2009-01-23,-26.2,-21.8,71,0.00,301,0.12,0.0,21.5,18.8,64
2009-01-24,-23.1,-20.7,68,0.00,311,0.15,0.0,20.0,16.7,64
2009-01-25,-22.7,-21.1,70,0.00,313,0.11,0.0,18.0,11.6,65
2009-01-26,-23.2,-21.2,74,0.00,292,0.09,0.0,14.0,11.7,68
2009-01-27,-24.7,-22.0,77,0.00,69,0.05,0.0,10.5,8.7,73
2009-01-28,-21.5,-20.9,77,1.00,104,0.07,8.0,11.2,7.6,75
2009-01-29,-23.7,-23.3,78,0.00,344,0.06,0.0,17.6,11.0,72
2009-01-30,-28.1,-24.7,72,2.50,67,0.07,6.0,28.1,13.8,69
2009-01-31,-23.8,-23.3,72,3.00,61,0.13,10.0,28.8,17.9,66
2009-02-01,-29.1,-25.1,71,0.00,72,0.07,0.0,14.3,11.0,69
2009-02-02,-25.9,-21.4,71,2.00,122,0.13,6.0,27.8,22.3,68
2009-02-03,-23.9,-18.6,79,0.00,104,0.06,0.0,26.4,9.8,77
2009-02-04,-15.9,-11.0,79,2.90,258,0.17,8.0,28.7,22.0,66
2009-02-05,-25.1,-22.1,68,0.00,274,0.13,0.0,21.0,15.9,66
2009-02-06,-27.1,-24.5,73,0.00,300,0.08,0.0,16.6,10.6,68
2009-02-07,-27.8,-23.8,72,0.00,110,0.10,0.0,19.4,15.5,68
2009-02-08,-18.9,-14.1,78,4.10,114,0.16,17.0,23.7,17.7,69
2009-02-09,-21.8,-15.3,77,0.00,305,0.12,0.0,18.3,12.2,72
2009-02-10,-23.6,-19.4,73,0.90,56,0.10,9.0,10.5,8.3,70
2009-02-11,-23.8,-20.2,78,0.00,358,0.07,0.0,8.4,6.4,74
2009-02-12,-23.7,-20.8,76,0.00,358,0.08,0.0,7.4,4.1,72
2009-02-13,-24.1,-22.5,77,0.00,122,0.08,0.0,8.7,5.9,74
2009-02-14,-26.9,-24.4,78,0.00,113,0.09,0.0,11.6,10.5,74
2009-02-15,-23.0,-19.0,78,0.00,155,0.14,0.0,18.9,16.0,75
2009-02-16,-20.7,-16.8,78,0.00,61,0.12,0.0,11.1,6.5,75
2009-02-17,-20.0,-17.0,80,0.00,102,0.14,0.0,12.3,10.2,76
2009-02-18,-18.4,-16.2,81,0.00,28,0.15,0.0,8.6,5.8,75
2009-02-19,-19.0,-17.6,78,0.00,333,0.17,0.0,16.9,12.0,69
2009-02-20,-18.7,-10.5,79,0.30,218,0.20,2.0,18.3,12.3,75
2009-02-21,-14.0,-11.0,80,0.00,7,0.21,0.0,16.0,10.1,69
2009-02-22,-17.7,-14.1,74,0.70,16,0.19,7.0,20.5,14.9,66
2009-02-23,-28.5,-23.3,70,0.00,23,0.12,0.0,14.8,8.5,63
2009-02-24,-33.7,-29.4,69,0.00,39,0.08,0.0,10.8,9.3,61
2009-02-25,-35.8,-31.7,66,0.00,70,0.08,0.0,11.8,7.3,61
2009-02-26,-28.2,-22.9,67,0.00,147,0.17,0.0,24.3,19.6,63
2009-02-27,-26.0,-22.6,71,0.00,8,0.16,0.0,14.8,11.4,62
2009-02-28,-26.3,-22.4,73,0.00,198,0.15,0.0,21.9,12.3,66
2009-03-01,-22.4,-18.0,73,0.00,145,0.23,0.0,22.0,9.7,66
2009-03-02,-17.4,-12.3,78,0.00,86,0.27,0.0,13.4,11.1,72
2009-03-03,-12.8,-10.8,78,3.30,78,0.29,12.0,21.9,16.1,75
2009-03-04,-14.5,-10.9,80,0.00,305,0.27,0.0,24.0,16.8,67
2009-03-05,-21.2,-16.8,70,0.00,335,0.28,0.0,23.1,16.5,63
2009-03-06,-24.2,-19.5,73,0.00,132,0.19,0.0,21.9,14.6,68
2009-03-07,-18.3,-17.3,73,1.00,18,0.26,6.0,30.2,17.7,65
2009-03-08,-27.1,-20.5,65,0.00,345,0.21,0.0,29.8,23.3,57
2009-03-09,-32.5,-29.2,67,0.00,312,0.12,0.0,16.7,11.9,59
2009-03-10,-30.2,-25.8,67,0.00,239,0.19,0.0,9.6,5.8,57
2009-03-11,-29.9,-24.9,67,0.00,82,0.17,0.0,8.2,5.3,59
2009-03-12,-29.5,-24.6,69,0.00,17,0.17,0.0,14.1,8.5,63
2009-03-13,-30.4,-25.8,66,0.00,65,0.14,0.0,17.7,15.3,60
2009-03-14,-30.4,-26.4,65,0.00,81,0.17,0.0,17.5,16.1,61
2009-03-15,-26.2,-22.8,68,0.00,73,0.24,0.0,16.8,14.8,64
2009-03-16,-22.8,-19.1,70,0.00,59,0.30,0.0,17.2,14.8,65
2009-03-17,-21.5,-17.8,70,0.00,65,0.33,0.0,17.9,14.0,66
2009-03-18,-19.8,-15.9,75,0.00,107,0.33,0.0,15.9,12.0,69
2009-03-19,-17.1,-14.8,75,1.60,58,0.36,9.0,18.0,14.5,69
2009-03-20,-18.9,-15.2,73,0.00,340,0.42,0.0,15.5,10.6,63
2009-03-21,-18.6,-13.6,76,2.20,83,0.29,5.0,21.2,16.0,66
2009-03-22,-18.0,-13.1,75,0.20,269,0.42,2.0,21.3,14.9,62
2009-03-23,-19.3,-15.3,72,0.00,99,0.35,0.0,12.4,8.2,64
2009-03-24,-15.7,-12.7,77,0.00,13,0.42,0.0,17.9,10.1,68
2009-03-25,-18.6,-13.3,70,0.00,15,0.50,0.0,18.3,13.0,59
2009-03-26,-17.1,-9.0,76,0.00,147,0.50,0.0,24.8,17.1,62
2009-03-27,-6.5,-2.5,83,0.60,181,0.70,4.0,24.6,14.9,73
2009-03-28,-9.7,-3.4,76,0.90,301,0.51,5.0,16.6,14.1,61
2009-03-29,-16.0,-12.3,70,0.00,310,0.58,0.0,15.9,11.5,59
2009-03-30,-13.5,-5.7,76,0.00,123,0.67,0.0,22.5,16.4,62
2009-03-31,-9.4,-5.8,82,0.00,5,0.73,0.0,17.5,11.4,75
2009-04-01,-10.5,-7.3,78,0.00,318,0.71,0.0,17.4,10.6,67
2009-04-02,-11.6,-8.8,76,0.00,345,0.82,0.0,7.3,6.1,62
2009-04-03,-13.6,-8.9,76,0.00,56,0.81,0.0,10.0,6.8,61
2009-04-04,-11.1,-4.9,74,0.00,101,0.97,0.0,13.0,9.5,62
2009-04-05,-5.1,0.3,82,0.00,121,1.03,0.0,18.8,15.0,66
2009-04-06,-3.2,0.3,88,0.00,339,0.68,0.0,21.1,12.3,79
2009-04-07,-7.6,-4.4,80,0.00,24,0.79,0.0,17.7,10.8,73
2009-04-08,-8.3,-5.2,78,0.00,88,0.97,0.0,12.3,10.5,65
2009-04-09,-8.2,-3.4,78,0.00,105,0.95,0.0,20.1,18.5,67
2009-04-10,-2.7,1.0,86,0.00,129,1.09,0.0,19.2,12.2,69
2009-04-11,-0.6,3.7,88,0.00,132,1.23,0.0,17.3,14.5,75
2009-04-12,1.6,4.3,85,0.00,119,1.43,0.0,18.6,14.6,76
2009-04-13,1.5,3.8,92,14.80,46,0.62,20.0,12.2,8.0,80
2009-04-14,-0.7,1.3,88,3.50,285,0.86,20.0,15.6,13.3,73
2009-04-15,-3.9,-1.4,81,0.00,304,1.14,0.0,13.4,9.3,71
2009-04-16,-2.8,3.8,81,0.00,132,1.39,0.0,21.7,14.3,68
2009-04-17,1.9,5.5,74,0.00,141,1.94,0.0,23.0,20.1,64
2009-04-18,2.0,5.2,80,1.40,131,1.27,8.0,20.6,15.0,65
2009-04-19,0.5,2.3,92,6.00,326,0.65,19.0,22.5,12.5,86
2009-04-20,-5.5,-0.9,79,1.90,2,1.14,6.0,22.7,15.7,64
2009-04-21,-7.1,-2.2,70,0.00,82,1.23,0.0,15.9,13.4,52
2009-04-22,-7.6,-2.6,59,0.00,47,1.48,0.0,22.7,19.0,47
2009-04-23,-8.0,-5.2,68,0.00,345,1.11,0.0,20.5,14.8,55
2009-04-24,-8.6,-4.7,70,0.00,317,1.38,0.0,16.3,6.9,53
2009-04-25,-5.9,-1.2,67,0.00,320,1.15,0.0,20.6,7.6,50
2009-04-26,-3.7,-1.0,74,0.00,327,1.04,0.0,19.3,15.1,65
2009-04-27,-4.5,-1.6,69,0.00,22,1.58,0.0,14.2,7.9,50
2009-04-28,-3.9,1.5,71,0.00,195,1.65,0.0,17.2,9.8,52
2009-04-29,1.7,4.0,76,0.00,321,1.55,0.0,17.6,13.1,60
2009-04-30,1.4,5.1,83,0.00,314,1.65,0.0,12.6,8.0,68
2009-05-01,2.3,6.6,77,0.00,353,2.00,0.0,13.0,5.6,56
2009-05-02,4.2,9.0,74,0.00,304,2.54,0.0,16.8,13.4,57
2009-05-03,3.7,9.4,77,0.00,343,2.56,0.0,9.8,7.1,57
2009-05-04,2.0,7.9,71,0.00,50,2.03,0.0,14.6,11.7,53
2009-05-05,-3.4,2.2,60,0.00,74,1.94,0.0,20.6,16.6,49
2009-05-06,-2.0,2.9,70,0.00,89,1.60,0.0,16.2,12.1,52
2009-05-07,2.0,5.9,80,0.00,96,1.68,0.0,12.1,8.8,69
2009-05-08,3.1,6.7,79,0.00,307,1.78,0.0,15.4,6.9,64
2009-05-09,3.5,7.6,73,0.00,274,2.33,0.0,12.1,7.8,60
2009-05-10,3.4,7.6,85,1.80,116,1.56,6.0,22.6,9.0,69
2009-05-11,-0.1,5.6,64,0.20,13,1.76,2.0,22.7,13.1,38
2009-05-12,-3.6,-0.5,50,0.00,14,2.00,0.0,15.5,7.0,38
2009-05-13,-2.2,2.0,59,0.70,177,2.03,1.0,22.8,16.4,40
2009-05-14,0.3,2.0,72,2.00,188,1.44,8.0,25.5,12.6,58
2009-05-15,-2.4,1.7,52,0.00,319,2.47,0.0,24.7,10.0,40
2009-05-16,-0.9,1.7,58,0.00,344,2.16,0.0,19.8,11.0,31
2009-05-17,-3.9,1.0,51,0.00,351,2.33,0.0,21.7,15.7,34
2009-05-18,-1.6,5.2,53,0.00,200,2.50,0.0,13.9,9.4,35
2009-05-19,2.3,6.8,63,0.00,117,3.01,0.0,10.7,6.5,41
2009-05-20,-1.5,6.4,57,0.00,65,2.62,0.0,18.3,13.8,42
2009-05-21,-1.7,3.2,55,0.00,75,2.68,0.0,15.4,9.2,45
2009-05-22,2.7,10.8,64,0.00,218,3.26,0.0,9.8,6.2,42
2009-05-23,4.6,10.7,65,0.00,119,3.15,0.0,16.1,11.7,42
2009-05-24,3.1,10.4,64,0.00,48,2.20,0.0,17.9,13.5,44
2009-05-25,0.8,5.2,57,0.00,68,2.79,0.0,13.1,8.4,40
2009-05-26,1.2,6.2,61,0.00,134,2.97,0.0,14.4,10.4,41
2009-05-27,2.3,8.0,58,0.00,74,3.26,0.0,19.0,14.0,38
2009-05-28,4.0,9.9,60,0.00,46,3.47,0.0,15.7,11.5,38
2009-05-29,4.7,10.0,59,0.00,119,3.39,0.0,16.7,10.4,34
2009-05-30,6.7,9.9,60,7.00,114,2.44,9.0,34.3,27.4,34
2009-05-31,4.5,11.1,72,0.20,70,3.04,1.0,26.4,16.5,43
2009-06-01,5.4,11.2,67,0.00,157,3.14,0.0,14.0,9.5,42
2009-06-02,8.6,15.6,63,0.00,189,3.00,0.0,15.7,8.8,42
2009-06-03,9.1,15.6,66,0.20,350,3.07,1.0,28.7,17.0,41
2009-06-04,4.2,7.5,62,0.00,35,2.64,0.0,22.5,11.8,52
2009-06-05,4.1,8.0,63,0.00,93,2.79,0.0,12.8,8.7,52
2009-06-06,5.1,10.5,67,0.00,124,3.13,0.0,17.3,13.9,48
2009-06-07,7.7,12.5,58,0.00,130,3.75,0.0,19.8,17.4,39
2009-06-08,9.7,15.0,55,0.00,150,4.10,0.0,18.9,16.2,38
2009-06-09,11.8,17.3,55,0.40,154,4.21,2.0,14.8,8.7,40
2009-06-10,11.6,16.5,65,0.70,340,3.30,2.0,20.1,13.2,48
2009-06-11,9.1,13.2,65,0.00,30,3.58,0.0,18.9,10.1,49
2009-06-12,8.4,13.5,58,0.60,158,3.40,1.0,19.9,13.7,46
2009-06-13,11.1,15.0,72,1.50,336,3.19,4.0,14.3,11.0,44
2009-06-14,9.6,14.8,72,0.40,121,2.20,3.0,10.5,6.3,44
2009-06-15,10.7,14.2,72,0.00,128,3.37,0.0,14.4,8.9,46
2009-06-16,13.8,20.7,50,0.00,98,4.82,0.0,15.2,11.7,35
2009-06-17,13.4,20.1,62,1.10,86,4.03,4.0,26.6,21.5,38
2009-06-18,11.2,14.1,73,0.00,101,2.61,0.0,16.1,9.3,63
2009-06-19,11.4,14.7,81,3.40,345,2.06,11.0,10.6,5.5,55
2009-06-20,12.4,18.0,63,0.00,321,4.20,0.0,12.7,8.1,34
2009-06-21,14.4,19.1,53,0.00,106,4.57,0.0,15.3,10.5,34
2009-06-22,16.7,21.5,51,0.00,117,5.16,0.0,14.8,12.6,34
2009-06-23,13.2,20.6,75,13.40,71,1.66,13.0,20.8,13.7,37
2009-06-24,8.8,13.1,93,7.80,173,1.36,10.0,18.2,12.4,66
2009-06-25,11.7,14.5,68,0.00,355,3.61,0.0,16.2,10.2,53
2009-06-26,11.9,17.3,65,0.00,34,4.20,0.0,18.9,15.3,47
2009-06-27,13.2,17.9,67,0.00,95,3.66,0.0,15.2,12.4,49
2009-06-28,13.4,18.1,83,4.40,137,2.98,12.0,18.1,16.5,56
2009-06-29,14.5,16.6,71,0.20,93,2.72,2.0,22.7,14.0,58
2009-06-30,14.6,19.0,64,0.00,99,4.55,0.0,22.0,19.1,46
2009-07-01,13.3,18.9,78,4.00,69,2.39,9.0,17.3,13.5,46
2009-07-02,10.5,12.2,94,3.90,82,0.95,12.0,13.5,10.6,83
2009-07-03,11.8,16.5,86,2.30,113,2.79,5.0,8.5,5.5,68
2009-07-04,13.6,17.0,86,1.10,55,3.01,5.0,8.3,4.6,65
2009-07-05,14.8,18.1,79,0.60,255,3.44,3.0,10.4,4.4,59
2009-07-06,13.7,16.4,84,4.50,230,2.41,9.0,10.7,7.9,65
2009-07-07,14.7,19.3,65,0.50,326,4.09,2.0,12.6,10.0,37
2009-07-08,13.0,18.3,66,2.40,304,2.88,5.0,25.9,18.3,43
2009-07-09,9.1,11.3,55,0.00,328,3.37,0.0,23.5,11.0,38
2009-07-10,10.0,14.4,58,0.00,177,3.68,0.0,18.5,14.2,40
2009-07-11,12.9,15.6,61,0.00,262,3.52,0.0,13.3,9.4,41
2009-07-12,13.0,16.3,59,0.00,5,3.85,0.0,13.6,11.0,37
2009-07-13,12.4,16.4,48,0.00,71,4.43,0.0,17.3,13.0,33
2009-07-14,13.0,15.8,51,0.00,194,4.23,0.0,24.5,14.0,33
2009-07-15,14.2,18.3,61,0.00,179,3.89,0.0,24.9,21.6,45
2009-07-16,11.7,17.1,65,1.80,323,3.66,6.0,24.5,12.9,38
2009-07-17,13.0,16.0,61,0.00,263,4.10,0.0,19.7,14.6,42
2009-07-18,15.1,19.5,59,0.00,146,4.37,0.0,18.9,14.3,47
2009-07-19,16.6,22.0,67,0.00,72,3.96,0.0,13.0,7.0,41
2009-07-20,19.6,23.9,56,0.10,308,4.41,1.0,10.5,6.2,38
2009-07-21,20.1,23.8,56,0.00,179,4.83,0.0,17.0,9.5,37
2009-07-22,18.3,23.1,60,0.00,128,4.44,0.0,17.2,13.1,38
2009-07-23,16.6,20.3,67,0.00,130,3.73,0.0,15.2,9.6,51
2009-07-24,19.1,24.7,64,0.00,165,4.74,0.0,16.1,13.0,43
2009-07-25,19.7,24.8,68,0.20,324,3.72,2.0,13.4,8.3,42
2009-07-26,17.6,22.0,66,0.30,322,4.14,2.0,19.1,13.7,43
2009-07-27,19.9,22.7,52,0.00,195,4.06,0.0,11.8,4.9,40
2009-07-28,19.5,22.5,57,0.00,148,4.18,0.0,11.9,8.5,41
2009-07-29,18.2,21.7,58,0.20,164,3.88,1.0,17.2,12.2,45
2009-07-30,16.5,19.9,60,0.00,77,4.07,0.0,16.9,9.6,37
2009-07-31,16.7,20.0,52,0.00,169,4.64,0.0,17.0,13.0,34
2009-08-01,17.0,21.1,48,0.10,85,4.28,1.0,13.2,9.4,34
2009-08-02,14.0,20.2,53,0.00,37,3.58,0.0,20.3,15.3,38
2009-08-03,13.5,17.8,54,0.00,31,2.86,0.0,15.9,11.2,38
2009-08-04,14.8,18.0,54,0.00,42,3.20,0.0,14.2,9.4,34
2009-08-05,16.5,20.0,57,0.00,202,3.41,0.0,17.3,10.7,34
2009-08-06,18.4,24.5,62,0.00,204,4.32,0.0,20.1,11.3,37
2009-08-07,15.9,23.6,53,0.10,335,4.30,1.0,22.7,14.6,37
2009-08-08,14.3,17.5,69,6.50,127,2.57,13.0,14.1,11.5,39
2009-08-09,14.5,17.7,67,0.00,150,2.93,0.0,19.6,10.6,50
2009-08-10,15.8,19.9,61,0.00,151,3.94,0.0,19.9,16.0,41
2009-08-11,14.0,19.6,76,8.70,81,1.97,19.0,24.0,18.7,43
2009-08-12,10.5,13.0,62,0.60,54,2.74,5.0,24.8,21.0,50
2009-08-13,11.2,12.9,70,0.20,146,2.02,1.0,15.6,9.4,52
2009-08-14,11.8,14.9,68,0.00,161,2.99,0.0,22.5,15.7,50
2009-08-15,14.4,18.1,72,0.10,160,3.34,1.0,20.8,13.5,50
2009-08-16,16.5,19.9,77,0.00,169,3.13,0.0,21.7,14.6,58
2009-08-17,18.0,23.0,72,1.10,185,3.33,1.0,15.2,11.5,53
2009-08-18,16.1,20.5,78,0.50,324,1.96,3.0,21.6,17.4,67
2009-08-19,13.5,16.0,78,2.60,41,1.48,7.0,15.5,8.2,72
2009-08-20,13.9,17.7,79,0.50,212,2.33,3.0,12.7,6.3,54
2009-08-21,15.4,20.3,77,2.00,76,2.51,9.0,16.6,11.7,48
2009-08-22,14.3,19.9,70,0.00,81,2.82,0.0,27.1,24.6,50
2009-08-23,13.4,16.0,82,2.10,103,1.70,8.0,26.3,23.1,62
2009-08-24,14.1,16.2,81,0.00,106,1.95,0.0,18.4,15.6,65
2009-08-25,12.5,15.3,77,0.00,115,1.79,0.0,22.2,17.4,65
2009-08-26,12.6,15.6,84,4.40,127,1.37,13.0,21.7,17.2,65
2009-08-27,15.0,18.8,77,0.00,239,2.65,0.0,13.4,10.3,49
2009-08-28,14.8,18.2,72,0.00,121,2.40,0.0,21.9,14.3,52
2009-08-29,17.3,23.0,71,0.00,179,3.33,0.0,24.5,14.4,52
2009-08-30,19.1,23.3,71,0.00,199,3.26,0.0,17.4,10.1,50
2009-08-31,17.0,22.4,68,0.40,268,2.75,2.0,26.5,16.9,56
2009-09-01,11.9,17.5,67,0.00,273,2.63,0.0,25.0,13.6,52
2009-09-02,15.2,19.4,69,0.00,203,2.88,0.0,17.8,11.5,50
2009-09-03,16.6,21.6,65,0.00,131,3.23,0.0,14.9,13.6,42
2009-09-04,15.8,21.3,73,0.00,113,1.98,0.0,16.1,12.5,44
2009-09-05,14.7,16.9,76,0.00,11,1.74,0.0,24.0,13.8,54
2009-09-06,10.8,14.1,64,0.20,81,2.24,1.0,18.7,16.9,54
2009-09-07,10.9,13.6,79,7.80,82,1.22,8.0,24.2,21.0,56
2009-09-08,12.4,15.2,94,5.90,104,1.12,11.0,23.2,14.3,81
2009-09-09,10.8,14.9,90,1.50,337,0.72,2.0,16.3,13.0,79
2009-09-10,9.8,11.5,79,0.00,280,0.94,0.0,11.1,7.8,66
2009-09-11,13.5,17.9,77,0.00,165,2.13,0.0,24.4,19.5,65
2009-09-12,15.3,18.3,60,0.00,242,3.13,0.0,23.3,15.4,45
2009-09-13,14.8,20.2,69,0.00,120,2.68,0.0,21.0,15.0,48
2009-09-14,16.8,22.8,77,0.00,128,2.40,0.0,20.7,9.9,56
2009-09-15,15.1,22.6,75,0.00,0,1.95,0.0,24.9,19.1,60
2009-09-16,11.3,13.6,76,0.00,35,1.67,0.0,22.0,13.0,63
2009-09-17,11.7,13.9,81,1.90,126,1.24,6.0,31.1,24.3,64
2009-09-18,12.5,15.5,77,0.30,202,1.85,1.0,21.0,18.2,57
2009-09-19,12.5,15.2,79,2.90,201,1.20,7.0,20.9,13.5,62
2009-09-20,8.8,12.5,79,0.60,311,1.10,4.0,22.0,19.1,68
2009-09-21,7.9,9.1,82,5.90,132,0.70,8.0,19.7,12.2,69
2009-09-22,8.5,10.3,91,1.40,130,0.63,6.0,12.3,7.7,78
2009-09-23,8.4,11.3,92,2.60,84,0.95,6.0,17.9,8.5,70
2009-09-24,11.7,13.7,81,7.10,171,1.21,6.0,35.1,26.5,70
2009-09-25,8.9,12.9,75,0.00,263,1.58,0.0,32.8,15.0,63
2009-09-26,8.5,12.2,87,1.80,73,0.62,7.0,16.2,12.5,75
2009-09-27,4.6,6.6,76,0.00,45,0.81,0.0,16.0,9.6,65
2009-09-28,5.6,7.4,75,0.00,116,0.97,0.0,22.0,15.0,63
2009-09-29,5.9,7.0,89,9.20,112,0.56,23.0,24.3,19.2,75
2009-09-30,4.9,6.4,88,2.90,346,0.71,9.0,18.7,14.6,61
2009-10-01,4.6,6.9,74,0.40,129,0.82,2.0,18.9,11.0,59
2009-10-02,4.5,6.6,75,0.00,96,0.87,0.0,19.2,15.9,62
2009-10-03,3.6,4.6,83,0.00,29,0.50,0.0,12.8,8.6,76
2009-10-04,4.7,6.7,75,0.00,183,0.89,0.0,26.7,13.6,66
2009-10-05,5.0,6.8,82,0.00,197,0.86,0.0,21.7,9.5,66
2009-10-06,2.3,6.2,83,0.20,342,0.64,2.0,26.5,14.2,63
2009-10-07,-0.8,2.5,65,0.00,328,1.15,0.0,27.6,26.3,42
2009-10-08,-2.3,0.1,67,0.00,336,0.90,0.0,23.3,19.5,49
2009-10-09,-2.6,-0.4,61,0.00,350,1.03,0.0,21.8,19.9,52
2009-10-10,-3.1,-1.6,58,0.00,1,0.76,0.0,18.0,11.5,52
2009-10-11,-4.0,-2.1,49,0.00,48,0.87,0.0,16.1,10.6,39
2009-10-12,-4.8,-2.7,58,0.00,55,0.78,0.0,15.0,10.4,44
2009-10-13,-3.4,-1.5,66,0.00,217,0.54,0.0,18.6,7.8,48
2009-10-14,-1.8,0.1,58,0.00,218,1.02,0.0,18.1,15.4,49
2009-10-15,-0.6,2.2,66,0.00,197,0.82,0.0,17.8,11.8,58
2009-10-16,1.4,3.7,81,0.00,189,0.67,0.0,17.9,15.6,68
2009-10-17,1.1,2.3,92,2.10,39,0.19,11.0,12.0,9.3,78
2009-10-18,-1.7,0.8,81,0.70,44,0.38,5.0,13.5,10.1,64
2009-10-19,-2.5,-1.6,74,0.00,310,0.36,0.0,10.7,6.3,63
2009-10-20,-3.8,-2.2,71,0.00,336,0.34,0.0,10.2,6.7,53
2009-10-21,-3.5,-1.1,66,0.30,98,0.53,3.0,18.9,12.5,53
2009-10-22,-0.9,1.6,84,1.60,111,0.44,10.0,23.2,21.3,74
2009-10-23,1.8,2.2,95,1.70,145,0.17,8.0,17.8,14.0,92
2009-10-24,1.6,2.7,95,0.00,114,0.19,0.0,12.8,11.6,92
2009-10-25,1.2,1.8,97,2.00,133,0.16,13.0,14.8,9.8,94
2009-10-26,0.7,1.4,94,0.00,109,0.19,0.0,16.8,13.1,89
2009-10-27,0.3,0.8,90,0.00,53,0.22,0.0,13.0,12.1,84
2009-10-28,-0.7,0.1,87,0.00,91,0.27,0.0,19.3,14.7,76
2009-10-29,-1.1,-0.3,87,0.00,101,0.30,0.0,20.8,17.7,79
2009-10-30,-2.8,-1.2,83,0.00,63,0.28,0.0,18.4,14.4,74
2009-10-31,-5.2,-3.9,78,0.00,71,0.37,0.0,19.8,16.6,71
2009-11-01,-7.3,-4.9,76,0.00,25,0.28,0.0,16.4,11.6,71
2009-11-02,-11.1,-8.7,75,0.00,310,0.18,0.0,10.7,6.5,68
2009-11-03,-10.5,-9.1,76,0.90,17,0.18,6.0,15.1,10.2,68
2009-11-04,-13.4,-11.6,76,0.00,9,0.16,0.0,14.6,7.5,70
2009-11-05,-7.3,-2.3,83,2.90,110,0.26,9.0,26.6,20.8,74
2009-11-06,-1.1,0.5,92,0.70,101,0.15,2.0,19.3,16.6,89
2009-11-07,-2.7,0.5,91,7.70,244,0.15,21.0,17.9,15.2,81
2009-11-08,-8.4,-6.8,84,1.40,278,0.19,11.0,18.3,16.6,80
2009-11-09,-11.0,-8.8,85,0.00,21,0.09,0.0,13.1,8.7,81
2009-11-10,-6.8,-6.0,88,0.10,64,0.13,1.0,18.4,15.2,85
2009-11-11,-8.3,-6.2,85,3.60,6,0.09,19.0,13.2,9.5,80
2009-11-12,-9.6,-5.0,86,0.00,124,0.11,0.0,21.1,10.0,84
2009-11-13,-2.6,-0.8,90,0.00,148,0.15,0.0,22.9,17.8,89
2009-11-14,-8.3,-2.8,84,0.80,198,0.22,4.0,29.8,18.4,76
2009-11-15,-0.8,0.7,70,0.70,194,0.85,3.0,35.9,29.4,61
2009-11-16,-13.0,-3.1,82,0.00,10,0.11,0.0,17.8,11.1,71
2009-11-17,-9.9,-6.3,83,0.30,84,0.22,2.0,28.8,20.1,69
2009-11-18,-7.4,-5.5,83,3.40,51,0.22,17.0,28.4,20.0,80
2009-11-19,-15.6,-11.1,82,0.00,293,0.10,0.0,19.9,12.7,79
2009-11-20,-21.3,-11.6,80,0.00,69,0.07,0.0,18.4,10.4,78
2009-11-21,-11.1,-9.7,82,2.60,83,0.20,13.0,23.3,20.8,80
2009-11-22,-11.9,-9.6,84,0.00,41,0.08,0.0,16.6,11.1,81
2009-11-23,-18.8,-15.7,83,0.00,286,0.04,0.0,11.1,7.3,81
2009-11-24,-13.9,-8.9,84,0.00,100,0.08,0.0,13.7,10.2,82
2009-11-25,-8.4,-6.6,86,0.10,120,0.14,1.0,23.7,18.6,85
2009-11-26,-5.5,-5.0,90,1.70,96,0.08,5.0,22.2,12.7,87
2009-11-27,-4.2,-3.3,94,0.00,110,0.06,0.0,8.8,7.5,92
2009-11-28,-4.2,-3.5,94,0.00,146,0.04,0.0,8.0,4.4,92
2009-11-29,-5.8,-4.4,92,0.00,139,0.04,0.0,16.4,13.6,91
2009-11-30,-7.3,-7.0,90,0.00,38,0.05,0.0,13.5,9.8,88
2009-12-01,-10.2,-8.1,87,0.00,323,0.04,0.0,15.4,10.4,85
2009-12-02,-10.9,-8.9,88,0.00,147,0.06,0.0,25.1,13.5,86
2009-12-03,-6.1,-3.7,84,0.00,161,0.24,0.0,27.2,23.9,81
2009-12-04,-5.3,-3.6,86,0.30,339,0.17,3.0,31.0,19.2,79
2009-12-05,-13.8,-9.1,76,0.00,341,0.21,0.0,27.9,22.4,71
2009-12-06,-25.2,-20.5,76,0.00,50,0.04,0.0,15.0,9.6,72
2009-12-07,-19.4,-17.9,79,0.00,116,0.09,0.0,18.2,15.6,77
2009-12-08,-23.0,-20.8,78,0.00,347,0.03,0.0,11.6,7.8,75
2009-12-09,-19.5,-17.4,78,0.00,308,0.10,0.0,21.0,15.3,73
2009-12-10,-27.8,-19.7,71,0.00,347,0.07,0.0,19.4,15.1,61
2009-12-11,-36.9,-33.2,64,0.00,14,0.04,0.0,15.8,13.6,63
2009-12-12,-31.4,-26.2,70,0.00,338,0.06,0.0,17.3,16.0,66
2009-12-13,-31.5,-28.0,69,0.00,351,0.05,0.0,14.6,11.8,68
2009-12-14,-32.3,-31.2,70,0.00,291,0.02,0.0,9.8,6.9,67
2009-12-15,-32.1,-30.4,79,0.00,140,0.02,0.0,14.1,11.5,77
2009-12-16,-31.7,-30.7,76,0.00,97,0.02,0.0,12.6,9.1,73
2009-12-17,-26.5,-24.0,70,0.00,102,0.09,0.0,16.9,15.4,68
2009-12-18,-18.8,-13.1,76,0.00,117,0.15,0.0,27.9,21.5,70
2009-12-19,-9.2,-7.7,88,2.00,131,0.09,6.0,27.8,18.6,83
2009-12-20,-11.3,-9.6,87,0.00,283,0.04,0.0,15.0,11.7,84
2009-12-21,-16.4,-14.5,82,0.00,353,0.03,0.0,9.5,7.5,74
2009-12-22,-22.3,-18.9,79,0.00,12,0.02,0.0,8.7,7.1,78
2009-12-23,-24.3,-20.7,81,0.00,234,0.02,0.0,9.4,7.5,79
2009-12-24,-19.4,-18.1,81,0.00,125,0.06,0.0,17.9,13.8,79
2009-12-25,-20.1,-18.0,80,0.00,135,0.04,0.0,17.1,9.6,79
2009-12-26,-15.3,-13.2,83,0.00,360,0.03,0.0,16.7,7.5,81
2009-12-27,-20.9,-15.1,75,0.00,11,0.10,0.0,19.7,14.2,72
2009-12-28,-21.0,-18.3,76,1.50,94,0.09,12.0,14.8,13.0,74
2009-12-29,-22.7,-18.1,74,0.90,52,0.08,5.0,14.5,12.2,70
2009-12-30,-31.7,-30.4,71,0.00,343,0.04,0.0,14.3,11.6,68
2009-12-31,-33.0,-29.8,75,0.00,227,0.03,0.0,18.8,11.1,70
2010-01-01,-29.9,-28.0,76,0.00,179,0.03,0.0,19.4,11.1,72
2010-01-02,-34.5,-32.3,74,0.00,323,0.02,0.0,13.3,9.4,71
2010-01-03,-34.8,-32.4,78,0.00,159,0.02,0.0,15.9,11.6,74
2010-01-04,-34.4,-33.0,75,0.00,110,0.02,0.0,10.8,8.2,74
2010-01-05,-34.7,-33.5,75,0.00,106,0.02,0.0,11.7,10.5,74
2010-01-06,-30.8,-26.0,74,0.00,139,0.06,0.0,22.3,16.9,71
2010-01-07,-21.0,-18.9,74,0.00,148,0.12,0.0,23.3,16.9,71
2010-01-08,-21.6,-17.0,79,0.50,14,0.04,2.0,11.2,6.8,76
2010-01-09,-18.8,-16.1,76,5.60,339,0.12,11.0,24.0,17.4,70
2010-01-10,-25.5,-24.8,71,0.50,34,0.07,5.0,12.8,10.8,69
2010-01-11,-24.4,-23.0,72,6.90,63,0.10,19.0,20.1,15.4,70
2010-01-12,-25.8,-23.0,75,0.20,360,0.05,2.0,13.3,8.8,73
2010-01-13,-25.4,-23.8,74,1.90,306,0.05,8.0,14.4,10.5,72
2010-01-14,-28.8,-26.0,73,1.40,76,0.05,6.0,17.4,10.3,70
2010-01-15,-22.9,-18.9,75,0.00,106,0.11,0.0,19.7,17.2,71
2010-01-16,-19.2,-16.5,80,0.60,328,0.05,4.0,16.0,10.3,73
2010-01-17,-19.5,-15.3,81,0.00,134,0.08,0.0,19.1,13.4,73
2010-01-18,-16.7,-13.5,84,0.00,243,0.03,0.0,12.2,8.7,78
2010-01-19,-19.6,-17.1,77,0.00,59,0.08,0.0,16.2,10.2,76
2010-01-20,-15.1,-13.6,83,0.00,102,0.11,0.0,18.7,16.1,80
2010-01-21,-11.0,-8.2,86,0.00,106,0.11,0.0,17.4,15.5,84
2010-01-22,-8.3,-7.3,88,0.00,107,0.07,0.0,15.3,10.5,86
2010-01-23,-11.1,-9.4,83,0.00,326,0.13,0.0,19.9,15.2,78
2010-01-24,-18.1,-13.6,77,0.00,350,0.12,0.0,18.0,14.4,71
2010-01-25,-27.2,-24.4,74,0.00,329,0.05,0.0,14.9,9.1,73
2010-01-26,-25.2,-24.3,73,0.00,320,0.09,0.0,16.6,12.7,70
2010-01-27,-26.1,-24.6,74,0.00,141,0.05,0.0,10.9,8.4,71
2010-01-28,-27.1,-24.3,76,0.00,15,0.04,0.0,10.7,7.6,73
2010-01-29,-26.3,-25.2,71,0.00,59,0.09,0.0,15.4,13.6,66
2010-01-30,-28.5,-25.9,68,0.00,72,0.08,0.0,14.8,11.8,66
2010-01-31,-30.9,-27.2,68,0.00,111,0.07,0.0,15.3,12.6,61
2010-02-01,-26.2,-24.7,65,0.00,107,0.13,0.0,16.5,14.7,62
2010-02-02,-25.2,-22.7,77,0.00,106,0.06,0.0,11.0,6.6,75
2010-02-03,-24.5,-23.1,75,0.00,328,0.08,0.0,15.0,10.3,68
2010-02-04,-28.4,-24.6,75,0.00,114,0.07,0.0,19.5,13.6,70
2010-02-05,-23.5,-18.8,77,0.00,115,0.11,0.0,19.6,15.1,73
2010-02-06,-15.8,-12.8,85,0.00,140,0.14,0.0,23.9,21.7,83
2010-02-07,-11.1,-9.4,88,0.00,148,0.16,0.0,22.0,20.8,85
2010-02-08,-10.2,-9.1,89,0.00,151,0.13,0.0,18.5,14.5,87
2010-02-09,-10.1,-9.6,89,0.00,121,0.11,0.0,14.7,13.0,88
2010-02-10,-10.1,-9.6,89,0.00,125,0.11,0.0,12.2,8.3,87
2010-02-11,-10.6,-9.4,89,0.00,151,0.12,0.0,12.2,8.5,87
2010-02-12,-11.7,-9.8,85,0.00,135,0.16,0.0,19.7,16.8,82
2010-02-13,-11.5,-9.1,84,0.00,138,0.21,0.0,18.1,16.7,82
2010-02-14,-9.3,-6.9,87,0.00,127,0.21,0.0,17.7,15.4,82
2010-02-15,-7.6,-6.4,87,0.00,140,0.23,0.0,18.1,12.8,82
2010-02-16,-10.3,-8.0,90,0.00,132,0.18,0.0,11.6,9.6,86
2010-02-17,-9.7,-7.0,86,0.00,142,0.24,0.0,15.5,12.0,82
2010-02-18,-10.3,-8.1,84,0.00,317,0.23,0.0,16.0,12.7,81
2010-02-19,-11.4,-10.2,84,0.00,111,0.16,0.0,11.2,8.1,82
2010-02-20,-11.9,-9.6,85,0.00,128,0.21,0.0,11.5,10.4,82
2010-02-21,-13.1,-10.2,82,0.00,3,0.20,0.0,15.8,11.9,70
2010-02-22,-22.1,-16.8,74,0.00,352,0.16,0.0,10.9,7.2,68
2010-02-23,-24.2,-20.8,75,0.00,116,0.13,0.0,10.2,7.5,66
2010-02-24,-20.4,-17.7,71,0.00,71,0.21,0.0,12.7,9.8,68
2010-02-25,-22.0,-18.2,76,0.10,14,0.14,1.0,11.8,6.8,71
2010-02-26,-24.1,-18.9,73,0.00,63,0.17,0.0,10.9,8.1,70
2010-02-27,-17.9,-11.4,77,0.00,100,0.28,0.0,17.5,16.0,73
2010-02-28,-9.2,-6.2,89,0.00,109,0.28,0.0,18.9,11.7,83
2010-03-01,-8.3,-3.5,92,0.00,131,0.28,0.0,19.9,13.2,87
2010-03-02,-3.7,-0.4,90,0.00,134,0.39,0.0,16.4,13.4,84
2010-03-03,-2.0,1.2,88,0.00,157,0.50,0.0,11.4,9.4,82
2010-03-04,-2.4,1.0,87,0.00,218,0.54,0.0,15.1,11.3,78
2010-03-05,-3.5,0.5,84,0.10,192,0.41,1.0,15.5,11.1,79
2010-03-06,-4.1,-1.3,85,0.10,217,0.50,1.0,13.8,9.5,78
2010-03-07,-2.7,0.5,86,0.00,129,0.61,0.0,20.9,16.8,83
2010-03-08,-2.1,0.1,83,0.00,238,0.64,0.0,17.6,13.1,66
2010-03-09,-6.6,-1.8,79,0.00,186,0.58,0.0,22.9,14.2,71
2010-03-10,-3.8,-2.2,72,0.00,173,0.92,0.0,24.6,22.7,70
2010-03-11,-5.5,-1.3,83,0.00,156,0.63,0.0,18.1,11.8,72
2010-03-12,-2.0,-0.8,85,0.00,131,0.73,0.0,21.7,18.2,77
2010-03-13,-5.0,-1.1,88,0.00,210,0.65,0.0,12.4,8.6,81
2010-03-14,-4.3,-0.2,77,0.00,174,0.87,0.0,23.8,16.7,66
2010-03-15,-1.3,2.4,81,0.40,157,0.82,2.0,16.9,14.5,73
2010-03-16,-3.0,2.3,85,0.00,304,0.46,0.0,20.5,17.3,77
2010-03-17,-10.4,-7.4,77,0.00,18,0.45,0.0,17.7,12.5,70
2010-03-18,-15.4,-10.5,74,0.00,345,0.45,0.0,15.6,12.6,65
2010-03-19,-13.0,-7.6,76,0.00,257,0.55,0.0,17.5,14.6,66
2010-03-20,-16.0,-8.1,74,0.00,17,0.41,0.0,14.4,12.3,63
2010-03-21,-21.3,-16.9,72,0.00,315,0.36,0.0,14.8,11.8,63
2010-03-22,-22.3,-17.8,71,0.00,305,0.32,0.0,14.1,10.6,62
2010-03-23,-22.7,-18.6,70,0.00,328,0.28,0.0,20.8,12.3,53
2010-03-24,-24.2,-20.3,68,0.00,317,0.36,0.0,20.2,9.1,54
2010-03-25,-20.0,-15.5,68,0.00,91,0.37,0.0,16.3,13.6,62
2010-03-26,-19.1,-15.0,71,0.00,67,0.50,0.0,13.8,8.7,65
2010-03-27,-16.7,-9.0,76,0.00,117,0.52,0.0,18.6,11.9,68
2010-03-28,-8.6,-0.9,81,0.00,104,0.66,0.0,22.0,14.0,73
2010-03-29,-2.7,0.2,89,1.30,122,0.89,5.0,24.9,13.8,80
2010-03-30,-3.1,0.5,89,0.00,12,0.94,0.0,16.4,11.0,82
2010-03-31,-2.2,0.0,88,0.00,358,0.62,0.0,18.5,13.0,80
2010-04-01,-3.0,-0.9,86,0.00,40,0.64,0.0,7.2,4.3,68
2010-04-02,-5.6,-2.2,79,1.30,34,0.62,5.0,8.4,6.1,68
2010-04-03,-7.7,-4.4,78,0.50,78,0.95,3.0,11.4,5.0,68
2010-04-04,-6.0,2.2,82,0.00,55,1.13,0.0,15.3,12.4,72
2010-04-05,-0.7,2.7,84,0.00,108,1.21,0.0,16.8,15.3,74
2010-04-06,-0.3,3.1,86,0.00,133,1.29,0.0,13.9,11.7,76
2010-04-07,1.1,3.4,78,0.00,147,1.47,0.0,22.0,18.9,73
2010-04-08,1.3,4.4,82,0.40,170,1.67,3.0,14.9,8.6,70
2010-04-09,-1.1,3.5,88,0.00,0,0.75,0.0,29.3,15.7,78
2010-04-10,-7.1,-2.7,77,2.20,25,0.72,10.0,28.8,24.5,72
2010-04-11,-7.2,-3.5,79,0.00,71,0.82,0.0,22.4,12.1,74
2010-04-12,-5.1,0.2,86,0.00,169,1.12,0.0,15.1,11.0,76
2010-04-13,-1.1,4.0,82,0.00,156,1.27,0.0,25.4,19.2,72
2010-04-14,2.6,6.6,77,0.00,214,1.92,0.0,27.8,16.5,57
2010-04-15,1.6,6.0,77,0.00,170,1.83,0.0,14.3,9.9,63
2010-04-16,3.6,10.0,74,0.00,158,2.07,0.0,30.9,16.7,52
2010-04-17,1.0,6.4,76,0.00,7,1.49,0.0,29.1,16.3,69
2010-04-18,0.8,5.8,75,0.00,110,1.59,0.0,23.2,20.6,57
2010-04-19,5.6,12.8,69,0.00,118,2.52,0.0,24.3,19.4,55
2010-04-20,8.4,15.8,73,0.00,115,2.63,0.0,14.8,13.2,53
2010-04-21,10.4,17.5,68,0.00,102,3.22,0.0,21.6,18.4,49
2010-04-22,9.8,16.7,63,0.00,101,3.27,0.0,27.5,25.9,51
2010-04-23,0.8,10.1,62,0.00,96,2.21,0.0,31.4,27.7,48
2010-04-24,-1.0,2.7,61,0.00,101,1.97,0.0,26.0,21.0,49
2010-04-25,-0.5,2.6,65,0.00,61,1.49,0.0,11.7,6.1,50
2010-04-26,0.9,3.1,68,0.00,109,1.46,0.0,7.4,5.3,50
2010-04-27,2.2,7.6,65,0.00,104,2.41,0.0,16.2,12.1,41
2010-04-28,2.9,7.7,70,0.00,96,2.27,0.0,17.1,11.5,40
2010-04-29,1.9,7.9,72,0.00,80,2.28,0.0,13.3,8.0,53
2010-04-30,3.4,8.8,76,0.00,122,2.34,0.0,13.0,10.5,53
2010-05-01,5.4,9.8,76,0.00,101,1.93,0.0,14.0,11.4,60
2010-05-02,4.3,9.6,72,0.00,83,2.01,0.0,19.5,17.2,60
2010-05-03,-0.5,5.4,71,1.30,42,1.28,8.0,30.6,24.8,59
2010-05-04,-3.4,2.9,53,0.80,17,2.25,6.0,30.7,22.3,34
2010-05-05,-0.7,4.6,61,0.00,209,2.25,0.0,13.1,9.0,35
2010-05-06,0.7,4.3,63,0.00,304,2.00,0.0,17.1,12.1,41
2010-05-07,0.6,5.4,53,0.00,306,2.48,0.0,16.6,11.2,35
2010-05-08,2.5,7.5,59,0.00,200,2.51,0.0,14.9,9.9,35
2010-05-09,1.4,5.7,67,0.50,352,1.79,3.0,16.4,10.1,45
2010-05-10,0.9,5.1,58,0.00,99,2.35,0.0,14.5,9.1,44
2010-05-11,2.5,6.9,69,0.30,160,2.03,1.0,19.9,9.6,51
2010-05-12,4.9,7.8,69,0.20,28,2.64,1.0,17.0,11.4,41
2010-05-13,1.8,6.5,57,0.00,114,2.87,0.0,15.0,11.5,37
2010-05-14,4.1,9.6,53,0.00,116,2.78,0.0,13.1,9.4,37
2010-05-15,5.7,9.1,64,0.00,136,2.02,0.0,9.3,5.5,45
2010-05-16,7.1,14.0,66,0.00,118,2.70,0.0,17.9,13.9,46
2010-05-17,7.6,13.5,81,4.50,72,1.60,9.0,22.0,17.5,48
2010-05-18,3.9,7.2,71,0.00,62,2.34,0.0,16.1,13.7,55
2010-05-19,2.8,7.2,71,0.00,84,2.10,0.0,19.2,17.7,57
2010-05-20,3.3,7.2,80,7.80,72,1.20,14.0,23.8,20.5,57
2010-05-21,2.0,6.6,74,0.40,62,1.99,2.0,24.7,22.5,54
2010-05-22,2.2,8.4,64,0.00,62,2.93,0.0,24.6,17.5,45
2010-05-23,2.3,8.2,67,0.00,114,2.80,0.0,13.6,10.4,45
2010-05-24,3.9,8.0,66,0.00,213,2.73,0.0,12.5,5.7,48
2010-05-25,5.5,12.2,61,0.00,139,3.55,0.0,13.9,7.3,37
2010-05-26,8.3,12.8,55,0.00,125,3.81,0.0,15.7,9.3,37
2010-05-27,8.8,15.7,53,0.00,200,4.05,0.0,15.1,7.6,31
2010-05-28,9.6,15.5,55,0.00,131,4.17,0.0,15.5,11.4,32
2010-05-29,10.4,16.3,50,0.00,147,4.56,0.0,15.3,11.8,32
2010-05-30,13.4,19.7,38,0.00,151,5.30,0.0,13.8,10.4,22
2010-05-31,14.4,20.1,39,0.00,172,5.20,0.0,14.7,8.5,22
2010-06-01,13.9,19.8,41,0.00,158,5.19,0.0,14.7,11.5,23
2010-06-02,14.6,21.0,47,0.00,132,5.32,0.0,16.3,14.6,29
2010-06-03,17.4,22.8,37,0.00,126,6.48,0.0,21.6,17.3,25
2010-06-04,18.2,22.9,37,0.00,121,6.09,0.0,15.5,13.5,25
2010-06-05,16.8,21.4,51,0.00,115,4.86,0.0,12.6,7.9,31
2010-06-06,10.7,18.6,60,0.20,38,3.50,1.0,21.7,17.9,37
2010-06-07,7.8,13.1,46,0.00,65,4.22,0.0,15.0,9.0,31
2010-06-08,9.5,15.9,49,0.00,196,4.21,0.0,19.2,12.6,32
2010-06-09,11.1,15.8,43,0.00,66,4.35,0.0,23.4,9.7,25
2010-06-10,10.5,14.7,43,0.00,157,4.55,0.0,15.5,10.4,25
2010-06-11,11.8,16.7,44,0.00,151,4.94,0.0,15.5,11.7,27
2010-06-12,13.7,19.0,49,0.00,154,4.91,0.0,22.8,15.5,28
2010-06-13,16.7,19.9,46,0.00,189,6.06,0.0,27.9,21.0,23
2010-06-14,15.7,19.6,34,0.00,222,6.13,0.0,24.5,17.5,23
2010-06-15,12.7,17.7,59,0.80,292,3.73,5.0,18.4,14.4,27
2010-06-16,11.1,13.1,56,0.00,261,3.83,0.0,18.8,11.7,48
2010-06-17,13.3,18.1,53,0.00,332,4.90,0.0,18.9,13.3,32
2010-06-18,10.6,18.2,59,4.30,89,2.63,11.0,20.6,11.6,31
2010-06-19,11.5,15.1,64,0.30,290,3.24,2.0,13.7,10.4,38
2010-06-20,12.2,15.3,67,2.50,212,2.53,7.0,12.1,7.8,37
2010-06-21,10.9,15.8,66,2.70,324,3.12,4.0,24.7,19.0,53
2010-06-22,10.7,14.4,58,0.00,345,3.42,0.0,18.1,8.8,38
2010-06-23,11.5,15.1,58,0.00,141,3.13,0.0,19.9,13.1,39
2010-06-24,15.2,22.2,47,0.00,125,5.73,0.0,22.9,21.6,34
2010-06-25,18.5,22.6,54,0.00,143,5.69,0.0,18.4,13.6,34
2010-06-26,20.5,24.8,54,0.00,89,5.18,0.0,11.7,9.2,35
2010-06-27,20.7,24.7,52,0.00,104,6.23,0.0,22.7,17.9,35
2010-06-28,17.7,22.3,76,1.30,132,3.45,7.0,21.1,18.6,49
2010-06-29,16.8,22.5,75,2.60,128,3.32,8.0,18.4,15.7,51
2010-06-30,18.6,22.7,66,0.20,111,4.61,2.0,20.2,14.6,44
2010-07-01,15.4,19.6,75,1.10,154,3.44,4.0,28.2,19.3,57
2010-07-02,14.9,18.2,62,0.70,120,4.09,1.0,20.9,17.3,40
2010-07-03,15.0,19.7,71,6.60,67,3.06,7.0,18.7,13.9,54
2010-07-04,13.0,17.4,76,2.50,356,2.07,5.0,21.1,16.3,65
2010-07-05,11.2,12.8,72,0.00,346,1.76,0.0,20.3,15.6,62
2010-07-06,11.9,15.4,64,0.00,350,2.42,0.0,16.8,13.3,54
2010-07-07,15.5,20.3,61,0.00,290,3.84,0.0,12.6,10.5,43
2010-07-08,17.5,20.5,65,0.20,294,4.12,1.0,14.6,8.4,47
2010-07-09,13.5,17.9,64,3.90,324,3.60,5.0,23.6,18.2,32
2010-07-10,16.2,20.1,61,0.00,261,4.07,0.0,21.3,11.1,39
2010-07-11,18.3,23.5,67,0.00,167,4.57,0.0,26.6,19.4,47
2010-07-12,20.1,25.2,59,0.00,139,5.28,0.0,24.0,13.9,43
2010-07-13,22.8,27.4,56,0.00,351,4.91,0.0,15.7,6.7,39
2010-07-14,21.8,24.9,71,0.60,250,4.09,3.0,14.1,6.9,56
2010-07-15,20.6,23.3,75,0.40,154,4.15,1.0,17.1,14.1,62
2010-07-16,18.9,21.5,80,2.30,162,3.29,3.0,14.5,10.1,65
2010-07-17,17.1,19.6,84,2.30,174,2.33,12.0,10.9,5.7,73
2010-07-18,14.0,17.6,85,2.70,297,1.67,10.0,23.2,14.3,53
2010-07-19,16.4,18.8,70,0.40,273,3.20,2.0,17.6,8.6,52
2010-07-20,17.2,20.4,74,0.60,185,3.56,1.0,12.1,7.0,56
2010-07-21,19.0,23.2,67,0.00,163,4.28,0.0,10.8,8.6,45
2010-07-22,20.6,24.6,61,0.00,121,4.67,0.0,10.5,7.1,41
2010-07-23,21.0,24.2,62,0.00,136,4.78,0.0,17.1,12.2,47
2010-07-24,20.8,24.1,68,0.20,178,4.52,1.0,18.5,14.8,38
2010-07-25,17.1,22.1,63,1.90,183,3.81,4.0,17.6,10.8,38
2010-07-26,17.8,22.2,63,0.20,350,3.56,1.0,14.6,9.3,45
2010-07-27,18.5,20.7,74,1.30,39,2.76,4.0,10.9,6.7,66
2010-07-28,19.4,23.2,75,0.00,150,3.82,0.0,13.0,8.7,56
2010-07-29,21.2,25.6,64,0.00,146,4.72,0.0,13.0,10.8,44
2010-07-30,21.3,25.0,64,0.40,346,4.41,3.0,18.5,9.7,33
2010-07-31,20.6,24.7,56,0.00,338,4.31,0.0,16.9,7.6,34
2010-08-01,18.5,22.6,79,7.10,67,2.80,13.0,13.5,9.4,56
2010-08-02,17.0,19.2,63,0.20,330,4.02,1.0,21.0,16.4,36
2010-08-03,16.6,22.3,57,0.00,310,3.93,0.0,20.5,13.9,39
2010-08-04,18.4,22.7,64,0.00,320,3.55,0.0,21.2,18.9,50
2010-08-05,18.3,22.1,70,0.00,147,3.71,0.0,16.2,9.4,51
2010-08-06,20.3,24.4,63,0.00,136,4.72,0.0,23.1,19.2,48
2010-08-07,20.8,23.8,62,0.00,130,4.86,0.0,23.2,20.7,55
2010-08-08,20.2,23.9,77,2.70,122,3.28,3.0,20.7,15.1,58
2010-08-09,18.9,20.2,85,1.30,139,2.34,5.0,16.5,13.3,61
2010-08-10,18.6,21.0,74,3.60,155,3.24,2.0,17.8,13.5,60
2010-08-11,18.3,21.4,81,0.50,174,3.00,3.0,15.6,9.5,62
2010-08-12,18.8,21.4,79,0.80,18,2.42,3.0,21.6,9.5,63
2010-08-13,16.1,20.7,72,0.20,14,2.30,2.0,21.6,14.6,59
2010-08-14,14.7,17.8,67,0.00,43,2.66,0.0,10.4,7.8,46
2010-08-15,14.5,17.6,68,4.20,96,2.27,7.0,9.3,5.6,45
2010-08-16,13.9,16.8,77,4.60,75,2.37,6.0,11.9,6.5,49
2010-08-17,13.7,16.7,64,0.20,104,3.07,1.0,11.4,8.2,36
2010-08-18,13.9,17.2,60,0.00,128,3.46,0.0,24.0,17.8,38
2010-08-19,12.8,17.0,61,3.20,76,2.58,18.0,28.2,23.4,44
2010-08-20,10.7,13.9,59,0.00,5,2.42,0.0,22.5,16.8,44
2010-08-21,11.7,14.5,61,0.00,236,2.44,0.0,16.6,8.9,42
2010-08-22,13.6,16.6,70,0.80,166,2.64,2.0,19.6,13.3,56
2010-08-23,13.7,17.8,77,0.00,137,2.52,0.0,15.8,6.6,54
2010-08-24,15.3,18.6,72,0.00,154,2.52,0.0,8.4,6.4,54
2010-08-25,15.2,18.8,74,0.00,55,2.46,0.0,8.9,6.0,55
2010-08-26,14.5,17.3,79,3.40,84,2.12,5.0,23.4,15.0,55
2010-08-27,12.7,16.5,62,1.60,73,3.13,4.0,30.3,27.2,50
2010-08-28,11.2,15.0,60,0.00,33,3.23,0.0,25.5,17.5,40
2010-08-29,11.2,14.9,64,0.00,105,2.51,0.0,10.3,8.5,40
2010-08-30,11.4,14.7,68,0.00,135,2.16,0.0,12.3,8.8,50
2010-08-31,11.7,14.6,74,1.70,104,2.11,5.0,12.4,8.6,55
2010-09-01,11.0,14.8,85,7.50,67,1.93,11.0,10.9,7.3,66
2010-09-02,11.5,15.0,79,1.80,135,2.07,1.0,17.1,9.5,58
2010-09-03,13.7,16.8,71,0.00,136,2.42,0.0,22.2,19.0,60
2010-09-04,15.1,19.7,78,1.90,104,2.39,5.0,20.4,16.1,59
2010-09-05,14.6,18.8,89,0.50,196,1.28,3.0,13.0,10.0,65
2010-09-06,12.7,14.6,84,0.00,0,1.03,0.0,14.3,10.0,73
2010-09-07,13.1,16.1,83,1.60,44,1.31,3.0,15.0,11.5,68
2010-09-08,12.9,15.3,82,2.30,105,1.75,6.0,14.8,12.2,55
2010-09-09,12.8,14.9,74,0.10,137,1.90,1.0,14.2,10.4,57
2010-09-10,12.4,16.3,81,0.10,78,1.81,1.0,11.9,8.8,60
2010-09-11,11.1,14.7,81,1.10,20,1.46,5.0,19.0,14.5,63
2010-09-12,9.5,11.8,77,0.30,20,1.57,2.0,18.4,13.8,49
2010-09-13,9.5,12.9,70,0.00,260,1.61,0.0,12.4,8.2,48
2010-09-14,10.3,12.9,77,1.80,274,1.02,5.0,21.6,10.8,48
2010-09-15,4.0,7.8,68,0.00,327,1.48,0.0,21.9,20.2,44
2010-09-16,2.5,4.7,75,5.30,323,1.03,13.0,24.9,15.8,49
2010-09-17,3.7,6.5,83,1.80,334,0.97,5.0,25.8,18.0,55
2010-09-18,5.0,7.1,69,0.00,17,1.10,0.0,11.2,6.3,46
2010-09-19,4.6,6.7,72,0.00,26,1.11,0.0,8.6,6.6,50
2010-09-20,3.4,5.7,81,0.40,42,0.94,2.0,14.1,9.2,58
2010-09-21,2.8,5.2,81,0.70,304,0.85,7.0,11.8,6.5,61
2010-09-22,2.4,4.6,82,0.40,306,0.85,2.0,13.8,10.8,54
2010-09-23,1.7,4.1,72,0.00,10,0.86,0.0,9.3,6.2,53
2010-09-24,3.6,7.0,83,4.00,21,0.91,9.0,17.8,13.1,60
2010-09-25,6.2,8.0,86,4.00,184,0.64,7.0,22.8,16.3,61
2010-09-26,3.5,5.8,76,0.40,10,0.95,1.0,21.0,13.3,66
2010-09-27,6.1,9.8,88,0.00,136,0.85,0.0,20.1,11.5,77
2010-09-28,7.8,9.4,95,0.30,79,0.44,2.0,17.6,11.3,84
2010-09-29,3.3,6.1,77,0.00,315,0.99,0.0,24.4,14.7,58
2010-09-30,4.9,9.6,78,0.00,118,1.15,0.0,17.9,14.2,61
2010-10-01,8.6,12.1,82,0.00,170,1.30,0.0,23.0,18.3,59
2010-10-02,10.4,14.2,73,0.00,182,1.61,0.0,19.6,16.9,60
2010-10-03,9.1,13.9,60,0.00,264,2.17,0.0,28.1,22.6,55
2010-10-04,6.3,10.6,79,0.00,119,1.09,0.0,19.4,12.7,60
2010-10-05,7.9,9.6,83,6.00,163,1.09,10.0,23.0,17.7,63
2010-10-06,7.0,10.5,77,1.00,224,1.05,4.0,16.5,11.6,59
2010-10-07,5.5,9.3,83,0.00,26,0.72,0.0,12.6,7.9,67
2010-10-08,6.2,8.2,89,4.60,106,0.41,9.0,20.5,14.0,74
2010-10-09,5.8,7.5,84,0.30,270,0.54,1.0,22.0,15.2,74
2010-10-10,7.1,11.4,85,0.30,119,0.74,1.0,26.9,17.6,71
2010-10-11,6.7,11.4,80,1.10,239,0.90,7.0,28.9,24.7,69
2010-10-12,3.0,4.6,71,0.00,286,0.99,0.0,26.2,20.9,61
2010-10-13,0.5,2.4,75,0.00,333,0.65,0.0,17.2,10.2,58
2010-10-14,-0.0,1.0,74,3.70,76,0.52,4.0,29.1,13.3,64
2010-10-15,-0.9,1.5,83,7.90,19,0.51,16.0,27.9,24.3,67
2010-10-16,-4.2,-3.2,73,0.00,338,0.44,0.0,18.9,9.0,67
2010-10-17,-3.8,-1.5,76,0.10,72,0.50,1.0,18.1,13.7,67
2010-10-18,-2.0,0.1,85,0.00,88,0.38,0.0,24.5,18.1,82
2010-10-19,-0.7,0.1,89,8.70,82,0.34,16.0,26.8,23.5,81
2010-10-20,-4.4,-3.6,84,0.00,52,0.30,0.0,14.9,9.5,77
2010-10-21,-5.2,-4.2,82,0.00,38,0.31,0.0,11.2,9.9,69
2010-10-22,-5.6,-3.7,81,0.00,310,0.32,0.0,15.5,13.3,78
2010-10-23,-3.8,-3.3,87,0.00,320,0.21,0.0,12.5,6.8,78
2010-10-24,-5.3,-3.7,86,0.00,75,0.22,0.0,12.8,8.7,83
2010-10-25,-5.6,-4.0,87,0.00,62,0.23,0.0,13.0,11.0,82
2010-10-26,-7.4,-5.8,86,0.00,66,0.19,0.0,12.3,11.2,84
2010-10-27,-7.8,-6.2,87,0.00,77,0.20,0.0,15.9,13.6,81
2010-10-28,-4.9,-0.8,84,0.00,119,0.27,0.0,18.8,15.4,81
2010-10-29,0.4,1.4,89,0.10,158,0.29,1.0,23.0,20.3,86
2010-10-30,1.8,3.1,91,0.00,160,0.26,0.0,20.9,18.8,87
2010-10-31,1.7,2.9,91,0.00,190,0.23,0.0,19.2,16.0,86
2010-11-01,-0.8,2.2,90,0.90,141,0.21,3.0,27.1,16.9,86
2010-11-02,-1.6,1.9,95,1.90,262,0.14,4.0,19.1,12.2,92
2010-11-03,-1.7,-0.4,93,0.00,315,0.15,0.0,9.4,5.6,84
2010-11-04,-1.3,2.7,91,0.00,119,0.28,0.0,31.5,17.5,75
2010-11-05,3.6,4.4,71,0.00,205,1.01,0.0,29.5,25.5,62
2010-11-06,-1.4,2.0,74,1.10,293,0.66,4.0,33.3,27.0,59
2010-11-07,-10.1,-6.0,71,0.00,41,0.27,0.0,18.3,9.5,61
2010-11-08,-3.9,-2.1,77,0.00,107,0.43,0.0,22.9,18.7,72
2010-11-09,-1.7,-0.5,88,4.00,122,0.21,22.0,20.7,15.6,78
2010-11-10,-2.9,-0.8,92,0.40,249,0.11,3.0,11.6,9.8,88
2010-11-11,-6.3,-4.7,90,0.00,285,0.08,0.0,8.5,6.3,89
2010-11-12,-4.1,-1.1,89,0.00,159,0.15,0.0,23.4,13.7,86
2010-11-13,-4.2,-1.0,89,0.00,217,0.09,0.0,20.2,11.0,85
2010-11-14,-3.5,-0.6,93,2.00,109,0.10,7.0,20.3,11.9,87
2010-11-15,-8.5,-5.0,81,0.00,311,0.26,0.0,25.6,23.4,77
2010-11-16,-15.6,-11.6,78,0.00,345,0.16,0.0,22.0,15.9,76
2010-11-17,-19.1,-18.3,80,0.00,325,0.09,0.0,15.8,12.9,78
2010-11-18,-17.0,-12.6,79,0.00,233,0.16,0.0,23.8,16.3,75
2010-11-19,-12.0,-6.9,82,0.00,268,0.13,0.0,21.9,12.4,75
2010-11-20,-19.8,-7.5,75,0.00,354,0.13,0.0,25.3,16.8,68
2010-11-21,-30.6,-28.3,69,0.00,10,0.07,0.0,16.2,14.7,69
2010-11-22,-21.1,-16.3,74,0.90,311,0.17,9.0,23.8,21.8,71
2010-11-23,-19.2,-17.2,80,0.00,300,0.10,0.0,20.6,14.3,74
2010-11-24,-22.0,-19.7,80,0.00,350,0.03,0.0,8.6,7.2,76
2010-11-25,-21.3,-17.0,77,0.00,67,0.10,0.0,17.4,14.5,74
2010-11-26,-18.5,-16.8,75,0.00,69,0.14,0.0,17.6,15.2,73
2010-11-27,-20.3,-17.8,77,0.00,60,0.06,0.0,13.8,9.2,76
2010-11-28,-21.8,-19.4,76,0.00,16,0.03,0.0,8.9,6.0,73
2010-11-29,-20.1,-17.8,79,0.00,305,0.02,0.0,7.6,5.6,76
2010-11-30,-14.4,-9.7,82,0.30,118,0.14,2.0,27.7,19.3,79
2010-12-01,-11.0,-7.8,84,4.90,282,0.12,24.0,22.4,15.4,78
2010-12-02,-20.2,-15.2,78,0.50,310,0.07,3.0,16.2,12.1,75
2010-12-03,-26.3,-25.6,74,0.00,4,0.03,0.0,10.5,7.7,71
2010-12-04,-24.9,-21.4,79,0.00,101,0.05,0.0,18.5,13.1,76
2010-12-05,-18.3,-16.7,80,0.00,122,0.10,0.0,23.8,16.9,79
2010-12-06,-19.9,-18.0,77,0.00,9,0.06,0.0,12.6,10.4,73
2010-12-07,-21.0,-20.6,74,0.50,74,0.09,5.0,14.2,12.0,72
2010-12-08,-21.9,-21.1,75,1.20,57,0.10,8.0,21.0,16.0,72
2010-12-09,-28.3,-24.1,71,0.00,50,0.07,0.0,22.0,15.8,70
2010-12-10,-37.0,-34.0,71,0.00,4,0.02,0.0,10.8,9.2,69
2010-12-11,-35.2,-33.2,72,0.00,95,0.01,0.0,13.5,7.0,66
2010-12-12,-29.2,-25.5,75,0.00,122,0.05,0.0,17.7,15.5,74
2010-12-13,-23.0,-21.8,78,1.00,59,0.03,7.0,11.3,6.5,76
2010-12-14,-26.3,-22.5,79,0.00,29,0.01,0.0,13.7,7.6,75
2010-12-15,-23.6,-16.7,77,0.00,20,0.08,0.0,19.0,15.9,76
2010-12-16,-11.8,-9.7,84,0.00,64,0.09,0.0,17.6,14.4,80
2010-12-17,-14.0,-12.8,84,0.00,112,0.07,0.0,17.0,12.9,81
2010-12-18,-19.0,-15.9,83,0.00,17,0.02,0.0,11.5,6.1,78
2010-12-19,-15.3,-7.3,81,1.80,357,0.11,8.0,17.5,14.7,77
2010-12-20,-9.6,-7.0,87,0.70,119,0.04,5.0,16.8,12.5,84
2010-12-21,-16.5,-13.2,81,0.00,129,0.11,0.0,19.4,18.4,79
2010-12-22,-17.3,-16.2,83,0.00,118,0.08,0.0,18.8,15.3,80
2010-12-23,-15.3,-14.3,84,0.00,76,0.03,0.0,11.9,9.7,83
2010-12-24,-13.7,-13.2,87,0.00,123,0.04,0.0,15.0,12.7,84
2010-12-25,-12.7,-9.4,85,0.70,169,0.07,5.0,20.0,14.3,82
2010-12-26,-22.6,-17.7,77,0.00,335,0.06,0.0,13.7,11.4,73
2010-12-27,-20.3,-18.8,75,2.40,22,0.09,12.0,14.3,12.0,73
2010-12-28,-24.8,-20.7,77,0.00,12,0.04,0.0,12.7,10.5,76
2010-12-29,-27.0,-26.5,75,0.00,349,0.06,0.0,14.5,13.1,72
2010-12-30,-28.9,-27.1,76,0.00,91,0.02,0.0,12.8,7.8,71
2010-12-31,-28.9,-27.7,79,0.00,113,0.03,0.0,15.8,12.5,78
2011-01-01,-29.0,-24.1,77,0.00,81,0.03,0.0,12.4,9.0,76
2011-01-02,-22.5,-19.8,78,0.00,148,0.03,0.0,9.1,6.2,76
2011-01-03,-21.8,-19.6,79,0.00,85,0.06,0.0,16.6,12.5,78
2011-01-04,-20.7,-19.6,76,0.00,96,0.10,0.0,17.7,15.6,74
2011-01-05,-21.1,-19.8,75,1.00,101,0.13,6.0,23.7,20.4,74
2011-01-06,-22.8,-21.3,75,0.00,82,0.09,0.0,20.9,16.0,74
2011-01-07,-24.1,-23.0,75,0.00,71,0.05,0.0,11.8,9.7,73
2011-01-08,-22.0,-20.2,76,0.00,39,0.04,0.0,11.2,8.3,75
2011-01-09,-27.4,-25.0,77,0.00,353,0.03,0.0,11.4,9.4,77
2011-01-10,-25.8,-22.9,78,0.00,43,0.02,0.0,9.2,4.8,75
2011-01-11,-24.3,-20.9,79,0.00,122,0.03,0.0,9.0,7.4,78
2011-01-12,-24.9,-20.5,77,0.30,325,0.05,3.0,14.8,12.5,74
2011-01-13,-32.8,-30.7,72,0.00,309,0.04,0.0,13.8,11.6,71
2011-01-14,-33.9,-32.8,72,0.00,298,0.02,0.0,9.5,8.0,71
2011-01-15,-37.2,-36.0,73,0.00,260,0.02,0.0,11.4,9.6,71
2011-01-16,-35.0,-32.5,72,0.00,267,0.03,0.0,11.1,9.5,70
2011-01-17,-34.5,-33.0,75,0.00,248,0.02,0.0,12.7,9.3,72
2011-01-18,-32.9,-31.4,76,0.00,165,0.03,0.0,14.0,9.5,74
2011-01-19,-30.2,-28.0,74,0.00,308,0.05,0.0,16.4,13.2,72
2011-01-20,-32.2,-29.7,75,0.00,177,0.03,0.0,12.4,8.8,72
2011-01-21,-38.0,-35.5,73,0.00,44,0.02,0.0,12.8,8.9,71
2011-01-22,-30.0,-26.3,71,0.10,105,0.08,1.0,19.4,17.0,68
2011-01-23,-24.5,-22.9,75,1.70,43,0.08,7.0,19.0,14.6,73
2011-01-24,-26.5,-24.5,71,1.90,26,0.08,8.0,15.2,11.6,67
2011-01-25,-26.2,-23.4,73,0.00,110,0.09,0.0,20.5,15.3,71
2011-01-26,-22.4,-20.0,78,0.00,88,0.08,0.0,14.9,11.6,77
2011-01-27,-17.1,-15.6,81,0.00,53,0.10,0.0,17.8,12.5,77
2011-01-28,-23.2,-16.0,71,0.00,34,0.11,0.0,17.6,12.5,67
2011-01-29,-32.2,-29.8,72,0.00,70,0.03,0.0,9.7,5.3,66
2011-01-30,-35.0,-32.8,70,0.00,108,0.03,0.0,11.4,8.1,67
2011-01-31,-30.7,-23.7,71,0.00,155,0.08,0.0,21.0,16.2,69
2011-02-01,-23.7,-20.0,75,0.00,170,0.09,0.0,20.3,11.2,71
2011-02-02,-13.5,-6.8,83,0.00,267,0.16,0.0,20.2,13.3,78
2011-02-03,-9.6,-5.6,91,1.20,110,0.09,4.0,12.0,9.1,89
2011-02-04,-7.8,-6.3,91,3.00,97,0.10,11.0,11.3,7.8,87
2011-02-05,-14.4,-7.3,80,0.40,338,0.18,3.0,24.2,18.6,75
2011-02-06,-22.1,-18.0,80,0.00,220,0.07,0.0,13.7,9.3,77
2011-02-07,-20.7,-19.4,78,0.00,287,0.14,0.0,20.1,16.2,72
2011-02-08,-24.8,-20.0,72,0.00,320,0.12,0.0,20.7,14.2,68
2011-02-09,-30.4,-26.3,75,0.00,114,0.06,0.0,14.1,10.5,69
2011-02-10,-23.8,-18.7,73,0.00,134,0.11,0.0,19.1,10.5,70
2011-02-11,-24.8,-19.2,75,0.00,334,0.10,0.0,19.7,10.1,69
2011-02-12,-23.1,-22.2,73,0.20,80,0.12,2.0,16.8,11.5,68
2011-02-13,-22.3,-20.1,73,1.40,94,0.16,11.0,20.2,14.9,71
2011-02-14,-23.7,-20.7,74,0.00,326,0.11,0.0,20.0,13.4,63
2011-02-15,-31.0,-26.4,69,0.00,351,0.08,0.0,16.9,10.6,65
2011-02-16,-31.6,-28.9,71,0.00,342,0.06,0.0,7.5,6.1,68
2011-02-17,-32.0,-27.0,73,0.00,275,0.08,0.0,10.4,9.2,67
2011-02-18,-32.7,-28.2,70,0.00,359,0.07,0.0,17.1,9.6,65
2011-02-19,-26.4,-22.0,69,0.00,158,0.16,0.0,23.8,17.6,67
2011-02-20,-20.2,-16.8,75,0.00,75,0.19,0.0,12.3,10.4,70
2011-02-21,-19.4,-17.0,79,0.00,18,0.14,0.0,16.3,8.7,74
2011-02-22,-21.1,-17.4,75,0.00,335,0.19,0.0,20.5,18.4,70
2011-02-23,-24.1,-21.5,71,0.00,336,0.18,0.0,24.3,22.1,65
2011-02-24,-27.7,-23.7,74,0.00,270,0.11,0.0,20.5,13.5,69
2011-02-25,-18.5,-12.2,82,2.70,203,0.13,9.0,22.2,13.3,72
2011-02-26,-8.6,-4.7,76,0.20,314,0.47,1.0,35.8,29.8,63
2011-02-27,-23.1,-15.5,62,0.00,325,0.28,0.0,37.7,27.4,53
2011-02-28,-26.9,-25.7,68,0.00,324,0.17,0.0,21.3,18.1,59
2011-03-01,-27.5,-24.5,71,0.00,310,0.15,0.0,16.1,14.0,65
2011-03-02,-29.1,-24.9,72,0.00,302,0.14,0.0,12.1,10.1,64
2011-03-03,-31.6,-26.7,71,0.00,339,0.12,0.0,10.9,8.3,63
2011-03-04,-32.7,-27.6,68,0.00,41,0.13,0.0,9.3,6.1,58
2011-03-05,-32.3,-26.8,69,0.00,321,0.12,0.0,11.9,7.4,60
2011-03-06,-28.4,-22.9,68,0.00,190,0.17,0.0,10.4,8.1,64
2011-03-07,-22.1,-14.4,75,0.00,242,0.25,0.0,18.3,11.3,69
2011-03-08,-22.0,-16.2,77,0.00,302,0.24,0.0,18.1,11.8,71
2011-03-09,-24.3,-17.4,66,0.00,324,0.21,0.0,24.9,15.2,53
2011-03-10,-32.5,-27.7,66,0.00,332,0.14,0.0,12.6,9.4,56
2011-03-11,-33.0,-27.1,68,0.00,70,0.14,0.0,9.9,7.9,60
2011-03-12,-25.5,-20.4,69,0.00,91,0.25,0.0,14.8,12.4,63
2011-03-13,-23.8,-20.8,73,0.00,16,0.25,0.0,11.3,9.1,67
2011-03-14,-24.9,-19.1,74,0.00,10,0.22,0.0,10.5,7.3,68
2011-03-15,-20.2,-18.6,73,1.50,26,0.32,10.0,10.5,9.1,65
2011-03-16,-23.3,-18.4,72,0.00,106,0.28,0.0,21.7,16.9,66
2011-03-17,-16.1,-12.3,76,0.00,126,0.46,0.0,18.0,11.8,67
2011-03-18,-16.8,-12.6,77,0.00,326,0.37,0.0,13.9,11.2,70
2011-03-19,-17.2,-14.2,75,0.00,335,0.46,0.0,8.2,5.6,62
2011-03-20,-18.8,-14.4,74,0.00,86,0.43,0.0,11.8,6.8,63
2011-03-21,-18.2,-12.6,77,0.00,129,0.44,0.0,17.6,14.0,66
2011-03-22,-11.5,-4.5,81,0.00,132,0.61,0.0,18.8,16.9,75
2011-03-23,-4.5,-0.9,87,0.00,143,0.74,0.0,21.7,18.0,77
2011-03-24,-2.3,1.6,88,0.00,123,0.73,0.0,16.0,14.0,79
2011-03-25,-2.5,1.3,80,0.00,138,0.93,0.0,20.9,17.8,73
2011-03-26,-3.2,-1.6,84,0.00,136,0.84,0.0,15.6,14.0,77
2011-03-27,-3.4,-1.3,86,0.00,143,0.88,0.0,15.3,13.7,78
2011-03-28,-3.2,0.2,86,0.00,137,0.90,0.0,15.0,12.7,78
2011-03-29,-1.3,0.3,86,0.10,119,0.68,1.0,14.1,11.6,80
2011-03-30,-1.7,0.8,89,0.00,87,0.87,0.0,11.5,8.4,73
2011-03-31,-1.6,1.6,83,0.00,64,1.06,0.0,9.0,6.5,68
2011-04-01,-1.1,1.3,86,0.10,13,0.75,1.0,12.1,6.2,74
2011-04-02,-3.5,0.5,82,0.00,349,0.78,0.0,14.1,10.3,69
2011-04-03,-6.2,-3.4,83,0.00,101,0.69,0.0,14.6,8.1,68
2011-04-04,-6.6,-3.4,82,0.00,90,0.81,0.0,16.6,14.5,73
2011-04-05,-6.0,-0.2,84,0.10,80,0.80,1.0,12.4,9.6,78
2011-04-06,-3.4,-0.2,87,0.00,330,0.81,0.0,16.9,9.9,76
2011-04-07,-6.3,-3.3,77,0.00,6,0.95,0.0,17.2,10.3,66
2011-04-08,-3.9,1.6,81,0.00,158,0.97,0.0,21.4,15.5,71
2011-04-09,-3.0,1.2,87,0.00,328,0.83,0.0,20.0,10.7,81
2011-04-10,-3.4,-1.1,85,3.80,53,0.75,14.0,20.5,15.5,74
2011-04-11,-12.2,-4.4,75,0.00,4,0.69,0.0,18.5,15.3,64
2011-04-12,-19.2,-14.4,66,0.00,53,0.72,0.0,18.3,9.6,51
2011-04-13,-17.2,-10.7,64,0.00,69,0.82,0.0,12.8,9.5,54
2011-04-14,-13.9,-7.3,67,0.00,74,0.99,0.0,16.5,13.2,55
2011-04-15,-12.1,-6.4,66,0.00,36,1.15,0.0,13.8,10.6,46
2011-04-16,-11.8,-6.6,70,0.00,136,1.05,0.0,13.3,9.5,48
2011-04-17,-10.3,-6.8,73,0.00,318,0.83,0.0,18.7,15.1,62
2011-04-18,-9.9,-5.0,71,0.00,288,0.93,0.0,15.0,8.4,61
2011-04-19,-7.2,-4.1,79,0.20,233,0.91,2.0,12.5,7.5,64
2011-04-20,-6.9,-4.2,72,0.00,307,0.99,0.0,20.5,14.7,54
2011-04-21,-12.1,-7.3,65,0.00,320,1.05,0.0,16.3,9.7,50
2011-04-22,-11.4,-5.5,69,0.00,182,1.14,0.0,13.5,9.0,49
2011-04-23,-10.6,-5.5,68,0.00,313,1.04,0.0,14.6,11.4,55
2011-04-24,-13.9,-8.1,62,0.00,30,1.04,0.0,13.0,9.6,49
2011-04-25,-12.5,-5.3,69,0.10,117,0.93,1.0,16.6,13.0,51
2011-04-26,-7.0,-1.0,74,0.00,87,1.50,0.0,8.1,6.4,61
2011-04-27,-2.4,4.7,71,0.00,91,2.15,0.0,11.8,7.4,54
2011-04-28,-1.6,4.4,72,0.00,347,1.41,0.0,20.2,12.0,55
2011-04-29,-5.5,-0.2,59,0.00,312,1.72,0.0,14.9,10.2,46
2011-04-30,-1.5,2.6,66,0.20,227,1.80,2.0,14.8,11.3,47
2011-05-01,-3.1,2.4,62,0.10,355,1.72,1.0,18.6,11.1,38
2011-05-02,-5.8,-0.5,56,0.00,121,1.87,0.0,13.9,11.2,35
2011-05-03,-1.7,1.0,60,3.50,106,1.38,7.0,19.2,16.9,35
2011-05-04,0.9,4.3,87,1.30,307,1.24,4.0,19.4,13.1,68
2011-05-05,0.5,4.1,81,0.00,70,1.58,0.0,13.7,9.3,67
2011-05-06,1.0,6.0,77,0.00,94,2.04,0.0,15.2,13.7,60
2011-05-07,2.9,7.6,75,0.00,130,2.27,0.0,17.7,16.3,54
2011-05-08,4.4,7.7,77,2.50,124,2.05,5.0,18.8,15.9,53
2011-05-09,4.3,10.3,89,0.20,64,1.93,1.0,8.3,5.2,61
2011-05-10,6.7,10.8,73,3.20,107,2.38,10.0,20.5,16.3,58
2011-05-11,7.6,13.4,78,1.20,115,1.83,4.0,19.8,15.2,58
2011-05-12,10.1,15.2,60,0.00,111,3.50,0.0,23.5,21.3,47
2011-05-13,10.4,15.3,61,0.00,122,3.66,0.0,21.9,19.5,48
2011-05-14,8.1,15.4,69,0.00,145,3.20,0.0,16.5,11.3,44
2011-05-15,11.2,17.6,53,0.00,115,4.46,0.0,27.8,20.9,34
2011-05-16,12.0,17.7,46,0.00,164,4.87,0.0,22.8,15.9,35
2011-05-17,10.9,17.9,67,0.00,345,3.87,0.0,20.4,17.1,45
2011-05-18,8.1,13.9,67,0.00,46,3.58,0.0,17.9,15.3,49
2011-05-19,8.6,14.0,67,0.00,57,3.53,0.0,15.8,12.4,49
2011-05-20,7.4,13.9,69,0.00,77,3.60,0.0,15.8,11.0,51
2011-05-21,9.3,14.1,68,0.00,76,3.61,0.0,22.8,12.1,49
2011-05-22,4.0,11.2,59,0.00,74,3.33,0.0,27.1,22.9,35
2011-05-23,4.6,11.7,53,0.00,80,3.43,0.0,15.5,8.5,31
2011-05-24,6.3,11.9,53,0.00,70,3.59,0.0,17.1,9.9,29
2011-05-25,7.3,12.7,52,0.00,179,3.76,0.0,11.3,5.3,34
2011-05-26,9.3,15.8,36,0.00,191,4.27,0.0,11.6,5.8,21
2011-05-27,10.4,15.8,40,0.00,100,4.47,0.0,16.2,10.7,21
2011-05-28,7.4,13.2,48,0.00,131,3.95,0.0,14.4,11.0,30
2011-05-29,8.4,13.9,41,0.00,130,4.46,0.0,14.4,12.5,23
2011-05-30,9.8,14.6,38,0.00,147,4.75,0.0,18.8,13.8,22
2011-05-31,12.1,19.6,41,0.50,217,5.02,1.0,17.0,10.2,25
2011-06-01,13.1,19.5,47,0.00,163,4.78,0.0,22.1,14.8,27
2011-06-02,6.7,19.4,65,3.30,9,2.42,9.0,25.1,20.9,36
2011-06-03,2.8,6.4,41,0.00,12,2.92,0.0,18.1,13.8,29
2011-06-04,3.5,6.6,47,0.00,297,2.70,0.0,15.0,8.4,30
2011-06-05,6.0,12.6,48,0.00,261,3.71,0.0,11.5,9.1,32
2011-06-06,7.6,12.6,50,0.00,12,3.13,0.0,16.3,12.4,33
2011-06-07,7.3,12.7,55,0.00,97,3.34,0.0,16.6,7.7,39
2011-06-08,8.6,12.9,57,2.40,148,3.09,5.0,16.0,10.4,36
2011-06-09,8.7,12.9,68,1.90,65,2.84,7.0,16.6,13.0,42
2011-06-10,11.0,17.3,54,0.00,37,4.37,0.0,17.7,13.7,39
2011-06-11,10.9,16.2,49,0.00,331,4.42,0.0,18.7,16.6,30
2011-06-12,10.1,14.6,51,0.00,168,4.04,0.0,19.2,13.3,29
2011-06-13,11.9,14.5,65,2.60,125,3.45,7.0,16.6,11.5,46
2011-06-14,11.7,17.9,70,0.00,171,3.91,0.0,11.9,7.8,43
2011-06-15,15.4,21.1,55,0.00,123,4.79,0.0,12.6,7.6,32
2011-06-16,17.0,21.9,45,0.00,89,5.85,0.0,18.5,14.5,24
2011-06-17,14.5,20.9,60,0.00,104,3.58,0.0,19.5,16.3,36
2011-06-18,16.3,21.1,58,0.00,117,4.18,0.0,16.5,13.0,44
2011-06-19,19.5,24.1,47,0.00,111,5.15,0.0,12.6,8.7,33
2011-06-20,20.7,24.9,42,0.00,121,6.22,0.0,14.8,11.7,31
2011-06-21,21.3,25.3,41,0.00,116,6.15,0.0,16.7,11.8,29
2011-06-22,22.0,25.4,40,0.00,106,6.52,0.0,17.3,14.0,29
2011-06-23,20.6,25.1,51,0.00,100,5.95,0.0,18.0,14.8,33
2011-06-24,19.4,23.4,46,0.00,98,6.18,0.0,18.4,14.0,23
2011-06-25,19.3,23.6,35,0.10,27,5.46,1.0,26.5,8.3,22
2011-06-26,12.0,20.1,33,0.00,20,5.33,0.0,26.9,16.5,24
2011-06-27,12.3,14.7,45,0.00,221,3.54,0.0,18.0,7.4,25
2011-06-28,14.8,19.5,50,0.00,205,4.71,0.0,19.1,15.2,36
2011-06-29,14.8,17.9,73,14.50,69,2.32,13.0,15.5,11.5,45
2011-06-30,14.0,15.4,89,1.80,201,1.67,7.0,17.1,6.6,76
2011-07-01,13.4,15.4,78,0.20,246,2.08,2.0,13.8,6.3,63
2011-07-02,15.0,18.1,65,0.00,274,3.47,0.0,20.3,15.1,49
2011-07-03,16.0,19.9,63,0.00,172,4.35,0.0,22.3,14.5,47
2011-07-04,15.1,19.7,78,3.00,131,2.56,5.0,20.1,12.7,48
2011-07-05,14.9,19.7,80,4.60,17,3.25,9.0,11.9,8.3,44
2011-07-06,15.7,19.6,64,0.00,128,4.04,0.0,11.3,7.7,41
2011-07-07,16.2,19.6,65,0.00,112,3.99,0.0,12.7,9.5,49
2011-07-08,17.8,22.0,60,0.10,72,4.32,1.0,13.4,9.7,41
2011-07-09,19.1,22.7,52,0.00,63,4.99,0.0,14.4,11.8,36
2011-07-10,19.1,22.7,52,0.00,108,4.97,0.0,10.9,8.7,36
2011-07-11,19.4,23.3,54,0.00,173,5.00,0.0,15.8,9.2,37
2011-07-12,20.9,25.1,53,0.80,218,4.98,2.0,15.8,10.9,37
2011-07-13,20.7,24.2,63,0.20,146,4.13,2.0,9.1,3.9,45
2011-07-14,20.4,25.0,62,0.20,118,4.32,2.0,11.5,7.5,45
2011-07-15,18.5,24.5,67,0.90,62,3.73,4.0,25.8,21.0,46
2011-07-16,15.9,19.9,52,0.00,65,4.62,0.0,26.6,18.3,31
2011-07-17,15.9,19.4,62,0.00,141,3.47,0.0,20.0,14.7,34
2011-07-18,17.5,22.2,78,7.30,133,3.43,12.0,22.1,17.9,58
2011-07-19,18.9,22.7,75,0.80,125,3.58,4.0,17.1,10.7,54
2011-07-20,16.2,19.0,85,3.60,101,1.78,9.0,18.5,12.6,69
2011-07-21,14.8,17.0,73,0.00,89,2.23,0.0,16.6,14.7,67
2011-07-22,17.6,21.2,68,0.00,135,3.81,0.0,16.6,11.0,51
2011-07-23,19.4,22.1,63,0.00,150,4.48,0.0,14.4,10.8,47
2011-07-24,18.6,22.0,67,0.00,158,3.84,0.0,16.5,12.8,47
2011-07-25,19.0,22.6,71,0.00,140,3.94,0.0,13.4,10.6,57
2011-07-26,20.3,24.6,73,0.80,222,3.99,1.0,9.1,5.3,49
2011-07-27,20.3,23.5,65,0.00,28,4.14,0.0,14.3,7.9,43
2011-07-28,18.6,22.8,57,0.00,123,3.74,0.0,15.6,11.2,45
2011-07-29,18.1,21.8,70,1.20,148,3.50,1.0,10.7,7.1,50
2011-07-30,18.0,20.8,76,4.20,286,3.29,7.0,10.4,6.6,60
2011-07-31,16.9,20.2,75,5.70,119,2.73,9.0,21.0,15.1,63
2011-08-01,15.6,18.5,89,10.00,137,2.31,21.0,19.7,9.8,72
2011-08-02,15.6,18.5,83,4.40,334,2.34,10.0,14.5,11.2,68
2011-08-03,16.0,19.6,65,0.00,25,3.34,0.0,14.1,6.5,45
2011-08-04,17.2,19.6,66,0.00,168,3.46,0.0,16.1,9.9,45
2011-08-05,17.7,21.8,59,0.00,135,4.72,0.0,17.6,16.5,40
2011-08-06,18.8,22.8,57,0.00,131,4.97,0.0,17.2,15.1,37
2011-08-07,19.5,23.9,53,0.00,115,4.93,0.0,14.1,11.7,37
2011-08-08,19.7,23.7,66,0.10,303,3.79,1.0,15.0,9.4,39
2011-08-09,18.5,22.6,57,0.00,326,3.89,0.0,15.5,11.2,40
2011-08-10,17.1,20.5,57,0.00,333,3.45,0.0,16.1,12.0,43
2011-08-11,16.3,19.0,63,0.30,327,3.14,3.0,14.6,7.5,44
2011-08-12,16.1,19.6,71,2.20,81,2.84,4.0,12.8,9.7,42
2011-08-13,14.8,18.8,63,3.00,89,2.42,8.0,21.3,17.2,46
2011-08-14,15.3,18.4,69,0.00,122,2.92,0.0,19.5,15.7,57
2011-08-15,14.5,18.1,79,4.20,105,1.59,11.0,22.5,16.5,58
2011-08-16,14.4,16.5,88,4.90,155,1.29,12.0,9.0,4.9,72
2011-08-17,12.7,14.2,87,5.10,292,1.80,16.0,25.7,16.6,66
2011-08-18,10.9,13.1,73,1.80,307,2.34,7.0,25.0,23.1,66
2011-08-19,10.2,13.1,70,0.20,294,2.32,1.0,23.6,18.1,47
2011-08-20,12.2,15.5,65,0.00,123,2.55,0.0,20.9,12.8,47
2011-08-21,14.4,15.6,73,4.20,124,2.14,9.0,30.7,25.4,58
2011-08-22,15.6,20.4,84,3.90,224,2.57,4.0,22.4,15.2,56
2011-08-23,16.4,20.3,77,0.60,288,2.77,1.0,13.2,7.1,57
2011-08-24,15.6,18.8,83,0.50,179,2.46,3.0,12.8,9.2,65
2011-08-25,14.4,18.1,75,0.50,341,2.39,2.0,23.9,13.2,49
2011-08-26,14.4,18.2,71,0.00,303,2.71,0.0,19.5,7.2,51
2011-08-27,15.0,18.0,70,0.50,110,2.70,2.0,18.0,13.3,52
2011-08-28,13.9,17.7,80,0.10,4,2.08,1.0,12.0,7.2,57
2011-08-29,13.8,16.2,74,0.30,98,1.75,2.0,17.2,10.5,56
2011-08-30,12.1,14.3,80,5.50,45,1.46,21.0,24.6,19.4,66
2011-08-31,10.3,12.0,75,5.30,15,1.66,16.0,24.9,22.8,61
2011-09-01,8.7,11.6,76,0.00,67,1.69,0.0,14.8,9.7,60
2011-09-02,9.2,11.3,74,0.00,54,1.30,0.0,13.0,9.7,61
2011-09-03,11.7,14.3,75,0.00,173,1.76,0.0,27.0,17.0,59
2011-09-04,13.0,15.0,82,2.90,185,1.55,5.0,21.0,12.9,72
2011-09-05,12.7,15.7,79,0.10,279,2.04,1.0,23.1,16.8,51
2011-09-06,13.3,16.6,74,0.00,166,2.16,0.0,23.5,13.9,53
2011-09-07,16.7,19.2,61,0.00,220,3.86,0.0,30.8,24.6,34
2011-09-08,14.0,18.7,65,0.00,221,2.45,0.0,21.7,11.0,38
2011-09-09,14.1,18.7,79,4.30,144,1.38,6.0,20.3,10.8,55
2011-09-10,13.7,19.2,64,0.00,284,3.11,0.0,33.8,22.6,46
2011-09-11,10.8,14.5,76,1.00,313,1.67,4.0,22.4,10.7,58
2011-09-12,7.2,11.5,68,0.00,341,1.91,0.0,20.7,17.2,39
2011-09-13,6.0,9.9,64,0.00,151,1.88,0.0,20.6,10.2,41
2011-09-14,10.2,14.3,65,0.00,181,2.57,0.0,24.6,22.5,57
2011-09-15,12.3,16.9,80,0.00,193,1.82,0.0,14.4,5.9,63
2011-09-16,12.3,16.0,84,0.00,109,1.43,0.0,14.8,11.2,62
2011-09-17,10.9,15.6,80,0.00,43,1.38,0.0,14.6,11.7,61
2011-09-18,9.4,12.5,76,0.30,357,1.21,1.0,15.0,6.5,53
2011-09-19,9.9,11.7,82,1.50,116,0.86,8.0,13.1,9.9,63
2011-09-20,11.5,14.6,84,0.00,162,1.51,0.0,25.0,14.4,65
2011-09-21,14.1,16.8,65,0.00,174,2.86,0.0,29.0,24.4,57
2011-09-22,14.5,16.1,61,0.00,211,3.05,0.0,28.8,23.1,38
2011-09-23,10.5,15.3,69,3.80,229,1.49,5.0,25.2,14.0,43
2011-09-24,7.5,8.8,91,1.80,284,0.56,8.0,12.0,7.8,79
2011-09-25,6.2,9.5,90,0.60,70,0.70,1.0,25.6,12.7,71
2011-09-26,8.5,9.6,85,0.40,104,0.87,1.0,31.5,20.0,77
2011-09-27,5.2,7.0,74,0.00,279,1.03,0.0,23.6,15.7,62
2011-09-28,3.7,5.6,75,0.00,314,0.90,0.0,14.5,11.1,59
2011-09-29,4.5,8.9,82,1.10,153,0.90,5.0,21.8,10.3,66
2011-09-30,7.9,9.5,84,4.30,129,0.82,9.0,28.5,20.4,77
2011-10-01,5.0,7.6,78,0.20,290,0.99,2.0,33.1,25.8,58
2011-10-02,4.6,6.7,74,0.00,144,0.82,0.0,17.9,10.7,60
2011-10-03,4.9,8.5,81,0.00,128,0.92,0.0,20.6,16.0,64
2011-10-04,7.1,8.3,86,3.90,125,0.58,10.0,24.5,20.1,74
2011-10-05,7.2,8.0,95,0.00,252,0.45,0.0,11.0,6.3,79
2011-10-06,7.2,9.5,88,0.00,170,0.53,0.0,21.1,11.6,83
2011-10-07,8.1,8.9,91,1.90,155,0.48,8.0,18.5,14.9,88
2011-10-08,5.2,7.4,84,0.00,313,0.71,0.0,21.0,17.9,65
2011-10-09,3.4,5.4,79,0.00,82,0.64,0.0,23.4,14.2,65
2011-10-10,2.7,4.8,91,5.90,85,0.37,19.0,26.6,23.7,68
2011-10-11,3.6,5.4,88,0.10,87,0.43,1.0,20.2,18.1,81
2011-10-12,5.9,6.9,84,0.00,115,0.64,0.0,19.2,15.8,74
2011-10-13,4.3,6.1,78,0.00,115,0.65,0.0,15.6,13.3,70
2011-10-14,3.7,4.8,85,1.20,156,0.35,7.0,10.3,9.2,73
2011-10-15,2.1,3.4,87,0.00,60,0.40,0.0,10.3,6.1,73
2011-10-16,1.4,3.9,78,0.00,95,0.60,0.0,15.6,13.6,71
2011-10-17,2.8,4.0,84,0.90,111,0.49,6.0,18.5,15.9,79
2011-10-18,3.0,4.7,92,0.00,127,0.35,0.0,20.1,11.2,83
2011-10-19,3.3,5.1,93,3.80,179,0.38,5.0,25.2,13.1,83
2011-10-20,2.0,3.4,88,0.10,311,0.34,1.0,17.9,10.4,78
2011-10-21,-0.9,1.4,77,0.00,314,0.47,0.0,17.1,13.6,60
2011-10-22,-2.1,1.5,73,0.00,93,0.49,0.0,14.3,9.9,62
2011-10-23,0.9,2.1,87,2.10,171,0.36,8.0,20.9,16.8,69
2011-10-24,-0.7,-0.0,86,0.00,4,0.29,0.0,9.5,6.8,69
2011-10-25,-0.8,1.5,80,0.00,211,0.31,0.0,17.9,7.8,74
2011-10-26,2.2,3.3,83,1.10,177,0.52,3.0,27.1,23.3,75
2011-10-27,-0.2,2.4,84,0.10,282,0.39,1.0,31.8,21.8,59
2011-10-28,-5.1,-1.5,63,0.00,70,0.66,0.0,27.2,16.4,58
2011-10-29,-0.2,1.5,80,3.10,115,0.54,11.0,26.5,19.7,64
2011-10-30,0.4,2.4,89,1.20,170,0.18,5.0,18.1,13.1,84
2011-10-31,-1.5,1.5,87,0.20,285,0.28,2.0,26.9,20.0,79
2011-11-01,-3.6,-2.5,78,0.00,293,0.41,0.0,26.3,16.0,66
2011-11-02,-2.3,0.7,83,0.00,119,0.32,0.0,22.0,16.4,74
2011-11-03,-1.7,-0.3,90,8.30,29,0.20,16.0,23.7,18.5,86
2011-11-04,-6.5,-4.6,86,2.90,317,0.22,11.0,22.5,19.5,83
2011-11-05,-8.5,-5.6,84,0.00,215,0.14,0.0,15.2,9.0,78
2011-11-06,-9.8,-9.1,84,0.00,285,0.17,0.0,15.2,12.2,79
2011-11-07,-4.4,-0.9,84,0.00,160,0.31,0.0,27.2,19.2,80
2011-11-08,-2.9,-0.6,89,1.10,211,0.19,6.0,23.7,15.9,84
2011-11-09,-9.0,-5.9,84,0.00,296,0.19,0.0,22.5,16.9,82
2011-11-10,-4.6,-2.7,87,1.50,134,0.19,7.0,22.6,15.2,82
2011-11-11,-6.0,-4.2,90,0.00,331,0.10,0.0,15.9,11.4,86
2011-11-12,-11.9,-8.0,85,0.00,26,0.10,0.0,15.5,10.7,83
2011-11-13,-6.4,-5.7,81,0.00,93,0.27,0.0,20.8,17.6,79
2011-11-14,-10.6,-7.2,83,0.00,15,0.15,0.0,16.9,15.4,81
2011-11-15,-18.2,-15.1,81,0.00,328,0.10,0.0,14.2,13.0,79
2011-11-16,-20.4,-17.5,79,0.00,326,0.08,0.0,12.7,11.7,75
2011-11-17,-23.9,-22.9,74,0.00,9,0.09,0.0,17.5,14.5,71
2011-11-18,-25.2,-23.4,72,0.00,357,0.08,0.0,16.9,11.5,71
2011-11-19,-23.0,-21.2,74,0.00,16,0.06,0.0,11.2,7.7,73
2011-11-20,-21.8,-21.1,75,0.00,25,0.09,0.0,13.2,11.7,74
2011-11-21,-26.4,-18.1,76,0.00,62,0.06,0.0,18.7,11.2,74
2011-11-22,-15.5,-13.4,78,2.40,99,0.19,11.0,24.0,19.9,74
2011-11-23,-14.7,-13.8,82,0.00,44,0.08,0.0,13.9,10.4,79
2011-11-24,-11.6,-10.0,85,0.90,97,0.08,5.0,14.4,11.4,83
2011-11-25,-9.0,-7.3,87,1.90,100,0.08,7.0,23.5,13.2,85
2011-11-26,-17.4,-10.1,81,0.00,302,0.10,0.0,25.3,14.6,79
2011-11-27,-11.2,-8.6,84,3.40,43,0.14,14.0,24.7,19.7,77
2011-11-28,-20.2,-15.3,77,0.00,311,0.11,0.0,27.1,15.9,75
2011-11-29,-26.0,-22.5,76,0.00,360,0.05,0.0,14.0,12.1,74
2011-11-30,-30.5,-28.7,74,0.00,288,0.03,0.0,9.7,8.4,72
2011-12-01,-18.5,-13.8,85,1.10,123,0.07,3.0,21.8,15.3,81
2011-12-02,-16.8,-13.1,80,3.60,15,0.10,7.0,21.7,14.9,78
2011-12-03,-19.3,-16.6,81,0.00,57,0.02,0.0,9.4,6.9,77
2011-12-04,-21.8,-13.7,80,0.00,110,0.05,0.0,21.2,11.1,74
2011-12-05,-10.4,-7.0,89,0.00,147,0.07,0.0,20.9,17.5,86
2011-12-06,-8.0,-4.6,76,1.80,304,0.38,5.0,37.0,29.3,67
2011-12-07,-18.4,-11.5,68,0.00,310,0.29,0.0,36.7,32.3,66
2011-12-08,-26.9,-21.6,74,0.00,324,0.06,0.0,21.7,13.5,72
2011-12-09,-22.0,-19.2,77,0.00,124,0.08,0.0,19.2,13.1,72
2011-12-10,-15.3,-11.5,85,0.00,231,0.03,0.0,10.5,7.9,81
2011-12-11,-10.7,-9.5,89,0.00,232,0.01,0.0,11.4,8.5,87
2011-12-12,-9.7,-4.1,85,0.40,176,0.18,2.0,28.9,20.3,74
2011-12-13,-7.2,-2.5,76,0.00,294,0.36,0.0,32.2,22.7,72
2011-12-14,-25.1,-17.6,74,0.00,12,0.04,0.0,15.2,8.9,71
2011-12-15,-30.3,-26.3,76,0.00,99,0.03,0.0,17.9,10.6,71
2011-12-16,-19.3,-17.3,81,0.00,102,0.06,0.0,20.1,14.2,76
2011-12-17,-19.5,-16.3,82,0.60,101,0.04,4.0,14.1,9.7,80
2011-12-18,-20.1,-17.4,81,0.00,325,0.02,0.0,13.5,8.1,81
2011-12-19,-13.0,-8.0,85,1.70,185,0.10,6.0,19.5,16.5,80
2011-12-20,-14.9,-11.0,84,0.30,322,0.04,2.0,17.3,10.7,81
2011-12-21,-22.2,-18.9,80,0.00,22,0.04,0.0,15.5,9.6,79
2011-12-22,-18.0,-16.8,83,0.00,121,0.06,0.0,21.5,13.3,81
2011-12-23,-14.2,-10.6,84,0.20,119,0.08,2.0,22.2,13.7,82
2011-12-24,-14.5,-12.3,84,0.00,304,0.06,0.0,16.1,14.1,82
2011-12-25,-19.1,-17.5,80,0.10,52,0.06,1.0,16.4,10.6,77
2011-12-26,-21.8,-18.5,74,0.00,69,0.09,0.0,14.8,12.7,72
2011-12-27,-20.4,-15.6,78,2.50,93,0.11,9.0,23.1,18.6,73
2011-12-28,-18.7,-15.5,83,0.00,277,0.02,0.0,10.9,7.7,81
2011-12-29,-20.9,-19.9,80,0.00,78,0.02,0.0,9.7,6.2,79
2011-12-30,-19.3,-18.2,81,0.00,89,0.05,0.0,12.7,10.1,80
2011-12-31,-20.2,-18.8,80,0.00,4,0.01,0.0,8.2,5.6,78
2012-01-01,-23.5,-20.4,79,0.00,294,0.01,0.0,8.8,5.8,75
2012-01-02,-16.4,-9.7,77,1.30,136,0.23,3.0,35.5,25.3,66
2012-01-03,-12.4,-9.3,82,0.00,292,0.13,0.0,27.1,19.0,77
2012-01-04,-23.3,-18.4,77,0.00,65,0.06,0.0,23.5,12.9,71
2012-01-05,-21.5,-20.7,73,0.00,71,0.13,0.0,22.9,16.8,71
2012-01-06,-26.1,-22.9,74,0.00,59,0.02,0.0,9.3,6.2,71
2012-01-07,-23.7,-18.8,81,0.00,163,0.05,0.0,20.3,14.1,76
2012-01-08,-14.9,-11.6,85,1.60,111,0.04,10.0,12.7,9.2,82
2012-01-09,-13.1,-11.9,85,0.00,94,0.09,0.0,18.9,15.3,83
2012-01-10,-16.5,-12.8,76,1.00,323,0.17,5.0,29.9,22.3,69
2012-01-11,-22.2,-19.8,71,0.00,150,0.13,0.0,24.5,16.4,65
2012-01-12,-21.2,-19.9,78,0.00,118,0.08,0.0,15.5,13.7,73
2012-01-13,-18.3,-15.5,80,0.00,63,0.06,0.0,13.1,8.9,78
2012-01-14,-16.8,-15.4,80,0.00,338,0.10,0.0,22.5,15.4,75
2012-01-15,-23.6,-18.5,71,0.00,341,0.14,0.0,24.5,21.8,66
2012-01-16,-30.4,-27.7,72,0.00,305,0.06,0.0,17.5,15.4,71
2012-01-17,-27.0,-23.4,75,0.00,282,0.08,0.0,17.7,15.7,73
2012-01-18,-19.4,-18.0,71,0.00,301,0.21,0.0,30.0,24.9,67
2012-01-19,-20.8,-19.3,72,0.00,307,0.16,0.0,26.1,19.4,68
2012-01-20,-22.3,-20.2,76,0.00,284,0.11,0.0,22.7,18.6,73
2012-01-21,-25.1,-20.6,78,0.00,237,0.05,0.0,20.2,10.7,74
2012-01-22,-21.8,-19.5,76,1.50,101,0.11,8.0,19.6,16.0,75
2012-01-23,-22.8,-19.9,79,0.00,71,0.05,0.0,12.4,9.6,77
2012-01-24,-20.6,-19.1,77,0.00,66,0.07,0.0,15.9,9.3,74
2012-01-25,-17.1,-11.2,82,0.40,99,0.11,2.0,16.5,13.1,79
2012-01-26,-17.0,-11.4,80,2.90,263,0.09,15.0,17.3,12.8,73
2012-01-27,-28.3,-23.6,72,0.00,325,0.06,0.0,14.1,10.6,67
2012-01-28,-33.8,-31.0,68,0.00,16,0.04,0.0,14.1,9.7,66
2012-01-29,-30.6,-26.9,73,0.00,103,0.07,0.0,18.6,16.8,71
2012-01-30,-24.1,-22.5,76,1.60,109,0.08,10.0,16.2,10.7,73
2012-01-31,-24.4,-22.5,77,0.90,182,0.04,5.0,13.3,5.9,75
2012-02-01,-22.4,-19.3,79,0.00,104,0.08,0.0,16.7,10.7,76
2012-02-02,-16.9,-9.0,82,0.00,154,0.14,0.0,28.9,16.5,78
2012-02-03,-6.5,-4.3,84,0.00,209,0.23,0.0,22.3,15.3,74
2012-02-04,-1.6,1.9,77,0.30,236,0.54,2.0,27.8,19.3,67
2012-02-05,-11.2,-5.2,78,0.00,343,0.23,0.0,26.9,18.7,69
2012-02-06,-18.9,-12.8,78,0.00,176,0.13,0.0,19.3,12.8,72
2012-02-07,-13.4,-12.0,77,0.00,212,0.21,0.0,18.8,11.7,72
2012-02-08,-19.7,-16.5,68,0.00,66,0.20,0.0,20.2,15.5,60
2012-02-09,-26.7,-22.7,70,0.00,72,0.08,0.0,9.5,6.9,64
2012-02-10,-24.9,-21.2,68,0.00,144,0.15,0.0,20.4,15.8,64
2012-02-11,-17.5,-13.6,70,0.00,176,0.26,0.0,20.9,17.4,66
2012-02-12,-16.8,-13.1,84,0.00,144,0.12,0.0,12.3,9.6,80
2012-02-13,-14.9,-13.4,87,0.00,222,0.11,0.0,13.2,8.0,85
2012-02-14,-15.5,-14.0,83,0.00,328,0.15,0.0,14.0,9.7,77
2012-02-15,-17.9,-14.9,83,0.00,124,0.11,0.0,10.5,7.0,78
2012-02-16,-15.1,-12.5,85,0.00,150,0.14,0.0,20.6,13.8,83
2012-02-17,-11.6,-7.8,85,0.20,165,0.23,2.0,21.9,12.8,82
2012-02-18,-12.3,-9.0,83,0.00,333,0.19,0.0,15.6,11.6,73
2012-02-19,-17.6,-13.9,76,0.00,92,0.19,0.0,21.5,16.5,72
2012-02-20,-16.7,-14.7,76,0.00,105,0.24,0.0,21.1,15.0,73
2012-02-21,-15.9,-12.1,84,0.00,101,0.18,0.0,15.3,12.0,80
2012-02-22,-15.5,-13.3,82,0.00,55,0.20,0.0,15.5,11.5,77
2012-02-23,-18.5,-14.4,78,0.00,338,0.18,0.0,12.4,11.5,71
2012-02-24,-24.9,-20.0,73,0.00,45,0.15,0.0,9.5,6.1,64
2012-02-25,-26.3,-22.4,74,0.00,25,0.13,0.0,7.6,6.0,70
2012-02-26,-26.2,-20.6,76,0.00,92,0.12,0.0,13.5,8.3,74
2012-02-27,-22.0,-17.9,78,0.00,102,0.20,0.0,16.2,14.8,74
2012-02-28,-18.8,-15.0,78,0.00,83,0.21,0.0,17.4,14.9,73
2012-02-29,-19.4,-15.1,76,0.00,8,0.21,0.0,13.4,11.7,68
2012-03-01,-24.4,-19.7,73,0.00,33,0.16,0.0,10.4,6.4,66
2012-03-02,-22.6,-19.1,73,0.00,100,0.20,0.0,16.9,12.6,69
2012-03-03,-18.4,-15.0,79,0.90,105,0.24,6.0,20.0,15.7,74
2012-03-04,-20.0,-15.0,78,0.00,317,0.21,0.0,14.5,11.8,69
2012-03-05,-25.1,-20.7,72,0.00,327,0.17,0.0,14.8,12.3,66
2012-03-06,-25.2,-23.4,72,0.00,318,0.18,0.0,13.2,8.2,68
2012-03-07,-24.6,-19.8,73,0.00,124,0.23,0.0,15.5,10.3,67
2012-03-08,-22.9,-17.8,74,0.00,55,0.27,0.0,9.4,6.8,60
2012-03-09,-17.8,-12.3,73,5.20,97,0.31,7.0,32.5,21.0,67
2012-03-10,-15.6,-12.5,80,0.00,343,0.32,0.0,11.9,7.3,68
2012-03-11,-16.4,-10.6,77,0.00,95,0.38,0.0,21.3,16.2,70
2012-03-12,-9.1,-8.2,82,1.30,78,0.34,4.0,20.7,16.5,77
2012-03-13,-14.7,-10.1,79,3.50,255,0.30,7.0,17.8,13.5,61
2012-03-14,-20.3,-17.5,72,0.00,304,0.30,0.0,16.6,14.1,61
2012-03-15,-23.3,-17.1,71,0.00,72,0.28,0.0,13.8,9.9,61
2012-03-16,-16.0,-11.2,70,0.00,77,0.48,0.0,19.1,13.9,65
2012-03-17,-14.3,-11.4,77,0.00,325,0.37,0.0,18.4,14.6,69
2012-03-18,-16.3,-13.9,78,0.00,31,0.32,0.0,17.8,11.4,71
2012-03-19,-15.2,-13.0,77,2.20,71,0.39,14.0,22.1,19.4,75
2012-03-20,-15.5,-13.2,77,2.20,65,0.31,10.0,25.2,17.8,66
2012-03-21,-18.9,-16.8,68,0.80,17,0.37,6.0,22.8,16.5,60
2012-03-22,-18.6,-16.3,72,0.00,60,0.36,0.0,13.4,9.5,62
2012-03-23,-19.6,-14.7,73,0.00,106,0.43,0.0,12.3,10.7,62
2012-03-24,-15.3,-11.1,73,0.00,128,0.53,0.0,20.7,17.5,66
2012-03-25,-13.5,-7.6,81,0.00,104,0.54,0.0,13.5,8.9,73
2012-03-26,-9.2,-5.4,81,0.00,79,0.76,0.0,16.3,11.1,72
2012-03-27,-10.0,-5.7,84,0.00,137,0.67,0.0,12.2,8.4,77
2012-03-28,-5.7,-0.1,80,0.00,134,0.94,0.0,19.6,17.4,73
2012-03-29,-1.6,1.2,84,0.00,117,0.97,0.0,19.5,17.2,74
2012-03-30,0.5,1.5,91,0.80,104,0.61,5.0,18.8,16.6,84
2012-03-31,-0.3,1.5,90,1.60,71,0.66,7.0,13.5,11.8,85
2012-04-01,-0.9,0.5,89,5.00,357,0.68,16.0,14.7,10.2,72
2012-04-02,-7.6,-1.5,80,0.00,257,0.77,0.0,14.9,12.4,65
2012-04-03,-7.0,1.8,77,0.00,104,0.95,0.0,23.5,16.7,65
2012-04-04,-1.5,1.7,86,2.20,5,0.68,5.0,18.9,12.4,71
2012-04-05,-6.2,-2.9,83,5.70,324,0.72,7.0,23.8,20.0,74
2012-04-06,-7.7,-5.1,81,0.00,1,0.61,0.0,22.9,19.3,75
2012-04-07,-11.5,-8.4,75,0.00,344,0.81,0.0,20.2,14.3,65
2012-04-08,-12.5,-8.1,77,0.00,93,0.82,0.0,11.3,7.6,67
2012-04-09,-9.3,-3.8,74,0.00,130,1.01,0.0,19.9,15.4,62
2012-04-10,-5.2,-1.5,72,0.00,147,1.27,0.0,24.3,21.6,64
2012-04-11,-4.2,-0.9,79,0.00,83,1.24,0.0,16.9,10.9,69
2012-04-12,-7.3,-1.6,80,0.00,58,0.96,0.0,17.4,15.5,73
2012-04-13,-8.7,-4.3,75,0.00,54,0.97,0.0,19.5,14.7,62
2012-04-14,-11.3,-4.4,72,0.00,37,0.92,0.0,19.7,16.3,66
2012-04-15,-14.5,-10.0,74,0.00,108,0.85,0.0,11.7,10.0,62
2012-04-16,-14.7,-9.7,70,0.00,48,0.95,0.0,13.0,10.0,56
2012-04-17,-13.8,-8.8,74,0.00,118,0.98,0.0,9.0,7.5,57
2012-04-18,-11.4,-3.5,71,0.00,117,1.20,0.0,12.6,10.7,59
2012-04-19,-6.7,0.4,71,0.00,109,1.51,0.0,15.5,14.1,57
2012-04-20,-2.2,3.7,73,0.00,110,1.96,0.0,15.8,11.5,57
2012-04-21,-1.1,3.4,79,0.00,4,1.81,0.0,10.6,8.0,64
2012-04-22,-3.0,1.6,82,0.00,74,1.27,0.0,16.4,12.6,70
2012-04-23,-8.4,-3.5,78,0.00,77,1.02,0.0,17.5,14.5,69
2012-04-24,-9.9,-5.0,76,0.00,88,1.18,0.0,19.5,17.4,68
2012-04-25,-7.6,-2.8,79,0.00,97,1.20,0.0,19.9,17.7,70
2012-04-26,-3.5,2.2,78,0.00,107,1.58,0.0,20.3,18.8,66
2012-04-27,1.5,5.2,74,0.00,122,1.79,0.0,22.1,19.9,65
2012-04-28,3.0,6.2,84,1.20,191,1.59,6.0,22.9,19.2,61
2012-04-29,1.2,4.8,71,0.00,274,2.20,0.0,18.4,13.2,55
2012-04-30,1.2,5.9,73,0.00,77,2.38,0.0,11.6,5.9,55
2012-05-01,0.2,5.6,73,0.00,86,2.11,0.0,14.4,11.7,55
2012-05-02,-0.2,3.1,78,0.00,87,1.81,0.0,20.2,18.5,63
2012-05-03,3.6,9.8,77,0.00,113,2.40,0.0,22.1,18.9,59
2012-05-04,6.2,11.6,67,0.00,123,2.89,0.0,20.9,18.2,51
2012-05-05,6.7,11.5,69,0.00,124,2.24,0.0,20.1,17.9,52
2012-05-06,5.6,8.9,79,0.00,240,2.12,0.0,18.3,10.9,66
2012-05-07,5.4,11.2,74,0.00,88,2.17,0.0,15.0,8.9,53
2012-05-08,6.5,11.6,76,0.50,100,1.67,1.0,25.6,14.8,58
2012-05-09,6.8,9.9,68,1.10,172,2.90,5.0,29.6,19.4,42
2012-05-10,4.1,8.9,60,0.00,207,2.49,0.0,21.0,15.5,43
2012-05-11,3.2,7.3,77,1.50,297,1.74,6.0,23.5,18.2,50
2012-05-12,3.0,6.8,73,0.20,298,1.83,1.0,23.6,17.7,55
2012-05-13,2.7,6.4,67,0.00,23,2.37,0.0,20.7,10.3,51
2012-05-14,3.6,6.9,71,0.00,85,2.24,0.0,13.0,8.5,55
2012-05-15,5.1,10.6,70,0.00,112,2.61,0.0,15.1,12.2,50
2012-05-16,3.9,10.0,72,4.50,60,1.64,15.0,24.7,22.2,52
2012-05-17,5.0,9.5,75,4.70,59,2.04,8.0,27.9,26.1,60
2012-05-18,4.5,8.2,88,4.20,84,1.23,10.0,22.3,12.4,70
2012-05-19,5.7,8.5,79,2.50,55,1.82,8.0,14.2,9.9,65
2012-05-20,5.3,8.4,75,0.00,129,2.42,0.0,13.7,8.7,57
2012-05-21,5.9,12.4,65,0.20,128,3.25,1.0,14.0,12.5,47
2012-05-22,9.1,14.4,58,0.00,127,3.91,0.0,16.5,13.0,41
2012-05-23,10.6,15.3,58,0.00,79,3.83,0.0,12.1,7.1,36
2012-05-24,8.9,12.7,69,0.80,54,3.32,1.0,14.2,9.1,43
2012-05-25,4.4,10.2,67,0.00,141,3.11,0.0,16.2,12.8,50
2012-05-26,8.3,16.2,54,0.00,128,3.74,0.0,21.9,19.7,41
2012-05-27,13.1,19.9,49,0.00,126,5.15,0.0,20.5,17.9,33
2012-05-28,15.6,21.1,44,0.00,117,5.79,0.0,19.2,15.8,29
2012-05-29,15.7,20.6,46,0.00,125,5.41,0.0,16.3,11.8,31
2012-05-30,14.6,19.8,43,0.00,164,5.12,0.0,14.2,9.3,30
2012-05-31,14.5,19.4,54,0.00,181,4.76,0.0,17.4,10.7,33
2012-06-01,13.4,18.0,54,0.20,125,4.65,2.0,17.1,11.8,36
2012-06-02,12.9,17.0,54,0.10,86,4.65,1.0,16.5,12.6,33
2012-06-03,12.2,16.1,46,0.00,76,4.61,0.0,15.9,12.3,33
2012-06-04,12.6,16.5,46,0.00,95,4.72,0.0,15.5,10.9,35
2012-06-05,13.8,18.5,54,0.00,105,4.57,0.0,12.3,9.1,36
2012-06-06,16.6,21.2,51,0.00,108,5.09,0.0,19.3,14.4,40
2012-06-07,18.5,23.6,49,0.00,92,6.44,0.0,30.4,23.5,30
2012-06-08,16.8,23.5,52,0.00,88,4.82,0.0,31.8,23.7,30
2012-06-09,13.8,17.7,61,7.60,65,3.29,7.0,17.1,14.8,35
2012-06-10,11.4,17.5,52,0.00,99,4.02,0.0,14.9,10.9,34
2012-06-11,9.7,13.7,50,0.00,109,4.32,0.0,17.9,13.5,36
2012-06-12,9.9,13.6,48,0.00,105,4.03,0.0,22.8,19.5,36
2012-06-13,12.2,15.8,45,0.00,90,3.98,0.0,15.9,11.3,36
2012-06-14,12.6,15.5,48,0.00,56,4.02,0.0,16.0,9.5,34
2012-06-15,11.7,15.2,46,0.00,92,3.83,0.0,12.5,7.6,29
2012-06-16,11.9,17.7,47,0.00,144,4.75,0.0,20.4,14.5,27
2012-06-17,14.9,18.5,43,0.00,116,5.61,0.0,22.7,19.6,26
2012-06-18,15.8,18.5,39,0.00,108,5.09,0.0,14.1,10.9,28
2012-06-19,14.8,18.0,54,0.00,300,4.43,0.0,24.4,14.5,35
2012-06-20,13.1,18.7,48,0.00,300,4.88,0.0,22.7,9.9,33
2012-06-21,17.3,21.9,50,0.00,220,5.09,0.0,16.2,11.0,34
2012-06-22,19.1,22.3,41,0.00,1,5.83,0.0,16.0,11.6,27
2012-06-23,16.2,22.2,52,0.00,168,5.25,0.0,14.7,8.4,27
2012-06-24,17.1,22.0,47,0.00,162,5.57,0.0,18.1,11.9,29
2012-06-25,18.8,22.0,50,0.00,135,5.03,0.0,17.1,13.1,30
2012-06-26,17.8,23.1,74,3.60,118,4.25,9.0,20.1,17.4,39
2012-06-27,17.2,23.2,66,2.20,83,3.42,9.0,20.6,17.6,33
2012-06-28,14.5,17.8,78,7.00,40,2.18,19.0,17.8,11.0,61
2012-06-29,15.0,16.7,77,0.60,95,2.34,4.0,9.1,5.1,65
2012-06-30,16.1,20.1,72,0.00,124,3.95,0.0,12.1,8.9,55
2012-07-01,17.5,21.3,77,1.60,117,3.70,5.0,18.4,12.7,62
2012-07-02,16.5,21.0,90,15.40,294,1.58,19.0,13.8,7.4,62
2012-07-03,16.8,22.0,74,0.40,162,4.08,1.0,10.1,5.6,35
2012-07-04,16.1,21.4,72,0.20,47,2.79,2.0,17.1,12.9,38
2012-07-05,16.9,20.2,64,0.00,58,3.86,0.0,15.6,8.0,44
2012-07-06,18.0,21.8,62,0.00,122,4.49,0.0,11.6,8.4,44
2012-07-07,19.1,22.2,63,0.00,159,4.35,0.0,11.5,5.2,45
2012-07-08,20.0,25.7,58,0.00,142,5.48,0.0,14.8,13.3,38
2012-07-09,22.4,26.7,54,0.00,153,5.75,0.0,16.0,11.1,38
2012-07-10,23.8,29.4,49,0.00,147,5.72,0.0,16.5,8.0,30
2012-07-11,22.6,29.3,38,0.00,253,7.09,0.0,28.4,17.4,24
2012-07-12,18.7,23.2,41,0.60,244,5.36,2.0,23.5,14.2,27
2012-07-13,17.4,22.0,56,1.60,293,4.70,3.0,16.1,13.0,34
2012-07-14,18.6,21.8,55,0.00,121,4.98,0.0,18.2,14.4,36
2012-07-15,18.7,22.2,46,0.00,117,5.66,0.0,14.7,12.2,33
2012-07-16,19.4,22.2,53,0.00,148,4.97,0.0,25.6,18.9,35
2012-07-17,19.0,22.2,75,3.30,144,3.53,9.0,23.2,14.9,44
2012-07-18,17.8,21.1,68,0.20,317,3.15,2.0,17.7,11.9,53
2012-07-19,18.0,21.5,60,0.00,359,4.27,0.0,26.3,20.5,38
2012-07-20,18.6,22.1,58,0.00,357,3.73,0.0,20.9,8.4,40
2012-07-21,19.8,23.6,58,0.00,119,4.85,0.0,20.3,14.1,39
2012-07-22,19.3,24.0,59,2.20,60,4.79,4.0,16.4,11.5,39
2012-07-23,21.6,25.5,55,0.00,336,4.48,0.0,13.2,8.1,40
2012-07-24,21.6,25.6,62,0.00,138,4.95,0.0,18.9,13.5,43
2012-07-25,20.6,24.3,62,0.40,343,3.98,2.0,20.4,12.1,42
2012-07-26,19.0,23.1,64,0.00,338,4.15,0.0,17.2,8.5,39
2012-07-27,18.5,22.9,61,0.60,341,4.33,3.0,15.9,12.1,39
2012-07-28,16.9,21.9,61,2.50,201,3.12,3.0,11.4,8.2,38
2012-07-29,19.8,22.9,63,0.00,161,4.14,0.0,11.7,7.1,43
2012-07-30,20.6,24.2,68,0.80,175,4.11,4.0,14.2,7.0,45
2012-07-31,19.0,23.1,61,0.40,104,4.69,1.0,20.2,15.8,40
2012-08-01,18.7,23.0,53,0.00,96,4.66,0.0,18.1,13.9,40
2012-08-02,18.7,23.1,51,0.00,100,5.00,0.0,15.6,11.8,34
2012-08-03,18.6,22.0,62,0.00,151,3.51,0.0,20.7,13.9,35
2012-08-04,17.2,19.7,78,5.60,246,1.97,9.0,32.3,19.8,68
2012-08-05,12.0,14.3,90,7.70,308,1.00,19.0,36.9,31.3,79
2012-08-06,13.8,17.9,86,5.60,312,1.85,14.0,27.8,16.6,59
2012-08-07,16.5,20.3,69,0.00,247,3.68,0.0,15.2,8.3,52
2012-08-08,18.3,22.5,67,0.00,146,3.77,0.0,21.4,17.4,52
2012-08-09,20.2,22.6,68,0.80,146,3.48,2.0,15.8,13.3,56
2012-08-10,18.4,22.3,67,2.60,233,4.24,4.0,22.5,18.4,39
2012-08-11,16.3,20.8,66,0.40,302,3.35,3.0,21.4,10.0,39
2012-08-12,15.4,18.5,69,0.10,326,3.09,1.0,22.0,11.8,52
2012-08-13,15.1,18.3,79,7.40,57,1.56,14.0,17.1,10.2,51
2012-08-14,12.1,14.4,69,0.30,336,2.39,2.0,21.8,18.1,50
2012-08-15,12.8,15.2,78,1.40,102,2.04,6.0,16.0,12.0,60
2012-08-16,14.5,18.7,82,3.00,175,2.35,7.0,12.5,10.6,65
2012-08-17,16.6,22.0,76,1.00,197,3.29,2.0,16.3,9.3,49
2012-08-18,19.4,23.5,68,0.00,169,4.10,0.0,24.4,19.3,54
2012-08-19,19.2,23.5,70,0.90,262,3.36,2.0,23.7,16.3,51
2012-08-20,18.5,22.3,65,0.00,244,3.24,0.0,18.7,7.9,42
2012-08-21,18.4,22.1,63,0.00,357,2.85,0.0,10.6,5.5,42
2012-08-22,19.4,23.6,59,0.00,91,3.34,0.0,8.4,5.2,34
2012-08-23,18.8,23.4,58,0.00,76,3.28,0.0,18.7,12.3,34
2012-08-24,16.9,20.8,69,1.90,50,3.10,9.0,19.3,17.9,46
2012-08-25,14.4,17.7,76,0.00,94,1.90,0.0,18.2,12.9,63
2012-08-26,15.9,19.3,79,1.00,145,2.36,4.0,19.5,15.6,61
2012-08-27,16.9,19.3,78,0.00,209,2.07,0.0,13.4,10.6,61
2012-08-28,17.8,22.4,74,0.00,89,2.69,0.0,14.9,11.9,57
2012-08-29,17.0,22.2,84,10.70,90,1.50,7.0,11.4,8.2,57
2012-08-30,12.9,17.0,85,3.10,351,1.31,5.0,24.5,19.2,70
2012-08-31,11.5,14.4,72,0.00,6,2.21,0.0,18.9,9.4,56
2012-09-01,14.9,18.9,71,0.00,182,2.89,0.0,16.7,12.4,56
2012-09-02,15.8,20.2,73,0.00,122,2.74,0.0,13.8,11.6,50
2012-09-03,15.2,19.4,76,0.00,79,1.61,0.0,15.2,13.3,57
2012-09-04,14.0,15.8,82,0.30,80,1.24,2.0,13.2,8.0,70
2012-09-05,14.4,16.8,81,0.00,131,1.81,0.0,18.1,12.6,65
2012-09-06,16.5,20.7,71,0.00,186,3.16,0.0,27.7,23.4,44
2012-09-07,14.0,19.4,61,0.00,296,3.14,0.0,26.7,17.1,40
2012-09-08,15.1,17.2,57,0.00,205,2.99,0.0,22.1,14.3,40
2012-09-09,12.8,16.3,67,0.00,94,2.36,0.0,25.9,16.7,45
2012-09-10,13.8,16.1,73,1.40,113,2.33,3.0,27.9,23.6,49
2012-09-11,11.3,14.8,97,11.60,291,0.43,21.0,16.1,9.5,82
2012-09-12,6.3,9.3,92,10.70,269,0.54,14.0,22.4,17.0,80
2012-09-13,7.8,11.1,69,0.10,269,1.57,1.0,19.9,6.9,43
2012-09-14,7.2,11.0,81,15.50,70,0.69,13.0,32.2,21.4,50
2012-09-15,5.6,8.6,67,0.70,354,1.53,2.0,28.5,12.4,42
2012-09-16,8.1,11.3,70,0.00,202,1.45,0.0,15.7,9.3,45
2012-09-17,9.8,13.7,82,0.00,133,1.60,0.0,21.3,17.1,62
2012-09-18,11.5,14.5,73,0.20,310,2.06,1.0,27.3,18.5,45
2012-09-19,9.9,13.2,66,0.00,310,1.89,0.0,17.6,8.9,45
2012-09-20,10.7,15.1,75,0.00,210,1.69,0.0,14.0,7.7,50
2012-09-21,12.6,15.0,75,0.00,151,1.90,0.0,23.0,16.9,60
2012-09-22,12.6,16.6,72,0.00,125,2.12,0.0,22.7,13.9,63
2012-09-23,11.4,16.3,81,0.00,79,1.49,0.0,18.3,12.2,61
2012-09-24,10.9,14.8,78,0.00,129,1.79,0.0,25.1,22.3,65
2012-09-25,12.4,14.4,86,0.20,280,1.15,1.0,17.8,9.5,70
2012-09-26,9.7,12.6,84,0.60,200,1.18,3.0,24.6,13.4,71
2012-09-27,11.7,14.1,73,0.00,176,1.74,0.0,26.2,19.2,66
2012-09-28,13.0,14.7,61,0.00,224,2.45,0.0,23.5,18.4,40
2012-09-29,10.1,13.6,68,0.00,222,1.47,0.0,12.8,8.4,49
2012-09-30,9.7,13.1,78,0.00,271,1.10,0.0,7.9,6.2,57
2012-10-01,7.5,12.0,87,3.20,88,0.80,7.0,13.4,7.9,66
2012-10-02,5.4,7.7,77,0.00,46,0.87,0.0,17.6,12.5,55
2012-10-03,5.4,7.1,78,1.30,237,0.76,7.0,9.9,6.6,55
2012-10-04,5.4,8.8,77,0.00,145,0.98,0.0,16.8,9.7,57
2012-10-05,6.6,8.5,73,0.00,205,1.10,0.0,16.2,13.5,61
2012-10-06,5.5,8.8,84,0.20,350,0.64,1.0,17.8,10.8,66
2012-10-07,6.5,8.1,89,3.50,359,0.68,12.0,28.3,19.3,65
2012-10-08,3.1,5.9,74,0.40,333,0.97,3.0,24.6,22.4,59
2012-10-09,1.0,3.0,78,2.30,329,0.61,8.0,24.0,12.0,59
2012-10-10,-1.4,1.7,60,0.00,341,1.21,0.0,27.6,24.4,39
2012-10-11,-1.6,-0.6,64,0.00,285,0.93,0.0,19.5,16.5,45
2012-10-12,-2.3,-0.9,72,0.00,305,0.54,0.0,12.6,7.0,53
2012-10-13,-1.9,-0.6,74,0.00,119,0.55,0.0,16.3,13.4,62
2012-10-14,0.5,2.2,89,2.50,124,0.41,10.0,20.4,12.2,79
2012-10-15,2.7,3.1,93,5.10,72,0.30,11.0,24.9,19.6,88
2012-10-16,1.3,2.7,88,0.00,34,0.34,0.0,15.5,14.0,79
2012-10-17,1.6,3.0,90,2.10,49,0.27,11.0,14.8,9.9,83
2012-10-18,2.2,4.5,93,1.30,163,0.40,6.0,14.3,8.8,82
2012-10-19,2.3,3.2,92,1.60,241,0.27,8.0,18.4,13.4,85
2012-10-20,1.0,2.2,88,0.10,345,0.32,1.0,19.5,16.4,80
2012-10-21,1.1,1.8,85,0.50,16,0.46,5.0,27.0,22.2,74
2012-10-22,-0.5,0.9,76,2.80,41,0.71,12.0,28.9,26.5,69
2012-10-23,-2.3,-1.5,74,0.10,49,0.69,1.0,28.4,24.6,71
2012-10-24,-3.5,-2.7,77,0.00,53,0.54,0.0,24.2,21.7,69
2012-10-25,-5.4,-3.2,70,0.00,29,0.42,0.0,16.6,11.7,62
2012-10-26,-7.4,-6.3,56,0.00,358,0.44,0.0,9.4,8.1,51
2012-10-27,-8.9,-8.1,59,0.00,10,0.37,0.0,9.1,7.0,52
2012-10-28,-10.2,-5.6,68,0.00,84,0.30,0.0,14.6,8.3,57
2012-10-29,-6.8,-6.2,72,0.40,63,0.44,4.0,18.8,16.8,65
2012-10-30,-10.6,-7.8,77,0.00,327,0.21,0.0,13.3,9.3,70
2012-10-31,-10.8,-6.4,80,0.00,237,0.14,0.0,7.6,5.4,77
2012-11-01,-6.3,-5.8,82,0.00,145,0.28,0.0,22.1,17.4,79
2012-11-02,-8.4,-5.7,83,0.80,308,0.16,5.0,15.8,11.4,75
2012-11-03,-6.5,-3.2,81,0.00,141,0.29,0.0,28.6,20.1,76
2012-11-04,-5.3,-2.0,85,2.70,255,0.20,6.0,24.3,13.8,80
2012-11-05,-4.2,-1.5,87,3.00,69,0.22,12.0,23.4,16.8,81
2012-11-06,-5.6,-3.7,88,1.10,1,0.11,7.0,12.7,8.4,86
2012-11-07,-11.1,-6.4,84,0.00,341,0.14,0.0,17.7,15.9,77
2012-11-08,-19.5,-15.8,80,0.00,345,0.09,0.0,16.9,9.2,78
2012-11-09,-16.8,-13.7,84,0.00,258,0.06,0.0,8.7,4.7,81
2012-11-10,-9.3,-6.5,84,0.00,203,0.20,0.0,25.1,19.0,79
2012-11-11,-13.1,-7.9,83,0.00,305,0.09,0.0,17.1,9.2,79
2012-11-12,-16.1,-14.4,81,0.00,347,0.09,0.0,12.3,11.2,75
2012-11-13,-22.3,-14.4,79,0.00,64,0.07,0.0,11.4,9.0,77
2012-11-14,-17.2,-14.2,80,0.40,298,0.09,3.0,17.9,12.7,78
2012-11-15,-19.5,-17.5,78,0.00,332,0.07,0.0,11.2,9.2,75
2012-11-16,-21.8,-18.3,78,0.00,36,0.06,0.0,13.4,9.0,76
2012-11-17,-18.0,-16.6,76,1.70,35,0.15,10.0,18.9,15.9,74
2012-11-18,-13.7,-11.9,79,7.40,63,0.23,15.0,29.7,24.0,74
2012-11-19,-16.2,-12.5,78,0.00,13,0.13,0.0,17.1,14.6,74
2012-11-20,-21.9,-20.5,76,0.00,354,0.09,0.0,15.1,13.3,74
2012-11-21,-24.4,-21.1,77,0.00,15,0.05,0.0,12.9,9.5,75
2012-11-22,-26.8,-22.7,75,0.00,45,0.04,0.0,10.0,7.3,71
2012-11-23,-18.7,-16.2,81,0.00,102,0.09,0.0,21.4,14.4,78
2012-11-24,-18.3,-16.0,76,0.00,46,0.13,0.0,18.8,15.2,73
2012-11-25,-25.6,-20.7,77,0.00,91,0.05,0.0,10.5,8.9,74
2012-11-26,-21.9,-20.2,79,0.00,290,0.05,0.0,13.6,9.4,78
2012-11-27,-22.7,-20.3,80,0.00,268,0.04,0.0,17.8,8.6,78
2012-11-28,-23.4,-20.1,76,0.00,308,0.09,0.0,21.1,15.8,74
2012-11-29,-26.5,-25.5,76,0.00,251,0.05,0.0,14.2,11.1,75
2012-11-30,-28.7,-25.7,76,0.00,346,0.02,0.0,10.5,7.7,74
2012-12-01,-32.1,-29.9,74,0.00,30,0.02,0.0,9.8,7.6,72
2012-12-02,-25.8,-23.1,73,0.00,87,0.08,0.0,18.0,15.1,72
2012-12-03,-21.6,-19.7,76,0.20,97,0.10,2.0,18.4,15.0,72
2012-12-04,-20.2,-18.7,80,1.00,100,0.03,6.0,11.6,8.3,75
2012-12-05,-21.9,-21.2,78,0.00,38,0.08,0.0,17.3,14.3,75
2012-12-06,-25.5,-22.7,75,0.00,50,0.03,0.0,12.8,7.9,75
2012-12-07,-24.8,-23.3,76,0.00,326,0.04,0.0,12.4,7.1,73
2012-12-08,-29.3,-24.4,76,0.00,317,0.03,0.0,11.4,8.2,75
2012-12-09,-30.3,-28.4,75,0.00,68,0.01,0.0,9.4,6.4,73
2012-12-10,-34.7,-32.3,72,0.00,67,0.02,0.0,10.7,8.2,70
2012-12-11,-32.0,-30.7,73,0.00,80,0.04,0.0,15.9,13.0,71
2012-12-12,-32.8,-29.8,74,0.00,112,0.04,0.0,20.5,13.5,71
2012-12-13,-25.7,-20.0,76,0.70,126,0.10,4.0,23.4,21.6,74
2012-12-14,-18.9,-17.0,81,0.60,251,0.07,4.0,19.0,13.8,78
2012-12-15,-25.6,-22.1,78,0.00,6,0.03,0.0,19.2,10.3,76
2012-12-16,-19.4,-16.7,77,0.00,97,0.14,0.0,25.2,21.1,74
2012-12-17,-16.3,-15.5,83,0.60,325,0.04,5.0,14.8,10.3,80
2012-12-18,-25.5,-20.0,77,0.00,239,0.03,0.0,14.1,9.3,74
2012-12-19,-25.7,-20.1,78,0.00,100,0.05,0.0,14.8,12.2,76
2012-12-20,-22.3,-19.9,81,0.00,5,0.01,0.0,8.6,5.7,79
2012-12-21,-26.1,-24.0,78,0.00,341,0.03,0.0,12.1,10.1,76
2012-12-22,-31.6,-29.9,76,0.00,30,0.02,0.0,9.7,8.4,74
2012-12-23,-33.2,-30.8,74,0.00,83,0.02,0.0,14.4,9.8,74
2012-12-24,-29.3,-28.7,73,0.00,98,0.06,0.0,17.9,15.1,72
2012-12-25,-31.8,-29.4,73,0.00,89,0.03,0.0,14.1,9.7,71
2012-12-26,-32.1,-31.5,73,0.00,83,0.02,0.0,9.8,7.1,72
2012-12-27,-31.9,-30.4,72,0.00,72,0.01,0.0,9.0,4.7,70
2012-12-28,-31.3,-27.6,76,0.00,115,0.03,0.0,14.0,12.0,74
2012-12-29,-25.5,-23.2,77,0.00,34,0.02,0.0,13.6,7.4,76
2012-12-30,-28.4,-27.1,77,0.00,134,0.03,0.0,13.6,10.1,76
2012-12-31,-25.2,-20.6,77,0.00,110,0.07,0.0,18.1,13.9,76
2013-01-01,-18.2,-17.1,81,0.70,322,0.08,4.0,22.2,14.9,79
2013-01-02,-19.1,-14.6,81,0.00,131,0.09,0.0,28.0,16.3,79
2013-01-03,-13.5,-9.9,82,0.00,309,0.11,0.0,25.3,16.6,74
2013-01-04,-23.4,-19.5,79,0.00,111,0.02,0.0,11.0,7.9,76
2013-01-05,-25.8,-24.6,78,0.00,65,0.03,0.0,12.4,8.0,76
2013-01-06,-21.2,-18.8,80,0.00,62,0.02,0.0,7.8,5.7,79
2013-01-07,-18.9,-17.9,82,0.00,43,0.02,0.0,10.5,4.8,80
2013-01-08,-28.9,-22.3,73,0.00,25,0.03,0.0,11.6,7.2,68
2013-01-09,-34.1,-30.9,72,0.00,1,0.02,0.0,9.4,7.1,69
2013-01-10,-33.8,-29.9,75,0.00,256,0.02,0.0,10.5,8.9,71
2013-01-11,-30.6,-29.8,78,0.00,160,0.02,0.0,9.4,8.2,75
2013-01-12,-31.4,-28.8,74,0.00,325,0.03,0.0,15.5,10.3,71
2013-01-13,-35.5,-33.1,71,0.00,11,0.01,0.0,8.7,5.9,70
2013-01-14,-32.2,-27.0,72,0.10,103,0.05,1.0,16.2,11.9,69
2013-01-15,-28.6,-27.6,70,0.00,58,0.05,0.0,11.5,10.1,67
2013-01-16,-31.2,-29.5,69,0.00,66,0.02,0.0,10.1,5.3,66
2013-01-17,-32.9,-31.3,73,0.00,111,0.03,0.0,14.8,9.1,69
2013-01-18,-29.0,-27.1,69,0.00,65,0.07,0.0,16.1,12.6,66
2013-01-19,-28.3,-26.8,72,0.00,307,0.07,0.0,21.0,15.4,66
2013-01-20,-28.2,-27.6,73,0.00,300,0.08,0.0,22.2,17.6,68
2013-01-21,-32.7,-29.5,74,0.00,307,0.03,0.0,10.9,9.1,72
2013-01-22,-31.2,-29.6,72,0.00,326,0.06,0.0,15.6,13.6,70
2013-01-23,-33.0,-29.8,71,0.00,107,0.04,0.0,21.5,11.6,69
2013-01-24,-25.4,-22.4,72,1.50,121,0.11,7.0,23.1,18.6,68
2013-01-25,-25.8,-23.6,76,0.00,319,0.05,0.0,12.1,8.5,72
2013-01-26,-27.3,-22.7,73,0.20,70,0.04,2.0,8.1,5.8,71
2013-01-27,-23.4,-21.7,74,0.20,333,0.08,2.0,18.2,11.6,69
2013-01-28,-28.6,-26.1,67,1.50,329,0.11,15.0,21.6,20.0,64
2013-01-29,-33.3,-30.7,67,0.00,321,0.07,0.0,20.8,15.1,65
2013-01-30,-36.6,-35.2,68,0.00,1,0.02,0.0,6.5,4.5,60
2013-01-31,-38.0,-35.3,71,0.00,117,0.03,0.0,13.2,10.3,67
2013-02-01,-34.8,-29.2,69,0.00,83,0.05,0.0,10.8,8.1,66
2013-02-02,-31.1,-30.3,70,0.00,321,0.06,0.0,14.3,11.2,68
2013-02-03,-34.2,-32.1,72,0.00,55,0.03,0.0,10.5,6.5,68
2013-02-04,-29.5,-24.4,73,0.00,87,0.08,0.0,15.9,13.9,71
2013-02-05,-28.0,-24.8,73,0.00,80,0.08,0.0,12.3,11.1,70
2013-02-06,-27.7,-23.8,74,0.00,116,0.08,0.0,15.0,13.2,74
2013-02-07,-23.3,-19.6,79,0.10,108,0.06,1.0,9.7,5.7,78
2013-02-08,-18.8,-16.2,82,0.40,91,0.08,4.0,11.4,7.7,81
2013-02-09,-17.3,-16.5,82,0.00,348,0.10,0.0,13.0,10.0,77
2013-02-10,-18.4,-10.9,81,0.00,153,0.15,0.0,31.1,17.3,78
2013-02-11,-9.9,-7.9,86,0.40,297,0.17,3.0,15.2,12.8,78
2013-02-12,-15.4,-13.2,82,0.00,337,0.12,0.0,8.0,5.2,75
2013-02-13,-20.1,-15.1,79,0.00,325,0.11,0.0,11.4,8.8,73
2013-02-14,-22.2,-17.0,80,0.00,125,0.09,0.0,13.5,8.2,76
2013-02-15,-15.0,-10.9,83,0.80,119,0.20,4.0,20.1,13.8,80
2013-02-16,-14.2,-11.9,80,0.00,62,0.19,0.0,18.8,13.0,74
2013-02-17,-20.6,-16.5,75,0.10,89,0.15,1.0,14.7,11.8,72
2013-02-18,-18.4,-16.2,79,0.00,120,0.17,0.0,20.0,16.4,76
2013-02-19,-15.2,-14.7,80,0.90,87,0.19,6.0,18.0,10.4,76
2013-02-20,-18.2,-15.3,80,0.00,286,0.14,0.0,11.6,7.0,76
2013-02-21,-14.4,-11.9,82,0.00,118,0.22,0.0,16.8,12.5,78
2013-02-22,-11.5,-8.3,86,0.00,70,0.18,0.0,13.6,9.3,82
2013-02-23,-9.6,-8.5,86,0.00,19,0.22,0.0,12.6,10.1,79
2013-02-24,-11.9,-10.5,86,0.00,129,0.19,0.0,17.1,9.5,81
2013-02-25,-12.9,-10.6,84,0.90,342,0.21,5.0,14.8,11.1,74
2013-02-26,-18.8,-15.4,78,0.00,327,0.19,0.0,12.8,6.6,71
2013-02-27,-20.2,-16.7,77,0.00,95,0.22,0.0,23.1,16.3,71
2013-02-28,-17.2,-13.0,79,0.10,101,0.27,1.0,24.2,20.0,75
2013-03-01,-10.8,-6.8,87,0.00,115,0.34,0.0,16.6,13.6,82
2013-03-02,-11.5,-8.0,88,0.00,3,0.23,0.0,9.8,8.1,82
2013-03-03,-10.5,-8.4,85,0.00,326,0.26,0.0,14.6,12.0,78
2013-03-04,-16.5,-11.7,79,0.00,323,0.25,0.0,13.6,12.2,73
2013-03-05,-19.4,-16.0,77,0.00,319,0.20,0.0,14.6,9.2,66
2013-03-06,-27.5,-20.5,69,0.00,335,0.16,0.0,15.1,12.9,59
2013-03-07,-30.9,-26.2,69,0.00,107,0.14,0.0,12.1,8.3,62
2013-03-08,-25.5,-21.3,67,0.00,82,0.24,0.0,15.5,13.4,61
2013-03-09,-26.6,-21.7,68,0.00,80,0.21,0.0,15.1,12.1,61
2013-03-10,-19.3,-14.6,72,0.00,104,0.38,0.0,21.2,14.9,65
2013-03-11,-18.6,-14.4,73,0.00,316,0.33,0.0,22.6,14.7,62
2013-03-12,-23.3,-18.7,71,0.00,326,0.24,0.0,12.9,10.0,61
2013-03-13,-26.3,-21.9,71,0.00,312,0.20,0.0,14.8,10.9,62
2013-03-14,-29.2,-23.9,69,0.00,314,0.20,0.0,13.3,11.5,59
2013-03-15,-27.3,-23.8,69,0.00,323,0.23,0.0,11.8,10.1,60
2013-03-16,-26.9,-21.8,71,0.00,265,0.25,0.0,12.0,7.6,61
2013-03-17,-26.2,-20.2,72,0.00,296,0.22,0.0,13.6,10.2,63
2013-03-18,-22.1,-19.3,75,0.00,302,0.28,0.0,12.0,7.2,63
2013-03-19,-22.3,-18.4,71,0.00,84,0.32,0.0,11.3,6.0,62
2013-03-20,-16.0,-8.6,69,0.30,112,0.52,3.0,26.7,22.6,64
2013-03-21,-9.7,-8.3,72,1.80,121,0.71,8.0,27.4,19.9,62
2013-03-22,-9.8,-7.8,82,3.00,24,0.52,15.0,7.9,5.5,70
2013-03-23,-11.2,-8.2,81,0.00,157,0.54,0.0,17.7,11.0,73
2013-03-24,-10.0,-6.1,79,0.00,130,0.68,0.0,18.9,17.2,70
2013-03-25,-8.2,-4.8,78,0.00,115,0.77,0.0,18.8,17.6,69
2013-03-26,-7.5,-5.0,76,0.00,119,0.83,0.0,26.3,23.9,67
2013-03-27,-6.7,-4.7,79,0.50,130,0.71,3.0,25.0,19.8,71
2013-03-28,-9.6,-4.4,77,0.90,7,0.56,5.0,17.4,10.9,66
2013-03-29,-11.3,-7.9,79,0.30,62,0.66,2.0,12.8,7.4,69
2013-03-30,-14.5,-7.9,77,0.00,36,0.57,0.0,12.6,9.0,69
2013-03-31,-14.0,-9.8,77,0.00,79,0.69,0.0,14.2,10.1,66
2013-04-01,-14.1,-8.9,78,0.00,135,0.70,0.0,11.1,8.6,68
2013-04-02,-10.3,-8.4,75,0.00,73,0.71,0.0,22.4,16.3,69
2013-04-03,-16.0,-9.5,74,0.00,357,0.50,0.0,20.1,14.8,64
2013-04-04,-19.7,-14.5,70,0.00,332,0.44,0.0,16.8,12.4,57
2013-04-05,-23.5,-19.3,65,0.00,26,0.48,0.0,15.7,9.4,53
2013-04-06,-22.5,-16.3,67,0.00,80,0.53,0.0,13.1,10.5,56
2013-04-07,-18.7,-9.8,72,0.00,86,0.73,0.0,11.5,9.1,59
2013-04-08,-11.6,-5.2,78,0.00,137,0.87,0.0,16.6,13.2,66
2013-04-09,-6.0,-0.1,73,0.00,147,1.19,0.0,35.5,23.7,60
2013-04-10,0.5,3.9,76,4.30,162,1.78,8.0,37.2,27.5,57
2013-04-11,-1.8,3.4,71,0.00,17,1.60,0.0,18.3,13.2,53
2013-04-12,-4.3,0.0,81,0.00,104,1.39,0.0,16.3,12.1,58
2013-04-13,-4.7,-0.0,81,0.00,37,1.14,0.0,16.9,14.0,70
2013-04-14,-5.7,-2.3,83,0.00,64,0.90,0.0,13.6,11.4,75
2013-04-15,-4.8,-2.5,84,0.00,38,0.82,0.0,13.3,10.7,75
2013-04-16,-5.6,-3.7,75,0.00,35,0.97,0.0,13.2,6.8,59
2013-04-17,-6.3,-4.2,67,0.00,84,1.10,0.0,21.3,12.2,56
2013-04-18,-9.6,-3.5,65,0.00,75,1.37,0.0,21.0,15.1,44
2013-04-19,-8.4,-2.8,61,0.00,81,1.51,0.0,14.8,12.1,43
2013-04-20,-8.9,-3.1,69,0.00,339,0.95,0.0,19.9,16.2,48
2013-04-21,-6.2,1.2,64,0.00,275,1.45,0.0,20.4,13.6,47
2013-04-22,-3.4,1.0,66,0.00,300,1.41,0.0,29.5,17.5,51
2013-04-23,-3.1,0.1,69,0.10,315,1.36,1.0,27.8,18.9,55
2013-04-24,-1.5,4.1,71,0.10,234,1.54,1.0,13.6,8.5,55
2013-04-25,-0.6,3.4,75,1.50,351,1.25,7.0,29.1,15.1,58
2013-04-26,-8.4,-4.3,55,0.00,328,1.47,0.0,26.3,13.1,43
2013-04-27,-7.1,-4.5,62,0.40,56,1.19,3.0,24.1,14.6,44
2013-04-28,-10.2,-6.0,56,0.00,12,1.54,0.0,25.3,13.3,36
2013-04-29,-11.3,-6.6,54,0.00,67,1.34,0.0,15.5,10.3,37
2013-04-30,-10.5,-6.9,57,0.00,117,1.33,0.0,14.2,6.5,41
2013-05-01,-7.5,0.7,55,0.00,154,1.67,0.0,23.2,18.2,42
2013-05-02,-0.0,5.1,65,0.30,151,2.27,2.0,20.7,16.1,43
2013-05-03,2.4,7.2,76,0.00,160,2.15,0.0,18.7,8.2,54
2013-05-04,4.9,8.9,73,0.00,192,2.55,0.0,19.8,13.0,55
2013-05-05,5.2,11.5,77,0.00,87,2.42,0.0,23.2,15.2,51
2013-05-06,1.2,8.3,69,0.10,328,1.50,1.0,22.7,15.8,53
2013-05-07,-2.8,1.4,51,0.00,330,2.31,0.0,21.1,15.7,36
2013-05-08,0.5,5.2,62,0.00,217,2.31,0.0,13.5,10.4,40
2013-05-09,2.6,7.1,61,1.50,273,2.50,5.0,24.6,12.8,40
2013-05-10,1.2,5.1,59,0.00,289,2.57,0.0,23.5,11.2,46
2013-05-11,5.4,12.6,61,0.00,171,3.19,0.0,17.1,8.2,36
2013-05-12,5.1,12.6,65,4.00,87,1.70,6.0,27.3,18.2,36
2013-05-13,3.5,5.9,91,8.30,19,0.98,12.0,26.2,14.4,73
2013-05-14,4.2,9.0,78,0.00,127,2.24,0.0,15.0,10.9,60
2013-05-15,6.6,12.1,76,0.30,120,2.95,2.0,17.5,14.9,59
2013-05-16,8.5,13.7,73,0.60,143,3.19,2.0,18.1,12.2,45
2013-05-17,7.6,12.7,70,0.00,40,3.25,0.0,18.6,11.0,43
2013-05-18,9.9,17.4,52,0.00,130,4.31,0.0,21.3,19.3,40
2013-05-19,11.9,17.2,53,0.00,157,4.37,0.0,17.4,15.2,42
2013-05-20,7.5,16.6,58,0.00,293,3.46,0.0,23.7,19.2,39
2013-05-21,4.6,9.8,49,0.00,346,3.36,0.0,17.9,10.7,34
2013-05-22,5.2,9.7,61,0.50,68,2.10,2.0,18.4,15.2,35
2013-05-23,7.8,16.4,63,0.00,80,3.73,0.0,20.4,19.0,42
2013-05-24,12.6,20.3,58,0.00,113,4.75,0.0,22.1,18.9,34
2013-05-25,15.8,21.4,51,0.00,79,5.11,0.0,14.5,10.6,33
2013-05-26,14.9,20.8,52,0.00,63,4.76,0.0,15.1,10.4,37
2013-05-27,11.1,16.6,55,0.00,113,4.12,0.0,15.9,11.3,40
2013-05-28,8.7,13.8,64,1.10,128,2.50,5.0,11.8,8.1,45
2013-05-29,9.3,12.6,63,0.00,46,2.41,0.0,8.7,6.2,46
2013-05-30,8.9,14.8,57,0.00,114,3.68,0.0,9.2,6.3,35
2013-05-31,11.7,17.6,50,0.00,145,4.59,0.0,12.0,9.0,33
2013-06-01,14.4,20.9,43,0.00,138,4.63,0.0,15.7,11.7,28
2013-06-02,15.6,21.7,49,0.50,71,3.94,3.0,17.9,10.4,27
2013-06-03,9.4,14.8,65,0.00,80,3.22,0.0,20.5,13.6,55
2013-06-04,10.6,18.2,73,0.00,162,3.58,0.0,19.3,13.0,49
2013-06-05,13.9,18.5,61,0.40,174,4.14,1.0,17.7,12.3,45
2013-06-06,11.7,19.0,77,5.20,207,1.69,7.0,15.6,6.6,45
2013-06-07,8.7,11.9,97,20.70,321,0.78,24.0,29.8,24.0,89
2013-06-08,6.4,11.7,77,1.10,345,2.60,4.0,24.6,17.3,49
2013-06-09,7.9,13.1,62,0.00,33,3.34,0.0,17.7,12.8,45
2013-06-10,9.7,14.1,56,0.00,41,4.12,0.0,18.6,16.1,39
2013-06-11,8.9,13.1,72,0.60,66,2.25,3.0,16.4,13.8,45
2013-06-12,12.2,18.3,78,1.90,83,3.09,9.0,10.6,7.4,60
2013-06-13,15.4,20.0,72,0.20,105,4.01,1.0,8.4,5.4,42
2013-06-14,16.1,20.5,62,0.60,70,3.98,2.0,20.1,10.2,37
2013-06-15,12.9,16.8,87,8.50,47,1.55,20.0,21.2,18.0,63
2013-06-16,12.3,16.0,83,0.80,4,2.79,5.0,10.4,5.9,60
2013-06-17,13.1,18.5,73,0.00,131,3.57,0.0,10.8,8.8,48
2013-06-18,16.2,19.4,61,0.00,3,4.26,0.0,15.3,12.2,46
2013-06-19,14.4,19.5,58,0.00,142,4.51,0.0,15.9,11.6,42
2013-06-20,15.5,21.7,59,0.20,189,4.55,1.0,15.2,10.3,43
2013-06-21,18.1,21.6,59,0.00,112,5.10,0.0,13.0,8.9,41
2013-06-22,17.8,22.4,56,0.00,152,5.07,0.0,16.4,12.2,41
2013-06-23,19.7,25.2,46,0.00,171,5.13,0.0,16.4,8.3,34
2013-06-24,21.1,27.1,44,0.00,184,5.45,0.0,9.9,5.1,28
2013-06-25,21.7,26.7,47,0.00,92,5.49,0.0,12.4,8.9,28
2013-06-26,18.2,22.6,63,0.00,66,4.72,0.0,23.2,20.7,49
2013-06-27,17.4,23.9,54,0.00,65,5.37,0.0,19.5,11.4,38
2013-06-28,20.1,24.3,54,0.00,90,5.37,0.0,10.4,7.0,37
2013-06-29,20.3,24.9,57,0.00,157,5.44,0.0,15.5,9.3,39
2013-06-30,21.2,25.1,53,0.00,171,5.36,0.0,15.5,10.7,39
2013-07-01,20.3,24.6,53,0.00,350,5.66,0.0,19.7,14.1,42
2013-07-02,19.2,22.0,61,4.60,152,4.61,5.0,23.7,19.7,39
2013-07-03,19.7,23.6,50,0.00,265,5.29,0.0,26.8,19.0,32
2013-07-04,14.9,17.3,80,4.60,293,2.30,13.0,27.7,16.9,61
2013-07-05,14.8,16.9,71,0.00,90,2.81,0.0,13.2,9.1,54
2013-07-06,15.9,19.6,53,0.00,124,4.82,0.0,13.5,11.3,43
2013-07-07,17.8,21.8,58,0.00,164,4.58,0.0,12.4,7.6,41
2013-07-08,18.2,22.4,63,0.00,173,4.37,0.0,12.3,7.5,46
2013-07-09,20.1,24.8,59,0.00,155,5.34,0.0,15.7,11.2,35
2013-07-10,20.5,24.8,57,4.70,129,4.75,5.0,17.5,11.3,34
2013-07-11,17.0,19.6,82,2.50,136,2.85,5.0,12.8,8.7,70
2013-07-12,10.4,18.2,87,13.00,345,1.23,14.0,37.1,27.0,75
2013-07-13,10.0,12.8,78,6.30,336,2.18,10.0,24.8,20.3,51
2013-07-14,13.3,17.6,59,0.00,264,3.86,0.0,23.6,14.4,44
2013-07-15,11.0,17.6,63,0.90,328,2.80,4.0,20.9,15.9,45
2013-07-16,10.3,13.6,57,0.10,323,2.90,1.0,20.4,11.0,45
2013-07-17,12.8,18.4,60,0.00,280,4.19,0.0,16.4,9.4,38
2013-07-18,14.0,18.4,56,0.00,24,4.44,0.0,16.3,12.6,38
2013-07-19,15.2,18.1,59,0.00,89,3.63,0.0,14.3,9.3,44
2013-07-20,16.4,20.1,59,0.00,181,3.62,0.0,9.6,5.7,40
2013-07-21,17.0,19.9,64,0.70,344,3.58,3.0,12.8,7.3,45
2013-07-22,15.9,18.7,56,0.00,39,4.35,0.0,16.1,14.6,36
2013-07-23,15.6,18.5,53,0.00,13,3.54,0.0,15.9,6.6,36
2013-07-24,17.1,20.9,54,0.00,218,4.70,0.0,19.2,11.9,38
2013-07-25,17.9,22.3,56,0.00,173,5.22,0.0,26.3,17.6,39
2013-07-26,19.3,22.8,55,0.00,164,5.43,0.0,26.5,18.5,38
2013-07-27,19.1,23.1,67,2.20,326,3.14,4.0,24.5,8.1,43
2013-07-28,15.0,18.6,60,0.20,8,4.08,2.0,25.3,22.0,41
2013-07-29,14.0,17.7,65,0.60,119,3.30,4.0,19.5,9.2,41
2013-07-30,15.8,21.9,71,7.10,232,3.64,7.0,20.3,16.6,48
2013-07-31,14.3,19.1,62,0.00,331,3.16,0.0,21.2,16.6,55
2013-08-01,13.2,16.4,63,0.00,89,3.45,0.0,13.9,8.6,51
2013-08-02,14.7,19.0,64,0.00,133,3.35,0.0,14.5,12.6,44
2013-08-03,17.4,22.1,61,0.00,127,4.25,0.0,11.3,8.9,43
2013-08-04,18.9,23.7,60,0.00,131,4.47,0.0,11.8,8.6,38
2013-08-05,19.0,23.1,56,0.00,111,4.91,0.0,21.3,15.6,34
2013-08-06,17.4,22.3,49,0.00,103,4.99,0.0,18.2,15.5,35
2013-08-07,17.1,20.7,56,0.00,100,4.33,0.0,15.5,12.0,40
2013-08-08,16.6,20.0,57,0.00,135,4.38,0.0,18.0,13.3,40
2013-08-09,18.2,22.3,59,0.00,149,4.66,0.0,17.5,15.3,39
2013-08-10,19.8,24.4,54,0.00,134,5.11,0.0,17.6,15.3,34
2013-08-11,21.5,26.3,46,0.00,106,5.28,0.0,15.1,11.6,30
2013-08-12,21.8,25.9,48,0.00,123,4.89,0.0,11.1,9.3,28
2013-08-13,21.3,26.3,45,0.00,124,4.99,0.0,11.9,10.0,25
2013-08-14,21.7,26.2,50,0.40,120,4.40,2.0,15.8,11.8,25
2013-08-15,21.4,25.5,66,0.60,343,3.33,3.0,10.8,6.1,37
2013-08-16,20.5,25.6,67,0.00,93,3.73,0.0,10.9,8.4,36
2013-08-17,18.8,22.5,70,0.90,111,3.14,2.0,17.1,13.6,52
2013-08-18,17.3,18.9,88,3.30,140,1.69,14.0,15.5,12.4,76
2013-08-19,17.4,18.5,83,1.50,217,2.03,5.0,14.7,10.2,69
2013-08-20,15.0,17.0,87,12.40,7,1.42,21.0,21.7,14.1,63
2013-08-21,15.3,18.5,76,0.10,209,2.70,1.0,27.1,12.1,61
2013-08-22,15.3,19.0,71,0.00,267,2.71,0.0,22.9,17.0,59
2013-08-23,12.8,16.0,62,0.10,269,2.92,1.0,21.1,10.1,42
2013-08-24,12.2,15.8,69,2.60,68,1.89,5.0,22.7,16.4,49
2013-08-25,8.8,11.5,74,0.30,61,1.98,2.0,23.4,20.2,59
2013-08-26,9.6,12.3,71,0.00,93,1.63,0.0,15.6,11.2,60
2013-08-27,12.5,14.8,77,0.00,172,1.42,0.0,11.1,6.8,64
2013-08-28,9.1,12.5,82,0.80,360,0.97,5.0,18.7,15.1,69
2013-08-29,9.5,12.6,73,0.00,113,1.44,0.0,13.4,8.7,60
2013-08-30,12.1,14.9,76,0.60,146,1.82,3.0,14.3,10.9,60
2013-08-31,13.9,18.1,78,0.00,154,2.48,0.0,13.5,11.8,64
2013-09-01,14.4,17.2,85,0.50,293,1.75,1.0,20.3,14.5,66
2013-09-02,7.5,11.0,72,5.60,344,1.76,13.0,21.3,17.5,46
2013-09-03,9.3,12.2,69,0.00,202,1.87,0.0,17.7,12.5,46
2013-09-04,14.4,21.6,77,0.00,152,2.60,0.0,22.0,17.0,55
2013-09-05,17.4,21.5,74,0.00,258,2.44,0.0,23.8,6.9,55
2013-09-06,13.9,19.5,71,0.00,313,2.52,0.0,23.5,11.8,57
2013-09-07,16.4,22.2,72,0.00,190,2.78,0.0,20.9,15.6,54
2013-09-08,17.1,22.1,76,0.00,101,1.98,0.0,16.0,7.7,57
2013-09-09,14.8,17.9,85,6.10,165,1.76,4.0,23.3,17.1,61
2013-09-10,10.0,15.5,81,2.20,297,1.16,9.0,24.5,22.5,59
2013-09-11,10.4,14.7,75,0.00,244,1.93,0.0,18.2,10.6,62
2013-09-12,15.2,21.5,73,0.00,167,2.59,0.0,22.3,17.9,56
2013-09-13,12.4,19.7,69,0.00,313,2.04,0.0,28.7,21.6,56
2013-09-14,9.8,12.2,71,0.00,145,1.50,0.0,23.3,13.5,60
2013-09-15,12.7,16.7,79,0.70,147,1.93,2.0,19.3,15.1,62
2013-09-16,11.9,16.5,79,0.00,21,1.45,0.0,24.7,17.0,63
2013-09-17,7.0,11.0,69,0.00,53,1.61,0.0,30.0,26.4,59
2013-09-18,3.7,5.5,63,0.00,83,1.47,0.0,27.4,21.4,58
2013-09-19,4.1,6.7,81,1.20,127,0.86,5.0,19.0,13.3,63
2013-09-20,7.7,12.1,82,0.00,122,1.20,0.0,20.3,15.7,71
2013-09-21,12.3,14.7,78,0.00,163,1.72,0.0,22.7,17.0,66
2013-09-22,11.6,16.2,79,0.00,177,1.64,0.0,14.6,7.6,52
2013-09-23,10.2,15.0,83,0.00,51,1.23,0.0,7.9,5.5,64
2013-09-24,10.7,13.9,89,2.60,31,0.75,13.0,11.5,8.1,69
2013-09-25,9.2,11.1,79,0.10,10,1.08,1.0,15.8,13.4,61
2013-09-26,8.4,10.8,85,0.00,174,0.99,0.0,25.4,11.0,69
2013-09-27,9.0,10.6,76,0.00,140,1.37,0.0,28.6,22.5,64
2013-09-28,8.3,9.8,77,0.00,120,1.13,0.0,23.0,20.3,66
2013-09-29,7.7,9.1,80,0.00,78,0.91,0.0,20.9,16.6,73
2013-09-30,5.4,8.0,74,0.00,63,1.01,0.0,19.7,18.1,59
2013-10-01,4.9,6.9,71,0.00,45,1.08,0.0,16.2,13.5,58
2013-10-02,4.3,6.6,75,0.00,26,0.70,0.0,9.7,7.9,57
2013-10-03,3.8,6.9,75,0.30,117,0.73,3.0,16.8,10.5,58
2013-10-04,7.3,9.0,79,0.00,163,1.13,0.0,27.4,20.7,66
2013-10-05,6.3,8.6,85,0.00,265,0.75,0.0,19.2,11.7,72
2013-10-06,4.8,6.6,83,0.10,302,0.70,1.0,19.2,14.0,67
2013-10-07,4.6,6.9,78,0.00,105,0.83,0.0,21.5,13.4,60
2013-10-08,2.8,5.6,67,0.00,60,1.04,0.0,21.4,17.2,55
2013-10-09,3.4,5.0,71,0.00,155,0.89,0.0,36.4,21.0,56
2013-10-10,4.8,6.0,87,4.60,209,0.58,11.0,35.7,22.7,65
2013-10-11,2.9,4.4,71,0.00,275,1.01,0.0,23.4,20.0,62
2013-10-12,1.6,3.6,77,0.00,305,0.69,0.0,13.7,8.6,59
2013-10-13,2.8,5.8,79,0.00,206,0.62,0.0,8.2,6.8,65
2013-10-14,4.0,6.9,87,0.00,159,0.47,0.0,21.6,14.9,75
2013-10-15,4.5,7.1,82,0.00,317,0.67,0.0,22.7,14.7,66
2013-10-16,3.6,6.2,83,0.00,297,0.62,0.0,19.5,12.9,71
2013-10-17,4.1,5.2,81,0.00,308,0.72,0.0,22.7,19.0,67
2013-10-18,2.5,4.4,84,0.00,117,0.40,0.0,15.3,10.7,70
2013-10-19,2.3,3.6,84,2.00,110,0.46,9.0,15.1,12.8,64
2013-10-20,2.5,3.6,76,0.00,139,0.77,0.0,25.7,19.5,69
2013-10-21,3.0,5.2,90,2.60,173,0.42,10.0,18.8,10.2,76
2013-10-22,1.2,4.0,91,0.00,307,0.32,0.0,19.6,10.9,79
2013-10-23,2.0,3.0,86,0.00,305,0.37,0.0,14.1,10.6,74
2013-10-24,1.3,2.5,90,11.50,147,0.26,10.0,32.7,17.3,83
2013-10-25,-0.5,1.1,91,0.00,324,0.22,0.0,24.2,15.1,88
2013-10-26,-3.6,-0.3,81,0.00,43,0.35,0.0,20.9,14.7,65
2013-10-27,-8.0,-5.8,75,0.00,1,0.25,0.0,12.3,7.5,68
2013-10-28,-2.9,0.2,81,0.00,180,0.33,0.0,27.5,14.4,74
2013-10-29,0.3,2.9,86,0.00,146,0.37,0.0,24.1,18.7,79
2013-10-30,1.5,2.3,88,0.90,281,0.30,4.0,21.3,16.2,86
2013-10-31,-1.4,0.8,88,0.00,302,0.22,0.0,15.6,12.3,82
2013-11-01,-3.4,-2.0,90,0.00,11,0.18,0.0,8.5,5.5,77
2013-11-02,-5.3,-3.3,74,0.00,4,0.33,0.0,14.6,10.8,59
2013-11-03,-7.5,-5.3,70,0.00,35,0.27,0.0,10.8,6.9,62
2013-11-04,-4.2,-3.1,73,0.00,146,0.42,0.0,23.5,15.1,69
2013-11-05,-3.3,-2.0,78,0.00,135,0.50,0.0,25.8,22.7,73
2013-11-06,-2.5,-2.0,79,0.00,97,0.32,0.0,18.8,12.8,73
2013-11-07,-5.3,-3.6,81,0.00,318,0.27,0.0,17.8,15.9,69
2013-11-08,-11.1,-7.8,74,0.00,353,0.25,0.0,17.7,14.5,70
2013-11-09,-18.2,-14.1,73,0.00,4,0.17,0.0,17.7,14.2,68
2013-11-10,-16.4,-7.2,77,0.00,169,0.19,0.0,26.5,14.7,72
2013-11-11,-6.8,-5.4,81,0.00,195,0.19,0.0,25.2,10.5,77
2013-11-12,-6.6,-4.9,87,0.00,47,0.11,0.0,16.1,9.8,83
2013-11-13,-8.2,-5.1,75,0.00,26,0.22,0.0,18.5,11.9,71
2013-11-14,-9.0,-6.2,85,0.00,209,0.12,0.0,18.3,13.1,72
2013-11-15,-9.4,-2.9,74,0.20,318,0.36,2.0,32.1,21.6,67
2013-11-16,-14.8,-11.2,76,0.00,314,0.20,0.0,24.2,17.0,73
2013-11-17,-18.6,-16.6,79,0.00,282,0.10,0.0,13.4,12.2,76
2013-11-18,-19.4,-17.7,80,0.00,315,0.04,0.0,10.5,6.7,78
2013-11-19,-20.6,-18.6,80,0.00,358,0.03,0.0,8.6,5.0,76
2013-11-20,-20.3,-18.4,80,0.00,334,0.03,0.0,8.4,3.9,75
2013-11-21,-21.9,-19.3,79,0.00,285,0.03,0.0,10.4,6.8,74
2013-11-22,-24.4,-21.8,76,0.00,254,0.05,0.0,12.7,9.3,74
2013-11-23,-12.8,-7.9,83,2.20,139,0.20,8.0,29.3,23.9,77
2013-11-24,-10.8,-7.3,84,4.50,349,0.11,14.0,23.4,14.4,77
2013-11-25,-18.4,-15.9,80,0.00,5,0.04,0.0,11.9,7.9,78
2013-11-26,-16.8,-13.4,82,0.00,107,0.11,0.0,21.4,15.9,77
2013-11-27,-18.5,-15.5,80,0.00,84,0.06,0.0,17.9,11.3,78
2013-11-28,-16.5,-15.0,79,0.00,107,0.18,0.0,31.0,26.5,77
2013-11-29,-12.8,-12.2,81,4.50,93,0.17,18.0,29.9,19.6,77
2013-11-30,-13.5,-13.1,85,0.10,60,0.04,1.0,11.9,9.8,84
2013-12-01,-18.6,-14.0,80,0.80,350,0.08,5.0,16.3,14.2,76
2013-12-02,-24.0,-22.9,77,0.00,335,0.06,0.0,14.4,12.5,76
2013-12-03,-17.8,-14.3,80,0.10,315,0.10,1.0,22.1,15.2,77
2013-12-04,-26.2,-19.4,76,0.00,17,0.04,0.0,14.0,10.2,74
2013-12-05,-32.0,-31.1,75,0.00,23,0.02,0.0,9.7,8.0,74
2013-12-06,-29.3,-23.8,75,0.00,204,0.03,0.0,18.2,9.4,72
2013-12-07,-21.1,-19.1,77,0.10,299,0.10,1.0,19.7,16.8,74
2013-12-08,-25.6,-22.3,74,0.00,331,0.07,0.0,20.0,12.4,72
2013-12-09,-22.6,-19.9,77,1.70,352,0.05,9.0,19.7,12.5,73
2013-12-10,-29.0,-25.5,73,0.00,313,0.06,0.0,17.3,13.6,72
2013-12-11,-27.3,-26.3,74,0.00,305,0.07,0.0,20.9,16.9,73
2013-12-12,-34.1,-27.1,72,0.00,353,0.03,0.0,15.5,9.2,69
2013-12-13,-40.1,-39.3,70,0.00,75,0.01,0.0,9.4,7.8,69
2013-12-14,-33.9,-25.8,71,0.60,117,0.06,3.0,28.4,19.2,69
2013-12-15,-20.9,-18.6,77,2.20,114,0.09,7.0,29.5,16.6,72
2013-12-16,-23.7,-21.7,72,0.00,316,0.12,0.0,23.2,20.1,69
2013-12-17,-25.5,-23.2,74,0.00,4,0.03,0.0,13.2,7.5,71
2013-12-18,-29.1,-26.4,74,0.00,291,0.04,0.0,12.4,10.4,73
2013-12-19,-28.1,-25.0,76,0.00,266,0.02,0.0,10.5,7.0,75
2013-12-20,-33.2,-31.5,71,0.00,17,0.01,0.0,9.8,5.8,66
2013-12-21,-32.6,-30.5,75,0.00,261,0.03,0.0,12.6,10.3,73
2013-12-22,-30.0,-23.0,77,0.00,173,0.05,0.0,26.3,14.8,72
2013-12-23,-19.0,-16.9,76,2.80,192,0.12,7.0,25.3,16.7,67
2013-12-24,-25.3,-21.3,74,0.20,36,0.04,2.0,15.5,8.3,73
2013-12-25,-27.7,-24.0,77,0.10,297,0.02,1.0,10.0,7.8,74
2013-12-26,-33.8,-32.3,72,0.00,26,0.02,0.0,14.3,8.2,70
2013-12-27,-36.0,-32.6,72,0.00,319,0.03,0.0,14.7,12.5,71
2013-12-28,-36.4,-33.1,74,0.00,287,0.03,0.0,15.2,13.5,73
2013-12-29,-37.3,-34.7,72,0.00,356,0.02,0.0,10.5,8.3,69
2013-12-30,-39.8,-38.6,69,0.00,332,0.02,0.0,13.8,9.4,67
2013-12-31,-39.4,-38.1,68,0.00,70,0.01,0.0,8.8,4.1,66
2014-01-01,-39.2,-38.3,69,0.00,80,0.01,0.0,11.6,4.9,67
2014-01-02,-28.9,-23.5,73,4.30,107,0.08,12.0,26.6,18.3,68
2014-01-03,-28.6,-24.0,69,0.00,331,0.10,0.0,25.1,22.9,65
2014-01-04,-32.3,-29.6,67,0.00,334,0.07,0.0,22.9,20.5,66
2014-01-05,-34.5,-31.2,70,0.00,19,0.02,0.0,13.8,8.3,68
2014-01-06,-29.3,-26.5,72,0.00,107,0.07,0.0,22.2,17.9,71
2014-01-07,-30.9,-27.8,73,0.00,103,0.04,0.0,20.7,12.6,71
2014-01-08,-22.8,-20.4,78,1.80,166,0.08,6.0,26.0,16.9,74
2014-01-09,-21.9,-19.4,78,0.00,332,0.05,0.0,12.2,9.7,75
2014-01-10,-24.6,-21.9,75,1.20,76,0.05,7.0,10.1,7.6,73
2014-01-11,-27.7,-22.8,74,0.00,350,0.05,0.0,13.8,10.8,69
2014-01-12,-29.8,-27.3,72,0.00,85,0.05,0.0,16.4,10.7,70
2014-01-13,-27.2,-24.2,75,1.30,340,0.05,7.0,16.6,13.1,71
2014-01-14,-30.5,-24.1,72,0.00,133,0.07,0.0,25.3,14.8,67
2014-01-15,-18.8,-16.4,80,7.40,9,0.11,10.0,26.9,19.5,72
2014-01-16,-21.4,-19.6,79,0.00,39,0.05,0.0,16.2,9.6,76
2014-01-17,-15.6,-14.2,81,3.10,51,0.13,7.0,24.7,18.3,77
2014-01-18,-19.6,-17.3,75,0.40,44,0.11,4.0,27.2,15.4,68
2014-01-19,-26.4,-25.6,67,0.00,90,0.13,0.0,28.8,21.5,66
2014-01-20,-24.6,-23.1,75,0.30,148,0.06,3.0,16.6,10.1,71
2014-01-21,-25.1,-20.8,75,0.00,3,0.06,0.0,16.3,11.4,71
2014-01-22,-24.5,-19.5,75,0.00,143,0.11,0.0,23.5,19.6,74
2014-01-23,-15.0,-10.4,84,0.00,306,0.09,0.0,18.6,10.8,81
2014-01-24,-16.1,-12.3,78,2.00,74,0.10,10.0,13.4,10.6,75
2014-01-25,-18.3,-17.0,78,4.70,21,0.11,11.0,27.9,16.1,69
2014-01-26,-29.9,-23.5,65,0.00,353,0.08,0.0,28.2,11.3,62
2014-01-27,-32.0,-26.9,71,0.00,127,0.05,0.0,16.8,11.2,68
2014-01-28,-26.3,-23.8,72,0.00,47,0.09,0.0,17.3,12.7,68
2014-01-29,-27.9,-24.7,76,0.00,2,0.06,0.0,13.3,12.2,73
2014-01-30,-26.5,-22.1,76,0.00,293,0.07,0.0,13.4,10.6,74
2014-01-31,-24.0,-23.1,78,0.00,334,0.09,0.0,16.2,13.5,76
2014-02-01,-25.5,-23.4,78,0.00,316,0.06,0.0,17.3,11.3,72
2014-02-02,-25.7,-21.5,76,0.00,328,0.10,0.0,21.1,16.5,73
2014-02-03,-24.8,-21.5,73,0.00,353,0.11,0.0,21.6,14.7,71
2014-02-04,-26.2,-23.8,78,0.00,311,0.08,0.0,13.8,11.9,76
2014-02-05,-25.0,-21.1,80,0.00,274,0.08,0.0,14.7,11.7,77
2014-02-06,-19.1,-17.0,80,0.00,315,0.13,0.0,16.3,13.2,76
2014-02-07,-25.9,-20.0,75,0.00,20,0.08,0.0,11.9,10.5,69
2014-02-08,-29.8,-28.5,72,0.00,3,0.05,0.0,10.1,5.7,69
2014-02-09,-29.7,-28.6,75,0.00,285,0.05,0.0,9.0,7.5,72
2014-02-10,-31.9,-27.8,76,0.00,282,0.06,0.0,13.8,11.4,72
2014-02-11,-31.6,-28.3,75,0.00,308,0.06,0.0,12.6,10.2,69
2014-02-12,-33.0,-29.7,74,0.00,128,0.06,0.0,14.2,10.4,69
2014-02-13,-29.8,-27.6,70,0.00,97,0.10,0.0,16.0,12.6,65
2014-02-14,-30.4,-25.5,72,0.00,104,0.08,0.0,19.5,11.6,71
2014-02-15,-22.1,-19.3,74,0.90,129,0.18,4.0,24.0,16.0,72
2014-02-16,-23.3,-19.7,75,0.00,67,0.13,0.0,16.6,10.3,68
2014-02-17,-19.6,-15.6,78,0.00,87,0.18,0.0,20.9,16.9,73
2014-02-18,-17.9,-16.1,79,0.80,15,0.14,5.0,11.2,9.4,76
2014-02-19,-19.9,-16.2,78,0.90,291,0.14,6.0,13.0,11.0,67
2014-02-20,-26.1,-22.7,74,0.00,325,0.11,0.0,9.2,6.4,70
2014-02-21,-26.8,-25.1,70,0.00,39,0.10,0.0,8.7,6.6,65
2014-02-22,-29.4,-25.4,70,0.00,5,0.10,0.0,9.8,8.5,66
2014-02-23,-30.8,-26.0,71,0.00,248,0.10,0.0,12.3,8.6,67
2014-02-24,-30.1,-27.0,69,0.00,39,0.12,0.0,16.6,9.4,59
2014-02-25,-30.1,-24.2,70,0.00,181,0.12,0.0,10.2,7.9,63
2014-02-26,-28.9,-24.7,68,0.00,79,0.13,0.0,12.9,11.2,59
2014-02-27,-29.1,-26.8,67,0.00,47,0.13,0.0,15.6,12.6,60
2014-02-28,-32.6,-28.4,65,0.00,26,0.12,0.0,13.7,7.6,56
2014-03-01,-32.4,-27.8,66,0.00,142,0.11,0.0,9.0,4.6,58
2014-03-02,-32.2,-25.1,67,0.00,103,0.14,0.0,8.9,6.3,56
2014-03-03,-29.8,-22.3,65,0.00,119,0.18,0.0,8.9,6.5,56
2014-03-04,-27.5,-19.8,66,0.00,118,0.22,0.0,9.4,7.3,55
2014-03-05,-25.5,-17.8,64,0.00,65,0.26,0.0,9.6,6.4,49
2014-03-06,-23.6,-18.4,70,0.00,332,0.20,0.0,11.7,5.9,57
2014-03-07,-25.9,-21.3,74,0.00,288,0.20,0.0,12.5,9.1,68
2014-03-08,-25.5,-19.1,75,0.00,143,0.18,0.0,10.6,8.0,70
2014-03-09,-21.0,-15.9,74,0.00,71,0.26,0.0,16.2,12.6,68
2014-03-10,-20.6,-15.9,73,0.40,67,0.23,4.0,13.2,10.7,65
2014-03-11,-22.9,-15.2,74,0.00,112,0.24,0.0,20.6,13.3,67
2014-03-12,-17.1,-11.8,79,0.00,87,0.36,0.0,16.7,14.3,75
2014-03-13,-16.0,-12.7,76,0.00,75,0.38,0.0,19.8,16.7,70
2014-03-14,-18.0,-13.9,73,0.00,97,0.39,0.0,21.4,19.5,63
2014-03-15,-13.3,-7.9,76,0.00,126,0.45,0.0,24.1,22.4,64
2014-03-16,-7.9,-4.9,86,0.00,102,0.44,0.0,18.6,14.0,82
2014-03-17,-6.4,-4.5,84,0.00,334,0.50,0.0,11.6,8.6,71
2014-03-18,-9.1,-4.8,85,0.00,302,0.42,0.0,15.4,10.6,72
2014-03-19,-13.6,-9.9,76,0.00,3,0.40,0.0,18.9,10.9,66
2014-03-20,-21.8,-17.2,69,0.00,357,0.36,0.0,19.1,16.2,65
2014-03-21,-22.0,-17.2,71,0.00,350,0.41,0.0,16.6,10.1,64
2014-03-22,-21.2,-13.2,73,0.00,215,0.38,0.0,13.0,9.2,65
2014-03-23,-15.8,-12.8,74,0.00,329,0.46,0.0,19.3,16.6,63
2014-03-24,-17.6,-11.4,74,0.00,302,0.52,0.0,17.1,13.4,65
2014-03-25,-15.0,-11.3,74,0.00,320,0.48,0.0,21.9,16.9,67
2014-03-26,-18.3,-14.0,76,0.00,322,0.43,0.0,16.6,11.8,65
2014-03-27,-18.3,-13.0,75,0.00,322,0.44,0.0,15.6,10.9,65
2014-03-28,-14.1,-10.8,76,0.00,301,0.47,0.0,22.2,14.8,67
2014-03-29,-21.3,-11.6,65,0.00,8,0.40,0.0,21.3,18.6,55
2014-03-30,-24.4,-20.3,69,0.00,34,0.36,0.0,17.0,10.3,56
2014-03-31,-19.0,-12.0,70,0.00,206,0.56,0.0,20.7,15.7,66
2014-04-01,-17.6,-12.5,72,0.00,323,0.48,0.0,20.6,16.5,58
2014-04-02,-21.0,-16.9,68,0.00,343,0.52,0.0,15.9,6.1,58
2014-04-03,-20.6,-14.3,71,0.00,150,0.50,0.0,18.1,12.0,59
2014-04-04,-13.1,-9.2,72,1.50,108,0.68,10.0,20.7,15.9,60
2014-04-05,-14.7,-9.7,72,0.00,328,0.78,0.0,20.4,13.0,56
2014-04-06,-16.7,-12.1,72,0.00,89,0.65,0.0,13.9,10.3,57
2014-04-07,-15.8,-8.1,71,0.00,95,0.76,0.0,16.2,14.1,63
2014-04-08,-7.1,-1.1,80,1.20,105,0.87,6.0,24.7,20.4,71
2014-04-09,-6.2,-1.2,82,0.40,331,0.71,4.0,19.6,14.0,68
2014-04-10,-16.1,-8.9,71,0.00,34,0.71,0.0,17.8,11.4,60
2014-04-11,-17.9,-11.5,69,0.00,46,0.77,0.0,8.7,5.6,56
2014-04-12,-14.6,-11.4,74,0.00,317,0.67,0.0,18.8,11.9,59
2014-04-13,-15.7,-11.4,73,0.00,121,0.71,0.0,18.0,11.9,59
2014-04-14,-11.4,-6.8,70,0.00,112,0.99,0.0,18.3,16.8,62
2014-04-15,-12.0,-6.7,66,0.00,84,1.15,0.0,20.5,15.2,53
2014-04-16,-10.8,-6.0,75,0.00,156,0.98,0.0,20.2,14.7,56
2014-04-17,-6.5,-0.8,72,0.00,179,1.35,0.0,21.0,16.6,65
2014-04-18,-2.9,1.4,75,0.00,150,1.52,0.0,21.1,19.1,66
2014-04-19,-0.7,1.8,81,0.00,132,1.18,0.0,17.3,14.2,70
2014-04-20,-0.2,2.8,87,0.00,14,1.24,0.0,13.1,8.6,75
2014-04-21,0.2,3.5,82,0.00,22,1.80,0.0,10.0,7.2,66
2014-04-22,0.5,3.2,83,0.00,90,1.27,0.0,14.9,11.0,72
2014-04-23,-1.2,2.5,81,0.00,69,1.39,0.0,25.2,18.8,67
2014-04-24,-3.7,-0.3,75,0.00,82,1.41,0.0,25.7,22.5,65
2014-04-25,-2.6,1.6,74,0.00,89,1.69,0.0,21.8,17.7,58
2014-04-26,-1.5,4.6,73,0.00,103,1.95,0.0,16.6,15.1,54
2014-04-27,2.4,4.9,76,0.00,139,1.75,0.0,17.7,16.1,57
2014-04-28,2.3,6.9,89,0.70,149,1.76,4.0,16.4,9.2,65
2014-04-29,3.4,8.5,76,0.00,147,2.36,0.0,17.0,11.9,58
2014-04-30,4.6,8.3,73,0.60,149,1.67,2.0,17.6,14.6,59
2014-05-01,3.2,9.0,73,0.70,309,1.58,4.0,38.9,24.5,59
2014-05-02,-4.8,-0.4,51,0.60,352,2.04,4.0,37.8,29.3,28
2014-05-03,-5.0,-0.6,49,0.00,23,1.86,0.0,17.3,7.8,30
2014-05-04,-7.0,-0.9,50,0.00,76,1.60,0.0,16.3,13.3,34
2014-05-05,-6.7,0.4,49,0.00,58,2.13,0.0,18.1,13.5,32
2014-05-06,-3.3,1.2,56,0.00,102,2.12,0.0,12.7,8.8,38
2014-05-07,-0.5,5.2,61,0.00,122,2.38,0.0,17.9,14.7,41
2014-05-08,1.0,5.3,67,0.00,88,2.21,0.0,20.5,16.5,41
2014-05-09,-0.1,3.0,66,0.00,42,1.72,0.0,17.3,15.7,50
2014-05-10,1.8,8.8,68,0.00,17,2.44,0.0,19.0,12.2,45
2014-05-11,2.5,8.7,67,0.00,17,1.74,0.0,14.5,10.9,45
2014-05-12,2.8,7.2,65,0.00,231,2.42,0.0,9.7,5.4,45
2014-05-13,4.5,10.2,61,0.00,184,2.98,0.0,18.4,13.3,42
2014-05-14,6.8,12.9,55,0.00,152,3.44,0.0,18.1,16.1,38
2014-05-15,5.3,13.4,66,3.40,341,2.70,6.0,30.7,19.2,38
2014-05-16,5.5,11.8,58,0.00,210,3.06,0.0,14.8,11.1,41
2014-05-17,5.6,11.6,66,0.00,105,2.71,0.0,17.1,14.9,43
2014-05-18,5.5,11.7,64,1.40,122,2.34,7.0,17.0,15.0,45
2014-05-19,9.0,15.4,53,0.10,140,3.41,1.0,13.7,11.9,31
2014-05-20,11.1,15.8,61,1.70,104,3.25,3.0,21.4,16.1,30
2014-05-21,6.5,9.9,95,4.80,152,1.15,8.0,17.2,10.0,80
2014-05-22,5.8,8.1,91,0.80,279,1.31,3.0,11.6,7.7,71
2014-05-23,6.0,10.8,85,5.70,79,1.45,7.0,20.4,12.8,69
2014-05-24,6.4,11.2,79,0.00,304,1.92,0.0,26.6,19.1,54
2014-05-25,4.5,9.6,63,0.00,298,3.20,0.0,25.5,10.0,42
2014-05-26,8.6,15.2,61,0.00,148,3.87,0.0,14.8,13.5,43
2014-05-27,11.8,17.3,60,0.00,220,3.82,0.0,10.8,4.5,43
2014-05-28,12.3,16.6,62,0.00,139,4.04,0.0,15.3,7.4,38
2014-05-29,11.4,16.3,54,0.00,147,3.98,0.0,13.8,11.1,38
2014-05-30,11.7,15.6,63,0.20,17,3.06,2.0,24.1,13.4,42
2014-05-31,10.3,15.5,60,0.00,121,3.87,0.0,20.5,12.5,40
2014-06-01,10.7,16.3,56,0.00,171,4.34,0.0,23.1,17.5,39
2014-06-02,11.7,16.5,58,0.60,340,4.29,3.0,20.1,16.2,33
2014-06-03,7.5,15.4,59,0.00,17,2.87,0.0,18.1,11.4,31
2014-06-04,4.6,8.6,51,0.00,34,3.20,0.0,18.5,14.6,35
2014-06-05,5.0,8.1,56,0.00,58,2.57,0.0,14.0,7.4,36
2014-06-06,6.1,11.0,57,0.00,171,2.70,0.0,7.6,4.3,35
2014-06-07,7.1,11.5,52,0.00,101,3.81,0.0,11.3,7.3,33
2014-06-08,8.5,13.9,42,0.00,179,4.36,0.0,17.3,9.4,25
2014-06-09,12.5,17.4,35,0.00,128,5.33,0.0,16.0,12.7,25
2014-06-10,13.2,18.3,46,0.00,191,4.65,0.0,14.5,8.0,26
2014-06-11,13.6,18.6,47,0.00,52,4.88,0.0,18.7,10.6,27
2014-06-12,11.1,16.2,48,0.00,116,4.65,0.0,11.3,9.0,26
2014-06-13,12.4,16.5,47,0.00,152,4.74,0.0,19.0,13.8,32
2014-06-14,13.4,19.2,52,2.00,151,4.44,4.0,15.4,12.4,32
2014-06-15,15.2,19.4,59,0.00,151,4.10,0.0,14.6,8.4,42
2014-06-16,15.3,21.9,59,0.00,178,4.72,0.0,11.4,6.5,32
2014-06-17,17.3,21.9,46,0.00,176,5.13,0.0,16.3,8.3,25
2014-06-18,16.7,22.1,47,0.00,157,6.02,0.0,21.2,18.2,24
2014-06-19,17.7,21.5,43,0.00,178,5.91,0.0,18.7,13.2,22
2014-06-20,19.3,24.1,32,0.00,121,5.68,0.0,16.8,12.5,21
2014-06-21,21.7,25.1,44,0.00,95,6.13,0.0,23.6,17.8,32
2014-06-22,17.7,22.6,47,0.00,89,4.95,0.0,23.9,17.1,41
2014-06-23,17.9,20.7,47,0.00,119,5.24,0.0,15.8,11.7,40
2014-06-24,18.8,24.8,52,0.00,154,5.85,0.0,17.3,13.5,34
2014-06-25,20.1,24.8,60,0.00,142,5.66,0.0,18.8,14.1,40
2014-06-26,18.4,24.6,63,0.20,169,5.26,1.0,18.0,12.7,32
2014-06-27,18.9,23.8,45,0.00,185,5.16,0.0,17.8,7.6,28
2014-06-28,21.3,25.5,39,0.00,296,6.15,0.0,16.9,10.3,24
2014-06-29,20.3,24.3,51,0.00,344,5.07,0.0,16.7,13.5,28
2014-06-30,18.9,23.2,54,0.00,70,4.41,0.0,14.0,9.6,42
2014-07-01,17.2,20.9,56,0.00,177,4.56,0.0,14.1,11.2,37
2014-07-02,19.3,24.2,48,0.00,157,5.59,0.0,15.6,11.0,30
2014-07-03,21.8,26.9,38,0.00,127,6.81,0.0,19.0,15.0,26
2014-07-04,22.1,27.0,47,0.00,116,5.74,0.0,23.7,14.7,29
2014-07-05,17.9,20.5,77,1.50,134,2.84,7.0,15.5,6.6,61
2014-07-06,18.1,24.5,72,0.10,257,3.90,1.0,14.0,6.4,36
2014-07-07,19.2,24.4,52,0.20,314,5.13,1.0,14.3,10.3,24
2014-07-08,18.5,22.5,54,1.40,213,3.60,3.0,10.0,6.0,24
2014-07-09,17.5,21.6,57,0.10,90,4.39,1.0,19.1,14.1,38
2014-07-10,18.3,21.5,41,0.00,17,5.69,0.0,21.3,18.6,28
2014-07-11,16.1,20.3,49,0.00,338,5.08,0.0,20.2,17.2,28
2014-07-12,15.0,18.0,46,0.00,118,4.83,0.0,21.0,12.0,29
2014-07-13,17.4,22.3,46,0.00,138,6.13,0.0,28.8,24.1,33
2014-07-14,20.2,25.7,50,0.00,150,6.30,0.0,23.3,19.0,35
2014-07-15,22.9,27.8,59,0.50,133,4.72,1.0,15.2,8.3,38
2014-07-16,19.8,24.8,64,0.20,306,4.51,2.0,26.7,19.3,38
2014-07-17,16.6,19.4,57,0.20,298,4.30,1.0,28.0,17.8,38
2014-07-18,14.0,18.9,48,0.00,318,4.69,0.0,24.9,10.9,36
2014-07-19,16.4,20.5,52,0.00,48,4.73,0.0,11.9,8.4,23
2014-07-20,17.4,20.4,46,0.00,202,4.64,0.0,15.1,9.1,24
2014-07-21,18.3,22.9,44,0.00,162,5.56,0.0,16.2,11.9,27
2014-07-22,20.2,24.3,54,0.00,161,5.10,0.0,17.3,10.8,27
2014-07-23,21.8,26.3,58,0.00,156,5.21,0.0,19.2,13.4,38
2014-07-24,22.7,26.8,54,0.00,157,5.79,0.0,17.6,14.6,36
2014-07-25,22.0,26.7,70,2.50,132,4.17,2.0,13.7,7.7,46
2014-07-26,23.2,25.9,62,0.00,137,4.50,0.0,16.5,10.2,46
2014-07-27,22.1,25.8,71,0.30,181,4.20,2.0,16.2,10.1,48
2014-07-28,21.5,26.0,69,0.00,163,4.63,0.0,14.5,10.5,42
2014-07-29,23.2,27.7,59,0.00,153,4.75,0.0,13.0,7.7,36
2014-07-30,24.0,27.7,55,0.00,159,5.71,0.0,25.3,15.6,38
2014-07-31,15.8,27.2,62,0.00,308,3.23,0.0,26.9,20.0,42
2014-08-01,13.3,17.1,48,0.00,246,4.39,0.0,22.7,15.2,28
2014-08-02,18.1,23.9,59,0.00,184,4.22,0.0,22.5,12.5,34
2014-08-03,21.0,25.2,53,0.00,128,4.15,0.0,9.0,7.5,35
2014-08-04,20.2,24.8,55,0.00,106,4.65,0.0,19.4,12.0,39
2014-08-05,23.0,29.9,55,0.00,166,5.40,0.0,18.1,15.0,35
2014-08-06,20.0,28.4,71,7.80,36,2.61,16.0,19.9,15.1,40
2014-08-07,13.2,16.9,73,0.60,46,1.87,4.0,22.3,20.1,67
2014-08-08,11.6,14.5,61,0.10,75,2.43,1.0,14.8,10.6,43
2014-08-09,12.5,17.0,65,0.00,110,2.69,0.0,9.5,6.4,44
2014-08-10,15.8,20.2,66,0.00,153,3.61,0.0,18.8,14.9,44
2014-08-11,16.1,20.4,66,0.00,26,3.59,0.0,15.0,10.1,33
2014-08-12,16.9,20.4,60,1.20,148,3.17,4.0,19.8,14.9,33
2014-08-13,21.1,24.9,63,0.00,210,4.69,0.0,26.6,18.7,44
2014-08-14,16.2,22.0,71,0.00,336,2.38,0.0,25.3,10.0,55
2014-08-15,16.7,21.2,72,0.00,120,2.87,0.0,9.6,5.0,51
2014-08-16,18.8,23.0,71,2.20,141,3.00,4.0,19.5,15.4,52
2014-08-17,17.0,24.1,64,0.00,296,3.23,0.0,29.4,22.5,55
2014-08-18,11.4,14.6,77,7.60,92,1.17,14.0,24.5,16.6,56
2014-08-19,8.6,9.5,81,1.80,48,1.15,11.0,22.7,19.8,69
2014-08-20,9.2,14.5,64,0.00,26,2.71,0.0,12.7,10.3,33
2014-08-21,12.5,15.5,54,0.10,313,2.63,1.0,13.0,6.4,32
2014-08-22,13.0,16.2,61,0.00,174,2.62,0.0,13.4,8.0,41
2014-08-23,14.5,17.5,66,0.00,165,3.10,0.0,20.9,14.6,44
2014-08-24,14.6,17.3,60,0.00,158,3.68,0.0,21.1,18.0,43
2014-08-25,15.3,18.5,64,0.00,155,3.20,0.0,23.6,18.8,48
2014-08-26,14.7,18.3,73,0.80,311,2.50,1.0,15.1,11.0,41
2014-08-27,12.4,18.0,80,16.90,29,1.01,16.0,24.0,11.1,41
2014-08-28,8.8,11.4,73,0.60,350,1.45,2.0,20.7,12.3,53
2014-08-29,11.3,15.1,65,0.00,138,2.63,0.0,19.6,12.4,48
2014-08-30,12.2,15.0,77,3.70,106,1.58,7.0,19.1,16.8,50
2014-08-31,12.2,14.0,94,3.40,154,1.22,12.0,15.8,10.5,85
2014-09-01,11.4,13.7,91,8.90,327,1.22,21.0,6.5,3.2,83
2014-09-02,10.8,13.7,86,2.30,76,1.47,5.0,8.7,6.2,58
2014-09-03,12.0,14.1,74,0.00,158,1.86,0.0,14.6,10.3,59
2014-09-04,9.6,13.8,75,8.40,334,1.90,8.0,28.7,17.6,45
2014-09-05,7.1,10.5,64,1.90,225,1.75,5.0,21.0,11.6,45
2014-09-06,4.9,7.1,68,1.10,312,1.71,2.0,26.3,19.4,45
2014-09-07,4.1,7.1,61,0.00,334,1.89,0.0,23.5,20.2,42
2014-09-08,3.6,6.0,62,0.00,329,1.67,0.0,22.5,15.7,42
2014-09-09,4.3,7.6,71,0.00,328,1.34,0.0,14.5,11.3,51
2014-09-10,6.0,9.9,65,0.00,225,2.04,0.0,25.6,15.3,47
2014-09-11,7.5,10.3,59,0.00,215,1.99,0.0,25.9,15.6,52
2014-09-12,6.6,10.5,73,0.60,339,1.23,4.0,20.9,14.8,54
2014-09-13,5.8,8.8,77,0.00,187,1.44,0.0,15.1,8.6,63
2014-09-14,7.9,13.6,76,0.00,99,1.73,0.0,12.6,7.7,54
2014-09-15,5.7,12.8,68,0.00,86,1.58,0.0,19.8,16.6,48
2014-09-16,3.5,7.3,63,0.00,100,1.88,0.0,20.2,18.6,48
2014-09-17,7.4,9.7,78,1.50,145,1.22,4.0,22.9,19.7,49
2014-09-18,8.1,10.5,89,1.10,17,0.95,6.0,11.2,7.0,66
2014-09-19,8.2,10.4,80,1.20,118,1.02,4.0,23.2,16.2,66
2014-09-20,7.7,9.9,91,4.70,84,0.81,8.0,14.8,8.0,77
2014-09-21,10.1,14.9,82,0.00,191,1.42,0.0,16.8,10.5,62
2014-09-22,11.5,16.8,82,0.00,119,1.53,0.0,29.9,17.8,67
2014-09-23,11.2,16.5,64,0.00,273,2.21,0.0,25.4,19.6,53
2014-09-24,6.7,10.1,74,0.00,37,1.39,0.0,14.9,9.8,58
2014-09-25,6.7,9.1,76,0.00,19,1.28,0.0,18.2,15.0,63
2014-09-26,4.1,7.5,72,0.00,54,0.92,0.0,15.7,9.9,64
2014-09-27,5.6,7.1,83,0.10,52,0.64,1.0,7.7,4.9,73
2014-09-28,8.3,10.2,77,0.00,174,1.37,0.0,27.2,21.3,70
2014-09-29,8.4,10.0,88,2.10,98,0.71,5.0,25.8,16.3,76
2014-09-30,7.3,9.7,85,0.00,305,0.70,0.0,21.3,16.9,68
2014-10-01,3.3,5.4,71,0.00,327,0.99,0.0,27.7,19.9,57
2014-10-02,0.5,2.1,66,0.00,331,1.25,0.0,29.6,27.3,51
2014-10-03,-0.1,2.4,73,0.00,79,0.83,0.0,18.7,11.6,54
2014-10-04,2.6,4.9,73,0.00,132,1.03,0.0,24.7,20.5,65
2014-10-05,3.9,4.9,82,1.10,117,0.70,5.0,21.1,17.7,61
2014-10-06,-0.1,3.9,71,0.00,85,0.96,0.0,20.5,15.3,50
2014-10-07,-0.6,1.1,77,0.00,358,0.40,0.0,7.8,5.2,57
2014-10-08,0.1,1.8,85,0.00,352,0.50,0.0,6.6,4.7,67
2014-10-09,1.2,4.2,79,0.00,114,0.77,0.0,25.8,16.8,62
2014-10-10,4.4,6.9,80,0.20,126,0.86,2.0,20.6,18.8,71
2014-10-11,4.9,6.1,92,8.00,84,0.32,13.0,19.7,13.1,79
2014-10-12,3.2,4.6,88,0.00,308,0.46,0.0,21.4,18.7,72
2014-10-13,1.0,2.8,78,0.00,320,0.56,0.0,15.5,12.4,66
2014-10-14,-0.2,1.3,80,0.00,58,0.47,0.0,19.2,12.6,66
2014-10-15,-2.1,-0.9,71,0.00,60,0.79,0.0,26.6,22.8,63
2014-10-16,-1.4,-0.3,68,0.00,103,0.80,0.0,21.4,18.4,63
2014-10-17,1.1,3.4,87,5.00,134,0.41,13.0,21.8,17.5,74
2014-10-18,1.6,3.1,93,0.30,16,0.36,2.0,13.7,10.0,80
2014-10-19,1.0,3.8,92,0.00,70,0.23,0.0,14.4,10.2,86
2014-10-20,4.5,6.2,96,1.70,127,0.27,6.0,24.1,19.4,93
2014-10-21,2.3,4.2,97,0.00,272,0.20,0.0,10.0,5.4,93
2014-10-22,0.6,1.6,92,0.00,21,0.23,0.0,12.7,8.6,82
2014-10-23,3.3,4.2,96,2.40,108,0.16,9.0,30.8,20.1,94
2014-10-24,0.1,1.6,95,0.00,298,0.16,0.0,20.7,13.2,91
2014-10-25,-1.7,-0.5,82,0.00,317,0.35,0.0,21.5,15.1,73
2014-10-26,-2.5,-0.7,73,0.00,63,0.32,0.0,8.9,7.2,72
2014-10-27,-0.9,0.2,85,2.00,135,0.23,10.0,11.4,8.6,77
2014-10-28,-2.1,-0.4,92,3.20,287,0.18,10.0,10.0,7.3,80
2014-10-29,-4.4,-1.7,83,0.00,56,0.21,0.0,10.6,5.6,75
2014-10-30,0.2,2.0,82,0.00,170,0.48,0.0,24.4,19.7,78
2014-10-31,1.6,2.6,91,0.60,149,0.23,3.0,27.5,23.4,87
2014-11-01,-0.9,2.5,87,0.00,243,0.23,0.0,20.2,12.8,69
2014-11-02,-1.3,2.6,86,0.00,124,0.24,0.0,18.8,13.1,73
2014-11-03,-2.4,0.2,84,0.10,314,0.26,1.0,15.8,12.5,72
2014-11-04,-3.3,-2.5,78,0.00,75,0.35,0.0,20.3,14.4,72
2014-11-05,-3.5,-0.1,78,0.00,109,0.43,0.0,22.5,19.1,77
2014-11-06,-0.5,0.1,89,4.70,167,0.22,13.0,26.6,15.9,81
2014-11-07,-15.4,-5.7,69,0.10,332,0.32,1.0,32.0,25.1,66
2014-11-08,-19.5,-16.3,73,0.00,348,0.16,0.0,20.5,13.8,69
2014-11-09,-20.6,-17.3,76,0.00,22,0.11,0.0,18.3,11.5,73
2014-11-10,-19.9,-17.9,75,0.00,34,0.13,0.0,18.3,12.7,72
2014-11-11,-13.2,-6.4,80,0.00,157,0.13,0.0,19.8,10.1,76
2014-11-12,-9.4,-6.8,83,0.00,211,0.14,0.0,18.1,13.0,80
2014-11-13,-14.5,-12.6,82,0.00,10,0.09,0.0,13.2,9.5,76
2014-11-14,-15.5,-9.7,78,0.00,49,0.08,0.0,11.5,6.6,72
2014-11-15,-10.1,-7.4,82,0.00,313,0.16,0.0,21.7,16.3,79
2014-11-16,-10.3,-7.2,83,0.00,2,0.11,0.0,18.8,9.7,80
2014-11-17,-9.8,-5.6,87,0.00,228,0.07,0.0,18.0,13.0,84
2014-11-18,-11.2,-9.3,83,0.00,342,0.13,0.0,18.2,15.7,79
2014-11-19,-19.4,-14.6,81,0.00,62,0.07,0.0,15.5,9.8,73
2014-11-20,-10.0,-9.2,84,1.90,105,0.16,7.0,19.5,15.8,77
2014-11-21,-18.0,-9.9,78,0.00,16,0.09,0.0,16.0,13.2,73
2014-11-22,-29.3,-26.4,74,0.00,18,0.04,0.0,11.5,8.8,73
2014-11-23,-23.7,-21.2,75,0.00,23,0.05,0.0,12.3,8.0,74
2014-11-24,-29.8,-23.8,74,0.00,358,0.03,0.0,12.3,8.4,73
2014-11-25,-33.6,-30.6,73,0.00,37,0.02,0.0,7.6,6.6,70
2014-11-26,-24.0,-21.1,79,0.20,292,0.07,2.0,20.5,14.0,73
2014-11-27,-24.9,-23.5,76,0.00,311,0.07,0.0,17.1,15.5,75
2014-11-28,-29.5,-25.7,77,0.00,281,0.03,0.0,13.6,10.3,76
2014-11-29,-23.4,-21.8,74,0.00,306,0.11,0.0,22.9,18.7,70
2014-11-30,-26.8,-25.7,73,0.00,283,0.06,0.0,21.4,13.5,70
2014-12-01,-26.3,-23.8,79,0.00,284,0.04,0.0,12.2,10.5,74
2014-12-02,-24.8,-20.0,77,0.00,330,0.05,0.0,16.6,11.6,70
2014-12-03,-30.8,-26.3,74,0.00,110,0.04,0.0,16.6,12.2,69
2014-12-04,-30.1,-26.8,77,0.00,311,0.02,0.0,11.5,8.1,74
2014-12-05,-32.8,-28.8,73,0.00,4,0.03,0.0,14.0,10.1,70
2014-12-06,-34.4,-26.6,71,0.00,80,0.04,0.0,16.7,12.2,68
2014-12-07,-22.7,-20.4,69,3.40,88,0.14,10.0,20.5,17.1,65
2014-12-08,-20.3,-16.3,80,0.00,100,0.07,0.0,21.1,13.1,79
2014-12-09,-11.0,-9.4,87,1.20,129,0.06,3.0,20.6,11.7,81
2014-12-10,-11.9,-10.6,83,3.50,350,0.08,12.0,15.8,13.1,77
2014-12-11,-16.9,-14.9,76,1.00,80,0.16,4.0,20.0,17.2,75
2014-12-12,-16.9,-15.9,80,5.30,46,0.03,13.0,14.3,7.3,78
2014-12-13,-18.4,-17.8,82,0.00,138,0.01,0.0,9.2,5.3,79
2014-12-14,-19.7,-17.6,83,0.00,321,0.01,0.0,8.7,5.8,79
2014-12-15,-16.9,-10.8,83,0.00,153,0.11,0.0,26.0,20.0,80
2014-12-16,-11.7,-9.8,85,0.00,172,0.06,0.0,18.0,12.2,81
2014-12-17,-12.9,-10.1,86,0.00,154,0.04,0.0,16.6,11.3,83
2014-12-18,-14.1,-13.0,87,0.00,130,0.02,0.0,12.9,8.8,86
2014-12-19,-15.9,-13.9,86,0.00,123,0.02,0.0,13.3,8.3,85
2014-12-20,-10.5,-8.7,88,3.80,105,0.04,11.0,16.0,10.8,83
2014-12-21,-11.3,-10.4,86,0.00,82,0.05,0.0,15.8,9.2,82
2014-12-22,-12.8,-12.0,84,0.90,71,0.07,6.0,17.1,12.3,82
2014-12-23,-14.7,-12.2,84,0.00,324,0.03,0.0,12.1,8.6,80
2014-12-24,-25.7,-20.9,73,0.00,0,0.07,0.0,15.2,13.5,69
2014-12-25,-35.1,-30.6,71,0.00,41,0.02,0.0,9.3,7.8,69
2014-12-26,-36.5,-32.5,72,0.00,92,0.02,0.0,15.6,11.2,70
2014-12-27,-30.2,-29.1,74,0.00,110,0.05,0.0,16.2,14.0,73
2014-12-28,-28.6,-27.6,74,0.00,355,0.03,0.0,15.7,9.2,72
2014-12-29,-28.9,-26.6,77,0.00,271,0.03,0.0,19.3,10.3,74
2014-12-30,-17.7,-12.0,76,0.00,258,0.14,0.0,21.0,16.6,73
2014-12-31,-15.2,-11.9,77,0.00,338,0.15,0.0,22.3,17.6,68
2015-01-01,-24.9,-20.9,75,0.00,328,0.04,0.0,20.9,11.9,72
2015-01-02,-27.9,-26.4,74,0.00,318,0.07,0.0,18.4,17.0,72
2015-01-03,-28.1,-27.4,75,0.00,317,0.06,0.0,16.3,14.7,73
2015-01-04,-26.8,-23.4,78,0.00,294,0.05,0.0,16.3,12.7,76
2015-01-05,-26.2,-23.4,77,0.00,334,0.05,0.0,14.7,13.3,75
2015-01-06,-32.8,-30.7,77,0.00,312,0.03,0.0,12.4,11.2,75
2015-01-07,-28.7,-24.5,76,0.00,292,0.03,0.0,22.9,8.8,75
2015-01-08,-24.2,-23.4,70,0.00,315,0.13,0.0,26.9,21.7,66
2015-01-09,-28.7,-26.0,73,0.00,316,0.04,0.0,15.0,9.8,67
2015-01-10,-31.9,-29.8,77,0.00,315,0.02,0.0,11.2,9.4,74
2015-01-11,-29.1,-24.1,73,0.00,135,0.05,0.0,13.5,10.0,71
2015-01-12,-23.9,-22.1,77,0.00,342,0.04,0.0,11.8,7.0,73
2015-01-13,-26.1,-22.2,79,0.00,40,0.02,0.0,13.0,7.9,77
2015-01-14,-23.4,-21.3,76,0.30,27,0.07,2.0,18.6,14.0,73
2015-01-15,-29.5,-25.5,75,0.00,77,0.05,0.0,20.3,13.7,73
2015-01-16,-22.4,-19.4,76,3.80,105,0.12,15.0,23.6,19.8,72
2015-01-17,-22.4,-19.8,74,0.00,73,0.09,0.0,14.8,13.3,72
2015-01-18,-20.1,-17.8,79,0.00,96,0.10,0.0,18.0,14.2,76
2015-01-19,-18.0,-17.0,77,0.00,67,0.04,0.0,10.2,5.6,76
2015-01-20,-23.0,-18.2,80,0.00,329,0.03,0.0,9.2,7.4,76
2015-01-21,-20.8,-13.1,80,4.40,119,0.12,8.0,31.6,21.2,76
2015-01-22,-17.7,-13.0,79,0.00,315,0.09,0.0,19.3,13.4,73
2015-01-23,-24.5,-22.1,74,0.00,79,0.08,0.0,20.6,13.7,70
2015-01-24,-19.4,-17.5,77,0.30,89,0.11,3.0,21.8,13.3,72
2015-01-25,-16.6,-14.9,80,0.00,49,0.07,0.0,11.5,6.5,77
2015-01-26,-16.8,-14.9,79,2.40,306,0.10,12.0,24.7,12.4,68
2015-01-27,-26.5,-20.2,71,0.00,320,0.09,0.0,23.7,13.3,68
2015-01-28,-32.8,-30.1,74,0.00,299,0.03,0.0,9.5,7.2,71
2015-01-29,-34.4,-32.9,74,0.00,257,0.03,0.0,12.0,9.0,69
2015-01-30,-34.4,-33.4,73,0.00,326,0.04,0.0,15.3,11.4,67
2015-01-31,-34.8,-31.6,73,0.00,225,0.03,0.0,10.9,8.6,70
2015-02-01,-25.4,-18.9,77,0.00,280,0.08,0.0,14.1,11.7,73
2015-02-02,-24.2,-19.1,77,0.00,319,0.09,0.0,19.2,15.2,75
2015-02-03,-33.5,-29.2,71,0.00,347,0.04,0.0,12.2,9.0,67
2015-02-04,-29.7,-25.2,72,0.00,78,0.07,0.0,17.1,13.0,70
2015-02-05,-27.1,-23.9,71,0.00,313,0.11,0.0,23.4,18.6,61
2015-02-06,-34.1,-29.8,68,0.00,346,0.05,0.0,17.1,10.9,63
2015-02-07,-30.3,-26.7,68,2.00,93,0.09,13.0,19.9,16.6,65
2015-02-08,-29.7,-26.8,72,0.10,288,0.07,1.0,18.2,13.7,65
2015-02-09,-32.7,-30.4,70,0.00,246,0.04,0.0,10.4,5.9,65
2015-02-10,-32.5,-30.7,70,0.00,331,0.05,0.0,12.0,8.2,66
2015-02-11,-34.3,-29.0,72,0.00,141,0.05,0.0,19.6,11.6,68
2015-02-12,-26.2,-24.2,70,0.20,65,0.11,2.0,18.3,10.9,66
2015-02-13,-29.9,-25.7,68,0.00,93,0.10,0.0,25.8,17.4,64
2015-02-14,-22.9,-19.9,70,1.80,122,0.20,8.0,30.5,20.1,63
2015-02-15,-23.8,-20.3,74,0.00,323,0.14,0.0,15.1,14.2,68
2015-02-16,-26.9,-23.5,72,0.00,318,0.12,0.0,15.3,13.5,68
2015-02-17,-27.9,-24.3,75,0.00,75,0.10,0.0,15.7,10.0,70
2015-02-18,-23.9,-21.0,71,0.00,116,0.18,0.0,19.1,17.5,66
2015-02-19,-18.5,-15.2,74,0.80,65,0.17,5.0,13.6,9.2,68
2015-02-20,-23.3,-16.1,73,0.00,64,0.14,0.0,11.5,8.2,65
2015-02-21,-28.2,-23.0,72,0.00,128,0.11,0.0,17.9,10.4,66
2015-02-22,-20.1,-15.3,76,0.00,143,0.19,0.0,18.9,14.8,64
2015-02-23,-15.4,-13.9,79,0.00,338,0.25,0.0,21.4,16.7,68
2015-02-24,-20.4,-16.8,73,0.00,64,0.20,0.0,14.5,12.1,65
2015-02-25,-24.2,-21.4,73,0.00,27,0.14,0.0,12.3,6.7,70
2015-02-26,-21.5,-15.9,76,0.00,261,0.18,0.0,16.3,12.6,73
2015-02-27,-15.9,-9.0,79,0.00,263,0.28,0.0,15.5,11.8,75
2015-02-28,-10.1,-7.0,77,0.20,321,0.39,2.0,21.4,16.9,63
2015-03-01,-16.2,-12.3,77,0.60,146,0.24,3.0,22.0,11.9,70
2015-03-02,-17.3,-9.8,68,0.10,327,0.39,1.0,39.0,31.0,59
2015-03-03,-25.0,-20.2,70,0.00,334,0.21,0.0,19.6,10.5,63
2015-03-04,-25.4,-21.2,72,0.00,137,0.20,0.0,17.4,12.6,66
2015-03-05,-16.8,-11.5,80,0.30,279,0.27,3.0,16.0,9.2,69
2015-03-06,-14.8,-12.4,82,0.00,331,0.28,0.0,19.3,10.5,68
2015-03-07,-15.1,-10.1,79,1.00,222,0.34,3.0,11.0,7.4,73
2015-03-08,-12.8,-8.0,84,0.00,133,0.37,0.0,14.3,10.7,81
2015-03-09,-12.2,-8.1,83,0.00,13,0.29,0.0,14.1,12.1,76
2015-03-10,-18.9,-13.3,75,0.00,348,0.29,0.0,15.2,11.4,66
2015-03-11,-24.2,-19.3,72,0.00,6,0.21,0.0,9.2,7.4,61
2015-03-12,-22.7,-17.2,70,0.80,73,0.24,6.0,19.5,14.0,64
2015-03-13,-16.9,-8.5,83,0.00,128,0.32,0.0,14.8,10.1,76
2015-03-14,-8.2,-5.6,86,0.10,353,0.29,1.0,27.9,17.5,74
2015-03-15,-20.9,-14.9,67,1.20,323,0.36,7.0,29.9,22.3,59
2015-03-16,-23.3,-19.4,68,0.00,298,0.33,0.0,15.0,11.9,58
2015-03-17,-23.3,-16.6,69,0.00,98,0.33,0.0,14.8,10.7,58
2015-03-18,-17.9,-13.4,66,0.00,70,0.43,0.0,15.3,12.3,58
2015-03-19,-21.0,-13.6,72,0.00,58,0.35,0.0,10.2,8.0,61
2015-03-20,-22.1,-17.3,69,0.00,89,0.40,0.0,10.1,7.7,52
2015-03-21,-21.1,-13.7,66,0.00,92,0.46,0.0,11.0,7.7,51
2015-03-22,-16.6,-10.5,70,0.00,104,0.55,0.0,14.6,12.6,60
2015-03-23,-13.8,-9.9,74,0.00,78,0.59,0.0,14.5,11.6,69
2015-03-24,-15.4,-10.2,77,0.00,70,0.55,0.0,10.7,8.8,69
2015-03-25,-15.3,-8.7,78,0.00,95,0.59,0.0,12.6,10.7,72
2015-03-26,-9.1,-4.9,82,0.00,125,0.71,0.0,15.3,12.9,76
2015-03-27,-5.2,2.2,85,0.00,157,0.92,0.0,18.1,13.0,74
2015-03-28,-3.1,2.2,84,0.00,322,0.92,0.0,17.0,10.1,73
2015-03-29,-7.1,-2.7,82,0.00,61,0.79,0.0,14.8,9.6,73
2015-03-30,-7.1,-2.1,83,0.50,114,0.70,3.0,15.0,11.9,75
2015-03-31,-8.9,-2.1,80,0.00,39,0.61,0.0,17.1,14.6,71
2015-04-01,-15.4,-11.2,71,0.00,57,0.70,0.0,16.4,11.4,59
2015-04-02,-18.2,-11.4,72,0.00,76,0.58,0.0,13.0,9.5,59
2015-04-03,-20.1,-14.5,69,0.00,93,0.65,0.0,9.8,5.8,56
2015-04-04,-18.7,-14.5,70,0.00,351,0.57,0.0,11.5,7.4,58
2015-04-05,-19.1,-14.3,71,0.00,35,0.64,0.0,11.9,5.8,61
2015-04-06,-16.0,-7.6,69,0.00,126,0.70,0.0,18.4,14.3,60
2015-04-07,-6.7,-1.0,78,0.30,96,1.19,1.0,19.4,11.9,65
2015-04-08,-6.1,-1.3,82,0.00,10,0.95,0.0,15.7,10.9,73
2015-04-09,-2.5,5.9,80,0.30,144,1.49,1.0,20.4,14.5,66
2015-04-10,1.4,5.8,81,0.00,148,1.54,0.0,13.0,10.1,68
2015-04-11,1.6,4.2,79,0.00,125,1.44,0.0,13.9,12.0,73
2015-04-12,-0.3,3.6,88,3.60,223,0.99,5.0,11.1,7.6,75
2015-04-13,-4.3,1.0,82,4.50,9,0.88,8.0,18.4,11.4,65
2015-04-14,-9.0,-4.8,78,0.00,96,0.79,0.0,20.2,13.5,65
2015-04-15,-3.5,0.5,81,0.70,98,1.31,4.0,22.0,13.2,69
2015-04-16,-1.2,3.4,83,0.00,130,1.70,0.0,11.2,8.1,71
2015-04-17,-0.2,3.7,83,0.00,116,1.62,0.0,14.9,10.5,73
2015-04-18,-0.8,4.3,78,0.00,95,1.77,0.0,13.4,10.1,61
2015-04-19,1.3,6.4,75,0.00,154,1.97,0.0,13.3,10.0,58
2015-04-20,0.0,5.9,78,0.00,90,1.68,0.0,16.8,13.7,61
2015-04-21,-2.2,2.3,73,0.00,99,1.60,0.0,22.9,20.1,58
2015-04-22,-0.8,3.7,72,0.00,102,1.79,0.0,26.1,24.3,60
2015-04-23,-2.0,3.0,69,0.00,87,1.63,0.0,25.2,23.4,51
2015-04-24,-8.2,-3.4,61,0.00,80,1.53,0.0,24.6,18.7,47
2015-04-25,-6.4,-1.3,67,0.00,102,1.41,0.0,17.7,12.8,55
2015-04-26,-2.6,3.2,70,0.00,110,1.82,0.0,18.3,16.1,56
2015-04-27,1.9,8.7,66,0.00,97,2.20,0.0,19.5,17.7,47
2015-04-28,5.3,13.1,73,0.00,112,2.64,0.0,22.4,13.9,47
2015-04-29,7.2,10.9,70,1.60,149,2.82,5.0,28.7,21.3,47
2015-04-30,5.8,10.5,60,0.00,189,2.84,0.0,15.9,10.5,46
2015-05-01,4.7,9.7,67,0.00,335,2.41,0.0,15.6,12.8,47
2015-05-02,1.7,6.9,68,1.50,328,1.69,8.0,22.1,14.7,51
2015-05-03,-1.8,2.2,55,0.10,330,1.75,1.0,19.8,16.0,43
2015-05-04,-2.7,0.3,50,0.00,331,1.76,0.0,16.7,11.2,40
2015-05-05,-1.6,2.9,55,0.00,62,2.27,0.0,9.0,5.6,39
2015-05-06,0.2,4.7,57,0.00,141,2.55,0.0,11.3,9.5,35
2015-05-07,2.0,7.1,53,0.00,109,2.88,0.0,12.7,9.0,36
2015-05-08,3.4,8.5,52,0.00,120,3.10,0.0,14.1,11.8,32
2015-05-09,4.5,10.1,56,0.00,129,3.15,0.0,14.5,12.4,33
2015-05-10,6.4,11.8,50,0.00,150,3.45,0.0,21.1,17.0,37
2015-05-11,9.2,15.7,45,0.00,148,4.21,0.0,17.4,15.3,24
2015-05-12,11.0,16.2,42,0.00,148,4.71,0.0,20.9,17.8,25
2015-05-13,12.0,18.0,40,0.00,154,4.75,0.0,15.4,11.7,29
2015-05-14,12.5,17.8,49,0.00,137,4.49,0.0,18.7,12.9,30
2015-05-15,9.9,17.4,56,0.00,330,3.50,0.0,32.4,21.6,32
2015-05-16,-2.1,3.9,47,0.00,38,2.59,0.0,29.6,15.0,39
2015-05-17,2.5,11.0,49,0.00,155,3.33,0.0,21.7,17.5,31
2015-05-18,9.9,19.1,43,0.00,148,4.34,0.0,16.0,7.9,27
2015-05-19,12.9,19.3,47,0.00,100,4.63,0.0,16.9,12.1,27
2015-05-20,12.8,18.2,45,0.00,119,4.95,0.0,16.7,13.6,28
2015-05-21,14.2,21.2,41,0.00,165,5.04,0.0,14.7,9.5,24
2015-05-22,14.5,20.7,47,0.00,42,4.71,0.0,18.9,10.0,24
2015-05-23,11.9,19.6,42,0.00,192,4.88,0.0,14.3,10.7,23
2015-05-24,13.2,19.0,43,0.00,122,4.80,0.0,16.9,13.3,25
2015-05-25,11.5,16.7,45,0.00,72,4.54,0.0,19.1,12.6,30
2015-05-26,7.8,13.6,47,0.00,175,3.71,0.0,10.1,7.3,29
2015-05-27,5.4,13.9,44,0.00,46,3.59,0.0,20.2,16.0,26
2015-05-28,4.4,11.4,43,0.00,40,3.65,0.0,12.9,7.0,28
2015-05-29,5.9,11.7,46,0.00,162,3.87,0.0,20.8,15.2,27
2015-05-30,10.3,18.1,41,0.00,161,4.81,0.0,17.4,11.5,29
2015-05-31,13.4,17.8,44,0.00,261,5.14,0.0,22.1,15.0,29
2015-06-01,5.2,14.4,69,8.60,343,2.53,13.0,31.8,25.4,34
2015-06-02,4.1,7.3,56,0.60,342,2.25,3.0,20.3,9.3,38
2015-06-03,6.8,14.3,62,1.10,77,3.58,6.0,23.0,16.0,39
2015-06-04,12.0,17.2,55,0.40,115,3.96,2.0,17.3,13.5,40
2015-06-05,14.3,19.9,62,0.00,161,4.48,0.0,17.4,11.3,44
2015-06-06,16.9,22.2,47,0.10,238,5.54,1.0,21.4,14.6,27
2015-06-07,15.7,21.5,45,0.80,299,4.62,4.0,18.9,10.0,28
2015-06-08,14.6,19.4,55,0.00,316,4.62,0.0,19.2,9.5,31
2015-06-09,13.1,18.6,46,0.00,330,4.53,0.0,19.5,12.2,29
2015-06-10,12.4,17.2,46,0.00,163,4.87,0.0,24.2,16.1,28
2015-06-11,15.5,21.3,40,0.00,133,5.78,0.0,22.1,19.9,28
2015-06-12,18.2,22.4,38,0.00,95,6.49,0.0,20.5,16.2,21
2015-06-13,17.9,22.2,34,0.00,67,6.26,0.0,15.5,12.8,20
2015-06-14,15.1,21.1,50,0.20,5,4.15,2.0,22.9,14.8,22
2015-06-15,11.9,16.7,53,3.20,338,3.29,6.0,14.6,10.7,24
2015-06-16,10.5,13.8,47,0.10,349,3.71,1.0,16.6,13.8,25
2015-06-17,11.6,15.9,46,0.00,288,4.12,0.0,14.1,11.6,32
2015-06-18,11.5,15.6,55,2.40,357,3.32,6.0,19.4,12.6,35
2015-06-19,13.5,19.3,47,0.00,300,4.88,0.0,19.7,12.6,32
2015-06-20,15.4,19.7,53,0.00,319,4.77,0.0,20.7,15.0,25
2015-06-21,15.1,19.0,46,0.00,312,4.82,0.0,20.3,13.5,26
2015-06-22,13.5,19.0,70,2.30,330,3.03,8.0,18.7,9.0,42
2015-06-23,14.2,22.0,64,0.00,196,4.52,0.0,16.9,12.8,37
2015-06-24,19.0,22.8,48,0.00,292,6.05,0.0,21.1,15.7,25
2015-06-25,18.5,22.6,40,0.00,222,5.98,0.0,19.5,10.4,24
2015-06-26,19.4,23.7,42,0.00,146,6.03,0.0,13.8,11.4,25
2015-06-27,18.4,23.6,67,0.00,170,4.38,0.0,15.8,10.1,42
2015-06-28,21.2,25.9,50,0.50,303,5.20,1.0,15.5,8.8,28
2015-06-29,21.0,24.5,47,0.30,177,5.30,2.0,13.4,8.7,32
2015-06-30,19.7,23.0,51,0.40,134,3.79,3.0,13.3,9.1,37
2015-07-01,19.0,23.0,64,1.90,345,3.60,3.0,12.1,7.0,46
2015-07-02,18.7,21.7,67,0.10,268,3.78,1.0,7.9,3.2,48
2015-07-03,17.4,21.6,63,3.80,92,3.27,6.0,19.8,13.5,48
2015-07-04,17.1,21.8,50,2.10,40,4.97,3.0,22.2,16.7,31
2015-07-05,17.7,21.5,60,1.60,233,4.02,2.0,16.7,11.3,31
2015-07-06,13.0,17.8,56,0.60,333,3.30,1.0,22.4,18.6,44
2015-07-07,11.5,15.5,53,0.00,292,3.79,0.0,20.0,12.1,43
2015-07-08,13.3,15.3,70,10.40,144,2.54,6.0,22.8,16.9,51
2015-07-09,11.6,14.5,58,0.00,313,3.21,0.0,28.5,20.6,45
2015-07-10,13.1,16.7,59,0.00,275,3.41,0.0,19.2,12.3,44
2015-07-11,15.6,21.4,60,0.00,147,4.31,0.0,13.7,6.0,39
2015-07-12,17.4,21.5,50,0.00,88,5.50,0.0,20.6,16.2,37
2015-07-13,16.4,20.8,65,6.20,105,3.29,7.0,26.4,22.1,39
2015-07-14,16.0,18.4,90,0.30,86,1.45,1.0,16.6,6.3,76
2015-07-15,16.7,18.6,83,0.40,172,2.57,3.0,12.6,6.7,68
2015-07-16,17.7,23.2,75,0.10,146,4.20,1.0,10.2,6.3,51
2015-07-17,16.9,21.1,81,1.90,18,2.15,7.0,11.4,6.8,61
2015-07-18,17.0,21.4,68,0.00,111,2.79,0.0,9.1,6.1,36
2015-07-19,15.3,21.2,56,0.10,15,3.18,1.0,17.1,11.9,35
2015-07-20,14.6,17.5,62,0.00,310,3.00,0.0,17.2,9.3,45
2015-07-21,15.6,19.8,64,0.00,300,3.96,0.0,12.6,10.2,33
2015-07-22,14.8,19.3,60,0.00,358,3.06,0.0,14.1,12.2,36
2015-07-23,15.4,19.4,53,0.00,332,3.81,0.0,14.1,9.7,34
2015-07-24,17.0,20.8,57,0.00,255,3.77,0.0,9.7,6.1,36
2015-07-25,18.3,21.5,52,0.00,110,3.89,0.0,13.0,9.3,40
2015-07-26,18.0,20.9,56,0.00,69,3.48,0.0,16.3,10.5,38
2015-07-27,17.6,22.2,53,0.00,69,4.41,0.0,13.7,8.6,31
2015-07-28,16.6,21.4,66,0.00,164,4.24,0.0,15.8,10.4,35
2015-07-29,17.6,20.8,69,1.90,143,3.64,3.0,15.3,11.6,45
2015-07-30,18.3,21.1,65,0.00,157,3.60,0.0,10.7,6.9,51
2015-07-31,17.5,20.5,68,0.00,126,3.40,0.0,14.3,8.7,45
2015-08-01,17.3,20.8,55,0.00,127,3.97,0.0,11.2,8.8,39
2015-08-02,17.7,21.5,54,0.00,152,4.37,0.0,11.6,9.1,34
2015-08-03,18.3,22.9,51,0.00,134,4.66,0.0,10.7,8.7,29
2015-08-04,19.1,23.9,51,0.00,132,4.73,0.0,11.7,8.4,30
2015-08-05,20.1,24.2,52,0.00,132,4.93,0.0,12.5,10.0,33
2015-08-06,20.0,23.7,54,0.00,146,4.99,0.0,20.1,14.6,36
2015-08-07,19.1,22.2,62,0.00,158,4.42,0.0,16.7,14.7,39
2015-08-08,19.0,22.9,69,0.30,146,3.39,2.0,11.0,6.2,49
2015-08-09,20.1,23.1,65,0.10,146,3.88,1.0,20.0,11.0,45
2015-08-10,20.2,23.2,63,2.40,151,4.25,7.0,21.3,17.5,45
2015-08-11,19.9,23.1,66,1.30,209,4.17,3.0,22.3,16.2,45
2015-08-12,16.7,20.2,77,1.80,295,2.39,6.0,23.5,18.3,60
2015-08-13,16.0,20.5,70,0.00,348,2.80,0.0,14.3,7.4,42
2015-08-14,15.8,20.7,67,0.40,44,2.35,4.0,18.1,15.9,42
2015-08-15,13.9,17.0,61,0.00,357,2.34,0.0,19.5,10.3,40
2015-08-16,15.6,19.8,56,0.00,252,3.16,0.0,12.9,6.9,35
2015-08-17,15.1,19.8,63,0.30,28,3.33,2.0,16.4,10.6,36
2015-08-18,15.0,17.4,59,0.00,182,3.15,0.0,25.3,10.6,36
2015-08-19,15.5,17.7,79,12.30,149,2.56,16.0,33.4,22.6,46
2015-08-20,12.5,16.6,93,10.20,351,0.76,22.0,28.5,21.4,78
2015-08-21,9.4,11.0,79,2.30,360,1.45,9.0,29.9,26.9,70
2015-08-22,8.1,10.8,78,2.10,341,1.48,9.0,25.9,22.8,62
2015-08-23,10.6,14.9,71,0.00,7,2.46,0.0,17.7,7.2,51
2015-08-24,12.8,16.1,74,3.20,82,2.15,10.0,17.3,13.5,52
2015-08-25,13.4,16.1,73,0.20,343,2.25,1.0,10.2,8.1,54
2015-08-26,13.3,17.0,71,0.00,266,2.69,0.0,15.2,8.4,45
2015-08-27,14.8,17.9,74,0.00,163,2.85,0.0,24.9,18.2,51
2015-08-28,14.7,17.9,71,0.20,240,2.48,2.0,17.2,14.3,63
2015-08-29,11.9,15.7,72,0.00,7,2.48,0.0,16.0,8.8,53
2015-08-30,14.2,16.0,75,0.90,115,2.01,4.0,30.9,23.3,54
2015-08-31,14.5,17.1,76,0.00,138,2.49,0.0,25.3,19.3,53
2015-09-01,13.3,16.9,68,0.00,178,2.77,0.0,18.3,13.0,49
2015-09-02,10.7,14.5,71,0.10,303,1.68,1.0,15.8,11.5,54
2015-09-03,10.3,13.6,86,4.30,42,0.95,12.0,16.3,13.6,69
2015-09-04,9.7,12.0,63,0.00,62,2.12,0.0,15.3,10.2,42
2015-09-05,9.9,13.5,72,0.30,129,1.97,2.0,19.1,15.1,45
2015-09-06,12.7,15.6,73,0.00,152,2.42,0.0,21.2,17.5,55
2015-09-07,12.5,15.4,74,0.30,187,1.77,1.0,17.6,13.4,56
2015-09-08,10.1,11.7,66,0.00,339,1.50,0.0,13.3,8.2,46
2015-09-09,10.4,12.7,67,0.10,158,1.60,1.0,14.4,7.4,47
2015-09-10,12.4,16.9,78,0.10,156,2.03,1.0,18.6,15.5,62
2015-09-11,14.2,18.0,72,0.00,200,1.78,0.0,21.6,14.7,59
2015-09-12,12.7,19.0,67,0.80,292,2.03,4.0,30.6,21.3,45
2015-09-13,7.2,10.8,71,0.00,28,1.43,0.0,14.8,12.3,51
2015-09-14,4.4,6.5,57,0.00,348,1.46,0.0,15.2,9.3,49
2015-09-15,8.0,11.7,67,0.00,166,1.77,0.0,26.2,17.3,47
2015-09-16,10.7,13.0,70,0.00,167,2.18,0.0,22.8,20.9,61
2015-09-17,10.4,12.9,73,0.00,156,1.89,0.0,20.4,18.2,62
2015-09-18,10.1,13.0,76,0.00,135,1.79,0.0,18.9,16.5,60
2015-09-19,9.7,12.7,85,14.60,125,0.81,11.0,28.0,21.1,63
2015-09-20,7.4,10.1,83,0.00,318,0.82,0.0,26.9,14.7,62
2015-09-21,4.4,6.2,61,0.00,1,1.68,0.0,25.6,18.4,51
2015-09-22,3.7,6.7,73,0.00,339,1.14,0.0,17.3,8.8,53
2015-09-23,6.0,10.6,72,0.00,112,1.38,0.0,21.1,11.3,47
2015-09-24,8.6,9.9,74,0.20,127,1.40,1.0,21.7,17.7,56
2015-09-25,8.1,9.0,87,4.40,165,0.78,8.0,26.4,17.6,70
2015-09-26,5.6,7.6,66,0.00,254,1.79,0.0,31.0,21.2,45
2015-09-27,2.9,6.4,66,0.10,306,1.49,1.0,32.8,27.8,53
2015-09-28,1.0,3.5,58,0.00,330,1.35,0.0,24.8,13.6,53
2015-09-29,5.0,8.3,76,0.10,143,1.22,1.0,22.0,19.3,58
2015-09-30,10.4,15.5,79,0.00,171,1.64,0.0,25.0,21.5,63
2015-10-01,9.6,14.5,70,0.00,323,1.37,0.0,18.9,15.6,53
2015-10-02,4.8,8.5,78,2.60,25,0.87,10.0,21.0,17.2,58
2015-10-03,2.6,5.3,72,0.00,146,0.84,0.0,17.4,10.7,58
2015-10-04,4.5,6.4,76,0.00,164,0.98,0.0,26.6,19.6,65
2015-10-05,4.1,6.3,82,0.60,330,0.69,3.0,24.2,15.7,65
2015-10-06,4.3,7.7,80,0.00,252,0.94,0.0,14.8,12.6,60
2015-10-07,3.9,6.5,82,0.00,282,0.72,0.0,20.0,13.3,64
2015-10-08,-0.8,1.3,59,0.00,2,0.90,0.0,18.1,8.7,51
2015-10-09,-0.7,2.3,64,0.00,92,0.95,0.0,19.8,15.4,49
2015-10-10,0.9,1.4,83,8.40,66,0.56,19.0,21.5,17.9,57
2015-10-11,-1.2,0.7,82,0.30,6,0.49,3.0,14.1,12.1,64
2015-10-12,-1.5,0.4,77,0.00,86,0.54,0.0,24.4,16.5,67
2015-10-13,0.9,2.6,89,2.00,113,0.40,12.0,20.9,13.0,77
2015-10-14,-0.9,1.7,86,0.00,19,0.37,0.0,12.7,9.5,70
2015-10-15,-1.1,0.6,83,0.00,283,0.41,0.0,11.6,7.0,66
2015-10-16,-1.0,3.9,91,0.00,165,0.42,0.0,11.4,9.3,75
2015-10-17,3.3,5.7,88,0.40,111,0.45,3.0,24.5,18.1,80
2015-10-18,2.5,4.5,91,1.20,335,0.31,4.0,19.5,12.7,76
2015-10-19,-0.8,0.8,73,0.00,99,0.70,0.0,23.7,19.3,67
2015-10-20,0.0,0.8,79,0.50,98,0.54,4.0,20.4,13.8,69
2015-10-21,-1.0,0.2,84,0.00,107,0.31,0.0,24.6,13.5,77
2015-10-22,0.9,2.7,91,5.80,182,0.30,15.0,29.8,21.9,85
2015-10-23,-2.8,-0.9,79,0.00,330,0.46,0.0,23.0,17.8,74
2015-10-24,-4.7,-3.5,76,0.00,75,0.41,0.0,17.5,13.7,69
2015-10-25,-4.7,-1.8,75,0.00,126,0.40,0.0,16.4,11.6,66
2015-10-26,-0.9,0.8,86,0.00,118,0.27,0.0,17.4,14.4,75
2015-10-27,-1.9,0.2,91,1.30,345,0.20,7.0,19.0,13.3,84
2015-10-28,-2.0,-0.5,87,0.00,136,0.28,0.0,23.8,14.3,82
2015-10-29,-0.4,0.8,88,0.90,125,0.31,3.0,23.2,18.5,85
2015-10-30,-0.6,0.4,94,0.10,89,0.17,1.0,7.6,4.7,89
2015-10-31,-3.8,-0.3,89,0.00,336,0.17,0.0,16.9,13.6,82
2015-11-01,-7.4,-6.6,84,0.00,327,0.17,0.0,14.0,10.3,75
2015-11-02,-9.9,-8.1,80,0.00,22,0.16,0.0,10.8,6.4,75
2015-11-03,-9.1,-6.7,80,0.00,6,0.16,0.0,11.6,8.1,78
2015-11-04,-7.6,-6.2,83,0.00,41,0.15,0.0,11.7,6.9,80
2015-11-05,-10.5,-7.1,84,0.00,16,0.13,0.0,12.8,9.6,82
2015-11-06,-8.1,-2.8,83,0.00,154,0.20,0.0,28.7,11.7,79
2015-11-07,-3.4,-0.2,89,2.30,211,0.21,4.0,32.4,20.4,84
2015-11-08,-9.4,-5.3,83,0.00,37,0.18,0.0,17.6,16.1,78
2015-11-09,-6.7,-1.5,82,0.00,143,0.29,0.0,29.7,20.7,80
2015-11-10,-0.6,-0.2,86,0.00,177,0.34,0.0,31.1,23.2,82
2015-11-11,-1.7,-0.1,88,0.90,178,0.19,7.0,29.9,21.0,81
2015-11-12,-5.6,-3.1,84,2.50,265,0.28,7.0,35.0,23.1,80
2015-11-13,-2.6,0.1,88,2.00,180,0.21,6.0,30.1,20.7,84
2015-11-14,-8.0,-6.7,86,0.00,305,0.11,0.0,17.6,12.7,81
2015-11-15,-12.1,-5.4,85,0.00,74,0.09,0.0,16.6,10.3,83
2015-11-16,-6.6,-5.7,86,0.00,79,0.14,0.0,18.1,15.4,85
2015-11-17,-14.7,-8.9,84,0.00,0,0.05,0.0,13.7,10.1,82
2015-11-18,-15.0,-12.5,82,0.00,312,0.12,0.0,18.2,15.1,80
2015-11-19,-16.0,-15.2,81,0.00,311,0.08,0.0,13.8,10.6,80
2015-11-20,-18.6,-11.0,81,0.00,227,0.08,0.0,23.7,11.5,78
2015-11-21,-8.3,-6.1,86,0.00,143,0.13,0.0,23.0,14.6,79
2015-11-22,-9.8,-6.5,86,0.00,19,0.07,0.0,14.1,11.9,83
2015-11-23,-16.4,-11.5,82,0.00,35,0.06,0.0,13.0,9.4,79
2015-11-24,-18.1,-16.0,82,0.00,317,0.04,0.0,10.5,7.4,79
2015-11-25,-14.3,-11.9,83,0.00,207,0.04,0.0,11.5,8.9,79
2015-11-26,-12.4,-7.5,87,0.00,162,0.03,0.0,15.5,8.8,80
2015-11-27,-8.3,-5.9,91,0.00,130,0.03,0.0,11.8,8.2,88
2015-11-28,-7.9,-6.3,89,0.00,89,0.05,0.0,18.4,11.8,84
2015-11-29,-9.6,-6.4,88,0.00,185,0.03,0.0,15.0,9.6,81
2015-11-30,-7.8,-4.5,89,0.00,185,0.03,0.0,15.3,9.8,85
2015-12-01,-10.2,-8.8,88,0.00,321,0.04,0.0,16.4,11.5,86
2015-12-02,-8.7,-6.9,88,0.00,84,0.07,0.0,17.9,13.5,86
2015-12-03,-12.4,-10.2,85,0.40,29,0.02,2.0,11.6,6.8,83
2015-12-04,-14.3,-13.3,82,0.00,48,0.09,0.0,19.8,13.9,80
2015-12-05,-12.6,-11.5,82,3.00,23,0.10,10.0,19.4,13.4,81
2015-12-06,-13.8,-11.4,84,0.00,95,0.04,0.0,15.9,10.0,80
2015-12-07,-9.5,-7.6,88,1.80,96,0.07,11.0,18.1,13.3,84
2015-12-08,-10.2,-7.8,88,0.00,307,0.02,0.0,12.1,8.5,84
2015-12-09,-14.0,-12.4,84,0.70,80,0.08,4.0,21.1,13.1,80
2015-12-10,-11.9,-10.8,85,0.50,111,0.13,5.0,22.1,20.8,81
2015-12-11,-12.4,-12.0,85,0.00,101,0.10,0.0,21.0,16.1,84
2015-12-12,-10.0,-7.1,86,0.60,105,0.09,5.0,20.7,16.6,85
2015-12-13,-6.1,-5.7,89,0.20,119,0.08,2.0,21.0,17.1,88
2015-12-14,-6.2,-5.4,93,0.00,180,0.03,0.0,14.1,8.9,91
2015-12-15,-8.7,-7.0,90,0.00,230,0.04,0.0,19.3,11.7,84
2015-12-16,-12.4,-10.5,81,0.00,320,0.19,0.0,24.8,23.1,77
2015-12-17,-20.6,-15.2,76,0.00,22,0.08,0.0,18.4,12.9,75
2015-12-18,-26.7,-24.7,78,0.00,91,0.04,0.0,16.9,12.4,75
2015-12-19,-22.3,-20.7,79,0.00,124,0.09,0.0,21.9,19.5,77
2015-12-20,-20.0,-18.7,81,0.00,129,0.09,0.0,21.0,18.2,80
2015-12-21,-16.8,-15.4,82,2.60,9,0.05,16.0,16.5,11.1,78
2015-12-22,-23.0,-18.5,77,0.10,343,0.06,1.0,15.5,11.3,75
2015-12-23,-28.8,-27.8,79,0.00,80,0.03,0.0,13.3,10.3,77
2015-12-24,-28.0,-25.9,76,0.00,91,0.05,0.0,14.4,12.6,73
2015-12-25,-28.4,-26.7,74,0.00,82,0.02,0.0,10.8,6.4,72
2015-12-26,-31.9,-28.4,74,0.00,30,0.02,0.0,10.9,7.3,70
2015-12-27,-31.1,-29.2,70,0.00,113,0.07,0.0,21.4,17.6,65
2015-12-28,-32.2,-29.8,73,0.00,108,0.04,0.0,16.6,12.0,69
2015-12-29,-23.9,-20.2,79,0.00,157,0.06,0.0,21.1,14.3,77
2015-12-30,-17.6,-15.3,83,0.20,290,0.04,2.0,14.9,10.8,77
2015-12-31,-9.8,-6.2,81,0.00,254,0.15,0.0,16.3,14.6,75
2016-01-01,-7.0,-4.6,82,0.00,267,0.14,0.0,18.7,13.7,78
2016-01-02,-7.8,-4.0,86,0.00,277,0.05,0.0,15.6,11.3,82
2016-01-03,-7.8,-4.6,82,0.00,174,0.18,0.0,24.0,18.2,74
2016-01-04,-5.4,-4.4,78,0.00,290,0.31,0.0,23.0,18.8,73
2016-01-05,-8.3,-4.7,84,0.00,1,0.07,0.0,18.8,11.0,80
2016-01-06,-20.8,-13.9,79,0.00,82,0.04,0.0,12.6,10.3,76
2016-01-07,-27.9,-26.7,77,0.00,88,0.02,0.0,9.0,7.3,75
2016-01-08,-28.6,-27.2,77,0.00,107,0.04,0.0,14.0,12.4,76
2016-01-09,-29.0,-27.7,78,0.00,114,0.04,0.0,14.2,12.0,76
2016-01-10,-24.8,-22.2,76,0.00,5,0.05,0.0,15.5,8.6,74
2016-01-11,-23.2,-21.3,79,0.00,313,0.06,0.0,18.1,13.4,77
2016-01-12,-26.8,-24.3,76,0.00,88,0.04,0.0,16.3,9.4,72
2016-01-13,-22.7,-21.7,74,0.00,91,0.12,0.0,20.6,19.3,72
2016-01-14,-25.3,-22.6,75,0.00,54,0.06,0.0,18.5,10.2,74
2016-01-15,-24.5,-22.6,75,0.00,99,0.08,0.0,18.4,15.3,71
2016-01-16,-29.3,-27.2,73,0.00,98,0.05,0.0,15.3,11.8,72
2016-01-17,-29.4,-25.7,74,0.00,109,0.05,0.0,16.3,11.9,73
2016-01-18,-21.8,-19.5,74,0.00,113,0.09,0.0,18.1,11.4,69
2016-01-19,-23.1,-20.5,76,0.00,319,0.07,0.0,13.4,11.1,72
2016-01-20,-25.4,-23.7,74,0.00,351,0.04,0.0,12.2,6.1,70
2016-01-21,-26.4,-24.5,78,0.00,94,0.03,0.0,11.0,7.1,75
2016-01-22,-21.0,-19.4,77,0.80,61,0.09,5.0,14.1,12.0,75
2016-01-23,-18.2,-16.3,81,0.00,106,0.05,0.0,9.6,7.9,77
2016-01-24,-15.4,-14.7,85,0.10,23,0.05,1.0,8.3,7.0,82
2016-01-25,-17.3,-15.7,84,0.00,111,0.07,0.0,15.7,10.5,82
2016-01-26,-16.5,-14.8,82,0.30,84,0.08,2.0,19.5,12.3,80
2016-01-27,-15.7,-13.7,79,3.00,69,0.11,10.0,19.8,12.0,74
2016-01-28,-13.4,-9.1,85,0.00,112,0.14,0.0,20.7,16.9,78
2016-01-29,-10.4,-8.7,88,0.00,306,0.08,0.0,12.1,8.7,80
2016-01-30,-15.4,-13.1,81,0.00,340,0.11,0.0,13.0,11.6,73
2016-01-31,-21.2,-17.7,73,0.00,55,0.13,0.0,15.9,12.9,69
2016-02-01,-28.6,-25.5,75,0.00,87,0.05,0.0,8.8,7.1,72
2016-02-02,-29.0,-26.8,75,0.00,44,0.04,0.0,7.8,5.9,73
2016-02-03,-29.0,-27.6,76,0.00,317,0.04,0.0,8.2,7.2,73
2016-02-04,-31.6,-29.8,72,0.00,63,0.04,0.0,9.6,6.3,68
2016-02-05,-27.3,-20.1,74,1.40,115,0.11,5.0,24.3,19.1,71
2016-02-06,-17.5,-16.2,81,1.50,55,0.12,6.0,21.7,13.8,75
2016-02-07,-23.2,-19.8,75,0.00,310,0.13,0.0,20.4,14.8,70
2016-02-08,-27.1,-23.2,75,0.00,81,0.07,0.0,12.7,8.4,70
2016-02-09,-24.0,-20.8,75,0.00,75,0.12,0.0,14.8,13.7,71
2016-02-10,-26.3,-21.8,73,0.00,64,0.09,0.0,14.5,10.4,68
2016-02-11,-30.2,-27.5,72,0.00,74,0.08,0.0,14.5,11.2,66
2016-02-12,-25.8,-21.0,70,0.00,126,0.16,0.0,25.0,20.9,69
2016-02-13,-16.6,-12.7,80,0.00,119,0.15,0.0,21.4,11.8,71
2016-02-14,-16.9,-12.8,81,0.30,35,0.12,3.0,11.7,9.1,70
2016-02-15,-22.9,-19.7,73,0.00,86,0.15,0.0,16.5,14.0,70
2016-02-16,-23.3,-20.5,75,0.10,97,0.12,1.0,13.4,10.1,72
2016-02-17,-23.0,-20.5,76,0.00,324,0.13,0.0,16.5,11.8,69
2016-02-18,-25.7,-21.2,75,0.00,57,0.09,0.0,13.9,8.7,73
2016-02-19,-24.0,-21.2,74,0.00,335,0.15,0.0,15.2,11.6,70
2016-02-20,-27.4,-23.7,74,0.00,321,0.11,0.0,10.6,6.7,69
2016-02-21,-25.9,-20.0,76,0.00,108,0.15,0.0,15.7,12.6,70
2016-02-22,-20.3,-15.1,77,0.00,107,0.20,0.0,12.8,10.2,74
2016-02-23,-19.5,-13.3,79,0.00,308,0.18,0.0,15.9,8.1,74
2016-02-24,-18.1,-12.6,81,0.00,115,0.21,0.0,15.4,9.1,76
2016-02-25,-13.0,-10.4,87,0.00,100,0.23,0.0,16.3,11.2,83
2016-02-26,-15.8,-10.7,78,0.00,48,0.20,0.0,21.4,13.5,64
2016-02-27,-26.8,-22.6,69,0.00,70,0.17,0.0,16.6,9.1,60
2016-02-28,-29.3,-25.2,67,0.00,56,0.14,0.0,15.3,10.2,61
2016-02-29,-28.6,-23.9,68,0.00,126,0.16,0.0,15.0,12.6,62
2016-03-01,-26.2,-18.7,66,0.00,87,0.23,0.0,12.7,10.6,53
2016-03-02,-24.2,-18.2,63,0.00,79,0.27,0.0,12.1,9.1,51
2016-03-03,-23.2,-18.8,69,0.00,75,0.24,0.0,11.4,9.2,63
2016-03-04,-25.0,-19.5,74,0.00,85,0.19,0.0,9.8,7.9,68
2016-03-05,-22.4,-17.6,72,0.00,42,0.26,0.0,13.3,10.2,63
2016-03-06,-22.4,-17.3,74,0.00,68,0.25,0.0,9.9,7.6,64
2016-03-07,-20.0,-15.5,71,0.00,74,0.26,0.0,18.3,14.0,65
2016-03-08,-16.1,-13.1,77,1.30,77,0.35,12.0,16.9,12.7,72
2016-03-09,-16.8,-13.3,80,0.00,89,0.27,0.0,12.1,9.9,74
2016-03-10,-12.6,-7.7,81,0.00,95,0.40,0.0,15.9,13.9,78
2016-03-11,-8.4,-6.6,85,0.00,57,0.33,0.0,13.7,10.5,81
2016-03-12,-6.6,-2.7,89,0.00,129,0.43,0.0,14.1,11.1,83
2016-03-13,-6.7,-2.9,90,0.00,44,0.39,0.0,15.5,11.5,82
2016-03-14,-10.9,-7.6,82,0.00,86,0.38,0.0,16.3,12.7,79
2016-03-15,-10.1,-7.0,82,0.00,109,0.58,0.0,12.3,10.0,72
2016-03-16,-11.9,-6.6,81,0.00,25,0.49,0.0,14.5,7.4,75
2016-03-17,-9.4,-7.1,82,0.00,331,0.42,0.0,17.6,16.1,76
2016-03-18,-11.4,-7.8,81,0.00,323,0.47,0.0,15.8,12.4,71
2016-03-19,-15.9,-11.2,75,0.00,74,0.44,0.0,14.3,12.5,69
2016-03-20,-15.4,-12.4,71,0.00,81,0.46,0.0,18.2,17.3,66
2016-03-21,-15.9,-10.6,64,0.00,81,0.57,0.0,19.0,14.0,53
2016-03-22,-14.6,-9.5,65,0.00,69,0.65,0.0,12.1,9.1,49
2016-03-23,-17.8,-9.8,71,0.00,61,0.55,0.0,7.6,5.6,53
2016-03-24,-19.0,-13.1,71,0.00,120,0.50,0.0,10.6,8.1,59
2016-03-25,-14.8,-8.9,69,0.00,111,0.64,0.0,14.9,12.6,63
2016-03-26,-12.9,-5.8,76,0.00,115,0.68,0.0,13.5,9.6,64
2016-03-27,-6.2,-1.2,82,0.00,130,0.91,0.0,17.5,14.9,75
2016-03-28,-2.4,3.0,84,0.70,150,1.06,3.0,11.2,7.6,75
2016-03-29,-2.0,2.8,86,0.00,340,0.88,0.0,11.2,7.6,79
2016-03-30,-2.0,0.6,87,1.30,348,0.59,7.0,28.7,16.3,69
2016-03-31,-9.9,-6.1,76,0.60,99,0.52,4.0,18.1,12.5,68
2016-04-01,-11.0,-8.9,76,0.00,355,0.64,0.0,23.2,13.2,65
2016-04-02,-15.1,-11.7,73,0.00,79,0.41,0.0,21.9,16.4,67
2016-04-03,-18.9,-14.6,71,0.00,90,0.56,0.0,21.6,12.5,67
2016-04-04,-14.6,-9.7,77,0.00,86,0.63,0.0,15.1,8.4,68
2016-04-05,-15.5,-11.3,70,0.00,80,0.64,0.0,19.2,16.5,63
2016-04-06,-15.8,-12.6,70,0.00,65,0.70,0.0,20.6,17.2,65
2016-04-07,-17.3,-11.4,72,0.00,88,0.74,0.0,12.7,10.2,60
2016-04-08,-14.1,-9.6,72,1.50,106,0.54,5.0,25.6,19.2,63
2016-04-09,-11.2,-9.6,73,5.40,55,0.80,11.0,26.6,20.7,64
2016-04-10,-17.1,-11.8,72,0.00,78,0.68,0.0,15.2,10.7,63
2016-04-11,-14.7,-8.9,71,0.00,89,0.82,0.0,16.2,13.8,63
2016-04-12,-12.7,-8.6,73,0.00,70,0.93,0.0,15.0,12.9,65
2016-04-13,-10.7,-7.4,78,2.10,68,0.64,8.0,15.8,13.9,68
2016-04-14,-8.7,-6.2,81,0.80,11,0.94,4.0,14.5,12.1,70
2016-04-15,-8.2,-6.3,77,0.00,88,0.91,0.0,12.6,8.3,65
2016-04-16,-6.9,-0.1,76,0.00,92,1.32,0.0,20.9,16.2,66
2016-04-17,-2.9,5.0,79,0.00,95,1.78,0.0,10.1,7.7,65
2016-04-18,2.8,6.4,79,0.00,112,1.69,0.0,17.9,14.0,70
2016-04-19,2.8,6.2,83,4.00,228,0.87,13.0,36.5,28.8,72
2016-04-20,-10.0,-3.3,68,0.00,10,1.31,0.0,37.4,15.1,54
2016-04-21,-10.1,-4.9,68,0.00,43,1.34,0.0,11.2,5.8,53
2016-04-22,-9.2,-3.9,72,0.00,89,1.43,0.0,9.2,7.1,54
2016-04-23,-7.5,-2.3,68,0.00,93,1.33,0.0,18.1,15.8,54
2016-04-24,-3.5,0.9,67,0.00,93,1.44,0.0,20.9,18.4,59
2016-04-25,-0.7,3.9,76,0.00,79,1.82,0.0,16.3,12.2,67
2016-04-26,-0.3,3.3,83,0.00,74,1.21,0.0,14.0,11.3,73
2016-04-27,-1.1,2.9,81,0.00,77,1.20,0.0,16.5,14.0,75
2016-04-28,3.1,9.4,85,0.00,123,1.89,0.0,20.2,15.2,63
2016-04-29,7.0,14.4,72,0.00,116,2.85,0.0,21.1,18.3,50
2016-04-30,7.1,14.1,71,0.00,128,2.33,0.0,19.7,13.9,52
2016-05-01,6.6,15.1,60,0.00,198,3.07,0.0,16.8,14.2,38
2016-05-02,8.6,15.2,62,0.00,131,3.33,0.0,15.5,10.2,38
2016-05-03,10.2,14.8,56,0.00,125,3.94,0.0,24.3,20.6,41
2016-05-04,10.9,15.9,73,0.00,128,2.61,0.0,20.7,13.1,55
2016-05-05,8.1,14.6,69,0.00,266,2.69,0.0,25.2,21.6,53
2016-05-06,5.5,10.1,62,0.00,288,2.99,0.0,20.7,10.2,48
2016-05-07,7.3,12.3,61,3.00,122,3.22,6.0,31.6,20.7,49
2016-05-08,7.7,12.3,69,0.00,6,2.40,0.0,28.8,14.6,53
2016-05-09,3.8,8.1,69,0.00,341,1.92,0.0,31.5,28.2,58
2016-05-10,2.3,6.7,62,0.00,352,2.44,0.0,24.6,10.7,46
2016-05-11,3.1,8.6,64,0.00,145,2.81,0.0,8.9,5.9,45
2016-05-12,5.7,12.0,57,0.00,235,3.11,0.0,11.4,7.1,39
2016-05-13,6.6,11.9,59,0.00,116,3.11,0.0,12.8,9.3,35
2016-05-14,8.0,15.7,44,0.00,198,3.84,0.0,11.8,7.9,30
2016-05-15,12.1,17.5,48,0.00,189,4.33,0.0,15.1,9.2,32
2016-05-16,9.2,17.1,61,1.10,32,3.33,6.0,23.7,15.8,34
2016-05-17,7.9,13.5,58,0.20,69,3.60,1.0,16.6,12.9,41
2016-05-18,5.9,13.2,71,2.00,52,1.89,9.0,22.7,18.1,47
2016-05-19,1.6,5.6,59,0.00,37,2.11,0.0,19.1,13.7,48
2016-05-20,4.5,8.7,61,0.00,86,2.53,0.0,8.7,6.4,47
2016-05-21,5.9,11.5,59,0.00,185,3.38,0.0,12.1,6.6,39
2016-05-22,7.1,14.5,70,0.00,171,3.21,0.0,18.7,13.8,41
2016-05-23,6.5,14.4,59,0.00,79,2.58,0.0,24.9,18.3,43
2016-05-24,5.1,10.8,77,3.50,70,1.95,8.0,18.6,15.4,55
2016-05-25,8.0,11.9,58,0.00,59,3.48,0.0,14.2,9.3,38
2016-05-26,7.6,12.4,51,0.00,122,3.94,0.0,20.0,14.4,26
2016-05-27,9.9,13.8,49,0.00,95,3.31,0.0,16.4,10.0,30
2016-05-28,9.7,13.2,69,4.80,47,1.61,12.0,24.4,13.0,44
2016-05-29,8.3,15.0,83,12.90,62,2.46,18.0,27.7,23.6,53
2016-05-30,8.6,14.6,73,0.30,78,2.60,1.0,24.9,18.0,55
2016-05-31,6.2,7.8,89,0.90,203,1.13,5.0,11.7,8.4,75
2016-06-01,7.9,12.7,72,0.00,161,2.96,0.0,8.6,6.3,51
2016-06-02,11.2,16.8,60,0.00,127,4.28,0.0,13.0,9.5,40
2016-06-03,13.8,18.5,57,0.00,124,4.60,0.0,15.1,12.8,41
2016-06-04,14.0,18.7,65,0.40,128,3.71,2.0,15.0,11.8,40
2016-06-05,11.9,14.9,73,0.00,146,3.34,0.0,14.8,8.7,59
2016-06-06,13.2,18.9,70,0.00,136,3.48,0.0,26.2,20.7,46
2016-06-07,13.3,18.9,81,12.00,156,2.44,12.0,22.5,14.6,46
2016-06-08,10.5,13.3,70,0.00,272,2.69,0.0,22.7,15.5,55
2016-06-09,11.9,16.8,63,0.20,271,4.01,1.0,16.3,9.2,44
2016-06-10,12.8,16.7,62,0.00,74,4.29,0.0,19.3,10.3,44
2016-06-11,13.9,20.8,55,0.00,162,5.17,0.0,20.5,17.6,35
2016-06-12,14.8,20.8,62,1.70,116,3.42,8.0,20.8,11.8,35
2016-06-13,11.6,14.6,77,0.50,17,1.83,3.0,21.1,16.3,65
2016-06-14,11.6,14.2,82,1.60,4,1.69,9.0,14.4,8.7,61
2016-06-15,13.5,18.3,69,0.30,28,2.87,1.0,34.4,15.3,48
2016-06-16,13.8,18.7,77,10.40,17,3.51,7.0,31.4,15.4,48
2016-06-17,9.9,13.8,68,1.60,338,3.14,1.0,27.2,23.8,50
2016-06-18,8.1,12.9,55,1.20,315,3.45,2.0,24.1,20.9,32
2016-06-19,11.3,17.7,46,0.00,327,5.06,0.0,22.8,17.8,26
2016-06-20,14.8,19.3,44,0.00,178,5.30,0.0,22.0,13.4,26
2016-06-21,17.6,24.0,54,0.00,152,5.84,0.0,19.8,16.8,31
2016-06-22,19.3,24.1,63,0.00,351,5.01,0.0,21.2,16.5,42
2016-06-23,15.4,19.3,66,0.30,35,3.21,2.0,20.3,15.3,42
2016-06-24,15.3,18.9,57,0.00,89,3.64,0.0,17.8,14.3,43
2016-06-25,15.8,18.8,67,0.30,123,3.17,2.0,12.5,10.0,56
2016-06-26,17.6,22.3,65,0.00,210,4.21,0.0,11.4,6.3,43
2016-06-27,19.6,23.0,49,0.00,330,4.93,0.0,12.7,7.0,31
2016-06-28,19.4,22.7,51,0.00,213,5.08,0.0,16.1,8.4,31
2016-06-29,18.8,23.7,46,0.00,170,5.77,0.0,15.9,11.2,28
2016-06-30,21.1,26.1,43,0.00,142,6.06,0.0,15.5,10.3,28
2016-07-01,23.3,27.2,37,0.00,134,7.53,0.0,19.5,16.3,27
2016-07-02,22.8,27.2,44,0.00,147,7.02,0.0,21.6,18.6,30
2016-07-03,21.9,25.7,52,0.20,140,5.75,1.0,19.4,13.7,36
2016-07-04,22.8,27.9,54,0.10,124,5.55,1.0,18.5,9.7,27
2016-07-05,23.0,27.6,42,0.00,113,6.30,0.0,16.4,12.9,27
2016-07-06,19.0,24.5,42,0.00,109,6.01,0.0,20.1,17.6,25
2016-07-07,16.4,20.6,54,0.00,111,4.23,0.0,19.2,15.5,36
2016-07-08,15.6,18.7,55,0.30,112,3.38,3.0,15.7,13.6,45
2016-07-09,16.7,18.5,60,0.40,132,3.29,3.0,12.4,9.5,51
2016-07-10,16.7,20.2,64,1.50,130,3.28,5.0,13.6,9.0,46
2016-07-11,18.5,22.7,62,0.20,68,4.42,1.0,10.7,7.3,45
2016-07-12,20.0,24.4,53,0.50,47,4.89,1.0,17.4,12.1,37
2016-07-13,21.1,25.3,46,0.20,41,5.42,1.0,13.0,10.3,23
2016-07-14,22.5,27.2,46,0.00,253,5.74,0.0,16.1,12.0,24
2016-07-15,23.7,27.2,46,0.00,297,5.94,0.0,22.6,14.3,28
2016-07-16,22.4,27.1,43,0.00,334,6.29,0.0,27.3,22.3,29
2016-07-17,19.9,23.2,52,0.00,104,4.77,0.0,18.5,9.5,36
2016-07-18,20.5,24.0,64,2.40,258,4.42,7.0,18.9,13.1,40
2016-07-19,19.0,23.8,65,5.50,321,3.67,11.0,19.1,10.8,39
2016-07-20,17.1,20.5,56,0.00,342,3.84,0.0,16.6,9.2,44
2016-07-21,12.2,18.4,54,0.90,336,3.72,4.0,27.0,20.2,36
2016-07-22,14.0,17.1,50,0.00,247,3.89,0.0,24.1,15.1,38
2016-07-23,15.0,18.1,54,0.00,298,4.28,0.0,14.9,10.5,32
2016-07-24,14.8,18.2,49,0.00,45,3.13,0.0,15.6,11.5,31
2016-07-25,15.8,18.9,50,0.00,277,3.77,0.0,19.4,9.1,30
2016-07-26,18.0,22.8,60,0.00,182,4.59,0.0,19.8,17.3,40
2016-07-27,15.7,20.4,58,0.00,324,4.43,0.0,21.4,11.7,38
2016-07-28,17.6,22.5,53,0.00,159,4.96,0.0,17.7,13.0,37
2016-07-29,19.7,23.0,64,0.60,145,4.13,2.0,17.0,13.3,44
2016-07-30,20.4,24.0,67,0.20,186,3.79,1.0,12.7,6.7,40
2016-07-31,18.9,23.5,77,5.60,321,3.18,16.0,14.3,8.1,52
2016-08-01,19.6,23.6,71,2.00,356,4.12,2.0,23.0,15.1,41
2016-08-02,18.4,23.3,61,0.00,19,3.73,0.0,21.6,10.2,41
2016-08-03,18.6,20.9,66,0.00,187,3.09,0.0,10.5,7.8,48
2016-08-04,19.8,23.9,60,0.00,141,3.76,0.0,8.7,6.7,35
2016-08-05,19.5,23.3,65,1.90,234,3.74,3.0,19.9,10.1,39
2016-08-06,12.4,18.6,60,0.40,17,3.56,2.0,22.2,14.5,41
2016-08-07,14.4,17.8,57,0.00,166,3.17,0.0,8.3,5.4,41
2016-08-08,14.9,18.7,60,0.00,110,3.80,0.0,16.3,12.2,40
2016-08-09,14.8,19.1,61,0.00,120,4.26,0.0,22.5,18.8,40
2016-08-10,17.3,21.7,57,0.20,124,4.14,2.0,21.9,18.6,41
2016-08-11,18.0,22.1,81,5.20,207,2.86,6.0,15.4,12.0,48
2016-08-12,16.3,20.9,73,0.40,297,2.14,3.0,15.0,12.7,58
2016-08-13,16.1,19.3,71,0.00,309,2.42,0.0,14.0,9.5,51
2016-08-14,17.3,21.2,67,0.00,229,3.34,0.0,11.3,7.1,48
2016-08-15,19.4,24.1,68,0.00,153,3.91,0.0,16.6,13.3,48
2016-08-16,20.8,24.3,60,0.00,234,3.40,0.0,14.8,8.8,36
2016-08-17,18.4,23.6,67,0.40,330,3.31,3.0,28.4,21.7,37
2016-08-18,15.4,18.6,61,0.00,340,3.26,0.0,23.5,11.5,42
2016-08-19,17.2,19.1,66,0.00,169,3.43,0.0,20.9,17.4,44
2016-08-20,17.2,21.0,70,0.00,118,3.19,0.0,16.9,12.4,47
2016-08-21,17.9,22.2,57,0.00,77,3.65,0.0,13.7,10.2,36
2016-08-22,18.4,22.6,55,0.00,107,3.42,0.0,9.8,6.6,35
2016-08-23,19.0,22.9,63,0.00,190,3.82,0.0,19.2,12.1,40
2016-08-24,19.5,23.2,66,0.60,266,3.55,2.0,22.0,12.1,42
2016-08-25,16.2,21.2,63,1.90,326,2.98,7.0,20.9,11.0,43
2016-08-26,15.8,18.0,74,1.30,1,2.23,3.0,13.5,8.4,52
2016-08-27,12.4,16.4,62,0.90,46,2.15,4.0,16.8,14.2,57
2016-08-28,10.0,12.8,64,0.20,18,2.26,2.0,17.9,12.9,47
2016-08-29,10.0,12.5,68,0.00,16,1.58,0.0,14.8,11.4,49
2016-08-30,10.9,13.4,71,0.10,11,1.49,1.0,13.8,9.8,51
2016-08-31,12.3,16.3,63,0.00,66,2.19,0.0,11.2,7.5,36
2016-09-01,12.8,16.0,64,0.00,64,2.30,0.0,25.3,18.9,38
2016-09-02,12.1,15.0,73,0.90,52,1.73,5.0,26.3,23.1,54
2016-09-03,10.2,12.9,68,0.00,0,2.38,0.0,27.8,23.7,34
2016-09-04,10.1,13.0,57,0.40,309,2.50,3.0,25.4,18.9,33
2016-09-05,11.3,15.9,69,0.00,194,2.25,0.0,18.1,10.7,51
2016-09-06,12.9,15.4,72,0.00,171,2.50,0.0,21.5,16.6,56
2016-09-07,13.7,17.1,75,0.00,158,2.30,0.0,17.4,13.1,58
2016-09-08,12.0,16.4,81,0.70,322,1.58,3.0,28.4,15.5,59
2016-09-09,6.1,9.6,57,0.00,326,2.07,0.0,26.7,14.7,42
2016-09-10,6.9,9.5,60,1.40,72,1.89,7.0,21.9,17.0,42
2016-09-11,7.3,11.5,50,0.00,344,2.41,0.0,18.2,12.2,35
2016-09-12,9.6,12.6,64,0.00,211,2.31,0.0,27.4,16.4,39
2016-09-13,10.7,12.8,81,1.70,148,0.98,10.0,23.9,10.4,61
2016-09-14,5.3,10.3,87,13.80,67,0.52,11.0,27.3,19.7,77
2016-09-15,3.6,7.9,85,1.70,100,0.72,6.0,20.7,13.1,74
2016-09-16,7.6,11.3,89,1.50,113,0.98,4.0,17.4,13.0,71
2016-09-17,11.1,15.4,88,0.80,135,1.45,4.0,20.0,14.6,70
2016-09-18,10.7,14.7,82,0.00,345,1.03,0.0,19.2,16.0,67
2016-09-19,8.4,9.9,75,0.00,360,1.32,0.0,18.5,14.5,62
2016-09-20,6.6,8.6,74,1.00,340,1.37,4.0,15.7,11.2,47
2016-09-21,6.2,9.9,70,0.00,150,1.33,0.0,21.2,12.3,47
2016-09-22,10.5,14.6,80,0.00,156,1.73,0.0,23.9,20.1,62
2016-09-23,12.7,14.8,70,0.00,162,2.38,0.0,27.2,25.3,64
2016-09-24,12.1,14.4,80,0.00,165,1.66,0.0,28.0,20.1,65
2016-09-25,9.3,12.6,76,1.50,307,1.62,6.0,22.2,16.7,51
2016-09-26,8.9,12.0,75,1.10,133,1.15,4.0,26.9,19.0,54
2016-09-27,8.1,8.7,91,13.50,155,0.61,19.0,27.7,22.5,77
2016-09-28,4.4,5.9,75,4.50,287,1.32,9.0,45.0,33.5,48
2016-09-29,5.1,8.9,68,0.00,258,1.43,0.0,19.0,13.5,48
2016-09-30,3.7,8.1,70,0.00,322,0.99,0.0,17.3,12.7,49
2016-10-01,2.5,4.4,71,0.00,257,0.89,0.0,15.7,7.8,52
2016-10-02,2.4,4.1,72,1.60,78,0.89,7.0,21.9,18.3,56
2016-10-03,0.7,2.4,78,1.30,355,0.66,10.0,19.1,12.9,60
2016-10-04,0.3,2.1,77,0.00,353,0.58,0.0,11.6,8.4,59
2016-10-05,0.8,2.8,68,0.00,97,0.70,0.0,10.9,7.5,58
2016-10-06,1.5,2.8,77,0.00,138,0.59,0.0,9.7,7.7,61
2016-10-07,1.7,2.8,83,0.00,229,0.39,0.0,8.0,5.5,72
2016-10-08,1.4,2.3,87,1.20,117,0.34,9.0,5.4,4.0,77
2016-10-09,1.4,3.0,83,1.00,107,0.46,7.0,9.9,7.8,62
2016-10-10,0.8,2.5,81,0.00,350,0.43,0.0,13.3,7.0,68
2016-10-11,-0.8,0.4,67,0.00,326,0.77,0.0,16.9,12.7,57
2016-10-12,-2.7,-0.5,58,0.00,349,0.89,0.0,16.3,13.3,48
2016-10-13,-3.5,-3.1,53,0.00,352,0.73,0.0,14.5,9.0,45
2016-10-14,-4.0,-2.2,57,0.00,75,0.78,0.0,15.5,11.3,45
2016-10-15,-4.1,-1.7,59,0.00,92,0.80,0.0,15.1,12.8,45
2016-10-16,-2.4,0.1,68,0.20,90,0.73,2.0,17.7,15.7,49
2016-10-17,-2.1,-0.7,75,0.00,57,0.62,0.0,20.2,19.0,69
2016-10-18,-1.1,1.7,77,0.00,61,0.50,0.0,15.9,8.8,65
2016-10-19,0.7,2.5,83,0.00,199,0.41,0.0,16.3,10.2,76
2016-10-20,1.2,2.6,89,0.00,151,0.29,0.0,16.6,12.4,83
2016-10-21,0.7,2.4,88,0.20,35,0.33,2.0,12.1,10.1,73
2016-10-22,-0.8,1.1,81,0.00,72,0.36,0.0,12.8,10.6,68
2016-10-23,-2.0,0.0,79,0.00,8,0.35,0.0,9.8,8.0,69
2016-10-24,-1.8,1.0,84,0.00,56,0.29,0.0,8.6,6.7,72
2016-10-25,0.3,2.0,90,0.70,103,0.21,4.0,14.7,12.3,80
2016-10-26,0.2,2.1,94,0.00,73,0.22,0.0,9.4,7.3,86
2016-10-27,0.6,1.6,90,0.00,90,0.24,0.0,10.6,8.7,78
2016-10-28,-0.0,2.3,88,0.00,184,0.22,0.0,15.8,8.6,85
2016-10-29,-1.0,0.8,88,0.00,20,0.28,0.0,22.0,13.4,66
2016-10-30,-5.1,-4.1,70,1.30,89,0.58,7.0,22.3,19.4,61
2016-10-31,-6.7,-4.8,79,1.90,59,0.39,11.0,27.7,23.1,75
2016-11-01,-11.9,-9.1,75,0.00,43,0.25,0.0,22.9,12.9,64
2016-11-02,-6.3,-2.6,78,0.00,178,0.37,0.0,26.8,17.4,70
2016-11-03,-5.1,-0.3,89,4.10,183,0.13,6.0,14.8,9.5,82
2016-11-04,-3.4,-0.6,94,0.30,334,0.11,1.0,10.5,5.8,92
2016-11-05,-0.1,1.6,95,0.20,90,0.14,1.0,21.6,12.2,94
2016-11-06,-1.3,0.2,95,0.00,289,0.12,0.0,10.6,7.3,88
2016-11-07,-2.4,-0.4,92,0.00,77,0.11,0.0,7.0,5.1,91
2016-11-08,1.3,3.0,92,0.00,146,0.19,0.0,26.2,19.6,89
2016-11-09,-2.4,0.8,92,0.00,273,0.10,0.0,16.5,10.8,89
2016-11-10,-0.8,1.0,93,0.00,147,0.12,0.0,21.8,10.7,92
2016-11-11,1.9,2.8,87,0.00,187,0.30,0.0,26.7,21.4,79
2016-11-12,-0.9,1.7,84,0.00,275,0.23,0.0,20.6,13.6,81
2016-11-13,-4.3,-0.7,88,0.00,101,0.10,0.0,15.2,10.9,84
2016-11-14,-2.0,-1.1,95,0.00,101,0.07,0.0,13.2,11.3,95
2016-11-15,-2.8,-1.2,93,0.80,327,0.10,8.0,13.5,8.7,85
2016-11-16,-6.6,-4.7,85,0.00,337,0.14,0.0,19.4,15.8,76
2016-11-17,-14.2,-8.6,80,0.00,338,0.13,0.0,16.2,14.8,75
2016-11-18,-21.7,-18.8,78,0.00,336,0.06,0.0,12.9,9.3,75
2016-11-19,-16.8,-14.7,83,0.00,281,0.04,0.0,10.5,7.1,81
2016-11-20,-10.5,-7.7,83,0.30,108,0.15,3.0,17.9,15.0,81
2016-11-21,-7.5,-6.9,88,2.10,104,0.10,15.0,18.3,12.9,86
2016-11-22,-11.5,-8.3,86,0.00,279,0.06,0.0,15.1,11.4,83
2016-11-23,-8.6,-4.7,86,1.00,132,0.14,6.0,24.8,15.4,82
2016-11-24,-11.1,-8.5,87,0.00,353,0.05,0.0,8.7,7.1,84
2016-11-25,-6.6,-1.1,91,1.00,97,0.07,9.0,17.1,11.6,86
2016-11-26,-3.1,-1.5,94,0.10,352,0.05,1.0,12.2,9.7,92
2016-11-27,-5.8,-4.6,92,0.00,199,0.05,0.0,17.1,10.4,88
2016-11-28,-5.7,-5.4,91,0.00,129,0.05,0.0,17.4,11.8,86
2016-11-29,-6.4,-4.6,89,0.00,139,0.06,0.0,18.5,7.8,88
2016-11-30,-4.0,-2.3,89,0.00,145,0.16,0.0,26.5,24.1,85
2016-12-01,-4.5,-1.9,87,0.50,215,0.14,3.0,24.3,17.5,83
2016-12-02,-11.1,-4.6,87,0.00,127,0.06,0.0,24.2,13.1,82
2016-12-03,-3.0,-2.0,92,2.50,145,0.07,9.0,21.2,13.5,89
2016-12-04,-10.9,-5.4,83,3.20,330,0.18,19.0,28.7,24.5,78
2016-12-05,-13.4,-12.0,78,0.60,338,0.24,6.0,27.8,26.3,76
2016-12-06,-19.1,-15.2,73,0.00,11,0.15,0.0,22.7,17.7,71
2016-12-07,-23.8,-22.5,73,0.00,36,0.08,0.0,14.8,12.5,72
2016-12-08,-24.8,-23.6,75,0.00,55,0.04,0.0,9.7,8.7,74
2016-12-09,-26.6,-24.8,76,0.00,14,0.02,0.0,10.2,7.0,75
2016-12-10,-27.7,-26.2,75,0.00,274,0.05,0.0,16.4,12.8,73
2016-12-11,-23.5,-21.5,77,0.00,312,0.08,0.0,20.7,17.7,76
2016-12-12,-25.4,-17.7,75,0.00,328,0.07,0.0,20.6,14.0,73
2016-12-13,-21.9,-17.7,75,0.00,332,0.10,0.0,21.2,15.7,73
2016-12-14,-23.2,-20.3,79,0.00,308,0.06,0.0,21.3,13.8,75
2016-12-15,-24.8,-21.4,74,0.00,322,0.10,0.0,22.4,19.0,71
2016-12-16,-32.9,-28.4,73,0.00,335,0.03,0.0,12.5,9.3,69
2016-12-17,-34.7,-28.9,71,0.00,86,0.02,0.0,13.9,8.0,69
2016-12-18,-28.7,-27.4,74,0.00,100,0.05,0.0,14.7,13.4,73
2016-12-19,-28.7,-26.4,73,0.00,94,0.07,0.0,21.3,17.3,71
2016-12-20,-25.1,-23.9,75,0.00,95,0.07,0.0,17.6,15.1,72
2016-12-21,-23.5,-20.9,77,0.00,93,0.08,0.0,18.1,15.2,76
2016-12-22,-24.3,-21.4,75,0.00,62,0.07,0.0,13.8,12.8,73
2016-12-23,-30.7,-28.7,74,0.00,102,0.04,0.0,12.7,11.7,71
2016-12-24,-29.6,-23.9,78,0.00,133,0.04,0.0,14.0,12.3,77
2016-12-25,-20.3,-18.8,81,0.00,150,0.07,0.0,16.9,15.1,78
2016-12-26,-15.6,-13.9,83,0.00,160,0.11,0.0,20.5,19.2,82
2016-12-27,-17.3,-14.2,83,0.00,121,0.05,0.0,18.1,11.5,82
2016-12-28,-21.9,-19.3,79,0.00,314,0.07,0.0,15.9,14.6,78
2016-12-29,-26.3,-22.9,77,0.00,339,0.03,0.0,11.7,8.5,75
2016-12-30,-27.1,-22.7,75,0.00,98,0.04,0.0,13.1,9.6,74
2016-12-31,-21.7,-13.7,79,0.00,305,0.07,0.0,28.3,12.6,73
2017-01-01,-21.2,-17.8,79,0.00,333,0.08,0.0,23.1,15.2,74
2017-01-02,-26.1,-22.4,83,0.00,344,0.02,0.0,12.2,8.4,77
2017-01-03,-19.1,-13.8,83,0.40,294,0.04,4.0,12.2,9.5,80
2017-01-04,-12.8,-9.1,87,1.80,159,0.04,13.0,11.9,6.6,84
2017-01-05,-16.3,-10.9,83,0.00,321,0.07,0.0,20.6,14.6,74
2017-01-06,-19.7,-16.2,78,0.00,301,0.09,0.0,19.8,14.5,74
2017-01-07,-23.8,-15.8,76,0.00,313,0.10,0.0,26.9,17.4,72
2017-01-08,-26.8,-19.6,76,0.10,236,0.06,1.0,14.9,12.4,74
2017-01-09,-23.6,-16.8,75,0.00,329,0.10,0.0,22.8,19.1,72
2017-01-10,-33.3,-29.7,74,0.00,299,0.03,0.0,14.0,10.2,73
2017-01-11,-27.5,-19.1,71,1.10,339,0.10,7.0,39.8,22.0,63
2017-01-12,-31.5,-27.8,72,0.80,131,0.06,5.0,22.7,16.5,68
2017-01-13,-30.1,-26.7,76,0.40,42,0.02,3.0,15.8,6.8,68
2017-01-14,-25.3,-19.1,77,2.90,109,0.09,9.0,21.4,16.2,74
2017-01-15,-17.6,-16.4,82,0.00,87,0.06,0.0,12.3,10.1,79
2017-01-16,-12.4,-7.2,88,0.10,158,0.05,1.0,18.6,13.3,83
2017-01-17,-12.4,-7.7,88,0.00,318,0.03,0.0,13.1,8.6,82
2017-01-18,-16.5,-12.3,84,0.00,349,0.06,0.0,13.2,9.8,82
2017-01-19,-12.2,-10.6,81,0.70,77,0.16,7.0,20.5,17.2,79
2017-01-20,-12.0,-9.4,84,8.00,55,0.11,15.0,20.7,14.2,82
2017-01-21,-17.0,-11.6,80,0.00,297,0.09,0.0,20.0,12.6,78
2017-01-22,-26.4,-21.2,81,0.00,60,0.04,0.0,14.4,10.1,75
2017-01-23,-25.9,-22.9,77,0.00,111,0.08,0.0,17.9,15.6,76
2017-01-24,-19.2,-17.7,82,0.00,141,0.09,0.0,16.1,14.3,77
2017-01-25,-16.9,-14.4,85,0.00,151,0.06,0.0,15.7,9.9,81
2017-01-26,-13.4,-10.1,85,0.00,275,0.08,0.0,16.3,12.4,78
2017-01-27,-15.3,-13.3,84,0.00,102,0.07,0.0,12.6,9.8,82
2017-01-28,-11.5,-9.4,87,0.20,115,0.12,2.0,19.3,16.8,85
2017-01-29,-8.0,-7.2,92,1.20,139,0.09,5.0,20.5,12.2,88
2017-01-30,-13.5,-8.0,80,1.50,13,0.13,13.0,18.2,13.1,65
2017-01-31,-25.9,-22.7,75,0.00,350,0.06,0.0,12.0,8.4,64
2017-02-01,-27.6,-22.3,75,0.00,317,0.07,0.0,12.9,9.3,70
2017-02-02,-19.2,-13.2,82,0.10,320,0.13,1.0,18.8,14.2,79
2017-02-03,-20.9,-11.7,77,0.10,327,0.11,1.0,19.5,12.1,71
2017-02-04,-25.8,-24.1,77,0.10,332,0.07,1.0,14.2,10.1,72
2017-02-05,-29.4,-25.9,75,0.00,336,0.06,0.0,15.1,9.3,66
2017-02-06,-31.4,-28.1,73,0.00,4,0.04,0.0,11.0,7.3,66
2017-02-07,-25.5,-22.4,76,0.80,305,0.09,6.0,16.7,13.4,70
2017-02-08,-23.6,-20.0,79,0.00,256,0.08,0.0,14.3,9.7,77
2017-02-09,-21.7,-17.7,79,0.00,340,0.10,0.0,18.8,10.4,72
2017-02-10,-26.2,-21.8,74,0.20,88,0.10,2.0,14.5,12.4,67
2017-02-11,-22.6,-21.3,75,0.30,88,0.11,3.0,13.4,8.2,71
2017-02-12,-19.2,-11.8,79,0.90,118,0.18,5.0,19.6,13.6,75
2017-02-13,-19.8,-13.4,78,0.00,326,0.14,0.0,23.2,13.9,65
2017-02-14,-16.4,-8.1,77,0.20,129,0.26,2.0,27.5,20.9,69
2017-02-15,-5.1,-2.4,90,0.00,141,0.24,0.0,17.9,12.1,83
2017-02-16,-5.1,-3.8,90,5.40,72,0.15,7.0,17.1,13.7,87
2017-02-17,-7.9,-5.0,88,0.40,296,0.18,4.0,17.0,12.0,78
2017-02-18,-11.0,-10.4,81,0.70,336,0.23,7.0,17.2,13.1,74
2017-02-19,-11.7,-10.4,85,0.80,90,0.18,8.0,9.3,7.9,75
2017-02-20,-11.9,-9.7,83,1.50,68,0.21,15.0,22.7,15.5,80
2017-02-21,-12.2,-10.6,79,2.60,58,0.28,18.0,21.8,18.9,72
2017-02-22,-16.2,-14.6,79,1.30,42,0.19,13.0,14.8,11.2,74
2017-02-23,-20.1,-15.7,83,0.10,22,0.15,1.0,10.8,5.9,74
2017-02-24,-22.1,-17.9,78,0.00,321,0.18,0.0,17.6,12.1,66
2017-02-25,-20.2,-17.8,78,0.60,103,0.17,5.0,22.3,13.7,69
2017-02-26,-25.8,-19.7,73,0.00,349,0.16,0.0,21.5,14.7,64
2017-02-27,-29.5,-26.9,72,0.10,93,0.11,1.0,13.7,10.0,64
2017-02-28,-32.5,-28.4,71,0.00,15,0.11,0.0,9.4,7.1,58
2017-03-01,-32.3,-27.4,70,0.00,295,0.12,0.0,12.7,10.5,56
2017-03-02,-29.1,-25.4,69,0.00,218,0.15,0.0,11.7,9.0,59
2017-03-03,-22.7,-19.0,68,4.10,65,0.22,17.0,25.0,18.6,65
2017-03-04,-23.1,-19.6,70,0.60,318,0.26,5.0,26.3,14.6,61
2017-03-05,-22.7,-20.8,74,0.00,160,0.22,0.0,14.4,11.9,67
2017-03-06,-28.1,-21.4,65,0.20,360,0.17,2.0,21.3,16.1,53
2017-03-07,-31.3,-24.5,62,0.00,277,0.17,0.0,12.1,7.3,46
2017-03-08,-30.7,-25.1,69,0.00,33,0.14,0.0,12.1,8.3,51
2017-03-09,-30.8,-24.8,66,0.00,276,0.18,0.0,9.2,5.8,56
2017-03-10,-27.8,-23.1,68,0.00,70,0.20,0.0,8.4,5.7,58
2017-03-11,-25.7,-20.5,69,0.00,139,0.26,0.0,10.2,8.0,58
2017-03-12,-23.0,-19.4,69,0.00,145,0.28,0.0,15.6,11.1,58
2017-03-13,-16.1,-11.5,71,0.90,141,0.43,6.0,24.8,19.6,58
2017-03-14,-13.3,-10.6,80,0.00,346,0.45,0.0,9.5,6.5,65
2017-03-15,-8.5,-2.9,82,5.30,118,0.38,14.0,30.1,20.9,72
2017-03-16,-17.4,-11.3,69,0.10,299,0.44,1.0,29.5,19.4,61
2017-03-17,-19.8,-16.1,75,1.60,61,0.32,11.0,12.2,9.6,68
2017-03-18,-19.9,-15.2,78,0.80,68,0.24,5.0,22.5,14.4,72
2017-03-19,-16.5,-14.1,72,9.80,29,0.35,17.0,28.2,24.3,60
2017-03-20,-26.6,-22.2,71,0.00,87,0.25,0.0,19.6,11.1,61
2017-03-21,-19.9,-12.3,69,0.00,137,0.50,0.0,20.7,14.6,61
2017-03-22,-14.1,-10.8,72,0.00,44,0.53,0.0,18.8,13.9,62
2017-03-23,-15.4,-10.6,70,0.00,68,0.54,0.0,20.6,17.3,62
2017-03-24,-14.0,-8.6,77,0.30,115,0.48,3.0,20.7,17.8,68
2017-03-25,-13.7,-8.7,81,0.00,18,0.45,0.0,14.5,10.1,69
2017-03-26,-10.3,-4.6,80,2.80,89,0.48,14.0,16.6,12.6,70
2017-03-27,-9.9,-4.5,82,0.70,327,0.62,4.0,14.7,11.5,70
2017-03-28,-9.7,-3.7,83,0.00,58,0.75,0.0,12.7,10.3,74
2017-03-29,-4.2,-2.4,88,0.00,75,0.56,0.0,16.7,14.2,84
2017-03-30,-2.6,1.6,89,0.60,92,0.88,3.0,12.3,8.8,82
2017-03-31,0.2,3.4,90,0.00,152,0.85,0.0,22.7,18.4,79
2017-04-01,1.4,5.2,81,0.00,190,1.40,0.0,18.3,8.6,62
2017-04-02,-1.2,4.5,82,0.00,360,0.93,0.0,12.7,9.5,65
2017-04-03,-2.4,0.2,86,1.30,159,0.76,7.0,15.9,10.5,68
2017-04-04,-3.5,0.4,84,2.70,352,0.85,7.0,16.2,9.7,74
2017-04-05,-2.5,3.8,84,0.00,118,1.05,0.0,20.0,13.8,70
2017-04-06,1.8,4.0,82,0.70,202,1.41,4.0,17.9,13.3,70
2017-04-07,-5.8,3.3,83,0.00,360,0.83,0.0,15.0,13.0,72
2017-04-08,-13.1,-8.6,74,0.00,74,0.72,0.0,17.4,14.6,67
2017-04-09,-11.7,-4.1,76,0.00,115,0.82,0.0,17.8,14.8,67
2017-04-10,-6.8,-2.7,76,0.30,52,1.02,3.0,19.3,14.4,66
2017-04-11,-10.3,-4.5,72,0.00,69,1.20,0.0,14.8,9.8,50
2017-04-12,-9.6,-4.1,73,0.00,123,1.18,0.0,11.4,8.7,51
2017-04-13,-5.9,0.2,66,0.00,96,1.46,0.0,12.4,8.8,52
2017-04-14,-6.7,-1.0,75,0.00,82,1.35,0.0,18.9,14.6,65
2017-04-15,-4.2,-0.3,78,0.00,126,1.01,0.0,17.3,15.1,63
2017-04-16,-6.8,-1.5,78,0.00,340,0.71,0.0,22.7,14.6,60
2017-04-17,-14.3,-9.5,72,0.00,348,0.73,0.0,22.5,16.1,67
2017-04-18,-13.3,-5.9,72,0.00,282,0.91,0.0,18.0,11.7,55
2017-04-19,-8.5,-2.3,67,0.00,256,1.25,0.0,20.3,11.7,48
2017-04-20,-10.5,-1.9,65,0.00,330,0.85,0.0,17.6,12.9,50
2017-04-21,-13.9,-9.2,66,0.30,51,0.89,3.0,14.2,6.4,51
2017-04-22,-14.8,-8.7,65,0.20,4,1.12,1.0,15.4,8.1,46
2017-04-23,-12.9,-7.0,71,0.00,114,1.12,0.0,14.7,9.5,50
2017-04-24,-10.6,-2.4,69,0.00,98,1.43,0.0,15.9,12.6,49
2017-04-25,-5.3,2.9,63,0.00,154,1.74,0.0,16.9,13.4,49
2017-04-26,0.7,5.2,63,0.00,163,2.28,0.0,16.0,10.7,51
2017-04-27,4.1,10.4,64,0.00,94,2.51,0.0,19.5,9.0,46
2017-04-28,-0.6,5.5,71,0.00,70,2.06,0.0,21.0,16.7,45
2017-04-29,3.9,12.0,69,0.30,126,2.70,2.0,13.1,7.9,47
2017-04-30,1.3,9.8,77,2.50,49,1.55,13.0,16.5,14.1,54
2017-05-01,0.5,6.9,69,0.00,38,2.17,0.0,14.3,9.4,41
2017-05-02,-0.4,6.7,68,0.20,102,1.79,2.0,14.6,11.9,44
2017-05-03,1.3,8.7,66,0.10,95,2.18,1.0,16.3,14.2,50
2017-05-04,4.6,10.4,76,2.00,95,2.24,10.0,15.5,11.0,55
2017-05-05,6.2,15.9,71,0.00,120,2.98,0.0,16.6,13.5,31
2017-05-06,5.6,13.3,74,2.60,87,1.42,5.0,24.6,20.8,44
2017-05-07,3.9,6.6,93,4.40,118,0.70,9.0,26.7,15.9,79
2017-05-08,3.2,10.2,77,3.40,249,2.47,9.0,26.4,17.0,45
2017-05-09,7.6,15.7,52,0.00,139,3.52,0.0,19.9,15.8,35
2017-05-10,6.8,15.2,64,0.00,84,3.14,0.0,20.2,17.8,34
2017-05-11,5.1,10.6,69,0.00,68,2.78,0.0,17.6,15.3,49
2017-05-12,6.6,12.9,68,0.00,75,2.88,0.0,18.4,12.6,42
2017-05-13,6.9,13.1,64,0.00,94,3.44,0.0,18.4,15.6,38
2017-05-14,7.7,13.4,63,0.00,101,3.51,0.0,19.5,17.7,40
2017-05-15,9.1,14.4,58,0.00,105,3.97,0.0,20.5,14.5,40
2017-05-16,9.1,15.1,58,0.00,92,3.80,0.0,15.0,10.2,36
2017-05-17,8.5,14.1,53,0.00,157,4.00,0.0,17.5,11.4,31
2017-05-18,11.5,18.2,39,0.00,179,4.99,0.0,19.1,13.8,21
2017-05-19,12.6,18.0,41,0.00,152,4.86,0.0,13.9,12.4,20
2017-05-20,14.1,19.8,47,1.20,21,4.23,4.0,15.0,8.5,28
2017-05-21,14.5,19.4,54,0.40,121,4.53,1.0,17.1,12.7,28
2017-05-22,12.9,18.9,54,2.00,155,4.29,4.0,22.4,19.3,36
2017-05-23,16.4,21.4,38,1.20,262,5.29,4.0,23.8,13.4,24
2017-05-24,12.9,17.4,53,0.00,331,4.00,0.0,22.5,15.4,35
2017-05-25,7.2,15.2,64,0.30,323,2.22,2.0,23.5,17.3,31
2017-05-26,10.3,16.1,60,0.00,73,3.52,0.0,16.3,10.1,37
2017-05-27,8.9,14.5,75,5.50,4,1.95,11.0,28.0,13.2,44
2017-05-28,12.1,18.8,45,0.00,305,4.80,0.0,27.4,11.0,23
2017-05-29,14.0,22.3,36,0.00,184,5.26,0.0,18.1,11.9,24
2017-05-30,17.1,24.0,37,0.00,133,5.95,0.0,22.0,16.6,24
2017-05-31,20.5,28.1,40,0.60,118,5.96,4.0,18.1,11.3,24
2017-06-01,19.0,27.6,53,2.60,72,4.10,7.0,14.8,10.9,23
2017-06-02,16.0,24.3,71,0.00,197,3.01,0.0,13.4,8.9,40
2017-06-03,14.3,17.8,72,0.00,310,3.15,0.0,16.4,14.2,49
2017-06-04,13.8,18.3,64,0.20,249,3.85,2.0,16.1,9.5,46
2017-06-05,12.9,17.9,65,0.00,258,3.84,0.0,20.5,13.2,34
2017-06-06,14.0,20.4,52,0.00,312,4.81,0.0,16.3,11.9,25
2017-06-07,15.4,20.5,47,0.00,110,5.31,0.0,17.4,11.8,31
2017-06-08,17.3,23.6,40,0.00,151,5.50,0.0,26.8,13.8,27
2017-06-09,11.9,16.3,56,0.10,62,4.26,1.0,19.6,14.7,21
2017-06-10,9.1,14.4,59,8.70,266,2.37,8.0,39.7,12.4,29
2017-06-11,7.3,9.7,49,1.60,350,3.24,6.0,42.1,19.0,37
2017-06-12,8.4,13.7,53,0.20,170,3.05,2.0,17.8,12.8,34
2017-06-13,10.4,13.8,66,3.20,343,2.75,5.0,22.7,12.4,36
2017-06-14,10.0,15.3,41,0.00,359,4.63,0.0,19.0,11.0,24
2017-06-15,12.3,16.2,41,0.00,106,4.03,0.0,17.0,12.2,26
2017-06-16,14.0,18.2,64,0.00,129,3.33,0.0,21.3,14.7,38
2017-06-17,14.1,18.8,72,2.30,142,2.73,9.0,20.2,14.5,49
2017-06-18,15.4,21.8,43,0.00,212,5.62,0.0,16.3,11.9,24
2017-06-19,16.9,21.9,55,0.40,295,4.40,4.0,10.0,5.7,23
2017-06-20,17.4,23.6,53,0.50,168,4.90,1.0,12.1,8.2,32
2017-06-21,13.5,20.8,59,0.40,36,4.06,1.0,26.8,21.3,35
2017-06-22,12.1,19.6,47,0.00,13,4.83,0.0,22.3,9.9,25
2017-06-23,15.6,20.0,49,0.40,353,4.32,3.0,18.6,11.5,25
2017-06-24,17.1,23.4,47,0.10,220,5.19,1.0,18.2,10.5,27
2017-06-25,18.1,24.4,38,0.00,178,6.57,0.0,21.4,15.7,25
2017-06-26,20.7,25.5,36,2.40,138,5.80,3.0,17.2,14.9,22
2017-06-27,18.3,24.8,58,3.50,91,4.59,9.0,22.3,19.0,27
2017-06-28,17.7,21.5,49,0.00,84,4.24,0.0,16.8,11.3,40
2017-06-29,17.3,21.6,68,5.30,233,3.47,8.0,9.4,4.4,53
2017-06-30,17.8,23.1,59,0.00,151,4.79,0.0,16.5,10.5,35
2017-07-01,18.7,22.7,53,0.00,151,4.09,0.0,25.4,13.1,35
2017-07-02,19.0,23.3,66,0.20,147,4.61,2.0,22.6,16.9,43
2017-07-03,20.1,25.9,70,3.50,147,4.56,4.0,14.0,10.9,35
2017-07-04,17.4,21.9,82,30.60,85,3.05,15.0,15.1,7.8,52
2017-07-05,19.6,24.2,60,0.00,41,5.04,0.0,15.1,11.6,35
2017-07-06,20.0,24.6,63,0.00,319,4.52,0.0,17.2,8.0,34
2017-07-07,22.1,26.6,52,0.50,299,5.47,2.0,15.9,11.8,33
2017-07-08,22.6,27.5,57,1.10,128,5.26,3.0,15.3,9.8,35
2017-07-09,23.1,27.9,53,0.00,135,5.63,0.0,13.8,10.2,33
2017-07-10,23.6,28.1,47,0.00,126,6.26,0.0,16.9,13.8,31
2017-07-11,22.3,26.7,58,1.00,219,4.61,4.0,13.1,6.6,37
2017-07-12,21.1,26.6,60,0.50,247,4.40,1.0,16.6,8.5,22
2017-07-13,19.0,26.6,50,0.00,6,5.32,0.0,23.1,16.6,20
2017-07-14,18.2,22.9,41,0.00,346,5.38,0.0,19.3,9.8,22
2017-07-15,19.4,23.9,48,0.00,207,5.56,0.0,22.5,13.7,21
2017-07-16,19.2,23.6,60,1.10,283,4.28,3.0,28.4,15.5,38
2017-07-17,11.1,15.4,46,0.20,1,3.56,2.0,21.8,19.0,34
2017-07-18,12.4,19.6,46,0.10,283,4.33,1.0,25.6,14.4,22
2017-07-19,13.1,19.4,44,0.00,12,4.56,0.0,16.6,12.5,25
2017-07-20,14.9,19.1,45,0.00,198,4.66,0.0,15.9,8.9,23
2017-07-21,17.0,21.2,43,0.00,152,5.18,0.0,21.0,15.0,24
2017-07-22,18.1,20.6,63,0.00,308,4.46,0.0,21.4,13.4,43
2017-07-23,14.1,20.0,48,0.00,351,4.68,0.0,19.5,11.2,24
2017-07-24,18.1,25.6,50,0.00,251,4.55,0.0,21.9,12.1,23
2017-07-25,21.5,24.8,51,0.00,309,4.70,0.0,19.9,14.1,35
2017-07-26,21.7,27.0,48,0.00,15,4.55,0.0,15.8,7.5,31
2017-07-27,21.0,26.5,52,0.80,95,4.62,8.0,24.5,15.0,33
2017-07-28,14.0,23.2,77,7.30,37,1.64,15.0,21.4,14.5,49
2017-07-29,10.8,16.1,76,2.20,8,2.19,7.0,16.4,8.2,42
2017-07-30,13.9,16.9,66,0.00,151,2.51,0.0,15.4,9.2,49
2017-07-31,15.9,22.9,67,0.00,356,3.95,0.0,14.1,9.5,27
2017-08-01,19.5,25.9,49,0.00,279,4.92,0.0,16.6,9.4,25
2017-08-02,20.2,24.9,56,0.00,186,4.40,0.0,15.1,11.2,31
2017-08-03,20.3,26.4,64,3.10,136,4.04,2.0,13.8,8.3,39
2017-08-04,21.6,27.0,56,0.00,230,4.26,0.0,12.7,6.5,31
2017-08-05,19.5,27.3,67,5.40,282,2.52,8.0,24.0,13.4,30
2017-08-06,13.1,16.4,65,0.00,340,2.58,0.0,22.7,14.9,45
2017-08-07,14.8,19.2,61,0.00,175,3.53,0.0,15.5,9.0,44
2017-08-08,17.4,23.3,66,0.00,161,4.23,0.0,15.9,12.9,45
2017-08-09,20.9,27.8,59,4.20,210,4.18,2.0,17.9,9.6,38
2017-08-10,21.2,27.1,61,0.00,48,4.29,0.0,15.0,7.2,36
2017-08-11,22.6,28.4,54,0.00,164,5.61,0.0,22.6,17.6,38
2017-08-12,23.8,29.0,50,0.00,167,5.99,0.0,22.3,17.8,33
2017-08-13,23.0,28.6,53,0.00,159,5.63,0.0,20.8,17.7,34
2017-08-14,23.5,28.3,52,0.00,141,5.53,0.0,19.5,16.3,34
2017-08-15,20.2,26.9,72,0.40,232,2.58,2.0,15.0,9.2,45
2017-08-16,17.7,22.1,61,1.30,186,4.19,5.0,23.9,15.7,34
2017-08-17,17.9,23.8,54,0.00,123,4.33,0.0,19.2,11.7,31
2017-08-18,18.4,22.0,68,0.20,142,2.88,2.0,22.9,14.5,38
2017-08-19,15.0,19.9,89,18.60,253,0.82,17.0,24.3,13.2,55
2017-08-20,12.6,13.6,88,9.10,295,1.17,12.0,19.9,15.3,79
2017-08-21,12.2,15.6,88,2.70,293,1.46,9.0,15.0,10.8,76
2017-08-22,13.1,18.0,81,0.00,205,2.30,0.0,13.0,7.1,55
2017-08-23,15.9,21.7,72,0.00,138,3.28,0.0,26.0,16.9,47
2017-08-24,19.0,23.4,63,0.50,172,3.64,2.0,22.9,11.8,32
2017-08-25,16.0,22.7,73,12.40,8,1.39,12.0,19.4,13.2,35
2017-08-26,14.1,18.4,85,3.50,312,1.71,7.0,22.2,18.3,52
2017-08-27,15.2,19.0,77,1.60,155,2.46,9.0,20.9,11.4,51
2017-08-28,12.3,15.2,81,0.10,299,1.64,1.0,15.3,12.2,59
2017-08-29,11.4,15.1,76,0.10,113,2.04,1.0,18.1,8.4,56
2017-08-30,14.3,20.6,72,0.00,149,2.81,0.0,22.6,18.1,47
2017-08-31,17.6,21.9,73,0.80,191,3.02,2.0,25.9,16.4,49
2017-09-01,13.1,19.3,76,1.60,269,1.65,9.0,24.4,17.2,55
2017-09-02,11.9,15.0,84,0.50,305,1.12,4.0,16.2,7.2,65
2017-09-03,11.6,15.3,80,0.10,306,1.88,1.0,23.1,10.6,53
2017-09-04,11.1,15.4,74,0.00,303,2.21,0.0,24.3,14.5,48
2017-09-05,15.2,21.1,67,0.00,149,2.94,0.0,20.9,13.9,41
2017-09-06,15.3,20.7,65,0.00,93,2.82,0.0,14.2,9.6,43
2017-09-07,18.2,22.0,70,0.00,157,2.99,0.0,19.2,16.8,47
2017-09-08,17.9,21.6,58,0.10,259,3.58,1.0,25.7,19.4,38
2017-09-09,12.0,18.1,61,0.00,56,2.56,0.0,21.9,12.8,37
2017-09-10,11.3,14.3,71,0.40,96,1.57,4.0,20.2,14.2,50
2017-09-11,10.2,12.8,84,0.70,142,1.04,7.0,16.1,7.7,68
2017-09-12,9.3,10.9,87,6.20,110,0.72,23.0,13.0,7.6,73
2017-09-13,6.2,10.9,78,0.60,336,1.36,1.0,15.8,10.8,43
2017-09-14,7.1,11.7,71,0.00,65,1.57,0.0,9.6,5.3,44
2017-09-15,10.1,14.3,73,0.00,178,1.87,0.0,19.9,12.8,56
2017-09-16,12.1,14.3,71,0.00,163,2.22,0.0,25.7,19.8,56
2017-09-17,11.9,14.3,76,0.00,162,1.88,0.0,20.1,14.8,59
2017-09-18,10.7,15.1,71,0.00,114,1.85,0.0,12.7,10.5,52
2017-09-19,11.6,16.1,69,0.00,98,1.89,0.0,12.3,10.4,36
2017-09-20,11.0,15.8,63,0.00,64,2.23,0.0,21.5,15.1,39
2017-09-21,7.7,13.1,73,0.00,53,1.28,0.0,18.1,13.6,53
2017-09-22,6.1,8.0,75,0.50,108,0.73,4.0,14.2,7.9,60
2017-09-23,6.1,8.7,71,0.00,119,1.05,0.0,16.1,11.9,56
2017-09-24,7.3,10.6,78,0.00,121,1.00,0.0,17.1,13.3,59
2017-09-25,9.7,12.0,79,0.00,138,1.11,0.0,17.8,15.7,61
2017-09-26,9.2,12.2,90,1.20,319,0.79,2.0,19.4,12.7,60
2017-09-27,7.3,10.5,77,0.00,342,0.98,0.0,13.5,10.6,61
2017-09-28,9.0,12.9,82,1.00,146,1.18,3.0,29.0,18.6,62
2017-09-29,12.8,17.7,79,0.00,195,1.42,0.0,20.1,9.8,61
2017-09-30,9.9,15.9,79,1.00,42,1.06,1.0,25.0,20.0,67
2017-10-01,6.1,10.7,83,3.60,340,0.76,9.0,31.4,20.5,56
2017-10-02,3.3,8.7,68,0.00,295,1.35,0.0,24.0,14.1,49
2017-10-03,5.9,8.3,75,1.20,243,0.73,5.0,21.1,11.2,58
2017-10-04,1.6,4.8,77,0.00,4,0.78,0.0,16.2,6.7,47
2017-10-05,2.4,6.7,73,0.60,102,0.78,1.0,19.2,13.1,59
2017-10-06,3.6,6.1,93,1.10,73,0.43,2.0,17.1,9.3,79
2017-10-07,0.7,3.6,75,0.00,18,0.71,0.0,23.5,17.2,60
2017-10-08,-1.8,-0.0,68,0.00,352,0.66,0.0,21.4,10.2,52
2017-10-09,-0.2,1.7,72,2.30,107,0.65,11.0,21.9,15.2,59
2017-10-10,-1.2,1.1,72,0.20,8,0.53,2.0,12.8,8.7,52
2017-10-11,-0.7,3.1,76,0.10,239,0.51,1.0,9.0,5.4,48
2017-10-12,-0.3,1.1,85,0.00,12,0.44,0.0,19.3,8.5,59
2017-10-13,-4.2,-0.2,65,0.00,323,0.70,0.0,16.3,11.9,42
2017-10-14,-1.6,2.0,75,0.00,135,0.54,0.0,17.9,10.3,54
2017-10-15,-2.4,0.4,77,0.00,274,0.58,0.0,15.3,9.5,55
2017-10-16,-1.4,0.8,80,3.10,96,0.46,16.0,20.1,15.7,64
2017-10-17,-2.9,-0.4,87,0.00,321,0.30,0.0,12.3,8.0,78
2017-10-18,-4.0,-1.7,89,0.00,328,0.27,0.0,9.7,7.0,82
2017-10-19,-0.5,1.2,88,0.40,115,0.31,4.0,17.6,13.7,83
2017-10-20,0.5,2.6,93,0.10,82,0.33,1.0,12.8,8.8,84
2017-10-21,-0.1,1.1,94,0.00,310,0.23,0.0,10.8,8.1,82
2017-10-22,-0.0,3.0,87,0.00,70,0.33,0.0,9.5,6.1,65
2017-10-23,0.1,1.1,96,1.10,141,0.20,7.0,8.7,6.8,90
2017-10-24,-0.6,0.7,89,0.00,353,0.30,0.0,15.5,9.3,70
2017-10-25,-4.2,-0.9,89,0.00,291,0.25,0.0,11.9,7.2,71
2017-10-26,-2.1,-0.3,85,0.00,237,0.33,0.0,20.1,11.4,65
2017-10-27,-1.1,1.2,93,0.50,131,0.14,3.0,21.9,14.9,78
2017-10-28,0.5,2.1,95,4.10,329,0.19,15.0,24.7,18.4,87
2017-10-29,-2.2,0.2,85,0.60,323,0.21,6.0,18.1,10.2,79
2017-10-30,-1.6,-0.1,92,1.00,313,0.16,8.0,13.7,8.7,86
2017-10-31,-5.4,-1.8,81,0.30,83,0.29,3.0,19.0,15.4,72
2017-11-01,-9.5,-8.4,70,0.80,65,0.29,8.0,12.6,10.0,58
2017-11-02,-13.6,-8.0,74,0.20,312,0.24,2.0,15.5,11.6,62
2017-11-03,-7.0,-4.9,81,0.80,235,0.25,6.0,18.2,14.3,76
2017-11-04,-3.7,-2.1,91,1.60,293,0.16,14.0,16.6,12.2,83
2017-11-05,-9.7,-3.4,78,0.40,325,0.28,4.0,26.5,17.4,72
2017-11-06,-10.5,-6.8,82,0.70,268,0.17,7.0,22.9,11.3,72
2017-11-07,-17.7,-9.0,75,0.10,330,0.16,1.0,30.6,14.3,63
2017-11-08,-20.1,-16.4,87,0.00,279,0.06,0.0,11.3,8.2,81
2017-11-09,-10.7,-6.7,84,0.00,173,0.17,0.0,24.8,15.0,76
2017-11-10,-12.6,-10.3,86,0.00,278,0.08,0.0,11.6,9.6,79
2017-11-11,-8.2,-5.8,88,1.00,104,0.08,9.0,12.4,8.9,84
2017-11-12,-18.0,-10.9,80,0.10,354,0.08,1.0,14.7,9.7,73
2017-11-13,-15.6,-13.2,82,1.20,80,0.09,7.0,15.2,11.6,75
2017-11-14,-17.9,-12.4,80,0.70,78,0.09,6.0,12.1,9.0,77
2017-11-15,-15.8,-12.6,86,1.10,78,0.04,10.0,13.0,10.3,84
2017-11-16,-16.2,-14.8,83,0.10,58,0.10,1.0,17.9,14.9,77
2017-11-17,-23.3,-18.3,78,0.00,359,0.07,0.0,14.5,11.8,74
2017-11-18,-24.1,-21.6,77,0.00,34,0.07,0.0,13.2,10.9,75
2017-11-19,-23.4,-19.6,79,0.00,66,0.08,0.0,17.7,14.2,78
2017-11-20,-20.7,-19.2,79,0.40,42,0.09,4.0,18.4,13.2,77
2017-11-21,-20.8,-19.6,81,0.40,284,0.04,4.0,10.2,7.6,78
2017-11-22,-28.1,-21.6,82,0.00,337,0.02,0.0,10.8,7.7,77
2017-11-23,-21.5,-16.9,78,1.30,89,0.12,8.0,21.3,17.2,73
2017-11-24,-19.5,-17.2,78,0.10,70,0.06,1.0,17.4,7.4,72
2017-11-25,-25.3,-20.3,83,0.00,320,0.03,0.0,13.0,10.5,78
2017-11-26,-24.3,-22.4,84,0.00,279,0.02,0.0,11.9,8.2,80
2017-11-27,-20.5,-18.6,80,0.00,77,0.08,0.0,19.2,13.9,79
2017-11-28,-19.4,-17.4,84,1.70,296,0.02,9.0,9.2,5.9,81
2017-11-29,-23.3,-19.3,89,0.00,122,0.02,0.0,12.3,7.1,83
2017-11-30,-15.6,-14.8,85,0.00,112,0.04,0.0,16.4,8.8,84
2017-12-01,-17.0,-14.8,87,0.30,317,0.02,3.0,10.8,6.3,82
2017-12-02,-22.7,-21.0,81,0.00,12,0.02,0.0,11.8,7.1,79
2017-12-03,-22.4,-20.7,81,0.00,13,0.02,0.0,9.4,7.8,80
2017-12-04,-22.6,-17.2,88,0.00,136,0.04,0.0,23.4,10.3,81
2017-12-05,-16.0,-14.5,81,1.10,121,0.09,7.0,23.1,13.9,78
2017-12-06,-15.3,-14.0,86,0.00,167,0.02,0.0,12.6,9.7,84
2017-12-07,-11.6,-10.5,90,0.00,116,0.02,0.0,13.8,10.5,89
2017-12-08,-9.1,-7.4,87,0.20,74,0.07,2.0,19.7,13.3,82
2017-12-09,-12.4,-10.5,85,0.00,91,0.05,0.0,19.8,11.6,83
2017-12-10,-13.3,-11.9,86,0.00,27,0.03,0.0,9.7,6.4,82
2017-12-11,-13.6,-11.2,86,0.70,126,0.04,5.0,20.7,11.2,85
2017-12-12,-8.8,-6.4,90,0.00,327,0.04,0.0,20.7,13.8,87
2017-12-13,-12.5,-10.4,90,0.00,328,0.02,0.0,14.5,9.0,87
2017-12-14,-16.1,-13.6,84,0.50,106,0.07,5.0,22.4,14.2,82
2017-12-15,-12.9,-11.4,82,3.80,98,0.16,14.0,24.8,20.7,81
2017-12-16,-15.7,-14.2,82,0.00,82,0.03,0.0,13.7,7.6,79
2017-12-17,-12.0,-10.5,88,0.30,147,0.07,3.0,23.5,16.3,85
2017-12-18,-17.2,-11.5,78,1.20,328,0.15,10.0,27.2,22.6,75
2017-12-19,-28.2,-23.7,81,0.00,296,0.03,0.0,18.8,10.7,77
2017-12-20,-25.5,-20.7,81,0.00,151,0.04,0.0,14.5,11.1,78
2017-12-21,-15.9,-9.2,82,0.70,313,0.09,5.0,25.9,14.4,77
2017-12-22,-18.5,-12.8,81,1.50,4,0.04,13.0,12.8,10.4,74
2017-12-23,-28.8,-26.3,76,0.20,25,0.03,2.0,16.9,8.7,73
2017-12-24,-32.3,-28.3,73,0.00,4,0.04,0.0,17.6,12.6,72
2017-12-25,-37.2,-33.9,75,0.00,341,0.02,0.0,12.1,9.5,71
2017-12-26,-30.5,-27.8,76,0.20,311,0.04,2.0,14.0,12.4,75
2017-12-27,-29.6,-28.4,75,0.20,5,0.03,2.0,13.2,8.6,73
2017-12-28,-35.3,-29.8,71,0.00,27,0.03,0.0,13.0,10.3,70
2017-12-29,-35.9,-32.7,73,0.00,302,0.03,0.0,13.5,11.2,72
2017-12-30,-30.4,-28.0,72,0.00,193,0.04,0.0,15.5,11.1,70
2017-12-31,-26.4,-25.4,70,0.00,199,0.10,0.0,20.2,17.4,68
2018-01-01,-27.1,-24.1,72,0.00,109,0.05,0.0,15.1,9.8,66
2018-01-02,-24.2,-22.6,74,0.20,104,0.09,2.0,19.7,15.2,70
2018-01-03,-20.7,-19.4,74,0.40,119,0.13,3.0,21.9,17.6,71
2018-01-04,-18.2,-15.7,79,0.00,113,0.11,0.0,17.0,15.3,76
2018-01-05,-13.6,-12.3,83,1.70,102,0.06,9.0,12.5,10.1,81
2018-01-06,-12.5,-12.2,84,6.50,65,0.07,17.0,12.6,10.5,84
2018-01-07,-15.3,-11.1,83,4.10,347,0.07,8.0,19.8,14.5,82
2018-01-08,-24.6,-20.2,78,0.40,328,0.06,4.0,17.3,15.3,76
2018-01-09,-32.1,-28.9,75,0.00,322,0.04,0.0,16.0,13.9,73
2018-01-10,-33.2,-31.8,73,0.00,307,0.04,0.0,15.1,13.5,72
2018-01-11,-35.0,-31.7,73,0.00,311,0.03,0.0,13.3,12.1,71
2018-01-12,-35.8,-32.9,78,0.00,230,0.02,0.0,16.1,10.8,73
2018-01-13,-34.2,-31.5,73,0.00,119,0.03,0.0,17.5,11.2,72
2018-01-14,-35.4,-31.1,72,0.00,330,0.03,0.0,18.0,12.5,69
2018-01-15,-20.1,-8.3,75,0.00,171,0.17,0.0,29.6,23.5,60
2018-01-16,-9.7,-8.3,91,0.00,172,0.04,0.0,13.5,8.5,89
2018-01-17,-10.9,-10.2,88,0.00,110,0.06,0.0,16.7,13.7,87
2018-01-18,-10.0,-8.5,88,0.50,109,0.07,3.0,14.7,12.8,86
2018-01-19,-9.9,-8.6,85,0.00,69,0.09,0.0,14.8,13.0,83
2018-01-20,-17.8,-12.9,82,1.00,58,0.05,8.0,12.6,10.5,78
2018-01-21,-25.6,-23.9,79,0.00,83,0.05,0.0,12.6,9.9,77
2018-01-22,-23.4,-20.4,78,0.10,89,0.09,1.0,20.2,15.9,75
2018-01-23,-20.5,-18.0,81,1.30,148,0.06,5.0,14.6,10.0,78
2018-01-24,-25.9,-23.6,87,0.00,256,0.02,0.0,9.4,6.5,80
2018-01-25,-28.6,-27.2,77,0.00,21,0.04,0.0,13.3,9.7,73
2018-01-26,-28.9,-27.4,74,0.00,59,0.05,0.0,11.3,9.4,71
2018-01-27,-31.9,-29.3,79,0.00,10,0.02,0.0,9.4,6.2,74
2018-01-28,-31.3,-29.8,73,0.00,317,0.04,0.0,11.7,8.6,69
2018-01-29,-30.6,-24.7,74,0.00,102,0.05,0.0,22.0,11.5,72
2018-01-30,-22.5,-21.2,72,0.80,68,0.17,8.0,28.1,24.4,70
2018-01-31,-29.4,-24.6,73,0.00,31,0.06,0.0,18.6,10.9,70
2018-02-01,-31.4,-28.7,73,0.00,318,0.06,0.0,14.5,12.5,68
2018-02-02,-31.9,-28.5,73,0.00,271,0.05,0.0,12.2,9.6,70
2018-02-03,-29.0,-20.1,74,0.40,288,0.09,2.0,27.1,18.0,69
2018-02-04,-18.9,-14.3,70,0.30,320,0.26,2.0,31.9,25.0,63
2018-02-05,-25.0,-21.9,77,0.00,299,0.09,0.0,17.3,13.1,74
2018-02-06,-22.6,-20.3,75,0.00,305,0.14,0.0,20.4,17.5,69
2018-02-07,-24.0,-21.0,75,0.20,315,0.12,2.0,21.7,15.0,68
2018-02-08,-22.8,-15.6,76,0.00,293,0.14,0.0,24.2,15.5,62
2018-02-09,-14.5,-11.4,73,0.50,311,0.30,3.0,28.0,19.2,58
2018-02-10,-19.8,-10.8,78,1.30,342,0.13,6.0,21.2,14.1,68
2018-02-11,-29.4,-25.2,77,0.00,295,0.08,0.0,12.9,10.7,73
2018-02-12,-22.5,-15.0,78,0.00,203,0.13,0.0,13.1,10.7,71
2018-02-13,-18.0,-13.7,78,1.30,37,0.11,9.0,17.2,9.8,66
2018-02-14,-32.9,-26.8,71,0.20,316,0.07,2.0,15.5,11.9,64
2018-02-15,-28.7,-25.7,73,0.00,305,0.10,0.0,17.0,12.9,68
2018-02-16,-25.1,-19.4,75,0.00,313,0.14,0.0,30.0,16.8,61
2018-02-17,-23.1,-19.2,72,0.10,327,0.18,1.0,27.4,19.7,59
2018-02-18,-25.6,-21.7,74,0.20,316,0.13,2.0,17.4,11.9,68
2018-02-19,-24.5,-21.3,74,0.00,347,0.13,0.0,17.8,12.5,64
2018-02-20,-30.5,-26.6,73,0.00,132,0.09,0.0,17.9,12.4,71
2018-02-21,-22.9,-13.0,76,0.70,195,0.17,7.0,34.2,12.5,68
2018-02-22,-23.7,-17.1,74,0.70,322,0.16,5.0,31.8,15.7,69
2018-02-23,-16.7,-12.8,82,0.00,145,0.21,0.0,20.0,11.4,69
2018-02-24,-13.5,-11.6,82,0.00,296,0.25,0.0,17.9,12.1,74
2018-02-25,-14.1,-11.4,83,1.10,285,0.22,7.0,16.3,9.9,72
2018-02-26,-18.5,-15.5,83,0.00,144,0.17,0.0,17.7,11.3,78
2018-02-27,-14.2,-11.2,80,0.40,91,0.30,4.0,14.4,11.4,69
2018-02-28,-18.2,-13.1,80,0.00,54,0.22,0.0,14.3,9.2,69
2018-03-01,-19.3,-16.8,75,0.00,15,0.23,0.0,15.5,13.7,69
2018-03-02,-21.6,-18.2,75,0.00,80,0.18,0.0,16.0,13.2,68
2018-03-03,-16.1,-13.9,76,0.70,140,0.32,7.0,20.4,13.7,72
2018-03-04,-16.9,-12.3,83,0.00,129,0.24,0.0,12.3,9.2,78
2018-03-05,-12.0,-8.9,84,0.00,127,0.32,0.0,14.0,9.9,79
2018-03-06,-11.0,-8.7,85,0.50,325,0.29,5.0,9.0,6.1,77
2018-03-07,-14.2,-9.7,83,0.20,296,0.33,2.0,9.4,5.9,69
2018-03-08,-15.5,-12.5,85,0.00,122,0.30,0.0,5.0,2.5,68
2018-03-09,-15.0,-11.1,80,0.50,83,0.34,5.0,14.1,11.2,73
2018-03-10,-12.8,-5.1,80,0.00,147,0.50,0.0,22.2,12.9,63
2018-03-11,-9.4,-4.3,76,0.00,100,0.59,0.0,16.2,10.3,65
2018-03-12,-7.2,0.7,81,0.00,150,0.59,0.0,20.6,12.9,68
2018-03-13,-2.8,3.4,75,0.00,13,0.82,0.0,12.7,10.0,66
2018-03-14,-3.0,-0.2,83,0.00,138,0.78,0.0,23.1,16.5,73
2018-03-15,-5.0,0.3,84,0.00,92,0.55,0.0,23.8,18.6,76
2018-03-16,-9.6,-5.3,85,0.00,53,0.49,0.0,19.4,13.6,79
2018-03-17,-7.6,-5.3,86,0.00,113,0.46,0.0,15.3,10.4,75
2018-03-18,-6.7,-4.4,82,0.00,150,0.66,0.0,16.0,14.4,77
2018-03-19,-4.8,-1.1,81,0.00,157,0.72,0.0,17.8,13.9,75
2018-03-20,-9.7,-2.5,82,0.00,29,0.46,0.0,18.7,15.6,72
2018-03-21,-19.9,-12.9,73,0.00,72,0.36,0.0,21.4,18.3,66
2018-03-22,-22.0,-16.2,72,0.00,90,0.41,0.0,18.8,13.6,64
2018-03-23,-17.6,-11.8,76,1.00,53,0.32,5.0,20.3,10.6,65
2018-03-24,-15.4,-11.4,74,8.70,4,0.36,24.0,25.6,22.4,60
2018-03-25,-21.2,-17.4,70,0.20,346,0.34,2.0,22.9,11.0,61
2018-03-26,-23.5,-19.6,74,0.00,266,0.32,0.0,13.6,6.9,59
2018-03-27,-21.7,-19.1,69,0.00,291,0.35,0.0,12.4,8.9,56
2018-03-28,-25.8,-19.2,69,0.00,20,0.27,0.0,12.3,10.7,56
2018-03-29,-29.2,-23.3,69,0.00,355,0.27,0.0,11.8,9.2,55
2018-03-30,-22.8,-13.5,68,0.00,326,0.40,0.0,18.1,15.9,53
2018-03-31,-14.8,-12.1,69,0.00,321,0.63,0.0,19.2,17.3,55
2018-04-01,-16.4,-12.1,76,0.00,349,0.57,0.0,17.6,8.7,64
2018-04-02,-19.1,-13.2,75,0.00,12,0.46,0.0,12.8,9.4,64
2018-04-03,-21.2,-16.7,73,0.00,347,0.44,0.0,15.6,11.2,62
2018-04-04,-15.2,-11.2,73,0.60,355,0.63,6.0,18.2,16.5,62
2018-04-05,-16.5,-10.7,75,0.00,25,0.67,0.0,14.4,10.2,64
2018-04-06,-14.4,-10.4,78,0.00,137,0.71,0.0,10.5,7.5,66
2018-04-07,-12.9,-8.7,75,0.00,139,0.79,0.0,13.2,11.0,67
2018-04-08,-8.8,-2.4,70,0.00,120,1.24,0.0,12.6,8.9,51
2018-04-09,-11.6,-2.8,77,0.00,355,0.82,0.0,11.5,9.5,64
2018-04-10,-15.4,-9.6,73,0.00,357,0.69,0.0,12.1,10.0,58
2018-04-11,-15.5,-11.3,71,0.00,45,0.82,0.0,14.5,8.9,54
2018-04-12,-15.1,-7.5,68,0.00,116,0.90,0.0,13.9,11.1,49
2018-04-13,-8.3,-0.8,66,0.00,141,1.24,0.0,22.0,18.4,52
2018-04-14,-0.6,4.3,78,0.00,134,1.72,0.0,17.3,12.4,60
2018-04-15,-4.4,2.6,84,0.00,343,0.76,0.0,24.3,19.9,71
2018-04-16,-7.3,-5.1,81,0.00,23,0.80,0.0,19.8,12.6,73
2018-04-17,-5.5,-2.6,87,1.50,71,0.63,5.0,18.5,12.9,77
2018-04-18,-4.1,-2.3,86,7.90,312,0.62,24.0,22.2,15.3,66
2018-04-19,-5.8,1.8,78,0.10,133,1.17,1.0,18.7,13.7,66
2018-04-20,0.8,3.2,78,0.00,208,1.55,0.0,17.5,10.5,68
2018-04-21,-7.3,0.6,82,0.00,19,1.09,0.0,16.2,12.5,71
2018-04-22,-5.4,-3.0,84,2.10,56,0.74,12.0,17.9,13.5,77
2018-04-23,-6.4,-1.9,82,0.20,311,1.40,2.0,14.0,9.1,65
2018-04-24,0.7,3.5,80,0.10,132,1.30,1.0,17.9,10.9,72
2018-04-25,-4.0,3.4,87,0.00,105,1.10,0.0,21.4,15.1,75
2018-04-26,3.8,11.0,74,0.00,309,2.31,0.0,26.6,15.0,36
2018-04-27,4.3,10.7,67,0.10,113,1.62,1.0,17.3,12.9,36
2018-04-28,3.3,8.6,72,0.00,12,2.17,0.0,13.7,11.4,44
2018-04-29,1.4,5.9,64,0.00,324,2.05,0.0,19.8,12.9,30
2018-04-30,0.3,6.3,66,0.00,112,2.16,0.0,15.9,13.5,40
2018-05-01,0.5,5.5,66,0.00,128,2.08,0.0,14.8,12.5,44
2018-05-02,3.2,7.7,71,0.50,115,1.94,2.0,19.9,13.1,48
2018-05-03,2.2,8.0,73,2.50,29,1.50,12.0,17.6,12.8,43
2018-05-04,-0.1,3.6,71,0.50,121,1.49,3.0,19.3,13.8,47
2018-05-05,2.1,8.8,75,0.10,143,2.03,1.0,20.6,12.3,57
2018-05-06,9.5,17.6,64,0.00,265,3.43,0.0,32.0,15.7,32
2018-05-07,5.6,12.3,64,0.00,315,2.98,0.0,31.7,12.7,39
2018-05-08,4.6,9.1,72,10.80,57,2.18,14.0,28.3,22.0,38
2018-05-09,3.8,8.9,57,0.00,38,2.86,0.0,21.4,10.2,34
2018-05-10,3.9,11.7,55,0.00,139,3.17,0.0,15.0,13.4,36
2018-05-11,6.7,11.9,56,0.00,116,2.96,0.0,16.7,11.6,35
2018-05-12,7.1,15.2,65,0.10,14,3.09,1.0,28.3,13.2,42
2018-05-13,3.5,13.5,68,0.10,334,2.14,1.0,29.3,16.6,40
2018-05-14,-1.1,3.3,52,0.20,103,2.01,2.0,17.5,14.6,35
2018-05-15,-0.7,4.1,56,3.80,81,1.74,11.0,17.0,14.7,39
2018-05-16,0.5,7.3,53,0.00,73,2.84,0.0,14.3,9.5,36
2018-05-17,4.9,12.7,52,0.00,217,3.23,0.0,15.9,8.3,31
2018-05-18,9.7,16.8,50,0.00,197,4.11,0.0,17.3,10.7,32
2018-05-19,7.9,16.2,56,0.00,53,3.35,0.0,25.7,15.0,32
2018-05-20,7.4,14.8,49,0.00,77,4.13,0.0,18.3,16.9,25
2018-05-21,8.7,19.8,48,0.00,91,4.50,0.0,22.1,19.4,28
2018-05-22,17.2,26.6,43,0.00,170,5.80,0.0,21.0,15.7,23
2018-05-23,20.4,26.0,34,0.00,243,6.42,0.0,27.8,13.9,14
2018-05-24,13.8,23.0,55,0.20,56,3.76,1.0,20.9,16.3,20
2018-05-25,10.8,17.4,74,7.20,83,2.79,10.0,22.7,15.0,53
2018-05-26,11.3,16.3,71,0.30,49,2.86,2.0,12.9,8.4,41
2018-05-27,10.2,16.0,65,0.30,105,3.23,2.0,14.9,11.5,45
2018-05-28,10.6,15.8,69,1.10,14,2.37,3.0,11.8,7.4,43
2018-05-29,7.4,11.9,71,3.50,353,2.56,6.0,23.9,17.8,33
2018-05-30,5.8,12.8,50,0.00,6,3.63,0.0,20.1,11.9,30
2018-05-31,4.8,10.7,50,0.00,136,3.64,0.0,14.5,11.3,27
2018-06-01,9.0,16.5,42,0.00,137,4.11,0.0,16.7,13.3,22
2018-06-02,15.0,21.0,44,0.70,127,4.97,3.0,16.4,12.8,28
2018-06-03,12.7,19.8,61,1.40,127,3.05,7.0,15.1,11.3,30
2018-06-04,9.4,14.6,51,0.00,99,3.35,0.0,25.1,17.3,36
2018-06-05,6.1,9.5,59,0.10,75,2.10,1.0,21.4,15.4,43
2018-06-06,7.4,11.5,61,0.70,237,2.29,6.0,12.3,6.4,41
2018-06-07,10.4,17.2,50,0.00,172,4.11,0.0,15.3,9.3,28
2018-06-08,15.5,22.3,50,4.70,122,5.08,5.0,22.9,15.9,24
2018-06-09,16.0,23.4,71,3.70,155,3.68,4.0,14.7,8.5,41
2018-06-10,17.4,24.7,72,8.60,131,3.14,10.0,18.2,11.9,29
2018-06-11,13.9,19.8,86,15.80,357,1.23,16.0,30.2,16.3,60
2018-06-12,8.6,15.6,85,5.30,354,1.43,7.0,24.2,20.2,68
2018-06-13,12.0,15.7,86,3.50,108,1.90,13.0,17.9,10.2,66
2018-06-14,12.7,17.5,84,10.80,72,1.79,18.0,15.2,9.1,58
2018-06-15,12.2,17.5,82,8.30,295,2.69,15.0,18.1,12.2,47
2018-06-16,16.0,21.1,61,0.00,258,4.68,0.0,17.7,9.5,44
2018-06-17,18.5,28.0,51,0.00,154,5.42,0.0,17.9,10.3,31
2018-06-18,21.2,28.4,53,0.00,21,5.60,0.0,16.2,10.8,27
2018-06-19,21.0,27.1,50,0.00,152,5.85,0.0,12.7,10.6,34
2018-06-20,24.5,31.5,46,0.00,154,5.56,0.0,13.0,6.1,30
2018-06-21,23.2,28.8,51,0.00,82,6.07,0.0,16.2,12.2,30
2018-06-22,20.1,25.6,63,3.50,102,4.45,11.0,17.6,12.9,37
2018-06-23,19.4,24.1,73,9.10,104,3.81,13.0,18.5,16.2,48
2018-06-24,18.9,24.4,73,1.70,278,4.29,5.0,23.3,13.8,36
2018-06-25,16.2,22.3,67,0.00,40,3.57,0.0,25.0,17.2,44
2018-06-26,14.2,19.2,76,8.00,84,2.55,9.0,27.2,23.6,54
2018-06-27,11.3,13.2,96,21.20,65,0.83,24.0,17.1,15.1,81
2018-06-28,11.1,16.3,80,2.40,78,2.15,6.0,18.4,13.1,58
2018-06-29,13.8,18.0,73,0.90,127,2.67,4.0,9.2,6.2,59
2018-06-30,14.6,17.1,77,1.40,98,1.96,8.0,8.4,5.7,66
2018-07-01,15.7,20.7,79,5.90,40,3.00,6.0,14.1,7.7,56
2018-07-02,15.9,20.0,76,3.80,38,3.61,9.0,15.3,12.9,48
2018-07-03,14.9,18.0,71,6.70,341,3.46,6.0,20.4,12.2,43
2018-07-04,14.3,19.7,60,0.00,314,4.60,0.0,23.4,13.0,33
2018-07-05,17.5,23.5,58,0.00,180,4.97,0.0,15.5,10.3,42
2018-07-06,18.5,23.3,70,2.20,53,3.96,7.0,22.4,10.0,54
2018-07-07,11.7,17.7,63,0.50,341,3.04,3.0,27.1,21.5,42
2018-07-08,15.5,24.4,62,0.30,278,4.72,3.0,20.9,15.1,32
2018-07-09,19.9,26.7,59,0.00,175,5.53,0.0,17.5,14.6,34
2018-07-10,21.0,26.6,58,0.00,167,5.67,0.0,19.6,14.0,41
2018-07-11,22.6,26.2,52,0.00,247,5.78,0.0,29.1,14.7,33
2018-07-12,18.8,24.5,61,1.90,316,3.15,4.0,20.6,8.4,36
2018-07-13,15.6,18.4,86,18.80,35,2.03,18.0,16.0,11.4,67
2018-07-14,12.9,14.9,78,4.80,47,2.08,15.0,20.9,17.8,52
2018-07-15,11.4,15.2,82,2.80,124,2.07,14.0,17.0,6.4,53
2018-07-16,14.6,19.5,76,1.60,152,3.26,4.0,19.9,17.0,58
2018-07-17,15.4,18.9,84,8.60,264,2.12,15.0,19.6,14.2,63
2018-07-18,16.1,20.9,73,1.30,351,3.97,2.0,19.8,12.9,42
2018-07-19,16.8,22.1,61,0.00,62,4.25,0.0,14.0,10.5,36
2018-07-20,16.3,21.2,67,0.00,168,4.31,0.0,12.2,9.1,43
2018-07-21,17.2,22.3,63,0.70,10,4.13,4.0,17.0,6.9,40
2018-07-22,16.0,19.6,59,0.00,8,4.51,0.0,25.2,21.0,36
2018-07-23,16.4,22.4,59,0.00,42,4.36,0.0,18.9,9.6,38
2018-07-24,17.4,21.6,62,0.00,182,4.55,0.0,13.9,9.5,38
2018-07-25,18.2,22.6,64,0.00,164,4.58,0.0,15.5,11.5,41
2018-07-26,21.3,28.2,61,0.00,180,4.94,0.0,13.2,8.9,35
2018-07-27,23.4,28.4,55,0.00,194,5.20,0.0,16.7,12.0,37
2018-07-28,21.2,28.9,73,8.10,338,2.79,10.0,20.4,10.7,40
2018-07-29,14.9,21.1,63,0.10,349,3.82,1.0,25.1,10.7,40
2018-07-30,13.0,17.1,75,8.40,102,2.97,8.0,19.6,12.3,44
2018-07-31,15.0,18.9,67,0.00,202,3.75,0.0,18.4,11.6,43
2018-08-01,18.5,22.6,68,0.00,299,3.86,0.0,21.0,13.0,42
2018-08-02,18.5,23.9,66,0.00,144,4.13,0.0,19.2,12.2,43
2018-08-03,17.9,24.7,71,0.20,353,3.69,1.0,21.3,15.0,45
2018-08-04,12.3,16.3,57,0.00,28,3.75,0.0,16.9,10.0,41
2018-08-05,13.2,15.7,69,3.30,167,1.90,11.0,14.0,10.0,43
2018-08-06,15.0,18.5,91,5.80,228,1.39,12.0,12.6,8.6,77
2018-08-07,15.5,18.9,82,1.80,314,2.84,4.0,16.3,10.9,48
2018-08-08,16.3,22.3,75,0.50,135,2.52,1.0,22.1,11.6,52
2018-08-09,18.2,22.4,67,0.00,300,3.85,0.0,19.2,13.3,43
2018-08-10,17.1,21.1,73,9.70,185,2.99,8.0,35.4,17.4,49
2018-08-11,9.6,14.7,68,2.20,298,2.46,8.0,30.6,23.9,42
2018-08-12,12.9,18.4,64,0.00,205,3.21,0.0,22.5,9.4,41
2018-08-13,15.6,19.6,73,0.00,172,2.54,0.0,22.0,13.5,49
2018-08-14,15.6,20.8,85,3.10,268,2.10,7.0,13.0,6.7,58
2018-08-15,11.3,16.2,81,18.50,332,1.91,11.0,43.0,18.7,48
2018-08-16,14.8,21.2,69,0.00,201,3.34,0.0,14.7,12.3,43
2018-08-17,17.1,22.4,67,0.00,210,3.69,0.0,17.0,9.7,40
2018-08-18,14.1,21.4,69,1.60,309,2.68,5.0,20.9,16.5,44
2018-08-19,11.1,15.6,78,1.60,294,1.80,7.0,22.1,13.6,60
2018-08-20,14.0,18.7,70,0.00,274,2.53,0.0,19.5,9.0,53
2018-08-21,14.3,19.3,74,0.10,301,2.10,1.0,14.8,9.1,55
2018-08-22,9.3,14.8,72,1.80,21,1.94,9.0,22.9,15.7,48
2018-08-23,8.2,12.3,62,0.00,79,1.99,0.0,11.2,9.2,43
2018-08-24,9.2,13.0,65,0.00,104,1.94,0.0,9.6,6.8,45
2018-08-25,10.3,13.0,73,0.60,136,1.57,5.0,16.3,9.7,45
2018-08-26,10.8,14.2,69,0.20,108,1.94,2.0,14.7,8.6,47
2018-08-27,11.8,14.8,70,0.20,184,2.27,2.0,22.0,12.2,56
2018-08-28,12.5,16.4,77,0.90,200,2.39,6.0,18.8,10.4,42
2018-08-29,10.8,16.2,73,0.00,58,1.40,0.0,10.0,7.7,42
2018-08-30,10.1,13.6,86,2.20,23,0.91,10.0,7.2,3.9,61
2018-08-31,10.9,13.5,80,0.90,154,1.62,8.0,19.1,9.9,62
2018-09-01,9.2,12.1,92,25.20,348,0.85,19.0,25.7,14.1,67
2018-09-02,8.3,13.4,69,0.00,263,2.34,0.0,20.1,9.8,45
2018-09-03,5.0,12.1,69,0.60,331,1.67,4.0,26.9,19.1,47
2018-09-04,6.0,11.6,66,0.00,213,1.74,0.0,17.6,11.9,48
2018-09-05,3.8,10.0,67,0.70,314,1.68,3.0,25.4,20.7,49
2018-09-06,5.2,9.9,71,0.00,174,1.89,0.0,19.1,11.1,55
2018-09-07,9.6,14.0,73,0.90,149,1.94,4.0,17.8,12.3,57
2018-09-08,8.2,14.3,78,0.40,20,1.37,3.0,21.0,16.6,56
2018-09-09,4.4,7.8,68,0.00,330,1.52,0.0,14.0,10.0,51
2018-09-10,6.5,9.1,73,0.00,273,1.40,0.0,21.8,13.4,54
2018-09-11,0.5,6.5,67,0.00,329,1.33,0.0,23.1,19.2,49
2018-09-12,0.3,2.3,71,1.60,307,0.90,9.0,22.5,12.7,50
2018-09-13,1.0,4.0,67,0.00,310,1.05,0.0,13.7,6.6,46
2018-09-14,-0.2,1.7,70,0.00,322,0.92,0.0,13.9,10.3,48
2018-09-15,-0.2,2.3,75,0.10,293,0.76,1.0,14.4,9.6,54
2018-09-16,1.6,5.1,70,0.00,156,0.91,0.0,8.9,4.6,49
2018-09-17,4.0,8.6,70,0.00,222,1.55,0.0,20.3,13.2,39
2018-09-18,-0.5,5.8,64,0.00,320,1.03,0.0,21.3,15.9,53
2018-09-19,-2.2,0.3,65,0.40,306,0.96,2.0,21.4,13.7,45
2018-09-20,-1.6,1.0,65,0.00,313,1.01,0.0,22.3,17.4,50
2018-09-21,-0.5,2.5,68,0.00,344,1.02,0.0,15.8,6.9,48
2018-09-22,1.9,6.6,72,0.00,150,1.36,0.0,21.1,14.1,52
2018-09-23,5.1,7.1,65,0.00,182,1.74,0.0,24.5,19.8,50
2018-09-24,4.3,6.8,80,0.00,331,1.11,0.0,13.8,10.6,60
2018-09-25,4.1,9.3,81,0.40,145,1.01,1.0,15.2,7.7,62
2018-09-26,1.8,8.5,80,1.30,330,0.75,5.0,27.6,17.2,46
2018-09-27,-2.8,0.9,57,0.00,306,1.05,0.0,21.9,15.8,51
2018-09-28,0.2,1.5,69,0.70,307,0.94,6.0,27.7,18.9,58
2018-09-29,-0.0,1.4,68,0.00,331,1.04,0.0,24.5,19.8,52
2018-09-30,-1.0,0.8,75,0.10,308,0.61,1.0,14.6,11.4,55
2018-10-01,-1.6,-0.0,67,0.10,336,0.85,1.0,18.9,13.3,45
2018-10-02,-1.1,-0.6,66,3.00,319,1.06,11.0,31.8,24.1,44
2018-10-03,-3.9,-2.2,58,0.00,8,0.78,0.0,24.7,12.2,44
2018-10-04,-3.9,-1.4,49,0.00,34,0.79,0.0,6.9,5.3,36
2018-10-05,-4.4,-1.5,58,0.50,76,0.57,3.0,16.4,7.2,43
2018-10-06,-3.1,-1.1,71,3.20,102,0.77,8.0,18.3,13.7,45
2018-10-07,-4.6,-0.7,69,0.00,64,0.69,0.0,13.4,8.6,46
2018-10-08,-4.0,0.9,63,0.00,287,0.69,0.0,8.6,5.0,39
2018-10-09,-2.0,2.8,74,0.00,147,0.72,0.0,17.8,8.8,52
2018-10-10,-0.0,1.6,72,0.00,185,0.81,0.0,17.9,13.4,61
2018-10-11,-1.1,1.9,84,0.00,198,0.45,0.0,11.2,6.3,66
2018-10-12,-4.0,0.7,74,0.00,13,0.60,0.0,14.0,12.0,54
2018-10-13,-4.3,0.5,69,0.00,238,0.60,0.0,14.6,8.0,57
2018-10-14,1.1,4.0,89,0.10,171,0.41,1.0,19.2,14.2,76
2018-10-15,0.3,1.0,83,0.60,322,0.52,1.0,20.2,17.9,64
2018-10-16,-3.2,-1.3,73,0.00,96,0.47,0.0,16.6,8.1,53
2018-10-17,-0.9,2.3,83,0.00,121,0.50,0.0,22.0,14.9,74
2018-10-18,-0.4,1.3,86,0.80,314,0.41,3.0,26.3,13.5,57
2018-10-19,-5.1,-2.3,65,0.00,345,0.65,0.0,18.8,11.5,52
2018-10-20,0.4,4.9,78,1.40,167,0.75,8.0,29.5,19.3,68
2018-10-21,-0.7,3.5,80,0.90,317,0.49,4.0,24.9,17.3,68
2018-10-22,-1.8,1.3,81,0.00,130,0.42,0.0,24.0,17.2,71
2018-10-23,-0.1,2.9,80,0.00,98,0.53,0.0,18.8,12.9,64
2018-10-24,-0.7,3.6,85,0.00,98,0.47,0.0,20.9,17.6,62
2018-10-25,0.4,2.4,82,0.00,130,0.55,0.0,24.0,20.1,72
2018-10-26,0.9,2.3,92,0.00,156,0.29,0.0,16.6,13.2,83
2018-10-27,-1.0,0.7,94,0.00,288,0.22,0.0,14.1,11.0,82
2018-10-28,-0.7,0.7,90,0.00,10,0.24,0.0,12.2,7.3,73
2018-10-29,-2.5,-0.5,83,0.00,78,0.27,0.0,12.7,11.1,69
2018-10-30,-4.0,-0.2,82,0.00,98,0.26,0.0,12.3,10.2,76
2018-10-31,-2.1,-1.1,87,10.40,121,0.24,21.0,20.2,17.6,78
2018-11-01,-5.1,-3.4,88,0.40,99,0.18,4.0,14.7,9.5,79
2018-11-02,-4.3,-2.3,90,7.10,121,0.13,15.0,15.7,10.7,85
2018-11-03,-8.5,-3.5,90,2.90,314,0.11,8.0,12.8,10.8,84
2018-11-04,-14.8,-11.9,87,0.00,324,0.09,0.0,11.4,9.8,81
2018-11-05,-22.2,-19.0,81,0.00,338,0.08,0.0,13.0,9.8,75
2018-11-06,-21.9,-17.9,85,0.00,354,0.06,0.0,10.8,7.4,81
2018-11-07,-19.2,-16.6,88,0.00,13,0.06,0.0,10.0,7.1,81
2018-11-08,-18.2,-8.4,82,0.00,97,0.13,0.0,20.2,12.5,74
2018-11-09,-11.2,-9.5,86,0.00,110,0.14,0.0,22.7,14.9,80
2018-11-10,-14.3,-11.2,84,0.00,316,0.11,0.0,20.6,15.9,79
2018-11-11,-16.8,-15.3,86,0.00,296,0.07,0.0,15.2,11.0,83
2018-11-12,-14.3,-11.9,86,0.00,76,0.09,0.0,16.3,12.2,82
2018-11-13,-13.2,-11.8,84,2.80,95,0.15,14.0,25.6,20.7,83
2018-11-14,-15.0,-12.6,79,1.50,78,0.18,11.0,24.5,20.8,75
2018-11-15,-19.3,-17.7,79,0.00,72,0.08,0.0,17.6,9.8,77
2018-11-16,-20.8,-19.3,83,0.00,266,0.05,0.0,13.1,11.0,80
2018-11-17,-23.6,-20.8,80,0.00,27,0.05,0.0,14.3,11.4,76
2018-11-18,-21.7,-18.8,80,0.00,103,0.09,0.0,18.5,16.5,77
2018-11-19,-16.7,-16.0,81,0.00,112,0.13,0.0,22.3,18.2,78
2018-11-20,-18.2,-16.9,72,0.00,104,0.22,0.0,27.1,23.5,69
2018-11-21,-13.2,-10.3,79,3.20,125,0.24,14.0,28.8,24.6,68
2018-11-22,-10.2,-9.1,87,0.10,63,0.08,1.0,15.4,10.4,78
2018-11-23,-21.1,-14.1,74,0.70,70,0.10,7.0,14.6,12.7,72
2018-11-24,-26.0,-23.2,77,0.00,99,0.07,0.0,14.2,13.2,76
2018-11-25,-19.5,-13.0,82,0.00,123,0.10,0.0,25.5,18.0,79
2018-11-26,-8.2,-6.2,90,0.00,140,0.10,0.0,25.4,20.7,85
2018-11-27,-6.5,-5.5,90,0.70,130,0.12,4.0,25.0,22.8,89
2018-11-28,-5.9,-5.1,88,0.00,137,0.13,0.0,23.8,19.1,86
2018-11-29,-11.7,-6.9,87,0.00,112,0.03,0.0,14.7,11.2,85
2018-11-30,-15.8,-12.8,84,0.00,83,0.03,0.0,9.0,5.8,82
2018-12-01,-13.2,-12.3,87,0.00,108,0.03,0.0,5.4,3.7,85
2018-12-02,-11.7,-10.4,89,0.00,145,0.03,0.0,7.9,5.0,87
2018-12-03,-8.9,-5.6,89,0.50,259,0.05,3.0,13.3,10.8,86
2018-12-04,-11.6,-6.4,88,0.00,49,0.03,0.0,14.7,9.7,79
2018-12-05,-16.0,-10.2,86,0.50,196,0.03,5.0,11.3,8.0,80
2018-12-06,-13.4,-12.8,89,0.00,212,0.02,0.0,13.0,9.1,84
2018-12-07,-14.9,-13.8,87,0.00,136,0.03,0.0,15.3,9.9,84
2018-12-08,-13.5,-10.0,88,0.00,131,0.05,0.0,18.7,13.1,86
2018-12-09,-5.9,-4.4,81,0.00,207,0.16,0.0,22.3,14.7,77
2018-12-10,-2.9,-1.2,81,0.00,183,0.33,0.0,27.7,22.6,77
2018-12-11,-5.7,-0.8,88,0.00,170,0.12,0.0,23.8,15.5,78
2018-12-12,-5.6,-3.2,89,1.40,175,0.12,6.0,23.1,15.3,80
2018-12-13,-16.3,-9.8,84,0.20,281,0.06,2.0,19.1,14.5,82
2018-12-14,-25.1,-20.8,82,0.00,318,0.03,0.0,15.7,9.7,79
2018-12-15,-24.7,-22.4,77,0.00,24,0.06,0.0,14.5,12.3,75
2018-12-16,-26.6,-22.7,78,0.00,94,0.04,0.0,20.1,11.2,74
2018-12-17,-15.3,-12.9,77,0.00,134,0.19,0.0,27.6,22.7,72
2018-12-18,-13.2,-11.0,87,0.00,127,0.05,0.0,16.0,14.4,87
2018-12-19,-11.3,-10.6,86,0.00,108,0.05,0.0,12.5,11.5,85
2018-12-20,-10.5,-9.7,87,0.50,104,0.04,5.0,12.6,11.6,86
2018-12-21,-11.0,-9.9,90,0.00,60,0.02,0.0,11.2,7.5,89
2018-12-22,-17.2,-14.9,85,0.00,297,0.01,0.0,9.7,6.7,82
2018-12-23,-24.6,-21.0,88,0.00,269,0.00,0.0,9.7,6.7,82
2018-12-24,-25.6,-23.3,81,0.00,158,0.01,0.0,9.0,5.0,79
2018-12-25,-23.4,-22.9,78,0.00,58,0.03,0.0,8.8,7.6,74
2018-12-26,-23.9,-22.8,77,0.00,76,0.05,0.0,13.1,11.4,76
2018-12-27,-29.7,-27.4,76,0.00,89,0.04,0.0,15.1,13.9,76
2018-12-28,-28.2,-24.6,78,0.00,112,0.05,0.0,19.5,16.7,75
2018-12-29,-23.4,-21.9,72,0.00,101,0.12,0.0,20.3,18.9,68
2018-12-30,-30.4,-26.7,73,0.00,89,0.04,0.0,18.6,12.3,71
2018-12-31,-27.8,-23.6,76,0.00,141,0.07,0.0,26.7,19.8,70
2019-01-01,-18.5,-16.1,82,6.10,151,0.08,9.0,28.3,18.5,79
2019-01-02,-14.9,-7.7,85,0.70,152,0.09,5.0,27.8,17.2,78
2019-01-03,-8.3,-4.7,85,0.50,295,0.13,3.0,25.5,18.0,77
2019-01-04,-21.8,-14.5,80,0.00,337,0.05,0.0,20.6,10.8,78
2019-01-05,-23.1,-20.9,83,0.00,191,0.01,0.0,9.7,6.3,80
2019-01-06,-20.1,-17.7,80,0.90,44,0.06,7.0,17.7,13.8,75
2019-01-07,-28.4,-24.3,73,0.00,8,0.06,0.0,17.8,14.1,72
2019-01-08,-29.2,-27.8,76,0.40,336,0.02,4.0,10.8,5.0,75
2019-01-09,-29.1,-26.5,77,0.40,80,0.01,4.0,10.8,6.3,75
2019-01-10,-29.2,-25.1,76,0.20,93,0.06,2.0,22.1,16.5,74
2019-01-11,-20.1,-16.8,79,3.20,120,0.10,9.0,23.0,16.4,74
2019-01-12,-17.6,-13.6,82,0.30,318,0.06,3.0,17.3,12.4,76
2019-01-13,-29.9,-24.6,75,0.00,338,0.04,0.0,14.2,10.5,73
2019-01-14,-30.0,-27.8,71,0.40,84,0.07,4.0,19.2,15.2,69
2019-01-15,-30.0,-28.4,74,0.00,85,0.04,0.0,15.6,9.9,71
2019-01-16,-33.9,-31.9,75,0.00,342,0.03,0.0,16.1,11.8,73
2019-01-17,-34.3,-32.8,75,0.00,340,0.03,0.0,16.9,10.9,73
2019-01-18,-33.1,-31.0,76,0.00,63,0.03,0.0,13.3,9.4,74
2019-01-19,-27.6,-23.2,73,0.00,118,0.09,0.0,24.1,18.7,65
2019-01-20,-20.9,-20.3,71,1.80,147,0.14,12.0,25.0,14.1,58
2019-01-21,-25.0,-23.3,78,0.00,310,0.06,0.0,14.0,11.8,77
2019-01-22,-29.6,-25.5,80,0.00,311,0.03,0.0,15.8,10.7,76
2019-01-23,-32.5,-29.6,74,0.00,316,0.04,0.0,17.1,12.2,72
2019-01-24,-32.1,-29.9,73,0.00,111,0.05,0.0,18.0,14.8,69
2019-01-25,-26.6,-23.8,72,0.30,133,0.07,3.0,16.3,10.8,70
2019-01-26,-20.6,-17.8,79,0.30,125,0.08,3.0,14.7,9.5,75
2019-01-27,-19.5,-13.5,78,0.10,330,0.11,1.0,29.4,18.2,69
2019-01-28,-31.5,-25.3,72,0.00,355,0.05,0.0,16.8,10.5,68
2019-01-29,-29.6,-25.9,68,0.60,125,0.10,5.0,21.5,17.1,65
2019-01-30,-23.9,-21.4,70,4.90,120,0.16,13.0,25.9,21.1,67
2019-01-31,-23.4,-21.5,77,1.40,347,0.07,14.0,14.1,8.6,66
2019-02-01,-32.0,-24.1,73,0.00,13,0.05,0.0,14.4,9.7,70
2019-02-02,-37.8,-35.8,71,0.00,34,0.03,0.0,10.6,8.6,64
2019-02-03,-40.4,-38.1,70,0.00,357,0.02,0.0,11.5,7.2,62
2019-02-04,-36.7,-32.8,71,0.00,108,0.04,0.0,17.0,13.6,67
2019-02-05,-34.8,-32.6,72,0.00,97,0.05,0.0,17.4,13.2,69
2019-02-06,-33.4,-30.5,75,0.00,110,0.05,0.0,14.3,12.0,72
2019-02-07,-31.6,-29.7,76,0.00,96,0.06,0.0,14.9,13.2,73
2019-02-08,-32.4,-29.2,74,0.00,345,0.05,0.0,12.2,10.7,71
2019-02-09,-28.1,-22.5,72,0.10,194,0.11,1.0,23.1,16.5,64
2019-02-10,-17.0,-12.2,78,1.00,317,0.15,6.0,13.3,9.4,67
2019-02-11,-17.1,-14.6,81,0.30,63,0.10,3.0,9.2,7.0,76
2019-02-12,-22.3,-19.6,80,0.00,145,0.08,0.0,15.7,9.2,78
2019-02-13,-21.6,-21.0,78,0.00,159,0.15,0.0,20.9,19.0,74
2019-02-14,-22.5,-20.2,76,0.00,34,0.11,0.0,14.1,9.4,68
2019-02-15,-21.2,-18.6,77,0.00,23,0.15,0.0,16.7,12.7,69
2019-02-16,-24.8,-22.6,74,0.00,68,0.11,0.0,14.2,12.0,63
2019-02-17,-28.6,-25.8,74,0.00,106,0.10,0.0,13.4,12.3,67
2019-02-18,-25.3,-21.8,76,0.00,149,0.14,0.0,17.8,15.0,71
2019-02-19,-23.9,-21.2,76,0.00,73,0.13,0.0,11.5,9.1,68
2019-02-20,-24.0,-20.0,76,0.00,174,0.12,0.0,8.3,6.2,68
2019-02-21,-20.3,-17.3,82,0.00,233,0.15,0.0,10.9,7.2,76
2019-02-22,-23.7,-19.3,78,0.00,349,0.12,0.0,16.9,10.0,71
2019-02-23,-25.9,-21.4,72,0.00,333,0.15,0.0,22.3,16.1,61
2019-02-24,-27.7,-23.6,70,0.00,193,0.14,0.0,11.3,7.2,60
2019-02-25,-24.9,-19.7,73,0.10,255,0.15,1.0,12.1,8.5,68
2019-02-26,-14.8,-8.4,81,0.20,308,0.27,2.0,16.9,13.3,73
2019-02-27,-11.1,-7.2,75,0.00,333,0.38,0.0,27.2,23.0,67
2019-02-28,-22.0,-14.7,71,0.00,19,0.21,0.0,22.1,16.5,62
2019-03-01,-29.0,-25.1,70,0.00,20,0.14,0.0,13.7,10.1,62
2019-03-02,-27.4,-20.9,69,0.00,333,0.18,0.0,11.0,9.3,54
2019-03-03,-21.4,-14.3,62,0.00,318,0.32,0.0,11.3,8.6,47
2019-03-04,-17.4,-13.0,70,0.00,323,0.33,0.0,24.8,17.6,58
2019-03-05,-14.4,-10.3,79,0.00,344,0.39,0.0,21.6,12.9,68
2019-03-06,-14.0,-9.9,78,0.00,195,0.38,0.0,17.4,12.7,70
2019-03-07,-14.3,-10.6,84,0.00,163,0.35,0.0,10.6,6.9,75
2019-03-08,-15.7,-10.9,84,0.00,348,0.30,0.0,11.1,8.7,75
2019-03-09,-14.5,-10.7,82,0.00,83,0.33,0.0,13.3,9.1,74
2019-03-10,-12.8,-7.9,81,0.00,144,0.52,0.0,21.9,15.0,74
2019-03-11,-7.0,-1.6,82,0.60,140,0.55,6.0,16.2,11.0,78
2019-03-12,-6.0,-2.3,87,1.30,309,0.32,13.0,22.4,11.2,78
2019-03-13,-12.1,-7.2,82,0.40,321,0.40,3.0,21.2,15.4,70
2019-03-14,-15.0,-9.2,81,0.00,124,0.39,0.0,20.4,12.4,72
2019-03-15,-7.1,-3.5,81,0.80,135,0.54,7.0,23.9,16.5,73
2019-03-16,-6.7,-2.2,86,0.00,278,0.65,0.0,13.2,8.9,72
2019-03-17,-3.7,2.2,79,0.00,162,0.88,0.0,15.7,10.7,67
2019-03-18,-0.7,6.8,79,0.00,176,0.98,0.0,21.5,12.4,64
2019-03-19,3.0,6.8,77,0.00,220,1.12,0.0,12.0,8.7,66
2019-03-20,3.4,5.9,71,0.00,324,1.31,0.0,19.3,13.4,61
2019-03-21,-1.8,3.3,87,0.00,129,0.79,0.0,24.3,16.5,72
2019-03-22,0.6,3.2,83,0.00,320,0.74,0.0,20.1,16.3,78
2019-03-23,-10.1,-2.3,74,0.00,59,0.62,0.0,21.9,16.4,65
2019-03-24,-11.9,-5.0,73,0.00,125,0.63,0.0,24.6,19.1,65
2019-03-25,-3.3,0.7,81,0.50,218,0.63,4.0,17.3,11.9,69
2019-03-26,-2.2,1.2,88,0.30,332,0.55,3.0,18.9,14.1,82
2019-03-27,-4.8,-1.8,85,0.30,336,0.58,3.0,19.9,11.1,73
2019-03-28,-2.4,-1.0,86,0.40,317,0.53,3.0,25.1,16.9,73
2019-03-29,-4.8,-1.3,86,0.10,266,0.59,1.0,17.2,10.2,80
2019-03-30,-2.7,-0.7,84,0.60,318,0.68,6.0,22.2,15.2,67
2019-03-31,-1.9,1.9,76,0.30,280,0.95,2.0,24.3,14.4,65
2019-04-01,-4.0,1.3,76,2.00,325,0.77,7.0,29.3,24.9,60
2019-04-02,-12.5,-6.5,72,0.30,332,0.58,3.0,28.4,18.1,59
2019-04-03,-16.8,-12.2,73,0.00,327,0.48,0.0,16.9,10.8,59
2019-04-04,-19.3,-13.1,70,0.00,303,0.52,0.0,16.6,11.3,59
2019-04-05,-13.9,-7.5,74,0.00,295,0.84,0.0,18.7,9.2,61
2019-04-06,-12.5,-7.5,76,0.00,90,0.58,0.0,17.7,13.2,65
2019-04-07,-5.1,-0.8,82,1.50,112,0.52,13.0,19.6,16.4,73
2019-04-08,-0.8,3.4,89,0.00,149,0.94,0.0,18.7,13.5,72
2019-04-09,1.2,5.4,82,0.00,130,1.51,0.0,15.6,13.6,59
2019-04-10,3.2,8.4,67,0.00,143,1.95,0.0,13.7,10.0,49
2019-04-11,2.8,9.8,79,0.80,34,1.59,6.0,15.1,11.8,49
2019-04-12,1.8,7.6,82,0.00,100,1.72,0.0,12.6,10.7,57
2019-04-13,3.6,10.2,80,0.40,112,1.83,2.0,18.1,13.6,56
2019-04-14,2.0,9.8,86,2.00,16,0.88,11.0,15.4,10.9,60
2019-04-15,-2.7,0.3,85,4.30,3,0.78,13.0,15.0,9.0,70
2019-04-16,-5.2,-0.6,79,0.00,74,0.94,0.0,10.6,5.9,65
2019-04-17,-2.4,4.3,75,0.00,78,1.75,0.0,15.9,10.7,60
2019-04-18,0.3,5.0,80,1.40,84,1.30,3.0,14.4,11.1,65
2019-04-19,-0.6,3.8,83,2.10,73,0.94,10.0,18.7,15.2,69
2019-04-20,-4.4,-0.9,78,1.60,58,1.23,13.0,15.2,13.2,67
2019-04-21,-5.6,1.2,78,0.00,103,1.60,0.0,12.1,8.5,58
2019-04-22,1.5,12.2,67,0.00,106,2.33,0.0,17.0,13.7,39
2019-04-23,4.8,12.6,81,3.70,67,1.23,12.0,19.0,12.2,39
2019-04-24,1.0,7.2,89,5.00,14,0.77,19.0,12.3,9.1,71
2019-04-25,-5.7,-2.8,77,0.60,16,0.77,6.0,17.3,10.0,60
2019-04-26,-7.1,-4.6,73,0.20,330,0.96,2.0,18.8,11.8,60
2019-04-27,-9.2,-2.4,70,0.00,340,1.42,0.0,15.5,10.3,53
2019-04-28,-7.4,-1.3,71,0.00,344,1.46,0.0,13.2,9.0,55
2019-04-29,-7.6,0.6,70,0.30,347,0.91,2.0,22.8,14.4,45
2019-04-30,-15.6,-11.6,60,0.00,15,0.85,0.0,21.6,9.9,53
2019-05-01,-11.4,-7.0,66,0.40,142,1.01,4.0,12.5,9.2,50
2019-05-02,-9.3,-5.8,68,0.20,73,1.21,2.0,20.4,16.1,52
2019-05-03,-6.0,-1.9,61,0.40,25,1.71,3.0,19.5,16.3,42
2019-05-04,-4.3,1.3,68,0.00,357,1.42,0.0,13.5,11.4,52
2019-05-05,-2.1,2.7,67,0.00,0,1.99,0.0,10.1,8.3,37
2019-05-06,-0.5,5.6,56,0.00,108,2.38,0.0,12.9,8.4,26
2019-05-07,2.1,9.2,61,0.00,131,2.79,0.0,19.3,12.1,26
2019-05-08,5.7,13.1,51,0.00,123,3.45,0.0,14.5,11.5,25
2019-05-09,6.8,13.4,59,1.60,142,2.60,6.0,20.7,13.5,36
2019-05-10,3.3,10.8,80,1.00,330,1.36,7.0,25.5,21.7,63
2019-05-11,2.7,9.5,69,0.00,111,2.36,0.0,16.3,12.1,38
2019-05-12,4.2,9.0,67,0.50,87,1.72,3.0,22.0,19.2,40
2019-05-13,1.2,6.6,68,0.10,44,1.75,1.0,16.8,13.8,53
2019-05-14,0.9,4.2,61,0.00,3,1.74,0.0,16.3,12.7,41
2019-05-15,0.1,3.0,61,0.00,51,1.72,0.0,12.6,11.0,47
2019-05-16,2.1,7.4,62,0.00,103,2.57,0.0,12.6,9.7,46
2019-05-17,6.3,15.1,57,0.00,124,3.58,0.0,24.2,17.9,31
2019-05-18,10.9,18.7,42,0.00,126,4.96,0.0,23.1,19.7,24
2019-05-19,13.9,20.3,38,0.00,136,5.37,0.0,20.1,16.8,23
2019-05-20,15.8,24.1,40,0.00,142,4.80,0.0,14.3,6.5,23
2019-05-21,10.9,24.1,53,0.00,69,4.22,0.0,26.6,22.2,21
2019-05-22,4.7,12.4,51,0.00,81,3.77,0.0,22.6,18.1,25
2019-05-23,5.9,12.0,46,0.00,85,3.93,0.0,16.9,14.4,25
2019-05-24,3.7,10.3,48,0.00,73,3.54,0.0,16.3,14.3,29
2019-05-25,4.8,11.4,46,0.00,114,3.67,0.0,14.2,10.0,27
2019-05-26,9.4,19.4,39,0.00,211,4.52,0.0,28.2,15.6,24
2019-05-27,8.8,16.6,54,0.00,84,3.67,0.0,24.8,11.7,31
2019-05-28,12.1,19.6,37,0.00,101,4.14,0.0,15.1,12.0,25
2019-05-29,6.5,17.9,62,6.10,76,2.22,6.0,24.5,21.6,28
2019-05-30,1.6,6.4,73,8.30,57,2.51,7.0,22.2,9.9,39
2019-05-31,5.1,12.3,53,0.00,162,3.48,0.0,9.7,6.9,36
2019-06-01,7.9,13.8,54,0.00,116,3.05,0.0,26.1,19.4,33
2019-06-02,7.4,12.9,86,17.50,114,1.22,22.0,24.1,18.8,38
2019-06-03,5.5,8.5,93,4.70,180,0.69,16.0,13.2,9.2,86
2019-06-04,6.1,9.9,84,1.20,184,1.29,4.0,12.2,7.4,65
2019-06-05,7.1,11.4,78,1.70,40,1.84,4.0,23.0,15.3,50
2019-06-06,4.8,10.2,74,2.10,22,1.60,12.0,23.6,20.0,47
2019-06-07,4.3,6.9,75,0.40,28,1.55,4.0,21.6,17.1,60
2019-06-08,4.3,8.4,71,0.00,39,1.57,0.0,15.9,11.1,50
2019-06-09,5.2,7.1,62,0.00,32,1.96,0.0,16.2,9.9,45
2019-06-10,6.6,14.5,56,0.00,351,3.50,0.0,18.8,10.5,33
2019-06-11,12.9,20.7,50,1.50,230,4.45,5.0,14.1,9.3,34
2019-06-12,15.7,21.8,51,0.00,160,5.19,0.0,14.0,11.6,41
2019-06-13,17.5,24.7,58,6.50,111,4.42,3.0,14.7,7.3,42
2019-06-14,17.8,22.5,65,0.40,356,4.73,2.0,20.0,12.1,35
2019-06-15,18.1,24.2,53,0.00,62,5.31,0.0,17.0,8.6,25
2019-06-16,17.1,24.9,57,0.10,162,4.89,1.0,15.0,11.8,26
2019-06-17,19.8,26.2,47,0.00,159,5.65,0.0,22.0,14.6,34
2019-06-18,22.4,26.5,51,0.10,92,4.51,1.0,18.5,9.6,36
2019-06-19,18.9,25.3,56,0.10,121,5.21,1.0,17.7,13.0,35
2019-06-20,17.7,22.2,59,0.50,344,4.49,1.0,17.2,11.1,33
2019-06-21,15.0,19.0,52,0.00,66,4.65,0.0,21.4,15.5,32
2019-06-22,15.5,22.5,50,0.60,89,4.89,2.0,21.5,15.2,36
2019-06-23,18.7,25.6,61,1.00,107,4.36,3.0,11.3,6.5,36
2019-06-24,18.9,23.4,68,10.60,20,3.85,6.0,15.8,9.6,43
2019-06-25,19.5,24.1,57,0.10,71,4.70,1.0,12.0,8.4,34
2019-06-26,17.2,22.7,50,0.10,288,4.67,1.0,21.5,12.1,36
2019-06-27,12.5,19.3,54,0.90,7,4.61,6.0,23.4,16.9,24
2019-06-28,15.7,20.2,40,0.00,147,5.08,0.0,14.0,8.1,22
2019-06-29,17.9,24.1,36,0.00,25,5.40,0.0,21.3,9.0,20
2019-06-30,15.7,23.3,42,1.00,327,5.37,3.0,28.5,20.9,18
2019-07-01,8.0,11.4,72,5.70,325,1.92,12.0,32.9,25.3,36
2019-07-02,12.8,15.5,68,1.00,358,2.61,6.0,30.7,24.9,55
2019-07-03,11.5,14.4,85,4.70,357,1.49,23.0,22.7,17.3,63
2019-07-04,15.4,23.5,70,0.50,30,3.74,5.0,18.9,11.1,29
2019-07-05,17.4,22.8,67,6.50,271,2.93,6.0,15.9,10.1,37
2019-07-06,16.8,20.1,65,0.10,310,3.11,1.0,11.4,7.1,44
2019-07-07,12.0,19.0,71,3.00,318,2.23,6.0,21.8,17.0,51
2019-07-08,9.2,12.9,68,1.00,321,2.80,8.0,22.6,16.9,54
2019-07-09,10.8,15.1,65,0.30,308,2.77,1.0,19.7,14.9,48
2019-07-10,13.5,17.8,66,0.40,287,3.31,4.0,15.5,6.7,43
2019-07-11,15.5,20.7,61,0.00,220,3.60,0.0,17.7,11.4,38
2019-07-12,12.4,19.0,57,0.40,326,3.46,4.0,23.1,17.6,40
2019-07-13,12.9,19.2,53,0.00,313,4.18,0.0,21.1,10.0,31
2019-07-14,16.2,20.9,53,0.00,298,4.38,0.0,17.1,11.4,33
2019-07-15,19.5,25.8,54,0.00,261,4.87,0.0,13.0,10.5,33
2019-07-16,21.9,27.8,50,0.00,195,5.45,0.0,15.9,9.4,31
2019-07-17,22.3,29.4,51,3.90,141,5.09,2.0,18.0,8.9,29
2019-07-18,20.2,25.8,55,0.60,51,5.52,1.0,18.7,16.9,32
2019-07-19,16.3,21.7,50,0.00,61,5.13,0.0,20.6,11.3,30
2019-07-20,18.5,24.3,47,0.00,181,5.27,0.0,14.0,9.4,26
2019-07-21,22.9,29.1,44,0.00,161,5.89,0.0,12.3,9.9,31
2019-07-22,24.1,29.8,51,0.00,36,5.36,0.0,16.5,9.3,23
2019-07-23,23.7,29.1,42,0.00,34,5.76,0.0,13.4,10.0,24
2019-07-24,23.1,28.2,41,0.00,70,5.52,0.0,13.2,8.8,25
2019-07-25,21.9,27.5,44,0.00,110,5.18,0.0,14.4,10.0,28
2019-07-26,16.4,24.5,82,8.90,49,1.86,18.0,20.5,13.1,40
2019-07-27,13.2,16.6,57,0.00,34,3.58,0.0,18.1,11.7,28
2019-07-28,11.6,17.2,48,0.00,7,4.09,0.0,18.5,8.1,30
2019-07-29,14.7,20.4,65,0.50,145,3.74,2.0,14.1,10.3,41
2019-07-30,15.7,21.3,78,11.20,298,2.54,13.0,14.4,9.5,36
2019-07-31,16.5,21.6,52,0.20,307,4.40,1.0,15.0,9.3,31
2019-08-01,17.9,22.7,54,0.20,168,4.60,2.0,17.1,11.3,32
2019-08-02,16.8,22.6,76,8.80,127,2.62,13.0,16.1,9.7,31
2019-08-03,15.2,19.2,80,2.30,306,2.85,3.0,20.9,12.3,47
2019-08-04,15.1,21.4,78,0.50,271,2.24,3.0,19.7,10.0,61
2019-08-05,13.9,18.9,70,1.00,313,2.42,9.0,27.9,19.2,56
2019-08-06,9.9,13.4,75,0.20,321,1.78,2.0,24.3,18.6,58
2019-08-07,11.8,13.9,74,0.80,24,1.59,5.0,10.7,7.4,59
2019-08-08,11.4,14.8,76,0.50,346,2.29,4.0,20.5,13.8,52
2019-08-09,9.3,13.8,88,7.20,321,1.07,18.0,24.8,20.3,64
2019-08-10,11.7,15.8,85,5.10,12,1.96,8.0,19.7,10.9,65
2019-08-11,14.0,18.9,76,0.20,186,3.06,2.0,9.8,7.3,48
2019-08-12,15.5,21.6,70,1.90,122,3.37,3.0,12.9,9.4,44
2019-08-13,11.2,16.0,81,2.30,308,2.26,5.0,14.6,9.8,48
2019-08-14,12.1,16.5,90,3.80,139,1.36,12.0,14.8,9.6,73
2019-08-15,14.0,17.2,81,0.00,331,2.12,0.0,13.4,10.6,56
2019-08-16,10.5,16.9,74,1.80,336,1.87,6.0,27.0,20.2,56
2019-08-17,9.4,14.4,66,0.00,356,2.30,0.0,20.6,12.5,42
2019-08-18,10.2,13.5,81,6.40,19,1.41,17.0,20.0,14.6,44
2019-08-19,11.0,15.5,86,7.90,93,2.01,10.0,13.0,10.3,57
2019-08-20,10.4,14.6,80,0.00,236,2.25,0.0,10.4,7.4,53
2019-08-21,14.7,20.5,66,0.00,140,3.14,0.0,30.5,21.7,51
2019-08-22,14.0,20.1,85,6.20,200,1.35,14.0,25.7,17.2,53
2019-08-23,9.8,13.9,79,0.40,200,1.92,3.0,21.2,14.5,63
2019-08-24,11.6,17.4,85,3.50,20,2.18,6.0,14.3,7.9,48
2019-08-25,13.0,17.6,71,0.00,12,2.71,0.0,10.8,8.8,45
2019-08-26,13.5,18.2,70,0.20,123,2.39,2.0,16.6,12.3,45
2019-08-27,13.7,18.0,76,0.10,170,2.64,1.0,12.7,8.3,49
2019-08-28,13.6,18.5,71,0.30,9,2.61,2.0,13.2,9.3,40
2019-08-29,11.3,18.8,73,0.90,0,1.80,4.0,15.5,10.6,40
2019-08-30,7.4,11.0,67,0.10,343,1.75,1.0,12.6,9.5,40
2019-08-31,6.2,10.2,68,0.00,21,1.70,0.0,15.9,8.5,46
2019-09-01,6.7,10.3,82,0.70,80,1.12,4.0,11.0,7.6,57
2019-09-02,7.8,10.3,83,5.00,71,1.01,11.0,13.9,10.3,59
2019-09-03,8.4,9.9,87,3.00,106,0.69,12.0,15.6,10.2,72
2019-09-04,9.5,15.1,77,0.70,113,1.84,2.0,16.6,14.6,56
2019-09-05,10.6,15.2,87,18.50,70,1.13,19.0,14.7,9.8,54
2019-09-06,9.9,13.6,82,0.00,303,1.71,0.0,16.2,10.3,59
2019-09-07,8.7,13.7,74,0.00,350,1.88,0.0,15.3,9.4,50
2019-09-08,9.9,13.6,75,0.00,140,1.76,0.0,12.2,7.9,52
2019-09-09,10.6,14.3,77,0.00,156,2.08,0.0,16.8,12.2,57
2019-09-10,11.5,15.8,75,0.00,178,2.20,0.0,16.7,11.7,53
2019-09-11,11.8,14.2,71,0.00,172,2.37,0.0,22.9,17.2,57
2019-09-12,12.0,14.4,78,0.00,166,2.04,0.0,18.0,15.3,57
2019-09-13,12.9,16.3,80,0.10,148,1.53,1.0,16.8,13.9,70
2019-09-14,12.6,16.1,87,12.00,62,1.30,14.0,13.0,9.8,61
2019-09-15,10.8,16.2,78,0.00,341,1.48,0.0,20.1,15.2,54
2019-09-16,7.8,10.8,76,0.30,54,1.17,2.0,18.8,9.7,58
2019-09-17,7.0,8.6,97,12.60,31,0.28,24.0,25.4,17.0,86
2019-09-18,5.2,8.7,88,0.30,296,0.90,3.0,16.9,13.2,62
2019-09-19,6.6,12.2,86,0.00,132,0.76,0.0,21.3,14.9,67
2019-09-20,8.5,11.7,94,2.50,287,0.57,7.0,21.0,14.2,79
2019-09-21,7.4,11.8,90,0.20,128,0.75,2.0,21.8,12.7,74
2019-09-22,11.6,16.1,86,0.60,160,1.19,4.0,18.8,10.4,73
2019-09-23,8.2,13.8,85,0.30,323,0.85,3.0,23.1,16.2,68
2019-09-24,4.3,8.2,77,0.00,332,1.14,0.0,18.0,13.4,57
2019-09-25,4.0,8.0,82,0.20,321,0.81,2.0,21.1,13.7,60
2019-09-26,2.0,5.4,77,0.00,17,0.72,0.0,17.3,9.0,56
2019-09-27,1.3,3.5,75,0.20,328,0.92,1.0,23.2,15.3,53
2019-09-28,1.3,4.2,74,0.20,318,0.90,2.0,17.2,13.5,48
2019-09-29,3.4,7.4,71,0.00,194,1.18,0.0,18.6,11.1,58
2019-09-30,5.0,6.7,69,0.00,180,1.39,0.0,23.3,19.3,59
2019-10-01,5.8,9.2,80,0.00,154,1.10,0.0,18.5,9.7,61
2019-10-02,5.8,10.0,78,0.00,132,1.06,0.0,14.1,11.3,62
2019-10-03,7.0,10.2,80,0.00,127,1.06,0.0,14.2,12.2,67
2019-10-04,5.8,9.0,91,2.30,21,0.35,8.0,19.7,12.5,74
2019-10-05,3.4,5.7,89,0.20,12,0.43,2.0,17.8,10.2,77
2019-10-06,3.9,7.0,95,2.90,175,0.36,8.0,15.3,8.9,85
2019-10-07,0.4,4.0,78,3.80,349,0.80,7.0,28.7,20.7,54
2019-10-08,-1.5,0.3,70,0.60,331,0.92,3.0,26.3,20.8,53
2019-10-09,-1.5,2.4,70,0.00,292,0.93,0.0,18.2,14.0,40
2019-10-10,0.2,3.3,74,0.00,264,0.77,0.0,13.0,10.2,52
2019-10-11,2.3,4.7,82,0.00,159,0.60,0.0,25.8,17.6,69
2019-10-12,5.3,7.1,70,0.00,179,1.33,0.0,29.3,19.8,64
2019-10-13,1.5,6.3,75,0.00,326,0.62,0.0,17.1,13.7,58
2019-10-14,-0.9,1.0,71,0.00,75,0.48,0.0,10.6,5.6,55
2019-10-15,0.2,1.3,87,5.10,130,0.33,18.0,19.5,12.4,73
2019-10-16,0.8,1.7,90,9.20,117,0.32,23.0,21.8,16.1,81
2019-10-17,0.5,2.3,95,0.20,66,0.33,2.0,12.6,7.8,81
2019-10-18,0.2,1.6,87,2.30,35,0.31,13.0,16.1,14.0,79
2019-10-19,-1.4,-0.1,88,2.50,352,0.31,12.0,12.6,10.6,78
2019-10-20,-2.5,-0.9,78,0.00,353,0.38,0.0,12.0,9.7,61
2019-10-21,-3.8,-1.2,70,0.00,348,0.37,0.0,9.0,4.8,57
2019-10-22,-0.8,2.1,93,0.40,100,0.24,4.0,12.6,6.8,83
2019-10-23,-0.7,0.4,89,0.50,3,0.30,5.0,11.2,6.9,73
2019-10-24,1.1,2.1,86,2.00,189,0.43,5.0,24.5,19.0,75
2019-10-25,-3.0,0.2,74,0.00,326,0.55,0.0,21.8,19.5,56
2019-10-26,-7.2,-2.9,64,0.00,332,0.55,0.0,19.5,12.3,48
2019-10-27,-4.7,-3.0,72,1.20,323,0.50,7.0,27.7,18.7,51
2019-10-28,-8.8,-7.2,63,0.00,358,0.51,0.0,26.3,14.7,55
2019-10-29,-6.6,-3.0,70,0.00,148,0.46,0.0,28.4,16.2,62
2019-10-30,-2.8,0.2,75,0.00,231,0.42,0.0,23.3,10.5,68
2019-10-31,-1.9,-0.1,93,0.00,305,0.20,0.0,11.2,9.0,78
2019-11-01,-3.0,-1.0,87,0.60,303,0.20,4.0,15.1,9.5,72
2019-11-02,-4.0,-2.3,90,0.10,115,0.16,1.0,17.1,9.6,80
2019-11-03,-7.0,-4.3,72,0.30,325,0.37,3.0,19.8,14.9,51
2019-11-04,-9.9,-6.9,77,0.00,282,0.16,0.0,12.7,7.4,66
2019-11-05,-10.1,-8.0,77,0.60,330,0.24,6.0,18.7,13.9,67
2019-11-06,-12.6,-10.6,83,0.00,125,0.10,0.0,9.5,5.5,74
2019-11-07,-11.2,-7.0,84,0.10,101,0.15,1.0,15.8,9.9,77
2019-11-08,-12.1,-10.3,84,0.20,357,0.13,2.0,17.1,11.0,70
2019-11-09,-18.4,-10.8,67,0.00,339,0.22,0.0,20.3,15.2,56
2019-11-10,-17.2,-13.9,82,0.00,259,0.10,0.0,13.8,10.1,72
2019-11-11,-13.3,-11.6,79,0.00,213,0.15,0.0,16.6,12.3,66
2019-11-12,-10.6,-7.3,84,0.00,302,0.13,0.0,15.0,12.8,79
2019-11-13,-13.6,-8.0,72,0.80,348,0.17,8.0,17.7,11.7,60
2019-11-14,-20.2,-18.6,67,0.00,302,0.16,0.0,18.5,12.6,61
2019-11-15,-14.7,-10.8,79,3.90,111,0.15,15.0,24.7,14.7,65
2019-11-16,-18.2,-12.6,85,0.10,312,0.04,1.0,11.9,7.7,82
2019-11-17,-14.5,-12.7,83,0.20,64,0.10,2.0,17.4,13.4,80
2019-11-18,-14.7,-13.8,83,3.60,40,0.09,14.0,16.9,12.2,81
2019-11-19,-23.3,-17.3,80,0.00,5,0.05,0.0,15.7,9.8,77
2019-11-20,-18.8,-14.1,82,0.10,118,0.11,1.0,26.9,17.9,78
2019-11-21,-7.8,-4.2,93,0.00,142,0.06,0.0,25.5,14.6,87
2019-11-22,-6.6,-5.5,94,0.00,318,0.05,0.0,11.4,7.1,91
2019-11-23,-3.7,-0.9,95,9.90,190,0.06,12.0,23.7,16.6,92
2019-11-24,-10.7,-6.0,89,0.70,336,0.04,5.0,15.1,11.5,85
2019-11-25,-16.8,-14.7,83,0.00,53,0.06,0.0,12.5,10.7,79
2019-11-26,-17.8,-17.4,82,0.00,40,0.06,0.0,13.6,12.1,81
2019-11-27,-18.7,-14.5,84,0.00,148,0.03,0.0,19.5,10.3,81
2019-11-28,-12.5,-9.6,84,0.00,179,0.15,0.0,26.7,22.7,75
2019-11-29,-9.4,-8.0,80,0.00,193,0.19,0.0,27.1,15.0,73
2019-11-30,-10.2,-9.6,88,0.00,157,0.05,0.0,17.4,14.0,86
2019-12-01,-12.0,-9.8,89,0.80,27,0.04,4.0,12.3,8.0,85
2019-12-02,-12.5,-10.0,85,1.50,86,0.08,12.0,17.3,15.1,84
2019-12-03,-13.9,-13.2,84,3.20,64,0.08,21.0,17.9,13.6,81
2019-12-04,-24.9,-16.5,77,0.00,349,0.06,0.0,20.1,11.8,75
2019-12-05,-28.8,-26.8,82,0.10,338,0.01,1.0,11.4,6.7,76
2019-12-06,-26.6,-22.8,77,0.30,256,0.05,3.0,14.5,11.7,75
2019-12-07,-28.3,-23.4,77,0.00,326,0.04,0.0,16.0,11.3,73
2019-12-08,-32.3,-30.4,76,0.00,89,0.02,0.0,12.6,9.6,73
2019-12-09,-35.8,-34.2,76,0.00,351,0.02,0.0,11.6,8.5,71
2019-12-10,-32.5,-31.4,74,0.00,82,0.04,0.0,15.9,12.7,72
2019-12-11,-31.8,-31.3,77,0.00,93,0.02,0.0,13.7,10.2,75
2019-12-12,-33.8,-31.8,77,0.00,19,0.01,0.0,11.4,7.8,72
2019-12-13,-35.3,-31.3,75,0.00,105,0.01,0.0,14.0,7.3,69
2019-12-14,-31.7,-29.5,74,0.00,112,0.03,0.0,16.1,9.8,73
2019-12-15,-33.1,-30.0,75,0.00,318,0.01,0.0,10.8,6.2,74
2019-12-16,-35.9,-32.9,74,0.00,313,0.03,0.0,14.1,11.1,71
2019-12-17,-33.6,-31.2,77,0.00,52,0.02,0.0,14.8,9.8,73
2019-12-18,-39.0,-35.4,71,0.00,5,0.02,0.0,14.7,10.4,69
2019-12-19,-31.0,-20.9,69,2.40,97,0.08,14.0,22.0,16.1,64
2019-12-20,-25.1,-20.3,77,0.30,305,0.03,3.0,13.3,8.3,73
2019-12-21,-27.3,-22.7,75,2.10,113,0.02,12.0,6.9,4.2,74
2019-12-22,-28.0,-22.8,77,0.50,320,0.03,5.0,12.5,8.8,74
2019-12-23,-24.7,-20.7,79,1.60,139,0.06,9.0,22.2,15.8,73
2019-12-24,-16.6,-14.0,86,0.00,161,0.04,0.0,21.2,13.9,84
2019-12-25,-19.6,-16.5,82,0.00,359,0.03,0.0,12.3,7.3,80
2019-12-26,-17.1,-14.5,85,0.00,145,0.05,0.0,20.4,14.0,82
2019-12-27,-15.7,-13.7,85,0.00,133,0.06,0.0,20.9,14.9,79
2019-12-28,-23.9,-18.6,81,0.30,150,0.05,1.0,21.2,11.3,78
2019-12-29,-22.2,-17.1,78,1.10,322,0.06,6.0,17.6,12.4,74
2019-12-30,-22.6,-15.0,79,0.00,143,0.09,0.0,24.0,18.0,74
2019-12-31,-12.0,-10.4,88,0.00,104,0.04,0.0,17.9,8.8,86
2020-01-01,-11.7,-10.7,86,0.00,60,0.03,0.0,9.8,8.1,83
2020-01-02,-13.9,-13.4,85,0.00,18,0.03,0.0,8.2,6.8,84
2020-01-03,-17.3,-13.7,83,0.90,93,0.05,9.0,12.2,9.9,81
2020-01-04,-17.4,-15.5,82,1.80,82,0.08,12.0,20.8,15.0,80
2020-01-05,-19.7,-15.8,80,2.50,327,0.07,12.0,17.5,13.3,78
2020-01-06,-28.6,-24.8,76,0.00,344,0.03,0.0,12.2,10.0,76
2020-01-07,-31.6,-30.1,74,0.00,314,0.03,0.0,12.5,9.2,74
2020-01-08,-35.4,-30.9,77,0.00,93,0.00,0.0,9.4,3.8,74
2020-01-09,-38.0,-36.1,72,0.00,339,0.02,0.0,11.6,9.9,69
2020-01-10,-37.4,-35.8,70,0.00,248,0.01,0.0,8.4,5.7,68
2020-01-11,-35.8,-34.3,72,0.00,172,0.02,0.0,11.9,7.2,64
2020-01-12,-39.0,-37.8,71,0.00,60,0.02,0.0,10.7,7.9,70
2020-01-13,-39.0,-38.0,75,0.00,353,0.02,0.0,11.1,9.5,71
2020-01-14,-38.7,-36.7,73,0.00,348,0.02,0.0,10.4,8.2,71
2020-01-15,-36.6,-33.8,74,0.00,323,0.02,0.0,9.2,7.6,70
2020-01-16,-35.1,-32.8,80,0.00,262,0.01,0.0,10.5,7.3,73
2020-01-17,-33.8,-32.3,73,0.00,87,0.02,0.0,7.8,5.5,71
2020-01-18,-34.7,-32.3,79,0.00,129,0.01,0.0,12.1,6.3,71
2020-01-19,-29.6,-26.6,77,0.00,152,0.06,0.0,21.1,17.6,75
2020-01-20,-23.9,-22.4,79,0.00,152,0.06,0.0,18.7,10.5,72
2020-01-21,-20.8,-19.3,77,0.00,35,0.08,0.0,14.9,10.4,72
2020-01-22,-20.0,-15.0,78,0.20,123,0.13,2.0,24.3,17.1,75
2020-01-23,-18.9,-14.9,82,0.00,343,0.06,0.0,15.1,10.2,78
2020-01-24,-15.3,-13.9,76,0.90,70,0.19,9.0,23.3,17.2,73
2020-01-25,-13.9,-10.2,85,0.30,119,0.12,3.0,20.6,15.5,82
2020-01-26,-14.2,-10.1,86,0.70,350,0.06,3.0,17.4,9.8,77
2020-01-27,-14.7,-7.0,86,0.00,119,0.08,0.0,19.6,13.2,80
2020-01-28,-16.2,-8.9,85,0.00,276,0.05,0.0,11.3,8.2,77
2020-01-29,-18.5,-8.5,86,0.40,113,0.10,1.0,24.0,14.5,81
2020-01-30,-14.1,-7.6,85,1.40,249,0.08,4.0,18.4,10.5,76
2020-01-31,-20.2,-18.8,79,1.30,18,0.10,9.0,18.0,11.7,75
2020-02-01,-25.0,-20.0,81,0.00,56,0.05,0.0,13.0,9.3,74
2020-02-02,-28.5,-25.6,75,0.00,327,0.06,0.0,15.2,12.3,70
2020-02-03,-30.5,-26.9,75,0.00,236,0.05,0.0,19.0,11.5,73
2020-02-04,-31.1,-26.7,76,0.00,69,0.05,0.0,16.4,9.5,73
2020-02-05,-28.6,-23.1,72,0.00,108,0.11,0.0,23.1,19.3,67
2020-02-06,-21.3,-20.0,75,0.30,117,0.12,3.0,19.4,10.4,69
2020-02-07,-22.8,-20.5,78,0.00,236,0.07,0.0,9.1,5.3,71
2020-02-08,-21.5,-18.0,78,0.70,336,0.08,5.0,12.7,8.3,70
2020-02-09,-22.4,-18.1,78,0.00,158,0.09,0.0,12.6,7.5,75
2020-02-10,-18.6,-15.7,80,0.70,322,0.12,7.0,16.7,9.7,74
2020-02-11,-28.9,-19.6,71,0.00,45,0.08,0.0,15.9,10.8,60
2020-02-12,-33.8,-30.7,73,0.00,136,0.05,0.0,13.7,9.0,67
2020-02-13,-26.5,-21.8,70,5.60,100,0.14,13.0,23.5,20.0,67
2020-02-14,-22.5,-21.2,71,4.60,13,0.17,16.0,23.6,18.0,68
2020-02-15,-28.5,-24.1,73,0.00,338,0.08,0.0,15.7,10.1,66
2020-02-16,-34.1,-31.1,71,0.00,323,0.06,0.0,14.8,12.4,65
2020-02-17,-33.1,-29.8,69,0.00,312,0.08,0.0,15.8,13.8,58
2020-02-18,-30.6,-26.7,67,0.00,149,0.10,0.0,21.6,13.7,64
2020-02-19,-23.0,-17.8,74,0.00,154,0.17,0.0,19.6,16.6,59
2020-02-20,-4.8,-0.8,72,0.00,241,0.73,0.0,25.3,19.9,64
2020-02-21,-6.2,-1.0,82,0.00,130,0.36,0.0,21.6,15.2,65
2020-02-22,-15.8,-11.2,82,0.00,68,0.19,0.0,17.4,13.3,75
2020-02-23,-20.3,-15.7,76,0.70,76,0.15,7.0,13.1,10.6,70
2020-02-24,-25.6,-22.9,74,0.00,82,0.15,0.0,13.1,10.4,64
2020-02-25,-24.1,-20.1,75,0.00,117,0.15,0.0,13.8,11.4,71
2020-02-26,-19.2,-15.3,79,0.80,97,0.16,8.0,10.1,7.5,75
2020-02-27,-15.7,-10.7,81,0.60,82,0.23,4.0,13.6,9.0,76
2020-02-28,-14.1,-11.0,82,0.20,337,0.20,2.0,19.2,13.7,73
2020-02-29,-21.3,-17.7,77,0.10,318,0.18,1.0,18.1,13.3,65
2020-03-01,-25.0,-20.4,78,0.00,142,0.15,0.0,22.3,13.4,69
2020-03-02,-19.6,-18.1,76,1.20,66,0.24,6.0,22.9,12.9,68
2020-03-03,-21.6,-18.3,77,0.70,71,0.17,7.0,15.3,10.2,71
2020-03-04,-21.3,-17.7,77,0.60,325,0.17,6.0,14.3,11.1,66
2020-03-05,-26.1,-20.8,73,0.00,340,0.16,0.0,15.5,11.6,66
2020-03-06,-27.3,-25.2,68,0.40,2,0.18,4.0,16.3,13.4,59
2020-03-07,-28.5,-22.9,69,0.00,118,0.18,0.0,15.2,11.1,57
2020-03-08,-23.2,-19.6,69,0.00,136,0.25,0.0,22.9,20.4,62
2020-03-09,-20.3,-13.8,76,0.00,123,0.30,0.0,13.1,9.5,69
2020-03-10,-12.9,-10.8,77,0.90,97,0.45,5.0,18.5,16.2,71
2020-03-11,-14.9,-11.7,77,0.00,36,0.37,0.0,16.5,14.0,69
2020-03-12,-21.4,-16.1,75,1.30,358,0.17,10.0,20.1,11.1,59
2020-03-13,-23.6,-20.6,71,0.50,332,0.29,5.0,20.5,10.3,60
2020-03-14,-21.5,-13.1,70,0.00,190,0.33,0.0,18.8,14.9,58
2020-03-15,-8.2,-3.8,73,1.90,286,0.65,11.0,30.2,18.5,61
2020-03-16,-17.0,-8.1,68,0.10,334,0.44,1.0,29.4,19.5,61
2020-03-17,-22.5,-18.4,73,0.00,120,0.26,0.0,11.1,7.3,63
2020-03-18,-22.3,-17.8,73,0.00,113,0.34,0.0,11.9,8.9,58
2020-03-19,-20.7,-16.1,74,0.00,132,0.31,0.0,18.3,12.6,66
2020-03-20,-12.1,-9.1,77,0.10,159,0.53,1.0,19.6,12.6,68
2020-03-21,-5.4,0.1,79,2.30,306,0.62,8.0,24.5,15.1,70
2020-03-22,-4.1,-1.2,84,0.80,326,0.86,4.0,23.4,13.4,67
2020-03-23,-10.8,-1.4,77,1.50,341,0.44,7.0,36.7,20.9,62
2020-03-24,-20.0,-15.6,75,0.00,186,0.36,0.0,20.5,13.4,64
2020-03-25,-11.0,-5.8,75,0.00,217,0.68,0.0,14.8,10.9,70
2020-03-26,-10.1,-6.3,74,0.00,344,0.53,0.0,26.3,18.0,64
2020-03-27,-18.8,-13.3,76,0.90,11,0.28,8.0,19.8,12.3,66
2020-03-28,-24.3,-18.5,69,0.00,354,0.37,0.0,21.7,12.2,56
2020-03-29,-25.0,-20.6,71,0.00,83,0.29,0.0,13.8,9.0,59
2020-03-30,-23.0,-18.8,68,0.00,35,0.41,0.0,14.1,11.9,58
2020-03-31,-21.6,-17.0,67,0.00,55,0.48,0.0,13.9,11.4,58
2020-04-01,-20.9,-16.7,68,0.00,72,0.43,0.0,19.3,15.1,59
2020-04-02,-20.6,-17.0,70,1.20,50,0.39,9.0,20.9,18.4,64
2020-04-03,-15.5,-13.2,78,2.20,102,0.36,12.0,24.1,15.9,65
2020-04-04,-17.1,-11.4,67,0.00,107,0.71,0.0,17.9,12.1,55
2020-04-05,-13.2,-7.8,73,0.00,91,0.81,0.0,17.5,13.1,60
2020-04-06,-8.9,-2.9,77,0.00,119,0.92,0.0,22.1,18.7,69
2020-04-07,-5.9,-2.7,81,0.00,80,1.00,0.0,18.5,12.0,70
2020-04-08,-6.8,-2.9,77,0.00,343,1.09,0.0,21.1,15.9,64
2020-04-09,-6.8,-5.0,81,2.60,107,0.63,12.0,24.2,17.1,62
2020-04-10,-9.5,-5.9,80,0.70,342,0.64,6.0,22.7,17.0,67
2020-04-11,-11.2,-7.2,77,0.40,333,0.73,4.0,23.5,16.8,65
2020-04-12,-13.5,-9.6,74,0.00,351,0.91,0.0,22.6,9.7,56
2020-04-13,-11.5,-6.7,75,0.00,163,0.97,0.0,15.9,13.4,60
2020-04-14,-5.9,-0.8,68,0.80,139,1.10,8.0,12.0,8.7,59
2020-04-15,-6.7,-1.6,82,0.20,334,1.05,1.0,19.4,11.2,69
2020-04-16,-4.8,-1.0,84,0.00,150,0.91,0.0,16.6,12.4,72
2020-04-17,-1.4,1.1,83,0.30,353,0.95,3.0,20.1,14.1,68
2020-04-18,-6.0,-0.9,84,0.90,158,0.71,7.0,19.3,9.5,71
2020-04-19,-4.7,2.0,80,1.10,327,0.87,3.0,30.5,20.1,65
2020-04-20,-9.6,-4.7,75,0.00,106,1.00,0.0,24.1,11.7,61
2020-04-21,-6.0,-1.4,75,0.00,114,1.24,0.0,13.0,9.8,62
2020-04-22,-5.7,-1.1,83,1.00,15,0.79,6.0,12.2,8.8,72
2020-04-23,-9.4,-2.4,76,0.00,339,1.31,0.0,11.7,7.8,60
2020-04-24,-7.7,-2.0,79,1.10,47,0.76,9.0,15.3,11.9,69
2020-04-25,-11.4,-7.5,75,1.80,30,0.72,12.0,18.4,16.4,66
2020-04-26,-13.5,-9.8,75,0.00,24,1.00,0.0,16.8,11.9,65
2020-04-27,-9.9,-0.3,78,0.00,129,1.21,0.0,21.0,15.1,63
2020-04-28,0.6,5.7,79,0.00,155,1.96,0.0,17.4,13.0,67
2020-04-29,4.1,7.7,71,0.00,180,2.25,0.0,12.0,7.7,60
2020-04-30,0.6,5.9,90,0.00,66,1.30,0.0,21.3,18.2,75
2020-05-01,0.1,3.4,90,0.00,81,1.34,0.0,19.0,13.4,77
2020-05-02,2.6,6.6,88,1.10,133,1.48,4.0,10.9,9.0,70
2020-05-03,4.2,9.2,79,0.00,140,1.98,0.0,12.2,9.9,58
2020-05-04,2.3,10.5,73,2.20,30,2.17,6.0,18.8,13.9,53
2020-05-05,1.2,7.1,63,0.00,99,2.48,0.0,16.5,13.2,39
2020-05-06,3.6,8.2,60,0.40,118,2.50,3.0,22.5,18.5,44
2020-05-07,5.0,10.4,72,0.30,334,2.10,2.0,21.2,11.4,46
2020-05-08,3.8,10.6,76,0.40,5,1.64,2.0,18.9,13.5,52
2020-05-09,0.4,3.8,69,0.00,63,1.88,0.0,18.7,16.4,53
2020-05-10,-1.6,4.6,64,0.00,107,2.33,0.0,16.5,13.7,42
2020-05-11,2.6,10.1,61,0.00,147,2.70,0.0,19.3,14.5,41
2020-05-12,5.9,10.3,57,0.00,222,2.65,0.0,25.4,16.4,41
2020-05-13,-3.0,1.7,58,0.00,30,1.56,0.0,22.2,12.3,31
2020-05-14,-5.1,-1.1,47,0.40,330,1.65,4.0,21.1,16.4,35
2020-05-15,-2.0,3.1,53,0.00,294,1.59,0.0,23.8,15.6,36
2020-05-16,-0.1,2.4,63,0.70,303,1.53,6.0,21.2,14.4,44
2020-05-17,-1.4,1.9,53,0.00,296,1.73,0.0,20.5,13.9,43
2020-05-18,0.7,4.0,66,1.10,108,1.48,8.0,14.7,9.9,43
2020-05-19,0.8,6.0,67,0.00,38,2.25,0.0,15.1,12.9,37
2020-05-20,1.7,8.1,58,0.30,75,2.73,2.0,18.9,15.2,34
2020-05-21,3.7,8.8,60,0.00,71,2.48,0.0,19.7,17.4,37
2020-05-22,7.1,11.9,65,0.00,81,2.64,0.0,15.7,13.1,44
2020-05-23,4.5,11.4,67,0.00,39,2.15,0.0,19.5,13.8,47
2020-05-24,4.5,11.0,62,0.00,32,3.13,0.0,18.4,10.9,37
2020-05-25,4.1,10.0,61,0.00,101,3.23,0.0,18.6,13.8,40
2020-05-26,5.0,11.1,63,0.00,79,3.34,0.0,15.8,13.9,40
2020-05-27,5.7,12.7,61,0.00,69,3.57,0.0,15.0,9.4,31
2020-05-28,5.4,12.8,57,0.00,95,3.41,0.0,13.3,10.9,31
2020-05-29,4.7,11.2,52,0.00,96,3.62,0.0,18.1,9.5,28
2020-05-30,9.4,19.2,37,0.00,213,4.82,0.0,14.9,11.2,19
2020-05-31,11.4,18.0,43,0.00,87,3.90,0.0,26.8,16.2,21
2020-06-01,4.8,12.1,79,9.40,52,1.37,14.0,26.1,19.5,42
2020-06-02,5.5,14.4,80,2.60,302,2.62,8.0,19.9,15.4,34
2020-06-03,6.7,12.0,61,0.00,354,3.27,0.0,19.4,11.3,39
2020-06-04,7.2,13.5,57,0.00,48,3.35,0.0,14.8,9.0,40
2020-06-05,8.9,15.2,62,1.60,82,2.65,7.0,16.6,12.7,43
2020-06-06,13.5,20.2,52,0.10,103,4.63,1.0,18.7,15.7,24
2020-06-07,13.5,19.4,49,0.00,96,4.99,0.0,22.9,19.5,29
2020-06-08,7.9,17.3,69,5.00,88,1.92,9.0,27.1,21.8,31
2020-06-09,5.2,7.4,77,0.90,94,1.27,6.0,20.6,17.3,67
2020-06-10,6.4,10.0,66,0.00,94,2.14,0.0,18.7,15.1,52
2020-06-11,9.0,13.2,62,0.00,133,2.42,0.0,16.3,12.1,48
2020-06-12,12.5,18.4,60,0.00,106,3.26,0.0,12.3,8.3,44
2020-06-13,15.0,20.4,57,0.00,64,4.78,0.0,23.9,18.0,31
2020-06-14,13.9,19.2,53,0.00,81,5.07,0.0,29.6,24.4,34
2020-06-15,13.4,19.0,58,0.70,79,4.33,2.0,34.9,29.9,36
2020-06-16,11.2,18.0,66,0.00,77,4.03,0.0,27.2,24.7,42
2020-06-17,12.2,17.5,52,0.00,117,4.97,0.0,19.9,16.6,25
2020-06-18,14.1,21.0,50,0.00,165,5.18,0.0,22.4,16.4,29
2020-06-19,17.4,25.2,42,0.00,161,6.26,0.0,19.1,16.6,23
2020-06-20,20.0,26.3,34,0.00,158,6.95,0.0,20.2,17.3,23
2020-06-21,19.9,26.7,38,0.00,159,7.12,0.0,20.7,18.7,22
2020-06-22,21.7,27.1,40,0.00,172,7.03,0.0,22.7,15.4,22
2020-06-23,18.9,24.8,41,0.00,169,6.19,0.0,19.1,14.1,22
2020-06-24,19.2,24.2,40,0.30,248,5.61,1.0,20.7,12.4,22
2020-06-25,16.0,21.2,56,0.70,274,3.78,2.0,16.6,11.3,39
2020-06-26,17.0,22.6,48,0.10,266,4.46,1.0,15.1,8.3,31
2020-06-27,18.3,24.1,48,3.90,225,4.45,2.0,11.5,5.3,27
2020-06-28,18.1,22.4,43,0.10,350,5.79,1.0,19.5,14.9,23
2020-06-29,18.4,24.3,35,0.00,169,5.81,0.0,19.7,9.7,19
2020-06-30,21.5,26.9,38,0.00,137,6.22,0.0,14.5,11.3,19
2020-07-01,22.2,26.7,38,0.40,87,5.86,1.0,27.5,17.7,28
2020-07-02,16.6,21.3,65,4.30,94,3.67,7.0,26.7,21.9,48
2020-07-03,15.5,20.0,71,0.00,55,3.09,0.0,15.3,11.5,56
2020-07-04,16.5,21.2,80,1.50,344,2.44,8.0,14.9,9.9,56
2020-07-05,15.7,21.7,60,0.40,338,4.27,1.0,24.9,17.4,27
2020-07-06,17.1,21.6,49,0.00,335,5.32,0.0,26.0,16.7,26
2020-07-07,13.8,18.0,62,0.20,335,3.22,2.0,25.7,18.4,39
2020-07-08,15.3,21.7,58,0.00,1,4.16,0.0,17.9,10.5,28
2020-07-09,16.6,21.1,52,0.00,186,3.87,0.0,16.1,8.9,29
2020-07-10,17.3,20.9,58,2.60,138,3.95,7.0,15.0,11.4,38
2020-07-11,18.2,22.6,69,0.50,164,4.08,3.0,13.8,8.6,48
2020-07-12,18.6,22.7,66,0.80,200,4.50,2.0,14.8,10.8,41
2020-07-13,16.5,22.6,78,13.60,339,1.90,12.0,22.0,15.5,38
2020-07-14,13.1,15.3,96,31.70,1,0.83,24.0,23.0,20.9,89
2020-07-15,13.9,19.2,79,2.90,9,2.78,11.0,20.6,18.1,51
2020-07-16,15.2,20.0,65,0.00,79,4.26,0.0,14.4,9.3,40
2020-07-17,16.0,20.2,65,0.00,127,3.44,0.0,11.5,8.0,50
2020-07-18,17.7,21.9,61,0.00,170,4.76,0.0,15.2,9.8,43
2020-07-19,18.2,21.5,70,0.00,152,4.28,0.0,14.8,13.0,45
2020-07-20,19.3,23.4,76,0.20,321,3.81,2.0,11.9,6.1,56
2020-07-21,18.9,23.6,79,0.90,147,3.17,2.0,15.0,11.9,52
2020-07-22,18.5,24.7,83,4.40,96,2.04,8.0,16.5,10.6,51
2020-07-23,16.5,19.6,91,7.10,152,2.12,11.0,19.9,13.5,74
2020-07-24,13.8,17.3,82,2.10,211,1.84,14.0,18.4,11.3,69
2020-07-25,15.6,21.6,72,0.80,297,3.64,2.0,16.4,10.2,38
2020-07-26,18.3,22.8,60,0.00,195,4.43,0.0,13.9,6.8,37
2020-07-27,19.2,23.2,66,1.70,160,4.11,2.0,18.6,14.2,44
2020-07-28,18.7,23.8,76,3.10,212,3.93,2.0,14.3,9.3,32
2020-07-29,17.8,23.0,62,0.40,281,4.29,3.0,17.6,10.4,34
2020-07-30,17.8,22.4,68,0.30,301,3.76,2.0,19.7,12.5,39
2020-07-31,18.0,22.4,62,0.00,148,4.46,0.0,15.7,10.1,38
2020-08-01,19.8,25.5,64,0.00,147,4.71,0.0,18.0,14.2,45
2020-08-02,22.6,27.8,61,0.00,157,5.37,0.0,18.7,17.3,44
2020-08-03,22.9,28.2,73,8.60,152,3.48,3.0,18.4,12.7,52
2020-08-04,18.8,23.7,76,0.80,176,2.84,4.0,29.0,18.3,58
2020-08-05,16.1,19.5,87,7.90,255,2.34,16.0,23.8,14.9,66
2020-08-06,17.3,22.6,74,0.00,281,3.28,0.0,18.8,8.3,54
2020-08-07,18.3,21.7,78,3.00,126,2.28,6.0,18.7,12.1,62
2020-08-08,17.6,22.3,80,3.40,211,3.07,8.0,11.2,9.1,40
2020-08-09,17.9,22.7,62,0.00,338,3.49,0.0,23.3,15.4,39
2020-08-10,16.7,20.1,72,1.60,6,2.32,4.0,21.8,12.0,52
2020-08-11,17.6,21.0,70,0.40,70,2.96,2.0,23.4,16.0,42
2020-08-12,17.2,21.4,71,0.50,122,3.44,5.0,17.9,10.9,42
2020-08-13,16.1,20.8,76,7.30,49,2.41,12.0,23.1,14.3,46
2020-08-14,14.0,16.7,80,3.30,360,1.99,14.0,23.7,15.4,64
2020-08-15,11.0,14.2,71,0.00,346,2.39,0.0,26.0,18.9,51
2020-08-16,12.5,15.6,65,0.00,131,2.63,0.0,14.1,7.9,51
2020-08-17,13.9,20.2,67,0.00,78,2.75,0.0,8.4,3.9,41
2020-08-18,15.4,19.1,76,2.20,99,2.31,5.0,11.9,8.1,51
2020-08-19,14.5,18.2,91,15.50,72,0.99,19.0,15.6,11.8,65
2020-08-20,11.7,14.6,83,3.70,20,2.32,5.0,18.4,13.6,55
2020-08-21,10.8,14.3,73,0.00,95,2.33,0.0,14.6,11.1,54
2020-08-22,11.9,15.9,72,0.00,96,2.61,0.0,18.6,15.8,55
2020-08-23,12.5,15.8,72,0.00,78,2.58,0.0,14.1,11.3,55
2020-08-24,11.9,16.3,78,0.00,127,1.93,0.0,21.4,11.9,53
2020-08-25,12.4,14.6,85,3.60,107,0.99,12.0,16.0,11.1,64
2020-08-26,12.5,15.6,94,7.00,357,1.09,20.0,11.8,8.2,76
2020-08-27,12.4,15.5,88,6.30,353,1.53,10.0,20.5,12.5,65
2020-08-28,10.7,15.2,86,1.80,18,1.07,11.0,16.8,11.0,69
2020-08-29,8.8,11.9,84,5.00,54,0.87,12.0,26.6,20.3,72
2020-08-30,8.3,12.4,68,1.00,11,2.34,3.0,27.3,22.5,50
2020-08-31,8.3,11.6,73,0.00,104,2.03,0.0,16.4,10.8,53
2020-09-01,7.4,11.0,71,0.00,39,1.89,0.0,17.0,14.0,56
2020-09-02,7.0,11.9,76,0.00,349,1.76,0.0,20.6,13.7,54
2020-09-03,7.3,11.8,73,0.00,353,1.96,0.0,16.8,9.8,48
2020-09-04,7.5,12.4,76,0.00,90,1.67,0.0,10.0,6.4,49
2020-09-05,7.7,11.7,70,0.00,78,1.75,0.0,12.6,10.4,50
2020-09-06,6.8,10.3,75,0.10,13,1.47,1.0,12.0,6.6,53
2020-09-07,7.1,11.7,70,0.00,205,1.80,0.0,21.3,9.7,51
2020-09-08,11.2,17.3,74,2.00,236,2.44,3.0,28.1,18.8,44
2020-09-09,10.3,16.8,77,1.20,320,1.68,4.0,17.2,13.3,50
2020-09-10,8.4,11.9,71,0.00,143,1.78,0.0,14.9,10.6,51
2020-09-11,7.3,10.4,88,5.00,41,0.59,11.0,17.7,10.8,62
2020-09-12,4.7,9.8,83,0.60,317,1.31,3.0,20.6,11.3,54
2020-09-13,3.1,8.0,78,1.00,331,0.95,5.0,15.9,13.0,51
2020-09-14,3.0,8.7,70,0.00,240,1.38,0.0,18.8,10.0,53
2020-09-15,2.4,8.6,60,0.10,321,1.71,1.0,25.0,17.6,37
2020-09-16,2.3,7.4,67,0.00,150,1.48,0.0,10.2,7.6,43
2020-09-17,3.9,8.6,78,0.00,187,1.32,0.0,18.0,10.2,52
2020-09-18,8.6,12.4,82,0.00,153,1.50,0.0,18.8,16.7,68
2020-09-19,11.0,17.2,79,0.00,217,1.71,0.0,15.1,9.7,54
2020-09-20,10.6,16.4,78,0.40,33,1.45,1.0,14.0,11.4,59
2020-09-21,7.7,12.2,84,0.20,3,1.20,1.0,12.2,6.7,67
2020-09-22,7.4,11.6,85,0.00,183,1.29,0.0,21.5,11.4,69
2020-09-23,9.4,12.3,82,0.00,158,1.11,0.0,14.4,13.1,65
2020-09-24,10.0,12.2,85,3.70,103,1.08,13.0,19.2,16.6,69
2020-09-25,8.7,10.5,95,0.40,88,0.44,3.0,10.8,8.4,82
2020-09-26,6.4,8.5,85,0.10,67,0.59,1.0,12.6,10.1,76
2020-09-27,6.1,8.2,92,1.80,115,0.49,15.0,18.6,9.6,83
2020-09-28,8.5,12.8,85,6.30,179,1.22,6.0,24.5,19.5,58
2020-09-29,7.1,12.6,82,0.50,315,0.76,5.0,24.5,17.6,57
2020-09-30,5.4,7.6,85,0.20,326,0.70,2.0,15.9,6.7,69
2020-10-01,5.0,8.6,87,0.00,130,0.74,0.0,24.3,15.9,71
2020-10-02,5.4,8.5,84,1.00,112,0.74,5.0,14.2,10.8,72
2020-10-03,7.5,10.5,86,0.00,140,0.81,0.0,25.8,18.3,75
2020-10-04,7.4,9.5,92,0.50,294,0.47,2.0,19.7,14.0,82
2020-10-05,4.8,8.5,87,0.00,335,0.54,0.0,19.6,11.8,76
2020-10-06,5.2,7.2,88,0.00,319,0.61,0.0,22.8,11.6,75
2020-10-07,3.2,5.8,89,0.30,329,0.35,3.0,12.6,5.4,82
2020-10-08,2.6,4.4,94,1.20,94,0.27,6.0,15.9,9.9,88
2020-10-09,4.3,5.9,93,13.10,136,0.36,21.0,19.5,14.1,81
2020-10-10,4.6,5.2,94,2.70,134,0.38,14.0,15.8,12.3,83
2020-10-11,1.5,4.0,92,0.00,352,0.47,0.0,16.5,9.8,71
2020-10-12,-0.0,1.0,83,0.00,333,0.49,0.0,30.4,20.6,72
2020-10-13,-2.8,0.7,61,0.00,328,1.11,0.0,29.0,26.9,46
2020-10-14,-3.7,-2.8,53,0.00,315,1.22,0.0,32.6,27.3,46
2020-10-15,-3.9,-2.8,64,1.70,301,0.90,15.0,30.1,25.8,52
2020-10-16,-3.7,-2.4,72,1.30,317,0.68,13.0,27.3,21.9,62
2020-10-17,-3.9,-2.6,74,0.60,330,0.64,6.0,24.3,20.1,64
2020-10-18,-4.3,-2.3,78,0.00,324,0.35,0.0,15.3,9.1,66
2020-10-19,-4.0,-1.1,73,0.00,204,0.43,0.0,7.6,5.5,53
2020-10-20,-4.1,-2.6,81,0.30,340,0.26,3.0,12.8,5.3,72
2020-10-21,-6.6,-3.3,76,0.00,331,0.42,0.0,19.6,13.8,60
2020-10-22,-4.9,-3.9,77,0.00,332,0.38,0.0,14.5,12.6,58
2020-10-23,-6.6,-4.2,83,0.00,293,0.32,0.0,13.0,8.6,62
2020-10-24,-4.2,-2.5,76,0.20,292,0.39,2.0,17.9,12.8,59
2020-10-25,-3.8,-0.7,80,0.00,134,0.30,0.0,13.8,8.5,66
2020-10-26,-4.2,-2.7,75,0.00,315,0.39,0.0,23.6,12.5,61
2020-10-27,-6.4,-4.6,72,0.70,79,0.43,6.0,18.1,13.7,61
2020-10-28,-7.3,-3.7,75,0.00,143,0.30,0.0,11.3,8.3,57
2020-10-29,-8.3,-5.1,83,0.10,300,0.22,1.0,12.0,9.4,62
2020-10-30,-9.2,-6.7,82,0.30,68,0.16,3.0,14.6,9.1,74
2020-10-31,-7.5,-5.1,88,3.20,94,0.15,11.0,20.0,14.5,85
2020-11-01,-6.6,-4.9,90,3.20,49,0.12,14.0,14.8,10.0,84
2020-11-02,-13.0,-10.0,85,0.10,23,0.12,1.0,16.3,12.4,81
2020-11-03,-13.0,-9.8,86,2.10,19,0.10,7.0,15.3,12.1,81
2020-11-04,-21.6,-18.2,82,0.00,11,0.07,0.0,12.8,9.0,75
2020-11-05,-14.4,-11.0,79,0.00,99,0.19,0.0,18.4,16.1,74
2020-11-06,-12.8,-11.3,84,0.80,74,0.12,8.0,17.3,9.3,77
2020-11-07,-16.9,-14.5,90,0.00,217,0.07,0.0,12.2,7.8,79
2020-11-08,-10.6,-5.9,89,0.00,201,0.13,0.0,18.7,11.2,78
2020-11-09,-5.4,-4.6,87,0.10,184,0.18,1.0,22.3,15.6,83
2020-11-10,-14.2,-6.0,82,0.00,342,0.14,0.0,25.9,18.0,75
2020-11-11,-22.2,-19.0,85,0.00,238,0.05,0.0,13.4,9.3,81
2020-11-12,-10.9,-7.3,86,0.00,154,0.15,0.0,25.4,19.7,81
2020-11-13,-15.5,-10.1,88,0.00,336,0.06,0.0,13.9,9.8,82
2020-11-14,-20.7,-17.6,80,0.00,54,0.07,0.0,14.7,9.4,78
2020-11-15,-23.8,-21.5,86,0.00,343,0.03,0.0,10.1,7.3,81
2020-11-16,-20.7,-18.7,84,0.00,292,0.05,0.0,11.8,9.7,82
2020-11-17,-16.6,-12.3,88,0.00,175,0.05,0.0,14.1,9.8,82
2020-11-18,-16.0,-12.3,84,0.00,17,0.07,0.0,17.7,13.4,80
2020-11-19,-23.3,-18.1,84,0.00,329,0.04,0.0,17.0,10.4,78
2020-11-20,-19.6,-18.1,83,0.00,192,0.05,0.0,13.0,10.0,82
2020-11-21,-21.0,-19.0,84,0.00,307,0.04,0.0,13.0,9.3,78
2020-11-22,-23.3,-18.3,82,0.00,91,0.05,0.0,18.7,10.1,79
2020-11-23,-14.8,-11.7,82,2.70,109,0.13,13.0,19.7,16.9,80
2020-11-24,-10.9,-9.3,87,1.10,109,0.10,9.0,18.3,14.1,86
2020-11-25,-14.0,-10.5,84,0.80,351,0.07,7.0,14.7,13.0,81
2020-11-26,-17.4,-13.1,87,0.60,142,0.07,2.0,27.5,14.0,84
2020-11-27,-12.1,-8.9,85,5.70,275,0.12,14.0,27.5,19.7,77
2020-11-28,-21.7,-18.0,82,0.00,10,0.05,0.0,20.1,11.0,79
2020-11-29,-10.9,-3.8,80,0.10,169,0.21,1.0,24.6,18.7,74
2020-11-30,-6.5,-3.0,89,1.90,114,0.09,6.0,18.7,13.5,80
2020-12-01,-9.3,-5.4,89,2.70,322,0.07,6.0,26.9,16.0,84
2020-12-02,-2.7,-0.0,84,0.00,174,0.13,0.0,24.2,12.8,75
2020-12-03,-0.2,2.2,88,0.00,158,0.16,0.0,23.6,18.4,75
2020-12-04,-2.1,3.4,87,0.00,211,0.12,0.0,19.6,10.2,73
2020-12-05,-5.3,-4.0,94,0.00,161,0.01,0.0,17.8,11.3,90
2020-12-06,-4.9,-2.7,93,0.40,243,0.03,3.0,15.6,10.8,91
2020-12-07,-5.8,-3.4,94,4.60,206,0.02,6.0,18.2,12.3,92
2020-12-08,-14.4,-8.0,89,0.00,334,0.01,0.0,13.5,6.2,84
2020-12-09,-18.0,-16.6,85,0.00,74,0.02,0.0,11.5,8.0,83
2020-12-10,-17.5,-16.0,83,0.00,359,0.04,0.0,13.9,9.0,81
2020-12-11,-21.7,-19.1,80,0.80,82,0.07,5.0,16.8,13.4,77
2020-12-12,-23.6,-19.4,76,1.10,4,0.09,7.0,19.5,17.7,71
2020-12-13,-28.8,-25.7,78,0.00,311,0.04,0.0,17.9,12.4,77
2020-12-14,-34.1,-33.0,81,0.00,313,0.01,0.0,12.7,10.3,73
2020-12-15,-33.1,-30.7,74,0.00,308,0.02,0.0,10.1,8.2,71
2020-12-16,-38.3,-37.0,70,0.00,335,0.02,0.0,11.1,9.3,69
2020-12-17,-37.2,-35.8,72,0.00,334,0.02,0.0,10.6,8.5,69
2020-12-18,-39.2,-34.8,74,0.00,248,0.02,0.0,11.9,9.3,62
2020-12-19,-31.1,-28.8,72,1.50,71,0.04,13.0,15.5,10.5,70
2020-12-20,-31.3,-27.8,74,0.70,86,0.04,7.0,15.9,11.0,70
2020-12-21,-29.6,-28.1,74,0.40,80,0.04,4.0,11.7,9.6,72
2020-12-22,-29.6,-27.7,74,0.00,104,0.02,0.0,10.1,6.6,73
2020-12-23,-26.7,-22.7,77,0.00,129,0.07,0.0,24.6,18.4,75
2020-12-24,-19.3,-16.2,82,0.10,174,0.07,1.0,25.1,15.0,78
2020-12-25,-16.0,-11.7,80,0.90,306,0.06,8.0,18.8,9.2,74
2020-12-26,-19.1,-12.8,86,0.00,41,0.02,0.0,11.6,8.6,84
2020-12-27,-17.1,-15.0,85,0.00,158,0.07,0.0,22.8,18.1,78
2020-12-28,-15.9,-13.3,84,0.00,290,0.05,0.0,16.6,12.6,76
2020-12-29,-23.1,-17.9,82,0.00,27,0.01,0.0,12.1,6.5,79
2020-12-30,-22.3,-18.5,83,0.60,100,0.02,6.0,8.9,6.0,80
2020-12-31,-24.7,-19.9,80,0.20,327,0.04,1.0,16.3,11.0,78
2021-01-01,-29.0,-26.0,78,0.00,358,0.02,0.0,11.6,7.5,77
2021-01-02,-32.2,-28.1,77,0.00,77,0.03,0.0,18.2,11.4,74
2021-01-03,-25.6,-24.6,75,0.30,86,0.08,3.0,20.7,16.3,72
2021-01-04,-25.3,-23.4,78,0.40,289,0.02,4.0,10.4,7.4,77
2021-01-05,-28.2,-22.1,76,0.20,117,0.06,2.0,26.5,15.0,71
2021-01-06,-14.8,-9.0,81,2.10,139,0.18,9.0,29.3,23.3,71
2021-01-07,-14.9,-8.2,87,0.00,256,0.02,0.0,12.7,9.3,83
2021-01-08,-17.3,-13.0,86,0.00,130,0.04,0.0,15.9,10.7,81
2021-01-09,-10.9,-7.6,84,0.00,163,0.12,0.0,20.7,16.0,79
2021-01-10,-12.3,-8.5,85,0.00,295,0.08,0.0,15.5,11.3,81
2021-01-11,-9.6,-8.8,89,0.10,144,0.05,1.0,16.5,14.6,83
2021-01-12,-8.6,-6.8,91,0.50,202,0.02,3.0,14.8,10.1,90
2021-01-13,-8.8,-6.8,88,1.90,66,0.09,11.0,21.0,14.8,85
2021-01-14,-13.1,-7.9,86,0.00,332,0.06,0.0,17.6,10.7,80
2021-01-15,-16.4,-13.5,87,0.90,93,0.09,9.0,24.8,16.2,81
2021-01-16,-17.7,-14.5,80,1.40,82,0.11,9.0,23.6,16.0,77
2021-01-17,-18.0,-15.8,82,0.50,104,0.06,5.0,11.9,10.4,80
2021-01-18,-17.2,-16.3,82,0.00,84,0.04,0.0,9.4,6.6,80
2021-01-19,-13.6,-9.3,86,4.30,144,0.11,9.0,28.7,18.8,83
2021-01-20,-15.3,-10.6,82,0.70,336,0.11,7.0,26.2,15.8,74
2021-01-21,-23.0,-17.4,79,0.00,333,0.06,0.0,16.9,12.6,73
2021-01-22,-31.4,-29.3,75,0.00,25,0.04,0.0,11.8,9.8,72
2021-01-23,-35.8,-32.9,74,0.00,337,0.02,0.0,9.4,7.4,69
2021-01-24,-31.5,-27.5,73,0.00,122,0.05,0.0,16.9,11.8,71
2021-01-25,-28.0,-26.9,73,0.00,108,0.08,0.0,17.4,16.8,70
2021-01-26,-26.6,-25.1,71,0.00,109,0.10,0.0,19.9,16.8,69
2021-01-27,-24.4,-23.1,75,1.60,55,0.05,16.0,11.6,6.1,72
2021-01-28,-25.9,-23.5,75,1.10,258,0.04,8.0,10.0,6.1,71
2021-01-29,-27.1,-26.3,77,0.00,128,0.07,0.0,15.6,13.4,74
2021-01-30,-27.7,-25.3,77,0.00,92,0.06,0.0,13.0,11.2,76
2021-01-31,-25.4,-22.2,77,0.00,67,0.06,0.0,10.5,8.0,74
2021-02-01,-22.2,-21.1,78,0.00,33,0.07,0.0,12.8,9.5,73
2021-02-02,-23.7,-22.2,73,0.00,27,0.12,0.0,16.2,14.4,70
2021-02-03,-27.7,-26.1,75,0.90,358,0.05,9.0,12.1,7.4,70
2021-02-04,-29.8,-27.0,73,0.70,326,0.07,7.0,17.2,13.6,69
2021-02-05,-37.1,-34.2,70,0.00,323,0.04,0.0,14.3,11.9,64
2021-02-06,-39.8,-36.3,67,0.00,327,0.03,0.0,13.3,8.4,58
2021-02-07,-42.3,-39.2,67,0.00,74,0.03,0.0,10.7,8.3,64
2021-02-08,-39.1,-33.9,69,0.00,331,0.04,0.0,22.5,18.0,67
2021-02-09,-28.9,-22.7,69,2.50,334,0.13,15.0,29.2,24.1,68
2021-02-10,-23.6,-22.4,75,0.80,5,0.13,5.0,21.4,14.0,72
2021-02-11,-24.6,-21.2,77,0.00,333,0.11,0.0,19.8,13.8,73
2021-02-12,-25.0,-22.3,76,0.00,52,0.10,0.0,12.3,7.6,70
2021-02-13,-27.0,-24.4,75,0.00,124,0.10,0.0,14.3,12.3,72
2021-02-14,-23.7,-21.7,75,0.00,150,0.15,0.0,19.2,17.8,70
2021-02-15,-20.9,-20.0,70,0.00,149,0.22,0.0,19.5,16.5,62
2021-02-16,-28.7,-23.0,76,0.00,295,0.08,0.0,9.4,7.1,66
2021-02-17,-29.6,-24.8,76,0.00,307,0.08,0.0,10.7,6.9,67
2021-02-18,-22.6,-17.6,77,0.00,153,0.17,0.0,16.3,14.7,72
2021-02-19,-14.5,-11.8,79,0.00,130,0.26,0.0,16.9,13.5,77
2021-02-20,-18.3,-13.1,79,0.10,316,0.16,1.0,19.1,14.2,69
2021-02-21,-24.4,-19.9,79,0.20,327,0.10,1.0,10.9,7.7,71
2021-02-22,-25.0,-22.4,74,0.30,340,0.14,3.0,12.3,7.8,63
2021-02-23,-27.4,-23.3,76,0.00,322,0.11,0.0,10.9,6.0,63
2021-02-24,-25.4,-21.5,76,0.50,210,0.13,5.0,14.8,9.9,71
2021-02-25,-28.9,-21.7,67,0.20,15,0.12,2.0,19.3,12.5,57
2021-02-26,-36.4,-29.5,69,0.00,295,0.09,0.0,15.1,9.3,53
2021-02-27,-31.7,-29.4,67,0.00,321,0.11,0.0,14.5,12.1,60
2021-02-28,-35.8,-29.6,68,0.00,95,0.09,0.0,13.2,8.1,57
2021-03-01,-25.1,-19.5,59,0.50,93,0.24,5.0,19.8,15.2,54
2021-03-02,-22.8,-18.6,73,1.90,108,0.18,10.0,17.7,14.4,62
2021-03-03,-20.6,-18.5,77,0.00,46,0.22,0.0,11.5,10.1,69
2021-03-04,-23.1,-18.9,73,0.00,84,0.20,0.0,23.8,20.0,71
2021-03-05,-13.0,-5.0,79,0.40,119,0.39,4.0,28.2,25.8,72
2021-03-06,-8.4,-5.9,89,0.00,143,0.26,0.0,18.3,9.2,85
2021-03-07,-12.6,-8.4,83,0.30,319,0.31,3.0,18.6,13.1,65
2021-03-08,-19.2,-12.7,71,0.00,307,0.30,0.0,17.9,13.6,59
2021-03-09,-23.0,-17.8,74,0.00,24,0.26,0.0,14.2,6.4,63
2021-03-10,-26.3,-20.3,73,0.00,354,0.23,0.0,10.1,6.4,58
2021-03-11,-22.0,-15.0,73,0.20,136,0.25,2.0,26.1,16.1,63
2021-03-12,-14.8,-13.1,72,0.00,309,0.42,0.0,23.8,17.1,57
2021-03-13,-18.9,-14.1,76,0.00,314,0.29,0.0,16.9,11.1,58
2021-03-14,-15.0,-11.6,80,6.60,74,0.25,24.0,17.4,11.6,71
2021-03-15,-16.6,-12.6,76,1.60,267,0.38,10.0,13.3,10.5,62
2021-03-16,-18.6,-15.3,73,0.00,87,0.39,0.0,16.2,11.9,58
2021-03-17,-14.6,-9.1,71,0.60,85,0.57,5.0,15.5,10.6,64
2021-03-18,-7.6,-3.9,77,0.10,170,0.78,1.0,21.7,12.5,68
2021-03-19,-5.7,-3.7,77,0.10,60,0.60,1.0,18.8,14.1,68
2021-03-20,-10.8,-4.5,79,8.20,328,0.42,10.0,25.0,21.0,63
2021-03-21,-18.4,-13.2,73,0.00,331,0.38,0.0,19.2,16.1,64
2021-03-22,-24.4,-19.0,70,0.00,52,0.29,0.0,13.4,11.0,59
2021-03-23,-23.5,-18.9,71,0.00,95,0.32,0.0,16.6,14.1,63
2021-03-24,-21.8,-18.8,73,0.00,83,0.37,0.0,17.4,14.2,64
2021-03-25,-20.9,-15.8,76,0.00,98,0.41,0.0,12.3,8.7,69
2021-03-26,-18.8,-12.6,77,0.00,164,0.49,0.0,10.1,6.2,63
2021-03-27,-13.4,-6.8,75,0.00,143,0.61,0.0,17.3,11.5,60
2021-03-28,-9.8,-5.8,72,0.00,71,0.70,0.0,22.5,20.4,63
2021-03-29,-17.2,-8.1,74,0.50,353,0.45,5.0,22.9,19.7,65
2021-03-30,-20.5,-15.2,77,0.00,136,0.39,0.0,18.4,11.8,66
2021-03-31,-13.2,-6.7,71,0.00,120,0.64,0.0,14.4,10.7,66
2021-04-01,-10.5,-7.6,82,2.90,88,0.46,9.0,26.4,19.3,74
2021-04-02,-12.0,-8.3,78,5.80,72,0.46,24.0,14.8,9.0,64
2021-04-03,-17.5,-12.9,75,0.20,95,0.56,2.0,14.4,11.6,61
2021-04-04,-12.8,-7.6,71,0.00,84,0.86,0.0,15.8,10.5,61
2021-04-05,-8.3,-2.9,74,0.40,136,0.76,4.0,24.5,16.9,69
2021-04-06,-6.8,-2.3,83,1.70,0,0.53,16.0,24.8,17.0,75
2021-04-07,-7.5,-6.4,81,6.10,73,0.49,24.0,19.8,17.6,76
2021-04-08,-11.1,-7.5,81,1.10,331,0.57,10.0,22.5,16.6,66
2021-04-09,-15.4,-11.6,79,0.00,64,0.50,0.0,22.0,13.2,67
2021-04-10,-16.8,-12.8,73,0.00,30,0.59,0.0,20.2,16.6,64
2021-04-11,-17.9,-14.2,75,0.80,89,0.54,8.0,13.1,9.1,65
2021-04-12,-16.2,-9.0,78,0.30,140,0.61,3.0,24.1,12.0,59
2021-04-13,-4.3,0.8,71,0.00,160,1.17,0.0,24.2,17.9,59
2021-04-14,-0.3,2.3,77,0.00,14,1.59,0.0,10.6,6.9,55
2021-04-15,-0.6,3.9,79,0.00,133,1.50,0.0,19.6,13.0,62
2021-04-16,0.7,4.5,78,0.00,6,1.67,0.0,11.9,9.1,65
2021-04-17,-1.1,4.5,85,0.00,29,1.40,0.0,11.5,8.5,71
2021-04-18,-1.1,3.1,87,0.00,348,1.27,0.0,13.0,9.9,68
2021-04-19,-0.4,3.0,82,0.00,83,1.47,0.0,14.1,9.4,68
2021-04-20,0.9,6.1,78,0.00,183,1.99,0.0,15.7,11.2,61
2021-04-21,-2.3,7.6,78,1.60,351,0.92,7.0,28.2,19.4,58
2021-04-22,-9.6,-8.2,71,1.00,319,0.71,8.0,26.1,17.5,54
2021-04-23,-12.1,-9.6,72,0.00,327,0.73,0.0,21.4,14.0,59
2021-04-24,-12.1,-9.3,76,0.00,332,0.79,0.0,15.4,9.2,62
2021-04-25,-14.2,-9.3,71,0.50,95,0.71,5.0,16.3,9.0,57
2021-04-26,-15.1,-12.0,71,0.90,43,0.69,7.0,19.2,15.9,59
2021-04-27,-14.2,-7.3,69,0.00,321,0.91,0.0,25.6,12.6,51
2021-04-28,-8.3,-6.5,69,0.00,301,1.10,0.0,21.1,15.8,52
2021-04-29,-9.0,-2.7,76,0.00,329,1.43,0.0,18.9,10.4,63
2021-04-30,-1.8,0.5,76,1.80,111,0.98,11.0,18.4,15.7,65
2021-05-01,-2.9,0.6,84,3.90,73,1.20,12.0,17.8,15.0,73
2021-05-02,-5.3,-1.4,72,0.00,110,1.71,0.0,12.6,10.3,48
2021-05-03,-4.2,2.1,57,0.00,126,2.10,0.0,12.8,10.1,40
2021-05-04,-0.6,5.5,56,0.00,125,2.52,0.0,14.7,12.9,30
2021-05-05,2.1,7.7,56,0.00,143,2.73,0.0,14.3,12.4,31
2021-05-06,5.0,11.9,55,0.00,126,2.98,0.0,13.7,12.1,38
2021-05-07,6.9,13.0,53,0.00,125,3.50,0.0,24.0,17.9,33
2021-05-08,6.3,11.9,54,0.00,140,3.18,0.0,23.0,19.7,37
2021-05-09,7.0,10.4,64,0.00,143,2.53,0.0,14.8,12.6,46
2021-05-10,5.0,10.4,86,1.50,301,1.11,6.0,21.0,12.3,68
2021-05-11,0.3,3.0,69,0.00,20,1.44,0.0,20.2,10.9,55
2021-05-12,2.3,10.0,71,0.00,140,2.32,0.0,18.4,13.9,52
2021-05-13,4.6,10.7,73,3.90,75,1.51,11.0,24.0,16.6,50
2021-05-14,-3.2,0.4,69,2.80,78,1.32,15.0,22.8,17.1,52
2021-05-15,-1.0,1.7,76,3.50,83,1.07,11.0,18.8,16.3,63
2021-05-16,1.0,7.1,69,0.20,88,2.07,1.0,17.3,13.8,46
2021-05-17,1.7,5.6,68,0.00,69,2.06,0.0,19.5,17.0,49
2021-05-18,-0.3,4.8,59,0.00,74,2.37,0.0,19.7,17.0,39
2021-05-19,-1.2,4.5,54,0.00,74,2.74,0.0,16.4,10.3,23
2021-05-20,2.6,10.0,54,0.00,202,3.24,0.0,12.1,9.8,35
2021-05-21,6.1,13.1,52,0.00,134,3.68,0.0,15.9,10.7,31
2021-05-22,7.8,13.4,61,1.50,126,2.60,4.0,20.9,17.8,37
2021-05-23,12.3,18.2,55,0.10,285,4.11,1.0,18.4,11.7,38
2021-05-24,5.2,14.7,65,0.00,25,2.90,0.0,21.7,19.1,45
2021-05-25,1.4,7.9,58,0.00,38,2.99,0.0,19.2,8.7,43
2021-05-26,4.2,10.4,53,0.00,146,3.13,0.0,21.7,15.0,29
2021-05-27,9.0,15.5,47,0.00,155,4.05,0.0,21.1,14.3,32
2021-05-28,9.7,14.6,55,0.00,19,3.82,0.0,14.8,11.6,35
2021-05-29,8.4,14.4,56,0.00,117,3.77,0.0,15.4,12.6,33
2021-05-30,8.3,13.9,60,0.00,352,3.03,0.0,17.3,11.1,38
2021-05-31,8.9,17.1,57,0.00,122,3.72,0.0,21.4,15.0,41
2021-06-01,12.3,17.7,69,7.40,138,2.13,8.0,19.3,8.8,39
2021-06-02,14.3,20.9,76,0.00,132,3.83,0.0,11.0,7.0,49
2021-06-03,14.6,20.5,68,1.70,99,3.06,6.0,17.2,12.4,46
2021-06-04,12.8,18.9,82,3.60,170,2.21,8.0,12.6,6.9,53
2021-06-05,13.3,18.5,80,4.60,249,2.93,8.0,12.4,5.3,52
2021-06-06,7.8,16.1,69,1.40,333,2.46,4.0,22.9,17.3,57
2021-06-07,5.1,8.8,75,1.60,4,1.50,11.0,23.1,17.1,57
2021-06-08,5.8,10.2,75,0.10,90,1.64,1.0,11.4,9.4,58
2021-06-09,9.2,17.1,66,0.00,142,3.60,0.0,19.9,13.6,38
2021-06-10,14.7,19.3,51,0.30,122,4.04,2.0,22.7,15.1,36
2021-06-11,11.1,15.6,85,9.80,92,1.25,16.0,19.8,14.8,52
2021-06-12,9.3,15.1,93,2.90,145,1.94,7.0,16.4,13.7,70
2021-06-13,14.0,21.4,73,0.00,131,3.91,0.0,19.4,14.6,46
2021-06-14,17.3,24.0,61,0.00,131,5.11,0.0,15.9,12.2,38
2021-06-15,19.1,24.2,58,0.00,18,5.37,0.0,21.2,15.4,37
2021-06-16,15.0,22.1,61,0.20,44,3.73,2.0,31.4,26.7,40
2021-06-17,12.8,20.5,63,0.00,44,4.22,0.0,27.6,15.7,36
2021-06-18,16.7,23.9,51,0.00,293,5.58,0.0,22.0,10.9,18
2021-06-19,11.1,22.2,50,0.00,24,4.18,0.0,22.4,17.1,28
2021-06-20,11.0,15.9,53,0.00,112,4.41,0.0,18.0,10.5,32
2021-06-21,15.2,23.5,40,0.00,163,5.39,0.0,15.3,9.4,24
2021-06-22,16.1,21.0,52,1.60,308,4.24,6.0,30.3,12.5,28
2021-06-23,10.7,16.0,46,0.00,327,4.93,0.0,32.1,23.2,22
2021-06-24,16.0,27.5,43,0.00,238,5.37,0.0,17.6,8.8,24
2021-06-25,20.3,25.5,51,0.00,141,5.47,0.0,15.1,9.6,34
2021-06-26,22.2,28.6,48,0.40,307,6.37,2.0,29.6,14.6,20
2021-06-27,19.8,26.2,44,0.00,101,5.22,0.0,26.8,16.9,22
2021-06-28,21.7,27.4,44,0.00,25,6.49,0.0,22.3,14.9,24
2021-06-29,21.3,29.0,50,0.00,124,6.31,0.0,22.8,16.5,27
2021-06-30,27.0,33.0,44,0.00,126,6.51,0.0,20.0,12.3,32
2021-07-01,21.8,30.3,74,2.80,3,3.18,5.0,18.6,14.1,46
2021-07-02,19.9,24.1,64,0.20,41,4.54,2.0,26.8,19.0,44
2021-07-03,17.3,23.9,59,0.00,40,3.75,0.0,26.0,19.4,44
2021-07-04,14.5,19.5,52,0.00,93,4.49,0.0,16.1,10.3,31
2021-07-05,15.6,21.3,51,0.00,169,4.80,0.0,17.0,10.7,35
2021-07-06,16.3,20.9,63,2.30,167,3.59,7.0,18.8,14.7,42
2021-07-07,18.7,25.9,60,0.00,154,4.93,0.0,18.4,15.5,44
2021-07-08,22.9,29.4,54,0.00,318,5.93,0.0,20.1,12.7,30
2021-07-09,22.4,26.6,50,0.00,122,5.98,0.0,20.4,13.1,34
2021-07-10,23.6,28.8,49,0.00,183,6.03,0.0,19.4,13.6,26
2021-07-11,22.3,26.5,54,0.40,350,5.05,3.0,23.8,12.4,36
2021-07-12,19.4,24.1,53,1.50,324,4.78,6.0,19.4,12.6,33
2021-07-13,20.7,25.4,48,0.00,218,5.77,0.0,20.5,12.8,29
2021-07-14,22.5,27.6,54,0.10,182,5.27,1.0,19.8,11.8,40
2021-07-15,15.6,27.5,78,11.50,10,1.75,11.0,24.3,16.2,38
2021-07-16,8.6,11.7,62,1.90,338,2.16,4.0,17.0,10.1,43
2021-07-17,11.3,15.4,59,0.00,186,3.58,0.0,13.0,8.0,42
2021-07-18,13.4,19.0,62,0.00,162,4.30,0.0,17.2,10.0,43
2021-07-19,16.2,21.1,62,0.20,171,4.26,2.0,15.2,10.2,44
2021-07-20,17.6,22.6,70,0.40,153,3.73,2.0,11.5,6.6,44
2021-07-21,18.7,23.1,68,0.70,145,4.23,2.0,19.5,12.0,45
2021-07-22,19.7,24.2,67,0.00,130,3.73,0.0,18.6,13.1,46
2021-07-23,18.6,23.9,80,13.70,359,3.13,21.0,19.9,11.1,52
2021-07-24,13.4,20.5,66,1.40,30,3.40,3.0,15.8,13.0,46
2021-07-25,12.7,17.4,62,0.00,206,3.58,0.0,14.8,9.0,43
2021-07-26,15.8,22.5,65,0.60,225,3.93,2.0,19.1,13.4,41
2021-07-27,12.9,18.8,64,0.00,327,2.62,0.0,17.9,13.4,38
2021-07-28,15.3,20.0,65,0.00,175,3.97,0.0,14.3,12.1,41
2021-07-29,17.2,21.7,74,1.60,318,3.56,4.0,16.9,12.0,39
2021-07-30,19.3,24.6,60,0.00,281,3.98,0.0,17.1,10.1,39
2021-07-31,21.9,28.3,62,0.00,184,4.92,0.0,13.8,11.8,41
2021-08-01,25.0,31.9,47,0.00,297,5.80,0.0,17.2,10.5,22
2021-08-02,25.8,33.8,45,0.00,268,6.45,0.0,17.9,12.1,19
2021-08-03,23.2,32.8,47,0.30,354,4.97,2.0,20.8,14.9,21
2021-08-04,12.9,17.6,54,0.00,38,3.07,0.0,17.5,8.8,39
2021-08-05,13.4,18.8,66,0.00,288,3.21,0.0,11.2,5.5,44
2021-08-06,16.8,21.9,65,0.00,145,3.87,0.0,13.8,11.6,46
2021-08-07,18.2,22.0,74,3.50,28,3.00,12.0,30.5,15.4,49
2021-08-08,11.2,15.6,54,0.00,342,2.92,0.0,26.5,14.9,43
2021-08-09,11.2,14.4,73,3.80,165,1.48,6.0,24.4,13.3,47
2021-08-10,13.1,15.9,82,1.90,321,1.93,3.0,21.9,15.1,50
2021-08-11,11.8,14.4,72,2.60,3,1.95,7.0,18.3,9.8,45
2021-08-12,13.5,19.1,63,0.10,269,2.60,1.0,18.3,8.7,39
2021-08-13,16.9,23.7,76,0.00,154,3.16,0.0,15.2,11.3,50
2021-08-14,16.7,22.6,85,6.70,19,1.65,14.0,22.0,12.0,63
2021-08-15,13.2,15.8,85,1.40,65,1.68,10.0,17.4,12.8,70
2021-08-16,12.5,15.8,71,0.60,52,2.20,6.0,24.8,19.8,56
2021-08-17,11.6,16.4,72,0.00,64,2.75,0.0,21.8,8.8,52
2021-08-18,13.9,16.9,72,0.00,151,2.64,0.0,23.5,19.5,64
2021-08-19,13.3,16.9,92,5.40,19,0.88,20.0,22.5,10.6,69
2021-08-20,8.6,13.4,81,2.90,345,1.77,6.0,25.0,20.6,40
2021-08-21,9.5,13.7,63,0.00,36,2.60,0.0,18.1,11.0,43
2021-08-22,9.4,13.4,66,0.00,63,2.45,0.0,15.3,10.1,45
2021-08-23,10.0,13.5,74,0.20,190,1.67,2.0,17.8,8.3,51
2021-08-24,12.4,16.0,79,0.00,163,2.40,0.0,17.9,13.8,61
2021-08-25,15.1,20.5,75,0.00,159,3.05,0.0,16.2,13.8,59
2021-08-26,17.1,22.1,73,0.00,173,3.13,0.0,15.2,11.0,53
2021-08-27,17.9,23.2,73,0.60,145,3.02,1.0,14.0,7.7,56
2021-08-28,16.8,22.2,81,1.50,144,2.48,5.0,11.1,6.7,56
2021-08-29,16.1,20.6,87,0.50,109,1.84,3.0,11.6,9.4,63
2021-08-30,15.5,20.2,86,2.70,97,1.58,9.0,10.4,7.7,60
2021-08-31,13.6,17.3,81,0.00,205,1.81,0.0,10.5,5.5,59
2021-09-01,12.8,17.6,84,0.00,349,1.88,0.0,16.9,12.4,55
2021-09-02,13.4,17.7,74,0.00,33,2.47,0.0,15.6,12.0,53
2021-09-03,12.6,17.4,81,0.30,120,1.57,3.0,15.7,10.6,52
2021-09-04,13.4,18.2,83,0.00,147,1.89,0.0,27.3,19.0,63
2021-09-05,16.2,18.4,78,2.80,157,2.09,10.0,21.3,14.9,63
2021-09-06,14.3,17.5,88,1.90,311,1.66,5.0,22.5,11.3,64
2021-09-07,12.7,16.2,81,0.20,317,1.61,2.0,20.1,13.6,64
2021-09-08,10.9,14.4,79,0.00,65,1.38,0.0,14.5,8.4,63
2021-09-09,10.1,13.6,86,9.80,56,1.07,19.0,18.4,15.1,61
2021-09-10,8.3,11.1,74,0.00,23,1.25,0.0,16.2,9.1,60
2021-09-11,8.8,11.6,80,0.00,118,1.06,0.0,25.7,15.6,61
2021-09-12,10.3,12.9,86,1.70,112,1.24,13.0,21.2,12.9,76
2021-09-13,9.7,14.2,85,0.10,285,1.55,1.0,12.3,8.2,58
2021-09-14,9.2,13.0,88,2.10,121,0.74,8.0,16.0,8.7,64
2021-09-15,8.9,10.0,90,0.30,50,0.88,3.0,26.1,15.8,64
2021-09-16,5.2,8.7,71,0.00,10,1.54,0.0,25.6,13.3,52
2021-09-17,6.4,8.8,73,0.70,125,1.13,4.0,19.6,10.8,53
2021-09-18,7.2,10.3,76,0.00,93,1.23,0.0,22.4,16.0,55
2021-09-19,6.7,10.6,76,0.00,69,1.36,0.0,20.3,13.5,52
2021-09-20,6.8,10.4,81,0.10,34,1.20,1.0,9.3,5.4,55
2021-09-21,7.4,10.1,83,0.90,125,0.87,5.0,27.8,17.5,66
2021-09-22,8.6,13.4,91,0.90,107,0.98,2.0,15.7,11.1,68
2021-09-23,8.2,12.6,89,13.70,15,0.71,16.0,13.3,8.7,70
2021-09-24,7.3,8.3,87,2.40,130,0.52,6.0,26.1,14.6,73
2021-09-25,7.3,9.0,91,2.00,188,0.81,5.0,18.7,13.5,73
2021-09-26,3.4,7.0,81,0.00,296,0.97,0.0,16.6,10.5,64
2021-09-27,3.6,8.5,84,0.00,63,1.04,0.0,20.5,10.4,57
2021-09-28,6.8,11.0,87,5.70,113,0.87,10.0,24.9,20.8,66
2021-09-29,7.2,10.0,95,1.80,99,0.54,5.0,10.5,6.4,85
2021-09-30,7.0,10.6,94,0.20,109,0.63,1.0,14.9,8.9,78
2021-10-01,7.4,9.3,96,2.90,201,0.41,6.0,17.2,11.7,81
2021-10-02,7.9,10.1,83,0.30,158,0.83,2.0,22.1,16.8,67
2021-10-03,7.1,9.5,70,1.30,200,1.52,3.0,20.0,18.3,46
2021-10-04,4.0,8.5,82,1.30,237,0.56,7.0,16.1,13.0,60
2021-10-05,3.0,4.4,94,1.00,283,0.43,8.0,14.4,10.7,78
2021-10-06,3.2,5.9,90,0.70,57,0.47,5.0,14.1,7.6,74
2021-10-07,2.2,3.9,96,5.20,311,0.37,15.0,13.5,9.5,81
2021-10-08,1.2,5.2,88,0.00,243,0.62,0.0,8.5,6.7,71
2021-10-09,3.8,6.3,91,1.70,159,0.31,5.0,15.9,10.8,83
2021-10-10,2.3,4.4,99,2.80,281,0.16,11.0,26.3,13.9,98
2021-10-11,-0.5,1.4,92,2.40,317,0.34,11.0,23.8,11.8,78
2021-10-12,0.2,4.5,84,0.20,123,0.58,2.0,25.0,13.3,74
2021-10-13,5.8,7.1,73,0.00,163,1.20,0.0,22.6,19.7,69
2021-10-14,4.9,6.2,86,0.00,155,0.67,0.0,18.2,16.3,77
2021-10-15,3.8,6.2,92,0.00,130,0.47,0.0,15.2,12.8,83
2021-10-16,2.2,4.3,96,0.60,123,0.21,3.0,14.8,10.0,92
2021-10-17,0.5,1.3,93,0.50,259,0.21,5.0,15.1,10.7,86
2021-10-18,-0.3,0.9,89,0.00,275,0.37,0.0,13.4,11.2,69
2021-10-19,0.4,4.1,86,0.00,174,0.43,0.0,18.1,12.2,69
2021-10-20,2.9,4.5,83,0.00,142,0.63,0.0,22.9,18.8,73
2021-10-21,4.1,5.6,78,0.00,143,0.83,0.0,22.6,20.7,70
2021-10-22,4.0,4.9,76,0.00,146,0.94,0.0,28.1,23.7,69
2021-10-23,4.6,5.8,79,0.20,152,0.87,1.0,26.8,23.5,71
2021-10-24,4.3,4.9,83,0.50,148,0.56,3.0,28.2,21.8,77
2021-10-25,3.9,4.6,92,0.80,158,0.25,4.0,22.2,17.8,83
2021-10-26,3.6,4.5,94,3.60,110,0.17,10.0,13.9,8.4,90
2021-10-27,3.0,3.3,99,0.20,219,0.13,2.0,9.2,6.7,97
2021-10-28,1.9,2.5,97,0.50,254,0.16,4.0,9.7,6.4,90
2021-10-29,0.0,0.9,94,0.50,288,0.23,4.0,16.5,10.5,74
2021-10-30,-1.6,0.0,84,0.00,295,0.34,0.0,19.1,15.5,71
2021-10-31,-1.9,2.2,85,0.00,195,0.32,0.0,17.9,9.6,70
2021-11-01,0.7,2.3,86,0.00,155,0.34,0.0,18.7,17.0,76
2021-11-02,0.3,2.6,94,0.00,138,0.16,0.0,13.3,11.2,87
2021-11-03,0.5,2.7,91,0.00,157,0.21,0.0,16.9,15.3,81
2021-11-04,0.6,2.0,91,0.00,200,0.22,0.0,15.6,13.0,76
2021-11-05,-2.0,0.3,92,0.00,354,0.16,0.0,14.0,10.4,85
2021-11-06,-1.5,0.0,92,0.00,69,0.15,0.0,12.1,10.8,84
2021-11-07,-2.1,-1.0,92,0.20,33,0.14,2.0,10.2,7.8,77
2021-11-08,-4.3,-2.7,85,0.30,339,0.15,3.0,10.0,8.9,74
2021-11-09,-6.6,-4.3,84,0.00,58,0.15,0.0,12.2,9.1,71
2021-11-10,-4.2,-2.8,79,0.00,98,0.37,0.0,21.9,17.8,70
2021-11-11,-1.8,-0.7,84,2.90,154,0.27,11.0,19.8,16.6,78
2021-11-12,-1.2,-0.3,84,0.10,147,0.35,1.0,29.3,23.1,78
2021-11-13,-1.9,-0.8,89,3.80,118,0.15,18.0,21.7,13.6,82
2021-11-14,-5.8,-2.0,85,0.00,283,0.14,0.0,13.7,10.7,75
2021-11-15,-8.0,-5.8,83,0.00,311,0.10,0.0,12.2,8.4,76
2021-11-16,-8.8,-7.0,83,0.00,57,0.08,0.0,9.4,7.1,75
2021-11-17,-7.2,-4.2,87,1.80,131,0.14,11.0,22.0,12.4,77
2021-11-18,-6.2,-5.8,90,1.90,92,0.08,14.0,17.6,10.4,86
2021-11-19,-13.4,-6.6,81,0.00,357,0.10,0.0,14.7,12.6,73
2021-11-20,-19.1,-16.8,80,0.00,308,0.07,0.0,12.6,10.5,74
2021-11-21,-21.9,-17.0,85,0.20,84,0.06,2.0,21.0,11.0,72
2021-11-22,-19.4,-17.4,75,0.00,62,0.13,0.0,22.2,15.4,70
2021-11-23,-24.8,-21.4,68,0.00,49,0.12,0.0,22.2,14.3,64
2021-11-24,-24.4,-17.5,72,0.30,84,0.09,3.0,20.1,12.1,67
2021-11-25,-16.1,-13.6,78,1.40,109,0.18,9.0,24.6,20.6,70
2021-11-26,-10.5,-8.2,87,4.80,89,0.10,12.0,16.9,12.3,82
2021-11-27,-17.6,-9.0,83,2.20,279,0.08,11.0,20.7,14.6,78
2021-11-28,-17.7,-7.6,83,1.20,90,0.13,8.0,23.5,16.0,77
2021-11-29,-18.8,-6.7,81,0.40,289,0.07,4.0,20.5,16.5,74
2021-11-30,-29.9,-27.1,76,0.00,44,0.04,0.0,15.5,11.3,73
2021-12-01,-25.1,-21.4,76,0.00,79,0.08,0.0,18.6,16.1,74
2021-12-02,-21.3,-20.1,77,0.00,91,0.09,0.0,17.4,14.6,74
2021-12-03,-20.7,-19.8,80,1.20,338,0.04,12.0,16.6,9.8,75
2021-12-04,-30.2,-25.0,75,0.00,312,0.04,0.0,15.2,11.7,72
2021-12-05,-29.8,-27.7,75,0.00,282,0.04,0.0,13.0,11.3,71
2021-12-06,-28.8,-27.3,75,0.00,136,0.03,0.0,11.9,8.7,70
2021-12-07,-25.2,-23.2,75,0.00,128,0.09,0.0,25.7,18.8,72
2021-12-08,-19.1,-17.5,80,1.00,122,0.09,6.0,25.8,15.3,71
2021-12-09,-21.9,-16.9,82,0.00,300,0.03,0.0,12.8,10.5,80
2021-12-10,-23.1,-21.6,81,0.70,310,0.03,7.0,14.0,9.6,79
2021-12-11,-20.7,-16.2,79,0.10,101,0.12,1.0,24.5,21.4,76
2021-12-12,-12.6,-11.4,84,6.50,82,0.07,22.0,18.5,11.0,78
2021-12-13,-15.0,-12.9,85,0.50,26,0.03,5.0,12.9,10.1,84
2021-12-14,-24.7,-18.9,82,0.00,316,0.02,0.0,12.5,8.4,80
2021-12-15,-27.4,-26.6,77,0.00,105,0.03,0.0,10.8,8.3,76
2021-12-16,-27.2,-24.7,77,0.50,307,0.02,5.0,7.9,6.1,76
2021-12-17,-29.9,-24.6,77,0.00,188,0.03,0.0,17.2,10.8,71
2021-12-18,-27.6,-25.2,75,0.90,106,0.06,9.0,18.6,13.4,73
2021-12-19,-30.1,-26.7,77,0.00,345,0.02,0.0,12.3,8.2,74
2021-12-20,-35.3,-31.8,74,0.00,330,0.02,0.0,13.3,10.1,71
2021-12-21,-33.9,-30.9,73,0.10,96,0.02,1.0,13.5,9.1,67
2021-12-22,-33.7,-31.5,76,0.00,154,0.01,0.0,10.7,6.2,71
2021-12-23,-27.9,-25.6,76,1.70,61,0.02,17.0,9.1,6.8,75
2021-12-24,-25.0,-24.3,76,0.40,31,0.05,4.0,12.8,11.2,74
2021-12-25,-26.1,-22.2,75,0.90,358,0.07,9.0,21.8,15.5,73
2021-12-26,-21.3,-20.5,75,1.10,15,0.10,11.0,21.7,14.8,73
2021-12-27,-28.3,-25.3,76,0.00,153,0.04,0.0,19.1,12.5,67
2021-12-28,-35.2,-32.7,75,0.00,83,0.02,0.0,14.8,9.2,71
2021-12-29,-34.9,-33.2,75,0.00,123,0.02,0.0,13.9,8.9,67
2021-12-30,-34.5,-33.3,73,0.00,22,0.03,0.0,13.5,9.8,72
2021-12-31,-31.7,-29.4,74,0.00,314,0.04,0.0,13.8,11.5,71
2022-01-01,-37.0,-32.9,77,0.00,83,0.02,0.0,17.4,9.6,70
2022-01-02,-32.1,-29.8,72,0.00,32,0.05,0.0,18.1,15.2,71
2022-01-03,-37.0,-35.5,71,0.00,335,0.03,0.0,17.0,16.0,70
2022-01-04,-34.9,-31.7,71,0.00,326,0.04,0.0,15.1,14.5,70
2022-01-05,-34.4,-31.5,72,0.00,287,0.03,0.0,13.3,11.4,70
2022-01-06,-28.7,-21.7,73,0.50,230,0.07,5.0,21.1,15.6,68
2022-01-07,-24.1,-20.7,77,0.10,310,0.05,1.0,13.9,12.2,72
2022-01-08,-29.1,-27.1,74,0.00,297,0.06,0.0,18.2,14.9,71
2022-01-09,-30.1,-28.0,74,0.00,295,0.05,0.0,17.4,13.5,73
2022-01-10,-28.6,-24.9,75,2.50,109,0.05,13.0,14.1,9.4,70
2022-01-11,-32.3,-28.1,74,0.00,15,0.03,0.0,12.6,8.9,72
2022-01-12,-26.7,-22.8,75,0.60,106,0.07,6.0,17.0,14.6,72
2022-01-13,-23.0,-21.2,78,0.00,103,0.05,0.0,13.3,9.1,76
2022-01-14,-17.0,-10.7,82,0.00,166,0.11,0.0,25.6,15.6,79
2022-01-15,-20.1,-13.5,79,0.00,30,0.08,0.0,18.5,14.5,72
2022-01-16,-25.4,-23.5,76,0.80,68,0.04,8.0,11.4,9.0,75
2022-01-17,-29.7,-27.4,74,1.20,27,0.03,9.0,13.1,9.5,72
2022-01-18,-37.7,-35.3,70,0.00,334,0.02,0.0,13.0,9.4,68
2022-01-19,-31.1,-27.5,71,0.00,149,0.07,0.0,27.8,18.7,64
2022-01-20,-24.1,-21.6,74,0.60,126,0.08,6.0,20.4,12.6,64
2022-01-21,-27.8,-23.0,73,0.40,321,0.09,4.0,24.2,17.0,69
2022-01-22,-32.9,-28.5,74,0.00,112,0.04,0.0,20.7,10.3,69
2022-01-23,-27.9,-26.5,74,0.40,84,0.07,4.0,22.0,13.9,71
2022-01-24,-28.2,-25.5,75,0.00,112,0.06,0.0,18.2,12.3,72
2022-01-25,-19.9,-14.8,78,0.30,152,0.13,2.0,29.0,19.7,68
2022-01-26,-14.2,-11.2,81,1.00,338,0.12,9.0,17.8,12.6,76
2022-01-27,-18.3,-15.1,83,0.00,326,0.06,0.0,13.0,9.1,81
2022-01-28,-20.1,-19.1,81,3.50,76,0.09,16.0,24.0,13.3,76
2022-01-29,-24.1,-21.5,78,0.60,33,0.06,6.0,13.2,7.9,75
2022-01-30,-26.9,-25.3,75,1.10,31,0.07,11.0,14.5,11.1,73
2022-01-31,-27.0,-23.5,76,0.00,316,0.09,0.0,16.5,15.4,70
2022-02-01,-29.2,-23.8,72,0.00,329,0.08,0.0,20.9,17.4,68
2022-02-02,-32.5,-31.6,74,0.00,235,0.04,0.0,12.2,8.0,67
2022-02-03,-34.6,-31.3,72,0.00,313,0.05,0.0,18.5,14.1,67
2022-02-04,-34.8,-32.6,73,0.00,222,0.03,0.0,10.2,6.9,65
2022-02-05,-29.0,-25.2,73,0.00,108,0.09,0.0,16.5,13.6,70
2022-02-06,-24.5,-18.9,77,1.60,139,0.11,6.0,23.5,18.0,73
2022-02-07,-20.3,-17.6,80,0.00,328,0.08,0.0,19.1,10.8,73
2022-02-08,-24.5,-20.2,75,0.30,335,0.10,3.0,20.4,11.0,69
2022-02-09,-28.0,-24.4,73,0.40,83,0.07,2.0,18.0,10.5,67
2022-02-10,-26.2,-24.6,72,3.40,83,0.13,10.0,25.3,20.1,67
2022-02-11,-26.8,-23.3,75,0.70,296,0.08,5.0,15.6,7.1,69
2022-02-12,-28.0,-25.0,82,0.00,78,0.06,0.0,17.4,8.2,64
2022-02-13,-30.6,-28.3,69,0.00,56,0.08,0.0,19.0,9.5,55
2022-02-14,-28.7,-23.0,70,0.70,114,0.09,6.0,15.5,9.6,65
2022-02-15,-28.8,-23.0,72,1.10,339,0.10,7.0,23.0,14.7,65
2022-02-16,-34.6,-31.3,72,0.00,310,0.06,0.0,11.0,8.1,63
2022-02-17,-31.8,-28.2,72,0.00,90,0.08,0.0,18.0,12.6,66
2022-02-18,-28.5,-25.7,72,0.00,297,0.13,0.0,21.2,14.0,64
2022-02-19,-29.8,-28.4,72,0.00,52,0.09,0.0,13.8,10.4,66
2022-02-20,-33.7,-29.3,72,0.00,325,0.07,0.0,11.4,8.3,62
2022-02-21,-31.4,-28.4,71,0.00,316,0.09,0.0,15.8,12.1,64
2022-02-22,-30.5,-27.7,73,0.00,317,0.10,0.0,22.7,10.7,64
2022-02-23,-22.8,-17.7,69,0.40,139,0.24,4.0,26.5,19.9,66
2022-02-24,-21.1,-13.1,78,0.20,213,0.15,2.0,15.0,8.0,73
2022-02-25,-13.7,-10.2,78,0.30,324,0.21,3.0,19.5,9.6,63
2022-02-26,-25.3,-18.6,74,0.00,350,0.15,0.0,14.2,10.7,63
2022-02-27,-30.1,-24.3,75,0.00,47,0.13,0.0,8.2,5.1,56
2022-02-28,-29.1,-23.5,72,0.00,16,0.13,0.0,12.5,7.6,62
2022-03-01,-26.7,-23.6,72,0.00,51,0.16,0.0,16.7,11.3,61
2022-03-02,-27.1,-21.5,70,0.00,94,0.19,0.0,11.5,8.7,59
2022-03-03,-22.3,-17.0,65,0.00,126,0.28,0.0,20.2,14.9,58
2022-03-04,-13.2,-8.7,71,0.60,145,0.45,4.0,19.1,12.2,58
2022-03-05,-11.7,-7.5,84,0.00,332,0.38,0.0,8.4,6.7,70
2022-03-06,-13.1,-9.3,84,0.00,164,0.28,0.0,18.1,12.8,78
2022-03-07,-9.7,-8.1,79,1.80,351,0.43,9.0,31.3,24.7,69
2022-03-08,-18.4,-11.3,75,0.00,326,0.31,0.0,26.5,20.9,68
2022-03-09,-22.4,-17.1,80,0.30,300,0.23,3.0,20.4,11.0,70
2022-03-10,-24.5,-19.0,71,0.00,329,0.26,0.0,21.3,16.5,58
2022-03-11,-23.5,-18.8,72,0.00,89,0.20,0.0,12.7,7.7,63
2022-03-12,-20.6,-17.9,77,0.00,8,0.23,0.0,14.9,11.5,71
2022-03-13,-22.0,-18.6,71,0.00,312,0.27,0.0,20.4,17.5,61
2022-03-14,-23.0,-19.0,73,0.00,216,0.29,0.0,15.5,9.8,63
2022-03-15,-21.7,-14.3,69,0.00,137,0.34,0.0,11.8,8.4,61
2022-03-16,-17.1,-10.6,71,0.00,69,0.50,0.0,9.3,6.6,54
2022-03-17,-13.2,-7.8,74,0.10,86,0.46,1.0,16.2,10.4,63
2022-03-18,-8.8,-6.2,80,1.90,55,0.53,8.0,13.9,9.6,72
2022-03-19,-10.1,-3.6,83,0.00,104,0.65,0.0,12.9,9.6,74
2022-03-20,-6.2,-0.7,84,0.20,106,0.59,1.0,16.5,13.6,75
2022-03-21,-3.9,-0.6,90,2.50,13,0.32,12.0,19.8,10.9,78
2022-03-22,-13.2,-7.8,81,0.30,311,0.48,3.0,17.9,13.9,70
2022-03-23,-10.8,-8.9,81,4.00,70,0.50,10.0,20.3,14.1,74
2022-03-24,-17.9,-11.5,75,0.00,334,0.39,0.0,19.9,16.8,66
2022-03-25,-24.9,-18.2,70,0.00,40,0.31,0.0,14.6,10.7,56
2022-03-26,-23.8,-16.8,68,0.00,110,0.32,0.0,20.0,15.0,59
2022-03-27,-19.1,-14.7,72,0.20,80,0.49,2.0,18.4,13.1,64
2022-03-28,-16.5,-9.9,76,0.10,84,0.61,1.0,11.9,7.3,66
2022-03-29,-13.9,-9.7,80,0.50,70,0.49,4.0,11.9,6.8,71
2022-03-30,-13.2,-9.5,78,0.20,63,0.58,2.0,15.9,13.2,64
2022-03-31,-11.3,-9.7,79,1.00,32,0.44,6.0,23.0,14.2,71
2022-04-01,-20.8,-13.0,73,0.00,330,0.41,0.0,23.2,16.0,61
2022-04-02,-24.0,-17.5,71,0.00,99,0.40,0.0,10.3,8.4,56
2022-04-03,-16.4,-7.8,75,0.00,106,0.63,0.0,20.6,14.9,64
2022-04-04,-4.1,2.7,72,0.00,112,1.33,0.0,26.3,21.3,64
2022-04-05,-1.7,2.6,81,0.00,209,1.15,0.0,13.7,11.2,70
2022-04-06,-4.9,-0.4,80,0.00,162,1.02,0.0,12.6,7.9,70
2022-04-07,-2.0,1.7,79,0.00,147,1.38,0.0,13.2,9.8,63
2022-04-08,0.9,2.0,79,0.20,85,1.02,2.0,22.9,16.1,67
2022-04-09,-3.6,1.5,86,0.60,19,0.71,6.0,29.3,26.0,79
2022-04-10,-9.3,-3.8,77,0.00,358,0.75,0.0,27.8,23.8,69
2022-04-11,-12.8,-8.7,75,0.00,358,0.67,0.0,23.0,19.0,67
2022-04-12,-16.5,-10.5,73,0.00,357,0.64,0.0,21.8,13.3,66
2022-04-13,-16.9,-12.6,77,0.00,121,0.71,0.0,10.8,8.6,69
2022-04-14,-14.5,-8.3,74,0.00,160,0.86,0.0,12.1,10.2,61
2022-04-15,-11.8,-8.4,74,0.00,45,0.82,0.0,14.4,9.7,66
2022-04-16,-13.4,-8.3,76,0.00,15,0.74,0.0,14.2,12.0,67
2022-04-17,-15.7,-8.5,75,0.00,339,0.83,0.0,13.5,10.2,61
2022-04-18,-10.5,-4.1,69,0.00,277,1.23,0.0,12.0,8.7,50
2022-04-19,-8.2,-1.3,63,0.00,228,1.55,0.0,12.8,8.1,44
2022-04-20,-6.7,0.1,63,0.00,225,1.68,0.0,13.1,9.4,44
2022-04-21,-4.9,1.2,63,0.00,163,1.79,0.0,10.8,8.6,57
2022-04-22,-1.3,4.7,63,0.00,145,2.03,0.0,11.0,6.8,47
2022-04-23,-5.2,4.5,82,0.00,75,1.31,0.0,19.1,14.3,63
2022-04-24,-3.8,1.5,78,0.00,115,1.54,0.0,19.7,17.6,63
2022-04-25,0.1,8.0,72,0.00,132,1.90,0.0,23.3,19.6,45
2022-04-26,5.0,10.3,65,0.10,121,2.61,1.0,16.6,14.9,49
2022-04-27,4.5,11.2,70,0.00,65,2.51,0.0,15.3,11.4,46
2022-04-28,2.2,9.3,72,0.00,37,2.06,0.0,23.2,17.8,50
2022-04-29,-1.3,3.3,61,0.00,56,2.12,0.0,22.8,16.0,37
2022-04-30,-1.8,3.6,65,0.00,110,2.13,0.0,14.7,12.4,41
2022-05-01,0.6,6.3,64,0.00,133,2.34,0.0,17.1,13.9,38
2022-05-02,3.2,8.5,63,0.00,132,2.55,0.0,22.0,16.7,40
2022-05-03,3.1,7.9,60,0.00,139,2.47,0.0,27.6,21.0,40
2022-05-04,4.0,9.4,72,0.30,141,2.17,2.0,26.3,23.2,47
2022-05-05,5.7,13.1,77,0.50,158,2.71,2.0,16.4,11.4,46
2022-05-06,7.8,12.0,60,0.20,77,2.71,2.0,22.4,13.6,49
2022-05-07,3.8,10.9,87,21.90,40,0.80,19.0,35.9,28.7,51
2022-05-08,0.4,1.8,86,9.90,43,0.77,19.0,32.1,27.6,79
2022-05-09,-5.0,-3.0,75,4.50,36,0.96,11.0,35.7,27.7,64
2022-05-10,-2.8,3.6,69,0.20,27,1.18,2.0,21.6,13.5,58
2022-05-11,1.7,5.6,75,0.10,55,1.39,1.0,10.2,5.3,62
2022-05-12,3.6,9.8,72,0.10,146,2.64,1.0,13.4,9.2,46
2022-05-13,7.2,15.9,57,0.00,127,3.67,0.0,17.1,14.8,30
2022-05-14,9.9,16.2,56,0.00,80,4.04,0.0,19.8,15.3,32
2022-05-15,7.6,13.8,62,0.00,90,3.25,0.0,21.3,17.9,42
2022-05-16,7.6,12.1,57,0.00,114,3.05,0.0,19.1,16.2,40
2022-05-17,8.0,12.7,57,0.00,101,3.51,0.0,23.6,20.1,38
2022-05-18,7.5,12.3,56,0.00,88,3.64,0.0,21.8,17.7,30
2022-05-19,4.6,11.8,54,0.00,58,3.52,0.0,21.7,16.1,26
2022-05-20,8.8,16.7,43,0.00,351,4.22,0.0,15.5,9.5,22
2022-05-21,9.9,14.3,56,0.00,286,2.95,0.0,15.2,8.1,31
2022-05-22,3.8,11.5,77,4.90,14,1.30,12.0,18.7,13.1,55
2022-05-23,2.2,6.5,65,1.00,4,1.64,5.0,10.9,7.0,45
2022-05-24,4.9,12.3,59,0.00,220,3.17,0.0,14.7,8.9,30
2022-05-25,8.5,14.9,47,0.00,142,3.96,0.0,14.7,9.5,28
2022-05-26,10.7,16.7,46,0.00,132,4.37,0.0,13.4,10.5,28
2022-05-27,10.8,16.9,54,0.00,156,4.04,0.0,15.5,11.9,30
2022-05-28,12.0,16.3,60,0.30,351,3.95,2.0,18.8,13.4,37
2022-05-29,10.1,15.5,49,0.10,351,4.33,1.0,21.0,17.2,24
2022-05-30,9.5,15.6,44,0.00,14,4.41,0.0,20.0,9.3,24
2022-05-31,11.2,18.6,39,0.00,187,4.58,0.0,12.0,8.5,23
2022-06-01,13.4,18.2,44,0.00,191,4.38,0.0,14.3,9.6,23
2022-06-02,13.5,18.9,43,0.00,146,4.69,0.0,19.1,12.4,25
2022-06-03,15.4,22.4,39,0.00,161,5.55,0.0,15.7,11.7,22
2022-06-04,16.8,24.5,33,0.00,154,6.03,0.0,18.1,12.5,16
2022-06-05,18.0,24.8,32,0.00,148,6.65,0.0,22.7,19.2,17
2022-06-06,18.2,24.4,31,0.00,150,6.71,0.0,20.0,16.5,18
2022-06-07,19.4,24.9,31,0.00,150,6.09,0.0,15.0,10.5,20
2022-06-08,19.9,26.4,31,0.00,148,6.14,0.0,16.9,11.3,17
2022-06-09,20.9,25.7,27,0.00,153,7.05,0.0,17.2,14.0,19
2022-06-10,20.5,25.7,38,0.00,148,6.11,0.0,25.1,12.6,26
2022-06-11,17.9,25.4,59,0.00,147,5.08,0.0,24.1,18.0,27
2022-06-12,15.3,20.7,63,0.20,146,4.24,1.0,21.3,16.2,41
2022-06-13,17.4,24.4,53,0.00,170,5.04,0.0,12.7,8.8,25
2022-06-14,19.2,25.4,37,0.50,302,5.37,2.0,17.6,7.9,26
2022-06-15,20.4,24.7,38,8.30,40,5.30,5.0,16.6,8.9,26
2022-06-16,14.2,18.1,58,3.50,109,3.46,6.0,15.0,10.0,44
2022-06-17,15.1,22.3,48,0.00,58,4.63,0.0,10.5,7.1,28
2022-06-18,17.9,24.9,47,0.00,80,5.25,0.0,10.0,6.8,21
2022-06-19,19.6,25.4,40,0.00,64,5.87,0.0,15.8,9.8,18
2022-06-20,19.4,24.7,34,0.00,175,6.17,0.0,18.9,10.1,19
2022-06-21,20.4,26.6,35,0.30,167,6.02,3.0,14.2,9.6,21
2022-06-22,19.0,26.0,38,0.00,89,6.17,0.0,20.9,15.0,23
2022-06-23,18.1,24.2,36,0.00,147,5.33,0.0,15.3,9.0,21
2022-06-24,20.9,27.5,36,0.00,283,5.79,0.0,16.8,10.9,20
2022-06-25,19.5,23.6,51,3.90,330,4.46,4.0,25.7,10.7,34
2022-06-26,13.7,19.2,57,0.30,354,3.49,3.0,18.7,16.8,37
2022-06-27,14.3,20.5,56,1.20,302,4.16,2.0,13.4,9.9,25
2022-06-28,17.2,23.6,45,1.20,282,5.00,3.0,27.1,13.0,29
2022-06-29,13.8,19.9,56,5.10,30,4.40,3.0,18.5,9.5,19
2022-06-30,15.1,20.8,37,0.00,58,4.71,0.0,14.6,6.7,23
2022-07-01,17.3,23.0,41,0.00,282,5.12,0.0,18.8,10.7,22
2022-07-02,19.1,23.1,46,0.00,347,5.23,0.0,19.6,11.5,22
2022-07-03,16.3,21.7,51,0.00,80,4.25,0.0,16.6,12.0,28
2022-07-04,16.6,21.7,47,0.00,126,5.28,0.0,13.8,10.7,29
2022-07-05,18.9,24.2,41,0.00,158,5.83,0.0,14.1,10.6,17
2022-07-06,21.1,26.8,34,0.00,144,6.22,0.0,14.9,10.1,20
2022-07-07,22.5,27.8,40,0.00,158,6.40,0.0,16.0,11.6,19
2022-07-08,23.1,27.2,39,0.00,144,6.21,0.0,23.4,14.1,22
2022-07-09,20.3,25.6,55,2.10,117,4.29,2.0,19.9,12.5,32
2022-07-10,18.9,24.1,74,7.40,101,3.49,6.0,10.4,6.4,48
2022-07-11,19.1,22.8,78,0.10,130,3.85,1.0,15.3,8.5,59
2022-07-12,18.8,23.1,72,0.30,162,4.41,1.0,19.9,11.8,49
2022-07-13,18.6,22.1,58,1.40,178,4.75,4.0,19.2,10.4,40
2022-07-14,17.5,21.1,63,2.70,264,4.15,3.0,19.9,10.5,42
2022-07-15,16.8,21.2,64,0.10,316,3.72,1.0,20.5,10.3,46
2022-07-16,17.3,21.8,73,9.60,29,3.34,3.0,9.3,6.1,54
2022-07-17,16.6,21.6,87,12.10,134,2.39,8.0,23.8,12.0,65
2022-07-18,20.3,23.7,67,0.80,186,4.20,3.0,10.5,7.0,54
2022-07-19,19.8,23.3,68,4.90,209,3.58,5.0,13.3,9.0,54
2022-07-20,16.4,20.7,74,2.20,346,2.78,8.0,19.1,15.9,55
2022-07-21,16.4,20.2,63,0.00,59,3.76,0.0,13.7,10.1,39
2022-07-22,16.8,19.6,64,0.00,125,3.67,0.0,15.9,8.9,41
2022-07-23,17.6,22.3,66,0.00,155,4.30,0.0,25.1,16.5,39
2022-07-24,17.0,22.1,76,7.70,192,3.07,14.0,21.9,10.9,40
2022-07-25,15.7,20.9,73,2.60,323,3.80,4.0,27.1,18.9,40
2022-07-26,16.9,22.6,63,0.00,36,4.50,0.0,20.2,9.0,38
2022-07-27,18.0,21.5,71,0.50,132,3.03,1.0,16.6,10.8,52
2022-07-28,16.3,19.5,79,2.20,39,1.88,5.0,18.9,13.1,66
2022-07-29,15.6,20.2,58,0.00,351,3.74,0.0,19.5,10.1,35
2022-07-30,15.0,19.3,67,2.80,291,2.91,5.0,16.3,9.3,42
2022-07-31,13.0,18.5,74,1.50,351,2.88,2.0,8.9,7.2,40
2022-08-01,15.3,19.8,61,0.00,358,3.35,0.0,15.3,7.8,36
2022-08-02,15.5,20.7,56,0.00,54,4.08,0.0,13.3,8.4,30
2022-08-03,15.2,20.6,59,0.00,86,3.44,0.0,15.8,10.9,29
2022-08-04,14.5,19.4,59,0.00,143,3.11,0.0,12.1,7.8,41
2022-08-05,15.3,19.9,67,0.00,45,3.36,0.0,11.7,7.4,37
2022-08-06,16.0,19.5,66,1.10,147,3.00,4.0,21.2,14.7,39
2022-08-07,14.1,16.8,89,2.70,30,1.37,6.0,11.9,4.8,73
2022-08-08,14.8,19.0,81,9.00,63,2.66,15.0,17.7,9.9,42
2022-08-09,14.9,18.9,77,0.00,201,3.22,0.0,16.5,8.5,44
2022-08-10,18.5,24.8,67,0.00,175,3.98,0.0,21.7,16.3,46
2022-08-11,13.7,21.9,60,0.10,305,4.01,1.0,27.4,17.1,33
2022-08-12,16.3,21.9,57,0.00,231,4.25,0.0,19.2,11.1,34
2022-08-13,17.8,22.4,67,0.00,167,4.00,0.0,14.1,11.3,42
2022-08-14,19.1,24.9,60,0.00,140,4.51,0.0,19.2,12.9,36
2022-08-15,21.1,25.6,64,0.00,152,4.28,0.0,15.5,11.3,35
2022-08-16,19.7,26.0,82,6.80,358,3.06,7.0,16.3,9.8,53
2022-08-17,20.3,25.1,68,0.50,347,3.59,4.0,11.3,7.1,43
2022-08-18,21.5,28.7,65,0.00,171,4.48,0.0,20.9,17.2,30
2022-08-19,20.8,28.0,54,0.00,296,4.27,0.0,18.8,8.1,29
2022-08-20,17.5,25.3,73,2.40,312,2.74,5.0,21.6,11.4,37
2022-08-21,13.3,17.7,77,0.20,299,2.61,2.0,16.3,9.2,57
2022-08-22,16.5,19.9,74,0.00,324,2.98,0.0,17.0,12.9,47
2022-08-23,11.9,17.9,60,0.00,99,2.82,0.0,15.6,13.7,45
2022-08-24,15.2,21.9,66,0.00,103,3.18,0.0,16.6,12.8,43
2022-08-25,17.4,23.7,72,0.00,102,3.27,0.0,13.7,10.9,55
2022-08-26,19.0,22.6,77,2.50,15,3.01,3.0,23.6,13.3,49
2022-08-27,15.7,20.0,69,0.00,16,2.96,0.0,19.0,9.9,42
2022-08-28,13.8,20.1,85,15.00,87,0.84,16.0,20.3,11.3,43
2022-08-29,12.3,16.4,83,2.10,76,1.98,6.0,17.3,13.2,51
2022-08-30,12.7,16.5,75,0.10,110,2.04,1.0,20.0,16.0,56
2022-08-31,13.1,16.0,90,16.40,265,1.51,20.0,20.1,13.7,68
2022-09-01,11.4,16.0,87,1.50,344,1.13,8.0,12.6,7.9,68
2022-09-02,12.7,18.2,81,3.10,136,2.23,3.0,19.5,14.7,55
2022-09-03,15.4,20.3,76,0.00,139,2.54,0.0,14.2,10.2,54
2022-09-04,16.8,20.8,76,0.00,130,2.20,0.0,21.3,14.1,53
2022-09-05,14.9,19.4,73,0.90,232,1.98,3.0,29.9,18.4,58
2022-09-06,10.2,14.4,82,4.00,283,1.32,14.0,28.0,23.8,64
2022-09-07,8.3,11.3,75,0.10,303,1.33,1.0,22.6,15.8,65
2022-09-08,7.4,9.4,76,0.10,314,1.24,1.0,29.6,19.6,65
2022-09-09,6.9,11.3,74,0.00,320,1.65,0.0,28.1,14.9,57
2022-09-10,9.5,15.9,79,0.00,166,1.73,0.0,29.5,15.8,58
2022-09-11,8.4,12.7,71,0.10,301,1.65,1.0,30.6,21.6,55
2022-09-12,6.7,11.7,76,0.00,290,1.31,0.0,14.7,8.7,58
2022-09-13,9.8,16.2,81,0.00,161,1.82,0.0,15.2,9.0,50
2022-09-14,11.3,17.0,80,0.00,149,1.86,0.0,13.1,8.7,57
2022-09-15,12.8,17.5,80,0.00,124,1.93,0.0,16.3,12.9,55
2022-09-16,14.7,17.9,73,0.00,152,2.32,0.0,18.7,14.2,53
2022-09-17,10.9,17.1,80,0.00,337,1.67,0.0,14.3,11.7,56
2022-09-18,9.9,13.5,83,0.00,135,1.18,0.0,15.9,10.1,60
2022-09-19,8.4,12.2,87,0.90,349,1.01,3.0,17.1,10.4,64
2022-09-20,7.3,13.1,82,0.00,316,1.52,0.0,11.8,6.4,51
2022-09-21,11.0,14.9,76,0.00,157,1.69,0.0,21.2,15.6,58
2022-09-22,11.9,15.7,78,0.00,170,1.68,0.0,19.3,10.7,65
2022-09-23,13.9,17.3,64,0.70,234,2.53,3.0,25.3,17.8,34
2022-09-24,6.5,13.5,61,0.00,298,1.57,0.0,25.2,16.2,39
2022-09-25,5.3,11.6,75,0.20,131,1.19,1.0,23.2,11.4,52
2022-09-26,4.9,9.9,89,0.00,92,0.80,0.0,15.0,9.6,72
2022-09-27,13.3,20.8,73,0.10,164,2.12,1.0,23.4,17.8,57
2022-09-28,9.5,20.1,72,0.10,342,1.46,1.0,20.9,14.1,52
2022-09-29,3.9,7.9,77,0.00,81,1.06,0.0,19.1,10.2,58
2022-09-30,9.0,12.4,78,0.00,150,1.40,0.0,27.3,21.1,66
2022-10-01,10.9,13.3,86,0.00,174,0.97,0.0,20.3,13.2,76
2022-10-02,10.6,14.5,71,1.20,266,1.53,1.0,41.3,26.3,59
2022-10-03,3.7,7.4,81,0.00,59,0.82,0.0,18.9,9.8,60
2022-10-04,3.1,7.0,76,0.00,52,0.80,0.0,16.3,14.0,62
2022-10-05,0.5,4.1,79,0.00,121,0.62,0.0,18.9,11.5,66
2022-10-06,6.7,10.9,79,0.00,196,1.13,0.0,21.1,16.2,60
2022-10-07,7.5,12.6,84,0.00,174,0.84,0.0,13.0,8.5,67
2022-10-08,6.7,10.8,85,0.00,88,0.64,0.0,12.0,9.1,73
2022-10-09,7.8,11.1,90,0.00,145,0.68,0.0,20.1,15.0,79
2022-10-10,11.0,12.0,71,0.00,232,1.24,0.0,20.2,13.7,57
2022-10-11,2.4,10.0,76,2.90,287,0.71,14.0,29.1,20.4,62
2022-10-12,-0.1,1.5,68,2.10,309,1.16,6.0,30.7,27.0,57
2022-10-13,-0.3,5.1,80,0.40,136,0.60,2.0,33.7,18.2,66
2022-10-14,3.4,6.7,76,0.00,304,0.92,0.0,31.2,25.8,58
2022-10-15,-2.5,0.5,71,0.00,334,0.66,0.0,17.8,9.5,52
2022-10-16,-1.5,1.8,73,1.00,126,0.53,6.0,27.3,15.9,55
2022-10-17,1.8,5.3,90,0.00,132,0.51,0.0,18.7,17.3,77
2022-10-18,5.3,7.9,85,0.00,265,0.61,0.0,17.3,13.2,74
2022-10-19,5.2,7.8,86,1.20,149,0.45,5.0,23.4,15.7,77
2022-10-20,4.5,8.5,92,0.40,305,0.28,4.0,21.3,18.5,83
2022-10-21,-0.4,2.2,83,0.30,342,0.38,3.0,15.9,11.5,62
2022-10-22,-3.4,-1.8,59,0.00,3,0.74,0.0,14.1,11.8,47
2022-10-23,-4.3,-2.0,64,0.20,23,0.37,2.0,9.7,6.2,57
2022-10-24,-1.6,-0.1,79,2.60,82,0.32,10.0,12.4,8.7,69
2022-10-25,-4.0,-2.8,77,0.40,13,0.42,4.0,14.6,12.9,63
2022-10-26,-2.9,-0.5,87,8.80,94,0.21,18.0,16.5,10.8,79
2022-10-27,-1.9,0.8,93,1.60,82,0.17,10.0,18.4,11.9,90
2022-10-28,-4.1,0.5,90,6.40,353,0.18,17.0,18.6,12.0,82
2022-10-29,-6.6,-2.1,90,0.10,74,0.17,1.0,13.9,10.4,87
2022-10-30,-3.5,-2.7,91,0.50,70,0.17,5.0,19.5,16.2,86
2022-10-31,-7.8,-4.7,85,4.00,67,0.18,17.0,16.7,14.1,82
2022-11-01,-11.4,-8.9,87,0.80,2,0.12,8.0,12.7,9.9,82
2022-11-02,-17.8,-12.6,85,0.00,22,0.10,0.0,13.4,9.0,82
2022-11-03,-9.9,-7.9,87,4.20,121,0.17,19.0,28.8,20.8,82
2022-11-04,-8.5,-6.8,87,3.10,59,0.16,20.0,21.7,15.7,82
2022-11-05,-16.9,-11.3,81,0.10,345,0.14,1.0,17.6,15.8,73
2022-11-06,-21.0,-18.6,79,0.00,332,0.11,0.0,15.8,13.6,74
2022-11-07,-19.5,-17.7,84,0.00,306,0.08,0.0,15.8,9.3,78
2022-11-08,-17.5,-10.6,86,0.50,190,0.08,5.0,13.0,8.2,82
2022-11-09,-10.3,-9.2,87,3.50,143,0.12,23.0,18.7,15.7,83
2022-11-10,-12.9,-11.4,84,0.20,108,0.14,2.0,19.1,15.4,80
2022-11-11,-8.8,-5.3,89,0.20,139,0.14,2.0,27.2,22.0,85
2022-11-12,-6.6,-4.2,92,2.20,211,0.09,7.0,24.9,9.6,87
2022-11-13,-4.4,-2.1,94,2.20,185,0.07,5.0,22.9,15.0,92
2022-11-14,-7.8,-3.8,92,0.00,332,0.06,0.0,22.4,12.9,88
2022-11-15,-5.0,-3.4,89,0.00,301,0.19,0.0,29.8,20.8,79
2022-11-16,-13.5,-5.9,81,0.20,338,0.18,2.0,27.3,18.4,77
2022-11-17,-12.7,-7.8,84,0.00,257,0.13,0.0,20.4,12.4,70
2022-11-18,-6.2,-4.7,84,0.20,306,0.21,2.0,23.3,14.4,69
2022-11-19,-7.4,-4.5,81,0.00,284,0.19,0.0,14.6,13.0,72
2022-11-20,-5.6,-3.5,90,0.70,321,0.07,4.0,15.3,11.4,81
2022-11-21,-5.6,-1.9,95,1.00,160,0.05,4.0,20.6,11.2,92
2022-11-22,-3.8,-2.9,96,5.40,128,0.07,10.0,19.1,10.7,94
2022-11-23,-3.2,-2.2,95,6.20,322,0.07,18.0,14.8,9.4,90
2022-11-24,-6.4,-4.7,93,0.20,96,0.06,1.0,21.1,11.3,91
2022-11-25,-5.5,-4.4,90,9.60,27,0.09,16.0,21.2,15.5,84
2022-11-26,-9.6,-7.3,88,0.00,52,0.04,0.0,14.4,8.0,86
2022-11-27,-12.5,-10.0,86,0.10,17,0.07,1.0,20.9,13.9,81
2022-11-28,-19.3,-12.5,76,0.00,9,0.14,0.0,22.9,20.1,73
2022-11-29,-29.8,-26.5,75,0.00,24,0.04,0.0,15.5,11.2,74
2022-11-30,-31.7,-29.3,75,0.00,273,0.03,0.0,10.6,9.7,73
2022-12-01,-26.4,-24.3,80,0.00,197,0.03,0.0,15.3,9.7,71
2022-12-02,-30.0,-28.0,77,0.00,316,0.04,0.0,16.6,12.7,74
2022-12-03,-28.3,-14.9,77,3.30,147,0.05,13.0,16.6,11.8,71
2022-12-04,-14.0,-1.5,77,3.30,327,0.25,9.0,41.3,27.8,70
2022-12-05,-28.4,-22.7,75,0.20,359,0.04,2.0,17.2,12.7,72
2022-12-06,-35.2,-33.0,72,0.00,294,0.03,0.0,15.0,11.9,71
2022-12-07,-30.2,-28.2,74,0.00,109,0.04,0.0,14.2,12.4,67
2022-12-08,-27.5,-21.9,71,1.50,119,0.10,8.0,25.9,19.0,65
2022-12-09,-18.7,-17.0,78,4.40,77,0.07,23.0,19.9,10.7,72
2022-12-10,-18.7,-17.4,82,1.30,331,0.02,13.0,8.9,6.8,80
2022-12-11,-26.2,-23.4,83,0.00,189,0.01,0.0,9.7,5.8,79
2022-12-12,-26.5,-23.3,79,0.00,123,0.03,0.0,21.9,10.7,75
2022-12-13,-17.9,-14.6,79,0.00,144,0.12,0.0,31.0,19.1,76
2022-12-14,-16.5,-15.3,82,0.00,207,0.07,0.0,19.1,13.2,79
2022-12-15,-17.9,-14.5,84,0.00,24,0.02,0.0,12.9,9.2,79
2022-12-16,-23.3,-21.8,78,0.00,50,0.06,0.0,17.1,13.3,76
2022-12-17,-26.6,-25.0,78,0.00,331,0.05,0.0,15.9,14.3,77
2022-12-18,-28.0,-25.8,77,0.00,281,0.03,0.0,14.8,10.2,74
2022-12-19,-29.9,-29.2,75,0.00,210,0.03,0.0,10.5,9.0,70
2022-12-20,-31.3,-30.9,73,0.00,150,0.03,0.0,14.0,10.3,68
2022-12-21,-32.4,-31.5,72,0.00,159,0.03,0.0,12.3,10.5,65
2022-12-22,-35.6,-33.3,70,0.00,185,0.02,0.0,11.2,6.8,63
2022-12-23,-34.4,-33.8,71,0.00,96,0.03,0.0,13.0,11.6,65
2022-12-24,-34.7,-32.5,71,0.00,73,0.04,0.0,13.7,12.2,70
2022-12-25,-30.1,-28.7,72,0.50,81,0.05,5.0,16.5,12.1,69
2022-12-26,-27.3,-25.7,74,2.00,96,0.07,14.0,23.8,17.3,73
2022-12-27,-24.2,-21.9,76,0.20,92,0.11,2.0,30.9,22.3,74
2022-12-28,-17.0,-15.0,80,2.00,113,0.07,19.0,19.1,11.7,73
2022-12-29,-14.5,-13.9,85,1.00,138,0.04,10.0,13.3,10.9,83
2022-12-30,-13.1,-12.4,87,0.70,138,0.04,7.0,13.8,12.5,85
2022-12-31,-12.1,-11.7,87,0.00,141,0.04,0.0,14.2,11.7,86
2023-01-01,-13.6,-11.8,88,1.00,118,0.01,5.0,10.7,7.4,84
