latitude,longitude,elevation,utc_offset_seconds,timezone,timezone_abbreviation
55.28998,-114.75903,585.0,0,GMT,GMT

time,temperature_2m_mean (°C),temperature_2m_max (°C),relative_humidity_2m_mean (%),precipitation_sum (mm),wind_direction_10m_dominant (°),et0_fao_evapotranspiration (mm),precipitation_hours (h),wind_speed_10m_max (km/h),wind_speed_10m_mean (km/h),relative_humidity_2m_min (%)
1990-01-01,-3.6,-2.1,85,1.70,295,0.20,8.0,14.4,9.8,74
1990-01-02,-8.2,-4.1,76,0.20,330,0.20,1.0,11.9,9.1,67
1990-01-03,-14.6,-10.4,72,3.80,16,0.17,16.0,13.6,10.0,63
1990-01-04,-17.1,-15.5,72,1.40,76,0.12,8.0,10.2,7.6,64
1990-01-05,-16.6,-8.2,82,1.20,136,0.13,5.0,17.1,11.3,78
1990-01-06,-0.8,1.8,70,0.00,250,0.78,0.0,26.3,19.9,57
1990-01-07,-4.0,-0.1,79,0.90,175,0.31,5.0,18.5,12.2,65
1990-01-08,-1.7,1.2,78,0.00,242,0.45,0.0,20.1,14.8,65
1990-01-09,-3.1,0.3,76,0.90,198,0.39,2.0,18.4,13.3,70
1990-01-10,-3.6,-0.5,73,0.90,269,0.68,5.0,37.6,26.5,57
1990-01-11,-7.9,-5.0,77,0.00,272,0.38,0.0,29.3,17.0,67
1990-01-12,-11.8,-6.1,71,0.00,142,0.23,0.0,14.2,8.8,52
1990-01-13,-7.7,0.0,71,0.00,141,0.25,0.0,8.4,6.4,59
1990-01-14,-4.6,-1.3,91,0.00,263,0.20,0.0,14.7,10.6,81
1990-01-15,-3.2,-1.3,85,1.30,261,0.27,6.0,24.5,13.0,77
1990-01-16,-7.0,-2.1,88,0.50,310,0.17,3.0,12.1,9.1,76
1990-01-17,-10.0,-6.1,74,0.00,256,0.31,0.0,15.5,12.0,55
1990-01-18,-9.2,-3.7,64,0.00,256,0.50,0.0,24.9,14.6,55
1990-01-19,-6.7,-2.8,83,0.00,236,0.25,0.0,16.7,10.4,74
1990-01-20,-3.0,0.7,71,0.10,250,0.69,1.0,26.2,20.0,62
1990-01-21,0.0,0.9,81,0.00,270,0.54,0.0,24.2,20.7,76
1990-01-22,-2.9,1.0,88,1.60,202,0.21,7.0,17.0,11.1,83
1990-01-23,-3.4,-0.1,84,0.30,278,0.27,2.0,16.8,13.3,78
1990-01-24,-5.2,-2.2,72,0.30,251,0.53,3.0,24.0,16.2,59
1990-01-25,-4.2,-1.4,73,2.80,203,0.47,10.0,22.3,14.2,65
1990-01-26,-15.7,-2.1,76,4.40,319,0.18,18.0,21.5,15.3,61
1990-01-27,-21.3,-15.4,69,0.00,110,0.20,0.0,12.2,10.4,60
1990-01-28,-19.5,-16.5,76,1.70,39,0.12,11.0,14.7,9.9,70
1990-01-29,-27.9,-23.1,71,0.00,15,0.10,0.0,16.1,8.2,61
1990-01-30,-33.0,-27.1,70,0.00,333,0.07,0.0,9.8,7.9,60
1990-01-31,-35.5,-29.4,66,0.00,270,0.09,0.0,13.4,11.0,50
1990-02-01,-31.3,-26.0,62,0.00,119,0.12,0.0,20.7,15.4,56
1990-02-02,-23.8,-12.1,68,0.00,127,0.26,0.0,16.1,12.8,55
1990-02-03,-11.6,-0.1,72,0.00,137,0.51,0.0,21.0,15.1,56
1990-02-04,-8.6,-1.9,82,0.00,251,0.43,0.0,15.5,9.7,57
1990-02-05,-8.0,-0.9,76,0.10,160,0.43,1.0,15.6,10.7,63
1990-02-06,-8.5,-1.9,85,0.00,224,0.32,0.0,8.9,6.7,72
1990-02-07,-10.1,-2.8,79,0.00,174,0.43,0.0,15.7,10.2,53
1990-02-08,-12.4,-5.1,75,0.00,281,0.28,0.0,21.1,15.1,63
1990-02-09,-22.0,-13.5,73,0.00,110,0.23,0.0,17.2,11.6,61
1990-02-10,-11.0,-3.3,83,1.20,212,0.42,6.0,17.7,8.2,70
1990-02-11,-9.8,-4.5,86,5.70,70,0.18,8.0,19.5,11.7,81
1990-02-12,-22.4,-12.8,72,1.80,337,0.21,7.0,22.0,17.4,59
1990-02-13,-25.7,-18.4,68,0.00,273,0.24,0.0,18.4,14.5,49
1990-02-14,-19.7,-15.9,66,0.00,245,0.29,0.0,16.4,12.1,60
1990-02-15,-22.9,-17.3,72,0.20,81,0.20,2.0,19.7,18.3,61
1990-02-16,-26.2,-23.4,67,0.00,70,0.19,0.0,18.1,11.3,56
1990-02-17,-27.3,-17.2,67,0.00,180,0.22,0.0,8.8,6.9,46
1990-02-18,-16.9,-8.7,63,0.00,264,0.50,0.0,16.2,12.2,48
1990-02-19,-7.2,3.9,71,0.00,235,0.77,0.0,20.9,13.5,48
1990-02-20,-1.3,2.2,73,1.00,228,0.70,4.0,21.3,13.6,61
1990-02-21,-5.6,-0.3,86,2.50,273,0.46,7.0,20.2,11.4,74
1990-02-22,0.9,4.8,80,0.30,267,0.83,2.0,30.2,20.5,67
1990-02-23,-3.5,4.1,79,0.30,318,0.62,2.0,24.9,15.5,66
1990-02-24,-11.4,-3.3,77,0.40,125,0.52,3.0,24.2,17.6,65
1990-02-25,0.2,2.7,72,0.40,258,1.03,3.0,33.5,24.4,60
1990-02-26,-5.3,1.6,80,1.70,298,0.83,6.0,28.9,13.9,61
1990-02-27,-3.1,5.1,72,0.00,244,1.09,0.0,15.3,12.4,40
1990-02-28,1.6,8.2,52,0.00,242,1.85,0.0,27.4,18.2,34
1990-03-01,1.2,7.1,67,0.00,283,1.53,0.0,25.8,10.4,37
1990-03-02,-0.4,7.5,76,0.00,134,1.20,0.0,14.8,9.9,48
1990-03-03,1.8,8.9,59,0.00,246,1.42,0.0,10.0,5.6,40
1990-03-04,0.8,8.9,69,0.00,131,1.36,0.0,11.2,6.9,37
1990-03-05,0.6,7.0,68,0.00,164,1.33,0.0,8.8,6.4,41
1990-03-06,0.5,9.0,76,0.00,152,1.23,0.0,15.4,11.1,42
1990-03-07,1.5,7.6,67,0.20,185,1.33,1.0,19.3,11.6,45
1990-03-08,-0.8,4.2,86,0.40,279,0.64,3.0,20.3,14.6,61
1990-03-09,-4.0,1.5,77,2.10,297,1.04,11.0,19.3,12.5,40
1990-03-10,-3.2,3.3,61,0.00,107,1.35,0.0,20.1,14.5,47
1990-03-11,-4.4,2.8,81,0.00,312,0.63,0.0,14.3,11.3,63
1990-03-12,-5.7,3.0,73,0.00,315,1.23,0.0,11.0,5.1,37
1990-03-13,-2.0,9.7,58,0.00,181,1.70,0.0,13.0,9.2,29
1990-03-14,0.2,6.6,58,0.00,169,1.82,0.0,16.0,10.5,44
1990-03-15,2.0,6.3,70,0.00,261,1.62,0.0,16.9,14.0,51
1990-03-16,0.3,5.9,69,0.00,279,1.40,0.0,13.1,10.1,55
1990-03-17,-1.2,4.3,74,0.00,311,1.37,0.0,12.0,8.9,45
1990-03-18,1.0,12.1,59,0.00,183,2.09,0.0,16.2,11.1,27
1990-03-19,1.9,10.0,80,3.10,31,0.94,9.0,17.4,11.1,47
1990-03-20,-6.0,1.2,68,3.50,49,0.98,15.0,23.5,17.5,56
1990-03-21,-9.5,-6.6,69,1.40,311,0.73,8.0,30.4,15.2,47
1990-03-22,-12.9,-8.4,62,0.00,312,0.90,0.0,27.4,18.5,50
1990-03-23,-10.7,-2.6,61,0.00,266,1.18,0.0,15.6,11.6,38
1990-03-24,-5.4,1.1,46,0.00,267,1.77,0.0,17.8,16.2,39
1990-03-25,-2.1,4.3,57,0.00,350,1.81,0.0,16.8,7.9,40
1990-03-26,-0.3,6.8,52,0.00,167,2.03,0.0,17.8,11.0,26
1990-03-27,1.9,8.5,64,0.00,264,2.03,0.0,15.1,11.3,30
1990-03-28,3.5,10.3,64,0.00,225,1.95,0.0,16.0,10.2,32
1990-03-29,5.0,12.4,64,0.00,246,2.18,0.0,22.6,18.0,38
1990-03-30,6.2,12.1,61,0.10,267,2.58,1.0,24.0,18.2,42
1990-03-31,3.7,8.4,62,0.00,288,2.04,0.0,12.9,7.7,41
1990-04-01,3.2,10.5,63,0.00,143,1.99,0.0,22.8,14.7,41
1990-04-02,4.6,9.5,78,1.10,211,1.71,3.0,20.7,14.6,43
1990-04-03,3.8,9.1,63,0.60,274,2.12,4.0,17.4,14.7,43
1990-04-04,1.6,6.0,72,0.30,82,1.86,1.0,11.7,8.9,37
1990-04-05,2.1,9.8,52,0.00,148,2.66,0.0,20.1,16.6,38
1990-04-06,3.4,9.9,62,0.00,319,2.07,0.0,16.2,8.5,31
1990-04-07,2.3,6.8,54,0.00,94,1.86,0.0,13.9,10.2,37
1990-04-08,-0.8,3.4,68,2.60,358,1.61,9.0,20.8,13.8,31
1990-04-09,-4.8,-0.7,53,0.00,334,1.60,0.0,14.7,11.5,32
1990-04-10,-4.0,3.2,41,0.00,263,2.26,0.0,12.8,7.1,22
1990-04-11,0.0,9.3,35,0.00,136,2.78,0.0,10.7,6.8,17
1990-04-12,2.4,8.8,48,0.00,24,2.25,0.0,11.7,8.0,23
1990-04-13,2.5,5.7,67,0.30,277,1.62,3.0,14.7,6.2,48
1990-04-14,3.6,11.0,65,0.00,254,2.57,0.0,23.8,10.1,37
1990-04-15,2.6,10.5,62,1.10,359,2.15,5.0,19.4,12.3,32
1990-04-16,2.0,10.3,43,0.00,233,2.99,0.0,15.1,6.6,25
1990-04-17,4.7,14.2,51,0.00,132,3.37,0.0,18.4,13.8,25
1990-04-18,8.1,13.7,63,0.00,243,2.85,0.0,27.4,20.0,36
1990-04-19,9.4,16.0,57,0.00,262,3.29,0.0,15.4,8.3,39
1990-04-20,10.3,15.1,63,0.10,237,3.28,1.0,22.6,14.8,36
1990-04-21,9.5,17.6,57,0.00,168,3.65,0.0,18.1,11.4,38
1990-04-22,10.2,17.6,66,0.00,285,3.03,0.0,14.7,6.6,42
1990-04-23,9.6,14.9,65,0.20,4,2.74,2.0,9.9,6.1,43
1990-04-24,5.6,14.1,95,10.00,20,0.68,18.0,20.3,13.6,52
1990-04-25,2.2,5.2,92,4.40,305,0.96,15.0,12.7,10.6,69
1990-04-26,0.6,5.4,75,4.80,9,1.30,19.0,16.0,12.3,55
1990-04-27,-0.3,3.4,67,0.80,53,1.58,8.0,8.6,7.0,49
1990-04-28,1.2,4.7,72,0.40,41,1.76,4.0,14.5,10.6,48
1990-04-29,0.7,6.1,60,0.00,332,2.43,0.0,18.3,13.2,39
1990-04-30,3.2,9.6,60,0.00,300,3.03,0.0,16.7,11.4,40
1990-05-01,4.0,9.3,62,1.50,98,2.19,7.0,13.8,11.2,41
1990-05-02,6.0,13.2,75,0.00,120,2.63,0.0,12.0,6.3,40
1990-05-03,7.5,12.4,75,0.10,228,2.19,1.0,15.1,7.0,48
1990-05-04,9.6,17.7,71,0.00,234,3.55,0.0,14.6,10.0,33
1990-05-05,13.6,22.6,53,0.00,162,4.81,0.0,16.4,9.4,27
1990-05-06,12.3,21.2,43,0.00,227,4.68,0.0,27.5,20.8,29
1990-05-07,4.8,11.5,69,6.00,4,1.78,15.0,23.2,15.8,32
1990-05-08,4.3,11.4,65,0.00,304,3.02,0.0,20.6,8.1,37
1990-05-09,6.5,11.8,62,0.00,266,2.97,0.0,12.2,8.2,39
1990-05-10,5.1,11.8,66,0.00,348,2.72,0.0,15.7,10.7,37
1990-05-11,4.8,10.0,55,0.00,57,2.78,0.0,10.5,6.8,35
1990-05-12,6.5,11.1,55,0.00,359,3.08,0.0,11.4,8.5,33
1990-05-13,7.7,12.8,50,0.00,313,3.50,0.0,9.2,4.2,32
1990-05-14,8.1,13.2,59,0.00,266,3.62,0.0,14.1,5.3,33
1990-05-15,7.0,12.9,71,0.10,331,3.43,1.0,17.9,6.6,32
1990-05-16,7.6,12.8,65,0.00,328,3.48,0.0,11.8,7.1,32
1990-05-17,8.3,14.6,63,0.30,104,2.95,2.0,10.8,6.8,37
1990-05-18,9.3,13.7,67,0.00,344,3.45,0.0,12.7,7.5,44
1990-05-19,8.2,12.8,72,1.80,97,2.51,4.0,14.4,12.6,48
1990-05-20,8.4,14.2,88,3.10,67,1.62,8.0,11.3,7.1,62
1990-05-21,10.7,17.8,78,1.20,79,3.15,4.0,13.2,7.9,39
1990-05-22,12.6,19.1,68,0.00,205,4.20,0.0,16.3,8.6,31
1990-05-23,14.4,19.7,59,0.60,148,4.04,3.0,17.3,12.0,35
1990-05-24,13.5,19.8,89,6.10,64,2.44,8.0,8.2,4.8,64
1990-05-25,16.2,21.2,73,1.40,103,3.91,3.0,22.8,16.9,45
1990-05-26,17.1,21.6,48,0.00,119,5.54,0.0,17.7,14.7,32
1990-05-27,16.5,21.6,53,0.00,120,5.10,0.0,20.4,13.9,33
1990-05-28,16.7,21.9,53,0.00,122,5.15,0.0,25.0,15.7,33
1990-05-29,18.2,22.6,54,0.00,125,5.55,0.0,24.2,21.9,38
1990-05-30,18.5,22.2,65,0.00,121,4.27,0.0,22.2,19.2,46
1990-05-31,16.3,19.9,73,0.70,126,2.85,4.0,19.8,11.6,55
1990-06-01,12.7,19.2,80,3.30,4,1.45,11.0,16.9,10.0,55
1990-06-02,6.6,10.4,71,1.60,57,1.93,9.0,18.0,11.2,46
1990-06-03,10.2,16.0,66,0.00,136,3.02,0.0,16.9,11.4,48
1990-06-04,13.4,17.2,66,0.00,80,3.02,0.0,13.5,9.9,50
1990-06-05,13.1,17.8,73,0.50,276,3.39,4.0,17.1,13.5,48
1990-06-06,12.6,17.7,76,3.10,332,2.36,9.0,16.7,11.7,48
1990-06-07,13.4,20.7,75,0.00,132,3.94,0.0,9.3,6.3,38
1990-06-08,14.9,18.5,68,0.00,257,3.90,0.0,20.3,13.9,55
1990-06-09,14.7,19.9,80,3.50,207,3.68,5.0,9.2,5.0,51
1990-06-10,13.3,17.4,88,3.70,92,2.03,6.0,21.4,10.4,61
1990-06-11,12.6,16.2,97,40.20,44,0.61,24.0,32.4,22.5,70
1990-06-12,10.9,13.8,95,7.60,15,0.78,21.0,31.1,19.9,84
1990-06-13,9.7,14.2,80,3.00,359,2.95,6.0,26.9,20.1,41
1990-06-14,12.6,19.9,62,0.00,224,4.86,0.0,13.5,8.5,38
1990-06-15,16.6,23.1,60,0.00,189,5.24,0.0,16.5,12.3,40
1990-06-16,17.7,22.8,68,0.00,244,4.66,0.0,15.4,11.2,44
1990-06-17,16.5,20.0,61,0.00,265,4.91,0.0,20.6,15.6,43
1990-06-18,15.7,18.8,61,0.60,250,4.29,3.0,25.2,15.6,47
1990-06-19,15.1,19.6,67,0.90,266,4.62,1.0,21.3,16.4,45
1990-06-20,16.0,19.8,64,0.10,271,4.71,1.0,20.7,14.9,49
1990-06-21,17.0,21.7,62,0.50,252,4.61,1.0,14.8,12.3,43
1990-06-22,19.9,27.3,67,0.00,150,5.34,0.0,15.5,9.1,36
1990-06-23,21.4,27.0,58,0.50,197,5.78,1.0,20.3,14.9,37
1990-06-24,18.3,23.8,51,0.00,247,5.50,0.0,21.1,13.9,37
1990-06-25,18.5,24.2,62,0.00,237,5.48,0.0,21.5,13.9,34
1990-06-26,18.6,24.1,66,0.80,168,3.81,5.0,12.0,6.8,35
1990-06-27,16.7,20.8,77,1.10,280,4.27,2.0,16.6,11.5,41
1990-06-28,17.2,20.8,66,0.00,281,4.49,0.0,15.3,9.2,41
1990-06-29,17.5,22.8,68,0.00,262,4.27,0.0,11.7,7.4,44
1990-06-30,20.1,26.5,63,0.00,140,5.03,0.0,14.5,9.6,43
1990-07-01,18.1,23.5,76,2.10,269,3.80,11.0,26.4,15.7,41
1990-07-02,15.6,20.2,82,8.60,65,2.19,15.0,17.4,7.7,44
1990-07-03,12.1,15.3,88,6.50,38,1.59,17.0,27.6,21.3,75
1990-07-04,12.5,17.8,86,5.70,211,2.99,15.0,9.2,6.5,53
1990-07-05,15.1,21.6,68,0.00,152,4.73,0.0,20.2,15.0,52
1990-07-06,16.3,20.1,79,4.20,82,2.87,8.0,12.8,10.4,62
1990-07-07,15.7,20.4,82,0.60,308,3.57,2.0,10.1,5.7,49
1990-07-08,18.3,24.6,67,0.00,200,4.72,0.0,9.2,7.0,39
1990-07-09,19.0,24.3,74,2.20,181,3.86,6.0,11.6,8.6,41
1990-07-10,19.1,25.2,69,0.00,243,5.02,0.0,12.4,9.5,38
1990-07-11,21.8,29.5,68,0.00,159,5.68,0.0,15.9,9.3,41
1990-07-12,24.0,31.0,63,0.60,151,6.17,1.0,22.1,14.3,38
1990-07-13,21.9,27.5,61,0.00,262,5.89,0.0,36.4,24.3,30
1990-07-14,17.7,21.4,43,0.00,282,6.83,0.0,36.4,32.1,32
1990-07-15,17.9,22.1,56,0.00,284,4.83,0.0,24.4,11.2,36
1990-07-16,16.1,21.6,80,12.00,320,2.04,11.0,13.3,6.6,41
1990-07-17,13.2,16.1,91,16.20,317,2.63,24.0,18.4,13.4,70
1990-07-18,13.3,16.9,77,0.90,307,3.36,3.0,20.7,14.8,57
1990-07-19,12.9,16.7,83,3.20,358,2.67,11.0,18.6,9.2,60
1990-07-20,14.3,19.1,73,0.00,301,3.35,0.0,13.7,10.7,51
1990-07-21,17.2,23.3,69,0.00,250,4.58,0.0,11.7,7.8,43
1990-07-22,18.8,24.9,65,0.00,171,5.04,0.0,12.8,8.3,41
1990-07-23,20.5,25.1,67,0.00,245,4.85,0.0,12.6,8.4,43
1990-07-24,19.1,24.7,73,0.20,59,3.76,1.0,15.4,10.5,47
1990-07-25,19.7,24.7,71,0.00,134,4.13,0.0,15.9,10.3,54
1990-07-26,21.5,27.2,71,0.00,158,4.93,0.0,18.7,11.3,37
1990-07-27,19.9,25.3,75,0.20,286,3.76,1.0,22.9,15.4,44
1990-07-28,18.1,23.1,59,0.00,326,4.21,0.0,19.3,14.0,40
1990-07-29,17.9,24.6,64,0.00,147,4.47,0.0,8.4,6.1,38
1990-07-30,20.9,28.6,62,0.00,159,5.32,0.0,15.5,9.6,36
1990-07-31,22.5,28.3,66,0.50,238,4.42,1.0,10.8,7.5,37
1990-08-01,20.3,25.4,59,0.00,269,4.76,0.0,19.2,15.9,40
1990-08-02,16.9,22.2,58,0.00,298,4.19,0.0,22.7,16.4,40
1990-08-03,15.9,21.4,61,0.00,218,4.24,0.0,17.9,12.4,40
1990-08-04,19.0,24.5,60,0.00,244,4.67,0.0,14.1,11.9,42
1990-08-05,21.3,29.2,64,0.00,154,4.90,0.0,14.3,9.4,38
1990-08-06,23.0,29.0,59,0.40,167,5.58,1.0,30.1,17.9,37
1990-08-07,19.2,24.5,40,0.00,265,6.54,0.0,26.3,21.9,32
1990-08-08,18.0,22.2,53,0.00,285,4.70,0.0,23.6,9.0,33
1990-08-09,19.0,25.3,59,0.00,119,4.00,0.0,13.8,7.6,37
1990-08-10,21.0,26.9,68,0.00,285,4.32,0.0,10.1,7.0,38
1990-08-11,22.4,26.8,62,0.00,332,4.36,0.0,8.5,5.4,39
1990-08-12,22.5,29.2,61,0.00,184,4.48,0.0,7.6,5.1,38
1990-08-13,20.7,29.1,67,1.60,5,3.98,7.0,20.0,12.4,36
1990-08-14,17.0,22.0,62,0.90,100,3.37,4.0,14.8,12.4,38
1990-08-15,16.1,20.0,80,2.10,103,1.90,9.0,15.0,12.5,64
1990-08-16,16.9,20.2,71,2.30,91,2.60,7.0,19.5,16.2,60
1990-08-17,15.7,18.3,79,0.50,136,1.94,3.0,17.3,15.6,67
1990-08-18,16.7,21.3,79,0.00,154,2.64,0.0,19.2,13.2,57
1990-08-19,18.1,23.6,79,0.00,160,3.45,0.0,18.0,10.1,50
1990-08-20,20.5,28.1,68,0.00,183,4.53,0.0,16.1,11.9,37
1990-08-21,21.9,28.1,69,0.00,150,4.24,0.0,8.6,5.7,38
1990-08-22,19.1,27.4,87,15.60,241,1.80,17.0,29.0,13.1,46
1990-08-23,12.5,17.5,75,4.10,298,1.90,20.0,27.3,24.9,68
1990-08-24,7.9,11.5,75,5.00,283,1.76,21.0,24.2,19.8,52
1990-08-25,10.4,15.1,68,0.00,222,2.40,0.0,12.6,5.6,42
1990-08-26,12.1,16.0,72,0.00,133,2.31,0.0,8.7,5.1,43
1990-08-27,13.4,19.9,70,0.00,228,3.44,0.0,23.4,16.1,35
1990-08-28,17.0,20.7,49,0.00,256,4.77,0.0,25.6,21.5,37
1990-08-29,18.1,23.3,55,0.00,252,4.56,0.0,21.6,17.6,38
1990-08-30,15.9,23.0,79,10.60,328,1.27,12.0,19.5,8.0,41
1990-08-31,10.5,13.5,94,8.20,31,0.64,20.0,22.8,13.0,83
1990-09-01,12.2,19.2,83,1.20,196,2.76,4.0,15.0,13.1,50
1990-09-02,13.4,18.4,74,0.50,247,3.04,3.0,21.3,14.0,41
1990-09-03,12.5,16.9,61,0.00,256,3.38,0.0,21.3,16.8,42
1990-09-04,13.9,21.2,58,0.00,232,3.85,0.0,23.3,16.0,37
1990-09-05,15.4,20.8,71,4.80,271,2.45,9.0,18.3,10.8,46
1990-09-06,13.2,20.5,82,0.50,213,2.84,2.0,18.7,10.3,40
1990-09-07,17.2,20.2,52,0.00,261,4.02,0.0,26.3,19.5,44
1990-09-08,12.6,17.3,74,1.90,299,2.29,8.0,20.0,10.1,48
1990-09-09,12.1,18.7,65,0.00,245,3.07,0.0,19.1,12.7,47
1990-09-10,15.1,20.2,62,0.00,247,3.30,0.0,20.8,14.9,42
1990-09-11,15.1,21.2,69,0.00,149,2.64,0.0,14.6,7.2,44
1990-09-12,13.7,20.0,79,0.60,260,1.80,4.0,24.0,15.6,57
1990-09-13,12.6,20.5,69,0.00,260,2.95,0.0,21.6,15.3,44
1990-09-14,16.0,20.0,64,0.00,269,3.09,0.0,15.7,11.6,48
1990-09-15,15.2,21.9,69,0.00,145,3.06,0.0,23.1,15.8,51
1990-09-16,15.6,21.4,75,2.20,127,2.04,2.0,17.7,10.5,57
1990-09-17,11.0,16.1,83,13.20,310,1.90,13.0,28.0,22.8,46
1990-09-18,10.5,18.2,70,0.00,187,2.17,0.0,20.7,10.2,46
1990-09-19,13.1,17.6,66,0.00,262,2.61,0.0,23.5,18.3,50
1990-09-20,10.1,16.1,74,1.20,297,2.34,2.0,21.8,12.1,43
1990-09-21,11.8,16.4,68,0.00,285,2.52,0.0,15.2,10.7,46
1990-09-22,13.0,21.5,69,0.00,175,2.23,0.0,16.5,10.8,49
1990-09-23,15.8,23.6,74,0.00,213,2.92,0.0,25.4,12.9,38
1990-09-24,18.1,22.2,48,0.00,263,4.65,0.0,31.0,23.4,38
1990-09-25,15.5,20.5,56,0.00,268,3.42,0.0,27.8,20.0,43
1990-09-26,12.0,16.1,49,0.00,278,3.26,0.0,24.8,16.1,39
1990-09-27,9.0,13.5,67,0.00,313,1.97,0.0,16.3,10.0,44
1990-09-28,7.2,13.3,67,0.00,139,2.18,0.0,33.7,21.0,42
1990-09-29,10.8,13.8,51,0.00,216,3.30,0.0,30.6,22.3,33
1990-09-30,10.7,13.9,46,0.00,260,3.45,0.0,24.6,21.6,37
1990-10-01,8.0,13.1,65,0.40,147,1.48,3.0,29.1,15.9,43
1990-10-02,7.1,10.8,78,2.10,269,1.15,10.0,30.4,21.5,52
1990-10-03,4.1,6.5,90,12.60,307,0.75,22.0,24.8,19.8,67
1990-10-04,2.7,5.2,74,0.10,70,0.89,1.0,15.0,9.0,54
1990-10-05,1.2,3.2,81,5.10,56,0.74,19.0,16.9,12.5,55
1990-10-06,1.1,4.6,78,2.80,268,1.04,11.0,13.8,10.8,53
1990-10-07,2.1,7.3,73,0.00,227,1.19,0.0,12.0,9.7,53
1990-10-08,3.1,7.6,87,0.00,211,0.71,0.0,17.1,12.1,66
1990-10-09,7.7,12.0,73,2.70,248,1.52,3.0,30.8,20.9,59
1990-10-10,3.9,7.4,91,7.00,307,0.70,20.0,28.9,22.3,62
1990-10-11,1.4,4.9,72,2.50,307,1.07,13.0,20.6,13.8,37
1990-10-12,2.0,6.7,69,2.40,185,1.32,8.0,26.5,18.8,47
1990-10-13,3.3,4.3,79,1.60,260,0.84,6.0,27.6,21.1,73
1990-10-14,2.0,4.4,89,8.30,279,0.74,22.0,19.9,16.7,67
1990-10-15,1.2,4.5,70,0.30,263,1.21,2.0,18.1,14.3,48
1990-10-16,0.8,4.4,75,0.00,152,0.97,0.0,15.3,8.6,51
1990-10-17,0.6,4.8,66,0.00,205,1.24,0.0,16.7,13.0,41
1990-10-18,2.0,8.6,65,0.80,134,1.47,4.0,25.5,15.8,50
1990-10-19,1.7,6.0,70,3.30,270,1.03,9.0,35.4,25.8,59
1990-10-20,0.2,4.7,65,0.10,268,1.24,1.0,26.9,16.9,49
1990-10-21,-0.3,4.2,77,2.30,153,0.54,6.0,19.1,12.4,62
1990-10-22,2.8,5.4,65,0.40,262,1.52,2.0,29.2,25.7,56
1990-10-23,2.5,7.2,68,0.00,262,1.28,0.0,21.7,14.8,50
1990-10-24,4.4,11.4,61,0.00,168,1.64,0.0,27.6,19.8,54
1990-10-25,5.1,9.6,75,0.30,265,0.83,3.0,21.0,12.2,60
1990-10-26,1.6,4.8,85,7.50,351,0.43,11.0,17.3,9.8,68
1990-10-27,-0.8,3.6,87,0.00,128,0.59,0.0,30.0,18.3,67
1990-10-28,1.9,4.3,74,0.30,221,1.03,2.0,41.1,26.7,54
1990-10-29,1.3,5.1,68,0.00,252,1.02,0.0,22.4,13.8,58
1990-10-30,2.1,7.4,73,0.00,130,0.96,0.0,22.7,13.1,56
1990-10-31,1.6,6.6,81,0.00,188,0.70,0.0,10.1,7.2,53
1990-11-01,-0.6,3.1,81,0.00,288,0.49,0.0,21.7,14.4,62
1990-11-02,-2.8,-0.4,76,0.00,313,0.61,0.0,19.5,12.6,56
1990-11-03,-3.3,0.9,74,0.00,142,0.62,0.0,26.1,15.3,50
1990-11-04,-2.6,0.8,78,2.50,263,0.54,13.0,26.2,21.3,59
1990-11-05,-8.4,-4.2,72,0.00,291,0.57,0.0,22.1,18.9,53
1990-11-06,-4.3,2.7,58,0.00,242,0.97,0.0,20.1,16.0,42
1990-11-07,1.7,5.3,63,0.40,241,1.16,3.0,26.3,18.4,52
1990-11-08,0.2,3.0,53,0.60,270,1.51,4.0,37.7,29.5,37
1990-11-09,-4.9,-0.9,55,0.00,188,0.91,0.0,31.1,15.4,38
1990-11-10,-7.3,-1.8,65,0.00,292,0.53,0.0,19.0,13.8,46
1990-11-11,-9.7,-7.8,60,2.50,107,0.57,14.0,22.3,18.3,45
1990-11-12,-8.7,-6.2,83,6.90,126,0.25,13.0,23.3,16.6,72
1990-11-13,-4.3,0.1,88,1.00,129,0.23,3.0,23.1,12.9,86
1990-11-14,-2.0,1.7,74,0.00,245,0.69,0.0,19.8,17.2,57
1990-11-15,-1.9,2.0,75,0.00,245,0.59,0.0,17.3,14.6,64
1990-11-16,-0.4,4.3,73,0.00,220,0.63,0.0,15.8,13.1,70
1990-11-17,0.5,2.3,85,0.10,257,0.39,1.0,19.6,14.4,69
1990-11-18,-0.9,1.3,75,0.10,253,0.66,1.0,25.2,19.6,69
1990-11-19,-0.7,0.8,83,0.90,260,0.29,7.0,21.4,13.0,78
1990-11-20,-8.0,-5.4,81,2.90,69,0.28,14.0,21.4,14.0,77
1990-11-21,-15.5,-9.8,80,0.80,291,0.18,6.0,16.6,12.5,69
1990-11-22,-18.8,-16.2,79,0.70,3,0.13,5.0,16.2,9.9,72
1990-11-23,-20.5,-17.7,78,0.60,315,0.10,3.0,15.9,9.2,71
1990-11-24,-21.4,-18.5,75,4.60,292,0.14,10.0,17.3,11.6,59
1990-11-25,-24.7,-19.7,76,0.00,177,0.10,0.0,12.5,7.9,68
1990-11-26,-23.6,-13.0,74,0.00,173,0.14,0.0,12.5,9.8,60
1990-11-27,-11.1,-8.9,82,0.00,260,0.19,0.0,16.2,10.4,77
1990-11-28,-12.9,-3.5,82,0.40,199,0.23,3.0,17.9,11.7,65
1990-11-29,-3.3,-1.0,88,2.00,219,0.21,9.0,21.4,11.4,74
1990-11-30,-15.5,-2.3,80,0.20,296,0.15,1.0,19.5,15.7,67
1990-12-01,-25.7,-20.9,76,0.00,113,0.10,0.0,18.7,13.6,69
1990-12-02,-22.2,-19.3,76,1.40,131,0.13,6.0,21.6,14.5,69
1990-12-03,-22.1,-12.6,75,0.00,131,0.16,0.0,23.9,14.8,65
1990-12-04,-2.9,2.3,73,0.00,183,0.61,0.0,25.7,20.1,63
1990-12-05,-4.7,-0.9,81,0.00,256,0.38,0.0,25.1,15.4,64
1990-12-06,1.5,5.1,70,0.00,261,1.09,0.0,40.4,28.0,61
1990-12-07,3.4,6.6,67,0.00,247,1.11,0.0,31.3,22.3,51
1990-12-08,3.0,5.9,64,0.00,241,0.98,0.0,31.4,17.9,53
1990-12-09,-1.1,2.9,77,0.00,254,0.40,0.0,25.6,11.0,63
1990-12-10,-4.6,-3.1,83,0.00,177,0.17,0.0,11.2,6.8,76
1990-12-11,-7.0,-5.1,83,0.20,261,0.17,2.0,17.4,12.0,74
1990-12-12,-10.4,-6.0,78,0.00,217,0.18,0.0,15.3,9.6,58
1990-12-13,-10.6,-3.5,67,0.00,237,0.42,0.0,21.6,15.5,54
1990-12-14,-3.8,-1.2,66,0.00,237,0.57,0.0,18.8,14.5,56
1990-12-15,-7.2,-1.5,78,1.70,15,0.19,10.0,17.9,12.1,58
1990-12-16,-15.0,-11.3,77,0.00,200,0.14,0.0,13.6,9.0,66
1990-12-17,-12.0,-9.6,78,2.20,79,0.16,12.0,21.5,11.6,74
1990-12-18,-23.9,-14.1,68,1.40,346,0.16,8.0,25.0,21.8,61
1990-12-19,-29.6,-26.7,69,0.00,290,0.08,0.0,18.2,12.0,63
1990-12-20,-29.0,-24.4,68,0.00,260,0.07,0.0,8.6,7.1,55
1990-12-21,-28.0,-20.7,62,0.00,149,0.10,0.0,13.1,9.4,41
1990-12-22,-16.7,-9.9,76,1.00,277,0.13,5.0,17.6,11.7,55
1990-12-23,-11.4,-8.5,83,0.40,268,0.16,3.0,19.5,14.4,75
1990-12-24,-16.5,-8.5,77,1.80,318,0.18,8.0,24.9,20.6,66
1990-12-25,-25.1,-20.2,73,0.10,141,0.11,1.0,19.2,12.0,66
1990-12-26,-16.8,-4.1,82,2.50,196,0.11,5.0,16.6,10.2,73
1990-12-27,-16.0,-2.4,77,4.50,338,0.14,16.0,30.1,23.8,63
1990-12-28,-32.1,-27.5,69,0.00,302,0.08,0.0,24.2,16.8,63
1990-12-29,-34.9,-27.6,66,0.00,182,0.05,0.0,12.3,8.9,47
1990-12-30,-23.7,-22.3,75,0.00,288,0.09,0.0,12.4,10.6,66
1990-12-31,-25.0,-23.3,76,0.00,288,0.07,0.0,17.5,11.1,71
1991-01-01,-24.9,-21.4,74,0.00,272,0.12,0.0,18.7,16.9,65
1991-01-02,-23.1,-21.9,69,0.00,267,0.16,0.0,20.2,18.2,66
1991-01-03,-21.4,-16.5,69,0.00,268,0.21,0.0,21.3,19.6,57
1991-01-04,-18.7,-17.3,68,0.00,268,0.23,0.0,19.8,16.0,62
1991-01-05,-25.0,-19.3,76,0.00,300,0.08,0.0,14.8,12.7,69
1991-01-06,-28.9,-22.2,71,0.00,231,0.07,0.0,15.1,8.6,55
1991-01-07,-27.2,-23.6,75,0.00,272,0.07,0.0,12.6,10.0,72
1991-01-08,-32.4,-27.1,72,0.00,155,0.05,0.0,11.7,7.3,61
1991-01-09,-30.0,-24.4,71,0.00,135,0.09,0.0,16.8,13.6,58
1991-01-10,-25.9,-16.6,72,0.00,197,0.11,0.0,11.3,8.0,60
1991-01-11,-18.4,-10.1,80,0.00,183,0.16,0.0,17.5,12.0,69
1991-01-12,-10.2,-4.5,80,0.00,127,0.25,0.0,19.9,13.5,73
1991-01-13,-2.1,1.6,84,0.40,237,0.26,3.0,16.5,12.5,79
1991-01-14,-0.7,0.7,85,0.00,262,0.36,0.0,20.7,16.9,78
1991-01-15,-5.6,-0.5,88,0.00,231,0.24,0.0,22.5,11.1,78
1991-01-16,-2.6,1.3,83,0.60,244,0.37,3.0,21.8,14.4,70
1991-01-17,0.5,5.8,83,0.00,252,0.49,0.0,24.5,16.4,65
1991-01-18,2.3,5.6,64,0.00,268,1.30,0.0,44.3,32.4,53
1991-01-19,-6.2,-3.3,76,0.10,289,0.51,1.0,30.2,20.3,62
1991-01-20,-7.1,-2.9,79,0.00,266,0.35,0.0,17.7,14.4,65
1991-01-21,-0.9,3.2,59,0.00,267,1.29,0.0,40.0,28.1,43
1991-01-22,-1.5,0.8,79,0.20,292,0.59,2.0,36.0,24.2,67
1991-01-23,-4.8,-2.5,76,0.00,289,0.41,0.0,22.9,13.3,58
1991-01-24,-8.3,-3.7,81,0.10,301,0.25,1.0,18.3,12.8,67
1991-01-25,-7.2,-5.8,85,1.00,287,0.28,3.0,26.6,19.5,74
1991-01-26,-5.0,-3.2,79,2.00,280,0.46,13.0,27.2,24.5,68
1991-01-27,-4.8,-3.0,79,4.30,310,0.43,10.0,30.6,23.2,66
1991-01-28,-15.2,-11.1,69,0.00,300,0.39,0.0,26.6,22.6,60
1991-01-29,-11.4,-8.3,69,0.70,269,0.44,5.0,23.4,17.4,61
1991-01-30,-11.4,-8.5,84,1.20,266,0.21,7.0,13.4,7.2,78
1991-01-31,-11.6,-4.7,83,0.20,119,0.24,2.0,19.7,13.2,72
1991-02-01,1.6,7.4,68,0.00,216,1.02,0.0,22.9,19.0,51
1991-02-02,3.4,5.9,77,0.00,181,0.75,0.0,17.7,13.8,62
1991-02-03,3.2,4.0,76,0.30,248,0.66,2.0,22.0,15.8,72
1991-02-04,-1.0,3.2,81,0.00,140,0.56,0.0,21.0,14.3,65
1991-02-05,2.7,4.1,69,0.00,234,1.12,0.0,37.6,22.4,44
1991-02-06,-0.3,6.3,56,0.00,219,1.23,0.0,25.5,15.7,44
1991-02-07,2.7,6.0,63,0.00,237,1.27,0.0,25.4,17.9,49
1991-02-08,-2.3,2.7,63,0.00,269,0.76,0.0,14.0,9.0,49
1991-02-09,-6.3,-2.0,56,0.00,108,0.65,0.0,14.5,8.5,47
1991-02-10,-3.5,2.5,64,0.00,148,0.85,0.0,18.9,10.7,50
1991-02-11,-0.7,3.9,85,0.00,238,0.48,0.0,7.2,4.9,71
1991-02-12,-0.8,2.0,94,6.30,25,0.31,21.0,12.8,7.8,84
1991-02-13,-6.0,-1.8,79,0.00,334,0.46,0.0,13.8,10.4,65
1991-02-14,-10.7,-4.6,70,0.00,127,0.49,0.0,22.4,15.2,60
1991-02-15,-4.1,1.3,88,3.00,158,0.32,6.0,18.8,8.0,69
1991-02-16,-0.1,1.4,96,2.40,27,0.29,15.0,6.0,3.7,89
1991-02-17,-2.9,0.0,91,1.70,240,0.34,8.0,13.6,8.4,82
1991-02-18,-5.3,0.1,81,0.00,249,0.64,0.0,14.0,11.2,56
1991-02-19,-1.6,3.8,72,1.00,215,0.90,4.0,16.9,12.4,58
1991-02-20,-2.3,2.3,86,3.00,11,0.47,10.0,11.9,7.5,69
1991-02-21,-11.5,-5.4,79,0.10,13,0.52,1.0,8.4,5.8,55
1991-02-22,-7.8,-0.7,74,0.90,130,0.64,6.0,14.8,11.2,63
1991-02-23,-4.7,-0.4,78,0.20,290,0.57,2.0,25.2,16.4,59
1991-02-24,-9.7,1.0,78,0.00,236,0.58,0.0,23.5,12.8,67
1991-02-25,-1.1,3.4,79,0.00,283,0.88,0.0,23.7,13.0,63
1991-02-26,-0.7,2.3,86,0.00,273,0.75,0.0,13.0,12.0,73
1991-02-27,-2.4,1.5,85,1.00,312,0.50,4.0,11.8,9.1,69
1991-02-28,-11.9,-2.4,69,2.50,336,0.53,5.0,30.8,22.7,53
1991-03-01,-22.5,-15.3,60,0.00,355,0.40,0.0,22.2,11.2,41
1991-03-02,-24.2,-16.7,53,0.00,117,0.36,0.0,9.8,6.6,46
1991-03-03,-17.7,-12.6,65,0.00,112,0.49,0.0,8.5,5.9,48
1991-03-04,-15.6,-9.5,67,0.00,144,0.60,0.0,10.3,8.2,50
1991-03-05,-14.1,-10.0,68,0.40,281,0.51,3.0,16.6,12.7,56
1991-03-06,-15.9,-6.3,69,0.00,265,0.62,0.0,14.8,8.1,55
1991-03-07,-5.6,-0.6,82,2.60,282,0.58,11.0,28.2,16.0,60
1991-03-08,-3.1,2.2,73,0.30,271,1.12,1.0,24.7,20.4,53
1991-03-09,-1.5,4.5,66,0.00,241,1.40,0.0,22.6,11.6,44
1991-03-10,-5.0,3.1,76,1.40,41,0.72,6.0,21.1,17.1,52
1991-03-11,-14.3,-6.7,68,0.00,276,0.70,0.0,19.2,12.0,51
1991-03-12,-8.7,0.8,72,0.00,135,1.11,0.0,12.8,7.8,49
1991-03-13,-5.7,1.9,66,0.00,215,1.21,0.0,14.9,10.2,39
1991-03-14,-3.9,5.9,62,0.00,140,1.50,0.0,11.0,7.6,40
1991-03-15,-1.7,4.6,67,0.00,222,1.46,0.0,11.8,8.0,49
1991-03-16,-1.6,6.8,67,0.00,126,1.64,0.0,10.9,8.3,42
1991-03-17,1.2,6.2,61,0.00,232,1.85,0.0,18.3,14.6,47
1991-03-18,2.2,7.4,67,0.00,247,1.81,0.0,15.6,13.0,52
1991-03-19,2.7,8.9,67,0.00,127,1.81,0.0,10.6,6.3,44
1991-03-20,2.2,7.8,69,0.00,97,1.79,0.0,11.8,8.0,50
1991-03-21,2.6,7.4,81,1.60,137,1.23,8.0,13.1,8.3,52
1991-03-22,1.4,6.5,85,0.00,126,1.25,0.0,14.0,9.7,64
1991-03-23,-1.9,4.9,79,4.80,304,0.91,13.0,24.6,18.9,54
1991-03-24,-7.4,-3.0,58,0.00,324,1.29,0.0,18.1,9.1,38
1991-03-25,-6.5,-3.2,49,0.00,326,1.30,0.0,13.6,7.9,32
1991-03-26,-6.9,0.4,45,0.00,200,1.53,0.0,19.0,12.3,30
1991-03-27,-1.6,1.2,67,0.60,288,1.40,4.0,15.2,12.3,39
1991-03-28,-1.0,4.9,62,0.00,174,1.47,0.0,18.8,13.0,53
1991-03-29,2.1,7.4,64,0.00,256,1.94,0.0,30.3,19.4,50
1991-03-30,3.3,8.6,59,0.00,264,2.41,0.0,25.4,17.9,38
1991-03-31,5.6,16.5,66,0.00,178,2.67,0.0,13.7,8.2,26
1991-04-01,6.2,16.1,65,0.10,189,2.46,1.0,17.4,13.1,28
1991-04-02,5.7,11.6,61,0.00,241,2.17,0.0,15.7,5.6,41
1991-04-03,5.0,10.3,75,0.20,141,2.08,2.0,13.2,6.8,47
1991-04-04,4.9,9.9,67,0.00,201,2.30,0.0,20.2,11.7,45
1991-04-05,3.1,7.9,66,1.00,179,1.98,4.0,15.8,10.8,42
1991-04-06,2.7,7.3,71,0.60,182,1.49,2.0,13.4,8.4,46
1991-04-07,3.7,9.2,67,0.00,260,2.13,0.0,11.9,8.1,36
1991-04-08,3.3,8.6,68,0.00,198,2.06,0.0,11.4,8.5,40
1991-04-09,2.8,10.0,73,0.00,147,2.23,0.0,12.0,7.9,29
1991-04-10,4.2,9.5,63,0.70,44,2.19,2.0,10.7,8.7,30
1991-04-11,3.9,9.7,74,0.80,149,2.30,4.0,10.1,4.8,43
1991-04-12,6.4,15.6,59,0.20,181,3.21,1.0,15.5,12.4,29
1991-04-13,7.9,16.9,56,0.00,151,3.44,0.0,15.1,12.8,30
1991-04-14,7.3,15.9,61,0.00,283,2.72,0.0,17.0,11.0,37
1991-04-15,4.4,10.5,69,0.00,325,2.06,0.0,14.3,9.7,41
1991-04-16,4.4,11.8,64,0.00,81,2.77,0.0,10.5,7.3,31
1991-04-17,5.2,11.6,52,0.00,119,3.26,0.0,15.7,12.3,32
1991-04-18,6.6,14.3,50,0.00,142,3.44,0.0,16.1,12.6,30
1991-04-19,8.7,17.8,52,0.00,148,3.77,0.0,14.2,8.4,28
1991-04-20,9.6,17.4,57,0.00,297,3.46,0.0,14.9,10.5,30
1991-04-21,9.6,18.4,54,0.00,64,3.68,0.0,11.3,7.7,29
1991-04-22,11.2,18.4,56,0.00,239,3.86,0.0,10.5,7.4,28
1991-04-23,11.2,18.0,54,0.00,72,3.37,0.0,12.6,8.1,30
1991-04-24,10.1,16.5,54,0.00,73,3.80,0.0,17.4,13.8,33
1991-04-25,7.7,15.3,51,0.00,55,2.56,0.0,19.7,15.6,34
1991-04-26,5.5,10.9,71,0.20,26,1.87,2.0,9.8,4.9,42
1991-04-27,6.4,11.4,71,0.00,289,2.57,0.0,13.1,9.2,42
1991-04-28,6.9,10.9,63,0.00,350,2.13,0.0,11.3,7.2,44
1991-04-29,5.5,10.2,58,0.00,355,2.91,0.0,15.0,10.7,26
1991-04-30,4.9,10.2,45,0.00,20,3.41,0.0,12.7,9.9,26
1991-05-01,4.3,10.3,47,0.00,14,3.44,0.0,14.1,9.6,29
1991-05-02,5.4,11.4,55,0.00,124,3.22,0.0,14.7,10.2,29
1991-05-03,6.5,13.0,55,0.10,125,3.23,1.0,14.1,9.7,27
1991-05-04,6.5,12.5,56,0.00,141,3.19,0.0,12.5,10.2,29
1991-05-05,7.4,13.2,51,0.00,125,3.69,0.0,16.2,12.2,30
1991-05-06,7.1,12.6,57,0.60,133,2.82,4.0,19.5,16.5,32
1991-05-07,8.2,15.2,59,0.00,133,3.67,0.0,17.6,15.7,43
1991-05-08,10.7,17.5,65,2.60,119,3.84,6.0,19.1,16.2,40
1991-05-09,9.7,16.4,86,22.10,64,1.12,16.0,24.7,16.9,43
1991-05-10,10.1,17.9,85,3.30,281,2.83,13.0,16.0,11.9,43
1991-05-11,15.1,23.6,51,0.00,228,5.06,0.0,16.0,9.8,29
1991-05-12,16.5,23.2,53,0.00,122,5.09,0.0,16.2,12.0,30
1991-05-13,12.4,22.5,86,31.60,358,0.97,19.0,13.0,8.5,36
1991-05-14,8.2,9.3,96,17.10,268,0.74,24.0,25.6,11.8,81
1991-05-15,8.6,13.9,72,0.30,267,2.86,2.0,24.2,18.7,41
1991-05-16,12.0,19.2,54,0.00,162,4.21,0.0,14.5,9.3,28
1991-05-17,14.2,20.4,54,0.00,127,4.84,0.0,20.4,18.5,36
1991-05-18,15.5,20.0,61,0.00,130,4.56,0.0,21.1,19.6,40
1991-05-19,16.5,22.7,67,0.00,161,4.19,0.0,19.2,10.6,43
1991-05-20,17.1,23.2,66,0.00,213,4.78,0.0,12.0,9.0,32
1991-05-21,13.9,22.3,64,2.70,281,3.48,6.0,22.0,11.8,38
1991-05-22,9.9,15.7,67,0.10,273,3.21,1.0,21.6,15.0,42
1991-05-23,7.8,11.2,60,0.00,301,3.20,0.0,20.3,13.7,41
1991-05-24,8.1,12.6,61,0.00,121,2.85,0.0,14.7,5.5,37
1991-05-25,8.3,12.1,70,0.60,174,2.41,5.0,11.0,5.4,40
1991-05-26,10.5,17.8,64,0.00,233,3.86,0.0,13.3,8.8,39
1991-05-27,12.5,17.5,73,0.30,315,3.59,1.0,10.5,6.9,45
1991-05-28,12.9,20.0,70,0.00,174,4.19,0.0,7.8,6.1,36
1991-05-29,15.3,21.5,64,0.00,156,4.55,0.0,12.6,8.7,37
1991-05-30,15.1,22.1,72,0.40,187,4.36,1.0,15.3,6.5,36
1991-05-31,15.2,19.6,63,0.00,231,4.32,0.0,18.8,12.2,38
1991-06-01,13.4,18.7,54,0.30,260,4.49,2.0,29.7,16.6,27
1991-06-02,10.4,15.1,57,4.00,178,2.98,5.0,22.8,12.6,27
1991-06-03,9.2,11.6,87,1.10,59,1.16,3.0,21.4,15.2,81
1991-06-04,11.8,17.0,74,2.00,254,3.65,5.0,15.5,12.1,31
1991-06-05,12.5,18.0,58,0.00,252,4.59,0.0,21.3,16.5,30
1991-06-06,15.6,21.6,59,0.00,155,5.12,0.0,16.9,9.7,34
1991-06-07,17.4,23.1,62,0.00,144,4.82,0.0,21.5,16.7,39
1991-06-08,17.2,22.8,59,0.30,274,4.71,3.0,34.5,21.4,34
1991-06-09,14.2,17.8,45,0.00,260,5.13,0.0,26.7,20.7,30
1991-06-10,16.8,22.6,61,0.50,215,4.02,1.0,13.8,9.1,43
1991-06-11,16.5,22.9,82,12.20,230,2.62,14.0,13.0,7.8,46
1991-06-12,11.9,15.8,91,21.90,280,1.21,20.0,42.2,30.3,75
1991-06-13,8.9,12.2,95,36.20,272,0.74,24.0,42.9,34.4,81
1991-06-14,8.9,12.1,94,16.90,265,1.09,24.0,31.0,23.0,87
1991-06-15,10.6,13.5,95,12.60,279,1.43,23.0,21.5,19.0,83
1991-06-16,11.8,14.8,89,4.10,291,2.24,13.0,17.7,11.6,79
1991-06-17,11.9,14.0,91,12.60,338,1.88,19.0,14.3,12.0,77
1991-06-18,12.1,16.3,84,3.00,329,3.12,6.0,14.8,8.8,57
1991-06-19,13.7,18.3,73,0.10,356,3.89,1.0,11.4,4.6,45
1991-06-20,15.5,20.3,66,0.00,165,4.34,0.0,13.5,7.1,39
1991-06-21,15.4,19.3,64,0.00,134,4.08,0.0,17.1,12.9,45
1991-06-22,13.3,17.2,89,4.80,81,2.08,13.0,17.6,10.1,60
1991-06-23,15.5,20.4,78,1.10,306,3.83,1.0,16.2,8.5,54
1991-06-24,15.4,19.6,81,4.60,349,3.70,10.0,14.5,7.2,60
1991-06-25,15.6,21.0,82,0.00,126,3.76,0.0,8.2,4.7,50
1991-06-26,17.9,21.8,75,1.70,14,3.96,4.0,8.7,5.8,51
1991-06-27,18.0,23.2,84,2.70,276,3.81,4.0,6.9,4.4,56
1991-06-28,18.0,21.9,82,0.40,128,3.77,2.0,15.9,11.5,57
1991-06-29,17.7,21.2,80,0.30,146,3.53,2.0,16.3,12.6,61
1991-06-30,17.9,22.7,76,0.00,140,4.32,0.0,14.3,7.7,54
1991-07-01,17.3,21.0,86,24.60,292,2.79,20.0,18.7,14.0,65
1991-07-02,18.9,24.9,69,0.00,260,4.80,0.0,14.9,8.3,42
1991-07-03,20.1,25.0,71,1.00,241,5.13,3.0,21.3,13.6,40
1991-07-04,18.1,23.3,66,0.40,271,4.47,3.0,23.2,16.5,41
1991-07-05,16.0,19.3,74,1.40,308,3.91,4.0,25.0,15.5,57
1991-07-06,14.5,19.2,72,0.40,13,2.94,1.0,21.3,17.4,57
1991-07-07,13.0,18.8,67,0.70,263,2.96,5.0,17.8,12.5,54
1991-07-08,16.0,21.8,77,0.80,258,4.04,2.0,14.3,10.2,48
1991-07-09,18.2,22.0,66,0.20,247,4.86,1.0,25.2,15.2,42
1991-07-10,16.6,21.8,69,0.00,348,4.68,0.0,19.9,7.3,40
1991-07-11,19.1,24.8,62,0.10,143,5.26,1.0,20.4,15.4,41
1991-07-12,19.2,25.5,74,2.80,160,4.24,2.0,18.8,10.8,50
1991-07-13,20.1,27.8,80,0.20,160,4.85,1.0,18.8,10.4,44
1991-07-14,16.7,26.7,73,8.70,257,3.43,12.0,35.6,24.1,46
1991-07-15,17.1,21.1,54,0.00,254,5.28,0.0,21.3,15.5,43
1991-07-16,18.1,22.1,71,0.40,267,4.03,2.0,10.5,7.9,49
1991-07-17,18.1,22.3,73,3.30,249,4.12,9.0,25.1,12.3,47
1991-07-18,16.1,19.1,64,1.40,265,4.46,5.0,29.2,23.7,45
1991-07-19,16.1,19.7,54,0.00,259,5.08,0.0,23.0,16.6,43
1991-07-20,15.7,19.7,54,0.00,247,5.11,0.0,18.7,15.3,32
1991-07-21,16.1,19.9,58,0.00,261,4.65,0.0,25.6,12.3,33
1991-07-22,17.0,22.6,60,0.30,280,4.89,1.0,22.7,13.7,35
1991-07-23,19.4,26.1,53,0.00,237,5.46,0.0,13.5,7.7,29
1991-07-24,21.1,27.3,56,0.00,134,5.79,0.0,19.1,12.8,30
1991-07-25,22.1,28.5,53,0.00,131,6.72,0.0,26.6,21.4,35
1991-07-26,20.5,28.1,63,6.70,204,4.70,6.0,25.5,16.2,37
1991-07-27,18.8,23.3,61,0.00,239,4.79,0.0,17.0,13.2,38
1991-07-28,18.2,22.7,60,0.10,246,5.10,1.0,17.9,15.5,36
1991-07-29,16.4,20.5,70,1.30,241,3.77,5.0,20.2,13.8,48
1991-07-30,14.4,18.2,65,1.50,272,3.87,5.0,28.1,23.1,49
1991-07-31,16.3,21.2,61,0.00,261,4.41,0.0,20.8,11.0,38
1991-08-01,17.7,22.0,63,0.00,194,3.94,0.0,7.9,3.5,37
1991-08-02,17.9,24.4,67,0.10,166,4.51,1.0,14.9,8.0,38
1991-08-03,19.6,26.6,62,0.00,153,5.10,0.0,16.8,14.2,40
1991-08-04,22.1,29.2,64,0.00,146,5.34,0.0,16.3,12.8,34
1991-08-05,22.4,28.3,57,0.60,146,5.45,1.0,22.4,17.0,37
1991-08-06,18.6,21.5,89,12.90,114,2.15,12.0,12.8,8.9,72
1991-08-07,18.3,22.4,84,6.20,128,2.60,8.0,22.7,17.2,69
1991-08-08,21.6,29.7,77,0.00,141,4.66,0.0,17.8,13.2,42
1991-08-09,24.6,30.7,61,0.00,174,5.09,0.0,15.8,8.4,32
1991-08-10,22.0,29.8,72,0.70,318,3.89,2.0,18.3,13.5,41
1991-08-11,18.8,22.7,84,6.80,321,2.33,7.0,17.0,10.6,63
1991-08-12,19.8,24.1,91,7.00,4,2.19,5.0,12.7,7.2,78
1991-08-13,19.7,23.9,90,9.60,26,2.58,11.0,12.5,9.0,76
1991-08-14,20.0,25.3,85,10.50,325,3.69,8.0,12.5,6.4,53
1991-08-15,21.7,27.1,79,0.00,259,4.28,0.0,11.5,9.1,50
1991-08-16,22.3,26.7,74,0.00,313,4.17,0.0,9.9,6.9,51
1991-08-17,21.8,27.7,72,0.00,155,4.18,0.0,8.9,6.9,48
1991-08-18,22.8,29.3,72,0.00,210,4.59,0.0,19.6,11.2,35
1991-08-19,21.5,27.0,60,0.10,251,4.24,1.0,20.7,14.1,46
1991-08-20,18.6,21.3,65,3.50,265,3.73,10.0,22.4,17.4,55
1991-08-21,16.8,19.7,63,0.00,266,3.91,0.0,17.7,12.7,54
1991-08-22,15.8,20.1,75,2.70,257,3.23,5.0,14.1,7.0,42
1991-08-23,15.4,19.8,77,10.00,127,2.20,7.0,15.0,10.7,46
1991-08-24,15.3,19.2,67,0.00,269,3.60,0.0,18.8,15.9,47
1991-08-25,14.5,19.6,64,0.00,243,3.87,0.0,21.7,16.9,35
1991-08-26,15.0,19.1,62,0.30,224,2.97,2.0,20.1,14.4,43
1991-08-27,14.9,19.7,73,0.60,100,2.39,3.0,23.2,15.9,53
1991-08-28,15.6,19.3,76,0.00,169,3.17,0.0,16.9,12.7,57
1991-08-29,13.8,18.7,82,1.40,25,2.05,6.0,13.3,9.0,57
1991-08-30,16.8,24.0,66,0.00,124,3.98,0.0,26.6,17.0,51
1991-08-31,16.3,22.4,71,0.00,346,2.71,0.0,19.1,9.5,57
1991-09-01,13.4,17.7,97,21.30,315,0.72,23.0,28.9,14.2,80
1991-09-02,11.1,14.8,83,17.90,276,2.06,19.0,28.9,24.7,55
1991-09-03,12.6,15.4,57,0.00,269,3.47,0.0,23.1,17.3,50
1991-09-04,11.0,15.3,81,11.20,36,1.40,12.0,13.8,7.9,54
1991-09-05,12.3,19.3,78,0.00,201,2.12,0.0,9.2,6.7,58
1991-09-06,14.3,19.1,84,2.00,86,1.57,6.0,21.0,13.1,68
1991-09-07,12.5,15.7,89,9.80,83,1.47,14.0,19.6,13.8,72
1991-09-08,10.1,14.4,75,0.00,307,1.61,0.0,19.1,16.2,61
1991-09-09,9.5,16.7,73,0.00,184,2.51,0.0,15.2,9.6,49
1991-09-10,12.4,16.8,69,0.00,219,2.63,0.0,19.9,13.8,52
1991-09-11,12.5,17.3,76,0.00,221,1.71,0.0,19.0,9.5,59
1991-09-12,13.7,20.2,77,0.00,211,2.39,0.0,18.1,11.8,54
1991-09-13,13.5,19.6,84,3.90,253,1.58,6.0,23.6,15.1,57
1991-09-14,9.9,13.8,85,7.30,299,1.15,13.0,28.4,22.3,57
1991-09-15,8.6,12.2,84,2.70,253,1.03,9.0,24.3,12.1,64
1991-09-16,10.0,12.5,87,4.10,307,1.26,14.0,26.7,16.8,69
1991-09-17,6.4,10.7,60,0.10,23,2.32,1.0,22.2,9.5,39
1991-09-18,6.0,11.1,65,0.00,146,1.87,0.0,21.4,17.7,43
1991-09-19,10.8,18.6,75,0.00,190,2.47,0.0,24.3,16.6,39
1991-09-20,11.0,16.5,56,0.00,264,2.93,0.0,24.1,18.5,45
1991-09-21,8.0,11.8,80,4.40,288,1.43,15.0,19.6,14.8,56
1991-09-22,7.1,12.1,79,0.30,224,1.34,2.0,13.1,9.9,47
1991-09-23,8.5,14.7,84,1.80,258,1.61,7.0,19.3,13.4,56
1991-09-24,14.1,16.7,68,0.10,273,2.48,1.0,32.2,25.5,51
1991-09-25,12.9,18.7,74,0.00,255,2.33,0.0,19.9,9.7,54
1991-09-26,13.5,18.9,77,0.00,359,2.11,0.0,11.2,7.3,55
1991-09-27,12.7,19.7,67,0.00,130,2.63,0.0,20.9,16.2,54
1991-09-28,14.1,18.5,73,0.00,244,2.25,0.0,26.7,15.8,52
1991-09-29,10.5,15.3,51,0.00,288,3.12,0.0,27.6,21.8,42
1991-09-30,8.8,13.3,54,1.00,242,2.07,2.0,21.8,14.5,45
1991-10-01,10.2,13.7,69,5.00,278,2.16,7.0,30.6,23.1,46
1991-10-02,6.3,9.8,77,0.50,281,1.57,1.0,25.3,18.9,45
1991-10-03,5.6,9.2,73,2.30,306,1.41,8.0,23.5,17.2,49
1991-10-04,3.5,9.6,83,0.60,173,1.23,2.0,18.1,10.2,53
1991-10-05,7.1,17.0,72,0.00,177,1.85,0.0,18.6,13.5,51
1991-10-06,11.2,18.4,74,0.00,164,1.82,0.0,17.3,8.7,51
1991-10-07,10.8,15.9,53,0.00,258,2.87,0.0,32.6,23.0,33
1991-10-08,7.9,10.6,44,0.00,265,3.15,0.0,30.4,25.4,37
1991-10-09,9.1,17.9,59,0.00,212,1.85,0.0,30.7,14.9,47
1991-10-10,13.6,17.5,81,2.60,259,1.69,10.0,28.1,20.6,57
1991-10-11,13.7,21.4,80,0.70,203,1.71,3.0,16.0,8.3,45
1991-10-12,12.1,18.0,69,0.70,258,1.72,3.0,37.2,23.6,55
1991-10-13,3.6,7.2,69,0.00,296,1.44,0.0,36.4,20.1,55
1991-10-14,7.8,13.2,84,4.20,252,0.97,7.0,21.4,14.2,61
1991-10-15,10.9,12.6,79,3.10,268,1.08,10.0,29.0,17.4,64
1991-10-16,2.9,6.7,72,2.50,351,0.73,9.0,22.7,14.6,50
1991-10-17,-2.8,-0.5,60,1.90,315,1.19,11.0,24.4,21.1,43
1991-10-18,-1.2,4.7,66,0.30,265,1.16,2.0,21.5,13.0,45
1991-10-19,2.5,7.4,80,0.00,257,0.88,0.0,17.7,14.4,57
1991-10-20,6.5,8.8,93,14.60,275,0.67,17.0,22.6,18.9,78
1991-10-21,1.7,6.2,84,0.70,43,0.54,5.0,27.8,18.9,64
1991-10-22,-4.6,-1.3,67,0.00,355,0.86,0.0,29.0,19.4,59
1991-10-23,-7.0,-0.6,74,0.00,216,0.63,0.0,12.9,10.9,49
1991-10-24,-2.2,-0.5,81,5.20,286,0.46,19.0,12.0,9.7,64
1991-10-25,-4.0,-1.9,82,3.30,347,0.44,21.0,11.5,9.7,55
1991-10-26,-7.1,-3.8,81,3.40,32,0.40,17.0,17.8,13.0,64
1991-10-27,-12.6,-9.6,75,0.40,312,0.40,4.0,19.2,10.8,46
1991-10-28,-11.7,-7.0,73,2.00,270,0.49,10.0,18.4,16.3,56
1991-10-29,-11.1,-7.8,75,0.00,290,0.46,0.0,17.6,15.5,60
1991-10-30,-12.0,-6.9,75,1.90,167,0.33,6.0,15.6,12.1,62
1991-10-31,-10.2,-7.4,80,2.50,2,0.34,11.0,21.7,15.4,63
1991-11-01,-16.5,-11.0,78,0.00,298,0.29,0.0,12.9,11.3,64
1991-11-02,-16.5,-8.5,74,0.00,218,0.35,0.0,16.4,9.5,44
1991-11-03,-11.1,-3.8,78,1.60,197,0.40,5.0,18.2,14.5,70
1991-11-04,-7.6,-5.4,85,4.00,11,0.20,14.0,19.2,9.9,79
1991-11-05,-13.5,-7.7,80,1.10,347,0.28,6.0,21.6,13.7,63
1991-11-06,-17.3,-6.5,78,0.00,156,0.30,0.0,13.8,10.3,62
1991-11-07,-4.3,0.7,87,0.00,252,0.38,0.0,18.2,11.7,77
1991-11-08,-5.1,-0.8,87,3.30,333,0.24,11.0,23.0,14.2,71
1991-11-09,-12.6,-3.5,82,0.00,142,0.31,0.0,15.2,11.0,70
1991-11-10,-2.3,2.8,83,0.20,233,0.49,1.0,26.7,17.7,73
1991-11-11,-2.2,1.7,86,0.80,154,0.32,2.0,16.3,12.1,70
1991-11-12,3.9,5.4,69,0.00,252,1.20,0.0,33.8,25.4,60
1991-11-13,-1.0,2.7,88,0.60,222,0.33,3.0,17.0,9.2,77
1991-11-14,-1.4,0.0,89,1.50,281,0.27,5.0,15.5,11.0,78
1991-11-15,-4.4,1.2,73,0.20,165,0.55,1.0,20.0,13.7,50
1991-11-16,1.3,3.1,80,0.20,209,0.53,2.0,20.0,14.5,70
1991-11-17,-1.0,2.1,87,5.10,84,0.22,6.0,19.5,13.8,70
1991-11-18,-6.8,-2.3,86,4.70,332,0.20,11.0,17.3,11.2,78
1991-11-19,-7.6,-2.5,85,0.00,128,0.24,0.0,24.1,9.8,76
1991-11-20,-3.1,-0.2,87,1.10,140,0.32,7.0,24.3,11.0,78
1991-11-21,-4.6,-2.5,81,0.20,249,0.35,1.0,13.4,11.2,68
1991-11-22,-6.7,-3.5,85,0.50,290,0.21,4.0,15.5,10.0,75
1991-11-23,-10.2,-7.3,88,0.00,129,0.14,0.0,25.0,15.8,84
1991-11-24,-5.4,-0.3,84,0.50,155,0.32,3.0,24.8,15.3,76
1991-11-25,-4.4,-1.5,91,3.70,106,0.16,13.0,12.7,8.4,88
1991-11-26,-5.4,-3.1,91,2.50,356,0.16,12.0,8.3,3.9,84
1991-11-27,-7.8,-2.8,87,0.00,195,0.23,0.0,18.1,11.6,73
1991-11-28,-2.7,-0.8,83,1.30,273,0.37,7.0,29.5,19.9,77
1991-11-29,-15.4,-8.5,80,0.80,305,0.21,4.0,29.1,17.1,71
1991-11-30,-15.6,-9.8,78,0.00,286,0.21,0.0,27.3,17.0,64
1991-12-01,-19.2,-15.0,76,11.70,121,0.16,10.0,30.6,17.3,71
1991-12-02,-19.7,-16.2,78,0.10,318,0.12,1.0,16.4,12.3,68
1991-12-03,-21.6,-18.7,77,2.30,95,0.09,14.0,11.5,8.7,72
1991-12-04,-19.1,-16.5,77,9.10,122,0.15,24.0,22.3,16.1,72
1991-12-05,-19.0,-16.3,78,0.20,98,0.12,1.0,20.9,13.4,72
1991-12-06,-15.1,-12.1,80,4.80,142,0.14,14.0,21.6,11.7,77
1991-12-07,-16.5,-13.3,83,0.10,48,0.08,1.0,8.4,5.3,73
1991-12-08,-14.8,-13.3,83,0.10,9,0.09,1.0,11.3,7.7,75
1991-12-09,-6.0,0.3,71,1.10,231,0.79,3.0,35.4,25.8,54
1991-12-10,-1.5,0.9,66,0.00,263,0.99,0.0,35.3,29.5,60
1991-12-11,-2.1,-0.9,88,2.60,257,0.21,9.0,23.1,17.1,80
1991-12-12,-9.3,-6.0,84,1.00,209,0.12,4.0,13.3,9.5,75
1991-12-13,-13.7,-8.5,81,2.00,278,0.19,5.0,27.2,17.3,71
1991-12-14,-12.0,-7.9,85,1.10,247,0.12,5.0,12.6,9.1,72
1991-12-15,-2.3,3.8,76,1.30,250,0.68,4.0,31.3,20.9,60
1991-12-16,-1.3,3.3,73,0.00,274,0.75,0.0,31.9,24.6,63
1991-12-17,-10.1,-6.2,76,0.00,146,0.21,0.0,12.6,10.4,69
1991-12-18,-11.4,-9.1,81,0.00,106,0.13,0.0,13.8,8.7,77
1991-12-19,-7.7,-1.4,78,0.70,255,0.45,3.0,31.7,19.4,64
1991-12-20,-5.1,-1.8,75,0.50,239,0.45,4.0,30.6,18.3,66
1991-12-21,1.4,4.9,60,0.00,240,1.38,0.0,37.4,28.4,53
1991-12-22,-0.7,2.3,73,0.00,262,0.71,0.0,35.3,22.0,58
1991-12-23,0.4,1.8,69,0.00,252,0.85,0.0,30.0,21.7,56
1991-12-24,-3.9,-1.1,77,0.00,186,0.24,0.0,12.0,9.2,66
1991-12-25,-0.8,1.7,74,0.00,238,0.52,0.0,23.2,15.2,68
1991-12-26,-6.0,-0.7,79,0.00,140,0.25,0.0,16.1,12.0,73
1991-12-27,-3.8,1.6,87,0.00,176,0.17,0.0,12.3,8.8,80
1991-12-28,-3.7,-1.6,90,0.00,120,0.14,0.0,16.9,12.9,86
1991-12-29,-6.1,-3.8,92,0.00,130,0.11,0.0,14.8,9.5,86
1991-12-30,-8.4,-5.4,90,0.00,218,0.11,0.0,7.1,5.0,84
1991-12-31,-9.0,-5.7,92,0.00,164,0.11,0.0,12.2,8.0,85
1992-01-01,-8.1,-1.5,86,0.00,163,0.15,0.0,14.0,10.0,78
1992-01-02,-4.0,0.6,84,0.00,215,0.25,0.0,20.9,14.1,74
1992-01-03,-2.9,-0.3,69,0.00,248,0.61,0.0,23.2,17.0,60
1992-01-04,-9.0,-6.1,81,0.00,103,0.19,0.0,16.8,10.8,74
1992-01-05,-10.9,-9.0,87,0.00,72,0.11,0.0,12.0,7.8,81
1992-01-06,-9.6,-7.2,86,6.30,123,0.13,18.0,15.5,11.2,80
1992-01-07,-10.2,-8.1,84,0.60,272,0.16,4.0,18.3,13.7,69
1992-01-08,-10.6,-2.7,73,0.00,243,0.35,0.0,22.0,13.8,67
1992-01-09,-2.5,4.0,81,0.00,238,0.37,0.0,20.8,13.9,68
1992-01-10,1.3,3.7,87,0.00,239,0.30,0.0,19.0,12.1,76
1992-01-11,-2.2,0.9,91,0.00,270,0.18,0.0,18.6,14.1,84
1992-01-12,-5.9,-3.5,90,0.90,270,0.16,5.0,17.3,10.5,82
1992-01-13,-7.3,-5.0,91,1.50,319,0.13,6.0,8.7,5.9,85
1992-01-14,-15.3,-5.7,83,2.00,47,0.12,7.0,17.6,11.5,75
1992-01-15,-6.9,1.3,83,0.50,233,0.31,2.0,22.5,18.4,77
1992-01-16,-8.4,0.0,81,0.00,315,0.27,0.0,24.5,16.6,72
1992-01-17,-17.2,-13.4,80,0.00,106,0.12,0.0,11.0,8.4,73
1992-01-18,-10.1,0.6,77,0.00,225,0.39,0.0,16.9,13.2,59
1992-01-19,2.1,5.5,69,0.20,253,0.84,2.0,27.4,15.9,53
1992-01-20,-0.1,4.3,76,0.00,253,0.62,0.0,26.6,15.3,59
1992-01-21,-2.0,-0.2,83,0.90,243,0.24,5.0,13.7,9.2,73
1992-01-22,-4.0,-0.8,89,3.40,287,0.21,7.0,20.9,13.8,82
1992-01-23,-10.4,-6.8,86,0.00,95,0.16,0.0,19.2,13.4,78
1992-01-24,-12.3,-10.1,84,0.00,7,0.17,0.0,18.1,12.1,69
1992-01-25,-20.8,-16.5,78,2.00,96,0.11,7.0,21.3,12.9,72
1992-01-26,-16.6,-7.8,78,1.10,137,0.25,4.0,19.5,13.5,65
1992-01-27,-5.4,2.4,76,0.00,199,0.49,0.0,17.4,12.3,61
1992-01-28,-3.5,0.4,86,0.00,145,0.28,0.0,14.9,9.3,74
1992-01-29,-0.9,3.3,75,0.00,243,0.68,0.0,18.7,15.7,56
1992-01-30,-0.3,4.0,80,0.00,154,0.55,0.0,25.9,14.9,72
1992-01-31,0.9,3.5,77,0.00,232,0.63,0.0,21.2,14.7,69
1992-02-01,-2.0,4.9,83,0.00,129,0.46,0.0,15.9,9.1,61
1992-02-02,-4.5,1.0,89,0.00,280,0.30,0.0,12.0,7.0,76
1992-02-03,-4.2,2.5,86,0.00,134,0.45,0.0,25.7,16.6,69
1992-02-04,-1.0,5.0,82,0.00,188,0.48,0.0,14.8,8.7,58
1992-02-05,-0.5,3.5,85,0.50,264,0.55,3.0,24.7,16.3,67
1992-02-06,-7.0,-1.6,88,0.00,16,0.33,0.0,11.6,7.5,74
1992-02-07,-9.6,-6.0,87,0.00,116,0.27,0.0,14.7,12.6,77
1992-02-08,-9.7,-5.5,85,0.00,140,0.28,0.0,12.5,8.4,73
1992-02-09,-14.0,-6.2,77,0.50,341,0.24,3.0,18.1,14.3,63
1992-02-10,-22.5,-18.7,74,0.00,84,0.19,0.0,16.3,13.0,62
1992-02-11,-21.3,-14.3,75,0.00,126,0.26,0.0,20.2,15.9,65
1992-02-12,-16.0,-10.6,76,0.00,298,0.22,0.0,6.9,4.7,64
1992-02-13,-12.0,-7.2,80,0.00,113,0.36,0.0,10.0,8.1,68
1992-02-14,-9.8,-4.4,82,0.00,105,0.36,0.0,10.3,7.6,67
1992-02-15,-8.4,-0.3,84,0.00,137,0.53,0.0,9.4,5.1,68
1992-02-16,-7.5,-2.4,87,1.20,106,0.25,3.0,18.8,14.6,79
1992-02-17,-8.6,-4.3,87,1.40,119,0.38,4.0,15.3,8.9,74
1992-02-18,-7.2,-5.1,86,0.50,83,0.31,5.0,19.9,14.8,73
1992-02-19,-12.2,-6.7,80,4.70,54,0.30,21.0,22.8,17.2,69
1992-02-20,-17.9,-15.1,77,1.90,345,0.27,8.0,9.7,5.5,61
1992-02-21,-20.1,-15.1,75,0.00,90,0.25,0.0,22.1,11.0,65
1992-02-22,-14.2,-5.8,75,2.10,124,0.55,8.0,23.9,15.7,52
1992-02-23,-6.3,1.1,76,0.00,260,0.72,0.0,15.5,12.2,41
1992-02-24,-1.9,4.6,74,0.00,232,0.97,0.0,22.1,15.4,58
1992-02-25,3.9,8.1,76,0.20,264,1.28,1.0,30.5,22.3,64
1992-02-26,5.6,8.9,76,0.00,273,1.43,0.0,27.2,23.6,68
1992-02-27,5.7,8.8,66,0.00,268,1.73,0.0,27.6,20.6,56
1992-02-28,4.5,11.0,74,0.00,255,1.41,0.0,18.6,13.6,46
1992-02-29,4.6,9.2,62,0.00,248,1.65,0.0,18.1,13.8,48
1992-03-01,1.7,7.3,69,0.00,270,1.33,0.0,24.2,15.0,58
1992-03-02,-0.3,5.6,79,0.00,134,0.99,0.0,14.5,10.8,63
1992-03-03,2.1,8.0,80,0.00,218,1.20,0.0,13.3,8.8,57
1992-03-04,1.5,7.0,84,0.00,111,1.17,0.0,14.3,10.3,60
1992-03-05,0.7,5.2,85,0.20,150,0.94,1.0,18.1,12.5,69
1992-03-06,-2.3,2.1,81,3.00,78,0.63,9.0,19.8,16.5,77
1992-03-07,-6.3,-0.4,78,0.70,323,0.66,3.0,19.9,13.7,51
1992-03-08,-8.6,-0.8,55,0.00,178,1.06,0.0,8.9,5.6,47
1992-03-09,-4.0,6.7,66,0.00,152,1.15,0.0,18.1,12.1,48
1992-03-10,2.0,6.2,72,0.00,265,1.46,0.0,19.1,17.4,51
1992-03-11,3.5,8.5,63,0.30,263,1.70,1.0,16.3,14.7,43
1992-03-12,4.0,8.1,68,0.00,268,1.73,0.0,18.7,16.7,49
1992-03-13,2.4,7.5,64,0.00,269,1.47,0.0,14.1,6.6,37
1992-03-14,2.7,9.0,63,0.00,130,1.85,0.0,17.6,14.8,53
1992-03-15,2.7,7.9,76,0.00,306,1.38,0.0,11.4,8.1,41
1992-03-16,-0.5,5.7,62,0.00,359,1.51,0.0,14.8,8.9,30
1992-03-17,-0.5,5.7,53,0.00,120,1.80,0.0,14.8,10.9,35
1992-03-18,1.0,7.2,73,0.00,165,1.52,0.0,13.0,6.6,45
1992-03-19,0.9,4.3,87,0.60,255,0.93,5.0,7.4,5.2,66
1992-03-20,1.0,9.4,82,0.20,215,1.51,2.0,7.9,5.0,27
1992-03-21,2.7,9.5,63,0.00,225,2.04,0.0,14.6,11.7,36
1992-03-22,5.2,14.8,66,0.00,224,2.24,0.0,10.4,6.9,34
1992-03-23,2.7,13.4,67,0.10,306,1.53,1.0,26.9,16.0,32
1992-03-24,0.3,5.6,43,0.00,297,2.37,0.0,24.9,14.3,24
1992-03-25,2.2,9.7,49,0.00,250,2.27,0.0,16.4,11.7,28
1992-03-26,5.5,11.0,57,0.00,244,2.51,0.0,17.4,13.2,39
1992-03-27,3.5,10.7,70,1.20,206,1.27,5.0,24.1,13.6,44
1992-03-28,1.0,3.1,59,0.60,292,1.98,2.0,26.4,24.2,31
1992-03-29,0.4,4.6,47,0.00,278,2.33,0.0,23.4,13.3,30
1992-03-30,0.2,6.3,47,0.00,100,2.23,0.0,15.7,11.3,29
1992-03-31,3.4,11.1,47,0.00,154,2.54,0.0,23.8,17.6,37
1992-04-01,7.0,16.6,74,0.00,243,2.03,0.0,14.7,10.2,46
1992-04-02,11.1,18.8,65,0.00,248,2.81,0.0,16.1,10.3,39
1992-04-03,9.2,18.1,58,0.00,225,2.57,0.0,25.2,19.1,32
1992-04-04,4.8,9.3,45,0.00,251,2.98,0.0,22.1,12.6,29
1992-04-05,2.0,8.0,71,0.30,65,1.25,3.0,15.5,11.8,33
1992-04-06,0.5,4.3,67,2.70,118,1.29,10.0,13.8,11.1,54
1992-04-07,0.3,3.0,81,2.00,266,1.31,7.0,24.5,11.8,46
1992-04-08,-2.3,1.7,41,0.00,334,2.24,0.0,21.7,11.2,16
1992-04-09,-3.7,0.7,46,1.30,266,1.84,5.0,21.9,16.7,23
1992-04-10,-8.2,-4.4,37,0.40,14,1.64,2.0,17.3,8.1,23
1992-04-11,-6.8,-1.3,29,0.00,112,1.96,0.0,16.6,8.6,17
1992-04-12,-2.6,10.2,39,0.00,147,2.90,0.0,22.6,15.6,18
1992-04-13,5.3,15.7,45,0.00,157,3.37,0.0,15.5,8.3,19
1992-04-14,8.4,16.0,59,0.00,127,3.03,0.0,11.0,6.1,30
1992-04-15,7.9,15.7,70,0.00,125,3.02,0.0,19.2,14.0,37
1992-04-16,8.7,16.4,59,0.00,135,3.58,0.0,20.7,15.8,38
1992-04-17,9.3,15.9,72,0.00,135,2.77,0.0,18.4,14.3,41
1992-04-18,4.3,11.9,90,16.50,310,0.80,21.0,18.4,14.8,65
1992-04-19,3.2,11.9,78,0.00,140,2.39,0.0,11.2,8.3,48
1992-04-20,6.3,14.2,68,0.00,135,2.93,0.0,26.0,20.6,46
1992-04-21,6.2,14.6,71,1.00,246,2.79,3.0,17.5,9.0,38
1992-04-22,5.2,11.0,67,1.90,55,1.62,3.0,14.3,9.3,38
1992-04-23,3.9,7.5,93,5.20,48,1.09,18.0,14.7,9.3,76
1992-04-24,5.3,11.3,81,0.40,294,2.30,2.0,8.5,4.2,38
1992-04-25,7.4,15.3,63,0.00,123,3.14,0.0,20.7,15.8,38
1992-04-26,11.5,21.6,61,0.00,134,3.52,0.0,15.1,11.9,35
1992-04-27,13.2,21.0,66,0.00,272,3.30,0.0,14.0,10.2,39
1992-04-28,10.8,16.9,62,0.00,269,3.25,0.0,17.0,11.9,42
1992-04-29,9.2,12.9,68,0.20,122,1.85,2.0,11.4,9.2,44
1992-04-30,7.9,11.6,97,11.50,100,0.95,22.0,15.5,11.6,71
1992-05-01,7.2,10.8,53,0.30,270,3.68,1.0,32.1,26.5,29
1992-05-02,8.5,13.4,54,0.00,250,3.66,0.0,24.5,15.8,34
1992-05-03,10.4,18.9,52,0.00,252,4.12,0.0,22.4,13.4,33
1992-05-04,15.2,25.3,49,0.00,213,4.87,0.0,12.2,9.5,19
1992-05-05,15.8,24.5,57,0.00,290,4.23,0.0,11.5,6.3,33
1992-05-06,13.8,19.0,61,0.00,259,3.78,0.0,22.2,12.1,35
1992-05-07,10.4,14.8,54,0.00,9,3.73,0.0,20.2,7.4,37
1992-05-08,9.9,13.7,66,4.90,181,3.35,6.0,20.3,15.3,36
1992-05-09,8.3,12.9,59,0.00,245,3.49,0.0,13.3,10.5,35
1992-05-10,7.5,12.3,76,2.30,147,1.96,7.0,9.9,5.8,42
1992-05-11,4.7,7.4,84,5.60,355,1.84,12.0,25.2,19.1,48
1992-05-12,4.0,8.6,74,0.60,311,2.62,4.0,18.3,9.9,44
1992-05-13,7.4,11.9,49,0.00,244,3.50,0.0,20.9,17.0,40
1992-05-14,8.0,11.6,68,0.50,294,2.84,4.0,22.4,13.6,45
1992-05-15,4.9,9.6,62,0.00,347,3.05,0.0,22.9,11.6,35
1992-05-16,8.2,14.4,47,0.30,203,3.98,2.0,26.1,17.0,35
1992-05-17,10.9,15.2,48,0.00,252,4.44,0.0,22.5,15.6,34
1992-05-18,10.4,16.5,65,2.40,88,3.65,9.0,19.9,12.4,39
1992-05-19,5.3,11.4,73,0.50,342,1.98,4.0,19.5,14.6,44
1992-05-20,3.9,8.1,60,0.40,67,1.95,4.0,18.2,13.7,41
1992-05-21,3.1,7.4,71,0.80,98,2.18,6.0,15.5,8.8,48
1992-05-22,5.2,10.2,64,0.10,238,3.24,1.0,7.7,5.1,33
1992-05-23,7.0,12.4,63,0.00,166,3.27,0.0,11.3,8.0,33
1992-05-24,9.1,17.1,73,0.00,166,3.92,0.0,10.8,7.8,32
1992-05-25,11.9,18.5,57,0.00,140,4.41,0.0,19.0,14.3,33
1992-05-26,13.5,19.2,57,0.00,150,4.32,0.0,24.9,18.5,44
1992-05-27,12.6,17.2,73,3.50,253,3.75,6.0,21.8,18.1,40
1992-05-28,12.9,16.7,55,0.30,266,4.32,1.0,20.3,15.6,41
1992-05-29,12.9,17.9,72,0.00,83,3.55,0.0,13.9,8.4,50
1992-05-30,13.1,18.3,79,0.90,158,3.30,3.0,10.5,3.5,46
1992-05-31,14.7,22.7,66,0.00,165,4.10,0.0,14.6,12.2,35
1992-06-01,17.6,22.0,63,0.00,197,4.21,0.0,20.7,9.5,39
1992-06-02,14.1,21.8,74,13.90,276,1.90,11.0,21.1,14.4,38
1992-06-03,9.5,12.7,96,21.90,303,1.17,24.0,30.9,25.0,83
1992-06-04,10.1,13.2,89,5.60,327,2.22,18.0,19.0,10.9,69
1992-06-05,10.4,14.4,74,0.00,72,2.61,0.0,10.5,6.7,50
1992-06-06,12.1,17.6,68,0.20,147,3.81,1.0,18.8,14.6,54
1992-06-07,14.2,20.2,72,1.70,154,3.71,3.0,18.1,13.0,52
1992-06-08,13.9,18.2,76,1.40,247,3.62,3.0,20.9,15.4,49
1992-06-09,15.5,21.9,70,0.00,79,4.18,0.0,22.5,14.9,47
1992-06-10,13.9,21.5,86,19.20,309,2.18,16.0,26.0,16.7,54
1992-06-11,11.3,17.4,72,0.00,69,3.19,0.0,13.6,8.6,53
1992-06-12,15.6,20.9,66,0.00,106,4.09,0.0,14.9,11.1,48
1992-06-13,17.4,22.7,65,0.00,83,4.44,0.0,15.3,11.1,37
1992-06-14,17.5,22.1,63,0.00,148,4.39,0.0,17.2,9.2,43
1992-06-15,17.0,22.3,63,0.00,154,5.28,0.0,20.9,15.1,36
1992-06-16,18.3,24.4,63,0.00,169,5.56,0.0,18.8,11.2,38
1992-06-17,17.1,23.8,77,3.50,278,3.20,13.0,27.2,21.0,51
1992-06-18,13.3,19.9,78,2.60,327,3.38,6.0,22.7,8.8,44
1992-06-19,16.8,23.2,65,0.00,142,3.83,0.0,23.5,16.3,43
1992-06-20,17.1,23.0,81,11.70,232,3.73,14.0,24.2,17.2,47
1992-06-21,18.5,22.7,56,0.00,266,5.60,0.0,25.6,17.5,34
1992-06-22,18.3,22.8,53,0.00,271,5.81,0.0,20.5,13.7,36
1992-06-23,18.6,22.9,62,0.50,277,4.76,2.0,22.5,13.3,38
1992-06-24,16.1,20.0,61,0.00,338,4.43,0.0,16.6,12.1,43
1992-06-25,16.4,22.9,63,0.00,122,5.17,0.0,15.6,12.0,41
1992-06-26,19.8,28.0,60,0.10,153,5.86,1.0,19.4,14.6,36
1992-06-27,18.9,27.0,71,1.30,340,4.75,5.0,21.4,15.3,38
1992-06-28,16.5,20.3,59,0.00,79,4.72,0.0,15.1,8.5,41
1992-06-29,15.9,19.8,64,0.20,94,4.32,1.0,14.2,12.1,42
1992-06-30,14.2,18.2,79,7.20,100,2.96,18.0,14.0,9.3,52
1992-07-01,13.2,17.4,88,7.20,144,2.65,14.0,11.2,7.4,56
1992-07-02,14.1,17.4,80,3.10,119,3.03,10.0,14.1,10.3,57
1992-07-03,14.6,19.2,75,0.30,116,3.62,2.0,16.5,10.1,51
1992-07-04,15.6,21.3,72,0.40,135,4.04,2.0,12.0,10.0,46
1992-07-05,17.8,21.8,66,0.20,133,4.30,2.0,14.6,11.7,46
1992-07-06,16.6,20.8,86,5.60,129,2.99,10.0,16.0,7.3,60
1992-07-07,16.3,20.1,85,2.50,11,3.30,8.0,13.3,6.1,64
1992-07-08,14.5,20.0,92,16.30,53,1.56,21.0,23.0,10.7,64
1992-07-09,12.2,15.2,83,3.20,10,2.86,7.0,19.1,10.2,56
1992-07-10,13.3,18.3,70,0.00,181,3.44,0.0,9.4,6.0,41
1992-07-11,15.7,19.4,67,0.00,261,3.90,0.0,12.2,6.3,43
1992-07-12,17.0,24.0,69,0.50,185,4.60,1.0,13.7,10.0,45
1992-07-13,17.6,20.4,71,0.40,245,3.97,2.0,23.9,17.0,45
1992-07-14,14.6,19.2,67,6.00,264,3.50,7.0,26.7,20.9,46
1992-07-15,13.1,15.4,84,4.70,305,1.99,9.0,27.6,21.2,63
1992-07-16,14.4,18.5,78,0.00,315,2.62,0.0,14.2,8.2,60
1992-07-17,17.0,22.0,73,0.00,141,4.07,0.0,14.4,6.4,45
1992-07-18,15.2,21.5,78,3.10,316,2.54,11.0,21.3,15.8,46
1992-07-19,14.2,19.5,79,4.90,343,3.54,7.0,15.0,7.1,47
1992-07-20,16.9,22.5,66,0.00,132,4.51,0.0,14.4,8.3,38
1992-07-21,17.9,24.6,60,0.00,143,5.40,0.0,19.9,16.4,40
1992-07-22,18.5,24.5,71,9.20,173,3.04,9.0,18.4,11.5,45
1992-07-23,16.8,22.4,83,1.60,297,3.52,2.0,11.6,5.8,41
1992-07-24,18.2,22.2,70,0.40,315,4.01,2.0,16.2,8.1,42
1992-07-25,16.6,21.3,75,0.40,9,3.54,2.0,18.5,7.1,52
1992-07-26,16.3,21.0,81,19.80,140,2.56,14.0,22.6,14.4,54
1992-07-27,15.3,18.9,66,0.40,280,3.57,3.0,22.1,18.3,54
1992-07-28,16.3,20.6,72,0.00,254,3.64,0.0,11.4,7.1,48
1992-07-29,17.1,22.5,71,0.00,266,3.94,0.0,13.7,9.2,44
1992-07-30,18.7,23.6,69,0.20,245,3.92,1.0,10.7,7.1,47
1992-07-31,17.7,22.5,69,0.00,346,4.27,0.0,15.8,8.2,42
1992-08-01,18.2,22.6,63,0.00,66,4.09,0.0,12.9,6.9,40
1992-08-02,18.8,24.8,61,0.00,109,4.83,0.0,14.8,12.7,37
1992-08-03,19.7,24.3,63,0.10,150,4.30,1.0,17.8,12.2,39
1992-08-04,19.0,23.6,77,3.40,17,4.00,6.0,13.7,6.6,44
1992-08-05,19.9,25.2,71,0.00,112,4.16,0.0,10.8,8.3,44
1992-08-06,20.4,25.2,73,0.10,132,4.03,1.0,14.3,11.3,46
1992-08-07,17.8,25.0,76,14.10,237,2.61,9.0,22.3,16.0,47
1992-08-08,16.1,19.8,66,1.40,256,3.98,4.0,24.5,18.1,41
1992-08-09,13.4,19.5,70,7.30,272,2.62,11.0,31.8,22.5,41
1992-08-10,12.8,16.4,73,0.40,301,2.75,3.0,23.3,13.9,51
1992-08-11,15.0,23.6,68,0.00,183,3.99,0.0,9.8,6.9,35
1992-08-12,19.4,28.7,65,0.00,160,4.53,0.0,10.7,6.8,36
1992-08-13,22.0,29.1,64,0.00,146,4.93,0.0,17.4,10.2,36
1992-08-14,22.4,28.6,63,0.10,224,4.78,1.0,23.0,12.6,41
1992-08-15,19.7,25.4,54,0.00,258,5.03,0.0,21.0,14.6,31
1992-08-16,17.2,21.7,57,0.00,262,4.47,0.0,22.7,13.6,34
1992-08-17,18.6,27.3,58,0.00,202,4.58,0.0,15.0,9.1,38
1992-08-18,21.4,27.1,64,0.20,202,4.57,1.0,15.3,10.7,40
1992-08-19,17.0,25.7,75,12.50,334,2.64,10.0,23.4,15.3,43
1992-08-20,11.5,16.2,61,1.10,316,3.17,4.0,22.8,16.1,47
1992-08-21,8.1,10.4,67,1.20,68,2.15,7.0,17.5,9.9,50
1992-08-22,5.1,9.4,83,10.60,11,1.75,19.0,10.9,7.8,44
1992-08-23,6.8,10.2,64,0.10,144,2.03,1.0,9.4,6.5,43
1992-08-24,8.5,13.5,61,0.00,155,3.05,0.0,15.3,12.2,35
1992-08-25,10.1,18.3,56,0.00,163,3.31,0.0,19.5,13.8,36
1992-08-26,16.7,21.4,71,0.10,251,3.01,1.0,18.2,12.7,56
1992-08-27,15.3,20.1,62,0.20,263,3.36,2.0,37.8,23.3,42
1992-08-28,10.0,14.3,81,14.30,293,1.34,15.0,34.1,30.1,50
1992-08-29,10.4,14.6,85,0.80,313,1.88,3.0,26.9,13.6,59
1992-08-30,11.9,17.7,75,0.00,125,2.53,0.0,12.8,8.4,46
1992-08-31,14.5,19.1,67,0.00,185,2.78,0.0,14.1,10.8,52
1992-09-01,13.2,18.1,86,21.80,265,1.09,17.0,25.2,15.7,60
1992-09-02,10.0,12.9,88,6.70,295,1.46,12.0,25.1,16.6,71
1992-09-03,9.1,12.7,90,8.70,287,1.71,19.0,15.3,8.0,62
1992-09-04,7.9,12.2,85,1.80,69,0.93,9.0,22.3,14.7,61
1992-09-05,5.3,7.8,71,0.60,45,1.56,4.0,20.1,14.6,49
1992-09-06,5.5,8.6,68,0.00,285,1.55,0.0,8.1,5.5,47
1992-09-07,6.7,15.0,66,0.00,180,2.52,0.0,21.9,13.6,39
1992-09-08,8.6,13.9,76,6.40,249,1.79,14.0,35.4,23.2,45
1992-09-09,8.4,14.4,77,2.00,279,2.20,8.0,29.4,18.9,46
1992-09-10,12.5,15.5,72,1.90,242,1.97,5.0,20.6,16.6,55
1992-09-11,10.7,15.5,66,0.00,261,2.72,0.0,23.4,15.2,43
1992-09-12,10.0,14.7,74,2.60,276,2.12,7.0,18.9,11.3,50
1992-09-13,5.5,11.8,77,3.40,299,1.32,17.0,35.0,23.5,51
1992-09-14,1.9,5.3,68,5.20,289,1.61,13.0,35.5,31.9,43
1992-09-15,2.8,7.4,62,0.00,282,1.87,0.0,23.6,14.5,39
1992-09-16,3.4,9.7,69,0.00,183,1.56,0.0,10.8,8.3,40
1992-09-17,3.7,7.6,87,3.40,305,1.03,14.0,21.4,15.9,62
1992-09-18,4.4,8.6,79,1.80,210,0.79,6.0,16.4,11.9,60
1992-09-19,10.7,15.5,81,1.00,260,1.62,3.0,28.6,22.3,62
1992-09-20,9.6,12.3,80,4.80,273,1.28,13.0,35.2,23.4,65
1992-09-21,3.6,8.7,73,0.00,329,1.46,0.0,23.2,10.2,56
1992-09-22,8.8,16.5,88,5.00,193,1.37,9.0,18.2,13.3,63
1992-09-23,12.7,20.4,83,0.90,137,1.84,4.0,14.0,9.4,58
1992-09-24,8.4,17.6,98,12.00,347,0.30,13.0,16.0,11.6,84
1992-09-25,2.8,4.8,89,4.10,316,0.73,14.0,27.2,19.7,70
1992-09-26,2.7,6.8,74,0.00,310,1.39,0.0,26.5,12.3,51
1992-09-27,3.1,9.0,74,0.00,270,1.37,0.0,21.3,12.3,57
1992-09-28,6.3,15.9,75,0.00,149,1.59,0.0,15.1,10.4,48
1992-09-29,11.8,23.3,70,0.00,150,2.47,0.0,18.5,12.3,41
1992-09-30,15.1,22.6,56,0.00,196,2.73,0.0,20.5,9.4,41
1992-10-01,13.4,20.6,71,0.00,261,1.92,0.0,11.0,7.9,51
1992-10-02,14.5,21.5,75,0.00,152,2.05,0.0,12.2,7.9,52
1992-10-03,13.6,19.2,80,0.00,140,1.52,0.0,15.0,11.3,65
1992-10-04,10.0,15.1,62,0.40,264,2.36,2.0,28.5,21.0,43
1992-10-05,6.3,9.7,61,0.00,271,1.94,0.0,18.0,15.8,48
1992-10-06,4.9,8.9,68,0.00,266,1.58,0.0,20.6,13.3,46
1992-10-07,5.9,12.7,60,0.00,243,1.97,0.0,17.5,14.1,34
1992-10-08,6.9,11.0,60,0.20,240,1.91,1.0,32.2,19.3,47
1992-10-09,6.6,11.6,60,2.50,265,2.22,4.0,31.3,23.1,51
1992-10-10,10.0,16.9,64,0.20,241,1.98,1.0,23.3,17.5,45
1992-10-11,7.0,15.2,57,1.20,284,2.41,4.0,36.5,27.0,36
1992-10-12,2.5,6.2,62,0.00,210,0.99,0.0,16.0,8.5,41
1992-10-13,0.3,3.6,77,0.60,295,0.79,3.0,13.7,10.1,56
1992-10-14,-2.2,0.8,72,0.20,25,0.79,2.0,16.8,11.4,41
1992-10-15,-3.2,-0.0,61,0.40,280,0.94,4.0,16.8,12.5,40
1992-10-16,-4.0,-1.1,61,0.30,332,0.86,3.0,17.8,9.8,38
1992-10-17,-5.1,-1.3,56,0.00,33,0.87,0.0,10.3,6.6,39
1992-10-18,-4.0,-1.9,62,0.10,124,0.87,1.0,33.7,21.7,45
1992-10-19,-1.4,3.9,74,1.60,174,0.93,3.0,32.4,17.2,50
1992-10-20,0.9,8.4,81,0.00,137,0.93,0.0,23.7,17.8,60
1992-10-21,3.3,7.5,84,0.00,234,0.88,0.0,14.8,11.7,64
1992-10-22,3.1,9.1,86,0.30,143,0.74,1.0,16.9,12.2,68
1992-10-23,5.8,10.2,78,0.10,193,0.88,1.0,21.4,15.2,65
1992-10-24,7.2,8.9,83,0.40,235,0.78,4.0,22.4,18.0,68
1992-10-25,4.9,8.3,76,0.30,265,1.17,2.0,24.6,18.5,53
1992-10-26,3.4,6.1,76,1.90,249,0.61,9.0,21.1,14.2,63
1992-10-27,2.1,5.5,90,0.90,272,0.64,4.0,18.4,13.9,68
1992-10-28,0.9,5.0,80,0.00,137,0.84,0.0,34.5,19.8,54
1992-10-29,0.9,3.2,69,0.00,134,1.17,0.0,34.1,29.1,57
1992-10-30,0.8,1.6,80,2.30,125,0.65,12.0,30.8,26.0,69
1992-10-31,1.0,3.0,89,0.80,138,0.40,3.0,24.1,17.6,79
1992-11-01,1.5,2.2,92,0.00,130,0.29,0.0,18.1,13.9,81
1992-11-02,1.2,1.9,90,3.90,345,0.36,14.0,21.9,14.1,72
1992-11-03,-0.3,1.1,81,0.10,352,0.39,1.0,20.8,12.3,70
1992-11-04,-1.5,-0.3,73,0.90,140,0.75,5.0,33.6,25.9,69
1992-11-05,0.1,3.7,83,1.30,222,0.57,7.0,22.1,15.8,69
1992-11-06,0.7,3.4,83,0.00,256,0.51,0.0,18.4,12.5,67
1992-11-07,0.4,3.6,85,2.10,172,0.33,6.0,18.6,12.3,80
1992-11-08,0.8,2.8,80,0.00,263,0.59,0.0,18.1,16.1,70
1992-11-09,-0.8,1.3,85,0.00,269,0.41,0.0,16.9,11.5,65
1992-11-10,-2.9,4.0,68,0.00,239,0.77,0.0,31.3,16.8,51
1992-11-11,0.4,3.4,54,0.00,267,1.56,0.0,34.6,29.6,48
1992-11-12,-1.4,-0.2,56,0.00,287,1.14,0.0,28.9,20.5,40
1992-11-13,-1.3,0.7,59,0.70,235,0.95,4.0,24.4,17.3,42
1992-11-14,-1.9,-0.7,74,0.80,92,0.38,7.0,19.0,8.9,65
1992-11-15,0.3,3.1,90,0.70,221,0.33,3.0,21.4,16.5,78
1992-11-16,-0.8,0.8,92,0.00,267,0.27,0.0,14.0,11.3,78
1992-11-17,-3.7,-1.8,89,0.00,97,0.22,0.0,11.0,6.8,76
1992-11-18,-4.3,-3.0,83,0.00,150,0.31,0.0,20.7,16.0,75
1992-11-19,-3.4,-1.9,89,0.00,138,0.23,0.0,20.3,14.7,77
1992-11-20,-2.6,-0.4,87,0.30,224,0.24,3.0,11.9,8.0,71
1992-11-21,-3.6,-0.4,86,0.00,142,0.28,0.0,14.5,7.9,73
1992-11-22,-4.3,-1.9,84,1.80,21,0.29,9.0,21.0,17.7,77
1992-11-23,-10.9,-5.3,77,0.00,217,0.26,0.0,14.4,10.7,59
1992-11-24,-8.2,-1.1,70,0.00,246,0.44,0.0,15.8,12.5,62
1992-11-25,-7.1,-0.0,68,0.00,245,0.43,0.0,12.8,10.3,64
1992-11-26,-3.3,3.4,63,0.00,218,0.62,0.0,14.7,10.9,51
1992-11-27,-2.5,2.8,81,0.00,204,0.31,0.0,17.1,11.0,71
1992-11-28,-1.4,1.6,78,0.00,283,0.47,0.0,21.4,16.4,63
1992-11-29,-1.7,3.7,52,0.00,234,1.01,0.0,19.3,15.0,41
1992-11-30,0.3,2.8,73,1.90,246,0.67,4.0,26.7,15.0,54
1992-12-01,-2.0,0.2,69,1.40,276,0.82,4.0,33.7,26.0,60
1992-12-02,-4.7,-2.8,74,0.00,278,0.48,0.0,22.0,17.2,69
1992-12-03,-8.4,-5.0,77,0.00,240,0.23,0.0,11.9,9.1,67
1992-12-04,-7.3,1.5,68,0.00,233,0.53,0.0,19.9,14.1,47
1992-12-05,-2.4,-0.3,58,0.00,276,0.72,0.0,17.6,12.9,49
1992-12-06,-8.1,-5.1,78,0.00,117,0.23,0.0,21.4,15.4,59
1992-12-07,-9.9,-7.9,84,0.00,132,0.16,0.0,15.8,13.1,78
1992-12-08,-9.4,-5.8,86,0.00,132,0.13,0.0,13.8,7.3,77
1992-12-09,-9.6,-6.2,87,0.00,120,0.12,0.0,11.1,6.3,79
1992-12-10,-6.1,-3.1,75,0.00,237,0.31,0.0,15.0,11.9,61
1992-12-11,-9.5,-7.4,80,0.00,245,0.13,0.0,11.2,6.9,74
1992-12-12,-12.3,-8.8,82,0.00,227,0.11,0.0,8.4,6.4,71
1992-12-13,-12.4,-5.5,78,1.80,145,0.26,6.0,22.6,17.3,66
1992-12-14,-0.8,2.3,75,0.00,240,0.64,0.0,31.6,22.4,61
1992-12-15,-5.9,-0.8,75,0.40,328,0.29,4.0,18.2,12.6,69
1992-12-16,-12.7,-10.7,77,0.00,76,0.11,0.0,18.4,8.5,68
1992-12-17,-20.3,-12.3,72,1.20,11,0.13,7.0,19.7,13.6,64
1992-12-18,-26.2,-20.3,69,0.00,247,0.11,0.0,18.5,12.8,54
1992-12-19,-21.4,-18.6,74,0.00,270,0.11,0.0,16.6,9.7,63
1992-12-20,-21.8,-17.9,74,0.00,113,0.09,0.0,10.7,8.7,67
1992-12-21,-18.8,-15.9,77,0.00,226,0.13,0.0,16.9,11.9,71
1992-12-22,-21.8,-17.3,77,0.00,301,0.10,0.0,15.7,11.9,70
1992-12-23,-23.7,-16.5,74,1.80,179,0.12,4.0,21.6,14.2,68
1992-12-24,-16.0,-8.2,76,10.50,301,0.18,12.0,32.6,21.9,67
1992-12-25,-21.7,-17.3,76,0.00,115,0.09,0.0,13.2,8.5,72
1992-12-26,-19.4,-17.9,78,1.30,48,0.11,12.0,16.0,13.5,72
1992-12-27,-31.3,-23.6,69,0.00,337,0.07,0.0,20.7,14.9,60
1992-12-28,-39.3,-34.5,66,0.00,256,0.03,0.0,9.3,6.1,54
1992-12-29,-35.7,-31.4,67,0.00,135,0.03,0.0,7.7,5.0,61
1992-12-30,-36.2,-31.1,68,0.00,203,0.03,0.0,6.2,4.4,57
1992-12-31,-37.0,-29.6,68,0.00,139,0.04,0.0,11.2,8.1,55
1993-01-01,-28.4,-21.5,69,0.00,140,0.10,0.0,15.8,12.0,54
1993-01-02,-19.2,-12.5,79,0.10,262,0.14,1.0,17.3,12.9,72
1993-01-03,-16.8,-13.5,80,0.00,278,0.12,0.0,14.9,11.0,76
1993-01-04,-22.9,-17.7,78,0.00,322,0.08,0.0,13.6,10.9,71
1993-01-05,-24.2,-17.1,71,0.00,255,0.16,0.0,20.9,15.3,46
1993-01-06,-16.0,-12.3,72,0.00,268,0.25,0.0,20.3,17.9,58
1993-01-07,-15.9,-12.7,84,0.00,132,0.11,0.0,15.8,11.1,77
1993-01-08,-20.3,-14.4,81,0.00,77,0.08,0.0,13.3,10.4,74
1993-01-09,-24.8,-18.4,71,0.00,138,0.14,0.0,16.3,13.1,51
1993-01-10,-20.7,-17.6,74,0.00,129,0.17,0.0,18.9,16.9,65
1993-01-11,-23.2,-19.5,77,0.00,216,0.09,0.0,14.3,9.9,71
1993-01-12,-22.2,-19.8,78,0.00,148,0.08,0.0,8.7,4.6,70
1993-01-13,-25.2,-20.0,74,0.00,140,0.10,0.0,11.5,7.4,62
1993-01-14,-24.8,-14.2,73,0.00,159,0.13,0.0,10.9,7.8,52
1993-01-15,-11.7,-8.2,62,0.00,261,0.53,0.0,22.5,19.4,52
1993-01-16,-11.2,-9.5,84,0.00,260,0.19,0.0,18.7,10.0,70
1993-01-17,-15.8,-7.2,78,0.00,234,0.20,0.0,14.1,10.3,61
1993-01-18,-15.1,-6.9,77,0.00,160,0.21,0.0,10.4,8.5,60
1993-01-19,-13.1,-6.8,78,0.00,134,0.27,0.0,16.3,13.6,62
1993-01-20,-4.7,-2.3,74,0.00,194,0.44,0.0,18.9,12.3,69
1993-01-21,-4.5,-3.0,87,3.60,310,0.28,15.0,15.3,11.5,71
1993-01-22,-7.4,-4.6,75,0.00,252,0.42,0.0,18.7,16.5,68
1993-01-23,-10.2,-7.5,77,0.00,261,0.34,0.0,18.1,14.6,62
1993-01-24,-11.4,-6.0,73,0.00,146,0.35,0.0,19.2,13.1,65
1993-01-25,-8.5,-4.4,85,5.70,212,0.17,12.0,19.4,10.6,81
1993-01-26,-14.6,-9.0,81,0.80,17,0.21,4.0,18.3,8.4,70
1993-01-27,-13.6,-9.2,81,3.70,345,0.18,12.0,14.4,10.9,67
1993-01-28,-20.2,-10.8,75,0.00,159,0.23,0.0,15.8,10.9,60
1993-01-29,-5.1,5.4,70,0.00,240,0.82,0.0,28.8,18.5,52
1993-01-30,7.4,9.3,61,0.00,256,1.93,0.0,37.3,28.9,56
1993-01-31,3.3,7.3,78,0.00,226,0.76,0.0,24.9,12.7,61
1993-02-01,1.6,5.9,69,0.00,248,1.09,0.0,29.3,17.7,44
1993-02-02,0.6,5.3,66,0.00,248,1.04,0.0,26.5,15.6,50
1993-02-03,-0.4,3.1,72,0.00,71,0.58,0.0,12.3,8.1,65
1993-02-04,-8.3,-0.4,73,0.20,65,0.39,1.0,19.9,15.6,68
1993-02-05,-8.0,-4.5,84,0.00,112,0.32,0.0,17.7,15.1,74
1993-02-06,-3.4,4.7,79,0.00,226,0.67,0.0,17.0,11.6,62
1993-02-07,0.4,7.1,75,0.00,205,0.65,0.0,10.0,7.7,53
1993-02-08,-1.5,3.1,77,0.00,292,0.56,0.0,16.8,12.5,59
1993-02-09,-10.7,-4.0,67,0.00,29,0.45,0.0,16.8,12.3,57
1993-02-10,-16.0,-12.5,68,0.00,120,0.39,0.0,18.7,16.3,58
1993-02-11,-14.0,-6.4,76,0.00,143,0.45,0.0,18.3,11.7,59
1993-02-12,-12.0,-4.6,75,0.00,270,0.48,0.0,11.9,8.9,58
1993-02-13,-10.7,-6.2,78,0.20,4,0.27,2.0,9.7,6.1,68
1993-02-14,-15.1,-10.3,76,0.00,306,0.29,0.0,17.8,14.4,62
1993-02-15,-19.5,-15.8,73,0.00,301,0.29,0.0,16.9,14.9,61
1993-02-16,-19.0,-13.5,72,0.00,295,0.34,0.0,11.7,4.8,52
1993-02-17,-18.1,-9.9,69,0.00,229,0.40,0.0,17.8,11.0,49
1993-02-18,-9.3,-7.7,81,2.30,317,0.40,16.0,19.4,16.9,63
1993-02-19,-12.6,-8.3,79,0.00,318,0.39,0.0,13.3,7.8,61
1993-02-20,-15.5,-10.5,75,0.00,44,0.34,0.0,12.4,9.9,56
1993-02-21,-18.3,-14.0,68,0.00,72,0.39,0.0,13.2,8.3,54
1993-02-22,-20.0,-14.7,72,0.00,230,0.27,0.0,16.9,8.5,51
1993-02-23,-15.9,-5.7,70,0.00,259,0.57,0.0,16.7,13.0,43
1993-02-24,-10.8,-5.0,65,0.00,248,0.76,0.0,15.7,10.6,49
1993-02-25,-10.4,0.1,63,0.00,192,0.90,0.0,14.1,10.0,35
1993-02-26,-4.7,2.3,54,0.00,249,1.34,0.0,23.0,19.0,39
1993-02-27,1.6,6.8,63,0.20,255,1.66,1.0,29.6,25.3,53
1993-02-28,6.8,9.9,51,0.00,258,2.70,0.0,33.2,28.5,38
1993-03-01,3.4,9.8,68,0.00,227,1.13,0.0,21.4,10.8,45
1993-03-02,2.9,7.0,67,0.00,256,1.54,0.0,23.8,18.4,37
1993-03-03,1.4,8.1,49,0.00,227,1.71,0.0,18.0,8.9,24
1993-03-04,1.1,7.9,54,0.00,131,1.68,0.0,16.8,13.5,32
1993-03-05,2.9,7.6,58,0.00,240,1.58,0.0,24.5,16.1,35
1993-03-06,4.7,9.3,65,0.00,255,1.86,0.0,23.1,19.5,42
1993-03-07,2.9,8.4,61,0.00,266,1.82,0.0,19.1,17.2,43
1993-03-08,1.2,5.6,59,0.00,269,1.26,0.0,12.5,8.1,45
1993-03-09,-0.2,3.3,65,0.00,275,1.35,0.0,15.5,11.5,42
1993-03-10,-1.7,1.9,55,0.00,282,1.38,0.0,15.8,10.8,44
1993-03-11,-3.0,0.2,63,0.30,317,1.18,1.0,17.6,13.0,37
1993-03-12,-3.9,2.2,49,0.00,136,1.41,0.0,11.0,8.1,25
1993-03-13,-4.3,1.4,56,0.00,118,1.26,0.0,16.2,11.8,27
1993-03-14,-4.3,-1.0,61,0.00,112,1.26,0.0,20.1,13.4,37
1993-03-15,-11.1,-2.2,50,0.00,343,1.02,0.0,25.7,20.3,34
1993-03-16,-13.3,-4.6,36,0.00,288,1.16,0.0,26.2,10.8,13
1993-03-17,-7.9,3.0,31,0.00,160,1.76,0.0,12.8,9.4,12
1993-03-18,-4.3,1.2,47,0.00,83,1.53,0.0,16.3,9.2,19
1993-03-19,-3.7,5.0,43,0.00,166,1.81,0.0,13.7,9.7,19
1993-03-20,-1.5,5.8,47,0.00,141,1.80,0.0,18.0,12.2,20
1993-03-21,1.9,10.3,52,0.00,165,2.28,0.0,22.4,12.9,28
1993-03-22,4.9,12.5,63,0.80,182,2.08,2.0,19.9,15.6,39
1993-03-23,5.9,12.1,65,0.60,207,1.51,1.0,20.3,13.1,39
1993-03-24,3.2,8.1,63,1.00,238,2.16,2.0,22.8,18.0,26
1993-03-25,1.9,7.5,42,0.00,255,2.55,0.0,19.1,14.4,26
1993-03-26,2.5,7.5,38,0.00,174,2.14,0.0,13.2,5.3,20
1993-03-27,1.6,6.6,43,0.00,93,2.09,0.0,9.0,7.3,25
1993-03-28,0.7,5.8,58,0.50,119,1.50,3.0,19.6,14.1,28
1993-03-29,1.3,5.8,77,0.10,135,1.30,1.0,20.0,12.8,46
1993-03-30,1.1,5.3,73,0.00,135,1.52,0.0,22.3,16.5,48
1993-03-31,1.6,7.1,69,0.50,143,1.71,1.0,23.6,20.0,50
1993-04-01,2.8,10.1,72,0.20,151,2.21,2.0,16.1,8.0,37
1993-04-02,3.0,9.9,69,0.00,134,2.15,0.0,16.3,11.4,40
1993-04-03,4.8,11.6,82,1.30,166,1.82,7.0,13.1,6.9,48
1993-04-04,3.7,9.8,90,0.70,101,1.38,2.0,13.8,9.8,65
1993-04-05,2.6,7.4,92,3.80,300,0.91,4.0,15.7,10.1,69
1993-04-06,0.7,3.6,84,6.30,324,1.01,17.0,17.1,14.3,61
1993-04-07,-0.2,4.1,72,0.00,297,1.52,0.0,16.0,11.1,46
1993-04-08,0.5,7.1,62,0.00,109,2.06,0.0,20.3,10.9,44
1993-04-09,1.6,6.3,75,3.70,121,1.26,15.0,22.4,17.3,50
1993-04-10,2.0,8.9,81,0.00,110,1.84,0.0,11.1,6.8,43
1993-04-11,3.4,8.6,74,0.90,154,2.06,5.0,13.3,7.3,45
1993-04-12,3.4,9.6,78,0.00,154,2.25,0.0,8.2,4.1,42
1993-04-13,3.0,9.7,80,0.80,148,2.19,4.0,8.5,6.0,49
1993-04-14,5.0,12.9,71,0.00,138,2.73,0.0,14.6,10.5,35
1993-04-15,6.4,13.2,65,0.00,139,2.76,0.0,14.6,9.1,37
1993-04-16,6.7,12.3,72,0.00,243,2.71,0.0,10.9,7.0,38
1993-04-17,6.3,11.4,48,0.00,50,3.29,0.0,10.6,8.6,27
1993-04-18,3.7,10.0,57,0.00,60,2.70,0.0,14.6,10.4,30
1993-04-19,3.4,8.9,65,0.00,83,2.38,0.0,11.6,6.6,35
1993-04-20,5.7,15.3,54,0.00,170,3.34,0.0,11.9,6.3,27
1993-04-21,9.1,17.2,51,0.00,103,3.64,0.0,9.7,5.1,25
1993-04-22,10.3,16.9,54,0.10,249,3.09,1.0,14.8,9.9,26
1993-04-23,5.3,13.0,71,1.10,1,2.02,7.0,17.9,14.7,44
1993-04-24,2.5,6.8,51,0.00,90,2.77,0.0,14.4,12.6,35
1993-04-25,4.4,11.1,59,0.70,119,2.54,3.0,15.9,11.0,37
1993-04-26,4.8,10.7,88,4.20,66,1.10,16.0,11.7,7.9,52
1993-04-27,5.0,10.4,90,0.80,265,1.91,5.0,8.4,6.3,62
1993-04-28,6.5,13.3,74,0.00,219,2.88,0.0,9.7,6.0,44
1993-04-29,8.1,14.4,74,0.50,151,2.65,2.0,10.6,6.5,42
1993-04-30,7.6,13.5,74,0.00,238,3.07,0.0,15.8,11.1,40
1993-05-01,9.4,15.8,57,0.00,173,3.65,0.0,16.4,10.6,31
1993-05-02,8.5,15.6,68,0.80,243,2.40,5.0,27.0,17.6,32
1993-05-03,6.3,11.0,81,6.20,275,2.07,11.0,26.4,18.8,50
1993-05-04,9.3,17.5,61,0.00,121,3.61,0.0,13.0,6.4,35
1993-05-05,13.6,22.4,51,0.00,138,4.87,0.0,19.5,13.2,31
1993-05-06,16.0,21.0,60,0.80,134,4.34,2.0,21.7,17.7,35
1993-05-07,9.5,17.2,96,18.30,260,0.78,21.0,24.1,16.7,83
1993-05-08,6.7,10.1,90,17.20,307,1.26,22.0,25.9,21.7,53
1993-05-09,8.8,14.4,58,0.00,259,3.71,0.0,21.9,15.0,31
1993-05-10,10.9,18.5,53,0.00,143,3.60,0.0,14.0,8.8,32
1993-05-11,15.8,27.7,64,0.00,126,4.89,0.0,22.0,13.1,32
1993-05-12,18.2,27.2,66,0.00,52,4.90,0.0,21.9,14.7,35
1993-05-13,15.6,22.3,51,0.00,46,5.19,0.0,22.3,12.5,30
1993-05-14,13.4,20.2,51,0.00,54,4.72,0.0,16.7,10.7,30
1993-05-15,11.2,17.1,48,0.00,84,4.59,0.0,12.6,8.8,30
1993-05-16,9.7,16.7,55,0.00,49,3.69,0.0,17.8,10.0,31
1993-05-17,9.7,17.0,58,0.00,95,4.01,0.0,16.0,9.7,31
1993-05-18,11.7,17.5,55,0.00,120,3.99,0.0,14.4,11.2,32
1993-05-19,12.9,18.8,59,0.00,106,3.87,0.0,14.1,9.9,37
1993-05-20,14.0,20.3,55,0.00,119,4.64,0.0,21.6,16.8,39
1993-05-21,13.3,20.4,79,2.20,268,2.08,8.0,21.2,14.5,43
1993-05-22,8.0,12.3,75,0.00,341,1.90,0.0,15.0,11.5,59
1993-05-23,9.4,13.2,71,0.00,312,2.37,0.0,10.3,6.9,51
1993-05-24,11.1,14.8,71,0.90,292,3.04,2.0,18.4,9.8,49
1993-05-25,7.5,12.4,64,0.00,93,3.23,0.0,18.4,12.5,46
1993-05-26,7.9,11.9,72,0.40,123,1.93,2.0,13.5,11.3,48
1993-05-27,8.0,13.2,77,0.10,146,2.53,1.0,10.0,6.2,48
1993-05-28,9.5,15.1,71,0.00,98,3.05,0.0,14.5,10.6,45
1993-05-29,11.8,17.0,62,0.00,103,3.31,0.0,13.0,9.3,38
1993-05-30,14.1,21.0,55,0.00,106,4.63,0.0,11.7,9.2,29
1993-05-31,15.0,20.6,55,0.00,120,4.57,0.0,21.4,15.6,32
1993-06-01,15.8,20.4,48,0.00,112,5.72,0.0,20.5,17.4,32
1993-06-02,14.6,20.1,48,0.00,123,5.55,0.0,19.7,15.5,32
1993-06-03,14.2,19.4,45,0.00,143,5.68,0.0,17.1,15.1,29
1993-06-04,15.5,22.1,48,0.00,128,5.45,0.0,13.6,8.5,26
1993-06-05,15.2,22.2,58,0.00,70,4.95,0.0,23.0,12.1,27
1993-06-06,17.3,24.2,56,0.00,146,5.55,0.0,17.0,12.6,28
1993-06-07,19.3,24.1,45,0.00,156,6.36,0.0,18.1,13.6,28
1993-06-08,17.7,24.0,56,0.00,248,4.97,0.0,23.5,17.9,31
1993-06-09,16.6,21.2,53,0.00,287,4.76,0.0,20.3,9.2,30
1993-06-10,14.4,21.0,75,20.60,114,1.89,12.0,23.1,14.1,31
1993-06-11,13.0,18.5,72,0.00,266,4.02,0.0,12.2,5.4,39
1993-06-12,14.5,18.4,67,0.00,26,3.55,0.0,13.0,8.6,39
1993-06-13,15.2,19.2,61,0.00,349,3.56,0.0,12.0,4.5,40
1993-06-14,15.1,18.8,69,3.40,43,3.55,7.0,19.9,6.5,43
1993-06-15,13.1,17.7,56,0.00,66,4.61,0.0,19.6,15.2,30
1993-06-16,14.6,18.4,53,0.00,10,3.96,0.0,11.0,5.6,31
1993-06-17,15.9,21.6,58,0.00,200,4.65,0.0,10.0,7.1,34
1993-06-18,16.1,21.5,71,1.70,216,2.95,5.0,18.1,11.9,43
1993-06-19,15.9,20.4,60,0.00,249,4.69,0.0,22.0,16.9,35
1993-06-20,15.1,20.2,50,0.20,264,5.51,1.0,28.0,17.0,33
1993-06-21,16.5,21.8,55,0.00,100,4.50,0.0,21.7,15.8,34
1993-06-22,14.2,21.3,89,7.90,73,1.27,17.0,33.8,18.1,59
1993-06-23,8.8,10.3,99,63.20,305,0.36,24.0,37.8,32.2,89
1993-06-24,8.5,12.2,91,18.80,336,1.41,22.0,34.9,21.9,70
1993-06-25,12.7,18.9,75,0.00,358,3.93,0.0,12.6,5.7,51
1993-06-26,14.2,19.0,69,0.00,116,3.80,0.0,17.1,13.8,50
1993-06-27,12.2,18.6,74,6.30,119,2.32,5.0,32.8,25.6,55
1993-06-28,11.3,14.1,86,1.10,131,1.83,4.0,33.4,21.1,72
1993-06-29,12.9,16.6,81,0.00,125,2.45,0.0,16.8,8.9,60
1993-06-30,12.7,16.4,89,7.30,7,1.88,12.0,11.2,6.2,64
1993-07-01,13.0,16.1,95,14.50,308,1.41,23.0,15.8,10.3,78
1993-07-02,13.7,18.7,93,5.90,338,2.80,18.0,13.4,9.0,71
1993-07-03,15.3,19.7,86,0.50,29,3.46,3.0,11.5,6.2,67
1993-07-04,15.1,20.0,84,1.40,78,3.65,2.0,13.2,5.6,59
1993-07-05,15.6,20.0,85,4.30,282,3.24,11.0,17.7,9.8,63
1993-07-06,15.2,18.0,90,5.50,286,2.27,17.0,13.8,11.4,75
1993-07-07,15.0,17.9,88,10.80,310,2.73,14.0,16.7,13.4,57
1993-07-08,13.5,18.1,77,3.50,310,2.51,11.0,28.3,17.6,51
1993-07-09,10.1,15.4,83,5.50,338,2.41,14.0,28.1,23.9,47
1993-07-10,12.8,17.4,66,0.00,340,3.95,0.0,19.5,9.1,40
1993-07-11,14.2,17.6,65,0.70,350,3.76,3.0,12.7,7.5,45
1993-07-12,11.7,16.4,82,5.00,11,2.95,14.0,18.4,11.7,60
1993-07-13,12.3,15.3,80,1.90,341,3.22,8.0,10.3,5.0,60
1993-07-14,12.6,18.1,83,1.80,152,2.97,6.0,12.0,8.1,60
1993-07-15,13.3,18.2,90,6.20,75,2.84,9.0,11.0,5.7,72
1993-07-16,13.4,15.7,92,7.60,17,1.95,16.0,11.1,8.8,81
1993-07-17,13.7,19.2,87,1.10,359,3.00,5.0,14.9,4.3,62
1993-07-18,15.9,21.7,80,0.30,162,4.02,2.0,13.8,8.7,54
1993-07-19,15.9,19.7,85,2.10,272,2.84,8.0,12.1,8.6,69
1993-07-20,15.7,20.1,87,0.60,113,2.65,3.0,13.0,9.2,72
1993-07-21,14.5,18.1,98,25.80,47,0.79,22.0,25.1,17.0,83
1993-07-22,15.2,21.5,86,2.60,289,3.35,3.0,18.3,10.3,57
1993-07-23,18.2,22.5,77,0.10,266,4.25,1.0,15.5,9.0,51
1993-07-24,17.5,21.1,75,0.00,255,3.96,0.0,15.5,11.7,55
1993-07-25,16.5,20.6,79,1.10,279,3.11,6.0,18.2,14.1,56
1993-07-26,16.5,19.9,83,0.40,276,3.16,2.0,13.3,11.2,62
1993-07-27,16.6,20.8,79,0.00,288,3.52,0.0,10.8,6.4,59
1993-07-28,17.7,22.2,79,0.00,77,3.66,0.0,8.1,6.1,59
1993-07-29,17.9,23.5,86,15.60,76,2.26,13.0,23.7,14.8,64
1993-07-30,15.9,22.5,81,11.00,278,2.89,13.0,40.0,25.8,52
1993-07-31,13.5,19.0,76,6.10,276,3.12,10.0,39.8,34.1,58
1993-08-01,16.6,19.2,69,2.30,275,3.59,8.0,27.0,23.4,61
1993-08-02,15.7,20.3,90,5.60,304,2.73,12.0,18.9,9.6,72
1993-08-03,16.9,22.9,87,5.80,263,3.55,8.0,10.1,7.5,60
1993-08-04,19.0,23.9,82,0.40,342,3.72,1.0,7.7,3.9,57
1993-08-05,19.8,26.0,79,0.00,168,4.33,0.0,11.2,8.1,49
1993-08-06,20.6,26.4,75,0.40,175,4.36,2.0,17.1,10.9,52
1993-08-07,16.2,21.0,95,36.20,341,1.14,19.0,22.0,15.5,78
1993-08-08,15.4,20.0,90,7.10,18,2.73,13.0,14.8,7.7,60
1993-08-09,14.8,19.6,83,5.50,195,1.99,15.0,20.9,15.4,61
1993-08-10,9.7,14.2,73,0.50,282,2.08,4.0,26.0,22.2,64
1993-08-11,10.2,15.6,73,1.60,295,2.99,8.0,26.0,15.0,50
1993-08-12,14.4,20.3,71,0.00,219,3.58,0.0,16.5,10.1,46
1993-08-13,15.8,19.7,72,0.00,244,3.38,0.0,17.5,12.1,54
1993-08-14,12.7,17.8,80,0.00,338,2.19,0.0,12.5,8.5,58
1993-08-15,13.7,19.8,73,0.00,165,2.98,0.0,10.6,7.2,54
1993-08-16,16.2,22.4,76,0.00,160,3.56,0.0,14.3,7.9,52
1993-08-17,18.4,23.5,73,0.00,149,3.64,0.0,8.4,5.0,47
1993-08-18,19.4,24.6,72,0.00,115,3.77,0.0,5.6,3.4,45
1993-08-19,19.1,24.5,69,0.00,143,3.93,0.0,14.2,10.2,46
1993-08-20,19.3,25.7,72,0.00,138,4.06,0.0,12.1,8.5,48
1993-08-21,20.2,25.3,76,0.00,206,3.70,0.0,11.9,6.6,51
1993-08-22,18.6,22.4,71,0.00,260,3.72,0.0,21.3,15.8,47
1993-08-23,16.4,21.3,78,1.00,135,2.13,4.0,17.3,10.5,50
1993-08-24,11.9,16.7,81,18.90,271,1.39,16.0,31.0,25.2,66
1993-08-25,11.4,13.7,89,9.20,342,1.56,20.0,21.2,14.9,59
1993-08-26,12.3,17.5,73,0.00,243,2.66,0.0,16.1,10.4,53
1993-08-27,14.0,17.1,76,0.10,347,2.65,1.0,12.3,8.0,47
1993-08-28,12.9,16.4,72,0.00,7,2.31,0.0,13.3,6.6,50
1993-08-29,11.7,15.2,80,3.70,294,2.19,8.0,17.1,13.2,58
1993-08-30,12.2,18.1,76,0.40,254,2.67,1.0,16.1,10.9,52
1993-08-31,14.5,17.7,73,0.70,262,2.48,4.0,17.7,13.0,55
1993-09-01,12.7,16.5,95,8.00,315,1.22,22.0,13.6,9.1,72
1993-09-02,14.7,21.8,80,0.10,249,2.92,1.0,18.3,13.6,55
1993-09-03,15.5,20.9,79,0.70,304,2.06,6.0,20.3,14.6,63
1993-09-04,12.8,16.0,83,2.20,335,2.11,9.0,12.2,8.0,63
1993-09-05,12.7,17.5,76,0.00,280,2.57,0.0,12.4,9.5,51
1993-09-06,13.9,19.0,74,0.00,242,2.63,0.0,8.7,5.5,50
1993-09-07,15.3,21.5,70,0.00,231,3.13,0.0,23.8,14.2,49
1993-09-08,17.5,21.2,61,1.70,284,3.35,4.0,32.6,22.1,53
1993-09-09,12.8,17.0,80,0.10,297,2.33,1.0,20.6,12.3,51
1993-09-10,13.9,19.6,68,0.00,180,3.14,0.0,19.8,13.7,52
1993-09-11,11.4,18.6,88,12.80,58,0.73,15.0,26.8,14.1,60
1993-09-12,5.8,8.5,85,4.90,3,1.22,13.0,29.6,17.4,52
1993-09-13,7.0,13.9,72,0.00,174,1.84,0.0,13.6,9.6,50
1993-09-14,9.7,13.1,87,6.10,336,1.05,18.0,15.2,7.8,58
1993-09-15,7.2,10.1,90,4.20,334,1.17,17.0,15.6,13.1,73
1993-09-16,8.3,13.8,75,0.00,265,1.86,0.0,15.5,11.2,56
1993-09-17,10.3,17.8,76,0.00,213,2.38,0.0,11.4,7.8,43
1993-09-18,12.4,17.3,63,0.00,234,2.86,0.0,21.4,14.0,46
1993-09-19,9.6,15.1,64,0.00,340,1.96,0.0,17.0,10.5,42
1993-09-20,7.8,11.2,65,0.00,343,2.01,0.0,12.3,7.2,39
1993-09-21,7.2,14.1,67,0.00,222,2.24,0.0,16.9,10.7,38
1993-09-22,9.9,15.3,61,0.00,255,2.68,0.0,22.0,17.3,48
1993-09-23,11.9,16.9,59,0.00,252,2.76,0.0,22.6,18.0,49
1993-09-24,11.5,16.3,80,2.50,267,1.27,8.0,24.3,10.8,55
1993-09-25,7.3,11.7,87,8.30,305,1.04,16.0,26.5,19.6,56
1993-09-26,9.0,16.4,71,1.20,247,2.27,3.0,37.1,20.7,53
1993-09-27,11.9,14.7,63,0.20,277,2.66,2.0,21.4,17.7,49
1993-09-28,9.4,14.8,70,0.00,266,1.86,0.0,18.2,6.4,45
1993-09-29,12.2,18.2,58,0.20,237,2.88,1.0,36.2,20.4,42
1993-09-30,8.5,13.3,63,0.70,306,2.29,3.0,31.8,25.0,50
1993-10-01,6.1,11.7,71,0.00,280,1.56,0.0,21.2,10.4,50
1993-10-02,11.8,18.2,70,0.00,264,2.36,0.0,21.7,18.5,57
1993-10-03,13.3,17.4,73,0.00,296,1.70,0.0,24.7,13.6,63
1993-10-04,9.5,16.5,76,0.00,124,1.77,0.0,14.3,9.4,63
1993-10-05,9.4,15.1,90,0.80,76,0.88,3.0,20.9,11.7,75
1993-10-06,1.3,7.2,62,0.70,44,1.52,4.0,26.2,16.7,42
1993-10-07,0.6,6.8,71,0.00,176,1.32,0.0,15.3,9.1,51
1993-10-08,2.2,9.6,84,0.00,146,1.19,0.0,9.9,7.4,56
1993-10-09,4.3,10.8,77,0.00,239,1.43,0.0,15.3,11.2,48
1993-10-10,5.0,9.9,79,0.00,274,1.31,0.0,17.1,15.8,62
1993-10-11,6.5,14.0,84,0.00,234,1.32,0.0,11.7,6.1,54
1993-10-12,5.4,12.1,88,0.40,295,0.53,4.0,13.7,9.9,70
1993-10-13,4.3,8.9,88,0.00,142,0.87,0.0,12.7,9.5,67
1993-10-14,4.3,7.5,92,3.80,281,0.34,11.0,15.1,11.2,74
1993-10-15,2.4,4.9,91,0.90,329,0.59,5.0,15.4,7.3,64
1993-10-16,2.3,7.2,80,0.00,237,0.89,0.0,14.2,9.2,57
1993-10-17,3.9,9.4,75,0.00,252,1.19,0.0,20.9,14.3,64
1993-10-18,5.8,10.6,78,0.00,234,0.94,0.0,21.2,14.7,58
1993-10-19,5.5,8.7,64,0.00,281,1.76,0.0,35.8,26.8,42
1993-10-20,3.2,6.7,59,0.00,262,1.54,0.0,25.7,16.0,42
1993-10-21,4.1,8.8,63,0.00,242,1.55,0.0,19.9,16.9,47
1993-10-22,5.5,12.2,73,0.00,189,1.05,0.0,16.8,11.8,54
1993-10-23,7.5,11.3,71,0.00,246,1.50,0.0,24.4,17.3,47
1993-10-24,5.0,9.6,83,4.10,23,0.58,8.0,19.9,12.7,60
1993-10-25,4.1,6.9,84,0.00,277,0.81,0.0,20.0,13.5,62
1993-10-26,4.1,12.3,83,1.60,226,0.84,4.0,26.9,12.8,57
1993-10-27,8.4,12.6,68,8.60,288,1.91,9.0,36.4,29.9,44
1993-10-28,-1.6,1.3,53,0.00,331,1.32,0.0,30.6,20.9,49
1993-10-29,-3.0,1.2,63,0.30,158,0.73,2.0,21.3,16.3,50
1993-10-30,3.2,7.8,79,0.00,239,0.73,0.0,16.2,13.3,60
1993-10-31,3.0,6.1,89,0.90,252,0.25,4.0,20.4,12.1,79
1993-11-01,2.6,5.0,70,0.00,272,1.17,0.0,24.9,21.4,57
1993-11-02,2.4,4.3,84,1.40,248,0.44,6.0,17.9,11.3,67
1993-11-03,0.7,2.2,96,25.10,96,0.18,24.0,30.0,20.6,87
1993-11-04,-5.9,-3.1,83,2.30,333,0.32,9.0,26.3,17.2,73
1993-11-05,-8.4,-0.7,81,0.00,225,0.44,0.0,17.8,11.3,57
1993-11-06,-0.7,0.7,80,2.60,287,0.52,7.0,23.9,20.5,61
1993-11-07,-4.3,-1.5,90,2.00,328,0.23,8.0,15.5,6.2,81
1993-11-08,-3.2,-1.3,93,1.40,47,0.25,8.0,7.3,6.0,83
1993-11-09,-2.1,1.4,89,0.30,243,0.38,2.0,22.0,11.7,71
1993-11-10,-2.5,1.2,85,0.00,258,0.42,0.0,20.5,16.1,73
1993-11-11,0.4,2.6,80,0.10,258,0.54,1.0,20.1,16.7,77
1993-11-12,0.2,1.5,91,2.40,273,0.32,5.0,18.1,12.4,76
1993-11-13,-1.4,-0.8,85,1.40,291,0.39,6.0,28.3,20.3,69
1993-11-14,-1.8,6.6,74,0.20,237,0.77,1.0,34.0,19.6,59
1993-11-15,0.8,5.5,71,0.00,271,1.02,0.0,36.1,22.1,62
1993-11-16,-6.8,-1.3,88,0.30,175,0.26,3.0,13.1,7.7,74
1993-11-17,-4.1,-0.1,74,0.00,238,0.55,0.0,18.5,16.4,62
1993-11-18,-5.1,-2.9,79,1.30,277,0.36,6.0,21.9,15.1,56
1993-11-19,-1.5,4.6,75,3.30,247,0.71,11.0,35.1,22.0,68
1993-11-20,3.4,5.7,69,2.80,271,1.22,12.0,34.9,29.0,62
1993-11-21,-19.6,-11.6,71,0.40,4,0.22,2.0,29.3,18.4,63
1993-11-22,-23.8,-19.5,68,0.00,143,0.15,0.0,11.8,9.4,56
1993-11-23,-21.6,-12.8,62,0.00,177,0.24,0.0,13.5,11.2,49
1993-11-24,-15.1,-3.7,63,0.00,183,0.37,0.0,13.4,10.4,45
1993-11-25,-9.3,-0.8,67,0.00,223,0.37,0.0,11.7,8.4,54
1993-11-26,-7.5,0.9,71,0.00,203,0.40,0.0,16.4,9.9,50
1993-11-27,-1.8,2.2,68,0.00,229,0.66,0.0,24.8,15.3,56
1993-11-28,-4.5,0.7,88,0.00,129,0.24,0.0,21.6,13.7,81
1993-11-29,-3.7,0.2,91,0.00,145,0.18,0.0,18.1,8.0,83
1993-11-30,-2.2,-0.0,90,0.00,262,0.22,0.0,22.7,15.6,80
1993-12-01,-8.3,-2.4,89,0.00,156,0.18,0.0,13.8,10.5,79
1993-12-02,-4.5,1.3,82,0.00,239,0.39,0.0,24.9,16.4,68
1993-12-03,-0.7,4.4,76,0.90,221,0.55,2.0,22.6,16.9,70
1993-12-04,-1.1,2.0,90,0.00,266,0.21,0.0,18.1,12.5,74
1993-12-05,-5.1,-3.0,80,0.00,279,0.32,0.0,19.0,14.9,72
1993-12-06,-9.5,-5.4,71,0.00,241,0.32,0.0,13.5,12.4,60
1993-12-07,-12.1,-6.8,70,0.00,173,0.25,0.0,11.0,9.9,64
1993-12-08,-7.5,-3.0,80,0.00,232,0.19,0.0,11.7,9.1,69
1993-12-09,-11.2,-6.7,91,0.00,113,0.10,0.0,12.8,10.4,85
1993-12-10,-6.0,1.3,88,0.20,137,0.24,2.0,31.6,24.4,79
1993-12-11,0.1,2.6,69,0.40,247,0.64,1.0,26.5,17.7,48
1993-12-12,-3.5,-2.4,80,1.20,37,0.16,7.0,9.8,6.1,72
1993-12-13,-5.9,-2.7,84,0.00,143,0.26,0.0,21.8,14.4,75
1993-12-14,-6.3,-4.2,89,0.10,86,0.11,1.0,14.7,7.4,85
1993-12-15,-5.0,-1.6,91,0.20,268,0.13,2.0,8.4,5.0,84
1993-12-16,-9.4,-4.7,90,0.00,163,0.12,0.0,12.5,9.4,81
1993-12-17,-8.2,-0.9,80,0.00,202,0.26,0.0,16.2,12.9,68
1993-12-18,-1.1,1.3,80,1.40,263,0.43,8.0,25.4,20.8,74
1993-12-19,-5.1,-0.5,86,0.00,263,0.21,0.0,18.2,13.9,79
1993-12-20,-0.0,2.1,72,0.30,276,0.82,2.0,34.2,29.2,61
1993-12-21,-9.4,-2.2,80,0.30,310,0.24,2.0,29.2,13.4,73
1993-12-22,-3.8,-0.6,83,5.60,294,0.22,17.0,27.4,18.7,75
1993-12-23,-10.1,1.8,81,0.00,255,0.30,0.0,29.5,13.4,66
1993-12-24,2.0,2.7,80,0.00,278,0.65,0.0,31.4,23.8,66
1993-12-25,-0.1,0.7,78,0.10,264,0.42,1.0,16.6,14.5,62
1993-12-26,-11.1,-1.2,82,1.70,350,0.13,7.0,18.8,10.9,72
1993-12-27,-17.9,-7.8,80,0.00,171,0.14,0.0,17.0,9.9,68
1993-12-28,-10.3,-7.2,82,0.00,290,0.16,0.0,18.4,12.8,75
1993-12-29,-9.1,-0.0,82,0.00,240,0.33,0.0,27.7,18.1,74
1993-12-30,-4.5,-0.7,84,0.00,275,0.25,0.0,23.4,14.0,77
1993-12-31,-15.2,-6.6,80,1.40,74,0.14,11.0,16.6,14.2,70
1994-01-01,-19.1,-17.8,77,2.30,103,0.13,15.0,16.3,14.2,71
1994-01-02,-19.1,-14.9,80,0.70,135,0.10,4.0,13.4,7.9,74
1994-01-03,-16.3,-14.4,78,4.00,41,0.12,18.0,13.6,11.0,71
1994-01-04,-24.2,-18.9,75,0.00,104,0.11,0.0,20.7,16.9,67
1994-01-05,-23.6,-22.1,72,3.80,85,0.09,20.0,18.8,9.1,66
1994-01-06,-25.5,-22.4,73,0.00,270,0.10,0.0,16.2,12.3,63
1994-01-07,-20.8,-15.6,73,3.40,288,0.16,9.0,26.6,17.8,68
1994-01-08,-26.7,-22.6,73,0.00,110,0.09,0.0,16.8,10.9,65
1994-01-09,-25.4,-22.1,70,4.00,316,0.10,12.0,15.7,12.8,62
1994-01-10,-32.6,-27.6,70,0.00,117,0.06,0.0,13.7,8.6,59
1994-01-11,-24.6,-21.5,71,2.00,102,0.10,12.0,14.2,8.8,66
1994-01-12,-23.1,-20.5,74,4.30,78,0.10,14.0,14.1,9.5,69
1994-01-13,-22.1,-20.7,76,2.30,68,0.08,13.0,9.7,7.5,69
1994-01-14,-22.9,-20.8,74,1.40,95,0.10,9.0,13.0,9.9,66
1994-01-15,-21.7,-21.0,74,5.20,69,0.12,18.0,13.9,11.4,67
1994-01-16,-25.5,-23.0,72,0.80,309,0.11,7.0,19.8,15.2,64
1994-01-17,-27.9,-24.8,71,0.00,277,0.11,0.0,18.6,13.6,60
1994-01-18,-22.6,-18.9,72,3.70,123,0.13,16.0,20.5,13.2,69
1994-01-19,-22.3,-14.9,79,0.00,193,0.11,0.0,15.4,9.3,76
1994-01-20,-13.0,-6.9,78,0.00,258,0.27,0.0,14.9,12.7,73
1994-01-21,-9.7,-7.8,85,2.80,127,0.17,9.0,21.3,12.4,78
1994-01-22,-6.4,-4.8,88,5.50,204,0.17,23.0,18.2,8.2,82
1994-01-23,-6.8,-5.3,91,1.00,70,0.17,5.0,14.7,7.1,82
1994-01-24,-10.2,-7.1,85,3.90,108,0.21,11.0,23.1,19.9,82
1994-01-25,-10.7,-7.7,84,0.70,138,0.24,3.0,18.6,14.1,74
1994-01-26,-8.7,-5.6,88,0.10,208,0.23,1.0,11.9,9.6,80
1994-01-27,-6.0,-2.8,86,0.00,258,0.30,0.0,16.4,14.8,76
1994-01-28,-3.9,-0.7,86,0.00,267,0.38,0.0,23.5,16.3,70
1994-01-29,-4.4,-1.5,86,0.00,305,0.30,0.0,22.6,15.7,73
1994-01-30,-7.6,-4.7,85,0.00,268,0.29,0.0,13.5,10.6,70
1994-01-31,-6.5,-4.4,85,0.40,289,0.26,3.0,22.3,16.4,76
1994-02-01,-7.4,-5.0,86,0.10,288,0.26,1.0,22.5,14.7,77
1994-02-02,-12.6,-6.8,77,0.00,314,0.34,0.0,24.3,18.5,55
1994-02-03,-17.0,-13.8,75,0.00,291,0.27,0.0,20.3,16.4,62
1994-02-04,-14.9,-9.6,76,0.00,274,0.34,0.0,20.7,18.2,68
1994-02-05,-11.8,-9.2,79,3.90,331,0.23,14.0,19.4,13.2,64
1994-02-06,-27.4,-18.2,71,0.00,5,0.14,0.0,18.9,9.9,56
1994-02-07,-32.7,-25.7,66,0.00,173,0.11,0.0,10.7,7.6,48
1994-02-08,-28.0,-20.8,65,0.00,218,0.18,0.0,12.3,8.0,41
1994-02-09,-25.4,-18.8,65,0.00,109,0.19,0.0,11.5,8.5,52
1994-02-10,-22.8,-18.6,72,0.00,141,0.19,0.0,8.0,5.1,57
1994-02-11,-21.4,-17.5,72,0.40,84,0.20,3.0,16.4,9.3,61
1994-02-12,-13.6,-4.7,73,2.20,139,0.39,13.0,17.6,13.9,63
1994-02-13,-6.0,-2.4,75,0.00,224,0.48,0.0,19.4,16.3,70
1994-02-14,-18.6,-13.0,74,0.20,87,0.30,2.0,13.0,9.9,58
1994-02-15,-13.5,-9.5,77,2.90,97,0.29,9.0,16.8,13.3,68
1994-02-16,-19.3,-12.0,75,1.50,310,0.26,3.0,21.1,11.9,62
1994-02-17,-17.6,-15.2,74,2.10,95,0.25,13.0,17.1,13.7,65
1994-02-18,-17.0,-15.4,74,3.00,36,0.22,16.0,13.6,10.7,61
1994-02-19,-20.9,-17.3,70,1.00,318,0.26,6.0,20.9,16.7,54
1994-02-20,-26.6,-22.2,70,0.00,8,0.20,0.0,14.9,9.1,53
1994-02-21,-26.2,-22.8,70,0.60,87,0.18,6.0,18.1,15.5,59
1994-02-22,-23.2,-21.2,72,1.90,91,0.20,12.0,19.2,16.1,62
1994-02-23,-21.3,-19.6,72,0.60,66,0.25,4.0,15.7,12.5,54
1994-02-24,-22.1,-19.8,70,0.00,352,0.26,0.0,11.6,9.9,55
1994-02-25,-25.5,-21.3,68,0.00,103,0.26,0.0,7.4,4.7,53
1994-02-26,-23.1,-18.4,66,0.20,115,0.34,2.0,15.3,10.9,54
1994-02-27,-18.3,-13.2,70,0.40,117,0.36,4.0,18.1,11.0,56
1994-02-28,-13.2,-2.5,72,0.00,137,0.50,0.0,21.1,17.1,60
1994-03-01,0.7,6.3,77,0.00,213,0.97,0.0,22.7,16.2,58
1994-03-02,4.4,7.9,72,0.00,229,1.44,0.0,28.9,16.9,58
1994-03-03,4.2,6.9,67,0.00,243,1.68,0.0,25.4,19.8,50
1994-03-04,0.9,7.0,73,0.00,229,1.37,0.0,19.5,10.3,51
1994-03-05,-0.5,5.0,65,0.20,267,1.35,2.0,35.4,26.1,51
1994-03-06,-5.8,-1.9,67,0.30,296,0.97,2.0,24.3,20.5,49
1994-03-07,-10.3,-5.8,72,0.00,301,0.83,0.0,15.6,8.5,48
1994-03-08,-9.4,0.5,74,0.00,211,0.91,0.0,19.5,12.7,59
1994-03-09,-4.3,2.4,84,1.40,121,0.69,6.0,16.9,10.7,67
1994-03-10,-1.5,4.1,86,0.00,173,1.08,0.0,12.4,7.7,67
1994-03-11,-0.8,4.3,78,0.00,251,1.25,0.0,21.6,14.1,55
1994-03-12,2.5,7.2,72,0.50,236,1.24,2.0,21.3,12.7,55
1994-03-13,5.0,5.7,66,0.10,254,1.86,1.0,34.3,25.0,54
1994-03-14,2.2,5.1,70,0.00,270,1.71,0.0,29.9,24.7,59
1994-03-15,-0.6,5.3,77,0.00,152,1.23,0.0,22.2,13.3,54
1994-03-16,0.8,4.9,86,0.00,147,1.20,0.0,21.7,11.4,64
1994-03-17,0.4,6.4,83,0.00,246,1.35,0.0,10.7,7.0,45
1994-03-18,0.3,5.3,83,0.30,115,1.18,2.0,16.3,10.7,57
1994-03-19,-0.4,3.4,91,16.20,339,0.46,18.0,26.4,12.6,69
1994-03-20,-5.0,-0.9,82,0.90,306,1.17,5.0,23.3,10.2,59
1994-03-21,-6.7,-1.8,77,0.00,80,1.00,0.0,13.7,11.0,58
1994-03-22,-7.6,-1.8,78,0.00,97,1.11,0.0,11.2,9.2,54
1994-03-23,-6.4,0.7,76,0.00,151,1.26,0.0,12.1,7.5,51
1994-03-24,-4.0,4.2,71,0.00,192,1.52,0.0,12.5,9.0,50
1994-03-25,0.2,4.5,71,0.00,268,1.59,0.0,25.8,17.6,54
1994-03-26,0.6,4.2,76,0.00,297,1.68,0.0,22.4,12.2,56
1994-03-27,1.5,6.8,74,0.00,203,1.62,0.0,19.4,13.2,59
1994-03-28,1.6,6.3,73,0.00,304,1.83,0.0,21.9,17.5,53
1994-03-29,1.1,8.0,70,0.00,202,1.96,0.0,15.8,11.6,47
1994-03-30,2.9,10.7,68,0.00,244,2.28,0.0,14.1,6.8,38
1994-03-31,5.3,9.1,68,0.00,262,2.17,0.0,18.2,14.0,53
1994-04-01,1.8,7.8,81,0.00,308,1.04,0.0,16.7,14.4,58
1994-04-02,1.5,8.2,77,0.00,199,1.89,0.0,7.8,5.0,43
1994-04-03,0.6,6.0,75,0.00,354,1.80,0.0,11.0,8.1,45
1994-04-04,-1.2,2.7,51,0.00,18,2.03,0.0,9.6,6.7,36
1994-04-05,-2.7,1.7,50,0.00,344,2.01,0.0,10.2,7.3,38
1994-04-06,-2.5,5.0,53,0.00,131,2.20,0.0,9.7,6.2,36
1994-04-07,-0.1,7.6,59,0.00,119,2.32,0.0,12.7,8.1,30
1994-04-08,2.8,8.5,58,0.00,248,2.42,0.0,6.6,3.9,26
1994-04-09,1.6,8.2,62,0.00,106,2.34,0.0,12.2,9.9,43
1994-04-10,4.2,11.0,71,1.10,193,2.34,4.0,13.8,10.4,45
1994-04-11,7.1,16.3,63,0.00,219,2.68,0.0,17.4,11.2,35
1994-04-12,6.4,15.1,64,0.00,235,2.07,0.0,29.9,16.9,34
1994-04-13,4.3,8.0,50,0.00,258,3.05,0.0,29.3,21.2,32
1994-04-14,2.4,6.1,50,0.00,267,2.86,0.0,24.5,21.1,33
1994-04-15,4.9,10.1,49,0.40,251,3.10,2.0,34.6,20.0,28
1994-04-16,7.5,17.7,57,0.00,219,3.22,0.0,18.9,9.7,31
1994-04-17,9.1,16.5,64,0.00,247,2.64,0.0,20.2,14.2,44
1994-04-18,4.7,10.2,54,0.00,296,3.01,0.0,18.4,11.1,31
1994-04-19,4.1,10.7,51,0.00,128,2.86,0.0,20.2,13.9,31
1994-04-20,8.1,16.4,64,0.00,187,3.46,0.0,16.9,11.7,35
1994-04-21,11.0,19.2,59,0.00,105,3.42,0.0,19.1,10.7,38
1994-04-22,11.5,18.7,64,0.70,223,3.61,2.0,20.9,16.9,37
1994-04-23,6.0,14.3,79,2.00,284,1.39,8.0,18.1,14.6,37
1994-04-24,1.4,5.6,67,0.70,36,2.31,5.0,14.0,10.8,32
1994-04-25,0.8,6.0,49,0.00,59,2.69,0.0,14.4,10.2,32
1994-04-26,2.3,8.7,51,0.00,101,2.66,0.0,11.9,7.9,31
1994-04-27,3.6,8.1,60,0.10,32,2.48,1.0,10.6,8.3,33
1994-04-28,3.2,10.5,70,0.00,135,2.57,0.0,15.8,11.7,39
1994-04-29,7.2,16.0,52,0.00,136,3.76,0.0,16.9,12.7,32
1994-04-30,9.9,18.3,50,0.00,119,4.12,0.0,17.3,13.4,29
1994-05-01,10.4,17.6,50,0.00,159,4.17,0.0,18.4,9.4,30
1994-05-02,11.4,18.8,53,0.00,102,3.98,0.0,9.6,6.2,29
1994-05-03,6.7,17.8,85,7.80,113,1.15,17.0,15.8,10.4,33
1994-05-04,4.7,12.3,83,0.30,131,2.47,2.0,13.2,10.6,39
1994-05-05,8.3,14.6,67,3.40,145,3.26,6.0,15.0,10.8,38
1994-05-06,11.1,18.8,66,0.00,221,3.89,0.0,18.5,14.2,41
1994-05-07,12.4,19.7,46,0.00,274,4.81,0.0,32.3,25.0,27
1994-05-08,9.5,15.6,46,0.00,273,4.29,0.0,25.0,9.2,29
1994-05-09,10.5,18.1,55,1.20,141,2.82,3.0,17.7,11.1,32
1994-05-10,12.0,18.0,54,0.00,266,3.98,0.0,18.7,15.6,38
1994-05-11,13.1,22.2,54,0.00,217,4.41,0.0,11.9,7.7,35
1994-05-12,12.6,21.6,65,3.60,269,3.15,11.0,27.7,16.4,31
1994-05-13,10.0,14.1,45,0.00,264,4.32,0.0,23.5,15.5,31
1994-05-14,10.1,15.0,58,0.00,259,3.82,0.0,18.4,10.4,36
1994-05-15,9.9,14.9,67,0.90,109,2.67,4.0,15.3,10.1,35
1994-05-16,7.3,12.4,82,18.00,62,1.11,17.0,29.4,22.6,55
1994-05-17,4.3,5.9,95,7.20,327,0.65,12.0,18.9,11.4,85
1994-05-18,5.7,12.6,88,5.00,325,1.62,17.0,18.5,14.3,47
1994-05-19,10.2,17.0,61,0.00,178,3.73,0.0,7.9,4.8,32
1994-05-20,10.4,16.2,68,0.70,103,2.91,2.0,13.0,8.5,36
1994-05-21,6.6,12.2,87,4.40,126,1.70,16.0,11.5,6.4,57
1994-05-22,7.5,14.9,78,2.00,144,2.90,5.0,8.1,5.2,49
1994-05-23,12.2,17.9,68,0.00,240,4.11,0.0,17.7,13.0,41
1994-05-24,15.0,21.6,55,0.00,245,4.87,0.0,14.8,10.4,34
1994-05-25,16.4,23.0,62,0.00,142,4.99,0.0,21.9,13.0,36
1994-05-26,16.0,22.9,71,4.40,271,4.43,4.0,20.4,7.5,40
1994-05-27,13.0,20.9,74,4.20,280,3.60,4.0,22.0,15.3,38
1994-05-28,11.1,17.1,47,0.00,231,4.71,0.0,20.5,10.9,27
1994-05-29,12.2,16.4,65,1.20,145,3.26,6.0,12.4,8.0,34
1994-05-30,11.6,15.7,67,0.00,270,3.91,0.0,22.0,15.2,41
1994-05-31,12.7,19.0,51,0.00,213,5.15,0.0,18.4,12.5,34
1994-06-01,14.2,19.1,66,9.70,132,2.88,9.0,27.3,19.5,37
1994-06-02,12.4,17.7,78,6.50,253,3.15,8.0,16.2,11.0,40
1994-06-03,15.0,20.4,61,0.00,164,4.37,0.0,10.5,6.1,40
1994-06-04,16.2,21.5,67,0.00,114,4.62,0.0,14.8,11.9,44
1994-06-05,17.4,21.9,67,0.00,99,4.23,0.0,13.0,7.7,47
1994-06-06,16.4,20.5,70,0.10,121,3.87,1.0,28.4,19.2,51
1994-06-07,15.0,19.2,81,10.00,121,2.10,16.0,29.2,23.2,56
1994-06-08,13.5,14.6,83,1.10,122,1.99,6.0,22.7,19.1,64
1994-06-09,11.3,14.4,84,8.60,231,1.29,13.0,22.0,17.0,70
1994-06-10,14.0,18.6,65,0.10,256,4.26,1.0,22.0,19.3,48
1994-06-11,14.2,18.3,72,0.00,311,3.51,0.0,16.2,10.6,51
1994-06-12,13.5,16.9,77,0.30,80,2.78,3.0,13.1,8.3,57
1994-06-13,11.2,14.5,89,28.80,67,1.03,16.0,30.8,23.5,70
1994-06-14,6.2,9.4,96,23.90,7,0.67,24.0,32.6,28.1,85
1994-06-15,6.8,12.0,84,5.10,5,2.39,12.0,30.4,15.1,53
1994-06-16,10.6,16.0,71,0.30,170,3.38,2.0,9.0,6.4,39
1994-06-17,12.0,16.7,67,0.00,148,3.60,0.0,14.9,10.0,40
1994-06-18,14.5,20.2,68,0.00,165,4.55,0.0,15.0,10.1,44
1994-06-19,15.8,20.0,71,0.60,244,4.20,4.0,20.5,9.4,47
1994-06-20,16.5,20.7,57,0.00,251,5.52,0.0,18.7,17.2,44
1994-06-21,17.2,22.8,62,0.00,246,5.48,0.0,16.5,14.3,39
1994-06-22,18.7,24.2,60,0.00,238,5.72,0.0,18.3,12.5,39
1994-06-23,19.7,24.0,59,0.00,271,5.23,0.0,15.5,12.1,42
1994-06-24,18.1,22.7,74,2.00,334,3.44,5.0,24.8,11.8,50
1994-06-25,16.0,22.3,73,0.00,150,4.20,0.0,18.2,11.9,52
1994-06-26,19.6,25.1,66,0.20,196,5.27,1.0,19.9,13.3,43
1994-06-27,17.7,23.6,73,3.60,307,3.74,9.0,16.8,12.5,52
1994-06-28,14.3,17.8,78,2.30,296,2.46,13.0,13.9,6.8,55
1994-06-29,12.9,16.6,83,3.50,175,2.42,11.0,10.6,7.6,61
1994-06-30,13.8,16.6,79,4.40,271,2.97,13.0,14.5,7.2,63
1994-07-01,14.0,16.7,85,5.20,124,1.69,14.0,28.2,18.7,66
1994-07-02,12.0,14.2,96,25.90,110,0.84,23.0,28.6,16.6,89
1994-07-03,12.9,15.5,94,18.00,332,1.78,23.0,21.5,14.9,82
1994-07-04,12.2,15.6,94,13.40,1,1.45,24.0,22.3,19.7,81
1994-07-05,12.5,17.2,78,0.30,341,2.93,2.0,21.2,13.1,51
1994-07-06,15.2,20.0,72,1.60,212,3.65,4.0,17.8,10.9,52
1994-07-07,17.4,22.9,67,0.00,238,4.99,0.0,14.7,11.4,45
1994-07-08,17.5,22.3,81,5.90,165,3.25,9.0,18.1,11.0,55
1994-07-09,15.9,19.3,77,0.40,269,3.88,2.0,12.3,9.0,49
1994-07-10,14.3,18.8,74,7.30,261,3.07,12.0,20.5,16.3,50
1994-07-11,13.3,17.3,82,7.10,286,2.97,20.0,22.3,12.8,67
1994-07-12,14.9,18.9,85,2.20,323,3.04,10.0,17.0,11.6,68
1994-07-13,16.6,20.6,79,2.20,277,3.64,4.0,14.7,11.5,61
1994-07-14,15.7,20.4,86,4.10,310,3.33,4.0,12.3,6.9,53
1994-07-15,18.2,23.0,73,0.00,227,4.23,0.0,6.7,2.9,51
1994-07-16,18.9,24.8,78,0.50,158,4.58,1.0,7.3,4.2,46
1994-07-17,19.5,23.3,71,0.10,230,4.30,1.0,19.7,13.3,45
1994-07-18,17.3,20.8,71,0.50,254,4.25,1.0,26.8,19.3,56
1994-07-19,18.4,22.1,63,0.10,280,4.96,1.0,23.5,20.7,48
1994-07-20,20.1,26.6,64,0.00,251,5.37,0.0,17.0,11.3,43
1994-07-21,21.1,26.4,71,0.70,236,4.27,2.0,23.7,12.0,47
1994-07-22,18.4,23.1,58,0.00,285,5.40,0.0,18.4,12.8,41
1994-07-23,20.0,26.5,62,0.00,155,5.17,0.0,9.5,7.5,41
1994-07-24,21.9,27.4,64,0.00,134,5.18,0.0,13.8,11.1,43
1994-07-25,22.4,27.7,67,0.00,126,5.07,0.0,15.5,12.1,44
1994-07-26,22.8,28.7,62,0.00,139,5.70,0.0,16.8,13.7,48
1994-07-27,21.4,27.0,79,7.90,256,4.27,4.0,19.9,14.1,56
1994-07-28,19.8,23.5,84,9.00,310,3.27,13.0,14.2,11.1,60
1994-07-29,19.4,25.6,81,0.10,100,4.06,1.0,16.1,12.2,52
1994-07-30,21.7,27.1,71,0.00,123,5.06,0.0,18.0,16.1,53
1994-07-31,19.6,25.1,81,36.20,250,4.09,14.0,20.1,12.8,43
1994-08-01,20.6,25.3,64,0.00,103,4.18,0.0,10.5,5.9,48
1994-08-02,21.1,25.8,80,0.30,239,4.33,2.0,9.7,5.6,52
1994-08-03,22.0,26.3,66,0.00,85,4.85,0.0,11.7,8.4,44
1994-08-04,21.2,25.8,68,0.00,129,4.77,0.0,20.7,17.1,47
1994-08-05,21.5,26.6,74,0.00,128,4.29,0.0,18.1,9.3,54
1994-08-06,19.4,25.3,81,2.10,49,3.13,6.0,18.3,13.6,60
1994-08-07,16.5,19.9,63,0.00,113,3.61,0.0,13.5,10.0,42
1994-08-08,15.6,19.6,64,0.00,148,3.43,0.0,13.5,10.7,42
1994-08-09,15.2,19.0,68,2.20,110,2.82,6.0,15.3,12.3,47
1994-08-10,15.4,19.3,83,4.30,137,2.46,12.0,12.9,6.6,55
1994-08-11,15.1,21.1,83,0.70,249,3.25,3.0,12.3,7.8,52
1994-08-12,17.5,20.8,76,0.20,327,3.13,2.0,14.2,10.4,53
1994-08-13,17.5,24.2,72,0.00,142,4.08,0.0,12.9,10.6,50
1994-08-14,20.7,28.8,76,0.00,139,4.53,0.0,14.5,8.6,53
1994-08-15,21.0,28.1,82,1.90,57,2.62,3.0,16.1,11.1,60
1994-08-16,16.7,20.5,94,16.50,332,1.80,19.0,18.1,7.4,80
1994-08-17,15.8,18.9,88,1.00,4,2.51,8.0,9.9,7.6,72
1994-08-18,17.2,22.1,80,0.10,270,3.20,1.0,15.2,11.9,58
1994-08-19,19.7,24.5,75,0.00,257,3.42,0.0,13.0,6.3,54
1994-08-20,20.5,26.1,73,0.00,132,4.08,0.0,12.2,10.2,49
1994-08-21,19.5,25.5,79,1.60,149,3.21,4.0,17.0,8.5,53
1994-08-22,15.9,18.7,76,1.50,250,2.94,3.0,28.4,19.3,50
1994-08-23,14.9,18.0,53,0.30,255,4.71,1.0,33.7,28.3,47
1994-08-24,14.3,17.7,56,0.00,259,4.31,0.0,28.3,21.7,47
1994-08-25,13.4,17.2,75,0.50,298,2.92,3.0,21.7,8.7,50
1994-08-26,13.6,17.5,77,0.00,279,2.82,0.0,12.0,5.4,52
1994-08-27,15.2,20.7,67,0.00,260,3.59,0.0,14.1,12.3,43
1994-08-28,16.3,23.3,69,0.00,232,3.69,0.0,11.5,9.0,45
1994-08-29,16.0,22.7,78,0.00,82,2.55,0.0,18.7,14.0,51
1994-08-30,13.5,17.3,67,0.00,119,2.91,0.0,17.3,14.9,45
1994-08-31,12.6,17.1,60,0.00,133,3.80,0.0,26.0,20.4,41
1994-09-01,13.4,18.3,50,0.00,140,4.60,0.0,30.8,25.6,38
1994-09-02,15.1,21.0,52,0.00,149,4.42,0.0,27.9,16.9,40
1994-09-03,15.7,21.0,76,1.00,108,2.85,1.0,12.2,7.6,48
1994-09-04,14.1,17.5,78,2.50,309,2.76,6.0,20.5,16.7,45
1994-09-05,14.2,18.8,60,0.00,253,3.43,0.0,20.1,15.8,47
1994-09-06,15.6,23.0,70,0.00,169,3.20,0.0,14.3,9.5,43
1994-09-07,16.8,22.4,68,0.00,160,3.36,0.0,16.4,12.7,47
1994-09-08,15.2,20.5,80,1.60,41,1.81,7.0,16.6,11.5,54
1994-09-09,13.1,17.7,90,6.60,318,1.39,14.0,21.6,11.5,75
1994-09-10,9.4,12.5,77,1.40,306,1.43,8.0,21.9,18.1,60
1994-09-11,9.2,14.1,74,0.80,230,2.12,2.0,18.3,9.9,55
1994-09-12,10.0,17.0,81,1.00,246,2.15,2.0,18.9,14.3,44
1994-09-13,14.0,20.7,67,0.00,229,2.69,0.0,14.9,11.8,48
1994-09-14,14.6,19.7,66,0.30,256,2.70,2.0,30.0,19.8,46
1994-09-15,13.4,21.2,69,0.00,225,2.82,0.0,19.5,11.8,41
1994-09-16,17.9,23.5,57,0.00,248,4.02,0.0,25.2,17.2,43
1994-09-17,17.1,24.4,70,0.00,147,2.96,0.0,15.8,11.0,46
1994-09-18,17.3,23.3,63,0.00,257,3.27,0.0,18.0,13.9,42
1994-09-19,15.4,21.7,63,0.00,238,2.90,0.0,18.4,10.9,42
1994-09-20,12.3,18.7,72,1.50,290,2.46,7.0,27.4,20.3,41
1994-09-21,11.1,19.4,57,0.00,254,3.05,0.0,24.7,14.1,36
1994-09-22,17.6,22.9,51,0.00,250,4.45,0.0,32.2,23.2,35
1994-09-23,17.9,22.1,52,0.00,269,3.54,0.0,25.2,18.1,41
1994-09-24,12.5,18.7,63,0.00,166,2.27,0.0,17.9,10.7,44
1994-09-25,14.9,19.7,67,0.00,194,2.68,0.0,27.7,17.2,38
1994-09-26,13.4,18.5,49,0.00,272,3.60,0.0,28.4,23.2,42
1994-09-27,10.6,16.1,67,3.20,213,1.91,5.0,23.8,14.5,47
1994-09-28,9.9,15.8,62,0.00,295,2.33,0.0,24.4,17.1,49
1994-09-29,6.1,10.3,75,0.00,91,0.93,0.0,14.6,8.0,52
1994-09-30,4.7,6.2,89,3.30,116,0.48,13.0,25.6,17.7,74
1994-10-01,4.8,6.7,95,8.70,147,0.49,19.0,26.4,21.6,75
1994-10-02,4.5,6.3,82,3.20,345,0.86,17.0,27.0,21.6,68
1994-10-03,3.6,7.4,76,0.00,101,1.14,0.0,21.2,13.2,60
1994-10-04,7.1,16.6,71,0.00,162,1.93,0.0,22.8,15.7,46
1994-10-05,11.5,14.4,66,0.00,257,1.98,0.0,24.3,17.7,54
1994-10-06,8.7,12.8,67,0.00,276,2.02,0.0,23.8,15.1,42
1994-10-07,9.0,11.7,59,0.50,265,2.42,2.0,25.9,22.2,47
1994-10-08,7.2,14.2,66,0.00,216,1.67,0.0,17.6,9.5,41
1994-10-09,8.3,12.1,71,0.20,223,0.87,2.0,13.1,8.7,54
1994-10-10,7.1,9.4,78,0.80,276,1.40,3.0,24.2,16.4,45
1994-10-11,4.6,8.2,66,0.00,260,1.44,0.0,15.1,9.8,41
1994-10-12,4.0,9.9,69,0.00,141,1.44,0.0,20.5,14.5,49
1994-10-13,3.9,7.7,74,0.00,152,1.31,0.0,21.9,18.6,60
1994-10-14,3.2,7.1,87,0.00,105,0.68,0.0,16.1,12.6,67
1994-10-15,4.7,6.5,84,0.00,41,0.66,0.0,15.9,11.4,67
1994-10-16,3.3,8.2,85,0.00,138,0.91,0.0,18.0,11.7,59
1994-10-17,5.2,11.0,76,0.00,204,1.18,0.0,25.9,15.6,52
1994-10-18,5.6,8.9,60,0.00,256,1.74,0.0,17.5,15.4,47
1994-10-19,3.7,7.5,78,0.80,200,0.55,4.0,9.8,7.6,57
1994-10-20,4.2,10.6,86,0.00,211,0.94,0.0,14.5,10.5,56
1994-10-21,3.3,7.1,92,8.40,42,0.25,16.0,16.6,9.5,75
1994-10-22,1.2,4.9,88,0.00,313,0.57,0.0,20.2,11.5,64
1994-10-23,1.3,6.0,83,0.00,215,0.82,0.0,13.6,10.0,63
1994-10-24,1.1,6.4,81,0.00,154,0.79,0.0,23.5,14.9,56
1994-10-25,2.7,9.6,81,0.00,147,0.81,0.0,18.7,10.5,54
1994-10-26,6.8,10.1,65,0.80,182,1.27,2.0,24.1,15.5,49
1994-10-27,5.0,8.4,63,0.00,253,1.52,0.0,26.8,18.8,48
1994-10-28,4.2,6.7,59,0.00,271,1.79,0.0,32.8,27.5,50
1994-10-29,2.5,4.5,60,0.00,278,1.61,0.0,29.2,26.1,50
1994-10-30,0.7,3.8,70,0.00,239,0.73,0.0,17.8,7.4,48
1994-10-31,-0.2,2.2,83,0.00,170,0.47,0.0,18.1,10.3,70
1994-11-01,-1.4,0.2,83,3.10,44,0.43,16.0,22.1,18.8,71
1994-11-02,-5.0,-2.3,76,0.00,329,0.49,0.0,19.6,13.5,61
1994-11-03,-6.8,-0.5,77,0.00,199,0.54,0.0,16.6,11.8,48
1994-11-04,-0.5,3.3,67,0.60,208,0.90,4.0,28.6,17.2,52
1994-11-05,-0.2,4.1,56,0.00,239,1.08,0.0,24.1,15.6,43
1994-11-06,-3.0,1.2,74,0.00,184,0.43,0.0,9.0,5.9,56
1994-11-07,-1.2,3.2,67,0.00,252,0.83,0.0,17.4,13.9,46
1994-11-08,0.5,5.7,64,0.00,228,1.02,0.0,24.0,15.6,48
1994-11-09,-2.9,0.7,81,0.00,124,0.34,0.0,14.5,10.8,68
1994-11-10,-3.1,1.1,85,0.00,266,0.41,0.0,17.7,14.0,65
1994-11-11,-0.3,4.0,85,1.40,174,0.37,4.0,17.0,13.0,72
1994-11-12,0.3,2.1,87,0.00,253,0.46,0.0,14.4,11.0,56
1994-11-13,-1.3,2.2,61,0.00,242,0.99,0.0,25.1,17.3,48
1994-11-14,-0.5,3.5,65,0.00,217,0.69,0.0,14.2,11.0,60
1994-11-15,-3.0,-0.1,86,0.60,16,0.24,6.0,13.4,8.0,73
1994-11-16,-4.5,-2.7,85,0.10,89,0.22,1.0,9.7,6.5,73
1994-11-17,-6.2,-3.7,79,0.00,323,0.28,0.0,17.7,12.8,58
1994-11-18,-10.3,-2.8,58,0.00,227,0.58,0.0,20.5,13.9,44
1994-11-19,-1.5,-0.3,77,0.50,270,0.50,2.0,22.2,15.1,58
1994-11-20,-6.3,-2.3,81,6.80,20,0.32,16.0,22.7,17.1,66
1994-11-21,-10.8,-4.3,77,0.00,258,0.36,0.0,20.5,16.7,65
1994-11-22,-3.3,2.1,68,0.00,236,0.68,0.0,20.7,16.0,57
1994-11-23,-0.4,1.4,72,1.30,244,0.64,8.0,30.6,17.9,61
1994-11-24,-10.1,-2.0,78,0.10,311,0.23,1.0,26.2,10.4,66
1994-11-25,-18.9,-15.4,74,0.00,108,0.21,0.0,27.1,21.8,69
1994-11-26,-14.8,-13.3,78,3.80,126,0.21,15.0,23.1,12.9,71
1994-11-27,-17.5,-7.6,78,0.00,179,0.18,0.0,9.2,7.4,60
1994-11-28,-7.7,-2.8,79,0.00,256,0.35,0.0,22.4,15.9,70
1994-11-29,-8.1,-4.1,80,0.10,205,0.25,1.0,21.3,13.7,73
1994-11-30,-8.3,-6.4,88,4.80,81,0.16,11.0,21.1,14.0,78
1994-12-01,-13.4,-6.7,82,7.80,314,0.12,6.0,17.6,12.5,69
1994-12-02,-23.7,-21.3,71,1.70,313,0.12,10.0,16.6,14.5,66
1994-12-03,-26.7,-21.5,71,0.00,262,0.11,0.0,16.9,12.3,51
1994-12-04,-28.1,-21.2,71,0.00,141,0.09,0.0,14.3,10.8,56
1994-12-05,-20.9,-15.4,71,0.00,134,0.20,0.0,23.4,19.0,64
1994-12-06,-16.0,-12.8,78,0.00,136,0.24,0.0,29.5,25.2,73
1994-12-07,-14.3,-11.0,82,0.00,222,0.14,0.0,15.6,10.2,77
1994-12-08,-15.8,-12.8,84,0.10,99,0.09,1.0,14.5,8.9,78
1994-12-09,-18.4,-13.5,80,2.20,316,0.10,9.0,17.4,12.8,72
1994-12-10,-24.2,-18.4,77,0.00,132,0.09,0.0,22.1,12.7,72
1994-12-11,-14.1,-11.1,82,1.70,245,0.13,5.0,20.4,10.3,71
1994-12-12,-12.6,-5.5,81,0.00,142,0.16,0.0,12.9,10.3,65
1994-12-13,-10.4,-7.2,80,0.00,228,0.20,0.0,13.8,12.5,70
1994-12-14,-14.1,-8.9,84,0.00,165,0.09,0.0,12.2,10.0,76
1994-12-15,-15.1,-8.0,78,0.00,153,0.14,0.0,12.7,9.1,64
1994-12-16,-14.1,-9.5,87,0.00,257,0.08,0.0,10.5,6.6,76
1994-12-17,-11.6,-8.4,85,0.00,131,0.14,0.0,17.1,13.2,74
1994-12-18,-8.4,-2.8,84,0.00,138,0.18,0.0,17.8,13.1,78
1994-12-19,-5.5,1.2,83,0.00,146,0.29,0.0,17.6,14.2,65
1994-12-20,0.4,4.0,81,0.30,207,0.38,2.0,23.7,14.2,71
1994-12-21,-0.5,3.1,76,0.00,233,0.51,0.0,23.0,16.3,66
1994-12-22,-2.6,2.7,75,0.00,183,0.42,0.0,17.0,13.2,62
1994-12-23,-2.1,2.0,81,0.00,167,0.22,0.0,14.5,9.0,69
1994-12-24,-5.4,-1.8,81,0.00,109,0.22,0.0,18.7,14.0,69
1994-12-25,-5.9,-2.4,85,0.00,227,0.21,0.0,17.0,13.4,75
1994-12-26,-8.7,-5.5,84,0.00,116,0.14,0.0,14.8,9.4,81
1994-12-27,-7.2,-3.9,90,0.80,215,0.11,5.0,8.2,5.1,83
1994-12-28,-7.7,-5.0,87,5.00,100,0.15,15.0,22.9,17.9,81
1994-12-29,-11.3,-10.6,87,0.40,296,0.11,4.0,18.7,13.3,80
1994-12-30,-15.9,-12.4,83,0.00,277,0.10,0.0,14.0,9.3,71
1994-12-31,-14.2,-9.5,74,0.00,216,0.22,0.0,16.8,13.4,63
1995-01-01,-13.4,-11.2,81,0.00,274,0.13,0.0,13.0,10.6,78
1995-01-02,-17.8,-13.9,82,0.00,167,0.08,0.0,10.0,6.5,74
1995-01-03,-18.9,-15.8,80,0.00,130,0.12,0.0,15.0,13.0,71
1995-01-04,-17.9,-12.0,74,0.00,218,0.18,0.0,14.3,11.0,61
1995-01-05,-17.2,-14.0,81,0.00,275,0.11,0.0,12.1,9.9,76
1995-01-06,-20.7,-16.5,80,0.00,193,0.08,0.0,8.5,5.7,74
1995-01-07,-16.8,-14.4,83,0.00,278,0.12,0.0,17.5,12.8,77
1995-01-08,-20.9,-15.4,79,0.00,106,0.08,0.0,17.5,10.1,73
1995-01-09,-20.0,-16.1,78,0.00,123,0.14,0.0,20.5,15.1,71
1995-01-10,-15.7,-13.3,82,0.00,116,0.13,0.0,14.8,12.9,76
1995-01-11,-13.9,-9.9,83,0.00,109,0.14,0.0,11.0,8.0,71
1995-01-12,-13.0,-10.0,83,1.10,112,0.11,5.0,11.3,8.8,77
1995-01-13,-10.2,-7.8,86,0.00,110,0.14,0.0,11.0,7.5,81
1995-01-14,-8.3,-8.0,87,0.00,107,0.15,0.0,15.0,14.1,79
1995-01-15,-9.8,-8.3,86,0.00,121,0.14,0.0,13.2,9.8,77
1995-01-16,-8.9,-6.8,87,0.00,129,0.15,0.0,8.2,6.9,77
1995-01-17,-12.1,-8.1,86,0.00,135,0.16,0.0,12.1,9.4,76
1995-01-18,-10.3,-7.9,87,0.00,128,0.17,0.0,16.8,13.8,75
1995-01-19,-7.4,-1.0,82,1.20,166,0.31,5.0,18.5,12.6,65
1995-01-20,-5.7,-1.4,78,0.00,249,0.33,0.0,16.3,9.9,61
1995-01-21,-7.9,-3.2,77,0.00,128,0.26,0.0,8.7,6.9,61
1995-01-22,-10.4,-6.1,78,0.00,166,0.23,0.0,9.8,6.6,56
1995-01-23,-8.7,-4.9,70,0.00,267,0.41,0.0,13.3,10.8,61
1995-01-24,-12.0,-7.4,75,0.00,156,0.24,0.0,8.0,5.9,54
1995-01-25,-14.4,-10.4,80,0.00,126,0.21,0.0,15.0,11.0,65
1995-01-26,-15.4,-8.7,76,0.00,349,0.19,0.0,6.5,4.1,61
1995-01-27,-9.5,-3.8,80,0.00,86,0.24,0.0,6.6,4.8,67
1995-01-28,-9.5,-2.7,86,0.00,131,0.27,0.0,18.1,10.4,74
1995-01-29,-4.5,2.3,83,0.00,139,0.42,0.0,22.7,14.7,67
1995-01-30,1.5,3.4,75,0.00,263,0.81,0.0,28.8,20.1,67
1995-01-31,-2.6,2.6,85,0.00,149,0.40,0.0,11.2,8.4,74
1995-02-01,0.3,5.5,89,0.80,191,0.52,4.0,16.7,10.7,63
1995-02-02,-3.1,3.5,81,1.10,300,0.44,5.0,21.0,14.2,72
1995-02-03,-9.3,-0.2,87,1.50,155,0.20,5.0,18.1,12.1,83
1995-02-04,-0.4,1.2,78,0.00,267,0.76,0.0,25.9,21.6,72
1995-02-05,-4.1,1.0,84,0.00,266,0.50,0.0,19.4,9.4,64
1995-02-06,-7.5,-2.0,83,0.00,119,0.37,0.0,13.8,10.9,68
1995-02-07,-3.1,0.8,88,1.40,242,0.48,5.0,18.1,13.7,72
1995-02-08,-1.8,1.7,83,0.10,263,0.57,1.0,21.7,15.4,64
1995-02-09,-4.3,1.0,73,1.00,310,0.68,6.0,30.6,22.6,63
1995-02-10,-17.0,-11.4,75,0.00,311,0.29,0.0,22.4,18.5,67
1995-02-11,-21.5,-17.4,77,0.00,315,0.18,0.0,13.2,9.0,67
1995-02-12,-21.7,-18.4,76,0.00,295,0.20,0.0,16.5,13.7,69
1995-02-13,-19.7,-10.9,73,0.00,251,0.35,0.0,13.0,9.8,48
1995-02-14,-18.1,-11.9,74,0.00,305,0.25,0.0,8.9,7.8,56
1995-02-15,-19.1,-15.6,74,0.00,71,0.24,0.0,10.3,7.2,59
1995-02-16,-19.2,-15.9,73,0.00,349,0.25,0.0,12.3,9.6,57
1995-02-17,-20.4,-11.9,72,0.00,133,0.30,0.0,15.8,11.0,61
1995-02-18,-14.3,-11.4,79,0.00,64,0.26,0.0,20.0,7.9,67
1995-02-19,-7.9,1.6,78,1.80,123,0.75,5.0,24.1,17.9,62
1995-02-20,-3.3,3.6,84,0.60,132,0.48,2.0,20.2,12.6,71
1995-02-21,2.7,4.4,66,0.00,254,1.41,0.0,25.8,20.2,49
1995-02-22,-0.9,3.1,66,0.00,263,1.24,0.0,32.0,22.8,59
1995-02-23,-5.4,-0.5,79,0.30,239,0.57,2.0,18.8,11.2,62
1995-02-24,-4.4,-2.0,88,3.10,120,0.36,9.0,20.4,15.9,81
1995-02-25,-8.5,-2.7,80,1.90,259,0.43,7.0,32.4,22.9,57
1995-02-26,-19.1,-13.3,69,0.00,301,0.37,0.0,21.7,17.4,54
1995-02-27,-22.3,-15.6,70,0.00,269,0.36,0.0,11.1,8.1,54
1995-02-28,-19.3,-11.3,68,0.00,257,0.53,0.0,9.5,5.5,42
1995-03-01,-15.0,-6.1,65,0.00,247,0.63,0.0,17.7,12.4,54
1995-03-02,-7.2,-4.9,77,0.10,273,0.61,1.0,21.0,15.5,67
1995-03-03,-16.0,-5.5,70,0.00,58,0.41,0.0,19.5,14.5,51
1995-03-04,-21.3,-17.8,65,0.00,77,0.37,0.0,13.2,10.2,52
1995-03-05,-22.4,-15.6,69,0.00,138,0.40,0.0,10.2,8.6,51
1995-03-06,-19.5,-15.2,72,0.00,216,0.40,0.0,11.7,8.8,54
1995-03-07,-19.8,-11.8,71,0.00,126,0.48,0.0,14.4,8.1,53
1995-03-08,-16.4,-10.8,73,0.00,127,0.53,0.0,18.9,14.0,56
1995-03-09,-12.4,-6.4,78,0.00,106,0.56,0.0,21.4,12.6,61
1995-03-10,-5.2,2.7,79,1.30,138,1.13,5.0,27.6,16.7,63
1995-03-11,-0.7,2.5,86,0.10,96,0.70,1.0,18.2,13.6,67
1995-03-12,1.6,5.8,77,0.00,249,1.35,0.0,17.5,12.0,48
1995-03-13,-0.6,4.4,79,2.90,85,0.76,7.0,19.5,12.2,58
1995-03-14,1.1,3.6,88,0.00,136,1.00,0.0,24.5,22.9,71
1995-03-15,2.2,7.3,79,0.00,155,1.43,0.0,32.1,17.3,48
1995-03-16,1.5,5.5,87,1.80,302,0.75,7.0,12.4,10.4,60
1995-03-17,-1.4,4.6,86,0.00,82,1.24,0.0,8.7,6.9,58
1995-03-18,-0.3,5.5,84,0.00,127,1.24,0.0,15.3,14.4,61
1995-03-19,2.0,7.8,82,0.00,173,1.57,0.0,15.8,10.8,58
1995-03-20,1.4,8.0,72,0.00,154,1.51,0.0,24.1,14.0,58
1995-03-21,2.9,7.0,83,7.10,132,1.11,14.0,23.2,16.6,64
1995-03-22,-1.9,5.1,81,0.30,305,1.01,2.0,16.0,11.2,62
1995-03-23,-7.4,-1.0,74,1.70,55,0.79,4.0,17.2,12.2,63
1995-03-24,-0.8,1.4,86,6.30,79,0.66,14.0,22.5,13.5,70
1995-03-25,-7.3,-1.6,76,0.20,323,1.20,2.0,20.7,10.5,50
1995-03-26,-6.9,0.8,64,0.00,123,1.30,0.0,16.9,13.6,41
1995-03-27,-2.7,4.0,59,0.00,101,1.84,0.0,13.6,10.0,39
1995-03-28,-1.4,6.6,62,0.00,104,1.93,0.0,14.4,9.5,35
1995-03-29,0.6,9.4,72,0.00,96,1.79,0.0,9.7,6.2,38
1995-03-30,2.8,7.9,76,0.90,64,1.18,3.0,8.2,4.4,56
1995-03-31,2.0,8.1,84,0.00,111,1.58,0.0,12.1,8.4,60
1995-04-01,2.2,7.3,86,1.90,142,1.06,4.0,19.3,13.5,65
1995-04-02,2.7,5.5,72,3.40,284,1.58,12.0,27.7,21.3,57
1995-04-03,-10.2,0.6,52,0.00,54,1.37,0.0,24.0,14.5,38
1995-04-04,-6.1,-0.3,63,1.60,118,1.25,8.0,17.9,15.5,40
1995-04-05,-1.1,4.3,81,3.00,300,1.44,11.0,20.3,10.0,50
1995-04-06,-1.5,5.9,73,0.00,109,1.86,0.0,12.3,9.4,49
1995-04-07,0.2,5.5,73,0.00,103,1.56,0.0,25.5,19.1,52
1995-04-08,-2.5,2.5,72,0.00,121,1.32,0.0,27.1,23.2,63
1995-04-09,-0.5,5.6,73,0.00,142,1.57,0.0,19.4,11.1,58
1995-04-10,2.8,11.1,74,0.00,197,2.17,0.0,12.6,8.9,31
1995-04-11,2.9,11.1,76,1.80,195,1.34,9.0,24.7,14.6,29
1995-04-12,2.0,4.8,86,9.10,281,1.29,22.0,22.7,17.9,70
1995-04-13,0.9,4.2,90,2.40,97,0.77,5.0,22.2,13.5,73
1995-04-14,1.6,4.0,89,8.90,29,1.17,17.0,22.7,13.9,67
1995-04-15,0.7,3.7,81,0.00,288,1.37,0.0,18.9,14.9,61
1995-04-16,0.6,5.9,67,0.00,243,2.29,0.0,14.3,7.7,47
1995-04-17,2.9,10.6,65,0.00,127,2.69,0.0,15.5,12.5,28
1995-04-18,4.7,12.2,64,0.00,123,2.94,0.0,14.1,8.7,31
1995-04-19,5.4,12.1,71,0.00,122,2.59,0.0,11.8,8.8,33
1995-04-20,6.2,12.5,68,0.00,119,2.81,0.0,16.0,13.2,34
1995-04-21,6.7,12.6,57,0.00,126,2.90,0.0,15.1,8.9,35
1995-04-22,5.2,10.0,83,1.60,297,2.28,7.0,11.3,9.1,54
1995-04-23,7.0,16.0,69,0.00,160,3.23,0.0,10.7,7.4,30
1995-04-24,7.4,15.9,73,1.70,312,1.80,8.0,18.6,14.3,34
1995-04-25,4.3,9.6,69,0.00,8,2.30,0.0,13.6,7.1,37
1995-04-26,6.6,11.4,53,0.00,55,2.70,0.0,11.5,7.0,30
1995-04-27,4.4,10.5,55,0.00,40,2.76,0.0,13.6,10.6,34
1995-04-28,4.0,8.8,72,0.00,68,1.49,0.0,12.4,11.2,51
1995-04-29,3.3,7.8,62,0.00,109,2.26,0.0,20.8,15.8,45
1995-04-30,3.9,8.8,68,0.40,104,2.42,2.0,16.2,11.7,47
1995-05-01,4.3,9.9,73,0.30,101,2.49,1.0,11.1,7.4,43
1995-05-02,5.9,11.6,60,0.00,80,2.89,0.0,9.5,6.5,36
1995-05-03,4.8,11.4,67,0.50,49,2.82,3.0,16.7,11.8,35
1995-05-04,5.0,12.8,51,0.00,112,3.41,0.0,12.5,8.2,35
1995-05-05,8.4,15.3,62,0.00,147,3.43,0.0,16.7,11.0,38
1995-05-06,10.2,14.5,73,3.50,222,3.08,8.0,14.1,8.6,37
1995-05-07,9.4,16.0,64,0.10,347,3.78,1.0,8.9,6.5,36
1995-05-08,11.0,18.5,59,0.00,142,4.23,0.0,10.4,7.1,31
1995-05-09,12.6,19.0,56,0.00,138,4.62,0.0,15.7,11.7,34
1995-05-10,14.9,21.3,58,0.00,117,4.54,0.0,13.0,10.2,33
1995-05-11,14.2,20.3,61,0.00,68,4.19,0.0,17.1,13.6,39
1995-05-12,11.2,17.8,45,0.00,76,4.88,0.0,20.4,11.7,28
1995-05-13,11.4,17.8,52,0.00,276,4.23,0.0,13.6,7.9,28
1995-05-14,10.3,17.6,63,3.80,126,2.64,6.0,18.9,12.4,35
1995-05-15,9.2,14.1,86,1.50,134,1.88,5.0,18.4,11.6,54
1995-05-16,12.1,19.2,73,1.10,163,3.65,4.0,13.8,9.6,42
1995-05-17,12.5,19.1,66,0.40,252,3.65,2.0,21.2,13.4,42
1995-05-18,7.6,13.9,74,0.80,298,2.07,6.0,20.4,14.9,50
1995-05-19,7.0,11.2,73,0.10,279,2.68,1.0,18.1,12.7,49
1995-05-20,6.5,10.3,73,1.30,315,2.78,2.0,17.6,8.4,37
1995-05-21,8.3,13.6,51,0.00,330,3.81,0.0,10.7,6.2,33
1995-05-22,11.1,17.6,53,0.00,254,4.37,0.0,10.5,7.9,34
1995-05-23,12.5,18.8,49,0.00,125,4.83,0.0,16.0,12.3,29
1995-05-24,9.9,18.6,71,1.90,329,2.11,5.0,18.9,12.6,30
1995-05-25,7.7,12.2,57,0.00,7,3.18,0.0,15.3,6.3,32
1995-05-26,9.4,18.3,51,0.00,169,4.30,0.0,13.9,8.9,29
1995-05-27,15.2,25.7,50,0.00,171,5.43,0.0,13.6,8.5,29
1995-05-28,19.8,26.1,48,0.00,243,6.20,0.0,16.4,13.0,27
1995-05-29,20.1,26.1,49,0.00,251,5.70,0.0,15.6,10.4,27
1995-05-30,17.4,23.9,50,0.40,273,4.54,3.0,17.9,12.1,34
1995-05-31,15.6,19.7,45,0.00,262,5.74,0.0,20.2,15.5,29
1995-06-01,15.9,20.7,50,0.00,224,4.90,0.0,15.1,9.7,29
1995-06-02,17.3,23.6,54,2.20,114,4.06,3.0,12.3,7.0,34
1995-06-03,15.5,20.8,84,6.00,269,2.98,6.0,12.0,6.4,43
1995-06-04,17.9,24.5,63,0.00,117,4.52,0.0,8.4,5.5,34
1995-06-05,18.4,24.1,65,0.00,79,4.60,0.0,19.6,15.6,36
1995-06-06,16.9,20.2,64,0.30,64,4.66,2.0,23.4,19.6,29
1995-06-07,14.2,19.4,47,0.00,103,5.55,0.0,17.9,13.3,30
1995-06-08,14.8,21.1,51,0.00,167,5.31,0.0,11.7,8.0,30
1995-06-09,17.0,23.4,46,0.00,152,6.03,0.0,15.2,11.9,27
1995-06-10,18.8,24.6,43,0.00,134,6.67,0.0,22.9,16.1,27
1995-06-11,20.0,25.8,43,0.00,125,6.64,0.0,22.7,18.3,27
1995-06-12,18.9,25.6,57,2.20,166,4.64,4.0,17.9,10.9,27
1995-06-13,16.3,20.0,78,2.40,236,2.99,4.0,15.3,9.0,61
1995-06-14,14.8,21.0,61,0.00,253,5.02,0.0,21.8,17.9,31
1995-06-15,16.7,21.7,67,1.90,126,3.99,5.0,11.7,6.8,31
1995-06-16,17.9,23.5,71,0.70,153,4.06,2.0,11.2,4.9,40
1995-06-17,16.3,21.1,91,6.70,112,1.83,12.0,12.8,7.2,61
1995-06-18,17.6,20.8,77,0.00,290,3.55,0.0,16.1,11.8,55
1995-06-19,14.6,20.0,92,13.40,343,0.93,23.0,14.8,12.9,61
1995-06-20,12.1,13.1,95,8.70,324,0.71,24.0,19.4,12.7,92
1995-06-21,9.9,12.4,90,12.60,301,1.12,24.0,22.9,20.7,73
1995-06-22,13.9,21.5,73,0.00,285,4.00,0.0,15.9,7.1,40
1995-06-23,17.7,24.5,63,0.00,158,5.36,0.0,13.3,9.3,40
1995-06-24,19.0,24.9,68,6.40,176,4.27,8.0,20.1,10.2,47
1995-06-25,14.9,18.7,84,6.10,267,2.84,10.0,15.9,12.1,46
1995-06-26,12.1,17.5,75,4.10,274,3.34,6.0,31.7,23.0,49
1995-06-27,15.8,21.0,63,0.00,264,4.79,0.0,19.1,11.9,42
1995-06-28,16.0,20.9,63,0.00,1,4.42,0.0,16.5,12.4,38
1995-06-29,15.9,21.7,62,0.00,173,4.10,0.0,13.0,8.2,40
1995-06-30,18.1,22.2,67,0.00,80,4.48,0.0,10.7,6.5,44
1995-07-01,17.5,22.1,80,4.30,137,3.44,9.0,16.1,10.0,52
1995-07-02,16.2,19.5,84,5.40,97,2.60,10.0,15.7,14.0,64
1995-07-03,15.7,19.6,80,1.10,59,3.32,3.0,17.5,13.7,55
1995-07-04,13.9,19.4,90,11.90,76,1.27,12.0,24.7,15.5,56
1995-07-05,12.4,17.1,79,2.00,14,2.68,4.0,22.1,9.2,51
1995-07-06,14.4,18.1,77,2.50,158,3.16,7.0,11.5,6.4,51
1995-07-07,15.8,21.2,72,0.00,98,4.03,0.0,8.3,5.6,41
1995-07-08,18.0,23.4,71,0.00,211,4.49,0.0,15.6,8.9,43
1995-07-09,18.9,23.3,71,0.00,252,4.39,0.0,15.2,10.5,47
1995-07-10,18.6,23.5,77,6.20,99,2.78,10.0,17.7,11.5,47
1995-07-11,16.7,20.2,79,2.00,267,4.08,3.0,20.4,15.4,45
1995-07-12,15.5,19.9,73,5.10,270,3.51,13.0,22.5,16.9,45
1995-07-13,16.3,21.2,76,1.00,241,4.02,3.0,12.2,9.5,46
1995-07-14,17.5,21.3,68,0.00,250,4.32,0.0,24.0,16.3,47
1995-07-15,16.3,19.6,74,8.20,269,3.25,10.0,22.7,17.6,53
1995-07-16,17.4,22.1,66,0.60,262,4.63,3.0,19.2,14.6,46
1995-07-17,18.2,21.9,63,1.10,275,4.60,2.0,19.5,12.7,47
1995-07-18,16.7,21.2,80,8.00,288,3.52,15.0,14.4,9.9,50
1995-07-19,19.2,24.0,69,0.00,262,4.79,0.0,14.5,13.4,44
1995-07-20,18.1,23.0,77,4.60,307,3.03,9.0,16.8,11.8,48
1995-07-21,16.4,19.7,77,4.20,295,3.54,12.0,16.3,12.4,53
1995-07-22,17.1,20.7,76,4.20,278,3.41,12.0,19.4,15.3,56
1995-07-23,14.8,17.6,84,14.80,19,2.61,10.0,14.8,9.9,54
1995-07-24,15.4,18.6,74,0.60,298,2.97,6.0,8.4,4.6,56
1995-07-25,16.3,20.6,82,4.20,213,2.61,9.0,19.4,10.5,56
1995-07-26,17.5,21.0,80,0.80,225,3.41,4.0,16.1,9.2,59
1995-07-27,16.6,19.9,63,1.00,268,4.32,3.0,35.3,24.6,50
1995-07-28,13.5,17.8,71,3.30,285,3.11,9.0,29.7,19.7,49
1995-07-29,14.1,17.6,73,1.50,72,2.57,5.0,18.3,12.9,49
1995-07-30,13.7,18.7,84,2.30,289,3.02,11.0,18.7,14.1,57
1995-07-31,14.5,18.0,73,2.70,259,3.11,9.0,24.9,20.3,57
1995-08-01,15.1,17.8,65,0.30,259,4.06,3.0,23.1,18.3,54
1995-08-02,14.4,20.4,73,1.90,266,3.76,2.0,25.4,12.1,41
1995-08-03,17.2,20.3,64,0.00,237,3.49,0.0,26.3,13.7,44
1995-08-04,18.5,22.3,63,0.00,242,4.25,0.0,27.3,18.2,50
1995-08-05,17.7,22.0,62,0.10,247,4.09,1.0,18.9,15.1,47
1995-08-06,16.0,19.0,64,0.00,269,3.33,0.0,12.3,10.3,50
1995-08-07,14.6,17.8,73,0.00,33,2.62,0.0,12.6,7.4,50
1995-08-08,12.0,15.2,97,20.00,26,0.69,24.0,29.2,18.3,73
1995-08-09,11.3,14.5,89,7.10,336,1.65,18.0,30.3,27.5,63
1995-08-10,11.3,14.3,77,0.00,354,1.95,0.0,19.5,12.6,63
1995-08-11,11.9,14.8,80,0.00,119,1.93,0.0,12.2,9.4,62
1995-08-12,12.7,15.9,81,0.10,157,2.05,1.0,9.4,5.2,62
1995-08-13,14.3,19.4,79,0.00,261,3.16,0.0,14.6,11.7,58
1995-08-14,15.9,20.5,64,0.00,245,3.63,0.0,17.5,12.0,49
1995-08-15,13.6,18.1,74,5.80,244,3.53,7.0,26.4,16.5,39
1995-08-16,14.5,18.2,68,0.40,159,3.17,2.0,12.0,5.7,41
1995-08-17,13.3,17.0,90,2.90,339,1.82,9.0,14.9,8.9,72
1995-08-18,12.3,15.5,85,8.20,289,1.68,18.0,27.0,18.6,60
1995-08-19,12.6,16.0,71,0.00,273,2.73,0.0,24.6,20.4,61
1995-08-20,12.5,15.5,81,0.80,284,2.36,5.0,20.0,16.0,63
1995-08-21,11.3,15.3,82,0.30,45,2.52,2.0,13.1,9.4,64
1995-08-22,11.8,15.5,72,0.00,99,2.65,0.0,14.3,12.0,55
1995-08-23,12.8,16.2,78,5.30,142,2.05,10.0,14.4,11.8,61
1995-08-24,13.1,16.2,87,25.90,271,2.43,15.0,23.0,14.2,55
1995-08-25,12.2,16.8,79,2.40,266,2.53,8.0,21.6,13.9,52
1995-08-26,13.1,17.8,76,0.20,170,2.57,1.0,11.2,7.8,55
1995-08-27,13.5,17.4,78,0.30,278,2.83,1.0,12.8,8.7,49
1995-08-28,13.8,19.4,75,0.00,186,3.08,0.0,12.3,8.0,50
1995-08-29,13.9,18.0,77,0.00,255,2.91,0.0,16.3,10.4,46
1995-08-30,13.3,18.1,65,0.10,259,3.39,1.0,21.1,14.9,41
1995-08-31,14.6,19.8,58,0.00,249,4.02,0.0,22.3,17.1,40
1995-09-01,15.2,19.5,62,0.00,261,3.65,0.0,16.7,14.0,49
1995-09-02,16.5,22.6,69,0.00,226,3.59,0.0,22.5,13.7,48
1995-09-03,17.5,22.1,61,0.00,260,3.69,0.0,17.1,13.4,47
1995-09-04,15.9,21.9,71,0.50,131,2.79,2.0,18.2,11.8,51
1995-09-05,16.6,21.9,77,0.00,69,3.00,0.0,25.3,14.3,58
1995-09-06,10.8,17.3,61,0.00,95,3.38,0.0,20.6,16.4,51
1995-09-07,13.2,18.6,77,0.00,158,2.65,0.0,17.7,10.0,53
1995-09-08,14.8,22.1,77,0.00,148,2.95,0.0,11.2,8.0,51
1995-09-09,16.9,24.2,71,0.00,176,3.37,0.0,14.7,10.5,47
1995-09-10,18.3,24.9,68,0.00,232,3.55,0.0,20.2,12.1,38
1995-09-11,19.3,23.8,49,0.00,256,4.91,0.0,33.6,22.7,42
1995-09-12,17.9,21.5,54,0.00,271,4.65,0.0,31.6,28.5,38
1995-09-13,15.2,19.7,49,0.00,266,3.92,0.0,23.3,14.1,35
1995-09-14,14.5,20.3,63,0.00,243,2.14,0.0,11.3,8.2,38
1995-09-15,12.2,18.8,80,3.40,327,1.78,12.0,21.5,17.0,49
1995-09-16,11.1,14.0,73,0.00,272,1.76,0.0,11.2,6.8,54
1995-09-17,9.5,13.8,72,0.00,5,1.85,0.0,18.7,11.6,48
1995-09-18,5.6,8.9,61,0.10,328,2.00,1.0,20.7,17.5,40
1995-09-19,5.9,10.7,61,0.00,291,2.22,0.0,17.7,11.0,39
1995-09-20,5.1,10.3,62,0.00,126,2.20,0.0,18.1,12.5,40
1995-09-21,7.0,16.0,65,0.00,181,2.04,0.0,15.5,11.1,38
1995-09-22,12.5,17.4,56,0.00,283,3.17,0.0,22.1,15.0,43
1995-09-23,11.3,18.3,65,0.00,131,2.59,0.0,14.0,11.3,42
1995-09-24,12.5,21.4,65,0.00,147,2.49,0.0,14.0,6.3,32
1995-09-25,13.3,21.2,68,0.00,131,2.47,0.0,9.7,7.9,36
1995-09-26,13.3,20.8,64,0.00,138,2.77,0.0,13.2,10.3,35
1995-09-27,12.9,19.2,66,0.00,180,2.54,0.0,22.8,15.6,43
1995-09-28,11.3,15.8,75,2.90,259,1.36,7.0,25.9,18.7,58
1995-09-29,10.9,15.3,87,0.00,274,1.41,0.0,13.3,8.9,60
1995-09-30,10.5,15.8,76,0.00,208,1.69,0.0,8.9,5.5,42
1995-10-01,9.2,13.7,75,0.00,267,1.33,0.0,20.4,15.0,57
1995-10-02,8.5,15.3,64,0.00,212,2.04,0.0,16.2,11.3,36
1995-10-03,8.9,13.9,66,0.30,264,1.50,2.0,22.4,15.3,44
1995-10-04,6.0,8.4,82,2.10,324,1.07,10.0,24.7,15.9,53
1995-10-05,5.8,11.8,74,0.00,142,1.54,0.0,21.5,12.7,47
1995-10-06,5.9,10.7,71,3.60,140,1.26,8.0,24.7,20.4,52
1995-10-07,5.6,12.0,86,0.00,228,1.31,0.0,13.9,11.8,49
1995-10-08,6.9,11.4,76,0.60,185,0.87,2.0,12.7,9.9,51
1995-10-09,7.9,12.9,61,0.00,232,1.99,0.0,19.2,15.5,42
1995-10-10,8.3,11.9,68,0.70,229,1.50,3.0,20.8,13.4,51
1995-10-11,6.9,11.6,71,0.00,243,1.53,0.0,17.9,10.6,43
1995-10-12,6.0,10.4,79,0.50,228,1.18,3.0,16.7,9.7,51
1995-10-13,5.4,11.0,65,0.20,196,1.41,1.0,15.0,12.2,43
1995-10-14,8.1,12.2,63,0.00,241,1.84,0.0,21.7,15.7,52
1995-10-15,7.3,10.8,76,0.20,268,1.10,2.0,13.9,9.5,58
1995-10-16,4.4,9.2,92,20.30,35,0.33,21.0,31.2,23.0,65
1995-10-17,-0.1,1.6,80,1.10,111,0.53,3.0,24.1,15.4,73
1995-10-18,2.4,6.0,80,0.00,229,0.96,0.0,32.5,21.2,63
1995-10-19,4.5,9.5,72,0.00,265,1.35,0.0,27.1,17.8,51
1995-10-20,5.1,8.4,71,1.40,175,1.05,4.0,21.4,15.8,60
1995-10-21,4.9,7.9,69,0.00,261,1.37,0.0,21.3,16.9,58
1995-10-22,3.1,7.5,83,0.00,269,0.87,0.0,12.1,8.2,52
1995-10-23,3.0,6.7,78,0.30,170,0.71,3.0,12.3,7.1,61
1995-10-24,3.6,5.5,84,0.80,257,0.58,7.0,23.3,13.2,75
1995-10-25,2.9,8.5,82,0.00,181,0.92,0.0,16.9,9.6,53
1995-10-26,3.6,6.3,83,5.40,256,0.58,13.0,31.4,16.8,61
1995-10-27,3.9,5.8,70,1.30,279,1.24,4.0,26.9,22.3,60
1995-10-28,1.0,4.0,87,7.00,315,0.46,23.0,17.2,13.0,69
1995-10-29,-2.1,0.3,62,0.00,329,0.84,0.0,16.6,12.5,54
1995-10-30,-2.5,-0.3,73,0.00,263,0.67,0.0,22.1,15.7,63
1995-10-31,-3.9,-2.2,74,2.40,10,0.61,13.0,21.1,14.1,50
1995-11-01,-7.6,-3.7,72,0.00,118,0.54,0.0,14.1,9.4,50
1995-11-02,-6.5,-0.2,64,0.00,153,0.79,0.0,19.2,15.7,42
1995-11-03,-1.3,1.8,68,0.00,266,0.93,0.0,24.8,20.2,56
1995-11-04,-1.7,0.8,80,0.00,173,0.45,0.0,19.9,14.4,67
1995-11-05,-1.9,-0.3,81,0.40,109,0.39,3.0,19.6,12.2,72
1995-11-06,-6.9,-1.6,70,0.50,37,0.52,5.0,21.5,15.8,56
1995-11-07,-10.8,-8.7,72,0.00,1,0.32,0.0,11.2,7.4,57
1995-11-08,-11.7,-10.0,69,0.10,109,0.40,1.0,21.3,18.0,61
1995-11-09,-13.6,-10.9,75,5.10,38,0.26,23.0,20.1,14.1,65
1995-11-10,-16.3,-14.6,79,1.20,290,0.24,12.0,25.1,22.4,70
1995-11-11,-18.3,-13.3,78,0.80,130,0.20,5.0,23.5,17.4,69
1995-11-12,-10.6,-0.5,79,0.40,202,0.45,2.0,26.3,17.1,63
1995-11-13,-7.7,1.8,83,0.00,185,0.39,0.0,15.8,10.8,70
1995-11-14,-0.6,0.7,87,0.00,262,0.37,0.0,17.6,14.5,75
1995-11-15,-3.6,-0.3,87,0.00,123,0.27,0.0,27.5,15.5,80
1995-11-16,0.0,2.0,89,2.80,226,0.33,5.0,21.1,12.2,79
1995-11-17,-2.5,2.5,90,0.00,139,0.25,0.0,13.8,10.2,81
1995-11-18,1.7,4.9,88,5.90,183,0.39,12.0,38.2,21.6,75
1995-11-19,-0.5,2.5,81,2.10,288,0.61,10.0,38.3,30.1,68
1995-11-20,-3.4,0.3,76,0.00,227,0.36,0.0,15.5,9.3,67
1995-11-21,-4.0,-2.2,76,0.00,270,0.38,0.0,15.6,12.8,69
1995-11-22,-10.7,-5.7,79,2.50,71,0.21,15.0,15.6,12.2,72
1995-11-23,-10.2,-7.9,86,0.80,107,0.17,5.0,13.7,7.2,79
1995-11-24,-12.5,-9.3,83,3.70,73,0.16,10.0,16.3,10.6,74
1995-11-25,-15.1,-13.2,82,4.50,105,0.17,12.0,23.5,19.1,76
1995-11-26,-15.7,-14.5,82,1.00,99,0.14,5.0,17.2,8.9,73
1995-11-27,-17.2,-15.4,81,0.20,9,0.11,2.0,7.8,5.7,73
1995-11-28,-18.1,-15.8,81,0.20,98,0.11,2.0,14.0,9.3,75
1995-11-29,-17.5,-15.9,80,7.40,118,0.15,15.0,22.3,18.1,76
1995-11-30,-18.9,-16.0,80,3.10,259,0.12,3.0,18.1,10.3,69
1995-12-01,-19.2,-15.8,79,0.50,129,0.12,3.0,12.0,9.3,74
1995-12-02,-14.1,-8.2,80,0.00,157,0.21,0.0,19.9,14.8,70
1995-12-03,-8.5,-6.7,75,0.70,195,0.30,4.0,19.7,13.2,67
1995-12-04,-15.5,-6.8,79,4.00,313,0.14,12.0,33.2,23.2,64
1995-12-05,-27.4,-24.2,71,0.00,273,0.10,0.0,26.0,13.4,55
1995-12-06,-23.6,-22.4,72,1.10,59,0.11,6.0,17.4,12.4,67
1995-12-07,-27.3,-24.4,73,0.30,294,0.09,3.0,21.1,18.1,66
1995-12-08,-28.7,-23.7,63,0.00,258,0.11,0.0,19.5,14.1,51
1995-12-09,-26.7,-24.2,67,0.00,273,0.11,0.0,15.9,11.7,59
1995-12-10,-29.3,-25.3,71,0.00,101,0.07,0.0,19.5,10.1,60
1995-12-11,-24.2,-22.8,71,1.50,111,0.16,8.0,30.2,25.4,66
1995-12-12,-24.5,-22.1,73,0.00,128,0.15,0.0,30.6,26.6,67
1995-12-13,-20.6,-19.0,73,3.50,113,0.13,8.0,23.5,13.0,65
1995-12-14,-21.0,-19.1,76,0.00,299,0.10,0.0,15.6,10.5,67
1995-12-15,-20.8,-18.3,74,1.60,117,0.13,8.0,15.6,13.2,67
1995-12-16,-17.9,-15.3,79,1.10,175,0.07,5.0,8.1,4.4,71
1995-12-17,-18.9,-16.2,78,0.00,122,0.13,0.0,21.1,14.3,70
1995-12-18,-13.9,-9.8,81,0.00,132,0.19,0.0,22.3,17.6,75
1995-12-19,-10.5,-7.3,86,0.00,130,0.09,0.0,13.0,7.2,77
1995-12-20,-11.0,-4.3,85,0.00,154,0.14,0.0,13.0,10.6,72
1995-12-21,-11.5,-7.1,86,0.00,150,0.11,0.0,13.7,10.6,79
1995-12-22,-10.2,-0.5,82,0.00,158,0.20,0.0,23.1,13.4,69
1995-12-23,-4.4,-0.8,91,0.00,260,0.14,0.0,22.6,11.0,81
1995-12-24,-8.7,-6.5,87,0.00,233,0.11,0.0,14.2,8.9,79
1995-12-25,-4.1,-2.1,69,0.00,260,0.59,0.0,21.3,17.2,59
1995-12-26,-9.4,-4.3,74,0.00,222,0.21,0.0,11.9,9.1,54
1995-12-27,-8.8,-2.0,72,0.00,248,0.35,0.0,16.3,12.7,68
1995-12-28,-5.7,-2.8,86,0.00,247,0.14,0.0,13.0,8.4,72
1995-12-29,-9.3,-5.6,88,0.00,128,0.11,0.0,14.3,11.4,79
1995-12-30,-7.8,-4.8,88,0.30,260,0.11,3.0,7.2,4.1,84
1995-12-31,-7.4,-5.7,90,0.20,304,0.11,2.0,13.0,8.7,84
1996-01-01,-9.0,-7.2,89,0.70,309,0.10,6.0,16.1,9.8,82
1996-01-02,-7.9,-4.0,87,5.00,152,0.20,7.0,30.8,19.8,85
1996-01-03,-10.8,-6.4,85,0.60,7,0.12,6.0,16.0,12.4,71
1996-01-04,-20.9,-14.7,80,0.00,73,0.07,0.0,16.1,8.1,73
1996-01-05,-28.4,-24.7,74,0.00,136,0.07,0.0,14.6,10.4,68
1996-01-06,-26.2,-19.3,71,0.00,132,0.13,0.0,26.0,19.8,62
1996-01-07,-10.8,-2.9,81,0.80,214,0.20,4.0,17.6,10.7,66
1996-01-08,-2.5,1.4,79,0.20,244,0.43,2.0,23.3,15.6,69
1996-01-09,-2.1,-0.6,79,0.00,219,0.36,0.0,20.7,12.6,70
1996-01-10,-3.0,0.9,79,1.00,220,0.43,6.0,25.4,14.2,65
1996-01-11,3.9,6.3,70,4.10,245,1.11,12.0,36.8,23.9,61
1996-01-12,-3.9,4.5,84,4.00,4,0.22,10.0,17.3,12.6,74
1996-01-13,-22.0,-14.9,73,3.20,20,0.12,17.0,15.9,12.6,62
1996-01-14,-30.2,-27.0,71,0.00,266,0.08,0.0,13.1,9.2,55
1996-01-15,-26.6,-21.8,70,1.40,119,0.10,10.0,14.6,10.1,64
1996-01-16,-24.2,-22.3,74,0.00,338,0.07,0.0,8.1,5.9,66
1996-01-17,-28.0,-24.3,73,0.00,315,0.07,0.0,8.7,6.3,62
1996-01-18,-32.2,-29.2,71,0.00,121,0.07,0.0,11.0,9.5,63
1996-01-19,-34.0,-29.1,69,0.00,131,0.07,0.0,12.7,9.1,57
1996-01-20,-34.8,-28.2,68,0.00,232,0.07,0.0,12.6,7.5,53
1996-01-21,-27.3,-21.5,68,0.00,269,0.15,0.0,18.4,16.5,60
1996-01-22,-21.2,-17.9,72,0.00,257,0.15,0.0,17.7,9.3,63
1996-01-23,-23.8,-19.5,77,0.00,290,0.09,0.0,9.0,6.6,68
1996-01-24,-26.4,-22.1,74,0.00,256,0.11,0.0,8.8,7.9,64
1996-01-25,-27.1,-22.3,72,0.00,204,0.10,0.0,9.7,5.4,52
1996-01-26,-27.2,-25.1,74,0.00,277,0.09,0.0,11.2,9.4,70
1996-01-27,-29.7,-25.9,73,0.00,332,0.07,0.0,7.2,4.7,66
1996-01-28,-34.6,-29.8,70,0.00,269,0.07,0.0,13.8,9.2,62
1996-01-29,-30.6,-23.9,68,0.00,263,0.12,0.0,13.7,12.2,55
1996-01-30,-24.4,-19.3,65,0.50,265,0.19,5.0,20.3,16.6,57
1996-01-31,-20.7,-18.8,77,0.30,322,0.16,3.0,17.4,8.9,66
1996-02-01,-29.8,-21.3,68,0.00,90,0.12,0.0,14.5,10.1,48
1996-02-02,-29.7,-21.5,65,0.00,129,0.15,0.0,14.6,12.4,48
1996-02-03,-23.6,-15.6,71,0.20,144,0.20,2.0,14.6,11.0,64
1996-02-04,-19.6,-16.4,77,0.00,110,0.16,0.0,21.9,12.5,68
1996-02-05,-13.7,-2.6,75,0.20,138,0.40,2.0,23.0,17.1,59
1996-02-06,0.2,3.6,71,0.10,245,0.93,1.0,26.3,18.6,64
1996-02-07,0.7,3.2,80,0.60,253,0.65,5.0,23.8,17.4,70
1996-02-08,-1.1,4.6,80,0.00,225,0.65,0.0,22.1,11.5,52
1996-02-09,-2.0,1.1,81,2.60,267,0.54,8.0,35.3,18.8,56
1996-02-10,-4.6,-0.2,68,0.00,268,0.89,0.0,27.6,20.0,53
1996-02-11,-4.9,1.0,66,0.00,232,0.72,0.0,13.9,9.2,43
1996-02-12,0.4,3.2,64,0.00,259,1.11,0.0,18.7,16.4,57
1996-02-13,2.2,5.2,86,5.50,255,0.49,15.0,28.7,13.4,68
1996-02-14,-2.2,4.0,84,0.60,314,0.49,6.0,29.6,18.3,71
1996-02-15,-10.4,-1.2,81,0.00,118,0.49,0.0,13.8,11.0,63
1996-02-16,-2.1,1.0,83,0.00,271,0.62,0.0,18.6,14.7,73
1996-02-17,-4.3,0.0,89,0.00,121,0.42,0.0,14.5,10.6,74
1996-02-18,-4.1,-0.7,90,2.80,338,0.26,8.0,12.1,9.0,82
1996-02-19,-11.3,-5.8,80,3.70,309,0.45,10.0,16.4,12.9,63
1996-02-20,-7.2,-0.5,82,0.00,134,0.61,0.0,16.8,15.6,64
1996-02-21,-4.0,4.4,80,0.00,141,0.73,0.0,19.1,13.2,52
1996-02-22,-3.9,3.5,74,0.00,246,0.69,0.0,10.2,5.8,49
1996-02-23,-7.3,-0.9,83,0.70,86,0.39,7.0,17.4,12.0,50
1996-02-24,-15.4,-7.3,74,0.30,42,0.41,3.0,18.8,12.8,54
1996-02-25,-22.0,-16.1,69,0.00,72,0.33,0.0,11.3,9.0,47
1996-02-26,-22.1,-17.1,69,0.00,124,0.32,0.0,19.3,15.4,53
1996-02-27,-20.8,-13.7,69,0.00,123,0.45,0.0,17.7,10.6,46
1996-02-28,-18.4,-5.9,67,0.00,171,0.60,0.0,9.6,6.7,42
1996-02-29,-8.5,-1.6,64,0.00,271,0.88,0.0,19.9,15.0,38
1996-03-01,-3.2,-1.0,77,0.90,283,0.73,9.0,21.4,15.7,56
1996-03-02,-2.5,-1.1,89,1.90,320,0.56,14.0,19.5,8.4,75
1996-03-03,-13.0,-3.4,71,0.50,338,0.53,5.0,23.1,20.5,56
1996-03-04,-18.6,-15.0,72,0.00,297,0.43,0.0,22.0,12.3,56
1996-03-05,-20.3,-14.3,67,0.00,105,0.47,0.0,7.2,4.9,46
1996-03-06,-19.6,-14.7,67,0.00,46,0.44,0.0,11.0,8.9,48
1996-03-07,-21.3,-14.4,68,0.00,102,0.46,0.0,13.5,9.0,49
1996-03-08,-17.5,-6.7,70,0.00,135,0.64,0.0,16.6,11.5,49
1996-03-09,-8.8,2.4,73,0.40,146,0.65,3.0,20.5,11.5,59
1996-03-10,3.5,9.9,77,0.00,227,1.49,0.0,15.1,11.5,55
1996-03-11,3.1,7.9,76,0.00,230,1.46,0.0,16.6,11.4,57
1996-03-12,2.3,6.2,77,0.00,259,1.17,0.0,22.7,16.1,65
1996-03-13,-3.5,2.9,82,0.00,325,0.90,0.0,23.0,13.3,60
1996-03-14,3.9,6.6,78,0.20,263,1.45,2.0,34.3,19.5,65
1996-03-15,2.7,5.1,84,2.00,255,0.79,9.0,38.4,19.3,69
1996-03-16,-3.1,2.7,79,0.60,285,0.94,4.0,37.3,15.0,66
1996-03-17,1.3,5.0,76,0.00,268,1.45,0.0,21.6,18.1,60
1996-03-18,-0.5,4.5,83,0.10,29,0.89,1.0,20.7,12.7,64
1996-03-19,-1.6,1.4,77,0.10,136,1.02,1.0,36.3,27.3,67
1996-03-20,-3.4,1.2,82,1.60,323,0.75,8.0,25.0,17.0,60
1996-03-21,-13.4,-8.0,72,0.70,3,0.67,7.0,16.5,8.5,60
1996-03-22,-14.6,-9.9,72,1.40,12,0.65,12.0,12.6,10.1,54
1996-03-23,-18.1,-13.5,68,0.00,33,0.70,0.0,8.8,7.3,50
1996-03-24,-17.0,-6.8,62,0.00,257,0.94,0.0,9.4,6.5,37
1996-03-25,-10.2,-0.6,57,0.20,180,1.09,2.0,24.1,12.4,35
1996-03-26,-7.8,-3.4,75,1.90,319,0.84,16.0,26.6,21.0,53
1996-03-27,-11.7,-3.3,68,0.00,26,1.19,0.0,15.9,7.3,40
1996-03-28,-7.7,-3.4,67,1.10,96,0.94,9.0,18.1,9.5,46
1996-03-29,-8.3,-4.1,74,0.20,29,1.04,2.0,17.5,10.3,43
1996-03-30,-10.6,-5.0,71,0.00,27,0.94,0.0,14.5,9.7,44
1996-03-31,-11.3,-5.8,67,0.00,32,1.14,0.0,12.2,9.6,43
1996-04-01,-10.5,-5.1,71,0.90,91,0.87,6.0,30.5,22.8,45
1996-04-02,-6.5,-1.1,78,3.60,127,0.88,18.0,32.6,23.0,62
1996-04-03,-4.5,3.7,68,0.00,220,1.90,0.0,9.5,7.2,36
1996-04-04,-0.2,7.1,60,0.00,112,1.94,0.0,10.0,6.4,43
1996-04-05,3.5,11.1,69,0.00,142,2.29,0.0,21.4,13.4,48
1996-04-06,6.7,10.3,65,0.00,223,2.71,0.0,29.0,18.6,39
1996-04-07,4.0,9.1,62,0.00,265,2.62,0.0,21.6,12.7,47
1996-04-08,6.0,12.5,72,0.20,221,2.22,2.0,14.5,9.5,54
1996-04-09,3.0,11.8,89,8.40,4,0.76,12.0,15.2,8.9,58
1996-04-10,1.5,4.9,78,0.20,22,1.72,2.0,12.8,4.7,44
1996-04-11,1.2,5.3,59,0.00,87,1.92,0.0,16.0,11.9,40
1996-04-12,1.9,4.7,69,2.10,101,1.44,16.0,16.7,11.2,44
1996-04-13,2.3,6.1,84,1.40,301,1.50,12.0,10.3,5.8,52
1996-04-14,2.4,8.7,69,0.00,261,2.33,0.0,12.6,7.6,37
1996-04-15,4.9,15.6,59,0.00,129,3.02,0.0,13.4,9.5,37
1996-04-16,8.3,15.3,69,0.50,132,3.17,3.0,17.1,10.3,43
1996-04-17,4.8,15.0,86,7.20,59,1.11,12.0,20.6,10.0,48
1996-04-18,3.6,10.6,89,0.70,86,1.96,4.0,5.5,3.6,55
1996-04-19,5.4,11.3,77,0.20,225,2.35,2.0,11.8,7.9,40
1996-04-20,5.2,11.1,68,0.00,325,2.77,0.0,9.7,6.9,41
1996-04-21,3.4,9.8,72,0.80,335,1.94,5.0,11.0,7.4,43
1996-04-22,4.3,11.1,64,0.10,116,2.87,1.0,13.6,8.0,44
1996-04-23,5.3,11.9,69,0.10,121,2.60,1.0,24.3,21.2,48
1996-04-24,5.1,10.5,94,6.60,61,0.70,19.0,21.9,16.0,58
1996-04-25,2.5,6.9,85,2.30,7,1.40,12.0,16.5,10.4,54
1996-04-26,4.6,9.5,68,4.20,202,2.32,11.0,20.9,17.3,43
1996-04-27,5.3,9.6,63,1.70,256,2.38,5.0,20.1,16.2,43
1996-04-28,5.5,11.9,73,1.90,259,2.83,6.0,16.3,12.2,30
1996-04-29,7.5,11.7,55,0.00,207,3.08,0.0,17.7,12.2,32
1996-04-30,7.0,11.3,65,1.10,261,2.96,7.0,18.8,14.5,49
1996-05-01,6.1,10.6,71,0.00,277,2.47,0.0,15.9,10.3,47
1996-05-02,5.0,10.1,90,4.40,34,1.33,15.0,14.8,9.7,46
1996-05-03,3.8,10.1,79,1.90,53,2.33,13.0,16.0,12.2,30
1996-05-04,5.2,11.3,55,0.70,130,2.98,2.0,13.3,8.7,31
1996-05-05,1.7,6.9,79,1.90,15,1.46,8.0,17.7,12.2,50
1996-05-06,0.3,3.3,49,0.00,7,2.34,0.0,16.0,10.4,34
1996-05-07,-1.0,3.1,37,0.00,17,2.98,0.0,17.7,13.6,28
1996-05-08,-0.1,4.4,35,0.00,36,2.86,0.0,12.2,7.2,26
1996-05-09,0.8,5.0,44,0.00,49,2.71,0.0,14.3,8.3,30
1996-05-10,2.3,8.0,53,0.00,115,2.86,0.0,10.1,6.6,32
1996-05-11,3.3,8.4,71,0.50,248,2.76,4.0,13.4,7.8,35
1996-05-12,5.2,12.5,52,0.00,235,3.33,0.0,13.1,9.3,32
1996-05-13,6.0,12.2,67,2.90,75,1.55,7.0,15.3,9.5,33
1996-05-14,3.8,6.2,91,1.10,59,1.29,10.0,15.9,12.1,72
1996-05-15,3.6,6.6,79,0.10,107,1.59,1.0,15.8,12.9,68
1996-05-16,6.2,12.9,82,0.00,143,2.43,0.0,13.3,11.2,53
1996-05-17,10.2,15.9,73,0.80,166,3.73,7.0,12.7,5.5,49
1996-05-18,9.7,15.5,92,7.80,117,1.29,19.0,18.5,13.7,61
1996-05-19,8.6,12.1,88,1.80,274,1.79,13.0,16.6,12.9,55
1996-05-20,8.6,12.2,77,0.00,331,2.46,0.0,13.2,10.0,55
1996-05-21,7.9,12.7,76,0.90,93,2.37,7.0,13.3,9.5,51
1996-05-22,8.7,12.9,69,0.20,120,2.79,2.0,10.9,8.2,49
1996-05-23,8.6,13.9,70,0.20,123,2.93,2.0,14.0,10.6,46
1996-05-24,10.7,17.3,64,0.00,135,3.81,0.0,14.1,11.0,39
1996-05-25,12.4,17.9,61,0.20,146,3.83,1.0,24.2,18.2,43
1996-05-26,11.2,15.7,77,3.30,256,3.46,14.0,21.7,12.5,37
1996-05-27,10.9,16.3,59,0.00,268,3.78,0.0,12.0,7.1,37
1996-05-28,11.3,15.9,74,3.40,346,2.48,7.0,8.5,4.6,45
1996-05-29,10.4,15.1,93,5.90,344,1.78,16.0,14.4,3.8,76
1996-05-30,11.7,16.1,90,4.10,49,2.07,10.0,15.4,11.5,64
1996-05-31,10.5,13.8,98,23.50,28,0.73,24.0,19.3,16.8,79
1996-06-01,11.8,18.2,91,9.30,328,2.69,15.0,11.3,7.0,60
1996-06-02,14.5,19.3,81,1.40,153,2.95,2.0,9.4,6.7,58
1996-06-03,14.7,20.1,82,0.00,211,3.68,0.0,12.9,8.0,51
1996-06-04,15.5,19.9,73,0.30,234,3.52,2.0,14.3,8.2,55
1996-06-05,11.9,14.2,97,16.70,285,1.04,24.0,15.4,7.8,92
1996-06-06,11.8,18.2,84,1.00,243,2.67,7.0,15.7,8.5,51
1996-06-07,16.2,22.4,73,0.60,166,4.56,1.0,10.2,6.5,45
1996-06-08,14.6,19.5,71,0.50,264,4.29,2.0,16.1,10.4,40
1996-06-09,13.3,17.8,67,0.10,252,4.18,1.0,16.9,10.5,43
1996-06-10,13.4,18.8,62,0.00,229,4.40,0.0,14.4,9.2,38
1996-06-11,13.1,18.8,66,0.40,251,4.03,3.0,27.6,17.6,39
1996-06-12,12.7,16.5,55,0.10,261,4.90,1.0,27.8,20.1,42
1996-06-13,14.1,20.1,64,0.30,157,4.04,3.0,12.5,8.1,43
1996-06-14,13.9,17.4,78,7.70,258,4.01,13.0,20.9,13.0,42
1996-06-15,15.0,19.9,61,0.10,148,4.44,1.0,15.1,8.0,46
1996-06-16,14.1,19.1,70,6.10,199,4.32,10.0,25.8,18.3,39
1996-06-17,12.5,16.7,66,4.00,54,2.49,8.0,21.6,10.8,42
1996-06-18,8.4,9.9,96,32.00,338,0.48,24.0,38.5,27.0,89
1996-06-19,7.9,8.7,97,50.60,317,0.61,24.0,35.1,30.1,85
1996-06-20,6.8,10.5,93,8.70,332,0.95,23.0,25.3,18.8,78
1996-06-21,6.9,10.5,88,6.30,51,1.31,22.0,18.4,11.4,69
1996-06-22,9.9,13.5,76,0.00,138,2.31,0.0,13.6,9.3,58
1996-06-23,11.8,15.4,72,0.20,159,2.97,2.0,9.7,5.0,55
1996-06-24,12.6,16.3,73,0.60,132,3.41,5.0,10.5,7.1,56
1996-06-25,12.2,15.7,80,1.30,136,3.19,8.0,11.3,8.9,61
1996-06-26,13.3,19.1,81,1.10,152,3.60,4.0,13.3,10.7,62
1996-06-27,15.1,21.6,84,0.80,155,3.94,2.0,15.6,8.8,52
1996-06-28,16.2,19.8,75,0.00,243,4.43,0.0,20.4,12.8,45
1996-06-29,15.0,19.4,53,0.00,259,5.50,0.0,30.3,24.6,44
1996-06-30,15.1,20.1,60,0.00,245,4.42,0.0,24.1,13.4,45
1996-07-01,16.0,19.4,75,2.00,226,3.66,5.0,12.4,9.7,58
1996-07-02,15.3,20.3,66,0.00,258,4.43,0.0,17.7,10.5,43
1996-07-03,14.7,19.2,80,9.20,91,2.23,11.0,19.8,12.8,53
1996-07-04,14.3,19.0,90,15.90,71,1.67,12.0,24.4,12.1,78
1996-07-05,13.3,15.9,73,7.20,270,3.62,6.0,24.6,20.7,47
1996-07-06,10.9,13.5,83,9.40,259,2.09,22.0,27.4,22.6,68
1996-07-07,13.5,18.2,82,0.30,278,3.12,3.0,19.8,15.7,62
1996-07-08,13.6,18.8,82,0.90,126,3.23,3.0,20.3,12.9,54
1996-07-09,16.5,23.4,74,0.10,143,4.41,1.0,20.2,15.7,59
1996-07-10,15.8,20.8,79,7.10,277,2.66,18.0,29.7,23.3,67
1996-07-11,15.9,19.1,62,0.20,278,4.48,2.0,26.3,19.4,50
1996-07-12,17.1,22.0,68,0.00,233,4.31,0.0,13.6,10.4,47
1996-07-13,18.1,22.5,69,0.00,266,4.41,0.0,11.5,10.3,48
1996-07-14,18.2,22.5,73,0.10,283,4.33,1.0,11.3,8.1,50
1996-07-15,17.7,21.9,77,0.60,155,4.01,6.0,12.1,6.4,55
1996-07-16,16.5,21.1,77,0.20,306,3.53,2.0,13.6,8.7,52
1996-07-17,15.0,19.3,80,4.00,64,2.10,13.0,19.7,12.5,56
1996-07-18,15.3,17.5,88,8.50,102,1.44,16.0,29.0,22.8,68
1996-07-19,12.9,18.1,78,21.90,254,3.31,5.0,25.0,17.8,45
1996-07-20,12.2,15.6,81,2.20,224,2.75,12.0,17.1,11.5,66
1996-07-21,13.6,18.7,86,4.10,282,2.36,17.0,17.1,14.9,70
1996-07-22,16.0,19.7,85,3.70,272,2.96,13.0,19.9,17.0,68
1996-07-23,17.2,21.5,83,2.50,283,3.93,9.0,16.8,12.2,56
1996-07-24,17.7,21.2,73,0.30,292,4.20,2.0,12.9,9.9,54
1996-07-25,15.7,20.3,85,5.20,331,2.78,21.0,15.0,9.6,57
1996-07-26,15.5,19.7,84,1.40,52,3.15,6.0,11.9,4.9,65
1996-07-27,16.6,21.7,80,0.30,170,3.84,3.0,8.0,4.2,49
1996-07-28,18.9,26.3,72,0.00,185,4.73,0.0,8.7,5.6,39
1996-07-29,20.5,26.0,67,0.00,131,5.12,0.0,16.5,11.4,44
1996-07-30,20.4,25.2,74,0.20,139,4.12,1.0,20.9,16.1,50
1996-07-31,17.0,23.0,78,18.50,256,3.56,13.0,24.6,16.4,38
1996-08-01,15.8,21.0,59,0.80,247,4.98,4.0,25.8,21.0,44
1996-08-02,17.8,23.1,68,0.00,246,3.83,0.0,17.2,6.1,44
1996-08-03,17.4,21.9,82,8.30,7,2.24,16.0,16.2,11.9,63
1996-08-04,12.9,15.7,99,33.80,295,0.46,24.0,35.0,26.3,98
1996-08-05,12.0,14.7,97,39.40,291,0.87,24.0,36.9,28.2,86
1996-08-06,12.3,15.6,91,9.70,293,1.55,24.0,30.9,23.3,74
1996-08-07,13.0,17.4,83,6.40,290,2.71,11.0,22.5,16.5,56
1996-08-08,15.6,23.7,74,0.00,152,3.47,0.0,13.4,9.9,55
1996-08-09,18.9,23.7,71,0.00,235,4.28,0.0,20.3,11.9,50
1996-08-10,17.5,21.2,68,0.00,255,4.01,0.0,19.2,15.4,56
1996-08-11,16.7,22.0,73,0.00,144,3.87,0.0,21.9,11.8,53
1996-08-12,16.3,21.6,85,15.10,223,2.10,18.0,25.2,20.1,56
1996-08-13,17.3,21.7,63,0.00,262,4.65,0.0,22.4,17.0,47
1996-08-14,17.9,23.0,75,0.90,113,3.81,5.0,10.5,6.4,54
1996-08-15,17.5,22.0,84,7.00,12,3.10,12.0,12.5,7.2,67
1996-08-16,16.0,19.1,86,8.80,156,2.61,12.0,20.7,14.5,52
1996-08-17,14.2,18.6,81,6.70,264,2.61,12.0,22.0,11.5,55
1996-08-18,12.7,16.1,74,1.80,262,2.83,11.0,21.4,18.9,57
1996-08-19,14.3,19.5,75,0.20,227,3.11,2.0,16.1,9.2,50
1996-08-20,13.0,17.6,82,6.30,256,2.48,15.0,30.0,19.6,64
1996-08-21,13.8,16.8,64,0.50,262,3.44,3.0,22.0,17.6,51
1996-08-22,14.8,21.5,65,0.10,230,3.61,1.0,16.2,13.5,49
1996-08-23,17.9,22.0,71,0.00,235,3.26,0.0,18.8,12.3,52
1996-08-24,15.8,20.7,72,0.00,298,3.53,0.0,15.9,7.9,48
1996-08-25,16.3,23.0,74,0.00,122,3.49,0.0,10.0,7.6,51
1996-08-26,18.4,25.0,75,0.00,211,3.87,0.0,13.4,9.1,43
1996-08-27,19.8,26.9,71,0.00,219,3.92,0.0,11.2,7.4,47
1996-08-28,20.8,27.3,73,0.00,123,4.04,0.0,18.1,12.5,52
1996-08-29,21.4,26.7,67,0.00,162,4.16,0.0,19.7,11.6,57
1996-08-30,21.3,26.5,77,0.00,148,3.79,0.0,19.4,10.6,52
1996-08-31,17.3,25.7,68,9.60,239,3.50,5.0,38.2,25.4,45
1996-09-01,11.2,13.8,90,34.90,261,1.00,24.0,45.6,39.8,65
1996-09-02,10.8,12.1,95,24.70,295,0.79,24.0,38.4,31.3,80
1996-09-03,9.2,11.5,80,2.30,339,1.49,15.0,26.3,19.3,59
1996-09-04,8.9,11.3,72,0.00,114,1.52,0.0,15.3,10.1,57
1996-09-05,7.2,9.9,86,16.10,96,0.72,14.0,17.2,15.1,62
1996-09-06,7.2,9.6,89,5.00,311,1.18,24.0,21.5,17.8,64
1996-09-07,6.4,9.5,89,6.20,68,0.71,11.0,14.2,11.0,65
1996-09-08,7.0,9.2,91,3.30,54,0.83,20.0,12.6,6.9,78
1996-09-09,8.4,13.4,83,0.90,278,2.06,5.0,12.4,6.6,55
1996-09-10,10.9,18.4,80,0.00,143,2.44,0.0,14.0,9.8,59
1996-09-11,13.5,19.1,73,0.00,140,2.93,0.0,22.9,18.8,57
1996-09-12,15.3,21.6,71,0.00,136,3.28,0.0,21.8,17.6,57
1996-09-13,15.9,21.1,73,0.40,128,3.01,2.0,20.3,15.8,59
1996-09-14,14.9,20.1,85,2.60,139,1.77,6.0,21.8,10.3,63
1996-09-15,14.4,19.8,87,0.00,105,2.05,0.0,15.4,7.5,58
1996-09-16,13.5,19.0,89,4.00,131,0.92,8.0,22.0,15.9,63
1996-09-17,9.7,10.9,91,4.00,281,0.72,16.0,15.6,11.5,77
1996-09-18,11.4,14.3,88,2.10,141,0.73,9.0,10.7,4.2,79
1996-09-19,10.2,13.5,90,10.40,199,0.55,18.0,20.1,13.1,79
1996-09-20,9.2,12.6,79,4.20,274,1.96,10.0,24.8,18.1,46
1996-09-21,8.9,12.0,73,0.00,260,1.89,0.0,11.5,8.0,51
1996-09-22,7.3,10.6,73,0.30,305,1.75,2.0,19.2,11.7,44
1996-09-23,6.7,10.1,63,0.00,278,2.29,0.0,25.6,20.8,42
1996-09-24,7.5,10.6,65,0.00,288,1.85,0.0,23.2,21.1,45
1996-09-25,7.8,10.5,72,0.60,315,1.56,6.0,20.6,13.2,59
1996-09-26,7.6,12.9,81,2.50,170,1.05,11.0,22.1,16.3,64
1996-09-27,9.9,13.2,75,3.80,298,1.13,16.0,25.2,15.5,62
1996-09-28,4.3,6.9,83,3.40,331,1.17,13.0,11.0,7.7,48
1996-09-29,4.1,6.6,78,1.20,17,1.23,8.0,17.8,11.2,49
1996-09-30,0.5,4.4,62,0.00,70,1.15,0.0,13.0,8.8,46
1996-10-01,1.4,4.9,61,0.00,5,1.20,0.0,10.4,5.7,40
1996-10-02,0.6,4.5,80,0.00,122,0.81,0.0,23.3,13.8,61
1996-10-03,3.4,11.1,78,0.00,138,1.36,0.0,23.6,16.3,61
1996-10-04,6.5,11.0,88,2.50,191,0.61,5.0,17.2,9.6,73
1996-10-05,6.8,9.9,88,1.00,280,1.08,4.0,21.9,10.9,62
1996-10-06,6.0,10.9,85,0.20,167,1.27,1.0,15.7,10.1,59
1996-10-07,9.9,14.6,70,0.50,245,1.95,2.0,25.2,19.0,58
1996-10-08,10.0,12.9,74,1.60,265,1.68,4.0,19.5,17.6,61
1996-10-09,7.7,12.5,78,0.00,188,0.87,0.0,14.6,10.2,64
1996-10-10,10.8,18.7,81,0.40,167,1.48,3.0,13.9,8.4,59
1996-10-11,10.8,15.5,60,0.00,254,2.33,0.0,25.1,20.1,47
1996-10-12,6.3,9.8,67,0.00,274,1.65,0.0,20.6,12.8,52
1996-10-13,6.2,11.5,71,0.00,126,1.55,0.0,23.2,17.5,63
1996-10-14,6.9,11.6,79,0.00,202,1.23,0.0,12.1,8.6,46
1996-10-15,5.4,9.7,84,6.60,253,0.72,18.0,38.2,22.1,60
1996-10-16,2.2,4.6,60,6.40,269,1.57,11.0,35.8,30.0,46
1996-10-17,-0.3,2.1,75,2.30,299,0.94,10.0,24.9,16.5,52
1996-10-18,-1.5,1.0,76,4.30,92,0.67,13.0,28.3,21.3,61
1996-10-19,-1.2,0.5,83,2.70,17,0.52,22.0,16.1,10.7,62
1996-10-20,-2.0,4.4,76,0.40,219,0.90,4.0,15.8,11.5,42
1996-10-21,-0.2,5.0,69,0.00,161,0.92,0.0,19.3,14.5,48
1996-10-22,2.0,7.0,80,0.20,220,0.85,2.0,15.5,11.4,60
1996-10-23,1.9,4.6,87,1.10,277,0.61,7.0,12.9,8.3,61
1996-10-24,0.9,3.0,85,1.40,108,0.45,8.0,18.9,15.3,72
1996-10-25,0.4,1.5,93,7.10,347,0.31,24.0,19.3,12.2,84
1996-10-26,-2.0,3.3,85,0.60,271,0.56,4.0,20.6,12.1,60
1996-10-27,2.2,5.4,76,0.00,248,0.81,0.0,19.9,16.4,70
1996-10-28,0.8,3.5,92,4.10,279,0.25,15.0,29.3,14.3,76
1996-10-29,-10.4,-5.0,69,0.60,306,0.65,5.0,29.7,22.2,48
1996-10-30,-6.3,-2.8,74,0.00,301,0.65,0.0,23.6,13.7,58
1996-10-31,-4.2,2.5,75,0.00,207,0.63,0.0,16.6,12.3,61
1996-11-01,0.3,5.8,77,0.00,254,0.69,0.0,20.6,14.3,62
1996-11-02,2.6,5.4,80,0.80,265,0.60,5.0,21.2,14.4,67
1996-11-03,-1.6,1.3,91,0.30,99,0.32,3.0,22.5,14.6,73
1996-11-04,-2.2,0.4,86,4.60,149,0.38,19.0,20.9,14.2,78
1996-11-05,-1.5,1.8,79,0.00,247,0.62,0.0,20.7,16.5,64
1996-11-06,-0.7,1.9,72,0.00,241,0.77,0.0,23.2,16.9,65
1996-11-07,-1.8,0.2,76,0.00,267,0.67,0.0,24.1,19.2,60
1996-11-08,-3.4,-1.8,80,2.40,102,0.32,12.0,16.0,12.8,73
1996-11-09,-7.9,-3.3,88,4.20,88,0.17,24.0,18.2,14.4,80
1996-11-10,-9.6,-8.6,85,5.30,85,0.22,17.0,19.2,13.6,77
1996-11-11,-10.8,-9.1,85,0.00,125,0.21,0.0,19.4,14.3,74
1996-11-12,-13.1,-10.0,83,0.00,127,0.25,0.0,27.3,23.9,76
1996-11-13,-12.3,-8.5,84,0.00,137,0.25,0.0,28.8,24.9,80
1996-11-14,-8.1,-7.6,86,3.30,360,0.20,19.0,19.9,13.2,76
1996-11-15,-12.0,-9.0,78,2.50,354,0.26,24.0,21.0,15.9,63
1996-11-16,-16.1,-13.7,78,1.10,35,0.18,11.0,14.1,10.0,66
1996-11-17,-19.3,-16.4,79,1.80,84,0.14,9.0,14.5,12.8,71
1996-11-18,-16.7,-15.7,78,4.90,87,0.18,24.0,15.5,13.3,64
1996-11-19,-17.5,-16.5,78,2.80,73,0.17,22.0,19.2,15.2,67
1996-11-20,-20.8,-17.8,75,2.70,25,0.15,20.0,19.8,15.9,70
1996-11-21,-22.1,-21.4,76,0.90,293,0.14,9.0,17.9,16.1,69
1996-11-22,-26.1,-23.1,76,0.00,275,0.09,0.0,11.7,8.6,70
1996-11-23,-22.8,-20.7,77,0.10,272,0.11,1.0,12.6,9.4,71
1996-11-24,-24.9,-19.5,75,0.00,125,0.11,0.0,14.2,9.7,63
1996-11-25,-22.1,-17.3,73,0.00,129,0.17,0.0,16.5,15.0,63
1996-11-26,-15.7,-5.1,80,0.00,208,0.21,0.0,15.5,12.3,70
1996-11-27,-9.1,0.0,83,1.30,177,0.19,4.0,21.3,10.3,74
1996-11-28,-3.4,0.3,84,1.90,291,0.31,13.0,24.1,16.3,74
1996-11-29,-9.1,-7.0,90,0.70,85,0.13,7.0,10.4,6.1,85
1996-11-30,-10.3,-8.5,88,0.00,137,0.15,0.0,13.9,11.5,80
1996-12-01,-11.4,-8.8,85,2.40,117,0.16,10.0,19.8,15.6,83
1996-12-02,-9.2,-8.2,87,3.90,263,0.13,20.0,11.9,8.6,79
1996-12-03,-14.2,-10.3,83,0.00,251,0.11,0.0,12.6,8.3,66
1996-12-04,-15.2,-8.7,74,0.00,151,0.25,0.0,18.6,13.5,54
1996-12-05,-4.3,-0.9,77,2.10,249,0.41,10.0,20.4,15.9,67
1996-12-06,-3.8,-1.7,80,0.00,263,0.30,0.0,17.7,13.6,76
1996-12-07,-12.2,-6.7,88,0.00,112,0.08,0.0,14.5,7.3,85
1996-12-08,-10.9,-9.5,86,1.10,128,0.15,5.0,19.9,15.2,79
1996-12-09,-12.7,-11.2,85,0.40,139,0.11,3.0,14.8,11.1,79
1996-12-10,-13.1,-8.3,81,0.00,125,0.22,0.0,30.3,20.8,68
1996-12-11,-9.3,-7.4,85,2.20,202,0.14,7.0,26.8,11.2,75
1996-12-12,-11.8,-8.4,79,0.00,181,0.14,0.0,11.1,9.6,68
1996-12-13,-12.4,-10.3,84,0.00,207,0.11,0.0,11.0,8.4,74
1996-12-14,-11.7,-4.5,76,0.00,222,0.31,0.0,23.1,16.0,64
1996-12-15,-5.4,-2.3,81,3.70,263,0.26,17.0,29.5,18.5,74
1996-12-16,-14.1,-10.8,82,0.00,298,0.16,0.0,25.5,16.9,77
1996-12-17,-17.1,-14.7,82,0.00,269,0.09,0.0,14.0,9.2,69
1996-12-18,-14.2,-5.3,78,1.00,153,0.17,9.0,16.2,12.3,74
1996-12-19,-4.1,-2.5,87,0.20,269,0.19,2.0,19.1,14.6,84
1996-12-20,-12.2,-4.7,81,6.00,29,0.15,17.0,22.2,16.7,67
1996-12-21,-26.3,-21.5,71,0.00,27,0.07,0.0,16.8,9.1,67
1996-12-22,-29.9,-27.8,73,0.00,335,0.04,0.0,12.9,7.8,68
1996-12-23,-33.9,-31.3,70,0.00,261,0.05,0.0,15.5,12.3,64
1996-12-24,-30.7,-26.5,69,0.00,260,0.07,0.0,14.9,11.1,56
1996-12-25,-27.7,-22.5,73,0.20,267,0.09,2.0,19.1,16.2,70
1996-12-26,-21.6,-19.1,77,0.20,265,0.12,2.0,17.6,15.8,74
1996-12-27,-26.4,-20.2,76,0.00,10,0.05,0.0,13.0,7.5,74
1996-12-28,-33.3,-31.2,71,0.00,277,0.05,0.0,19.8,12.9,65
1996-12-29,-30.3,-28.6,70,0.00,249,0.08,0.0,20.8,13.1,66
1996-12-30,-27.6,-25.3,72,0.60,125,0.10,6.0,18.9,16.4,66
1996-12-31,-25.6,-23.6,72,2.20,112,0.09,9.0,17.2,10.9,65
1997-01-01,-21.9,-18.9,73,1.30,127,0.16,6.0,26.0,17.3,66
1997-01-02,-21.3,-18.8,76,0.50,308,0.11,3.0,16.9,11.1,69
1997-01-03,-18.0,-16.2,77,0.80,93,0.12,5.0,14.4,9.1,72
1997-01-04,-19.9,-16.2,80,0.00,226,0.09,0.0,11.5,8.1,75
1997-01-05,-16.5,-11.0,84,0.00,248,0.13,0.0,16.8,12.3,74
1997-01-06,-12.2,-3.3,77,0.30,185,0.28,2.0,20.5,14.7,67
1997-01-07,-6.1,-1.9,86,0.00,245,0.20,0.0,16.9,12.9,77
1997-01-08,-10.9,-2.6,80,0.60,311,0.18,4.0,23.6,17.2,69
1997-01-09,-28.5,-22.8,73,0.00,332,0.06,0.0,13.2,6.4,61
1997-01-10,-30.7,-28.0,68,0.00,108,0.08,0.0,12.3,10.6,57
1997-01-11,-29.6,-24.4,66,0.00,126,0.12,0.0,21.4,15.9,53
1997-01-12,-22.2,-14.5,59,0.00,134,0.26,0.0,20.6,16.5,49
1997-01-13,-14.1,-8.9,75,0.00,247,0.23,0.0,17.6,11.9,64
1997-01-14,-10.4,-5.8,79,0.00,264,0.27,0.0,26.7,16.6,73
1997-01-15,-14.2,-5.3,78,0.20,351,0.22,2.0,27.1,15.4,69
1997-01-16,-23.7,-19.7,76,0.00,134,0.11,0.0,11.4,9.2,66
1997-01-17,-18.7,-12.3,73,2.20,131,0.22,4.0,24.3,17.5,67
1997-01-18,-3.4,0.3,77,0.00,260,0.63,0.0,29.3,23.6,69
1997-01-19,-1.6,-0.2,84,0.00,262,0.32,0.0,22.6,9.7,75
1997-01-20,-4.1,-2.5,92,0.80,94,0.16,6.0,14.2,12.6,85
1997-01-21,-12.0,-4.7,81,1.00,51,0.19,10.0,18.0,15.0,72
1997-01-22,-15.5,-13.7,81,1.50,129,0.18,8.0,21.7,14.7,76
1997-01-23,-23.3,-15.1,72,0.00,321,0.15,0.0,19.2,15.9,63
1997-01-24,-28.4,-27.1,72,0.00,315,0.09,0.0,12.2,8.8,63
1997-01-25,-32.3,-28.6,69,0.00,238,0.09,0.0,11.2,8.4,52
1997-01-26,-32.7,-28.2,67,0.00,153,0.09,0.0,12.7,9.6,51
1997-01-27,-30.9,-26.2,68,0.00,272,0.10,0.0,12.6,9.5,61
1997-01-28,-25.2,-19.3,67,0.10,122,0.18,1.0,19.5,13.7,59
1997-01-29,-13.1,-2.1,81,2.20,185,0.24,4.0,14.6,12.7,71
1997-01-30,0.9,5.2,81,2.60,238,0.61,4.0,25.1,14.2,63
1997-01-31,2.1,4.1,81,3.70,272,0.63,15.0,28.5,21.5,68
1997-02-01,-1.0,1.5,87,0.00,259,0.47,0.0,18.7,12.1,71
1997-02-02,-3.2,0.3,84,0.00,229,0.46,0.0,17.5,13.2,70
1997-02-03,-3.5,-0.0,87,0.00,259,0.45,0.0,16.2,13.3,66
1997-02-04,-7.2,-1.9,73,0.00,217,0.50,0.0,11.7,8.8,48
1997-02-05,-4.2,-0.7,71,0.00,257,0.73,0.0,20.1,15.6,57
1997-02-06,-6.5,0.5,82,0.00,162,0.48,0.0,13.3,9.8,59
1997-02-07,-5.5,0.7,77,0.00,228,0.61,0.0,20.0,13.9,63
1997-02-08,-2.7,-0.5,84,0.00,256,0.47,0.0,18.5,15.8,76
1997-02-09,-5.3,-2.1,90,0.00,261,0.29,0.0,14.4,7.8,78
1997-02-10,-7.2,-3.6,90,0.00,194,0.25,0.0,16.4,11.9,82
1997-02-11,-10.8,-8.2,85,0.00,170,0.29,0.0,19.4,11.2,72
1997-02-12,-10.5,-6.2,83,0.00,170,0.33,0.0,21.7,13.9,70
1997-02-13,-7.2,-3.8,84,0.40,288,0.47,2.0,19.1,11.4,68
1997-02-14,-6.8,-5.1,87,2.10,72,0.28,10.0,14.8,9.5,78
1997-02-15,-11.5,-7.2,82,2.20,93,0.28,9.0,19.9,15.2,73
1997-02-16,-7.9,-1.0,83,5.50,120,0.39,13.0,21.4,11.0,73
1997-02-17,-8.0,-2.2,84,4.20,34,0.27,13.0,15.0,11.6,72
1997-02-18,-13.1,-6.1,80,0.00,86,0.39,0.0,9.8,6.6,64
1997-02-19,-7.0,0.4,83,0.90,156,0.44,5.0,17.0,11.3,72
1997-02-20,-6.0,-0.4,87,2.20,337,0.41,8.0,16.8,8.1,77
1997-02-21,-7.4,-2.7,85,0.00,267,0.54,0.0,14.3,9.1,70
1997-02-22,-9.2,-0.6,81,0.00,119,0.65,0.0,10.3,7.4,61
1997-02-23,-4.1,4.5,83,0.00,231,0.76,0.0,15.1,9.8,66
1997-02-24,2.7,7.8,69,0.00,259,1.54,0.0,36.4,23.6,42
1997-02-25,0.4,5.9,69,0.00,297,1.27,0.0,34.0,26.8,49
1997-02-26,-5.9,-1.0,83,0.00,140,0.62,0.0,11.8,7.0,68
1997-02-27,-5.0,-2.2,87,0.40,299,0.45,4.0,14.7,7.5,72
1997-02-28,-7.5,-2.9,84,1.10,186,0.47,5.0,12.2,8.5,69
1997-03-01,-10.5,-4.1,80,1.30,43,0.43,6.0,19.2,16.1,64
1997-03-02,-16.0,-11.2,71,0.00,71,0.44,0.0,20.3,17.8,51
1997-03-03,-16.8,-13.2,70,0.00,84,0.41,0.0,14.8,12.5,52
1997-03-04,-14.6,-13.2,77,0.00,18,0.41,0.0,16.1,9.4,59
1997-03-05,-17.1,-11.9,72,0.00,274,0.58,0.0,15.6,7.4,52
1997-03-06,-16.4,-9.4,71,0.00,118,0.54,0.0,16.3,12.3,58
1997-03-07,-11.7,-5.5,77,0.00,126,0.67,0.0,16.5,15.0,62
1997-03-08,-4.4,-0.2,79,2.80,255,0.94,11.0,23.8,18.7,58
1997-03-09,-4.6,-0.6,73,0.00,195,0.88,0.0,20.6,13.6,53
1997-03-10,-3.7,-1.4,82,2.60,99,0.58,11.0,22.7,16.6,63
1997-03-11,-6.8,-2.1,82,6.60,69,0.50,22.0,25.4,21.1,66
1997-03-12,-13.4,-9.5,72,1.10,65,0.55,8.0,20.3,18.1,54
1997-03-13,-16.7,-12.5,68,0.00,50,0.69,0.0,12.8,6.7,43
1997-03-14,-17.0,-11.7,67,0.00,246,0.62,0.0,9.0,4.6,53
1997-03-15,-15.8,-7.6,69,0.00,173,0.78,0.0,8.8,6.5,46
1997-03-16,-13.8,-8.0,74,0.00,83,0.74,0.0,15.3,8.9,51
1997-03-17,-13.4,-6.1,70,0.00,114,0.79,0.0,20.1,10.3,51
1997-03-18,-7.5,1.4,76,0.00,129,0.89,0.0,23.9,17.0,58
1997-03-19,1.5,7.0,78,0.10,176,1.16,1.0,15.3,11.6,61
1997-03-20,2.7,5.5,80,3.50,247,1.35,6.0,22.1,12.7,56
1997-03-21,1.5,4.3,61,0.00,262,2.04,0.0,25.7,21.2,48
1997-03-22,1.7,6.2,72,0.00,237,1.66,0.0,14.0,11.7,51
1997-03-23,1.1,7.2,85,3.50,265,0.89,10.0,13.6,8.9,48
1997-03-24,-0.0,4.9,82,0.90,234,1.15,2.0,15.0,10.6,51
1997-03-25,3.9,9.7,73,0.00,225,1.71,0.0,25.6,15.9,47
1997-03-26,3.4,8.6,69,0.00,260,2.08,0.0,27.0,16.7,50
1997-03-27,-0.2,5.1,78,0.00,269,1.25,0.0,15.8,10.8,62
1997-03-28,-1.4,3.0,84,1.50,126,1.07,9.0,19.1,13.8,66
1997-03-29,1.3,7.5,71,0.00,230,1.87,0.0,17.4,13.5,41
1997-03-30,2.7,7.6,75,0.00,203,1.73,0.0,12.0,6.8,52
1997-03-31,2.1,6.8,80,2.20,70,1.21,7.0,20.9,13.7,58
1997-04-01,-4.4,2.9,79,4.00,319,1.10,17.0,25.8,20.3,54
1997-04-02,-1.9,8.1,68,0.00,217,1.56,0.0,21.8,14.4,44
1997-04-03,1.7,8.1,71,1.20,261,1.38,3.0,29.6,22.0,45
1997-04-04,-6.5,-0.6,77,3.40,324,1.01,10.0,25.7,19.6,59
1997-04-05,-8.7,-4.7,71,0.00,324,1.10,0.0,15.9,9.6,47
1997-04-06,-11.0,-5.8,65,0.00,67,1.32,0.0,11.7,8.2,43
1997-04-07,-11.5,-5.6,67,0.00,98,1.21,0.0,14.9,12.5,43
1997-04-08,-8.9,-3.0,61,0.00,136,1.46,0.0,18.6,16.8,38
1997-04-09,-6.9,0.1,61,0.00,136,1.81,0.0,17.5,11.8,36
1997-04-10,-5.1,2.9,59,0.00,152,2.10,0.0,8.7,5.9,26
1997-04-11,-3.6,4.9,58,0.00,243,2.30,0.0,6.9,4.5,31
1997-04-12,-0.4,9.2,62,0.00,139,2.58,0.0,9.9,6.3,37
1997-04-13,2.7,10.1,64,0.00,54,1.71,0.0,16.1,10.0,35
1997-04-14,-1.6,5.1,71,0.40,68,1.95,3.0,17.4,11.5,46
1997-04-15,3.3,11.2,66,0.00,167,2.76,0.0,15.2,11.8,32
1997-04-16,6.7,14.7,63,0.00,154,2.97,0.0,17.1,9.5,41
1997-04-17,5.7,13.6,75,0.50,270,2.50,3.0,20.7,15.5,43
1997-04-18,4.2,8.9,60,0.00,256,2.91,0.0,17.0,14.1,44
1997-04-19,4.3,9.3,62,0.00,40,2.44,0.0,14.2,8.8,44
1997-04-20,5.1,9.4,74,0.00,97,1.93,0.0,27.8,22.8,49
1997-04-21,3.6,8.6,92,19.80,218,0.97,22.0,18.7,11.6,68
1997-04-22,3.8,9.8,81,0.00,309,2.57,0.0,6.7,4.0,43
1997-04-23,6.5,11.8,57,0.00,125,3.11,0.0,7.4,4.0,34
1997-04-24,5.3,11.1,70,0.00,359,2.79,0.0,14.0,6.5,40
1997-04-25,6.4,11.6,65,0.00,48,2.58,0.0,7.8,4.9,38
1997-04-26,6.6,13.5,67,0.00,133,2.62,0.0,19.9,14.5,40
1997-04-27,7.6,13.1,67,0.90,215,2.31,4.0,27.2,20.0,50
1997-04-28,5.8,9.1,60,0.50,281,2.61,2.0,20.1,16.0,51
1997-04-29,3.7,7.9,80,0.80,9,1.90,5.0,13.1,5.8,57
1997-04-30,3.6,8.4,71,0.00,70,2.03,0.0,11.5,8.7,48
1997-05-01,5.1,10.4,57,0.00,68,2.85,0.0,11.3,7.7,32
1997-05-02,6.9,13.7,54,0.10,215,3.35,1.0,8.8,3.9,32
1997-05-03,8.2,14.4,56,0.00,134,3.32,0.0,18.7,12.2,34
1997-05-04,6.7,13.6,85,5.60,267,1.12,17.0,21.3,12.7,42
1997-05-05,7.1,15.0,77,0.00,178,2.85,0.0,10.4,7.6,45
1997-05-06,8.4,14.8,76,0.80,281,2.62,3.0,22.1,10.6,46
1997-05-07,6.8,11.0,83,1.90,303,2.66,10.0,16.8,8.0,54
1997-05-08,9.3,17.2,63,0.00,224,3.86,0.0,13.0,9.9,31
1997-05-09,10.5,17.0,57,0.00,231,3.42,0.0,19.1,11.3,33
1997-05-10,9.4,13.5,57,0.50,272,3.92,3.0,22.6,17.1,40
1997-05-11,9.6,16.5,60,0.00,264,3.99,0.0,15.2,7.7,36
1997-05-12,12.2,16.4,52,0.00,265,4.41,0.0,31.4,19.3,35
1997-05-13,8.9,15.1,55,0.00,357,4.23,0.0,28.3,10.0,34
1997-05-14,12.7,22.5,50,0.00,127,4.91,0.0,14.9,10.2,34
1997-05-15,15.9,22.2,55,0.00,252,4.66,0.0,22.1,16.9,38
1997-05-16,15.7,20.3,59,0.00,247,4.54,0.0,13.7,10.3,44
1997-05-17,7.6,17.6,96,28.40,280,0.77,22.0,27.0,16.9,57
1997-05-18,6.1,9.2,80,0.60,310,1.94,3.0,16.5,8.3,58
1997-05-19,5.9,8.8,70,0.00,98,2.26,0.0,21.4,16.1,51
1997-05-20,5.0,8.4,65,0.00,87,2.53,0.0,16.6,11.7,51
1997-05-21,3.7,7.2,89,4.90,69,1.23,14.0,18.8,14.0,62
1997-05-22,3.7,8.8,86,2.30,24,2.27,12.0,14.4,6.3,54
1997-05-23,7.1,12.6,71,0.00,140,2.85,0.0,7.1,4.4,46
1997-05-24,9.0,12.7,66,0.00,138,2.87,0.0,16.1,12.4,46
1997-05-25,10.6,15.0,69,0.00,137,2.22,0.0,13.9,7.8,51
1997-05-26,10.3,14.9,78,0.00,106,1.92,0.0,17.3,12.8,54
1997-05-27,10.1,13.8,91,5.00,104,1.71,19.0,14.6,10.9,74
1997-05-28,11.6,17.6,83,0.10,101,3.15,1.0,7.6,5.7,51
1997-05-29,13.9,19.6,75,0.00,50,3.59,0.0,10.2,7.2,55
1997-05-30,14.7,19.5,79,3.50,158,3.61,5.0,17.3,13.5,44
1997-05-31,15.6,22.2,65,0.00,194,3.69,0.0,13.3,6.9,40
1997-06-01,15.0,21.0,79,3.40,256,3.10,9.0,25.2,14.9,46
1997-06-02,13.9,18.1,53,0.00,254,5.09,0.0,18.7,15.8,42
1997-06-03,14.7,20.8,66,0.00,153,4.64,0.0,15.6,8.5,36
1997-06-04,14.6,19.9,71,4.40,113,2.39,10.0,29.3,21.8,43
1997-06-05,13.1,15.4,97,24.50,128,0.67,24.0,29.2,16.1,79
1997-06-06,13.5,18.7,81,0.40,223,3.71,1.0,10.1,7.6,51
1997-06-07,14.9,21.2,78,0.70,158,4.15,1.0,10.7,4.9,46
1997-06-08,14.3,19.0,86,10.00,323,2.47,13.0,21.3,6.9,65
1997-06-09,12.9,18.4,61,0.00,239,4.72,0.0,19.8,15.6,37
1997-06-10,15.7,20.0,59,0.00,252,4.76,0.0,11.2,7.1,39
1997-06-11,16.5,23.1,59,0.00,73,5.27,0.0,15.2,10.6,38
1997-06-12,18.1,22.8,59,0.00,91,5.18,0.0,16.2,14.3,40
1997-06-13,17.2,22.1,79,5.10,169,3.55,9.0,16.8,12.8,43
1997-06-14,16.4,21.0,71,0.00,273,4.31,0.0,22.0,17.0,49
1997-06-15,17.3,22.5,62,0.00,263,4.66,0.0,16.9,11.3,48
1997-06-16,16.6,22.3,70,2.10,258,4.15,4.0,24.2,16.4,43
1997-06-17,16.3,20.9,58,1.00,214,4.04,3.0,17.2,10.4,40
1997-06-18,13.6,16.9,94,25.10,332,0.85,18.0,30.7,11.9,84
1997-06-19,10.9,12.4,98,53.40,276,0.38,24.0,39.3,30.2,93
1997-06-20,10.8,12.2,99,16.30,334,0.58,24.0,26.3,16.2,95
1997-06-21,12.3,15.9,91,7.00,38,2.23,21.0,15.2,10.5,73
1997-06-22,13.2,17.0,87,3.10,72,2.69,6.0,18.2,13.4,65
1997-06-23,12.6,16.8,92,14.60,52,1.90,18.0,16.5,12.1,67
1997-06-24,15.0,20.5,84,2.90,289,3.74,4.0,14.4,8.8,55
1997-06-25,15.5,19.2,85,0.50,316,3.48,1.0,13.8,5.7,66
1997-06-26,16.3,20.1,82,3.50,272,3.52,4.0,14.1,5.3,63
1997-06-27,10.3,15.2,93,36.70,276,1.28,24.0,34.0,23.6,74
1997-06-28,9.4,12.0,87,9.10,311,2.12,21.0,18.7,11.1,74
1997-06-29,10.5,15.4,74,0.30,278,3.63,2.0,13.8,6.4,48
1997-06-30,12.9,16.6,67,0.00,129,3.52,0.0,15.0,10.8,48
1997-07-01,13.8,17.3,69,0.00,147,3.33,0.0,19.8,14.0,49
1997-07-02,14.9,19.6,69,0.00,161,3.92,0.0,16.1,12.3,53
1997-07-03,16.0,20.4,79,0.20,247,3.75,1.0,15.2,10.5,49
1997-07-04,16.7,20.5,76,0.60,299,4.00,3.0,13.7,10.4,48
1997-07-05,17.1,23.1,79,0.00,127,4.47,0.0,15.3,10.0,50
1997-07-06,18.2,22.8,77,1.90,153,3.64,5.0,27.2,15.3,53
1997-07-07,15.6,19.9,67,3.90,259,4.44,6.0,28.1,22.2,40
1997-07-08,17.5,21.9,67,0.00,219,4.39,0.0,13.8,8.4,47
1997-07-09,17.1,21.6,83,10.30,338,2.79,13.0,15.0,7.6,54
1997-07-10,16.8,21.6,73,0.00,273,4.02,0.0,15.5,8.2,48
1997-07-11,15.8,20.5,82,10.90,90,3.00,14.0,23.5,14.4,54
1997-07-12,14.0,17.7,88,17.90,4,2.76,19.0,16.6,10.7,59
1997-07-13,15.4,21.0,90,6.90,270,2.57,11.0,23.2,17.5,67
1997-07-14,18.0,21.5,68,0.00,255,4.84,0.0,24.3,22.4,54
1997-07-15,18.3,21.6,64,0.00,256,5.10,0.0,24.9,21.4,53
1997-07-16,16.9,21.0,67,0.20,262,4.45,1.0,24.9,20.2,55
1997-07-17,15.8,20.3,77,0.70,256,3.84,2.0,18.8,12.0,53
1997-07-18,16.1,20.6,89,20.20,277,3.24,20.0,17.7,8.8,55
1997-07-19,17.8,22.7,61,0.30,258,5.31,1.0,18.4,17.1,46
1997-07-20,19.9,26.2,71,0.00,159,5.05,0.0,17.6,10.4,48
1997-07-21,21.4,26.6,69,0.00,135,5.52,0.0,20.2,17.3,53
1997-07-22,19.9,26.1,71,11.20,200,3.94,6.0,27.4,19.4,50
1997-07-23,17.0,20.6,59,0.00,254,5.11,0.0,24.1,20.0,46
1997-07-24,15.6,19.0,61,0.00,255,4.75,0.0,22.7,18.8,46
1997-07-25,15.3,18.7,68,0.00,263,4.18,0.0,19.2,16.9,49
1997-07-26,14.1,18.3,83,14.30,268,2.12,19.0,25.6,18.3,56
1997-07-27,14.4,18.2,90,4.40,11,2.46,9.0,14.3,8.7,70
1997-07-28,16.4,22.8,80,0.00,123,3.99,0.0,18.6,14.1,51
1997-07-29,20.0,27.1,69,0.00,132,5.08,0.0,18.0,14.5,54
1997-07-30,21.3,27.0,78,3.50,111,3.14,3.0,18.7,12.8,57
1997-07-31,17.3,20.9,78,12.10,259,3.94,10.0,34.6,26.1,43
1997-08-01,16.5,20.7,67,0.00,259,3.99,0.0,22.7,14.5,46
1997-08-02,16.0,21.2,69,0.00,218,3.64,0.0,19.1,8.3,49
1997-08-03,18.1,23.1,76,0.20,136,3.93,1.0,9.0,4.5,53
1997-08-04,20.6,26.8,72,0.00,116,4.59,0.0,13.2,10.7,50
1997-08-05,22.5,29.4,71,0.00,131,4.94,0.0,12.4,7.3,47
1997-08-06,23.7,30.4,78,0.00,148,4.84,0.0,9.7,7.0,52
1997-08-07,21.4,29.0,73,2.70,255,4.22,4.0,29.6,19.1,42
1997-08-08,13.9,20.7,71,6.50,310,2.45,9.0,30.5,24.4,45
1997-08-09,12.8,17.0,74,1.70,299,2.82,10.0,19.4,14.0,53
1997-08-10,16.0,22.2,68,0.00,235,4.16,0.0,17.8,12.2,45
1997-08-11,16.1,22.0,73,0.30,314,3.90,2.0,19.9,11.5,44
1997-08-12,16.6,23.2,69,0.10,147,4.04,1.0,17.1,11.0,45
1997-08-13,18.2,22.7,83,0.90,238,2.86,3.0,19.6,12.6,64
1997-08-14,17.7,21.5,85,18.30,276,2.29,18.0,29.4,18.8,70
1997-08-15,13.1,15.2,97,19.90,353,0.62,24.0,33.9,27.6,89
1997-08-16,11.4,14.2,94,4.50,344,1.62,20.0,24.1,11.1,73
1997-08-17,12.2,15.3,85,3.80,223,2.41,14.0,5.1,2.9,73
1997-08-18,13.1,20.0,81,0.00,146,2.95,0.0,11.7,7.3,49
1997-08-19,16.0,19.7,77,0.00,279,3.19,0.0,16.1,9.3,55
1997-08-20,16.1,21.3,73,0.00,122,3.53,0.0,13.5,8.6,54
1997-08-21,17.0,21.8,75,0.50,129,3.02,3.0,14.6,12.8,59
1997-08-22,17.4,21.3,80,2.70,248,2.88,7.0,27.8,17.4,58
1997-08-23,17.5,22.4,72,0.10,213,3.31,1.0,15.7,9.9,51
1997-08-24,16.1,21.4,84,2.80,253,3.04,3.0,15.5,10.6,55
1997-08-25,17.4,22.0,71,0.00,260,3.56,0.0,12.6,10.5,47
1997-08-26,17.1,23.0,76,0.00,145,3.42,0.0,13.0,7.3,46
1997-08-27,18.6,22.5,67,0.00,139,4.09,0.0,23.8,17.4,46
1997-08-28,16.1,20.3,69,0.00,238,3.51,0.0,16.8,11.3,42
1997-08-29,14.2,19.8,69,0.90,244,2.58,6.0,31.6,18.7,45
1997-08-30,11.9,14.0,82,8.90,283,1.96,15.0,31.0,21.9,60
1997-08-31,11.5,14.3,79,0.40,316,2.18,3.0,10.9,6.6,58
1997-09-01,12.5,19.6,76,0.00,155,2.98,0.0,20.8,14.2,56
1997-09-02,15.9,23.7,67,0.00,144,3.79,0.0,23.0,17.3,53
1997-09-03,18.2,23.2,71,0.00,320,3.11,0.0,6.1,3.7,46
1997-09-04,16.5,21.7,70,0.00,40,1.91,0.0,12.7,10.3,58
1997-09-05,14.5,19.7,77,0.00,135,2.72,0.0,13.5,6.0,43
1997-09-06,13.4,18.7,80,43.30,228,2.00,13.0,27.8,18.9,51
1997-09-07,11.7,15.8,83,7.90,273,1.76,20.0,41.9,31.1,62
1997-09-08,13.9,19.7,68,0.00,255,3.13,0.0,16.5,13.3,47
1997-09-09,16.2,22.0,69,0.00,240,2.96,0.0,13.4,11.3,52
1997-09-10,17.2,21.3,73,0.00,290,2.07,0.0,8.4,5.2,55
1997-09-11,13.8,18.2,94,12.60,72,0.72,17.0,18.3,11.8,86
1997-09-12,10.6,13.7,99,22.90,2,0.37,24.0,28.8,17.3,89
1997-09-13,6.7,9.9,84,5.70,326,1.27,20.0,29.2,25.7,57
1997-09-14,5.7,9.9,77,0.00,97,1.25,0.0,22.7,16.0,56
1997-09-15,5.1,7.7,89,7.00,108,0.76,11.0,29.4,17.7,73
1997-09-16,5.9,7.5,79,1.70,304,1.14,9.0,22.6,18.0,62
1997-09-17,5.4,7.5,75,0.00,323,1.25,0.0,19.1,12.2,60
1997-09-18,5.4,7.4,74,0.10,355,1.35,1.0,13.2,10.8,57
1997-09-19,6.5,15.9,74,0.00,214,2.05,0.0,14.7,11.4,51
1997-09-20,13.3,18.6,65,0.00,252,2.85,0.0,20.5,16.9,51
1997-09-21,13.9,19.2,74,0.00,305,2.25,0.0,15.0,8.4,54
1997-09-22,13.3,19.0,79,0.00,121,2.33,0.0,20.4,16.5,61
1997-09-23,15.2,22.2,71,0.00,218,2.91,0.0,19.0,14.2,43
1997-09-24,16.7,21.3,58,0.00,259,3.39,0.0,22.0,13.5,48
1997-09-25,15.8,23.2,73,0.00,144,2.57,0.0,15.0,10.4,46
1997-09-26,15.6,21.5,77,0.00,151,2.17,0.0,20.4,13.0,55
1997-09-27,11.2,16.2,76,20.10,258,1.43,12.0,42.9,29.6,56
1997-09-28,11.7,14.9,67,7.90,285,2.85,8.0,42.5,30.4,54
1997-09-29,10.5,14.1,61,0.00,267,2.34,0.0,33.4,24.3,53
1997-09-30,9.0,14.0,70,0.00,125,1.52,0.0,21.2,13.8,57
1997-10-01,10.2,14.4,83,6.50,237,1.51,5.0,20.9,12.9,58
1997-10-02,11.6,14.2,75,0.70,131,1.51,3.0,27.4,15.2,62
1997-10-03,8.4,13.7,67,0.70,264,1.90,3.0,33.2,22.9,52
1997-10-04,4.6,7.7,77,0.00,328,1.11,0.0,17.7,6.3,52
1997-10-05,3.9,8.1,77,2.00,274,1.25,8.0,23.4,13.9,46
1997-10-06,5.4,9.4,63,0.00,243,1.75,0.0,18.5,14.4,46
1997-10-07,2.6,8.3,83,14.70,41,0.46,17.0,24.9,14.7,59
1997-10-08,-1.8,-0.6,77,1.10,29,0.75,6.0,23.7,20.8,63
1997-10-09,-2.1,0.4,79,1.00,90,0.63,4.0,25.1,21.7,69
1997-10-10,0.0,2.1,89,2.30,116,0.54,10.0,27.3,15.6,78
1997-10-11,0.6,2.2,92,0.70,162,0.40,6.0,19.0,11.2,80
1997-10-12,-1.7,1.2,80,2.00,290,0.74,10.0,33.0,22.8,50
1997-10-13,-4.6,1.3,72,0.00,300,0.80,0.0,28.2,13.0,47
1997-10-14,2.0,4.5,86,0.20,277,0.50,2.0,19.5,10.5,77
1997-10-15,4.1,10.6,86,0.00,182,0.79,0.0,11.0,8.5,68
1997-10-16,8.0,13.4,83,0.80,223,1.05,3.0,17.7,12.6,70
1997-10-17,7.1,10.5,79,0.00,256,1.10,0.0,15.1,9.9,57
1997-10-18,4.1,7.7,73,0.00,273,1.20,0.0,18.8,15.1,58
1997-10-19,2.5,5.4,75,0.00,279,0.97,0.0,21.5,15.1,61
1997-10-20,-0.8,3.4,67,0.00,143,0.85,0.0,18.8,13.5,60
1997-10-21,2.8,7.7,76,0.00,240,1.04,0.0,15.7,12.7,66
1997-10-22,2.6,6.1,95,7.60,127,0.23,12.0,9.6,8.0,78
1997-10-23,1.4,3.4,94,11.20,61,0.33,24.0,17.9,14.1,76
1997-10-24,0.6,2.8,86,1.50,256,0.52,9.0,12.6,7.7,61
1997-10-25,-1.0,2.6,86,1.20,156,0.37,4.0,16.0,14.0,71
1997-10-26,3.3,8.1,86,0.00,219,0.55,0.0,16.3,13.5,75
1997-10-27,3.7,5.7,72,0.50,265,1.16,3.0,42.7,25.8,50
1997-10-28,0.2,2.6,62,0.00,292,1.09,0.0,33.6,12.4,52
1997-10-29,-1.2,1.2,70,0.00,106,0.85,0.0,25.0,20.1,65
1997-10-30,-0.7,1.4,90,1.30,134,0.30,5.0,21.1,17.0,81
1997-10-31,1.9,7.0,89,0.50,239,0.59,3.0,20.6,13.8,72
1997-11-01,4.5,6.7,73,0.00,269,1.11,0.0,24.5,20.8,65
1997-11-02,2.4,5.0,79,0.00,225,0.61,0.0,19.5,13.1,65
1997-11-03,2.2,4.4,85,2.80,207,0.56,7.0,21.7,14.5,71
1997-11-04,1.7,6.4,90,0.00,246,0.49,0.0,8.9,7.5,77
1997-11-05,3.4,9.0,88,0.00,177,0.58,0.0,16.5,11.7,69
1997-11-06,3.7,6.7,88,0.00,269,0.49,0.0,12.5,9.6,73
1997-11-07,0.3,2.9,78,0.00,278,0.61,0.0,17.2,12.5,62
1997-11-08,-1.1,2.0,83,0.00,287,0.47,0.0,13.2,6.9,61
1997-11-09,-2.2,1.3,82,0.00,140,0.47,0.0,16.5,11.3,60
1997-11-10,-3.7,0.0,84,0.00,135,0.44,0.0,21.3,17.5,64
1997-11-11,-2.2,3.7,72,0.00,162,0.68,0.0,20.0,13.0,45
1997-11-12,-0.7,2.8,55,0.00,277,0.95,0.0,16.6,11.3,46
1997-11-13,-2.7,0.7,75,0.00,130,0.41,0.0,13.5,7.1,61
1997-11-14,-4.6,-0.3,80,0.00,130,0.44,0.0,17.3,14.7,52
1997-11-15,-4.6,0.9,73,0.00,218,0.53,0.0,13.8,10.5,57
1997-11-16,-5.2,-2.5,82,0.00,355,0.23,0.0,10.6,7.6,65
1997-11-17,-5.8,-2.6,67,0.00,173,0.29,0.0,6.9,5.0,58
1997-11-18,-6.3,-3.1,80,0.00,266,0.30,0.0,14.2,7.3,67
1997-11-19,-7.2,-5.1,79,0.00,321,0.27,0.0,12.2,6.8,64
1997-11-20,-9.6,-6.4,82,0.00,104,0.23,0.0,11.9,7.8,67
1997-11-21,-6.3,-4.0,82,2.50,245,0.26,9.0,14.7,10.6,73
1997-11-22,-4.0,0.2,86,0.00,240,0.27,0.0,14.1,10.6,75
1997-11-23,-4.5,-1.4,82,0.00,136,0.37,0.0,23.5,17.0,72
1997-11-24,0.1,5.8,74,0.00,221,0.76,0.0,23.4,16.9,53
1997-11-25,1.1,2.9,59,0.10,260,1.25,1.0,29.4,22.5,52
1997-11-26,-1.5,0.6,63,0.00,245,0.75,0.0,20.4,13.6,54
1997-11-27,-2.6,4.1,73,0.20,177,0.47,2.0,22.9,10.8,60
1997-11-28,-0.1,3.7,83,1.10,210,0.38,2.0,24.8,13.4,65
1997-11-29,-0.5,0.9,77,5.30,245,0.51,5.0,25.3,17.3,61
1997-11-30,-0.3,2.7,66,0.00,179,0.89,0.0,30.6,18.3,52
1997-12-01,-1.3,0.6,79,0.00,259,0.47,0.0,20.4,16.7,70
1997-12-02,-4.1,1.2,78,0.00,195,0.29,0.0,11.3,9.2,66
1997-12-03,-5.5,0.0,80,0.00,124,0.23,0.0,9.3,7.6,67
1997-12-04,-6.8,-3.8,86,0.00,126,0.18,0.0,21.9,18.1,79
1997-12-05,-10.0,-8.1,83,0.00,136,0.21,0.0,21.0,17.8,77
1997-12-06,-9.6,-7.8,82,0.00,136,0.20,0.0,18.9,14.0,73
1997-12-07,-10.8,-9.2,85,0.00,129,0.15,0.0,17.3,14.9,76
1997-12-08,-11.8,-10.4,84,0.00,131,0.16,0.0,16.6,15.9,74
1997-12-09,-8.3,-2.0,81,0.00,234,0.30,0.0,23.0,16.6,66
1997-12-10,-3.6,0.1,64,0.00,258,0.71,0.0,19.9,18.0,52
1997-12-11,-0.7,2.9,61,0.00,242,0.86,0.0,20.5,16.4,55
1997-12-12,1.4,4.0,72,0.00,257,0.69,0.0,23.7,18.1,61
1997-12-13,3.1,7.5,49,0.00,212,1.35,0.0,20.9,14.4,35
1997-12-14,4.4,7.4,36,0.00,198,1.83,0.0,18.7,16.0,33
1997-12-15,1.5,6.2,56,0.00,259,1.21,0.0,25.5,20.6,35
1997-12-16,-3.3,-1.0,67,0.00,136,0.54,0.0,19.4,14.3,60
1997-12-17,-1.6,1.6,80,0.60,231,0.34,4.0,22.9,13.5,61
1997-12-18,-4.7,-0.0,74,0.90,277,0.45,6.0,24.2,16.7,61
1997-12-19,-8.1,-3.1,71,0.00,169,0.34,0.0,16.6,12.1,52
1997-12-20,-4.6,-1.8,74,0.00,176,0.33,0.0,13.4,10.9,64
1997-12-21,-4.8,-3.2,85,9.50,283,0.17,18.0,26.2,17.1,77
1997-12-22,-7.2,-2.2,72,0.00,232,0.39,0.0,20.0,15.1,58
1997-12-23,-0.7,0.5,71,0.00,258,0.73,0.0,25.9,22.6,65
1997-12-24,-1.8,0.7,81,0.00,263,0.42,0.0,26.5,19.4,66
1997-12-25,0.6,1.4,81,0.00,275,0.52,0.0,28.5,22.7,72
1997-12-26,0.2,2.2,73,0.00,256,0.65,0.0,23.9,17.7,57
1997-12-27,-0.8,-0.0,78,0.90,273,0.45,6.0,25.3,19.3,69
1997-12-28,-0.9,1.0,78,0.80,262,0.47,4.0,23.5,17.5,73
1997-12-29,0.3,2.1,78,0.30,267,0.57,2.0,31.9,20.7,61
1997-12-30,-2.8,-0.1,76,0.80,241,0.41,5.0,22.1,13.9,66
1997-12-31,-1.6,1.9,87,3.60,296,0.18,16.0,20.8,15.5,82
1998-01-01,-20.5,-13.7,74,3.50,345,0.14,13.0,20.5,14.4,67
1998-01-02,-26.3,-23.7,75,0.00,305,0.07,0.0,11.9,9.4,67
1998-01-03,-32.1,-26.1,72,0.00,126,0.06,0.0,13.4,10.1,63
1998-01-04,-27.8,-24.6,73,0.00,107,0.08,0.0,17.4,11.7,68
1998-01-05,-23.5,-21.7,72,0.40,112,0.12,4.0,18.2,12.7,64
1998-01-06,-23.0,-21.9,75,0.50,92,0.09,3.0,12.3,10.1,69
1998-01-07,-23.0,-21.0,76,0.10,106,0.09,1.0,12.6,9.7,70
1998-01-08,-24.1,-21.6,77,0.00,41,0.06,0.0,8.0,5.1,70
1998-01-09,-25.5,-22.6,76,0.00,47,0.06,0.0,6.4,4.9,71
1998-01-10,-27.8,-23.4,73,0.00,66,0.07,0.0,8.8,6.9,60
1998-01-11,-27.0,-22.6,73,0.00,87,0.07,0.0,6.0,4.2,62
1998-01-12,-28.3,-22.8,72,0.00,155,0.07,0.0,7.8,5.7,57
1998-01-13,-27.8,-22.6,73,0.00,87,0.08,0.0,8.4,6.3,60
1998-01-14,-22.5,-19.0,72,0.70,110,0.15,5.0,17.3,15.0,68
1998-01-15,-18.5,-16.0,76,2.50,91,0.13,11.0,17.2,9.8,68
1998-01-16,-17.3,-14.2,78,0.00,133,0.15,0.0,16.4,10.8,68
1998-01-17,-17.7,-13.4,79,0.00,128,0.18,0.0,16.7,14.0,66
1998-01-18,-13.9,-8.8,80,0.00,124,0.20,0.0,13.4,11.5,68
1998-01-19,-12.8,-9.7,85,0.00,93,0.16,0.0,15.9,14.3,80
1998-01-20,-10.7,-9.6,84,0.50,83,0.16,4.0,13.9,11.6,73
1998-01-21,-10.9,-8.0,84,0.30,132,0.19,3.0,8.3,6.9,74
1998-01-22,-15.1,-10.1,83,0.00,344,0.13,0.0,11.0,8.6,73
1998-01-23,-17.6,-12.8,81,0.00,103,0.15,0.0,22.9,14.2,77
1998-01-24,-12.3,-10.1,82,5.30,117,0.23,15.0,22.9,19.8,75
1998-01-25,-9.9,-2.4,83,0.00,144,0.33,0.0,18.9,13.7,61
1998-01-26,-6.5,0.7,83,0.60,139,0.33,2.0,14.9,11.0,60
1998-01-27,-2.5,1.8,78,0.00,247,0.51,0.0,19.0,14.3,66
1998-01-28,-3.8,0.4,84,0.00,254,0.35,0.0,15.8,10.0,65
1998-01-29,-7.1,-1.3,83,0.00,122,0.34,0.0,13.5,11.1,65
1998-01-30,-1.4,3.3,78,0.00,250,0.65,0.0,21.7,14.9,64
1998-01-31,-1.8,1.8,85,0.00,265,0.46,0.0,19.1,12.0,72
1998-02-01,-8.5,-2.9,91,0.00,121,0.20,0.0,18.4,12.7,86
1998-02-02,-7.5,-4.5,89,0.00,136,0.27,0.0,24.4,17.2,79
1998-02-03,-9.1,-4.8,88,0.00,136,0.28,0.0,10.2,5.5,75
1998-02-04,-8.7,-4.5,87,0.00,77,0.30,0.0,10.1,7.7,74
1998-02-05,-7.1,-5.6,88,0.80,111,0.23,3.0,13.4,9.1,78
1998-02-06,-8.6,-5.4,88,0.20,18,0.24,1.0,7.9,4.9,77
1998-02-07,-6.6,-5.1,87,0.30,95,0.30,3.0,13.5,8.4,77
1998-02-08,-8.1,-5.7,87,0.00,95,0.27,0.0,17.0,10.9,78
1998-02-09,-6.4,0.9,85,0.00,147,0.50,0.0,17.8,11.5,66
1998-02-10,-2.0,3.2,75,0.00,239,0.73,0.0,18.1,11.8,58
1998-02-11,-3.3,3.5,84,0.00,145,0.63,0.0,15.0,9.5,62
1998-02-12,-4.7,1.6,78,0.00,158,0.56,0.0,22.7,12.9,60
1998-02-13,-1.4,4.4,83,0.10,165,0.72,1.0,23.7,14.7,67
1998-02-14,0.8,5.1,78,0.00,242,0.86,0.0,16.5,13.3,58
1998-02-15,-2.6,4.2,80,0.00,94,0.66,0.0,11.2,8.4,61
1998-02-16,-4.5,0.8,89,0.00,106,0.53,0.0,14.8,10.0,73
1998-02-17,-5.8,1.6,87,0.00,125,0.65,0.0,10.8,6.1,70
1998-02-18,-4.9,0.1,89,0.00,125,0.53,0.0,14.3,12.1,75
1998-02-19,-4.0,3.1,86,0.00,128,0.65,0.0,18.3,14.0,60
1998-02-20,-2.4,2.8,81,0.40,135,0.69,1.0,17.3,11.2,64
1998-02-21,-3.1,1.2,91,0.00,115,0.48,0.0,18.0,13.7,73
1998-02-22,-3.2,2.4,87,0.00,262,0.67,0.0,13.3,8.0,68
1998-02-23,-1.9,1.5,84,0.00,262,0.68,0.0,15.9,13.3,69
1998-02-24,-2.7,1.8,79,0.00,255,0.86,0.0,15.9,12.0,59
1998-02-25,-5.7,1.8,78,0.00,145,0.82,0.0,12.8,10.2,61
1998-02-26,-4.4,0.9,85,0.00,141,0.73,0.0,15.8,10.0,58
1998-02-27,-5.8,0.3,84,0.00,224,0.70,0.0,9.0,6.3,63
1998-02-28,-7.3,-0.2,81,0.00,144,0.79,0.0,12.1,6.7,62
1998-03-01,-7.0,-1.0,81,0.00,119,0.68,0.0,20.9,18.1,63
1998-03-02,-7.9,-3.5,82,0.00,119,0.66,0.0,16.6,14.9,64
1998-03-03,-7.6,-4.6,84,0.00,116,0.50,0.0,17.7,13.5,70
1998-03-04,-5.3,-1.8,85,0.00,118,0.62,0.0,8.9,5.4,66
1998-03-05,-5.0,-2.0,85,0.20,27,0.60,2.0,14.5,9.9,68
1998-03-06,-10.3,-4.2,79,0.00,87,0.54,0.0,13.7,12.2,62
1998-03-07,-13.2,-8.7,72,0.50,62,0.59,5.0,15.8,12.1,49
1998-03-08,-18.4,-12.7,69,0.00,88,0.50,0.0,13.1,11.3,52
1998-03-09,-17.9,-14.0,71,0.00,101,0.43,0.0,20.5,16.0,55
1998-03-10,-16.8,-11.2,71,0.00,131,0.53,0.0,29.5,21.9,58
1998-03-11,-8.9,5.8,73,0.00,153,1.20,0.0,28.7,18.7,51
1998-03-12,0.0,4.9,82,0.00,292,1.11,0.0,15.0,11.4,62
1998-03-13,-8.9,-0.3,78,0.70,96,0.50,3.0,26.1,18.2,64
1998-03-14,-7.6,1.6,79,3.70,137,0.94,7.0,28.0,18.3,61
1998-03-15,-1.4,6.2,82,0.10,173,1.29,1.0,16.4,13.0,60
1998-03-16,-0.2,5.2,83,0.00,292,1.10,0.0,14.1,6.9,63
1998-03-17,-0.3,4.1,79,0.00,115,1.24,0.0,10.6,8.4,52
1998-03-18,-1.9,4.4,79,0.00,148,1.38,0.0,16.0,11.7,56
1998-03-19,0.0,5.7,77,0.00,222,1.39,0.0,12.9,10.5,59
1998-03-20,-0.3,4.2,82,0.00,310,1.34,0.0,8.9,7.1,63
1998-03-21,-0.2,4.6,81,0.00,106,1.18,0.0,7.7,5.3,52
1998-03-22,-1.3,3.4,79,0.00,87,1.25,0.0,13.0,9.0,57
1998-03-23,-2.2,3.0,83,0.00,135,1.09,0.0,18.3,15.2,59
1998-03-24,0.6,7.2,85,0.00,155,1.54,0.0,20.4,12.5,59
1998-03-25,2.9,7.7,74,0.20,250,1.72,1.0,21.3,17.0,43
1998-03-26,2.5,7.0,58,0.00,243,2.21,0.0,17.8,14.6,31
1998-03-27,0.6,5.9,48,0.00,252,2.13,0.0,14.4,12.4,34
1998-03-28,-0.2,4.3,55,0.00,261,1.96,0.0,14.1,11.4,37
1998-03-29,0.9,6.7,49,0.00,235,2.37,0.0,22.9,16.0,32
1998-03-30,4.0,11.3,60,0.00,251,2.41,0.0,17.8,14.8,40
1998-03-31,4.0,10.7,70,0.40,258,1.96,3.0,13.3,10.8,38
1998-04-01,3.1,7.5,56,0.00,275,1.98,0.0,10.1,5.6,32
1998-04-02,2.9,9.7,68,0.00,161,2.13,0.0,14.1,10.1,38
1998-04-03,3.8,10.3,79,3.30,177,2.08,6.0,9.4,6.8,44
1998-04-04,4.1,9.0,60,0.10,291,2.25,1.0,12.7,9.1,39
1998-04-05,3.8,8.8,54,0.00,141,2.19,0.0,14.8,9.0,36
1998-04-06,4.1,9.7,55,0.00,134,2.74,0.0,21.8,18.9,40
1998-04-07,5.4,11.2,66,0.00,144,2.30,0.0,19.1,14.4,41
1998-04-08,5.0,10.5,76,0.30,256,1.70,2.0,19.2,10.5,46
1998-04-09,4.1,8.1,47,0.00,277,2.86,0.0,16.0,12.1,31
1998-04-10,4.5,10.5,47,0.00,113,2.58,0.0,9.9,5.8,31
1998-04-11,3.7,10.1,77,3.40,76,1.49,11.0,13.5,9.8,43
1998-04-12,2.5,5.3,85,0.20,296,1.35,2.0,15.2,11.6,50
1998-04-13,2.6,7.5,61,0.00,134,2.16,0.0,9.2,6.0,40
1998-04-14,3.3,9.3,55,0.00,143,2.62,0.0,10.1,8.0,32
1998-04-15,4.1,9.8,50,0.00,156,3.11,0.0,17.7,13.2,32
1998-04-16,4.7,10.3,64,0.00,131,2.83,0.0,16.6,14.0,38
1998-04-17,6.2,13.1,58,0.00,195,3.23,0.0,10.2,6.8,30
1998-04-18,7.7,15.2,50,0.00,148,3.52,0.0,12.5,7.4,27
1998-04-19,7.5,14.3,51,0.00,178,3.57,0.0,19.6,15.5,30
1998-04-20,7.0,14.3,43,0.00,253,3.91,0.0,18.1,13.9,24
1998-04-21,9.0,14.5,51,0.00,179,3.22,0.0,16.1,10.8,26
1998-04-22,9.3,15.6,58,0.00,272,3.39,0.0,12.8,7.9,31
1998-04-23,9.9,15.7,54,2.80,100,3.25,6.0,26.0,19.3,33
1998-04-24,8.2,13.9,76,5.60,106,2.32,7.0,31.3,20.7,50
1998-04-25,6.7,10.8,66,8.10,261,2.59,9.0,20.7,16.5,27
1998-04-26,8.9,18.5,43,0.00,228,4.42,0.0,20.1,15.1,27
1998-04-27,10.8,18.8,58,0.00,260,3.49,0.0,23.9,16.6,36
1998-04-28,10.5,17.5,61,0.00,255,3.59,0.0,19.6,12.7,42
1998-04-29,11.1,16.8,60,0.00,261,3.56,0.0,27.4,15.5,32
1998-04-30,8.9,15.8,56,0.00,304,3.90,0.0,21.2,8.6,30
1998-05-01,12.0,22.3,55,0.00,139,4.21,0.0,14.6,7.7,31
1998-05-02,15.7,24.4,55,0.00,186,4.66,0.0,11.2,7.7,23
1998-05-03,13.7,24.2,49,1.70,273,3.97,5.0,28.5,18.8,31
1998-05-04,10.8,20.4,56,0.10,282,4.21,1.0,25.6,9.3,24
1998-05-05,11.1,20.5,50,0.00,308,3.58,0.0,32.1,21.5,25
1998-05-06,7.4,14.9,67,0.00,136,3.17,0.0,23.0,18.1,43
1998-05-07,11.6,16.9,56,0.00,185,3.63,0.0,24.0,14.6,33
1998-05-08,12.7,20.6,50,0.00,275,4.38,0.0,9.4,5.4,26
1998-05-09,12.2,20.3,66,3.10,239,2.62,7.0,21.3,14.2,28
1998-05-10,10.3,17.2,59,0.10,256,4.05,1.0,15.9,5.9,30
1998-05-11,12.7,19.7,50,0.00,99,4.63,0.0,10.4,7.7,28
1998-05-12,12.2,19.5,50,0.00,87,4.78,0.0,18.7,13.8,28
1998-05-13,11.4,16.5,52,0.00,116,4.70,0.0,19.8,17.4,36
1998-05-14,12.3,19.5,47,0.00,110,4.96,0.0,23.3,18.5,36
1998-05-15,14.6,19.9,61,0.00,72,4.20,0.0,14.8,8.4,39
1998-05-16,12.9,17.5,69,1.00,352,3.32,2.0,12.1,9.2,36
1998-05-17,13.4,18.3,52,0.00,86,3.28,0.0,6.5,4.5,30
1998-05-18,14.3,19.3,52,0.00,38,3.92,0.0,5.9,3.8,31
1998-05-19,14.7,19.8,62,0.10,224,4.00,1.0,10.6,6.7,34
1998-05-20,16.0,22.4,66,0.40,188,4.13,1.0,14.0,6.5,36
1998-05-21,17.1,24.1,60,0.00,119,4.60,0.0,10.6,7.4,31
1998-05-22,17.8,23.5,60,0.20,136,3.77,1.0,10.5,6.2,33
1998-05-23,17.2,22.9,81,3.20,120,3.06,10.0,10.8,8.0,53
1998-05-24,18.8,23.9,61,0.00,116,5.08,0.0,18.4,13.4,35
1998-05-25,19.1,23.9,51,0.00,121,5.73,0.0,16.3,13.7,33
1998-05-26,19.3,24.2,56,0.40,64,5.10,2.0,13.8,10.4,37
1998-05-27,18.3,23.0,63,0.10,55,4.55,1.0,15.4,8.6,33
1998-05-28,15.9,22.3,46,0.00,55,5.12,0.0,18.7,10.2,28
1998-05-29,16.2,21.1,51,0.00,165,4.58,0.0,12.1,6.8,28
1998-05-30,15.2,20.5,51,0.00,21,5.12,0.0,15.9,10.5,33
1998-05-31,15.8,22.5,59,4.30,232,4.17,4.0,26.0,14.3,34
1998-06-01,10.4,16.6,88,24.40,347,1.58,22.0,25.9,21.2,54
1998-06-02,9.6,13.1,60,0.00,328,3.31,0.0,17.8,11.4,43
1998-06-03,11.4,14.4,66,0.00,47,3.31,0.0,14.0,8.8,37
1998-06-04,11.3,14.6,52,0.00,73,3.43,0.0,12.9,9.1,38
1998-06-05,12.6,16.7,59,0.00,133,3.24,0.0,9.1,6.2,40
1998-06-06,13.9,18.4,61,0.10,133,3.99,1.0,17.9,11.5,42
1998-06-07,14.7,20.1,66,0.40,141,4.34,1.0,9.1,7.6,37
1998-06-08,16.5,22.0,55,0.00,169,5.14,0.0,12.9,9.1,33
1998-06-09,18.8,26.9,50,0.00,175,5.68,0.0,19.7,9.7,34
1998-06-10,21.1,26.3,62,0.00,283,5.20,0.0,14.5,9.1,36
1998-06-11,19.9,25.6,61,0.00,264,4.80,0.0,22.0,14.0,41
1998-06-12,16.1,21.9,43,0.00,276,5.91,0.0,26.3,20.0,31
1998-06-13,13.5,18.6,63,0.10,297,3.68,1.0,26.4,16.6,39
1998-06-14,11.6,16.3,62,0.00,315,3.39,0.0,23.5,13.3,41
1998-06-15,13.2,16.8,65,2.10,104,3.28,10.0,15.9,12.0,40
1998-06-16,13.0,16.8,74,2.40,11,3.34,8.0,17.9,11.4,55
1998-06-17,13.6,18.5,73,0.00,94,3.64,0.0,9.2,6.7,46
1998-06-18,15.8,20.8,70,0.40,87,4.14,3.0,14.8,10.6,46
1998-06-19,16.9,20.6,68,0.00,15,3.79,0.0,12.1,7.4,42
1998-06-20,18.2,23.2,58,0.00,356,4.69,0.0,11.9,7.9,34
1998-06-21,20.1,26.1,61,0.00,271,5.17,0.0,10.1,6.1,32
1998-06-22,21.3,27.6,58,0.20,196,5.34,1.0,13.1,6.4,31
1998-06-23,19.5,24.4,69,0.40,239,4.85,1.0,16.9,12.6,37
1998-06-24,19.2,23.4,67,0.80,200,4.38,3.0,15.3,8.1,45
1998-06-25,17.1,22.2,85,17.70,289,2.81,17.0,14.8,7.6,54
1998-06-26,16.2,20.3,78,0.00,320,2.92,0.0,22.4,15.2,58
1998-06-27,13.7,17.4,80,5.10,316,1.71,12.0,26.5,22.3,60
1998-06-28,13.9,16.2,96,23.30,348,0.90,24.0,20.5,17.0,84
1998-06-29,16.9,22.2,90,1.60,0,2.58,10.0,20.9,11.2,65
1998-06-30,18.7,22.8,84,1.90,60,3.30,6.0,11.6,9.2,63
1998-07-01,17.4,20.6,92,11.30,65,1.76,18.0,14.1,10.1,69
1998-07-02,17.9,22.5,70,0.70,59,4.72,2.0,17.9,12.2,42
1998-07-03,18.8,22.9,67,0.00,137,4.87,0.0,15.9,12.3,43
1998-07-04,18.8,22.8,72,0.30,123,4.01,2.0,15.5,13.7,46
1998-07-05,19.1,23.7,77,0.10,123,3.88,1.0,13.0,10.1,51
1998-07-06,20.4,25.6,72,0.00,180,4.82,0.0,10.4,7.6,50
1998-07-07,20.9,24.8,67,0.00,256,5.54,0.0,20.2,17.1,41
1998-07-08,20.0,23.9,64,0.10,260,4.94,1.0,15.9,10.7,42
1998-07-09,20.5,24.2,74,0.30,303,4.45,1.0,7.9,5.1,57
1998-07-10,20.9,25.8,80,0.00,170,4.27,0.0,14.7,7.6,57
1998-07-11,20.2,23.6,88,6.40,183,2.71,8.0,11.9,6.6,75
1998-07-12,17.6,21.2,83,9.00,280,2.42,13.0,32.6,21.4,65
1998-07-13,16.3,19.1,57,0.20,264,5.10,1.0,38.8,34.3,39
1998-07-14,13.0,18.1,66,8.90,284,2.87,16.0,36.9,27.9,39
1998-07-15,11.7,15.6,73,0.10,129,2.35,1.0,15.7,12.4,63
1998-07-16,15.7,23.0,76,0.00,135,3.59,0.0,12.5,11.3,59
1998-07-17,20.0,24.0,78,2.70,176,4.13,3.0,17.9,11.3,47
1998-07-18,18.8,23.5,55,0.00,264,5.51,0.0,21.2,18.4,45
1998-07-19,19.0,24.3,66,2.60,158,4.38,4.0,15.9,10.4,41
1998-07-20,14.4,19.3,89,32.40,271,1.21,24.0,34.9,26.0,75
1998-07-21,15.0,19.0,88,2.90,297,2.67,7.0,14.5,10.3,58
1998-07-22,17.4,22.2,70,0.00,145,3.83,0.0,7.5,5.2,45
1998-07-23,18.7,24.9,67,0.00,140,4.92,0.0,17.3,14.2,48
1998-07-24,21.0,25.8,74,0.50,191,4.71,3.0,15.8,12.3,48
1998-07-25,21.4,25.4,63,0.00,263,4.93,0.0,21.3,14.4,43
1998-07-26,21.0,27.1,63,0.00,267,5.29,0.0,16.0,9.3,39
1998-07-27,21.3,26.8,57,0.00,313,5.35,0.0,15.5,11.0,37
1998-07-28,19.0,24.2,58,0.00,353,5.14,0.0,15.3,10.2,37
1998-07-29,17.8,23.3,59,0.00,111,5.28,0.0,19.3,16.4,40
1998-07-30,19.7,25.2,56,0.00,129,5.56,0.0,21.2,19.5,43
1998-07-31,20.0,24.6,83,1.90,92,3.42,2.0,17.7,10.2,59
1998-08-01,20.7,23.9,76,0.10,59,3.49,1.0,12.5,11.2,61
1998-08-02,21.0,27.1,78,0.00,189,4.17,0.0,8.5,2.7,40
1998-08-03,22.8,28.3,69,0.00,139,5.03,0.0,15.0,10.2,40
1998-08-04,23.9,31.1,63,0.30,155,5.61,1.0,20.0,13.4,33
1998-08-05,25.2,32.6,66,0.00,115,5.35,0.0,15.6,10.7,33
1998-08-06,21.9,30.7,53,0.10,258,5.11,1.0,37.8,25.1,35
1998-08-07,18.8,23.8,44,0.00,251,6.08,0.0,26.0,18.7,32
1998-08-08,19.4,25.2,51,0.00,256,5.13,0.0,14.6,11.1,31
1998-08-09,21.6,29.7,56,0.00,146,5.15,0.0,17.7,9.9,32
1998-08-10,21.7,29.6,54,0.00,257,5.35,0.0,26.0,16.7,34
1998-08-11,18.9,23.8,54,0.00,261,4.67,0.0,18.4,11.3,34
1998-08-12,20.1,24.6,60,0.30,249,4.33,1.0,20.5,11.2,39
1998-08-13,18.8,23.6,52,0.00,296,4.87,0.0,18.8,14.3,35
1998-08-14,18.8,23.9,58,0.20,149,3.53,1.0,12.1,7.4,36
1998-08-15,18.2,21.6,75,0.00,42,3.29,0.0,13.5,10.3,41
1998-08-16,16.3,20.6,60,0.00,101,3.29,0.0,15.5,13.1,42
1998-08-17,16.4,21.7,64,0.00,131,3.52,0.0,15.8,11.4,45
1998-08-18,16.0,20.9,71,0.00,169,3.60,0.0,12.2,8.4,39
1998-08-19,17.3,20.7,67,0.40,307,3.54,3.0,16.9,11.9,41
1998-08-20,17.7,22.9,70,0.10,86,3.30,1.0,16.7,12.0,49
1998-08-21,20.1,25.4,61,0.20,131,4.26,1.0,16.3,11.2,39
1998-08-22,19.9,24.2,60,0.00,262,3.90,0.0,14.8,9.2,27
1998-08-23,18.8,23.7,52,0.00,285,4.38,0.0,13.7,10.8,28
1998-08-24,17.1,20.8,66,2.00,277,3.57,5.0,17.2,12.6,43
1998-08-25,17.3,24.1,61,0.00,208,3.34,0.0,13.8,7.6,32
1998-08-26,16.7,23.9,72,2.50,272,3.18,8.0,18.9,13.8,33
1998-08-27,16.4,21.0,56,0.00,244,4.14,0.0,30.0,17.0,34
1998-08-28,16.9,22.0,44,0.00,261,5.33,0.0,26.8,19.8,34
1998-08-29,18.9,28.5,61,0.00,189,4.08,0.0,13.0,7.9,30
1998-08-30,19.9,28.2,49,0.00,269,5.10,0.0,29.2,19.4,24
1998-08-31,15.5,20.7,46,0.00,305,4.15,0.0,24.5,8.5,24
1998-09-01,15.7,21.6,46,0.00,138,3.90,0.0,25.8,16.9,24
1998-09-02,18.1,23.5,62,0.00,207,3.11,0.0,27.1,13.2,35
1998-09-03,16.8,22.4,36,0.00,266,5.34,0.0,24.7,17.2,28
1998-09-04,14.8,21.1,63,5.40,281,3.49,7.0,27.6,16.7,33
1998-09-05,13.6,17.1,57,0.00,223,2.67,0.0,15.1,7.4,34
1998-09-06,13.8,19.3,57,0.00,124,3.15,0.0,28.5,17.0,39
1998-09-07,16.5,22.5,54,0.00,133,4.14,0.0,24.9,14.3,42
1998-09-08,15.2,21.9,71,2.10,311,2.58,6.0,23.2,13.3,41
1998-09-09,13.3,17.4,65,0.60,199,2.13,4.0,13.0,7.6,40
1998-09-10,12.6,16.3,70,0.30,250,2.32,2.0,20.2,10.4,46
1998-09-11,14.1,21.2,61,0.00,218,3.24,0.0,23.5,13.7,35
1998-09-12,15.4,21.5,53,0.00,254,3.67,0.0,19.8,13.9,38
1998-09-13,14.6,20.9,60,2.10,266,3.13,6.0,33.3,22.4,39
1998-09-14,11.8,17.0,60,0.00,216,2.73,0.0,26.7,10.6,37
1998-09-15,12.0,16.6,59,0.00,253,2.76,0.0,16.3,11.5,37
1998-09-16,11.4,15.5,61,0.00,18,2.15,0.0,18.0,8.6,39
1998-09-17,8.7,13.0,70,0.00,17,2.03,0.0,16.3,9.3,43
1998-09-18,8.1,12.8,71,4.80,110,1.21,9.0,20.1,16.5,43
1998-09-19,8.8,13.6,75,1.00,57,1.43,4.0,12.7,6.8,52
1998-09-20,10.9,17.9,77,0.00,238,2.20,0.0,12.5,8.5,47
1998-09-21,12.6,18.2,66,0.00,250,2.66,0.0,18.1,12.6,46
1998-09-22,12.9,17.6,68,0.20,300,2.13,1.0,14.8,9.3,49
1998-09-23,11.4,15.6,79,0.20,220,1.16,1.0,8.9,5.9,56
1998-09-24,9.5,12.2,90,14.50,304,1.19,20.0,20.6,12.3,60
1998-09-25,9.0,11.4,90,7.30,350,0.87,14.0,21.3,10.8,65
1998-09-26,8.5,15.5,75,0.10,260,1.92,1.0,21.9,15.6,48
1998-09-27,12.9,16.1,70,1.50,260,2.02,3.0,22.4,14.7,55
1998-09-28,8.6,12.0,93,3.70,259,0.89,7.0,14.5,7.8,78
1998-09-29,6.0,9.2,84,1.20,318,1.34,1.0,22.4,12.8,45
1998-09-30,5.7,12.6,67,0.00,140,1.79,0.0,23.0,15.4,46
1998-10-01,9.1,15.2,79,0.00,135,1.80,0.0,25.5,19.0,54
1998-10-02,10.3,14.4,57,0.10,126,2.51,1.0,26.0,23.6,50
1998-10-03,8.1,11.1,80,7.40,128,1.10,17.0,21.5,18.4,43
1998-10-04,6.3,11.9,74,0.00,242,1.60,0.0,18.7,11.2,42
1998-10-05,6.7,12.6,75,0.00,187,1.23,0.0,15.0,9.1,51
1998-10-06,9.8,17.7,78,0.00,178,1.67,0.0,10.5,8.4,50
1998-10-07,11.2,15.9,76,0.00,176,1.71,0.0,18.7,11.7,58
1998-10-08,7.4,13.7,80,1.70,25,0.73,7.0,17.6,15.8,71
1998-10-09,1.8,4.3,84,6.70,52,0.55,24.0,22.3,19.7,71
1998-10-10,1.0,3.2,83,5.90,69,0.67,20.0,23.8,17.2,64
1998-10-11,0.9,2.7,87,0.00,112,0.54,0.0,14.1,10.7,68
1998-10-12,0.6,2.7,84,0.00,135,0.68,0.0,32.4,23.3,71
1998-10-13,0.6,4.4,84,0.00,139,0.84,0.0,27.9,19.7,73
1998-10-14,2.0,9.0,90,0.00,168,0.98,0.0,12.7,8.2,69
1998-10-15,3.4,6.4,94,1.30,343,0.38,6.0,10.6,8.4,83
1998-10-16,4.1,8.1,87,0.00,181,0.95,0.0,15.2,8.7,57
1998-10-17,3.4,6.7,85,0.90,181,0.52,5.0,22.5,15.5,68
1998-10-18,3.7,7.3,66,0.30,266,1.55,2.0,24.0,21.1,47
1998-10-19,6.5,10.9,64,0.00,262,1.81,0.0,24.1,20.6,54
1998-10-20,8.6,14.2,65,0.00,256,2.00,0.0,22.3,20.3,45
1998-10-21,11.0,17.8,56,0.00,239,2.04,0.0,20.8,12.7,44
1998-10-22,9.2,16.3,73,0.00,221,1.11,0.0,8.4,4.6,46
1998-10-23,7.0,13.4,78,0.00,240,1.01,0.0,10.0,6.4,53
1998-10-24,5.4,10.9,84,0.00,122,0.96,0.0,17.7,14.0,61
1998-10-25,6.3,11.3,88,0.00,147,0.94,0.0,18.7,13.8,63
1998-10-26,10.2,12.3,53,0.00,255,2.84,0.0,35.3,28.2,39
1998-10-27,6.5,10.9,62,0.00,149,1.64,0.0,33.9,16.8,45
1998-10-28,7.4,10.4,63,0.70,217,1.70,4.0,33.9,25.3,38
1998-10-29,3.9,6.3,51,0.00,251,1.78,0.0,21.5,18.7,40
1998-10-30,0.1,3.9,63,0.10,312,0.98,1.0,18.7,11.4,43
1998-10-31,-1.4,1.6,67,0.00,134,0.94,0.0,25.0,21.2,57
1998-11-01,-0.5,3.8,85,0.30,138,0.60,2.0,22.9,12.2,70
1998-11-02,0.1,3.5,90,0.00,81,0.45,0.0,9.3,6.7,72
1998-11-03,0.3,2.3,89,0.00,44,0.32,0.0,10.2,6.0,75
1998-11-04,1.0,3.4,88,0.00,136,0.45,0.0,16.5,10.7,67
1998-11-05,1.6,3.5,82,0.00,127,0.56,0.0,21.1,16.9,66
1998-11-06,0.6,2.1,80,0.00,122,0.53,0.0,19.1,15.7,64
1998-11-07,-1.9,-0.3,61,0.00,137,0.91,0.0,17.3,15.3,55
1998-11-08,-2.8,-1.3,62,0.00,137,0.50,0.0,14.3,7.3,54
1998-11-09,-2.5,-1.2,71,0.50,306,0.53,5.0,21.7,12.4,53
1998-11-10,-3.9,-1.8,65,0.10,301,0.79,1.0,22.1,19.1,47
1998-11-11,-7.1,-4.2,60,0.00,313,0.60,0.0,17.1,11.0,40
1998-11-12,-2.4,2.2,69,1.80,214,0.57,5.0,18.2,13.6,48
1998-11-13,-2.2,0.7,80,0.00,9,0.40,0.0,14.2,10.4,61
1998-11-14,-5.6,-3.6,80,0.00,298,0.31,0.0,15.9,10.5,57
1998-11-15,-10.1,-6.7,67,1.90,101,0.47,9.0,20.6,18.6,60
1998-11-16,-11.0,-10.1,76,2.10,104,0.27,13.0,16.7,11.3,63
1998-11-17,-13.1,-10.6,80,0.00,137,0.23,0.0,17.6,15.1,71
1998-11-18,-11.1,-3.8,83,0.00,172,0.26,0.0,15.6,10.2,73
1998-11-19,-8.0,-2.4,79,0.00,219,0.29,0.0,10.9,9.0,62
1998-11-20,-8.1,-2.7,80,0.00,145,0.31,0.0,19.7,12.1,65
1998-11-21,-4.0,2.6,84,0.90,168,0.32,3.0,15.9,13.5,71
1998-11-22,-2.4,1.9,77,0.00,234,0.38,0.0,12.9,10.1,68
1998-11-23,-2.6,1.4,78,0.00,222,0.40,0.0,13.8,10.6,71
1998-11-24,-5.4,-1.6,89,0.00,107,0.23,0.0,17.2,11.8,82
1998-11-25,-6.4,-1.1,85,0.20,140,0.27,1.0,16.4,10.3,69
1998-11-26,-3.2,3.6,84,0.30,147,0.34,1.0,15.5,11.9,69
1998-11-27,-1.1,1.6,76,0.00,238,0.44,0.0,16.1,12.1,71
1998-11-28,-6.1,-1.3,81,0.30,241,0.27,2.0,18.6,11.8,60
1998-11-29,-11.9,-6.4,78,0.00,179,0.20,0.0,13.4,8.6,62
1998-11-30,-14.4,-7.8,83,0.00,197,0.15,0.0,11.3,6.7,69
1998-12-01,-12.8,-7.3,84,0.00,130,0.19,0.0,18.6,15.7,76
1998-12-02,-5.7,-4.4,89,0.40,134,0.17,3.0,24.1,16.5,80
1998-12-03,-8.7,-6.0,89,0.00,272,0.12,0.0,9.8,8.2,82
1998-12-04,-9.2,-5.1,89,0.00,186,0.14,0.0,10.3,7.8,77
1998-12-05,-11.3,-6.2,85,0.00,164,0.15,0.0,10.2,8.2,67
1998-12-06,-11.8,-3.7,83,0.00,206,0.19,0.0,17.4,10.9,72
1998-12-07,-9.1,-5.5,82,0.00,196,0.20,0.0,17.4,12.1,63
1998-12-08,-5.3,-1.0,81,1.20,237,0.32,5.0,19.9,15.0,65
1998-12-09,-2.5,1.9,68,0.00,249,0.70,0.0,22.2,18.8,57
1998-12-10,-0.8,5.6,76,0.00,216,0.54,0.0,26.2,15.7,61
1998-12-11,0.9,3.5,65,0.00,252,1.03,0.0,29.7,22.8,60
1998-12-12,-5.0,0.3,79,0.00,161,0.27,0.0,19.6,11.4,70
1998-12-13,-0.8,1.4,84,0.00,190,0.24,0.0,20.1,11.2,73
1998-12-14,-1.4,0.6,78,0.00,266,0.51,0.0,32.1,22.8,63
1998-12-15,-6.8,-0.9,73,0.20,236,0.38,2.0,22.4,13.6,65
1998-12-16,-1.6,1.0,80,0.30,255,0.36,1.0,20.6,15.5,74
1998-12-17,-1.5,3.5,84,10.30,290,0.36,21.0,36.0,25.8,73
1998-12-18,-17.1,-9.3,79,0.10,337,0.17,1.0,28.1,20.1,72
1998-12-19,-23.6,-21.1,77,0.20,297,0.10,2.0,17.9,14.3,73
1998-12-20,-25.8,-22.6,74,0.00,267,0.09,0.0,15.6,11.9,66
1998-12-21,-26.5,-14.2,76,0.70,232,0.09,3.0,22.3,11.8,67
1998-12-22,-14.9,-11.2,79,0.90,299,0.22,6.0,28.1,22.8,74
1998-12-23,-20.1,-17.6,77,0.00,278,0.14,0.0,19.4,15.4,63
1998-12-24,-23.1,-19.2,76,0.00,274,0.09,0.0,13.0,11.2,69
1998-12-25,-23.3,-19.0,74,0.00,263,0.12,0.0,18.9,14.7,62
1998-12-26,-18.7,-15.1,78,1.20,264,0.10,8.0,14.4,10.2,72
1998-12-27,-18.5,-15.2,82,0.00,303,0.07,0.0,14.0,8.0,78
1998-12-28,-23.8,-20.3,77,0.00,81,0.07,0.0,10.9,9.4,72
1998-12-29,-23.1,-19.8,76,0.30,119,0.12,3.0,21.7,17.0,71
1998-12-30,-19.6,-18.4,78,1.00,336,0.08,8.0,13.9,6.1,70
1998-12-31,-20.7,-18.3,78,4.80,112,0.12,8.0,29.1,18.7,74
1999-01-01,-18.3,-17.3,80,3.10,274,0.12,8.0,24.4,14.1,70
1999-01-02,-23.6,-20.6,77,0.00,340,0.06,0.0,7.7,4.5,71
1999-01-03,-19.6,-14.8,75,0.80,126,0.15,6.0,17.1,13.5,70
1999-01-04,-10.1,-5.7,86,4.60,94,0.12,10.0,12.2,7.7,78
1999-01-05,-11.9,-8.4,83,8.90,26,0.12,21.0,17.7,11.7,69
1999-01-06,-23.9,-17.2,77,0.00,303,0.07,0.0,14.2,8.0,65
1999-01-07,-26.8,-24.9,75,0.00,274,0.07,0.0,14.2,10.0,69
1999-01-08,-27.8,-22.5,73,0.20,212,0.07,2.0,13.8,9.4,63
1999-01-09,-22.1,-20.7,75,1.30,311,0.10,8.0,15.6,10.9,68
1999-01-10,-22.8,-19.5,76,1.50,90,0.08,8.0,14.3,8.4,71
1999-01-11,-20.5,-19.7,76,7.80,106,0.14,21.0,21.1,17.0,71
1999-01-12,-22.2,-16.2,76,1.50,139,0.12,7.0,18.8,13.5,69
1999-01-13,-6.3,-1.4,79,1.00,253,0.40,5.0,25.2,17.7,67
1999-01-14,-0.8,3.1,77,0.20,195,0.49,1.0,19.4,14.7,67
1999-01-15,0.6,1.4,73,0.00,263,0.84,0.0,29.9,25.7,67
1999-01-16,-3.7,0.0,84,0.00,267,0.38,0.0,26.6,18.6,71
1999-01-17,-8.9,-6.1,87,0.00,262,0.17,0.0,13.3,8.9,71
1999-01-18,-11.8,-8.8,86,0.20,115,0.15,2.0,20.6,15.7,80
1999-01-19,-9.8,-8.8,86,0.00,134,0.21,0.0,21.6,19.1,80
1999-01-20,-11.5,-9.4,84,0.30,270,0.15,3.0,21.0,12.8,75
1999-01-21,-17.8,-15.1,79,0.00,24,0.13,0.0,10.3,6.4,66
1999-01-22,-16.0,-15.6,80,2.80,70,0.14,15.0,13.2,12.0,73
1999-01-23,-20.7,-16.8,76,1.00,335,0.14,6.0,14.0,10.2,67
1999-01-24,-21.5,-10.6,68,0.00,207,0.26,0.0,22.0,13.9,49
1999-01-25,-7.5,-5.1,76,0.00,264,0.48,0.0,26.7,19.5,65
1999-01-26,-10.6,-7.0,87,0.60,208,0.15,4.0,11.8,7.3,79
1999-01-27,-13.1,-9.3,78,0.00,170,0.28,0.0,23.0,14.7,60
1999-01-28,-10.3,-8.0,82,0.00,193,0.25,0.0,21.5,11.7,74
1999-01-29,-11.4,-7.0,85,1.40,102,0.22,6.0,26.3,15.4,78
1999-01-30,-10.8,-8.0,83,0.90,271,0.25,7.0,14.8,10.2,70
1999-01-31,-10.0,-8.6,83,0.10,118,0.28,1.0,18.8,14.3,74
1999-02-01,-9.5,-7.1,80,1.30,264,0.37,5.0,22.3,15.6,65
1999-02-02,-11.1,-8.0,79,0.00,319,0.26,0.0,21.0,10.9,68
1999-02-03,-15.4,-10.0,76,1.30,57,0.24,8.0,15.6,9.6,65
1999-02-04,-18.5,-15.6,76,2.50,116,0.22,10.0,22.8,19.5,69
1999-02-05,-18.2,-14.3,79,0.00,129,0.22,0.0,31.3,18.5,72
1999-02-06,-11.6,-2.5,76,0.00,140,0.51,0.0,31.6,18.6,55
1999-02-07,-7.9,-5.0,84,2.50,106,0.30,6.0,17.2,12.8,74
1999-02-08,-8.8,-5.4,79,1.40,203,0.37,3.0,15.5,7.9,60
1999-02-09,-9.7,-6.8,83,0.00,187,0.32,0.0,17.1,13.1,71
1999-02-10,-14.8,-10.0,82,0.00,293,0.26,0.0,10.1,7.6,70
1999-02-11,-16.9,-10.7,78,0.00,141,0.27,0.0,21.0,8.4,59
1999-02-12,-9.5,1.2,71,0.00,142,0.67,0.0,24.0,16.6,47
1999-02-13,-3.9,1.0,78,0.10,195,0.47,1.0,14.6,8.9,59
1999-02-14,-1.2,0.9,81,0.00,252,0.67,0.0,17.7,15.9,59
1999-02-15,-4.3,-0.6,77,0.00,235,0.67,0.0,15.2,10.6,54
1999-02-16,-8.9,-2.5,85,0.00,123,0.30,0.0,21.0,15.8,69
1999-02-17,-6.4,-4.4,88,0.00,126,0.33,0.0,21.2,16.8,80
1999-02-18,-6.2,-0.7,85,0.00,147,0.60,0.0,12.5,8.4,64
1999-02-19,-7.1,-2.8,87,0.00,136,0.38,0.0,16.5,14.3,75
1999-02-20,-5.9,0.7,76,0.00,194,0.74,0.0,13.3,9.7,49
1999-02-21,-4.9,0.2,75,0.00,143,0.78,0.0,33.2,24.0,60
1999-02-22,-3.2,0.4,82,0.00,140,0.79,0.0,23.7,15.2,59
1999-02-23,-1.5,0.5,75,0.60,213,0.89,4.0,29.2,23.5,59
1999-02-24,-3.4,0.2,75,0.30,196,0.80,1.0,23.2,14.4,51
1999-02-25,-1.9,3.7,81,0.60,139,0.88,3.0,18.9,7.8,65
1999-02-26,-2.0,2.1,83,0.10,210,0.74,1.0,17.7,11.3,56
1999-02-27,-3.5,1.2,74,0.00,234,0.82,0.0,17.7,11.1,57
1999-02-28,-5.2,0.3,82,0.00,83,0.74,0.0,13.3,9.5,64
1999-03-01,-6.4,-0.7,83,0.00,72,0.55,0.0,12.9,10.8,68
1999-03-02,-6.3,0.5,83,0.00,122,0.77,0.0,11.4,6.6,61
1999-03-03,-6.3,-1.3,85,0.00,91,0.45,0.0,22.3,14.8,72
1999-03-04,-7.1,-4.4,80,0.00,105,0.58,0.0,20.9,17.7,68
1999-03-05,-10.9,-7.4,78,0.00,141,0.60,0.0,19.1,15.1,61
1999-03-06,-10.8,-5.5,78,0.00,123,0.66,0.0,12.2,7.7,60
1999-03-07,-12.1,-6.3,79,0.00,125,0.46,0.0,19.5,15.7,66
1999-03-08,-11.7,-7.0,80,0.00,129,0.60,0.0,19.2,15.2,67
1999-03-09,-8.8,-2.8,81,0.00,134,0.81,0.0,24.2,17.6,61
1999-03-10,-7.0,-2.6,84,0.00,135,0.78,0.0,16.3,14.2,68
1999-03-11,-5.7,-2.3,86,0.00,134,0.75,0.0,17.1,13.9,71
1999-03-12,-5.5,-2.2,88,0.00,132,0.59,0.0,21.7,18.4,73
1999-03-13,-3.7,1.2,85,0.00,132,0.89,0.0,21.4,16.8,64
1999-03-14,-2.4,0.9,87,1.60,194,0.59,5.0,20.7,12.6,68
1999-03-15,-2.4,0.4,74,0.00,259,1.22,0.0,20.4,14.8,49
1999-03-16,-3.8,1.2,70,0.00,219,1.19,0.0,15.2,8.9,49
1999-03-17,-2.8,2.0,70,0.00,236,1.40,0.0,17.3,12.0,38
1999-03-18,-1.4,6.3,67,0.00,149,1.77,0.0,19.9,12.3,38
1999-03-19,0.6,7.1,68,0.00,249,1.62,0.0,17.4,13.0,30
1999-03-20,0.1,8.0,69,0.00,156,1.74,0.0,13.0,10.2,47
1999-03-21,1.6,8.2,80,0.00,124,1.68,0.0,17.4,14.4,55
1999-03-22,1.2,6.8,79,0.00,123,1.44,0.0,20.0,18.2,60
1999-03-23,1.2,6.3,84,0.00,132,1.42,0.0,21.9,19.2,65
1999-03-24,1.8,7.6,86,0.00,135,1.56,0.0,24.2,14.8,60
1999-03-25,2.8,7.0,79,0.90,179,1.70,4.0,22.5,15.7,40
1999-03-26,1.4,6.9,73,0.00,190,1.56,0.0,17.5,9.1,43
1999-03-27,-0.1,3.8,70,0.00,267,1.51,0.0,28.1,20.7,54
1999-03-28,-0.6,3.2,68,0.00,263,1.75,0.0,20.4,15.7,47
1999-03-29,-1.0,4.4,68,0.00,118,1.70,0.0,12.7,9.7,39
1999-03-30,-0.7,3.9,74,0.30,84,1.49,3.0,18.5,14.5,46
1999-03-31,-1.5,3.6,77,0.00,142,1.52,0.0,12.1,10.0,49
1999-04-01,-0.9,5.9,75,0.00,172,1.75,0.0,17.5,10.3,44
1999-04-02,1.7,8.1,71,0.00,158,1.95,0.0,18.3,13.8,45
1999-04-03,0.1,5.9,70,0.00,142,1.90,0.0,19.9,17.3,51
1999-04-04,0.6,4.9,71,0.00,164,1.65,0.0,14.3,8.5,51
1999-04-05,-0.6,3.4,84,8.10,315,0.90,22.0,21.4,18.3,67
1999-04-06,-1.2,5.0,74,0.10,245,1.38,1.0,20.2,13.7,56
1999-04-07,3.1,9.0,75,0.20,240,1.79,1.0,17.3,11.9,44
1999-04-08,2.9,5.8,80,0.80,54,1.20,5.0,16.8,12.8,69
1999-04-09,0.0,3.5,84,2.10,302,1.13,9.0,21.1,16.0,50
1999-04-10,0.1,4.7,58,0.00,238,2.01,0.0,16.6,11.0,38
1999-04-11,1.8,9.5,56,0.00,183,2.59,0.0,17.3,10.4,35
1999-04-12,5.2,9.0,61,0.00,198,2.32,0.0,21.7,14.8,39
1999-04-13,2.4,6.4,57,0.10,264,2.33,1.0,31.8,23.6,45
1999-04-14,2.2,6.7,55,0.30,284,2.64,3.0,27.6,20.3,38
1999-04-15,3.1,9.7,54,0.00,273,2.90,0.0,18.3,8.5,29
1999-04-16,5.7,17.3,51,0.00,155,3.25,0.0,14.5,10.6,30
1999-04-17,8.2,16.9,64,0.00,326,2.80,0.0,10.8,7.5,32
1999-04-18,7.7,17.2,59,0.00,125,3.28,0.0,14.8,10.4,36
1999-04-19,8.8,16.6,77,1.90,266,2.19,8.0,13.1,10.5,42
1999-04-20,6.8,11.9,82,0.30,73,2.22,3.0,14.0,9.2,38
1999-04-21,6.3,11.8,61,0.00,110,2.77,0.0,11.9,9.7,36
1999-04-22,8.1,14.5,66,0.00,175,2.64,0.0,12.6,6.8,40
1999-04-23,10.0,16.7,56,0.00,203,3.71,0.0,22.7,15.6,35
1999-04-24,12.2,20.1,51,0.00,254,4.43,0.0,21.7,13.4,33
1999-04-25,12.7,19.1,51,0.00,169,4.42,0.0,26.4,21.1,36
1999-04-26,8.0,11.8,58,0.10,280,2.68,1.0,16.3,6.3,35
1999-04-27,3.3,11.3,80,6.00,24,1.13,17.0,20.7,13.3,53
1999-04-28,1.3,3.5,73,2.10,5,1.49,8.0,16.3,10.5,54
1999-04-29,2.5,9.0,59,0.00,293,2.84,0.0,3.9,2.5,39
1999-04-30,2.6,9.0,74,3.80,112,1.67,8.0,15.3,12.7,40
1999-05-01,5.9,14.0,76,0.00,118,2.56,0.0,13.4,10.9,48
1999-05-02,7.4,13.9,77,2.40,244,1.86,9.0,22.5,12.3,41
1999-05-03,7.1,12.1,61,0.00,214,2.35,0.0,14.4,6.8,37
1999-05-04,5.1,9.2,87,2.90,276,1.53,8.0,19.8,9.8,61
1999-05-05,5.2,9.3,56,0.00,269,3.17,0.0,19.5,15.9,32
1999-05-06,6.2,13.2,48,0.00,151,3.72,0.0,19.5,11.6,32
1999-05-07,9.8,14.4,47,0.70,111,4.27,2.0,32.8,27.4,37
1999-05-08,5.3,13.4,69,8.20,256,2.62,14.0,23.2,17.2,30
1999-05-09,6.1,11.8,56,0.00,166,3.55,0.0,10.0,6.4,30
1999-05-10,6.0,11.8,67,0.00,108,2.44,0.0,13.5,8.2,40
1999-05-11,5.8,13.8,63,0.00,127,3.48,0.0,15.9,12.5,30
1999-05-12,5.2,13.5,71,2.40,48,1.65,11.0,18.3,11.3,31
1999-05-13,4.9,11.0,83,1.90,261,2.39,11.0,11.2,7.0,55
1999-05-14,6.7,11.1,74,0.00,329,2.37,0.0,16.7,8.8,51
1999-05-15,7.3,10.5,73,0.10,332,2.27,1.0,18.4,15.6,44
1999-05-16,7.4,12.6,59,0.00,343,3.24,0.0,15.9,7.6,36
1999-05-17,7.4,12.6,61,0.10,90,2.67,1.0,20.3,13.2,37
1999-05-18,7.9,12.9,71,1.30,105,2.68,4.0,12.9,8.8,49
1999-05-19,7.7,12.5,72,0.00,86,2.22,0.0,12.2,8.2,50
1999-05-20,8.8,14.4,70,0.00,137,2.75,0.0,13.9,9.5,43
1999-05-21,10.7,15.4,70,0.30,150,3.18,2.0,15.3,11.4,43
1999-05-22,10.6,14.2,67,0.60,250,3.43,2.0,22.7,16.1,38
1999-05-23,11.8,18.1,70,0.00,264,2.59,0.0,20.6,14.0,51
1999-05-24,16.6,25.8,62,0.00,163,5.18,0.0,21.6,8.9,26
1999-05-25,17.0,25.3,53,0.00,231,5.04,0.0,26.1,18.1,31
1999-05-26,11.0,14.8,38,0.00,266,5.38,0.0,28.5,25.7,29
1999-05-27,12.3,19.0,44,0.00,250,4.43,0.0,24.9,11.9,30
1999-05-28,11.2,17.7,54,1.10,269,4.29,4.0,31.4,21.3,32
1999-05-29,9.8,13.7,60,0.20,293,3.75,2.0,26.9,10.5,33
1999-05-30,11.2,16.5,60,0.00,199,3.90,0.0,13.3,8.6,31
1999-05-31,10.8,15.9,65,0.20,241,2.31,2.0,13.6,9.5,34
1999-06-01,11.8,17.3,73,0.00,289,3.41,0.0,12.5,8.6,48
1999-06-02,13.8,19.9,70,0.00,257,4.12,0.0,11.5,5.5,41
1999-06-03,15.6,21.9,63,0.50,189,4.63,1.0,16.3,10.7,29
1999-06-04,14.5,20.7,48,0.00,263,5.20,0.0,27.5,20.6,29
1999-06-05,13.0,16.8,53,0.70,152,2.50,3.0,21.1,7.9,29
1999-06-06,11.1,16.6,84,16.20,289,1.83,16.0,24.1,15.1,52
1999-06-07,9.1,14.2,66,0.20,265,3.76,1.0,20.1,15.1,49
1999-06-08,9.1,14.0,82,1.60,232,2.96,6.0,14.8,10.6,51
1999-06-09,7.7,10.3,87,5.30,277,1.76,16.0,21.7,15.8,76
1999-06-10,9.2,15.2,80,2.90,295,3.11,9.0,18.4,13.1,49
1999-06-11,12.2,15.7,68,1.00,250,3.43,2.0,13.7,9.0,48
1999-06-12,12.8,17.5,71,0.00,50,3.64,0.0,10.4,7.1,39
1999-06-13,14.9,21.7,55,0.00,92,5.07,0.0,9.4,6.4,32
1999-06-14,16.9,23.1,54,0.00,105,5.47,0.0,15.5,11.5,33
1999-06-15,18.5,23.7,50,0.00,126,5.86,0.0,18.1,12.9,31
1999-06-16,19.3,24.7,47,0.00,122,6.78,0.0,24.2,20.1,31
1999-06-17,19.6,24.8,56,1.40,141,4.83,3.0,18.6,10.7,36
1999-06-18,20.0,26.6,76,0.10,142,4.87,1.0,13.4,8.0,43
1999-06-19,16.8,24.3,86,10.70,243,2.67,20.0,21.1,12.8,49
1999-06-20,16.6,20.8,48,0.00,245,5.24,0.0,21.0,16.0,35
1999-06-21,16.4,20.7,66,0.90,263,3.51,4.0,16.3,10.9,39
1999-06-22,14.3,18.5,59,1.10,269,4.13,4.0,34.6,23.6,52
1999-06-23,10.6,15.3,86,20.00,292,1.45,23.0,36.7,30.8,58
1999-06-24,10.3,15.0,74,0.70,328,2.90,4.0,29.7,14.9,39
1999-06-25,12.4,15.5,57,0.00,63,3.63,0.0,15.6,12.6,40
1999-06-26,13.1,16.9,58,0.00,100,3.68,0.0,8.7,4.5,40
1999-06-27,14.0,19.1,67,0.00,232,4.15,0.0,13.7,8.6,41
1999-06-28,14.5,18.6,63,0.30,244,4.54,3.0,20.0,15.6,36
1999-06-29,15.2,19.4,54,0.00,262,5.13,0.0,22.1,17.5,37
1999-06-30,15.2,19.2,56,0.00,259,4.75,0.0,17.3,14.4,40
1999-07-01,14.8,18.7,72,0.10,328,3.80,1.0,16.0,7.9,44
1999-07-02,13.4,17.1,86,12.00,9,2.03,18.0,21.3,14.8,63
1999-07-03,13.5,17.6,71,0.90,28,3.61,4.0,22.2,16.0,42
1999-07-04,15.4,20.1,59,0.00,37,4.65,0.0,14.1,5.4,36
1999-07-05,12.4,20.0,73,3.00,284,2.07,10.0,24.2,14.5,36
1999-07-06,12.5,20.1,63,0.00,245,4.22,0.0,17.3,14.2,41
1999-07-07,17.0,22.1,63,0.00,129,4.39,0.0,18.5,12.3,40
1999-07-08,17.7,22.5,67,0.00,340,4.04,0.0,15.6,12.2,47
1999-07-09,19.6,24.8,61,0.10,245,5.27,1.0,15.8,13.5,35
1999-07-10,20.9,27.7,58,0.00,221,5.44,0.0,11.1,8.0,34
1999-07-11,22.2,27.3,57,0.00,261,5.64,0.0,19.1,13.1,37
1999-07-12,20.2,24.7,50,0.00,256,6.20,0.0,26.9,20.7,33
1999-07-13,16.1,22.0,59,1.50,289,3.55,5.0,27.4,19.2,33
1999-07-14,13.6,15.7,82,3.30,347,2.12,5.0,27.4,16.3,57
1999-07-15,10.6,13.9,54,0.00,12,3.60,0.0,22.9,19.0,40
1999-07-16,11.9,16.3,56,0.00,333,3.20,0.0,14.4,6.2,37
1999-07-17,13.7,20.2,55,0.00,178,4.57,0.0,16.6,7.7,32
1999-07-18,15.6,21.8,56,0.00,170,4.94,0.0,16.0,9.0,33
1999-07-19,17.4,24.4,63,0.00,157,5.41,0.0,20.8,11.3,32
1999-07-20,20.7,25.9,56,0.00,229,5.33,0.0,16.2,11.4,33
1999-07-21,20.2,27.1,68,1.30,242,5.17,3.0,23.0,12.8,31
1999-07-22,21.5,26.9,45,0.00,248,6.28,0.0,27.7,20.3,31
1999-07-23,18.7,24.0,49,0.00,262,5.59,0.0,23.4,20.8,29
1999-07-24,15.9,21.5,59,0.00,331,4.03,0.0,18.5,9.0,29
1999-07-25,14.0,17.9,72,16.30,293,3.27,18.0,22.8,11.6,46
1999-07-26,15.6,20.0,55,0.00,260,4.28,0.0,23.1,16.8,41
1999-07-27,18.5,24.0,57,0.00,240,3.95,0.0,20.4,11.8,40
1999-07-28,19.6,23.5,59,0.40,252,3.69,3.0,23.2,17.5,43
1999-07-29,15.7,22.1,75,13.90,257,2.69,13.0,47.4,23.4,50
1999-07-30,9.8,13.5,89,19.00,295,1.70,24.0,45.4,33.3,74
1999-07-31,11.0,14.5,86,4.60,341,2.27,18.0,25.0,12.7,62
1999-08-01,13.6,17.9,69,0.00,61,2.89,0.0,9.1,5.7,47
1999-08-02,15.9,22.7,63,0.00,180,4.27,0.0,8.7,6.7,41
1999-08-03,18.3,25.6,63,0.00,247,4.79,0.0,8.9,7.5,36
1999-08-04,21.7,28.8,58,0.00,177,4.99,0.0,7.9,5.3,34
1999-08-05,22.9,28.9,58,0.00,164,4.74,0.0,8.5,4.4,34
1999-08-06,20.6,28.4,66,0.30,60,4.51,1.0,16.8,11.7,35
1999-08-07,19.3,25.2,64,0.20,100,4.56,1.0,16.6,10.6,36
1999-08-08,19.6,25.2,82,6.70,183,2.87,7.0,14.1,9.3,52
1999-08-09,18.8,22.2,78,8.50,294,3.18,8.0,17.2,12.5,45
1999-08-10,15.8,22.0,86,8.20,55,2.23,11.0,13.0,8.0,46
1999-08-11,13.8,16.9,79,3.00,322,2.43,18.0,12.1,7.5,58
1999-08-12,14.7,18.5,76,0.30,97,2.55,2.0,14.2,11.1,55
1999-08-13,16.5,20.4,74,0.10,145,3.03,1.0,16.2,10.1,58
1999-08-14,16.9,23.5,75,0.00,238,4.06,0.0,17.0,12.1,39
1999-08-15,18.8,24.0,62,0.00,249,3.74,0.0,10.7,8.6,40
1999-08-16,18.0,23.4,71,0.30,243,3.63,1.0,17.1,10.9,42
1999-08-17,19.2,24.0,56,0.00,261,4.62,0.0,15.1,12.4,36
1999-08-18,19.7,26.8,61,0.00,227,4.02,0.0,10.4,6.7,32
1999-08-19,21.3,28.1,62,0.00,126,4.47,0.0,11.2,8.8,37
1999-08-20,21.2,27.2,64,0.00,241,4.21,0.0,13.0,10.0,35
1999-08-21,21.1,26.4,63,0.90,130,3.67,2.0,23.4,10.9,35
1999-08-22,17.4,21.7,51,0.80,270,5.55,3.0,33.6,28.7,36
1999-08-23,18.6,25.6,54,0.40,224,4.59,1.0,18.4,13.3,38
1999-08-24,18.0,24.0,65,0.70,219,3.33,3.0,16.2,9.5,43
1999-08-25,18.2,24.0,76,9.10,228,2.65,7.0,33.2,19.3,47
1999-08-26,14.2,17.7,48,2.10,266,5.23,5.0,36.5,33.2,31
1999-08-27,14.6,19.3,52,0.00,265,4.26,0.0,25.9,13.4,32
1999-08-28,16.7,24.7,60,0.00,133,4.28,0.0,27.3,17.6,42
1999-08-29,19.6,24.5,67,0.00,179,3.94,0.0,25.4,15.1,48
1999-08-30,14.0,20.4,75,8.10,284,2.62,9.0,27.0,20.9,44
1999-08-31,11.5,14.6,70,3.20,347,1.80,8.0,20.0,15.6,46
1999-09-01,9.7,15.0,87,3.90,294,1.92,15.0,19.2,12.7,52
1999-09-02,11.8,16.9,71,1.30,246,2.82,4.0,13.6,10.3,42
1999-09-03,13.9,18.9,62,0.00,196,2.85,0.0,9.6,6.9,32
1999-09-04,14.7,20.5,58,0.00,155,3.64,0.0,18.4,14.3,39
1999-09-05,15.0,19.9,64,0.00,146,3.20,0.0,19.0,15.2,45
1999-09-06,12.8,19.2,85,13.90,272,0.82,19.0,30.3,17.4,49
1999-09-07,10.8,13.6,90,17.50,313,1.38,19.0,28.8,19.3,71
1999-09-08,11.3,15.2,83,1.60,309,1.61,5.0,21.1,10.8,54
1999-09-09,12.2,18.4,65,0.00,143,3.26,0.0,27.2,21.5,50
1999-09-10,12.3,18.1,74,4.70,266,2.56,7.0,25.2,19.6,47
1999-09-11,10.7,13.9,64,0.00,294,2.47,0.0,23.0,18.9,48
1999-09-12,10.9,16.3,69,0.00,278,2.58,0.0,15.8,9.0,45
1999-09-13,12.6,19.1,70,0.00,232,2.50,0.0,7.4,6.2,47
1999-09-14,14.4,22.8,70,0.00,172,2.92,0.0,10.6,7.9,34
1999-09-15,15.3,22.5,65,0.00,252,2.68,0.0,8.8,5.6,37
1999-09-16,15.7,21.3,62,0.00,227,3.19,0.0,16.6,12.4,43
1999-09-17,12.8,18.8,59,0.00,285,3.07,0.0,26.9,17.5,39
1999-09-18,9.9,14.8,67,0.00,329,2.37,0.0,20.8,10.2,42
1999-09-19,11.6,20.7,67,0.00,148,2.79,0.0,21.6,14.5,46
1999-09-20,16.2,20.5,63,0.00,233,3.27,0.0,20.5,14.6,40
1999-09-21,14.1,20.6,60,0.00,253,2.67,0.0,16.1,10.8,37
1999-09-22,14.8,20.6,65,0.00,197,2.69,0.0,14.8,9.5,46
1999-09-23,15.0,20.0,71,1.70,188,1.85,6.0,23.1,15.1,54
1999-09-24,10.5,13.1,53,0.30,261,3.29,1.0,30.7,26.0,34
1999-09-25,8.8,12.5,52,0.00,264,2.98,0.0,24.2,20.7,35
1999-09-26,7.3,10.7,76,4.60,292,1.81,15.0,23.8,15.0,48
1999-09-27,7.1,10.2,61,0.30,280,2.16,2.0,26.1,18.9,36
1999-09-28,5.1,9.5,61,0.00,202,1.63,0.0,23.5,12.3,36
1999-09-29,4.4,8.3,83,5.40,304,1.10,17.0,26.9,21.2,45
1999-09-30,1.7,5.1,60,0.00,67,1.33,0.0,19.0,10.3,43
1999-10-01,0.7,3.0,79,7.00,270,0.84,15.0,22.1,14.0,55
1999-10-02,-0.2,4.7,68,0.90,297,1.28,4.0,22.7,11.4,33
1999-10-03,3.0,8.0,68,0.00,249,1.38,0.0,16.7,11.7,42
1999-10-04,4.8,7.0,90,5.30,287,0.70,14.0,21.7,12.6,71
1999-10-05,3.2,8.5,86,0.00,111,0.98,0.0,23.6,16.3,61
1999-10-06,5.4,12.7,78,0.00,138,1.48,0.0,19.1,13.4,53
1999-10-07,8.2,13.6,75,0.00,210,1.66,0.0,21.1,13.6,46
1999-10-08,8.0,12.0,61,0.00,252,2.21,0.0,22.9,19.0,43
1999-10-09,6.4,10.0,63,0.00,262,1.92,0.0,23.5,18.8,45
1999-10-10,5.8,9.7,57,0.00,255,2.03,0.0,19.1,17.0,43
1999-10-11,4.2,8.6,67,0.00,250,1.47,0.0,15.2,12.0,44
1999-10-12,3.4,9.2,69,0.00,165,1.29,0.0,17.7,10.9,45
1999-10-13,5.5,11.6,70,1.20,207,1.82,2.0,31.6,22.3,38
1999-10-14,6.3,10.1,56,0.00,264,2.18,0.0,34.9,27.2,43
1999-10-15,2.8,5.5,77,4.50,297,1.03,20.0,31.5,25.7,57
1999-10-16,2.4,7.5,63,0.10,235,1.26,1.0,21.0,13.9,36
1999-10-17,7.3,10.6,66,0.10,273,1.89,1.0,30.6,23.3,47
1999-10-18,5.2,11.0,79,0.00,275,1.16,0.0,15.6,8.2,52
1999-10-19,8.5,14.3,61,0.00,256,2.19,0.0,27.3,22.0,47
1999-10-20,12.5,15.1,54,0.00,270,3.01,0.0,33.1,26.9,48
1999-10-21,6.8,12.3,58,0.40,288,1.24,3.0,23.8,11.4,43
1999-10-22,7.0,16.8,78,0.00,145,1.20,0.0,15.0,10.6,47
1999-10-23,8.1,15.3,75,0.00,135,1.33,0.0,18.9,11.3,46
1999-10-24,8.2,11.5,57,0.00,238,2.39,0.0,35.5,25.2,27
1999-10-25,5.6,8.9,48,0.00,236,2.25,0.0,33.2,18.9,30
1999-10-26,4.9,7.1,56,1.70,249,1.88,3.0,33.4,23.0,32
1999-10-27,4.5,8.3,45,0.00,255,2.21,0.0,24.7,21.5,35
1999-10-28,3.3,6.5,53,0.10,115,1.64,1.0,26.6,17.8,39
1999-10-29,2.9,6.0,72,0.00,253,0.94,0.0,24.6,15.1,42
1999-10-30,5.5,8.8,54,0.30,239,2.06,2.0,33.3,22.7,33
1999-10-31,2.5,6.7,57,0.00,276,1.32,0.0,23.9,16.4,38
1999-11-01,1.6,5.8,45,0.00,261,1.98,0.0,27.1,23.5,23
1999-11-02,3.4,7.3,28,0.00,251,2.50,0.0,22.0,19.9,24
1999-11-03,2.2,6.0,55,0.00,218,1.03,0.0,14.8,10.3,33
1999-11-04,0.1,2.0,82,2.00,298,0.63,7.0,24.4,17.8,49
1999-11-05,-0.7,2.3,56,0.00,240,1.02,0.0,20.7,13.7,39
1999-11-06,-2.5,0.8,74,0.00,136,0.61,0.0,23.5,15.2,54
1999-11-07,-0.7,3.8,77,0.00,138,0.63,0.0,21.6,11.5,59
1999-11-08,-0.3,2.8,89,0.00,265,0.38,0.0,20.2,10.3,74
1999-11-09,-0.1,3.4,89,0.00,126,0.42,0.0,24.4,18.0,71
1999-11-10,0.9,6.2,91,0.00,148,0.46,0.0,24.0,11.7,72
1999-11-11,0.8,5.7,86,0.00,159,0.48,0.0,15.8,9.5,66
1999-11-12,0.8,2.3,93,0.50,247,0.21,3.0,22.6,14.4,84
1999-11-13,0.1,3.3,83,0.00,258,0.44,0.0,18.9,12.4,56
1999-11-14,0.0,4.0,87,0.00,157,0.33,0.0,13.9,10.2,73
1999-11-15,1.1,2.9,89,0.00,108,0.18,0.0,19.8,12.4,78
1999-11-16,0.5,1.2,97,0.50,89,0.16,4.0,20.1,10.5,91
1999-11-17,-1.0,-0.5,93,1.80,100,0.17,11.0,17.7,14.6,89
1999-11-18,-1.9,0.4,84,0.40,257,0.40,4.0,21.3,14.9,66
1999-11-19,-1.6,1.2,77,0.00,156,0.38,0.0,15.9,9.9,70
1999-11-20,-1.7,-0.0,89,5.50,126,0.20,13.0,21.2,13.6,85
1999-11-21,-0.5,1.6,77,0.90,264,0.66,3.0,23.9,19.5,62
1999-11-22,-1.6,1.6,69,0.00,254,0.72,0.0,20.4,17.1,53
1999-11-23,-1.6,0.4,64,0.00,250,0.86,0.0,21.0,18.0,56
1999-11-24,-4.3,-1.9,73,0.10,192,0.46,1.0,20.2,14.3,62
1999-11-25,-1.1,0.4,71,1.60,257,0.74,5.0,24.7,19.4,58
1999-11-26,-2.4,-1.5,79,2.00,279,0.42,15.0,19.4,16.1,68
1999-11-27,-5.8,-3.2,84,1.90,291,0.23,10.0,16.5,12.5,65
1999-11-28,-10.9,-6.5,80,0.20,121,0.23,1.0,23.5,14.3,70
1999-11-29,-6.9,-1.6,83,0.00,135,0.29,0.0,22.1,15.5,72
1999-11-30,-1.2,5.2,74,0.00,194,0.71,0.0,30.7,17.9,48
1999-12-01,-0.9,1.1,62,0.10,252,0.89,1.0,31.9,16.9,47
1999-12-02,-5.3,-1.9,76,0.20,121,0.28,2.0,12.1,9.7,65
1999-12-03,-4.5,-2.5,85,2.70,282,0.24,10.0,20.5,14.6,69
1999-12-04,-7.3,-1.0,70,0.00,166,0.40,0.0,15.2,12.6,65
1999-12-05,-2.9,2.1,73,0.00,223,0.58,0.0,27.4,17.3,61
1999-12-06,-4.4,0.6,73,0.00,201,0.42,0.0,21.3,12.2,60
1999-12-07,-2.7,-1.7,78,0.00,266,0.38,0.0,19.9,16.4,70
1999-12-08,-8.0,-4.4,82,0.00,260,0.19,0.0,13.5,10.3,70
1999-12-09,-8.3,-5.2,78,0.00,137,0.35,0.0,29.0,21.1,74
1999-12-10,-6.8,-1.2,82,0.00,226,0.27,0.0,20.9,13.9,70
1999-12-11,-5.3,-0.6,83,1.20,237,0.23,5.0,20.2,12.6,74
1999-12-12,-5.6,-1.3,86,0.90,153,0.21,5.0,27.3,15.2,78
1999-12-13,-7.5,-4.0,87,5.60,327,0.14,16.0,22.3,15.3,75
1999-12-14,-20.3,-14.5,80,0.00,51,0.08,0.0,19.2,9.7,72
1999-12-15,-19.1,-14.5,80,0.20,127,0.14,1.0,31.0,19.4,78
1999-12-16,-6.3,0.0,84,5.80,169,0.27,17.0,30.3,18.5,75
1999-12-17,-2.9,1.0,81,0.20,262,0.39,1.0,32.5,16.1,68
1999-12-18,-7.3,-5.1,85,4.50,72,0.16,10.0,33.1,16.5,77
1999-12-19,-21.3,-15.0,77,0.00,289,0.11,0.0,25.0,12.6,69
1999-12-20,-10.2,-0.2,85,4.70,253,0.17,10.0,26.5,15.3,77
1999-12-21,-1.8,2.1,85,0.60,287,0.32,4.0,25.1,17.0,73
1999-12-22,0.8,2.3,80,0.00,270,0.50,0.0,22.5,20.5,73
1999-12-23,2.3,4.6,76,0.00,260,0.69,0.0,23.0,20.7,62
1999-12-24,4.0,7.4,58,0.00,255,1.47,0.0,32.1,22.3,41
1999-12-25,1.9,6.5,78,0.00,277,0.73,0.0,34.9,18.9,51
1999-12-26,1.7,4.1,77,0.00,256,0.67,0.0,26.3,19.4,67
1999-12-27,4.4,8.6,61,0.00,261,1.50,0.0,32.6,23.5,47
1999-12-28,4.9,7.2,54,0.00,270,1.72,0.0,31.5,24.9,44
1999-12-29,3.4,6.7,67,2.50,283,1.21,12.0,31.2,26.3,44
1999-12-30,-2.2,0.5,75,0.10,281,0.32,1.0,20.0,9.3,69
1999-12-31,-10.5,-2.4,78,1.40,36,0.17,9.0,16.0,10.0,66
2000-01-01,-15.4,-11.2,67,0.30,51,0.20,3.0,14.5,11.0,50
2000-01-02,-18.2,-17.2,57,0.00,39,0.18,0.0,9.2,6.2,52
2000-01-03,-21.0,-15.3,71,0.00,135,0.13,0.0,12.5,8.6,62
2000-01-04,-15.7,-13.1,73,3.60,107,0.19,9.0,17.8,13.4,70
2000-01-05,-13.9,-12.2,82,1.50,282,0.15,8.0,20.5,14.4,74
2000-01-06,-10.8,-4.2,84,0.20,223,0.17,1.0,16.6,12.5,78
2000-01-07,-0.7,0.8,77,1.70,256,0.57,11.0,26.5,19.4,69
2000-01-08,-3.5,2.4,86,1.00,204,0.26,4.0,16.2,11.9,69
2000-01-09,-4.9,2.0,73,0.10,265,0.62,1.0,37.6,20.2,59
2000-01-10,-16.0,-9.8,83,0.00,28,0.09,0.0,12.2,7.6,75
2000-01-11,-21.2,-18.3,79,0.00,99,0.11,0.0,13.7,12.0,73
2000-01-12,-21.0,-19.4,79,0.00,92,0.09,0.0,13.2,8.7,72
2000-01-13,-25.5,-21.4,76,0.00,333,0.07,0.0,10.0,6.4,71
2000-01-14,-27.8,-24.6,75,0.00,74,0.07,0.0,11.9,8.5,69
2000-01-15,-26.4,-23.2,74,0.00,121,0.09,0.0,13.1,10.0,64
2000-01-16,-25.2,-20.2,74,0.00,123,0.12,0.0,15.0,11.7,62
2000-01-17,-22.4,-20.2,75,0.00,298,0.10,0.0,11.5,9.1,66
2000-01-18,-22.5,-17.8,77,0.00,247,0.11,0.0,11.6,7.6,70
2000-01-19,-18.5,-11.7,72,0.00,257,0.23,0.0,15.3,12.4,62
2000-01-20,-15.6,-7.5,77,0.00,231,0.22,0.0,10.6,8.6,59
2000-01-21,-13.5,-10.9,81,0.50,268,0.21,3.0,23.2,16.8,75
2000-01-22,-12.4,-8.4,83,0.00,273,0.21,0.0,18.7,10.1,67
2000-01-23,-10.2,-8.1,76,0.00,263,0.37,0.0,27.0,19.3,69
2000-01-24,-10.7,-4.4,79,0.00,250,0.31,0.0,14.3,11.1,55
2000-01-25,-11.5,-3.8,74,0.00,188,0.31,0.0,10.7,7.8,51
2000-01-26,-12.5,-4.3,78,0.00,221,0.30,0.0,19.5,10.4,64
2000-01-27,-6.4,-0.5,77,0.00,258,0.50,0.0,18.4,16.0,60
2000-01-28,-1.7,3.0,62,0.00,240,0.96,0.0,18.8,16.8,50
2000-01-29,-3.0,3.4,69,0.00,176,0.71,0.0,21.0,14.3,50
2000-01-30,-4.3,1.5,67,0.00,161,0.58,0.0,20.0,10.2,55
2000-01-31,-4.7,-0.9,71,0.00,138,0.74,0.0,28.5,21.7,61
2000-02-01,-6.8,1.3,80,0.00,145,0.44,0.0,13.0,10.4,64
2000-02-02,-3.6,-1.4,86,0.20,275,0.39,1.0,16.0,13.1,65
2000-02-03,-6.9,0.4,75,0.00,246,0.52,0.0,15.1,9.8,48
2000-02-04,-8.5,-0.1,68,0.00,132,0.50,0.0,8.2,5.8,43
2000-02-05,-9.7,-3.2,82,0.00,104,0.38,0.0,14.5,11.0,66
2000-02-06,-11.1,-4.4,82,0.00,268,0.35,0.0,10.5,6.1,65
2000-02-07,-7.7,5.1,79,0.00,198,0.57,0.0,16.1,12.4,57
2000-02-08,-2.8,2.2,82,4.30,359,0.36,16.0,16.6,14.3,71
2000-02-09,-15.4,-9.2,74,0.10,78,0.30,1.0,17.6,11.7,50
2000-02-10,-19.7,-14.4,71,0.00,316,0.27,0.0,6.9,5.4,48
2000-02-11,-21.3,-13.1,72,0.00,146,0.28,0.0,9.3,6.6,61
2000-02-12,-20.8,-12.5,74,0.00,208,0.30,0.0,9.7,7.1,58
2000-02-13,-17.6,-12.0,75,0.00,224,0.32,0.0,14.1,12.1,60
2000-02-14,-12.2,-7.4,80,0.00,271,0.37,0.0,13.8,8.7,70
2000-02-15,-14.3,-8.8,78,0.00,50,0.34,0.0,10.9,8.5,59
2000-02-16,-15.8,-8.1,76,0.00,152,0.42,0.0,13.0,10.5,60
2000-02-17,-10.7,-5.6,76,0.00,259,0.50,0.0,16.3,13.2,63
2000-02-18,-8.3,-2.6,75,0.00,252,0.62,0.0,22.0,14.9,63
2000-02-19,-3.4,4.0,75,0.00,251,0.88,0.0,18.0,15.9,52
2000-02-20,-2.1,6.9,68,0.00,221,1.01,0.0,13.9,8.7,32
2000-02-21,-3.5,6.8,68,0.00,178,0.81,0.0,14.8,8.3,41
2000-02-22,-2.6,3.3,80,0.00,172,0.78,0.0,22.6,12.2,59
2000-02-23,-0.7,3.9,84,0.10,139,0.79,1.0,22.5,10.5,66
2000-02-24,0.8,4.5,82,1.00,239,0.90,5.0,9.6,7.6,52
2000-02-25,-2.2,4.0,65,0.00,242,1.10,0.0,12.6,9.7,50
2000-02-26,-3.6,4.7,67,0.00,153,0.87,0.0,9.4,6.4,42
2000-02-27,-1.5,4.7,61,0.00,200,1.17,0.0,10.2,6.5,48
2000-02-28,-2.6,3.0,82,5.60,107,0.59,12.0,13.6,9.1,57
2000-02-29,-6.4,1.1,82,0.00,174,0.80,0.0,15.0,9.1,58
2000-03-01,-1.8,5.9,80,0.00,150,1.12,0.0,19.0,11.1,54
2000-03-02,1.0,7.3,78,0.00,188,1.20,0.0,17.7,10.9,48
2000-03-03,1.4,6.7,74,0.00,228,1.17,0.0,17.2,11.8,51
2000-03-04,0.7,4.6,72,0.00,247,1.17,0.0,18.9,14.2,54
2000-03-05,-3.2,1.9,61,0.00,259,1.33,0.0,13.0,11.3,42
2000-03-06,-4.1,0.4,59,0.00,87,0.93,0.0,13.2,9.0,48
2000-03-07,-5.5,-1.7,79,3.30,54,0.68,19.0,17.4,15.0,61
2000-03-08,-13.0,-5.1,73,0.00,111,0.65,0.0,21.6,15.6,53
2000-03-09,-12.5,-6.0,72,0.00,138,0.86,0.0,22.9,13.0,55
2000-03-10,-10.2,-3.3,73,0.00,7,0.87,0.0,9.2,5.2,50
2000-03-11,-11.0,-4.0,78,0.70,81,0.59,5.0,15.9,13.3,53
2000-03-12,-9.8,-6.5,82,2.70,31,0.56,18.0,10.0,6.0,66
2000-03-13,-10.9,-7.9,73,0.00,319,0.64,0.0,12.4,8.0,47
2000-03-14,-15.4,-8.9,68,0.00,41,0.77,0.0,11.3,7.5,46
2000-03-15,-14.1,-5.7,66,0.00,199,0.94,0.0,7.7,4.4,45
2000-03-16,-11.7,-6.2,73,0.50,126,0.55,3.0,27.1,18.0,51
2000-03-17,-2.8,2.6,75,0.20,248,1.28,2.0,29.2,22.7,57
2000-03-18,1.0,6.6,70,0.00,246,1.65,0.0,23.0,15.6,45
2000-03-19,0.9,4.2,84,3.40,259,0.79,14.0,27.4,17.5,57
2000-03-20,-1.4,3.6,78,0.50,281,1.21,4.0,26.5,15.0,46
2000-03-21,1.4,5.7,67,0.50,239,1.61,3.0,39.4,19.7,50
2000-03-22,2.3,6.2,66,0.90,250,1.65,3.0,27.4,14.1,49
2000-03-23,1.2,5.4,78,0.00,296,1.19,0.0,17.0,13.2,56
2000-03-24,1.1,5.0,65,0.00,260,1.76,0.0,17.3,13.9,46
2000-03-25,1.0,6.1,68,0.00,241,1.51,0.0,20.2,13.5,53
2000-03-26,3.2,8.0,63,0.00,264,2.23,0.0,21.3,15.9,52
2000-03-27,3.7,9.1,73,0.20,138,1.33,2.0,10.2,7.0,50
2000-03-28,3.4,9.0,73,0.20,231,1.93,1.0,17.3,11.4,35
2000-03-29,1.7,8.3,53,0.00,258,2.15,0.0,18.0,13.0,35
2000-03-30,2.6,9.9,51,0.00,245,2.47,0.0,18.3,12.1,32
2000-03-31,4.7,11.1,57,0.00,263,2.62,0.0,19.8,14.2,30
2000-04-01,5.3,11.2,80,5.80,290,1.32,15.0,30.5,19.8,35
2000-04-02,1.2,5.8,63,0.00,320,2.08,0.0,24.7,11.0,29
2000-04-03,3.0,9.5,50,0.70,153,2.05,2.0,19.0,12.3,30
2000-04-04,4.3,9.1,84,2.50,257,1.67,6.0,28.1,16.9,44
2000-04-05,-1.5,3.3,54,0.00,347,1.78,0.0,28.0,14.1,32
2000-04-06,-1.1,2.7,50,0.10,48,1.87,1.0,14.9,11.9,41
2000-04-07,0.3,5.8,54,0.00,254,1.77,0.0,14.6,6.6,37
2000-04-08,1.5,5.7,68,1.90,298,1.77,8.0,14.4,10.7,41
2000-04-09,-0.0,3.2,63,0.00,65,1.45,0.0,10.3,8.6,43
2000-04-10,-0.0,5.2,53,0.00,91,2.11,0.0,7.7,4.5,30
2000-04-11,0.8,6.5,49,0.00,98,2.10,0.0,10.6,6.5,32
2000-04-12,0.7,5.7,69,3.60,36,1.55,12.0,22.5,13.4,38
2000-04-13,-8.1,-0.3,43,0.00,26,1.83,0.0,20.0,14.0,24
2000-04-14,-7.5,-1.0,33,0.00,75,2.05,0.0,10.2,6.7,17
2000-04-15,-4.6,2.0,38,0.00,131,2.13,0.0,13.6,10.4,18
2000-04-16,0.1,8.8,48,0.00,141,2.76,0.0,15.1,10.4,24
2000-04-17,1.7,7.8,68,1.10,268,2.29,5.0,14.9,8.7,30
2000-04-18,4.5,14.6,48,0.00,168,3.32,0.0,18.6,11.1,22
2000-04-19,7.0,14.8,50,0.00,235,3.48,0.0,20.0,12.7,22
2000-04-20,7.6,13.4,52,0.00,254,3.21,0.0,15.9,10.2,32
2000-04-21,7.7,16.4,64,0.00,154,3.28,0.0,17.1,11.5,32
2000-04-22,10.4,19.8,60,0.10,159,3.71,1.0,17.5,9.3,28
2000-04-23,7.4,13.3,57,0.00,272,3.36,0.0,19.6,13.4,28
2000-04-24,7.3,13.0,55,0.60,285,2.93,2.0,16.4,7.4,28
2000-04-25,6.7,12.5,59,0.00,305,3.17,0.0,13.5,5.3,26
2000-04-26,7.3,12.4,60,0.10,23,3.09,1.0,10.8,7.4,26
2000-04-27,7.7,14.1,61,0.00,122,3.14,0.0,32.0,19.3,36
2000-04-28,10.2,14.2,53,1.60,138,3.73,3.0,34.9,27.3,42
2000-04-29,7.2,12.0,68,3.10,256,3.04,3.0,21.0,15.4,32
2000-04-30,9.6,16.9,43,0.00,235,3.95,0.0,18.2,9.1,29
2000-05-01,9.4,16.6,62,1.30,228,2.43,3.0,17.2,11.5,33
2000-05-02,9.4,14.6,49,0.00,224,3.07,0.0,15.8,8.0,29
2000-05-03,9.1,16.7,75,0.30,135,2.97,1.0,15.9,11.4,43
2000-05-04,6.7,13.9,93,50.40,267,0.63,21.0,42.8,20.6,63
2000-05-05,3.1,7.3,94,18.10,265,1.00,22.0,35.9,21.1,70
2000-05-06,4.8,9.0,81,0.50,352,2.21,3.0,12.5,6.0,52
2000-05-07,4.2,8.7,74,0.00,331,2.00,0.0,11.7,8.7,51
2000-05-08,6.0,11.1,65,0.00,185,2.83,0.0,7.1,5.2,50
2000-05-09,5.6,10.7,79,0.50,118,2.57,2.0,11.6,7.7,52
2000-05-10,5.9,9.7,82,4.20,67,1.92,16.0,20.4,14.8,49
2000-05-11,5.6,9.6,60,0.00,45,2.52,0.0,20.4,12.6,41
2000-05-12,6.5,11.9,63,0.00,283,3.03,0.0,10.7,7.5,40
2000-05-13,6.4,11.4,64,0.00,347,3.27,0.0,14.8,10.2,35
2000-05-14,6.4,12.2,50,0.80,115,3.17,4.0,23.2,15.7,35
2000-05-15,7.7,11.6,74,2.00,249,2.57,7.0,16.5,12.6,52
2000-05-16,5.1,10.0,65,0.00,354,2.15,0.0,15.3,9.4,54
2000-05-17,4.5,8.2,82,1.30,99,1.32,7.0,13.7,10.7,54
2000-05-18,8.2,14.8,73,0.40,217,3.45,3.0,20.2,13.4,35
2000-05-19,11.2,16.6,54,0.70,244,3.94,2.0,17.3,12.0,36
2000-05-20,10.5,17.0,50,0.00,262,4.04,0.0,28.9,20.9,35
2000-05-21,10.0,15.2,54,0.00,243,3.22,0.0,16.9,10.1,35
2000-05-22,10.8,14.7,70,2.50,262,3.63,7.0,32.1,20.7,37
2000-05-23,8.4,13.6,58,3.80,269,3.09,6.0,37.8,28.0,38
2000-05-24,7.3,13.0,67,0.30,285,3.00,2.0,26.6,14.0,34
2000-05-25,7.5,12.0,64,0.10,245,3.35,1.0,13.0,8.2,38
2000-05-26,8.1,13.3,67,0.00,224,3.53,0.0,12.9,7.3,33
2000-05-27,8.0,11.9,77,3.30,69,1.97,9.0,12.5,7.9,42
2000-05-28,8.6,12.8,78,0.60,358,2.59,4.0,14.5,9.9,42
2000-05-29,8.9,13.8,56,0.00,339,4.30,0.0,15.9,9.2,30
2000-05-30,9.1,14.8,51,0.00,24,4.41,0.0,11.1,8.0,26
2000-05-31,10.0,16.5,45,0.00,120,4.91,0.0,16.1,10.0,24
2000-06-01,12.4,19.2,46,0.00,183,4.91,0.0,11.9,6.6,22
2000-06-02,13.4,20.1,56,0.00,73,4.82,0.0,21.9,12.0,23
2000-06-03,14.8,21.4,56,0.30,162,4.81,1.0,12.8,8.4,26
2000-06-04,16.7,24.0,50,0.00,216,5.32,0.0,10.2,5.9,22
2000-06-05,16.3,23.0,50,0.00,73,4.91,0.0,25.4,18.9,22
2000-06-06,14.2,21.1,76,15.20,84,2.34,14.0,28.1,19.5,41
2000-06-07,12.0,16.8,82,0.50,318,2.58,3.0,11.6,8.3,54
2000-06-08,11.0,16.4,88,5.20,119,1.21,12.0,26.9,14.4,53
2000-06-09,7.4,11.1,98,23.30,102,0.57,24.0,23.9,19.4,88
2000-06-10,6.5,9.1,95,7.30,108,0.73,22.0,20.6,19.3,84
2000-06-11,6.6,8.8,89,2.40,107,0.81,13.0,18.8,16.7,83
2000-06-12,7.3,11.1,86,0.50,112,1.48,3.0,14.3,11.7,64
2000-06-13,11.3,16.7,75,0.00,173,2.92,0.0,11.8,6.9,61
2000-06-14,13.1,16.7,70,0.60,254,3.84,2.0,24.5,18.2,50
2000-06-15,12.1,16.3,84,6.40,306,2.55,20.0,25.6,18.2,51
2000-06-16,11.6,15.1,76,1.70,333,3.25,3.0,15.7,8.6,42
2000-06-17,13.7,19.9,66,0.00,190,4.07,0.0,12.9,10.9,44
2000-06-18,14.6,19.8,77,1.10,227,3.22,4.0,18.0,10.7,46
2000-06-19,13.1,16.6,85,3.90,277,2.31,15.0,26.2,18.4,61
2000-06-20,14.5,18.2,59,0.20,273,4.55,1.0,24.3,19.8,43
2000-06-21,14.7,17.8,59,0.00,262,4.77,0.0,26.3,21.5,45
2000-06-22,13.9,18.0,59,0.20,264,4.93,2.0,22.0,18.0,39
2000-06-23,12.7,16.9,61,2.20,274,4.16,8.0,23.7,21.0,39
2000-06-24,13.4,17.9,72,0.60,312,4.02,3.0,20.4,12.3,50
2000-06-25,13.0,17.9,80,7.90,315,3.42,17.0,26.1,14.1,48
2000-06-26,14.2,19.1,64,0.00,302,4.06,0.0,14.2,7.9,38
2000-06-27,16.4,22.9,59,0.00,240,4.85,0.0,10.5,8.2,38
2000-06-28,18.9,24.9,64,0.00,169,4.89,0.0,9.4,5.5,38
2000-06-29,19.8,25.5,66,0.00,251,5.29,0.0,13.1,10.7,35
2000-06-30,18.4,25.4,67,2.20,279,4.36,5.0,25.9,12.4,35
2000-07-01,17.7,22.2,64,0.00,241,4.53,0.0,11.6,7.9,47
2000-07-02,14.9,20.7,90,15.10,103,1.20,15.0,31.7,17.2,53
2000-07-03,14.3,20.6,80,2.20,145,3.37,3.0,27.4,14.1,36
2000-07-04,14.8,20.2,81,8.20,330,2.31,11.0,20.7,12.8,38
2000-07-05,13.3,15.6,97,15.20,61,1.31,24.0,13.0,8.5,84
2000-07-06,14.5,19.6,81,1.30,245,3.01,8.0,16.9,11.9,50
2000-07-07,16.9,20.8,77,1.30,255,3.77,1.0,17.3,11.6,52
2000-07-08,16.5,20.5,88,6.60,286,2.91,13.0,16.2,12.3,70
2000-07-09,16.7,21.0,85,2.10,45,2.81,6.0,12.5,9.0,67
2000-07-10,15.8,18.7,96,13.90,54,1.47,22.0,12.2,9.3,89
2000-07-11,15.4,18.7,96,17.90,299,1.97,22.0,15.9,11.0,86
2000-07-12,17.4,21.8,66,0.00,258,4.97,0.0,17.7,15.2,39
2000-07-13,18.9,26.0,64,0.00,150,5.13,0.0,16.3,9.6,42
2000-07-14,18.2,25.8,78,19.30,284,4.24,6.0,20.0,14.4,43
2000-07-15,14.5,19.9,75,9.50,276,2.66,12.0,34.6,25.2,49
2000-07-16,11.7,13.7,82,2.50,326,1.65,9.0,30.7,15.2,74
2000-07-17,12.9,19.5,87,7.90,136,2.41,19.0,10.6,7.7,59
2000-07-18,13.1,18.8,84,0.60,148,3.15,4.0,10.7,6.6,59
2000-07-19,15.7,21.0,85,0.00,147,3.13,0.0,11.9,10.2,66
2000-07-20,17.7,24.2,86,2.00,205,3.82,4.0,13.7,10.3,56
2000-07-21,19.8,24.0,73,0.00,248,4.56,0.0,18.7,14.5,48
2000-07-22,19.9,26.1,66,0.00,224,5.07,0.0,13.4,6.1,43
2000-07-23,20.5,25.8,77,1.80,82,3.43,6.0,14.9,7.9,48
2000-07-24,18.7,21.8,85,0.70,288,2.91,2.0,18.7,14.9,68
2000-07-25,19.4,24.8,74,0.00,228,4.35,0.0,12.7,6.7,44
2000-07-26,18.2,22.1,86,2.80,207,3.42,9.0,12.4,7.9,66
2000-07-27,18.8,25.0,83,0.10,158,3.90,1.0,15.3,11.4,50
2000-07-28,19.9,24.3,74,0.60,210,4.09,2.0,17.1,9.9,54
2000-07-29,17.6,22.9,70,0.60,244,4.41,2.0,25.9,17.8,37
2000-07-30,17.9,23.1,49,0.00,254,5.93,0.0,24.7,18.0,37
2000-07-31,19.9,25.9,62,0.00,260,4.85,0.0,12.6,5.3,40
2000-08-01,19.1,25.7,76,7.80,128,2.70,8.0,20.0,13.1,44
2000-08-02,15.4,18.1,78,0.30,261,2.32,2.0,17.0,12.6,67
2000-08-03,16.6,19.5,91,6.60,296,2.19,19.0,15.3,11.2,69
2000-08-04,17.5,22.7,87,2.80,256,3.17,3.0,13.3,7.8,57
2000-08-05,20.5,25.3,72,0.00,257,4.35,0.0,12.9,10.2,51
2000-08-06,19.0,25.1,86,13.50,291,2.11,11.0,18.2,11.0,55
2000-08-07,16.5,19.4,79,0.00,31,2.71,0.0,15.1,9.4,52
2000-08-08,15.3,17.8,88,6.30,283,1.86,13.0,18.5,6.7,71
2000-08-09,13.3,16.8,86,2.70,99,1.81,7.0,22.7,13.7,68
2000-08-10,13.7,17.8,85,9.00,234,2.77,9.0,17.4,11.5,56
2000-08-11,13.1,17.2,80,6.60,1,1.95,11.0,16.5,11.9,59
2000-08-12,11.7,17.4,83,4.30,272,2.78,8.0,19.1,16.3,55
2000-08-13,13.2,17.2,78,1.90,260,2.58,5.0,21.1,13.7,57
2000-08-14,11.8,17.7,76,0.00,277,2.87,0.0,19.1,12.9,53
2000-08-15,15.3,20.9,71,0.00,192,3.38,0.0,11.6,7.9,45
2000-08-16,13.7,19.8,84,0.60,356,1.64,5.0,15.9,11.7,62
2000-08-17,12.8,16.9,77,0.00,137,2.13,0.0,27.2,17.3,66
2000-08-18,15.7,22.6,78,0.00,111,3.47,0.0,15.8,7.3,56
2000-08-19,15.8,22.2,79,4.50,269,3.05,7.0,21.8,15.1,51
2000-08-20,14.0,17.8,62,0.00,252,3.95,0.0,22.8,19.5,46
2000-08-21,13.9,17.2,61,0.00,253,3.50,0.0,26.6,20.3,49
2000-08-22,16.4,23.8,65,0.00,219,3.99,0.0,20.1,13.9,41
2000-08-23,18.6,23.0,66,0.00,247,3.99,0.0,15.3,13.2,51
2000-08-24,17.9,22.4,77,0.00,267,3.09,0.0,14.6,9.2,54
2000-08-25,17.2,22.9,78,1.40,134,2.97,5.0,16.3,11.8,55
2000-08-26,15.0,21.1,83,3.90,262,2.29,8.0,22.6,13.8,48
2000-08-27,9.7,16.0,79,11.60,274,1.73,20.0,37.5,31.1,49
2000-08-28,9.5,13.2,67,1.30,297,3.01,5.0,35.2,25.1,51
2000-08-29,9.4,13.2,68,0.00,59,1.77,0.0,13.2,9.0,52
2000-08-30,9.2,12.7,73,0.50,205,2.15,4.0,10.7,6.1,55
2000-08-31,9.5,13.0,76,0.00,134,1.83,0.0,21.9,15.9,58
2000-09-01,8.5,11.5,94,15.20,73,0.47,23.0,24.1,19.8,71
2000-09-02,9.1,10.0,97,8.20,89,0.45,23.0,25.0,20.5,91
2000-09-03,7.9,8.7,97,8.70,82,0.54,19.0,21.5,17.1,92
2000-09-04,8.6,12.9,90,1.80,41,1.15,8.0,16.6,8.7,61
2000-09-05,11.4,17.8,73,0.00,220,2.40,0.0,22.4,14.6,55
2000-09-06,11.9,16.3,72,0.00,276,2.74,0.0,23.8,18.0,55
2000-09-07,13.5,20.7,65,0.00,211,3.17,0.0,15.1,10.7,43
2000-09-08,11.9,18.6,81,3.20,281,1.76,8.0,18.0,11.7,58
2000-09-09,9.9,12.6,71,0.40,268,2.45,3.0,21.6,17.8,54
2000-09-10,8.0,11.9,78,5.00,300,1.63,14.0,27.6,18.1,50
2000-09-11,8.4,13.7,68,0.70,254,2.17,2.0,22.0,16.3,48
2000-09-12,10.4,14.1,73,1.10,262,2.35,3.0,24.1,20.4,54
2000-09-13,11.1,15.3,64,0.00,261,2.78,0.0,19.5,13.9,47
2000-09-14,12.7,21.0,71,0.00,152,2.51,0.0,18.8,11.9,51
2000-09-15,15.7,19.3,67,0.00,249,3.09,0.0,19.9,16.3,44
2000-09-16,12.6,20.4,66,0.00,171,2.62,0.0,15.6,10.3,47
2000-09-17,16.5,19.8,72,0.00,236,2.56,0.0,26.3,14.9,55
2000-09-18,14.7,19.0,58,0.00,271,3.47,0.0,32.2,24.5,47
2000-09-19,10.2,14.8,77,6.30,301,1.68,12.0,29.9,22.8,52
2000-09-20,6.1,10.4,81,1.20,20,0.96,4.0,22.8,12.1,58
2000-09-21,2.4,5.7,63,0.00,358,1.58,0.0,22.8,17.5,46
2000-09-22,1.7,6.9,61,0.00,187,1.71,0.0,18.7,11.9,42
2000-09-23,5.5,13.1,60,0.00,227,2.35,0.0,21.8,17.1,48
2000-09-24,9.5,15.0,77,0.00,245,1.82,0.0,17.8,11.2,61
2000-09-25,10.1,14.4,83,0.30,278,1.21,2.0,16.8,11.7,71
2000-09-26,8.5,15.7,81,0.10,116,1.53,1.0,11.2,9.6,64
2000-09-27,12.0,19.5,74,0.00,213,2.21,0.0,13.0,9.5,42
2000-09-28,12.6,17.4,73,0.00,238,2.23,0.0,20.7,12.3,47
2000-09-29,11.8,17.1,71,0.00,212,1.79,0.0,15.4,9.5,50
2000-09-30,10.3,15.3,69,0.70,241,1.96,5.0,38.9,20.8,37
2000-10-01,4.7,7.7,67,0.90,285,1.67,3.0,32.8,16.1,54
2000-10-02,1.3,5.0,53,0.00,307,1.92,0.0,32.9,25.1,33
2000-10-03,-0.1,2.1,43,0.00,310,2.09,0.0,29.7,21.8,33
2000-10-04,-1.0,1.4,47,0.00,317,1.69,0.0,25.1,19.9,37
2000-10-05,-0.9,3.4,58,0.00,295,1.45,0.0,20.2,9.6,38
2000-10-06,-0.3,5.9,60,0.00,150,1.55,0.0,25.0,16.6,35
2000-10-07,2.4,8.9,53,0.00,144,2.15,0.0,26.7,22.5,43
2000-10-08,4.9,14.1,70,0.00,151,1.75,0.0,21.2,13.2,43
2000-10-09,8.5,12.2,69,0.00,260,1.35,0.0,11.2,7.7,52
2000-10-10,7.5,10.4,73,0.00,17,1.35,0.0,14.9,11.7,65
2000-10-11,5.7,10.4,84,0.00,276,1.19,0.0,14.8,9.1,58
2000-10-12,6.2,13.0,80,0.00,169,1.29,0.0,14.5,7.4,51
2000-10-13,6.4,11.4,82,0.00,104,1.13,0.0,17.8,14.0,61
2000-10-14,6.7,9.8,79,0.00,203,1.00,0.0,17.6,13.0,66
2000-10-15,5.8,11.1,67,0.00,220,1.42,0.0,13.4,11.4,45
2000-10-16,6.9,10.1,64,0.00,231,1.65,0.0,20.5,16.0,43
2000-10-17,5.7,11.2,66,0.00,221,1.43,0.0,14.7,10.6,45
2000-10-18,7.9,12.4,64,0.00,165,1.84,0.0,25.0,19.0,38
2000-10-19,6.5,10.9,56,0.00,275,2.13,0.0,31.0,24.4,39
2000-10-20,1.8,5.2,76,0.80,122,0.85,5.0,36.4,24.8,63
2000-10-21,4.1,6.6,74,0.30,256,1.17,2.0,28.5,21.4,50
2000-10-22,4.4,9.4,58,1.00,236,1.48,3.0,22.5,17.2,48
2000-10-23,9.0,12.1,66,0.00,244,1.50,0.0,23.7,16.5,60
2000-10-24,7.6,10.4,85,0.00,265,0.71,0.0,7.9,6.0,68
2000-10-25,6.0,8.3,93,0.00,264,0.40,0.0,7.6,4.4,79
2000-10-26,3.2,6.9,89,1.30,95,0.47,7.0,25.3,18.9,78
2000-10-27,6.4,10.2,76,0.00,148,1.16,0.0,22.9,16.3,63
2000-10-28,3.8,7.9,93,1.20,67,0.26,9.0,19.0,15.3,77
2000-10-29,2.7,4.0,93,1.70,329,0.34,10.0,17.0,12.2,77
2000-10-30,0.9,6.2,87,0.00,270,0.57,0.0,9.7,5.4,67
2000-10-31,1.3,7.0,89,0.00,169,0.60,0.0,11.1,7.6,66
2000-11-01,1.8,4.7,83,0.10,256,0.71,1.0,18.8,15.9,54
2000-11-02,1.1,6.2,72,0.00,229,0.67,0.0,11.8,7.9,54
2000-11-03,1.2,4.2,88,1.50,199,0.28,4.0,15.5,10.2,64
2000-11-04,2.2,4.3,89,3.30,307,0.23,11.0,29.0,16.8,74
2000-11-05,-3.2,-1.5,64,0.50,336,0.75,3.0,29.7,15.0,46
2000-11-06,-5.1,-2.1,71,0.00,124,0.49,0.0,14.8,8.6,56
2000-11-07,-5.3,-2.9,72,0.00,140,0.50,0.0,21.3,15.7,58
2000-11-08,-5.4,-3.9,70,0.60,104,0.46,6.0,18.7,11.8,63
2000-11-09,-6.8,-4.5,72,0.00,15,0.38,0.0,13.8,11.9,54
2000-11-10,-9.7,-7.5,64,0.00,65,0.39,0.0,12.0,7.0,50
2000-11-11,-8.1,-0.6,59,0.00,210,0.73,0.0,19.6,16.3,45
2000-11-12,-2.3,2.4,66,0.00,249,0.85,0.0,18.7,16.7,48
2000-11-13,-1.4,1.9,67,0.00,262,0.76,0.0,16.4,13.8,58
2000-11-14,-2.0,-0.6,77,0.00,271,0.51,0.0,17.4,13.3,71
2000-11-15,-5.4,-1.8,85,0.00,134,0.29,0.0,11.2,8.4,69
2000-11-16,-5.7,-2.7,82,1.50,270,0.33,5.0,27.0,17.5,75
2000-11-17,-2.5,1.0,77,0.70,265,0.47,5.0,23.0,16.5,53
2000-11-18,0.9,3.2,70,1.20,287,1.02,8.0,38.1,29.2,61
2000-11-19,-3.2,-0.7,75,0.00,276,0.41,0.0,14.4,9.4,58
2000-11-20,-4.6,1.3,78,0.00,223,0.41,0.0,15.5,11.3,67
2000-11-21,-3.2,4.2,81,0.00,237,0.41,0.0,15.6,10.4,59
2000-11-22,0.9,5.5,80,0.00,246,0.47,0.0,15.7,12.4,67
2000-11-23,-1.5,5.3,77,0.00,190,0.50,0.0,15.6,9.5,46
2000-11-24,1.9,4.2,66,0.20,257,1.06,2.0,24.1,21.6,53
2000-11-25,1.6,6.0,63,0.00,198,0.87,0.0,19.2,13.5,53
2000-11-26,1.0,3.7,71,0.00,255,0.72,0.0,21.5,16.0,60
2000-11-27,-2.6,0.4,76,0.00,233,0.33,0.0,15.0,8.7,68
2000-11-28,-3.7,-1.2,86,0.00,264,0.25,0.0,14.9,12.4,74
2000-11-29,-6.0,-3.0,89,0.00,152,0.19,0.0,13.2,8.3,78
2000-11-30,-5.8,-4.6,86,0.00,119,0.22,0.0,20.9,16.7,75
2000-12-01,-5.1,-2.5,82,0.00,145,0.35,0.0,23.0,19.7,66
2000-12-02,-3.3,2.3,81,0.00,177,0.31,0.0,18.9,11.3,69
2000-12-03,-2.8,0.7,79,2.90,308,0.31,13.0,18.7,15.4,67
2000-12-04,-11.8,-9.0,66,0.00,116,0.26,0.0,14.8,10.1,60
2000-12-05,-6.7,-2.0,80,0.00,257,0.26,0.0,17.8,11.8,65
2000-12-06,2.1,4.3,84,2.40,270,0.38,7.0,27.1,20.8,74
2000-12-07,-1.2,1.3,85,0.80,304,0.26,6.0,23.2,17.6,70
2000-12-08,-10.0,-3.3,69,0.40,11,0.24,4.0,14.5,11.0,54
2000-12-09,-21.5,-16.8,62,0.00,11,0.15,0.0,11.8,8.1,55
2000-12-10,-25.1,-21.9,65,0.00,71,0.08,0.0,7.1,4.5,51
2000-12-11,-25.0,-20.9,69,0.00,156,0.08,0.0,9.7,6.1,59
2000-12-12,-23.8,-22.1,73,0.00,289,0.09,0.0,11.4,8.8,60
2000-12-13,-25.0,-22.3,73,0.00,275,0.08,0.0,11.0,8.6,67
2000-12-14,-25.1,-23.4,74,0.00,280,0.07,0.0,10.0,8.1,62
2000-12-15,-24.6,-22.8,66,0.00,335,0.09,0.0,17.1,8.7,57
2000-12-16,-25.6,-21.1,67,0.00,143,0.14,0.0,33.0,17.1,56
2000-12-17,-19.6,-16.8,73,2.00,232,0.17,7.0,31.9,19.0,61
2000-12-18,-18.5,-5.9,76,0.00,226,0.16,0.0,15.9,9.7,70
2000-12-19,-6.4,-2.6,82,3.90,287,0.23,11.0,25.6,19.4,76
2000-12-20,-22.3,-17.0,78,0.00,101,0.08,0.0,19.0,8.5,70
2000-12-21,-18.9,-12.8,82,0.00,207,0.09,0.0,10.2,7.0,76
2000-12-22,-20.4,-15.8,81,0.00,90,0.08,0.0,13.4,11.0,71
2000-12-23,-22.6,-18.1,78,0.00,129,0.11,0.0,17.8,16.0,75
2000-12-24,-19.0,-16.3,81,0.00,191,0.09,0.0,15.3,8.8,75
2000-12-25,-16.8,-13.2,80,0.00,113,0.13,0.0,17.9,12.1,74
2000-12-26,-10.0,0.1,81,0.00,144,0.26,0.0,19.9,15.8,69
2000-12-27,-2.2,0.2,89,0.00,263,0.20,0.0,18.2,12.9,79
2000-12-28,-6.3,-4.3,92,0.00,272,0.11,0.0,16.6,13.3,87
2000-12-29,-10.7,-6.7,89,0.00,138,0.11,0.0,15.3,10.4,84
2000-12-30,-10.7,-6.7,87,0.00,137,0.12,0.0,14.8,11.2,80
2000-12-31,-9.2,-0.7,86,0.00,169,0.15,0.0,12.5,8.8,80
2001-01-01,-2.1,1.1,88,0.00,253,0.19,0.0,17.4,13.4,79
2001-01-02,-0.9,2.0,81,0.00,235,0.37,0.0,20.7,13.8,77
2001-01-03,1.7,6.5,82,0.00,217,0.49,0.0,22.8,13.1,44
2001-01-04,1.5,4.2,61,0.00,265,1.30,0.0,35.7,28.3,57
2001-01-05,-0.0,3.7,68,0.10,219,0.65,1.0,18.7,13.5,57
2001-01-06,2.3,3.8,75,3.30,274,0.78,15.0,25.8,23.3,63
2001-01-07,-2.4,2.2,63,0.00,234,0.62,0.0,16.2,12.5,43
2001-01-08,-4.1,1.2,64,0.00,136,0.64,0.0,17.8,14.4,51
2001-01-09,-0.5,2.5,68,0.00,239,0.60,0.0,14.5,11.6,52
2001-01-10,-3.2,0.8,82,0.00,143,0.33,0.0,21.5,14.5,66
2001-01-11,-4.1,-1.6,70,0.00,241,0.42,0.0,13.7,9.1,63
2001-01-12,-7.5,-4.0,86,0.00,29,0.15,0.0,11.7,8.2,78
2001-01-13,-8.2,-7.0,85,0.00,138,0.18,0.0,17.4,14.5,77
2001-01-14,-9.7,-6.5,82,0.00,228,0.24,0.0,15.7,12.0,65
2001-01-15,-11.0,-4.4,80,0.00,224,0.22,0.0,10.2,9.0,64
2001-01-16,-4.9,0.1,70,0.00,249,0.60,0.0,20.5,17.2,63
2001-01-17,-2.5,-0.8,83,0.00,275,0.37,0.0,19.3,14.7,72
2001-01-18,-5.3,2.3,88,0.00,170,0.28,0.0,13.9,10.0,74
2001-01-19,-4.3,1.4,82,0.00,226,0.40,0.0,21.0,11.5,61
2001-01-20,-2.3,2.3,64,0.00,240,0.69,0.0,19.0,12.3,52
2001-01-21,-2.8,0.6,68,0.00,238,0.64,0.0,21.5,14.4,57
2001-01-22,-2.6,0.4,61,0.00,261,0.87,0.0,21.9,17.7,51
2001-01-23,-5.3,-0.6,66,0.00,158,0.57,0.0,18.6,11.8,51
2001-01-24,-6.6,1.4,69,0.00,161,0.57,0.0,18.9,11.0,37
2001-01-25,-5.2,-1.4,77,0.00,285,0.49,0.0,16.9,9.1,43
2001-01-26,-7.8,-1.0,81,0.00,231,0.43,0.0,22.0,13.3,58
2001-01-27,-3.5,2.0,69,0.00,258,0.77,0.0,21.3,17.0,48
2001-01-28,0.5,3.3,61,0.00,247,1.10,0.0,25.8,18.4,49
2001-01-29,-0.5,1.1,79,4.20,165,0.32,9.0,15.1,9.7,71
2001-01-30,-3.1,0.5,78,2.40,279,0.57,7.0,33.7,21.4,70
2001-01-31,-6.8,-3.3,82,0.00,285,0.36,0.0,16.4,11.2,65
2001-02-01,-2.4,3.4,76,0.60,207,0.67,4.0,22.4,16.9,64
2001-02-02,-1.2,2.8,82,1.80,239,0.40,5.0,21.7,12.4,72
2001-02-03,0.4,2.1,68,0.00,255,1.03,0.0,27.0,21.7,58
2001-02-04,-1.3,1.3,65,0.00,264,1.08,0.0,28.0,22.9,62
2001-02-05,-6.0,-2.0,70,0.00,304,0.53,0.0,18.3,13.7,56
2001-02-06,-11.2,-6.8,79,0.00,326,0.29,0.0,11.1,7.0,64
2001-02-07,-15.6,-11.3,79,0.00,86,0.25,0.0,9.5,7.1,64
2001-02-08,-18.4,-13.3,76,0.00,109,0.26,0.0,14.5,13.2,64
2001-02-09,-19.9,-15.6,75,0.00,127,0.25,0.0,22.7,16.9,67
2001-02-10,-16.7,-11.3,74,0.00,142,0.36,0.0,24.1,13.3,62
2001-02-11,-17.1,-12.3,76,0.00,29,0.26,0.0,9.1,6.0,60
2001-02-12,-16.7,-12.4,77,0.30,270,0.32,3.0,9.7,7.6,60
2001-02-13,-17.8,-8.7,74,0.30,135,0.30,2.0,16.3,11.6,53
2001-02-14,-9.4,-5.2,80,6.20,321,0.30,20.0,24.2,15.2,63
2001-02-15,-15.7,-14.2,77,0.00,314,0.31,0.0,22.3,15.4,62
2001-02-16,-19.2,-10.9,74,0.00,250,0.38,0.0,12.5,7.7,53
2001-02-17,-16.9,-4.9,61,0.00,213,0.57,0.0,10.9,9.0,38
2001-02-18,-13.0,-7.1,69,0.00,301,0.49,0.0,12.4,8.4,56
2001-02-19,-16.8,-11.1,76,0.00,285,0.36,0.0,14.0,10.6,65
2001-02-20,-16.7,-6.7,74,0.00,144,0.48,0.0,16.5,11.3,48
2001-02-21,-12.4,-7.5,74,0.00,252,0.50,0.0,18.2,14.7,54
2001-02-22,-13.3,-5.8,75,0.00,145,0.45,0.0,15.6,10.1,58
2001-02-23,-11.3,-6.2,76,0.70,324,0.41,6.0,22.3,15.6,59
2001-02-24,-20.4,-15.3,72,0.00,32,0.33,0.0,12.3,8.3,53
2001-02-25,-21.4,-15.3,68,0.00,98,0.36,0.0,11.6,9.1,51
2001-02-26,-20.6,-7.4,66,0.00,141,0.51,0.0,7.9,5.8,45
2001-02-27,-6.8,4.1,66,0.00,238,1.11,0.0,21.5,17.1,48
2001-02-28,3.3,6.9,59,0.00,248,1.67,0.0,24.5,16.8,46
2001-03-01,1.2,5.1,61,0.00,259,1.68,0.0,30.3,22.2,51
2001-03-02,-1.8,3.9,68,1.80,105,0.83,8.0,17.9,13.2,41
2001-03-03,-1.1,4.3,75,1.20,227,1.08,4.0,6.5,4.4,47
2001-03-04,-2.6,4.8,63,0.00,131,1.30,0.0,15.1,9.4,39
2001-03-05,-1.4,3.3,75,0.00,140,1.17,0.0,19.9,15.5,49
2001-03-06,-2.8,4.4,60,0.00,244,1.37,0.0,14.2,11.5,43
2001-03-07,-0.7,10.3,60,0.00,142,1.59,0.0,14.3,9.9,32
2001-03-08,0.9,8.0,65,0.00,239,1.47,0.0,14.1,11.0,42
2001-03-09,-1.0,4.7,68,0.00,311,1.11,0.0,14.8,10.5,55
2001-03-10,-1.4,3.3,64,0.00,202,1.06,0.0,19.4,12.4,49
2001-03-11,1.1,6.2,79,2.50,268,1.10,9.0,26.2,16.7,52
2001-03-12,4.4,6.9,57,0.60,271,2.26,3.0,37.1,25.6,37
2001-03-13,2.1,6.2,66,0.30,261,1.65,2.0,22.5,12.8,40
2001-03-14,-0.2,4.5,63,0.00,284,1.43,0.0,15.2,9.7,41
2001-03-15,0.2,6.2,46,0.00,238,2.04,0.0,13.4,10.9,24
2001-03-16,0.5,7.5,45,0.00,211,2.00,0.0,14.1,10.4,25
2001-03-17,2.6,8.4,42,0.00,214,2.01,0.0,10.1,7.3,28
2001-03-18,3.1,9.4,53,0.00,111,1.96,0.0,16.1,7.8,31
2001-03-19,-1.0,7.6,55,1.20,244,1.71,5.0,35.7,23.8,37
2001-03-20,-14.0,-7.0,46,0.10,315,1.01,1.0,20.1,12.4,34
2001-03-21,-13.5,-10.3,44,0.60,7,0.89,4.0,16.1,10.3,35
2001-03-22,-17.5,-12.8,47,0.00,328,0.80,0.0,17.2,8.9,27
2001-03-23,-17.8,-13.2,40,0.00,5,0.82,0.0,10.2,6.4,23
2001-03-24,-15.3,-6.8,36,0.00,110,1.05,0.0,20.1,13.1,23
2001-03-25,-7.9,1.1,33,0.00,128,1.91,0.0,29.7,25.7,24
2001-03-26,-0.5,5.7,49,0.70,156,1.97,4.0,24.1,17.6,32
2001-03-27,2.2,9.1,42,0.00,251,2.68,0.0,17.9,14.7,18
2001-03-28,2.8,8.4,45,0.30,230,2.49,2.0,32.0,17.4,21
2001-03-29,1.9,5.6,45,0.00,271,2.68,0.0,29.7,22.9,34
2001-03-30,-0.3,4.2,54,0.00,302,2.10,0.0,22.1,18.5,34
2001-03-31,0.0,6.7,46,0.00,144,2.17,0.0,22.8,13.4,18
2001-04-01,2.3,6.7,50,0.00,239,1.93,0.0,13.4,8.5,19
2001-04-02,1.0,5.1,82,0.40,15,1.16,3.0,15.9,8.2,60
2001-04-03,1.1,7.1,68,0.00,62,1.89,0.0,17.1,9.1,30
2001-04-04,2.5,8.7,44,0.00,158,2.85,0.0,21.0,16.1,28
2001-04-05,4.0,8.3,52,0.10,234,2.69,1.0,21.7,17.7,30
2001-04-06,2.7,8.1,58,0.40,62,1.54,2.0,18.3,10.7,31
2001-04-07,0.7,4.5,78,9.00,57,1.08,19.0,21.4,17.2,60
2001-04-08,1.7,5.3,78,1.50,58,1.32,7.0,14.1,7.6,60
2001-04-09,1.6,6.5,78,0.50,230,1.64,3.0,16.4,9.1,45
2001-04-10,0.4,4.4,79,1.20,328,1.27,6.0,23.9,14.8,47
2001-04-11,-0.6,4.1,54,0.00,343,2.29,0.0,19.4,9.4,31
2001-04-12,1.4,8.3,46,0.00,128,2.54,0.0,12.1,7.0,24
2001-04-13,2.6,7.9,49,0.00,202,2.30,0.0,10.9,7.2,27
2001-04-14,2.9,7.8,59,0.00,346,2.57,0.0,11.4,8.2,31
2001-04-15,1.8,7.4,46,0.00,85,2.85,0.0,12.2,10.1,28
2001-04-16,1.7,8.2,36,0.00,138,3.28,0.0,24.4,18.9,29
2001-04-17,3.4,9.0,40,0.00,133,3.31,0.0,24.8,22.3,34
2001-04-18,5.9,12.2,70,2.80,241,2.89,6.0,23.2,18.3,33
2001-04-19,3.4,11.6,74,0.40,301,1.65,4.0,23.0,11.8,33
2001-04-20,0.1,3.9,60,0.20,357,2.33,2.0,20.1,13.6,32
2001-04-21,0.4,6.7,43,0.00,149,2.50,0.0,8.4,5.7,28
2001-04-22,3.3,9.1,50,0.00,288,2.77,0.0,6.6,4.7,31
2001-04-23,5.1,12.9,54,0.00,193,3.07,0.0,17.8,11.3,32
2001-04-24,8.6,17.1,59,0.00,230,3.39,0.0,16.2,11.7,33
2001-04-25,8.2,15.3,59,2.30,266,3.40,3.0,28.1,21.1,32
2001-04-26,8.3,15.9,46,0.00,241,4.01,0.0,16.4,10.7,31
2001-04-27,12.2,22.1,53,0.00,126,4.05,0.0,18.5,9.9,23
2001-04-28,13.0,21.5,57,0.30,289,3.61,2.0,19.1,10.9,27
2001-04-29,7.9,13.6,58,0.60,255,3.33,2.0,21.7,15.7,26
2001-04-30,8.3,13.7,47,0.00,247,3.57,0.0,17.8,12.5,26
2001-05-01,6.4,12.2,57,0.00,251,3.08,0.0,22.4,13.0,33
2001-05-02,5.9,12.0,66,0.00,266,3.09,0.0,17.6,14.2,31
2001-05-03,9.9,18.1,41,0.00,239,4.38,0.0,17.8,14.3,25
2001-05-04,11.2,17.5,49,0.00,257,3.99,0.0,17.3,12.5,27
2001-05-05,10.0,15.3,58,1.80,274,2.75,5.0,26.6,16.4,33
2001-05-06,6.2,11.7,68,2.20,299,3.08,8.0,30.6,26.1,26
2001-05-07,8.4,16.9,49,0.00,270,4.08,0.0,19.3,7.9,24
2001-05-08,9.5,16.4,48,0.70,247,3.72,3.0,25.6,13.3,25
2001-05-09,7.0,11.5,39,0.00,262,4.24,0.0,23.7,18.4,24
2001-05-10,6.9,12.1,40,0.00,250,3.82,0.0,15.5,12.6,25
2001-05-11,8.3,14.9,48,0.00,243,3.77,0.0,12.8,9.4,26
2001-05-12,10.9,19.6,50,0.20,150,4.22,1.0,18.6,9.0,27
2001-05-13,13.7,19.7,41,0.00,219,5.26,0.0,23.3,19.1,25
2001-05-14,10.6,15.2,43,0.00,265,3.70,0.0,15.0,8.0,27
2001-05-15,10.1,14.5,68,0.00,269,3.05,0.0,12.6,7.3,41
2001-05-16,9.9,15.2,72,0.00,283,3.42,0.0,13.6,6.8,40
2001-05-17,9.9,15.0,50,0.00,263,4.19,0.0,28.0,22.3,28
2001-05-18,8.1,12.2,43,1.60,265,4.24,7.0,30.0,24.9,30
2001-05-19,6.5,12.1,55,2.90,259,2.91,8.0,23.8,14.8,29
2001-05-20,5.9,10.9,69,1.60,302,2.84,6.0,24.5,19.7,37
2001-05-21,7.3,11.3,64,0.40,261,2.50,3.0,19.6,12.7,49
2001-05-22,11.1,20.8,61,0.00,231,4.03,0.0,11.7,8.6,33
2001-05-23,16.2,23.7,55,0.30,199,4.80,2.0,13.3,7.8,32
2001-05-24,16.4,23.5,59,1.40,243,4.61,5.0,15.8,11.3,33
2001-05-25,16.1,21.6,56,0.00,261,5.00,0.0,13.7,8.3,22
2001-05-26,14.3,21.0,62,3.50,22,3.21,9.0,17.3,11.1,23
2001-05-27,15.4,21.3,57,0.00,110,5.17,0.0,30.1,24.3,38
2001-05-28,18.6,23.2,48,0.00,127,6.49,0.0,32.8,30.1,37
2001-05-29,12.6,20.5,75,4.70,203,1.78,13.0,26.7,20.2,54
2001-05-30,4.1,6.9,93,16.50,288,0.53,22.0,34.8,26.8,78
2001-05-31,6.8,15.7,81,2.70,307,3.30,5.0,25.2,14.5,42
2001-06-01,12.7,19.3,64,0.00,126,4.38,0.0,27.5,17.3,42
2001-06-02,13.9,19.0,66,6.90,123,3.38,10.0,30.4,25.1,43
2001-06-03,11.3,14.2,96,8.60,145,1.36,21.0,11.9,6.0,80
2001-06-04,13.3,18.8,82,1.30,123,3.22,4.0,22.5,12.5,38
2001-06-05,15.0,19.1,61,0.00,129,4.59,0.0,25.3,19.4,37
2001-06-06,15.1,19.9,55,0.00,134,4.74,0.0,21.0,13.7,36
2001-06-07,14.5,20.0,72,0.00,259,3.10,0.0,19.6,11.5,37
2001-06-08,14.3,20.0,71,0.00,261,4.08,0.0,14.6,12.6,40
2001-06-09,16.8,22.7,56,0.00,96,4.90,0.0,10.4,6.7,33
2001-06-10,13.8,22.5,73,3.90,257,2.32,9.0,25.4,15.0,34
2001-06-11,10.0,13.9,70,6.60,289,1.91,12.0,24.4,16.7,54
2001-06-12,9.7,15.2,89,3.70,285,2.30,9.0,17.7,12.7,62
2001-06-13,13.2,17.3,77,1.00,279,3.53,3.0,13.5,9.0,58
2001-06-14,13.3,17.7,77,1.60,41,3.68,2.0,9.6,6.5,55
2001-06-15,12.6,17.5,79,3.00,6,3.75,4.0,19.3,10.1,44
2001-06-16,13.1,17.1,74,0.70,333,3.62,6.0,11.0,7.6,44
2001-06-17,11.5,15.1,76,1.40,21,3.31,3.0,11.2,8.5,47
2001-06-18,12.6,16.5,72,2.80,288,3.25,5.0,19.8,13.6,48
2001-06-19,14.1,20.2,78,3.00,266,3.86,9.0,14.2,7.9,52
2001-06-20,18.0,25.4,66,0.00,206,5.16,0.0,11.5,8.6,33
2001-06-21,19.7,24.4,62,0.00,257,4.90,0.0,15.5,10.8,43
2001-06-22,17.5,22.4,70,0.80,255,4.67,4.0,23.0,15.5,38
2001-06-23,16.2,20.5,56,0.00,258,4.96,0.0,18.7,10.5,37
2001-06-24,11.3,17.4,90,12.70,66,1.27,19.0,20.8,17.5,59
2001-06-25,9.9,12.6,80,0.40,47,1.92,4.0,18.5,14.6,60
2001-06-26,11.9,15.9,73,0.60,117,2.85,2.0,20.4,11.7,58
2001-06-27,11.9,15.4,78,2.20,114,1.83,8.0,26.1,21.3,57
2001-06-28,12.6,14.6,91,5.40,328,1.40,20.0,21.6,14.6,76
2001-06-29,12.2,15.9,86,5.90,6,2.59,17.0,18.8,12.7,56
2001-06-30,14.3,19.2,76,0.00,127,3.52,0.0,15.2,9.5,56
2001-07-01,15.0,18.9,76,3.10,139,2.82,9.0,17.1,12.9,58
2001-07-02,15.2,20.1,81,2.60,271,3.90,9.0,19.5,16.8,51
2001-07-03,16.8,22.2,70,0.00,289,4.60,0.0,18.9,7.8,43
2001-07-04,19.6,27.2,62,0.00,144,5.61,0.0,18.9,13.0,44
2001-07-05,17.9,26.5,72,3.40,267,3.51,9.0,29.6,16.8,39
2001-07-06,16.1,19.4,50,0.00,262,5.72,0.0,30.3,26.6,40
2001-07-07,15.8,19.5,64,0.30,250,3.71,2.0,19.1,13.8,45
2001-07-08,16.7,21.0,57,0.00,255,5.25,0.0,21.2,16.7,40
2001-07-09,18.7,26.3,58,0.00,212,5.27,0.0,17.1,8.8,40
2001-07-10,20.8,27.5,70,1.60,136,5.21,4.0,14.0,9.1,46
2001-07-11,18.8,27.6,75,8.20,281,4.38,5.0,20.4,14.4,46
2001-07-12,17.5,23.5,54,0.00,254,5.60,0.0,18.7,10.7,35
2001-07-13,18.3,23.2,71,5.10,140,3.96,10.0,25.2,15.5,41
2001-07-14,17.5,21.2,86,5.30,208,2.60,7.0,16.9,11.1,51
2001-07-15,18.1,23.2,63,0.00,256,4.93,0.0,18.1,10.1,45
2001-07-16,17.7,22.8,85,7.40,91,2.63,16.0,10.5,5.9,51
2001-07-17,17.6,21.1,92,16.10,96,2.64,22.0,17.4,10.2,75
2001-07-18,16.0,20.5,79,5.50,114,3.79,8.0,24.8,18.6,45
2001-07-19,14.7,17.4,89,10.70,296,2.56,17.0,13.6,7.0,66
2001-07-20,14.9,18.8,90,9.10,234,2.19,21.0,15.0,7.8,77
2001-07-21,15.3,18.8,91,16.20,336,2.38,20.0,9.0,6.4,81
2001-07-22,16.2,19.5,88,3.70,22,2.73,13.0,10.6,8.6,63
2001-07-23,16.5,21.3,74,0.00,128,4.18,0.0,18.2,14.0,51
2001-07-24,15.8,21.1,81,17.60,155,2.31,15.0,17.7,10.8,52
2001-07-25,15.7,20.2,88,11.80,31,2.65,8.0,11.2,8.6,62
2001-07-26,15.5,19.0,89,5.50,84,1.92,16.0,8.6,6.6,71
2001-07-27,15.0,20.1,90,2.20,212,2.66,6.0,6.5,4.0,61
2001-07-28,15.0,18.1,94,3.60,184,1.97,7.0,6.9,3.5,81
2001-07-29,14.1,16.3,98,35.00,327,0.83,24.0,33.2,22.6,89
2001-07-30,16.2,19.9,80,0.50,279,3.57,3.0,21.6,18.7,66
2001-07-31,16.8,20.7,75,0.10,256,3.88,1.0,15.9,12.0,49
2001-08-01,17.2,22.6,75,0.50,202,4.09,2.0,11.3,7.6,51
2001-08-02,17.3,21.8,83,0.50,212,3.62,2.0,10.7,8.6,57
2001-08-03,18.2,23.4,81,0.50,9,3.01,2.0,11.9,7.1,60
2001-08-04,17.5,20.9,88,0.90,327,2.89,5.0,11.2,7.1,64
2001-08-05,15.8,20.8,74,1.10,250,3.96,2.0,20.7,17.2,41
2001-08-06,17.4,21.2,66,0.00,248,4.16,0.0,22.3,12.8,48
2001-08-07,16.8,20.7,64,0.00,253,4.34,0.0,25.9,17.3,50
2001-08-08,14.2,18.6,77,3.60,303,3.02,10.0,22.6,18.7,55
2001-08-09,15.5,21.1,74,0.00,253,3.55,0.0,15.3,9.2,50
2001-08-10,18.3,22.9,70,0.00,258,4.05,0.0,14.2,11.8,50
2001-08-11,18.5,22.5,72,0.00,19,3.70,0.0,10.9,8.6,56
2001-08-12,18.3,25.3,79,0.00,130,4.05,0.0,15.5,13.5,53
2001-08-13,20.9,25.4,74,0.30,195,4.06,1.0,16.1,9.2,54
2001-08-14,19.8,23.9,76,0.10,309,3.81,1.0,16.6,10.5,50
2001-08-15,19.1,26.6,72,0.00,201,4.08,0.0,14.0,8.6,43
2001-08-16,20.8,25.7,68,0.00,301,4.35,0.0,11.7,6.8,44
2001-08-17,20.8,27.3,69,0.00,135,4.65,0.0,19.4,12.8,41
2001-08-18,20.5,26.8,66,0.00,194,4.37,0.0,19.1,14.9,44
2001-08-19,16.1,23.4,88,33.90,291,1.31,18.0,28.9,19.7,58
2001-08-20,14.0,19.3,70,7.40,253,3.56,7.0,27.1,22.8,45
2001-08-21,15.0,20.2,67,0.40,235,3.52,1.0,17.2,10.5,43
2001-08-22,17.0,22.3,64,0.00,116,3.46,0.0,17.6,13.1,52
2001-08-23,17.1,22.0,78,3.50,203,2.59,4.0,20.2,11.2,56
2001-08-24,14.3,17.8,68,0.10,249,3.51,1.0,27.3,19.9,43
2001-08-25,14.4,17.2,56,0.00,248,3.73,0.0,27.4,21.8,48
2001-08-26,16.1,22.9,65,0.00,247,3.69,0.0,18.4,13.7,45
2001-08-27,18.6,25.4,72,0.00,161,3.45,0.0,11.4,7.1,42
2001-08-28,18.5,24.2,67,0.00,269,3.66,0.0,23.8,17.6,55
2001-08-29,16.1,19.7,66,0.00,270,3.32,0.0,18.7,11.8,48
2001-08-30,15.9,21.8,68,0.00,143,3.50,0.0,21.8,12.8,44
2001-08-31,17.2,21.6,65,0.30,157,3.60,1.0,19.5,13.5,48
2001-09-01,14.3,17.7,88,1.90,219,1.38,6.0,16.1,11.8,71
2001-09-02,13.1,17.2,58,0.70,259,3.94,2.0,28.8,23.5,37
2001-09-03,13.1,17.5,60,0.20,175,3.09,1.0,28.7,17.2,38
2001-09-04,13.5,16.9,48,0.00,250,4.09,0.0,28.3,20.2,37
2001-09-05,11.9,16.2,63,0.00,256,3.07,0.0,20.1,15.3,44
2001-09-06,10.9,15.4,65,4.70,250,2.39,12.0,28.4,20.2,44
2001-09-07,9.4,13.7,85,8.70,305,1.72,12.0,29.9,22.5,53
2001-09-08,10.8,14.0,65,1.00,250,2.67,1.0,30.9,19.0,51
2001-09-09,9.7,11.8,66,2.90,285,2.14,12.0,29.4,23.7,56
2001-09-10,7.9,9.9,89,11.00,307,1.05,21.0,22.5,18.4,75
2001-09-11,7.0,9.9,84,1.50,301,1.18,9.0,15.3,12.4,60
2001-09-12,7.9,11.7,76,0.00,131,1.74,0.0,22.2,12.3,55
2001-09-13,10.5,18.5,78,0.00,164,2.50,0.0,18.6,12.5,53
2001-09-14,13.5,21.4,73,0.00,216,2.70,0.0,8.9,6.7,47
2001-09-15,15.0,20.9,75,0.00,185,2.73,0.0,11.5,8.5,57
2001-09-16,13.2,19.9,77,0.00,29,2.31,0.0,15.7,11.9,52
2001-09-17,11.7,18.1,75,0.00,127,2.44,0.0,15.1,12.6,54
2001-09-18,13.3,18.0,84,0.00,142,1.72,0.0,13.2,9.7,64
2001-09-19,12.0,15.8,79,0.30,282,1.53,2.0,21.1,15.7,66
2001-09-20,9.4,13.8,77,0.00,272,1.97,0.0,15.9,10.6,52
2001-09-21,8.7,13.5,83,3.60,107,0.81,6.0,15.5,9.9,54
2001-09-22,8.6,14.6,92,0.40,144,1.15,2.0,24.7,20.0,65
2001-09-23,13.0,21.6,77,0.00,145,2.52,0.0,23.4,16.8,54
2001-09-24,16.1,23.7,72,0.00,160,2.66,0.0,19.3,9.5,45
2001-09-25,17.2,25.7,71,0.00,137,2.79,0.0,16.1,8.6,37
2001-09-26,16.3,22.9,70,0.00,120,2.64,0.0,29.8,17.2,43
2001-09-27,11.7,15.9,72,1.50,246,2.24,3.0,30.6,20.1,39
2001-09-28,10.1,14.5,64,0.00,156,1.85,0.0,14.5,8.7,44
2001-09-29,10.3,17.1,73,0.00,152,2.18,0.0,17.4,10.1,40
2001-09-30,11.4,16.2,45,0.30,251,3.79,2.0,36.7,26.8,26
2001-10-01,9.2,13.0,46,0.00,262,2.82,0.0,26.8,17.8,31
2001-10-02,8.0,11.7,56,0.00,256,2.38,0.0,26.3,16.8,38
2001-10-03,8.2,11.0,53,0.00,289,2.63,0.0,23.0,19.4,40
2001-10-04,3.6,9.5,80,4.10,323,1.25,10.0,21.3,16.6,47
2001-10-05,4.2,11.7,65,0.00,228,1.67,0.0,14.3,10.6,43
2001-10-06,7.0,14.7,69,0.00,165,1.53,0.0,11.2,8.5,41
2001-10-07,9.0,12.7,60,0.00,254,2.13,0.0,18.2,14.9,42
2001-10-08,8.3,13.0,66,0.00,236,1.71,0.0,15.2,10.2,40
2001-10-09,7.2,11.7,67,0.00,258,1.69,0.0,26.3,18.2,46
2001-10-10,6.9,10.9,57,0.00,210,1.77,0.0,19.3,14.1,46
2001-10-11,5.5,9.0,81,4.70,269,0.65,14.0,31.7,21.1,52
2001-10-12,5.0,7.5,65,0.80,237,1.36,3.0,23.9,18.3,59
2001-10-13,4.7,6.6,83,11.60,288,1.01,18.0,32.6,27.7,53
2001-10-14,3.4,5.7,70,0.90,297,1.27,6.0,24.6,19.3,53
2001-10-15,2.3,6.7,68,0.10,269,1.21,1.0,20.0,8.0,43
2001-10-16,3.6,9.5,57,0.50,138,1.72,1.0,25.5,18.7,50
2001-10-17,4.7,6.5,69,0.50,274,1.41,3.0,25.7,21.4,54
2001-10-18,4.3,7.2,64,1.90,265,1.43,7.0,24.6,21.2,52
2001-10-19,4.3,6.4,86,6.20,277,0.63,24.0,17.8,12.4,76
2001-10-20,1.9,3.9,94,5.70,277,0.49,23.0,20.3,10.7,77
2001-10-21,0.1,2.2,79,0.30,1,0.69,2.0,17.1,8.1,54
2001-10-22,-1.3,0.3,77,0.30,128,0.64,3.0,23.7,19.5,66
2001-10-23,-2.4,-0.8,74,0.40,119,0.64,4.0,25.6,18.2,65
2001-10-24,-1.3,1.6,83,2.70,239,0.48,17.0,13.4,7.9,65
2001-10-25,-0.8,3.6,83,0.00,204,0.58,0.0,9.8,6.9,55
2001-10-26,-1.6,1.9,79,0.00,136,0.65,0.0,40.5,23.0,68
2001-10-27,2.3,3.7,69,0.40,252,1.00,2.0,20.4,16.1,55
2001-10-28,1.2,7.0,57,0.00,240,1.28,0.0,16.3,12.5,34
2001-10-29,-1.5,3.4,74,0.00,146,0.77,0.0,16.1,12.4,53
2001-10-30,-0.2,7.8,75,0.00,163,0.82,0.0,17.0,10.7,40
2001-10-31,0.2,3.4,82,0.50,137,0.61,3.0,20.7,16.0,67
2001-11-01,2.2,6.7,86,0.00,271,0.67,0.0,18.8,14.5,60
2001-11-02,3.6,7.2,60,0.00,236,1.51,0.0,27.6,20.9,39
2001-11-03,2.9,6.2,60,0.00,231,1.43,0.0,29.3,17.9,40
2001-11-04,3.1,9.8,75,0.00,176,0.78,0.0,21.3,13.6,55
2001-11-05,2.3,5.8,60,0.00,268,1.23,0.0,19.4,14.9,54
2001-11-06,-1.6,3.3,75,0.00,152,0.56,0.0,13.6,9.0,51
2001-11-07,-1.4,3.9,77,0.00,170,0.54,0.0,12.3,9.4,49
2001-11-08,2.2,7.4,63,0.40,218,1.04,2.0,21.5,14.1,56
2001-11-09,2.5,5.6,85,0.10,249,0.44,1.0,15.9,10.4,72
2001-11-10,3.1,5.6,89,0.40,113,0.37,4.0,17.7,9.1,79
2001-11-11,1.1,3.9,89,0.00,128,0.43,0.0,21.4,14.8,75
2001-11-12,1.3,6.1,89,0.00,137,0.42,0.0,14.0,12.2,71
2001-11-13,3.0,7.6,89,0.00,158,0.44,0.0,13.6,8.5,77
2001-11-14,2.8,7.6,93,1.00,161,0.42,3.0,17.6,13.2,74
2001-11-15,2.7,5.4,86,0.00,140,0.38,0.0,29.0,17.6,77
2001-11-16,4.5,7.5,71,0.00,216,0.91,0.0,25.7,15.9,57
2001-11-17,2.4,5.0,58,0.00,261,1.37,0.0,27.0,22.0,53
2001-11-18,-0.4,2.4,55,0.00,259,1.08,0.0,23.1,16.2,36
2001-11-19,-2.5,3.1,61,0.00,160,0.70,0.0,17.4,10.7,40
2001-11-20,-1.2,0.6,62,1.10,100,0.59,4.0,16.8,11.0,49
2001-11-21,-2.5,-0.4,92,0.00,117,0.20,0.0,15.9,13.0,82
2001-11-22,-2.3,0.8,94,0.00,141,0.22,0.0,15.5,10.3,88
2001-11-23,-3.1,-1.6,90,0.00,1,0.20,0.0,10.9,7.7,73
2001-11-24,-5.4,-3.0,69,0.10,67,0.46,1.0,17.0,13.8,53
2001-11-25,-11.2,-8.8,66,0.20,100,0.46,2.0,20.0,18.6,55
2001-11-26,-9.7,-8.3,75,1.10,125,0.36,7.0,21.6,17.6,69
2001-11-27,-8.2,-6.9,86,1.70,175,0.15,10.0,14.0,9.6,75
2001-11-28,-14.5,-11.9,81,0.20,55,0.15,2.0,18.4,9.8,71
2001-11-29,-12.6,-11.2,81,1.70,82,0.21,10.0,21.6,16.9,68
2001-11-30,-13.6,-12.7,85,1.50,35,0.11,10.0,14.5,8.0,77
2001-12-01,-15.9,-12.2,83,0.10,123,0.15,1.0,28.0,20.4,78
2001-12-02,-13.1,-10.2,83,0.30,231,0.15,2.0,24.5,14.2,72
2001-12-03,-18.3,-15.3,81,0.00,203,0.12,0.0,16.5,11.1,73
2001-12-04,-20.3,-12.1,81,0.00,146,0.11,0.0,14.3,11.1,71
2001-12-05,-16.9,-11.3,81,0.00,136,0.10,0.0,12.3,6.5,70
2001-12-06,-15.8,-9.6,80,0.00,132,0.15,0.0,14.5,11.8,66
2001-12-07,-8.7,-3.8,81,0.60,253,0.25,4.0,24.5,14.0,71
2001-12-08,1.0,4.4,73,2.60,220,0.67,5.0,20.6,15.5,60
2001-12-09,-3.5,2.8,85,1.60,290,0.23,9.0,22.7,14.6,78
2001-12-10,-11.6,-8.7,84,1.60,75,0.10,9.0,15.6,10.0,79
2001-12-11,-14.1,-12.1,83,0.70,121,0.13,7.0,16.2,13.1,76
2001-12-12,-13.0,-2.6,85,1.30,167,0.13,7.0,13.1,9.9,79
2001-12-13,-6.6,-2.7,90,0.00,213,0.11,0.0,16.4,10.8,85
2001-12-14,-8.3,-6.6,90,0.00,105,0.11,0.0,19.8,12.6,85
2001-12-15,-8.9,-6.5,82,1.90,257,0.19,9.0,23.8,13.6,67
2001-12-16,-9.5,-2.0,81,0.00,125,0.21,0.0,20.5,12.7,71
2001-12-17,-6.0,-2.0,82,0.60,202,0.29,2.0,40.1,21.6,72
2001-12-18,-12.3,-8.8,76,0.00,169,0.20,0.0,20.7,12.8,66
2001-12-19,-9.1,-4.3,82,0.00,181,0.23,0.0,23.5,16.0,72
2001-12-20,-13.1,-7.9,85,0.00,182,0.09,0.0,11.7,8.5,73
2001-12-21,-16.0,-11.4,82,0.00,164,0.11,0.0,13.3,8.5,69
2001-12-22,-11.7,-8.2,74,0.00,237,0.27,0.0,19.2,13.9,63
2001-12-23,-13.9,-4.6,79,0.00,209,0.18,0.0,17.5,10.6,65
2001-12-24,-7.2,-1.5,74,0.00,244,0.26,0.0,15.9,9.7,56
2001-12-25,-7.3,-1.9,76,0.00,253,0.26,0.0,15.2,11.1,66
2001-12-26,-7.7,-4.5,84,0.00,257,0.12,0.0,9.8,5.6,72
2001-12-27,-11.9,-7.5,89,0.00,97,0.08,0.0,9.1,5.3,85
2001-12-28,-15.6,-10.3,83,0.00,93,0.10,0.0,17.7,11.9,71
2001-12-29,-15.6,-11.8,82,0.00,104,0.11,0.0,11.7,10.0,77
2001-12-30,-17.2,-14.0,84,0.00,125,0.08,0.0,12.1,6.0,80
2001-12-31,-16.9,-14.8,82,0.00,121,0.10,0.0,13.6,11.1,75
2002-01-01,-17.9,-16.4,81,0.00,132,0.11,0.0,13.7,12.5,73
2002-01-02,-17.4,-12.4,79,0.00,91,0.10,0.0,11.2,5.2,64
2002-01-03,-6.9,2.8,77,0.00,218,0.39,0.0,22.0,13.7,66
2002-01-04,1.3,2.0,81,1.80,267,0.50,8.0,23.5,21.4,74
2002-01-05,-4.9,0.1,91,0.00,253,0.14,0.0,18.1,9.8,83
2002-01-06,-4.3,3.3,82,0.00,188,0.40,0.0,26.5,18.0,69
2002-01-07,2.8,6.8,72,0.00,223,0.86,0.0,24.5,17.8,58
2002-01-08,3.3,4.5,80,0.00,261,0.59,0.0,27.8,20.6,72
2002-01-09,-0.0,2.1,84,0.00,268,0.41,0.0,23.8,19.4,71
2002-01-10,-0.4,2.6,71,0.00,258,0.70,0.0,19.0,17.1,51
2002-01-11,-0.2,1.3,75,0.00,264,0.63,0.0,23.5,19.4,60
2002-01-12,-1.7,2.7,76,0.00,152,0.46,0.0,22.1,14.0,66
2002-01-13,-1.5,2.0,78,0.70,291,0.60,5.0,33.3,27.9,70
2002-01-14,-6.8,-3.8,80,0.00,273,0.26,0.0,19.1,9.1,63
2002-01-15,-9.2,-5.3,84,0.00,272,0.21,0.0,15.5,12.7,75
2002-01-16,-9.2,-8.1,90,0.00,289,0.12,0.0,10.1,6.5,85
2002-01-17,-11.4,-8.6,86,0.40,297,0.14,4.0,10.5,5.8,80
2002-01-18,-9.0,-6.7,86,0.00,268,0.20,0.0,16.6,14.4,74
2002-01-19,-9.8,-7.2,88,2.60,62,0.14,13.0,10.0,6.6,82
2002-01-20,-10.2,-7.5,87,3.60,78,0.13,16.0,15.9,11.4,77
2002-01-21,-17.4,-12.4,79,2.50,66,0.14,13.0,17.4,12.9,67
2002-01-22,-23.4,-19.9,76,0.00,341,0.09,0.0,9.0,6.1,66
2002-01-23,-25.8,-19.2,74,0.00,129,0.09,0.0,11.5,6.4,64
2002-01-24,-19.6,-17.1,79,4.50,94,0.11,12.0,20.8,12.0,73
2002-01-25,-22.3,-16.3,77,0.10,332,0.12,1.0,16.6,9.9,65
2002-01-26,-28.5,-25.5,72,0.00,271,0.10,0.0,14.8,11.7,64
2002-01-27,-29.0,-23.7,72,0.00,266,0.10,0.0,12.8,8.9,63
2002-01-28,-27.3,-16.7,68,0.00,189,0.17,0.0,10.1,7.0,42
2002-01-29,-23.2,-20.0,69,0.00,270,0.18,0.0,12.3,9.4,59
2002-01-30,-26.0,-16.2,72,0.00,129,0.16,0.0,11.8,8.5,58
2002-01-31,-16.2,-4.6,76,0.00,148,0.34,0.0,14.6,11.7,63
2002-02-01,-8.5,-2.1,80,0.00,238,0.39,0.0,14.9,12.0,65
2002-02-02,-6.5,-2.2,84,0.00,253,0.36,0.0,14.2,10.4,63
2002-02-03,-6.8,2.3,79,0.00,157,0.48,0.0,18.4,13.9,53
2002-02-04,-3.2,1.0,83,0.30,294,0.43,2.0,18.8,12.8,70
2002-02-05,-2.7,1.3,81,0.00,170,0.38,0.0,14.8,9.7,69
2002-02-06,-2.4,0.3,85,3.20,273,0.51,8.0,34.6,13.1,64
2002-02-07,-6.2,-2.4,82,0.00,143,0.35,0.0,9.7,7.8,71
2002-02-08,-9.7,-4.2,88,0.00,344,0.34,0.0,8.6,5.1,71
2002-02-09,-9.5,-1.0,83,0.00,221,0.43,0.0,15.4,9.8,67
2002-02-10,-3.3,2.1,81,0.00,142,0.49,0.0,17.1,11.6,57
2002-02-11,-1.3,0.7,77,0.00,274,0.75,0.0,29.9,24.3,65
2002-02-12,-2.3,2.4,73,0.00,268,0.94,0.0,26.0,24.7,66
2002-02-13,-0.2,1.9,74,0.00,267,0.95,0.0,25.6,21.4,69
2002-02-14,-2.7,1.9,76,0.00,262,0.81,0.0,28.0,21.4,61
2002-02-15,1.4,3.4,73,0.00,268,1.15,0.0,30.7,24.0,67
2002-02-16,-0.9,6.9,73,0.00,203,0.86,0.0,11.8,8.4,51
2002-02-17,0.6,3.3,76,0.00,269,0.87,0.0,22.7,17.6,63
2002-02-18,-6.0,-1.0,78,0.40,129,0.43,3.0,14.0,9.8,69
2002-02-19,-4.4,-2.0,90,0.00,139,0.37,0.0,25.5,18.1,78
2002-02-20,-2.6,0.3,73,0.00,232,1.01,0.0,31.3,21.5,46
2002-02-21,-3.1,0.6,64,0.00,252,0.96,0.0,27.4,14.6,49
2002-02-22,-6.3,-0.8,80,1.90,359,0.44,10.0,20.9,13.4,64
2002-02-23,-15.7,-10.8,77,0.00,312,0.36,0.0,21.9,15.2,67
2002-02-24,-17.6,-14.6,76,0.00,315,0.32,0.0,13.4,11.4,60
2002-02-25,-18.8,-7.0,70,0.00,254,0.54,0.0,14.6,7.7,47
2002-02-26,-9.3,-3.2,70,0.00,229,0.72,0.0,23.1,17.6,55
2002-02-27,-7.7,-3.5,80,0.00,326,0.53,0.0,23.6,10.9,61
2002-02-28,-15.8,-7.5,75,0.00,67,0.38,0.0,18.9,11.2,63
2002-03-01,-19.2,-11.3,73,0.00,291,0.47,0.0,7.7,5.6,54
2002-03-02,-13.5,-2.9,74,0.00,246,0.70,0.0,9.7,7.1,54
2002-03-03,-3.6,0.5,80,0.90,252,0.65,5.0,21.3,17.3,60
2002-03-04,-7.8,0.0,79,0.10,18,0.48,1.0,18.9,15.1,60
2002-03-05,-17.9,-11.2,71,0.00,0,0.41,0.0,20.7,15.4,57
2002-03-06,-21.9,-17.8,72,0.00,289,0.37,0.0,17.2,10.3,57
2002-03-07,-22.1,-14.9,67,0.00,231,0.46,0.0,6.6,3.6,48
2002-03-08,-19.9,-14.5,70,0.00,261,0.44,0.0,11.5,8.7,51
2002-03-09,-19.8,-10.9,63,0.00,211,0.66,0.0,8.4,5.3,39
2002-03-10,-15.7,-11.1,66,0.00,84,0.52,0.0,13.7,11.2,43
2002-03-11,-15.3,-11.8,75,0.40,113,0.42,2.0,25.4,16.5,59
2002-03-12,-13.0,-9.5,77,0.10,295,0.57,1.0,17.6,8.9,58
2002-03-13,-12.7,-9.2,75,0.80,83,0.52,6.0,14.1,10.1,59
2002-03-14,-11.2,-7.0,78,2.20,97,0.50,7.0,16.6,9.4,63
2002-03-15,-15.1,-8.7,75,0.30,317,0.53,2.0,16.4,13.3,58
2002-03-16,-18.3,-13.8,71,0.00,322,0.55,0.0,12.9,8.7,52
2002-03-17,-20.8,-12.7,68,0.00,245,0.52,0.0,10.1,7.8,52
2002-03-18,-17.8,-12.9,71,0.00,324,0.51,0.0,9.7,8.7,50
2002-03-19,-21.1,-14.8,68,0.00,293,0.50,0.0,11.2,8.8,51
2002-03-20,-19.7,-14.8,68,0.00,283,0.54,0.0,15.2,10.2,50
2002-03-21,-16.1,-4.3,61,0.00,258,1.02,0.0,13.6,11.1,35
2002-03-22,-10.4,2.4,56,0.00,241,1.50,0.0,7.3,4.7,25
2002-03-23,-5.4,1.5,61,0.00,101,1.29,0.0,16.0,12.2,42
2002-03-24,-3.9,1.3,68,0.00,134,1.33,0.0,17.7,15.1,49
2002-03-25,-2.0,1.2,79,0.00,276,1.08,0.0,12.4,9.0,55
2002-03-26,-2.4,5.9,76,0.00,141,1.31,0.0,16.3,11.9,51
2002-03-27,1.1,4.4,76,0.10,253,1.41,1.0,28.8,18.9,54
2002-03-28,0.0,3.6,77,1.00,272,1.33,4.0,22.8,16.7,58
2002-03-29,-5.5,1.2,77,0.30,319,1.17,1.0,23.2,13.4,58
2002-03-30,-9.5,-3.2,71,0.00,5,1.33,0.0,13.0,7.2,47
2002-03-31,-7.3,-3.2,71,9.40,92,0.73,13.0,25.7,19.5,50
2002-04-01,-13.2,-7.8,70,1.90,340,0.70,7.0,21.2,19.5,54
2002-04-02,-15.6,-6.7,67,0.00,318,1.12,0.0,16.3,5.8,46
2002-04-03,-11.5,-6.4,68,0.00,137,1.15,0.0,14.8,10.0,47
2002-04-04,-10.3,-4.7,70,0.00,293,1.17,0.0,10.0,6.6,44
2002-04-05,-8.5,-4.6,67,0.60,93,0.92,3.0,17.8,12.0,44
2002-04-06,-5.8,-2.6,78,4.90,80,1.06,19.0,17.1,10.9,56
2002-04-07,-8.2,-2.8,74,0.00,315,1.23,0.0,11.8,7.5,46
2002-04-08,-8.0,-2.8,73,0.80,100,1.01,5.0,11.0,7.4,47
2002-04-09,-7.4,-0.3,72,0.00,159,1.49,0.0,17.4,10.6,44
2002-04-10,-1.2,7.6,72,0.00,155,2.10,0.0,20.5,14.6,48
2002-04-11,4.8,9.1,70,0.00,238,2.37,0.0,19.0,13.1,50
2002-04-12,4.6,10.7,76,0.40,141,2.10,2.0,16.7,10.4,49
2002-04-13,3.5,10.5,84,3.20,198,1.05,8.0,12.7,8.3,69
2002-04-14,1.2,4.2,91,5.10,70,0.71,10.0,25.1,18.3,81
2002-04-15,-0.5,3.6,78,9.30,2,1.79,14.0,18.8,10.9,52
2002-04-16,-2.4,3.4,76,0.00,117,1.99,0.0,15.7,9.8,48
2002-04-17,-1.7,4.4,70,0.00,324,1.65,0.0,17.4,11.1,41
2002-04-18,-2.2,3.1,66,0.00,299,1.97,0.0,13.4,8.7,42
2002-04-19,-1.5,7.9,64,0.00,157,2.54,0.0,11.5,9.6,43
2002-04-20,3.4,9.3,71,0.00,157,2.57,0.0,17.2,10.0,51
2002-04-21,5.2,9.3,74,0.00,230,2.11,0.0,16.9,13.3,54
2002-04-22,4.1,8.7,69,1.00,255,2.21,3.0,25.2,17.1,46
2002-04-23,-2.0,2.9,52,0.10,326,2.05,1.0,25.7,23.0,33
2002-04-24,-2.9,2.1,40,0.00,315,2.43,0.0,23.7,13.9,26
2002-04-25,0.3,6.7,33,0.00,159,2.71,0.0,10.0,6.6,20
2002-04-26,0.2,5.4,48,0.50,351,2.74,2.0,15.9,10.9,22
2002-04-27,1.4,9.6,37,0.00,201,3.25,0.0,14.2,9.4,19
2002-04-28,3.8,8.5,59,0.40,284,2.51,1.0,18.0,12.8,28
2002-04-29,3.8,8.1,69,0.00,297,2.52,0.0,18.0,9.9,37
2002-04-30,3.2,8.1,61,0.00,330,2.40,0.0,19.1,13.0,33
2002-05-01,4.3,13.7,50,0.00,124,3.10,0.0,13.7,10.2,34
2002-05-02,6.8,13.7,64,0.80,269,2.57,3.0,28.8,21.6,43
2002-05-03,-3.5,2.3,37,0.00,309,2.64,0.0,28.4,21.9,21
2002-05-04,-2.1,4.1,32,0.00,4,2.47,0.0,20.4,9.3,22
2002-05-05,1.2,5.2,35,0.00,64,2.88,0.0,22.1,17.3,26
2002-05-06,1.3,5.8,37,0.00,42,3.37,0.0,24.3,15.5,31
2002-05-07,3.1,7.9,38,0.00,351,3.09,0.0,9.2,5.6,27
2002-05-08,4.5,10.5,47,0.00,237,3.23,0.0,8.4,6.6,28
2002-05-09,5.6,11.1,51,0.00,275,3.52,0.0,10.0,7.4,29
2002-05-10,6.5,12.1,55,0.00,247,3.47,0.0,17.3,12.7,31
2002-05-11,7.3,12.1,70,2.40,264,2.74,12.0,21.6,16.3,37
2002-05-12,8.7,17.0,65,0.00,264,3.79,0.0,18.3,7.2,32
2002-05-13,13.1,21.0,58,0.00,127,4.28,0.0,10.2,6.3,29
2002-05-14,12.2,20.7,53,0.00,65,3.77,0.0,22.5,17.5,30
2002-05-15,8.4,14.5,62,0.00,287,2.66,0.0,13.2,6.3,39
2002-05-16,9.2,15.8,57,0.00,130,3.61,0.0,15.0,6.8,25
2002-05-17,10.2,15.5,41,0.00,131,4.42,0.0,29.0,21.8,25
2002-05-18,10.2,16.0,70,3.10,140,2.99,10.0,20.9,13.0,40
2002-05-19,10.6,16.1,61,2.40,120,3.06,5.0,24.2,19.7,38
2002-05-20,11.3,17.0,67,0.60,50,3.33,3.0,19.9,12.4,45
2002-05-21,8.5,16.7,56,0.00,37,3.08,0.0,23.7,19.0,34
2002-05-22,5.9,9.5,40,0.00,38,3.86,0.0,15.8,12.7,30
2002-05-23,5.3,10.0,42,0.00,99,3.19,0.0,12.9,9.1,29
2002-05-24,6.5,10.9,59,0.80,322,2.76,6.0,14.1,8.0,31
2002-05-25,8.6,13.7,53,0.10,272,3.73,1.0,19.8,15.0,32
2002-05-26,11.5,19.1,50,0.00,250,4.65,0.0,20.0,13.1,28
2002-05-27,14.6,19.7,52,0.00,241,5.12,0.0,17.6,15.6,31
2002-05-28,15.1,22.1,61,0.00,122,4.19,0.0,13.4,8.6,34
2002-05-29,15.1,22.6,68,2.60,258,4.06,7.0,21.6,12.2,34
2002-05-30,13.0,18.5,48,0.00,257,5.42,0.0,27.0,23.8,29
2002-05-31,12.3,16.2,44,0.00,257,5.30,0.0,22.6,19.8,29
2002-06-01,12.7,18.7,43,0.00,252,5.29,0.0,17.1,13.4,28
2002-06-02,15.5,20.9,38,0.00,221,4.80,0.0,7.0,4.4,24
2002-06-03,15.2,21.0,53,0.00,218,4.73,0.0,14.1,6.6,24
2002-06-04,15.2,22.7,65,0.20,162,4.33,1.0,18.1,8.4,30
2002-06-05,14.9,20.0,68,2.60,213,3.12,5.0,14.5,7.1,41
2002-06-06,12.2,15.4,55,0.00,261,4.28,0.0,21.0,16.2,35
2002-06-07,10.2,14.4,51,0.20,275,3.26,2.0,23.1,16.2,38
2002-06-08,9.5,16.8,75,1.50,279,2.57,9.0,15.9,10.9,46
2002-06-09,14.7,21.5,63,0.00,336,4.55,0.0,8.9,5.5,30
2002-06-10,16.3,22.4,49,0.00,90,5.58,0.0,14.8,9.4,29
2002-06-11,16.2,22.6,50,0.00,117,5.15,0.0,11.7,7.1,24
2002-06-12,19.0,26.5,40,0.00,101,5.59,0.0,7.0,4.3,21
2002-06-13,19.4,26.1,46,0.00,34,5.47,0.0,16.6,10.2,22
2002-06-14,18.3,24.2,50,0.00,54,5.36,0.0,9.9,7.0,26
2002-06-15,19.6,26.8,47,0.00,115,5.88,0.0,12.7,9.6,27
2002-06-16,19.0,23.9,68,0.50,354,4.75,1.0,14.4,8.6,42
2002-06-17,12.0,20.8,82,18.30,40,1.51,17.0,26.0,17.5,52
2002-06-18,9.3,14.7,83,1.90,322,3.09,7.0,9.7,3.7,52
2002-06-19,12.6,17.0,71,1.20,258,3.54,4.0,21.8,13.2,45
2002-06-20,15.3,21.7,57,0.00,249,5.11,0.0,20.3,14.9,34
2002-06-21,18.2,23.2,52,0.00,245,5.89,0.0,20.8,14.4,31
2002-06-22,18.7,26.9,56,0.00,137,5.67,0.0,19.2,13.2,30
2002-06-23,22.6,28.9,44,0.00,158,6.56,0.0,19.6,12.1,29
2002-06-24,20.5,24.3,67,0.30,259,4.76,2.0,18.8,12.0,34
2002-06-25,20.6,26.0,47,0.00,246,5.70,0.0,16.7,11.1,34
2002-06-26,23.6,32.4,53,0.00,188,6.09,0.0,10.1,7.3,24
2002-06-27,24.5,32.4,46,0.00,230,6.84,0.0,23.8,14.1,25
2002-06-28,18.6,25.4,70,1.90,273,3.04,9.0,18.8,12.4,40
2002-06-29,16.3,19.1,80,6.10,206,2.57,8.0,14.6,9.7,57
2002-06-30,15.9,19.2,61,0.10,268,4.85,1.0,32.5,26.9,31
2002-07-01,14.8,18.8,47,0.00,261,4.87,0.0,37.3,29.6,36
2002-07-02,10.9,15.2,72,8.90,266,2.28,17.0,33.7,30.0,48
2002-07-03,12.5,19.3,66,0.30,185,3.87,2.0,29.2,15.0,34
2002-07-04,15.0,18.6,64,0.30,186,4.05,1.0,21.2,13.8,41
2002-07-05,13.2,17.8,57,1.50,252,3.92,9.0,34.9,24.4,46
2002-07-06,15.0,20.2,52,0.00,258,4.96,0.0,32.8,19.6,35
2002-07-07,17.8,24.9,54,0.00,265,5.14,0.0,14.0,6.5,31
2002-07-08,20.6,25.0,48,0.20,115,5.85,2.0,25.5,17.7,34
2002-07-09,19.1,23.7,59,0.90,182,4.27,3.0,23.9,12.5,37
2002-07-10,21.6,29.7,60,0.00,215,5.54,0.0,11.1,6.4,34
2002-07-11,24.4,29.7,58,0.40,1,5.21,2.0,12.2,5.3,35
2002-07-12,23.4,28.9,67,0.10,312,4.75,1.0,13.0,8.2,38
2002-07-13,22.2,28.5,53,0.00,78,5.70,0.0,19.8,14.3,39
2002-07-14,20.9,26.9,69,4.90,242,3.60,4.0,22.6,15.1,35
2002-07-15,18.1,21.8,42,0.00,260,6.53,0.0,26.3,21.5,33
2002-07-16,19.0,24.1,51,0.50,82,4.88,2.0,18.4,8.1,33
2002-07-17,20.4,27.8,62,5.30,107,5.28,9.0,23.7,16.7,38
2002-07-18,19.0,23.4,86,5.10,278,3.17,8.0,18.0,8.8,57
2002-07-19,18.9,22.1,75,1.70,58,3.15,5.0,11.5,6.3,56
2002-07-20,15.0,20.4,92,51.10,295,1.41,24.0,29.6,19.9,73
2002-07-21,15.2,20.4,85,3.60,316,2.93,7.0,26.9,17.3,52
2002-07-22,18.1,23.6,69,0.00,192,4.33,0.0,9.5,8.0,43
2002-07-23,20.2,26.0,63,0.70,169,4.69,1.0,14.3,8.5,44
2002-07-24,21.0,25.1,75,0.20,280,4.47,2.0,15.3,9.2,50
2002-07-25,22.4,26.8,65,0.00,246,5.30,0.0,20.3,14.2,48
2002-07-26,19.9,25.7,61,1.20,270,3.75,4.0,22.8,14.8,50
2002-07-27,15.1,19.9,85,30.70,278,2.35,22.0,24.2,19.8,56
2002-07-28,15.6,18.5,72,4.40,269,3.76,5.0,25.4,19.5,52
2002-07-29,15.1,18.5,52,0.10,262,4.93,1.0,27.9,22.5,46
2002-07-30,11.5,16.8,69,1.10,279,2.56,4.0,28.5,20.3,46
2002-07-31,7.8,10.8,95,32.80,313,0.73,24.0,32.8,28.0,74
2002-08-01,9.2,13.0,69,0.20,324,2.73,2.0,24.3,15.4,52
2002-08-02,10.1,12.5,66,0.00,45,2.78,0.0,16.9,13.5,45
2002-08-03,9.4,12.8,62,0.00,36,2.40,0.0,12.9,6.3,46
2002-08-04,10.3,12.9,65,0.00,122,2.44,0.0,21.5,12.4,46
2002-08-05,9.7,14.2,81,7.80,134,1.48,13.0,22.4,19.0,56
2002-08-06,13.0,19.0,74,0.00,243,3.64,0.0,14.0,9.6,44
2002-08-07,15.0,20.2,69,0.20,218,3.76,1.0,15.0,10.4,46
2002-08-08,17.5,23.2,62,0.00,233,4.63,0.0,16.4,12.6,44
2002-08-09,18.4,22.4,63,0.00,245,4.44,0.0,25.4,16.6,42
2002-08-10,16.0,20.1,58,0.00,262,4.41,0.0,19.8,16.0,46
2002-08-11,13.8,18.2,78,3.80,283,2.87,9.0,19.4,15.5,51
2002-08-12,15.8,20.7,61,0.00,253,4.18,0.0,19.9,14.9,48
2002-08-13,18.6,20.8,59,1.50,265,4.21,2.0,25.7,20.5,48
2002-08-14,14.2,17.2,81,9.30,300,1.95,14.0,29.0,22.2,76
2002-08-15,10.8,13.4,89,11.10,324,1.34,17.0,24.5,14.3,76
2002-08-16,8.7,12.8,82,7.10,310,2.33,11.0,19.0,13.8,61
2002-08-17,11.4,16.2,70,0.50,242,2.85,2.0,19.9,9.6,52
2002-08-18,13.1,19.9,71,0.00,257,3.41,0.0,17.1,12.4,44
2002-08-19,14.4,19.8,77,3.90,283,2.21,8.0,16.9,12.1,48
2002-08-20,13.2,17.3,78,0.00,259,2.33,0.0,11.2,6.0,63
2002-08-21,15.7,23.0,73,0.00,221,3.78,0.0,17.1,10.6,37
2002-08-22,18.3,22.7,56,0.10,251,4.64,1.0,19.2,15.9,43
2002-08-23,19.3,26.7,66,0.00,244,4.25,0.0,14.0,12.0,48
2002-08-24,21.9,26.5,64,0.00,248,4.48,0.0,13.8,10.6,45
2002-08-25,20.1,25.8,75,4.10,97,3.00,7.0,17.1,10.0,45
2002-08-26,18.9,22.8,88,10.80,273,2.82,6.0,12.3,9.0,58
2002-08-27,19.0,23.6,66,0.00,256,4.02,0.0,15.7,12.2,48
2002-08-28,20.1,28.2,68,0.00,169,3.92,0.0,11.4,8.7,40
2002-08-29,20.6,27.5,67,0.10,28,3.66,1.0,13.0,6.8,49
2002-08-30,17.2,23.0,78,4.30,337,2.75,13.0,17.3,11.9,45
2002-08-31,16.3,20.5,65,0.00,246,3.35,0.0,16.3,11.8,41
2002-09-01,14.2,18.5,76,1.90,259,2.51,5.0,26.7,20.2,52
2002-09-02,13.0,16.1,70,1.20,276,2.43,2.0,23.8,15.6,54
2002-09-03,12.0,15.5,86,9.80,63,0.94,20.0,20.1,14.2,58
2002-09-04,10.2,12.8,96,18.20,331,0.65,24.0,18.9,14.0,88
2002-09-05,8.2,9.9,87,5.20,322,0.93,21.0,22.2,14.5,72
2002-09-06,9.4,12.9,80,0.90,206,1.80,6.0,7.6,3.8,63
2002-09-07,10.1,16.5,75,0.00,171,2.55,0.0,13.4,10.2,46
2002-09-08,10.9,16.2,72,0.90,227,2.66,2.0,25.0,16.6,47
2002-09-09,12.9,17.3,61,0.00,243,3.30,0.0,22.7,16.5,40
2002-09-10,13.6,19.9,68,0.20,220,2.67,1.0,20.7,10.3,47
2002-09-11,11.9,16.3,69,0.00,258,2.83,0.0,19.0,15.7,45
2002-09-12,11.3,15.8,77,0.30,191,1.07,3.0,11.9,6.5,49
2002-09-13,11.1,14.5,84,5.90,284,1.99,10.0,21.1,14.5,49
2002-09-14,11.9,21.7,70,0.00,178,2.63,0.0,14.2,10.0,48
2002-09-15,16.2,21.7,65,0.00,229,3.22,0.0,19.3,11.9,45
2002-09-16,15.2,20.9,69,0.10,196,2.79,1.0,17.0,11.8,50
2002-09-17,12.6,16.7,61,0.00,260,3.08,0.0,20.6,17.6,43
2002-09-18,11.4,15.0,55,0.00,247,3.07,0.0,24.8,19.6,43
2002-09-19,10.2,13.2,82,11.60,251,1.49,16.0,36.2,21.0,50
2002-09-20,7.0,9.9,78,7.00,289,1.47,20.0,34.4,30.8,61
2002-09-21,5.9,8.9,76,1.30,308,1.54,9.0,28.0,23.4,50
2002-09-22,5.2,8.8,79,9.10,323,1.22,15.0,22.5,13.2,52
2002-09-23,4.7,9.6,75,0.00,257,1.58,0.0,20.0,12.0,56
2002-09-24,4.1,9.0,77,0.50,331,0.99,3.0,18.7,11.1,58
2002-09-25,4.0,8.4,77,0.00,296,1.55,0.0,19.2,12.4,50
2002-09-26,4.5,7.8,72,0.00,28,1.57,0.0,11.4,8.5,37
2002-09-27,3.2,9.2,67,0.00,140,1.75,0.0,13.4,9.0,42
2002-09-28,8.1,13.6,82,3.20,200,1.05,7.0,19.4,15.8,59
2002-09-29,8.4,13.6,82,0.30,287,1.12,3.0,27.4,16.1,64
2002-09-30,5.4,8.1,78,0.00,357,1.17,0.0,15.7,13.6,52
2002-10-01,5.1,10.7,72,0.10,261,1.68,1.0,14.7,11.4,42
2002-10-02,7.6,11.3,64,0.50,228,1.68,2.0,25.8,19.5,50
2002-10-03,6.0,11.1,76,1.60,298,1.45,5.0,31.8,22.8,64
2002-10-04,2.6,5.6,74,0.00,310,1.13,0.0,18.7,9.2,55
2002-10-05,2.6,5.3,83,2.70,304,0.89,15.0,17.7,11.7,60
2002-10-06,1.6,6.5,92,6.90,181,0.40,12.0,13.7,9.7,73
2002-10-07,6.7,8.9,93,4.30,277,0.86,11.0,20.2,15.0,65
2002-10-08,7.0,12.3,75,0.00,239,1.67,0.0,24.8,17.9,50
2002-10-09,7.9,11.1,66,0.00,251,1.70,0.0,24.6,19.0,52
2002-10-10,3.9,8.4,82,4.50,286,0.74,14.0,23.3,18.4,66
2002-10-11,-0.2,1.8,74,7.70,333,0.94,14.0,20.5,15.2,45
2002-10-12,-0.3,4.3,61,0.00,263,1.29,0.0,19.8,15.1,48
2002-10-13,3.7,7.1,57,0.00,257,1.63,0.0,27.0,20.4,48
2002-10-14,4.1,6.6,80,0.00,304,0.89,0.0,25.5,15.0,66
2002-10-15,2.5,7.1,86,0.50,270,0.78,3.0,21.1,11.8,67
2002-10-16,4.4,10.5,85,0.00,186,0.97,0.0,10.7,5.4,68
2002-10-17,7.3,9.0,74,0.00,288,1.29,0.0,20.7,16.7,66
2002-10-18,1.7,6.6,76,0.00,17,0.75,0.0,16.3,8.3,70
2002-10-19,1.6,3.5,91,0.00,106,0.41,0.0,14.1,11.2,78
2002-10-20,1.7,2.7,89,0.00,106,0.42,0.0,16.8,12.9,79
2002-10-21,0.2,1.9,81,0.10,109,0.68,1.0,16.8,14.7,59
2002-10-22,-1.9,2.0,64,0.00,151,1.16,0.0,21.6,19.0,51
2002-10-23,-1.1,5.8,72,0.00,160,0.97,0.0,20.1,11.9,44
2002-10-24,-0.1,2.8,92,0.00,291,0.34,0.0,14.1,11.4,67
2002-10-25,-0.2,0.8,78,0.40,351,0.50,4.0,15.6,10.9,58
2002-10-26,-1.2,0.0,72,0.00,102,0.57,0.0,14.7,9.2,59
2002-10-27,-2.6,-0.5,69,0.00,139,0.80,0.0,18.4,17.1,62
2002-10-28,-2.8,-1.7,61,0.00,77,0.81,0.0,16.5,14.3,41
2002-10-29,-6.2,-1.9,62,0.00,133,0.74,0.0,14.3,9.0,43
2002-10-30,-5.2,1.5,60,0.00,161,0.80,0.0,12.2,10.1,31
2002-10-31,-2.7,3.9,55,0.00,216,1.00,0.0,12.4,9.7,35
2002-11-01,-1.0,2.4,56,0.00,265,1.14,0.0,17.0,14.7,45
2002-11-02,-1.3,2.7,65,0.00,271,0.96,0.0,19.1,16.2,57
2002-11-03,-0.7,1.9,80,0.00,286,0.41,0.0,16.5,8.2,68
2002-11-04,-1.2,2.7,72,0.00,250,0.74,0.0,16.6,12.3,45
2002-11-05,0.6,3.0,59,0.00,276,1.04,0.0,17.7,14.1,53
2002-11-06,-0.9,1.2,84,4.00,129,0.34,10.0,17.5,13.7,70
2002-11-07,0.2,3.1,93,0.40,283,0.23,2.0,25.6,13.6,83
2002-11-08,-4.6,-2.2,78,0.70,86,0.43,5.0,18.6,16.9,66
2002-11-09,-8.6,-6.2,64,1.40,75,0.47,8.0,18.4,11.9,61
2002-11-10,-11.1,-8.3,75,0.40,52,0.25,4.0,10.7,8.3,63
2002-11-11,-9.1,-6.9,81,2.10,302,0.23,13.0,11.1,7.3,72
2002-11-12,-11.3,-6.2,85,0.00,118,0.21,0.0,16.8,10.5,76
2002-11-13,-6.4,-2.4,86,4.70,120,0.23,15.0,17.4,11.7,78
2002-11-14,-2.7,-0.3,93,0.70,85,0.22,5.0,7.4,4.2,86
2002-11-15,-0.9,2.7,88,0.00,249,0.37,0.0,18.6,12.8,74
2002-11-16,-2.9,0.8,87,0.00,138,0.27,0.0,21.9,14.7,80
2002-11-17,1.8,3.5,78,1.30,250,0.73,5.0,33.4,22.3,67
2002-11-18,0.6,2.2,81,0.00,254,0.55,0.0,27.0,15.9,74
2002-11-19,2.4,5.7,85,1.40,227,0.44,7.0,18.8,12.8,76
2002-11-20,4.9,7.1,88,0.00,254,0.45,0.0,25.0,14.1,76
2002-11-21,1.4,5.4,95,0.00,146,0.29,0.0,14.5,11.0,84
2002-11-22,1.5,5.8,77,0.00,285,0.75,0.0,34.6,27.2,70
2002-11-23,-3.4,-1.1,76,0.00,360,0.33,0.0,15.5,7.8,60
2002-11-24,-4.9,1.1,70,0.00,212,0.59,0.0,22.8,12.5,32
2002-11-25,-3.8,0.7,64,0.00,278,0.66,0.0,20.5,11.6,42
2002-11-26,-0.7,2.9,71,0.00,263,0.72,0.0,19.2,17.5,61
2002-11-27,3.2,7.4,76,0.00,257,0.76,0.0,22.1,17.8,55
2002-11-28,6.2,8.7,54,0.00,271,2.06,0.0,37.4,29.7,48
2002-11-29,0.8,3.5,70,0.00,278,0.77,0.0,28.6,15.9,58
2002-11-30,0.7,5.3,77,0.00,249,0.51,0.0,17.5,12.8,68
2002-12-01,2.3,4.0,82,0.00,267,0.47,0.0,22.3,17.7,77
2002-12-02,-2.4,1.3,71,0.60,341,0.43,4.0,20.2,13.4,51
2002-12-03,-9.1,-6.1,63,0.00,130,0.29,0.0,8.7,7.3,54
2002-12-04,-8.6,-3.6,68,0.00,233,0.33,0.0,11.7,8.7,51
2002-12-05,-4.6,-1.2,56,0.00,260,0.77,0.0,22.3,16.3,44
2002-12-06,-4.0,-2.4,65,0.00,284,0.69,0.0,22.0,18.8,54
2002-12-07,-5.7,-3.4,78,0.00,265,0.20,0.0,9.8,7.1,68
2002-12-08,-2.4,2.6,86,0.00,240,0.27,0.0,22.3,16.2,77
2002-12-09,0.8,3.6,76,0.00,250,0.52,0.0,19.9,15.2,60
2002-12-10,-1.5,0.9,76,0.00,233,0.21,0.0,12.2,7.0,71
2002-12-11,-0.1,1.7,80,0.00,257,0.40,0.0,21.0,14.8,65
2002-12-12,-2.4,0.2,74,0.00,137,0.42,0.0,18.1,13.2,64
2002-12-13,-0.1,3.4,75,0.00,220,0.54,0.0,18.8,15.9,58
2002-12-14,-1.6,1.5,78,0.00,142,0.41,0.0,24.7,14.3,67
2002-12-15,-1.4,0.6,94,3.10,129,0.13,8.0,21.9,12.5,85
2002-12-16,-3.4,-1.1,95,0.00,136,0.11,0.0,21.5,14.5,93
2002-12-17,-2.4,-0.1,91,0.00,226,0.15,0.0,17.3,11.7,76
2002-12-18,-2.3,-1.0,70,0.00,259,0.51,0.0,17.5,13.8,62
2002-12-19,-5.1,-2.6,77,0.00,258,0.23,0.0,11.7,8.7,69
2002-12-20,-8.4,-4.9,87,0.00,121,0.11,0.0,16.0,9.5,80
2002-12-21,-11.4,-9.2,83,0.00,121,0.17,0.0,17.7,16.4,76
2002-12-22,-12.4,-9.6,84,0.00,135,0.12,0.0,14.6,10.6,77
2002-12-23,-11.1,-5.4,83,0.00,146,0.15,0.0,11.5,9.8,70
2002-12-24,-8.5,-3.9,77,0.00,178,0.15,0.0,9.2,6.3,72
2002-12-25,-9.5,-3.5,74,0.00,160,0.24,0.0,14.3,8.6,52
2002-12-26,-5.0,-1.2,76,0.00,239,0.33,0.0,19.1,11.0,56
2002-12-27,-4.0,-2.5,66,0.00,257,0.55,0.0,21.7,14.2,57
2002-12-28,-7.5,-5.0,78,0.00,207,0.16,0.0,8.9,4.9,65
2002-12-29,-9.8,-7.3,85,0.00,82,0.10,0.0,9.4,6.6,76
2002-12-30,-9.3,-8.0,87,0.00,140,0.14,0.0,21.4,14.2,78
2002-12-31,-9.6,-5.2,81,0.00,171,0.17,0.0,15.5,9.4,62
2003-01-01,-4.7,1.4,58,0.00,210,0.68,0.0,17.1,13.4,48
2003-01-02,-5.9,-1.8,80,0.10,156,0.24,1.0,13.5,11.0,69
2003-01-03,-4.5,0.6,91,2.40,149,0.12,7.0,19.4,11.3,83
2003-01-04,-3.2,0.3,79,0.00,168,0.31,0.0,18.7,12.5,68
2003-01-05,-0.5,4.9,81,0.00,215,0.44,0.0,19.2,15.1,60
2003-01-06,3.7,9.2,64,0.00,220,0.92,0.0,14.8,13.4,48
2003-01-07,1.8,9.7,65,0.00,198,0.94,0.0,35.3,13.3,30
2003-01-08,2.3,9.2,49,0.00,284,1.98,0.0,41.8,32.7,32
2003-01-09,-7.5,-3.5,52,0.00,320,0.53,0.0,29.5,10.0,36
2003-01-10,-11.9,-6.9,56,0.00,88,0.37,0.0,13.4,10.7,42
2003-01-11,-15.2,-12.9,63,0.00,102,0.29,0.0,15.6,10.9,54
2003-01-12,-19.3,-15.6,53,0.00,90,0.28,0.0,15.6,12.5,47
2003-01-13,-17.7,-14.6,55,0.40,108,0.28,4.0,15.8,10.0,50
2003-01-14,-17.8,-15.0,66,0.00,118,0.26,0.0,18.9,15.5,58
2003-01-15,-14.8,-7.9,74,0.00,135,0.22,0.0,14.6,8.3,63
2003-01-16,-12.0,-2.4,82,0.00,163,0.23,0.0,19.8,10.3,64
2003-01-17,-5.9,-3.9,78,0.00,278,0.32,0.0,22.3,15.0,56
2003-01-18,-5.1,-2.1,84,4.20,236,0.20,13.0,8.8,6.6,63
2003-01-19,-7.4,-2.7,88,7.20,60,0.14,24.0,15.5,10.3,76
2003-01-20,-16.6,-13.0,78,4.80,79,0.15,20.0,14.8,11.1,68
2003-01-21,-23.6,-17.6,77,0.00,295,0.11,0.0,16.9,13.5,68
2003-01-22,-30.0,-25.0,73,0.00,127,0.07,0.0,16.4,8.6,66
2003-01-23,-24.4,-22.4,71,3.30,113,0.14,15.0,22.8,17.7,63
2003-01-24,-23.8,-22.1,73,3.10,339,0.09,15.0,13.8,7.8,66
2003-01-25,-24.2,-21.4,72,0.90,106,0.12,5.0,21.8,10.8,60
2003-01-26,-18.6,-7.5,75,6.20,135,0.23,9.0,27.3,20.2,69
2003-01-27,-12.9,-8.1,82,2.60,340,0.15,11.0,13.4,8.8,66
2003-01-28,-19.9,-17.1,75,1.70,90,0.16,9.0,10.2,7.7,66
2003-01-29,-12.9,-1.5,81,0.00,224,0.35,0.0,18.5,13.7,70
2003-01-30,-3.1,-1.8,88,3.20,275,0.24,17.0,11.3,9.5,82
2003-01-31,-5.9,-2.0,91,0.00,103,0.25,0.0,11.9,9.8,80
2003-02-01,-5.3,-3.0,89,2.30,31,0.23,12.0,14.1,10.2,78
2003-02-02,-10.7,-6.9,88,0.00,262,0.27,0.0,10.7,7.6,77
2003-02-03,-8.8,-3.3,87,2.30,194,0.24,11.0,13.9,9.3,83
2003-02-04,-6.4,-2.6,86,0.00,273,0.37,0.0,13.8,12.6,72
2003-02-05,-6.5,-3.2,88,0.00,295,0.36,0.0,12.9,8.6,75
2003-02-06,-7.7,-0.2,83,0.00,233,0.48,0.0,24.1,13.1,64
2003-02-07,-4.2,-1.1,80,0.00,298,0.45,0.0,23.1,18.4,70
2003-02-08,-9.9,-5.8,86,0.60,333,0.25,4.0,13.2,8.0,78
2003-02-09,-6.5,-4.8,89,2.30,303,0.23,8.0,14.6,9.0,82
2003-02-10,-4.4,-1.0,88,1.90,292,0.40,9.0,23.7,14.5,77
2003-02-11,-6.5,-1.6,82,0.00,331,0.45,0.0,19.1,9.3,71
2003-02-12,-6.5,-0.9,84,0.00,253,0.45,0.0,13.5,8.1,69
2003-02-13,-7.4,-3.4,88,0.00,82,0.24,0.0,16.8,13.3,79
2003-02-14,-12.7,-8.7,80,0.20,100,0.32,2.0,18.1,16.8,69
2003-02-15,-13.0,-9.3,81,0.00,128,0.34,0.0,16.7,10.6,68
2003-02-16,-12.2,-9.6,81,0.00,65,0.31,0.0,13.1,8.8,68
2003-02-17,-13.1,-9.2,79,0.80,105,0.32,6.0,14.5,11.1,70
2003-02-18,-10.5,-9.3,82,0.50,306,0.31,3.0,12.7,8.0,71
2003-02-19,-12.3,-10.3,81,6.70,45,0.25,23.0,15.5,11.1,66
2003-02-20,-19.7,-15.4,68,3.20,91,0.28,17.0,16.7,14.2,56
2003-02-21,-23.1,-19.1,71,0.00,118,0.23,0.0,11.9,10.3,58
2003-02-22,-23.4,-19.2,70,0.00,309,0.25,0.0,12.9,7.9,47
2003-02-23,-22.2,-12.4,64,0.00,261,0.42,0.0,13.1,7.6,33
2003-02-24,-19.1,-10.4,62,0.00,245,0.50,0.0,13.4,9.1,40
2003-02-25,-10.0,-2.8,63,0.00,244,0.75,0.0,19.0,12.8,56
2003-02-26,-7.7,-3.5,84,0.00,354,0.50,0.0,15.5,7.9,67
2003-02-27,-7.7,-2.3,84,0.00,107,0.69,0.0,8.4,6.0,65
2003-02-28,-7.7,-2.8,82,1.70,44,0.38,8.0,19.8,10.9,67
2003-03-01,-16.3,-10.6,77,0.00,119,0.38,0.0,20.9,15.0,66
2003-03-02,-8.7,-4.4,82,3.90,277,0.51,11.0,25.6,16.8,64
2003-03-03,-15.1,-9.7,73,0.10,332,0.52,1.0,25.1,13.1,57
2003-03-04,-20.5,-13.2,70,0.00,125,0.40,0.0,16.4,10.2,55
2003-03-05,-16.9,-13.5,71,1.10,354,0.39,5.0,22.7,16.9,53
2003-03-06,-22.3,-18.3,64,0.00,311,0.32,0.0,21.2,16.2,47
2003-03-07,-27.0,-22.7,65,0.00,320,0.27,0.0,15.6,7.7,46
2003-03-08,-29.3,-23.7,64,0.00,297,0.23,0.0,20.5,10.5,48
2003-03-09,-25.1,-16.0,57,0.00,261,0.46,0.0,20.2,11.3,38
2003-03-10,-18.1,-15.4,66,1.20,113,0.46,6.0,19.7,11.8,43
2003-03-11,-18.7,-14.9,71,0.00,284,0.50,0.0,19.1,10.7,49
2003-03-12,-20.4,-13.3,71,0.00,105,0.38,0.0,19.7,9.1,56
2003-03-13,-13.7,-7.5,75,3.40,114,0.49,9.0,29.6,21.8,65
2003-03-14,-5.6,3.3,82,0.00,120,0.83,0.0,23.8,16.1,64
2003-03-15,-1.7,4.2,82,0.00,64,1.15,0.0,15.5,8.2,62
2003-03-16,-0.5,3.7,88,2.70,111,0.52,6.0,21.0,16.0,68
2003-03-17,-0.1,4.4,87,5.30,267,1.17,13.0,18.8,9.7,50
2003-03-18,0.6,7.4,69,0.00,174,1.75,0.0,17.0,10.7,44
2003-03-19,0.5,6.0,77,0.00,201,1.62,0.0,18.2,11.4,53
2003-03-20,1.9,7.1,74,0.00,134,1.65,0.0,20.2,13.0,54
2003-03-21,1.5,6.5,79,0.00,182,1.56,0.0,13.1,9.5,58
2003-03-22,0.7,6.0,79,0.40,136,1.17,2.0,20.4,11.6,58
2003-03-23,1.7,5.1,83,2.20,265,0.84,9.0,24.4,18.0,67
2003-03-24,-0.1,2.0,89,6.40,306,0.73,22.0,18.4,12.9,65
2003-03-25,-3.1,4.0,73,0.00,220,1.52,0.0,13.4,6.7,44
2003-03-26,-2.4,3.5,71,0.00,133,1.36,0.0,9.7,7.2,54
2003-03-27,-2.0,2.5,80,0.00,317,1.22,0.0,10.6,8.0,57
2003-03-28,-2.8,4.8,71,0.00,169,1.58,0.0,15.0,10.5,52
2003-03-29,-0.6,4.4,81,0.70,118,0.90,5.0,19.0,11.9,59
2003-03-30,4.2,9.7,81,1.80,229,1.55,6.0,24.9,13.5,48
2003-03-31,0.8,8.4,81,1.20,10,1.19,6.0,22.7,9.8,51
2003-04-01,-3.0,2.9,83,3.70,82,0.70,21.0,23.5,19.8,70
2003-04-02,-6.5,-3.7,66,0.00,100,1.05,0.0,26.0,23.3,53
2003-04-03,-6.0,-3.1,64,1.60,119,1.11,10.0,26.3,23.7,53
2003-04-04,-8.2,-3.8,73,1.00,128,1.09,7.0,20.5,17.8,54
2003-04-05,-7.1,-2.1,72,0.00,133,1.24,0.0,16.3,15.4,54
2003-04-06,-4.3,2.9,75,0.00,140,1.54,0.0,16.4,13.1,48
2003-04-07,-0.6,7.7,68,0.00,143,1.97,0.0,20.8,17.9,43
2003-04-08,4.0,12.3,67,0.00,149,2.62,0.0,15.3,9.7,38
2003-04-09,3.9,11.0,71,2.40,247,1.68,4.0,29.5,18.7,47
2003-04-10,2.4,7.4,65,0.00,261,2.33,0.0,25.2,10.9,46
2003-04-11,3.4,9.6,64,0.00,100,2.45,0.0,17.6,14.9,49
2003-04-12,4.7,11.0,74,0.00,127,2.56,0.0,12.7,7.0,52
2003-04-13,2.7,8.4,88,0.70,32,1.01,4.0,16.8,10.9,63
2003-04-14,2.2,4.5,82,0.00,101,1.04,0.0,17.1,14.6,72
2003-04-15,2.3,4.7,87,2.00,92,0.94,10.0,18.4,14.3,71
2003-04-16,3.1,10.0,89,1.20,150,1.67,6.0,16.3,12.2,53
2003-04-17,4.6,10.7,75,0.00,223,2.56,0.0,13.4,9.7,38
2003-04-18,4.7,10.2,57,0.00,255,2.65,0.0,10.3,7.6,35
2003-04-19,6.0,14.9,64,0.00,166,3.05,0.0,11.7,7.2,30
2003-04-20,8.0,16.4,59,0.00,114,3.06,0.0,11.8,9.3,32
2003-04-21,10.1,19.0,61,0.00,111,3.18,0.0,14.8,8.0,33
2003-04-22,9.5,18.3,61,0.00,217,3.35,0.0,20.2,14.5,32
2003-04-23,9.3,19.3,49,0.00,87,3.79,0.0,11.5,8.6,33
2003-04-24,11.2,19.2,73,0.90,43,3.23,4.0,18.5,13.6,39
2003-04-25,8.9,16.7,67,0.00,37,3.25,0.0,18.5,16.6,46
2003-04-26,4.5,10.3,70,0.00,2,1.77,0.0,19.3,16.1,48
2003-04-27,2.0,5.2,76,1.90,9,1.18,10.0,19.2,15.0,62
2003-04-28,3.0,9.3,63,0.00,5,2.96,0.0,9.0,6.0,34
2003-04-29,5.0,12.9,59,0.00,232,3.34,0.0,7.9,6.1,34
2003-04-30,7.7,15.7,57,0.00,244,3.53,0.0,10.5,6.8,34
2003-05-01,10.7,18.8,53,0.00,213,4.13,0.0,12.3,7.9,26
2003-05-02,4.4,16.9,71,6.70,351,1.56,13.0,20.4,16.2,34
2003-05-03,-0.7,2.4,70,1.30,345,1.65,6.0,17.7,13.6,49
2003-05-04,0.0,4.8,56,0.00,55,2.13,0.0,11.4,8.5,41
2003-05-05,0.4,4.6,73,4.30,52,1.27,12.0,12.6,10.9,44
2003-05-06,-0.3,1.2,89,10.20,335,0.86,24.0,13.8,11.4,76
2003-05-07,0.6,3.1,90,10.70,2,0.96,22.0,14.1,10.5,82
2003-05-08,2.1,6.1,85,0.50,354,1.51,2.0,13.4,11.4,63
2003-05-09,3.0,8.5,71,0.00,80,2.83,0.0,10.7,6.5,39
2003-05-10,5.6,13.7,58,0.00,185,3.46,0.0,8.7,5.5,31
2003-05-11,8.2,16.3,63,0.00,157,3.98,0.0,16.8,9.9,25
2003-05-12,12.5,21.2,56,0.00,197,4.51,0.0,10.5,7.6,26
2003-05-13,12.9,19.6,51,0.00,253,4.30,0.0,16.1,10.3,30
2003-05-14,12.4,18.2,60,0.00,244,3.62,0.0,10.8,6.4,30
2003-05-15,7.6,15.0,61,0.50,263,3.54,2.0,24.2,18.0,31
2003-05-16,6.2,10.6,54,0.40,277,3.23,1.0,23.8,13.9,32
2003-05-17,2.6,7.2,77,2.80,299,1.55,13.0,27.6,22.1,52
2003-05-18,4.0,10.2,47,0.00,324,3.64,0.0,20.5,18.6,33
2003-05-19,7.8,15.0,50,0.00,247,3.83,0.0,15.0,11.2,27
2003-05-20,8.3,14.0,59,0.00,241,3.21,0.0,13.0,7.8,36
2003-05-21,9.1,15.8,65,0.00,241,3.84,0.0,13.1,9.5,33
2003-05-22,10.4,16.1,65,0.00,207,3.39,0.0,19.0,11.1,34
2003-05-23,13.0,19.8,65,0.00,242,4.01,0.0,15.8,7.2,40
2003-05-24,16.4,25.2,59,0.00,138,4.93,0.0,19.1,12.4,35
2003-05-25,17.3,24.8,70,1.80,175,3.36,4.0,20.4,13.1,38
2003-05-26,14.1,19.1,67,2.60,266,4.05,6.0,20.2,12.1,35
2003-05-27,13.7,18.8,54,0.00,250,4.84,0.0,17.4,12.4,36
2003-05-28,15.2,22.1,56,0.00,202,4.84,0.0,16.2,10.7,36
2003-05-29,13.3,21.4,69,2.20,250,2.48,6.0,31.3,20.3,41
2003-05-30,12.5,19.3,73,0.50,260,3.01,3.0,15.6,10.1,45
2003-05-31,15.6,21.6,64,0.00,101,4.43,0.0,16.7,13.1,41
2003-06-01,16.1,21.6,68,1.00,182,3.25,5.0,12.7,9.1,41
2003-06-02,13.4,19.1,76,1.40,265,3.31,2.0,24.9,16.3,45
2003-06-03,10.3,15.7,79,19.70,289,2.28,15.0,33.4,26.7,48
2003-06-04,13.8,18.8,63,0.00,293,4.07,0.0,20.2,13.8,42
2003-06-05,12.0,18.6,65,0.20,305,2.59,2.0,29.2,18.6,43
2003-06-06,9.5,13.3,76,0.00,349,2.17,0.0,22.6,11.5,58
2003-06-07,12.8,21.4,68,0.10,145,4.19,1.0,16.9,12.0,44
2003-06-08,14.2,19.7,82,1.10,354,2.84,4.0,17.0,11.3,57
2003-06-09,12.8,17.4,67,0.00,100,4.00,0.0,12.8,9.9,38
2003-06-10,13.0,17.1,65,0.00,137,3.25,0.0,11.9,6.6,39
2003-06-11,13.5,18.5,74,0.00,188,3.27,0.0,12.1,6.0,52
2003-06-12,14.3,18.1,76,0.00,310,3.52,0.0,18.3,9.4,59
2003-06-13,12.8,17.8,80,2.20,77,2.79,6.0,22.3,15.8,65
2003-06-14,13.2,17.5,85,3.00,356,2.67,5.0,14.8,8.8,67
2003-06-15,13.4,18.3,70,0.00,243,4.29,0.0,17.9,13.6,44
2003-06-16,14.4,18.3,63,0.00,247,4.68,0.0,20.2,15.3,42
2003-06-17,16.3,22.8,54,0.00,230,5.53,0.0,16.7,8.8,33
2003-06-18,19.5,26.4,58,0.00,137,6.25,0.0,25.5,20.4,41
2003-06-19,17.4,26.0,65,2.40,272,5.00,3.0,25.4,18.3,36
2003-06-20,15.1,18.3,57,0.20,71,3.19,1.0,17.1,10.0,39
2003-06-21,10.6,14.7,95,36.90,4,0.78,24.0,29.6,25.0,72
2003-06-22,7.5,9.3,97,16.30,340,0.62,24.0,24.8,22.3,92
2003-06-23,9.1,14.3,89,12.40,340,2.19,16.0,23.4,19.3,51
2003-06-24,12.5,18.6,71,0.00,249,3.49,0.0,12.0,7.2,45
2003-06-25,15.8,20.3,67,0.00,233,4.71,0.0,21.4,12.5,46
2003-06-26,16.3,19.7,64,1.10,259,4.11,6.0,24.5,16.8,51
2003-06-27,15.3,18.3,64,0.90,277,4.46,2.0,26.6,17.6,41
2003-06-28,15.6,20.5,58,0.00,257,4.89,0.0,17.4,12.5,43
2003-06-29,18.0,24.4,69,0.00,110,4.65,0.0,17.3,9.3,46
2003-06-30,18.0,23.2,77,0.90,95,4.10,3.0,27.8,22.2,56
2003-07-01,15.5,19.9,81,24.20,243,3.22,7.0,18.8,8.5,56
2003-07-02,12.8,15.9,82,5.20,250,2.49,10.0,31.6,19.0,64
2003-07-03,12.6,17.5,87,36.50,272,2.73,24.0,25.6,21.6,67
2003-07-04,13.9,16.6,76,3.60,259,2.47,10.0,25.3,18.5,62
2003-07-05,14.0,16.6,73,0.10,264,3.56,1.0,18.1,14.8,60
2003-07-06,12.4,15.9,92,8.80,322,1.63,19.0,19.1,12.4,69
2003-07-07,13.7,17.9,85,2.00,140,2.96,3.0,17.0,11.9,60
2003-07-08,15.0,19.6,74,6.10,141,3.34,4.0,21.8,16.8,59
2003-07-09,16.4,19.7,79,0.10,261,3.59,1.0,28.1,15.7,55
2003-07-10,16.5,21.3,76,0.40,280,3.97,3.0,25.3,15.9,53
2003-07-11,18.8,25.8,72,0.50,196,4.89,1.0,11.5,8.1,45
2003-07-12,20.9,25.3,70,0.00,225,4.87,0.0,13.7,10.8,46
2003-07-13,17.6,24.2,87,9.60,63,2.11,14.0,13.6,7.5,53
2003-07-14,16.2,21.5,76,3.00,254,4.38,6.0,24.7,17.7,42
2003-07-15,17.7,21.5,60,0.00,256,5.10,0.0,20.7,15.2,43
2003-07-16,18.9,25.3,68,0.00,143,4.93,0.0,23.2,13.6,46
2003-07-17,17.3,24.7,75,6.20,228,4.37,5.0,27.7,19.9,47
2003-07-18,17.2,21.3,56,0.00,253,5.41,0.0,27.9,23.0,46
2003-07-19,18.3,21.7,74,0.30,307,3.91,2.0,16.4,10.8,49
2003-07-20,18.0,21.4,84,3.50,106,2.21,6.0,17.3,12.5,63
2003-07-21,17.4,23.3,84,5.90,201,3.91,8.0,17.1,12.7,48
2003-07-22,19.9,23.5,77,3.50,205,4.31,4.0,15.5,8.5,52
2003-07-23,19.4,23.6,67,0.00,271,5.10,0.0,15.8,10.2,41
2003-07-24,17.9,22.6,66,0.10,280,4.52,1.0,17.7,12.0,44
2003-07-25,15.6,19.8,77,6.50,271,3.01,12.0,15.7,12.3,46
2003-07-26,18.0,24.9,74,0.00,225,4.57,0.0,12.4,7.8,40
2003-07-27,21.0,25.7,62,0.00,226,5.32,0.0,23.1,13.1,39
2003-07-28,19.6,24.9,57,0.30,270,4.86,1.0,17.0,13.5,41
2003-07-29,19.0,24.6,64,0.00,287,4.77,0.0,15.1,6.5,39
2003-07-30,20.8,27.5,64,0.00,155,4.98,0.0,13.6,9.2,40
2003-07-31,22.6,28.4,67,0.00,144,4.66,0.0,8.7,6.1,43
2003-08-01,23.0,29.2,62,0.00,140,5.88,0.0,28.8,19.7,41
2003-08-02,19.1,28.8,68,3.20,260,4.39,6.0,20.1,15.3,40
2003-08-03,18.7,23.0,64,0.00,222,4.28,0.0,15.9,7.3,40
2003-08-04,17.1,22.8,78,11.00,354,3.37,13.0,17.3,10.6,53
2003-08-05,15.1,19.7,80,3.40,109,2.34,6.0,25.2,15.3,56
2003-08-06,17.3,23.2,79,12.90,106,3.52,5.0,18.6,10.2,53
2003-08-07,18.6,23.1,81,0.60,38,2.84,3.0,14.9,9.6,54
2003-08-08,17.2,20.6,87,4.10,334,2.62,10.0,9.2,6.6,69
2003-08-09,18.1,22.9,84,1.90,120,2.98,8.0,12.6,8.1,63
2003-08-10,15.9,22.3,89,4.10,290,1.49,14.0,19.9,13.4,66
2003-08-11,14.0,17.9,86,4.10,301,2.42,10.0,11.7,8.0,63
2003-08-12,15.8,21.0,84,1.50,176,3.07,7.0,12.4,7.9,58
2003-08-13,15.7,22.6,82,3.60,217,3.34,6.0,25.7,15.1,53
2003-08-14,19.0,23.4,65,0.00,252,4.60,0.0,21.8,16.7,50
2003-08-15,20.1,28.1,70,0.00,193,4.51,0.0,11.1,8.3,43
2003-08-16,21.3,27.6,67,0.00,159,3.77,0.0,16.8,8.3,49
2003-08-17,19.4,24.5,57,0.00,258,5.04,0.0,25.0,19.2,43
2003-08-18,18.7,25.1,64,3.00,197,3.99,5.0,23.0,12.2,44
2003-08-19,16.3,19.5,66,0.50,259,3.85,1.0,22.5,18.1,48
2003-08-20,15.6,19.1,63,0.00,261,3.52,0.0,20.6,14.9,44
2003-08-21,14.8,20.3,66,0.00,223,3.18,0.0,19.0,10.7,46
2003-08-22,17.0,23.5,74,2.40,115,3.27,6.0,14.2,10.4,55
2003-08-23,16.7,23.1,72,0.50,288,3.38,3.0,28.9,18.5,41
2003-08-24,13.7,17.0,48,0.00,256,5.00,0.0,32.9,28.4,38
2003-08-25,13.7,17.7,51,0.00,262,4.22,0.0,24.5,19.7,43
2003-08-26,14.0,18.9,68,1.80,118,2.69,5.0,20.9,12.5,45
2003-08-27,14.2,18.7,72,3.90,86,2.42,8.0,17.8,12.1,51
2003-08-28,14.8,18.2,78,0.10,339,2.54,1.0,15.6,7.9,57
2003-08-29,14.6,19.9,80,0.00,272,2.96,0.0,12.3,7.1,52
2003-08-30,16.4,22.9,72,0.00,173,3.43,0.0,8.2,6.8,42
2003-08-31,16.9,22.3,65,0.00,165,3.61,0.0,17.4,14.3,46
2003-09-01,14.4,19.3,63,0.00,272,3.41,0.0,27.5,18.4,49
2003-09-02,14.6,21.4,60,0.00,245,3.43,0.0,21.6,10.8,40
2003-09-03,17.6,26.5,64,0.00,166,3.87,0.0,17.8,9.2,40
2003-09-04,18.2,25.8,74,0.00,286,3.02,0.0,17.0,10.1,49
2003-09-05,16.4,21.1,76,7.80,194,2.42,7.0,12.4,7.9,52
2003-09-06,18.2,23.5,74,0.30,214,2.90,2.0,13.5,9.4,50
2003-09-07,18.9,25.3,69,0.00,120,3.63,0.0,19.4,15.4,49
2003-09-08,15.5,24.9,72,4.60,278,2.96,8.0,23.9,17.3,45
2003-09-09,13.5,16.8,65,0.00,289,2.63,0.0,18.1,13.6,48
2003-09-10,14.4,17.9,60,0.00,291,3.23,0.0,18.7,15.4,41
2003-09-11,13.7,17.8,64,1.00,253,2.96,5.0,29.2,18.6,45
2003-09-12,10.6,15.1,82,11.20,298,1.73,22.0,26.5,23.2,52
2003-09-13,11.2,17.5,80,2.00,266,2.28,3.0,21.0,12.5,42
2003-09-14,12.5,16.4,69,1.30,251,2.06,3.0,22.8,14.8,54
2003-09-15,6.3,11.0,85,4.70,345,1.07,13.0,24.8,20.8,58
2003-09-16,3.2,5.5,60,0.00,43,1.53,0.0,17.3,14.6,55
2003-09-17,2.6,5.3,60,0.00,67,1.37,0.0,13.0,8.8,53
2003-09-18,3.7,9.4,67,0.00,144,1.70,0.0,29.5,19.9,53
2003-09-19,8.1,15.2,77,0.20,164,2.13,1.0,20.7,13.4,55
2003-09-20,9.7,14.5,74,0.00,277,1.83,0.0,17.7,14.1,48
2003-09-21,8.7,13.8,68,0.00,255,2.07,0.0,14.0,11.0,50
2003-09-22,9.1,13.4,85,4.20,226,0.91,9.0,24.1,10.2,58
2003-09-23,5.9,10.3,77,5.00,292,1.43,9.0,38.1,30.2,59
2003-09-24,4.8,9.9,73,0.00,232,1.57,0.0,30.5,15.1,48
2003-09-25,9.9,13.2,64,0.40,255,2.60,2.0,31.5,25.4,52
2003-09-26,10.6,13.6,73,1.50,276,2.11,6.0,23.5,21.2,59
2003-09-27,9.9,13.3,68,0.00,287,2.16,0.0,15.8,11.8,50
2003-09-28,7.8,12.6,74,0.00,73,1.29,0.0,12.3,6.5,49
2003-09-29,6.1,10.8,74,0.00,31,1.65,0.0,10.4,5.2,40
2003-09-30,6.5,14.6,71,0.00,138,1.88,0.0,11.1,9.1,50
2003-10-01,8.5,15.6,76,0.00,216,1.74,0.0,14.4,9.8,52
2003-10-02,10.2,16.2,80,0.00,277,1.76,0.0,14.1,8.8,56
2003-10-03,11.4,20.8,76,0.00,164,1.89,0.0,7.9,6.0,41
2003-10-04,13.0,20.7,68,0.00,225,2.26,0.0,13.6,9.7,38
2003-10-05,14.1,21.8,67,0.00,256,2.19,0.0,14.1,8.3,42
2003-10-06,13.8,22.0,72,0.00,140,1.80,0.0,13.5,9.4,43
2003-10-07,13.2,19.5,78,0.00,139,1.74,0.0,24.6,12.8,49
2003-10-08,10.0,14.5,79,7.50,234,1.71,7.0,25.0,16.1,45
2003-10-09,10.3,13.5,65,0.00,237,1.97,0.0,24.2,15.9,46
2003-10-10,8.7,11.4,67,2.20,267,1.63,7.0,23.2,20.8,51
2003-10-11,7.7,11.5,64,0.00,261,1.82,0.0,21.0,13.7,44
2003-10-12,7.0,10.6,68,0.00,67,1.22,0.0,9.5,7.9,47
2003-10-13,5.4,9.3,85,2.60,296,0.50,8.0,16.1,7.8,57
2003-10-14,3.1,5.8,94,3.80,283,0.58,15.0,13.0,9.4,85
2003-10-15,1.9,4.1,84,1.40,23,0.68,8.0,12.2,8.2,49
2003-10-16,0.7,3.4,77,0.00,131,0.74,0.0,27.0,19.9,54
2003-10-17,3.2,8.0,91,1.40,235,0.71,7.0,18.0,13.0,74
2003-10-18,6.2,12.0,91,0.80,130,0.68,4.0,19.4,11.8,73
2003-10-19,7.5,10.4,92,0.50,168,0.43,2.0,16.9,8.8,83
2003-10-20,6.2,8.5,84,0.00,245,0.74,0.0,18.2,12.2,68
2003-10-21,7.7,14.5,83,2.60,197,1.41,6.0,35.0,18.1,39
2003-10-22,7.7,12.0,59,0.00,210,1.74,0.0,29.6,16.0,40
2003-10-23,6.8,9.1,66,1.90,219,1.64,5.0,35.3,28.5,53
2003-10-24,4.6,6.7,69,1.60,300,1.41,9.0,36.9,28.5,61
2003-10-25,3.6,8.1,76,3.00,238,0.60,7.0,19.1,13.7,56
2003-10-26,10.3,14.5,77,1.90,273,1.30,5.0,27.2,20.9,39
2003-10-27,9.0,13.7,65,1.20,288,2.01,4.0,33.8,28.6,41
2003-10-28,2.8,7.4,80,0.00,67,0.53,0.0,25.4,13.1,58
2003-10-29,-1.4,0.8,65,1.80,28,1.04,7.0,26.6,23.6,57
2003-10-30,-6.2,-3.0,63,1.40,347,0.78,8.0,26.0,19.6,44
2003-10-31,-6.4,-2.7,54,0.30,267,0.93,2.0,22.4,19.2,37
2003-11-01,-2.8,-1.3,75,2.20,309,0.67,11.0,26.1,19.7,66
2003-11-02,-6.1,-2.8,69,0.60,12,0.48,4.0,14.4,9.2,45
2003-11-03,-8.6,-5.3,75,1.60,318,0.33,9.0,13.8,6.6,52
2003-11-04,-9.0,-5.8,74,0.30,304,0.33,3.0,11.8,7.1,55
2003-11-05,-9.2,-7.3,72,0.00,288,0.45,0.0,23.5,17.9,61
2003-11-06,-7.4,-4.0,78,0.00,284,0.41,0.0,18.1,15.0,66
2003-11-07,-5.9,-0.1,75,0.00,230,0.47,0.0,11.1,8.8,50
2003-11-08,-5.3,-1.2,74,0.00,249,0.52,0.0,15.8,12.2,63
2003-11-09,-5.3,3.1,70,0.00,218,0.62,0.0,12.5,10.9,48
2003-11-10,-0.1,1.1,64,0.00,255,1.08,0.0,28.5,23.1,57
2003-11-11,-4.1,-0.7,78,0.00,263,0.50,0.0,22.0,13.3,68
2003-11-12,-4.9,4.9,76,0.00,232,0.49,0.0,23.8,13.1,63
2003-11-13,4.5,9.7,66,0.00,244,1.25,0.0,25.3,19.6,48
2003-11-14,2.1,6.0,62,0.00,240,1.10,0.0,22.1,15.5,51
2003-11-15,-1.3,2.4,66,0.00,153,0.76,0.0,22.7,14.2,56
2003-11-16,-2.7,2.5,82,0.00,137,0.45,0.0,19.8,10.2,63
2003-11-17,-3.6,0.2,88,0.00,75,0.30,0.0,11.5,6.3,73
2003-11-18,-3.7,-1.1,90,2.10,112,0.20,5.0,13.8,7.5,81
2003-11-19,-6.9,-2.6,82,2.00,345,0.21,9.0,14.8,10.5,68
2003-11-20,-13.9,-10.7,76,0.50,305,0.26,5.0,17.8,16.2,66
2003-11-21,-17.5,-15.0,79,0.00,279,0.17,0.0,14.7,12.0,67
2003-11-22,-21.4,-15.8,75,0.00,156,0.15,0.0,12.5,9.7,58
2003-11-23,-13.1,-1.6,78,0.00,159,0.28,0.0,15.5,11.5,70
2003-11-24,-6.5,-5.1,89,0.00,253,0.20,0.0,13.7,11.1,76
2003-11-25,-7.5,-1.3,75,0.00,211,0.32,0.0,12.2,9.5,65
2003-11-26,-7.7,-4.6,85,0.80,335,0.17,5.0,11.9,7.7,75
2003-11-27,-12.5,-6.3,84,0.00,132,0.19,0.0,17.1,8.3,69
2003-11-28,-4.7,1.4,84,2.80,164,0.28,9.0,23.4,16.2,75
2003-11-29,-9.2,-3.0,81,0.90,258,0.28,5.0,23.3,15.7,70
2003-11-30,-4.8,-3.6,74,0.70,277,0.55,4.0,26.7,21.6,67
2003-12-01,-10.5,-4.3,80,0.00,164,0.20,0.0,15.6,8.8,59
2003-12-02,-10.5,-3.8,77,0.00,137,0.30,0.0,17.8,12.0,60
2003-12-03,-3.5,1.0,79,0.90,248,0.46,5.0,29.7,21.7,70
2003-12-04,-11.0,-4.0,81,0.00,201,0.21,0.0,28.5,14.7,68
2003-12-05,-6.4,-4.4,63,0.00,141,0.88,0.0,50.6,34.6,51
2003-12-06,-7.6,-3.4,85,3.30,123,0.17,5.0,19.7,14.0,78
2003-12-07,-10.9,-2.5,84,4.20,289,0.18,7.0,27.1,21.0,77
2003-12-08,-18.8,-15.4,80,0.00,277,0.09,0.0,12.3,7.3,73
2003-12-09,-19.1,-11.7,81,0.00,202,0.09,0.0,11.4,7.9,77
2003-12-10,-16.4,-13.0,84,0.00,180,0.09,0.0,12.1,8.5,76
2003-12-11,-18.1,-14.0,79,0.00,137,0.12,0.0,13.2,11.8,65
2003-12-12,-14.9,-6.0,75,0.00,159,0.16,0.0,10.9,7.7,61
2003-12-13,-8.6,-2.8,86,0.00,249,0.15,0.0,15.7,11.8,71
2003-12-14,-11.1,-9.3,89,0.00,88,0.08,0.0,11.0,6.5,82
2003-12-15,-11.6,-4.2,86,0.00,207,0.16,0.0,17.5,10.9,70
2003-12-16,-4.6,2.1,76,0.00,209,0.46,0.0,24.5,15.9,62
2003-12-17,-1.0,1.2,75,0.00,257,0.64,0.0,28.6,22.6,61
2003-12-18,-2.2,0.3,78,0.00,250,0.44,0.0,24.5,15.9,66
2003-12-19,-2.5,0.5,86,0.00,142,0.18,0.0,12.6,10.0,78
2003-12-20,-0.9,3.7,78,0.00,238,0.50,0.0,25.0,14.1,66
2003-12-21,0.5,2.8,76,0.00,268,0.68,0.0,27.9,24.0,67
2003-12-22,-3.8,1.2,80,0.00,229,0.25,0.0,16.6,11.1,64
2003-12-23,-7.1,-1.6,82,0.00,136,0.22,0.0,17.6,13.3,72
2003-12-24,-5.1,-1.6,80,0.00,118,0.15,0.0,12.2,7.0,70
2003-12-25,-5.3,-0.4,87,0.00,233,0.17,0.0,14.8,10.8,77
2003-12-26,-4.6,-2.1,75,0.00,232,0.36,0.0,16.4,13.9,64
2003-12-27,-9.9,-6.4,71,0.00,196,0.22,0.0,13.2,8.3,63
2003-12-28,-16.1,-11.8,84,0.00,33,0.07,0.0,10.2,7.5,79
2003-12-29,-18.6,-14.8,82,0.00,139,0.07,0.0,9.2,5.5,78
2003-12-30,-18.5,-13.4,82,0.00,138,0.08,0.0,9.4,7.0,76
2003-12-31,-14.8,-10.7,84,0.00,115,0.09,0.0,10.0,7.7,78
2004-01-01,-16.9,-11.3,82,0.30,331,0.10,3.0,14.7,11.5,71
2004-01-02,-25.8,-21.0,76,0.00,307,0.07,0.0,14.3,11.0,70
2004-01-03,-29.2,-24.2,73,0.00,274,0.08,0.0,22.3,14.8,66
2004-01-04,-25.2,-22.7,74,0.00,298,0.12,0.0,22.2,17.1,69
2004-01-05,-19.2,-16.1,80,0.00,282,0.16,0.0,24.7,21.4,74
2004-01-06,-16.1,-13.5,74,0.00,270,0.23,0.0,23.0,16.4,60
2004-01-07,-20.1,-16.9,78,0.00,81,0.10,0.0,18.4,10.1,74
2004-01-08,-16.1,-13.9,79,0.80,117,0.18,4.0,22.6,17.9,71
2004-01-09,-14.1,-7.1,81,0.00,117,0.16,0.0,14.3,9.7,72
2004-01-10,-10.0,-4.7,83,1.80,107,0.15,5.0,15.0,9.7,77
2004-01-11,-2.0,-0.9,82,0.00,269,0.34,0.0,20.6,14.8,76
2004-01-12,-8.1,-2.9,89,0.00,67,0.14,0.0,18.9,10.2,80
2004-01-13,-5.4,-1.6,89,1.60,164,0.19,6.0,22.5,15.0,86
2004-01-14,-5.5,-0.9,91,0.00,102,0.16,0.0,13.2,9.6,81
2004-01-15,-2.5,1.1,90,1.20,88,0.21,3.0,9.8,6.0,74
2004-01-16,-8.0,-0.3,86,0.90,323,0.15,6.0,15.8,9.4,72
2004-01-17,-16.0,-12.7,80,0.10,104,0.15,1.0,22.4,14.0,73
2004-01-18,-9.8,-3.0,83,0.00,138,0.26,0.0,22.1,14.1,71
2004-01-19,-3.3,1.0,87,0.00,245,0.30,0.0,17.8,14.6,80
2004-01-20,-7.0,-0.4,87,0.00,314,0.16,0.0,15.1,13.0,71
2004-01-21,-15.5,-10.0,76,2.60,112,0.20,7.0,16.6,12.1,70
2004-01-22,-7.9,-6.2,89,6.30,66,0.11,11.0,12.0,8.5,79
2004-01-23,-14.0,-8.1,82,2.50,66,0.15,15.0,14.2,12.5,70
2004-01-24,-18.3,-16.3,75,1.90,81,0.17,12.0,15.9,12.4,64
2004-01-25,-20.4,-18.4,76,2.70,28,0.12,17.0,13.2,10.2,65
2004-01-26,-30.1,-23.4,71,0.00,333,0.08,0.0,14.4,12.3,59
2004-01-27,-36.5,-33.2,67,0.00,272,0.07,0.0,14.3,12.0,56
2004-01-28,-35.2,-29.0,65,0.00,122,0.07,0.0,14.2,10.4,56
2004-01-29,-30.9,-26.7,69,0.90,124,0.10,5.0,21.6,16.8,62
2004-01-30,-26.5,-22.6,71,0.40,115,0.13,4.0,20.0,16.3,66
2004-01-31,-21.8,-19.4,75,1.20,70,0.12,11.0,9.4,5.6,65
2004-02-01,-20.5,-15.2,74,0.00,96,0.19,0.0,8.0,5.6,53
2004-02-02,-20.8,-11.4,72,0.00,153,0.23,0.0,7.0,5.8,51
2004-02-03,-18.0,-13.6,73,0.00,127,0.25,0.0,19.5,14.8,60
2004-02-04,-14.7,-13.1,78,0.00,257,0.26,0.0,16.9,12.2,64
2004-02-05,-16.5,-8.2,74,0.00,191,0.32,0.0,14.6,10.2,56
2004-02-06,-9.8,-3.5,77,0.00,132,0.40,0.0,16.8,13.0,61
2004-02-07,-5.0,-2.5,82,1.40,257,0.43,5.0,28.8,18.5,73
2004-02-08,-4.5,-1.3,81,0.00,280,0.50,0.0,25.9,18.4,73
2004-02-09,-1.5,3.7,84,0.00,256,0.59,0.0,31.7,15.7,65
2004-02-10,-2.3,3.1,75,0.10,304,0.80,1.0,36.2,28.6,67
2004-02-11,-13.9,-1.5,78,0.00,147,0.45,0.0,15.6,11.4,60
2004-02-12,0.0,3.7,69,0.00,259,1.09,0.0,22.1,19.7,58
2004-02-13,-4.5,1.7,84,0.00,7,0.36,0.0,17.3,13.4,67
2004-02-14,-12.2,-9.3,81,0.00,115,0.33,0.0,19.1,17.3,73
2004-02-15,-8.4,-2.1,85,0.80,168,0.51,5.0,16.0,8.4,72
2004-02-16,-8.2,-1.9,85,0.00,140,0.45,0.0,14.8,9.0,72
2004-02-17,-4.9,-2.0,87,3.20,187,0.48,6.0,23.2,16.5,73
2004-02-18,-6.9,0.2,84,0.00,120,0.48,0.0,13.8,9.6,62
2004-02-19,-1.1,2.8,79,0.00,261,0.82,0.0,20.6,16.3,68
2004-02-20,0.4,3.4,79,0.00,259,0.82,0.0,18.8,17.3,69
2004-02-21,0.7,3.6,82,0.00,262,0.86,0.0,19.4,15.5,70
2004-02-22,-1.0,5.9,80,0.00,222,0.91,0.0,12.1,8.4,57
2004-02-23,-2.7,4.1,81,0.00,139,0.88,0.0,13.9,9.2,52
2004-02-24,-3.7,2.7,80,0.00,87,0.75,0.0,11.5,7.4,63
2004-02-25,-4.3,0.7,89,0.00,98,0.57,0.0,15.4,11.2,74
2004-02-26,-4.5,-2.5,90,0.00,107,0.39,0.0,17.2,14.6,81
2004-02-27,-3.7,-0.8,88,0.90,118,0.60,6.0,12.7,7.4,73
2004-02-28,-3.1,-0.9,87,0.00,270,0.50,0.0,9.0,7.0,73
2004-02-29,-5.0,0.9,85,0.00,138,0.83,0.0,7.2,4.9,66
2004-03-01,-7.4,-0.0,85,0.00,25,0.55,0.0,8.3,6.4,69
2004-03-02,-10.7,-4.4,79,0.00,347,0.48,0.0,15.2,11.4,58
2004-03-03,-18.5,-12.0,73,0.00,74,0.41,0.0,10.5,8.0,60
2004-03-04,-12.8,-8.3,78,0.00,95,0.58,0.0,13.7,8.9,58
2004-03-05,-10.8,-2.9,79,0.20,140,0.53,2.0,19.5,13.9,62
2004-03-06,-5.2,-2.0,80,0.20,266,0.72,2.0,21.6,16.4,66
2004-03-07,-2.0,6.7,69,0.20,214,1.39,1.0,29.9,16.8,48
2004-03-08,4.1,9.2,62,0.00,256,2.07,0.0,31.1,20.8,51
2004-03-09,4.4,7.7,69,0.70,253,1.46,3.0,44.0,23.3,49
2004-03-10,-2.3,2.0,68,0.30,295,1.39,2.0,26.5,15.6,51
2004-03-11,0.4,4.6,67,0.00,256,1.56,0.0,22.4,17.5,53
2004-03-12,-0.1,4.3,81,9.20,62,0.46,10.0,22.9,12.3,60
2004-03-13,-0.8,1.9,83,2.30,302,1.11,9.0,21.4,11.2,53
2004-03-14,-3.4,1.5,78,1.60,135,0.67,6.0,19.2,13.0,57
2004-03-15,-0.9,3.7,84,3.00,259,0.98,9.0,27.0,14.8,53
2004-03-16,-0.1,3.4,74,1.70,267,1.27,9.0,21.5,16.1,54
2004-03-17,-0.6,1.6,88,6.60,283,0.96,15.0,11.6,8.0,67
2004-03-18,-3.2,1.3,88,3.20,102,0.57,7.0,31.7,16.6,75
2004-03-19,-2.2,-0.6,85,4.00,37,0.79,8.0,25.2,13.3,61
2004-03-20,-6.3,-1.8,80,0.00,13,0.88,0.0,14.4,6.1,64
2004-03-21,-6.6,0.8,76,0.00,227,1.29,0.0,9.1,6.0,54
2004-03-22,-6.5,0.0,75,0.00,86,1.04,0.0,11.8,9.6,54
2004-03-23,-2.1,5.1,76,0.00,231,1.52,0.0,14.3,11.6,49
2004-03-24,2.9,8.0,67,0.00,250,2.05,0.0,18.3,15.4,48
2004-03-25,-10.8,6.5,71,1.20,61,0.90,6.0,27.0,19.0,53
2004-03-26,-7.7,1.3,79,0.30,130,1.12,1.0,21.4,18.1,57
2004-03-27,-1.7,0.7,90,14.10,282,0.56,24.0,29.5,13.8,76
2004-03-28,-0.3,4.8,77,2.00,284,1.61,4.0,25.4,18.9,52
2004-03-29,1.8,10.6,68,0.00,145,2.09,0.0,19.9,14.1,43
2004-03-30,5.3,12.6,72,0.00,137,2.27,0.0,21.9,15.7,44
2004-03-31,3.4,9.1,62,0.70,281,2.16,4.0,23.9,18.4,40
2004-04-01,-0.4,5.9,59,0.00,245,2.10,0.0,12.4,9.8,41
2004-04-02,1.7,10.6,60,0.00,236,2.33,0.0,10.8,6.8,28
2004-04-03,4.2,12.0,59,0.00,128,2.69,0.0,21.2,14.9,39
2004-04-04,6.1,11.6,60,0.00,240,2.81,0.0,24.2,19.7,42
2004-04-05,4.6,9.0,56,0.00,259,2.80,0.0,18.4,14.1,42
2004-04-06,3.9,8.0,65,0.30,264,2.00,2.0,13.0,8.0,48
2004-04-07,3.9,10.9,65,0.00,169,2.29,0.0,10.5,6.8,35
2004-04-08,5.5,11.1,57,0.00,34,2.65,0.0,8.4,5.6,33
2004-04-09,4.6,11.3,63,0.00,247,2.59,0.0,15.0,10.2,36
2004-04-10,6.6,14.0,56,0.00,37,2.90,0.0,12.2,4.9,29
2004-04-11,8.4,13.7,58,0.00,197,3.03,0.0,15.1,12.2,30
2004-04-12,4.7,13.0,85,6.50,72,0.82,14.0,16.4,11.4,49
2004-04-13,0.2,2.9,68,5.40,77,1.50,13.0,17.6,14.1,40
2004-04-14,-0.4,2.5,59,0.00,104,1.58,0.0,20.3,15.5,45
2004-04-15,-0.9,1.2,70,3.70,26,1.33,18.0,18.9,12.6,50
2004-04-16,-1.9,2.5,54,0.00,296,2.07,0.0,17.1,9.8,30
2004-04-17,-0.9,5.8,52,0.00,152,2.26,0.0,17.1,11.0,31
2004-04-18,3.5,10.4,59,0.00,176,2.57,0.0,7.8,4.5,32
2004-04-19,5.4,9.8,62,0.10,236,2.64,1.0,19.5,14.4,39
2004-04-20,4.0,9.6,67,0.00,23,2.51,0.0,15.0,5.9,32
2004-04-21,5.2,13.3,64,0.00,179,2.86,0.0,10.0,6.1,33
2004-04-22,4.9,12.9,67,0.00,299,2.76,0.0,17.8,11.9,38
2004-04-23,7.3,16.7,55,0.00,145,3.38,0.0,20.2,13.9,31
2004-04-24,6.4,11.0,50,0.70,276,3.61,3.0,36.5,28.1,34
2004-04-25,6.0,10.4,57,0.00,268,2.81,0.0,23.5,13.6,37
2004-04-26,10.0,17.8,61,0.00,244,3.23,0.0,20.9,13.3,41
2004-04-27,10.9,17.4,60,0.00,284,3.18,0.0,26.0,20.1,40
2004-04-28,4.6,10.7,56,0.00,320,2.98,0.0,26.3,16.0,41
2004-04-29,6.8,10.5,57,0.00,310,2.92,0.0,20.6,14.0,36
2004-04-30,5.6,11.5,55,0.00,316,3.26,0.0,15.9,8.0,36
2004-05-01,8.7,17.3,56,0.00,134,3.81,0.0,13.6,9.2,35
2004-05-02,12.9,19.5,56,0.00,217,3.65,0.0,27.4,16.8,32
2004-05-03,4.3,13.5,79,2.60,318,2.08,6.0,25.0,13.1,48
2004-05-04,4.4,8.1,76,2.80,30,1.38,10.0,22.8,9.3,49
2004-05-05,0.3,2.9,47,0.00,330,2.51,0.0,20.5,17.0,28
2004-05-06,0.8,5.1,52,0.10,44,1.97,1.0,14.3,6.6,30
2004-05-07,2.0,7.2,69,4.20,41,2.22,12.0,9.1,6.6,44
2004-05-08,5.7,10.2,67,2.60,212,2.10,6.0,27.8,17.0,45
2004-05-09,-0.6,2.5,55,0.20,332,2.37,1.0,22.1,18.7,29
2004-05-10,0.8,7.0,46,0.00,225,3.17,0.0,15.0,7.3,25
2004-05-11,3.8,7.9,47,0.00,327,3.10,0.0,10.3,6.8,22
2004-05-12,3.3,7.5,55,0.50,29,2.73,3.0,11.4,8.7,30
2004-05-13,2.9,6.7,66,0.50,320,2.45,3.0,13.0,7.9,42
2004-05-14,4.3,8.7,58,0.00,265,2.81,0.0,10.7,7.2,40
2004-05-15,6.0,11.7,58,0.00,243,3.02,0.0,10.7,4.2,36
2004-05-16,8.5,14.0,60,0.70,223,3.43,3.0,13.2,7.5,38
2004-05-17,11.5,20.4,62,0.00,235,4.45,0.0,10.6,7.3,30
2004-05-18,14.5,20.3,52,0.30,250,4.71,1.0,15.6,12.2,33
2004-05-19,12.6,18.7,58,0.70,23,3.59,2.0,19.3,10.5,36
2004-05-20,8.5,13.0,64,0.00,33,2.95,0.0,17.5,9.2,34
2004-05-21,6.7,12.0,66,2.10,28,2.47,7.0,17.0,14.2,39
2004-05-22,6.4,10.3,58,0.00,32,3.19,0.0,18.9,13.0,32
2004-05-23,6.6,12.1,57,0.10,27,3.37,1.0,9.3,6.2,37
2004-05-24,8.6,13.4,63,0.00,106,3.29,0.0,10.5,6.7,38
2004-05-25,9.8,17.4,65,2.80,176,2.66,3.0,18.4,11.3,39
2004-05-26,11.1,16.1,83,2.30,252,2.97,6.0,18.0,15.5,50
2004-05-27,12.9,18.1,61,0.00,242,4.38,0.0,14.8,12.1,40
2004-05-28,12.4,16.7,77,2.70,51,2.83,7.0,16.3,8.5,47
2004-05-29,10.3,13.3,81,0.70,14,2.03,4.0,16.6,11.8,64
2004-05-30,8.2,11.6,96,10.90,326,0.76,20.0,21.0,13.0,80
2004-05-31,8.0,12.5,87,2.20,308,1.84,16.0,19.2,16.3,60
2004-06-01,11.5,17.3,69,0.00,235,3.85,0.0,10.5,6.7,37
2004-06-02,12.4,17.4,68,1.20,246,3.89,3.0,15.5,9.5,38
2004-06-03,13.1,18.8,56,0.00,245,5.03,0.0,15.6,13.1,32
2004-06-04,15.8,23.2,51,0.00,221,5.14,0.0,8.7,4.1,27
2004-06-05,17.5,23.0,53,0.00,112,5.11,0.0,21.9,15.6,28
2004-06-06,17.3,22.7,49,0.10,70,5.03,1.0,23.8,21.3,38
2004-06-07,12.7,18.8,54,0.00,13,4.32,0.0,22.7,20.3,37
2004-06-08,11.5,16.7,54,0.00,103,4.16,0.0,14.5,10.0,35
2004-06-09,13.9,20.2,53,0.00,146,5.01,0.0,24.0,16.9,36
2004-06-10,15.3,20.2,63,0.00,142,4.08,0.0,20.1,16.3,42
2004-06-11,13.4,15.9,82,1.10,94,2.72,7.0,17.1,12.1,61
2004-06-12,12.0,15.7,78,1.50,26,2.35,5.0,16.1,11.7,56
2004-06-13,11.1,13.9,72,0.00,109,2.40,0.0,15.6,12.1,55
2004-06-14,10.4,14.1,85,14.90,194,1.31,16.0,20.5,15.4,56
2004-06-15,11.6,17.1,86,4.40,279,3.00,11.0,22.5,18.2,57
2004-06-16,12.0,16.6,80,3.50,330,3.18,13.0,24.5,14.5,35
2004-06-17,12.2,17.8,55,0.00,330,4.80,0.0,19.6,7.5,36
2004-06-18,14.7,21.3,57,0.00,246,5.10,0.0,13.0,9.6,36
2004-06-19,18.0,24.0,55,0.00,259,5.59,0.0,19.1,14.7,39
2004-06-20,17.2,23.9,62,0.20,337,4.70,1.0,19.5,14.3,37
2004-06-21,17.3,21.7,59,0.00,311,5.00,0.0,18.6,12.3,38
2004-06-22,16.3,21.5,56,0.30,19,4.90,1.0,15.8,8.9,34
2004-06-23,15.6,21.1,52,0.00,101,5.22,0.0,14.3,10.2,35
2004-06-24,16.0,21.4,52,0.00,101,5.09,0.0,15.1,10.3,34
2004-06-25,16.7,22.1,46,0.00,82,5.67,0.0,15.2,9.5,28
2004-06-26,17.0,22.7,49,0.00,102,5.79,0.0,17.0,11.4,29
2004-06-27,18.5,24.6,50,0.00,143,6.05,0.0,17.1,11.8,31
2004-06-28,20.4,26.4,51,0.00,124,5.92,0.0,13.1,8.1,33
2004-06-29,19.8,26.2,54,0.40,47,5.57,1.0,22.3,14.5,34
2004-06-30,19.8,24.1,55,0.10,98,5.15,1.0,14.2,12.6,41
2004-07-01,20.1,24.7,71,1.50,135,4.12,2.0,11.7,8.0,47
2004-07-02,17.5,21.1,82,4.40,39,3.32,8.0,17.9,11.5,52
2004-07-03,15.0,20.7,70,8.00,76,2.70,11.0,23.9,18.4,52
2004-07-04,14.8,18.4,56,0.00,164,3.65,0.0,14.1,5.6,36
2004-07-05,14.8,19.4,63,0.00,183,4.12,0.0,18.2,11.5,39
2004-07-06,15.9,20.2,71,5.60,155,3.45,4.0,22.6,17.6,50
2004-07-07,13.4,15.7,99,20.30,354,0.88,19.0,13.0,6.4,96
2004-07-08,12.8,13.5,99,34.50,31,0.44,24.0,27.1,21.9,94
2004-07-09,14.1,17.3,93,6.60,38,2.20,22.0,17.1,10.1,79
2004-07-10,15.7,22.1,82,0.10,174,3.72,1.0,9.8,5.2,56
2004-07-11,16.1,20.1,89,5.70,136,2.63,9.0,15.5,9.2,71
2004-07-12,16.5,20.3,90,4.00,288,2.91,8.0,17.0,14.0,64
2004-07-13,17.8,22.5,81,0.20,211,3.72,2.0,12.2,6.3,63
2004-07-14,18.0,22.3,87,1.30,236,3.40,3.0,11.4,6.2,60
2004-07-15,19.0,24.4,84,0.60,168,3.97,1.0,18.4,5.9,59
2004-07-16,19.6,26.1,86,0.00,139,4.24,0.0,11.4,8.6,60
2004-07-17,21.6,25.5,83,0.00,223,4.01,0.0,13.0,9.9,61
2004-07-18,21.3,26.2,72,0.00,249,5.06,0.0,15.0,13.3,47
2004-07-19,22.0,26.0,74,0.00,229,4.63,0.0,12.2,6.2,49
2004-07-20,19.5,25.8,82,20.70,250,3.22,14.0,23.4,15.6,52
2004-07-21,16.8,20.9,76,15.60,306,3.38,10.0,22.2,14.5,56
2004-07-22,17.6,21.7,76,0.10,265,3.71,1.0,12.9,9.2,57
2004-07-23,18.1,24.2,80,0.20,208,4.03,1.0,7.0,4.9,49
2004-07-24,20.9,27.2,69,0.00,155,4.96,0.0,12.9,9.0,44
2004-07-25,21.8,26.9,73,0.20,205,4.76,1.0,16.6,12.2,49
2004-07-26,16.9,24.4,74,29.20,265,2.74,12.0,37.8,28.3,54
2004-07-27,12.9,17.2,93,23.50,309,1.35,21.0,37.0,28.5,55
2004-07-28,16.2,20.7,70,0.00,293,3.95,0.0,16.7,5.2,48
2004-07-29,17.7,24.5,72,0.00,161,4.21,0.0,13.8,11.5,50
2004-07-30,18.9,21.7,72,0.40,273,4.20,2.0,22.7,15.1,50
2004-07-31,15.3,20.0,79,9.50,299,2.88,16.0,19.9,12.5,54
2004-08-01,15.7,19.8,72,0.40,282,3.71,3.0,15.3,9.2,44
2004-08-02,16.8,22.0,69,0.00,139,4.09,0.0,17.6,11.1,47
2004-08-03,18.6,23.6,65,0.00,124,4.53,0.0,24.0,18.6,49
2004-08-04,18.1,22.3,81,6.40,134,1.99,12.0,19.3,14.4,57
2004-08-05,16.8,18.9,97,11.60,123,1.57,24.0,15.1,8.1,90
2004-08-06,15.9,18.7,96,12.90,40,0.96,19.0,14.9,10.0,88
2004-08-07,12.5,15.7,95,10.80,14,0.62,24.0,16.0,13.1,86
2004-08-08,11.2,14.0,87,4.30,23,1.59,14.0,14.8,7.9,67
2004-08-09,13.2,18.1,76,0.00,258,3.22,0.0,8.6,4.4,45
2004-08-10,15.2,21.7,69,0.00,259,4.18,0.0,14.5,11.9,48
2004-08-11,18.1,24.2,70,0.00,210,4.06,0.0,11.9,6.6,42
2004-08-12,19.2,26.4,70,0.00,149,4.57,0.0,13.4,11.1,49
2004-08-13,20.8,27.5,72,0.00,149,4.48,0.0,14.3,7.3,49
2004-08-14,19.9,27.1,76,0.00,4,3.90,0.0,15.9,12.0,53
2004-08-15,18.3,23.5,71,0.00,294,4.14,0.0,8.5,5.5,47
2004-08-16,18.3,23.2,74,0.10,38,3.41,1.0,12.7,8.2,49
2004-08-17,17.4,21.2,72,0.00,323,3.62,0.0,23.3,11.7,43
2004-08-18,16.3,21.3,66,0.00,328,3.92,0.0,22.0,9.4,44
2004-08-19,17.4,21.4,70,0.00,349,3.40,0.0,13.6,9.8,50
2004-08-20,16.7,22.7,70,0.60,128,3.25,1.0,13.5,9.0,52
2004-08-21,13.1,18.3,89,19.80,40,1.65,18.0,26.1,17.4,51
2004-08-22,10.4,14.0,65,0.00,83,2.38,0.0,21.3,17.8,51
2004-08-23,9.1,11.1,76,1.60,113,1.39,6.0,19.8,16.8,58
2004-08-24,10.2,15.3,79,1.80,226,2.52,8.0,17.4,14.3,51
2004-08-25,10.1,14.4,80,1.10,326,2.08,4.0,14.4,6.8,55
2004-08-26,12.0,16.4,71,0.90,53,2.61,2.0,8.4,5.8,48
2004-08-27,12.8,17.4,81,0.00,116,2.42,0.0,8.1,4.9,57
2004-08-28,12.2,15.9,94,7.00,246,1.29,9.0,16.1,9.7,81
2004-08-29,10.5,12.8,93,5.30,68,0.94,17.0,18.1,13.2,77
2004-08-30,11.1,15.4,91,7.30,119,1.48,14.0,17.0,10.6,69
2004-08-31,11.7,15.0,94,7.00,110,0.70,10.0,15.6,10.6,73
2004-09-01,12.1,14.7,92,2.70,70,1.03,14.0,19.6,9.0,70
2004-09-02,11.4,14.6,94,34.50,50,0.51,22.0,30.6,23.7,72
2004-09-03,11.1,13.8,96,4.20,360,0.91,9.0,21.8,11.4,79
2004-09-04,12.1,14.0,86,2.70,238,1.14,6.0,18.3,13.2,74
2004-09-05,9.7,12.8,86,12.30,290,1.17,16.0,34.7,24.4,64
2004-09-06,9.9,13.6,74,1.60,160,1.87,2.0,20.9,8.6,58
2004-09-07,8.9,13.4,88,1.00,109,1.03,5.0,14.5,11.5,64
2004-09-08,5.3,11.5,89,5.30,28,0.63,13.0,21.1,16.7,76
2004-09-09,3.3,5.9,77,0.60,80,1.26,3.0,17.9,16.4,65
2004-09-10,4.4,6.0,82,0.50,135,0.94,4.0,19.9,15.3,67
2004-09-11,6.0,12.6,81,0.00,140,1.45,0.0,32.3,26.4,69
2004-09-12,9.6,12.6,75,2.80,256,1.88,8.0,35.6,23.3,53
2004-09-13,9.3,15.7,69,0.00,236,2.47,0.0,16.3,9.1,45
2004-09-14,10.3,15.5,74,0.00,181,2.20,0.0,13.6,10.5,55
2004-09-15,10.3,15.1,72,0.00,244,2.16,0.0,13.6,10.6,49
2004-09-16,9.1,13.0,80,0.10,20,1.46,1.0,15.0,6.8,58
2004-09-17,7.2,10.7,94,4.90,81,0.57,13.0,25.2,20.6,75
2004-09-18,6.3,9.9,86,12.80,67,0.73,13.0,24.8,21.2,66
2004-09-19,4.4,6.0,90,9.40,290,0.82,21.0,29.0,20.8,65
2004-09-20,4.3,9.7,74,0.00,276,1.72,0.0,24.9,18.1,47
2004-09-21,8.9,18.3,62,0.00,241,2.73,0.0,23.7,18.6,53
2004-09-22,13.1,17.8,55,0.00,259,3.60,0.0,32.9,27.6,45
2004-09-23,10.2,15.0,65,0.00,231,2.31,0.0,19.5,13.2,51
2004-09-24,12.4,18.8,60,0.00,233,3.03,0.0,23.5,17.6,44
2004-09-25,13.2,17.6,61,0.00,255,2.81,0.0,22.5,18.5,52
2004-09-26,10.2,15.3,73,0.00,258,1.91,0.0,15.1,6.7,47
2004-09-27,11.3,19.3,72,0.00,175,2.29,0.0,17.1,12.9,44
2004-09-28,12.8,17.6,63,0.00,262,2.70,0.0,20.2,16.7,50
2004-09-29,8.8,13.3,58,0.00,148,2.11,0.0,14.9,11.3,48
2004-09-30,5.8,12.6,69,0.80,320,1.54,2.0,26.2,17.6,31
2004-10-01,3.0,11.0,61,0.00,233,1.83,0.0,21.3,11.7,34
2004-10-02,7.0,10.5,78,0.10,275,1.13,1.0,18.4,14.6,66
2004-10-03,2.7,5.8,73,0.00,79,1.09,0.0,18.6,13.2,67
2004-10-04,7.4,17.0,77,0.00,209,1.90,0.0,19.2,15.1,49
2004-10-05,11.4,18.9,71,0.00,197,2.07,0.0,17.0,11.3,45
2004-10-06,12.3,16.2,57,0.00,231,2.53,0.0,20.3,16.5,35
2004-10-07,10.3,13.7,52,0.00,251,2.86,0.0,27.9,21.8,45
2004-10-08,8.0,13.2,64,0.00,143,1.80,0.0,20.1,14.5,51
2004-10-09,8.9,11.8,77,0.70,228,1.23,3.0,19.4,14.3,56
2004-10-10,8.8,13.4,66,0.00,245,1.90,0.0,19.6,15.9,50
2004-10-11,9.9,12.1,66,0.00,238,1.66,0.0,24.1,15.9,59
2004-10-12,8.0,10.6,86,1.60,280,1.18,6.0,10.8,9.3,56
2004-10-13,9.6,16.5,81,9.60,224,1.06,13.0,27.4,17.3,65
2004-10-14,11.8,16.3,58,0.10,300,2.61,1.0,32.8,22.3,52
2004-10-15,3.6,9.1,73,0.00,71,1.00,0.0,18.5,12.1,57
2004-10-16,0.6,4.5,80,7.60,69,0.65,20.0,22.4,20.0,67
2004-10-17,-1.5,-0.4,80,1.60,102,0.58,9.0,21.1,16.4,59
2004-10-18,-2.5,-1.7,76,6.10,94,0.65,19.0,26.8,23.7,67
2004-10-19,-3.9,-2.1,85,4.50,49,0.41,10.0,24.6,15.7,68
2004-10-20,-5.8,-2.7,85,0.00,152,0.40,0.0,17.7,12.8,72
2004-10-21,-4.9,-3.4,86,0.00,197,0.40,0.0,15.5,10.0,71
2004-10-22,-6.6,-2.5,86,0.10,148,0.33,1.0,21.4,16.5,64
2004-10-23,-2.7,-1.7,87,0.00,269,0.41,0.0,20.3,15.7,74
2004-10-24,-5.2,-1.2,83,1.30,277,0.56,10.0,18.9,14.4,66
2004-10-25,-6.4,3.0,84,0.00,158,0.64,0.0,14.7,11.3,58
2004-10-26,-3.7,0.9,83,0.00,135,0.60,0.0,16.8,14.1,69
2004-10-27,-4.8,3.5,86,0.00,224,0.60,0.0,12.4,9.3,66
2004-10-28,0.9,3.8,81,0.00,241,0.72,0.0,19.6,13.7,68
2004-10-29,-1.0,4.9,80,0.00,219,0.64,0.0,18.3,13.1,62
2004-10-30,1.0,3.3,83,0.00,231,0.61,0.0,20.0,14.7,70
2004-10-31,0.4,2.3,70,0.00,259,1.01,0.0,26.3,21.5,61
2004-11-01,-1.9,1.2,70,0.00,218,0.78,0.0,21.3,17.2,55
2004-11-02,-0.1,4.8,71,0.00,231,0.94,0.0,21.9,16.5,56
2004-11-03,1.3,3.6,67,0.00,261,1.17,0.0,25.6,23.1,60
2004-11-04,5.0,9.7,56,0.00,249,2.00,0.0,36.1,28.6,48
2004-11-05,6.1,8.6,73,7.60,254,1.18,13.0,29.4,21.2,48
2004-11-06,0.6,4.6,86,0.90,288,0.53,5.0,19.7,16.9,51
2004-11-07,-2.1,-0.3,71,0.00,219,0.53,0.0,18.1,10.7,58
2004-11-08,-2.3,0.1,87,5.90,136,0.34,15.0,28.1,20.4,68
2004-11-09,-0.4,2.1,93,0.10,273,0.37,1.0,19.0,14.7,76
2004-11-10,-2.4,2.1,66,0.00,253,0.71,0.0,16.2,12.4,38
2004-11-11,-1.8,3.5,58,0.00,247,0.93,0.0,15.5,13.0,39
2004-11-12,-2.0,4.5,56,0.00,227,0.73,0.0,11.2,7.6,40
2004-11-13,-1.5,3.3,67,0.00,253,0.52,0.0,10.2,7.3,49
2004-11-14,-0.4,2.0,80,0.00,162,0.40,0.0,16.6,11.9,61
2004-11-15,0.6,3.8,86,0.70,160,0.26,3.0,21.5,11.3,80
2004-11-16,2.5,5.8,73,0.00,246,0.79,0.0,25.8,18.5,59
2004-11-17,1.1,3.9,68,0.10,250,1.07,1.0,33.4,20.2,47
2004-11-18,-0.6,1.8,60,0.00,188,0.67,0.0,19.1,10.0,49
2004-11-19,-2.1,0.7,82,0.00,276,0.42,0.0,19.3,14.0,55
2004-11-20,-1.9,1.4,71,0.00,265,0.63,0.0,19.9,15.9,56
2004-11-21,2.6,7.6,76,0.00,257,0.80,0.0,33.1,20.7,59
2004-11-22,-1.0,5.3,75,0.90,304,0.67,6.0,28.1,21.6,59
2004-11-23,-2.7,-0.8,73,0.00,268,0.45,0.0,14.5,11.4,56
2004-11-24,-2.7,0.1,73,0.60,155,0.33,4.0,9.9,8.2,70
2004-11-25,0.3,2.0,80,0.40,263,0.52,3.0,23.7,17.6,47
2004-11-26,-1.4,0.4,66,0.20,268,0.87,2.0,23.1,19.7,50
2004-11-27,-3.4,-1.1,82,0.00,294,0.28,0.0,14.8,8.0,67
2004-11-28,-3.3,1.0,76,0.00,257,0.49,0.0,21.4,16.1,62
2004-11-29,-0.7,1.7,68,0.00,266,0.79,0.0,22.8,19.8,52
2004-11-30,-0.3,0.9,78,1.30,282,0.49,7.0,22.0,15.3,60
2004-12-01,-1.7,0.2,84,0.00,264,0.28,0.0,21.0,11.2,76
2004-12-02,1.7,4.2,81,1.20,264,0.59,4.0,30.5,22.2,68
2004-12-03,4.6,7.3,74,2.60,271,1.14,11.0,39.1,27.4,55
2004-12-04,-9.4,-0.9,64,2.80,53,0.41,7.0,18.4,16.3,49
2004-12-05,-15.2,-14.1,63,6.50,93,0.36,16.0,21.8,18.7,46
2004-12-06,-20.5,-16.2,79,0.60,293,0.08,4.0,16.2,11.4,67
2004-12-07,-28.0,-23.4,72,0.00,272,0.08,0.0,15.3,8.9,58
2004-12-08,-25.2,-20.2,75,0.00,123,0.12,0.0,23.4,18.1,71
2004-12-09,-16.9,-8.8,79,0.20,141,0.19,2.0,19.9,16.0,71
2004-12-10,-3.9,-1.8,77,0.00,235,0.42,0.0,23.1,16.0,66
2004-12-11,-3.3,-2.6,91,5.30,10,0.14,17.0,14.8,11.5,86
2004-12-12,-5.1,-3.3,82,0.00,262,0.28,0.0,19.8,17.5,70
2004-12-13,-8.5,-3.8,76,0.00,167,0.31,0.0,21.2,13.8,56
2004-12-14,-6.4,1.3,80,0.00,238,0.27,0.0,17.7,12.5,71
2004-12-15,-0.4,1.3,88,0.00,277,0.25,0.0,23.4,17.3,80
2004-12-16,-1.1,2.7,89,1.60,203,0.22,6.0,19.8,12.8,80
2004-12-17,3.5,6.9,68,0.00,271,1.21,0.0,40.0,30.3,63
2004-12-18,-6.0,0.4,86,0.60,101,0.15,3.0,17.6,13.4,81
2004-12-19,2.1,5.5,81,1.00,237,0.52,4.0,40.1,19.6,49
2004-12-20,-12.8,2.3,71,3.50,308,0.46,12.0,36.0,22.4,50
2004-12-21,-20.2,-18.7,76,0.00,33,0.08,0.0,9.2,7.2,73
2004-12-22,-21.3,-19.6,79,0.10,344,0.06,1.0,8.2,5.8,75
2004-12-23,-14.9,-0.1,76,2.00,182,0.29,5.0,25.6,16.1,69
2004-12-24,1.5,2.5,76,0.70,271,0.73,3.0,29.2,25.9,72
2004-12-25,-3.0,1.8,87,0.00,318,0.21,0.0,24.9,19.2,79
2004-12-26,-20.1,-14.6,75,0.00,13,0.11,0.0,18.6,9.5,68
2004-12-27,-19.5,-8.2,74,0.00,187,0.17,0.0,17.5,11.1,65
2004-12-28,-8.9,-4.3,79,0.00,217,0.15,0.0,11.5,7.4,70
2004-12-29,-12.4,-7.6,84,0.40,61,0.11,4.0,20.1,15.6,77
2004-12-30,-19.0,-14.6,77,5.30,39,0.14,24.0,21.2,17.8,69
2004-12-31,-23.4,-21.7,75,0.10,58,0.10,1.0,16.1,12.9,68
2005-01-01,-23.9,-21.5,77,0.00,107,0.08,0.0,11.9,8.8,72
2005-01-02,-26.0,-21.2,75,0.00,245,0.08,0.0,14.6,10.1,64
2005-01-03,-23.2,-18.9,77,0.00,279,0.09,0.0,11.5,7.3,73
2005-01-04,-24.3,-15.9,78,0.00,139,0.10,0.0,17.3,12.3,70
2005-01-05,-14.0,-5.0,73,0.00,192,0.27,0.0,19.8,12.1,58
2005-01-06,-7.9,-5.7,79,4.30,332,0.30,11.0,26.2,20.3,68
2005-01-07,-13.6,-11.6,85,0.00,300,0.12,0.0,16.2,11.7,77
2005-01-08,-19.8,-15.6,81,0.00,334,0.08,0.0,9.0,7.6,72
2005-01-09,-26.0,-20.7,76,0.00,256,0.08,0.0,10.3,8.0,61
2005-01-10,-19.2,-13.7,75,0.00,242,0.19,0.0,22.0,12.6,59
2005-01-11,-17.1,-15.5,82,1.10,79,0.09,4.0,19.2,9.3,74
2005-01-12,-24.3,-19.1,74,2.30,5,0.12,9.0,20.3,14.8,65
2005-01-13,-31.3,-27.5,71,0.00,257,0.07,0.0,16.3,12.1,59
2005-01-14,-29.2,-25.3,66,0.00,272,0.12,0.0,19.1,17.2,54
2005-01-15,-26.6,-23.4,65,0.00,265,0.14,0.0,16.6,13.2,55
2005-01-16,-25.5,-18.5,67,0.00,129,0.16,0.0,21.7,15.5,52
2005-01-17,-14.5,-5.9,75,1.30,131,0.24,4.0,21.4,14.2,61
2005-01-18,-12.1,-5.5,80,0.20,328,0.14,2.0,12.7,9.6,71
2005-01-19,-12.9,-10.3,80,2.90,104,0.18,8.0,16.6,10.9,75
2005-01-20,-10.5,-9.1,84,0.00,22,0.13,0.0,10.8,7.0,77
2005-01-21,-20.9,-12.9,75,0.00,73,0.15,0.0,22.2,13.7,60
2005-01-22,-16.8,-7.2,75,0.00,137,0.28,0.0,27.2,19.1,66
2005-01-23,-1.1,3.3,87,0.00,238,0.32,0.0,21.0,12.7,79
2005-01-24,3.4,8.0,86,1.00,205,0.64,4.0,33.2,14.9,62
2005-01-25,-1.4,5.4,86,0.10,302,0.40,1.0,34.2,14.2,70
2005-01-26,-9.3,-3.4,90,0.00,131,0.21,0.0,18.1,12.0,86
2005-01-27,-3.9,-1.8,93,3.30,125,0.17,5.0,17.4,10.5,86
2005-01-28,-9.9,-4.9,85,1.90,47,0.18,8.0,16.6,11.2,73
2005-01-29,-9.4,-0.9,83,0.00,133,0.35,0.0,16.6,11.8,70
2005-01-30,0.1,2.2,86,1.30,253,0.42,6.0,14.7,10.1,75
2005-01-31,1.8,7.3,75,0.50,202,0.89,1.0,36.6,18.5,53
2005-02-01,2.5,4.8,70,0.50,250,1.11,3.0,30.3,21.7,62
2005-02-02,3.9,6.9,70,1.00,254,1.24,5.0,41.1,24.1,63
2005-02-03,-3.1,4.3,84,5.10,54,0.34,11.0,19.5,13.9,64
2005-02-04,-16.2,-11.3,78,0.00,56,0.22,0.0,16.8,10.9,66
2005-02-05,-17.9,-14.0,76,1.30,58,0.17,8.0,14.7,10.2,70
2005-02-06,-19.0,-15.8,76,0.30,286,0.21,3.0,7.2,4.6,59
2005-02-07,-19.3,-7.4,73,0.00,146,0.32,0.0,13.6,8.5,51
2005-02-08,-8.6,-1.9,69,0.00,252,0.63,0.0,18.5,15.2,61
2005-02-09,-3.3,0.9,73,0.00,248,0.75,0.0,26.6,18.3,63
2005-02-10,-0.6,3.8,72,0.00,257,0.90,0.0,24.1,20.2,56
2005-02-11,1.9,5.3,73,0.00,237,0.96,0.0,20.3,13.9,62
2005-02-12,-1.5,5.0,72,0.00,189,0.81,0.0,15.0,10.1,49
2005-02-13,-2.6,3.0,70,0.00,275,0.79,0.0,21.7,16.3,59
2005-02-14,-11.2,-4.8,70,0.10,292,0.40,1.0,22.0,12.7,56
2005-02-15,-11.9,-5.9,71,0.00,278,0.52,0.0,17.4,12.2,53
2005-02-16,-8.0,-3.3,67,0.40,261,0.58,2.0,14.9,12.5,60
2005-02-17,-5.9,-3.8,79,0.70,291,0.48,4.0,19.4,16.4,70
2005-02-18,-11.2,-5.5,82,0.00,122,0.39,0.0,16.2,11.1,66
2005-02-19,-8.7,-4.0,78,0.00,124,0.58,0.0,15.5,9.1,62
2005-02-20,-9.3,-4.9,79,0.00,256,0.47,0.0,12.3,10.3,66
2005-02-21,-8.3,-4.4,83,0.10,290,0.53,1.0,8.7,6.8,66
2005-02-22,-7.9,1.7,77,0.00,214,0.76,0.0,13.3,10.1,52
2005-02-23,-3.0,5.2,62,0.00,211,1.02,0.0,10.7,7.7,35
2005-02-24,-1.2,5.3,58,0.00,267,1.31,0.0,14.8,9.4,42
2005-02-25,-1.7,4.7,65,0.00,201,1.11,0.0,16.6,12.7,49
2005-02-26,-1.2,2.7,80,0.00,271,0.93,0.0,13.3,9.4,58
2005-02-27,-2.9,4.8,76,0.00,132,0.97,0.0,14.8,10.2,54
2005-02-28,-1.9,7.8,76,0.00,151,1.15,0.0,13.9,6.7,38
2005-03-01,-0.7,7.6,67,0.00,135,1.17,0.0,7.5,4.4,41
2005-03-02,0.5,8.2,66,0.00,193,1.25,0.0,11.3,8.0,43
2005-03-03,3.6,9.1,72,0.00,253,1.38,0.0,17.0,12.6,49
2005-03-04,2.5,11.3,70,0.00,169,1.45,0.0,16.8,8.4,36
2005-03-05,4.9,10.0,61,0.00,241,1.87,0.0,17.1,14.5,43
2005-03-06,3.8,8.8,85,9.30,276,1.15,14.0,20.9,16.1,55
2005-03-07,0.8,5.1,83,4.40,204,0.60,6.0,22.5,11.4,60
2005-03-08,2.4,8.2,78,1.20,272,1.14,3.0,27.7,15.5,45
2005-03-09,6.1,8.3,61,0.20,263,2.16,2.0,34.0,24.6,49
2005-03-10,3.6,10.4,65,0.00,269,1.84,0.0,23.0,12.1,39
2005-03-11,6.6,9.9,62,0.50,266,1.86,4.0,32.1,18.3,45
2005-03-12,1.6,6.2,66,0.30,302,1.59,2.0,26.8,22.8,52
2005-03-13,0.8,4.1,72,0.00,305,1.26,0.0,20.6,14.4,53
2005-03-14,0.4,3.7,63,0.20,315,1.50,2.0,19.0,13.8,42
2005-03-15,-2.6,1.4,45,0.00,67,1.53,0.0,14.2,10.9,31
2005-03-16,-4.2,-1.0,41,0.00,75,1.71,0.0,15.9,13.5,29
2005-03-17,-3.9,-0.3,50,0.00,152,1.21,0.0,12.2,7.2,30
2005-03-18,-4.1,-0.6,60,1.50,19,1.03,11.0,21.5,9.3,39
2005-03-19,-5.6,-3.0,67,0.20,39,1.03,2.0,20.9,15.9,44
2005-03-20,-7.1,-3.4,72,1.60,99,0.73,8.0,30.4,21.9,48
2005-03-21,-5.0,-2.9,79,0.10,106,0.70,1.0,26.1,20.5,69
2005-03-22,-5.0,-3.1,82,4.80,13,0.74,23.0,16.0,10.3,63
2005-03-23,-7.1,-3.1,75,0.00,16,1.09,0.0,16.9,10.9,55
2005-03-24,-9.7,-2.2,71,0.00,153,1.17,0.0,13.3,7.6,45
2005-03-25,-8.2,1.0,71,0.00,209,1.37,0.0,17.1,13.5,49
2005-03-26,-3.2,3.0,65,0.30,144,1.34,1.0,21.4,13.6,44
2005-03-27,-0.1,9.2,78,1.60,153,1.66,5.0,16.1,9.9,45
2005-03-28,3.0,9.2,70,0.70,157,1.79,2.0,12.1,7.3,46
2005-03-29,0.8,7.1,80,1.20,254,1.81,3.0,16.6,11.4,37
2005-03-30,1.5,6.5,56,0.00,263,2.11,0.0,32.5,18.8,36
2005-03-31,3.3,10.8,41,0.00,242,2.93,0.0,22.2,11.8,26
2005-04-01,5.3,13.8,53,0.00,156,2.96,0.0,21.7,15.3,29
2005-04-02,3.0,7.2,51,1.40,256,2.72,3.0,26.8,22.9,29
2005-04-03,2.9,10.0,44,0.00,158,2.82,0.0,19.6,12.1,24
2005-04-04,4.7,10.4,57,0.00,154,2.86,0.0,21.4,15.0,35
2005-04-05,4.6,11.1,51,0.00,252,2.79,0.0,11.7,9.0,26
2005-04-06,5.9,15.0,55,0.00,139,2.86,0.0,12.0,6.6,29
2005-04-07,8.2,16.7,63,0.00,121,3.17,0.0,18.4,12.9,37
2005-04-08,7.0,16.2,80,1.30,241,1.40,4.0,24.6,14.3,45
2005-04-09,4.0,8.0,76,0.70,271,1.97,2.0,18.8,13.8,50
2005-04-10,4.4,10.8,60,0.00,259,2.72,0.0,14.9,9.5,33
2005-04-11,6.0,12.2,49,0.00,115,3.19,0.0,26.3,17.3,34
2005-04-12,6.3,11.5,61,2.90,121,2.40,9.0,26.5,18.3,37
2005-04-13,4.5,10.1,79,5.90,131,1.86,7.0,19.4,12.8,47
2005-04-14,3.3,9.6,79,1.40,326,1.47,4.0,15.3,7.6,49
2005-04-15,3.4,9.6,68,0.30,296,2.42,2.0,14.8,11.7,37
2005-04-16,5.4,11.9,52,0.00,130,2.86,0.0,20.6,16.2,38
2005-04-17,7.2,11.8,63,0.00,246,2.97,0.0,24.7,19.7,37
2005-04-18,3.9,9.8,66,0.00,294,2.67,0.0,18.9,9.5,43
2005-04-19,7.0,14.9,58,0.00,196,3.20,0.0,12.7,10.1,33
2005-04-20,10.6,16.5,64,0.00,266,3.58,0.0,16.6,11.1,38
2005-04-21,10.8,18.4,55,0.00,100,3.85,0.0,11.8,8.7,28
2005-04-22,12.1,19.3,51,0.00,154,4.21,0.0,20.9,16.3,31
2005-04-23,10.4,16.2,73,0.00,336,3.34,0.0,16.8,10.4,40
2005-04-24,10.7,18.2,58,0.00,49,3.79,0.0,9.0,6.8,32
2005-04-25,11.6,18.0,57,0.00,273,3.96,0.0,24.2,10.0,33
2005-04-26,6.7,16.1,64,1.50,10,2.17,6.0,26.4,14.1,38
2005-04-27,1.2,4.6,54,0.00,1,2.42,0.0,24.0,16.2,39
2005-04-28,-0.2,3.7,50,0.00,1,2.47,0.0,20.8,16.4,33
2005-04-29,-0.8,3.0,50,0.90,343,1.97,6.0,23.8,19.7,37
2005-04-30,-0.8,2.0,59,0.00,11,1.86,0.0,21.6,13.1,46
2005-05-01,0.1,5.7,55,0.00,66,2.39,0.0,12.5,8.6,35
2005-05-02,3.1,10.0,54,0.00,119,3.13,0.0,9.0,6.7,32
2005-05-03,4.3,10.0,63,0.30,141,2.22,2.0,14.3,7.7,33
2005-05-04,7.6,15.8,64,0.00,249,3.51,0.0,7.6,5.9,35
2005-05-05,9.6,16.9,62,0.00,152,3.23,0.0,13.9,8.9,34
2005-05-06,9.5,15.7,70,0.00,45,2.78,0.0,23.3,14.0,43
2005-05-07,8.5,13.2,52,0.00,48,3.71,0.0,17.9,12.6,29
2005-05-08,9.0,15.2,56,0.00,122,3.34,0.0,10.4,5.4,29
2005-05-09,9.4,14.0,74,0.70,44,3.07,4.0,19.2,9.5,46
2005-05-10,4.5,11.8,44,0.00,79,3.80,0.0,20.6,15.7,32
2005-05-11,6.9,16.5,49,0.00,135,4.16,0.0,20.2,15.8,33
2005-05-12,11.6,18.5,74,0.90,248,3.71,4.0,15.0,8.7,40
2005-05-13,8.3,16.5,56,0.60,63,3.92,1.0,22.2,13.6,29
2005-05-14,9.0,17.9,47,0.00,136,4.66,0.0,19.7,17.8,30
2005-05-15,14.9,21.9,64,0.10,161,4.20,1.0,14.0,5.4,40
2005-05-16,15.0,22.0,64,0.00,124,3.37,0.0,16.6,11.3,40
2005-05-17,12.3,19.5,93,21.50,34,0.83,17.0,16.9,10.1,52
2005-05-18,8.8,13.9,89,13.70,270,1.85,12.0,15.7,11.7,58
2005-05-19,9.9,13.7,87,2.30,71,2.21,8.0,12.4,7.8,59
2005-05-20,11.6,16.7,70,0.00,246,3.77,0.0,16.6,12.1,41
2005-05-21,11.3,15.8,63,0.00,247,3.96,0.0,19.0,14.5,46
2005-05-22,10.7,16.7,73,0.00,114,3.01,0.0,23.5,7.4,42
2005-05-23,9.3,14.5,91,6.00,304,1.78,18.0,14.8,9.9,60
2005-05-24,8.2,12.5,71,0.20,330,2.42,1.0,19.6,12.6,57
2005-05-25,8.6,13.0,69,0.00,315,2.90,0.0,22.7,16.2,46
2005-05-26,10.2,16.3,68,0.00,328,4.06,0.0,18.1,8.1,38
2005-05-27,12.4,19.3,60,0.00,87,4.59,0.0,12.3,7.7,33
2005-05-28,13.0,19.1,56,0.00,104,4.86,0.0,14.8,11.7,34
2005-05-29,13.4,19.3,66,0.00,138,4.62,0.0,21.2,18.5,41
2005-05-30,15.4,22.1,54,0.00,146,5.70,0.0,20.6,18.8,35
2005-05-31,17.2,23.0,55,0.00,147,5.81,0.0,19.7,14.8,31
2005-06-01,16.9,22.2,55,0.00,122,4.72,0.0,16.1,12.2,32
2005-06-02,17.6,23.2,65,0.00,28,4.75,0.0,12.4,8.6,41
2005-06-03,16.2,21.6,72,0.10,71,3.94,1.0,15.3,7.5,46
2005-06-04,15.2,19.0,75,0.00,129,2.66,0.0,12.6,8.8,59
2005-06-05,14.8,19.9,69,0.00,119,3.66,0.0,14.5,11.2,42
2005-06-06,15.2,19.4,66,0.00,77,3.87,0.0,16.3,10.6,44
2005-06-07,15.2,19.7,67,0.00,116,4.36,0.0,13.0,8.8,43
2005-06-08,15.9,20.2,65,0.00,111,4.19,0.0,9.2,5.8,44
2005-06-09,16.8,22.0,64,0.30,268,4.38,1.0,14.7,8.5,44
2005-06-10,16.2,19.7,80,0.50,30,3.28,5.0,11.5,6.7,58
2005-06-11,12.9,18.3,83,8.10,67,1.76,17.0,23.5,15.9,70
2005-06-12,8.0,11.8,94,7.30,36,0.75,24.0,25.6,18.2,87
2005-06-13,9.6,11.8,92,6.60,55,0.95,20.0,13.5,7.9,87
2005-06-14,11.9,17.1,83,0.40,257,3.14,3.0,13.4,8.8,53
2005-06-15,12.2,15.5,88,9.10,242,2.33,11.0,19.3,8.9,67
2005-06-16,13.0,16.7,75,0.00,263,3.70,0.0,19.5,13.7,53
2005-06-17,14.0,17.3,63,0.00,41,3.97,0.0,16.5,12.6,49
2005-06-18,12.3,17.1,68,0.00,46,3.58,0.0,18.2,13.4,49
2005-06-19,12.6,18.7,75,0.20,275,3.50,2.0,21.9,12.1,44
2005-06-20,12.8,18.1,66,0.00,212,3.88,0.0,17.4,10.2,49
2005-06-21,17.2,25.7,70,0.00,160,4.81,0.0,18.1,14.0,36
2005-06-22,16.5,25.4,78,17.70,348,2.14,9.0,14.1,9.6,38
2005-06-23,10.0,15.5,92,28.50,310,1.17,24.0,28.0,22.2,69
2005-06-24,10.9,17.8,76,0.30,174,3.65,2.0,18.6,11.6,48
2005-06-25,13.1,17.1,80,6.70,90,2.36,12.0,18.8,11.3,54
2005-06-26,11.9,15.3,83,0.30,49,2.26,2.0,18.3,11.5,55
2005-06-27,13.1,16.3,71,0.10,77,3.19,1.0,14.4,12.2,54
2005-06-28,13.2,15.5,98,22.60,107,1.08,24.0,13.0,9.5,86
2005-06-29,14.6,21.0,86,0.70,136,3.43,2.0,9.1,5.5,50
2005-06-30,17.0,20.9,76,0.70,155,3.68,1.0,12.5,7.4,51
2005-07-01,15.3,19.2,92,3.60,233,2.50,9.0,12.3,5.2,73
2005-07-02,15.4,18.8,78,0.20,267,3.72,1.0,19.2,13.4,53
2005-07-03,15.7,19.7,66,0.00,259,4.43,0.0,21.4,15.4,55
2005-07-04,17.2,21.7,67,0.00,230,4.59,0.0,15.3,11.5,48
2005-07-05,19.6,25.9,72,0.00,188,4.77,0.0,10.5,7.8,47
2005-07-06,18.3,25.1,86,12.70,230,3.14,9.0,27.1,7.3,54
2005-07-07,15.9,20.1,65,1.90,251,4.89,2.0,30.3,24.2,43
2005-07-08,17.0,22.4,57,0.00,228,5.18,0.0,24.2,13.9,42
2005-07-09,17.0,21.2,69,0.10,256,4.53,1.0,23.1,14.9,43
2005-07-10,15.6,20.6,64,0.00,241,4.92,0.0,22.0,18.3,44
2005-07-11,16.0,21.0,71,0.10,226,4.32,1.0,13.6,9.8,49
2005-07-12,17.3,23.5,74,0.70,163,4.52,1.0,12.4,9.7,43
2005-07-13,15.8,20.1,84,1.70,232,3.73,5.0,18.3,12.7,56
2005-07-14,17.2,20.8,63,0.80,265,4.78,2.0,25.6,21.4,48
2005-07-15,16.1,21.1,69,1.10,247,2.98,6.0,16.6,12.1,46
2005-07-16,14.1,17.2,92,32.10,322,1.71,21.0,14.8,8.4,69
2005-07-17,16.7,21.8,76,0.00,281,4.03,0.0,17.1,13.2,56
2005-07-18,17.9,21.6,72,1.10,248,3.78,3.0,26.5,16.7,53
2005-07-19,13.3,16.6,83,3.60,279,2.46,10.0,24.9,18.8,70
2005-07-20,14.5,19.0,79,1.00,277,3.57,3.0,15.1,7.3,57
2005-07-21,14.5,18.8,90,5.80,252,3.06,16.0,6.6,2.8,69
2005-07-22,16.3,21.8,79,2.00,117,3.09,4.0,15.0,12.1,62
2005-07-23,14.1,20.9,94,37.50,18,0.90,21.0,24.7,18.3,72
2005-07-24,10.2,14.3,82,2.50,330,2.42,10.0,24.5,12.6,59
2005-07-25,13.0,17.1,80,1.20,262,2.96,4.0,15.6,10.8,58
2005-07-26,13.0,17.1,87,2.20,314,2.53,9.0,19.1,6.1,64
2005-07-27,13.8,19.3,86,0.10,154,3.05,1.0,9.5,5.2,55
2005-07-28,15.7,21.0,84,8.10,183,3.01,10.0,15.3,9.6,63
2005-07-29,17.6,23.0,77,0.00,231,4.08,0.0,13.8,10.5,51
2005-07-30,17.7,22.2,76,0.70,235,4.01,1.0,16.1,10.4,52
2005-07-31,18.9,23.0,80,0.10,121,3.88,1.0,14.7,8.9,54
2005-08-01,19.5,23.4,74,0.00,159,4.02,0.0,25.3,16.6,55
2005-08-02,14.7,19.7,69,5.20,253,2.54,8.0,40.4,23.2,57
2005-08-03,14.4,19.5,76,1.90,278,3.51,7.0,32.1,23.3,54
2005-08-04,17.3,25.5,69,0.00,207,4.37,0.0,13.7,10.2,43
2005-08-05,19.2,25.1,69,0.00,251,4.12,0.0,24.0,15.3,54
2005-08-06,18.3,23.2,67,0.00,253,4.28,0.0,18.7,11.0,49
2005-08-07,16.2,20.1,81,2.20,273,2.84,8.0,22.7,17.7,64
2005-08-08,14.0,17.1,80,3.10,309,2.91,7.0,16.4,11.0,53
2005-08-09,13.6,16.7,76,1.50,309,2.88,4.0,16.8,13.6,54
2005-08-10,13.4,16.3,69,0.10,297,3.04,1.0,16.9,8.7,51
2005-08-11,13.9,16.2,74,4.40,305,2.99,11.0,26.5,22.6,56
2005-08-12,11.3,14.2,74,0.00,345,2.29,0.0,22.8,13.4,58
2005-08-13,13.0,17.9,77,2.30,268,2.22,7.0,18.8,14.0,59
2005-08-14,12.4,14.3,85,0.20,310,2.33,1.0,17.9,15.5,62
2005-08-15,10.3,13.2,65,0.00,350,2.38,0.0,15.8,10.2,54
2005-08-16,9.9,12.2,78,2.00,126,1.13,10.0,15.5,9.6,55
2005-08-17,9.3,11.9,89,9.80,349,1.60,18.0,18.4,10.5,79
2005-08-18,8.9,13.0,90,12.10,349,1.54,19.0,23.8,19.4,65
2005-08-19,11.3,18.9,79,0.00,114,3.08,0.0,12.8,7.9,53
2005-08-20,13.9,20.6,82,0.90,141,2.50,3.0,20.2,13.7,59
2005-08-21,17.7,24.4,82,0.00,180,3.54,0.0,15.8,10.2,58
2005-08-22,14.5,21.6,76,3.30,263,3.03,6.0,25.2,19.1,53
2005-08-23,13.4,17.0,76,0.00,267,2.87,0.0,10.3,7.7,56
2005-08-24,13.3,17.6,81,0.20,348,2.50,1.0,12.3,9.5,54
2005-08-25,14.4,20.2,73,0.00,292,3.49,0.0,10.5,6.0,45
2005-08-26,15.8,23.2,74,0.00,194,3.57,0.0,12.2,8.2,51
2005-08-27,18.1,23.9,64,0.00,239,3.95,0.0,14.1,10.2,44
2005-08-28,18.8,24.0,68,0.00,140,4.17,0.0,22.7,16.3,53
2005-08-29,13.5,22.4,87,13.60,352,1.03,18.0,22.9,16.2,65
2005-08-30,9.1,16.6,85,1.30,284,2.29,8.0,21.7,14.3,60
2005-08-31,13.0,17.0,74,0.00,247,2.96,0.0,20.5,15.6,50
2005-09-01,13.3,17.1,64,0.00,244,3.26,0.0,15.4,11.8,50
2005-09-02,13.6,18.6,79,0.40,149,2.53,4.0,15.8,9.6,55
2005-09-03,13.1,17.1,81,0.40,240,2.33,1.0,15.1,10.8,56
2005-09-04,11.6,15.2,72,0.00,251,2.70,0.0,16.7,13.8,55
2005-09-05,11.8,16.7,75,0.00,248,2.66,0.0,14.6,10.8,51
2005-09-06,12.5,17.5,66,0.00,248,3.13,0.0,15.8,12.8,43
2005-09-07,12.9,19.1,72,0.00,207,2.51,0.0,17.4,10.1,48
2005-09-08,14.2,17.9,70,0.20,239,2.79,1.0,23.8,15.8,52
2005-09-09,11.0,16.2,82,1.00,318,1.46,5.0,19.3,12.0,54
2005-09-10,9.7,11.4,87,1.40,11,0.94,7.0,20.5,16.3,73
2005-09-11,8.6,11.3,77,0.00,8,1.54,0.0,11.5,5.9,61
2005-09-12,9.2,11.2,82,6.30,306,1.50,17.0,27.2,19.3,62
2005-09-13,7.7,10.1,86,4.40,65,0.85,9.0,22.6,11.7,67
2005-09-14,6.9,8.5,98,16.60,92,0.34,22.0,20.2,14.8,94
2005-09-15,6.1,8.3,90,0.60,131,0.76,4.0,14.8,10.5,74
2005-09-16,7.7,11.7,85,2.70,236,1.26,14.0,13.2,9.2,53
2005-09-17,9.8,15.5,72,0.00,227,2.28,0.0,14.5,11.9,53
2005-09-18,11.5,16.8,63,0.00,238,2.75,0.0,16.9,14.2,44
2005-09-19,11.5,16.2,65,0.00,246,2.55,0.0,26.4,17.2,47
2005-09-20,10.1,13.1,59,0.00,259,2.98,0.0,27.2,22.4,52
2005-09-21,8.7,11.8,69,0.00,264,2.13,0.0,19.8,16.1,58
2005-09-22,7.7,11.3,80,0.00,262,1.64,0.0,13.8,9.2,61
2005-09-23,7.2,11.3,78,0.10,262,1.73,1.0,15.3,11.8,50
2005-09-24,8.3,13.0,64,0.00,246,2.25,0.0,18.2,15.1,55
2005-09-25,10.6,13.7,68,0.00,258,2.37,0.0,32.8,21.4,54
2005-09-26,8.0,12.5,76,1.10,277,1.06,5.0,22.7,9.5,55
2005-09-27,5.6,10.0,82,0.00,280,1.55,0.0,17.3,11.9,53
2005-09-28,6.6,13.0,70,0.30,170,1.39,1.0,19.7,12.5,50
2005-09-29,10.8,13.3,62,0.00,255,2.65,0.0,30.1,20.9,50
2005-09-30,8.6,12.2,69,0.00,261,1.83,0.0,17.7,13.3,58
2005-10-01,5.8,10.5,85,0.20,113,0.90,2.0,16.3,11.4,65
2005-10-02,3.9,6.7,85,0.00,57,0.74,0.0,15.2,10.4,66
2005-10-03,2.4,6.4,85,0.00,98,1.07,0.0,12.7,8.7,62
2005-10-04,2.0,5.5,83,0.00,132,0.92,0.0,19.5,15.1,65
2005-10-05,2.2,6.5,81,0.00,140,1.05,0.0,27.1,22.7,66
2005-10-06,4.1,9.1,84,0.00,147,1.06,0.0,22.3,16.7,65
2005-10-07,4.6,7.6,92,1.20,188,0.56,5.0,18.9,12.6,75
2005-10-08,6.2,10.6,75,0.00,253,1.46,0.0,17.7,15.2,54
2005-10-09,5.8,12.1,73,0.00,213,1.46,0.0,12.3,9.6,49
2005-10-10,7.8,12.5,65,0.40,154,1.72,1.0,22.6,14.7,55
2005-10-11,6.9,10.7,79,0.00,261,1.37,0.0,21.6,15.9,50
2005-10-12,6.4,12.7,72,0.00,150,1.46,0.0,18.1,12.9,53
2005-10-13,7.0,10.3,81,0.40,254,1.01,2.0,22.0,11.3,61
2005-10-14,6.3,9.6,70,0.00,260,1.42,0.0,17.8,13.0,48
2005-10-15,6.5,8.7,66,0.00,117,1.37,0.0,24.3,16.6,59
2005-10-16,5.0,7.8,76,0.00,273,1.15,0.0,20.5,17.1,55
2005-10-17,4.4,7.8,85,2.40,233,0.60,8.0,10.2,7.8,63
2005-10-18,5.2,10.4,88,2.00,259,0.76,6.0,14.4,7.4,55
2005-10-19,3.7,9.0,87,0.00,147,0.54,0.0,14.0,9.1,63
2005-10-20,3.4,6.1,85,0.70,281,0.83,3.0,24.4,17.0,58
2005-10-21,2.6,6.8,75,0.00,255,1.00,0.0,16.2,7.6,52
2005-10-22,1.2,6.3,77,0.00,134,1.04,0.0,26.8,21.8,60
2005-10-23,3.5,9.8,83,0.00,154,0.97,0.0,26.9,12.1,63
2005-10-24,5.6,12.4,85,0.00,134,0.91,0.0,8.7,6.8,62
2005-10-25,6.5,11.3,83,0.00,134,1.04,0.0,21.9,18.5,66
2005-10-26,6.8,9.4,75,0.00,185,1.30,0.0,32.6,22.0,38
2005-10-27,4.2,8.5,57,0.00,211,1.40,0.0,20.4,10.1,39
2005-10-28,2.1,5.6,74,0.00,140,0.88,0.0,20.9,14.8,59
2005-10-29,1.7,7.7,87,0.40,166,0.74,2.0,20.4,12.5,61
2005-10-30,2.9,6.0,61,0.10,249,1.35,1.0,23.0,19.4,52
2005-10-31,0.7,4.5,75,0.00,176,0.63,0.0,12.0,7.7,60
2005-11-01,1.1,5.1,89,0.00,218,0.57,0.0,13.4,8.5,70
2005-11-02,0.5,4.7,92,0.00,161,0.46,0.0,12.6,10.7,73
2005-11-03,-0.5,2.0,92,0.00,143,0.40,0.0,16.7,11.5,79
2005-11-04,-1.3,0.2,91,0.00,126,0.28,0.0,22.2,14.2,74
2005-11-05,-0.9,2.3,87,0.00,157,0.41,0.0,5.7,4.1,63
2005-11-06,-2.1,0.1,87,0.00,138,0.38,0.0,15.3,11.2,65
2005-11-07,-2.0,0.7,82,0.00,151,0.47,0.0,12.9,10.6,62
2005-11-08,-1.9,2.9,77,0.10,183,0.61,1.0,18.5,12.2,44
2005-11-09,-0.2,5.1,63,0.60,185,0.83,3.0,19.1,13.7,55
2005-11-10,5.7,11.1,71,1.10,220,1.01,6.0,22.4,17.7,62
2005-11-11,2.3,3.7,54,0.00,250,1.57,0.0,24.8,22.5,43
2005-11-12,-2.9,0.8,66,0.00,319,0.55,0.0,14.5,9.9,54
2005-11-13,-3.8,-0.6,78,0.00,131,0.43,0.0,17.1,11.7,67
2005-11-14,-5.6,-2.3,73,0.20,339,0.46,2.0,21.4,15.9,52
2005-11-15,-9.6,-7.0,59,0.00,73,0.44,0.0,17.8,9.1,51
2005-11-16,-3.9,2.5,75,1.00,192,0.54,7.0,21.6,16.3,59
2005-11-17,1.6,6.6,81,0.20,256,0.68,2.0,24.7,17.4,54
2005-11-18,6.6,7.5,67,0.80,272,1.59,4.0,38.0,30.2,58
2005-11-19,6.8,12.1,72,0.00,255,1.36,0.0,32.7,25.0,56
2005-11-20,7.3,10.5,65,0.00,271,1.51,0.0,30.1,22.7,59
2005-11-21,2.5,7.8,84,0.60,224,0.49,2.0,17.7,12.8,66
2005-11-22,8.5,11.1,49,0.00,268,2.53,0.0,33.5,25.7,34
2005-11-23,6.9,9.8,56,0.00,270,1.30,0.0,19.6,12.4,47
2005-11-24,2.7,6.4,75,0.00,223,0.49,0.0,10.8,8.0,60
2005-11-25,0.7,4.6,79,0.00,212,0.37,0.0,11.9,8.2,64
2005-11-26,-0.7,0.7,84,0.00,316,0.24,0.0,14.3,6.9,77
2005-11-27,-2.7,-1.1,56,0.00,304,0.78,0.0,14.6,13.2,45
2005-11-28,-6.2,-3.4,69,0.00,317,0.44,0.0,14.5,12.8,53
2005-11-29,-9.5,-8.3,61,0.00,10,0.37,0.0,13.5,9.5,53
2005-11-30,-10.3,-9.1,54,0.00,357,0.41,0.0,10.6,8.5,49
2005-12-01,-11.9,-9.4,65,0.00,109,0.24,0.0,16.3,8.3,52
2005-12-02,-14.1,-12.4,60,0.00,115,0.41,0.0,20.0,18.0,55
2005-12-03,-13.4,-12.0,67,0.00,136,0.23,0.0,15.3,8.5,56
2005-12-04,-14.9,-12.8,72,0.00,146,0.19,0.0,21.7,9.4,56
2005-12-05,-14.8,-13.0,66,2.60,194,0.35,14.0,27.5,22.9,59
2005-12-06,-18.0,-14.9,73,0.00,262,0.14,0.0,18.3,8.9,58
2005-12-07,-15.3,-6.6,64,0.00,161,0.30,0.0,15.5,11.1,47
2005-12-08,-3.0,1.2,78,1.10,258,0.47,4.0,25.9,18.3,61
2005-12-09,3.8,5.3,65,0.40,270,1.35,3.0,37.4,30.1,57
2005-12-10,3.1,7.8,71,0.10,267,0.91,1.0,31.0,22.2,62
2005-12-11,4.1,7.6,78,0.00,275,0.77,0.0,33.4,20.7,63
2005-12-12,-0.2,2.3,79,0.00,232,0.48,0.0,18.2,13.4,58
2005-12-13,-0.5,0.3,82,1.50,289,0.39,8.0,21.7,19.3,73
2005-12-14,-2.0,-0.6,78,0.40,292,0.35,2.0,16.8,14.2,69
2005-12-15,-7.2,-3.5,70,0.00,53,0.26,0.0,15.0,9.1,64
2005-12-16,-11.0,-8.6,66,0.00,117,0.35,0.0,17.1,14.1,58
2005-12-17,-13.0,-10.5,67,0.00,137,0.36,0.0,19.6,17.9,58
2005-12-18,-11.6,-6.2,68,0.00,155,0.31,0.0,18.5,12.4,45
2005-12-19,-8.1,-4.8,77,0.00,261,0.22,0.0,13.3,8.6,51
2005-12-20,-10.2,-6.1,85,0.00,136,0.13,0.0,12.8,9.1,74
2005-12-21,-2.0,5.2,77,0.00,205,0.44,0.0,20.8,15.0,66
2005-12-22,-1.2,1.5,91,0.20,188,0.14,1.0,15.5,8.2,87
2005-12-23,-1.3,3.6,90,0.00,250,0.23,0.0,24.5,14.7,76
2005-12-24,-0.2,2.0,83,0.00,194,0.27,0.0,17.3,11.9,72
2005-12-25,1.2,3.3,86,0.10,170,0.20,1.0,14.6,10.2,79
2005-12-26,-1.4,2.0,95,0.20,244,0.12,2.0,6.9,4.3,88
2005-12-27,-1.9,-0.3,98,0.10,126,0.10,1.0,12.2,10.5,97
2005-12-28,-1.9,-0.1,94,0.00,250,0.12,0.0,14.4,10.7,90
2005-12-29,-4.0,-2.3,94,0.00,154,0.11,0.0,8.7,4.8,87
2005-12-30,-6.4,-3.8,92,0.00,129,0.10,0.0,23.4,13.3,89
2005-12-31,-4.7,-4.3,91,0.00,134,0.13,0.0,23.7,18.5,86
2006-01-01,-3.6,-1.8,90,0.00,136,0.15,0.0,18.4,12.9,83
2006-01-02,-4.2,-2.0,93,0.00,131,0.14,0.0,14.2,10.9,86
2006-01-03,-6.6,-2.0,88,0.00,173,0.16,0.0,9.5,7.1,82
2006-01-04,-7.3,-0.8,81,0.00,231,0.25,0.0,11.9,9.3,58
2006-01-05,-5.4,-1.9,82,0.20,149,0.23,1.0,16.9,12.8,72
2006-01-06,0.1,3.2,61,0.00,255,0.92,0.0,32.2,16.9,51
2006-01-07,-3.8,-1.2,79,0.00,101,0.20,0.0,7.2,4.0,68
2006-01-08,-6.0,-2.3,89,0.00,193,0.16,0.0,9.0,6.3,76
2006-01-09,-4.0,0.9,75,0.00,215,0.40,0.0,21.3,12.2,61
2006-01-10,-4.1,-1.4,70,0.00,241,0.49,0.0,20.4,12.2,62
2006-01-11,-4.2,-1.9,87,1.60,144,0.18,6.0,10.9,8.8,75
2006-01-12,-6.7,-3.2,88,0.00,272,0.18,0.0,14.4,10.7,74
2006-01-13,-9.9,-6.6,88,1.10,121,0.14,5.0,21.6,14.6,83
2006-01-14,-6.7,-3.7,89,0.00,124,0.17,0.0,15.0,10.9,78
2006-01-15,-6.9,-5.0,89,0.00,290,0.15,0.0,6.8,5.1,79
2006-01-16,-7.5,-4.6,87,0.00,260,0.19,0.0,15.2,7.9,70
2006-01-17,-8.7,-4.4,85,4.60,127,0.23,7.0,24.0,16.3,76
2006-01-18,-8.7,-6.0,83,1.20,313,0.18,7.0,16.7,11.3,68
2006-01-19,-16.4,-12.6,73,0.00,301,0.20,0.0,18.5,9.1,56
2006-01-20,-14.3,-10.6,72,0.00,92,0.20,0.0,8.7,7.2,64
2006-01-21,-12.4,-5.6,79,0.20,135,0.24,2.0,12.2,10.4,70
2006-01-22,-2.7,2.3,70,0.00,240,0.79,0.0,26.1,20.2,64
2006-01-23,2.0,4.3,66,1.00,275,1.27,6.0,41.1,28.8,59
2006-01-24,-2.1,3.1,77,1.00,167,0.42,4.0,14.1,9.5,65
2006-01-25,-1.9,3.0,85,0.00,158,0.38,0.0,14.6,10.6,69
2006-01-26,-2.3,0.1,80,0.00,258,0.32,0.0,12.9,10.1,71
2006-01-27,-10.5,-5.8,81,0.00,76,0.21,0.0,13.5,11.2,77
2006-01-28,-9.6,-6.7,88,0.00,128,0.18,0.0,18.2,14.8,83
2006-01-29,-8.2,-2.8,84,0.00,169,0.35,0.0,17.3,12.2,62
2006-01-30,-9.1,-5.3,82,1.70,65,0.23,8.0,17.9,12.3,70
2006-01-31,-12.2,-7.6,85,0.40,109,0.23,2.0,15.4,11.0,75
2006-02-01,-10.1,-5.7,88,0.00,129,0.24,0.0,18.3,16.1,83
2006-02-02,-6.1,2.3,86,0.00,173,0.41,0.0,15.0,10.1,68
2006-02-03,-4.1,3.1,76,0.00,207,0.55,0.0,11.9,10.5,62
2006-02-04,-4.7,0.8,82,2.50,121,0.33,7.0,22.7,16.7,72
2006-02-05,-5.7,-3.4,87,3.90,295,0.28,20.0,27.4,17.9,74
2006-02-06,-12.0,-5.8,80,0.00,282,0.40,0.0,24.2,9.6,61
2006-02-07,-10.6,-3.8,80,0.00,130,0.37,0.0,18.8,15.0,66
2006-02-08,-2.0,2.6,77,0.30,207,0.80,2.0,30.6,19.5,60
2006-02-09,-2.4,1.5,70,0.00,285,0.94,0.0,27.5,25.5,65
2006-02-10,-7.8,-1.0,78,0.00,262,0.51,0.0,18.3,11.6,47
2006-02-11,-2.7,5.1,57,0.00,254,1.03,0.0,18.7,11.2,30
2006-02-12,-0.6,3.6,66,0.00,250,1.12,0.0,23.8,18.0,55
2006-02-13,1.6,3.2,65,0.00,272,1.37,0.0,33.5,27.5,54
2006-02-14,-7.0,-0.4,72,0.60,320,0.56,4.0,21.3,16.6,54
2006-02-15,-13.5,-11.7,74,0.00,316,0.36,0.0,24.8,15.4,56
2006-02-16,-24.6,-15.9,68,0.00,5,0.27,0.0,25.6,11.6,50
2006-02-17,-21.5,-9.6,54,0.00,259,0.48,0.0,16.2,12.4,38
2006-02-18,-10.8,-7.1,72,0.00,280,0.47,0.0,13.0,11.7,47
2006-02-19,-7.0,-2.9,80,0.00,262,0.58,0.0,17.0,14.1,64
2006-02-20,-5.7,-1.3,82,1.10,274,0.47,7.0,23.7,13.1,71
2006-02-21,-4.1,-1.5,84,1.80,296,0.48,5.0,17.2,10.2,68
2006-02-22,-9.1,-4.0,82,1.20,69,0.49,6.0,10.2,7.8,62
2006-02-23,-12.1,-6.4,75,0.00,289,0.55,0.0,9.4,6.1,50
2006-02-24,-13.2,-7.9,78,0.80,103,0.38,5.0,14.7,11.9,61
2006-02-25,-16.4,-9.1,77,0.00,308,0.41,0.0,14.0,7.8,53
2006-02-26,-17.6,-10.8,75,0.00,125,0.37,0.0,16.2,12.7,66
2006-02-27,-13.9,-10.9,80,1.30,115,0.30,7.0,28.6,20.9,69
2006-02-28,-12.5,-6.0,75,0.40,194,0.56,3.0,16.9,8.9,55
2006-03-01,-10.3,-6.8,74,0.00,51,0.62,0.0,11.4,9.7,55
2006-03-02,-13.6,-7.5,77,0.00,96,0.54,0.0,16.9,13.6,60
2006-03-03,-13.0,-8.6,80,1.00,119,0.40,5.0,20.8,19.4,68
2006-03-04,-11.2,-6.8,78,0.00,123,0.61,0.0,19.8,15.7,64
2006-03-05,-10.9,-3.6,78,0.00,129,0.75,0.0,14.9,12.0,60
2006-03-06,-6.4,2.8,80,0.00,131,1.03,0.0,18.6,13.2,56
2006-03-07,-4.2,4.3,82,0.00,133,1.13,0.0,15.3,11.0,57
2006-03-08,-1.4,3.4,76,0.00,179,1.00,0.0,17.1,13.0,56
2006-03-09,-1.4,2.9,86,8.20,198,0.57,17.0,24.5,15.2,62
2006-03-10,-4.1,-1.2,79,4.30,281,0.60,20.0,17.7,14.6,72
2006-03-11,-6.3,-4.4,81,1.90,8,0.69,7.0,14.2,10.9,60
2006-03-12,-8.9,-4.7,80,0.00,78,0.68,0.0,12.1,9.2,58
2006-03-13,-11.3,-5.2,77,0.00,130,0.80,0.0,14.6,11.9,56
2006-03-14,-11.8,-5.4,78,0.00,116,0.65,0.0,19.4,14.4,60
2006-03-15,-9.5,-5.5,80,0.00,128,0.61,0.0,25.0,16.9,66
2006-03-16,-8.7,-5.1,79,0.00,127,0.69,0.0,23.2,18.7,67
2006-03-17,-7.9,-4.0,82,0.20,119,0.53,1.0,26.7,22.2,70
2006-03-18,-6.2,-4.2,83,4.70,120,0.63,18.0,18.2,11.6,67
2006-03-19,-8.3,-3.4,80,1.60,238,0.96,8.0,12.6,7.0,60
2006-03-20,-4.9,-1.5,82,0.00,138,0.83,0.0,21.4,18.0,68
2006-03-21,-3.4,-0.6,82,0.00,126,0.78,0.0,26.1,21.7,69
2006-03-22,-2.4,1.2,83,0.00,127,0.90,0.0,25.2,21.0,69
2006-03-23,-2.5,2.4,84,0.00,130,1.21,0.0,21.9,16.8,65
2006-03-24,-2.0,2.3,85,0.00,127,1.08,0.0,23.5,19.3,66
2006-03-25,-0.1,4.9,84,0.00,133,1.32,0.0,25.7,14.6,65
2006-03-26,-0.1,3.9,87,0.00,198,1.10,0.0,12.0,7.7,63
2006-03-27,0.8,4.8,70,0.00,257,1.74,0.0,17.0,13.5,52
2006-03-28,-1.7,4.3,76,0.00,295,1.44,0.0,10.4,6.8,57
2006-03-29,-2.6,4.5,72,0.00,110,1.52,0.0,15.3,11.2,52
2006-03-30,1.1,6.9,82,0.00,152,1.76,0.0,18.1,12.2,60
2006-03-31,1.1,7.4,76,0.00,189,2.01,0.0,10.6,7.3,46
2006-04-01,2.1,6.6,63,0.00,65,2.01,0.0,12.2,8.3,51
2006-04-02,1.3,7.3,74,0.00,113,1.88,0.0,19.4,15.1,54
2006-04-03,3.7,12.6,77,0.00,173,2.29,0.0,19.2,12.0,31
2006-04-04,5.5,14.5,63,0.00,126,2.57,0.0,9.6,6.1,33
2006-04-05,5.7,13.0,69,0.00,129,2.66,0.0,16.7,11.9,35
2006-04-06,4.4,12.1,81,5.30,127,0.97,9.0,23.2,19.3,36
2006-04-07,6.1,13.9,84,0.20,168,2.21,1.0,20.1,10.5,31
2006-04-08,5.8,13.4,73,0.00,125,2.33,0.0,18.9,11.6,33
2006-04-09,6.4,12.3,74,0.70,160,2.58,5.0,19.4,14.8,33
2006-04-10,5.2,11.9,57,0.00,243,2.73,0.0,14.4,11.5,35
2006-04-11,6.6,11.7,56,0.00,207,2.66,0.0,9.8,5.6,37
2006-04-12,6.2,14.6,62,0.00,137,2.71,0.0,14.7,9.2,35
2006-04-13,5.4,12.2,63,0.40,257,2.46,3.0,23.9,16.2,35
2006-04-14,7.3,15.0,53,0.00,159,3.15,0.0,15.0,9.6,32
2006-04-15,4.7,13.7,57,0.30,269,2.77,2.0,26.9,14.6,28
2006-04-16,2.9,8.1,57,0.40,150,2.22,2.0,10.7,6.1,30
2006-04-17,3.7,9.7,52,0.00,245,2.83,0.0,14.3,10.3,30
2006-04-18,6.4,13.8,44,0.00,211,3.75,0.0,15.3,11.2,22
2006-04-19,7.4,14.5,44,0.00,146,3.91,0.0,20.3,15.9,24
2006-04-20,10.2,18.8,49,0.00,168,3.96,0.0,20.4,10.9,28
2006-04-21,10.3,17.9,62,0.00,230,2.80,0.0,15.1,10.4,36
2006-04-22,3.0,10.4,80,8.60,299,1.57,15.0,23.8,19.2,47
2006-04-23,4.6,13.8,51,0.00,223,3.38,0.0,13.1,7.7,23
2006-04-24,8.6,19.2,43,0.00,143,4.24,0.0,16.3,9.6,24
2006-04-25,10.5,18.8,50,0.00,133,4.30,0.0,18.4,12.7,26
2006-04-26,11.6,17.7,47,0.00,206,4.41,0.0,19.2,10.2,25
2006-04-27,9.1,16.6,64,1.50,278,3.32,6.0,21.1,15.8,35
2006-04-28,10.6,21.1,53,0.00,180,4.20,0.0,13.2,10.8,31
2006-04-29,12.3,20.4,50,0.00,234,3.53,0.0,22.6,14.7,36
2006-04-30,7.3,11.9,68,4.60,291,2.99,5.0,16.5,10.1,30
2006-05-01,7.5,11.7,52,0.00,341,3.39,0.0,16.5,9.2,30
2006-05-02,6.0,10.6,54,0.00,349,3.02,0.0,28.1,22.2,42
2006-05-03,4.8,11.9,54,0.00,35,3.53,0.0,19.8,6.6,23
2006-05-04,9.1,16.4,44,0.00,212,4.36,0.0,20.1,14.4,23
2006-05-05,13.1,19.0,52,0.00,238,4.41,0.0,17.4,12.1,33
2006-05-06,12.4,19.1,58,0.20,247,3.47,1.0,18.6,11.7,38
2006-05-07,10.8,15.5,52,0.00,247,4.04,0.0,17.0,12.3,35
2006-05-08,6.6,12.4,84,9.60,269,1.27,12.0,26.3,17.1,62
2006-05-09,3.9,4.8,97,16.90,301,0.44,24.0,27.2,24.3,87
2006-05-10,6.9,15.1,75,0.30,268,3.09,2.0,20.3,6.8,41
2006-05-11,10.9,17.0,67,0.00,137,3.64,0.0,15.8,11.6,40
2006-05-12,9.5,15.6,70,5.50,116,2.19,6.0,18.1,15.2,48
2006-05-13,6.7,13.0,81,3.20,263,2.46,3.0,17.1,9.8,42
2006-05-14,9.7,15.9,69,0.00,145,3.56,0.0,10.5,6.0,38
2006-05-15,12.5,19.5,61,0.00,146,4.42,0.0,13.4,7.7,31
2006-05-16,14.2,22.1,55,0.00,100,4.74,0.0,13.0,9.4,33
2006-05-17,17.2,23.2,63,0.00,197,5.10,0.0,18.8,13.2,40
2006-05-18,16.2,23.0,54,0.00,280,4.80,0.0,16.9,10.5,42
2006-05-19,14.9,19.8,60,0.00,86,4.01,0.0,19.9,12.3,37
2006-05-20,10.8,18.7,72,2.20,111,2.58,7.0,29.5,25.9,40
2006-05-21,10.8,18.7,76,5.20,138,3.65,7.0,24.5,15.1,48
2006-05-22,14.1,21.4,80,2.50,121,3.99,4.0,11.1,5.9,44
2006-05-23,14.4,21.1,77,5.20,56,2.07,10.0,22.3,15.6,47
2006-05-24,11.1,13.4,92,6.30,350,1.28,19.0,9.0,5.7,69
2006-05-25,10.4,13.8,86,9.50,110,1.44,14.0,15.1,8.8,68
2006-05-26,9.9,13.7,85,2.00,79,2.32,10.0,13.0,8.4,63
2006-05-27,9.8,13.8,83,2.90,29,3.10,4.0,13.4,7.6,53
2006-05-28,11.4,15.6,71,0.00,128,3.57,0.0,13.5,9.2,52
2006-05-29,12.1,16.5,71,0.10,301,3.53,1.0,19.4,9.0,53
2006-05-30,12.0,16.0,80,0.10,304,3.13,1.0,14.8,11.7,62
2006-05-31,13.6,20.8,75,0.70,239,4.27,3.0,13.6,9.9,42
2006-06-01,17.4,24.5,62,0.00,173,5.00,0.0,11.2,6.9,34
2006-06-02,18.8,24.5,64,0.20,147,4.58,1.0,11.9,8.5,40
2006-06-03,16.5,23.3,78,25.70,265,3.18,12.0,29.8,17.1,40
2006-06-04,15.1,20.0,48,0.00,246,6.01,0.0,28.1,22.5,36
2006-06-05,15.4,19.8,54,0.10,253,4.84,1.0,19.6,15.3,39
2006-06-06,11.2,16.7,78,5.00,301,2.64,8.0,18.1,13.6,54
2006-06-07,12.2,18.4,69,0.10,113,3.95,1.0,14.2,12.0,52
2006-06-08,14.3,17.9,68,0.30,127,3.43,1.0,25.5,19.1,56
2006-06-09,10.6,13.8,90,9.10,121,1.47,18.0,21.5,11.9,70
2006-06-10,13.0,18.4,76,0.20,243,3.39,2.0,16.3,6.5,52
2006-06-11,11.9,16.3,81,2.00,29,2.43,11.0,17.7,15.9,62
2006-06-12,12.3,16.4,74,0.00,117,2.66,0.0,16.3,11.5,59
2006-06-13,14.8,19.3,73,0.00,139,3.58,0.0,23.3,20.2,62
2006-06-14,18.2,23.0,78,0.00,134,4.24,0.0,21.1,17.7,60
2006-06-15,18.7,21.6,76,0.00,120,3.48,0.0,17.7,9.3,57
2006-06-16,15.6,19.4,95,22.50,256,1.08,20.0,20.5,13.0,72
2006-06-17,13.6,15.2,84,9.90,281,1.96,19.0,29.0,23.3,69
2006-06-18,14.7,17.0,75,2.20,276,2.47,10.0,20.2,17.1,66
2006-06-19,15.7,19.7,76,0.80,269,3.68,1.0,14.4,12.3,54
2006-06-20,15.3,18.3,77,2.30,278,3.67,3.0,26.4,17.5,60
2006-06-21,14.9,19.2,68,0.00,280,4.36,0.0,24.8,16.2,49
2006-06-22,15.9,19.7,59,0.00,256,5.20,0.0,17.9,14.0,40
2006-06-23,15.9,19.6,59,0.00,260,5.19,0.0,19.1,14.1,38
2006-06-24,17.1,23.8,59,0.00,230,5.30,0.0,17.6,9.6,36
2006-06-25,19.2,23.2,65,0.00,268,5.17,0.0,14.0,9.8,45
2006-06-26,20.2,27.0,65,0.00,135,5.38,0.0,14.6,10.4,46
2006-06-27,22.4,28.7,68,0.00,150,5.86,0.0,18.3,14.3,48
2006-06-28,21.5,26.4,71,0.80,323,4.93,1.0,21.3,12.8,49
2006-06-29,18.3,23.4,49,0.70,268,6.25,3.0,29.0,19.7,25
2006-06-30,17.7,21.8,48,0.00,257,5.96,0.0,22.5,15.4,28
2006-07-01,18.1,22.6,60,0.20,286,5.07,1.0,17.7,12.5,41
2006-07-02,20.0,25.2,63,0.10,288,5.21,1.0,16.8,8.2,39
2006-07-03,21.1,28.2,63,0.00,122,5.48,0.0,10.4,7.9,35
2006-07-04,23.8,30.5,60,0.00,149,6.11,0.0,13.5,10.1,34
2006-07-05,22.7,30.1,69,3.80,45,4.50,4.0,17.2,10.3,35
2006-07-06,19.1,21.7,85,1.30,54,2.71,6.0,16.5,9.2,69
2006-07-07,18.3,22.1,78,21.30,261,3.73,14.0,29.5,15.3,36
2006-07-08,17.4,22.8,52,0.80,276,6.03,2.0,30.3,18.4,37
2006-07-09,19.2,23.5,71,1.50,205,3.65,4.0,12.0,8.9,43
2006-07-10,18.0,23.5,90,12.00,90,1.58,13.0,13.1,6.6,49
2006-07-11,14.0,17.4,87,14.90,274,1.59,24.0,37.8,23.8,73
2006-07-12,14.6,19.2,82,0.60,288,2.65,4.0,19.3,5.8,64
2006-07-13,16.1,19.7,85,7.00,197,2.97,12.0,19.0,8.9,64
2006-07-14,15.1,20.5,69,2.10,250,4.39,2.0,24.0,18.1,43
2006-07-15,16.4,20.3,67,0.00,248,4.64,0.0,19.8,15.2,47
2006-07-16,16.1,19.9,59,0.00,261,4.70,0.0,24.4,19.5,49
2006-07-17,17.4,21.9,69,0.50,237,4.25,1.0,17.4,9.0,49
2006-07-18,16.3,19.6,77,2.50,266,3.54,4.0,20.8,16.6,62
2006-07-19,14.8,19.8,83,3.60,279,2.60,7.0,16.8,9.2,57
2006-07-20,18.5,23.8,71,0.00,213,4.53,0.0,14.0,8.4,47
2006-07-21,21.1,26.4,64,0.00,250,5.51,0.0,18.5,14.2,47
2006-07-22,23.5,29.7,67,0.00,239,5.57,0.0,14.5,10.7,43
2006-07-23,24.1,29.1,68,0.00,113,5.35,0.0,17.5,11.8,38
2006-07-24,21.6,28.5,74,5.30,337,3.81,6.0,15.8,9.9,42
2006-07-25,20.8,25.6,70,0.10,212,4.28,1.0,10.1,7.2,50
2006-07-26,20.6,24.2,75,1.50,265,3.28,5.0,16.3,9.3,53
2006-07-27,17.8,21.3,77,0.40,274,3.21,2.0,18.5,12.0,62
2006-07-28,17.8,21.7,78,0.00,98,3.56,0.0,11.7,8.3,57
2006-07-29,16.3,21.5,88,18.80,79,1.18,14.0,23.6,14.5,56
2006-07-30,14.1,15.9,91,33.50,294,1.60,24.0,22.1,16.1,74
2006-07-31,13.5,18.6,84,12.70,302,3.11,16.0,24.1,19.1,58
2006-08-01,15.2,18.8,76,8.50,265,2.81,15.0,19.4,15.8,65
2006-08-02,14.6,18.8,77,0.60,249,3.71,3.0,20.5,11.7,48
2006-08-03,14.2,18.0,63,0.00,258,4.14,0.0,21.6,17.7,48
2006-08-04,13.4,16.6,76,1.10,287,3.26,6.0,15.9,10.7,54
2006-08-05,13.9,19.1,78,3.20,288,3.39,9.0,15.8,12.6,52
2006-08-06,16.4,22.3,65,0.00,241,4.40,0.0,13.7,10.8,42
2006-08-07,17.4,24.1,76,0.50,134,3.87,2.0,12.0,6.5,45
2006-08-08,20.3,25.9,73,0.00,84,3.97,0.0,16.2,9.2,52
2006-08-09,18.7,23.4,80,3.80,282,3.73,12.0,17.7,12.8,50
2006-08-10,16.2,20.3,61,0.00,252,4.42,0.0,15.0,12.7,47
2006-08-11,15.6,18.6,72,0.00,41,3.13,0.0,11.2,7.2,52
2006-08-12,15.4,19.6,76,1.30,296,3.52,8.0,15.0,11.8,54
2006-08-13,16.6,21.4,67,0.00,250,3.75,0.0,16.3,12.3,49
2006-08-14,17.3,21.0,72,0.40,244,3.16,2.0,13.7,9.4,52
2006-08-15,13.9,18.3,89,14.50,266,2.20,19.0,22.0,15.2,64
2006-08-16,14.3,19.3,74,0.00,266,3.55,0.0,21.1,15.0,52
2006-08-17,16.5,22.4,73,0.00,212,3.48,0.0,8.8,3.8,45
2006-08-18,18.4,25.2,70,0.00,218,3.96,0.0,17.0,9.8,42
2006-08-19,17.4,21.9,68,0.00,271,3.85,0.0,15.6,11.7,46
2006-08-20,15.8,20.8,67,0.20,319,3.90,1.0,17.3,6.3,45
2006-08-21,17.5,24.1,64,0.00,131,4.25,0.0,17.2,12.7,45
2006-08-22,18.8,24.1,71,0.00,164,4.04,0.0,15.9,11.1,51
2006-08-23,17.7,23.1,69,0.50,318,3.23,2.0,12.2,8.2,48
2006-08-24,16.7,21.5,66,0.00,257,3.60,0.0,14.6,9.6,44
2006-08-25,16.5,21.1,71,0.50,289,3.70,3.0,16.3,10.8,42
2006-08-26,17.5,21.9,60,0.00,232,4.23,0.0,21.6,15.9,41
2006-08-27,17.1,22.9,69,0.00,54,3.61,0.0,14.4,7.9,44
2006-08-28,18.8,25.8,62,0.00,143,4.31,0.0,22.3,14.1,46
2006-08-29,18.5,25.6,64,0.20,313,3.63,2.0,24.8,13.1,47
2006-08-30,15.3,19.1,67,0.00,320,2.58,0.0,23.7,11.7,46
2006-08-31,12.7,16.1,66,1.10,295,2.70,7.0,21.4,17.1,45
2006-09-01,14.3,21.6,58,0.00,242,3.80,0.0,16.9,13.8,39
2006-09-02,17.4,24.9,64,0.00,156,3.74,0.0,11.9,9.0,41
2006-09-03,18.5,26.5,68,0.00,144,3.77,0.0,15.8,7.0,40
2006-09-04,19.8,26.5,66,0.00,111,3.80,0.0,12.3,10.2,35
2006-09-05,19.6,26.1,61,0.00,117,4.14,0.0,14.3,12.9,34
2006-09-06,18.8,25.3,63,0.00,275,3.73,0.0,14.7,10.4,40
2006-09-07,16.9,22.0,65,0.00,10,3.34,0.0,11.1,6.7,35
2006-09-08,16.3,22.5,64,0.00,121,3.90,0.0,24.0,19.3,38
2006-09-09,17.6,23.2,55,0.00,140,4.56,0.0,24.4,20.0,45
2006-09-10,17.7,22.6,64,0.20,254,3.33,1.0,21.3,12.3,35
2006-09-11,17.1,21.9,55,0.00,256,3.59,0.0,17.3,14.2,39
2006-09-12,15.2,20.0,51,0.00,261,3.73,0.0,18.8,15.0,36
2006-09-13,13.1,17.4,64,0.20,327,2.09,1.0,14.6,6.3,38
2006-09-14,7.7,12.2,90,17.10,26,0.67,22.0,30.9,23.9,64
2006-09-15,4.5,6.2,90,5.90,54,0.59,16.0,32.9,28.7,83
2006-09-16,4.6,6.9,86,4.90,48,0.68,13.0,24.0,20.2,69
2006-09-17,3.7,6.5,87,5.20,34,0.83,11.0,17.6,11.8,66
2006-09-18,4.7,8.4,81,0.00,127,1.09,0.0,18.7,14.4,68
2006-09-19,6.6,8.1,89,5.80,135,0.57,14.0,17.1,14.8,75
2006-09-20,7.8,11.9,90,0.60,154,1.04,4.0,12.9,9.5,67
2006-09-21,8.5,11.2,93,6.00,78,0.81,17.0,14.7,8.8,71
2006-09-22,8.3,11.1,91,0.60,305,0.94,3.0,14.1,11.0,69
2006-09-23,9.6,16.3,77,0.00,237,1.98,0.0,20.9,13.8,58
2006-09-24,13.9,15.9,68,0.00,273,2.38,0.0,23.3,15.4,51
2006-09-25,14.0,16.9,70,0.20,249,1.95,2.0,22.0,15.0,59
2006-09-26,10.7,16.2,84,0.10,315,1.28,1.0,25.2,13.8,63
2006-09-27,8.7,15.8,78,0.20,135,1.83,1.0,20.1,10.6,57
2006-09-28,13.6,16.7,70,0.50,260,2.43,4.0,28.7,19.3,51
2006-09-29,13.7,16.5,60,0.00,269,2.79,0.0,22.4,18.2,52
2006-09-30,12.6,15.6,73,0.80,253,1.53,3.0,17.3,14.3,58
2006-10-01,9.4,13.0,62,0.30,272,2.31,2.0,24.9,19.7,46
2006-10-02,6.1,9.5,66,0.20,278,1.63,2.0,19.1,14.6,48
2006-10-03,5.5,11.9,75,0.00,167,1.59,0.0,10.3,7.7,48
2006-10-04,6.5,13.6,76,0.00,193,1.74,0.0,14.0,10.8,36
2006-10-05,8.7,14.2,52,0.00,231,2.48,0.0,17.1,14.6,34
2006-10-06,8.7,12.3,80,1.00,277,1.01,4.0,14.2,6.5,49
2006-10-07,5.9,8.7,87,3.30,294,1.20,12.0,20.4,14.8,55
2006-10-08,5.6,9.4,69,0.00,282,1.54,0.0,15.0,11.2,45
2006-10-09,4.6,9.0,62,0.00,242,1.58,0.0,19.8,13.7,37
2006-10-10,3.9,7.7,83,5.80,357,0.62,19.0,16.2,11.0,53
2006-10-11,0.7,3.9,69,0.30,115,1.08,3.0,14.5,12.2,48
2006-10-12,1.1,5.6,71,0.10,132,1.18,1.0,17.6,15.3,57
2006-10-13,1.8,8.1,87,0.00,107,0.90,0.0,10.1,7.0,67
2006-10-14,1.7,6.4,94,0.20,104,0.40,2.0,18.8,13.1,77
2006-10-15,1.2,2.2,97,11.80,123,0.22,23.0,21.3,18.6,93
2006-10-16,-0.2,1.2,88,9.60,66,0.45,22.0,23.8,19.6,70
2006-10-17,-2.0,3.0,76,0.00,266,0.82,0.0,18.2,11.9,56
2006-10-18,-0.7,1.3,80,4.30,257,0.45,8.0,16.9,9.8,65
2006-10-19,0.6,2.0,96,2.90,139,0.28,7.0,17.4,9.3,89
2006-10-20,1.2,3.2,95,7.80,308,0.32,17.0,15.9,11.9,86
2006-10-21,1.1,2.9,92,0.00,324,0.37,0.0,11.7,7.8,78
2006-10-22,0.6,6.1,88,0.00,141,0.72,0.0,15.9,13.1,68
2006-10-23,4.5,10.0,75,0.00,243,1.20,0.0,20.5,15.1,51
2006-10-24,4.2,8.1,77,0.10,176,0.85,1.0,12.3,9.7,62
2006-10-25,3.7,7.6,80,0.10,255,0.97,1.0,20.8,16.1,45
2006-10-26,6.4,7.7,55,0.00,250,2.12,0.0,30.1,23.9,39
2006-10-27,3.6,6.3,54,0.00,265,1.66,0.0,25.6,20.6,42
2006-10-28,0.7,3.1,79,3.00,319,0.46,15.0,16.6,11.2,63
2006-10-29,-4.5,-1.9,72,2.00,339,0.63,9.0,27.1,19.5,52
2006-10-30,-6.5,-3.6,72,0.50,295,0.71,3.0,24.5,22.9,56
2006-10-31,-4.9,-3.1,70,0.20,303,0.74,2.0,28.5,24.9,54
2006-11-01,-5.8,-3.8,70,0.50,318,0.64,5.0,24.4,17.8,58
2006-11-02,-8.3,-5.0,69,0.00,108,0.49,0.0,18.6,11.4,51
2006-11-03,-6.5,-5.3,68,2.70,112,0.64,9.0,26.2,22.2,56
2006-11-04,-5.8,-3.7,79,0.50,125,0.30,4.0,16.3,10.0,73
2006-11-05,-4.7,-3.5,83,1.40,269,0.35,7.0,19.6,15.1,69
2006-11-06,-8.4,-6.9,72,2.40,64,0.35,7.0,19.7,13.2,67
2006-11-07,-5.1,-0.6,86,8.00,125,0.35,8.0,25.9,17.0,76
2006-11-08,-7.4,-1.7,84,0.00,296,0.26,0.0,21.4,16.4,69
2006-11-09,-12.9,-8.7,78,0.00,263,0.28,0.0,15.8,9.1,63
2006-11-10,-11.8,-6.7,82,0.00,131,0.27,0.0,21.1,17.4,74
2006-11-11,-7.9,-6.8,84,0.40,80,0.26,3.0,21.4,11.8,73
2006-11-12,-11.2,-6.9,83,0.00,135,0.25,0.0,12.0,8.5,72
2006-11-13,-10.4,-7.0,86,0.80,107,0.18,5.0,15.5,13.7,81
2006-11-14,-9.4,-6.6,85,1.80,26,0.25,7.0,18.3,10.8,73
2006-11-15,-6.1,-2.6,78,0.20,141,0.47,1.0,23.7,21.1,72
2006-11-16,-6.3,-1.4,82,2.60,254,0.32,9.0,34.6,21.0,68
2006-11-17,-9.7,1.0,81,0.60,163,0.33,2.0,12.1,9.0,70
2006-11-18,-5.3,-2.7,90,0.90,144,0.21,4.0,11.2,7.9,84
2006-11-19,-5.1,-0.7,88,0.00,133,0.30,0.0,30.1,24.7,80
2006-11-20,-0.2,4.1,69,0.30,231,0.87,2.0,32.4,20.5,58
2006-11-21,-9.3,-3.2,78,0.00,4,0.22,0.0,17.9,11.6,69
2006-11-22,-17.8,-14.4,74,0.70,38,0.18,5.0,14.8,9.9,63
2006-11-23,-18.7,-16.2,78,2.80,100,0.15,8.0,17.7,14.1,73
2006-11-24,-18.7,-16.8,78,4.00,318,0.17,13.0,25.3,20.3,71
2006-11-25,-23.8,-20.2,77,0.00,315,0.10,0.0,22.1,11.4,71
2006-11-26,-23.5,-22.2,77,0.00,47,0.09,0.0,12.3,8.6,70
2006-11-27,-24.8,-23.6,75,1.70,56,0.11,10.0,18.0,14.9,69
2006-11-28,-24.5,-23.9,75,1.20,326,0.10,8.0,14.4,11.7,67
2006-11-29,-27.8,-20.8,72,0.00,163,0.10,0.0,16.1,10.1,60
2006-11-30,-15.5,-9.1,73,1.30,194,0.25,7.0,23.5,17.3,63
2006-12-01,-18.3,-12.8,78,0.00,301,0.16,0.0,21.8,15.4,68
2006-12-02,-22.3,-16.2,77,0.00,146,0.09,0.0,16.3,10.2,72
2006-12-03,-11.8,-9.4,82,1.20,282,0.17,8.0,20.3,14.1,75
2006-12-04,-9.6,-5.8,88,0.90,183,0.11,4.0,13.0,8.3,83
2006-12-05,-5.0,-1.8,91,7.90,298,0.13,23.0,15.0,8.9,85
2006-12-06,-11.3,-6.0,85,1.00,120,0.12,5.0,21.0,15.3,78
2006-12-07,-4.3,1.7,85,0.00,203,0.25,0.0,18.5,13.9,81
2006-12-08,-0.9,3.5,84,0.00,211,0.34,0.0,20.6,13.5,74
2006-12-09,-3.2,2.6,87,0.00,252,0.22,0.0,20.0,12.8,77
2006-12-10,-6.6,-5.1,89,0.00,130,0.15,0.0,22.2,18.0,84
2006-12-11,-6.9,-3.6,89,0.00,138,0.14,0.0,15.5,13.2,78
2006-12-12,-2.5,2.3,81,0.50,212,0.35,3.0,24.5,16.6,67
2006-12-13,-5.8,-0.8,86,0.00,175,0.15,0.0,20.6,13.2,79
2006-12-14,-3.8,0.2,77,0.00,226,0.46,0.0,22.5,15.4,61
2006-12-15,-6.1,-2.6,86,1.40,66,0.14,5.0,15.6,11.6,80
2006-12-16,-8.3,-4.9,87,4.20,302,0.13,12.0,18.7,14.8,82
2006-12-17,-15.4,-10.4,81,0.00,216,0.11,0.0,13.3,8.7,59
2006-12-18,-9.0,3.6,69,0.00,226,0.62,0.0,29.6,18.3,54
2006-12-19,2.2,3.4,60,0.00,247,1.29,0.0,35.9,27.1,56
2006-12-20,-4.7,-0.3,78,0.00,204,0.31,0.0,26.0,13.0,63
2006-12-21,-3.5,5.2,76,0.00,171,0.56,0.0,26.7,17.3,49
2006-12-22,-0.5,2.4,59,0.00,253,1.18,0.0,32.0,26.6,53
2006-12-23,-7.5,-3.5,78,0.00,227,0.25,0.0,20.6,12.2,69
2006-12-24,-5.5,-3.5,78,0.00,263,0.34,0.0,27.2,18.0,54
2006-12-25,-5.1,-0.1,71,0.80,165,0.51,3.0,25.5,17.4,60
2006-12-26,-3.1,-1.6,70,0.00,239,0.59,0.0,21.3,17.5,62
2006-12-27,-8.4,-4.2,80,0.00,254,0.18,0.0,15.0,10.8,76
2006-12-28,-10.6,-8.7,86,0.00,254,0.11,0.0,11.6,9.7,75
2006-12-29,-11.4,-8.9,81,0.00,139,0.20,0.0,22.3,16.8,71
2006-12-30,-3.0,-0.1,61,0.00,240,0.94,0.0,30.6,22.5,51
2006-12-31,-3.8,-0.8,74,0.00,236,0.47,0.0,22.7,15.6,62
2007-01-01,-4.9,0.7,77,0.40,210,0.34,2.0,16.2,13.4,71
2007-01-02,1.3,2.7,78,0.00,226,0.54,0.0,26.2,16.9,69
2007-01-03,1.8,3.4,83,3.20,265,0.44,9.0,30.4,20.7,68
2007-01-04,-2.8,0.1,84,0.00,255,0.28,0.0,21.7,12.8,70
2007-01-05,-6.3,-2.5,71,0.10,245,0.55,1.0,26.8,20.2,62
2007-01-06,-4.8,-3.5,81,0.20,251,0.31,2.0,21.3,16.9,71
2007-01-07,-7.4,-4.3,83,2.20,195,0.21,7.0,21.6,13.9,73
2007-01-08,-6.7,-3.0,81,4.00,283,0.31,10.0,30.6,16.6,61
2007-01-09,-8.2,-6.6,76,1.30,137,0.31,7.0,28.5,16.3,67
2007-01-10,-13.8,-7.3,76,9.40,56,0.29,15.0,31.9,26.0,70
2007-01-11,-25.8,-20.3,75,0.00,242,0.08,0.0,14.8,8.6,62
2007-01-12,-20.9,-14.9,66,0.00,257,0.23,0.0,18.8,14.3,61
2007-01-13,-15.4,-12.9,72,0.00,324,0.22,0.0,16.8,12.9,62
2007-01-14,-20.7,-14.3,77,0.00,151,0.14,0.0,14.3,10.3,62
2007-01-15,-12.3,-3.5,84,0.00,229,0.19,0.0,17.6,12.4,77
2007-01-16,-2.2,-0.7,76,0.00,254,0.59,0.0,24.2,21.8,68
2007-01-17,-6.4,-2.5,83,0.00,275,0.30,0.0,23.0,18.1,72
2007-01-18,-10.7,-7.5,79,0.00,243,0.24,0.0,13.7,11.7,67
2007-01-19,-9.4,-2.9,81,1.10,225,0.27,4.0,23.0,12.7,70
2007-01-20,-7.0,-4.4,81,0.00,254,0.30,0.0,19.2,14.0,72
2007-01-21,-6.9,-2.9,83,0.00,236,0.23,0.0,16.9,13.3,69
2007-01-22,-1.8,2.1,87,1.30,239,0.27,8.0,18.6,12.5,74
2007-01-23,1.3,2.4,84,0.30,263,0.48,2.0,22.0,13.4,77
2007-01-24,-0.2,5.0,87,0.90,158,0.36,3.0,16.9,11.6,63
2007-01-25,2.0,4.6,72,0.70,253,0.80,2.0,33.3,18.9,60
2007-01-26,-7.2,-1.1,69,0.00,298,0.66,0.0,30.2,25.8,61
2007-01-27,-14.9,-7.8,78,0.00,162,0.26,0.0,14.8,9.5,49
2007-01-28,-7.5,-5.0,77,0.00,280,0.45,0.0,21.7,18.2,64
2007-01-29,-9.8,-5.7,86,0.00,151,0.27,0.0,13.8,10.0,72
2007-01-30,-6.6,-5.2,82,0.00,290,0.32,0.0,22.7,18.5,75
2007-01-31,-7.6,-5.7,86,0.20,292,0.22,2.0,21.4,12.1,80
2007-02-01,-13.2,-6.3,76,0.40,319,0.33,3.0,26.6,19.1,57
2007-02-02,-14.8,-12.0,77,0.00,298,0.25,0.0,14.8,10.1,60
2007-02-03,-16.5,-10.5,74,0.00,272,0.28,0.0,9.8,5.6,45
2007-02-04,-15.0,-10.8,74,0.00,109,0.28,0.0,11.9,10.5,65
2007-02-05,-12.3,-10.8,81,7.20,105,0.19,13.0,13.5,12.1,72
2007-02-06,-14.1,-10.9,83,0.30,15,0.24,2.0,13.7,7.1,69
2007-02-07,-18.0,-14.0,77,0.00,96,0.22,0.0,11.3,10.2,61
2007-02-08,-19.4,-16.1,74,0.00,85,0.23,0.0,13.7,12.4,60
2007-02-09,-19.4,-16.5,72,0.00,97,0.27,0.0,13.7,11.5,59
2007-02-10,-20.0,-14.2,75,0.00,123,0.27,0.0,12.0,7.3,61
2007-02-11,-16.8,-13.9,78,0.60,40,0.23,4.0,11.5,6.7,63
2007-02-12,-21.4,-15.2,72,0.00,87,0.25,0.0,13.6,11.5,51
2007-02-13,-23.7,-19.0,71,0.00,121,0.23,0.0,18.3,13.2,61
2007-02-14,-18.9,-10.5,72,0.00,140,0.32,0.0,24.7,20.5,59
2007-02-15,-3.0,2.5,79,1.00,246,0.74,4.0,21.7,14.1,66
2007-02-16,-3.2,-0.2,89,3.90,354,0.30,16.0,11.5,7.1,79
2007-02-17,-8.0,-5.0,87,1.60,104,0.25,6.0,15.7,7.7,80
2007-02-18,-4.7,-0.7,82,0.10,242,0.50,1.0,26.3,20.1,69
2007-02-19,-12.6,-8.3,78,0.00,72,0.38,0.0,18.0,10.4,65
2007-02-20,-10.0,-7.6,83,1.00,164,0.43,5.0,23.7,16.9,72
2007-02-21,-14.2,-10.2,78,0.00,21,0.39,0.0,13.4,7.9,63
2007-02-22,-14.5,-11.0,81,0.00,111,0.30,0.0,23.9,16.9,70
2007-02-23,-10.7,-5.2,81,2.10,127,0.57,7.0,25.1,14.9,59
2007-02-24,-10.0,-2.8,77,0.00,141,0.64,0.0,11.8,8.1,56
2007-02-25,-10.8,-4.6,83,0.00,104,0.36,0.0,18.9,16.3,66
2007-02-26,-10.4,-7.7,79,0.00,122,0.48,0.0,20.1,17.6,61
2007-02-27,-11.7,-8.4,80,0.00,128,0.50,0.0,18.9,14.7,66
2007-02-28,-12.6,-9.3,80,0.00,116,0.43,0.0,11.4,9.8,68
2007-03-01,-12.8,-7.9,80,0.00,120,0.55,0.0,11.1,7.7,63
2007-03-02,-12.9,-8.2,78,0.00,125,0.49,0.0,20.4,9.4,66
2007-03-03,-7.2,2.0,79,0.20,170,0.77,2.0,25.4,17.3,62
2007-03-04,-14.2,-6.0,77,5.10,47,0.29,16.0,16.4,12.6,66
2007-03-05,-15.1,-11.6,76,1.30,116,0.42,7.0,21.7,18.1,66
2007-03-06,-12.3,-6.3,79,0.00,117,0.52,0.0,18.4,14.3,67
2007-03-07,-5.6,4.6,79,0.00,131,0.97,0.0,19.9,15.0,56
2007-03-08,0.4,4.1,81,1.50,254,1.15,4.0,15.9,10.2,52
2007-03-09,0.4,6.9,72,0.00,187,1.39,0.0,14.5,11.9,43
2007-03-10,0.2,4.7,79,2.50,84,0.91,7.0,11.0,6.9,62
2007-03-11,-1.1,2.6,87,2.20,92,0.80,10.0,18.1,12.5,71
2007-03-12,-1.3,2.0,86,7.00,271,0.70,11.0,25.7,15.8,63
2007-03-13,-4.4,-0.6,72,0.00,262,1.17,0.0,27.4,16.5,52
2007-03-14,-6.1,-1.4,78,0.40,115,0.70,4.0,17.2,11.9,62
2007-03-15,-6.8,-0.9,78,0.20,217,1.05,1.0,9.7,6.9,55
2007-03-16,-5.9,-1.4,76,0.00,108,0.80,0.0,13.7,10.0,59
2007-03-17,-2.3,5.1,82,4.60,125,1.30,5.0,20.4,14.6,63
2007-03-18,-8.8,4.0,74,0.00,308,0.79,0.0,23.6,18.5,53
2007-03-19,-14.2,-9.6,70,0.00,111,0.53,0.0,26.9,16.4,55
2007-03-20,-9.5,-1.1,79,1.50,128,0.91,8.0,27.7,15.1,62
2007-03-21,-5.8,0.3,75,0.10,252,1.05,1.0,18.6,14.5,45
2007-03-22,1.8,4.5,65,0.00,256,1.94,0.0,30.5,26.2,51
2007-03-23,2.2,7.2,72,0.00,220,1.65,0.0,20.1,15.6,51
2007-03-24,4.0,9.0,69,0.40,237,1.95,2.0,24.4,17.1,25
2007-03-25,2.1,5.9,80,7.30,253,1.44,14.0,18.9,10.4,51
2007-03-26,1.3,6.9,71,0.00,241,1.89,0.0,15.7,11.5,37
2007-03-27,1.5,6.2,74,0.00,157,1.55,0.0,17.6,14.7,45
2007-03-28,-0.4,4.3,72,0.00,283,1.85,0.0,18.9,9.5,37
2007-03-29,0.5,7.2,62,0.00,147,2.01,0.0,26.6,19.6,45
2007-03-30,2.7,9.1,77,0.00,108,2.01,0.0,16.6,11.3,51
2007-03-31,0.4,7.3,75,0.40,287,1.49,3.0,28.0,18.5,54
2007-04-01,-6.9,0.4,75,0.00,318,0.92,0.0,18.2,15.7,54
2007-04-02,-8.7,-6.3,77,0.80,337,0.76,8.0,13.3,11.5,58
2007-04-03,-8.5,-5.0,74,0.10,60,0.98,1.0,13.0,9.7,54
2007-04-04,-7.9,-2.7,75,0.00,97,1.11,0.0,11.4,9.8,52
2007-04-05,-6.6,-1.1,72,0.00,106,1.36,0.0,15.3,10.5,42
2007-04-06,-5.9,-1.3,67,0.00,133,1.43,0.0,29.3,22.6,43
2007-04-07,-3.6,1.9,65,0.00,139,1.73,0.0,28.3,26.3,57
2007-04-08,0.2,6.4,74,0.00,134,2.01,0.0,22.5,16.0,56
2007-04-09,1.2,5.5,76,0.40,127,1.40,3.0,22.7,19.5,62
2007-04-10,0.5,2.2,87,16.40,153,0.61,24.0,23.8,20.7,76
2007-04-11,2.3,6.2,70,3.20,249,2.14,5.0,21.7,16.0,44
2007-04-12,1.8,9.1,64,0.00,229,2.54,0.0,9.7,6.4,37
2007-04-13,3.4,9.6,66,0.00,174,2.35,0.0,16.6,11.3,41
2007-04-14,4.5,10.2,73,0.00,181,2.10,0.0,18.2,12.6,52
2007-04-15,3.6,7.3,60,0.00,262,2.66,0.0,20.3,18.0,46
2007-04-16,3.8,10.6,64,0.00,164,2.81,0.0,12.6,10.1,41
2007-04-17,4.4,9.1,74,0.00,251,2.14,0.0,16.9,14.1,50
2007-04-18,2.3,7.0,81,0.10,359,1.31,1.0,10.6,6.4,63
2007-04-19,2.3,5.7,84,4.50,33,0.95,13.0,20.5,15.3,70
2007-04-20,1.0,4.2,90,4.20,351,1.09,11.0,13.6,10.0,76
2007-04-21,1.7,4.1,89,0.30,283,0.97,3.0,10.8,7.7,77
2007-04-22,2.3,6.1,90,1.00,131,1.14,7.0,8.9,5.5,75
2007-04-23,3.6,10.3,83,0.00,131,2.16,0.0,14.9,10.7,55
2007-04-24,6.3,11.8,75,0.00,147,2.68,0.0,19.7,12.7,55
2007-04-25,6.0,11.6,70,0.70,258,2.84,3.0,25.5,19.4,37
2007-04-26,6.8,12.9,58,0.00,227,3.12,0.0,16.3,11.6,39
2007-04-27,7.3,12.1,58,0.00,247,3.35,0.0,25.8,15.9,29
2007-04-28,5.5,11.5,65,1.60,243,2.67,7.0,28.2,14.3,30
2007-04-29,5.9,10.7,49,0.00,250,3.51,0.0,21.3,14.3,34
2007-04-30,5.7,10.6,53,0.00,245,3.33,0.0,18.1,14.0,34
2007-05-01,6.0,10.4,58,0.80,146,2.49,3.0,18.4,11.1,35
2007-05-02,7.4,13.4,72,0.10,99,2.44,1.0,14.9,12.3,49
2007-05-03,6.8,10.7,96,6.30,48,0.64,16.0,14.5,10.6,73
2007-05-04,4.8,6.4,99,19.60,349,0.40,20.0,17.5,10.7,97
2007-05-05,3.7,10.5,89,25.40,270,1.45,19.0,34.2,22.6,41
2007-05-06,7.8,13.4,54,0.00,230,3.56,0.0,24.4,16.1,45
2007-05-07,9.8,13.2,50,0.00,268,4.16,0.0,26.7,20.5,42
2007-05-08,8.7,12.7,76,0.00,249,1.92,0.0,14.7,11.8,52
2007-05-09,5.8,10.3,84,14.50,349,1.86,16.0,12.0,7.2,55
2007-05-10,6.8,13.4,75,0.00,136,2.78,0.0,12.6,7.4,49
2007-05-11,9.4,17.0,73,0.80,136,3.67,6.0,12.6,8.0,46
2007-05-12,9.1,16.6,75,2.30,278,3.05,4.0,23.1,13.2,37
2007-05-13,8.2,13.9,52,0.00,265,4.08,0.0,21.3,10.8,32
2007-05-14,9.1,14.9,58,0.00,298,3.87,0.0,8.8,6.3,31
2007-05-15,11.0,17.8,55,0.00,168,4.08,0.0,9.2,5.4,32
2007-05-16,13.6,21.9,57,0.00,158,4.68,0.0,18.7,13.0,30
2007-05-17,12.8,21.2,56,0.00,271,4.03,0.0,19.1,13.6,38
2007-05-18,6.7,13.3,72,0.00,49,2.17,0.0,20.3,14.1,45
2007-05-19,3.3,6.0,91,3.80,125,0.79,10.0,24.6,19.9,72
2007-05-20,5.3,9.7,90,0.50,166,1.44,4.0,14.3,9.3,67
2007-05-21,7.3,12.1,75,0.00,302,2.92,0.0,14.3,9.9,41
2007-05-22,8.9,15.9,66,0.50,289,3.49,2.0,22.6,8.0,40
2007-05-23,4.4,8.9,71,0.40,297,2.37,2.0,21.6,11.6,44
2007-05-24,7.7,14.1,73,0.00,322,3.10,0.0,8.8,6.1,45
2007-05-25,10.5,18.0,71,0.00,154,4.08,0.0,13.8,11.4,33
2007-05-26,13.6,21.3,59,0.00,155,4.80,0.0,18.9,13.2,31
2007-05-27,13.8,20.5,71,0.00,260,3.60,0.0,15.5,10.0,41
2007-05-28,11.2,16.5,75,0.00,277,2.43,0.0,18.3,14.7,55
2007-05-29,12.1,18.5,77,0.00,291,2.87,0.0,12.6,5.4,47
2007-05-30,15.2,21.7,65,0.00,147,4.94,0.0,16.2,13.3,40
2007-05-31,16.5,22.6,63,0.00,173,5.17,0.0,20.1,12.6,40
2007-06-01,18.9,25.3,64,0.00,152,4.69,0.0,9.9,5.9,38
2007-06-02,19.1,26.3,74,0.00,85,4.54,0.0,9.8,6.6,40
2007-06-03,19.1,24.7,76,0.70,60,4.76,1.0,11.0,6.5,40
2007-06-04,18.5,23.8,59,0.00,99,5.73,0.0,18.4,16.7,43
2007-06-05,18.8,23.1,62,0.00,94,5.09,0.0,18.2,14.5,44
2007-06-06,14.5,21.0,48,0.10,40,5.12,1.0,24.5,18.4,34
2007-06-07,12.4,17.2,57,0.00,303,4.44,0.0,17.6,10.5,35
2007-06-08,14.7,17.7,61,0.00,284,4.43,0.0,27.7,19.9,37
2007-06-09,13.1,17.3,67,0.00,67,4.24,0.0,17.5,11.4,41
2007-06-10,11.2,17.2,78,7.30,113,1.79,11.0,20.8,17.5,46
2007-06-11,12.0,18.0,81,0.00,106,3.13,0.0,14.6,9.6,54
2007-06-12,11.9,15.0,89,6.50,266,1.66,18.0,24.6,15.7,76
2007-06-13,12.5,17.7,82,3.80,282,3.20,13.0,17.7,11.7,50
2007-06-14,13.7,18.8,79,0.00,75,3.52,0.0,10.2,6.0,50
2007-06-15,15.5,20.0,69,0.60,341,4.52,1.0,14.5,7.5,47
2007-06-16,14.2,18.4,79,0.10,63,3.57,1.0,11.9,9.5,62
2007-06-17,14.7,19.3,72,0.00,348,4.32,0.0,9.0,5.5,39
2007-06-18,15.0,18.9,73,0.70,309,3.89,5.0,11.2,6.6,42
2007-06-19,12.2,18.6,80,9.70,276,2.70,18.0,28.5,17.1,55
2007-06-20,12.7,18.1,76,1.20,282,3.49,2.0,13.5,6.5,49
2007-06-21,16.0,20.2,73,4.90,152,4.02,6.0,20.1,13.1,49
2007-06-22,15.1,19.1,66,1.30,234,3.93,4.0,14.0,10.0,52
2007-06-23,12.6,17.6,87,6.30,212,2.22,11.0,16.1,10.0,58
2007-06-24,13.3,17.2,72,0.20,209,3.68,1.0,14.3,9.5,47
2007-06-25,12.9,16.5,84,9.40,127,2.66,13.0,16.3,8.9,54
2007-06-26,13.7,18.6,82,4.30,303,3.43,14.0,14.0,9.4,53
2007-06-27,15.6,20.4,74,0.00,135,3.98,0.0,23.9,18.0,53
2007-06-28,16.4,20.0,73,0.00,126,3.56,0.0,24.2,20.1,59
2007-06-29,17.2,20.6,78,6.70,130,2.81,5.0,24.4,18.6,64
2007-06-30,16.2,19.7,88,48.00,201,2.11,20.0,37.0,21.9,44
2007-07-01,16.6,21.2,51,0.00,227,5.86,0.0,25.7,20.4,37
2007-07-02,18.0,22.4,64,0.00,235,4.78,0.0,15.1,10.3,43
2007-07-03,18.4,22.3,67,0.00,255,4.98,0.0,20.3,12.4,49
2007-07-04,18.3,22.0,72,0.00,265,4.48,0.0,15.4,12.3,57
2007-07-05,20.1,26.4,73,0.30,169,5.04,1.0,16.5,10.8,56
2007-07-06,19.4,24.4,70,0.30,276,4.89,1.0,19.4,15.1,40
2007-07-07,17.7,21.6,57,0.10,266,5.31,1.0,20.6,16.1,43
2007-07-08,16.0,20.8,72,0.40,262,3.68,1.0,9.3,4.9,47
2007-07-09,14.1,17.9,92,29.20,295,2.62,23.0,18.5,12.4,71
2007-07-10,16.1,20.6,75,0.00,252,3.65,0.0,19.2,9.0,54
2007-07-11,19.1,23.5,77,0.30,243,4.14,2.0,16.2,11.0,57
2007-07-12,21.4,27.5,73,0.00,238,5.08,0.0,13.1,9.4,49
2007-07-13,23.8,30.4,69,0.00,258,5.57,0.0,11.5,5.2,34
2007-07-14,25.0,29.9,63,0.00,182,6.19,0.0,15.5,12.5,42
2007-07-15,23.6,29.2,71,0.00,303,5.03,0.0,11.9,7.2,47
2007-07-16,21.3,25.1,84,8.60,266,3.60,12.0,16.2,9.2,59
2007-07-17,22.6,27.7,78,0.40,140,4.30,2.0,8.4,5.4,45
2007-07-18,22.8,26.4,73,5.60,125,4.18,5.0,21.4,14.6,55
2007-07-19,21.7,23.8,80,11.40,140,3.05,8.0,24.9,20.5,72
2007-07-20,19.6,24.1,76,2.60,229,4.33,5.0,18.4,13.3,39
2007-07-21,19.9,23.8,64,0.10,237,5.15,1.0,22.2,15.3,44
2007-07-22,20.8,26.8,67,0.00,203,4.44,0.0,15.3,9.2,39
2007-07-23,22.7,26.8,67,0.00,265,4.59,0.0,12.6,5.8,44
2007-07-24,19.7,26.0,74,8.60,268,4.11,8.0,30.9,16.9,40
2007-07-25,16.6,19.5,58,0.00,264,4.90,0.0,30.9,23.6,43
2007-07-26,18.1,24.7,69,0.00,192,4.42,0.0,15.2,7.8,45
2007-07-27,20.6,26.4,68,0.00,118,4.64,0.0,13.8,9.2,53
2007-07-28,21.0,26.5,82,1.30,240,4.25,1.0,8.7,4.5,49
2007-07-29,21.3,26.3,81,1.90,153,4.10,2.0,12.2,7.0,56
2007-07-30,18.2,21.4,81,6.30,281,3.93,7.0,21.7,13.8,46
2007-07-31,15.5,19.9,61,1.30,256,4.34,4.0,25.6,20.5,47
2007-08-01,15.8,20.9,71,0.40,279,4.11,2.0,33.2,22.1,57
2007-08-02,18.5,24.8,72,0.00,159,4.48,0.0,16.3,10.6,47
2007-08-03,18.6,24.3,80,5.40,95,2.45,8.0,11.4,8.3,52
2007-08-04,15.4,18.2,96,42.90,345,1.46,24.0,18.0,13.6,85
2007-08-05,15.7,18.3,94,9.60,270,1.94,11.0,16.3,13.1,85
2007-08-06,15.9,22.3,84,1.90,264,3.29,8.0,19.0,10.2,50
2007-08-07,19.0,22.3,66,0.00,239,4.00,0.0,30.4,18.7,53
2007-08-08,14.2,19.4,82,8.30,318,1.87,10.0,19.7,14.9,69
2007-08-09,11.6,14.6,83,6.70,2,2.37,19.0,10.4,5.3,69
2007-08-10,11.6,15.1,84,0.00,148,2.70,0.0,6.8,3.4,58
2007-08-11,13.1,17.3,78,0.90,72,2.56,6.0,12.2,6.5,58
2007-08-12,11.5,16.3,94,15.10,65,0.84,19.0,24.7,16.6,71
2007-08-13,10.8,13.4,91,3.90,2,1.92,16.0,19.0,13.7,67
2007-08-14,12.1,17.3,71,0.00,251,3.12,0.0,18.8,14.7,49
2007-08-15,13.1,16.8,79,0.90,309,2.21,3.0,18.9,7.1,55
2007-08-16,14.0,18.4,77,0.00,105,2.87,0.0,14.9,11.4,58
2007-08-17,15.1,19.3,69,1.60,100,3.32,3.0,24.2,18.7,58
2007-08-18,13.7,19.0,81,9.10,104,1.77,8.0,20.9,14.8,60
2007-08-19,13.9,18.1,90,0.70,172,1.57,5.0,14.5,5.7,66
2007-08-20,15.1,17.9,81,1.10,257,2.75,5.0,23.4,15.0,55
2007-08-21,13.6,17.6,78,3.50,282,2.05,15.0,27.9,22.0,56
2007-08-22,12.1,15.5,77,0.60,310,2.88,3.0,27.6,18.2,51
2007-08-23,12.4,16.6,74,0.00,1,2.74,0.0,14.0,5.2,50
2007-08-24,13.3,17.0,78,0.10,354,2.53,1.0,6.8,4.2,56
2007-08-25,11.7,16.8,86,11.50,108,1.09,14.0,20.9,17.1,57
2007-08-26,9.6,11.0,96,8.50,92,0.83,21.0,18.2,12.0,90
2007-08-27,9.8,13.2,89,3.00,318,2.15,16.0,13.4,10.4,61
2007-08-28,10.4,14.9,77,4.40,281,2.82,7.0,14.2,9.9,52
2007-08-29,12.0,19.3,74,0.00,133,2.94,0.0,9.8,7.6,49
2007-08-30,15.8,22.4,73,0.00,107,3.06,0.0,15.3,10.3,54
2007-08-31,15.6,22.0,81,0.70,273,2.40,1.0,15.5,12.5,59
2007-09-01,14.2,17.6,74,0.00,261,2.90,0.0,17.0,12.6,56
2007-09-02,13.5,17.9,80,0.00,177,2.52,0.0,12.1,7.8,60
2007-09-03,14.1,19.0,87,0.00,147,2.40,0.0,6.8,5.3,60
2007-09-04,14.6,18.8,82,12.00,217,2.20,10.0,26.7,16.7,61
2007-09-05,13.3,16.1,70,0.70,268,2.75,4.0,28.2,18.2,56
2007-09-06,11.1,14.1,79,7.20,273,1.70,12.0,23.9,15.8,66
2007-09-07,8.9,13.8,86,0.10,265,2.04,1.0,16.3,9.9,65
2007-09-08,10.3,13.7,84,6.60,284,2.05,13.0,18.8,14.4,68
2007-09-09,10.7,16.6,79,0.90,233,2.14,3.0,21.4,12.1,48
2007-09-10,15.5,19.4,72,0.00,268,2.44,0.0,23.1,14.0,65
2007-09-11,15.1,19.0,80,0.30,256,1.68,2.0,24.1,16.2,72
2007-09-12,7.9,14.2,71,1.80,330,1.92,9.0,30.6,25.6,58
2007-09-13,7.1,15.2,75,0.00,179,2.27,0.0,14.1,8.0,48
2007-09-14,11.0,18.7,76,0.00,186,2.65,0.0,12.6,10.2,51
2007-09-15,13.7,19.9,72,0.00,242,2.49,0.0,16.9,10.5,44
2007-09-16,13.9,18.6,64,0.00,253,2.72,0.0,15.9,13.1,52
2007-09-17,11.1,14.3,66,0.10,260,2.58,1.0,23.1,17.7,44
2007-09-18,6.0,12.1,70,0.90,303,1.43,6.0,19.7,17.9,51
2007-09-19,4.2,9.7,72,0.00,295,1.73,0.0,18.6,9.7,47
2007-09-20,7.4,11.1,77,4.80,232,1.64,13.0,24.8,21.4,54
2007-09-21,6.1,9.5,88,3.30,272,0.86,8.0,25.6,15.7,72
2007-09-22,7.8,10.7,84,0.20,251,1.41,1.0,21.9,15.7,64
2007-09-23,5.3,8.6,77,0.00,329,1.16,0.0,17.2,10.2,56
2007-09-24,5.5,14.0,77,0.00,173,1.72,0.0,13.5,9.4,48
2007-09-25,10.0,12.8,68,0.00,256,2.05,0.0,23.2,17.7,60
2007-09-26,10.1,12.6,70,1.50,263,2.10,3.0,27.9,20.0,59
2007-09-27,8.6,14.1,67,0.00,174,1.91,0.0,21.9,13.9,51
2007-09-28,8.4,13.5,80,2.90,275,1.57,10.0,20.4,14.0,54
2007-09-29,4.8,8.3,65,0.00,288,1.93,0.0,22.8,14.1,53
2007-09-30,5.9,12.0,71,0.00,132,1.57,0.0,18.1,11.1,50
2007-10-01,8.0,11.4,77,0.20,183,1.25,2.0,19.1,9.8,59
2007-10-02,8.3,12.1,68,0.10,231,1.89,1.0,23.6,14.8,45
2007-10-03,6.0,10.7,69,0.00,282,1.50,0.0,21.0,16.8,52
2007-10-04,3.1,6.2,80,1.30,36,0.82,10.0,14.6,12.0,55
2007-10-05,2.2,7.4,73,0.00,148,1.27,0.0,28.5,16.6,56
2007-10-06,4.7,10.5,78,0.00,175,1.27,0.0,23.2,17.6,48
2007-10-07,6.5,14.1,70,0.00,154,1.66,0.0,21.0,14.1,52
2007-10-08,8.0,12.7,62,0.00,263,2.04,0.0,27.3,17.0,43
2007-10-09,5.1,10.1,65,0.00,130,1.55,0.0,30.5,14.1,42
2007-10-10,7.9,9.5,53,0.00,140,2.80,0.0,41.5,34.5,42
2007-10-11,7.4,11.8,78,2.80,201,1.55,8.0,23.4,14.9,50
2007-10-12,7.1,10.5,66,0.00,256,1.60,0.0,18.4,12.2,52
2007-10-13,6.2,12.0,72,0.00,170,1.32,0.0,13.1,8.0,45
2007-10-14,8.2,16.3,69,0.00,155,1.76,0.0,17.0,12.2,45
2007-10-15,9.2,15.1,73,0.00,139,1.50,0.0,18.8,10.5,56
2007-10-16,8.1,12.3,83,0.00,112,0.98,0.0,15.7,11.8,64
2007-10-17,7.3,10.3,78,0.00,208,1.13,0.0,16.6,12.2,60
2007-10-18,6.1,11.0,70,0.00,249,1.20,0.0,11.2,7.4,42
2007-10-19,5.1,8.5,73,0.00,111,0.98,0.0,12.6,9.9,60
2007-10-20,3.6,7.5,87,1.20,288,0.62,6.0,15.6,9.3,72
2007-10-21,3.3,8.3,82,0.00,257,0.92,0.0,17.1,13.2,51
2007-10-22,6.5,8.9,68,0.50,240,1.31,4.0,26.2,19.9,58
2007-10-23,4.6,6.5,94,1.20,248,0.30,6.0,21.3,14.7,85
2007-10-24,8.7,12.2,76,0.40,211,1.35,2.0,33.7,22.6,36
2007-10-25,5.1,8.7,43,0.10,272,2.73,1.0,37.2,32.3,35
2007-10-26,0.8,4.3,62,3.00,295,1.27,7.0,26.8,17.3,46
2007-10-27,1.2,8.8,69,0.00,191,1.08,0.0,18.5,13.9,45
2007-10-28,4.2,7.3,72,0.00,252,0.98,0.0,19.9,15.3,57
2007-10-29,4.0,6.6,93,2.90,166,0.36,10.0,12.7,8.2,78
2007-10-30,3.2,5.3,75,0.60,270,1.07,4.0,23.8,20.4,55
2007-10-31,4.2,8.6,57,0.00,239,1.58,0.0,21.9,18.4,45
2007-11-01,4.4,7.4,54,0.00,262,1.92,0.0,40.0,28.5,47
2007-11-02,3.0,5.4,56,0.30,264,1.53,1.0,30.7,21.1,48
2007-11-03,3.1,4.6,64,1.00,261,1.35,3.0,29.6,22.3,52
2007-11-04,1.0,3.3,68,0.00,290,0.97,0.0,28.7,20.6,58
2007-11-05,-1.9,0.6,73,0.00,286,0.69,0.0,21.8,13.4,57
2007-11-06,0.2,3.7,79,1.70,191,0.69,6.0,26.1,18.3,65
2007-11-07,-1.7,0.3,91,2.60,110,0.21,8.0,18.6,11.9,84
2007-11-08,-1.1,1.5,85,2.90,289,0.42,11.0,25.1,16.8,65
2007-11-09,-3.4,-2.2,81,4.20,135,0.36,8.0,29.2,18.9,74
2007-11-10,-2.0,2.8,88,0.10,133,0.38,1.0,17.1,12.8,74
2007-11-11,1.0,3.0,67,3.90,251,1.00,5.0,24.6,19.0,55
2007-11-12,-0.4,4.3,68,0.20,167,0.70,1.0,18.7,13.5,59
2007-11-13,-0.2,2.3,88,9.10,293,0.36,18.0,28.7,20.5,75
2007-11-14,-0.8,0.7,74,0.00,269,0.75,0.0,26.3,20.4,63
2007-11-15,-3.0,-0.6,73,1.30,121,0.54,6.0,19.2,13.5,64
2007-11-16,-3.4,-0.7,83,0.00,129,0.38,0.0,23.7,18.7,70
2007-11-17,-2.8,0.9,82,0.00,141,0.35,0.0,16.8,11.4,74
2007-11-18,-1.5,0.7,87,7.80,243,0.29,14.0,30.2,17.5,73
2007-11-19,-2.5,-0.4,80,0.00,292,0.45,0.0,24.9,16.2,72
2007-11-20,-5.5,-2.8,85,1.50,311,0.22,9.0,11.5,9.4,71
2007-11-21,-8.7,-4.4,77,0.00,235,0.31,0.0,18.6,12.1,60
2007-11-22,-4.3,-2.2,68,0.00,268,0.72,0.0,24.1,21.1,65
2007-11-23,-4.3,-0.9,73,0.00,265,0.54,0.0,19.0,16.3,58
2007-11-24,-1.8,0.3,74,4.40,265,0.46,8.0,24.4,15.4,64
2007-11-25,-5.0,0.1,85,4.90,318,0.22,19.0,23.0,16.7,75
2007-11-26,-20.5,-14.3,75,1.00,36,0.15,6.0,24.0,13.5,61
2007-11-27,-18.8,-14.0,74,0.00,136,0.20,0.0,25.5,15.8,66
2007-11-28,-18.7,-14.4,79,0.00,294,0.15,0.0,19.9,16.2,69
2007-11-29,-19.0,-15.6,76,0.00,277,0.19,0.0,18.4,16.8,63
2007-11-30,-15.5,-14.2,74,0.00,282,0.24,0.0,19.5,16.7,66
2007-12-01,-19.5,-15.3,79,0.00,312,0.11,0.0,16.1,12.3,68
2007-12-02,-24.5,-20.3,78,0.00,111,0.08,0.0,13.7,9.7,73
2007-12-03,-22.0,-19.1,77,1.90,75,0.12,9.0,20.8,17.2,72
2007-12-04,-18.3,-16.7,77,6.50,94,0.14,13.0,19.9,13.7,70
2007-12-05,-17.7,-15.8,75,1.20,275,0.13,7.0,21.2,13.1,64
2007-12-06,-18.2,-16.3,64,0.00,273,0.26,0.0,17.7,15.1,55
2007-12-07,-17.7,-16.2,75,0.00,273,0.17,0.0,15.9,12.7,67
2007-12-08,-20.2,-13.5,74,0.00,244,0.14,0.0,16.1,11.5,64
2007-12-09,-11.3,-5.8,75,1.80,258,0.27,8.0,19.1,14.9,67
2007-12-10,-7.7,-5.6,87,2.60,292,0.16,9.0,21.2,15.0,82
2007-12-11,-10.8,-6.7,84,0.80,199,0.11,6.0,11.0,9.0,79
2007-12-12,-3.9,-0.8,86,4.20,283,0.20,21.0,21.3,15.6,82
2007-12-13,-8.6,-6.8,88,0.00,238,0.12,0.0,12.7,9.4,81
2007-12-14,-6.5,-4.9,89,0.00,260,0.12,0.0,18.1,11.8,84
2007-12-15,-10.3,-6.7,88,1.00,130,0.14,4.0,22.7,16.2,79
2007-12-16,-5.1,-2.1,80,0.40,229,0.30,2.0,20.7,14.0,70
2007-12-17,-8.9,-4.1,85,0.00,121,0.15,0.0,19.7,15.1,79
2007-12-18,-10.4,-7.5,80,0.00,163,0.20,0.0,24.1,13.9,68
2007-12-19,-10.9,-8.6,84,0.00,158,0.14,0.0,24.1,10.0,73
2007-12-20,-11.4,-9.4,85,0.50,138,0.14,3.0,25.7,14.9,78
2007-12-21,-18.6,-12.3,77,0.00,279,0.15,0.0,30.1,16.3,66
2007-12-22,-19.6,-13.7,73,0.00,139,0.19,0.0,24.4,16.0,57
2007-12-23,-7.8,-4.5,80,1.60,199,0.23,4.0,17.6,12.8,68
2007-12-24,-3.7,-0.7,81,0.50,258,0.35,3.0,22.7,16.4,73
2007-12-25,-5.0,-1.5,90,1.30,252,0.12,7.0,14.6,8.3,81
2007-12-26,-10.5,-6.5,86,0.00,150,0.12,0.0,8.2,5.4,70
2007-12-27,-11.8,-9.4,88,0.00,265,0.09,0.0,11.2,6.9,83
2007-12-28,-13.6,-11.4,88,0.00,106,0.08,0.0,10.4,8.3,84
2007-12-29,-13.8,-12.2,86,0.00,109,0.09,0.0,9.2,7.5,80
2007-12-30,-13.7,-12.6,86,0.50,98,0.09,5.0,12.4,9.2,80
2007-12-31,-15.8,-13.5,85,0.00,266,0.09,0.0,13.6,8.7,79
2008-01-01,-16.3,-13.8,83,0.00,189,0.10,0.0,25.2,11.9,77
2008-01-02,-10.9,-3.5,77,0.00,147,0.33,0.0,34.5,21.4,61
2008-01-03,-5.5,-2.1,76,0.00,220,0.36,0.0,22.8,14.4,72
2008-01-04,-6.0,-1.7,82,0.00,145,0.26,0.0,20.4,13.6,67
2008-01-05,-6.2,-4.6,86,0.80,110,0.19,4.0,18.4,12.5,80
2008-01-06,-6.6,-5.9,91,0.90,283,0.12,6.0,11.4,9.1,84
2008-01-07,-10.6,-7.4,87,1.00,292,0.11,10.0,13.5,10.9,79
2008-01-08,-16.6,-11.9,84,0.00,124,0.09,0.0,13.3,8.3,78
2008-01-09,-16.3,-13.5,83,0.00,101,0.11,0.0,13.7,9.3,76
2008-01-10,-16.3,-14.2,82,0.00,130,0.13,0.0,14.2,12.5,72
2008-01-11,-15.5,-10.8,81,0.00,131,0.11,0.0,10.9,7.8,74
2008-01-12,-11.0,-7.4,87,0.00,182,0.14,0.0,16.3,9.5,79
2008-01-13,-5.0,0.6,79,0.00,195,0.39,0.0,17.6,14.1,68
2008-01-14,-5.7,-1.3,86,0.30,146,0.17,2.0,15.0,9.2,76
2008-01-15,-7.9,-1.7,82,2.60,305,0.30,6.0,31.1,21.1,71
2008-01-16,-10.5,-3.4,80,0.20,252,0.27,1.0,22.3,15.6,75
2008-01-17,-5.3,-1.3,86,7.00,332,0.17,14.0,19.2,12.0,76
2008-01-18,-13.6,-10.1,82,0.60,257,0.15,4.0,13.0,8.2,65
2008-01-19,-14.9,-11.3,82,0.00,63,0.12,0.0,11.5,8.0,73
2008-01-20,-18.3,-15.6,81,0.00,275,0.14,0.0,14.8,10.7,72
2008-01-21,-14.2,-8.4,72,0.00,261,0.28,0.0,15.1,13.3,64
2008-01-22,-8.0,-6.7,78,0.00,284,0.33,0.0,18.6,16.0,72
2008-01-23,-9.5,-5.6,79,0.00,223,0.33,0.0,18.2,13.3,60
2008-01-24,-9.7,-7.3,84,0.00,100,0.20,0.0,16.8,11.6,73
2008-01-25,-9.6,-7.6,86,0.00,167,0.21,0.0,19.6,14.0,78
2008-01-26,-6.4,-1.6,77,0.00,233,0.37,0.0,15.1,11.1,69
2008-01-27,-15.1,-2.7,78,2.80,355,0.14,16.0,26.7,19.3,64
2008-01-28,-29.6,-26.8,65,0.30,342,0.12,3.0,20.9,14.0,57
2008-01-29,-35.2,-30.4,68,0.00,140,0.07,0.0,14.7,10.1,55
2008-01-30,-30.4,-25.9,67,0.00,130,0.11,0.0,15.2,9.7,58
2008-01-31,-26.6,-23.0,72,0.00,98,0.12,0.0,10.4,7.7,63
2008-02-01,-23.5,-19.3,73,0.00,77,0.15,0.0,5.8,3.3,59
2008-02-02,-24.7,-19.0,73,0.00,122,0.16,0.0,8.9,5.7,60
2008-02-03,-23.0,-17.7,71,0.00,94,0.19,0.0,9.7,7.2,54
2008-02-04,-23.0,-16.8,75,0.00,136,0.16,0.0,13.8,8.2,63
2008-02-05,-17.9,-10.7,75,0.00,145,0.28,0.0,21.7,13.0,57
2008-02-06,-15.7,-10.3,74,1.10,281,0.27,6.0,28.9,19.0,60
2008-02-07,-22.4,-19.4,74,1.00,44,0.16,7.0,14.7,8.4,64
2008-02-08,-23.0,-19.5,71,3.30,328,0.16,9.0,21.6,15.5,58
2008-02-09,-30.2,-26.9,69,0.00,286,0.13,0.0,20.4,14.6,56
2008-02-10,-24.4,-16.6,66,1.40,137,0.25,5.0,30.8,18.7,59
2008-02-11,-13.5,-4.8,80,0.70,222,0.35,3.0,14.6,9.1,64
2008-02-12,-10.4,-5.6,85,2.50,75,0.22,8.0,21.7,12.1,71
2008-02-13,-12.8,-12.1,81,4.80,92,0.33,13.0,21.3,11.9,66
2008-02-14,-12.8,-7.8,81,0.80,118,0.25,4.0,11.0,8.3,72
2008-02-15,-2.4,6.1,83,0.60,239,0.77,4.0,31.8,16.8,59
2008-02-16,0.3,3.7,76,1.20,278,0.92,7.0,28.1,24.0,59
2008-02-17,-4.4,-1.1,77,0.00,276,0.67,0.0,23.7,12.9,62
2008-02-18,-4.6,1.4,80,0.00,258,0.68,0.0,10.8,8.5,59
2008-02-19,-4.6,1.7,79,0.00,146,0.53,0.0,14.3,10.6,54
2008-02-20,-7.2,0.7,84,0.00,138,0.65,0.0,12.7,8.4,62
2008-02-21,-3.9,4.4,75,0.00,231,0.83,0.0,9.7,7.5,49
2008-02-22,-1.4,5.9,70,0.00,222,0.93,0.0,7.9,4.7,46
2008-02-23,-3.3,2.1,79,0.00,258,0.76,0.0,10.1,7.3,59
2008-02-24,-3.5,1.3,80,0.00,95,0.70,0.0,9.4,5.8,66
2008-02-25,-4.3,0.4,84,0.00,113,0.71,0.0,12.7,8.4,65
2008-02-26,-2.9,1.6,82,0.00,215,0.78,0.0,16.4,10.2,68
2008-02-27,-1.5,3.8,88,1.20,117,0.61,10.0,13.7,11.3,75
2008-02-28,-2.3,3.5,76,0.00,293,0.89,0.0,25.3,16.7,60
2008-02-29,-4.1,6.1,79,0.00,151,0.98,0.0,17.2,9.8,47
2008-03-01,-2.0,2.8,82,1.10,265,0.64,4.0,30.2,21.1,69
2008-03-02,-16.5,-8.8,70,0.00,317,0.54,0.0,24.1,13.9,51
2008-03-03,-10.1,-3.9,80,3.20,117,0.45,11.0,11.5,9.0,61
2008-03-04,-9.4,-3.9,80,0.50,309,0.67,4.0,14.2,11.9,63
2008-03-05,-7.9,-2.6,80,0.00,289,0.83,0.0,13.5,6.8,61
2008-03-06,-6.1,1.9,81,0.00,133,0.85,0.0,15.5,12.7,59
2008-03-07,0.5,3.7,68,0.00,262,1.53,0.0,25.2,17.2,57
2008-03-08,-0.3,6.4,78,0.00,221,1.22,0.0,17.7,11.3,58
2008-03-09,1.8,7.1,71,0.00,243,1.51,0.0,19.7,12.3,41
2008-03-10,2.4,6.2,76,0.00,247,1.44,0.0,23.6,13.4,61
2008-03-11,2.8,7.3,78,1.20,149,1.20,4.0,14.0,10.4,64
2008-03-12,1.9,6.0,79,1.50,278,1.02,9.0,24.3,19.4,66
2008-03-13,-1.3,1.0,83,0.90,310,1.00,7.0,14.4,8.0,55
2008-03-14,-4.3,-0.1,80,0.00,100,0.76,0.0,16.4,11.2,59
2008-03-15,-5.7,-1.7,85,1.00,65,0.54,7.0,17.0,12.9,71
2008-03-16,-13.8,-7.7,71,0.80,62,0.76,7.0,15.1,9.1,50
2008-03-17,-5.4,1.7,73,1.10,211,1.16,6.0,23.1,18.6,55
2008-03-18,-1.0,4.5,74,0.00,242,1.48,0.0,15.2,11.9,44
2008-03-19,-0.4,3.4,68,0.00,237,1.57,0.0,15.1,12.3,47
2008-03-20,-1.9,3.0,72,0.00,107,1.37,0.0,12.6,9.0,54
2008-03-21,-1.8,2.5,82,0.90,105,1.13,5.0,15.7,14.2,57
2008-03-22,-0.4,4.3,83,0.00,148,1.48,0.0,15.0,10.7,55
2008-03-23,-0.7,3.7,83,0.00,128,1.17,0.0,22.7,18.5,58
2008-03-24,0.0,2.6,77,3.20,239,1.37,8.0,19.9,14.1,50
2008-03-25,-2.2,1.8,73,0.00,268,1.51,0.0,18.8,12.1,52
2008-03-26,-4.2,1.1,76,0.00,52,1.36,0.0,10.4,6.9,49
2008-03-27,-5.4,0.2,78,0.10,101,1.11,1.0,15.7,12.9,51
2008-03-28,-4.3,-1.6,83,0.40,216,1.04,2.0,13.5,10.9,67
2008-03-29,-6.4,-2.6,76,0.00,355,1.19,0.0,13.6,10.6,46
2008-03-30,-7.8,-1.0,66,0.00,228,1.53,0.0,7.9,4.1,38
2008-03-31,-5.8,2.3,66,0.00,175,1.73,0.0,10.0,6.5,34
2008-04-01,-3.9,1.4,62,0.00,237,1.58,0.0,17.6,13.1,40
2008-04-02,-1.6,3.8,75,0.00,259,1.56,0.0,22.0,15.9,55
2008-04-03,1.6,4.3,76,0.40,272,1.42,3.0,18.4,16.0,58
2008-04-04,0.2,3.8,86,1.00,316,1.05,7.0,12.9,7.9,72
2008-04-05,-1.9,1.5,81,2.60,110,0.96,9.0,16.6,14.6,69
2008-04-06,-2.5,1.6,82,0.20,124,1.25,1.0,15.8,14.1,62
2008-04-07,0.3,5.9,79,1.70,144,1.73,6.0,15.5,12.4,55
2008-04-08,1.8,6.5,80,0.00,149,2.04,0.0,15.6,11.1,54
2008-04-09,1.2,5.5,83,1.00,159,1.60,4.0,16.1,10.8,60
2008-04-10,1.8,6.2,67,0.00,213,2.13,0.0,9.5,6.0,44
2008-04-11,2.4,6.4,67,0.00,237,2.20,0.0,14.5,11.3,41
2008-04-12,4.0,15.5,71,0.00,178,2.43,0.0,12.6,8.8,39
2008-04-13,5.9,10.8,68,0.00,190,2.51,0.0,21.7,16.2,42
2008-04-14,3.5,7.3,61,0.00,249,2.60,0.0,19.1,15.8,39
2008-04-15,1.5,6.0,66,0.10,265,2.10,1.0,20.8,17.6,45
2008-04-16,1.9,6.8,78,0.80,244,1.69,4.0,17.0,12.5,61
2008-04-17,4.0,6.9,67,0.90,245,2.28,3.0,36.6,20.4,40
2008-04-18,-4.6,3.5,68,0.00,321,1.34,0.0,30.1,20.8,53
2008-04-19,-9.5,-5.6,66,0.00,5,1.27,0.0,20.5,15.4,53
2008-04-20,-8.1,-5.5,72,4.50,10,0.84,17.0,21.3,16.1,54
2008-04-21,-9.4,-6.4,77,13.20,352,0.60,24.0,23.7,20.4,67
2008-04-22,-7.7,-2.4,74,16.00,318,1.12,19.0,29.1,24.3,48
2008-04-23,-6.5,-2.1,69,0.00,326,1.66,0.0,19.1,8.1,47
2008-04-24,-5.3,-1.6,69,0.40,34,1.44,4.0,10.4,8.9,48
2008-04-25,-3.9,0.3,71,0.20,325,1.63,2.0,15.7,7.9,41
2008-04-26,-0.6,8.0,61,0.00,228,2.78,0.0,15.7,10.7,41
2008-04-27,3.5,10.8,63,0.00,124,3.03,0.0,15.6,10.8,43
2008-04-28,6.1,14.9,68,0.00,178,3.28,0.0,17.8,10.4,32
2008-04-29,5.6,11.5,73,0.60,115,2.82,3.0,16.8,10.9,53
2008-04-30,5.0,10.7,86,9.50,97,1.42,15.0,14.2,9.2,59
2008-05-01,2.9,5.1,96,5.10,106,0.79,15.0,15.5,11.5,84
2008-05-02,4.4,11.1,83,0.00,134,2.23,0.0,11.5,9.1,55
2008-05-03,8.3,15.8,68,0.00,128,3.56,0.0,11.5,6.9,37
2008-05-04,8.5,14.9,58,0.00,266,3.42,0.0,20.9,14.6,37
2008-05-05,7.5,13.1,61,0.00,259,3.29,0.0,14.4,8.8,40
2008-05-06,7.9,14.5,62,0.00,59,3.59,0.0,12.2,8.9,39
2008-05-07,6.9,13.4,69,1.80,89,2.35,7.0,16.6,11.6,44
2008-05-08,6.2,10.3,53,0.00,53,3.49,0.0,21.3,14.2,34
2008-05-09,5.6,11.7,49,0.00,89,3.69,0.0,13.7,9.4,31
2008-05-10,7.5,14.8,50,0.00,126,3.79,0.0,17.0,12.4,34
2008-05-11,8.1,14.1,71,0.00,13,3.32,0.0,14.3,8.3,41
2008-05-12,8.5,14.5,67,0.40,9,3.61,1.0,11.4,5.9,36
2008-05-13,8.7,14.4,63,0.00,226,3.11,0.0,15.4,11.0,37
2008-05-14,9.3,13.8,57,0.00,261,3.96,0.0,20.2,16.6,38
2008-05-15,13.1,19.3,62,0.00,262,4.59,0.0,34.6,22.8,41
2008-05-16,14.0,18.2,53,0.00,274,5.27,0.0,32.8,21.1,37
2008-05-17,14.9,22.3,58,0.00,132,4.65,0.0,16.6,9.6,35
2008-05-18,15.7,21.1,53,0.00,251,4.54,0.0,24.4,18.9,42
2008-05-19,12.9,18.0,58,0.00,309,4.08,0.0,20.0,7.3,34
2008-05-20,12.5,17.9,62,2.70,110,3.68,6.0,23.7,19.1,36
2008-05-21,9.4,16.7,92,29.80,114,0.94,21.0,22.4,11.7,55
2008-05-22,7.9,9.5,98,10.70,140,0.97,22.0,14.3,10.4,85
2008-05-23,10.0,17.2,84,3.10,51,2.61,9.0,15.7,9.2,46
2008-05-24,11.8,16.2,73,0.00,24,3.10,0.0,21.6,17.9,49
2008-05-25,9.8,14.6,70,0.00,21,3.25,0.0,21.1,12.7,35
2008-05-26,10.3,14.8,65,0.00,115,4.17,0.0,16.3,13.1,37
2008-05-27,11.4,17.9,65,0.00,144,4.46,0.0,19.7,16.9,44
2008-05-28,13.3,18.5,58,0.00,139,4.76,0.0,22.8,17.8,41
2008-05-29,14.3,19.1,66,1.00,171,4.06,2.0,17.1,12.0,49
2008-05-30,11.9,16.2,82,3.10,286,3.03,7.0,18.8,15.6,44
2008-05-31,12.5,16.5,68,0.60,278,3.81,4.0,19.4,14.3,43
2008-06-01,11.7,17.1,64,0.00,116,3.92,0.0,12.0,8.2,47
2008-06-02,14.8,21.3,67,0.00,144,4.70,0.0,16.1,8.4,46
2008-06-03,15.5,21.8,70,0.10,155,4.85,1.0,17.6,10.6,37
2008-06-04,16.0,20.8,68,1.00,104,4.19,1.0,13.9,7.6,38
2008-06-05,14.9,19.6,84,2.30,152,3.41,4.0,12.6,8.7,60
2008-06-06,14.0,20.0,83,6.30,321,2.81,8.0,12.4,6.9,55
2008-06-07,13.3,16.2,91,2.90,303,1.96,11.0,18.9,13.4,73
2008-06-08,12.7,15.3,81,1.90,275,2.44,8.0,16.1,11.4,60
2008-06-09,12.5,15.9,69,0.00,233,3.30,0.0,8.9,6.5,46
2008-06-10,12.3,16.8,80,3.60,61,2.98,9.0,11.9,8.6,56
2008-06-11,12.3,17.2,89,4.80,316,2.90,4.0,13.7,6.3,71
2008-06-12,13.8,19.3,81,0.00,277,3.87,0.0,8.4,6.3,51
2008-06-13,13.8,19.1,75,3.10,270,3.00,5.0,19.5,10.5,44
2008-06-14,12.5,16.4,62,0.00,273,4.04,0.0,16.6,13.6,44
2008-06-15,12.4,15.7,77,2.20,294,2.88,7.0,11.8,9.0,48
2008-06-16,13.0,18.2,76,0.00,236,3.91,0.0,14.4,8.3,47
2008-06-17,14.0,18.3,79,3.80,145,2.54,9.0,14.0,7.4,48
2008-06-18,12.7,16.9,87,8.30,291,3.13,15.0,9.4,5.3,53
2008-06-19,13.5,17.9,71,0.10,253,4.04,1.0,18.7,14.6,47
2008-06-20,15.2,21.0,64,0.00,212,4.88,0.0,10.8,7.3,38
2008-06-21,17.8,23.9,68,0.00,147,4.74,0.0,10.4,8.1,40
2008-06-22,16.7,23.8,77,21.60,140,2.25,11.0,29.5,16.6,44
2008-06-23,14.6,19.3,60,0.90,268,4.83,2.0,21.3,15.5,39
2008-06-24,16.2,20.7,61,0.00,246,4.94,0.0,13.3,8.6,39
2008-06-25,15.3,19.7,64,0.00,254,4.93,0.0,23.3,19.4,41
2008-06-26,12.6,17.0,67,2.30,249,3.17,6.0,22.1,17.2,48
2008-06-27,14.3,20.2,64,0.80,269,4.80,2.0,22.0,15.4,44
2008-06-28,18.6,26.5,65,0.00,198,5.30,0.0,11.9,9.8,43
2008-06-29,21.1,26.4,63,0.00,238,5.64,0.0,16.3,11.9,47
2008-06-30,20.9,24.8,68,0.00,275,5.37,0.0,11.6,8.4,43
2008-07-01,19.1,24.2,60,0.00,351,5.25,0.0,12.8,9.6,44
2008-07-02,18.9,25.4,64,0.00,129,5.42,0.0,17.3,12.2,44
2008-07-03,21.3,28.0,67,0.00,160,5.54,0.0,13.2,8.3,45
2008-07-04,21.4,25.8,76,0.40,257,4.42,2.0,15.8,8.9,53
2008-07-05,18.4,24.5,79,2.70,322,3.34,12.0,15.3,12.3,55
2008-07-06,16.0,18.9,84,9.20,134,2.76,15.0,15.0,9.4,62
2008-07-07,15.8,18.9,73,2.20,268,3.77,6.0,20.9,15.7,53
2008-07-08,15.9,19.5,63,1.00,261,4.46,1.0,22.8,16.0,48
2008-07-09,16.2,19.9,64,0.00,249,4.70,0.0,20.8,17.0,44
2008-07-10,14.5,19.0,60,0.00,257,4.47,0.0,22.5,17.5,45
2008-07-11,13.8,17.6,68,0.00,289,3.83,0.0,25.7,20.3,45
2008-07-12,16.9,23.0,65,0.00,255,4.72,0.0,16.1,12.1,41
2008-07-13,17.9,22.5,62,0.00,262,4.77,0.0,23.0,18.8,42
2008-07-14,13.9,18.8,86,14.10,307,2.70,16.0,14.8,9.3,57
2008-07-15,14.0,18.3,80,2.80,267,3.37,7.0,11.2,6.7,62
2008-07-16,15.0,19.0,81,2.50,290,3.64,10.0,9.3,4.8,54
2008-07-17,16.1,21.9,76,0.10,149,4.07,1.0,8.9,5.9,48
2008-07-18,15.9,20.2,81,2.10,229,3.45,4.0,10.9,7.6,53
2008-07-19,17.0,22.2,72,0.00,252,4.27,0.0,11.5,8.5,47
2008-07-20,19.5,25.3,66,0.00,211,4.85,0.0,12.0,9.5,45
2008-07-21,19.6,25.0,68,0.10,214,4.31,1.0,18.7,13.5,51
2008-07-22,17.0,21.7,61,0.00,272,3.91,0.0,16.6,11.5,43
2008-07-23,16.3,21.3,65,0.00,245,4.35,0.0,9.9,5.6,37
2008-07-24,17.8,23.6,63,0.00,239,4.74,0.0,13.0,8.3,36
2008-07-25,20.1,26.2,62,0.00,150,4.79,0.0,8.8,5.9,33
2008-07-26,20.8,26.1,58,0.00,131,5.12,0.0,16.5,14.2,35
2008-07-27,19.3,25.8,71,0.50,230,3.64,2.0,11.5,6.9,37
2008-07-28,18.1,22.6,68,3.90,279,3.84,7.0,23.5,17.8,51
2008-07-29,18.1,22.6,69,0.00,152,3.52,0.0,15.8,10.9,46
2008-07-30,16.1,21.9,85,24.00,277,1.29,19.0,25.7,13.5,54
2008-07-31,15.6,19.4,50,0.20,268,5.36,1.0,33.5,27.4,39
2008-08-01,15.2,19.4,67,6.50,251,3.08,7.0,17.3,11.3,39
2008-08-02,12.7,16.8,90,13.40,277,1.82,20.0,28.6,22.7,72
2008-08-03,15.2,19.8,75,0.20,287,3.51,1.0,23.7,18.2,50
2008-08-04,17.1,22.2,70,0.00,265,3.94,0.0,12.9,9.5,50
2008-08-05,18.1,22.6,74,0.00,298,4.02,0.0,11.6,7.1,50
2008-08-06,19.4,25.8,69,0.00,153,4.59,0.0,12.6,8.9,43
2008-08-07,20.4,27.1,67,0.00,134,4.96,0.0,15.3,11.9,46
2008-08-08,22.2,28.8,72,0.20,142,4.65,1.0,12.6,6.0,40
2008-08-09,22.2,27.0,71,0.10,122,4.34,1.0,14.1,10.7,50
2008-08-10,19.9,26.6,75,8.70,229,3.63,8.0,20.8,13.4,49
2008-08-11,16.6,21.8,76,3.80,304,2.31,9.0,16.8,8.8,49
2008-08-12,15.5,17.5,79,0.80,307,1.80,3.0,17.8,12.7,64
2008-08-13,16.4,21.7,76,0.00,302,3.48,0.0,18.6,12.5,49
2008-08-14,19.4,25.5,66,0.00,249,4.48,0.0,16.3,11.8,48
2008-08-15,22.2,29.3,69,0.00,165,4.34,0.0,9.7,7.6,45
2008-08-16,22.2,28.3,71,0.00,223,4.08,0.0,15.5,12.6,51
2008-08-17,21.2,27.3,77,0.00,124,4.23,0.0,21.7,14.2,50
2008-08-18,23.2,29.4,64,0.00,169,4.95,0.0,21.9,14.0,38
2008-08-19,20.4,27.7,74,5.70,307,2.76,11.0,18.0,11.4,47
2008-08-20,14.2,19.3,90,7.50,52,1.16,18.0,18.4,15.9,71
2008-08-21,10.9,13.9,90,8.30,57,1.03,19.0,21.7,17.3,69
2008-08-22,12.7,17.3,72,0.20,288,1.98,2.0,14.1,9.8,57
2008-08-23,15.9,22.8,74,0.00,180,3.34,0.0,9.7,8.1,44
2008-08-24,17.8,24.3,72,0.00,141,3.70,0.0,19.7,16.7,50
2008-08-25,18.4,24.1,60,0.00,249,4.31,0.0,23.5,18.0,33
2008-08-26,14.4,18.6,52,0.00,260,4.22,0.0,23.8,18.3,35
2008-08-27,12.7,16.0,61,0.00,257,3.08,0.0,20.6,14.9,45
2008-08-28,12.9,15.9,64,0.80,257,3.23,4.0,29.0,20.7,56
2008-08-29,13.6,18.4,61,0.80,255,3.46,1.0,19.6,14.6,37
2008-08-30,9.9,17.2,89,18.80,318,1.07,23.0,19.3,13.6,50
2008-08-31,8.7,12.0,77,0.10,276,1.88,1.0,18.8,15.2,55
2008-09-01,10.2,14.8,75,0.00,248,2.44,0.0,12.6,8.4,48
2008-09-02,11.8,16.6,70,0.00,241,2.81,0.0,13.0,10.1,46
2008-09-03,12.1,16.3,75,0.00,262,2.23,0.0,17.3,13.4,50
2008-09-04,11.5,15.2,74,0.00,271,2.60,0.0,15.3,11.7,52
2008-09-05,10.7,14.6,80,0.30,289,2.41,3.0,11.5,5.8,55
2008-09-06,10.1,13.8,78,0.40,28,2.17,2.0,11.1,7.4,46
2008-09-07,9.9,13.2,79,3.40,263,1.74,8.0,15.1,9.2,50
2008-09-08,9.5,12.6,89,3.20,206,0.98,6.0,13.6,9.8,76
2008-09-09,10.1,12.5,93,5.80,311,1.20,17.0,13.3,9.3,81
2008-09-10,10.6,18.0,82,0.40,241,2.36,3.0,14.5,9.7,43
2008-09-11,14.9,19.7,61,0.00,246,3.40,0.0,24.9,19.0,50
2008-09-12,13.0,18.6,77,3.10,275,2.41,7.0,21.6,16.9,50
2008-09-13,11.1,15.8,69,0.40,255,2.65,2.0,18.5,13.6,45
2008-09-14,12.0,17.0,67,0.00,249,2.67,0.0,18.2,13.0,50
2008-09-15,14.3,19.5,59,0.00,254,3.34,0.0,21.0,15.8,48
2008-09-16,14.5,18.9,76,0.00,41,2.22,0.0,12.5,7.4,56
2008-09-17,12.8,20.4,73,0.00,133,2.64,0.0,26.2,19.3,57
2008-09-18,15.7,19.9,69,0.00,255,2.81,0.0,19.9,13.5,55
2008-09-19,12.1,18.1,74,0.00,83,2.04,0.0,19.1,14.2,59
2008-09-20,11.1,16.9,70,0.00,132,2.59,0.0,22.2,19.9,59
2008-09-21,12.4,17.3,80,0.00,144,1.97,0.0,17.1,9.3,59
2008-09-22,9.8,16.4,96,30.90,290,0.36,22.0,37.2,25.5,67
2008-09-23,8.2,10.4,71,2.10,285,2.14,6.0,37.6,32.3,50
2008-09-24,7.3,10.5,68,0.70,273,2.20,3.0,28.0,17.4,44
2008-09-25,7.5,9.6,62,0.00,84,1.43,0.0,12.9,8.2,51
2008-09-26,7.1,9.3,79,0.70,155,0.77,4.0,16.7,9.3,56
2008-09-27,7.9,11.7,85,1.30,155,1.13,6.0,20.1,16.1,62
2008-09-28,10.0,14.2,63,0.00,265,2.47,0.0,21.3,16.2,48
2008-09-29,12.7,19.9,61,0.00,228,2.86,0.0,21.1,15.5,51
2008-09-30,15.1,21.9,72,0.00,189,2.25,0.0,11.6,7.5,52
2008-10-01,14.9,22.4,78,0.00,145,2.13,0.0,15.0,7.3,49
2008-10-02,14.4,20.7,77,0.00,132,2.18,0.0,18.1,13.2,48
2008-10-03,14.2,19.1,71,0.00,158,2.07,0.0,19.6,11.5,58
2008-10-04,13.4,18.7,81,0.00,112,1.80,0.0,19.0,11.9,56
2008-10-05,13.0,17.6,84,3.80,164,1.45,8.0,25.3,14.5,54
2008-10-06,9.4,12.4,50,0.00,269,2.99,0.0,26.6,23.0,41
2008-10-07,7.6,12.8,65,0.30,135,1.74,1.0,21.9,13.6,49
2008-10-08,6.2,11.8,77,6.60,278,1.27,15.0,32.6,27.5,53
2008-10-09,4.6,7.4,62,0.00,284,1.84,0.0,24.3,17.4,46
2008-10-10,2.4,6.6,71,0.00,345,1.19,0.0,13.4,11.4,51
2008-10-11,1.7,7.3,73,0.00,162,1.21,0.0,20.6,12.4,44
2008-10-12,4.3,10.8,67,0.00,210,1.60,0.0,23.2,16.4,57
2008-10-13,7.0,11.4,79,0.00,253,1.16,0.0,21.0,13.8,52
2008-10-14,6.2,10.0,52,0.00,270,2.42,0.0,33.7,27.8,34
2008-10-15,4.1,8.8,53,0.00,253,2.03,0.0,23.8,19.0,36
2008-10-16,3.7,9.1,61,0.00,220,1.48,0.0,12.6,10.7,41
2008-10-17,4.8,11.8,69,0.00,202,1.53,0.0,26.8,14.3,41
2008-10-18,5.7,9.5,55,0.00,260,2.06,0.0,24.9,19.6,43
2008-10-19,3.7,8.5,63,0.20,246,1.56,2.0,21.2,15.3,38
2008-10-20,3.5,7.7,66,0.00,152,1.33,0.0,24.8,16.8,49
2008-10-21,5.5,7.5,61,0.10,270,1.72,1.0,31.8,21.8,48
2008-10-22,4.6,10.9,59,0.00,211,1.60,0.0,22.0,16.3,46
2008-10-23,7.1,11.4,56,0.80,251,2.19,2.0,35.4,26.5,39
2008-10-24,5.9,10.6,52,0.00,245,2.16,0.0,34.1,23.3,45
2008-10-25,5.2,9.2,46,1.80,279,2.51,11.0,38.6,33.6,28
2008-10-26,-0.1,1.9,33,0.00,301,2.14,0.0,39.5,22.2,24
2008-10-27,1.0,9.6,53,0.00,183,1.42,0.0,19.4,13.5,38
2008-10-28,4.6,10.5,67,1.40,191,0.83,2.0,11.0,6.7,55
2008-10-29,3.6,7.4,78,0.00,184,0.58,0.0,13.8,8.3,63
2008-10-30,2.4,4.8,81,0.80,271,0.69,4.0,26.0,15.4,56
2008-10-31,1.2,4.2,73,0.00,124,0.85,0.0,19.9,16.6,63
2008-11-01,3.4,10.2,86,0.90,152,0.73,4.0,21.1,11.4,77
2008-11-02,5.0,8.4,89,0.00,130,0.53,0.0,21.8,15.2,75
2008-11-03,4.3,7.2,90,0.00,264,0.50,0.0,16.8,9.8,76
2008-11-04,1.3,5.3,87,0.00,309,0.38,0.0,12.0,7.2,78
2008-11-05,-0.6,0.8,84,1.00,111,0.34,7.0,16.6,12.2,73
2008-11-06,-1.4,2.2,88,0.00,167,0.47,0.0,20.9,11.2,67
2008-11-07,0.2,4.3,88,1.60,144,0.46,6.0,24.1,12.6,72
2008-11-08,-0.4,2.9,93,0.00,132,0.30,0.0,20.6,16.6,84
2008-11-09,0.3,1.7,94,3.00,133,0.23,13.0,18.8,17.2,89
2008-11-10,-1.1,0.3,89,0.10,257,0.35,1.0,19.8,13.2,71
2008-11-11,-1.3,1.6,90,0.60,132,0.32,4.0,12.5,7.0,73
2008-11-12,0.6,7.0,87,3.00,164,0.54,4.0,24.4,18.3,60
2008-11-13,1.4,2.7,92,6.40,285,0.26,16.0,35.2,22.1,74
2008-11-14,0.0,0.9,67,0.00,282,0.88,0.0,24.1,19.1,56
2008-11-15,0.7,4.4,75,3.10,244,0.66,9.0,25.3,15.8,64
2008-11-16,-0.6,1.9,84,0.00,257,0.37,0.0,16.3,8.2,72
2008-11-17,-2.0,-0.7,92,2.10,130,0.17,7.0,27.6,16.1,88
2008-11-18,-1.3,0.3,94,3.80,235,0.18,11.0,23.4,12.5,90
2008-11-19,-8.5,-2.7,80,0.00,304,0.32,0.0,24.9,16.5,66
2008-11-20,-9.4,-3.8,74,0.00,141,0.49,0.0,37.8,28.2,63
2008-11-21,-4.2,-0.6,72,0.10,193,0.63,1.0,33.6,17.6,61
2008-11-22,-0.3,2.2,78,3.20,234,0.59,7.0,30.6,19.9,62
2008-11-23,-1.7,0.4,72,0.00,266,0.70,0.0,24.3,19.3,66
2008-11-24,-1.0,4.6,66,0.00,204,0.75,0.0,22.3,14.3,51
2008-11-25,-1.0,3.3,80,0.00,203,0.39,0.0,15.1,11.9,66
2008-11-26,0.3,2.9,70,0.00,264,0.84,0.0,28.1,20.9,64
2008-11-27,-3.0,-0.2,67,0.00,225,0.54,0.0,18.0,12.2,59
2008-11-28,-3.4,1.3,70,0.00,199,0.45,0.0,13.4,10.2,64
2008-11-29,1.5,3.0,80,0.00,263,0.60,0.0,23.9,21.3,72
2008-11-30,0.2,2.7,80,0.10,257,0.42,1.0,19.6,14.2,70
2008-12-01,2.5,5.7,77,1.60,250,0.80,5.0,40.4,26.4,51
2008-12-02,-4.9,-2.0,71,0.50,307,0.55,5.0,33.4,21.2,61
2008-12-03,-11.3,-8.4,64,0.00,312,0.46,0.0,25.7,19.3,60
2008-12-04,-11.3,-4.6,61,0.80,220,0.36,3.0,16.5,10.4,48
2008-12-05,-1.7,0.4,79,2.10,293,0.42,6.0,25.1,17.4,69
2008-12-06,-6.4,-3.3,80,4.50,121,0.23,11.0,15.9,12.7,74
2008-12-07,-4.9,0.3,88,0.30,348,0.12,2.0,14.5,9.8,80
2008-12-08,-13.0,-7.9,80,2.40,60,0.10,13.0,13.0,10.0,76
2008-12-09,-18.8,-16.2,80,6.30,120,0.12,15.0,29.6,17.5,75
2008-12-10,-9.4,-3.0,84,6.00,279,0.17,14.0,19.2,11.4,77
2008-12-11,-2.9,-1.9,78,0.00,271,0.48,0.0,27.8,21.4,72
2008-12-12,-7.0,-2.0,87,0.70,316,0.12,4.0,19.2,15.4,76
2008-12-13,-24.6,-16.4,77,0.00,343,0.09,0.0,19.9,14.6,68
2008-12-14,-29.1,-25.6,74,0.00,278,0.07,0.0,16.2,14.0,73
2008-12-15,-24.3,-18.3,75,0.00,272,0.12,0.0,23.8,17.5,63
2008-12-16,-12.8,-10.3,81,2.80,272,0.17,9.0,23.5,12.0,63
2008-12-17,-13.7,-11.9,81,3.50,5,0.13,20.0,20.3,12.1,68
2008-12-18,-17.9,-14.5,80,0.00,356,0.08,0.0,15.2,9.4,70
2008-12-19,-24.9,-21.1,77,0.00,294,0.06,0.0,10.9,9.1,72
2008-12-20,-28.1,-24.7,73,0.00,256,0.06,0.0,12.4,8.4,60
2008-12-21,-30.1,-25.8,74,0.00,125,0.05,0.0,14.4,9.6,65
2008-12-22,-30.9,-28.1,74,0.00,228,0.05,0.0,12.3,9.6,69
2008-12-23,-29.0,-22.9,71,0.00,208,0.06,0.0,9.3,6.3,55
2008-12-24,-25.2,-20.2,73,0.00,146,0.08,0.0,11.5,8.1,60
2008-12-25,-22.4,-19.3,78,0.00,219,0.08,0.0,12.5,9.4,68
2008-12-26,-22.9,-19.5,78,0.00,188,0.08,0.0,14.5,10.0,71
2008-12-27,-13.1,-6.5,80,0.40,178,0.20,2.0,18.6,14.8,74
2008-12-28,-18.0,-9.5,82,0.00,326,0.06,0.0,11.5,7.0,69
2008-12-29,-21.5,-18.0,78,0.00,108,0.11,0.0,21.2,15.5,75
2008-12-30,-19.0,-17.5,77,2.60,238,0.13,16.0,19.5,13.9,68
2008-12-31,-23.8,-20.3,76,2.20,96,0.10,8.0,22.6,13.7,73
2009-01-01,-24.2,-20.3,76,0.70,280,0.08,4.0,14.8,10.2,68
2009-01-02,-30.3,-26.9,72,0.00,288,0.06,0.0,15.3,9.8,66
2009-01-03,-34.5,-29.3,70,0.00,121,0.04,0.0,16.4,8.8,61
2009-01-04,-27.5,-19.3,72,0.00,132,0.11,0.0,21.0,14.5,65
2009-01-05,-15.6,-11.5,76,0.60,128,0.21,3.0,25.6,17.4,70
2009-01-06,-17.0,-10.5,80,1.00,298,0.10,4.0,21.4,12.6,68
2009-01-07,-24.8,-20.4,73,0.90,99,0.11,8.0,15.9,12.1,67
2009-01-08,-20.3,-19.1,75,2.80,317,0.09,12.0,17.8,9.0,69
2009-01-09,-24.7,-15.7,73,0.70,213,0.11,4.0,17.8,10.9,65
2009-01-10,-9.7,-4.9,84,1.20,279,0.16,5.0,10.5,7.3,74
2009-01-11,-14.8,-10.8,83,6.60,51,0.11,9.0,15.8,11.2,76
2009-01-12,-19.8,-17.4,79,1.20,102,0.09,5.0,18.4,10.4,72
2009-01-13,-14.3,-9.2,80,8.50,53,0.16,15.0,21.2,14.0,72
2009-01-14,-18.6,-15.8,77,0.00,115,0.14,0.0,14.2,11.4,67
2009-01-15,-9.2,0.3,78,0.00,225,0.39,0.0,20.8,15.2,63
2009-01-16,0.4,1.2,66,0.00,271,1.03,0.0,29.7,23.0,59
2009-01-17,0.3,3.1,72,0.00,263,0.75,0.0,21.4,18.8,57
2009-01-18,2.3,4.7,60,0.00,258,1.22,0.0,23.4,19.7,48
2009-01-19,-0.6,3.5,64,0.00,257,0.85,0.0,19.6,14.9,45
2009-01-20,-0.4,2.0,65,0.00,260,0.85,0.0,19.1,15.8,54
2009-01-21,-4.4,-0.7,75,0.00,271,0.40,0.0,13.7,12.0,66
2009-01-22,-13.1,-7.2,77,2.10,340,0.23,11.0,27.9,19.4,62
2009-01-23,-24.3,-19.8,76,0.00,317,0.11,0.0,16.0,10.6,67
2009-01-24,-27.4,-23.7,73,0.00,265,0.12,0.0,20.2,14.7,62
2009-01-25,-22.9,-18.0,63,0.00,267,0.25,0.0,20.6,17.2,52
2009-01-26,-20.7,-12.6,63,0.00,236,0.27,0.0,12.3,11.1,45
2009-01-27,-10.0,-4.4,78,3.80,232,0.25,16.0,15.6,10.7,54
2009-01-28,-6.6,-5.0,88,2.80,286,0.26,12.0,16.2,11.7,75
2009-01-29,-4.3,0.3,85,1.20,256,0.30,5.0,18.6,15.0,80
2009-01-30,3.0,5.2,72,6.50,252,1.09,8.0,34.7,19.0,56
2009-01-31,-0.9,2.7,62,0.50,268,1.23,2.0,41.4,31.9,55
2009-02-01,-6.4,-2.8,76,0.00,286,0.59,0.0,31.9,15.4,63
2009-02-02,-8.0,-3.6,85,2.40,140,0.23,5.0,18.1,13.7,80
2009-02-03,-2.7,3.7,83,0.00,176,0.49,0.0,16.9,12.9,63
2009-02-04,3.1,4.4,59,0.00,237,1.52,0.0,26.6,21.7,48
2009-02-05,-0.3,2.6,84,0.40,223,0.50,3.0,12.7,8.9,68
2009-02-06,-1.6,1.4,89,3.70,20,0.33,14.0,11.7,8.2,79
2009-02-07,-3.5,1.8,78,0.00,241,0.63,0.0,20.3,14.5,61
2009-02-08,1.4,5.8,66,0.00,212,1.04,0.0,20.1,12.9,49
2009-02-09,-1.8,1.4,81,0.00,73,0.44,0.0,13.2,10.1,70
2009-02-10,-5.6,-1.3,88,1.20,304,0.33,6.0,18.3,12.2,76
2009-02-11,-12.2,-7.3,81,0.00,287,0.38,0.0,10.1,5.1,57
2009-02-12,-14.3,-9.7,79,0.00,287,0.32,0.0,10.5,6.7,66
2009-02-13,-17.7,-13.0,80,0.00,314,0.30,0.0,6.6,4.0,67
2009-02-14,-18.4,-12.6,78,0.00,114,0.28,0.0,8.8,6.1,62
2009-02-15,-17.7,-12.6,77,0.00,131,0.31,0.0,13.0,10.1,62
2009-02-16,-16.5,-8.9,75,0.00,150,0.43,0.0,14.9,11.2,54
2009-02-17,-13.6,-7.3,65,0.00,232,0.50,0.0,8.6,3.9,46
2009-02-18,-11.7,-6.5,69,0.00,256,0.53,0.0,14.1,10.1,54
2009-02-19,-10.7,-7.4,78,0.70,285,0.35,4.0,14.8,8.2,65
2009-02-20,-10.1,-2.4,81,0.00,177,0.56,0.0,11.2,6.2,50
2009-02-21,-8.8,-4.6,82,0.00,109,0.40,0.0,18.7,12.9,68
2009-02-22,-6.5,-5.0,86,0.00,142,0.38,0.0,21.6,12.9,75
2009-02-23,-9.1,-5.5,81,3.30,14,0.34,19.0,16.4,11.9,66
2009-02-24,-16.8,-12.3,73,0.10,57,0.29,1.0,13.5,11.4,55
2009-02-25,-21.4,-17.9,67,0.00,59,0.34,0.0,15.8,11.5,51
2009-02-26,-24.4,-18.3,69,0.00,135,0.28,0.0,21.6,12.8,55
2009-02-27,-18.2,-10.8,65,0.00,231,0.53,0.0,21.1,13.5,47
2009-02-28,-15.9,-11.2,76,0.00,90,0.38,0.0,17.4,11.2,56
2009-03-01,-14.9,-7.8,74,0.00,133,0.53,0.0,20.4,14.1,53
2009-03-02,-11.3,-5.4,77,0.00,122,0.60,0.0,20.9,18.8,61
2009-03-03,-6.9,-2.7,83,0.60,196,0.62,2.0,20.3,11.8,71
2009-03-04,-4.5,2.8,82,0.10,249,0.85,1.0,15.7,9.7,60
2009-03-05,-12.0,0.4,74,1.90,327,0.52,8.0,26.6,22.3,58
2009-03-06,-18.3,-9.5,68,0.00,171,0.56,0.0,18.4,11.4,42
2009-03-07,-9.0,-3.7,73,1.00,219,0.65,5.0,28.6,17.6,51
2009-03-08,-15.4,-7.7,68,3.30,330,0.50,16.0,28.7,25.0,53
2009-03-09,-24.5,-19.1,66,0.00,335,0.32,0.0,19.4,11.6,49
2009-03-10,-26.7,-19.4,61,0.00,249,0.37,0.0,10.1,8.0,37
2009-03-11,-21.8,-10.7,55,0.00,229,0.61,0.0,14.8,10.9,34
2009-03-12,-9.7,-0.8,63,0.00,250,1.04,0.0,18.2,15.4,46
2009-03-13,0.9,4.0,75,1.70,244,1.32,7.0,23.7,16.0,60
2009-03-14,-0.2,3.5,90,2.90,98,0.72,15.0,10.9,8.1,72
2009-03-15,-5.4,-0.2,82,0.30,88,0.61,2.0,18.8,15.7,67
2009-03-16,-10.6,-6.3,75,0.00,24,0.66,0.0,17.1,12.0,59
2009-03-17,-14.7,-10.1,73,0.00,310,0.66,0.0,13.6,9.8,55
2009-03-18,-14.3,-5.5,72,0.00,125,0.71,0.0,24.4,13.1,58
2009-03-19,-4.2,1.9,75,0.00,172,1.16,0.0,24.9,9.7,50
2009-03-20,-3.1,1.2,76,0.00,98,0.88,0.0,25.0,13.0,56
2009-03-21,-1.9,1.2,76,0.40,135,1.48,2.0,32.0,19.0,50
2009-03-22,-3.3,0.4,80,2.00,52,0.66,8.0,19.5,14.3,55
2009-03-23,-7.0,0.1,76,0.00,32,1.27,0.0,16.6,8.6,49
2009-03-24,-5.5,-0.4,74,0.00,136,1.02,0.0,26.9,21.4,53
2009-03-25,-5.7,-0.4,72,0.00,135,1.22,0.0,24.5,13.4,46
2009-03-26,-6.0,0.3,74,0.00,180,1.35,0.0,21.4,12.9,41
2009-03-27,-0.8,1.9,65,0.00,228,1.69,0.0,27.7,21.2,47
2009-03-28,-0.9,2.0,69,0.00,260,1.67,0.0,20.9,17.7,49
2009-03-29,-2.2,2.2,76,0.10,283,1.46,1.0,11.2,7.8,55
2009-03-30,-2.1,4.7,70,0.00,208,1.64,0.0,17.7,11.1,42
2009-03-31,0.7,4.0,74,0.00,247,1.46,0.0,15.8,12.7,51
2009-04-01,-0.4,3.8,69,0.00,272,1.91,0.0,14.8,7.6,27
2009-04-02,-1.0,3.1,74,0.10,89,1.48,1.0,14.2,9.9,42
2009-04-03,-0.3,2.7,81,0.00,28,1.27,0.0,14.7,7.3,58
2009-04-04,0.5,5.2,75,0.00,236,1.80,0.0,7.7,4.5,47
2009-04-05,0.7,6.1,76,0.00,143,1.77,0.0,20.1,16.0,49
2009-04-06,3.6,8.6,71,0.00,209,2.34,0.0,20.4,13.8,45
2009-04-07,3.0,8.7,72,0.00,261,2.25,0.0,11.9,7.0,40
2009-04-08,3.3,7.3,75,0.00,120,1.61,0.0,13.6,10.9,56
2009-04-09,2.7,7.7,78,0.00,120,2.09,0.0,17.1,13.1,58
2009-04-10,2.5,7.1,83,1.10,199,1.81,6.0,12.5,7.0,63
2009-04-11,3.1,10.1,81,0.10,154,2.35,1.0,11.1,8.6,51
2009-04-12,4.3,9.2,76,3.00,212,2.36,5.0,14.5,11.1,51
2009-04-13,2.5,6.9,80,4.50,79,1.11,10.0,16.5,12.2,61
2009-04-14,1.6,4.2,83,3.30,352,1.33,8.0,19.4,17.0,56
2009-04-15,1.9,8.2,65,0.00,244,2.33,0.0,10.1,5.0,38
2009-04-16,2.3,7.9,64,0.00,131,2.42,0.0,17.7,10.2,39
2009-04-17,4.0,10.6,60,0.00,135,2.86,0.0,23.5,20.5,42
2009-04-18,5.3,10.1,71,2.40,256,2.50,10.0,21.2,15.0,32
2009-04-19,4.8,10.5,51,0.00,252,3.24,0.0,17.4,12.0,33
2009-04-20,6.2,10.1,61,0.00,228,2.09,0.0,14.3,8.7,39
2009-04-21,6.3,13.2,82,5.40,132,1.77,10.0,21.6,12.5,58
2009-04-22,4.6,12.1,72,4.00,262,2.16,10.0,30.5,23.1,42
2009-04-23,-2.6,1.6,52,1.10,306,2.08,7.0,31.7,23.8,35
2009-04-24,-2.4,3.3,46,0.00,311,2.46,0.0,15.9,7.6,20
2009-04-25,1.0,4.8,43,0.00,3,2.15,0.0,14.3,8.2,21
2009-04-26,1.7,4.7,66,2.90,351,1.88,9.0,12.3,8.7,43
2009-04-27,1.0,4.5,69,0.00,337,2.28,0.0,10.4,7.5,45
2009-04-28,0.3,5.6,52,0.00,46,2.60,0.0,12.1,8.6,30
2009-04-29,2.9,8.0,44,0.00,32,3.10,0.0,13.3,6.8,28
2009-04-30,4.8,9.6,57,0.00,308,2.57,0.0,11.6,8.0,33
2009-05-01,5.8,13.0,61,0.00,260,2.99,0.0,11.6,9.2,42
2009-05-02,8.7,15.6,60,0.00,56,3.60,0.0,12.0,5.5,37
2009-05-03,10.3,18.6,56,0.00,131,4.26,0.0,14.8,12.2,32
2009-05-04,9.9,18.5,52,0.20,261,4.01,2.0,30.1,20.0,34
2009-05-05,9.5,17.0,52,0.00,127,3.91,0.0,13.7,9.8,25
2009-05-06,9.1,16.7,68,2.20,90,2.87,4.0,22.4,9.8,28
2009-05-07,6.8,10.3,94,4.60,175,1.83,20.0,8.3,5.0,74
2009-05-08,6.9,12.5,83,0.10,270,2.58,1.0,14.9,9.4,57
2009-05-09,9.1,14.3,73,0.00,278,3.50,0.0,11.9,9.9,45
2009-05-10,10.0,16.4,66,0.00,202,3.64,0.0,12.0,7.3,36
2009-05-11,10.6,17.5,65,0.00,139,3.78,0.0,10.6,6.7,33
2009-05-12,6.3,16.3,72,2.80,11,1.62,10.0,23.8,15.6,38
2009-05-13,1.2,6.8,57,0.00,342,2.59,0.0,21.3,7.3,39
2009-05-14,3.4,7.7,66,3.80,89,2.57,9.0,14.1,9.1,41
2009-05-15,5.2,12.2,69,0.40,242,3.34,2.0,11.2,6.1,34
2009-05-16,8.5,12.5,63,0.00,212,2.99,0.0,14.6,10.7,36
2009-05-17,5.9,11.6,82,6.70,27,1.11,15.0,19.2,12.4,51
2009-05-18,0.8,4.9,55,0.00,67,2.76,0.0,16.1,11.7,41
2009-05-19,1.1,4.9,69,10.80,94,1.35,12.0,18.7,14.9,44
2009-05-20,2.6,9.5,79,2.50,281,2.44,7.0,22.1,13.6,44
2009-05-21,4.8,9.3,68,2.10,300,2.91,8.0,21.3,13.4,38
2009-05-22,6.1,15.2,56,0.00,145,3.87,0.0,11.3,6.8,37
2009-05-23,11.4,19.5,57,0.00,133,4.39,0.0,10.0,5.1,31
2009-05-24,12.2,18.0,62,0.20,250,3.99,1.0,20.5,11.6,42
2009-05-25,10.8,16.5,61,0.00,79,4.05,0.0,13.0,9.6,41
2009-05-26,11.2,16.3,63,0.50,105,3.22,2.0,17.4,12.7,44
2009-05-27,10.5,15.9,78,7.10,269,3.16,13.0,22.0,14.6,38
2009-05-28,10.2,13.9,54,0.00,267,4.28,0.0,22.4,18.9,36
2009-05-29,11.4,18.6,62,0.00,108,4.38,0.0,19.8,10.2,37
2009-05-30,12.8,18.1,48,0.00,222,5.28,0.0,27.2,23.0,30
2009-05-31,9.6,14.0,54,2.20,278,3.56,6.0,26.6,19.8,33
2009-06-01,7.9,12.7,78,0.40,316,2.58,2.0,25.3,11.4,48
2009-06-02,11.0,18.8,63,0.00,217,4.38,0.0,8.2,5.0,38
2009-06-03,14.2,20.7,63,0.00,289,4.73,0.0,11.9,6.8,39
2009-06-04,12.0,19.8,64,0.30,28,4.12,1.0,15.5,10.6,38
2009-06-05,8.9,13.1,57,2.20,103,2.87,4.0,19.5,12.1,39
2009-06-06,6.7,11.2,73,0.90,66,2.57,3.0,16.3,9.7,41
2009-06-07,8.0,12.1,65,0.40,105,3.21,3.0,9.8,8.1,48
2009-06-08,9.1,13.9,67,0.00,140,3.41,0.0,12.7,10.2,46
2009-06-09,10.7,16.6,61,0.00,138,4.24,0.0,14.0,10.4,35
2009-06-10,12.7,18.9,59,0.00,184,4.70,0.0,14.5,8.6,38
2009-06-11,14.4,19.0,67,0.50,343,3.09,3.0,13.8,6.3,43
2009-06-12,14.5,20.7,72,0.00,116,4.18,0.0,12.8,8.1,48
2009-06-13,17.5,23.9,70,0.00,196,4.90,0.0,14.5,11.4,42
2009-06-14,19.1,24.9,61,0.10,227,5.53,1.0,14.6,9.9,31
2009-06-15,19.4,25.0,57,0.40,187,5.02,1.0,9.2,4.8,32
2009-06-16,18.5,24.2,69,0.80,241,4.81,2.0,22.4,12.7,38
2009-06-17,17.5,22.0,62,0.00,229,4.29,0.0,13.3,8.5,39
2009-06-18,16.7,20.4,65,0.50,261,4.38,2.0,19.1,13.9,43
2009-06-19,16.3,21.6,60,0.00,248,4.93,0.0,14.8,8.1,38
2009-06-20,16.5,21.3,73,1.90,163,3.29,4.0,17.7,6.0,43
2009-06-21,15.4,19.7,78,0.20,36,3.41,2.0,11.8,7.0,46
2009-06-22,15.3,19.2,74,0.00,308,3.74,0.0,25.8,18.5,45
2009-06-23,16.2,19.5,51,0.00,284,5.17,0.0,22.9,19.7,38
2009-06-24,17.4,22.6,52,0.00,238,5.32,0.0,16.8,11.2,35
2009-06-25,18.3,22.4,53,0.00,210,5.32,0.0,25.2,15.6,35
2009-06-26,13.8,18.6,58,1.00,255,3.92,3.0,33.5,26.5,45
2009-06-27,12.4,19.0,78,10.70,277,3.18,16.0,32.8,22.0,42
2009-06-28,14.8,18.8,68,3.70,234,3.06,9.0,27.7,15.4,38
2009-06-29,13.7,17.9,47,0.00,250,5.60,0.0,26.6,21.1,30
2009-06-30,13.6,17.8,51,0.00,244,5.10,0.0,21.2,16.0,31
2009-07-01,12.4,16.7,68,4.30,262,3.46,9.0,22.9,19.2,34
2009-07-02,13.0,19.0,72,1.20,275,3.91,4.0,22.9,12.2,41
2009-07-03,15.0,18.9,67,0.00,316,4.05,0.0,12.9,7.8,40
2009-07-04,14.9,18.7,72,0.00,324,3.89,0.0,12.1,5.1,48
2009-07-05,16.2,21.8,67,0.00,339,4.42,0.0,13.2,4.1,34
2009-07-06,16.8,22.0,66,2.60,98,3.68,5.0,23.2,15.4,33
2009-07-07,16.3,19.2,66,1.30,77,3.23,5.0,26.6,19.9,50
2009-07-08,13.4,15.8,94,11.60,46,1.41,22.0,17.7,14.4,80
2009-07-09,11.2,15.7,84,4.90,346,2.31,8.0,24.0,17.8,44
2009-07-10,12.2,19.5,62,0.00,226,4.46,0.0,13.0,8.2,40
2009-07-11,14.5,18.9,75,0.00,113,3.00,0.0,14.8,10.0,48
2009-07-12,16.5,23.1,75,0.20,148,4.33,1.0,15.8,12.8,54
2009-07-13,16.6,21.9,86,1.30,300,2.72,8.0,21.4,14.8,62
2009-07-14,12.2,16.5,79,4.40,338,2.63,18.0,20.5,15.2,56
2009-07-15,14.1,21.4,69,0.00,212,4.13,0.0,11.2,7.6,41
2009-07-16,18.4,24.8,65,0.00,213,5.23,0.0,19.2,12.7,39
2009-07-17,19.5,24.8,66,0.00,234,4.85,0.0,16.0,6.9,40
2009-07-18,20.1,25.0,67,0.20,188,4.96,1.0,19.5,9.8,39
2009-07-19,15.6,24.5,86,32.20,272,1.63,20.0,29.5,20.3,41
2009-07-20,15.5,19.6,87,9.50,295,2.94,18.0,26.9,17.8,65
2009-07-21,18.2,23.8,72,0.60,255,4.17,2.0,11.7,8.6,44
2009-07-22,20.0,24.0,73,0.00,245,3.25,0.0,13.7,10.7,46
2009-07-23,19.5,24.8,68,0.00,266,4.55,0.0,13.7,7.4,44
2009-07-24,20.8,27.1,67,0.00,235,5.10,0.0,15.3,10.4,43
2009-07-25,22.6,27.0,69,0.00,252,4.55,0.0,14.0,9.0,48
2009-07-26,21.5,26.6,65,0.00,348,5.07,0.0,13.4,11.0,35
2009-07-27,20.7,25.3,58,0.00,184,4.35,0.0,9.7,6.9,36
2009-07-28,19.3,24.3,74,1.30,42,3.77,6.0,14.0,7.5,49
2009-07-29,18.2,23.5,63,0.00,64,4.45,0.0,13.2,8.2,38
2009-07-30,18.9,23.2,71,3.80,292,3.52,6.0,19.5,10.6,40
2009-07-31,17.8,24.0,70,0.00,78,4.60,0.0,16.2,8.1,36
2009-08-01,20.0,26.3,69,0.40,232,4.24,1.0,16.9,10.0,38
2009-08-02,18.9,22.5,86,5.60,323,2.93,6.0,17.5,9.2,68
2009-08-03,14.9,19.5,63,0.00,55,3.17,0.0,18.5,11.4,46
2009-08-04,13.6,17.0,68,0.20,16,2.96,1.0,13.0,9.0,47
2009-08-05,14.5,18.6,67,0.00,105,3.25,0.0,9.2,6.5,43
2009-08-06,14.7,18.7,72,0.00,184,3.16,0.0,11.3,8.3,45
2009-08-07,16.3,22.8,73,0.00,172,4.06,0.0,9.1,5.1,42
2009-08-08,18.5,25.9,65,0.00,168,4.66,0.0,17.8,12.5,39
2009-08-09,20.3,25.7,62,0.00,255,4.74,0.0,15.9,13.3,39
2009-08-10,18.2,23.2,74,1.10,200,2.91,3.0,15.3,8.3,42
2009-08-11,16.9,20.6,64,0.00,250,4.56,0.0,24.7,17.9,31
2009-08-12,15.3,19.7,53,0.00,253,4.45,0.0,27.4,20.7,35
2009-08-13,12.0,16.0,78,4.50,308,2.37,17.0,19.7,13.0,57
2009-08-14,12.2,17.0,70,0.00,287,2.78,0.0,11.7,5.2,40
2009-08-15,14.0,20.2,68,0.00,173,3.65,0.0,13.3,7.1,41
2009-08-16,16.1,20.7,71,0.30,267,3.22,1.0,11.9,9.2,43
2009-08-17,18.0,24.5,61,0.00,237,4.36,0.0,19.3,14.3,42
2009-08-18,19.2,24.2,58,2.20,274,4.34,6.0,23.5,19.5,41
2009-08-19,16.4,20.9,69,0.00,304,3.40,0.0,16.4,13.6,42
2009-08-20,17.4,23.6,62,0.00,145,3.95,0.0,18.4,9.8,36
2009-08-21,18.8,24.9,55,0.00,137,5.04,0.0,27.0,20.3,39
2009-08-22,18.8,24.5,60,0.00,264,4.53,0.0,24.2,18.1,29
2009-08-23,14.7,20.7,71,4.70,233,2.12,11.0,18.4,7.6,30
2009-08-24,12.9,18.2,73,1.10,261,2.88,2.0,22.4,16.7,44
2009-08-25,14.9,22.2,66,0.20,141,3.45,1.0,24.4,14.7,44
2009-08-26,15.3,20.9,65,0.00,254,3.27,0.0,10.0,6.6,40
2009-08-27,16.7,21.7,67,0.00,221,3.26,0.0,10.8,7.3,42
2009-08-28,17.9,25.8,64,0.00,130,3.97,0.0,14.3,9.8,41
2009-08-29,19.8,27.1,64,0.00,137,4.43,0.0,14.8,13.2,40
2009-08-30,20.5,27.9,62,0.00,185,4.27,0.0,15.0,9.2,38
2009-08-31,20.8,28.1,63,0.00,134,3.69,0.0,9.3,5.6,31
2009-09-01,20.6,27.7,58,0.00,56,4.33,0.0,18.6,12.2,34
2009-09-02,20.7,27.0,65,0.20,132,3.71,1.0,12.5,8.8,40
2009-09-03,20.3,27.2,74,0.00,146,3.70,0.0,16.5,9.4,40
2009-09-04,18.4,26.6,77,4.30,285,2.07,9.0,28.8,16.7,43
2009-09-05,15.0,21.4,76,0.80,272,2.89,3.0,24.6,11.6,38
2009-09-06,17.2,21.0,65,1.70,109,2.90,4.0,30.0,18.4,40
2009-09-07,13.8,17.0,85,14.50,247,1.94,14.0,26.2,18.8,53
2009-09-08,11.9,14.9,78,14.60,249,1.75,20.0,35.9,30.0,55
2009-09-09,12.7,18.1,68,3.00,268,2.50,5.0,28.4,13.9,46
2009-09-10,12.6,16.3,88,9.10,276,1.35,20.0,18.3,11.4,66
2009-09-11,14.4,23.4,72,0.00,178,2.89,0.0,12.0,10.2,38
2009-09-12,16.0,22.2,59,0.00,141,3.64,0.0,16.3,13.7,44
2009-09-13,16.6,23.2,64,0.00,132,3.44,0.0,14.6,11.8,42
2009-09-14,17.0,22.8,61,0.00,127,3.73,0.0,16.8,15.3,46
2009-09-15,17.1,22.1,73,0.00,229,2.87,0.0,15.9,11.5,52
2009-09-16,16.8,23.6,77,0.00,84,2.85,0.0,21.0,12.7,49
2009-09-17,16.1,22.8,69,1.80,185,2.46,5.0,25.2,19.6,53
2009-09-18,12.8,22.2,74,0.00,184,2.60,0.0,13.4,10.4,40
2009-09-19,15.7,21.4,61,0.00,196,2.78,0.0,24.3,17.0,45
2009-09-20,12.7,15.2,55,0.00,276,3.28,0.0,28.8,24.0,47
2009-09-21,11.8,18.0,57,0.00,249,2.82,0.0,26.4,17.3,45
2009-09-22,16.0,24.6,65,0.00,247,3.22,0.0,20.8,13.9,41
2009-09-23,18.8,26.4,61,0.00,162,3.29,0.0,16.3,10.3,39
2009-09-24,17.3,24.7,49,0.00,249,4.12,0.0,30.7,20.9,36
2009-09-25,13.6,20.1,52,0.00,242,3.23,0.0,16.7,13.7,28
2009-09-26,12.8,18.8,63,1.40,265,2.79,6.0,37.1,25.0,38
2009-09-27,9.6,11.6,51,1.20,287,3.07,3.0,38.3,26.9,43
2009-09-28,8.7,12.5,63,0.30,125,2.18,1.0,37.5,21.7,46
2009-09-29,8.5,11.5,61,0.00,126,2.15,0.0,33.9,18.1,54
2009-09-30,5.8,10.1,72,0.40,273,1.40,3.0,28.4,23.4,55
2009-10-01,5.6,12.2,71,0.00,195,1.62,0.0,17.9,8.0,35
2009-10-02,6.4,11.0,67,0.00,128,1.57,0.0,13.7,9.1,43
2009-10-03,5.1,10.3,72,0.00,49,1.19,0.0,14.7,11.9,49
2009-10-04,4.0,5.6,74,0.00,17,0.97,0.0,15.6,10.6,61
2009-10-05,3.4,8.5,78,0.00,191,1.11,0.0,13.0,8.4,50
2009-10-06,5.7,7.7,79,11.50,296,0.72,16.0,29.0,17.5,55
2009-10-07,1.9,3.0,74,0.40,330,1.13,2.0,30.4,20.7,41
2009-10-08,-1.2,2.7,62,4.70,349,1.20,15.0,27.2,17.8,36
2009-10-09,-3.4,-0.6,54,1.70,327,1.34,12.0,27.2,22.8,37
2009-10-10,-3.3,-1.2,59,0.50,339,1.12,3.0,22.7,16.1,43
2009-10-11,-3.6,-0.9,59,0.00,104,0.80,0.0,10.5,5.8,38
2009-10-12,-3.3,-1.0,60,1.80,132,0.94,12.0,15.8,10.9,41
2009-10-13,-3.5,-0.4,61,0.60,117,1.14,6.0,27.7,22.3,37
2009-10-14,-2.8,-1.0,69,1.70,106,0.88,8.0,26.7,23.2,48
2009-10-15,-0.7,4.2,82,0.60,147,0.76,3.0,18.2,9.9,57
2009-10-16,0.8,9.1,80,0.00,156,1.04,0.0,23.4,11.0,54
2009-10-17,6.7,9.5,67,0.00,242,1.71,0.0,30.6,20.4,52
2009-10-18,3.9,8.5,77,0.00,302,0.91,0.0,11.3,5.0,59
2009-10-19,3.2,6.6,88,0.20,125,0.48,1.0,9.2,5.9,71
2009-10-20,1.9,5.7,93,0.00,251,0.52,0.0,8.0,4.6,74
2009-10-21,1.6,4.1,94,0.00,125,0.36,0.0,25.4,17.3,85
2009-10-22,2.6,7.1,94,6.50,214,0.57,16.0,19.7,12.7,73
2009-10-23,3.4,6.5,83,0.00,198,0.56,0.0,13.6,10.0,70
2009-10-24,3.9,6.6,85,4.40,269,0.67,9.0,31.2,21.9,56
2009-10-25,4.3,8.5,63,0.00,261,1.53,0.0,25.7,17.6,47
2009-10-26,3.7,8.2,71,0.00,203,1.01,0.0,15.9,9.8,56
2009-10-27,2.8,5.6,89,3.40,294,0.49,15.0,21.0,15.8,71
2009-10-28,1.1,2.4,88,1.50,315,0.41,11.0,14.6,10.9,68
2009-10-29,0.6,1.9,84,0.60,148,0.46,4.0,26.6,11.8,67
2009-10-30,0.6,1.8,87,4.70,129,0.37,16.0,24.6,12.1,77
2009-10-31,1.0,6.0,91,11.50,141,0.47,19.0,27.8,20.3,62
2009-11-01,0.2,4.1,65,0.10,283,1.23,1.0,33.4,25.8,56
2009-11-02,-1.0,4.3,80,0.50,169,0.45,2.0,13.9,8.6,69
2009-11-03,1.1,3.4,91,0.00,249,0.41,0.0,26.6,11.1,78
2009-11-04,-0.1,4.4,80,0.00,233,0.60,0.0,14.6,10.0,53
2009-11-05,0.8,6.8,75,0.00,136,0.87,0.0,25.1,17.6,58
2009-11-06,3.4,6.8,70,0.60,231,1.12,2.0,30.1,20.1,47
2009-11-07,3.3,5.3,50,0.00,247,1.84,0.0,29.1,23.1,44
2009-11-08,1.8,4.7,58,0.00,248,1.31,0.0,21.8,18.8,52
2009-11-09,0.1,4.4,62,0.00,174,0.94,0.0,21.5,13.3,47
2009-11-10,1.2,3.8,71,0.40,224,0.80,2.0,21.1,16.5,52
2009-11-11,0.9,4.0,65,0.00,228,0.83,0.0,16.9,11.8,54
2009-11-12,-0.8,2.5,69,0.00,247,0.85,0.0,22.3,17.2,48
2009-11-13,-1.0,3.7,51,0.00,227,1.08,0.0,19.6,13.4,35
2009-11-14,-1.3,1.4,56,0.00,248,1.07,0.0,24.6,17.5,29
2009-11-15,-0.1,5.5,48,0.00,180,1.19,0.0,24.8,13.9,40
2009-11-16,1.0,7.3,75,0.00,140,0.55,0.0,15.4,11.0,51
2009-11-17,0.1,8.7,84,0.20,166,0.62,1.0,29.6,11.8,42
2009-11-18,1.4,2.9,40,0.00,225,1.68,0.0,26.8,18.2,35
2009-11-19,-1.5,3.6,65,0.00,143,0.62,0.0,17.8,10.1,54
2009-11-20,-1.1,0.4,72,0.00,118,0.61,0.0,23.8,15.4,63
2009-11-21,-2.3,-0.8,83,0.20,272,0.39,2.0,25.6,17.8,66
2009-11-22,-3.3,-0.3,62,0.00,254,0.66,0.0,18.0,11.9,47
2009-11-23,-2.7,-0.8,69,0.00,223,0.55,0.0,19.8,12.7,54
2009-11-24,-0.7,1.1,70,2.50,262,0.74,9.0,28.5,19.0,62
2009-11-25,-2.2,2.0,67,0.50,165,0.62,2.0,16.0,12.0,49
2009-11-26,-0.2,4.7,86,0.70,231,0.44,3.0,17.9,13.8,61
2009-11-27,0.3,1.7,74,1.10,260,0.66,5.0,22.0,19.1,59
2009-11-28,-1.8,0.4,59,0.00,251,0.90,0.0,19.0,16.7,53
2009-11-29,0.2,4.6,70,0.00,244,0.65,0.0,26.3,15.7,57
2009-11-30,0.5,1.9,65,0.00,265,0.93,0.0,24.6,19.5,59
2009-12-01,-3.4,-1.2,55,0.00,290,1.01,0.0,25.1,21.1,50
2009-12-02,-7.1,-4.5,71,0.00,216,0.32,0.0,12.5,7.6,55
2009-12-03,-8.3,-4.9,63,0.00,141,0.49,0.0,16.1,14.3,43
2009-12-04,-3.8,-2.2,69,4.20,292,0.43,14.0,24.7,15.7,44
2009-12-05,-6.5,-3.4,72,2.10,337,0.49,5.0,29.5,22.8,59
2009-12-06,-15.7,-10.3,72,0.00,329,0.23,0.0,21.8,14.3,62
2009-12-07,-20.2,-16.8,70,0.00,158,0.14,0.0,14.5,10.5,56
2009-12-08,-19.9,-17.9,73,0.00,281,0.10,0.0,16.1,9.3,62
2009-12-09,-17.0,-14.3,80,0.30,296,0.12,3.0,18.7,12.0,72
2009-12-10,-13.8,-11.9,80,0.30,301,0.20,3.0,25.6,19.3,66
2009-12-11,-17.8,-12.2,78,0.40,338,0.10,4.0,16.8,10.3,64
2009-12-12,-29.0,-21.7,66,0.00,340,0.08,0.0,14.2,10.9,57
2009-12-13,-31.8,-29.6,63,0.00,273,0.08,0.0,15.9,12.3,57
2009-12-14,-29.8,-25.2,66,0.00,257,0.09,0.0,16.6,11.1,57
2009-12-15,-27.1,-24.1,66,0.00,134,0.11,0.0,15.8,12.1,60
2009-12-16,-20.8,-13.2,65,0.00,129,0.20,0.0,16.5,12.9,61
2009-12-17,-10.5,-2.4,79,0.00,194,0.19,0.0,14.0,10.5,70
2009-12-18,-8.4,-3.6,88,0.80,147,0.14,4.0,17.6,12.6,78
2009-12-19,-2.8,0.3,74,0.00,254,0.53,0.0,25.3,20.4,66
2009-12-20,-11.3,-5.8,76,0.00,268,0.20,0.0,20.2,11.6,65
2009-12-21,-16.0,-12.2,77,0.30,84,0.09,3.0,9.4,7.7,67
2009-12-22,-15.4,-13.9,82,3.20,37,0.08,23.0,14.8,6.7,74
2009-12-23,-18.0,-15.1,79,0.20,271,0.12,2.0,16.2,12.7,66
2009-12-24,-20.5,-9.4,77,0.00,200,0.13,0.0,12.6,9.0,65
2009-12-25,-13.6,-6.1,83,0.00,154,0.15,0.0,15.5,11.8,70
2009-12-26,-9.4,-3.8,82,0.00,148,0.17,0.0,15.5,8.5,65
2009-12-27,-10.7,-6.9,77,0.00,79,0.17,0.0,14.9,10.6,67
2009-12-28,-10.5,-9.6,87,0.00,116,0.09,0.0,12.7,9.3,79
2009-12-29,-14.5,-10.5,83,0.00,299,0.09,0.0,13.6,11.3,72
2009-12-30,-19.4,-16.7,78,0.00,325,0.10,0.0,13.8,10.7,70
2009-12-31,-23.4,-19.3,77,0.00,342,0.07,0.0,13.0,6.9,69
2010-01-01,-23.4,-18.6,75,0.00,135,0.15,0.0,32.4,21.9,71
2010-01-02,-19.1,-18.2,77,0.60,310,0.10,4.0,11.2,8.0,70
2010-01-03,-19.6,-13.7,78,1.60,133,0.13,8.0,16.8,11.1,74
2010-01-04,-20.4,-16.0,79,0.00,258,0.09,0.0,13.9,7.5,68
2010-01-05,-23.5,-19.2,77,0.00,130,0.08,0.0,9.7,6.5,65
2010-01-06,-25.4,-19.4,77,0.00,132,0.08,0.0,16.1,8.8,70
2010-01-07,-20.4,-14.0,73,0.00,136,0.19,0.0,21.1,17.4,58
2010-01-08,-13.3,-1.5,74,0.00,150,0.28,0.0,13.8,10.7,57
2010-01-09,-4.6,-0.7,87,0.00,229,0.17,0.0,15.0,6.9,80
2010-01-10,-4.1,-1.4,90,0.00,146,0.15,0.0,14.2,10.0,86
2010-01-11,-1.2,4.9,86,0.00,154,0.33,0.0,19.6,16.1,70
2010-01-12,-0.8,2.5,89,0.00,99,0.20,0.0,21.3,13.5,80
2010-01-13,-6.4,0.1,90,0.00,336,0.15,0.0,12.9,9.5,81
2010-01-14,-7.4,0.1,87,0.00,142,0.22,0.0,11.5,8.4,71
2010-01-15,-0.5,3.1,82,0.40,173,0.34,2.0,14.3,11.1,75
2010-01-16,0.2,2.3,83,4.20,265,0.45,7.0,28.6,19.3,73
2010-01-17,-5.6,-2.4,84,0.00,149,0.27,0.0,23.9,16.8,78
2010-01-18,-7.2,-3.8,87,0.00,131,0.19,0.0,17.1,14.1,78
2010-01-19,-6.7,-0.5,86,0.00,135,0.25,0.0,14.8,7.1,69
2010-01-20,-8.6,-3.9,89,0.00,102,0.14,0.0,17.2,15.0,86
2010-01-21,-7.1,-6.4,89,0.00,114,0.16,0.0,18.3,15.6,83
2010-01-22,-7.7,-5.8,89,0.00,109,0.15,0.0,14.0,9.4,82
2010-01-23,-7.5,-6.2,89,0.10,353,0.18,1.0,12.8,7.4,79
2010-01-24,-11.7,-8.2,84,0.00,348,0.17,0.0,12.8,11.2,72
2010-01-25,-18.1,-13.3,81,0.00,67,0.15,0.0,11.0,9.6,71
2010-01-26,-21.2,-14.9,78,0.00,315,0.15,0.0,8.3,6.3,67
2010-01-27,-18.9,-8.1,74,0.00,191,0.25,0.0,11.1,7.1,53
2010-01-28,-14.9,-7.1,78,0.00,126,0.28,0.0,14.6,9.9,62
2010-01-29,-12.9,-7.2,79,0.00,89,0.22,0.0,11.2,9.5,68
2010-01-30,-13.0,-8.8,81,0.00,61,0.18,0.0,13.8,10.8,71
2010-01-31,-16.0,-13.2,80,2.30,108,0.20,9.0,19.3,17.8,75
2010-02-01,-13.7,-11.9,83,0.30,166,0.20,3.0,16.4,9.1,74
2010-02-02,-16.2,-9.9,81,0.00,37,0.23,0.0,5.4,2.7,70
2010-02-03,-14.5,-9.1,83,0.00,88,0.25,0.0,9.4,5.5,76
2010-02-04,-9.2,-3.7,86,0.00,126,0.33,0.0,14.3,10.5,74
2010-02-05,-8.7,-6.0,89,0.00,119,0.25,0.0,17.6,14.1,81
2010-02-06,-7.3,-6.0,89,0.00,128,0.26,0.0,17.7,15.2,82
2010-02-07,-7.4,-6.2,87,0.00,139,0.28,0.0,20.4,18.4,80
2010-02-08,-6.8,-4.2,86,0.00,145,0.40,0.0,20.5,14.3,74
2010-02-09,-9.3,-1.9,84,0.00,177,0.43,0.0,12.3,10.3,68
2010-02-10,-5.7,-1.5,86,0.00,265,0.47,0.0,12.0,9.7,72
2010-02-11,-8.1,0.4,87,0.00,130,0.45,0.0,11.6,7.2,71
2010-02-12,-7.3,-1.9,90,0.00,121,0.33,0.0,19.0,15.7,80
2010-02-13,-7.7,-5.6,86,0.00,135,0.38,0.0,22.4,20.5,74
2010-02-14,-8.4,-5.3,84,0.00,138,0.44,0.0,32.1,26.7,76
2010-02-15,-4.5,1.2,85,0.00,229,0.59,0.0,16.1,12.6,69
2010-02-16,-5.9,1.9,84,0.00,137,0.63,0.0,12.6,9.3,60
2010-02-17,-6.0,0.3,88,0.00,228,0.53,0.0,14.1,11.5,74
2010-02-18,-3.9,-0.3,84,0.00,271,0.62,0.0,14.7,12.1,67
2010-02-19,-7.5,-1.5,86,0.00,288,0.55,0.0,9.5,4.5,72
2010-02-20,-9.0,-0.9,85,0.00,119,0.59,0.0,9.4,7.4,64
2010-02-21,-7.9,-1.4,83,0.00,181,0.63,0.0,13.6,10.5,69
2010-02-22,-7.7,-2.1,86,0.00,37,0.43,0.0,12.0,7.0,71
2010-02-23,-7.7,0.8,82,0.00,133,0.68,0.0,11.2,7.8,61
2010-02-24,-4.4,1.4,80,0.00,226,0.84,0.0,12.9,8.9,63
2010-02-25,-3.5,6.7,79,0.00,145,0.94,0.0,15.9,11.1,48
2010-02-26,-1.6,6.0,73,0.00,176,1.09,0.0,12.1,8.4,51
2010-02-27,-2.6,3.8,86,0.00,105,0.53,0.0,17.3,15.9,64
2010-02-28,-3.2,5.8,86,0.00,156,0.98,0.0,15.2,8.4,58
2010-03-01,-1.5,7.5,80,0.00,139,1.09,0.0,14.0,11.3,52
2010-03-02,-0.2,5.1,86,0.00,132,0.89,0.0,21.7,17.3,65
2010-03-03,1.0,9.8,82,0.00,181,1.25,0.0,21.4,11.4,46
2010-03-04,2.8,8.3,67,0.00,246,1.47,0.0,12.3,9.6,40
2010-03-05,1.4,10.3,68,0.00,161,1.51,0.0,12.2,8.4,32
2010-03-06,4.3,11.6,58,0.00,232,1.98,0.0,15.7,13.1,33
2010-03-07,2.2,10.5,69,0.00,137,1.53,0.0,11.6,8.4,40
2010-03-08,0.4,7.4,79,1.80,275,0.92,5.0,24.0,14.4,40
2010-03-09,-2.0,2.9,43,0.00,212,1.75,0.0,19.9,11.6,24
2010-03-10,-2.6,5.0,62,0.00,144,1.47,0.0,18.1,12.2,20
2010-03-11,-2.5,4.3,62,0.00,134,1.45,0.0,20.4,16.3,27
2010-03-12,-0.1,5.5,70,0.80,200,1.24,4.0,17.5,10.0,40
2010-03-13,0.7,4.1,52,0.00,292,1.56,0.0,14.8,8.8,28
2010-03-14,-0.1,7.8,50,0.00,149,1.94,0.0,19.9,12.2,29
2010-03-15,3.3,13.3,67,0.00,154,2.01,0.0,22.5,12.8,34
2010-03-16,4.0,11.2,72,0.00,108,1.56,0.0,16.8,9.6,44
2010-03-17,2.7,8.5,79,1.00,357,1.18,4.0,19.9,11.1,52
2010-03-18,-0.2,5.6,71,1.90,323,1.12,9.0,21.1,15.5,44
2010-03-19,-3.6,4.5,55,0.00,278,1.67,0.0,17.3,10.9,33
2010-03-20,1.7,6.2,49,0.00,257,1.96,0.0,13.8,10.8,34
2010-03-21,0.2,5.7,73,0.80,88,1.03,3.0,16.9,11.1,46
2010-03-22,-5.9,2.2,63,1.60,353,1.20,7.0,20.3,10.7,41
2010-03-23,-4.7,-1.7,61,3.30,28,1.08,14.0,11.2,6.7,43
2010-03-24,-7.1,-1.9,50,1.70,79,1.26,7.0,19.1,14.9,39
2010-03-25,-4.0,6.7,57,0.00,134,1.86,0.0,22.4,15.1,38
2010-03-26,-1.5,6.1,65,0.00,15,1.43,0.0,12.4,7.8,40
2010-03-27,3.3,10.5,67,0.80,245,2.04,2.0,19.1,12.4,36
2010-03-28,5.5,14.0,57,0.00,190,2.52,0.0,20.1,12.3,30
2010-03-29,3.5,11.0,68,0.10,163,1.80,1.0,17.7,13.2,41
2010-03-30,4.1,10.9,69,1.10,263,1.80,5.0,22.8,18.3,38
2010-03-31,3.4,7.2,57,0.00,278,2.31,0.0,20.7,18.5,40
2010-04-01,2.5,7.2,65,0.00,261,2.13,0.0,17.0,12.6,37
2010-04-02,2.6,9.4,53,0.00,168,2.56,0.0,12.8,8.4,27
2010-04-03,3.8,9.4,46,0.00,123,2.61,0.0,16.8,12.0,30
2010-04-04,3.6,8.3,60,0.00,270,2.40,0.0,17.4,14.0,30
2010-04-05,4.9,11.2,39,0.00,198,2.76,0.0,12.4,6.1,21
2010-04-06,4.2,11.6,50,0.00,127,2.56,0.0,13.7,10.3,27
2010-04-07,5.0,12.5,56,0.00,216,2.60,0.0,16.8,11.4,32
2010-04-08,3.9,12.7,65,0.40,263,1.86,2.0,26.8,12.6,33
2010-04-09,1.3,2.6,47,0.50,296,2.20,3.0,33.6,26.6,35
2010-04-10,-1.2,2.0,55,3.50,307,1.88,15.0,33.8,29.1,47
2010-04-11,-2.7,2.5,53,0.00,321,2.07,0.0,20.4,8.6,27
2010-04-12,-0.4,5.4,53,0.00,111,2.26,0.0,22.8,14.7,29
2010-04-13,2.2,7.1,70,0.00,122,1.81,0.0,24.2,16.6,44
2010-04-14,4.2,11.7,67,0.00,321,2.72,0.0,20.8,10.4,34
2010-04-15,6.9,14.6,51,0.00,150,3.47,0.0,17.6,9.6,25
2010-04-16,6.9,17.1,52,0.00,143,3.76,0.0,19.7,14.0,25
2010-04-17,10.5,19.7,58,0.00,115,3.71,0.0,15.9,10.8,25
2010-04-18,12.5,19.8,52,0.50,114,4.24,2.0,19.4,13.7,28
2010-04-19,13.0,20.0,49,0.00,126,4.45,0.0,18.0,15.5,29
2010-04-20,14.1,20.2,51,0.00,121,4.71,0.0,20.2,18.1,30
2010-04-21,14.5,21.6,48,0.00,126,5.04,0.0,20.3,18.1,28
2010-04-22,10.9,21.3,59,0.50,258,3.03,2.0,23.1,17.9,29
2010-04-23,4.2,6.9,92,9.60,291,0.89,24.0,21.3,15.2,78
2010-04-24,2.4,5.3,86,1.60,343,1.24,7.0,17.8,6.2,59
2010-04-25,2.7,6.3,69,0.00,345,1.95,0.0,14.0,8.7,44
2010-04-26,3.3,8.5,60,0.00,108,2.53,0.0,15.1,11.4,41
2010-04-27,4.6,10.5,57,0.00,109,2.82,0.0,25.9,22.8,41
2010-04-28,4.7,8.9,78,2.70,76,1.49,12.0,23.0,18.2,51
2010-04-29,4.1,8.1,67,0.00,0,2.04,0.0,17.4,14.4,44
2010-04-30,5.3,11.1,63,0.00,57,2.90,0.0,11.2,8.1,40
2010-05-01,6.8,13.2,67,0.00,76,2.89,0.0,13.1,7.2,35
2010-05-02,7.7,12.8,60,0.00,236,2.94,0.0,14.7,10.2,35
2010-05-03,5.5,10.2,66,0.00,217,2.43,0.0,17.3,6.8,38
2010-05-04,3.0,9.4,65,0.30,322,1.89,3.0,25.3,19.3,46
2010-05-05,0.4,4.5,59,0.00,332,2.14,0.0,17.1,12.0,43
2010-05-06,3.1,7.0,57,0.00,308,2.16,0.0,6.4,3.8,41
2010-05-07,4.5,9.8,56,0.00,312,2.88,0.0,6.7,4.4,32
2010-05-08,5.9,11.1,59,0.00,118,3.02,0.0,7.1,4.9,34
2010-05-09,5.9,11.2,65,1.00,127,2.72,5.0,12.4,8.8,41
2010-05-10,6.9,13.7,71,0.00,179,3.45,0.0,11.0,6.4,31
2010-05-11,9.2,16.8,57,0.00,191,3.94,0.0,7.8,6.1,25
2010-05-12,11.4,18.7,48,0.00,215,4.50,0.0,15.5,12.4,25
2010-05-13,12.2,18.3,43,0.00,265,4.72,0.0,24.1,18.9,26
2010-05-14,11.8,17.9,49,0.00,223,4.24,0.0,13.0,9.5,27
2010-05-15,14.3,21.1,45,0.00,86,4.31,0.0,7.9,4.7,24
2010-05-16,15.2,23.7,44,0.00,136,4.85,0.0,20.7,14.9,26
2010-05-17,17.0,23.3,56,0.00,15,4.49,0.0,11.3,6.0,29
2010-05-18,18.2,25.1,48,0.30,89,5.56,1.0,23.0,16.8,29
2010-05-19,16.4,24.7,64,2.30,84,3.56,6.0,23.7,15.7,32
2010-05-20,11.3,15.7,85,0.60,353,1.85,4.0,12.6,7.8,68
2010-05-21,7.5,12.6,96,34.90,0,0.65,24.0,20.8,16.6,72
2010-05-22,3.7,6.8,92,10.20,333,0.96,22.0,20.4,17.8,72
2010-05-23,3.6,7.0,78,0.00,318,1.59,0.0,17.1,14.8,60
2010-05-24,7.4,13.0,70,0.00,222,2.87,0.0,13.7,6.0,46
2010-05-25,10.5,16.1,66,0.10,102,3.58,1.0,13.9,9.8,43
2010-05-26,11.9,16.9,60,0.00,80,4.01,0.0,13.8,10.0,36
2010-05-27,11.8,16.7,53,0.00,88,4.27,0.0,18.0,14.4,33
2010-05-28,10.1,16.2,54,0.00,90,3.28,0.0,18.4,13.1,33
2010-05-29,8.8,12.6,66,0.70,119,1.91,3.0,8.2,5.0,41
2010-05-30,4.8,7.9,97,13.30,41,0.79,23.0,21.9,14.5,83
2010-05-31,6.8,13.9,81,2.00,8,2.83,7.0,17.3,8.9,45
2010-06-01,11.4,16.9,65,0.00,178,3.99,0.0,18.3,8.9,37
2010-06-02,12.3,18.7,64,0.00,136,4.51,0.0,22.7,18.1,44
2010-06-03,13.2,18.3,75,6.10,156,2.36,9.0,25.7,14.2,48
2010-06-04,12.2,15.3,61,0.50,275,3.30,3.0,22.3,17.0,49
2010-06-05,12.8,17.2,73,0.00,287,3.77,0.0,20.6,13.8,48
2010-06-06,14.3,19.3,59,0.00,258,4.86,0.0,15.4,12.8,36
2010-06-07,14.6,19.2,67,0.00,359,3.82,0.0,17.0,9.9,36
2010-06-08,10.4,15.2,70,0.00,357,2.28,0.0,19.1,10.7,58
2010-06-09,10.7,15.1,68,0.00,112,2.99,0.0,12.0,8.8,44
2010-06-10,11.9,16.8,63,0.10,103,4.04,1.0,10.2,7.1,44
2010-06-11,13.9,19.4,62,0.00,190,4.52,0.0,9.4,6.0,37
2010-06-12,16.4,22.8,53,0.00,199,4.94,0.0,16.9,12.5,37
2010-06-13,17.4,21.9,62,0.00,253,4.78,0.0,21.1,13.1,48
2010-06-14,13.4,18.8,66,5.30,261,4.39,7.0,23.9,16.2,33
2010-06-15,12.7,16.7,54,0.00,262,4.36,0.0,15.2,12.2,33
2010-06-16,14.0,18.3,60,0.00,330,4.50,0.0,10.0,6.9,37
2010-06-17,15.4,20.1,59,0.00,61,4.29,0.0,5.4,3.8,37
2010-06-18,17.4,22.5,56,0.00,260,5.17,0.0,13.1,8.9,31
2010-06-19,17.9,23.5,61,0.00,233,5.02,0.0,12.4,5.7,34
2010-06-20,18.3,24.8,68,0.20,143,5.02,1.0,13.3,7.3,37
2010-06-21,19.5,24.1,64,0.10,47,4.76,1.0,14.9,7.2,38
2010-06-22,16.2,20.9,81,2.50,49,2.70,6.0,18.3,9.1,61
2010-06-23,17.3,23.2,72,0.00,134,4.38,0.0,14.6,11.1,47
2010-06-24,17.4,21.8,80,2.10,146,3.67,6.0,14.8,10.0,52
2010-06-25,16.1,20.0,87,6.10,247,2.84,12.0,17.6,11.5,64
2010-06-26,16.7,20.3,66,0.30,258,4.06,1.0,24.3,16.2,48
2010-06-27,18.0,23.3,57,0.00,251,5.11,0.0,15.8,11.5,38
2010-06-28,17.2,21.4,76,7.60,187,4.22,9.0,15.5,10.1,51
2010-06-29,18.7,23.6,63,0.80,164,4.84,2.0,16.4,10.3,43
2010-06-30,16.1,23.1,75,4.30,289,3.49,8.0,26.4,14.1,45
2010-07-01,13.5,19.6,51,1.10,238,5.43,2.0,26.9,23.3,26
2010-07-02,15.1,19.2,51,0.00,237,4.94,0.0,27.1,17.8,32
2010-07-03,14.4,17.0,68,1.30,266,3.31,8.0,26.7,20.3,49
2010-07-04,14.9,17.4,63,0.00,259,3.27,0.0,26.4,18.1,55
2010-07-05,13.7,18.9,82,6.20,281,3.19,12.0,22.7,19.0,57
2010-07-06,16.3,21.4,68,0.70,277,4.61,3.0,23.7,18.3,42
2010-07-07,18.1,22.6,66,0.00,295,4.63,0.0,20.1,11.6,43
2010-07-08,20.0,25.0,60,0.30,271,5.15,1.0,16.4,10.3,38
2010-07-09,20.3,26.0,65,0.50,214,4.12,3.0,18.4,6.6,37
2010-07-10,17.8,21.6,74,1.70,357,3.68,3.0,12.6,9.3,43
2010-07-11,18.6,24.2,67,0.00,173,4.46,0.0,19.6,11.8,42
2010-07-12,17.6,23.3,74,2.50,222,3.26,5.0,24.6,15.3,49
2010-07-13,14.9,20.9,87,35.30,336,2.49,20.0,33.1,25.7,53
2010-07-14,17.6,22.0,88,7.50,289,2.98,15.0,20.5,16.8,59
2010-07-15,19.0,22.0,61,0.00,251,5.04,0.0,21.6,15.1,47
2010-07-16,16.3,20.8,59,0.00,255,4.28,0.0,24.0,18.1,47
2010-07-17,14.6,18.7,71,0.60,276,3.22,2.0,21.9,17.4,52
2010-07-18,17.0,21.9,70,0.00,252,4.07,0.0,13.1,5.4,49
2010-07-19,16.3,20.1,82,2.70,312,3.59,13.0,9.9,7.9,59
2010-07-20,16.7,21.8,78,0.00,305,4.15,0.0,8.4,4.6,48
2010-07-21,17.8,23.3,74,0.50,162,4.37,1.0,16.6,6.9,47
2010-07-22,18.4,23.3,75,0.00,141,4.03,0.0,15.6,12.2,52
2010-07-23,17.8,23.0,79,3.20,255,3.91,4.0,18.1,13.2,46
2010-07-24,18.6,23.2,67,1.10,229,4.47,3.0,28.5,14.7,37
2010-07-25,17.1,21.3,50,0.00,251,5.45,0.0,20.7,17.2,37
2010-07-26,15.7,20.6,69,6.00,278,3.28,9.0,28.4,17.6,41
2010-07-27,16.3,22.6,69,0.00,303,4.05,0.0,21.9,7.9,41
2010-07-28,18.5,25.5,68,0.00,146,4.67,0.0,15.7,10.9,41
2010-07-29,21.3,27.5,74,0.00,210,4.81,0.0,13.0,7.2,41
2010-07-30,20.7,26.1,69,0.40,267,4.54,1.0,15.5,10.8,42
2010-07-31,18.1,21.8,79,6.70,282,3.08,11.0,13.0,10.8,63
2010-08-01,19.2,26.3,72,0.10,221,4.43,1.0,16.9,8.1,37
2010-08-02,16.8,23.6,81,27.30,302,2.28,18.0,25.0,18.8,52
2010-08-03,15.6,20.3,85,6.10,315,2.83,7.0,24.4,13.9,53
2010-08-04,18.0,21.6,72,0.00,315,3.46,0.0,12.7,9.4,51
2010-08-05,19.3,24.5,72,0.00,203,4.01,0.0,13.7,6.8,42
2010-08-06,20.4,26.3,69,0.00,163,4.74,0.0,17.2,12.5,44
2010-08-07,19.6,24.6,70,1.80,244,4.49,3.0,20.1,15.9,42
2010-08-08,19.3,23.7,59,0.00,246,4.52,0.0,19.0,15.9,44
2010-08-09,17.7,21.6,60,0.00,248,3.92,0.0,14.8,10.3,44
2010-08-10,18.4,22.0,65,0.00,298,3.12,0.0,9.5,5.3,48
2010-08-11,18.9,24.0,66,0.00,233,3.60,0.0,10.0,7.1,38
2010-08-12,17.9,23.6,75,4.90,289,3.27,16.0,21.3,14.8,41
2010-08-13,15.2,17.7,88,10.80,325,1.79,22.0,24.3,20.5,75
2010-08-14,16.0,20.1,77,0.10,320,3.13,1.0,21.1,10.9,54
2010-08-15,16.7,20.5,72,0.00,325,3.55,0.0,11.1,7.1,48
2010-08-16,16.6,20.3,74,1.40,198,2.54,3.0,12.1,7.1,49
2010-08-17,14.5,18.3,78,0.00,34,2.64,0.0,13.1,7.2,44
2010-08-18,16.4,22.8,74,0.20,148,3.34,1.0,18.7,12.6,46
2010-08-19,18.4,22.5,61,0.00,245,4.60,0.0,32.1,22.3,35
2010-08-20,14.4,19.1,55,0.40,275,4.00,3.0,27.1,19.9,34
2010-08-21,13.3,18.5,72,0.00,144,3.00,0.0,15.6,7.0,46
2010-08-22,13.1,17.6,88,5.90,150,2.11,9.0,13.0,6.7,63
2010-08-23,12.8,17.1,85,10.90,287,2.36,15.0,21.1,17.2,49
2010-08-24,15.1,20.2,61,0.00,238,3.07,0.0,16.9,10.2,49
2010-08-25,16.8,21.8,73,2.30,222,3.42,7.0,11.8,8.7,51
2010-08-26,17.1,21.5,79,2.60,133,2.61,10.0,11.6,7.6,54
2010-08-27,12.3,19.8,88,27.40,277,1.40,23.0,41.9,30.5,74
2010-08-28,8.0,11.9,93,20.50,296,0.82,24.0,38.0,27.7,83
2010-08-29,7.9,11.2,91,3.00,358,1.51,14.0,17.2,7.5,68
2010-08-30,9.8,12.6,82,0.20,139,1.77,2.0,10.8,8.5,66
2010-08-31,9.6,14.1,87,0.40,172,2.02,4.0,10.1,5.3,69
2010-09-01,10.5,15.1,84,0.00,67,2.40,0.0,14.8,7.1,52
2010-09-02,12.5,17.3,73,0.00,240,2.37,0.0,12.3,9.6,48
2010-09-03,14.8,20.8,73,0.00,152,2.72,0.0,20.4,11.1,52
2010-09-04,13.7,19.8,74,2.40,225,2.45,6.0,21.2,16.1,48
2010-09-05,10.5,15.2,69,0.00,268,2.04,0.0,21.3,15.2,49
2010-09-06,9.4,12.2,78,0.70,290,1.47,4.0,16.9,10.4,67
2010-09-07,10.4,13.4,88,11.00,298,1.41,16.0,13.7,9.0,67
2010-09-08,10.0,13.1,86,0.00,121,1.35,0.0,12.8,9.4,63
2010-09-09,10.1,12.1,91,3.70,107,0.87,15.0,14.7,11.6,68
2010-09-10,10.5,13.1,96,7.30,132,0.94,19.0,13.1,8.5,89
2010-09-11,10.4,14.1,83,0.50,282,1.99,2.0,17.9,11.5,54
2010-09-12,9.6,13.8,78,1.20,353,1.57,5.0,15.0,10.4,56
2010-09-13,8.3,11.3,74,0.00,71,1.50,0.0,15.8,8.2,56
2010-09-14,8.6,12.1,79,0.10,199,1.40,1.0,9.2,5.6,60
2010-09-15,8.3,12.0,82,1.10,272,1.66,3.0,19.6,9.5,59
2010-09-16,5.0,8.9,69,0.60,317,1.72,3.0,29.8,18.7,48
2010-09-17,2.8,7.5,59,0.00,303,2.20,0.0,25.2,14.9,45
2010-09-18,5.1,10.7,70,0.00,127,1.91,0.0,11.5,8.7,48
2010-09-19,6.4,10.0,71,0.00,98,1.53,0.0,22.3,15.2,48
2010-09-20,4.2,7.3,93,7.90,52,0.88,24.0,20.9,16.2,69
2010-09-21,3.5,7.4,85,0.40,274,1.16,2.0,12.2,8.3,58
2010-09-22,5.3,13.0,77,0.00,179,1.89,0.0,12.3,9.1,47
2010-09-23,7.2,13.4,80,0.00,139,1.89,0.0,13.2,11.3,57
2010-09-24,9.9,16.5,72,0.00,216,2.19,0.0,14.5,10.9,42
2010-09-25,13.8,22.1,60,0.00,184,2.95,0.0,21.9,16.2,43
2010-09-26,14.5,20.2,72,1.00,271,2.21,4.0,21.0,12.6,50
2010-09-27,12.7,20.5,66,0.00,192,2.25,0.0,17.5,12.1,52
2010-09-28,14.8,18.2,71,0.80,248,2.65,3.0,30.5,23.3,49
2010-09-29,12.2,15.6,58,0.00,265,3.14,0.0,26.5,22.6,46
2010-09-30,9.8,14.5,64,0.00,259,2.25,0.0,18.0,12.5,47
2010-10-01,9.6,15.1,61,0.00,141,2.48,0.0,28.4,17.4,40
2010-10-02,11.0,19.3,66,0.00,164,2.48,0.0,25.4,13.9,47
2010-10-03,13.1,17.5,59,0.00,271,2.30,0.0,18.8,10.2,38
2010-10-04,10.4,14.9,71,0.30,98,1.45,2.0,13.4,10.0,52
2010-10-05,8.8,12.2,67,0.50,266,2.16,3.0,27.4,21.8,32
2010-10-06,14.0,21.2,46,0.00,245,3.68,0.0,31.9,21.3,41
2010-10-07,14.5,19.2,60,0.00,194,2.31,0.0,15.5,9.7,48
2010-10-08,13.0,17.2,63,0.00,209,2.41,0.0,21.6,15.8,37
2010-10-09,11.9,19.8,57,0.00,158,2.50,0.0,28.9,15.4,39
2010-10-10,12.9,17.8,63,0.00,179,2.05,0.0,25.9,16.9,35
2010-10-11,9.9,13.8,38,0.00,256,3.71,0.0,31.2,26.5,30
2010-10-12,8.4,11.6,51,0.10,253,2.37,1.0,24.3,17.5,42
2010-10-13,9.9,13.1,60,0.00,240,2.00,0.0,23.1,15.5,52
2010-10-14,8.7,13.4,68,0.00,158,1.64,0.0,21.4,13.2,45
2010-10-15,7.9,11.5,48,0.30,270,2.38,2.0,32.9,22.6,42
2010-10-16,5.5,8.5,53,0.00,267,2.07,0.0,27.6,18.1,39
2010-10-17,5.0,10.0,56,0.00,237,1.82,0.0,21.7,16.2,48
2010-10-18,7.2,12.4,59,0.00,229,1.62,0.0,19.2,13.5,48
2010-10-19,9.2,11.5,60,0.00,267,2.24,0.0,28.1,22.8,38
2010-10-20,5.6,9.2,58,0.00,262,1.49,0.0,18.9,11.4,39
2010-10-21,6.7,10.6,72,0.00,202,1.26,0.0,17.4,13.2,53
2010-10-22,3.8,8.2,75,0.40,47,0.65,2.0,16.1,12.4,71
2010-10-23,2.5,3.8,91,1.00,104,0.35,5.0,16.9,11.0,83
2010-10-24,2.1,3.5,91,4.00,113,0.36,16.0,22.2,20.2,80
2010-10-25,0.7,2.1,79,1.40,47,0.68,10.0,18.9,15.5,61
2010-10-26,-1.8,1.2,71,0.00,71,0.76,0.0,12.7,9.3,51
2010-10-27,-3.6,0.5,74,0.00,116,0.68,0.0,12.8,10.3,55
2010-10-28,-0.8,4.2,84,0.10,221,0.52,1.0,12.0,9.2,64
2010-10-29,0.6,6.1,88,0.00,162,0.63,0.0,13.0,11.4,60
2010-10-30,2.1,7.9,74,0.00,176,0.92,0.0,13.7,12.5,51
2010-10-31,1.2,8.5,83,0.00,164,0.72,0.0,14.4,8.9,52
2010-11-01,2.6,7.6,81,0.30,162,0.62,1.0,19.7,12.6,61
2010-11-02,6.1,9.9,62,0.00,250,1.89,0.0,34.3,26.2,41
2010-11-03,6.0,8.6,54,0.00,265,1.97,0.0,33.7,21.7,43
2010-11-04,3.2,7.8,62,0.00,134,1.31,0.0,24.7,18.0,52
2010-11-05,5.3,6.8,62,0.00,243,1.33,0.0,25.8,18.7,39
2010-11-06,1.7,5.3,54,0.00,243,1.28,0.0,22.1,13.4,38
2010-11-07,-0.0,2.3,74,1.80,112,0.53,5.0,18.0,12.9,59
2010-11-08,0.1,4.1,84,1.60,245,0.52,7.0,13.1,10.5,63
2010-11-09,-0.6,2.8,85,0.50,187,0.38,3.0,8.0,4.7,70
2010-11-10,-0.8,3.5,87,0.00,264,0.43,0.0,8.9,4.6,52
2010-11-11,-2.1,0.9,76,0.00,264,0.48,0.0,14.8,10.5,52
2010-11-12,-0.5,3.7,70,0.00,218,0.77,0.0,23.2,14.6,54
2010-11-13,1.1,4.4,65,0.90,239,0.86,4.0,20.7,16.5,57
2010-11-14,2.7,4.0,90,0.70,262,0.25,4.0,18.0,14.9,82
2010-11-15,0.1,3.0,96,1.30,296,0.19,3.0,18.6,12.4,88
2010-11-16,-6.1,-1.6,69,0.00,357,0.53,0.0,19.2,16.4,52
2010-11-17,-9.9,-8.5,49,0.00,70,0.65,0.0,24.0,15.9,42
2010-11-18,-11.1,-9.9,54,1.10,72,0.60,8.0,26.5,17.5,43
2010-11-19,-12.7,-10.9,61,0.00,275,0.28,0.0,10.8,7.1,47
2010-11-20,-13.5,-11.1,70,0.00,288,0.24,0.0,11.2,8.4,55
2010-11-21,-13.2,-11.4,72,0.00,343,0.20,0.0,8.6,5.5,46
2010-11-22,-17.4,-11.7,59,0.60,358,0.31,4.0,20.1,14.9,49
2010-11-23,-20.8,-14.1,48,0.00,249,0.34,0.0,21.3,14.8,28
2010-11-24,-17.0,-10.3,58,0.00,235,0.34,0.0,15.6,11.5,44
2010-11-25,-5.7,1.2,74,4.70,260,0.56,10.0,31.8,20.1,62
2010-11-26,-2.8,1.0,78,0.00,207,0.36,0.0,19.8,10.4,62
2010-11-27,-3.2,-1.4,87,1.90,273,0.20,6.0,15.1,11.2,80
2010-11-28,-7.0,-3.7,86,0.00,298,0.18,0.0,10.5,7.9,76
2010-11-29,-7.6,-4.7,84,0.00,249,0.20,0.0,9.9,7.6,67
2010-11-30,-9.2,-7.5,83,1.60,135,0.23,5.0,28.8,21.2,77
2010-12-01,-9.4,-3.3,87,0.00,146,0.16,0.0,16.8,9.8,77
2010-12-02,-6.5,-3.8,92,0.00,99,0.13,0.0,11.3,7.9,85
2010-12-03,-10.6,-4.8,86,0.70,317,0.10,7.0,12.6,8.2,77
2010-12-04,-13.8,-6.5,85,0.00,227,0.17,0.0,18.5,12.1,78
2010-12-05,-9.3,-4.5,74,0.00,228,0.25,0.0,14.0,9.5,56
2010-12-06,-13.9,-10.5,77,0.00,110,0.13,0.0,9.2,6.9,69
2010-12-07,-13.7,-10.5,81,0.00,76,0.11,0.0,10.2,4.8,75
2010-12-08,-13.3,-10.7,80,0.80,120,0.15,4.0,17.6,12.2,76
2010-12-09,-15.5,-11.6,80,0.90,318,0.13,5.0,17.4,12.7,72
2010-12-10,-20.9,-19.5,77,0.40,68,0.08,3.0,11.5,9.3,68
2010-12-11,-20.5,-17.3,77,1.00,116,0.13,6.0,15.6,13.8,71
2010-12-12,-17.6,-15.5,80,0.20,127,0.16,1.0,23.2,20.3,75
2010-12-13,-12.0,-4.1,81,0.50,164,0.17,3.0,19.6,10.4,75
2010-12-14,-9.2,-6.2,90,0.00,134,0.10,0.0,17.3,14.8,85
2010-12-15,-10.7,-6.7,86,15.00,315,0.12,22.0,23.9,17.0,74
2010-12-16,-20.1,-17.1,77,1.50,276,0.13,8.0,22.4,15.9,64
2010-12-17,-22.5,-16.0,77,0.00,106,0.09,0.0,12.7,9.1,71
2010-12-18,-16.7,-12.2,82,0.00,91,0.11,0.0,13.2,10.5,75
2010-12-19,-17.9,-16.0,81,0.40,310,0.09,4.0,16.8,11.6,76
2010-12-20,-18.8,-17.2,81,0.10,202,0.09,1.0,15.8,11.3,75
2010-12-21,-17.6,-15.8,81,0.00,129,0.14,0.0,20.4,17.9,75
2010-12-22,-17.7,-15.2,82,0.00,121,0.12,0.0,21.7,17.7,80
2010-12-23,-15.1,-13.6,83,0.00,122,0.12,0.0,23.0,14.3,76
2010-12-24,-14.0,-11.3,84,0.00,130,0.14,0.0,27.5,20.4,81
2010-12-25,-10.0,-7.9,85,0.00,126,0.15,0.0,26.0,14.8,76
2010-12-26,-9.9,-8.5,88,0.00,81,0.10,0.0,15.1,11.4,84
2010-12-27,-12.6,-9.6,84,0.50,291,0.13,5.0,19.6,16.1,76
2010-12-28,-16.1,-14.3,83,0.00,300,0.08,0.0,12.4,8.5,80
2010-12-29,-21.2,-16.9,80,0.00,294,0.09,0.0,14.5,13.2,74
2010-12-30,-24.1,-19.3,77,0.00,218,0.08,0.0,12.3,8.5,64
2010-12-31,-21.8,-13.1,76,0.00,149,0.11,0.0,13.0,10.1,58
2011-01-01,-13.2,-5.8,80,0.80,253,0.21,5.0,21.8,15.8,70
2011-01-02,-6.8,-4.7,88,1.90,303,0.14,8.0,20.9,13.6,85
2011-01-03,-8.6,-5.3,84,0.00,251,0.20,0.0,19.7,13.9,77
2011-01-04,-5.4,-2.7,87,0.00,260,0.19,0.0,17.6,13.8,81
2011-01-05,-2.0,0.2,86,1.10,257,0.35,5.0,24.9,14.6,75
2011-01-06,-0.5,2.7,69,0.20,259,0.91,1.0,38.3,25.0,54
2011-01-07,-6.9,-2.3,84,0.30,188,0.19,2.0,19.1,12.3,74
2011-01-08,-8.4,-6.6,86,8.00,43,0.15,24.0,17.6,16.1,78
2011-01-09,-15.8,-11.5,81,1.80,347,0.13,13.0,16.1,12.2,73
2011-01-10,-19.9,-17.3,81,0.00,324,0.08,0.0,11.4,6.3,75
2011-01-11,-23.9,-19.0,79,0.00,134,0.07,0.0,10.5,6.9,73
2011-01-12,-23.0,-20.9,78,0.00,40,0.06,0.0,8.6,5.2,72
2011-01-13,-22.4,-20.8,77,0.50,345,0.09,5.0,12.4,9.1,66
2011-01-14,-25.5,-24.2,72,1.60,24,0.08,9.0,10.0,8.0,66
2011-01-15,-26.2,-24.1,69,3.20,88,0.10,19.0,11.5,9.5,64
2011-01-16,-23.9,-23.4,72,3.10,74,0.09,16.0,11.0,8.4,66
2011-01-17,-23.5,-21.4,71,4.10,108,0.09,17.0,13.5,8.3,64
2011-01-18,-17.0,-10.6,76,0.00,264,0.22,0.0,19.9,12.6,71
2011-01-19,-13.4,-9.6,83,1.50,300,0.14,6.0,17.6,10.0,69
2011-01-20,-14.9,-3.1,81,3.80,149,0.23,9.0,23.7,13.9,76
2011-01-21,-9.7,-4.3,85,0.70,56,0.14,5.0,16.1,10.1,79
2011-01-22,-5.9,1.7,81,3.50,232,0.44,8.0,22.1,15.3,67
2011-01-23,1.5,2.9,69,0.30,271,1.09,2.0,34.8,27.4,55
2011-01-24,-1.3,2.0,80,0.00,242,0.51,0.0,24.1,15.6,69
2011-01-25,-1.3,3.5,84,1.30,248,0.49,4.0,25.7,15.2,66
2011-01-26,1.8,4.1,82,0.40,254,0.48,2.0,20.9,16.2,72
2011-01-27,3.2,6.4,79,0.00,253,0.84,0.0,27.0,18.9,60
2011-01-28,-4.6,4.4,76,1.20,324,0.59,5.0,35.4,21.3,62
2011-01-29,-18.1,-12.3,78,0.00,55,0.17,0.0,16.4,10.3,62
2011-01-30,-22.9,-18.8,74,0.00,86,0.15,0.0,8.1,6.0,56
2011-01-31,-26.2,-20.1,72,0.00,130,0.14,0.0,13.6,9.7,57
2011-02-01,-21.2,-8.8,66,0.00,171,0.34,0.0,16.8,13.2,40
2011-02-02,-3.4,1.9,78,0.00,263,0.63,0.0,25.2,22.1,55
2011-02-03,2.3,3.7,78,0.00,262,0.84,0.0,25.2,22.1,72
2011-02-04,2.3,4.5,83,1.50,257,0.62,7.0,21.7,16.8,71
2011-02-05,-1.4,3.0,89,9.00,322,0.30,24.0,23.7,18.1,73
2011-02-06,-14.0,-7.6,80,0.10,353,0.29,1.0,21.9,9.7,62
2011-02-07,-16.8,-13.9,74,0.00,120,0.33,0.0,19.4,13.9,57
2011-02-08,-17.7,-12.6,74,0.00,259,0.29,0.0,13.7,10.6,66
2011-02-09,-14.9,-6.7,74,0.30,249,0.36,3.0,21.0,13.9,62
2011-02-10,-3.1,0.5,81,2.60,271,0.59,13.0,26.3,23.4,74
2011-02-11,0.4,3.9,83,0.70,263,0.62,3.0,21.3,14.6,65
2011-02-12,1.7,5.2,77,0.00,247,0.88,0.0,19.8,16.9,61
2011-02-13,0.8,3.2,81,1.70,256,0.81,6.0,28.7,16.9,54
2011-02-14,-1.4,3.9,76,0.00,195,0.79,0.0,17.7,9.3,54
2011-02-15,-8.2,0.9,81,4.50,45,0.34,8.0,24.8,17.5,66
2011-02-16,-21.8,-15.3,70,0.00,307,0.25,0.0,18.4,11.4,53
2011-02-17,-23.5,-21.1,68,0.20,29,0.19,2.0,9.4,6.9,57
2011-02-18,-22.3,-20.3,71,0.00,295,0.24,0.0,11.6,9.6,57
2011-02-19,-24.2,-15.5,67,0.00,149,0.30,0.0,17.6,11.3,46
2011-02-20,-19.5,-12.5,71,0.00,135,0.39,0.0,19.9,17.1,52
2011-02-21,-12.6,-4.2,71,0.00,214,0.66,0.0,18.4,15.1,57
2011-02-22,-12.3,-5.3,76,0.10,308,0.38,1.0,21.7,18.0,61
2011-02-23,-18.1,-14.4,73,0.00,320,0.32,0.0,19.8,17.2,58
2011-02-24,-23.0,-18.4,71,0.00,312,0.27,0.0,18.9,14.3,57
2011-02-25,-20.8,-10.9,68,0.00,243,0.37,0.0,17.1,13.2,61
2011-02-26,-8.5,-4.4,76,1.90,266,0.60,12.0,25.3,18.3,68
2011-02-27,-11.5,-4.4,76,0.10,17,0.36,1.0,22.1,16.1,56
2011-02-28,-22.8,-17.8,62,0.00,16,0.25,0.0,17.5,13.2,50
2011-03-01,-26.7,-22.2,64,0.00,291,0.28,0.0,12.0,8.9,47
2011-03-02,-26.2,-21.7,66,0.60,105,0.20,2.0,18.2,10.0,53
2011-03-03,-21.9,-17.6,69,2.90,108,0.33,11.0,17.4,6.8,53
2011-03-04,-19.7,-14.1,66,0.00,306,0.47,0.0,6.2,3.5,50
2011-03-05,-18.2,-13.3,71,0.00,91,0.46,0.0,13.0,9.5,53
2011-03-06,-16.8,-12.7,72,0.00,107,0.49,0.0,11.5,9.3,55
2011-03-07,-17.8,-10.7,73,0.00,149,0.60,0.0,15.1,8.6,53
2011-03-08,-15.7,-7.8,68,0.00,149,0.69,0.0,4.9,3.9,51
2011-03-09,-11.5,-3.5,74,0.00,119,0.80,0.0,14.0,9.3,53
2011-03-10,-12.5,-4.8,77,4.20,56,0.39,12.0,20.0,17.5,65
2011-03-11,-19.9,-15.7,72,1.80,62,0.39,5.0,16.1,11.0,54
2011-03-12,-17.6,-10.8,72,0.00,127,0.41,0.0,24.7,19.0,59
2011-03-13,-10.8,0.4,75,0.00,120,0.93,0.0,17.6,9.0,53
2011-03-14,-4.3,-0.8,80,2.60,89,0.79,4.0,20.6,13.1,59
2011-03-15,-5.9,-0.9,85,0.00,63,0.82,0.0,15.5,8.5,65
2011-03-16,-4.5,-1.4,86,0.10,86,0.68,1.0,17.7,13.4,72
2011-03-17,-3.5,3.1,81,0.60,164,1.16,4.0,11.3,9.3,51
2011-03-18,-0.5,5.5,69,0.00,259,1.47,0.0,10.3,5.4,35
2011-03-19,-2.6,3.5,80,0.00,80,1.24,0.0,12.1,8.3,54
2011-03-20,-1.5,2.6,84,1.30,69,0.80,7.0,20.3,16.3,62
2011-03-21,-2.5,-0.4,83,1.50,89,0.77,10.0,22.5,20.5,71
2011-03-22,-2.6,-0.6,83,0.70,120,0.71,6.0,22.5,20.0,71
2011-03-23,-2.6,-0.8,85,0.30,135,0.71,3.0,18.6,15.7,72
2011-03-24,-4.3,-1.9,84,0.50,124,0.69,3.0,21.5,18.9,74
2011-03-25,-5.6,-2.7,82,0.00,130,0.73,0.0,20.5,19.3,72
2011-03-26,-6.8,-4.0,81,0.00,131,0.80,0.0,22.4,19.2,70
2011-03-27,-5.6,-2.0,83,0.00,125,0.84,0.0,20.4,18.3,72
2011-03-28,-3.6,1.5,82,0.00,135,1.08,0.0,19.9,17.5,65
2011-03-29,-1.3,4.7,84,0.00,145,1.48,0.0,22.7,16.2,60
2011-03-30,0.7,6.3,84,0.60,162,1.30,3.0,19.5,15.1,54
2011-03-31,3.2,6.0,65,0.00,263,2.15,0.0,26.0,21.8,54
2011-04-01,2.2,5.0,70,0.00,264,1.99,0.0,22.8,19.6,55
2011-04-02,0.7,5.7,74,0.20,294,1.86,1.0,10.9,6.4,51
2011-04-03,0.4,5.5,78,0.00,290,1.75,0.0,11.1,7.2,49
2011-04-04,1.8,6.2,71,0.00,231,1.61,0.0,22.3,13.9,43
2011-04-05,0.8,5.1,73,0.00,250,1.66,0.0,19.1,11.9,55
2011-04-06,0.4,4.4,74,0.00,240,1.77,0.0,13.0,10.5,54
2011-04-07,-0.1,4.0,77,0.00,292,1.77,0.0,13.0,9.1,53
2011-04-08,1.3,7.5,68,0.00,208,1.98,0.0,19.9,13.5,38
2011-04-09,3.6,7.9,70,0.00,254,2.24,0.0,18.2,14.9,50
2011-04-10,3.4,7.6,66,0.00,252,2.35,0.0,21.0,14.5,46
2011-04-11,3.6,9.3,72,0.00,189,2.11,0.0,23.1,12.4,46
2011-04-12,-0.9,6.0,74,0.00,301,1.88,0.0,27.7,15.3,54
2011-04-13,-0.7,4.2,71,0.00,121,1.89,0.0,22.1,14.2,48
2011-04-14,-0.1,3.6,72,1.60,108,1.26,5.0,24.4,22.8,61
2011-04-15,-0.5,1.6,81,7.10,74,1.06,23.0,20.2,14.6,63
2011-04-16,-1.3,2.2,75,0.00,73,1.51,0.0,13.3,10.7,49
2011-04-17,-1.7,3.3,67,0.00,286,1.95,0.0,8.9,6.1,41
2011-04-18,-1.2,3.7,64,0.00,272,2.20,0.0,8.4,5.7,44
2011-04-19,-0.6,3.4,71,0.30,300,1.98,2.0,10.4,5.9,47
2011-04-20,0.6,5.4,70,0.00,244,2.20,0.0,16.1,12.1,47
2011-04-21,1.2,6.2,64,0.00,235,2.41,0.0,12.3,7.6,45
2011-04-22,1.9,6.2,64,0.00,253,2.33,0.0,16.6,11.4,44
2011-04-23,2.4,6.4,64,0.00,260,2.23,0.0,13.7,11.8,47
2011-04-24,3.5,7.6,68,0.00,72,2.14,0.0,12.4,7.9,48
2011-04-25,3.7,11.1,72,0.00,107,2.85,0.0,16.5,12.7,46
2011-04-26,5.1,10.1,75,0.80,92,2.20,5.0,13.9,8.3,52
2011-04-27,4.9,12.3,72,0.00,229,2.23,0.0,9.3,7.6,42
2011-04-28,4.2,11.3,83,1.00,266,1.49,7.0,12.4,8.4,43
2011-04-29,4.2,10.0,70,0.50,353,2.72,2.0,16.1,8.9,39
2011-04-30,5.2,9.9,73,0.90,267,2.60,5.0,14.5,8.8,41
2011-05-01,5.9,12.2,62,0.00,255,3.14,0.0,14.7,12.4,35
2011-05-02,8.7,16.9,54,0.00,152,3.12,0.0,10.6,6.0,32
2011-05-03,8.3,16.2,65,1.80,273,2.63,5.0,24.1,17.3,37
2011-05-04,7.4,11.7,55,0.40,267,3.53,1.0,22.3,19.0,39
2011-05-05,7.5,11.5,64,0.50,238,2.35,3.0,17.2,11.6,43
2011-05-06,7.7,13.0,71,0.10,263,3.07,1.0,14.9,10.1,39
2011-05-07,7.2,12.6,76,0.50,97,2.95,2.0,12.6,10.1,43
2011-05-08,8.1,14.1,67,0.10,120,3.37,1.0,11.4,8.2,41
2011-05-09,9.9,17.0,59,0.00,157,3.94,0.0,9.4,6.8,37
2011-05-10,11.2,18.1,58,0.00,164,3.93,0.0,13.2,7.9,35
2011-05-11,12.8,18.0,51,0.00,135,4.85,0.0,30.1,20.4,31
2011-05-12,13.1,18.5,48,0.00,130,5.45,0.0,32.0,27.0,32
2011-05-13,9.1,17.9,77,10.70,267,3.18,11.0,20.2,10.8,38
2011-05-14,12.3,17.0,47,0.00,130,5.12,0.0,33.3,24.9,25
2011-05-15,12.2,16.0,38,0.00,137,5.94,0.0,36.6,30.7,29
2011-05-16,13.4,19.4,49,0.00,139,5.42,0.0,32.7,21.6,38
2011-05-17,13.9,19.1,55,0.00,110,4.87,0.0,22.5,17.6,32
2011-05-18,13.3,19.6,50,0.00,126,4.72,0.0,21.6,10.3,30
2011-05-19,15.2,20.9,59,0.00,51,4.16,0.0,17.7,10.7,33
2011-05-20,15.6,22.0,68,0.50,23,4.14,2.0,10.5,5.9,36
2011-05-21,16.6,23.4,59,0.30,72,4.01,1.0,11.6,7.8,33
2011-05-22,16.2,21.7,69,0.00,52,3.95,0.0,18.6,10.5,42
2011-05-23,10.3,17.2,60,0.00,66,3.75,0.0,22.0,16.9,41
2011-05-24,10.5,16.6,59,0.00,69,4.02,0.0,10.0,6.5,31
2011-05-25,11.2,16.5,47,0.00,106,4.09,0.0,16.9,12.1,31
2011-05-26,10.4,15.3,65,0.00,117,2.63,0.0,16.5,12.2,43
2011-05-27,13.5,19.1,56,0.00,27,4.32,0.0,13.4,9.6,28
2011-05-28,12.0,18.4,44,0.00,37,5.05,0.0,16.6,13.0,26
2011-05-29,11.7,17.2,51,0.00,49,4.42,0.0,11.6,5.2,27
2011-05-30,12.9,18.6,49,0.00,68,4.73,0.0,13.1,10.1,29
2011-05-31,13.6,19.4,66,0.70,143,4.24,2.0,13.1,4.7,37
2011-06-01,13.7,19.8,66,0.50,160,4.46,1.0,17.8,9.8,33
2011-06-02,14.9,21.0,64,0.20,172,4.65,1.0,16.6,8.2,36
2011-06-03,10.6,20.5,67,2.70,358,2.65,10.0,24.7,18.2,38
2011-06-04,5.3,10.6,72,1.70,295,2.38,5.0,18.3,10.2,50
2011-06-05,9.5,14.0,82,6.10,169,2.38,14.0,12.1,7.1,58
2011-06-06,12.1,17.8,71,0.00,238,3.75,0.0,12.2,8.4,41
2011-06-07,12.6,17.7,76,0.00,46,3.63,0.0,15.1,9.5,43
2011-06-08,12.5,16.0,69,0.10,34,3.28,1.0,13.5,8.1,50
2011-06-09,14.8,22.2,68,0.00,177,4.21,0.0,12.1,9.1,35
2011-06-10,17.5,21.9,62,0.00,249,4.67,0.0,11.5,9.2,36
2011-06-11,13.7,17.3,76,3.50,266,3.76,6.0,19.7,13.5,46
2011-06-12,14.5,19.3,65,0.80,179,3.58,2.0,11.4,6.2,47
2011-06-13,14.7,21.4,79,0.80,159,4.15,1.0,11.6,7.2,47
2011-06-14,13.5,19.8,91,8.80,272,1.36,14.0,19.6,12.9,52
2011-06-15,11.7,13.0,99,50.80,328,0.51,24.0,24.9,16.3,96
2011-06-16,12.1,13.2,97,14.80,29,0.65,24.0,26.1,20.9,89
2011-06-17,13.2,17.9,90,5.90,64,2.32,20.0,21.9,14.0,64
2011-06-18,13.0,17.3,92,15.90,39,1.01,16.0,21.4,14.0,66
2011-06-19,13.3,17.1,93,4.20,46,1.54,10.0,18.9,15.9,73
2011-06-20,14.4,17.4,91,3.20,70,2.22,17.0,14.7,8.3,78
2011-06-21,15.0,20.1,79,10.30,252,3.96,13.0,16.1,10.1,42
2011-06-22,17.0,23.3,66,0.30,196,4.70,1.0,13.2,6.9,42
2011-06-23,18.7,24.3,69,0.00,111,4.97,0.0,17.6,14.3,47
2011-06-24,14.7,22.7,86,26.10,233,1.68,18.0,25.0,12.0,57
2011-06-25,11.4,14.1,80,6.80,268,2.06,5.0,22.5,13.1,60
2011-06-26,13.7,18.5,84,8.40,339,3.46,9.0,20.5,15.2,47
2011-06-27,16.0,20.5,70,0.00,89,4.10,0.0,12.8,7.7,46
2011-06-28,15.7,21.2,85,1.40,144,3.26,3.0,18.4,10.9,59
2011-06-29,16.6,21.5,79,1.70,233,3.82,5.0,18.5,14.4,49
2011-06-30,14.0,17.4,74,0.90,252,3.89,2.0,25.1,19.0,42
2011-07-01,13.5,16.9,56,0.00,259,5.04,0.0,27.8,22.9,43
2011-07-02,14.7,20.2,58,0.00,238,4.66,0.0,22.5,14.7,44
2011-07-03,15.8,19.9,74,0.00,239,3.31,0.0,18.0,12.6,50
2011-07-04,14.4,18.3,58,0.00,260,5.17,0.0,27.8,23.6,42
2011-07-05,16.2,21.7,60,0.00,245,4.85,0.0,19.4,13.2,43
2011-07-06,17.7,22.9,69,0.00,254,4.83,0.0,15.5,9.5,47
2011-07-07,17.1,22.3,84,2.20,167,3.62,6.0,9.0,5.8,53
2011-07-08,16.3,21.2,91,32.20,73,1.58,20.0,23.5,16.3,67
2011-07-09,13.2,17.0,87,7.70,347,1.88,14.0,20.5,16.0,81
2011-07-10,13.7,16.4,93,8.10,7,1.38,21.0,21.3,16.5,77
2011-07-11,15.5,18.3,78,0.00,121,2.99,0.0,20.1,13.9,56
2011-07-12,14.7,17.8,83,4.60,123,2.22,7.0,20.0,15.8,60
2011-07-13,15.7,19.4,87,1.00,136,2.14,2.0,14.9,10.0,66
2011-07-14,17.1,20.3,87,8.70,176,2.48,12.0,16.5,8.6,69
2011-07-15,15.2,19.1,80,0.20,246,3.16,1.0,19.9,13.5,63
2011-07-16,15.0,19.9,83,9.90,261,3.02,17.0,20.6,13.3,59
2011-07-17,17.6,23.0,78,0.20,122,4.00,1.0,14.5,9.7,60
2011-07-18,18.4,23.1,89,4.90,165,3.41,7.0,15.6,9.6,67
2011-07-19,18.0,21.9,72,0.00,252,4.50,0.0,21.0,17.1,48
2011-07-20,16.1,20.2,66,0.50,263,4.36,3.0,24.2,19.4,55
2011-07-21,15.1,20.1,72,1.40,264,3.84,2.0,21.2,9.7,48
2011-07-22,13.8,18.5,94,29.00,307,1.04,23.0,17.6,10.9,60
2011-07-23,11.8,15.2,97,31.20,278,1.38,24.0,12.3,6.2,89
2011-07-24,15.4,21.4,84,2.90,266,3.49,9.0,15.9,11.5,54
2011-07-25,18.4,23.1,68,0.00,238,4.80,0.0,16.9,14.3,46
2011-07-26,17.8,22.5,73,0.00,259,3.94,0.0,17.6,12.1,51
2011-07-27,16.3,19.7,73,0.60,270,4.01,3.0,22.3,20.0,60
2011-07-28,15.5,18.3,69,1.40,259,3.86,3.0,21.0,17.9,55
2011-07-29,15.0,18.0,74,0.50,245,3.51,3.0,21.8,15.8,58
2011-07-30,15.2,22.1,68,1.00,244,3.91,3.0,20.9,13.0,47
2011-07-31,16.3,21.2,76,1.90,238,3.25,6.0,18.1,12.8,56
2011-08-01,14.9,18.9,68,0.10,256,3.54,1.0,34.4,23.1,55
2011-08-02,15.7,21.1,61,0.00,253,4.88,0.0,27.2,18.9,45
2011-08-03,16.6,20.8,73,0.60,266,3.44,2.0,14.5,11.3,49
2011-08-04,16.4,22.2,73,1.20,240,3.91,1.0,13.6,8.4,47
2011-08-05,17.9,24.0,76,0.10,148,3.88,1.0,13.3,10.4,52
2011-08-06,16.4,23.3,82,19.00,270,2.06,13.0,26.3,11.1,55
2011-08-07,14.1,17.9,78,1.20,278,2.36,8.0,19.0,15.8,56
2011-08-08,16.8,22.1,85,1.20,269,3.47,2.0,12.6,8.2,56
2011-08-09,18.7,23.3,76,0.00,212,3.72,0.0,8.0,6.1,50
2011-08-10,18.3,22.6,79,0.70,335,3.76,3.0,9.8,6.3,56
2011-08-11,18.1,22.3,69,0.00,69,3.84,0.0,10.1,6.6,46
2011-08-12,18.4,23.6,74,0.00,195,3.95,0.0,10.4,7.8,51
2011-08-13,17.7,21.4,84,3.70,40,2.56,6.0,13.2,7.0,61
2011-08-14,16.3,20.1,91,17.20,324,1.74,12.0,14.4,8.4,72
2011-08-15,13.9,16.8,79,0.90,264,2.54,2.0,19.4,15.8,51
2011-08-16,13.8,17.2,64,0.40,255,3.64,1.0,25.9,20.4,49
2011-08-17,14.1,17.5,64,0.00,255,3.56,0.0,20.0,17.8,55
2011-08-18,12.5,16.6,79,8.70,271,2.71,12.0,18.7,16.5,60
2011-08-19,13.1,17.1,72,0.20,256,3.31,1.0,16.8,14.3,54
2011-08-20,15.1,21.2,72,0.00,225,3.06,0.0,12.6,9.6,58
2011-08-21,18.8,26.5,76,0.00,174,3.44,0.0,15.3,11.7,50
2011-08-22,19.7,24.2,72,0.00,225,3.29,0.0,18.6,12.3,55
2011-08-23,16.5,21.6,74,1.30,257,3.48,4.0,34.2,22.3,47
2011-08-24,15.6,21.5,63,0.00,230,3.56,0.0,20.9,14.3,45
2011-08-25,15.3,21.1,59,0.00,267,3.93,0.0,25.6,19.5,49
2011-08-26,14.2,21.1,69,0.00,199,3.26,0.0,14.2,9.9,51
2011-08-27,16.7,21.9,74,0.00,211,3.09,0.0,12.6,9.0,45
2011-08-28,16.7,21.7,67,0.00,256,3.65,0.0,15.5,12.1,46
2011-08-29,15.9,20.9,78,4.30,106,1.81,7.0,16.0,9.1,55
2011-08-30,14.1,17.2,72,0.00,268,2.97,0.0,25.8,18.0,55
2011-08-31,11.3,15.0,74,0.40,293,2.23,3.0,21.9,18.4,56
2011-09-01,11.6,17.6,68,0.00,220,3.02,0.0,15.3,11.2,45
2011-09-02,10.9,16.5,86,5.10,278,1.73,16.0,17.7,12.2,56
2011-09-03,12.0,18.3,79,2.60,254,2.75,7.0,17.3,12.1,42
2011-09-04,15.3,23.8,67,0.00,190,3.48,0.0,13.7,11.0,44
2011-09-05,17.4,22.7,64,0.00,242,3.58,0.0,15.0,13.1,48
2011-09-06,17.8,24.2,65,0.00,225,3.62,0.0,15.2,10.9,40
2011-09-07,19.3,25.5,61,0.00,218,3.98,0.0,14.6,11.2,43
2011-09-08,20.0,26.6,66,0.00,197,3.49,0.0,8.9,6.8,39
2011-09-09,20.3,26.6,67,0.00,211,3.67,0.0,16.2,9.1,41
2011-09-10,19.2,25.4,59,0.00,266,3.98,0.0,17.5,12.3,42
2011-09-11,14.3,21.0,75,3.20,8,1.75,7.0,21.0,10.7,47
2011-09-12,12.1,15.8,67,0.00,279,2.69,0.0,21.1,15.3,43
2011-09-13,9.0,15.0,67,0.00,75,2.53,0.0,18.4,14.4,44
2011-09-14,7.9,13.5,58,0.00,145,2.96,0.0,24.1,21.1,46
2011-09-15,10.4,17.6,71,0.00,130,2.45,0.0,18.8,12.5,53
2011-09-16,11.1,16.2,84,23.00,243,0.86,14.0,34.6,19.2,57
2011-09-17,10.6,13.4,69,7.10,264,2.33,8.0,40.0,28.9,50
2011-09-18,10.6,15.6,62,0.00,257,2.55,0.0,19.1,12.8,38
2011-09-19,10.7,14.8,66,0.00,256,2.28,0.0,25.3,18.3,50
2011-09-20,11.0,16.9,69,1.10,241,2.50,3.0,19.3,11.4,40
2011-09-21,11.6,17.7,62,0.00,146,2.86,0.0,22.2,17.4,47
2011-09-22,13.6,16.9,61,0.00,240,2.50,0.0,23.3,18.2,42
2011-09-23,15.9,26.1,61,0.00,174,3.25,0.0,20.3,15.8,42
2011-09-24,13.3,23.1,64,0.00,283,2.67,0.0,25.0,12.5,53
2011-09-25,13.7,21.0,66,0.00,116,2.16,0.0,22.0,13.1,47
2011-09-26,13.8,19.3,61,0.00,259,2.73,0.0,25.6,15.4,32
2011-09-27,13.3,17.5,53,0.10,219,3.28,1.0,21.7,16.5,32
2011-09-28,11.5,16.3,54,0.00,266,2.78,0.0,32.4,23.4,47
2011-09-29,8.7,13.7,70,0.00,162,2.05,0.0,28.5,16.4,45
2011-09-30,9.9,14.2,63,0.00,179,2.28,0.0,24.1,18.0,42
2011-10-01,9.6,12.9,48,0.00,263,2.79,0.0,23.4,15.7,39
2011-10-02,6.7,10.7,78,2.60,119,0.85,10.0,19.1,13.9,47
2011-10-03,7.5,10.8,80,0.00,120,1.06,0.0,23.7,15.1,70
2011-10-04,8.7,12.2,91,1.90,107,0.73,5.0,20.9,10.6,78
2011-10-05,8.5,10.4,90,0.10,336,0.73,1.0,12.8,7.5,69
2011-10-06,8.2,10.1,88,1.20,56,0.45,8.0,11.8,8.1,72
2011-10-07,7.9,10.8,86,0.00,262,1.16,0.0,26.1,12.7,60
2011-10-08,7.7,11.6,66,0.10,267,1.85,1.0,20.6,15.6,46
2011-10-09,8.7,13.8,61,0.00,168,2.10,0.0,19.4,13.4,40
2011-10-10,7.7,12.7,66,0.00,198,1.59,0.0,11.9,8.8,45
2011-10-11,8.3,11.7,62,0.00,115,1.74,0.0,18.7,14.9,51
2011-10-12,7.3,10.7,79,0.00,203,0.98,0.0,9.4,7.6,65
2011-10-13,6.2,9.6,81,3.50,270,0.78,16.0,29.6,19.3,68
2011-10-14,5.6,9.2,72,1.20,266,1.44,7.0,23.4,15.8,45
2011-10-15,4.5,7.7,73,0.00,269,1.20,0.0,14.8,13.1,53
2011-10-16,3.4,7.6,66,0.00,247,1.31,0.0,15.5,12.4,48
2011-10-17,4.3,9.9,65,0.00,246,1.29,0.0,17.1,12.6,47
2011-10-18,7.0,14.4,75,0.00,217,1.18,0.0,13.8,11.5,52
2011-10-19,8.8,14.8,68,0.00,209,1.23,0.0,15.5,8.3,45
2011-10-20,6.9,11.5,82,1.50,273,0.93,4.0,20.7,14.7,61
2011-10-21,3.6,7.5,70,0.00,232,1.09,0.0,14.5,10.9,45
2011-10-22,4.7,8.1,74,1.60,246,1.31,4.0,29.2,20.1,49
2011-10-23,4.5,8.0,73,0.00,255,1.20,0.0,27.4,17.1,49
2011-10-24,4.0,7.1,66,0.00,257,1.37,0.0,20.6,16.9,55
2011-10-25,3.4,6.2,71,0.10,265,1.18,1.0,18.7,16.9,57
2011-10-26,1.5,4.5,66,1.00,188,0.89,3.0,22.0,14.1,47
2011-10-27,3.7,6.1,56,0.00,261,1.93,0.0,33.5,26.7,49
2011-10-28,2.2,5.0,64,0.00,184,1.18,0.0,24.9,17.0,48
2011-10-29,3.2,6.9,70,0.00,256,1.18,0.0,28.4,19.2,54
2011-10-30,4.7,11.1,63,0.40,220,1.38,2.0,22.1,15.5,50
2011-10-31,4.8,8.8,57,0.00,261,1.80,0.0,28.4,22.9,49
2011-11-01,2.4,5.2,60,0.60,273,1.46,2.0,26.7,21.9,53
2011-11-02,3.0,7.3,55,0.00,205,1.45,0.0,20.3,14.7,43
2011-11-03,1.3,4.2,70,0.00,279,0.76,0.0,25.7,14.7,56
2011-11-04,-5.8,-1.5,54,0.00,275,0.99,0.0,25.6,18.1,41
2011-11-05,-2.7,2.1,61,0.00,221,0.85,0.0,14.5,12.0,39
2011-11-06,-1.5,2.1,73,0.00,240,0.57,0.0,13.5,7.2,53
2011-11-07,-0.7,5.3,66,0.00,227,0.87,0.0,15.9,12.7,39
2011-11-08,0.6,2.9,62,0.00,258,1.15,0.0,23.2,19.7,54
2011-11-09,-0.8,1.3,71,0.00,231,0.66,0.0,20.4,13.1,55
2011-11-10,0.9,5.3,86,6.90,190,0.49,14.0,24.9,16.5,62
2011-11-11,1.5,3.4,95,0.80,226,0.30,4.0,14.8,8.0,92
2011-11-12,-0.9,1.7,87,0.10,68,0.30,1.0,18.7,10.7,66
2011-11-13,-0.1,1.0,81,3.30,245,0.50,14.0,26.0,19.3,70
2011-11-14,-2.7,-0.3,83,4.00,304,0.30,16.0,22.9,15.9,68
2011-11-15,-9.0,-6.8,75,0.00,299,0.40,0.0,21.3,15.0,62
2011-11-16,-8.4,-5.0,78,0.00,239,0.29,0.0,11.7,8.3,64
2011-11-17,-9.3,-6.1,73,0.00,94,0.45,0.0,30.5,26.1,57
2011-11-18,-15.7,-11.9,69,0.00,65,0.28,0.0,18.8,11.4,59
2011-11-19,-19.3,-15.6,69,0.00,141,0.23,0.0,20.0,15.8,57
2011-11-20,-20.7,-16.5,72,0.00,214,0.18,0.0,17.2,11.8,59
2011-11-21,-17.8,-13.2,72,0.00,125,0.23,0.0,20.0,14.9,61
2011-11-22,-11.2,-1.3,76,1.00,134,0.31,5.0,21.3,15.2,68
2011-11-23,-4.2,-0.1,84,0.00,132,0.24,0.0,17.1,10.9,75
2011-11-24,-5.7,-1.2,85,0.10,184,0.28,1.0,20.4,10.6,67
2011-11-25,-3.2,-0.5,86,0.70,198,0.34,3.0,34.8,22.3,68
2011-11-26,-6.2,-2.6,73,0.40,187,0.44,3.0,22.7,15.6,63
2011-11-27,2.4,6.1,74,0.60,198,0.84,4.0,27.6,21.9,55
2011-11-28,-4.1,-0.2,67,0.00,263,0.64,0.0,22.7,16.3,48
2011-11-29,-0.5,1.4,66,0.00,252,0.89,0.0,28.6,18.9,55
2011-11-30,-3.3,-1.2,84,0.00,300,0.26,0.0,16.8,9.2,69
2011-12-01,-1.6,5.1,54,0.00,254,1.29,0.0,33.2,21.3,27
2011-12-02,0.1,5.7,59,1.20,289,1.49,5.0,40.3,33.9,26
2011-12-03,-3.0,-1.2,82,3.00,281,0.28,9.0,20.2,14.2,71
2011-12-04,-6.8,-3.0,85,0.00,293,0.16,0.0,13.4,11.4,74
2011-12-05,-2.8,3.5,73,0.00,238,0.63,0.0,27.2,19.4,64
2011-12-06,2.3,6.1,70,1.30,279,1.15,5.0,45.1,31.3,52
2011-12-07,-7.7,-3.6,48,0.00,299,0.85,0.0,22.9,19.8,40
2011-12-08,-12.6,-10.1,60,0.00,280,0.27,0.0,17.6,8.2,54
2011-12-09,-6.4,0.7,68,0.00,242,0.54,0.0,22.1,15.5,55
2011-12-10,-1.6,1.4,63,0.00,252,0.69,0.0,25.1,14.2,54
2011-12-11,-4.5,-0.3,76,0.00,324,0.28,0.0,24.6,10.7,68
2011-12-12,-9.2,-4.8,79,0.00,170,0.24,0.0,15.6,11.0,45
2011-12-13,-3.0,-0.3,64,0.00,234,0.65,0.0,21.5,14.4,43
2011-12-14,-4.3,-2.1,84,1.80,286,0.18,10.0,18.9,12.7,70
2011-12-15,-9.4,-6.1,86,0.00,156,0.12,0.0,9.1,6.6,75
2011-12-16,-6.7,-1.3,82,0.00,239,0.29,0.0,25.2,15.2,71
2011-12-17,-1.6,2.1,91,3.00,234,0.11,12.0,21.8,13.1,85
2011-12-18,-2.2,0.5,90,0.30,278,0.19,2.0,17.4,13.2,76
2011-12-19,-2.9,2.5,62,0.00,243,0.88,0.0,30.4,21.2,47
2011-12-20,2.2,4.7,78,3.80,269,0.67,13.0,35.7,20.5,61
2011-12-21,-2.6,0.1,85,0.50,284,0.27,2.0,21.7,15.7,68
2011-12-22,-2.9,-0.6,58,0.00,262,0.94,0.0,25.3,20.6,49
2011-12-23,-1.2,3.9,64,0.00,242,0.93,0.0,36.2,19.1,48
2011-12-24,2.4,3.2,62,0.00,265,1.34,0.0,36.7,27.6,56
2011-12-25,2.0,5.3,68,0.00,205,0.75,0.0,20.6,14.1,53
2011-12-26,0.5,2.4,75,1.10,263,0.53,3.0,30.9,15.7,65
2011-12-27,-1.8,1.2,66,0.20,208,0.74,1.0,35.1,17.8,43
2011-12-28,-4.7,-2.2,63,0.10,204,0.59,1.0,31.0,13.8,46
2011-12-29,-3.1,1.2,81,1.60,224,0.40,5.0,29.3,17.2,58
2011-12-30,-4.6,-1.1,69,2.20,214,0.48,7.0,26.1,14.0,60
2011-12-31,-6.5,-4.9,79,1.10,278,0.36,7.0,29.6,19.7,64
2012-01-01,-10.7,-7.2,62,0.00,226,0.39,0.0,18.2,12.7,48
2012-01-02,-6.0,2.2,69,0.00,139,0.58,0.0,30.6,20.9,57
2012-01-03,-0.8,1.4,84,0.00,247,0.34,0.0,20.7,12.9,72
2012-01-04,1.2,5.7,87,2.40,187,0.27,8.0,17.9,12.4,73
2012-01-05,2.3,3.6,77,0.10,260,0.64,1.0,29.2,20.2,52
2012-01-06,-0.7,1.4,63,0.00,268,1.00,0.0,26.3,22.5,53
2012-01-07,-2.7,0.1,63,0.00,249,0.72,0.0,19.7,15.9,59
2012-01-08,2.1,6.3,65,0.20,247,1.17,1.0,33.9,24.2,57
2012-01-09,2.3,6.4,82,1.90,241,0.58,6.0,28.9,17.6,59
2012-01-10,-2.3,5.3,63,3.70,292,1.04,9.0,34.6,29.3,50
2012-01-11,-11.5,-4.4,47,0.00,244,0.57,0.0,18.7,11.6,32
2012-01-12,-4.1,-1.0,58,0.00,259,0.83,0.0,22.7,18.3,43
2012-01-13,-1.5,-0.5,65,0.10,265,0.90,1.0,29.4,22.7,60
2012-01-14,-4.8,-1.8,77,0.50,337,0.28,3.0,20.9,11.4,67
2012-01-15,-17.9,-6.9,71,1.30,340,0.23,7.0,23.8,19.9,62
2012-01-16,-26.3,-23.9,66,0.00,333,0.12,0.0,15.8,13.3,56
2012-01-17,-30.7,-28.0,69,0.00,270,0.08,0.0,13.0,11.3,62
2012-01-18,-28.4,-23.7,64,0.00,258,0.14,0.0,23.4,18.5,56
2012-01-19,-22.7,-18.3,70,0.00,264,0.18,0.0,18.1,15.2,59
2012-01-20,-22.0,-17.4,70,0.00,170,0.14,0.0,13.0,8.7,57
2012-01-21,-19.1,-16.7,73,1.90,112,0.20,9.0,19.9,16.9,66
2012-01-22,-14.3,-1.9,76,0.00,178,0.32,0.0,12.6,10.0,56
2012-01-23,-8.2,-1.1,83,0.00,150,0.32,0.0,21.2,14.9,65
2012-01-24,-5.3,-0.7,74,0.10,198,0.45,1.0,15.8,12.6,67
2012-01-25,-3.3,1.8,76,0.30,223,0.66,1.0,35.5,17.6,47
2012-01-26,-4.2,-0.6,62,0.00,252,0.90,0.0,32.1,21.2,51
2012-01-27,-6.1,-3.3,66,1.40,255,0.67,6.0,29.4,19.9,59
2012-01-28,-9.3,-3.5,84,0.10,285,0.24,1.0,15.6,11.0,73
2012-01-29,-4.8,2.3,88,8.50,146,0.27,23.0,20.2,13.9,82
2012-01-30,1.2,2.9,84,0.20,252,0.47,2.0,21.3,11.4,69
2012-01-31,-0.9,3.0,78,0.00,247,0.63,0.0,20.9,15.1,65
2012-02-01,-3.4,1.5,81,0.00,233,0.41,0.0,14.7,11.3,67
2012-02-02,-4.9,2.4,82,0.00,231,0.39,0.0,15.9,12.0,58
2012-02-03,-2.7,6.8,79,0.00,195,0.58,0.0,10.3,8.8,59
2012-02-04,-2.6,3.5,86,0.00,155,0.49,0.0,14.8,10.7,72
2012-02-05,-2.8,0.9,84,0.00,300,0.43,0.0,13.4,10.0,70
2012-02-06,-11.0,-3.7,83,0.00,79,0.34,0.0,11.7,8.5,66
2012-02-07,-11.4,-5.6,80,0.00,129,0.41,0.0,18.7,16.7,64
2012-02-08,-12.0,-6.9,83,0.00,184,0.31,0.0,17.3,10.4,73
2012-02-09,-12.2,-9.1,81,0.00,15,0.33,0.0,10.5,7.1,55
2012-02-10,-16.7,-11.4,68,0.00,115,0.37,0.0,19.8,16.4,53
2012-02-11,-16.3,-8.8,71,0.00,133,0.44,0.0,21.6,18.8,60
2012-02-12,-9.1,3.0,83,0.00,207,0.59,0.0,16.8,13.2,70
2012-02-13,-1.6,1.2,88,0.00,273,0.46,0.0,17.7,15.2,69
2012-02-14,-5.6,-1.3,79,0.00,263,0.57,0.0,15.8,14.7,65
2012-02-15,-6.1,-1.4,74,0.00,260,0.65,0.0,17.4,14.2,61
2012-02-16,-5.3,3.0,71,0.00,247,0.79,0.0,18.4,9.5,37
2012-02-17,-2.2,3.5,72,0.00,239,0.88,0.0,17.3,11.7,49
2012-02-18,-5.2,1.3,81,0.00,121,0.54,0.0,15.7,11.9,65
2012-02-19,-4.7,-1.5,87,1.50,288,0.35,10.0,15.9,9.3,71
2012-02-20,-5.4,-3.6,86,1.90,297,0.51,7.0,16.5,11.1,66
2012-02-21,-5.2,2.4,77,1.90,206,0.80,5.0,27.2,16.1,60
2012-02-22,-1.8,1.9,78,0.00,271,0.81,0.0,20.2,16.8,62
2012-02-23,-4.6,-0.1,84,0.00,301,0.56,0.0,20.1,13.8,69
2012-02-24,-10.0,-4.5,81,0.00,41,0.50,0.0,14.2,7.9,65
2012-02-25,-12.1,-7.3,78,1.30,78,0.39,12.0,21.3,17.9,66
2012-02-26,-14.0,-10.7,77,0.00,67,0.47,0.0,13.8,8.3,60
2012-02-27,-15.2,-5.3,71,0.00,228,0.58,0.0,17.2,11.7,51
2012-02-28,-10.2,0.7,69,0.00,174,0.86,0.0,11.4,8.4,43
2012-02-29,-10.2,-0.9,79,0.00,71,0.60,0.0,14.6,9.0,58
2012-03-01,-11.0,-5.0,79,0.20,46,0.50,2.0,15.6,11.0,66
2012-03-02,-13.0,-1.9,79,0.80,156,0.54,5.0,10.0,6.4,64
2012-03-03,-5.6,0.9,84,1.30,243,0.74,6.0,20.9,11.2,65
2012-03-04,-2.6,0.5,76,0.50,259,0.85,2.0,18.8,15.5,59
2012-03-05,-5.8,-0.8,85,1.30,182,0.54,8.0,12.2,9.0,70
2012-03-06,-8.1,-2.7,79,1.80,351,0.66,10.0,17.2,11.1,50
2012-03-07,-5.8,1.1,71,0.40,256,1.00,2.0,22.0,15.1,55
2012-03-08,-1.6,3.9,83,1.50,165,0.83,10.0,17.8,10.4,65
2012-03-09,3.1,7.6,76,0.30,204,1.23,2.0,26.4,15.3,55
2012-03-10,1.6,6.2,68,0.00,257,1.62,0.0,25.4,16.8,55
2012-03-11,-0.2,4.7,80,0.60,126,1.12,2.0,18.8,15.2,60
2012-03-12,0.7,4.1,70,0.80,253,1.56,4.0,27.7,15.6,38
2012-03-13,-3.0,2.9,75,1.40,100,0.79,4.0,20.5,13.7,48
2012-03-14,-7.4,1.0,75,0.70,279,1.14,3.0,22.6,12.7,40
2012-03-15,-5.0,4.0,68,0.10,121,1.28,1.0,26.0,13.4,33
2012-03-16,0.4,4.8,72,0.50,209,1.38,2.0,28.1,14.8,46
2012-03-17,-1.1,4.2,70,0.00,58,1.22,0.0,17.1,9.8,57
2012-03-18,0.3,3.2,85,6.70,92,0.94,14.0,21.6,16.1,64
2012-03-19,-7.0,-0.9,78,0.00,351,1.04,0.0,16.4,9.3,53
2012-03-20,-8.4,-2.2,74,0.00,353,1.09,0.0,10.6,7.0,52
2012-03-21,-7.1,0.6,77,0.00,348,1.21,0.0,9.3,6.9,52
2012-03-22,-6.9,-0.3,80,0.70,63,0.76,4.0,17.9,13.0,57
2012-03-23,-5.6,-1.9,82,1.50,76,0.89,8.0,16.1,12.5,63
2012-03-24,-6.3,2.8,75,0.00,129,1.40,0.0,14.6,7.5,45
2012-03-25,-3.5,4.0,76,0.00,137,1.58,0.0,20.8,14.4,50
2012-03-26,-1.4,4.3,78,0.00,185,1.79,0.0,21.0,9.5,45
2012-03-27,-2.2,5.5,71,0.00,103,1.65,0.0,17.6,11.9,48
2012-03-28,0.9,5.6,83,0.00,135,1.23,0.0,23.2,21.4,57
2012-03-29,2.4,8.5,78,0.00,149,1.98,0.0,17.9,11.1,39
2012-03-30,2.1,7.6,70,0.00,229,1.40,0.0,16.3,11.3,40
2012-03-31,2.5,7.2,50,0.00,250,2.43,0.0,18.1,13.9,25
2012-04-01,1.5,7.0,49,0.50,272,1.43,4.0,12.6,6.6,25
2012-04-02,2.1,9.9,55,0.00,243,2.52,0.0,14.2,9.3,22
2012-04-03,4.3,10.9,57,0.00,135,2.55,0.0,20.4,16.1,31
2012-04-04,4.1,10.3,60,0.00,244,2.41,0.0,27.8,18.0,33
2012-04-05,0.8,6.4,67,7.80,322,1.14,14.0,20.1,15.1,36
2012-04-06,-1.6,1.2,75,2.30,280,1.21,17.0,24.8,17.7,55
2012-04-07,-0.4,4.5,57,0.00,289,1.97,0.0,19.1,9.9,44
2012-04-08,-1.0,4.4,60,0.00,330,2.15,0.0,17.8,10.3,37
2012-04-09,0.4,6.5,54,0.00,111,2.46,0.0,11.3,9.7,34
2012-04-10,1.6,7.8,50,0.00,124,2.73,0.0,24.5,18.9,36
2012-04-11,4.1,11.2,51,0.00,124,3.12,0.0,24.7,19.2,40
2012-04-12,5.7,10.9,57,0.00,77,2.68,0.0,17.6,14.5,43
2012-04-13,4.3,10.8,89,10.50,39,0.80,15.0,15.6,12.3,46
2012-04-14,0.2,1.6,93,21.00,336,0.52,24.0,22.2,16.6,78
2012-04-15,-4.4,1.4,73,0.50,24,1.62,2.0,20.0,8.8,39
2012-04-16,-2.5,3.1,74,0.10,122,1.74,1.0,11.9,6.6,42
2012-04-17,-1.9,3.2,72,0.00,52,2.02,0.0,12.2,7.1,34
2012-04-18,-0.5,6.5,62,0.00,118,2.46,0.0,14.5,10.4,46
2012-04-19,3.2,10.5,69,0.00,131,2.52,0.0,11.8,7.2,41
2012-04-20,4.7,10.2,75,2.10,156,1.81,10.0,19.4,14.6,46
2012-04-21,6.1,11.0,51,0.00,263,3.46,0.0,25.1,18.0,30
2012-04-22,6.9,14.7,47,0.00,221,3.27,0.0,13.0,6.6,27
2012-04-23,7.9,13.8,54,1.30,51,2.07,3.0,15.6,8.2,35
2012-04-24,6.9,11.2,74,0.50,69,2.44,2.0,15.0,8.4,50
2012-04-25,2.9,10.0,82,2.20,93,1.16,8.0,24.7,18.3,57
2012-04-26,2.9,8.0,81,0.20,119,1.67,1.0,30.3,25.6,58
2012-04-27,3.4,9.5,83,8.90,130,1.40,19.0,27.4,17.5,57
2012-04-28,6.7,14.8,55,0.00,244,3.21,0.0,15.0,10.2,31
2012-04-29,8.6,14.4,61,0.00,255,2.98,0.0,17.1,12.1,34
2012-04-30,7.7,12.2,70,0.30,112,2.87,2.0,14.0,8.1,50
2012-05-01,7.8,13.4,60,0.00,108,3.21,0.0,17.0,14.3,28
2012-05-02,7.4,12.8,55,0.00,135,3.45,0.0,12.7,10.3,31
2012-05-03,6.9,11.4,66,0.00,138,2.69,0.0,24.9,17.1,37
2012-05-04,7.0,12.4,86,2.40,131,1.91,15.0,21.5,15.9,58
2012-05-05,7.6,12.1,61,0.00,249,3.41,0.0,18.8,13.8,34
2012-05-06,7.2,12.4,50,0.00,263,3.82,0.0,18.2,14.7,33
2012-05-07,9.9,17.3,52,0.00,207,3.61,0.0,12.3,8.6,32
2012-05-08,13.4,22.5,56,0.00,146,4.30,0.0,17.5,9.6,29
2012-05-09,9.7,18.4,55,0.90,284,3.40,5.0,24.5,16.8,25
2012-05-10,5.3,9.4,39,0.00,257,3.88,0.0,29.4,24.0,26
2012-05-11,6.7,12.0,48,0.60,264,3.74,3.0,28.2,23.6,35
2012-05-12,10.3,16.7,44,0.00,257,4.72,0.0,24.4,20.7,29
2012-05-13,13.1,18.8,41,0.00,261,5.54,0.0,22.5,17.2,23
2012-05-14,12.2,18.6,39,0.00,280,5.42,0.0,24.4,19.3,25
2012-05-15,12.3,19.4,46,0.00,144,3.66,0.0,17.3,10.8,27
2012-05-16,13.3,18.1,52,0.00,248,3.50,0.0,24.0,10.7,28
2012-05-17,8.3,12.6,38,0.00,282,4.32,0.0,26.2,13.1,27
2012-05-18,5.4,11.5,71,2.10,311,3.03,8.0,17.9,8.9,30
2012-05-19,5.6,10.5,69,1.50,282,3.05,5.0,22.5,18.0,32
2012-05-20,8.7,16.5,49,0.00,245,3.95,0.0,18.9,6.2,28
2012-05-21,11.8,18.0,50,0.00,115,3.69,0.0,23.1,14.9,33
2012-05-22,10.4,17.8,76,16.70,114,1.82,15.0,26.3,18.4,37
2012-05-23,5.9,8.5,97,20.10,72,0.79,22.0,12.9,9.7,84
2012-05-24,8.8,14.6,78,0.00,288,2.87,0.0,9.6,6.5,37
2012-05-25,11.0,16.3,63,0.00,320,4.01,0.0,9.8,6.1,37
2012-05-26,11.9,18.0,63,0.00,161,4.43,0.0,18.3,8.8,34
2012-05-27,12.6,17.2,50,0.00,143,5.28,0.0,22.1,19.1,32
2012-05-28,13.0,19.2,51,0.00,135,4.88,0.0,17.1,12.5,29
2012-05-29,13.7,18.6,52,0.00,133,5.12,0.0,23.9,16.5,33
2012-05-30,13.0,18.3,65,0.60,201,3.77,1.0,16.5,10.8,35
2012-05-31,13.1,17.5,56,0.00,246,4.71,0.0,23.1,16.5,37
2012-06-01,14.2,20.2,55,0.00,245,5.08,0.0,22.1,13.1,33
2012-06-02,14.0,19.6,70,0.90,264,2.89,4.0,22.6,9.9,41
2012-06-03,12.2,16.2,55,0.10,271,4.38,1.0,19.8,15.5,43
2012-06-04,14.2,19.9,59,0.00,71,4.33,0.0,15.1,6.9,33
2012-06-05,13.9,19.0,69,1.90,86,2.87,4.0,22.7,19.3,40
2012-06-06,13.1,17.8,83,2.80,87,1.97,13.0,26.2,20.9,66
2012-06-07,13.7,17.3,71,2.10,126,3.12,5.0,27.1,22.4,45
2012-06-08,15.2,20.6,55,0.00,96,4.34,0.0,15.3,10.4,35
2012-06-09,16.1,20.6,63,0.60,351,4.29,2.0,18.1,11.4,39
2012-06-10,14.7,19.1,75,2.50,346,3.11,8.0,23.2,17.3,47
2012-06-11,14.7,20.8,70,2.90,187,3.61,4.0,14.5,7.6,46
2012-06-12,16.7,20.6,74,1.00,251,4.18,3.0,17.7,12.7,52
2012-06-13,14.8,18.7,84,4.60,263,2.03,10.0,16.9,11.4,66
2012-06-14,13.7,16.7,72,2.50,292,3.72,6.0,17.8,14.9,45
2012-06-15,13.5,17.4,66,0.70,286,4.26,3.0,15.6,11.5,43
2012-06-16,13.2,17.4,72,1.00,159,2.51,3.0,19.9,13.1,42
2012-06-17,14.1,18.2,82,4.50,247,2.69,10.0,20.2,13.2,62
2012-06-18,12.7,15.6,87,13.60,278,2.13,20.0,20.8,14.9,72
2012-06-19,12.5,17.1,84,4.30,346,2.62,14.0,18.4,13.4,46
2012-06-20,14.8,19.2,73,2.60,297,4.17,7.0,16.4,11.6,44
2012-06-21,16.8,22.6,68,0.00,155,4.81,0.0,7.8,5.4,40
2012-06-22,18.2,23.7,59,0.00,123,5.25,0.0,9.2,7.8,39
2012-06-23,19.3,24.2,56,0.00,81,5.55,0.0,15.6,11.7,35
2012-06-24,19.0,24.0,60,0.50,122,4.43,3.0,22.7,17.3,35
2012-06-25,17.4,23.4,79,17.20,223,3.99,7.0,19.7,13.9,37
2012-06-26,17.6,22.2,64,0.60,259,4.76,1.0,19.6,11.6,38
2012-06-27,16.0,20.1,60,2.30,278,4.44,4.0,31.2,22.6,41
2012-06-28,16.5,21.9,52,0.00,264,6.06,0.0,29.9,21.5,36
2012-06-29,17.1,21.6,70,4.10,252,3.60,7.0,16.3,9.2,38
2012-06-30,18.4,23.3,63,0.00,232,4.61,0.0,15.2,9.9,42
2012-07-01,17.9,23.6,71,5.30,296,4.14,9.0,19.5,11.4,43
2012-07-02,17.4,22.1,61,0.00,257,4.90,0.0,16.7,9.8,42
2012-07-03,15.0,21.9,87,8.10,105,2.29,10.0,15.5,9.4,45
2012-07-04,14.5,19.3,91,50.90,326,2.16,19.0,33.3,27.0,57
2012-07-05,15.8,19.3,70,0.00,261,4.42,0.0,27.2,18.1,56
2012-07-06,16.6,21.0,71,0.00,244,4.70,0.0,14.1,10.2,43
2012-07-07,18.8,25.3,63,0.00,165,5.20,0.0,11.2,7.9,44
2012-07-08,21.3,28.4,73,0.00,138,5.34,0.0,14.5,10.5,51
2012-07-09,23.1,29.5,77,0.90,141,5.33,1.0,13.0,9.3,53
2012-07-10,23.6,27.9,75,0.80,200,4.96,2.0,20.5,10.7,43
2012-07-11,21.9,26.9,55,0.00,261,6.26,0.0,17.1,14.3,38
2012-07-12,21.3,25.7,60,0.00,240,5.81,0.0,20.5,12.3,32
2012-07-13,19.9,25.2,53,0.00,9,5.67,0.0,18.6,7.9,32
2012-07-14,21.1,26.8,64,0.00,144,5.28,0.0,14.3,10.5,36
2012-07-15,18.4,21.9,95,10.90,81,1.34,12.0,23.7,16.4,89
2012-07-16,18.2,23.8,89,5.80,88,2.86,9.0,19.7,9.2,55
2012-07-17,20.6,24.8,75,0.00,156,4.44,0.0,21.5,18.2,56
2012-07-18,18.9,23.6,87,18.30,207,2.67,14.0,21.3,14.3,68
2012-07-19,15.6,19.8,77,1.00,278,3.13,7.0,25.7,23.0,56
2012-07-20,17.7,23.9,70,0.00,184,4.57,0.0,16.6,10.4,52
2012-07-21,18.4,23.2,83,5.20,114,2.15,12.0,18.3,12.2,56
2012-07-22,18.6,23.5,84,13.40,272,3.71,13.0,14.8,12.0,48
2012-07-23,19.6,23.2,75,0.00,109,3.27,0.0,14.0,8.4,54
2012-07-24,18.0,22.0,87,15.00,25,2.36,20.0,21.7,15.6,69
2012-07-25,17.9,22.3,92,10.00,330,2.72,17.0,13.1,9.5,73
2012-07-26,19.3,24.1,86,2.60,247,3.86,8.0,7.3,3.6,62
2012-07-27,19.9,25.2,83,0.40,142,3.95,2.0,11.1,6.8,54
2012-07-28,18.3,22.4,90,3.60,262,2.95,12.0,10.5,6.6,70
2012-07-29,19.0,23.9,84,3.80,276,3.72,10.0,13.5,10.4,57
2012-07-30,20.2,24.0,79,0.00,241,4.36,0.0,12.2,9.2,53
2012-07-31,19.4,23.2,67,0.00,264,4.86,0.0,20.9,16.9,44
2012-08-01,17.9,21.4,60,0.00,252,4.51,0.0,16.8,13.7,44
2012-08-02,15.3,20.3,81,8.40,276,2.66,13.0,19.5,16.2,57
2012-08-03,16.2,22.1,84,3.00,281,3.26,7.0,14.2,9.1,52
2012-08-04,19.7,22.8,73,0.00,247,3.82,0.0,20.8,14.6,57
2012-08-05,18.7,22.4,71,0.10,325,3.90,1.0,13.0,6.9,43
2012-08-06,19.7,26.2,69,0.20,110,4.56,1.0,16.9,12.5,47
2012-08-07,20.5,25.9,84,0.00,53,3.93,0.0,11.2,6.1,49
2012-08-08,21.1,26.1,80,0.00,123,3.78,0.0,17.3,12.7,51
2012-08-09,19.3,25.0,73,10.70,252,4.43,8.0,28.9,20.4,40
2012-08-10,17.9,21.8,57,0.00,255,4.98,0.0,22.2,15.0,42
2012-08-11,16.4,21.5,62,0.50,279,3.93,2.0,21.8,16.2,44
2012-08-12,16.4,22.2,63,0.00,271,4.04,0.0,16.7,6.3,40
2012-08-13,17.3,22.1,69,0.00,161,3.11,0.0,17.9,13.9,42
2012-08-14,15.2,20.4,84,12.10,338,1.74,15.0,23.3,15.8,60
2012-08-15,13.8,18.8,68,0.00,308,3.52,0.0,23.9,13.4,46
2012-08-16,16.0,22.7,72,0.00,241,3.68,0.0,14.9,9.3,45
2012-08-17,18.6,24.1,69,0.00,257,4.07,0.0,12.2,8.2,42
2012-08-18,19.3,25.9,67,0.00,145,4.43,0.0,17.2,11.8,45
2012-08-19,20.0,26.9,69,0.00,166,4.46,0.0,20.1,11.9,50
2012-08-20,21.8,27.6,73,0.00,93,3.99,0.0,10.3,7.2,47
2012-08-21,21.8,27.4,73,0.00,188,3.40,0.0,11.9,6.0,46
2012-08-22,18.3,25.9,86,8.70,314,2.10,11.0,11.6,7.7,52
2012-08-23,16.3,20.1,79,1.20,274,2.87,3.0,21.3,14.9,55
2012-08-24,13.9,16.9,63,0.00,270,2.99,0.0,24.3,18.9,52
2012-08-25,14.2,18.2,75,6.30,292,2.48,13.0,26.3,22.3,55
2012-08-26,16.4,21.8,73,0.00,245,3.29,0.0,15.0,7.9,43
2012-08-27,17.3,25.4,67,0.00,137,3.77,0.0,16.3,12.2,44
2012-08-28,19.4,25.2,67,0.00,236,3.60,0.0,11.9,7.0,36
2012-08-29,16.9,23.7,60,0.70,272,3.79,1.0,30.6,19.4,42
2012-08-30,13.8,17.8,62,0.00,279,3.13,0.0,30.0,20.5,49
2012-08-31,12.4,17.3,71,0.00,279,2.42,0.0,19.0,6.8,51
2012-09-01,13.0,16.8,82,5.00,20,1.30,9.0,13.4,10.4,58
2012-09-02,12.0,15.4,95,25.00,294,0.89,19.0,32.5,20.7,71
2012-09-03,14.0,16.6,57,0.00,274,3.85,0.0,33.3,26.5,44
2012-09-04,12.9,17.4,65,0.20,289,3.09,2.0,25.1,19.7,44
2012-09-05,13.8,17.3,77,2.60,275,2.29,11.0,15.5,12.8,48
2012-09-06,14.6,21.5,70,0.00,235,3.15,0.0,11.8,9.3,41
2012-09-07,15.8,21.2,62,0.00,264,3.44,0.0,20.2,13.6,41
2012-09-08,15.3,24.1,66,0.00,185,3.33,0.0,17.2,10.5,43
2012-09-09,17.8,24.4,76,0.00,137,2.98,0.0,13.8,8.3,50
2012-09-10,14.5,23.2,76,3.60,277,1.70,8.0,26.3,17.1,41
2012-09-11,11.5,14.0,46,0.10,287,4.11,1.0,38.4,33.5,36
2012-09-12,10.5,13.2,52,0.00,271,3.20,0.0,32.1,23.4,37
2012-09-13,13.0,19.7,63,0.00,253,3.02,0.0,17.9,14.5,49
2012-09-14,15.4,20.5,62,0.00,219,3.43,0.0,30.6,15.2,31
2012-09-15,12.2,18.7,53,0.00,288,3.23,0.0,24.5,15.3,32
2012-09-16,10.4,15.6,68,0.50,275,2.20,1.0,14.8,7.8,37
2012-09-17,12.4,20.1,60,0.00,237,3.07,0.0,21.0,14.2,39
2012-09-18,15.8,19.5,45,0.00,280,4.29,0.0,28.4,22.5,37
2012-09-19,12.2,17.9,61,0.00,260,2.58,0.0,19.5,11.7,41
2012-09-20,13.4,20.5,62,0.00,276,2.85,0.0,17.7,9.8,42
2012-09-21,15.0,21.7,65,0.00,157,2.79,0.0,13.2,8.9,42
2012-09-22,15.4,23.7,68,0.00,149,2.84,0.0,19.6,9.5,41
2012-09-23,16.9,24.1,70,0.00,125,2.39,0.0,6.0,3.7,37
2012-09-24,16.7,23.5,70,0.00,187,2.51,0.0,7.9,5.7,42
2012-09-25,14.0,21.9,76,0.00,308,1.57,0.0,19.4,11.8,53
2012-09-26,10.3,16.7,78,0.00,242,1.91,0.0,13.0,9.3,43
2012-09-27,12.6,21.4,73,0.00,165,2.38,0.0,13.8,11.1,44
2012-09-28,14.8,22.5,72,0.00,149,2.45,0.0,16.3,9.7,44
2012-09-29,13.9,20.5,64,0.10,276,2.49,1.0,23.5,15.9,37
2012-09-30,11.8,14.6,46,0.00,262,3.39,0.0,27.1,20.5,34
2012-10-01,9.9,14.0,75,11.00,209,0.99,12.0,20.2,13.1,36
2012-10-02,7.1,12.7,91,3.80,350,0.81,17.0,22.7,19.0,73
2012-10-03,4.5,6.5,84,3.00,335,1.05,13.0,21.2,13.3,71
2012-10-04,3.7,7.4,82,0.30,171,1.07,2.0,11.0,6.9,56
2012-10-05,3.3,9.6,82,0.00,172,1.15,0.0,12.8,8.9,46
2012-10-06,7.1,13.4,73,0.00,274,1.62,0.0,15.6,11.3,52
2012-10-07,10.1,12.8,72,0.00,284,1.60,0.0,23.7,17.8,62
2012-10-08,6.1,9.7,68,0.00,322,1.63,0.0,22.7,20.0,44
2012-10-09,3.9,7.4,79,1.60,99,0.65,5.0,19.3,8.1,46
2012-10-10,0.9,2.7,86,5.50,8,0.74,16.0,25.6,17.7,48
2012-10-11,-2.7,-0.3,58,0.00,125,0.99,0.0,22.6,15.7,52
2012-10-12,-1.5,-0.4,86,6.50,113,0.33,15.0,17.1,10.8,73
2012-10-13,2.2,10.8,90,1.20,196,0.74,6.0,19.7,11.4,69
2012-10-14,4.8,7.9,84,1.90,199,0.67,5.0,25.8,17.9,65
2012-10-15,7.8,12.3,76,0.20,242,1.65,2.0,27.8,20.1,46
2012-10-16,6.8,10.4,70,1.10,166,1.19,6.0,28.8,13.1,50
2012-10-17,4.9,8.5,70,3.90,281,1.50,12.0,36.1,30.2,52
2012-10-18,2.9,7.1,64,0.00,183,1.15,0.0,20.2,13.6,50
2012-10-19,2.7,4.4,81,3.40,107,0.60,11.0,18.7,14.1,68
2012-10-20,1.1,3.5,86,4.10,284,0.49,13.0,25.9,21.4,79
2012-10-21,-2.2,-0.0,80,5.60,287,0.65,21.0,33.6,27.3,63
2012-10-22,-4.0,-1.6,69,0.60,271,0.90,6.0,32.0,27.3,57
2012-10-23,-2.6,0.2,74,0.50,323,0.58,4.0,19.1,10.6,55
2012-10-24,-1.8,-0.7,72,0.50,15,0.70,4.0,16.2,13.3,51
2012-10-25,-2.6,-1.2,65,0.60,353,0.76,5.0,15.6,13.3,50
2012-10-26,-4.3,-2.1,74,0.40,49,0.49,4.0,10.1,6.7,47
2012-10-27,-5.4,-1.7,72,0.00,127,0.59,0.0,22.7,15.0,52
2012-10-28,-5.6,-2.5,75,4.20,143,0.55,10.0,26.0,21.3,64
2012-10-29,-8.8,-4.9,80,2.60,303,0.29,13.0,20.9,10.7,72
2012-10-30,-9.9,-7.9,83,5.00,357,0.30,12.0,14.9,10.2,69
2012-10-31,-15.1,-7.6,82,0.00,136,0.26,0.0,25.0,13.6,72
2012-11-01,-7.3,-5.5,82,4.80,129,0.35,15.0,27.2,19.0,73
2012-11-02,-6.3,-4.1,86,0.00,317,0.34,0.0,10.5,5.6,75
2012-11-03,-6.0,-1.6,89,0.20,138,0.27,1.0,24.9,20.6,82
2012-11-04,-0.8,4.6,85,0.00,184,0.46,0.0,18.2,11.8,68
2012-11-05,4.4,6.2,71,1.10,249,1.30,3.0,38.2,28.5,56
2012-11-06,1.2,3.9,73,0.00,262,0.87,0.0,29.5,17.0,60
2012-11-07,-2.1,0.2,83,0.00,48,0.28,0.0,19.8,12.7,73
2012-11-08,-7.6,-3.7,77,0.00,41,0.34,0.0,14.0,12.5,68
2012-11-09,-11.7,-9.1,73,0.00,99,0.31,0.0,15.5,11.9,65
2012-11-10,-13.5,-10.6,77,0.00,153,0.26,0.0,14.5,9.8,67
2012-11-11,-14.2,-4.3,76,0.00,168,0.33,0.0,17.6,12.5,56
2012-11-12,-5.8,-0.4,74,0.00,245,0.38,0.0,14.6,8.6,62
2012-11-13,-4.4,-1.5,89,0.20,285,0.23,2.0,9.5,5.9,81
2012-11-14,-3.8,-0.6,83,0.40,279,0.34,2.0,24.0,12.9,63
2012-11-15,-2.2,3.7,78,0.10,222,0.55,1.0,19.9,13.5,62
2012-11-16,-1.6,2.2,83,0.10,144,0.35,1.0,15.8,10.5,77
2012-11-17,-5.6,-0.1,89,0.00,129,0.20,0.0,19.1,16.4,83
2012-11-18,-6.3,-5.0,89,2.10,186,0.18,5.0,24.0,13.5,82
2012-11-19,-11.6,-7.8,87,0.30,54,0.17,2.0,15.0,10.3,81
2012-11-20,-12.3,-8.8,83,4.60,334,0.15,10.0,12.6,10.7,71
2012-11-21,-17.4,-14.4,80,2.70,59,0.14,7.0,11.0,8.1,70
2012-11-22,-18.5,-13.9,80,0.00,98,0.13,0.0,13.4,8.1,71
2012-11-23,-15.3,-9.0,81,0.40,129,0.22,1.0,27.1,20.1,76
2012-11-24,-12.2,-6.8,84,0.40,298,0.14,2.0,19.8,14.5,70
2012-11-25,-17.5,-10.3,79,0.80,100,0.14,4.0,13.2,8.2,71
2012-11-26,-13.1,-10.7,84,1.10,305,0.12,6.0,13.9,7.5,75
2012-11-27,-15.1,-8.7,85,0.00,255,0.14,0.0,14.1,9.6,78
2012-11-28,-15.5,-11.3,81,0.90,16,0.12,7.0,14.1,11.3,69
2012-11-29,-17.3,-16.3,77,3.80,111,0.18,15.0,20.6,16.6,69
2012-11-30,-16.4,-15.5,79,2.50,101,0.14,7.0,18.7,10.3,68
2012-12-01,-18.0,-16.8,78,2.50,81,0.12,9.0,14.8,11.9,73
2012-12-02,-17.8,-16.2,79,2.30,101,0.13,7.0,15.1,12.0,72
2012-12-03,-16.5,-14.0,81,0.80,106,0.10,5.0,14.4,8.1,75
2012-12-04,-16.2,-12.6,83,0.90,122,0.13,3.0,30.6,19.3,81
2012-12-05,-14.4,-11.3,83,0.10,271,0.11,1.0,20.2,13.3,75
2012-12-06,-20.3,-16.9,78,0.00,305,0.09,0.0,17.8,8.9,70
2012-12-07,-16.9,-13.9,80,0.00,118,0.10,0.0,12.4,9.3,75
2012-12-08,-18.6,-14.6,80,0.90,319,0.08,6.0,15.8,9.2,67
2012-12-09,-25.1,-16.9,77,1.00,147,0.07,4.0,10.3,8.3,72
2012-12-10,-11.7,-9.8,86,0.80,291,0.10,4.0,15.5,10.2,80
2012-12-11,-11.6,-8.9,84,6.30,104,0.14,15.0,15.9,13.2,79
2012-12-12,-17.3,-10.7,80,0.20,5,0.09,1.0,14.4,8.2,72
2012-12-13,-17.7,-5.5,78,0.10,174,0.18,1.0,16.5,12.5,72
2012-12-14,-4.6,-3.4,81,0.00,248,0.29,0.0,18.4,16.5,74
2012-12-15,-10.6,-5.8,80,0.00,176,0.18,0.0,19.6,13.4,67
2012-12-16,-13.8,-9.1,83,0.00,153,0.13,0.0,19.6,10.5,71
2012-12-17,-15.9,-11.7,85,0.00,124,0.08,0.0,14.0,11.4,81
2012-12-18,-13.1,-12.6,85,1.50,42,0.09,13.0,12.6,7.3,75
2012-12-19,-19.9,-14.4,81,0.00,135,0.08,0.0,16.9,10.8,73
2012-12-20,-18.2,-14.6,81,0.00,116,0.13,0.0,19.7,16.6,79
2012-12-21,-15.5,-13.8,82,3.70,307,0.09,15.0,15.4,9.8,73
2012-12-22,-19.6,-18.1,80,0.00,75,0.09,0.0,18.2,10.6,71
2012-12-23,-20.8,-19.1,77,1.30,89,0.12,8.0,19.5,17.4,71
2012-12-24,-21.8,-20.5,77,0.10,95,0.10,1.0,15.5,12.6,71
2012-12-25,-26.2,-22.8,77,0.00,106,0.07,0.0,12.8,10.8,74
2012-12-26,-24.2,-20.6,77,0.00,115,0.09,0.0,13.9,12.3,73
2012-12-27,-23.4,-20.9,77,0.00,212,0.06,0.0,10.5,7.0,65
2012-12-28,-23.3,-12.6,81,0.00,209,0.07,0.0,15.2,10.7,75
2012-12-29,-9.4,-7.1,91,0.00,271,0.11,0.0,18.8,15.0,82
2012-12-30,-11.2,-8.5,88,0.00,243,0.10,0.0,14.1,8.5,78
2012-12-31,-9.3,-2.1,86,0.00,255,0.21,0.0,20.7,14.4,73
2013-01-01,-2.6,-1.4,76,0.20,272,0.60,1.0,29.2,25.9,71
2013-01-02,-6.9,-0.6,79,0.00,231,0.27,0.0,23.7,12.5,54
2013-01-03,-2.9,-0.9,67,0.00,259,0.66,0.0,22.7,16.3,59
2013-01-04,-7.9,-3.6,89,0.00,154,0.12,0.0,12.1,8.5,81
2013-01-05,-6.0,-3.7,85,0.00,257,0.22,0.0,21.6,13.9,78
2013-01-06,-5.4,-2.5,87,0.00,227,0.22,0.0,22.0,11.9,75
2013-01-07,-5.9,-3.4,85,1.90,252,0.21,6.0,21.8,14.1,74
2013-01-08,-5.0,-3.1,87,3.50,276,0.20,15.0,18.3,13.0,73
2013-01-09,-8.0,-4.6,83,0.20,93,0.17,2.0,16.5,11.0,78
2013-01-10,-13.8,-7.7,82,0.20,2,0.11,2.0,16.2,8.8,74
2013-01-11,-19.9,-15.3,78,0.00,168,0.11,0.0,8.9,6.7,61
2013-01-12,-16.9,-14.3,79,0.00,263,0.15,0.0,14.8,11.7,67
2013-01-13,-17.1,-14.1,83,0.00,269,0.12,0.0,11.2,7.7,78
2013-01-14,-12.8,-3.2,87,4.60,231,0.11,13.0,16.6,10.8,83
2013-01-15,1.8,4.0,75,3.70,276,0.90,15.0,35.0,28.5,65
2013-01-16,0.2,2.8,87,6.60,309,0.34,17.0,25.1,17.7,71
2013-01-17,-8.0,-3.6,87,7.90,123,0.15,14.0,20.9,13.2,80
2013-01-18,0.9,2.7,77,3.40,285,0.64,16.0,27.4,22.3,69
2013-01-19,-16.0,-8.3,79,1.60,333,0.17,7.0,21.7,11.9,74
2013-01-20,-24.3,-18.3,73,0.00,308,0.13,0.0,18.9,12.1,54
2013-01-21,-20.9,-16.6,73,3.40,107,0.12,12.0,11.8,9.6,70
2013-01-22,-16.1,-14.8,80,2.00,343,0.12,14.0,8.5,5.5,74
2013-01-23,-17.2,-15.1,80,0.70,115,0.15,5.0,30.3,16.2,73
2013-01-24,-14.3,-7.7,81,3.10,151,0.26,13.0,32.1,13.4,72
2013-01-25,-10.5,-3.1,83,0.00,166,0.30,0.0,13.2,10.9,66
2013-01-26,-6.9,-1.8,78,0.00,228,0.35,0.0,13.1,9.7,55
2013-01-27,-8.8,-4.2,77,0.00,172,0.30,0.0,9.0,6.9,56
2013-01-28,-12.6,-8.9,81,0.10,344,0.15,1.0,16.2,9.7,71
2013-01-29,-26.5,-18.5,71,0.00,313,0.14,0.0,22.2,15.7,58
2013-01-30,-26.3,-24.9,68,1.30,35,0.13,8.0,11.2,7.6,61
2013-01-31,-22.2,-11.9,70,0.00,133,0.22,0.0,12.7,7.9,58
2013-02-01,-10.0,-2.3,87,4.30,262,0.24,18.0,20.2,6.3,73
2013-02-02,-6.5,-2.5,83,1.10,311,0.28,4.0,22.5,12.1,76
2013-02-03,-7.4,-4.6,89,3.40,97,0.22,8.0,15.8,8.0,83
2013-02-04,-1.7,-0.1,86,2.90,263,0.41,10.0,25.4,18.2,78
2013-02-05,-5.1,-1.1,84,0.00,258,0.35,0.0,18.9,10.3,70
2013-02-06,-7.0,-4.9,88,0.30,107,0.28,3.0,12.7,11.3,78
2013-02-07,-8.7,-5.5,85,0.00,134,0.38,0.0,8.6,6.1,69
2013-02-08,-6.7,-1.0,83,0.00,227,0.47,0.0,16.4,12.5,68
2013-02-09,-1.6,-0.7,82,0.70,276,0.54,4.0,24.6,20.1,77
2013-02-10,-6.8,-1.9,84,0.00,170,0.46,0.0,17.3,10.6,66
2013-02-11,-0.5,2.0,75,0.00,259,0.90,0.0,27.6,21.7,68
2013-02-12,-0.3,1.3,82,1.50,261,0.55,5.0,23.0,17.3,73
2013-02-13,-0.6,0.9,92,14.30,286,0.32,24.0,21.4,15.7,79
2013-02-14,-6.2,-2.6,81,0.30,265,0.52,2.0,18.8,11.6,66
2013-02-15,-3.5,5.0,78,0.50,242,0.77,2.0,31.0,15.7,64
2013-02-16,1.7,4.2,76,0.00,263,0.96,0.0,24.1,18.4,65
2013-02-17,-1.3,1.8,88,2.50,312,0.47,10.0,18.1,15.8,73
2013-02-18,-7.4,-4.1,85,0.00,135,0.36,0.0,23.1,14.7,72
2013-02-19,-10.4,-6.9,80,0.00,134,0.41,0.0,21.7,18.5,67
2013-02-20,-11.2,-4.2,81,0.00,134,0.49,0.0,10.5,7.8,64
2013-02-21,-7.8,-3.1,81,0.00,143,0.54,0.0,16.3,14.4,61
2013-02-22,-8.3,-3.9,81,0.00,137,0.53,0.0,20.1,15.6,60
2013-02-23,-6.4,-4.2,85,0.10,221,0.43,1.0,18.7,13.4,70
2013-02-24,-5.8,0.9,79,0.00,225,0.60,0.0,16.3,10.2,61
2013-02-25,-3.2,0.3,81,0.00,278,0.65,0.0,13.4,6.8,53
2013-02-26,-4.9,-0.7,76,0.00,127,0.70,0.0,11.3,7.1,61
2013-02-27,-5.0,-0.9,85,0.00,138,0.58,0.0,14.5,12.3,67
2013-02-28,-4.5,2.4,80,0.00,184,0.92,0.0,14.0,11.1,54
2013-03-01,-0.4,2.6,71,0.00,223,1.19,0.0,23.6,17.4,53
2013-03-02,-1.0,3.9,75,0.00,246,1.00,0.0,15.3,6.9,46
2013-03-03,-2.4,1.9,80,0.00,49,0.70,0.0,14.8,12.8,66
2013-03-04,-5.7,-2.2,80,0.00,43,0.82,0.0,11.2,5.8,53
2013-03-05,-7.8,-0.7,76,0.00,146,0.95,0.0,9.2,6.5,49
2013-03-06,-9.0,-2.3,82,0.00,111,0.63,0.0,15.7,10.3,58
2013-03-07,-9.6,-6.4,79,0.00,87,0.62,0.0,15.5,12.6,65
2013-03-08,-9.4,-2.4,76,0.00,165,0.90,0.0,15.8,11.7,51
2013-03-09,-7.0,1.8,75,0.00,343,1.03,0.0,11.7,7.7,52
2013-03-10,-0.6,1.7,65,0.00,253,1.45,0.0,33.9,22.7,46
2013-03-11,-1.9,0.8,80,2.60,289,0.96,12.0,30.3,17.5,64
2013-03-12,-4.1,1.3,76,0.00,170,1.16,0.0,12.8,7.6,47
2013-03-13,-8.0,-0.1,80,5.60,20,0.47,14.0,16.8,12.6,63
2013-03-14,-15.6,-11.4,70,0.80,50,0.46,4.0,16.7,12.2,51
2013-03-15,-15.2,-13.1,69,4.30,92,0.63,14.0,21.1,12.7,52
2013-03-16,-15.7,-12.4,71,1.50,114,0.48,8.0,19.7,13.5,53
2013-03-17,-15.1,-12.5,74,0.00,323,0.59,0.0,13.3,9.4,54
2013-03-18,-14.9,-11.2,70,0.00,285,0.66,0.0,13.0,6.5,50
2013-03-19,-12.3,-1.8,67,0.00,138,1.11,0.0,12.0,7.7,48
2013-03-20,-7.0,-2.5,70,0.00,122,0.89,0.0,30.2,25.2,53
2013-03-21,-6.7,-4.9,82,5.80,101,0.55,19.0,22.5,14.5,70
2013-03-22,-9.8,-6.1,77,1.90,303,0.74,9.0,18.1,16.0,56
2013-03-23,-12.0,-4.6,66,0.00,263,1.16,0.0,12.2,5.3,34
2013-03-24,-10.2,-1.2,67,0.00,131,1.27,0.0,11.8,9.4,35
2013-03-25,-7.3,0.2,72,0.00,125,1.37,0.0,15.0,11.4,45
2013-03-26,-5.8,2.5,74,0.00,130,1.42,0.0,16.9,12.7,47
2013-03-27,-0.9,5.9,77,0.30,212,1.72,1.0,14.1,12.5,53
2013-03-28,1.3,8.1,77,0.00,198,1.91,0.0,13.3,9.0,47
2013-03-29,1.3,6.7,77,0.00,30,1.80,0.0,13.1,9.5,55
2013-03-30,0.7,5.1,73,0.00,345,1.52,0.0,15.0,8.6,46
2013-03-31,0.6,3.9,79,0.00,310,1.53,0.0,15.0,10.3,56
2013-04-01,-0.3,4.9,74,0.00,94,1.75,0.0,16.3,9.5,52
2013-04-02,2.7,9.4,73,0.00,171,2.12,0.0,24.6,19.2,47
2013-04-03,-0.9,7.6,73,0.00,306,1.54,0.0,26.2,17.3,54
2013-04-04,-3.5,2.0,72,0.30,125,1.12,2.0,21.7,13.1,54
2013-04-05,-4.2,1.7,82,4.70,41,0.77,19.0,20.8,14.1,66
2013-04-06,-8.0,-2.6,78,0.20,86,1.02,2.0,14.8,12.7,63
2013-04-07,-4.1,-0.8,75,0.00,72,1.31,0.0,16.2,13.5,42
2013-04-08,-6.5,-0.9,69,0.00,95,1.65,0.0,15.3,11.8,40
2013-04-09,-5.8,0.8,69,0.00,142,1.54,0.0,28.6,18.8,45
2013-04-10,0.4,6.6,76,1.60,156,1.65,7.0,28.0,16.2,56
2013-04-11,2.1,4.8,78,0.30,270,1.50,2.0,23.1,16.2,66
2013-04-12,0.1,4.0,77,1.10,184,1.68,5.0,20.6,11.1,45
2013-04-13,0.9,3.6,73,0.40,87,1.53,3.0,21.7,19.3,49
2013-04-14,0.2,4.0,81,0.50,39,1.78,3.0,16.5,9.8,61
2013-04-15,-0.1,3.6,81,0.90,39,1.57,4.0,8.4,7.1,60
2013-04-16,0.7,4.8,76,0.00,50,1.91,0.0,9.6,6.3,46
2013-04-17,0.7,6.5,71,0.00,150,2.00,0.0,13.8,9.0,42
2013-04-18,2.3,5.5,79,2.00,284,1.70,8.0,15.8,12.7,54
2013-04-19,0.8,4.2,82,4.00,134,0.90,15.0,23.2,17.0,59
2013-04-20,0.5,2.5,89,6.90,305,0.83,20.0,27.6,16.5,60
2013-04-21,-4.3,-0.2,68,0.00,311,1.68,0.0,23.8,13.1,44
2013-04-22,-2.3,5.1,64,0.00,249,2.22,0.0,15.9,11.2,44
2013-04-23,0.9,5.3,66,0.00,284,2.20,0.0,26.6,12.9,40
2013-04-24,1.6,7.8,68,0.00,244,2.38,0.0,16.5,9.3,44
2013-04-25,4.8,8.3,72,0.40,251,2.19,1.0,21.5,17.2,49
2013-04-26,7.0,12.3,70,0.00,243,2.68,0.0,23.5,16.1,47
2013-04-27,6.0,10.8,71,1.60,225,2.27,4.0,22.1,17.3,47
2013-04-28,0.0,7.6,70,0.00,312,2.16,0.0,35.6,14.7,54
2013-04-29,0.2,4.3,86,12.20,98,0.85,15.0,21.3,15.0,65
2013-04-30,-4.7,-0.8,76,0.60,328,1.42,3.0,17.4,14.5,44
2013-05-01,-3.3,6.3,60,0.00,153,2.27,0.0,15.2,11.1,40
2013-05-02,5.5,10.8,65,0.00,222,2.71,0.0,19.7,14.5,32
2013-05-03,6.6,11.0,72,0.00,258,2.91,0.0,18.3,14.8,49
2013-05-04,6.4,14.5,68,0.00,207,3.30,0.0,12.4,10.1,39
2013-05-05,9.3,17.0,67,0.00,238,3.88,0.0,15.6,12.0,36
2013-05-06,10.7,22.5,60,0.00,158,4.21,0.0,14.8,8.6,27
2013-05-07,7.0,21.4,64,0.00,341,3.62,0.0,34.3,12.4,39
2013-05-08,7.9,16.7,54,0.10,125,4.17,1.0,17.6,12.7,40
2013-05-09,10.2,18.1,65,0.10,60,3.86,1.0,21.7,12.5,41
2013-05-10,7.7,14.8,58,0.00,24,3.90,0.0,17.1,9.2,30
2013-05-11,9.4,19.5,49,0.00,133,4.52,0.0,19.0,13.5,31
2013-05-12,14.8,21.8,67,0.30,173,3.84,1.0,26.3,12.8,44
2013-05-13,13.4,18.5,48,0.00,259,5.24,0.0,26.4,22.8,33
2013-05-14,11.3,16.3,50,0.00,260,4.41,0.0,22.3,16.6,33
2013-05-15,11.2,15.4,50,0.00,250,4.31,0.0,15.5,13.4,35
2013-05-16,11.4,16.9,60,0.00,243,4.14,0.0,12.6,10.9,39
2013-05-17,12.6,18.9,60,0.00,238,4.26,0.0,9.1,3.9,34
2013-05-18,14.3,20.6,56,0.00,135,4.70,0.0,13.5,9.9,34
2013-05-19,13.7,20.4,64,0.00,245,4.17,0.0,15.3,11.7,36
2013-05-20,12.8,19.0,49,0.00,266,4.67,0.0,12.3,8.5,31
2013-05-21,14.5,19.8,58,0.00,94,4.74,0.0,27.0,18.0,32
2013-05-22,14.8,19.5,41,0.00,109,6.05,0.0,24.9,21.5,31
2013-05-23,14.6,18.9,51,0.00,118,5.15,0.0,25.0,19.4,33
2013-05-24,14.7,18.9,50,0.00,94,4.71,0.0,20.0,15.6,34
2013-05-25,11.6,17.7,69,4.10,81,2.78,6.0,17.3,11.5,37
2013-05-26,9.8,14.6,86,3.70,91,2.23,7.0,15.6,12.8,57
2013-05-27,13.1,19.3,68,0.50,124,3.82,3.0,11.4,7.0,42
2013-05-28,14.6,20.4,69,0.00,87,3.83,0.0,10.7,6.2,42
2013-05-29,15.5,20.0,70,0.00,90,3.45,0.0,12.1,6.3,47
2013-05-30,15.3,20.3,80,0.80,83,3.10,4.0,13.1,9.2,52
2013-05-31,14.8,19.8,89,5.50,71,2.76,7.0,9.4,5.3,63
2013-06-01,14.1,18.6,82,3.50,240,3.32,7.0,12.4,7.3,50
2013-06-02,12.9,17.4,81,4.80,331,1.79,7.0,9.4,4.8,50
2013-06-03,13.3,19.7,83,0.40,66,3.28,3.0,7.6,4.7,42
2013-06-04,15.2,20.3,66,0.00,170,4.45,0.0,12.7,8.4,43
2013-06-05,15.5,20.3,71,4.60,189,3.14,4.0,17.7,10.1,45
2013-06-06,12.7,17.9,68,0.40,262,4.21,1.0,23.4,18.1,41
2013-06-07,13.4,17.8,74,6.60,228,1.96,8.0,14.6,7.8,42
2013-06-08,11.8,13.9,90,7.30,289,2.06,18.0,12.1,6.6,76
2013-06-09,10.3,12.6,91,7.10,351,1.82,21.0,24.7,11.6,72
2013-06-10,6.2,8.9,95,31.70,321,0.72,24.0,29.5,24.4,85
2013-06-11,7.5,9.1,90,1.80,334,0.86,10.0,19.5,9.7,84
2013-06-12,10.5,13.1,88,2.90,85,1.60,5.0,13.4,9.7,70
2013-06-13,11.8,14.5,90,4.00,259,2.32,9.0,14.3,9.0,74
2013-06-14,12.2,15.3,88,4.40,273,2.18,14.0,15.9,10.9,70
2013-06-15,12.3,14.8,90,6.30,313,1.54,20.0,24.0,19.7,81
2013-06-16,12.3,15.6,95,8.60,328,1.40,21.0,18.6,10.7,83
2013-06-17,14.3,20.6,79,0.00,245,3.94,0.0,9.7,6.6,43
2013-06-18,16.8,20.6,69,0.00,74,4.32,0.0,12.7,9.4,43
2013-06-19,16.9,20.7,70,0.00,63,4.12,0.0,19.9,16.2,49
2013-06-20,17.5,22.3,63,0.00,76,4.83,0.0,16.7,13.0,38
2013-06-21,17.6,22.5,68,0.00,31,4.87,0.0,11.9,8.3,41
2013-06-22,17.2,21.6,75,0.50,97,4.53,1.0,6.7,4.6,46
2013-06-23,16.6,21.7,75,0.10,106,4.25,1.0,11.2,5.6,47
2013-06-24,16.3,21.8,76,0.40,83,4.06,3.0,14.6,8.4,47
2013-06-25,16.7,20.0,79,2.90,108,2.87,6.0,14.8,12.4,55
2013-06-26,14.5,16.4,98,21.80,283,0.74,24.0,23.9,12.7,92
2013-06-27,16.5,22.0,72,0.20,251,4.38,1.0,19.1,15.1,45
2013-06-28,18.5,23.1,66,0.00,244,5.03,0.0,16.2,11.1,49
2013-06-29,19.0,23.1,79,0.50,142,2.88,2.0,13.6,8.4,55
2013-06-30,19.9,25.4,80,0.00,225,4.48,0.0,9.8,6.4,48
2013-07-01,22.0,29.0,72,0.00,157,5.73,0.0,17.4,8.1,42
2013-07-02,23.1,28.3,72,0.00,180,5.62,0.0,22.7,17.2,48
2013-07-03,19.1,24.5,65,0.50,261,5.29,2.0,26.8,20.0,42
2013-07-04,19.0,23.3,58,0.00,249,5.51,0.0,17.9,11.2,39
2013-07-05,17.2,23.3,74,6.40,279,3.85,12.0,19.8,12.3,41
2013-07-06,14.2,17.3,85,12.90,273,2.66,22.0,12.4,8.7,74
2013-07-07,13.9,16.2,90,10.20,299,2.26,20.0,13.5,9.6,78
2013-07-08,15.1,21.8,85,0.80,182,3.74,2.0,8.4,5.6,52
2013-07-09,19.0,24.3,71,0.00,220,4.93,0.0,18.2,12.6,44
2013-07-10,18.7,23.7,77,1.70,254,3.85,5.0,15.3,9.9,52
2013-07-11,14.8,20.8,88,12.50,285,2.12,17.0,26.3,12.6,67
2013-07-12,12.3,15.4,71,6.90,268,3.11,17.0,34.7,26.4,58
2013-07-13,10.4,13.4,67,0.00,300,3.14,0.0,24.3,13.7,52
2013-07-14,12.3,17.2,70,0.30,259,3.11,1.0,13.4,5.7,57
2013-07-15,13.8,17.9,77,0.10,311,3.57,1.0,17.7,10.3,48
2013-07-16,15.9,21.3,71,0.60,284,4.57,2.0,17.1,10.2,50
2013-07-17,19.1,25.8,63,0.00,182,5.33,0.0,15.7,8.5,37
2013-07-18,20.2,25.5,74,0.00,246,4.56,0.0,10.2,5.5,40
2013-07-19,17.3,24.0,87,7.50,60,2.36,15.0,15.0,9.9,63
2013-07-20,14.7,17.1,91,4.90,135,1.60,7.0,14.0,10.4,78
2013-07-21,15.7,20.1,89,0.60,18,3.03,3.0,8.5,4.7,66
2013-07-22,16.9,20.8,83,9.00,165,3.19,12.0,13.5,9.1,66
2013-07-23,16.3,19.9,84,5.20,297,2.84,15.0,13.9,10.0,67
2013-07-24,16.0,19.4,83,3.30,44,3.14,14.0,10.2,7.0,55
2013-07-25,16.2,21.2,68,0.00,129,4.50,0.0,20.6,13.6,48
2013-07-26,17.7,21.1,64,0.00,145,4.23,0.0,21.1,19.1,50
2013-07-27,16.5,20.0,81,32.50,246,3.11,13.0,16.9,11.6,50
2013-07-28,12.9,17.0,87,20.00,290,1.16,18.0,28.4,21.6,59
2013-07-29,12.1,16.1,88,5.60,311,2.65,15.0,27.2,15.8,67
2013-07-30,13.6,18.1,76,0.30,282,3.11,3.0,13.0,10.2,52
2013-07-31,16.5,20.2,79,0.60,274,3.33,3.0,12.7,10.8,63
2013-08-01,18.2,22.9,74,0.00,25,4.17,0.0,8.9,5.6,46
2013-08-02,18.2,22.9,72,0.00,113,4.10,0.0,13.3,11.3,47
2013-08-03,18.8,24.0,69,0.00,147,4.47,0.0,14.8,12.2,45
2013-08-04,18.2,23.2,83,2.10,275,2.85,9.0,11.7,7.0,52
2013-08-05,17.4,22.1,84,1.30,313,3.26,3.0,10.5,6.8,63
2013-08-06,17.4,22.4,81,0.40,96,3.61,2.0,13.6,7.3,47
2013-08-07,17.0,21.9,79,1.40,83,3.13,6.0,14.1,12.0,53
2013-08-08,15.6,19.0,74,0.10,120,3.16,1.0,14.3,12.5,53
2013-08-09,15.2,19.3,71,0.00,136,3.20,0.0,20.4,16.0,55
2013-08-10,17.2,23.9,73,0.00,139,3.84,0.0,16.3,14.2,59
2013-08-11,19.0,23.2,83,2.00,123,3.27,7.0,13.4,8.4,63
2013-08-12,18.0,21.9,89,2.80,112,2.36,5.0,14.2,8.8,68
2013-08-13,18.4,22.7,87,0.10,137,2.30,1.0,13.5,10.8,68
2013-08-14,19.2,24.7,87,0.70,150,2.74,4.0,14.5,7.3,65
2013-08-15,19.7,24.9,89,8.40,124,2.39,3.0,14.0,7.1,65
2013-08-16,17.8,20.9,88,1.20,243,2.36,5.0,13.3,7.9,68
2013-08-17,17.8,22.3,78,0.00,236,3.64,0.0,18.4,12.7,48
2013-08-18,18.0,22.0,71,0.10,240,3.32,1.0,17.7,12.7,50
2013-08-19,15.3,19.4,72,0.80,251,3.38,3.0,25.1,21.1,47
2013-08-20,13.9,15.9,57,1.00,259,4.07,2.0,31.3,26.1,47
2013-08-21,13.6,19.1,68,3.90,267,3.01,11.0,24.7,19.3,49
2013-08-22,16.7,24.6,65,0.00,214,3.88,0.0,13.0,10.9,39
2013-08-23,19.0,24.2,67,0.00,240,3.78,0.0,10.9,6.7,46
2013-08-24,19.1,23.9,71,0.00,207,3.81,0.0,15.1,9.3,50
2013-08-25,16.7,22.0,83,10.30,317,2.04,7.0,10.8,7.2,57
2013-08-26,15.2,19.5,84,1.50,168,1.93,4.0,13.8,8.0,57
2013-08-27,14.8,20.4,88,5.50,148,2.34,13.0,14.0,11.8,59
2013-08-28,15.0,21.1,88,0.40,188,2.36,1.0,11.2,6.4,52
2013-08-29,16.7,22.1,75,0.10,76,2.87,1.0,14.0,12.0,57
2013-08-30,16.2,21.2,93,16.40,50,0.96,21.0,13.1,8.2,66
2013-08-31,15.8,21.0,87,5.60,266,2.61,9.0,14.7,12.0,52
2013-09-01,17.1,22.8,71,0.00,226,3.26,0.0,10.2,7.8,51
2013-09-02,18.0,22.5,74,0.00,241,3.37,0.0,13.5,9.1,54
2013-09-03,16.8,23.4,76,0.00,109,3.33,0.0,16.4,12.5,54
2013-09-04,18.8,24.6,75,0.00,190,3.61,0.0,18.4,11.9,51
2013-09-05,19.3,24.2,60,0.00,256,4.16,0.0,20.6,15.3,50
2013-09-06,18.2,22.5,69,0.00,23,2.89,0.0,11.6,7.8,46
2013-09-07,17.2,21.7,70,0.00,127,3.19,0.0,17.8,12.8,53
2013-09-08,17.2,24.1,78,0.00,178,3.19,0.0,18.9,12.4,52
2013-09-09,18.9,23.5,63,0.00,267,3.58,0.0,21.7,15.4,48
2013-09-10,16.0,20.4,59,0.00,269,3.57,0.0,15.8,13.7,40
2013-09-11,15.9,22.6,65,0.00,218,3.09,0.0,12.8,6.4,41
2013-09-12,17.7,26.7,67,0.00,147,3.48,0.0,14.0,11.2,47
2013-09-13,19.3,25.5,72,0.00,281,3.13,0.0,12.4,9.4,49
2013-09-14,16.2,22.6,70,0.00,68,2.95,0.0,14.9,12.1,51
2013-09-15,16.3,21.9,60,0.00,136,3.67,0.0,20.4,17.8,47
2013-09-16,16.8,22.2,61,0.30,131,3.41,1.0,16.9,12.9,52
2013-09-17,13.5,21.2,83,23.10,266,1.25,19.0,42.1,31.8,63
2013-09-18,7.6,10.4,76,1.40,297,1.38,5.0,30.6,21.1,64
2013-09-19,8.9,17.0,74,0.00,187,2.27,0.0,15.3,8.8,46
2013-09-20,13.0,19.9,67,0.00,139,2.91,0.0,18.8,15.6,44
2013-09-21,13.9,19.6,66,0.00,160,2.62,0.0,21.3,10.7,45
2013-09-22,13.0,17.9,77,4.00,256,2.12,7.0,20.0,12.9,38
2013-09-23,12.9,16.9,65,0.10,259,2.32,1.0,17.0,11.1,43
2013-09-24,10.7,14.8,59,0.00,256,2.76,0.0,20.4,16.7,37
2013-09-25,8.6,13.2,70,0.50,278,1.73,2.0,18.3,11.3,41
2013-09-26,7.3,10.0,82,2.50,290,1.20,13.0,17.6,11.5,58
2013-09-27,6.9,12.0,72,0.00,222,1.50,0.0,22.6,11.6,51
2013-09-28,8.5,14.5,71,0.00,191,1.87,0.0,16.1,12.0,40
2013-09-29,8.9,13.7,69,0.60,150,1.55,4.0,21.1,14.6,46
2013-09-30,6.7,11.1,81,0.00,24,0.82,0.0,14.5,7.7,61
2013-10-01,5.0,8.7,94,8.30,345,0.35,19.0,19.9,16.8,74
2013-10-02,3.5,5.6,93,12.10,354,0.62,23.0,18.0,13.8,74
2013-10-03,4.0,7.0,87,2.40,321,0.88,12.0,11.4,7.1,68
2013-10-04,4.6,11.0,79,0.00,161,1.31,0.0,18.1,12.5,50
2013-10-05,7.9,13.2,75,1.10,243,1.65,4.0,24.0,18.8,50
2013-10-06,8.1,11.9,75,0.40,249,1.10,2.0,23.1,13.7,55
2013-10-07,8.5,14.0,81,0.00,149,1.31,0.0,16.5,12.2,58
2013-10-08,7.3,12.2,78,1.80,281,0.94,10.0,32.2,21.4,67
2013-10-09,4.3,10.0,78,2.20,255,1.24,10.0,26.1,17.4,50
2013-10-10,7.3,9.9,66,0.90,247,1.80,3.0,23.1,17.9,44
2013-10-11,5.8,8.8,65,0.00,265,1.65,0.0,17.3,14.9,51
2013-10-12,4.4,8.4,74,0.00,263,1.13,0.0,12.4,9.9,52
2013-10-13,4.9,9.6,70,0.00,252,1.28,0.0,11.4,9.9,45
2013-10-14,4.4,11.0,73,0.00,203,1.22,0.0,11.8,8.5,53
2013-10-15,7.2,10.5,72,0.00,258,1.31,0.0,26.0,19.2,53
2013-10-16,5.2,8.2,73,0.00,294,1.36,0.0,17.5,13.9,50
2013-10-17,5.2,9.2,69,0.00,285,1.31,0.0,20.9,16.1,56
2013-10-18,5.9,10.3,69,0.00,264,1.36,0.0,18.4,14.9,54
2013-10-19,8.1,10.1,65,0.00,284,1.68,0.0,25.0,21.1,58
2013-10-20,6.5,12.0,81,0.50,253,0.82,3.0,16.5,8.7,65
2013-10-21,9.5,12.1,77,0.00,273,1.22,0.0,19.5,15.2,65
2013-10-22,7.8,10.3,89,2.50,279,0.58,10.0,15.3,7.5,69
2013-10-23,4.1,7.6,85,0.00,20,0.72,0.0,10.7,5.1,61
2013-10-24,4.8,13.0,81,0.00,159,1.14,0.0,23.6,18.0,54
2013-10-25,5.1,9.7,68,0.00,308,1.11,0.0,16.0,10.4,44
2013-10-26,5.5,9.5,69,0.00,249,1.17,0.0,18.7,13.1,57
2013-10-27,1.1,7.3,68,2.70,39,0.90,8.0,24.4,16.7,43
2013-10-28,-2.3,0.6,59,0.00,201,0.82,0.0,18.1,9.6,45
2013-10-29,-0.6,8.1,64,0.00,192,1.09,0.0,21.0,12.9,42
2013-10-30,3.5,6.2,63,0.00,259,1.27,0.0,21.9,16.8,56
2013-10-31,3.5,4.7,83,6.60,263,0.39,12.0,27.5,17.0,64
2013-11-01,4.3,7.4,78,0.00,263,0.97,0.0,22.9,18.5,55
2013-11-02,1.9,5.3,78,0.00,288,0.72,0.0,15.4,10.1,62
2013-11-03,-1.1,1.1,75,0.00,26,0.58,0.0,15.6,14.2,50
2013-11-04,-5.2,-2.6,66,0.00,343,0.60,0.0,13.7,9.2,52
2013-11-05,-5.0,-0.7,74,0.00,158,0.46,0.0,15.8,12.1,51
2013-11-06,-0.8,3.6,74,0.00,250,0.76,0.0,20.2,16.3,62
2013-11-07,-0.9,0.9,86,0.00,124,0.37,0.0,20.9,11.1,71
2013-11-08,-2.0,-0.9,82,6.80,72,0.39,15.0,22.0,14.4,71
2013-11-09,-5.3,-1.9,80,0.50,313,0.33,4.0,18.9,14.3,66
2013-11-10,-12.1,-8.7,74,0.00,140,0.30,0.0,15.8,11.4,67
2013-11-11,-7.8,2.1,72,0.00,214,0.54,0.0,14.3,11.4,41
2013-11-12,-4.5,2.9,69,0.00,161,0.47,0.0,12.3,8.1,51
2013-11-13,0.0,2.8,84,0.20,287,0.38,1.0,23.1,12.8,70
2013-11-14,-0.8,3.6,85,2.50,263,0.48,8.0,28.2,15.0,66
2013-11-15,1.2,2.4,78,0.70,283,0.69,3.0,36.9,21.6,66
2013-11-16,-6.9,-1.4,59,0.10,42,0.70,1.0,24.0,19.2,51
2013-11-17,-12.3,-10.3,75,1.10,103,0.28,11.0,16.6,14.2,64
2013-11-18,-14.6,-13.0,80,1.90,102,0.17,11.0,14.9,11.1,70
2013-11-19,-17.2,-13.6,80,0.00,29,0.14,0.0,13.8,10.3,65
2013-11-20,-21.7,-17.8,76,0.00,268,0.14,0.0,14.5,10.8,61
2013-11-21,-18.3,-14.5,79,0.70,268,0.13,5.0,13.1,8.3,71
2013-11-22,-15.9,-13.1,81,2.00,123,0.16,12.0,15.9,13.0,73
2013-11-23,-9.7,2.3,78,0.00,176,0.37,0.0,16.9,12.9,58
2013-11-24,1.2,3.2,70,0.00,276,0.97,0.0,31.0,27.3,57
2013-11-25,-8.1,-3.4,82,0.00,272,0.27,0.0,21.7,10.1,66
2013-11-26,-6.9,0.4,85,0.00,158,0.26,0.0,17.6,13.3,75
2013-11-27,-6.7,-2.1,91,0.00,32,0.15,0.0,12.7,9.1,84
2013-11-28,-8.1,-4.0,89,1.50,134,0.14,4.0,19.6,17.1,82
2013-11-29,-1.2,1.0,84,0.00,256,0.37,0.0,22.5,17.2,78
2013-11-30,-5.5,1.7,89,1.30,204,0.15,4.0,12.3,10.0,81
2013-12-01,-4.3,-0.5,94,2.00,57,0.13,9.0,16.6,11.0,89
2013-12-02,-8.5,-3.5,87,7.10,11,0.14,24.0,19.1,16.5,77
2013-12-03,-16.4,-13.2,81,1.10,297,0.14,10.0,18.4,16.3,77
2013-12-04,-18.8,-16.0,81,0.00,307,0.10,0.0,17.8,12.5,71
2013-12-05,-25.8,-21.3,78,0.00,345,0.05,0.0,12.4,7.9,72
2013-12-06,-26.7,-24.8,75,0.00,286,0.07,0.0,12.7,9.8,69
2013-12-07,-28.0,-19.1,73,0.00,233,0.10,0.0,19.8,12.0,57
2013-12-08,-16.9,-15.2,81,0.00,294,0.13,0.0,17.9,13.6,72
2013-12-09,-10.2,-6.5,82,2.90,292,0.23,9.0,26.2,18.8,74
2013-12-10,-16.7,-7.2,78,0.30,327,0.15,3.0,19.3,14.5,72
2013-12-11,-18.7,-15.2,79,2.30,91,0.09,10.0,11.5,8.4,76
2013-12-12,-17.6,-15.6,77,4.90,78,0.12,23.0,18.0,13.6,71
2013-12-13,-20.9,-19.2,77,4.50,117,0.12,14.0,20.3,13.3,72
2013-12-14,-19.2,-13.1,76,4.00,124,0.15,9.0,19.1,13.0,69
2013-12-15,-2.1,4.1,69,1.50,251,0.98,4.0,42.1,27.8,56
2013-12-16,-1.5,0.1,69,0.30,278,0.79,3.0,31.4,24.2,60
2013-12-17,-5.7,2.1,86,5.20,151,0.22,12.0,26.7,13.5,70
2013-12-18,-17.1,-1.6,80,0.20,312,0.13,1.0,23.2,17.3,71
2013-12-19,-24.7,-21.0,75,0.00,251,0.09,0.0,16.6,11.9,66
2013-12-20,-21.4,-18.4,74,0.00,103,0.08,0.0,14.0,9.4,65
2013-12-21,-20.3,-18.9,79,0.20,149,0.09,2.0,14.7,10.2,75
2013-12-22,-24.8,-21.0,77,0.00,183,0.07,0.0,22.0,11.6,68
2013-12-23,-11.6,0.2,77,3.40,182,0.32,11.0,29.7,22.8,72
2013-12-24,-1.5,-1.0,86,0.30,280,0.30,3.0,23.9,18.3,79
2013-12-25,-4.1,0.4,90,7.20,256,0.15,12.0,22.7,13.2,84
2013-12-26,0.8,3.4,86,5.20,254,0.32,7.0,25.1,16.3,75
2013-12-27,-9.0,3.4,84,13.60,25,0.13,24.0,22.7,16.0,76
2013-12-28,-22.1,-18.9,77,0.70,345,0.08,3.0,18.1,8.1,71
2013-12-29,-23.5,-19.2,76,3.80,107,0.09,12.0,14.0,10.8,73
2013-12-30,-22.0,-19.6,78,0.00,17,0.07,0.0,13.0,7.3,69
2013-12-31,-21.3,-20.2,74,3.20,118,0.13,11.0,19.5,13.6,71
2014-01-01,-21.3,-18.5,77,0.00,119,0.07,0.0,13.2,5.0,72
2014-01-02,-9.9,-1.7,85,4.20,194,0.17,11.0,19.1,15.8,75
2014-01-03,-9.7,-3.0,84,0.00,326,0.15,0.0,18.4,13.7,70
2014-01-04,-23.7,-18.8,76,0.00,301,0.12,0.0,25.1,19.4,67
2014-01-05,-28.1,-24.9,72,0.00,312,0.08,0.0,22.9,11.0,61
2014-01-06,-19.6,-10.8,67,0.00,139,0.21,0.0,18.1,13.9,65
2014-01-07,-16.5,-11.4,81,0.00,58,0.11,0.0,16.9,10.5,71
2014-01-08,-15.6,-9.2,82,0.60,156,0.17,3.0,19.6,14.6,78
2014-01-09,-9.2,-2.1,90,0.00,207,0.17,0.0,17.5,9.3,72
2014-01-10,-6.6,-3.7,85,0.00,255,0.19,0.0,15.9,12.8,79
2014-01-11,-7.1,-5.5,87,6.40,147,0.14,10.0,21.9,13.4,82
2014-01-12,-12.8,-5.5,81,0.00,285,0.20,0.0,23.5,15.9,70
2014-01-13,-9.4,-7.0,84,2.30,240,0.19,9.0,17.4,13.1,76
2014-01-14,-3.9,3.8,79,2.60,251,0.47,7.0,32.2,16.4,60
2014-01-15,4.3,7.1,54,1.50,277,2.13,2.0,53.6,41.4,52
2014-01-16,-0.1,2.1,74,0.00,268,0.70,0.0,30.2,20.1,58
2014-01-17,2.3,3.2,77,0.00,273,0.77,0.0,28.1,23.3,69
2014-01-18,0.5,4.2,79,0.00,250,0.60,0.0,21.0,15.0,58
2014-01-19,2.0,4.4,70,0.80,276,1.10,5.0,36.0,31.2,57
2014-01-20,-6.3,-0.3,85,0.00,272,0.28,0.0,27.7,12.4,66
2014-01-21,-4.7,-3.0,85,0.00,287,0.31,0.0,19.2,12.5,70
2014-01-22,-9.8,-6.9,87,0.00,130,0.18,0.0,17.8,13.7,76
2014-01-23,-2.7,2.3,86,0.00,259,0.40,0.0,26.8,20.2,79
2014-01-24,2.6,4.0,82,0.00,275,0.65,0.0,30.7,23.9,75
2014-01-25,2.5,4.4,78,0.00,282,0.80,0.0,29.2,23.0,67
2014-01-26,-8.9,2.6,73,0.00,336,0.46,0.0,32.8,18.8,61
2014-01-27,-19.5,-14.2,76,0.00,117,0.17,0.0,11.7,4.9,59
2014-01-28,-14.0,-7.1,77,0.00,212,0.33,0.0,17.3,14.6,69
2014-01-29,-12.4,-7.9,82,0.00,348,0.19,0.0,17.0,11.9,72
2014-01-30,-20.4,-15.8,77,0.00,305,0.19,0.0,18.3,15.3,66
2014-01-31,-15.9,-13.4,73,0.00,287,0.29,0.0,19.9,16.8,61
2014-02-01,-14.6,-10.1,82,0.00,267,0.22,0.0,15.0,11.3,73
2014-02-02,-11.8,-10.6,83,0.10,298,0.25,1.0,18.9,16.2,68
2014-02-03,-16.1,-11.9,75,0.00,325,0.25,0.0,18.4,16.6,59
2014-02-04,-21.1,-17.2,76,0.00,335,0.20,0.0,15.9,9.7,66
2014-02-05,-24.0,-19.9,75,0.00,265,0.16,0.0,10.3,6.9,63
2014-02-06,-21.0,-15.1,66,0.00,261,0.32,0.0,17.7,15.0,48
2014-02-07,-17.9,-13.7,76,0.00,282,0.24,0.0,14.4,7.8,60
2014-02-08,-19.5,-14.3,76,0.00,20,0.22,0.0,13.8,7.3,57
2014-02-09,-23.4,-19.0,73,0.00,120,0.19,0.0,11.8,9.8,62
2014-02-10,-23.9,-20.0,75,0.00,193,0.17,0.0,8.9,5.4,63
2014-02-11,-21.3,-20.1,72,1.60,334,0.18,7.0,9.7,7.9,61
2014-02-12,-20.7,-16.3,73,2.20,122,0.22,8.0,25.9,17.0,65
2014-02-13,-17.0,-11.2,77,0.10,104,0.26,1.0,12.5,7.8,65
2014-02-14,-12.6,-8.3,81,0.50,114,0.32,3.0,17.4,10.6,72
2014-02-15,-7.7,0.7,79,0.30,170,0.64,3.0,20.7,13.8,54
2014-02-16,-7.2,-2.2,86,3.20,119,0.34,10.0,23.0,16.6,74
2014-02-17,-3.8,-0.4,74,0.00,253,0.76,0.0,19.5,15.1,60
2014-02-18,-3.3,1.2,77,0.00,268,0.78,0.0,19.5,13.4,47
2014-02-19,-5.9,-1.8,81,0.30,116,0.45,2.0,14.5,11.0,68
2014-02-20,-8.7,-4.4,88,0.30,86,0.38,2.0,12.7,8.1,74
2014-02-21,-10.1,-5.0,82,4.30,353,0.30,16.0,17.0,13.9,66
2014-02-22,-19.6,-14.5,75,0.00,318,0.26,0.0,15.0,9.4,60
2014-02-23,-22.8,-19.1,72,0.00,334,0.29,0.0,15.2,7.7,57
2014-02-24,-23.5,-17.2,67,0.00,257,0.32,0.0,12.8,9.1,53
2014-02-25,-20.7,-10.8,65,0.00,190,0.48,0.0,8.4,5.6,31
2014-02-26,-13.6,-6.4,59,0.00,263,0.71,0.0,15.1,9.8,44
2014-02-27,-14.0,-7.9,76,0.00,323,0.41,0.0,23.3,15.6,56
2014-02-28,-22.4,-15.9,67,0.00,0,0.32,0.0,22.3,14.3,48
2014-03-01,-27.4,-21.9,62,0.00,106,0.27,0.0,11.4,8.7,43
2014-03-02,-26.0,-20.4,61,0.00,112,0.31,0.0,16.3,13.9,42
2014-03-03,-22.6,-17.1,65,0.00,105,0.34,0.0,16.3,14.3,50
2014-03-04,-17.4,-13.6,70,1.30,116,0.50,5.0,14.3,8.8,52
2014-03-05,-17.5,-13.5,73,0.00,281,0.43,0.0,7.9,5.1,49
2014-03-06,-19.7,-13.9,70,0.00,319,0.51,0.0,8.0,4.9,51
2014-03-07,-16.6,-7.4,70,0.00,129,0.68,0.0,13.2,8.8,57
2014-03-08,-4.1,5.4,77,2.90,160,1.02,8.0,16.4,11.9,63
2014-03-09,2.9,6.3,77,0.00,225,1.40,0.0,28.9,16.8,51
2014-03-10,1.8,5.1,72,0.00,268,1.49,0.0,28.4,20.9,55
2014-03-11,0.9,4.9,75,0.00,264,1.30,0.0,22.1,17.3,54
2014-03-12,4.3,8.2,62,0.00,263,2.12,0.0,31.0,25.4,46
2014-03-13,2.6,7.5,65,1.70,272,1.86,4.0,32.4,27.2,49
2014-03-14,-1.8,3.8,76,0.00,169,1.12,0.0,16.9,10.7,51
2014-03-15,1.6,6.2,75,0.40,225,1.47,3.0,19.8,13.9,46
2014-03-16,3.0,6.6,70,0.30,236,1.73,1.0,22.5,18.0,50
2014-03-17,1.2,5.1,82,2.30,274,1.08,9.0,18.4,12.9,61
2014-03-18,-0.0,3.2,76,0.70,263,1.34,3.0,22.6,17.8,59
2014-03-19,0.1,5.6,77,0.00,215,1.36,0.0,14.9,8.9,57
2014-03-20,-5.0,4.3,77,0.60,354,0.80,6.0,25.3,17.3,55
2014-03-21,-14.8,-10.3,69,0.00,16,0.84,0.0,16.9,8.2,49
2014-03-22,-13.9,-6.6,67,0.00,104,0.95,0.0,8.9,5.9,42
2014-03-23,-12.5,-6.5,70,0.00,263,0.90,0.0,17.6,10.0,44
2014-03-24,-11.6,-6.5,73,0.00,322,0.91,0.0,14.4,9.4,49
2014-03-25,-10.3,-3.7,68,0.00,104,1.07,0.0,9.5,6.0,45
2014-03-26,-9.7,-4.6,69,0.00,37,0.92,0.0,16.1,10.8,48
2014-03-27,-11.6,-7.1,68,0.00,338,0.97,0.0,10.1,6.4,49
2014-03-28,-10.6,-0.6,64,0.00,224,1.49,0.0,11.0,5.9,40
2014-03-29,-7.8,-1.0,71,0.00,317,1.17,0.0,14.8,7.5,51
2014-03-30,-12.9,-4.0,68,0.00,51,0.96,0.0,20.4,14.1,47
2014-03-31,-13.1,-3.8,70,0.00,136,1.10,0.0,14.5,11.8,48
2014-04-01,-8.1,0.0,73,0.00,146,1.59,0.0,14.0,6.6,42
2014-04-02,-5.6,0.7,72,0.00,92,1.37,0.0,12.6,8.8,44
2014-04-03,-5.3,1.2,74,0.00,95,1.35,0.0,21.4,12.7,52
2014-04-04,-1.1,2.9,80,0.70,178,1.42,4.0,27.2,20.8,59
2014-04-05,-0.5,4.8,77,0.00,239,1.57,0.0,21.3,10.1,58
2014-04-06,1.7,6.4,80,1.30,242,1.48,6.0,25.9,13.6,60
2014-04-07,3.3,7.0,73,0.50,251,1.69,3.0,22.4,14.8,61
2014-04-08,6.3,12.2,70,0.00,224,2.33,0.0,24.1,16.3,47
2014-04-09,4.2,9.1,56,0.00,266,2.78,0.0,29.5,26.3,46
2014-04-10,2.4,5.8,69,1.00,263,1.82,5.0,24.8,18.8,48
2014-04-11,1.3,6.1,89,6.40,11,0.91,16.0,24.8,12.1,66
2014-04-12,-3.9,1.7,64,0.00,325,1.74,0.0,23.5,12.5,39
2014-04-13,-2.0,2.6,55,0.00,6,2.25,0.0,12.1,6.0,31
2014-04-14,0.7,9.0,55,0.00,133,2.71,0.0,16.3,9.9,25
2014-04-15,1.8,9.0,74,1.90,28,1.23,10.0,18.7,12.2,44
2014-04-16,-2.6,1.3,66,1.00,55,1.48,6.0,14.3,9.6,55
2014-04-17,-1.8,2.0,77,8.80,114,1.24,17.0,21.8,15.9,59
2014-04-18,-0.7,3.6,80,0.00,107,1.40,0.0,19.4,11.4,60
2014-04-19,2.4,10.5,75,0.00,170,2.38,0.0,8.5,5.4,36
2014-04-20,4.5,9.2,76,0.40,203,1.98,4.0,12.0,8.7,54
2014-04-21,4.6,9.7,63,0.00,231,2.89,0.0,11.4,8.0,41
2014-04-22,5.9,11.4,62,0.00,79,2.53,0.0,25.9,16.7,45
2014-04-23,4.7,10.5,83,19.80,77,1.00,16.0,29.1,22.2,53
2014-04-24,1.7,4.4,93,10.70,103,1.13,19.0,14.4,4.5,74
2014-04-25,2.3,4.7,85,0.00,87,1.40,0.0,12.2,8.7,64
2014-04-26,2.7,5.8,77,0.00,116,1.75,0.0,17.6,12.6,56
2014-04-27,3.4,9.3,77,2.00,121,1.74,7.0,19.2,12.6,49
2014-04-28,5.3,11.3,70,0.00,244,2.83,0.0,18.4,9.4,39
2014-04-29,6.6,14.1,54,0.00,249,3.83,0.0,16.1,13.3,32
2014-04-30,9.6,19.8,54,0.00,155,3.95,0.0,15.3,9.2,33
2014-05-01,10.8,18.4,66,0.00,288,3.03,0.0,19.5,14.2,42
2014-05-02,5.0,12.4,56,0.00,321,2.60,0.0,21.4,17.9,44
2014-05-03,1.4,4.9,57,0.00,11,2.33,0.0,20.4,12.3,42
2014-05-04,1.5,5.4,59,0.10,156,2.32,1.0,10.6,5.6,38
2014-05-05,2.4,7.3,62,0.30,217,2.16,2.0,24.1,10.9,34
2014-05-06,1.2,4.3,62,1.60,330,2.55,7.0,23.4,18.5,41
2014-05-07,2.4,7.9,48,0.00,101,3.14,0.0,9.2,5.7,23
2014-05-08,4.9,12.6,50,0.00,156,3.43,0.0,10.8,5.6,29
2014-05-09,4.4,12.0,64,0.00,351,2.60,0.0,18.1,10.3,36
2014-05-10,2.5,7.1,64,0.50,341,2.44,4.0,17.4,11.5,37
2014-05-11,5.2,11.8,53,0.00,303,3.26,0.0,13.2,7.4,33
2014-05-12,8.3,14.3,54,0.00,169,3.15,0.0,8.6,5.6,34
2014-05-13,9.0,15.4,60,0.00,81,3.94,0.0,12.6,6.9,38
2014-05-14,11.1,16.6,65,0.40,213,2.94,2.0,16.8,10.1,43
2014-05-15,8.5,13.5,91,4.20,283,0.94,14.0,25.0,16.8,80
2014-05-16,6.0,12.0,77,0.00,299,2.44,0.0,17.1,6.5,54
2014-05-17,10.0,15.4,67,0.00,114,3.19,0.0,13.2,8.0,41
2014-05-18,11.4,17.9,62,0.00,105,4.04,0.0,15.0,9.9,43
2014-05-19,12.2,18.3,70,0.30,131,3.72,1.0,12.0,8.6,46
2014-05-20,12.1,18.3,72,0.20,163,3.57,1.0,20.3,12.8,46
2014-05-21,13.0,16.8,66,0.00,234,3.97,0.0,23.5,14.1,35
2014-05-22,14.0,20.8,55,0.00,223,4.13,0.0,15.0,10.4,35
2014-05-23,16.9,23.1,63,0.00,139,4.34,0.0,8.7,3.9,34
2014-05-24,12.0,22.6,77,4.80,271,3.14,9.0,27.8,16.2,40
2014-05-25,11.3,16.4,73,1.30,168,3.05,2.0,10.8,7.2,46
2014-05-26,10.2,13.4,93,5.20,52,1.63,14.0,9.8,6.9,83
2014-05-27,9.4,12.4,83,0.10,352,1.90,1.0,10.4,8.1,57
2014-05-28,9.7,13.1,76,0.20,99,2.54,2.0,11.2,7.5,55
2014-05-29,8.3,11.5,93,7.90,81,1.23,20.0,11.0,6.5,74
2014-05-30,10.2,16.4,80,0.20,265,2.95,1.0,21.7,14.4,55
2014-05-31,13.8,18.6,73,0.40,258,3.73,2.0,16.8,8.3,52
2014-06-01,14.2,19.0,78,0.70,127,3.58,1.0,8.8,6.1,51
2014-06-02,15.1,21.4,72,0.00,238,4.21,0.0,8.2,5.5,37
2014-06-03,16.1,22.2,73,1.90,158,3.89,2.0,20.2,9.0,38
2014-06-04,11.0,14.3,89,4.20,317,1.72,7.0,18.0,9.5,61
2014-06-05,6.2,10.0,88,11.30,311,1.92,15.0,24.0,16.4,42
2014-06-06,9.1,15.5,64,0.00,266,3.89,0.0,20.1,9.7,38
2014-06-07,11.0,15.3,71,0.10,305,3.77,1.0,13.9,8.8,40
2014-06-08,12.4,18.7,73,0.20,152,3.96,1.0,13.4,6.4,46
2014-06-09,12.2,17.9,84,3.60,254,2.53,9.0,27.2,13.9,52
2014-06-10,10.4,14.6,83,5.70,296,2.42,10.0,24.1,14.5,65
2014-06-11,12.6,19.0,71,0.00,253,4.36,0.0,7.9,6.0,41
2014-06-12,14.5,19.0,63,0.00,127,4.30,0.0,13.8,9.8,41
2014-06-13,15.8,21.0,60,0.00,99,5.08,0.0,13.8,12.2,34
2014-06-14,15.9,20.6,61,0.00,146,4.92,0.0,18.1,13.4,38
2014-06-15,15.5,19.8,67,0.00,192,3.97,0.0,17.7,5.6,43
2014-06-16,14.8,19.1,63,0.30,98,3.59,1.0,20.3,10.1,45
2014-06-17,12.3,15.8,83,0.30,65,2.60,3.0,17.0,7.7,70
2014-06-18,15.3,22.5,70,0.00,157,4.33,0.0,15.1,9.6,37
2014-06-19,16.6,21.8,77,0.30,115,3.45,1.0,16.9,9.3,44
2014-06-20,16.2,19.4,85,2.40,118,2.36,5.0,13.9,9.2,69
2014-06-21,15.5,19.1,70,1.10,291,4.14,2.0,21.4,15.3,35
2014-06-22,16.7,21.8,53,0.00,288,5.63,0.0,15.7,11.1,35
2014-06-23,18.5,23.8,63,0.00,99,4.76,0.0,8.1,5.9,40
2014-06-24,19.1,24.5,73,0.00,129,4.94,0.0,21.6,17.9,44
2014-06-25,16.4,21.5,89,13.10,216,1.61,13.0,19.5,11.7,67
2014-06-26,15.9,21.6,75,0.00,276,4.11,0.0,8.8,5.9,39
2014-06-27,18.5,24.4,66,0.00,120,5.01,0.0,11.0,6.9,40
2014-06-28,18.5,23.5,73,0.40,247,4.03,2.0,12.3,8.3,44
2014-06-29,16.9,20.1,84,8.50,286,2.78,15.0,22.1,13.8,65
2014-06-30,17.6,21.7,81,2.30,284,3.50,3.0,22.0,17.8,62
2014-07-01,18.7,23.4,77,0.30,290,4.36,1.0,13.6,8.7,44
2014-07-02,20.6,26.3,64,0.00,117,5.54,0.0,19.6,12.6,42
2014-07-03,21.3,26.9,68,3.80,130,5.06,5.0,20.2,15.7,44
2014-07-04,18.9,23.9,63,0.00,263,5.27,0.0,25.6,18.5,35
2014-07-05,18.2,21.3,60,0.00,240,4.34,0.0,19.1,11.7,39
2014-07-06,18.3,21.7,63,0.00,258,4.93,0.0,22.4,16.9,48
2014-07-07,19.0,23.7,66,0.00,289,4.78,0.0,17.1,13.0,44
2014-07-08,20.7,27.0,62,0.00,206,4.83,0.0,12.1,6.5,34
2014-07-09,21.7,26.9,62,0.40,227,4.96,2.0,26.1,12.3,34
2014-07-10,16.0,23.2,61,10.40,278,3.77,11.0,30.1,23.2,34
2014-07-11,16.6,23.0,71,0.80,280,4.22,2.0,28.3,15.2,45
2014-07-12,20.2,27.3,66,0.00,86,5.12,0.0,15.1,8.1,42
2014-07-13,21.7,27.4,68,0.00,123,5.64,0.0,15.3,13.1,42
2014-07-14,21.9,27.7,63,0.00,143,6.04,0.0,18.3,16.4,44
2014-07-15,23.1,30.9,64,0.00,150,5.83,0.0,16.3,10.9,38
2014-07-16,23.0,30.7,74,3.00,339,4.06,3.0,18.7,8.6,38
2014-07-17,19.3,23.1,72,0.70,183,3.11,2.0,14.8,8.8,53
2014-07-18,16.4,21.3,87,12.70,253,2.89,17.0,15.7,8.9,56
2014-07-19,16.1,18.4,84,6.40,256,2.95,12.0,28.5,19.8,61
2014-07-20,15.4,18.0,78,8.40,301,3.24,17.0,21.4,11.7,61
2014-07-21,16.4,22.0,76,0.20,231,3.88,1.0,12.1,6.4,50
2014-07-22,17.3,23.3,79,1.10,136,4.23,1.0,18.9,13.0,49
2014-07-23,20.0,24.8,70,0.00,125,4.42,0.0,18.3,13.3,52
2014-07-24,19.7,23.7,83,0.30,107,3.16,1.0,12.9,9.6,60
2014-07-25,17.3,22.0,95,33.10,315,1.21,22.0,26.2,17.1,71
2014-07-26,14.7,17.8,94,18.10,284,1.23,21.0,25.7,17.3,72
2014-07-27,17.5,24.3,80,0.00,179,4.20,0.0,8.7,5.4,48
2014-07-28,19.3,26.2,80,0.00,148,4.45,0.0,10.3,7.8,47
2014-07-29,21.6,27.9,74,0.00,136,4.84,0.0,12.4,9.4,48
2014-07-30,23.2,29.2,75,0.10,142,5.07,1.0,13.8,10.1,51
2014-07-31,21.8,28.1,78,1.20,286,4.45,2.0,14.1,7.1,41
2014-08-01,19.5,25.5,75,0.80,55,3.91,3.0,17.5,11.2,45
2014-08-02,19.5,24.2,74,0.00,151,4.22,0.0,15.8,13.3,52
2014-08-03,21.2,27.3,78,0.00,145,4.30,0.0,10.0,6.5,37
2014-08-04,22.4,26.9,68,0.00,141,4.64,0.0,9.6,6.5,42
2014-08-05,21.4,25.7,69,0.20,147,4.61,1.0,16.6,11.6,48
2014-08-06,20.9,25.6,74,0.20,193,4.30,1.0,17.5,12.8,47
2014-08-07,19.4,24.0,56,0.00,260,5.21,0.0,19.5,16.1,37
2014-08-08,16.6,22.0,70,3.00,237,2.39,6.0,15.2,8.5,37
2014-08-09,14.6,20.3,80,0.00,269,3.25,0.0,16.7,11.0,47
2014-08-10,18.6,23.6,62,0.00,240,4.40,0.0,16.8,12.2,43
2014-08-11,20.7,26.3,60,0.00,244,4.67,0.0,12.9,10.6,41
2014-08-12,21.7,28.4,67,0.00,121,4.79,0.0,15.3,10.6,43
2014-08-13,22.9,29.0,70,0.00,151,4.69,0.0,15.0,10.8,46
2014-08-14,23.6,29.5,67,0.00,252,4.28,0.0,12.7,6.0,37
2014-08-15,23.7,29.3,70,0.00,63,4.23,0.0,7.9,5.3,39
2014-08-16,23.3,28.0,73,0.00,147,4.03,0.0,10.0,7.7,45
2014-08-17,21.4,25.6,79,2.00,267,3.58,3.0,12.5,8.0,46
2014-08-18,21.1,25.0,60,0.10,242,3.86,1.0,22.4,16.1,46
2014-08-19,18.4,21.6,73,2.70,263,3.21,6.0,21.5,14.5,55
2014-08-20,14.7,19.2,78,12.30,317,2.40,14.0,15.8,12.4,57
2014-08-21,12.1,14.9,72,0.20,6,2.12,2.0,17.0,9.3,49
2014-08-22,12.1,14.6,62,0.10,74,2.19,1.0,9.2,6.2,44
2014-08-23,13.1,17.1,61,0.00,141,2.84,0.0,12.5,10.2,43
2014-08-24,13.9,17.5,68,0.00,120,2.57,0.0,16.2,11.6,45
2014-08-25,14.9,21.5,77,0.00,161,2.90,0.0,15.6,12.9,44
2014-08-26,18.7,23.9,61,0.00,232,4.13,0.0,18.5,13.9,44
2014-08-27,18.9,23.2,63,0.50,249,3.87,1.0,17.9,15.4,42
2014-08-28,15.9,21.5,60,0.00,297,3.37,0.0,17.1,11.8,42
2014-08-29,14.1,19.3,65,0.00,145,2.63,0.0,20.0,13.8,43
2014-08-30,14.4,18.9,75,8.70,255,2.98,8.0,19.6,15.5,45
2014-08-31,14.1,18.4,64,0.00,260,3.37,0.0,21.6,17.3,45
2014-09-01,12.8,16.8,70,3.00,259,2.04,6.0,16.3,12.9,53
2014-09-02,11.7,13.8,85,5.90,268,1.98,13.0,15.0,7.7,70
2014-09-03,11.2,15.5,85,7.40,301,2.10,14.0,11.0,7.9,56
2014-09-04,12.7,16.7,70,0.00,258,2.80,0.0,21.4,13.6,49
2014-09-05,13.1,18.4,70,0.00,266,2.63,0.0,19.4,11.1,43
2014-09-06,15.1,21.7,68,0.00,260,3.22,0.0,17.2,10.2,45
2014-09-07,10.9,21.3,84,6.40,37,0.88,12.0,19.7,14.4,48
2014-09-08,3.4,6.0,77,3.10,52,1.46,15.0,23.2,18.3,41
2014-09-09,4.1,6.5,57,0.00,92,1.84,0.0,12.0,9.6,42
2014-09-10,3.9,7.1,67,0.00,62,1.67,0.0,14.1,8.3,44
2014-09-11,5.3,14.0,65,0.00,195,2.43,0.0,16.9,13.5,33
2014-09-12,8.9,13.3,63,0.30,278,2.06,2.0,15.0,12.0,42
2014-09-13,9.1,14.9,69,0.00,277,2.31,0.0,15.6,7.3,38
2014-09-14,11.2,16.9,68,0.00,183,2.29,0.0,11.3,7.2,42
2014-09-15,13.6,21.3,69,0.00,219,2.71,0.0,9.2,6.9,43
2014-09-16,14.9,22.7,70,0.00,136,2.60,0.0,8.5,5.5,40
2014-09-17,14.6,22.2,73,0.00,122,2.71,0.0,16.3,13.0,48
2014-09-18,16.7,21.3,69,0.00,227,2.66,0.0,18.4,9.3,45
2014-09-19,15.2,19.8,68,2.00,247,2.92,4.0,32.9,17.9,37
2014-09-20,14.5,18.5,46,0.00,268,4.40,0.0,30.1,23.9,37
2014-09-21,16.6,25.0,60,0.00,191,3.36,0.0,14.4,11.4,34
2014-09-22,17.8,26.6,63,0.00,173,3.17,0.0,17.6,9.7,32
2014-09-23,17.4,24.5,64,0.20,275,2.82,2.0,19.5,11.2,39
2014-09-24,15.3,21.2,63,0.00,124,2.59,0.0,22.6,14.1,42
2014-09-25,12.9,18.9,86,1.80,285,1.25,3.0,15.9,10.7,66
2014-09-26,7.7,12.9,97,23.20,60,0.32,23.0,22.4,17.3,74
2014-09-27,5.2,8.1,85,3.00,36,0.85,9.0,14.7,12.1,61
2014-09-28,6.6,10.9,73,0.00,152,1.82,0.0,27.6,22.0,61
2014-09-29,10.0,16.3,78,0.00,154,1.78,0.0,23.0,16.5,58
2014-09-30,11.2,15.0,83,0.60,271,1.30,3.0,25.3,16.0,59
2014-10-01,8.8,11.8,66,1.00,262,1.96,5.0,31.1,19.4,48
2014-10-02,2.4,6.3,70,5.40,310,1.51,9.0,34.2,29.7,43
2014-10-03,1.3,4.6,76,1.90,163,0.75,5.0,23.5,15.3,48
2014-10-04,7.3,14.2,89,0.80,244,1.26,2.0,20.9,15.5,65
2014-10-05,10.7,14.2,77,0.40,273,1.74,3.0,16.3,14.5,56
2014-10-06,10.4,13.3,79,8.40,272,1.55,7.0,25.4,15.9,53
2014-10-07,8.7,12.4,66,0.00,291,1.59,0.0,16.0,7.9,40
2014-10-08,7.1,10.4,73,4.80,130,1.09,11.0,21.9,15.5,50
2014-10-09,6.9,13.4,90,0.50,113,1.09,2.0,15.3,9.3,58
2014-10-10,9.7,17.9,78,0.00,143,1.68,0.0,17.6,13.5,50
2014-10-11,11.8,15.3,66,0.30,256,2.23,1.0,26.4,20.9,49
2014-10-12,9.8,12.5,65,0.00,265,2.22,0.0,25.6,22.9,54
2014-10-13,9.1,14.2,64,0.00,220,1.79,0.0,18.9,11.2,44
2014-10-14,9.8,12.4,66,0.00,190,1.54,0.0,23.8,15.7,51
2014-10-15,5.9,9.4,80,0.00,323,1.03,0.0,17.0,8.8,55
2014-10-16,4.7,10.1,77,0.00,111,1.10,0.0,20.1,14.3,59
2014-10-17,6.0,11.0,85,0.00,143,0.95,0.0,25.6,19.7,66
2014-10-18,8.3,14.8,77,0.00,193,1.38,0.0,20.3,11.9,52
2014-10-19,9.0,14.7,73,0.00,157,1.47,0.0,19.6,13.5,52
2014-10-20,9.7,18.0,76,0.00,148,1.35,0.0,18.1,9.7,47
2014-10-21,10.6,15.0,78,0.00,251,1.17,0.0,14.1,7.3,53
2014-10-22,8.2,12.9,80,0.50,142,0.98,2.0,23.7,15.1,56
2014-10-23,6.6,10.4,83,1.10,96,0.63,5.0,21.4,8.6,65
2014-10-24,4.6,8.5,76,0.80,277,1.23,4.0,31.5,26.5,50
2014-10-25,3.5,6.2,75,0.00,247,0.90,0.0,19.4,13.4,58
2014-10-26,1.7,3.6,88,6.30,75,0.40,15.0,24.5,19.3,74
2014-10-27,0.7,1.9,84,4.90,346,0.48,15.0,15.8,12.7,66
2014-10-28,-1.1,1.3,87,0.20,135,0.36,1.0,22.8,15.1,75
2014-10-29,-0.4,1.5,88,0.50,110,0.34,4.0,18.2,13.4,81
2014-10-30,0.1,1.2,93,0.00,139,0.29,0.0,31.1,22.7,87
2014-10-31,2.5,4.9,91,0.00,149,0.41,0.0,31.7,20.1,81
2014-11-01,3.7,6.2,82,0.60,255,0.69,3.0,15.6,11.1,64
2014-11-02,1.2,7.0,84,0.00,165,0.64,0.0,9.9,8.2,64
2014-11-03,1.1,3.5,88,0.10,261,0.41,1.0,22.6,15.3,75
2014-11-04,0.5,3.4,92,0.00,138,0.32,0.0,22.9,16.1,85
2014-11-05,1.9,4.1,83,0.00,275,0.58,0.0,20.0,15.7,67
2014-11-06,2.6,6.0,75,0.20,143,0.80,1.0,31.0,18.5,64
2014-11-07,0.2,5.0,75,0.20,315,0.66,1.0,22.9,18.0,59
2014-11-08,-4.7,-1.8,73,6.20,72,0.38,19.0,18.0,12.6,65
2014-11-09,-8.7,-6.8,54,0.00,107,0.56,0.0,13.5,9.9,45
2014-11-10,-11.1,-6.9,65,0.00,15,0.46,0.0,20.0,15.7,57
2014-11-11,-12.9,-8.9,71,0.00,9,0.32,0.0,16.9,8.3,59
2014-11-12,-13.4,-9.5,77,0.00,131,0.26,0.0,11.0,9.1,63
2014-11-13,-15.0,-9.8,77,0.00,177,0.23,0.0,10.2,7.1,61
2014-11-14,-15.2,-11.7,80,0.00,291,0.18,0.0,11.1,10.4,71
2014-11-15,-12.9,-4.7,71,0.00,266,0.44,0.0,24.8,16.0,48
2014-11-16,-9.5,-6.8,81,0.00,312,0.30,0.0,21.6,11.3,65
2014-11-17,-11.9,-1.7,80,0.00,190,0.34,0.0,16.6,9.7,54
2014-11-18,-5.8,-3.9,77,0.00,296,0.40,0.0,18.8,14.6,65
2014-11-19,-8.9,-4.7,87,0.00,127,0.23,0.0,12.1,7.4,74
2014-11-20,-4.4,4.1,86,0.00,183,0.31,0.0,13.0,9.5,74
2014-11-21,1.2,3.4,92,3.30,289,0.20,13.0,19.5,13.3,86
2014-11-22,-4.5,-2.2,86,6.90,84,0.25,16.0,22.1,17.9,82
2014-11-23,-10.4,-6.7,86,2.20,281,0.18,10.0,12.5,9.3,75
2014-11-24,-8.4,-6.0,87,0.80,292,0.18,4.0,15.8,7.9,77
2014-11-25,-10.0,-7.5,86,3.80,64,0.13,12.0,14.1,10.3,80
2014-11-26,-13.2,-7.0,84,0.00,135,0.17,0.0,12.5,9.1,73
2014-11-27,-15.5,-9.3,80,1.90,50,0.14,10.0,20.0,15.7,68
2014-11-28,-21.7,-19.7,75,8.80,46,0.15,22.0,19.5,16.7,69
2014-11-29,-23.6,-20.7,73,0.00,279,0.14,0.0,20.2,16.3,58
2014-11-30,-22.9,-20.2,72,0.00,269,0.15,0.0,19.9,15.6,55
2014-12-01,-18.0,-13.4,69,0.10,246,0.20,1.0,15.7,11.0,60
2014-12-02,-13.2,-12.4,82,0.10,269,0.16,1.0,18.4,13.2,73
2014-12-03,-12.2,-3.2,83,0.00,238,0.22,0.0,18.3,13.7,73
2014-12-04,-7.0,-4.8,88,0.00,264,0.14,0.0,16.3,11.0,84
2014-12-05,-10.8,-8.2,86,0.00,243,0.12,0.0,13.7,9.9,72
2014-12-06,-10.5,-8.1,86,0.10,124,0.14,1.0,17.7,15.3,81
2014-12-07,-8.0,-6.2,88,3.60,276,0.11,6.0,13.0,10.3,82
2014-12-08,-11.6,-6.7,88,0.00,134,0.13,0.0,21.9,13.6,84
2014-12-09,-5.3,3.2,85,0.00,138,0.26,0.0,18.4,14.6,70
2014-12-10,3.9,8.9,72,0.00,204,0.89,0.0,30.1,17.8,54
2014-12-11,-0.5,1.7,91,1.10,144,0.18,4.0,23.4,15.4,86
2014-12-12,-2.0,-1.2,95,0.00,67,0.12,0.0,14.8,8.2,90
2014-12-13,-3.2,-1.0,91,0.00,246,0.16,0.0,13.9,8.4,82
2014-12-14,-6.1,-2.7,91,0.00,266,0.11,0.0,13.0,10.7,86
2014-12-15,-11.8,-8.1,90,0.00,135,0.10,0.0,19.9,13.6,86
2014-12-16,-8.4,-7.6,90,0.00,139,0.11,0.0,22.0,18.2,85
2014-12-17,-8.4,-7.0,89,0.00,138,0.11,0.0,16.9,12.1,81
2014-12-18,-10.6,-5.4,83,0.00,154,0.12,0.0,9.2,6.3,70
2014-12-19,-10.9,-7.4,87,0.00,128,0.13,0.0,21.5,15.9,83
2014-12-20,-8.7,-6.1,88,0.30,138,0.13,2.0,17.5,11.4,76
2014-12-21,-7.6,-4.5,89,1.50,130,0.13,5.0,21.3,13.9,85
2014-12-22,-4.5,-3.4,92,3.10,280,0.12,10.0,12.3,9.1,88
2014-12-23,-4.7,-3.4,89,0.00,229,0.13,0.0,16.1,12.5,79
2014-12-24,-4.7,-2.9,90,2.70,317,0.12,11.0,14.1,11.4,83
2014-12-25,-13.0,-9.1,86,0.40,63,0.09,3.0,11.6,7.4,80
2014-12-26,-13.5,-10.8,86,0.30,250,0.09,2.0,11.3,7.1,75
2014-12-27,-13.5,-11.2,88,0.10,261,0.08,1.0,9.4,7.4,82
2014-12-28,-14.1,-11.4,85,0.00,17,0.09,0.0,14.5,9.6,76
2014-12-29,-20.7,-16.2,79,0.00,309,0.11,0.0,17.0,13.6,71
2014-12-30,-18.3,-10.0,64,0.00,242,0.35,0.0,25.4,15.5,41
2014-12-31,-8.0,-3.7,66,0.10,268,0.53,1.0,23.8,20.0,61
2015-01-01,-3.2,-1.6,82,0.40,297,0.32,3.0,23.1,18.1,69
2015-01-02,-15.4,-9.1,77,5.60,59,0.17,18.0,17.7,14.1,69
2015-01-03,-23.5,-18.9,77,0.00,307,0.09,0.0,16.8,14.6,67
2015-01-04,-27.0,-23.0,75,0.00,262,0.09,0.0,14.8,12.9,70
2015-01-05,-25.3,-21.7,74,0.00,254,0.10,0.0,17.7,11.2,65
2015-01-06,-22.0,-18.0,76,0.00,271,0.09,0.0,11.6,5.7,65
2015-01-07,-19.1,-11.4,78,3.20,142,0.15,8.0,23.7,15.5,72
2015-01-08,-17.5,-12.7,79,1.40,302,0.19,7.0,25.7,20.4,71
2015-01-09,-24.7,-18.4,72,0.00,156,0.10,0.0,10.8,6.9,51
2015-01-10,-19.3,-14.6,75,0.00,95,0.12,0.0,9.8,6.0,62
2015-01-11,-20.7,-16.2,79,0.00,205,0.10,0.0,13.0,8.0,69
2015-01-12,-16.5,-9.4,86,0.00,204,0.12,0.0,14.6,11.8,84
2015-01-13,-4.9,1.5,86,0.90,254,0.25,2.0,19.2,14.6,79
2015-01-14,1.6,2.4,81,0.40,269,0.59,1.0,27.4,22.8,77
2015-01-15,-3.1,0.5,93,0.00,90,0.14,0.0,19.9,13.0,86
2015-01-16,-2.5,1.4,86,0.00,216,0.39,0.0,29.6,18.4,72
2015-01-17,0.2,1.5,73,0.00,267,0.84,0.0,33.1,25.9,68
2015-01-18,-3.4,0.5,80,0.00,222,0.33,0.0,15.2,9.8,66
2015-01-19,-2.5,0.7,90,4.40,258,0.16,9.0,18.6,12.6,83
2015-01-20,-0.9,0.6,90,4.50,282,0.25,15.0,17.5,12.9,81
2015-01-21,-3.5,3.9,81,1.20,204,0.39,3.0,25.6,14.2,65
2015-01-22,4.4,5.4,71,0.00,264,1.20,0.0,35.4,27.8,66
2015-01-23,2.7,4.9,79,0.00,254,0.65,0.0,24.4,18.0,71
2015-01-24,3.0,4.6,80,1.90,264,0.70,6.0,32.0,21.4,73
2015-01-25,3.8,7.1,74,1.50,244,1.03,3.0,34.8,21.9,59
2015-01-26,2.8,5.5,82,0.00,252,0.60,0.0,21.3,15.2,66
2015-01-27,-0.3,3.7,92,5.60,62,0.20,16.0,17.9,12.0,82
2015-01-28,-5.3,-2.3,82,2.10,312,0.31,8.0,17.8,11.6,64
2015-01-29,-7.8,0.3,72,0.50,133,0.39,3.0,12.0,8.7,61
2015-01-30,-6.7,-1.8,79,0.80,6,0.27,3.0,14.0,10.7,63
2015-01-31,-14.3,-10.9,60,0.00,71,0.36,0.0,14.8,8.3,54
2015-02-01,-14.3,-11.2,73,0.00,284,0.22,0.0,7.3,4.9,58
2015-02-02,-14.3,-12.2,69,0.00,359,0.22,0.0,6.7,4.1,61
2015-02-03,-17.7,-13.2,77,0.00,275,0.22,0.0,19.1,12.2,63
2015-02-04,-15.9,-6.8,69,0.00,218,0.42,0.0,18.1,12.8,55
2015-02-05,-14.7,-8.6,65,1.40,46,0.31,4.0,19.6,13.7,60
2015-02-06,-19.9,-16.9,73,9.40,90,0.22,23.0,25.2,22.7,67
2015-02-07,-18.7,-13.1,75,3.30,117,0.30,5.0,21.3,16.1,61
2015-02-08,-15.4,-12.5,73,2.10,28,0.23,8.0,11.6,8.2,59
2015-02-09,-14.3,-12.7,76,0.00,111,0.25,0.0,15.6,12.2,67
2015-02-10,-14.9,-12.7,73,0.80,342,0.27,5.0,14.2,8.2,62
2015-02-11,-19.7,-14.4,70,0.00,120,0.25,0.0,27.0,16.2,63
2015-02-12,-8.0,2.9,82,0.00,190,0.56,0.0,25.0,11.7,72
2015-02-13,-4.4,2.0,89,2.30,79,0.25,8.0,22.6,12.6,78
2015-02-14,-6.4,2.4,83,2.90,157,0.62,10.0,27.0,19.1,66
2015-02-15,-0.2,1.6,81,0.00,273,0.72,0.0,19.5,18.2,68
2015-02-16,-5.1,0.6,73,0.60,340,0.61,4.0,16.4,11.9,62
2015-02-17,-10.0,-6.2,75,1.00,107,0.32,5.0,14.4,8.2,65
2015-02-18,-5.2,3.1,79,0.50,156,0.65,3.0,14.4,7.9,61
2015-02-19,0.1,2.1,86,2.90,257,0.46,9.0,20.5,14.1,74
2015-02-20,-2.7,1.0,84,1.90,333,0.45,8.0,17.4,13.5,65
2015-02-21,-8.8,-4.4,64,0.00,343,0.72,0.0,16.9,10.9,51
2015-02-22,-9.1,3.0,62,0.00,175,0.91,0.0,13.8,10.1,44
2015-02-23,0.9,5.0,74,0.00,270,1.12,0.0,24.9,16.8,51
2015-02-24,0.5,4.3,84,1.60,303,0.55,6.0,24.4,12.6,73
2015-02-25,-10.8,-2.5,62,0.80,53,0.73,4.0,24.0,14.1,38
2015-02-26,-13.8,-7.6,62,0.00,135,0.67,0.0,16.9,13.6,39
2015-02-27,-12.0,-8.5,73,0.00,325,0.47,0.0,12.4,8.5,57
2015-02-28,-9.3,-3.9,73,0.00,276,0.67,0.0,18.5,14.3,59
2015-03-01,-7.2,1.4,74,0.00,187,0.92,0.0,15.6,11.0,41
2015-03-02,-7.0,0.9,68,1.50,319,0.71,6.0,29.0,22.2,46
2015-03-03,-14.6,-11.1,60,0.00,308,0.68,0.0,26.7,16.0,47
2015-03-04,-14.5,-1.1,62,0.00,161,0.83,0.0,13.0,10.0,39
2015-03-05,-2.7,3.8,67,0.00,262,1.27,0.0,20.6,17.0,46
2015-03-06,1.6,3.5,87,6.60,266,0.67,14.0,24.7,19.2,62
2015-03-07,0.7,4.3,78,1.20,267,1.20,6.0,18.9,16.7,49
2015-03-08,2.0,7.4,71,0.00,258,1.47,0.0,24.3,17.4,55
2015-03-09,4.8,7.0,78,0.40,267,1.35,2.0,26.6,19.8,60
2015-03-10,0.5,4.8,71,0.00,79,1.10,0.0,14.6,9.3,54
2015-03-11,-1.1,2.9,79,0.00,99,0.82,0.0,16.5,13.5,61
2015-03-12,1.3,9.4,86,2.60,141,1.29,4.0,12.7,9.6,50
2015-03-13,5.9,12.6,63,0.00,225,2.21,0.0,23.2,16.2,41
2015-03-14,5.7,12.1,69,0.20,173,1.79,1.0,19.4,11.2,47
2015-03-15,1.1,7.4,70,1.40,276,1.38,4.0,45.7,20.8,50
2015-03-16,-1.7,3.9,55,0.10,260,1.62,1.0,13.3,9.9,39
2015-03-17,-1.1,6.4,55,0.00,133,1.71,0.0,14.5,9.2,41
2015-03-18,1.0,7.6,73,0.00,172,1.74,0.0,17.3,12.8,43
2015-03-19,0.5,6.2,65,0.00,344,1.29,0.0,17.8,9.0,40
2015-03-20,-1.8,2.3,55,0.80,75,1.62,5.0,14.9,12.2,44
2015-03-21,-3.5,1.3,71,4.90,109,0.89,13.0,22.4,19.2,50
2015-03-22,-4.8,-0.9,76,0.00,138,0.81,0.0,17.1,8.9,63
2015-03-23,-3.0,3.7,74,0.00,123,1.41,0.0,7.9,5.6,53
2015-03-24,0.5,4.6,71,0.00,249,1.53,0.0,8.3,5.0,47
2015-03-25,1.1,5.6,68,0.20,153,1.41,1.0,7.6,4.3,53
2015-03-26,1.8,7.9,85,1.40,145,0.82,8.0,9.8,7.0,68
2015-03-27,5.4,15.4,85,1.20,228,1.69,3.0,15.2,9.5,44
2015-03-28,5.0,14.1,92,9.10,304,0.91,16.0,13.0,8.8,56
2015-03-29,4.5,10.4,70,0.40,225,1.71,2.0,17.4,11.3,50
2015-03-30,5.4,11.4,64,0.50,257,2.51,1.0,22.5,16.8,27
2015-03-31,6.1,12.6,61,0.20,117,2.40,1.0,15.3,10.2,31
2015-04-01,1.9,8.4,88,15.70,311,0.98,19.0,23.9,20.5,59
2015-04-02,0.3,3.1,80,1.50,296,1.24,5.0,14.0,10.7,60
2015-04-03,-0.8,4.1,76,0.00,45,1.58,0.0,11.6,5.5,52
2015-04-04,-2.0,3.5,67,0.00,73,1.65,0.0,11.5,8.0,40
2015-04-05,-2.2,3.4,60,0.00,69,1.86,0.0,12.6,8.7,34
2015-04-06,-0.3,5.6,60,0.00,122,2.03,0.0,17.2,13.1,36
2015-04-07,1.7,8.0,62,0.00,148,2.27,0.0,17.6,11.1,37
2015-04-08,2.8,10.4,60,0.00,227,2.53,0.0,15.4,11.1,36
2015-04-09,5.9,14.8,55,0.00,238,3.16,0.0,15.6,11.7,29
2015-04-10,7.8,17.1,53,0.00,169,3.27,0.0,10.3,5.8,22
2015-04-11,6.6,16.1,53,0.40,251,2.69,2.0,27.4,14.3,26
2015-04-12,3.6,8.0,43,0.00,260,3.19,0.0,34.7,25.4,31
2015-04-13,4.1,10.6,36,0.00,263,3.81,0.0,30.1,20.3,20
2015-04-14,4.7,10.5,44,0.10,137,2.93,1.0,22.1,15.4,22
2015-04-15,5.2,10.4,45,0.00,263,3.41,0.0,23.4,18.8,33
2015-04-16,6.6,10.5,60,0.80,256,2.48,3.0,24.2,18.6,36
2015-04-17,4.3,8.7,75,0.90,195,1.48,4.0,19.4,12.7,55
2015-04-18,5.2,10.1,69,0.00,285,2.61,0.0,26.3,21.0,32
2015-04-19,5.5,12.0,50,0.00,260,3.18,0.0,15.0,9.1,29
2015-04-20,7.4,15.4,57,0.00,248,3.38,0.0,9.0,7.5,34
2015-04-21,10.1,19.0,59,0.00,119,3.52,0.0,12.2,8.5,31
2015-04-22,10.1,18.2,54,0.00,102,3.61,0.0,21.8,19.0,34
2015-04-23,4.9,15.3,83,11.80,260,1.23,15.0,19.5,9.8,40
2015-04-24,3.3,6.6,86,0.30,60,1.55,2.0,18.3,11.8,48
2015-04-25,2.7,7.4,47,0.00,55,2.89,0.0,21.4,12.5,33
2015-04-26,4.0,11.7,52,0.00,120,3.21,0.0,12.0,8.4,33
2015-04-27,7.9,17.1,57,0.00,171,3.58,0.0,19.8,12.5,30
2015-04-28,11.5,20.9,54,0.00,141,4.14,0.0,22.9,14.5,32
2015-04-29,10.5,20.9,52,0.10,266,3.54,1.0,27.4,16.0,31
2015-04-30,7.4,11.8,48,0.00,250,3.55,0.0,25.3,17.4,32
2015-05-01,6.8,12.4,58,0.00,244,3.28,0.0,22.2,15.5,38
2015-05-02,5.7,10.4,65,1.10,272,2.55,5.0,18.2,15.0,43
2015-05-03,4.9,9.9,77,0.30,294,2.70,2.0,17.4,7.5,47
2015-05-04,5.0,9.1,72,0.00,80,2.43,0.0,18.1,10.9,49
2015-05-05,4.6,8.6,70,7.40,77,1.81,16.0,22.3,18.3,55
2015-05-06,1.6,6.0,79,5.30,8,1.55,16.0,19.3,15.8,45
2015-05-07,4.4,9.1,61,0.00,236,2.62,0.0,9.2,5.1,35
2015-05-08,6.0,13.7,57,0.00,234,3.48,0.0,8.4,6.3,28
2015-05-09,8.0,15.4,62,0.00,71,3.77,0.0,12.8,8.2,29
2015-05-10,9.1,15.4,52,0.00,124,4.23,0.0,18.7,14.8,29
2015-05-11,9.6,15.8,42,0.00,138,4.62,0.0,18.1,13.4,26
2015-05-12,10.6,16.8,47,0.00,139,4.60,0.0,15.3,11.1,28
2015-05-13,10.9,16.2,45,0.00,139,4.76,0.0,20.6,14.9,29
2015-05-14,10.8,16.2,47,0.00,134,4.76,0.0,16.4,13.3,31
2015-05-15,11.8,18.4,55,0.00,135,4.46,0.0,15.3,13.1,32
2015-05-16,9.2,17.6,64,3.70,43,3.45,10.0,29.2,17.8,30
2015-05-17,6.3,12.2,46,0.00,110,4.17,0.0,15.5,13.6,31
2015-05-18,8.9,16.2,48,0.00,131,4.61,0.0,16.6,13.5,26
2015-05-19,11.7,18.7,44,0.00,128,5.19,0.0,15.5,13.5,24
2015-05-20,13.9,20.8,42,0.00,127,5.68,0.0,18.4,14.4,23
2015-05-21,15.5,23.0,42,0.00,126,5.83,0.0,14.5,12.7,25
2015-05-22,17.5,25.1,42,0.00,95,5.77,0.0,12.8,8.1,21
2015-05-23,18.6,25.5,42,0.00,62,6.09,0.0,18.6,11.5,22
2015-05-24,19.1,26.0,43,0.00,88,5.78,0.0,14.2,9.5,22
2015-05-25,20.0,26.0,38,0.00,115,5.46,0.0,9.5,5.7,22
2015-05-26,18.1,24.9,57,0.00,356,5.12,0.0,11.3,7.9,24
2015-05-27,17.4,23.8,51,0.00,76,5.00,0.0,27.8,8.5,31
2015-05-28,10.8,20.6,52,0.30,41,4.70,1.0,28.0,16.5,28
2015-05-29,10.7,16.2,45,0.00,107,5.00,0.0,18.1,15.1,28
2015-05-30,12.7,18.2,49,0.00,127,4.72,0.0,22.3,17.6,35
2015-05-31,13.8,17.3,65,1.10,177,3.72,4.0,18.7,16.0,46
2015-06-01,11.2,15.3,74,0.60,305,3.30,3.0,18.9,15.4,43
2015-06-02,10.5,14.9,58,0.00,126,3.86,0.0,24.1,15.7,43
2015-06-03,14.3,21.6,66,0.00,138,4.85,0.0,21.9,16.9,38
2015-06-04,16.6,21.5,55,0.00,143,5.00,0.0,17.9,13.3,43
2015-06-05,17.4,23.5,68,0.20,186,4.77,1.0,17.5,11.5,33
2015-06-06,19.3,23.5,47,0.00,261,6.26,0.0,24.8,19.1,32
2015-06-07,18.9,23.3,48,0.00,262,5.35,0.0,20.5,14.3,33
2015-06-08,19.1,22.9,51,0.50,266,5.50,1.0,30.3,18.8,38
2015-06-09,16.3,19.9,59,0.00,298,4.70,0.0,21.9,10.4,38
2015-06-10,17.0,22.6,52,0.00,158,5.01,0.0,13.3,7.4,31
2015-06-11,17.3,22.4,62,0.70,200,4.42,3.0,23.1,13.8,33
2015-06-12,14.4,19.3,55,3.00,267,4.57,5.0,28.1,22.4,43
2015-06-13,10.7,15.1,80,3.90,331,2.28,13.0,23.8,14.8,59
2015-06-14,12.7,16.2,65,0.60,0,3.35,2.0,21.3,14.6,41
2015-06-15,14.2,18.9,59,0.00,312,4.06,0.0,15.3,8.0,35
2015-06-16,14.4,18.7,65,1.70,348,3.81,2.0,20.9,9.2,36
2015-06-17,13.0,17.0,57,0.00,4,3.73,0.0,14.4,8.4,32
2015-06-18,14.0,18.8,61,0.00,148,3.64,0.0,18.9,12.7,34
2015-06-19,15.4,19.9,70,0.00,60,3.82,0.0,16.1,10.9,43
2015-06-20,12.9,19.5,78,7.60,258,1.82,18.0,17.2,13.1,44
2015-06-21,13.9,20.1,73,0.20,274,3.83,1.0,15.1,11.9,43
2015-06-22,15.3,19.2,76,8.70,285,3.10,9.0,14.3,9.8,47
2015-06-23,16.5,21.6,74,0.00,265,4.31,0.0,12.7,7.5,43
2015-06-24,18.7,25.0,65,0.00,232,5.13,0.0,12.4,8.8,35
2015-06-25,20.4,25.1,64,0.00,248,4.89,0.0,12.6,8.5,35
2015-06-26,20.7,24.9,63,1.00,246,5.79,2.0,24.1,16.5,33
2015-06-27,21.3,28.4,50,0.00,253,6.51,0.0,21.7,12.3,30
2015-06-28,23.3,28.4,56,0.00,278,5.94,0.0,15.5,8.0,32
2015-06-29,22.4,27.7,56,0.00,174,4.94,0.0,17.1,8.3,32
2015-06-30,20.5,24.8,70,0.00,161,4.79,0.0,16.1,12.3,47
2015-07-01,20.7,25.0,75,5.30,289,3.95,10.0,20.9,12.1,47
2015-07-02,22.3,28.7,58,0.00,250,5.77,0.0,15.2,11.0,32
2015-07-03,22.7,28.3,51,0.00,263,6.36,0.0,24.3,15.4,30
2015-07-04,18.2,24.0,54,5.10,301,4.83,9.0,29.7,15.9,31
2015-07-05,14.2,18.6,76,9.20,338,3.08,11.0,29.2,16.4,42
2015-07-06,17.3,23.3,58,0.00,233,4.74,0.0,14.9,7.4,32
2015-07-07,15.1,22.5,60,1.70,348,4.87,3.0,23.5,11.5,36
2015-07-08,19.2,29.7,58,0.00,189,5.65,0.0,17.0,11.6,33
2015-07-09,23.1,29.4,56,0.60,287,5.81,2.0,20.4,12.9,32
2015-07-10,21.4,28.5,62,0.00,48,5.96,0.0,20.4,13.8,32
2015-07-11,21.2,27.4,70,12.80,133,4.52,7.0,18.1,13.1,37
2015-07-12,21.1,25.7,85,3.00,24,3.34,2.0,18.8,8.3,67
2015-07-13,20.4,23.3,72,0.00,271,4.19,0.0,14.5,12.5,49
2015-07-14,20.0,23.4,64,0.00,264,5.20,0.0,21.0,15.8,37
2015-07-15,19.4,23.5,53,0.00,251,5.75,0.0,21.3,14.5,37
2015-07-16,14.9,20.1,84,9.30,268,1.87,14.0,23.2,18.2,59
2015-07-17,15.4,20.6,87,6.60,327,2.65,13.0,23.9,20.2,51
2015-07-18,18.7,23.9,63,0.00,263,4.41,0.0,22.4,16.0,47
2015-07-19,18.1,23.3,72,2.00,294,4.34,4.0,23.5,20.4,40
2015-07-20,18.8,24.5,60,0.00,91,4.97,0.0,16.3,10.4,40
2015-07-21,18.3,23.4,73,7.20,209,4.32,11.0,20.8,16.6,42
2015-07-22,17.2,21.8,69,0.20,246,4.20,1.0,21.5,14.0,43
2015-07-23,15.2,18.6,77,1.00,270,3.28,4.0,19.2,13.4,62
2015-07-24,17.6,23.7,69,0.00,212,4.28,0.0,10.9,8.8,39
2015-07-25,16.3,23.1,77,6.60,254,3.97,8.0,18.4,14.0,45
2015-07-26,16.7,20.4,62,0.00,260,4.74,0.0,19.5,15.7,43
2015-07-27,16.8,21.5,60,0.00,255,4.80,0.0,16.7,14.1,40
2015-07-28,17.5,21.2,60,0.00,260,4.41,0.0,24.9,17.6,43
2015-07-29,17.5,20.9,57,0.00,262,4.72,0.0,24.5,19.8,43
2015-07-30,17.2,22.2,53,0.00,263,5.39,0.0,25.6,17.5,37
2015-07-31,18.8,24.8,62,0.70,210,3.68,1.0,16.7,7.9,37
2015-08-01,18.7,21.8,67,0.00,284,4.15,0.0,16.2,11.3,50
2015-08-02,18.8,23.8,67,0.10,173,3.80,1.0,11.3,6.3,44
2015-08-03,18.2,23.3,82,1.20,124,2.82,3.0,20.9,13.0,52
2015-08-04,17.3,22.4,83,4.90,56,2.04,12.0,22.7,15.7,64
2015-08-05,15.0,18.9,88,13.40,83,1.17,8.0,17.7,8.0,61
2015-08-06,14.0,19.0,92,11.90,162,1.58,21.0,14.5,9.1,66
2015-08-07,15.3,20.8,86,5.20,269,2.94,13.0,12.7,8.4,57
2015-08-08,18.0,23.6,77,0.00,234,3.74,0.0,9.3,5.6,50
2015-08-09,19.3,26.0,79,0.00,121,4.07,0.0,11.2,8.2,46
2015-08-10,19.6,26.3,79,0.60,190,3.91,3.0,16.4,7.3,41
2015-08-11,21.1,25.6,68,0.00,237,4.59,0.0,21.7,12.5,39
2015-08-12,20.6,24.6,57,0.00,250,4.87,0.0,20.1,14.9,43
2015-08-13,20.1,25.0,71,0.00,236,3.87,0.0,18.9,8.3,49
2015-08-14,17.8,23.5,65,0.00,276,4.25,0.0,18.1,15.9,44
2015-08-15,13.2,18.7,71,1.40,347,2.08,8.0,19.5,16.3,44
2015-08-16,12.9,16.0,72,0.20,297,2.40,2.0,15.6,9.7,50
2015-08-17,14.5,19.6,69,0.50,219,2.80,1.0,13.1,9.9,48
2015-08-18,14.7,19.5,80,4.40,267,2.90,3.0,16.4,11.2,52
2015-08-19,17.8,21.0,59,0.00,224,3.88,0.0,24.4,16.5,47
2015-08-20,14.6,19.7,66,0.00,293,3.00,0.0,22.1,16.6,46
2015-08-21,11.4,15.0,71,0.50,327,2.39,3.0,23.8,17.0,52
2015-08-22,11.0,16.6,66,0.10,298,3.47,1.0,24.1,14.2,39
2015-08-23,14.3,22.7,61,0.00,158,3.79,0.0,14.3,10.8,39
2015-08-24,16.9,22.5,67,0.60,249,3.34,4.0,9.0,6.0,39
2015-08-25,16.4,21.3,64,1.70,57,2.86,8.0,13.4,6.1,39
2015-08-26,15.8,20.9,70,0.10,33,2.97,1.0,12.9,6.5,43
2015-08-27,17.0,23.9,71,0.00,205,3.56,0.0,17.4,8.6,33
2015-08-28,19.2,23.7,51,0.00,241,4.61,0.0,18.1,13.4,36
2015-08-29,17.8,23.3,67,0.00,132,3.60,0.0,24.2,9.3,41
2015-08-30,17.6,22.9,61,2.00,210,3.89,4.0,23.6,14.4,36
2015-08-31,15.9,20.3,52,0.20,227,4.15,1.0,26.0,16.1,35
2015-09-01,12.7,18.2,73,7.60,249,2.15,9.0,17.7,9.2,40
2015-09-02,11.0,15.4,81,12.80,88,1.25,13.0,22.9,15.9,51
2015-09-03,9.9,12.1,89,8.90,7,1.62,20.0,18.3,12.3,64
2015-09-04,8.9,11.8,79,1.30,327,1.51,9.0,16.8,11.5,63
2015-09-05,10.0,13.7,73,0.00,159,1.90,0.0,15.4,8.6,51
2015-09-06,10.0,13.4,77,0.50,78,1.34,3.0,14.4,8.8,53
2015-09-07,10.7,15.7,76,0.00,305,2.17,0.0,14.4,8.3,51
2015-09-08,12.1,16.2,75,0.00,236,2.10,0.0,12.9,7.1,52
2015-09-09,10.3,15.3,89,2.10,227,1.49,4.0,8.1,5.1,59
2015-09-10,12.5,18.5,78,0.00,230,2.01,0.0,16.8,9.9,57
2015-09-11,16.5,23.6,65,0.00,241,3.60,0.0,22.6,15.6,40
2015-09-12,17.8,22.8,63,2.90,266,3.05,5.0,21.3,17.2,47
2015-09-13,10.8,14.2,93,8.70,286,1.03,11.0,16.9,10.9,85
2015-09-14,7.9,10.7,88,5.70,332,1.53,15.0,13.5,9.1,68
2015-09-15,7.7,10.3,82,0.10,108,1.36,1.0,14.0,10.6,64
2015-09-16,8.1,11.4,80,0.00,145,1.38,0.0,10.5,7.1,56
2015-09-17,8.7,14.3,74,0.00,185,2.24,0.0,16.1,11.3,44
2015-09-18,11.0,15.8,66,0.00,240,2.43,0.0,23.1,15.7,44
2015-09-19,12.9,19.0,65,1.10,221,2.63,4.0,24.0,15.4,45
2015-09-20,11.0,16.7,61,0.00,262,2.47,0.0,20.3,16.9,35
2015-09-21,7.7,12.0,68,5.60,291,1.98,15.0,24.2,18.6,43
2015-09-22,5.4,8.7,81,0.00,127,1.33,0.0,26.1,14.4,63
2015-09-23,6.2,12.3,83,0.40,131,1.49,2.0,23.0,19.1,63
2015-09-24,9.4,16.6,79,0.00,144,2.00,0.0,20.3,12.3,48
2015-09-25,10.9,15.2,69,1.00,232,1.95,3.0,21.4,16.3,43
2015-09-26,9.0,12.6,66,0.00,243,2.23,0.0,30.3,16.3,35
2015-09-27,7.5,11.5,55,1.50,281,2.66,4.0,30.7,26.6,33
2015-09-28,5.6,13.0,68,0.00,260,1.92,0.0,29.5,12.0,35
2015-09-29,10.4,15.9,78,0.90,229,1.65,4.0,16.3,13.1,58
2015-09-30,12.4,21.5,77,0.00,206,2.10,0.0,13.3,10.2,47
2015-10-01,15.0,22.1,73,0.00,186,2.10,0.0,8.7,6.1,42
2015-10-02,11.2,19.5,82,4.00,2,0.89,10.0,26.6,14.7,55
2015-10-03,3.5,5.4,80,1.70,360,0.87,5.0,26.3,18.3,59
2015-10-04,3.1,6.7,68,0.00,144,1.36,0.0,17.1,9.3,53
2015-10-05,3.2,8.1,78,0.00,252,1.39,0.0,15.8,12.6,50
2015-10-06,4.1,9.0,75,0.00,119,1.09,0.0,18.4,12.8,57
2015-10-07,7.2,12.8,78,0.00,236,1.47,0.0,11.0,6.9,53
2015-10-08,8.8,17.9,75,0.00,150,1.52,0.0,11.2,6.8,49
2015-10-09,12.5,18.3,74,0.00,174,1.41,0.0,13.8,10.7,55
2015-10-10,15.7,19.3,57,0.00,233,3.17,0.0,29.0,19.4,42
2015-10-11,10.1,17.4,82,9.20,314,0.69,12.0,21.3,12.5,51
2015-10-12,7.6,13.1,78,0.00,223,1.42,0.0,26.8,15.3,45
2015-10-13,10.1,12.0,52,0.00,263,3.01,0.0,31.6,27.7,40
2015-10-14,8.6,11.0,53,0.00,272,2.65,0.0,27.4,25.0,45
2015-10-15,6.6,11.3,62,0.00,268,1.66,0.0,19.9,11.2,37
2015-10-16,7.3,12.4,58,0.00,127,1.78,0.0,13.1,11.5,47
2015-10-17,7.8,14.5,67,0.00,136,1.72,0.0,17.1,15.0,48
2015-10-18,10.8,13.7,68,0.00,259,1.86,0.0,24.1,17.6,50
2015-10-19,8.8,14.9,70,0.00,180,1.20,0.0,9.6,6.8,51
2015-10-20,8.1,12.1,82,4.40,277,1.13,9.0,29.1,19.2,51
2015-10-21,7.6,13.9,66,0.00,166,1.37,0.0,15.1,10.4,50
2015-10-22,9.1,12.3,64,0.00,253,1.80,0.0,25.9,17.2,42
2015-10-23,7.0,9.5,62,0.00,258,1.76,0.0,21.1,17.9,50
2015-10-24,5.0,8.2,77,0.00,271,0.97,0.0,12.6,10.7,60
2015-10-25,3.3,7.4,84,0.00,157,0.82,0.0,15.3,7.2,61
2015-10-26,2.7,6.3,82,0.00,141,0.78,0.0,25.2,20.2,69
2015-10-27,1.5,4.3,74,0.30,304,0.99,3.0,30.5,26.1,58
2015-10-28,0.4,4.4,77,0.00,156,0.85,0.0,19.4,13.6,53
2015-10-29,1.9,7.5,84,1.00,189,0.62,4.0,19.1,13.3,66
2015-10-30,4.9,8.2,78,0.00,238,0.81,0.0,24.7,15.4,70
2015-10-31,4.3,7.3,81,0.10,268,0.78,1.0,19.1,12.3,64
2015-11-01,2.2,5.3,89,0.60,99,0.32,4.0,21.1,17.2,72
2015-11-02,1.4,3.0,87,1.10,119,0.39,8.0,18.0,14.3,72
2015-11-03,1.3,2.5,87,0.80,257,0.44,4.0,13.4,10.4,64
2015-11-04,-0.0,5.4,77,0.10,216,0.69,1.0,17.5,12.3,48
2015-11-05,-0.2,2.4,84,0.00,308,0.40,0.0,15.3,11.3,69
2015-11-06,-0.7,3.8,77,0.10,240,0.57,1.0,15.0,11.4,58
2015-11-07,3.4,6.9,83,1.00,233,0.56,5.0,17.2,14.0,67
2015-11-08,1.8,4.6,89,0.00,282,0.32,0.0,13.7,7.9,79
2015-11-09,0.2,2.4,87,0.10,136,0.37,1.0,11.0,7.6,66
2015-11-10,-0.3,4.6,72,0.00,188,0.70,0.0,15.9,13.3,39
2015-11-11,1.8,3.5,53,0.00,241,1.45,0.0,27.2,19.6,43
2015-11-12,0.9,3.3,56,0.00,233,1.31,0.0,25.2,20.2,43
2015-11-13,1.9,5.8,62,0.30,211,1.13,2.0,26.9,17.6,46
2015-11-14,1.6,4.7,54,0.00,242,1.36,0.0,25.9,17.6,43
2015-11-15,-0.4,1.5,78,5.70,73,0.32,10.0,24.5,13.6,60
2015-11-16,-1.5,-0.1,82,0.60,295,0.50,5.0,25.6,17.8,63
2015-11-17,-0.8,1.9,59,0.20,202,1.12,2.0,26.2,20.5,50
2015-11-18,-6.4,-1.2,74,0.80,297,0.53,6.0,31.9,25.2,64
2015-11-19,-8.1,-4.7,74,0.00,263,0.33,0.0,13.2,10.3,64
2015-11-20,-8.3,-4.0,74,0.20,274,0.41,1.0,17.4,14.2,50
2015-11-21,-1.1,3.8,64,0.00,260,1.05,0.0,29.2,23.6,57
2015-11-22,3.1,4.2,69,0.40,278,1.24,3.0,37.0,28.8,59
2015-11-23,-1.9,0.2,82,0.00,280,0.27,0.0,15.5,8.2,61
2015-11-24,-7.4,-2.7,70,0.00,338,0.42,0.0,18.0,15.3,58
2015-11-25,-10.7,-5.4,61,0.00,257,0.48,0.0,16.7,12.8,51
2015-11-26,-7.3,-0.2,64,0.00,239,0.55,0.0,18.2,11.6,44
2015-11-27,-1.3,1.8,43,0.00,256,1.49,0.0,24.0,21.4,35
2015-11-28,-2.2,3.0,44,0.00,253,1.16,0.0,16.3,14.8,30
2015-11-29,-0.5,3.2,37,0.00,259,1.31,0.0,15.6,13.6,28
2015-11-30,-3.4,2.7,46,0.00,247,0.76,0.0,12.1,9.4,27
2015-12-01,-4.7,1.5,51,0.00,230,0.54,0.0,9.7,6.9,32
2015-12-02,-0.3,5.7,61,0.00,213,0.93,0.0,30.4,15.8,45
2015-12-03,-0.4,3.5,65,0.00,174,0.78,0.0,29.2,15.1,47
2015-12-04,-0.5,2.4,76,0.00,202,0.41,0.0,22.0,12.1,72
2015-12-05,-2.5,-0.3,78,0.00,253,0.29,0.0,14.8,10.1,67
2015-12-06,-3.3,-0.4,82,0.00,121,0.25,0.0,15.6,11.6,69
2015-12-07,-2.1,3.0,85,0.00,156,0.22,0.0,18.6,12.9,73
2015-12-08,-1.1,1.6,86,0.00,238,0.22,0.0,18.6,13.9,75
2015-12-09,-2.1,-0.8,90,2.30,186,0.15,6.0,16.6,10.1,86
2015-12-10,-4.6,-2.5,95,0.00,105,0.11,0.0,15.5,8.0,90
2015-12-11,-3.5,-2.7,90,0.30,122,0.14,3.0,19.6,14.9,82
2015-12-12,-4.5,-3.2,88,0.00,135,0.15,0.0,19.1,15.5,82
2015-12-13,-5.4,-4.7,86,0.00,117,0.18,0.0,21.9,15.9,80
2015-12-14,-6.2,-4.1,89,0.00,5,0.12,0.0,8.1,5.0,81
2015-12-15,-6.8,-3.6,80,1.00,241,0.24,5.0,18.4,13.8,71
2015-12-16,-8.9,-5.1,85,0.40,287,0.14,3.0,18.5,13.9,76
2015-12-17,-13.5,-10.3,86,0.00,297,0.08,0.0,13.7,10.3,81
2015-12-18,-17.1,-14.9,82,0.10,113,0.12,1.0,21.8,14.9,74
2015-12-19,-15.5,-13.9,82,2.70,128,0.13,7.0,20.0,13.6,77
2015-12-20,-16.2,-11.7,82,0.00,135,0.14,0.0,17.6,15.5,76
2015-12-21,-11.6,-4.3,83,0.00,194,0.15,0.0,12.5,9.3,72
2015-12-22,-10.9,-5.3,86,0.00,76,0.08,0.0,8.4,4.8,76
2015-12-23,-11.8,-9.9,87,0.70,53,0.09,7.0,9.1,6.5,79
2015-12-24,-14.4,-13.2,81,0.00,56,0.08,0.0,8.0,6.0,74
2015-12-25,-17.9,-13.0,82,0.00,166,0.07,0.0,6.5,4.2,79
2015-12-26,-18.4,-15.5,84,0.00,214,0.07,0.0,12.2,9.1,79
2015-12-27,-16.2,-13.2,80,0.00,131,0.14,0.0,16.5,13.0,76
2015-12-28,-13.7,-9.5,85,0.00,125,0.08,0.0,7.0,3.1,80
2015-12-29,-12.6,-8.6,88,0.00,183,0.10,0.0,8.9,5.7,82
2015-12-30,-12.8,-9.3,78,0.00,258,0.22,0.0,18.7,15.1,71
2015-12-31,-7.8,-3.4,65,0.00,258,0.59,0.0,25.9,19.6,56
2016-01-01,-3.5,-1.1,53,0.00,263,1.07,0.0,26.5,22.5,45
2016-01-02,-3.8,0.8,52,0.00,254,0.62,0.0,19.8,10.3,29
2016-01-03,-6.9,-3.0,56,0.00,137,0.29,0.0,8.7,5.2,45
2016-01-04,-13.1,-6.0,74,0.00,266,0.16,0.0,13.3,8.4,56
2016-01-05,-14.2,-8.9,83,0.00,105,0.13,0.0,14.6,10.3,77
2016-01-06,-9.8,-8.1,87,0.20,79,0.11,2.0,15.0,8.6,83
2016-01-07,-11.7,-9.1,83,0.00,17,0.10,0.0,9.1,6.0,75
2016-01-08,-14.6,-12.2,83,0.00,95,0.10,0.0,12.2,6.5,78
2016-01-09,-15.7,-13.9,83,0.00,138,0.12,0.0,14.0,9.7,76
2016-01-10,-12.5,-6.8,82,0.00,270,0.19,0.0,15.8,12.2,78
2016-01-11,-11.8,-8.4,83,0.10,328,0.13,1.0,12.4,8.4,72
2016-01-12,-9.6,-1.1,82,0.20,198,0.25,2.0,16.0,11.8,74
2016-01-13,-5.3,-2.5,89,1.20,133,0.15,6.0,13.2,9.2,83
2016-01-14,-7.1,-3.2,88,3.50,4,0.14,12.0,11.2,8.6,75
2016-01-15,-17.5,-11.9,82,0.00,58,0.10,0.0,11.5,7.9,72
2016-01-16,-23.3,-19.2,77,0.00,112,0.12,0.0,16.6,14.5,68
2016-01-17,-24.3,-18.8,75,0.00,123,0.14,0.0,25.7,18.7,71
2016-01-18,-15.1,-8.5,79,1.40,138,0.20,6.0,27.0,13.0,76
2016-01-19,-12.8,-9.5,87,0.00,88,0.11,0.0,9.8,7.1,84
2016-01-20,-11.0,-8.8,85,0.00,118,0.15,0.0,12.1,8.2,75
2016-01-21,-12.7,-9.0,84,0.00,129,0.17,0.0,20.8,13.5,79
2016-01-22,-8.6,-3.4,86,0.30,115,0.19,2.0,14.3,9.5,78
2016-01-23,-5.6,-4.1,90,12.60,64,0.20,19.0,13.0,7.3,82
2016-01-24,-7.7,-4.8,89,0.00,249,0.21,0.0,13.2,9.2,82
2016-01-25,-7.0,-1.5,82,0.00,248,0.32,0.0,15.0,12.7,68
2016-01-26,-1.0,5.2,76,0.40,236,0.56,2.0,22.3,13.6,66
2016-01-27,2.4,4.5,72,0.00,268,1.08,0.0,34.6,24.0,65
2016-01-28,0.2,5.7,86,0.00,163,0.38,0.0,24.6,11.3,73
2016-01-29,1.9,5.0,71,3.90,266,1.14,6.0,39.7,29.0,58
2016-01-30,-2.2,0.3,74,0.00,264,0.56,0.0,14.8,13.0,66
2016-01-31,-6.1,-3.0,81,0.00,295,0.30,0.0,14.8,10.1,68
2016-02-01,-7.6,-2.9,66,0.00,339,0.42,0.0,14.5,6.3,54
2016-02-02,-5.7,-3.0,80,0.00,253,0.35,0.0,9.3,7.0,63
2016-02-03,-7.0,-4.1,79,0.00,282,0.38,0.0,10.7,6.1,65
2016-02-04,-9.1,-3.5,83,1.00,118,0.25,5.0,14.1,10.5,74
2016-02-05,-4.5,5.0,82,0.60,208,0.45,3.0,16.3,11.1,64
2016-02-06,1.4,3.5,80,4.00,260,0.63,10.0,45.7,24.9,60
2016-02-07,-1.8,-0.3,69,0.00,276,0.93,0.0,31.1,21.4,55
2016-02-08,-1.1,3.4,78,0.90,241,0.54,6.0,12.8,9.8,63
2016-02-09,2.6,6.4,81,0.00,251,0.70,0.0,17.0,11.6,61
2016-02-10,-1.1,4.2,84,0.10,61,0.43,1.0,19.6,13.3,70
2016-02-11,-4.7,-3.6,78,1.70,94,0.45,8.0,20.4,13.2,73
2016-02-12,-8.5,-4.7,77,0.00,122,0.46,0.0,23.1,19.5,73
2016-02-13,-4.6,2.8,81,1.70,205,0.63,5.0,22.2,17.9,68
2016-02-14,-0.6,2.6,79,0.00,260,0.74,0.0,17.9,13.7,66
2016-02-15,-0.2,1.4,88,8.70,271,0.51,14.0,9.7,7.5,72
2016-02-16,-1.5,3.9,85,0.00,173,0.61,0.0,9.1,7.4,60
2016-02-17,-0.2,2.9,75,0.00,284,0.70,0.0,20.5,10.9,66
2016-02-18,-2.1,0.8,87,0.00,110,0.51,0.0,23.0,16.5,77
2016-02-19,-8.6,0.4,75,1.00,329,0.49,5.0,21.1,12.2,56
2016-02-20,-11.2,-5.7,66,0.00,79,0.53,0.0,10.0,8.4,58
2016-02-21,-3.6,2.8,75,0.00,256,0.86,0.0,16.0,11.6,51
2016-02-22,-2.9,1.5,72,0.00,269,0.90,0.0,20.6,14.7,60
2016-02-23,-1.6,1.0,71,0.00,272,1.05,0.0,23.4,21.8,55
2016-02-24,-2.1,2.1,71,0.00,252,0.90,0.0,17.3,8.3,52
2016-02-25,-1.1,5.2,66,0.20,224,1.25,1.0,18.6,15.6,53
2016-02-26,2.7,7.8,62,0.00,252,1.55,0.0,17.9,14.3,48
2016-02-27,1.5,5.9,84,5.30,287,0.59,13.0,16.8,12.5,60
2016-02-28,-3.8,-0.1,74,0.00,14,0.64,0.0,20.9,14.4,40
2016-02-29,-12.2,-3.1,58,0.00,124,0.86,0.0,24.9,16.4,41
2016-03-01,-4.1,3.1,77,0.00,258,1.01,0.0,14.1,8.9,55
2016-03-02,-2.9,3.5,76,0.00,74,0.95,0.0,12.3,8.5,51
2016-03-03,-0.8,2.4,82,0.30,95,0.68,3.0,14.9,11.2,56
2016-03-04,-2.3,0.9,81,0.80,116,0.69,4.0,23.8,12.0,73
2016-03-05,0.3,5.5,80,0.40,150,0.95,1.0,24.3,12.1,59
2016-03-06,-1.6,3.3,91,0.20,77,0.48,1.0,18.4,11.2,79
2016-03-07,-1.2,1.1,90,3.40,164,0.64,7.0,18.8,11.5,73
2016-03-08,-2.5,5.5,85,0.00,164,1.15,0.0,10.5,8.2,55
2016-03-09,0.7,7.7,71,0.00,175,1.34,0.0,8.5,6.5,34
2016-03-10,0.2,5.6,81,0.50,124,1.02,1.0,24.8,17.5,54
2016-03-11,2.8,5.4,72,0.00,256,1.28,0.0,26.2,17.6,52
2016-03-12,2.0,6.8,68,0.00,114,1.56,0.0,22.9,14.1,56
2016-03-13,1.5,5.8,85,3.10,292,0.72,11.0,19.7,12.3,62
2016-03-14,-0.8,2.7,84,0.00,325,0.76,0.0,14.3,9.1,69
2016-03-15,-0.5,2.5,79,0.40,314,0.88,4.0,15.3,10.1,63
2016-03-16,-2.6,2.2,74,0.00,338,0.93,0.0,19.7,11.3,60
2016-03-17,-3.2,-0.0,68,0.00,321,1.25,0.0,19.2,16.2,52
2016-03-18,-1.0,5.2,62,0.00,261,1.44,0.0,13.3,6.2,30
2016-03-19,-0.5,4.2,61,0.00,134,1.59,0.0,15.8,13.2,46
2016-03-20,-0.0,5.1,73,0.00,100,1.41,0.0,15.6,10.8,53
2016-03-21,-0.8,3.9,77,1.70,80,0.86,9.0,17.8,15.1,58
2016-03-22,-2.1,1.0,78,1.50,121,0.89,11.0,16.7,12.9,62
2016-03-23,-0.7,2.9,82,1.50,281,1.11,6.0,13.2,7.5,64
2016-03-24,-2.0,2.2,81,1.40,75,0.94,8.0,18.0,13.8,65
2016-03-25,-0.3,5.2,78,0.30,226,1.39,3.0,12.6,10.1,54
2016-03-26,1.7,6.1,74,0.00,275,1.81,0.0,13.8,7.1,52
2016-03-27,1.8,8.3,73,0.00,126,1.84,0.0,11.6,9.5,43
2016-03-28,2.7,7.9,77,0.00,212,1.84,0.0,19.0,12.8,46
2016-03-29,2.9,7.6,68,0.00,262,1.71,0.0,15.6,13.3,47
2016-03-30,5.7,9.8,72,0.10,288,1.74,1.0,16.7,13.5,54
2016-03-31,3.0,10.2,77,0.20,348,1.93,1.0,14.6,7.6,43
2016-04-01,5.7,14.5,71,0.00,246,2.50,0.0,8.0,5.8,42
2016-04-02,8.7,14.5,60,0.00,251,3.06,0.0,27.0,16.9,37
2016-04-03,4.3,12.4,77,0.50,311,1.80,2.0,24.6,12.6,43
2016-04-04,2.2,7.0,69,0.00,109,1.65,0.0,18.8,14.9,54
2016-04-05,3.3,9.4,81,4.40,235,1.37,13.0,20.2,12.7,46
2016-04-06,5.7,8.7,68,2.60,276,2.25,10.0,32.4,21.5,50
2016-04-07,4.7,11.4,63,0.20,270,2.61,1.0,16.9,8.4,34
2016-04-08,5.2,13.1,61,0.80,125,2.53,3.0,26.7,18.3,35
2016-04-09,4.8,12.6,79,4.60,295,1.47,11.0,30.3,23.2,50
2016-04-10,0.1,6.5,55,0.00,5,2.39,0.0,23.5,9.0,35
2016-04-11,3.0,13.0,58,0.00,135,2.57,0.0,14.8,11.0,36
2016-04-12,8.5,16.0,64,0.00,238,2.80,0.0,12.6,7.4,34
2016-04-13,7.2,15.0,74,1.90,299,1.63,6.0,16.4,7.0,40
2016-04-14,2.5,5.7,81,0.60,307,1.70,4.0,15.7,10.5,48
2016-04-15,2.7,11.2,62,0.00,137,2.62,0.0,18.8,11.2,44
2016-04-16,7.6,16.3,63,0.20,190,3.40,2.0,20.2,12.7,27
2016-04-17,11.0,19.9,52,0.00,171,3.76,0.0,13.8,8.2,30
2016-04-18,13.3,21.9,50,0.00,139,4.44,0.0,24.1,14.7,26
2016-04-19,13.4,20.8,39,0.00,230,4.99,0.0,27.9,20.0,25
2016-04-20,6.7,13.9,45,0.00,326,3.61,0.0,20.1,12.8,26
2016-04-21,4.6,10.8,52,0.00,92,3.30,0.0,18.4,15.9,37
2016-04-22,5.0,10.1,47,0.70,86,2.74,2.0,20.6,18.4,39
2016-04-23,3.2,6.8,71,1.50,111,1.46,8.0,23.7,19.8,42
2016-04-24,2.5,5.9,84,0.00,131,1.37,0.0,22.1,18.7,64
2016-04-25,3.3,6.3,79,0.00,130,1.19,0.0,15.6,9.0,68
2016-04-26,6.0,13.1,72,0.00,204,2.92,0.0,15.1,9.1,27
2016-04-27,9.0,16.5,56,0.00,84,3.55,0.0,11.5,8.0,28
2016-04-28,9.3,14.6,62,0.00,137,3.09,0.0,23.8,16.2,38
2016-04-29,10.3,15.1,53,0.00,148,3.65,0.0,21.8,17.6,41
2016-04-30,10.8,15.9,60,0.00,244,3.33,0.0,14.8,9.3,29
2016-05-01,11.4,20.7,47,0.00,240,4.47,0.0,16.3,12.1,28
2016-05-02,16.9,26.4,53,0.00,201,4.80,0.0,13.6,7.0,25
2016-05-03,18.9,26.8,43,0.00,175,5.75,0.0,18.0,11.9,22
2016-05-04,18.3,26.5,41,0.00,268,5.14,0.0,21.3,12.1,26
2016-05-05,13.1,18.7,41,0.00,290,4.33,0.0,18.9,13.3,26
2016-05-06,12.0,19.7,41,0.00,264,4.55,0.0,17.2,8.6,22
2016-05-07,16.7,26.9,37,0.00,210,5.45,0.0,13.2,10.0,19
2016-05-08,13.3,26.8,52,1.60,276,4.07,5.0,40.7,24.1,21
2016-05-09,5.8,9.1,76,1.50,308,2.11,8.0,36.0,24.0,44
2016-05-10,7.8,14.0,55,0.00,292,3.55,0.0,16.4,7.5,24
2016-05-11,8.4,13.8,52,0.00,56,3.61,0.0,16.7,13.1,25
2016-05-12,7.3,12.6,45,0.00,47,3.98,0.0,16.1,12.6,27
2016-05-13,9.3,15.9,45,0.00,41,3.85,0.0,10.0,6.1,22
2016-05-14,11.9,19.1,43,0.00,74,4.53,0.0,10.7,5.6,22
2016-05-15,14.0,20.4,42,0.00,142,4.95,0.0,12.3,7.2,22
2016-05-16,15.6,24.3,39,0.00,146,5.86,0.0,15.4,13.3,22
2016-05-17,17.2,23.9,46,0.00,260,5.44,0.0,23.1,15.0,23
2016-05-18,16.0,20.7,52,0.20,244,4.55,1.0,14.8,11.3,29
2016-05-19,9.5,16.5,97,31.80,27,0.59,23.0,31.9,18.5,61
2016-05-20,3.6,5.9,99,29.40,20,0.35,24.0,25.9,18.2,97
2016-05-21,3.1,4.0,99,15.00,314,0.35,24.0,15.9,14.4,96
2016-05-22,5.0,8.1,99,10.70,354,0.51,24.0,22.1,16.4,97
2016-05-23,9.1,16.5,79,4.00,346,3.48,5.0,14.6,9.7,37
2016-05-24,12.0,16.9,68,0.00,143,4.02,0.0,17.3,10.1,36
2016-05-25,13.8,20.9,70,0.00,139,4.42,0.0,18.1,8.9,46
2016-05-26,15.1,19.8,73,0.00,318,3.91,0.0,14.3,6.3,37
2016-05-27,12.9,20.0,86,5.30,276,1.82,13.0,9.8,6.4,38
2016-05-28,11.3,13.7,87,1.40,231,1.92,10.0,19.6,9.9,53
2016-05-29,10.9,15.6,76,5.00,16,2.90,4.0,13.7,7.9,52
2016-05-30,9.1,12.4,91,7.00,322,1.32,22.0,18.8,15.8,61
2016-05-31,11.8,17.7,64,0.00,6,3.75,0.0,13.1,5.2,37
2016-06-01,13.7,18.2,63,0.70,177,3.69,1.0,15.3,9.4,45
2016-06-02,14.6,19.1,75,0.90,167,3.18,2.0,9.9,6.8,55
2016-06-03,13.8,19.5,71,2.00,255,4.33,3.0,24.9,19.4,38
2016-06-04,16.4,19.6,54,0.00,260,5.62,0.0,25.2,20.7,35
2016-06-05,16.6,22.1,51,0.00,269,5.67,0.0,19.1,10.0,34
2016-06-06,18.5,25.8,56,0.00,143,5.18,0.0,20.4,13.0,35
2016-06-07,20.1,24.1,62,0.20,260,5.16,1.0,14.6,11.9,37
2016-06-08,17.0,23.6,73,7.90,76,2.52,9.0,22.1,12.7,41
2016-06-09,12.6,17.4,97,26.00,28,0.74,21.0,24.3,17.4,87
2016-06-10,13.1,19.2,78,1.20,348,3.16,5.0,19.4,10.9,41
2016-06-11,13.4,19.1,76,9.80,125,1.85,10.0,25.0,17.8,43
2016-06-12,11.9,17.6,89,12.30,246,1.98,24.0,26.4,20.8,61
2016-06-13,15.2,19.1,53,0.00,257,5.70,0.0,28.4,22.9,38
2016-06-14,15.0,18.9,75,2.00,55,3.48,3.0,9.7,5.7,40
2016-06-15,11.3,18.8,92,25.90,215,1.19,24.0,39.8,16.3,62
2016-06-16,8.7,11.7,83,18.90,219,1.72,24.0,37.9,30.9,65
2016-06-17,10.7,16.2,85,12.30,284,2.73,22.0,32.0,23.3,54
2016-06-18,14.7,18.8,66,0.00,258,4.22,0.0,20.6,13.2,53
2016-06-19,15.4,18.9,75,1.30,302,3.97,5.0,23.2,13.0,40
2016-06-20,16.5,23.2,68,0.00,261,5.20,0.0,19.6,6.9,40
2016-06-21,18.4,23.1,65,0.20,163,4.74,1.0,12.9,8.5,44
2016-06-22,17.5,21.5,79,0.00,224,4.22,0.0,15.0,8.9,58
2016-06-23,17.6,21.6,76,0.80,256,4.39,2.0,13.7,9.0,52
2016-06-24,16.4,21.5,85,7.80,321,2.56,13.0,10.9,8.0,52
2016-06-25,15.9,20.1,86,10.30,310,3.26,20.0,13.8,10.8,69
2016-06-26,17.5,22.5,76,2.20,264,4.47,5.0,16.2,12.8,45
2016-06-27,19.2,23.8,64,0.00,253,5.21,0.0,15.5,11.7,44
2016-06-28,20.9,25.1,66,0.00,272,4.99,0.0,8.4,5.7,46
2016-06-29,21.5,25.5,68,0.00,89,4.97,0.0,12.0,8.1,46
2016-06-30,19.4,23.0,80,3.70,131,3.51,6.0,20.7,17.6,64
2016-07-01,17.6,22.0,87,3.70,155,3.40,9.0,18.1,9.9,59
2016-07-02,17.8,21.7,87,17.60,168,3.15,17.0,15.5,9.2,66
2016-07-03,17.1,19.6,90,15.50,198,2.12,15.0,23.9,13.3,78
2016-07-04,14.9,18.1,66,0.20,267,4.04,1.0,20.6,17.9,50
2016-07-05,15.4,18.4,73,1.10,285,2.95,4.0,14.4,11.7,53
2016-07-06,16.2,18.8,81,7.00,298,3.17,12.0,12.6,9.0,61
2016-07-07,15.6,19.2,84,0.20,45,3.14,2.0,6.1,3.7,57
2016-07-08,16.6,20.6,81,0.20,97,3.02,2.0,14.0,10.4,56
2016-07-09,16.5,21.8,88,9.50,98,3.28,12.0,14.2,7.5,62
2016-07-10,16.6,19.0,93,8.60,340,2.00,16.0,8.5,4.5,84
2016-07-11,16.5,20.7,91,5.60,306,3.04,12.0,10.1,5.1,67
2016-07-12,18.2,21.8,79,0.60,350,3.98,3.0,15.2,9.5,57
2016-07-13,17.5,20.4,78,0.30,338,3.68,2.0,12.8,9.8,61
2016-07-14,16.8,20.9,78,0.80,32,3.88,5.0,14.8,8.3,56
2016-07-15,17.8,21.4,76,0.00,69,3.90,0.0,6.6,4.9,50
2016-07-16,18.6,22.5,76,0.50,292,4.35,3.0,18.7,10.0,51
2016-07-17,17.6,21.5,79,1.10,349,3.41,2.0,15.8,11.5,54
2016-07-18,18.0,23.0,75,0.10,153,3.87,1.0,12.1,7.7,55
2016-07-19,19.3,23.7,77,0.00,224,4.37,0.0,15.5,10.2,56
2016-07-20,18.3,23.8,89,12.30,266,1.87,15.0,17.7,13.1,55
2016-07-21,16.8,18.7,83,4.20,265,2.94,11.0,24.1,19.1,66
2016-07-22,16.2,23.0,82,1.10,221,3.60,5.0,22.0,12.3,48
2016-07-23,17.4,21.8,68,0.00,263,3.79,0.0,25.2,19.0,55
2016-07-24,17.6,22.3,65,0.00,252,4.71,0.0,29.2,19.3,48
2016-07-25,17.8,21.8,66,0.00,265,4.12,0.0,25.7,9.5,48
2016-07-26,19.6,24.5,70,0.00,224,4.39,0.0,13.8,7.7,44
2016-07-27,20.4,25.3,66,0.00,262,4.82,0.0,11.9,8.5,44
2016-07-28,21.2,25.3,72,0.70,278,3.85,2.0,7.7,5.0,47
2016-07-29,20.2,25.1,77,0.90,241,4.29,1.0,14.5,9.1,45
2016-07-30,19.7,25.0,75,0.60,258,3.92,3.0,15.9,9.9,46
2016-07-31,15.5,20.8,86,24.40,300,1.96,18.0,19.2,12.7,56
2016-08-01,15.1,20.0,91,38.10,293,2.55,23.0,24.3,20.6,67
2016-08-02,17.4,21.4,82,4.00,284,3.34,7.0,18.2,10.1,57
2016-08-03,17.3,20.0,89,5.60,292,2.73,12.0,11.2,4.7,66
2016-08-04,17.0,21.4,85,4.50,293,3.09,10.0,8.4,4.1,63
2016-08-05,17.6,22.3,86,0.30,111,3.16,2.0,12.3,10.4,59
2016-08-06,18.5,22.5,77,0.80,106,3.08,3.0,14.5,13.1,57
2016-08-07,18.7,22.2,76,0.00,101,2.69,0.0,16.8,14.7,58
2016-08-08,18.6,22.0,79,5.20,125,3.03,7.0,15.0,9.6,60
2016-08-09,16.7,19.7,94,6.60,135,2.06,16.0,12.7,8.2,84
2016-08-10,17.4,22.1,87,3.80,168,2.90,6.0,13.1,5.9,68
2016-08-11,17.1,20.1,85,3.40,274,2.56,9.0,20.7,13.7,66
2016-08-12,17.0,21.3,80,0.70,272,3.50,3.0,15.4,13.1,51
2016-08-13,18.6,24.0,72,0.20,245,3.72,1.0,13.3,8.2,48
2016-08-14,19.2,24.0,76,0.40,246,3.54,1.0,10.7,7.1,54
2016-08-15,19.4,24.2,73,0.00,252,3.89,0.0,14.1,11.9,48
2016-08-16,19.3,23.7,73,0.00,245,3.75,0.0,21.0,13.7,50
2016-08-17,17.3,21.4,65,0.00,277,4.11,0.0,23.8,15.9,49
2016-08-18,15.4,18.7,77,1.70,311,3.19,9.0,21.1,15.6,51
2016-08-19,15.1,20.1,76,1.10,183,2.39,5.0,18.6,9.9,50
2016-08-20,16.4,21.7,85,0.00,199,2.36,0.0,9.4,6.3,58
2016-08-21,16.7,20.6,85,4.80,276,1.93,14.0,13.0,7.4,61
2016-08-22,14.0,17.1,98,24.60,25,0.59,23.0,31.7,20.4,87
2016-08-23,14.2,18.8,86,5.50,352,2.42,10.0,31.5,18.1,51
2016-08-24,16.1,20.9,77,1.00,269,3.04,1.0,18.9,12.7,60
2016-08-25,15.2,18.7,87,7.20,303,2.03,11.0,17.5,15.1,68
2016-08-26,15.5,20.3,77,0.00,207,2.70,0.0,14.1,9.2,54
2016-08-27,15.0,19.1,92,7.10,197,1.05,17.0,16.4,11.7,64
2016-08-28,10.0,15.6,86,12.30,332,1.69,18.0,33.1,24.8,60
2016-08-29,10.5,16.3,74,0.00,109,2.48,0.0,16.9,10.9,57
2016-08-30,13.7,19.4,73,0.30,107,3.14,2.0,24.5,19.0,59
2016-08-31,14.4,19.1,77,1.80,109,1.92,6.0,19.2,16.0,62
2016-09-01,13.6,17.8,94,7.40,344,0.75,10.0,23.1,11.3,80
2016-09-02,11.3,13.1,90,0.80,280,1.07,5.0,22.7,13.3,78
2016-09-03,9.2,11.6,96,15.50,293,0.42,21.0,31.6,20.9,87
2016-09-04,7.1,9.7,85,3.40,304,1.29,5.0,26.0,14.5,59
2016-09-05,9.1,14.3,74,0.00,167,1.86,0.0,15.4,8.9,55
2016-09-06,10.3,13.7,86,1.10,177,1.90,7.0,11.2,6.3,71
2016-09-07,11.0,16.4,82,0.00,227,2.32,0.0,14.7,10.6,58
2016-09-08,11.7,16.2,77,0.00,262,2.36,0.0,20.6,12.7,59
2016-09-09,11.3,15.3,83,1.80,280,1.79,3.0,17.2,10.8,57
2016-09-10,12.9,15.6,76,4.10,241,2.36,7.0,32.4,21.3,56
2016-09-11,7.9,13.6,85,6.30,323,1.15,18.0,28.5,24.3,64
2016-09-12,8.3,13.7,67,0.00,280,2.23,0.0,16.9,12.0,48
2016-09-13,12.0,19.9,63,0.00,228,3.18,0.0,19.5,16.0,47
2016-09-14,15.4,19.4,64,0.00,255,3.35,0.0,19.4,16.2,52
2016-09-15,14.8,20.1,70,0.00,240,2.73,0.0,15.8,10.5,48
2016-09-16,15.8,20.6,67,0.00,235,2.95,0.0,17.6,12.7,50
2016-09-17,14.7,19.0,75,0.20,246,2.08,1.0,19.8,13.3,60
2016-09-18,12.3,15.7,72,0.20,267,2.11,2.0,25.1,19.6,61
2016-09-19,9.8,12.5,83,4.30,290,1.50,16.0,18.6,16.1,65
2016-09-20,9.3,12.0,81,0.10,307,1.35,1.0,12.2,7.0,59
2016-09-21,9.2,14.8,76,0.00,233,1.84,0.0,8.7,7.3,49
2016-09-22,10.5,16.5,70,0.00,152,2.36,0.0,23.3,14.2,51
2016-09-23,10.8,15.5,78,0.10,150,1.41,1.0,24.4,22.1,56
2016-09-24,10.4,13.2,69,0.00,251,2.40,0.0,28.1,21.2,48
2016-09-25,10.5,15.5,60,0.00,261,2.69,0.0,21.6,15.3,46
2016-09-26,13.3,21.8,69,0.00,176,2.41,0.0,13.0,10.0,46
2016-09-27,13.8,19.7,61,0.00,255,2.88,0.0,31.7,22.9,39
2016-09-28,9.6,13.8,55,0.00,249,2.62,0.0,27.0,12.8,42
2016-09-29,9.1,14.7,69,0.00,131,2.04,0.0,14.3,7.9,47
2016-09-30,9.4,13.5,81,5.00,72,0.81,14.0,20.2,13.7,57
2016-10-01,5.2,7.8,93,13.30,70,0.35,20.0,28.6,24.3,81
2016-10-02,4.5,7.5,90,13.50,286,0.77,17.0,24.9,18.3,57
2016-10-03,6.4,11.6,80,0.00,235,1.39,0.0,17.7,7.4,57
2016-10-04,5.2,10.5,79,0.00,57,0.92,0.0,18.0,14.1,61
2016-10-05,2.4,5.5,72,0.00,63,1.00,0.0,18.5,14.4,56
2016-10-06,-0.4,2.7,73,0.00,65,1.04,0.0,13.6,10.6,56
2016-10-07,-1.1,1.5,81,0.00,118,0.65,0.0,24.4,19.5,66
2016-10-08,-0.4,0.7,83,2.00,123,0.56,7.0,23.1,19.5,74
2016-10-09,0.0,2.2,83,5.20,50,0.60,21.0,19.1,14.0,65
2016-10-10,0.2,2.6,80,1.80,9,0.67,12.0,14.5,8.9,56
2016-10-11,-0.2,4.2,75,0.00,251,0.94,0.0,15.5,10.0,51
2016-10-12,0.1,3.1,80,0.00,294,0.80,0.0,13.3,8.3,65
2016-10-13,-1.0,1.3,79,0.80,111,0.60,3.0,22.5,18.3,69
2016-10-14,-1.5,-0.8,87,6.10,79,0.36,13.0,20.0,16.2,78
2016-10-15,-1.9,0.7,84,0.60,101,0.48,3.0,16.1,10.9,73
2016-10-16,-1.1,0.9,86,5.10,122,0.46,7.0,23.1,17.5,79
2016-10-17,-1.1,0.4,87,0.00,311,0.43,0.0,17.6,11.6,77
2016-10-18,-0.8,0.7,77,0.00,301,0.51,0.0,15.2,9.0,73
2016-10-19,0.6,6.1,83,0.00,208,0.75,0.0,11.8,7.0,66
2016-10-20,0.6,4.6,92,0.00,149,0.59,0.0,16.8,11.3,79
2016-10-21,3.3,7.3,88,0.70,254,0.84,5.0,18.0,12.3,61
2016-10-22,2.1,7.3,79,0.00,185,0.80,0.0,12.8,9.5,65
2016-10-23,1.8,5.2,90,0.00,329,0.48,0.0,13.9,9.1,78
2016-10-24,0.4,2.2,93,0.00,111,0.32,0.0,21.6,18.3,83
2016-10-25,0.9,2.2,93,2.00,102,0.24,13.0,19.2,14.8,88
2016-10-26,0.9,2.8,94,6.30,278,0.36,14.0,17.9,11.8,80
2016-10-27,0.4,1.6,94,1.20,92,0.25,5.0,15.5,12.0,85
2016-10-28,0.2,1.3,92,1.10,84,0.26,7.0,12.9,9.6,84
2016-10-29,1.3,6.6,91,0.00,167,0.52,0.0,6.9,5.7,70
2016-10-30,1.3,3.4,94,0.60,156,0.33,5.0,12.3,8.1,83
2016-10-31,1.1,1.9,90,0.00,272,0.39,0.0,14.1,11.9,72
2016-11-01,-2.0,-0.3,70,0.80,351,0.58,5.0,11.6,9.9,55
2016-11-02,-1.4,5.1,76,0.00,155,0.65,0.0,17.8,12.5,60
2016-11-03,3.3,10.7,82,0.00,182,0.89,0.0,19.5,15.1,54
2016-11-04,5.6,13.3,71,0.00,186,1.06,0.0,17.1,12.4,54
2016-11-05,6.6,12.7,70,0.00,159,0.92,0.0,18.1,11.8,57
2016-11-06,5.3,8.7,82,0.00,256,0.56,0.0,18.4,11.0,70
2016-11-07,3.9,8.1,79,0.00,207,0.69,0.0,18.1,12.4,65
2016-11-08,6.8,16.3,79,0.00,154,0.88,0.0,18.7,14.3,61
2016-11-09,10.2,12.8,63,0.00,243,1.57,0.0,23.4,18.3,59
2016-11-10,4.0,7.3,72,0.00,206,0.94,0.0,27.2,14.6,57
2016-11-11,5.0,10.1,72,0.00,174,1.10,0.0,28.7,17.5,57
2016-11-12,6.0,8.9,85,0.00,182,0.37,0.0,12.5,8.6,74
2016-11-13,5.3,9.4,92,0.00,240,0.48,0.0,15.2,9.8,70
2016-11-14,4.8,6.0,79,0.60,249,0.76,5.0,30.3,19.8,56
2016-11-15,2.6,5.0,63,0.00,257,1.10,0.0,23.9,15.9,59
2016-11-16,0.3,2.0,88,0.00,341,0.29,0.0,12.3,5.1,78
2016-11-17,-3.4,-1.0,70,0.00,347,0.42,0.0,14.9,10.6,58
2016-11-18,-4.9,-3.0,69,0.00,81,0.37,0.0,12.1,8.8,62
2016-11-19,-3.7,-2.5,79,0.50,100,0.38,4.0,23.5,17.6,68
2016-11-20,-3.8,-2.6,85,0.60,132,0.28,4.0,21.3,17.0,78
2016-11-21,-2.9,-0.9,87,0.30,140,0.24,2.0,20.4,10.4,81
2016-11-22,-2.7,-1.4,89,0.10,129,0.20,1.0,26.8,10.3,84
2016-11-23,-2.7,-1.1,87,0.00,146,0.29,0.0,28.1,20.4,75
2016-11-24,-3.5,-0.7,89,0.00,145,0.22,0.0,21.5,10.7,79
2016-11-25,-2.9,-0.8,88,0.90,145,0.25,7.0,25.7,15.4,84
2016-11-26,-3.6,-1.1,84,0.00,251,0.27,0.0,18.8,11.9,74
2016-11-27,-2.7,-1.0,86,1.80,76,0.21,8.0,14.1,10.8,78
2016-11-28,-5.1,-1.8,88,0.00,276,0.21,0.0,11.5,8.6,77
2016-11-29,-6.4,-2.9,86,0.00,261,0.21,0.0,11.6,8.4,72
2016-11-30,-7.3,-5.6,90,0.00,139,0.15,0.0,23.6,19.0,86
2016-12-01,-4.7,-1.6,87,0.50,187,0.20,3.0,19.0,12.3,76
2016-12-02,-6.2,-2.8,84,0.40,158,0.22,2.0,19.4,11.9,73
2016-12-03,-3.5,1.4,75,0.00,221,0.56,0.0,22.9,16.8,52
2016-12-04,-4.4,-0.6,66,3.20,282,0.73,13.0,26.6,23.6,58
2016-12-05,-17.8,-12.7,63,0.70,305,0.32,7.0,26.0,24.0,58
2016-12-06,-20.9,-19.8,69,0.00,301,0.20,0.0,22.0,19.6,64
2016-12-07,-22.1,-20.8,74,0.00,301,0.12,0.0,18.1,12.0,65
2016-12-08,-23.2,-20.8,75,0.00,13,0.07,0.0,7.9,4.6,64
2016-12-09,-23.2,-20.9,75,0.00,127,0.10,0.0,16.1,12.4,68
2016-12-10,-23.5,-21.4,74,0.00,141,0.10,0.0,16.1,9.8,65
2016-12-11,-24.0,-20.8,73,0.00,274,0.14,0.0,23.4,19.7,69
2016-12-12,-15.6,-12.6,76,0.00,284,0.25,0.0,29.0,26.0,71
2016-12-13,-13.3,-12.3,71,0.00,294,0.34,0.0,30.2,24.2,64
2016-12-14,-16.2,-14.3,70,0.00,271,0.22,0.0,16.4,13.2,64
2016-12-15,-19.0,-16.6,80,0.00,304,0.10,0.0,16.5,13.5,71
2016-12-16,-22.7,-20.6,79,0.00,284,0.07,0.0,16.1,9.2,76
2016-12-17,-27.6,-18.6,74,0.00,160,0.06,0.0,7.4,5.8,65
2016-12-18,-8.7,-0.7,76,1.70,264,0.42,10.0,31.3,21.3,68
2016-12-19,-0.5,0.7,73,2.20,261,0.71,10.0,35.8,24.9,62
2016-12-20,-4.3,-1.4,71,0.00,259,0.58,0.0,27.7,20.1,66
2016-12-21,-2.0,2.2,62,0.00,254,1.00,0.0,31.3,24.0,50
2016-12-22,-0.9,0.5,72,0.00,253,0.64,0.0,23.0,16.0,58
2016-12-23,-7.8,-3.2,88,0.00,11,0.10,0.0,9.2,7.2,78
2016-12-24,-11.2,-9.3,84,0.00,79,0.12,0.0,13.9,11.2,76
2016-12-25,-15.6,-11.6,82,0.00,136,0.08,0.0,11.1,9.1,76
2016-12-26,-18.6,-12.7,78,0.00,144,0.14,0.0,15.3,12.8,67
2016-12-27,-8.6,-1.6,73,0.00,206,0.41,0.0,22.9,16.6,62
2016-12-28,-2.8,-1.9,77,2.00,273,0.50,10.0,24.6,22.3,67
2016-12-29,-5.9,-2.8,77,0.00,253,0.37,0.0,23.8,15.8,72
2016-12-30,-9.3,-5.1,84,0.00,249,0.19,0.0,20.8,12.2,68
2016-12-31,-5.7,-4.3,84,4.80,300,0.25,17.0,22.8,17.0,68
2017-01-01,-10.5,-8.9,80,0.90,296,0.23,7.0,22.1,17.2,76
2017-01-02,-18.8,-11.6,84,0.30,221,0.09,3.0,16.6,7.8,72
2017-01-03,-23.4,-16.0,77,0.00,251,0.10,0.0,17.3,7.9,66
2017-01-04,-10.4,-6.1,87,0.30,292,0.15,3.0,20.8,14.1,83
2017-01-05,-7.2,-6.2,87,4.00,311,0.13,24.0,14.5,8.5,72
2017-01-06,-15.7,-10.2,81,0.10,110,0.14,1.0,18.8,14.6,70
2017-01-07,-17.4,-15.0,78,0.60,30,0.13,6.0,17.2,11.8,67
2017-01-08,-23.6,-20.0,74,0.00,323,0.08,0.0,12.0,6.8,60
2017-01-09,-22.9,-19.4,76,0.40,295,0.11,4.0,16.1,12.8,73
2017-01-10,-21.1,-19.4,74,1.00,293,0.13,6.0,21.8,14.9,63
2017-01-11,-15.0,-10.0,70,0.60,290,0.38,4.0,37.6,26.5,52
2017-01-12,-22.3,-15.8,72,0.00,68,0.17,0.0,24.5,12.4,58
2017-01-13,-11.5,-4.2,72,0.00,298,0.36,0.0,20.2,13.4,65
2017-01-14,-3.7,4.4,64,0.00,296,0.64,0.0,24.7,12.0,52
2017-01-15,3.0,5.2,64,0.00,280,1.21,0.0,27.0,23.1,55
2017-01-16,1.3,3.3,68,0.00,273,0.56,0.0,23.9,10.4,57
2017-01-17,2.5,4.8,82,0.70,344,0.25,4.0,11.5,5.3,72
2017-01-18,1.0,4.7,88,0.00,104,0.31,0.0,10.7,7.8,74
2017-01-19,-1.3,1.5,85,0.10,130,0.23,1.0,10.5,6.1,75
2017-01-20,-1.0,1.4,85,0.00,24,0.31,0.0,11.8,7.4,67
2017-01-21,-5.5,-1.9,89,0.00,205,0.16,0.0,13.1,9.9,81
2017-01-22,-7.8,-6.3,83,0.30,95,0.21,3.0,12.1,8.4,67
2017-01-23,-11.0,-7.3,75,0.00,106,0.31,0.0,13.8,11.1,61
2017-01-24,-12.0,-6.3,78,0.00,99,0.24,0.0,9.8,6.3,64
2017-01-25,-10.6,-2.4,81,0.00,110,0.29,0.0,8.4,5.7,61
2017-01-26,-2.6,3.1,80,0.00,291,0.53,0.0,21.7,15.6,64
2017-01-27,1.7,4.7,67,0.00,285,1.01,0.0,28.5,19.8,50
2017-01-28,3.2,6.0,69,0.00,297,0.97,0.0,29.6,16.3,58
2017-01-29,3.8,7.3,67,0.00,284,1.12,0.0,28.7,16.7,47
2017-01-30,0.3,4.3,74,0.60,285,0.80,5.0,39.6,27.5,55
2017-01-31,-8.6,-3.0,65,1.60,312,0.62,12.0,29.6,20.9,56
2017-02-01,-9.1,-8.2,71,0.00,298,0.45,0.0,19.3,16.1,58
2017-02-02,-10.9,-8.9,68,0.00,286,0.43,0.0,16.1,14.2,56
2017-02-03,-12.0,-10.7,75,0.20,309,0.28,2.0,14.5,8.3,53
2017-02-04,-15.5,-13.4,72,0.10,296,0.28,1.0,14.9,11.6,59
2017-02-05,-18.0,-14.7,71,0.10,300,0.23,1.0,13.5,10.8,55
2017-02-06,-23.4,-17.6,68,0.00,151,0.21,0.0,8.4,6.0,47
2017-02-07,-21.6,-17.2,66,0.00,290,0.24,0.0,18.2,10.7,51
2017-02-08,-16.9,-8.8,67,0.00,292,0.43,0.0,19.1,14.3,44
2017-02-09,-15.9,-9.5,59,0.00,114,0.38,0.0,15.3,9.1,38
2017-02-10,-12.2,-7.2,73,1.60,112,0.33,10.0,17.4,12.0,58
2017-02-11,-6.0,1.0,67,0.00,281,0.91,0.0,27.8,16.8,49
2017-02-12,2.2,7.0,49,0.00,272,1.96,0.0,29.9,23.2,36
2017-02-13,4.7,7.6,59,0.00,282,1.82,0.0,31.4,21.5,40
2017-02-14,5.1,14.2,73,0.00,308,1.10,0.0,12.4,8.9,48
2017-02-15,4.6,12.3,65,0.20,102,0.94,2.0,17.8,6.4,46
2017-02-16,5.5,12.8,71,0.00,116,1.06,0.0,21.5,8.2,46
2017-02-17,2.9,7.4,89,2.50,282,0.38,5.0,24.7,15.5,74
2017-02-18,0.5,3.9,84,0.10,283,0.57,1.0,17.3,9.1,57
2017-02-19,0.5,2.5,83,7.10,102,0.55,17.0,18.8,13.9,72
2017-02-20,-2.0,0.4,82,0.20,285,0.60,2.0,15.9,12.5,61
2017-02-21,-4.8,-2.7,75,0.00,297,0.68,0.0,14.1,10.9,54
2017-02-22,-6.5,-4.0,76,0.20,291,0.56,2.0,21.5,13.5,54
2017-02-23,-6.3,-3.6,71,0.20,312,0.67,2.0,15.5,8.7,48
2017-02-24,-8.9,-5.8,69,0.60,319,0.47,6.0,16.6,9.5,53
2017-02-25,-11.5,-6.3,66,0.60,283,0.48,5.0,16.3,8.7,55
2017-02-26,-11.6,-7.3,66,0.50,310,0.60,4.0,25.0,19.8,51
2017-02-27,-13.1,-7.5,63,0.00,282,0.58,0.0,16.3,6.3,50
2017-02-28,-12.1,-8.3,70,0.00,294,0.57,0.0,10.7,6.3,49
2017-03-01,-12.6,-8.9,65,0.50,95,0.54,5.0,14.9,11.3,53
2017-03-02,-13.8,-2.4,69,0.00,115,0.72,0.0,19.6,12.0,43
2017-03-03,-5.9,0.6,75,0.40,99,0.74,4.0,18.4,13.5,53
2017-03-04,-12.3,-0.9,67,2.10,330,0.44,15.0,15.6,10.1,55
2017-03-05,-16.6,-8.8,70,0.70,103,0.61,5.0,10.7,7.4,43
2017-03-06,-14.3,-10.1,63,0.00,87,0.53,0.0,9.4,4.7,46
2017-03-07,-18.2,-11.8,68,0.00,308,0.39,0.0,16.4,11.9,50
2017-03-08,-19.8,-14.5,56,0.00,124,0.52,0.0,11.0,7.4,30
2017-03-09,-20.0,-13.2,59,0.00,115,0.54,0.0,10.8,8.7,34
2017-03-10,-19.0,-14.2,62,0.30,107,0.45,3.0,17.4,14.0,37
2017-03-11,-16.6,-11.8,65,0.30,114,0.53,3.0,15.6,13.9,46
2017-03-12,-14.0,-9.0,65,0.90,119,0.68,9.0,23.0,16.4,47
2017-03-13,-10.3,0.3,66,0.40,122,1.05,3.0,24.9,22.7,44
2017-03-14,-3.6,10.3,67,0.00,102,1.60,0.0,18.3,14.1,38
2017-03-15,2.5,7.4,66,0.00,342,1.63,0.0,21.6,15.4,28
2017-03-16,-0.4,5.4,54,0.20,173,1.24,2.0,10.1,6.7,30
2017-03-17,-0.2,9.0,68,0.50,125,1.70,3.0,15.8,8.2,28
2017-03-18,1.0,9.2,75,0.00,115,1.57,0.0,16.9,13.5,40
2017-03-19,-0.9,7.0,73,4.00,295,1.22,7.0,32.5,19.0,48
2017-03-20,-8.3,-2.7,51,0.10,312,1.39,1.0,23.6,15.4,25
2017-03-21,-6.1,0.3,57,0.00,120,1.20,0.0,29.2,16.9,30
2017-03-22,-1.4,2.3,68,0.20,111,1.18,2.0,24.2,12.8,57
2017-03-23,-1.3,4.3,80,1.60,117,1.05,8.0,15.0,9.4,60
2017-03-24,-0.1,5.3,73,0.00,119,1.24,0.0,25.2,12.5,48
2017-03-25,1.8,10.6,77,0.30,115,1.80,2.0,22.0,7.9,38
2017-03-26,2.1,8.6,75,1.50,295,1.73,8.0,10.3,7.9,35
2017-03-27,2.5,8.1,75,0.00,119,1.45,0.0,16.3,11.7,41
2017-03-28,3.1,10.6,82,0.30,121,1.61,3.0,16.3,12.6,43
2017-03-29,4.2,10.8,70,0.20,154,2.02,1.0,11.2,6.1,41
2017-03-30,2.9,10.5,81,0.60,118,1.65,3.0,13.1,6.2,43
2017-03-31,3.5,12.2,74,0.00,214,1.77,0.0,9.5,6.9,34
2017-04-01,5.2,11.2,65,0.00,288,2.16,0.0,19.9,9.8,43
2017-04-02,4.5,7.8,64,0.00,283,2.25,0.0,25.8,19.0,47
2017-04-03,3.1,7.0,73,0.00,288,1.94,0.0,23.5,16.6,42
2017-04-04,1.1,6.7,66,0.20,294,2.09,2.0,14.5,9.4,33
2017-04-05,2.6,12.3,67,0.00,124,2.11,0.0,22.7,13.9,39
2017-04-06,5.3,11.5,64,0.00,303,2.44,0.0,16.6,10.3,28
2017-04-07,5.4,12.2,66,1.00,279,1.75,5.0,13.3,7.0,40
2017-04-08,4.4,8.7,70,0.70,81,1.96,3.0,10.4,6.5,39
2017-04-09,1.4,9.6,63,0.00,116,2.27,0.0,15.1,12.1,37
2017-04-10,2.8,8.4,67,0.10,120,1.74,1.0,13.3,10.8,38
2017-04-11,2.1,9.5,80,0.00,287,1.91,0.0,12.3,8.6,44
2017-04-12,3.5,8.3,65,1.20,99,2.38,3.0,15.8,7.5,30
2017-04-13,2.1,6.9,61,2.60,101,1.70,11.0,21.3,17.1,36
2017-04-14,1.5,4.6,95,20.70,69,0.55,24.0,19.1,11.2,70
2017-04-15,-1.6,0.9,80,12.40,359,0.92,21.0,12.1,9.5,59
2017-04-16,-2.9,6.8,72,0.00,128,2.04,0.0,10.9,6.6,49
2017-04-17,-0.7,6.1,82,2.70,94,1.18,10.0,14.2,8.6,63
2017-04-18,-3.7,-0.4,80,5.70,89,1.05,22.0,12.2,9.6,68
2017-04-19,-3.1,3.5,80,0.20,103,1.86,2.0,8.6,5.5,64
2017-04-20,3.0,10.4,76,0.70,96,2.63,2.0,15.9,10.2,50
2017-04-21,1.8,8.9,71,0.00,89,1.52,0.0,17.6,10.1,55
2017-04-22,0.7,6.8,68,0.10,89,2.25,1.0,13.8,7.4,33
2017-04-23,-1.4,4.6,62,4.90,100,1.37,14.0,21.2,15.5,28
2017-04-24,0.3,3.1,78,5.40,78,1.13,24.0,16.5,8.4,61
2017-04-25,1.2,6.1,76,3.60,83,1.95,20.0,14.0,6.1,47
2017-04-26,0.8,5.8,75,0.00,131,1.75,0.0,19.6,16.3,48
2017-04-27,1.8,8.2,71,0.00,135,2.18,0.0,15.8,11.3,42
2017-04-28,3.7,11.4,64,0.00,147,2.71,0.0,12.3,6.2,33
2017-04-29,5.9,12.5,68,0.80,207,3.10,4.0,11.2,6.2,33
2017-04-30,5.6,12.0,73,0.60,130,2.47,3.0,14.3,8.8,44
2017-05-01,6.1,11.3,74,0.30,296,2.83,2.0,14.5,12.6,47
2017-05-02,6.9,10.9,66,1.00,289,2.95,4.0,22.8,14.0,48
2017-05-03,6.9,14.1,57,0.00,155,2.95,0.0,17.4,8.5,42
2017-05-04,9.9,16.6,63,0.10,283,2.39,1.0,12.3,8.1,44
2017-05-05,12.8,24.5,62,0.00,122,3.78,0.0,19.8,12.3,34
2017-05-06,14.4,23.7,64,0.40,280,3.30,1.0,22.0,15.1,36
2017-05-07,7.9,15.1,65,4.20,289,3.30,7.0,35.2,20.4,40
2017-05-08,8.6,14.9,48,0.00,299,4.06,0.0,19.5,11.3,28
2017-05-09,9.6,16.0,57,0.00,304,3.93,0.0,13.9,9.7,27
2017-05-10,10.1,18.1,55,0.00,121,3.25,0.0,13.5,6.6,26
2017-05-11,12.0,20.3,61,0.10,118,4.12,1.0,19.6,11.8,34
2017-05-12,12.3,20.1,61,3.80,102,3.20,9.0,27.1,22.6,33
2017-05-13,6.0,10.7,85,13.10,95,0.99,18.0,18.5,15.8,61
2017-05-14,4.3,8.0,91,1.70,312,1.25,9.0,16.0,10.2,68
2017-05-15,4.1,8.5,87,3.20,348,1.64,21.0,8.9,4.8,62
2017-05-16,6.0,9.5,73,1.10,75,2.19,5.0,13.8,9.2,58
2017-05-17,5.3,12.5,68,0.10,112,3.26,1.0,15.6,9.7,29
2017-05-18,7.9,15.1,65,1.60,124,3.51,4.0,15.5,9.8,30
2017-05-19,10.7,16.8,62,0.30,253,3.75,1.0,19.8,7.7,40
2017-05-20,11.1,18.4,61,0.00,285,4.35,0.0,16.6,9.6,32
2017-05-21,13.3,21.4,54,0.00,294,4.91,0.0,13.3,9.8,30
2017-05-22,15.2,23.4,58,0.00,328,4.43,0.0,12.6,6.7,32
2017-05-23,16.4,21.3,53,0.00,297,4.72,0.0,13.7,7.3,32
2017-05-24,13.9,22.0,65,7.70,354,2.75,13.0,31.6,14.4,31
2017-05-25,12.1,16.3,53,0.00,320,4.17,0.0,21.8,16.5,35
2017-05-26,13.1,19.4,62,0.00,287,4.23,0.0,19.2,12.1,38
2017-05-27,15.1,20.8,54,0.00,294,4.81,0.0,22.5,11.2,27
2017-05-28,13.0,20.3,53,0.00,349,5.02,0.0,19.7,7.5,29
2017-05-29,13.0,20.9,56,0.00,119,5.02,0.0,14.8,10.3,29
2017-05-30,15.7,23.8,47,0.00,128,5.71,0.0,19.9,15.9,27
2017-05-31,17.8,25.4,56,0.00,111,5.16,0.0,17.4,12.8,35
2017-06-01,17.9,23.7,60,0.40,292,4.34,3.0,18.3,8.1,33
2017-06-02,14.9,22.1,78,10.80,272,1.81,12.0,20.7,13.2,40
2017-06-03,15.8,23.3,58,0.10,264,5.11,1.0,18.0,12.4,28
2017-06-04,15.1,22.3,60,1.60,287,4.01,6.0,17.2,11.3,34
2017-06-05,14.4,20.3,64,0.00,291,4.58,0.0,18.9,11.4,25
2017-06-06,15.5,24.3,53,0.00,173,5.52,0.0,19.1,9.8,26
2017-06-07,18.0,24.5,54,0.00,121,5.47,0.0,16.3,12.2,26
2017-06-08,20.2,26.5,49,0.00,111,6.40,0.0,24.5,17.3,32
2017-06-09,19.0,25.7,53,0.30,108,4.25,1.0,21.3,14.3,31
2017-06-10,14.3,18.4,63,1.50,332,4.38,4.0,15.9,9.7,32
2017-06-11,12.0,17.7,61,1.40,321,3.51,4.0,19.5,13.4,34
2017-06-12,14.4,21.8,65,4.10,197,3.91,5.0,14.0,9.0,31
2017-06-13,15.9,21.8,53,0.00,290,5.40,0.0,14.4,10.3,27
2017-06-14,15.9,20.5,63,0.10,42,3.32,1.0,17.1,8.3,29
2017-06-15,12.4,16.8,84,4.30,352,2.20,13.0,12.4,7.2,59
2017-06-16,13.2,17.0,85,9.50,115,2.15,10.0,13.8,9.9,54
2017-06-17,15.3,18.5,51,0.00,284,5.29,0.0,24.5,17.8,31
2017-06-18,13.6,18.1,48,0.50,273,4.64,3.0,24.4,12.2,30
2017-06-19,13.0,20.4,62,0.50,307,4.71,1.0,25.1,9.6,35
2017-06-20,15.7,19.9,73,7.20,131,3.19,11.0,13.5,8.1,33
2017-06-21,13.0,15.1,59,2.60,279,4.12,4.0,38.3,29.0,40
2017-06-22,10.8,14.6,72,7.10,309,3.49,12.0,35.8,24.9,37
2017-06-23,12.8,19.2,60,0.00,283,4.61,0.0,17.9,11.5,32
2017-06-24,15.7,19.9,61,0.00,285,4.74,0.0,17.4,13.1,36
2017-06-25,16.3,24.4,65,0.00,131,5.17,0.0,19.8,10.4,37
2017-06-26,19.7,25.2,57,0.00,121,5.13,0.0,20.6,16.1,38
2017-06-27,14.8,23.8,84,32.80,277,2.13,15.0,31.4,19.6,50
2017-06-28,13.1,16.9,82,8.90,311,2.50,19.0,26.5,14.2,57
2017-06-29,15.8,22.1,76,0.00,299,4.03,0.0,12.5,9.0,51
2017-06-30,18.6,22.0,69,0.50,283,4.13,3.0,23.1,11.4,47
2017-07-01,17.8,24.3,73,1.70,129,4.06,2.0,14.7,8.7,47
2017-07-02,19.1,24.9,74,1.60,148,4.41,3.0,15.3,7.5,46
2017-07-03,18.1,24.2,71,5.50,269,4.77,7.0,21.7,12.4,32
2017-07-04,16.3,20.5,41,0.00,267,6.57,0.0,26.8,20.9,33
2017-07-05,16.7,21.5,47,0.00,278,5.94,0.0,18.1,14.7,35
2017-07-06,16.9,23.2,59,0.00,290,5.20,0.0,15.5,8.2,36
2017-07-07,19.2,27.1,65,0.00,100,5.44,0.0,9.8,7.3,39
2017-07-08,20.1,26.8,74,1.60,334,4.98,2.0,14.0,9.7,43
2017-07-09,19.6,26.5,71,0.00,125,4.78,0.0,15.2,8.7,45
2017-07-10,17.7,22.8,73,2.60,298,3.76,4.0,18.0,12.7,35
2017-07-11,16.3,18.9,70,2.20,306,3.31,8.0,12.6,8.4,43
2017-07-12,16.0,22.4,80,0.10,123,3.48,1.0,11.8,7.3,58
2017-07-13,17.7,24.8,80,8.70,130,3.87,5.0,20.9,7.5,51
2017-07-14,17.6,23.5,84,6.80,297,3.49,7.0,16.9,9.3,52
2017-07-15,19.9,27.0,74,0.40,119,4.55,3.0,20.8,9.8,51
2017-07-16,18.5,26.7,74,3.10,286,3.44,4.0,26.3,16.7,41
2017-07-17,13.2,16.8,72,4.30,280,2.55,8.0,26.1,22.2,45
2017-07-18,11.2,14.2,85,6.30,282,1.81,12.0,20.8,9.4,62
2017-07-19,15.2,22.3,75,0.00,264,3.95,0.0,14.7,7.8,48
2017-07-20,17.3,24.0,77,1.80,121,3.72,1.0,12.4,7.6,49
2017-07-21,16.5,21.2,89,10.40,314,2.36,12.0,18.2,9.2,61
2017-07-22,18.8,23.0,66,0.20,268,4.20,2.0,14.1,9.5,47
2017-07-23,17.9,21.9,65,0.10,265,3.57,1.0,16.9,11.6,54
2017-07-24,12.4,17.1,93,36.60,292,1.10,23.0,26.8,20.7,64
2017-07-25,15.9,22.8,74,0.00,287,4.27,0.0,22.9,10.1,58
2017-07-26,18.3,26.2,77,0.00,126,4.53,0.0,12.5,6.8,42
2017-07-27,19.3,25.1,77,0.40,134,3.64,3.0,13.1,8.3,53
2017-07-28,17.9,21.3,68,0.00,277,4.43,0.0,18.8,15.5,47
2017-07-29,17.0,21.9,69,0.00,296,4.34,0.0,14.0,6.9,45
2017-07-30,17.9,22.2,78,7.90,289,3.87,6.0,17.4,9.1,42
2017-07-31,17.3,21.0,57,0.00,274,4.84,0.0,18.7,15.1,47
2017-08-01,15.1,19.9,81,3.40,290,2.63,11.0,14.7,5.5,50
2017-08-02,14.6,20.9,79,0.00,136,3.46,0.0,14.5,6.6,50
2017-08-03,16.3,23.5,77,0.00,116,3.65,0.0,13.3,7.8,50
2017-08-04,16.6,22.5,86,18.90,323,2.33,20.0,17.4,9.6,55
2017-08-05,15.6,20.2,86,1.00,108,2.97,3.0,11.8,6.1,60
2017-08-06,16.5,22.5,80,0.00,107,3.64,0.0,10.5,4.1,52
2017-08-07,15.1,20.5,85,4.00,66,2.10,11.0,9.7,6.9,65
2017-08-08,14.9,21.4,80,0.00,89,3.54,0.0,10.4,7.0,57
2017-08-09,16.7,23.3,77,0.00,110,3.98,0.0,10.8,5.2,40
2017-08-10,17.6,24.3,79,0.50,115,3.72,1.0,15.7,5.0,49
2017-08-11,17.8,24.7,80,0.00,124,3.96,0.0,13.8,8.8,45
2017-08-12,19.0,25.2,66,0.00,130,4.78,0.0,22.3,15.8,41
2017-08-13,19.5,25.8,61,0.00,123,4.90,0.0,20.6,15.2,44
2017-08-14,16.1,20.2,78,15.00,281,3.41,11.0,18.9,16.1,53
2017-08-15,15.9,18.9,59,0.00,274,4.13,0.0,25.7,17.5,46
2017-08-16,15.4,19.2,65,0.20,273,3.10,1.0,19.7,8.4,48
2017-08-17,17.2,21.7,62,0.00,268,4.19,0.0,17.4,14.2,47
2017-08-18,17.8,21.0,61,0.20,235,3.19,2.0,16.8,10.8,43
2017-08-19,15.0,20.0,48,0.00,273,4.62,0.0,30.0,24.2,39
2017-08-20,14.4,17.5,50,0.00,273,4.31,0.0,23.9,19.6,40
2017-08-21,14.7,19.0,61,0.20,279,3.47,2.0,20.0,11.7,43
2017-08-22,17.6,22.4,72,0.50,282,3.38,3.0,10.6,8.5,58
2017-08-23,18.0,24.6,74,0.20,117,3.34,2.0,15.7,11.3,52
2017-08-24,17.6,23.6,81,7.50,128,2.72,4.0,25.3,9.3,50
2017-08-25,12.2,17.5,73,9.40,267,2.49,12.0,35.3,25.1,42
2017-08-26,15.5,21.1,56,0.00,268,3.90,0.0,17.4,12.9,45
2017-08-27,18.2,21.6,60,0.00,272,3.90,0.0,19.7,13.1,50
2017-08-28,17.0,20.2,68,0.00,281,3.54,0.0,16.9,12.7,45
2017-08-29,14.4,21.3,70,0.00,131,2.95,0.0,18.7,9.6,40
2017-08-30,17.4,25.3,61,0.00,115,4.34,0.0,19.5,16.7,43
2017-08-31,17.8,23.9,66,0.00,281,3.67,0.0,23.2,14.8,41
2017-09-01,16.4,19.3,48,0.00,275,4.46,0.0,26.6,19.2,39
2017-09-02,14.7,18.2,66,4.20,273,1.98,5.0,20.2,10.5,44
2017-09-03,13.0,17.2,82,0.20,281,2.23,2.0,16.4,12.0,48
2017-09-04,13.1,17.3,66,0.00,295,3.12,0.0,15.2,8.6,34
2017-09-05,14.0,24.1,67,0.00,108,3.21,0.0,9.4,7.2,42
2017-09-06,16.6,26.0,73,0.00,124,3.20,0.0,10.2,5.7,36
2017-09-07,18.9,27.6,68,0.00,116,3.78,0.0,16.3,11.2,35
2017-09-08,18.4,26.0,76,0.40,289,2.57,2.0,18.4,11.1,44
2017-09-09,14.8,18.1,93,9.10,120,1.38,14.0,10.5,7.2,85
2017-09-10,14.1,17.6,66,1.40,275,3.31,2.0,38.2,23.7,33
2017-09-11,15.1,21.5,54,0.10,239,3.09,1.0,27.1,12.2,41
2017-09-12,14.3,20.9,58,0.00,288,3.28,0.0,24.9,17.7,47
2017-09-13,9.8,13.9,75,0.90,346,1.79,7.0,13.7,7.7,50
2017-09-14,8.1,11.1,81,1.30,295,1.43,10.0,9.0,5.8,55
2017-09-15,6.4,12.5,83,0.10,127,1.93,1.0,14.6,8.3,44
2017-09-16,7.8,14.1,73,0.00,136,2.35,0.0,20.2,14.8,42
2017-09-17,8.6,15.1,68,0.00,128,2.49,0.0,20.4,16.6,45
2017-09-18,9.6,14.9,69,0.00,114,2.23,0.0,20.8,17.6,51
2017-09-19,8.9,14.1,86,12.00,36,0.60,12.0,21.3,10.8,54
2017-09-20,6.8,8.8,99,18.60,40,0.23,24.0,21.2,15.1,96
2017-09-21,4.9,6.7,96,14.10,341,0.49,24.0,22.3,17.4,84
2017-09-22,5.5,9.8,84,0.80,335,1.13,6.0,12.6,5.4,56
2017-09-23,6.9,11.8,77,0.00,133,1.54,0.0,14.3,10.8,53
2017-09-24,7.6,12.8,82,0.00,117,1.19,0.0,11.0,8.1,63
2017-09-25,12.4,16.3,78,1.00,277,1.77,4.0,13.5,9.5,60
2017-09-26,12.9,16.0,73,0.00,280,2.19,0.0,15.9,12.6,59
2017-09-27,13.4,17.2,76,0.00,281,1.96,0.0,13.8,10.5,63
2017-09-28,12.7,20.2,80,0.00,116,2.12,0.0,17.1,10.4,52
2017-09-29,13.9,20.2,70,0.00,108,2.50,0.0,16.3,12.6,53
2017-09-30,13.0,18.8,70,0.00,278,2.06,0.0,27.4,16.5,53
2017-10-01,8.9,13.6,66,1.10,305,1.74,4.0,29.1,24.2,50
2017-10-02,2.9,5.0,67,2.50,323,1.59,7.0,27.6,24.2,47
2017-10-03,4.3,11.8,60,0.00,296,1.83,0.0,20.6,9.5,34
2017-10-04,8.4,12.8,62,0.00,293,2.02,0.0,18.2,11.0,48
2017-10-05,9.6,17.4,74,0.00,113,1.67,0.0,9.2,6.3,55
2017-10-06,13.2,15.3,43,0.00,271,3.13,0.0,26.6,17.9,36
2017-10-07,6.8,12.4,74,10.20,284,1.15,13.0,38.5,25.1,48
2017-10-08,1.7,5.4,68,3.10,310,1.24,9.0,29.2,24.8,51
2017-10-09,4.2,10.4,74,1.50,266,1.34,5.0,28.5,12.4,44
2017-10-10,5.4,9.3,66,0.30,270,1.23,3.0,18.3,11.5,50
2017-10-11,1.7,4.8,86,14.00,9,0.46,24.0,16.3,10.5,71
2017-10-12,0.3,2.6,76,1.90,328,0.93,9.0,11.8,7.2,46
2017-10-13,0.4,3.2,82,2.50,283,0.78,14.0,14.8,8.4,64
2017-10-14,1.5,7.3,67,0.00,248,1.17,0.0,23.1,13.8,45
2017-10-15,4.5,12.2,75,0.00,260,1.13,0.0,21.6,12.5,48
2017-10-16,8.8,11.5,58,1.00,269,1.96,2.0,27.8,17.7,48
2017-10-17,4.9,6.9,97,9.50,99,0.26,14.0,36.7,8.5,89
2017-10-18,3.2,6.6,71,2.30,279,1.31,4.0,38.2,22.2,46
2017-10-19,5.2,12.9,67,0.40,122,1.59,1.0,22.2,12.0,51
2017-10-20,4.5,9.2,80,0.20,260,0.86,2.0,18.2,11.0,62
2017-10-21,4.3,7.2,68,0.00,282,1.23,0.0,16.2,12.1,44
2017-10-22,1.2,6.7,82,0.80,103,0.52,4.0,14.7,9.9,67
2017-10-23,6.4,8.9,62,0.00,282,1.82,0.0,28.0,22.9,52
2017-10-24,9.7,14.3,56,0.10,276,2.23,1.0,38.5,20.7,43
2017-10-25,2.4,7.0,89,18.10,48,0.48,20.0,21.1,15.2,62
2017-10-26,-0.3,6.3,74,0.00,281,0.82,0.0,17.4,9.3,54
2017-10-27,3.4,9.7,75,0.00,268,0.75,0.0,12.9,6.7,51
2017-10-28,9.4,13.4,65,0.00,292,1.75,0.0,28.4,18.8,51
2017-10-29,3.6,8.2,66,0.70,306,1.32,6.0,29.3,26.6,53
2017-10-30,0.8,5.0,71,0.00,285,0.82,0.0,21.1,10.0,32
2017-10-31,1.1,3.3,82,7.30,304,0.37,14.0,25.2,10.9,58
2017-11-01,-2.0,0.8,79,4.60,356,0.41,23.0,16.3,12.4,64
2017-11-02,-6.8,-4.5,67,2.00,25,0.48,15.0,15.1,8.9,50
2017-11-03,-11.4,-8.3,75,0.00,117,0.38,0.0,11.3,8.8,47
2017-11-04,-14.1,-7.7,83,0.00,144,0.28,0.0,11.8,6.8,59
2017-11-05,-7.3,-5.0,70,1.70,293,0.57,16.0,23.4,18.4,47
2017-11-06,-6.9,0.2,61,0.00,284,0.64,0.0,21.3,10.1,28
2017-11-07,-6.2,-3.9,64,1.10,306,0.59,11.0,22.4,14.7,48
2017-11-08,-9.6,-7.4,67,0.60,284,0.36,6.0,12.1,7.6,58
2017-11-09,-11.1,-8.0,78,0.00,126,0.31,0.0,25.1,16.8,67
2017-11-10,-7.2,-6.0,74,0.00,286,0.44,0.0,22.5,14.8,61
2017-11-11,-8.6,-2.5,79,0.00,177,0.30,0.0,14.5,8.0,71
2017-11-12,-7.7,-5.4,79,0.00,117,0.29,0.0,21.9,12.8,72
2017-11-13,-6.4,-4.5,82,0.50,131,0.26,4.0,15.3,8.5,69
2017-11-14,-8.3,-4.9,77,8.10,90,0.26,16.0,11.7,8.2,66
2017-11-15,-10.7,-9.8,80,0.90,111,0.24,9.0,26.8,18.7,73
2017-11-16,-13.3,-12.3,80,1.20,293,0.20,7.0,18.8,12.7,71
2017-11-17,-16.0,-13.9,76,0.00,286,0.24,0.0,18.4,15.5,68
2017-11-18,-12.8,-4.3,75,0.20,107,0.20,2.0,11.2,6.2,68
2017-11-19,-7.1,-3.1,88,7.80,103,0.18,16.0,19.5,13.2,83
2017-11-20,-15.3,-3.5,74,1.60,291,0.28,5.0,33.3,26.2,67
2017-11-21,-19.0,-13.7,73,0.00,118,0.21,0.0,18.9,12.1,63
2017-11-22,-12.1,-5.3,78,0.30,94,0.22,3.0,16.9,9.7,73
2017-11-23,-1.7,6.8,76,1.10,103,0.64,4.0,27.6,16.4,54
2017-11-24,0.3,4.2,85,0.60,298,0.39,2.0,23.7,13.3,71
2017-11-25,-2.3,-0.5,86,0.30,313,0.21,3.0,18.1,11.7,74
2017-11-26,-8.4,-6.6,82,3.20,104,0.22,9.0,27.4,18.1,80
2017-11-27,-6.8,-5.7,86,8.40,289,0.23,10.0,29.3,20.3,78
2017-11-28,-7.6,-3.8,76,0.00,316,0.27,0.0,24.6,10.2,65
2017-11-29,-1.9,2.2,75,0.00,279,0.57,0.0,24.5,15.5,66
2017-11-30,0.8,2.7,71,0.00,269,0.72,0.0,21.7,16.6,60
2017-12-01,-3.7,1.2,77,0.00,249,0.30,0.0,18.9,9.0,64
2017-12-02,-5.8,-3.0,82,0.00,284,0.24,0.0,16.4,10.1,71
2017-12-03,-8.6,-6.8,83,0.00,287,0.17,0.0,17.8,11.5,78
2017-12-04,-8.9,-5.2,84,0.80,305,0.14,8.0,13.9,8.0,76
2017-12-05,-0.1,1.4,73,0.90,285,0.81,4.0,33.5,27.3,67
2017-12-06,-2.3,1.9,80,0.00,287,0.43,0.0,24.7,17.1,71
2017-12-07,2.2,4.7,68,0.00,287,0.92,0.0,23.2,20.3,58
2017-12-08,1.7,4.5,66,0.00,293,0.93,0.0,24.4,18.2,53
2017-12-09,4.2,6.0,55,0.00,293,1.58,0.0,27.9,23.6,50
2017-12-10,4.0,5.6,63,0.00,288,1.24,0.0,41.6,25.0,56
2017-12-11,0.1,3.0,80,0.00,291,0.34,0.0,28.1,11.1,72
2017-12-12,2.8,5.0,76,0.00,299,0.60,0.0,33.3,18.3,60
2017-12-13,1.7,3.3,79,0.00,285,0.61,0.0,30.3,24.3,72
2017-12-14,-1.9,2.8,85,0.00,296,0.23,0.0,23.9,8.9,69
2017-12-15,3.3,4.7,72,0.40,285,0.92,4.0,31.1,26.3,64
2017-12-16,-1.6,1.0,71,0.00,283,0.76,0.0,32.8,24.6,63
2017-12-17,0.8,4.0,61,0.00,274,0.80,0.0,33.0,16.7,53
2017-12-18,-3.0,0.9,67,0.00,281,0.75,0.0,24.8,22.6,58
2017-12-19,-10.5,-4.4,69,0.00,320,0.26,0.0,21.2,11.2,55
2017-12-20,-9.7,-4.4,56,0.00,355,0.18,0.0,7.8,3.8,47
2017-12-21,-6.8,-4.8,64,1.10,296,0.53,7.0,27.4,17.4,49
2017-12-22,-8.0,-7.0,75,1.10,287,0.39,11.0,24.8,21.5,65
2017-12-23,-8.4,-7.4,79,3.30,291,0.31,21.0,26.3,20.5,74
2017-12-24,-14.3,-9.7,70,0.40,316,0.26,3.0,25.8,16.3,61
2017-12-25,-23.3,-20.5,72,0.00,312,0.08,0.0,14.0,9.0,61
2017-12-26,-25.4,-20.1,71,0.00,106,0.09,0.0,12.7,8.5,58
2017-12-27,-22.6,-21.1,71,0.00,295,0.13,0.0,20.0,14.4,63
2017-12-28,-21.7,-18.4,69,0.50,303,0.15,5.0,22.7,16.0,54
2017-12-29,-29.0,-26.7,70,0.00,315,0.05,0.0,10.2,6.6,57
2017-12-30,-28.4,-24.5,65,0.00,110,0.11,0.0,15.6,13.4,51
2017-12-31,-27.0,-22.9,65,0.00,104,0.14,0.0,19.2,16.0,50
2018-01-01,-23.9,-13.6,66,0.00,90,0.15,0.0,15.1,12.0,50
2018-01-02,-5.4,-2.0,80,0.00,298,0.37,0.0,28.5,18.6,57
2018-01-03,-2.6,0.4,85,0.00,306,0.22,0.0,13.8,11.2,72
2018-01-04,-2.6,-0.6,88,0.00,313,0.17,0.0,13.8,8.4,82
2018-01-05,-5.3,-3.3,91,0.00,101,0.15,0.0,19.1,16.5,81
2018-01-06,-3.1,2.5,81,0.20,289,0.47,2.0,28.5,16.2,61
2018-01-07,-1.5,-0.0,69,0.00,283,0.82,0.0,27.4,22.5,60
2018-01-08,-4.1,-2.3,85,0.50,72,0.15,3.0,10.5,6.4,76
2018-01-09,-16.1,-7.2,70,9.20,59,0.16,23.0,13.0,9.8,65
2018-01-10,-24.3,-20.9,66,0.90,312,0.14,9.0,16.7,13.5,61
2018-01-11,-28.0,-25.1,70,0.00,283,0.10,0.0,17.9,10.9,57
2018-01-12,-30.3,-21.8,68,0.00,106,0.10,0.0,15.9,10.7,56
2018-01-13,-19.5,-6.7,70,0.00,26,0.25,0.0,24.2,13.8,53
2018-01-14,-10.5,-6.6,82,0.00,308,0.19,0.0,22.3,12.5,69
2018-01-15,-15.6,-10.1,76,0.00,103,0.26,0.0,23.9,21.2,69
2018-01-16,-11.4,-7.6,83,0.00,100,0.23,0.0,22.7,17.2,68
2018-01-17,-1.8,3.7,75,1.50,298,0.59,4.0,23.9,15.3,57
2018-01-18,-1.3,4.4,80,0.20,99,0.40,2.0,17.7,11.1,66
2018-01-19,1.1,2.9,81,2.30,281,0.52,13.0,22.0,18.8,74
2018-01-20,-4.3,-1.0,89,0.00,297,0.20,0.0,13.2,8.4,78
2018-01-21,-7.1,-4.7,87,0.00,104,0.18,0.0,26.1,12.8,80
2018-01-22,-5.5,-4.1,85,0.80,103,0.31,8.0,24.9,14.3,74
2018-01-23,-7.2,-2.0,81,0.00,309,0.30,0.0,12.0,5.6,61
2018-01-24,-7.9,-4.9,84,0.30,107,0.27,1.0,15.8,14.3,67
2018-01-25,-7.1,-5.4,84,0.50,103,0.21,4.0,17.7,10.9,67
2018-01-26,-12.6,-6.6,77,10.30,317,0.18,24.0,17.0,12.8,69
2018-01-27,-17.6,-15.2,77,1.30,309,0.17,10.0,16.4,6.6,67
2018-01-28,-19.7,-16.2,76,0.30,274,0.16,3.0,15.6,8.2,61
2018-01-29,-16.7,-12.2,76,0.40,114,0.27,3.0,26.8,22.5,72
2018-01-30,-14.5,-11.7,78,1.50,303,0.27,9.0,30.4,23.0,68
2018-01-31,-22.3,-17.6,72,0.00,312,0.19,0.0,24.2,12.1,67
2018-02-01,-21.3,-20.1,74,0.20,16,0.13,2.0,14.3,8.2,66
2018-02-02,-21.3,-19.6,72,3.30,86,0.13,22.0,16.3,9.2,65
2018-02-03,-21.4,-19.7,74,3.80,310,0.16,10.0,22.6,13.0,63
2018-02-04,-21.0,-17.5,64,0.00,297,0.30,0.0,22.7,18.1,54
2018-02-05,-19.4,-16.2,74,0.00,294,0.26,0.0,19.4,12.5,64
2018-02-06,-18.8,-16.1,76,0.00,288,0.25,0.0,23.7,16.7,67
2018-02-07,-19.6,-15.2,74,0.00,286,0.23,0.0,10.9,5.9,57
2018-02-08,-20.0,-17.1,72,0.00,290,0.22,0.0,11.4,8.7,66
2018-02-09,-18.6,-14.1,74,0.00,298,0.27,0.0,19.6,16.3,62
2018-02-10,-12.9,-9.5,68,0.90,290,0.45,8.0,27.8,20.2,60
2018-02-11,-17.3,-10.4,77,0.70,344,0.25,5.0,16.9,8.1,63
2018-02-12,-21.0,-5.7,67,0.00,101,0.45,0.0,18.5,9.6,40
2018-02-13,-2.7,1.1,70,2.30,287,0.82,7.0,33.7,25.4,50
2018-02-14,-6.9,1.6,76,4.50,313,0.42,16.0,22.1,17.6,55
2018-02-15,-16.3,-9.3,69,0.00,298,0.46,0.0,20.0,13.8,52
2018-02-16,-9.1,-7.6,74,1.80,296,0.48,12.0,22.9,17.2,56
2018-02-17,-13.8,-10.4,71,0.00,290,0.44,0.0,24.0,20.1,60
2018-02-18,-15.8,-13.3,72,0.40,297,0.32,4.0,21.8,16.7,52
2018-02-19,-14.5,-10.0,70,0.00,282,0.46,0.0,23.6,17.4,56
2018-02-20,-14.9,-9.9,70,0.20,304,0.38,2.0,22.5,15.4,58
2018-02-21,-17.6,-8.0,68,0.00,275,0.41,0.0,17.9,8.2,42
2018-02-22,-9.0,-4.6,80,0.40,290,0.61,4.0,22.0,16.3,63
2018-02-23,-7.8,-1.7,67,0.50,230,0.58,5.0,17.8,11.1,57
2018-02-24,-4.4,-1.7,75,1.00,291,0.67,5.0,22.3,16.4,68
2018-02-25,-6.9,-2.6,82,1.70,79,0.44,12.0,14.2,6.8,68
2018-02-26,-8.0,-1.1,81,0.10,299,0.67,1.0,12.5,6.9,58
2018-02-27,-1.6,0.1,65,0.00,258,1.09,0.0,25.6,16.1,59
2018-02-28,-5.3,-0.9,75,0.30,287,0.81,2.0,17.7,9.2,64
2018-03-01,-7.8,-2.7,75,0.00,108,0.69,0.0,20.4,13.9,43
2018-03-02,-10.0,-5.0,70,0.60,107,0.59,5.0,25.1,20.2,49
2018-03-03,-8.7,-5.6,76,2.90,101,0.49,18.0,22.7,13.5,63
2018-03-04,-7.4,-4.6,80,3.90,52,0.46,21.0,9.4,5.7,63
2018-03-05,-11.3,-6.8,86,0.00,280,0.54,0.0,11.0,6.0,64
2018-03-06,-11.7,-8.5,75,0.00,294,0.64,0.0,16.1,12.5,62
2018-03-07,-14.3,-5.1,73,0.00,184,0.72,0.0,9.8,6.7,52
2018-03-08,-12.8,-0.8,71,0.00,127,0.82,0.0,17.1,10.8,48
2018-03-09,-5.4,-0.8,77,0.40,129,0.83,4.0,22.9,15.6,53
2018-03-10,-2.5,4.0,67,0.00,294,1.33,0.0,21.5,13.7,52
2018-03-11,-2.6,7.3,75,0.00,147,1.36,0.0,9.6,7.8,43
2018-03-12,-2.5,7.8,73,0.00,113,1.42,0.0,14.1,9.5,46
2018-03-13,-1.8,7.7,76,0.00,122,1.40,0.0,13.2,7.1,50
2018-03-14,-2.2,7.9,77,0.00,116,1.22,0.0,20.6,16.5,48
2018-03-15,-2.1,4.2,79,0.00,112,1.14,0.0,19.7,12.9,52
2018-03-16,-2.4,3.4,81,0.00,108,1.22,0.0,12.8,10.2,57
2018-03-17,-2.9,2.7,81,0.00,252,0.79,0.0,8.7,5.2,64
2018-03-18,-2.4,3.2,77,0.00,86,1.26,0.0,9.5,5.8,42
2018-03-19,-2.3,5.3,72,0.00,109,1.31,0.0,15.4,10.8,50
2018-03-20,0.8,5.2,79,0.00,289,1.37,0.0,13.3,8.7,58
2018-03-21,0.4,3.9,84,4.20,94,0.77,15.0,17.0,10.0,57
2018-03-22,-1.9,2.2,75,0.50,98,0.99,5.0,29.6,20.4,60
2018-03-23,0.1,2.1,82,11.40,109,0.86,23.0,30.6,21.5,72
2018-03-24,-6.2,0.9,82,0.30,300,0.84,2.0,16.9,12.3,61
2018-03-25,-9.1,-3.7,76,1.50,83,0.84,14.0,13.0,7.7,62
2018-03-26,-7.0,-3.7,81,2.60,1,0.72,16.0,18.1,12.0,67
2018-03-27,-8.4,-4.9,78,6.60,79,0.62,16.0,19.1,12.5,64
2018-03-28,-7.8,-3.6,75,0.60,295,0.83,6.0,14.8,11.4,62
2018-03-29,-11.6,-4.3,69,0.20,5,1.00,2.0,13.0,7.6,39
2018-03-30,-14.1,-7.8,66,0.20,334,0.69,2.0,19.8,9.0,40
2018-03-31,-14.5,-8.7,61,0.00,295,0.98,0.0,18.4,15.4,45
2018-04-01,-12.1,-5.8,65,0.00,295,1.10,0.0,13.4,10.2,45
2018-04-02,-12.2,-5.2,72,0.00,288,0.97,0.0,12.7,9.6,45
2018-04-03,-12.1,-6.3,68,0.00,272,1.05,0.0,14.2,7.9,47
2018-04-04,-11.9,-6.6,67,0.00,295,0.88,0.0,21.3,10.3,42
2018-04-05,-12.8,-8.4,70,0.00,297,0.92,0.0,22.3,13.8,50
2018-04-06,-15.2,-6.1,65,0.00,115,1.05,0.0,18.5,11.3,40
2018-04-07,-12.4,-4.4,64,0.00,118,1.18,0.0,23.2,16.2,40
2018-04-08,-8.3,0.7,67,0.00,116,1.47,0.0,21.1,12.7,42
2018-04-09,-4.0,3.1,70,0.00,306,1.74,0.0,10.2,6.9,47
2018-04-10,-1.9,3.7,71,0.00,118,1.76,0.0,14.4,6.2,46
2018-04-11,-2.8,2.9,76,6.60,100,1.00,18.0,16.9,13.8,48
2018-04-12,-2.8,2.8,77,0.00,121,1.56,0.0,16.4,12.6,55
2018-04-13,0.2,7.3,75,0.80,124,1.85,4.0,17.8,12.9,47
2018-04-14,2.9,8.1,72,0.40,116,2.42,4.0,19.9,12.5,39
2018-04-15,1.1,8.4,63,0.00,243,2.11,0.0,10.3,6.3,32
2018-04-16,1.4,5.9,78,1.50,45,1.02,6.0,16.8,9.6,48
2018-04-17,0.6,1.8,90,12.00,60,0.79,19.0,22.4,12.8,79
2018-04-18,0.2,6.0,74,1.50,287,1.98,5.0,19.3,10.7,51
2018-04-19,3.5,14.0,58,0.00,164,3.21,0.0,15.2,9.6,23
2018-04-20,6.7,12.8,54,0.00,282,3.01,0.0,13.8,8.3,30
2018-04-21,5.3,10.4,70,2.10,108,1.46,6.0,19.7,10.0,43
2018-04-22,4.5,8.2,72,3.30,283,1.86,9.0,33.3,29.1,46
2018-04-23,4.5,11.8,59,0.00,297,3.07,0.0,29.1,11.4,37
2018-04-24,8.1,16.6,52,0.00,291,3.63,0.0,21.7,9.9,29
2018-04-25,7.8,13.4,56,0.40,292,3.57,1.0,18.7,14.4,33
2018-04-26,8.9,15.5,55,0.00,298,3.67,0.0,16.3,12.1,35
2018-04-27,10.5,22.2,59,0.00,115,3.94,0.0,14.6,10.1,33
2018-04-28,11.3,21.3,68,0.00,330,3.88,0.0,15.5,7.3,31
2018-04-29,7.6,18.1,62,0.30,305,2.73,3.0,19.7,15.3,32
2018-04-30,6.0,15.1,61,0.00,316,3.13,0.0,10.7,7.0,33
2018-05-01,7.7,14.7,59,0.30,290,3.00,2.0,23.1,16.3,37
2018-05-02,8.0,14.7,56,0.80,274,3.25,2.0,25.7,13.2,42
2018-05-03,8.9,13.5,58,0.00,291,3.41,0.0,21.7,15.6,42
2018-05-04,10.2,15.6,60,0.50,282,3.60,3.0,23.8,15.3,42
2018-05-05,12.5,17.7,53,0.00,291,4.37,0.0,19.2,14.3,41
2018-05-06,12.9,18.7,54,0.00,298,4.35,0.0,15.6,10.4,33
2018-05-07,12.2,20.5,51,0.00,267,4.13,0.0,12.7,9.5,31
2018-05-08,14.9,20.6,52,0.30,287,4.51,2.0,21.6,13.1,30
2018-05-09,7.5,16.3,49,0.00,96,3.85,0.0,20.5,14.4,25
2018-05-10,7.4,12.3,53,0.00,131,2.61,0.0,18.7,14.5,26
2018-05-11,8.6,19.4,69,0.00,206,3.52,0.0,11.7,6.8,37
2018-05-12,15.1,21.0,45,0.00,279,5.14,0.0,21.0,15.4,32
2018-05-13,14.2,20.6,42,0.00,287,5.30,0.0,20.0,15.5,26
2018-05-14,13.7,22.6,51,0.00,56,4.60,0.0,13.6,9.0,28
2018-05-15,16.9,22.3,40,0.00,289,5.68,0.0,23.2,14.0,23
2018-05-16,14.5,21.1,42,0.00,46,4.33,0.0,20.2,9.1,23
2018-05-17,9.7,14.8,90,8.10,49,1.83,17.0,12.7,5.1,48
2018-05-18,11.6,18.4,61,0.00,128,3.18,0.0,12.4,7.5,31
2018-05-19,13.8,21.6,49,0.00,137,4.98,0.0,15.0,12.9,28
2018-05-20,15.1,22.4,53,0.00,135,5.15,0.0,19.4,14.1,30
2018-05-21,16.9,22.0,56,0.50,281,5.00,2.0,17.9,14.2,36
2018-05-22,16.3,24.8,53,0.10,306,5.02,1.0,14.5,8.9,29
2018-05-23,19.3,28.4,47,0.00,126,5.84,0.0,14.6,9.5,22
2018-05-24,20.0,27.8,46,0.00,129,5.57,0.0,15.5,9.4,21
2018-05-25,18.5,23.5,55,0.00,291,5.06,0.0,18.8,13.5,31
2018-05-26,14.6,21.1,55,3.20,287,4.61,4.0,26.6,15.5,26
2018-05-27,13.9,18.9,45,0.00,288,4.80,0.0,19.8,14.1,29
2018-05-28,15.1,19.4,58,0.00,300,4.38,0.0,24.3,12.0,30
2018-05-29,13.5,18.8,34,0.00,295,5.80,0.0,25.7,17.4,21
2018-05-30,11.2,15.1,54,0.80,63,3.30,4.0,15.7,7.6,26
2018-05-31,9.5,15.3,72,0.10,120,3.27,1.0,16.8,10.0,36
2018-06-01,10.4,13.8,71,0.50,121,2.44,4.0,16.1,12.2,46
2018-06-02,11.1,17.6,74,0.10,281,3.58,1.0,21.0,12.2,32
2018-06-03,13.4,20.7,45,0.00,290,5.13,0.0,17.3,9.5,25
2018-06-04,12.3,19.6,72,11.40,92,2.76,16.0,21.1,15.5,27
2018-06-05,10.5,13.8,66,0.70,284,3.59,2.0,21.6,15.0,48
2018-06-06,10.8,18.2,65,2.20,92,3.96,4.0,17.3,9.0,41
2018-06-07,14.9,25.0,59,0.00,128,4.96,0.0,14.5,9.3,26
2018-06-08,17.8,25.0,59,0.90,120,4.41,2.0,14.2,7.7,26
2018-06-09,17.6,22.8,74,0.60,118,3.25,3.0,23.7,11.3,46
2018-06-10,12.4,14.6,91,13.60,296,1.16,17.0,21.9,18.3,79
2018-06-11,8.4,10.9,98,56.20,290,0.40,24.0,46.0,35.6,89
2018-06-12,7.9,8.9,97,37.20,296,0.62,24.0,44.6,35.0,89
2018-06-13,9.3,14.1,86,3.00,307,2.43,11.0,24.9,11.3,61
2018-06-14,10.3,14.7,76,0.10,324,3.19,1.0,11.9,7.1,55
2018-06-15,12.3,15.9,81,0.50,291,2.83,4.0,12.3,6.0,57
2018-06-16,13.9,18.7,75,0.00,285,3.78,0.0,12.7,10.5,53
2018-06-17,16.6,25.0,66,0.00,167,5.10,0.0,8.9,6.7,34
2018-06-18,18.7,25.3,60,0.00,162,5.13,0.0,13.0,5.6,41
2018-06-19,20.3,27.5,60,0.00,222,5.04,0.0,12.0,4.9,37
2018-06-20,21.3,28.1,59,0.00,142,5.95,0.0,14.6,7.9,36
2018-06-21,20.5,27.1,62,0.00,134,5.40,0.0,12.7,10.0,38
2018-06-22,20.3,26.8,76,0.20,269,3.96,2.0,12.8,7.6,45
2018-06-23,18.9,22.0,82,1.50,285,3.44,8.0,16.6,11.0,65
2018-06-24,19.3,24.8,66,0.00,278,5.34,0.0,13.2,8.4,38
2018-06-25,20.1,25.8,69,4.50,128,4.08,2.0,27.7,15.5,40
2018-06-26,14.5,17.0,56,0.00,261,4.09,0.0,28.8,15.6,39
2018-06-27,11.7,14.0,76,6.40,272,2.25,19.0,33.2,25.8,56
2018-06-28,14.2,17.2,64,0.70,285,3.87,6.0,28.8,20.6,51
2018-06-29,14.5,19.0,72,0.70,283,3.97,4.0,18.2,9.8,52
2018-06-30,15.0,18.8,74,5.30,260,3.52,5.0,17.3,10.8,56
2018-07-01,13.7,16.4,74,1.50,268,3.21,7.0,25.4,17.9,69
2018-07-02,12.5,14.5,88,13.60,300,1.82,19.0,27.0,15.1,70
2018-07-03,13.1,17.4,96,20.70,341,1.74,24.0,20.9,14.0,80
2018-07-04,15.0,18.9,80,0.50,331,3.51,5.0,13.2,8.0,56
2018-07-05,16.5,23.2,75,0.00,143,4.34,0.0,19.5,10.5,54
2018-07-06,19.1,23.8,73,0.00,166,4.42,0.0,17.7,10.2,54
2018-07-07,16.9,23.3,66,3.40,276,3.57,6.0,29.8,18.8,55
2018-07-08,13.2,18.9,71,0.20,288,3.99,2.0,20.7,12.3,53
2018-07-09,16.9,23.6,71,0.00,237,4.68,0.0,11.3,6.9,43
2018-07-10,18.0,23.1,76,0.40,144,3.13,1.0,11.9,5.7,52
2018-07-11,19.0,22.8,64,0.00,276,5.04,0.0,23.5,16.3,50
2018-07-12,18.8,22.9,60,0.00,274,5.07,0.0,18.3,15.8,52
2018-07-13,17.0,21.3,73,0.10,281,3.33,1.0,18.5,8.0,51
2018-07-14,13.0,16.8,72,4.80,297,2.69,16.0,32.2,24.3,49
2018-07-15,15.3,23.5,69,0.10,262,4.46,1.0,26.1,9.2,47
2018-07-16,19.4,24.5,65,0.00,236,4.96,0.0,14.5,9.3,46
2018-07-17,21.2,25.1,62,0.00,272,5.35,0.0,14.0,8.8,49
2018-07-18,19.8,24.3,76,4.60,256,3.97,12.0,16.2,8.2,55
2018-07-19,18.4,22.3,77,0.70,292,4.17,2.0,11.4,9.0,52
2018-07-20,17.6,21.0,75,3.20,105,3.03,13.0,18.5,11.5,54
2018-07-21,14.6,18.1,85,13.10,278,3.04,9.0,17.6,9.8,53
2018-07-22,15.3,18.0,81,2.20,305,3.05,14.0,27.3,21.1,57
2018-07-23,14.9,17.9,76,0.20,322,3.62,2.0,15.0,9.7,46
2018-07-24,13.8,16.7,76,0.10,309,2.79,1.0,12.7,7.9,58
2018-07-25,14.1,19.9,80,0.10,272,3.61,1.0,10.8,5.8,57
2018-07-26,16.4,21.6,77,0.00,142,3.96,0.0,7.7,4.6,51
2018-07-27,17.7,24.3,79,0.00,164,3.97,0.0,8.0,4.8,54
2018-07-28,19.4,25.9,75,1.00,184,4.32,1.0,6.9,4.1,51
2018-07-29,21.0,26.7,72,0.00,252,4.68,0.0,12.1,7.0,58
2018-07-30,19.5,24.9,88,12.10,292,2.44,8.0,15.7,7.7,71
2018-07-31,17.4,22.6,88,2.00,127,2.96,8.0,11.3,7.6,69
2018-08-01,19.0,22.7,84,0.50,138,3.18,4.0,16.8,7.0,63
2018-08-02,18.3,21.6,88,18.40,278,2.44,12.0,11.3,7.8,74
2018-08-03,17.9,21.9,82,1.10,269,3.29,4.0,26.1,13.4,62
2018-08-04,17.5,20.7,88,9.70,287,2.76,18.0,22.7,17.0,66
2018-08-05,18.2,23.0,82,0.20,282,3.78,1.0,15.3,8.5,62
2018-08-06,20.5,24.7,66,0.00,259,4.34,0.0,16.9,11.6,50
2018-08-07,20.6,23.9,53,0.00,275,5.21,0.0,21.0,16.4,45
2018-08-08,20.3,27.3,66,0.00,275,4.69,0.0,17.3,8.3,46
2018-08-09,22.5,30.2,70,0.00,226,4.42,0.0,11.9,5.6,46
2018-08-10,21.8,26.7,78,0.00,275,4.38,0.0,18.1,8.9,47
2018-08-11,19.0,24.1,69,0.00,307,3.68,0.0,14.7,7.7,44
2018-08-12,14.2,17.8,84,5.70,127,1.27,16.0,9.4,5.1,58
2018-08-13,14.0,21.2,80,0.90,181,3.44,6.0,17.8,9.5,52
2018-08-14,19.6,24.7,59,0.00,242,4.80,0.0,18.8,15.1,48
2018-08-15,19.8,24.4,62,0.00,273,3.71,0.0,19.6,13.3,47
2018-08-16,17.0,25.3,79,0.10,137,3.41,1.0,14.0,8.5,47
2018-08-17,19.1,24.1,70,0.00,280,3.97,0.0,12.2,7.6,50
2018-08-18,17.1,21.7,56,0.30,280,4.38,2.0,25.9,20.2,43
2018-08-19,15.2,18.7,60,0.00,274,3.72,0.0,19.6,11.2,45
2018-08-20,15.1,19.5,65,0.00,295,3.40,0.0,11.0,7.8,44
2018-08-21,16.2,24.9,70,0.00,260,3.71,0.0,8.7,6.0,48
2018-08-22,20.0,25.7,56,0.00,267,4.74,0.0,16.8,11.4,40
2018-08-23,16.5,24.3,76,0.00,168,2.30,0.0,14.7,8.1,53
2018-08-24,11.7,15.2,86,4.40,334,1.08,17.0,18.2,10.3,65
2018-08-25,10.5,15.0,79,1.10,90,1.91,4.0,16.5,8.6,67
2018-08-26,11.7,14.4,92,7.90,295,1.41,21.0,17.4,10.8,73
2018-08-27,9.4,12.9,80,2.40,350,2.01,9.0,16.6,10.1,52
2018-08-28,12.5,17.8,77,0.00,258,2.22,0.0,14.9,10.1,65
2018-08-29,14.9,18.3,81,2.30,263,2.30,10.0,11.8,8.6,59
2018-08-30,12.3,17.3,79,3.70,278,1.73,6.0,25.7,16.3,64
2018-08-31,11.3,16.9,80,1.50,275,2.27,10.0,22.2,14.7,48
2018-09-01,11.7,14.5,73,4.40,282,2.46,13.0,28.6,21.3,49
2018-09-02,10.1,15.0,72,0.80,277,2.60,2.0,19.9,12.8,54
2018-09-03,9.8,13.9,81,2.50,288,1.25,8.0,26.8,15.3,68
2018-09-04,7.6,12.5,69,0.10,311,2.15,1.0,21.7,12.0,47
2018-09-05,10.0,16.1,74,0.00,251,2.54,0.0,11.6,6.8,54
2018-09-06,10.9,16.0,72,0.00,108,2.25,0.0,22.0,13.4,56
2018-09-07,11.7,20.5,76,0.00,113,2.73,0.0,15.6,13.3,56
2018-09-08,13.1,19.5,90,4.50,154,1.06,9.0,16.1,6.0,65
2018-09-09,9.4,13.6,92,6.60,309,0.78,18.0,21.4,14.2,77
2018-09-10,7.1,9.0,88,6.30,109,0.62,11.0,13.4,10.0,77
2018-09-11,7.9,9.1,90,1.50,353,0.71,12.0,10.0,6.1,78
2018-09-12,2.9,9.2,77,6.60,11,0.81,18.0,16.3,10.1,59
2018-09-13,0.7,3.4,65,1.50,17,1.28,10.0,11.0,7.1,51
2018-09-14,2.0,5.0,67,0.00,167,1.18,0.0,8.7,6.1,51
2018-09-15,2.5,5.4,76,0.30,114,1.07,3.0,13.0,9.2,56
2018-09-16,3.1,5.2,80,1.30,105,0.74,10.0,15.9,12.0,67
2018-09-17,3.2,5.8,87,0.70,114,0.84,6.0,12.3,7.3,69
2018-09-18,4.9,7.5,83,0.50,283,0.95,5.0,19.3,11.6,67
2018-09-19,4.7,10.1,82,0.10,256,1.71,1.0,9.9,6.6,55
2018-09-20,4.4,10.5,71,0.00,16,1.66,0.0,11.1,5.8,44
2018-09-21,1.5,6.0,69,0.00,106,1.47,0.0,9.2,7.5,46
2018-09-22,1.3,5.9,75,0.00,125,1.36,0.0,21.7,12.3,44
2018-09-23,3.5,10.6,74,0.00,140,1.68,0.0,16.5,10.4,56
2018-09-24,7.2,10.2,74,1.70,280,1.36,6.0,21.1,16.2,60
2018-09-25,6.8,14.1,84,0.20,283,1.70,2.0,24.4,8.9,61
2018-09-26,10.3,13.1,68,1.60,288,1.80,8.0,23.3,18.0,53
2018-09-27,4.2,7.5,81,0.30,309,1.17,3.0,16.9,11.8,56
2018-09-28,2.6,5.4,77,0.10,297,1.27,1.0,14.1,9.9,47
2018-09-29,1.2,5.1,63,0.00,325,1.09,0.0,16.0,13.4,49
2018-09-30,0.1,3.4,62,0.00,111,1.18,0.0,14.2,7.8,38
2018-10-01,0.2,3.2,70,0.30,31,1.03,2.0,13.8,8.2,40
2018-10-02,-0.9,2.6,69,0.10,323,1.15,1.0,21.4,11.8,47
2018-10-03,-0.5,2.5,59,0.40,291,1.46,3.0,20.6,17.0,33
2018-10-04,0.1,8.5,61,0.00,106,1.48,0.0,15.4,11.4,36
2018-10-05,0.1,5.2,77,0.00,296,0.85,0.0,14.8,11.4,58
2018-10-06,0.0,4.7,80,0.60,105,0.68,4.0,15.5,10.6,68
2018-10-07,0.1,4.0,82,0.20,103,0.54,2.0,15.5,10.6,70
2018-10-08,-2.1,0.7,74,2.20,108,0.97,6.0,16.1,13.3,49
2018-10-09,-2.5,1.5,67,0.00,119,1.14,0.0,17.9,14.2,41
2018-10-10,-2.6,1.8,71,0.00,125,0.78,0.0,15.2,13.4,61
2018-10-11,0.2,7.4,73,0.00,164,1.00,0.0,10.0,5.8,36
2018-10-12,1.8,3.7,87,11.70,303,0.38,18.0,24.1,13.0,63
2018-10-13,-0.2,3.2,66,0.00,316,1.11,0.0,26.5,17.8,53
2018-10-14,2.6,12.1,68,0.00,269,1.33,0.0,15.6,8.8,36
2018-10-15,7.6,9.3,59,0.00,288,1.96,0.0,28.0,22.0,44
2018-10-16,6.0,11.0,71,0.20,296,1.25,2.0,11.8,8.3,55
2018-10-17,11.3,17.5,42,0.00,286,2.54,0.0,17.2,11.3,36
2018-10-18,11.6,15.1,43,0.00,280,2.90,0.0,27.1,18.9,25
2018-10-19,6.1,10.1,65,0.00,288,1.53,0.0,21.3,12.6,53
2018-10-20,7.0,12.0,63,0.00,255,1.89,0.0,30.7,18.2,43
2018-10-21,7.3,11.1,52,0.00,281,2.40,0.0,28.1,21.7,36
2018-10-22,3.5,10.2,64,0.00,124,1.40,0.0,18.0,11.3,36
2018-10-23,4.4,9.5,64,0.00,105,1.49,0.0,17.9,15.5,46
2018-10-24,3.0,7.1,75,0.00,100,0.94,0.0,13.1,9.0,52
2018-10-25,4.6,9.3,79,0.00,313,0.76,0.0,11.8,8.4,64
2018-10-26,5.0,8.2,78,2.10,271,0.84,3.0,16.6,10.6,58
2018-10-27,5.3,6.3,64,1.50,278,1.23,8.0,31.3,19.5,51
2018-10-28,1.5,4.8,80,0.10,120,0.55,1.0,17.3,11.1,65
2018-10-29,1.4,3.0,96,10.60,300,0.31,21.0,15.6,10.6,82
2018-10-30,1.4,5.7,87,0.00,268,0.48,0.0,16.8,8.4,79
2018-10-31,2.7,5.6,79,0.10,264,0.54,1.0,13.8,7.3,69
2018-11-01,0.7,3.3,89,1.80,322,0.31,7.0,14.4,8.6,72
2018-11-02,-0.6,1.2,81,6.40,113,0.44,16.0,20.7,15.5,71
2018-11-03,-0.1,1.5,89,1.80,114,0.28,10.0,9.7,7.1,80
2018-11-04,-1.3,0.3,90,15.30,80,0.21,24.0,14.3,11.9,79
2018-11-05,-7.4,-4.8,72,3.80,349,0.40,8.0,14.1,7.7,64
2018-11-06,-10.7,-6.8,83,0.00,166,0.25,0.0,15.0,6.4,69
2018-11-07,-9.5,-7.4,77,0.00,274,0.35,0.0,18.2,14.5,71
2018-11-08,-11.4,-8.3,80,0.00,232,0.30,0.0,18.9,10.8,67
2018-11-09,-7.4,2.0,80,1.00,105,0.38,7.0,25.7,14.3,73
2018-11-10,-2.6,-0.2,83,2.20,298,0.39,10.0,23.2,19.8,76
2018-11-11,-7.4,-1.7,82,0.00,311,0.29,0.0,16.5,10.8,71
2018-11-12,-7.9,2.2,79,0.10,106,0.38,1.0,11.0,7.7,71
2018-11-13,0.5,4.6,75,0.00,318,0.42,0.0,10.7,5.8,57
2018-11-14,3.7,6.8,70,0.00,282,0.91,0.0,21.5,14.4,50
2018-11-15,-2.2,0.3,90,2.40,300,0.18,9.0,12.2,6.3,82
2018-11-16,-10.5,-3.7,76,2.20,4,0.23,14.0,13.2,8.2,68
2018-11-17,-12.7,-5.3,76,0.00,279,0.28,0.0,18.3,9.3,63
2018-11-18,-2.3,2.4,86,5.90,307,0.29,12.0,28.3,13.1,80
2018-11-19,-3.0,4.3,83,0.10,20,0.40,1.0,16.6,10.4,73
2018-11-20,0.0,2.7,84,0.00,307,0.31,0.0,12.8,8.1,78
2018-11-21,-4.2,0.1,88,0.00,107,0.22,0.0,14.5,10.3,79
2018-11-22,-1.1,3.3,80,0.00,292,0.41,0.0,14.9,10.1,67
2018-11-23,-5.3,0.2,88,0.00,295,0.19,0.0,15.5,8.8,78
2018-11-24,-7.2,-3.8,86,0.10,106,0.18,1.0,13.0,11.0,80
2018-11-25,-5.5,-3.2,91,0.20,104,0.19,2.0,14.2,7.7,83
2018-11-26,-6.2,-3.0,87,0.10,104,0.22,1.0,22.1,17.5,80
2018-11-27,-3.6,-2.9,92,0.00,119,0.16,0.0,20.1,16.5,89
2018-11-28,-2.0,1.6,87,3.20,100,0.23,8.0,16.8,8.5,70
2018-11-29,-0.5,1.0,86,1.00,275,0.16,7.0,15.8,9.8,77
2018-11-30,-1.7,0.3,94,1.00,312,0.15,9.0,12.1,4.5,89
2018-12-01,-4.2,-2.0,94,0.10,84,0.12,1.0,7.7,4.2,88
2018-12-02,-4.4,-2.3,91,0.00,306,0.15,0.0,14.2,11.0,82
2018-12-03,-7.1,-4.9,88,0.00,293,0.14,0.0,23.4,17.2,81
2018-12-04,-7.0,-2.4,77,0.50,285,0.39,3.0,28.9,18.1,66
2018-12-05,-7.9,-3.3,81,1.00,309,0.26,7.0,28.9,15.1,74
2018-12-06,-10.5,-7.3,80,0.00,285,0.19,0.0,16.8,9.7,70
2018-12-07,-11.5,-4.6,75,0.00,316,0.23,0.0,13.8,8.7,59
2018-12-08,-7.5,-3.9,70,0.00,313,0.24,0.0,12.9,7.3,61
2018-12-09,-5.7,-2.9,74,0.00,19,0.29,0.0,15.9,9.1,65
2018-12-10,-2.1,2.4,79,0.80,341,0.26,5.0,15.3,9.1,71
2018-12-11,-3.6,0.8,74,0.00,144,0.37,0.0,17.2,12.5,60
2018-12-12,-0.4,2.0,66,0.00,268,0.87,0.0,31.0,19.9,53
2018-12-13,-0.3,3.3,62,0.00,264,0.84,0.0,25.9,15.7,52
2018-12-14,-0.8,1.5,71,0.40,172,0.53,4.0,18.6,13.5,55
2018-12-15,-1.7,3.7,69,0.20,273,0.54,2.0,37.0,21.0,54
2018-12-16,-12.4,-8.9,82,0.00,112,0.18,0.0,26.4,16.3,73
2018-12-17,-9.3,-4.6,84,0.30,103,0.18,2.0,25.6,14.4,72
2018-12-18,-8.8,-4.1,78,0.00,107,0.15,0.0,10.0,6.2,71
2018-12-19,-2.8,2.7,76,0.00,284,0.37,0.0,21.2,11.4,65
2018-12-20,-2.6,2.1,76,0.90,233,0.46,2.0,23.1,15.3,64
2018-12-21,-3.6,-1.4,86,5.90,293,0.26,18.0,32.8,22.7,74
2018-12-22,-8.6,-5.7,83,0.90,294,0.22,5.0,27.1,17.8,76
2018-12-23,-14.8,-11.1,82,0.00,108,0.12,0.0,12.0,9.5,75
2018-12-24,-11.4,-9.0,85,0.20,111,0.13,2.0,15.8,13.7,78
2018-12-25,-10.8,-9.0,86,0.30,104,0.11,3.0,15.9,10.5,79
2018-12-26,-16.3,-10.5,80,0.00,74,0.11,0.0,15.3,10.2,69
2018-12-27,-15.5,-13.8,81,0.00,100,0.10,0.0,15.3,9.3,75
2018-12-28,-12.8,-9.2,83,1.50,99,0.09,7.0,12.6,7.6,77
2018-12-29,-9.2,-7.2,88,5.00,92,0.10,10.0,18.3,10.7,83
2018-12-30,-13.6,-8.7,78,12.00,350,0.17,21.0,19.1,15.1,71
2018-12-31,-20.2,-16.8,76,0.00,111,0.10,0.0,13.0,9.5,66
2019-01-01,-6.0,0.8,74,1.30,287,0.46,3.0,31.8,19.2,64
2019-01-02,4.1,8.1,70,0.00,284,1.06,0.0,30.0,21.9,57
2019-01-03,0.0,5.1,80,0.00,281,0.43,0.0,22.4,16.2,70
2019-01-04,-7.2,-4.5,84,0.20,206,0.13,2.0,9.2,5.1,74
2019-01-05,-9.0,-5.4,87,0.00,112,0.14,0.0,19.2,12.7,83
2019-01-06,-5.3,-4.4,91,0.20,105,0.13,2.0,23.3,14.8,86
2019-01-07,-13.6,-6.0,75,2.10,305,0.26,19.0,29.4,22.0,66
2019-01-08,-20.2,-16.3,73,0.20,289,0.19,2.0,28.1,17.4,61
2019-01-09,-16.7,-13.2,73,0.70,97,0.23,4.0,19.9,15.6,65
2019-01-10,-14.0,-11.8,78,1.10,115,0.18,6.0,14.8,12.9,71
2019-01-11,-12.7,-7.1,79,0.00,95,0.26,0.0,20.9,18.1,70
2019-01-12,-8.2,-1.1,78,0.00,99,0.22,0.0,17.7,8.7,67
2019-01-13,-3.0,-0.4,88,0.50,127,0.19,4.0,10.3,7.4,81
2019-01-14,-2.7,0.8,87,0.00,356,0.26,0.0,20.5,11.9,68
2019-01-15,-10.8,0.1,82,0.00,59,0.16,0.0,19.5,12.3,74
2019-01-16,-14.5,-12.6,81,0.00,99,0.14,0.0,15.0,10.8,71
2019-01-17,-22.0,-14.6,74,0.00,110,0.12,0.0,17.3,11.8,62
2019-01-18,-20.4,-16.1,70,0.10,106,0.22,1.0,19.2,18.3,62
2019-01-19,-16.8,-15.0,76,6.30,114,0.23,12.0,28.7,24.2,69
2019-01-20,-10.9,0.9,74,0.40,110,0.36,4.0,20.0,13.8,46
2019-01-21,-7.6,-0.2,83,0.40,308,0.22,3.0,14.2,10.7,70
2019-01-22,-8.2,-2.6,79,0.30,317,0.21,3.0,11.8,6.3,63
2019-01-23,-12.8,-2.4,77,1.10,309,0.23,10.0,22.4,16.3,67
2019-01-24,-15.4,-3.1,76,0.70,294,0.28,4.0,27.9,14.5,60
2019-01-25,-1.7,1.4,83,1.30,292,0.48,7.0,25.3,20.0,75
2019-01-26,3.1,5.3,79,1.10,285,0.79,7.0,31.4,25.3,70
2019-01-27,1.7,6.0,75,4.20,301,0.87,10.0,33.5,27.9,66
2019-01-28,-7.8,-2.6,74,0.00,310,0.47,0.0,30.1,17.8,61
2019-01-29,-13.8,-8.2,74,0.00,102,0.30,0.0,15.8,12.6,61
2019-01-30,-10.0,0.0,83,5.00,93,0.24,9.0,22.4,13.8,76
2019-01-31,-3.5,0.1,86,0.40,304,0.23,4.0,18.7,13.1,74
2019-02-01,-18.3,-12.2,68,7.00,37,0.19,24.0,15.4,11.3,64
2019-02-02,-21.8,-20.0,69,7.30,76,0.18,21.0,17.9,13.2,54
2019-02-03,-28.1,-24.4,67,0.00,310,0.13,0.0,17.8,11.9,57
2019-02-04,-29.9,-26.6,69,0.00,265,0.11,0.0,9.4,4.4,58
2019-02-05,-29.6,-22.8,66,0.00,104,0.14,0.0,14.0,10.9,53
2019-02-06,-27.5,-22.3,69,0.00,106,0.15,0.0,12.3,10.0,56
2019-02-07,-25.6,-20.9,70,0.00,100,0.17,0.0,15.5,12.2,61
2019-02-08,-22.6,-20.1,71,2.00,306,0.16,20.0,15.9,13.0,60
2019-02-09,-26.2,-20.3,70,0.00,291,0.18,0.0,13.5,7.5,55
2019-02-10,-26.2,-21.1,69,0.00,107,0.19,0.0,16.1,13.5,56
2019-02-11,-24.1,-21.7,74,0.80,354,0.13,8.0,11.1,6.8,65
2019-02-12,-22.8,-21.0,76,0.50,294,0.18,5.0,11.0,8.7,68
2019-02-13,-26.3,-16.5,73,0.00,114,0.22,0.0,11.5,7.3,51
2019-02-14,-22.9,-15.9,70,0.00,104,0.25,0.0,11.9,10.5,55
2019-02-15,-21.6,-16.3,73,0.00,113,0.21,0.0,12.6,10.7,59
2019-02-16,-16.9,-15.3,73,0.20,88,0.24,2.0,11.3,5.5,62
2019-02-17,-19.4,-16.1,75,0.00,310,0.21,0.0,12.7,8.8,67
2019-02-18,-21.8,-9.5,70,0.00,122,0.39,0.0,13.8,8.5,49
2019-02-19,-9.3,-4.1,74,0.50,299,0.48,5.0,20.3,12.7,61
2019-02-20,-7.8,-4.2,86,3.40,301,0.27,24.0,17.9,12.8,70
2019-02-21,-14.5,-7.2,71,0.00,278,0.52,0.0,16.6,11.0,45
2019-02-22,-10.6,-6.0,76,0.50,93,0.45,5.0,15.5,9.5,61
2019-02-23,-14.7,-7.7,69,0.80,330,0.36,8.0,18.4,13.9,58
2019-02-24,-21.2,-16.6,73,0.00,298,0.33,0.0,14.1,6.9,57
2019-02-25,-22.9,-17.6,68,0.00,269,0.33,0.0,9.4,7.0,52
2019-02-26,-18.2,-9.3,68,0.00,292,0.44,0.0,20.2,12.5,62
2019-02-27,-7.3,-4.5,77,0.40,290,0.59,3.0,27.0,20.6,70
2019-02-28,-9.3,-3.5,74,0.00,298,0.58,0.0,22.8,18.0,45
2019-03-01,-20.6,-10.9,65,0.00,339,0.34,0.0,22.4,13.6,53
2019-03-02,-24.5,-20.3,68,0.00,295,0.27,0.0,15.2,11.4,56
2019-03-03,-21.3,-16.5,66,0.00,297,0.39,0.0,16.9,14.9,53
2019-03-04,-16.3,-10.4,64,0.00,299,0.57,0.0,19.4,16.5,53
2019-03-05,-13.8,-9.6,74,0.00,290,0.57,0.0,22.1,15.5,56
2019-03-06,-15.4,-9.0,78,0.00,123,0.50,0.0,20.4,12.7,59
2019-03-07,-14.3,-8.2,75,0.00,112,0.56,0.0,21.4,13.3,58
2019-03-08,-10.5,-6.6,76,0.20,302,0.52,2.0,15.4,11.2,61
2019-03-09,-9.3,-5.8,77,0.00,292,0.78,0.0,15.3,11.2,61
2019-03-10,-9.2,1.9,70,0.00,128,1.07,0.0,9.7,4.8,48
2019-03-11,0.5,4.0,60,0.00,258,1.28,0.0,15.5,8.4,52
2019-03-12,1.4,3.4,77,0.40,278,1.07,3.0,24.5,16.2,61
2019-03-13,-1.2,2.5,73,0.00,285,1.31,0.0,21.2,13.2,57
2019-03-14,-2.5,4.8,73,0.00,279,1.33,0.0,12.9,9.2,43
2019-03-15,0.8,5.2,66,0.00,266,1.51,0.0,22.7,16.9,45
2019-03-16,-1.7,3.7,71,0.00,291,1.38,0.0,19.0,9.4,57
2019-03-17,1.5,6.7,72,0.00,279,1.45,0.0,21.5,12.0,60
2019-03-18,3.9,11.6,70,0.00,299,1.88,0.0,14.3,10.7,44
2019-03-19,6.2,11.2,58,0.00,303,2.36,0.0,14.4,12.7,42
2019-03-20,3.1,12.0,69,0.00,290,1.95,0.0,11.2,7.2,42
2019-03-21,4.4,13.5,65,0.00,122,2.19,0.0,17.1,12.4,37
2019-03-22,3.9,12.6,74,0.00,100,1.99,0.0,16.9,10.2,44
2019-03-23,4.6,11.4,70,0.00,126,1.99,0.0,20.0,11.8,39
2019-03-24,2.6,10.5,72,0.00,112,1.76,0.0,17.6,13.4,39
2019-03-25,3.0,8.4,79,0.00,112,1.41,0.0,17.8,11.1,58
2019-03-26,2.1,7.4,81,0.00,238,1.43,0.0,16.5,8.0,51
2019-03-27,2.1,6.4,74,0.10,309,1.25,1.0,16.3,11.0,49
2019-03-28,1.1,7.9,72,0.00,287,1.83,0.0,16.6,9.2,42
2019-03-29,2.7,9.9,68,0.00,175,1.80,0.0,15.8,9.1,46
2019-03-30,3.3,10.0,65,0.00,281,2.01,0.0,16.6,12.3,45
2019-03-31,1.6,7.4,65,0.00,97,1.42,0.0,11.5,9.3,47
2019-04-01,2.2,6.1,72,0.30,289,1.46,3.0,25.7,15.5,45
2019-04-02,0.1,5.1,58,0.00,305,1.92,0.0,21.1,14.9,39
2019-04-03,0.1,8.1,57,0.00,107,2.05,0.0,20.6,13.9,43
2019-04-04,-1.9,8.0,68,4.30,80,0.93,13.0,18.5,6.6,41
2019-04-05,-0.8,8.7,70,0.00,117,1.59,0.0,20.1,13.5,50
2019-04-06,1.3,6.1,82,4.20,105,0.80,9.0,17.4,13.9,55
2019-04-07,0.8,9.9,83,0.80,298,1.89,4.0,15.5,6.4,44
2019-04-08,5.8,11.4,55,0.00,283,3.00,0.0,18.4,15.6,36
2019-04-09,4.3,13.3,66,0.00,191,2.00,0.0,12.9,6.8,35
2019-04-10,4.1,10.4,71,1.60,304,2.24,4.0,12.8,6.9,37
2019-04-11,3.7,11.5,79,2.70,132,1.82,7.0,9.8,6.9,43
2019-04-12,3.8,9.7,82,0.50,357,1.63,3.0,12.4,6.1,43
2019-04-13,4.8,12.6,59,0.10,156,2.28,1.0,12.9,6.8,26
2019-04-14,3.5,9.6,71,1.90,278,1.05,8.0,20.3,10.3,52
2019-04-15,3.1,6.6,86,2.40,288,1.35,14.0,17.2,12.1,54
2019-04-16,3.5,11.0,76,1.40,277,2.16,8.0,12.1,7.1,42
2019-04-17,5.1,10.5,62,0.20,263,2.57,2.0,27.1,11.4,32
2019-04-18,7.1,14.5,55,0.10,274,2.90,1.0,23.7,13.7,40
2019-04-19,8.0,13.5,63,1.70,279,3.00,6.0,23.1,17.9,35
2019-04-20,5.4,10.0,46,0.00,280,3.12,0.0,28.0,20.5,33
2019-04-21,4.7,12.4,42,0.00,246,3.08,0.0,22.7,9.1,16
2019-04-22,6.7,16.6,54,1.30,124,2.56,2.0,16.8,10.0,24
2019-04-23,8.5,10.6,56,1.30,280,3.54,1.0,30.9,22.8,38
2019-04-24,5.6,10.5,43,0.10,285,3.28,1.0,35.0,21.6,32
2019-04-25,2.8,6.6,39,0.00,287,3.28,0.0,31.7,19.1,28
2019-04-26,2.0,7.3,49,0.00,283,2.87,0.0,17.7,6.6,27
2019-04-27,2.4,7.4,50,0.10,80,2.35,1.0,15.5,12.3,29
2019-04-28,1.0,5.3,59,0.20,299,2.19,2.0,14.4,10.2,39
2019-04-29,0.9,4.7,61,0.00,298,2.28,0.0,16.6,9.9,31
2019-04-30,-0.8,4.4,58,0.60,317,1.89,6.0,18.9,14.3,39
2019-05-01,-1.8,3.1,55,0.50,322,1.83,5.0,13.3,7.7,36
2019-05-02,-0.2,6.1,64,0.00,182,1.78,0.0,14.3,9.3,30
2019-05-03,0.8,5.5,68,1.50,306,1.84,8.0,26.9,17.1,28
2019-05-04,-1.1,4.3,50,0.00,307,2.47,0.0,20.9,10.3,21
2019-05-05,1.3,7.7,53,0.00,125,2.32,0.0,12.6,8.6,30
2019-05-06,3.8,8.3,63,0.30,285,2.21,3.0,11.5,6.4,40
2019-05-07,4.2,11.3,62,0.00,95,2.79,0.0,10.0,6.1,29
2019-05-08,7.1,14.1,64,0.00,235,3.00,0.0,13.9,5.6,42
2019-05-09,9.6,18.1,68,0.00,287,3.33,0.0,20.0,7.7,43
2019-05-10,11.5,17.1,52,0.00,300,4.31,0.0,27.3,17.8,28
2019-05-11,11.0,21.2,49,0.00,126,4.53,0.0,17.8,10.1,26
2019-05-12,14.8,20.8,44,0.00,265,4.94,0.0,27.3,17.8,29
2019-05-13,8.6,15.6,53,0.00,300,3.53,0.0,22.3,12.9,32
2019-05-14,7.3,13.6,61,0.00,338,3.02,0.0,16.7,6.2,36
2019-05-15,7.2,13.5,83,8.50,84,1.18,17.0,12.4,7.8,39
2019-05-16,7.1,13.3,56,0.00,109,2.99,0.0,23.0,14.2,37
2019-05-17,9.6,14.9,46,0.00,114,4.39,0.0,27.4,19.6,29
2019-05-18,10.9,16.2,44,0.00,128,4.51,0.0,26.6,19.1,26
2019-05-19,10.6,15.7,46,0.00,132,4.76,0.0,26.0,18.5,30
2019-05-20,11.1,16.9,44,0.00,131,5.10,0.0,24.4,17.7,27
2019-05-21,11.1,17.9,51,0.00,123,4.28,0.0,22.5,13.3,28
2019-05-22,12.8,20.7,56,0.00,130,3.59,0.0,13.3,5.8,26
2019-05-23,14.6,18.9,56,0.10,343,3.04,1.0,9.4,5.5,41
2019-05-24,12.8,18.9,70,0.90,334,3.54,5.0,8.7,4.8,33
2019-05-25,11.7,18.0,61,0.00,340,4.33,0.0,14.1,8.4,28
2019-05-26,11.5,19.3,44,0.00,50,4.81,0.0,11.6,7.4,25
2019-05-27,14.7,22.8,48,0.00,171,4.74,0.0,11.8,6.2,23
2019-05-28,17.7,25.8,48,0.00,289,5.33,0.0,12.3,7.1,23
2019-05-29,19.9,27.1,47,0.00,296,5.83,0.0,14.6,9.1,26
2019-05-30,18.5,26.6,43,0.00,298,5.73,0.0,18.8,14.5,24
2019-05-31,13.8,23.1,61,0.00,108,4.76,0.0,12.4,9.7,35
2019-06-01,17.9,25.0,57,0.10,134,4.74,1.0,17.1,13.1,38
2019-06-02,17.1,21.9,54,0.70,281,4.76,2.0,20.8,14.3,31
2019-06-03,14.1,18.5,63,5.30,295,3.20,10.0,21.9,7.0,27
2019-06-04,13.1,17.9,50,0.00,277,5.04,0.0,20.5,16.5,33
2019-06-05,11.7,16.1,63,0.50,289,4.01,4.0,18.9,11.2,37
2019-06-06,10.6,15.2,69,4.00,69,2.03,9.0,13.9,8.6,39
2019-06-07,8.4,12.4,73,1.90,355,2.15,5.0,23.4,11.3,36
2019-06-08,8.7,12.0,54,0.00,316,3.03,0.0,24.1,17.2,40
2019-06-09,9.5,14.0,64,0.80,298,3.07,2.0,17.6,10.1,43
2019-06-10,13.2,16.9,58,0.40,269,4.18,3.0,17.6,13.1,37
2019-06-11,14.2,19.6,68,0.10,287,4.02,1.0,15.8,10.2,45
2019-06-12,18.2,24.2,60,0.00,281,5.11,0.0,14.3,10.5,41
2019-06-13,18.7,24.3,65,5.00,280,4.41,5.0,20.8,11.2,39
2019-06-14,16.5,19.8,73,0.00,300,3.89,0.0,16.3,12.5,54
2019-06-15,15.5,18.9,75,0.40,291,3.60,4.0,18.0,13.7,54
2019-06-16,16.4,24.2,66,0.00,291,4.82,0.0,11.3,5.9,32
2019-06-17,19.4,25.7,52,0.00,152,6.03,0.0,16.9,10.6,32
2019-06-18,18.2,25.4,60,7.80,240,4.95,8.0,17.9,13.0,30
2019-06-19,13.3,19.8,56,0.40,278,3.04,3.0,25.0,15.7,34
2019-06-20,13.4,19.0,88,19.80,328,2.08,16.0,31.1,13.1,59
2019-06-21,13.7,16.5,88,4.00,313,1.84,14.0,22.7,14.9,72
2019-06-22,13.7,18.3,78,0.20,302,3.20,2.0,18.3,10.4,46
2019-06-23,15.2,18.4,71,0.40,286,3.78,2.0,18.6,11.3,49
2019-06-24,13.0,15.0,92,19.40,312,1.58,24.0,20.5,16.0,80
2019-06-25,13.5,17.7,88,7.00,312,2.67,17.0,18.6,11.3,66
2019-06-26,15.0,18.0,84,1.70,292,2.98,8.0,14.1,8.1,66
2019-06-27,15.8,21.4,75,0.60,121,3.85,1.0,14.3,6.9,42
2019-06-28,14.6,19.6,83,18.50,91,1.54,12.0,23.1,14.4,53
2019-06-29,12.9,16.5,90,3.70,17,2.40,8.0,18.7,8.9,65
2019-06-30,14.8,19.0,82,1.90,289,2.88,10.0,19.3,17.1,64
2019-07-01,13.8,20.5,75,9.10,296,2.66,11.0,27.4,16.5,55
2019-07-02,12.6,14.7,66,1.10,291,3.36,8.0,27.8,23.4,59
2019-07-03,13.0,16.1,75,1.60,290,3.35,9.0,20.9,14.3,58
2019-07-04,13.8,17.5,75,0.80,303,3.73,4.0,14.8,10.8,49
2019-07-05,14.1,18.0,75,1.20,108,3.32,4.0,12.3,7.0,54
2019-07-06,14.4,19.8,78,0.60,132,3.41,4.0,13.1,8.3,56
2019-07-07,16.8,20.5,77,1.10,318,3.33,4.0,11.3,6.2,50
2019-07-08,14.9,17.9,80,2.20,83,2.60,6.0,10.7,6.8,54
2019-07-09,12.4,17.8,77,5.30,23,3.68,9.0,12.8,5.3,46
2019-07-10,13.6,16.7,80,1.30,119,2.01,5.0,12.8,8.6,55
2019-07-11,14.1,19.1,91,4.00,310,2.68,15.0,10.2,5.7,65
2019-07-12,18.1,22.9,68,0.00,268,4.92,0.0,16.3,12.0,53
2019-07-13,17.6,22.4,76,1.80,284,3.97,3.0,16.6,10.1,61
2019-07-14,17.1,21.2,83,6.70,230,3.90,4.0,9.3,4.8,64
2019-07-15,16.2,20.0,86,5.40,291,2.98,12.0,15.6,10.2,66
2019-07-16,16.2,20.5,83,0.30,181,3.43,2.0,10.0,4.8,62
2019-07-17,17.3,22.9,78,0.10,138,4.21,1.0,15.7,9.4,48
2019-07-18,14.2,20.1,97,33.00,283,0.83,24.0,24.6,12.8,70
2019-07-19,15.1,20.1,90,13.50,290,2.72,20.0,22.5,14.7,71
2019-07-20,16.9,20.3,86,0.50,287,3.13,1.0,16.1,12.0,68
2019-07-21,17.8,23.9,79,0.00,142,4.42,0.0,14.6,7.9,52
2019-07-22,19.0,24.8,77,0.00,120,4.67,0.0,14.7,10.8,55
2019-07-23,20.3,26.9,80,0.00,128,4.50,0.0,8.7,5.6,55
2019-07-24,20.0,25.5,92,17.50,100,2.22,8.0,10.3,5.1,73
2019-07-25,14.1,17.3,99,86.20,275,0.73,24.0,44.4,35.1,91
2019-07-26,17.0,22.5,72,1.80,277,4.07,2.0,27.4,16.1,50
2019-07-27,16.3,21.8,86,13.20,255,1.80,10.0,24.8,8.4,62
2019-07-28,15.0,18.7,86,10.30,305,2.75,13.0,25.8,16.3,66
2019-07-29,16.7,20.8,71,0.30,255,3.93,2.0,14.3,10.2,49
2019-07-30,15.3,20.7,88,11.60,202,2.17,16.0,8.3,4.2,57
2019-07-31,15.1,19.5,87,0.90,137,2.18,3.0,10.0,5.8,68
2019-08-01,16.1,21.1,88,2.20,115,2.54,5.0,10.3,6.6,67
2019-08-02,16.9,20.4,93,22.60,112,2.01,12.0,12.1,6.2,78
2019-08-03,15.0,17.3,92,6.20,284,1.80,17.0,22.9,15.3,68
2019-08-04,16.6,22.0,76,0.10,280,3.53,1.0,19.5,15.4,62
2019-08-05,18.9,21.4,78,2.30,276,3.45,5.0,18.9,13.4,67
2019-08-06,14.7,18.3,80,2.00,322,3.14,4.0,16.8,11.4,50
2019-08-07,14.2,20.8,78,0.00,122,3.32,0.0,13.9,7.3,53
2019-08-08,15.9,19.3,87,14.40,103,2.41,11.0,14.6,6.9,66
2019-08-09,13.0,16.2,84,2.60,324,1.87,16.0,19.5,14.3,61
2019-08-10,11.3,16.4,73,0.00,339,3.36,0.0,16.3,7.7,51
2019-08-11,13.8,17.4,77,0.20,121,2.40,2.0,16.4,11.2,52
2019-08-12,14.7,18.3,85,0.60,121,2.39,4.0,12.2,5.4,71
2019-08-13,15.2,19.2,88,10.80,293,2.68,15.0,14.0,7.9,62
2019-08-14,16.5,22.2,74,0.00,262,3.63,0.0,13.7,8.1,58
2019-08-15,17.0,20.7,82,5.90,269,2.01,7.0,18.2,10.9,68
2019-08-16,12.7,15.0,91,15.70,298,1.15,22.0,33.0,27.5,62
2019-08-17,10.3,13.6,67,0.10,313,3.10,1.0,28.9,14.6,47
2019-08-18,9.9,12.8,74,0.50,114,1.44,3.0,11.2,5.0,57
2019-08-19,10.4,14.9,82,1.30,109,1.90,4.0,6.3,4.0,65
2019-08-20,12.4,21.0,83,0.00,130,2.88,0.0,21.4,10.5,58
2019-08-21,17.0,23.6,71,0.00,122,4.04,0.0,25.9,19.9,60
2019-08-22,15.8,23.1,74,3.40,273,2.93,5.0,29.7,18.5,52
2019-08-23,12.7,18.8,72,0.30,149,2.29,1.0,20.8,12.6,58
2019-08-24,14.1,18.4,82,1.40,233,1.83,5.0,12.4,7.3,59
2019-08-25,14.4,18.1,71,0.20,275,2.96,2.0,20.3,15.0,64
2019-08-26,12.0,15.0,85,7.20,294,1.80,17.0,25.5,21.4,63
2019-08-27,11.3,15.9,79,0.30,212,1.74,2.0,17.6,8.3,62
2019-08-28,13.0,15.9,80,1.80,287,2.14,8.0,31.9,18.4,61
2019-08-29,11.6,15.3,82,0.20,298,2.36,2.0,17.1,7.8,62
2019-08-30,11.6,17.3,83,0.50,117,2.50,3.0,8.0,6.0,59
2019-08-31,12.3,17.6,80,0.00,162,2.68,0.0,9.4,4.8,47
2019-09-01,12.2,17.5,80,0.00,129,2.30,0.0,18.3,10.2,55
2019-09-02,13.7,17.2,84,4.70,276,2.18,13.0,30.9,17.9,62
2019-09-03,14.9,20.9,72,0.00,271,3.14,0.0,13.7,8.2,53
2019-09-04,16.1,20.4,88,4.60,259,2.35,11.0,13.2,6.1,67
2019-09-05,15.0,19.5,74,0.00,286,3.03,0.0,27.1,16.8,53
2019-09-06,11.7,17.7,82,3.70,124,1.21,6.0,14.8,8.8,60
2019-09-07,12.8,16.6,87,0.20,93,1.73,2.0,15.9,11.7,74
2019-09-08,11.6,16.6,82,1.40,59,1.04,7.0,15.3,11.0,70
2019-09-09,9.4,11.3,96,10.00,84,0.52,24.0,18.1,14.8,84
2019-09-10,8.9,12.2,87,0.40,109,1.38,3.0,17.4,14.6,61
2019-09-11,9.7,12.3,81,0.10,127,1.10,1.0,19.6,14.1,69
2019-09-12,11.7,19.2,83,0.00,120,2.28,0.0,13.6,10.7,59
2019-09-13,14.6,18.6,80,0.60,277,2.45,4.0,13.6,10.3,58
2019-09-14,12.9,17.7,74,1.20,247,1.92,5.0,11.8,7.4,58
2019-09-15,12.0,16.3,89,3.50,123,1.42,9.0,9.5,5.5,70
2019-09-16,12.6,14.8,86,1.00,290,1.50,6.0,17.7,12.0,64
2019-09-17,9.8,15.9,82,0.00,125,1.86,0.0,10.9,7.4,55
2019-09-18,9.8,15.1,88,0.00,166,1.69,0.0,7.8,4.8,71
2019-09-19,10.7,19.2,82,0.00,167,2.21,0.0,11.3,6.1,40
2019-09-20,12.2,16.5,79,5.30,275,1.82,9.0,26.1,17.5,57
2019-09-21,12.4,20.0,69,0.00,264,2.48,0.0,14.4,9.0,53
2019-09-22,15.3,19.3,62,0.00,266,2.58,0.0,14.8,12.5,54
2019-09-23,11.6,16.4,72,3.40,270,2.18,5.0,27.8,18.6,45
2019-09-24,9.6,12.6,67,0.40,277,2.03,3.0,26.0,19.5,48
2019-09-25,9.5,13.0,75,1.30,283,1.73,11.0,27.4,21.6,55
2019-09-26,7.2,10.5,92,10.50,266,0.50,20.0,13.7,9.6,66
2019-09-27,2.9,6.7,79,1.80,33,0.73,6.0,13.8,7.9,52
2019-09-28,2.4,4.5,66,0.60,346,1.29,2.0,11.7,7.4,48
2019-09-29,0.8,3.9,69,0.00,103,1.12,0.0,10.9,7.4,41
2019-09-30,1.5,6.0,70,0.00,148,1.49,0.0,16.8,10.5,41
2019-10-01,2.6,7.9,73,0.00,135,1.12,0.0,16.4,12.9,54
2019-10-02,5.0,11.3,76,0.00,119,1.51,0.0,14.2,12.1,54
2019-10-03,5.0,10.5,74,0.00,117,1.59,0.0,16.8,14.2,53
2019-10-04,5.6,11.1,80,0.40,189,1.20,2.0,18.1,10.4,57
2019-10-05,8.3,10.6,76,0.80,279,1.28,6.0,27.1,21.2,60
2019-10-06,9.4,13.2,55,0.00,280,2.81,0.0,30.6,23.6,45
2019-10-07,9.3,12.8,57,2.80,265,1.71,7.0,26.9,15.1,31
2019-10-08,-0.7,2.1,64,2.60,326,1.28,13.0,25.9,22.5,51
2019-10-09,-1.3,2.5,61,1.10,295,1.39,7.0,22.2,16.0,41
2019-10-10,0.4,5.8,56,0.00,272,1.47,0.0,17.1,11.5,39
2019-10-11,2.1,9.6,66,0.00,165,1.52,0.0,16.1,10.1,31
2019-10-12,2.2,6.4,70,0.00,112,0.92,0.0,14.5,10.7,45
2019-10-13,4.9,6.4,79,0.00,293,0.75,0.0,11.4,7.2,67
2019-10-14,2.6,4.9,89,5.40,352,0.44,15.0,8.1,5.0,74
2019-10-15,1.4,3.7,86,0.00,125,0.44,0.0,25.3,16.2,76
2019-10-16,2.8,10.7,92,3.70,113,0.92,7.0,23.5,11.8,64
2019-10-17,5.1,9.0,84,0.30,103,0.84,3.0,15.5,10.5,67
2019-10-18,3.8,8.1,85,0.20,157,0.80,1.0,11.2,6.7,71
2019-10-19,3.0,6.9,76,2.30,264,0.59,13.0,20.9,13.2,58
2019-10-20,1.6,4.7,85,1.10,308,0.59,4.0,17.1,11.9,60
2019-10-21,0.3,3.4,89,2.50,105,0.38,7.0,13.6,8.9,79
2019-10-22,1.5,3.6,89,4.20,112,0.40,7.0,18.7,11.9,78
2019-10-23,1.8,4.1,84,6.60,296,0.82,12.0,27.3,21.7,60
2019-10-24,4.0,9.7,74,0.20,275,1.01,2.0,26.7,12.2,63
2019-10-25,4.1,8.5,89,20.70,288,0.38,17.0,24.8,13.3,63
2019-10-26,-1.4,2.2,70,0.40,322,0.93,2.0,26.3,22.4,46
2019-10-27,-1.4,1.8,69,0.20,301,0.89,2.0,29.2,18.7,48
2019-10-28,-5.6,-0.8,57,0.60,332,0.99,6.0,30.8,23.5,47
2019-10-29,-5.8,-0.5,55,0.00,279,0.91,0.0,19.5,12.2,26
2019-10-30,-0.5,4.9,54,0.00,280,1.12,0.0,27.3,15.6,46
2019-10-31,2.1,3.5,79,4.70,289,0.72,12.0,26.9,24.0,63
2019-11-01,1.0,3.3,74,0.00,278,0.76,0.0,18.2,15.3,58
2019-11-02,1.7,4.4,92,3.20,289,0.37,13.0,18.0,11.8,79
2019-11-03,0.1,2.2,91,2.00,310,0.31,11.0,16.9,13.6,70
2019-11-04,-3.8,0.2,76,0.00,81,0.43,0.0,8.3,4.7,48
2019-11-05,-5.0,-1.5,71,0.30,344,0.49,2.0,17.3,10.4,43
2019-11-06,-8.7,-4.1,60,0.00,286,0.57,0.0,15.3,8.9,42
2019-11-07,-5.9,1.3,57,0.00,109,0.64,0.0,13.9,9.8,39
2019-11-08,-1.0,0.5,88,8.20,315,0.23,19.0,16.3,9.8,67
2019-11-09,-8.1,-4.3,68,7.00,11,0.36,23.0,12.8,10.3,55
2019-11-10,-14.0,-11.3,70,0.80,322,0.28,6.0,14.1,9.1,54
2019-11-11,-15.1,-4.9,66,0.00,119,0.36,0.0,13.6,9.5,39
2019-11-12,-3.9,-2.3,81,2.50,302,0.35,9.0,16.8,12.5,71
2019-11-13,-1.9,4.7,85,1.20,353,0.45,6.0,17.7,8.6,70
2019-11-14,-1.9,1.3,89,0.40,75,0.22,2.0,18.7,12.6,83
2019-11-15,-1.0,2.2,92,0.40,103,0.23,2.0,16.3,11.0,74
2019-11-16,1.6,5.7,84,0.10,288,0.43,1.0,21.7,11.9,61
2019-11-17,2.5,8.5,82,1.60,268,0.61,3.0,21.4,11.1,65
2019-11-18,3.9,6.8,79,4.30,279,0.84,12.0,37.9,26.3,59
2019-11-19,-1.1,1.0,88,2.70,132,0.20,9.0,15.2,7.8,83
2019-11-20,-1.0,2.7,83,0.20,269,0.37,2.0,14.8,8.4,52
2019-11-21,-0.2,6.4,73,0.00,292,0.58,0.0,13.3,9.0,54
2019-11-22,3.3,5.7,67,0.90,283,0.99,2.0,29.6,18.1,57
2019-11-23,6.7,8.2,56,0.00,277,1.91,0.0,34.6,26.0,53
2019-11-24,0.9,3.7,87,2.80,283,0.32,6.0,25.2,13.7,62
2019-11-25,-0.5,1.0,81,1.50,283,0.49,5.0,23.1,21.2,67
2019-11-26,-4.7,-1.6,67,2.10,323,0.45,17.0,20.8,13.0,52
2019-11-27,-8.4,-7.4,60,1.50,344,0.40,12.0,12.1,9.4,52
2019-11-28,-10.7,-7.9,70,0.00,146,0.28,0.0,15.8,8.5,53
2019-11-29,-8.4,-6.3,71,0.00,129,0.36,0.0,15.6,13.0,57
2019-11-30,-9.6,-6.4,70,0.00,124,0.35,0.0,13.8,12.5,51
2019-12-01,-10.6,-2.0,68,0.00,93,0.39,0.0,15.0,9.2,34
2019-12-02,-3.2,0.5,55,0.00,284,0.91,0.0,21.9,17.5,49
2019-12-03,2.0,3.0,61,0.00,276,1.22,0.0,26.7,23.0,53
2019-12-04,-3.3,0.4,68,0.60,288,0.34,4.0,19.5,7.5,58
2019-12-05,-6.9,-2.3,77,0.00,285,0.29,0.0,13.6,6.5,52
2019-12-06,-7.1,-3.1,71,0.00,301,0.29,0.0,13.6,8.2,52
2019-12-07,-9.2,-6.9,76,0.20,308,0.16,2.0,12.2,8.2,65
2019-12-08,-13.6,-8.7,77,0.00,91,0.15,0.0,11.3,6.7,58
2019-12-09,-10.6,-7.5,72,0.90,319,0.24,8.0,21.1,11.0,58
2019-12-10,-12.1,-11.2,70,0.00,109,0.20,0.0,16.9,7.8,50
2019-12-11,-14.3,-13.1,68,5.10,115,0.32,23.0,21.5,19.1,57
2019-12-12,-15.5,-14.1,81,1.20,111,0.12,5.0,15.5,10.9,74
2019-12-13,-18.7,-15.2,77,0.60,108,0.10,6.0,15.8,11.0,73
2019-12-14,-16.9,-9.0,78,0.20,11,0.15,2.0,21.9,11.4,61
2019-12-15,-11.3,-7.4,82,0.00,302,0.19,0.0,20.9,14.6,76
2019-12-16,-8.1,-6.1,82,0.60,289,0.22,5.0,24.3,15.5,75
2019-12-17,-8.0,-1.5,84,2.10,99,0.17,8.0,12.6,9.2,75
2019-12-18,-4.8,5.9,71,0.10,287,0.65,1.0,31.2,19.4,54
2019-12-19,-9.4,-5.6,81,0.20,113,0.25,2.0,21.8,18.3,75
2019-12-20,-8.6,-5.6,86,0.10,106,0.12,1.0,14.2,10.6,79
2019-12-21,-9.6,-6.3,88,1.50,105,0.13,4.0,16.4,10.9,81
2019-12-22,-7.7,-4.9,89,5.80,347,0.09,6.0,12.4,7.6,86
2019-12-23,-12.5,-11.0,83,0.00,102,0.11,0.0,12.2,8.8,74
2019-12-24,-14.5,-11.1,77,0.00,102,0.16,0.0,16.6,11.4,65
2019-12-25,-10.6,-3.7,80,0.00,283,0.22,0.0,20.5,11.5,71
2019-12-26,-6.9,-3.8,74,0.00,286,0.35,0.0,21.0,14.0,68
2019-12-27,-6.4,-1.2,70,0.00,281,0.44,0.0,21.2,12.5,51
2019-12-28,-6.4,-1.7,78,0.00,281,0.34,0.0,22.5,13.2,59
2019-12-29,-4.1,-0.6,77,0.00,30,0.28,0.0,13.0,9.5,65
2019-12-30,-8.7,-2.8,84,0.00,107,0.14,0.0,10.5,7.7,75
2019-12-31,-1.5,4.0,75,0.00,277,0.47,0.0,21.5,13.1,64
2020-01-01,-4.1,0.6,94,0.00,301,0.11,0.0,13.2,9.8,89
2020-01-02,-4.4,0.6,78,2.40,281,0.53,8.0,32.8,19.2,55
2020-01-03,-8.8,-5.0,83,0.60,333,0.20,6.0,28.7,14.4,77
2020-01-04,-5.1,1.0,78,1.70,114,0.49,6.0,31.9,21.1,60
2020-01-05,-9.6,-3.1,79,0.00,325,0.25,0.0,32.9,11.6,62
2020-01-06,-10.4,-0.2,75,0.30,296,0.37,3.0,26.8,17.7,61
2020-01-07,-19.3,-16.3,77,0.00,102,0.13,0.0,17.5,11.0,65
2020-01-08,-15.0,-13.6,79,8.10,95,0.15,19.0,20.1,13.3,70
2020-01-09,-20.1,-16.6,75,2.50,309,0.14,14.0,16.9,12.4,71
2020-01-10,-24.5,-21.5,74,0.20,102,0.10,2.0,18.4,13.3,69
2020-01-11,-21.0,-19.6,74,3.40,341,0.09,24.0,13.0,7.5,65
2020-01-12,-25.6,-21.2,65,1.80,303,0.16,9.0,23.8,20.5,61
2020-01-13,-29.3,-26.5,65,1.00,294,0.10,10.0,18.1,16.1,60
2020-01-14,-30.4,-29.1,67,0.20,276,0.09,2.0,16.2,12.6,54
2020-01-15,-33.2,-29.7,69,0.00,279,0.06,0.0,9.0,8.0,62
2020-01-16,-32.0,-26.5,68,0.70,107,0.08,7.0,12.5,9.7,63
2020-01-17,-26.5,-25.8,69,1.80,292,0.10,16.0,22.1,13.5,65
2020-01-18,-25.9,-21.9,70,0.90,286,0.13,9.0,23.1,14.9,62
2020-01-19,-22.4,-17.7,72,0.00,109,0.18,0.0,26.1,21.6,64
2020-01-20,-15.9,-6.6,72,0.00,92,0.34,0.0,21.6,18.9,59
2020-01-21,-3.3,0.3,80,0.00,299,0.44,0.0,25.1,13.3,70
2020-01-22,-5.8,-1.2,88,1.50,107,0.22,7.0,12.8,9.6,79
2020-01-23,-7.6,-2.8,81,0.00,108,0.32,0.0,19.4,11.8,67
2020-01-24,-6.0,-1.7,81,0.00,109,0.28,0.0,16.2,8.7,66
2020-01-25,-5.3,-1.9,89,0.00,130,0.26,0.0,9.5,5.0,77
2020-01-26,-7.7,-2.8,84,0.00,110,0.29,0.0,15.5,10.1,68
2020-01-27,-6.0,-3.0,87,0.00,109,0.30,0.0,18.0,12.8,71
2020-01-28,-8.8,-3.3,82,0.00,103,0.29,0.0,11.8,9.3,66
2020-01-29,-9.4,-3.3,81,1.20,104,0.31,2.0,22.3,12.7,67
2020-01-30,0.4,3.1,66,0.40,274,1.08,2.0,33.5,18.5,59
2020-01-31,1.9,4.0,62,1.70,258,1.17,4.0,30.7,18.0,54
2020-02-01,0.1,4.2,80,5.70,248,0.60,11.0,36.3,16.2,57
2020-02-02,-5.2,2.1,71,0.00,286,0.86,0.0,37.2,23.2,54
2020-02-03,-14.6,-9.1,80,0.00,308,0.23,0.0,13.8,9.5,69
2020-02-04,-12.2,-4.4,69,0.30,318,0.33,2.0,14.6,6.2,54
2020-02-05,-4.1,-0.5,86,1.70,334,0.39,13.0,10.6,6.0,75
2020-02-06,-1.6,0.4,88,7.80,293,0.44,18.0,18.9,11.4,70
2020-02-07,-3.0,-0.1,82,0.20,284,0.46,2.0,18.5,13.7,73
2020-02-08,-7.7,-3.9,87,0.00,292,0.31,0.0,14.0,10.2,76
2020-02-09,-4.1,-1.1,72,0.80,284,0.68,3.0,30.7,20.7,64
2020-02-10,-2.6,-0.6,75,0.50,287,0.74,5.0,24.6,17.7,63
2020-02-11,-2.6,-0.3,83,9.40,324,0.31,20.0,17.3,10.7,63
2020-02-12,-17.0,-11.4,72,0.20,89,0.30,2.0,15.8,10.3,55
2020-02-13,-13.7,-8.0,75,4.00,103,0.30,6.0,21.1,18.2,63
2020-02-14,-10.4,-2.3,72,0.60,303,0.42,6.0,27.7,19.9,61
2020-02-15,-18.0,-12.4,73,0.70,90,0.27,6.0,21.0,14.8,66
2020-02-16,-15.0,-12.1,78,1.00,310,0.24,9.0,14.3,11.2,66
2020-02-17,-20.5,-16.2,71,0.30,311,0.23,3.0,17.3,12.0,58
2020-02-18,-24.3,-14.6,67,0.00,123,0.29,0.0,13.6,9.2,51
2020-02-19,-15.1,-3.2,67,0.00,96,0.57,0.0,13.8,7.8,41
2020-02-20,-5.4,1.9,65,0.00,289,0.82,0.0,23.4,9.2,49
2020-02-21,1.0,5.6,56,0.00,279,1.48,0.0,22.6,15.7,43
2020-02-22,1.3,5.7,64,0.00,276,1.26,0.0,32.2,20.4,52
2020-02-23,-3.8,0.3,69,0.00,279,0.97,0.0,24.4,14.8,58
2020-02-24,-9.0,-3.8,77,0.00,286,0.57,0.0,13.3,9.2,68
2020-02-25,-11.3,-2.8,71,0.00,115,0.58,0.0,9.0,6.6,51
2020-02-26,-3.2,2.9,75,0.00,313,0.88,0.0,15.2,10.0,63
2020-02-27,2.2,5.3,70,0.10,279,1.24,1.0,23.2,14.7,60
2020-02-28,2.9,5.3,62,0.00,268,1.59,0.0,29.2,18.0,53
2020-02-29,-1.5,2.8,84,5.30,59,0.40,18.0,14.4,8.4,56
2020-03-01,-7.0,1.4,75,0.00,305,0.83,0.0,20.2,10.6,49
2020-03-02,0.7,2.5,67,1.30,282,1.38,9.0,34.2,25.6,53
2020-03-03,0.7,3.2,70,0.40,274,1.17,4.0,32.2,17.0,47
2020-03-04,-1.8,3.1,80,2.70,277,0.69,12.0,22.7,12.8,52
2020-03-05,-3.9,1.5,67,0.00,186,1.06,0.0,24.4,14.5,51
2020-03-06,-7.4,1.1,78,0.50,316,0.51,4.0,19.2,14.6,60
2020-03-07,-15.2,-11.2,72,0.50,13,0.51,5.0,16.5,7.1,54
2020-03-08,-12.8,-5.8,75,1.20,91,0.66,11.0,8.7,5.3,55
2020-03-09,-10.1,-0.6,71,0.00,306,0.97,0.0,13.0,7.5,47
2020-03-10,-4.7,3.9,62,0.40,158,0.87,4.0,10.6,7.4,47
2020-03-11,-0.4,4.2,78,2.00,285,0.91,9.0,22.7,18.4,57
2020-03-12,-6.3,-0.9,79,0.80,316,0.50,8.0,19.6,13.3,62
2020-03-13,-17.6,-10.5,62,0.00,323,0.53,0.0,22.2,16.3,53
2020-03-14,-21.4,-13.7,67,0.00,108,0.55,0.0,11.7,6.0,45
2020-03-15,-17.5,-10.4,64,0.00,186,0.56,0.0,12.1,6.2,48
2020-03-16,-10.0,-2.7,65,0.00,308,1.05,0.0,15.9,12.3,53
2020-03-17,-6.1,-2.7,74,0.70,333,0.78,6.0,15.2,8.5,56
2020-03-18,-10.5,-3.0,76,0.00,118,0.81,0.0,10.7,6.6,55
2020-03-19,-10.3,-3.5,74,0.20,117,0.93,2.0,14.8,9.0,47
2020-03-20,-9.5,-1.6,72,0.00,115,1.15,0.0,13.9,8.2,51
2020-03-21,-5.3,0.4,73,0.00,284,1.01,0.0,23.6,13.7,54
2020-03-22,-3.5,2.2,74,0.00,272,1.37,0.0,20.3,8.0,49
2020-03-23,-2.6,1.4,78,4.60,98,0.69,18.0,16.3,13.1,58
2020-03-24,-5.8,-2.0,78,4.40,24,0.79,18.0,9.6,7.0,65
2020-03-25,-9.7,-1.9,71,0.00,284,1.17,0.0,11.4,7.5,48
2020-03-26,-3.1,2.2,65,0.40,261,1.06,4.0,33.3,14.8,52
2020-03-27,-2.5,2.8,79,1.60,337,1.05,5.0,26.6,12.6,65
2020-03-28,-8.8,1.7,75,5.90,350,0.54,21.0,22.9,11.7,58
2020-03-29,-10.5,-6.6,76,7.90,106,0.55,23.0,18.2,15.4,65
2020-03-30,-10.1,-7.1,70,0.80,55,0.78,8.0,10.9,7.1,55
2020-03-31,-12.1,-9.6,69,8.50,7,0.51,21.0,15.5,9.8,54
2020-04-01,-14.4,-12.3,64,3.20,328,0.61,24.0,19.9,14.8,51
2020-04-02,-16.0,-11.6,68,0.10,317,0.75,1.0,18.9,10.0,49
2020-04-03,-15.2,-6.4,65,0.00,241,1.05,0.0,14.5,7.8,40
2020-04-04,-9.9,-3.1,68,0.00,127,1.24,0.0,12.1,9.8,45
2020-04-05,-7.6,-2.5,76,0.70,122,0.84,6.0,16.0,13.3,50
2020-04-06,-7.2,1.7,73,0.90,123,1.47,6.0,15.8,7.2,40
2020-04-07,-1.2,1.8,69,1.90,276,1.21,8.0,33.9,19.6,58
2020-04-08,-1.8,1.8,70,0.40,291,1.73,3.0,28.0,19.1,43
2020-04-09,1.2,8.1,62,0.00,246,2.15,0.0,24.8,12.7,43
2020-04-10,0.3,7.7,71,0.10,301,1.68,1.0,21.7,15.2,45
2020-04-11,-5.4,0.1,66,0.00,304,1.45,0.0,27.6,18.2,44
2020-04-12,-6.3,-2.6,68,0.90,310,1.31,6.0,21.1,15.3,37
2020-04-13,-7.4,3.5,62,0.00,347,1.94,0.0,14.9,6.7,38
2020-04-14,0.7,3.8,79,2.40,294,1.12,7.0,14.4,9.3,51
2020-04-15,1.0,5.0,75,0.90,317,1.36,5.0,20.4,14.0,55
2020-04-16,0.1,8.7,70,0.00,275,2.37,0.0,15.0,7.4,47
2020-04-17,5.1,9.7,69,2.00,284,2.11,6.0,21.8,14.3,50
2020-04-18,1.8,6.4,73,0.30,307,2.21,2.0,23.5,13.7,48
2020-04-19,3.1,9.4,65,0.00,292,2.12,0.0,22.0,11.2,48
2020-04-20,6.1,16.0,68,0.00,300,2.97,0.0,20.1,9.4,39
2020-04-21,9.7,13.3,54,0.00,280,3.75,0.0,30.6,19.9,43
2020-04-22,8.9,12.6,53,0.00,279,3.63,0.0,25.6,20.8,43
2020-04-23,7.4,12.0,52,0.00,288,3.32,0.0,22.7,15.8,42
2020-04-24,6.4,12.2,67,0.10,290,2.82,1.0,19.2,12.0,41
2020-04-25,7.1,16.6,58,0.00,135,3.42,0.0,16.7,10.1,26
2020-04-26,6.0,14.5,77,4.10,284,1.62,13.0,33.3,20.5,31
2020-04-27,6.1,11.6,64,0.00,108,2.38,0.0,13.3,9.5,44
2020-04-28,8.0,13.6,54,0.50,278,3.69,2.0,21.6,16.0,33
2020-04-29,9.3,15.5,51,0.00,282,3.51,0.0,18.2,10.1,30
2020-04-30,10.1,14.1,54,0.10,324,3.06,1.0,25.8,11.7,35
2020-05-01,7.7,12.7,67,0.00,289,2.67,0.0,26.5,21.4,45
2020-05-02,6.9,16.3,67,0.00,101,3.32,0.0,13.7,8.5,33
2020-05-03,9.2,16.1,55,0.00,109,3.79,0.0,23.1,17.5,32
2020-05-04,7.3,16.3,76,0.20,298,2.68,2.0,23.2,14.4,42
2020-05-05,10.4,17.9,65,0.20,276,3.68,2.0,18.7,10.9,30
2020-05-06,10.1,18.4,60,0.00,125,3.86,0.0,17.6,8.9,31
2020-05-07,10.6,18.1,63,0.00,107,3.18,0.0,18.8,8.0,35
2020-05-08,8.7,13.6,76,4.10,301,2.86,9.0,16.9,11.7,34
2020-05-09,6.3,12.4,60,0.00,352,2.38,0.0,13.1,8.2,37
2020-05-10,4.4,8.1,62,0.20,93,2.13,2.0,13.4,9.7,37
2020-05-11,3.0,9.1,65,0.00,125,2.17,0.0,14.2,9.1,36
2020-05-12,5.8,12.7,55,0.00,125,3.39,0.0,17.1,11.4,27
2020-05-13,7.8,15.0,52,0.00,147,3.96,0.0,15.0,7.5,29
2020-05-14,5.2,15.3,56,0.10,304,2.86,1.0,17.0,11.9,30
2020-05-15,4.0,9.2,63,0.40,5,2.05,3.0,10.2,5.6,39
2020-05-16,8.3,16.9,70,0.00,79,3.44,0.0,11.5,6.5,44
2020-05-17,10.2,17.3,74,0.30,80,2.15,2.0,11.6,5.4,53
2020-05-18,6.2,10.5,83,9.70,312,1.25,18.0,14.8,7.7,64
2020-05-19,6.9,12.6,87,1.10,301,2.52,4.0,16.5,12.6,53
2020-05-20,11.2,18.8,68,0.00,126,3.72,0.0,19.1,11.4,42
2020-05-21,9.0,18.7,77,12.50,75,1.44,8.0,15.0,9.8,45
2020-05-22,3.0,4.5,99,21.30,307,0.49,24.0,21.6,15.2,93
2020-05-23,4.5,14.0,86,1.80,299,2.15,13.0,21.3,17.1,50
2020-05-24,11.4,18.6,73,0.80,269,3.81,2.0,16.9,7.4,44
2020-05-25,12.1,18.2,73,1.10,268,2.40,5.0,13.5,8.2,53
2020-05-26,11.5,16.5,63,0.00,288,3.53,0.0,22.9,13.2,38
2020-05-27,8.2,11.6,79,2.40,289,2.50,8.0,24.2,21.4,57
2020-05-28,9.1,16.6,75,0.10,283,3.61,1.0,18.2,7.4,36
2020-05-29,11.8,18.3,71,0.00,119,3.55,0.0,11.7,7.9,41
2020-05-30,13.4,21.2,60,0.10,117,4.22,1.0,22.9,14.7,45
2020-05-31,16.6,20.9,64,0.40,105,3.30,3.0,23.9,17.1,44
2020-06-01,12.9,14.9,67,2.10,289,3.88,4.0,31.0,26.3,51
2020-06-02,13.0,17.7,54,0.00,278,4.46,0.0,21.1,12.3,40
2020-06-03,10.9,16.1,77,10.50,281,2.64,15.0,29.4,19.9,54
2020-06-04,9.6,12.8,83,0.50,298,2.34,5.0,21.3,10.7,62
2020-06-05,10.6,17.4,81,3.50,121,3.65,2.0,11.9,7.0,45
2020-06-06,10.6,17.4,84,13.30,103,1.46,13.0,22.5,17.7,42
2020-06-07,8.4,10.1,99,22.20,52,0.51,22.0,17.0,9.7,97
2020-06-08,4.6,8.0,94,16.80,298,1.01,24.0,19.2,15.9,81
2020-06-09,9.7,16.4,76,0.10,283,3.45,1.0,14.2,9.4,39
2020-06-10,12.9,18.3,64,0.00,284,4.27,0.0,16.6,11.2,46
2020-06-11,14.0,20.1,78,0.90,111,3.89,1.0,12.6,9.1,56
2020-06-12,16.2,22.5,73,0.90,117,4.12,1.0,16.7,13.4,54
2020-06-13,16.8,22.5,81,0.00,340,3.25,0.0,18.0,11.8,55
2020-06-14,16.7,21.7,87,20.50,141,3.08,15.0,15.8,9.3,58
2020-06-15,12.0,16.1,78,7.60,278,1.78,12.0,19.6,15.6,63
2020-06-16,11.8,15.6,72,0.90,273,2.97,3.0,22.7,17.6,61
2020-06-17,13.1,16.9,84,4.80,306,2.16,11.0,16.5,11.9,62
2020-06-18,12.1,18.7,75,0.00,93,3.99,0.0,9.5,6.6,45
2020-06-19,14.6,21.4,69,0.00,113,4.74,0.0,9.4,6.6,41
2020-06-20,16.6,22.9,69,0.00,122,5.11,0.0,14.1,9.7,42
2020-06-21,15.4,22.4,77,3.20,119,2.92,7.0,13.8,9.5,47
2020-06-22,16.4,21.1,72,0.00,252,3.76,0.0,13.0,6.4,49
2020-06-23,16.3,20.2,82,1.10,284,3.44,3.0,19.5,9.0,54
2020-06-24,16.5,20.3,70,0.00,282,4.51,0.0,12.3,7.8,48
2020-06-25,17.0,21.9,59,0.00,272,4.99,0.0,19.3,12.0,40
2020-06-26,15.9,19.0,62,0.50,273,3.94,3.0,18.6,12.9,49
2020-06-27,13.9,18.6,79,1.60,279,2.44,6.0,15.5,8.1,54
2020-06-28,12.8,16.8,91,14.60,330,2.09,22.0,18.2,10.1,73
2020-06-29,14.7,17.9,84,1.60,312,3.18,7.0,15.5,9.8,66
2020-06-30,14.3,18.2,92,5.80,116,1.85,8.0,10.2,5.9,70
2020-07-01,14.2,15.8,99,29.80,66,0.93,24.0,18.1,10.4,93
2020-07-02,13.8,16.2,91,6.50,112,2.07,13.0,20.7,16.2,73
2020-07-03,15.0,19.9,75,0.70,262,3.88,2.0,17.1,11.0,47
2020-07-04,14.6,18.4,70,0.00,279,3.77,0.0,15.6,11.4,57
2020-07-05,14.1,16.7,82,4.10,295,3.00,16.0,19.6,16.8,64
2020-07-06,15.1,20.5,78,1.60,266,3.97,5.0,17.7,7.3,63
2020-07-07,15.9,19.9,87,2.00,117,3.26,5.0,5.9,3.5,66
2020-07-08,15.0,18.9,90,8.10,330,1.67,18.0,9.3,6.2,71
2020-07-09,14.5,19.4,89,4.60,174,2.84,13.0,9.9,6.3,67
2020-07-10,15.5,19.8,83,7.70,268,3.62,8.0,17.2,11.9,55
2020-07-11,17.1,23.1,69,0.00,212,4.25,0.0,12.0,7.1,51
2020-07-12,16.2,22.2,80,4.00,287,3.41,10.0,25.5,15.6,53
2020-07-13,14.0,17.4,74,2.00,280,3.10,12.0,34.5,26.2,53
2020-07-14,14.8,18.9,75,2.40,287,3.86,11.0,34.2,29.5,50
2020-07-15,16.3,18.9,68,0.50,282,3.96,1.0,28.0,23.2,57
2020-07-16,16.4,20.0,83,17.10,237,2.89,12.0,15.8,7.4,71
2020-07-17,16.7,18.8,80,0.90,276,3.34,7.0,27.3,16.5,61
2020-07-18,15.1,19.2,83,5.00,296,3.11,17.0,25.2,20.0,60
2020-07-19,16.2,19.0,78,2.80,272,2.93,7.0,16.4,11.3,64
2020-07-20,16.6,21.0,84,1.80,286,3.44,7.0,18.2,12.1,59
2020-07-21,17.9,21.2,83,1.40,137,2.26,6.0,9.7,6.9,66
2020-07-22,17.3,21.9,85,1.50,257,3.63,4.0,8.7,4.8,60
2020-07-23,16.5,21.8,92,19.20,128,1.85,14.0,13.3,4.0,65
2020-07-24,13.3,17.4,86,6.30,276,2.21,5.0,20.2,10.0,58
2020-07-25,14.5,19.3,73,0.10,278,3.60,1.0,22.6,16.5,61
2020-07-26,16.7,22.0,70,0.10,282,4.52,1.0,19.9,14.6,59
2020-07-27,19.8,28.0,75,0.00,127,4.79,0.0,14.3,6.9,49
2020-07-28,21.1,26.9,78,0.00,148,4.39,0.0,15.1,10.7,54
2020-07-29,20.0,23.4,86,6.20,265,3.38,8.0,10.5,4.9,72
2020-07-30,19.6,22.4,85,2.80,299,3.82,3.0,12.1,7.9,53
2020-07-31,18.5,25.2,76,0.00,102,4.24,0.0,11.5,8.1,55
2020-08-01,20.4,26.5,73,0.00,121,4.67,0.0,23.7,15.6,55
2020-08-02,21.1,25.9,76,4.80,121,4.16,2.0,19.2,12.6,59
2020-08-03,20.8,26.3,82,5.00,211,2.88,7.0,19.7,11.9,53
2020-08-04,18.0,21.3,58,0.00,270,5.03,0.0,23.1,18.1,46
2020-08-05,19.1,25.3,65,0.00,255,4.70,0.0,11.6,8.1,51
2020-08-06,20.1,26.6,79,0.00,121,4.07,0.0,14.1,9.5,53
2020-08-07,16.7,26.5,77,36.20,280,2.62,16.0,31.8,25.1,48
2020-08-08,15.5,19.3,59,0.60,281,4.30,1.0,28.6,21.8,49
2020-08-09,14.1,18.4,64,1.50,279,4.08,3.0,33.7,27.3,47
2020-08-10,15.5,18.4,59,0.00,280,4.37,0.0,30.5,24.2,50
2020-08-11,14.2,18.0,61,1.30,272,3.78,2.0,19.9,12.3,50
2020-08-12,11.8,15.4,87,12.50,260,2.24,12.0,21.3,11.2,57
2020-08-13,12.6,17.0,67,1.00,262,3.31,2.0,24.0,19.4,51
2020-08-14,14.4,17.5,62,0.00,272,3.81,0.0,23.5,18.8,48
2020-08-15,14.6,17.8,72,0.00,274,2.76,0.0,17.7,11.9,57
2020-08-16,16.0,25.7,80,0.00,119,3.70,0.0,12.3,8.3,58
2020-08-17,19.8,28.1,79,0.00,128,3.59,0.0,12.9,8.0,57
2020-08-18,20.9,28.1,73,0.00,178,4.08,0.0,11.4,6.1,49
2020-08-19,19.6,27.3,66,0.00,289,4.07,0.0,20.6,13.1,51
2020-08-20,17.0,22.5,71,0.00,132,3.02,0.0,8.7,5.9,48
2020-08-21,17.3,21.8,75,0.00,117,3.23,0.0,19.7,9.7,50
2020-08-22,16.1,21.0,82,7.80,118,2.05,12.0,21.8,15.2,55
2020-08-23,15.4,18.2,59,0.00,279,3.95,0.0,21.2,17.9,51
2020-08-24,12.9,17.2,84,0.90,107,1.38,3.0,14.7,8.6,63
2020-08-25,13.1,18.2,82,10.10,267,2.71,6.0,15.8,10.5,52
2020-08-26,14.7,18.3,63,0.00,265,3.58,0.0,15.9,12.7,52
2020-08-27,13.8,17.7,68,0.00,272,3.27,0.0,23.0,15.5,54
2020-08-28,13.0,20.0,76,0.00,169,3.08,0.0,19.0,10.1,51
2020-08-29,13.2,19.4,76,9.00,271,2.68,12.0,27.8,17.3,46
2020-08-30,9.2,13.1,73,4.60,289,2.72,14.0,41.3,34.3,45
2020-08-31,10.6,15.4,68,0.00,280,2.53,0.0,25.9,13.0,46
2020-09-01,13.6,16.4,72,10.10,282,3.01,11.0,32.6,23.9,47
2020-09-02,12.5,16.5,69,5.10,284,2.62,7.0,30.9,22.1,51
2020-09-03,12.7,16.5,64,0.00,279,3.12,0.0,23.4,15.5,51
2020-09-04,13.3,18.3,74,0.30,277,2.35,1.0,17.7,9.2,52
2020-09-05,13.1,17.9,84,6.10,270,1.22,11.0,19.6,7.2,64
2020-09-06,10.5,13.0,84,0.60,306,1.52,4.0,17.6,12.6,61
2020-09-07,8.2,11.0,85,6.70,320,1.52,13.0,17.3,12.1,64
2020-09-08,11.4,18.0,64,0.50,266,2.90,3.0,25.7,14.0,55
2020-09-09,12.4,17.8,81,0.00,284,1.90,0.0,15.5,9.1,58
2020-09-10,14.7,23.8,82,0.00,115,2.72,0.0,11.2,6.1,58
2020-09-11,14.0,21.2,78,0.00,287,1.67,0.0,22.9,12.8,67
2020-09-12,8.7,12.4,74,1.60,350,1.65,5.0,21.8,9.8,60
2020-09-13,8.8,13.2,80,0.00,119,1.63,0.0,10.8,6.0,58
2020-09-14,7.4,11.2,89,6.30,92,0.58,15.0,13.6,10.9,71
2020-09-15,7.2,10.3,88,2.00,312,1.01,12.0,18.6,10.3,50
2020-09-16,7.0,14.0,77,0.00,73,2.12,0.0,13.7,7.5,54
2020-09-17,10.7,16.8,78,0.00,224,2.08,0.0,11.4,7.3,50
2020-09-18,12.6,21.8,75,0.00,104,2.57,0.0,12.7,9.9,55
2020-09-19,12.7,20.4,89,0.20,113,1.20,2.0,11.4,8.0,75
2020-09-20,13.8,16.3,83,0.30,285,2.01,1.0,24.7,18.5,62
2020-09-21,10.7,16.1,76,0.00,272,1.63,0.0,18.8,10.4,55
2020-09-22,9.2,16.4,75,0.00,170,2.01,0.0,13.8,8.6,50
2020-09-23,11.3,17.3,75,0.00,124,2.05,0.0,21.7,16.0,56
2020-09-24,12.0,17.5,80,4.90,256,1.22,9.0,30.5,16.5,61
2020-09-25,12.4,17.3,60,0.00,273,2.93,0.0,25.9,15.1,42
2020-09-26,10.9,15.9,70,1.30,281,2.19,4.0,26.8,20.6,49
2020-09-27,10.1,12.9,70,1.40,291,2.16,5.0,28.6,22.0,51
2020-09-28,12.9,16.6,62,0.40,267,2.61,4.0,33.4,16.9,45
2020-09-29,11.9,16.7,56,0.00,287,3.25,0.0,28.4,24.9,39
2020-09-30,8.7,12.6,66,0.00,298,2.14,0.0,19.1,11.3,44
2020-10-01,8.1,16.6,75,0.10,110,1.70,1.0,17.6,11.0,58
2020-10-02,10.9,16.5,75,0.00,282,1.89,0.0,17.7,12.5,56
2020-10-03,9.2,18.4,78,0.00,109,1.79,0.0,10.9,7.5,54
2020-10-04,15.3,17.1,65,0.00,277,2.30,0.0,26.0,15.8,55
2020-10-05,11.8,16.6,64,0.10,279,1.89,1.0,21.9,14.8,54
2020-10-06,12.3,15.9,56,0.40,287,2.86,4.0,27.6,21.4,44
2020-10-07,8.2,12.3,59,0.00,287,1.93,0.0,20.8,10.9,43
2020-10-08,7.3,9.6,76,4.80,296,0.98,15.0,31.2,16.4,54
2020-10-09,4.7,6.9,82,0.20,228,0.92,2.0,23.5,12.9,64
2020-10-10,5.6,8.2,84,2.00,120,0.84,8.0,23.5,13.5,65
2020-10-11,4.7,7.1,93,9.80,302,0.55,23.0,31.4,22.2,64
2020-10-12,4.0,6.1,79,0.60,285,0.90,3.0,28.9,20.3,65
2020-10-13,3.4,4.9,81,2.40,300,1.05,10.0,29.2,17.8,62
2020-10-14,1.0,4.0,70,0.00,304,0.89,0.0,24.8,15.3,60
2020-10-15,0.7,3.5,69,0.10,305,1.14,1.0,31.1,24.0,51
2020-10-16,-0.8,3.6,57,0.00,321,1.03,0.0,22.9,11.7,31
2020-10-17,-5.1,-1.2,56,0.00,317,1.00,0.0,23.8,20.7,38
2020-10-18,-5.3,-3.7,56,0.40,333,0.68,4.0,21.9,8.3,49
2020-10-19,-5.9,-1.6,69,0.20,130,0.58,2.0,16.3,11.2,54
2020-10-20,-2.5,0.6,66,1.50,288,0.88,9.0,18.1,10.7,42
2020-10-21,-4.3,-1.7,71,1.30,328,0.57,10.0,18.8,12.5,55
2020-10-22,-5.9,-4.9,57,0.40,322,0.75,4.0,19.4,13.6,43
2020-10-23,-6.9,-5.6,54,0.90,262,0.53,6.0,13.7,6.2,37
2020-10-24,-6.7,-4.1,61,0.20,318,0.59,2.0,19.6,10.5,44
2020-10-25,-5.2,2.2,53,0.00,273,1.11,0.0,20.6,13.5,22
2020-10-26,-0.5,2.1,54,0.50,281,1.28,3.0,27.9,18.4,38
2020-10-27,4.1,6.6,88,7.00,281,0.50,21.0,31.3,20.6,78
2020-10-28,1.7,5.7,80,0.00,294,0.78,0.0,22.2,11.6,57
2020-10-29,-0.5,3.3,81,0.00,276,0.38,0.0,20.8,8.7,72
2020-10-30,-1.4,-0.3,86,8.50,104,0.30,16.0,24.0,15.4,81
2020-10-31,-0.4,4.9,71,1.40,292,0.92,5.0,30.0,18.4,44
2020-11-01,5.6,11.9,63,0.00,277,1.39,0.0,25.0,15.4,58
2020-11-02,5.9,10.9,68,0.00,161,0.77,0.0,13.8,8.7,38
2020-11-03,7.1,10.0,68,0.20,280,0.97,1.0,14.7,8.6,50
2020-11-04,1.5,5.3,80,0.90,289,0.47,4.0,26.4,11.7,55
2020-11-05,-0.2,5.6,78,3.10,102,0.71,8.0,25.4,14.7,60
2020-11-06,-4.1,0.1,75,1.00,299,0.51,5.0,22.2,16.8,57
2020-11-07,-5.9,-4.7,72,1.90,337,0.43,10.0,18.4,9.9,52
2020-11-08,-7.3,-4.1,69,0.00,312,0.57,0.0,18.3,15.3,55
2020-11-09,-5.9,0.4,66,0.00,122,0.51,0.0,12.3,9.5,40
2020-11-10,-1.1,1.3,75,4.40,304,0.46,20.0,20.8,15.6,57
2020-11-11,-10.5,-5.6,65,0.60,321,0.49,6.0,20.8,12.6,48
2020-11-12,-6.7,3.2,61,0.00,137,0.64,0.0,15.8,8.6,38
2020-11-13,-4.6,0.9,67,0.00,141,0.46,0.0,11.4,5.8,49
2020-11-14,-5.2,-3.1,84,0.00,293,0.25,0.0,15.1,10.9,71
2020-11-15,-8.0,-4.6,86,0.00,111,0.21,0.0,11.5,7.9,74
2020-11-16,-5.7,-3.9,84,1.10,104,0.22,7.0,13.2,9.0,73
2020-11-17,-6.2,-5.3,84,1.60,109,0.25,8.0,25.0,18.3,78
2020-11-18,-7.6,-5.5,82,0.50,301,0.24,5.0,23.4,15.1,69
2020-11-19,-13.3,-11.6,73,0.00,301,0.30,0.0,22.5,14.3,65
2020-11-20,-12.4,-5.7,74,0.00,101,0.26,0.0,10.7,7.8,52
2020-11-21,-7.0,-3.6,82,0.10,292,0.28,1.0,20.4,11.5,70
2020-11-22,-9.0,-6.0,85,0.00,111,0.19,0.0,20.4,14.2,80
2020-11-23,-5.1,-2.8,90,0.50,45,0.19,3.0,17.7,10.6,85
2020-11-24,-4.3,-0.3,86,0.10,100,0.23,1.0,12.6,10.3,77
2020-11-25,-1.9,0.1,91,0.10,288,0.18,1.0,18.7,13.0,82
2020-11-26,-6.4,-2.2,83,0.60,289,0.26,5.0,24.7,11.6,67
2020-11-27,1.7,4.9,68,0.00,277,0.97,0.0,28.0,21.5,58
2020-11-28,-3.7,-1.3,84,2.30,287,0.27,10.0,15.6,10.7,73
2020-11-29,-6.2,-2.6,68,0.00,210,0.38,0.0,18.8,9.4,56
2020-11-30,-4.1,5.0,76,0.00,105,0.40,0.0,21.1,9.7,59
2020-12-01,-0.1,5.8,69,0.30,282,0.90,1.0,37.2,24.6,57
2020-12-02,3.2,5.2,64,0.00,292,1.02,0.0,21.6,15.8,56
2020-12-03,0.7,4.0,72,0.00,349,0.58,0.0,16.9,11.5,59
2020-12-04,1.8,6.5,72,0.00,289,0.64,0.0,22.9,12.6,57
2020-12-05,0.7,5.1,68,0.00,118,0.39,0.0,14.8,6.7,57
2020-12-06,0.0,5.8,65,0.00,328,0.63,0.0,14.3,10.0,48
2020-12-07,5.3,11.2,61,0.20,244,1.06,1.0,33.9,12.4,43
2020-12-08,3.9,8.1,69,1.40,280,0.95,4.0,30.1,16.4,42
2020-12-09,1.1,3.4,72,0.00,275,0.70,0.0,23.0,18.9,66
2020-12-10,-1.8,-0.2,74,0.10,285,0.41,1.0,19.9,13.3,64
2020-12-11,-6.5,-4.0,86,0.00,122,0.15,0.0,15.5,8.9,76
2020-12-12,-8.9,-5.0,68,0.40,306,0.38,4.0,29.7,19.7,47
2020-12-13,-16.8,-14.6,53,0.00,3,0.31,0.0,22.4,12.4,42
2020-12-14,-14.8,-13.0,58,0.20,112,0.29,2.0,17.0,10.9,55
2020-12-15,-11.9,-9.0,72,0.60,97,0.21,6.0,13.4,9.3,64
2020-12-16,-8.8,-7.7,80,4.00,69,0.12,16.0,13.8,4.5,72
2020-12-17,-12.0,-9.3,77,1.80,41,0.20,9.0,26.6,16.9,64
2020-12-18,-18.6,-11.9,61,0.30,76,0.29,3.0,23.1,16.0,54
2020-12-19,-7.1,-1.6,74,5.40,341,0.37,11.0,27.9,16.9,67
2020-12-20,-2.1,1.4,77,2.30,292,0.39,12.0,35.9,16.9,64
2020-12-21,-1.3,0.8,71,0.60,273,0.57,3.0,20.8,16.7,59
2020-12-22,-8.0,-3.8,82,0.40,296,0.13,3.0,16.8,11.0,72
2020-12-23,-7.7,-0.9,74,0.00,302,0.34,0.0,16.1,11.5,49
2020-12-24,2.8,5.0,56,0.00,291,1.24,0.0,26.9,19.6,40
2020-12-25,-2.5,2.5,83,0.00,290,0.29,0.0,21.7,10.3,57
2020-12-26,-5.0,-3.7,89,0.70,101,0.11,5.0,10.2,7.5,80
2020-12-27,-8.4,-5.0,85,0.00,104,0.16,0.0,13.9,9.1,69
2020-12-28,-6.2,-1.9,84,0.20,313,0.20,2.0,31.4,10.3,74
2020-12-29,-7.6,-4.9,78,0.00,293,0.28,0.0,25.8,14.6,66
2020-12-30,-6.2,-4.0,72,0.00,313,0.29,0.0,11.9,8.6,64
2020-12-31,-8.5,-7.1,85,0.00,305,0.12,0.0,12.4,9.3,74
2021-01-01,-5.9,-3.3,86,2.40,69,0.14,12.0,17.2,11.0,81
2021-01-02,-5.5,-1.1,85,1.50,101,0.21,7.0,20.4,12.7,68
2021-01-03,-0.2,2.6,71,1.40,271,0.78,4.0,26.7,16.3,45
2021-01-04,-0.1,2.7,58,0.00,278,1.01,0.0,26.8,16.6,47
2021-01-05,-3.1,-0.2,69,0.10,54,0.44,1.0,17.6,9.9,59
2021-01-06,-2.0,4.7,66,0.00,109,0.69,0.0,23.5,13.9,37
2021-01-07,0.6,4.9,47,0.00,276,1.17,0.0,24.4,13.3,36
2021-01-08,-5.0,0.2,68,0.00,113,0.43,0.0,16.8,10.8,43
2021-01-09,-5.0,1.1,71,0.00,322,0.43,0.0,15.6,9.7,51
2021-01-10,-6.2,-0.3,75,0.00,104,0.27,0.0,13.4,7.6,53
2021-01-11,-2.3,1.8,68,0.00,16,0.40,0.0,12.8,7.6,54
2021-01-12,-0.1,5.9,60,0.00,237,1.05,0.0,27.4,16.8,43
2021-01-13,-1.9,0.6,77,4.50,289,0.34,7.0,28.2,13.0,59
2021-01-14,-1.6,0.2,58,0.00,281,1.21,0.0,34.7,26.8,48
2021-01-15,-2.4,5.9,60,0.00,172,0.97,0.0,28.6,15.2,42
2021-01-16,2.4,5.1,58,0.00,275,1.53,0.0,31.0,26.6,46
2021-01-17,-0.6,0.9,85,4.40,288,0.22,12.0,22.8,10.6,70
2021-01-18,0.6,1.3,79,0.80,286,0.65,2.0,29.8,23.3,64
2021-01-19,0.9,9.0,60,0.00,277,1.01,0.0,27.4,13.9,37
2021-01-20,0.4,6.5,55,1.40,283,1.65,3.0,42.9,37.6,44
2021-01-21,-4.2,-1.9,78,1.30,301,0.41,8.0,24.9,14.9,62
2021-01-22,-5.0,-4.1,77,1.10,295,0.28,8.0,22.7,12.2,72
2021-01-23,-14.5,-5.8,62,1.00,18,0.30,4.0,22.2,10.5,47
2021-01-24,-18.0,-15.6,61,0.10,113,0.33,1.0,18.4,16.5,54
2021-01-25,-18.1,-16.1,64,0.00,115,0.30,0.0,20.1,18.5,54
2021-01-26,-17.7,-15.6,64,1.90,119,0.30,19.0,21.3,18.2,59
2021-01-27,-17.8,-14.5,72,0.00,109,0.21,0.0,14.7,11.0,58
2021-01-28,-16.1,-14.8,71,1.70,323,0.20,12.0,9.6,5.5,59
2021-01-29,-16.5,-10.6,70,0.00,102,0.30,0.0,14.9,12.1,53
2021-01-30,-14.9,-8.9,72,0.00,99,0.35,0.0,16.4,14.8,55
2021-01-31,-13.1,-8.2,75,0.00,102,0.35,0.0,18.6,15.9,59
2021-02-01,-10.2,-7.3,78,0.00,79,0.35,0.0,19.1,14.4,67
2021-02-02,-13.5,-9.9,76,10.10,331,0.12,19.0,17.0,7.8,69
2021-02-03,-18.5,-17.0,70,3.50,306,0.28,16.0,17.4,15.9,66
2021-02-04,-21.9,-16.6,76,1.00,290,0.17,7.0,19.9,9.6,67
2021-02-05,-22.9,-17.0,75,0.40,317,0.14,4.0,17.3,7.0,64
2021-02-06,-27.8,-22.8,74,0.00,299,0.11,0.0,11.9,8.8,63
2021-02-07,-30.2,-22.6,68,0.00,264,0.15,0.0,12.4,8.1,49
2021-02-08,-29.2,-25.0,68,0.00,288,0.12,0.0,21.2,14.0,62
2021-02-09,-29.9,-27.5,67,0.00,284,0.14,0.0,29.7,26.5,62
2021-02-10,-28.2,-26.3,66,0.20,289,0.17,2.0,30.2,23.9,57
2021-02-11,-27.5,-25.9,69,0.00,292,0.14,0.0,25.1,18.3,63
2021-02-12,-24.1,-20.5,72,0.20,291,0.24,2.0,27.8,17.0,67
2021-02-13,-23.6,-17.1,74,0.00,121,0.23,0.0,16.5,11.2,57
2021-02-14,-22.1,-16.8,70,0.00,117,0.27,0.0,24.4,20.3,51
2021-02-15,-19.4,-15.8,68,0.00,124,0.35,0.0,26.3,22.4,58
2021-02-16,-16.8,-12.8,76,1.10,102,0.29,11.0,19.6,10.9,64
2021-02-17,-15.9,-10.4,76,0.00,297,0.38,0.0,15.8,11.4,59
2021-02-18,-13.2,-0.7,72,0.00,96,0.66,0.0,18.7,10.4,47
2021-02-19,-5.5,1.7,73,0.30,60,0.70,3.0,17.4,10.2,55
2021-02-20,-0.7,1.5,60,0.20,265,1.33,1.0,30.0,21.2,55
2021-02-21,1.7,8.1,62,0.50,266,1.44,5.0,29.0,18.9,46
2021-02-22,3.4,7.4,60,0.70,279,1.84,3.0,33.9,27.8,45
2021-02-23,-0.9,2.4,68,0.60,281,0.99,4.0,22.7,19.2,57
2021-02-24,-2.4,1.4,69,0.20,275,0.99,2.0,18.3,15.5,39
2021-02-25,-1.4,3.3,61,2.10,270,0.90,9.0,25.3,9.6,47
2021-02-26,-12.0,0.5,65,1.40,351,0.43,11.0,18.9,8.5,48
2021-02-27,-13.6,-8.3,62,0.40,302,0.54,4.0,16.9,8.5,49
2021-02-28,-10.8,-7.7,71,2.60,115,0.46,16.0,20.9,14.0,61
2021-03-01,-4.9,7.8,74,2.20,101,0.87,8.0,22.3,11.9,43
2021-03-02,-2.6,3.5,75,1.40,286,1.07,4.0,21.0,11.4,41
2021-03-03,-1.1,8.2,63,0.00,192,1.43,0.0,17.1,8.9,33
2021-03-04,-0.7,7.1,77,0.00,115,1.13,0.0,15.7,11.8,44
2021-03-05,-0.0,8.4,83,0.00,108,1.14,0.0,19.7,15.5,49
2021-03-06,2.8,8.4,63,0.00,221,1.56,0.0,16.8,10.7,27
2021-03-07,0.2,4.9,62,0.00,280,1.33,0.0,14.6,8.9,44
2021-03-08,-2.7,2.8,73,0.00,201,0.95,0.0,12.9,9.6,50
2021-03-09,-2.4,0.9,77,0.40,87,0.95,4.0,12.8,8.3,55
2021-03-10,-8.1,-0.9,73,1.10,317,0.67,5.0,17.7,13.6,49
2021-03-11,-10.5,3.5,58,0.00,146,1.08,0.0,15.9,8.5,25
2021-03-12,0.5,5.9,54,0.00,283,1.62,0.0,19.9,10.9,35
2021-03-13,2.1,10.3,74,0.10,117,1.42,1.0,19.7,11.2,43
2021-03-14,4.1,12.1,71,0.00,110,1.67,0.0,17.9,15.2,41
2021-03-15,-3.3,8.9,65,0.00,303,1.37,0.0,32.2,16.4,34
2021-03-16,-1.2,7.9,48,0.00,273,1.92,0.0,19.7,10.0,28
2021-03-17,1.2,12.1,59,0.00,146,2.11,0.0,16.5,9.5,24
2021-03-18,3.3,14.9,58,0.00,117,2.28,0.0,14.5,9.0,22
2021-03-19,4.1,12.9,64,0.20,253,2.12,1.0,21.9,12.9,29
2021-03-20,2.3,9.3,60,0.50,256,1.58,4.0,27.2,10.9,29
2021-03-21,-2.1,5.8,57,0.20,295,1.64,2.0,28.8,12.6,27
2021-03-22,-2.2,3.6,63,1.40,46,0.90,9.0,10.3,6.8,36
2021-03-23,-5.2,4.0,53,0.20,103,1.32,2.0,15.1,10.6,38
2021-03-24,-1.9,0.4,83,5.80,15,0.71,19.0,14.8,7.4,58
2021-03-25,-7.7,-4.1,67,0.00,312,1.05,0.0,16.0,10.6,37
2021-03-26,-5.4,1.5,65,0.00,292,1.29,0.0,15.5,8.1,39
2021-03-27,-0.9,7.9,63,0.20,247,1.53,1.0,18.4,7.0,45
2021-03-28,2.7,5.9,85,2.50,243,0.86,15.0,22.1,10.8,68
2021-03-29,-6.1,2.9,63,2.50,302,1.10,17.0,35.9,31.9,43
2021-03-30,-7.1,2.8,55,0.00,320,1.58,0.0,24.8,8.9,33
2021-03-31,2.6,8.1,58,0.00,279,2.13,0.0,28.0,16.3,35
2021-04-01,2.9,11.5,62,0.00,85,2.05,0.0,22.8,10.0,32
2021-04-02,2.4,7.2,42,0.00,291,2.57,0.0,30.8,15.3,31
2021-04-03,2.7,10.4,58,0.10,207,2.18,1.0,12.0,5.6,25
2021-04-04,1.9,9.1,82,11.60,275,0.88,18.0,21.3,10.2,28
2021-04-05,2.9,8.6,56,0.00,284,2.44,0.0,23.7,13.9,37
2021-04-06,4.7,8.8,58,0.20,280,2.15,2.0,14.5,9.5,45
2021-04-07,1.6,6.5,81,1.10,113,1.01,6.0,13.6,7.7,63
2021-04-08,-0.6,4.0,71,0.10,297,1.56,1.0,26.2,18.0,39
2021-04-09,1.5,10.7,43,0.00,149,2.63,0.0,16.5,8.5,17
2021-04-10,0.1,6.7,68,3.80,293,0.97,12.0,17.3,8.5,46
2021-04-11,-2.4,3.7,67,1.30,296,1.53,7.0,24.8,10.1,39
2021-04-12,-1.1,4.9,62,0.00,301,2.15,0.0,10.1,6.3,10
2021-04-13,1.5,10.9,45,0.00,144,2.91,0.0,15.3,10.2,18
2021-04-14,4.7,12.8,47,0.00,125,3.20,0.0,15.9,9.7,19
2021-04-15,6.4,14.6,50,0.00,280,3.21,0.0,12.0,5.9,25
2021-04-16,6.8,16.4,54,0.00,278,3.22,0.0,8.4,5.8,26
2021-04-17,7.9,15.7,53,0.20,241,2.70,1.0,10.9,6.4,30
2021-04-18,2.6,8.2,76,2.20,330,1.88,9.0,21.4,11.5,38
2021-04-19,2.1,8.7,55,0.00,301,2.52,0.0,17.7,11.0,34
2021-04-20,4.3,15.0,50,0.00,115,3.26,0.0,11.6,6.9,25
2021-04-21,7.8,14.2,47,0.00,291,3.11,0.0,25.3,10.5,33
2021-04-22,-1.4,7.2,57,2.80,318,2.11,12.0,26.5,18.3,24
2021-04-23,-1.7,3.7,41,0.10,285,2.48,1.0,17.1,11.4,22
2021-04-24,-1.1,3.7,41,0.10,294,2.34,1.0,13.8,7.0,26
2021-04-25,0.4,7.2,42,0.00,291,2.76,0.0,21.6,10.8,25
2021-04-26,1.9,6.6,51,0.40,296,2.12,3.0,19.8,11.4,28
2021-04-27,-3.2,2.4,62,5.60,10,1.38,21.0,12.5,8.4,47
2021-04-28,-3.8,-0.5,79,5.70,12,1.09,24.0,10.2,7.1,65
2021-04-29,-1.5,5.3,83,2.40,133,0.92,9.0,17.6,10.0,68
2021-04-30,8.8,15.1,64,0.10,286,3.52,1.0,29.5,16.5,38
2021-05-01,7.8,14.3,59,0.20,286,2.97,1.0,20.9,16.7,39
2021-05-02,3.6,8.1,73,0.80,295,2.45,2.0,16.1,12.1,39
2021-05-03,2.9,11.4,58,0.00,111,3.16,0.0,13.8,10.4,34
2021-05-04,4.8,11.2,52,0.20,112,2.48,2.0,14.8,10.9,34
2021-05-05,6.1,12.9,78,0.00,296,2.83,0.0,11.6,8.1,46
2021-05-06,8.3,17.6,61,0.00,118,3.88,0.0,24.1,12.1,28
2021-05-07,10.2,17.3,40,1.10,114,3.66,7.0,27.7,23.3,32
2021-05-08,4.4,7.9,88,12.70,121,1.12,20.0,21.0,15.8,51
2021-05-09,6.7,13.7,78,0.60,147,2.45,4.0,13.2,9.7,38
2021-05-10,8.2,14.1,59,0.00,141,2.96,0.0,12.8,8.1,39
2021-05-11,7.5,13.3,72,0.00,300,3.04,0.0,14.7,9.5,48
2021-05-12,8.4,16.6,67,0.10,125,3.27,1.0,8.4,6.6,34
2021-05-13,11.2,16.5,59,0.00,303,3.72,0.0,13.9,9.1,39
2021-05-14,10.5,17.0,63,0.00,286,3.49,0.0,12.1,6.5,40
2021-05-15,11.8,17.6,62,0.00,290,3.69,0.0,20.1,10.7,37
2021-05-16,13.2,17.7,61,0.00,300,3.17,0.0,12.1,7.5,43
2021-05-17,10.1,17.3,91,17.70,299,1.23,15.0,13.9,6.8,51
2021-05-18,5.9,9.1,94,13.80,34,0.64,13.0,13.4,7.9,82
2021-05-19,3.0,6.8,79,2.90,312,1.40,5.0,17.1,13.2,49
2021-05-20,3.6,10.2,67,0.00,113,2.78,0.0,10.1,7.1,40
2021-05-21,6.1,14.1,61,0.00,130,3.84,0.0,11.8,7.1,32
2021-05-22,9.4,17.1,52,0.00,145,4.49,0.0,19.0,13.2,29
2021-05-23,12.2,20.3,56,0.00,115,4.62,0.0,17.4,11.3,33
2021-05-24,12.3,18.7,69,0.50,331,1.99,4.0,15.5,9.6,45
2021-05-25,9.2,15.2,56,0.00,10,3.72,0.0,18.3,7.5,30
2021-05-26,8.6,13.4,55,0.10,128,3.29,1.0,22.4,16.0,28
2021-05-27,12.2,18.5,73,0.10,97,2.77,1.0,17.9,8.6,51
2021-05-28,9.1,13.5,95,37.00,287,0.75,17.0,30.4,18.0,80
2021-05-29,11.5,16.8,67,0.60,284,3.96,2.0,27.3,19.1,47
2021-05-30,12.7,19.7,62,0.00,300,4.45,0.0,14.8,8.0,42
2021-05-31,15.3,20.1,64,0.00,291,4.55,0.0,18.5,13.1,44
2021-06-01,17.9,23.2,62,0.00,277,4.90,0.0,20.9,13.6,49
2021-06-02,19.5,24.1,64,0.00,284,4.86,0.0,15.5,10.0,52
2021-06-03,18.4,23.6,70,0.00,279,4.26,0.0,19.8,10.4,39
2021-06-04,15.5,21.8,55,0.30,295,4.02,1.0,16.5,9.3,40
2021-06-05,13.6,17.3,70,1.20,272,3.42,1.0,14.4,9.8,48
2021-06-06,13.7,17.3,54,0.00,280,4.79,0.0,21.6,18.4,44
2021-06-07,10.5,14.5,78,0.50,327,2.87,4.0,16.3,9.0,50
2021-06-08,9.8,14.1,68,0.00,47,2.34,0.0,14.7,7.0,49
2021-06-09,11.3,16.9,82,5.30,108,2.31,10.0,14.3,9.6,51
2021-06-10,11.9,16.1,89,4.80,261,2.33,8.0,14.3,10.6,57
2021-06-11,13.3,17.7,64,0.40,281,4.19,3.0,18.8,12.0,45
2021-06-12,13.4,18.9,63,0.00,284,4.13,0.0,11.1,7.6,41
2021-06-13,15.0,23.0,62,0.00,157,4.84,0.0,14.5,9.1,35
2021-06-14,18.2,26.9,68,0.00,115,4.71,0.0,14.0,8.7,43
2021-06-15,17.2,23.4,90,27.60,278,1.75,10.0,18.1,7.9,68
2021-06-16,14.6,17.6,68,1.30,275,4.28,6.0,37.8,27.2,44
2021-06-17,9.7,12.5,89,11.50,284,1.25,23.0,40.1,31.4,72
2021-06-18,11.7,16.0,87,2.40,308,2.28,12.0,19.0,10.4,66
2021-06-19,14.0,19.9,79,1.40,287,3.57,8.0,16.1,10.4,43
2021-06-20,13.9,19.0,66,0.00,331,4.34,0.0,16.1,7.7,43
2021-06-21,16.9,24.1,65,0.00,240,4.85,0.0,10.3,6.3,49
2021-06-22,19.5,23.3,65,0.10,268,4.68,1.0,24.8,13.0,49
2021-06-23,15.1,20.5,80,5.90,295,3.15,14.0,22.4,18.4,56
2021-06-24,17.3,23.0,69,0.10,284,4.67,1.0,13.0,10.5,51
2021-06-25,20.2,25.1,59,0.00,275,5.43,0.0,26.1,18.5,47
2021-06-26,21.8,27.6,64,0.00,282,5.70,0.0,20.6,13.7,48
2021-06-27,22.1,28.9,66,0.00,83,5.74,0.0,11.5,8.6,44
2021-06-28,24.4,32.8,65,0.00,111,6.16,0.0,12.0,10.1,42
2021-06-29,26.4,34.4,68,0.00,127,6.40,0.0,18.6,12.0,40
2021-06-30,28.5,35.5,52,0.00,130,7.93,0.0,24.1,16.5,28
2021-07-01,28.4,34.4,43,0.00,131,8.93,0.0,24.1,19.6,31
2021-07-02,24.0,33.2,76,8.00,282,4.01,5.0,21.2,15.0,36
2021-07-03,20.1,26.0,62,0.70,285,4.77,6.0,28.2,20.4,44
2021-07-04,16.3,19.3,68,0.30,317,3.70,3.0,20.5,14.8,49
2021-07-05,14.1,17.4,72,0.00,25,2.70,0.0,14.4,6.7,57
2021-07-06,15.4,20.9,74,0.00,127,3.56,0.0,14.9,10.6,55
2021-07-07,19.0,26.9,72,0.00,123,5.04,0.0,15.4,9.0,44
2021-07-08,21.6,29.7,69,0.00,111,5.25,0.0,8.9,5.1,33
2021-07-09,23.1,29.1,64,0.00,288,5.32,0.0,10.6,7.0,45
2021-07-10,22.2,28.2,69,3.60,141,4.45,4.0,16.6,8.8,54
2021-07-11,19.8,23.2,61,0.50,280,5.02,4.0,27.1,20.1,43
2021-07-12,19.1,24.0,53,0.00,284,5.67,0.0,21.9,13.0,41
2021-07-13,19.9,26.8,65,0.00,125,4.89,0.0,12.5,8.8,40
2021-07-14,21.8,29.1,63,0.40,129,5.10,1.0,17.9,11.6,41
2021-07-15,22.5,29.2,54,0.00,275,5.47,0.0,18.5,12.8,42
2021-07-16,15.7,23.5,71,1.70,21,2.53,4.0,20.8,8.0,43
2021-07-17,12.1,15.2,92,16.00,91,1.22,22.0,17.2,14.2,70
2021-07-18,13.3,16.3,87,2.90,103,1.99,7.0,12.0,10.1,74
2021-07-19,14.4,19.9,84,1.30,128,2.58,7.0,11.6,8.8,65
2021-07-20,16.9,22.0,84,2.10,119,2.78,5.0,20.2,11.5,64
2021-07-21,17.8,20.9,84,0.30,130,2.94,3.0,16.6,9.9,68
2021-07-22,15.9,18.7,76,2.70,258,3.62,6.0,22.0,15.0,45
2021-07-23,16.1,20.1,57,0.50,272,5.19,1.0,35.8,28.2,51
2021-07-24,17.4,20.4,58,0.00,275,5.36,0.0,25.3,22.3,49
2021-07-25,17.1,20.6,63,0.00,276,4.55,0.0,19.5,12.9,50
2021-07-26,17.4,21.6,67,0.20,275,4.31,2.0,13.6,8.8,53
2021-07-27,17.7,21.8,67,0.30,270,4.62,3.0,18.7,12.4,45
2021-07-28,16.6,22.5,67,0.00,296,4.62,0.0,15.9,7.3,46
2021-07-29,19.2,24.3,70,0.00,281,4.60,0.0,16.0,7.2,49
2021-07-30,19.7,25.5,67,0.00,277,4.49,0.0,11.8,5.9,41
2021-07-31,20.6,29.1,73,0.00,128,4.83,0.0,14.0,7.8,40
2021-08-01,22.9,30.6,72,0.00,120,4.82,0.0,10.7,7.0,44
2021-08-02,21.2,26.6,85,2.70,166,1.63,6.0,9.5,5.3,69
2021-08-03,20.0,24.8,86,0.70,12,3.18,4.0,12.2,5.0,56
2021-08-04,20.7,25.8,71,0.10,285,4.30,1.0,14.2,8.0,46
2021-08-05,21.0,28.0,79,0.70,113,4.12,1.0,11.8,9.5,46
2021-08-06,19.9,25.9,79,2.50,283,2.87,6.0,20.6,12.3,62
2021-08-07,15.7,18.6,61,1.60,246,3.35,5.0,24.7,15.0,40
2021-08-08,13.4,17.8,84,4.20,293,2.12,19.0,24.1,20.3,54
2021-08-09,16.1,24.5,75,0.00,250,4.12,0.0,16.6,8.2,41
2021-08-10,18.3,23.5,51,0.00,285,5.60,0.0,37.0,29.1,41
2021-08-11,17.4,18.9,57,0.40,296,4.51,3.0,32.3,24.8,45
2021-08-12,15.9,20.4,66,0.00,305,3.40,0.0,20.9,10.6,51
2021-08-13,19.9,27.6,60,0.00,264,4.59,0.0,13.5,9.2,43
2021-08-14,23.8,28.1,47,0.00,269,5.65,0.0,29.4,15.0,37
2021-08-15,19.1,25.1,71,2.40,247,2.62,4.0,24.1,8.9,43
2021-08-16,18.0,24.9,50,0.00,278,4.32,0.0,36.0,22.6,43
2021-08-17,13.5,17.0,77,2.60,305,2.70,16.0,22.6,13.7,52
2021-08-18,15.2,20.3,65,0.20,168,2.67,1.0,17.0,9.7,46
2021-08-19,14.5,18.2,84,5.40,279,2.46,13.0,16.6,11.7,53
2021-08-20,14.6,18.0,75,0.30,301,2.72,3.0,13.5,10.5,53
2021-08-21,12.4,17.9,72,0.00,93,2.79,0.0,15.3,9.0,47
2021-08-22,13.1,17.0,75,0.30,97,2.23,3.0,21.1,17.4,54
2021-08-23,10.6,12.6,92,6.50,73,0.95,22.0,16.6,9.6,76
2021-08-24,12.0,18.1,76,0.20,265,2.52,2.0,12.2,6.6,43
2021-08-25,13.6,21.6,71,0.00,131,3.60,0.0,17.8,9.2,40
2021-08-26,15.1,21.8,65,0.00,126,3.73,0.0,16.1,12.4,41
2021-08-27,16.0,21.1,69,0.70,283,3.22,2.0,13.1,9.9,57
2021-08-28,16.0,20.5,68,0.30,281,3.50,2.0,14.5,11.8,51
2021-08-29,16.4,19.5,65,0.10,234,2.71,1.0,10.3,6.0,53
2021-08-30,13.9,20.3,86,4.20,328,2.62,6.0,11.7,5.9,44
2021-08-31,13.4,19.9,84,9.70,6,1.31,18.0,21.1,10.4,44
2021-09-01,11.3,11.9,97,33.00,322,0.63,24.0,25.0,17.4,92
2021-09-02,11.5,16.3,88,16.90,301,1.71,18.0,29.3,23.5,51
2021-09-03,12.8,19.6,73,0.00,274,3.07,0.0,21.3,7.8,48
2021-09-04,13.8,21.8,76,0.00,122,3.08,0.0,15.9,10.0,47
2021-09-05,16.7,21.2,61,0.00,243,3.47,0.0,21.2,12.4,41
2021-09-06,15.7,19.9,52,0.00,274,4.26,0.0,27.7,21.0,45
2021-09-07,14.9,18.4,59,0.00,283,3.73,0.0,23.9,15.8,46
2021-09-08,13.7,21.0,73,0.00,129,2.48,0.0,18.8,10.5,51
2021-09-09,14.9,20.4,82,2.80,274,1.90,6.0,24.3,11.9,57
2021-09-10,12.5,17.2,78,0.00,288,2.50,0.0,21.5,9.5,49
2021-09-11,12.9,18.6,82,4.70,116,1.83,8.0,13.2,9.0,58
2021-09-12,14.3,17.7,70,0.00,265,2.45,0.0,16.6,10.6,49
2021-09-13,12.9,16.2,62,0.10,274,3.04,1.0,20.6,17.1,51
2021-09-14,13.7,19.1,58,0.00,267,3.06,0.0,16.6,12.7,47
2021-09-15,10.6,15.1,76,10.70,274,2.02,12.0,32.6,22.7,48
2021-09-16,8.1,12.1,69,2.20,293,2.37,9.0,37.4,33.1,37
2021-09-17,7.4,12.7,71,0.00,141,1.53,0.0,19.4,12.0,46
2021-09-18,8.9,13.1,78,1.60,106,1.14,4.0,12.5,7.8,53
2021-09-19,8.9,12.2,83,1.60,275,1.17,9.0,20.3,14.1,64
2021-09-20,9.4,13.7,78,0.00,272,1.94,0.0,20.0,13.5,55
2021-09-21,11.3,18.7,69,0.00,214,1.95,0.0,14.9,7.6,47
2021-09-22,13.3,16.8,69,0.00,276,2.24,0.0,23.3,11.7,43
2021-09-23,10.2,15.7,51,0.00,285,3.30,0.0,31.3,23.2,40
2021-09-24,10.1,20.9,62,0.00,237,2.40,0.0,19.1,8.6,43
2021-09-25,14.9,19.2,50,0.00,285,3.62,0.0,22.4,17.6,36
2021-09-26,10.9,15.1,86,4.80,109,0.84,9.0,14.9,8.4,57
2021-09-27,11.1,19.3,88,2.30,119,1.56,6.0,18.7,9.2,53
2021-09-28,11.7,16.7,80,0.70,282,1.46,5.0,14.4,8.7,54
2021-09-29,9.1,16.9,71,0.00,178,1.97,0.0,11.1,6.9,33
2021-09-30,11.2,19.2,63,0.00,142,1.99,0.0,16.1,8.7,42
2021-10-01,11.8,15.4,55,0.00,267,2.62,0.0,22.5,14.8,39
2021-10-02,8.8,16.1,67,0.00,111,1.52,0.0,11.7,7.5,48
2021-10-03,9.6,14.4,53,0.20,258,2.31,2.0,27.2,15.2,24
2021-10-04,6.8,10.2,45,0.00,253,1.83,0.0,20.2,13.0,29
2021-10-05,6.7,11.3,64,0.20,92,1.56,2.0,18.4,8.9,45
2021-10-06,5.7,10.0,76,0.00,307,0.87,0.0,19.5,10.1,51
2021-10-07,4.8,9.7,74,0.00,260,1.48,0.0,16.2,11.3,34
2021-10-08,4.4,11.6,58,0.00,206,1.55,0.0,10.4,7.5,31
2021-10-09,7.0,13.1,55,0.00,224,1.89,0.0,19.5,10.7,37
2021-10-10,6.9,11.8,79,2.70,276,0.99,10.0,24.5,14.1,49
2021-10-11,3.5,7.0,80,1.10,294,0.91,10.0,20.9,16.2,52
2021-10-12,2.5,8.5,69,0.00,154,1.39,0.0,20.2,12.3,36
2021-10-13,3.1,7.2,67,0.60,110,0.95,5.0,14.3,8.1,41
2021-10-14,3.1,9.5,72,0.00,186,1.22,0.0,12.5,7.1,38
2021-10-15,4.9,12.0,63,0.00,244,1.39,0.0,17.4,8.6,38
2021-10-16,5.5,8.7,73,0.80,208,0.90,3.0,13.0,8.7,55
2021-10-17,5.6,8.7,83,2.00,309,0.43,7.0,19.9,11.6,60
2021-10-18,2.6,4.1,88,3.80,328,0.64,11.0,13.8,10.3,56
2021-10-19,1.7,5.4,77,0.00,116,0.71,0.0,20.2,13.5,57
2021-10-20,2.9,9.8,73,0.00,111,1.36,0.0,25.8,20.9,42
2021-10-21,3.4,8.2,59,0.00,112,1.62,0.0,22.6,15.5,41
2021-10-22,1.9,7.1,76,0.00,117,1.04,0.0,25.9,20.6,52
2021-10-23,2.9,6.1,91,10.50,109,0.32,15.0,18.2,14.6,62
2021-10-24,1.8,5.7,94,5.70,113,0.56,13.0,18.2,12.5,81
2021-10-25,3.7,4.8,95,5.20,108,0.26,12.0,21.7,16.3,86
2021-10-26,2.4,6.3,93,0.40,99,0.55,1.0,14.7,9.0,85
2021-10-27,3.5,9.7,78,0.00,273,1.02,0.0,16.6,9.7,46
2021-10-28,5.8,8.0,50,0.00,271,2.10,0.0,28.8,19.7,44
2021-10-29,2.3,4.6,67,0.00,267,1.05,0.0,23.1,15.1,46
2021-10-30,0.8,3.0,57,0.00,281,1.45,0.0,23.4,21.6,46
2021-10-31,0.2,3.7,62,0.00,282,0.99,0.0,19.3,10.7,42
2021-11-01,-0.9,4.2,63,0.00,108,0.98,0.0,17.5,13.1,34
2021-11-02,-1.4,4.0,62,0.00,103,0.97,0.0,16.9,12.6,40
2021-11-03,0.9,7.0,72,0.00,102,0.80,0.0,15.5,9.8,45
2021-11-04,1.1,7.2,77,0.00,119,0.66,0.0,12.7,8.1,50
2021-11-05,2.4,4.6,95,2.70,289,0.33,9.0,15.6,9.8,66
2021-11-06,2.0,5.5,79,0.00,279,0.75,0.0,23.1,11.3,53
2021-11-07,-0.8,3.9,75,0.00,255,0.59,0.0,12.4,7.2,45
2021-11-08,-2.4,0.6,79,0.30,243,0.37,3.0,14.2,7.2,66
2021-11-09,-2.7,0.4,88,0.00,111,0.34,0.0,32.2,17.0,69
2021-11-10,-1.1,2.9,81,3.60,109,0.56,8.0,22.9,11.8,55
2021-11-11,-1.7,2.1,71,0.00,256,0.54,0.0,12.2,8.0,55
2021-11-12,-1.7,2.3,73,4.10,118,0.71,5.0,31.9,19.3,57
2021-11-13,2.2,5.4,61,0.00,276,1.21,0.0,28.7,18.5,49
2021-11-14,-1.1,3.2,75,1.90,181,0.41,8.0,17.7,10.2,54
2021-11-15,-0.7,0.2,90,2.50,77,0.22,10.0,15.5,9.3,79
2021-11-16,-4.2,-1.3,84,11.40,329,0.28,21.0,25.9,19.0,75
2021-11-17,-7.4,-4.5,80,0.30,282,0.32,3.0,20.0,11.7,69
2021-11-18,-7.3,-0.2,79,0.00,114,0.26,0.0,10.9,7.6,72
2021-11-19,-2.5,0.1,78,0.10,268,0.44,1.0,16.6,13.2,67
2021-11-20,-7.9,-1.0,83,5.80,311,0.21,14.0,20.9,14.2,74
2021-11-21,-10.4,1.1,76,0.80,109,0.30,6.0,19.6,10.8,58
2021-11-22,1.3,3.1,85,0.10,142,0.34,1.0,18.0,11.1,75
2021-11-23,-5.6,5.3,73,0.30,294,0.55,3.0,29.6,21.4,51
2021-11-24,-14.8,-10.4,79,0.00,98,0.19,0.0,14.5,11.3,71
2021-11-25,-3.4,7.0,77,2.00,84,0.49,11.0,16.2,12.6,59
2021-11-26,3.4,6.1,63,0.00,276,1.14,0.0,32.7,19.5,55
2021-11-27,-4.7,0.3,71,0.00,270,0.59,0.0,26.3,15.8,59
2021-11-28,-0.1,4.1,85,1.90,106,0.31,5.0,18.6,10.8,70
2021-11-29,1.3,5.0,77,0.50,281,0.59,2.0,23.1,16.5,65
2021-11-30,-1.2,4.3,78,2.90,117,0.42,3.0,17.7,9.9,65
2021-12-01,1.8,5.8,72,8.90,285,0.90,6.0,36.6,18.8,49
2021-12-02,-2.0,2.8,64,0.40,270,0.87,3.0,40.6,18.6,38
2021-12-03,-4.3,-2.6,61,0.00,287,0.76,0.0,32.4,17.3,55
2021-12-04,-9.0,-6.8,76,1.30,28,0.15,7.0,10.7,6.5,67
2021-12-05,-16.8,-10.9,62,0.30,301,0.31,3.0,22.2,17.3,44
2021-12-06,-14.1,-8.7,58,0.00,297,0.28,0.0,13.8,8.1,51
2021-12-07,-9.3,-4.8,68,0.00,294,0.29,0.0,18.7,9.2,60
2021-12-08,-2.2,0.7,82,4.10,291,0.35,16.0,32.6,14.8,62
2021-12-09,-4.5,-2.8,69,0.00,279,0.58,0.0,24.6,19.1,62
2021-12-10,-6.8,-4.5,79,0.30,277,0.24,3.0,18.4,11.4,74
2021-12-11,-4.9,0.2,71,0.20,210,0.41,1.0,24.2,11.1,56
2021-12-12,-9.9,-3.1,78,0.00,271,0.17,0.0,17.3,8.0,63
2021-12-13,-12.9,-11.0,86,1.40,15,0.09,10.0,11.8,6.1,78
2021-12-14,-17.9,-15.7,76,6.30,321,0.08,20.0,13.5,6.8,72
2021-12-15,-21.0,-18.6,76,1.00,304,0.09,7.0,12.3,8.7,68
2021-12-16,-22.4,-20.6,75,1.80,90,0.09,11.0,17.4,11.5,73
2021-12-17,-26.5,-20.9,71,0.30,295,0.10,3.0,18.4,12.1,54
2021-12-18,-23.8,-18.1,71,0.40,92,0.12,4.0,17.7,12.6,65
2021-12-19,-15.7,-14.2,78,1.40,294,0.20,12.0,26.9,21.6,75
2021-12-20,-15.8,-13.8,80,0.00,296,0.13,0.0,21.1,11.4,74
2021-12-21,-9.3,-5.5,74,1.30,287,0.35,10.0,24.9,17.0,68
2021-12-22,-8.2,-5.9,88,5.30,74,0.10,24.0,14.5,9.4,80
2021-12-23,-13.8,-11.4,82,5.60,40,0.09,24.0,18.5,10.4,76
2021-12-24,-22.2,-17.2,74,1.10,303,0.13,11.0,19.4,18.1,67
2021-12-25,-27.1,-24.5,70,0.00,294,0.11,0.0,20.4,18.6,67
2021-12-26,-28.5,-27.5,70,0.00,287,0.08,0.0,17.1,13.3,67
2021-12-27,-30.0,-27.6,69,0.00,293,0.07,0.0,14.0,10.5,58
2021-12-28,-29.4,-24.5,67,0.20,311,0.08,2.0,22.6,11.3,55
2021-12-29,-25.4,-23.7,70,0.00,296,0.12,0.0,23.5,14.8,62
2021-12-30,-27.4,-24.5,73,0.30,318,0.07,3.0,16.6,11.8,68
2021-12-31,-28.1,-26.7,72,0.00,298,0.07,0.0,13.2,10.5,67
2022-01-01,-27.3,-17.5,68,1.70,98,0.12,7.0,21.0,14.5,56
2022-01-02,-18.1,-13.4,75,2.60,355,0.15,10.0,22.7,15.5,67
2022-01-03,-25.6,-23.3,71,4.80,88,0.08,14.0,16.2,10.0,67
2022-01-04,-26.9,-25.1,70,2.70,340,0.06,14.0,10.4,7.0,67
2022-01-05,-31.1,-28.4,69,0.00,292,0.07,0.0,14.5,12.0,64
2022-01-06,-32.2,-27.7,68,0.00,86,0.07,0.0,14.4,9.1,53
2022-01-07,-29.6,-26.6,71,0.90,62,0.07,9.0,15.6,10.8,68
2022-01-08,-25.9,-24.3,71,0.50,287,0.12,5.0,20.1,15.2,68
2022-01-09,-23.8,-18.9,69,1.70,99,0.13,13.0,17.0,11.2,64
2022-01-10,-17.1,-12.2,75,0.60,96,0.21,5.0,20.5,15.8,64
2022-01-11,-1.9,0.8,75,0.50,314,0.36,5.0,18.7,8.8,66
2022-01-12,0.3,2.9,78,0.00,291,0.49,0.0,23.5,14.1,72
2022-01-13,-1.5,2.2,93,1.20,293,0.16,8.0,20.5,7.7,79
2022-01-14,-3.6,-0.4,85,0.00,254,0.26,0.0,23.2,11.1,66
2022-01-15,0.4,4.6,71,0.00,277,0.87,0.0,30.2,17.1,60
2022-01-16,-0.0,3.6,81,0.40,283,0.52,2.0,28.5,15.9,66
2022-01-17,-3.4,-0.6,91,6.80,327,0.13,19.0,24.7,10.9,78
2022-01-18,-22.0,-17.0,72,1.20,307,0.18,7.0,27.3,17.8,67
2022-01-19,-24.7,-18.9,69,0.00,95,0.16,0.0,18.4,12.6,55
2022-01-20,-14.6,3.5,67,1.10,80,0.43,5.0,35.6,18.7,59
2022-01-21,-6.4,2.4,76,0.80,305,0.43,8.0,36.7,20.1,68
2022-01-22,-1.1,5.2,79,4.70,309,0.55,13.0,31.0,16.7,62
2022-01-23,3.7,5.3,71,9.50,285,1.13,10.0,29.3,26.7,55
2022-01-24,-2.4,1.2,93,13.60,319,0.15,22.0,19.9,7.8,81
2022-01-25,-2.9,4.7,79,0.40,284,0.61,4.0,34.7,13.2,51
2022-01-26,1.6,5.0,81,3.30,286,0.70,11.0,35.6,27.8,63
2022-01-27,-3.1,0.3,83,0.00,289,0.40,0.0,24.6,11.4,65
2022-01-28,-4.0,3.7,71,0.00,293,0.76,0.0,31.9,13.6,48
2022-01-29,-1.2,3.3,81,0.00,290,0.51,0.0,27.6,11.0,62
2022-01-30,-0.0,2.8,82,0.00,297,0.50,0.0,19.1,8.5,67
2022-01-31,-11.0,-0.3,80,8.60,317,0.22,14.0,30.1,19.5,66
2022-02-01,-21.0,-18.6,74,0.00,290,0.19,0.0,21.5,17.3,65
2022-02-02,-24.8,-19.6,71,0.00,71,0.17,0.0,21.0,11.7,57
2022-02-03,-21.0,-19.6,74,1.10,327,0.17,8.0,14.3,9.7,63
2022-02-04,-18.6,-14.8,74,11.80,109,0.19,20.0,23.4,16.8,67
2022-02-05,-11.4,-3.4,81,3.50,316,0.27,15.0,18.8,10.7,72
2022-02-06,2.4,7.0,66,0.20,283,1.38,2.0,33.7,22.4,49
2022-02-07,5.3,7.1,57,0.40,270,1.65,1.0,35.7,20.3,47
2022-02-08,2.9,5.5,69,4.40,284,1.29,6.0,36.4,27.2,60
2022-02-09,2.9,5.1,77,1.00,279,0.75,6.0,22.5,14.8,61
2022-02-10,5.5,8.8,73,9.50,284,1.33,14.0,41.4,31.3,63
2022-02-11,-4.5,2.2,71,0.10,309,0.76,1.0,36.4,20.5,53
2022-02-12,-4.7,1.0,74,0.00,89,0.52,0.0,13.7,8.8,49
2022-02-13,0.4,5.4,72,1.30,297,0.90,4.0,34.8,18.4,59
2022-02-14,-6.1,-2.0,74,0.00,102,0.52,0.0,15.9,12.6,57
2022-02-15,-8.1,-1.7,74,1.90,312,0.46,4.0,28.0,15.3,59
2022-02-16,-14.4,-10.8,60,1.00,58,0.41,6.0,11.2,7.1,44
2022-02-17,-9.0,1.1,74,5.00,43,0.59,8.0,25.1,15.2,63
2022-02-18,-12.9,-4.1,68,2.40,324,0.46,14.0,22.4,15.4,48
2022-02-19,-4.3,4.1,76,6.00,307,0.58,15.0,29.8,18.4,66
2022-02-20,-18.0,-12.4,72,0.40,44,0.25,4.0,13.5,7.7,61
2022-02-21,-22.6,-17.6,74,0.00,299,0.23,0.0,18.5,11.4,57
2022-02-22,-21.8,-17.7,70,0.00,291,0.31,0.0,17.3,13.1,53
2022-02-23,-19.6,-9.4,69,0.90,105,0.33,6.0,12.6,8.9,56
2022-02-24,-8.6,-5.6,80,3.50,297,0.44,14.0,19.0,13.7,67
2022-02-25,-7.9,-1.1,74,0.00,287,0.74,0.0,24.4,13.3,59
2022-02-26,-3.5,-0.3,76,0.00,301,0.70,0.0,24.4,10.0,65
2022-02-27,-6.3,-1.3,87,4.20,104,0.30,15.0,17.9,14.4,75
2022-02-28,-8.2,-4.2,85,2.30,103,0.47,8.0,13.3,8.4,69
2022-03-01,-6.3,-4.6,87,6.50,95,0.26,11.0,13.5,9.3,82
2022-03-02,-7.6,-5.7,81,1.50,108,0.48,12.0,20.4,16.6,71
2022-03-03,-8.0,-4.5,81,0.10,118,0.49,1.0,17.7,14.6,68
2022-03-04,-8.2,-3.1,78,0.60,117,0.69,6.0,16.4,11.6,60
2022-03-05,-7.7,-1.7,81,0.00,314,0.67,0.0,13.0,5.6,64
2022-03-06,-5.8,4.0,77,0.00,288,1.05,0.0,17.7,9.2,40
2022-03-07,-0.9,2.7,70,0.50,295,0.95,4.0,37.1,26.8,60
2022-03-08,-8.8,-5.2,71,1.10,315,0.64,11.0,29.2,21.8,56
2022-03-09,-13.1,-7.1,67,0.00,299,0.70,0.0,21.4,17.0,46
2022-03-10,-11.3,-6.4,62,0.00,306,0.81,0.0,27.7,20.7,51
2022-03-11,-13.3,-4.1,69,1.00,105,0.52,6.0,14.4,11.1,53
2022-03-12,-1.5,3.2,74,3.30,292,0.95,10.0,27.6,19.2,65
2022-03-13,-10.3,-2.3,78,1.30,8,0.48,7.0,14.1,8.4,62
2022-03-14,-9.1,2.7,74,1.90,101,0.92,9.0,18.2,12.0,55
2022-03-15,-3.5,3.8,76,7.90,102,0.80,5.0,14.4,7.7,63
2022-03-16,3.0,5.9,68,0.00,282,1.73,0.0,25.4,20.5,59
2022-03-17,1.8,8.1,67,0.00,261,1.66,0.0,16.7,9.4,43
2022-03-18,2.1,8.1,68,0.00,274,1.72,0.0,18.0,12.4,50
2022-03-19,-1.6,9.1,75,0.00,123,1.53,0.0,13.4,8.0,45
2022-03-20,1.2,7.4,75,0.00,285,1.21,0.0,21.6,14.9,41
2022-03-21,-0.8,5.7,66,0.00,281,1.38,0.0,16.8,8.1,42
2022-03-22,2.5,14.4,69,0.00,185,1.87,0.0,17.0,7.7,27
2022-03-23,6.3,15.0,67,0.00,148,2.27,0.0,33.3,8.6,43
2022-03-24,1.6,6.6,74,0.90,292,1.55,6.0,29.6,21.0,48
2022-03-25,-3.3,3.3,68,0.00,85,1.29,0.0,18.4,12.0,41
2022-03-26,-4.4,-0.4,60,2.10,115,1.23,10.0,19.5,17.7,45
2022-03-27,-2.2,4.8,68,0.00,114,1.46,0.0,16.1,10.2,50
2022-03-28,-0.5,4.0,78,0.50,110,1.00,5.0,11.0,6.7,57
2022-03-29,0.7,12.4,65,0.00,206,2.08,0.0,8.4,6.8,18
2022-03-30,4.1,11.8,60,0.00,123,2.28,0.0,12.6,7.5,30
2022-03-31,3.8,9.9,63,2.10,286,2.18,5.0,30.1,24.5,45
2022-04-01,0.3,6.6,78,0.10,297,1.63,1.0,19.6,9.1,38
2022-04-02,2.7,7.5,62,0.00,202,2.14,0.0,19.6,11.8,36
2022-04-03,3.3,12.1,54,0.00,158,2.69,0.0,17.4,10.6,30
2022-04-04,3.6,11.6,66,0.00,115,1.78,0.0,18.6,8.2,33
2022-04-05,3.4,7.6,71,0.90,293,1.65,7.0,21.9,17.3,39
2022-04-06,3.3,6.8,58,0.00,285,2.22,0.0,28.2,17.8,45
2022-04-07,3.0,12.4,62,0.00,136,2.51,0.0,19.3,11.3,30
2022-04-08,7.0,16.8,59,1.20,112,2.95,2.0,23.7,15.8,34
2022-04-09,3.3,9.1,71,2.30,288,1.58,10.0,40.3,33.3,55
2022-04-10,-1.1,1.9,56,0.30,309,1.92,1.0,32.9,27.1,38
2022-04-11,-6.0,-0.1,53,0.00,332,1.58,0.0,26.6,20.3,38
2022-04-12,-7.8,-2.4,48,0.90,348,1.62,9.0,20.7,14.9,23
2022-04-13,-8.0,-2.6,47,0.00,352,1.62,0.0,15.2,8.2,27
2022-04-14,-6.2,0.7,51,0.00,4,1.76,0.0,13.0,7.0,31
2022-04-15,-2.5,2.8,55,0.00,96,1.57,0.0,9.2,6.4,27
2022-04-16,-1.5,2.5,45,0.00,124,1.83,0.0,15.5,9.6,25
2022-04-17,-1.1,3.7,53,0.00,184,1.89,0.0,9.5,5.8,27
2022-04-18,-0.8,6.2,63,0.00,67,1.99,0.0,21.5,8.5,34
2022-04-19,1.2,5.4,63,4.90,91,1.66,8.0,21.7,19.5,38
2022-04-20,1.4,8.8,63,0.20,65,2.26,2.0,12.7,5.0,23
2022-04-21,2.0,8.8,61,0.00,137,2.36,0.0,22.4,14.1,39
2022-04-22,3.9,12.0,65,0.10,120,2.65,1.0,14.1,8.0,35
2022-04-23,5.3,12.6,68,0.10,265,2.81,1.0,10.9,6.7,31
2022-04-24,6.3,15.4,60,0.00,118,3.14,0.0,17.2,9.4,28
2022-04-25,7.4,14.1,53,0.00,117,3.65,0.0,24.5,18.9,33
2022-04-26,6.2,13.2,56,0.20,111,3.12,1.0,19.5,14.4,38
2022-04-27,3.7,9.9,85,6.10,104,0.80,17.0,12.4,5.5,46
2022-04-28,2.5,5.5,93,6.10,273,0.92,24.0,14.9,10.0,69
2022-04-29,3.1,6.5,87,0.50,303,1.42,5.0,15.3,9.4,68
2022-04-30,3.3,10.0,81,0.90,329,2.02,2.0,10.9,5.1,56
2022-05-01,2.6,9.1,85,8.00,104,0.80,9.0,18.8,11.7,54
2022-05-02,3.7,9.9,87,0.50,95,1.58,4.0,15.4,10.1,54
2022-05-03,4.2,12.8,79,1.10,115,1.84,6.0,15.6,12.1,54
2022-05-04,7.5,13.0,84,2.10,123,1.43,5.0,18.5,6.0,53
2022-05-05,8.4,15.1,80,0.80,124,2.30,5.0,13.4,8.4,53
2022-05-06,9.2,17.1,81,15.10,318,1.25,12.0,25.6,12.1,47
2022-05-07,4.4,7.6,83,3.90,274,1.21,17.0,26.1,22.8,70
2022-05-08,2.0,3.3,82,5.40,282,1.26,24.0,27.6,24.8,65
2022-05-09,0.6,2.8,74,2.20,291,1.45,12.0,25.8,21.1,56
2022-05-10,-0.6,3.8,66,0.70,293,1.55,7.0,19.7,14.4,58
2022-05-11,4.9,12.2,70,1.80,342,3.01,5.0,13.7,8.4,40
2022-05-12,8.0,17.0,62,0.00,119,3.42,0.0,13.5,8.8,33
2022-05-13,9.5,17.1,64,1.20,117,3.67,2.0,19.4,11.1,36
2022-05-14,8.7,12.6,71,1.50,291,3.01,6.0,19.3,13.9,38
2022-05-15,8.3,16.5,55,0.00,302,3.90,0.0,15.1,7.3,30
2022-05-16,10.6,17.1,56,0.20,110,3.38,1.0,22.2,13.6,40
2022-05-17,9.7,17.1,69,10.90,286,3.48,8.0,19.7,15.2,29
2022-05-18,8.1,13.4,57,0.50,245,2.91,3.0,18.6,9.2,32
2022-05-19,5.5,8.4,92,8.90,311,1.06,21.0,19.3,11.9,60
2022-05-20,5.0,10.1,62,0.00,319,2.75,0.0,18.4,11.3,34
2022-05-21,6.3,12.1,54,0.00,312,3.73,0.0,12.7,7.9,28
2022-05-22,7.9,15.4,58,0.00,292,3.83,0.0,20.6,8.5,32
2022-05-23,10.2,16.4,64,0.00,42,3.95,0.0,12.1,7.6,42
2022-05-24,10.7,17.0,71,1.00,99,3.35,3.0,12.2,7.3,39
2022-05-25,9.5,15.8,80,0.90,147,2.93,3.0,18.0,5.6,46
2022-05-26,10.5,15.6,74,0.30,298,3.62,3.0,11.6,8.0,47
2022-05-27,11.3,19.8,74,0.70,123,3.10,3.0,19.6,8.7,41
2022-05-28,11.2,15.3,78,4.50,289,3.32,8.0,20.7,14.4,44
2022-05-29,8.6,13.0,81,0.60,313,1.65,5.0,22.0,14.0,54
2022-05-30,8.8,14.4,68,0.30,306,3.58,2.0,21.7,10.1,35
2022-05-31,9.7,16.0,62,0.00,292,4.13,0.0,16.8,9.8,37
2022-06-01,11.8,17.4,62,0.00,292,4.23,0.0,8.5,5.8,38
2022-06-02,12.5,20.0,60,0.00,79,4.49,0.0,10.2,5.7,31
2022-06-03,14.3,22.6,58,0.00,122,4.96,0.0,14.8,8.4,25
2022-06-04,15.6,22.0,49,0.00,117,4.31,0.0,19.9,13.2,29
2022-06-05,15.9,21.3,45,0.00,112,5.17,0.0,22.8,16.6,27
2022-06-06,14.8,19.3,51,0.00,112,4.26,0.0,20.1,14.9,34
2022-06-07,12.2,17.0,83,0.70,118,1.99,6.0,16.1,9.5,61
2022-06-08,14.1,21.7,71,0.60,121,3.92,3.0,19.2,11.7,37
2022-06-09,14.5,20.7,76,2.80,197,3.98,5.0,15.4,5.6,41
2022-06-10,14.0,20.0,76,8.80,236,2.78,10.0,14.1,9.5,56
2022-06-11,14.1,19.0,69,1.20,246,3.76,2.0,13.2,7.0,50
2022-06-12,14.0,17.7,62,0.90,284,4.30,1.0,14.7,10.4,41
2022-06-13,15.2,21.1,66,0.00,290,4.46,0.0,12.4,6.4,36
2022-06-14,15.3,20.5,72,8.50,341,2.36,10.0,18.0,12.8,44
2022-06-15,13.7,19.9,88,15.50,307,2.32,17.0,19.9,17.1,48
2022-06-16,15.6,20.2,70,0.00,317,4.15,0.0,15.9,8.5,52
2022-06-17,15.1,20.6,84,9.40,113,2.49,16.0,19.1,13.6,61
2022-06-18,14.8,17.9,95,34.10,63,1.84,23.0,10.2,7.1,81
2022-06-19,15.0,18.2,78,3.40,281,3.74,8.0,18.9,13.6,56
2022-06-20,14.7,19.5,77,1.10,302,3.69,6.0,16.6,12.9,48
2022-06-21,15.4,21.2,74,1.30,286,4.43,4.0,12.9,6.0,49
2022-06-22,15.7,19.4,78,3.20,270,3.52,8.0,17.9,10.5,56
2022-06-23,13.6,16.7,78,20.40,305,2.46,9.0,17.7,11.0,64
2022-06-24,12.6,15.9,74,4.40,352,2.95,11.0,17.3,13.4,48
2022-06-25,14.6,20.0,64,0.00,289,4.84,0.0,16.5,12.3,49
2022-06-26,16.1,20.2,70,0.00,269,4.34,0.0,20.8,9.3,48
2022-06-27,13.7,18.7,84,1.00,13,1.78,2.0,15.3,6.0,65
2022-06-28,13.2,19.4,79,0.00,130,3.33,0.0,15.5,9.9,56
2022-06-29,15.5,19.9,85,11.70,90,3.29,15.0,12.1,8.9,55
2022-06-30,17.0,21.0,70,0.10,306,4.38,1.0,12.8,8.9,48
2022-07-01,14.8,21.3,83,3.20,84,1.93,9.0,14.8,8.7,55
2022-07-02,12.3,16.2,78,0.30,99,2.42,3.0,11.9,6.0,61
2022-07-03,14.5,19.9,73,0.10,181,3.94,1.0,8.6,4.9,43
2022-07-04,15.6,21.1,78,1.70,102,3.93,4.0,12.3,7.9,50
2022-07-05,14.8,18.2,86,2.40,114,2.74,10.0,16.3,10.4,73
2022-07-06,13.9,19.1,84,0.90,125,3.04,7.0,14.9,9.6,60
2022-07-07,15.5,19.7,83,1.40,126,2.90,5.0,22.7,14.1,67
2022-07-08,16.4,20.2,91,12.80,123,2.97,11.0,16.1,6.4,75
2022-07-09,17.3,21.4,66,0.40,256,4.92,1.0,16.9,12.1,42
2022-07-10,17.1,21.2,59,0.10,266,4.88,1.0,28.0,19.0,48
2022-07-11,18.1,22.4,57,0.00,276,5.38,0.0,24.4,18.8,40
2022-07-12,18.2,22.3,76,0.60,294,4.22,1.0,11.3,7.3,51
2022-07-13,16.9,20.1,72,13.90,288,4.12,5.0,22.7,14.1,44
2022-07-14,16.6,22.2,54,0.10,257,5.18,1.0,18.8,13.6,42
2022-07-15,18.0,23.6,72,0.20,231,3.89,1.0,14.5,6.2,52
2022-07-16,18.1,22.8,83,14.70,271,4.19,5.0,15.3,10.1,52
2022-07-17,18.7,22.4,68,0.00,272,4.49,0.0,12.5,6.9,56
2022-07-18,20.2,26.1,68,0.00,225,5.16,0.0,14.4,7.9,42
2022-07-19,20.1,24.0,61,2.20,273,5.26,3.0,33.3,20.7,43
2022-07-20,16.9,22.1,60,1.10,282,5.02,1.0,27.9,19.5,40
2022-07-21,18.6,22.2,59,0.00,282,4.42,0.0,22.6,12.3,45
2022-07-22,15.8,20.7,72,0.00,309,3.52,0.0,21.5,12.7,53
2022-07-23,16.2,23.2,77,0.00,125,4.04,0.0,14.3,8.9,50
2022-07-24,18.7,22.3,73,0.30,272,3.51,2.0,17.9,11.4,57
2022-07-25,16.5,19.9,86,8.30,276,2.57,17.0,13.9,10.5,64
2022-07-26,18.3,23.1,73,0.00,285,4.07,0.0,13.4,8.3,47
2022-07-27,20.2,26.1,72,0.00,152,4.43,0.0,8.5,4.9,49
2022-07-28,22.8,31.1,75,0.00,120,4.69,0.0,11.3,7.0,38
2022-07-29,22.5,29.1,76,0.00,44,4.22,0.0,10.5,5.7,53
2022-07-30,19.9,24.6,83,3.80,316,3.49,9.0,15.7,9.7,54
2022-07-31,17.5,21.5,81,0.70,126,2.88,6.0,11.2,6.7,60
2022-08-01,18.1,23.9,87,29.80,144,2.71,10.0,17.3,10.8,63
2022-08-02,15.7,20.1,89,11.60,321,2.04,16.0,16.9,9.2,59
2022-08-03,15.3,20.6,77,0.50,133,3.29,3.0,11.5,6.9,62
2022-08-04,14.5,18.4,96,51.90,10,0.79,20.0,28.7,13.1,74
2022-08-05,12.8,17.7,84,18.60,324,2.83,11.0,26.1,17.9,57
2022-08-06,14.7,19.3,77,4.30,222,2.12,4.0,15.0,9.8,61
2022-08-07,19.0,23.6,67,0.00,263,4.56,0.0,20.0,16.1,50
2022-08-08,17.7,22.3,66,0.30,277,3.99,2.0,28.6,16.8,46
2022-08-09,15.1,21.3,71,0.00,281,4.05,0.0,18.9,8.7,46
2022-08-10,17.6,24.8,72,0.00,118,4.24,0.0,15.5,13.1,52
2022-08-11,19.4,24.9,82,0.60,129,4.02,1.0,15.8,8.6,61
2022-08-12,17.8,24.6,79,0.00,102,3.75,0.0,17.5,10.5,62
2022-08-13,20.1,26.1,81,0.00,111,3.76,0.0,12.4,10.1,62
2022-08-14,19.1,24.3,80,21.10,275,3.42,7.0,20.4,13.5,53
2022-08-15,18.9,23.9,68,0.00,256,4.18,0.0,14.1,9.9,54
2022-08-16,18.3,23.3,80,0.00,261,2.40,0.0,14.2,7.0,59
2022-08-17,19.0,23.7,70,0.00,285,4.03,0.0,12.4,9.8,56
2022-08-18,19.7,27.3,76,0.00,120,4.07,0.0,12.3,7.5,49
2022-08-19,20.7,27.6,73,0.00,119,4.06,0.0,14.0,10.1,53
2022-08-20,21.8,27.4,74,0.00,274,3.63,0.0,11.2,7.7,50
2022-08-21,20.0,23.6,66,0.00,80,3.62,0.0,12.6,7.4,49
2022-08-22,19.0,25.2,74,0.00,125,3.84,0.0,14.1,10.3,47
2022-08-23,19.8,25.5,71,0.00,122,3.74,0.0,10.8,6.5,48
2022-08-24,19.5,26.7,80,0.00,118,3.61,0.0,10.7,7.4,42
2022-08-25,20.1,26.9,69,0.00,128,4.16,0.0,15.4,10.0,42
2022-08-26,20.6,26.7,69,0.00,121,3.89,0.0,11.5,7.8,46
2022-08-27,18.3,26.0,79,21.90,264,1.74,10.0,26.0,16.9,56
2022-08-28,14.7,18.6,81,9.90,288,2.51,9.0,27.2,20.6,53
2022-08-29,16.1,21.9,70,0.00,254,2.62,0.0,14.4,7.4,55
2022-08-30,19.9,27.6,67,0.00,237,3.91,0.0,12.7,7.3,39
2022-08-31,21.0,27.2,60,0.00,274,4.00,0.0,11.4,8.1,46
2022-09-01,19.1,25.3,56,0.10,284,3.91,1.0,29.3,20.0,39
2022-09-02,16.2,26.6,64,0.00,146,3.71,0.0,15.5,8.4,42
2022-09-03,20.7,30.4,61,0.00,120,4.31,0.0,14.8,11.0,39
2022-09-04,20.3,28.7,71,0.00,125,3.59,0.0,19.2,10.4,43
2022-09-05,16.5,21.3,59,0.20,276,3.77,1.0,23.1,16.4,33
2022-09-06,14.7,18.1,47,0.00,274,4.38,0.0,25.6,18.4,37
2022-09-07,13.1,17.9,74,7.30,271,2.13,6.0,24.8,9.8,39
2022-09-08,12.3,17.2,71,3.80,292,2.70,11.0,29.0,21.6,42
2022-09-09,11.4,15.9,72,0.00,291,2.65,0.0,19.8,16.8,42
2022-09-10,13.4,21.0,64,0.00,258,3.03,0.0,17.2,9.0,44
2022-09-11,13.5,20.2,75,0.00,126,2.63,0.0,11.1,5.9,54
2022-09-12,12.7,18.9,68,0.00,332,2.72,0.0,11.5,7.6,37
2022-09-13,12.5,20.0,66,0.00,110,2.86,0.0,12.8,11.0,39
2022-09-14,13.9,20.0,73,0.00,285,2.60,0.0,9.5,6.1,33
2022-09-15,13.4,20.7,67,0.30,125,2.67,1.0,18.3,11.8,41
2022-09-16,13.5,19.3,83,1.50,102,2.16,2.0,11.9,6.3,54
2022-09-17,11.6,17.0,91,5.40,253,0.90,10.0,14.8,7.7,62
2022-09-18,11.1,15.0,85,6.40,286,1.32,12.0,18.6,12.6,63
2022-09-19,9.6,13.8,84,3.20,304,0.87,11.0,24.7,15.2,72
2022-09-20,8.7,12.8,83,1.90,311,1.82,9.0,19.8,14.0,53
2022-09-21,9.5,18.6,76,0.00,119,2.27,0.0,14.0,9.0,42
2022-09-22,11.9,19.0,64,0.00,111,2.64,0.0,13.5,10.6,45
2022-09-23,14.8,18.9,55,0.00,272,3.33,0.0,24.1,17.7,34
2022-09-24,12.8,15.6,50,0.00,278,3.65,0.0,31.1,23.6,40
2022-09-25,11.7,16.1,65,0.00,262,1.58,0.0,14.3,8.4,47
2022-09-26,13.3,21.0,77,0.00,257,2.13,0.0,12.7,7.5,56
2022-09-27,16.6,23.6,72,0.00,113,2.59,0.0,15.5,10.5,50
2022-09-28,14.8,22.5,72,0.00,151,2.35,0.0,12.2,7.0,51
2022-09-29,14.1,18.6,72,0.00,156,1.37,0.0,7.1,4.5,62
2022-09-30,13.5,20.2,83,0.00,116,1.58,0.0,10.8,7.1,56
2022-10-01,14.6,20.4,77,0.00,131,2.10,0.0,17.8,11.4,53
2022-10-02,15.1,19.1,64,0.00,225,2.35,0.0,16.9,10.1,41
2022-10-03,10.0,16.9,69,0.00,114,1.41,0.0,16.2,10.4,53
2022-10-04,11.1,15.3,73,0.00,272,1.81,0.0,14.9,9.2,52
2022-10-05,7.6,14.0,78,0.70,107,0.75,3.0,17.4,12.5,57
2022-10-06,7.6,13.5,83,0.00,108,1.42,0.0,13.8,10.9,62
2022-10-07,9.6,16.8,82,0.00,286,1.54,0.0,10.5,6.9,58
2022-10-08,10.9,16.2,76,0.00,291,1.57,0.0,12.2,8.7,60
2022-10-09,11.9,17.9,76,0.00,292,1.33,0.0,10.5,7.0,61
2022-10-10,15.4,17.7,54,4.20,267,2.69,6.0,35.9,19.2,38
2022-10-11,8.1,10.1,58,0.00,283,2.28,0.0,30.9,26.0,44
2022-10-12,7.1,10.7,66,0.00,298,1.77,0.0,25.8,15.8,48
2022-10-13,7.6,17.2,75,0.00,183,1.39,0.0,14.6,6.1,51
2022-10-14,15.1,17.9,50,0.00,288,3.14,0.0,26.0,20.2,42
2022-10-15,6.4,14.0,72,0.10,47,1.16,1.0,22.1,12.7,54
2022-10-16,5.4,13.2,59,0.00,109,1.88,0.0,17.8,16.0,46
2022-10-17,9.3,17.3,71,0.00,96,1.56,0.0,13.7,9.8,50
2022-10-18,11.0,17.7,63,0.00,287,1.69,0.0,12.1,8.3,47
2022-10-19,9.9,19.9,71,0.10,198,1.41,1.0,21.0,8.9,40
2022-10-20,13.2,18.3,43,0.00,280,3.77,0.0,33.5,27.4,35
2022-10-21,6.9,10.6,61,0.50,282,1.67,3.0,24.1,18.8,43
2022-10-22,3.7,5.5,89,3.50,293,0.60,13.0,14.2,7.3,73
2022-10-23,2.6,5.3,87,1.20,157,0.60,8.0,13.5,4.9,62
2022-10-24,1.2,3.9,86,0.00,127,0.57,0.0,17.7,14.0,69
2022-10-25,1.0,3.1,94,6.30,185,0.25,10.0,21.4,11.0,79
2022-10-26,0.8,6.4,78,1.50,207,0.88,2.0,17.0,9.5,33
2022-10-27,8.2,13.9,43,0.10,227,2.42,1.0,31.1,16.8,33
2022-10-28,7.2,10.1,42,0.00,256,2.52,0.0,24.9,19.7,31
2022-10-29,6.0,8.6,39,0.00,256,2.25,0.0,29.2,18.7,32
2022-10-30,7.8,11.9,50,0.10,227,2.08,1.0,29.1,17.0,38
2022-10-31,4.0,8.6,46,0.00,271,2.00,0.0,28.1,17.5,37
2022-11-01,0.3,1.9,77,1.90,286,0.56,6.0,14.4,8.0,61
2022-11-02,-2.7,-0.2,73,0.30,336,0.58,2.0,17.7,14.7,56
2022-11-03,-5.9,-0.3,72,0.00,125,0.60,0.0,16.5,10.5,43
2022-11-04,0.4,4.5,62,0.60,245,0.87,6.0,15.9,9.3,46
2022-11-05,-3.8,-0.2,73,2.80,2,0.42,15.0,20.7,12.7,57
2022-11-06,-11.2,-8.9,65,0.00,344,0.46,0.0,18.8,14.3,49
2022-11-07,-13.7,-11.8,53,1.00,73,0.45,9.0,17.0,13.1,50
2022-11-08,-12.9,-11.3,61,2.30,52,0.34,12.0,15.1,8.6,57
2022-11-09,-14.1,-8.9,62,0.10,148,0.40,1.0,12.3,9.6,42
2022-11-10,-12.9,-5.3,65,0.00,110,0.41,0.0,13.7,9.5,43
2022-11-11,-10.5,-4.2,72,0.00,121,0.36,0.0,13.4,8.0,48
2022-11-12,-2.9,0.1,77,3.10,291,0.43,10.0,22.2,14.4,67
2022-11-13,-2.0,2.2,72,0.00,281,0.66,0.0,23.4,14.9,58
2022-11-14,-0.2,2.2,80,0.00,287,0.60,0.0,24.2,16.6,71
2022-11-15,-0.1,3.4,76,0.00,280,0.63,0.0,26.8,14.3,67
2022-11-16,-2.9,1.4,74,0.00,303,0.54,0.0,25.0,20.8,58
2022-11-17,-8.7,-4.1,59,0.00,292,0.62,0.0,21.1,15.7,40
2022-11-18,-5.3,-2.0,51,0.00,283,1.04,0.0,25.9,21.2,41
2022-11-19,-4.4,0.3,52,0.00,290,0.94,0.0,28.7,15.1,39
2022-11-20,0.1,1.9,56,0.00,287,1.19,0.0,23.4,19.5,44
2022-11-21,1.8,4.8,84,0.70,285,0.54,6.0,26.0,13.5,64
2022-11-22,3.4,7.0,68,0.00,279,0.68,0.0,17.5,9.5,56
2022-11-23,2.1,4.9,74,0.00,283,0.77,0.0,22.7,17.9,57
2022-11-24,2.1,6.0,85,3.30,144,0.38,8.0,14.4,6.7,65
2022-11-25,2.8,4.8,82,3.70,270,0.63,11.0,30.3,17.7,53
2022-11-26,0.5,3.6,69,0.20,277,0.68,1.0,24.9,14.7,56
2022-11-27,-1.5,2.3,70,1.20,282,0.54,10.0,26.8,16.2,62
2022-11-28,-11.1,-8.1,63,2.10,316,0.54,14.0,25.5,23.6,60
2022-11-29,-14.8,-13.2,64,0.80,327,0.29,8.0,20.4,12.2,56
2022-11-30,-17.4,-15.4,66,1.30,92,0.22,13.0,15.2,12.8,59
2022-12-01,-19.4,-17.5,68,0.30,107,0.13,3.0,11.2,5.5,52
2022-12-02,-20.8,-17.9,69,0.00,282,0.17,0.0,22.6,14.1,61
2022-12-03,-14.9,-8.4,59,0.00,284,0.46,0.0,30.3,19.7,49
2022-12-04,-5.1,-3.3,63,0.30,293,0.85,2.0,36.7,28.9,44
2022-12-05,-14.9,-7.2,65,0.90,321,0.31,6.0,24.1,16.2,46
2022-12-06,-25.3,-21.6,59,0.00,16,0.13,0.0,16.2,8.9,43
2022-12-07,-16.5,-4.1,68,1.30,70,0.24,8.0,15.8,12.4,55
2022-12-08,-10.6,-5.7,85,0.00,104,0.15,0.0,19.6,12.6,79
2022-12-09,-9.1,-5.2,75,0.00,107,0.16,0.0,9.5,5.5,62
2022-12-10,-11.7,-8.8,80,0.00,111,0.12,0.0,13.4,9.4,73
2022-12-11,-12.4,-7.7,79,3.70,310,0.14,18.0,21.4,13.5,67
2022-12-12,-19.1,-14.5,68,0.00,287,0.18,0.0,18.7,11.6,52
2022-12-13,-14.7,-4.4,70,0.00,93,0.25,0.0,17.0,13.7,50
2022-12-14,-4.7,-3.0,90,0.10,294,0.13,1.0,20.5,15.6,80
2022-12-15,-7.5,-3.6,82,0.00,294,0.17,0.0,15.0,9.8,74
2022-12-16,-5.0,-3.4,89,5.10,300,0.11,10.0,14.5,9.1,85
2022-12-17,-14.1,-6.8,77,7.10,351,0.15,24.0,16.6,11.5,71
2022-12-18,-20.7,-18.2,73,2.40,65,0.10,24.0,11.0,8.8,69
2022-12-19,-24.5,-22.3,72,0.80,7,0.05,8.0,13.3,5.9,69
2022-12-20,-28.8,-26.4,70,0.00,293,0.07,0.0,13.9,11.6,66
2022-12-21,-30.9,-30.1,69,0.00,288,0.07,0.0,15.6,13.6,65
2022-12-22,-31.3,-25.3,65,0.00,80,0.08,0.0,18.1,11.6,58
2022-12-23,-28.6,-22.9,69,0.00,100,0.10,0.0,20.8,17.4,64
2022-12-24,-19.2,-16.0,75,1.10,109,0.14,11.0,23.8,14.2,68
2022-12-25,-16.1,-14.8,76,5.90,305,0.15,12.0,20.5,12.3,72
2022-12-26,-14.5,-10.6,79,1.70,111,0.20,4.0,25.0,19.6,73
2022-12-27,-11.7,-10.3,83,2.60,101,0.13,8.0,18.9,12.8,77
2022-12-28,-11.0,-10.0,81,4.90,116,0.15,18.0,19.0,11.2,76
2022-12-29,-15.2,-13.1,81,0.00,99,0.11,0.0,11.5,8.2,70
2022-12-30,-11.8,-8.8,88,0.00,105,0.10,0.0,15.6,13.1,83
2022-12-31,-12.2,-9.6,86,0.00,107,0.09,0.0,14.2,9.2,78
2023-01-01,-8.7,-3.2,83,0.00,311,0.18,0.0,16.1,10.8,75
