latitude,longitude,elevation,utc_offset_seconds,timezone,timezone_abbreviation
52.54833,-122.17876,978.0,0,GMT,GMT

time,temperature_2m_mean (°C),temperature_2m_max (°C),relative_humidity_2m_mean (%),precipitation_sum (mm),wind_direction_10m_dominant (°),et0_fao_evapotranspiration (mm),precipitation_hours (h),wind_speed_10m_max (km/h),wind_speed_10m_mean (km/h),relative_humidity_2m_min (%)
1990-01-01,-4.5,-0.7,88,0.60,135,0.22,2.0,16.5,9.4,74
1990-01-02,-12.9,-6.4,80,1.60,121,0.13,5.0,11.5,6.8,69
1990-01-03,-7.0,-4.6,85,9.50,133,0.17,24.0,13.5,12.2,79
1990-01-04,-6.8,-4.0,88,5.10,129,0.19,11.0,15.0,10.3,80
1990-01-05,-3.4,1.2,83,2.40,136,0.38,7.0,23.6,16.3,67
1990-01-06,-3.5,-0.3,87,1.10,147,0.23,2.0,18.1,13.3,76
1990-01-07,-0.6,1.5,82,1.90,135,0.46,4.0,21.4,16.8,72
1990-01-08,-5.4,-0.0,89,0.30,131,0.22,2.0,13.8,10.8,76
1990-01-09,-1.5,1.5,85,0.50,133,0.37,3.0,18.6,16.0,79
1990-01-10,-6.6,0.4,68,1.00,236,0.45,2.0,15.4,9.3,59
1990-01-11,-14.3,-7.7,80,0.00,104,0.19,0.0,8.0,6.3,67
1990-01-12,-6.6,-0.8,77,0.70,121,0.35,4.0,14.6,11.3,71
1990-01-13,-4.3,-1.1,88,0.10,120,0.24,1.0,11.2,8.3,79
1990-01-14,-3.6,-1.4,93,0.20,78,0.22,2.0,8.4,4.5,86
1990-01-15,-4.2,-0.4,90,0.00,128,0.25,0.0,15.3,11.8,77
1990-01-16,-4.3,-1.0,86,1.10,327,0.27,6.0,13.8,9.4,68
1990-01-17,-13.7,-6.5,81,0.00,86,0.22,0.0,8.9,6.2,69
1990-01-18,-13.7,-8.3,79,0.00,119,0.25,0.0,11.6,9.6,68
1990-01-19,-12.5,-6.3,79,0.00,115,0.25,0.0,10.6,8.6,70
1990-01-20,-10.3,-5.1,80,0.20,125,0.24,1.0,14.5,11.3,64
1990-01-21,-4.7,-2.5,85,5.10,128,0.22,12.0,13.3,11.7,75
1990-01-22,-2.8,-1.2,92,11.00,140,0.35,19.0,12.5,8.9,77
1990-01-23,-5.1,-1.8,86,4.40,338,0.30,13.0,9.4,5.6,60
1990-01-24,-7.4,-3.6,76,1.00,145,0.33,5.0,15.4,11.0,63
1990-01-25,-2.0,1.4,76,1.80,153,0.72,9.0,24.0,19.3,45
1990-01-26,-8.7,-1.1,62,0.00,220,0.48,0.0,17.5,9.7,47
1990-01-27,-8.2,-5.0,78,4.10,136,0.32,15.0,16.9,12.6,67
1990-01-28,-8.2,-5.3,81,5.00,129,0.21,13.0,11.2,7.8,72
1990-01-29,-11.1,-5.2,82,1.10,340,0.30,4.0,16.0,9.4,63
1990-01-30,-17.4,-9.6,74,1.70,326,0.16,10.0,16.5,11.6,58
1990-01-31,-29.3,-24.5,65,0.00,317,0.13,0.0,15.8,7.2,49
1990-02-01,-21.7,-14.2,72,2.50,75,0.16,12.0,8.4,4.8,51
1990-02-02,-11.7,-2.2,78,1.50,122,0.36,7.0,18.1,13.7,67
1990-02-03,-1.8,-0.4,81,5.80,135,0.51,9.0,25.2,14.2,71
1990-02-04,-8.5,-1.7,83,0.00,131,0.35,0.0,18.9,9.7,64
1990-02-05,-3.4,0.6,72,0.30,140,0.82,2.0,26.0,19.3,56
1990-02-06,-6.3,-0.5,82,0.90,138,0.36,6.0,12.0,8.2,63
1990-02-07,-9.7,-5.8,75,1.50,144,0.35,8.0,15.5,11.4,68
1990-02-08,-13.3,-6.9,73,0.30,167,0.39,2.0,7.8,5.3,58
1990-02-09,-7.7,-2.9,78,11.90,127,0.35,16.0,15.3,12.6,65
1990-02-10,-4.0,-0.4,86,5.80,118,0.35,11.0,13.3,9.0,69
1990-02-11,-3.7,-1.5,73,3.60,205,0.61,8.0,15.2,9.3,45
1990-02-12,-11.1,-4.7,74,0.10,318,0.30,1.0,18.4,8.4,58
1990-02-13,-20.0,-14.7,69,0.00,320,0.36,0.0,18.1,10.9,39
1990-02-14,-19.3,-11.3,65,0.90,122,0.33,5.0,16.0,11.2,41
1990-02-15,-13.1,-9.0,71,2.10,107,0.43,10.0,16.6,10.3,55
1990-02-16,-21.4,-10.3,66,0.00,315,0.29,0.0,14.8,13.3,48
1990-02-17,-27.4,-20.4,64,0.00,30,0.24,0.0,12.7,6.8,47
1990-02-18,-20.3,-8.8,63,0.00,120,0.46,0.0,11.5,10.0,44
1990-02-19,-10.7,-4.0,67,0.00,130,0.56,0.0,16.8,14.3,52
1990-02-20,-5.0,-2.0,71,2.30,140,0.64,8.0,22.0,17.6,58
1990-02-21,-3.6,2.8,84,0.90,133,0.58,4.0,9.7,8.0,60
1990-02-22,-1.1,4.1,82,0.00,141,0.94,0.0,10.2,7.5,62
1990-02-23,-1.8,4.3,80,0.00,112,0.95,0.0,11.3,8.2,60
1990-02-24,0.8,5.0,82,4.10,128,0.88,9.0,11.4,9.6,69
1990-02-25,-1.5,4.7,75,0.00,294,0.96,0.0,15.9,8.5,42
1990-02-26,-5.6,1.5,71,0.00,96,0.98,0.0,8.0,3.6,45
1990-02-27,-6.0,3.6,71,0.00,116,1.04,0.0,14.1,8.6,47
1990-02-28,-1.8,5.1,72,0.00,131,1.25,0.0,15.7,13.1,47
1990-03-01,-2.6,4.4,74,0.00,113,1.16,0.0,9.8,8.1,50
1990-03-02,-4.1,4.5,72,0.00,109,1.16,0.0,9.1,7.4,47
1990-03-03,-3.7,5.2,69,0.00,104,1.26,0.0,10.5,6.8,46
1990-03-04,-2.7,5.7,74,0.00,117,1.20,0.0,9.7,7.3,48
1990-03-05,-1.8,5.6,76,0.00,121,1.17,0.0,15.1,6.9,52
1990-03-06,0.7,5.0,78,1.70,149,1.12,5.0,17.1,12.9,58
1990-03-07,-1.6,2.6,87,7.40,59,0.45,15.0,5.9,4.5,62
1990-03-08,-3.8,-0.6,81,6.30,274,0.92,10.0,10.2,5.4,46
1990-03-09,-7.2,0.6,73,0.30,126,0.79,3.0,24.2,12.5,59
1990-03-10,-0.6,2.2,72,3.20,143,1.28,11.0,22.2,15.8,43
1990-03-11,-4.9,1.2,71,0.00,343,1.13,0.0,11.0,5.7,48
1990-03-12,-5.9,1.4,68,0.00,52,1.27,0.0,10.1,6.6,45
1990-03-13,-4.4,3.1,70,0.00,129,1.31,0.0,19.4,12.9,44
1990-03-14,-0.5,3.9,72,0.70,144,1.33,3.0,21.4,14.7,49
1990-03-15,-1.4,5.8,74,0.00,123,1.14,0.0,10.2,5.4,41
1990-03-16,0.5,5.1,80,0.90,119,0.88,7.0,10.4,6.8,58
1990-03-17,0.9,6.2,89,0.30,32,1.07,3.0,9.9,5.6,66
1990-03-18,1.9,6.6,84,1.20,136,1.53,4.0,11.8,8.3,64
1990-03-19,1.3,6.1,80,0.10,109,1.67,1.0,6.8,4.1,63
1990-03-20,0.6,7.5,85,3.40,104,1.00,8.0,8.4,5.8,52
1990-03-21,-1.1,3.6,85,0.00,336,1.13,0.0,16.3,8.3,57
1990-03-22,-7.1,0.9,54,0.00,359,1.58,0.0,17.1,11.9,34
1990-03-23,-8.4,-0.4,49,0.00,17,1.59,0.0,8.0,5.0,30
1990-03-24,-5.7,2.5,47,0.00,59,1.83,0.0,7.9,3.6,23
1990-03-25,-3.4,5.4,54,0.00,102,2.01,0.0,9.7,6.8,31
1990-03-26,-0.3,7.6,59,0.00,103,2.10,0.0,11.0,7.2,28
1990-03-27,1.0,6.8,62,0.00,348,2.08,0.0,9.7,5.6,45
1990-03-28,1.0,9.8,65,0.00,100,1.70,0.0,9.6,6.1,31
1990-03-29,1.9,9.7,69,0.00,114,1.73,0.0,8.8,5.9,32
1990-03-30,3.3,8.3,79,3.30,60,1.57,12.0,7.6,4.1,52
1990-03-31,1.6,7.4,82,2.50,19,2.11,5.0,8.0,4.5,46
1990-04-01,3.8,11.4,67,0.00,126,1.96,0.0,17.2,11.8,43
1990-04-02,3.4,10.7,78,0.90,118,1.92,4.0,13.4,7.0,53
1990-04-03,1.3,7.3,75,0.50,345,2.04,3.0,7.2,5.1,47
1990-04-04,2.4,10.5,60,0.00,25,2.50,0.0,7.8,4.3,28
1990-04-05,4.8,10.6,55,0.00,15,2.61,0.0,7.4,3.5,28
1990-04-06,2.9,9.4,63,0.00,358,2.59,0.0,9.2,7.3,41
1990-04-07,3.7,9.4,61,0.00,1,2.42,0.0,9.0,5.5,41
1990-04-08,1.8,8.1,60,0.00,349,1.86,0.0,13.9,12.0,44
1990-04-09,-1.8,2.4,46,0.00,346,2.35,0.0,15.1,12.4,33
1990-04-10,-0.4,6.9,46,0.00,52,2.48,0.0,7.6,5.4,35
1990-04-11,2.5,10.5,64,0.00,100,1.81,0.0,10.2,7.3,45
1990-04-12,3.5,10.3,83,3.70,345,2.08,9.0,8.6,4.6,45
1990-04-13,4.9,10.3,72,0.00,141,1.75,0.0,6.8,4.5,44
1990-04-14,4.8,11.5,80,1.50,319,2.11,5.0,7.6,3.7,42
1990-04-15,5.8,13.6,66,0.00,55,2.89,0.0,9.1,6.8,37
1990-04-16,6.4,16.5,60,0.00,49,3.45,0.0,9.4,6.7,27
1990-04-17,8.2,16.2,53,1.80,112,2.52,5.0,13.7,9.8,27
1990-04-18,5.8,13.6,80,5.60,156,1.98,4.0,12.0,6.6,37
1990-04-19,7.0,12.5,71,1.50,128,1.52,4.0,12.6,6.9,47
1990-04-20,5.7,13.9,83,3.60,137,2.20,10.0,10.5,7.8,35
1990-04-21,7.8,13.8,62,0.00,132,2.82,0.0,12.8,8.6,35
1990-04-22,7.5,13.0,67,0.30,115,2.44,3.0,10.3,6.5,37
1990-04-23,6.6,12.6,77,1.20,13,2.64,4.0,6.4,3.9,49
1990-04-24,5.7,12.4,74,9.20,267,2.56,11.0,8.8,5.7,33
1990-04-25,3.0,9.1,66,0.90,127,1.72,5.0,16.1,9.0,30
1990-04-26,2.5,8.0,89,4.60,304,1.81,19.0,5.4,3.0,54
1990-04-27,2.0,6.7,86,4.60,315,1.70,21.0,10.3,3.8,58
1990-04-28,1.7,6.6,56,1.10,336,2.53,3.0,14.8,13.3,37
1990-04-29,1.9,8.4,48,0.00,333,3.22,0.0,15.9,11.9,32
1990-04-30,5.3,14.6,51,0.00,340,3.53,0.0,8.7,4.8,27
1990-05-01,6.2,14.7,69,2.50,283,1.64,9.0,10.5,5.3,27
1990-05-02,5.7,12.4,87,1.20,196,2.14,7.0,8.7,4.1,44
1990-05-03,8.3,16.7,67,0.00,128,2.97,0.0,10.2,7.3,38
1990-05-04,11.3,21.3,61,0.00,120,4.07,0.0,13.2,6.9,29
1990-05-05,13.3,22.4,59,0.90,128,4.75,2.0,26.5,12.9,25
1990-05-06,7.4,21.3,38,0.10,225,4.10,1.0,25.0,15.3,24
1990-05-07,3.9,9.2,63,3.70,295,2.37,17.0,17.1,9.3,35
1990-05-08,4.9,11.5,62,0.60,341,2.76,3.0,18.3,7.6,40
1990-05-09,7.4,11.5,64,0.20,3,2.54,2.0,5.9,3.3,41
1990-05-10,6.3,11.4,90,9.80,332,2.22,16.0,6.9,3.6,61
1990-05-11,7.1,12.1,77,0.40,323,2.69,3.0,13.0,6.1,45
1990-05-12,5.6,12.0,59,0.40,324,2.94,1.0,14.2,8.5,31
1990-05-13,5.8,11.2,59,1.10,346,3.22,4.0,10.2,7.7,32
1990-05-14,6.7,12.9,57,0.80,332,3.62,1.0,13.4,8.8,30
1990-05-15,7.7,14.5,57,0.00,339,3.90,0.0,12.0,5.5,28
1990-05-16,8.3,14.2,68,1.00,300,2.68,6.0,7.7,4.1,29
1990-05-17,6.8,11.1,89,3.70,149,2.13,11.0,7.1,3.5,63
1990-05-18,7.7,13.2,74,1.00,319,3.07,6.0,7.4,4.9,46
1990-05-19,7.6,13.3,76,0.40,143,3.10,4.0,6.9,5.7,48
1990-05-20,9.2,15.5,63,1.10,109,3.60,3.0,13.3,8.5,33
1990-05-21,8.5,14.9,73,4.20,155,3.41,9.0,14.1,8.9,35
1990-05-22,9.4,14.3,57,1.10,123,2.81,4.0,17.8,12.0,37
1990-05-23,7.6,13.7,81,3.10,135,2.84,13.0,13.9,4.9,44
1990-05-24,10.0,14.9,67,0.10,339,2.77,1.0,12.7,5.5,39
1990-05-25,9.0,12.5,83,6.90,311,0.93,14.0,10.2,7.4,59
1990-05-26,9.2,15.7,81,2.50,138,2.58,8.0,22.4,11.7,33
1990-05-27,11.8,18.9,54,0.00,117,4.18,0.0,19.6,12.8,34
1990-05-28,12.7,18.0,69,0.10,135,2.86,1.0,17.4,9.2,37
1990-05-29,11.3,14.3,93,6.30,124,1.57,19.0,10.7,5.8,70
1990-05-30,10.6,16.1,88,4.90,174,2.37,7.0,6.1,4.0,54
1990-05-31,12.2,18.5,73,0.10,134,3.84,1.0,5.4,3.3,45
1990-06-01,11.6,17.3,77,0.70,344,3.44,1.0,13.4,7.2,40
1990-06-02,12.4,17.8,62,0.00,336,4.02,0.0,12.2,7.1,39
1990-06-03,10.7,17.3,75,7.10,135,2.16,10.0,21.9,15.9,49
1990-06-04,7.7,10.7,88,8.90,191,1.95,16.0,15.6,6.8,60
1990-06-05,8.3,14.2,77,0.10,188,3.10,1.0,8.0,5.7,47
1990-06-06,10.1,16.1,66,0.50,132,4.01,1.0,15.4,7.3,35
1990-06-07,10.9,16.1,70,3.10,169,2.98,13.0,15.3,9.3,32
1990-06-08,10.9,16.6,56,0.00,178,3.59,0.0,16.6,9.2,30
1990-06-09,11.0,15.9,66,0.20,140,3.23,1.0,14.7,8.9,46
1990-06-10,10.7,15.8,86,11.00,99,1.89,16.0,8.2,4.1,46
1990-06-11,7.0,10.7,99,27.60,259,0.60,24.0,21.7,12.6,92
1990-06-12,5.0,7.6,99,17.50,300,0.66,24.0,20.9,17.9,90
1990-06-13,10.1,18.0,71,0.30,344,3.98,2.0,15.5,12.3,38
1990-06-14,13.0,20.2,62,0.00,318,4.76,0.0,10.6,5.3,32
1990-06-15,15.1,21.2,60,0.00,169,4.55,0.0,8.6,5.1,32
1990-06-16,13.6,21.3,57,0.00,316,4.01,0.0,12.7,9.3,35
1990-06-17,12.2,18.2,54,0.00,297,3.91,0.0,12.7,6.3,34
1990-06-18,12.9,18.0,66,1.30,305,3.12,6.0,12.8,8.5,36
1990-06-19,11.7,17.4,71,1.70,285,2.70,5.0,14.2,6.0,38
1990-06-20,11.2,16.9,74,0.20,285,3.43,1.0,7.5,4.8,37
1990-06-21,14.5,23.9,61,0.00,132,4.98,0.0,8.6,6.2,32
1990-06-22,19.0,26.4,52,0.00,135,6.07,0.0,16.3,11.1,28
1990-06-23,17.0,26.5,56,0.40,245,4.79,1.0,15.2,10.1,28
1990-06-24,15.1,21.3,51,0.00,322,5.11,0.0,9.7,6.7,31
1990-06-25,15.5,21.1,60,0.00,248,4.49,0.0,12.7,5.0,32
1990-06-26,14.2,20.0,65,2.80,184,3.85,6.0,11.0,3.9,39
1990-06-27,12.7,19.7,72,1.50,132,4.14,3.0,7.6,4.1,36
1990-06-28,14.2,19.4,67,0.90,132,3.90,3.0,8.4,6.0,38
1990-06-29,13.8,18.4,71,2.00,132,3.56,4.0,17.6,8.7,42
1990-06-30,15.4,20.8,66,3.60,121,4.12,8.0,16.1,10.4,33
1990-07-01,12.8,17.9,58,1.50,272,4.18,2.0,8.3,5.3,39
1990-07-02,10.8,16.5,77,9.50,341,2.05,10.0,7.2,4.9,46
1990-07-03,9.6,14.0,93,7.90,204,2.07,24.0,6.0,3.7,69
1990-07-04,12.6,19.6,73,0.60,126,3.99,4.0,11.8,5.5,38
1990-07-05,15.9,23.0,64,0.00,73,4.23,0.0,10.2,4.7,30
1990-07-06,14.3,19.7,78,5.90,327,2.02,8.0,10.6,6.6,46
1990-07-07,14.3,20.2,78,0.60,309,3.64,2.0,9.2,4.9,49
1990-07-08,16.1,21.8,70,0.00,146,4.23,0.0,9.9,7.0,43
1990-07-09,14.6,21.8,78,4.40,279,3.93,3.0,11.7,4.2,43
1990-07-10,17.7,26.8,61,0.00,129,5.26,0.0,7.6,4.9,32
1990-07-11,21.2,30.3,61,0.00,133,5.95,0.0,16.0,6.4,23
1990-07-12,22.4,30.5,49,0.00,152,6.14,0.0,20.2,9.8,22
1990-07-13,17.1,27.4,57,0.30,317,5.21,2.0,17.8,9.2,27
1990-07-14,15.9,22.2,44,0.00,336,5.50,0.0,11.3,7.6,26
1990-07-15,17.1,22.8,47,0.00,338,4.92,0.0,8.4,5.8,26
1990-07-16,14.8,22.3,52,0.00,306,3.77,0.0,13.0,10.3,32
1990-07-17,12.8,18.0,48,0.00,317,4.45,0.0,12.9,7.8,33
1990-07-18,13.2,17.9,61,0.60,321,3.61,3.0,10.2,7.2,34
1990-07-19,13.0,19.4,67,0.70,347,4.23,3.0,12.3,6.1,36
1990-07-20,15.4,22.9,51,0.00,338,4.91,0.0,11.1,6.7,26
1990-07-21,17.8,25.0,47,0.00,322,5.32,0.0,9.5,5.2,21
1990-07-22,19.5,26.9,45,0.00,17,5.40,0.0,6.1,4.3,21
1990-07-23,19.1,26.6,60,1.20,316,3.73,4.0,7.4,4.2,26
1990-07-24,17.4,22.4,69,3.50,359,3.35,7.0,6.4,4.0,41
1990-07-25,17.1,25.1,78,2.00,6,3.82,6.0,11.7,5.0,37
1990-07-26,19.8,25.4,47,0.00,316,5.85,0.0,13.6,10.5,22
1990-07-27,17.2,25.0,44,0.00,316,5.72,0.0,14.7,10.7,23
1990-07-28,17.2,24.5,48,0.00,335,5.15,0.0,10.4,6.8,26
1990-07-29,19.5,27.3,48,0.00,332,5.11,0.0,9.8,5.0,25
1990-07-30,21.4,28.5,49,0.30,351,4.91,1.0,6.1,4.1,23
1990-07-31,19.5,28.2,60,0.40,218,4.75,2.0,11.5,5.5,23
1990-08-01,18.3,25.7,41,0.00,309,5.39,0.0,13.1,9.1,22
1990-08-02,16.4,21.8,38,0.00,311,4.90,0.0,12.4,8.0,22
1990-08-03,16.3,20.9,54,0.00,307,3.53,0.0,8.4,5.0,32
1990-08-04,18.4,27.6,57,0.00,83,4.55,0.0,8.6,5.1,25
1990-08-05,22.6,31.1,39,0.00,132,6.35,0.0,19.8,10.8,14
1990-08-06,21.3,30.7,35,0.10,195,5.86,1.0,20.1,12.0,15
1990-08-07,16.7,22.6,38,0.00,322,4.38,0.0,9.9,6.8,22
1990-08-08,17.8,25.9,54,0.00,1,4.29,0.0,5.0,3.0,28
1990-08-09,20.4,26.7,50,0.00,332,4.90,0.0,8.3,6.0,28
1990-08-10,21.2,29.0,47,0.00,349,5.43,0.0,10.2,7.7,22
1990-08-11,22.9,31.4,43,0.00,347,5.30,0.0,11.4,6.4,20
1990-08-12,24.0,31.3,42,0.00,151,5.71,0.0,13.5,9.6,17
1990-08-13,23.0,30.4,41,0.70,137,5.61,1.0,16.0,9.7,18
1990-08-14,20.1,26.3,51,0.10,180,4.60,1.0,12.7,7.3,26
1990-08-15,19.5,25.7,48,0.00,133,4.42,0.0,8.7,5.6,23
1990-08-16,17.8,25.5,53,1.40,328,3.41,5.0,11.5,6.6,24
1990-08-17,16.3,21.5,71,0.70,330,3.26,4.0,6.5,3.1,42
1990-08-18,17.4,22.5,62,0.00,353,3.64,0.0,7.1,3.1,34
1990-08-19,17.9,24.8,59,0.00,343,4.21,0.0,8.9,4.5,26
1990-08-20,19.7,27.7,45,0.00,344,4.73,0.0,8.7,4.9,17
1990-08-21,20.7,27.5,44,0.00,345,4.73,0.0,10.8,7.9,17
1990-08-22,16.9,26.0,64,0.00,292,2.99,0.0,13.7,8.1,29
1990-08-23,10.4,16.5,63,4.00,295,2.43,11.0,13.7,9.8,38
1990-08-24,9.2,14.9,58,0.00,333,2.83,0.0,8.2,7.1,28
1990-08-25,10.4,17.1,48,0.00,340,3.63,0.0,12.2,7.7,27
1990-08-26,11.4,16.3,68,3.90,302,2.71,9.0,11.1,3.0,35
1990-08-27,12.3,19.8,67,0.80,148,2.96,2.0,10.1,8.4,24
1990-08-28,14.8,20.8,49,0.00,221,2.70,0.0,7.5,4.7,22
1990-08-29,15.8,21.3,53,0.00,141,3.20,0.0,9.4,5.6,29
1990-08-30,12.6,19.6,76,3.40,190,1.51,16.0,9.7,6.7,38
1990-08-31,11.9,17.0,74,4.60,149,2.50,14.0,12.0,8.1,41
1990-09-01,11.9,16.8,71,0.60,139,2.52,3.0,9.7,7.0,42
1990-09-02,9.0,15.8,81,4.30,250,2.60,5.0,7.6,3.7,46
1990-09-03,9.8,16.7,64,0.20,317,3.08,1.0,7.1,4.8,31
1990-09-04,12.1,20.5,60,0.00,140,3.36,0.0,10.7,6.4,27
1990-09-05,14.8,21.4,55,0.00,97,3.24,0.0,10.8,5.3,27
1990-09-06,15.1,23.7,64,0.00,23,3.56,0.0,9.0,5.9,26
1990-09-07,16.4,24.3,55,0.00,160,3.87,0.0,9.4,6.6,21
1990-09-08,16.2,24.1,50,0.00,339,3.52,0.0,9.0,6.1,22
1990-09-09,15.1,22.4,57,0.00,348,3.22,0.0,6.8,4.1,26
1990-09-10,15.6,23.5,57,0.00,139,3.29,0.0,6.2,3.5,26
1990-09-11,16.1,23.3,55,0.00,36,3.06,0.0,6.3,3.2,26
1990-09-12,14.2,23.1,50,0.00,328,3.09,0.0,13.8,9.7,24
1990-09-13,12.6,20.9,56,0.00,140,3.16,0.0,11.8,6.6,27
1990-09-14,14.5,23.2,59,0.00,89,3.13,0.0,7.0,4.6,27
1990-09-15,15.9,23.1,57,0.00,112,3.13,0.0,8.7,5.6,28
1990-09-16,13.6,21.5,76,7.20,316,1.23,11.0,9.4,6.0,39
1990-09-17,11.0,17.7,82,0.00,141,1.99,0.0,8.7,5.6,38
1990-09-18,12.8,18.1,58,0.00,137,2.75,0.0,14.1,9.7,37
1990-09-19,9.8,15.2,66,0.00,320,2.36,0.0,10.2,6.8,33
1990-09-20,10.6,18.2,59,0.00,21,2.40,0.0,8.9,4.9,32
1990-09-21,13.9,20.5,64,0.00,355,2.30,0.0,5.2,3.2,38
1990-09-22,15.3,24.6,70,0.00,124,2.99,0.0,16.0,8.9,34
1990-09-23,16.8,24.4,56,0.00,144,3.58,0.0,15.6,11.4,27
1990-09-24,15.8,24.0,60,0.00,157,2.90,0.0,9.2,5.8,27
1990-09-25,14.2,23.4,55,0.00,336,2.78,0.0,14.3,9.8,29
1990-09-26,10.3,16.6,49,0.00,350,2.62,0.0,9.7,6.2,27
1990-09-27,9.9,17.1,53,0.00,22,2.27,0.0,7.1,4.6,24
1990-09-28,12.3,18.5,45,0.00,130,2.53,0.0,18.3,12.7,26
1990-09-29,10.1,18.0,55,0.30,307,2.50,2.0,16.1,9.8,24
1990-09-30,7.7,13.3,59,0.00,94,1.67,0.0,9.3,3.6,23
1990-10-01,9.3,13.3,58,2.70,153,2.05,10.0,26.0,15.0,31
1990-10-02,6.3,10.6,45,0.70,269,2.38,4.0,16.9,12.9,26
1990-10-03,3.6,8.7,70,2.70,140,0.83,7.0,14.3,7.4,28
1990-10-04,4.8,9.9,92,21.40,126,0.91,21.0,16.3,10.4,57
1990-10-05,2.2,5.9,73,2.70,307,1.23,9.0,12.5,9.3,51
1990-10-06,0.8,6.0,72,0.00,285,1.21,0.0,10.2,5.1,35
1990-10-07,1.6,5.6,79,6.10,154,0.47,8.0,10.4,6.8,41
1990-10-08,3.5,9.7,92,6.10,137,0.96,13.0,10.0,8.8,63
1990-10-09,5.5,8.5,88,10.90,138,0.66,22.0,17.6,14.1,77
1990-10-10,2.2,6.1,65,1.90,296,1.06,1.0,10.8,7.7,38
1990-10-11,1.0,5.9,70,2.10,122,0.70,3.0,24.1,9.0,42
1990-10-12,1.5,8.0,78,2.80,152,1.13,9.0,25.3,14.1,37
1990-10-13,2.5,6.6,53,0.00,237,1.34,0.0,15.1,8.5,40
1990-10-14,0.1,4.5,62,0.40,182,1.19,1.0,8.7,6.3,39
1990-10-15,-0.9,3.8,72,0.00,106,0.97,0.0,6.7,5.3,45
1990-10-16,-0.3,4.1,75,0.70,286,1.07,5.0,10.6,4.0,28
1990-10-17,-0.9,3.3,70,1.10,122,0.69,4.0,24.7,12.2,42
1990-10-18,1.7,6.4,76,1.70,143,1.07,3.0,26.0,18.4,54
1990-10-19,0.4,5.5,60,0.00,277,1.02,0.0,12.4,7.4,43
1990-10-20,0.2,4.2,70,0.00,134,0.95,0.0,16.4,7.2,45
1990-10-21,2.0,7.1,72,8.90,151,1.30,12.0,22.5,15.9,41
1990-10-22,1.1,5.4,60,0.00,226,1.12,0.0,9.4,7.0,38
1990-10-23,0.7,4.7,70,0.00,129,0.82,0.0,22.7,12.8,46
1990-10-24,4.2,7.4,78,4.80,143,0.90,16.0,26.8,20.3,64
1990-10-25,4.6,8.4,98,23.70,101,0.37,22.0,10.4,7.2,85
1990-10-26,3.0,7.4,74,0.10,164,0.97,1.0,15.2,9.4,40
1990-10-27,6.2,11.2,53,0.00,136,2.21,0.0,25.5,21.7,42
1990-10-28,2.9,8.2,83,10.20,160,0.92,11.0,23.1,12.7,48
1990-10-29,0.1,4.2,80,0.20,134,0.58,2.0,22.3,12.7,56
1990-10-30,2.2,6.6,74,2.10,141,1.16,4.0,23.6,17.6,43
1990-10-31,-0.1,4.7,75,0.90,135,0.69,3.0,11.0,6.1,54
1990-11-01,-1.5,1.8,68,0.00,294,0.60,0.0,7.8,5.5,46
1990-11-02,-1.7,1.7,71,0.00,126,0.68,0.0,9.5,6.2,47
1990-11-03,0.2,4.2,65,2.20,133,1.01,4.0,20.0,15.8,58
1990-11-04,-0.2,3.5,86,1.80,131,0.52,10.0,14.6,8.8,72
1990-11-05,-1.8,2.2,73,0.00,329,0.71,0.0,11.0,8.3,44
1990-11-06,-2.7,0.8,67,0.00,122,0.64,0.0,20.4,10.9,44
1990-11-07,-0.0,4.5,70,4.20,140,0.96,14.0,21.7,16.2,49
1990-11-08,-1.9,2.7,62,2.40,238,0.75,6.0,16.5,9.6,38
1990-11-09,-1.4,1.9,78,1.30,126,0.56,9.0,13.8,11.8,55
1990-11-10,-0.9,1.9,91,2.10,80,0.23,7.0,7.9,5.1,85
1990-11-11,0.5,2.4,99,22.30,92,0.14,24.0,10.0,6.0,95
1990-11-12,6.0,11.6,84,4.60,141,0.99,8.0,27.7,20.4,49
1990-11-13,3.6,7.8,90,5.70,147,0.53,11.0,21.7,12.9,69
1990-11-14,-1.7,1.7,79,0.60,152,0.36,4.0,15.3,10.0,70
1990-11-15,-1.9,2.0,80,1.00,141,0.49,5.0,18.3,11.1,63
1990-11-16,1.8,5.7,75,0.00,139,0.81,0.0,21.7,18.1,66
1990-11-17,-1.1,4.3,91,6.70,99,0.43,8.0,12.6,5.2,75
1990-11-18,-3.2,-0.3,84,1.80,147,0.27,7.0,10.7,8.5,69
1990-11-19,-2.4,-0.8,84,9.20,142,0.32,21.0,16.6,14.1,76
1990-11-20,-6.9,-1.6,86,5.80,313,0.26,10.0,12.7,6.5,64
1990-11-21,-11.8,-4.6,84,0.50,122,0.21,2.0,20.4,10.7,69
1990-11-22,-3.5,-0.3,79,5.60,153,0.42,9.0,23.5,13.6,68
1990-11-23,-2.9,-1.3,95,33.40,44,0.13,24.0,16.6,6.9,85
1990-11-24,-11.9,-7.5,84,3.70,360,0.23,3.0,16.7,6.9,72
1990-11-25,-17.1,-13.5,83,0.00,19,0.15,0.0,6.3,4.9,68
1990-11-26,-16.4,-9.7,81,2.30,120,0.17,5.0,15.5,10.5,67
1990-11-27,-10.2,-7.9,82,6.80,135,0.24,19.0,14.5,10.9,75
1990-11-28,-8.1,-2.6,80,0.00,135,0.33,0.0,22.0,16.5,71
1990-11-29,-2.2,-1.0,77,5.60,165,0.49,9.0,24.5,16.7,49
1990-11-30,-10.6,-7.0,74,0.40,144,0.21,2.0,12.4,7.9,65
1990-12-01,-10.6,-9.2,84,0.10,121,0.15,1.0,12.7,10.9,78
1990-12-02,-12.6,-8.7,81,2.50,158,0.18,6.0,12.0,8.3,67
1990-12-03,-4.9,1.2,75,2.40,136,0.56,8.0,29.4,22.7,72
1990-12-04,-0.5,1.1,87,2.30,145,0.41,10.0,32.4,17.2,75
1990-12-05,-7.4,-0.5,76,0.10,159,0.25,1.0,13.5,9.4,71
1990-12-06,-3.9,-1.0,86,0.40,135,0.26,2.0,14.8,13.9,76
1990-12-07,-1.0,0.9,85,0.00,139,0.33,0.0,19.5,17.3,75
1990-12-08,0.0,1.1,81,1.80,145,0.54,7.0,23.2,16.6,68
1990-12-09,-7.2,-1.4,89,0.00,87,0.18,0.0,6.2,4.8,78
1990-12-10,-8.5,-4.8,88,0.00,95,0.14,0.0,8.3,5.8,79
1990-12-11,-10.6,-5.4,85,0.00,71,0.18,0.0,5.0,3.2,67
1990-12-12,-14.2,-8.7,83,0.00,112,0.15,0.0,10.8,8.8,73
1990-12-13,-13.1,-7.1,85,0.00,129,0.15,0.0,14.3,10.7,76
1990-12-14,-5.7,-3.4,81,0.00,135,0.33,0.0,20.4,17.7,73
1990-12-15,-5.5,-4.1,85,6.30,162,0.25,12.0,20.1,10.2,73
1990-12-16,-12.3,-7.6,83,1.40,120,0.16,11.0,12.8,9.0,74
1990-12-17,-6.0,-4.3,85,12.20,136,0.19,19.0,16.8,13.8,82
1990-12-18,-17.8,-3.3,70,1.30,320,0.21,3.0,20.9,17.5,54
1990-12-19,-27.4,-24.0,66,0.00,345,0.13,0.0,18.1,11.7,59
1990-12-20,-30.0,-25.1,69,0.00,35,0.08,0.0,8.2,6.0,53
1990-12-21,-30.1,-24.6,68,0.00,93,0.08,0.0,8.7,6.2,55
1990-12-22,-21.3,-15.6,71,0.60,70,0.12,5.0,7.2,4.9,66
1990-12-23,-20.1,-14.6,77,0.60,112,0.11,2.0,11.9,9.2,67
1990-12-24,-11.5,-6.4,80,8.30,104,0.18,17.0,11.1,7.0,72
1990-12-25,-9.8,-7.3,84,13.60,111,0.13,15.0,13.5,8.3,80
1990-12-26,-7.2,-5.4,87,7.40,122,0.14,14.0,15.1,10.4,83
1990-12-27,-9.9,-6.0,82,7.40,350,0.14,19.0,23.5,14.7,60
1990-12-28,-28.6,-20.3,64,0.00,330,0.13,0.0,21.6,14.1,54
1990-12-29,-32.8,-26.5,64,2.20,107,0.07,6.0,14.5,9.3,53
1990-12-30,-21.5,-16.8,69,16.50,132,0.17,24.0,15.8,14.7,63
1990-12-31,-15.3,-12.8,76,7.50,124,0.19,18.0,14.8,10.1,71
1991-01-01,-17.6,-13.9,78,0.00,357,0.12,0.0,8.1,4.9,62
1991-01-02,-22.4,-18.7,74,0.00,53,0.10,0.0,5.0,3.8,62
1991-01-03,-24.7,-21.7,73,0.00,38,0.09,0.0,7.1,4.5,59
1991-01-04,-27.4,-23.0,69,0.00,70,0.09,0.0,6.2,4.5,53
1991-01-05,-28.3,-24.5,66,0.00,22,0.09,0.0,7.3,4.2,54
1991-01-06,-31.0,-26.1,64,0.00,86,0.08,0.0,7.6,5.7,45
1991-01-07,-31.3,-26.1,60,0.00,45,0.07,0.0,6.1,4.1,46
1991-01-08,-29.8,-24.9,62,0.00,72,0.09,0.0,6.2,4.1,45
1991-01-09,-27.6,-20.4,61,0.00,75,0.12,0.0,7.1,5.9,47
1991-01-10,-20.5,-13.8,69,0.00,90,0.16,0.0,8.5,5.5,56
1991-01-11,-11.8,0.4,81,0.20,123,0.30,2.0,19.9,13.5,71
1991-01-12,-0.8,2.3,85,2.60,136,0.41,9.0,19.5,16.8,76
1991-01-13,-1.4,0.1,92,1.10,134,0.20,5.0,16.6,11.8,84
1991-01-14,-4.4,-0.4,90,0.70,126,0.21,4.0,16.3,9.5,80
1991-01-15,-4.4,-1.1,90,0.40,120,0.30,2.0,14.8,7.7,74
1991-01-16,-2.6,-0.8,90,7.60,129,0.17,13.0,13.0,12.2,85
1991-01-17,-0.3,2.2,91,7.00,133,0.32,10.0,17.4,13.3,77
1991-01-18,-1.4,1.7,80,1.20,223,0.45,5.0,20.2,14.4,57
1991-01-19,-9.3,-4.1,80,0.00,56,0.30,0.0,16.5,6.0,66
1991-01-20,-12.5,-7.7,80,0.00,98,0.26,0.0,7.2,6.1,68
1991-01-21,-11.7,-5.5,79,0.00,110,0.24,0.0,13.5,9.7,64
1991-01-22,-9.9,-4.9,79,0.00,82,0.29,0.0,6.9,4.3,65
1991-01-23,-9.6,-5.6,81,0.00,103,0.22,0.0,10.0,6.8,70
1991-01-24,-7.8,-5.7,83,0.50,326,0.27,5.0,12.0,8.5,66
1991-01-25,-11.3,-6.4,82,0.00,0,0.32,0.0,8.0,6.0,67
1991-01-26,-12.7,-7.0,80,0.00,113,0.26,0.0,8.8,6.9,65
1991-01-27,-11.8,-4.6,77,0.00,88,0.38,0.0,10.5,7.8,55
1991-01-28,-12.8,-6.3,78,0.00,335,0.32,0.0,12.6,8.4,55
1991-01-29,-13.1,-8.3,74,0.00,125,0.34,0.0,12.7,10.3,58
1991-01-30,-11.6,-7.0,78,1.40,119,0.28,7.0,11.3,10.3,68
1991-01-31,-5.6,-1.0,76,2.80,134,0.50,10.0,20.7,17.2,70
1991-02-01,0.0,3.8,79,0.00,137,0.68,0.0,28.2,23.6,74
1991-02-02,2.9,4.9,82,0.70,140,0.75,6.0,25.6,22.7,74
1991-02-03,0.2,4.1,85,5.60,140,0.59,10.0,22.0,13.6,71
1991-02-04,2.3,5.5,81,1.30,136,0.76,5.0,30.1,21.8,73
1991-02-05,0.2,4.5,80,0.40,153,0.73,1.0,23.3,12.7,51
1991-02-06,-0.5,3.9,76,0.00,139,0.72,0.0,21.8,17.7,55
1991-02-07,1.5,3.4,78,0.10,143,0.76,1.0,20.5,15.1,56
1991-02-08,-0.5,4.1,91,0.00,119,0.62,0.0,9.6,6.1,73
1991-02-09,0.3,4.3,88,1.00,123,0.59,1.0,11.4,8.7,75
1991-02-10,-0.6,3.6,88,0.00,128,0.55,0.0,10.6,9.5,75
1991-02-11,0.5,2.8,87,0.90,120,0.39,4.0,10.7,9.5,79
1991-02-12,-0.0,3.5,93,7.30,138,0.53,16.0,9.7,4.8,74
1991-02-13,-1.9,3.1,87,0.00,110,0.56,0.0,11.7,5.9,71
1991-02-14,1.6,4.8,86,3.80,131,0.56,10.0,14.1,12.2,76
1991-02-15,1.8,4.2,91,6.80,124,0.40,21.0,13.9,9.7,83
1991-02-16,-1.0,3.6,92,0.00,39,0.71,0.0,5.8,3.2,72
1991-02-17,-2.3,1.9,85,0.40,264,0.80,4.0,7.9,4.6,54
1991-02-18,-4.4,0.6,74,0.20,116,0.58,1.0,17.9,7.8,60
1991-02-19,-0.1,5.7,81,5.30,137,0.83,9.0,21.9,16.5,59
1991-02-20,-1.6,3.8,74,1.60,191,0.81,7.0,14.1,8.6,45
1991-02-21,-3.7,1.1,69,0.00,99,0.80,0.0,13.0,6.2,48
1991-02-22,-2.4,2.6,76,0.90,122,0.90,5.0,11.9,7.8,46
1991-02-23,-2.5,2.8,72,0.00,348,0.93,0.0,10.7,3.3,53
1991-02-24,-1.7,5.3,72,0.00,77,1.06,0.0,7.5,4.5,45
1991-02-25,-0.3,7.0,72,0.00,73,1.18,0.0,6.9,4.6,45
1991-02-26,0.0,6.8,75,0.00,45,1.22,0.0,6.4,3.5,50
1991-02-27,-0.4,6.2,80,0.00,2,1.12,0.0,9.0,5.7,55
1991-02-28,-4.5,3.0,61,0.00,3,1.03,0.0,18.7,15.3,37
1991-03-01,-14.3,-7.3,51,0.00,13,0.74,0.0,17.8,9.9,37
1991-03-02,-12.9,-9.6,61,3.70,22,0.43,14.0,7.7,6.1,42
1991-03-03,-11.0,-9.2,74,3.20,357,0.36,13.0,10.3,6.6,62
1991-03-04,-11.9,-6.6,75,2.70,324,0.69,10.0,11.1,5.8,49
1991-03-05,-14.6,-4.4,68,0.00,114,0.74,0.0,12.4,8.0,49
1991-03-06,-9.3,-0.4,73,0.00,120,0.86,0.0,9.0,5.4,50
1991-03-07,-4.8,1.3,70,2.60,270,1.03,9.0,24.2,9.5,42
1991-03-08,-5.5,2.5,68,0.00,163,1.15,0.0,17.0,10.7,44
1991-03-09,-2.8,2.2,75,2.10,131,0.88,8.0,18.1,11.6,51
1991-03-10,-4.4,0.2,80,3.50,195,0.84,14.0,10.7,7.5,52
1991-03-11,-6.8,-0.8,65,0.00,126,1.02,0.0,11.9,6.9,39
1991-03-12,-5.2,0.7,71,0.20,136,1.03,2.0,11.3,7.1,46
1991-03-13,-5.1,1.8,62,0.00,120,1.25,0.0,10.2,5.6,39
1991-03-14,-3.2,1.8,67,0.00,114,1.35,0.0,11.8,7.3,45
1991-03-15,-2.7,2.8,64,0.00,104,1.31,0.0,10.8,6.0,42
1991-03-16,-3.3,3.5,64,0.00,115,1.53,0.0,12.2,9.4,42
1991-03-17,-1.5,4.6,64,0.00,128,1.63,0.0,9.1,6.9,42
1991-03-18,-1.6,6.5,64,0.00,123,1.80,0.0,14.7,9.9,38
1991-03-19,-0.9,5.9,72,1.20,124,1.07,5.0,12.1,8.6,41
1991-03-20,-0.7,3.8,89,0.20,72,0.94,2.0,4.9,2.8,72
1991-03-21,-0.4,5.7,80,0.50,133,1.38,2.0,15.0,8.0,41
1991-03-22,-1.0,4.5,71,4.90,289,1.40,12.0,11.1,8.1,38
1991-03-23,-4.6,1.1,54,0.00,30,1.44,0.0,7.2,4.6,39
1991-03-24,-5.7,1.0,57,0.00,345,1.55,0.0,10.9,8.6,32
1991-03-25,-5.0,-0.3,51,0.00,360,1.71,0.0,15.1,12.8,30
1991-03-26,-5.5,2.3,41,0.00,31,1.81,0.0,15.2,6.7,24
1991-03-27,-2.2,5.7,49,0.00,120,2.07,0.0,8.4,6.4,19
1991-03-28,0.1,5.0,64,1.00,248,1.77,4.0,16.8,8.0,34
1991-03-29,0.8,7.8,60,1.00,179,1.70,4.0,13.8,10.4,31
1991-03-30,2.7,9.9,68,0.00,146,1.69,0.0,15.1,10.3,45
1991-03-31,4.1,12.0,71,0.00,134,2.28,0.0,17.6,14.4,44
1991-04-01,4.0,10.7,76,2.80,140,2.11,12.0,13.6,7.9,49
1991-04-02,2.2,7.3,79,2.00,133,1.66,4.0,12.7,8.2,50
1991-04-03,0.2,5.8,66,0.50,143,1.33,2.0,32.6,15.4,50
1991-04-04,1.4,6.8,77,3.10,160,1.95,9.0,23.5,13.5,31
1991-04-05,1.5,7.1,73,2.40,135,1.72,6.0,13.8,11.0,33
1991-04-06,0.7,5.3,53,0.50,204,1.96,3.0,14.5,7.3,36
1991-04-07,0.3,4.2,61,0.30,156,1.82,2.0,9.2,7.3,43
1991-04-08,-0.1,4.4,67,0.90,165,1.94,4.0,13.2,7.1,37
1991-04-09,1.0,4.5,63,3.20,142,1.54,9.0,16.3,12.3,33
1991-04-10,-0.6,4.0,58,0.00,318,1.93,0.0,15.3,10.6,35
1991-04-11,0.2,6.1,50,0.00,356,2.51,0.0,11.6,6.4,36
1991-04-12,2.1,11.4,56,0.00,128,2.81,0.0,14.9,9.1,31
1991-04-13,4.3,11.2,56,0.00,140,2.77,0.0,15.7,9.9,32
1991-04-14,3.3,8.9,62,0.00,353,2.43,0.0,14.8,9.8,39
1991-04-15,3.4,9.5,61,0.50,356,2.90,4.0,14.5,9.9,38
1991-04-16,4.2,9.3,57,0.00,6,2.99,0.0,9.4,5.6,42
1991-04-17,6.2,14.0,52,0.00,30,3.24,0.0,5.4,3.6,23
1991-04-18,7.3,12.6,54,0.00,43,3.24,0.0,5.4,3.7,31
1991-04-19,7.7,16.3,55,0.00,80,3.39,0.0,6.8,4.3,23
1991-04-20,8.7,16.8,56,0.00,90,3.22,0.0,8.4,4.7,22
1991-04-21,9.6,18.0,57,0.00,105,3.40,0.0,6.9,4.9,25
1991-04-22,10.1,17.5,51,0.00,125,3.48,0.0,7.2,3.7,28
1991-04-23,7.3,14.1,56,0.00,137,3.26,0.0,16.6,10.4,30
1991-04-24,7.0,13.5,61,3.90,139,2.46,8.0,18.2,12.7,31
1991-04-25,2.7,6.9,77,12.30,226,1.40,24.0,9.1,6.6,47
1991-04-26,2.9,8.1,69,0.70,266,2.15,6.0,7.4,4.4,43
1991-04-27,4.0,9.2,57,0.00,290,2.71,0.0,9.0,6.4,29
1991-04-28,4.0,9.1,50,0.00,293,2.47,0.0,10.5,3.7,29
1991-04-29,4.1,11.0,61,0.10,321,3.07,1.0,11.5,7.1,32
1991-04-30,6.3,13.1,49,0.00,11,3.37,0.0,12.1,5.5,26
1991-05-01,6.1,13.3,54,0.00,22,3.81,0.0,11.5,7.5,25
1991-05-02,7.5,15.4,46,0.00,33,3.96,0.0,7.6,4.9,24
1991-05-03,8.5,15.3,50,0.00,21,3.94,0.0,10.0,5.8,24
1991-05-04,8.5,14.8,55,0.80,2,3.32,3.0,7.4,4.5,28
1991-05-05,6.8,13.3,71,2.00,118,2.06,7.0,18.2,10.2,33
1991-05-06,6.4,11.9,72,2.10,132,2.36,6.0,17.1,13.4,46
1991-05-07,6.2,11.6,74,3.60,127,2.75,7.0,21.2,12.7,48
1991-05-08,6.4,12.1,73,2.80,135,2.39,10.0,22.0,11.2,36
1991-05-09,6.4,11.5,65,4.70,307,1.76,16.0,20.6,13.3,36
1991-05-10,8.8,17.6,58,1.00,318,3.82,1.0,20.5,7.1,27
1991-05-11,12.1,20.8,52,0.00,118,4.71,0.0,10.2,8.1,28
1991-05-12,12.6,20.7,54,0.00,89,3.70,0.0,10.1,7.3,29
1991-05-13,10.5,16.9,61,0.70,307,3.10,3.0,12.4,8.2,36
1991-05-14,7.0,11.9,52,0.20,286,3.26,1.0,12.9,8.1,26
1991-05-15,7.9,14.1,52,0.00,160,3.33,0.0,15.4,8.3,27
1991-05-16,9.2,14.6,54,1.30,134,3.65,2.0,14.5,11.3,33
1991-05-17,10.6,16.9,65,0.10,8,3.06,1.0,11.0,6.4,40
1991-05-18,13.0,20.7,63,0.10,336,4.00,1.0,14.0,10.9,40
1991-05-19,15.3,22.3,52,0.00,342,5.10,0.0,14.0,10.4,20
1991-05-20,15.0,22.2,46,0.00,313,4.45,0.0,14.5,6.7,20
1991-05-21,9.8,17.1,45,0.30,308,4.13,2.0,17.2,10.9,25
1991-05-22,7.8,13.2,40,0.20,311,4.16,1.0,12.0,7.6,24
1991-05-23,6.8,12.6,60,0.10,250,3.51,1.0,5.1,2.4,32
1991-05-24,6.1,12.2,70,3.60,64,1.91,9.0,7.2,4.0,31
1991-05-25,7.2,14.5,68,2.30,327,3.45,6.0,12.5,5.1,29
1991-05-26,9.8,16.3,64,2.90,265,3.73,11.0,12.5,4.5,30
1991-05-27,10.8,16.4,56,0.10,305,4.17,1.0,9.1,5.0,31
1991-05-28,12.5,19.8,49,0.00,212,4.50,0.0,8.3,4.2,23
1991-05-29,12.7,19.8,48,0.00,149,4.78,0.0,15.3,11.4,23
1991-05-30,12.6,18.2,49,0.00,180,4.75,0.0,14.0,7.5,25
1991-05-31,12.4,18.6,43,0.00,210,4.27,0.0,16.1,10.0,23
1991-06-01,10.6,18.3,40,0.00,270,4.55,0.0,18.0,11.3,24
1991-06-02,9.9,14.7,48,0.00,172,3.51,0.0,8.0,4.6,29
1991-06-03,6.6,13.9,65,5.00,213,2.95,16.0,13.4,8.6,33
1991-06-04,4.6,11.4,87,7.80,189,1.88,19.0,10.0,7.3,61
1991-06-05,9.7,18.8,68,1.00,109,3.93,3.0,5.8,3.7,28
1991-06-06,14.1,22.2,47,0.00,355,5.28,0.0,10.1,6.3,24
1991-06-07,15.4,22.1,54,0.50,148,4.46,2.0,14.8,8.0,24
1991-06-08,12.0,16.6,56,0.00,299,3.52,0.0,14.6,9.2,36
1991-06-09,12.2,20.0,56,1.10,211,3.47,4.0,14.5,8.1,35
1991-06-10,14.4,19.4,67,6.40,157,3.57,8.0,13.3,9.4,44
1991-06-11,10.4,15.6,76,9.90,318,3.33,10.0,11.5,8.2,38
1991-06-12,9.1,14.3,58,0.10,274,4.04,1.0,10.8,7.0,35
1991-06-13,7.6,11.9,67,4.20,252,2.23,10.0,14.4,7.0,42
1991-06-14,6.6,11.0,91,14.50,251,1.63,24.0,9.1,5.6,59
1991-06-15,8.7,13.7,81,4.60,174,2.75,17.0,7.4,5.1,51
1991-06-16,9.8,15.6,70,0.80,320,3.68,4.0,9.7,4.8,42
1991-06-17,9.9,15.0,78,4.60,289,2.50,13.0,6.9,3.7,42
1991-06-18,10.1,15.8,85,3.30,304,3.07,12.0,7.6,3.6,55
1991-06-19,12.6,20.3,67,0.00,358,4.51,0.0,7.6,5.0,36
1991-06-20,14.8,21.4,56,0.00,20,4.70,0.0,6.8,4.7,35
1991-06-21,14.3,20.7,74,8.40,53,3.34,13.0,8.2,5.1,39
1991-06-22,12.9,16.9,85,15.80,120,2.71,13.0,8.7,5.0,60
1991-06-23,12.3,16.7,85,10.30,158,2.82,19.0,5.8,3.7,53
1991-06-24,14.0,18.8,71,7.00,350,3.92,10.0,7.2,4.3,49
1991-06-25,13.5,18.8,77,4.80,124,3.77,7.0,6.7,3.9,45
1991-06-26,13.4,18.3,79,2.90,175,3.07,9.0,5.9,3.4,45
1991-06-27,13.9,19.5,76,0.40,148,3.57,2.0,9.0,6.1,53
1991-06-28,15.0,22.0,74,0.30,156,4.37,2.0,7.6,3.9,38
1991-06-29,17.1,22.1,60,0.90,133,4.32,5.0,6.8,3.3,37
1991-06-30,14.2,21.4,74,5.70,292,3.69,5.0,7.7,5.7,44
1991-07-01,14.5,20.7,68,0.00,154,3.88,0.0,11.9,6.6,37
1991-07-02,17.6,25.9,65,0.40,147,4.55,2.0,14.2,7.4,31
1991-07-03,17.2,21.8,72,1.10,335,4.28,2.0,10.8,6.9,44
1991-07-04,15.3,21.5,58,0.00,325,4.69,0.0,11.3,8.7,36
1991-07-05,12.4,19.9,52,0.40,313,4.19,2.0,14.6,9.8,36
1991-07-06,10.1,15.7,66,0.10,312,2.70,1.0,13.8,9.1,50
1991-07-07,13.8,21.6,63,0.00,153,4.55,0.0,6.8,4.4,32
1991-07-08,15.9,22.1,62,0.00,293,4.71,0.0,7.4,4.4,32
1991-07-09,16.9,23.1,55,1.20,317,5.27,2.0,10.2,6.6,25
1991-07-10,17.6,23.5,48,0.20,15,5.31,1.0,9.5,6.4,26
1991-07-11,17.0,23.4,62,0.70,146,4.76,1.0,11.8,6.6,34
1991-07-12,15.9,21.3,70,1.70,147,3.78,4.0,14.1,8.1,40
1991-07-13,15.0,21.4,73,2.80,161,2.61,6.0,13.0,6.8,39
1991-07-14,10.9,16.7,81,4.80,150,2.69,5.0,10.1,5.3,45
1991-07-15,11.6,15.8,84,5.10,151,2.38,21.0,12.4,7.5,54
1991-07-16,12.2,17.7,82,4.00,134,3.03,9.0,11.5,6.7,50
1991-07-17,12.0,17.4,78,3.60,208,3.28,8.0,10.4,4.9,37
1991-07-18,12.9,17.3,53,0.00,291,3.39,0.0,12.0,8.7,35
1991-07-19,12.4,17.2,56,0.00,304,3.53,0.0,10.1,7.3,34
1991-07-20,12.3,16.7,51,0.20,333,3.70,1.0,9.9,6.4,36
1991-07-21,12.5,17.7,74,0.40,186,3.39,4.0,6.5,4.6,38
1991-07-22,15.2,23.4,62,0.00,98,4.54,0.0,5.6,3.7,33
1991-07-23,18.6,27.4,55,0.00,53,5.32,0.0,6.6,4.5,27
1991-07-24,20.9,29.3,57,0.00,123,5.34,0.0,11.3,6.6,27
1991-07-25,17.2,28.6,78,14.90,217,2.16,14.0,9.0,4.8,29
1991-07-26,14.5,19.0,74,2.20,165,3.43,4.0,10.3,5.3,44
1991-07-27,13.6,18.8,78,4.00,145,3.47,11.0,9.4,6.2,48
1991-07-28,14.4,19.2,63,0.60,170,4.11,4.0,9.9,6.3,40
1991-07-29,12.9,18.8,62,0.80,317,3.63,2.0,14.3,7.8,40
1991-07-30,12.5,19.6,56,0.10,292,4.07,1.0,9.7,4.0,29
1991-07-31,14.8,21.1,56,0.00,23,4.08,0.0,7.7,4.8,29
1991-08-01,16.0,22.8,55,0.00,5,4.77,0.0,9.2,5.7,25
1991-08-02,17.2,23.7,53,0.00,119,4.32,0.0,9.4,5.7,25
1991-08-03,18.0,25.9,57,0.00,133,4.83,0.0,9.4,6.5,26
1991-08-04,19.5,26.4,54,0.00,138,5.03,0.0,9.0,5.2,26
1991-08-05,17.3,26.4,60,0.20,317,3.96,1.0,15.9,10.2,29
1991-08-06,16.3,24.6,56,0.00,7,4.40,0.0,10.3,6.3,38
1991-08-07,18.3,24.7,67,1.20,141,4.36,4.0,22.5,13.4,31
1991-08-08,20.4,24.2,50,0.00,148,5.12,0.0,27.8,21.5,33
1991-08-09,16.7,23.3,69,9.00,173,2.09,5.0,20.3,6.6,38
1991-08-10,12.8,16.6,87,4.70,331,1.63,9.0,13.6,8.1,50
1991-08-11,14.4,20.0,67,1.90,338,3.24,9.0,11.8,4.9,49
1991-08-12,15.9,20.3,74,15.40,336,3.12,15.0,6.4,3.8,49
1991-08-13,15.5,20.3,83,3.60,320,1.95,9.0,8.3,3.9,51
1991-08-14,15.9,22.1,85,0.60,92,2.87,3.0,6.2,3.3,53
1991-08-15,18.8,27.2,71,0.00,159,4.18,0.0,6.6,4.2,35
1991-08-16,21.0,28.5,66,0.00,108,4.27,0.0,5.8,4.2,32
1991-08-17,21.4,28.5,63,0.00,110,4.26,0.0,5.5,3.6,32
1991-08-18,20.2,28.0,68,0.00,163,4.17,0.0,9.2,6.4,33
1991-08-19,19.7,27.3,55,0.00,267,3.84,0.0,12.3,4.8,32
1991-08-20,17.0,23.7,66,0.90,309,3.00,3.0,14.7,5.6,35
1991-08-21,16.3,23.1,55,0.00,352,3.91,0.0,9.4,6.1,33
1991-08-22,16.0,22.6,51,0.00,356,3.70,0.0,9.4,5.8,32
1991-08-23,15.3,21.4,57,0.00,328,3.50,0.0,10.9,6.9,33
1991-08-24,12.3,17.3,54,0.00,317,3.42,0.0,9.5,7.3,37
1991-08-25,11.3,18.5,63,0.30,200,3.17,1.0,12.5,5.7,27
1991-08-26,12.3,18.9,62,5.50,147,2.54,10.0,21.1,14.2,28
1991-08-27,11.2,16.8,81,10.80,142,2.22,17.0,25.5,19.1,51
1991-08-28,11.4,16.4,74,5.50,138,2.59,11.0,16.8,13.2,43
1991-08-29,10.1,14.3,79,4.00,128,1.53,9.0,20.5,15.1,58
1991-08-30,11.7,14.4,94,13.10,133,0.83,23.0,24.4,14.2,69
1991-08-31,11.3,16.2,85,0.40,145,1.86,2.0,13.2,8.6,50
1991-09-01,10.4,15.6,78,4.00,205,2.44,15.0,8.3,5.2,42
1991-09-02,9.7,15.0,61,0.00,243,2.72,0.0,9.1,4.4,31
1991-09-03,11.6,19.5,59,0.00,140,3.34,0.0,12.3,9.3,32
1991-09-04,14.1,21.3,65,0.00,107,3.41,0.0,8.9,5.1,35
1991-09-05,15.2,23.2,68,0.00,128,3.34,0.0,10.2,6.1,34
1991-09-06,16.1,22.8,63,0.00,120,2.90,0.0,8.3,4.1,37
1991-09-07,13.0,20.8,56,0.00,321,2.72,0.0,13.0,9.2,31
1991-09-08,9.7,15.9,51,0.00,337,3.21,0.0,13.8,9.8,30
1991-09-09,10.6,17.5,57,0.00,93,3.06,0.0,9.8,6.1,30
1991-09-10,12.9,18.7,59,0.00,346,2.89,0.0,6.7,3.3,31
1991-09-11,13.2,20.4,66,0.60,99,2.79,2.0,9.6,5.1,35
1991-09-12,14.6,20.9,62,0.00,143,2.78,0.0,15.6,9.8,31
1991-09-13,10.0,20.2,64,1.90,287,1.85,4.0,16.8,9.4,33
1991-09-14,9.0,15.9,67,0.00,327,2.19,0.0,14.6,5.2,34
1991-09-15,11.2,15.8,67,1.10,121,1.62,3.0,9.9,5.3,35
1991-09-16,10.6,15.8,78,1.30,340,1.97,4.0,10.3,6.9,42
1991-09-17,10.7,18.1,66,0.00,22,2.75,0.0,10.8,6.1,40
1991-09-18,13.6,22.1,64,0.00,129,2.92,0.0,10.2,7.9,37
1991-09-19,13.6,21.9,63,0.00,36,2.58,0.0,14.8,8.6,34
1991-09-20,8.8,15.9,46,0.00,320,2.79,0.0,12.9,10.7,32
1991-09-21,6.7,12.0,57,0.00,297,2.12,0.0,12.5,6.9,27
1991-09-22,5.8,11.8,70,10.50,136,0.86,10.0,12.8,9.5,27
1991-09-23,6.4,15.0,93,1.80,125,1.08,4.0,10.7,8.3,58
1991-09-24,10.5,20.2,79,0.00,110,2.37,0.0,11.2,7.0,47
1991-09-25,12.6,21.5,74,0.00,110,2.48,0.0,8.3,6.8,38
1991-09-26,13.4,22.4,70,0.00,108,2.58,0.0,9.0,6.5,39
1991-09-27,15.2,22.8,66,0.00,122,2.62,0.0,11.1,8.1,43
1991-09-28,13.1,21.6,65,0.00,327,2.34,0.0,13.5,8.2,30
1991-09-29,8.0,15.1,52,0.00,345,1.69,0.0,10.1,6.1,33
1991-09-30,8.1,11.6,65,0.00,120,1.06,0.0,11.2,7.8,35
1991-10-01,7.9,12.9,76,2.20,323,1.81,8.0,12.3,6.9,29
1991-10-02,6.9,12.6,56,0.00,327,2.08,0.0,11.6,6.0,25
1991-10-03,5.7,11.5,56,0.00,317,1.75,0.0,12.0,8.6,29
1991-10-04,5.3,12.5,63,0.00,116,1.76,0.0,8.6,6.0,35
1991-10-05,7.8,16.3,60,0.00,121,2.23,0.0,13.2,10.7,37
1991-10-06,10.3,17.3,57,0.00,131,2.28,0.0,17.2,14.0,39
1991-10-07,7.4,16.8,53,0.00,310,2.03,0.0,14.8,9.5,31
1991-10-08,4.6,11.8,67,0.00,108,1.27,0.0,14.0,7.6,32
1991-10-09,10.1,19.5,56,0.00,129,2.30,0.0,18.4,15.5,40
1991-10-10,12.3,21.6,63,0.00,135,2.54,0.0,16.9,12.7,39
1991-10-11,12.7,20.8,72,0.00,123,2.19,0.0,14.0,10.8,42
1991-10-12,10.7,19.7,54,0.40,289,2.12,2.0,15.8,11.4,33
1991-10-13,6.1,10.2,60,0.80,85,0.98,3.0,9.9,6.0,34
1991-10-14,8.5,18.8,72,0.00,118,1.66,0.0,11.1,9.3,47
1991-10-15,9.9,17.7,77,0.00,96,1.33,0.0,15.2,9.2,52
1991-10-16,1.9,7.3,88,17.10,327,0.51,20.0,23.4,14.1,70
1991-10-17,-3.3,1.5,74,0.10,351,0.95,1.0,15.1,8.2,49
1991-10-18,-1.9,2.0,72,0.40,132,0.63,3.0,14.5,11.1,61
1991-10-19,1.0,8.2,85,0.00,131,0.87,0.0,11.0,9.9,62
1991-10-20,3.6,6.4,97,13.90,126,0.29,14.0,11.7,8.1,76
1991-10-21,2.1,4.9,92,17.30,337,0.36,18.0,16.2,7.8,73
1991-10-22,-2.9,0.3,60,0.30,346,1.05,2.0,15.5,10.9,44
1991-10-23,-3.8,0.1,67,0.00,133,0.65,0.0,9.8,7.2,49
1991-10-24,-2.6,-0.1,79,0.00,95,0.60,0.0,8.1,5.2,57
1991-10-25,-6.3,-1.6,72,0.00,348,0.64,0.0,10.6,6.2,54
1991-10-26,-7.6,-3.1,65,0.00,359,0.71,0.0,13.3,8.0,47
1991-10-27,-11.9,-5.6,51,0.00,344,0.73,0.0,13.3,12.3,30
1991-10-28,-10.1,-4.6,51,0.00,64,0.64,0.0,8.3,5.7,33
1991-10-29,-8.9,-3.9,51,0.00,3,0.77,0.0,9.7,7.0,34
1991-10-30,-5.0,-3.3,60,10.10,135,0.52,14.0,15.5,10.8,35
1991-10-31,-5.5,-3.2,85,1.10,351,0.48,6.0,11.6,8.7,60
1991-11-01,-12.8,-6.7,81,0.00,9,0.43,0.0,10.7,4.9,65
1991-11-02,-11.6,-3.0,79,0.00,104,0.45,0.0,12.9,7.6,55
1991-11-03,-2.8,0.3,75,4.10,137,0.51,15.0,15.0,13.1,63
1991-11-04,0.4,3.0,87,16.10,135,0.57,17.0,18.1,12.6,75
1991-11-05,0.9,4.7,91,7.00,113,0.42,10.0,11.3,7.2,73
1991-11-06,-2.8,3.0,92,0.00,93,0.42,0.0,7.6,5.3,81
1991-11-07,-2.3,2.2,89,6.20,126,0.31,4.0,22.5,14.1,76
1991-11-08,1.3,3.3,91,4.50,135,0.45,12.0,21.7,9.2,78
1991-11-09,-1.4,2.9,94,1.30,127,0.38,3.0,19.4,11.3,83
1991-11-10,-1.3,3.1,93,2.70,130,0.48,7.0,18.3,9.5,83
1991-11-11,2.2,5.5,87,13.60,137,0.55,11.0,26.5,20.8,76
1991-11-12,-1.1,4.7,91,0.80,140,0.34,3.0,18.9,11.3,81
1991-11-13,-2.0,1.1,89,4.50,147,0.38,9.0,17.3,10.3,78
1991-11-14,-3.4,0.4,84,0.00,127,0.44,0.0,11.0,5.1,69
1991-11-15,-1.0,1.5,70,0.80,136,0.81,4.0,27.9,21.0,56
1991-11-16,1.1,3.0,67,11.50,138,1.05,12.0,30.8,22.5,56
1991-11-17,1.2,3.4,81,2.50,140,0.62,12.0,23.3,18.5,74
1991-11-18,-2.3,1.8,88,0.00,127,0.42,0.0,10.5,6.6,76
1991-11-19,-1.2,1.9,83,3.80,132,0.46,9.0,28.0,19.3,75
1991-11-20,-0.9,0.9,95,4.90,132,0.35,14.0,16.3,9.3,88
1991-11-21,-5.1,-1.7,87,0.00,124,0.32,0.0,8.4,5.9,72
1991-11-22,-5.0,-2.8,81,0.00,114,0.31,0.0,11.4,8.4,71
1991-11-23,-2.3,0.2,69,0.90,134,0.76,4.0,20.9,17.9,58
1991-11-24,-1.5,1.0,78,2.10,131,0.50,6.0,18.9,14.9,67
1991-11-25,-0.9,1.8,91,3.10,138,0.35,11.0,18.9,10.2,80
1991-11-26,-4.2,-1.0,91,0.00,120,0.26,0.0,13.0,7.1,73
1991-11-27,-3.3,-1.4,80,0.00,101,0.29,0.0,7.9,3.9,66
1991-11-28,-2.9,-0.4,76,4.70,207,0.45,14.0,21.4,12.1,54
1991-11-29,-5.7,-2.6,70,0.00,323,0.42,0.0,17.6,9.3,49
1991-11-30,-4.6,-1.0,81,4.40,116,0.21,12.0,8.7,5.6,57
1991-12-01,-1.6,2.0,87,8.60,145,0.37,16.0,21.1,13.0,56
1991-12-02,-4.7,0.3,82,0.60,271,0.22,3.0,14.5,6.6,67
1991-12-03,-2.0,0.4,90,14.40,133,0.21,18.0,14.0,12.6,85
1991-12-04,-2.4,-0.4,90,2.70,133,0.22,7.0,16.5,12.2,83
1991-12-05,-0.6,1.5,89,8.60,134,0.27,20.0,19.9,15.6,78
1991-12-06,-2.7,0.2,90,0.90,135,0.20,2.0,17.8,11.9,82
1991-12-07,-6.3,-2.2,88,3.50,142,0.18,14.0,15.5,9.6,76
1991-12-08,-7.2,-3.4,80,1.90,145,0.23,7.0,18.6,10.8,66
1991-12-09,-4.7,-1.6,82,2.20,161,0.36,6.0,23.4,13.4,56
1991-12-10,-6.7,-2.7,75,0.00,150,0.36,0.0,22.8,15.4,62
1991-12-11,-5.3,-3.1,84,5.20,160,0.31,9.0,22.7,10.9,65
1991-12-12,-6.0,-3.7,78,4.10,144,0.37,10.0,21.1,15.3,62
1991-12-13,-13.7,-6.1,78,0.30,128,0.16,2.0,13.2,8.9,68
1991-12-14,-11.7,-7.2,83,0.90,133,0.17,5.0,13.3,11.9,72
1991-12-15,-8.0,-4.3,82,0.00,134,0.24,0.0,14.3,13.6,72
1991-12-16,-9.8,-4.9,87,0.00,117,0.16,0.0,13.3,8.2,79
1991-12-17,-10.3,-3.4,82,0.00,124,0.23,0.0,15.0,12.6,66
1991-12-18,-3.9,-1.2,74,0.50,134,0.41,5.0,16.5,14.0,71
1991-12-19,-8.8,-1.6,84,2.30,146,0.19,5.0,15.5,8.0,68
1991-12-20,-5.8,0.2,76,0.90,134,0.49,3.0,28.8,20.6,61
1991-12-21,-4.1,0.0,81,0.10,141,0.45,1.0,30.3,17.4,60
1991-12-22,-10.2,-4.8,88,0.00,122,0.16,0.0,12.7,8.8,79
1991-12-23,-6.0,-2.0,85,0.00,132,0.22,0.0,16.0,12.6,72
1991-12-24,-2.7,0.7,81,0.60,136,0.42,2.0,20.4,17.5,73
1991-12-25,-3.6,0.9,88,0.00,128,0.28,0.0,19.7,15.6,73
1991-12-26,0.9,3.6,75,0.70,136,0.70,5.0,21.9,20.5,67
1991-12-27,1.1,3.0,78,0.00,138,0.59,0.0,20.5,17.3,71
1991-12-28,-2.0,1.5,85,0.00,120,0.25,0.0,13.6,10.5,76
1991-12-29,-4.8,-1.0,85,0.00,107,0.23,0.0,8.8,7.5,77
1991-12-30,-6.2,-2.4,86,0.00,123,0.19,0.0,10.3,8.4,82
1991-12-31,-5.9,0.1,87,0.00,134,0.27,0.0,21.7,15.5,73
1992-01-01,-0.3,2.2,74,0.00,138,0.67,0.0,24.4,21.4,65
1992-01-02,-0.9,1.5,80,3.00,151,0.54,10.0,23.5,13.8,65
1992-01-03,-5.0,-2.5,84,0.00,121,0.20,0.0,14.6,10.4,74
1992-01-04,-3.3,-1.1,81,0.40,131,0.36,2.0,18.6,13.4,76
1992-01-05,-4.4,-1.4,87,4.70,10,0.15,15.0,6.6,4.2,80
1992-01-06,-7.5,-4.2,88,0.00,321,0.17,0.0,6.6,4.1,84
1992-01-07,-10.7,-8.3,86,0.00,141,0.17,0.0,10.4,7.0,72
1992-01-08,-8.0,-4.7,76,0.60,130,0.30,3.0,16.8,12.7,68
1992-01-09,-2.7,1.2,75,1.10,133,0.51,3.0,20.4,17.4,70
1992-01-10,0.7,1.3,89,5.70,133,0.31,15.0,18.8,13.0,80
1992-01-11,-2.6,-0.1,89,9.60,306,0.25,10.0,12.0,5.8,73
1992-01-12,-11.2,-5.3,84,0.00,122,0.19,0.0,8.9,6.3,73
1992-01-13,-5.8,-2.2,88,4.00,137,0.24,17.0,10.4,9.0,79
1992-01-14,-4.8,-0.7,88,0.00,116,0.25,0.0,10.9,6.4,77
1992-01-15,-0.7,-0.2,92,11.90,139,0.15,16.0,13.6,10.6,88
1992-01-16,-8.1,-0.3,90,0.20,94,0.19,1.0,9.7,6.1,79
1992-01-17,-7.4,-4.3,84,0.00,121,0.27,0.0,8.4,7.2,72
1992-01-18,-5.2,-1.1,83,0.00,126,0.29,0.0,16.5,12.9,69
1992-01-19,-0.7,1.5,69,0.00,135,0.82,0.0,19.6,16.9,61
1992-01-20,-2.5,0.6,72,0.00,136,0.61,0.0,17.3,15.2,60
1992-01-21,-2.3,0.0,82,10.30,148,0.36,20.0,15.0,11.0,62
1992-01-22,-8.2,-2.8,81,1.60,134,0.28,8.0,12.6,9.9,72
1992-01-23,-3.8,-1.5,89,3.90,123,0.24,9.0,15.0,11.8,83
1992-01-24,-4.3,-1.9,93,6.40,104,0.29,8.0,8.8,4.9,82
1992-01-25,-0.0,2.1,80,0.20,128,0.49,1.0,18.9,14.5,77
1992-01-26,-2.8,1.3,86,0.00,129,0.40,0.0,21.3,13.7,69
1992-01-27,0.3,3.3,79,0.00,137,0.63,0.0,23.9,19.7,69
1992-01-28,0.7,3.8,87,0.90,134,0.52,3.0,21.2,16.7,75
1992-01-29,-0.5,1.9,89,1.40,133,0.35,7.0,17.9,14.0,79
1992-01-30,3.0,5.0,81,1.20,140,0.82,4.0,27.3,21.4,75
1992-01-31,-1.1,3.8,89,4.20,116,0.34,9.0,21.6,9.2,77
1992-02-01,1.2,3.7,81,0.00,140,0.76,0.0,25.2,17.4,73
1992-02-02,-1.4,2.3,86,0.00,127,0.46,0.0,23.7,13.6,61
1992-02-03,3.1,7.0,73,0.10,140,1.12,1.0,25.8,21.8,61
1992-02-04,1.5,5.7,84,1.20,136,0.45,3.0,20.7,15.4,71
1992-02-05,-3.1,1.6,91,0.00,95,0.45,0.0,6.4,4.6,78
1992-02-06,-2.9,2.0,86,0.00,90,0.58,0.0,5.2,3.5,65
1992-02-07,-3.2,1.7,86,0.00,69,0.54,0.0,3.8,2.2,71
1992-02-08,-3.5,-0.9,85,0.00,105,0.41,0.0,6.6,3.5,76
1992-02-09,-4.6,-0.3,81,0.00,117,0.41,0.0,7.4,6.4,70
1992-02-10,-5.7,-1.0,78,0.00,4,0.42,0.0,11.0,7.5,61
1992-02-11,-6.4,-0.0,71,0.00,344,0.45,0.0,10.0,5.3,61
1992-02-12,-2.1,4.6,80,0.00,82,0.67,0.0,7.7,4.7,65
1992-02-13,0.4,4.3,84,0.00,121,0.65,0.0,18.0,10.8,64
1992-02-14,-1.0,4.7,83,0.00,120,0.75,0.0,15.0,8.8,61
1992-02-15,-1.7,3.3,85,0.60,97,0.51,3.0,10.8,6.6,71
1992-02-16,-1.5,2.2,89,9.40,157,0.66,15.0,11.6,6.0,60
1992-02-17,-2.5,1.5,78,1.00,128,0.68,4.0,17.7,12.8,60
1992-02-18,-2.2,0.9,81,2.70,127,0.54,9.0,16.5,12.0,66
1992-02-19,-10.8,-0.6,78,3.90,316,0.44,8.0,13.6,8.9,60
1992-02-20,-14.7,-8.8,74,0.00,353,0.41,0.0,7.9,5.8,64
1992-02-21,-7.5,2.7,77,0.70,115,0.50,5.0,26.5,12.1,67
1992-02-22,-0.2,2.6,78,2.20,143,0.98,6.0,20.5,13.6,41
1992-02-23,-6.1,1.5,72,0.10,107,0.72,1.0,20.4,11.1,50
1992-02-24,-1.2,4.8,79,0.40,132,0.94,1.0,19.2,13.7,62
1992-02-25,1.4,5.8,85,0.40,128,0.84,2.0,15.1,12.9,69
1992-02-26,1.5,8.0,84,0.00,120,1.13,0.0,10.8,9.9,60
1992-02-27,1.5,7.0,80,0.00,123,1.17,0.0,12.1,10.0,61
1992-02-28,1.8,9.1,76,0.00,126,1.30,0.0,15.7,11.9,51
1992-02-29,2.2,7.5,77,0.80,134,1.19,4.0,17.1,11.7,59
1992-03-01,0.2,3.4,77,0.00,69,0.78,0.0,8.4,4.5,65
1992-03-02,0.6,5.0,90,3.80,128,0.55,11.0,9.7,7.5,72
1992-03-03,0.1,5.9,86,0.00,122,1.14,0.0,9.5,8.3,61
1992-03-04,0.2,6.1,81,0.40,132,0.94,2.0,20.3,10.9,56
1992-03-05,1.0,5.5,80,0.20,129,1.12,1.0,13.6,10.2,62
1992-03-06,0.7,5.3,87,0.10,131,1.11,1.0,9.5,7.8,69
1992-03-07,-0.8,4.2,76,0.80,334,1.26,3.0,7.2,4.8,44
1992-03-08,0.6,6.7,55,0.00,71,1.46,0.0,6.8,3.8,37
1992-03-09,0.0,7.8,66,0.00,104,1.33,0.0,10.4,7.0,42
1992-03-10,1.2,7.4,74,0.00,107,1.44,0.0,8.6,5.5,56
1992-03-11,1.3,8.2,74,0.00,119,1.54,0.0,10.7,8.6,54
1992-03-12,3.7,10.6,77,0.80,96,1.40,5.0,6.3,4.1,45
1992-03-13,3.6,9.2,74,0.00,90,1.72,0.0,6.8,5.3,56
1992-03-14,3.4,11.8,74,0.00,109,1.78,0.0,8.5,5.9,45
1992-03-15,3.7,10.1,78,0.00,31,1.73,0.0,7.1,3.9,57
1992-03-16,3.1,10.8,70,0.00,20,1.92,0.0,7.6,5.0,37
1992-03-17,2.7,10.5,79,0.10,90,1.24,1.0,6.1,4.3,40
1992-03-18,0.7,6.1,82,3.20,315,1.47,6.0,11.8,6.6,42
1992-03-19,1.1,6.9,65,0.30,12,1.40,2.0,11.7,5.8,32
1992-03-20,1.8,8.3,59,0.00,105,1.81,0.0,9.8,4.2,31
1992-03-21,1.6,7.8,64,0.00,116,1.94,0.0,7.2,6.2,35
1992-03-22,1.3,8.4,68,0.00,119,2.00,0.0,9.6,8.2,48
1992-03-23,1.0,7.5,69,0.00,352,1.81,0.0,14.0,8.6,40
1992-03-24,1.0,8.5,53,0.00,350,2.18,0.0,12.4,5.5,26
1992-03-25,2.2,9.3,65,0.00,120,2.09,0.0,9.5,6.2,30
1992-03-26,3.3,9.9,70,0.00,132,2.11,0.0,10.8,6.7,39
1992-03-27,1.4,11.2,64,4.20,304,1.67,10.0,16.6,10.8,34
1992-03-28,-2.2,2.2,42,0.00,279,1.94,0.0,12.7,5.5,32
1992-03-29,-0.6,6.8,43,0.00,110,2.01,0.0,14.0,7.2,31
1992-03-30,1.9,10.9,53,0.00,124,2.35,0.0,15.5,11.3,35
1992-03-31,5.1,12.9,71,0.10,132,1.97,1.0,10.6,6.9,45
1992-04-01,7.8,17.7,69,0.00,146,2.59,0.0,12.2,8.1,38
1992-04-02,9.2,18.4,67,0.00,131,2.96,0.0,21.7,12.1,32
1992-04-03,7.0,18.1,58,2.60,223,2.80,6.0,21.4,10.5,24
1992-04-04,2.2,7.5,59,0.00,157,1.95,0.0,10.0,6.4,25
1992-04-05,0.8,5.6,65,0.00,127,1.72,0.0,9.2,7.0,37
1992-04-06,0.4,5.0,66,0.00,212,1.68,0.0,7.6,4.6,35
1992-04-07,0.7,6.6,56,0.00,251,2.20,0.0,12.8,6.3,21
1992-04-08,0.5,6.4,51,0.00,303,1.92,0.0,14.4,7.4,21
1992-04-09,-1.1,4.4,47,0.00,340,2.07,0.0,13.8,8.9,26
1992-04-10,-2.3,2.1,33,0.00,346,2.29,0.0,13.4,8.6,22
1992-04-11,-0.9,6.2,37,0.00,88,2.52,0.0,11.7,7.3,18
1992-04-12,2.3,11.6,43,0.00,124,3.07,0.0,12.6,10.6,20
1992-04-13,5.1,12.9,63,0.10,125,2.86,1.0,10.9,9.0,35
1992-04-14,6.5,13.6,67,0.20,126,2.69,2.0,15.7,11.5,36
1992-04-15,7.2,13.8,66,0.20,132,2.56,1.0,22.3,14.9,39
1992-04-16,7.8,12.0,68,0.00,128,2.17,0.0,32.3,17.9,50
1992-04-17,6.1,12.3,80,3.10,145,2.15,7.0,26.9,11.7,54
1992-04-18,5.0,10.3,65,0.60,289,2.17,3.0,12.5,8.8,33
1992-04-19,5.8,14.5,56,0.00,121,2.84,0.0,19.7,10.8,29
1992-04-20,7.4,14.0,51,1.70,158,3.37,6.0,19.4,14.1,23
1992-04-21,3.8,9.7,46,0.00,201,2.98,0.0,12.0,6.4,23
1992-04-22,3.4,8.4,56,0.00,331,2.19,0.0,12.3,7.5,26
1992-04-23,2.8,9.3,70,1.90,302,2.02,13.0,10.6,7.8,34
1992-04-24,4.6,12.3,58,0.00,117,2.91,0.0,20.2,10.2,29
1992-04-25,9.2,18.1,44,0.00,137,4.36,0.0,19.1,15.6,30
1992-04-26,10.7,17.7,55,2.00,133,2.87,3.0,17.3,13.7,31
1992-04-27,9.3,14.4,78,3.90,124,2.14,10.0,10.7,7.9,51
1992-04-28,6.7,11.3,81,2.40,31,1.58,7.0,9.5,4.6,61
1992-04-29,6.3,9.9,98,7.10,88,1.04,16.0,7.8,5.2,85
1992-04-30,5.8,9.0,84,12.70,283,1.88,20.0,15.7,8.1,31
1992-05-01,4.2,12.8,49,0.40,197,3.20,1.0,16.6,10.3,32
1992-05-02,6.8,12.6,60,0.70,144,2.25,4.0,17.0,10.7,35
1992-05-03,9.7,19.7,60,0.00,139,3.71,0.0,15.0,10.5,26
1992-05-04,13.1,22.5,48,0.00,139,4.90,0.0,18.1,13.6,20
1992-05-05,13.4,22.1,50,0.40,174,3.43,1.0,17.4,7.9,20
1992-05-06,10.5,16.5,62,0.00,347,3.25,0.0,13.1,9.1,36
1992-05-07,10.5,17.6,47,0.00,347,3.77,0.0,12.1,6.9,29
1992-05-08,8.1,17.1,42,0.00,317,3.37,0.0,14.4,11.2,27
1992-05-09,4.9,10.5,63,2.90,227,1.98,5.0,15.9,8.5,31
1992-05-10,3.1,7.6,80,8.30,262,2.07,17.0,12.7,8.5,37
1992-05-11,2.9,8.4,76,6.00,289,2.16,23.0,12.0,9.0,54
1992-05-12,3.9,11.4,67,1.50,347,3.32,2.0,7.9,5.0,22
1992-05-13,6.3,14.9,46,0.00,201,4.08,0.0,11.8,7.4,20
1992-05-14,8.8,15.1,45,0.00,296,4.05,0.0,11.6,7.5,21
1992-05-15,8.0,14.9,53,0.10,335,3.84,1.0,14.7,12.3,23
1992-05-16,9.0,19.0,48,0.00,203,4.54,0.0,13.8,7.6,18
1992-05-17,11.8,19.7,39,0.00,257,4.99,0.0,15.3,8.4,18
1992-05-18,11.1,19.9,39,0.20,304,4.29,1.0,12.2,9.7,20
1992-05-19,7.2,14.1,40,0.00,330,4.05,0.0,14.8,9.6,26
1992-05-20,5.7,11.0,46,0.00,331,3.67,0.0,14.8,11.6,25
1992-05-21,5.4,10.8,42,0.20,337,3.95,2.0,13.6,8.8,24
1992-05-22,6.5,11.8,48,0.00,33,2.93,0.0,8.9,5.8,28
1992-05-23,8.3,13.9,58,0.00,107,2.68,0.0,7.6,4.1,38
1992-05-24,11.5,20.9,60,0.00,111,3.59,0.0,7.9,5.8,32
1992-05-25,16.1,26.5,50,0.00,113,5.46,0.0,11.6,8.3,25
1992-05-26,13.6,23.0,71,4.40,305,3.22,13.0,14.8,8.4,36
1992-05-27,11.3,16.9,50,0.70,298,3.58,3.0,11.2,7.0,32
1992-05-28,10.2,15.8,73,3.50,207,3.06,7.0,8.0,3.7,37
1992-05-29,9.5,16.0,80,6.30,288,3.21,14.0,10.1,5.9,38
1992-05-30,11.2,18.6,60,0.30,327,4.49,1.0,9.1,4.6,30
1992-05-31,14.8,22.1,50,0.00,141,4.48,0.0,11.2,7.9,29
1992-06-01,15.3,21.3,59,0.00,314,3.92,0.0,12.7,8.8,37
1992-06-02,8.6,14.4,62,4.80,294,3.52,8.0,15.6,10.6,37
1992-06-03,9.7,17.2,49,0.00,307,4.26,0.0,15.9,6.8,24
1992-06-04,12.1,16.8,43,0.40,318,4.13,3.0,12.8,9.2,25
1992-06-05,12.5,18.7,50,0.00,315,4.40,0.0,9.5,5.7,30
1992-06-06,14.3,21.3,53,0.00,183,4.69,0.0,8.7,4.8,24
1992-06-07,14.9,21.2,46,0.10,264,4.10,1.0,12.6,6.9,25
1992-06-08,13.1,18.3,58,0.70,339,3.70,3.0,10.3,6.1,33
1992-06-09,13.3,18.1,59,0.10,338,3.76,1.0,8.6,4.9,34
1992-06-10,10.3,16.8,79,8.80,146,3.43,7.0,10.1,5.3,42
1992-06-11,13.7,22.6,62,0.00,77,4.44,0.0,7.4,4.8,29
1992-06-12,15.2,24.3,65,3.20,86,3.61,7.0,15.3,6.9,32
1992-06-13,16.6,22.9,74,1.20,31,3.63,2.0,6.7,3.2,39
1992-06-14,15.1,23.0,64,0.20,153,3.39,1.0,13.1,9.5,39
1992-06-15,15.9,22.2,57,0.00,308,4.34,0.0,7.6,4.6,34
1992-06-16,16.1,22.2,55,0.00,309,4.71,0.0,13.3,10.7,35
1992-06-17,14.2,19.6,42,0.00,315,5.45,0.0,13.0,9.8,23
1992-06-18,15.8,23.3,39,0.00,355,5.13,0.0,8.2,4.0,22
1992-06-19,17.3,23.4,51,0.00,319,3.83,0.0,9.7,5.2,24
1992-06-20,15.6,22.6,68,1.10,243,3.55,4.0,11.7,5.1,27
1992-06-21,17.2,21.8,57,0.00,334,3.99,0.0,11.0,6.9,33
1992-06-22,18.4,27.4,49,0.00,329,5.33,0.0,7.6,5.3,24
1992-06-23,20.3,27.7,41,0.00,326,6.27,0.0,11.6,9.1,22
1992-06-24,19.3,27.5,36,0.00,352,6.29,0.0,10.8,7.3,20
1992-06-25,21.7,30.3,38,0.00,355,6.35,0.0,9.3,6.2,18
1992-06-26,23.1,30.4,41,0.00,341,6.41,0.0,9.4,6.5,18
1992-06-27,22.8,30.3,35,0.00,332,6.01,0.0,10.4,7.9,19
1992-06-28,22.1,28.4,45,0.90,36,5.24,1.0,15.0,5.6,21
1992-06-29,18.9,24.9,66,1.80,75,3.72,5.0,13.7,6.9,35
1992-06-30,14.8,19.1,90,11.60,126,2.62,23.0,10.8,3.9,60
1992-07-01,15.3,21.6,71,12.90,9,4.48,8.0,11.5,6.0,26
1992-07-02,15.5,21.1,55,0.20,31,4.47,1.0,8.7,4.0,27
1992-07-03,14.2,19.5,64,0.60,104,3.41,2.0,8.5,5.2,33
1992-07-04,13.9,19.9,74,3.60,82,3.43,10.0,4.2,2.5,45
1992-07-05,15.7,20.2,64,0.80,333,4.04,1.0,8.0,4.0,42
1992-07-06,14.7,20.7,75,0.30,249,3.83,2.0,11.5,5.0,38
1992-07-07,14.6,19.8,64,1.90,281,3.98,1.0,9.4,5.9,37
1992-07-08,14.2,19.0,49,0.00,308,4.11,0.0,16.8,10.4,37
1992-07-09,13.4,19.2,64,0.10,329,4.43,1.0,14.5,9.3,36
1992-07-10,15.1,20.7,54,0.30,344,4.33,1.0,10.3,4.4,34
1992-07-11,15.9,21.0,58,0.10,332,4.39,1.0,7.9,6.1,33
1992-07-12,16.5,21.3,60,0.00,150,3.11,0.0,8.8,5.5,39
1992-07-13,14.2,20.4,66,3.60,298,3.34,7.0,12.7,5.7,42
1992-07-14,11.6,16.7,59,1.10,292,3.72,2.0,14.5,10.0,32
1992-07-15,13.3,20.5,50,0.00,314,4.64,0.0,13.7,7.0,29
1992-07-16,17.1,24.0,49,0.00,146,4.81,0.0,5.2,2.9,28
1992-07-17,18.0,24.3,56,0.00,331,4.77,0.0,9.3,3.7,27
1992-07-18,18.2,24.4,43,0.00,343,5.80,0.0,11.6,9.9,23
1992-07-19,17.1,24.3,44,0.00,333,5.74,0.0,12.9,8.5,23
1992-07-20,19.0,26.4,41,0.00,323,5.78,0.0,9.9,6.8,23
1992-07-21,19.7,26.3,48,0.00,333,4.71,0.0,8.3,4.5,23
1992-07-22,16.3,21.9,76,5.20,189,3.24,11.0,7.5,5.1,31
1992-07-23,17.8,24.4,46,0.00,333,5.35,0.0,11.3,6.4,20
1992-07-24,18.3,24.5,44,0.00,330,5.23,0.0,11.0,6.6,20
1992-07-25,19.1,24.5,50,0.00,170,4.45,0.0,10.4,5.3,24
1992-07-26,15.5,23.3,47,0.00,293,3.94,0.0,16.0,9.4,28
1992-07-27,15.7,20.4,49,0.00,312,3.74,0.0,8.6,5.5,28
1992-07-28,16.1,20.4,57,2.10,294,3.65,2.0,8.4,3.7,33
1992-07-29,17.4,24.9,54,0.00,290,4.83,0.0,8.6,4.4,25
1992-07-30,19.1,26.1,48,0.00,332,5.03,0.0,8.7,5.7,25
1992-07-31,20.4,29.1,45,0.00,8,5.44,0.0,7.9,5.8,22
1992-08-01,22.2,29.8,45,0.00,30,5.09,0.0,7.8,5.1,20
1992-08-02,21.2,29.6,48,0.70,348,5.16,2.0,12.0,8.1,20
1992-08-03,19.7,26.4,50,0.00,321,5.03,0.0,10.8,7.2,23
1992-08-04,20.5,26.3,42,0.00,338,4.55,0.0,9.3,5.4,22
1992-08-05,18.9,24.7,59,0.40,155,4.33,1.0,10.6,6.6,32
1992-08-06,16.7,24.2,67,5.90,156,2.38,8.0,12.4,9.8,34
1992-08-07,10.6,13.5,90,14.00,155,1.82,17.0,11.5,6.6,58
1992-08-08,10.3,16.4,74,2.70,146,2.97,5.0,10.7,6.5,37
1992-08-09,10.8,16.2,65,0.40,183,3.13,2.0,12.0,7.1,33
1992-08-10,13.2,21.9,59,0.00,126,3.94,0.0,8.0,6.0,33
1992-08-11,17.4,26.3,60,0.00,113,4.49,0.0,8.9,5.0,29
1992-08-12,20.1,29.1,53,0.00,116,4.96,0.0,10.5,7.2,24
1992-08-13,21.3,29.0,54,0.00,110,4.50,0.0,8.4,5.8,24
1992-08-14,19.0,25.0,64,1.40,37,4.28,2.0,10.3,6.8,28
1992-08-15,18.2,25.1,46,0.00,336,4.84,0.0,11.8,8.1,27
1992-08-16,17.8,24.0,42,0.00,350,4.80,0.0,8.5,7.0,24
1992-08-17,18.7,28.0,44,0.00,28,4.81,0.0,8.7,5.8,23
1992-08-18,20.0,28.2,53,0.00,330,4.41,0.0,8.7,5.7,23
1992-08-19,15.3,25.1,54,2.80,323,3.92,4.0,14.0,9.6,23
1992-08-20,13.3,20.2,48,0.00,349,4.27,0.0,13.5,7.2,23
1992-08-21,12.8,20.0,47,1.60,343,3.89,4.0,19.5,10.3,23
1992-08-22,8.1,14.6,40,0.00,342,4.02,0.0,18.8,13.5,22
1992-08-23,8.4,15.4,35,0.00,336,4.09,0.0,15.1,9.8,20
1992-08-24,11.4,20.0,48,0.00,343,3.79,0.0,12.5,5.6,21
1992-08-25,14.6,22.7,51,0.00,315,3.52,0.0,12.0,4.8,27
1992-08-26,16.4,21.7,64,1.40,264,2.93,10.0,9.9,4.9,34
1992-08-27,12.9,20.6,53,0.70,304,3.58,2.0,12.0,6.8,25
1992-08-28,11.1,18.4,44,0.00,322,3.18,0.0,14.0,9.0,24
1992-08-29,11.2,17.5,54,0.00,126,2.96,0.0,13.0,7.2,25
1992-08-30,12.7,17.1,57,0.70,126,2.63,1.0,10.7,7.3,31
1992-08-31,12.8,19.1,71,0.00,226,2.38,0.0,10.2,4.9,38
1992-09-01,14.3,19.5,60,2.00,270,2.82,8.0,14.8,7.3,29
1992-09-02,11.5,19.3,51,0.00,316,2.09,0.0,14.7,6.1,26
1992-09-03,9.5,12.2,84,2.80,145,0.93,10.0,6.8,4.3,52
1992-09-04,7.3,9.4,88,5.30,313,1.33,13.0,9.0,6.2,54
1992-09-05,4.8,7.7,74,2.10,297,1.28,9.0,10.6,7.1,63
1992-09-06,4.0,10.5,77,0.20,301,1.73,2.0,8.5,4.0,35
1992-09-07,5.8,10.4,63,2.60,137,1.47,9.0,24.4,16.1,35
1992-09-08,5.0,11.9,77,7.50,212,1.97,8.0,23.2,11.2,36
1992-09-09,7.8,16.7,65,0.50,129,1.87,3.0,16.1,8.3,36
1992-09-10,11.2,16.9,68,0.80,125,2.25,2.0,16.1,10.6,42
1992-09-11,9.1,14.5,62,0.20,10,2.26,1.0,10.8,5.8,39
1992-09-12,6.3,12.1,59,0.00,313,2.10,0.0,14.6,8.6,32
1992-09-13,3.8,8.4,58,0.20,295,2.07,2.0,14.8,7.2,31
1992-09-14,1.6,6.4,73,0.10,326,1.81,1.0,7.4,4.9,40
1992-09-15,1.3,6.9,66,0.20,297,2.05,1.0,8.5,4.7,31
1992-09-16,2.6,6.8,61,8.20,137,1.52,12.0,22.2,12.9,32
1992-09-17,2.4,10.1,74,0.10,220,1.82,1.0,10.0,6.5,41
1992-09-18,6.3,10.1,68,3.20,126,1.29,12.0,13.2,10.9,40
1992-09-19,8.1,13.4,87,4.40,132,0.97,11.0,12.4,10.8,69
1992-09-20,9.9,15.9,87,8.30,161,1.87,14.0,12.7,9.4,38
1992-09-21,9.3,17.3,66,0.30,76,1.71,2.0,13.5,7.8,39
1992-09-22,11.2,19.3,78,0.00,122,2.22,0.0,11.8,7.8,52
1992-09-23,13.5,18.9,74,4.30,137,2.07,3.0,17.0,11.2,45
1992-09-24,8.4,12.6,93,11.20,173,0.56,19.0,14.4,10.1,82
1992-09-25,5.2,9.6,79,1.70,287,1.48,7.0,13.3,7.5,38
1992-09-26,5.7,9.5,73,9.60,145,1.15,15.0,20.4,12.4,39
1992-09-27,4.7,10.7,73,0.60,147,1.53,3.0,17.8,9.7,43
1992-09-28,9.1,15.1,54,0.10,135,2.29,1.0,20.9,18.0,44
1992-09-29,14.8,21.4,39,0.00,141,4.57,0.0,25.6,23.3,27
1992-09-30,14.7,21.3,50,0.00,143,3.14,0.0,19.2,13.9,30
1992-10-01,14.7,21.8,68,0.00,69,2.17,0.0,4.2,3.2,42
1992-10-02,14.2,21.2,70,0.00,77,2.03,0.0,5.9,4.0,46
1992-10-03,12.2,19.5,85,6.70,299,1.35,14.0,21.6,5.5,55
1992-10-04,5.4,10.4,56,0.00,325,1.71,0.0,10.7,5.8,32
1992-10-05,4.3,8.5,61,0.00,346,1.52,0.0,13.6,5.9,36
1992-10-06,3.5,7.8,64,0.00,8,1.51,0.0,12.8,4.9,40
1992-10-07,3.2,10.1,68,0.00,124,1.56,0.0,17.8,10.4,37
1992-10-08,3.8,8.2,68,1.40,174,1.59,4.0,21.2,12.5,34
1992-10-09,3.6,10.6,71,1.50,154,1.17,7.0,14.7,8.7,42
1992-10-10,7.7,14.7,74,1.50,141,1.45,3.0,17.3,15.4,49
1992-10-11,5.3,13.5,56,1.10,338,1.52,4.0,15.5,6.4,34
1992-10-12,3.7,6.8,74,1.10,43,0.73,6.0,13.1,5.1,38
1992-10-13,0.4,5.0,59,0.00,320,1.19,0.0,10.7,6.3,35
1992-10-14,-1.3,2.3,72,1.10,287,0.88,4.0,12.8,6.6,47
1992-10-15,-3.1,1.2,65,0.00,33,1.05,0.0,12.2,6.7,39
1992-10-16,-2.8,0.6,74,0.00,89,0.71,0.0,7.2,5.9,44
1992-10-17,-0.3,4.9,80,1.00,129,0.72,6.0,11.0,8.7,63
1992-10-18,3.2,8.3,82,5.20,134,0.75,9.0,24.3,18.2,69
1992-10-19,3.1,6.8,92,0.80,132,0.51,6.0,20.5,13.5,75
1992-10-20,7.8,12.2,78,0.30,143,1.16,3.0,23.5,19.6,61
1992-10-21,4.1,10.5,91,9.20,125,0.61,7.0,12.6,6.9,64
1992-10-22,5.8,11.6,80,0.80,135,1.09,2.0,23.8,16.6,55
1992-10-23,8.9,13.9,85,9.10,137,0.92,14.0,24.0,19.2,63
1992-10-24,7.9,12.8,86,10.70,205,1.06,18.0,20.0,8.5,49
1992-10-25,2.5,7.4,78,0.00,112,0.88,0.0,12.5,6.5,54
1992-10-26,2.8,6.0,80,2.30,170,0.73,8.0,11.0,6.2,49
1992-10-27,0.7,5.3,80,0.00,108,0.82,0.0,11.6,6.9,51
1992-10-28,1.7,6.7,68,0.00,128,1.10,0.0,16.1,13.2,52
1992-10-29,3.0,7.6,75,0.40,125,0.89,3.0,16.4,11.5,55
1992-10-30,4.0,7.3,77,0.00,130,0.79,0.0,16.9,12.1,60
1992-10-31,3.4,6.3,82,0.50,133,0.73,1.0,22.7,15.3,67
1992-11-01,2.8,5.6,87,3.50,146,0.69,13.0,18.0,11.6,64
1992-11-02,0.4,4.8,85,0.00,40,0.64,0.0,8.2,4.7,61
1992-11-03,-0.4,3.0,85,0.00,107,0.52,0.0,17.1,7.2,61
1992-11-04,1.0,4.1,89,21.90,141,0.57,19.0,20.9,13.5,67
1992-11-05,-2.9,1.5,93,0.00,112,0.40,0.0,8.0,6.6,82
1992-11-06,-1.4,1.0,90,7.40,129,0.24,9.0,15.3,11.5,83
1992-11-07,1.0,3.6,92,14.30,144,0.51,17.0,14.8,7.8,75
1992-11-08,-2.0,2.8,91,0.20,89,0.38,2.0,9.4,4.5,71
1992-11-09,-4.5,-1.1,82,0.00,325,0.47,0.0,8.9,5.6,65
1992-11-10,-4.4,-1.1,75,2.20,131,0.45,3.0,17.1,13.2,64
1992-11-11,-3.9,-1.4,84,0.70,121,0.48,3.0,10.8,6.1,65
1992-11-12,-5.4,-1.9,85,0.20,107,0.33,1.0,12.6,9.1,68
1992-11-13,-0.7,1.9,84,7.80,134,0.41,22.0,15.8,12.7,74
1992-11-14,0.8,3.7,91,0.00,131,0.39,0.0,13.7,11.7,83
1992-11-15,0.1,2.7,93,0.30,133,0.34,3.0,12.8,9.3,84
1992-11-16,-0.1,1.8,95,0.00,98,0.36,0.0,6.5,4.2,89
1992-11-17,-1.8,1.0,94,0.00,27,0.31,0.0,6.4,3.4,84
1992-11-18,-0.3,2.8,88,0.00,123,0.39,0.0,18.4,7.8,70
1992-11-19,0.3,1.8,80,2.50,142,0.57,8.0,20.1,15.3,73
1992-11-20,-2.6,0.1,82,0.00,129,0.38,0.0,9.5,8.0,67
1992-11-21,-2.0,0.1,77,4.10,114,0.49,12.0,17.4,13.9,68
1992-11-22,-4.5,-1.0,79,3.00,341,0.40,10.0,16.3,10.7,62
1992-11-23,-11.1,-6.1,85,0.00,99,0.23,0.0,10.2,7.7,75
1992-11-24,-10.7,-4.4,85,0.00,115,0.27,0.0,10.7,9.4,66
1992-11-25,-8.2,-3.1,82,0.00,124,0.30,0.0,11.3,10.2,70
1992-11-26,-4.4,0.8,76,0.00,133,0.49,0.0,20.2,15.0,59
1992-11-27,0.5,1.2,72,2.60,145,0.69,9.0,20.7,14.3,59
1992-11-28,-4.9,0.6,89,0.10,77,0.22,1.0,14.5,8.5,75
1992-11-29,-5.6,-1.8,81,0.10,134,0.31,1.0,21.1,16.5,73
1992-11-30,-2.6,-0.1,76,2.40,165,0.51,7.0,22.2,17.0,54
1992-12-01,-8.6,-1.8,80,1.00,135,0.25,2.0,12.4,6.9,58
1992-12-02,-10.4,-6.4,85,0.00,93,0.18,0.0,9.7,3.7,80
1992-12-03,-12.4,-7.7,85,0.00,114,0.18,0.0,7.8,5.0,71
1992-12-04,-12.1,-4.8,83,0.00,123,0.23,0.0,13.8,12.2,66
1992-12-05,-9.6,-5.6,82,0.00,120,0.23,0.0,13.0,8.9,73
1992-12-06,-8.8,-4.2,78,0.00,126,0.29,0.0,13.7,11.7,64
1992-12-07,-7.6,-3.9,80,0.00,127,0.26,0.0,14.7,11.5,71
1992-12-08,-5.0,-2.4,80,0.00,132,0.40,0.0,21.2,17.9,68
1992-12-09,-6.4,-4.0,84,0.80,138,0.25,6.0,17.3,11.9,73
1992-12-10,-11.2,-5.9,86,0.00,105,0.15,0.0,10.5,7.7,79
1992-12-11,-14.7,-9.1,84,0.00,102,0.15,0.0,9.8,5.5,74
1992-12-12,-15.5,-9.6,82,0.00,114,0.16,0.0,12.0,8.6,71
1992-12-13,-6.5,-2.9,74,7.80,137,0.45,11.0,23.9,18.7,67
1992-12-14,-6.6,-2.5,84,3.50,135,0.30,7.0,26.0,10.8,68
1992-12-15,-11.7,-5.4,79,0.00,142,0.18,0.0,6.8,4.6,64
1992-12-16,-10.7,-6.1,79,3.10,124,0.23,13.0,17.1,13.1,76
1992-12-17,-13.0,-6.2,78,2.60,327,0.15,15.0,17.1,12.1,60
1992-12-18,-27.2,-19.6,71,0.10,61,0.09,1.0,14.3,8.6,57
1992-12-19,-15.1,-10.6,74,10.10,125,0.19,24.0,13.8,11.9,64
1992-12-20,-10.3,-9.1,83,6.70,118,0.16,14.0,13.3,5.4,69
1992-12-21,-10.9,-7.4,83,1.90,124,0.16,11.0,9.9,7.6,69
1992-12-22,-8.4,-7.6,84,4.70,101,0.19,16.0,13.1,9.2,71
1992-12-23,-10.0,-3.5,81,6.70,120,0.23,10.0,19.6,11.8,74
1992-12-24,-4.1,-0.9,79,2.20,236,0.37,7.0,20.9,12.0,65
1992-12-25,-8.8,-6.2,86,2.60,116,0.13,10.0,9.5,7.9,77
1992-12-26,-7.2,-5.2,89,6.00,139,0.14,24.0,7.7,6.2,81
1992-12-27,-18.4,-6.8,72,0.40,312,0.14,3.0,14.8,13.4,60
1992-12-28,-29.8,-26.7,68,0.00,318,0.07,0.0,11.5,8.7,57
1992-12-29,-28.3,-25.7,67,1.20,316,0.07,8.0,7.8,5.9,59
1992-12-30,-28.7,-24.9,69,0.00,338,0.07,0.0,6.9,4.6,49
1992-12-31,-27.7,-23.4,66,0.00,66,0.08,0.0,7.0,3.8,53
1993-01-01,-28.2,-24.1,69,0.00,93,0.07,0.0,6.6,4.7,56
1993-01-02,-27.0,-20.1,69,0.00,102,0.09,0.0,10.8,6.9,60
1993-01-03,-16.4,-12.2,75,6.00,117,0.16,19.0,14.3,9.3,64
1993-01-04,-14.8,-12.4,78,0.60,328,0.15,5.0,12.7,8.8,61
1993-01-05,-24.3,-18.9,72,0.00,1,0.10,0.0,11.8,5.3,56
1993-01-06,-25.9,-20.5,68,0.00,103,0.13,0.0,10.5,7.4,50
1993-01-07,-25.0,-18.9,70,0.30,102,0.11,2.0,13.5,8.5,58
1993-01-08,-19.1,-14.5,76,1.00,360,0.16,5.0,10.5,6.8,60
1993-01-09,-20.2,-17.2,73,0.00,41,0.14,0.0,6.8,4.6,55
1993-01-10,-25.9,-18.3,69,0.00,82,0.12,0.0,7.9,5.4,46
1993-01-11,-25.9,-21.3,60,0.00,40,0.12,0.0,5.8,3.8,48
1993-01-12,-27.1,-22.3,65,0.00,77,0.10,0.0,5.5,4.0,51
1993-01-13,-26.9,-20.7,64,0.00,52,0.12,0.0,4.9,3.6,51
1993-01-14,-26.7,-21.2,67,0.00,81,0.11,0.0,6.5,4.4,51
1993-01-15,-25.9,-18.3,68,0.00,113,0.17,0.0,12.0,10.1,54
1993-01-16,-21.3,-16.3,70,0.00,96,0.18,0.0,10.1,6.9,55
1993-01-17,-20.1,-15.2,74,0.00,104,0.19,0.0,9.0,7.6,60
1993-01-18,-17.9,-8.2,76,0.00,120,0.26,0.0,16.8,11.7,60
1993-01-19,-7.3,-2.2,69,0.00,137,0.66,0.0,25.5,21.0,61
1993-01-20,-5.6,-3.3,86,5.50,132,0.25,9.0,22.7,13.6,71
1993-01-21,-7.5,-3.9,86,2.80,144,0.27,7.0,12.0,9.0,68
1993-01-22,-12.3,-5.9,76,0.00,125,0.27,0.0,7.9,3.8,58
1993-01-23,-14.5,-8.3,78,0.00,122,0.25,0.0,18.6,11.8,63
1993-01-24,-7.4,-4.4,75,3.10,135,0.41,12.0,21.2,18.3,66
1993-01-25,-3.6,1.2,82,2.90,140,0.53,8.0,18.8,13.6,60
1993-01-26,-3.3,-0.6,86,0.40,123,0.29,3.0,12.6,9.8,67
1993-01-27,-4.1,-1.4,89,0.00,80,0.37,0.0,9.4,5.5,75
1993-01-28,-5.6,0.0,86,0.00,86,0.41,0.0,9.3,6.8,71
1993-01-29,-2.4,2.5,86,0.00,130,0.43,0.0,17.6,14.2,71
1993-01-30,0.2,3.7,86,0.00,132,0.54,0.0,18.3,15.4,73
1993-01-31,0.7,5.0,86,0.00,133,0.61,0.0,18.7,15.0,66
1993-02-01,-0.7,3.6,86,0.00,133,0.58,0.0,18.6,12.5,71
1993-02-02,-3.8,2.3,85,0.00,126,0.54,0.0,14.3,11.6,66
1993-02-03,-1.2,2.2,82,0.00,132,0.45,0.0,16.1,14.2,68
1993-02-04,0.0,4.0,74,0.00,134,0.77,0.0,18.1,16.0,57
1993-02-05,1.7,5.2,69,0.00,135,1.04,0.0,17.8,15.5,59
1993-02-06,0.4,4.8,80,0.00,128,0.77,0.0,14.8,12.7,62
1993-02-07,0.5,4.8,85,0.00,129,0.71,0.0,15.1,12.5,68
1993-02-08,-1.2,3.4,83,0.00,89,0.69,0.0,9.4,4.9,60
1993-02-09,-3.9,2.1,82,0.00,14,0.64,0.0,8.5,5.7,64
1993-02-10,-4.3,-0.2,82,0.60,348,0.54,4.0,8.2,5.0,66
1993-02-11,-5.7,-1.2,81,0.00,22,0.61,0.0,7.1,3.9,65
1993-02-12,-8.1,-1.4,83,0.00,100,0.50,0.0,6.8,4.6,64
1993-02-13,-8.7,-2.0,83,0.00,102,0.56,0.0,7.2,5.4,64
1993-02-14,-7.6,-2.3,76,0.00,343,0.54,0.0,16.2,10.3,46
1993-02-15,-13.6,-7.2,70,0.00,345,0.55,0.0,15.3,12.4,43
1993-02-16,-14.2,-7.0,67,0.00,4,0.59,0.0,14.1,8.0,45
1993-02-17,-14.2,-7.8,70,0.00,71,0.53,0.0,7.2,4.5,51
1993-02-18,-12.9,-5.4,69,0.00,40,0.59,0.0,9.8,3.7,51
1993-02-19,-12.6,-5.8,72,0.00,14,0.62,0.0,13.7,9.4,44
1993-02-20,-12.3,-7.8,69,0.00,347,0.46,0.0,13.0,9.2,46
1993-02-21,-13.4,-10.0,74,0.00,309,0.42,0.0,9.4,7.6,58
1993-02-22,-16.0,-10.6,70,0.00,346,0.46,0.0,9.5,4.9,50
1993-02-23,-15.9,-9.5,68,0.00,2,0.59,0.0,9.1,5.2,44
1993-02-24,-16.1,-7.0,65,0.00,100,0.64,0.0,6.2,4.5,40
1993-02-25,-14.2,-4.2,64,0.00,112,0.77,0.0,9.4,7.9,41
1993-02-26,-12.0,-2.4,64,0.00,118,0.75,0.0,13.3,9.2,42
1993-02-27,-4.4,2.3,63,1.30,135,1.08,6.0,17.9,15.2,48
1993-02-28,-0.8,2.3,70,0.00,135,0.91,0.0,17.7,16.1,52
1993-03-01,1.6,5.7,72,0.00,140,1.15,0.0,18.2,16.1,53
1993-03-02,-2.5,4.3,78,0.50,135,1.10,2.0,12.3,6.7,50
1993-03-03,0.3,5.7,69,0.00,131,1.37,0.0,22.5,16.3,52
1993-03-04,2.8,6.3,69,0.70,139,1.54,5.0,25.8,23.0,57
1993-03-05,0.6,5.8,75,1.90,140,0.87,5.0,19.1,13.3,63
1993-03-06,1.6,5.5,87,2.30,136,0.68,9.0,16.3,11.4,66
1993-03-07,0.6,3.6,83,0.70,62,1.03,6.0,7.9,4.2,60
1993-03-08,-0.3,2.9,76,4.70,310,1.09,7.0,17.7,9.3,37
1993-03-09,-5.9,0.7,64,0.00,332,1.20,0.0,15.9,6.6,35
1993-03-10,-7.0,0.5,60,0.00,14,1.25,0.0,12.3,4.7,37
1993-03-11,-7.1,0.1,59,0.00,57,1.31,0.0,11.2,5.6,38
1993-03-12,-6.9,2.9,64,0.00,106,1.35,0.0,11.2,8.2,39
1993-03-13,-4.2,3.9,65,0.00,121,1.45,0.0,10.5,9.2,43
1993-03-14,-2.5,3.6,74,0.90,109,0.97,4.0,9.0,6.1,49
1993-03-15,-6.5,0.5,73,2.90,327,0.87,11.0,17.4,12.4,43
1993-03-16,-12.3,-3.3,60,0.00,41,1.11,0.0,12.9,5.9,41
1993-03-17,-9.3,-1.5,69,0.80,99,0.85,5.0,13.9,7.9,43
1993-03-18,-4.9,1.1,76,5.60,339,1.13,17.0,12.8,7.3,52
1993-03-19,-6.7,2.4,68,0.00,127,1.30,0.0,14.9,8.6,41
1993-03-20,0.9,5.4,66,0.00,135,1.67,0.0,17.1,15.2,50
1993-03-21,1.3,7.7,78,2.10,137,1.43,9.0,27.2,17.8,55
1993-03-22,3.9,7.2,75,1.20,141,1.48,5.0,32.3,22.3,62
1993-03-23,2.5,7.7,82,1.40,153,1.61,5.0,25.8,14.9,41
1993-03-24,-1.5,5.3,57,0.00,196,1.74,0.0,15.9,8.0,37
1993-03-25,-1.6,4.5,51,0.00,6,1.93,0.0,9.8,5.6,28
1993-03-26,-1.9,4.5,56,0.00,23,1.87,0.0,9.0,4.9,26
1993-03-27,-2.1,4.4,56,0.30,360,2.05,2.0,11.2,8.3,36
1993-03-28,-0.9,4.2,59,0.10,353,1.90,1.0,7.9,4.6,39
1993-03-29,-0.4,5.8,59,0.00,105,1.90,0.0,6.9,5.3,41
1993-03-30,-0.3,5.8,65,0.00,128,1.51,0.0,21.0,10.0,47
1993-03-31,0.6,7.2,78,1.90,137,1.87,10.0,14.0,9.6,42
1993-04-01,2.8,7.0,66,0.00,96,1.73,0.0,11.2,6.3,45
1993-04-02,3.0,7.8,85,4.00,150,1.46,11.0,8.3,6.4,58
1993-04-03,1.6,8.0,82,3.00,136,1.79,11.0,15.9,10.0,42
1993-04-04,0.9,5.8,79,5.80,191,1.96,7.0,13.7,5.7,44
1993-04-05,1.7,7.1,59,0.00,159,2.19,0.0,5.1,3.0,26
1993-04-06,0.4,6.8,64,0.10,121,1.55,1.0,19.7,8.6,29
1993-04-07,1.1,7.0,77,2.40,134,1.76,5.0,15.9,7.5,42
1993-04-08,3.7,7.6,72,0.80,136,1.58,6.0,25.2,17.3,52
1993-04-09,2.5,8.2,82,3.50,141,2.02,5.0,17.4,10.7,44
1993-04-10,2.3,7.9,74,0.00,118,2.23,0.0,12.1,4.6,47
1993-04-11,1.8,8.4,76,1.80,334,2.20,5.0,6.5,4.4,36
1993-04-12,1.3,8.0,76,2.30,229,1.99,6.0,7.6,4.2,36
1993-04-13,0.6,5.6,60,0.40,134,1.77,3.0,18.3,11.1,44
1993-04-14,1.7,9.0,81,1.00,135,2.09,5.0,11.1,6.3,41
1993-04-15,3.4,8.7,63,0.40,121,1.74,3.0,17.9,10.4,42
1993-04-16,3.9,9.6,73,0.20,134,2.07,1.0,22.5,13.1,37
1993-04-17,4.9,10.8,66,0.30,127,2.44,2.0,17.3,10.9,42
1993-04-18,4.2,10.0,86,6.60,39,1.43,11.0,8.4,4.0,57
1993-04-19,3.5,9.9,87,5.90,284,2.01,6.0,8.7,3.7,44
1993-04-20,5.1,13.4,60,0.00,125,3.12,0.0,18.9,9.6,29
1993-04-21,6.6,12.6,58,0.20,130,2.04,2.0,17.1,11.6,33
1993-04-22,5.4,11.6,73,0.60,127,2.48,3.0,13.4,8.8,45
1993-04-23,5.4,11.5,75,0.00,114,2.40,0.0,8.9,6.0,45
1993-04-24,5.5,11.6,67,0.60,120,2.22,2.0,17.2,9.2,44
1993-04-25,4.8,11.5,79,3.10,134,2.25,5.0,22.2,14.0,44
1993-04-26,4.1,10.4,76,3.40,138,2.23,3.0,16.1,12.8,43
1993-04-27,3.6,10.5,81,3.50,149,2.41,6.0,12.2,6.7,40
1993-04-28,4.3,9.1,73,0.70,128,1.93,5.0,19.0,10.5,45
1993-04-29,4.4,10.6,79,3.20,143,2.65,14.0,12.3,6.0,49
1993-04-30,5.3,11.0,67,0.20,276,2.94,1.0,9.4,6.2,34
1993-05-01,5.2,10.8,69,4.50,143,1.55,9.0,18.4,11.5,36
1993-05-02,3.1,9.1,78,4.60,201,2.70,9.0,12.3,6.4,33
1993-05-03,5.3,13.4,53,0.00,96,3.49,0.0,10.5,7.2,29
1993-05-04,8.8,17.7,59,0.00,136,3.60,0.0,11.2,8.1,29
1993-05-05,10.4,17.6,60,0.00,142,3.37,0.0,19.9,11.8,29
1993-05-06,8.8,13.9,84,6.10,136,1.69,20.0,13.7,5.8,54
1993-05-07,4.6,11.4,81,8.70,170,2.56,12.0,8.0,4.7,37
1993-05-08,6.1,11.5,68,1.70,240,2.84,9.0,5.9,3.9,38
1993-05-09,6.2,12.4,66,2.20,141,2.68,8.0,19.1,6.0,35
1993-05-10,9.5,18.0,63,2.10,133,2.86,6.0,21.1,17.7,39
1993-05-11,15.0,24.4,57,0.00,126,4.85,0.0,20.6,10.8,35
1993-05-12,17.1,27.9,66,0.50,69,4.80,1.0,8.0,4.6,27
1993-05-13,18.6,27.7,61,0.00,11,5.02,0.0,8.3,4.7,27
1993-05-14,18.4,26.8,61,0.20,86,4.79,1.0,9.2,5.3,30
1993-05-15,16.7,24.7,63,0.80,118,4.02,2.0,8.9,6.6,34
1993-05-16,15.5,22.5,69,0.80,31,4.07,4.0,8.0,4.5,31
1993-05-17,15.0,22.3,50,0.00,292,4.73,0.0,9.7,5.4,28
1993-05-18,16.7,25.1,50,0.00,45,4.82,0.0,6.6,4.3,22
1993-05-19,17.3,25.2,51,0.00,92,4.39,0.0,13.0,6.9,23
1993-05-20,15.6,24.7,63,1.40,141,3.26,6.0,12.3,8.7,25
1993-05-21,12.2,18.6,63,2.10,147,3.41,6.0,13.7,8.8,33
1993-05-22,10.1,17.0,61,2.30,218,3.26,6.0,11.6,7.4,30
1993-05-23,9.9,16.9,68,0.00,324,3.56,0.0,9.2,6.4,38
1993-05-24,13.0,21.1,57,0.20,355,4.78,1.0,11.0,4.9,26
1993-05-25,15.4,24.2,56,0.00,135,5.09,0.0,8.3,5.7,23
1993-05-26,15.5,23.5,54,0.40,338,4.97,1.0,14.1,9.9,25
1993-05-27,15.0,22.4,50,0.00,336,5.49,0.0,14.2,9.9,24
1993-05-28,16.0,23.2,48,0.00,355,5.25,0.0,13.0,7.1,24
1993-05-29,13.4,19.0,80,7.30,128,1.96,12.0,16.6,7.6,52
1993-05-30,12.2,18.4,67,0.00,144,3.47,0.0,13.8,8.9,37
1993-05-31,13.3,17.6,67,2.10,117,2.92,3.0,13.9,7.4,41
1993-06-01,11.0,14.5,95,22.20,144,1.02,22.0,9.4,5.4,79
1993-06-02,11.3,16.1,77,0.30,351,2.73,2.0,10.8,6.6,49
1993-06-03,13.0,19.1,70,1.10,45,3.81,4.0,8.8,4.5,46
1993-06-04,13.1,18.9,76,4.20,101,3.50,9.0,8.3,3.7,47
1993-06-05,15.1,22.1,66,0.90,222,4.53,5.0,7.8,4.0,35
1993-06-06,16.6,23.0,57,0.00,137,4.97,0.0,9.4,4.7,28
1993-06-07,13.1,22.5,73,2.80,301,2.66,3.0,12.6,9.5,29
1993-06-08,11.1,16.0,54,0.00,300,4.31,0.0,13.0,8.3,28
1993-06-09,10.9,15.4,56,2.90,131,2.65,5.0,25.1,11.7,29
1993-06-10,8.5,14.3,75,5.70,160,3.39,10.0,18.4,8.7,38
1993-06-11,8.8,13.9,71,0.00,330,3.28,0.0,13.4,6.6,41
1993-06-12,10.3,15.5,65,0.30,329,3.43,3.0,12.8,7.3,41
1993-06-13,11.5,17.1,69,2.00,139,4.00,4.0,9.6,4.9,44
1993-06-14,13.4,19.3,59,0.00,121,4.00,0.0,14.0,8.8,38
1993-06-15,12.0,17.8,81,8.00,154,2.77,19.0,11.5,7.6,46
1993-06-16,11.7,15.7,76,0.70,296,2.44,2.0,7.8,5.8,49
1993-06-17,13.3,17.3,67,1.00,157,2.69,3.0,7.6,4.4,48
1993-06-18,13.4,18.8,83,9.70,191,3.45,13.0,9.4,4.0,45
1993-06-19,12.7,18.7,68,1.00,313,4.27,6.0,11.1,6.7,42
1993-06-20,11.7,18.6,60,0.10,338,4.64,1.0,9.3,5.9,35
1993-06-21,14.0,19.3,56,0.00,34,4.26,0.0,9.2,5.6,34
1993-06-22,9.0,16.8,70,12.00,252,3.47,17.0,17.6,9.6,33
1993-06-23,7.4,13.3,72,10.50,297,1.93,19.0,20.2,14.4,36
1993-06-24,10.2,17.4,71,0.30,306,3.62,3.0,14.8,5.7,39
1993-06-25,13.3,17.3,77,4.50,303,2.88,13.0,8.0,4.5,41
1993-06-26,13.9,20.3,79,0.30,141,3.91,2.0,13.6,5.7,41
1993-06-27,11.0,19.2,88,17.00,197,1.52,20.0,14.0,6.2,46
1993-06-28,7.9,11.0,89,16.30,193,1.69,24.0,11.7,8.8,63
1993-06-29,9.7,15.7,75,2.40,262,2.55,11.0,8.5,4.5,39
1993-06-30,12.0,17.5,64,0.10,326,4.18,1.0,8.6,5.1,39
1993-07-01,11.8,17.6,79,3.30,261,3.37,7.0,8.4,3.3,43
1993-07-02,12.4,18.5,72,0.50,332,3.88,3.0,11.5,6.6,42
1993-07-03,13.9,18.4,67,0.50,338,4.00,2.0,11.0,6.8,43
1993-07-04,12.4,16.3,70,0.30,310,3.31,2.0,11.2,7.6,41
1993-07-05,11.8,16.1,57,0.40,313,4.14,3.0,12.0,8.8,40
1993-07-06,11.6,16.8,57,0.00,315,4.20,0.0,14.3,8.9,40
1993-07-07,13.0,18.6,67,0.90,325,3.94,2.0,13.5,8.9,47
1993-07-08,13.0,18.3,76,5.10,331,3.23,6.0,12.2,6.9,48
1993-07-09,12.1,17.3,64,1.20,352,3.87,3.0,11.2,8.9,38
1993-07-10,12.9,18.4,55,0.00,321,4.27,0.0,10.9,5.7,37
1993-07-11,11.9,17.9,81,8.50,351,2.44,13.0,9.7,3.7,39
1993-07-12,11.9,16.7,65,5.20,348,3.52,5.0,10.5,8.0,47
1993-07-13,11.6,16.4,69,1.00,337,3.77,6.0,11.5,5.1,43
1993-07-14,11.8,18.4,69,0.00,94,4.17,0.0,6.0,4.4,33
1993-07-15,12.8,18.4,66,0.60,319,3.48,2.0,10.4,6.7,33
1993-07-16,11.3,16.1,76,0.50,314,2.99,2.0,10.2,7.7,56
1993-07-17,12.5,18.0,71,0.70,340,3.70,4.0,8.8,4.6,45
1993-07-18,14.3,20.4,68,0.00,197,4.32,0.0,6.1,3.6,42
1993-07-19,14.6,20.3,73,0.50,146,3.80,2.0,6.1,4.2,42
1993-07-20,14.0,19.4,78,0.90,334,3.44,2.0,10.5,4.9,46
1993-07-21,14.4,19.4,68,0.40,299,3.94,2.0,9.5,6.3,45
1993-07-22,14.4,19.0,63,0.00,149,3.85,0.0,13.7,11.2,36
1993-07-23,14.0,18.0,70,0.30,220,3.54,3.0,10.4,5.8,40
1993-07-24,12.3,16.6,72,4.40,300,3.08,3.0,9.4,6.5,46
1993-07-25,12.9,17.7,66,0.90,321,3.46,6.0,11.1,8.2,45
1993-07-26,14.9,21.1,64,0.20,330,4.27,2.0,11.2,5.7,36
1993-07-27,16.8,21.9,63,0.20,121,3.88,1.0,11.2,5.1,36
1993-07-28,15.6,21.7,66,3.00,118,3.06,4.0,14.5,9.7,36
1993-07-29,13.4,17.8,79,23.50,161,2.92,19.0,12.2,9.3,40
1993-07-30,10.7,16.7,65,3.40,209,3.21,4.0,16.4,8.6,31
1993-07-31,12.6,17.4,60,0.00,295,2.92,0.0,9.4,4.5,34
1993-08-01,14.0,19.9,66,0.00,351,3.37,0.0,10.7,4.9,39
1993-08-02,15.3,22.2,64,0.00,343,4.09,0.0,9.2,6.4,34
1993-08-03,16.8,24.2,58,0.00,339,4.44,0.0,10.1,5.7,33
1993-08-04,18.6,25.9,58,0.00,345,4.68,0.0,8.5,5.1,31
1993-08-05,19.5,26.7,62,0.80,48,4.50,1.0,9.7,4.3,29
1993-08-06,18.5,26.7,61,1.20,312,4.24,3.0,17.1,5.8,28
1993-08-07,14.0,18.5,69,0.20,321,2.93,2.0,15.4,8.6,47
1993-08-08,15.2,19.7,66,3.60,141,3.04,3.0,9.8,6.8,46
1993-08-09,11.8,15.4,90,8.70,320,1.96,20.0,8.5,4.6,70
1993-08-10,10.1,15.1,72,0.70,325,3.16,3.0,13.2,9.0,41
1993-08-11,10.8,18.1,56,0.00,325,4.06,0.0,14.6,5.9,33
1993-08-12,13.4,20.3,58,0.00,131,3.79,0.0,10.5,6.8,34
1993-08-13,13.9,20.2,64,0.00,320,3.33,0.0,9.0,6.2,38
1993-08-14,13.0,17.7,69,0.70,335,2.81,3.0,6.8,4.6,44
1993-08-15,14.3,21.4,62,0.00,347,3.94,0.0,9.7,5.7,34
1993-08-16,15.9,23.4,54,0.00,340,4.67,0.0,12.5,8.5,29
1993-08-17,17.0,23.4,53,0.00,332,4.45,0.0,9.4,6.6,30
1993-08-18,17.0,23.1,63,0.00,332,3.89,0.0,9.7,4.6,34
1993-08-19,17.9,24.1,69,0.30,42,3.74,2.0,7.8,3.5,39
1993-08-20,18.7,25.5,67,0.00,114,4.01,0.0,9.4,4.7,33
1993-08-21,16.7,25.4,61,0.00,241,2.89,0.0,8.7,6.0,33
1993-08-22,14.3,19.2,76,0.20,150,2.00,2.0,17.8,6.3,45
1993-08-23,12.8,17.8,71,9.30,168,2.42,15.0,19.9,15.3,43
1993-08-24,8.1,12.4,59,5.10,262,1.74,17.0,14.9,10.0,43
1993-08-25,8.4,12.9,85,3.10,277,1.25,11.0,5.9,3.7,61
1993-08-26,11.0,15.8,72,0.00,162,2.17,0.0,8.1,5.8,48
1993-08-27,9.9,14.6,85,17.70,294,1.73,17.0,8.9,5.7,55
1993-08-28,9.4,14.2,76,0.00,320,2.25,0.0,14.3,7.8,44
1993-08-29,10.3,14.8,64,0.00,327,2.56,0.0,14.1,7.7,45
1993-08-30,11.6,19.3,65,0.00,180,3.27,0.0,8.3,5.3,34
1993-08-31,13.1,19.3,71,0.10,8,2.57,1.0,12.6,5.9,35
1993-09-01,14.7,20.2,66,0.00,325,3.21,0.0,10.4,7.1,42
1993-09-02,15.3,23.8,65,0.00,49,3.53,0.0,9.7,5.2,36
1993-09-03,16.3,23.7,64,0.00,329,3.60,0.0,9.0,4.5,31
1993-09-04,15.2,22.4,59,0.00,360,3.56,0.0,10.7,6.8,32
1993-09-05,13.8,20.3,60,0.00,340,3.56,0.0,11.8,6.7,33
1993-09-06,14.3,21.7,56,0.00,348,3.54,0.0,9.0,5.4,32
1993-09-07,15.6,24.5,60,0.00,137,3.31,0.0,9.5,6.0,29
1993-09-08,16.1,24.5,56,0.00,3,3.65,0.0,12.5,6.4,29
1993-09-09,14.4,22.8,55,0.00,40,3.62,0.0,11.1,6.8,27
1993-09-10,15.9,24.1,61,0.00,136,3.28,0.0,9.9,5.1,27
1993-09-11,12.4,23.9,50,2.20,309,2.76,9.0,20.6,14.2,26
1993-09-12,6.7,13.8,65,0.20,336,2.51,2.0,20.6,9.9,34
1993-09-13,9.2,15.8,60,0.00,132,2.14,0.0,10.3,7.3,35
1993-09-14,8.9,15.0,81,5.70,318,1.44,16.0,10.0,7.0,44
1993-09-15,8.3,14.4,67,0.00,338,2.56,0.0,11.8,9.0,34
1993-09-16,8.4,14.7,58,0.00,344,2.59,0.0,11.2,5.3,34
1993-09-17,9.4,16.8,67,0.00,126,2.66,0.0,9.4,6.1,32
1993-09-18,9.7,16.6,59,0.00,356,2.33,0.0,11.5,8.2,33
1993-09-19,6.1,12.4,53,0.00,338,2.21,0.0,14.5,10.4,34
1993-09-20,5.8,11.8,49,0.00,330,2.69,0.0,13.6,11.2,27
1993-09-21,6.5,13.7,54,0.00,321,2.50,0.0,10.7,5.5,27
1993-09-22,8.2,15.1,58,0.00,332,2.29,0.0,7.2,3.4,29
1993-09-23,9.1,18.4,66,0.00,133,2.40,0.0,10.3,6.6,29
1993-09-24,10.8,18.0,60,1.10,151,2.16,3.0,16.3,10.4,32
1993-09-25,9.1,15.0,65,0.00,311,2.09,0.0,11.9,7.2,37
1993-09-26,11.0,18.6,56,0.00,127,1.94,0.0,11.8,8.9,37
1993-09-27,10.7,16.3,79,1.00,16,1.94,4.0,7.4,4.5,38
1993-09-28,10.0,18.1,62,0.00,46,2.30,0.0,7.6,5.0,34
1993-09-29,11.5,17.7,59,0.00,138,1.93,0.0,13.2,9.6,37
1993-09-30,9.5,16.8,59,0.00,301,2.39,0.0,16.9,9.4,37
1993-10-01,9.7,17.8,64,0.00,355,2.15,0.0,11.2,4.8,36
1993-10-02,11.7,20.7,66,0.00,98,2.32,0.0,8.9,5.9,38
1993-10-03,12.3,21.1,72,0.00,100,2.15,0.0,7.3,5.6,41
1993-10-04,13.3,20.4,69,0.00,112,2.11,0.0,8.8,5.8,39
1993-10-05,11.9,19.2,71,0.50,139,1.79,1.0,10.1,8.0,42
1993-10-06,7.0,16.5,84,7.00,321,0.79,11.0,13.6,9.9,43
1993-10-07,4.9,10.7,65,0.00,322,1.74,0.0,13.6,7.2,48
1993-10-08,5.8,11.4,77,0.00,91,1.49,0.0,5.8,3.3,49
1993-10-09,4.5,11.5,83,0.00,73,1.43,0.0,5.4,3.6,54
1993-10-10,4.4,10.8,83,0.00,103,1.36,0.0,7.2,4.4,57
1993-10-11,3.4,10.1,86,0.00,101,1.27,0.0,6.8,4.8,59
1993-10-12,2.8,10.2,85,0.00,111,1.28,0.0,6.6,4.8,54
1993-10-13,2.6,9.5,85,0.00,98,1.21,0.0,6.1,4.1,57
1993-10-14,2.8,8.4,84,0.00,6,1.10,0.0,7.9,4.3,59
1993-10-15,1.8,6.2,84,0.00,335,0.81,0.0,7.3,5.4,56
1993-10-16,2.3,7.6,79,0.00,135,1.16,0.0,10.1,6.3,52
1993-10-17,2.1,7.4,82,0.20,123,0.85,2.0,10.1,7.5,60
1993-10-18,2.1,6.1,90,5.20,130,0.30,7.0,13.2,10.5,72
1993-10-19,0.2,5.7,84,2.50,292,0.94,4.0,9.7,4.6,47
1993-10-20,2.0,7.2,64,0.00,126,1.21,0.0,17.7,12.6,45
1993-10-21,3.5,10.3,72,1.20,125,1.25,5.0,17.3,12.3,48
1993-10-22,6.2,9.3,77,5.30,141,1.17,8.0,22.6,18.4,57
1993-10-23,4.3,8.3,92,3.10,131,0.47,8.0,17.5,13.2,72
1993-10-24,4.6,8.5,87,16.80,262,0.86,16.0,16.2,12.4,45
1993-10-25,1.7,7.7,83,0.00,107,0.82,0.0,8.6,6.3,56
1993-10-26,2.7,7.6,81,0.00,125,0.79,0.0,12.8,11.3,63
1993-10-27,3.7,7.0,88,4.90,130,0.47,10.0,16.1,10.0,75
1993-10-28,3.3,6.8,92,1.00,50,0.66,5.0,5.9,3.1,62
1993-10-29,4.0,8.7,78,0.00,127,0.89,0.0,13.4,9.7,59
1993-10-30,4.7,8.3,74,0.00,136,0.93,0.0,14.6,12.3,63
1993-10-31,2.9,7.1,83,3.10,268,0.78,7.0,12.5,7.9,54
1993-11-01,-0.4,3.9,84,3.10,142,0.33,5.0,16.7,8.6,62
1993-11-02,1.5,4.7,90,11.40,138,0.37,16.0,24.6,17.8,79
1993-11-03,2.1,4.3,82,8.70,234,0.63,20.0,26.1,16.4,67
1993-11-04,-2.6,1.0,63,0.00,344,0.77,0.0,13.1,8.0,47
1993-11-05,-3.8,-0.4,76,0.40,104,0.34,3.0,10.7,8.1,57
1993-11-06,-1.7,3.8,83,2.50,121,0.52,6.0,12.1,7.6,67
1993-11-07,-0.4,3.1,92,0.30,247,0.45,1.0,7.9,3.8,70
1993-11-08,-0.1,3.4,87,0.00,126,0.54,0.0,7.9,4.9,59
1993-11-09,-1.6,2.1,85,0.00,95,0.42,0.0,8.8,6.5,69
1993-11-10,-2.2,1.4,89,0.00,116,0.45,0.0,10.0,7.9,68
1993-11-11,-1.2,2.1,83,0.00,118,0.45,0.0,10.5,7.0,65
1993-11-12,-0.5,4.1,85,0.00,165,0.52,0.0,6.8,3.6,58
1993-11-13,-0.8,2.0,67,0.40,307,0.74,2.0,16.0,9.2,41
1993-11-14,-0.6,1.8,59,0.10,132,0.84,1.0,18.3,13.6,51
1993-11-15,-1.4,0.8,86,7.50,90,0.37,19.0,12.7,6.8,60
1993-11-16,-8.4,-2.0,88,0.60,135,0.29,2.0,11.4,8.4,72
1993-11-17,-8.9,-3.6,87,0.00,134,0.32,0.0,11.8,9.9,71
1993-11-18,-6.8,-1.3,83,0.80,146,0.29,5.0,9.4,6.5,72
1993-11-19,-3.1,-1.1,86,0.20,136,0.25,2.0,16.1,13.2,79
1993-11-20,-1.1,2.1,87,1.40,145,0.33,4.0,21.1,16.8,77
1993-11-21,-7.6,0.7,76,0.80,358,0.26,1.0,21.0,12.9,53
1993-11-22,-19.8,-15.6,63,0.00,356,0.28,0.0,19.5,10.5,48
1993-11-23,-18.1,-13.6,72,0.00,86,0.21,0.0,8.9,7.1,57
1993-11-24,-16.8,-10.8,79,0.00,112,0.21,0.0,11.0,9.5,65
1993-11-25,-13.8,-6.8,79,0.00,120,0.27,0.0,11.9,10.2,59
1993-11-26,-8.4,-2.9,72,0.00,132,0.40,0.0,16.1,13.8,57
1993-11-27,-3.1,-0.9,67,2.50,140,0.67,4.0,20.3,16.6,58
1993-11-28,-1.7,2.0,83,2.10,136,0.36,6.0,17.1,15.2,78
1993-11-29,1.0,3.0,84,3.30,140,0.40,12.0,20.8,16.5,76
1993-11-30,-4.6,1.3,91,3.70,117,0.24,7.0,12.5,6.7,81
1993-12-01,-2.5,0.9,86,0.30,133,0.32,1.0,17.8,15.3,76
1993-12-02,-4.3,-0.6,91,3.90,132,0.20,7.0,16.4,8.2,79
1993-12-03,0.1,0.6,89,24.50,141,0.25,21.0,23.6,15.4,80
1993-12-04,-1.9,-0.1,86,8.80,315,0.31,9.0,14.1,10.7,60
1993-12-05,-13.7,-5.0,82,0.00,109,0.16,0.0,9.2,6.8,69
1993-12-06,-14.9,-10.1,85,0.00,110,0.15,0.0,11.8,8.4,73
1993-12-07,-7.2,-3.8,76,2.50,135,0.36,9.0,18.6,16.2,71
1993-12-08,-7.7,-2.4,86,0.40,115,0.20,2.0,12.3,10.5,77
1993-12-09,-5.5,0.4,88,1.10,122,0.23,7.0,25.0,11.5,70
1993-12-10,1.1,2.4,83,9.40,141,0.57,12.0,30.6,22.3,71
1993-12-11,-5.0,0.0,89,2.60,85,0.13,9.0,10.3,6.1,87
1993-12-12,-6.2,-2.7,88,5.10,141,0.19,10.0,20.5,7.3,70
1993-12-13,-0.7,1.4,70,2.70,137,0.84,5.0,26.2,24.1,67
1993-12-14,-1.3,0.5,90,4.40,132,0.19,17.0,18.2,8.2,75
1993-12-15,-5.8,-2.4,93,0.10,139,0.16,1.0,7.9,4.5,87
1993-12-16,-8.0,-3.5,90,0.00,120,0.16,0.0,10.5,9.1,81
1993-12-17,-11.0,-6.7,85,0.00,124,0.18,0.0,11.1,9.8,72
1993-12-18,-6.2,-2.9,84,0.30,126,0.21,3.0,12.1,8.3,73
1993-12-19,-5.3,-2.4,89,0.00,109,0.19,0.0,10.4,6.8,83
1993-12-20,-5.6,-0.9,88,0.00,122,0.22,0.0,11.8,6.1,70
1993-12-21,-12.2,-5.2,84,0.00,89,0.14,0.0,11.2,7.5,74
1993-12-22,-6.8,-1.9,84,2.40,118,0.22,6.0,11.7,6.6,72
1993-12-23,-8.7,-3.0,85,0.00,119,0.18,0.0,12.3,9.8,72
1993-12-24,-6.8,-3.9,84,0.00,121,0.22,0.0,12.5,10.8,72
1993-12-25,-4.7,-2.5,80,0.00,126,0.28,0.0,13.4,12.2,75
1993-12-26,-7.7,-3.6,84,1.60,97,0.14,8.0,8.9,5.3,76
1993-12-27,-10.5,-4.7,86,0.00,104,0.15,0.0,8.9,6.5,76
1993-12-28,-11.1,-5.3,83,0.00,116,0.16,0.0,11.5,9.3,76
1993-12-29,-8.3,-4.7,86,0.50,121,0.18,3.0,11.5,9.8,79
1993-12-30,-3.5,-0.2,87,1.00,125,0.22,5.0,15.0,12.6,80
1993-12-31,-4.2,-1.2,92,1.00,125,0.17,6.0,13.1,10.1,84
1994-01-01,-2.8,-0.2,89,1.10,131,0.25,6.0,18.2,11.9,82
1994-01-02,-6.4,-2.3,90,4.40,119,0.13,8.0,14.8,11.2,86
1994-01-03,-7.2,-2.6,89,2.90,130,0.15,5.0,11.9,8.3,82
1994-01-04,-1.5,-0.2,91,17.90,111,0.13,21.0,17.6,11.0,86
1994-01-05,-14.7,-6.1,76,1.50,321,0.18,4.0,16.3,9.7,65
1994-01-06,-18.5,-12.6,76,0.60,71,0.14,2.0,12.8,8.0,64
1994-01-07,-9.6,-5.4,81,4.50,122,0.24,12.0,15.4,11.6,73
1994-01-08,-4.7,-1.8,87,2.70,128,0.27,12.0,15.3,13.5,76
1994-01-09,-5.1,-3.0,89,6.00,120,0.18,15.0,14.0,7.9,75
1994-01-10,-5.4,-1.9,91,3.00,109,0.17,13.0,12.8,7.0,84
1994-01-11,-4.7,-2.2,89,3.40,126,0.23,17.0,11.5,8.3,77
1994-01-12,-2.7,-1.1,90,6.00,129,0.30,10.0,13.0,11.0,78
1994-01-13,-1.2,0.6,94,19.20,126,0.14,16.0,10.1,7.5,88
1994-01-14,-0.2,2.0,94,7.20,122,0.29,10.0,11.1,9.4,84
1994-01-15,-0.8,0.7,92,4.30,135,0.19,8.0,16.0,10.6,84
1994-01-16,-3.3,0.2,88,6.90,340,0.17,21.0,9.0,6.6,82
1994-01-17,-10.8,-8.3,81,12.80,338,0.15,21.0,10.1,6.6,76
1994-01-18,-7.1,-2.6,86,1.10,109,0.21,5.0,10.8,7.0,82
1994-01-19,-8.0,-3.0,87,0.00,70,0.25,0.0,6.4,4.7,75
1994-01-20,-9.1,-3.9,83,0.00,110,0.28,0.0,11.8,10.4,73
1994-01-21,-2.3,1.4,81,1.10,125,0.35,6.0,15.3,12.3,72
1994-01-22,-1.0,1.3,87,2.40,132,0.40,5.0,15.5,13.0,77
1994-01-23,0.2,2.8,89,0.30,105,0.30,2.0,13.9,10.1,80
1994-01-24,-0.2,2.0,91,0.20,124,0.33,1.0,11.4,7.3,84
1994-01-25,-0.9,1.2,91,0.00,124,0.30,0.0,7.6,4.4,81
1994-01-26,-2.2,0.5,90,0.00,134,0.34,0.0,5.4,3.6,81
1994-01-27,-5.2,-0.1,85,0.00,97,0.41,0.0,3.6,2.5,67
1994-01-28,-6.3,-0.9,83,0.00,91,0.37,0.0,6.5,3.7,70
1994-01-29,-4.5,-0.2,85,0.00,6,0.37,0.0,12.2,6.2,78
1994-01-30,-7.8,-1.8,87,0.00,40,0.34,0.0,10.7,5.5,74
1994-01-31,-9.5,-3.9,84,0.00,53,0.40,0.0,6.4,4.4,70
1994-02-01,-10.5,-4.3,81,0.00,93,0.41,0.0,9.4,5.4,63
1994-02-02,-10.1,-5.0,80,0.00,59,0.35,0.0,6.0,3.9,69
1994-02-03,-11.5,-7.7,80,0.00,35,0.36,0.0,6.4,3.9,65
1994-02-04,-12.7,-7.1,79,0.00,97,0.35,0.0,7.1,3.6,66
1994-02-05,-12.3,-4.1,78,0.00,110,0.41,0.0,10.8,8.2,57
1994-02-06,-11.3,-5.4,77,0.00,330,0.33,0.0,13.5,10.6,55
1994-02-07,-21.0,-13.7,69,0.00,333,0.31,0.0,13.0,6.6,42
1994-02-08,-21.5,-13.0,65,0.50,111,0.24,3.0,10.7,8.6,42
1994-02-09,-10.7,-4.1,72,6.30,132,0.53,17.0,17.1,13.5,60
1994-02-10,-8.4,-3.6,80,1.80,128,0.49,8.0,12.8,10.6,60
1994-02-11,-9.5,-4.3,80,2.40,129,0.29,13.0,14.8,9.7,70
1994-02-12,-4.2,1.5,78,0.00,134,0.68,0.0,25.6,19.6,65
1994-02-13,-1.3,1.7,77,2.90,149,0.91,12.0,29.5,15.9,50
1994-02-14,-4.7,-0.1,76,0.30,145,0.57,2.0,22.4,13.3,65
1994-02-15,-0.4,2.5,73,4.30,145,0.95,13.0,24.7,19.2,44
1994-02-16,-4.8,1.4,77,3.80,68,0.38,8.0,8.5,6.1,50
1994-02-17,-5.1,-2.4,88,9.30,355,0.27,19.0,13.3,8.4,74
1994-02-18,-14.2,-10.8,74,4.70,320,0.42,8.0,13.3,10.2,58
1994-02-19,-16.0,-11.9,74,0.00,325,0.40,0.0,9.8,8.4,58
1994-02-20,-16.6,-8.7,75,0.30,358,0.44,1.0,8.4,6.6,59
1994-02-21,-14.4,-9.7,74,2.80,339,0.28,14.0,13.8,9.9,60
1994-02-22,-19.3,-12.3,72,0.90,332,0.35,6.0,12.3,6.2,56
1994-02-23,-18.2,-12.6,70,2.30,325,0.32,5.0,15.0,12.2,52
1994-02-24,-23.9,-18.1,66,0.00,321,0.36,0.0,15.1,7.5,45
1994-02-25,-19.5,-9.8,68,0.60,70,0.37,5.0,6.6,4.7,57
1994-02-26,-10.4,-0.4,78,1.60,121,0.62,5.0,13.3,10.0,62
1994-02-27,-3.1,3.7,82,0.50,127,0.90,3.0,14.8,11.2,62
1994-02-28,1.9,5.0,78,1.50,138,0.98,8.0,23.2,19.5,66
1994-03-01,3.1,7.5,82,0.10,138,1.07,1.0,24.8,18.5,67
1994-03-02,3.8,8.4,80,1.60,140,1.29,7.0,24.5,19.3,52
1994-03-03,-0.5,7.3,75,0.00,151,1.36,0.0,19.8,12.5,45
1994-03-04,0.6,4.5,75,2.00,153,1.29,5.0,18.9,13.7,40
1994-03-05,-6.3,3.1,61,0.00,263,1.24,0.0,16.6,9.9,34
1994-03-06,-7.4,-1.2,62,0.00,288,1.15,0.0,11.6,6.6,36
1994-03-07,-7.7,0.5,64,0.00,108,0.88,0.0,8.0,6.1,40
1994-03-08,-5.8,4.2,70,0.00,115,1.27,0.0,9.3,7.9,49
1994-03-09,-1.1,2.7,77,1.50,119,0.75,5.0,11.6,8.9,58
1994-03-10,-0.7,2.9,92,3.80,17,0.64,19.0,11.0,4.5,69
1994-03-11,-2.7,4.9,80,0.00,117,1.16,0.0,11.4,6.6,55
1994-03-12,2.7,8.4,72,0.00,133,1.31,0.0,19.2,14.9,52
1994-03-13,1.7,7.5,84,4.60,132,0.79,11.0,18.9,8.7,56
1994-03-14,-1.7,4.5,88,0.00,137,1.20,0.0,9.0,5.6,52
1994-03-15,-0.4,6.9,74,0.00,112,1.45,0.0,10.7,8.0,55
1994-03-16,0.9,4.8,83,1.70,127,1.32,9.0,11.5,7.3,64
1994-03-17,-1.3,2.7,79,1.30,145,0.93,6.0,27.3,12.8,56
1994-03-18,-1.1,2.3,75,1.10,132,1.50,5.0,26.6,11.3,52
1994-03-19,-2.7,1.6,66,0.00,275,1.42,0.0,10.6,5.9,35
1994-03-20,-2.1,2.9,62,1.10,136,1.30,4.0,24.6,14.9,38
1994-03-21,0.4,3.1,70,1.90,136,1.42,10.0,20.5,17.3,54
1994-03-22,-1.9,2.3,61,0.60,178,1.34,4.0,13.5,7.0,49
1994-03-23,-1.8,2.7,67,1.20,350,1.33,6.0,4.5,2.7,47
1994-03-24,-1.6,4.2,71,0.20,138,1.69,1.0,8.7,5.4,39
1994-03-25,0.1,7.1,62,0.00,342,1.88,0.0,10.7,4.4,48
1994-03-26,1.5,10.5,73,0.00,345,2.11,0.0,9.9,6.5,37
1994-03-27,3.6,13.9,68,0.00,105,2.32,0.0,9.0,5.5,32
1994-03-28,3.0,11.0,66,0.00,20,2.34,0.0,11.8,6.8,43
1994-03-29,3.4,10.3,62,0.00,118,2.50,0.0,10.7,8.9,44
1994-03-30,4.7,15.7,69,0.00,105,2.49,0.0,8.4,6.6,33
1994-03-31,6.5,15.6,71,0.10,15,2.31,1.0,10.2,4.2,33
1994-04-01,4.3,10.3,74,0.30,357,2.14,1.0,9.0,6.4,54
1994-04-02,4.5,8.0,71,0.70,17,1.59,3.0,7.7,4.5,55
1994-04-03,3.1,6.2,90,2.70,322,1.19,15.0,12.8,8.3,66
1994-04-04,2.0,6.3,83,0.60,324,1.79,4.0,14.3,6.6,66
1994-04-05,0.5,5.5,79,0.70,319,1.46,4.0,9.7,6.9,51
1994-04-06,1.2,5.3,62,0.00,26,1.76,0.0,6.8,3.7,47
1994-04-07,1.3,6.2,71,0.10,318,2.12,1.0,6.9,3.5,34
1994-04-08,1.8,6.6,74,0.30,124,1.70,2.0,16.9,8.8,48
1994-04-09,3.4,10.0,73,1.00,122,1.65,8.0,12.8,7.0,48
1994-04-10,2.9,10.0,79,0.00,152,2.00,0.0,16.2,9.3,39
1994-04-11,5.2,11.6,64,0.10,144,2.15,1.0,25.1,16.4,48
1994-04-12,4.8,11.6,67,3.80,219,2.22,14.0,20.6,11.2,32
1994-04-13,1.8,7.1,52,1.30,250,2.37,4.0,19.8,10.8,33
1994-04-14,-0.4,3.1,47,1.20,231,1.67,5.0,18.5,11.0,34
1994-04-15,2.9,9.7,65,0.00,148,2.07,0.0,20.7,14.6,47
1994-04-16,6.6,15.4,69,0.30,138,2.87,2.0,14.8,12.3,33
1994-04-17,9.5,17.0,56,0.70,216,2.52,4.0,14.1,6.1,30
1994-04-18,6.6,15.2,61,0.00,35,2.80,0.0,9.0,5.3,34
1994-04-19,9.2,16.2,57,0.50,116,3.15,3.0,14.3,9.0,30
1994-04-20,9.0,16.2,61,0.00,59,3.07,0.0,11.0,5.7,32
1994-04-21,10.1,15.4,57,0.40,110,2.69,1.0,12.5,9.7,36
1994-04-22,6.5,13.4,64,2.00,117,3.14,5.0,12.3,4.7,29
1994-04-23,7.3,14.0,54,0.00,68,3.26,0.0,6.0,3.6,29
1994-04-24,7.3,14.7,57,0.00,58,3.32,0.0,8.2,5.7,30
1994-04-25,7.2,13.8,56,0.00,17,3.04,0.0,9.8,7.0,32
1994-04-26,6.6,12.3,52,0.10,333,3.18,1.0,10.5,8.1,32
1994-04-27,5.8,12.3,50,0.00,332,3.57,0.0,12.2,10.4,27
1994-04-28,7.5,15.9,48,0.00,58,3.69,0.0,11.5,5.5,27
1994-04-29,9.3,16.9,51,0.00,120,3.74,0.0,16.4,9.6,26
1994-04-30,8.1,16.4,63,2.80,49,1.83,9.0,14.7,9.5,27
1994-05-01,5.7,11.6,62,0.00,56,2.49,0.0,9.8,4.5,36
1994-05-02,6.8,12.1,58,0.30,149,2.91,3.0,15.3,8.6,34
1994-05-03,4.4,11.2,74,1.60,144,2.60,4.0,5.8,3.1,32
1994-05-04,6.6,13.3,57,0.00,80,2.95,0.0,7.2,4.9,32
1994-05-05,8.9,17.4,57,0.00,150,3.80,0.0,9.2,5.0,26
1994-05-06,11.9,22.3,54,0.00,126,4.50,0.0,9.6,7.5,26
1994-05-07,12.8,22.6,47,0.00,328,4.50,0.0,14.7,10.3,22
1994-05-08,12.1,21.7,44,0.00,91,4.43,0.0,9.7,6.5,22
1994-05-09,13.2,21.8,56,0.00,80,3.74,0.0,10.9,8.1,26
1994-05-10,11.2,15.9,56,0.00,296,3.00,0.0,10.0,6.7,38
1994-05-11,12.8,20.4,58,0.00,143,4.03,0.0,17.1,12.4,28
1994-05-12,11.0,20.1,41,0.00,291,4.26,0.0,15.1,9.8,23
1994-05-13,8.1,12.8,55,1.30,232,3.33,6.0,13.5,5.9,30
1994-05-14,6.7,13.3,66,1.40,111,3.32,6.0,7.0,3.4,33
1994-05-15,8.6,13.5,61,2.70,72,2.99,8.0,8.2,5.2,32
1994-05-16,7.3,11.5,84,5.10,298,1.39,15.0,12.0,6.6,60
1994-05-17,7.4,13.5,74,2.90,341,2.65,12.0,14.4,9.3,39
1994-05-18,8.7,14.5,54,0.50,359,3.62,3.0,14.8,11.0,33
1994-05-19,10.2,17.6,51,0.10,19,4.28,1.0,12.4,6.4,25
1994-05-20,10.6,17.2,53,3.60,4,3.71,3.0,10.6,6.4,25
1994-05-21,9.4,14.2,75,2.20,229,2.99,9.0,12.0,4.9,46
1994-05-22,9.2,15.4,76,1.30,205,3.37,6.0,10.8,4.5,41
1994-05-23,11.4,18.4,60,0.00,149,4.08,0.0,9.8,7.3,29
1994-05-24,13.1,21.0,53,0.00,163,4.35,0.0,11.6,5.7,28
1994-05-25,13.8,20.5,63,6.30,133,2.79,7.0,14.5,7.6,29
1994-05-26,9.9,15.8,63,0.40,324,3.14,2.0,10.2,7.5,44
1994-05-27,6.5,11.6,54,0.10,286,3.53,1.0,15.0,7.6,23
1994-05-28,7.8,12.1,46,0.10,154,3.49,1.0,21.4,12.7,21
1994-05-29,8.2,13.2,54,1.10,157,3.54,3.0,18.6,13.8,34
1994-05-30,7.1,12.7,68,5.10,166,3.33,12.0,8.6,4.0,36
1994-05-31,11.0,19.6,49,0.00,122,4.56,0.0,20.2,13.2,27
1994-06-01,11.5,18.8,52,3.00,199,3.91,5.0,17.9,8.3,27
1994-06-02,11.0,19.0,47,0.00,141,4.61,0.0,7.9,4.5,25
1994-06-03,14.4,20.2,44,0.00,141,4.89,0.0,11.3,8.2,25
1994-06-04,12.8,20.5,69,3.70,146,2.11,6.0,7.1,4.0,28
1994-06-05,10.8,17.5,75,0.70,145,3.23,4.0,17.6,8.8,30
1994-06-06,11.5,17.6,76,10.10,153,2.44,15.0,14.5,5.7,29
1994-06-07,8.3,11.0,97,15.60,200,1.15,24.0,9.4,5.3,83
1994-06-08,9.2,16.1,75,2.80,254,3.13,9.0,12.3,5.7,29
1994-06-09,10.9,16.4,53,0.00,268,3.65,0.0,12.5,7.0,28
1994-06-10,11.8,18.4,61,0.00,149,3.59,0.0,11.5,6.3,33
1994-06-11,14.0,18.8,59,0.00,160,3.26,0.0,10.1,6.3,32
1994-06-12,11.9,17.5,79,2.30,142,2.90,6.0,12.1,5.2,48
1994-06-13,10.4,16.0,74,5.60,146,3.12,8.0,19.5,12.8,35
1994-06-14,8.3,13.1,78,6.30,309,1.86,18.0,12.4,6.9,49
1994-06-15,8.8,14.4,59,0.00,325,3.39,0.0,12.1,7.8,41
1994-06-16,10.7,15.6,57,0.10,341,3.99,1.0,9.2,4.6,36
1994-06-17,10.9,15.6,71,0.10,254,3.54,1.0,11.5,4.1,41
1994-06-18,10.8,15.9,75,0.60,226,3.15,2.0,6.2,3.2,48
1994-06-19,11.0,16.2,72,1.00,185,3.50,9.0,8.0,5.6,52
1994-06-20,11.7,18.3,74,2.10,161,4.04,3.0,9.4,6.7,41
1994-06-21,14.9,22.8,57,0.50,186,5.20,1.0,6.8,4.3,26
1994-06-22,17.0,24.6,56,0.00,349,5.31,0.0,8.9,5.3,26
1994-06-23,18.4,25.3,56,0.00,342,5.23,0.0,7.2,4.9,27
1994-06-24,17.6,25.3,56,0.00,316,4.53,0.0,14.4,7.7,27
1994-06-25,16.6,22.1,59,0.00,149,4.74,0.0,12.3,9.5,32
1994-06-26,15.8,22.3,60,0.10,280,4.37,1.0,11.4,7.3,25
1994-06-27,15.3,22.2,41,0.00,303,5.43,0.0,14.0,8.2,24
1994-06-28,15.2,20.5,47,0.00,309,3.96,0.0,13.1,7.3,31
1994-06-29,12.1,19.4,71,2.90,300,3.39,10.0,9.2,5.7,35
1994-06-30,11.9,15.5,76,5.50,141,1.98,14.0,8.7,4.3,47
1994-07-01,10.9,13.1,98,35.30,355,0.96,24.0,4.3,2.3,81
1994-07-02,7.7,11.2,90,11.60,241,1.37,18.0,11.6,5.9,78
1994-07-03,7.0,9.6,98,13.00,239,0.77,22.0,11.6,7.1,89
1994-07-04,9.5,12.8,80,0.60,324,1.86,3.0,14.0,7.4,54
1994-07-05,11.4,18.0,72,0.20,321,3.52,1.0,12.6,7.3,40
1994-07-06,13.9,19.4,64,0.00,208,2.97,0.0,8.3,5.2,40
1994-07-07,16.1,23.5,68,0.00,139,4.22,0.0,11.9,6.1,36
1994-07-08,14.9,23.6,54,0.00,304,4.25,0.0,12.1,9.1,35
1994-07-09,12.5,18.3,49,0.00,313,4.55,0.0,13.3,8.2,29
1994-07-10,13.9,20.6,51,0.00,313,4.79,0.0,11.3,8.2,28
1994-07-11,14.3,20.5,54,0.00,326,3.91,0.0,12.6,8.6,29
1994-07-12,14.5,19.9,62,0.00,337,4.13,0.0,13.2,7.6,37
1994-07-13,16.4,23.0,57,0.00,332,4.98,0.0,10.5,6.4,32
1994-07-14,17.3,22.8,59,0.20,327,4.82,1.0,9.5,6.0,32
1994-07-15,17.6,23.8,62,0.20,327,4.67,1.0,7.6,5.0,34
1994-07-16,18.7,24.7,63,0.50,124,4.42,3.0,12.5,6.2,35
1994-07-17,15.7,20.9,77,2.10,6,1.99,6.0,11.2,5.4,52
1994-07-18,12.5,17.5,91,8.30,277,2.04,20.0,7.2,4.6,55
1994-07-19,15.3,23.2,63,0.60,316,4.72,2.0,8.3,6.2,33
1994-07-20,19.6,28.6,54,0.00,99,5.46,0.0,8.4,5.3,28
1994-07-21,21.4,28.7,55,0.00,342,5.51,0.0,10.8,6.9,28
1994-07-22,19.7,27.6,44,0.00,2,5.85,0.0,10.2,6.4,17
1994-07-23,21.7,30.7,43,0.00,12,5.79,0.0,8.0,5.3,17
1994-07-24,23.3,31.5,44,0.00,28,5.60,0.0,12.4,6.3,19
1994-07-25,23.4,31.3,50,0.40,26,5.15,1.0,8.1,4.9,20
1994-07-26,19.5,26.8,69,0.00,322,3.97,0.0,9.7,7.9,37
1994-07-27,19.2,26.0,62,0.10,352,4.96,1.0,8.1,5.7,29
1994-07-28,20.8,29.4,50,0.00,60,5.74,0.0,10.5,7.1,21
1994-07-29,21.3,29.5,41,0.00,147,5.66,0.0,13.0,6.4,19
1994-07-30,18.5,27.5,40,0.00,290,5.36,0.0,15.6,10.1,19
1994-07-31,16.2,22.4,47,0.00,293,4.51,0.0,11.1,6.2,26
1994-08-01,18.2,27.1,48,0.00,52,4.99,0.0,10.5,5.1,24
1994-08-02,21.1,30.4,49,0.00,107,5.48,0.0,8.0,6.1,18
1994-08-03,23.4,31.1,40,2.50,68,5.15,2.0,9.4,6.2,17
1994-08-04,21.8,27.9,54,0.40,119,4.75,2.0,12.3,8.5,31
1994-08-05,18.2,27.8,60,8.70,149,3.62,5.0,14.4,6.9,28
1994-08-06,13.1,19.0,72,0.80,339,3.50,2.0,9.1,5.9,33
1994-08-07,14.3,20.6,53,0.00,339,4.40,0.0,10.8,8.1,32
1994-08-08,15.9,22.3,55,0.00,354,4.26,0.0,11.2,7.9,35
1994-08-09,12.4,16.2,91,16.70,150,2.00,22.0,12.6,3.8,57
1994-08-10,13.8,19.4,68,0.20,84,3.17,2.0,4.7,3.1,40
1994-08-11,15.7,22.5,63,0.00,352,3.93,0.0,6.3,3.7,35
1994-08-12,17.7,25.1,56,0.00,346,4.51,0.0,6.2,4.3,27
1994-08-13,19.8,28.4,52,0.00,75,4.75,0.0,10.8,5.5,22
1994-08-14,19.6,28.4,50,0.00,154,4.52,0.0,11.2,5.7,21
1994-08-15,17.1,23.5,49,0.00,313,4.31,0.0,12.7,9.5,32
1994-08-16,16.1,21.6,51,0.00,347,4.30,0.0,9.8,6.0,29
1994-08-17,15.3,21.2,60,0.60,5,3.13,3.0,10.0,3.4,30
1994-08-18,15.9,22.6,68,0.00,133,3.41,0.0,5.8,3.7,34
1994-08-19,18.2,26.2,58,0.00,123,4.33,0.0,12.0,5.2,24
1994-08-20,17.2,25.2,56,0.00,142,4.03,0.0,14.3,6.0,25
1994-08-21,15.1,22.2,65,0.70,258,2.95,4.0,6.9,4.0,33
1994-08-22,13.6,18.3,67,3.20,180,2.98,10.0,13.5,9.2,38
1994-08-23,12.2,18.5,52,0.90,284,3.10,2.0,13.5,7.0,28
1994-08-24,11.7,16.2,49,0.00,329,3.26,0.0,9.1,7.0,29
1994-08-25,11.9,17.8,51,0.00,343,3.67,0.0,10.8,7.6,31
1994-08-26,12.5,19.8,49,0.00,351,4.08,0.0,12.8,9.5,24
1994-08-27,13.8,21.5,49,0.00,24,4.04,0.0,11.8,6.1,22
1994-08-28,15.7,23.8,52,0.00,127,4.03,0.0,10.0,7.1,22
1994-08-29,16.3,23.5,54,0.00,182,3.69,0.0,6.3,4.7,23
1994-08-30,16.1,22.5,57,0.00,319,3.57,0.0,6.8,4.9,29
1994-08-31,16.4,22.1,59,0.00,121,3.25,0.0,11.0,6.7,30
1994-09-01,15.8,22.0,57,0.00,140,3.40,0.0,11.3,6.3,30
1994-09-02,13.4,19.4,56,0.30,151,3.16,1.0,9.7,6.3,24
1994-09-03,11.8,18.6,54,0.30,148,2.10,2.0,12.7,9.1,25
1994-09-04,9.9,17.7,74,1.30,215,2.68,4.0,9.1,4.6,30
1994-09-05,13.3,21.6,54,0.00,138,3.56,0.0,13.4,10.4,28
1994-09-06,15.3,22.6,50,0.00,144,4.14,0.0,16.6,12.5,22
1994-09-07,14.9,21.3,52,0.00,170,2.89,0.0,15.7,7.0,26
1994-09-08,12.5,18.4,67,1.30,137,2.55,3.0,14.3,9.5,35
1994-09-09,9.9,16.9,75,3.40,166,2.30,5.0,12.0,4.0,40
1994-09-10,8.8,13.0,83,3.40,126,2.03,8.0,6.0,3.6,53
1994-09-11,8.0,13.7,78,0.20,232,2.07,1.0,6.7,3.4,38
1994-09-12,8.9,13.7,69,0.00,136,1.34,0.0,10.0,7.1,38
1994-09-13,10.3,16.0,75,3.70,133,1.70,7.0,15.7,10.9,48
1994-09-14,10.4,16.4,76,1.90,165,1.95,6.0,14.1,5.2,51
1994-09-15,12.6,18.8,65,0.00,146,2.36,0.0,15.6,12.5,42
1994-09-16,14.3,22.1,66,0.00,150,3.08,0.0,13.7,11.0,38
1994-09-17,15.8,21.9,60,0.00,132,2.87,0.0,12.0,9.9,34
1994-09-18,14.6,21.4,62,0.00,186,2.84,0.0,9.2,5.4,33
1994-09-19,14.3,21.3,61,0.00,360,2.67,0.0,12.2,5.4,34
1994-09-20,11.9,19.2,64,0.00,331,2.68,0.0,13.3,9.5,29
1994-09-21,10.7,20.2,53,0.00,98,2.87,0.0,12.0,7.1,29
1994-09-22,14.7,25.3,53,0.00,136,3.58,0.0,13.2,11.7,22
1994-09-23,15.4,25.0,52,0.00,190,2.03,0.0,10.4,6.0,24
1994-09-24,14.8,23.8,65,0.00,100,2.67,0.0,11.5,6.1,30
1994-09-25,14.7,23.5,59,0.20,127,2.64,1.0,11.6,8.3,30
1994-09-26,11.3,19.2,50,0.00,326,2.49,0.0,13.5,6.7,30
1994-09-27,12.9,19.4,53,0.10,122,2.20,1.0,12.1,8.6,32
1994-09-28,10.9,18.1,50,0.00,343,2.28,0.0,12.0,8.2,37
1994-09-29,8.5,13.3,69,4.10,349,1.43,6.0,8.7,5.5,38
1994-09-30,9.5,14.2,89,13.10,112,0.61,20.0,14.1,6.3,57
1994-10-01,9.2,14.3,73,12.70,309,1.97,7.0,20.6,13.1,30
1994-10-02,4.4,9.4,58,0.00,335,1.91,0.0,16.6,13.3,32
1994-10-03,4.0,11.0,64,0.00,337,1.83,0.0,12.1,5.5,39
1994-10-04,7.4,17.0,70,0.00,125,1.97,0.0,14.2,8.3,36
1994-10-05,8.9,16.4,64,2.90,348,1.95,5.0,13.5,9.3,36
1994-10-06,4.9,10.4,68,0.60,118,0.85,2.0,9.7,5.4,37
1994-10-07,4.9,11.0,81,0.00,120,1.49,0.0,9.3,4.6,42
1994-10-08,6.9,10.6,64,0.10,124,1.33,1.0,13.2,10.6,44
1994-10-09,7.1,9.5,88,3.80,110,0.44,13.0,8.2,6.3,75
1994-10-10,3.5,7.8,85,2.20,346,1.23,4.0,11.6,5.0,40
1994-10-11,3.4,8.0,70,0.00,98,1.38,0.0,5.4,3.7,40
1994-10-12,2.4,9.6,75,0.00,113,1.41,0.0,8.8,6.9,44
1994-10-13,2.5,8.8,81,0.00,121,1.14,0.0,13.0,6.7,50
1994-10-14,1.7,6.0,93,8.30,77,0.46,20.0,11.9,8.5,61
1994-10-15,2.0,8.2,89,1.10,333,1.00,5.0,10.5,5.3,54
1994-10-16,3.1,8.8,80,0.00,132,1.01,0.0,13.9,9.5,56
1994-10-17,4.3,8.4,77,1.10,128,1.26,6.0,15.6,9.7,43
1994-10-18,1.8,7.7,79,0.00,122,0.76,0.0,8.9,6.3,48
1994-10-19,2.5,6.2,88,6.00,138,0.49,15.0,10.9,7.5,71
1994-10-20,2.9,5.6,90,5.10,133,0.48,14.0,22.8,15.3,80
1994-10-21,1.7,5.2,84,3.60,203,0.86,5.0,18.6,8.6,58
1994-10-22,-0.3,4.2,85,0.40,143,0.55,1.0,17.1,8.5,65
1994-10-23,0.6,6.4,87,1.30,143,0.70,7.0,15.5,8.4,52
1994-10-24,3.8,8.1,70,0.00,136,1.16,0.0,20.0,17.4,53
1994-10-25,7.2,11.3,57,0.00,140,1.90,0.0,27.5,20.6,42
1994-10-26,6.6,10.8,70,7.30,150,1.56,10.0,28.8,20.3,43
1994-10-27,2.0,6.6,80,2.80,147,0.81,7.0,17.3,11.3,49
1994-10-28,1.1,5.2,65,0.90,207,0.89,5.0,12.3,6.5,40
1994-10-29,-0.0,4.1,66,0.00,151,0.96,0.0,19.6,9.0,42
1994-10-30,1.2,4.2,68,3.50,146,1.08,12.0,20.3,11.8,52
1994-10-31,-0.8,2.9,82,9.30,104,0.34,14.0,15.0,9.1,62
1994-11-01,-3.1,0.4,86,3.00,278,0.39,15.0,12.7,6.7,72
1994-11-02,-7.2,-3.0,79,0.00,320,0.49,0.0,11.6,5.5,60
1994-11-03,-6.3,-3.2,72,1.00,129,0.46,4.0,20.1,12.2,64
1994-11-04,-2.1,1.1,76,4.10,149,0.84,12.0,25.0,15.4,54
1994-11-05,-3.6,-0.7,77,0.00,132,0.54,0.0,21.4,17.1,66
1994-11-06,-2.8,-1.5,71,2.30,142,0.67,8.0,19.4,16.2,66
1994-11-07,-4.9,0.8,85,1.70,139,0.48,5.0,14.8,12.8,64
1994-11-08,-2.1,1.2,85,0.00,137,0.44,0.0,20.5,15.9,74
1994-11-09,-0.2,2.4,78,2.10,132,0.72,8.0,20.4,15.0,68
1994-11-10,-2.1,1.4,89,0.00,137,0.46,0.0,11.1,6.1,71
1994-11-11,0.4,0.9,81,3.50,140,0.48,10.0,20.4,16.5,76
1994-11-12,-3.9,0.4,86,6.50,307,0.44,8.0,10.9,6.6,63
1994-11-13,-7.8,-2.0,83,0.30,136,0.33,3.0,20.0,11.5,71
1994-11-14,-1.9,0.9,83,5.80,139,0.51,18.0,21.4,14.7,74
1994-11-15,-1.7,-0.5,93,13.60,7,0.24,21.0,9.3,5.8,79
1994-11-16,-8.0,-3.1,88,0.00,7,0.27,0.0,8.9,5.4,76
1994-11-17,-9.3,-5.5,83,0.00,335,0.31,0.0,12.1,9.6,61
1994-11-18,-13.2,-6.7,83,0.40,123,0.17,3.0,12.5,9.0,73
1994-11-19,-4.5,-1.3,80,11.50,138,0.43,20.0,20.4,16.7,74
1994-11-20,-8.2,-1.8,73,0.70,254,0.39,3.0,16.7,7.9,54
1994-11-21,-13.5,-7.3,80,0.00,135,0.22,0.0,14.1,9.6,64
1994-11-22,-5.7,-1.5,74,0.00,137,0.60,0.0,29.7,22.5,60
1994-11-23,-5.1,-2.5,73,1.30,150,0.61,7.0,27.4,15.7,55
1994-11-24,-8.5,-2.7,81,0.00,124,0.32,0.0,17.9,12.0,67
1994-11-25,-3.9,-0.4,80,0.80,104,0.33,5.0,16.6,10.4,69
1994-11-26,-8.7,-2.0,87,0.50,336,0.22,3.0,12.7,7.5,76
1994-11-27,-7.1,-3.7,85,2.70,135,0.19,9.0,15.3,12.0,78
1994-11-28,-10.5,-4.8,85,0.20,136,0.21,2.0,10.0,7.9,70
1994-11-29,-4.2,-0.8,83,7.80,134,0.32,22.0,18.6,15.2,76
1994-11-30,1.0,4.5,82,8.10,145,0.52,13.0,24.2,18.7,65
1994-12-01,-5.5,0.9,74,1.10,160,0.33,6.0,14.3,9.8,66
1994-12-02,-13.7,-5.8,78,1.10,328,0.13,10.0,15.6,11.0,61
1994-12-03,-24.5,-20.4,70,0.30,349,0.12,2.0,12.0,6.1,52
1994-12-04,-25.2,-18.5,73,0.00,112,0.12,0.0,11.4,9.3,60
1994-12-05,-17.9,-9.6,71,0.00,121,0.24,0.0,14.3,12.5,55
1994-12-06,-10.6,-8.0,69,0.70,133,0.37,4.0,15.5,12.8,60
1994-12-07,-13.9,-9.0,80,0.20,119,0.18,1.0,12.3,10.6,70
1994-12-08,-6.9,-4.4,83,5.50,135,0.23,17.0,18.9,14.8,80
1994-12-09,-11.6,-5.9,85,0.30,44,0.14,2.0,9.0,5.8,73
1994-12-10,-6.5,-2.9,79,0.00,130,0.33,0.0,18.9,14.5,68
1994-12-11,-7.2,-3.4,85,0.00,125,0.24,0.0,15.8,12.7,74
1994-12-12,-9.7,-5.0,84,0.00,110,0.17,0.0,10.0,8.1,77
1994-12-13,-13.8,-8.6,85,0.00,120,0.15,0.0,9.7,7.5,76
1994-12-14,-14.1,-5.4,84,0.00,118,0.16,0.0,14.3,10.6,74
1994-12-15,-7.2,-4.5,84,0.00,130,0.25,0.0,15.8,13.5,76
1994-12-16,-4.9,-2.5,84,2.00,123,0.25,10.0,14.4,12.3,75
1994-12-17,-1.8,3.0,83,2.10,132,0.42,5.0,23.4,18.5,73
1994-12-18,0.5,2.8,90,1.60,135,0.28,3.0,20.2,16.1,81
1994-12-19,1.4,3.1,78,0.60,141,0.71,4.0,30.5,26.1,69
1994-12-20,0.6,1.9,90,9.10,142,0.23,15.0,18.1,14.1,84
1994-12-21,-2.9,0.8,89,0.30,135,0.27,2.0,22.5,14.6,75
1994-12-22,0.8,2.2,74,0.00,145,0.74,0.0,25.7,22.6,70
1994-12-23,1.2,2.1,74,0.00,143,0.63,0.0,22.8,18.1,68
1994-12-24,1.9,2.4,68,0.00,140,0.81,0.0,19.9,17.0,65
1994-12-25,-2.1,1.5,83,0.20,137,0.28,2.0,17.7,8.0,70
1994-12-26,-1.6,0.5,82,7.80,146,0.36,15.0,18.8,11.7,71
1994-12-27,-6.3,-2.9,86,0.70,71,0.14,3.0,8.2,5.8,81
1994-12-28,-5.9,-4.5,87,9.50,333,0.19,15.0,13.0,7.9,69
1994-12-29,-15.6,-8.1,82,0.00,94,0.13,0.0,6.1,4.3,71
1994-12-30,-17.5,-13.2,80,0.00,103,0.12,0.0,8.4,5.0,74
1994-12-31,-19.0,-12.6,72,0.00,102,0.17,0.0,9.8,7.5,54
1995-01-01,-19.3,-13.1,66,0.00,85,0.15,0.0,6.9,4.9,53
1995-01-02,-21.6,-15.3,68,0.00,84,0.13,0.0,7.2,4.9,54
1995-01-03,-22.2,-16.2,66,0.00,83,0.14,0.0,6.9,5.4,49
1995-01-04,-21.5,-15.5,63,0.00,78,0.15,0.0,6.3,4.8,48
1995-01-05,-22.4,-16.2,66,0.00,72,0.12,0.0,4.1,3.4,48
1995-01-06,-23.1,-15.8,67,0.00,94,0.15,0.0,8.4,6.1,49
1995-01-07,-21.8,-16.1,66,0.00,67,0.14,0.0,6.0,4.1,51
1995-01-08,-16.7,-7.8,72,0.20,76,0.16,1.0,8.6,6.4,61
1995-01-09,-8.1,-3.8,86,1.00,109,0.19,6.0,15.1,10.6,79
1995-01-10,-4.6,-0.1,89,0.20,120,0.26,1.0,16.1,12.4,80
1995-01-11,-3.4,-0.0,91,0.00,109,0.25,0.0,11.0,8.9,81
1995-01-12,-3.6,0.4,90,0.00,118,0.28,0.0,11.6,9.2,77
1995-01-13,-3.9,-0.6,88,0.00,102,0.27,0.0,10.7,8.4,78
1995-01-14,-2.4,0.4,91,3.00,100,0.29,9.0,9.4,6.1,77
1995-01-15,-3.4,-1.5,92,2.10,23,0.18,12.0,5.7,3.4,87
1995-01-16,-5.7,-2.0,92,0.40,65,0.25,4.0,5.2,3.3,83
1995-01-17,-9.6,-4.6,87,1.20,131,0.20,8.0,12.8,7.8,78
1995-01-18,-2.3,1.8,81,0.70,135,0.48,5.0,18.6,16.5,72
1995-01-19,-2.5,1.4,88,2.70,134,0.36,5.0,17.3,13.2,73
1995-01-20,-6.3,-1.5,84,0.00,109,0.29,0.0,11.3,9.3,70
1995-01-21,-7.3,-2.7,79,0.00,96,0.35,0.0,9.1,6.7,60
1995-01-22,-10.4,-2.9,73,0.00,87,0.32,0.0,6.6,4.1,59
1995-01-23,-14.6,-7.5,72,0.00,91,0.28,0.0,6.5,5.1,51
1995-01-24,-14.2,-7.2,65,0.00,78,0.32,0.0,6.9,4.4,44
1995-01-25,-11.8,-4.5,67,0.00,80,0.34,0.0,6.9,5.1,47
1995-01-26,-9.5,-4.3,71,0.00,80,0.32,0.0,6.8,4.8,52
1995-01-27,-8.4,-2.8,84,0.00,107,0.36,0.0,8.8,6.9,71
1995-01-28,-5.6,1.2,85,0.00,124,0.40,0.0,24.0,14.1,63
1995-01-29,2.0,3.5,73,2.60,140,0.85,4.0,25.0,22.1,64
1995-01-30,-1.2,2.7,91,2.50,120,0.34,5.0,16.1,10.2,73
1995-01-31,0.2,2.6,92,6.70,131,0.26,11.0,18.1,14.7,80
1995-02-01,0.6,4.0,89,0.60,139,0.59,4.0,17.1,13.3,67
1995-02-02,-2.2,2.2,85,0.80,132,0.56,4.0,10.5,6.4,68
1995-02-03,1.0,3.1,79,1.70,140,0.82,5.0,21.5,13.2,69
1995-02-04,-4.5,2.5,88,0.00,115,0.49,0.0,7.7,6.5,74
1995-02-05,-2.7,2.6,86,0.00,106,0.45,0.0,10.4,8.1,68
1995-02-06,0.8,2.7,86,0.90,115,0.37,6.0,11.6,8.0,77
1995-02-07,-1.0,2.2,88,0.00,330,0.55,0.0,11.1,9.6,72
1995-02-08,-3.5,1.3,84,0.00,4,0.53,0.0,9.8,6.9,71
1995-02-09,-2.6,2.5,79,0.00,82,0.66,0.0,12.0,7.4,58
1995-02-10,-4.2,1.1,78,0.00,349,0.46,0.0,8.8,6.7,68
1995-02-11,-6.3,-2.4,75,0.60,352,0.51,6.0,13.8,8.1,47
1995-02-12,-14.7,-7.1,61,0.00,6,0.54,0.0,13.6,10.2,40
1995-02-13,-16.7,-10.0,59,0.00,22,0.50,0.0,11.4,5.7,42
1995-02-14,-13.6,-9.4,60,0.00,97,0.40,0.0,10.5,5.5,42
1995-02-15,-10.5,-4.9,69,2.40,129,0.53,14.0,16.4,11.9,53
1995-02-16,-11.4,-5.1,77,1.40,10,0.36,11.0,9.7,6.8,62
1995-02-17,-8.5,-1.7,86,7.90,102,0.33,18.0,9.3,5.6,74
1995-02-18,-4.7,1.4,85,2.10,127,0.37,7.0,23.7,13.1,77
1995-02-19,-0.4,4.8,83,0.20,135,0.86,2.0,22.2,14.3,59
1995-02-20,2.7,6.9,82,1.30,137,0.90,4.0,21.7,16.4,73
1995-02-21,-1.3,5.6,80,0.00,164,0.96,0.0,19.5,11.7,40
1995-02-22,-3.2,3.1,64,0.00,248,1.05,0.0,14.8,5.6,47
1995-02-23,-2.0,4.9,67,0.00,115,0.88,0.0,17.6,10.2,42
1995-02-24,1.1,5.5,82,1.50,124,0.73,6.0,12.7,11.4,63
1995-02-25,-2.3,5.1,63,1.60,288,1.06,5.0,14.7,8.6,37
1995-02-26,-8.3,-0.9,52,0.00,339,1.00,0.0,13.1,10.6,35
1995-02-27,-10.8,-3.9,49,0.00,17,0.92,0.0,10.9,5.1,35
1995-02-28,-9.7,-3.1,51,0.00,20,0.89,0.0,10.7,5.3,38
1995-03-01,-9.5,-1.4,57,0.00,11,1.04,0.0,10.9,7.3,39
1995-03-02,-8.2,0.4,61,0.00,89,1.05,0.0,7.6,5.8,41
1995-03-03,-7.2,-0.2,65,0.00,54,0.77,0.0,10.9,5.6,46
1995-03-04,-12.0,-2.2,61,1.80,321,0.61,11.0,15.0,13.4,49
1995-03-05,-16.7,-9.7,54,0.00,328,0.76,0.0,14.0,6.4,36
1995-03-06,-14.7,-7.2,49,0.00,41,0.84,0.0,4.9,3.1,32
1995-03-07,-12.8,-2.8,54,0.00,103,0.86,0.0,12.5,7.1,39
1995-03-08,-6.1,-1.1,68,2.70,110,0.70,10.0,12.7,9.9,42
1995-03-09,-1.4,3.2,81,3.70,116,0.74,11.0,14.0,11.6,67
1995-03-10,2.3,7.3,81,0.40,136,1.23,2.0,24.6,18.8,55
1995-03-11,1.8,7.7,84,1.80,130,0.98,9.0,17.5,12.0,57
1995-03-12,0.6,7.1,74,0.80,148,1.50,4.0,15.8,9.5,38
1995-03-13,-1.0,6.6,65,0.00,125,1.49,0.0,24.8,12.2,45
1995-03-14,2.9,7.9,71,0.00,135,1.44,0.0,30.9,19.8,54
1995-03-15,2.1,7.5,75,0.60,146,1.59,5.0,24.2,14.4,55
1995-03-16,0.9,5.7,74,0.00,135,1.37,0.0,12.1,5.1,50
1995-03-17,1.3,5.9,62,0.00,132,1.58,0.0,17.5,12.7,46
1995-03-18,2.5,7.5,72,0.20,134,1.36,2.0,14.5,12.2,55
1995-03-19,0.7,6.1,84,1.70,118,1.36,7.0,10.9,7.9,45
1995-03-20,0.9,6.5,71,0.60,119,1.32,4.0,26.3,12.1,51
1995-03-21,1.6,6.1,67,0.60,139,1.66,2.0,24.6,18.6,42
1995-03-22,-0.7,4.4,64,0.40,135,1.67,1.0,18.3,10.8,46
1995-03-23,0.1,4.4,73,0.30,122,1.43,3.0,13.0,6.3,54
1995-03-24,-1.2,3.8,67,0.10,300,1.35,1.0,14.5,9.0,32
1995-03-25,-1.9,3.4,39,0.00,36,1.84,0.0,11.1,4.4,31
1995-03-26,0.5,6.5,51,0.00,92,2.14,0.0,7.6,5.1,28
1995-03-27,2.2,6.9,64,0.00,16,2.08,0.0,7.6,5.0,52
1995-03-28,3.6,10.2,55,0.00,35,2.28,0.0,7.4,3.7,29
1995-03-29,4.2,9.9,61,0.00,88,2.25,0.0,6.1,4.0,31
1995-03-30,3.8,10.7,66,0.00,116,2.35,0.0,9.5,6.5,35
1995-03-31,4.5,10.8,60,0.00,132,2.41,0.0,17.0,12.8,39
1995-04-01,3.6,9.6,66,1.10,210,2.15,4.0,13.4,8.1,34
1995-04-02,1.6,7.0,71,4.90,174,1.05,12.0,11.9,8.1,36
1995-04-03,4.4,12.8,74,0.20,116,1.89,2.0,14.3,8.7,45
1995-04-04,3.4,12.5,79,6.00,113,1.25,14.0,15.6,11.7,46
1995-04-05,-0.9,4.5,82,0.60,151,1.66,3.0,12.2,6.9,42
1995-04-06,-0.1,6.6,65,0.00,134,1.73,0.0,17.4,12.1,46
1995-04-07,2.6,7.8,69,0.30,121,1.77,2.0,24.5,13.7,51
1995-04-08,3.1,8.4,70,0.00,136,2.12,0.0,18.9,9.3,43
1995-04-09,1.9,7.5,78,3.10,267,1.43,12.0,10.4,4.9,45
1995-04-10,0.4,5.1,70,0.80,135,1.37,4.0,25.3,11.5,52
1995-04-11,1.1,4.9,67,2.80,186,2.21,7.0,24.9,11.4,37
1995-04-12,0.6,6.3,55,0.20,77,2.41,2.0,11.8,6.3,30
1995-04-13,1.4,6.0,65,3.40,108,1.40,12.0,13.4,7.1,33
1995-04-14,0.2,3.3,76,5.70,225,1.31,17.0,10.9,7.1,52
1995-04-15,0.3,5.5,67,0.20,319,2.05,2.0,9.0,4.6,47
1995-04-16,1.3,7.8,63,0.50,150,2.45,3.0,10.8,6.8,30
1995-04-17,2.1,8.4,53,0.00,138,2.41,0.0,14.1,11.9,36
1995-04-18,2.1,8.3,76,0.60,347,2.01,4.0,9.8,5.3,41
1995-04-19,2.4,8.2,79,1.30,136,2.19,8.0,8.7,5.3,49
1995-04-20,2.9,9.2,70,0.20,105,2.42,1.0,10.0,4.6,36
1995-04-21,4.1,10.5,61,0.20,333,2.79,2.0,10.2,5.3,37
1995-04-22,5.8,13.1,56,0.10,344,3.32,1.0,10.2,5.8,29
1995-04-23,7.3,15.7,53,0.00,341,3.32,0.0,10.4,4.8,26
1995-04-24,7.1,15.6,55,0.60,337,3.25,4.0,18.8,13.3,26
1995-04-25,5.1,12.2,59,0.00,357,3.24,0.0,16.7,7.5,31
1995-04-26,6.0,11.5,55,0.00,359,2.83,0.0,8.3,5.5,33
1995-04-27,6.5,12.7,65,0.00,67,2.35,0.0,9.5,5.9,35
1995-04-28,6.8,14.7,54,0.00,47,3.46,0.0,10.4,6.2,26
1995-04-29,6.2,13.7,64,0.90,47,2.33,5.0,8.9,5.1,29
1995-04-30,3.8,6.7,87,2.50,107,1.26,10.0,11.2,5.9,69
1995-05-01,4.8,11.8,72,0.70,113,2.39,5.0,11.2,3.9,41
1995-05-02,7.0,13.5,61,0.20,45,3.06,1.0,5.6,3.7,35
1995-05-03,5.2,10.4,91,7.80,153,1.40,16.0,7.3,4.8,58
1995-05-04,4.5,11.0,90,7.30,162,2.18,20.0,4.5,2.3,49
1995-05-05,6.5,13.6,59,0.20,355,3.63,1.0,11.3,7.2,28
1995-05-06,7.8,14.3,46,0.00,351,4.19,0.0,16.1,11.3,27
1995-05-07,8.8,16.7,48,0.00,17,4.45,0.0,14.2,8.0,25
1995-05-08,10.5,17.4,50,0.00,102,4.33,0.0,11.1,6.3,26
1995-05-09,11.4,18.2,51,0.00,118,4.42,0.0,15.0,10.7,30
1995-05-10,10.6,17.8,65,1.00,125,2.81,4.0,19.4,10.4,36
1995-05-11,8.6,15.2,66,1.90,127,2.73,2.0,11.7,7.6,45
1995-05-12,7.7,11.9,82,9.40,168,1.50,13.0,8.9,5.1,52
1995-05-13,10.6,20.2,64,0.00,338,4.18,0.0,10.5,8.4,27
1995-05-14,10.9,20.1,63,1.80,283,2.07,5.0,9.7,4.2,27
1995-05-15,9.7,16.7,69,0.00,301,3.25,0.0,11.8,7.8,31
1995-05-16,11.4,17.6,57,0.50,328,3.72,2.0,10.7,4.8,30
1995-05-17,8.8,13.8,58,0.40,307,3.37,3.0,11.8,8.4,34
1995-05-18,6.0,11.6,45,0.00,297,3.72,0.0,15.8,10.0,29
1995-05-19,6.4,12.2,48,0.00,310,3.33,0.0,12.0,7.0,29
1995-05-20,6.3,12.6,66,4.00,326,2.51,13.0,14.1,10.2,29
1995-05-21,7.3,15.1,58,0.10,358,4.07,1.0,13.9,5.9,27
1995-05-22,10.2,18.0,48,0.00,100,4.48,0.0,6.9,4.7,22
1995-05-23,11.9,18.9,47,0.00,340,4.39,0.0,9.5,4.7,21
1995-05-24,12.0,18.6,53,0.70,349,4.53,4.0,13.5,8.9,26
1995-05-25,11.6,18.1,46,0.00,359,4.98,0.0,13.4,9.4,22
1995-05-26,12.2,20.9,47,0.00,88,5.03,0.0,8.3,5.6,22
1995-05-27,14.8,23.8,44,0.00,132,5.56,0.0,10.8,8.0,22
1995-05-28,16.6,24.6,47,0.00,161,5.18,0.0,10.4,5.7,21
1995-05-29,16.5,24.8,43,0.00,257,4.94,0.0,12.6,7.3,20
1995-05-30,15.1,21.3,53,0.00,289,3.94,0.0,13.5,6.9,26
1995-05-31,13.3,19.9,40,0.00,290,4.86,0.0,14.5,9.1,24
1995-06-01,13.3,19.4,55,0.70,284,3.76,2.0,10.2,5.5,26
1995-06-02,13.1,19.1,56,0.50,317,3.11,3.0,10.2,6.7,27
1995-06-03,14.0,21.4,56,0.00,138,4.44,0.0,9.6,5.7,32
1995-06-04,13.9,21.4,62,0.40,140,3.01,2.0,13.4,8.9,32
1995-06-05,10.0,13.7,83,7.00,301,1.49,18.0,15.3,9.0,56
1995-06-06,8.4,11.0,57,1.60,332,2.30,7.0,21.0,13.7,52
1995-06-07,10.7,17.1,71,0.00,340,3.00,0.0,21.2,7.7,42
1995-06-08,13.7,22.8,66,0.00,327,4.51,0.0,11.2,5.2,27
1995-06-09,17.4,24.2,44,0.00,146,5.69,0.0,10.8,7.5,21
1995-06-10,16.5,23.3,38,0.00,137,5.27,0.0,19.7,14.3,22
1995-06-11,12.7,18.9,68,6.30,155,2.92,11.0,18.0,9.2,35
1995-06-12,12.3,18.2,52,0.00,144,4.54,0.0,20.7,12.0,27
1995-06-13,11.6,18.2,51,0.00,160,4.27,0.0,14.4,8.9,28
1995-06-14,10.3,17.4,55,1.00,198,4.50,2.0,14.1,5.2,24
1995-06-15,12.9,20.1,40,0.00,326,5.03,0.0,9.9,6.6,21
1995-06-16,14.9,20.3,46,0.00,133,4.74,0.0,11.3,4.6,21
1995-06-17,13.2,18.1,63,1.80,145,3.91,4.0,12.4,8.2,32
1995-06-18,13.7,18.9,52,0.40,109,4.26,3.0,10.4,5.5,32
1995-06-19,11.9,19.1,84,9.50,259,1.86,23.0,7.6,4.0,37
1995-06-20,13.2,20.4,82,5.90,301,3.12,10.0,14.3,7.5,45
1995-06-21,15.8,21.1,61,0.90,326,4.26,7.0,13.8,8.1,41
1995-06-22,16.9,22.8,59,0.20,296,4.89,2.0,7.9,4.6,36
1995-06-23,15.8,21.2,75,1.90,212,3.40,7.0,7.6,3.5,45
1995-06-24,14.2,18.8,66,1.50,314,3.29,6.0,9.4,5.6,43
1995-06-25,13.0,18.7,58,0.00,325,3.86,0.0,10.8,8.2,38
1995-06-26,11.7,17.0,46,0.00,330,4.82,0.0,13.9,10.6,32
1995-06-27,14.2,21.9,45,0.00,340,5.23,0.0,13.1,6.6,23
1995-06-28,17.3,24.0,42,0.00,359,5.37,0.0,10.4,4.9,23
1995-06-29,19.4,26.7,46,0.00,63,5.42,0.0,6.2,3.8,19
1995-06-30,20.4,27.2,47,0.00,107,5.53,0.0,6.6,5.1,19
1995-07-01,21.1,26.9,46,0.00,283,5.03,0.0,11.9,5.4,23
1995-07-02,15.7,24.8,62,0.50,317,2.72,2.0,13.9,10.1,27
1995-07-03,13.8,19.0,62,0.30,307,3.50,3.0,14.9,7.0,41
1995-07-04,13.8,19.1,65,2.90,326,3.55,9.0,6.5,2.6,41
1995-07-05,12.4,17.3,78,1.20,174,3.38,7.0,7.1,3.6,50
1995-07-06,13.1,19.8,72,1.40,137,4.37,5.0,4.8,3.5,37
1995-07-07,15.5,21.2,58,0.00,12,4.49,0.0,7.7,3.8,37
1995-07-08,15.5,20.9,72,3.30,151,4.07,8.0,7.4,5.0,38
1995-07-09,16.4,21.8,64,0.40,107,3.92,2.0,8.2,5.1,41
1995-07-10,14.2,20.8,76,6.60,163,3.63,15.0,13.6,8.4,31
1995-07-11,12.6,17.6,63,0.80,244,4.12,3.0,10.0,5.1,35
1995-07-12,12.9,17.5,60,0.40,288,3.36,3.0,11.0,5.8,35
1995-07-13,14.6,19.2,60,0.10,158,3.70,1.0,9.6,6.1,40
1995-07-14,13.8,18.7,63,0.00,293,3.62,0.0,11.5,7.3,41
1995-07-15,14.2,20.9,50,0.00,312,4.63,0.0,10.5,7.8,27
1995-07-16,15.8,21.0,46,0.00,319,4.66,0.0,13.4,9.0,27
1995-07-17,16.5,20.7,54,0.00,323,3.85,0.0,12.5,8.1,32
1995-07-18,16.6,22.4,54,0.00,336,4.42,0.0,11.2,7.9,31
1995-07-19,18.0,26.0,49,0.00,342,5.40,0.0,9.9,6.4,23
1995-07-20,19.9,26.0,47,0.00,325,4.81,0.0,15.2,6.9,23
1995-07-21,17.9,23.1,51,0.00,339,5.11,0.0,14.2,9.9,26
1995-07-22,18.8,26.7,48,0.00,287,4.97,0.0,13.3,6.4,26
1995-07-23,18.7,26.9,41,0.00,294,4.80,0.0,14.9,10.9,26
1995-07-24,15.6,19.2,48,0.10,288,2.74,1.0,9.4,7.5,33
1995-07-25,13.0,17.1,96,18.40,146,1.32,24.0,10.2,8.3,72
1995-07-26,13.2,17.2,94,20.70,170,2.12,22.0,9.6,5.6,75
1995-07-27,11.6,15.3,71,1.40,256,3.53,1.0,9.0,6.2,40
1995-07-28,11.9,18.0,64,0.30,112,3.85,2.0,10.8,6.0,36
1995-07-29,10.7,18.0,79,9.20,313,1.99,17.0,17.6,10.6,36
1995-07-30,11.7,16.6,66,2.10,268,2.98,2.0,12.5,5.5,38
1995-07-31,11.8,16.8,83,4.10,193,2.27,15.0,11.9,4.5,46
1995-08-01,12.2,16.3,83,1.70,311,2.83,3.0,10.3,3.9,49
1995-08-02,12.7,16.9,67,0.00,122,2.29,0.0,9.4,5.1,48
1995-08-03,14.5,20.0,79,0.20,140,2.60,2.0,7.9,4.0,49
1995-08-04,16.1,21.5,73,0.60,129,2.50,3.0,8.4,5.7,43
1995-08-05,13.5,17.2,77,0.80,338,2.63,4.0,9.0,6.2,49
1995-08-06,10.4,16.1,81,1.50,288,2.57,10.0,6.6,3.9,49
1995-08-07,10.0,14.3,87,8.60,335,2.02,19.0,7.6,4.6,50
1995-08-08,10.5,15.4,83,7.10,289,2.50,20.0,9.7,5.8,55
1995-08-09,12.1,17.5,74,0.40,93,3.20,3.0,8.2,3.9,43
1995-08-10,14.1,20.1,67,0.50,40,3.57,1.0,5.8,3.4,36
1995-08-11,13.3,19.3,80,0.80,195,2.75,5.0,7.4,3.6,40
1995-08-12,9.5,14.9,91,25.10,292,1.28,19.0,9.5,6.2,64
1995-08-13,11.8,17.4,70,0.10,210,3.00,1.0,8.8,4.4,38
1995-08-14,12.9,16.7,71,2.00,141,1.92,4.0,16.3,9.8,45
1995-08-15,8.4,13.4,84,8.50,157,2.40,7.0,15.3,4.9,55
1995-08-16,8.9,14.2,81,0.10,114,2.95,1.0,6.5,4.3,44
1995-08-17,9.4,14.7,74,0.80,356,3.12,3.0,10.2,4.9,43
1995-08-18,9.8,14.1,75,0.40,186,2.73,1.0,13.0,7.1,48
1995-08-19,9.9,15.5,74,5.40,148,2.81,12.0,13.1,10.9,45
1995-08-20,10.7,17.8,79,1.80,115,2.87,5.0,10.5,5.5,42
1995-08-21,12.6,18.6,72,0.30,114,3.09,2.0,8.0,6.2,42
1995-08-22,12.0,18.9,79,2.80,141,2.86,10.0,10.0,5.6,45
1995-08-23,9.6,14.6,86,2.00,349,1.87,7.0,9.6,5.2,68
1995-08-24,9.1,14.6,80,0.50,222,2.65,3.0,7.2,4.7,48
1995-08-25,9.4,15.1,76,1.90,140,2.80,4.0,7.6,5.0,44
1995-08-26,11.3,16.7,66,0.10,23,3.04,1.0,7.0,5.0,41
1995-08-27,10.5,17.1,78,0.40,356,3.01,2.0,7.6,3.5,44
1995-08-28,11.1,16.7,78,0.30,320,2.75,2.0,6.4,3.8,45
1995-08-29,11.0,16.0,76,0.00,315,2.87,0.0,11.4,4.8,49
1995-08-30,11.0,17.6,74,0.20,187,2.88,1.0,9.8,5.0,32
1995-08-31,12.5,20.1,62,0.00,143,3.49,0.0,8.5,5.7,31
1995-09-01,13.4,21.1,64,0.00,66,3.47,0.0,8.4,5.1,33
1995-09-02,15.1,23.0,64,0.00,136,3.53,0.0,7.8,5.9,28
1995-09-03,16.2,23.4,59,0.00,96,3.58,0.0,7.7,3.9,29
1995-09-04,17.1,25.4,64,0.00,45,3.49,0.0,5.6,3.7,29
1995-09-05,15.5,25.0,71,1.00,107,2.14,4.0,12.6,6.8,31
1995-09-06,12.7,17.8,87,3.00,151,1.90,11.0,7.2,3.4,49
1995-09-07,13.7,21.1,71,0.00,353,3.00,0.0,7.0,5.4,44
1995-09-08,15.4,22.5,69,0.00,317,3.17,0.0,8.3,5.0,40
1995-09-09,15.8,22.9,72,0.00,132,3.24,0.0,7.6,5.1,37
1995-09-10,15.9,22.9,68,0.00,138,3.01,0.0,7.3,4.8,32
1995-09-11,15.6,22.7,62,0.00,188,3.06,0.0,11.1,6.9,33
1995-09-12,14.6,20.6,65,0.00,315,2.81,0.0,11.8,7.0,40
1995-09-13,13.5,19.4,60,0.00,351,2.90,0.0,9.8,5.7,34
1995-09-14,13.7,21.7,61,0.00,8,3.04,0.0,7.5,5.1,35
1995-09-15,13.8,21.6,63,0.00,336,2.85,0.0,12.4,9.1,38
1995-09-16,11.1,17.1,58,0.00,333,2.99,0.0,12.5,7.1,37
1995-09-17,11.5,18.2,63,0.00,337,2.81,0.0,9.4,4.9,38
1995-09-18,10.5,17.8,55,0.00,329,2.81,0.0,13.0,11.9,37
1995-09-19,8.3,15.1,53,0.00,330,2.69,0.0,10.9,6.4,27
1995-09-20,8.6,15.9,50,0.00,359,2.82,0.0,11.5,6.1,25
1995-09-21,9.9,17.7,60,0.00,119,2.52,0.0,5.6,3.9,26
1995-09-22,10.5,19.6,67,0.00,61,2.42,0.0,6.1,3.4,30
1995-09-23,13.0,22.3,65,0.00,98,2.78,0.0,11.2,6.4,34
1995-09-24,14.8,21.8,55,0.00,124,3.33,0.0,13.6,11.3,29
1995-09-25,13.5,21.1,53,0.00,117,2.91,0.0,9.8,7.4,28
1995-09-26,11.8,19.7,65,0.00,126,2.04,0.0,13.3,6.8,31
1995-09-27,9.5,15.0,79,1.10,149,1.74,5.0,11.8,9.7,43
1995-09-28,9.3,14.7,80,4.00,145,1.14,16.0,12.3,8.5,45
1995-09-29,7.8,12.6,81,0.50,175,1.53,4.0,8.6,4.9,48
1995-09-30,7.8,12.2,75,4.40,137,1.29,7.0,11.8,8.6,45
1995-10-01,5.0,9.4,59,0.00,222,1.58,0.0,10.6,6.4,40
1995-10-02,6.5,9.3,71,4.20,140,1.32,8.0,16.2,12.9,46
1995-10-03,5.1,8.8,83,3.30,315,1.32,6.0,13.6,8.1,48
1995-10-04,4.1,9.7,76,0.00,99,1.40,0.0,13.0,6.1,43
1995-10-05,5.5,9.5,65,0.60,128,1.49,2.0,19.3,13.8,45
1995-10-06,5.2,8.4,78,0.90,139,1.13,5.0,17.6,12.8,57
1995-10-07,4.5,8.8,81,0.00,137,1.00,0.0,17.0,8.8,55
1995-10-08,5.5,9.8,78,5.60,153,1.53,11.0,15.0,10.4,42
1995-10-09,5.7,11.5,69,4.50,144,1.55,9.0,23.0,15.3,45
1995-10-10,5.9,10.7,83,7.20,149,1.28,19.0,20.2,13.6,46
1995-10-11,4.0,10.0,78,0.50,122,1.03,2.0,10.0,8.2,50
1995-10-12,2.7,8.1,82,0.30,160,1.21,2.0,10.7,4.8,42
1995-10-13,3.7,7.6,78,5.30,139,0.91,9.0,24.7,17.3,46
1995-10-14,4.2,7.0,93,15.90,131,0.51,13.0,16.8,10.5,76
1995-10-15,4.9,6.7,100,12.80,98,0.29,24.0,9.4,5.5,97
1995-10-16,4.7,6.8,86,7.10,291,0.83,14.0,14.3,10.0,54
1995-10-17,4.2,8.2,80,4.10,132,0.90,9.0,20.1,13.1,57
1995-10-18,3.0,8.1,70,0.50,245,1.19,3.0,13.7,7.9,38
1995-10-19,2.9,7.4,68,0.00,126,0.86,0.0,20.1,11.3,45
1995-10-20,5.2,9.5,65,2.10,151,1.67,8.0,21.3,15.0,39
1995-10-21,3.5,8.1,71,1.20,165,1.12,5.0,8.6,5.9,46
1995-10-22,1.7,6.1,77,0.00,123,0.68,0.0,15.0,7.4,54
1995-10-23,1.8,5.7,78,1.50,137,0.87,6.0,18.4,15.6,65
1995-10-24,1.3,5.9,87,0.90,139,0.76,6.0,11.9,8.2,65
1995-10-25,1.7,4.3,88,6.30,132,0.29,13.0,24.7,15.9,76
1995-10-26,0.7,5.5,90,5.80,164,0.68,14.0,23.4,9.8,65
1995-10-27,0.2,4.4,72,0.00,198,0.84,0.0,11.9,5.9,43
1995-10-28,-0.1,2.9,80,0.30,64,0.71,2.0,7.1,3.7,59
1995-10-29,-2.1,1.7,80,0.00,358,0.72,0.0,7.2,5.1,50
1995-10-30,-3.4,0.6,79,0.00,63,0.63,0.0,7.2,4.6,56
1995-10-31,-4.3,-0.4,73,0.00,354,0.68,0.0,9.2,7.3,44
1995-11-01,-4.7,0.3,72,0.00,75,0.69,0.0,7.6,6.4,43
1995-11-02,-3.4,1.7,73,0.00,109,0.67,0.0,7.3,5.6,48
1995-11-03,-2.3,3.3,77,0.00,115,0.60,0.0,9.4,5.1,45
1995-11-04,-0.2,2.3,65,0.40,131,0.83,2.0,19.9,15.2,56
1995-11-05,-1.2,1.6,76,0.10,138,0.56,1.0,13.5,9.5,52
1995-11-06,-3.0,-0.3,81,0.00,44,0.45,0.0,5.2,3.4,62
1995-11-07,-6.2,-1.6,84,0.50,76,0.37,3.0,10.7,6.7,63
1995-11-08,-1.7,-0.4,90,26.60,77,0.23,24.0,15.1,8.9,77
1995-11-09,-10.7,-4.7,82,1.70,339,0.28,9.0,15.8,9.6,61
1995-11-10,-16.9,-9.5,78,1.40,69,0.22,3.0,14.3,8.5,62
1995-11-11,-5.6,0.8,77,7.90,135,0.65,7.0,22.7,18.2,69
1995-11-12,-5.4,-0.7,85,0.00,132,0.35,0.0,13.5,10.3,74
1995-11-13,-0.9,0.5,91,6.00,130,0.23,13.0,17.3,13.5,85
1995-11-14,-0.5,2.0,96,7.20,113,0.26,13.0,8.7,7.4,86
1995-11-15,2.9,5.5,89,1.50,134,0.40,4.0,18.1,15.4,75
1995-11-16,-1.5,3.1,92,0.90,128,0.33,3.0,20.3,10.6,82
1995-11-17,2.4,4.4,87,6.50,134,0.39,17.0,18.4,17.1,81
1995-11-18,3.2,4.5,75,6.50,174,0.79,10.0,25.0,17.0,55
1995-11-19,-2.6,1.0,79,0.00,117,0.42,0.0,7.4,4.4,71
1995-11-20,-4.1,1.2,82,0.00,112,0.40,0.0,11.3,7.8,64
1995-11-21,-2.3,2.2,77,0.00,118,0.39,0.0,10.8,8.6,65
1995-11-22,-0.1,2.6,88,1.90,120,0.31,4.0,11.3,9.1,73
1995-11-23,1.0,3.4,96,8.90,122,0.16,9.0,18.6,12.4,93
1995-11-24,-0.0,2.6,98,1.00,127,0.21,4.0,17.4,11.1,92
1995-11-25,0.2,3.2,96,3.10,134,0.28,7.0,17.8,13.9,82
1995-11-26,-1.1,1.3,93,0.40,132,0.26,3.0,11.6,7.6,82
1995-11-27,-2.6,-0.6,95,3.20,117,0.16,7.0,12.4,6.9,91
1995-11-28,-1.5,-0.7,96,13.20,103,0.14,24.0,11.5,5.4,93
1995-11-29,1.1,5.5,92,15.70,129,0.29,21.0,18.6,10.7,76
1995-11-30,-3.1,0.3,91,0.90,124,0.27,6.0,12.8,6.3,76
1995-12-01,-6.7,-0.9,89,0.00,102,0.20,0.0,13.7,6.1,80
1995-12-02,-7.6,-3.9,81,0.50,155,0.28,3.0,17.9,11.7,55
1995-12-03,-6.3,-1.7,81,1.40,147,0.34,5.0,22.7,18.6,72
1995-12-04,-8.4,-2.2,78,7.30,285,0.29,10.0,19.6,9.9,61
1995-12-05,-16.5,-9.8,80,0.00,123,0.18,0.0,14.8,10.3,61
1995-12-06,-10.9,-8.1,80,4.30,134,0.23,17.0,16.1,12.6,66
1995-12-07,-22.2,-9.0,74,1.40,332,0.12,4.0,17.4,11.9,59
1995-12-08,-29.2,-22.6,72,0.00,90,0.09,0.0,8.8,6.8,54
1995-12-09,-24.2,-17.9,66,0.00,87,0.13,0.0,8.7,5.6,50
1995-12-10,-13.8,-7.8,78,13.30,57,0.10,19.0,7.0,5.2,63
1995-12-11,-9.3,-6.2,83,2.70,29,0.12,9.0,13.5,7.4,77
1995-12-12,-9.4,-6.4,86,2.50,25,0.12,6.0,6.5,4.5,82
1995-12-13,-6.1,-3.9,88,9.60,3,0.14,22.0,6.9,4.3,80
1995-12-14,-6.6,1.1,88,1.20,112,0.24,4.0,21.2,11.3,75
1995-12-15,-1.4,0.1,87,1.50,137,0.24,6.0,19.1,14.9,80
1995-12-16,-7.5,-1.8,91,0.40,128,0.17,2.0,10.7,6.8,82
1995-12-17,-3.7,-0.2,82,0.00,132,0.35,0.0,21.4,17.4,70
1995-12-18,-0.8,0.4,76,0.00,138,0.58,0.0,20.6,17.0,72
1995-12-19,-5.2,-1.2,90,0.00,124,0.19,0.0,12.3,10.5,83
1995-12-20,-6.1,-2.4,91,0.00,125,0.19,0.0,11.8,10.2,82
1995-12-21,-3.6,-0.4,87,0.00,128,0.24,0.0,16.4,12.7,72
1995-12-22,-2.1,-0.7,78,0.00,138,0.41,0.0,17.3,13.6,74
1995-12-23,-8.8,-3.2,84,0.00,120,0.19,0.0,10.9,9.1,74
1995-12-24,-12.1,-6.4,81,0.00,125,0.20,0.0,12.3,10.2,64
1995-12-25,-14.0,-9.6,81,0.00,119,0.17,0.0,11.2,9.9,68
1995-12-26,-14.1,-8.4,80,0.00,121,0.18,0.0,12.2,10.8,71
1995-12-27,-8.3,-4.1,81,0.00,120,0.21,0.0,12.2,9.9,71
1995-12-28,-9.0,-2.0,83,0.00,119,0.21,0.0,16.1,11.0,71
1995-12-29,-2.6,-1.7,81,3.20,137,0.32,12.0,17.6,15.6,77
1995-12-30,-7.8,-2.9,87,0.00,115,0.19,0.0,11.0,8.7,74
1995-12-31,-7.0,-5.1,87,0.00,81,0.19,0.0,7.3,4.1,82
1996-01-01,-7.6,-2.7,88,4.50,109,0.14,7.0,19.4,9.2,84
1996-01-02,-1.4,-0.9,91,15.20,128,0.21,24.0,21.9,12.8,82
1996-01-03,-6.1,-1.1,85,6.20,324,0.21,11.0,18.4,13.7,66
1996-01-04,-17.5,-12.7,78,0.00,331,0.14,0.0,13.3,6.5,64
1996-01-05,-22.4,-18.8,76,0.00,84,0.10,0.0,8.6,5.7,66
1996-01-06,-11.0,-2.9,73,4.00,132,0.40,11.0,22.1,18.2,68
1996-01-07,-4.2,0.8,85,5.30,130,0.32,7.0,19.6,15.1,73
1996-01-08,-2.8,0.5,90,0.60,126,0.27,2.0,16.6,13.6,78
1996-01-09,-3.1,-0.3,91,0.50,129,0.23,4.0,16.3,12.7,82
1996-01-10,-4.0,0.9,85,0.80,140,0.31,6.0,23.3,15.0,70
1996-01-11,0.5,3.3,86,3.20,143,0.42,13.0,22.4,19.4,76
1996-01-12,-0.4,2.2,88,0.80,134,0.29,5.0,21.4,16.9,78
1996-01-13,-1.4,0.4,87,1.30,125,0.24,5.0,16.8,13.3,70
1996-01-14,-10.7,-2.4,78,0.70,334,0.19,4.0,12.5,9.2,69
1996-01-15,-13.4,-12.1,81,9.70,336,0.12,19.0,9.6,6.6,76
1996-01-16,-15.5,-12.9,76,5.30,321,0.18,14.0,12.5,8.8,63
1996-01-17,-23.7,-17.3,72,0.00,353,0.14,0.0,12.5,7.3,56
1996-01-18,-25.6,-20.2,67,0.00,68,0.14,0.0,7.9,5.4,50
1996-01-19,-26.0,-20.7,67,0.00,15,0.14,0.0,7.6,5.0,46
1996-01-20,-26.9,-20.5,63,0.00,66,0.14,0.0,7.7,5.5,44
1996-01-21,-25.7,-19.5,66,0.00,359,0.16,0.0,10.2,6.0,39
1996-01-22,-26.4,-17.5,63,0.00,105,0.16,0.0,11.4,8.4,45
1996-01-23,-17.1,-13.2,72,1.10,48,0.20,11.0,8.0,4.3,57
1996-01-24,-17.5,-14.2,79,0.00,359,0.20,0.0,7.6,5.9,66
1996-01-25,-19.6,-15.0,73,0.30,71,0.16,3.0,6.2,4.2,60
1996-01-26,-19.7,-14.4,77,0.30,31,0.19,3.0,7.0,4.9,59
1996-01-27,-21.6,-14.8,73,0.00,347,0.16,0.0,13.9,8.2,60
1996-01-28,-27.2,-21.4,68,0.00,319,0.15,0.0,13.8,8.7,51
1996-01-29,-30.1,-23.3,63,0.00,19,0.14,0.0,8.2,3.6,43
1996-01-30,-30.0,-20.8,62,0.00,94,0.15,0.0,7.6,5.2,40
1996-01-31,-25.9,-17.0,60,0.00,77,0.20,0.0,6.6,4.0,40
1996-02-01,-21.3,-15.1,64,0.00,44,0.25,0.0,6.1,3.4,46
1996-02-02,-22.7,-15.6,69,0.00,95,0.22,0.0,7.6,6.1,52
1996-02-03,-16.8,-9.1,69,0.00,122,0.36,0.0,11.7,10.8,48
1996-02-04,-9.9,-3.7,66,1.50,130,0.60,4.0,17.1,14.4,55
1996-02-05,-3.4,1.8,73,0.90,136,0.77,3.0,25.5,20.5,66
1996-02-06,-1.0,1.1,85,1.30,138,0.43,8.0,21.5,15.4,73
1996-02-07,-1.9,2.8,86,1.90,136,0.64,8.0,18.9,11.5,65
1996-02-08,0.2,2.8,87,1.70,134,0.57,8.0,18.4,13.1,76
1996-02-09,-3.5,1.8,76,1.70,298,0.67,5.0,18.1,7.4,48
1996-02-10,-8.2,-0.2,68,0.00,118,0.71,0.0,13.2,10.5,46
1996-02-11,-6.0,1.7,71,0.00,125,0.73,0.0,13.7,11.3,50
1996-02-12,-3.5,2.6,76,0.00,119,0.58,0.0,11.5,10.4,60
1996-02-13,0.8,5.1,78,0.00,125,0.64,0.0,14.8,11.3,61
1996-02-14,1.1,4.5,84,0.00,65,0.75,0.0,5.8,3.7,68
1996-02-15,-1.3,4.5,80,0.00,98,0.82,0.0,8.7,6.0,57
1996-02-16,-2.6,4.1,81,0.00,106,0.82,0.0,8.3,6.8,61
1996-02-17,-0.7,4.8,82,1.00,122,0.79,4.0,11.9,9.9,67
1996-02-18,1.9,5.3,86,2.30,133,0.66,12.0,17.1,14.6,71
1996-02-19,0.3,4.5,86,6.20,145,0.82,19.0,13.2,8.9,58
1996-02-20,1.2,4.5,74,0.10,139,1.06,1.0,25.8,19.4,60
1996-02-21,-0.3,3.4,70,1.00,153,1.11,4.0,23.8,16.8,39
1996-02-22,-6.9,0.1,74,0.20,156,0.58,2.0,16.1,6.9,48
1996-02-23,-6.5,-2.7,75,1.30,146,0.68,10.0,17.1,8.0,50
1996-02-24,-9.1,-2.9,70,0.00,348,0.64,0.0,13.1,8.4,52
1996-02-25,-13.8,-6.4,73,0.00,325,0.57,0.0,13.1,10.0,50
1996-02-26,-16.3,-7.5,67,0.00,44,0.69,0.0,7.9,4.4,45
1996-02-27,-15.2,-6.4,65,0.00,8,0.72,0.0,7.5,5.8,44
1996-02-28,-13.3,-4.4,65,0.00,40,0.84,0.0,7.4,4.0,40
1996-02-29,-10.0,-0.6,62,0.00,64,0.96,0.0,4.3,2.9,35
1996-03-01,-8.2,3.8,68,0.00,104,1.10,0.0,9.6,6.9,43
1996-03-02,-6.2,3.4,72,0.00,74,1.16,0.0,10.1,5.8,43
1996-03-03,-6.5,2.2,70,0.00,358,0.86,0.0,14.8,12.2,42
1996-03-04,-13.2,-7.1,63,0.00,344,0.80,0.0,14.1,9.0,42
1996-03-05,-13.8,-4.9,62,0.00,13,0.89,0.0,8.7,3.9,39
1996-03-06,-10.4,-4.1,68,0.40,24,0.92,3.0,9.7,6.9,44
1996-03-07,-10.3,-1.2,71,0.00,15,0.95,0.0,8.7,5.5,48
1996-03-08,-3.5,2.2,78,0.40,123,0.69,4.0,12.0,9.3,54
1996-03-09,2.4,6.4,80,2.00,133,0.88,13.0,17.8,15.6,70
1996-03-10,2.7,9.0,85,0.70,132,1.28,5.0,17.5,14.3,59
1996-03-11,2.0,7.6,90,4.80,122,0.63,12.0,16.1,9.7,64
1996-03-12,-1.1,3.7,90,0.30,96,1.04,2.0,10.5,5.1,63
1996-03-13,-0.5,5.7,80,0.80,130,1.01,3.0,13.4,7.8,56
1996-03-14,3.0,11.3,79,1.00,129,1.60,5.0,15.0,11.4,53
1996-03-15,3.3,10.9,66,1.80,251,1.81,6.0,22.9,14.1,32
1996-03-16,0.0,5.0,69,2.30,248,1.21,15.0,21.1,8.0,33
1996-03-17,-0.3,4.7,80,1.00,279,1.29,9.0,13.7,6.2,40
1996-03-18,0.4,6.7,56,0.00,102,1.76,0.0,18.7,8.9,38
1996-03-19,2.8,7.5,62,1.80,140,2.06,6.0,19.4,16.3,41
1996-03-20,1.1,6.0,68,0.00,136,1.59,0.0,12.3,10.8,48
1996-03-21,0.3,5.7,72,0.10,115,1.29,1.0,8.8,5.7,50
1996-03-22,-3.2,3.0,66,1.00,328,1.34,8.0,14.9,12.3,47
1996-03-23,-8.3,-1.8,53,0.00,331,1.31,0.0,17.0,11.9,37
1996-03-24,-9.3,-0.4,44,0.00,357,1.69,0.0,16.9,8.7,26
1996-03-25,-4.7,4.7,40,0.00,110,1.65,0.0,10.1,6.9,20
1996-03-26,-3.3,4.0,49,0.00,356,1.79,0.0,16.9,10.1,32
1996-03-27,-5.5,1.0,44,0.00,14,1.91,0.0,17.2,8.7,30
1996-03-28,-2.4,1.1,40,0.30,16,1.47,3.0,11.7,5.6,32
1996-03-29,-4.5,-0.7,52,0.50,346,1.54,5.0,13.7,11.0,37
1996-03-30,-6.8,-1.3,51,0.20,354,1.41,2.0,11.3,6.4,37
1996-03-31,-3.5,2.8,54,0.00,77,1.47,0.0,16.1,7.2,41
1996-04-01,0.9,5.6,69,1.10,130,1.66,5.0,26.4,16.7,44
1996-04-02,-0.7,5.3,71,6.40,198,1.80,11.0,22.0,8.7,33
1996-04-03,-2.1,4.6,52,0.00,136,1.64,0.0,16.5,10.1,33
1996-04-04,0.9,8.1,64,0.00,132,1.91,0.0,22.4,15.1,46
1996-04-05,5.8,12.1,62,0.00,139,2.45,0.0,25.4,20.7,47
1996-04-06,5.5,10.4,72,0.00,156,2.29,0.0,26.9,14.1,50
1996-04-07,5.1,10.9,72,0.80,121,1.43,8.0,13.7,8.2,41
1996-04-08,6.3,12.5,80,0.70,135,2.38,7.0,15.3,12.2,40
1996-04-09,6.4,12.0,77,2.00,98,1.56,6.0,8.6,6.0,41
1996-04-10,4.4,8.8,88,2.80,322,1.37,14.0,6.7,4.1,55
1996-04-11,3.1,8.9,82,4.10,61,1.47,9.0,8.0,4.7,53
1996-04-12,2.4,8.5,84,1.20,102,1.92,9.0,7.6,5.6,55
1996-04-13,2.5,9.7,80,1.90,205,2.12,10.0,9.5,5.6,47
1996-04-14,4.3,11.3,68,0.20,120,2.36,2.0,15.5,8.9,36
1996-04-15,8.2,14.0,54,3.30,136,3.21,2.0,24.5,17.3,38
1996-04-16,4.9,11.3,90,6.60,113,1.02,11.0,15.1,8.4,60
1996-04-17,5.0,10.4,66,0.90,143,2.43,7.0,16.1,12.3,36
1996-04-18,3.6,9.5,65,1.20,140,2.29,4.0,11.7,9.1,31
1996-04-19,3.0,9.9,64,1.10,136,2.63,6.0,8.6,5.9,36
1996-04-20,4.7,10.6,57,0.10,352,2.86,1.0,9.4,4.1,36
1996-04-21,4.5,11.5,67,0.10,63,2.81,1.0,8.7,2.9,30
1996-04-22,5.5,11.6,54,0.00,127,3.00,0.0,26.6,11.7,30
1996-04-23,5.2,9.9,78,5.80,134,1.54,20.0,21.6,15.6,42
1996-04-24,4.3,7.4,78,5.90,165,1.19,18.0,19.6,14.5,42
1996-04-25,3.1,7.2,59,0.70,147,1.86,6.0,28.7,12.0,41
1996-04-26,2.7,8.0,57,2.90,174,2.65,4.0,22.8,12.0,29
1996-04-27,2.7,8.7,53,1.30,278,2.75,6.0,11.5,8.0,32
1996-04-28,3.7,8.8,57,0.10,146,2.38,1.0,20.8,10.2,32
1996-04-29,3.9,10.2,60,1.20,151,2.82,10.0,22.6,12.0,36
1996-04-30,3.2,10.0,50,1.50,297,2.85,2.0,11.5,7.7,25
1996-05-01,3.1,8.4,52,0.50,337,3.09,5.0,8.6,6.0,25
1996-05-02,2.8,8.3,66,0.20,336,2.33,1.0,12.1,7.8,34
1996-05-03,3.6,9.2,72,2.30,332,2.52,10.0,9.1,4.1,44
1996-05-04,4.2,10.3,70,1.10,319,2.75,7.0,8.5,5.0,37
1996-05-05,4.4,9.6,68,0.20,197,2.67,2.0,9.1,7.0,37
1996-05-06,2.9,8.8,74,2.60,309,1.87,10.0,16.2,7.3,39
1996-05-07,-0.0,3.4,50,0.10,350,2.15,1.0,16.2,11.9,37
1996-05-08,0.2,4.1,49,0.70,336,2.29,5.0,8.7,5.8,38
1996-05-09,1.1,6.3,65,2.20,298,2.69,9.0,4.2,2.9,39
1996-05-10,1.8,7.5,62,0.30,344,2.66,3.0,6.9,4.2,38
1996-05-11,3.2,8.3,59,0.50,82,2.68,2.0,9.3,4.3,34
1996-05-12,6.5,15.1,61,0.40,130,2.85,4.0,13.1,9.2,37
1996-05-13,8.5,14.5,80,4.90,122,2.62,22.0,12.5,7.3,46
1996-05-14,7.0,12.2,87,8.60,204,2.37,21.0,7.9,2.8,57
1996-05-15,5.9,11.9,77,5.80,170,2.95,11.0,10.5,6.1,32
1996-05-16,6.7,11.9,55,0.30,156,3.46,2.0,12.2,9.1,30
1996-05-17,5.5,11.8,69,2.70,51,1.76,6.0,13.0,6.2,30
1996-05-18,7.7,13.7,71,0.90,137,2.99,8.0,15.8,12.1,38
1996-05-19,7.1,12.6,76,5.70,128,2.93,17.0,11.0,5.3,43
1996-05-20,6.6,12.1,73,2.80,144,2.89,13.0,11.2,6.3,40
1996-05-21,6.6,12.4,64,1.20,125,3.37,4.0,11.0,7.4,35
1996-05-22,8.5,13.9,60,0.10,342,2.91,1.0,10.9,5.1,37
1996-05-23,9.9,16.2,74,4.40,282,3.18,17.0,8.6,4.9,43
1996-05-24,10.7,18.0,79,3.80,146,3.37,9.0,8.4,4.4,36
1996-05-25,11.4,17.9,67,6.30,130,2.65,9.0,13.5,9.0,35
1996-05-26,7.5,11.5,57,0.60,315,3.17,2.0,12.9,8.2,32
1996-05-27,7.2,12.3,47,0.10,329,4.00,1.0,11.1,8.8,31
1996-05-28,7.6,12.6,53,4.20,341,3.57,4.0,12.6,10.3,33
1996-05-29,7.6,14.4,69,0.60,337,3.27,3.0,7.7,5.2,44
1996-05-30,8.1,14.2,79,7.70,317,2.04,19.0,14.0,8.0,44
1996-05-31,9.6,14.8,75,1.10,320,2.58,11.0,13.0,9.9,57
1996-06-01,10.8,17.9,78,0.80,123,3.46,7.0,8.0,4.9,46
1996-06-02,12.5,19.0,70,2.10,132,4.05,7.0,8.4,6.4,33
1996-06-03,14.6,21.4,58,0.10,136,4.59,1.0,10.5,8.7,35
1996-06-04,13.5,20.9,59,4.70,205,3.85,9.0,11.3,7.0,37
1996-06-05,9.5,15.1,66,4.30,285,3.05,4.0,9.5,5.2,37
1996-06-06,12.7,19.5,49,1.60,141,4.19,6.0,17.6,12.3,36
1996-06-07,13.0,19.8,55,0.00,174,4.71,0.0,14.4,9.2,26
1996-06-08,11.5,18.8,53,0.80,255,4.27,7.0,15.9,8.7,25
1996-06-09,10.0,16.1,45,0.60,213,4.12,6.0,15.5,9.0,25
1996-06-10,10.1,16.3,48,0.20,165,4.33,1.0,18.1,11.9,31
1996-06-11,8.3,13.4,71,5.10,262,3.19,14.0,9.1,5.3,30
1996-06-12,10.0,16.2,54,0.00,257,3.77,0.0,10.2,5.9,30
1996-06-13,11.6,17.2,55,0.00,257,4.34,0.0,8.5,5.7,32
1996-06-14,10.1,16.3,67,1.20,293,3.71,5.0,10.8,4.8,36
1996-06-15,11.1,16.6,60,0.10,172,3.75,1.0,13.6,5.2,30
1996-06-16,8.0,14.6,62,3.70,211,3.80,9.0,18.0,7.2,29
1996-06-17,8.3,14.3,63,3.30,333,2.34,11.0,11.5,6.6,29
1996-06-18,6.6,10.6,77,3.00,295,2.19,20.0,12.9,9.5,65
1996-06-19,8.6,14.2,76,4.40,294,2.62,12.0,13.6,8.2,52
1996-06-20,10.5,16.0,74,1.00,322,3.12,7.0,9.1,4.9,41
1996-06-21,11.3,17.1,66,0.30,317,4.19,3.0,9.0,5.1,41
1996-06-22,12.3,18.2,68,0.60,359,4.23,3.0,9.9,3.5,39
1996-06-23,11.6,17.6,80,13.20,9,2.87,18.0,5.8,2.6,41
1996-06-24,10.9,14.7,84,12.30,71,2.37,22.0,7.2,3.6,61
1996-06-25,11.5,16.3,77,4.00,138,3.28,15.0,8.4,5.2,55
1996-06-26,11.8,18.0,79,1.10,145,3.71,8.0,11.1,9.1,44
1996-06-27,12.9,18.3,67,0.70,162,4.17,6.0,9.0,5.4,38
1996-06-28,11.0,17.6,75,2.70,280,3.30,17.0,10.5,5.8,40
1996-06-29,10.6,15.7,59,1.20,276,3.25,2.0,10.8,6.3,35
1996-06-30,12.9,19.5,62,0.00,126,3.52,0.0,10.8,7.5,37
1996-07-01,12.6,18.6,76,2.10,316,3.46,8.0,9.0,4.9,42
1996-07-02,11.6,17.0,67,0.40,8,2.59,3.0,8.9,5.1,40
1996-07-03,12.4,19.8,82,4.70,148,3.32,10.0,13.3,7.2,43
1996-07-04,11.7,18.6,69,6.70,289,3.58,15.0,10.3,5.3,37
1996-07-05,9.5,16.6,60,1.20,258,3.64,4.0,19.2,9.0,25
1996-07-06,12.1,20.7,48,0.00,278,5.09,0.0,16.2,8.7,23
1996-07-07,15.0,22.1,52,0.00,334,5.28,0.0,12.5,6.1,23
1996-07-08,17.9,26.7,59,0.00,98,5.35,0.0,11.1,6.5,27
1996-07-09,15.9,26.3,70,1.00,311,3.53,5.0,13.2,9.4,27
1996-07-10,12.6,18.1,49,0.00,306,4.24,0.0,15.8,10.3,32
1996-07-11,13.7,21.2,55,0.00,316,4.84,0.0,11.3,5.7,32
1996-07-12,17.1,23.5,57,0.00,334,5.02,0.0,10.9,4.7,31
1996-07-13,17.5,25.4,52,0.00,333,5.53,0.0,11.0,7.3,28
1996-07-14,19.1,25.6,52,0.00,344,5.67,0.0,9.7,7.0,27
1996-07-15,18.7,25.5,45,0.00,348,5.37,0.0,10.1,8.7,27
1996-07-16,15.1,22.7,46,0.30,326,3.52,3.0,14.7,9.3,27
1996-07-17,10.8,14.3,81,6.80,20,1.46,12.0,6.4,4.1,56
1996-07-18,10.8,15.4,85,16.30,169,3.13,22.0,10.8,7.1,45
1996-07-19,10.6,15.6,66,0.70,172,3.74,4.0,15.8,9.2,41
1996-07-20,9.6,15.3,85,16.60,173,1.56,23.0,13.7,7.4,42
1996-07-21,12.0,18.4,76,0.40,323,3.08,4.0,6.9,3.5,39
1996-07-22,14.9,21.8,63,0.00,69,4.21,0.0,9.7,4.6,38
1996-07-23,15.8,22.7,60,0.00,347,4.99,0.0,10.3,7.2,34
1996-07-24,17.3,24.1,56,0.00,344,5.26,0.0,9.2,7.6,30
1996-07-25,17.1,23.8,59,0.00,337,5.17,0.0,12.6,9.8,31
1996-07-26,17.3,24.5,56,0.00,339,5.26,0.0,11.4,7.1,28
1996-07-27,18.9,26.9,49,0.00,353,5.37,0.0,8.3,5.3,24
1996-07-28,21.1,30.7,50,0.00,80,5.51,0.0,10.5,5.9,20
1996-07-29,21.9,30.7,52,1.70,117,4.92,2.0,11.1,5.2,20
1996-07-30,18.9,26.2,55,0.40,203,4.82,4.0,17.4,8.8,29
1996-07-31,13.6,21.2,47,0.00,292,4.84,0.0,18.1,9.0,24
1996-08-01,15.4,21.5,51,0.00,347,4.41,0.0,11.0,6.5,23
1996-08-02,11.9,17.5,78,5.40,313,2.31,18.0,15.1,9.0,42
1996-08-03,12.0,16.1,70,1.10,281,2.64,4.0,12.1,6.0,40
1996-08-04,10.7,15.0,75,7.70,276,2.06,13.0,10.7,6.2,52
1996-08-05,8.5,12.9,88,9.70,304,1.21,16.0,16.1,10.4,61
1996-08-06,12.6,21.8,70,0.00,206,3.87,0.0,12.0,7.3,26
1996-08-07,14.7,22.3,50,0.00,346,4.53,0.0,12.6,6.1,24
1996-08-08,17.2,25.3,56,0.00,126,4.55,0.0,9.8,7.6,30
1996-08-09,17.6,25.6,54,0.00,313,4.56,0.0,9.9,6.4,30
1996-08-10,17.5,23.8,55,0.00,10,3.81,0.0,9.1,5.6,30
1996-08-11,18.3,26.7,61,1.10,115,4.34,1.0,20.1,7.6,23
1996-08-12,12.7,20.3,73,14.30,231,3.54,9.0,16.5,6.1,34
1996-08-13,15.4,22.7,62,0.00,32,4.16,0.0,6.2,3.7,35
1996-08-14,16.7,24.7,62,0.00,4,4.43,0.0,9.3,5.6,32
1996-08-15,15.8,24.1,68,1.80,356,3.43,2.0,12.0,5.2,33
1996-08-16,12.9,20.4,72,4.30,238,2.84,13.0,12.1,5.4,38
1996-08-17,8.9,14.7,82,10.30,186,1.98,14.0,10.5,5.3,55
1996-08-18,9.7,14.8,79,2.30,193,2.65,12.0,6.4,4.0,43
1996-08-19,10.9,14.7,77,9.20,143,1.95,15.0,11.9,8.0,45
1996-08-20,8.9,15.0,82,5.30,192,2.49,15.0,9.1,5.6,40
1996-08-21,10.5,15.3,70,0.00,160,2.26,0.0,11.5,6.3,39
1996-08-22,12.6,21.9,68,0.40,136,2.77,1.0,12.9,9.2,41
1996-08-23,16.6,23.1,65,0.00,151,3.86,0.0,8.3,4.5,37
1996-08-24,16.0,23.8,62,0.00,347,4.17,0.0,12.9,7.0,36
1996-08-25,17.5,25.9,65,0.00,3,4.08,0.0,8.5,4.9,35
1996-08-26,18.9,27.2,67,0.00,67,3.97,0.0,5.2,3.6,29
1996-08-27,20.5,29.7,59,0.00,87,4.25,0.0,8.1,5.2,26
1996-08-28,19.6,29.2,63,0.00,105,3.09,0.0,11.1,6.6,29
1996-08-29,19.5,26.4,62,0.00,137,4.09,0.0,11.5,8.8,32
1996-08-30,17.9,26.3,63,11.90,129,2.56,5.0,19.7,11.4,33
1996-08-31,11.2,15.6,74,5.90,249,2.11,12.0,18.6,8.0,37
1996-09-01,11.2,15.6,54,0.00,288,2.77,0.0,17.5,11.0,35
1996-09-02,11.2,16.7,58,0.00,157,2.71,0.0,6.6,3.7,36
1996-09-03,10.0,16.5,72,5.20,67,1.62,7.0,9.1,5.8,37
1996-09-04,7.4,9.7,97,18.90,15,1.02,23.0,8.0,5.1,75
1996-09-05,7.6,12.8,83,2.90,187,2.02,12.0,6.2,4.0,51
1996-09-06,6.5,11.0,86,5.10,151,1.61,16.0,13.1,7.8,53
1996-09-07,7.9,13.4,85,12.90,142,1.14,22.0,15.6,10.6,58
1996-09-08,9.0,14.7,85,6.20,136,2.12,17.0,10.7,7.7,52
1996-09-09,9.9,15.1,76,0.00,358,2.17,0.0,6.4,3.9,47
1996-09-10,11.8,20.0,72,0.00,101,2.86,0.0,10.3,5.8,39
1996-09-11,14.9,24.0,62,0.00,120,3.56,0.0,15.6,10.2,33
1996-09-12,15.0,23.6,66,2.00,117,2.37,4.0,14.5,9.4,36
1996-09-13,13.0,18.5,83,0.90,120,1.79,7.0,16.4,9.2,59
1996-09-14,11.0,16.4,77,5.40,139,2.00,12.0,15.6,12.7,47
1996-09-15,7.8,13.3,86,10.30,106,0.77,17.0,10.8,7.2,54
1996-09-16,7.1,12.5,86,8.70,168,1.74,20.0,6.8,5.4,40
1996-09-17,7.2,13.4,75,0.00,114,2.14,0.0,6.2,4.6,39
1996-09-18,8.0,13.2,71,0.40,129,1.64,2.0,7.6,5.7,39
1996-09-19,7.1,11.0,81,1.30,310,1.66,7.0,13.5,7.4,36
1996-09-20,6.1,10.7,69,0.70,132,1.56,6.0,10.3,5.0,37
1996-09-21,3.3,7.8,88,3.70,143,1.39,7.0,7.7,4.0,56
1996-09-22,3.7,8.5,72,0.60,309,1.65,6.0,10.3,6.6,32
1996-09-23,4.1,9.3,63,0.00,107,1.98,0.0,8.9,4.5,31
1996-09-24,4.0,10.3,74,0.00,88,1.76,0.0,6.1,4.3,38
1996-09-25,4.1,9.6,78,2.00,24,0.96,5.0,7.4,3.4,46
1996-09-26,7.5,19.0,87,1.00,112,1.72,3.0,7.5,5.4,54
1996-09-27,10.7,18.6,83,0.00,118,1.83,0.0,7.6,5.5,48
1996-09-28,11.6,17.9,75,0.40,342,1.44,3.0,8.7,4.1,54
1996-09-29,9.3,14.7,71,0.20,341,1.76,2.0,10.5,7.0,39
1996-09-30,4.8,10.3,59,0.00,5,1.74,0.0,12.2,7.3,36
1996-10-01,2.0,7.2,62,0.00,342,1.78,0.0,13.3,6.8,37
1996-10-02,5.6,9.6,54,0.20,125,1.75,2.0,18.3,12.3,40
1996-10-03,7.4,12.5,71,1.10,135,1.58,7.0,19.2,16.2,55
1996-10-04,8.4,11.6,90,13.80,128,0.78,19.0,18.4,10.6,72
1996-10-05,5.8,9.4,83,0.60,330,1.32,5.0,6.9,4.0,46
1996-10-06,6.0,11.6,74,0.50,129,1.16,3.0,14.8,9.6,48
1996-10-07,7.9,14.5,77,2.90,132,1.55,9.0,14.3,10.4,53
1996-10-08,9.2,14.2,74,0.20,115,1.58,2.0,9.5,3.9,51
1996-10-09,10.7,18.8,72,0.00,123,1.90,0.0,16.1,10.4,46
1996-10-10,12.0,17.7,66,0.20,144,2.14,1.0,17.5,14.6,48
1996-10-11,7.0,15.0,71,3.40,325,1.38,6.0,12.5,6.6,45
1996-10-12,4.6,10.2,74,0.00,124,1.16,0.0,22.4,9.9,47
1996-10-13,6.4,11.1,78,3.60,148,1.46,12.0,17.1,14.9,45
1996-10-14,4.1,9.2,79,1.60,139,1.02,10.0,28.9,13.4,52
1996-10-15,1.9,6.0,71,3.10,205,0.97,3.0,17.3,7.8,47
1996-10-16,-1.0,3.6,70,0.00,242,1.01,0.0,9.2,5.4,34
1996-10-17,-1.1,2.5,66,0.90,118,0.81,3.0,22.2,13.1,44
1996-10-18,0.6,4.9,72,3.40,135,1.02,11.0,25.5,19.4,63
1996-10-19,-0.3,3.6,83,2.20,320,0.77,12.0,7.2,5.3,59
1996-10-20,-1.7,2.0,80,1.30,134,0.68,6.0,17.1,9.7,54
1996-10-21,0.8,3.1,73,9.10,138,0.90,20.0,26.0,21.6,66
1996-10-22,0.9,5.1,83,0.90,136,0.60,8.0,20.4,12.9,65
1996-10-23,0.1,4.4,85,1.20,127,0.50,10.0,20.8,9.8,70
1996-10-24,0.3,4.4,83,3.60,154,0.87,12.0,20.7,10.3,40
1996-10-25,-0.8,3.1,72,0.00,11,0.78,0.0,13.7,7.0,51
1996-10-26,-1.9,1.2,78,0.00,104,0.48,0.0,12.3,8.8,61
1996-10-27,0.4,2.5,89,23.20,132,0.26,24.0,13.2,12.2,74
1996-10-28,1.5,4.1,92,12.10,104,0.55,19.0,15.5,10.1,78
1996-10-29,-7.1,2.1,62,0.00,335,0.81,0.0,20.1,13.6,42
1996-10-30,-7.2,-1.4,70,0.00,46,0.68,0.0,8.0,4.4,51
1996-10-31,-4.7,2.0,78,0.00,110,0.69,0.0,9.7,7.9,61
1996-11-01,-2.5,4.4,79,0.00,113,0.71,0.0,11.6,9.3,60
1996-11-02,1.3,3.7,81,0.40,125,0.53,3.0,11.2,9.8,69
1996-11-03,0.3,2.9,89,4.50,137,0.40,12.0,12.6,9.0,81
1996-11-04,-3.1,1.7,87,0.10,107,0.54,1.0,10.0,5.5,53
1996-11-05,-2.5,1.1,79,0.10,122,0.53,1.0,15.1,10.5,58
1996-11-06,-2.6,1.1,80,8.50,135,0.45,22.0,16.4,10.3,58
1996-11-07,-4.3,-0.9,65,0.90,128,0.52,4.0,19.1,10.0,51
1996-11-08,-1.7,-0.5,89,19.30,126,0.30,24.0,21.6,11.6,74
1996-11-09,-0.2,2.9,95,4.90,111,0.30,10.0,12.0,8.0,87
1996-11-10,1.3,2.4,94,9.60,84,0.20,18.0,10.9,6.6,90
1996-11-11,-0.2,3.3,93,7.70,7,0.31,13.0,7.9,4.9,84
1996-11-12,1.6,5.5,91,0.60,108,0.50,2.0,10.1,7.9,80
1996-11-13,1.5,4.1,94,11.50,61,0.17,15.0,11.6,7.2,87
1996-11-14,-2.5,0.1,92,0.90,315,0.24,5.0,13.0,7.8,81
1996-11-15,-8.0,-1.6,82,0.00,317,0.29,0.0,14.8,13.2,63
1996-11-16,-13.3,-11.0,79,3.90,329,0.18,21.0,11.7,8.3,67
1996-11-17,-14.0,-13.3,79,3.80,328,0.19,23.0,14.1,8.9,67
1996-11-18,-17.7,-14.9,77,1.50,313,0.20,7.0,11.2,6.9,64
1996-11-19,-21.2,-16.9,77,0.00,355,0.16,0.0,10.6,7.0,57
1996-11-20,-19.1,-17.1,75,1.10,255,0.17,11.0,8.9,3.5,59
1996-11-21,-22.3,-17.9,76,0.00,14,0.14,0.0,7.0,4.7,63
1996-11-22,-24.4,-20.4,75,0.00,357,0.12,0.0,7.9,5.5,63
1996-11-23,-24.2,-16.0,72,0.00,68,0.14,0.0,7.3,5.4,60
1996-11-24,-14.6,-5.9,78,0.90,117,0.23,7.0,12.6,10.8,70
1996-11-25,-7.4,-5.6,86,1.70,110,0.26,8.0,10.0,6.1,78
1996-11-26,-9.1,-2.1,86,2.80,118,0.20,8.0,15.8,11.6,81
1996-11-27,-2.1,-0.6,87,6.20,134,0.35,9.0,18.8,14.1,82
1996-11-28,-6.6,-2.6,89,0.00,359,0.21,0.0,11.2,8.2,77
1996-11-29,-10.2,-5.3,88,0.00,113,0.18,0.0,11.8,7.5,76
1996-11-30,-5.2,-1.1,84,2.40,127,0.28,9.0,18.5,14.8,75
1996-12-01,-1.8,-0.7,83,7.00,147,0.35,16.0,19.5,14.9,61
1996-12-02,-11.0,-2.5,75,0.80,116,0.22,6.0,13.2,8.8,63
1996-12-03,-10.7,-7.7,87,0.50,119,0.17,4.0,12.5,5.8,77
1996-12-04,-6.1,-2.7,74,1.40,137,0.55,8.0,30.0,23.2,60
1996-12-05,-7.0,-4.4,86,1.40,134,0.24,4.0,17.7,12.9,74
1996-12-06,-7.3,-4.0,87,0.00,127,0.22,0.0,13.6,12.5,76
1996-12-07,-7.5,-3.9,85,0.40,119,0.19,2.0,13.3,12.0,71
1996-12-08,-8.1,-4.1,86,1.20,125,0.22,4.0,15.8,10.2,75
1996-12-09,-9.0,-3.2,84,0.70,127,0.25,6.0,19.1,13.1,66
1996-12-10,-4.1,-0.6,74,0.20,128,0.48,1.0,18.4,15.4,69
1996-12-11,-7.6,-3.3,87,1.30,124,0.19,6.0,15.3,10.0,75
1996-12-12,-5.9,-4.8,83,1.00,136,0.26,8.0,17.3,13.1,78
1996-12-13,-10.7,-7.0,83,0.10,100,0.16,1.0,11.6,9.3,71
1996-12-14,-10.4,-5.8,86,2.90,132,0.16,12.0,17.8,9.9,74
1996-12-15,-4.4,-2.3,79,3.80,148,0.44,10.0,23.1,15.4,53
1996-12-16,-11.0,-5.1,81,0.00,332,0.19,0.0,13.5,6.8,69
1996-12-17,-16.6,-11.0,78,0.00,101,0.11,0.0,9.2,6.0,68
1996-12-18,-10.0,-6.9,78,2.30,127,0.20,16.0,12.9,9.7,72
1996-12-19,-8.5,-5.4,84,4.30,127,0.17,6.0,14.6,11.3,76
1996-12-20,-8.5,-5.8,88,8.20,129,0.17,10.0,12.1,8.6,74
1996-12-21,-16.1,-8.0,76,1.40,311,0.15,14.0,14.0,12.3,67
1996-12-22,-23.4,-21.1,70,2.30,311,0.11,22.0,11.5,10.0,61
1996-12-23,-26.1,-23.0,71,0.40,326,0.07,4.0,9.1,4.6,61
1996-12-24,-24.0,-18.8,71,0.40,83,0.10,4.0,7.0,4.4,58
1996-12-25,-24.9,-21.4,72,0.00,360,0.09,0.0,10.2,5.7,56
1996-12-26,-28.9,-23.0,68,0.00,72,0.07,0.0,4.7,3.8,53
1996-12-27,-31.4,-26.6,66,0.00,41,0.06,0.0,4.8,3.4,53
1996-12-28,-34.1,-28.4,65,0.00,59,0.05,0.0,4.8,3.2,52
1996-12-29,-33.9,-28.2,63,2.50,70,0.04,7.0,7.0,4.7,55
1996-12-30,-25.6,-20.0,70,7.20,94,0.07,15.0,9.2,5.9,62
1996-12-31,-16.4,-10.0,79,5.60,77,0.14,12.0,11.3,5.6,73
1997-01-01,-1.3,2.3,86,5.60,131,0.32,13.0,24.7,16.8,80
1997-01-02,-0.5,2.0,88,3.00,129,0.27,9.0,18.7,14.3,78
1997-01-03,-3.1,-0.0,87,0.90,145,0.27,6.0,16.2,10.4,55
1997-01-04,-10.4,-5.7,81,0.60,129,0.20,3.0,11.5,8.5,65
1997-01-05,-15.8,-9.3,81,0.00,118,0.16,0.0,17.3,9.4,71
1997-01-06,-6.3,-4.0,81,5.50,135,0.30,10.0,21.8,17.2,75
1997-01-07,-7.1,-4.1,87,1.50,124,0.17,3.0,14.0,10.8,78
1997-01-08,-4.3,-1.5,90,8.80,126,0.16,24.0,10.2,6.9,86
1997-01-09,-1.1,0.1,97,18.70,127,0.13,24.0,8.4,7.3,95
1997-01-10,-0.1,0.8,95,10.80,4,0.18,17.0,8.8,6.3,87
1997-01-11,-2.8,0.1,93,0.00,340,0.20,0.0,8.8,5.4,83
1997-01-12,-5.8,-3.1,89,0.00,107,0.26,0.0,8.4,5.8,76
1997-01-13,-9.3,-4.3,85,0.00,97,0.22,0.0,6.9,4.3,72
1997-01-14,-12.7,-7.7,80,0.00,82,0.20,0.0,6.2,4.3,71
1997-01-15,-14.0,-10.6,82,0.00,33,0.20,0.0,8.0,4.6,71
1997-01-16,-15.5,-7.4,77,0.00,110,0.21,0.0,15.1,8.8,61
1997-01-17,-4.9,-1.6,68,0.70,137,0.63,3.0,19.2,16.1,59
1997-01-18,-7.1,-2.5,87,0.00,114,0.22,0.0,11.8,10.0,80
1997-01-19,-3.2,-0.5,91,6.50,110,0.23,20.0,9.0,7.7,85
1997-01-20,-1.0,0.6,93,1.30,100,0.24,3.0,11.8,7.2,87
1997-01-21,-1.9,-0.4,93,0.00,317,0.24,0.0,7.9,6.4,80
1997-01-22,-5.7,-2.7,90,0.50,122,0.25,2.0,7.4,4.3,76
1997-01-23,-10.7,-4.1,81,1.10,319,0.21,5.0,15.1,12.1,65
1997-01-24,-23.8,-17.6,69,0.00,318,0.18,0.0,14.5,11.3,54
1997-01-25,-29.1,-24.3,68,0.00,347,0.12,0.0,8.9,4.5,56
1997-01-26,-31.1,-24.0,64,0.00,90,0.12,0.0,9.8,6.7,51
1997-01-27,-19.7,-11.6,60,0.00,113,0.28,0.0,12.6,11.3,54
1997-01-28,-9.5,-5.1,69,4.00,131,0.50,11.0,16.3,12.5,53
1997-01-29,-3.9,1.1,79,0.70,132,0.53,6.0,22.5,17.4,73
1997-01-30,0.8,5.4,82,4.60,139,0.72,8.0,23.8,18.5,57
1997-01-31,-2.8,3.7,78,0.00,166,0.55,0.0,12.5,7.1,64
1997-02-01,-4.9,-1.3,84,1.70,115,0.26,6.0,10.9,9.6,77
1997-02-02,-7.3,-1.5,85,0.00,107,0.48,0.0,8.8,6.1,61
1997-02-03,-9.9,-3.6,82,0.00,108,0.42,0.0,10.2,7.6,66
1997-02-04,-8.9,-3.8,79,0.00,121,0.49,0.0,12.7,10.8,63
1997-02-05,-10.2,-4.4,77,0.00,107,0.46,0.0,9.0,7.0,62
1997-02-06,-9.4,-2.0,72,0.00,118,0.58,0.0,11.9,9.9,50
1997-02-07,-6.5,-1.5,77,0.00,117,0.45,0.0,11.5,7.5,60
1997-02-08,-5.9,-2.3,78,0.00,98,0.45,0.0,7.2,5.3,64
1997-02-09,-7.2,-2.1,77,0.00,79,0.55,0.0,4.6,2.6,64
1997-02-10,-7.8,-2.9,76,0.00,85,0.56,0.0,6.6,4.3,60
1997-02-11,-8.3,-3.4,78,0.70,99,0.37,4.0,14.6,6.7,68
1997-02-12,-4.0,0.3,84,6.30,139,0.46,19.0,14.0,8.1,61
1997-02-13,-4.3,0.6,82,2.10,123,0.61,6.0,12.5,8.1,65
1997-02-14,-1.9,1.8,88,5.60,129,0.58,13.0,12.6,10.1,73
1997-02-15,-0.1,3.7,88,8.00,126,0.46,11.0,15.8,11.8,72
1997-02-16,2.7,6.3,76,0.00,138,1.05,0.0,19.9,18.1,57
1997-02-17,0.9,4.9,82,2.50,152,0.88,7.0,17.6,8.6,61
1997-02-18,-2.7,2.7,84,1.60,134,0.49,6.0,19.7,8.9,73
1997-02-19,-1.5,2.6,82,0.00,146,0.86,0.0,21.2,13.3,52
1997-02-20,-1.8,2.4,80,4.10,160,0.61,15.0,10.9,8.0,54
1997-02-21,-2.7,2.0,81,0.00,189,0.83,0.0,8.5,3.7,55
1997-02-22,-2.7,3.3,78,0.10,107,0.67,1.0,5.2,3.2,48
1997-02-23,-0.7,6.2,79,0.00,84,1.05,0.0,4.4,2.5,49
1997-02-24,-1.7,5.6,79,0.00,119,0.92,0.0,12.1,7.8,56
1997-02-25,-0.4,3.3,79,1.00,337,0.96,3.0,10.2,5.9,55
1997-02-26,-2.3,0.8,78,1.10,320,0.73,8.0,14.5,6.6,56
1997-02-27,-5.7,-1.1,76,0.00,328,0.89,0.0,11.5,8.8,50
1997-02-28,-7.9,-1.1,72,0.40,131,0.75,2.0,9.2,7.4,55
1997-03-01,-3.2,-0.3,77,2.60,119,0.69,10.0,20.2,14.8,65
1997-03-02,-3.3,-0.8,85,5.70,85,0.40,16.0,16.2,8.5,74
1997-03-03,-8.6,-4.7,79,3.90,319,0.54,10.0,10.4,9.4,61
1997-03-04,-11.8,-6.0,71,0.00,331,0.83,0.0,10.5,5.7,43
1997-03-05,-9.8,-1.9,73,0.00,113,0.83,0.0,12.0,8.5,49
1997-03-06,-3.4,2.5,76,1.60,128,0.96,7.0,16.2,13.1,56
1997-03-07,-1.0,2.3,80,2.60,144,0.90,10.0,19.4,13.6,50
1997-03-08,-4.6,1.2,66,0.00,225,1.18,0.0,12.7,6.9,40
1997-03-09,-1.3,4.6,66,2.60,137,1.34,7.0,22.7,16.9,44
1997-03-10,-1.4,3.8,66,0.20,221,1.29,2.0,14.8,9.6,45
1997-03-11,-4.5,1.3,67,0.00,62,1.26,0.0,8.2,5.3,36
1997-03-12,-6.9,0.7,73,0.60,346,0.65,6.0,12.5,9.4,45
1997-03-13,-11.7,-7.7,73,0.00,305,0.75,0.0,10.5,7.1,55
1997-03-14,-12.5,-5.8,68,0.00,350,1.02,0.0,6.8,3.5,47
1997-03-15,-11.0,-3.4,65,0.00,103,1.01,0.0,10.8,7.4,48
1997-03-16,-8.4,-0.5,75,0.00,132,1.02,0.0,9.7,6.0,47
1997-03-17,-5.5,4.3,72,0.00,106,1.26,0.0,20.9,10.3,51
1997-03-18,3.0,7.6,76,2.10,139,1.41,10.0,24.5,20.8,61
1997-03-19,4.0,8.6,83,1.40,137,1.24,3.0,21.7,17.3,67
1997-03-20,0.2,7.2,76,4.00,176,1.55,7.0,15.8,9.2,32
1997-03-21,-3.0,3.9,67,0.40,155,1.04,2.0,18.2,10.7,35
1997-03-22,-2.8,3.3,76,0.10,134,1.15,1.0,17.9,12.5,56
1997-03-23,-0.4,3.3,72,2.10,216,1.22,10.0,17.7,11.6,48
1997-03-24,-1.7,3.0,73,2.90,128,0.78,6.0,18.7,11.2,53
1997-03-25,2.7,8.9,73,0.00,144,1.68,0.0,21.4,18.6,50
1997-03-26,0.5,8.6,71,0.30,184,1.82,1.0,17.1,6.7,43
1997-03-27,-0.9,4.5,74,0.10,158,1.46,1.0,18.1,7.7,37
1997-03-28,-0.2,4.4,67,2.20,188,1.72,9.0,14.3,10.0,37
1997-03-29,0.8,5.7,59,0.70,159,1.71,4.0,22.0,16.1,37
1997-03-30,1.7,6.4,62,0.00,146,1.87,0.0,18.5,15.9,43
1997-03-31,0.9,5.1,68,2.50,167,1.49,12.0,18.0,13.8,38
1997-04-01,-2.1,3.3,59,0.00,293,1.84,0.0,16.1,8.6,37
1997-04-02,0.1,8.1,59,0.00,144,1.93,0.0,19.3,12.8,32
1997-04-03,-0.8,8.1,58,1.10,305,1.74,3.0,21.9,16.1,39
1997-04-04,-3.0,2.9,58,0.10,347,2.00,1.0,22.3,11.8,35
1997-04-05,-1.6,3.8,54,0.00,7,2.29,0.0,10.6,4.4,31
1997-04-06,-0.6,5.7,56,0.00,353,2.32,0.0,11.1,6.4,38
1997-04-07,-0.0,6.1,58,0.00,354,2.44,0.0,11.2,6.9,35
1997-04-08,-0.4,6.1,54,0.00,343,2.41,0.0,14.2,8.2,36
1997-04-09,0.8,6.6,55,0.00,358,2.51,0.0,13.4,7.7,32
1997-04-10,0.0,6.2,57,0.00,2,2.61,0.0,11.2,5.4,32
1997-04-11,1.5,7.8,53,0.00,117,2.62,0.0,10.1,6.1,31
1997-04-12,2.3,9.0,54,0.00,129,2.65,0.0,12.9,10.1,31
1997-04-13,2.9,8.1,61,1.40,138,1.80,6.0,14.8,12.2,38
1997-04-14,1.1,7.0,61,0.60,167,2.20,4.0,8.5,5.9,43
1997-04-15,3.3,9.3,63,0.00,138,2.04,0.0,22.5,16.7,42
1997-04-16,6.4,11.6,72,3.50,149,2.09,8.0,23.4,19.4,42
1997-04-17,2.5,8.6,64,1.80,189,2.29,4.0,13.2,7.8,36
1997-04-18,2.2,7.2,54,0.30,324,2.39,1.0,11.3,5.2,30
1997-04-19,2.9,8.8,58,0.00,102,2.28,0.0,19.1,8.7,40
1997-04-20,2.8,7.4,84,18.70,130,1.07,15.0,17.4,9.5,52
1997-04-21,0.8,6.3,77,1.40,296,2.40,5.0,7.1,3.7,53
1997-04-22,2.5,9.3,63,0.00,67,2.96,0.0,9.6,5.4,33
1997-04-23,3.7,9.6,55,0.20,71,2.64,1.0,10.6,5.7,33
1997-04-24,3.7,8.9,65,0.10,338,2.76,1.0,7.2,5.5,47
1997-04-25,5.0,10.6,67,0.00,120,2.29,0.0,14.2,8.1,40
1997-04-26,7.7,15.1,70,0.40,135,2.62,2.0,25.1,17.7,50
1997-04-27,4.7,14.6,73,9.10,289,2.69,9.0,23.5,10.0,42
1997-04-28,2.7,7.5,73,0.90,149,2.55,3.0,7.3,5.6,46
1997-04-29,2.5,7.7,76,5.10,122,1.98,9.0,9.7,6.9,55
1997-04-30,2.2,9.0,84,5.30,151,2.33,16.0,5.4,3.3,40
1997-05-01,4.1,8.6,66,0.00,338,2.53,0.0,9.7,4.4,38
1997-05-02,4.4,11.1,68,0.90,128,2.95,4.0,17.2,8.0,32
1997-05-03,6.3,10.4,53,0.40,139,2.94,2.0,16.9,14.7,32
1997-05-04,4.2,11.2,58,0.80,139,2.68,1.0,13.5,8.2,40
1997-05-05,7.0,13.9,61,2.00,137,2.98,7.0,18.3,14.4,37
1997-05-06,6.4,12.8,62,0.80,153,2.99,2.0,15.3,11.9,34
1997-05-07,4.2,11.8,68,0.50,256,2.52,2.0,9.3,4.2,29
1997-05-08,7.7,17.2,47,0.00,134,4.26,0.0,19.0,12.2,24
1997-05-09,9.3,16.9,54,0.70,192,3.17,4.0,16.0,8.5,25
1997-05-10,6.6,14.5,56,0.00,339,3.68,0.0,12.7,6.5,30
1997-05-11,10.2,19.3,52,0.00,53,4.16,0.0,6.2,4.1,29
1997-05-12,12.6,21.8,54,0.00,78,4.86,0.0,9.7,7.3,25
1997-05-13,14.6,22.7,53,0.00,16,4.88,0.0,8.5,4.7,25
1997-05-14,15.1,24.1,56,0.00,114,4.80,0.0,11.9,7.3,26
1997-05-15,14.0,19.5,65,0.90,344,3.30,3.0,14.1,4.8,44
1997-05-16,11.3,16.1,71,3.50,179,3.36,4.0,17.0,8.4,37
1997-05-17,6.6,11.9,47,1.20,313,3.35,3.0,18.4,12.4,27
1997-05-18,8.0,15.6,49,0.00,344,3.91,0.0,18.4,7.6,27
1997-05-19,8.6,16.0,51,0.90,337,3.71,6.0,15.2,10.2,29
1997-05-20,6.6,11.1,54,0.20,13,3.00,1.0,15.9,13.5,42
1997-05-21,5.9,11.5,56,0.20,3,3.20,1.0,14.5,7.1,42
1997-05-22,7.1,13.8,55,0.20,7,3.76,1.0,7.6,5.4,34
1997-05-23,8.2,14.3,58,0.00,2,3.58,0.0,6.8,4.0,34
1997-05-24,10.9,17.1,56,0.00,339,3.98,0.0,9.4,5.0,28
1997-05-25,12.4,19.3,48,0.00,354,4.57,0.0,8.2,6.2,26
1997-05-26,13.3,19.0,53,0.00,69,3.99,0.0,6.2,4.3,27
1997-05-27,12.6,18.0,69,0.80,135,3.63,3.0,11.2,7.9,39
1997-05-28,13.0,18.1,64,1.80,129,3.87,3.0,11.0,8.6,42
1997-05-29,13.5,18.4,66,4.60,121,3.09,4.0,13.0,7.9,42
1997-05-30,11.3,17.9,83,6.40,151,2.97,9.0,11.9,6.8,42
1997-05-31,13.3,18.1,76,3.70,144,2.55,11.0,14.0,11.1,41
1997-06-01,11.3,17.0,53,3.30,178,3.91,5.0,14.7,9.6,31
1997-06-02,10.1,15.4,50,0.20,168,4.23,2.0,14.5,9.7,31
1997-06-03,12.0,17.4,53,0.00,110,3.84,0.0,16.1,10.3,32
1997-06-04,9.7,13.7,93,8.10,137,1.05,14.0,12.8,6.7,68
1997-06-05,9.3,16.0,84,2.00,148,3.14,6.0,8.8,6.2,40
1997-06-06,10.8,17.4,58,0.50,145,4.50,2.0,13.0,9.1,32
1997-06-07,10.6,17.0,60,1.60,170,3.91,5.0,12.3,6.9,33
1997-06-08,9.9,15.3,61,1.40,278,4.07,5.0,9.3,5.6,33
1997-06-09,11.1,18.1,51,0.10,348,4.39,1.0,6.8,5.7,25
1997-06-10,13.5,22.5,51,0.00,48,4.99,0.0,8.3,5.5,25
1997-06-11,16.1,22.5,54,0.30,92,3.75,2.0,14.3,6.3,26
1997-06-12,15.8,20.4,59,0.10,126,3.66,1.0,12.4,6.6,40
1997-06-13,15.1,19.7,61,0.00,311,3.59,0.0,13.4,7.9,38
1997-06-14,14.2,21.4,51,0.00,307,5.01,0.0,14.3,8.2,30
1997-06-15,16.6,22.5,57,3.20,196,4.08,4.0,17.3,6.9,31
1997-06-16,13.7,20.8,54,0.80,299,4.08,1.0,12.6,7.8,29
1997-06-17,14.1,20.1,62,6.40,153,3.91,7.0,16.3,13.4,32
1997-06-18,10.9,14.8,75,6.90,152,2.90,14.0,13.5,6.5,43
1997-06-19,9.9,14.6,63,0.50,278,3.76,2.0,11.2,7.2,34
1997-06-20,10.4,14.7,48,0.00,301,3.57,0.0,11.3,7.3,34
1997-06-21,10.9,16.2,59,2.70,356,3.60,2.0,8.9,5.6,36
1997-06-22,11.1,14.8,72,11.20,1,2.95,12.0,9.7,4.6,46
1997-06-23,10.6,17.2,84,8.20,7,2.80,18.0,11.2,6.1,49
1997-06-24,12.7,19.4,72,1.40,330,4.09,3.0,8.0,4.6,42
1997-06-25,14.6,20.0,61,0.00,139,4.47,0.0,18.4,10.8,36
1997-06-26,12.1,16.8,61,1.90,160,4.27,8.0,21.7,11.2,28
1997-06-27,10.7,16.8,54,0.80,208,4.13,2.0,10.5,7.4,29
1997-06-28,11.0,16.8,67,1.00,290,3.49,2.0,10.5,5.4,36
1997-06-29,11.7,19.1,59,0.00,348,4.78,0.0,10.6,5.9,29
1997-06-30,14.1,19.4,55,0.80,139,4.03,3.0,5.8,4.0,29
1997-07-01,13.4,18.7,69,2.30,116,3.65,3.0,7.7,4.1,41
1997-07-02,12.4,17.8,79,1.40,250,3.64,5.0,6.9,3.5,45
1997-07-03,14.2,19.3,63,0.00,278,4.11,0.0,5.9,3.7,40
1997-07-04,16.1,24.0,58,0.00,20,4.77,0.0,6.2,3.5,33
1997-07-05,18.4,25.5,61,1.30,121,4.77,3.0,17.1,7.0,33
1997-07-06,14.4,20.0,75,9.40,181,3.20,15.0,14.8,6.1,42
1997-07-07,12.6,17.9,62,0.60,175,3.39,2.0,14.8,7.6,39
1997-07-08,12.8,15.6,67,5.30,144,2.96,13.0,22.5,16.7,44
1997-07-09,12.0,16.0,81,9.60,165,3.62,13.0,17.7,5.9,46
1997-07-10,11.0,14.5,74,2.90,310,2.32,10.0,11.0,6.4,54
1997-07-11,11.5,18.2,80,10.90,299,2.55,15.0,21.4,9.6,46
1997-07-12,14.7,21.0,54,0.40,290,4.13,3.0,19.4,10.9,40
1997-07-13,15.5,21.0,60,2.60,271,3.64,3.0,12.0,6.8,39
1997-07-14,14.6,19.4,79,5.10,124,3.50,9.0,5.4,3.3,52
1997-07-15,13.1,17.3,85,2.10,240,3.17,6.0,6.1,3.5,57
1997-07-16,12.4,18.3,72,0.20,237,3.62,1.0,6.3,4.2,34
1997-07-17,14.1,20.5,60,0.00,81,4.16,0.0,5.7,3.8,35
1997-07-18,14.0,20.1,69,0.70,321,3.57,1.0,8.7,4.4,36
1997-07-19,16.4,24.5,59,0.00,97,4.70,0.0,8.3,4.7,35
1997-07-20,19.6,27.8,59,0.00,114,5.33,0.0,12.5,7.5,26
1997-07-21,19.5,27.7,52,0.10,142,4.70,1.0,17.4,9.0,25
1997-07-22,13.5,19.5,71,4.00,281,3.09,13.0,7.6,4.8,48
1997-07-23,11.4,17.2,78,2.30,209,3.80,5.0,9.0,4.2,41
1997-07-24,11.8,17.4,69,2.40,246,3.70,8.0,12.2,5.4,39
1997-07-25,10.8,16.5,77,0.90,208,3.45,5.0,6.8,3.9,44
1997-07-26,11.5,16.6,73,2.50,248,3.06,4.0,6.1,3.1,41
1997-07-27,13.9,21.5,62,0.00,118,3.88,0.0,7.9,4.7,31
1997-07-28,16.7,25.2,58,0.00,127,4.82,0.0,13.1,7.5,27
1997-07-29,18.9,26.4,52,0.00,131,5.30,0.0,13.8,7.9,26
1997-07-30,17.7,25.5,59,0.70,111,3.24,3.0,12.9,7.4,29
1997-07-31,15.1,20.5,57,0.10,337,3.58,1.0,8.8,4.6,35
1997-08-01,12.9,18.9,65,0.50,281,3.54,2.0,10.4,4.1,33
1997-08-02,15.2,21.8,59,0.00,94,3.74,0.0,10.2,5.2,33
1997-08-03,16.8,25.5,63,0.30,128,4.71,1.0,13.4,7.4,27
1997-08-04,19.4,27.0,53,0.00,124,4.81,0.0,15.1,7.8,26
1997-08-05,20.8,29.0,56,0.00,44,4.99,0.0,9.4,4.4,26
1997-08-06,21.2,28.9,55,0.70,120,4.77,1.0,11.2,7.0,26
1997-08-07,16.3,25.0,60,0.80,294,4.19,3.0,14.7,9.4,26
1997-08-08,13.0,19.6,54,2.90,311,3.46,10.0,17.9,14.7,26
1997-08-09,12.5,20.3,55,0.00,344,4.17,0.0,14.6,7.2,28
1997-08-10,15.9,23.5,52,0.00,352,4.54,0.0,6.6,4.6,28
1997-08-11,18.8,27.1,52,0.00,33,4.73,0.0,7.1,4.4,26
1997-08-12,20.6,27.0,52,0.00,314,4.41,0.0,10.9,4.3,25
1997-08-13,20.5,26.7,48,0.00,309,4.66,0.0,20.6,8.7,26
1997-08-14,20.4,27.1,46,0.00,303,5.12,0.0,18.9,12.2,21
1997-08-15,15.9,22.8,49,1.90,344,4.62,5.0,21.6,16.4,22
1997-08-16,13.9,19.8,55,0.00,344,4.19,0.0,17.6,8.4,35
1997-08-17,14.7,21.6,47,0.00,344,4.34,0.0,8.6,5.1,19
1997-08-18,16.0,22.2,51,0.00,125,3.77,0.0,8.7,5.6,20
1997-08-19,17.0,23.9,57,0.00,125,3.85,0.0,7.1,4.2,29
1997-08-20,18.2,26.2,55,0.00,82,4.14,0.0,6.9,5.6,25
1997-08-21,18.7,25.6,51,4.00,150,3.31,5.0,12.7,9.3,26
1997-08-22,14.9,21.1,73,0.70,168,3.05,2.0,9.5,4.9,38
1997-08-23,15.7,20.9,57,0.30,136,3.61,2.0,13.6,9.8,37
1997-08-24,13.4,20.6,71,1.80,136,3.39,2.0,12.8,8.9,30
1997-08-25,14.7,20.2,54,0.00,140,3.71,0.0,19.0,12.6,31
1997-08-26,15.6,22.3,57,0.50,135,4.20,1.0,21.7,15.7,34
1997-08-27,13.2,20.4,80,16.50,165,2.77,16.0,18.6,10.8,42
1997-08-28,10.8,17.3,74,1.50,162,2.85,4.0,11.3,7.9,38
1997-08-29,11.6,17.1,63,0.00,201,2.87,0.0,10.1,5.8,36
1997-08-30,12.0,18.5,67,0.00,126,3.09,0.0,9.4,5.3,34
1997-08-31,13.6,19.3,58,0.00,358,3.44,0.0,7.8,6.3,33
1997-09-01,14.7,23.8,60,0.00,105,3.59,0.0,15.3,7.2,29
1997-09-02,15.7,22.5,62,5.20,143,3.77,6.0,17.3,11.8,29
1997-09-03,15.3,21.3,55,0.00,118,3.15,0.0,8.1,4.2,28
1997-09-04,15.0,20.5,61,0.00,161,3.20,0.0,8.1,4.9,30
1997-09-05,13.3,20.1,66,2.70,160,2.69,2.0,14.2,6.8,32
1997-09-06,9.6,16.3,72,1.30,197,2.46,4.0,12.5,6.4,31
1997-09-07,11.0,17.0,61,0.00,16,2.53,0.0,9.4,3.9,30
1997-09-08,12.9,21.1,62,0.00,108,3.01,0.0,6.1,4.5,32
1997-09-09,14.9,23.6,64,0.00,123,3.38,0.0,9.7,6.9,31
1997-09-10,15.8,23.5,62,0.00,123,2.99,0.0,7.8,5.6,26
1997-09-11,13.0,23.1,67,1.30,318,2.33,6.0,17.0,7.6,26
1997-09-12,9.9,15.0,69,0.00,271,2.27,0.0,7.9,4.6,40
1997-09-13,8.9,14.2,76,0.50,117,2.02,3.0,8.7,5.0,40
1997-09-14,9.4,13.6,73,0.90,84,1.26,5.0,16.8,7.7,42
1997-09-15,9.4,14.0,83,8.20,133,1.66,18.0,15.5,9.7,54
1997-09-16,7.4,12.8,85,3.30,124,1.85,7.0,10.9,6.9,51
1997-09-17,7.1,12.4,86,12.40,76,0.66,17.0,12.4,6.9,52
1997-09-18,4.1,10.2,82,3.30,324,1.53,7.0,14.3,11.2,40
1997-09-19,6.7,15.4,66,0.00,140,2.31,0.0,11.6,8.4,38
1997-09-20,11.2,19.5,64,0.00,126,2.80,0.0,10.5,9.2,40
1997-09-21,13.2,20.9,67,0.00,126,2.83,0.0,10.9,8.7,41
1997-09-22,14.6,23.4,63,0.00,126,3.10,0.0,15.0,10.7,34
1997-09-23,14.5,22.8,63,0.00,136,3.14,0.0,13.8,10.8,33
1997-09-24,14.5,23.5,64,0.00,119,3.07,0.0,15.5,8.9,29
1997-09-25,15.8,22.8,53,0.00,135,3.47,0.0,19.3,14.9,31
1997-09-26,13.2,20.3,69,4.20,162,2.27,8.0,18.1,13.3,32
1997-09-27,9.6,14.3,55,1.00,202,2.34,6.0,15.9,11.9,35
1997-09-28,9.9,16.3,66,1.80,161,2.10,7.0,17.9,13.2,37
1997-09-29,7.9,15.5,56,0.00,263,1.72,0.0,15.8,8.1,38
1997-09-30,9.2,12.5,82,5.90,134,0.93,14.0,19.5,12.4,53
1997-10-01,7.5,13.6,81,1.10,123,0.92,4.0,16.6,9.7,64
1997-10-02,7.8,12.8,79,6.40,149,1.11,10.0,23.3,16.9,61
1997-10-03,4.0,9.8,66,0.70,164,1.16,3.0,17.8,9.7,41
1997-10-04,5.0,8.3,90,5.80,124,0.66,20.0,12.6,9.9,72
1997-10-05,3.1,9.4,85,0.10,192,1.21,1.0,10.7,6.0,38
1997-10-06,4.2,8.9,70,0.20,151,1.32,2.0,10.5,6.5,43
1997-10-07,1.5,6.2,80,0.00,93,1.27,0.0,5.4,3.3,42
1997-10-08,1.8,5.9,59,0.00,79,1.17,0.0,16.3,9.9,42
1997-10-09,3.1,8.5,74,2.50,94,1.18,9.0,18.9,8.4,51
1997-10-10,3.9,8.0,85,9.00,126,0.60,14.0,13.8,8.0,57
1997-10-11,1.2,4.5,80,4.00,303,1.06,9.0,11.9,6.5,36
1997-10-12,-0.3,3.1,66,0.20,111,0.84,1.0,9.0,5.4,40
1997-10-13,0.9,2.6,92,10.20,131,0.30,16.0,16.5,13.0,71
1997-10-14,3.2,9.2,95,13.90,132,0.74,16.0,15.8,11.8,69
1997-10-15,6.3,11.0,82,1.30,130,0.82,5.0,19.4,15.8,68
1997-10-16,8.2,10.3,91,2.90,136,0.67,9.0,19.1,13.5,72
1997-10-17,6.2,9.7,88,1.30,343,0.98,6.0,8.9,6.0,50
1997-10-18,2.7,7.1,67,0.00,322,1.19,0.0,8.1,4.5,45
1997-10-19,0.9,5.8,78,0.00,85,0.93,0.0,6.2,3.4,52
1997-10-20,0.9,5.4,81,0.00,121,0.69,0.0,9.4,7.5,55
1997-10-21,1.8,6.4,78,0.00,118,0.82,0.0,9.7,8.2,54
1997-10-22,2.3,7.6,79,2.10,144,1.03,6.0,12.5,8.5,51
1997-10-23,1.2,5.8,78,0.50,310,0.58,5.0,16.2,7.8,61
1997-10-24,-0.3,2.7,81,0.00,87,0.59,0.0,13.5,7.7,63
1997-10-25,1.8,4.7,78,2.10,136,0.70,4.0,16.3,14.8,69
1997-10-26,3.2,5.7,93,8.00,135,0.43,20.0,18.1,14.2,77
1997-10-27,1.1,5.2,88,2.00,225,0.68,5.0,10.1,5.7,55
1997-10-28,1.2,4.5,80,0.00,122,0.60,0.0,18.9,9.7,65
1997-10-29,2.4,7.1,94,5.60,136,0.42,15.0,17.8,15.1,71
1997-10-30,3.4,7.7,86,5.60,133,0.68,11.0,24.2,17.8,70
1997-10-31,2.7,7.2,87,2.00,141,0.52,7.0,11.8,8.5,67
1997-11-01,2.3,6.9,79,0.00,143,0.77,0.0,6.3,4.1,57
1997-11-02,2.6,5.8,83,4.10,128,0.47,9.0,20.4,15.4,62
1997-11-03,2.8,5.2,93,12.20,127,0.36,23.0,17.6,11.3,62
1997-11-04,2.1,5.8,97,6.10,128,0.31,6.0,14.8,8.9,82
1997-11-05,5.2,7.2,78,0.90,137,0.68,3.0,18.3,14.9,71
1997-11-06,3.2,5.8,96,5.30,7,0.33,18.0,11.6,8.3,76
1997-11-07,-0.2,2.8,76,0.00,332,0.65,0.0,10.3,7.3,64
1997-11-08,-0.6,2.5,83,0.00,39,0.56,0.0,4.9,3.0,66
1997-11-09,-0.7,5.0,77,0.00,94,0.69,0.0,7.6,6.0,44
1997-11-10,-0.6,5.2,68,0.00,98,0.78,0.0,9.4,7.0,40
1997-11-11,-1.1,3.9,67,0.00,104,0.73,0.0,9.3,7.3,45
1997-11-12,-2.0,2.0,77,0.00,66,0.53,0.0,5.4,3.0,54
1997-11-13,-2.3,2.9,76,0.00,71,0.52,0.0,5.0,3.4,49
1997-11-14,-1.7,3.1,79,0.00,77,0.53,0.0,6.0,4.3,54
1997-11-15,-2.6,1.2,82,0.00,95,0.47,0.0,6.9,5.1,56
1997-11-16,-2.9,1.2,79,0.00,95,0.49,0.0,6.9,5.3,53
1997-11-17,-2.2,1.9,78,0.00,98,0.45,0.0,9.8,6.0,61
1997-11-18,-1.6,2.3,88,0.60,127,0.41,4.0,9.3,8.0,70
1997-11-19,-2.6,0.5,87,0.00,92,0.39,0.0,9.7,5.9,62
1997-11-20,-2.4,-0.4,84,0.00,112,0.24,0.0,8.3,5.3,73
1997-11-21,-2.2,1.0,87,0.80,156,0.36,4.0,7.8,4.4,60
1997-11-22,-1.8,1.9,81,0.70,122,0.45,3.0,18.6,9.4,56
1997-11-23,1.4,4.2,65,0.20,137,1.05,1.0,24.8,20.9,60
1997-11-24,1.1,3.9,83,0.00,142,0.49,0.0,22.4,14.9,58
1997-11-25,-2.2,1.7,75,0.30,138,0.42,1.0,14.0,9.8,55
1997-11-26,-1.2,1.6,74,0.00,126,0.50,0.0,12.5,11.3,62
1997-11-27,-0.4,1.7,77,6.20,136,0.50,13.0,17.3,15.4,74
1997-11-28,0.1,1.3,96,8.90,141,0.18,21.0,15.5,11.9,85
1997-11-29,-2.2,2.3,86,0.00,126,0.42,0.0,22.5,12.8,62
1997-11-30,-1.2,1.5,92,3.10,142,0.30,7.0,20.6,12.1,75
1997-12-01,-3.8,-0.5,92,0.00,110,0.24,0.0,9.3,7.6,79
1997-12-02,-3.2,1.3,82,0.00,116,0.36,0.0,10.9,9.6,59
1997-12-03,-2.0,0.5,67,0.00,124,0.61,0.0,14.0,11.8,56
1997-12-04,-3.9,-0.5,76,0.00,106,0.33,0.0,9.0,7.5,57
1997-12-05,-4.7,-1.5,79,0.00,102,0.30,0.0,9.6,8.0,58
1997-12-06,-4.3,-0.6,75,0.00,118,0.34,0.0,9.0,7.7,56
1997-12-07,-4.3,-0.4,73,0.00,97,0.33,0.0,8.0,7.0,57
1997-12-08,-4.0,-0.7,78,0.00,125,0.28,0.0,12.7,8.8,72
1997-12-09,-4.9,-2.3,79,1.10,139,0.27,5.0,10.4,7.8,68
1997-12-10,-4.8,-0.9,80,0.00,127,0.34,0.0,16.0,13.5,71
1997-12-11,-1.1,1.7,77,0.00,137,0.59,0.0,22.7,20.3,65
1997-12-12,-0.3,2.0,63,0.00,136,0.90,0.0,20.6,18.4,52
1997-12-13,1.1,3.6,55,0.00,139,1.34,0.0,24.0,21.9,46
1997-12-14,0.6,2.6,56,0.80,142,1.25,4.0,25.2,21.5,47
1997-12-15,-2.8,0.9,75,1.00,144,0.37,5.0,25.1,13.0,63
1997-12-16,0.3,2.8,74,1.80,137,0.74,7.0,24.6,21.4,68
1997-12-17,-1.2,1.1,87,1.10,130,0.25,4.0,16.9,9.2,72
1997-12-18,-3.9,-1.4,81,0.00,106,0.24,0.0,10.3,4.3,68
1997-12-19,-3.5,-1.6,74,2.00,132,0.50,10.0,22.1,18.1,72
1997-12-20,-1.5,0.2,75,5.70,137,0.58,14.0,23.5,18.3,64
1997-12-21,-5.1,-0.8,63,2.20,268,0.40,6.0,12.8,8.1,51
1997-12-22,-6.7,-3.9,63,0.40,131,0.57,3.0,23.2,16.8,47
1997-12-23,-5.7,-2.5,78,1.70,136,0.33,8.0,22.5,12.9,66
1997-12-24,-5.8,-3.6,80,0.90,119,0.18,4.0,10.8,6.8,70
1997-12-25,-5.4,-1.5,75,0.00,111,0.33,0.0,10.3,9.0,69
1997-12-26,-4.9,-1.7,78,0.80,127,0.33,3.0,18.1,13.8,69
1997-12-27,-5.7,-2.3,73,0.60,131,0.26,3.0,14.5,6.9,62
1997-12-28,-3.3,-1.2,83,10.30,131,0.25,15.0,16.1,13.2,69
1997-12-29,-1.5,1.8,92,1.30,124,0.25,4.0,13.0,8.3,83
1997-12-30,-1.2,1.1,93,0.60,120,0.20,3.0,16.0,11.7,86
1997-12-31,-1.2,0.8,93,2.40,131,0.21,3.0,16.9,13.9,82
1998-01-01,-8.5,-1.1,81,4.60,331,0.16,16.0,15.5,12.1,65
1998-01-02,-23.9,-17.6,70,0.00,335,0.14,0.0,15.1,8.8,55
1998-01-03,-23.9,-19.6,72,0.00,79,0.09,0.0,5.4,3.3,59
1998-01-04,-20.9,-14.0,72,0.00,53,0.11,0.0,4.9,3.5,63
1998-01-05,-12.7,-5.5,82,0.70,114,0.19,4.0,14.7,10.1,72
1998-01-06,-10.9,-7.0,83,0.00,105,0.20,0.0,11.3,8.0,67
1998-01-07,-16.2,-9.7,84,0.00,14,0.15,0.0,6.4,5.2,72
1998-01-08,-17.5,-14.3,79,0.00,344,0.15,0.0,11.2,7.4,63
1998-01-09,-23.0,-15.3,75,0.00,18,0.11,0.0,9.7,4.8,66
1998-01-10,-27.0,-20.9,72,0.00,346,0.11,0.0,10.4,6.5,57
1998-01-11,-29.8,-22.8,68,0.00,66,0.10,0.0,6.9,4.8,50
1998-01-12,-27.8,-19.4,64,0.00,85,0.13,0.0,8.4,6.6,48
1998-01-13,-17.4,-9.1,72,2.00,109,0.21,11.0,15.9,9.2,64
1998-01-14,-6.1,-1.7,75,1.30,129,0.46,6.0,22.4,18.0,71
1998-01-15,-5.3,-2.6,86,3.90,129,0.25,10.0,18.9,10.0,77
1998-01-16,-4.9,-0.3,84,0.50,121,0.36,3.0,16.8,12.5,69
1998-01-17,-5.4,-1.2,86,0.10,111,0.22,1.0,15.8,8.3,77
1998-01-18,-3.8,2.4,84,0.00,114,0.41,0.0,18.4,12.6,65
1998-01-19,-0.5,1.8,87,1.50,104,0.27,7.0,16.5,7.0,68
1998-01-20,-3.4,0.4,91,2.20,327,0.26,8.0,8.4,4.8,77
1998-01-21,-8.2,-0.7,87,0.00,124,0.30,0.0,15.6,10.3,70
1998-01-22,-4.4,-1.1,87,2.10,131,0.37,9.0,14.8,10.3,75
1998-01-23,-0.9,1.4,80,4.80,130,0.49,13.0,20.9,17.6,76
1998-01-24,0.6,2.6,83,0.10,134,0.51,1.0,20.6,18.3,70
1998-01-25,-1.2,2.2,86,0.00,133,0.46,0.0,22.4,16.0,69
1998-01-26,1.2,3.4,76,0.30,137,0.83,1.0,23.4,20.1,68
1998-01-27,-4.4,1.9,87,0.00,133,0.42,0.0,12.8,10.2,72
1998-01-28,-2.0,2.4,79,0.00,125,0.58,0.0,19.6,15.4,64
1998-01-29,1.2,4.9,75,0.00,137,0.83,0.0,19.4,17.4,63
1998-01-30,-2.1,3.0,88,0.00,126,0.52,0.0,14.5,10.3,73
1998-01-31,-2.6,2.6,84,0.00,115,0.53,0.0,11.8,10.7,64
1998-02-01,-3.2,3.0,79,0.00,109,0.61,0.0,12.2,10.0,56
1998-02-02,-2.4,2.2,75,0.00,120,0.59,0.0,15.0,11.7,65
1998-02-03,-4.1,1.1,82,0.00,79,0.50,0.0,9.1,5.0,69
1998-02-04,-2.2,0.1,87,0.20,34,0.29,2.0,5.5,2.9,78
1998-02-05,-0.5,4.6,89,2.60,130,0.55,5.0,18.0,7.3,70
1998-02-06,-0.2,4.3,86,0.00,119,0.65,0.0,13.5,10.0,60
1998-02-07,0.9,5.1,81,0.00,124,0.69,0.0,16.6,12.5,66
1998-02-08,-2.1,4.5,82,0.00,95,0.61,0.0,12.5,7.8,65
1998-02-09,-0.5,3.5,85,1.30,140,0.73,5.0,12.4,9.1,63
1998-02-10,-1.5,1.8,76,0.00,128,0.72,0.0,27.9,16.7,60
1998-02-11,-2.9,2.0,83,0.00,139,0.64,0.0,22.5,14.6,61
1998-02-12,0.0,3.6,75,1.30,131,0.96,6.0,25.9,21.2,63
1998-02-13,1.0,5.0,82,0.30,142,0.87,2.0,22.4,15.6,56
1998-02-14,-1.6,3.9,77,0.00,131,0.83,0.0,20.7,14.3,52
1998-02-15,-1.6,2.3,80,0.00,127,0.66,0.0,12.8,7.9,59
1998-02-16,-3.4,2.6,82,0.00,118,0.77,0.0,16.9,9.6,50
1998-02-17,-3.5,2.3,70,0.00,103,0.87,0.0,15.1,8.5,53
1998-02-18,-0.5,4.3,73,0.10,131,0.98,1.0,23.3,16.9,57
1998-02-19,2.2,5.5,70,0.50,142,1.38,2.0,26.8,20.5,47
1998-02-20,1.4,5.7,79,0.00,129,0.94,0.0,27.8,14.0,56
1998-02-21,1.8,4.9,72,0.10,142,1.23,1.0,23.4,17.8,51
1998-02-22,-1.7,3.1,76,0.40,144,0.89,2.0,12.2,10.2,53
1998-02-23,-1.9,2.4,60,0.10,132,1.02,1.0,6.6,4.5,45
1998-02-24,-2.0,1.3,53,0.00,128,1.01,0.0,8.8,4.8,37
1998-02-25,-4.5,0.6,64,0.70,131,0.76,4.0,10.8,9.0,45
1998-02-26,-3.5,0.4,67,0.40,313,0.98,4.0,6.8,4.0,35
1998-02-27,-5.3,0.1,50,0.00,94,1.04,0.0,5.2,4.0,34
1998-02-28,-5.9,0.6,50,0.00,114,0.99,0.0,22.9,10.6,39
1998-03-01,-1.8,3.7,69,1.40,128,1.16,4.0,17.3,12.5,53
1998-03-02,-1.8,2.3,77,0.10,100,0.78,1.0,10.3,5.8,64
1998-03-03,-1.8,1.1,78,2.60,323,0.69,11.0,14.8,9.5,56
1998-03-04,-3.5,-0.7,60,0.00,330,1.05,0.0,13.4,10.4,50
1998-03-05,-4.5,-1.2,58,0.00,327,0.96,0.0,10.9,8.7,48
1998-03-06,-4.5,-0.3,49,0.00,329,1.25,0.0,8.1,5.2,39
1998-03-07,-3.9,1.0,48,0.00,13,1.14,0.0,5.0,2.8,32
1998-03-08,-4.9,0.3,54,0.20,15,0.89,2.0,8.4,5.4,42
1998-03-09,-4.2,-1.6,74,5.30,354,0.52,19.0,9.6,4.6,59
1998-03-10,-4.0,3.1,70,0.10,101,0.88,1.0,20.1,9.3,57
1998-03-11,0.6,6.4,80,2.90,134,1.20,7.0,17.1,13.8,60
1998-03-12,2.7,9.4,77,0.00,122,1.47,0.0,16.1,12.3,51
1998-03-13,3.6,8.7,79,2.20,132,1.11,7.0,14.1,10.8,54
1998-03-14,1.4,7.6,87,0.50,124,1.21,2.0,9.4,5.8,53
1998-03-15,2.1,7.2,76,0.50,122,1.53,4.0,11.1,6.4,52
1998-03-16,0.5,6.7,79,3.20,327,1.17,12.0,20.8,9.5,41
1998-03-17,-0.9,4.6,61,0.00,332,1.68,0.0,18.1,8.2,42
1998-03-18,0.8,4.8,61,0.00,112,1.33,0.0,5.8,4.3,50
1998-03-19,0.9,6.1,64,0.00,119,1.73,0.0,8.1,6.7,50
1998-03-20,1.7,7.5,68,0.00,94,1.58,0.0,5.2,3.6,48
1998-03-21,3.1,9.8,74,0.50,68,1.56,3.0,5.0,3.5,45
1998-03-22,2.4,9.1,87,9.90,59,0.70,12.0,7.6,5.3,46
1998-03-23,1.6,6.7,90,3.70,93,1.22,7.0,8.2,3.3,55
1998-03-24,2.5,8.1,87,4.30,149,1.14,19.0,15.8,10.5,52
1998-03-25,0.4,8.1,81,2.90,168,1.77,4.0,11.5,5.9,27
1998-03-26,1.2,7.8,51,0.30,247,1.80,2.0,10.2,7.2,29
1998-03-27,-1.0,3.0,53,0.00,238,1.63,0.0,7.2,4.4,31
1998-03-28,-1.2,3.1,56,0.30,315,1.72,3.0,10.1,5.2,32
1998-03-29,-0.4,6.1,47,0.00,172,1.70,0.0,11.3,6.2,27
1998-03-30,2.3,8.8,52,0.00,134,2.20,0.0,14.7,12.0,32
1998-03-31,1.3,7.6,75,4.30,350,1.90,8.0,9.2,6.3,34
1998-04-01,0.8,6.4,52,0.00,352,2.08,0.0,8.9,5.4,31
1998-04-02,2.0,6.5,56,0.40,119,1.69,2.0,7.8,4.6,32
1998-04-03,2.0,6.4,67,0.90,348,1.69,5.0,8.5,5.2,41
1998-04-04,1.8,8.7,57,0.00,344,2.42,0.0,9.1,7.8,32
1998-04-05,3.3,9.8,53,0.00,28,2.48,0.0,8.4,4.9,32
1998-04-06,3.6,9.8,69,0.20,141,2.12,1.0,10.5,7.6,40
1998-04-07,2.7,9.4,62,0.80,151,2.18,2.0,10.4,7.0,37
1998-04-08,0.1,4.9,62,2.50,285,2.05,7.0,7.9,5.6,26
1998-04-09,0.3,4.8,49,0.00,347,2.04,0.0,6.2,4.9,27
1998-04-10,-0.1,4.0,65,0.50,49,1.30,4.0,5.5,3.2,40
1998-04-11,0.5,5.3,77,5.50,335,1.41,12.0,5.9,3.8,57
1998-04-12,0.5,5.3,75,3.20,184,1.48,16.0,11.7,6.9,55
1998-04-13,-0.1,5.6,78,0.40,250,2.12,4.0,7.1,3.7,40
1998-04-14,0.6,6.6,61,0.00,341,2.46,0.0,9.2,7.5,38
1998-04-15,2.0,9.2,54,0.20,279,2.66,1.0,8.2,5.5,25
1998-04-16,3.7,9.4,51,0.00,311,2.56,0.0,8.5,5.0,26
1998-04-17,4.7,11.3,58,0.00,252,2.59,0.0,9.9,6.2,27
1998-04-18,5.6,10.8,54,0.60,136,2.09,4.0,20.3,14.5,37
1998-04-19,3.2,8.5,71,4.20,186,2.40,9.0,15.1,8.4,29
1998-04-20,4.0,13.7,55,0.00,128,3.07,0.0,18.4,8.5,28
1998-04-21,7.3,13.4,50,0.80,163,3.36,3.0,15.5,11.5,25
1998-04-22,6.5,14.9,59,0.00,92,2.80,0.0,10.0,6.0,25
1998-04-23,8.5,15.2,71,4.20,102,2.05,6.0,9.7,7.6,37
1998-04-24,5.4,8.9,80,10.90,281,2.07,15.0,12.9,7.7,26
1998-04-25,3.4,9.6,48,0.00,231,2.85,0.0,14.7,9.3,25
1998-04-26,6.3,14.4,52,0.00,157,3.13,0.0,21.5,15.4,33
1998-04-27,8.2,15.7,60,0.00,171,3.11,0.0,18.8,10.5,36
1998-04-28,10.0,17.7,61,0.00,145,3.49,0.0,12.3,6.7,30
1998-04-29,10.8,17.7,48,0.00,248,4.11,0.0,10.5,4.9,29
1998-04-30,11.3,20.8,58,0.00,76,4.17,0.0,7.5,4.7,26
1998-05-01,12.9,22.2,57,0.00,108,4.49,0.0,8.3,6.2,25
1998-05-02,13.9,23.1,53,0.00,117,4.68,0.0,10.7,8.0,23
1998-05-03,13.0,22.5,43,0.00,304,4.82,0.0,16.5,9.9,23
1998-05-04,12.5,21.6,43,0.00,345,4.73,0.0,14.2,6.1,23
1998-05-05,13.4,21.8,44,0.00,336,4.64,0.0,11.5,7.3,21
1998-05-06,13.5,22.6,50,0.00,108,4.64,0.0,8.7,5.8,20
1998-05-07,12.1,22.5,44,0.00,314,4.27,0.0,14.4,11.4,20
1998-05-08,9.9,16.4,52,0.00,346,3.39,0.0,9.7,5.8,30
1998-05-09,10.2,15.8,45,0.00,328,4.12,0.0,12.8,10.6,25
1998-05-10,10.8,18.4,45,0.00,20,4.53,0.0,8.8,5.0,24
1998-05-11,12.4,19.5,51,0.00,106,4.20,0.0,8.8,5.3,25
1998-05-12,13.6,20.4,62,0.00,138,4.11,0.0,8.6,5.0,32
1998-05-13,13.4,20.5,62,2.00,148,4.02,2.0,14.2,7.5,28
1998-05-14,8.7,15.7,73,6.60,191,1.83,16.0,7.0,4.5,42
1998-05-15,7.6,11.8,69,0.20,179,2.61,1.0,7.6,4.6,41
1998-05-16,8.1,11.6,71,3.40,15,2.28,12.0,6.6,3.4,41
1998-05-17,8.9,15.9,70,0.10,293,3.27,1.0,6.5,3.9,39
1998-05-18,10.1,16.0,69,4.20,310,2.64,16.0,9.6,6.3,38
1998-05-19,10.0,15.1,79,4.20,86,3.08,13.0,6.1,3.5,50
1998-05-20,10.5,18.4,74,1.10,120,3.61,2.0,5.8,4.2,32
1998-05-21,13.8,21.0,54,0.00,108,4.34,0.0,8.7,4.9,28
1998-05-22,13.8,20.9,50,0.00,280,4.59,0.0,7.6,4.9,27
1998-05-23,14.0,20.9,56,0.20,16,4.51,1.0,13.3,6.3,31
1998-05-24,14.2,20.6,57,0.80,137,4.47,2.0,18.7,12.7,35
1998-05-25,14.2,19.9,59,0.00,124,4.07,0.0,15.8,9.9,37
1998-05-26,12.2,19.5,83,3.00,221,2.62,8.0,11.5,5.7,38
1998-05-27,16.4,24.7,62,3.80,22,4.63,3.0,10.3,7.1,28
1998-05-28,13.5,21.1,62,2.00,145,3.99,3.0,13.2,10.1,35
1998-05-29,14.1,21.1,53,0.00,120,4.49,0.0,10.7,6.4,35
1998-05-30,16.5,24.0,57,0.00,347,5.03,0.0,10.2,7.5,29
1998-05-31,17.5,24.0,52,1.40,298,5.06,2.0,20.0,8.0,28
1998-06-01,13.5,20.6,43,0.50,313,4.95,3.0,20.8,15.1,25
1998-06-02,11.6,18.5,46,0.00,345,5.04,0.0,16.3,9.3,22
1998-06-03,13.5,18.9,43,0.00,339,5.16,0.0,14.2,9.7,22
1998-06-04,12.9,18.7,45,0.00,352,5.11,0.0,13.8,9.1,22
1998-06-05,14.4,21.7,38,0.00,336,5.38,0.0,11.5,6.2,21
1998-06-06,14.7,21.6,64,6.70,329,3.35,11.0,10.7,4.4,24
1998-06-07,14.7,22.0,65,0.10,350,4.75,1.0,8.7,4.4,25
1998-06-08,16.7,24.0,42,0.00,340,5.61,0.0,12.0,7.6,25
1998-06-09,19.0,23.8,47,0.00,239,4.86,0.0,11.7,5.4,27
1998-06-10,16.5,22.0,56,0.00,307,4.17,0.0,13.1,8.0,35
1998-06-11,15.3,20.5,47,0.00,309,5.17,0.0,14.1,10.8,18
1998-06-12,13.6,19.8,33,0.00,311,5.75,0.0,14.8,9.7,18
1998-06-13,13.7,19.1,37,0.00,314,4.59,0.0,14.0,10.8,21
1998-06-14,11.4,17.1,67,7.40,194,1.86,9.0,13.6,6.2,26
1998-06-15,9.3,12.8,75,11.10,307,2.74,12.0,17.3,10.5,33
1998-06-16,10.6,15.8,60,0.00,322,3.34,0.0,17.6,10.1,37
1998-06-17,12.2,15.9,66,2.30,123,2.64,5.0,8.6,5.1,41
1998-06-18,9.9,14.6,82,3.80,322,2.59,7.0,10.8,4.8,51
1998-06-19,12.9,21.3,71,0.10,339,4.28,1.0,13.2,6.9,37
1998-06-20,16.3,22.3,55,0.00,335,4.93,0.0,9.1,4.7,32
1998-06-21,17.1,23.7,62,0.20,156,4.88,1.0,5.9,3.4,30
1998-06-22,16.8,23.6,59,1.60,273,4.57,5.0,9.3,5.7,30
1998-06-23,15.8,20.7,61,0.00,268,3.89,0.0,10.7,5.7,34
1998-06-24,12.2,20.5,80,19.90,266,1.70,18.0,12.0,4.4,33
1998-06-25,10.5,15.9,84,10.20,158,2.95,18.0,10.7,4.5,48
1998-06-26,12.1,17.5,69,0.30,309,3.57,1.0,9.7,6.5,46
1998-06-27,12.5,18.3,74,1.40,308,3.52,4.0,12.0,6.5,47
1998-06-28,14.5,18.2,65,0.30,334,2.99,2.0,11.1,8.8,47
1998-06-29,13.9,19.0,70,0.40,354,2.68,2.0,11.1,5.0,51
1998-06-30,15.3,18.8,81,3.80,108,2.42,11.0,5.2,3.7,65
1998-07-01,14.3,18.6,93,6.10,146,2.69,18.0,6.3,3.7,67
1998-07-02,15.0,19.6,88,4.10,342,2.69,9.0,5.7,3.3,62
1998-07-03,17.3,23.7,73,0.20,352,4.53,1.0,8.4,5.5,42
1998-07-04,16.6,23.0,84,16.00,297,2.51,17.0,7.5,3.2,45
1998-07-05,15.8,21.3,89,9.50,148,2.39,19.0,7.9,4.8,61
1998-07-06,16.2,21.5,84,1.20,352,2.81,6.0,10.9,6.1,60
1998-07-07,15.1,20.0,77,0.00,318,3.45,0.0,8.1,5.0,47
1998-07-08,15.6,21.7,60,0.00,332,4.51,0.0,9.3,7.6,41
1998-07-09,17.1,24.0,60,0.00,4,4.87,0.0,8.2,4.3,37
1998-07-10,18.3,24.5,66,0.10,152,5.04,1.0,10.0,5.1,30
1998-07-11,17.3,24.5,61,2.50,280,4.40,2.0,9.0,6.4,30
1998-07-12,12.6,18.4,79,6.40,281,3.07,15.0,9.7,4.8,49
1998-07-13,11.5,16.6,69,4.70,203,3.73,11.0,11.0,6.1,38
1998-07-14,11.7,19.0,55,0.00,187,4.58,0.0,12.6,5.8,33
1998-07-15,14.7,18.8,64,0.10,147,3.33,1.0,17.8,12.9,37
1998-07-16,15.1,19.1,77,1.20,142,2.95,6.0,20.2,12.2,57
1998-07-17,16.9,22.2,61,0.20,163,4.60,1.0,16.0,11.3,30
1998-07-18,17.2,24.8,57,0.00,5,5.22,0.0,7.0,4.9,30
1998-07-19,16.7,24.8,65,3.70,304,3.65,2.0,11.8,6.5,31
1998-07-20,13.2,17.9,63,1.80,318,4.01,1.0,10.3,7.7,34
1998-07-21,15.3,21.3,52,0.00,339,4.69,0.0,6.5,5.3,33
1998-07-22,17.5,24.7,53,0.00,331,5.06,0.0,6.6,4.2,33
1998-07-23,20.3,27.8,59,0.00,130,5.01,0.0,8.1,4.6,28
1998-07-24,20.2,27.4,51,0.10,322,5.27,1.0,11.4,8.6,29
1998-07-25,19.6,25.7,51,0.00,336,5.55,0.0,10.5,8.3,34
1998-07-26,20.9,28.7,51,0.00,339,5.71,0.0,9.4,7.3,24
1998-07-27,23.0,30.4,44,0.00,340,5.89,0.0,8.7,5.8,23
1998-07-28,23.4,30.7,46,0.00,3,5.60,0.0,9.1,5.8,23
1998-07-29,23.0,30.5,53,0.10,95,4.37,1.0,10.0,5.8,23
1998-07-30,21.3,27.8,65,0.40,118,4.06,2.0,7.2,5.5,33
1998-07-31,20.8,27.4,64,1.20,312,4.00,2.0,9.0,3.7,32
1998-08-01,20.2,26.7,46,0.00,322,5.29,0.0,12.5,7.8,22
1998-08-02,19.6,27.8,30,0.00,344,6.05,0.0,12.3,8.0,18
1998-08-03,22.1,30.4,41,0.00,136,5.70,0.0,15.9,8.7,16
1998-08-04,21.8,30.4,34,0.00,163,5.94,0.0,13.4,7.6,15
1998-08-05,21.4,29.3,37,0.10,210,5.51,1.0,16.8,7.6,16
1998-08-06,16.1,24.5,42,0.00,287,4.83,0.0,17.5,9.3,20
1998-08-07,16.2,21.4,44,0.00,324,4.33,0.0,12.1,7.7,22
1998-08-08,17.4,25.4,49,0.00,144,4.58,0.0,9.5,6.2,20
1998-08-09,19.3,27.2,41,0.00,179,5.36,0.0,12.8,7.8,16
1998-08-10,17.0,27.3,55,1.30,312,3.38,5.0,12.9,8.5,16
1998-08-11,16.0,21.7,65,0.00,184,3.09,0.0,10.8,5.7,36
1998-08-12,18.9,25.6,50,0.00,208,3.80,0.0,10.6,6.6,24
1998-08-13,18.8,25.6,46,0.00,330,4.64,0.0,12.7,8.6,24
1998-08-14,19.7,28.2,51,0.90,24,4.35,1.0,13.6,6.1,23
1998-08-15,16.2,22.7,63,0.30,328,3.20,2.0,13.0,9.8,39
1998-08-16,11.8,17.7,72,5.40,295,1.95,18.0,10.9,5.7,40
1998-08-17,9.9,14.4,89,11.40,146,1.58,11.0,7.7,6.3,58
1998-08-18,11.8,14.6,72,0.00,203,1.52,0.0,7.9,4.7,53
1998-08-19,13.5,20.7,66,0.00,135,3.24,0.0,7.1,5.3,34
1998-08-20,15.7,23.3,60,0.00,127,4.00,0.0,10.6,6.9,32
1998-08-21,17.5,23.5,59,0.00,192,3.94,0.0,7.7,3.8,27
1998-08-22,16.7,23.2,49,0.00,327,4.10,0.0,10.7,7.9,27
1998-08-23,15.4,21.4,50,0.00,336,4.01,0.0,9.0,7.9,32
1998-08-24,15.1,20.5,52,0.30,305,3.42,1.0,9.3,6.4,30
1998-08-25,14.3,20.2,58,0.40,18,2.60,2.0,10.7,7.1,31
1998-08-26,12.5,18.1,67,0.50,236,2.84,3.0,10.3,4.8,35
1998-08-27,14.6,18.4,54,0.00,192,3.09,0.0,13.5,8.2,34
1998-08-28,15.4,24.5,55,0.00,123,3.74,0.0,9.2,5.9,27
1998-08-29,18.2,26.0,54,0.00,106,4.02,0.0,6.4,4.4,25
1998-08-30,17.3,25.8,47,0.00,333,4.10,0.0,12.9,8.7,24
1998-08-31,17.1,27.0,45,0.00,69,4.18,0.0,9.1,5.8,23
1998-09-01,19.3,27.1,45,0.00,129,3.47,0.0,12.1,6.7,22
1998-09-02,18.2,24.5,53,0.00,193,3.38,0.0,13.4,10.1,28
1998-09-03,15.6,20.9,44,0.00,343,3.04,0.0,14.1,7.2,35
1998-09-04,12.2,17.9,52,0.00,339,3.27,0.0,14.2,7.4,29
1998-09-05,13.5,22.4,46,0.00,6,3.46,0.0,8.3,5.3,26
1998-09-06,17.1,22.4,50,0.00,126,2.70,0.0,12.9,8.6,26
1998-09-07,16.5,21.7,59,0.00,97,1.99,0.0,10.7,5.4,31
1998-09-08,12.5,18.1,63,0.80,301,2.32,4.0,7.9,4.6,31
1998-09-09,10.9,16.7,64,0.00,255,2.67,0.0,10.9,4.8,22
1998-09-10,12.6,17.8,52,0.80,169,2.51,4.0,10.7,6.1,21
1998-09-11,14.0,19.9,63,0.10,184,2.45,1.0,12.0,7.2,32
1998-09-12,14.1,22.2,52,0.00,253,3.22,0.0,12.3,7.6,28
1998-09-13,13.0,22.3,52,0.30,316,2.87,3.0,13.8,8.2,27
1998-09-14,11.5,17.2,52,0.00,357,2.50,0.0,8.7,4.3,27
1998-09-15,10.9,17.3,42,0.00,357,2.72,0.0,10.4,7.5,27
1998-09-16,11.8,20.8,51,0.00,346,3.08,0.0,10.1,5.3,27
1998-09-17,13.3,20.7,56,0.00,358,2.91,0.0,9.5,5.2,27
1998-09-18,10.5,19.6,82,11.60,211,0.85,18.0,10.5,8.1,36
1998-09-19,8.3,13.1,89,3.10,321,1.20,9.0,12.8,5.0,52
1998-09-20,9.9,17.4,68,0.00,360,2.44,0.0,10.5,4.5,37
1998-09-21,11.2,18.8,69,0.00,78,2.55,0.0,6.9,4.4,31
1998-09-22,11.6,18.5,58,0.00,346,2.73,0.0,10.0,7.6,32
1998-09-23,10.9,18.4,62,0.00,139,2.32,0.0,11.5,6.9,34
1998-09-24,11.5,17.2,67,0.80,319,1.81,2.0,8.8,4.6,37
1998-09-25,8.8,14.9,80,5.50,320,1.48,16.0,18.6,11.7,43
1998-09-26,8.3,17.8,64,0.00,130,2.41,0.0,16.6,7.6,35
1998-09-27,11.6,19.0,62,0.00,126,2.53,0.0,13.0,6.6,28
1998-09-28,10.3,18.4,60,0.00,336,2.33,0.0,10.5,6.0,31
1998-09-29,8.9,14.5,52,0.00,16,2.07,0.0,8.7,4.9,30
1998-09-30,10.8,18.9,61,0.00,117,2.31,0.0,11.8,7.2,32
1998-10-01,12.0,18.5,61,2.10,131,1.97,6.0,14.5,9.9,36
1998-10-02,7.8,11.6,98,13.30,330,0.45,23.0,10.8,4.6,86
1998-10-03,4.9,8.7,87,2.10,231,0.97,14.0,7.1,3.9,44
1998-10-04,5.3,10.4,71,0.00,153,1.48,0.0,13.3,7.7,35
1998-10-05,6.3,12.1,81,12.00,134,0.93,16.0,18.1,15.3,40
1998-10-06,9.8,16.0,74,0.90,135,1.94,3.0,20.5,16.7,49
1998-10-07,10.7,15.3,68,0.00,137,1.71,0.0,20.4,11.0,51
1998-10-08,8.6,13.5,87,4.50,81,1.13,18.0,15.9,8.2,55
1998-10-09,5.8,12.9,89,9.70,134,1.03,14.0,14.4,7.7,58
1998-10-10,2.9,5.7,90,0.90,343,0.77,3.0,7.9,5.2,67
1998-10-11,3.3,8.1,77,0.00,117,1.08,0.0,17.1,7.3,44
1998-10-12,5.5,9.8,67,4.00,132,1.26,9.0,20.0,16.5,47
1998-10-13,7.1,11.8,76,1.50,137,1.31,5.0,18.1,15.0,58
1998-10-14,4.1,10.2,94,11.20,144,0.49,17.0,9.2,7.2,69
1998-10-15,2.1,6.1,78,0.00,339,1.01,0.0,8.9,4.6,46
1998-10-16,2.4,7.6,71,0.00,134,1.12,0.0,17.6,9.8,47
1998-10-17,4.0,6.8,74,8.70,143,1.03,14.0,19.9,14.4,48
1998-10-18,-0.1,5.0,78,0.20,141,0.65,2.0,10.8,6.6,50
1998-10-19,2.1,9.1,79,0.10,134,1.11,1.0,11.5,8.9,53
1998-10-20,3.7,10.6,81,0.00,116,1.17,0.0,10.8,8.7,57
1998-10-21,5.6,12.9,75,0.00,128,1.35,0.0,13.7,10.8,50
1998-10-22,6.3,13.2,73,0.00,128,1.41,0.0,12.1,10.6,49
1998-10-23,4.4,11.6,83,0.00,115,1.12,0.0,10.2,8.3,54
1998-10-24,5.5,11.9,73,0.00,120,1.28,0.0,12.1,10.2,49
1998-10-25,4.6,10.1,77,0.00,136,0.93,0.0,18.4,12.7,60
1998-10-26,6.0,11.0,81,0.00,141,0.87,0.0,19.1,11.4,66
1998-10-27,8.3,11.6,80,0.00,134,0.86,0.0,19.1,15.3,64
1998-10-28,2.1,10.8,87,8.90,255,0.77,11.0,18.6,8.5,42
1998-10-29,-0.2,4.1,74,3.80,142,0.57,10.0,13.0,9.2,46
1998-10-30,0.8,5.7,85,0.00,126,0.67,0.0,18.4,9.8,62
1998-10-31,3.1,7.0,73,0.40,134,1.09,2.0,22.3,17.1,58
1998-11-01,1.9,6.3,83,0.00,124,0.74,0.0,14.8,9.4,65
1998-11-02,1.3,5.4,88,0.00,16,0.53,0.0,5.4,3.2,69
1998-11-03,0.3,4.4,87,0.00,99,0.65,0.0,11.8,4.4,59
1998-11-04,1.9,5.0,73,0.00,119,0.72,0.0,16.6,11.6,64
1998-11-05,1.7,4.3,92,2.30,113,0.35,10.0,12.3,6.5,73
1998-11-06,0.8,3.7,95,0.30,13,0.32,2.0,6.6,3.7,81
1998-11-07,0.3,2.8,90,0.00,357,0.48,0.0,7.7,4.4,74
1998-11-08,-0.5,2.1,84,0.00,333,0.46,0.0,11.2,8.3,64
1998-11-09,-2.0,0.9,75,0.00,324,0.58,0.0,9.7,5.2,52
1998-11-10,-1.9,1.8,77,0.00,126,0.54,0.0,8.2,5.1,51
1998-11-11,-3.4,0.5,79,0.00,141,0.47,0.0,9.2,5.2,51
1998-11-12,-1.2,0.3,77,5.40,138,0.48,15.0,17.1,14.1,60
1998-11-13,0.0,1.6,92,22.10,110,0.40,14.0,12.1,8.0,70
1998-11-14,-4.9,1.2,91,0.20,100,0.29,1.0,8.6,7.2,76
1998-11-15,1.0,2.9,96,11.10,118,0.24,20.0,11.4,8.1,90
1998-11-16,-1.8,1.6,93,7.70,352,0.25,18.0,7.2,4.6,84
1998-11-17,-2.5,2.0,93,1.20,123,0.35,7.0,11.6,9.4,80
1998-11-18,-3.8,1.1,91,2.20,125,0.34,7.0,8.0,5.3,80
1998-11-19,-5.3,0.2,86,0.20,121,0.38,2.0,18.9,12.7,70
1998-11-20,-0.3,2.7,79,0.30,133,0.66,2.0,24.7,20.6,74
1998-11-21,-0.5,1.6,91,1.90,135,0.30,6.0,21.0,14.5,83
1998-11-22,-2.4,0.9,87,0.00,134,0.32,0.0,13.3,11.8,72
1998-11-23,-3.6,-0.4,85,0.40,114,0.29,2.0,13.3,10.9,75
1998-11-24,-1.4,1.5,83,4.90,111,0.31,14.0,12.4,8.8,76
1998-11-25,0.5,3.1,78,1.20,136,0.62,5.0,27.0,18.6,66
1998-11-26,0.7,3.1,86,0.80,140,0.43,4.0,20.5,15.4,70
1998-11-27,-1.6,1.0,85,1.10,139,0.34,7.0,14.5,11.4,74
1998-11-28,-4.1,-0.2,84,0.10,62,0.30,1.0,10.4,7.4,65
1998-11-29,-4.4,-1.3,77,0.00,103,0.38,0.0,12.5,11.3,66
1998-11-30,-4.2,-0.2,82,0.00,125,0.35,0.0,16.5,12.3,69
1998-12-01,-4.5,0.1,84,0.10,120,0.34,1.0,28.3,14.1,65
1998-12-02,-3.0,0.0,85,0.90,139,0.35,4.0,24.5,12.4,68
1998-12-03,-4.4,-2.2,82,0.00,119,0.25,0.0,11.5,8.6,72
1998-12-04,-4.6,-2.8,78,0.30,145,0.24,2.0,11.5,8.5,68
1998-12-05,-5.2,-2.3,76,1.00,133,0.36,6.0,18.6,14.1,70
1998-12-06,-4.0,-2.9,80,3.00,151,0.29,13.0,15.1,8.7,68
1998-12-07,-3.5,-0.6,76,0.30,136,0.50,3.0,24.5,18.5,69
1998-12-08,-5.2,-1.5,85,0.50,136,0.26,2.0,14.5,10.5,72
1998-12-09,-4.3,-1.1,79,1.00,135,0.38,5.0,23.7,17.8,73
1998-12-10,0.0,2.2,79,1.90,143,0.60,4.0,25.4,20.1,74
1998-12-11,-2.5,0.3,84,0.00,136,0.30,0.0,17.6,12.7,72
1998-12-12,0.2,3.5,80,1.50,136,0.52,6.0,27.1,20.7,72
1998-12-13,0.7,2.7,94,16.90,141,0.22,20.0,25.0,12.1,78
1998-12-14,-6.5,-1.2,85,0.70,121,0.20,4.0,11.4,6.2,73
1998-12-15,-3.0,-0.9,75,3.30,132,0.51,10.0,21.7,15.4,69
1998-12-16,-1.2,2.0,86,3.40,126,0.30,8.0,18.8,13.8,77
1998-12-17,-2.6,0.9,81,3.20,272,0.34,10.0,19.6,13.2,59
1998-12-18,-12.1,-5.7,69,0.00,333,0.29,0.0,14.0,12.0,58
1998-12-19,-19.4,-16.4,69,0.00,346,0.21,0.0,14.8,13.0,49
1998-12-20,-20.9,-16.2,71,0.00,32,0.15,0.0,13.7,7.5,50
1998-12-21,-16.3,-13.5,68,0.40,104,0.18,4.0,8.9,5.8,57
1998-12-22,-18.0,-13.8,78,0.00,88,0.10,0.0,6.8,4.7,63
1998-12-23,-16.8,-12.0,77,0.10,103,0.14,1.0,11.3,7.7,65
1998-12-24,-11.4,-8.4,74,10.50,124,0.27,23.0,16.1,13.6,67
1998-12-25,-11.3,-7.6,81,0.60,116,0.18,3.0,11.4,9.5,72
1998-12-26,-9.7,-6.2,85,4.20,118,0.14,14.0,8.6,6.7,74
1998-12-27,-9.7,-5.9,86,2.20,101,0.16,10.0,8.6,6.6,80
1998-12-28,-8.6,-5.7,85,6.10,339,0.14,23.0,10.7,6.5,69
1998-12-29,-7.5,-0.7,87,8.00,110,0.15,17.0,12.1,8.1,79
1998-12-30,-8.2,-1.1,90,0.00,94,0.15,0.0,9.5,6.0,80
1998-12-31,-1.0,0.7,76,2.80,144,0.56,7.0,21.1,15.7,49
1999-01-01,-11.4,-1.9,74,0.00,257,0.21,0.0,15.8,6.2,63
1999-01-02,-11.8,-6.8,80,0.00,114,0.17,0.0,9.7,8.3,70
1999-01-03,-10.2,-5.9,84,0.20,122,0.16,1.0,10.6,10.0,75
1999-01-04,-3.1,-0.8,86,9.40,130,0.19,23.0,12.5,11.2,81
1999-01-05,-1.6,0.2,95,7.30,128,0.16,17.0,8.9,5.9,91
1999-01-06,-5.5,-0.2,87,8.10,327,0.15,23.0,12.5,7.5,76
1999-01-07,-7.4,-4.5,87,7.30,53,0.18,19.0,9.0,5.1,79
1999-01-08,-5.6,-3.0,91,11.00,117,0.13,18.0,10.0,7.4,88
1999-01-09,-5.0,-3.0,90,0.70,119,0.23,4.0,9.2,7.8,77
1999-01-10,-7.0,-2.7,89,5.60,122,0.14,6.0,13.0,11.1,85
1999-01-11,-1.7,1.1,94,7.10,134,0.17,11.0,12.0,9.0,84
1999-01-12,-0.7,1.7,90,6.40,156,0.37,20.0,19.0,9.3,50
1999-01-13,-4.8,-0.3,76,0.00,136,0.36,0.0,22.5,13.2,57
1999-01-14,-0.5,0.9,81,7.00,139,0.56,16.0,25.0,18.6,67
1999-01-15,-5.6,-0.4,79,0.00,163,0.29,0.0,12.4,8.7,69
1999-01-16,-9.0,-5.6,85,0.10,78,0.21,1.0,9.7,5.9,78
1999-01-17,-9.3,-5.4,86,0.00,86,0.22,0.0,9.7,6.9,76
1999-01-18,-6.7,-3.7,86,2.40,106,0.21,11.0,12.4,10.4,79
1999-01-19,-5.2,-1.0,89,2.30,129,0.32,7.0,13.6,12.4,74
1999-01-20,-6.8,-2.8,88,0.70,10,0.19,5.0,11.0,6.8,78
1999-01-21,-8.5,-6.2,84,1.20,325,0.20,12.0,7.7,5.7,79
1999-01-22,-9.1,-8.0,85,6.70,341,0.19,14.0,10.7,5.8,75
1999-01-23,-17.0,-10.5,72,0.10,316,0.27,1.0,15.3,12.0,57
1999-01-24,-19.8,-13.0,70,0.20,118,0.19,2.0,11.4,9.0,57
1999-01-25,-11.0,-6.3,77,6.30,128,0.27,21.0,14.1,11.7,65
1999-01-26,-8.0,-4.8,83,1.70,360,0.33,9.0,9.4,5.7,52
1999-01-27,-8.0,-3.6,72,0.30,131,0.51,2.0,25.7,17.6,64
1999-01-28,-8.9,-3.9,82,1.70,124,0.35,4.0,18.4,11.4,65
1999-01-29,-3.6,1.4,84,13.70,126,0.32,20.0,17.0,11.9,76
1999-01-30,-5.8,-0.4,82,0.60,143,0.38,2.0,11.4,8.7,71
1999-01-31,-6.6,-2.6,85,0.40,124,0.33,2.0,13.7,12.0,65
1999-02-01,-8.0,-3.1,72,2.90,156,0.35,12.0,14.7,9.9,57
1999-02-02,-2.8,1.7,82,5.70,139,0.48,13.0,20.5,16.7,66
1999-02-03,-4.4,2.0,71,1.10,207,0.64,3.0,20.0,11.1,58
1999-02-04,-4.7,-2.6,84,6.20,150,0.46,13.0,16.7,10.6,68
1999-02-05,-4.9,-0.8,75,0.00,133,0.63,0.0,32.4,19.6,58
1999-02-06,-3.1,0.8,78,0.00,138,0.76,0.0,30.6,20.0,63
1999-02-07,-2.9,-0.1,84,4.90,134,0.63,14.0,12.8,6.3,45
1999-02-08,-5.7,-0.7,77,0.30,130,0.49,3.0,22.6,11.7,52
1999-02-09,-10.1,-2.6,80,0.80,141,0.47,3.0,16.5,8.0,63
1999-02-10,-12.6,-6.4,72,0.00,118,0.38,0.0,10.5,8.7,59
1999-02-11,-8.4,-1.2,69,0.00,129,0.75,0.0,28.3,19.7,53
1999-02-12,-2.1,1.0,62,0.00,139,1.15,0.0,28.9,25.0,55
1999-02-13,-0.6,2.8,65,0.80,142,1.12,3.0,23.5,18.7,56
1999-02-14,-4.8,1.7,79,0.00,139,0.74,0.0,10.7,6.1,46
1999-02-15,-8.4,-1.0,75,0.00,121,0.67,0.0,18.6,11.0,54
1999-02-16,-1.8,2.9,69,0.00,132,1.10,0.0,21.0,18.7,56
1999-02-17,-1.1,2.2,79,0.50,135,0.82,3.0,17.6,14.3,62
1999-02-18,-6.1,0.6,84,0.10,113,0.60,1.0,7.6,5.8,66
1999-02-19,-3.9,0.6,81,0.90,161,0.75,7.0,8.4,5.4,49
1999-02-20,-4.6,1.6,74,0.00,130,0.88,0.0,19.8,13.6,54
1999-02-21,-1.8,2.5,70,0.00,130,1.05,0.0,19.7,15.7,55
1999-02-22,-1.0,2.0,76,0.20,136,0.87,1.0,34.9,21.3,61
1999-02-23,-3.6,1.4,71,2.30,176,0.97,5.0,24.9,10.9,44
1999-02-24,-0.6,5.7,73,3.20,130,1.18,9.0,21.4,17.1,50
1999-02-25,-0.6,4.7,84,1.10,134,0.90,3.0,16.6,13.6,55
1999-02-26,-2.7,3.1,74,0.80,200,1.00,4.0,13.2,7.6,37
1999-02-27,-2.3,2.2,67,0.30,134,1.13,2.0,20.8,16.1,46
1999-02-28,-0.4,3.9,82,1.90,134,0.96,4.0,16.8,13.8,59
1999-03-01,-3.5,2.6,80,0.00,136,0.66,0.0,12.8,9.6,63
1999-03-02,-4.4,0.8,77,0.10,129,0.91,1.0,13.8,10.8,46
1999-03-03,-2.5,1.6,76,3.40,82,0.79,11.0,11.7,7.4,52
1999-03-04,-2.1,0.6,86,6.10,127,0.77,17.0,7.7,5.7,63
1999-03-05,-3.9,0.5,79,0.00,140,0.97,0.0,7.1,3.8,60
1999-03-06,-5.0,-0.6,75,0.00,123,0.93,0.0,12.0,6.1,46
1999-03-07,-7.4,-0.5,71,0.00,125,1.03,0.0,13.4,9.9,44
1999-03-08,-4.4,1.5,69,0.00,129,1.21,0.0,26.1,15.9,45
1999-03-09,-3.4,1.9,74,0.00,133,1.16,0.0,19.6,11.2,55
1999-03-10,-3.0,3.1,77,0.00,131,1.17,0.0,16.3,10.5,49
1999-03-11,-2.8,2.8,76,0.00,134,1.22,0.0,17.2,11.7,46
1999-03-12,0.4,4.1,62,0.00,139,1.64,0.0,26.4,19.8,48
1999-03-13,1.4,5.3,74,0.80,141,1.14,5.0,25.9,18.4,57
1999-03-14,-0.3,4.2,82,9.90,308,1.14,16.0,12.6,7.3,48
1999-03-15,-4.8,1.9,72,0.00,160,1.01,0.0,13.6,7.0,48
1999-03-16,-4.0,-0.3,69,0.30,271,1.29,2.0,9.8,6.5,34
1999-03-17,-4.8,3.6,61,0.10,122,1.32,1.0,24.9,12.8,41
1999-03-18,-1.8,3.4,73,0.00,138,1.42,0.0,17.8,14.1,45
1999-03-19,-3.1,4.4,76,0.00,126,1.43,0.0,9.9,8.2,49
1999-03-20,0.9,9.3,73,0.00,118,1.89,0.0,11.6,10.2,48
1999-03-21,1.9,9.5,75,0.00,99,1.89,0.0,8.2,7.1,53
1999-03-22,2.6,7.5,79,0.40,137,1.66,2.0,16.8,11.5,51
1999-03-23,2.9,7.8,70,0.70,134,1.75,4.0,17.1,13.5,43
1999-03-24,3.6,9.5,68,0.00,133,2.09,0.0,29.7,17.7,43
1999-03-25,1.9,9.0,71,3.00,159,1.75,9.0,22.5,14.2,38
1999-03-26,-0.2,4.7,62,1.10,175,1.76,5.0,17.5,11.3,40
1999-03-27,-2.8,1.5,54,0.20,239,1.57,1.0,11.5,7.3,36
1999-03-28,-3.7,1.8,57,0.00,149,1.45,0.0,18.1,11.8,37
1999-03-29,-0.8,3.5,58,0.60,130,1.93,4.0,20.7,16.0,43
1999-03-30,-0.0,3.4,65,0.00,138,1.75,0.0,17.1,12.0,43
1999-03-31,-1.2,4.3,63,0.00,358,1.84,0.0,8.4,6.2,27
1999-04-01,0.0,5.5,61,0.00,109,2.12,0.0,7.9,6.0,38
1999-04-02,0.6,4.9,59,0.20,136,1.64,1.0,16.0,9.6,43
1999-04-03,-0.9,1.5,75,5.10,324,1.09,16.0,20.5,15.3,54
1999-04-04,-1.2,1.9,65,0.20,297,1.51,2.0,15.9,7.0,48
1999-04-05,-2.1,2.8,66,0.00,329,1.55,0.0,13.6,8.8,35
1999-04-06,-0.6,6.0,63,0.10,155,1.48,1.0,12.4,7.9,45
1999-04-07,2.3,6.5,74,2.00,136,1.20,11.0,15.7,12.9,56
1999-04-08,1.6,6.4,78,3.30,147,1.45,12.0,13.8,10.0,60
1999-04-09,-1.6,2.3,58,2.70,230,1.73,6.0,11.6,6.3,30
1999-04-10,-0.9,5.2,48,0.00,129,2.32,0.0,12.4,8.7,28
1999-04-11,0.6,7.6,59,0.00,144,2.18,0.0,21.2,13.1,38
1999-04-12,3.3,6.8,56,2.10,174,2.28,6.0,16.9,13.6,38
1999-04-13,-1.3,3.7,48,1.20,285,2.00,5.0,15.6,11.0,35
1999-04-14,0.2,7.6,51,0.00,295,2.51,0.0,16.0,5.8,23
1999-04-15,2.4,8.8,58,0.00,114,2.74,0.0,6.1,5.0,23
1999-04-16,4.2,11.3,63,0.00,118,2.76,0.0,10.6,8.3,43
1999-04-17,6.5,13.4,63,0.00,119,2.94,0.0,10.0,8.1,44
1999-04-18,8.2,13.6,59,0.10,128,2.56,1.0,11.2,6.4,34
1999-04-19,6.1,11.0,71,0.10,126,2.51,1.0,13.0,7.3,45
1999-04-20,3.3,7.8,87,12.80,229,1.33,22.0,12.0,8.1,55
1999-04-21,1.8,6.0,72,0.70,329,1.33,3.0,13.0,8.2,53
1999-04-22,3.5,12.8,73,0.20,328,2.51,1.0,13.0,6.8,29
1999-04-23,5.4,15.8,65,0.00,125,2.55,0.0,11.6,8.9,28
1999-04-24,9.6,17.7,59,0.00,117,3.60,0.0,18.2,9.0,27
1999-04-25,7.3,17.5,66,3.00,81,2.57,7.0,20.9,12.8,33
1999-04-26,0.9,5.8,65,1.80,312,2.31,7.0,9.9,7.8,39
1999-04-27,0.6,5.7,57,1.40,338,2.04,6.0,13.7,10.1,39
1999-04-28,2.2,8.2,65,0.30,352,2.86,3.0,11.3,8.2,36
1999-04-29,3.8,9.2,53,0.00,37,3.46,0.0,11.5,5.1,33
1999-04-30,4.5,14.3,54,0.00,128,3.38,0.0,11.6,8.7,27
1999-05-01,6.3,13.6,69,4.20,141,1.89,7.0,9.4,6.0,31
1999-05-02,3.6,8.9,80,4.10,173,2.23,10.0,12.7,7.4,42
1999-05-03,1.6,8.4,82,10.20,326,1.31,20.0,12.3,6.5,42
1999-05-04,0.6,4.9,60,0.00,260,2.62,0.0,8.9,6.6,42
1999-05-05,2.1,9.9,53,0.70,173,2.88,1.0,14.2,8.0,30
1999-05-06,8.4,15.5,44,0.00,139,4.31,0.0,26.2,20.0,32
1999-05-07,5.6,14.4,68,10.40,170,2.70,15.0,24.9,12.5,38
1999-05-08,1.5,6.8,52,0.10,236,2.76,1.0,9.2,5.8,35
1999-05-09,2.2,7.9,62,0.60,207,3.00,3.0,6.6,3.6,31
1999-05-10,3.9,10.9,51,0.10,146,3.36,1.0,11.3,4.0,24
1999-05-11,5.3,11.1,50,0.00,141,3.05,0.0,17.4,13.1,24
1999-05-12,5.1,10.3,77,4.90,310,2.29,15.0,14.5,8.5,37
1999-05-13,5.5,10.2,49,0.00,303,2.84,0.0,12.5,8.4,34
1999-05-14,5.2,11.3,66,0.20,331,3.15,1.0,11.8,8.5,35
1999-05-15,6.4,13.3,60,0.10,332,3.71,1.0,10.9,7.2,36
1999-05-16,5.8,12.9,79,4.10,327,2.14,9.0,6.9,2.7,35
1999-05-17,4.8,10.8,88,2.80,151,2.32,16.0,8.4,5.6,50
1999-05-18,6.0,10.4,71,1.40,132,2.14,7.0,9.5,7.9,50
1999-05-19,5.6,11.8,77,4.90,236,2.74,11.0,7.3,4.9,36
1999-05-20,7.4,11.8,56,0.20,131,2.92,2.0,11.6,8.6,36
1999-05-21,7.9,13.3,63,0.70,157,3.39,5.0,10.7,5.6,34
1999-05-22,9.7,19.3,55,0.00,184,3.56,0.0,15.3,7.4,33
1999-05-23,14.3,23.9,56,0.00,167,4.82,0.0,11.6,8.4,27
1999-05-24,16.6,24.9,49,0.00,131,5.59,0.0,16.0,12.4,22
1999-05-25,11.7,22.7,47,0.50,296,3.79,4.0,16.6,13.1,21
1999-05-26,7.2,15.3,42,0.00,267,4.13,0.0,14.9,8.9,25
1999-05-27,11.0,15.6,52,0.90,194,3.48,5.0,13.1,7.7,27
1999-05-28,6.9,14.7,43,0.10,304,3.82,1.0,16.7,10.8,25
1999-05-29,6.7,11.6,44,0.20,339,3.87,1.0,11.6,9.6,25
1999-05-30,6.6,11.6,54,1.10,151,2.27,5.0,12.4,7.8,29
1999-05-31,8.2,14.9,84,19.90,149,2.45,24.0,11.9,7.3,41
1999-06-01,7.1,13.9,49,1.00,343,3.17,1.0,16.4,12.1,35
1999-06-02,8.6,17.3,59,0.00,22,4.08,0.0,12.0,5.3,31
1999-06-03,11.9,17.7,54,0.00,269,3.80,0.0,14.4,5.2,31
1999-06-04,11.3,17.4,54,0.40,295,3.03,2.0,14.5,8.6,33
1999-06-05,9.0,13.5,79,15.90,112,1.83,17.0,16.3,10.7,61
1999-06-06,5.9,11.6,72,4.10,271,3.35,9.0,8.2,5.1,40
1999-06-07,6.5,11.5,65,0.20,201,3.19,1.0,8.6,5.5,37
1999-06-08,5.8,11.0,74,3.90,207,2.23,12.0,8.1,4.4,38
1999-06-09,6.9,11.2,82,2.50,272,2.22,10.0,8.4,4.7,58
1999-06-10,6.6,14.1,82,9.90,321,2.91,9.0,10.0,7.8,35
1999-06-11,10.4,17.6,59,0.00,152,4.27,0.0,9.8,6.4,34
1999-06-12,13.2,21.7,54,0.00,114,5.04,0.0,12.4,8.4,27
1999-06-13,15.7,21.7,51,0.00,110,4.18,0.0,12.2,8.8,27
1999-06-14,15.9,23.3,62,0.00,115,4.32,0.0,9.2,6.7,33
1999-06-15,18.3,26.5,58,0.00,96,5.06,0.0,7.9,5.8,27
1999-06-16,17.9,26.0,57,1.60,131,4.35,3.0,10.1,7.9,28
1999-06-17,15.9,21.6,58,0.10,70,4.20,1.0,7.3,3.7,31
1999-06-18,15.2,21.2,53,0.00,145,4.05,0.0,8.7,6.0,32
1999-06-19,11.5,15.9,76,10.00,246,3.47,16.0,12.7,6.1,48
1999-06-20,11.1,15.1,63,1.70,146,2.65,7.0,17.9,10.4,43
1999-06-21,10.4,15.4,75,2.60,152,3.32,9.0,17.0,7.5,42
1999-06-22,9.1,14.1,77,6.70,284,2.42,10.0,10.2,4.5,49
1999-06-23,9.1,15.0,81,2.30,274,3.31,10.0,7.6,4.5,48
1999-06-24,10.9,15.1,74,3.20,24,3.04,2.0,5.9,3.3,47
1999-06-25,9.9,14.0,91,17.50,195,2.16,24.0,8.4,5.0,63
1999-06-26,10.3,14.4,77,9.30,290,3.23,7.0,12.6,5.8,58
1999-06-27,9.0,14.4,76,2.40,248,3.20,8.0,10.0,4.9,40
1999-06-28,9.4,14.5,71,4.20,211,2.21,9.0,10.5,6.1,36
1999-06-29,9.2,12.3,75,1.50,172,2.32,5.0,12.0,8.1,49
1999-06-30,10.1,15.0,79,5.90,132,3.05,15.0,7.1,4.0,56
1999-07-01,9.1,14.9,88,11.60,282,1.71,22.0,9.7,5.0,58
1999-07-02,8.1,11.2,85,7.60,338,1.68,14.0,9.2,7.7,64
1999-07-03,10.0,16.8,80,3.70,342,3.49,6.0,10.7,8.8,47
1999-07-04,11.8,17.3,75,1.70,148,3.97,6.0,11.4,7.2,47
1999-07-05,10.9,16.9,81,12.40,259,2.75,19.0,11.2,5.0,49
1999-07-06,12.2,20.4,74,0.00,117,4.28,0.0,9.0,4.6,38
1999-07-07,13.2,20.4,73,2.20,59,2.54,7.0,10.4,5.7,38
1999-07-08,12.3,19.4,72,2.80,290,3.35,9.0,10.0,7.0,37
1999-07-09,15.2,23.1,61,0.00,126,5.07,0.0,9.7,7.3,33
1999-07-10,18.1,24.6,55,0.00,136,5.16,0.0,10.3,8.2,29
1999-07-11,18.1,24.7,59,0.00,273,4.93,0.0,11.0,5.8,28
1999-07-12,16.0,22.9,54,0.00,322,4.92,0.0,13.0,9.8,29
1999-07-13,13.7,21.4,49,0.00,335,4.91,0.0,12.3,10.2,29
1999-07-14,11.9,16.8,66,3.00,354,3.18,7.0,21.4,16.3,45
1999-07-15,10.3,16.6,57,1.00,12,2.89,5.0,20.2,10.0,46
1999-07-16,10.3,18.2,60,0.20,323,4.03,1.0,9.4,5.3,33
1999-07-17,13.7,21.0,52,0.00,330,4.99,0.0,10.0,6.9,29
1999-07-18,15.7,22.3,54,0.40,328,5.05,1.0,10.4,6.4,29
1999-07-19,16.4,23.9,67,0.10,146,4.68,1.0,9.7,7.7,36
1999-07-20,17.4,23.9,66,1.30,163,4.38,6.0,10.6,4.7,35
1999-07-21,16.9,23.8,69,0.70,190,4.56,3.0,9.4,5.3,31
1999-07-22,16.9,23.7,54,0.00,226,3.87,0.0,13.5,7.8,30
1999-07-23,13.1,19.2,78,9.40,343,2.19,18.0,6.6,4.8,43
1999-07-24,11.6,16.5,67,0.40,314,3.90,2.0,11.6,7.0,40
1999-07-25,11.7,17.7,65,0.00,275,3.37,0.0,9.0,5.2,33
1999-07-26,14.9,19.8,58,0.00,138,3.03,0.0,7.2,3.4,33
1999-07-27,17.1,23.3,65,0.00,192,3.74,0.0,12.6,6.3,34
1999-07-28,16.2,21.2,78,7.40,112,1.68,15.0,11.0,7.0,44
1999-07-29,13.9,19.9,74,10.10,323,3.75,10.0,14.8,8.8,26
1999-07-30,12.6,19.4,54,0.10,333,3.97,1.0,12.1,9.9,27
1999-07-31,11.9,17.7,61,0.00,335,3.74,0.0,13.3,8.1,36
1999-08-01,13.6,20.4,58,0.00,343,4.07,0.0,9.7,5.1,36
1999-08-02,16.2,25.1,64,0.00,40,4.52,0.0,5.9,3.7,34
1999-08-03,19.7,27.9,58,0.00,11,5.00,0.0,7.1,4.1,28
1999-08-04,21.1,28.3,55,0.00,20,4.67,0.0,6.8,3.8,27
1999-08-05,20.6,27.3,61,0.00,72,3.98,0.0,7.4,3.9,30
1999-08-06,20.2,25.5,61,0.60,16,4.16,2.0,7.7,3.9,36
1999-08-07,20.1,25.6,66,0.50,127,4.24,2.0,8.4,4.7,42
1999-08-08,18.6,25.2,70,0.30,201,4.31,1.0,9.4,5.5,25
1999-08-09,18.3,25.2,51,0.00,336,4.03,0.0,11.6,7.9,25
1999-08-10,16.2,21.0,57,0.20,333,4.07,2.0,10.2,8.4,36
1999-08-11,15.6,22.6,57,0.00,14,3.64,0.0,10.4,4.8,35
1999-08-12,13.8,22.1,79,2.70,305,2.55,7.0,7.4,5.2,37
1999-08-13,13.5,18.4,73,0.30,314,3.04,2.0,6.6,3.2,48
1999-08-14,14.8,19.9,68,0.00,176,3.20,0.0,6.2,3.8,35
1999-08-15,14.3,20.1,65,3.10,182,2.36,3.0,9.5,5.1,34
1999-08-16,11.1,18.5,85,4.50,147,2.55,10.0,9.7,7.4,38
1999-08-17,15.0,22.2,58,0.00,138,4.16,0.0,12.2,10.3,33
1999-08-18,17.6,25.7,55,0.00,129,4.75,0.0,13.1,10.1,27
1999-08-19,18.4,25.8,57,0.00,138,4.52,0.0,13.4,8.4,28
1999-08-20,18.2,25.0,55,0.00,149,4.24,0.0,13.2,6.9,29
1999-08-21,15.4,24.8,61,9.00,184,3.39,10.0,13.9,9.0,28
1999-08-22,13.6,20.8,50,0.00,80,3.98,0.0,10.6,5.7,27
1999-08-23,16.8,24.9,56,0.20,117,4.18,1.0,10.7,6.5,31
1999-08-24,16.5,24.9,66,0.60,127,2.65,2.0,17.5,10.4,34
1999-08-25,14.7,20.7,71,20.40,215,2.84,18.0,14.1,9.4,30
1999-08-26,11.8,17.9,56,0.30,10,2.38,3.0,14.2,7.3,28
1999-08-27,14.8,24.4,68,0.00,87,3.59,0.0,10.5,6.2,35
1999-08-28,18.6,26.2,55,0.00,120,3.37,0.0,13.0,10.9,34
1999-08-29,12.7,25.8,60,2.00,335,2.21,3.0,20.1,11.7,35
1999-08-30,7.4,11.3,76,0.20,336,1.81,1.0,13.6,6.2,42
1999-08-31,8.3,12.6,55,0.20,318,2.82,2.0,14.1,9.7,36
1999-09-01,8.7,13.0,65,0.20,105,2.51,1.0,8.6,5.0,36
1999-09-02,9.0,15.2,65,0.00,29,2.57,0.0,5.2,3.2,31
1999-09-03,11.0,19.0,60,0.00,131,3.16,0.0,9.3,5.3,29
1999-09-04,11.5,18.9,68,4.30,128,1.94,9.0,12.0,9.0,29
1999-09-05,11.5,15.5,74,5.90,137,2.29,13.0,17.9,14.8,57
1999-09-06,7.8,12.3,86,7.40,241,1.21,16.0,7.6,5.1,57
1999-09-07,8.1,14.7,71,0.00,242,2.59,0.0,7.8,3.9,35
1999-09-08,11.4,19.5,55,0.20,127,3.30,1.0,16.7,10.8,35
1999-09-09,11.7,19.5,65,3.90,130,2.22,6.0,15.1,10.5,36
1999-09-10,8.7,12.7,62,0.00,303,2.23,0.0,14.0,7.6,32
1999-09-11,8.0,14.6,60,0.00,345,2.74,0.0,11.4,4.7,34
1999-09-12,10.7,18.8,62,0.00,72,2.87,0.0,6.2,3.7,31
1999-09-13,12.2,20.9,66,0.00,76,2.94,0.0,5.2,3.6,29
1999-09-14,13.1,22.0,67,0.00,103,2.81,0.0,7.6,4.7,30
1999-09-15,13.8,21.8,69,0.00,111,2.85,0.0,8.4,5.9,34
1999-09-16,13.5,21.6,59,0.00,337,2.82,0.0,11.8,9.4,33
1999-09-17,11.3,16.9,62,0.00,1,2.27,0.0,8.2,4.7,36
1999-09-18,11.8,18.3,61,0.00,18,2.21,0.0,6.6,4.0,37
1999-09-19,13.9,23.1,70,0.00,117,2.83,0.0,10.0,6.3,37
1999-09-20,15.5,22.9,64,0.00,58,2.92,0.0,9.1,5.2,37
1999-09-21,14.7,21.5,67,0.00,36,2.17,0.0,4.3,2.8,38
1999-09-22,14.7,23.4,70,0.00,113,2.56,0.0,14.0,7.9,32
1999-09-23,13.3,22.9,61,7.00,210,2.29,10.0,15.5,9.9,34
1999-09-24,6.5,11.4,53,0.80,238,1.94,3.0,13.2,8.2,35
1999-09-25,4.1,8.9,83,10.40,280,1.27,19.0,13.4,9.7,46
1999-09-26,4.0,8.5,59,0.30,281,1.79,1.0,13.0,7.1,35
1999-09-27,3.7,9.1,62,0.00,299,1.67,0.0,10.4,6.2,29
1999-09-28,4.1,8.8,58,1.80,130,1.30,6.0,23.0,13.9,30
1999-09-29,5.2,8.6,78,4.10,123,1.26,12.0,18.9,8.7,52
1999-09-30,4.8,8.7,74,0.00,351,1.50,0.0,11.5,6.6,41
1999-10-01,2.7,7.9,65,0.00,345,1.45,0.0,12.4,7.9,43
1999-10-02,1.8,8.2,63,0.00,4,1.60,0.0,11.5,4.9,43
1999-10-03,5.1,13.7,66,0.00,129,1.97,0.0,10.9,9.7,39
1999-10-04,6.3,13.2,69,0.00,90,1.85,0.0,8.6,5.8,43
1999-10-05,6.8,13.4,70,0.00,109,1.77,0.0,12.2,8.8,45
1999-10-06,7.2,13.3,76,0.10,133,1.57,1.0,13.8,10.3,42
1999-10-07,7.6,12.6,73,2.70,146,1.40,13.0,13.6,11.4,47
1999-10-08,5.2,8.8,83,3.80,151,1.06,11.0,6.1,4.2,54
1999-10-09,2.5,7.5,77,1.20,162,1.33,3.0,8.1,4.5,41
1999-10-10,1.7,7.0,75,0.10,127,1.24,1.0,10.1,8.4,41
1999-10-11,1.9,6.8,76,0.00,92,1.30,0.0,5.8,4.1,41
1999-10-12,2.0,7.0,72,0.20,124,1.13,1.0,19.9,10.6,49
1999-10-13,2.9,9.9,87,11.90,152,1.23,13.0,20.9,14.5,39
1999-10-14,2.6,8.7,56,0.40,276,1.52,1.0,16.0,9.8,29
1999-10-15,0.7,4.4,58,0.00,298,1.17,0.0,11.5,7.4,33
1999-10-16,1.7,6.3,54,0.00,135,1.34,0.0,17.4,11.5,37
1999-10-17,4.0,10.1,78,7.80,126,1.19,11.0,14.6,9.2,51
1999-10-18,3.6,9.3,81,0.00,96,1.11,0.0,6.2,3.7,54
1999-10-19,3.9,10.9,80,0.00,118,1.22,0.0,11.3,9.4,56
1999-10-20,4.2,9.4,83,0.10,123,0.54,1.0,12.9,11.3,67
1999-10-21,6.5,13.8,79,0.60,123,1.24,4.0,12.6,10.4,51
1999-10-22,7.6,14.1,73,0.00,130,1.54,0.0,15.7,13.1,46
1999-10-23,8.4,15.5,62,0.00,132,2.10,0.0,23.8,17.3,37
1999-10-24,5.7,14.3,54,1.20,185,1.86,3.0,25.1,12.9,30
1999-10-25,4.5,9.8,52,0.20,136,1.67,1.0,25.5,15.4,37
1999-10-26,1.3,8.0,69,1.50,199,1.02,3.0,15.0,7.8,33
1999-10-27,-0.3,4.1,65,0.00,113,0.78,0.0,16.3,9.0,35
1999-10-28,2.1,5.5,69,3.40,133,0.96,8.0,19.7,16.3,34
1999-10-29,-0.0,4.1,90,2.30,144,0.45,5.0,25.3,13.2,66
1999-10-30,2.2,6.6,78,0.00,144,0.95,0.0,22.3,12.0,45
1999-10-31,0.9,5.4,68,0.80,323,0.90,4.0,16.6,10.3,41
1999-11-01,-2.0,1.6,74,0.00,130,0.74,0.0,16.1,9.1,49
1999-11-02,-1.3,3.0,68,0.00,137,0.82,0.0,14.9,12.6,48
1999-11-03,-0.6,1.6,73,8.60,139,0.57,12.0,16.4,14.0,59
1999-11-04,-3.2,-0.9,80,5.10,243,0.60,9.0,15.2,7.2,54
1999-11-05,-5.7,-1.3,73,0.00,116,0.59,0.0,14.4,10.4,62
1999-11-06,-0.3,4.2,74,1.30,135,0.74,5.0,20.7,16.9,66
1999-11-07,2.7,6.5,95,6.80,138,0.43,16.0,13.5,9.4,80
1999-11-08,1.9,5.4,98,12.50,52,0.28,21.0,10.0,5.6,86
1999-11-09,4.6,6.6,77,0.70,136,0.90,3.0,27.3,21.7,62
1999-11-10,3.5,7.2,84,1.90,144,0.73,11.0,20.5,15.6,60
1999-11-11,1.6,5.2,90,3.30,128,0.29,9.0,15.8,13.0,70
1999-11-12,1.6,3.4,96,8.30,185,0.42,14.0,9.2,5.4,78
1999-11-13,-0.8,2.5,90,0.00,116,0.41,0.0,16.5,7.0,69
1999-11-14,3.1,8.5,87,1.60,133,0.45,6.0,15.9,14.5,75
1999-11-15,6.3,9.0,84,0.00,128,0.55,0.0,15.6,13.0,72
1999-11-16,6.7,11.3,74,0.00,131,1.10,0.0,18.8,15.9,54
1999-11-17,3.6,9.2,90,11.30,306,0.38,18.0,14.7,8.2,61
1999-11-18,0.1,3.1,89,0.00,116,0.40,0.0,16.7,7.2,62
1999-11-19,2.4,5.3,68,0.10,134,1.01,1.0,21.6,17.9,58
1999-11-20,1.5,4.2,87,2.90,144,0.39,12.0,19.6,11.9,65
1999-11-21,-2.1,1.6,85,0.20,127,0.39,1.0,7.3,6.0,56
1999-11-22,-2.3,-0.6,74,0.80,139,0.47,3.0,16.6,11.0,66
1999-11-23,-2.7,0.5,80,1.10,135,0.41,5.0,10.0,7.7,57
1999-11-24,-0.7,1.6,76,2.00,137,0.56,12.0,22.9,17.5,73
1999-11-25,-2.4,0.0,80,1.80,135,0.32,3.0,11.6,4.4,58
1999-11-26,-3.6,-1.0,65,0.00,55,0.35,0.0,7.6,4.9,35
1999-11-27,-5.7,-2.7,63,0.00,113,0.44,0.0,15.5,9.4,41
1999-11-28,-1.7,3.3,63,0.20,131,0.94,2.0,23.0,19.0,54
1999-11-29,1.4,5.9,69,0.00,135,0.96,0.0,23.7,19.9,58
1999-11-30,1.8,4.9,79,0.70,147,0.67,3.0,26.8,14.3,61
1999-12-01,-1.7,1.2,82,0.60,130,0.27,4.0,19.5,11.0,62
1999-12-02,-0.9,-0.4,84,14.20,137,0.36,19.0,20.4,14.5,64
1999-12-03,-7.4,-2.1,76,0.00,111,0.29,0.0,14.8,9.2,66
1999-12-04,-2.4,0.3,75,2.00,136,0.58,5.0,23.5,20.6,67
1999-12-05,-3.0,-0.2,79,1.10,142,0.42,5.0,21.7,15.7,70
1999-12-06,-2.0,-1.2,85,4.80,144,0.31,9.0,24.4,14.9,78
1999-12-07,-10.6,-2.9,88,0.00,121,0.15,0.0,9.0,6.1,78
1999-12-08,-10.8,-4.1,85,0.00,119,0.23,0.0,22.8,11.8,66
1999-12-09,-3.1,-1.2,73,0.10,135,0.62,1.0,25.0,19.8,67
1999-12-10,-6.8,-2.7,88,1.40,128,0.18,7.0,12.5,9.6,78
1999-12-11,-4.1,-2.6,88,8.70,135,0.23,15.0,15.6,11.2,80
1999-12-12,-2.4,0.4,86,5.50,133,0.23,11.0,21.1,13.1,72
1999-12-13,-9.5,-0.9,78,0.00,154,0.23,0.0,13.1,9.3,67
1999-12-14,-11.9,-6.9,86,0.20,130,0.17,2.0,13.2,10.0,73
1999-12-15,-4.5,0.5,84,4.20,130,0.29,8.0,23.7,15.9,77
1999-12-16,-4.9,-0.7,89,0.00,132,0.22,0.0,19.2,11.0,76
1999-12-17,-4.7,-1.2,90,2.60,130,0.15,6.0,15.2,12.0,87
1999-12-18,-2.8,-1.0,82,3.40,294,0.33,14.0,20.4,12.7,59
1999-12-19,-9.8,-7.0,79,4.40,106,0.18,8.0,12.7,8.4,69
1999-12-20,-9.5,-4.1,85,0.00,115,0.15,0.0,10.1,8.8,76
1999-12-21,-6.2,-3.7,86,0.00,83,0.19,0.0,6.9,5.2,78
1999-12-22,-7.7,-3.4,90,0.00,105,0.17,0.0,8.9,7.1,82
1999-12-23,-7.9,-3.2,87,0.00,119,0.20,0.0,11.1,9.8,77
1999-12-24,-6.1,-1.9,84,0.00,128,0.22,0.0,14.1,11.9,75
1999-12-25,-8.5,-3.1,83,0.00,114,0.22,0.0,11.0,9.3,71
1999-12-26,-8.7,-3.8,82,0.00,114,0.22,0.0,11.4,9.8,72
1999-12-27,-9.1,-3.3,83,0.00,116,0.23,0.0,12.1,10.7,71
1999-12-28,-9.4,-4.2,82,0.00,119,0.22,0.0,12.7,11.5,71
1999-12-29,-7.5,-4.0,82,0.00,119,0.20,0.0,13.7,9.8,67
1999-12-30,-11.3,-6.8,83,0.10,114,0.15,1.0,10.5,8.3,73
1999-12-31,-7.1,-3.9,88,3.80,121,0.18,17.0,10.7,8.2,81
2000-01-01,-7.9,-4.7,87,2.40,122,0.18,9.0,10.8,7.4,74
2000-01-02,-11.3,-7.5,84,0.80,6,0.14,6.0,9.2,4.8,74
2000-01-03,-13.2,-5.3,83,1.20,118,0.18,6.0,18.1,9.7,75
2000-01-04,-3.5,-0.8,81,6.50,140,0.38,16.0,23.4,17.8,77
2000-01-05,-8.1,-0.9,77,0.20,242,0.23,2.0,11.0,6.9,68
2000-01-06,-5.2,-2.8,85,8.50,131,0.23,22.0,17.6,13.9,80
2000-01-07,-4.9,-1.4,87,0.50,132,0.19,3.0,15.8,14.0,79
2000-01-08,-1.9,-0.3,82,5.10,147,0.40,13.0,21.4,16.6,51
2000-01-09,-6.9,-3.2,73,1.10,151,0.36,7.0,17.6,11.2,47
2000-01-10,-12.3,-5.0,73,0.00,147,0.27,0.0,12.8,9.3,51
2000-01-11,-13.9,-10.3,79,0.10,94,0.16,1.0,11.4,7.1,69
2000-01-12,-14.8,-10.3,77,0.00,69,0.14,0.0,6.4,4.8,67
2000-01-13,-15.3,-9.4,77,1.30,51,0.20,5.0,7.9,5.8,63
2000-01-14,-16.7,-11.4,77,1.70,329,0.14,6.0,12.1,9.4,65
2000-01-15,-18.8,-12.0,74,0.00,32,0.19,0.0,8.9,5.0,60
2000-01-16,-17.8,-13.1,79,0.90,25,0.12,4.0,8.7,5.7,73
2000-01-17,-13.4,-9.6,81,5.00,53,0.14,24.0,4.0,2.6,69
2000-01-18,-15.0,-11.0,81,0.00,57,0.20,0.0,7.6,5.4,67
2000-01-19,-18.2,-11.6,75,0.00,92,0.22,0.0,8.3,6.3,53
2000-01-20,-17.6,-11.8,69,0.00,90,0.21,0.0,7.3,5.1,55
2000-01-21,-15.6,-10.8,77,0.00,101,0.20,0.0,10.6,6.3,67
2000-01-22,-12.1,-8.7,83,0.00,43,0.24,0.0,6.1,4.3,75
2000-01-23,-14.3,-8.6,81,0.00,107,0.27,0.0,9.3,6.8,64
2000-01-24,-14.0,-7.9,78,0.00,75,0.26,0.0,6.1,4.0,65
2000-01-25,-13.4,-7.4,75,0.00,88,0.29,0.0,6.8,5.3,60
2000-01-26,-11.0,-5.7,77,0.00,113,0.31,0.0,7.6,5.7,67
2000-01-27,-10.0,-4.7,83,0.00,120,0.32,0.0,10.8,8.5,70
2000-01-28,-7.7,-1.6,82,0.00,129,0.41,0.0,15.8,13.2,63
2000-01-29,-5.5,-1.0,74,0.00,135,0.61,0.0,18.6,15.0,57
2000-01-30,-7.8,-0.8,75,0.00,107,0.49,0.0,10.8,9.5,55
2000-01-31,-4.5,1.0,69,0.00,133,0.76,0.0,17.3,15.3,59
2000-02-01,-1.6,1.1,76,2.70,136,0.66,9.0,23.3,18.6,70
2000-02-02,-1.4,1.1,89,3.70,126,0.49,12.0,12.0,5.7,67
2000-02-03,-5.7,-0.5,85,0.00,69,0.45,0.0,6.4,4.3,64
2000-02-04,-9.5,-3.6,78,0.00,60,0.46,0.0,4.3,3.0,54
2000-02-05,-11.6,-4.0,75,0.00,85,0.42,0.0,6.6,4.7,50
2000-02-06,-9.6,-0.8,71,0.00,99,0.52,0.0,9.7,6.7,53
2000-02-07,-2.2,3.2,82,0.30,124,0.44,1.0,18.7,14.2,66
2000-02-08,-1.2,3.1,86,0.00,128,0.66,0.0,20.1,10.8,67
2000-02-09,-2.7,0.9,86,1.50,330,0.38,9.0,12.5,8.0,70
2000-02-10,-8.6,-4.5,83,0.00,328,0.31,0.0,9.4,8.3,70
2000-02-11,-12.7,-8.5,79,0.00,351,0.39,0.0,7.2,4.4,65
2000-02-12,-13.9,-8.9,76,0.00,345,0.45,0.0,8.5,5.6,57
2000-02-13,-15.2,-9.4,72,0.00,20,0.47,0.0,5.8,3.6,57
2000-02-14,-15.3,-8.8,69,0.00,25,0.48,0.0,7.5,4.0,53
2000-02-15,-14.3,-7.1,69,0.00,65,0.49,0.0,7.1,4.3,53
2000-02-16,-14.4,-5.4,70,0.00,112,0.57,0.0,9.3,7.4,54
2000-02-17,-12.8,-4.7,73,0.00,104,0.61,0.0,7.6,5.8,58
2000-02-18,-11.1,-2.8,73,0.00,120,0.64,0.0,10.5,8.9,52
2000-02-19,-6.3,0.7,70,0.00,125,0.84,0.0,19.2,12.9,49
2000-02-20,-4.1,1.6,69,0.00,136,0.98,0.0,17.6,15.8,51
2000-02-21,-0.6,3.8,71,0.20,137,1.09,2.0,14.5,12.2,58
2000-02-22,1.3,6.1,78,0.00,128,1.12,0.0,25.0,17.6,61
2000-02-23,-0.4,5.2,82,0.60,146,1.03,3.0,18.7,11.3,44
2000-02-24,-5.8,2.1,74,0.00,133,0.93,0.0,10.6,9.5,51
2000-02-25,-6.3,0.5,73,0.00,129,0.87,0.0,18.7,12.7,54
2000-02-26,-2.3,1.8,78,2.60,140,0.94,12.0,15.5,12.2,62
2000-02-27,-5.0,1.4,81,0.10,95,0.63,1.0,9.8,6.6,64
2000-02-28,-5.7,0.8,83,0.50,106,0.74,5.0,10.2,5.4,54
2000-02-29,-2.0,2.6,81,0.50,121,0.73,5.0,12.7,10.2,61
2000-03-01,-0.9,2.3,86,0.90,131,0.60,4.0,21.9,13.5,70
2000-03-02,0.4,4.7,79,0.90,146,0.99,6.0,19.3,15.3,62
2000-03-03,0.3,4.0,80,1.60,136,0.81,9.0,18.8,15.8,65
2000-03-04,-2.3,3.1,73,2.40,318,1.14,6.0,16.7,7.9,44
2000-03-05,-7.4,-0.0,63,0.00,19,1.16,0.0,7.8,5.9,42
2000-03-06,-7.9,-0.4,67,0.00,6,1.14,0.0,8.4,4.9,45
2000-03-07,-7.4,0.3,66,0.00,61,1.12,0.0,5.9,4.0,44
2000-03-08,-6.1,1.9,68,0.00,90,1.20,0.0,7.0,5.2,45
2000-03-09,-1.3,2.2,78,0.00,319,0.92,0.0,6.7,3.4,53
2000-03-10,-2.2,5.0,81,0.00,120,1.22,0.0,13.9,6.8,48
2000-03-11,0.5,5.0,71,0.20,136,1.53,2.0,13.2,11.6,40
2000-03-12,-1.7,4.0,69,0.20,161,1.40,1.0,9.8,6.2,44
2000-03-13,-2.0,4.6,74,0.00,131,1.39,0.0,15.3,10.4,51
2000-03-14,0.5,4.1,78,13.90,125,0.80,18.0,15.8,10.3,54
2000-03-15,-3.7,2.5,84,0.80,109,0.97,4.0,11.8,6.9,51
2000-03-16,-0.0,2.5,76,7.90,142,0.91,16.0,18.3,14.3,53
2000-03-17,-3.4,2.8,76,2.70,169,0.87,12.0,13.3,8.0,58
2000-03-18,-1.4,3.5,78,1.90,133,0.86,8.0,25.5,15.2,59
2000-03-19,-2.2,2.1,71,2.70,261,1.21,5.0,16.0,7.6,39
2000-03-20,-3.2,3.0,66,0.00,127,1.25,0.0,12.7,8.4,44
2000-03-21,0.8,6.5,70,2.50,160,1.78,6.0,20.6,14.6,38
2000-03-22,-0.4,4.7,81,4.40,117,0.75,9.0,8.9,5.8,54
2000-03-23,-0.8,3.1,81,0.20,308,1.38,1.0,11.2,7.3,43
2000-03-24,-2.3,4.8,65,0.00,139,1.56,0.0,15.4,8.9,41
2000-03-25,0.7,4.4,74,3.90,173,1.42,11.0,12.6,8.0,51
2000-03-26,-0.5,5.6,70,0.00,134,1.37,0.0,17.9,11.1,51
2000-03-27,2.6,7.3,70,1.20,140,1.51,3.0,17.8,15.0,52
2000-03-28,-0.9,5.1,86,2.30,192,1.43,9.0,8.1,4.0,65
2000-03-29,-1.8,3.1,73,0.20,290,1.52,2.0,8.4,5.7,47
2000-03-30,-0.9,5.0,68,0.00,131,1.74,0.0,10.5,7.3,42
2000-03-31,1.1,8.0,74,1.00,120,1.42,4.0,12.5,8.8,55
2000-04-01,3.0,7.7,83,0.90,60,0.97,6.0,11.8,6.1,64
2000-04-02,2.8,7.7,86,0.30,27,1.64,2.0,11.2,6.3,61
2000-04-03,4.3,12.2,73,1.40,114,1.76,6.0,11.1,8.6,47
2000-04-04,1.5,7.2,78,1.80,332,1.70,5.0,14.5,8.4,43
2000-04-05,-0.3,4.3,67,0.90,195,1.59,7.0,13.1,7.8,41
2000-04-06,-0.3,3.9,57,0.30,247,1.92,1.0,9.4,5.8,46
2000-04-07,-0.1,8.1,67,0.10,138,1.79,1.0,16.8,9.7,45
2000-04-08,3.6,8.5,64,0.00,73,2.09,0.0,12.3,5.8,43
2000-04-09,3.4,8.8,64,0.00,351,2.33,0.0,13.5,6.4,38
2000-04-10,3.6,9.9,50,0.00,25,2.68,0.0,11.3,4.5,30
2000-04-11,4.4,9.3,63,0.00,87,1.84,0.0,5.6,3.7,46
2000-04-12,5.1,9.5,69,0.00,153,2.00,0.0,10.2,4.8,44
2000-04-13,0.3,8.1,73,1.90,339,1.54,9.0,17.8,13.4,40
2000-04-14,-4.5,-0.6,49,0.40,354,1.59,3.0,18.2,10.0,39
2000-04-15,-2.3,3.9,56,0.00,349,1.84,0.0,5.8,3.5,48
2000-04-16,0.8,6.1,65,0.20,133,2.18,1.0,8.2,5.7,42
2000-04-17,1.2,7.3,55,0.00,1,2.66,0.0,9.4,4.5,25
2000-04-18,3.1,11.7,56,0.00,125,3.07,0.0,10.4,8.9,32
2000-04-19,5.5,11.3,58,0.00,335,2.31,0.0,9.1,5.6,35
2000-04-20,5.9,11.6,64,0.30,172,2.44,2.0,10.2,5.1,37
2000-04-21,6.6,12.2,61,0.90,137,2.16,4.0,18.5,15.8,36
2000-04-22,4.9,8.2,81,8.30,146,1.86,21.0,16.1,9.3,53
2000-04-23,2.8,9.3,66,3.30,142,2.68,4.0,15.5,9.4,28
2000-04-24,2.1,7.4,58,1.00,254,2.64,5.0,14.7,6.1,23
2000-04-25,2.5,7.9,46,0.00,120,2.37,0.0,21.7,10.9,23
2000-04-26,4.2,10.5,58,0.00,135,2.79,0.0,16.4,13.0,28
2000-04-27,9.3,16.7,39,0.00,128,4.29,0.0,28.0,19.5,28
2000-04-28,7.9,15.9,61,2.60,159,3.28,8.0,21.4,14.8,24
2000-04-29,5.3,10.8,45,0.10,175,3.03,1.0,17.6,11.9,26
2000-04-30,6.3,10.4,52,0.00,147,2.63,0.0,23.4,17.7,29
2000-05-01,7.4,12.0,66,2.70,143,2.93,12.0,21.3,10.7,40
2000-05-02,7.4,13.1,60,0.00,137,2.99,0.0,14.9,8.6,29
2000-05-03,7.8,12.3,52,1.20,151,3.22,2.0,17.6,14.4,20
2000-05-04,5.7,10.7,48,0.00,196,3.24,0.0,10.7,7.5,20
2000-05-05,4.1,9.8,66,1.30,145,2.71,3.0,11.3,8.2,34
2000-05-06,3.2,8.7,72,2.70,145,2.34,9.0,6.6,3.7,37
2000-05-07,4.1,9.8,67,0.00,131,2.93,0.0,4.6,3.2,39
2000-05-08,5.3,11.7,56,0.40,118,3.14,3.0,9.1,5.0,28
2000-05-09,6.3,11.6,62,3.50,133,2.63,14.0,10.4,6.4,28
2000-05-10,4.5,10.1,75,2.10,348,2.06,5.0,13.6,7.3,45
2000-05-11,5.5,11.8,68,2.60,357,2.90,4.0,11.6,6.7,39
2000-05-12,6.1,12.2,77,2.60,153,3.03,10.0,6.7,3.8,49
2000-05-13,6.6,14.0,71,0.30,128,3.39,3.0,8.9,6.1,36
2000-05-14,8.8,14.9,53,0.00,133,3.89,0.0,9.8,8.3,32
2000-05-15,9.8,16.8,59,0.00,132,3.37,0.0,7.6,6.7,31
2000-05-16,11.2,18.7,55,0.00,132,4.01,0.0,10.2,6.3,27
2000-05-17,10.9,17.9,62,2.40,136,2.43,9.0,9.8,4.7,30
2000-05-18,9.3,15.3,64,0.80,285,3.30,2.0,8.9,4.8,30
2000-05-19,10.3,17.2,57,4.30,163,3.68,7.0,13.6,9.5,25
2000-05-20,8.6,16.5,48,0.90,303,2.75,3.0,15.9,8.3,26
2000-05-21,7.7,14.6,91,13.80,127,1.31,24.0,18.5,10.8,59
2000-05-22,9.3,15.4,51,1.00,239,3.59,2.0,17.4,9.1,36
2000-05-23,5.8,12.3,47,0.40,297,3.39,2.0,12.9,10.4,22
2000-05-24,6.6,12.7,44,0.00,327,3.74,0.0,11.7,8.1,22
2000-05-25,5.7,10.7,45,0.50,326,3.62,4.0,10.4,7.8,26
2000-05-26,5.9,12.0,48,0.00,352,3.61,0.0,7.9,5.3,28
2000-05-27,7.3,12.2,76,9.00,129,2.30,14.0,14.4,9.6,29
2000-05-28,6.3,11.3,91,13.70,169,1.79,22.0,9.2,5.1,60
2000-05-29,6.9,12.8,78,0.90,310,3.05,6.0,9.0,4.9,43
2000-05-30,8.2,14.5,67,3.20,356,3.56,4.0,8.2,5.5,41
2000-05-31,9.2,14.4,71,0.90,325,3.31,4.0,8.4,4.0,44
2000-06-01,9.9,15.6,72,0.70,136,3.80,2.0,9.5,5.8,39
2000-06-02,11.2,18.3,60,0.00,37,4.41,0.0,7.1,3.8,27
2000-06-03,13.4,20.9,47,0.00,9,5.11,0.0,8.2,4.6,25
2000-06-04,15.3,21.9,47,0.00,133,4.63,0.0,14.5,9.8,26
2000-06-05,14.7,21.6,60,1.20,123,2.94,1.0,12.9,7.5,33
2000-06-06,11.0,17.0,80,13.00,171,3.37,17.0,10.6,6.5,36
2000-06-07,12.0,16.8,61,0.70,147,3.82,4.0,11.9,8.7,37
2000-06-08,10.6,15.6,78,2.60,321,2.62,11.0,8.1,4.4,48
2000-06-09,9.4,15.2,81,1.70,153,3.27,8.0,6.7,3.2,46
2000-06-10,9.0,14.5,81,5.70,161,2.82,17.0,10.8,7.1,50
2000-06-11,6.8,13.7,83,11.70,170,2.63,22.0,13.9,8.1,36
2000-06-12,8.1,14.3,70,7.90,129,2.10,11.0,16.3,12.4,30
2000-06-13,8.4,13.0,83,1.00,175,2.50,4.0,12.9,6.7,51
2000-06-14,8.8,11.6,94,18.40,196,1.53,24.0,8.8,5.4,69
2000-06-15,8.5,13.9,59,1.10,303,3.38,4.0,15.8,11.8,30
2000-06-16,10.4,17.4,49,0.00,312,4.67,0.0,14.5,7.8,30
2000-06-17,12.3,17.5,65,0.90,138,3.14,2.0,8.8,5.2,32
2000-06-18,11.4,17.1,77,8.20,298,3.48,16.0,9.7,6.5,36
2000-06-19,10.5,15.6,49,0.00,306,3.97,0.0,13.0,10.1,33
2000-06-20,12.2,17.0,61,0.10,305,3.24,1.0,11.3,5.0,35
2000-06-21,10.4,15.2,80,2.40,305,3.16,7.0,9.8,4.8,50
2000-06-22,9.8,14.1,62,0.00,307,3.68,0.0,10.9,7.2,34
2000-06-23,11.3,16.5,49,0.00,328,4.12,0.0,9.9,6.2,31
2000-06-24,9.3,17.2,77,8.30,320,3.32,16.0,16.4,11.9,38
2000-06-25,13.5,21.3,57,0.00,314,5.10,0.0,12.2,5.5,28
2000-06-26,15.9,22.1,54,0.00,338,5.23,0.0,10.8,6.1,28
2000-06-27,17.4,24.2,57,0.00,12,5.17,0.0,9.7,3.7,31
2000-06-28,17.7,23.9,65,0.30,49,4.61,2.0,8.1,4.9,31
2000-06-29,16.4,22.2,66,0.40,173,4.37,1.0,12.7,8.0,32
2000-06-30,13.1,19.8,70,1.20,280,3.65,7.0,11.2,5.1,36
2000-07-01,10.3,13.6,67,0.80,327,3.11,3.0,14.8,9.7,51
2000-07-02,7.4,11.9,85,15.90,283,1.57,20.0,12.0,8.1,52
2000-07-03,7.0,11.2,93,8.60,169,1.21,23.0,13.5,9.6,73
2000-07-04,10.3,16.6,79,0.40,325,3.34,2.0,12.0,5.6,50
2000-07-05,11.5,16.4,84,3.80,166,2.67,10.0,10.4,4.9,52
2000-07-06,11.8,18.5,83,1.60,162,3.23,6.0,8.8,6.3,52
2000-07-07,12.9,18.2,79,3.30,203,3.28,9.0,10.3,5.1,52
2000-07-08,12.1,16.3,82,8.80,350,2.15,5.0,5.4,2.7,56
2000-07-09,11.8,16.2,87,7.00,326,2.39,10.0,9.1,4.0,65
2000-07-10,12.9,17.8,84,8.30,311,2.72,19.0,7.4,3.8,61
2000-07-11,12.8,17.4,80,3.60,290,3.24,8.0,8.2,5.5,45
2000-07-12,14.1,20.1,68,0.80,136,3.89,3.0,9.0,4.9,42
2000-07-13,14.7,20.1,71,0.00,183,3.61,0.0,9.4,5.2,41
2000-07-14,11.8,18.9,69,3.20,245,3.23,7.0,12.1,6.6,44
2000-07-15,11.3,16.3,66,1.40,275,2.98,6.0,15.8,5.9,44
2000-07-16,13.6,19.2,62,0.00,145,4.01,0.0,7.2,5.0,39
2000-07-17,14.3,21.0,64,0.00,349,4.44,0.0,8.8,6.4,40
2000-07-18,16.7,22.8,62,0.00,354,4.27,0.0,8.7,5.4,38
2000-07-19,17.7,22.8,61,0.00,337,4.46,0.0,9.0,6.2,38
2000-07-20,17.8,22.9,68,0.10,325,4.49,1.0,8.1,5.0,45
2000-07-21,16.6,23.2,79,0.20,84,4.04,1.0,6.4,3.8,46
2000-07-22,18.8,24.9,67,0.10,76,4.56,1.0,6.4,3.9,40
2000-07-23,16.1,21.1,73,2.70,303,2.92,8.0,11.8,8.0,37
2000-07-24,16.2,21.2,57,0.00,317,4.08,0.0,11.3,5.8,36
2000-07-25,16.1,21.2,72,2.10,116,3.63,3.0,7.1,4.3,40
2000-07-26,14.1,20.3,80,4.30,135,3.14,3.0,14.5,7.9,39
2000-07-27,15.6,20.4,60,0.00,150,3.87,0.0,21.4,14.6,38
2000-07-28,15.1,19.0,63,0.60,168,3.76,2.0,19.8,11.7,44
2000-07-29,13.3,20.6,73,1.10,153,4.02,3.0,8.9,4.5,31
2000-07-30,16.7,24.9,59,0.00,122,4.76,0.0,7.9,5.4,31
2000-07-31,19.8,27.8,64,0.00,109,4.82,0.0,15.8,5.7,32
2000-08-01,14.2,19.6,74,16.80,288,2.27,12.0,9.3,5.5,43
2000-08-02,13.6,19.9,66,0.00,358,3.83,0.0,12.0,5.5,40
2000-08-03,14.9,21.7,63,0.00,332,4.15,0.0,11.7,8.4,42
2000-08-04,17.4,24.5,65,0.00,333,4.56,0.0,12.2,8.4,34
2000-08-05,19.8,27.9,54,0.00,186,4.96,0.0,9.4,4.8,30
2000-08-06,20.0,28.1,57,0.00,324,4.72,0.0,11.5,7.5,29
2000-08-07,18.1,23.9,55,0.00,322,4.42,0.0,12.8,6.3,28
2000-08-08,17.7,24.3,52,0.00,340,4.78,0.0,11.5,6.0,26
2000-08-09,16.3,24.1,56,0.00,342,3.83,0.0,13.2,8.6,29
2000-08-10,14.2,20.1,50,0.00,342,4.24,0.0,11.4,8.9,33
2000-08-11,13.7,19.6,54,0.00,324,3.98,0.0,11.5,9.6,34
2000-08-12,12.2,17.3,66,0.20,309,3.52,1.0,9.7,4.9,39
2000-08-13,11.9,17.1,61,0.30,318,3.49,2.0,12.0,7.3,40
2000-08-14,12.4,18.4,57,0.00,132,3.46,0.0,11.3,5.4,30
2000-08-15,13.9,19.1,57,0.20,101,3.50,1.0,7.3,5.5,32
2000-08-16,14.7,21.8,63,0.00,130,3.83,0.0,12.0,5.8,29
2000-08-17,15.5,21.9,50,0.00,146,3.90,0.0,14.4,9.8,28
2000-08-18,13.6,18.4,58,0.20,152,3.02,1.0,14.9,6.8,32
2000-08-19,10.7,17.3,73,5.00,161,3.24,8.0,13.0,6.4,34
2000-08-20,10.1,14.6,65,0.90,171,2.50,1.0,12.0,8.7,37
2000-08-21,11.2,16.8,63,0.00,159,2.27,0.0,12.0,7.9,39
2000-08-22,14.5,23.1,60,0.00,137,3.81,0.0,11.9,10.1,33
2000-08-23,16.6,23.3,67,1.10,109,3.45,7.0,13.2,5.5,33
2000-08-24,16.1,23.8,75,1.90,159,3.47,3.0,10.0,4.7,37
2000-08-25,16.3,23.9,56,0.20,161,3.52,1.0,13.1,8.7,35
2000-08-26,10.4,17.7,76,4.30,288,2.57,11.0,12.4,5.9,39
2000-08-27,7.8,13.7,63,3.50,290,2.28,2.0,11.2,7.1,38
2000-08-28,7.6,12.0,71,2.90,135,1.09,7.0,11.0,8.0,41
2000-08-29,8.6,12.8,98,8.30,85,1.01,24.0,13.6,6.6,76
2000-08-30,9.2,16.4,75,1.50,313,2.57,2.0,14.2,7.7,36
2000-08-31,9.7,16.3,74,3.80,13,1.67,10.0,11.0,6.0,36
2000-09-01,7.8,10.9,87,8.10,346,1.49,16.0,7.2,5.3,69
2000-09-02,6.4,10.6,80,0.70,332,1.44,1.0,13.4,9.3,61
2000-09-03,6.1,9.4,78,0.60,318,0.97,3.0,12.4,7.9,63
2000-09-04,6.3,11.5,84,1.20,252,1.37,4.0,5.9,3.7,54
2000-09-05,9.3,14.8,74,1.40,138,1.49,6.0,11.2,8.8,54
2000-09-06,10.7,17.6,70,0.00,226,2.84,0.0,8.3,4.8,36
2000-09-07,10.5,17.6,69,3.20,135,1.81,6.0,18.1,13.7,37
2000-09-08,7.3,11.8,86,12.60,159,1.97,18.0,14.1,6.4,54
2000-09-09,5.7,9.7,87,8.70,160,1.14,11.0,19.0,8.8,62
2000-09-10,5.3,11.5,78,1.60,231,1.56,3.0,6.3,3.5,39
2000-09-11,6.2,11.3,76,2.50,122,0.94,6.0,12.2,9.2,40
2000-09-12,7.8,14.0,88,0.80,114,1.38,3.0,10.8,6.3,51
2000-09-13,8.9,14.9,81,0.00,103,1.15,0.0,9.4,5.7,51
2000-09-14,11.9,16.8,79,2.30,119,1.68,2.0,14.3,9.8,60
2000-09-15,13.1,20.6,83,1.60,98,2.32,6.0,6.6,4.2,50
2000-09-16,14.1,21.1,77,0.00,144,2.65,0.0,10.8,6.6,45
2000-09-17,14.3,20.9,78,6.40,141,1.53,9.0,11.0,7.0,45
2000-09-18,12.6,18.8,63,0.50,301,2.35,2.0,13.5,9.2,35
2000-09-19,9.4,15.1,59,0.00,310,2.44,0.0,12.2,7.8,35
2000-09-20,8.5,13.2,66,2.60,35,1.46,7.0,15.8,9.0,35
2000-09-21,4.7,9.9,57,0.00,356,2.36,0.0,17.1,13.4,31
2000-09-22,3.1,9.8,52,0.00,348,2.20,0.0,13.0,5.6,31
2000-09-23,6.1,15.0,62,0.00,121,2.23,0.0,10.2,7.1,32
2000-09-24,8.4,16.8,70,0.00,110,2.27,0.0,8.8,6.1,36
2000-09-25,10.0,18.6,72,0.00,123,2.35,0.0,9.6,6.7,42
2000-09-26,10.8,18.8,73,0.00,124,2.25,0.0,10.2,7.7,42
2000-09-27,11.8,18.8,67,0.00,130,2.47,0.0,14.5,9.8,34
2000-09-28,10.5,18.2,65,0.00,137,2.19,0.0,10.2,7.3,38
2000-09-29,10.0,15.5,74,2.70,154,1.73,8.0,14.1,11.3,45
2000-09-30,8.8,15.1,67,6.40,217,2.06,10.0,15.6,11.3,28
2000-10-01,5.1,10.6,61,1.10,285,1.37,2.0,10.5,5.8,29
2000-10-02,3.2,7.4,70,0.90,305,1.29,5.0,10.0,6.0,41
2000-10-03,3.0,8.4,65,0.00,133,1.45,0.0,12.2,5.6,40
2000-10-04,1.3,7.5,77,3.50,335,1.28,7.0,10.0,7.8,38
2000-10-05,1.1,6.3,61,0.00,63,1.52,0.0,8.6,4.5,39
2000-10-06,3.2,11.5,61,0.00,120,1.83,0.0,14.6,9.9,29
2000-10-07,6.3,16.0,49,0.00,133,2.69,0.0,19.9,15.8,29
2000-10-08,9.8,14.9,50,0.20,145,2.63,1.0,19.1,14.6,34
2000-10-09,6.7,13.5,84,1.00,15,0.78,5.0,8.0,5.7,56
2000-10-10,5.1,8.4,89,4.50,333,0.73,13.0,13.6,8.7,63
2000-10-11,4.8,11.0,73,0.00,351,1.48,0.0,13.0,5.8,42
2000-10-12,5.1,11.0,76,0.00,99,1.18,0.0,6.1,3.7,47
2000-10-13,4.5,10.6,81,0.00,96,1.06,0.0,8.2,6.1,58
2000-10-14,4.5,8.5,86,2.70,321,1.09,7.0,7.6,5.0,44
2000-10-15,3.2,8.0,76,0.00,135,0.83,0.0,22.6,12.1,48
2000-10-16,3.3,7.9,84,8.20,138,0.82,12.0,17.4,11.8,62
2000-10-17,4.7,9.7,89,3.90,122,0.56,10.0,20.6,13.5,63
2000-10-18,6.8,9.7,67,0.10,149,1.61,1.0,28.0,16.5,44
2000-10-19,2.0,7.4,84,0.20,131,0.72,2.0,20.8,8.7,59
2000-10-20,4.2,8.7,92,16.60,139,0.51,20.0,24.4,20.9,73
2000-10-21,1.6,6.1,71,0.50,269,1.05,3.0,11.6,7.3,35
2000-10-22,2.6,6.0,64,6.90,139,1.13,10.0,23.0,16.5,45
2000-10-23,4.8,8.4,72,2.20,138,0.98,7.0,20.9,15.9,59
2000-10-24,5.7,8.8,76,0.00,98,0.79,0.0,11.7,6.2,63
2000-10-25,4.7,7.5,89,0.00,333,0.53,0.0,7.9,4.6,73
2000-10-26,4.6,9.2,89,0.00,121,0.78,0.0,9.9,3.9,61
2000-10-27,5.0,8.8,82,1.00,129,0.78,4.0,20.3,10.7,61
2000-10-28,5.9,8.0,75,4.10,129,0.94,9.0,21.4,17.3,62
2000-10-29,2.3,5.6,89,0.10,126,0.56,1.0,11.5,9.2,62
2000-10-30,1.9,5.4,85,0.30,138,0.56,2.0,10.9,7.8,67
2000-10-31,2.0,5.3,85,8.00,150,0.68,9.0,15.5,10.0,70
2000-11-01,-1.0,3.8,88,0.80,122,0.58,2.0,12.4,6.9,63
2000-11-02,1.4,4.8,72,0.00,133,0.78,0.0,13.6,11.8,64
2000-11-03,2.9,5.7,88,5.20,131,0.43,10.0,18.4,13.8,70
2000-11-04,3.1,5.6,87,14.20,312,0.55,15.0,24.9,18.2,66
2000-11-05,-1.0,2.1,78,0.00,60,0.58,0.0,14.7,7.3,63
2000-11-06,-0.2,2.6,81,0.00,82,0.49,0.0,5.4,3.3,58
2000-11-07,-0.1,2.3,77,2.50,126,0.50,5.0,13.0,9.9,67
2000-11-08,-0.9,0.4,90,0.40,357,0.44,2.0,15.4,8.4,62
2000-11-09,-4.2,-0.7,60,0.00,343,0.75,0.0,14.5,10.1,45
2000-11-10,-6.3,-3.2,52,0.00,6,0.65,0.0,9.1,6.0,40
2000-11-11,-5.5,-2.0,63,0.00,128,0.52,0.0,9.3,7.2,45
2000-11-12,-4.3,-0.1,75,0.00,120,0.50,0.0,9.7,8.6,52
2000-11-13,-2.4,0.7,73,0.00,122,0.54,0.0,8.7,6.3,57
2000-11-14,-2.2,0.1,73,0.00,110,0.47,0.0,6.2,4.7,58
2000-11-15,-2.9,-0.6,71,0.00,105,0.42,0.0,6.3,4.5,55
2000-11-16,-3.9,-0.4,73,0.00,95,0.42,0.0,7.6,5.6,54
2000-11-17,-3.9,-1.2,73,0.00,124,0.40,0.0,13.6,8.7,54
2000-11-18,-1.5,1.6,72,2.00,131,0.45,5.0,12.5,7.8,59
2000-11-19,-0.5,2.1,84,0.00,126,0.43,0.0,9.4,8.2,67
2000-11-20,-1.8,1.5,77,0.00,126,0.49,0.0,12.2,11.1,58
2000-11-21,-0.8,2.7,73,0.00,130,0.56,0.0,11.3,9.8,58
2000-11-22,-1.2,2.6,77,0.00,129,0.53,0.0,16.9,11.4,54
2000-11-23,-0.0,1.4,63,2.10,141,0.89,6.0,20.9,17.0,55
2000-11-24,-2.3,0.4,88,3.30,133,0.27,9.0,21.8,12.3,73
2000-11-25,0.7,2.5,75,0.30,141,0.76,2.0,24.7,21.7,68
2000-11-26,-1.6,0.3,84,2.20,130,0.32,7.0,15.6,13.4,75
2000-11-27,-2.1,0.2,82,1.40,159,0.35,7.0,10.4,5.1,65
2000-11-28,-4.1,-2.7,76,0.00,114,0.32,0.0,10.1,7.3,70
2000-11-29,-5.8,-2.3,78,0.00,71,0.23,0.0,8.5,6.5,65
2000-11-30,-3.4,1.1,86,4.00,121,0.29,9.0,15.8,10.3,75
2000-12-01,0.3,3.0,79,0.20,136,0.60,1.0,24.0,20.2,65
2000-12-02,0.5,1.9,84,7.30,140,0.47,9.0,21.8,12.3,69
2000-12-03,-5.5,0.1,90,0.00,122,0.20,0.0,7.0,4.9,80
2000-12-04,-7.6,-2.8,88,0.00,119,0.19,0.0,11.4,9.7,77
2000-12-05,-4.2,-0.4,86,0.00,122,0.21,0.0,10.3,8.6,75
2000-12-06,-3.3,-0.6,86,0.00,129,0.24,0.0,12.1,10.4,77
2000-12-07,-3.7,-1.4,88,0.10,54,0.22,1.0,10.4,6.1,82
2000-12-08,-6.7,-3.6,87,0.00,110,0.19,0.0,10.0,7.5,78
2000-12-09,-11.3,-5.5,74,0.00,344,0.21,0.0,12.0,8.1,57
2000-12-10,-17.6,-14.0,66,0.00,9,0.18,0.0,10.0,6.8,53
2000-12-11,-20.0,-15.7,74,0.00,83,0.13,0.0,8.0,5.6,58
2000-12-12,-18.4,-13.6,69,0.00,66,0.13,0.0,7.3,4.1,61
2000-12-13,-18.9,-14.2,77,0.00,67,0.11,0.0,5.9,4.0,68
2000-12-14,-19.0,-14.6,77,2.30,48,0.09,6.0,7.9,4.8,71
2000-12-15,-22.5,-15.4,68,3.80,331,0.15,7.0,17.1,10.5,48
2000-12-16,-17.4,-10.0,66,8.20,129,0.30,14.0,24.0,17.3,54
2000-12-17,-10.4,-2.2,80,1.40,128,0.23,4.0,15.8,8.2,60
2000-12-18,-8.6,-3.4,79,0.50,129,0.28,3.0,20.6,12.8,69
2000-12-19,-9.8,-4.1,82,2.30,140,0.20,5.0,14.3,4.7,65
2000-12-20,-16.3,-7.9,80,0.00,86,0.15,0.0,8.5,5.7,66
2000-12-21,-17.4,-11.3,78,0.00,70,0.13,0.0,8.0,5.3,57
2000-12-22,-10.0,-5.6,83,1.00,57,0.18,6.0,3.6,2.2,71
2000-12-23,-10.9,-5.1,84,0.00,104,0.19,0.0,9.4,7.2,74
2000-12-24,-7.1,-3.7,85,0.00,91,0.18,0.0,7.6,5.9,76
2000-12-25,-2.0,1.1,83,4.10,132,0.39,10.0,20.6,16.6,73
2000-12-26,0.3,1.4,86,0.00,136,0.34,0.0,20.6,16.6,77
2000-12-27,-1.8,0.2,91,3.60,94,0.27,13.0,10.5,5.9,70
2000-12-28,-9.3,-0.2,85,0.00,112,0.16,0.0,10.6,8.3,68
2000-12-29,-4.6,-2.2,80,0.90,123,0.25,5.0,12.5,10.2,71
2000-12-30,-6.3,-2.6,83,0.00,117,0.23,0.0,11.7,9.7,72
2000-12-31,-3.5,0.4,84,0.00,125,0.25,0.0,12.2,11.4,75
2001-01-01,-3.4,-0.6,89,0.10,127,0.24,1.0,13.8,11.7,79
2001-01-02,-0.6,2.0,79,0.50,132,0.48,2.0,20.4,17.4,70
2001-01-03,1.6,2.2,72,0.00,141,0.77,0.0,21.5,17.9,65
2001-01-04,-8.0,0.3,88,0.50,124,0.18,2.0,18.9,9.4,75
2001-01-05,-0.6,2.0,85,2.10,138,0.39,8.0,23.0,17.3,77
2001-01-06,-6.9,0.2,80,0.00,160,0.24,0.0,9.7,6.5,66
2001-01-07,-8.7,-1.0,80,0.00,122,0.34,0.0,16.8,13.3,56
2001-01-08,-1.6,1.3,59,0.00,139,0.93,0.0,19.6,17.4,54
2001-01-09,-2.5,1.1,83,1.60,131,0.40,7.0,22.1,15.2,63
2001-01-10,-0.8,1.5,74,0.00,140,0.75,0.0,23.2,19.3,63
2001-01-11,-5.9,-0.6,85,0.00,89,0.25,0.0,10.2,5.4,74
2001-01-12,-7.1,-2.4,86,0.00,7,0.25,0.0,9.8,5.3,75
2001-01-13,-9.7,-5.2,87,0.00,95,0.23,0.0,8.0,5.0,78
2001-01-14,-9.4,-3.9,85,0.20,65,0.23,2.0,9.5,4.4,73
2001-01-15,-10.8,-5.0,86,0.00,73,0.22,0.0,8.8,6.6,77
2001-01-16,-8.4,-2.9,83,0.00,121,0.25,0.0,9.5,8.7,65
2001-01-17,-5.8,-1.0,82,1.10,123,0.34,5.0,10.8,9.4,64
2001-01-18,-4.4,-0.8,84,3.90,133,0.38,7.0,14.0,11.0,71
2001-01-19,-3.8,-0.9,85,0.80,132,0.38,3.0,17.6,12.2,75
2001-01-20,-4.4,0.4,84,0.00,130,0.39,0.0,20.4,15.4,62
2001-01-21,-4.2,-0.5,82,0.00,128,0.43,0.0,19.0,9.0,66
2001-01-22,-7.1,-0.5,84,0.00,115,0.37,0.0,12.5,10.4,64
2001-01-23,-6.6,-0.2,80,0.00,117,0.44,0.0,13.4,11.2,59
2001-01-24,-8.1,-1.4,75,0.00,100,0.42,0.0,11.0,7.7,57
2001-01-25,-10.4,-3.1,76,0.00,66,0.37,0.0,7.5,3.6,56
2001-01-26,-10.2,-3.6,75,0.00,90,0.35,0.0,6.5,4.7,60
2001-01-27,-11.1,-2.8,81,0.00,120,0.32,0.0,15.0,9.5,67
2001-01-28,-4.2,-0.7,76,4.00,133,0.42,13.0,16.3,13.0,65
2001-01-29,-2.2,-0.4,75,4.40,154,0.65,10.0,18.6,14.0,46
2001-01-30,-6.2,-2.8,79,2.60,140,0.41,9.0,17.7,8.8,64
2001-01-31,-4.7,-0.7,87,3.80,125,0.30,14.0,11.9,9.7,77
2001-02-01,-1.2,1.0,86,0.80,130,0.35,6.0,15.5,13.9,75
2001-02-02,0.2,2.8,76,0.30,139,0.82,2.0,24.4,19.5,65
2001-02-03,-3.8,2.0,78,0.00,170,0.57,0.0,15.9,7.7,51
2001-02-04,-7.3,-2.0,79,1.60,98,0.34,6.0,8.5,6.2,64
2001-02-05,-7.1,-3.7,80,1.50,323,0.47,8.0,13.0,8.0,56
2001-02-06,-14.3,-7.4,74,0.00,5,0.39,0.0,8.7,6.9,57
2001-02-07,-17.3,-9.9,73,0.00,80,0.34,0.0,6.9,5.3,53
2001-02-08,-11.7,-6.0,72,0.10,103,0.39,1.0,10.2,8.8,60
2001-02-09,-9.3,-4.3,78,0.00,116,0.46,0.0,11.3,7.1,62
2001-02-10,-7.0,-1.6,80,0.30,101,0.52,3.0,10.0,7.5,60
2001-02-11,-8.6,-2.4,80,0.00,345,0.43,0.0,9.1,6.2,63
2001-02-12,-12.4,-5.4,75,0.00,10,0.55,0.0,9.0,4.8,54
2001-02-13,-9.3,-2.2,74,0.00,97,0.49,0.0,8.0,5.5,59
2001-02-14,-4.4,-0.5,81,1.20,109,0.48,5.0,21.8,10.8,68
2001-02-15,-13.4,-7.3,67,0.00,346,0.60,0.0,21.3,14.5,42
2001-02-16,-17.4,-10.0,67,0.00,28,0.52,0.0,10.8,5.2,36
2001-02-17,-14.7,-3.9,63,0.00,94,0.61,0.0,8.3,6.0,41
2001-02-18,-8.3,-3.7,77,1.10,72,0.42,6.0,6.9,3.7,64
2001-02-19,-6.2,-1.7,81,0.40,1,0.75,2.0,4.9,2.9,55
2001-02-20,-7.2,-0.9,75,0.00,108,0.76,0.0,7.8,5.8,58
2001-02-21,-8.4,-0.7,72,0.00,76,0.81,0.0,4.9,3.1,51
2001-02-22,-9.4,-1.6,75,0.00,104,0.71,0.0,8.0,5.5,55
2001-02-23,-5.7,-2.6,79,0.20,357,0.60,2.0,12.8,6.7,64
2001-02-24,-13.0,-5.9,73,0.00,331,0.63,0.0,12.7,7.2,47
2001-02-25,-12.9,-3.7,67,0.00,91,0.67,0.0,8.6,4.4,40
2001-02-26,-9.9,-1.2,71,0.00,94,0.84,0.0,5.4,3.7,53
2001-02-27,-6.7,3.0,72,0.00,124,0.99,0.0,14.3,10.3,46
2001-02-28,-0.8,4.6,65,0.00,144,1.29,0.0,19.1,15.7,37
2001-03-01,-4.4,3.9,70,0.00,146,0.84,0.0,18.9,10.9,42
2001-03-02,-2.2,2.0,75,1.10,145,1.00,2.0,19.9,14.6,46
2001-03-03,-4.3,1.7,74,0.00,141,1.05,0.0,12.0,9.8,49
2001-03-04,-6.3,1.6,68,0.00,107,1.09,0.0,14.4,7.8,40
2001-03-05,-4.4,2.9,73,0.00,111,1.04,0.0,9.5,6.6,50
2001-03-06,-2.9,5.8,77,0.00,121,1.21,0.0,12.1,9.8,57
2001-03-07,0.5,7.6,77,0.00,121,1.46,0.0,11.9,10.1,54
2001-03-08,0.0,5.4,81,0.70,11,0.82,5.0,14.8,8.8,53
2001-03-09,-3.1,2.7,64,0.00,338,1.45,0.0,13.0,7.3,37
2001-03-10,-1.5,3.8,66,2.50,150,1.01,9.0,16.3,6.9,47
2001-03-11,-0.6,3.8,78,2.60,160,0.63,14.0,11.9,7.6,49
2001-03-12,0.1,3.0,80,2.00,129,0.49,8.0,11.2,6.6,70
2001-03-13,0.8,4.3,84,7.60,159,1.01,18.0,20.2,9.6,43
2001-03-14,-1.3,3.0,69,0.00,298,1.30,0.0,16.5,7.7,43
2001-03-15,-3.6,2.3,66,0.70,126,1.05,4.0,15.8,10.5,53
2001-03-16,-2.4,3.2,76,0.00,140,1.14,0.0,16.1,9.6,45
2001-03-17,-0.2,5.4,71,0.50,144,1.48,4.0,14.5,11.9,45
2001-03-18,0.7,4.9,81,2.90,127,0.74,10.0,21.6,14.0,49
2001-03-19,-0.5,4.0,66,1.90,165,1.31,4.0,25.7,15.1,39
2001-03-20,-1.3,3.2,62,0.70,167,1.47,2.0,13.6,8.7,39
2001-03-21,-2.1,2.1,50,0.20,278,1.51,1.0,12.7,6.1,33
2001-03-22,-3.2,1.9,41,0.00,18,1.92,0.0,8.6,6.5,31
2001-03-23,-2.5,4.2,46,0.00,43,1.82,0.0,7.3,5.3,32
2001-03-24,0.6,10.2,53,0.00,71,2.15,0.0,13.0,6.0,36
2001-03-25,3.9,8.9,64,0.10,120,1.67,1.0,17.4,13.0,45
2001-03-26,2.1,8.9,75,3.40,153,1.64,7.0,17.1,9.5,43
2001-03-27,-2.3,4.3,62,2.60,148,1.03,5.0,27.7,13.0,42
2001-03-28,-0.7,3.5,71,2.60,166,1.42,9.0,25.5,13.1,36
2001-03-29,-1.4,3.0,64,3.90,181,1.12,13.0,11.9,6.1,39
2001-03-30,-4.6,2.6,76,2.10,318,1.63,5.0,10.8,6.7,41
2001-03-31,-0.4,4.3,65,2.10,137,1.74,6.0,18.9,13.9,41
2001-04-01,-2.3,3.3,72,1.80,306,1.53,4.0,11.4,6.5,39
2001-04-02,-3.7,2.5,55,0.00,354,1.62,0.0,14.1,10.5,40
2001-04-03,-1.1,6.3,62,0.00,357,2.19,0.0,10.5,8.4,43
2001-04-04,1.4,7.8,58,0.00,141,2.22,0.0,12.4,8.0,35
2001-04-05,0.6,7.6,81,5.00,176,0.98,13.0,14.1,7.9,35
2001-04-06,-0.5,2.4,92,7.30,144,1.03,22.0,10.3,7.5,81
2001-04-07,-0.9,3.4,80,0.40,158,1.58,2.0,9.8,6.1,61
2001-04-08,-0.8,6.1,71,0.00,335,1.90,0.0,18.1,9.9,35
2001-04-09,-0.0,5.9,58,0.80,293,1.78,5.0,14.2,6.7,35
2001-04-10,-1.4,4.0,69,0.50,334,1.86,2.0,17.0,9.3,39
2001-04-11,-1.4,5.2,51,0.30,4,2.61,1.0,18.2,7.1,20
2001-04-12,-0.4,7.4,49,0.00,137,2.63,0.0,10.2,7.2,26
2001-04-13,1.2,5.7,60,0.80,288,2.07,4.0,10.4,7.3,35
2001-04-14,0.4,5.6,49,0.00,328,2.58,0.0,9.1,6.5,35
2001-04-15,2.8,8.5,47,0.00,89,2.56,0.0,10.2,4.3,34
2001-04-16,3.3,11.7,56,0.00,113,2.92,0.0,20.9,12.5,34
2001-04-17,5.8,11.2,58,3.70,139,2.60,4.0,19.1,14.1,34
2001-04-18,2.0,7.4,62,1.30,166,2.34,3.0,15.7,10.4,45
2001-04-19,2.5,8.7,71,0.30,228,2.54,2.0,7.7,3.1,41
2001-04-20,2.0,7.7,64,0.00,4,2.61,0.0,12.9,7.3,38
2001-04-21,2.1,9.9,51,0.00,350,3.02,0.0,13.0,7.3,25
2001-04-22,4.2,9.9,60,0.10,139,2.46,1.0,14.8,7.5,30
2001-04-23,4.6,11.4,68,0.90,152,1.95,5.0,14.8,13.1,34
2001-04-24,7.0,12.4,57,0.60,146,2.57,2.0,26.7,18.3,34
2001-04-25,5.5,12.5,85,4.60,38,1.13,14.0,19.1,7.1,57
2001-04-26,7.9,18.7,74,0.00,116,3.22,0.0,14.8,7.7,26
2001-04-27,9.4,18.1,54,0.50,155,3.24,3.0,17.3,13.1,26
2001-04-28,5.2,14.0,70,4.60,297,1.71,9.0,15.1,7.8,33
2001-04-29,3.4,9.1,63,1.40,147,2.40,6.0,28.0,16.0,37
2001-04-30,3.4,8.1,53,4.40,165,2.49,4.0,19.8,13.0,37
2001-05-01,2.8,6.9,53,3.80,196,2.13,9.0,11.5,8.4,36
2001-05-02,3.2,10.6,56,0.80,243,2.79,3.0,10.5,6.5,26
2001-05-03,6.6,10.7,53,0.50,161,2.34,4.0,17.2,10.6,26
2001-05-04,6.1,10.3,66,0.90,140,2.05,5.0,23.2,13.5,45
2001-05-05,3.6,8.1,64,5.90,236,2.03,15.0,24.2,14.4,28
2001-05-06,3.7,10.8,44,0.00,296,3.69,0.0,19.3,7.5,26
2001-05-07,7.8,16.2,44,0.00,138,4.01,0.0,15.9,12.4,26
2001-05-08,6.8,15.5,54,0.60,280,3.24,5.0,16.6,12.0,21
2001-05-09,3.9,9.3,45,0.00,320,3.01,0.0,12.0,7.2,22
2001-05-10,5.5,10.9,48,0.20,233,2.87,2.0,8.9,4.1,30
2001-05-11,6.9,12.9,55,0.00,133,2.76,0.0,8.8,6.4,30
2001-05-12,9.8,19.5,58,2.20,124,3.46,4.0,19.5,11.6,31
2001-05-13,9.6,18.4,49,0.90,285,3.39,3.0,11.8,8.6,29
2001-05-14,7.6,14.1,57,1.80,149,2.20,7.0,18.9,10.9,29
2001-05-15,6.9,12.0,75,4.50,149,2.63,17.0,15.1,5.4,43
2001-05-16,5.8,10.7,77,5.10,125,2.31,16.0,7.1,4.0,42
2001-05-17,5.0,9.7,61,3.80,165,2.07,12.0,13.0,6.7,36
2001-05-18,4.6,9.1,57,1.70,267,2.65,5.0,13.1,8.4,32
2001-05-19,6.1,9.4,52,1.10,260,3.30,4.0,18.8,13.4,30
2001-05-20,5.3,12.6,45,0.00,287,3.94,0.0,17.2,7.6,25
2001-05-21,8.7,15.1,68,5.40,142,2.48,11.0,9.2,7.1,25
2001-05-22,12.3,24.2,66,0.00,115,4.40,0.0,11.0,7.8,23
2001-05-23,15.6,24.2,52,1.30,284,4.39,2.0,11.4,5.4,21
2001-05-24,14.3,22.9,57,0.30,333,4.73,2.0,14.2,9.1,31
2001-05-25,13.3,19.5,50,0.00,354,3.82,0.0,7.6,4.5,31
2001-05-26,13.7,22.4,51,0.00,98,4.53,0.0,12.7,6.7,23
2001-05-27,14.7,22.1,50,0.00,178,3.90,0.0,17.3,8.1,23
2001-05-28,12.2,18.4,52,3.60,172,3.54,7.0,23.1,11.8,31
2001-05-29,7.3,11.3,45,2.20,265,3.45,7.0,17.5,10.9,29
2001-05-30,8.2,13.4,52,0.00,266,3.44,0.0,15.6,7.1,35
2001-05-31,12.2,22.1,63,0.00,138,4.13,0.0,16.8,10.8,34
2001-06-01,13.3,18.4,69,7.70,130,2.60,6.0,14.9,9.5,49
2001-06-02,6.5,12.1,83,14.00,255,2.59,17.0,10.1,5.7,42
2001-06-03,6.9,14.3,73,1.00,186,3.75,4.0,7.6,3.8,35
2001-06-04,10.6,17.6,56,0.00,58,4.12,0.0,5.6,3.7,33
2001-06-05,10.5,17.1,76,7.10,149,2.65,18.0,12.2,6.0,35
2001-06-06,10.3,14.7,75,5.30,179,2.67,18.0,9.1,5.0,48
2001-06-07,9.2,15.3,80,7.30,151,3.62,11.0,8.4,3.1,43
2001-06-08,11.3,18.5,63,0.00,133,4.28,0.0,13.5,8.0,32
2001-06-09,11.2,18.1,71,9.20,133,2.74,10.0,15.0,10.5,33
2001-06-10,6.8,11.4,78,7.40,193,2.61,9.0,10.2,4.3,47
2001-06-11,6.8,12.5,72,2.70,139,3.17,6.0,7.7,5.0,37
2001-06-12,9.4,17.2,57,0.40,334,4.58,2.0,14.5,11.4,33
2001-06-13,12.7,19.3,51,0.00,276,4.86,0.0,10.2,5.7,28
2001-06-14,11.0,17.6,53,1.00,300,4.02,3.0,11.9,9.5,34
2001-06-15,9.4,14.9,51,0.20,296,4.37,1.0,11.8,8.3,34
2001-06-16,8.7,14.8,71,5.20,322,2.63,13.0,10.0,6.9,35
2001-06-17,8.2,12.9,80,9.30,324,2.48,19.0,8.8,4.7,56
2001-06-18,10.2,16.9,71,1.30,317,3.94,4.0,6.8,5.3,41
2001-06-19,13.3,21.1,59,0.00,158,4.67,0.0,9.0,5.1,25
2001-06-20,14.6,22.1,52,0.00,135,4.27,0.0,11.0,8.3,26
2001-06-21,14.9,22.4,67,1.00,178,3.91,4.0,11.7,6.4,30
2001-06-22,12.9,20.6,60,0.40,305,4.25,3.0,12.1,8.9,35
2001-06-23,11.3,16.2,56,0.00,303,4.39,0.0,8.5,6.2,36
2001-06-24,10.1,15.8,68,4.30,251,3.46,13.0,6.4,3.0,36
2001-06-25,8.5,12.8,79,5.90,288,2.85,14.0,5.9,3.6,55
2001-06-26,10.0,17.7,72,0.10,95,4.04,1.0,10.8,4.7,38
2001-06-27,13.6,18.1,58,2.40,119,3.62,4.0,19.8,10.7,37
2001-06-28,12.9,17.7,75,3.50,143,3.57,7.0,14.4,10.3,50
2001-06-29,11.2,16.6,84,11.60,292,3.13,20.0,7.6,3.3,49
2001-06-30,12.6,20.0,70,1.30,11,4.09,2.0,6.9,4.7,35
2001-07-01,14.6,20.2,60,0.00,335,4.37,0.0,8.7,5.9,35
2001-07-02,14.1,19.9,62,0.00,346,4.02,0.0,12.6,6.3,39
2001-07-03,16.3,25.8,58,0.00,89,5.19,0.0,10.0,6.2,28
2001-07-04,19.1,25.6,55,0.20,228,5.31,1.0,14.0,6.1,27
2001-07-05,13.8,23.4,55,0.60,307,3.89,3.0,15.6,11.8,31
2001-07-06,13.6,17.5,52,0.00,312,3.29,0.0,11.2,6.5,33
2001-07-07,13.8,18.4,68,4.90,192,2.72,9.0,8.7,4.8,42
2001-07-08,15.1,22.4,56,0.00,207,4.31,0.0,6.9,4.8,28
2001-07-09,17.8,26.4,53,0.00,110,5.05,0.0,6.6,4.0,27
2001-07-10,18.2,26.3,63,4.70,295,4.55,4.0,11.5,5.7,29
2001-07-11,13.9,19.6,66,1.30,322,4.14,3.0,12.7,8.6,30
2001-07-12,15.4,24.2,48,0.00,16,5.40,0.0,8.8,5.4,25
2001-07-13,18.0,24.3,54,0.00,130,5.08,0.0,7.1,4.7,25
2001-07-14,15.1,23.8,59,0.00,310,3.91,0.0,13.1,8.1,29
2001-07-15,11.4,18.0,76,6.10,316,2.56,16.0,8.9,6.4,42
2001-07-16,11.6,15.7,71,1.70,324,2.75,8.0,6.3,5.1,54
2001-07-17,11.8,15.6,81,7.80,197,2.30,18.0,6.2,3.7,53
2001-07-18,11.8,15.2,84,12.80,285,1.53,19.0,14.0,8.1,54
2001-07-19,11.9,16.7,90,9.80,255,1.56,21.0,5.5,3.7,61
2001-07-20,12.6,16.1,86,9.90,185,1.66,15.0,5.8,3.7,58
2001-07-21,14.3,20.2,86,4.40,320,2.94,12.0,8.0,5.1,53
2001-07-22,16.3,23.1,73,0.50,74,4.06,2.0,10.5,4.9,44
2001-07-23,16.8,22.9,71,1.10,326,2.66,4.0,9.9,4.2,44
2001-07-24,13.4,18.4,70,1.10,309,3.49,2.0,13.0,8.0,39
2001-07-25,12.7,18.6,60,0.00,330,3.87,0.0,12.5,5.0,34
2001-07-26,13.9,19.2,61,0.50,6,3.52,2.0,6.1,4.5,37
2001-07-27,13.9,19.6,74,0.70,320,2.94,4.0,5.9,3.2,40
2001-07-28,10.8,16.0,89,11.70,279,1.48,20.0,10.2,5.2,58
2001-07-29,10.4,14.2,82,3.90,271,2.31,12.0,6.6,3.9,59
2001-07-30,12.6,17.9,71,0.00,249,3.34,0.0,6.6,4.1,40
2001-07-31,13.6,19.2,61,0.00,141,3.62,0.0,8.2,5.6,36
2001-08-01,14.7,19.0,63,0.50,135,3.33,1.0,14.4,8.8,36
2001-08-02,13.1,17.9,70,1.60,139,2.94,4.0,14.0,10.4,51
2001-08-03,14.2,20.1,75,5.30,145,3.26,19.0,13.6,9.9,43
2001-08-04,13.3,18.7,68,3.40,151,3.66,9.0,15.2,11.3,32
2001-08-05,12.4,18.7,60,0.20,146,3.71,1.0,17.1,8.8,34
2001-08-06,12.8,18.9,71,0.90,147,3.06,5.0,15.8,10.0,37
2001-08-07,13.1,19.1,62,0.20,331,3.46,2.0,10.8,7.8,36
2001-08-08,12.3,18.1,64,0.00,328,3.21,0.0,11.5,6.7,41
2001-08-09,14.4,21.9,62,0.00,345,4.17,0.0,9.7,6.0,34
2001-08-10,16.6,24.7,56,0.00,338,4.65,0.0,10.0,5.0,28
2001-08-11,18.9,26.7,59,0.00,100,4.56,0.0,5.9,3.5,27
2001-08-12,20.1,28.9,57,0.00,104,4.89,0.0,10.4,6.1,23
2001-08-13,20.5,28.9,56,0.00,65,4.70,0.0,8.7,3.9,23
2001-08-14,20.2,27.5,55,0.00,2,4.85,0.0,8.9,6.3,25
2001-08-15,20.7,28.8,48,0.00,22,4.83,0.0,8.9,4.6,23
2001-08-16,21.8,30.0,50,0.00,98,5.04,0.0,13.6,6.8,18
2001-08-17,20.5,29.9,49,0.60,124,4.66,3.0,12.4,6.9,19
2001-08-18,15.8,21.8,63,3.90,306,3.52,6.0,9.7,6.5,38
2001-08-19,11.5,19.1,70,6.40,230,3.20,11.0,13.3,5.2,37
2001-08-20,11.8,16.6,68,2.10,192,3.06,8.0,10.5,4.6,37
2001-08-21,12.0,16.3,68,3.00,135,2.04,8.0,25.6,14.8,41
2001-08-22,13.3,18.3,70,3.80,138,2.80,7.0,22.3,19.5,50
2001-08-23,13.1,17.8,67,0.30,147,3.06,1.0,17.4,12.1,32
2001-08-24,11.4,16.4,59,2.20,165,3.18,3.0,12.7,9.6,30
2001-08-25,13.2,20.4,57,0.10,152,3.39,1.0,12.3,9.6,31
2001-08-26,15.3,22.9,60,0.00,149,3.72,0.0,13.1,9.5,29
2001-08-27,15.9,22.8,58,0.00,149,3.68,0.0,11.2,7.7,29
2001-08-28,13.9,20.5,70,0.30,317,2.88,2.0,13.2,6.2,36
2001-08-29,14.6,21.6,60,0.00,75,3.31,0.0,5.9,4.1,36
2001-08-30,16.5,25.0,61,0.00,126,3.50,0.0,12.0,6.2,29
2001-08-31,15.9,25.1,63,3.00,178,3.29,5.0,13.4,8.0,26
2001-09-01,13.6,19.9,52,2.40,183,3.61,10.0,17.2,13.9,23
2001-09-02,10.9,17.9,48,0.00,182,3.57,0.0,17.3,9.7,24
2001-09-03,12.8,17.9,41,1.10,172,4.29,5.0,19.5,16.1,23
2001-09-04,10.5,16.2,49,0.00,333,2.78,0.0,11.5,6.8,23
2001-09-05,9.0,15.6,56,0.20,311,2.86,2.0,9.9,5.7,24
2001-09-06,10.1,15.6,63,6.10,183,2.28,9.0,17.5,7.4,24
2001-09-07,9.1,14.8,50,0.50,306,3.40,2.0,20.0,10.8,31
2001-09-08,11.1,17.1,53,0.00,352,3.26,0.0,17.8,7.7,23
2001-09-09,8.8,16.2,50,0.00,332,2.98,0.0,17.1,6.8,24
2001-09-10,8.2,12.7,59,0.10,337,2.20,1.0,9.8,6.2,33
2001-09-11,8.8,14.7,61,0.00,27,2.00,0.0,6.5,3.5,38
2001-09-12,10.6,17.5,68,0.60,20,2.16,1.0,8.3,4.2,39
2001-09-13,12.5,20.2,69,0.00,15,2.85,0.0,6.0,3.7,36
2001-09-14,14.6,23.4,64,0.00,67,3.09,0.0,6.2,4.6,30
2001-09-15,15.8,23.1,60,0.00,13,3.05,0.0,7.9,3.9,31
2001-09-16,15.1,22.7,61,0.00,349,3.14,0.0,10.2,6.1,31
2001-09-17,15.0,21.6,62,0.00,359,2.74,0.0,6.9,3.8,32
2001-09-18,12.7,21.0,76,1.80,265,2.14,6.0,10.0,4.0,39
2001-09-19,9.5,14.7,63,0.20,302,2.05,1.0,9.3,6.6,33
2001-09-20,8.6,13.1,67,0.00,125,1.62,0.0,11.9,6.5,34
2001-09-21,9.7,16.2,73,6.80,144,1.99,8.0,16.6,13.4,39
2001-09-22,12.5,19.5,68,2.40,137,2.32,9.0,20.1,15.1,45
2001-09-23,15.6,24.0,60,0.00,140,3.56,0.0,19.2,15.8,31
2001-09-24,15.1,23.6,60,0.00,143,3.12,0.0,14.4,9.3,29
2001-09-25,14.8,22.5,56,0.00,141,2.52,0.0,13.8,10.9,31
2001-09-26,12.4,18.6,79,7.20,311,1.53,17.0,8.9,5.8,45
2001-09-27,6.1,11.4,84,24.10,172,1.45,8.0,19.8,9.8,37
2001-09-28,7.0,11.0,58,0.00,135,1.82,0.0,14.5,11.8,38
2001-09-29,8.5,14.9,63,0.30,140,1.99,1.0,26.6,17.5,45
2001-09-30,8.1,13.8,66,0.50,242,1.78,2.0,12.4,4.7,42
2001-10-01,7.4,12.3,58,0.00,354,1.95,0.0,10.9,7.2,36
2001-10-02,6.0,11.2,63,0.00,6,1.89,0.0,9.7,5.3,31
2001-10-03,5.1,10.6,61,0.00,356,1.75,0.0,11.4,5.5,34
2001-10-04,3.8,9.9,66,0.00,7,1.81,0.0,10.9,6.5,34
2001-10-05,5.1,12.8,67,0.00,111,1.77,0.0,9.4,7.0,32
2001-10-06,5.8,11.9,65,0.00,122,1.28,0.0,11.5,7.0,41
2001-10-07,5.0,10.2,79,0.40,132,1.05,3.0,20.2,10.5,49
2001-10-08,5.7,10.0,69,1.20,150,1.53,5.0,20.4,14.0,37
2001-10-09,4.3,8.7,62,1.10,236,1.35,5.0,14.5,7.9,40
2001-10-10,3.5,8.4,77,11.60,138,0.70,12.0,18.8,15.4,44
2001-10-11,1.3,7.2,84,2.70,234,1.12,7.0,12.0,6.8,40
2001-10-12,3.8,9.7,70,15.00,146,1.34,15.0,21.8,13.9,46
2001-10-13,2.9,9.3,60,0.20,293,1.32,1.0,18.3,9.8,43
2001-10-14,0.9,4.3,74,0.50,8,1.02,3.0,9.5,5.2,48
2001-10-15,1.3,5.8,67,0.00,123,1.00,0.0,17.3,11.3,51
2001-10-16,3.7,5.1,74,2.70,136,0.96,8.0,21.6,13.6,59
2001-10-17,0.9,5.2,80,1.40,224,1.03,3.0,10.9,5.8,35
2001-10-18,2.6,6.9,70,6.80,144,1.05,18.0,14.1,11.1,40
2001-10-19,2.1,7.5,89,17.80,130,1.00,16.0,13.7,8.2,62
2001-10-20,1.7,6.4,79,0.00,307,0.83,0.0,9.0,4.7,52
2001-10-21,0.5,3.4,83,2.30,101,0.42,6.0,8.9,7.0,58
2001-10-22,0.1,3.4,95,7.70,133,0.50,14.0,23.0,11.5,75
2001-10-23,0.6,3.7,93,7.50,167,0.45,19.0,18.3,10.1,58
2001-10-24,-1.1,2.6,70,1.10,145,0.70,6.0,13.1,9.2,64
2001-10-25,-2.1,2.3,84,0.50,117,0.69,3.0,15.3,9.3,54
2001-10-26,2.8,5.9,78,5.10,139,0.87,9.0,28.6,20.4,62
2001-10-27,-0.6,4.6,83,0.00,161,0.78,0.0,8.9,5.8,46
2001-10-28,-1.6,2.7,73,0.00,135,0.80,0.0,16.8,11.3,52
2001-10-29,0.3,4.6,67,0.00,132,1.04,0.0,19.4,15.5,51
2001-10-30,1.9,6.5,69,0.00,135,1.19,0.0,20.6,17.7,58
2001-10-31,2.7,6.2,83,2.00,149,0.86,9.0,20.6,12.9,55
2001-11-01,0.9,6.2,78,0.20,138,0.77,1.0,23.6,11.6,57
2001-11-02,0.2,6.0,85,1.90,154,0.82,4.0,20.8,9.6,48
2001-11-03,1.7,6.0,74,1.00,135,0.69,2.0,19.3,15.1,58
2001-11-04,4.9,7.0,74,2.60,148,0.97,7.0,23.3,16.2,61
2001-11-05,-0.9,3.5,76,0.00,56,0.64,0.0,8.4,6.0,52
2001-11-06,-1.5,2.8,73,0.00,135,0.74,0.0,13.7,10.9,49
2001-11-07,-0.8,2.3,70,0.00,132,0.77,0.0,22.5,16.1,59
2001-11-08,2.1,6.3,61,0.00,141,1.32,0.0,24.3,20.2,52
2001-11-09,2.9,5.5,69,0.60,135,0.81,4.0,18.4,14.7,58
2001-11-10,4.1,8.8,66,0.00,133,1.26,0.0,17.3,15.9,48
2001-11-11,4.5,7.8,63,0.00,131,1.12,0.0,16.8,14.5,52
2001-11-12,5.8,8.8,61,1.30,136,1.37,5.0,19.7,18.2,55
2001-11-13,5.4,8.0,77,0.00,136,0.91,0.0,21.9,18.0,63
2001-11-14,4.8,7.8,81,0.40,141,0.79,3.0,25.2,18.0,66
2001-11-15,6.6,9.5,77,4.00,141,1.03,8.0,31.0,23.3,67
2001-11-16,3.0,7.9,76,1.50,167,0.71,8.0,16.1,11.9,46
2001-11-17,-0.9,3.5,68,0.00,346,0.55,0.0,7.9,4.0,47
2001-11-18,-2.4,1.4,73,0.00,98,0.47,0.0,11.1,6.6,45
2001-11-19,0.6,3.5,57,0.00,134,1.11,0.0,20.1,17.1,48
2001-11-20,3.3,6.2,81,1.50,138,0.69,4.0,20.9,19.1,67
2001-11-21,3.0,5.2,80,0.90,136,0.63,4.0,19.9,17.6,74
2001-11-22,0.2,3.6,88,0.00,98,0.36,0.0,12.6,7.1,77
2001-11-23,-0.1,1.4,91,0.00,313,0.27,0.0,7.4,5.7,77
2001-11-24,-1.9,-0.0,87,0.00,359,0.30,0.0,5.8,4.2,62
2001-11-25,-2.6,-1.0,62,0.00,343,0.47,0.0,8.8,6.4,51
2001-11-26,-2.9,0.3,66,1.20,139,0.41,7.0,14.6,5.9,57
2001-11-27,-6.5,-1.9,69,0.60,343,0.32,6.0,8.4,5.4,52
2001-11-28,-7.6,-5.2,73,1.50,42,0.19,6.0,7.2,5.6,55
2001-11-29,-11.5,-5.8,82,9.20,331,0.12,23.0,11.7,8.5,70
2001-11-30,-16.7,-6.5,82,0.20,72,0.15,2.0,12.2,6.2,75
2001-12-01,-3.9,-0.0,78,2.00,129,0.45,10.0,20.5,16.4,70
2001-12-02,-6.8,-0.9,85,4.60,100,0.23,8.0,15.3,7.8,76
2001-12-03,-13.9,-7.9,85,0.00,80,0.15,0.0,10.0,6.3,73
2001-12-04,-10.0,-6.9,84,0.80,130,0.21,5.0,14.3,11.7,76
2001-12-05,-12.6,-8.1,87,0.00,131,0.15,0.0,12.4,10.1,79
2001-12-06,-6.4,-2.9,82,0.30,137,0.29,3.0,17.6,15.1,73
2001-12-07,-7.8,-2.6,86,2.60,139,0.20,9.0,20.7,11.8,77
2001-12-08,-0.8,0.4,82,4.70,143,0.42,8.0,24.2,19.0,77
2001-12-09,-7.6,-0.5,80,2.10,243,0.22,4.0,13.2,8.4,68
2001-12-10,-5.3,-3.3,83,9.70,138,0.25,20.0,18.6,14.2,75
2001-12-11,-8.9,-3.8,90,0.10,121,0.18,1.0,8.4,6.4,78
2001-12-12,-7.9,-3.0,86,0.60,136,0.20,3.0,14.6,12.1,74
2001-12-13,-3.0,-1.4,86,4.70,134,0.23,16.0,16.4,14.0,80
2001-12-14,-3.1,-1.5,82,9.10,297,0.34,19.0,19.0,9.6,50
2001-12-15,-9.1,-4.3,76,2.00,128,0.25,11.0,24.7,13.6,62
2001-12-16,-2.5,1.5,80,4.30,134,0.47,14.0,26.8,20.9,73
2001-12-17,-2.2,1.6,74,7.00,172,0.48,10.0,24.9,15.2,52
2001-12-18,-5.7,-2.6,71,0.00,137,0.60,0.0,27.2,21.2,55
2001-12-19,-8.2,-3.6,82,0.70,137,0.28,5.0,23.5,10.5,69
2001-12-20,-15.5,-11.0,82,0.00,98,0.11,0.0,7.3,5.2,74
2001-12-21,-15.4,-13.2,83,0.00,115,0.13,0.0,10.5,7.5,75
2001-12-22,-15.7,-10.1,79,0.00,100,0.16,0.0,10.1,7.6,63
2001-12-23,-13.4,-7.0,82,0.00,119,0.18,0.0,12.7,10.8,71
2001-12-24,-7.7,-3.2,81,0.00,131,0.29,0.0,14.8,13.5,66
2001-12-25,-10.0,-4.8,82,0.00,116,0.18,0.0,12.2,9.4,71
2001-12-26,-14.5,-9.7,78,0.00,91,0.16,0.0,7.6,6.4,59
2001-12-27,-12.2,-5.4,78,0.00,106,0.22,0.0,11.7,9.6,67
2001-12-28,-9.0,-5.3,82,0.50,82,0.12,4.0,6.9,5.5,75
2001-12-29,-8.5,-5.3,86,0.00,65,0.19,0.0,4.5,3.5,67
2001-12-30,-10.6,-6.9,84,0.00,60,0.18,0.0,4.2,3.3,72
2001-12-31,-13.9,-8.6,81,0.00,71,0.16,0.0,6.5,4.1,63
2002-01-01,-10.8,-1.8,77,0.00,100,0.23,0.0,13.6,9.1,63
2002-01-02,-1.2,2.1,71,0.20,133,0.68,1.0,19.6,16.8,64
2002-01-03,0.1,1.4,83,0.00,137,0.39,0.0,21.4,16.8,76
2002-01-04,-6.1,-0.0,91,0.00,119,0.16,0.0,10.7,8.5,83
2002-01-05,-6.3,0.3,88,0.00,116,0.30,0.0,19.2,11.8,72
2002-01-06,-0.4,2.4,82,0.30,133,0.46,2.0,22.5,18.4,75
2002-01-07,2.1,4.8,84,1.30,138,0.52,4.0,26.7,20.8,68
2002-01-08,-0.8,3.6,93,5.10,142,0.27,15.0,18.4,9.0,86
2002-01-09,-6.8,-0.4,90,0.10,116,0.21,1.0,9.7,5.6,82
2002-01-10,-1.9,1.1,88,0.90,137,0.24,4.0,16.4,13.3,79
2002-01-11,-3.9,1.3,89,0.70,127,0.29,4.0,22.7,10.6,70
2002-01-12,0.8,2.5,78,0.00,149,0.63,0.0,25.0,17.4,59
2002-01-13,-6.8,1.4,73,0.00,290,0.39,0.0,17.9,6.9,61
2002-01-14,-8.0,-4.3,80,0.00,48,0.26,0.0,5.4,4.2,69
2002-01-15,-8.2,-3.0,82,0.00,54,0.29,0.0,4.7,3.0,65
2002-01-16,-7.6,-2.1,83,0.90,88,0.23,5.0,13.4,7.6,69
2002-01-17,-9.0,-2.9,86,0.00,353,0.23,0.0,11.1,5.8,72
2002-01-18,-11.0,-5.8,85,4.00,120,0.17,10.0,11.5,8.4,77
2002-01-19,-6.3,-4.0,87,5.40,141,0.27,11.0,11.5,7.2,71
2002-01-20,-6.2,-3.5,84,6.60,138,0.26,18.0,17.3,12.8,73
2002-01-21,-7.8,-4.0,83,0.90,132,0.28,5.0,12.2,9.9,69
2002-01-22,-11.3,-7.1,80,1.70,137,0.21,10.0,11.1,9.0,68
2002-01-23,-12.4,-7.7,81,4.00,130,0.17,10.0,17.1,9.4,75
2002-01-24,-6.5,-0.5,82,3.00,131,0.36,8.0,18.6,13.7,72
2002-01-25,-11.6,-1.5,80,0.00,52,0.24,0.0,11.2,4.9,63
2002-01-26,-17.2,-12.5,77,0.00,337,0.16,0.0,11.1,8.0,61
2002-01-27,-21.2,-18.0,71,0.00,328,0.19,0.0,8.9,6.1,58
2002-01-28,-25.9,-19.8,69,0.00,100,0.15,0.0,9.9,6.6,57
2002-01-29,-18.4,-10.5,73,1.00,112,0.21,9.0,9.0,7.5,64
2002-01-30,-9.9,-5.4,79,3.60,124,0.34,18.0,11.2,9.9,66
2002-01-31,-9.5,-5.4,81,0.40,121,0.29,3.0,12.1,9.8,72
2002-02-01,-8.6,-4.2,82,2.70,124,0.31,9.0,13.1,10.9,67
2002-02-02,-6.0,-0.4,83,0.00,120,0.47,0.0,20.6,12.0,64
2002-02-03,-1.0,1.8,73,0.50,140,0.84,3.0,21.6,17.7,68
2002-02-04,-3.3,0.6,83,0.00,133,0.45,0.0,20.6,14.6,64
2002-02-05,-0.5,2.2,66,0.10,142,1.03,1.0,21.5,20.0,58
2002-02-06,-3.7,1.6,84,2.50,138,0.43,10.0,19.7,10.2,69
2002-02-07,-4.5,0.4,86,0.10,126,0.47,1.0,12.8,10.3,63
2002-02-08,-6.6,-0.7,80,0.20,80,0.43,1.0,10.9,5.1,65
2002-02-09,-8.3,-0.5,82,0.10,122,0.40,1.0,26.0,12.9,64
2002-02-10,-0.8,1.5,71,1.20,141,0.84,3.0,24.7,18.1,64
2002-02-11,-5.6,-0.3,72,2.60,262,0.66,4.0,12.1,6.7,53
2002-02-12,-8.4,-0.4,75,0.00,130,0.62,0.0,11.9,10.1,55
2002-02-13,-4.0,-1.0,77,3.00,153,0.68,10.0,19.2,11.1,51
2002-02-14,-7.0,1.5,71,0.00,126,0.72,0.0,13.1,8.9,54
2002-02-15,-3.7,2.8,80,0.00,125,0.76,0.0,13.1,11.8,58
2002-02-16,-2.7,2.3,79,0.00,131,0.69,0.0,13.6,12.5,60
2002-02-17,-1.5,1.6,87,5.90,134,0.48,21.0,13.0,10.0,72
2002-02-18,-2.8,2.6,86,0.50,149,0.73,4.0,15.9,6.5,52
2002-02-19,0.6,4.1,68,0.20,135,1.17,1.0,22.9,19.8,55
2002-02-20,-3.8,3.6,71,0.20,203,0.91,2.0,15.8,8.6,44
2002-02-21,-5.5,-0.0,79,3.90,109,0.42,11.0,12.1,7.7,54
2002-02-22,-3.0,-0.5,84,6.40,338,0.61,12.0,13.5,7.6,54
2002-02-23,-11.6,-3.7,74,0.00,342,0.61,0.0,13.4,10.2,45
2002-02-24,-15.0,-8.1,70,0.00,338,0.60,0.0,13.0,9.0,46
2002-02-25,-16.1,-6.4,65,0.00,93,0.60,0.0,12.5,7.4,42
2002-02-26,-6.7,-1.4,70,1.40,136,0.72,8.0,13.2,8.7,45
2002-02-27,-6.5,-0.1,77,3.60,121,0.70,8.0,15.5,8.7,43
2002-02-28,-6.5,-0.9,71,0.00,318,0.89,0.0,14.6,9.7,45
2002-03-01,-6.8,-1.4,70,0.00,339,0.85,0.0,9.9,5.3,54
2002-03-02,-6.6,1.2,75,0.00,106,0.87,0.0,8.2,4.9,58
2002-03-03,-3.5,3.0,77,0.00,116,0.90,0.0,10.2,7.8,61
2002-03-04,-0.6,2.9,83,3.20,121,0.82,8.0,8.6,4.4,67
2002-03-05,-12.6,0.2,68,2.30,320,0.60,4.0,19.6,16.3,46
2002-03-06,-20.2,-13.8,65,0.00,334,0.51,0.0,13.4,8.0,43
2002-03-07,-21.2,-15.1,66,0.00,335,0.49,0.0,10.7,6.6,44
2002-03-08,-20.3,-13.5,62,0.00,336,0.60,0.0,9.0,4.4,39
2002-03-09,-18.2,-5.5,62,0.00,99,0.71,0.0,16.1,9.3,31
2002-03-10,-6.0,0.7,70,0.90,118,0.97,6.0,17.6,13.6,50
2002-03-11,-0.7,3.7,79,3.40,135,1.01,16.0,18.2,15.1,65
2002-03-12,-1.4,3.4,76,0.60,143,1.08,1.0,15.8,10.7,47
2002-03-13,-2.0,2.7,78,0.00,139,1.11,0.0,15.0,9.5,52
2002-03-14,-4.2,1.1,73,0.70,261,1.00,4.0,10.2,5.4,47
2002-03-15,-4.8,0.7,82,4.30,325,0.53,19.0,18.7,9.0,55
2002-03-16,-13.5,-8.1,62,0.00,331,0.80,0.0,18.2,14.2,44
2002-03-17,-15.4,-9.8,64,0.00,324,0.85,0.0,15.4,10.0,41
2002-03-18,-15.9,-9.8,60,0.00,14,0.74,0.0,9.7,5.9,41
2002-03-19,-14.8,-10.2,64,0.00,336,0.70,0.0,12.1,8.9,41
2002-03-20,-17.7,-10.1,61,0.00,350,0.93,0.0,12.6,7.5,36
2002-03-21,-14.8,-3.6,57,0.00,67,1.08,0.0,7.6,5.0,35
2002-03-22,-5.7,4.8,62,0.00,101,1.57,0.0,5.7,4.6,40
2002-03-23,1.1,6.0,69,0.50,3,1.58,2.0,5.1,2.5,37
2002-03-24,0.5,5.5,78,0.40,345,1.47,3.0,7.4,4.1,59
2002-03-25,-0.9,6.0,77,0.00,102,1.84,0.0,8.4,3.9,50
2002-03-26,1.0,5.2,74,2.40,152,1.37,6.0,16.2,12.3,53
2002-03-27,-2.5,1.3,69,2.00,213,1.00,7.0,14.8,8.9,58
2002-03-28,-1.9,2.4,66,2.20,255,1.45,10.0,20.9,12.0,35
2002-03-29,-2.8,2.0,66,3.40,109,0.91,9.0,14.8,8.1,38
2002-03-30,-1.7,2.7,86,6.00,133,0.84,14.0,14.5,5.2,70
2002-03-31,0.5,3.7,81,1.70,154,1.31,7.0,20.6,13.7,44
2002-04-01,-5.2,2.8,66,0.00,330,1.55,0.0,19.1,12.8,38
2002-04-02,-7.9,0.3,57,0.00,1,1.73,0.0,11.2,5.8,39
2002-04-03,-3.4,2.5,61,0.00,20,2.00,0.0,7.9,4.2,32
2002-04-04,-2.1,4.1,66,0.00,56,1.70,0.0,4.7,2.9,33
2002-04-05,0.6,7.3,80,0.10,55,1.24,1.0,7.9,4.5,56
2002-04-06,-0.9,5.3,87,5.40,336,0.80,14.0,12.3,6.9,68
2002-04-07,-2.1,3.0,80,3.90,302,1.58,6.0,13.8,6.4,47
2002-04-08,-1.3,3.1,70,0.10,55,1.43,1.0,6.8,4.2,43
2002-04-09,-0.4,5.5,75,0.80,104,1.33,5.0,14.3,7.1,64
2002-04-10,2.6,9.3,78,0.90,147,2.10,5.0,14.3,11.5,38
2002-04-11,3.5,8.4,70,0.90,147,1.89,5.0,15.6,11.3,43
2002-04-12,3.5,8.7,86,6.10,135,1.32,24.0,15.4,12.1,61
2002-04-13,3.9,7.9,87,11.10,130,1.06,22.0,17.2,13.2,65
2002-04-14,3.1,7.4,74,11.30,169,1.50,11.0,19.9,15.0,35
2002-04-15,-0.3,3.9,67,1.80,214,1.36,9.0,12.3,6.8,38
2002-04-16,1.0,5.1,79,1.30,115,1.87,9.0,6.1,3.8,60
2002-04-17,0.7,5.5,72,0.40,340,1.90,2.0,14.2,7.4,51
2002-04-18,0.8,7.1,57,0.00,331,2.68,0.0,13.8,9.1,37
2002-04-19,3.8,8.7,55,0.00,308,2.53,0.0,8.7,3.7,39
2002-04-20,5.1,9.7,61,0.00,310,2.63,0.0,10.5,5.6,41
2002-04-21,5.9,11.8,59,0.20,286,2.27,1.0,14.1,8.2,28
2002-04-22,2.6,10.5,54,0.40,311,2.46,3.0,17.4,11.6,34
2002-04-23,-0.8,3.2,57,0.80,309,2.28,5.0,18.1,12.1,41
2002-04-24,0.2,5.2,61,0.00,253,1.90,0.0,10.0,3.7,28
2002-04-25,1.4,5.2,59,0.30,51,1.86,2.0,8.1,4.0,31
2002-04-26,0.7,5.4,61,0.40,2,2.30,3.0,11.3,8.9,34
2002-04-27,1.0,7.6,47,0.00,346,3.06,0.0,9.4,6.9,33
2002-04-28,4.6,13.8,53,0.00,322,3.33,0.0,7.8,5.5,33
2002-04-29,7.7,13.7,56,0.00,324,3.66,0.0,11.6,6.7,34
2002-04-30,8.4,13.5,53,0.00,355,3.95,0.0,17.3,11.3,30
2002-05-01,9.3,19.6,50,0.00,110,4.15,0.0,15.1,7.8,27
2002-05-02,8.4,19.4,47,0.00,290,3.51,0.0,22.9,13.8,27
2002-05-03,1.6,7.0,57,1.20,301,2.47,6.0,19.9,8.8,26
2002-05-04,2.7,7.3,63,7.50,218,2.52,13.0,11.3,4.9,29
2002-05-05,0.8,5.0,89,13.20,138,1.19,22.0,12.5,6.0,61
2002-05-06,-2.1,2.8,65,2.60,314,1.52,11.0,15.5,11.7,53
2002-05-07,-0.6,4.5,61,0.00,321,2.36,0.0,13.8,9.0,46
2002-05-08,1.9,8.0,53,0.30,151,2.82,2.0,9.4,6.4,32
2002-05-09,3.3,8.6,62,0.00,352,2.85,0.0,7.3,4.2,28
2002-05-10,4.3,11.3,62,0.00,250,2.69,0.0,11.5,6.5,30
2002-05-11,6.0,11.7,57,0.00,306,2.55,0.0,12.1,6.2,33
2002-05-12,8.2,18.3,61,0.00,125,3.85,0.0,14.7,7.2,26
2002-05-13,11.3,18.0,51,0.10,132,3.89,1.0,16.7,13.0,27
2002-05-14,6.0,13.0,74,17.80,287,2.42,16.0,15.2,11.6,23
2002-05-15,4.4,9.7,46,0.00,314,3.26,0.0,13.6,6.7,25
2002-05-16,7.0,14.3,51,0.00,126,3.37,0.0,17.6,6.7,25
2002-05-17,8.5,13.7,54,6.20,129,3.75,12.0,19.0,10.6,27
2002-05-18,7.3,14.0,59,0.30,85,3.32,1.0,13.0,6.4,29
2002-05-19,8.9,16.3,64,0.30,115,3.27,1.0,13.2,5.1,34
2002-05-20,10.3,15.9,69,1.90,69,2.37,7.0,13.4,7.9,37
2002-05-21,8.3,14.3,98,27.60,264,0.65,23.0,8.2,4.3,63
2002-05-22,4.1,6.5,88,13.20,305,1.07,17.0,12.5,9.9,65
2002-05-23,4.7,9.9,79,3.80,285,2.06,15.0,11.3,6.3,48
2002-05-24,7.0,12.2,58,0.00,316,3.01,0.0,10.4,4.8,38
2002-05-25,9.1,14.2,58,0.00,88,3.13,0.0,5.4,3.4,38
2002-05-26,10.7,16.2,68,0.00,142,3.19,0.0,9.0,6.8,41
2002-05-27,10.7,18.5,77,4.20,137,3.70,7.0,12.6,8.9,39
2002-05-28,13.2,18.4,58,0.00,145,4.19,0.0,20.0,13.5,35
2002-05-29,11.4,16.8,56,0.00,170,4.42,0.0,22.0,16.0,31
2002-05-30,9.7,14.8,54,1.00,261,3.73,5.0,16.1,7.9,35
2002-05-31,8.1,13.8,67,2.10,320,3.70,4.0,11.2,3.8,38
2002-06-01,9.5,15.0,62,0.40,354,3.80,4.0,6.8,4.7,37
2002-06-02,10.9,17.1,59,0.70,340,4.31,2.0,8.9,6.9,35
2002-06-03,12.6,19.0,60,0.40,137,4.34,2.0,9.8,5.9,33
2002-06-04,12.8,18.5,59,0.00,156,3.22,0.0,9.5,6.1,34
2002-06-05,11.2,17.2,73,10.70,216,2.99,22.0,18.5,7.1,36
2002-06-06,7.5,12.9,45,1.40,263,3.54,4.0,16.6,10.2,32
2002-06-07,6.0,11.5,46,0.00,273,3.87,0.0,14.9,6.5,29
2002-06-08,7.8,16.5,56,0.00,337,4.34,0.0,17.4,11.8,31
2002-06-09,12.9,20.8,55,0.00,360,5.29,0.0,13.0,8.8,28
2002-06-10,15.3,21.3,49,0.00,46,5.07,0.0,8.3,3.7,27
2002-06-11,15.6,21.2,57,0.00,318,4.68,0.0,10.3,4.7,28
2002-06-12,16.2,23.5,46,0.00,332,5.63,0.0,9.7,7.6,24
2002-06-13,18.5,26.5,46,0.00,14,5.64,0.0,7.3,4.0,23
2002-06-14,20.3,27.1,50,0.00,23,5.58,0.0,5.9,3.9,23
2002-06-15,19.8,26.3,54,0.20,15,4.59,1.0,5.8,3.8,25
2002-06-16,17.5,24.0,66,0.10,142,4.66,1.0,7.4,4.3,33
2002-06-17,13.4,21.0,78,6.00,282,3.35,16.0,7.1,4.8,46
2002-06-18,9.3,13.3,81,8.20,314,2.22,16.0,13.8,7.6,42
2002-06-19,11.7,16.3,57,0.00,284,3.21,0.0,12.0,7.4,37
2002-06-20,14.0,21.4,57,0.00,243,4.59,0.0,8.6,3.6,30
2002-06-21,16.0,23.8,56,0.00,122,5.09,0.0,6.2,4.5,28
2002-06-22,18.1,26.2,52,0.00,127,5.62,0.0,10.5,5.9,21
2002-06-23,18.4,26.1,42,0.00,185,5.31,0.0,16.6,7.3,21
2002-06-24,15.9,22.8,50,0.00,252,4.58,0.0,12.9,7.7,26
2002-06-25,17.2,23.1,55,0.00,170,3.90,0.0,17.3,7.7,31
2002-06-26,19.1,26.4,48,0.00,146,4.72,0.0,15.6,12.2,25
2002-06-27,18.0,27.8,54,0.00,291,4.26,0.0,18.0,8.4,22
2002-06-28,13.3,16.9,73,6.20,170,3.18,15.0,13.8,5.2,52
2002-06-29,14.1,18.0,55,0.80,171,4.71,2.0,18.4,14.2,30
2002-06-30,11.8,17.3,52,1.50,283,4.13,5.0,14.6,7.4,30
2002-07-01,10.3,15.8,57,2.30,277,3.84,6.0,14.8,9.2,30
2002-07-02,10.6,15.3,46,0.00,262,4.01,0.0,12.7,7.2,30
2002-07-03,11.5,17.2,52,0.00,141,4.31,0.0,9.4,5.5,30
2002-07-04,8.8,13.7,76,13.00,225,2.85,22.0,12.4,5.6,41
2002-07-05,9.2,14.4,61,2.10,243,2.86,7.0,8.6,5.9,35
2002-07-06,12.2,21.1,56,0.00,133,4.70,0.0,7.6,4.8,29
2002-07-07,15.4,23.4,55,0.00,46,4.28,0.0,11.2,6.3,29
2002-07-08,15.7,22.8,80,12.20,305,2.01,12.0,8.7,4.1,37
2002-07-09,14.2,20.2,79,0.60,186,3.03,1.0,9.0,4.1,44
2002-07-10,17.9,28.7,59,0.00,119,5.40,0.0,13.9,8.7,29
2002-07-11,20.3,28.7,70,1.40,146,5.18,2.0,8.7,4.5,24
2002-07-12,20.2,28.2,50,0.00,330,5.91,0.0,13.9,7.3,24
2002-07-13,19.3,27.1,62,0.00,108,3.31,0.0,11.5,5.7,29
2002-07-14,16.5,22.3,62,1.60,308,3.92,4.0,12.3,8.4,30
2002-07-15,16.0,21.4,45,0.00,327,4.79,0.0,12.1,5.7,29
2002-07-16,16.7,24.2,58,0.00,32,4.19,0.0,9.0,4.7,34
2002-07-17,18.6,24.2,53,0.20,140,4.20,1.0,11.9,8.1,34
2002-07-18,16.7,21.9,67,4.10,140,3.62,7.0,11.6,5.2,39
2002-07-19,15.2,20.8,69,4.10,312,3.08,10.0,9.7,4.9,41
2002-07-20,13.3,19.1,64,0.00,295,3.68,0.0,11.0,7.0,31
2002-07-21,14.4,22.1,56,0.00,355,4.41,0.0,11.5,6.6,30
2002-07-22,17.3,24.9,51,0.00,341,5.38,0.0,10.8,6.4,27
2002-07-23,19.2,25.7,52,0.00,340,5.00,0.0,9.2,6.3,27
2002-07-24,21.2,27.6,53,0.00,313,4.73,0.0,7.2,4.3,31
2002-07-25,21.4,27.8,51,0.40,306,4.93,1.0,11.8,7.4,30
2002-07-26,18.8,27.4,41,0.00,309,5.91,0.0,16.1,12.4,23
2002-07-27,16.2,22.5,39,0.00,301,5.50,0.0,16.2,10.8,22
2002-07-28,16.3,22.8,47,0.40,301,4.52,4.0,14.7,11.1,23
2002-07-29,13.9,20.3,38,0.00,291,4.74,0.0,15.3,12.2,23
2002-07-30,11.9,17.9,47,0.10,298,4.28,1.0,12.6,7.6,24
2002-07-31,8.6,15.5,63,1.40,323,2.55,5.0,15.2,11.6,29
2002-08-01,10.3,14.7,55,0.00,321,2.49,0.0,9.0,4.7,40
2002-08-02,9.7,14.8,66,2.60,325,2.37,13.0,11.0,7.9,41
2002-08-03,10.4,16.0,62,0.30,41,3.07,3.0,8.1,3.3,39
2002-08-04,10.2,16.0,69,1.90,353,2.37,6.0,10.7,6.7,38
2002-08-05,8.5,14.3,87,9.20,164,2.20,17.0,13.1,7.9,53
2002-08-06,10.6,16.4,71,0.10,316,3.39,1.0,8.4,3.9,40
2002-08-07,12.8,20.0,64,0.00,174,3.59,0.0,9.8,6.5,30
2002-08-08,14.8,22.0,56,0.00,131,3.59,0.0,7.7,5.4,29
2002-08-09,16.4,21.7,60,0.00,229,3.46,0.0,11.9,6.8,34
2002-08-10,14.1,20.3,49,0.00,314,3.65,0.0,15.5,10.4,29
2002-08-11,12.2,17.0,50,0.00,325,3.38,0.0,15.3,6.4,30
2002-08-12,14.3,23.7,56,0.00,311,3.92,0.0,14.1,7.3,32
2002-08-13,18.2,26.6,50,0.00,290,4.84,0.0,22.7,8.9,26
2002-08-14,16.8,25.8,50,0.00,311,4.30,0.0,18.8,15.0,30
2002-08-15,14.3,19.6,46,0.00,322,4.11,0.0,13.2,9.5,29
2002-08-16,11.5,18.8,53,0.00,322,4.30,0.0,21.1,10.4,22
2002-08-17,12.7,19.2,51,0.30,73,3.24,2.0,10.9,7.7,21
2002-08-18,13.5,22.4,61,0.00,149,3.85,0.0,11.7,7.6,26
2002-08-19,14.3,22.6,51,0.00,306,3.67,0.0,12.3,7.3,26
2002-08-20,13.7,20.0,59,0.00,181,3.26,0.0,7.1,5.1,30
2002-08-21,15.3,23.5,55,0.00,220,3.88,0.0,6.9,3.5,24
2002-08-22,17.5,25.2,48,0.00,329,4.12,0.0,9.0,5.6,24
2002-08-23,19.6,27.6,53,0.00,63,4.20,0.0,5.4,4.3,29
2002-08-24,20.8,27.5,57,0.00,10,3.65,0.0,6.9,4.3,29
2002-08-25,18.9,27.1,67,0.10,326,3.22,1.0,8.7,4.7,30
2002-08-26,17.0,24.1,72,0.30,327,3.51,1.0,9.0,4.7,27
2002-08-27,18.4,25.7,48,0.00,2,4.15,0.0,9.8,5.3,25
2002-08-28,19.4,26.9,49,0.00,129,4.13,0.0,10.4,8.3,25
2002-08-29,17.7,26.7,66,0.00,329,2.78,0.0,12.6,10.1,27
2002-08-30,14.7,20.6,47,0.00,324,3.95,0.0,12.1,8.4,24
2002-08-31,13.0,20.3,58,2.20,70,1.88,5.0,12.0,6.5,25
2002-09-01,11.2,15.9,78,7.30,250,2.30,15.0,14.6,8.6,32
2002-09-02,12.2,16.3,58,6.10,143,2.39,10.0,21.1,8.7,32
2002-09-03,9.4,14.1,69,3.90,12,2.54,3.0,9.1,5.7,36
2002-09-04,7.7,13.3,69,0.90,327,1.71,3.0,11.5,7.5,37
2002-09-05,7.3,11.8,62,0.00,313,2.09,0.0,11.8,6.5,37
2002-09-06,7.7,14.0,63,0.00,360,2.53,0.0,7.6,4.1,37
2002-09-07,9.0,14.7,62,0.00,226,2.67,0.0,9.7,5.3,34
2002-09-08,8.9,14.4,63,0.60,151,2.24,2.0,18.6,9.9,34
2002-09-09,8.9,17.7,76,1.60,139,1.97,4.0,22.4,14.7,36
2002-09-10,11.4,18.2,70,3.10,141,1.88,9.0,20.4,11.7,35
2002-09-11,10.2,15.9,80,0.00,84,1.79,0.0,7.0,3.9,51
2002-09-12,12.5,20.8,70,0.00,112,2.54,0.0,7.6,4.3,38
2002-09-13,13.1,21.1,68,0.00,341,2.34,0.0,13.6,4.7,36
2002-09-14,13.5,20.9,69,0.00,121,2.35,0.0,12.6,8.4,35
2002-09-15,13.9,21.1,63,0.00,144,3.10,0.0,13.0,7.5,31
2002-09-16,11.7,18.8,72,5.10,148,1.98,15.0,11.7,6.2,37
2002-09-17,7.8,13.0,79,1.30,273,1.99,1.0,9.4,3.8,34
2002-09-18,7.4,13.0,78,7.20,134,0.64,10.0,15.0,6.4,34
2002-09-19,8.4,11.7,80,9.60,155,1.34,8.0,19.2,15.9,35
2002-09-20,5.9,10.8,54,0.20,291,2.00,1.0,17.1,9.8,31
2002-09-21,6.2,12.3,66,0.00,107,1.91,0.0,11.2,6.3,36
2002-09-22,7.8,11.9,73,1.00,99,1.13,7.0,11.2,6.6,46
2002-09-23,8.8,13.6,86,1.30,52,1.30,6.0,8.9,4.6,68
2002-09-24,9.0,13.1,85,0.30,337,1.52,3.0,12.9,7.0,52
2002-09-25,7.8,14.4,72,0.00,356,2.08,0.0,11.3,4.6,43
2002-09-26,9.0,14.1,79,2.20,337,1.16,10.0,11.6,4.6,44
2002-09-27,7.9,14.6,77,0.20,338,1.72,2.0,12.7,6.4,42
2002-09-28,10.0,14.4,66,4.20,137,1.50,4.0,14.6,10.7,44
2002-09-29,6.3,11.6,70,0.10,330,1.32,1.0,14.3,9.6,45
2002-09-30,3.9,8.7,64,0.00,327,1.69,0.0,14.5,11.1,45
2002-10-01,4.0,10.4,70,0.40,118,1.79,1.0,11.7,7.0,34
2002-10-02,5.1,10.1,80,15.70,136,0.68,17.0,16.3,13.0,34
2002-10-03,4.9,9.8,87,1.90,7,1.44,5.0,10.9,6.9,40
2002-10-04,4.3,9.7,70,0.00,89,1.28,0.0,8.5,5.1,42
2002-10-05,5.7,9.2,87,3.80,296,0.71,13.0,7.9,5.2,51
2002-10-06,6.8,10.8,97,12.40,136,0.34,18.0,9.4,7.4,79
2002-10-07,6.1,11.4,88,5.60,266,1.24,10.0,11.5,7.5,46
2002-10-08,5.1,11.0,83,2.10,130,0.77,5.0,9.0,6.8,50
2002-10-09,5.1,9.4,82,0.50,166,1.01,2.0,16.9,7.4,42
2002-10-10,2.0,6.6,62,0.50,294,1.22,3.0,13.5,7.8,47
2002-10-11,-0.8,2.8,57,0.00,306,1.36,0.0,10.7,7.7,32
2002-10-12,0.6,7.6,58,0.00,129,1.51,0.0,12.0,9.8,37
2002-10-13,2.7,8.9,63,0.20,126,1.17,1.0,14.1,8.7,48
2002-10-14,2.3,8.4,83,0.00,108,1.09,0.0,6.9,4.8,56
2002-10-15,5.0,10.6,80,0.00,100,0.88,0.0,8.1,5.2,61
2002-10-16,5.0,12.5,85,0.00,114,1.19,0.0,9.0,6.1,62
2002-10-17,5.8,11.9,85,0.00,116,1.16,0.0,10.0,7.6,57
2002-10-18,4.2,11.0,85,0.00,108,1.14,0.0,8.3,6.9,60
2002-10-19,4.8,10.3,82,0.00,119,0.96,0.0,9.8,8.0,62
2002-10-20,4.4,11.6,86,0.00,118,1.05,0.0,7.9,6.3,62
2002-10-21,6.2,11.2,84,0.00,2,0.98,0.0,6.6,4.1,55
2002-10-22,4.2,10.0,85,0.00,22,0.95,0.0,6.9,3.9,63
2002-10-23,1.9,8.0,93,0.00,52,0.68,0.0,6.3,3.4,75
2002-10-24,0.5,3.9,93,0.00,109,0.66,0.0,4.9,3.5,71
2002-10-25,-0.3,2.8,90,0.00,340,0.44,0.0,6.6,3.6,73
2002-10-26,-0.7,2.4,86,0.00,180,0.57,0.0,8.0,4.0,64
2002-10-27,0.2,3.3,81,3.70,134,0.58,8.0,12.3,9.4,70
2002-10-28,-0.3,2.3,90,3.00,328,0.48,11.0,16.1,9.7,60
2002-10-29,-2.6,1.0,56,0.00,349,0.96,0.0,14.6,7.5,36
2002-10-30,-3.6,1.8,70,0.00,58,0.74,0.0,8.3,4.1,39
2002-10-31,-2.9,2.4,75,0.00,104,0.69,0.0,6.9,4.7,44
2002-11-01,-2.1,2.8,74,0.00,116,0.75,0.0,7.9,6.3,43
2002-11-02,-2.8,1.8,78,0.00,87,0.62,0.0,5.8,3.8,51
2002-11-03,-2.2,1.8,80,0.00,114,0.57,0.0,7.9,5.6,52
2002-11-04,-2.6,2.9,80,0.00,115,0.66,0.0,10.0,7.1,48
2002-11-05,-0.5,3.5,68,0.00,124,0.71,0.0,11.7,10.5,52
2002-11-06,2.9,7.9,80,1.30,135,0.86,5.0,20.4,17.3,62
2002-11-07,2.2,5.4,92,2.30,123,0.38,5.0,17.7,12.8,76
2002-11-08,0.8,3.9,96,3.60,112,0.24,10.0,17.9,9.7,93
2002-11-09,0.1,2.9,98,3.70,102,0.31,12.0,8.4,6.0,94
2002-11-10,0.7,3.2,95,0.40,133,0.35,3.0,11.0,4.5,76
2002-11-11,0.6,5.4,88,1.40,130,0.53,4.0,12.3,10.6,75
2002-11-12,2.8,6.9,87,1.50,128,0.61,5.0,23.7,17.7,67
2002-11-13,2.4,6.8,88,0.00,138,0.64,0.0,20.4,13.4,65
2002-11-14,1.5,4.5,92,6.30,135,0.40,11.0,13.8,9.1,76
2002-11-15,0.7,3.1,96,3.50,127,0.20,14.0,14.8,12.0,87
2002-11-16,2.7,5.6,84,3.20,136,0.67,13.0,25.2,21.5,61
2002-11-17,0.2,4.2,80,3.00,159,0.37,5.0,19.6,11.1,67
2002-11-18,1.9,4.4,79,2.00,140,0.60,11.0,23.6,17.4,72
2002-11-19,3.0,5.7,88,3.10,133,0.35,7.0,22.2,16.6,81
2002-11-20,4.9,8.9,92,0.30,133,0.45,2.0,17.4,15.0,78
2002-11-21,6.0,8.8,86,0.00,136,0.47,0.0,17.6,15.9,72
2002-11-22,1.2,7.3,88,0.00,4,0.34,0.0,11.0,5.3,80
2002-11-23,-0.9,1.2,86,0.00,348,0.30,0.0,8.1,5.2,69
2002-11-24,-2.3,0.6,81,0.00,104,0.39,0.0,6.2,5.1,59
2002-11-25,-2.9,-0.4,79,0.00,101,0.29,0.0,8.8,6.4,60
2002-11-26,-1.8,2.4,73,0.00,124,0.46,0.0,9.7,8.1,48
2002-11-27,-1.4,3.3,81,0.00,116,0.43,0.0,12.7,10.0,59
2002-11-28,0.4,3.4,83,0.00,119,0.37,0.0,14.3,8.9,73
2002-11-29,0.3,3.0,89,0.00,100,0.34,0.0,7.0,5.9,74
2002-11-30,-1.0,2.6,87,0.00,111,0.35,0.0,10.2,8.3,66
2002-12-01,-1.6,2.0,87,0.00,117,0.31,0.0,10.2,8.7,72
2002-12-02,-0.7,1.3,90,0.00,13,0.25,0.0,5.8,4.4,78
2002-12-03,-2.3,-0.4,86,0.00,11,0.30,0.0,6.3,4.5,62
2002-12-04,-3.9,-0.8,72,0.00,42,0.30,0.0,5.9,4.4,50
2002-12-05,-3.3,-0.9,79,1.70,107,0.19,6.0,9.1,7.4,61
2002-12-06,-2.8,0.2,90,0.00,119,0.23,0.0,8.5,6.9,75
2002-12-07,-1.9,1.0,84,0.00,124,0.27,0.0,9.1,8.2,64
2002-12-08,-1.3,2.0,80,0.00,125,0.38,0.0,13.0,10.8,63
2002-12-09,-0.3,3.1,74,0.00,129,0.57,0.0,15.8,13.8,56
2002-12-10,0.8,2.5,70,0.00,136,0.71,0.0,18.5,16.3,65
2002-12-11,-1.4,1.1,85,0.20,127,0.30,2.0,22.2,12.7,67
2002-12-12,2.4,6.0,72,1.30,135,0.96,4.0,32.4,24.7,63
2002-12-13,-0.3,4.5,90,2.80,144,0.34,4.0,26.2,15.1,71
2002-12-14,0.8,2.8,79,2.30,129,0.53,8.0,23.2,19.4,65
2002-12-15,1.6,3.7,91,2.20,133,0.33,4.0,21.9,15.8,78
2002-12-16,1.5,2.4,76,0.70,133,0.66,4.0,27.5,18.3,61
2002-12-17,-1.9,1.2,84,0.00,160,0.25,0.0,9.4,6.7,75
2002-12-18,-3.7,-2.4,83,0.00,116,0.19,0.0,9.6,7.6,78
2002-12-19,-4.9,-1.9,85,0.00,105,0.25,0.0,10.4,8.1,68
2002-12-20,-5.2,-1.9,72,0.00,72,0.24,0.0,7.4,5.0,60
2002-12-21,-6.2,-3.2,80,0.00,100,0.22,0.0,9.1,7.6,68
2002-12-22,-7.1,-4.4,84,0.00,118,0.21,0.0,9.1,7.8,69
2002-12-23,-6.7,-3.0,78,0.00,123,0.27,0.0,11.7,8.9,62
2002-12-24,-6.5,-3.1,70,0.00,130,0.47,0.0,19.1,14.1,54
2002-12-25,-3.9,-1.1,67,1.60,136,0.68,5.0,24.5,20.0,59
2002-12-26,-4.5,-1.7,87,8.20,149,0.21,12.0,14.0,9.6,74
2002-12-27,-10.2,-5.2,86,0.00,94,0.14,0.0,9.0,6.2,78
2002-12-28,-13.1,-6.4,86,0.00,95,0.14,0.0,9.4,5.6,75
2002-12-29,-13.0,-10.1,84,0.00,73,0.15,0.0,8.9,4.5,72
2002-12-30,-7.9,-3.0,77,1.10,126,0.38,6.0,20.1,15.3,70
2002-12-31,-9.8,-5.5,85,0.00,116,0.19,0.0,14.0,10.9,75
2003-01-01,-4.4,0.8,80,0.10,131,0.38,1.0,21.7,17.3,72
2003-01-02,-0.4,2.9,80,3.60,135,0.49,10.0,24.3,19.5,74
2003-01-03,1.0,2.6,81,2.00,136,0.50,3.0,23.1,18.1,66
2003-01-04,1.6,2.7,74,0.70,135,0.76,5.0,23.2,21.5,69
2003-01-05,-2.8,2.2,90,0.00,129,0.28,0.0,20.7,13.6,76
2003-01-06,1.3,4.1,75,0.00,137,0.76,0.0,22.7,20.5,62
2003-01-07,1.0,3.4,68,0.00,140,0.90,0.0,21.5,18.7,59
2003-01-08,-1.9,1.4,75,0.00,41,0.34,0.0,12.0,6.4,60
2003-01-09,-6.0,-3.1,69,0.00,57,0.29,0.0,8.0,5.0,61
2003-01-10,-7.9,-4.9,67,0.00,92,0.31,0.0,5.8,5.2,51
2003-01-11,-7.2,-2.5,54,0.00,113,0.48,0.0,11.0,7.1,43
2003-01-12,-3.6,-1.2,73,0.40,112,0.35,2.0,10.2,7.3,60
2003-01-13,-6.9,-2.2,86,0.00,105,0.27,0.0,9.2,6.7,70
2003-01-14,-4.4,-0.9,79,1.50,117,0.36,6.0,12.3,9.2,71
2003-01-15,-8.1,-2.8,84,0.00,105,0.23,0.0,10.1,8.5,72
2003-01-16,-6.9,-2.4,81,0.00,120,0.30,0.0,10.9,8.9,65
2003-01-17,-4.8,-1.4,78,0.00,120,0.30,0.0,10.0,8.6,68
2003-01-18,-7.7,-2.2,86,0.00,121,0.30,0.0,11.3,8.9,71
2003-01-19,-7.2,-1.3,80,0.00,123,0.31,0.0,11.9,10.6,62
2003-01-20,-6.0,-1.0,82,0.40,108,0.32,2.0,11.6,6.7,69
2003-01-21,-9.7,-1.1,72,0.00,328,0.29,0.0,13.7,9.2,53
2003-01-22,-15.3,-10.1,60,1.90,37,0.19,4.0,8.0,4.9,55
2003-01-23,-7.9,1.0,80,2.50,80,0.26,12.0,6.9,5.2,74
2003-01-24,-2.3,2.2,86,4.30,120,0.36,13.0,16.8,10.9,73
2003-01-25,-4.5,1.3,90,4.50,40,0.24,11.0,13.3,6.5,80
2003-01-26,2.7,6.2,83,2.60,139,0.62,10.0,20.6,16.5,60
2003-01-27,-5.1,4.6,78,0.00,152,0.52,0.0,10.7,7.2,62
2003-01-28,-6.3,-0.2,83,0.00,110,0.41,0.0,9.4,7.4,67
2003-01-29,-4.3,-0.3,83,1.10,125,0.35,3.0,16.0,12.8,70
2003-01-30,-2.7,2.3,87,7.00,137,0.48,12.0,15.0,9.4,66
2003-01-31,0.0,3.8,83,1.70,133,0.59,4.0,21.9,15.8,69
2003-02-01,-1.4,2.5,87,0.80,129,0.47,5.0,12.8,6.9,73
2003-02-02,-2.9,1.2,87,0.10,108,0.39,1.0,9.7,6.5,72
2003-02-03,-2.9,-0.0,79,2.10,286,0.43,9.0,16.3,6.0,62
2003-02-04,-3.6,1.4,71,0.00,350,0.59,0.0,11.7,4.4,59
2003-02-05,-2.2,2.1,71,0.00,20,0.67,0.0,8.7,6.3,62
2003-02-06,-2.6,1.2,80,0.00,70,0.59,0.0,6.8,4.7,70
2003-02-07,-3.2,0.7,77,0.00,42,0.58,0.0,8.7,5.4,60
2003-02-08,-3.9,0.7,69,0.00,27,0.68,0.0,8.4,5.5,53
2003-02-09,-4.0,3.1,65,0.00,80,0.76,0.0,10.4,6.3,39
2003-02-10,-3.3,3.2,65,0.00,30,0.81,0.0,10.7,6.1,43
2003-02-11,-3.1,2.7,68,0.00,92,0.83,0.0,9.8,7.4,57
2003-02-12,-4.3,3.2,74,0.00,100,0.80,0.0,10.1,8.6,51
2003-02-13,-3.4,3.7,73,0.00,86,0.85,0.0,9.8,6.0,42
2003-02-14,-3.5,3.7,72,0.00,55,0.85,0.0,8.1,5.5,42
2003-02-15,-0.5,5.5,70,0.70,121,0.97,2.0,21.0,12.3,53
2003-02-16,-0.5,4.4,84,1.70,127,0.58,10.0,17.9,10.0,59
2003-02-17,-1.8,3.9,84,0.20,122,0.84,2.0,9.2,5.7,41
2003-02-18,-2.2,2.7,59,0.00,135,1.08,0.0,9.4,7.5,41
2003-02-19,-2.3,1.5,68,2.30,132,0.70,10.0,12.5,11.2,47
2003-02-20,-1.8,1.4,85,2.40,118,0.56,14.0,13.0,5.6,64
2003-02-21,-2.5,2.3,81,4.80,130,0.62,17.0,6.6,4.1,59
2003-02-22,-9.7,0.9,76,0.90,329,0.58,4.0,14.0,10.9,51
2003-02-23,-17.6,-8.9,70,0.00,12,0.61,0.0,13.5,5.9,50
2003-02-24,-17.1,-6.0,64,0.00,103,0.64,0.0,7.2,5.0,46
2003-02-25,-12.5,-1.6,65,0.00,115,0.62,0.0,10.0,8.3,45
2003-02-26,-4.6,-0.5,78,0.40,43,0.58,3.0,9.2,4.7,56
2003-02-27,-7.8,-0.1,79,0.00,58,0.82,0.0,12.6,8.2,57
2003-02-28,-2.7,1.4,81,5.00,131,0.75,13.0,12.4,8.5,57
2003-03-01,-6.8,1.0,81,0.00,89,0.70,0.0,10.3,7.8,60
2003-03-02,-2.0,2.5,82,5.40,114,0.79,13.0,11.5,6.6,64
2003-03-03,-4.8,1.9,76,0.10,337,1.02,1.0,13.8,8.2,47
2003-03-04,-5.5,1.8,76,0.60,100,0.73,2.0,10.0,4.9,56
2003-03-05,-2.2,1.3,80,4.50,288,0.64,18.0,18.4,10.2,62
2003-03-06,-14.5,-8.2,61,0.00,340,0.69,0.0,17.4,13.5,31
2003-03-07,-21.2,-12.1,58,0.00,3,0.56,0.0,11.7,8.4,32
2003-03-08,-22.3,-16.0,62,0.00,334,0.49,0.0,11.1,7.6,39
2003-03-09,-17.8,-5.4,67,1.50,56,0.50,7.0,9.9,4.9,42
2003-03-10,-7.0,-4.3,75,2.30,85,0.70,8.0,17.3,11.4,55
2003-03-11,-9.0,-4.5,75,3.00,8,0.61,13.0,9.0,5.1,56
2003-03-12,-5.7,3.5,81,3.10,109,0.60,11.0,20.6,8.7,66
2003-03-13,3.6,9.2,79,1.90,139,1.36,8.0,32.3,21.5,56
2003-03-14,4.2,8.7,76,1.40,146,1.67,7.0,25.3,18.6,50
2003-03-15,3.5,9.1,68,0.00,131,1.94,0.0,26.1,18.4,40
2003-03-16,1.6,8.4,71,0.00,138,1.86,0.0,20.2,12.7,36
2003-03-17,0.5,6.5,60,0.20,150,1.84,1.0,13.3,10.1,31
2003-03-18,-1.6,5.2,63,0.00,143,1.39,0.0,20.4,14.8,35
2003-03-19,0.1,6.8,71,0.20,129,1.44,2.0,22.5,14.4,40
2003-03-20,3.4,8.9,62,0.40,145,2.18,1.0,22.3,16.4,41
2003-03-21,2.6,8.4,73,2.20,145,1.67,9.0,18.2,13.1,36
2003-03-22,3.6,8.3,66,2.80,146,1.82,7.0,23.7,17.2,27
2003-03-23,1.3,6.9,48,0.00,253,2.03,0.0,18.0,11.1,24
2003-03-24,-0.8,4.4,41,0.00,276,2.08,0.0,17.4,7.2,23
2003-03-25,0.7,6.0,46,1.10,143,2.09,9.0,14.3,11.4,23
2003-03-26,0.2,5.5,62,0.20,117,1.46,1.0,12.0,7.3,31
2003-03-27,0.6,7.0,73,0.50,133,1.76,3.0,7.4,5.6,41
2003-03-28,1.2,7.8,62,0.00,134,1.97,0.0,9.0,7.1,29
2003-03-29,3.2,7.6,62,2.00,130,1.34,7.0,17.1,13.9,31
2003-03-30,5.5,12.3,77,2.10,142,1.60,5.0,17.1,15.3,42
2003-03-31,3.6,11.1,58,0.00,209,2.10,0.0,12.8,8.1,35
2003-04-01,-0.4,5.8,79,3.60,342,1.10,10.0,11.6,5.0,53
2003-04-02,-1.3,3.3,76,2.10,334,1.33,5.0,9.4,5.8,45
2003-04-03,-0.9,4.6,60,0.30,306,1.84,2.0,10.1,4.8,36
2003-04-04,-1.3,3.9,63,0.20,262,1.86,1.0,6.9,3.6,36
2003-04-05,-0.9,3.4,62,0.10,143,1.84,1.0,7.4,5.8,36
2003-04-06,0.1,7.1,55,0.00,137,2.19,0.0,16.8,10.1,28
2003-04-07,3.1,9.2,52,0.20,143,2.33,2.0,28.1,20.5,28
2003-04-08,6.0,12.1,63,0.50,146,2.57,4.0,37.5,26.5,40
2003-04-09,3.8,11.8,70,7.70,185,2.45,13.0,24.8,9.9,42
2003-04-10,4.3,10.3,54,0.00,138,2.50,0.0,18.9,11.7,33
2003-04-11,6.0,11.1,60,0.00,147,2.63,0.0,19.4,14.7,34
2003-04-12,5.3,12.9,60,0.00,75,2.65,0.0,13.0,5.9,30
2003-04-13,5.5,12.8,72,3.70,28,1.72,11.0,7.7,4.9,30
2003-04-14,3.9,8.3,90,5.60,127,1.43,22.0,11.1,6.5,68
2003-04-15,3.4,8.4,84,3.00,143,1.66,13.0,7.0,3.2,61
2003-04-16,3.0,8.4,81,1.80,155,1.87,9.0,13.1,8.8,46
2003-04-17,2.9,7.1,75,1.40,209,1.96,6.0,13.0,4.0,47
2003-04-18,2.2,7.9,65,0.20,185,2.18,1.0,14.5,5.6,31
2003-04-19,4.7,11.3,59,0.00,153,2.46,0.0,16.4,11.1,32
2003-04-20,6.1,13.7,62,0.40,132,2.82,3.0,16.9,13.3,40
2003-04-21,7.5,14.8,63,0.20,125,3.08,1.0,14.7,7.7,39
2003-04-22,5.6,13.9,79,5.00,324,2.62,7.0,14.8,7.0,38
2003-04-23,6.7,12.3,61,0.00,140,2.69,0.0,17.4,11.0,35
2003-04-24,8.0,14.0,66,0.00,84,2.05,0.0,12.6,6.4,37
2003-04-25,6.8,14.3,91,7.70,104,0.88,16.0,13.0,6.8,48
2003-04-26,4.3,12.4,85,6.10,19,2.10,13.0,15.9,5.6,33
2003-04-27,5.0,12.2,55,0.00,352,2.75,0.0,16.3,10.0,33
2003-04-28,4.4,11.9,57,0.00,13,2.77,0.0,10.9,5.3,31
2003-04-29,6.5,13.2,56,0.00,345,3.15,0.0,6.7,5.0,31
2003-04-30,8.3,15.8,53,0.00,338,3.79,0.0,8.9,5.5,27
2003-05-01,9.1,15.9,53,0.00,313,3.94,0.0,9.7,7.0,28
2003-05-02,6.5,15.5,61,1.10,317,2.56,2.0,16.4,10.1,32
2003-05-03,1.6,6.4,55,0.00,336,2.27,0.0,15.7,9.4,41
2003-05-04,2.7,7.4,65,2.70,340,1.88,8.0,8.3,6.0,43
2003-05-05,2.0,7.4,68,3.40,319,1.77,12.0,13.7,10.9,48
2003-05-06,1.5,7.4,60,0.00,324,2.31,0.0,13.1,9.7,35
2003-05-07,3.6,7.5,54,0.40,348,2.19,4.0,11.2,6.5,35
2003-05-08,4.7,12.4,62,0.10,336,3.15,1.0,8.0,5.3,40
2003-05-09,6.4,13.3,67,1.40,332,3.30,3.0,9.4,5.6,38
2003-05-10,7.6,14.3,65,0.10,46,3.26,1.0,9.0,4.9,29
2003-05-11,9.8,16.3,50,0.00,269,3.79,0.0,8.3,4.6,24
2003-05-12,10.2,16.3,50,0.00,249,3.71,0.0,11.5,4.9,25
2003-05-13,9.0,16.3,48,0.00,194,3.12,0.0,20.4,10.7,26
2003-05-14,7.8,12.8,55,6.40,157,2.61,11.0,17.1,14.8,39
2003-05-15,2.6,7.6,65,2.10,174,2.89,3.0,6.2,4.9,32
2003-05-16,2.4,7.5,62,1.30,288,2.75,4.0,8.5,4.9,34
2003-05-17,2.1,6.7,68,1.80,303,2.36,3.0,14.8,7.1,42
2003-05-18,4.2,10.8,55,0.10,343,3.37,1.0,14.5,7.3,27
2003-05-19,6.1,11.7,54,0.30,149,3.55,1.0,11.4,6.2,27
2003-05-20,7.1,12.9,56,0.10,144,3.31,1.0,11.1,8.1,30
2003-05-21,8.6,13.5,57,0.00,150,3.07,0.0,13.7,9.6,30
2003-05-22,9.7,13.5,64,1.60,156,2.87,7.0,12.8,10.3,40
2003-05-23,9.8,17.0,72,0.40,141,2.92,2.0,21.1,11.8,41
2003-05-24,13.6,19.5,61,0.50,139,3.49,1.0,21.4,16.4,45
2003-05-25,11.8,16.9,71,3.10,170,3.17,8.0,13.1,6.2,40
2003-05-26,9.8,15.4,69,1.00,188,2.98,6.0,5.6,3.4,35
2003-05-27,11.3,17.7,50,0.00,157,3.82,0.0,12.3,8.7,29
2003-05-28,14.1,19.0,51,1.10,132,3.60,2.0,18.4,12.7,28
2003-05-29,11.2,17.8,45,0.10,251,4.79,1.0,16.3,7.2,27
2003-05-30,13.4,22.5,48,0.00,102,4.69,0.0,10.0,6.0,23
2003-05-31,14.8,22.4,46,0.00,100,3.16,0.0,8.9,5.0,24
2003-06-01,11.3,16.1,71,1.20,273,2.30,7.0,6.5,4.7,37
2003-06-02,7.8,13.4,70,4.30,289,2.92,6.0,15.0,9.2,27
2003-06-03,9.2,15.8,44,0.00,311,4.63,0.0,13.3,9.3,25
2003-06-04,12.1,20.3,45,0.00,330,5.12,0.0,10.4,6.3,24
2003-06-05,15.2,21.8,45,0.00,334,5.30,0.0,14.5,9.0,24
2003-06-06,15.5,22.0,43,0.00,349,5.15,0.0,15.6,7.5,21
2003-06-07,17.8,25.4,47,0.00,191,5.42,0.0,10.1,5.8,21
2003-06-08,17.9,24.9,43,0.00,320,5.46,0.0,13.7,11.1,24
2003-06-09,15.8,21.4,55,1.00,336,4.37,5.0,14.5,7.4,33
2003-06-10,12.0,16.4,71,2.90,316,2.63,5.0,14.3,10.8,46
2003-06-11,13.6,19.1,58,0.00,266,4.20,0.0,11.2,6.1,36
2003-06-12,15.4,20.0,53,0.00,179,4.29,0.0,15.7,8.3,35
2003-06-13,13.3,18.4,60,4.20,159,3.66,6.0,16.6,11.8,31
2003-06-14,12.5,18.2,38,0.00,199,4.80,0.0,15.9,10.2,24
2003-06-15,12.3,16.6,42,0.20,204,4.30,1.0,15.9,8.7,23
2003-06-16,13.5,20.9,47,0.00,303,4.79,0.0,11.2,5.4,25
2003-06-17,17.1,25.7,45,0.00,109,5.29,0.0,16.3,8.9,20
2003-06-18,17.8,25.9,44,0.00,158,4.88,0.0,16.8,9.8,20
2003-06-19,12.3,17.1,46,0.10,322,4.27,1.0,14.2,8.5,23
2003-06-20,11.3,16.9,37,0.40,333,3.42,4.0,15.6,12.6,24
2003-06-21,9.0,13.1,66,6.30,322,2.28,14.0,11.9,9.1,34
2003-06-22,10.0,14.1,68,2.50,303,2.98,14.0,12.7,6.2,52
2003-06-23,11.2,17.5,66,1.10,316,4.04,5.0,11.5,7.0,38
2003-06-24,13.4,18.6,57,0.10,299,4.60,1.0,9.1,4.6,33
2003-06-25,13.8,18.8,58,0.00,302,2.97,0.0,11.3,5.7,32
2003-06-26,15.0,20.6,59,0.00,280,3.76,0.0,14.6,6.2,34
2003-06-27,14.4,20.3,43,0.00,303,5.18,0.0,13.7,10.0,22
2003-06-28,16.7,24.3,38,0.00,236,5.14,0.0,8.9,4.2,22
2003-06-29,19.1,27.2,45,0.00,139,5.85,0.0,16.9,7.2,17
2003-06-30,15.7,25.0,62,12.20,150,3.34,15.0,19.6,9.2,22
2003-07-01,10.6,16.0,72,6.70,188,3.45,12.0,14.5,4.9,33
2003-07-02,9.8,15.2,63,4.20,250,2.24,11.0,10.7,6.4,36
2003-07-03,11.7,18.1,61,0.40,244,2.80,1.0,8.9,5.3,31
2003-07-04,13.0,19.3,70,5.10,162,2.00,16.0,12.2,5.0,30
2003-07-05,10.9,16.0,71,2.80,312,2.91,6.0,12.3,8.0,34
2003-07-06,13.5,19.9,51,0.00,343,4.31,0.0,7.9,3.7,33
2003-07-07,15.4,21.6,60,0.90,133,4.21,5.0,10.0,5.5,34
2003-07-08,14.2,21.4,72,6.70,319,3.62,6.0,10.7,5.9,35
2003-07-09,13.0,18.4,68,0.80,319,3.57,3.0,7.2,3.9,37
2003-07-10,16.0,24.3,57,0.00,103,4.62,0.0,5.0,3.6,32
2003-07-11,19.7,26.9,53,0.00,87,5.02,0.0,7.1,4.0,26
2003-07-12,19.6,26.9,52,0.00,193,4.79,0.0,6.4,3.4,25
2003-07-13,15.8,20.6,58,1.50,197,4.40,3.0,12.3,7.3,29
2003-07-14,15.3,20.6,47,0.20,168,4.85,1.0,12.8,8.1,29
2003-07-15,14.2,20.1,64,3.00,147,3.90,5.0,9.4,5.3,27
2003-07-16,15.5,21.0,50,0.00,171,4.62,0.0,10.5,4.7,25
2003-07-17,12.8,20.7,59,2.80,250,3.61,5.0,17.8,6.2,22
2003-07-18,16.3,24.9,45,0.00,23,5.45,0.0,10.5,6.9,20
2003-07-19,17.1,24.7,52,0.00,341,4.06,0.0,11.8,6.2,21
2003-07-20,17.4,24.1,63,2.30,150,3.73,7.0,9.5,5.0,31
2003-07-21,18.2,25.4,52,0.00,324,5.33,0.0,9.5,7.1,28
2003-07-22,19.1,26.0,48,0.00,327,5.53,0.0,13.2,7.3,27
2003-07-23,18.7,25.4,39,0.00,334,5.79,0.0,11.4,9.4,22
2003-07-24,15.6,23.4,43,0.00,321,5.24,0.0,15.7,11.3,23
2003-07-25,14.5,21.8,52,0.00,338,3.92,0.0,12.6,5.4,28
2003-07-26,18.8,27.7,44,0.00,55,5.04,0.0,5.8,4.0,19
2003-07-27,20.2,27.6,39,0.00,317,5.71,0.0,12.5,8.0,19
2003-07-28,19.4,26.4,39,0.00,336,5.97,0.0,11.5,9.5,22
2003-07-29,19.2,27.4,37,0.00,348,5.88,0.0,11.2,7.1,16
2003-07-30,21.7,29.9,35,0.00,354,5.83,0.0,8.1,5.7,16
2003-07-31,23.3,32.3,38,0.00,33,6.07,0.0,10.3,6.4,13
2003-08-01,22.3,32.3,38,0.20,264,5.49,1.0,17.7,8.2,13
2003-08-02,17.1,23.4,39,0.00,320,5.53,0.0,14.8,8.8,19
2003-08-03,17.8,24.6,35,0.00,340,5.32,0.0,9.7,7.0,18
2003-08-04,17.3,24.7,34,0.00,335,5.59,0.0,12.7,9.2,17
2003-08-05,19.0,26.4,40,0.00,116,4.99,0.0,8.9,5.3,20
2003-08-06,18.0,26.1,47,0.70,327,4.08,2.0,12.1,6.5,21
2003-08-07,16.0,22.0,73,3.70,94,3.65,7.0,8.0,4.0,36
2003-08-08,17.7,24.3,56,0.00,346,4.31,0.0,8.0,5.0,28
2003-08-09,19.1,24.3,53,0.20,158,4.13,1.0,15.8,5.0,28
2003-08-10,17.0,21.9,59,0.30,305,3.83,2.0,12.8,6.4,37
2003-08-11,14.8,21.4,72,1.00,289,3.32,4.0,8.1,4.1,36
2003-08-12,13.7,19.9,72,3.10,169,3.57,2.0,11.1,7.2,40
2003-08-13,15.5,22.3,58,2.20,166,3.92,2.0,13.8,9.5,30
2003-08-14,16.1,22.5,66,0.00,219,3.26,0.0,13.6,4.1,38
2003-08-15,18.8,28.4,54,0.00,132,4.50,0.0,11.5,8.0,16
2003-08-16,20.3,28.6,41,0.00,310,4.70,0.0,13.5,7.2,17
2003-08-17,17.8,24.0,47,0.00,303,3.64,0.0,10.8,7.4,27
2003-08-18,18.9,24.6,48,0.20,184,4.19,1.0,14.4,9.2,21
2003-08-19,15.5,23.0,40,0.00,323,4.90,0.0,15.3,10.9,19
2003-08-20,14.2,20.5,42,0.00,349,3.35,0.0,12.2,5.2,21
2003-08-21,15.8,21.8,54,0.20,42,3.44,1.0,8.7,4.9,28
2003-08-22,15.9,21.8,60,0.30,190,3.20,1.0,11.2,4.8,30
2003-08-23,11.4,18.6,63,0.70,283,3.34,3.0,13.1,7.4,26
2003-08-24,11.0,17.6,48,0.00,310,3.48,0.0,10.2,5.0,22
2003-08-25,13.1,18.9,56,0.30,159,2.67,1.0,10.9,5.8,23
2003-08-26,13.0,17.1,78,4.20,94,2.32,11.0,9.1,5.8,58
2003-08-27,11.7,16.5,83,4.00,299,2.26,6.0,10.5,5.7,49
2003-08-28,12.8,18.2,68,0.00,336,2.80,0.0,11.5,4.8,38
2003-08-29,15.0,22.3,58,0.00,43,3.48,0.0,6.2,3.6,28
2003-08-30,17.1,25.3,55,0.00,129,4.02,0.0,11.9,6.8,22
2003-08-31,15.7,25.2,53,0.00,326,3.40,0.0,16.6,9.4,23
2003-09-01,12.6,18.5,50,0.00,325,3.69,0.0,11.8,7.5,30
2003-09-02,14.7,24.7,58,0.00,108,3.67,0.0,7.5,5.7,28
2003-09-03,17.8,26.9,56,0.00,122,3.98,0.0,8.4,5.8,24
2003-09-04,18.2,26.8,60,0.00,329,3.44,0.0,11.0,6.3,23
2003-09-05,18.2,24.3,53,0.30,145,2.50,2.0,11.9,6.5,33
2003-09-06,17.4,25.8,59,0.00,132,3.66,0.0,16.4,9.2,21
2003-09-07,15.6,24.8,64,5.90,208,2.62,12.0,11.7,6.4,24
2003-09-08,10.8,16.4,68,1.00,325,2.65,2.0,7.8,5.9,32
2003-09-09,10.4,16.1,57,0.00,345,2.82,0.0,11.4,6.6,31
2003-09-10,11.0,16.5,61,1.80,145,2.52,4.0,17.7,8.3,33
2003-09-11,10.1,14.2,72,3.20,204,2.10,10.0,14.8,6.8,38
2003-09-12,8.3,13.1,53,0.60,299,2.31,1.0,15.8,11.4,36
2003-09-13,9.1,14.7,62,0.60,121,1.71,4.0,15.9,8.8,36
2003-09-14,9.2,13.6,70,1.70,4,2.27,3.0,11.9,8.0,37
2003-09-15,8.1,13.3,66,0.30,7,2.05,2.0,7.6,4.3,38
2003-09-16,5.6,12.1,87,11.80,332,0.77,20.0,14.7,6.4,41
2003-09-17,4.1,11.9,63,0.10,278,1.99,1.0,14.3,7.4,31
2003-09-18,7.8,13.1,65,4.50,140,2.17,8.0,24.9,20.2,30
2003-09-19,8.6,13.8,78,4.30,149,1.84,14.0,18.3,10.8,40
2003-09-20,7.4,13.4,57,0.00,323,2.23,0.0,13.0,6.5,35
2003-09-21,7.2,11.7,62,0.30,132,1.63,2.0,11.0,6.6,39
2003-09-22,8.1,12.2,90,15.90,115,0.84,24.0,11.5,7.2,69
2003-09-23,6.0,10.9,73,0.20,338,1.93,1.0,10.1,6.8,35
2003-09-24,7.7,12.6,59,0.00,129,1.59,0.0,19.2,10.5,35
2003-09-25,9.3,17.4,80,2.50,138,1.46,3.0,14.6,7.6,45
2003-09-26,10.8,17.9,64,0.00,351,2.34,0.0,10.4,5.3,36
2003-09-27,12.2,18.1,65,0.00,6,2.26,0.0,8.2,3.2,38
2003-09-28,11.4,18.1,69,0.00,356,2.39,0.0,11.3,6.9,43
2003-09-29,10.7,18.2,72,0.00,6,2.28,0.0,10.4,5.4,43
2003-09-30,11.6,18.9,69,0.00,28,2.22,0.0,6.2,3.5,42
2003-10-01,11.6,18.9,72,0.00,21,2.19,0.0,7.4,3.9,44
2003-10-02,11.9,19.0,71,0.00,359,2.19,0.0,6.7,5.3,42
2003-10-03,12.1,20.7,70,0.00,108,2.30,0.0,10.5,6.4,36
2003-10-04,12.1,20.2,67,0.00,106,2.29,0.0,7.6,6.2,34
2003-10-05,12.2,20.9,66,0.00,117,2.36,0.0,12.1,8.7,37
2003-10-06,12.0,20.2,72,3.30,137,1.63,6.0,16.3,13.5,42
2003-10-07,9.4,12.2,92,17.10,172,1.09,22.0,11.1,6.9,56
2003-10-08,6.3,11.4,80,1.00,123,1.27,3.0,32.8,13.6,49
2003-10-09,7.1,10.8,55,0.20,162,2.01,2.0,22.1,17.6,36
2003-10-10,4.9,9.2,68,0.20,187,1.28,1.0,8.9,5.8,44
2003-10-11,4.2,8.5,73,0.20,134,1.06,2.0,22.4,12.0,51
2003-10-12,3.8,6.4,88,3.50,127,0.62,10.0,15.7,12.9,63
2003-10-13,3.6,9.3,88,4.00,241,1.10,8.0,10.0,5.1,41
2003-10-14,3.2,8.9,70,0.00,335,1.27,0.0,6.9,4.9,42
2003-10-15,1.2,6.1,72,0.00,80,1.15,0.0,10.7,6.2,37
2003-10-16,1.8,3.7,84,7.40,131,0.48,14.0,20.9,17.5,49
2003-10-17,4.8,9.0,97,9.00,134,0.50,18.0,19.4,13.2,87
2003-10-18,7.2,10.2,96,12.60,143,0.39,23.0,17.4,14.7,84
2003-10-19,7.1,11.1,89,7.70,145,0.91,20.0,11.3,8.8,59
2003-10-20,5.6,12.1,86,3.70,114,0.77,5.0,27.8,12.6,57
2003-10-21,8.7,13.8,81,0.00,148,1.28,0.0,22.0,13.3,45
2003-10-22,10.2,16.1,78,0.00,117,1.12,0.0,21.4,12.2,56
2003-10-23,6.1,14.6,78,9.70,249,1.14,7.0,19.4,10.3,36
2003-10-24,1.5,5.2,75,0.40,176,0.65,1.0,10.4,6.5,56
2003-10-25,3.9,9.1,87,6.90,132,0.65,14.0,13.5,12.0,64
2003-10-26,5.7,9.5,86,0.00,127,0.60,0.0,13.4,11.7,72
2003-10-27,6.9,9.7,84,1.80,192,0.56,9.0,12.7,4.5,77
2003-10-28,5.8,8.4,91,18.20,131,0.67,19.0,19.9,9.9,48
2003-10-29,-1.1,2.7,57,2.40,354,1.19,5.0,19.6,16.2,35
2003-10-30,-4.8,-1.5,43,0.00,6,1.17,0.0,14.3,12.7,34
2003-10-31,-6.3,-1.7,48,0.00,23,0.77,0.0,12.7,5.8,29
2003-11-01,-3.3,0.1,54,0.00,90,0.69,0.0,7.0,4.2,36
2003-11-02,-3.4,-0.0,63,0.00,343,0.77,0.0,10.6,7.3,38
2003-11-03,-5.7,-2.1,58,0.00,352,0.75,0.0,10.1,7.7,28
2003-11-04,-7.1,-3.6,52,0.00,12,0.63,0.0,8.1,3.9,31
2003-11-05,-6.1,-2.5,61,0.00,94,0.55,0.0,5.0,2.9,35
2003-11-06,-5.2,-0.6,65,0.00,121,0.64,0.0,10.4,7.1,37
2003-11-07,-4.5,-0.0,66,0.00,118,0.71,0.0,9.8,8.6,42
2003-11-08,-4.1,0.2,70,0.00,119,0.65,0.0,8.9,7.9,48
2003-11-09,-3.8,1.0,81,0.00,123,0.53,0.0,12.4,8.4,55
2003-11-10,-1.5,1.3,86,5.00,151,0.44,7.0,12.2,7.3,68
2003-11-11,-1.8,2.1,84,7.30,245,0.52,17.0,15.9,8.5,51
2003-11-12,-1.6,2.1,75,0.10,138,0.56,1.0,15.0,10.7,62
2003-11-13,0.3,3.3,79,0.00,139,0.67,0.0,17.8,16.6,62
2003-11-14,0.2,2.4,78,0.00,135,0.61,0.0,18.6,10.9,69
2003-11-15,0.2,2.7,80,1.00,130,0.53,4.0,16.2,13.6,71
2003-11-16,-1.0,0.9,92,4.10,133,0.26,16.0,18.3,15.0,84
2003-11-17,-1.6,2.0,86,4.70,154,0.44,15.0,16.6,9.1,60
2003-11-18,-2.0,0.3,74,6.10,148,0.48,8.0,17.5,10.4,52
2003-11-19,-5.2,-3.2,83,5.00,107,0.30,15.0,13.4,8.3,69
2003-11-20,-11.0,-5.2,86,0.00,22,0.24,0.0,10.1,5.6,75
2003-11-21,-15.2,-10.0,80,0.00,345,0.21,0.0,9.0,7.0,61
2003-11-22,-15.7,-8.9,80,0.90,116,0.16,5.0,11.2,8.4,66
2003-11-23,-7.4,-4.3,81,3.00,135,0.28,7.0,17.1,14.3,73
2003-11-24,-6.3,-4.5,86,4.90,115,0.26,10.0,13.8,7.8,70
2003-11-25,-5.8,-3.9,82,3.30,142,0.34,14.0,19.6,14.0,78
2003-11-26,-7.3,-4.6,86,1.30,137,0.23,7.0,10.4,8.7,72
2003-11-27,-6.7,-2.0,83,0.40,128,0.26,2.0,24.4,14.4,73
2003-11-28,-0.7,0.4,80,9.70,140,0.50,14.0,23.5,18.8,74
2003-11-29,-4.2,-0.5,88,1.70,181,0.34,5.0,17.6,8.6,51
2003-11-30,-11.7,-2.7,78,0.00,125,0.25,0.0,11.5,8.8,58
2003-12-01,-11.5,-6.6,83,0.00,120,0.23,0.0,12.9,11.0,69
2003-12-02,-5.2,2.7,77,0.00,131,0.47,0.0,26.1,16.6,71
2003-12-03,-3.4,2.5,75,4.40,195,0.41,5.0,26.6,10.0,54
2003-12-04,-10.5,-2.0,74,0.00,108,0.36,0.0,21.4,12.1,41
2003-12-05,-1.5,2.2,66,1.00,138,0.91,4.0,27.6,20.7,41
2003-12-06,-0.3,0.8,84,6.00,140,0.40,10.0,20.3,13.5,75
2003-12-07,-5.3,-1.1,88,0.40,133,0.18,3.0,12.7,9.1,78
2003-12-08,-7.1,-4.1,88,1.60,355,0.20,10.0,6.8,3.6,75
2003-12-09,-11.0,-6.6,87,0.00,89,0.18,0.0,7.2,5.1,76
2003-12-10,-14.4,-9.8,82,0.00,69,0.16,0.0,5.9,4.2,67
2003-12-11,-16.0,-7.6,77,0.00,111,0.19,0.0,13.8,9.4,67
2003-12-12,-6.3,-3.8,81,2.30,133,0.29,11.0,16.0,13.7,75
2003-12-13,-8.8,-3.3,85,1.90,120,0.20,9.0,15.5,11.0,72
2003-12-14,-5.9,-3.4,85,0.70,129,0.23,3.0,15.5,13.2,75
2003-12-15,-7.8,-3.2,85,1.00,131,0.21,6.0,21.9,11.7,74
2003-12-16,-1.9,-1.4,78,4.40,140,0.50,10.0,26.7,19.9,71
2003-12-17,-6.7,-1.8,89,2.90,133,0.18,5.0,12.0,10.0,79
2003-12-18,-3.3,0.9,82,0.00,129,0.36,0.0,17.1,14.2,64
2003-12-19,-1.2,1.6,71,0.00,138,0.65,0.0,18.1,17.2,61
2003-12-20,-1.7,1.1,78,1.00,140,0.47,4.0,19.9,13.8,63
2003-12-21,-7.7,-2.3,89,0.00,114,0.18,0.0,10.0,7.8,82
2003-12-22,-2.7,0.5,86,0.00,133,0.30,0.0,19.1,16.1,69
2003-12-23,-0.2,1.8,71,0.00,141,0.74,0.0,21.9,20.6,63
2003-12-24,0.0,2.4,73,0.30,138,0.69,2.0,19.8,18.4,66
2003-12-25,-3.5,0.3,90,0.00,135,0.21,0.0,18.1,13.0,84
2003-12-26,-10.2,-5.1,87,0.10,116,0.16,1.0,8.7,5.0,77
2003-12-27,-8.5,-4.6,80,0.00,122,0.28,0.0,15.1,13.1,66
2003-12-28,-8.3,-5.7,82,0.70,69,0.20,7.0,13.2,5.5,72
2003-12-29,-13.7,-6.7,82,0.00,37,0.15,0.0,7.2,5.1,69
2003-12-30,-14.0,-7.7,81,1.60,123,0.17,8.0,12.0,10.2,69
2003-12-31,-8.0,-6.2,80,3.20,138,0.25,18.0,14.5,12.2,73
2004-01-01,-9.6,-6.9,86,0.20,61,0.17,2.0,13.1,6.2,77
2004-01-02,-19.1,-10.9,76,0.00,319,0.14,0.0,14.1,10.3,61
2004-01-03,-26.9,-21.7,71,0.00,356,0.10,0.0,10.1,7.8,55
2004-01-04,-26.9,-20.9,68,0.00,22,0.11,0.0,8.6,6.6,50
2004-01-05,-28.6,-21.6,67,0.00,77,0.08,0.0,6.7,4.8,50
2004-01-06,-28.6,-17.7,67,0.30,100,0.11,2.0,10.6,8.8,54
2004-01-07,-12.9,-6.1,70,4.60,124,0.33,14.0,18.6,13.2,63
2004-01-08,-5.0,-0.9,75,0.10,136,0.53,1.0,20.0,17.7,68
2004-01-09,-2.4,2.2,81,0.00,128,0.43,0.0,19.1,15.5,69
2004-01-10,-0.1,1.8,85,0.10,134,0.41,1.0,17.7,13.2,74
2004-01-11,-5.4,-0.6,91,0.40,112,0.22,3.0,9.8,8.4,82
2004-01-12,-2.2,3.2,86,0.30,124,0.37,1.0,17.6,12.9,69
2004-01-13,-0.3,2.6,86,3.40,131,0.33,9.0,16.8,13.3,72
2004-01-14,2.5,5.0,84,2.50,136,0.54,12.0,19.9,17.9,74
2004-01-15,1.1,3.4,91,1.60,136,0.35,9.0,19.4,13.7,83
2004-01-16,-5.9,1.8,90,0.00,118,0.24,0.0,10.2,6.8,80
2004-01-17,-0.8,2.2,83,0.00,136,0.45,0.0,16.0,13.5,71
2004-01-18,-0.9,1.7,84,0.30,132,0.39,2.0,15.0,13.0,74
2004-01-19,-3.6,0.7,91,0.60,125,0.32,4.0,11.0,7.7,84
2004-01-20,-5.7,-1.3,92,0.00,125,0.25,0.0,9.4,7.4,82
2004-01-21,-4.3,-0.5,88,0.00,130,0.27,0.0,11.5,10.4,75
2004-01-22,-0.7,0.6,88,8.20,133,0.25,18.0,16.8,12.8,79
2004-01-23,-2.0,0.7,94,3.70,122,0.32,10.0,10.7,7.2,86
2004-01-24,-5.6,-0.9,89,7.50,348,0.20,24.0,18.6,8.4,67
2004-01-25,-21.4,-15.1,71,0.00,325,0.20,0.0,17.8,9.2,60
2004-01-26,-21.6,-18.9,73,5.50,334,0.10,19.0,11.9,9.2,65
2004-01-27,-28.1,-24.2,65,0.50,341,0.11,5.0,11.7,7.2,56
2004-01-28,-20.4,-14.8,71,6.40,54,0.14,18.0,6.5,4.9,65
2004-01-29,-13.9,-7.6,79,0.90,105,0.24,4.0,11.8,7.6,72
2004-01-30,-8.2,-6.8,83,4.10,350,0.24,15.0,15.8,10.1,70
2004-01-31,-12.7,-7.3,79,0.00,51,0.34,0.0,8.9,4.5,62
2004-02-01,-14.8,-7.8,81,0.00,31,0.25,0.0,7.4,4.3,67
2004-02-02,-15.8,-10.0,77,0.00,93,0.28,0.0,7.3,4.4,54
2004-02-03,-11.0,-5.4,76,1.80,111,0.24,11.0,10.3,6.7,58
2004-02-04,-7.4,-3.3,83,1.50,57,0.46,7.0,7.3,3.8,56
2004-02-05,-10.7,-3.7,76,0.10,116,0.35,1.0,17.8,11.2,60
2004-02-06,-2.9,1.6,69,2.60,136,0.94,8.0,20.6,18.7,62
2004-02-07,-3.7,0.7,85,2.70,158,0.48,9.0,16.5,6.7,65
2004-02-08,-4.3,1.6,80,2.10,126,0.47,10.0,4.8,2.7,60
2004-02-09,-4.0,2.5,82,0.00,112,0.56,0.0,8.6,4.9,56
2004-02-10,-1.8,3.1,82,0.00,101,0.57,0.0,7.4,3.5,67
2004-02-11,-3.3,2.5,84,0.00,120,0.66,0.0,12.0,7.9,60
2004-02-12,-2.8,2.8,78,0.00,129,0.79,0.0,13.3,12.1,52
2004-02-13,-3.4,2.2,75,0.00,122,0.79,0.0,11.9,10.4,51
2004-02-14,-2.3,1.2,78,0.50,129,0.53,3.0,12.4,10.8,62
2004-02-15,-4.6,0.5,87,0.10,127,0.56,1.0,10.5,9.7,71
2004-02-16,-4.1,2.6,83,0.00,119,0.69,0.0,23.1,12.3,56
2004-02-17,-1.1,3.4,82,1.40,138,0.85,5.0,23.2,16.8,59
2004-02-18,-0.8,2.6,81,0.40,138,0.86,3.0,16.1,12.1,64
2004-02-19,-3.1,2.7,79,0.00,159,0.84,0.0,8.3,5.6,58
2004-02-20,-2.3,2.7,82,0.00,135,0.76,0.0,9.9,8.3,61
2004-02-21,-3.7,2.4,80,0.00,117,0.90,0.0,9.2,7.1,65
2004-02-22,-4.8,2.8,78,0.00,111,0.85,0.0,11.5,7.8,54
2004-02-23,-2.5,4.3,74,0.00,124,1.03,0.0,14.1,11.6,53
2004-02-24,-1.6,4.6,79,0.50,97,0.83,3.0,13.4,7.5,57
2004-02-25,-0.0,4.3,78,0.00,126,1.09,0.0,15.6,13.4,48
2004-02-26,-1.1,3.4,84,2.20,83,0.49,8.0,8.2,5.1,57
2004-02-27,-1.0,2.3,90,2.20,146,0.58,13.0,4.5,2.8,72
2004-02-28,-1.8,2.4,88,0.30,91,0.89,2.0,7.1,3.8,70
2004-02-29,-2.8,2.6,80,0.00,76,1.01,0.0,4.6,3.4,52
2004-03-01,-3.7,1.2,76,0.00,342,0.91,0.0,11.5,5.7,53
2004-03-02,-6.1,0.4,74,0.00,339,0.94,0.0,10.9,7.5,49
2004-03-03,-5.2,-0.5,77,4.20,129,0.56,12.0,13.0,8.5,52
2004-03-04,-2.4,1.8,83,8.70,113,0.89,17.0,10.3,6.9,53
2004-03-05,-1.2,3.0,71,1.00,153,1.19,6.0,20.7,15.0,34
2004-03-06,-3.2,1.9,58,0.00,233,1.42,0.0,18.7,11.8,38
2004-03-07,0.1,7.2,71,1.70,146,1.46,5.0,24.8,19.3,50
2004-03-08,2.4,7.8,82,0.50,136,1.07,3.0,20.2,13.7,64
2004-03-09,1.7,5.7,75,1.90,202,1.32,6.0,21.5,17.0,36
2004-03-10,-3.1,2.5,70,0.00,313,1.38,0.0,15.5,6.8,42
2004-03-11,-0.7,5.8,75,0.00,123,1.45,0.0,10.5,8.6,53
2004-03-12,1.5,4.9,77,6.80,216,1.08,17.0,23.5,10.8,56
2004-03-13,-4.1,2.8,72,0.00,43,1.24,0.0,21.7,9.0,44
2004-03-14,0.3,5.8,66,2.00,150,1.64,6.0,17.4,12.6,36
2004-03-15,-0.6,4.8,74,0.00,185,1.04,0.0,12.5,7.0,43
2004-03-16,1.0,7.0,79,5.40,152,0.98,12.0,12.5,7.2,53
2004-03-17,-0.4,6.2,64,0.10,287,1.63,1.0,17.8,7.9,48
2004-03-18,1.2,4.6,70,3.90,151,1.56,10.0,23.4,15.5,29
2004-03-19,-1.4,3.5,57,0.00,190,1.64,0.0,17.9,9.9,35
2004-03-20,-2.2,3.7,63,0.00,125,1.56,0.0,9.2,7.0,40
2004-03-21,-0.8,4.8,67,0.00,77,1.43,0.0,8.2,5.3,42
2004-03-22,2.0,10.5,71,0.00,102,1.74,0.0,8.4,5.4,43
2004-03-23,1.7,10.2,78,0.30,356,1.79,3.0,8.3,5.1,49
2004-03-24,1.2,7.6,78,0.60,137,1.14,3.0,17.4,11.5,47
2004-03-25,0.0,5.9,68,0.00,135,1.69,0.0,22.4,13.1,44
2004-03-26,0.2,5.8,76,5.50,125,0.90,7.0,20.2,10.4,46
2004-03-27,0.4,6.8,74,0.50,157,1.81,2.0,15.3,10.0,44
2004-03-28,1.3,8.9,64,0.00,138,2.08,0.0,17.4,8.0,43
2004-03-29,6.1,14.0,58,0.00,134,2.99,0.0,25.3,18.5,34
2004-03-30,7.5,13.6,53,0.50,149,2.49,4.0,23.5,17.2,34
2004-03-31,-0.1,7.2,52,0.20,313,1.97,1.0,17.3,8.3,39
2004-04-01,-0.1,5.3,50,0.00,338,2.15,0.0,8.8,6.0,37
2004-04-02,2.1,8.9,52,0.00,112,2.41,0.0,10.8,6.7,36
2004-04-03,3.8,13.0,55,0.00,122,2.93,0.0,18.8,11.5,35
2004-04-04,4.7,12.3,59,0.00,313,2.68,0.0,13.8,8.0,39
2004-04-05,4.6,11.1,55,0.00,78,2.54,0.0,6.2,3.8,24
2004-04-06,4.3,13.1,50,0.00,350,2.47,0.0,15.0,6.1,24
2004-04-07,3.2,7.9,61,0.30,68,2.04,2.0,10.7,7.4,46
2004-04-08,3.6,8.7,64,0.00,328,2.36,0.0,10.6,8.3,36
2004-04-09,4.5,10.2,51,0.00,22,2.82,0.0,9.5,4.8,30
2004-04-10,5.0,11.9,58,0.00,101,2.37,0.0,7.9,6.0,40
2004-04-11,8.1,18.8,60,0.00,111,3.14,0.0,10.5,7.2,25
2004-04-12,10.0,18.9,56,0.00,122,3.64,0.0,12.1,10.0,27
2004-04-13,8.6,18.7,70,1.10,101,2.22,4.0,10.0,4.9,28
2004-04-14,2.9,10.1,80,8.00,324,0.84,13.0,14.1,11.0,66
2004-04-15,-0.5,2.0,84,9.60,293,1.12,20.0,13.5,7.4,53
2004-04-16,-1.8,4.1,58,0.00,326,2.05,0.0,10.7,6.0,38
2004-04-17,1.3,8.9,60,0.90,110,2.37,5.0,8.0,5.6,36
2004-04-18,3.2,10.3,71,0.00,155,2.61,0.0,10.1,6.0,32
2004-04-19,3.9,10.1,50,0.00,159,2.63,0.0,11.6,6.7,30
2004-04-20,4.6,11.6,61,0.40,118,2.63,2.0,11.4,8.7,34
2004-04-21,5.9,13.6,71,0.30,165,2.95,2.0,10.4,5.9,38
2004-04-22,7.7,15.0,49,0.00,218,3.15,0.0,12.6,7.0,27
2004-04-23,7.9,15.5,46,1.90,178,2.60,6.0,22.1,12.8,21
2004-04-24,3.9,8.9,43,0.00,284,2.62,0.0,22.9,9.4,21
2004-04-25,6.4,16.2,57,0.00,115,2.99,0.0,8.3,5.4,33
2004-04-26,11.0,20.9,57,0.00,133,3.96,0.0,11.0,8.0,25
2004-04-27,9.6,20.8,64,9.70,306,2.27,12.0,22.7,11.1,25
2004-04-28,5.2,14.6,57,1.50,325,3.40,2.0,21.4,9.8,25
2004-04-29,8.9,16.5,49,0.00,351,3.87,0.0,8.4,4.7,24
2004-04-30,11.4,19.4,49,0.00,54,4.17,0.0,7.2,4.7,28
2004-05-01,13.0,21.9,54,0.00,132,4.27,0.0,14.6,8.0,28
2004-05-02,12.6,21.7,56,2.60,238,3.52,9.0,11.2,6.1,28
2004-05-03,9.6,15.9,65,0.00,132,2.91,0.0,9.4,5.9,39
2004-05-04,7.3,15.7,82,4.00,354,2.37,12.0,8.5,5.4,39
2004-05-05,4.4,10.0,68,2.30,316,2.79,4.0,17.6,11.3,27
2004-05-06,5.3,12.3,38,0.00,320,3.47,0.0,16.3,6.2,26
2004-05-07,8.4,16.4,50,0.00,153,3.54,0.0,8.9,4.8,25
2004-05-08,9.7,16.5,55,0.00,244,2.80,0.0,12.4,7.5,25
2004-05-09,7.4,12.0,66,3.40,295,2.15,16.0,14.0,10.0,38
2004-05-10,6.7,11.6,71,3.50,325,2.14,13.0,14.3,8.7,40
2004-05-11,5.4,11.1,50,0.70,338,3.51,2.0,17.0,14.1,24
2004-05-12,5.4,11.5,40,0.00,351,3.76,0.0,16.5,10.7,24
2004-05-13,6.6,13.1,46,0.20,352,3.72,1.0,14.0,6.4,27
2004-05-14,8.7,14.9,52,0.80,342,3.62,2.0,12.1,6.1,30
2004-05-15,9.9,16.5,63,0.00,28,3.78,0.0,12.0,5.6,34
2004-05-16,10.2,16.4,63,1.50,360,3.65,5.0,9.2,5.4,33
2004-05-17,11.9,19.5,51,0.10,347,4.58,1.0,8.8,5.8,24
2004-05-18,13.9,20.5,46,0.00,333,4.68,0.0,10.6,4.8,24
2004-05-19,13.8,19.6,49,0.60,347,4.42,3.0,14.7,8.8,27
2004-05-20,13.6,18.9,52,0.00,345,4.75,0.0,15.1,9.3,30
2004-05-21,11.4,18.4,54,2.80,339,3.94,5.0,15.4,9.7,30
2004-05-22,6.6,10.6,65,4.60,2,2.18,15.0,17.2,14.0,36
2004-05-23,7.3,13.7,48,0.10,351,3.39,1.0,11.2,7.4,27
2004-05-24,10.5,17.8,42,0.00,332,4.12,0.0,11.6,6.0,22
2004-05-25,9.8,18.0,69,14.30,145,1.36,9.0,13.4,7.9,23
2004-05-26,8.7,14.3,85,4.60,264,2.89,14.0,8.5,5.9,50
2004-05-27,8.7,13.1,81,2.10,148,2.87,4.0,10.5,5.1,48
2004-05-28,7.3,10.4,89,12.10,111,1.56,21.0,9.0,4.8,72
2004-05-29,7.7,14.0,73,0.00,263,3.23,0.0,9.1,5.8,30
2004-05-30,8.9,14.1,62,1.50,220,3.06,7.0,8.4,5.6,29
2004-05-31,7.6,12.2,64,0.40,262,3.16,2.0,9.8,5.9,36
2004-06-01,8.3,12.2,62,2.50,150,2.87,4.0,9.2,4.6,35
2004-06-02,8.1,14.4,74,2.70,165,3.37,12.0,10.2,4.5,37
2004-06-03,11.5,20.5,56,0.00,109,4.50,0.0,7.0,3.6,29
2004-06-04,15.3,24.4,57,0.00,125,5.07,0.0,12.9,6.5,27
2004-06-05,16.1,24.4,55,0.90,132,4.02,4.0,12.6,10.1,26
2004-06-06,8.3,12.6,94,32.60,243,1.11,24.0,10.5,6.7,75
2004-06-07,10.7,19.2,67,1.30,341,3.90,5.0,13.9,10.4,29
2004-06-08,14.1,21.2,53,0.00,337,4.70,0.0,10.7,5.4,32
2004-06-09,15.4,21.2,64,0.60,39,4.52,3.0,8.4,4.6,35
2004-06-10,12.9,17.9,82,5.40,328,3.15,12.0,9.3,5.3,49
2004-06-11,12.5,17.4,66,0.10,296,4.15,1.0,9.0,5.9,38
2004-06-12,12.0,17.3,58,0.20,175,3.84,1.0,9.7,5.1,38
2004-06-13,10.7,15.5,69,5.10,148,3.21,11.0,15.8,10.6,40
2004-06-14,8.8,13.5,54,1.10,285,3.51,6.0,9.5,5.7,33
2004-06-15,8.9,15.2,59,0.00,265,3.35,0.0,10.9,5.7,36
2004-06-16,12.5,17.7,55,0.00,328,3.96,0.0,12.4,5.7,35
2004-06-17,13.6,20.7,56,0.00,353,5.29,0.0,13.3,8.6,25
2004-06-18,15.0,22.1,47,0.00,15,5.77,0.0,12.1,7.9,20
2004-06-19,16.7,24.1,46,0.00,16,5.58,0.0,10.2,5.1,21
2004-06-20,19.3,27.1,45,0.00,358,6.06,0.0,17.3,7.8,22
2004-06-21,19.6,27.6,49,0.00,360,5.97,0.0,14.5,6.5,21
2004-06-22,21.1,27.6,47,0.00,341,6.03,0.0,8.3,5.5,21
2004-06-23,21.7,28.5,46,0.00,339,5.86,0.0,9.2,4.8,23
2004-06-24,21.5,28.4,50,0.00,1,6.04,0.0,13.1,6.7,23
2004-06-25,21.3,28.3,46,0.00,351,5.94,0.0,11.2,5.2,21
2004-06-26,20.8,28.2,48,1.30,37,5.54,1.0,12.0,6.5,21
2004-06-27,15.3,21.2,83,21.10,158,2.27,16.0,10.3,4.9,55
2004-06-28,13.6,18.8,78,3.40,322,3.95,4.0,6.1,2.9,49
2004-06-29,14.9,22.9,68,0.60,358,4.54,2.0,6.9,4.2,36
2004-06-30,17.8,24.7,56,0.00,317,5.53,0.0,10.4,5.1,31
2004-07-01,18.7,24.7,57,0.00,333,5.26,0.0,9.7,6.4,30
2004-07-02,16.9,22.4,67,1.20,151,3.75,3.0,9.3,6.1,39
2004-07-03,13.9,18.8,73,4.90,318,3.62,4.0,11.5,5.3,45
2004-07-04,13.4,18.7,66,0.00,320,3.53,0.0,11.6,8.8,44
2004-07-05,15.3,22.1,57,0.00,185,4.07,0.0,8.9,5.6,35
2004-07-06,16.4,22.1,64,7.20,223,3.95,7.0,16.6,7.9,35
2004-07-07,11.3,15.9,47,2.50,311,4.06,1.0,16.9,11.4,37
2004-07-08,11.5,15.7,57,0.00,309,3.37,0.0,13.6,9.0,37
2004-07-09,11.5,15.9,70,3.10,340,2.48,15.0,10.1,4.7,40
2004-07-10,13.3,18.2,70,0.10,124,3.22,1.0,9.5,4.4,47
2004-07-11,13.2,18.5,69,0.10,238,2.83,1.0,8.0,5.2,42
2004-07-12,15.2,21.9,66,0.80,131,3.45,6.0,7.1,3.4,40
2004-07-13,17.3,23.6,66,0.40,357,4.74,3.0,9.0,4.7,39
2004-07-14,16.7,24.7,75,0.10,129,4.65,1.0,9.5,4.0,34
2004-07-15,19.6,26.8,57,0.00,85,5.11,0.0,7.6,4.8,25
2004-07-16,19.7,26.9,55,0.00,135,5.10,0.0,11.5,5.8,26
2004-07-17,19.4,25.9,53,0.20,331,5.24,1.0,12.1,7.9,30
2004-07-18,20.6,27.9,57,0.00,341,5.29,0.0,9.0,4.7,30
2004-07-19,20.4,27.9,56,0.50,335,4.86,2.0,11.2,7.2,28
2004-07-20,15.8,21.1,56,2.40,222,3.59,5.0,15.0,6.8,41
2004-07-21,15.2,19.2,58,0.00,300,3.45,0.0,10.0,6.3,38
2004-07-22,16.2,22.8,59,0.00,352,4.19,0.0,9.0,6.2,35
2004-07-23,18.8,26.5,55,0.00,7,5.08,0.0,9.7,5.3,29
2004-07-24,21.6,29.8,50,0.00,125,5.28,0.0,11.5,6.2,20
2004-07-25,19.9,28.3,53,0.60,305,5.19,2.0,14.5,8.6,21
2004-07-26,16.3,24.1,41,0.00,318,5.40,0.0,18.1,12.0,22
2004-07-27,16.6,23.4,43,0.00,334,5.20,0.0,12.7,7.9,24
2004-07-28,18.6,25.7,45,0.00,338,5.17,0.0,11.5,6.2,24
2004-07-29,19.8,25.4,52,0.00,312,4.52,0.0,10.9,8.1,29
2004-07-30,18.9,25.9,43,0.00,316,5.70,0.0,12.7,10.2,22
2004-07-31,17.8,24.1,37,0.00,338,5.64,0.0,11.6,8.3,21
2004-08-01,17.8,24.6,38,0.00,353,5.59,0.0,11.5,8.3,21
2004-08-02,19.5,28.3,43,0.00,59,5.32,0.0,9.7,6.1,21
2004-08-03,19.4,28.1,49,1.10,307,4.51,3.0,11.9,8.1,21
2004-08-04,16.9,22.4,67,0.20,85,3.66,1.0,8.4,5.0,40
2004-08-05,15.6,21.5,73,6.60,135,2.17,6.0,8.6,4.2,43
2004-08-06,12.6,17.6,81,0.80,119,2.41,2.0,8.4,5.2,42
2004-08-07,13.4,17.3,72,1.00,287,1.92,6.0,10.0,4.9,44
2004-08-08,13.2,18.6,68,0.00,340,3.05,0.0,9.2,5.9,37
2004-08-09,15.0,22.8,57,0.00,354,4.18,0.0,9.3,6.0,30
2004-08-10,18.4,26.9,51,0.00,70,4.85,0.0,7.8,4.9,25
2004-08-11,20.8,27.9,47,0.00,119,4.80,0.0,8.8,5.0,24
2004-08-12,20.9,28.9,50,0.00,128,4.94,0.0,8.2,6.1,18
2004-08-13,21.6,29.4,45,0.00,84,4.74,0.0,6.1,3.7,18
2004-08-14,22.3,31.0,47,0.00,9,5.01,0.0,8.8,4.8,19
2004-08-15,22.3,31.0,52,0.00,340,4.51,0.0,11.1,6.9,19
2004-08-16,22.2,28.9,54,0.50,329,4.54,1.0,9.8,4.8,28
2004-08-17,22.1,29.0,49,0.00,337,5.09,0.0,11.5,6.9,24
2004-08-18,21.3,28.3,51,0.00,321,4.88,0.0,9.6,7.7,24
2004-08-19,21.7,27.6,45,0.00,347,4.54,0.0,9.4,5.8,24
2004-08-20,20.6,27.6,48,0.00,336,3.94,0.0,14.1,6.6,24
2004-08-21,17.3,21.4,58,0.00,321,3.06,0.0,8.0,5.3,32
2004-08-22,12.9,18.9,84,16.80,308,0.98,14.0,10.4,6.2,42
2004-08-23,9.2,11.6,69,0.00,303,1.40,0.0,10.9,7.2,62
2004-08-24,10.0,15.6,72,0.50,177,2.19,2.0,7.6,4.8,42
2004-08-25,11.7,15.9,73,0.40,111,2.36,3.0,5.9,4.2,41
2004-08-26,12.3,19.6,79,4.00,172,3.08,8.0,7.4,4.5,39
2004-08-27,12.4,19.6,82,1.60,169,2.01,5.0,8.0,6.1,39
2004-08-28,11.7,16.3,78,8.10,190,2.46,12.0,8.7,5.7,40
2004-08-29,11.8,16.3,82,11.90,145,1.00,13.0,14.0,9.4,40
2004-08-30,12.4,18.4,91,6.30,152,2.05,14.0,8.0,6.1,56
2004-08-31,12.5,15.1,92,5.90,45,1.08,14.0,11.1,5.5,82
2004-09-01,9.7,13.2,95,13.50,308,0.67,12.0,12.2,5.6,77
2004-09-02,8.1,12.4,94,22.60,304,1.05,24.0,17.2,11.3,69
2004-09-03,10.1,16.3,75,0.10,340,1.85,1.0,14.3,5.3,46
2004-09-04,12.1,16.4,70,3.90,217,2.39,10.0,16.7,8.9,37
2004-09-05,10.1,15.6,58,0.60,288,2.77,3.0,16.1,7.6,36
2004-09-06,10.3,14.6,65,0.00,157,2.19,0.0,6.2,3.2,37
2004-09-07,10.5,15.2,71,0.00,131,2.08,0.0,8.6,5.7,44
2004-09-08,10.6,14.9,81,8.50,121,1.15,16.0,12.3,9.0,47
2004-09-09,8.1,11.2,95,7.60,338,0.88,18.0,11.2,6.2,72
2004-09-10,7.1,12.1,76,0.00,137,1.45,0.0,18.7,8.9,51
2004-09-11,10.6,14.2,69,2.00,145,1.91,7.0,23.0,19.5,39
2004-09-12,8.5,14.1,60,0.00,255,2.30,0.0,17.2,6.1,38
2004-09-13,8.2,14.1,66,0.00,130,2.27,0.0,14.6,8.5,39
2004-09-14,7.9,13.3,76,1.10,239,2.11,4.0,9.4,6.0,31
2004-09-15,7.9,12.8,78,2.60,118,1.49,13.0,9.7,4.6,34
2004-09-16,7.0,10.6,86,5.60,135,1.30,13.0,10.9,7.8,67
2004-09-17,6.0,9.6,93,9.90,121,0.93,15.0,10.4,8.5,74
2004-09-18,5.0,9.0,85,0.80,350,1.10,6.0,14.9,6.6,64
2004-09-19,4.2,7.5,75,2.60,307,1.30,8.0,12.7,7.0,48
2004-09-20,4.9,10.6,62,0.00,296,1.77,0.0,8.0,4.7,35
2004-09-21,8.9,15.8,62,1.10,149,1.81,4.0,19.5,11.1,37
2004-09-22,9.7,14.7,72,0.40,210,1.61,2.0,10.2,6.2,41
2004-09-23,9.7,13.9,68,0.20,155,1.75,2.0,8.9,5.9,43
2004-09-24,9.9,15.2,69,0.00,139,1.71,0.0,14.5,12.8,48
2004-09-25,10.4,15.2,76,0.60,73,1.05,4.0,8.8,5.0,59
2004-09-26,7.9,15.1,82,0.00,105,1.89,0.0,5.8,4.1,47
2004-09-27,9.7,18.1,75,0.00,125,2.21,0.0,9.0,6.6,48
2004-09-28,10.3,17.7,74,0.00,352,2.07,0.0,11.8,7.6,42
2004-09-29,7.6,13.2,60,0.00,334,2.30,0.0,12.5,8.9,35
2004-09-30,6.0,11.9,60,0.00,332,1.92,0.0,12.1,8.8,37
2004-10-01,6.0,13.9,67,0.00,77,1.97,0.0,11.8,6.2,41
2004-10-02,8.7,17.5,67,0.00,121,2.16,0.0,10.6,8.8,40
2004-10-03,9.4,18.2,75,0.00,111,2.09,0.0,10.5,7.7,42
2004-10-04,10.9,17.8,68,0.00,133,2.33,0.0,13.2,11.4,41
2004-10-05,10.1,17.1,67,0.40,140,1.63,2.0,19.5,15.5,45
2004-10-06,8.6,13.6,72,0.00,163,1.97,0.0,18.7,11.7,33
2004-10-07,6.8,12.3,57,0.00,175,1.99,0.0,15.0,8.9,36
2004-10-08,9.2,12.5,57,0.40,140,2.06,3.0,26.4,19.3,43
2004-10-09,6.2,10.6,84,3.10,152,1.14,7.0,16.1,9.3,49
2004-10-10,6.5,12.3,76,0.20,144,1.28,1.0,17.1,10.8,49
2004-10-11,7.3,10.2,84,10.40,136,0.65,20.0,17.6,14.6,63
2004-10-12,8.3,13.8,82,0.00,137,1.01,0.0,17.1,6.2,53
2004-10-13,10.6,19.0,81,3.00,141,1.51,8.0,12.0,10.2,53
2004-10-14,11.9,18.1,81,1.60,269,0.75,6.0,11.3,6.6,58
2004-10-15,7.9,11.5,88,1.80,293,0.70,4.0,7.7,5.3,69
2004-10-16,3.7,6.5,86,4.50,327,0.96,13.0,15.3,10.5,42
2004-10-17,0.9,5.6,64,0.10,359,0.86,1.0,9.2,6.1,43
2004-10-18,-0.4,1.7,77,5.40,310,0.54,20.0,9.4,7.2,63
2004-10-19,-3.1,-0.3,73,0.70,341,0.55,6.0,11.3,9.1,65
2004-10-20,-4.1,1.5,83,0.80,321,0.66,4.0,10.0,6.7,66
2004-10-21,-3.5,0.9,76,0.00,305,0.69,0.0,9.6,6.4,55
2004-10-22,-0.7,3.6,78,9.50,141,0.89,15.0,17.8,13.1,64
2004-10-23,-2.8,1.5,88,3.60,148,0.53,8.0,10.0,6.5,70
2004-10-24,-5.0,1.3,85,0.60,140,0.67,3.0,11.6,7.1,54
2004-10-25,-0.1,3.7,70,4.30,132,0.91,11.0,20.9,17.7,63
2004-10-26,-0.4,4.3,75,0.00,98,0.95,0.0,16.0,7.7,53
2004-10-27,-1.6,3.3,84,0.00,118,0.72,0.0,10.9,6.8,64
2004-10-28,0.6,3.0,86,0.50,125,0.55,3.0,8.7,4.5,73
2004-10-29,-2.0,3.1,90,0.30,130,0.45,2.0,24.5,12.5,67
2004-10-30,0.3,3.2,84,4.50,168,0.78,14.0,25.5,11.3,60
2004-10-31,-1.7,2.1,60,0.20,225,0.89,1.0,14.1,8.6,38
2004-11-01,-2.1,2.0,69,3.60,133,0.57,10.0,22.0,15.0,41
2004-11-02,-1.4,3.2,85,1.60,135,0.67,8.0,19.4,11.5,63
2004-11-03,-2.0,2.9,75,0.10,153,0.61,1.0,11.2,7.2,54
2004-11-04,-1.1,2.3,71,0.00,135,0.83,0.0,18.5,16.4,65
2004-11-05,2.3,7.5,74,0.40,142,0.87,3.0,21.3,19.1,60
2004-11-06,0.9,6.3,86,5.80,25,0.44,8.0,13.5,7.4,56
2004-11-07,-0.2,3.7,79,9.50,68,0.33,10.0,10.5,5.7,60
2004-11-08,3.4,6.1,97,8.10,129,0.22,14.0,18.2,15.2,88
2004-11-09,1.4,4.7,94,4.00,357,0.53,8.0,8.6,5.8,69
2004-11-10,-1.3,1.7,81,0.00,10,0.51,0.0,7.3,3.7,61
2004-11-11,-1.9,1.1,81,0.00,102,0.48,0.0,6.1,4.2,61
2004-11-12,-2.0,3.3,76,0.00,116,0.61,0.0,12.5,8.3,50
2004-11-13,0.3,4.7,78,0.00,128,0.66,0.0,11.9,10.8,65
2004-11-14,2.2,5.3,79,1.00,134,0.71,7.0,27.9,20.7,65
2004-11-15,3.2,4.9,88,13.40,147,0.57,17.0,27.4,18.0,69
2004-11-16,0.1,3.8,91,0.00,133,0.45,0.0,25.0,14.6,61
2004-11-17,-1.1,2.3,77,2.10,151,0.45,5.0,19.3,10.0,65
2004-11-18,0.1,1.6,70,2.00,137,0.68,10.0,17.6,14.3,66
2004-11-19,-1.5,0.9,70,0.20,285,0.46,2.0,9.5,5.8,46
2004-11-20,-1.5,0.3,75,2.10,125,0.28,4.0,10.2,6.1,64
2004-11-21,-0.7,1.2,90,3.00,131,0.21,7.0,14.5,12.1,82
2004-11-22,-3.0,0.7,89,2.30,51,0.35,4.0,10.2,6.0,71
2004-11-23,-3.2,-1.0,81,0.10,111,0.29,1.0,10.7,7.8,69
2004-11-24,-0.8,1.1,90,15.40,132,0.17,24.0,15.0,12.8,79
2004-11-25,-5.2,0.6,93,0.40,106,0.21,3.0,10.8,5.9,83
2004-11-26,-9.5,-3.8,88,0.60,124,0.18,3.0,10.2,7.2,76
2004-11-27,-7.0,-2.6,87,0.80,110,0.26,6.0,10.7,6.1,69
2004-11-28,-7.5,-3.2,87,0.00,115,0.25,0.0,8.9,4.9,72
2004-11-29,-6.6,-2.4,87,0.00,126,0.24,0.0,15.8,12.8,73
2004-11-30,-6.7,-3.1,88,0.70,135,0.20,5.0,13.3,8.5,77
2004-12-01,-4.7,-1.1,91,3.40,132,0.18,12.0,8.7,7.8,80
2004-12-02,-3.4,0.2,88,0.50,130,0.23,3.0,12.3,10.2,76
2004-12-03,-1.0,-0.1,87,0.30,140,0.22,3.0,17.4,13.3,84
2004-12-04,-3.3,-1.1,92,1.60,44,0.17,10.0,8.3,5.3,83
2004-12-05,-7.9,-2.9,84,3.20,324,0.18,12.0,12.0,9.2,69
2004-12-06,-16.9,-12.5,82,0.00,43,0.14,0.0,7.5,4.4,69
2004-12-07,-15.2,-9.8,82,0.00,72,0.15,0.0,7.9,4.1,68
2004-12-08,-10.0,-1.1,85,1.90,95,0.18,5.0,13.6,10.9,77
2004-12-09,-4.5,-1.3,87,1.50,129,0.24,6.0,15.3,13.8,76
2004-12-10,-1.4,2.6,88,5.30,119,0.21,12.0,16.6,12.9,81
2004-12-11,-2.5,2.6,75,4.30,251,0.38,7.0,17.1,8.2,53
2004-12-12,-12.0,-3.2,78,0.00,85,0.20,0.0,9.0,6.6,60
2004-12-13,-9.4,0.7,72,0.00,117,0.46,0.0,19.2,12.3,47
2004-12-14,-0.7,1.2,79,3.30,138,0.44,11.0,18.9,14.6,57
2004-12-15,-2.1,-0.0,93,0.00,123,0.21,0.0,10.7,8.8,82
2004-12-16,0.2,2.0,90,2.50,137,0.23,7.0,21.7,15.1,79
2004-12-17,-3.0,0.9,93,0.00,122,0.20,0.0,13.6,10.7,87
2004-12-18,-0.2,2.2,89,6.00,126,0.19,14.0,14.0,12.2,85
2004-12-19,2.1,2.9,84,4.30,167,0.47,4.0,22.6,17.2,52
2004-12-20,-3.6,1.5,64,0.10,281,0.56,1.0,18.4,10.5,54
2004-12-21,-3.6,-2.0,84,5.00,283,0.23,12.0,13.0,8.5,71
2004-12-22,-5.8,-3.5,80,0.00,76,0.20,0.0,6.6,4.3,73
2004-12-23,-6.9,-1.8,83,0.00,114,0.19,0.0,10.2,8.1,77
2004-12-24,-3.8,-1.1,86,0.10,122,0.21,1.0,12.9,11.4,77
2004-12-25,-3.0,-0.5,88,10.20,111,0.16,20.0,12.1,9.9,86
2004-12-26,-5.7,-1.0,87,8.80,342,0.15,19.0,12.7,9.2,68
2004-12-27,-15.1,-11.1,80,0.00,113,0.14,0.0,10.3,7.1,73
2004-12-28,-13.4,-5.6,86,0.00,125,0.18,0.0,13.2,12.2,77
2004-12-29,-5.3,-2.8,84,1.40,105,0.18,4.0,13.9,9.3,77
2004-12-30,-12.3,-3.0,78,4.30,314,0.15,20.0,13.8,11.4,68
2004-12-31,-18.7,-16.6,75,2.20,312,0.12,18.0,10.1,7.1,69
2005-01-01,-21.0,-17.2,71,0.10,327,0.14,1.0,11.1,8.3,58
2005-01-02,-23.9,-21.3,72,0.00,61,0.09,0.0,7.6,5.5,67
2005-01-03,-24.5,-18.0,72,0.00,88,0.12,0.0,9.0,5.1,59
2005-01-04,-25.8,-18.6,72,0.00,96,0.09,0.0,7.6,5.9,61
2005-01-05,-22.5,-15.2,69,0.00,106,0.16,0.0,9.4,7.8,56
2005-01-06,-14.4,-9.6,76,2.20,101,0.19,9.0,12.6,9.0,65
2005-01-07,-15.1,-9.8,74,0.50,15,0.17,3.0,11.1,7.6,60
2005-01-08,-17.0,-13.8,75,0.00,20,0.13,0.0,8.6,5.8,66
2005-01-09,-20.3,-14.2,72,0.00,355,0.14,0.0,7.6,4.9,51
2005-01-10,-25.6,-18.8,72,0.00,111,0.12,0.0,10.2,8.0,60
2005-01-11,-20.8,-11.5,75,1.70,127,0.18,7.0,16.0,12.8,63
2005-01-12,-19.6,-12.1,71,2.20,340,0.17,8.0,15.5,10.4,56
2005-01-13,-29.6,-24.0,64,0.00,40,0.11,0.0,9.5,5.5,43
2005-01-14,-32.8,-24.8,64,0.00,89,0.09,0.0,8.6,6.4,43
2005-01-15,-29.3,-21.6,62,0.00,105,0.14,0.0,10.7,9.3,52
2005-01-16,-15.0,-8.5,69,5.00,121,0.26,12.0,12.5,11.0,60
2005-01-17,-5.1,-0.7,76,6.10,132,0.49,15.0,21.9,17.9,70
2005-01-18,-1.6,2.5,89,8.70,125,0.28,13.0,18.5,13.1,79
2005-01-19,1.4,2.6,92,24.70,123,0.20,22.0,18.3,12.4,83
2005-01-20,0.7,2.0,94,15.40,113,0.18,20.0,9.6,8.0,90
2005-01-21,-0.5,2.7,94,2.70,109,0.24,7.0,14.7,6.4,82
2005-01-22,2.7,4.5,86,8.90,131,0.38,18.0,16.8,14.9,79
2005-01-23,3.2,6.3,89,10.00,128,0.37,15.0,17.9,14.5,79
2005-01-24,2.7,4.8,89,0.20,142,0.48,2.0,18.9,13.4,83
2005-01-25,-1.0,2.9,93,1.20,98,0.30,6.0,6.5,5.6,85
2005-01-26,0.4,4.2,91,0.00,113,0.39,0.0,11.6,8.2,78
2005-01-27,1.0,4.6,89,0.10,134,0.48,1.0,14.8,13.4,77
2005-01-28,-0.3,3.5,88,0.00,122,0.44,0.0,12.5,10.1,72
2005-01-29,-1.6,2.3,88,0.10,132,0.37,1.0,13.0,11.1,77
2005-01-30,-1.7,3.3,88,0.40,128,0.42,3.0,15.6,9.9,73
2005-01-31,1.9,4.6,83,0.20,145,0.65,1.0,23.2,15.5,69
2005-02-01,0.6,3.5,77,2.70,146,0.59,3.0,25.4,16.1,62
2005-02-02,1.3,4.5,79,5.50,140,0.57,14.0,25.6,16.4,71
2005-02-03,1.8,4.9,82,0.20,140,0.60,1.0,20.9,14.2,73
2005-02-04,-0.5,3.7,91,3.30,1,0.43,14.0,12.0,6.0,72
2005-02-05,-4.3,-0.1,72,0.00,289,0.56,0.0,8.9,6.2,44
2005-02-06,-6.7,-2.3,54,0.00,9,0.59,0.0,11.8,7.2,35
2005-02-07,-15.9,-7.5,71,0.00,87,0.37,0.0,10.8,7.8,59
2005-02-08,-13.4,-2.6,73,0.00,115,0.53,0.0,10.7,8.9,54
2005-02-09,-5.9,1.2,76,1.20,128,0.69,5.0,12.8,10.2,62
2005-02-10,-3.2,1.4,75,0.00,132,0.65,0.0,18.6,14.3,57
2005-02-11,0.1,5.0,65,0.00,134,1.17,0.0,19.1,17.2,50
2005-02-12,-0.5,4.3,67,0.00,140,1.14,0.0,19.4,14.8,53
2005-02-13,-4.5,2.4,62,0.00,280,0.83,0.0,10.8,7.8,43
2005-02-14,-7.0,-3.1,58,0.00,272,0.64,0.0,12.7,7.2,46
2005-02-15,-9.3,-3.2,61,0.00,74,0.69,0.0,8.7,3.5,43
2005-02-16,-8.6,-0.5,62,0.00,111,0.84,0.0,10.3,8.4,47
2005-02-17,-8.0,-0.8,61,0.00,88,0.84,0.0,7.6,5.9,49
2005-02-18,-6.8,1.0,60,0.00,111,0.95,0.0,9.6,6.9,42
2005-02-19,-5.4,0.2,66,0.00,346,0.90,0.0,14.9,9.8,46
2005-02-20,-7.5,-0.7,64,0.00,56,0.86,0.0,12.2,7.3,47
2005-02-21,-7.7,1.6,67,0.00,107,0.90,0.0,7.4,6.4,43
2005-02-22,-6.3,3.6,65,0.00,112,0.95,0.0,10.0,7.5,41
2005-02-23,-4.3,5.5,62,0.00,117,1.21,0.0,10.7,9.1,37
2005-02-24,-2.4,6.4,55,0.00,122,1.46,0.0,11.7,10.1,38
2005-02-25,-2.1,4.9,70,1.20,117,1.02,5.0,9.9,8.0,52
2005-02-26,-1.8,5.0,73,0.00,102,1.01,0.0,7.9,5.7,52
2005-02-27,-1.0,6.7,68,0.00,109,1.27,0.0,9.9,7.4,47
2005-02-28,-0.5,7.2,64,0.00,98,1.36,0.0,8.9,6.3,39
2005-03-01,1.2,6.0,64,0.00,128,1.32,0.0,17.5,13.1,51
2005-03-02,2.0,8.7,74,0.00,133,1.38,0.0,14.6,13.1,43
2005-03-03,1.0,7.4,73,0.00,127,1.39,0.0,16.5,11.7,47
2005-03-04,1.6,7.9,70,0.00,137,1.40,0.0,14.4,13.2,46
2005-03-05,2.7,7.2,71,0.00,140,1.04,0.0,22.5,16.2,52
2005-03-06,2.4,7.1,60,0.10,165,1.58,1.0,20.9,8.9,42
2005-03-07,3.5,10.3,67,2.50,134,1.84,7.0,16.6,11.9,29
2005-03-08,2.9,11.2,60,0.00,121,1.47,0.0,19.6,11.9,41
2005-03-09,4.7,10.6,74,1.60,150,1.84,3.0,18.9,7.6,28
2005-03-10,3.1,10.9,61,0.00,118,1.76,0.0,14.7,9.4,29
2005-03-11,4.0,9.6,67,0.30,110,1.77,2.0,18.6,10.9,29
2005-03-12,1.8,8.7,54,0.00,315,2.09,0.0,17.6,11.9,29
2005-03-13,2.3,8.2,58,0.00,329,2.01,0.0,13.2,9.3,30
2005-03-14,2.2,8.7,53,0.00,9,1.82,0.0,7.6,4.0,32
2005-03-15,1.9,8.2,60,0.00,123,1.52,0.0,6.7,3.9,26
2005-03-16,0.3,7.0,74,3.80,45,1.08,11.0,18.0,7.1,35
2005-03-17,-1.8,3.4,48,0.00,323,1.81,0.0,19.1,9.4,30
2005-03-18,-1.6,3.2,52,0.10,36,1.43,1.0,11.4,7.2,30
2005-03-19,-3.5,0.1,52,2.30,40,1.33,11.0,14.7,9.9,49
2005-03-20,-2.9,6.3,75,4.90,64,0.92,14.0,10.6,5.7,53
2005-03-21,0.9,6.4,77,3.40,128,1.41,7.0,18.4,10.9,50
2005-03-22,-4.3,2.0,61,0.00,345,1.56,0.0,15.3,11.0,38
2005-03-23,-4.6,0.8,50,0.00,331,1.79,0.0,15.6,9.7,40
2005-03-24,-2.8,3.1,48,0.00,33,1.85,0.0,5.6,3.4,35
2005-03-25,-1.1,6.7,51,0.00,132,1.99,0.0,9.0,5.6,26
2005-03-26,2.1,9.7,54,2.10,139,2.08,7.0,28.3,17.9,27
2005-03-27,2.8,10.0,71,0.80,135,2.02,4.0,16.1,10.0,39
2005-03-28,1.8,7.3,75,0.60,147,1.81,4.0,8.8,5.3,39
2005-03-29,0.3,6.2,71,1.70,146,1.65,6.0,9.2,6.0,40
2005-03-30,0.4,6.3,55,0.40,269,2.11,2.0,11.0,7.1,25
2005-03-31,2.2,7.9,47,0.00,140,2.32,0.0,27.5,17.3,25
2005-04-01,3.6,7.4,61,2.70,159,2.18,7.0,26.8,21.1,21
2005-04-02,0.0,6.1,45,0.00,184,2.17,0.0,18.7,11.3,24
2005-04-03,2.9,8.0,45,0.80,140,2.59,1.0,24.4,18.9,28
2005-04-04,0.7,6.3,70,2.60,143,1.96,5.0,12.4,6.9,31
2005-04-05,1.4,6.4,50,0.00,137,2.10,0.0,22.8,13.6,27
2005-04-06,5.1,12.9,60,1.00,140,2.49,4.0,26.9,18.8,35
2005-04-07,6.9,12.3,68,4.00,131,1.89,7.0,21.5,13.9,40
2005-04-08,3.1,9.2,77,8.90,289,1.89,13.0,11.9,6.7,23
2005-04-09,1.8,8.2,50,0.00,242,2.37,0.0,13.1,6.4,24
2005-04-10,3.0,8.6,51,0.00,145,2.23,0.0,21.6,10.1,27
2005-04-11,4.5,7.4,59,5.50,145,2.04,9.0,21.2,17.1,41
2005-04-12,0.8,7.3,66,1.60,126,2.21,3.0,9.2,6.3,29
2005-04-13,2.0,7.8,54,0.60,134,2.25,4.0,9.7,7.5,27
2005-04-14,2.1,7.6,52,0.10,159,2.58,1.0,11.5,6.9,26
2005-04-15,2.3,9.2,46,0.50,144,2.10,4.0,21.7,12.8,23
2005-04-16,5.4,9.9,63,2.50,143,2.21,8.0,23.8,19.3,25
2005-04-17,3.6,9.5,45,0.00,180,3.18,0.0,23.2,11.2,20
2005-04-18,3.7,11.9,66,0.40,314,2.65,2.0,7.7,4.1,25
2005-04-19,6.2,14.2,53,0.00,9,3.05,0.0,6.1,3.4,24
2005-04-20,9.4,19.1,63,0.00,357,3.64,0.0,12.3,7.7,36
2005-04-21,11.8,20.7,60,0.00,54,4.05,0.0,12.6,6.8,29
2005-04-22,11.7,20.5,60,0.70,24,3.54,2.0,13.7,6.9,28
2005-04-23,9.7,19.5,60,0.30,10,3.87,1.0,14.9,7.3,31
2005-04-24,12.3,21.1,54,0.00,55,4.16,0.0,7.6,5.3,21
2005-04-25,13.0,21.8,51,0.00,59,4.17,0.0,6.5,4.6,22
2005-04-26,13.3,21.7,54,0.00,0,4.33,0.0,19.1,8.9,23
2005-04-27,7.9,17.8,42,0.00,6,4.35,0.0,19.5,11.9,22
2005-04-28,5.0,13.0,36,0.00,16,3.87,0.0,13.7,10.9,19
2005-04-29,3.2,9.5,34,0.00,8,3.72,0.0,13.8,8.4,18
2005-04-30,4.5,12.0,48,0.00,26,3.21,0.0,6.4,3.9,21
2005-05-01,6.8,14.5,46,0.00,47,3.35,0.0,7.2,3.7,22
2005-05-02,8.6,14.5,50,0.00,67,2.94,0.0,6.8,4.5,24
2005-05-03,7.5,14.0,72,0.80,202,2.79,6.0,9.6,5.1,30
2005-05-04,9.2,15.9,51,0.00,88,3.83,0.0,8.9,5.2,29
2005-05-05,10.5,16.6,52,0.20,174,3.89,1.0,12.7,6.9,27
2005-05-06,8.2,16.5,62,2.70,314,2.37,10.0,14.1,8.6,27
2005-05-07,5.9,12.0,66,0.20,327,2.69,1.0,7.3,5.4,33
2005-05-08,8.0,16.3,55,0.00,355,3.61,0.0,10.4,5.4,29
2005-05-09,11.0,18.4,52,0.00,38,3.88,0.0,11.2,6.2,29
2005-05-10,11.6,18.7,49,0.00,68,4.26,0.0,12.1,6.9,29
2005-05-11,12.4,18.7,66,1.40,144,3.63,6.0,10.8,7.2,32
2005-05-12,12.0,18.8,70,0.00,108,3.65,0.0,6.1,4.0,37
2005-05-13,13.9,20.3,55,0.00,167,4.21,0.0,10.8,5.9,30
2005-05-14,14.1,20.3,52,0.10,147,4.36,1.0,15.4,10.7,30
2005-05-15,13.6,19.9,53,0.10,150,3.64,1.0,23.5,11.9,27
2005-05-16,9.9,15.5,78,14.30,178,3.28,18.0,13.0,5.0,43
2005-05-17,8.9,13.9,67,2.50,302,3.18,11.0,7.2,4.4,39
2005-05-18,9.3,13.6,57,0.10,130,3.20,1.0,22.8,13.6,36
2005-05-19,9.1,15.5,64,0.80,150,3.44,4.0,20.9,14.6,27
2005-05-20,9.0,15.2,50,1.30,152,4.11,2.0,13.8,11.1,27
2005-05-21,9.1,14.5,55,0.30,159,4.00,2.0,10.5,5.9,28
2005-05-22,10.1,14.2,48,0.40,145,4.10,2.0,18.7,16.1,28
2005-05-23,8.9,14.0,46,0.30,197,4.15,2.0,18.0,9.2,27
2005-05-24,8.5,15.8,56,1.10,298,3.95,1.0,9.2,6.1,27
2005-05-25,10.6,18.1,53,0.20,307,4.46,1.0,8.7,5.6,24
2005-05-26,13.6,22.0,43,0.00,41,5.23,0.0,8.8,5.4,20
2005-05-27,16.2,25.8,45,0.00,120,5.30,0.0,8.3,5.6,19
2005-05-28,19.1,28.5,43,0.00,120,5.65,0.0,7.9,5.3,17
2005-05-29,20.5,28.9,43,0.00,112,5.75,0.0,8.0,5.1,17
2005-05-30,19.0,27.7,49,0.10,325,5.26,1.0,13.1,9.8,19
2005-05-31,13.8,22.7,82,13.50,233,2.25,12.0,9.3,4.8,33
2005-06-01,9.2,13.0,90,11.80,245,1.29,21.0,9.7,5.2,61
2005-06-02,11.9,17.4,68,0.50,307,3.13,3.0,9.4,6.8,44
2005-06-03,13.3,18.0,63,0.20,312,3.62,1.0,8.9,5.6,44
2005-06-04,12.2,16.8,60,1.30,332,3.69,2.0,6.0,3.6,31
2005-06-05,13.2,19.3,56,0.00,20,3.74,0.0,8.3,4.5,31
2005-06-06,10.2,18.3,81,9.50,144,1.76,15.0,13.8,9.7,42
2005-06-07,10.9,18.1,62,2.30,352,3.21,5.0,12.5,6.7,38
2005-06-08,13.9,19.8,61,0.40,279,4.23,3.0,7.6,4.0,37
2005-06-09,13.9,19.9,68,2.90,152,4.23,6.0,11.6,8.3,38
2005-06-10,14.1,20.1,63,0.70,270,4.20,5.0,9.0,5.2,39
2005-06-11,10.7,17.5,75,3.30,297,2.87,11.0,10.5,5.3,40
2005-06-12,10.7,15.8,66,1.00,312,3.41,3.0,11.2,6.2,47
2005-06-13,10.0,15.5,75,8.80,143,3.21,14.0,14.8,9.7,40
2005-06-14,9.7,15.1,62,0.90,146,4.02,4.0,10.2,4.6,34
2005-06-15,9.8,15.1,67,3.10,181,3.57,12.0,6.8,4.8,33
2005-06-16,11.4,18.0,60,0.50,98,3.75,2.0,6.6,4.6,28
2005-06-17,13.8,19.7,57,0.00,355,4.03,0.0,9.1,7.0,35
2005-06-18,12.8,17.4,82,3.70,7,3.11,12.0,7.6,5.4,51
2005-06-19,14.1,22.4,73,2.50,158,4.50,3.0,13.7,10.3,34
2005-06-20,16.2,21.8,55,1.40,159,4.54,3.0,13.1,6.3,35
2005-06-21,17.3,24.7,55,0.00,166,5.27,0.0,10.3,6.5,26
2005-06-22,14.3,23.9,67,6.40,300,3.42,11.0,15.2,7.6,27
2005-06-23,10.9,18.1,58,0.70,276,3.79,3.0,13.0,5.0,26
2005-06-24,12.2,17.8,73,11.70,159,2.34,14.0,8.7,4.8,27
2005-06-25,10.9,17.6,79,1.30,321,3.42,3.0,10.0,4.8,45
2005-06-26,13.8,18.3,67,0.50,17,3.66,3.0,5.9,3.2,43
2005-06-27,11.7,15.3,90,11.50,340,2.03,16.0,5.4,3.3,67
2005-06-28,13.8,21.2,68,0.20,325,4.52,1.0,9.9,6.8,33
2005-06-29,15.9,21.3,63,3.40,146,3.93,5.0,8.9,3.7,33
2005-06-30,14.0,20.1,81,7.20,129,3.57,15.0,6.6,4.2,50
2005-07-01,12.7,18.4,79,8.90,207,3.73,9.0,11.0,3.9,42
2005-07-02,10.6,14.4,70,4.00,277,2.81,9.0,10.4,5.0,55
2005-07-03,11.2,16.4,76,0.40,151,2.79,3.0,9.7,4.9,46
2005-07-04,13.8,20.3,70,2.10,149,3.10,10.0,14.2,7.4,44
2005-07-05,14.8,20.8,73,1.80,143,2.61,8.0,15.1,10.4,44
2005-07-06,13.1,16.7,78,13.50,156,2.92,17.0,13.2,8.7,55
2005-07-07,11.7,16.9,71,3.70,172,3.99,5.0,10.8,6.2,40
2005-07-08,12.8,17.0,62,1.80,139,3.48,5.0,24.3,13.9,39
2005-07-09,11.4,16.9,59,2.10,174,4.06,2.0,11.1,7.9,37
2005-07-10,12.0,17.4,65,0.00,295,4.15,0.0,10.6,4.2,40
2005-07-11,13.3,19.1,64,0.90,81,4.35,4.0,7.8,4.3,42
2005-07-12,13.7,19.2,73,3.10,149,3.68,12.0,10.2,6.4,42
2005-07-13,13.3,19.4,73,2.10,260,4.01,4.0,9.9,4.5,37
2005-07-14,14.1,19.0,56,0.00,300,3.60,0.0,10.9,5.7,37
2005-07-15,12.9,19.1,84,10.00,342,1.79,15.0,8.0,4.6,41
2005-07-16,11.9,16.1,77,0.60,314,2.49,6.0,15.8,8.9,52
2005-07-17,14.6,23.3,65,0.00,275,4.62,0.0,12.5,5.1,34
2005-07-18,16.2,23.4,63,0.50,305,4.33,3.0,12.8,7.9,34
2005-07-19,13.2,18.1,52,0.00,317,4.71,0.0,14.5,9.0,37
2005-07-20,13.8,18.2,62,0.50,328,4.07,4.0,9.7,5.7,37
2005-07-21,13.4,21.5,59,1.10,4,4.61,1.0,11.8,5.0,31
2005-07-22,16.2,23.2,56,0.00,10,4.62,0.0,11.3,5.6,31
2005-07-23,14.6,23.1,59,3.00,284,3.86,8.0,10.9,7.2,35
2005-07-24,12.4,17.5,64,0.60,298,3.97,4.0,11.1,5.6,41
2005-07-25,14.0,20.6,60,0.00,325,4.41,0.0,9.1,4.8,28
2005-07-26,15.9,20.9,56,0.00,359,3.01,0.0,5.6,3.1,28
2005-07-27,16.9,23.5,61,0.20,187,3.93,1.0,7.5,4.7,38
2005-07-28,16.9,23.7,70,1.00,349,3.89,4.0,10.6,5.0,37
2005-07-29,15.3,22.2,75,1.20,292,4.19,2.0,9.5,5.1,34
2005-07-30,15.5,20.8,68,0.10,172,3.24,1.0,11.4,6.6,36
2005-07-31,15.7,22.3,62,1.20,155,3.11,6.0,12.3,9.0,38
2005-08-01,15.4,19.3,56,0.20,237,4.16,2.0,13.8,9.5,31
2005-08-02,12.6,19.4,48,0.00,288,4.36,0.0,12.8,7.6,23
2005-08-03,14.9,22.9,47,0.00,70,4.85,0.0,9.4,5.7,23
2005-08-04,17.2,25.2,52,0.00,115,4.47,0.0,9.0,5.2,24
2005-08-05,18.5,25.5,55,0.00,344,4.08,0.0,11.0,6.3,24
2005-08-06,17.8,23.9,57,0.00,343,4.58,0.0,10.3,7.9,32
2005-08-07,15.5,21.6,60,0.00,336,4.26,0.0,16.0,8.5,31
2005-08-08,15.5,22.0,48,0.00,345,4.96,0.0,10.6,8.9,24
2005-08-09,16.2,21.9,48,0.10,344,4.69,1.0,14.8,8.4,25
2005-08-10,14.7,20.7,57,0.10,331,4.11,1.0,14.8,10.8,31
2005-08-11,15.4,22.8,49,0.00,343,4.61,0.0,14.0,9.2,31
2005-08-12,17.0,22.6,54,0.00,349,4.68,0.0,14.3,10.6,29
2005-08-13,17.1,25.0,50,0.00,349,4.76,0.0,13.7,6.3,24
2005-08-14,19.1,26.3,48,0.00,42,4.44,0.0,9.5,5.0,22
2005-08-15,18.2,25.7,54,0.10,352,3.64,1.0,10.5,7.8,23
2005-08-16,14.7,20.0,69,0.00,321,2.93,0.0,10.0,6.5,49
2005-08-17,11.5,17.1,78,3.90,322,2.50,8.0,17.2,12.0,31
2005-08-18,12.4,20.1,47,0.00,328,4.11,0.0,15.4,6.9,26
2005-08-19,16.4,25.1,46,0.00,142,4.59,0.0,12.5,8.9,26
2005-08-20,18.3,25.1,50,0.00,156,4.02,0.0,13.7,10.3,27
2005-08-21,15.1,21.4,74,3.70,143,1.13,7.0,15.0,3.8,40
2005-08-22,10.7,15.2,83,2.50,343,2.33,6.0,9.0,3.9,44
2005-08-23,10.7,15.5,62,0.40,335,2.99,3.0,15.5,9.5,41
2005-08-24,12.0,19.6,59,0.00,339,3.89,0.0,15.5,8.8,29
2005-08-25,14.4,23.0,54,0.00,122,4.04,0.0,9.4,5.9,26
2005-08-26,16.1,23.0,53,0.00,115,3.90,0.0,8.7,5.2,26
2005-08-27,17.1,24.4,55,0.00,150,4.02,0.0,16.7,8.7,27
2005-08-28,15.3,22.8,64,4.80,157,3.01,12.0,12.0,7.3,34
2005-08-29,10.6,15.8,84,5.70,312,1.75,14.0,11.2,6.0,65
2005-08-30,10.0,15.0,81,0.60,169,1.82,2.0,8.2,6.6,55
2005-08-31,10.1,15.7,81,1.20,146,2.34,1.0,10.2,5.5,38
2005-09-01,11.6,16.7,69,1.40,150,2.12,3.0,11.4,6.2,43
2005-09-02,11.1,17.9,86,6.80,147,2.43,13.0,10.7,6.1,42
2005-09-03,10.4,16.8,68,0.30,313,2.79,2.0,10.0,4.5,42
2005-09-04,9.6,14.3,76,0.60,203,2.40,4.0,9.0,4.6,44
2005-09-05,9.0,14.9,75,0.60,162,2.30,4.0,7.3,5.4,39
2005-09-06,10.7,18.0,68,0.00,126,2.90,0.0,7.9,5.7,33
2005-09-07,12.5,17.9,63,0.00,148,2.25,0.0,9.1,5.5,33
2005-09-08,12.5,16.8,70,0.90,197,2.58,3.0,11.5,6.6,43
2005-09-09,8.9,13.4,62,0.00,333,2.27,0.0,20.5,14.7,46
2005-09-10,9.7,16.2,61,0.00,346,2.78,0.0,15.7,14.5,38
2005-09-11,9.8,15.1,62,0.00,330,2.36,0.0,15.9,7.8,39
2005-09-12,9.6,15.2,73,0.00,343,2.20,0.0,8.9,5.3,47
2005-09-13,9.7,15.0,81,1.80,153,1.19,4.0,8.5,5.9,48
2005-09-14,9.5,13.4,85,1.10,268,1.75,6.0,8.4,5.5,50
2005-09-15,9.4,13.0,80,0.90,296,1.95,5.0,9.4,4.4,54
2005-09-16,7.8,13.6,73,0.00,340,2.16,0.0,8.2,4.4,40
2005-09-17,8.7,15.9,69,0.00,144,2.42,0.0,7.9,5.9,37
2005-09-18,10.2,16.6,63,0.00,160,2.65,0.0,15.1,7.3,33
2005-09-19,9.8,15.9,67,1.70,190,2.31,8.0,13.4,6.8,37
2005-09-20,7.0,12.5,61,0.70,242,2.10,2.0,9.4,5.7,36
2005-09-21,5.4,10.1,76,1.40,161,1.84,2.0,7.1,3.3,44
2005-09-22,5.4,9.7,63,0.00,340,1.82,0.0,9.6,5.9,35
2005-09-23,5.4,10.2,60,0.00,330,1.82,0.0,8.6,4.8,35
2005-09-24,6.7,13.3,68,0.00,152,1.52,0.0,7.6,3.2,43
2005-09-25,8.3,14.6,74,0.00,124,1.50,0.0,8.7,5.7,48
2005-09-26,8.4,14.2,82,6.00,110,1.14,11.0,17.1,9.8,53
2005-09-27,5.0,11.8,73,0.00,356,1.94,0.0,13.4,5.5,37
2005-09-28,7.7,11.9,58,0.00,136,1.65,0.0,19.0,15.1,38
2005-09-29,7.6,11.7,89,13.90,135,0.56,16.0,17.7,9.2,60
2005-09-30,5.3,10.1,83,0.70,224,1.39,2.0,7.9,4.6,45
2005-10-01,5.1,9.8,74,0.00,351,1.41,0.0,7.8,4.3,45
2005-10-02,2.9,8.3,82,0.00,117,1.18,0.0,10.0,5.8,41
2005-10-03,4.3,8.7,76,1.70,80,1.15,8.0,6.6,4.8,44
2005-10-04,3.2,9.9,83,0.10,123,1.16,1.0,13.2,5.9,46
2005-10-05,5.8,9.5,72,1.50,144,1.17,6.0,19.5,14.6,50
2005-10-06,6.7,11.9,78,2.70,138,1.25,8.0,17.4,14.7,54
2005-10-07,5.8,11.2,85,10.80,164,1.30,9.0,14.5,8.0,53
2005-10-08,4.2,9.5,79,0.10,128,1.35,1.0,10.5,8.5,52
2005-10-09,4.7,8.6,71,0.00,131,1.17,0.0,20.6,12.8,53
2005-10-10,7.2,11.0,76,7.90,145,1.13,10.0,21.9,19.0,60
2005-10-11,3.8,9.9,87,1.10,120,1.18,1.0,14.6,7.1,46
2005-10-12,6.6,9.5,59,0.50,140,1.57,2.0,20.1,17.5,49
2005-10-13,5.0,9.3,83,6.00,159,1.15,7.0,18.9,9.0,56
2005-10-14,2.5,8.3,92,4.70,78,0.42,6.0,7.9,5.9,59
2005-10-15,5.5,10.7,89,3.80,115,0.73,7.0,11.1,7.1,63
2005-10-16,5.3,9.8,92,6.80,120,0.59,21.0,15.5,7.4,69
2005-10-17,5.2,9.4,86,5.60,143,0.95,17.0,15.3,9.9,63
2005-10-18,2.6,7.7,91,0.50,124,0.86,1.0,13.5,7.4,63
2005-10-19,4.7,7.3,83,4.60,135,0.51,9.0,12.5,9.0,65
2005-10-20,0.3,4.6,89,0.00,50,0.88,0.0,6.5,4.4,53
2005-10-21,3.4,8.8,63,0.00,124,1.27,0.0,18.1,12.6,52
2005-10-22,7.4,12.1,62,0.00,134,1.54,0.0,18.9,16.5,56
2005-10-23,7.0,11.4,87,5.40,135,0.78,11.0,12.4,7.4,62
2005-10-24,6.7,11.9,82,0.00,136,1.01,0.0,21.3,15.2,50
2005-10-25,9.5,14.9,66,0.00,137,1.89,0.0,22.8,19.0,48
2005-10-26,6.4,13.7,66,5.60,167,1.61,5.0,21.7,13.6,36
2005-10-27,2.3,6.7,66,0.00,131,1.15,0.0,14.6,10.7,43
2005-10-28,3.5,8.4,60,0.00,131,1.49,0.0,23.2,17.2,46
2005-10-29,3.1,6.8,69,0.00,147,1.15,0.0,19.4,12.8,40
2005-10-30,0.7,5.6,72,0.00,143,0.74,0.0,18.0,10.1,47
2005-10-31,2.7,8.5,79,3.60,138,0.94,8.0,21.7,16.4,42
2005-11-01,1.4,6.4,73,0.00,139,0.73,0.0,10.7,8.1,44
2005-11-02,0.1,3.9,86,0.00,143,0.63,0.0,13.6,8.9,59
2005-11-03,0.9,4.5,76,0.00,131,0.71,0.0,23.3,14.9,56
2005-11-04,0.4,3.2,80,2.00,150,0.69,7.0,16.9,10.8,53
2005-11-05,-0.9,2.4,78,1.30,152,0.67,5.0,11.4,8.5,50
2005-11-06,-0.9,2.3,76,3.50,134,0.60,9.0,10.1,5.5,50
2005-11-07,-2.1,1.0,74,0.60,132,0.55,4.0,13.3,9.5,58
2005-11-08,-2.5,2.0,77,0.00,133,0.56,0.0,15.6,11.1,55
2005-11-09,1.4,4.8,72,2.90,140,0.90,7.0,24.0,21.9,64
2005-11-10,3.8,5.4,81,4.00,146,0.73,9.0,27.1,18.7,66
2005-11-11,-1.3,2.8,71,0.50,143,0.52,3.0,14.5,10.2,61
2005-11-12,-2.1,0.3,78,0.60,149,0.49,3.0,12.9,8.3,58
2005-11-13,-1.5,1.1,79,4.20,144,0.50,16.0,12.8,11.3,65
2005-11-14,-4.1,-0.7,68,0.10,295,0.54,1.0,12.4,7.5,48
2005-11-15,-4.0,-2.0,79,10.70,134,0.28,15.0,16.7,11.0,68
2005-11-16,-1.9,0.9,89,2.80,134,0.35,9.0,12.8,10.4,79
2005-11-17,-4.2,2.7,91,0.10,123,0.35,1.0,14.6,10.4,73
2005-11-18,0.9,3.5,88,0.90,130,0.44,4.0,14.6,9.1,80
2005-11-19,-0.7,3.7,92,0.00,125,0.36,0.0,13.1,11.4,81
2005-11-20,-1.4,2.0,93,0.00,124,0.28,0.0,12.5,10.2,85
2005-11-21,-0.4,3.9,91,0.00,126,0.40,0.0,12.9,11.4,76
2005-11-22,-0.5,3.7,89,0.00,128,0.39,0.0,13.9,12.1,73
2005-11-23,-0.9,3.6,86,0.00,126,0.41,0.0,11.9,10.3,68
2005-11-24,-0.0,4.9,76,0.00,131,0.65,0.0,18.3,14.4,55
2005-11-25,0.1,2.9,78,0.20,135,0.49,1.0,18.9,11.5,63
2005-11-26,-2.4,0.2,84,9.10,305,0.23,12.0,14.1,9.0,68
2005-11-27,-9.1,-3.1,88,0.00,105,0.21,0.0,7.3,4.4,73
2005-11-28,-11.3,-6.2,86,0.00,87,0.22,0.0,6.7,4.7,72
2005-11-29,-11.7,-7.9,83,0.00,27,0.19,0.0,8.0,6.5,67
2005-11-30,-15.0,-9.4,81,0.00,26,0.16,0.0,10.5,5.5,74
2005-12-01,-14.3,-11.1,84,0.00,70,0.18,0.0,6.3,4.6,71
2005-12-02,-14.4,-12.3,82,0.00,12,0.14,0.0,9.1,3.2,68
2005-12-03,-17.0,-12.3,79,0.00,109,0.14,0.0,7.0,4.8,68
2005-12-04,-14.6,-7.7,81,1.10,132,0.19,7.0,14.8,11.7,69
2005-12-05,-8.7,-7.4,80,3.60,93,0.27,6.0,16.3,11.2,64
2005-12-06,-15.4,-9.9,79,0.00,83,0.18,0.0,7.6,6.0,68
2005-12-07,-11.6,-7.3,75,0.00,125,0.24,0.0,12.6,10.9,65
2005-12-08,-8.7,-4.6,81,0.00,137,0.21,0.0,12.5,11.3,74
2005-12-09,-4.8,-1.5,83,1.00,129,0.31,3.0,17.4,12.8,76
2005-12-10,-2.8,-0.0,86,0.00,126,0.23,0.0,14.1,12.1,75
2005-12-11,-3.5,-0.1,87,0.00,126,0.27,0.0,15.1,11.8,71
2005-12-12,-7.4,-1.7,84,0.00,115,0.20,0.0,13.6,8.4,77
2005-12-13,-11.3,-6.0,85,0.00,97,0.17,0.0,6.8,2.9,70
2005-12-14,-14.4,-8.1,84,0.00,100,0.16,0.0,9.1,7.3,72
2005-12-15,-11.0,-8.0,81,0.00,105,0.18,0.0,8.4,6.6,71
2005-12-16,-14.9,-9.4,81,0.00,95,0.15,0.0,7.6,5.7,71
2005-12-17,-12.5,-8.1,82,0.00,107,0.16,0.0,6.8,5.9,73
2005-12-18,-15.3,-9.2,79,0.00,87,0.16,0.0,8.4,6.1,65
2005-12-19,-16.9,-8.1,71,0.00,81,0.16,0.0,7.3,5.3,56
2005-12-20,-4.0,2.7,76,2.20,130,0.48,6.0,20.2,15.5,69
2005-12-21,0.6,3.0,88,0.00,135,0.31,0.0,20.6,17.1,79
2005-12-22,1.6,3.0,87,1.00,134,0.30,3.0,18.6,16.4,82
2005-12-23,-1.8,0.8,93,6.00,134,0.21,12.0,10.3,9.1,84
2005-12-24,2.1,5.0,89,1.80,135,0.30,7.0,22.2,18.9,84
2005-12-25,3.6,5.5,92,0.00,137,0.29,0.0,23.2,18.9,86
2005-12-26,1.2,3.7,90,0.50,132,0.28,4.0,16.7,14.1,77
2005-12-27,0.8,3.8,87,0.80,136,0.38,5.0,21.6,16.5,72
2005-12-28,-1.8,1.3,88,0.10,103,0.22,1.0,10.5,8.5,72
2005-12-29,-2.5,-0.0,86,3.50,132,0.30,10.0,14.6,9.6,76
2005-12-30,-1.4,0.9,75,2.40,129,0.59,7.0,21.4,17.8,67
2005-12-31,-3.2,1.1,80,0.50,110,0.32,3.0,13.2,10.4,75
2006-01-01,-1.8,1.6,88,0.70,119,0.29,1.0,17.6,13.1,73
2006-01-02,-0.5,1.2,79,0.00,132,0.52,0.0,21.4,16.9,73
2006-01-03,-4.5,-0.7,85,0.00,110,0.25,0.0,11.5,8.9,79
2006-01-04,-3.4,0.0,85,0.00,128,0.30,0.0,15.3,13.0,76
2006-01-05,1.0,4.4,77,0.00,136,0.74,0.0,25.6,21.2,68
2006-01-06,-1.7,2.0,91,7.20,107,0.20,10.0,13.1,7.8,86
2006-01-07,-4.9,-0.3,94,0.00,89,0.19,0.0,6.2,3.8,88
2006-01-08,-3.6,1.1,85,0.00,113,0.28,0.0,16.5,7.0,77
2006-01-09,-0.9,0.4,77,1.80,140,0.64,6.0,24.7,14.7,65
2006-01-10,-4.5,-1.1,88,2.50,69,0.19,15.0,8.0,5.0,83
2006-01-11,-7.4,-2.2,90,2.00,60,0.17,9.0,5.4,4.0,82
2006-01-12,-8.4,-2.7,90,0.40,100,0.21,4.0,9.9,5.5,79
2006-01-13,-0.9,1.7,83,5.00,131,0.39,13.0,19.9,16.2,78
2006-01-14,-3.6,0.6,90,2.90,128,0.28,9.0,15.7,9.6,77
2006-01-15,-10.7,-4.1,84,0.20,121,0.26,2.0,9.4,6.7,64
2006-01-16,-7.8,-2.2,80,0.40,121,0.33,3.0,19.9,13.0,73
2006-01-17,-2.1,1.4,80,1.40,134,0.58,7.0,26.0,19.3,71
2006-01-18,-6.9,-0.0,85,0.00,122,0.33,0.0,11.5,5.6,61
2006-01-19,-11.3,-5.2,81,0.00,115,0.25,0.0,8.7,7.0,70
2006-01-20,-6.1,-2.9,85,0.20,105,0.28,2.0,11.6,7.2,74
2006-01-21,-10.5,-3.5,86,0.00,126,0.26,0.0,11.4,7.8,71
2006-01-22,-6.1,-0.5,84,2.30,132,0.28,8.0,16.5,14.0,75
2006-01-23,-4.3,-0.9,86,0.00,133,0.35,0.0,17.9,12.0,72
2006-01-24,-1.4,2.2,88,0.20,131,0.34,1.0,15.3,13.7,77
2006-01-25,1.3,4.7,78,0.00,139,0.77,0.0,21.1,18.4,62
2006-01-26,-3.0,3.4,84,1.40,143,0.41,6.0,20.3,12.6,66
2006-01-27,-4.4,-0.7,85,1.70,133,0.44,6.0,13.0,9.1,64
2006-01-28,-3.4,-0.5,78,4.30,133,0.44,10.0,21.5,15.0,71
2006-01-29,-8.8,-1.4,79,0.00,116,0.34,0.0,10.5,6.7,64
2006-01-30,-3.5,-1.3,85,7.30,133,0.38,14.0,17.6,11.3,74
2006-01-31,-5.7,-0.8,82,0.60,127,0.34,4.0,20.9,11.5,70
2006-02-01,-2.1,1.4,79,5.40,142,0.52,15.0,23.0,16.5,64
2006-02-02,-4.4,0.0,83,0.40,127,0.40,2.0,12.1,10.3,68
2006-02-03,-5.5,-1.2,83,0.40,127,0.39,3.0,12.5,11.0,70
2006-02-04,0.4,2.6,78,2.90,133,0.73,8.0,22.6,18.0,72
2006-02-05,-3.0,1.3,79,1.90,286,0.57,7.0,13.1,7.4,43
2006-02-06,-7.6,-1.1,74,0.00,100,0.48,0.0,10.5,6.4,52
2006-02-07,-1.3,2.7,74,0.00,132,0.67,0.0,21.4,16.7,65
2006-02-08,-1.9,2.9,72,0.00,165,0.89,0.0,21.1,11.9,40
2006-02-09,-8.7,-0.4,70,0.00,331,0.64,0.0,10.6,6.5,49
2006-02-10,-10.2,-1.9,71,0.00,84,0.59,0.0,8.4,6.3,51
2006-02-11,-6.5,1.8,70,0.00,113,0.78,0.0,11.3,10.0,48
2006-02-12,-4.2,2.5,73,0.00,125,0.81,0.0,11.8,10.8,54
2006-02-13,-2.9,1.6,76,1.40,244,0.74,5.0,13.8,6.5,41
2006-02-14,-8.8,-1.5,70,0.20,323,0.67,1.0,10.5,7.6,46
2006-02-15,-10.8,-4.6,77,0.00,344,0.52,0.0,18.5,11.2,57
2006-02-16,-11.1,-4.7,72,0.00,354,0.57,0.0,16.2,13.1,37
2006-02-17,-17.1,-9.3,65,0.00,21,0.55,0.0,14.6,6.2,39
2006-02-18,-14.5,-6.6,64,0.00,39,0.59,0.0,5.4,3.7,43
2006-02-19,-13.2,-4.5,70,0.00,104,0.49,0.0,10.1,6.8,53
2006-02-20,-8.0,0.2,75,0.40,111,0.55,4.0,8.7,6.1,60
2006-02-21,-3.6,2.9,81,3.00,264,0.73,13.0,20.9,7.4,50
2006-02-22,-3.9,1.8,67,0.50,294,0.92,5.0,17.9,11.5,51
2006-02-23,-7.4,-2.8,73,0.30,83,0.69,3.0,9.4,5.0,50
2006-02-24,-12.2,-5.4,68,0.10,282,0.65,1.0,8.8,4.3,45
2006-02-25,-14.7,-7.0,68,0.00,75,0.63,0.0,6.9,4.4,43
2006-02-26,-8.4,-2.4,76,2.50,97,0.53,13.0,10.0,7.3,49
2006-02-27,-2.2,2.3,84,10.40,111,0.54,23.0,16.0,9.9,72
2006-02-28,-9.6,-1.8,76,0.00,24,0.78,0.0,11.7,6.1,46
2006-03-01,-8.8,-0.1,69,0.00,86,0.59,0.0,12.1,5.8,57
2006-03-02,-3.9,3.7,73,0.00,79,0.85,0.0,13.5,8.4,48
2006-03-03,-1.7,2.2,81,0.80,136,1.02,5.0,12.5,9.6,51
2006-03-04,-5.0,2.7,76,0.00,100,1.11,0.0,8.6,7.1,55
2006-03-05,-5.1,2.4,74,0.10,94,0.88,1.0,13.6,7.4,47
2006-03-06,-1.4,4.5,79,0.70,125,0.92,5.0,17.1,12.6,57
2006-03-07,-0.1,4.2,80,0.70,147,1.18,5.0,15.0,11.0,56
2006-03-08,-1.0,3.4,79,3.80,139,0.66,10.0,28.3,16.7,59
2006-03-09,-3.9,-0.5,65,2.80,184,1.07,5.0,24.5,11.3,39
2006-03-10,-8.0,-1.5,66,0.00,98,1.15,0.0,9.8,4.7,39
2006-03-11,-9.5,-1.9,71,0.00,342,0.95,0.0,10.5,7.7,42
2006-03-12,-10.0,-1.8,67,0.00,356,1.16,0.0,10.2,4.3,47
2006-03-13,-9.7,-0.1,66,0.00,125,1.14,0.0,10.8,7.6,40
2006-03-14,-3.5,3.0,67,0.30,136,1.21,2.0,20.1,14.7,45
2006-03-15,-1.1,2.9,72,0.20,142,1.32,1.0,20.3,17.3,47
2006-03-16,-1.6,3.4,72,0.00,137,1.36,0.0,20.5,14.5,51
2006-03-17,-1.4,2.8,77,0.10,142,1.47,1.0,14.5,10.2,47
2006-03-18,-3.7,2.3,77,0.40,328,1.22,3.0,13.3,7.0,45
2006-03-19,-7.6,1.2,72,0.00,353,1.38,0.0,12.2,6.3,44
2006-03-20,-4.0,3.7,68,0.00,82,1.72,0.0,6.5,3.5,39
2006-03-21,-2.1,5.1,68,0.10,116,1.61,1.0,15.6,6.6,46
2006-03-22,1.4,7.3,71,0.60,131,1.78,2.0,26.9,17.6,47
2006-03-23,2.8,8.8,67,0.00,126,2.12,0.0,21.7,17.0,45
2006-03-24,3.5,8.2,70,1.20,118,1.45,3.0,16.8,13.5,48
2006-03-25,-0.2,5.6,71,0.10,143,1.75,1.0,15.4,11.8,45
2006-03-26,-1.2,3.4,66,0.10,187,1.45,1.0,13.0,6.1,42
2006-03-27,-0.7,3.9,68,0.10,136,1.65,1.0,8.0,6.6,51
2006-03-28,0.5,6.2,60,0.00,44,1.73,0.0,5.6,3.4,30
2006-03-29,1.2,6.6,63,0.10,106,1.70,1.0,8.8,5.7,31
2006-03-30,0.1,6.7,82,1.20,129,1.77,3.0,8.0,5.6,49
2006-03-31,1.4,7.5,77,0.00,91,1.83,0.0,7.7,4.9,49
2006-04-01,1.4,6.5,82,1.10,141,1.51,4.0,9.0,6.0,55
2006-04-02,2.0,8.4,71,0.00,130,1.82,0.0,13.0,7.4,45
2006-04-03,3.3,9.5,66,0.00,117,2.18,0.0,11.1,7.4,38
2006-04-04,3.5,8.7,63,0.00,157,1.73,0.0,6.1,3.5,42
2006-04-05,4.8,11.7,66,0.00,31,2.55,0.0,6.2,3.5,42
2006-04-06,4.9,12.0,62,0.00,208,2.67,0.0,7.1,4.1,26
2006-04-07,5.2,13.0,56,0.00,145,2.83,0.0,8.9,6.3,28
2006-04-08,6.9,13.7,59,0.00,136,2.79,0.0,12.3,8.9,32
2006-04-09,5.0,13.0,67,0.20,310,2.27,2.0,10.6,6.7,37
2006-04-10,3.4,9.9,60,0.00,332,2.45,0.0,7.6,4.8,33
2006-04-11,4.7,11.3,55,0.20,325,2.72,1.0,8.1,5.0,34
2006-04-12,3.4,10.5,80,2.50,137,2.10,11.0,9.0,5.4,40
2006-04-13,2.5,8.5,63,2.10,153,1.50,10.0,22.1,10.8,50
2006-04-14,2.8,7.2,64,5.20,147,2.01,14.0,22.7,14.8,43
2006-04-15,-0.2,4.8,52,1.10,146,2.14,3.0,11.5,7.0,28
2006-04-16,1.4,6.6,55,1.30,154,2.40,4.0,14.1,9.0,27
2006-04-17,1.7,8.0,50,0.00,174,2.67,0.0,12.9,8.7,23
2006-04-18,3.2,10.6,43,0.00,156,3.09,0.0,20.7,14.0,22
2006-04-19,6.9,13.2,45,0.00,151,3.54,0.0,23.3,18.2,32
2006-04-20,7.3,12.7,62,1.00,149,2.46,6.0,19.2,10.4,37
2006-04-21,3.2,11.5,78,7.60,320,1.43,22.0,18.3,13.6,37
2006-04-22,1.9,9.0,46,0.00,310,2.77,0.0,13.0,7.3,30
2006-04-23,5.1,14.2,49,0.00,112,3.41,0.0,10.7,6.4,25
2006-04-24,8.5,19.3,46,0.00,121,4.31,0.0,12.4,9.8,21
2006-04-25,9.9,19.2,45,0.00,120,3.98,0.0,12.1,7.1,21
2006-04-26,7.1,16.3,52,1.20,174,2.28,4.0,14.0,7.9,20
2006-04-27,5.5,13.7,73,1.10,145,2.58,2.0,12.9,5.8,38
2006-04-28,9.8,16.3,63,0.00,138,2.66,0.0,19.0,12.9,42
2006-04-29,7.2,16.7,64,1.50,316,2.34,6.0,17.8,12.6,42
2006-04-30,3.2,10.9,55,0.20,334,3.01,1.0,9.1,5.4,26
2006-05-01,4.4,10.9,52,1.40,310,2.57,7.0,17.6,10.9,26
2006-05-02,2.7,9.0,45,0.00,313,3.27,0.0,16.9,10.6,24
2006-05-03,4.8,12.6,43,0.00,353,3.66,0.0,10.1,4.5,24
2006-05-04,8.0,17.0,53,0.00,138,3.54,0.0,10.2,6.5,24
2006-05-05,11.4,17.1,46,0.00,141,3.61,0.0,7.9,5.5,24
2006-05-06,8.9,16.0,55,0.50,277,2.83,3.0,12.3,6.5,27
2006-05-07,7.0,12.1,64,6.90,168,2.43,9.0,13.4,9.7,41
2006-05-08,2.2,8.1,57,1.80,289,2.59,7.0,14.8,9.2,29
2006-05-09,4.1,11.4,47,0.10,298,3.37,1.0,13.8,6.9,26
2006-05-10,7.0,13.5,50,0.00,134,3.38,0.0,10.8,7.5,26
2006-05-11,8.1,14.4,60,0.10,132,3.34,1.0,12.5,8.3,35
2006-05-12,4.2,9.8,73,5.30,295,2.76,6.0,11.9,7.2,24
2006-05-13,4.9,10.3,43,0.00,248,3.40,0.0,11.5,5.8,23
2006-05-14,6.8,15.5,52,0.00,134,3.81,0.0,9.0,5.6,26
2006-05-15,11.5,21.9,50,0.00,88,4.67,0.0,7.5,5.4,26
2006-05-16,16.8,27.6,54,0.00,117,5.16,0.0,10.5,7.0,24
2006-05-17,17.2,27.3,55,0.10,357,4.21,1.0,11.3,7.5,22
2006-05-18,14.8,22.2,57,0.00,339,4.32,0.0,6.5,4.5,27
2006-05-19,15.3,22.2,52,0.00,93,4.13,0.0,6.3,4.1,26
2006-05-20,14.4,21.2,56,0.00,148,2.74,0.0,9.7,5.6,27
2006-05-21,11.2,17.2,66,3.90,159,3.53,7.0,15.5,7.8,31
2006-05-22,13.8,19.7,52,0.00,130,4.37,0.0,15.6,10.0,26
2006-05-23,12.6,18.8,70,6.00,157,3.91,12.0,16.1,10.4,30
2006-05-24,11.7,19.1,59,1.70,147,3.77,3.0,14.8,12.8,30
2006-05-25,9.7,14.9,62,2.20,146,3.83,3.0,10.4,6.5,34
2006-05-26,9.1,13.8,65,3.30,345,2.78,4.0,12.2,6.8,37
2006-05-27,9.4,15.6,67,5.80,338,3.39,5.0,11.3,6.6,40
2006-05-28,10.1,17.0,69,0.40,167,3.56,2.0,9.5,5.8,37
2006-05-29,10.7,17.1,69,0.40,254,3.78,2.0,8.0,3.9,35
2006-05-30,11.5,18.4,55,0.20,150,4.42,1.0,8.7,5.5,28
2006-05-31,13.5,22.1,53,0.00,139,5.02,0.0,14.6,8.6,24
2006-06-01,15.9,21.7,52,0.30,146,4.70,2.0,15.4,11.8,25
2006-06-02,15.0,20.8,59,2.60,157,4.46,5.0,15.6,13.0,31
2006-06-03,12.5,19.0,44,0.30,193,4.69,1.0,12.8,8.6,29
2006-06-04,11.3,16.2,54,0.00,316,3.81,0.0,11.1,7.1,30
2006-06-05,10.1,14.7,67,3.60,232,3.37,8.0,11.2,5.8,35
2006-06-06,11.8,18.5,49,0.20,215,4.55,1.0,8.5,4.0,27
2006-06-07,13.9,21.3,48,0.00,23,4.74,0.0,8.0,5.4,25
2006-06-08,15.1,20.9,51,0.80,353,4.62,2.0,15.2,8.6,27
2006-06-09,13.9,19.1,66,0.80,10,3.45,6.0,12.7,9.4,37
2006-06-10,15.0,22.6,52,0.00,27,5.16,0.0,10.8,8.1,21
2006-06-11,16.6,21.9,43,0.00,19,5.37,0.0,15.8,9.6,21
2006-06-12,14.6,21.7,47,0.00,64,5.26,0.0,15.5,8.2,23
2006-06-13,16.4,21.6,58,0.20,139,4.10,1.0,8.0,5.3,30
2006-06-14,15.0,21.0,77,6.40,200,2.14,16.0,8.2,4.7,41
2006-06-15,13.6,17.8,75,3.90,294,2.99,8.0,11.5,5.4,42
2006-06-16,13.7,18.0,57,0.90,158,3.61,2.0,14.0,8.6,36
2006-06-17,12.3,17.2,52,0.20,293,4.08,1.0,9.9,5.2,29
2006-06-18,11.5,15.9,63,0.40,301,3.51,3.0,8.3,4.6,37
2006-06-19,9.4,15.4,80,2.00,298,2.91,6.0,8.3,5.0,43
2006-06-20,12.0,16.8,53,0.00,301,4.34,0.0,9.7,7.6,34
2006-06-21,12.4,17.5,51,0.50,288,4.37,3.0,9.4,5.6,31
2006-06-22,12.3,17.8,51,0.00,332,4.33,0.0,8.5,6.7,30
2006-06-23,12.6,19.1,52,0.00,303,4.63,0.0,9.4,6.1,25
2006-06-24,15.3,23.0,48,0.00,110,5.07,0.0,6.5,4.1,24
2006-06-25,18.8,27.8,50,0.00,80,5.69,0.0,7.6,4.5,22
2006-06-26,21.1,29.2,46,0.00,115,6.06,0.0,8.0,4.6,21
2006-06-27,20.9,29.3,42,0.00,334,6.24,0.0,13.2,8.4,21
2006-06-28,16.2,25.2,43,0.00,317,5.18,0.0,18.9,10.4,24
2006-06-29,14.2,21.2,31,0.00,336,5.44,0.0,13.4,8.0,16
2006-06-30,17.1,25.6,36,0.00,356,5.71,0.0,6.6,4.6,16
2006-07-01,19.5,27.1,40,0.00,1,5.75,0.0,6.4,4.6,16
2006-07-02,21.0,28.4,41,0.00,58,5.62,0.0,6.6,4.1,17
2006-07-03,22.5,30.3,39,0.00,130,6.25,0.0,11.9,6.4,13
2006-07-04,22.8,30.2,35,0.00,182,5.95,0.0,9.4,4.4,13
2006-07-05,21.7,28.5,44,0.00,138,5.73,0.0,10.7,6.8,19
2006-07-06,19.5,28.2,59,2.30,161,4.21,4.0,12.1,4.9,22
2006-07-07,13.7,18.7,66,8.50,279,2.95,6.0,11.0,6.2,32
2006-07-08,16.8,24.6,51,0.00,169,4.34,0.0,13.1,9.1,32
2006-07-09,16.0,24.8,84,7.70,154,3.07,15.0,10.6,4.9,33
2006-07-10,13.9,19.0,81,5.00,320,3.24,8.0,8.6,5.3,40
2006-07-11,12.3,17.8,69,3.50,335,2.27,5.0,9.2,4.8,45
2006-07-12,11.7,19.6,84,2.10,124,2.44,5.0,6.1,4.8,45
2006-07-13,12.4,19.0,77,5.80,162,3.30,10.0,8.8,6.4,43
2006-07-14,13.3,19.2,61,1.00,163,4.16,3.0,11.5,6.3,32
2006-07-15,12.2,19.7,72,1.50,286,3.53,5.0,13.8,5.6,32
2006-07-16,12.7,19.8,55,0.10,287,4.70,1.0,10.9,5.2,29
2006-07-17,14.7,19.8,55,0.20,317,4.29,2.0,11.6,5.8,29
2006-07-18,12.9,18.4,61,0.90,289,3.95,1.0,10.1,6.5,30
2006-07-19,14.7,20.2,52,0.00,118,3.76,0.0,11.5,6.4,30
2006-07-20,16.7,25.8,57,0.00,157,4.63,0.0,9.8,5.6,32
2006-07-21,21.8,31.0,53,0.00,106,5.22,0.0,5.5,3.6,26
2006-07-22,24.2,31.1,53,0.00,16,5.55,0.0,8.2,4.0,26
2006-07-23,23.6,31.0,46,0.00,326,5.87,0.0,10.9,8.3,26
2006-07-24,21.8,29.2,44,0.00,319,6.16,0.0,12.8,10.1,26
2006-07-25,20.3,26.6,44,0.00,341,4.70,0.0,11.6,5.9,25
2006-07-26,18.7,24.3,56,0.00,337,3.41,0.0,9.9,5.5,32
2006-07-27,17.2,23.5,56,0.00,323,4.14,0.0,9.7,7.3,25
2006-07-28,17.4,23.5,41,0.00,344,5.00,0.0,12.2,10.3,24
2006-07-29,16.5,23.0,58,2.10,323,3.95,4.0,13.8,7.0,29
2006-07-30,13.7,20.7,53,0.40,297,4.06,1.0,11.3,7.5,27
2006-07-31,12.9,17.8,57,0.40,263,3.29,4.0,12.3,6.7,28
2006-08-01,13.4,18.1,65,1.40,277,3.54,7.0,8.8,4.6,37
2006-08-02,12.5,17.0,58,0.70,309,3.40,1.0,10.7,7.3,35
2006-08-03,12.9,18.3,49,0.00,323,3.84,0.0,10.8,5.2,33
2006-08-04,12.4,17.9,55,1.80,323,3.60,9.0,12.6,8.9,34
2006-08-05,12.9,20.7,57,0.00,125,3.12,0.0,10.7,6.1,32
2006-08-06,15.9,23.5,55,0.00,10,4.26,0.0,7.4,4.7,26
2006-08-07,17.4,24.5,54,0.00,137,3.81,0.0,10.0,5.3,20
2006-08-08,16.8,24.4,55,2.40,92,2.72,7.0,8.7,5.6,21
2006-08-09,12.5,17.1,78,2.10,330,2.35,7.0,9.2,5.9,35
2006-08-10,13.4,18.4,46,0.00,340,4.05,0.0,12.2,8.3,30
2006-08-11,14.0,19.7,47,0.00,329,4.39,0.0,14.0,9.3,25
2006-08-12,14.4,19.6,47,0.00,304,3.84,0.0,14.1,6.8,25
2006-08-13,15.5,22.8,52,0.00,301,3.94,0.0,8.9,4.8,28
2006-08-14,16.1,23.1,59,0.60,335,3.31,4.0,9.2,6.0,28
2006-08-15,12.7,19.6,58,1.30,315,4.00,3.0,10.3,6.3,26
2006-08-16,14.4,21.9,47,0.00,341,4.40,0.0,8.7,5.4,22
2006-08-17,16.6,24.3,46,0.00,334,4.44,0.0,8.9,4.4,22
2006-08-18,18.0,24.3,52,0.00,328,4.22,0.0,8.6,5.6,27
2006-08-19,16.6,23.0,44,0.00,335,4.71,0.0,11.7,9.1,24
2006-08-20,16.2,25.1,43,0.00,2,4.60,0.0,9.7,5.8,21
2006-08-21,18.8,27.3,45,0.00,92,4.81,0.0,10.1,6.8,15
2006-08-22,18.2,27.3,37,0.00,328,4.92,0.0,14.7,8.7,14
2006-08-23,14.8,22.7,57,0.20,311,3.51,1.0,15.1,7.6,22
2006-08-24,14.7,18.9,47,0.00,312,3.29,0.0,13.1,7.2,31
2006-08-25,14.0,22.3,55,0.00,336,3.66,0.0,13.2,5.2,26
2006-08-26,16.6,23.2,48,0.00,328,4.10,0.0,7.9,5.3,24
2006-08-27,17.6,26.7,45,0.00,107,4.30,0.0,9.8,5.8,21
2006-08-28,18.3,26.5,46,0.00,139,2.88,0.0,8.9,5.4,21
2006-08-29,14.6,22.5,50,0.10,335,3.40,1.0,13.0,9.1,30
2006-08-30,11.2,17.2,47,0.20,304,3.50,1.0,13.2,9.8,29
2006-08-31,10.3,18.4,60,0.60,222,2.84,2.0,9.4,4.5,22
2006-09-01,13.8,23.1,52,0.00,129,3.69,0.0,12.9,7.6,22
2006-09-02,17.5,26.0,43,0.00,135,4.79,0.0,13.2,11.3,20
2006-09-03,19.1,28.6,40,0.00,125,4.60,0.0,10.2,8.1,16
2006-09-04,21.0,29.3,35,0.00,125,4.87,0.0,11.0,8.6,16
2006-09-05,19.8,29.2,41,0.00,110,4.38,0.0,10.5,6.4,17
2006-09-06,18.2,26.1,43,0.00,352,4.18,0.0,9.4,6.5,21
2006-09-07,18.4,25.9,44,0.00,354,3.92,0.0,10.1,5.4,21
2006-09-08,19.1,26.1,45,0.00,135,4.00,0.0,10.8,7.5,18
2006-09-09,15.9,26.0,51,0.00,327,2.76,0.0,14.8,8.5,18
2006-09-10,13.9,20.6,62,0.00,159,2.86,0.0,11.7,9.2,31
2006-09-11,14.8,20.6,57,0.00,182,3.01,0.0,9.4,5.7,30
2006-09-12,13.5,19.4,52,0.00,336,2.65,0.0,12.5,6.6,33
2006-09-13,10.3,16.2,56,0.00,326,2.25,0.0,12.7,9.6,40
2006-09-14,6.6,11.1,62,0.70,351,1.60,7.0,20.7,15.5,42
2006-09-15,4.5,8.8,55,0.30,359,1.72,3.0,20.1,10.5,42
2006-09-16,5.5,11.8,63,0.00,297,2.09,0.0,8.8,5.5,32
2006-09-17,7.3,13.4,59,0.00,124,2.22,0.0,19.0,9.2,32
2006-09-18,9.9,16.0,72,8.00,136,2.15,17.0,15.3,12.1,39
2006-09-19,8.4,13.0,84,10.30,313,1.54,10.0,8.0,5.3,46
2006-09-20,7.2,12.4,82,13.50,140,0.57,11.0,13.0,8.5,47
2006-09-21,5.2,8.9,92,16.20,301,0.84,24.0,16.0,11.9,60
2006-09-22,7.0,11.6,71,0.10,324,1.52,1.0,12.4,5.2,47
2006-09-23,10.2,18.8,72,0.10,132,1.82,1.0,8.2,4.8,42
2006-09-24,11.9,19.3,73,0.00,124,2.40,0.0,11.0,8.9,44
2006-09-25,12.8,19.1,71,0.00,126,1.78,0.0,11.0,7.9,45
2006-09-26,12.3,17.6,83,2.30,337,1.27,7.0,7.9,3.7,53
2006-09-27,11.9,19.7,76,0.00,116,2.21,0.0,10.3,6.4,48
2006-09-28,13.0,19.6,73,0.10,113,2.10,1.0,7.3,3.7,40
2006-09-29,12.7,20.2,71,0.00,115,2.09,0.0,9.5,5.5,37
2006-09-30,10.7,19.8,68,0.20,11,1.40,2.0,10.5,5.9,41
2006-10-01,5.5,10.7,65,0.10,304,1.64,1.0,10.2,5.6,30
2006-10-02,4.3,9.6,62,0.00,349,1.80,0.0,8.9,5.1,31
2006-10-03,3.9,9.3,62,0.00,349,1.80,0.0,8.2,5.3,32
2006-10-04,3.8,10.3,64,0.00,35,1.76,0.0,7.7,4.2,34
2006-10-05,4.0,9.4,76,0.00,108,1.03,0.0,10.8,7.1,45
2006-10-06,4.0,8.0,86,2.20,345,1.17,8.0,12.5,5.4,46
2006-10-07,2.8,7.4,63,0.00,323,1.53,0.0,10.0,4.8,38
2006-10-08,2.9,8.8,73,0.00,27,1.51,0.0,7.2,4.3,37
2006-10-09,2.5,9.5,73,0.00,98,1.49,0.0,9.1,5.8,38
2006-10-10,4.2,12.8,77,0.00,74,1.50,0.0,5.8,3.6,45
2006-10-11,5.3,14.3,85,0.00,89,1.42,0.0,7.2,5.2,55
2006-10-12,6.4,14.5,83,0.00,93,1.42,0.0,8.0,5.2,55
2006-10-13,7.4,13.8,82,0.00,20,1.45,0.0,6.7,4.1,53
2006-10-14,5.9,13.1,87,1.60,106,0.53,6.0,11.0,7.5,57
2006-10-15,6.5,10.8,92,6.70,130,0.96,15.0,8.8,7.1,60
2006-10-16,3.7,9.7,75,0.00,336,1.17,0.0,16.4,12.0,46
2006-10-17,0.8,5.1,60,0.00,300,1.33,0.0,13.8,8.3,45
2006-10-18,3.6,10.7,72,2.00,131,1.05,5.0,12.0,10.2,51
2006-10-19,5.5,9.7,82,5.80,129,0.93,12.0,12.7,8.7,61
2006-10-20,4.9,8.1,68,0.00,309,0.96,0.0,14.6,8.2,54
2006-10-21,3.0,8.1,84,0.00,110,0.95,0.0,7.4,5.5,61
2006-10-22,4.1,9.8,75,0.00,126,1.13,0.0,15.7,11.9,48
2006-10-23,1.8,7.6,86,0.90,119,0.59,3.0,14.5,7.0,61
2006-10-24,3.1,6.1,84,2.80,140,0.61,7.0,18.9,13.5,72
2006-10-25,0.8,4.2,78,1.20,162,0.52,6.0,17.1,9.1,65
2006-10-26,1.8,3.6,86,14.70,150,0.70,16.0,19.5,11.4,66
2006-10-27,1.9,7.4,95,8.80,121,0.58,15.0,15.3,8.2,71
2006-10-28,4.4,9.6,90,2.10,152,0.55,4.0,17.0,14.2,73
2006-10-29,-1.4,6.3,76,7.70,330,0.81,7.0,22.1,15.5,34
2006-10-30,-6.3,-2.4,57,0.00,338,0.84,0.0,17.9,6.7,39
2006-10-31,-6.0,-1.7,70,0.00,134,0.61,0.0,6.7,4.6,44
2006-11-01,-3.2,0.7,62,0.00,130,0.68,0.0,8.5,7.5,41
2006-11-02,-1.3,2.9,58,0.00,117,0.78,0.0,10.6,6.1,36
2006-11-03,-0.7,1.6,85,11.70,125,0.33,23.0,9.6,7.1,51
2006-11-04,1.2,5.1,93,3.30,126,0.33,11.0,21.6,11.1,86
2006-11-05,1.3,5.2,94,3.70,137,0.56,12.0,22.2,11.8,82
2006-11-06,3.4,9.5,94,10.20,125,0.56,8.0,18.8,15.2,76
2006-11-07,4.1,8.6,90,0.50,141,0.69,2.0,20.1,15.3,61
2006-11-08,0.2,5.7,69,0.00,323,0.60,0.0,8.5,5.8,49
2006-11-09,-2.1,0.3,65,0.00,103,0.58,0.0,6.0,3.4,44
2006-11-10,-1.5,0.8,63,0.60,124,0.85,4.0,21.8,15.5,54
2006-11-11,-1.1,2.2,83,2.10,140,0.49,10.0,12.3,7.5,53
2006-11-12,-1.6,1.7,71,1.50,142,0.63,4.0,10.9,8.5,50
2006-11-13,-2.5,-0.5,85,12.00,349,0.34,19.0,10.7,6.8,68
2006-11-14,-7.2,1.3,83,0.00,120,0.46,0.0,22.5,11.5,57
2006-11-15,-0.0,1.3,73,6.70,139,0.83,11.0,29.3,26.3,60
2006-11-16,-3.3,1.1,86,10.60,141,0.40,11.0,20.5,12.7,68
2006-11-17,-0.8,3.2,76,1.10,142,0.72,7.0,19.8,17.5,65
2006-11-18,-0.8,2.8,84,2.30,133,0.46,6.0,19.9,15.4,75
2006-11-19,3.2,5.6,69,0.20,138,1.20,2.0,33.7,26.7,58
2006-11-20,-2.4,4.2,72,1.80,149,0.49,2.0,16.6,11.8,58
2006-11-21,-2.4,0.1,84,2.90,107,0.23,7.0,14.5,7.9,74
2006-11-22,-3.9,-0.2,82,2.70,64,0.32,6.0,11.3,5.9,67
2006-11-23,-6.1,-2.4,81,5.40,347,0.21,20.0,9.7,6.5,74
2006-11-24,-13.6,-7.9,82,0.00,328,0.16,0.0,10.1,7.7,70
2006-11-25,-18.1,-14.3,78,0.00,326,0.14,0.0,9.6,8.2,66
2006-11-26,-20.9,-18.5,76,0.00,338,0.11,0.0,13.1,9.5,64
2006-11-27,-22.3,-20.5,69,2.70,313,0.14,13.0,14.3,9.4,60
2006-11-28,-26.0,-21.7,72,0.00,329,0.12,0.0,13.0,6.3,53
2006-11-29,-23.3,-12.5,71,0.90,124,0.17,3.0,19.6,11.7,54
2006-11-30,-10.9,-7.9,73,6.00,141,0.37,17.0,25.3,15.8,60
2006-12-01,-10.0,-6.5,82,1.80,15,0.22,11.0,12.0,5.9,70
2006-12-02,-11.4,-6.4,83,2.00,113,0.16,7.0,12.5,8.8,74
2006-12-03,-6.0,-3.0,83,1.60,133,0.21,10.0,12.7,11.3,76
2006-12-04,-3.3,-1.7,87,9.00,137,0.16,16.0,14.3,12.0,84
2006-12-05,-9.2,-2.7,88,0.00,117,0.16,0.0,10.5,8.7,80
2006-12-06,-1.8,1.4,85,7.10,131,0.30,13.0,15.3,13.6,74
2006-12-07,-0.2,1.9,85,0.00,134,0.31,0.0,19.1,15.5,72
2006-12-08,0.5,1.6,84,5.90,138,0.32,13.0,20.1,13.1,73
2006-12-09,-0.5,2.3,89,1.50,120,0.29,7.0,13.1,9.2,71
2006-12-10,-0.2,1.6,86,0.00,137,0.32,0.0,15.6,12.9,77
2006-12-11,0.9,2.9,81,0.60,138,0.48,3.0,23.7,20.5,73
2006-12-12,-0.4,2.1,81,0.10,150,0.56,1.0,28.9,15.8,67
2006-12-13,-1.5,1.5,80,1.40,134,0.51,4.0,26.2,19.6,70
2006-12-14,-6.0,-0.1,82,0.00,144,0.23,0.0,16.4,11.8,74
2006-12-15,-5.1,-3.5,82,8.00,310,0.24,19.0,12.3,8.0,57
2006-12-16,-14.4,-4.7,73,0.00,113,0.16,0.0,8.7,6.7,60
2006-12-17,-15.5,-11.3,82,0.10,112,0.13,1.0,12.2,8.4,74
2006-12-18,-6.6,-2.6,75,0.70,136,0.46,6.0,23.8,19.5,70
2006-12-19,-4.4,-2.2,83,1.00,141,0.37,4.0,25.1,15.9,72
2006-12-20,-1.4,1.7,80,0.00,135,0.50,0.0,20.9,18.7,71
2006-12-21,-0.1,1.2,73,0.20,147,0.76,1.0,28.3,21.7,65
2006-12-22,-10.4,-1.2,79,0.00,134,0.17,0.0,10.9,7.5,72
2006-12-23,-4.0,-2.4,78,1.90,139,0.43,7.0,21.2,14.5,67
2006-12-24,-9.5,-2.1,83,0.00,125,0.31,0.0,26.2,14.8,55
2006-12-25,-4.8,-2.1,80,0.10,138,0.45,1.0,27.3,17.5,56
2006-12-26,-8.8,-3.9,85,0.00,123,0.17,0.0,14.3,9.3,73
2006-12-27,-9.3,-5.7,80,0.00,348,0.18,0.0,11.4,8.8,70
2006-12-28,-14.7,-7.7,81,0.00,98,0.15,0.0,12.2,8.2,67
2006-12-29,-6.7,-2.0,63,0.00,135,0.67,0.0,23.1,17.3,53
2006-12-30,-7.9,-3.1,81,0.00,134,0.29,0.0,17.7,13.3,63
2006-12-31,-10.0,-4.4,82,0.00,122,0.22,0.0,12.9,11.6,68
2007-01-01,-4.0,0.1,77,2.50,136,0.46,10.0,25.3,19.0,71
2007-01-02,-0.4,3.0,86,10.20,137,0.32,20.0,24.7,18.9,79
2007-01-03,-3.5,2.6,86,1.10,144,0.21,5.0,18.0,10.3,79
2007-01-04,-8.5,-4.0,85,1.40,132,0.17,4.0,10.4,6.2,69
2007-01-05,-11.2,-5.1,74,0.20,144,0.33,2.0,23.8,15.7,67
2007-01-06,-5.9,-3.6,73,6.40,181,0.38,10.0,21.8,11.1,56
2007-01-07,-3.9,2.4,76,3.30,144,0.54,9.0,23.5,16.5,50
2007-01-08,-7.4,0.9,66,0.10,265,0.50,1.0,21.1,12.2,50
2007-01-09,-4.5,-1.2,83,21.40,120,0.27,24.0,19.9,13.2,73
2007-01-10,-12.8,-2.8,76,7.90,308,0.19,10.0,17.4,14.0,63
2007-01-11,-24.5,-20.6,70,0.00,344,0.13,0.0,11.7,6.2,50
2007-01-12,-25.8,-20.9,68,0.00,108,0.13,0.0,10.2,8.8,57
2007-01-13,-18.4,-13.8,72,0.90,111,0.20,6.0,10.2,7.5,63
2007-01-14,-17.1,-11.2,78,0.00,115,0.18,0.0,10.9,8.9,68
2007-01-15,-11.4,-5.7,78,0.00,131,0.27,0.0,15.3,12.6,63
2007-01-16,-6.9,-5.3,82,2.20,139,0.30,14.0,15.0,10.8,68
2007-01-17,-11.4,-6.5,83,0.50,129,0.22,3.0,9.9,5.1,70
2007-01-18,-8.5,-5.2,81,5.20,127,0.23,14.0,15.1,12.2,79
2007-01-19,-4.5,-2.8,85,6.00,133,0.36,15.0,18.3,11.9,80
2007-01-20,-5.7,-2.0,86,2.50,123,0.33,6.0,8.2,5.6,64
2007-01-21,-5.9,-2.9,82,2.80,132,0.28,7.0,18.1,13.9,75
2007-01-22,-2.0,0.9,81,1.70,135,0.51,8.0,20.4,17.6,76
2007-01-23,-0.8,2.0,89,4.40,126,0.35,8.0,14.0,12.3,77
2007-01-24,1.8,4.0,84,1.70,134,0.57,3.0,19.6,18.4,71
2007-01-25,-0.7,2.8,86,0.00,140,0.47,0.0,18.9,11.3,68
2007-01-26,-6.3,-0.9,79,0.00,12,0.39,0.0,8.4,4.9,57
2007-01-27,-10.2,-4.6,74,0.00,105,0.35,0.0,9.7,6.9,61
2007-01-28,-10.1,-5.1,75,0.00,99,0.37,0.0,9.7,5.4,58
2007-01-29,-7.7,-2.2,79,0.00,105,0.43,0.0,8.9,6.0,65
2007-01-30,-7.7,-3.0,78,0.00,22,0.42,0.0,7.3,5.1,65
2007-01-31,-10.1,-4.9,80,0.00,16,0.38,0.0,11.1,5.6,64
2007-02-01,-9.6,-4.2,80,0.00,353,0.43,0.0,12.0,9.9,55
2007-02-02,-10.3,-5.4,79,0.00,81,0.40,0.0,6.9,5.3,67
2007-02-03,-11.9,-5.9,77,0.00,103,0.34,0.0,9.8,7.9,60
2007-02-04,-5.4,-1.3,79,2.60,120,0.33,10.0,12.6,11.4,66
2007-02-05,-0.9,1.0,87,2.10,124,0.26,7.0,13.3,11.2,80
2007-02-06,-0.2,3.2,91,1.30,95,0.50,8.0,6.7,4.4,70
2007-02-07,-0.4,2.8,88,0.00,41,0.48,0.0,6.3,2.7,74
2007-02-08,-3.6,1.4,88,7.10,322,0.29,14.0,10.9,8.5,74
2007-02-09,-10.4,-6.6,81,0.00,318,0.27,0.0,9.4,7.7,69
2007-02-10,-9.4,-2.7,81,1.20,47,0.42,3.0,4.5,2.9,67
2007-02-11,-5.4,-2.8,85,0.00,345,0.43,0.0,9.7,6.4,73
2007-02-12,-7.6,-3.5,79,2.60,317,0.38,12.0,9.8,8.5,67
2007-02-13,-9.5,-4.2,81,0.00,18,0.47,0.0,7.7,4.4,69
2007-02-14,-6.2,0.3,83,1.20,129,0.43,4.0,19.4,13.6,73
2007-02-15,-2.5,3.2,87,4.30,129,0.52,8.0,18.2,13.9,68
2007-02-16,-0.6,4.2,66,0.30,236,1.02,2.0,18.8,8.0,54
2007-02-17,0.2,4.7,78,0.60,132,0.83,4.0,23.2,15.6,61
2007-02-18,-0.6,4.1,79,1.10,165,0.81,6.0,22.5,11.6,54
2007-02-19,-2.1,1.4,82,4.60,152,0.42,14.0,20.5,11.1,65
2007-02-20,-4.3,-0.2,82,0.50,147,0.60,3.0,17.9,10.7,45
2007-02-21,-5.2,-0.0,76,0.00,138,0.66,0.0,12.7,9.9,53
2007-02-22,-4.1,-0.2,71,0.00,125,0.87,0.0,16.7,13.9,56
2007-02-23,-6.3,-0.9,80,0.30,132,0.66,3.0,12.9,10.2,56
2007-02-24,-6.1,-1.6,74,0.20,125,0.73,1.0,19.1,12.9,54
2007-02-25,-3.5,2.5,72,0.20,117,0.98,2.0,17.4,11.7,52
2007-02-26,-3.3,2.0,81,0.40,101,0.66,3.0,10.4,7.4,59
2007-02-27,-3.1,0.5,82,1.50,96,0.80,7.0,9.6,3.7,53
2007-02-28,-5.9,-0.0,78,0.00,123,0.61,0.0,11.4,7.7,52
2007-03-01,-7.7,-3.4,77,0.00,314,0.78,0.0,10.1,6.7,46
2007-03-02,-8.1,-1.5,69,0.00,128,0.81,0.0,22.2,11.7,46
2007-03-03,-1.7,4.5,72,1.70,138,1.19,7.0,21.7,16.5,52
2007-03-04,0.2,4.9,83,0.00,134,1.10,0.0,15.8,13.2,60
2007-03-05,2.2,6.6,80,0.00,133,1.13,0.0,15.5,14.2,65
2007-03-06,3.2,6.4,80,0.00,134,0.98,0.0,21.7,18.3,66
2007-03-07,4.3,7.2,73,0.50,143,1.54,3.0,21.9,18.4,66
2007-03-08,-1.1,5.1,72,1.60,152,1.22,3.0,22.0,12.7,44
2007-03-09,1.1,6.5,70,0.50,147,1.51,2.0,24.2,19.5,49
2007-03-10,0.7,4.7,82,1.50,137,0.73,5.0,18.9,14.7,60
2007-03-11,1.8,4.4,86,3.10,134,0.64,7.0,21.3,16.4,75
2007-03-12,0.5,4.1,75,7.80,228,1.15,13.0,19.3,12.6,33
2007-03-13,-6.2,0.1,67,0.10,154,0.95,1.0,11.9,7.8,38
2007-03-14,-5.2,0.2,70,0.00,185,1.19,0.0,11.8,7.2,33
2007-03-15,-7.2,0.6,65,0.00,134,1.22,0.0,11.1,7.8,42
2007-03-16,-0.9,3.0,76,8.90,127,0.83,13.0,15.8,13.7,46
2007-03-17,2.9,9.8,83,0.30,132,1.51,2.0,18.1,14.1,60
2007-03-18,0.7,6.7,80,1.10,344,1.12,4.0,12.3,6.4,51
2007-03-19,2.2,7.5,80,1.00,133,1.14,6.0,17.5,11.3,60
2007-03-20,-0.4,6.1,72,2.80,227,1.41,6.0,18.9,12.7,37
2007-03-21,-4.5,0.5,61,2.40,157,0.93,8.0,19.4,11.7,38
2007-03-22,-1.8,1.6,83,2.30,133,0.80,9.0,15.3,11.1,70
2007-03-23,0.7,7.6,87,0.30,135,0.85,2.0,21.9,15.4,60
2007-03-24,2.3,7.1,85,7.00,133,1.02,16.0,16.6,8.4,65
2007-03-25,0.2,5.9,63,3.70,199,1.82,3.0,10.8,8.0,36
2007-03-26,-1.4,5.5,60,0.00,147,1.72,0.0,15.9,10.6,39
2007-03-27,-0.5,5.2,60,0.00,335,1.81,0.0,13.6,9.0,31
2007-03-28,-1.8,5.3,49,0.00,106,1.81,0.0,15.4,8.6,32
2007-03-29,2.1,8.8,59,0.00,139,2.14,0.0,22.0,16.7,35
2007-03-30,2.8,8.5,64,0.00,140,1.78,0.0,19.7,14.8,42
2007-03-31,-2.6,1.0,62,0.20,356,1.58,2.0,12.2,5.8,40
2007-04-01,-3.8,0.4,58,0.00,353,1.44,0.0,15.9,8.6,39
2007-04-02,-7.7,-2.5,49,0.00,333,1.56,0.0,16.1,12.0,33
2007-04-03,-8.0,-0.7,44,0.00,17,1.89,0.0,10.0,6.6,32
2007-04-04,-4.1,3.4,45,0.00,53,1.97,0.0,6.9,4.6,32
2007-04-05,0.5,6.9,58,0.00,91,1.73,0.0,11.5,6.7,46
2007-04-06,4.7,13.7,64,0.00,116,2.66,0.0,15.3,11.0,39
2007-04-07,5.9,13.5,66,0.00,110,2.86,0.0,12.3,9.0,40
2007-04-08,5.8,13.4,74,0.00,123,2.30,0.0,14.5,9.3,45
2007-04-09,4.7,11.9,83,4.90,139,1.55,18.0,11.5,8.0,52
2007-04-10,1.5,5.9,74,5.40,273,1.87,11.0,11.7,6.9,38
2007-04-11,1.7,7.5,55,0.00,135,2.45,0.0,10.2,6.3,32
2007-04-12,2.9,8.3,54,0.00,145,2.24,0.0,12.8,7.3,28
2007-04-13,3.0,9.5,61,1.90,146,1.76,7.0,28.1,14.6,33
2007-04-14,5.1,9.1,68,3.60,150,2.35,8.0,25.3,14.7,36
2007-04-15,2.3,8.5,58,0.60,205,2.10,1.0,12.0,5.9,28
2007-04-16,3.3,8.6,63,5.30,149,1.33,7.0,18.5,12.7,28
2007-04-17,1.2,7.6,81,2.00,150,2.10,6.0,11.7,5.1,40
2007-04-18,2.1,7.5,67,0.00,342,2.48,0.0,7.7,5.0,42
2007-04-19,2.4,8.2,68,0.40,328,2.38,3.0,11.1,6.2,41
2007-04-20,2.5,8.6,80,1.10,305,2.00,6.0,10.5,4.1,53
2007-04-21,4.1,10.0,63,0.00,109,2.61,0.0,12.1,5.9,31
2007-04-22,5.0,11.0,57,0.10,121,2.66,1.0,11.5,7.2,31
2007-04-23,6.6,14.9,65,0.00,143,3.26,0.0,14.8,9.4,32
2007-04-24,6.9,14.8,73,6.70,162,1.72,15.0,14.1,7.8,32
2007-04-25,3.8,10.9,72,2.00,152,2.43,3.0,13.8,7.7,35
2007-04-26,4.0,10.9,69,3.50,139,1.61,11.0,23.1,14.7,37
2007-04-27,3.8,9.1,80,2.50,133,1.78,11.0,18.9,8.9,52
2007-04-28,4.7,10.6,51,0.00,245,2.91,0.0,14.3,8.9,27
2007-04-29,3.5,8.5,50,0.10,316,3.01,1.0,11.2,8.0,27
2007-04-30,3.8,10.0,49,0.00,133,2.80,0.0,11.2,5.7,26
2007-05-01,4.9,10.6,57,0.00,104,2.46,0.0,8.7,5.5,27
2007-05-02,6.6,13.9,66,2.60,105,2.61,1.0,14.4,8.1,40
2007-05-03,4.4,10.3,79,4.90,161,2.36,7.0,10.2,6.6,27
2007-05-04,5.4,10.1,50,0.00,303,2.88,0.0,18.9,10.5,25
2007-05-05,5.1,11.4,46,0.00,266,3.27,0.0,18.2,10.6,26
2007-05-06,7.5,16.0,58,0.00,171,2.59,0.0,16.1,10.8,31
2007-05-07,10.6,18.1,59,2.70,186,2.65,7.0,14.7,9.3,32
2007-05-08,9.3,17.4,71,5.10,341,1.74,19.0,14.0,7.3,34
2007-05-09,3.4,10.4,73,2.00,286,2.30,3.0,16.8,5.2,32
2007-05-10,6.3,13.3,55,0.00,355,3.35,0.0,7.4,5.5,28
2007-05-11,7.8,14.9,51,0.00,170,3.50,0.0,13.1,5.1,26
2007-05-12,7.2,15.2,47,0.00,317,4.11,0.0,11.6,9.5,25
2007-05-13,7.2,14.4,48,0.00,347,4.12,0.0,11.2,7.4,26
2007-05-14,9.1,15.9,47,0.00,333,4.13,0.0,11.5,7.2,28
2007-05-15,11.2,21.5,53,0.00,84,4.43,0.0,12.1,7.2,24
2007-05-16,13.3,21.5,49,0.00,158,4.55,0.0,16.1,9.8,23
2007-05-17,9.6,18.2,43,0.00,308,3.54,0.0,14.8,10.6,23
2007-05-18,8.0,14.6,55,0.00,332,3.48,0.0,9.7,6.2,31
2007-05-19,8.6,14.5,64,4.20,157,2.63,7.0,13.5,6.7,32
2007-05-20,6.7,12.0,55,0.80,70,3.49,3.0,8.0,5.0,30
2007-05-21,7.5,12.5,55,0.20,339,3.65,2.0,14.3,8.9,33
2007-05-22,8.7,16.2,56,0.00,322,4.11,0.0,12.1,6.0,23
2007-05-23,10.2,16.3,47,0.50,336,4.14,2.0,17.4,7.8,22
2007-05-24,8.4,15.7,41,0.00,346,4.82,0.0,16.9,7.3,21
2007-05-25,11.1,19.8,47,0.00,139,4.83,0.0,11.3,7.5,19
2007-05-26,13.0,19.8,46,0.00,200,3.90,0.0,10.3,5.9,19
2007-05-27,9.3,15.8,68,1.40,294,3.53,4.0,14.0,8.3,26
2007-05-28,9.3,15.6,41,0.00,311,4.62,0.0,17.1,9.9,23
2007-05-29,12.4,21.1,45,0.00,117,5.05,0.0,7.9,6.1,24
2007-05-30,16.0,24.5,43,0.00,142,5.75,0.0,12.4,9.1,19
2007-05-31,16.6,24.7,45,0.00,305,5.49,0.0,15.5,6.4,18
2007-06-01,17.0,24.3,47,0.00,147,5.17,0.0,6.3,4.1,22
2007-06-02,18.4,25.5,47,0.00,245,5.28,0.0,5.4,2.9,22
2007-06-03,20.6,29.6,42,0.00,117,6.00,0.0,12.7,6.8,18
2007-06-04,20.6,29.4,45,0.30,136,4.67,1.0,13.3,8.9,18
2007-06-05,14.7,20.0,73,5.70,127,2.62,9.0,16.9,8.3,47
2007-06-06,11.3,13.9,95,17.70,310,1.44,24.0,12.6,8.5,73
2007-06-07,10.1,12.2,93,9.50,269,1.10,21.0,11.1,7.4,74
2007-06-08,11.2,17.4,71,0.20,174,3.73,2.0,7.2,4.2,35
2007-06-09,12.0,17.3,60,0.20,140,3.06,1.0,20.2,10.6,36
2007-06-10,10.8,17.6,67,1.80,150,3.84,4.0,17.9,14.2,32
2007-06-11,9.4,16.0,63,1.70,260,3.78,8.0,12.8,4.3,36
2007-06-12,8.1,14.2,68,2.50,225,3.38,8.0,9.0,4.7,32
2007-06-13,10.4,14.6,56,1.40,149,3.57,2.0,10.2,8.2,30
2007-06-14,8.5,14.3,74,3.30,261,2.88,14.0,9.3,4.3,47
2007-06-15,11.7,17.5,64,0.30,8,3.84,2.0,4.2,2.5,37
2007-06-16,12.2,17.2,69,6.50,336,3.30,12.0,10.7,5.7,38
2007-06-17,12.1,17.7,69,2.10,313,4.07,5.0,11.3,7.7,44
2007-06-18,10.9,15.8,65,6.00,275,3.35,12.0,10.6,7.4,29
2007-06-19,11.1,16.6,57,0.50,180,3.54,3.0,11.0,6.4,28
2007-06-20,13.8,20.0,59,0.00,149,3.95,0.0,14.4,5.8,30
2007-06-21,13.3,19.7,55,1.20,172,4.05,3.0,11.1,7.1,32
2007-06-22,11.8,16.8,62,0.00,192,4.30,0.0,10.5,4.8,34
2007-06-23,9.3,15.0,67,3.70,194,3.83,5.0,9.4,4.2,32
2007-06-24,10.1,15.1,61,0.00,143,3.46,0.0,6.4,3.8,32
2007-06-25,9.1,15.6,70,0.90,291,3.56,5.0,9.0,4.9,40
2007-06-26,11.9,19.4,62,0.20,138,4.56,1.0,16.3,9.6,26
2007-06-27,15.3,20.8,57,0.20,192,4.50,1.0,9.4,6.1,28
2007-06-28,15.1,20.5,60,0.20,124,3.84,2.0,16.3,7.8,33
2007-06-29,14.7,20.7,64,4.20,147,4.44,6.0,15.5,9.4,33
2007-06-30,12.4,16.8,60,2.60,209,3.83,5.0,11.8,5.8,29
2007-07-01,12.6,18.2,54,0.00,263,3.99,0.0,12.6,6.3,30
2007-07-02,14.6,21.0,53,0.00,195,4.67,0.0,8.0,4.2,29
2007-07-03,16.2,22.0,57,0.00,173,4.49,0.0,13.3,6.9,29
2007-07-04,17.2,25.3,55,0.00,167,5.23,0.0,11.7,6.8,29
2007-07-05,18.9,25.6,48,0.00,250,5.47,0.0,8.9,5.2,26
2007-07-06,16.7,24.5,53,0.00,325,5.01,0.0,16.9,9.6,25
2007-07-07,14.6,20.7,44,0.00,314,5.22,0.0,12.2,7.7,26
2007-07-08,15.2,20.6,49,0.00,117,3.33,0.0,7.3,4.8,25
2007-07-09,14.5,20.6,51,0.00,320,4.44,0.0,15.3,9.8,28
2007-07-10,17.3,23.7,52,0.00,322,4.65,0.0,9.4,6.6,27
2007-07-11,19.9,28.0,52,0.00,329,5.39,0.0,9.2,5.2,22
2007-07-12,22.7,31.0,43,0.00,43,5.74,0.0,5.2,3.2,18
2007-07-13,24.4,33.0,44,0.00,129,6.17,0.0,11.6,6.1,14
2007-07-14,23.6,31.8,46,0.00,249,5.60,0.0,12.6,4.8,16
2007-07-15,22.2,29.8,44,0.70,173,4.77,1.0,12.4,6.9,21
2007-07-16,18.8,24.5,57,0.10,310,4.25,1.0,5.5,4.0,31
2007-07-17,18.6,23.2,53,0.10,43,3.78,1.0,11.0,5.6,30
2007-07-18,18.4,23.5,60,1.30,291,3.24,4.0,7.9,4.5,34
2007-07-19,16.0,20.6,77,5.90,156,2.99,5.0,14.3,8.1,43
2007-07-20,13.9,19.9,75,1.10,138,3.65,3.0,15.0,10.1,33
2007-07-21,14.3,19.6,58,0.00,153,4.02,0.0,16.1,13.0,32
2007-07-22,16.3,23.7,59,1.50,148,4.45,5.0,20.9,14.8,31
2007-07-23,17.0,23.4,56,0.20,161,3.31,1.0,17.7,11.4,31
2007-07-24,13.8,18.5,58,1.10,284,3.77,2.0,13.0,8.2,26
2007-07-25,14.5,21.0,44,0.00,332,4.84,0.0,10.2,5.6,27
2007-07-26,17.8,27.1,52,0.00,124,5.00,0.0,9.9,5.9,22
2007-07-27,20.2,27.1,46,0.00,279,4.86,0.0,7.3,5.2,21
2007-07-28,19.2,24.6,49,0.00,231,4.35,0.0,13.1,5.1,26
2007-07-29,18.4,24.7,44,0.00,223,4.73,0.0,14.3,8.3,26
2007-07-30,13.5,19.6,49,0.50,304,3.98,2.0,15.6,9.0,28
2007-07-31,12.9,19.3,49,0.00,296,4.03,0.0,14.0,8.1,25
2007-08-01,15.5,24.4,48,0.00,24,4.86,0.0,10.2,4.7,23
2007-08-02,19.1,26.6,47,0.00,84,4.53,0.0,5.4,3.9,22
2007-08-03,15.3,26.5,69,9.00,315,2.72,13.0,11.7,7.1,22
2007-08-04,13.4,18.4,80,2.40,291,2.61,5.0,8.0,4.4,53
2007-08-05,15.1,22.4,70,0.00,338,3.82,0.0,8.3,4.9,38
2007-08-06,17.3,25.9,67,0.00,126,4.39,0.0,9.4,6.3,26
2007-08-07,18.4,26.1,51,0.00,301,4.51,0.0,11.4,7.3,25
2007-08-08,15.0,23.1,41,0.00,313,4.58,0.0,13.0,10.0,24
2007-08-09,10.9,16.6,61,0.20,320,2.85,2.0,11.7,6.7,32
2007-08-10,12.5,19.5,51,0.00,336,4.15,0.0,9.3,6.7,25
2007-08-11,13.5,19.3,56,0.00,4,3.00,0.0,10.8,5.2,25
2007-08-12,13.0,18.5,61,1.70,106,3.15,5.0,7.9,4.8,30
2007-08-13,10.8,16.3,71,1.60,323,3.24,5.0,9.1,5.7,41
2007-08-14,12.2,20.1,61,0.00,339,4.07,0.0,9.7,5.1,30
2007-08-15,15.7,23.9,55,0.00,46,4.26,0.0,5.4,3.2,25
2007-08-16,18.5,28.0,50,0.00,49,4.56,0.0,7.5,5.0,20
2007-08-17,15.2,27.2,71,6.30,242,2.65,8.0,15.9,7.1,21
2007-08-18,13.7,18.3,65,0.50,339,3.20,1.0,6.1,4.1,40
2007-08-19,12.0,18.2,77,2.80,191,2.32,6.0,6.5,3.4,39
2007-08-20,11.1,16.9,80,2.70,178,2.88,5.0,8.4,4.8,46
2007-08-21,12.2,16.9,69,0.30,244,2.73,3.0,8.9,4.8,38
2007-08-22,13.5,18.1,57,0.00,357,2.77,0.0,6.6,3.4,38
2007-08-23,13.7,19.4,58,0.00,339,3.30,0.0,7.2,4.6,31
2007-08-24,15.0,22.9,57,0.00,128,3.62,0.0,9.3,6.1,28
2007-08-25,13.9,22.4,63,2.10,314,3.29,7.0,14.8,8.3,31
2007-08-26,11.5,17.1,55,0.40,312,3.17,1.0,10.0,7.6,39
2007-08-27,9.5,15.1,70,0.30,298,2.76,2.0,8.4,4.3,39
2007-08-28,10.7,15.2,65,0.00,119,2.58,0.0,15.4,6.9,39
2007-08-29,13.4,22.5,62,2.10,131,2.73,7.0,12.9,11.4,37
2007-08-30,17.1,24.0,54,0.00,139,3.55,0.0,14.8,11.5,24
2007-08-31,12.4,21.0,87,4.80,334,1.49,16.0,14.8,5.3,34
2007-09-01,10.2,15.7,79,0.10,140,2.47,1.0,8.5,4.1,43
2007-09-02,11.8,16.5,66,0.00,113,2.32,0.0,11.9,6.2,40
2007-09-03,12.1,17.7,70,0.00,144,2.56,0.0,13.2,10.6,42
2007-09-04,11.1,17.1,81,2.30,252,2.06,7.0,10.1,4.4,39
2007-09-05,12.1,17.5,68,5.50,352,1.27,7.0,8.5,4.7,37
2007-09-06,8.5,14.7,77,1.00,281,2.29,3.0,8.4,5.7,32
2007-09-07,9.4,14.3,59,0.10,324,2.21,1.0,14.5,7.2,33
2007-09-08,9.3,14.5,62,0.00,334,2.46,0.0,10.2,4.8,36
2007-09-09,10.2,18.8,61,0.00,48,2.87,0.0,8.9,5.1,35
2007-09-10,13.8,22.0,67,0.00,121,3.14,0.0,8.0,5.6,42
2007-09-11,15.2,22.1,71,0.00,65,3.12,0.0,13.3,5.8,41
2007-09-12,12.6,20.9,60,0.00,337,3.41,0.0,14.7,12.6,34
2007-09-13,11.5,19.4,60,0.00,355,3.06,0.0,10.9,4.4,28
2007-09-14,13.0,21.7,60,0.00,108,2.99,0.0,7.2,4.2,24
2007-09-15,13.6,21.9,61,0.00,113,2.99,0.0,7.6,4.4,25
2007-09-16,11.4,21.7,71,6.10,332,1.64,8.0,11.4,4.8,27
2007-09-17,6.9,11.3,73,2.30,296,1.80,1.0,8.8,5.5,35
2007-09-18,7.3,11.2,62,0.00,345,1.96,0.0,10.2,4.3,35
2007-09-19,5.4,11.9,66,1.60,331,2.19,2.0,13.1,7.6,35
2007-09-20,7.6,12.4,77,8.10,169,1.74,17.0,11.1,8.3,35
2007-09-21,7.3,12.5,80,4.40,142,1.09,8.0,17.6,10.5,43
2007-09-22,5.6,10.6,83,4.10,136,1.65,6.0,12.7,5.0,52
2007-09-23,5.6,10.6,80,0.80,320,1.68,5.0,7.6,3.7,47
2007-09-24,6.0,11.0,72,0.90,134,1.34,3.0,14.8,10.0,46
2007-09-25,7.7,13.4,75,4.10,171,1.75,13.0,13.3,7.1,40
2007-09-26,10.0,14.1,64,1.20,239,1.99,5.0,9.8,6.2,38
2007-09-27,9.1,13.4,70,6.70,145,1.33,8.0,17.8,11.8,47
2007-09-28,4.3,7.7,78,1.80,334,1.36,6.0,12.8,7.0,37
2007-09-29,2.7,7.4,66,1.30,135,0.99,3.0,18.2,10.0,38
2007-09-30,3.0,6.2,96,11.30,136,0.49,23.0,18.8,17.2,86
2007-10-01,5.6,11.8,87,4.70,152,1.26,15.0,14.0,9.5,46
2007-10-02,5.8,9.8,74,7.40,163,1.66,12.0,16.3,10.1,42
2007-10-03,3.1,9.1,77,0.30,144,1.44,1.0,7.8,6.1,43
2007-10-04,2.2,6.0,83,0.20,77,0.95,2.0,6.4,3.4,56
2007-10-05,2.1,7.1,78,0.00,160,1.21,0.0,14.2,5.7,45
2007-10-06,4.1,10.3,75,1.50,145,1.44,6.0,12.7,10.3,50
2007-10-07,6.4,9.9,84,15.50,148,0.81,16.0,26.0,21.0,58
2007-10-08,1.5,7.4,84,0.40,136,1.10,1.0,7.4,5.4,41
2007-10-09,4.1,12.6,64,0.00,91,1.34,0.0,18.5,8.9,42
2007-10-10,9.1,13.0,64,0.00,139,1.88,0.0,19.6,15.5,46
2007-10-11,5.4,12.2,66,0.10,150,1.54,1.0,8.7,6.6,38
2007-10-12,4.5,9.4,74,0.00,109,1.29,0.0,7.9,4.5,43
2007-10-13,4.4,9.4,78,1.20,128,0.94,4.0,16.9,11.2,51
2007-10-14,7.0,12.4,69,0.00,137,1.48,0.0,16.1,14.1,50
2007-10-15,9.3,13.9,63,0.00,141,1.93,0.0,20.3,15.4,47
2007-10-16,8.1,12.4,75,1.10,136,1.29,5.0,16.6,14.3,53
2007-10-17,4.5,8.1,69,0.10,144,1.24,1.0,13.5,11.5,41
2007-10-18,2.8,7.3,66,0.00,135,1.19,0.0,20.3,13.7,44
2007-10-19,1.2,4.5,92,4.10,142,0.48,14.0,11.7,7.9,64
2007-10-20,1.8,7.0,80,0.00,132,0.97,0.0,11.2,8.4,50
2007-10-21,1.1,6.4,84,0.10,126,0.55,1.0,20.6,11.2,55
2007-10-22,4.1,10.4,87,7.40,133,0.62,18.0,18.1,16.2,67
2007-10-23,8.3,14.4,81,1.20,137,1.19,4.0,21.9,17.5,62
2007-10-24,9.0,13.3,69,2.20,171,1.59,6.0,24.6,17.0,34
2007-10-25,1.8,6.0,50,0.10,276,1.30,1.0,16.4,9.0,35
2007-10-26,0.9,4.8,68,0.00,179,0.91,0.0,9.2,5.6,41
2007-10-27,1.4,3.8,72,1.60,132,0.69,4.0,15.0,12.9,62
2007-10-28,1.7,4.1,96,6.00,128,0.26,12.0,12.6,11.4,85
2007-10-29,3.0,4.8,96,9.00,130,0.50,21.0,12.2,7.5,68
2007-10-30,-0.6,3.9,83,0.50,145,0.74,2.0,11.3,6.0,54
2007-10-31,1.7,6.9,68,0.30,135,0.96,2.0,16.3,13.5,46
2007-11-01,0.9,5.6,64,0.40,236,0.88,3.0,10.7,7.1,40
2007-11-02,-0.3,3.3,66,1.60,138,0.55,7.0,18.1,10.3,43
2007-11-03,-0.5,0.7,83,12.20,124,0.28,11.0,14.8,9.6,67
2007-11-04,-0.7,1.3,87,5.20,328,0.59,7.0,12.7,8.1,52
2007-11-05,-1.0,1.5,67,0.00,116,0.65,0.0,15.6,10.2,55
2007-11-06,0.0,1.5,82,4.20,127,0.43,11.0,14.6,11.4,60
2007-11-07,1.0,4.8,98,7.80,127,0.34,20.0,12.2,10.8,90
2007-11-08,0.2,4.0,98,1.40,108,0.28,5.0,11.3,5.3,91
2007-11-09,3.3,8.2,87,2.80,130,0.56,5.0,20.4,15.2,68
2007-11-10,3.6,6.7,71,2.30,158,0.99,5.0,19.4,15.4,34
2007-11-11,0.3,2.8,60,0.20,144,0.91,2.0,20.5,13.6,44
2007-11-12,2.2,5.0,69,5.00,145,1.13,13.0,31.9,24.7,60
2007-11-13,0.3,3.2,54,0.60,256,1.03,1.0,22.7,10.9,42
2007-11-14,-1.4,1.7,70,0.00,128,0.52,0.0,19.4,8.7,51
2007-11-15,0.8,3.6,67,3.70,137,0.98,10.0,24.1,19.6,56
2007-11-16,2.5,6.6,87,2.10,140,0.50,7.0,19.9,15.3,70
2007-11-17,0.2,4.8,88,0.00,128,0.42,0.0,18.9,10.4,67
2007-11-18,-1.0,1.9,73,3.50,191,0.54,7.0,16.2,7.9,48
2007-11-19,-3.5,-0.7,75,0.00,117,0.35,0.0,8.9,7.3,56
2007-11-20,-3.9,-1.4,74,0.00,101,0.38,0.0,4.5,2.9,49
2007-11-21,-4.8,-2.1,77,0.00,116,0.36,0.0,7.1,5.1,54
2007-11-22,-5.6,-1.7,78,0.00,108,0.38,0.0,7.6,5.7,52
2007-11-23,-4.8,-1.3,78,0.00,121,0.35,0.0,9.4,7.3,57
2007-11-24,-2.5,-0.2,70,3.50,136,0.48,10.0,11.8,9.8,63
2007-11-25,-4.1,-1.4,79,0.40,150,0.32,2.0,7.1,4.7,64
2007-11-26,-4.4,-2.3,76,3.30,128,0.37,10.0,16.3,12.8,70
2007-11-27,-3.5,-1.9,83,6.40,288,0.30,15.0,11.0,7.7,62
2007-11-28,-8.1,-2.5,87,0.00,113,0.22,0.0,10.0,7.6,69
2007-11-29,-9.3,-5.8,88,0.00,16,0.17,0.0,8.1,6.0,74
2007-11-30,-12.9,-8.6,83,0.00,5,0.17,0.0,6.7,4.9,66
2007-12-01,-19.2,-14.6,79,0.00,6,0.13,0.0,10.4,4.4,66
2007-12-02,-16.5,-7.6,78,1.00,47,0.18,6.0,7.9,5.8,65
2007-12-03,-11.9,-7.4,82,10.80,357,0.12,15.0,7.9,6.3,79
2007-12-04,-1.5,4.7,90,5.30,102,0.26,13.0,14.2,6.6,82
2007-12-05,-11.9,0.5,79,1.40,329,0.19,7.0,13.4,9.9,64
2007-12-06,-20.6,-14.8,76,0.00,29,0.12,0.0,7.6,4.9,62
2007-12-07,-22.4,-16.5,73,0.00,23,0.13,0.0,8.3,5.0,53
2007-12-08,-23.1,-15.2,74,0.00,82,0.12,0.0,10.3,6.6,61
2007-12-09,-14.8,-8.0,75,2.90,119,0.20,9.0,10.7,9.2,68
2007-12-10,-12.5,-8.2,84,0.30,89,0.14,3.0,8.7,6.2,77
2007-12-11,-6.8,-3.6,75,0.50,131,0.34,4.0,17.4,13.4,66
2007-12-12,-6.9,-3.3,79,2.50,144,0.28,7.0,16.8,7.9,61
2007-12-13,-9.0,-6.2,83,1.70,128,0.18,6.0,10.8,9.3,72
2007-12-14,-11.6,-4.0,83,0.00,120,0.18,0.0,15.8,11.1,72
2007-12-15,-3.0,-0.8,79,1.40,136,0.43,8.0,19.7,17.0,74
2007-12-16,-4.1,0.1,85,0.20,128,0.30,1.0,24.0,16.6,67
2007-12-17,-2.9,-0.4,79,1.30,141,0.46,3.0,23.0,16.5,69
2007-12-18,-7.0,-4.4,80,0.10,132,0.29,1.0,18.6,15.4,72
2007-12-19,-7.0,-1.6,88,0.80,120,0.18,5.0,16.6,11.4,78
2007-12-20,-7.0,-2.4,83,1.00,152,0.23,6.0,16.8,10.2,55
2007-12-21,-17.9,-7.1,77,0.00,105,0.11,0.0,11.0,6.8,61
2007-12-22,-7.3,-3.6,71,1.20,132,0.51,6.0,22.1,19.0,68
2007-12-23,-6.3,-1.3,83,0.30,129,0.29,2.0,23.0,16.1,73
2007-12-24,-7.4,-2.0,83,1.30,136,0.18,8.0,16.6,9.3,71
2007-12-25,-8.8,-3.8,82,0.70,137,0.21,4.0,18.3,11.3,74
2007-12-26,-7.4,-4.4,87,2.80,133,0.17,8.0,14.3,8.4,72
2007-12-27,-12.2,-6.1,85,0.00,123,0.16,0.0,12.5,8.7,74
2007-12-28,-7.0,-5.1,82,1.00,130,0.22,7.0,12.9,11.7,76
2007-12-29,-13.1,-5.9,86,0.50,120,0.14,3.0,10.0,8.7,75
2007-12-30,-10.4,-6.7,85,2.60,116,0.14,11.0,10.7,7.5,80
2007-12-31,-11.8,-8.1,85,0.00,100,0.16,0.0,8.1,5.2,72
2008-01-01,-9.9,-3.6,74,0.60,121,0.37,3.0,23.2,14.5,59
2008-01-02,-3.5,-1.5,66,0.90,138,0.79,5.0,24.6,19.5,55
2008-01-03,-4.2,0.2,81,0.00,129,0.38,0.0,19.9,17.3,68
2008-01-04,-1.6,0.9,80,0.30,134,0.48,2.0,25.0,19.2,70
2008-01-05,-0.4,1.1,79,0.00,136,0.52,0.0,20.8,18.7,61
2008-01-06,-5.6,-0.2,84,0.50,137,0.30,4.0,18.4,10.1,65
2008-01-07,-12.7,-7.0,85,0.00,122,0.16,0.0,9.2,8.0,76
2008-01-08,-8.8,-3.8,79,1.20,124,0.33,5.0,16.2,14.0,68
2008-01-09,-8.0,-4.8,85,0.80,119,0.21,5.0,12.3,9.8,76
2008-01-10,-5.1,-2.4,83,3.30,132,0.32,10.0,18.8,14.6,75
2008-01-11,-5.3,-2.3,86,0.80,123,0.27,5.0,13.4,11.2,76
2008-01-12,-4.2,0.2,85,0.20,129,0.31,2.0,20.4,15.0,74
2008-01-13,-3.1,0.4,87,0.00,128,0.27,0.0,20.2,14.2,75
2008-01-14,-0.5,0.3,81,10.20,149,0.41,12.0,21.0,16.6,75
2008-01-15,-11.7,-3.4,71,1.20,322,0.34,3.0,16.0,7.6,54
2008-01-16,-10.1,-4.8,79,4.00,121,0.28,13.0,10.7,9.3,72
2008-01-17,-5.0,0.8,82,0.30,42,0.30,3.0,11.0,6.4,65
2008-01-18,-3.7,-0.6,87,1.90,83,0.21,9.0,9.8,6.9,80
2008-01-19,-3.6,-0.1,90,2.50,57,0.25,6.0,14.8,7.1,79
2008-01-20,-9.2,-0.9,79,0.00,344,0.30,0.0,14.1,10.4,58
2008-01-21,-16.7,-12.0,73,0.00,46,0.24,0.0,8.6,5.0,50
2008-01-22,-16.6,-10.4,70,0.00,88,0.27,0.0,7.2,4.6,50
2008-01-23,-17.3,-10.2,73,0.00,115,0.28,0.0,11.9,9.6,57
2008-01-24,-12.7,-7.1,73,0.00,101,0.32,0.0,11.3,7.2,53
2008-01-25,-15.4,-9.5,75,0.00,115,0.24,0.0,11.3,7.1,59
2008-01-26,-8.3,-4.8,73,1.10,131,0.40,8.0,15.6,13.7,65
2008-01-27,-10.3,-5.4,82,1.60,79,0.19,8.0,18.7,10.7,67
2008-01-28,-27.7,-19.8,66,0.00,315,0.17,0.0,17.8,11.5,44
2008-01-29,-24.9,-16.3,65,0.30,84,0.18,3.0,7.9,5.3,49
2008-01-30,-19.0,-12.1,74,0.20,105,0.20,2.0,10.9,6.1,62
2008-01-31,-11.0,-6.1,78,2.40,111,0.30,13.0,12.8,8.5,64
2008-02-01,-12.5,-8.4,78,0.00,41,0.27,0.0,4.2,2.7,63
2008-02-02,-16.0,-8.9,78,0.00,94,0.31,0.0,8.0,6.0,59
2008-02-03,-15.9,-9.2,78,0.00,2,0.26,0.0,9.4,5.7,62
2008-02-04,-16.1,-9.8,77,0.00,108,0.24,0.0,10.7,7.2,62
2008-02-05,-7.2,-1.0,74,2.60,131,0.57,11.0,24.5,17.8,65
2008-02-06,-6.6,-1.2,69,0.10,175,0.52,1.0,22.1,10.7,50
2008-02-07,-5.2,-1.8,79,5.50,142,0.47,17.0,18.7,13.4,60
2008-02-08,-6.4,-2.0,68,1.40,269,0.57,6.0,13.8,9.0,44
2008-02-09,-12.7,-5.3,77,4.70,347,0.22,11.0,10.8,7.0,63
2008-02-10,-7.1,-0.4,82,4.10,115,0.39,9.0,15.7,9.3,64
2008-02-11,-5.3,-0.9,83,5.00,126,0.35,7.0,15.0,9.8,69
2008-02-12,-0.9,2.8,88,3.20,129,0.49,10.0,16.4,12.3,72
2008-02-13,-2.5,1.8,79,1.00,289,0.60,3.0,10.0,6.2,57
2008-02-14,-4.5,0.1,83,5.20,133,0.31,11.0,11.2,7.8,61
2008-02-15,-0.6,2.5,87,1.60,135,0.43,7.0,18.1,13.1,74
2008-02-16,-3.3,1.9,78,0.00,274,0.70,0.0,13.8,7.4,49
2008-02-17,-6.2,-1.0,76,0.00,85,0.68,0.0,8.8,6.3,62
2008-02-18,-7.2,0.8,74,0.00,110,0.78,0.0,10.0,8.3,52
2008-02-19,-4.7,2.4,72,0.00,118,0.93,0.0,10.9,10.0,52
2008-02-20,-4.6,2.5,76,0.00,114,0.88,0.0,8.9,7.8,58
2008-02-21,-4.4,2.1,79,0.00,116,0.86,0.0,9.8,8.4,63
2008-02-22,-3.6,2.0,76,0.00,91,0.85,0.0,6.5,3.7,59
2008-02-23,-3.0,3.0,78,0.00,106,0.87,0.0,6.9,4.8,55
2008-02-24,-2.5,3.8,77,0.00,16,0.95,0.0,6.7,4.3,57
2008-02-25,-4.2,2.9,79,0.00,109,0.95,0.0,9.9,6.4,59
2008-02-26,-3.3,3.7,80,0.00,124,0.80,0.0,17.8,11.4,61
2008-02-27,1.3,5.1,80,0.80,139,1.06,4.0,18.3,12.7,59
2008-02-28,-0.2,4.2,77,0.00,360,0.96,0.0,10.8,6.2,55
2008-02-29,1.3,5.8,76,0.00,132,0.93,0.0,19.9,14.7,59
2008-03-01,-0.8,5.3,75,2.10,173,0.85,4.0,19.5,10.8,45
2008-03-02,-4.0,1.8,70,0.00,198,0.89,0.0,11.8,8.1,47
2008-03-03,-1.4,0.4,83,13.20,140,0.52,22.0,16.1,13.5,59
2008-03-04,-0.8,2.1,81,3.80,309,0.93,9.0,18.2,10.6,46
2008-03-05,-2.8,2.6,74,0.00,96,1.20,0.0,7.1,3.4,50
2008-03-06,-3.3,4.2,74,0.00,118,1.22,0.0,10.9,8.7,51
2008-03-07,-1.1,5.9,78,0.00,126,1.35,0.0,12.4,8.2,47
2008-03-08,1.2,5.0,76,0.90,137,1.42,5.0,12.2,7.7,53
2008-03-09,0.3,4.8,77,0.60,136,1.11,4.0,19.4,12.8,55
2008-03-10,1.2,5.9,79,0.10,128,1.01,1.0,21.7,13.7,63
2008-03-11,2.8,5.8,75,0.00,148,1.35,0.0,21.2,17.7,45
2008-03-12,-1.5,4.7,66,0.10,244,1.34,1.0,12.8,7.7,41
2008-03-13,-3.4,2.5,70,0.00,73,1.32,0.0,5.0,3.1,45
2008-03-14,-2.0,2.3,72,0.30,4,1.27,3.0,4.7,2.9,45
2008-03-15,-2.4,2.0,72,0.00,344,1.33,0.0,9.2,5.2,55
2008-03-16,-4.2,2.5,78,1.10,201,0.91,4.0,17.3,10.2,50
2008-03-17,-2.4,2.9,78,1.50,148,1.24,5.0,16.3,10.1,47
2008-03-18,-2.5,2.4,72,0.00,152,1.36,0.0,9.8,6.1,43
2008-03-19,-2.9,2.7,71,0.40,137,1.31,2.0,10.0,7.6,45
2008-03-20,-2.3,3.0,76,0.00,133,1.48,0.0,10.9,7.2,50
2008-03-21,-2.6,2.8,75,0.20,135,1.48,1.0,10.2,8.5,44
2008-03-22,-3.7,3.4,71,0.00,136,1.50,0.0,20.1,11.7,45
2008-03-23,1.0,3.5,55,1.30,144,2.04,2.0,22.7,18.5,31
2008-03-24,-2.1,2.5,63,0.20,232,1.51,2.0,13.7,7.6,41
2008-03-25,-4.7,1.9,70,0.00,141,1.52,0.0,15.0,9.9,37
2008-03-26,-2.8,1.7,67,0.20,125,1.23,1.0,15.0,11.0,40
2008-03-27,-4.4,0.9,74,1.20,174,1.34,5.0,11.0,7.1,41
2008-03-28,-5.1,0.7,68,0.30,115,1.61,2.0,9.7,6.6,34
2008-03-29,-6.5,0.3,70,0.20,343,1.57,1.0,11.2,7.6,36
2008-03-30,-6.3,-0.2,61,0.10,340,1.65,1.0,11.2,5.6,35
2008-03-31,-4.6,-0.2,59,0.00,337,1.65,0.0,8.0,5.2,39
2008-04-01,-6.4,-0.6,64,0.50,148,1.16,4.0,8.2,6.0,39
2008-04-02,-3.7,4.4,73,0.00,130,1.59,0.0,6.8,4.9,48
2008-04-03,-0.6,3.9,76,0.80,110,1.17,4.0,5.8,2.8,55
2008-04-04,-0.2,5.1,77,0.00,355,1.91,0.0,8.8,4.3,41
2008-04-05,-0.7,5.1,68,0.00,0,1.91,0.0,8.7,5.1,43
2008-04-06,0.4,6.0,72,0.00,136,1.98,0.0,11.6,7.9,45
2008-04-07,-0.2,5.6,72,0.00,151,2.19,0.0,8.9,7.4,46
2008-04-08,-0.7,5.2,71,0.00,148,1.67,0.0,12.1,7.5,48
2008-04-09,-1.5,3.0,75,0.60,276,1.76,1.0,7.8,5.0,40
2008-04-10,-1.0,5.2,69,0.40,170,1.96,3.0,10.3,6.7,37
2008-04-11,0.6,5.4,70,3.00,141,1.18,10.0,13.0,7.4,34
2008-04-12,4.1,14.0,76,0.10,126,2.31,1.0,20.3,13.1,45
2008-04-13,5.7,13.6,68,6.50,138,2.41,8.0,21.7,11.8,36
2008-04-14,-0.3,8.1,57,0.00,320,2.24,0.0,12.2,8.9,35
2008-04-15,-0.7,4.3,56,0.30,293,1.85,3.0,15.3,10.3,33
2008-04-16,1.3,10.2,62,2.00,193,1.95,5.0,13.3,6.7,40
2008-04-17,2.2,10.0,60,0.20,257,2.30,2.0,12.7,9.7,40
2008-04-18,-1.6,4.5,65,1.00,340,1.35,7.0,24.2,14.4,43
2008-04-19,-7.3,-3.4,49,0.00,2,1.63,0.0,21.8,14.7,35
2008-04-20,-7.4,-1.4,47,0.00,354,1.94,0.0,15.2,9.1,34
2008-04-21,-6.7,-1.2,50,0.50,353,1.48,3.0,16.0,10.8,33
2008-04-22,-4.5,2.3,54,0.50,4,2.21,4.0,13.4,7.0,29
2008-04-23,-2.0,4.4,45,0.00,21,2.66,0.0,7.7,6.0,33
2008-04-24,-0.5,4.0,52,0.40,340,2.07,1.0,10.4,6.7,32
2008-04-25,-0.8,5.7,64,0.30,293,2.45,3.0,10.8,7.2,32
2008-04-26,1.8,11.8,55,0.00,126,3.24,0.0,15.1,9.1,30
2008-04-27,6.0,12.0,52,0.00,131,2.92,0.0,17.2,14.0,30
2008-04-28,4.8,11.5,71,0.20,131,2.45,1.0,17.6,12.0,43
2008-04-29,1.9,7.5,87,9.20,134,1.41,20.0,13.6,7.2,66
2008-04-30,0.6,4.2,75,2.90,275,1.57,11.0,12.6,7.9,49
2008-05-01,2.2,7.6,74,4.10,167,1.88,14.0,12.0,6.8,40
2008-05-02,3.9,11.5,58,0.00,126,3.36,0.0,17.9,12.7,34
2008-05-03,4.9,11.4,75,2.80,347,1.59,9.0,14.3,8.1,35
2008-05-04,6.0,12.3,61,0.00,28,2.77,0.0,9.3,3.0,30
2008-05-05,7.3,13.7,62,0.10,18,3.22,1.0,5.2,3.7,34
2008-05-06,6.6,13.5,68,1.20,329,3.32,7.0,8.4,5.1,35
2008-05-07,4.6,11.5,61,0.50,318,2.97,4.0,12.7,8.2,30
2008-05-08,3.3,9.1,69,2.60,313,2.32,11.0,13.2,7.8,33
2008-05-09,4.9,11.1,72,1.30,151,2.92,5.0,12.4,6.0,40
2008-05-10,6.4,11.5,62,0.60,132,2.73,4.0,10.1,8.3,38
2008-05-11,4.9,11.3,86,12.80,293,1.52,21.0,14.9,7.5,46
2008-05-12,5.6,12.7,65,0.40,322,2.95,2.0,11.5,6.2,32
2008-05-13,5.9,12.8,74,5.60,160,1.53,14.0,11.9,7.7,32
2008-05-14,5.2,8.8,94,4.20,133,0.94,17.0,12.1,8.8,85
2008-05-15,9.6,22.7,79,0.30,127,3.93,1.0,10.7,9.0,28
2008-05-16,14.3,23.0,58,0.00,37,4.83,0.0,9.2,4.4,26
2008-05-17,16.1,26.4,54,0.00,124,5.21,0.0,12.3,9.3,25
2008-05-18,15.9,26.1,58,1.80,297,4.09,2.0,14.2,8.7,27
2008-05-19,12.0,17.1,64,0.80,109,2.88,3.0,15.9,7.7,42
2008-05-20,10.3,16.2,75,6.60,135,2.10,11.0,13.9,9.3,48
2008-05-21,7.8,13.4,74,4.90,292,2.91,12.0,13.6,7.2,42
2008-05-22,8.6,13.6,60,0.90,315,3.57,5.0,11.3,8.2,42
2008-05-23,9.9,15.4,62,0.20,352,3.43,1.0,14.9,12.7,42
2008-05-24,11.0,19.5,62,0.00,348,3.87,0.0,14.3,9.4,37
2008-05-25,12.6,19.2,63,0.00,357,3.66,0.0,8.2,6.7,39
2008-05-26,12.2,17.5,62,0.00,71,3.78,0.0,13.5,6.4,37
2008-05-27,12.1,19.8,60,0.10,135,4.39,1.0,13.0,8.9,39
2008-05-28,13.7,19.7,65,0.50,191,4.15,2.0,7.6,4.4,39
2008-05-29,11.6,18.0,73,2.40,275,3.96,6.0,7.6,3.4,39
2008-05-30,11.6,17.5,62,0.30,304,3.99,2.0,8.4,6.0,31
2008-05-31,13.3,20.2,55,0.00,315,4.52,0.0,7.3,3.9,32
2008-06-01,14.6,21.7,57,0.90,360,4.80,1.0,9.3,5.6,28
2008-06-02,11.6,17.1,73,0.70,166,2.26,1.0,14.7,9.1,57
2008-06-03,10.7,15.1,63,0.10,157,3.37,1.0,14.3,7.1,37
2008-06-04,11.0,16.0,58,0.10,307,3.81,1.0,10.5,7.7,37
2008-06-05,9.8,16.0,69,2.90,148,2.59,13.0,9.7,5.0,43
2008-06-06,6.5,11.8,93,13.60,180,1.83,22.0,12.8,6.1,62
2008-06-07,8.6,14.2,66,1.20,286,2.74,5.0,10.4,8.0,35
2008-06-08,8.8,13.6,58,0.20,292,3.86,1.0,9.2,6.6,37
2008-06-09,8.5,13.3,64,0.60,99,3.44,3.0,6.9,5.0,37
2008-06-10,9.1,14.8,65,3.80,337,3.30,7.0,14.5,10.0,46
2008-06-11,10.7,17.6,62,0.20,324,4.20,2.0,13.8,9.6,35
2008-06-12,12.3,18.0,57,0.50,258,3.79,2.0,15.2,5.4,30
2008-06-13,8.2,12.5,78,4.70,289,3.14,11.0,11.3,6.9,42
2008-06-14,7.8,12.4,67,2.70,270,2.66,14.0,11.4,5.3,41
2008-06-15,10.1,16.7,71,0.90,350,3.71,4.0,11.2,3.7,45
2008-06-16,11.0,17.9,73,1.00,342,4.03,2.0,10.7,4.3,39
2008-06-17,11.0,18.0,72,0.60,325,3.87,3.0,8.5,5.3,39
2008-06-18,8.0,14.7,79,1.70,322,2.54,11.0,9.0,4.7,45
2008-06-19,8.7,14.7,66,0.00,153,3.57,0.0,14.7,5.9,35
2008-06-20,12.1,19.1,60,0.00,139,4.13,0.0,14.8,10.7,36
2008-06-21,14.7,20.7,56,0.20,123,3.96,1.0,18.4,10.6,34
2008-06-22,14.1,20.6,54,0.40,169,4.85,3.0,17.3,11.0,25
2008-06-23,12.6,17.8,41,0.00,318,5.00,0.0,12.3,7.9,25
2008-06-24,12.7,17.3,53,0.00,215,4.12,0.0,9.5,5.7,31
2008-06-25,11.6,17.3,58,0.50,305,4.06,2.0,8.5,6.3,26
2008-06-26,11.1,17.5,58,2.00,319,2.88,8.0,12.3,7.2,27
2008-06-27,12.6,19.3,64,0.00,172,3.34,0.0,6.5,5.2,42
2008-06-28,17.2,27.2,63,0.00,142,5.29,0.0,8.8,6.7,29
2008-06-29,20.0,27.6,52,0.00,329,5.72,0.0,11.4,4.8,28
2008-06-30,21.3,28.6,54,0.00,350,5.86,0.0,10.0,6.5,24
2008-07-01,21.9,28.9,48,0.00,351,5.75,0.0,10.0,6.0,23
2008-07-02,21.7,29.3,52,0.70,121,5.85,1.0,7.8,6.1,22
2008-07-03,20.7,28.8,56,0.60,159,4.68,1.0,13.9,6.4,24
2008-07-04,18.3,23.5,57,0.00,155,4.70,0.0,11.4,8.5,29
2008-07-05,17.5,23.4,53,1.20,182,4.55,1.0,13.7,8.0,29
2008-07-06,14.9,20.5,63,4.50,282,3.99,15.0,11.3,5.6,39
2008-07-07,13.1,18.0,57,0.10,313,3.29,1.0,10.0,6.1,41
2008-07-08,14.0,20.6,68,3.00,171,3.40,6.0,8.4,6.3,41
2008-07-09,14.3,21.0,54,0.00,324,4.09,0.0,11.3,8.3,32
2008-07-10,10.1,16.9,55,0.00,308,3.82,0.0,17.4,11.3,30
2008-07-11,12.0,20.5,48,0.00,295,4.49,0.0,16.9,6.3,26
2008-07-12,16.0,23.0,53,0.00,124,4.30,0.0,7.1,4.7,29
2008-07-13,16.3,22.7,55,0.20,322,4.62,2.0,10.7,6.0,31
2008-07-14,13.5,20.9,56,0.50,313,4.22,2.0,11.5,6.3,24
2008-07-15,15.2,20.5,51,0.00,353,4.78,0.0,8.0,4.6,24
2008-07-16,15.3,22.6,56,0.00,34,4.70,0.0,8.6,4.6,27
2008-07-17,16.1,22.6,49,0.30,304,4.72,1.0,11.8,7.0,27
2008-07-18,13.0,18.3,58,0.20,315,3.50,2.0,10.4,7.4,32
2008-07-19,15.2,22.4,52,0.00,167,4.44,0.0,8.6,5.1,29
2008-07-20,17.8,25.5,53,0.00,187,4.46,0.0,16.5,8.1,26
2008-07-21,18.0,25.4,51,0.10,287,4.50,1.0,13.9,7.5,26
2008-07-22,14.4,20.3,40,0.00,334,5.31,0.0,14.3,10.8,23
2008-07-23,15.4,22.5,39,0.00,348,5.34,0.0,10.0,7.7,22
2008-07-24,16.8,24.7,45,0.00,329,5.25,0.0,8.9,5.0,21
2008-07-25,19.4,27.8,42,0.00,125,5.66,0.0,12.8,7.7,16
2008-07-26,19.3,27.3,36,0.00,189,5.49,0.0,12.8,7.2,16
2008-07-27,15.4,22.4,61,0.20,298,3.60,1.0,10.8,7.2,30
2008-07-28,13.1,21.2,72,0.70,147,3.55,3.0,16.1,7.7,26
2008-07-29,13.5,21.0,68,8.20,139,1.71,9.0,15.6,10.3,28
2008-07-30,11.3,15.8,75,9.10,226,3.35,12.0,16.0,8.9,39
2008-07-31,11.0,15.6,62,0.10,118,2.85,1.0,10.0,4.5,35
2008-08-01,8.8,13.8,87,7.40,155,1.79,22.0,9.6,7.5,57
2008-08-02,11.7,17.9,69,0.10,173,3.81,1.0,8.1,4.6,39
2008-08-03,13.1,19.5,65,0.00,329,3.81,0.0,8.2,5.0,35
2008-08-04,15.5,23.7,57,0.00,127,4.38,0.0,7.6,4.7,27
2008-08-05,17.5,25.1,54,0.00,27,4.74,0.0,8.0,4.0,27
2008-08-06,19.6,28.6,55,0.00,118,5.05,0.0,10.4,5.3,21
2008-08-07,20.5,28.7,48,0.00,124,5.20,0.0,10.1,6.9,21
2008-08-08,20.3,27.7,52,0.00,131,5.14,0.0,14.9,8.6,25
2008-08-09,17.6,27.1,59,2.20,136,3.37,4.0,13.0,10.3,25
2008-08-10,11.4,15.6,74,11.00,195,1.91,14.0,13.6,8.6,51
2008-08-11,10.7,19.0,83,19.70,202,2.38,14.0,10.7,6.7,38
2008-08-12,13.8,20.8,67,0.00,126,3.49,0.0,11.3,7.5,40
2008-08-13,15.9,22.4,65,0.00,334,3.28,0.0,5.8,3.9,38
2008-08-14,18.6,27.6,64,0.00,81,4.27,0.0,5.7,3.5,34
2008-08-15,20.9,28.8,65,0.00,114,4.17,0.0,9.5,5.8,32
2008-08-16,21.0,28.8,61,0.10,120,4.38,1.0,7.4,3.9,28
2008-08-17,21.6,28.7,56,0.00,122,4.62,0.0,12.7,6.5,24
2008-08-18,20.3,28.9,55,1.80,140,4.05,2.0,14.9,10.0,25
2008-08-19,17.3,21.3,76,0.90,138,2.88,6.0,11.5,8.8,50
2008-08-20,14.7,19.3,69,5.10,138,3.20,10.0,15.6,12.8,33
2008-08-21,11.9,18.1,67,2.60,321,2.49,14.0,10.9,5.6,36
2008-08-22,12.4,19.3,67,0.00,163,2.92,0.0,13.3,7.4,34
2008-08-23,15.3,23.6,57,0.80,128,3.47,2.0,15.7,10.3,35
2008-08-24,17.6,23.8,52,0.10,138,3.75,1.0,23.0,17.5,35
2008-08-25,11.9,17.2,58,4.50,185,3.18,8.0,15.4,6.6,32
2008-08-26,10.1,15.6,56,0.20,223,2.92,1.0,14.4,6.5,28
2008-08-27,9.1,15.2,72,7.80,169,2.39,16.0,15.3,11.3,30
2008-08-28,10.9,15.2,68,6.30,179,2.40,14.0,9.2,7.1,47
2008-08-29,11.1,15.1,83,14.50,163,1.42,20.0,16.8,7.0,49
2008-08-30,7.2,12.4,72,0.70,288,2.24,4.0,12.1,4.4,46
2008-08-31,7.4,12.0,75,0.60,313,2.27,4.0,13.0,6.2,50
2008-09-01,8.5,14.2,69,0.10,316,2.63,1.0,12.5,5.2,36
2008-09-02,9.9,14.2,64,0.70,125,1.92,3.0,7.3,4.7,37
2008-09-03,7.8,13.0,78,0.50,334,1.99,4.0,7.9,4.3,38
2008-09-04,10.0,14.6,62,0.00,323,2.19,0.0,6.5,3.5,40
2008-09-05,10.7,14.2,78,2.30,315,1.96,9.0,7.7,4.6,47
2008-09-06,11.0,14.6,70,0.00,333,2.31,0.0,12.3,5.8,43
2008-09-07,10.5,16.8,65,0.00,352,2.81,0.0,12.3,5.7,37
2008-09-08,11.3,16.7,68,0.00,129,2.13,0.0,8.7,5.4,38
2008-09-09,10.4,16.6,67,0.00,331,2.63,0.0,14.7,9.4,40
2008-09-10,10.1,18.6,61,0.00,123,2.87,0.0,11.3,6.4,31
2008-09-11,13.5,21.5,60,0.00,133,2.89,0.0,11.4,7.8,31
2008-09-12,12.2,20.4,63,0.20,323,2.68,2.0,14.2,10.1,36
2008-09-13,9.1,16.5,61,0.00,109,2.59,0.0,11.9,6.5,32
2008-09-14,10.9,19.4,65,0.00,114,2.86,0.0,6.8,5.3,32
2008-09-15,12.9,21.9,66,0.00,104,2.91,0.0,7.2,5.2,32
2008-09-16,14.8,23.1,65,0.00,102,3.03,0.0,9.0,5.3,31
2008-09-17,15.0,23.2,59,0.00,127,3.23,0.0,10.4,7.8,28
2008-09-18,15.8,23.1,60,0.00,100,2.87,0.0,7.3,4.1,29
2008-09-19,15.3,23.1,65,0.00,88,2.87,0.0,7.5,4.9,31
2008-09-20,13.6,22.9,66,0.00,27,2.27,0.0,11.0,7.3,37
2008-09-21,10.2,13.1,75,0.70,332,1.24,5.0,7.7,5.8,46
2008-09-22,7.2,12.7,64,1.20,302,1.66,5.0,13.0,8.9,31
2008-09-23,5.5,10.9,58,0.00,246,1.90,0.0,9.7,4.3,28
2008-09-24,7.3,13.4,56,0.00,115,1.80,0.0,16.6,9.8,28
2008-09-25,7.0,11.7,85,5.50,131,0.94,9.0,14.3,8.9,55
2008-09-26,7.1,12.6,82,0.00,112,1.29,0.0,18.4,8.0,50
2008-09-27,8.6,12.8,65,1.20,147,2.14,4.0,17.3,10.3,35
2008-09-28,8.1,15.6,65,0.00,122,1.79,0.0,14.2,6.9,37
2008-09-29,11.5,19.9,60,0.00,124,2.63,0.0,11.9,10.0,33
2008-09-30,12.1,21.7,66,0.00,111,2.51,0.0,12.0,8.0,33
2008-10-01,15.0,23.1,55,0.00,119,3.01,0.0,12.7,10.2,33
2008-10-02,15.4,22.2,55,0.00,126,3.01,0.0,22.2,12.8,36
2008-10-03,12.8,19.2,65,0.80,141,2.43,2.0,21.5,15.4,41
2008-10-04,10.8,15.7,72,0.60,117,1.50,3.0,19.2,11.0,49
2008-10-05,8.1,14.4,74,8.30,177,1.54,8.0,17.4,10.3,33
2008-10-06,5.2,9.6,67,0.10,147,1.57,1.0,18.1,9.2,36
2008-10-07,6.3,9.5,66,4.20,152,1.43,9.0,23.8,18.1,26
2008-10-08,3.8,8.6,49,0.00,253,1.79,0.0,13.6,8.0,29
2008-10-09,1.3,6.7,66,0.00,121,1.07,0.0,9.9,6.5,29
2008-10-10,0.1,3.9,79,0.00,326,0.98,0.0,10.0,8.1,49
2008-10-11,-0.7,3.1,81,1.30,125,0.52,5.0,10.2,6.9,54
2008-10-12,2.9,9.4,77,0.10,128,0.81,1.0,10.0,8.1,62
2008-10-13,5.5,9.4,88,4.70,128,0.82,9.0,13.0,6.0,65
2008-10-14,1.8,7.0,63,2.30,266,1.18,4.0,13.2,6.4,33
2008-10-15,1.3,6.0,69,0.00,120,1.21,0.0,9.2,6.3,38
2008-10-16,1.4,5.5,68,0.00,125,1.02,0.0,15.7,10.7,48
2008-10-17,4.0,9.0,93,7.10,133,0.90,15.0,18.9,13.6,69
2008-10-18,2.0,6.7,81,0.00,304,1.12,0.0,11.4,3.8,31
2008-10-19,1.1,6.4,66,0.00,114,1.17,0.0,15.1,8.1,35
2008-10-20,1.6,3.8,73,5.00,137,0.72,9.0,16.3,13.6,44
2008-10-21,0.1,5.9,79,0.30,184,0.95,2.0,10.5,6.5,41
2008-10-22,4.8,11.3,54,0.40,139,2.05,2.0,26.3,19.9,41
2008-10-23,4.0,10.0,63,2.00,176,1.43,4.0,25.7,10.4,37
2008-10-24,3.8,8.9,65,0.00,145,1.18,0.0,17.9,13.2,44
2008-10-25,2.7,8.5,48,0.00,283,1.64,0.0,24.3,14.9,22
2008-10-26,0.2,4.7,49,0.00,119,1.16,0.0,14.6,8.7,29
2008-10-27,1.7,8.4,54,0.00,131,1.46,0.0,13.5,12.2,37
2008-10-28,4.8,12.4,57,0.00,130,1.68,0.0,16.4,13.9,43
2008-10-29,4.0,10.1,78,3.00,135,0.61,5.0,16.5,12.5,55
2008-10-30,1.1,6.8,95,1.80,66,0.47,7.0,8.9,4.5,73
2008-10-31,5.5,8.5,80,0.80,123,0.64,2.0,15.9,12.3,75
2008-11-01,5.7,10.8,87,0.10,130,0.80,1.0,17.1,13.8,62
2008-11-02,7.4,9.9,77,0.00,139,1.00,0.0,19.5,17.5,68
2008-11-03,2.8,8.6,80,0.70,143,0.70,2.0,13.7,10.8,57
2008-11-04,-0.1,3.6,83,0.20,353,0.41,1.0,10.5,5.6,64
2008-11-05,-1.7,2.3,87,2.50,177,0.56,8.0,9.8,6.7,57
2008-11-06,-1.1,1.0,76,4.30,127,0.50,6.0,22.9,14.7,61
2008-11-07,1.0,6.0,87,4.40,129,0.62,5.0,18.6,13.2,74
2008-11-08,3.5,6.7,93,3.50,130,0.33,14.0,16.8,15.0,81
2008-11-09,3.4,6.1,94,2.10,137,0.40,10.0,13.5,11.2,81
2008-11-10,2.7,5.6,90,2.60,131,0.42,4.0,14.0,9.5,66
2008-11-11,1.1,5.3,82,3.30,126,0.52,8.0,17.6,13.0,64
2008-11-12,3.0,9.5,83,3.10,148,0.87,6.0,23.2,17.1,44
2008-11-13,1.2,7.2,59,2.20,278,1.03,7.0,20.2,12.3,37
2008-11-14,-1.4,1.0,62,3.20,139,0.54,6.0,20.5,9.7,43
2008-11-15,0.5,2.7,80,4.20,132,0.62,9.0,20.9,11.8,57
2008-11-16,0.1,1.7,100,8.50,85,0.17,22.0,4.9,4.0,98
2008-11-17,2.9,7.1,93,6.00,126,0.38,8.0,18.1,13.1,74
2008-11-18,1.2,5.6,81,0.00,137,0.56,0.0,14.3,8.2,46
2008-11-19,-2.2,1.1,77,0.00,75,0.41,0.0,7.2,4.8,58
2008-11-20,-4.3,3.9,61,0.00,119,0.81,0.0,16.6,12.3,40
2008-11-21,-1.2,2.5,76,0.10,138,0.60,1.0,27.0,15.4,47
2008-11-22,-0.1,2.2,70,0.70,161,0.78,3.0,27.0,13.2,50
2008-11-23,-1.9,1.1,69,0.00,128,0.49,0.0,19.9,10.2,54
2008-11-24,0.7,2.3,62,1.30,138,0.96,3.0,20.7,17.6,55
2008-11-25,1.2,3.3,71,1.40,136,0.68,5.0,17.4,14.1,63
2008-11-26,-3.0,2.4,86,0.00,147,0.33,0.0,12.9,5.9,61
2008-11-27,-1.5,1.7,63,0.00,131,0.77,0.0,17.1,14.1,51
2008-11-28,-2.0,-0.5,81,8.10,128,0.27,13.0,13.5,11.6,65
2008-11-29,-1.5,1.9,91,1.20,128,0.25,3.0,12.7,9.2,81
2008-11-30,0.4,3.6,91,1.70,125,0.29,6.0,17.1,11.3,81
2008-12-01,0.8,2.5,92,1.30,125,0.19,4.0,20.1,13.5,70
2008-12-02,-5.4,-1.1,66,0.00,329,0.36,0.0,8.4,6.7,60
2008-12-03,-6.9,-4.3,82,0.00,5,0.22,0.0,5.9,3.1,62
2008-12-04,-7.9,-3.0,80,0.00,129,0.28,0.0,13.3,8.6,54
2008-12-05,-2.6,-0.4,80,23.70,130,0.29,23.0,13.1,11.5,57
2008-12-06,0.5,2.0,92,25.10,131,0.20,21.0,11.4,10.1,84
2008-12-07,-1.2,0.8,93,10.80,142,0.21,11.0,10.4,5.3,76
2008-12-08,-3.8,-1.4,91,0.00,161,0.19,0.0,7.6,4.8,79
2008-12-09,-2.0,0.8,87,4.90,136,0.26,8.0,20.0,14.8,74
2008-12-10,-4.0,-0.2,90,0.00,135,0.23,0.0,15.3,9.7,78
2008-12-11,-7.5,-1.4,89,0.00,117,0.16,0.0,12.2,7.3,80
2008-12-12,-3.9,-2.3,91,9.50,106,0.14,17.0,12.7,8.9,86
2008-12-13,-13.8,-2.5,67,1.30,351,0.33,8.0,19.1,15.6,57
2008-12-14,-23.3,-19.6,74,0.00,349,0.10,0.0,11.3,7.7,62
2008-12-15,-26.0,-20.7,75,0.00,35,0.09,0.0,6.9,5.1,55
2008-12-16,-24.4,-18.0,74,0.00,98,0.09,0.0,12.1,7.5,63
2008-12-17,-18.7,-16.1,77,0.20,34,0.11,2.0,11.0,5.4,69
2008-12-18,-22.9,-18.5,74,0.00,3,0.10,0.0,9.9,8.2,59
2008-12-19,-26.8,-22.1,72,0.00,7,0.08,0.0,8.9,4.5,57
2008-12-20,-30.2,-24.2,69,0.00,87,0.07,0.0,8.7,5.7,54
2008-12-21,-27.5,-20.9,68,0.80,60,0.08,5.0,6.7,5.2,56
2008-12-22,-24.3,-21.5,72,0.00,356,0.11,0.0,10.1,7.4,58
2008-12-23,-26.7,-21.0,72,0.00,98,0.08,0.0,10.1,7.3,62
2008-12-24,-20.0,-11.6,73,0.00,122,0.19,0.0,14.0,12.5,67
2008-12-25,-14.0,-11.7,80,0.20,17,0.15,2.0,11.6,6.9,73
2008-12-26,-16.4,-9.9,80,1.70,116,0.15,3.0,22.2,10.7,68
2008-12-27,-7.1,-5.2,79,2.70,132,0.31,10.0,22.9,14.8,72
2008-12-28,-8.7,-5.7,88,0.20,95,0.16,1.0,10.6,4.2,80
2008-12-29,-8.1,-5.9,81,1.50,110,0.21,9.0,17.6,10.8,71
2008-12-30,-11.5,-7.2,85,1.30,103,0.15,7.0,16.1,8.8,70
2008-12-31,-6.2,-4.2,71,1.40,145,0.51,8.0,26.8,17.2,50
2009-01-01,-11.8,-5.9,75,0.70,132,0.19,6.0,10.1,7.1,63
2009-01-02,-18.8,-11.6,79,0.00,345,0.12,0.0,8.7,6.3,59
2009-01-03,-20.6,-13.9,75,1.20,116,0.15,6.0,13.2,10.3,63
2009-01-04,-13.1,-6.1,76,1.70,127,0.27,5.0,27.0,17.2,69
2009-01-05,-6.1,-4.1,76,2.50,138,0.48,12.0,28.0,18.2,68
2009-01-06,-8.2,-4.6,87,7.20,119,0.14,15.0,14.3,10.7,85
2009-01-07,-3.3,-0.3,89,17.30,127,0.23,21.0,14.6,11.8,80
2009-01-08,-3.7,-1.6,90,2.10,61,0.23,7.0,15.1,9.6,73
2009-01-09,-9.6,-5.3,82,0.20,119,0.21,2.0,15.9,11.2,77
2009-01-10,-6.0,-3.7,86,2.00,123,0.22,6.0,15.5,12.7,77
2009-01-11,-3.2,-0.1,84,2.80,133,0.29,9.0,15.5,9.2,66
2009-01-12,-3.6,1.2,83,2.80,125,0.25,6.0,13.7,7.8,60
2009-01-13,-3.4,-1.5,90,3.70,127,0.17,9.0,15.2,9.8,85
2009-01-14,-5.0,-1.7,90,2.00,120,0.26,5.0,8.9,6.7,77
2009-01-15,-8.6,-4.3,87,0.00,122,0.26,0.0,11.2,9.4,79
2009-01-16,-8.5,-4.8,86,0.00,121,0.25,0.0,11.2,8.5,76
2009-01-17,-8.6,-4.9,84,0.00,114,0.29,0.0,10.5,9.0,71
2009-01-18,-9.4,-4.7,81,0.00,111,0.32,0.0,11.0,10.0,67
2009-01-19,-8.1,-4.7,78,0.00,114,0.38,0.0,12.2,10.3,63
2009-01-20,-10.6,-5.8,76,0.00,103,0.29,0.0,9.1,7.6,63
2009-01-21,-13.2,-8.6,77,0.00,114,0.24,0.0,11.1,8.7,67
2009-01-22,-11.2,-8.3,77,0.00,4,0.22,0.0,12.8,7.4,69
2009-01-23,-18.2,-12.5,76,0.00,324,0.18,0.0,12.5,7.2,62
2009-01-24,-20.5,-16.8,73,0.00,335,0.18,0.0,7.9,6.4,56
2009-01-25,-22.7,-17.3,67,0.00,14,0.20,0.0,8.3,3.8,41
2009-01-26,-24.8,-16.0,65,0.00,107,0.19,0.0,12.5,8.7,47
2009-01-27,-11.8,-7.9,62,3.80,130,0.48,16.0,19.9,16.3,53
2009-01-28,-7.5,-3.0,77,1.70,159,0.37,8.0,12.0,7.0,59
2009-01-29,-3.7,0.8,83,6.60,135,0.43,10.0,14.8,12.2,65
2009-01-30,-2.0,2.5,84,0.00,139,0.49,0.0,20.2,16.1,67
2009-01-31,-5.5,1.5,65,1.90,262,0.68,2.0,23.3,12.5,40
2009-02-01,-8.2,-4.7,77,4.90,140,0.28,11.0,17.6,10.7,56
2009-02-02,-2.6,0.9,83,9.30,134,0.48,14.0,17.8,15.3,72
2009-02-03,0.8,3.9,80,1.40,133,0.72,5.0,19.6,17.4,59
2009-02-04,-0.9,3.3,79,0.00,135,0.73,0.0,19.4,12.8,61
2009-02-05,-0.7,2.2,84,0.00,123,0.47,0.0,14.1,9.8,68
2009-02-06,-1.5,1.8,81,0.60,321,0.57,4.0,13.6,8.5,53
2009-02-07,-5.6,-0.7,77,0.00,130,0.46,0.0,17.6,11.7,51
2009-02-08,-1.4,1.4,71,0.00,132,0.79,0.0,17.9,15.3,61
2009-02-09,-2.7,0.5,82,1.90,146,0.38,10.0,13.8,9.2,64
2009-02-10,-9.5,-3.1,77,0.00,124,0.47,0.0,11.7,7.1,56
2009-02-11,-10.7,-5.5,73,0.00,98,0.53,0.0,7.6,5.4,61
2009-02-12,-9.2,-3.9,73,0.00,51,0.55,0.0,5.9,4.0,58
2009-02-13,-10.1,-4.9,79,0.00,359,0.54,0.0,7.6,6.3,59
2009-02-14,-11.9,-6.8,78,0.00,350,0.52,0.0,8.7,6.9,56
2009-02-15,-12.5,-7.4,74,0.00,357,0.57,0.0,8.8,4.6,55
2009-02-16,-13.6,-6.7,71,0.00,96,0.54,0.0,7.6,5.5,58
2009-02-17,-12.4,-5.2,71,0.00,98,0.55,0.0,8.8,6.5,56
2009-02-18,-8.7,-1.6,71,0.00,103,0.68,0.0,7.1,5.4,55
2009-02-19,-8.0,-1.7,74,0.00,59,0.73,0.0,6.9,4.9,59
2009-02-20,-7.4,-0.2,77,0.00,104,0.76,0.0,9.4,6.0,56
2009-02-21,-5.9,1.5,75,0.00,117,0.89,0.0,10.2,9.3,53
2009-02-22,-5.5,0.6,77,0.00,71,0.54,0.0,7.9,5.5,58
2009-02-23,-5.3,-1.9,85,2.50,345,0.50,11.0,8.6,5.8,68
2009-02-24,-8.3,-3.2,79,3.40,318,0.34,18.0,13.5,10.6,69
2009-02-25,-14.7,-10.7,69,1.30,320,0.45,7.0,14.0,12.1,48
2009-02-26,-18.1,-12.1,67,0.00,311,0.55,0.0,14.1,7.3,48
2009-02-27,-16.2,-6.5,66,0.00,113,0.69,0.0,9.7,8.2,50
2009-02-28,-12.0,-3.9,65,0.00,90,0.70,0.0,6.9,5.2,41
2009-03-01,-3.3,5.6,70,0.10,122,1.13,1.0,19.2,12.6,44
2009-03-02,2.5,6.8,74,0.40,131,1.27,2.0,23.9,17.0,61
2009-03-03,-1.5,5.9,75,0.00,131,1.13,0.0,12.7,7.0,37
2009-03-04,-2.4,3.8,74,2.20,158,0.75,4.0,9.4,5.0,44
2009-03-05,-7.4,-1.0,72,1.40,326,0.77,3.0,20.1,15.6,40
2009-03-06,-12.9,-4.2,67,0.00,97,0.83,0.0,15.6,8.0,40
2009-03-07,-6.5,-2.5,61,1.80,169,1.11,7.0,17.7,12.1,42
2009-03-08,-11.3,-3.1,64,0.40,330,0.78,1.0,17.7,14.1,46
2009-03-09,-17.2,-11.4,65,0.00,320,0.53,0.0,17.2,13.0,42
2009-03-10,-21.0,-14.6,60,0.00,327,0.64,0.0,17.1,7.9,33
2009-03-11,-17.5,-7.0,59,0.00,118,0.81,0.0,9.9,7.8,35
2009-03-12,-8.3,0.3,62,0.30,123,1.04,3.0,14.0,11.2,39
2009-03-13,-1.7,5.0,67,0.00,126,1.22,0.0,15.7,14.1,50
2009-03-14,-0.6,2.9,82,6.20,91,1.01,16.0,11.7,6.4,54
2009-03-15,-1.8,1.3,76,1.10,142,1.23,7.0,13.5,10.8,37
2009-03-16,-3.1,2.0,72,1.00,137,1.13,5.0,13.6,9.4,36
2009-03-17,-4.4,1.1,70,0.00,138,1.27,0.0,12.3,10.0,33
2009-03-18,-2.8,5.2,59,0.00,143,1.57,0.0,27.2,17.5,33
2009-03-19,1.1,6.1,75,5.40,145,1.40,21.0,18.3,11.2,52
2009-03-20,1.6,6.0,80,2.90,131,1.26,9.0,19.7,13.1,58
2009-03-21,-1.8,5.1,65,2.60,159,1.65,5.0,20.2,9.3,38
2009-03-22,-2.2,3.4,71,0.00,15,1.64,0.0,8.3,4.6,47
2009-03-23,-2.5,4.9,68,0.00,130,1.58,0.0,15.8,7.4,41
2009-03-24,-0.0,4.7,77,1.30,148,1.35,8.0,13.6,11.1,46
2009-03-25,-3.1,1.7,78,1.80,329,1.27,3.0,16.5,8.9,46
2009-03-26,-4.0,3.3,74,0.00,137,1.28,0.0,15.5,10.2,48
2009-03-27,-1.1,3.1,71,1.60,227,1.41,4.0,14.8,9.3,39
2009-03-28,-3.2,2.1,66,0.00,305,1.34,0.0,9.2,5.6,44
2009-03-29,-4.9,0.6,68,0.00,322,1.55,0.0,10.5,9.3,38
2009-03-30,-3.3,3.0,71,2.00,141,1.08,6.0,15.6,8.9,38
2009-03-31,-0.8,3.2,74,3.90,246,1.64,15.0,16.1,12.4,49
2009-04-01,-4.1,0.6,73,1.50,132,1.11,9.0,16.3,8.8,49
2009-04-02,-2.0,1.8,82,1.10,104,1.13,5.0,11.8,7.4,57
2009-04-03,-3.5,1.8,73,0.20,318,1.54,2.0,14.0,10.5,43
2009-04-04,-3.5,4.4,65,0.00,105,1.93,0.0,12.5,7.2,37
2009-04-05,1.5,7.1,62,0.00,126,2.05,0.0,16.1,11.3,39
2009-04-06,1.5,8.3,72,0.00,131,2.21,0.0,10.3,7.8,41
2009-04-07,1.9,10.6,67,0.00,84,2.23,0.0,6.2,4.4,28
2009-04-08,2.7,10.2,67,0.00,37,2.46,0.0,6.6,3.8,38
2009-04-09,2.5,9.7,83,0.50,337,1.59,3.0,7.9,5.7,52
2009-04-10,1.3,6.9,87,1.80,166,1.83,11.0,7.3,4.4,52
2009-04-11,0.6,6.8,79,1.00,113,1.63,4.0,7.6,6.0,53
2009-04-12,0.4,6.8,77,1.30,131,1.66,4.0,23.3,11.9,51
2009-04-13,1.1,6.9,71,4.30,175,2.05,6.0,22.4,10.9,44
2009-04-14,-0.1,5.1,71,0.30,321,1.82,1.0,11.8,8.4,46
2009-04-15,1.3,8.3,60,0.00,359,2.63,0.0,10.5,4.8,23
2009-04-16,1.4,10.5,61,0.00,125,2.69,0.0,17.1,9.2,34
2009-04-17,4.3,10.0,63,3.50,132,2.39,6.0,16.8,13.9,38
2009-04-18,1.1,5.9,59,0.60,149,2.06,1.0,9.3,6.8,41
2009-04-19,1.6,7.3,75,2.80,122,1.30,9.0,16.9,8.8,32
2009-04-20,3.6,9.5,87,5.20,111,1.11,17.0,11.1,9.0,67
2009-04-21,6.3,13.5,76,0.00,131,2.03,0.0,14.2,11.2,35
2009-04-22,1.6,12.6,62,2.00,323,2.49,5.0,16.6,10.5,40
2009-04-23,-1.7,2.7,51,0.00,339,2.39,0.0,16.1,13.9,35
2009-04-24,1.2,8.5,50,0.00,315,2.80,0.0,12.7,4.6,37
2009-04-25,3.0,10.1,57,0.10,309,2.63,1.0,16.0,11.9,29
2009-04-26,2.2,6.8,62,0.10,349,2.62,1.0,16.3,9.5,36
2009-04-27,0.5,6.1,52,0.00,11,2.76,0.0,16.6,10.1,26
2009-04-28,-0.0,6.1,49,0.00,40,2.87,0.0,13.5,10.3,27
2009-04-29,1.3,7.8,52,0.00,36,3.21,0.0,12.0,5.6,29
2009-04-30,3.4,10.1,53,0.00,7,3.26,0.0,10.1,5.9,34
2009-05-01,5.1,12.4,53,0.00,36,3.59,0.0,11.3,5.2,31
2009-05-02,7.6,16.9,50,0.00,91,4.09,0.0,14.2,7.4,21
2009-05-03,7.7,16.7,60,7.40,137,2.43,8.0,16.4,11.8,22
2009-05-04,4.0,12.2,69,0.00,142,2.87,0.0,19.1,9.5,29
2009-05-05,7.1,12.1,60,4.90,131,2.69,10.0,17.9,13.0,30
2009-05-06,6.5,11.7,49,0.10,202,3.49,1.0,17.5,8.3,31
2009-05-07,5.2,10.1,63,0.20,333,2.90,1.0,9.5,5.7,45
2009-05-08,5.1,11.8,68,0.20,283,2.84,1.0,10.2,5.9,42
2009-05-09,6.9,13.5,63,0.30,1,3.54,3.0,6.6,3.4,34
2009-05-10,8.2,14.7,56,0.20,136,3.66,1.0,10.0,5.5,29
2009-05-11,8.5,14.5,53,1.40,125,3.11,7.0,10.8,9.2,30
2009-05-12,5.4,11.3,66,1.90,317,2.21,3.0,14.3,8.7,41
2009-05-13,4.2,8.2,72,0.20,292,2.42,2.0,12.0,3.7,49
2009-05-14,4.2,9.9,68,0.10,316,2.88,1.0,13.3,7.6,34
2009-05-15,7.1,14.7,47,0.00,250,3.74,0.0,9.9,4.7,23
2009-05-16,8.2,15.0,61,3.40,123,2.05,11.0,12.3,7.6,23
2009-05-17,10.3,16.4,61,1.50,150,3.40,7.0,15.6,11.9,31
2009-05-18,9.0,15.7,61,0.30,354,3.31,2.0,13.5,8.0,32
2009-05-19,4.7,10.0,83,13.50,291,1.79,22.0,14.3,8.2,42
2009-05-20,3.2,7.9,59,0.10,308,2.40,1.0,13.7,8.6,38
2009-05-21,5.7,12.1,55,0.50,177,3.38,3.0,7.0,3.9,36
2009-05-22,9.0,16.1,52,0.10,128,3.74,1.0,9.4,5.1,25
2009-05-23,10.0,17.1,56,0.00,339,4.28,0.0,9.1,6.4,25
2009-05-24,10.6,17.2,51,0.00,352,4.58,0.0,9.8,7.8,25
2009-05-25,12.9,20.1,50,0.00,48,4.69,0.0,12.0,6.8,26
2009-05-26,12.2,19.7,50,4.20,195,3.24,6.0,13.9,8.3,26
2009-05-27,7.9,14.1,57,1.30,292,3.34,1.0,13.1,7.3,20
2009-05-28,9.0,16.5,43,0.00,344,4.58,0.0,11.6,7.1,20
2009-05-29,13.6,24.0,54,0.00,147,4.98,0.0,19.8,10.5,21
2009-05-30,12.3,22.3,36,0.00,292,5.42,0.0,21.3,12.8,21
2009-05-31,10.4,16.7,39,0.00,333,5.14,0.0,12.9,9.6,20
2009-06-01,11.0,18.7,47,0.00,357,5.07,0.0,14.2,7.6,23
2009-06-02,13.4,21.8,47,0.00,359,5.12,0.0,6.4,4.5,21
2009-06-03,15.9,23.7,43,0.00,338,5.69,0.0,9.7,6.0,21
2009-06-04,17.7,26.0,44,0.00,360,5.79,0.0,10.2,5.3,18
2009-06-05,18.0,26.0,44,1.40,357,5.40,2.0,17.2,8.6,18
2009-06-06,12.8,20.7,38,0.00,359,5.75,0.0,17.3,11.9,21
2009-06-07,12.6,18.8,40,0.00,343,5.30,0.0,14.5,7.8,19
2009-06-08,13.3,20.2,37,0.00,349,5.53,0.0,14.5,6.8,17
2009-06-09,15.4,21.5,44,0.20,331,5.29,2.0,11.5,7.4,17
2009-06-10,16.4,23.2,45,0.00,336,5.53,0.0,11.9,6.3,22
2009-06-11,17.1,23.1,46,0.90,322,5.29,1.0,11.2,7.5,22
2009-06-12,16.2,23.7,63,0.00,174,4.75,0.0,7.3,3.8,30
2009-06-13,17.3,24.4,56,0.20,263,5.06,1.0,6.1,4.3,24
2009-06-14,18.4,24.5,46,0.20,3,5.32,1.0,9.0,4.4,22
2009-06-15,17.1,24.1,58,0.40,124,4.58,2.0,8.7,4.9,25
2009-06-16,14.2,20.5,63,0.70,254,3.27,3.0,16.1,5.9,36
2009-06-17,14.1,19.5,66,7.50,262,3.46,13.0,10.5,4.7,35
2009-06-18,13.0,19.1,68,0.90,272,4.07,6.0,10.0,3.9,39
2009-06-19,12.2,16.4,75,1.30,102,3.45,5.0,10.6,4.7,46
2009-06-20,9.7,14.8,75,6.90,259,3.18,7.0,9.2,4.8,28
2009-06-21,11.0,15.8,46,0.00,325,4.09,0.0,14.6,10.7,28
2009-06-22,11.7,17.0,44,0.00,325,4.73,0.0,13.0,10.1,31
2009-06-23,11.6,18.2,60,0.90,197,4.34,1.0,10.2,5.5,32
2009-06-24,13.0,18.4,61,2.90,141,2.92,4.0,22.2,9.3,33
2009-06-25,10.9,16.9,71,11.80,166,3.46,13.0,21.2,10.5,35
2009-06-26,9.4,15.7,57,2.50,281,3.61,2.0,10.8,8.1,25
2009-06-27,11.3,16.8,54,0.00,128,2.88,0.0,13.0,7.9,25
2009-06-28,9.3,14.3,73,4.60,258,3.32,16.0,10.7,7.5,35
2009-06-29,9.3,14.1,55,0.60,298,4.07,4.0,11.3,6.8,34
2009-06-30,9.5,15.1,50,0.00,298,4.52,0.0,11.2,7.8,25
2009-07-01,10.9,16.8,51,0.00,327,4.16,0.0,10.5,6.5,24
2009-07-02,12.5,19.6,53,0.00,348,4.87,0.0,9.4,7.8,31
2009-07-03,14.8,22.5,50,0.00,359,5.45,0.0,9.5,6.0,21
2009-07-04,17.1,23.8,44,0.00,356,5.74,0.0,11.5,7.6,21
2009-07-05,17.3,24.0,47,0.10,354,5.23,1.0,13.2,9.4,23
2009-07-06,15.1,23.3,70,4.80,357,2.77,11.0,15.5,6.8,30
2009-07-07,10.2,13.2,90,12.00,142,1.83,14.0,15.0,10.6,69
2009-07-08,10.9,14.2,78,6.20,237,2.10,14.0,7.2,3.4,64
2009-07-09,13.0,18.0,76,6.20,350,3.04,9.0,9.7,3.2,51
2009-07-10,14.3,23.6,74,0.00,149,4.00,0.0,11.5,7.7,41
2009-07-11,17.9,24.7,62,0.40,107,4.88,1.0,11.2,6.0,35
2009-07-12,19.7,26.4,60,0.00,67,5.16,0.0,5.8,3.8,30
2009-07-13,17.8,25.8,64,0.80,326,4.74,2.0,16.3,7.6,31
2009-07-14,14.7,19.6,66,0.20,320,4.00,1.0,16.5,10.6,38
2009-07-15,16.0,22.8,55,0.00,311,4.44,0.0,10.2,5.1,35
2009-07-16,17.0,23.0,62,1.00,330,4.00,3.0,5.8,3.6,35
2009-07-17,18.2,25.3,60,0.00,144,4.38,0.0,9.4,5.3,26
2009-07-18,18.5,25.5,52,0.80,285,4.46,3.0,15.5,6.7,24
2009-07-19,13.0,18.5,60,3.10,298,3.21,4.0,15.3,7.3,32
2009-07-20,15.2,22.6,53,0.00,354,4.37,0.0,6.0,4.0,32
2009-07-21,18.5,27.4,52,0.00,27,4.94,0.0,7.2,4.5,27
2009-07-22,20.6,27.6,52,0.00,335,5.43,0.0,8.8,5.9,26
2009-07-23,20.5,26.9,47,0.00,353,5.65,0.0,10.8,8.4,27
2009-07-24,21.0,27.3,46,0.00,337,5.76,0.0,11.3,9.2,27
2009-07-25,22.4,29.0,52,0.00,348,5.92,0.0,13.6,10.3,31
2009-07-26,23.0,29.7,46,0.00,335,6.30,0.0,13.7,11.0,24
2009-07-27,23.6,30.4,42,0.00,342,6.42,0.0,12.9,9.2,21
2009-07-28,23.8,30.2,40,0.00,6,6.16,0.0,12.4,8.6,21
2009-07-29,22.7,30.1,43,0.20,10,5.88,1.0,12.6,6.7,20
2009-07-30,23.6,30.6,40,0.00,354,6.01,0.0,16.6,6.8,20
2009-07-31,22.9,31.0,47,0.00,1,5.62,0.0,13.0,6.9,19
2009-08-01,23.5,31.0,47,1.20,318,5.60,2.0,14.1,6.5,19
2009-08-02,22.7,29.8,46,0.00,316,5.26,0.0,10.0,5.0,20
2009-08-03,21.9,29.9,38,0.00,333,5.77,0.0,14.7,8.2,19
2009-08-04,17.4,24.9,49,0.00,329,4.86,0.0,17.8,12.5,27
2009-08-05,15.7,21.3,46,0.20,320,3.44,1.0,13.5,6.4,28
2009-08-06,16.1,23.3,53,0.00,343,4.54,0.0,9.5,4.9,21
2009-08-07,18.2,26.1,40,0.00,340,5.26,0.0,10.1,6.1,18
2009-08-08,19.4,26.1,42,0.00,320,4.75,0.0,11.1,6.8,18
2009-08-09,16.3,21.9,66,2.30,291,3.16,3.0,8.9,4.5,36
2009-08-10,16.3,20.5,56,2.60,156,3.15,6.0,17.5,7.4,33
2009-08-11,13.5,18.4,60,1.00,205,3.60,4.0,8.6,4.7,33
2009-08-12,12.4,18.4,58,0.00,290,3.82,0.0,14.4,5.4,31
2009-08-13,11.7,16.9,64,0.90,333,3.45,2.0,11.0,5.0,37
2009-08-14,12.3,19.1,58,1.10,337,4.05,1.0,13.0,9.9,27
2009-08-15,13.7,19.0,51,0.00,320,2.89,0.0,12.5,7.2,28
2009-08-16,14.0,20.5,58,0.00,313,2.90,0.0,10.0,5.2,35
2009-08-17,17.4,24.7,53,0.00,128,3.81,0.0,8.9,5.5,24
2009-08-18,17.8,24.3,51,0.10,317,3.36,1.0,14.3,6.9,28
2009-08-19,18.3,24.9,50,0.00,326,4.66,0.0,14.3,7.2,28
2009-08-20,20.3,31.3,51,0.00,108,4.69,0.0,13.8,7.2,19
2009-08-21,19.9,31.3,52,4.50,278,3.75,5.0,10.8,6.1,19
2009-08-22,13.0,17.5,69,3.00,242,3.02,3.0,12.8,5.6,30
2009-08-23,12.5,17.4,51,0.10,294,3.12,1.0,10.7,7.0,30
2009-08-24,13.1,21.5,55,0.00,130,3.72,0.0,14.7,7.3,24
2009-08-25,15.2,20.6,40,0.00,160,4.25,0.0,13.9,11.1,24
2009-08-26,13.4,18.7,48,0.00,327,3.50,0.0,12.4,7.4,25
2009-08-27,15.7,26.9,52,0.00,117,4.23,0.0,15.0,8.5,15
2009-08-28,19.6,29.4,36,0.00,119,5.35,0.0,12.4,9.8,15
2009-08-29,20.2,29.3,40,0.00,339,4.90,0.0,12.9,10.1,16
2009-08-30,19.6,27.8,50,0.00,355,4.31,0.0,10.3,5.9,24
2009-08-31,19.7,27.6,53,0.00,337,4.09,0.0,11.0,7.1,24
2009-09-01,19.0,26.4,55,0.00,357,3.80,0.0,11.1,6.4,32
2009-09-02,18.1,26.4,73,1.70,131,3.26,5.0,10.0,5.8,35
2009-09-03,15.3,24.5,71,8.90,126,1.43,8.0,10.8,7.2,36
2009-09-04,11.7,18.2,78,0.80,140,2.19,5.0,11.3,9.8,36
2009-09-05,12.8,17.8,61,0.00,113,2.44,0.0,22.6,10.6,37
2009-09-06,12.1,17.2,69,1.00,139,2.86,3.0,14.4,10.0,37
2009-09-07,9.6,15.4,77,4.80,199,2.35,14.0,15.6,9.1,36
2009-09-08,10.7,16.5,55,0.00,220,2.98,0.0,14.2,7.7,32
2009-09-09,12.2,16.9,56,3.20,144,2.81,5.0,23.2,15.4,32
2009-09-10,9.4,17.1,79,3.10,136,2.43,4.0,8.6,4.8,37
2009-09-11,14.2,22.9,52,0.00,126,3.72,0.0,11.8,10.3,28
2009-09-12,17.1,26.1,47,0.00,127,4.30,0.0,15.2,11.4,27
2009-09-13,18.0,26.2,51,0.00,109,3.88,0.0,13.1,7.3,27
2009-09-14,17.6,25.7,59,0.00,346,3.17,0.0,9.7,7.2,30
2009-09-15,16.1,22.8,69,0.00,134,2.88,0.0,18.3,6.3,39
2009-09-16,17.8,24.4,53,0.60,137,4.02,1.0,20.9,15.6,30
2009-09-17,12.9,19.9,70,2.10,283,2.46,4.0,12.8,6.5,32
2009-09-18,13.9,20.8,49,0.20,144,3.24,1.0,22.7,16.1,31
2009-09-19,13.7,20.5,68,10.50,173,2.66,11.0,22.4,11.6,44
2009-09-20,8.2,14.3,65,1.10,286,2.14,2.0,10.3,6.3,31
2009-09-21,11.0,18.9,54,1.40,133,2.44,4.0,14.6,11.7,32
2009-09-22,15.1,24.6,54,0.00,130,3.62,0.0,16.3,13.6,34
2009-09-23,18.2,27.0,49,0.00,135,4.40,0.0,20.0,15.8,21
2009-09-24,14.4,26.5,48,0.00,320,3.41,0.0,18.9,11.5,23
2009-09-25,11.5,20.6,61,0.00,130,2.43,0.0,15.5,7.9,33
2009-09-26,11.6,20.4,54,0.30,296,2.33,2.0,22.5,10.8,24
2009-09-27,6.4,11.0,51,0.00,297,2.27,0.0,20.7,6.6,25
2009-09-28,8.7,16.8,52,0.00,118,2.21,0.0,14.9,8.9,25
2009-09-29,6.0,14.7,79,3.80,297,1.25,12.0,12.9,5.9,36
2009-09-30,3.5,7.9,73,0.00,274,1.34,0.0,9.0,4.4,34
2009-10-01,4.6,8.1,64,1.70,140,1.43,7.0,15.1,9.8,33
2009-10-02,3.5,7.7,81,3.00,334,1.28,7.0,12.2,7.0,50
2009-10-03,3.4,9.8,72,0.00,342,1.36,0.0,11.1,8.8,38
2009-10-04,3.8,9.4,66,0.00,354,1.72,0.0,11.4,7.5,41
2009-10-05,4.2,11.4,67,0.00,353,1.69,0.0,11.6,5.1,38
2009-10-06,6.6,11.9,67,0.20,120,1.49,2.0,20.5,10.4,42
2009-10-07,4.3,11.2,69,0.00,331,1.60,0.0,15.7,10.2,37
2009-10-08,2.4,6.8,69,0.00,333,1.28,0.0,18.4,7.2,39
2009-10-09,-1.9,3.5,40,0.00,333,1.70,0.0,17.4,10.3,23
2009-10-10,-3.1,1.3,45,0.00,333,1.38,0.0,9.2,6.2,26
2009-10-11,-3.2,1.4,51,0.00,321,1.24,0.0,9.7,4.7,30
2009-10-12,-2.9,1.0,58,0.00,336,1.01,0.0,9.4,4.3,33
2009-10-13,-1.8,2.8,53,1.00,52,0.96,5.0,10.4,7.9,38
2009-10-14,0.5,5.9,67,0.30,29,0.73,3.0,8.8,4.4,45
2009-10-15,3.5,10.6,83,0.20,131,1.24,2.0,12.6,9.7,49
2009-10-16,6.8,12.3,70,1.80,130,1.49,3.0,23.9,18.2,55
2009-10-17,5.7,11.6,91,0.00,104,0.63,0.0,16.3,7.3,66
2009-10-18,4.9,8.6,90,5.20,309,0.76,14.0,6.1,4.2,53
2009-10-19,3.2,7.9,82,0.00,12,0.92,0.0,6.8,4.1,58
2009-10-20,2.8,7.2,81,0.00,87,0.94,0.0,9.0,4.9,49
2009-10-21,3.4,5.9,84,6.60,125,0.46,14.0,16.1,13.2,56
2009-10-22,2.2,7.2,92,0.10,130,0.68,1.0,14.7,9.7,61
2009-10-23,4.2,6.4,84,5.20,140,0.74,10.0,18.1,14.4,65
2009-10-24,1.6,6.5,77,0.20,256,0.93,1.0,10.2,6.1,40
2009-10-25,0.4,5.6,75,2.70,131,0.51,4.0,22.3,12.4,59
2009-10-26,1.3,5.8,87,6.10,141,0.63,8.0,20.4,13.7,63
2009-10-27,-0.1,3.6,67,0.00,290,0.83,0.0,12.9,8.4,53
2009-10-28,-1.1,2.1,74,0.00,254,0.66,0.0,7.8,4.4,42
2009-10-29,-0.6,0.8,78,15.00,134,0.40,17.0,21.9,14.4,55
2009-10-30,2.1,6.7,89,18.00,132,0.50,13.0,19.5,14.8,79
2009-10-31,4.0,6.9,85,3.70,161,0.82,10.0,24.2,15.1,41
2009-11-01,0.8,4.6,60,0.00,181,0.92,0.0,11.9,6.3,44
2009-11-02,0.7,2.2,79,6.30,137,0.59,18.0,18.1,15.1,58
2009-11-03,-1.3,3.7,91,0.80,128,0.61,4.0,8.5,6.9,60
2009-11-04,0.3,4.9,77,0.00,121,0.70,0.0,17.4,10.7,53
2009-11-05,4.4,9.9,59,0.40,136,1.62,1.0,26.1,21.6,54
2009-11-06,2.7,7.9,83,3.30,151,0.77,5.0,26.1,15.8,39
2009-11-07,0.1,3.7,62,0.20,159,0.95,1.0,14.1,11.2,40
2009-11-08,-0.8,2.1,67,0.00,149,0.69,0.0,16.6,10.6,59
2009-11-09,1.4,5.1,63,0.00,135,1.22,0.0,27.8,21.4,58
2009-11-10,-0.4,3.5,91,3.90,151,0.51,7.0,14.1,7.4,63
2009-11-11,-0.6,1.9,74,0.30,147,0.58,2.0,12.1,6.7,48
2009-11-12,-2.4,1.4,77,0.00,138,0.59,0.0,13.1,8.2,44
2009-11-13,-2.1,-1.2,66,4.20,143,0.72,11.0,20.4,15.0,57
2009-11-14,-5.4,-1.1,59,0.00,145,0.67,0.0,23.2,11.7,44
2009-11-15,-0.8,2.6,63,1.00,142,1.04,3.0,24.3,22.4,48
2009-11-16,1.1,3.7,88,16.30,139,0.44,20.0,26.8,19.0,75
2009-11-17,1.0,3.2,80,8.10,163,0.75,12.0,28.0,17.8,36
2009-11-18,-4.2,0.2,55,0.00,160,0.89,0.0,18.4,13.2,39
2009-11-19,-0.5,2.4,67,0.70,143,0.94,4.0,28.3,18.8,48
2009-11-20,1.3,3.6,91,11.40,129,0.27,19.0,18.4,14.4,79
2009-11-21,-1.9,2.1,80,1.60,216,0.38,6.0,8.6,5.1,55
2009-11-22,-2.4,0.6,78,1.80,121,0.39,15.0,15.0,9.8,65
2009-11-23,-2.5,0.8,89,1.20,137,0.28,5.0,20.9,11.2,75
2009-11-24,-3.1,0.3,85,0.90,126,0.33,3.0,16.6,8.9,70
2009-11-25,1.2,3.8,87,8.30,135,0.34,24.0,20.1,18.6,72
2009-11-26,0.0,3.3,96,0.10,137,0.28,1.0,17.7,9.4,88
2009-11-27,-1.9,-0.0,75,0.00,258,0.35,0.0,9.4,5.0,59
2009-11-28,-3.3,0.0,80,5.30,124,0.28,16.0,14.3,11.3,68
2009-11-29,-0.1,2.8,86,2.10,130,0.25,8.0,15.3,12.3,81
2009-11-30,-0.8,2.7,88,14.30,332,0.32,17.0,15.1,7.7,64
2009-12-01,-9.4,-5.4,83,0.00,58,0.21,0.0,8.7,6.3,74
2009-12-02,-11.2,-6.8,87,0.00,99,0.18,0.0,8.8,7.2,75
2009-12-03,-10.0,-4.0,85,0.00,118,0.23,0.0,11.7,9.8,68
2009-12-04,-5.5,-3.7,80,2.60,314,0.27,13.0,19.7,11.1,72
2009-12-05,-10.1,-4.6,78,0.00,346,0.30,0.0,17.9,12.9,64
2009-12-06,-15.7,-9.7,78,0.00,9,0.18,0.0,14.8,10.3,59
2009-12-07,-20.8,-15.4,76,0.00,65,0.11,0.0,7.0,5.4,55
2009-12-08,-18.1,-13.8,77,0.00,22,0.14,0.0,8.0,5.0,66
2009-12-09,-18.3,-13.4,79,0.00,92,0.14,0.0,6.1,4.6,68
2009-12-10,-14.1,-8.6,80,0.40,119,0.15,4.0,9.4,8.6,70
2009-12-11,-11.7,-8.1,82,0.10,124,0.15,1.0,10.3,8.8,71
2009-12-12,-10.7,-8.6,85,0.00,99,0.13,0.0,10.5,7.0,79
2009-12-13,-20.6,-11.4,72,0.00,325,0.13,0.0,11.8,10.5,54
2009-12-14,-30.2,-23.9,68,0.00,73,0.08,0.0,8.2,6.2,55
2009-12-15,-18.4,-8.8,72,1.70,106,0.20,5.0,11.6,9.2,65
2009-12-16,-5.9,0.5,81,1.40,125,0.31,5.0,20.2,14.4,71
2009-12-17,-4.3,-0.5,89,1.80,125,0.20,5.0,16.6,12.6,80
2009-12-18,0.5,1.9,81,2.30,139,0.48,4.0,21.7,18.0,77
2009-12-19,-6.9,0.2,85,0.00,72,0.20,0.0,10.6,5.9,66
2009-12-20,-10.5,-6.4,85,1.10,60,0.13,5.0,6.4,4.6,76
2009-12-21,-8.3,-6.7,86,8.40,335,0.12,23.0,10.9,7.2,79
2009-12-22,-14.6,-10.6,80,1.70,306,0.13,6.0,9.8,7.0,69
2009-12-23,-23.1,-16.4,76,0.00,83,0.08,0.0,9.0,6.8,66
2009-12-24,-18.2,-11.1,75,0.00,119,0.17,0.0,10.1,9.0,66
2009-12-25,-14.3,-8.9,81,0.00,121,0.17,0.0,11.7,10.1,74
2009-12-26,-11.2,-5.7,81,0.00,110,0.20,0.0,10.8,9.8,72
2009-12-27,-11.5,-6.4,80,0.00,91,0.18,0.0,8.3,7.2,64
2009-12-28,-15.6,-8.0,80,0.00,107,0.15,0.0,9.1,7.4,65
2009-12-29,-14.7,-8.5,79,0.00,117,0.16,0.0,10.4,8.7,71
2009-12-30,-11.9,-8.8,83,1.10,80,0.14,7.0,10.4,6.8,75
2009-12-31,-14.0,-10.7,81,1.30,347,0.14,8.0,9.2,5.3,75
2010-01-01,-8.6,-1.5,85,1.10,106,0.18,6.0,12.6,8.7,77
2010-01-02,-5.7,-1.9,88,3.30,108,0.18,13.0,10.1,5.3,74
2010-01-03,-8.5,-5.2,88,0.60,97,0.20,3.0,9.0,5.4,79
2010-01-04,-13.3,-7.7,85,0.00,24,0.16,0.0,7.3,5.2,72
2010-01-05,-15.6,-12.0,77,0.00,360,0.16,0.0,9.1,7.5,64
2010-01-06,-21.4,-14.2,74,0.00,86,0.13,0.0,9.7,6.6,60
2010-01-07,-15.8,-7.2,71,0.00,113,0.25,0.0,12.4,10.3,52
2010-01-08,-6.0,-2.2,63,0.00,131,0.60,0.0,16.5,13.5,53
2010-01-09,-2.1,1.5,79,2.20,133,0.47,5.0,18.9,15.6,71
2010-01-10,0.8,2.7,82,0.00,132,0.44,0.0,20.6,16.8,71
2010-01-11,2.8,4.3,77,0.00,139,0.80,0.0,27.4,22.0,70
2010-01-12,2.7,3.8,83,0.60,137,0.61,2.0,24.7,18.2,75
2010-01-13,-0.0,2.7,93,0.10,125,0.25,1.0,13.4,11.5,85
2010-01-14,-0.4,1.9,92,0.20,133,0.24,2.0,22.5,13.8,75
2010-01-15,0.9,1.8,87,6.00,146,0.34,12.0,23.4,18.3,75
2010-01-16,-4.6,0.9,84,0.20,129,0.32,1.0,12.4,7.8,69
2010-01-17,-0.9,3.1,70,0.00,133,0.84,0.0,21.4,18.8,66
2010-01-18,0.0,4.8,78,0.00,126,0.62,0.0,23.2,15.5,65
2010-01-19,-1.8,3.5,78,0.00,113,0.53,0.0,18.4,11.7,58
2010-01-20,-1.8,3.6,70,0.00,112,0.66,0.0,16.2,11.1,58
2010-01-21,-1.9,2.2,68,0.00,84,0.52,0.0,11.2,7.4,59
2010-01-22,-2.1,1.4,66,0.00,50,0.48,0.0,7.9,4.9,55
2010-01-23,-5.9,-0.9,63,0.00,354,0.48,0.0,8.7,5.9,51
2010-01-24,-6.8,-1.2,59,0.00,61,0.47,0.0,7.3,4.8,49
2010-01-25,-4.8,1.8,70,1.50,86,0.55,6.0,13.6,8.6,58
2010-01-26,-1.9,0.9,69,0.00,78,0.53,0.0,11.4,6.5,59
2010-01-27,-3.8,0.7,71,0.00,51,0.48,0.0,8.9,5.4,61
2010-01-28,-2.0,1.9,65,0.00,124,0.78,0.0,15.8,12.4,54
2010-01-29,-0.3,4.4,68,0.00,126,0.84,0.0,14.3,12.1,58
2010-01-30,-0.5,2.9,80,3.80,81,0.24,8.0,7.2,3.8,68
2010-01-31,-1.8,0.9,90,6.20,325,0.45,15.0,7.5,4.2,67
2010-02-01,-5.3,0.5,86,0.00,108,0.43,0.0,7.7,5.5,73
2010-02-02,-3.8,0.6,87,0.00,93,0.33,0.0,4.3,2.6,75
2010-02-03,-4.7,-0.0,87,0.00,97,0.45,0.0,7.5,4.8,74
2010-02-04,-3.3,3.2,84,0.00,119,0.51,0.0,17.7,8.3,64
2010-02-05,-0.8,2.4,77,0.30,112,0.52,3.0,13.5,12.1,69
2010-02-06,-1.7,3.3,82,0.00,117,0.62,0.0,12.3,9.5,64
2010-02-07,-2.3,2.3,79,0.00,118,0.63,0.0,10.0,8.6,70
2010-02-08,-5.0,1.0,82,0.00,103,0.55,0.0,9.0,7.7,71
2010-02-09,-4.5,0.8,81,0.00,107,0.50,0.0,8.7,6.8,69
2010-02-10,-3.6,2.0,80,0.00,117,0.62,0.0,9.3,7.7,64
2010-02-11,-3.6,1.7,81,0.00,121,0.52,0.0,17.8,10.3,67
2010-02-12,1.0,5.8,80,0.30,135,0.92,3.0,17.6,16.1,57
2010-02-13,0.6,5.2,80,0.00,132,0.90,0.0,22.4,15.9,57
2010-02-14,2.6,4.6,75,2.50,141,1.08,6.0,22.9,17.2,59
2010-02-15,-0.9,3.3,87,0.70,97,0.63,3.0,11.2,5.9,54
2010-02-16,0.3,2.2,78,2.60,128,0.61,11.0,18.1,12.3,60
2010-02-17,-2.0,2.2,82,0.90,340,0.80,3.0,9.7,6.7,53
2010-02-18,-1.7,2.6,66,0.00,14,0.92,0.0,8.7,5.5,53
2010-02-19,-2.0,3.2,67,0.00,6,0.94,0.0,6.6,5.1,56
2010-02-20,-1.7,3.1,70,0.00,15,0.98,0.0,6.3,4.3,58
2010-02-21,-0.9,4.9,69,0.00,87,1.01,0.0,6.3,4.0,46
2010-02-22,-1.5,4.1,73,0.00,105,1.01,0.0,6.6,5.4,55
2010-02-23,-3.2,3.3,70,0.00,120,0.96,0.0,10.5,8.8,51
2010-02-24,-1.9,4.1,73,0.80,125,0.82,3.0,14.3,10.6,58
2010-02-25,-0.0,4.9,77,0.00,131,0.92,0.0,15.3,13.0,50
2010-02-26,-0.7,4.0,71,0.00,116,0.94,0.0,19.6,13.4,56
2010-02-27,0.3,3.5,88,5.70,91,0.49,17.0,12.7,5.4,62
2010-02-28,-0.5,7.1,91,0.80,122,0.93,3.0,11.6,6.6,61
2010-03-01,2.9,7.7,73,0.00,133,1.19,0.0,20.1,16.0,53
2010-03-02,4.0,7.4,68,0.00,135,1.26,0.0,17.4,13.8,55
2010-03-03,1.5,7.3,77,0.00,123,1.36,0.0,13.9,8.6,51
2010-03-04,1.0,7.4,67,0.00,111,1.38,0.0,9.0,4.4,38
2010-03-05,0.1,6.8,73,0.00,138,1.41,0.0,11.5,8.6,45
2010-03-06,0.2,6.7,68,0.00,126,1.51,0.0,13.2,9.1,45
2010-03-07,-0.4,5.4,73,0.60,131,0.84,4.0,12.0,10.2,56
2010-03-08,-3.1,2.3,62,3.80,309,1.26,8.0,14.5,9.2,30
2010-03-09,-6.5,0.5,43,0.00,118,1.36,0.0,17.0,9.7,28
2010-03-10,-3.1,3.3,46,0.00,137,1.66,0.0,18.3,12.8,30
2010-03-11,-0.1,3.6,50,0.60,154,1.83,2.0,23.4,20.3,37
2010-03-12,-1.6,2.6,50,0.20,161,1.06,1.0,13.8,5.8,40
2010-03-13,-1.4,4.8,58,0.00,146,1.40,0.0,15.9,7.1,31
2010-03-14,-0.1,4.0,55,0.10,139,1.52,1.0,22.9,16.8,37
2010-03-15,3.0,11.0,63,0.40,141,2.03,2.0,20.9,18.2,45
2010-03-16,5.5,10.8,64,0.00,129,1.65,0.0,20.0,15.1,47
2010-03-17,2.7,11.2,66,1.20,159,1.66,2.0,22.1,13.9,36
2010-03-18,-0.1,5.2,52,0.00,310,1.83,0.0,14.9,8.4,28
2010-03-19,0.2,6.9,48,0.00,92,1.84,0.0,9.4,6.2,29
2010-03-20,1.3,9.4,50,0.00,126,2.18,0.0,13.7,10.8,30
2010-03-21,3.2,9.3,57,0.30,139,2.08,1.0,14.6,12.1,37
2010-03-22,1.6,6.7,72,0.20,272,1.50,1.0,10.9,4.7,38
2010-03-23,1.5,7.7,69,0.00,156,1.58,0.0,9.7,5.8,42
2010-03-24,3.5,11.7,66,0.00,120,2.04,0.0,14.0,7.5,36
2010-03-25,4.5,10.9,62,0.00,125,1.91,0.0,11.7,9.5,41
2010-03-26,3.4,9.6,83,3.80,250,1.39,16.0,11.7,4.3,34
2010-03-27,3.7,9.8,58,0.00,150,1.87,0.0,20.9,12.3,32
2010-03-28,6.0,9.7,49,0.60,156,2.98,2.0,26.5,20.0,23
2010-03-29,4.1,9.3,48,0.30,160,2.49,3.0,25.5,18.9,21
2010-03-30,1.3,6.1,48,0.00,183,2.16,0.0,17.5,11.2,22
2010-03-31,0.5,5.3,56,0.10,261,1.82,1.0,9.6,5.0,32
2010-04-01,0.3,5.4,61,0.40,156,1.83,1.0,14.1,7.9,32
2010-04-02,0.5,4.4,52,0.80,137,1.80,6.0,29.6,18.5,34
2010-04-03,1.1,5.8,60,2.80,155,1.75,8.0,25.8,13.4,34
2010-04-04,-0.1,5.4,56,0.60,136,1.87,1.0,16.4,8.6,27
2010-04-05,1.4,7.4,51,0.00,108,2.14,0.0,13.2,8.9,30
2010-04-06,2.1,8.1,60,0.90,157,2.25,5.0,13.4,11.0,28
2010-04-07,2.9,7.5,50,1.10,161,2.16,6.0,26.7,16.5,27
2010-04-08,-0.4,5.1,66,10.90,281,1.63,16.0,20.3,14.9,30
2010-04-09,-2.4,1.5,45,0.00,246,1.91,0.0,13.0,8.8,33
2010-04-10,-1.3,3.7,54,0.90,330,2.20,2.0,9.5,4.0,30
2010-04-11,-0.2,7.5,40,0.00,30,2.56,0.0,7.6,5.7,23
2010-04-12,1.4,8.5,50,0.00,359,2.63,0.0,7.0,5.3,25
2010-04-13,3.3,10.7,51,0.00,333,2.80,0.0,14.1,10.6,31
2010-04-14,4.6,13.2,47,0.00,341,3.41,0.0,14.0,9.5,28
2010-04-15,7.4,17.5,51,0.00,72,3.54,0.0,10.7,6.1,26
2010-04-16,9.2,17.0,51,0.00,133,3.59,0.0,12.1,9.2,27
2010-04-17,8.7,16.5,54,0.30,122,2.57,1.0,17.2,6.1,28
2010-04-18,8.0,15.7,69,1.80,138,3.13,3.0,18.4,13.0,30
2010-04-19,10.7,19.2,47,0.00,128,4.34,0.0,18.7,13.2,26
2010-04-20,11.3,19.0,52,0.00,105,3.49,0.0,14.1,7.7,26
2010-04-21,8.3,18.4,75,2.30,311,1.44,6.0,17.4,10.7,33
2010-04-22,3.0,8.8,78,1.80,324,2.14,6.0,12.1,6.7,31
2010-04-23,3.3,10.8,54,0.00,243,3.06,0.0,13.4,7.1,27
2010-04-24,4.5,10.4,60,1.30,198,2.48,4.0,11.7,5.7,29
2010-04-25,3.7,10.9,59,0.80,153,2.91,2.0,8.3,4.3,21
2010-04-26,5.7,12.7,41,0.00,116,3.11,0.0,20.0,12.6,21
2010-04-27,8.4,13.1,49,0.30,123,3.26,2.0,20.9,15.7,29
2010-04-28,5.6,11.0,73,2.40,311,2.61,6.0,14.3,9.0,36
2010-04-29,6.1,11.1,62,0.30,328,2.63,2.0,18.4,14.1,35
2010-04-30,6.8,13.1,52,0.00,305,3.44,0.0,15.8,9.7,21
2010-05-01,6.0,13.3,63,3.10,261,2.84,9.0,16.8,7.2,21
2010-05-02,3.2,7.3,71,1.90,242,1.95,8.0,10.4,5.9,54
2010-05-03,1.8,6.0,81,12.80,315,1.78,22.0,21.4,10.3,36
2010-05-04,2.3,7.1,53,0.00,303,2.79,0.0,16.9,11.6,36
2010-05-05,2.5,7.9,46,0.00,332,3.21,0.0,16.1,12.0,28
2010-05-06,3.2,9.0,41,0.00,328,3.57,0.0,16.1,10.3,25
2010-05-07,4.0,9.0,46,0.00,326,3.45,0.0,9.4,7.5,25
2010-05-08,3.8,9.0,47,0.40,335,3.25,4.0,8.9,6.1,28
2010-05-09,5.0,10.9,49,0.10,131,3.38,1.0,8.1,4.9,27
2010-05-10,6.6,13.5,50,0.00,82,3.48,0.0,6.0,3.7,27
2010-05-11,8.6,14.9,49,0.00,331,3.95,0.0,11.0,5.4,27
2010-05-12,9.4,15.9,49,0.00,202,3.72,0.0,11.6,5.2,26
2010-05-13,9.2,14.7,52,0.00,317,3.43,0.0,12.6,8.7,32
2010-05-14,10.3,17.3,53,0.00,335,3.65,0.0,7.2,4.0,30
2010-05-15,11.7,20.0,55,0.20,141,4.25,1.0,12.3,6.8,23
2010-05-16,12.7,19.7,46,0.00,275,3.61,0.0,10.9,6.2,24
2010-05-17,12.6,19.7,59,0.00,108,3.92,0.0,11.1,7.3,32
2010-05-18,13.5,19.8,68,1.20,127,3.45,3.0,12.0,8.5,33
2010-05-19,10.2,15.2,63,5.90,156,3.14,5.0,14.0,9.8,31
2010-05-20,9.8,15.3,51,2.10,148,3.94,5.0,20.7,14.1,25
2010-05-21,6.7,11.9,42,1.30,271,2.82,6.0,14.2,10.0,25
2010-05-22,3.5,8.4,76,7.20,316,2.01,17.0,15.6,10.9,41
2010-05-23,4.9,10.4,57,0.00,317,2.78,0.0,14.5,7.1,35
2010-05-24,7.7,14.6,50,0.00,139,3.76,0.0,18.5,10.8,24
2010-05-25,9.7,15.6,45,0.00,131,4.06,0.0,18.5,12.7,24
2010-05-26,11.4,17.8,51,0.00,106,3.45,0.0,15.4,7.9,25
2010-05-27,12.2,17.8,60,0.80,90,2.91,4.0,10.8,5.0,28
2010-05-28,11.0,17.2,59,2.00,47,2.37,6.0,11.8,5.2,40
2010-05-29,9.2,14.4,73,4.00,309,3.16,12.0,14.4,4.8,37
2010-05-30,9.6,15.3,53,0.00,345,3.66,0.0,13.7,8.2,27
2010-05-31,10.5,16.7,52,0.00,42,3.73,0.0,9.7,5.1,28
2010-06-01,11.0,16.6,74,1.70,152,3.59,7.0,10.1,8.1,37
2010-06-02,10.9,16.1,67,1.90,139,3.02,5.0,23.8,15.6,45
2010-06-03,8.9,16.6,69,13.30,250,3.33,10.0,18.2,10.0,30
2010-06-04,9.0,13.4,52,0.00,294,3.50,0.0,7.9,3.9,31
2010-06-05,8.9,14.3,67,0.00,273,3.32,0.0,7.7,5.2,36
2010-06-06,10.3,15.6,62,2.20,125,3.66,6.0,11.9,5.1,37
2010-06-07,9.6,15.3,81,5.90,63,3.31,16.0,10.7,3.1,47
2010-06-08,8.6,15.5,80,3.30,274,3.57,6.0,11.8,3.7,40
2010-06-09,10.3,15.6,64,1.00,1,3.40,1.0,8.0,5.1,39
2010-06-10,10.0,14.4,76,7.30,314,2.63,18.0,9.2,5.0,53
2010-06-11,11.0,19.3,73,3.60,156,4.25,5.0,8.0,5.3,32
2010-06-12,14.7,23.0,54,0.00,167,5.24,0.0,14.9,9.6,31
2010-06-13,13.1,22.5,66,1.30,302,2.97,5.0,12.7,9.2,33
2010-06-14,8.9,14.7,50,0.00,301,4.12,0.0,12.2,8.8,34
2010-06-15,8.7,14.9,52,0.20,331,4.25,1.0,12.7,9.6,31
2010-06-16,10.9,18.7,52,0.00,336,5.02,0.0,10.9,7.2,25
2010-06-17,13.3,19.4,50,0.40,343,4.94,1.0,11.9,6.3,25
2010-06-18,13.8,20.4,54,0.00,330,5.02,0.0,12.0,7.4,27
2010-06-19,15.7,22.3,48,0.00,309,5.14,0.0,8.9,4.3,27
2010-06-20,16.4,22.4,53,0.20,300,5.12,1.0,9.2,4.4,27
2010-06-21,15.2,21.8,62,1.00,330,4.09,1.0,10.5,7.3,32
2010-06-22,15.1,20.6,58,0.10,318,4.73,1.0,8.4,5.1,35
2010-06-23,15.4,20.2,68,1.70,115,3.04,6.0,7.4,4.1,36
2010-06-24,13.7,19.8,81,11.30,126,3.01,22.0,7.9,4.8,44
2010-06-25,12.4,16.9,73,0.40,276,3.49,3.0,9.1,5.1,40
2010-06-26,13.6,20.3,53,0.00,325,4.60,0.0,7.9,4.8,28
2010-06-27,14.8,20.6,53,1.10,186,3.85,3.0,9.5,6.3,28
2010-06-28,11.5,18.1,79,6.20,143,3.62,11.0,15.0,5.2,35
2010-06-29,12.2,18.1,53,0.20,169,4.34,2.0,15.3,8.6,35
2010-06-30,9.0,13.6,61,1.20,268,3.45,3.0,12.2,7.4,33
2010-07-01,9.6,14.7,59,0.10,274,3.70,1.0,12.2,5.0,32
2010-07-02,10.3,15.6,60,0.20,269,3.40,1.0,11.2,6.2,33
2010-07-03,11.8,19.1,55,0.00,290,3.92,0.0,11.9,7.0,27
2010-07-04,12.4,18.8,71,17.10,291,3.15,16.0,14.5,7.9,30
2010-07-05,11.2,15.5,51,0.00,307,3.79,0.0,16.2,12.2,38
2010-07-06,12.6,19.2,58,0.00,320,3.77,0.0,10.5,6.3,39
2010-07-07,16.5,24.5,61,0.00,348,4.73,0.0,10.5,4.6,33
2010-07-08,19.8,27.7,52,0.00,9,5.66,0.0,6.9,4.3,24
2010-07-09,20.4,27.5,54,0.00,336,5.07,0.0,9.5,5.1,24
2010-07-10,18.4,25.9,48,0.00,328,4.42,0.0,12.5,9.0,29
2010-07-11,18.9,26.0,58,0.00,312,4.46,0.0,10.7,5.6,29
2010-07-12,14.6,26.1,42,0.20,308,4.83,1.0,18.7,14.8,24
2010-07-13,10.8,15.1,51,0.10,305,2.89,1.0,16.9,11.5,32
2010-07-14,14.8,23.2,59,0.00,154,4.31,0.0,7.5,5.9,27
2010-07-15,16.2,23.1,47,0.00,319,4.07,0.0,14.1,8.6,28
2010-07-16,13.6,19.5,44,0.00,324,4.70,0.0,13.6,10.0,22
2010-07-17,15.8,22.8,40,0.00,343,5.12,0.0,8.8,4.3,22
2010-07-18,16.2,22.8,46,0.00,325,5.12,0.0,12.5,8.5,25
2010-07-19,15.4,22.0,48,0.00,341,5.04,0.0,13.6,7.9,27
2010-07-20,17.4,24.0,47,0.60,352,5.06,1.0,8.5,5.3,25
2010-07-21,18.9,25.8,44,0.20,333,5.13,1.0,9.0,5.3,21
2010-07-22,15.9,25.8,62,4.70,298,3.89,10.0,18.9,9.3,21
2010-07-23,14.9,24.2,54,0.00,290,4.69,0.0,15.6,5.4,27
2010-07-24,17.5,24.8,47,0.00,360,5.53,0.0,15.0,9.8,23
2010-07-25,16.1,22.7,38,0.00,335,5.58,0.0,10.4,8.7,22
2010-07-26,16.8,23.8,42,0.00,347,5.57,0.0,10.5,8.4,23
2010-07-27,18.6,28.4,46,0.00,360,5.48,0.0,11.3,5.8,21
2010-07-28,21.2,28.4,45,0.00,56,5.19,0.0,8.7,4.6,19
2010-07-29,20.7,28.2,42,0.20,312,5.43,1.0,13.8,7.1,19
2010-07-30,19.2,25.8,41,0.30,329,5.58,1.0,12.7,8.2,19
2010-07-31,19.5,26.0,44,0.00,352,5.39,0.0,11.3,7.2,23
2010-08-01,20.0,26.0,44,0.30,333,5.04,1.0,13.0,7.4,23
2010-08-02,18.4,24.0,56,0.00,325,4.45,0.0,15.5,7.8,31
2010-08-03,19.0,26.1,43,0.00,354,5.26,0.0,10.3,7.5,21
2010-08-04,19.8,26.7,38,0.00,347,5.41,0.0,12.5,7.7,19
2010-08-05,20.9,26.7,44,0.00,309,4.73,0.0,12.4,4.8,21
2010-08-06,18.4,24.2,59,1.40,199,3.73,2.0,11.4,5.8,33
2010-08-07,16.2,21.4,73,6.90,233,2.62,15.0,12.4,5.0,45
2010-08-08,15.3,20.1,65,1.70,282,3.22,2.0,9.4,4.6,33
2010-08-09,13.4,19.6,62,4.20,312,2.87,7.0,11.0,6.5,33
2010-08-10,13.5,21.2,61,0.00,334,3.82,0.0,9.2,6.1,28
2010-08-11,16.0,20.8,54,0.00,313,3.31,0.0,9.6,5.1,30
2010-08-12,16.3,20.8,57,0.00,316,4.00,0.0,17.9,10.0,31
2010-08-13,16.0,22.6,50,0.00,353,4.45,0.0,15.3,10.3,29
2010-08-14,17.3,25.3,49,0.00,358,4.81,0.0,12.1,6.4,23
2010-08-15,19.7,27.5,46,0.00,16,4.77,0.0,7.1,4.4,22
2010-08-16,21.3,29.2,48,0.00,93,4.76,0.0,7.2,4.6,21
2010-08-17,22.1,29.3,47,0.00,6,4.70,0.0,7.6,3.9,21
2010-08-18,21.3,28.7,48,0.00,302,5.02,0.0,11.9,6.3,17
2010-08-19,15.7,27.4,40,0.00,307,4.66,0.0,17.0,10.2,20
2010-08-20,12.4,18.3,40,0.00,316,3.43,0.0,10.4,7.7,20
2010-08-21,12.3,17.3,50,0.00,335,3.07,0.0,6.5,3.8,31
2010-08-22,11.7,17.2,70,1.30,290,2.70,8.0,9.3,4.4,33
2010-08-23,11.1,18.2,74,0.00,176,2.82,0.0,10.8,5.2,32
2010-08-24,14.7,22.5,64,1.20,143,3.13,5.0,10.9,6.5,34
2010-08-25,16.1,24.5,69,0.20,88,3.75,1.0,11.2,7.2,31
2010-08-26,13.7,24.0,76,5.00,327,2.01,8.0,13.8,8.7,32
2010-08-27,8.8,14.3,72,2.10,253,2.49,6.0,11.6,6.4,45
2010-08-28,8.9,13.2,69,0.00,284,2.14,0.0,11.2,5.8,51
2010-08-29,8.9,13.8,74,0.00,349,2.43,0.0,10.2,4.1,46
2010-08-30,9.5,15.2,74,0.40,158,2.58,2.0,7.3,4.0,41
2010-08-31,10.1,15.2,74,2.20,144,1.83,10.0,13.1,8.6,40
2010-09-01,8.2,13.9,81,8.10,235,1.87,6.0,10.0,4.3,41
2010-09-02,11.5,20.4,60,0.00,133,2.82,0.0,13.0,9.8,39
2010-09-03,15.8,23.7,53,0.00,136,4.29,0.0,15.0,12.7,27
2010-09-04,11.3,21.4,61,1.50,304,2.85,7.0,13.3,9.0,36
2010-09-05,8.0,13.1,69,3.50,273,1.62,12.0,8.6,5.1,38
2010-09-06,7.9,11.9,85,8.10,116,0.94,13.0,7.6,5.4,52
2010-09-07,7.5,13.2,90,0.60,355,1.82,2.0,11.6,4.8,53
2010-09-08,8.1,12.9,70,0.00,327,2.08,0.0,12.1,8.9,50
2010-09-09,8.8,13.5,67,0.00,315,2.17,0.0,11.4,6.0,42
2010-09-10,9.3,13.4,68,0.00,302,1.77,0.0,7.6,5.3,43
2010-09-11,7.5,12.9,80,0.40,181,2.11,4.0,9.9,4.6,42
2010-09-12,8.4,12.9,82,8.10,116,1.29,14.0,10.1,7.3,42
2010-09-13,6.8,11.2,84,0.30,332,1.40,1.0,6.3,4.2,53
2010-09-14,7.7,12.6,74,0.00,10,1.91,0.0,6.4,4.2,52
2010-09-15,8.5,12.9,83,0.40,14,1.30,3.0,9.1,4.5,62
2010-09-16,8.6,13.5,73,0.00,344,2.14,0.0,11.2,7.1,37
2010-09-17,7.2,13.4,56,0.00,348,2.76,0.0,11.8,8.5,31
2010-09-18,7.0,14.5,58,0.00,15,2.36,0.0,8.1,3.9,32
2010-09-19,8.3,14.1,86,9.00,75,0.69,13.0,8.8,4.7,43
2010-09-20,4.1,7.9,94,13.20,317,0.61,22.0,8.7,5.4,76
2010-09-21,3.4,8.6,82,1.30,285,1.47,4.0,6.8,2.9,50
2010-09-22,5.2,12.6,70,0.00,137,2.16,0.0,10.8,9.0,40
2010-09-23,7.1,12.5,64,0.00,137,1.92,0.0,16.8,12.0,41
2010-09-24,6.0,12.1,83,2.40,132,0.98,3.0,25.2,15.5,51
2010-09-25,11.5,16.8,62,0.50,140,2.37,2.0,26.0,23.8,53
2010-09-26,10.6,16.2,89,8.60,156,1.72,8.0,16.1,7.8,45
2010-09-27,12.9,17.6,68,0.60,139,1.82,2.0,22.4,14.1,46
2010-09-28,12.1,15.3,77,3.40,212,1.88,7.0,14.6,9.3,38
2010-09-29,9.2,15.0,64,0.00,353,1.78,0.0,10.1,4.6,39
2010-09-30,9.3,17.0,70,0.00,29,1.99,0.0,6.0,3.8,42
2010-10-01,10.9,20.6,70,0.00,121,2.36,0.0,15.6,8.1,41
2010-10-02,12.1,19.9,71,0.00,112,2.12,0.0,13.0,8.9,48
2010-10-03,9.2,14.1,72,0.00,346,1.79,0.0,13.0,6.3,52
2010-10-04,7.1,13.4,78,1.20,346,1.18,5.0,11.1,7.1,52
2010-10-05,4.8,12.3,80,0.00,147,1.42,0.0,16.1,7.4,43
2010-10-06,9.2,17.4,59,0.00,136,2.47,0.0,15.5,13.6,39
2010-10-07,11.3,18.3,61,0.00,129,2.42,0.0,16.6,11.8,39
2010-10-08,10.7,17.4,68,0.20,144,2.01,2.0,16.6,8.8,44
2010-10-09,12.1,15.1,59,0.00,145,2.61,0.0,26.8,22.1,47
2010-10-10,10.5,13.0,69,7.50,171,2.18,12.0,29.3,20.7,25
2010-10-11,4.3,10.2,58,2.20,175,1.23,3.0,16.7,9.7,29
2010-10-12,4.7,11.0,72,0.00,134,1.21,0.0,17.0,13.1,54
2010-10-13,8.6,14.6,63,0.00,142,2.08,0.0,18.3,15.7,39
2010-10-14,8.6,13.8,57,0.10,144,1.79,1.0,19.9,12.8,43
2010-10-15,3.5,8.0,64,0.40,294,1.25,2.0,11.2,6.6,34
2010-10-16,2.1,6.2,68,0.00,126,1.17,0.0,6.5,5.4,37
2010-10-17,1.2,7.5,76,0.00,131,1.19,0.0,12.6,8.3,40
2010-10-18,3.1,8.0,70,1.80,130,0.90,7.0,15.5,13.8,52
2010-10-19,6.6,10.8,74,2.30,123,0.82,12.0,14.4,10.7,64
2010-10-20,6.3,13.0,87,1.20,115,1.07,5.0,14.4,8.6,52
2010-10-21,7.1,12.3,76,0.00,128,1.26,0.0,14.5,9.5,58
2010-10-22,6.9,11.8,79,0.20,124,1.03,1.0,16.3,10.0,53
2010-10-23,4.6,10.3,80,0.00,120,0.94,0.0,13.2,8.0,53
2010-10-24,5.6,8.3,75,1.40,115,0.88,7.0,20.1,14.4,59
2010-10-25,3.5,7.5,81,0.00,114,0.92,0.0,16.8,9.9,51
2010-10-26,3.1,6.0,89,3.40,139,0.44,14.0,13.3,9.6,64
2010-10-27,1.0,5.2,93,1.30,132,0.59,7.0,7.2,4.6,67
2010-10-28,0.4,4.6,94,1.50,77,0.33,5.0,6.4,5.2,74
2010-10-29,1.1,7.5,90,0.00,136,0.71,0.0,16.8,10.9,56
2010-10-30,3.6,8.3,73,0.00,136,1.15,0.0,23.4,18.7,51
2010-10-31,4.5,7.2,71,4.60,145,1.32,6.0,21.2,13.7,53
2010-11-01,4.8,8.9,65,5.00,146,1.43,6.0,27.2,20.1,51
2010-11-02,3.7,8.6,73,0.90,172,1.02,2.0,12.5,10.5,42
2010-11-03,3.8,10.0,69,0.00,124,1.00,0.0,14.3,10.4,44
2010-11-04,6.9,13.2,55,0.00,135,1.89,0.0,24.6,18.2,44
2010-11-05,5.4,11.9,78,4.20,126,0.85,11.0,21.7,9.8,48
2010-11-06,1.9,5.9,81,0.00,135,0.58,0.0,14.2,7.1,57
2010-11-07,3.1,6.0,83,2.30,131,0.74,8.0,15.5,9.7,51
2010-11-08,-0.2,4.9,82,0.00,124,0.55,0.0,7.5,5.7,60
2010-11-09,-1.4,2.0,80,0.00,127,0.53,0.0,18.4,9.9,49
2010-11-10,-1.2,1.7,75,0.00,48,0.53,0.0,5.4,3.8,53
2010-11-11,-1.1,2.5,77,0.00,126,0.55,0.0,19.1,11.4,58
2010-11-12,-0.9,3.4,82,1.10,141,0.62,7.0,15.8,8.2,56
2010-11-13,0.8,3.7,78,7.40,140,0.60,7.0,17.9,14.1,68
2010-11-14,1.1,4.9,95,10.30,133,0.36,15.0,12.7,9.9,80
2010-11-15,-0.2,4.3,98,8.10,136,0.15,13.0,10.0,7.0,93
2010-11-16,-2.6,0.3,87,13.10,326,0.38,9.0,15.9,9.2,67
2010-11-17,-3.7,-1.1,79,3.40,66,0.31,15.0,12.0,7.5,70
2010-11-18,-11.6,-3.1,76,2.50,302,0.25,6.0,10.6,8.8,57
2010-11-19,-17.9,-13.6,79,0.00,339,0.18,0.0,7.8,5.0,63
2010-11-20,-16.9,-12.2,76,0.00,358,0.23,0.0,10.5,7.0,55
2010-11-21,-18.5,-13.3,77,0.00,11,0.19,0.0,10.8,5.9,63
2010-11-22,-18.8,-15.2,70,0.00,353,0.22,0.0,14.8,11.6,44
2010-11-23,-22.8,-18.3,75,0.00,14,0.16,0.0,12.6,7.7,59
2010-11-24,-18.6,-11.3,79,0.30,122,0.16,2.0,11.2,8.6,65
2010-11-25,-9.3,-6.1,80,7.20,136,0.24,20.0,16.4,13.5,73
2010-11-26,-4.5,-2.0,76,2.90,139,0.54,11.0,21.6,18.2,70
2010-11-27,-6.8,-3.9,88,2.40,95,0.15,10.0,11.2,5.8,83
2010-11-28,-9.3,-5.4,89,0.00,64,0.20,0.0,5.4,3.6,79
2010-11-29,-11.9,-4.2,84,0.00,125,0.25,0.0,22.1,11.8,66
2010-11-30,-2.8,-0.7,73,0.40,137,0.64,4.0,25.3,21.5,69
2010-12-01,-5.8,-1.4,88,1.30,126,0.25,6.0,15.5,11.1,79
2010-12-02,-5.3,-2.9,86,0.40,127,0.22,3.0,12.9,11.4,76
2010-12-03,-9.5,-3.9,87,0.40,123,0.17,3.0,9.7,7.3,79
2010-12-04,-13.3,-8.1,85,0.00,122,0.17,0.0,10.2,8.4,71
2010-12-05,-15.3,-8.7,79,0.00,109,0.20,0.0,11.0,9.8,64
2010-12-06,-10.8,-6.5,76,0.00,87,0.20,0.0,8.7,5.7,63
2010-12-07,-6.0,1.8,79,0.00,123,0.35,0.0,17.8,12.3,69
2010-12-08,0.8,2.4,80,1.30,138,0.51,8.0,21.7,17.5,71
2010-12-09,-2.3,1.7,90,3.10,136,0.20,12.0,16.2,12.1,83
2010-12-10,-9.9,-2.9,89,0.00,119,0.13,0.0,10.2,5.1,78
2010-12-11,-9.8,-4.0,88,0.60,119,0.16,3.0,11.8,10.7,80
2010-12-12,-2.0,1.5,84,3.80,121,0.33,11.0,17.8,13.6,77
2010-12-13,-3.4,0.6,90,0.30,128,0.24,2.0,19.1,13.7,79
2010-12-14,-0.8,-0.0,78,1.90,137,0.50,3.0,21.3,17.9,57
2010-12-15,-7.2,-2.6,82,0.00,131,0.24,0.0,13.3,9.9,72
2010-12-16,-13.4,-7.5,85,0.00,99,0.16,0.0,10.2,8.5,74
2010-12-17,-10.9,-6.2,81,0.00,87,0.19,0.0,10.9,8.9,66
2010-12-18,-15.6,-9.5,80,0.00,55,0.15,0.0,6.3,4.8,62
2010-12-19,-15.3,-11.8,76,0.00,10,0.15,0.0,7.7,6.1,63
2010-12-20,-17.7,-12.5,76,0.00,39,0.14,0.0,7.7,4.7,60
2010-12-21,-11.6,-2.9,78,0.00,112,0.26,0.0,15.6,11.7,68
2010-12-22,-2.4,0.7,71,0.10,130,0.64,1.0,20.5,18.1,65
2010-12-23,-3.4,0.1,80,0.50,128,0.41,3.0,23.2,17.2,64
2010-12-24,0.6,2.7,67,0.80,136,1.02,4.0,28.8,25.7,59
2010-12-25,1.8,3.8,71,0.00,140,0.86,0.0,26.7,19.8,63
2010-12-26,-0.3,2.5,80,3.00,138,0.43,9.0,20.1,12.5,64
2010-12-27,-4.6,-2.1,85,0.20,138,0.22,1.0,13.6,11.2,67
2010-12-28,-5.8,-4.1,81,1.60,135,0.27,8.0,13.2,7.3,63
2010-12-29,-12.7,-7.2,81,0.00,3,0.18,0.0,14.9,8.3,68
2010-12-30,-17.1,-10.8,77,0.00,16,0.15,0.0,11.9,7.2,63
2010-12-31,-19.6,-12.5,75,0.00,110,0.15,0.0,10.6,8.5,59
2011-01-01,-16.6,-10.8,76,0.00,119,0.14,0.0,9.6,8.3,66
2011-01-02,-12.1,-8.2,82,0.00,114,0.17,0.0,9.9,7.4,74
2011-01-03,-12.5,-5.6,83,0.00,121,0.19,0.0,10.2,8.6,73
2011-01-04,-6.4,-3.9,85,9.10,128,0.15,16.0,12.5,10.8,82
2011-01-05,-3.7,-1.1,88,6.40,131,0.22,13.0,19.2,13.7,76
2011-01-06,-4.2,-1.3,86,0.30,130,0.25,2.0,17.8,8.1,71
2011-01-07,-3.0,-0.8,89,9.90,97,0.18,17.0,12.0,8.1,78
2011-01-08,-8.9,-2.9,84,0.50,309,0.18,5.0,14.0,8.5,70
2011-01-09,-15.9,-11.3,78,0.00,335,0.17,0.0,12.0,6.2,63
2011-01-10,-20.0,-16.3,75,0.00,42,0.15,0.0,7.7,3.3,60
2011-01-11,-20.2,-14.2,70,0.00,62,0.16,0.0,5.2,3.7,54
2011-01-12,-15.7,-12.0,78,8.50,41,0.11,15.0,9.1,6.2,70
2011-01-13,-16.3,-12.7,79,4.90,349,0.11,13.0,10.3,7.4,73
2011-01-14,-18.3,-17.0,74,8.00,347,0.11,18.0,8.7,6.7,71
2011-01-15,-15.0,-8.5,79,0.00,34,0.16,0.0,6.4,4.7,68
2011-01-16,-3.9,0.6,90,13.80,120,0.25,19.0,14.9,11.5,75
2011-01-17,-2.2,0.1,90,6.80,29,0.24,14.0,13.7,6.8,77
2011-01-18,-11.7,-4.4,81,0.00,75,0.26,0.0,11.4,5.1,58
2011-01-19,-15.5,-9.7,76,0.00,110,0.22,0.0,9.4,7.7,65
2011-01-20,-5.8,-1.0,80,12.30,130,0.40,21.0,17.6,14.1,70
2011-01-21,-4.1,-0.5,86,4.30,127,0.34,8.0,14.3,12.0,74
2011-01-22,-3.4,-0.3,77,0.80,176,0.39,5.0,16.3,9.4,66
2011-01-23,-4.4,-1.9,85,0.00,142,0.38,0.0,17.6,9.2,70
2011-01-24,-1.4,0.3,84,5.30,129,0.34,12.0,18.8,12.9,72
2011-01-25,-1.9,1.1,92,2.40,130,0.36,10.0,12.7,9.6,76
2011-01-26,1.0,3.2,86,4.40,135,0.37,7.0,19.3,15.2,77
2011-01-27,0.8,2.7,88,0.00,133,0.40,0.0,17.1,13.7,77
2011-01-28,-2.9,1.8,83,0.80,347,0.29,7.0,14.6,7.6,73
2011-01-29,-11.1,-5.1,81,0.00,320,0.29,0.0,11.8,9.4,61
2011-01-30,-17.0,-11.9,73,0.00,349,0.30,0.0,10.7,5.2,50
2011-01-31,-18.9,-13.0,70,0.00,94,0.22,0.0,7.9,5.3,56
2011-02-01,-17.6,-10.6,66,0.00,113,0.28,0.0,10.3,9.1,49
2011-02-02,-10.0,-3.1,72,0.00,122,0.45,0.0,11.3,10.5,55
2011-02-03,-4.1,-1.4,77,3.80,128,0.39,10.0,15.2,14.1,68
2011-02-04,-1.6,2.9,87,4.30,128,0.48,11.0,16.7,13.1,73
2011-02-05,-4.4,2.0,74,0.00,313,0.59,0.0,14.3,7.5,55
2011-02-06,-6.4,-4.5,80,5.30,90,0.25,11.0,16.6,7.1,70
2011-02-07,-5.6,-4.2,83,8.40,73,0.39,16.0,17.2,12.2,64
2011-02-08,-12.7,-8.6,75,0.00,320,0.45,0.0,14.3,7.4,52
2011-02-09,-13.2,-6.0,75,0.00,121,0.38,0.0,10.3,8.7,57
2011-02-10,-6.6,-1.1,82,5.60,118,0.34,17.0,10.1,8.8,64
2011-02-11,-2.6,0.4,86,0.90,124,0.42,5.0,15.5,11.6,73
2011-02-12,-0.7,1.9,85,4.10,135,0.42,15.0,18.4,15.1,70
2011-02-13,-2.0,1.6,82,3.40,155,0.57,7.0,18.2,10.6,59
2011-02-14,-0.3,3.3,76,0.50,133,0.81,3.0,21.4,16.6,61
2011-02-15,-0.2,3.0,74,1.50,154,0.98,3.0,22.9,15.3,45
2011-02-16,-5.3,-0.4,81,0.20,20,0.57,1.0,7.2,5.0,60
2011-02-17,-10.6,-4.1,79,3.00,326,0.40,9.0,10.8,8.6,61
2011-02-18,-18.3,-12.6,68,0.00,322,0.37,0.0,13.2,11.4,51
2011-02-19,-20.5,-12.0,68,0.00,65,0.44,0.0,8.4,5.1,40
2011-02-20,-18.7,-9.9,66,0.00,106,0.42,0.0,9.8,6.6,44
2011-02-21,-12.3,-5.6,67,1.60,123,0.52,7.0,12.6,8.8,44
2011-02-22,-10.8,-5.9,77,3.50,355,0.54,11.0,16.4,9.6,50
2011-02-23,-15.8,-9.5,68,0.00,350,0.50,0.0,14.8,10.8,40
2011-02-24,-20.2,-13.1,64,0.00,345,0.44,0.0,12.6,9.9,39
2011-02-25,-21.6,-13.0,65,0.00,2,0.49,0.0,10.2,5.1,44
2011-02-26,-13.4,-5.0,67,3.30,122,0.61,13.0,13.5,11.3,47
2011-02-27,-9.6,-4.6,73,6.00,120,0.64,22.0,14.5,12.8,53
2011-02-28,-14.2,-4.9,70,5.00,323,0.41,14.0,17.3,10.3,50
2011-03-01,-20.1,-13.3,69,0.00,336,0.47,0.0,9.4,5.8,51
2011-03-02,-12.9,2.7,72,0.90,37,0.69,5.0,20.4,7.5,53
2011-03-03,-4.2,3.0,68,0.80,151,0.95,4.0,19.1,12.1,49
2011-03-04,-6.4,0.1,75,0.00,100,0.92,0.0,18.4,6.6,44
2011-03-05,-2.8,-0.2,72,1.70,123,1.05,10.0,18.2,11.9,48
2011-03-06,-8.4,-2.3,80,0.00,329,0.83,0.0,11.0,7.9,57
2011-03-07,-10.8,-3.2,72,0.00,342,0.93,0.0,9.1,5.8,41
2011-03-08,-9.3,-0.3,70,0.00,112,0.83,0.0,15.1,8.4,43
2011-03-09,-4.7,3.8,78,0.70,123,0.83,3.0,24.6,13.1,59
2011-03-10,-0.4,3.6,81,2.50,132,1.01,8.0,17.1,11.7,59
2011-03-11,-2.2,3.3,80,2.60,202,1.14,8.0,15.2,8.4,42
2011-03-12,0.5,5.1,66,1.50,141,1.57,6.0,21.9,18.4,46
2011-03-13,-0.5,4.9,79,0.50,131,0.98,3.0,24.6,15.8,51
2011-03-14,2.1,6.0,72,0.60,144,1.49,4.0,23.0,20.3,42
2011-03-15,1.5,6.9,69,0.80,140,1.71,3.0,27.1,17.5,45
2011-03-16,0.9,5.8,74,0.20,145,1.61,1.0,17.3,11.8,41
2011-03-17,-2.1,3.9,71,0.00,195,1.47,0.0,9.0,5.4,46
2011-03-18,-3.3,4.0,72,0.00,113,1.48,0.0,16.2,8.4,39
2011-03-19,-2.5,3.3,74,0.00,69,0.93,0.0,11.2,5.8,47
2011-03-20,-1.8,1.7,82,0.40,329,0.88,2.0,7.1,4.1,65
2011-03-21,-2.7,1.5,83,0.30,4,0.86,2.0,8.5,6.0,62
2011-03-22,-1.2,5.2,78,1.60,320,1.53,6.0,5.9,3.7,32
2011-03-23,-1.3,4.8,66,0.00,100,1.73,0.0,10.9,5.3,33
2011-03-24,-1.8,4.5,73,0.00,89,1.69,0.0,10.3,5.9,44
2011-03-25,-0.4,5.4,74,0.00,111,1.78,0.0,7.0,4.2,40
2011-03-26,1.0,7.5,72,0.20,127,1.67,1.0,13.1,7.4,41
2011-03-27,-0.1,5.8,67,0.00,117,1.87,0.0,11.9,6.7,48
2011-03-28,0.6,6.3,71,0.40,140,1.73,3.0,11.5,6.7,40
2011-03-29,1.5,6.3,73,0.00,140,1.84,0.0,13.4,12.2,49
2011-03-30,2.5,8.0,72,3.60,163,1.75,13.0,17.7,13.0,45
2011-03-31,2.5,7.0,70,5.10,246,1.94,11.0,14.8,7.0,35
2011-04-01,0.0,6.3,61,0.20,323,1.92,1.0,16.2,5.8,34
2011-04-02,-1.2,4.3,62,0.00,339,1.91,0.0,17.6,10.6,43
2011-04-03,-0.2,5.5,64,0.20,86,1.95,1.0,16.7,9.4,34
2011-04-04,1.1,6.4,66,2.30,167,2.13,11.0,14.3,12.0,38
2011-04-05,-0.4,4.6,78,3.70,182,1.43,12.0,13.4,7.8,45
2011-04-06,-0.8,3.3,60,0.00,166,2.00,0.0,10.9,7.1,44
2011-04-07,-2.0,3.8,64,0.00,327,2.04,0.0,10.2,7.2,39
2011-04-08,-0.6,4.5,56,0.00,162,1.74,0.0,9.4,6.7,38
2011-04-09,2.1,8.4,69,1.40,154,1.91,8.0,11.5,8.4,40
2011-04-10,1.7,7.9,65,0.00,151,1.71,0.0,23.7,11.8,41
2011-04-11,2.5,6.4,61,1.60,177,2.13,5.0,21.9,16.7,36
2011-04-12,-0.9,4.7,50,0.30,156,2.22,1.0,17.4,9.9,32
2011-04-13,1.0,6.3,54,0.00,124,2.34,0.0,20.3,13.8,35
2011-04-14,1.5,6.3,61,0.60,149,2.29,3.0,15.0,10.3,39
2011-04-15,-0.3,4.3,60,0.20,133,2.18,1.0,9.7,4.9,39
2011-04-16,-0.9,3.5,70,3.00,279,1.55,8.0,12.4,6.6,51
2011-04-17,-2.0,2.7,70,1.00,319,1.94,5.0,14.0,8.9,46
2011-04-18,-1.2,3.1,57,0.20,330,2.31,1.0,13.8,7.5,41
2011-04-19,-0.7,3.4,65,0.00,238,2.19,0.0,7.6,4.3,42
2011-04-20,0.1,4.1,57,0.40,202,2.43,2.0,7.4,3.4,42
2011-04-21,-0.4,3.9,63,0.00,316,2.10,0.0,13.3,7.1,36
2011-04-22,0.6,6.8,52,0.00,298,2.43,0.0,11.5,5.9,35
2011-04-23,2.6,8.2,54,0.00,127,2.97,0.0,8.6,5.6,35
2011-04-24,2.9,9.8,60,0.00,126,3.11,0.0,11.5,8.0,36
2011-04-25,4.0,12.0,69,0.80,147,2.42,5.0,9.0,5.4,21
2011-04-26,2.9,9.5,78,1.70,303,2.44,2.0,7.6,4.2,37
2011-04-27,1.4,7.6,80,0.90,144,1.89,6.0,12.5,8.6,47
2011-04-28,1.7,6.5,67,0.00,116,1.96,0.0,10.9,6.7,43
2011-04-29,1.8,7.5,73,0.40,309,2.30,2.0,11.1,8.1,55
2011-04-30,2.0,7.8,71,0.10,289,2.30,1.0,11.3,5.9,36
2011-05-01,3.8,10.5,52,0.00,284,3.11,0.0,11.3,6.1,37
2011-05-02,4.6,10.5,65,1.60,137,1.87,7.0,19.0,12.4,39
2011-05-03,2.7,8.1,79,3.40,240,2.09,9.0,12.6,6.4,44
2011-05-04,4.3,9.9,54,0.00,227,2.67,0.0,13.8,8.1,40
2011-05-05,5.4,10.0,72,3.20,128,2.47,14.0,13.8,7.9,47
2011-05-06,4.3,9.4,77,2.80,346,2.58,8.0,6.2,3.0,47
2011-05-07,4.5,8.0,78,2.60,120,1.88,12.0,7.4,5.5,56
2011-05-08,5.3,11.1,78,2.10,352,2.54,11.0,9.5,4.2,53
2011-05-09,6.1,13.4,77,0.10,162,3.05,1.0,9.5,5.0,42
2011-05-10,8.4,15.2,60,0.90,153,2.58,2.0,13.7,7.1,39
2011-05-11,7.5,13.0,85,8.00,123,1.57,19.0,16.5,8.8,58
2011-05-12,5.4,10.3,80,19.40,166,2.63,18.0,14.5,8.3,29
2011-05-13,5.5,13.6,55,0.50,125,3.51,1.0,14.1,10.6,25
2011-05-14,7.1,13.5,67,4.40,37,2.24,7.0,11.2,6.2,27
2011-05-15,9.2,19.8,78,1.40,46,3.87,3.0,10.5,5.1,24
2011-05-16,9.1,18.6,68,1.30,133,2.17,5.0,14.5,8.6,28
2011-05-17,3.6,9.1,92,31.20,213,1.00,24.0,15.2,7.8,72
2011-05-18,3.6,12.1,84,2.10,146,2.60,9.0,10.0,6.5,39
2011-05-19,8.1,16.9,57,0.10,353,4.21,1.0,10.2,6.9,29
2011-05-20,11.0,18.4,62,1.50,56,4.24,2.0,9.3,5.3,31
2011-05-21,11.5,18.1,63,0.00,125,4.06,0.0,9.0,6.5,33
2011-05-22,10.0,17.7,78,4.80,236,1.87,11.0,10.0,5.3,34
2011-05-23,8.0,12.4,69,0.00,321,2.01,0.0,9.3,7.1,54
2011-05-24,9.0,13.9,73,0.50,342,2.79,3.0,9.5,5.7,55
2011-05-25,10.4,16.2,79,4.10,69,2.89,6.0,6.1,4.3,55
2011-05-26,9.2,15.2,93,14.70,343,1.81,17.0,10.0,5.0,60
2011-05-27,4.5,8.6,88,12.30,178,1.41,24.0,12.6,7.9,58
2011-05-28,7.4,13.7,73,5.60,336,2.71,7.0,8.4,5.1,53
2011-05-29,9.3,16.5,74,1.30,327,3.74,3.0,8.1,4.6,38
2011-05-30,10.7,16.3,68,0.80,4,3.18,3.0,9.2,5.0,36
2011-05-31,10.6,17.1,72,0.50,5,3.42,3.0,7.2,3.5,39
2011-06-01,10.5,16.4,72,1.30,27,3.20,7.0,7.9,3.6,41
2011-06-02,10.6,16.2,72,1.20,158,3.79,5.0,9.2,6.0,47
2011-06-03,10.2,16.2,73,2.60,205,2.72,4.0,9.3,5.0,43
2011-06-04,12.3,17.5,60,0.00,273,3.61,0.0,8.4,5.7,35
2011-06-05,12.1,18.0,54,0.00,328,4.22,0.0,11.3,8.1,31
2011-06-06,12.8,19.4,51,0.00,344,5.11,0.0,8.6,7.2,30
2011-06-07,11.2,19.4,77,7.00,341,2.46,12.0,11.6,7.5,30
2011-06-08,11.2,17.6,63,0.70,334,3.84,3.0,13.2,10.4,36
2011-06-09,13.4,19.4,57,0.00,212,4.49,0.0,10.6,6.1,31
2011-06-10,11.9,18.7,70,0.70,308,3.78,6.0,13.8,6.9,35
2011-06-11,10.5,15.8,74,1.50,318,3.58,2.0,6.5,3.5,41
2011-06-12,11.5,15.8,67,0.50,196,3.81,3.0,8.4,5.7,41
2011-06-13,10.9,15.0,72,2.80,142,2.76,9.0,9.5,6.8,51
2011-06-14,9.5,14.5,76,1.70,251,3.14,6.0,7.3,3.9,47
2011-06-15,7.4,12.9,70,4.30,299,2.28,13.0,15.5,8.7,48
2011-06-16,10.6,17.5,63,0.80,320,3.48,4.0,15.0,11.4,48
2011-06-17,13.1,18.1,69,0.70,335,3.65,3.0,14.0,8.2,48
2011-06-18,12.3,17.9,80,3.10,318,2.26,10.0,12.0,7.0,52
2011-06-19,12.9,16.5,63,0.00,314,3.21,0.0,12.2,9.3,45
2011-06-20,12.5,16.3,60,0.00,297,3.23,0.0,9.7,6.9,42
2011-06-21,12.9,18.4,60,0.00,161,4.06,0.0,9.6,6.7,33
2011-06-22,14.0,20.5,57,0.00,138,4.77,0.0,12.4,8.5,30
2011-06-23,13.0,20.5,67,2.70,299,3.29,13.0,10.8,6.6,29
2011-06-24,9.2,14.3,69,3.10,245,2.77,4.0,12.1,6.5,38
2011-06-25,7.9,12.3,83,9.70,234,2.06,21.0,10.8,7.1,45
2011-06-26,10.7,15.8,71,0.60,288,2.32,4.0,11.8,5.8,53
2011-06-27,14.1,21.1,60,0.00,137,4.23,0.0,14.0,9.5,32
2011-06-28,13.9,20.8,75,6.70,141,2.06,11.0,10.9,8.4,33
2011-06-29,11.9,14.3,95,18.30,148,1.80,24.0,9.9,6.2,80
2011-06-30,8.7,12.3,82,2.40,241,3.13,6.0,9.4,4.4,51
2011-07-01,8.1,14.0,73,1.40,162,2.78,5.0,12.9,8.6,45
2011-07-02,12.1,17.9,59,0.00,145,3.58,0.0,15.0,12.7,40
2011-07-03,11.3,16.9,77,10.90,261,3.05,16.0,9.7,5.9,41
2011-07-04,10.9,19.0,65,0.80,153,4.09,1.0,11.3,5.2,30
2011-07-05,14.5,19.7,62,0.00,185,4.01,0.0,8.7,4.4,31
2011-07-06,15.2,21.3,68,0.00,342,4.45,0.0,8.6,4.4,43
2011-07-07,13.1,21.3,83,5.20,331,2.59,10.0,12.6,7.0,44
2011-07-08,9.6,12.5,79,9.80,293,1.66,22.0,12.0,9.1,47
2011-07-09,10.4,15.2,68,1.00,295,2.20,6.0,9.9,6.0,47
2011-07-10,12.5,18.7,69,0.40,36,3.59,3.0,5.4,3.5,48
2011-07-11,14.1,19.1,74,1.30,33,3.49,4.0,7.1,3.8,48
2011-07-12,14.5,19.2,80,9.20,46,2.94,17.0,6.5,3.0,50
2011-07-13,13.6,17.8,88,10.10,114,2.98,16.0,9.4,4.7,65
2011-07-14,12.1,17.3,80,1.30,158,3.44,4.0,10.9,8.4,48
2011-07-15,12.0,16.5,84,9.00,197,2.60,16.0,9.6,6.5,57
2011-07-16,14.0,19.7,72,0.00,130,3.46,0.0,12.3,7.3,46
2011-07-17,14.5,20.4,75,7.50,152,4.09,8.0,12.7,9.7,35
2011-07-18,14.9,20.2,72,0.30,160,3.27,2.0,9.4,4.4,34
2011-07-19,13.9,18.5,72,0.00,321,3.61,0.0,10.2,6.0,47
2011-07-20,12.0,17.3,66,4.40,263,3.12,3.0,9.9,6.6,42
2011-07-21,10.4,15.6,79,11.70,207,2.88,21.0,10.4,5.7,50
2011-07-22,8.8,12.3,85,12.50,144,1.53,17.0,9.7,6.3,67
2011-07-23,10.8,18.0,86,2.40,139,2.63,6.0,7.1,5.2,47
2011-07-24,14.7,21.6,68,0.00,147,4.00,0.0,9.2,6.5,43
2011-07-25,16.5,21.9,68,0.00,178,4.21,0.0,8.0,4.3,35
2011-07-26,14.4,21.4,62,0.00,316,3.58,0.0,12.3,10.2,35
2011-07-27,12.1,16.7,61,0.00,304,2.86,0.0,12.3,7.9,43
2011-07-28,13.1,17.8,69,0.00,179,2.74,0.0,9.7,4.1,44
2011-07-29,11.4,17.9,83,7.00,294,2.78,5.0,8.2,4.1,44
2011-07-30,14.0,20.5,64,0.20,124,3.30,1.0,14.8,7.6,44
2011-07-31,11.2,14.2,89,11.00,323,2.49,18.0,12.9,5.9,61
2011-08-01,10.8,18.2,72,0.50,214,3.91,2.0,10.0,4.2,36
2011-08-02,14.4,20.7,61,0.00,113,4.20,0.0,6.5,4.9,34
2011-08-03,15.0,20.3,60,0.00,354,3.90,0.0,9.8,6.4,34
2011-08-04,16.0,22.1,63,0.00,145,3.86,0.0,5.6,3.8,39
2011-08-05,16.3,21.6,69,0.00,331,3.30,0.0,9.8,6.2,41
2011-08-06,13.7,19.2,59,0.00,316,3.89,0.0,13.5,8.2,31
2011-08-07,13.6,20.2,62,0.00,356,3.98,0.0,12.9,5.5,35
2011-08-08,15.7,23.0,60,0.00,3,4.29,0.0,6.8,4.3,34
2011-08-09,17.0,22.6,62,0.70,346,4.04,2.0,10.8,6.7,34
2011-08-10,16.5,22.0,66,0.00,328,3.96,0.0,9.3,5.7,34
2011-08-11,16.3,21.9,61,0.00,308,4.09,0.0,9.2,4.1,35
2011-08-12,15.1,21.2,60,0.00,330,3.53,0.0,11.3,6.9,42
2011-08-13,14.6,21.2,62,0.00,342,3.76,0.0,10.1,6.2,38
2011-08-14,13.5,21.1,67,2.90,301,2.95,5.0,10.0,6.0,36
2011-08-15,10.1,15.1,74,0.20,294,2.68,1.0,8.1,4.2,35
2011-08-16,12.1,19.0,61,0.00,175,3.35,0.0,8.6,4.9,32
2011-08-17,11.8,18.9,64,1.30,323,2.27,5.0,9.5,7.0,31
2011-08-18,11.0,17.0,67,0.10,235,2.89,1.0,9.1,4.0,31
2011-08-19,12.7,20.1,61,0.00,113,3.69,0.0,6.4,4.4,32
2011-08-20,15.7,24.6,64,0.00,129,3.93,0.0,10.3,6.0,32
2011-08-21,16.6,24.8,62,0.00,134,2.57,0.0,14.7,11.4,31
2011-08-22,16.0,19.9,66,9.60,141,2.33,12.0,15.9,11.6,46
2011-08-23,12.6,18.3,85,9.80,132,2.48,6.0,11.6,5.1,48
2011-08-24,14.7,19.9,67,0.00,146,2.95,0.0,9.8,5.5,40
2011-08-25,13.3,19.8,55,0.00,337,3.61,0.0,14.5,7.4,39
2011-08-26,14.7,21.4,63,0.00,72,3.24,0.0,7.4,4.1,36
2011-08-27,15.4,21.3,60,0.00,2,3.36,0.0,6.8,5.0,33
2011-08-28,15.6,24.5,61,0.00,87,3.85,0.0,8.4,5.0,32
2011-08-29,15.1,24.6,75,2.90,349,1.88,12.0,13.5,6.9,32
2011-08-30,10.5,14.9,70,0.00,314,2.47,0.0,11.4,8.0,41
2011-08-31,9.1,14.2,61,0.10,336,2.89,1.0,12.9,9.6,42
2011-09-01,9.1,15.0,67,0.70,139,1.92,4.0,12.9,8.6,40
2011-09-02,8.3,14.1,67,3.10,288,1.78,3.0,14.1,7.2,46
2011-09-03,10.0,18.6,66,0.00,125,2.94,0.0,9.0,6.3,36
2011-09-04,13.9,22.3,55,0.00,130,3.74,0.0,13.0,10.6,29
2011-09-05,14.7,22.2,63,0.00,151,3.36,0.0,12.8,7.7,29
2011-09-06,15.0,23.7,60,0.00,154,3.56,0.0,12.0,7.3,30
2011-09-07,16.4,24.5,63,0.00,122,3.56,0.0,9.5,5.7,31
2011-09-08,17.6,25.1,62,0.00,70,3.45,0.0,5.3,3.8,31
2011-09-09,17.3,24.8,66,0.00,5,3.41,0.0,7.2,4.3,32
2011-09-10,16.8,23.5,62,0.00,358,3.60,0.0,9.4,7.6,36
2011-09-11,15.7,22.9,65,0.00,348,3.27,0.0,13.1,8.5,38
2011-09-12,13.6,19.7,59,0.00,343,3.20,0.0,12.9,7.4,32
2011-09-13,13.4,18.9,61,0.00,344,2.44,0.0,10.6,6.3,36
2011-09-14,12.8,19.4,65,0.00,341,2.62,0.0,10.0,5.8,42
2011-09-15,11.6,18.7,83,7.30,325,0.98,12.0,10.4,6.6,46
2011-09-16,8.4,13.7,81,3.60,212,1.88,8.0,11.5,5.9,33
2011-09-17,8.7,13.4,62,0.30,199,2.29,2.0,10.0,6.0,35
2011-09-18,8.5,13.9,71,2.80,138,2.05,8.0,18.8,12.8,50
2011-09-19,8.3,13.6,62,0.60,315,2.01,2.0,8.9,3.9,34
2011-09-20,9.8,18.2,58,0.00,126,2.87,0.0,20.0,11.7,31
2011-09-21,13.6,18.0,45,0.00,137,3.46,0.0,26.8,20.3,33
2011-09-22,12.3,17.5,85,9.30,151,1.22,21.0,27.1,8.0,44
2011-09-23,15.9,20.3,64,1.60,151,2.77,8.0,29.0,21.8,43
2011-09-24,8.9,16.9,90,7.90,343,1.15,17.0,15.5,8.6,62
2011-09-25,14.4,17.1,47,1.00,154,3.54,1.0,26.8,16.4,32
2011-09-26,6.6,13.5,81,5.50,139,1.18,10.0,36.0,13.6,53
2011-09-27,8.7,13.3,64,0.30,160,2.28,2.0,34.7,19.3,33
2011-09-28,7.5,12.1,59,0.50,251,1.94,4.0,13.5,6.6,35
2011-09-29,8.2,15.2,51,0.00,128,2.58,0.0,21.8,14.1,33
2011-09-30,10.2,14.2,55,0.40,131,2.05,2.0,21.9,13.1,38
2011-10-01,5.5,9.0,84,1.90,23,0.68,9.0,6.9,4.4,66
2011-10-02,4.6,10.3,84,0.40,22,1.26,2.0,5.8,3.8,51
2011-10-03,7.7,13.4,76,1.50,113,1.37,2.0,19.1,10.0,55
2011-10-04,7.8,11.8,71,0.50,142,1.84,4.0,18.1,15.3,42
2011-10-05,6.2,11.5,69,0.00,85,1.65,0.0,12.9,7.7,44
2011-10-06,6.9,12.6,68,0.00,322,1.79,0.0,8.9,7.0,46
2011-10-07,7.4,12.1,71,0.70,317,1.45,4.0,16.4,8.4,38
2011-10-08,5.7,11.2,70,0.00,125,1.53,0.0,23.9,11.3,42
2011-10-09,7.0,10.9,60,0.80,157,2.16,3.0,21.4,12.8,31
2011-10-10,5.8,10.0,68,0.00,128,1.23,0.0,18.4,10.3,36
2011-10-11,5.7,10.2,87,3.00,136,0.96,9.0,16.6,12.7,64
2011-10-12,5.1,10.1,83,2.10,139,1.13,8.0,12.0,9.1,42
2011-10-13,2.7,7.1,74,0.00,83,1.09,0.0,5.8,3.5,42
2011-10-14,1.9,7.0,74,0.00,120,1.23,0.0,7.8,5.9,46
2011-10-15,0.6,6.0,80,0.00,114,1.14,0.0,6.4,4.1,51
2011-10-16,1.0,7.0,79,0.00,117,1.14,0.0,8.6,7.3,49
2011-10-17,3.0,7.9,74,0.60,128,0.98,2.0,12.3,9.9,58
2011-10-18,5.9,13.2,71,0.00,130,1.55,0.0,15.5,12.7,45
2011-10-19,6.9,11.9,76,3.00,134,1.05,5.0,12.9,10.6,53
2011-10-20,3.8,8.6,81,2.20,329,0.87,6.0,10.6,5.9,47
2011-10-21,3.0,8.8,77,0.30,125,0.76,2.0,23.5,11.3,53
2011-10-22,2.7,8.4,85,1.00,141,0.78,3.0,15.3,8.0,63
2011-10-23,1.4,6.6,84,0.60,146,0.91,3.0,6.9,4.7,43
2011-10-24,1.4,5.6,73,0.00,207,0.84,0.0,8.2,3.3,50
2011-10-25,0.9,4.9,74,0.10,220,0.86,1.0,7.7,4.1,45
2011-10-26,1.4,4.2,62,1.60,139,1.07,8.0,21.0,15.7,56
2011-10-27,0.4,4.8,65,0.30,196,0.98,1.0,8.7,6.2,44
2011-10-28,2.4,4.3,56,1.00,135,1.37,3.0,23.4,19.1,47
2011-10-29,-0.7,3.9,89,2.10,151,0.64,5.0,12.8,7.6,65
2011-10-30,3.1,7.0,78,6.50,137,0.84,12.0,17.4,13.3,68
2011-10-31,1.0,6.4,70,0.00,274,0.87,0.0,17.3,6.9,34
2011-11-01,-0.2,3.4,59,0.00,220,1.00,0.0,13.4,9.0,41
2011-11-02,2.2,5.9,49,0.00,138,1.77,0.0,25.0,21.2,38
2011-11-03,0.5,4.9,70,0.40,140,0.92,3.0,22.8,9.1,43
2011-11-04,-2.6,0.3,70,0.00,315,0.68,0.0,8.8,6.0,45
2011-11-05,-2.6,1.6,65,0.00,134,0.80,0.0,10.4,8.8,41
2011-11-06,-2.7,0.7,73,0.20,130,0.57,2.0,7.9,6.9,51
2011-11-07,-2.2,0.8,66,1.70,139,0.68,8.0,18.0,12.5,57
2011-11-08,-3.5,2.0,83,1.90,136,0.58,4.0,11.8,7.3,50
2011-11-09,-0.4,2.7,64,0.90,129,0.82,5.0,21.2,15.9,59
2011-11-10,2.3,5.1,88,6.00,137,0.48,10.0,20.4,15.6,73
2011-11-11,1.4,3.6,98,15.00,142,0.34,22.0,13.7,10.3,91
2011-11-12,-1.1,-0.1,83,6.50,226,0.31,8.0,17.2,12.3,71
2011-11-13,-2.5,1.0,72,5.10,222,0.60,10.0,15.7,11.7,60
2011-11-14,-3.2,-0.7,53,0.60,283,0.95,6.0,20.2,13.8,36
2011-11-15,-5.2,-2.6,52,0.10,243,0.72,1.0,16.4,8.9,45
2011-11-16,-5.9,-3.2,59,1.20,132,0.62,3.0,24.4,13.1,45
2011-11-17,-3.6,-1.8,72,9.10,154,0.58,15.0,25.5,13.3,47
2011-11-18,-11.7,-3.2,76,0.00,343,0.27,0.0,12.9,10.2,58
2011-11-19,-16.6,-10.5,79,0.00,90,0.23,0.0,9.8,7.3,62
2011-11-20,-12.3,-5.4,82,0.00,125,0.28,0.0,17.7,12.2,62
2011-11-21,-5.4,-1.8,70,0.30,135,0.63,3.0,22.4,19.3,63
2011-11-22,-0.7,3.3,72,4.20,143,0.81,10.0,29.8,20.3,47
2011-11-23,-2.1,0.7,81,2.30,130,0.45,8.0,14.6,9.2,60
2011-11-24,-6.3,-1.7,79,0.40,128,0.33,3.0,25.5,13.7,63
2011-11-25,-2.7,-1.1,60,0.10,170,0.83,1.0,27.3,15.9,45
2011-11-26,-1.5,1.6,64,2.80,136,0.98,8.0,27.3,22.2,58
2011-11-27,1.5,2.2,87,13.60,146,0.43,17.0,29.6,17.6,71
2011-11-28,-6.2,-0.1,80,0.30,136,0.31,1.0,12.0,8.6,61
2011-11-29,-1.7,-0.7,82,4.30,131,0.30,15.0,16.5,14.2,81
2011-11-30,-3.2,-1.3,86,3.10,319,0.31,11.0,17.4,8.3,63
2011-12-01,-7.3,-2.2,83,0.00,120,0.25,0.0,17.6,12.2,66
2011-12-02,-4.5,-1.9,71,0.30,288,0.44,1.0,16.0,8.8,61
2011-12-03,-3.5,1.9,83,0.70,72,0.28,4.0,8.2,5.7,65
2011-12-04,-4.5,-0.1,83,0.00,3,0.29,0.0,10.3,7.7,73
2011-12-05,-7.7,-2.2,87,0.00,112,0.24,0.0,10.4,8.8,72
2011-12-06,-5.0,-0.2,86,0.00,116,0.23,0.0,13.4,8.7,76
2011-12-07,-9.1,-1.5,84,0.00,36,0.19,0.0,7.7,5.2,69
2011-12-08,-14.4,-7.0,82,0.00,103,0.16,0.0,10.1,7.5,70
2011-12-09,-11.6,-4.2,81,0.00,113,0.23,0.0,12.7,10.5,68
2011-12-10,-7.0,-3.1,81,0.30,119,0.24,1.0,15.4,10.3,73
2011-12-11,-11.9,-5.7,85,0.00,61,0.16,0.0,5.6,3.8,77
2011-12-12,-12.2,-6.4,84,0.00,109,0.17,0.0,12.0,8.3,68
2011-12-13,-6.3,-3.3,72,0.00,130,0.37,0.0,16.3,12.0,62
2011-12-14,-8.1,-4.0,84,1.00,98,0.21,4.0,10.0,6.4,73
2011-12-15,-4.8,-2.3,88,5.60,118,0.17,15.0,9.9,7.2,83
2011-12-16,-2.8,-1.1,91,13.40,130,0.14,20.0,13.5,11.5,89
2011-12-17,0.2,2.4,87,4.40,133,0.27,11.0,18.1,15.8,78
2011-12-18,-1.4,1.2,91,9.70,321,0.23,8.0,12.0,6.4,68
2011-12-19,-5.0,-0.9,83,0.00,131,0.26,0.0,18.1,13.2,73
2011-12-20,-3.7,0.1,82,0.00,144,0.38,0.0,19.7,13.3,55
2011-12-21,-10.0,-1.4,77,0.00,343,0.25,0.0,15.7,7.5,60
2011-12-22,-10.4,-4.1,79,0.00,124,0.26,0.0,18.3,12.7,61
2011-12-23,-5.8,-3.2,71,0.00,133,0.51,0.0,21.4,16.6,65
2011-12-24,-2.3,0.8,84,2.10,129,0.34,9.0,18.8,15.2,76
2011-12-25,0.4,1.4,82,0.10,138,0.43,1.0,22.7,19.6,71
2011-12-26,-6.8,0.3,79,0.90,143,0.22,4.0,20.4,10.4,74
2011-12-27,-3.3,-1.6,81,1.40,135,0.39,6.0,23.2,14.0,75
2011-12-28,-2.5,1.6,87,4.40,121,0.27,10.0,18.1,13.9,77
2011-12-29,-2.5,0.4,85,3.30,161,0.24,5.0,17.1,8.1,70
2011-12-30,-3.8,-1.7,85,2.70,133,0.23,8.0,19.1,12.3,71
2011-12-31,-10.6,-1.7,70,0.70,233,0.30,2.0,15.3,7.7,62
2012-01-01,-12.0,-2.9,70,0.00,118,0.40,0.0,22.2,14.7,53
2012-01-02,-1.2,1.4,63,0.00,136,0.91,0.0,22.9,20.0,57
2012-01-03,-0.5,2.1,80,2.90,135,0.45,4.0,24.6,17.9,71
2012-01-04,2.3,4.5,78,0.90,141,0.70,5.0,26.0,22.2,73
2012-01-05,-2.1,2.3,88,5.60,156,0.23,7.0,17.2,7.2,73
2012-01-06,-9.7,-2.8,80,0.00,125,0.20,0.0,8.0,6.4,66
2012-01-07,-9.2,-3.3,87,2.70,126,0.16,5.0,19.3,12.0,79
2012-01-08,-1.6,1.3,81,2.00,135,0.41,3.0,20.6,17.6,77
2012-01-09,1.3,4.1,82,0.00,148,0.51,0.0,21.3,17.0,62
2012-01-10,-8.0,1.3,69,0.00,301,0.40,0.0,14.8,9.1,55
2012-01-11,-15.0,-8.9,75,0.00,109,0.17,0.0,10.7,7.8,61
2012-01-12,-12.0,-5.5,74,0.00,119,0.28,0.0,13.0,10.9,64
2012-01-13,-11.7,-5.7,79,0.00,111,0.25,0.0,13.5,10.0,69
2012-01-14,-8.0,-6.3,82,3.10,103,0.19,10.0,11.3,7.9,76
2012-01-15,-12.9,-6.3,76,3.00,315,0.20,7.0,13.8,10.9,61
2012-01-16,-23.8,-19.1,71,0.00,322,0.10,0.0,10.3,7.1,60
2012-01-17,-26.6,-22.3,68,0.00,322,0.11,0.0,10.1,8.5,55
2012-01-18,-31.8,-27.1,64,0.00,21,0.09,0.0,8.7,4.7,47
2012-01-19,-32.5,-25.1,61,0.00,70,0.10,0.0,6.6,4.5,41
2012-01-20,-22.2,-10.2,65,0.00,96,0.21,0.0,11.6,8.0,49
2012-01-21,-6.7,-3.3,82,8.40,122,0.22,20.0,16.6,11.4,70
2012-01-22,-9.2,-3.3,79,0.10,121,0.29,1.0,22.2,12.0,62
2012-01-23,-4.2,-2.4,73,0.10,140,0.60,1.0,27.3,18.0,63
2012-01-24,-2.7,-0.4,68,2.60,137,0.80,10.0,27.1,21.3,60
2012-01-25,-2.7,-0.4,75,2.80,158,0.58,5.0,26.4,16.4,46
2012-01-26,-7.4,-2.1,68,1.40,198,0.53,7.0,21.3,8.5,38
2012-01-27,-8.6,-1.9,68,0.40,170,0.49,2.0,14.4,11.2,47
2012-01-28,-4.9,-3.2,83,10.10,143,0.22,17.0,19.4,11.2,65
2012-01-29,-1.1,3.4,83,1.70,136,0.55,8.0,19.3,16.4,74
2012-01-30,-1.6,1.9,90,0.80,142,0.32,6.0,12.1,8.7,75
2012-01-31,-1.6,0.9,88,1.20,136,0.37,10.0,13.0,11.3,73
2012-02-01,-1.4,0.2,81,2.90,155,0.57,10.0,15.8,11.4,58
2012-02-02,-4.2,1.2,77,0.00,127,0.50,0.0,13.4,10.4,59
2012-02-03,-2.5,3.6,78,0.00,122,0.66,0.0,12.3,11.0,56
2012-02-04,-2.7,2.5,79,0.00,123,0.60,0.0,12.1,9.8,64
2012-02-05,-5.6,0.9,77,0.00,80,0.58,0.0,8.0,5.0,53
2012-02-06,-6.8,-0.5,75,0.00,68,0.56,0.0,5.5,3.8,53
2012-02-07,-8.5,1.1,76,0.00,82,0.61,0.0,8.5,6.7,54
2012-02-08,-5.2,1.3,73,0.00,112,0.70,0.0,12.0,10.9,53
2012-02-09,-3.6,2.2,78,0.00,112,0.60,0.0,12.8,10.1,63
2012-02-10,-1.4,2.5,84,0.00,107,0.52,0.0,12.5,7.5,68
2012-02-11,-1.6,2.5,85,0.00,96,0.54,0.0,7.2,4.5,74
2012-02-12,-2.6,2.2,88,0.00,126,0.64,0.0,8.7,7.1,74
2012-02-13,-2.5,1.5,78,1.30,301,0.72,6.0,13.2,7.5,45
2012-02-14,-9.5,-2.1,71,0.00,80,0.64,0.0,7.9,4.7,47
2012-02-15,-9.7,-1.4,71,0.00,98,0.68,0.0,10.2,7.0,53
2012-02-16,-5.9,-1.8,80,4.30,118,0.37,9.0,11.9,9.5,64
2012-02-17,-6.1,1.3,83,0.00,111,0.67,0.0,17.8,10.5,55
2012-02-18,-1.7,1.6,76,0.90,134,0.92,5.0,18.7,12.9,59
2012-02-19,-4.4,0.6,82,0.40,248,0.60,4.0,8.2,4.8,56
2012-02-20,-5.8,-0.2,79,0.00,121,0.60,0.0,15.0,8.3,55
2012-02-21,-2.3,0.3,86,6.60,135,0.50,13.0,15.3,12.0,71
2012-02-22,-3.0,0.4,80,6.20,198,0.56,12.0,11.1,7.6,58
2012-02-23,-5.4,-0.5,72,0.00,281,0.81,0.0,10.0,6.8,42
2012-02-24,-6.2,-2.1,75,3.90,107,0.46,10.0,17.7,10.4,56
2012-02-25,-4.4,-1.9,81,6.90,360,0.57,16.0,18.1,11.3,62
2012-02-26,-11.2,-5.8,74,0.00,317,0.54,0.0,15.0,13.2,50
2012-02-27,-15.5,-7.1,68,0.00,127,0.55,0.0,13.5,9.6,46
2012-02-28,-8.1,-1.4,62,0.00,128,0.99,0.0,18.3,13.6,44
2012-02-29,-6.3,-1.6,67,0.00,112,0.81,0.0,15.2,10.4,48
2012-03-01,-5.2,-1.8,79,1.10,321,0.76,7.0,11.5,6.6,53
2012-03-02,-6.0,-0.5,77,0.30,130,0.59,3.0,11.5,9.2,61
2012-03-03,-1.3,3.3,85,6.80,139,0.63,14.0,13.2,10.3,68
2012-03-04,-0.2,4.2,88,9.90,70,0.61,18.0,10.3,6.6,66
2012-03-05,-3.8,0.1,78,3.50,336,0.68,10.0,18.2,10.6,44
2012-03-06,-9.7,-4.9,63,0.00,313,1.03,0.0,18.2,9.4,39
2012-03-07,-5.4,2.1,71,0.50,133,0.94,5.0,11.8,9.7,49
2012-03-08,-2.6,3.0,77,0.00,122,0.82,0.0,18.2,11.3,56
2012-03-09,2.1,6.2,67,0.00,148,1.51,0.0,19.1,16.8,55
2012-03-10,0.2,7.0,77,0.90,170,0.98,4.0,12.0,6.5,50
2012-03-11,-0.3,3.4,74,0.00,143,1.23,0.0,17.3,13.7,28
2012-03-12,-3.2,1.6,60,0.00,143,1.33,0.0,38.8,19.6,33
2012-03-13,-3.3,0.9,71,1.50,171,1.26,4.0,27.2,12.4,35
2012-03-14,-6.6,-0.9,64,0.20,144,0.96,2.0,28.0,13.7,34
2012-03-15,-0.4,6.7,71,1.60,135,1.47,4.0,23.2,20.1,54
2012-03-16,-0.9,5.5,79,1.20,152,1.16,4.0,20.3,10.9,55
2012-03-17,-3.4,1.4,81,0.00,115,0.97,0.0,9.3,6.6,56
2012-03-18,-3.9,1.5,74,0.60,156,1.33,5.0,10.3,6.7,42
2012-03-19,-3.9,1.1,67,0.00,167,1.24,0.0,10.9,4.9,33
2012-03-20,-2.9,2.8,60,1.10,142,1.61,6.0,21.7,15.4,30
2012-03-21,-3.6,1.8,62,0.00,166,1.56,0.0,13.9,12.4,34
2012-03-22,-5.9,1.7,67,0.00,121,1.57,0.0,13.0,8.2,35
2012-03-23,-3.9,3.2,66,0.00,90,1.66,0.0,10.6,5.4,31
2012-03-24,-3.0,4.6,63,0.00,121,1.72,0.0,13.1,6.7,37
2012-03-25,-1.4,6.8,67,0.00,123,1.96,0.0,11.4,8.6,33
2012-03-26,0.4,8.8,65,0.00,41,2.09,0.0,5.7,3.8,33
2012-03-27,1.9,7.9,69,0.00,134,1.93,0.0,20.3,10.4,41
2012-03-28,2.4,6.9,73,0.60,134,1.60,2.0,17.4,14.7,51
2012-03-29,1.5,5.7,67,1.60,145,1.80,4.0,26.9,19.0,47
2012-03-30,-0.9,4.9,72,0.10,156,1.66,1.0,11.0,6.5,42
2012-03-31,-1.3,2.9,65,0.40,326,1.85,2.0,8.3,4.0,41
2012-04-01,-0.6,3.5,60,0.00,267,1.78,0.0,9.5,5.7,41
2012-04-02,-0.6,6.3,60,0.00,138,1.87,0.0,34.2,17.0,42
2012-04-03,3.5,6.2,59,2.10,141,2.03,4.0,27.5,21.8,46
2012-04-04,-1.5,3.5,79,6.30,4,1.71,7.0,14.8,7.1,35
2012-04-05,-1.9,3.1,63,0.00,331,1.76,0.0,12.4,9.0,37
2012-04-06,-1.1,3.9,67,0.00,346,1.95,0.0,8.4,4.9,46
2012-04-07,-0.2,5.0,68,0.00,17,2.00,0.0,7.0,3.5,43
2012-04-08,0.6,7.4,56,0.00,93,2.43,0.0,8.6,5.1,36
2012-04-09,1.6,8.6,66,0.00,89,2.03,0.0,8.4,6.1,37
2012-04-10,3.4,11.3,67,0.00,84,2.38,0.0,8.1,5.9,43
2012-04-11,6.2,12.5,67,0.10,78,1.99,1.0,8.5,4.8,39
2012-04-12,3.8,9.7,86,1.80,87,1.33,10.0,6.9,4.6,61
2012-04-13,2.9,8.2,89,10.00,302,1.16,23.0,13.8,8.9,63
2012-04-14,1.0,4.6,72,0.00,322,1.54,0.0,16.8,10.7,48
2012-04-15,0.2,6.0,64,0.00,326,2.25,0.0,15.0,7.0,48
2012-04-16,1.0,5.4,71,1.10,113,1.44,3.0,17.4,7.9,50
2012-04-17,1.0,7.4,85,2.90,133,2.06,12.0,8.8,4.0,44
2012-04-18,3.4,8.3,63,0.00,138,2.36,0.0,12.9,9.8,44
2012-04-19,3.0,9.7,70,0.00,140,2.40,0.0,24.6,10.0,32
2012-04-20,4.0,8.5,58,1.70,172,2.79,5.0,22.3,13.7,30
2012-04-21,2.2,8.6,55,0.00,1,3.12,0.0,9.8,6.2,32
2012-04-22,5.3,12.8,62,0.00,101,2.36,0.0,11.6,6.3,47
2012-04-23,8.2,15.3,78,3.60,48,2.38,6.0,13.5,5.9,50
2012-04-24,5.1,12.2,85,2.10,10,2.40,8.0,11.7,5.6,46
2012-04-25,8.3,14.5,64,0.40,134,2.99,3.0,24.2,14.1,38
2012-04-26,8.3,14.9,78,12.10,129,1.55,10.0,22.2,12.9,38
2012-04-27,4.1,10.6,78,8.60,242,2.35,9.0,11.1,6.0,26
2012-04-28,5.8,13.0,54,0.30,157,2.71,1.0,15.8,9.2,26
2012-04-29,5.6,10.8,76,1.40,29,2.10,10.0,7.0,3.9,36
2012-04-30,6.1,10.6,73,4.70,115,2.04,15.0,10.0,7.3,38
2012-05-01,4.1,9.2,87,9.20,232,2.13,14.0,6.8,4.1,48
2012-05-02,3.5,9.4,79,1.10,308,2.30,5.0,7.7,4.0,47
2012-05-03,5.1,9.5,66,0.20,119,2.45,1.0,12.0,6.1,45
2012-05-04,4.3,10.3,73,2.00,186,2.81,9.0,9.8,5.3,45
2012-05-05,4.3,10.1,66,1.50,291,2.50,4.0,10.4,6.2,29
2012-05-06,6.1,14.0,53,0.00,153,3.34,0.0,9.7,5.7,29
2012-05-07,9.1,16.8,59,0.00,134,3.51,0.0,14.2,10.0,31
2012-05-08,10.5,16.9,55,0.30,142,3.53,2.0,16.6,13.8,36
2012-05-09,4.7,10.0,50,0.60,295,2.92,2.0,14.5,8.6,23
2012-05-10,2.6,8.2,37,1.00,275,3.04,5.0,18.8,11.6,24
2012-05-11,4.6,12.4,47,0.00,281,3.33,0.0,17.0,7.0,24
2012-05-12,8.5,18.7,52,0.00,137,4.08,0.0,11.4,8.6,26
2012-05-13,11.7,19.6,50,0.00,151,4.57,0.0,10.1,5.2,24
2012-05-14,12.4,20.1,47,0.00,347,4.45,0.0,12.6,7.2,24
2012-05-15,12.6,20.2,54,0.00,339,3.41,0.0,11.0,7.2,31
2012-05-16,8.9,15.2,46,0.00,323,3.87,0.0,15.2,11.2,18
2012-05-17,5.0,12.4,38,0.00,319,3.91,0.0,15.8,9.5,17
2012-05-18,4.1,9.9,57,0.70,281,3.09,4.0,8.2,5.0,24
2012-05-19,5.8,12.5,58,0.10,11,3.40,1.0,6.9,4.4,31
2012-05-20,8.6,14.6,51,0.00,132,3.23,0.0,18.7,8.4,31
2012-05-21,9.2,14.5,69,2.30,129,2.44,7.0,18.0,13.9,46
2012-05-22,7.9,14.1,78,4.40,133,2.59,11.0,18.0,8.9,51
2012-05-23,7.3,12.8,64,1.10,277,3.62,2.0,6.9,3.8,33
2012-05-24,8.3,13.5,59,1.20,327,3.32,4.0,9.4,6.0,34
2012-05-25,9.6,16.7,54,0.50,12,3.83,2.0,9.4,6.0,25
2012-05-26,11.3,19.0,49,0.00,120,4.54,0.0,8.8,6.1,22
2012-05-27,12.9,19.4,46,0.00,149,4.76,0.0,9.1,4.9,23
2012-05-28,12.9,19.4,51,0.00,288,4.48,0.0,11.5,5.3,23
2012-05-29,9.1,17.3,73,6.90,296,3.28,13.0,10.7,7.3,33
2012-05-30,9.9,15.4,50,0.10,175,3.64,1.0,12.6,7.1,31
2012-05-31,11.6,18.1,56,1.50,185,3.87,10.0,8.9,6.5,33
2012-06-01,12.0,18.8,55,1.90,156,3.49,4.0,23.5,9.1,27
2012-06-02,10.0,18.9,59,2.30,307,3.70,7.0,13.6,9.3,32
2012-06-03,8.8,12.9,55,0.20,226,3.68,1.0,7.3,3.8,33
2012-06-04,9.2,14.5,65,0.00,125,3.04,0.0,13.9,6.1,36
2012-06-05,9.3,12.9,90,4.90,327,1.08,16.0,7.0,3.9,64
2012-06-06,6.9,9.8,88,12.90,310,1.04,24.0,15.3,10.4,60
2012-06-07,7.1,13.6,77,5.60,145,2.79,14.0,26.2,12.5,37
2012-06-08,8.9,13.5,68,0.80,145,3.42,4.0,22.5,10.7,46
2012-06-09,9.5,14.6,62,0.10,323,2.88,1.0,19.7,13.5,43
2012-06-10,12.0,19.4,55,0.00,315,4.65,0.0,14.8,8.7,29
2012-06-11,14.2,21.3,55,0.00,185,5.00,0.0,6.7,4.6,28
2012-06-12,13.0,21.2,80,7.90,307,2.20,11.0,14.3,5.3,31
2012-06-13,10.5,15.9,79,4.80,294,3.27,10.0,11.0,6.9,32
2012-06-14,9.8,16.2,55,0.30,309,3.46,3.0,11.2,9.2,31
2012-06-15,9.9,17.2,54,0.00,186,3.54,0.0,11.2,6.7,31
2012-06-16,11.4,17.2,79,18.60,135,2.33,18.0,19.9,15.2,31
2012-06-17,11.0,16.4,83,15.70,169,2.37,23.0,13.7,5.3,74
2012-06-18,8.3,12.6,82,3.50,282,2.51,8.0,11.2,5.4,52
2012-06-19,9.6,15.8,81,6.50,308,2.40,12.0,11.2,7.4,48
2012-06-20,12.4,18.5,69,0.00,172,4.23,0.0,11.0,5.6,44
2012-06-21,15.0,21.1,58,0.00,126,4.69,0.0,13.5,9.1,33
2012-06-22,16.9,25.3,59,0.00,72,4.91,0.0,10.5,5.2,30
2012-06-23,17.8,25.2,61,0.00,64,4.47,0.0,9.3,7.4,29
2012-06-24,13.6,22.0,78,7.60,149,3.13,8.0,14.7,10.1,46
2012-06-25,12.4,17.7,69,1.80,175,4.14,4.0,11.3,5.1,42
2012-06-26,12.8,17.7,59,0.10,315,4.51,1.0,12.1,6.2,32
2012-06-27,11.4,17.1,55,0.10,308,3.49,1.0,14.3,7.9,32
2012-06-28,13.0,19.9,62,0.00,131,4.04,0.0,14.8,7.8,30
2012-06-29,13.3,18.1,58,0.00,165,3.22,0.0,14.4,9.5,37
2012-06-30,13.2,17.3,74,0.70,144,2.98,3.0,12.7,8.9,48
2012-07-01,12.4,17.6,83,6.10,277,3.44,10.0,10.1,3.3,54
2012-07-02,11.3,16.2,88,6.10,83,2.33,16.0,6.0,3.1,58
2012-07-03,9.4,13.9,84,8.50,293,2.40,13.0,14.8,7.8,54
2012-07-04,10.6,15.1,66,0.00,271,2.96,0.0,12.4,5.9,43
2012-07-05,12.4,18.3,63,0.20,313,4.24,2.0,5.4,3.7,41
2012-07-06,14.5,22.4,63,0.20,103,4.70,1.0,9.2,5.3,30
2012-07-07,16.6,24.0,59,0.00,129,5.16,0.0,9.1,5.4,29
2012-07-08,18.7,27.4,58,0.00,113,5.58,0.0,8.6,5.8,26
2012-07-09,20.1,28.1,59,0.00,113,5.67,0.0,8.6,5.2,26
2012-07-10,20.1,28.2,56,0.00,197,5.11,0.0,12.1,6.1,29
2012-07-11,18.2,24.8,58,0.00,332,5.40,0.0,10.6,7.9,35
2012-07-12,18.9,25.3,52,0.00,346,5.72,0.0,11.3,9.0,30
2012-07-13,19.2,26.2,49,0.00,346,6.26,0.0,14.2,10.9,25
2012-07-14,19.9,26.6,48,0.00,344,6.07,0.0,13.7,8.6,26
2012-07-15,17.4,26.4,71,5.40,336,3.54,9.0,19.6,13.7,29
2012-07-16,19.1,25.6,62,0.00,342,5.05,0.0,14.6,7.8,37
2012-07-17,21.1,27.9,61,0.00,145,4.74,0.0,7.3,4.8,33
2012-07-18,19.1,27.1,57,0.80,308,5.19,1.0,11.8,6.5,20
2012-07-19,18.1,25.5,42,0.00,319,5.26,0.0,14.6,7.8,20
2012-07-20,19.1,25.0,55,0.50,78,4.46,2.0,12.6,6.4,33
2012-07-21,17.6,24.9,62,1.90,177,3.98,5.0,13.3,6.8,33
2012-07-22,17.3,22.6,54,0.10,127,4.71,1.0,12.0,5.6,31
2012-07-23,13.8,19.3,86,18.30,319,1.81,22.0,9.5,6.4,48
2012-07-24,15.6,22.2,78,1.80,324,3.35,4.0,10.9,7.3,48
2012-07-25,18.3,23.8,68,0.70,354,4.22,4.0,9.2,3.8,43
2012-07-26,18.5,24.1,72,1.90,81,3.76,4.0,6.7,3.9,41
2012-07-27,18.5,24.2,70,0.00,151,4.29,0.0,6.9,3.8,37
2012-07-28,16.7,24.3,77,3.70,279,3.71,6.0,8.9,4.3,37
2012-07-29,17.2,21.9,75,0.10,180,3.80,1.0,5.9,3.6,48
2012-07-30,16.4,21.9,70,0.20,325,3.76,1.0,9.4,6.1,42
2012-07-31,14.1,20.9,71,3.20,311,3.79,4.0,12.3,6.5,36
2012-08-01,14.0,19.2,69,4.10,45,2.03,5.0,7.2,3.4,37
2012-08-02,11.5,16.9,81,0.60,308,2.66,3.0,13.5,7.1,42
2012-08-03,14.8,23.4,62,0.00,323,3.94,0.0,13.6,4.7,41
2012-08-04,19.0,27.0,67,0.00,148,4.40,0.0,6.5,4.4,38
2012-08-05,20.9,28.7,69,0.00,45,4.69,0.0,6.5,4.4,32
2012-08-06,21.7,29.0,57,0.00,352,5.14,0.0,9.8,6.4,29
2012-08-07,19.4,27.7,64,1.50,122,3.56,4.0,10.1,6.6,29
2012-08-08,18.7,24.6,66,3.10,129,3.63,2.0,14.0,7.4,36
2012-08-09,15.3,20.3,72,0.00,332,2.91,0.0,8.9,6.2,48
2012-08-10,14.8,21.3,60,0.00,341,4.00,0.0,9.5,7.1,36
2012-08-11,15.7,21.7,56,0.00,342,3.96,0.0,9.1,6.5,36
2012-08-12,17.3,25.4,61,0.00,47,4.04,0.0,7.1,5.2,29
2012-08-13,17.9,25.4,55,0.00,351,2.82,0.0,8.1,4.5,28
2012-08-14,15.5,20.7,71,2.60,330,2.56,10.0,14.5,8.4,33
2012-08-15,13.9,21.6,62,0.00,343,4.18,0.0,15.0,7.2,30
2012-08-16,16.6,24.9,55,0.00,28,4.40,0.0,6.9,4.2,26
2012-08-17,18.8,28.0,59,0.00,84,4.42,0.0,5.6,3.7,25
2012-08-18,20.6,29.6,56,0.00,106,4.57,0.0,7.8,5.2,23
2012-08-19,21.4,29.5,55,0.00,6,4.26,0.0,6.9,4.2,23
2012-08-20,20.7,28.1,57,0.00,21,4.28,0.0,7.4,5.0,26
2012-08-21,18.3,26.4,67,0.40,324,3.19,2.0,8.8,4.5,28
2012-08-22,14.5,19.1,80,0.60,323,2.56,1.0,8.3,4.7,44
2012-08-23,12.6,19.1,61,0.80,310,3.05,5.0,11.2,7.3,37
2012-08-24,10.3,15.1,58,0.00,273,2.13,0.0,11.3,6.4,36
2012-08-25,12.0,18.9,62,0.00,114,2.96,0.0,5.1,3.1,36
2012-08-26,14.5,23.1,61,0.00,88,3.67,0.0,10.6,6.0,28
2012-08-27,16.2,23.0,54,0.00,148,3.88,0.0,12.2,8.2,27
2012-08-28,14.0,20.6,54,0.00,246,2.90,0.0,9.9,4.0,28
2012-08-29,11.6,17.0,68,0.60,175,2.51,3.0,10.9,5.9,38
2012-08-30,10.5,16.1,77,3.10,355,2.23,12.0,9.4,3.7,39
2012-08-31,8.2,12.7,88,8.60,333,1.58,12.0,4.4,3.3,58
2012-09-01,8.0,12.6,85,7.40,130,1.68,12.0,9.6,4.4,59
2012-09-02,9.2,14.5,81,1.00,142,1.72,1.0,7.9,5.1,51
2012-09-03,10.5,14.6,70,0.00,300,1.99,0.0,10.6,5.7,44
2012-09-04,11.3,16.0,65,0.00,291,1.89,0.0,9.2,5.7,48
2012-09-05,12.1,15.9,66,0.00,337,2.32,0.0,13.3,8.6,42
2012-09-06,11.7,19.9,62,0.00,353,3.18,0.0,9.8,5.3,35
2012-09-07,14.8,23.1,61,0.00,113,3.36,0.0,9.0,5.6,35
2012-09-08,16.4,25.2,66,0.00,126,3.55,0.0,13.2,7.8,29
2012-09-09,16.1,25.0,54,0.00,156,3.57,0.0,15.8,8.9,27
2012-09-10,9.0,19.3,69,10.50,276,2.66,15.0,15.5,10.3,30
2012-09-11,6.6,11.1,54,0.10,262,2.35,1.0,14.4,8.4,34
2012-09-12,7.6,16.6,61,0.00,154,2.34,0.0,15.0,8.4,34
2012-09-13,11.8,20.7,59,0.00,128,3.34,0.0,13.4,10.9,32
2012-09-14,13.2,20.7,60,0.00,120,3.30,0.0,13.1,9.4,34
2012-09-15,11.5,18.9,49,0.00,352,3.19,0.0,12.0,8.8,32
2012-09-16,10.1,17.0,55,0.00,346,2.93,0.0,11.1,6.9,33
2012-09-17,11.9,21.2,63,0.00,87,2.86,0.0,8.7,4.9,31
2012-09-18,13.3,20.8,62,0.00,78,2.85,0.0,8.7,6.2,33
2012-09-19,13.5,21.1,63,0.00,15,2.77,0.0,8.0,4.2,37
2012-09-20,14.9,22.9,65,0.00,81,2.75,0.0,6.2,3.9,37
2012-09-21,16.1,24.5,66,0.00,92,2.66,0.0,6.6,4.0,35
2012-09-22,15.8,24.0,67,0.00,44,2.68,0.0,5.1,3.7,34
2012-09-23,15.8,23.2,62,0.00,38,2.78,0.0,8.7,4.3,34
2012-09-24,14.0,22.6,70,0.00,355,2.37,0.0,15.6,7.3,37
2012-09-25,10.1,14.8,78,1.80,332,2.07,5.0,12.0,8.4,36
2012-09-26,9.8,16.4,65,0.00,99,2.13,0.0,7.2,4.7,35
2012-09-27,11.6,20.0,59,0.00,130,2.61,0.0,13.3,9.8,35
2012-09-28,12.2,19.6,66,4.90,134,1.67,3.0,13.4,10.4,37
2012-09-29,9.3,12.6,86,1.10,329,1.28,3.0,9.2,4.9,43
2012-09-30,9.0,15.4,66,0.00,128,1.64,0.0,8.7,4.8,37
2012-10-01,11.3,16.5,64,1.10,147,1.72,5.0,17.7,12.0,43
2012-10-02,6.0,16.0,50,1.10,301,2.15,7.0,20.4,16.6,36
2012-10-03,2.8,8.4,70,0.00,339,1.60,0.0,14.3,5.8,38
2012-10-04,3.8,8.8,63,0.00,355,1.60,0.0,8.9,4.9,38
2012-10-05,4.0,10.3,68,0.00,5,1.65,0.0,8.2,4.5,44
2012-10-06,5.6,13.7,77,0.00,63,1.62,0.0,5.2,3.4,49
2012-10-07,7.2,15.3,80,0.00,96,1.63,0.0,8.3,5.5,48
2012-10-08,8.4,14.6,73,0.00,355,1.69,0.0,10.4,7.1,42
2012-10-09,7.8,16.4,72,0.00,106,1.81,0.0,10.3,6.8,44
2012-10-10,8.1,15.6,73,0.00,3,1.40,0.0,15.1,7.4,50
2012-10-11,4.3,10.7,69,0.00,30,1.13,0.0,14.0,8.2,56
2012-10-12,7.9,13.7,82,10.30,137,1.09,11.0,13.1,9.3,54
2012-10-13,7.6,13.1,83,3.00,149,1.43,11.0,12.6,10.5,40
2012-10-14,8.8,13.2,81,4.10,144,1.05,15.0,25.9,17.5,47
2012-10-15,6.3,11.9,79,1.70,151,1.13,3.0,19.7,9.3,53
2012-10-16,5.4,8.6,67,2.80,195,1.59,8.0,23.4,16.1,33
2012-10-17,2.4,6.9,57,0.00,253,1.36,0.0,16.9,8.7,35
2012-10-18,3.4,5.7,68,8.40,133,0.97,7.0,21.3,15.6,43
2012-10-19,4.2,7.1,95,20.50,141,0.74,23.0,13.0,8.9,76
2012-10-20,0.2,3.8,76,0.50,319,0.74,2.0,10.5,6.0,54
2012-10-21,-1.8,1.3,73,0.00,340,0.59,0.0,9.2,4.6,54
2012-10-22,-2.6,1.5,57,0.00,337,0.99,0.0,10.3,6.9,42
2012-10-23,-4.3,-0.1,56,0.00,331,0.85,0.0,12.6,7.2,44
2012-10-24,-3.2,-0.1,63,0.00,261,0.61,0.0,6.9,2.6,47
2012-10-25,-2.2,2.1,61,0.00,307,0.76,0.0,7.1,3.8,41
2012-10-26,-1.2,2.2,78,0.00,95,0.56,0.0,7.6,4.5,53
2012-10-27,-0.6,3.3,88,0.80,119,0.46,6.0,13.4,5.7,65
2012-10-28,-0.2,1.6,93,9.90,101,0.37,22.0,10.1,7.2,75
2012-10-29,0.8,6.0,93,5.60,128,0.49,20.0,13.9,7.9,79
2012-10-30,-2.5,4.0,84,7.40,341,0.57,14.0,12.2,8.8,59
2012-10-31,-4.8,-1.1,78,6.90,20,0.29,11.0,9.1,5.5,66
2012-11-01,-1.5,1.8,93,15.00,340,0.37,21.0,5.4,3.0,78
2012-11-02,0.9,5.8,92,0.00,119,0.51,0.0,15.9,8.5,80
2012-11-03,3.1,6.9,92,3.80,132,0.49,7.0,17.3,13.9,83
2012-11-04,1.5,6.9,97,2.70,124,0.27,10.0,24.2,14.2,86
2012-11-05,3.1,6.8,80,0.00,179,0.77,0.0,23.1,9.9,46
2012-11-06,0.6,4.0,82,0.60,86,0.32,2.0,7.7,5.4,63
2012-11-07,-0.3,2.4,91,6.50,317,0.53,14.0,6.4,3.0,53
2012-11-08,-2.9,0.8,77,0.00,2,0.50,0.0,11.3,6.3,58
2012-11-09,-7.7,-3.8,64,0.00,330,0.53,0.0,11.2,8.9,55
2012-11-10,-10.0,-6.2,64,0.00,329,0.46,0.0,9.7,4.9,48
2012-11-11,-8.1,-2.5,66,0.00,131,0.58,0.0,15.3,10.9,48
2012-11-12,-2.7,0.9,69,0.00,135,0.74,0.0,17.1,14.3,51
2012-11-13,-1.2,2.0,85,2.00,132,0.36,8.0,13.3,11.4,76
2012-11-14,-1.7,3.8,89,1.10,158,0.51,8.0,10.6,7.1,61
2012-11-15,-1.0,1.7,83,0.00,126,0.41,0.0,12.8,11.3,69
2012-11-16,-0.5,2.4,81,0.80,133,0.51,4.0,22.9,14.1,64
2012-11-17,1.6,5.8,72,0.30,131,1.01,1.0,29.8,22.4,62
2012-11-18,0.0,4.4,91,6.40,139,0.41,5.0,21.1,15.1,70
2012-11-19,1.5,3.5,80,2.00,131,0.64,8.0,23.2,18.7,68
2012-11-20,-0.7,1.9,96,4.80,116,0.29,7.0,14.6,6.4,85
2012-11-21,-2.6,0.6,91,2.60,67,0.21,9.0,14.6,9.8,70
2012-11-22,-5.8,-0.5,72,0.00,92,0.36,0.0,20.9,9.3,63
2012-11-23,0.2,3.3,73,2.90,137,0.83,8.0,23.4,18.7,67
2012-11-24,-3.0,1.4,90,0.00,119,0.28,0.0,9.2,7.0,73
2012-11-25,-3.1,0.0,84,0.90,143,0.33,6.0,10.2,6.6,58
2012-11-26,-4.2,-1.5,78,0.00,119,0.32,0.0,9.2,8.3,63
2012-11-27,-3.9,-0.2,78,0.00,102,0.31,0.0,9.4,7.3,59
2012-11-28,-1.5,2.4,69,0.00,121,0.58,0.0,12.0,10.1,56
2012-11-29,0.4,3.9,82,2.70,125,0.36,7.0,19.6,14.1,70
2012-11-30,0.2,3.0,90,1.00,117,0.25,3.0,18.4,12.6,79
2012-12-01,1.0,3.4,92,2.30,129,0.21,9.0,17.8,12.7,87
2012-12-02,-0.2,1.6,91,4.00,127,0.17,12.0,17.8,11.3,86
2012-12-03,-2.4,0.7,93,1.10,130,0.27,4.0,13.2,9.9,80
2012-12-04,0.8,4.6,73,0.50,140,0.78,3.0,28.3,19.4,46
2012-12-05,-2.9,1.1,64,1.20,162,0.42,6.0,9.6,7.1,47
2012-12-06,-3.8,-1.1,68,0.20,140,0.37,2.0,8.7,6.2,56
2012-12-07,-4.8,-1.5,73,0.30,127,0.31,3.0,12.6,7.7,51
2012-12-08,-6.3,-4.6,66,0.00,310,0.23,0.0,6.2,3.5,55
2012-12-09,-7.0,-3.7,71,4.50,122,0.33,6.0,15.1,11.0,62
2012-12-10,-5.1,-0.8,84,1.70,123,0.18,6.0,12.7,5.8,71
2012-12-11,-1.9,-1.1,90,7.30,141,0.19,23.0,12.7,10.7,82
2012-12-12,-2.9,-1.4,85,0.10,128,0.21,1.0,8.1,4.4,73
2012-12-13,-4.9,-2.0,84,6.50,136,0.22,11.0,15.5,11.7,78
2012-12-14,-7.2,-3.3,90,7.30,153,0.18,9.0,11.9,6.3,75
2012-12-15,-7.0,-4.1,76,0.70,131,0.38,5.0,21.6,17.3,69
2012-12-16,-8.5,-4.4,86,0.30,136,0.22,2.0,18.9,12.0,72
2012-12-17,-9.0,-5.9,86,3.70,63,0.13,14.0,12.3,6.8,77
2012-12-18,-12.9,-6.9,87,0.70,117,0.13,5.0,10.7,7.5,77
2012-12-19,-11.1,-4.8,77,1.30,129,0.36,5.0,26.1,18.4,60
2012-12-20,-5.6,-2.5,76,2.80,121,0.37,11.0,24.5,13.8,63
2012-12-21,-8.9,-2.8,86,2.40,349,0.13,7.0,9.7,7.2,77
2012-12-22,-14.0,-12.4,81,0.90,340,0.12,6.0,10.5,8.1,71
2012-12-23,-16.4,-14.1,75,2.40,326,0.12,12.0,10.8,7.1,71
2012-12-24,-15.1,-12.1,78,0.00,339,0.15,0.0,8.5,6.7,66
2012-12-25,-16.0,-11.3,80,0.00,67,0.12,0.0,6.8,5.0,64
2012-12-26,-11.3,-8.4,84,3.10,23,0.12,15.0,6.1,4.2,80
2012-12-27,-12.4,-8.9,86,0.80,69,0.14,4.0,8.1,4.9,78
2012-12-28,-11.6,-5.6,83,0.00,122,0.17,0.0,11.3,10.1,74
2012-12-29,-6.0,-2.5,87,4.10,128,0.22,10.0,11.3,6.1,73
2012-12-30,-11.5,-3.6,88,0.00,120,0.13,0.0,9.3,7.3,79
2012-12-31,-11.5,-7.2,83,0.00,120,0.18,0.0,10.4,8.8,73
2013-01-01,-14.8,-8.2,82,0.00,107,0.14,0.0,9.6,7.7,73
2013-01-02,-11.5,-5.5,80,0.00,123,0.25,0.0,14.6,12.9,63
2013-01-03,-9.1,-6.2,77,0.00,126,0.31,0.0,16.1,12.8,67
2013-01-04,-7.1,-3.6,81,1.60,128,0.27,6.0,13.2,11.0,75
2013-01-05,-6.3,-2.3,83,0.00,121,0.26,0.0,16.8,12.8,74
2013-01-06,-5.7,-2.8,87,0.80,134,0.21,6.0,15.8,11.3,78
2013-01-07,-4.6,-1.8,88,6.80,129,0.17,10.0,17.1,12.6,86
2013-01-08,-8.2,-2.9,75,0.20,160,0.26,1.0,11.7,8.5,64
2013-01-09,-6.3,-4.6,81,6.80,93,0.29,13.0,15.3,8.2,69
2013-01-10,-10.2,-7.0,82,0.20,311,0.21,2.0,11.6,8.0,68
2013-01-11,-17.5,-11.4,78,0.00,24,0.15,0.0,9.0,6.3,65
2013-01-12,-20.5,-16.2,75,0.00,94,0.15,0.0,7.9,5.3,59
2013-01-13,-19.3,-13.0,72,0.00,89,0.17,0.0,7.6,4.9,60
2013-01-14,-10.0,-5.2,80,1.40,108,0.25,5.0,8.9,6.7,72
2013-01-15,-9.5,-4.8,82,0.00,100,0.23,0.0,10.5,8.8,66
2013-01-16,-5.8,-2.4,79,0.00,99,0.26,0.0,10.0,4.8,72
2013-01-17,-4.1,-0.6,82,0.00,127,0.34,0.0,15.3,13.2,72
2013-01-18,-2.5,-0.4,85,0.00,125,0.31,0.0,12.4,9.9,79
2013-01-19,-5.9,-1.4,87,0.00,118,0.28,0.0,10.2,7.5,71
2013-01-20,-5.4,-2.5,83,0.00,107,0.32,0.0,9.0,6.1,71
2013-01-21,-8.6,-3.4,81,0.00,122,0.31,0.0,11.6,10.2,66
2013-01-22,-9.1,-2.7,78,0.00,119,0.32,0.0,11.9,10.8,63
2013-01-23,-3.0,-1.1,74,1.20,129,0.44,5.0,12.1,11.2,70
2013-01-24,-4.2,-0.4,90,3.50,126,0.32,8.0,15.8,7.2,76
2013-01-25,-3.1,-0.5,83,1.80,138,0.50,8.0,19.1,14.3,72
2013-01-26,-5.2,-1.5,86,0.00,128,0.34,0.0,14.3,10.8,73
2013-01-27,-9.0,-4.0,85,2.60,133,0.25,8.0,10.5,9.0,74
2013-01-28,-9.7,-5.7,85,4.40,130,0.21,13.0,10.0,6.0,78
2013-01-29,-8.9,-6.7,85,4.90,11,0.17,13.0,13.5,7.3,78
2013-01-30,-5.8,0.9,85,3.10,112,0.30,16.0,11.2,6.3,68
2013-01-31,-2.5,-0.3,88,5.40,119,0.31,12.0,10.5,8.3,78
2013-02-01,-2.6,1.0,90,1.30,127,0.39,6.0,6.0,4.0,76
2013-02-02,-3.6,1.0,87,0.40,122,0.43,3.0,10.8,9.1,70
2013-02-03,-4.4,0.1,87,2.20,130,0.30,9.0,11.1,8.8,78
2013-02-04,-2.6,-0.7,88,0.60,134,0.48,5.0,12.3,7.0,69
2013-02-05,-2.0,3.2,84,0.20,128,0.59,1.0,15.5,12.3,68
2013-02-06,-1.5,1.7,86,0.10,136,0.51,1.0,14.5,12.3,71
2013-02-07,-1.4,1.4,84,0.00,131,0.51,0.0,15.3,12.2,71
2013-02-08,-3.7,1.0,85,0.20,159,0.43,2.0,8.1,5.2,67
2013-02-09,-1.8,2.4,86,1.60,114,0.54,7.0,11.2,6.7,66
2013-02-10,-3.6,1.5,83,0.00,89,0.63,0.0,9.0,5.5,67
2013-02-11,-3.6,1.6,84,0.00,119,0.64,0.0,11.7,6.8,70
2013-02-12,-0.7,2.3,86,3.40,140,0.60,14.0,16.9,11.0,66
2013-02-13,-2.2,1.6,74,0.20,256,0.74,1.0,13.9,7.8,44
2013-02-14,-5.6,0.2,77,0.00,115,0.61,0.0,10.2,6.2,63
2013-02-15,-0.1,4.7,85,0.60,130,0.79,4.0,11.7,10.8,67
2013-02-16,0.2,3.8,86,1.20,130,0.65,5.0,12.1,9.1,65
2013-02-17,-3.0,1.9,79,0.00,298,0.73,0.0,11.4,7.1,53
2013-02-18,-5.9,-1.7,79,1.20,126,0.45,6.0,15.5,8.5,69
2013-02-19,-5.1,-1.9,85,1.80,152,0.51,9.0,8.7,5.7,62
2013-02-20,-7.9,-2.1,77,0.00,122,0.61,0.0,11.4,7.5,59
2013-02-21,-4.8,1.3,77,0.50,134,0.70,3.0,16.3,13.4,58
2013-02-22,-2.1,2.0,79,3.70,134,0.71,10.0,21.2,15.8,60
2013-02-23,-2.9,1.2,76,1.80,224,0.85,5.0,12.6,7.4,46
2013-02-24,-2.6,1.8,76,0.90,140,0.65,5.0,17.7,11.9,48
2013-02-25,-0.6,0.9,78,5.30,150,0.64,20.0,17.8,14.3,67
2013-02-26,-5.4,-0.5,78,0.40,135,0.66,3.0,17.0,10.0,58
2013-02-27,-2.7,1.8,80,1.20,139,0.94,7.0,15.6,11.9,50
2013-02-28,-4.4,0.9,78,0.60,129,0.70,1.0,21.9,12.6,60
2013-03-01,-0.5,0.8,89,9.00,132,0.45,23.0,21.8,10.3,65
2013-03-02,-1.2,0.7,94,6.10,72,0.37,17.0,10.7,6.1,85
2013-03-03,-1.8,0.3,80,6.70,303,0.74,22.0,21.2,15.7,62
2013-03-04,-4.9,0.2,78,0.00,337,1.09,0.0,15.1,4.9,51
2013-03-05,-6.5,0.3,70,0.00,44,0.98,0.0,7.3,4.5,41
2013-03-06,-5.8,-0.3,75,0.00,15,0.91,0.0,10.2,5.8,53
2013-03-07,-6.1,0.3,74,0.00,332,1.14,0.0,10.7,6.2,42
2013-03-08,-5.6,1.7,72,0.00,110,1.19,0.0,6.5,4.6,44
2013-03-09,-4.8,3.7,72,0.00,121,1.23,0.0,10.8,7.9,44
2013-03-10,-1.5,3.1,75,0.50,183,1.21,3.0,16.7,8.3,48
2013-03-11,-4.2,1.1,68,0.00,300,1.22,0.0,12.1,6.7,46
2013-03-12,-2.4,2.6,75,5.00,124,0.82,11.0,14.6,11.9,48
2013-03-13,1.6,9.8,80,3.10,136,1.54,10.0,16.5,13.5,48
2013-03-14,2.8,7.6,81,4.40,128,1.04,14.0,15.0,8.5,56
2013-03-15,1.0,5.6,85,4.00,123,1.18,13.0,13.2,5.8,60
2013-03-16,-1.4,4.5,83,3.30,74,0.85,14.0,13.4,6.1,70
2013-03-17,-3.6,0.5,76,0.20,310,1.25,1.0,15.8,9.0,52
2013-03-18,-4.6,0.3,68,0.30,266,1.21,2.0,12.2,7.8,39
2013-03-19,-6.3,2.0,67,0.00,131,1.17,0.0,18.6,9.6,40
2013-03-20,0.4,4.5,68,3.50,132,1.32,12.0,22.3,18.3,52
2013-03-21,-2.1,3.5,66,6.80,285,1.34,10.0,15.5,10.3,38
2013-03-22,-6.0,-1.1,67,0.00,312,1.29,0.0,9.5,6.2,43
2013-03-23,-6.9,-0.6,66,0.00,81,1.45,0.0,8.9,5.6,41
2013-03-24,-6.5,2.7,65,0.00,116,1.56,0.0,13.2,8.4,42
2013-03-25,-2.9,5.0,68,0.00,118,1.80,0.0,11.9,9.6,43
2013-03-26,-0.7,5.3,74,0.00,120,1.68,0.0,9.4,7.7,51
2013-03-27,1.4,7.4,74,0.00,112,1.86,0.0,7.1,3.8,46
2013-03-28,0.7,7.6,78,0.00,122,1.98,0.0,7.4,4.7,55
2013-03-29,1.6,8.9,71,0.00,115,1.98,0.0,7.8,4.0,40
2013-03-30,0.7,9.0,76,0.00,113,2.08,0.0,6.4,4.1,42
2013-03-31,2.4,9.8,71,0.00,32,2.30,0.0,4.7,3.7,41
2013-04-01,2.6,9.8,73,0.00,100,2.22,0.0,7.7,5.6,45
2013-04-02,2.6,12.1,78,0.40,116,1.69,3.0,11.5,4.9,53
2013-04-03,1.1,6.0,75,0.00,3,1.98,0.0,10.1,5.5,49
2013-04-04,1.1,8.3,71,0.00,94,1.96,0.0,8.5,5.9,55
2013-04-05,2.3,6.2,92,17.60,48,0.73,22.0,8.8,5.5,73
2013-04-06,1.1,6.6,89,3.70,115,1.08,14.0,15.6,7.9,73
2013-04-07,0.3,5.1,82,5.80,339,1.54,9.0,16.9,7.9,53
2013-04-08,-0.8,4.7,70,0.00,319,1.82,0.0,17.1,9.9,51
2013-04-09,-0.4,5.8,70,0.70,127,1.26,4.0,20.0,11.4,54
2013-04-10,2.7,6.7,81,12.10,140,1.40,14.0,16.0,11.9,48
2013-04-11,0.4,6.4,61,0.40,307,1.95,1.0,16.3,10.1,33
2013-04-12,-1.1,2.9,60,2.30,131,1.46,6.0,17.6,11.9,34
2013-04-13,-1.2,2.4,75,9.10,257,1.19,24.0,14.1,9.0,58
2013-04-14,-1.8,4.1,74,1.20,342,1.92,5.0,11.5,5.9,52
2013-04-15,-1.7,4.1,65,0.00,12,1.85,0.0,8.8,5.5,40
2013-04-16,-1.2,4.5,64,0.00,344,2.20,0.0,9.6,6.9,40
2013-04-17,0.8,7.8,59,0.00,151,2.14,0.0,11.4,7.8,43
2013-04-18,4.0,8.7,72,1.10,160,1.46,8.0,12.6,5.6,45
2013-04-19,3.0,6.1,92,14.30,146,1.15,22.0,12.0,7.8,79
2013-04-20,0.9,5.1,69,1.90,312,1.96,4.0,17.5,12.0,35
2013-04-21,-2.9,3.3,51,0.00,344,2.35,0.0,13.1,9.8,31
2013-04-22,1.0,7.9,43,0.00,321,2.93,0.0,12.6,5.6,31
2013-04-23,3.0,7.8,60,3.30,315,1.95,6.0,15.9,9.1,33
2013-04-24,3.1,8.1,60,0.00,165,2.16,0.0,12.2,6.2,42
2013-04-25,6.1,15.0,62,0.30,248,2.71,2.0,13.3,7.3,36
2013-04-26,7.9,14.9,66,1.00,188,2.11,3.0,16.3,9.6,32
2013-04-27,7.2,13.5,51,1.70,209,3.25,3.0,22.5,15.1,23
2013-04-28,4.3,9.9,44,0.20,264,3.00,1.0,19.5,9.4,21
2013-04-29,1.9,8.0,54,1.60,280,2.60,6.0,17.9,12.1,33
2013-04-30,0.2,6.0,54,0.80,304,2.49,7.0,13.5,9.8,26
2013-05-01,3.1,11.2,44,0.00,176,3.15,0.0,11.2,6.0,25
2013-05-02,4.8,11.4,76,8.60,150,1.13,13.0,9.2,7.2,31
2013-05-03,5.1,14.0,81,0.10,7,2.92,1.0,9.7,6.1,36
2013-05-04,8.8,18.9,61,0.00,43,3.78,0.0,9.1,4.7,34
2013-05-05,12.6,21.8,62,0.00,25,4.45,0.0,7.1,4.4,24
2013-05-06,13.7,24.7,59,0.00,97,4.67,0.0,10.4,6.5,24
2013-05-07,14.2,24.8,44,0.00,343,5.22,0.0,19.1,9.8,25
2013-05-08,13.5,22.8,51,0.00,43,4.80,0.0,8.4,5.5,23
2013-05-09,14.4,22.8,50,0.00,5,4.69,0.0,8.4,4.6,22
2013-05-10,14.7,23.4,47,0.00,58,4.97,0.0,8.2,6.0,23
2013-05-11,14.7,23.1,53,0.10,128,4.56,1.0,13.7,9.2,24
2013-05-12,15.7,20.5,51,2.40,177,4.63,5.0,21.6,15.0,24
2013-05-13,11.2,17.9,50,1.20,212,3.78,3.0,18.9,9.0,26
2013-05-14,7.8,12.6,71,3.70,203,3.19,9.0,10.5,5.5,33
2013-05-15,7.8,13.0,61,0.40,156,3.01,1.0,12.3,7.3,30
2013-05-16,8.7,14.8,68,0.70,300,3.44,5.0,5.1,2.5,40
2013-05-17,10.6,17.3,60,0.20,104,4.02,1.0,7.5,5.0,32
2013-05-18,9.9,16.1,69,0.40,158,3.34,3.0,13.0,7.8,36
2013-05-19,9.8,16.1,55,0.00,301,4.09,0.0,11.2,8.9,24
2013-05-20,8.9,15.3,54,0.10,347,2.64,1.0,7.2,3.6,23
2013-05-21,7.4,12.1,85,6.70,346,2.25,15.0,9.0,6.2,59
2013-05-22,9.0,17.3,81,0.70,246,2.63,5.0,12.8,6.8,38
2013-05-23,9.2,16.4,75,1.10,190,1.90,3.0,12.0,7.0,43
2013-05-24,5.8,13.0,84,2.60,122,2.08,7.0,12.4,7.1,39
2013-05-25,8.0,12.6,83,7.80,208,2.03,20.0,9.2,4.1,42
2013-05-26,8.9,14.0,81,5.40,125,2.87,17.0,9.1,6.3,48
2013-05-27,8.7,14.8,79,4.40,137,3.23,14.0,11.5,7.8,47
2013-05-28,10.0,15.0,78,3.10,131,2.53,11.0,13.1,8.5,46
2013-05-29,9.8,15.3,79,2.50,136,3.26,10.0,11.8,6.3,48
2013-05-30,9.0,12.7,81,3.80,167,2.43,15.0,12.1,7.3,54
2013-05-31,8.4,13.2,83,1.60,207,2.77,7.0,7.6,3.2,49
2013-06-01,9.0,13.7,72,2.00,112,2.91,4.0,8.9,5.1,46
2013-06-02,9.0,14.8,79,3.20,330,3.06,16.0,11.8,6.3,47
2013-06-03,10.6,17.0,73,2.80,329,3.48,9.0,8.7,5.8,45
2013-06-04,13.2,20.4,63,0.00,171,4.56,0.0,10.9,6.7,31
2013-06-05,13.5,20.6,68,5.20,296,3.44,9.0,14.5,6.3,31
2013-06-06,12.3,18.6,50,0.00,328,4.15,0.0,12.7,6.7,32
2013-06-07,12.5,18.0,73,7.00,115,2.97,17.0,10.2,7.4,43
2013-06-08,9.3,15.9,70,1.70,317,2.70,5.0,9.4,5.9,43
2013-06-09,9.0,13.5,71,1.80,308,3.66,8.0,10.0,6.4,45
2013-06-10,9.2,15.3,67,0.00,340,3.53,0.0,10.7,7.2,39
2013-06-11,11.1,17.9,58,0.10,351,4.29,1.0,8.0,5.0,36
2013-06-12,10.8,17.6,72,5.00,210,3.14,11.0,8.5,6.7,36
2013-06-13,9.8,14.2,74,4.00,283,2.48,10.0,8.1,4.6,39
2013-06-14,10.8,16.4,74,1.10,282,3.29,8.0,10.9,5.9,52
2013-06-15,11.5,18.3,78,0.70,342,3.78,1.0,9.8,5.9,47
2013-06-16,13.7,20.7,65,0.00,8,4.79,0.0,11.5,5.1,36
2013-06-17,15.1,20.4,70,0.30,145,3.96,1.0,8.4,5.5,36
2013-06-18,12.7,17.2,80,6.50,117,3.50,7.0,7.4,3.2,58
2013-06-19,13.0,17.3,82,11.30,317,2.11,11.0,8.6,5.0,55
2013-06-20,14.1,21.7,85,6.20,358,3.26,11.0,10.3,6.2,45
2013-06-21,15.9,21.7,72,0.40,78,4.32,3.0,8.9,5.6,45
2013-06-22,16.4,21.5,73,3.30,150,4.35,9.0,11.8,6.0,47
2013-06-23,15.1,21.3,75,4.80,135,4.20,4.0,8.8,6.8,43
2013-06-24,15.6,21.3,70,2.90,118,3.74,4.0,13.3,5.1,42
2013-06-25,13.7,18.8,79,6.50,152,3.49,14.0,11.4,8.9,46
2013-06-26,13.5,19.1,66,1.30,155,4.58,1.0,12.8,10.0,42
2013-06-27,13.5,19.6,68,1.30,147,4.21,2.0,12.9,9.8,38
2013-06-28,15.7,21.7,63,0.60,139,3.94,3.0,15.1,10.8,39
2013-06-29,17.6,24.0,62,0.10,138,4.38,1.0,14.3,8.8,41
2013-06-30,19.7,26.3,62,0.00,137,5.15,0.0,12.2,7.6,30
2013-07-01,21.6,30.9,57,0.00,129,5.94,0.0,15.3,8.8,27
2013-07-02,19.9,31.1,72,0.70,325,4.17,3.0,14.4,7.8,27
2013-07-03,15.8,21.5,56,0.30,311,5.18,1.0,13.8,7.9,33
2013-07-04,16.2,21.7,52,0.00,334,4.99,0.0,13.2,9.0,32
2013-07-05,13.4,17.3,53,0.20,317,4.34,2.0,10.9,9.1,39
2013-07-06,12.5,17.7,61,0.50,320,3.72,2.0,14.0,7.9,40
2013-07-07,15.1,21.8,61,0.00,3,4.82,0.0,6.6,3.5,32
2013-07-08,17.0,23.5,56,0.10,325,5.15,1.0,8.6,5.4,32
2013-07-09,18.3,24.1,58,0.80,291,4.26,4.0,10.2,4.7,32
2013-07-10,15.4,23.0,71,1.00,336,3.80,4.0,11.0,7.4,36
2013-07-11,11.1,17.0,73,3.10,285,3.29,12.0,14.9,8.0,40
2013-07-12,10.1,15.0,60,1.20,234,3.34,6.0,12.3,5.2,40
2013-07-13,11.3,15.4,65,1.20,293,3.31,6.0,8.5,4.9,42
2013-07-14,10.9,15.8,74,4.50,359,2.30,9.0,12.6,5.7,43
2013-07-15,11.2,17.8,68,1.10,329,3.63,4.0,12.0,8.4,39
2013-07-16,15.2,23.9,56,0.00,22,4.82,0.0,5.8,3.3,26
2013-07-17,18.8,24.5,52,0.00,336,4.58,0.0,8.6,4.8,26
2013-07-18,17.9,24.9,66,0.10,151,4.73,1.0,14.2,8.6,35
2013-07-19,18.8,25.6,53,0.00,323,5.21,0.0,8.7,5.4,26
2013-07-20,19.3,26.5,52,0.00,323,5.01,0.0,12.3,5.2,26
2013-07-21,18.5,25.4,52,0.00,327,5.40,0.0,13.4,8.5,29
2013-07-22,18.7,25.1,49,0.00,330,5.27,0.0,13.4,9.6,28
2013-07-23,18.4,25.3,45,0.00,349,5.44,0.0,11.2,6.7,26
2013-07-24,19.4,27.2,52,0.00,359,5.41,0.0,8.7,5.5,26
2013-07-25,20.3,27.3,50,0.00,324,5.21,0.0,7.6,5.5,24
2013-07-26,19.1,27.2,39,0.00,319,5.73,0.0,13.3,9.8,21
2013-07-27,14.4,21.4,46,0.00,309,3.97,0.0,16.6,10.6,31
2013-07-28,13.6,18.5,55,0.00,346,3.81,0.0,13.4,8.6,37
2013-07-29,13.9,20.0,51,0.00,344,4.48,0.0,14.4,10.5,28
2013-07-30,15.4,21.9,54,0.00,340,3.86,0.0,12.4,6.6,31
2013-07-31,18.1,25.6,48,0.00,333,4.87,0.0,8.4,4.4,24
2013-08-01,19.6,25.9,52,2.70,350,4.57,2.0,7.7,4.7,24
2013-08-02,19.1,26.0,66,1.10,331,4.31,5.0,10.2,3.8,34
2013-08-03,19.4,25.8,65,4.50,326,4.18,6.0,7.2,4.0,34
2013-08-04,18.2,24.9,71,0.20,80,4.29,1.0,9.0,4.9,37
2013-08-05,19.1,25.3,60,0.00,68,4.11,0.0,7.2,4.6,29
2013-08-06,19.4,25.4,57,0.00,31,3.74,0.0,5.9,4.1,29
2013-08-07,19.2,25.1,60,0.00,359,3.93,0.0,6.4,3.7,30
2013-08-08,19.5,24.9,56,0.00,352,4.20,0.0,8.0,4.8,30
2013-08-09,19.9,27.8,55,0.30,4,4.69,1.0,8.4,5.0,26
2013-08-10,22.0,29.8,47,0.00,73,5.03,0.0,7.3,4.8,21
2013-08-11,22.4,29.9,47,0.80,120,4.71,2.0,11.8,5.2,21
2013-08-12,20.2,27.0,65,0.20,131,4.07,2.0,12.6,4.8,27
2013-08-13,18.6,24.6,63,1.50,155,4.20,2.0,13.7,6.0,30
2013-08-14,18.8,24.7,53,0.00,140,4.21,0.0,11.9,7.4,25
2013-08-15,18.9,24.0,46,0.70,152,4.26,3.0,12.1,8.4,24
2013-08-16,18.7,23.7,50,0.00,162,3.93,0.0,13.4,7.9,25
2013-08-17,15.4,19.7,77,2.60,151,2.56,7.0,12.0,6.3,52
2013-08-18,15.0,18.9,73,0.10,150,2.56,1.0,13.0,8.6,46
2013-08-19,13.3,18.9,70,1.90,197,2.78,7.0,14.8,6.8,32
2013-08-20,12.1,17.7,47,0.50,287,3.53,1.0,15.1,9.2,26
2013-08-21,13.2,20.9,48,0.00,347,3.90,0.0,9.1,5.6,26
2013-08-22,16.3,24.8,55,0.00,124,4.12,0.0,8.6,6.5,26
2013-08-23,17.9,24.7,55,0.40,21,3.66,1.0,11.6,6.0,27
2013-08-24,15.4,21.6,66,1.20,137,2.94,3.0,13.7,8.8,38
2013-08-25,13.4,18.6,68,1.50,146,2.78,3.0,8.8,4.5,31
2013-08-26,13.2,17.7,64,0.20,102,2.10,1.0,13.5,7.6,36
2013-08-27,14.0,18.8,61,0.20,143,3.67,1.0,16.3,13.0,36
2013-08-28,14.4,19.8,65,1.40,126,2.79,4.0,11.5,7.4,36
2013-08-29,14.1,19.5,81,2.30,117,2.31,8.0,16.6,8.9,50
2013-08-30,14.1,19.2,75,8.10,146,2.09,11.0,15.3,11.5,46
2013-08-31,14.3,21.5,70,0.00,104,3.40,0.0,6.1,5.3,34
2013-09-01,15.8,24.3,62,0.00,120,3.58,0.0,12.2,6.7,31
2013-09-02,17.6,24.3,63,0.00,108,3.39,0.0,7.6,5.2,31
2013-09-03,18.2,24.6,63,0.10,46,3.50,1.0,8.4,4.1,34
2013-09-04,15.6,24.0,82,4.50,155,2.75,3.0,9.7,7.1,40
2013-09-05,16.1,22.0,60,0.00,341,3.53,0.0,10.4,6.0,33
2013-09-06,16.2,21.6,59,0.00,333,3.31,0.0,12.9,10.6,34
2013-09-07,14.5,20.2,86,3.30,142,1.79,12.0,7.9,4.5,49
2013-09-08,16.8,24.3,68,0.00,297,3.25,0.0,9.8,4.2,33
2013-09-09,15.7,23.7,58,0.00,317,3.41,0.0,11.9,7.3,30
2013-09-10,15.2,22.0,56,0.00,18,3.14,0.0,5.4,3.5,29
2013-09-11,17.2,25.9,57,0.00,61,3.37,0.0,6.9,4.1,29
2013-09-12,18.7,27.5,63,0.00,122,3.50,0.0,9.7,6.6,31
2013-09-13,19.0,27.3,59,0.00,358,3.49,0.0,7.8,5.7,26
2013-09-14,18.0,25.4,52,0.00,36,3.59,0.0,8.9,5.6,27
2013-09-15,18.1,27.0,63,0.00,114,3.10,0.0,12.6,7.2,30
2013-09-16,15.2,26.6,78,19.90,185,1.04,11.0,11.0,6.1,31
2013-09-17,9.3,13.4,85,0.00,7,1.75,0.0,5.8,3.3,43
2013-09-18,9.3,14.1,66,0.00,311,2.15,0.0,8.7,5.8,36
2013-09-19,9.9,16.0,64,0.00,134,2.34,0.0,18.3,12.0,39
2013-09-20,13.3,19.0,49,0.00,138,3.56,0.0,20.9,18.7,33
2013-09-21,12.1,18.5,68,3.70,140,1.86,8.0,12.1,5.8,37
2013-09-22,7.9,13.0,83,3.80,135,0.84,11.0,18.8,13.2,58
2013-09-23,7.2,12.3,79,3.70,155,1.64,12.0,14.8,12.7,34
2013-09-24,6.2,11.1,61,0.10,153,1.99,1.0,10.4,5.5,37
2013-09-25,5.4,10.1,66,0.00,344,1.85,0.0,13.3,7.9,37
2013-09-26,5.0,11.3,68,0.00,323,2.03,0.0,12.3,6.6,35
2013-09-27,5.5,11.0,74,9.70,148,1.30,9.0,13.1,10.2,36
2013-09-28,6.1,9.3,79,1.60,137,1.17,7.0,30.0,18.5,58
2013-09-29,6.8,12.2,79,1.70,149,1.69,6.0,23.7,17.6,45
2013-09-30,6.0,10.5,76,4.60,142,1.36,9.0,19.0,15.3,53
2013-10-01,4.7,9.2,81,4.10,138,1.03,13.0,11.0,8.0,45
2013-10-02,3.6,8.3,74,0.50,114,1.47,3.0,9.5,6.8,42
2013-10-03,4.2,9.5,68,0.00,347,1.67,0.0,7.4,4.0,43
2013-10-04,4.6,9.0,67,1.10,135,1.23,3.0,19.9,13.8,46
2013-10-05,5.7,7.9,89,14.50,126,0.52,23.0,18.1,12.6,73
2013-10-06,8.4,16.1,87,5.00,125,1.27,12.0,16.1,12.6,53
2013-10-07,9.8,15.2,56,2.90,156,2.29,3.0,20.2,16.3,50
2013-10-08,4.3,7.7,75,5.50,294,1.04,9.0,16.1,12.0,57
2013-10-09,3.0,7.7,76,0.00,136,0.98,0.0,16.7,10.5,52
2013-10-10,3.4,7.7,75,1.60,204,1.30,6.0,14.5,8.4,37
2013-10-11,3.3,7.3,66,0.00,174,1.12,0.0,5.8,3.5,44
2013-10-12,3.2,5.9,72,0.00,335,0.96,0.0,8.4,5.0,55
2013-10-13,2.9,8.6,76,0.00,108,1.27,0.0,6.4,3.9,48
2013-10-14,3.4,8.5,79,0.00,119,1.08,0.0,7.4,5.6,55
2013-10-15,3.7,7.4,87,1.90,115,0.51,6.0,9.4,6.9,67
2013-10-16,4.2,7.9,93,0.30,4,0.73,3.0,7.4,3.6,63
2013-10-17,3.8,8.9,83,0.00,26,1.18,0.0,6.0,3.6,60
2013-10-18,3.4,9.9,86,0.00,119,1.04,0.0,9.5,7.0,59
2013-10-19,4.5,11.9,82,0.00,106,1.16,0.0,9.0,5.4,51
2013-10-20,5.5,13.5,83,0.00,85,1.11,0.0,5.4,3.0,58
2013-10-21,6.2,12.8,86,0.00,111,1.12,0.0,8.6,5.6,61
2013-10-22,5.6,12.0,88,0.00,111,0.94,0.0,8.7,6.5,67
2013-10-23,6.1,12.5,86,0.00,108,0.99,0.0,8.0,6.2,57
2013-10-24,7.0,12.6,78,0.00,126,1.17,0.0,10.6,9.1,57
2013-10-25,4.7,11.8,85,0.00,112,0.99,0.0,8.0,6.6,63
2013-10-26,3.5,9.1,86,0.10,127,0.74,1.0,12.4,8.9,65
2013-10-27,3.5,7.0,86,16.40,350,0.92,15.0,19.5,13.0,46
2013-10-28,-0.4,3.5,59,0.00,341,1.14,0.0,16.7,9.4,47
2013-10-29,0.1,5.0,72,0.00,126,0.85,0.0,9.5,6.2,43
2013-10-30,1.6,7.2,74,0.00,122,0.82,0.0,13.0,9.2,52
2013-10-31,1.4,8.3,85,8.80,131,0.83,10.0,15.2,9.1,60
2013-11-01,1.2,7.1,86,1.60,135,0.51,5.0,8.4,5.2,67
2013-11-02,-0.2,3.0,90,0.00,350,0.38,0.0,17.8,8.7,65
2013-11-03,-1.3,1.0,66,0.00,323,0.87,0.0,17.1,14.0,52
2013-11-04,-2.7,0.5,68,0.00,305,0.73,0.0,11.5,6.7,45
2013-11-05,-1.2,2.1,64,1.40,146,0.88,8.0,14.7,12.1,54
2013-11-06,-1.5,2.5,82,1.70,136,0.57,7.0,11.3,9.6,62
2013-11-07,-0.3,1.6,80,8.60,117,0.40,14.0,13.6,9.7,72
2013-11-08,-1.7,2.4,90,1.70,169,0.39,6.0,8.4,5.8,68
2013-11-09,-1.5,1.6,86,2.30,129,0.46,7.0,11.9,10.6,74
2013-11-10,-1.8,0.4,88,0.00,8,0.46,0.0,8.3,5.2,65
2013-11-11,-3.9,1.8,86,0.00,104,0.50,0.0,11.7,6.9,63
2013-11-12,1.6,4.9,73,0.00,135,0.75,0.0,18.4,15.4,70
2013-11-13,1.0,4.8,94,2.30,140,0.41,9.0,16.0,11.2,83
2013-11-14,-1.1,2.9,92,3.30,170,0.47,8.0,8.4,4.4,65
2013-11-15,-1.2,1.0,88,21.30,158,0.19,17.0,16.1,9.8,76
2013-11-16,-5.3,-1.2,83,4.00,314,0.37,12.0,18.6,10.9,61
2013-11-17,-11.2,-4.0,82,3.50,109,0.29,9.0,16.5,9.2,66
2013-11-18,-8.4,-4.8,85,2.80,44,0.23,7.0,10.0,7.0,70
2013-11-19,-13.4,-8.7,81,0.00,338,0.21,0.0,10.4,9.6,64
2013-11-20,-18.3,-11.4,80,0.00,117,0.19,0.0,12.5,9.3,66
2013-11-21,-10.7,-6.8,81,0.80,131,0.23,7.0,15.0,13.4,70
2013-11-22,-7.2,-4.1,83,0.00,128,0.28,0.0,13.8,11.4,70
2013-11-23,-5.5,-1.3,82,0.70,132,0.29,3.0,15.3,12.9,70
2013-11-24,-3.3,-0.8,85,0.30,119,0.27,2.0,11.4,8.7,75
2013-11-25,-2.2,1.4,87,0.10,113,0.26,1.0,10.6,9.4,76
2013-11-26,-1.3,0.4,85,0.00,127,0.26,0.0,12.3,10.9,78
2013-11-27,-4.3,-0.3,87,0.00,118,0.25,0.0,10.6,9.6,72
2013-11-28,-1.0,1.5,83,6.00,131,0.32,11.0,15.3,12.4,79
2013-11-29,-0.7,1.3,93,1.30,118,0.26,7.0,10.0,6.9,86
2013-11-30,-0.4,1.6,94,10.30,131,0.22,15.0,11.8,10.2,85
2013-12-01,-0.0,1.6,92,9.80,135,0.26,22.0,15.6,12.2,82
2013-12-02,-11.9,-1.8,78,0.00,319,0.21,0.0,19.9,15.1,61
2013-12-03,-17.9,-12.6,80,0.00,343,0.16,0.0,13.6,7.4,64
2013-12-04,-17.8,-13.9,81,0.00,26,0.14,0.0,8.8,5.8,65
2013-12-05,-17.3,-14.6,79,0.00,45,0.14,0.0,8.2,4.3,67
2013-12-06,-22.9,-16.2,74,0.00,8,0.10,0.0,7.6,5.4,58
2013-12-07,-26.1,-21.5,71,0.00,75,0.09,0.0,7.2,4.8,55
2013-12-08,-21.7,-14.5,72,0.00,90,0.13,0.0,7.6,5.6,61
2013-12-09,-14.7,-8.1,79,0.00,103,0.15,0.0,8.1,7.3,70
2013-12-10,-9.1,-5.1,84,1.80,102,0.18,12.0,9.7,5.3,76
2013-12-11,-5.6,-4.9,87,13.70,134,0.14,21.0,14.3,12.1,84
2013-12-12,-3.4,-2.2,85,12.10,134,0.24,24.0,16.8,15.7,83
2013-12-13,-3.7,-1.9,89,2.70,133,0.20,11.0,13.5,10.9,79
2013-12-14,-1.8,0.5,88,9.10,132,0.19,13.0,18.9,15.2,84
2013-12-15,-2.4,-0.4,91,0.40,134,0.21,2.0,18.6,12.0,81
2013-12-16,-7.3,-2.4,85,0.00,131,0.15,0.0,10.9,7.1,78
2013-12-17,-2.2,-0.0,88,2.50,135,0.25,6.0,20.4,15.9,81
2013-12-18,-7.0,-1.7,82,3.20,311,0.18,7.0,12.7,8.9,72
2013-12-19,-15.7,-10.0,80,0.20,77,0.12,2.0,11.5,8.2,69
2013-12-20,-10.0,-7.6,81,21.40,128,0.18,24.0,14.8,12.6,75
2013-12-21,-8.4,-6.7,87,1.50,80,0.15,4.0,10.6,5.1,81
2013-12-22,-6.7,-3.3,88,2.40,109,0.16,9.0,13.6,8.5,82
2013-12-23,-3.2,-0.7,85,2.30,130,0.30,8.0,18.9,12.2,75
2013-12-24,-8.1,-4.2,83,0.00,121,0.17,0.0,7.8,5.7,71
2013-12-25,-7.7,-3.2,82,1.40,128,0.24,3.0,16.8,12.7,74
2013-12-26,-2.0,1.1,85,3.90,130,0.24,7.0,16.5,14.4,81
2013-12-27,0.1,2.0,89,2.80,138,0.20,6.0,17.3,14.8,79
2013-12-28,-2.1,1.7,85,1.20,292,0.27,3.0,18.9,8.1,76
2013-12-29,-2.8,-0.7,90,7.10,137,0.21,14.0,13.5,10.2,81
2013-12-30,-3.2,-1.9,91,3.10,118,0.15,10.0,12.2,9.3,86
2013-12-31,-3.2,-0.0,90,1.00,137,0.20,5.0,10.8,4.8,77
2014-01-01,-6.6,-2.4,88,0.20,120,0.18,1.0,12.7,8.7,78
2014-01-02,-1.3,-0.5,87,13.50,135,0.18,21.0,14.3,12.6,81
2014-01-03,-2.8,-0.7,81,5.00,291,0.38,8.0,18.7,11.7,65
2014-01-04,-10.2,-5.0,79,0.00,7,0.21,0.0,7.6,4.4,62
2014-01-05,-12.4,-8.8,79,0.00,84,0.17,0.0,9.7,7.0,69
2014-01-06,-11.3,-8.2,79,0.00,123,0.22,0.0,12.5,11.0,69
2014-01-07,-8.9,-5.2,79,0.00,121,0.24,0.0,10.7,9.7,71
2014-01-08,-4.7,-1.2,84,1.70,126,0.26,7.0,13.1,11.9,76
2014-01-09,-4.0,-1.6,91,2.50,134,0.25,8.0,14.4,10.1,83
2014-01-10,-3.3,-1.4,87,8.00,159,0.25,16.0,14.9,9.1,66
2014-01-11,-2.4,0.2,86,9.60,131,0.31,20.0,22.4,12.8,80
2014-01-12,-5.3,-2.4,81,5.20,187,0.23,13.0,18.4,10.2,69
2014-01-13,-0.6,2.6,72,5.00,251,0.73,10.0,21.2,15.5,49
2014-01-14,-0.7,1.2,85,1.80,127,0.25,5.0,15.3,10.5,55
2014-01-15,-1.0,1.5,89,0.00,142,0.34,0.0,19.1,8.2,79
2014-01-16,-3.4,0.8,91,0.00,119,0.31,0.0,10.9,8.4,76
2014-01-17,-3.7,0.2,89,0.00,129,0.34,0.0,12.0,10.0,72
2014-01-18,-4.0,-0.9,84,0.00,131,0.31,0.0,16.3,12.5,73
2014-01-19,-7.0,-1.9,82,0.00,107,0.36,0.0,11.2,5.5,65
2014-01-20,-9.3,-4.3,83,0.00,114,0.26,0.0,11.0,8.7,68
2014-01-21,-5.6,-1.6,83,3.90,120,0.24,10.0,10.3,8.4,74
2014-01-22,-2.0,2.4,87,6.60,136,0.39,17.0,8.9,5.4,71
2014-01-23,-4.9,-0.9,90,0.00,123,0.31,0.0,8.5,6.6,77
2014-01-24,-5.1,-0.3,89,0.00,123,0.34,0.0,9.2,7.8,78
2014-01-25,-5.1,-0.7,89,0.00,120,0.35,0.0,9.6,7.7,80
2014-01-26,-4.3,-1.4,89,0.00,33,0.26,0.0,6.2,4.0,83
2014-01-27,-4.3,-1.5,89,0.00,128,0.35,0.0,7.9,4.2,73
2014-01-28,-7.1,-3.1,86,2.50,117,0.19,7.0,9.2,7.8,80
2014-01-29,-5.2,-2.2,90,2.30,105,0.23,12.0,10.7,6.8,82
2014-01-30,-8.7,-3.2,80,0.10,319,0.30,1.0,13.4,10.9,62
2014-01-31,-16.0,-11.2,75,0.00,8,0.29,0.0,5.7,3.5,50
2014-02-01,-17.8,-11.3,68,0.00,88,0.32,0.0,8.3,5.6,47
2014-02-02,-17.5,-12.5,72,0.00,1,0.30,0.0,7.7,4.8,54
2014-02-03,-18.5,-13.6,75,0.00,346,0.28,0.0,13.0,9.0,52
2014-02-04,-20.4,-14.9,72,0.00,341,0.27,0.0,12.2,7.6,52
2014-02-05,-21.8,-17.5,68,0.00,12,0.26,0.0,6.9,4.2,52
2014-02-06,-22.9,-17.2,63,0.00,43,0.27,0.0,6.5,3.4,39
2014-02-07,-23.6,-17.7,62,0.00,39,0.26,0.0,4.6,3.4,39
2014-02-08,-23.0,-16.6,59,0.00,57,0.30,0.0,5.6,3.0,39
2014-02-09,-22.0,-14.7,60,0.00,81,0.31,0.0,6.1,4.5,43
2014-02-10,-17.1,-6.5,66,1.70,115,0.36,5.0,17.3,12.0,55
2014-02-11,-9.1,-3.1,79,1.50,112,0.47,8.0,15.1,10.9,61
2014-02-12,-2.7,2.5,76,5.20,136,0.91,14.0,22.9,13.1,50
2014-02-13,-2.4,1.3,83,2.90,134,0.46,9.0,13.0,10.3,62
2014-02-14,-2.3,1.8,77,1.00,131,0.68,4.0,22.5,14.8,63
2014-02-15,-3.2,1.8,81,0.10,115,0.69,1.0,21.9,9.1,55
2014-02-16,-1.0,1.1,63,2.60,166,1.11,9.0,21.8,15.7,38
2014-02-17,-3.4,0.2,73,0.40,155,0.96,3.0,20.3,12.7,38
2014-02-18,-6.2,-1.2,78,0.60,141,0.53,3.0,19.9,11.2,51
2014-02-19,-5.2,-1.4,84,4.60,183,0.47,14.0,11.9,6.8,49
2014-02-20,-4.6,-0.8,73,2.40,148,0.78,12.0,17.4,12.0,42
2014-02-21,-7.3,-2.0,68,0.50,294,0.71,1.0,12.0,7.5,46
2014-02-22,-8.0,-5.1,71,0.00,343,0.63,0.0,13.2,4.4,51
2014-02-23,-13.3,-6.2,74,0.00,332,0.52,0.0,13.0,9.2,53
2014-02-24,-16.7,-10.9,65,0.00,17,0.61,0.0,8.0,3.8,36
2014-02-25,-16.2,-6.9,58,0.00,69,0.67,0.0,7.2,4.2,29
2014-02-26,-13.7,-5.7,60,0.00,89,0.75,0.0,7.0,5.5,32
2014-02-27,-7.6,-2.2,61,0.00,34,0.82,0.0,13.4,6.5,34
2014-02-28,-10.0,-3.1,71,0.00,329,0.72,0.0,13.2,11.5,46
2014-03-01,-15.6,-8.4,70,0.00,333,0.62,0.0,12.9,7.5,46
2014-03-02,-15.8,-7.7,71,0.00,17,0.65,0.0,7.2,4.7,47
2014-03-03,-12.8,-7.9,76,4.70,335,0.30,22.0,10.8,8.1,62
2014-03-04,-16.4,-9.7,72,0.20,350,0.64,1.0,10.9,5.2,56
2014-03-05,-15.5,-10.6,70,1.20,6,0.43,4.0,7.0,5.5,58
2014-03-06,-11.1,-4.9,75,0.70,348,0.52,6.0,8.8,5.5,62
2014-03-07,-6.4,4.0,79,1.80,110,0.67,9.0,14.8,7.7,62
2014-03-08,2.2,4.8,73,0.00,137,1.09,0.0,21.4,18.5,61
2014-03-09,1.2,6.1,78,1.10,158,1.36,7.0,19.4,12.5,40
2014-03-10,-1.3,4.6,71,0.00,322,1.31,0.0,10.8,4.3,44
2014-03-11,-2.0,4.2,71,0.00,147,1.15,0.0,11.9,7.1,49
2014-03-12,-0.2,5.9,76,0.00,139,1.37,0.0,16.2,11.8,54
2014-03-13,-1.0,5.2,71,0.00,254,1.43,0.0,10.6,6.2,48
2014-03-14,1.2,6.1,70,1.30,134,1.54,4.0,15.8,11.2,39
2014-03-15,-1.0,5.3,74,2.10,147,0.95,3.0,26.7,12.1,45
2014-03-16,0.9,5.7,78,1.80,146,1.40,5.0,20.2,13.8,43
2014-03-17,-1.8,3.3,65,0.00,292,1.34,0.0,16.4,11.0,35
2014-03-18,-3.8,2.9,67,0.00,146,1.23,0.0,13.5,6.8,37
2014-03-19,-0.7,3.0,76,3.30,126,1.03,12.0,14.6,11.2,48
2014-03-20,-3.8,1.3,71,0.00,298,1.37,0.0,9.7,7.4,47
2014-03-21,-5.6,-0.1,74,0.00,331,1.31,0.0,9.2,7.2,44
2014-03-22,-5.7,-0.9,74,2.00,63,0.86,7.0,9.2,6.0,45
2014-03-23,-5.9,-1.1,75,0.10,328,1.15,1.0,9.2,6.2,49
2014-03-24,-4.7,2.0,71,0.00,68,1.19,0.0,10.2,5.7,48
2014-03-25,-1.8,2.1,79,1.60,83,0.94,5.0,10.5,6.7,55
2014-03-26,-2.9,0.1,84,16.20,310,0.80,19.0,12.5,8.7,58
2014-03-27,-7.4,-2.6,76,0.00,313,1.01,0.0,11.4,7.7,57
2014-03-28,-5.7,3.1,73,0.00,96,1.27,0.0,16.7,6.1,53
2014-03-29,-0.0,4.5,81,0.70,86,1.57,4.0,10.9,6.8,63
2014-03-30,-1.4,3.6,83,2.30,319,1.30,8.0,13.3,7.8,59
2014-03-31,-3.5,2.0,74,0.00,321,1.73,0.0,11.9,8.0,45
2014-04-01,-3.3,4.8,61,0.00,349,2.09,0.0,8.5,4.3,31
2014-04-02,-1.5,3.9,66,0.20,341,1.87,1.0,9.5,5.4,40
2014-04-03,-0.5,4.9,72,0.00,128,1.46,0.0,17.1,8.8,46
2014-04-04,0.6,5.3,77,1.10,155,1.85,5.0,14.8,9.8,49
2014-04-05,0.2,7.1,70,0.00,150,1.92,0.0,13.0,7.4,34
2014-04-06,0.7,5.4,70,1.60,232,1.75,5.0,11.3,8.0,42
2014-04-07,2.9,9.4,73,2.80,138,1.69,6.0,16.3,12.7,42
2014-04-08,3.9,8.7,79,3.20,141,1.62,7.0,17.9,13.6,55
2014-04-09,0.3,6.2,60,0.20,262,1.90,1.0,13.2,7.2,35
2014-04-10,1.1,5.6,71,1.60,130,1.02,6.0,12.0,8.3,39
2014-04-11,2.4,6.7,78,3.70,140,2.02,12.0,11.4,7.9,54
2014-04-12,0.1,4.8,73,0.20,322,1.99,2.0,14.0,11.3,40
2014-04-13,0.5,7.6,55,0.00,75,2.62,0.0,11.2,5.8,40
2014-04-14,1.8,9.7,62,0.00,123,2.56,0.0,14.5,9.8,38
2014-04-15,2.6,9.2,62,0.00,269,2.60,0.0,12.0,7.0,45
2014-04-16,1.7,7.2,80,0.20,161,2.14,2.0,5.7,2.9,41
2014-04-17,3.2,7.4,77,2.00,131,1.62,10.0,14.5,10.4,57
2014-04-18,2.0,7.2,82,11.10,296,1.33,18.0,14.0,9.9,32
2014-04-19,1.6,7.9,64,0.00,128,1.87,0.0,23.0,13.0,27
2014-04-20,3.2,9.6,64,0.00,141,2.85,0.0,17.7,9.5,29
2014-04-21,3.4,8.3,62,0.80,135,2.29,3.0,13.4,10.7,37
2014-04-22,1.8,6.8,85,13.20,63,0.76,15.0,11.7,7.9,59
2014-04-23,0.9,6.4,81,0.40,261,2.26,3.0,7.4,3.8,40
2014-04-24,1.5,7.8,64,0.80,109,1.75,5.0,16.1,9.8,24
2014-04-25,2.4,9.0,79,1.30,117,2.48,3.0,13.9,6.9,38
2014-04-26,2.7,7.6,79,0.00,94,2.09,0.0,6.9,3.5,50
2014-04-27,1.5,6.8,76,0.00,143,2.07,0.0,16.9,10.7,49
2014-04-28,1.5,7.8,78,1.80,171,2.56,5.0,9.9,5.7,45
2014-04-29,3.9,13.2,58,0.00,131,3.20,0.0,17.1,11.6,37
2014-04-30,7.2,13.7,62,0.20,125,3.34,1.0,14.3,11.5,38
2014-05-01,9.1,13.4,67,0.00,46,3.29,0.0,8.6,5.5,50
2014-05-02,7.6,12.2,74,1.20,17,1.74,6.0,14.8,8.3,54
2014-05-03,2.6,8.0,75,9.30,356,1.11,12.0,15.0,8.5,62
2014-05-04,0.3,4.5,86,4.90,296,1.40,22.0,8.3,4.3,59
2014-05-05,2.2,9.0,60,0.00,319,2.88,0.0,10.5,5.7,32
2014-05-06,3.6,8.8,52,0.00,338,3.09,0.0,15.5,9.0,31
2014-05-07,4.8,13.5,49,0.00,61,3.39,0.0,12.7,5.7,28
2014-05-08,6.9,14.1,60,0.00,123,3.35,0.0,11.5,7.6,29
2014-05-09,6.0,13.7,81,9.10,107,1.63,13.0,11.0,6.3,35
2014-05-10,6.3,13.5,76,2.70,8,3.20,6.0,16.3,7.0,22
2014-05-11,7.6,15.0,44,0.00,36,4.09,0.0,14.8,4.8,24
2014-05-12,8.4,15.9,54,0.00,119,3.53,0.0,11.4,7.9,24
2014-05-13,10.4,15.3,60,0.00,162,2.63,0.0,10.1,5.0,36
2014-05-14,11.0,17.3,73,0.10,92,2.44,1.0,9.1,5.0,50
2014-05-15,11.0,18.0,72,0.90,0,3.91,2.0,9.4,5.3,29
2014-05-16,11.9,19.5,58,0.00,28,4.23,0.0,7.9,5.4,29
2014-05-17,11.1,19.2,77,2.20,312,2.34,7.0,8.4,4.3,31
2014-05-18,8.4,12.5,92,14.50,293,1.62,24.0,9.2,5.3,69
2014-05-19,8.9,15.7,87,9.70,144,2.67,9.0,8.7,6.2,55
2014-05-20,11.0,17.7,73,0.00,150,3.66,0.0,9.2,6.6,34
2014-05-21,12.0,17.7,51,0.00,215,2.81,0.0,11.0,6.4,30
2014-05-22,12.0,19.1,72,1.80,144,3.15,7.0,16.1,10.4,41
2014-05-23,12.1,17.3,71,6.00,156,2.81,13.0,16.1,8.7,41
2014-05-24,9.0,16.8,69,2.20,325,3.23,6.0,8.1,5.2,40
2014-05-25,9.8,14.2,71,0.10,154,3.75,1.0,8.7,4.5,43
2014-05-26,8.5,12.9,86,14.70,149,2.14,22.0,10.2,5.9,54
2014-05-27,7.5,12.8,84,4.90,269,2.80,10.0,6.3,3.4,50
2014-05-28,8.4,12.9,76,7.70,339,2.52,7.0,9.7,5.7,57
2014-05-29,8.5,13.9,84,4.80,303,2.80,10.0,10.6,4.4,60
2014-05-30,9.4,15.0,79,2.20,170,3.50,7.0,8.2,4.5,46
2014-05-31,11.4,17.1,64,0.00,140,3.88,0.0,9.5,5.7,37
2014-06-01,12.2,17.0,60,0.00,324,4.04,0.0,9.2,6.9,39
2014-06-02,13.1,19.6,62,0.00,233,4.56,0.0,8.2,5.1,35
2014-06-03,13.7,19.6,52,0.00,313,5.00,0.0,13.9,9.1,26
2014-06-04,11.4,17.9,52,0.30,310,3.78,1.0,20.6,8.6,27
2014-06-05,7.3,12.8,57,0.40,324,4.03,2.0,21.0,9.0,28
2014-06-06,9.1,15.3,57,0.00,317,4.26,0.0,10.7,5.4,34
2014-06-07,11.6,17.9,54,0.00,335,4.22,0.0,7.4,4.3,31
2014-06-08,11.9,17.7,71,1.70,220,2.76,4.0,9.7,5.6,36
2014-06-09,9.2,13.6,69,5.00,298,3.23,7.0,13.7,8.3,32
2014-06-10,9.5,15.8,56,0.30,308,4.48,1.0,10.6,7.0,32
2014-06-11,11.6,17.4,54,0.00,153,4.18,0.0,7.9,5.0,28
2014-06-12,13.6,19.4,56,0.30,82,4.22,1.0,7.0,4.2,29
2014-06-13,13.2,18.8,66,0.10,328,4.18,1.0,18.2,11.0,36
2014-06-14,12.0,18.4,65,0.00,308,3.04,0.0,11.9,6.7,40
2014-06-15,9.9,14.2,66,1.50,332,3.17,5.0,10.8,7.3,44
2014-06-16,9.3,14.1,69,3.60,325,2.86,13.0,17.1,8.9,43
2014-06-17,11.6,19.6,69,3.30,325,4.34,3.0,13.1,7.0,36
2014-06-18,14.4,19.5,55,0.00,315,4.48,0.0,11.5,7.2,34
2014-06-19,13.2,18.1,65,0.30,327,3.44,2.0,9.4,6.1,37
2014-06-20,12.7,16.6,56,0.20,173,4.06,1.0,15.3,11.5,27
2014-06-21,11.5,17.4,47,0.00,270,4.31,0.0,11.5,6.4,28
2014-06-22,14.0,20.9,53,0.00,135,4.44,0.0,9.0,5.3,29
2014-06-23,16.5,24.9,58,0.00,125,4.52,0.0,13.8,5.9,28
2014-06-24,14.6,23.9,71,7.10,209,2.32,11.0,13.4,5.2,29
2014-06-25,12.3,18.7,68,0.00,299,4.29,0.0,10.0,4.2,31
2014-06-26,14.9,21.7,56,0.10,110,4.72,1.0,6.9,4.7,29
2014-06-27,15.5,21.7,56,0.10,137,4.07,1.0,13.8,9.3,29
2014-06-28,13.0,19.4,74,3.90,147,3.52,10.0,11.2,6.4,41
2014-06-29,12.7,18.8,69,1.00,291,3.94,3.0,10.6,5.3,40
2014-06-30,13.7,18.9,59,0.00,297,4.14,0.0,8.3,6.2,34
2014-07-01,16.0,25.8,57,0.00,113,4.94,0.0,12.4,6.5,26
2014-07-02,20.3,27.1,46,0.20,123,5.68,1.0,18.8,10.0,25
2014-07-03,18.3,27.1,46,2.20,258,5.24,1.0,15.5,8.4,23
2014-07-04,13.8,18.3,55,0.20,312,3.64,1.0,13.0,6.9,37
2014-07-05,14.9,20.9,57,0.00,161,3.79,0.0,13.0,6.6,38
2014-07-06,14.2,18.2,82,4.20,174,3.07,6.0,10.7,4.5,56
2014-07-07,16.0,23.1,67,0.00,146,4.22,0.0,6.8,4.8,36
2014-07-08,19.0,26.6,58,0.00,310,5.11,0.0,6.7,4.7,31
2014-07-09,18.3,26.7,46,0.00,312,5.55,0.0,16.6,10.6,23
2014-07-10,15.0,21.4,42,0.00,321,5.14,0.0,15.7,10.2,23
2014-07-11,16.9,25.8,50,0.00,1,5.42,0.0,11.3,6.0,22
2014-07-12,20.9,29.7,42,0.00,49,5.81,0.0,6.4,3.9,17
2014-07-13,23.2,31.8,42,0.00,60,5.58,0.0,5.3,3.0,17
2014-07-14,24.2,31.9,39,0.00,359,6.34,0.0,12.0,7.4,16
2014-07-15,24.3,31.6,38,0.00,328,6.45,0.0,11.9,6.3,16
2014-07-16,23.4,31.5,37,0.00,330,6.65,0.0,11.8,9.0,19
2014-07-17,21.1,28.6,37,0.00,319,6.25,0.0,15.0,9.8,17
2014-07-18,17.3,25.4,47,2.70,279,3.26,5.0,14.2,8.4,17
2014-07-19,15.8,19.2,72,9.80,252,2.86,18.0,16.9,7.0,48
2014-07-20,13.7,17.9,55,0.20,300,3.91,1.0,13.8,7.7,36
2014-07-21,14.6,19.8,57,0.00,144,3.55,0.0,11.3,4.8,35
2014-07-22,16.3,23.8,50,0.00,133,5.09,0.0,15.9,10.5,20
2014-07-23,17.3,23.5,53,0.10,133,4.47,1.0,15.4,9.4,21
2014-07-24,11.9,16.1,98,51.90,304,0.69,24.0,13.1,9.5,81
2014-07-25,12.4,17.0,70,0.30,287,2.99,1.0,11.4,6.4,45
2014-07-26,14.4,19.8,64,0.20,144,3.78,1.0,9.5,5.8,41
2014-07-27,15.9,22.2,67,0.00,52,4.28,0.0,8.0,4.3,39
2014-07-28,17.7,25.7,65,0.00,105,4.92,0.0,9.0,5.4,32
2014-07-29,19.6,26.6,59,0.00,145,5.07,0.0,8.5,3.3,29
2014-07-30,19.6,26.6,57,0.00,331,5.21,0.0,12.3,6.9,29
2014-07-31,19.1,25.2,57,0.00,332,5.14,0.0,11.2,7.3,32
2014-08-01,19.5,27.1,54,0.00,358,5.32,0.0,9.7,6.7,25
2014-08-02,20.4,27.0,51,0.00,351,4.99,0.0,10.4,6.9,26
2014-08-03,20.5,26.7,54,0.10,338,4.78,1.0,8.9,5.4,29
2014-08-04,20.9,27.5,58,0.40,45,4.57,1.0,5.4,3.3,30
2014-08-05,21.4,27.3,58,0.10,112,4.43,1.0,6.9,4.0,29
2014-08-06,18.5,27.3,55,0.20,326,4.58,2.0,12.9,9.7,29
2014-08-07,16.0,21.9,48,0.00,331,4.74,0.0,11.0,8.2,27
2014-08-08,15.4,22.0,47,0.00,324,4.55,0.0,12.8,9.5,26
2014-08-09,15.6,22.4,53,0.00,317,4.32,0.0,11.1,5.5,29
2014-08-10,17.7,25.1,55,0.00,10,4.15,0.0,8.0,4.4,29
2014-08-11,20.1,28.9,56,0.00,102,4.55,0.0,7.4,4.1,23
2014-08-12,22.0,29.7,50,0.00,113,4.79,0.0,8.3,5.8,22
2014-08-13,22.3,29.3,51,0.10,34,4.53,1.0,7.2,4.9,22
2014-08-14,21.7,28.1,58,0.20,118,4.62,1.0,8.4,6.0,32
2014-08-15,21.0,28.0,58,0.60,127,3.79,2.0,13.0,5.9,34
2014-08-16,19.3,25.4,67,0.20,321,2.80,1.0,9.5,5.7,38
2014-08-17,18.8,25.5,59,0.00,318,4.26,0.0,7.8,5.6,30
2014-08-18,19.1,25.5,55,0.00,11,2.65,0.0,6.4,3.3,30
2014-08-19,15.5,21.3,72,3.40,303,3.03,6.0,9.6,5.7,33
2014-08-20,14.8,20.3,45,0.00,346,4.42,0.0,10.4,8.2,27
2014-08-21,14.3,20.5,55,0.00,359,3.97,0.0,8.7,5.3,27
2014-08-22,13.7,20.2,55,0.10,343,3.88,1.0,11.9,8.8,28
2014-08-23,13.9,19.8,52,0.00,338,3.95,0.0,11.9,5.2,26
2014-08-24,15.0,20.7,49,0.00,345,4.06,0.0,11.2,6.9,26
2014-08-25,14.2,20.4,57,0.00,106,2.01,0.0,9.8,5.7,28
2014-08-26,15.7,24.0,63,0.00,124,2.66,0.0,10.3,6.8,39
2014-08-27,15.2,23.3,86,1.70,10,2.08,7.0,6.9,3.2,43
2014-08-28,13.3,17.9,82,0.90,309,2.69,4.0,7.6,3.4,47
2014-08-29,13.0,17.7,75,4.30,132,1.86,7.0,11.0,5.6,47
2014-08-30,10.3,14.8,86,2.60,140,2.20,12.0,9.2,6.6,61
2014-08-31,10.5,15.4,78,0.60,177,2.45,4.0,8.2,4.4,38
2014-09-01,11.6,15.8,72,6.80,170,1.91,14.0,10.9,6.2,38
2014-09-02,10.9,15.1,77,3.30,317,2.22,12.0,10.6,4.6,55
2014-09-03,10.3,16.8,68,0.10,327,2.71,1.0,14.7,9.4,36
2014-09-04,11.3,16.6,64,0.00,329,3.01,0.0,8.0,4.8,37
2014-09-05,12.3,20.4,65,0.00,110,3.21,0.0,8.4,5.2,39
2014-09-06,14.4,22.5,70,0.00,129,3.36,0.0,7.3,5.8,35
2014-09-07,15.3,22.4,63,0.00,106,2.74,0.0,8.1,5.3,36
2014-09-08,11.4,20.4,74,0.40,326,1.77,3.0,17.1,9.8,37
2014-09-09,5.7,10.7,54,0.00,319,2.30,0.0,15.2,11.4,37
2014-09-10,4.0,10.0,54,0.00,330,2.56,0.0,14.8,10.0,30
2014-09-11,6.3,13.9,58,0.00,141,2.54,0.0,13.4,7.3,29
2014-09-12,10.1,14.6,58,0.00,39,2.35,0.0,10.8,6.0,29
2014-09-13,9.6,16.4,66,0.00,351,2.63,0.0,10.0,4.8,39
2014-09-14,11.7,19.3,65,0.00,53,2.77,0.0,5.2,3.7,35
2014-09-15,13.3,22.3,67,0.00,112,2.96,0.0,8.4,5.3,33
2014-09-16,14.8,22.9,63,0.00,119,3.13,0.0,9.0,7.1,33
2014-09-17,13.0,22.6,73,0.00,108,1.59,0.0,8.3,6.3,34
2014-09-18,12.3,16.4,87,2.20,137,1.42,9.0,8.9,6.9,65
2014-09-19,11.8,17.4,81,0.30,167,2.04,2.0,13.4,8.4,35
2014-09-20,12.5,20.4,57,0.00,91,2.92,0.0,12.0,7.5,35
2014-09-21,15.4,24.4,58,0.00,125,3.51,0.0,17.9,12.2,32
2014-09-22,15.2,23.9,62,2.50,134,2.54,3.0,16.4,11.0,34
2014-09-23,11.5,19.2,88,1.50,113,1.83,5.0,14.8,6.3,47
2014-09-24,13.2,18.3,75,4.80,145,2.02,10.0,19.2,14.8,51
2014-09-25,11.1,16.2,71,0.20,132,2.11,1.0,15.3,10.6,44
2014-09-26,9.8,14.8,78,0.10,123,1.76,1.0,10.5,5.9,49
2014-09-27,9.6,14.9,80,0.30,114,1.67,2.0,12.6,6.1,49
2014-09-28,11.0,18.2,71,0.00,128,2.13,0.0,11.8,8.4,40
2014-09-29,10.9,17.9,74,5.80,133,1.48,7.0,13.9,10.6,42
2014-09-30,6.5,11.3,88,3.90,316,1.42,5.0,11.1,4.9,50
2014-10-01,6.7,11.3,72,1.50,295,1.59,3.0,13.1,5.6,44
2014-10-02,3.6,8.5,66,0.50,322,1.61,1.0,11.6,5.2,35
2014-10-03,6.7,9.5,52,0.10,129,1.68,1.0,18.1,14.2,36
2014-10-04,7.9,13.7,86,8.80,130,1.07,16.0,17.4,12.3,62
2014-10-05,9.7,16.0,87,0.00,130,1.38,0.0,11.3,7.7,62
2014-10-06,11.8,15.3,79,6.40,70,1.66,5.0,13.7,8.4,49
2014-10-07,10.5,14.8,71,0.00,67,1.45,0.0,5.5,3.1,52
2014-10-08,9.7,15.9,80,0.00,101,1.48,0.0,5.9,4.0,49
2014-10-09,10.4,17.2,76,0.00,123,1.77,0.0,10.8,8.2,50
2014-10-10,11.3,16.4,73,1.50,138,1.57,4.0,17.6,13.5,56
2014-10-11,6.7,12.9,86,5.10,178,1.29,7.0,13.4,7.6,44
2014-10-12,6.8,11.4,65,0.00,216,1.47,0.0,12.5,7.6,43
2014-10-13,6.9,10.0,79,4.00,137,0.85,12.0,21.8,16.5,49
2014-10-14,6.9,11.0,88,10.40,151,1.27,15.0,22.3,10.9,52
2014-10-15,4.9,10.4,83,2.00,100,1.02,6.0,10.7,7.1,55
2014-10-16,5.7,11.0,84,0.60,137,1.08,3.0,21.6,13.6,47
2014-10-17,7.8,10.5,63,0.00,136,1.64,0.0,23.9,20.4,50
2014-10-18,9.1,14.5,71,0.00,146,1.84,0.0,22.0,18.2,46
2014-10-19,11.0,15.8,65,0.80,140,2.27,3.0,29.7,22.8,50
2014-10-20,11.1,15.4,74,6.60,146,1.52,15.0,26.0,15.3,53
2014-10-21,6.4,12.4,84,2.90,138,1.16,2.0,21.6,12.9,45
2014-10-22,7.6,11.4,69,5.80,146,1.48,9.0,27.3,19.0,48
2014-10-23,5.6,9.4,84,6.40,145,0.92,8.0,17.7,10.6,64
2014-10-24,1.8,6.5,89,1.10,162,0.75,6.0,10.9,7.1,51
2014-10-25,1.2,5.8,86,8.40,76,0.27,9.0,9.5,6.9,57
2014-10-26,1.1,3.6,92,9.60,301,0.56,20.0,13.2,7.6,62
2014-10-27,-0.3,3.5,85,0.00,120,0.62,0.0,14.3,7.4,57
2014-10-28,2.8,7.2,71,3.10,133,1.11,7.0,23.6,19.6,59
2014-10-29,4.5,9.8,89,5.60,130,0.65,18.0,19.4,13.7,68
2014-10-30,6.2,9.8,78,0.00,131,0.93,0.0,23.7,17.5,60
2014-10-31,6.3,9.2,87,3.50,147,0.70,12.0,22.8,10.8,66
2014-11-01,1.0,5.6,92,0.20,140,0.50,1.0,10.2,6.4,69
2014-11-02,0.9,6.2,83,0.60,135,0.76,2.0,17.4,10.9,54
2014-11-03,0.9,3.5,93,3.40,118,0.30,10.0,18.6,10.4,78
2014-11-04,3.8,7.6,89,3.60,136,0.69,7.0,20.1,12.3,53
2014-11-05,1.0,5.4,89,0.50,118,0.33,3.0,22.4,7.9,69
2014-11-06,6.0,6.7,82,5.50,138,0.69,7.0,25.0,18.0,72
2014-11-07,2.8,7.0,96,6.20,16,0.37,9.0,12.5,7.9,80
2014-11-08,3.5,4.6,90,6.20,129,0.22,11.0,13.0,10.9,83
2014-11-09,2.0,2.7,93,13.50,354,0.46,19.0,21.6,12.9,64
2014-11-10,-1.4,1.4,73,0.00,336,0.68,0.0,16.2,10.8,43
2014-11-11,-6.2,-2.9,44,0.00,20,0.78,0.0,14.4,6.4,35
2014-11-12,-5.7,-2.8,63,0.00,72,0.47,0.0,5.8,3.4,34
2014-11-13,-6.4,-3.4,58,0.00,352,0.54,0.0,8.9,4.8,32
2014-11-14,-7.0,-3.2,59,0.00,334,0.60,0.0,10.2,6.4,36
2014-11-15,-6.6,-2.5,67,0.00,46,0.45,0.0,6.9,3.5,40
2014-11-16,-4.9,-0.4,67,0.00,114,0.51,0.0,6.8,5.2,40
2014-11-17,-3.9,-0.7,74,0.00,114,0.42,0.0,9.8,7.5,49
2014-11-18,-2.2,1.0,69,0.00,115,0.48,0.0,9.7,7.2,53
2014-11-19,-0.5,3.4,68,0.00,122,0.56,0.0,9.7,8.1,51
2014-11-20,0.4,3.1,67,0.00,130,0.67,0.0,17.1,12.7,60
2014-11-21,0.3,3.3,86,0.70,129,0.35,4.0,19.1,15.1,73
2014-11-22,-0.1,2.6,85,5.00,173,0.37,13.0,19.3,9.4,60
2014-11-23,-1.0,1.7,75,3.00,145,0.43,6.0,15.3,9.7,66
2014-11-24,-1.4,0.7,75,6.70,153,0.34,14.0,17.6,10.6,62
2014-11-25,-2.1,-0.5,90,2.90,113,0.25,4.0,11.3,4.3,78
2014-11-26,-3.3,-1.6,92,4.70,84,0.16,15.0,6.3,5.2,88
2014-11-27,-2.2,-0.6,94,18.40,24,0.13,24.0,13.3,6.8,85
2014-11-28,-17.2,-8.9,75,10.80,320,0.18,11.0,15.2,12.7,61
2014-11-29,-23.1,-17.7,75,0.00,347,0.15,0.0,14.3,7.5,58
2014-11-30,-22.2,-15.8,79,0.00,106,0.12,0.0,10.6,7.9,65
2014-12-01,-13.8,-10.7,78,1.60,139,0.17,5.0,13.0,10.9,70
2014-12-02,-12.3,-9.5,82,0.60,134,0.19,5.0,11.6,10.4,67
2014-12-03,-13.0,-9.7,86,0.00,120,0.16,0.0,11.2,8.8,77
2014-12-04,-12.1,-8.4,83,0.00,111,0.18,0.0,9.3,5.7,68
2014-12-05,-11.9,-5.8,83,0.30,89,0.17,3.0,6.9,4.8,75
2014-12-06,-2.1,0.5,85,2.90,129,0.22,8.0,14.1,11.0,80
2014-12-07,-5.3,1.1,91,0.00,115,0.23,0.0,15.1,10.0,78
2014-12-08,1.7,4.7,77,0.00,134,0.66,0.0,23.7,19.0,68
2014-12-09,4.0,6.6,76,2.70,138,0.91,6.0,29.8,26.1,71
2014-12-10,2.9,6.2,83,0.20,137,0.55,1.0,27.8,21.5,76
2014-12-11,1.4,4.5,94,10.50,137,0.22,12.0,23.0,12.3,86
2014-12-12,0.5,1.3,96,12.20,138,0.13,24.0,12.9,8.1,94
2014-12-13,-3.6,0.6,95,0.10,123,0.19,1.0,7.9,5.7,83
2014-12-14,-3.0,-0.2,83,0.00,101,0.26,0.0,8.0,6.0,66
2014-12-15,-4.8,1.0,66,0.00,116,0.53,0.0,16.5,11.1,53
2014-12-16,-4.2,-0.2,65,0.00,125,0.56,0.0,14.5,12.4,56
2014-12-17,-3.3,0.7,69,0.00,128,0.54,0.0,14.0,12.3,62
2014-12-18,-2.9,1.3,80,1.40,126,0.31,6.0,18.7,10.8,72
2014-12-19,0.2,2.3,80,0.60,136,0.48,2.0,20.2,16.6,75
2014-12-20,-0.3,1.3,78,1.40,132,0.53,3.0,23.9,19.7,66
2014-12-21,-1.3,0.2,91,10.30,146,0.23,14.0,18.4,9.5,84
2014-12-22,-3.4,-0.4,84,2.30,153,0.24,6.0,10.3,6.4,78
2014-12-23,-3.1,0.4,79,0.90,127,0.39,4.0,20.4,13.9,72
2014-12-24,-4.4,-1.1,80,0.00,111,0.24,0.0,12.9,7.9,66
2014-12-25,-4.3,-2.8,77,0.70,195,0.21,5.0,7.6,3.8,65
2014-12-26,-4.8,-2.8,74,0.00,104,0.24,0.0,8.8,6.0,68
2014-12-27,-4.3,-2.8,82,5.50,127,0.20,16.0,13.8,9.9,80
2014-12-28,-5.6,-3.5,82,2.50,313,0.20,17.0,15.3,10.5,71
2014-12-29,-16.1,-8.5,73,0.00,348,0.22,0.0,16.3,10.9,61
2014-12-30,-24.2,-17.9,74,0.00,97,0.12,0.0,10.2,7.3,62
2014-12-31,-18.2,-10.8,73,0.00,104,0.18,0.0,8.9,7.5,55
2015-01-01,-10.0,-3.6,75,1.80,116,0.23,9.0,10.9,9.9,68
2015-01-02,-3.6,-0.4,86,4.90,123,0.25,15.0,15.0,9.2,76
2015-01-03,-11.6,-2.1,80,1.40,323,0.15,8.0,12.3,11.0,66
2015-01-04,-17.2,-11.7,77,4.10,22,0.11,10.0,9.2,5.5,71
2015-01-05,-11.1,-8.4,81,5.50,49,0.12,13.0,11.3,5.5,74
2015-01-06,-7.5,-4.5,89,27.50,46,0.13,24.0,5.5,4.0,87
2015-01-07,-3.7,-0.7,89,2.80,92,0.23,7.0,6.9,5.2,84
2015-01-08,-4.5,-0.6,88,0.00,357,0.22,0.0,10.5,6.9,75
2015-01-09,-7.2,-3.4,86,0.00,77,0.19,0.0,6.5,4.6,73
2015-01-10,-6.5,-3.1,83,0.00,95,0.23,0.0,7.6,4.4,69
2015-01-11,-7.8,-3.6,84,0.00,85,0.23,0.0,5.8,3.4,73
2015-01-12,-10.8,-6.3,84,0.00,112,0.19,0.0,8.7,6.6,79
2015-01-13,-8.7,-2.7,85,0.00,124,0.26,0.0,11.7,9.7,73
2015-01-14,-5.2,-1.9,85,0.00,130,0.30,0.0,11.8,10.7,72
2015-01-15,-3.2,0.3,80,0.00,134,0.45,0.0,18.2,15.0,66
2015-01-16,-1.4,1.7,81,5.80,144,0.51,8.0,18.7,10.2,63
2015-01-17,-3.0,0.3,85,0.10,128,0.38,1.0,14.3,12.4,71
2015-01-18,-2.3,1.5,86,6.00,123,0.28,8.0,18.0,12.3,79
2015-01-19,-2.8,0.7,87,0.30,152,0.29,1.0,12.7,6.7,76
2015-01-20,-9.0,-2.4,84,0.00,120,0.28,0.0,9.8,7.2,71
2015-01-21,-5.1,-0.3,78,0.00,134,0.46,0.0,16.8,14.2,64
2015-01-22,-2.0,1.1,76,0.00,135,0.63,0.0,19.1,14.4,67
2015-01-23,-0.2,3.1,87,7.00,132,0.32,6.0,20.4,16.2,81
2015-01-24,-1.4,2.5,91,6.90,119,0.26,11.0,17.0,9.5,81
2015-01-25,1.7,2.8,92,5.40,130,0.25,10.0,20.7,13.4,82
2015-01-26,1.4,3.7,90,0.20,123,0.34,1.0,14.3,11.2,76
2015-01-27,0.3,4.2,86,0.50,131,0.49,2.0,14.1,10.7,68
2015-01-28,-6.3,1.8,88,0.00,103,0.31,0.0,8.8,5.4,77
2015-01-29,-4.9,0.2,86,0.00,129,0.39,0.0,11.2,9.5,75
2015-01-30,-4.6,0.1,86,4.50,118,0.31,8.0,10.2,8.3,72
2015-01-31,-4.1,-0.6,84,1.90,324,0.39,4.0,15.0,7.5,67
2015-02-01,-6.1,-2.4,86,5.70,77,0.21,10.0,7.2,5.5,72
2015-02-02,-5.9,-2.4,90,6.50,83,0.24,15.0,8.4,5.2,83
2015-02-03,-7.4,-3.9,84,3.40,324,0.37,18.0,8.7,6.8,66
2015-02-04,-10.4,-5.4,83,0.00,117,0.35,0.0,9.7,7.1,69
2015-02-05,-3.5,3.5,84,5.20,112,0.39,9.0,18.1,10.8,74
2015-02-06,3.1,5.6,84,1.70,133,0.64,3.0,21.9,19.8,78
2015-02-07,2.0,5.2,88,0.60,138,0.62,2.0,20.6,16.7,73
2015-02-08,0.5,5.3,89,6.40,120,0.66,15.0,12.9,6.5,72
2015-02-09,-1.1,3.9,89,1.20,81,0.34,7.0,14.6,7.7,79
2015-02-10,-1.8,1.2,90,0.00,335,0.45,0.0,7.2,4.5,76
2015-02-11,0.0,3.8,89,0.90,124,0.41,5.0,14.1,10.2,80
2015-02-12,1.6,3.8,89,5.40,129,0.47,12.0,13.2,12.2,79
2015-02-13,2.1,4.6,91,2.70,130,0.47,6.0,16.9,13.2,82
2015-02-14,-0.2,4.6,87,1.20,37,0.80,5.0,7.6,4.2,52
2015-02-15,-3.7,4.0,80,0.00,108,0.81,0.0,6.1,3.3,54
2015-02-16,-4.1,2.5,77,0.00,65,0.75,0.0,5.6,3.5,57
2015-02-17,-4.2,3.2,79,0.00,111,0.81,0.0,8.9,5.6,59
2015-02-18,-2.7,4.4,78,0.00,117,0.81,0.0,12.0,9.7,58
2015-02-19,-0.7,3.7,86,2.60,136,0.65,12.0,10.1,6.4,68
2015-02-20,-2.5,1.7,86,0.00,302,0.66,0.0,10.7,7.0,64
2015-02-21,-1.9,2.1,80,0.00,334,0.90,0.0,9.5,8.8,50
2015-02-22,-1.6,3.6,65,0.00,76,1.03,0.0,8.3,5.2,44
2015-02-23,-0.2,5.5,67,0.00,113,1.09,0.0,8.3,7.0,47
2015-02-24,0.4,5.3,74,0.00,76,1.02,0.0,16.1,7.7,48
2015-02-25,-0.7,4.4,70,0.00,341,1.07,0.0,13.5,5.0,42
2015-02-26,-0.7,3.1,71,0.50,112,0.57,5.0,7.1,4.3,49
2015-02-27,-2.8,0.6,77,0.00,341,0.88,0.0,14.2,8.8,48
2015-02-28,-4.1,1.0,57,0.00,337,1.21,0.0,13.0,8.6,45
2015-03-01,-2.6,1.7,60,0.00,122,0.92,0.0,10.9,7.0,50
2015-03-02,-3.1,0.7,70,0.40,336,0.97,3.0,16.3,10.3,43
2015-03-03,-6.8,-1.9,40,0.00,350,1.21,0.0,15.3,6.6,30
2015-03-04,-4.7,3.3,44,0.00,111,1.25,0.0,9.0,6.9,33
2015-03-05,-1.2,5.1,61,1.30,120,1.09,6.0,12.7,9.0,45
2015-03-06,0.7,4.7,75,0.30,122,0.90,3.0,13.2,6.5,55
2015-03-07,1.5,7.6,84,1.30,141,0.99,6.0,8.0,4.1,52
2015-03-08,1.5,7.7,79,0.00,135,1.15,0.0,10.1,5.8,52
2015-03-09,2.6,7.8,83,15.60,119,1.20,16.0,10.8,7.4,61
2015-03-10,2.4,8.8,81,0.00,93,1.30,0.0,8.6,5.5,57
2015-03-11,4.1,11.3,77,0.80,128,1.56,4.0,17.5,12.1,47
2015-03-12,4.6,10.9,74,1.00,150,1.74,3.0,18.9,14.8,43
2015-03-13,4.0,12.0,73,0.00,143,1.80,0.0,22.1,14.1,42
2015-03-14,6.8,11.4,64,2.40,152,1.95,7.0,22.9,19.1,40
2015-03-15,-0.6,8.2,48,0.10,325,1.86,1.0,20.2,11.2,31
2015-03-16,-1.5,5.1,46,0.00,0,1.89,0.0,12.4,6.1,35
2015-03-17,0.4,6.9,59,0.00,100,1.68,0.0,9.2,6.1,46
2015-03-18,1.8,8.1,61,0.00,130,1.79,0.0,8.6,4.4,42
2015-03-19,2.7,9.2,78,2.90,132,1.06,7.0,17.8,9.9,43
2015-03-20,3.4,8.9,82,0.50,116,0.91,5.0,20.2,10.5,59
2015-03-21,2.6,7.4,90,6.60,121,0.72,16.0,16.3,9.2,61
2015-03-22,0.6,5.9,68,0.00,79,1.50,0.0,11.0,5.6,44
2015-03-23,1.6,6.2,72,1.10,103,1.41,5.0,8.6,6.3,46
2015-03-24,0.9,7.7,76,0.00,343,1.93,0.0,6.1,4.7,38
2015-03-25,2.2,7.3,67,1.80,135,1.34,7.0,17.5,11.5,39
2015-03-26,5.0,13.9,89,6.70,133,1.15,15.0,15.9,13.8,54
2015-03-27,8.2,15.0,73,0.10,143,2.18,1.0,19.6,15.4,42
2015-03-28,6.6,14.5,69,5.00,276,1.95,9.0,16.3,8.0,28
2015-03-29,6.5,11.2,57,0.50,155,2.18,4.0,16.4,13.2,33
2015-03-30,4.5,10.8,66,1.40,129,1.52,5.0,21.5,9.4,44
2015-03-31,4.0,10.7,70,8.40,291,1.72,15.0,18.4,12.5,27
2015-04-01,1.1,6.2,55,0.20,286,2.15,2.0,15.3,9.6,28
2015-04-02,0.7,6.9,68,0.00,236,1.82,0.0,11.1,4.4,29
2015-04-03,1.7,7.7,57,0.00,128,2.07,0.0,15.5,9.3,29
2015-04-04,1.9,7.0,79,5.80,145,1.54,21.0,14.2,7.7,43
2015-04-05,1.1,7.0,75,0.40,84,2.16,3.0,4.3,2.8,35
2015-04-06,1.3,7.7,63,0.20,347,2.27,1.0,11.5,6.3,31
2015-04-07,2.5,8.1,52,0.20,326,2.53,1.0,11.7,5.0,29
2015-04-08,3.4,10.4,52,0.00,171,2.68,0.0,6.4,4.2,27
2015-04-09,4.1,12.9,55,0.00,141,2.99,0.0,12.3,8.0,26
2015-04-10,4.6,12.8,53,0.00,155,2.60,0.0,24.5,12.6,26
2015-04-11,3.1,8.4,55,2.40,205,2.40,8.0,19.4,12.3,28
2015-04-12,0.7,4.8,40,0.50,252,2.26,3.0,18.0,11.9,29
2015-04-13,2.3,8.1,50,0.00,140,2.38,0.0,25.1,14.4,30
2015-04-14,2.5,7.1,46,1.60,257,2.59,4.0,19.9,11.2,22
2015-04-15,2.7,11.2,46,0.00,201,2.75,0.0,16.7,10.2,23
2015-04-16,6.1,13.3,55,0.00,183,2.47,0.0,15.3,10.3,31
2015-04-17,7.0,12.9,62,0.40,278,2.85,2.0,22.4,10.5,25
2015-04-18,4.2,10.4,47,0.00,314,3.11,0.0,21.0,8.4,26
2015-04-19,6.3,13.9,52,0.00,345,3.25,0.0,10.5,5.0,33
2015-04-20,9.3,18.1,56,0.00,114,3.53,0.0,7.2,5.0,31
2015-04-21,11.5,18.5,59,0.20,148,3.47,1.0,10.7,5.9,31
2015-04-22,4.2,11.4,79,12.80,302,1.60,17.0,17.7,12.5,28
2015-04-23,3.5,8.6,53,0.00,134,2.33,0.0,13.0,9.6,26
2015-04-24,3.3,8.2,77,4.40,128,1.53,16.0,13.5,5.9,39
2015-04-25,3.4,8.3,70,0.50,53,2.24,3.0,7.0,3.9,47
2015-04-26,4.8,13.5,61,0.00,139,3.14,0.0,19.5,8.8,23
2015-04-27,8.1,16.1,48,0.00,153,3.30,0.0,20.5,14.5,25
2015-04-28,11.9,16.3,51,3.20,155,3.78,3.0,29.0,19.5,35
2015-04-29,6.9,13.6,43,0.20,275,3.46,1.0,14.7,9.1,27
2015-04-30,5.6,10.6,54,2.60,209,2.19,11.0,15.3,9.1,32
2015-05-01,4.3,8.9,82,5.10,100,1.95,13.0,12.6,6.8,46
2015-05-02,3.1,9.3,59,1.90,291,2.95,3.0,11.7,7.3,32
2015-05-03,5.4,13.0,57,0.20,142,3.33,1.0,8.4,5.0,25
2015-05-04,8.3,15.1,55,0.50,126,2.95,2.0,11.8,7.2,26
2015-05-05,5.6,12.7,68,2.60,264,2.47,5.0,11.3,6.3,47
2015-05-06,3.8,9.6,62,0.10,324,2.37,1.0,14.2,11.5,34
2015-05-07,6.2,12.6,53,0.00,323,3.09,0.0,14.8,6.4,31
2015-05-08,8.3,16.1,51,0.00,23,4.06,0.0,13.7,5.1,26
2015-05-09,10.2,18.7,56,0.00,132,3.86,0.0,9.5,7.6,26
2015-05-10,13.0,21.4,46,0.00,116,4.55,0.0,9.1,7.1,23
2015-05-11,13.9,21.4,49,0.00,64,4.63,0.0,6.3,4.4,23
2015-05-12,13.8,21.2,42,0.00,104,4.94,0.0,9.7,7.0,19
2015-05-13,13.6,20.1,40,0.00,115,4.77,0.0,12.2,7.7,19
2015-05-14,12.8,19.8,51,0.30,123,4.33,1.0,11.8,7.8,21
2015-05-15,11.2,17.4,61,4.30,128,3.67,6.0,8.2,6.3,31
2015-05-16,11.0,17.1,62,3.00,2,3.37,3.0,12.2,7.2,37
2015-05-17,10.8,15.3,65,0.50,47,2.92,2.0,9.0,4.5,44
2015-05-18,11.2,17.9,72,2.00,114,3.41,5.0,7.8,3.8,41
2015-05-19,12.6,19.1,68,0.90,42,3.58,2.0,6.8,3.7,40
2015-05-20,13.5,20.8,65,0.50,334,4.49,2.0,6.7,5.4,30
2015-05-21,15.2,22.2,55,0.20,355,4.64,1.0,9.7,5.4,29
2015-05-22,15.3,22.3,59,2.20,342,4.22,3.0,9.6,6.9,29
2015-05-23,15.7,20.5,61,0.20,322,3.87,1.0,11.0,6.9,39
2015-05-24,12.3,18.8,84,8.80,293,2.15,21.0,8.2,3.5,48
2015-05-25,12.1,18.6,73,0.20,353,2.62,2.0,7.5,3.3,45
2015-05-26,14.9,22.3,63,4.60,346,4.53,5.0,6.8,4.9,32
2015-05-27,15.6,22.2,63,0.20,281,4.19,1.0,8.5,4.4,36
2015-05-28,15.9,24.2,69,0.20,132,4.71,1.0,12.3,6.9,27
2015-05-29,15.4,23.5,63,0.60,201,4.49,2.0,12.4,5.5,29
2015-05-30,12.1,17.7,78,4.20,313,3.53,7.0,12.0,6.5,44
2015-05-31,11.9,18.9,61,0.40,306,4.08,2.0,11.9,6.1,30
2015-06-01,15.0,22.7,51,0.00,122,5.00,0.0,6.6,4.3,22
2015-06-02,15.3,22.6,62,2.80,143,3.32,4.0,10.1,5.4,23
2015-06-03,12.3,16.1,82,10.90,290,2.47,17.0,10.7,6.4,46
2015-06-04,13.2,19.0,55,0.00,324,4.16,0.0,11.2,9.0,31
2015-06-05,15.4,21.8,50,0.00,278,4.44,0.0,9.4,4.3,29
2015-06-06,16.1,23.2,55,0.00,334,4.84,0.0,13.2,5.7,30
2015-06-07,17.6,24.0,50,0.00,322,4.71,0.0,10.9,7.3,31
2015-06-08,17.5,24.3,53,0.00,334,5.05,0.0,13.7,8.9,29
2015-06-09,15.7,21.4,38,0.00,341,5.94,0.0,11.9,9.8,24
2015-06-10,16.4,23.7,38,0.00,335,5.40,0.0,10.9,6.7,20
2015-06-11,15.0,23.4,43,1.60,318,4.87,2.0,16.3,10.5,20
2015-06-12,9.9,14.9,44,0.10,302,4.23,1.0,15.5,12.5,28
2015-06-13,10.4,15.1,46,0.30,301,3.13,2.0,15.7,9.4,28
2015-06-14,11.9,19.7,57,0.00,352,4.32,0.0,6.8,4.4,28
2015-06-15,14.3,21.6,52,0.90,45,4.96,1.0,11.5,5.0,26
2015-06-16,16.2,22.6,49,0.40,7,4.84,1.0,8.1,4.8,23
2015-06-17,16.2,22.5,49,0.00,327,4.80,0.0,12.7,7.7,23
2015-06-18,12.8,19.7,68,1.70,270,3.91,3.0,14.4,4.4,36
2015-06-19,10.0,19.3,87,18.80,255,2.27,19.0,9.6,5.8,37
2015-06-20,10.1,15.3,62,2.00,220,4.09,6.0,9.4,5.5,33
2015-06-21,11.1,16.5,59,0.30,322,3.59,1.0,10.5,5.5,34
2015-06-22,14.4,22.2,55,0.00,141,4.78,0.0,7.6,4.7,28
2015-06-23,16.6,22.4,56,0.00,323,5.09,0.0,7.2,4.6,28
2015-06-24,16.7,22.2,60,0.00,133,3.84,0.0,10.8,6.4,31
2015-06-25,17.4,24.4,57,0.00,177,4.61,0.0,12.4,7.0,31
2015-06-26,17.8,24.7,66,1.40,319,4.74,2.0,12.3,4.7,32
2015-06-27,20.3,28.1,52,0.00,348,5.30,0.0,6.6,3.9,24
2015-06-28,21.8,30.1,47,0.00,343,6.21,0.0,8.0,6.4,22
2015-06-29,22.9,30.0,48,0.00,58,4.10,0.0,11.2,4.7,22
2015-06-30,18.6,24.9,72,4.60,269,4.52,3.0,12.4,4.5,36
2015-07-01,16.5,23.2,70,2.10,312,3.54,3.0,10.6,5.4,34
2015-07-02,19.9,28.3,53,0.00,225,5.53,0.0,5.9,3.7,25
2015-07-03,20.6,28.4,42,0.00,320,6.16,0.0,15.1,9.3,17
2015-07-04,18.1,25.1,34,0.00,330,6.37,0.0,17.5,11.2,17
2015-07-05,16.9,24.2,45,0.00,354,5.96,0.0,17.7,8.3,23
2015-07-06,19.4,26.3,39,0.00,330,6.01,0.0,9.4,5.9,19
2015-07-07,20.8,28.0,38,0.00,352,6.36,0.0,11.9,8.1,19
2015-07-08,22.3,31.2,44,0.00,211,6.21,0.0,9.1,6.6,18
2015-07-09,24.0,31.4,37,0.00,326,6.76,0.0,11.2,8.0,17
2015-07-10,23.6,30.0,43,0.50,16,5.47,1.0,8.4,4.5,21
2015-07-11,21.1,28.3,57,0.60,149,5.06,2.0,9.8,5.2,22
2015-07-12,17.1,28.0,71,7.10,255,3.45,15.0,13.3,5.2,21
2015-07-13,16.4,20.8,68,4.10,180,3.98,10.0,8.1,4.5,39
2015-07-14,14.1,19.4,71,0.50,302,3.72,3.0,7.9,4.3,37
2015-07-15,15.7,19.6,59,1.10,300,3.66,4.0,17.0,4.5,35
2015-07-16,11.7,17.8,59,4.40,303,3.05,2.0,16.6,10.1,33
2015-07-17,14.6,21.0,46,0.00,317,4.87,0.0,15.3,11.2,29
2015-07-18,18.0,25.5,52,0.00,302,4.57,0.0,13.8,7.8,28
2015-07-19,20.7,26.3,49,0.00,311,5.53,0.0,10.5,8.2,26
2015-07-20,20.1,26.4,50,1.70,5,5.10,5.0,12.3,7.6,23
2015-07-21,15.8,25.1,49,0.50,308,4.41,1.0,16.6,9.7,22
2015-07-22,14.7,19.9,52,0.40,280,4.34,1.0,14.2,7.0,29
2015-07-23,15.1,20.2,56,0.50,238,3.94,3.0,8.9,4.9,30
2015-07-24,16.0,20.3,56,2.10,160,3.12,5.0,9.4,5.5,30
2015-07-25,12.4,17.8,78,3.40,236,3.24,10.0,11.8,3.8,48
2015-07-26,10.9,16.4,74,3.00,255,3.41,5.0,10.8,4.1,41
2015-07-27,12.3,17.6,63,0.00,281,3.44,0.0,11.7,5.5,37
2015-07-28,15.2,19.6,58,0.40,276,3.29,2.0,10.4,4.8,37
2015-07-29,14.7,19.3,69,0.50,302,3.36,5.0,8.6,4.3,40
2015-07-30,16.5,24.9,55,0.00,42,4.65,0.0,9.0,4.3,27
2015-07-31,19.1,26.5,50,0.00,345,4.97,0.0,8.1,5.3,24
2015-08-01,18.7,26.7,48,0.00,336,4.79,0.0,12.3,8.8,22
2015-08-02,18.8,27.3,52,0.00,4,5.05,0.0,9.1,5.8,25
2015-08-03,19.3,27.3,54,2.00,300,4.58,2.0,19.1,7.5,25
2015-08-04,13.3,21.1,72,1.50,347,3.45,3.0,14.0,4.5,30
2015-08-05,14.2,21.0,62,1.70,323,3.38,9.0,10.2,6.8,30
2015-08-06,14.0,19.7,67,2.40,304,3.04,5.0,9.8,5.5,35
2015-08-07,15.5,21.6,61,0.00,136,3.47,0.0,8.6,4.0,36
2015-08-08,15.7,22.7,71,1.10,120,3.29,2.0,12.5,5.1,33
2015-08-09,17.0,23.3,59,0.30,153,4.16,2.0,12.7,8.2,28
2015-08-10,17.6,23.8,52,0.00,262,4.39,0.0,8.6,4.6,27
2015-08-11,18.6,25.7,53,0.00,276,4.54,0.0,10.7,5.2,23
2015-08-12,19.5,27.7,46,0.00,312,4.99,0.0,9.4,5.9,18
2015-08-13,20.5,27.8,50,0.10,304,4.70,1.0,11.3,4.8,18
2015-08-14,17.8,25.4,52,0.00,350,4.78,0.0,14.3,10.2,24
2015-08-15,15.9,22.5,43,0.00,322,4.62,0.0,14.1,11.3,24
2015-08-16,14.9,20.9,50,0.00,334,3.89,0.0,13.2,5.6,27
2015-08-17,15.1,22.0,54,0.20,323,3.82,1.0,11.8,5.7,25
2015-08-18,17.1,24.2,48,0.00,313,4.65,0.0,14.0,9.1,26
2015-08-19,18.1,24.5,49,0.00,304,4.45,0.0,11.2,5.8,22
2015-08-20,15.7,23.7,41,0.00,323,3.72,0.0,12.1,8.3,22
2015-08-21,12.1,19.6,61,3.90,323,2.96,10.0,18.0,13.1,27
2015-08-22,12.7,21.0,49,0.00,95,4.04,0.0,15.5,8.0,25
2015-08-23,15.7,21.8,48,0.00,141,3.77,0.0,10.7,6.4,25
2015-08-24,14.9,22.0,52,0.00,340,3.60,0.0,10.1,6.3,26
2015-08-25,14.6,20.5,52,0.00,316,3.41,0.0,9.3,3.6,24
2015-08-26,15.8,24.0,47,0.00,18,3.92,0.0,7.6,4.6,21
2015-08-27,18.1,24.9,44,0.00,290,4.37,0.0,13.4,6.4,20
2015-08-28,17.4,24.4,43,0.30,170,3.88,2.0,17.2,9.6,21
2015-08-29,14.1,21.0,59,3.50,133,2.31,6.0,24.2,11.4,25
2015-08-30,13.5,18.2,49,1.00,171,4.20,2.0,27.1,16.5,24
2015-08-31,12.7,17.9,50,3.40,181,3.71,11.0,19.7,14.4,22
2015-09-01,9.8,15.3,73,3.90,148,2.55,7.0,15.6,10.4,37
2015-09-02,8.7,14.4,72,5.60,173,2.47,7.0,16.1,6.5,36
2015-09-03,6.3,9.7,83,5.50,357,1.58,6.0,7.4,5.0,60
2015-09-04,6.0,12.1,83,3.00,341,1.80,13.0,6.1,4.1,49
2015-09-05,8.4,15.2,65,0.00,8,2.92,0.0,5.4,4.1,30
2015-09-06,9.4,15.5,59,0.00,329,2.89,0.0,8.0,5.0,29
2015-09-07,10.4,15.2,65,0.10,281,2.55,1.0,8.4,5.8,31
2015-09-08,10.5,15.0,79,9.70,158,1.86,15.0,11.5,8.8,43
2015-09-09,10.3,14.3,88,6.20,141,0.96,20.0,12.5,8.2,59
2015-09-10,13.1,20.2,82,0.00,105,2.01,0.0,5.2,3.1,45
2015-09-11,14.9,24.1,71,0.00,119,3.21,0.0,8.8,6.5,39
2015-09-12,15.7,24.0,64,0.60,57,2.22,3.0,12.2,5.0,38
2015-09-13,9.7,15.2,76,2.30,316,2.05,3.0,12.5,8.6,34
2015-09-14,7.0,11.4,59,0.20,332,2.36,2.0,7.7,5.6,38
2015-09-15,6.6,11.8,66,0.00,353,2.32,0.0,5.9,4.0,37
2015-09-16,7.1,12.6,67,0.10,143,2.27,1.0,10.2,6.8,34
2015-09-17,8.0,14.2,62,0.00,138,2.41,0.0,12.3,9.9,35
2015-09-18,9.1,13.7,69,0.50,143,1.79,4.0,14.2,10.5,41
2015-09-19,9.9,14.8,80,8.70,142,1.44,14.0,20.0,15.8,55
2015-09-20,8.6,12.7,96,18.60,360,0.81,23.0,15.5,7.7,80
2015-09-21,4.7,10.1,75,0.20,186,1.67,1.0,14.0,5.8,39
2015-09-22,6.4,13.0,62,0.00,125,2.22,0.0,11.8,9.2,35
2015-09-23,8.7,14.9,59,0.00,139,2.46,0.0,19.1,11.3,36
2015-09-24,9.6,15.2,65,0.40,141,1.96,1.0,22.5,14.8,41
2015-09-25,8.2,12.6,85,4.40,173,1.62,11.0,9.9,4.9,47
2015-09-26,6.3,11.7,65,0.00,263,1.95,0.0,13.0,7.2,28
2015-09-27,6.1,11.4,60,0.00,183,1.29,0.0,12.3,6.9,29
2015-09-28,7.7,14.8,75,0.00,130,1.86,0.0,8.9,6.7,46
2015-09-29,9.6,15.7,71,0.10,129,1.61,1.0,10.3,9.3,47
2015-09-30,11.8,19.3,69,0.00,125,2.17,0.0,9.8,8.2,43
2015-10-01,11.9,18.8,71,0.00,117,2.20,0.0,7.6,6.3,42
2015-10-02,10.0,18.1,84,5.80,338,0.67,9.0,17.8,6.3,49
2015-10-03,4.3,9.4,65,0.00,329,1.85,0.0,18.0,11.3,48
2015-10-04,5.5,11.9,70,0.00,42,1.76,0.0,9.4,4.8,48
2015-10-05,6.4,13.7,78,0.00,99,1.58,0.0,6.6,5.2,48
2015-10-06,8.6,14.2,74,0.00,114,1.25,0.0,10.6,7.8,51
2015-10-07,9.7,16.1,77,0.00,137,1.75,0.0,10.8,8.0,48
2015-10-08,10.3,15.1,80,1.60,135,1.06,6.0,17.5,12.4,54
2015-10-09,11.5,17.4,82,2.20,138,1.55,6.0,26.9,18.5,46
2015-10-10,12.4,15.9,71,1.80,152,1.74,4.0,24.3,18.7,54
2015-10-11,7.9,12.3,67,11.20,222,1.74,10.0,18.0,11.2,33
2015-10-12,7.1,11.6,69,6.00,150,1.43,9.0,19.5,14.3,38
2015-10-13,5.4,11.6,78,0.00,142,1.40,0.0,12.7,7.3,40
2015-10-14,5.3,10.7,68,0.00,318,1.38,0.0,7.8,3.9,43
2015-10-15,4.2,10.6,76,0.00,95,1.16,0.0,7.9,5.3,47
2015-10-16,6.4,15.9,73,0.00,99,1.60,0.0,11.3,7.4,37
2015-10-17,8.6,14.6,68,0.80,120,1.17,2.0,12.6,9.9,46
2015-10-18,7.5,13.8,92,3.70,123,0.98,6.0,7.9,4.9,64
2015-10-19,6.8,13.1,91,3.40,256,0.41,5.0,10.1,3.5,72
2015-10-20,3.7,8.4,94,0.20,128,0.66,1.0,11.2,6.5,68
2015-10-21,6.8,10.1,73,1.00,135,1.04,3.0,17.6,14.0,69
2015-10-22,3.2,9.5,87,1.30,147,1.02,5.0,9.6,6.3,45
2015-10-23,3.6,8.7,78,0.20,139,0.75,1.0,10.0,6.5,51
2015-10-24,1.3,6.3,89,0.00,62,0.74,0.0,6.6,4.5,58
2015-10-25,1.5,8.4,79,0.00,66,0.88,0.0,6.6,4.8,44
2015-10-26,1.2,6.8,85,1.00,23,0.48,3.0,13.3,5.9,56
2015-10-27,0.3,4.1,85,0.00,79,0.70,0.0,10.1,6.0,64
2015-10-28,1.6,4.2,82,0.80,130,0.48,6.0,14.0,12.1,71
2015-10-29,2.3,6.6,95,1.60,132,0.41,7.0,12.0,11.0,84
2015-10-30,3.9,8.0,92,13.30,149,0.60,17.0,14.6,10.9,58
2015-10-31,2.3,6.8,91,8.50,120,0.29,9.0,17.2,9.3,65
2015-11-01,2.7,6.1,87,3.60,142,0.71,7.0,14.0,10.7,45
2015-11-02,1.6,5.2,79,1.20,274,0.61,7.0,6.2,3.0,55
2015-11-03,-0.0,3.0,86,0.20,284,0.58,2.0,6.0,2.9,59
2015-11-04,-0.3,3.6,81,4.10,142,0.59,8.0,12.9,9.5,59
2015-11-05,-1.2,2.6,86,3.70,161,0.50,12.0,9.3,5.3,62
2015-11-06,-0.1,4.2,78,2.20,131,0.65,2.0,20.9,12.6,56
2015-11-07,2.7,4.8,90,8.10,139,0.44,17.0,20.7,14.1,67
2015-11-08,1.1,3.8,92,4.00,343,0.51,16.0,9.5,6.6,60
2015-11-09,-1.8,1.6,78,0.00,338,0.57,0.0,7.8,4.5,51
2015-11-10,-1.5,2.6,72,0.00,131,0.65,0.0,20.1,12.0,46
2015-11-11,-0.8,2.8,69,2.00,172,0.92,4.0,21.5,11.4,34
2015-11-12,-2.0,1.4,63,1.30,145,0.75,4.0,25.1,15.5,48
2015-11-13,0.7,4.8,80,3.10,144,0.73,10.0,23.2,12.7,58
2015-11-14,-1.4,2.2,80,0.00,131,0.46,0.0,8.4,6.2,67
2015-11-15,-2.0,0.3,84,0.30,346,0.33,3.0,12.6,7.0,67
2015-11-16,-4.4,-2.2,74,1.00,136,0.40,3.0,29.3,12.0,64
2015-11-17,-2.3,-1.1,81,21.00,133,0.41,22.0,29.5,13.9,63
2015-11-18,-8.3,-2.3,84,0.20,292,0.32,2.0,14.0,8.1,68
2015-11-19,-7.0,-2.1,79,0.90,156,0.36,5.0,10.2,6.3,56
2015-11-20,-9.7,-4.3,83,0.60,64,0.27,3.0,12.7,8.6,70
2015-11-21,-5.9,-1.1,84,0.00,132,0.32,0.0,13.6,11.8,65
2015-11-22,-3.4,-1.1,85,0.00,122,0.33,0.0,14.1,10.5,75
2015-11-23,-4.6,-1.4,89,3.60,31,0.20,10.0,14.2,6.5,81
2015-11-24,-6.9,-3.3,72,0.20,340,0.47,2.0,17.7,14.3,55
2015-11-25,-13.7,-9.3,79,0.00,49,0.22,0.0,12.1,7.0,70
2015-11-26,-14.1,-8.9,83,0.00,110,0.21,0.0,9.7,8.0,69
2015-11-27,-13.2,-8.7,85,0.00,114,0.21,0.0,10.6,9.2,71
2015-11-28,-12.7,-8.4,85,0.00,114,0.21,0.0,11.3,8.6,71
2015-11-29,-12.8,-8.1,83,0.00,114,0.21,0.0,9.8,9.0,67
2015-11-30,-12.8,-5.5,83,0.00,118,0.23,0.0,11.4,9.4,66
2015-12-01,-6.2,-0.3,75,0.20,133,0.46,1.0,19.6,15.2,65
2015-12-02,-1.6,0.4,78,0.30,138,0.54,2.0,22.2,18.4,70
2015-12-03,1.3,3.7,75,6.30,137,0.69,12.0,24.4,21.1,68
2015-12-04,-1.1,3.2,87,1.60,139,0.34,3.0,26.5,15.0,77
2015-12-05,-2.1,1.8,84,0.00,133,0.40,0.0,24.2,16.7,65
2015-12-06,1.1,2.9,80,0.80,134,0.57,4.0,25.0,20.7,74
2015-12-07,0.7,2.4,85,4.00,138,0.48,8.0,29.0,17.4,74
2015-12-08,-1.5,2.7,93,6.50,128,0.23,15.0,22.9,12.4,87
2015-12-09,-2.6,0.8,94,4.00,114,0.14,14.0,10.2,7.4,91
2015-12-10,-5.2,-0.8,89,0.00,93,0.17,0.0,9.7,8.1,79
2015-12-11,-3.3,-0.8,87,0.40,116,0.25,3.0,14.8,11.0,81
2015-12-12,-5.4,-0.8,88,0.00,125,0.24,0.0,19.2,13.2,74
2015-12-13,-2.6,-0.8,86,4.90,76,0.20,18.0,17.6,7.6,75
2015-12-14,-5.5,-2.2,79,1.20,336,0.22,5.0,10.7,6.7,67
2015-12-15,-8.0,-3.8,81,1.80,126,0.23,4.0,13.8,9.6,67
2015-12-16,-9.3,-5.8,74,0.40,72,0.18,2.0,6.8,4.2,67
2015-12-17,-14.9,-7.1,82,0.00,103,0.16,0.0,11.6,9.6,63
2015-12-18,-7.0,-3.4,78,7.60,115,0.23,14.0,15.0,9.7,67
2015-12-19,-10.6,-4.2,87,1.20,118,0.16,6.0,17.6,9.1,75
2015-12-20,-3.5,-2.1,79,1.30,139,0.43,5.0,22.7,17.3,75
2015-12-21,-8.4,-4.0,86,0.20,122,0.17,2.0,10.9,9.7,79
2015-12-22,-11.9,-7.5,85,0.40,112,0.15,3.0,7.8,5.9,75
2015-12-23,-14.7,-9.3,82,0.00,80,0.15,0.0,8.0,5.7,66
2015-12-24,-14.7,-10.5,82,0.00,30,0.14,0.0,5.2,3.8,67
2015-12-25,-19.2,-13.9,80,0.00,61,0.09,0.0,6.9,5.2,75
2015-12-26,-17.9,-8.7,78,1.00,116,0.17,5.0,18.3,11.3,67
2015-12-27,-6.7,-4.4,78,10.70,133,0.33,24.0,19.1,15.8,70
2015-12-28,-7.9,-5.1,88,0.20,46,0.16,2.0,10.2,5.4,78
2015-12-29,-10.2,-6.5,88,0.00,37,0.15,0.0,6.9,3.8,79
2015-12-30,-14.7,-10.3,84,0.00,98,0.13,0.0,5.4,3.8,72
2015-12-31,-18.9,-14.6,79,0.00,114,0.14,0.0,10.8,9.0,63
2016-01-01,-18.3,-12.7,76,0.00,116,0.19,0.0,12.2,10.6,59
2016-01-02,-18.1,-13.1,72,0.00,99,0.19,0.0,10.0,8.4,51
2016-01-03,-18.8,-12.1,67,0.00,87,0.20,0.0,9.0,6.8,50
2016-01-04,-17.6,-11.8,69,0.00,56,0.14,0.0,4.4,3.2,54
2016-01-05,-12.1,-8.8,79,2.10,70,0.12,7.0,5.1,3.3,63
2016-01-06,-7.5,-3.5,86,1.40,28,0.17,6.0,5.9,3.5,81
2016-01-07,-5.6,-4.2,84,0.00,322,0.23,0.0,8.7,7.6,70
2016-01-08,-11.6,-6.3,84,0.00,57,0.17,0.0,7.4,5.0,77
2016-01-09,-13.6,-9.4,84,0.00,93,0.16,0.0,7.3,5.8,74
2016-01-10,-13.9,-8.8,81,0.00,111,0.20,0.0,9.3,7.8,68
2016-01-11,-11.8,-4.7,81,0.00,122,0.25,0.0,12.7,10.3,67
2016-01-12,-4.8,0.1,82,2.10,130,0.35,5.0,18.8,14.3,72
2016-01-13,-1.2,1.0,85,7.50,139,0.33,15.0,18.1,11.2,74
2016-01-14,-6.4,0.7,88,0.90,121,0.23,3.0,9.1,5.8,79
2016-01-15,-9.6,-5.1,86,0.00,119,0.20,0.0,6.9,4.6,78
2016-01-16,-7.3,-2.2,84,2.90,102,0.19,7.0,12.2,9.6,79
2016-01-17,-2.9,1.1,86,1.70,125,0.30,6.0,19.1,14.0,76
2016-01-18,-4.3,0.8,88,0.10,126,0.34,1.0,17.2,11.8,77
2016-01-19,-1.6,0.0,85,0.00,132,0.43,0.0,16.8,13.5,76
2016-01-20,-5.8,-1.1,88,0.00,91,0.28,0.0,9.3,5.5,80
2016-01-21,-1.0,1.7,79,1.40,129,0.54,7.0,20.7,17.4,74
2016-01-22,0.6,1.5,90,8.80,128,0.22,20.0,16.3,10.2,78
2016-01-23,-3.2,0.5,92,0.60,112,0.31,3.0,8.0,5.4,79
2016-01-24,-2.8,-0.2,91,2.30,300,0.34,9.0,6.9,4.7,72
2016-01-25,-5.1,-0.3,84,0.00,126,0.37,0.0,14.5,9.1,69
2016-01-26,-0.7,0.9,80,3.10,138,0.45,9.0,19.9,15.8,74
2016-01-27,-0.3,4.9,88,0.00,126,0.46,0.0,22.9,15.6,72
2016-01-28,3.0,4.7,80,2.90,146,0.73,9.0,24.0,17.9,56
2016-01-29,-5.0,2.7,77,0.00,142,0.42,0.0,12.2,8.5,60
2016-01-30,-3.5,-0.3,87,0.90,136,0.41,5.0,12.5,10.6,69
2016-01-31,-6.9,-1.9,84,0.00,126,0.33,0.0,9.2,6.5,70
2016-02-01,-7.6,-2.5,84,0.00,123,0.36,0.0,7.9,4.4,70
2016-02-02,-11.3,-4.6,82,0.00,124,0.38,0.0,7.6,6.4,66
2016-02-03,-11.1,-2.7,79,0.00,116,0.37,0.0,15.1,10.7,62
2016-02-04,-3.8,0.9,83,5.30,135,0.56,14.0,16.0,12.0,67
2016-02-05,0.5,4.1,76,1.40,137,0.83,4.0,26.4,21.0,65
2016-02-06,-0.4,3.0,70,1.80,196,0.86,5.0,25.7,13.1,48
2016-02-07,-5.8,0.2,75,0.70,126,0.45,5.0,16.1,8.9,63
2016-02-08,-1.0,3.5,80,0.00,128,0.65,0.0,16.6,14.0,68
2016-02-09,0.1,5.3,85,0.00,125,0.74,0.0,13.6,12.2,63
2016-02-10,0.9,4.2,82,0.30,128,0.59,2.0,14.4,12.9,69
2016-02-11,-2.6,3.4,88,1.00,112,0.48,4.0,13.4,8.1,77
2016-02-12,1.8,4.9,84,5.20,126,0.63,11.0,16.6,12.4,74
2016-02-13,-1.8,3.2,87,1.20,135,0.62,5.0,13.0,10.0,70
2016-02-14,-1.7,1.8,87,4.90,141,0.40,17.0,15.8,11.5,77
2016-02-15,-2.4,3.0,80,0.20,148,0.77,2.0,13.7,7.3,57
2016-02-16,-1.1,3.0,84,3.00,131,0.68,5.0,16.7,11.8,69
2016-02-17,-0.4,3.6,84,0.00,113,0.59,0.0,10.9,9.8,69
2016-02-18,0.2,3.0,92,15.80,125,0.29,12.0,13.1,8.9,75
2016-02-19,-1.0,4.0,86,1.10,133,0.80,3.0,18.8,11.8,58
2016-02-20,-0.4,3.2,79,0.00,151,0.93,0.0,13.0,9.4,52
2016-02-21,-4.3,2.2,74,0.00,119,0.91,0.0,16.5,10.5,54
2016-02-22,-1.9,1.7,81,2.40,164,0.93,8.0,13.6,7.7,52
2016-02-23,-5.8,2.1,73,0.00,107,0.89,0.0,7.0,5.5,52
2016-02-24,-4.3,3.4,72,0.00,108,0.91,0.0,11.8,8.3,51
2016-02-25,-2.4,4.7,73,0.00,117,0.96,0.0,12.7,9.8,54
2016-02-26,1.2,4.6,74,0.30,130,0.90,1.0,15.6,12.9,61
2016-02-27,0.8,4.5,84,4.90,154,1.10,11.0,9.4,5.1,57
2016-02-28,-0.3,4.0,82,2.60,124,0.59,8.0,15.5,12.1,63
2016-02-29,-1.0,3.3,82,3.60,243,1.05,8.0,10.3,5.0,51
2016-03-01,-3.1,2.6,74,1.00,90,0.70,4.0,12.0,8.0,59
2016-03-02,-1.1,5.4,86,3.40,122,0.88,7.0,13.6,8.6,58
2016-03-03,1.5,5.9,79,1.10,137,1.26,5.0,17.7,12.8,49
2016-03-04,2.0,7.3,72,0.60,134,1.38,3.0,29.6,20.2,51
2016-03-05,3.8,8.1,70,0.60,145,1.68,3.0,25.0,17.6,41
2016-03-06,2.3,6.7,71,0.60,117,1.20,2.0,16.9,12.7,48
2016-03-07,0.3,5.7,73,0.40,135,1.45,1.0,13.6,11.3,51
2016-03-08,-1.0,4.3,73,0.10,135,1.28,1.0,12.0,9.0,42
2016-03-09,-1.0,5.1,67,0.00,131,1.51,0.0,20.6,13.2,40
2016-03-10,2.8,7.0,65,2.80,134,1.67,6.0,26.0,20.9,42
2016-03-11,0.3,6.2,66,0.00,156,1.36,0.0,18.1,10.0,46
2016-03-12,2.1,6.7,66,2.00,130,1.50,1.0,22.1,14.5,47
2016-03-13,-1.2,4.9,70,0.20,127,1.39,1.0,21.8,10.9,37
2016-03-14,0.7,3.8,68,5.00,159,1.11,13.0,15.8,9.0,45
2016-03-15,0.1,4.4,58,0.00,174,1.51,0.0,8.2,5.6,33
2016-03-16,-1.0,4.0,61,0.30,295,1.41,2.0,15.0,7.5,40
2016-03-17,-2.0,1.8,55,0.00,320,1.50,0.0,13.8,6.4,45
2016-03-18,-0.5,4.1,51,0.00,109,1.63,0.0,14.9,7.4,34
2016-03-19,0.8,8.2,50,0.00,128,2.07,0.0,16.8,13.5,37
2016-03-20,2.9,8.4,60,0.00,114,1.80,0.0,14.7,10.4,40
2016-03-21,3.6,8.2,81,3.80,122,1.54,14.0,12.2,9.6,53
2016-03-22,1.8,8.9,83,0.20,328,1.29,2.0,9.9,7.9,48
2016-03-23,1.4,6.9,75,2.30,128,1.12,7.0,20.1,9.1,56
2016-03-24,1.9,7.4,73,1.70,156,1.77,8.0,17.8,10.7,50
2016-03-25,1.0,5.5,68,0.30,263,1.45,2.0,8.4,4.8,47
2016-03-26,1.5,7.7,61,0.00,134,2.05,0.0,10.6,7.8,39
2016-03-27,1.6,7.3,64,0.50,113,1.32,3.0,16.1,9.7,41
2016-03-28,0.4,6.6,61,0.00,320,2.03,0.0,13.7,10.7,34
2016-03-29,2.3,9.3,62,0.00,321,2.24,0.0,12.5,6.3,35
2016-03-30,5.9,12.1,68,0.00,353,2.46,0.0,11.7,6.8,47
2016-03-31,7.2,16.3,66,0.00,17,2.79,0.0,10.6,5.3,36
2016-04-01,7.5,17.8,70,0.00,113,2.78,0.0,8.8,6.6,35
2016-04-02,8.4,17.6,65,0.00,164,2.58,0.0,14.1,6.8,35
2016-04-03,6.6,13.6,59,0.00,350,2.48,0.0,10.0,6.4,35
2016-04-04,6.6,13.5,68,4.70,118,1.28,7.0,14.7,10.0,38
2016-04-05,2.0,7.5,75,1.30,153,1.04,5.0,23.8,9.6,54
2016-04-06,3.9,8.1,83,9.90,164,0.99,17.0,16.6,8.1,53
2016-04-07,5.5,16.5,81,0.20,121,2.48,2.0,13.6,8.6,36
2016-04-08,10.5,18.8,55,0.20,131,2.93,1.0,20.2,14.1,23
2016-04-09,6.6,16.7,54,0.20,311,2.97,1.0,19.7,9.6,24
2016-04-10,6.5,14.2,56,0.00,60,3.01,0.0,8.0,5.6,31
2016-04-11,6.8,14.2,65,0.20,98,2.42,2.0,7.2,4.6,31
2016-04-12,7.3,12.2,64,0.00,158,2.47,0.0,20.4,10.5,29
2016-04-13,5.3,10.9,48,0.10,174,3.09,1.0,18.7,10.3,26
2016-04-14,4.9,11.5,51,0.00,56,2.87,0.0,8.0,4.9,25
2016-04-15,5.8,12.5,55,0.00,158,2.83,0.0,14.9,8.5,27
2016-04-16,6.0,13.4,55,0.00,162,2.56,0.0,17.6,10.7,31
2016-04-17,9.5,18.4,56,0.00,141,3.53,0.0,16.6,13.7,35
2016-04-18,13.9,23.1,46,0.00,137,4.65,0.0,23.3,15.9,24
2016-04-19,13.3,22.8,51,0.00,272,4.13,0.0,21.3,8.9,23
2016-04-20,12.9,22.0,56,0.00,41,3.86,0.0,6.9,4.6,26
2016-04-21,13.8,22.0,56,2.40,101,3.55,2.0,12.5,6.8,26
2016-04-22,12.6,19.6,68,1.00,12,3.24,2.0,12.3,5.3,34
2016-04-23,9.5,13.0,90,9.50,167,1.96,16.0,11.6,5.8,57
2016-04-24,7.4,13.6,88,14.20,280,0.99,20.0,8.4,4.1,52
2016-04-25,3.8,9.7,77,2.20,308,2.11,4.0,9.2,7.1,33
2016-04-26,5.7,13.4,54,0.00,149,3.24,0.0,8.4,5.5,29
2016-04-27,8.1,13.2,57,0.00,316,2.84,0.0,7.9,5.4,29
2016-04-28,8.7,15.2,61,0.10,239,3.43,1.0,12.8,6.0,37
2016-04-29,8.6,14.9,55,0.00,314,3.18,0.0,14.0,10.4,29
2016-04-30,7.0,14.6,43,0.00,321,3.98,0.0,14.0,7.8,26
2016-05-01,10.4,19.4,49,0.00,129,4.03,0.0,9.3,7.1,26
2016-05-02,13.9,22.5,49,0.00,132,4.83,0.0,15.6,10.0,23
2016-05-03,15.0,22.4,49,0.00,154,4.72,0.0,19.1,10.4,24
2016-05-04,11.0,18.2,57,0.90,291,2.62,4.0,14.9,8.5,37
2016-05-05,7.9,14.0,45,0.00,334,3.92,0.0,12.0,8.9,23
2016-05-06,10.3,20.4,43,0.00,2,4.58,0.0,11.0,6.0,21
2016-05-07,14.6,25.0,47,0.00,150,5.24,0.0,19.0,10.4,19
2016-05-08,8.6,23.1,50,1.50,308,3.72,4.0,22.4,15.2,23
2016-05-09,7.0,13.0,48,0.40,327,3.72,1.0,18.2,11.0,34
2016-05-10,8.8,14.7,48,0.00,318,3.44,0.0,15.8,6.5,29
2016-05-11,9.2,14.3,74,9.60,65,2.04,16.0,5.8,3.4,33
2016-05-12,6.5,13.1,91,11.10,5,1.82,22.0,7.6,4.1,49
2016-05-13,8.7,16.4,59,0.00,79,3.79,0.0,6.6,4.5,28
2016-05-14,11.5,19.7,52,0.00,55,4.27,0.0,7.6,4.1,24
2016-05-15,13.1,19.7,49,0.00,4,4.52,0.0,7.9,4.2,24
2016-05-16,13.0,19.4,57,3.40,291,3.97,3.0,10.3,5.3,26
2016-05-17,11.8,18.8,65,0.00,280,3.48,0.0,9.2,4.8,37
2016-05-18,12.2,18.7,66,0.40,266,2.56,3.0,8.4,5.5,38
2016-05-19,6.8,10.4,94,14.60,329,1.67,24.0,16.1,8.6,74
2016-05-20,6.2,12.3,61,0.80,331,2.84,3.0,17.5,11.6,41
2016-05-21,7.2,13.4,57,0.00,321,3.38,0.0,16.6,12.3,41
2016-05-22,8.8,13.0,66,1.80,307,2.05,5.0,13.5,5.9,43
2016-05-23,9.6,18.8,82,1.40,337,3.29,5.0,10.7,5.6,32
2016-05-24,13.5,19.9,57,0.00,308,4.74,0.0,11.2,8.0,31
2016-05-25,12.5,19.7,55,0.20,297,4.55,1.0,12.0,8.1,26
2016-05-26,11.0,18.4,54,0.00,321,3.18,0.0,14.4,7.6,27
2016-05-27,7.6,12.6,61,0.00,294,2.84,0.0,8.4,6.4,34
2016-05-28,7.6,12.7,67,0.50,158,2.91,3.0,13.1,6.1,33
2016-05-29,5.7,10.5,86,7.30,193,2.15,17.0,12.2,7.2,57
2016-05-30,8.3,13.8,71,0.10,290,3.80,1.0,7.1,4.1,43
2016-05-31,10.9,18.1,60,0.00,150,3.92,0.0,10.5,6.8,33
2016-06-01,13.2,18.4,64,0.00,156,3.93,0.0,9.4,5.8,38
2016-06-02,12.4,16.7,71,6.20,170,3.15,17.0,11.0,7.7,42
2016-06-03,11.8,19.9,63,1.30,149,3.65,3.0,16.3,8.4,38
2016-06-04,15.3,21.7,58,0.00,285,4.98,0.0,13.9,5.9,36
2016-06-05,16.8,26.0,55,0.00,17,5.35,0.0,8.6,5.8,30
2016-06-06,19.5,26.0,56,0.00,329,5.13,0.0,9.7,5.8,29
2016-06-07,18.0,25.4,45,0.00,332,5.62,0.0,15.2,9.2,27
2016-06-08,16.9,22.2,50,0.00,159,4.82,0.0,12.4,7.4,32
2016-06-09,11.9,16.5,65,4.70,314,3.41,6.0,11.1,7.3,37
2016-06-10,10.4,15.8,73,7.60,28,2.24,13.0,5.8,2.9,39
2016-06-11,7.4,13.1,88,10.40,155,1.56,15.0,14.7,10.6,59
2016-06-12,9.1,15.9,77,4.00,221,2.81,8.0,12.4,6.6,41
2016-06-13,9.7,16.3,75,1.90,44,2.80,8.0,10.1,4.7,41
2016-06-14,7.5,12.7,81,10.30,181,3.06,16.0,11.6,7.6,43
2016-06-15,7.1,12.4,64,0.80,220,2.68,2.0,15.0,9.2,33
2016-06-16,6.5,11.3,73,10.40,244,1.61,19.0,13.6,8.0,37
2016-06-17,7.2,13.6,88,7.90,196,2.05,22.0,8.3,4.8,51
2016-06-18,11.5,17.6,66,0.00,46,4.27,0.0,10.6,4.8,38
2016-06-19,13.4,19.5,60,0.00,320,4.57,0.0,11.4,7.4,40
2016-06-20,14.2,20.0,67,0.40,138,4.27,2.0,10.0,7.4,42
2016-06-21,14.9,20.9,65,0.40,257,4.28,2.0,8.9,4.3,28
2016-06-22,14.0,20.9,59,2.20,235,3.63,8.0,8.6,5.2,27
2016-06-23,11.9,16.9,78,5.40,65,2.44,6.0,8.1,5.0,48
2016-06-24,11.4,15.8,77,1.70,211,2.79,7.0,7.3,4.8,58
2016-06-25,13.3,17.9,65,0.30,274,3.66,1.0,9.5,5.8,36
2016-06-26,14.2,18.8,57,0.00,294,3.93,0.0,9.4,6.3,36
2016-06-27,16.4,23.7,57,0.00,46,4.45,0.0,5.0,2.8,32
2016-06-28,18.5,24.6,61,0.00,276,5.00,0.0,5.5,2.7,32
2016-06-29,19.2,25.0,59,0.40,10,5.17,2.0,7.6,5.6,34
2016-06-30,17.7,24.9,68,2.90,314,4.61,7.0,12.0,7.0,35
2016-07-01,15.9,21.6,62,0.70,128,3.30,3.0,9.4,6.1,40
2016-07-02,15.8,20.5,64,0.00,173,3.70,0.0,12.2,6.0,37
2016-07-03,13.3,20.6,70,10.10,275,3.56,12.0,12.0,7.3,38
2016-07-04,9.5,14.6,76,14.10,222,1.62,14.0,12.9,7.3,48
2016-07-05,9.1,14.4,91,7.60,224,2.31,22.0,6.5,4.0,60
2016-07-06,12.4,17.2,68,0.00,298,3.37,0.0,8.9,4.6,44
2016-07-07,14.5,18.7,65,0.00,148,3.62,0.0,15.7,6.2,40
2016-07-08,14.8,19.8,62,0.60,136,4.17,2.0,14.7,12.8,40
2016-07-09,13.4,17.1,85,6.20,137,2.47,12.0,12.6,4.3,66
2016-07-10,13.2,18.1,73,0.10,163,3.03,1.0,8.0,5.1,45
2016-07-11,14.1,18.7,74,0.00,301,3.03,0.0,8.5,4.9,44
2016-07-12,14.0,17.7,84,4.90,106,2.59,11.0,4.9,2.7,54
2016-07-13,13.2,17.8,87,2.40,306,2.43,9.0,7.9,3.7,65
2016-07-14,13.3,16.6,85,10.30,325,2.77,12.0,10.5,4.2,62
2016-07-15,14.3,19.5,76,0.30,333,3.46,2.0,10.5,8.1,52
2016-07-16,15.4,22.4,71,3.80,346,4.34,4.0,8.7,5.8,40
2016-07-17,16.8,22.5,66,0.00,339,4.35,0.0,9.9,5.5,40
2016-07-18,17.1,22.1,71,0.60,102,3.06,2.0,6.2,3.8,45
2016-07-19,16.9,21.4,72,0.60,172,3.96,2.0,9.2,4.3,44
2016-07-20,14.3,17.0,89,14.70,186,1.91,20.0,8.4,5.5,74
2016-07-21,14.8,19.2,80,1.50,178,3.24,9.0,7.8,5.1,58
2016-07-22,15.4,21.2,80,0.60,168,3.75,3.0,9.8,6.0,40
2016-07-23,15.0,20.4,60,0.20,324,3.07,1.0,11.8,6.9,40
2016-07-24,16.6,21.7,66,0.50,138,3.76,2.0,8.9,7.1,42
2016-07-25,16.8,22.9,68,0.20,340,4.09,1.0,7.9,5.1,41
2016-07-26,17.9,23.9,62,0.00,342,4.77,0.0,8.7,6.3,36
2016-07-27,18.6,25.0,56,0.00,349,4.90,0.0,10.0,6.3,33
2016-07-28,19.4,25.0,56,0.00,341,5.08,0.0,9.6,7.6,33
2016-07-29,19.1,24.9,61,0.00,323,4.63,0.0,10.1,5.6,36
2016-07-30,16.2,23.7,51,0.00,323,4.64,0.0,13.6,11.3,35
2016-07-31,13.1,18.0,62,0.10,314,3.64,1.0,13.6,6.9,35
2016-08-01,14.9,20.9,60,0.00,160,3.74,0.0,9.0,5.3,32
2016-08-02,16.7,22.4,57,0.00,8,4.16,0.0,11.0,5.8,31
2016-08-03,16.7,23.6,63,1.20,317,4.25,3.0,12.0,6.5,27
2016-08-04,16.8,23.7,52,0.00,324,4.37,0.0,13.0,8.0,26
2016-08-05,14.9,21.3,73,6.40,14,3.55,10.0,8.2,5.1,39
2016-08-06,14.2,20.7,87,6.20,356,2.67,9.0,9.2,4.1,57
2016-08-07,16.6,22.6,78,2.30,358,3.85,4.0,8.0,4.9,44
2016-08-08,16.3,22.2,79,1.90,303,3.06,9.0,11.2,5.2,45
2016-08-09,15.4,20.3,88,10.90,133,2.34,16.0,9.3,5.8,58
2016-08-10,15.9,21.7,71,0.00,307,3.08,0.0,10.8,7.2,36
2016-08-11,16.8,21.9,56,0.00,303,3.98,0.0,10.4,7.6,35
2016-08-12,16.9,23.5,58,0.00,323,4.37,0.0,9.7,5.2,34
2016-08-13,18.6,25.7,65,0.00,117,4.20,0.0,6.6,4.2,34
2016-08-14,18.3,25.6,60,0.20,329,4.13,1.0,10.6,7.1,34
2016-08-15,18.1,24.9,55,0.00,348,4.06,0.0,10.0,4.6,34
2016-08-16,18.7,24.9,55,0.00,329,4.45,0.0,14.7,7.7,31
2016-08-17,16.3,23.1,47,0.00,338,4.81,0.0,13.2,10.0,27
2016-08-18,15.9,22.5,44,0.00,343,4.85,0.0,13.7,10.2,25
2016-08-19,16.9,25.7,50,0.00,348,4.62,0.0,13.4,6.8,26
2016-08-20,19.2,26.2,53,0.00,324,4.05,0.0,7.4,4.2,26
2016-08-21,16.3,26.1,67,3.30,326,2.27,7.0,18.6,7.9,30
2016-08-22,10.4,16.2,79,6.80,290,1.70,15.0,14.0,8.3,59
2016-08-23,13.3,19.6,67,0.30,334,3.23,1.0,14.8,7.8,38
2016-08-24,15.2,21.5,61,0.00,340,3.58,0.0,11.8,6.8,39
2016-08-25,16.3,22.0,62,0.00,348,3.93,0.0,15.0,8.9,32
2016-08-26,15.5,22.9,58,0.00,82,3.16,0.0,14.9,7.6,33
2016-08-27,14.9,22.9,66,3.20,322,2.46,10.0,11.7,8.5,36
2016-08-28,10.5,14.4,75,0.50,285,1.22,3.0,11.1,6.8,58
2016-08-29,12.9,20.8,80,2.00,129,2.37,8.0,13.3,11.1,48
2016-08-30,16.5,23.6,62,0.00,119,3.82,0.0,13.4,8.7,28
2016-08-31,16.7,23.5,60,0.50,139,3.38,2.0,17.3,7.7,28
2016-09-01,12.8,19.7,76,4.30,158,2.57,6.0,10.4,7.0,39
2016-09-02,11.2,15.0,73,0.20,297,2.46,1.0,7.4,4.0,49
2016-09-03,8.8,14.0,87,8.30,299,1.42,18.0,13.8,7.0,53
2016-09-04,7.9,12.0,67,0.00,315,1.87,0.0,11.4,6.1,46
2016-09-05,8.9,12.2,71,1.90,154,1.64,5.0,8.8,5.6,45
2016-09-06,9.4,13.1,82,5.20,134,1.86,16.0,7.5,6.0,53
2016-09-07,9.0,12.8,88,2.40,163,1.61,4.0,11.2,6.5,66
2016-09-08,8.5,12.3,81,12.60,266,1.43,23.0,13.3,10.5,53
2016-09-09,8.6,12.2,78,2.70,125,1.20,5.0,14.8,8.9,55
2016-09-10,9.4,13.6,92,9.10,131,1.57,14.0,15.5,8.6,69
2016-09-11,7.9,12.2,70,0.40,327,2.25,2.0,14.7,10.1,46
2016-09-12,8.1,14.9,65,0.00,338,2.73,0.0,14.7,6.5,38
2016-09-13,10.3,19.1,67,0.00,127,2.78,0.0,8.7,5.5,38
2016-09-14,13.1,20.7,69,0.00,115,2.59,0.0,7.3,5.2,40
2016-09-15,13.7,20.4,70,0.00,359,2.74,0.0,8.9,4.1,42
2016-09-16,12.4,20.0,79,2.20,128,1.20,6.0,8.0,5.1,44
2016-09-17,9.4,11.1,99,20.20,161,0.61,20.0,9.0,7.3,91
2016-09-18,6.9,13.6,85,5.50,212,1.87,7.0,9.2,6.5,45
2016-09-19,7.1,13.4,87,4.80,86,1.21,14.0,6.5,4.1,45
2016-09-20,6.4,11.7,86,1.10,355,1.38,4.0,8.7,4.6,50
2016-09-21,7.4,14.0,71,0.00,347,2.26,0.0,10.7,6.2,41
2016-09-22,8.2,14.9,67,0.00,120,2.36,0.0,11.8,6.1,37
2016-09-23,7.2,14.7,76,4.90,145,1.01,8.0,13.2,10.2,38
2016-09-24,4.8,11.8,87,0.60,153,1.49,3.0,8.4,5.0,42
2016-09-25,7.5,11.1,77,6.90,130,0.84,9.0,14.8,12.1,49
2016-09-26,10.5,17.6,83,0.00,132,1.64,0.0,20.4,15.8,55
2016-09-27,9.1,16.4,72,4.60,286,1.97,8.0,18.4,8.5,33
2016-09-28,6.5,12.7,66,0.00,72,1.92,0.0,5.0,3.1,34
2016-09-29,6.1,12.9,69,0.00,23,1.88,0.0,6.6,3.7,39
2016-09-30,7.2,13.0,66,0.00,356,1.98,0.0,8.3,4.9,43
2016-10-01,5.5,12.5,78,2.40,343,0.94,7.0,8.2,5.3,46
2016-10-02,3.8,9.3,84,0.00,83,1.18,0.0,9.3,6.0,57
2016-10-03,5.2,12.6,77,0.00,115,1.73,0.0,10.6,7.4,42
2016-10-04,7.0,12.0,65,0.00,121,1.66,0.0,15.1,10.7,46
2016-10-05,5.4,9.8,82,0.20,39,1.31,2.0,9.1,4.5,59
2016-10-06,4.8,9.4,85,1.20,106,1.13,6.0,9.6,5.6,60
2016-10-07,5.3,8.7,94,13.10,108,0.50,19.0,15.6,10.2,69
2016-10-08,1.5,5.6,98,3.70,1,0.43,10.0,12.4,6.3,89
2016-10-09,0.1,3.0,80,2.10,312,0.83,11.0,12.2,9.4,50
2016-10-10,-0.5,4.4,64,0.00,325,1.28,0.0,10.3,8.8,39
2016-10-11,-0.2,4.6,64,0.00,345,1.27,0.0,8.2,4.2,42
2016-10-12,1.0,7.7,70,0.00,129,1.38,0.0,12.4,9.8,45
2016-10-13,3.8,10.1,74,2.70,134,1.30,6.0,23.4,16.7,56
2016-10-14,4.8,9.6,83,6.60,127,1.08,6.0,21.1,12.3,58
2016-10-15,4.2,8.8,88,7.10,110,0.78,14.0,9.9,6.2,53
2016-10-16,5.2,9.4,86,8.50,140,0.98,19.0,19.8,12.2,54
2016-10-17,4.2,7.4,84,0.20,115,0.64,1.0,10.0,5.4,66
2016-10-18,3.0,6.9,93,2.20,40,0.50,8.0,5.0,3.0,71
2016-10-19,2.7,7.8,90,0.00,133,0.78,0.0,24.1,10.1,55
2016-10-20,4.8,9.5,82,6.90,146,1.04,14.0,22.4,18.2,55
2016-10-21,1.1,6.8,87,2.60,139,0.81,3.0,22.3,11.5,55
2016-10-22,2.5,7.9,79,0.30,137,1.11,1.0,17.3,11.4,48
2016-10-23,4.4,9.9,66,0.00,118,1.35,0.0,17.1,12.0,51
2016-10-24,5.2,11.2,76,1.50,87,1.06,5.0,11.7,8.3,54
2016-10-25,6.0,9.9,79,0.80,123,0.87,3.0,17.6,12.2,59
2016-10-26,4.2,8.5,78,0.00,132,0.92,0.0,14.5,12.2,61
2016-10-27,4.6,6.6,89,3.20,132,0.37,11.0,19.1,14.9,79
2016-10-28,3.9,7.2,94,3.90,130,0.52,10.0,10.9,5.5,71
2016-10-29,4.0,7.4,82,0.00,105,0.68,0.0,10.7,6.1,60
2016-10-30,3.3,6.7,88,8.90,140,0.69,9.0,13.5,10.3,53
2016-10-31,1.5,5.9,85,1.90,65,0.32,5.0,5.5,3.5,63
2016-11-01,1.1,6.0,90,0.00,135,0.63,0.0,16.3,8.7,62
2016-11-02,3.5,7.2,80,1.20,134,0.79,2.0,24.2,15.9,67
2016-11-03,6.9,10.6,74,0.30,145,1.25,1.0,24.8,20.6,54
2016-11-04,8.3,12.5,54,0.00,142,2.25,0.0,26.8,22.3,43
2016-11-05,8.4,11.2,64,1.90,148,1.62,8.0,26.0,21.1,46
2016-11-06,4.6,8.3,86,0.00,139,0.75,0.0,11.8,9.0,54
2016-11-07,5.5,9.9,72,1.00,134,1.17,4.0,26.3,19.5,59
2016-11-08,9.9,14.3,66,0.00,141,1.94,0.0,27.2,24.9,53
2016-11-09,8.4,12.9,82,2.00,151,1.04,6.0,22.4,9.8,61
2016-11-10,6.0,9.1,85,0.00,123,0.58,0.0,19.4,12.5,67
2016-11-11,7.7,8.5,76,0.40,144,0.83,3.0,19.7,15.2,68
2016-11-12,6.3,9.1,95,6.40,133,0.49,18.0,15.3,12.8,81
2016-11-13,3.7,7.9,92,2.50,137,0.30,7.0,21.7,12.9,82
2016-11-14,1.8,4.3,90,2.90,147,0.56,9.0,20.4,8.9,68
2016-11-15,-0.9,2.8,89,2.90,105,0.19,5.0,10.8,6.6,77
2016-11-16,-1.7,1.0,91,2.90,187,0.40,12.0,5.2,4.3,69
2016-11-17,-2.6,0.8,88,0.00,110,0.36,0.0,11.7,8.4,70
2016-11-18,-1.9,2.0,81,0.00,114,0.45,0.0,12.8,9.1,58
2016-11-19,-0.9,1.6,73,0.30,101,0.44,3.0,13.5,9.1,66
2016-11-20,0.4,3.7,84,2.40,128,0.38,8.0,15.6,13.6,78
2016-11-21,1.1,2.7,95,5.70,136,0.26,12.0,15.9,9.4,89
2016-11-22,0.6,3.2,89,1.50,132,0.42,3.0,22.4,15.9,64
2016-11-23,1.1,3.7,81,2.40,144,0.58,12.0,20.1,14.4,68
2016-11-24,0.5,2.8,74,1.00,132,0.68,6.0,24.0,19.2,67
2016-11-25,-1.1,0.6,91,7.50,162,0.29,13.0,16.6,8.3,80
2016-11-26,-2.5,-1.2,85,3.40,73,0.15,8.0,8.1,5.8,82
2016-11-27,-3.3,-1.2,88,1.00,161,0.28,6.0,11.7,5.9,73
2016-11-28,-4.4,-2.3,90,1.90,137,0.19,10.0,9.8,6.5,83
2016-11-29,-6.4,0.1,89,0.00,120,0.26,0.0,14.8,9.2,73
2016-11-30,-0.7,0.4,82,3.20,135,0.37,10.0,16.9,14.3,75
2016-12-01,-6.9,-0.4,92,0.50,135,0.19,2.0,9.4,5.2,82
2016-12-02,-4.2,0.8,84,3.00,131,0.37,6.0,23.2,16.4,76
2016-12-03,-6.5,-0.5,88,1.30,135,0.21,5.0,12.2,8.2,68
2016-12-04,-7.4,-4.0,85,0.90,312,0.23,4.0,9.5,5.8,64
2016-12-05,-12.1,-5.7,85,0.00,74,0.15,0.0,9.4,5.1,68
2016-12-06,-17.5,-10.1,75,0.00,339,0.15,0.0,10.3,8.6,59
2016-12-07,-19.8,-17.1,78,0.00,58,0.12,0.0,8.3,3.9,65
2016-12-08,-20.9,-17.1,77,0.00,77,0.11,0.0,5.2,3.7,69
2016-12-09,-21.9,-13.7,76,0.20,74,0.11,2.0,7.1,4.9,65
2016-12-10,-15.9,-12.1,81,0.20,41,0.15,2.0,5.0,3.4,67
2016-12-11,-15.8,-13.2,78,0.00,334,0.13,0.0,10.3,8.2,67
2016-12-12,-22.6,-16.8,72,0.00,15,0.12,0.0,8.7,5.0,54
2016-12-13,-24.9,-18.2,74,0.00,85,0.09,0.0,6.2,4.9,66
2016-12-14,-25.1,-18.0,74,0.00,102,0.11,0.0,9.8,8.0,61
2016-12-15,-23.0,-17.8,73,0.00,33,0.10,0.0,6.2,4.0,63
2016-12-16,-24.2,-18.5,74,0.00,41,0.10,0.0,7.6,4.9,58
2016-12-17,-20.8,-14.3,72,0.00,116,0.15,0.0,11.1,10.0,63
2016-12-18,-11.6,-7.7,77,4.30,128,0.24,12.0,16.6,13.6,68
2016-12-19,-5.9,-1.1,79,2.20,143,0.36,7.0,21.8,15.9,61
2016-12-20,-5.6,-2.0,79,1.80,135,0.30,8.0,20.7,12.6,64
2016-12-21,-5.9,-1.1,81,0.50,139,0.30,2.0,20.7,14.6,73
2016-12-22,-3.8,-2.2,80,1.20,141,0.36,6.0,19.9,16.3,73
2016-12-23,-7.0,-4.0,89,1.60,338,0.15,5.0,10.7,5.9,81
2016-12-24,-10.7,-8.0,84,0.00,325,0.16,0.0,10.2,6.6,69
2016-12-25,-18.4,-12.5,80,0.00,61,0.10,0.0,8.1,5.8,73
2016-12-26,-12.8,-6.9,78,1.20,129,0.22,5.0,22.7,14.4,69
2016-12-27,-7.6,-5.7,81,1.40,137,0.28,7.0,23.4,15.1,71
2016-12-28,-11.0,-7.4,79,0.50,128,0.19,4.0,10.1,8.2,65
2016-12-29,-6.7,-3.2,80,1.90,123,0.30,9.0,20.0,14.1,75
2016-12-30,-7.8,-4.5,86,1.70,186,0.20,6.0,14.0,7.5,68
2016-12-31,-11.2,-7.7,83,4.30,115,0.13,11.0,11.1,8.2,77
2017-01-01,-10.5,-6.9,80,1.10,347,0.27,5.0,21.8,16.5,62
2017-01-02,-16.1,-13.0,77,0.00,344,0.21,0.0,17.5,13.0,65
2017-01-03,-19.0,-16.2,81,0.00,332,0.13,0.0,10.5,6.5,67
2017-01-04,-18.0,-13.0,86,0.00,138,0.14,0.0,5.2,3.0,73
2017-01-05,-16.0,-11.2,79,0.00,130,0.14,0.0,9.5,6.3,71
2017-01-06,-10.8,-7.4,79,2.10,128,0.24,9.0,15.0,11.8,65
2017-01-07,-8.7,-7.2,73,0.10,121,0.40,1.0,18.1,12.9,64
2017-01-08,-17.9,-9.4,80,0.00,341,0.14,0.0,12.3,6.9,66
2017-01-09,-17.0,-15.0,79,8.10,318,0.14,19.0,12.7,9.3,68
2017-01-10,-19.9,-15.5,76,0.00,314,0.14,0.0,10.0,8.2,63
2017-01-11,-21.7,-19.1,72,0.00,317,0.14,0.0,11.5,6.4,58
2017-01-12,-21.0,-15.5,68,0.00,143,0.20,0.0,13.3,7.6,56
2017-01-13,-16.0,-10.7,65,0.00,151,0.25,0.0,11.2,7.5,54
2017-01-14,-9.9,-4.8,63,0.00,138,0.49,0.0,15.3,12.9,52
2017-01-15,-6.3,-3.3,67,2.00,134,0.50,10.0,15.8,10.5,59
2017-01-16,-3.6,0.1,70,0.30,132,0.55,3.0,21.5,15.7,66
2017-01-17,1.6,3.6,76,1.00,139,0.72,5.0,25.1,21.1,71
2017-01-18,1.8,3.2,79,0.00,131,0.74,0.0,27.0,22.9,68
2017-01-19,1.3,3.4,81,0.40,138,0.58,3.0,22.5,15.7,71
2017-01-20,-0.6,2.2,86,0.70,132,0.45,5.0,13.5,11.7,66
2017-01-21,-3.0,0.7,77,0.00,99,0.37,0.0,13.7,6.7,65
2017-01-22,-1.9,1.5,75,0.00,118,0.54,0.0,14.6,10.6,58
2017-01-23,-4.5,0.9,79,0.00,352,0.30,0.0,8.8,6.3,66
2017-01-24,-6.4,-3.6,84,0.00,180,0.34,0.0,6.9,3.8,69
2017-01-25,-5.5,-0.7,83,0.00,143,0.41,0.0,9.2,5.3,65
2017-01-26,-5.4,-0.3,79,0.00,166,0.40,0.0,9.8,6.8,64
2017-01-27,-3.7,1.3,81,0.00,136,0.34,0.0,14.6,11.7,66
2017-01-28,0.7,4.4,72,0.00,134,0.91,0.0,20.9,16.6,53
2017-01-29,0.2,4.1,72,1.40,145,0.58,6.0,18.1,11.7,58
2017-01-30,-5.6,0.9,76,1.90,254,0.48,4.0,16.7,8.3,60
2017-01-31,-10.2,-6.8,73,0.00,327,0.38,0.0,13.9,9.1,60
2017-02-01,-12.1,-8.0,80,0.00,337,0.37,0.0,10.8,7.5,65
2017-02-02,-15.4,-10.3,82,0.00,356,0.31,0.0,7.4,4.8,66
2017-02-03,-15.9,-9.8,72,0.00,358,0.29,0.0,9.8,6.3,56
2017-02-04,-13.5,-11.1,72,1.70,324,0.30,17.0,11.2,9.6,61
2017-02-05,-14.3,-13.0,78,4.20,316,0.25,21.0,11.6,8.0,61
2017-02-06,-19.8,-14.3,73,0.00,317,0.27,0.0,14.8,10.5,52
2017-02-07,-21.0,-16.8,66,0.00,339,0.27,0.0,9.2,5.3,55
2017-02-08,-21.0,-14.8,63,0.00,32,0.31,0.0,7.3,5.1,48
2017-02-09,-13.7,-6.9,71,5.50,98,0.31,12.0,9.9,5.4,54
2017-02-10,-6.2,1.2,84,1.70,155,0.42,12.0,14.6,8.4,71
2017-02-11,-5.8,-0.2,73,2.10,231,0.66,3.0,15.1,8.2,50
2017-02-12,-2.4,2.5,72,0.20,148,0.84,2.0,14.1,11.7,50
2017-02-13,0.2,5.5,73,0.00,133,0.93,0.0,14.4,9.8,53
2017-02-14,2.1,5.6,63,0.00,138,1.21,0.0,20.5,16.9,45
2017-02-15,4.5,7.5,62,0.00,139,1.76,0.0,25.4,20.5,48
2017-02-16,4.1,7.6,76,1.50,141,1.05,7.0,25.2,20.1,57
2017-02-17,-0.4,5.4,79,2.90,226,0.67,10.0,14.0,6.7,57
2017-02-18,-4.2,0.8,87,0.10,353,0.62,1.0,9.0,5.2,69
2017-02-19,-1.7,1.7,90,2.20,53,0.48,10.0,4.9,3.0,68
2017-02-20,-1.9,2.3,81,0.70,126,0.85,5.0,12.0,7.7,58
2017-02-21,-4.3,2.0,70,0.00,226,0.91,0.0,10.2,5.5,50
2017-02-22,-6.0,-0.3,69,0.20,266,0.79,2.0,8.1,3.6,52
2017-02-23,-7.7,-1.7,77,0.10,295,0.73,1.0,7.5,4.9,50
2017-02-24,-7.1,-3.1,78,0.70,334,0.65,6.0,14.5,8.7,52
2017-02-25,-11.8,-3.2,69,0.10,213,0.67,1.0,12.4,6.7,46
2017-02-26,-8.5,-5.5,75,0.60,350,0.73,5.0,15.4,10.9,40
2017-02-27,-11.0,-5.2,58,0.00,260,0.78,0.0,11.6,5.5,41
2017-02-28,-11.5,-4.3,66,0.00,172,0.72,0.0,18.2,7.1,45
2017-03-01,-6.9,0.0,69,4.20,195,0.90,14.0,14.6,7.6,36
2017-03-02,-3.2,2.3,74,0.80,136,0.68,8.0,21.9,11.9,45
2017-03-03,-0.9,2.7,75,1.60,149,1.18,9.0,20.1,12.7,51
2017-03-04,-6.0,0.9,78,3.90,326,0.76,17.0,13.2,9.3,53
2017-03-05,-12.2,-3.2,69,0.00,347,0.82,0.0,9.2,5.4,34
2017-03-06,-8.8,-3.7,73,0.70,159,0.69,7.0,9.7,5.4,47
2017-03-07,-7.2,-0.6,62,0.30,142,0.99,3.0,20.5,9.3,45
2017-03-08,-7.3,-1.9,74,2.20,89,0.98,14.0,19.6,8.5,54
2017-03-09,-12.3,-4.6,73,0.00,357,0.82,0.0,12.9,7.8,50
2017-03-10,-12.1,-8.8,75,4.40,336,0.52,15.0,12.8,9.6,61
2017-03-11,-10.1,-0.2,81,1.50,25,0.55,6.0,5.8,3.5,68
2017-03-12,-2.2,4.3,88,2.50,143,0.78,14.0,13.5,5.6,58
2017-03-13,2.8,9.3,76,0.30,143,1.65,2.0,19.1,14.7,45
2017-03-14,3.1,10.3,77,1.50,142,1.29,5.0,22.7,13.7,48
2017-03-15,1.7,9.8,68,1.20,194,1.74,4.0,18.8,8.3,38
2017-03-16,0.7,6.6,66,0.90,198,1.62,6.0,17.1,9.3,28
2017-03-17,-0.9,5.3,65,0.10,151,1.59,1.0,20.7,15.5,30
2017-03-18,0.2,4.1,77,3.70,141,1.07,12.0,20.0,15.0,44
2017-03-19,-4.3,2.3,58,0.20,237,1.49,2.0,22.7,11.3,26
2017-03-20,-4.1,2.7,53,0.00,324,1.63,0.0,17.5,7.0,31
2017-03-21,-0.7,5.3,58,0.30,119,1.39,2.0,19.4,11.5,36
2017-03-22,2.6,8.5,80,1.80,130,1.50,4.0,20.3,14.4,51
2017-03-23,1.2,7.6,64,0.40,179,1.77,4.0,16.6,10.4,35
2017-03-24,2.2,7.5,66,0.40,135,2.01,4.0,19.8,15.5,41
2017-03-25,1.5,5.3,76,1.00,153,1.68,9.0,15.1,10.3,38
2017-03-26,-1.4,5.4,61,0.10,167,1.54,1.0,22.9,11.9,41
2017-03-27,1.0,7.5,76,0.60,142,1.88,4.0,20.9,10.6,42
2017-03-28,2.9,7.4,72,3.90,153,1.72,11.0,18.8,12.6,55
2017-03-29,1.1,9.5,79,5.20,134,0.90,9.0,12.0,7.8,40
2017-03-30,1.7,6.1,85,8.80,297,1.29,16.0,15.8,8.8,47
2017-03-31,1.4,8.3,63,0.30,145,1.64,3.0,12.7,8.7,45
2017-04-01,3.1,7.3,78,6.80,163,1.85,16.0,14.7,8.9,49
2017-04-02,0.1,7.2,71,2.20,282,1.77,9.0,11.2,7.5,47
2017-04-03,-2.1,4.1,64,0.10,275,1.94,1.0,12.4,5.9,44
2017-04-04,-0.2,7.7,54,0.00,126,2.23,0.0,20.5,11.5,32
2017-04-05,4.4,9.6,68,2.20,143,2.30,7.0,25.6,19.9,42
2017-04-06,2.9,10.0,79,1.60,127,1.40,8.0,21.5,9.7,48
2017-04-07,0.6,6.2,88,6.60,102,0.84,9.0,14.0,8.0,73
2017-04-08,2.7,7.3,76,0.30,143,1.81,3.0,15.9,13.2,45
2017-04-09,2.0,7.8,76,2.00,169,2.29,10.0,8.0,5.7,45
2017-04-10,2.3,7.9,64,0.60,134,2.33,2.0,13.2,9.7,44
2017-04-11,1.5,6.8,78,1.60,148,2.21,6.0,14.2,6.3,43
2017-04-12,2.8,7.2,56,1.50,80,1.77,4.0,16.2,9.9,37
2017-04-13,2.2,6.6,84,5.90,81,0.82,8.0,13.2,8.2,63
2017-04-14,0.9,7.0,86,2.00,176,1.49,10.0,16.7,7.5,53
2017-04-15,2.3,8.8,75,1.10,261,2.32,4.0,12.7,8.4,40
2017-04-16,2.7,9.8,69,0.80,126,2.24,3.0,12.8,6.6,28
2017-04-17,4.3,8.9,59,1.60,119,2.07,12.0,14.1,7.0,33
2017-04-18,3.5,10.8,87,4.70,110,1.74,16.0,15.3,4.5,48
2017-04-19,3.7,12.3,77,2.90,140,2.34,6.0,20.7,9.9,37
2017-04-20,5.5,11.0,64,2.00,134,2.81,4.0,19.5,8.2,35
2017-04-21,5.0,12.2,69,0.50,281,2.54,4.0,7.6,4.0,31
2017-04-22,7.1,13.4,50,0.00,105,3.01,0.0,18.8,11.7,30
2017-04-23,4.8,10.1,87,6.00,119,1.70,17.0,16.4,9.1,47
2017-04-24,3.3,8.8,70,0.10,334,2.34,1.0,16.6,11.3,38
2017-04-25,4.4,11.3,46,0.00,339,3.21,0.0,14.2,5.1,28
2017-04-26,4.6,11.0,62,2.90,122,2.26,8.0,10.9,7.6,27
2017-04-27,4.2,10.6,72,1.80,293,2.64,5.0,12.2,9.0,40
2017-04-28,4.7,9.8,51,0.60,295,3.06,4.0,12.7,9.4,29
2017-04-29,4.0,8.7,60,1.20,164,2.08,5.0,20.2,9.3,35
2017-04-30,3.4,9.5,76,2.70,185,2.31,13.0,17.1,10.4,41
2017-05-01,3.6,9.0,70,2.10,247,1.80,10.0,13.8,4.6,42
2017-05-02,4.7,13.6,71,0.60,163,3.13,3.0,12.1,5.4,30
2017-05-03,9.3,16.9,61,2.50,143,3.17,8.0,16.8,14.4,30
2017-05-04,12.4,20.6,73,2.30,157,3.43,5.0,18.7,11.2,33
2017-05-05,13.9,20.9,69,5.60,144,3.13,4.0,18.5,12.6,32
2017-05-06,7.7,17.2,48,1.20,243,3.84,5.0,20.2,11.3,28
2017-05-07,4.5,12.4,54,0.10,262,3.30,1.0,14.0,7.8,24
2017-05-08,7.2,12.6,54,0.30,228,3.03,3.0,14.3,6.4,26
2017-05-09,8.0,13.9,66,0.70,142,2.79,4.0,13.1,6.4,40
2017-05-10,8.3,16.3,72,2.00,307,2.99,8.0,12.3,6.1,31
2017-05-11,11.7,16.1,61,3.40,123,3.29,3.0,24.5,13.4,35
2017-05-12,6.9,14.0,88,10.60,176,1.69,17.0,19.6,7.9,58
2017-05-13,4.4,8.5,84,4.10,248,2.10,17.0,11.0,4.6,57
2017-05-14,5.0,11.2,77,3.90,190,2.91,10.0,10.8,6.5,36
2017-05-15,5.3,9.6,74,2.80,160,2.11,7.0,14.8,8.9,46
2017-05-16,5.8,12.7,75,5.70,51,2.88,10.0,14.8,10.8,41
2017-05-17,8.1,14.5,63,0.20,321,3.85,2.0,15.9,9.9,44
2017-05-18,9.5,14.7,63,1.10,174,3.48,3.0,7.6,4.9,41
2017-05-19,10.2,15.5,65,1.60,318,3.57,6.0,11.2,5.0,39
2017-05-20,12.4,19.3,52,0.00,326,4.32,0.0,12.8,7.6,30
2017-05-21,15.0,21.1,48,0.00,293,4.62,0.0,8.0,4.8,29
2017-05-22,16.6,23.6,49,0.00,207,4.57,0.0,8.7,5.4,29
2017-05-23,16.2,21.8,51,1.30,205,3.74,3.0,27.5,9.1,27
2017-05-24,6.9,16.6,65,6.00,300,2.77,14.0,24.6,17.6,36
2017-05-25,10.8,16.6,65,1.90,326,4.04,9.0,18.4,10.9,39
2017-05-26,13.9,22.3,52,0.00,274,4.83,0.0,9.0,4.8,32
2017-05-27,17.1,23.4,49,0.00,319,5.41,0.0,14.3,7.0,29
2017-05-28,18.5,25.4,43,0.10,86,5.60,1.0,11.4,6.5,27
2017-05-29,18.4,25.9,46,0.20,199,5.68,1.0,11.8,6.9,23
2017-05-30,18.6,24.6,47,1.20,168,4.85,4.0,15.2,6.4,22
2017-05-31,14.3,20.0,66,0.70,169,3.78,3.0,15.2,8.7,38
2017-06-01,13.9,20.3,65,2.30,183,3.84,8.0,11.5,7.9,35
2017-06-02,12.6,18.8,55,2.00,197,4.43,6.0,21.4,11.0,24
2017-06-03,12.8,18.6,46,1.50,188,4.66,4.0,19.8,11.8,24
2017-06-04,10.6,16.6,56,0.60,309,4.41,3.0,14.4,7.9,26
2017-06-05,11.5,19.0,51,0.10,268,4.82,1.0,12.4,6.5,24
2017-06-06,15.0,23.7,43,0.00,148,5.16,0.0,11.9,6.8,23
2017-06-07,18.1,25.5,44,0.00,124,5.81,0.0,16.4,10.5,26
2017-06-08,19.5,25.8,43,0.30,111,4.77,3.0,25.7,12.2,24
2017-06-09,10.5,16.2,75,5.10,236,2.20,11.0,19.0,12.0,33
2017-06-10,7.2,11.2,77,3.80,326,1.71,15.0,12.0,8.4,43
2017-06-11,12.1,19.3,65,0.00,191,2.88,0.0,10.1,5.7,43
2017-06-12,13.4,19.9,56,0.10,311,4.81,1.0,13.3,8.0,26
2017-06-13,12.7,19.0,49,0.70,330,4.61,3.0,15.5,9.8,28
2017-06-14,12.1,16.8,54,0.70,250,3.81,4.0,13.4,7.4,32
2017-06-15,10.4,14.5,60,0.20,143,3.20,2.0,27.9,12.9,38
2017-06-16,11.2,17.3,65,1.30,166,3.79,8.0,20.9,12.0,24
2017-06-17,10.9,16.8,45,0.00,285,4.33,0.0,15.3,8.4,26
2017-06-18,12.5,19.2,44,0.00,244,4.60,0.0,11.6,8.1,28
2017-06-19,13.9,17.8,67,1.80,191,2.42,10.0,9.8,7.1,36
2017-06-20,12.8,17.9,74,11.10,238,2.80,12.0,15.6,7.9,46
2017-06-21,9.9,15.5,50,1.20,295,3.88,6.0,17.2,11.7,28
2017-06-22,9.8,15.8,60,0.90,294,3.39,5.0,15.8,8.0,35
2017-06-23,13.3,22.1,52,0.00,82,4.81,0.0,11.6,5.3,25
2017-06-24,17.0,24.3,47,0.00,22,5.26,0.0,10.7,5.6,26
2017-06-25,19.6,28.7,46,0.00,134,5.64,0.0,15.1,8.8,21
2017-06-26,19.6,29.1,40,0.60,295,5.88,2.0,20.1,12.1,17
2017-06-27,13.1,20.7,47,0.10,290,5.22,1.0,20.6,11.4,28
2017-06-28,14.3,19.2,53,0.50,318,3.83,2.0,18.2,11.2,33
2017-06-29,16.7,25.4,59,0.00,22,4.69,0.0,14.0,4.8,27
2017-06-30,19.9,26.5,50,0.00,352,5.39,0.0,11.5,5.7,29
2017-07-01,20.3,26.6,50,1.70,275,5.54,8.0,18.2,7.6,24
2017-07-02,19.0,25.2,49,0.30,291,5.21,3.0,15.3,9.0,26
2017-07-03,14.2,23.2,50,0.10,296,4.46,1.0,16.1,11.3,21
2017-07-04,14.2,21.9,41,0.00,338,5.39,0.0,11.3,7.1,25
2017-07-05,17.2,25.5,42,0.00,326,5.58,0.0,11.9,5.6,21
2017-07-06,20.6,29.4,38,0.00,10,6.19,0.0,11.5,6.1,17
2017-07-07,22.8,29.5,34,0.20,148,5.74,1.0,18.4,7.1,14
2017-07-08,19.3,26.7,46,0.00,301,5.93,0.0,18.1,9.0,20
2017-07-09,19.9,25.5,43,1.00,245,4.85,3.0,14.2,7.5,24
2017-07-10,14.4,24.3,41,0.00,332,4.86,0.0,17.9,12.2,21
2017-07-11,14.8,21.9,47,0.00,301,4.27,0.0,9.5,4.3,27
2017-07-12,17.4,22.7,49,0.40,275,4.35,3.0,10.3,6.4,27
2017-07-13,16.2,21.8,63,0.10,269,3.87,1.0,13.0,7.3,30
2017-07-14,16.6,23.8,54,0.00,286,4.79,0.0,13.2,7.2,27
2017-07-15,18.4,24.6,46,0.30,231,5.14,2.0,17.6,7.5,17
2017-07-16,12.6,23.8,65,7.60,281,3.92,15.0,21.3,11.9,16
2017-07-17,11.6,20.7,57,0.10,288,4.10,1.0,15.4,6.4,21
2017-07-18,15.0,24.0,46,0.00,104,5.21,0.0,12.1,5.5,19
2017-07-19,17.8,24.6,43,0.00,323,5.31,0.0,9.4,5.3,19
2017-07-20,15.5,22.0,70,10.30,303,2.88,14.0,10.2,6.2,33
2017-07-21,13.4,18.8,79,0.30,178,2.53,3.0,9.4,5.9,45
2017-07-22,15.2,19.1,64,0.00,176,2.55,0.0,14.5,8.8,44
2017-07-23,13.4,21.9,69,3.50,303,2.45,9.0,12.6,9.8,43
2017-07-24,12.8,20.1,62,0.00,313,3.84,0.0,9.4,5.8,35
2017-07-25,16.5,24.9,53,0.00,91,4.97,0.0,12.4,5.7,27
2017-07-26,19.1,25.2,45,0.00,164,4.73,0.0,10.7,7.2,26
2017-07-27,17.3,24.3,57,0.00,315,4.31,0.0,14.0,9.0,36
2017-07-28,15.7,21.9,58,0.70,311,4.04,1.0,10.2,6.4,35
2017-07-29,18.4,26.2,47,0.00,216,4.84,0.0,14.2,6.8,25
2017-07-30,17.0,24.2,62,0.60,310,3.97,4.0,11.5,9.1,32
2017-07-31,16.1,22.2,48,0.00,340,5.13,0.0,15.5,10.7,31
2017-08-01,17.3,23.5,46,0.00,348,5.16,0.0,12.2,9.9,26
2017-08-02,18.9,26.6,40,0.00,335,5.46,0.0,9.7,7.3,19
2017-08-03,21.9,29.5,36,0.00,322,5.54,0.0,12.6,5.6,18
2017-08-04,19.0,28.1,52,0.00,336,5.39,0.0,17.0,13.3,24
2017-08-05,19.6,26.6,46,0.00,345,5.43,0.0,16.6,8.4,25
2017-08-06,21.6,28.6,34,0.00,339,5.35,0.0,9.6,5.2,19
2017-08-07,22.0,28.8,37,0.00,344,5.57,0.0,12.1,7.1,20
2017-08-08,22.6,28.9,38,0.20,351,5.87,1.0,13.8,8.7,20
2017-08-09,22.9,29.7,39,0.00,349,5.44,0.0,9.7,6.8,21
2017-08-10,23.5,30.8,39,0.00,351,5.44,0.0,9.7,5.9,19
2017-08-11,25.1,31.9,33,0.00,111,5.48,0.0,12.6,5.4,15
2017-08-12,23.6,31.3,36,0.00,216,5.30,0.0,17.3,7.9,16
2017-08-13,16.8,25.7,69,11.80,245,2.66,13.0,16.1,7.7,36
2017-08-14,12.1,16.4,64,0.10,276,2.85,1.0,11.6,7.8,41
2017-08-15,13.6,19.5,56,0.00,252,2.91,0.0,7.9,3.7,37
2017-08-16,14.8,21.2,62,0.10,210,2.97,1.0,12.5,6.6,35
2017-08-17,15.2,21.6,61,0.00,296,3.66,0.0,11.2,6.4,37
2017-08-18,15.5,21.0,65,2.70,237,2.08,7.0,16.6,9.5,40
2017-08-19,11.2,16.4,67,0.00,270,2.49,0.0,13.3,6.4,35
2017-08-20,11.6,16.5,73,1.60,351,1.25,7.0,8.2,4.5,39
2017-08-21,14.7,22.8,73,0.20,129,2.44,2.0,8.0,5.7,47
2017-08-22,17.2,26.0,74,0.70,124,3.31,3.0,9.5,5.7,36
2017-08-23,17.6,25.4,72,3.00,234,3.06,7.0,12.8,5.9,43
2017-08-24,13.2,18.8,69,2.30,285,2.70,10.0,16.3,9.5,45
2017-08-25,10.7,17.2,63,0.10,216,2.73,1.0,10.7,6.2,37
2017-08-26,14.2,22.9,59,0.00,147,3.33,0.0,9.2,6.7,38
2017-08-27,17.5,25.0,62,0.00,231,3.63,0.0,8.1,5.5,38
2017-08-28,18.0,25.0,67,0.00,331,3.85,0.0,12.8,8.7,36
2017-08-29,19.0,28.7,59,0.00,348,4.17,0.0,11.2,8.3,22
2017-08-30,19.7,29.3,42,0.10,213,3.77,1.0,15.6,7.8,19
2017-08-31,15.3,23.0,52,0.10,292,3.59,1.0,12.4,9.4,27
2017-09-01,15.3,20.7,49,0.00,297,2.45,0.0,9.0,5.4,29
2017-09-02,16.0,25.3,64,1.70,169,2.57,3.0,22.2,9.7,37
2017-09-03,12.3,18.3,92,14.30,1,1.31,12.0,8.8,4.2,53
2017-09-04,14.9,23.4,66,0.00,350,3.39,0.0,9.8,5.5,31
2017-09-05,17.9,28.3,50,0.00,20,3.67,0.0,9.0,5.1,30
2017-09-06,21.7,29.3,47,0.00,105,3.68,0.0,6.4,3.9,30
2017-09-07,20.8,27.8,57,0.00,156,3.43,0.0,11.2,5.4,32
2017-09-08,16.0,21.2,84,9.50,329,1.87,16.0,10.7,7.4,60
2017-09-09,14.0,17.1,78,3.60,196,2.01,4.0,15.8,8.4,38
2017-09-10,10.0,15.4,74,2.50,222,1.89,3.0,15.4,8.5,42
2017-09-11,13.4,16.6,62,1.90,166,1.61,3.0,17.3,11.9,42
2017-09-12,10.5,14.9,70,0.10,324,1.35,1.0,11.4,9.2,51
2017-09-13,7.9,12.7,70,0.70,329,2.31,4.0,16.9,12.8,48
2017-09-14,8.8,14.7,62,0.00,337,2.83,0.0,14.7,10.5,36
2017-09-15,10.1,16.4,52,0.00,356,2.91,0.0,12.2,5.6,32
2017-09-16,11.0,17.5,53,0.00,137,2.63,0.0,9.0,6.1,32
2017-09-17,11.0,17.7,56,0.90,149,2.18,3.0,19.5,10.7,30
2017-09-18,6.3,10.3,83,4.80,183,1.62,13.0,15.8,8.3,46
2017-09-19,5.7,11.0,71,0.40,289,1.96,3.0,8.0,4.0,41
2017-09-20,4.7,9.2,81,3.30,319,0.75,13.0,18.7,10.1,47
2017-09-21,6.7,12.3,72,0.10,341,2.02,1.0,18.4,15.4,35
2017-09-22,6.4,11.4,62,0.00,323,1.89,0.0,15.0,8.0,38
2017-09-23,8.8,13.1,67,0.10,262,1.28,1.0,6.6,3.6,49
2017-09-24,10.3,14.6,83,2.50,166,1.23,13.0,7.5,5.4,65
2017-09-25,10.9,15.5,87,5.30,192,1.39,16.0,7.6,5.1,56
2017-09-26,12.5,17.9,77,0.00,219,1.57,0.0,8.3,4.8,50
2017-09-27,13.4,21.1,71,0.00,117,2.29,0.0,8.9,6.2,44
2017-09-28,15.1,22.0,62,0.00,128,2.93,0.0,17.6,11.3,34
2017-09-29,14.4,22.4,58,1.30,145,2.16,3.0,16.2,11.8,33
2017-09-30,7.5,10.4,87,11.60,285,1.14,16.0,11.8,7.3,58
2017-10-01,5.2,7.4,78,1.30,307,1.02,6.0,17.9,10.7,64
2017-10-02,2.7,7.3,78,0.20,337,1.50,1.0,15.8,14.8,44
2017-10-03,2.5,9.4,60,0.00,310,1.83,0.0,15.3,6.7,31
2017-10-04,6.2,12.8,51,0.00,138,1.76,0.0,6.7,3.9,33
2017-10-05,9.8,16.2,51,0.00,143,2.00,0.0,8.2,5.1,34
2017-10-06,8.6,15.5,60,3.40,202,1.35,3.0,20.1,8.7,42
2017-10-07,3.2,5.9,75,3.10,252,0.94,9.0,14.8,8.7,65
2017-10-08,3.2,10.1,85,0.80,281,1.18,5.0,11.3,7.0,35
2017-10-09,5.1,9.7,61,0.00,179,1.04,0.0,11.4,7.5,44
2017-10-10,2.0,6.6,96,16.20,339,0.36,22.0,14.6,10.6,81
2017-10-11,0.5,2.2,90,2.50,318,0.53,17.0,15.9,9.4,64
2017-10-12,0.2,4.7,76,0.10,175,0.90,1.0,8.4,4.8,47
2017-10-13,0.1,3.7,82,1.90,328,0.90,7.0,13.5,8.4,47
2017-10-14,-0.5,1.9,79,14.50,166,0.39,13.0,12.9,8.9,56
2017-10-15,2.1,5.9,91,4.10,135,0.38,10.0,14.3,11.6,77
2017-10-16,5.3,11.6,80,1.10,156,0.90,1.0,18.8,13.0,62
2017-10-17,6.7,10.9,76,7.80,216,1.16,12.0,24.5,16.7,32
2017-10-18,1.1,5.5,69,4.50,147,0.70,10.0,23.4,14.2,37
2017-10-19,3.9,9.1,85,1.40,155,0.90,5.0,20.4,15.4,50
2017-10-20,2.0,7.1,83,1.20,191,1.01,5.0,10.5,7.3,51
2017-10-21,1.2,6.8,83,1.20,162,0.82,6.0,28.0,12.5,49
2017-10-22,2.9,9.5,78,3.90,153,1.11,14.0,23.2,13.9,38
2017-10-23,3.2,8.8,69,0.70,177,0.87,5.0,18.6,10.5,49
2017-10-24,7.2,12.7,70,0.00,148,1.17,0.0,20.6,14.4,57
2017-10-25,7.8,12.3,73,2.70,226,1.15,7.0,18.8,15.5,61
2017-10-26,1.8,6.7,81,0.00,329,0.87,0.0,13.4,6.6,59
2017-10-27,3.7,10.8,73,0.00,136,0.99,0.0,7.4,6.2,54
2017-10-28,6.3,11.4,74,0.00,143,0.89,0.0,9.7,6.6,64
2017-10-29,4.1,8.8,78,0.00,338,0.96,0.0,14.0,11.5,51
2017-10-30,1.7,6.0,66,0.00,270,0.82,0.0,6.9,3.6,36
2017-10-31,1.6,6.1,70,1.90,172,0.44,3.0,17.5,6.8,61
2017-11-01,0.6,5.7,88,0.90,322,0.45,6.0,18.7,14.7,62
2017-11-02,-4.7,-0.9,50,1.30,357,0.99,10.0,21.0,16.4,28
2017-11-03,-11.3,-7.8,45,0.00,331,0.82,0.0,19.4,13.3,32
2017-11-04,-10.2,-6.2,55,0.00,106,0.38,0.0,6.2,4.0,41
2017-11-05,-9.0,-4.2,59,0.00,330,0.65,0.0,10.6,8.3,34
2017-11-06,-7.9,-2.1,63,0.00,153,0.61,0.0,15.1,7.2,31
2017-11-07,-5.0,-1.5,52,0.00,135,0.87,0.0,15.7,13.7,43
2017-11-08,-4.0,2.5,73,0.00,97,0.62,0.0,10.8,6.8,49
2017-11-09,-1.6,2.9,75,0.10,133,0.51,1.0,11.4,5.9,59
2017-11-10,-2.3,1.1,90,1.00,164,0.29,7.0,6.9,5.1,75
2017-11-11,-1.0,3.4,86,0.20,127,0.47,2.0,18.6,10.7,59
2017-11-12,1.1,4.7,78,0.90,132,0.67,4.0,18.9,16.3,67
2017-11-13,1.1,4.9,91,5.80,125,0.41,14.0,20.7,12.7,65
2017-11-14,0.8,3.8,77,0.30,135,0.62,2.0,20.5,15.2,65
2017-11-15,2.0,3.9,73,4.10,127,0.85,15.0,23.7,19.0,65
2017-11-16,-3.9,1.0,80,0.40,3,0.29,3.0,10.8,6.0,66
2017-11-17,-6.4,-2.5,77,1.70,308,0.31,11.0,6.5,4.1,67
2017-11-18,-2.7,2.3,75,0.00,146,0.47,0.0,17.4,12.2,66
2017-11-19,0.9,1.9,79,6.20,151,0.57,8.0,21.7,18.0,70
2017-11-20,-2.9,0.1,87,1.90,319,0.36,5.0,8.7,4.9,70
2017-11-21,-3.1,1.0,91,2.60,109,0.22,3.0,19.8,7.4,77
2017-11-22,2.6,7.7,91,3.00,131,0.43,5.0,20.2,16.1,81
2017-11-23,4.0,6.8,87,4.80,173,0.40,6.0,21.7,15.1,70
2017-11-24,1.2,4.2,77,0.30,166,0.53,2.0,18.8,12.4,63
2017-11-25,2.0,5.8,77,0.00,145,0.67,0.0,17.9,15.9,66
2017-11-26,3.3,6.9,81,2.80,138,0.66,10.0,26.8,20.9,70
2017-11-27,-0.3,3.5,68,0.60,212,0.65,3.0,15.6,12.3,57
2017-11-28,-0.1,3.0,67,0.80,147,0.78,4.0,23.9,15.9,59
2017-11-29,-0.1,2.5,65,0.00,190,0.69,0.0,17.2,13.0,56
2017-11-30,0.4,1.3,78,3.40,148,0.44,9.0,18.1,11.8,62
2017-12-01,-0.8,1.9,78,0.90,153,0.41,7.0,15.2,9.5,60
2017-12-02,-2.6,-0.4,86,0.40,108,0.24,4.0,9.4,3.5,58
2017-12-03,-5.3,-2.9,80,0.00,307,0.27,0.0,9.2,5.4,50
2017-12-04,-4.7,-0.9,62,0.10,202,0.34,1.0,7.6,6.0,46
2017-12-05,-2.4,2.5,69,0.60,169,0.35,2.0,9.4,5.5,61
2017-12-06,-2.1,1.3,89,0.00,136,0.26,0.0,8.2,6.4,78
2017-12-07,-2.2,2.3,87,0.00,144,0.31,0.0,10.0,7.5,62
2017-12-08,-1.3,3.7,67,0.00,151,0.62,0.0,12.6,11.0,44
2017-12-09,-0.9,4.2,53,0.00,139,0.99,0.0,14.8,13.5,35
2017-12-10,0.6,3.5,47,0.00,134,1.04,0.0,17.1,10.7,40
2017-12-11,0.6,5.8,60,0.00,139,0.87,0.0,13.8,12.3,45
2017-12-12,0.7,3.8,60,0.00,140,0.71,0.0,18.1,10.1,52
2017-12-13,-1.5,2.2,83,0.00,169,0.27,0.0,7.6,4.9,72
2017-12-14,-0.9,2.4,89,0.00,139,0.25,0.0,11.6,8.4,71
2017-12-15,-0.4,0.9,76,2.60,201,0.38,7.0,14.1,8.0,57
2017-12-16,-3.7,-1.2,72,0.20,208,0.32,2.0,12.0,8.2,55
2017-12-17,-2.6,-1.0,82,4.00,152,0.27,8.0,15.1,10.2,65
2017-12-18,-7.4,-3.2,92,5.50,239,0.18,10.0,9.7,4.9,75
2017-12-19,-10.1,-7.7,90,0.00,1,0.14,0.0,17.8,8.9,77
2017-12-20,-10.9,-7.3,84,0.00,330,0.21,0.0,21.2,14.9,67
2017-12-21,-10.9,-6.2,80,2.20,113,0.16,11.0,12.9,7.8,66
2017-12-22,-12.9,-7.9,86,0.00,326,0.14,0.0,14.2,10.8,75
2017-12-23,-17.0,-15.2,84,0.00,318,0.12,0.0,10.8,6.8,75
2017-12-24,-18.2,-12.5,78,0.00,120,0.14,0.0,9.9,6.6,62
2017-12-25,-20.0,-15.9,80,0.00,332,0.11,0.0,9.0,5.7,64
2017-12-26,-21.1,-14.6,76,0.10,145,0.12,1.0,10.1,6.2,61
2017-12-27,-18.7,-16.2,80,1.20,322,0.09,8.0,10.6,6.9,71
2017-12-28,-21.1,-17.4,84,4.00,337,0.07,12.0,9.9,5.5,73
2017-12-29,-21.9,-19.3,81,0.70,339,0.09,3.0,10.8,7.1,74
2017-12-30,-22.7,-20.8,74,1.20,329,0.12,7.0,13.2,8.6,62
2017-12-31,-21.4,-12.8,66,0.00,149,0.17,0.0,10.5,6.6,54
2018-01-01,-14.3,-8.4,68,0.20,143,0.23,2.0,9.9,7.2,60
2018-01-02,-10.5,-6.0,77,0.00,165,0.22,0.0,10.5,7.6,70
2018-01-03,-7.3,-3.3,79,0.00,155,0.25,0.0,10.0,7.6,73
2018-01-04,-4.3,-0.1,80,0.00,144,0.32,0.0,12.7,10.8,66
2018-01-05,-1.1,3.1,79,0.00,130,0.50,0.0,17.5,15.7,71
2018-01-06,-1.1,2.7,88,2.90,162,0.26,7.0,17.1,7.3,63
2018-01-07,-3.7,0.2,92,2.70,131,0.20,12.0,16.1,9.2,78
2018-01-08,-0.7,0.4,87,0.00,133,0.23,0.0,17.1,13.3,83
2018-01-09,-2.3,-0.2,94,4.80,345,0.17,20.0,17.4,8.7,83
2018-01-10,-18.8,-10.6,80,0.90,330,0.13,5.0,16.6,12.9,70
2018-01-11,-25.8,-19.7,82,0.00,336,0.11,0.0,8.7,5.2,67
2018-01-12,-22.3,-13.9,76,0.00,325,0.14,0.0,7.9,5.0,61
2018-01-13,-8.5,-1.0,81,1.80,145,0.24,7.0,8.2,6.0,74
2018-01-14,-1.7,2.0,80,0.00,139,0.41,0.0,11.7,9.0,69
2018-01-15,1.0,5.3,74,0.00,137,0.73,0.0,17.6,14.4,57
2018-01-16,2.6,3.9,71,0.30,138,0.77,3.0,19.7,16.2,66
2018-01-17,-0.3,2.2,85,3.10,136,0.42,8.0,26.8,17.1,71
2018-01-18,1.4,2.6,82,1.50,145,0.52,5.0,25.5,16.6,66
2018-01-19,-1.6,2.3,79,0.00,148,0.54,0.0,17.4,11.1,65
2018-01-20,-2.1,1.5,86,0.80,130,0.39,7.0,13.4,11.3,64
2018-01-21,0.3,2.2,72,0.20,129,0.93,2.0,30.8,23.8,67
2018-01-22,-2.9,1.8,85,0.80,161,0.30,5.0,17.0,9.4,73
2018-01-23,-5.9,-1.5,77,1.30,134,0.31,5.0,24.5,11.7,68
2018-01-24,-2.4,2.5,82,1.80,125,0.54,7.0,21.9,14.8,67
2018-01-25,-1.8,1.8,82,1.30,138,0.45,6.0,12.8,9.4,55
2018-01-26,-5.5,-2.2,79,0.30,138,0.42,3.0,9.3,6.5,63
2018-01-27,-8.2,-3.5,83,2.70,14,0.18,7.0,10.9,6.8,67
2018-01-28,-11.6,-3.5,86,3.60,79,0.20,12.0,16.3,10.0,80
2018-01-29,0.1,5.1,84,1.60,128,0.60,8.0,21.6,17.6,69
2018-01-30,-2.1,3.8,81,1.90,192,0.47,5.0,13.7,8.2,59
2018-01-31,-5.5,-0.8,72,0.00,204,0.54,0.0,11.8,7.8,57
2018-02-01,-7.1,-2.8,80,0.60,141,0.38,5.0,9.7,6.9,65
2018-02-02,-2.3,1.4,85,2.20,129,0.27,12.0,14.5,10.4,76
2018-02-03,-7.8,1.9,84,6.00,315,0.17,19.0,17.6,12.8,77
2018-02-04,-17.1,-13.0,80,17.10,341,0.12,23.0,11.1,5.0,76
2018-02-05,-15.4,-10.6,79,3.60,330,0.22,15.0,9.6,5.0,61
2018-02-06,-12.9,-7.7,82,2.00,64,0.21,6.0,5.8,3.1,73
2018-02-07,-5.3,-1.2,92,21.70,102,0.17,24.0,7.9,5.9,82
2018-02-08,-5.4,-0.3,85,3.70,339,0.29,14.0,18.9,12.1,64
2018-02-09,-16.7,-12.4,76,0.00,321,0.36,0.0,16.8,8.7,58
2018-02-10,-18.7,-12.1,69,0.00,151,0.37,0.0,11.2,6.0,44
2018-02-11,-15.5,-11.4,57,0.00,338,0.49,0.0,15.3,10.1,38
2018-02-12,-16.8,-10.2,68,0.00,131,0.45,0.0,13.6,7.5,41
2018-02-13,-9.1,-3.4,64,0.50,133,0.47,2.0,12.5,10.0,48
2018-02-14,-4.0,-2.3,80,1.80,281,0.47,10.0,13.7,9.6,67
2018-02-15,-10.5,-2.8,80,1.20,323,0.46,3.0,17.0,10.0,51
2018-02-16,-6.9,-3.1,77,5.20,226,0.57,17.0,15.9,10.2,54
2018-02-17,-8.3,-3.9,73,0.70,39,0.46,7.0,17.3,7.9,50
2018-02-18,-13.8,-6.7,65,0.00,346,0.60,0.0,18.9,17.8,43
2018-02-19,-15.8,-10.0,70,0.00,317,0.54,0.0,15.7,8.7,34
2018-02-20,-16.7,-10.2,61,0.00,19,0.49,0.0,8.2,5.8,38
2018-02-21,-15.9,-11.3,64,2.00,146,0.36,9.0,9.9,6.2,52
2018-02-22,-13.8,-8.8,79,0.30,326,0.56,3.0,10.3,6.0,59
2018-02-23,-11.5,-6.6,73,5.60,132,0.40,11.0,13.3,10.1,58
2018-02-24,-9.1,-2.4,76,0.90,139,0.73,7.0,12.3,7.8,50
2018-02-25,-5.4,-1.7,68,1.40,200,0.77,8.0,14.0,10.0,48
2018-02-26,-6.3,-0.9,71,0.40,235,0.89,4.0,11.2,7.5,41
2018-02-27,-4.2,0.9,67,3.60,217,1.09,9.0,13.3,11.4,40
2018-02-28,-4.4,0.6,71,0.80,164,0.78,7.0,22.7,11.0,44
2018-03-01,-1.5,3.0,67,0.40,120,1.19,4.0,22.1,17.6,54
2018-03-02,-4.2,2.3,83,2.30,344,0.51,11.0,16.8,12.1,61
2018-03-03,-12.8,-7.6,78,0.00,322,0.58,0.0,17.7,13.6,57
2018-03-04,-13.6,-8.4,74,0.80,327,0.71,5.0,9.4,6.2,52
2018-03-05,-11.5,-5.2,68,0.30,150,0.73,3.0,9.0,5.8,55
2018-03-06,-7.0,-1.6,68,0.00,100,0.94,0.0,5.9,4.0,54
2018-03-07,-5.4,0.7,67,0.00,114,1.15,0.0,6.9,4.7,42
2018-03-08,-3.6,3.1,70,0.90,120,1.05,4.0,13.1,8.5,53
2018-03-09,-2.2,3.1,78,4.80,286,1.22,7.0,15.0,9.3,50
2018-03-10,-3.7,3.2,61,0.00,140,1.38,0.0,8.7,7.2,41
2018-03-11,-1.0,5.1,59,0.00,137,1.72,0.0,13.0,9.5,43
2018-03-12,1.5,8.0,56,0.00,132,1.90,0.0,12.4,10.4,38
2018-03-13,4.1,10.6,56,0.00,127,2.24,0.0,15.5,12.3,32
2018-03-14,3.6,11.2,68,4.00,148,1.02,8.0,15.2,7.9,38
2018-03-15,0.4,4.4,86,1.80,189,1.04,5.0,9.8,5.2,53
2018-03-16,0.5,4.6,79,2.00,314,0.72,6.0,8.9,7.2,55
2018-03-17,0.2,4.0,82,0.40,353,1.32,4.0,6.3,4.0,57
2018-03-18,0.7,5.6,74,0.00,326,1.53,0.0,13.1,9.4,46
2018-03-19,0.6,5.5,69,0.00,277,1.26,0.0,11.7,5.5,45
2018-03-20,0.8,5.3,77,1.20,228,0.89,8.0,8.7,6.0,48
2018-03-21,1.1,5.4,81,1.70,132,1.17,11.0,17.7,7.9,47
2018-03-22,3.4,8.5,66,0.00,111,1.62,0.0,23.1,16.2,50
2018-03-23,-0.6,8.3,73,9.90,172,1.25,9.0,16.5,10.4,44
2018-03-24,-3.9,2.4,69,0.20,181,1.58,2.0,10.0,6.1,31
2018-03-25,-2.7,2.9,61,0.00,219,1.44,0.0,15.3,9.1,33
2018-03-26,-0.8,3.2,74,7.00,182,0.87,18.0,17.4,11.4,39
2018-03-27,2.2,6.9,75,4.30,216,1.58,17.0,23.1,13.2,35
2018-03-28,0.1,7.0,66,0.00,289,1.86,0.0,17.1,11.4,32
2018-03-29,-2.6,5.6,71,3.80,257,0.83,8.0,16.3,6.7,33
2018-03-30,-2.6,0.3,81,6.80,321,1.01,13.0,22.8,12.8,48
2018-03-31,-8.9,-1.0,68,0.00,336,1.58,0.0,17.6,8.4,41
2018-04-01,-5.1,-0.6,72,5.30,5,0.85,19.0,13.8,7.3,41
2018-04-02,-6.6,-1.9,66,0.10,317,1.71,1.0,16.1,10.6,45
2018-04-03,-4.2,2.3,62,0.20,145,1.61,2.0,12.3,7.6,38
2018-04-04,-3.0,2.3,71,1.10,298,1.47,8.0,14.1,7.3,39
2018-04-05,-5.0,1.0,67,0.70,2,1.14,5.0,10.1,6.7,40
2018-04-06,-1.1,4.6,79,3.50,44,1.40,11.0,8.1,5.2,63
2018-04-07,1.1,4.9,85,4.10,49,0.95,6.0,9.1,5.8,66
2018-04-08,1.3,5.2,90,3.60,349,1.06,13.0,8.1,5.2,69
2018-04-09,3.5,9.2,73,0.40,161,2.00,3.0,8.1,5.8,48
2018-04-10,5.3,10.9,66,0.80,129,2.01,1.0,23.5,15.5,45
2018-04-11,2.9,9.2,63,0.80,148,2.37,2.0,21.9,12.3,34
2018-04-12,3.0,8.6,66,1.30,147,1.73,8.0,21.0,10.9,38
2018-04-13,0.8,6.3,64,0.20,151,1.56,2.0,30.6,13.4,39
2018-04-14,1.9,5.9,73,1.90,178,1.76,4.0,22.5,11.9,43
2018-04-15,0.8,6.7,70,0.00,10,2.36,0.0,8.5,5.8,46
2018-04-16,0.9,6.1,75,1.20,347,1.35,8.0,14.5,9.7,50
2018-04-17,0.7,5.9,78,1.60,286,1.78,8.0,13.2,8.7,35
2018-04-18,1.8,6.8,62,0.00,236,2.09,0.0,17.8,6.8,34
2018-04-19,2.3,9.0,63,0.00,155,2.25,0.0,11.0,7.7,36
2018-04-20,4.1,8.4,62,0.30,178,1.79,3.0,14.3,8.4,46
2018-04-21,3.8,8.0,67,0.70,186,2.12,6.0,20.2,14.3,25
2018-04-22,0.7,6.8,57,0.00,271,2.30,0.0,19.7,7.4,33
2018-04-23,2.4,11.2,51,0.00,138,3.23,0.0,11.5,7.5,23
2018-04-24,6.4,13.7,53,0.00,133,2.82,0.0,9.7,7.1,35
2018-04-25,7.0,15.1,58,0.00,320,3.36,0.0,12.3,6.6,33
2018-04-26,10.5,19.7,48,0.00,93,4.05,0.0,7.6,5.3,34
2018-04-27,12.6,22.1,52,0.00,90,4.29,0.0,8.3,5.5,31
2018-04-28,13.9,22.3,45,0.00,343,4.28,0.0,12.2,7.4,29
2018-04-29,8.5,17.5,47,0.00,330,3.90,0.0,17.4,14.0,32
2018-04-30,7.2,15.1,52,0.00,299,3.68,0.0,13.7,6.4,27
2018-05-01,7.8,14.8,51,0.00,309,3.89,0.0,20.2,11.8,25
2018-05-02,10.7,18.5,53,0.10,278,4.03,1.0,17.2,8.2,24
2018-05-03,10.0,17.3,60,0.50,268,2.75,2.0,16.8,7.5,32
2018-05-04,8.5,12.5,89,6.10,175,2.05,15.0,11.0,6.6,65
2018-05-05,9.0,15.6,77,0.20,303,2.55,2.0,6.8,4.0,42
2018-05-06,12.1,19.9,53,0.00,58,3.98,0.0,7.4,4.5,32
2018-05-07,14.3,19.5,57,0.40,252,3.50,2.0,11.2,4.3,36
2018-05-08,12.1,18.7,68,3.60,101,3.64,2.0,12.2,6.2,36
2018-05-09,12.1,18.9,61,3.10,110,2.98,4.0,16.6,11.3,35
2018-05-10,8.1,13.2,80,4.10,275,2.13,14.0,16.5,8.1,61
2018-05-11,9.9,17.2,64,0.90,317,3.90,2.0,13.0,9.5,38
2018-05-12,13.2,20.4,52,0.00,322,4.64,0.0,10.5,7.8,36
2018-05-13,15.2,21.7,49,0.00,335,4.92,0.0,12.6,8.1,27
2018-05-14,17.4,25.2,44,0.00,253,5.05,0.0,10.6,5.6,23
2018-05-15,17.3,26.2,45,0.00,275,4.93,0.0,16.3,6.9,20
2018-05-16,16.4,24.0,49,0.00,314,4.39,0.0,13.9,9.2,25
2018-05-17,14.4,19.8,60,0.40,332,4.40,3.0,16.3,11.6,37
2018-05-18,14.2,21.6,53,0.30,14,4.89,1.0,15.4,8.1,30
2018-05-19,17.2,22.7,47,0.00,115,4.83,0.0,12.0,6.2,28
2018-05-20,13.2,21.4,67,2.60,176,2.99,6.0,19.9,12.4,29
2018-05-21,12.4,20.4,73,0.50,228,3.58,1.0,13.3,5.2,33
2018-05-22,16.3,25.3,53,0.00,149,4.96,0.0,8.9,6.0,27
2018-05-23,18.2,26.2,53,0.00,79,5.32,0.0,9.3,5.8,26
2018-05-24,18.1,26.1,57,0.40,281,4.70,3.0,13.2,8.1,28
2018-05-25,13.7,22.1,60,1.40,306,3.59,4.0,15.0,9.0,30
2018-05-26,9.5,14.9,65,1.40,303,2.76,4.0,17.2,9.0,38
2018-05-27,12.0,20.0,59,0.10,181,3.21,1.0,14.9,7.8,34
2018-05-28,12.9,18.5,55,1.50,270,3.51,6.0,17.7,10.1,46
2018-05-29,8.2,12.9,50,1.20,329,3.78,4.0,12.4,9.8,36
2018-05-30,7.8,12.7,56,1.80,314,3.80,5.0,11.9,8.8,32
2018-05-31,9.1,15.6,52,0.20,12,3.82,1.0,9.5,5.5,28
2018-06-01,10.2,15.6,58,0.40,223,3.50,4.0,15.7,7.6,29
2018-06-02,10.2,15.7,58,1.60,216,3.35,9.0,13.6,7.2,30
2018-06-03,12.0,17.0,52,0.30,199,3.30,2.0,15.1,8.6,28
2018-06-04,7.1,14.4,83,8.80,255,2.65,13.0,12.5,7.6,38
2018-06-05,7.0,12.4,69,0.40,145,2.61,3.0,18.9,9.1,37
2018-06-06,10.2,18.7,53,0.60,170,3.63,2.0,15.7,11.9,24
2018-06-07,13.8,19.7,49,0.00,182,4.32,0.0,18.3,10.5,32
2018-06-08,13.0,17.8,59,1.10,165,3.32,6.0,20.9,11.6,38
2018-06-09,9.6,13.3,85,10.20,271,2.75,17.0,13.5,6.6,49
2018-06-10,7.9,12.8,69,0.40,305,3.28,3.0,12.1,8.8,35
2018-06-11,8.4,13.1,52,1.10,275,3.88,6.0,17.7,13.0,28
2018-06-12,9.1,15.2,55,0.30,257,3.85,2.0,18.1,9.2,35
2018-06-13,10.0,14.4,73,4.40,141,2.45,6.0,10.5,7.0,46
2018-06-14,9.9,15.1,84,4.40,272,2.72,17.0,12.6,7.5,47
2018-06-15,11.2,15.4,68,2.90,311,3.29,13.0,11.4,7.9,41
2018-06-16,12.7,20.8,62,0.00,338,4.91,0.0,15.0,12.9,38
2018-06-17,16.9,22.9,46,0.00,337,5.02,0.0,14.0,6.6,31
2018-06-18,20.1,27.3,46,0.00,352,5.80,0.0,9.7,7.2,27
2018-06-19,22.6,28.9,46,0.00,348,6.04,0.0,11.5,7.6,28
2018-06-20,22.6,29.1,50,0.90,336,5.45,1.0,9.5,5.7,29
2018-06-21,18.6,24.9,71,1.90,265,4.23,2.0,13.7,5.6,44
2018-06-22,18.0,22.3,58,0.00,285,4.36,0.0,12.4,6.7,38
2018-06-23,17.0,23.0,54,0.00,293,4.95,0.0,13.7,8.4,32
2018-06-24,17.0,22.6,51,0.00,257,4.09,0.0,15.7,8.2,33
2018-06-25,10.6,19.0,85,15.70,283,2.44,22.0,17.7,10.4,48
2018-06-26,10.5,16.4,51,1.10,255,3.68,3.0,21.3,14.8,28
2018-06-27,10.6,16.7,54,0.00,279,3.65,0.0,20.5,10.5,29
2018-06-28,11.5,15.0,63,0.10,284,2.56,1.0,12.0,7.8,43
2018-06-29,11.9,15.7,72,1.60,281,2.30,8.0,12.7,6.3,45
2018-06-30,11.2,14.8,83,11.00,240,1.91,18.0,10.6,5.5,64
2018-07-01,10.5,15.1,74,2.30,270,3.23,8.0,10.8,7.6,44
2018-07-02,8.1,15.3,80,4.80,295,1.73,12.0,15.6,11.1,41
2018-07-03,11.2,16.7,81,3.60,327,3.25,10.0,14.1,10.4,47
2018-07-04,14.0,21.3,73,0.40,356,4.43,1.0,13.8,7.8,44
2018-07-05,17.8,24.8,58,0.50,139,5.01,1.0,13.6,8.9,31
2018-07-06,17.7,23.3,57,0.40,228,4.63,4.0,15.0,8.0,29
2018-07-07,13.5,21.7,75,8.30,250,3.39,12.0,14.1,7.1,30
2018-07-08,13.4,19.4,81,3.10,156,3.65,13.0,7.7,3.7,48
2018-07-09,16.2,22.8,64,0.60,73,4.29,2.0,7.2,4.2,37
2018-07-10,15.6,22.8,79,11.60,319,2.64,11.0,11.3,5.9,33
2018-07-11,15.3,20.4,65,0.00,284,3.87,0.0,11.9,7.2,42
2018-07-12,17.6,22.9,59,0.00,341,4.43,0.0,8.4,4.9,39
2018-07-13,15.3,21.7,61,0.00,341,3.21,0.0,12.8,10.4,45
2018-07-14,13.8,21.0,53,0.00,331,5.05,0.0,14.9,7.1,32
2018-07-15,17.4,25.9,48,0.00,140,5.35,0.0,10.3,4.9,27
2018-07-16,20.1,27.8,49,0.00,313,5.64,0.0,13.8,6.6,26
2018-07-17,21.9,27.4,49,0.20,351,5.43,1.0,14.6,7.9,30
2018-07-18,19.4,26.4,57,0.00,313,4.35,0.0,13.1,9.5,35
2018-07-19,17.2,22.8,53,0.30,331,4.63,2.0,14.0,10.6,40
2018-07-20,12.2,18.9,73,11.70,289,3.31,15.0,15.3,10.0,42
2018-07-21,11.1,18.7,91,14.80,281,2.13,16.0,19.2,9.6,58
2018-07-22,15.1,21.6,75,1.40,196,3.66,1.0,10.6,4.6,48
2018-07-23,12.9,18.0,80,2.20,334,3.19,4.0,15.0,11.6,45
2018-07-24,14.8,21.4,63,0.00,334,4.73,0.0,12.6,9.1,34
2018-07-25,17.1,24.0,54,0.00,351,5.08,0.0,8.3,6.0,35
2018-07-26,19.3,26.0,49,0.00,348,5.38,0.0,9.8,6.7,29
2018-07-27,20.4,26.1,48,0.00,353,5.32,0.0,10.3,6.9,31
2018-07-28,21.6,27.9,49,0.00,357,5.34,0.0,9.8,6.6,28
2018-07-29,23.3,30.4,46,0.00,20,5.19,0.0,10.2,4.1,27
2018-07-30,25.3,30.9,42,0.00,349,4.92,0.0,7.4,3.1,24
2018-07-31,22.8,30.0,51,0.70,3,4.56,3.0,12.2,5.2,24
2018-08-01,20.3,26.6,64,0.90,290,3.70,2.0,15.5,5.3,34
2018-08-02,17.5,21.9,66,1.10,236,3.39,4.0,9.5,5.6,44
2018-08-03,15.6,20.2,67,2.20,257,3.28,2.0,12.0,9.3,38
2018-08-04,16.4,21.1,60,0.00,301,3.77,0.0,8.6,6.4,40
2018-08-05,17.6,24.4,57,0.00,330,4.17,0.0,11.6,5.2,32
2018-08-06,20.5,27.3,48,0.00,229,4.63,0.0,10.8,6.0,26
2018-08-07,20.6,27.7,42,0.00,279,5.12,0.0,11.4,6.1,24
2018-08-08,21.1,29.8,46,0.00,141,5.08,0.0,9.7,5.7,24
2018-08-09,23.2,31.4,48,0.00,191,5.26,0.0,12.9,6.6,22
2018-08-10,23.3,31.7,40,0.00,249,5.51,0.0,10.1,6.5,19
2018-08-11,19.7,30.0,51,0.00,340,5.15,0.0,16.9,13.4,20
2018-08-12,14.8,20.5,72,3.60,312,2.82,7.0,18.4,13.0,43
2018-08-13,15.7,25.5,70,0.00,123,4.02,0.0,10.0,6.3,35
2018-08-14,18.5,27.7,62,0.00,152,4.36,0.0,7.7,6.2,30
2018-08-15,18.0,23.8,63,0.00,42,4.07,0.0,10.9,7.0,38
2018-08-16,18.2,25.8,54,0.20,320,4.09,1.0,13.0,5.7,33
2018-08-17,18.8,25.5,47,0.00,330,4.79,0.0,14.8,9.5,25
2018-08-18,15.7,20.8,53,0.00,327,4.17,0.0,11.0,7.6,30
2018-08-19,16.6,22.0,48,0.00,345,4.16,0.0,12.3,5.4,30
2018-08-20,16.5,22.9,42,0.00,345,5.03,0.0,14.2,11.3,24
2018-08-21,18.8,26.5,37,0.00,329,4.49,0.0,7.6,4.8,17
2018-08-22,20.3,27.5,41,0.00,147,4.42,0.0,7.9,4.0,16
2018-08-23,16.5,25.4,55,0.00,329,3.48,0.0,14.2,10.2,27
2018-08-24,13.5,17.7,54,0.00,302,3.24,0.0,12.2,9.5,35
2018-08-25,12.0,16.7,71,5.60,238,1.75,12.0,10.0,7.0,43
2018-08-26,11.1,14.7,80,6.60,279,1.52,16.0,13.7,8.4,59
2018-08-27,10.2,18.4,76,0.50,321,2.97,2.0,14.6,10.7,36
2018-08-28,15.7,23.0,61,0.40,244,3.09,1.0,12.0,6.7,35
2018-08-29,14.2,22.2,74,10.80,270,2.17,16.0,10.1,5.4,37
2018-08-30,11.2,15.4,77,1.20,252,2.26,6.0,15.5,7.4,46
2018-08-31,11.9,18.9,62,0.10,235,2.66,1.0,19.5,7.5,32
2018-09-01,10.3,17.8,64,0.90,293,2.35,4.0,15.9,8.8,38
2018-09-02,9.8,14.1,75,9.00,128,1.63,13.0,10.8,5.8,40
2018-09-03,8.9,13.1,76,4.30,295,1.73,9.0,13.7,7.8,50
2018-09-04,9.4,15.6,68,0.70,26,2.64,2.0,5.4,3.5,41
2018-09-05,11.6,18.6,57,0.00,77,3.06,0.0,6.6,4.3,38
2018-09-06,13.7,20.6,59,0.00,44,2.48,0.0,9.4,5.4,38
2018-09-07,14.3,20.4,65,0.10,157,2.46,1.0,15.5,7.0,42
2018-09-08,11.9,17.2,75,1.10,185,2.55,5.0,13.0,8.4,42
2018-09-09,11.9,17.0,75,0.70,140,1.93,2.0,19.4,8.7,42
2018-09-10,9.8,16.3,79,4.20,159,2.28,6.0,12.8,8.7,42
2018-09-11,10.0,15.9,77,0.70,192,2.37,5.0,9.9,4.8,42
2018-09-12,6.5,12.7,91,6.10,334,0.67,13.0,15.5,8.4,63
2018-09-13,1.3,6.8,66,0.20,330,1.98,2.0,14.4,10.3,35
2018-09-14,2.6,6.2,67,0.70,83,1.12,4.0,9.8,5.3,38
2018-09-15,5.6,9.8,92,8.10,82,0.87,19.0,11.5,7.2,74
2018-09-16,5.6,8.7,96,6.10,7,0.77,17.0,11.7,6.8,80
2018-09-17,5.6,9.5,88,3.10,308,1.22,10.0,11.3,7.1,50
2018-09-18,5.7,10.8,65,0.00,349,1.38,0.0,8.2,4.4,44
2018-09-19,6.8,11.3,70,0.50,80,1.25,2.0,6.6,4.5,44
2018-09-20,6.7,11.0,80,0.90,312,1.44,5.0,9.0,7.2,50
2018-09-21,5.9,11.0,92,7.60,54,0.55,15.0,9.4,5.7,50
2018-09-22,4.1,6.2,96,7.00,335,0.52,16.0,11.3,8.6,85
2018-09-23,4.8,11.9,81,0.00,248,1.59,0.0,9.0,5.2,41
2018-09-24,8.0,13.3,75,2.30,268,1.62,9.0,12.5,7.6,49
2018-09-25,9.3,14.7,72,0.00,267,1.93,0.0,8.8,5.4,47
2018-09-26,8.7,13.9,75,0.00,241,1.32,0.0,10.2,5.4,51
2018-09-27,9.9,13.0,83,0.50,333,1.08,4.0,12.9,8.5,61
2018-09-28,7.0,12.0,68,0.00,341,1.95,0.0,12.6,7.6,39
2018-09-29,5.6,11.1,61,0.00,357,2.13,0.0,12.9,10.4,34
2018-09-30,2.3,10.1,66,0.30,349,1.10,3.0,11.2,7.8,40
2018-10-01,-0.2,1.7,79,3.70,339,0.55,16.0,9.7,7.7,67
2018-10-02,-1.5,2.3,76,6.40,328,0.81,17.0,19.2,13.4,46
2018-10-03,-1.9,3.9,57,0.00,299,1.30,0.0,20.7,9.4,30
2018-10-04,1.2,8.1,61,0.00,160,1.54,0.0,9.1,5.5,27
2018-10-05,2.2,9.0,56,0.00,163,1.64,0.0,8.8,6.4,31
2018-10-06,2.6,10.6,65,0.00,193,1.58,0.0,9.0,5.5,38
2018-10-07,3.0,9.1,76,2.00,159,0.59,9.0,9.0,5.5,43
2018-10-08,3.7,5.9,97,8.00,115,0.34,13.0,10.7,6.6,86
2018-10-09,2.8,6.1,91,9.20,341,0.96,12.0,18.2,12.0,56
2018-10-10,1.3,4.9,78,0.00,333,1.08,0.0,9.6,6.7,57
2018-10-11,0.3,5.4,79,0.30,135,0.67,3.0,10.5,6.0,65
2018-10-12,3.7,7.4,74,0.10,253,1.02,1.0,22.4,14.4,48
2018-10-13,1.9,6.9,86,0.10,322,1.13,1.0,14.5,7.4,49
2018-10-14,3.1,11.4,63,0.00,157,1.44,0.0,8.4,6.1,30
2018-10-15,4.8,12.7,60,0.00,170,1.53,0.0,8.6,5.7,42
2018-10-16,6.2,13.2,65,0.00,143,1.56,0.0,9.7,7.4,45
2018-10-17,7.8,14.2,59,0.00,141,1.82,0.0,11.4,9.5,44
2018-10-18,7.1,12.5,68,0.00,169,0.68,0.0,10.9,4.6,53
2018-10-19,7.7,15.1,69,0.00,131,1.42,0.0,14.2,7.8,46
2018-10-20,7.8,13.6,70,0.00,169,1.38,0.0,13.8,6.6,44
2018-10-21,5.8,10.3,57,0.00,31,1.22,0.0,6.8,3.7,41
2018-10-22,5.5,12.6,58,0.00,128,1.45,0.0,11.8,7.4,41
2018-10-23,8.2,14.4,50,0.00,135,2.05,0.0,13.6,11.8,37
2018-10-24,7.7,12.9,66,0.00,162,1.36,0.0,13.5,9.1,47
2018-10-25,6.1,9.4,73,2.80,145,1.14,7.0,16.5,12.9,54
2018-10-26,5.2,10.4,84,2.40,146,0.94,5.0,20.4,12.6,42
2018-10-27,3.5,9.1,67,1.10,214,1.19,3.0,17.1,8.9,35
2018-10-28,4.6,8.5,73,1.70,132,1.15,6.0,25.0,16.5,53
2018-10-29,2.3,6.6,85,0.30,155,0.65,1.0,9.9,7.5,64
2018-10-30,3.4,6.8,77,0.80,212,0.81,3.0,11.5,8.6,57
2018-10-31,2.5,5.0,89,12.10,152,0.49,16.0,14.5,9.9,66
2018-11-01,1.4,4.0,95,4.70,98,0.19,13.0,15.7,9.0,88
2018-11-02,3.3,6.9,96,15.50,214,0.55,19.0,11.4,6.6,79
2018-11-03,3.1,4.8,93,7.80,173,0.22,16.0,16.2,10.6,73
2018-11-04,4.0,7.3,84,7.60,210,0.79,11.0,19.0,15.1,47
2018-11-05,1.3,4.0,94,7.80,196,0.37,20.0,11.6,4.6,65
2018-11-06,-0.9,1.9,94,2.10,328,0.30,15.0,16.9,8.0,72
2018-11-07,-6.0,-0.8,71,0.00,319,0.62,0.0,17.9,9.2,38
2018-11-08,-5.2,1.7,74,0.00,129,0.53,0.0,8.7,5.9,40
2018-11-09,-0.5,4.5,70,2.70,149,0.74,10.0,12.5,8.7,57
2018-11-10,0.3,2.6,86,1.20,286,0.39,8.0,10.8,6.9,72
2018-11-11,-0.4,2.6,84,0.00,312,0.48,0.0,6.3,3.4,58
2018-11-12,-0.7,4.9,74,0.00,134,0.63,0.0,11.0,9.4,44
2018-11-13,1.6,6.1,61,1.20,136,1.12,1.0,19.3,15.5,39
2018-11-14,0.5,2.3,79,9.20,131,0.50,9.0,15.0,11.0,55
2018-11-15,0.7,1.5,91,10.50,167,0.16,13.0,16.3,10.2,76
2018-11-16,-3.9,2.5,89,5.10,319,0.34,3.0,20.5,13.1,71
2018-11-17,-6.1,-0.9,88,0.00,136,0.37,0.0,8.5,5.6,59
2018-11-18,-3.4,1.2,73,0.00,140,0.50,0.0,10.0,7.2,61
2018-11-19,-1.1,5.0,81,0.00,132,0.49,0.0,11.2,8.8,59
2018-11-20,0.9,5.5,75,0.00,132,0.66,0.0,14.6,13.5,50
2018-11-21,2.4,4.1,58,0.00,132,1.17,0.0,22.4,17.5,50
2018-11-22,0.5,4.0,83,0.30,132,0.44,1.0,19.4,11.0,65
2018-11-23,-0.1,1.6,88,0.90,126,0.29,7.0,15.9,11.5,82
2018-11-24,-1.9,1.7,92,0.60,178,0.35,4.0,8.1,5.5,72
2018-11-25,-0.2,2.7,80,1.20,133,0.41,8.0,15.9,11.3,68
2018-11-26,2.1,4.0,83,1.50,132,0.50,11.0,22.2,20.8,77
2018-11-27,2.2,4.6,91,4.10,132,0.33,11.0,20.6,17.8,84
2018-11-28,0.3,3.2,92,0.30,159,0.29,2.0,12.9,9.9,78
2018-11-29,-1.2,0.7,90,0.00,175,0.30,0.0,9.3,6.0,79
2018-11-30,-3.1,-1.2,94,0.00,112,0.18,0.0,7.6,3.9,84
2018-12-01,-2.5,-1.4,94,0.00,326,0.19,0.0,7.6,5.6,81
2018-12-02,-4.1,-3.2,89,0.00,320,0.20,0.0,10.5,8.8,70
2018-12-03,-6.3,-4.2,88,0.00,316,0.19,0.0,7.3,4.9,69
2018-12-04,-7.4,-4.8,84,0.00,149,0.22,0.0,9.8,6.2,68
2018-12-05,-8.7,-6.2,87,0.00,317,0.15,0.0,8.7,5.0,76
2018-12-06,-8.7,-5.0,80,0.00,133,0.24,0.0,7.7,5.5,59
2018-12-07,-6.7,-2.1,66,0.00,138,0.46,0.0,13.5,10.7,52
2018-12-08,-4.7,0.1,61,0.00,137,0.68,0.0,15.5,13.6,51
2018-12-09,-2.1,1.2,68,0.00,131,0.80,0.0,26.2,20.1,52
2018-12-10,-1.2,0.9,84,2.20,145,0.38,11.0,18.9,10.2,66
2018-12-11,-1.1,0.9,74,1.90,142,0.62,6.0,27.2,19.1,65
2018-12-12,-2.3,-0.2,70,0.00,213,0.50,0.0,16.9,11.2,46
2018-12-13,-0.9,2.7,72,0.50,156,0.60,3.0,23.6,12.7,50
2018-12-14,2.6,5.9,72,0.70,139,0.91,3.0,28.2,20.7,42
2018-12-15,-0.6,5.2,56,0.80,170,0.98,2.0,23.9,14.1,41
2018-12-16,0.4,3.4,63,0.00,130,1.08,0.0,26.0,23.0,57
2018-12-17,1.3,3.2,88,2.00,141,0.41,5.0,22.0,14.9,70
2018-12-18,1.3,3.0,77,0.80,139,0.62,4.0,25.2,16.8,63
2018-12-19,-0.4,1.7,79,1.40,162,0.26,10.0,9.1,7.8,65
2018-12-20,0.4,4.4,79,3.70,130,0.50,10.0,25.1,17.0,69
2018-12-21,-2.6,3.6,60,0.90,262,0.62,2.0,19.4,12.5,38
2018-12-22,-6.0,-2.8,57,0.10,122,0.55,1.0,17.4,11.7,45
2018-12-23,-2.3,1.0,67,0.70,129,0.76,5.0,21.9,18.9,59
2018-12-24,-3.2,-1.0,84,1.70,130,0.26,9.0,13.7,9.4,71
2018-12-25,-5.0,-2.6,88,0.00,142,0.20,0.0,9.0,3.2,71
2018-12-26,-4.6,-3.0,79,2.60,128,0.30,11.0,15.0,12.2,69
2018-12-27,-4.7,-2.6,88,1.40,204,0.24,6.0,7.7,4.4,65
2018-12-28,-4.8,-3.2,80,6.20,138,0.20,12.0,13.2,10.5,73
2018-12-29,-1.2,3.3,88,14.80,148,0.33,21.0,21.1,13.0,60
2018-12-30,-4.2,1.9,81,1.70,291,0.28,9.0,18.4,12.0,63
2018-12-31,-10.4,-6.3,88,0.00,309,0.14,0.0,11.1,6.8,74
2019-01-01,-4.9,-1.1,87,10.20,132,0.17,21.0,10.2,9.0,81
2019-01-02,-1.6,0.6,86,0.90,135,0.24,5.0,16.8,13.5,78
2019-01-03,-0.7,0.6,94,18.50,140,0.14,24.0,12.5,9.4,84
2019-01-04,0.2,2.3,93,4.70,131,0.24,14.0,10.3,7.9,78
2019-01-05,-0.4,1.6,88,0.60,134,0.32,4.0,15.7,11.9,73
2019-01-06,0.1,0.9,84,3.20,137,0.30,14.0,16.8,14.0,59
2019-01-07,-5.9,0.1,79,0.00,240,0.28,0.0,12.9,7.2,59
2019-01-08,-12.2,-8.5,67,0.20,122,0.22,2.0,12.5,8.4,55
2019-01-09,-4.7,-0.3,72,0.50,127,0.51,4.0,18.1,16.4,59
2019-01-10,0.4,3.4,83,3.10,132,0.44,4.0,20.9,16.2,75
2019-01-11,2.0,3.4,79,0.00,133,0.61,0.0,20.1,17.7,68
2019-01-12,1.4,3.2,77,0.00,130,0.52,0.0,18.9,13.8,66
2019-01-13,-0.1,2.0,77,0.30,137,0.47,1.0,14.5,10.2,70
2019-01-14,-3.1,0.3,77,0.00,165,0.36,0.0,9.8,6.6,62
2019-01-15,-6.3,-2.5,75,0.00,133,0.33,0.0,8.7,5.7,58
2019-01-16,-9.0,-4.6,73,0.00,115,0.30,0.0,10.1,5.9,55
2019-01-17,-9.0,-5.6,75,0.00,8,0.20,0.0,8.0,4.5,60
2019-01-18,-3.7,2.3,85,0.30,130,0.31,2.0,12.2,8.6,73
2019-01-19,0.4,2.8,78,2.00,138,0.62,5.0,25.7,18.5,58
2019-01-20,-3.6,2.5,75,0.00,187,0.48,0.0,15.2,7.7,56
2019-01-21,-9.1,-3.9,81,0.00,223,0.31,0.0,7.2,6.1,68
2019-01-22,-5.2,-1.9,78,1.00,132,0.33,4.0,16.4,11.8,72
2019-01-23,-3.3,-1.1,83,0.00,344,0.24,0.0,8.7,5.2,78
2019-01-24,-5.2,-1.7,89,0.20,162,0.31,2.0,7.6,4.8,68
2019-01-25,-4.0,-0.2,83,1.80,185,0.27,8.0,9.2,5.2,76
2019-01-26,-0.5,3.3,84,1.70,159,0.44,5.0,9.4,6.3,64
2019-01-27,0.6,3.4,76,0.80,276,0.59,2.0,17.7,11.2,63
2019-01-28,-5.3,-0.7,82,0.00,8,0.35,0.0,11.5,5.5,63
2019-01-29,-8.6,-5.3,75,0.00,142,0.37,0.0,8.4,4.9,57
2019-01-30,-6.3,-3.0,77,2.10,143,0.23,11.0,8.9,6.8,69
2019-01-31,-1.5,1.8,91,6.80,133,0.25,19.0,10.7,8.4,83
2019-02-01,0.4,3.0,90,5.90,131,0.36,16.0,12.4,9.1,77
2019-02-02,-14.8,-1.4,84,3.00,329,0.16,12.0,20.4,12.5,62
2019-02-03,-28.4,-24.6,70,0.00,321,0.15,0.0,18.2,16.0,48
2019-02-04,-27.1,-23.2,68,0.00,303,0.19,0.0,12.3,7.8,52
2019-02-05,-24.0,-19.9,62,0.00,28,0.17,0.0,6.4,3.0,53
2019-02-06,-22.0,-16.3,68,0.00,27,0.27,0.0,10.4,6.0,56
2019-02-07,-15.1,-9.6,70,2.90,119,0.28,17.0,8.1,5.5,61
2019-02-08,-15.2,-9.8,78,0.30,330,0.28,2.0,21.7,12.8,51
2019-02-09,-22.6,-15.9,70,0.00,330,0.28,0.0,17.7,13.0,52
2019-02-10,-23.4,-19.8,69,0.00,312,0.24,0.0,7.7,4.5,59
2019-02-11,-21.5,-18.6,66,0.00,351,0.27,0.0,5.8,3.9,58
2019-02-12,-20.3,-16.6,70,0.60,333,0.23,5.0,9.7,6.0,63
2019-02-13,-17.3,-13.2,73,0.90,274,0.36,7.0,5.6,4.2,57
2019-02-14,-15.1,-8.9,65,0.00,100,0.50,0.0,11.2,7.1,43
2019-02-15,-12.1,-7.9,72,0.60,337,0.45,6.0,10.6,7.0,54
2019-02-16,-13.2,-8.7,80,0.00,340,0.45,0.0,9.4,7.2,65
2019-02-17,-15.1,-10.5,77,0.00,325,0.41,0.0,16.4,12.9,57
2019-02-18,-17.3,-10.2,70,0.00,34,0.41,0.0,9.5,6.8,51
2019-02-19,-12.5,-6.0,72,2.50,127,0.35,10.0,9.1,6.5,60
2019-02-20,-7.3,-4.6,86,2.50,348,0.44,12.0,16.7,8.5,74
2019-02-21,-10.3,-4.6,77,0.00,316,0.65,0.0,17.9,10.1,45
2019-02-22,-6.6,-2.2,73,3.10,131,0.80,11.0,13.3,10.1,54
2019-02-23,-7.4,-2.3,79,0.30,23,0.60,2.0,11.2,6.8,60
2019-02-24,-14.6,-8.2,76,0.00,332,0.50,0.0,13.4,10.2,53
2019-02-25,-18.1,-13.0,69,0.00,328,0.48,0.0,13.0,8.9,46
2019-02-26,-16.9,-9.6,62,0.00,324,0.66,0.0,14.0,8.5,31
2019-02-27,-14.1,-6.6,56,0.00,343,0.73,0.0,10.0,4.8,35
2019-02-28,-10.0,-4.5,60,0.00,332,0.84,0.0,8.7,5.5,48
2019-03-01,-8.5,-3.6,69,0.00,332,0.65,0.0,16.1,12.0,51
2019-03-02,-16.7,-8.5,70,0.00,327,0.56,0.0,16.4,11.2,50
2019-03-03,-18.7,-11.9,64,0.00,335,0.63,0.0,9.8,5.9,44
2019-03-04,-16.2,-9.5,55,0.00,339,0.77,0.0,7.7,5.1,40
2019-03-05,-13.5,-5.6,50,0.00,343,0.95,0.0,8.0,5.5,37
2019-03-06,-7.6,-2.7,62,0.40,350,0.71,4.0,9.7,5.1,38
2019-03-07,-6.6,-3.3,77,4.70,320,0.57,18.0,9.8,7.1,57
2019-03-08,-6.0,-0.9,82,1.00,222,0.87,8.0,6.4,3.7,56
2019-03-09,-4.2,-0.3,62,0.00,188,1.14,0.0,4.2,2.7,45
2019-03-10,-6.7,1.1,66,0.00,163,1.18,0.0,11.4,8.3,41
2019-03-11,-1.1,2.5,64,0.20,138,1.02,2.0,17.6,13.4,48
2019-03-12,-2.0,3.0,74,0.30,252,1.16,3.0,13.7,8.7,47
2019-03-13,-4.2,1.7,70,0.00,272,1.36,0.0,9.1,5.3,48
2019-03-14,-1.6,3.1,66,0.10,137,1.17,1.0,13.6,10.2,45
2019-03-15,-0.9,3.6,76,0.80,259,1.23,3.0,9.7,5.0,53
2019-03-16,0.6,6.0,71,0.00,134,1.43,0.0,9.0,6.7,47
2019-03-17,3.3,10.9,64,0.00,162,1.81,0.0,9.2,5.1,33
2019-03-18,2.6,10.5,63,0.00,117,2.05,0.0,9.8,6.9,43
2019-03-19,3.9,13.0,56,0.00,113,2.37,0.0,10.7,7.9,32
2019-03-20,6.6,14.9,52,0.00,135,2.66,0.0,13.0,8.8,34
2019-03-21,6.7,14.7,50,0.00,121,2.53,0.0,12.0,7.3,31
2019-03-22,8.3,14.7,49,0.00,119,2.23,0.0,7.7,4.8,30
2019-03-23,5.5,13.8,65,0.30,162,2.10,2.0,12.7,6.9,42
2019-03-24,3.3,8.1,74,0.00,341,1.93,0.0,11.2,7.7,56
2019-03-25,3.0,9.3,73,0.00,322,1.63,0.0,8.2,5.1,47
2019-03-26,2.1,7.4,88,7.50,113,0.58,21.0,9.4,6.1,60
2019-03-27,1.7,5.8,86,1.60,28,1.18,9.0,6.6,4.8,51
2019-03-28,1.7,7.2,66,0.00,350,2.09,0.0,9.0,5.5,45
2019-03-29,2.3,8.3,55,0.00,325,2.36,0.0,9.1,5.4,37
2019-03-30,4.6,11.1,43,0.00,146,2.44,0.0,8.6,3.7,23
2019-03-31,4.0,11.5,51,0.00,327,2.44,0.0,10.2,6.0,31
2019-04-01,3.1,9.2,58,0.00,341,2.56,0.0,13.0,8.9,29
2019-04-02,3.8,11.3,53,0.00,349,2.73,0.0,10.8,5.9,30
2019-04-03,4.5,11.4,54,0.00,128,1.67,0.0,12.6,6.2,30
2019-04-04,4.5,9.6,76,0.50,198,1.69,4.0,10.5,6.8,44
2019-04-05,5.3,12.4,66,0.30,124,2.32,1.0,21.8,14.6,42
2019-04-06,5.0,10.7,69,1.30,152,2.36,4.0,27.0,15.8,32
2019-04-07,3.1,8.7,60,2.10,160,2.07,5.0,24.1,13.0,35
2019-04-08,2.9,10.5,64,0.30,145,2.43,3.0,11.2,7.1,33
2019-04-09,4.8,10.0,62,0.80,315,2.38,6.0,13.8,8.4,38
2019-04-10,3.4,8.7,68,2.70,261,1.37,12.0,9.9,4.6,44
2019-04-11,1.4,6.1,75,1.10,308,1.59,4.0,8.7,3.9,38
2019-04-12,1.8,9.5,63,0.00,306,2.38,0.0,10.4,7.0,27
2019-04-13,3.1,8.7,58,2.30,181,1.90,7.0,17.0,10.3,29
2019-04-14,2.1,7.3,69,1.70,237,1.93,5.0,14.3,9.6,38
2019-04-15,2.2,7.8,60,0.50,204,2.34,3.0,13.2,5.4,27
2019-04-16,3.0,9.0,55,0.00,169,2.12,0.0,16.1,8.4,29
2019-04-17,4.1,9.7,58,0.10,214,2.12,1.0,14.4,10.9,36
2019-04-18,6.0,11.5,80,4.80,149,1.35,12.0,15.2,8.6,32
2019-04-19,4.2,9.9,83,5.90,306,1.63,11.0,13.2,6.7,37
2019-04-20,3.0,9.4,57,0.10,287,2.91,1.0,12.7,7.9,31
2019-04-21,5.4,12.7,45,0.00,146,2.99,0.0,9.8,8.1,29
2019-04-22,7.6,15.0,57,0.70,172,2.45,4.0,22.9,14.0,36
2019-04-23,6.6,14.7,63,1.30,274,2.69,5.0,20.5,8.4,34
2019-04-24,3.4,9.3,51,0.00,307,2.99,0.0,15.4,11.0,20
2019-04-25,3.7,10.2,41,0.00,330,3.17,0.0,11.8,6.6,23
2019-04-26,4.4,9.9,48,0.20,317,2.40,1.0,10.2,5.3,29
2019-04-27,0.7,5.6,65,2.80,311,1.61,15.0,20.1,12.4,51
2019-04-28,2.6,8.7,46,0.10,357,3.18,1.0,19.6,11.1,32
2019-04-29,3.4,9.3,55,0.10,335,3.04,1.0,13.8,9.8,30
2019-04-30,4.1,8.2,57,0.10,331,2.63,1.0,14.8,9.3,32
2019-05-01,4.6,9.7,55,0.00,318,2.32,0.0,16.3,8.1,30
2019-05-02,6.9,13.9,55,0.00,272,2.66,0.0,16.6,7.9,31
2019-05-03,7.4,14.3,61,0.00,291,2.09,0.0,17.9,9.8,35
2019-05-04,7.4,11.8,68,0.30,305,1.89,2.0,12.5,7.5,47
2019-05-05,7.2,12.5,57,0.20,334,2.61,2.0,15.0,7.1,37
2019-05-06,8.5,14.2,55,0.00,330,2.85,0.0,13.3,6.5,35
2019-05-07,8.7,14.0,60,0.00,327,2.60,0.0,9.6,6.6,39
2019-05-08,10.8,15.5,57,0.00,343,2.99,0.0,13.1,7.8,38
2019-05-09,12.6,21.0,50,0.00,332,4.32,0.0,13.4,5.6,34
2019-05-10,15.8,22.6,50,0.00,338,4.76,0.0,8.7,5.9,29
2019-05-11,16.2,23.6,47,0.00,180,4.69,0.0,14.3,6.7,21
2019-05-12,12.9,22.8,40,0.00,307,4.74,0.0,14.9,9.2,21
2019-05-13,12.9,19.5,37,0.00,337,4.66,0.0,11.6,6.6,21
2019-05-14,11.8,19.3,49,1.20,185,2.49,5.0,16.5,8.8,21
2019-05-15,7.7,13.2,84,4.20,111,2.31,12.0,9.4,5.3,44
2019-05-16,10.5,16.7,60,1.50,82,3.15,8.0,16.0,10.3,41
2019-05-17,10.6,16.3,86,10.00,111,1.23,20.0,13.0,7.4,50
2019-05-18,8.6,11.9,90,2.80,312,1.37,17.0,10.5,5.4,66
2019-05-19,10.3,15.1,79,1.10,98,2.31,7.0,10.4,7.7,49
2019-05-20,11.0,15.4,66,0.60,127,3.10,2.0,16.2,8.5,41
2019-05-21,10.9,16.7,68,2.90,338,3.25,13.0,15.7,5.7,37
2019-05-22,12.4,19.7,64,0.00,317,4.20,0.0,15.3,8.9,33
2019-05-23,14.1,18.6,57,1.30,317,4.20,2.0,9.4,6.3,35
2019-05-24,12.1,17.4,71,2.70,321,3.13,6.0,13.3,8.8,43
2019-05-25,11.4,17.2,82,7.60,335,2.69,9.0,11.2,5.4,51
2019-05-26,13.7,21.2,56,0.30,349,4.66,1.0,8.4,5.4,28
2019-05-27,16.9,23.5,41,0.00,331,5.35,0.0,8.4,5.4,21
2019-05-28,18.1,24.8,39,0.00,329,5.56,0.0,9.8,7.2,18
2019-05-29,18.4,24.7,43,0.10,320,5.22,1.0,14.4,9.1,21
2019-05-30,19.2,24.5,46,0.00,334,5.25,0.0,11.0,6.7,30
2019-05-31,18.7,25.1,49,0.00,285,5.21,0.0,9.4,5.3,25
2019-06-01,18.7,25.1,48,0.40,278,4.82,2.0,13.4,7.6,24
2019-06-02,14.7,23.2,43,0.00,302,4.84,0.0,18.0,9.8,26
2019-06-03,11.6,17.0,65,1.90,281,3.47,6.0,20.4,9.8,24
2019-06-04,10.1,15.9,54,1.10,299,3.50,6.0,16.8,7.3,24
2019-06-05,8.9,14.1,78,8.80,280,2.46,11.0,8.0,4.7,41
2019-06-06,7.7,13.7,78,6.40,211,3.41,11.0,9.4,6.3,35
2019-06-07,7.9,13.5,69,0.20,324,3.26,2.0,15.3,11.0,34
2019-06-08,8.9,15.5,71,4.80,286,3.28,5.0,11.4,7.5,38
2019-06-09,10.0,14.5,62,0.40,215,2.92,2.0,10.2,5.8,39
2019-06-10,9.9,13.2,78,4.70,238,1.72,12.0,8.4,6.1,49
2019-06-11,13.8,23.6,76,1.10,229,3.50,9.0,9.0,4.9,34
2019-06-12,17.5,23.5,60,0.00,141,4.34,0.0,11.5,5.7,37
2019-06-13,15.4,22.0,80,14.80,334,3.26,19.0,9.8,6.1,48
2019-06-14,14.8,19.6,62,0.20,314,3.88,1.0,14.0,9.0,37
2019-06-15,16.8,23.4,52,0.00,339,4.95,0.0,10.0,4.6,28
2019-06-16,18.3,23.7,49,0.00,2,4.48,0.0,8.3,5.2,27
2019-06-17,18.1,24.1,62,0.40,277,4.59,1.0,14.0,7.6,29
2019-06-18,15.1,22.1,52,0.30,286,4.59,2.0,17.2,11.8,23
2019-06-19,9.4,16.1,63,2.80,299,3.26,8.0,15.0,10.2,31
2019-06-20,8.3,12.9,69,1.60,322,2.29,5.0,29.9,14.8,40
2019-06-21,11.3,18.3,65,0.00,335,3.72,0.0,25.5,13.9,41
2019-06-22,15.1,20.6,60,1.80,316,3.72,7.0,11.8,6.2,33
2019-06-23,12.4,19.7,62,1.30,299,3.44,8.0,13.1,9.6,34
2019-06-24,11.7,15.8,57,0.10,299,3.73,1.0,12.2,7.5,38
2019-06-25,12.4,16.9,66,0.80,323,3.85,4.0,10.8,6.3,41
2019-06-26,13.8,19.1,69,2.90,354,3.99,6.0,10.1,4.9,44
2019-06-27,13.4,18.6,79,5.60,350,3.07,5.0,13.7,8.1,49
2019-06-28,11.0,15.3,90,19.00,160,1.31,18.0,14.1,8.2,59
2019-06-29,10.5,17.3,87,3.40,108,2.37,14.0,9.6,4.2,52
2019-06-30,13.9,20.5,73,0.40,208,3.78,4.0,6.0,3.6,40
2019-07-01,15.1,21.0,72,6.00,218,2.85,7.0,10.5,4.6,35
2019-07-02,14.2,21.1,66,3.30,339,4.74,3.0,13.6,11.7,31
2019-07-03,15.2,21.0,61,6.70,311,2.74,6.0,11.8,5.9,30
2019-07-04,12.6,17.2,92,7.80,326,1.94,14.0,14.8,8.6,62
2019-07-05,11.8,15.0,90,2.70,12,1.94,7.0,8.8,4.6,72
2019-07-06,11.8,14.8,89,6.90,37,1.73,17.0,8.4,4.3,65
2019-07-07,12.1,16.5,93,10.80,320,2.45,15.0,6.4,4.2,64
2019-07-08,13.8,21.2,86,1.10,152,3.23,6.0,7.6,4.6,49
2019-07-09,15.1,20.5,85,5.90,313,3.33,13.0,7.3,3.1,61
2019-07-10,15.0,19.0,87,8.40,39,2.30,14.0,9.9,6.2,58
2019-07-11,13.9,19.0,85,8.30,226,3.28,16.0,8.9,5.7,50
2019-07-12,15.6,20.1,73,0.70,269,3.84,6.0,6.2,3.6,45
2019-07-13,16.2,21.4,66,3.50,321,3.83,2.0,12.1,4.3,46
2019-07-14,13.8,18.8,85,13.10,295,3.04,12.0,8.9,5.1,51
2019-07-15,14.6,18.0,76,2.20,278,3.25,8.0,8.6,3.5,57
2019-07-16,14.5,19.5,76,0.20,193,3.78,2.0,10.0,3.8,44
2019-07-17,13.4,16.9,88,9.10,150,1.90,11.0,13.0,9.4,68
2019-07-18,8.9,14.0,81,7.30,261,1.92,10.0,18.8,11.3,66
2019-07-19,9.6,13.0,82,4.30,264,2.09,10.0,11.6,6.9,61
2019-07-20,12.8,18.8,70,0.10,344,3.27,1.0,7.6,4.4,43
2019-07-21,15.7,23.0,63,0.00,121,4.05,0.0,14.7,9.6,34
2019-07-22,18.3,26.3,61,0.00,124,4.78,0.0,12.7,5.9,33
2019-07-23,18.7,24.8,64,0.30,285,4.51,2.0,8.7,4.8,35
2019-07-24,16.0,25.5,71,6.10,281,3.77,9.0,19.0,10.6,30
2019-07-25,14.8,20.3,58,0.00,243,3.82,0.0,13.6,6.8,29
2019-07-26,16.1,22.5,72,0.10,187,3.57,1.0,13.0,6.3,38
2019-07-27,14.0,23.0,83,16.20,266,2.95,23.0,14.8,8.5,38
2019-07-28,13.4,18.3,71,1.90,263,2.88,1.0,9.8,5.5,44
2019-07-29,15.2,20.5,63,0.30,81,3.72,2.0,7.3,4.8,43
2019-07-30,14.4,18.5,73,2.90,317,2.66,8.0,9.4,6.4,52
2019-07-31,13.4,18.9,88,8.00,241,2.83,13.0,4.3,2.4,57
2019-08-01,14.0,18.7,80,1.00,332,2.51,5.0,10.0,6.9,47
2019-08-02,12.1,15.8,97,25.90,311,1.38,24.0,10.0,6.3,79
2019-08-03,12.0,19.1,88,10.20,254,3.00,16.0,13.3,6.2,50
2019-08-04,15.8,23.2,69,0.10,205,3.96,1.0,7.1,4.0,38
2019-08-05,19.1,25.4,55,0.00,146,4.35,0.0,8.1,5.0,39
2019-08-06,20.6,25.4,61,0.00,305,4.30,0.0,7.2,4.3,39
2019-08-07,20.4,26.8,67,0.10,315,4.34,1.0,7.7,4.6,39
2019-08-08,20.6,27.0,58,0.00,279,4.59,0.0,9.2,5.0,34
2019-08-09,17.9,26.9,68,0.00,337,4.19,0.0,15.6,10.6,28
2019-08-10,14.8,21.4,69,0.00,333,4.14,0.0,14.1,10.6,47
2019-08-11,15.0,21.9,85,9.90,333,2.39,16.0,10.2,5.7,47
2019-08-12,14.6,19.1,81,3.10,286,2.95,7.0,8.0,5.7,44
2019-08-13,15.2,20.4,74,0.00,98,3.17,0.0,5.8,3.2,44
2019-08-14,15.4,21.2,72,1.00,258,3.41,8.0,6.9,4.2,44
2019-08-15,17.2,23.6,61,0.00,257,4.14,0.0,13.7,7.4,34
2019-08-16,14.5,23.2,70,0.90,313,3.05,6.0,20.2,11.8,33
2019-08-17,12.8,16.9,68,0.20,258,2.11,2.0,13.5,6.9,45
2019-08-18,12.3,20.3,85,2.60,182,2.68,8.0,12.8,6.8,39
2019-08-19,13.8,19.0,67,0.20,268,2.91,2.0,10.9,6.0,41
2019-08-20,16.2,25.7,60,0.00,138,4.14,0.0,17.6,9.4,26
2019-08-21,18.7,25.0,49,1.00,167,4.58,3.0,17.9,15.2,29
2019-08-22,12.9,22.2,53,0.00,289,3.78,0.0,18.4,8.9,26
2019-08-23,12.9,16.9,72,7.40,143,2.15,11.0,11.9,7.5,40
2019-08-24,12.8,17.2,82,5.20,203,2.22,9.0,10.1,6.8,58
2019-08-25,11.9,16.0,75,2.80,287,2.47,5.0,12.9,7.8,38
2019-08-26,11.5,16.8,59,0.00,300,3.11,0.0,11.0,6.0,38
2019-08-27,13.5,19.6,61,1.10,138,2.73,3.0,9.7,6.5,41
2019-08-28,13.2,19.0,78,0.80,330,2.91,3.0,9.4,6.0,40
2019-08-29,13.8,20.8,57,0.00,345,3.69,0.0,10.2,7.2,35
2019-08-30,14.7,21.0,60,0.00,335,3.59,0.0,11.6,8.4,36
2019-08-31,14.5,20.6,64,0.50,349,2.39,4.0,10.5,7.3,40
2019-09-01,14.0,19.1,79,6.90,313,2.52,11.0,9.0,5.2,54
2019-09-02,15.0,21.5,73,0.10,280,3.00,1.0,9.1,5.0,41
2019-09-03,17.2,23.7,58,0.00,132,3.54,0.0,8.7,5.9,34
2019-09-04,16.3,24.0,61,0.30,263,3.03,3.0,9.9,6.7,32
2019-09-05,14.5,21.6,68,0.00,26,3.22,0.0,10.8,6.7,42
2019-09-06,17.2,24.1,58,0.00,7,3.44,0.0,9.0,5.0,38
2019-09-07,17.3,24.4,66,0.50,335,2.37,2.0,9.1,4.9,36
2019-09-08,13.3,20.6,93,8.10,327,1.08,19.0,11.4,7.4,55
2019-09-09,10.3,13.3,93,7.60,315,0.98,14.0,13.0,10.0,72
2019-09-10,10.2,14.3,91,5.40,317,1.22,24.0,8.9,4.7,64
2019-09-11,12.3,17.8,74,0.30,125,2.36,3.0,9.1,5.1,48
2019-09-12,11.6,15.3,83,0.90,138,1.31,4.0,19.3,10.1,66
2019-09-13,10.8,16.6,88,3.10,178,1.83,8.0,14.7,8.1,47
2019-09-14,11.2,15.7,86,11.60,167,1.22,15.0,11.2,8.5,60
2019-09-15,8.5,11.3,97,12.60,122,1.10,20.0,8.7,5.6,84
2019-09-16,8.3,14.0,85,1.50,204,1.91,3.0,10.0,4.8,42
2019-09-17,9.2,13.3,69,0.10,136,2.06,1.0,19.5,12.8,43
2019-09-18,9.2,13.4,79,0.60,93,1.77,5.0,12.7,7.3,56
2019-09-19,8.8,13.5,79,0.80,215,1.10,3.0,7.9,6.0,55
2019-09-20,9.2,15.8,84,1.90,259,1.86,4.0,9.5,6.5,43
2019-09-21,11.6,19.3,65,0.00,145,2.49,0.0,13.2,8.0,46
2019-09-22,11.1,16.8,93,14.00,203,0.63,21.0,8.3,5.9,62
2019-09-23,7.3,11.6,89,3.80,198,0.83,10.0,17.5,6.6,74
2019-09-24,9.1,13.8,69,1.60,239,1.99,6.0,17.5,11.3,38
2019-09-25,7.7,13.3,67,1.50,244,1.40,4.0,14.4,8.8,41
2019-09-26,5.4,9.6,84,21.00,288,1.40,12.0,16.5,9.9,39
2019-09-27,4.5,8.6,76,3.40,351,1.28,10.0,16.6,8.0,42
2019-09-28,1.6,7.0,63,0.10,344,1.88,1.0,16.3,14.3,37
2019-09-29,1.0,6.9,61,0.00,344,1.87,0.0,16.6,11.1,37
2019-09-30,2.7,8.4,63,0.00,306,1.79,0.0,10.1,7.2,40
2019-10-01,4.9,11.4,66,0.00,162,1.54,0.0,9.1,5.7,42
2019-10-02,6.6,10.3,69,0.00,132,0.79,0.0,8.1,6.2,50
2019-10-03,6.1,9.9,83,4.10,134,0.63,11.0,15.3,11.5,63
2019-10-04,4.1,10.0,87,0.70,176,1.32,5.0,12.1,8.0,44
2019-10-05,5.3,9.7,79,0.60,251,1.30,4.0,15.6,8.7,46
2019-10-06,5.8,12.0,65,0.00,215,1.90,0.0,15.1,9.7,42
2019-10-07,5.6,11.4,84,13.30,163,0.68,16.0,21.2,12.4,48
2019-10-08,-0.6,2.7,78,0.30,335,1.14,2.0,24.5,14.0,30
2019-10-09,-3.0,3.5,55,0.00,319,1.41,0.0,19.7,8.0,21
2019-10-10,-0.1,7.1,48,0.00,149,1.51,0.0,7.5,6.1,27
2019-10-11,2.3,10.4,54,0.00,133,1.72,0.0,15.1,10.4,28
2019-10-12,3.4,8.0,70,1.80,136,0.87,9.0,13.7,9.1,36
2019-10-13,2.6,5.6,93,4.80,333,0.52,9.0,11.6,5.3,71
2019-10-14,1.7,6.3,85,0.50,329,0.97,2.0,8.3,5.3,49
2019-10-15,2.5,5.1,88,6.70,127,0.44,21.0,20.7,16.1,66
2019-10-16,6.2,12.5,76,0.00,133,1.43,0.0,27.2,18.4,50
2019-10-17,5.5,10.9,86,2.90,148,0.95,7.0,21.5,14.2,57
2019-10-18,3.9,7.9,80,3.40,169,0.90,10.0,17.6,12.7,48
2019-10-19,1.4,6.3,66,0.00,219,1.10,0.0,11.4,5.6,43
2019-10-20,0.9,4.8,82,2.30,166,0.44,6.0,13.6,7.6,59
2019-10-21,1.0,4.5,90,1.20,141,0.45,11.0,11.2,8.5,76
2019-10-22,4.3,7.8,76,1.30,219,1.29,6.0,24.8,18.0,44
2019-10-23,2.9,6.8,73,0.00,261,0.87,0.0,18.5,7.2,48
2019-10-24,3.6,5.8,92,9.50,131,0.28,19.0,13.2,10.4,69
2019-10-25,5.7,6.9,80,4.50,233,1.02,7.0,28.3,17.4,50
2019-10-26,0.4,3.6,77,0.30,327,0.82,3.0,18.0,13.8,50
2019-10-27,-0.4,5.0,72,0.00,305,0.93,0.0,12.7,7.1,33
2019-10-28,-1.1,2.1,69,0.10,336,0.86,1.0,16.1,11.6,31
2019-10-29,-4.4,1.1,54,0.00,117,0.83,0.0,10.9,7.6,18
2019-10-30,-2.0,4.4,50,0.00,143,0.93,0.0,8.0,6.3,34
2019-10-31,0.6,4.4,70,1.50,223,0.65,4.0,8.6,4.2,50
2019-11-01,-0.6,4.2,80,0.00,148,0.43,0.0,9.7,6.9,59
2019-11-02,0.6,3.5,96,7.00,172,0.25,19.0,8.9,6.4,77
2019-11-03,0.8,4.0,99,2.20,261,0.23,15.0,10.1,6.3,88
2019-11-04,3.3,9.3,94,5.40,215,0.66,14.0,8.6,5.6,72
2019-11-05,3.0,8.0,87,0.00,290,0.41,0.0,14.3,7.6,80
2019-11-06,-3.9,1.4,74,0.10,329,0.65,1.0,14.9,8.9,51
2019-11-07,-1.0,4.0,71,0.90,134,0.53,2.0,10.4,8.5,49
2019-11-08,1.3,2.8,95,4.70,129,0.19,11.0,15.3,10.7,91
2019-11-09,2.2,5.1,97,1.50,175,0.37,9.0,8.0,6.2,87
2019-11-10,-4.8,3.3,73,3.30,331,0.59,5.0,16.5,12.3,42
2019-11-11,-5.5,2.8,72,0.00,133,0.49,0.0,11.7,7.9,44
2019-11-12,-0.1,3.6,93,7.40,131,0.37,14.0,15.2,10.5,65
2019-11-13,0.3,4.2,95,0.80,166,0.43,6.0,8.7,6.5,81
2019-11-14,1.4,5.1,85,0.40,128,0.48,3.0,16.8,13.6,64
2019-11-15,1.9,3.2,89,7.40,139,0.33,13.0,16.1,11.8,74
2019-11-16,-0.6,2.4,97,5.60,158,0.13,8.0,19.7,10.9,93
2019-11-17,2.9,7.3,96,5.00,146,0.40,15.0,20.9,14.3,90
2019-11-18,1.7,5.5,77,0.00,245,0.47,0.0,15.9,7.2,69
2019-11-19,-0.5,1.3,90,0.20,335,0.31,2.0,18.1,11.6,81
2019-11-20,-2.0,1.7,87,0.00,149,0.42,0.0,11.4,6.0,58
2019-11-21,-1.7,3.6,73,0.00,133,0.55,0.0,11.9,10.1,51
2019-11-22,-0.4,4.7,74,0.00,155,0.57,0.0,14.3,10.1,47
2019-11-23,1.3,3.7,69,0.90,153,0.61,3.0,16.3,10.8,56
2019-11-24,0.8,3.2,70,3.10,245,0.81,6.0,20.0,15.0,53
2019-11-25,-2.7,0.4,67,1.00,269,0.52,6.0,12.6,8.5,49
2019-11-26,-4.8,-2.7,78,0.00,38,0.36,0.0,9.4,3.8,45
2019-11-27,-9.5,-5.6,59,0.00,341,0.54,0.0,14.5,13.0,35
2019-11-28,-11.4,-7.9,64,0.00,322,0.35,0.0,12.4,7.1,46
2019-11-29,-11.1,-6.5,74,0.00,132,0.24,0.0,5.4,3.7,45
2019-11-30,-10.4,-4.5,70,0.00,127,0.28,0.0,6.1,3.8,42
2019-12-01,-8.6,-3.2,68,0.00,148,0.39,0.0,11.3,9.1,48
2019-12-02,-6.9,-2.2,80,0.90,141,0.25,5.0,13.0,10.5,66
2019-12-03,-1.7,1.2,80,0.90,141,0.29,5.0,13.8,9.1,75
2019-12-04,-1.5,1.1,87,3.80,307,0.27,15.0,11.4,7.5,67
2019-12-05,-7.3,-3.7,80,0.00,134,0.21,0.0,8.7,4.8,60
2019-12-06,-5.0,-1.2,88,5.90,114,0.16,21.0,7.0,3.7,80
2019-12-07,-3.5,-0.6,93,7.00,338,0.12,20.0,12.3,8.0,87
2019-12-08,-12.4,-7.2,86,0.00,311,0.16,0.0,13.2,7.7,79
2019-12-09,-11.1,-5.5,85,0.00,136,0.19,0.0,9.0,6.6,71
2019-12-10,-6.0,-0.2,80,0.00,135,0.29,0.0,13.1,9.4,67
2019-12-11,-5.0,-1.8,86,1.00,141,0.24,3.0,12.5,7.8,77
2019-12-12,-1.9,-0.4,87,3.20,130,0.23,13.0,16.9,12.5,82
2019-12-13,-5.2,-1.5,89,1.90,198,0.16,11.0,8.7,5.2,79
2019-12-14,-5.5,-3.2,92,0.00,322,0.15,0.0,8.6,3.8,85
2019-12-15,-10.6,-4.1,92,0.00,203,0.16,0.0,7.9,4.7,80
2019-12-16,-9.7,-3.7,86,3.70,135,0.18,10.0,15.0,11.0,75
2019-12-17,-1.5,2.4,82,0.10,135,0.42,1.0,21.9,17.0,73
2019-12-18,0.5,1.2,80,0.40,140,0.42,4.0,19.7,14.6,70
2019-12-19,-1.9,0.2,81,1.60,130,0.37,5.0,19.1,14.9,75
2019-12-20,-3.8,-0.8,88,3.80,129,0.26,9.0,19.3,12.0,78
2019-12-21,-5.5,-3.7,94,0.60,144,0.16,4.0,10.3,6.5,83
2019-12-22,-8.8,-2.9,91,0.00,123,0.19,0.0,9.7,6.8,72
2019-12-23,-8.2,-4.1,86,0.00,156,0.14,0.0,8.9,5.3,78
2019-12-24,-8.7,-5.1,82,0.00,132,0.20,0.0,13.3,11.6,71
2019-12-25,-10.7,-6.4,86,0.00,147,0.15,0.0,9.7,6.6,80
2019-12-26,-10.6,-5.2,83,0.20,134,0.20,2.0,15.7,10.8,69
2019-12-27,-6.1,-3.3,84,0.60,137,0.23,5.0,17.4,9.5,72
2019-12-28,-6.2,-1.5,77,0.20,134,0.30,2.0,17.6,12.1,71
2019-12-29,-3.9,-1.3,84,0.00,132,0.28,0.0,16.5,11.3,71
2019-12-30,-3.2,-0.3,86,3.80,136,0.16,5.0,16.1,11.6,82
2019-12-31,0.3,0.8,92,16.60,135,0.13,22.0,15.3,12.6,87
2020-01-01,0.2,1.8,93,11.90,168,0.20,18.0,11.2,8.7,78
2020-01-02,-6.2,0.6,76,1.30,264,0.30,3.0,17.0,9.4,62
2020-01-03,-3.5,3.6,81,6.90,126,0.42,17.0,21.5,16.8,70
2020-01-04,0.1,3.6,71,1.00,189,0.70,3.0,27.5,16.8,54
2020-01-05,-3.7,-0.9,80,1.70,155,0.34,5.0,22.6,15.7,68
2020-01-06,-6.8,-2.1,76,0.00,215,0.31,0.0,13.7,8.3,67
2020-01-07,-6.2,-3.7,86,5.40,85,0.14,12.0,11.4,6.0,70
2020-01-08,-8.5,-3.7,85,2.20,328,0.20,5.0,13.2,6.9,72
2020-01-09,-12.1,-9.8,83,0.60,107,0.14,6.0,8.0,5.1,75
2020-01-10,-7.7,-3.9,81,5.20,130,0.30,13.0,23.4,15.4,72
2020-01-11,-7.3,-5.0,86,2.20,126,0.16,5.0,15.7,10.1,78
2020-01-12,-21.5,-13.1,74,3.00,330,0.12,17.0,23.4,16.6,59
2020-01-13,-27.8,-24.3,71,0.20,316,0.12,2.0,19.2,11.5,61
2020-01-14,-32.3,-28.4,72,0.00,334,0.06,0.0,7.9,5.6,62
2020-01-15,-32.2,-30.3,67,0.10,341,0.05,1.0,9.8,4.5,61
2020-01-16,-26.7,-17.9,70,1.20,333,0.15,8.0,8.5,5.7,50
2020-01-17,-24.0,-19.9,71,0.30,336,0.14,3.0,10.4,6.3,55
2020-01-18,-16.4,-5.5,68,0.30,120,0.35,2.0,20.4,12.8,61
2020-01-19,-2.6,1.7,76,0.00,128,0.64,0.0,24.2,20.7,68
2020-01-20,1.8,4.2,78,0.50,133,0.76,1.0,22.9,19.2,69
2020-01-21,0.1,2.7,85,0.00,124,0.42,0.0,19.4,14.4,70
2020-01-22,-1.9,2.0,86,0.10,145,0.43,1.0,14.8,8.8,66
2020-01-23,0.8,4.5,81,3.70,132,0.66,5.0,22.0,18.0,72
2020-01-24,1.2,3.0,91,2.70,133,0.34,4.0,13.6,11.5,82
2020-01-25,-0.7,2.1,87,0.40,139,0.37,2.0,15.2,10.7,73
2020-01-26,-0.6,3.2,83,0.20,127,0.53,2.0,21.8,15.9,69
2020-01-27,0.3,3.5,80,1.30,149,0.59,5.0,16.8,11.6,58
2020-01-28,-1.4,1.2,80,0.40,134,0.58,3.0,16.4,11.2,68
2020-01-29,0.1,3.4,79,0.70,143,0.63,3.0,24.5,17.0,69
2020-01-30,-2.1,2.7,71,2.50,164,0.60,3.0,23.3,12.9,61
2020-01-31,-1.9,2.1,83,0.90,151,0.36,6.0,24.1,11.8,57
2020-02-01,1.8,4.9,72,4.20,219,0.84,14.0,22.3,18.0,32
2020-02-02,-7.7,-2.5,68,0.10,196,0.45,1.0,14.0,8.7,52
2020-02-03,-10.8,-5.4,78,0.40,282,0.43,3.0,12.7,6.5,55
2020-02-04,-9.3,-4.0,72,3.30,137,0.43,7.0,16.9,11.1,63
2020-02-05,-4.5,-0.0,87,8.10,136,0.29,12.0,11.5,9.5,74
2020-02-06,-2.2,0.5,84,2.10,247,0.45,8.0,14.4,5.9,65
2020-02-07,-6.1,-1.5,90,1.90,159,0.31,8.0,14.4,6.8,75
2020-02-08,-4.9,-2.9,86,5.10,329,0.50,10.0,20.2,14.5,63
2020-02-09,-6.3,1.3,75,0.00,226,0.45,0.0,7.9,5.9,55
2020-02-10,-2.5,1.6,82,0.00,265,0.61,0.0,13.7,7.9,67
2020-02-11,-0.2,3.1,80,3.80,230,0.66,8.0,22.2,11.7,60
2020-02-12,-2.4,3.2,81,0.00,256,0.65,0.0,12.4,6.0,61
2020-02-13,-1.4,1.4,80,0.80,137,0.48,8.0,17.3,10.8,66
2020-02-14,-2.6,1.1,76,0.60,245,0.65,5.0,12.7,8.9,51
2020-02-15,-2.7,1.8,74,2.30,205,0.81,6.0,12.0,9.1,49
2020-02-16,-4.2,2.1,75,1.10,241,0.60,4.0,12.2,8.2,50
2020-02-17,-5.2,-1.8,76,1.00,256,0.66,6.0,12.6,8.2,57
2020-02-18,-7.0,-1.7,79,0.00,261,0.70,0.0,8.9,5.1,62
2020-02-19,-5.8,0.8,71,0.00,131,0.83,0.0,10.2,7.8,48
2020-02-20,-4.3,0.3,73,0.00,142,0.78,0.0,15.4,11.1,53
2020-02-21,-2.3,3.3,68,0.00,139,0.91,0.0,13.0,11.0,47
2020-02-22,-1.6,2.7,70,1.60,216,1.02,5.0,15.6,7.9,48
2020-02-23,-4.9,0.7,68,2.50,116,0.64,9.0,17.7,10.2,43
2020-02-24,-5.3,-2.2,79,1.10,273,0.80,6.0,12.3,6.2,46
2020-02-25,-6.3,-1.0,65,0.10,126,0.57,1.0,13.6,9.1,46
2020-02-26,-2.7,4.2,78,0.90,138,1.00,4.0,12.6,8.7,51
2020-02-27,0.7,4.4,75,0.10,161,0.69,1.0,13.0,11.2,54
2020-02-28,1.2,5.6,83,4.70,154,0.76,11.0,15.8,9.2,62
2020-02-29,-0.6,3.5,84,13.40,269,0.51,23.0,17.7,13.6,64
2020-03-01,-5.8,-0.2,74,0.70,245,0.63,3.0,16.5,6.3,56
2020-03-02,-2.9,0.9,80,2.40,204,0.53,5.0,18.2,11.6,65
2020-03-03,0.1,4.9,72,0.50,228,1.07,2.0,26.7,14.1,41
2020-03-04,-1.3,5.5,56,0.30,247,1.59,2.0,23.7,16.7,34
2020-03-05,-1.1,4.7,59,0.20,141,1.48,2.0,21.9,17.0,37
2020-03-06,-2.8,5.0,74,0.00,254,1.21,0.0,15.5,6.3,44
2020-03-07,-6.3,-0.4,54,0.00,352,1.18,0.0,12.4,7.6,40
2020-03-08,-7.8,-2.0,68,0.00,311,1.14,0.0,13.2,7.0,47
2020-03-09,-7.6,-0.7,64,0.00,192,1.20,0.0,10.1,7.1,37
2020-03-10,-2.9,2.4,64,1.20,152,1.00,5.0,17.4,13.7,36
2020-03-11,-1.8,2.6,70,1.50,265,1.25,6.0,15.9,11.1,34
2020-03-12,-5.0,1.6,70,0.00,290,1.17,0.0,14.2,7.9,40
2020-03-13,-10.7,-2.5,72,0.00,336,0.74,0.0,23.4,16.0,38
2020-03-14,-17.2,-10.7,64,0.00,333,0.74,0.0,21.8,14.1,41
2020-03-15,-14.0,-6.0,62,0.00,313,1.03,0.0,11.1,6.1,39
2020-03-16,-7.2,0.8,47,0.00,121,1.35,0.0,8.2,4.7,37
2020-03-17,-2.6,3.0,55,0.00,351,1.67,0.0,11.3,7.7,38
2020-03-18,-2.3,4.5,68,0.00,328,1.67,0.0,13.6,10.0,38
2020-03-19,-1.7,5.4,57,0.00,354,1.73,0.0,7.3,4.9,35
2020-03-20,-0.8,5.7,60,0.00,321,1.91,0.0,10.7,6.6,35
2020-03-21,1.1,7.9,58,0.00,301,1.84,0.0,14.3,8.2,37
2020-03-22,-0.5,6.1,61,0.40,147,1.17,4.0,11.8,7.0,36
2020-03-23,-0.5,2.9,84,3.60,125,1.18,14.0,12.6,5.8,59
2020-03-24,-3.8,2.4,78,0.50,322,1.23,2.0,16.6,13.6,42
2020-03-25,-6.1,1.7,58,0.00,302,1.66,0.0,11.9,6.2,41
2020-03-26,-3.3,3.1,72,6.90,179,0.80,11.0,12.0,7.8,38
2020-03-27,0.2,5.5,87,6.60,193,0.90,21.0,13.0,10.5,58
2020-03-28,2.2,5.3,76,4.10,166,1.03,8.0,18.5,11.6,64
2020-03-29,2.8,6.6,73,0.30,177,1.92,3.0,18.9,11.8,43
2020-03-30,0.9,6.7,72,2.00,131,1.17,8.0,18.4,12.1,45
2020-03-31,-10.1,-2.2,77,1.80,332,0.77,4.0,16.3,14.4,48
2020-04-01,-12.6,-7.0,68,0.00,321,1.15,0.0,16.7,13.6,43
2020-04-02,-9.8,-3.7,63,0.00,326,1.37,0.0,10.7,5.6,42
2020-04-03,-8.9,-2.5,69,0.60,334,1.24,5.0,13.7,11.0,35
2020-04-04,-9.6,-2.5,54,0.00,66,1.46,0.0,9.7,5.4,34
2020-04-05,-5.4,-0.3,52,0.00,347,1.82,0.0,9.8,6.7,36
2020-04-06,-3.1,6.8,49,0.00,158,1.96,0.0,11.9,6.8,35
2020-04-07,0.1,7.1,58,0.00,291,2.19,0.0,19.4,14.0,32
2020-04-08,-0.2,5.6,51,0.00,308,2.33,0.0,14.7,5.4,35
2020-04-09,3.6,8.8,63,0.00,154,2.21,0.0,9.0,6.1,41
2020-04-10,3.7,11.1,69,0.30,318,2.08,2.0,11.7,8.2,39
2020-04-11,-1.8,7.5,68,0.00,337,2.00,0.0,16.2,13.9,34
2020-04-12,-3.1,3.4,51,0.00,330,2.29,0.0,15.3,8.6,29
2020-04-13,-1.3,10.3,53,0.00,285,2.42,0.0,15.1,6.5,20
2020-04-14,3.6,8.5,77,4.20,276,1.07,11.0,13.2,6.3,41
2020-04-15,3.2,9.1,72,0.40,338,2.48,2.0,17.9,13.0,32
2020-04-16,3.8,10.9,53,0.00,237,3.08,0.0,12.2,6.0,35
2020-04-17,5.1,13.5,73,7.90,233,1.47,12.0,11.2,6.8,36
2020-04-18,3.7,9.7,82,1.00,326,2.56,2.0,11.9,8.3,43
2020-04-19,6.1,14.9,52,0.00,171,3.20,0.0,9.0,5.6,29
2020-04-20,6.8,15.1,62,0.00,207,3.31,0.0,9.0,5.9,30
2020-04-21,7.8,16.0,62,0.00,255,2.47,0.0,15.6,7.6,38
2020-04-22,6.3,12.6,70,2.20,263,2.45,15.0,11.5,6.8,35
2020-04-23,6.4,11.0,61,1.20,292,2.61,7.0,14.2,9.6,35
2020-04-24,5.8,13.4,53,0.00,246,3.09,0.0,13.5,6.1,27
2020-04-25,6.4,13.0,63,3.10,143,1.83,5.0,18.7,12.2,28
2020-04-26,4.1,7.9,68,0.70,204,2.00,4.0,19.5,9.5,43
2020-04-27,5.0,10.9,63,1.80,165,2.34,10.0,17.4,13.9,34
2020-04-28,4.2,9.5,64,1.20,167,1.97,5.0,17.5,9.4,43
2020-04-29,5.6,11.5,67,0.00,135,2.11,0.0,16.3,12.5,47
2020-04-30,7.1,11.1,75,3.20,193,2.50,10.0,17.4,12.2,37
2020-05-01,6.8,13.2,60,0.30,111,2.81,3.0,12.3,6.7,30
2020-05-02,8.9,15.8,48,0.00,136,3.86,0.0,25.4,14.1,26
2020-05-03,7.3,14.7,64,4.30,198,2.99,13.0,21.2,11.3,30
2020-05-04,5.4,12.4,61,0.80,212,3.06,4.0,14.4,7.0,28
2020-05-05,7.6,13.5,44,0.20,147,3.95,1.0,17.1,11.6,26
2020-05-06,8.6,14.1,49,0.00,145,3.09,0.0,20.0,12.4,27
2020-05-07,6.1,14.0,68,1.00,311,2.69,5.0,18.3,10.3,32
2020-05-08,9.0,17.4,56,0.00,35,4.08,0.0,11.5,5.9,33
2020-05-09,11.6,18.8,49,0.00,71,4.33,0.0,9.7,5.2,25
2020-05-10,10.1,18.5,45,0.00,9,4.58,0.0,13.2,9.8,23
2020-05-11,8.7,16.3,50,0.00,6,4.33,0.0,11.3,7.1,29
2020-05-12,10.1,16.8,46,0.00,2,4.41,0.0,9.3,5.6,24
2020-05-13,11.0,18.4,37,0.00,87,4.60,0.0,10.4,5.7,22
2020-05-14,11.4,18.7,57,1.80,253,3.24,2.0,14.0,6.6,21
2020-05-15,9.5,15.5,85,8.10,201,2.77,13.0,13.8,5.3,50
2020-05-16,9.9,16.2,73,0.60,144,3.11,4.0,20.3,9.8,33
2020-05-17,8.6,12.6,83,5.70,130,1.46,14.0,14.6,9.6,56
2020-05-18,8.5,13.4,89,5.30,326,2.25,6.0,9.1,5.1,64
2020-05-19,10.6,16.6,82,2.50,170,3.12,10.0,5.6,3.5,46
2020-05-20,12.1,16.2,73,3.70,220,3.14,4.0,17.7,4.9,44
2020-05-21,6.3,11.0,81,2.80,329,2.09,4.0,19.2,13.1,40
2020-05-22,7.8,11.7,77,3.30,322,1.89,13.0,18.7,14.8,41
2020-05-23,9.2,15.7,80,2.90,281,2.68,13.0,10.7,5.7,39
2020-05-24,11.5,16.8,59,0.20,192,3.38,2.0,12.6,7.9,39
2020-05-25,10.9,17.0,77,3.60,231,2.09,15.0,12.6,7.2,44
2020-05-26,8.7,13.6,67,2.10,292,3.30,11.0,13.1,8.8,31
2020-05-27,8.8,15.4,46,0.00,304,4.05,0.0,14.1,5.7,28
2020-05-28,10.3,16.0,55,1.00,107,2.66,3.0,10.4,5.9,25
2020-05-29,13.4,21.7,60,0.10,101,3.96,1.0,11.0,7.3,39
2020-05-30,16.4,22.7,60,1.80,123,3.61,6.0,12.4,8.2,33
2020-05-31,11.4,15.0,85,11.40,265,1.83,16.0,14.8,9.4,42
2020-06-01,9.7,15.1,51,0.00,287,3.23,0.0,13.5,9.4,39
2020-06-02,8.5,13.2,74,8.30,183,1.48,13.0,13.4,9.0,39
2020-06-03,6.4,12.1,72,3.50,260,2.78,7.0,13.7,7.8,36
2020-06-04,8.6,13.8,59,1.00,333,3.42,4.0,11.4,5.8,34
2020-06-05,8.9,14.4,71,1.00,125,2.99,5.0,11.6,6.1,41
2020-06-06,8.7,14.6,85,13.70,162,2.45,21.0,9.6,5.3,45
2020-06-07,8.2,14.4,75,3.00,298,3.22,5.0,12.5,7.5,44
2020-06-08,8.9,13.6,53,0.80,275,3.93,4.0,12.5,9.8,29
2020-06-09,8.3,13.4,61,1.00,166,2.70,3.0,21.5,13.2,28
2020-06-10,10.4,16.4,70,0.40,137,3.03,2.0,17.3,11.0,45
2020-06-11,12.2,18.4,63,1.30,150,3.21,5.0,17.9,8.3,37
2020-06-12,10.7,15.4,85,2.20,130,2.22,7.0,18.4,7.9,51
2020-06-13,9.7,13.5,76,3.90,318,2.54,5.0,12.8,8.3,49
2020-06-14,9.4,13.1,79,4.10,317,1.79,17.0,12.6,8.5,59
2020-06-15,10.3,15.5,60,0.00,202,3.27,0.0,13.1,9.7,35
2020-06-16,11.5,16.7,66,0.60,284,3.61,5.0,9.6,7.2,39
2020-06-17,13.5,17.7,59,0.00,327,3.94,0.0,13.1,8.4,38
2020-06-18,15.6,21.5,54,0.00,330,4.49,0.0,9.7,4.5,37
2020-06-19,17.4,23.0,62,0.00,229,4.28,0.0,9.7,6.0,40
2020-06-20,15.8,20.9,75,5.30,160,3.28,10.0,11.8,9.1,53
2020-06-21,12.7,17.3,90,5.50,240,2.89,17.0,7.4,4.5,52
2020-06-22,14.1,19.8,69,0.20,189,2.92,1.0,13.0,6.4,46
2020-06-23,14.7,19.0,77,2.70,204,1.99,10.0,14.2,6.2,57
2020-06-24,13.2,19.1,90,5.60,251,2.81,11.0,9.2,4.4,54
2020-06-25,15.6,22.6,63,0.10,230,4.29,1.0,10.2,5.7,38
2020-06-26,13.7,21.9,79,3.30,181,2.32,14.0,17.8,6.0,37
2020-06-27,10.6,16.7,83,13.70,312,2.91,15.0,14.1,8.5,58
2020-06-28,10.2,17.4,83,3.00,331,2.93,10.0,20.0,13.4,57
2020-06-29,13.8,19.2,68,1.10,323,3.74,1.0,17.0,8.6,40
2020-06-30,11.6,17.0,82,7.10,325,2.34,16.0,13.5,8.4,55
2020-07-01,10.6,12.9,90,9.90,315,1.12,17.0,18.2,13.1,60
2020-07-02,10.4,15.3,92,27.80,284,1.76,22.0,15.9,11.8,56
2020-07-03,11.1,16.6,82,5.80,43,3.71,17.0,11.0,5.2,45
2020-07-04,11.7,15.6,74,1.40,281,2.90,8.0,11.6,6.0,42
2020-07-05,12.9,18.6,78,1.80,149,3.28,8.0,5.2,3.0,53
2020-07-06,14.6,18.4,72,1.00,5,3.43,7.0,8.1,3.5,54
2020-07-07,11.7,16.1,95,17.50,296,1.70,23.0,9.7,5.6,62
2020-07-08,12.5,17.2,79,2.90,264,3.09,4.0,9.7,5.4,48
2020-07-09,12.1,16.8,88,16.00,209,2.69,20.0,7.9,3.7,51
2020-07-10,12.7,19.4,75,0.40,174,3.42,3.0,14.5,6.7,39
2020-07-11,12.6,19.3,81,3.80,183,1.60,12.0,11.6,5.2,42
2020-07-12,9.4,13.6,90,9.70,246,1.91,17.0,13.5,7.4,61
2020-07-13,10.2,17.1,75,2.00,254,3.02,1.0,9.0,6.4,42
2020-07-14,13.4,20.8,60,0.00,256,4.38,0.0,9.4,5.8,38
2020-07-15,14.8,21.3,81,6.10,258,3.13,10.0,13.5,5.8,49
2020-07-16,14.0,19.0,92,17.80,177,1.81,18.0,9.5,6.2,61
2020-07-17,13.5,18.5,78,5.80,308,3.31,7.0,10.2,6.5,43
2020-07-18,13.1,17.8,73,3.70,246,2.36,6.0,10.4,6.3,48
2020-07-19,13.5,19.7,86,2.20,303,3.01,9.0,10.2,7.3,54
2020-07-20,17.4,24.1,60,0.00,279,4.85,0.0,9.7,4.6,42
2020-07-21,17.3,23.7,79,2.50,18,3.21,9.0,13.5,5.2,43
2020-07-22,16.9,22.4,75,2.50,303,3.84,9.0,8.8,5.3,41
2020-07-23,15.9,21.3,66,1.20,285,3.84,6.0,12.4,7.0,42
2020-07-24,11.0,18.9,83,10.20,268,2.23,19.0,13.7,7.9,44
2020-07-25,11.3,19.7,77,0.00,226,3.47,0.0,7.7,5.6,37
2020-07-26,15.6,24.5,62,0.00,131,4.73,0.0,10.9,5.7,39
2020-07-27,20.1,28.1,62,0.00,135,5.10,0.0,10.0,7.8,37
2020-07-28,19.8,28.1,65,0.30,308,4.01,2.0,15.9,7.0,37
2020-07-29,18.5,24.7,65,0.10,325,4.43,1.0,11.9,6.7,41
2020-07-30,20.1,27.6,64,0.00,351,4.91,0.0,10.7,6.1,36
2020-07-31,22.5,31.4,57,0.00,52,5.27,0.0,14.1,6.4,25
2020-08-01,21.6,29.0,62,0.00,260,4.77,0.0,10.8,5.9,35
2020-08-02,20.4,26.7,60,0.00,292,4.81,0.0,10.6,6.8,31
2020-08-03,17.1,25.5,66,1.70,249,3.75,4.0,19.3,8.8,35
2020-08-04,15.2,22.6,61,0.00,320,4.20,0.0,13.2,6.2,40
2020-08-05,18.4,25.8,59,0.00,141,4.79,0.0,10.0,6.6,31
2020-08-06,14.3,25.3,78,6.40,320,1.87,11.0,18.4,9.9,32
2020-08-07,10.9,14.8,74,0.40,235,2.35,3.0,15.0,7.0,49
2020-08-08,11.6,15.5,70,3.90,262,2.98,14.0,15.0,10.1,38
2020-08-09,11.2,15.7,63,0.00,265,2.84,0.0,12.9,7.1,42
2020-08-10,11.8,18.3,68,0.00,313,3.56,0.0,10.9,7.0,34
2020-08-11,12.0,17.6,57,0.20,331,3.05,2.0,11.2,7.6,35
2020-08-12,9.5,15.0,66,0.30,263,2.45,2.0,14.4,7.2,38
2020-08-13,10.4,17.1,63,0.00,279,3.01,0.0,12.4,6.9,33
2020-08-14,11.8,17.0,76,4.70,193,1.26,10.0,13.6,6.0,38
2020-08-15,14.0,24.0,84,4.80,156,3.37,5.0,10.5,7.7,41
2020-08-16,18.6,28.1,65,0.00,129,4.33,0.0,11.5,7.3,29
2020-08-17,21.6,28.8,48,0.00,155,4.99,0.0,12.9,8.8,28
2020-08-18,19.3,29.4,54,1.00,223,3.84,3.0,12.2,7.3,23
2020-08-19,15.6,22.2,75,0.40,325,3.52,2.0,10.5,7.9,41
2020-08-20,15.7,21.4,68,2.90,159,2.74,5.0,17.3,9.0,43
2020-08-21,15.7,20.4,75,11.30,133,2.63,7.0,20.4,14.7,55
2020-08-22,12.1,18.0,74,0.90,201,2.71,7.0,13.7,10.2,36
2020-08-23,12.3,17.5,71,0.30,324,2.54,2.0,10.7,5.5,44
2020-08-24,12.4,16.4,73,3.90,294,2.54,10.0,8.9,5.2,48
2020-08-25,12.4,18.1,69,0.60,185,2.88,4.0,8.3,4.5,42
2020-08-26,13.3,18.3,66,0.30,302,3.06,3.0,14.5,5.7,39
2020-08-27,12.8,18.1,70,0.00,326,2.81,0.0,8.2,6.3,40
2020-08-28,13.9,18.7,58,0.30,149,2.77,1.0,9.4,6.2,37
2020-08-29,10.2,17.2,66,0.90,305,2.23,5.0,12.9,8.8,40
2020-08-30,8.6,12.6,75,0.90,244,1.75,4.0,9.1,6.0,52
2020-08-31,9.3,15.8,88,5.00,226,1.40,10.0,11.9,6.9,54
2020-09-01,14.0,15.8,80,2.70,244,1.29,11.0,17.3,9.5,62
2020-09-02,13.2,17.3,80,12.50,279,2.45,12.0,16.0,10.8,39
2020-09-03,11.9,17.5,78,3.30,100,1.11,10.0,9.2,5.3,36
2020-09-04,13.5,22.9,85,0.00,138,2.67,0.0,8.9,5.0,49
2020-09-05,16.8,22.4,69,0.00,307,3.11,0.0,10.4,5.3,42
2020-09-06,15.2,21.5,75,0.00,330,1.91,0.0,11.7,6.5,46
2020-09-07,11.0,15.7,81,0.10,340,2.55,1.0,16.8,13.4,41
2020-09-08,11.3,20.7,58,0.00,269,3.08,0.0,11.4,5.1,37
2020-09-09,16.3,23.1,61,0.00,106,3.20,0.0,5.9,3.2,39
2020-09-10,17.5,24.9,58,0.00,124,3.34,0.0,7.8,5.2,36
2020-09-11,17.4,25.0,60,0.00,157,3.33,0.0,8.4,5.0,35
2020-09-12,16.0,22.9,56,0.00,329,3.07,0.0,10.3,5.5,32
2020-09-13,15.1,21.0,53,0.00,29,2.81,0.0,7.1,4.6,37
2020-09-14,12.0,19.2,72,0.00,329,2.40,0.0,11.6,8.0,48
2020-09-15,10.1,17.7,79,0.10,326,2.32,1.0,11.1,6.3,50
2020-09-16,13.0,21.0,75,0.00,4,2.55,0.0,5.6,3.4,51
2020-09-17,16.0,23.2,73,0.00,32,2.79,0.0,6.2,3.7,49
2020-09-18,16.5,22.9,75,0.00,347,2.73,0.0,9.1,5.1,48
2020-09-19,13.7,21.1,87,18.40,272,1.45,17.0,11.2,6.3,55
2020-09-20,11.4,16.8,82,0.90,203,1.93,4.0,13.0,7.0,45
2020-09-21,10.5,16.9,87,9.20,344,0.90,18.0,10.8,5.6,45
2020-09-22,9.4,16.8,88,0.40,141,1.70,3.0,13.6,6.3,48
2020-09-23,11.5,16.8,72,3.60,138,1.83,5.0,24.4,16.5,48
2020-09-24,9.8,13.4,81,3.00,168,1.52,10.0,21.3,14.8,50
2020-09-25,9.2,13.2,69,5.60,165,1.45,12.0,23.4,16.0,53
2020-09-26,7.2,11.4,70,2.30,237,1.84,4.0,14.1,10.6,46
2020-09-27,5.9,13.4,79,0.60,181,1.29,2.0,16.4,8.8,48
2020-09-28,11.2,17.8,70,0.00,137,1.79,0.0,14.3,9.5,57
2020-09-29,11.9,17.7,82,0.00,312,1.92,0.0,8.7,4.2,58
2020-09-30,11.6,20.0,83,0.00,21,1.95,0.0,10.2,6.0,56
2020-10-01,14.3,20.7,74,0.00,148,1.97,0.0,7.7,4.4,48
2020-10-02,15.7,20.6,68,0.00,113,1.97,0.0,3.7,2.2,51
2020-10-03,14.3,20.7,74,0.00,136,2.04,0.0,7.7,5.1,51
2020-10-04,13.5,20.0,82,2.80,293,1.15,10.0,12.2,6.7,58
2020-10-05,10.5,14.7,84,1.50,165,0.78,7.0,10.2,6.6,59
2020-10-06,11.9,13.4,85,2.90,263,1.05,10.0,9.0,7.3,70
2020-10-07,9.1,15.2,71,0.00,3,1.34,0.0,9.9,6.0,62
2020-10-08,7.2,14.4,95,11.70,344,0.45,20.0,13.7,8.7,69
2020-10-09,5.7,11.0,98,7.90,115,0.42,19.0,22.5,6.9,78
2020-10-10,7.6,10.9,94,7.50,178,0.54,18.0,22.2,13.6,72
2020-10-11,3.6,7.7,77,0.60,231,1.16,3.0,11.2,7.6,47
2020-10-12,3.5,7.3,81,4.10,282,1.12,11.0,13.0,8.2,43
2020-10-13,1.7,5.8,81,9.20,94,0.44,12.0,18.2,10.9,52
2020-10-14,1.6,7.1,82,2.20,276,1.08,9.0,15.3,10.1,44
2020-10-15,0.9,5.5,78,1.00,243,0.59,5.0,9.4,5.8,54
2020-10-16,1.6,4.8,94,29.30,121,0.40,20.0,17.9,12.8,82
2020-10-17,-1.2,2.6,86,0.00,335,0.86,0.0,10.8,7.0,50
2020-10-18,-1.9,1.1,83,2.90,15,0.45,10.0,7.9,3.7,66
2020-10-19,0.0,2.7,97,16.50,192,0.36,23.0,10.8,6.0,86
2020-10-20,-0.9,4.0,88,1.30,237,0.78,4.0,7.3,4.8,50
2020-10-21,-1.3,1.7,85,0.80,323,0.65,8.0,12.9,8.0,65
2020-10-22,-4.8,-0.3,69,0.00,324,0.86,0.0,11.5,8.7,43
2020-10-23,-5.5,-3.7,78,8.80,7,0.35,16.0,16.9,8.0,55
2020-10-24,-10.0,-5.9,60,0.00,327,0.81,0.0,18.4,12.8,45
2020-10-25,-10.9,-3.8,73,0.00,199,0.47,0.0,9.0,6.6,49
2020-10-26,-3.8,3.7,79,9.70,140,0.62,12.0,9.4,7.3,62
2020-10-27,1.0,2.0,87,9.80,163,0.24,8.0,12.1,7.5,82
2020-10-28,0.5,1.8,98,27.40,174,0.20,24.0,8.7,5.4,92
2020-10-29,1.3,1.8,98,18.90,135,0.21,24.0,12.1,5.0,93
2020-10-30,2.4,3.6,94,1.40,154,0.29,7.0,19.2,15.4,78
2020-10-31,-1.6,3.3,79,0.30,219,0.49,2.0,14.6,7.7,60
2020-11-01,2.6,7.9,74,0.00,138,0.89,0.0,13.0,11.4,54
2020-11-02,5.4,9.4,62,0.00,132,1.35,0.0,19.2,16.5,48
2020-11-03,4.3,7.7,81,4.80,134,0.57,14.0,16.4,14.0,53
2020-11-04,3.0,7.4,97,4.60,139,0.29,9.0,20.0,12.1,93
2020-11-05,4.5,8.1,76,0.40,182,0.92,2.0,21.4,15.7,40
2020-11-06,-0.2,3.4,69,0.00,255,0.77,0.0,11.7,6.5,52
2020-11-07,-2.8,0.4,74,0.60,325,0.59,6.0,22.2,12.4,49
2020-11-08,-5.8,-2.4,56,0.00,342,0.95,0.0,18.2,15.7,40
2020-11-09,-4.9,-2.4,65,3.30,147,0.46,10.0,13.8,10.0,52
2020-11-10,-5.9,-2.2,91,5.60,167,0.25,12.0,13.0,6.6,80
2020-11-11,-7.5,-3.4,89,0.00,313,0.39,0.0,11.2,6.7,70
2020-11-12,-5.8,-1.1,84,0.30,129,0.30,2.0,20.4,12.5,72
2020-11-13,-2.9,-1.3,85,3.60,127,0.32,10.0,20.1,12.7,75
2020-11-14,-5.0,-1.1,81,3.20,241,0.44,7.0,15.8,9.0,61
2020-11-15,-1.6,3.6,78,2.40,130,0.62,7.0,21.8,16.3,54
2020-11-16,-3.9,2.4,79,0.00,166,0.40,0.0,15.3,8.4,62
2020-11-17,1.1,7.5,78,8.90,119,0.86,9.0,30.1,17.8,60
2020-11-18,1.7,7.2,87,0.90,151,0.50,5.0,24.3,11.2,69
2020-11-19,-7.6,-0.2,87,9.00,340,0.27,14.0,11.7,7.5,71
2020-11-20,-6.1,0.0,87,1.40,140,0.27,7.0,12.5,7.7,75
2020-11-21,-3.3,-0.7,85,2.30,190,0.35,8.0,10.3,6.3,68
2020-11-22,-0.9,0.7,78,0.10,131,0.46,1.0,18.3,13.5,71
2020-11-23,-2.7,-0.5,87,0.00,136,0.32,0.0,10.7,8.1,75
2020-11-24,-0.5,1.6,84,3.00,144,0.31,7.0,18.1,14.1,78
2020-11-25,-3.2,-0.3,89,3.50,242,0.30,9.0,8.7,6.0,73
2020-11-26,-3.6,0.4,81,0.30,179,0.26,3.0,14.7,10.6,69
2020-11-27,0.3,3.7,84,2.30,154,0.43,12.0,19.1,13.1,72
2020-11-28,-2.5,2.7,85,6.40,236,0.30,8.0,17.8,9.6,73
2020-11-29,-1.8,1.5,78,0.00,132,0.44,0.0,17.6,14.3,61
2020-11-30,0.8,1.9,71,0.70,149,0.84,2.0,25.0,18.6,53
2020-12-01,-5.3,-0.4,74,0.00,210,0.38,0.0,16.9,8.2,58
2020-12-02,-2.1,4.2,65,0.00,138,0.70,0.0,17.1,12.4,52
2020-12-03,1.4,3.4,65,0.00,139,0.83,0.0,20.1,14.5,61
2020-12-04,0.3,3.4,75,0.00,139,0.54,0.0,16.6,12.6,64
2020-12-05,2.4,4.7,61,0.00,134,1.05,0.0,19.4,16.6,48
2020-12-06,1.1,3.7,66,0.00,137,0.81,0.0,17.1,14.8,58
2020-12-07,2.7,4.0,80,0.10,145,0.51,1.0,22.0,17.4,71
2020-12-08,0.9,2.4,95,5.90,144,0.25,14.0,19.2,9.2,84
2020-12-09,-3.9,0.5,97,0.00,247,0.14,0.0,8.3,5.3,93
2020-12-10,-4.2,-0.6,93,0.00,125,0.20,0.0,10.8,8.1,79
2020-12-11,-2.6,-0.9,84,0.30,97,0.17,3.0,10.3,5.9,80
2020-12-12,-4.7,-2.5,90,0.00,246,0.22,0.0,7.9,4.7,72
2020-12-13,-4.1,-1.2,80,0.00,107,0.28,0.0,13.4,9.5,66
2020-12-14,-5.7,-1.6,83,0.00,154,0.22,0.0,9.4,7.3,72
2020-12-15,-2.0,0.6,82,2.70,141,0.31,10.0,17.1,12.3,72
2020-12-16,-1.0,1.4,80,0.00,156,0.36,0.0,17.8,12.2,72
2020-12-17,-0.3,0.7,89,6.80,167,0.25,14.0,18.4,10.9,77
2020-12-18,-1.4,1.9,82,2.20,145,0.31,12.0,25.4,14.0,72
2020-12-19,-1.1,1.7,77,1.20,187,0.41,7.0,25.5,14.5,67
2020-12-20,-1.4,0.9,79,2.00,184,0.43,7.0,24.4,13.3,64
2020-12-21,-5.7,-0.3,78,0.20,189,0.20,2.0,13.5,6.9,69
2020-12-22,-6.1,-5.2,87,0.10,313,0.21,1.0,16.5,9.7,77
2020-12-23,-8.6,-2.8,77,0.00,140,0.28,0.0,12.5,9.4,59
2020-12-24,-4.2,-1.0,67,0.00,135,0.58,0.0,17.6,15.3,57
2020-12-25,-2.2,0.1,64,0.00,131,0.76,0.0,18.6,15.2,58
2020-12-26,-1.8,-0.4,85,3.00,112,0.21,10.0,12.9,9.0,72
2020-12-27,-3.4,-1.3,90,0.90,141,0.23,7.0,8.2,6.5,78
2020-12-28,-8.5,-4.3,91,0.00,158,0.17,0.0,9.8,6.0,84
2020-12-29,-10.7,-5.1,89,0.00,156,0.15,0.0,9.2,6.8,73
2020-12-30,-4.5,-0.8,83,2.20,128,0.27,8.0,17.6,13.4,78
2020-12-31,-4.3,-1.8,89,0.90,141,0.19,5.0,16.1,9.1,81
2021-01-01,-1.9,2.7,84,0.40,131,0.41,3.0,24.8,17.6,75
2021-01-02,1.8,3.3,81,4.20,150,0.50,6.0,24.2,19.0,69
2021-01-03,-2.8,3.1,77,0.70,192,0.37,3.0,19.5,11.6,70
2021-01-04,-3.5,0.6,81,1.00,133,0.36,7.0,22.4,13.7,73
2021-01-05,-4.4,-0.2,88,1.60,151,0.31,6.0,29.0,13.0,67
2021-01-06,-0.7,1.1,79,0.00,153,0.57,0.0,29.8,17.5,64
2021-01-07,-5.3,-0.0,87,0.00,147,0.28,0.0,13.0,9.1,73
2021-01-08,-2.1,0.6,77,0.00,129,0.51,0.0,19.8,16.4,69
2021-01-09,-6.7,-0.8,89,0.00,148,0.29,0.0,19.4,9.2,72
2021-01-10,-1.4,1.6,76,0.40,137,0.61,3.0,22.1,18.3,70
2021-01-11,1.8,3.4,79,0.00,147,0.69,0.0,24.3,19.1,73
2021-01-12,1.0,3.2,82,2.40,137,0.54,9.0,27.0,17.3,75
2021-01-13,-0.9,1.8,84,12.90,310,0.37,14.0,21.3,11.4,60
2021-01-14,-6.9,-1.5,71,0.00,161,0.36,0.0,18.1,8.7,55
2021-01-15,-2.4,0.1,74,0.30,140,0.64,1.0,24.0,14.0,64
2021-01-16,-4.5,-0.6,82,0.60,193,0.25,4.0,9.5,7.1,73
2021-01-17,-2.5,2.1,83,1.20,173,0.41,7.0,14.5,10.6,65
2021-01-18,-1.8,1.5,83,0.30,271,0.40,2.0,12.6,8.2,67
2021-01-19,-2.2,2.7,79,0.00,146,0.39,0.0,18.6,11.4,61
2021-01-20,-6.0,3.2,75,0.00,270,0.51,0.0,26.4,8.1,50
2021-01-21,-8.7,-5.9,81,0.00,27,0.29,0.0,7.8,3.5,71
2021-01-22,-13.0,-9.1,87,0.00,203,0.22,0.0,5.9,3.4,72
2021-01-23,-14.5,-8.8,85,0.00,148,0.26,0.0,8.7,5.9,63
2021-01-24,-8.9,-4.3,77,0.00,129,0.28,0.0,10.0,8.6,67
2021-01-25,-6.1,-3.7,86,1.90,114,0.26,14.0,8.4,5.5,76
2021-01-26,-6.7,-3.1,83,0.00,127,0.37,0.0,15.1,9.3,63
2021-01-27,-6.9,-2.5,76,0.60,102,0.34,6.0,10.9,8.3,66
2021-01-28,-12.1,-4.6,80,1.00,340,0.21,5.0,12.0,9.0,68
2021-01-29,-13.4,-5.6,82,0.00,143,0.34,0.0,8.9,4.9,68
2021-01-30,-6.3,-0.5,79,0.00,122,0.47,0.0,16.3,13.3,64
2021-01-31,-1.8,2.7,78,0.20,123,0.57,2.0,21.1,16.4,69
2021-02-01,-1.2,2.5,94,2.10,123,0.29,11.0,13.0,6.1,78
2021-02-02,-0.5,2.1,91,2.20,148,0.52,9.0,10.4,4.9,48
2021-02-03,-11.0,-1.1,83,0.00,335,0.39,0.0,14.0,9.0,63
2021-02-04,-6.6,-1.0,86,3.80,143,0.26,18.0,8.8,5.5,74
2021-02-05,-2.5,0.5,92,10.10,324,0.47,11.0,12.8,7.5,70
2021-02-06,-5.6,-0.6,87,4.90,313,0.28,14.0,16.2,7.9,70
2021-02-07,-16.1,-10.4,77,0.60,330,0.29,6.0,13.2,9.0,61
2021-02-08,-21.9,-15.1,72,0.00,329,0.24,0.0,13.5,10.7,53
2021-02-09,-25.4,-21.4,72,0.40,342,0.16,4.0,8.4,5.5,60
2021-02-10,-28.1,-23.5,71,0.00,328,0.17,0.0,14.8,10.2,54
2021-02-11,-28.6,-22.8,70,0.00,340,0.21,0.0,9.8,6.5,49
2021-02-12,-26.1,-19.0,66,0.00,346,0.27,0.0,8.6,5.3,39
2021-02-13,-21.6,-12.3,59,0.00,27,0.30,0.0,6.9,4.6,36
2021-02-14,-11.4,-5.0,63,0.10,131,0.62,1.0,13.5,10.3,53
2021-02-15,-8.4,-3.1,73,0.00,129,0.69,0.0,16.1,11.0,61
2021-02-16,-5.8,-1.3,83,3.30,211,0.42,16.0,7.5,4.5,66
2021-02-17,-7.0,-2.9,83,1.90,306,0.61,6.0,8.9,6.4,62
2021-02-18,-7.9,-3.0,69,0.20,123,0.64,2.0,20.2,13.6,53
2021-02-19,-5.6,0.3,75,1.90,140,0.76,8.0,17.4,12.1,51
2021-02-20,-4.0,0.3,72,0.40,209,0.76,2.0,12.9,10.5,50
2021-02-21,-0.3,5.4,70,0.30,166,1.09,2.0,17.5,15.1,53
2021-02-22,1.1,6.1,73,0.80,247,1.05,5.0,21.3,12.7,51
2021-02-23,-3.7,2.7,72,2.60,253,0.68,9.0,20.6,9.4,46
2021-02-24,-6.9,-1.1,75,0.20,226,0.74,2.0,9.5,7.1,44
2021-02-25,-2.7,0.5,67,1.90,158,0.88,7.0,22.2,14.9,53
2021-02-26,-2.6,0.6,75,4.20,267,0.63,19.0,15.3,12.3,64
2021-02-27,-6.9,-1.4,76,0.70,281,0.72,6.0,14.1,8.4,49
2021-02-28,-1.8,3.8,78,6.50,148,0.75,12.0,12.7,10.0,56
2021-03-01,1.3,6.9,75,1.00,157,1.11,2.0,18.4,14.6,48
2021-03-02,-1.9,3.7,73,0.80,225,0.84,5.0,16.5,8.5,50
2021-03-03,-2.0,3.4,73,0.00,142,0.96,0.0,17.6,13.1,53
2021-03-04,1.6,7.3,66,0.00,131,1.42,0.0,20.9,15.4,46
2021-03-05,4.1,8.0,66,0.30,138,1.64,1.0,28.0,18.7,49
2021-03-06,-0.5,5.0,75,0.00,176,1.35,0.0,19.6,11.3,42
2021-03-07,-0.6,4.4,71,0.10,152,1.04,1.0,15.5,11.0,47
2021-03-08,-2.8,3.5,74,0.00,159,1.05,0.0,10.0,7.7,48
2021-03-09,-3.6,2.5,68,0.00,155,1.31,0.0,11.6,6.5,47
2021-03-10,-3.9,3.7,69,0.00,307,1.11,0.0,16.1,11.5,40
2021-03-11,-7.5,1.4,53,0.00,154,1.21,0.0,11.2,7.9,36
2021-03-12,-0.4,6.0,60,0.00,141,1.31,0.0,13.4,10.8,42
2021-03-13,3.4,8.4,67,0.00,141,1.45,0.0,18.9,14.5,49
2021-03-14,5.0,8.1,52,0.00,149,2.40,0.0,25.7,20.3,43
2021-03-15,-4.9,6.0,72,6.50,305,1.29,8.0,22.5,8.7,37
2021-03-16,-4.9,4.5,57,0.00,139,1.60,0.0,11.2,6.3,41
2021-03-17,0.2,7.1,57,0.00,134,1.67,0.0,12.8,9.7,38
2021-03-18,3.1,9.3,62,0.00,140,1.85,0.0,21.7,13.5,40
2021-03-19,2.5,10.1,74,2.00,157,1.70,6.0,21.0,11.6,43
2021-03-20,-0.5,6.4,68,0.80,224,1.41,3.0,19.6,11.2,37
2021-03-21,-2.5,2.8,72,0.80,161,0.91,8.0,16.8,9.4,41
2021-03-22,-0.9,3.3,77,2.80,240,1.39,9.0,15.7,7.3,51
2021-03-23,-2.0,3.3,69,0.30,215,1.14,3.0,10.2,6.0,49
2021-03-24,1.5,4.0,76,1.60,188,1.26,13.0,14.0,10.3,66
2021-03-25,0.4,3.1,86,3.70,312,1.15,15.0,15.8,10.0,54
2021-03-26,-1.5,2.8,78,0.80,250,0.82,6.0,10.8,6.0,58
2021-03-27,1.8,8.0,81,2.40,193,0.92,9.0,13.5,9.0,52
2021-03-28,0.8,8.6,77,7.50,212,0.98,9.0,17.3,13.1,43
2021-03-29,-5.8,-0.2,57,0.80,314,1.63,3.0,22.5,14.1,35
2021-03-30,-2.7,4.9,66,0.00,266,1.54,0.0,13.6,7.9,44
2021-03-31,1.7,7.9,69,0.00,183,1.77,0.0,8.6,5.7,41
2021-04-01,2.9,7.1,59,0.10,192,2.11,1.0,20.9,12.8,41
2021-04-02,-0.2,5.4,65,0.70,305,1.23,4.0,9.1,5.3,48
2021-04-03,-0.1,3.6,74,1.60,121,1.09,7.0,11.0,6.7,61
2021-04-04,-1.0,4.8,78,1.80,282,1.38,8.0,14.0,8.0,41
2021-04-05,-0.2,6.9,56,0.00,252,2.35,0.0,8.4,5.1,30
2021-04-06,3.5,9.0,55,0.00,276,1.89,0.0,12.3,4.8,35
2021-04-07,1.7,7.7,78,9.40,212,0.96,17.0,12.2,5.6,43
2021-04-08,-1.6,4.2,70,0.80,265,1.79,8.0,12.3,7.3,33
2021-04-09,1.0,7.4,52,0.70,184,2.19,3.0,25.5,13.4,27
2021-04-10,-1.7,5.2,58,4.80,277,1.86,16.0,23.4,11.6,39
2021-04-11,-2.2,2.5,57,0.00,302,1.86,0.0,10.9,6.2,37
2021-04-12,0.6,7.5,51,0.00,7,2.60,0.0,10.3,6.6,29
2021-04-13,2.9,11.3,37,0.00,112,3.05,0.0,7.9,4.9,18
2021-04-14,7.0,14.3,33,0.00,356,3.22,0.0,7.0,4.1,23
2021-04-15,9.1,17.3,50,0.00,340,3.53,0.0,10.8,5.0,27
2021-04-16,11.7,19.3,46,0.00,7,3.70,0.0,7.9,3.7,28
2021-04-17,13.0,19.8,47,0.00,336,3.91,0.0,7.8,5.0,29
2021-04-18,10.1,19.9,52,0.00,348,3.54,0.0,20.0,13.1,27
2021-04-19,4.8,12.8,47,0.00,6,3.46,0.0,17.1,6.6,27
2021-04-20,7.9,15.1,41,0.00,333,3.66,0.0,8.4,5.1,24
2021-04-21,9.4,15.7,42,0.00,293,3.69,0.0,18.1,7.2,24
2021-04-22,3.4,14.3,54,0.00,329,3.05,0.0,21.5,17.1,25
2021-04-23,2.2,9.0,41,0.00,334,3.09,0.0,12.9,8.0,27
2021-04-24,3.7,9.6,40,0.00,343,3.37,0.0,12.1,9.5,26
2021-04-25,3.2,9.8,45,0.10,327,3.33,1.0,14.5,11.8,25
2021-04-26,5.5,14.0,38,0.00,283,3.76,0.0,12.5,8.1,21
2021-04-27,6.8,15.0,42,0.00,252,3.20,0.0,17.3,11.1,20
2021-04-28,3.1,5.1,99,16.40,152,0.51,24.0,12.0,7.8,82
2021-04-29,7.1,14.1,89,4.00,141,1.59,15.0,12.8,9.0,57
2021-04-30,9.5,13.8,60,0.20,203,2.91,2.0,18.8,11.6,34
2021-05-01,6.2,13.7,57,0.40,279,3.06,4.0,20.2,10.4,31
2021-05-02,5.9,11.6,59,1.50,305,3.15,7.0,9.7,5.4,39
2021-05-03,5.4,11.2,64,2.00,162,1.89,6.0,9.1,6.2,36
2021-05-04,4.5,9.8,76,1.60,279,2.44,4.0,10.5,7.4,39
2021-05-05,6.7,14.8,51,0.00,105,3.34,0.0,15.5,8.5,29
2021-05-06,10.5,16.2,45,0.00,121,3.37,0.0,21.8,15.4,32
2021-05-07,7.1,14.3,62,1.60,262,2.75,4.0,17.5,10.6,34
2021-05-08,4.4,9.3,54,0.70,274,3.01,5.0,11.3,8.4,36
2021-05-09,6.1,10.9,60,0.80,260,2.97,1.0,10.2,5.5,37
2021-05-10,6.7,11.5,66,1.10,305,3.00,7.0,8.2,4.9,37
2021-05-11,8.4,15.2,52,0.00,96,3.44,0.0,7.7,4.2,29
2021-05-12,8.9,14.9,58,0.90,134,2.38,7.0,9.2,5.3,29
2021-05-13,9.7,16.2,70,0.40,169,3.35,4.0,7.1,3.4,35
2021-05-14,12.1,17.6,53,0.20,266,3.89,1.0,7.6,4.3,34
2021-05-15,12.1,17.7,54,0.00,271,3.64,0.0,11.5,6.1,33
2021-05-16,12.8,20.0,70,0.20,198,3.30,2.0,12.8,6.9,38
2021-05-17,9.3,13.4,90,7.50,332,1.84,13.0,11.0,6.1,71
2021-05-18,6.3,9.3,81,9.40,217,1.75,20.0,18.1,11.2,46
2021-05-19,4.1,8.7,71,0.30,304,1.90,3.0,15.0,7.8,55
2021-05-20,6.5,13.6,54,0.40,341,3.77,3.0,13.9,11.3,26
2021-05-21,9.6,16.6,41,0.30,345,4.72,1.0,11.2,8.0,24
2021-05-22,11.9,18.8,38,0.00,148,4.35,0.0,9.5,4.8,21
2021-05-23,13.7,19.5,56,0.00,327,3.53,0.0,14.1,8.0,25
2021-05-24,11.9,18.7,59,0.30,301,3.09,2.0,16.6,10.2,36
2021-05-25,12.0,16.3,64,4.00,75,2.82,5.0,10.4,5.4,37
2021-05-26,9.4,15.3,83,8.50,172,2.45,8.0,20.1,9.4,39
2021-05-27,9.2,13.1,68,8.30,153,2.22,15.0,17.2,11.4,46
2021-05-28,7.0,13.4,79,8.90,259,2.85,14.0,13.1,9.1,36
2021-05-29,9.6,16.3,54,0.10,281,4.33,1.0,13.4,6.8,34
2021-05-30,11.1,16.1,59,0.90,141,2.81,3.0,8.7,7.1,34
2021-05-31,14.0,20.5,67,0.00,190,3.48,0.0,9.3,5.5,48
2021-06-01,15.5,24.2,71,0.00,193,3.87,0.0,10.5,5.4,38
2021-06-02,18.4,24.7,56,0.00,158,4.62,0.0,14.5,7.6,27
2021-06-03,17.4,23.2,52,0.10,255,4.40,1.0,15.3,7.6,31
2021-06-04,14.1,21.5,51,1.00,258,4.00,4.0,17.9,8.1,29
2021-06-05,9.9,17.7,62,3.70,236,3.01,14.0,17.4,9.7,29
2021-06-06,7.2,12.7,79,3.90,236,3.04,9.0,9.4,4.9,45
2021-06-07,8.2,12.3,74,5.70,351,2.81,10.0,7.6,3.7,44
2021-06-08,7.6,13.0,85,6.20,126,2.81,16.0,9.2,5.7,50
2021-06-09,9.0,13.7,72,2.70,126,3.50,11.0,14.4,6.0,42
2021-06-10,7.6,13.5,83,6.50,225,3.06,17.0,11.4,3.9,42
2021-06-11,8.6,14.4,68,0.80,167,3.34,5.0,15.1,8.1,33
2021-06-12,10.6,16.9,57,0.60,152,4.13,3.0,14.8,10.4,35
2021-06-13,13.2,18.2,58,1.00,131,3.50,4.0,21.8,12.1,33
2021-06-14,15.3,19.6,63,0.90,149,4.17,7.0,15.3,12.8,41
2021-06-15,13.7,18.3,56,1.60,199,4.36,3.0,14.1,9.5,36
2021-06-16,11.3,16.7,63,2.50,261,3.85,9.0,18.1,10.2,31
2021-06-17,12.8,19.5,52,0.00,304,4.35,0.0,11.6,6.2,32
2021-06-18,14.6,19.9,60,0.20,318,3.87,2.0,12.5,8.1,33
2021-06-19,11.3,18.1,81,5.10,332,1.57,13.0,12.8,9.2,46
2021-06-20,12.8,22.1,65,0.00,0,4.61,0.0,14.6,4.9,37
2021-06-21,19.1,26.3,45,0.00,103,5.31,0.0,7.6,4.2,31
2021-06-22,19.9,27.1,51,0.00,315,5.78,0.0,12.8,7.8,27
2021-06-23,16.7,25.1,58,4.30,337,3.01,6.0,11.8,7.8,28
2021-06-24,15.3,20.6,76,0.70,316,2.78,4.0,12.7,6.1,52
2021-06-25,18.3,26.9,63,0.00,315,5.10,0.0,12.1,8.0,39
2021-06-26,23.1,31.5,57,0.00,345,6.10,0.0,13.5,6.7,33
2021-06-27,26.5,35.8,51,0.00,9,6.29,0.0,7.2,4.3,25
2021-06-28,28.7,37.4,43,0.00,121,6.64,0.0,8.0,5.2,20
2021-06-29,29.7,37.7,41,0.00,158,6.71,0.0,10.9,5.2,17
2021-06-30,30.7,38.8,36,0.00,126,7.07,0.0,18.0,7.7,14
2021-07-01,24.8,33.9,52,0.00,323,6.09,0.0,14.7,12.4,27
2021-07-02,20.9,27.2,42,0.60,314,6.05,1.0,15.2,10.5,26
2021-07-03,19.8,24.8,44,0.00,334,5.69,0.0,11.1,8.4,27
2021-07-04,18.5,23.1,57,0.00,326,5.19,0.0,14.1,11.2,37
2021-07-05,18.5,24.7,59,0.00,330,5.16,0.0,13.0,9.3,30
2021-07-06,20.3,26.4,50,0.00,321,5.20,0.0,8.7,4.7,25
2021-07-07,23.0,27.9,36,0.00,324,5.36,0.0,8.6,3.7,26
2021-07-08,21.2,27.7,49,0.00,282,5.69,0.0,11.9,6.8,25
2021-07-09,20.5,28.0,59,0.00,201,5.12,0.0,13.4,4.4,30
2021-07-10,20.9,27.6,61,3.50,284,4.94,8.0,12.4,6.3,29
2021-07-11,18.6,25.8,60,0.20,317,4.98,1.0,13.2,9.2,27
2021-07-12,20.0,26.7,46,0.00,355,5.65,0.0,8.5,6.4,27
2021-07-13,21.7,29.8,46,0.00,358,5.66,0.0,7.8,5.1,22
2021-07-14,22.4,29.7,41,0.00,292,6.06,0.0,14.0,8.1,21
2021-07-15,19.8,25.7,46,0.00,327,5.14,0.0,15.4,9.0,28
2021-07-16,16.7,21.6,71,5.30,329,2.81,11.0,9.7,4.9,39
2021-07-17,15.6,21.4,77,4.40,208,3.65,13.0,13.1,5.3,33
2021-07-18,16.2,21.7,67,0.60,294,3.64,5.0,10.8,6.6,32
2021-07-19,16.8,24.4,65,0.00,341,4.53,0.0,9.2,6.0,31
2021-07-20,17.8,24.9,58,0.20,281,4.85,2.0,12.9,7.4,28
2021-07-21,14.0,21.9,76,10.40,291,3.50,16.0,14.7,8.4,33
2021-07-22,11.5,16.7,67,0.60,254,3.11,2.0,16.6,9.4,33
2021-07-23,13.6,19.3,56,0.00,262,3.11,0.0,15.6,6.6,31
2021-07-24,16.1,20.7,62,1.00,294,3.58,5.0,9.0,5.3,41
2021-07-25,15.2,20.3,76,2.70,349,2.05,5.0,9.4,5.9,45
2021-07-26,15.5,22.5,70,0.40,211,3.79,2.0,12.5,5.9,34
2021-07-27,15.9,23.1,68,0.00,321,4.30,0.0,10.8,7.8,33
2021-07-28,18.4,26.6,54,0.00,316,5.04,0.0,9.4,5.4,28
2021-07-29,19.9,26.4,54,0.00,333,5.15,0.0,14.9,10.3,29
2021-07-30,21.4,30.5,47,0.00,1,5.48,0.0,11.6,6.4,24
2021-07-31,24.2,32.3,43,0.00,334,5.52,0.0,9.7,5.8,21
2021-08-01,22.8,30.1,57,0.00,137,2.80,0.0,15.8,4.6,27
2021-08-02,19.8,27.9,79,0.00,153,4.09,0.0,9.2,5.6,40
2021-08-03,21.0,27.9,63,0.40,275,4.76,2.0,9.0,4.9,26
2021-08-04,21.3,28.1,50,0.00,322,5.21,0.0,9.5,6.0,23
2021-08-05,22.5,28.0,46,0.00,209,4.82,0.0,12.7,5.6,29
2021-08-06,15.2,22.8,69,3.40,304,2.56,4.0,19.2,8.4,42
2021-08-07,13.9,18.1,63,0.60,234,2.39,5.0,15.9,8.2,40
2021-08-08,13.4,19.3,77,2.10,326,2.58,3.0,16.1,11.0,44
2021-08-09,16.8,21.5,62,0.10,251,3.34,1.0,12.0,6.6,44
2021-08-10,17.9,25.3,56,0.00,290,3.95,0.0,17.9,10.1,45
2021-08-11,19.2,24.4,60,0.00,303,4.70,0.0,15.1,11.2,26
2021-08-12,18.6,25.9,47,0.00,328,5.08,0.0,12.9,8.4,26
2021-08-13,22.2,31.4,46,0.00,140,5.14,0.0,10.2,6.5,22
2021-08-14,23.3,32.3,43,0.00,255,4.08,0.0,11.0,7.5,18
2021-08-15,18.4,21.4,74,3.10,152,1.27,7.0,10.4,6.8,54
2021-08-16,13.9,20.6,63,0.30,322,2.32,3.0,11.9,8.2,34
2021-08-17,12.8,20.1,54,0.00,335,4.20,0.0,16.8,14.2,33
2021-08-18,15.3,20.1,52,0.00,273,3.15,0.0,15.0,7.0,31
2021-08-19,14.2,18.3,76,0.80,315,2.32,6.0,13.0,7.3,50
2021-08-20,15.4,21.1,58,0.00,5,3.58,0.0,10.8,6.1,32
2021-08-21,15.5,21.3,59,0.10,305,3.63,1.0,11.3,6.9,31
2021-08-22,12.4,21.1,64,3.50,287,2.80,13.0,13.6,9.0,32
2021-08-23,8.5,12.7,80,4.20,316,1.83,8.0,17.6,10.9,57
2021-08-24,11.1,19.1,67,0.00,190,3.14,0.0,8.0,5.5,32
2021-08-25,13.8,21.0,56,0.00,141,3.86,0.0,12.2,8.9,30
2021-08-26,14.6,21.0,56,2.30,233,2.56,3.0,14.8,6.7,28
2021-08-27,12.1,16.3,82,3.20,266,2.27,14.0,10.5,5.7,53
2021-08-28,12.8,20.7,71,0.20,160,2.59,2.0,11.5,6.2,42
2021-08-29,14.5,19.8,68,0.10,245,2.95,1.0,10.3,5.3,40
2021-08-30,12.0,19.5,57,0.00,333,2.88,0.0,12.0,10.4,37
2021-08-31,8.3,14.8,93,22.00,315,0.91,22.0,17.6,11.7,47
2021-09-01,9.6,14.4,72,0.50,323,2.15,2.0,16.5,11.5,45
2021-09-02,11.5,18.6,61,0.00,322,3.11,0.0,12.0,5.2,34
2021-09-03,13.0,19.9,58,0.00,150,3.15,0.0,10.5,6.9,31
2021-09-04,12.6,19.4,70,2.10,156,1.40,5.0,19.1,10.5,38
2021-09-05,12.5,17.6,72,0.70,175,2.74,4.0,20.2,11.7,40
2021-09-06,12.5,18.2,61,0.00,243,2.59,0.0,11.4,6.8,41
2021-09-07,15.2,23.7,61,0.50,174,3.11,2.0,9.3,5.9,40
2021-09-08,15.7,24.1,76,6.20,116,1.61,6.0,9.5,5.2,39
2021-09-09,13.2,19.7,83,2.50,1,1.97,7.0,11.0,6.8,55
2021-09-10,13.0,18.9,85,1.10,156,1.98,5.0,8.7,4.7,54
2021-09-11,14.3,19.1,72,0.40,234,2.25,3.0,7.2,5.0,49
2021-09-12,11.3,17.8,78,0.50,299,2.04,3.0,9.2,6.6,40
2021-09-13,10.4,16.4,66,0.00,253,2.28,0.0,10.0,5.4,39
2021-09-14,10.1,15.3,74,1.90,165,1.17,7.0,12.4,8.1,42
2021-09-15,6.8,12.8,70,8.60,283,2.11,8.0,17.8,11.2,36
2021-09-16,6.0,12.3,69,0.50,239,2.31,3.0,10.9,7.6,35
2021-09-17,7.1,11.5,71,8.00,139,1.33,15.0,18.7,15.8,39
2021-09-18,6.9,12.8,88,14.60,149,1.49,16.0,17.6,12.4,48
2021-09-19,7.2,12.5,70,0.10,211,1.95,1.0,10.5,7.1,49
2021-09-20,6.8,11.2,82,1.20,202,1.19,6.0,13.2,7.6,55
2021-09-21,8.2,13.6,82,1.10,138,0.84,2.0,16.1,13.9,59
2021-09-22,11.2,16.0,79,7.00,206,2.03,12.0,19.7,9.1,41
2021-09-23,9.5,16.2,56,0.10,277,1.93,1.0,12.7,7.0,37
2021-09-24,11.4,19.9,65,0.10,136,2.26,1.0,12.9,9.1,47
2021-09-25,11.2,18.5,85,1.80,337,0.78,7.0,9.7,3.9,56
2021-09-26,11.8,16.9,85,5.00,158,1.80,12.0,15.8,10.5,43
2021-09-27,11.6,16.7,66,3.40,163,2.59,8.0,22.4,17.7,36
2021-09-28,8.1,14.2,66,1.60,182,2.06,5.0,15.6,11.5,38
2021-09-29,5.4,9.2,80,2.70,146,0.90,5.0,19.7,13.8,66
2021-09-30,9.7,14.1,70,3.90,160,2.15,12.0,29.8,21.5,34
2021-10-01,7.4,13.8,61,0.00,213,2.08,0.0,18.1,9.4,34
2021-10-02,8.4,11.9,60,1.00,171,1.55,2.0,16.2,11.8,42
2021-10-03,5.5,9.3,82,2.10,240,1.20,11.0,11.9,6.5,39
2021-10-04,4.8,9.2,57,0.00,345,1.48,0.0,11.2,7.5,40
2021-10-05,3.4,7.2,91,9.30,354,0.53,18.0,9.7,6.0,55
2021-10-06,3.4,7.2,76,0.30,232,1.22,3.0,10.6,7.4,50
2021-10-07,1.9,7.9,81,0.30,203,1.28,2.0,11.5,5.9,38
2021-10-08,3.0,8.8,67,0.00,149,1.54,0.0,10.7,8.2,44
2021-10-09,4.2,8.1,75,1.30,145,0.66,6.0,14.0,10.5,49
2021-10-10,3.1,6.0,81,3.40,261,1.12,10.0,14.1,10.8,46
2021-10-11,1.2,5.0,72,0.60,263,0.96,4.0,8.3,5.3,52
2021-10-12,1.0,4.0,67,3.30,141,0.93,4.0,20.4,13.8,52
2021-10-13,0.2,5.7,83,0.90,158,1.10,3.0,13.3,7.0,45
2021-10-14,1.7,8.1,64,4.70,155,1.29,9.0,10.5,8.8,44
2021-10-15,5.3,11.0,75,1.50,151,1.24,6.0,17.4,13.2,56
2021-10-16,7.0,10.2,82,3.60,143,0.85,10.0,19.6,15.4,64
2021-10-17,4.2,7.3,100,12.30,327,0.21,24.0,11.3,7.1,97
2021-10-18,1.3,5.3,92,1.10,327,0.60,4.0,13.1,8.1,72
2021-10-19,3.6,12.1,85,0.00,124,0.95,0.0,12.3,6.2,58
2021-10-20,7.5,12.6,68,0.00,131,1.29,0.0,20.6,13.3,52
2021-10-21,6.3,10.8,78,0.00,129,1.22,0.0,25.3,17.5,54
2021-10-22,9.1,12.1,65,0.00,143,1.90,0.0,27.3,18.7,49
2021-10-23,5.1,10.3,85,2.50,133,1.07,2.0,15.8,10.7,52
2021-10-24,4.7,9.0,79,0.00,117,0.94,0.0,21.9,14.8,51
2021-10-25,5.8,9.6,74,0.70,133,1.32,5.0,23.4,18.0,51
2021-10-26,5.5,8.6,76,2.70,155,1.19,6.0,25.0,18.0,51
2021-10-27,4.1,8.3,71,0.60,185,1.23,4.0,21.7,13.9,37
2021-10-28,1.6,6.2,74,0.30,176,0.58,3.0,14.3,6.6,45
2021-10-29,-0.3,2.2,85,0.00,313,0.66,0.0,13.0,7.8,46
2021-10-30,-1.7,2.4,68,0.00,228,0.68,0.0,4.8,3.1,41
2021-10-31,-2.1,4.0,72,0.00,84,0.68,0.0,6.9,3.8,33
2021-11-01,-0.7,7.5,61,0.00,111,0.95,0.0,12.1,6.6,25
2021-11-02,2.4,6.7,64,0.60,132,1.25,4.0,17.6,13.8,34
2021-11-03,3.7,6.9,88,4.00,133,0.60,8.0,22.7,20.1,67
2021-11-04,5.0,9.6,92,5.80,129,0.61,15.0,19.8,17.4,71
2021-11-05,3.4,8.0,92,6.70,148,0.43,4.0,21.9,13.8,72
2021-11-06,0.2,4.0,80,1.40,142,0.66,4.0,16.8,10.3,51
2021-11-07,-0.5,3.0,74,0.90,155,0.65,5.0,17.0,7.5,47
2021-11-08,-1.6,3.5,72,0.70,143,0.65,5.0,23.3,13.0,46
2021-11-09,2.2,5.6,54,0.80,136,1.63,2.0,27.3,23.6,38
2021-11-10,0.2,3.7,58,0.00,186,1.08,0.0,21.0,13.1,39
2021-11-11,-0.0,4.3,63,1.40,131,0.86,2.0,17.5,11.8,51
2021-11-12,2.7,6.7,79,0.60,150,0.88,2.0,25.2,16.9,57
2021-11-13,0.9,3.6,67,0.00,212,0.64,0.0,12.8,8.9,52
2021-11-14,1.1,5.3,87,4.90,135,0.39,11.0,16.7,11.1,70
2021-11-15,0.4,2.5,92,15.20,20,0.16,18.0,17.4,6.9,70
2021-11-16,-5.0,-0.8,73,2.20,281,0.53,4.0,23.0,10.5,54
2021-11-17,-7.7,-1.9,84,0.00,127,0.35,0.0,13.0,9.6,63
2021-11-18,-3.8,-1.4,77,1.90,132,0.37,16.0,13.5,10.0,74
2021-11-19,-7.2,-3.1,91,0.00,157,0.28,0.0,10.0,6.9,78
2021-11-20,-3.2,0.8,79,0.10,186,0.37,1.0,12.4,10.3,64
2021-11-21,-1.1,0.7,90,8.90,145,0.17,22.0,13.7,11.9,81
2021-11-22,1.8,4.7,65,0.00,145,1.06,0.0,23.5,18.2,49
2021-11-23,-2.1,2.6,84,0.00,281,0.31,0.0,15.5,7.7,69
2021-11-24,-5.8,-1.0,90,2.80,149,0.18,8.0,20.4,9.5,82
2021-11-25,0.8,3.4,78,8.30,140,0.63,10.0,23.1,19.1,74
2021-11-26,0.4,2.5,85,2.10,172,0.33,5.0,14.3,9.9,67
2021-11-27,-3.2,2.3,85,2.00,137,0.25,4.0,20.1,12.2,78
2021-11-28,1.4,3.6,94,2.80,143,0.30,9.0,18.4,11.7,82
2021-11-29,-0.7,2.3,93,0.60,182,0.27,2.0,12.4,8.0,77
2021-11-30,2.2,3.9,93,3.70,149,0.21,7.0,18.4,14.6,83
2021-12-01,1.1,4.2,93,11.50,203,0.16,13.0,13.9,6.5,79
2021-12-02,-4.2,-0.8,90,0.30,224,0.24,2.0,12.6,7.0,73
2021-12-03,-10.5,-5.5,90,0.00,180,0.21,0.0,11.2,7.9,73
2021-12-04,-8.7,-5.3,75,0.10,145,0.24,1.0,11.8,6.5,66
2021-12-05,-12.2,-6.0,83,0.50,256,0.22,4.0,13.4,7.5,69
2021-12-06,-10.4,-7.1,86,2.10,113,0.18,9.0,7.9,5.3,75
2021-12-07,-6.5,-1.2,84,1.20,130,0.19,9.0,12.7,9.3,76
2021-12-08,-2.9,-0.9,78,1.30,209,0.37,5.0,18.5,13.0,61
2021-12-09,-8.1,-4.8,81,0.40,225,0.23,3.0,12.0,7.9,65
2021-12-10,-8.6,-3.7,79,0.90,170,0.22,7.0,20.3,10.4,67
2021-12-11,-4.3,-1.9,83,1.80,152,0.34,7.0,25.3,13.4,73
2021-12-12,-7.7,-4.6,78,0.70,172,0.25,6.0,11.8,8.2,70
2021-12-13,-7.1,-5.6,84,1.80,105,0.13,5.0,12.3,8.3,77
2021-12-14,-13.9,-6.7,82,0.40,327,0.16,4.0,18.8,11.5,67
2021-12-15,-15.4,-7.2,83,0.00,121,0.17,0.0,9.9,6.9,72
2021-12-16,-11.1,-7.9,86,2.10,320,0.12,7.0,13.5,10.6,75
2021-12-17,-20.4,-13.8,74,0.00,31,0.13,0.0,12.9,7.7,60
2021-12-18,-10.4,-6.7,79,13.10,125,0.21,18.0,18.4,12.5,68
2021-12-19,-13.8,-7.8,84,2.40,321,0.13,7.0,15.1,9.6,71
2021-12-20,-17.5,-15.2,82,0.00,169,0.10,0.0,4.9,2.5,65
2021-12-21,-16.4,-9.5,71,1.40,144,0.18,6.0,12.8,9.0,65
2021-12-22,-7.7,-5.6,85,15.60,116,0.14,21.0,12.6,9.5,74
2021-12-23,-12.7,-8.5,86,7.60,316,0.13,16.0,13.5,10.6,74
2021-12-24,-19.4,-16.5,79,0.20,333,0.09,2.0,13.6,9.6,67
2021-12-25,-26.3,-21.7,74,0.40,315,0.08,3.0,14.0,11.3,64
2021-12-26,-28.9,-25.9,72,0.90,314,0.08,8.0,14.8,12.1,60
2021-12-27,-31.8,-27.9,68,0.30,194,0.05,2.0,9.3,6.0,50
2021-12-28,-28.7,-24.5,68,0.80,136,0.07,8.0,9.2,5.5,61
2021-12-29,-25.9,-22.5,74,0.20,334,0.09,2.0,16.0,10.9,58
2021-12-30,-21.5,-19.8,75,5.10,54,0.11,11.0,14.3,8.0,69
2021-12-31,-23.8,-22.3,77,0.00,351,0.09,0.0,8.9,6.6,60
2022-01-01,-18.0,-10.3,67,0.80,131,0.28,6.0,24.0,14.8,61
2022-01-02,-9.6,-5.7,78,0.90,125,0.30,6.0,22.7,17.1,70
2022-01-03,-8.5,-5.0,76,2.60,110,0.32,12.0,24.6,16.4,67
2022-01-04,-25.8,-23.0,75,3.10,323,0.08,14.0,18.0,10.0,67
2022-01-05,-29.2,-25.7,75,0.20,344,0.06,2.0,9.8,6.1,71
2022-01-06,-27.3,-21.3,73,6.40,343,0.06,15.0,10.9,5.4,65
2022-01-07,-22.0,-20.7,76,7.20,325,0.12,17.0,11.5,6.3,67
2022-01-08,-19.6,-12.5,75,1.80,126,0.13,7.0,12.2,6.9,62
2022-01-09,-7.1,-1.2,75,2.50,125,0.45,4.0,17.3,14.1,61
2022-01-10,-1.4,1.2,70,0.00,133,0.70,0.0,19.6,17.3,60
2022-01-11,0.2,3.7,82,1.10,134,0.47,1.0,21.9,14.5,69
2022-01-12,0.7,2.2,93,5.10,142,0.21,12.0,15.8,9.6,81
2022-01-13,1.2,2.4,95,5.30,121,0.22,11.0,14.1,7.2,89
2022-01-14,-0.5,3.0,93,0.00,132,0.32,0.0,14.8,8.7,77
2022-01-15,-0.0,2.3,86,0.00,167,0.33,0.0,15.8,10.5,73
2022-01-16,-0.5,2.3,88,4.00,146,0.27,13.0,12.5,8.1,76
2022-01-17,1.2,4.2,86,15.60,180,0.34,13.0,13.1,10.0,75
2022-01-18,-7.4,2.5,87,2.50,329,0.23,3.0,16.3,10.0,72
2022-01-19,-10.9,-3.9,85,0.10,123,0.25,1.0,11.8,5.2,64
2022-01-20,-1.4,3.7,82,3.50,139,0.50,9.0,19.6,14.1,57
2022-01-21,-0.1,4.2,83,1.90,244,0.45,5.0,13.6,7.5,55
2022-01-22,-2.2,0.3,76,0.00,177,0.32,0.0,8.0,6.1,64
2022-01-23,-0.9,4.5,68,0.00,173,0.53,0.0,8.5,6.5,49
2022-01-24,-2.4,0.8,83,0.00,287,0.42,0.0,10.9,6.5,68
2022-01-25,-4.3,-1.2,83,0.00,147,0.35,0.0,11.3,7.5,62
2022-01-26,-5.0,-0.9,70,0.00,200,0.44,0.0,9.4,5.1,48
2022-01-27,-5.9,-1.4,70,0.00,139,0.53,0.0,12.7,8.8,53
2022-01-28,-3.8,-0.5,65,0.00,132,0.69,0.0,17.1,13.0,56
2022-01-29,-3.4,-1.4,71,0.70,130,0.45,4.0,13.3,11.1,64
2022-01-30,-1.9,-0.7,87,6.70,126,0.25,14.0,13.9,11.8,73
2022-01-31,-4.4,-1.0,85,5.50,300,0.42,8.0,17.5,8.6,60
2022-02-01,-8.9,-4.2,83,2.20,321,0.29,7.0,13.0,8.9,62
2022-02-02,-16.9,-11.7,78,6.60,74,0.17,11.0,14.3,10.2,68
2022-02-03,-9.4,-4.8,81,7.90,122,0.22,17.0,11.5,8.2,71
2022-02-04,-2.4,3.0,81,3.30,129,0.58,17.0,15.8,12.5,64
2022-02-05,1.0,3.2,78,0.40,234,0.65,2.0,14.8,10.3,68
2022-02-06,2.1,5.8,74,0.30,158,0.82,3.0,11.5,8.5,51
2022-02-07,2.0,5.1,67,2.10,188,1.06,4.0,17.3,13.9,53
2022-02-08,0.4,5.2,82,3.50,201,0.45,12.0,17.7,9.1,52
2022-02-09,2.2,6.4,86,5.60,151,0.55,11.0,11.4,8.1,66
2022-02-10,3.8,5.5,70,0.00,242,1.08,0.0,16.1,11.8,42
2022-02-11,-1.2,4.0,68,0.00,287,0.90,0.0,13.0,7.2,45
2022-02-12,-3.7,2.7,68,0.00,153,0.80,0.0,8.9,6.6,49
2022-02-13,-1.1,3.2,71,0.40,140,0.68,3.0,8.5,5.8,56
2022-02-14,0.5,2.9,74,0.00,115,0.77,0.0,14.9,9.2,64
2022-02-15,-1.4,1.1,88,0.20,291,0.33,2.0,10.7,6.2,76
2022-02-16,-1.9,1.1,88,2.90,305,0.74,8.0,13.3,6.1,67
2022-02-17,1.3,5.3,75,0.40,221,0.65,2.0,12.8,8.2,64
2022-02-18,3.0,6.3,80,1.90,260,0.70,8.0,14.7,7.6,68
2022-02-19,2.2,5.8,78,1.80,218,0.79,7.0,20.8,10.4,57
2022-02-20,-3.5,2.3,82,0.50,309,0.51,5.0,18.4,11.1,58
2022-02-21,-16.8,-8.9,71,0.00,321,0.45,0.0,21.4,17.9,47
2022-02-22,-19.1,-14.4,69,0.00,322,0.48,0.0,15.8,10.9,43
2022-02-23,-17.2,-12.3,62,1.70,139,0.29,6.0,9.2,5.8,51
2022-02-24,-13.6,-6.7,78,0.80,349,0.60,5.0,8.5,4.9,57
2022-02-25,-12.1,-3.0,72,0.00,130,0.74,0.0,11.1,7.2,48
2022-02-26,-6.2,-1.0,62,0.10,129,0.77,1.0,19.4,14.2,47
2022-02-27,-1.1,3.9,70,1.30,135,1.15,6.0,21.4,16.4,53
2022-02-28,0.9,5.9,82,0.80,128,1.15,4.0,17.2,12.0,57
2022-03-01,1.6,6.6,83,0.10,137,1.23,1.0,11.8,8.8,50
2022-03-02,1.3,6.8,80,1.10,126,1.27,4.0,12.5,8.4,54
2022-03-03,0.5,6.8,79,0.00,92,1.22,0.0,9.1,5.4,50
2022-03-04,-0.9,3.2,83,0.00,330,1.09,0.0,13.1,10.0,54
2022-03-05,-2.2,2.3,75,0.00,320,1.13,0.0,12.9,7.0,52
2022-03-06,-2.2,4.2,72,0.00,300,1.12,0.0,6.9,4.9,55
2022-03-07,1.8,5.0,65,1.20,296,1.16,6.0,15.7,10.0,52
2022-03-08,-5.0,3.2,72,0.00,338,1.08,0.0,16.1,11.1,40
2022-03-09,-9.3,-2.6,68,0.00,333,1.01,0.0,14.5,9.9,36
2022-03-10,-7.4,-0.4,63,0.00,154,0.91,0.0,7.0,4.7,43
2022-03-11,-2.9,2.2,77,2.50,130,0.66,12.0,13.0,9.0,54
2022-03-12,-0.4,4.0,78,0.00,187,1.31,0.0,13.2,7.6,47
2022-03-13,0.3,4.1,82,1.00,135,0.86,7.0,10.0,6.7,54
2022-03-14,2.6,8.8,75,0.50,159,1.56,4.0,14.4,10.9,37
2022-03-15,2.7,8.2,74,0.20,169,1.47,2.0,15.3,11.4,40
2022-03-16,1.4,6.3,68,0.20,232,1.69,1.0,15.9,8.6,40
2022-03-17,1.2,6.5,76,0.70,155,1.08,6.0,11.9,9.5,45
2022-03-18,0.1,6.3,78,0.30,160,1.50,1.0,13.2,7.9,41
2022-03-19,1.6,6.8,77,3.10,150,1.09,11.0,17.5,13.9,43
2022-03-20,-2.2,2.9,73,0.50,209,1.32,3.0,14.7,7.6,40
2022-03-21,0.6,6.5,74,1.50,147,1.66,5.0,15.9,10.3,52
2022-03-22,4.3,10.2,73,3.10,142,1.60,8.0,15.2,11.6,49
2022-03-23,4.3,9.3,81,1.70,141,0.98,7.0,22.4,15.6,62
2022-03-24,-1.9,4.3,70,0.10,237,1.66,1.0,9.2,5.3,35
2022-03-25,0.5,4.2,66,0.20,128,1.41,2.0,12.5,8.4,39
2022-03-26,1.5,6.8,79,1.80,107,1.03,5.0,11.3,5.4,55
2022-03-27,1.7,7.4,86,2.10,84,0.78,9.0,9.0,3.7,56
2022-03-28,1.5,6.2,84,6.20,325,1.66,14.0,14.2,10.7,43
2022-03-29,2.4,8.7,55,0.00,138,1.99,0.0,9.9,6.3,36
2022-03-30,3.0,10.1,70,3.20,165,1.55,9.0,13.5,8.7,38
2022-03-31,0.2,5.1,69,0.00,271,1.46,0.0,11.2,7.3,40
2022-04-01,-0.6,4.7,71,0.70,159,0.97,4.0,10.8,6.8,45
2022-04-02,0.8,6.3,76,2.30,212,1.75,9.0,12.7,6.6,36
2022-04-03,2.6,7.0,62,0.40,155,1.82,3.0,25.4,17.8,38
2022-04-04,1.5,5.6,74,3.90,165,1.69,8.0,18.6,12.8,31
2022-04-05,-0.0,5.7,68,1.10,242,1.38,7.0,16.3,9.6,36
2022-04-06,-2.6,4.1,61,0.70,214,1.72,3.0,16.1,9.1,34
2022-04-07,3.2,10.1,57,0.00,134,2.29,0.0,20.0,15.9,40
2022-04-08,5.9,10.1,58,6.30,178,2.56,6.0,19.9,16.3,40
2022-04-09,-0.8,6.2,61,0.40,288,1.85,2.0,20.9,10.9,39
2022-04-10,-3.2,2.5,57,0.10,336,1.85,1.0,11.8,8.0,26
2022-04-11,-3.2,3.2,52,0.10,27,2.17,1.0,15.4,11.4,26
2022-04-12,-5.0,2.1,55,0.00,26,2.02,0.0,13.1,10.9,28
2022-04-13,-6.3,1.0,57,0.00,358,1.97,0.0,11.3,8.5,34
2022-04-14,-5.1,1.3,54,0.00,346,2.03,0.0,11.3,7.8,33
2022-04-15,-3.9,2.4,52,0.10,330,2.15,1.0,7.5,5.6,36
2022-04-16,-1.4,4.2,46,0.00,35,2.45,0.0,8.8,3.9,29
2022-04-17,-1.3,5.9,48,0.20,312,2.51,1.0,8.3,4.8,31
2022-04-18,1.5,6.7,52,0.30,122,2.13,3.0,25.2,15.9,29
2022-04-19,1.3,4.3,73,8.80,175,1.66,20.0,22.5,12.3,51
2022-04-20,-1.3,6.4,66,0.40,36,2.22,1.0,11.9,6.5,36
2022-04-21,2.7,9.4,57,0.40,101,2.68,3.0,14.8,9.2,31
2022-04-22,3.3,8.7,74,3.60,218,2.29,12.0,10.0,3.9,37
2022-04-23,3.8,11.2,60,0.50,192,2.97,1.0,10.5,6.6,32
2022-04-24,5.3,12.4,58,0.20,161,2.29,2.0,14.8,10.2,35
2022-04-25,6.5,11.8,59,8.80,148,2.65,13.0,17.0,10.5,38
2022-04-26,4.0,10.3,46,0.70,236,3.08,4.0,14.5,6.8,26
2022-04-27,2.2,7.9,68,3.70,270,1.74,19.0,7.5,5.5,32
2022-04-28,2.0,7.9,73,0.60,238,2.37,5.0,10.2,4.5,36
2022-04-29,3.8,10.9,53,0.20,171,3.07,2.0,7.0,4.7,30
2022-04-30,5.5,10.8,49,0.00,105,2.65,0.0,14.0,9.1,32
2022-05-01,7.4,13.0,54,0.00,131,2.58,0.0,12.9,6.7,37
2022-05-02,8.1,12.4,62,0.10,157,2.28,1.0,13.4,7.0,42
2022-05-03,6.8,11.1,69,0.80,214,1.85,3.0,11.5,6.7,48
2022-05-04,6.7,10.0,76,1.60,187,1.64,11.0,15.8,9.3,51
2022-05-05,6.6,10.5,77,3.80,138,1.53,11.0,18.7,8.9,47
2022-05-06,5.3,9.4,83,11.30,268,2.22,22.0,15.0,9.1,37
2022-05-07,4.0,9.5,61,0.40,313,2.98,4.0,11.2,7.7,31
2022-05-08,4.1,9.0,53,0.20,310,3.03,1.0,13.0,8.5,33
2022-05-09,3.1,6.8,78,3.10,295,1.66,12.0,11.3,8.3,55
2022-05-10,3.7,9.3,84,4.50,243,1.76,21.0,10.7,8.2,47
2022-05-11,5.5,10.3,56,0.50,180,2.75,4.0,18.9,11.1,37
2022-05-12,6.5,12.8,48,1.80,143,3.69,4.0,22.9,15.5,33
2022-05-13,5.3,10.3,68,2.50,168,2.51,13.0,20.7,10.4,39
2022-05-14,4.2,10.7,66,0.70,146,2.64,2.0,13.7,8.1,36
2022-05-15,6.5,10.4,74,2.20,129,1.97,5.0,21.7,14.8,43
2022-05-16,9.4,14.0,67,1.20,158,3.40,5.0,22.2,17.7,25
2022-05-17,5.6,12.1,52,0.10,247,3.03,1.0,20.3,7.8,26
2022-05-18,4.5,9.0,70,6.60,128,2.14,11.0,20.2,12.5,44
2022-05-19,4.4,11.2,86,9.10,302,2.13,22.0,22.1,13.0,46
2022-05-20,5.7,11.8,62,0.80,333,3.48,5.0,17.4,13.8,28
2022-05-21,6.7,13.4,49,0.20,337,3.93,2.0,13.4,9.6,27
2022-05-22,10.2,16.9,39,0.00,208,4.34,0.0,8.7,5.7,26
2022-05-23,9.1,17.1,52,0.80,243,2.81,5.0,11.6,8.9,22
2022-05-24,6.9,13.3,80,1.10,207,2.77,4.0,11.3,6.5,39
2022-05-25,9.6,15.8,61,3.30,185,3.39,6.0,16.9,8.8,36
2022-05-26,9.3,15.5,71,2.40,174,3.12,4.0,14.0,6.9,34
2022-05-27,10.5,15.5,71,6.30,156,2.62,9.0,16.6,9.3,34
2022-05-28,8.3,12.9,56,0.10,250,3.70,1.0,15.3,7.6,37
2022-05-29,7.7,13.8,77,2.90,338,3.08,6.0,12.8,8.9,43
2022-05-30,10.3,17.4,58,0.10,347,4.20,1.0,10.9,7.4,38
2022-05-31,11.3,16.1,71,4.50,337,3.26,7.0,12.0,4.3,50
2022-06-01,10.4,16.6,78,4.90,118,3.29,7.0,10.6,6.9,51
2022-06-02,12.2,18.1,70,2.10,110,3.46,2.0,18.9,8.2,44
2022-06-03,11.9,16.5,72,3.10,111,2.75,10.0,19.2,11.6,46
2022-06-04,11.1,16.9,77,3.50,137,3.56,14.0,19.9,12.5,38
2022-06-05,12.0,16.8,70,3.20,124,2.55,8.0,15.8,11.9,39
2022-06-06,10.6,15.6,84,5.00,220,2.75,15.0,11.0,7.1,50
2022-06-07,10.9,17.5,74,6.50,90,3.85,4.0,13.6,6.4,41
2022-06-08,13.0,17.7,66,3.60,151,4.24,13.0,14.9,10.2,36
2022-06-09,11.3,16.2,59,0.70,167,3.42,3.0,21.0,10.8,41
2022-06-10,10.2,17.9,79,6.20,161,3.36,13.0,18.7,12.8,36
2022-06-11,12.1,17.9,53,1.40,219,4.23,2.0,14.9,9.6,33
2022-06-12,9.9,16.1,73,1.60,331,3.62,8.0,12.2,8.1,42
2022-06-13,10.4,14.5,59,0.40,330,3.66,2.0,15.8,11.2,41
2022-06-14,11.8,18.4,53,0.20,318,4.50,2.0,19.0,14.0,35
2022-06-15,13.9,20.6,50,0.00,333,5.17,0.0,14.3,9.3,34
2022-06-16,12.4,19.4,80,10.80,115,3.04,18.0,15.5,10.1,37
2022-06-17,9.9,17.2,81,2.10,151,3.30,5.0,7.4,4.0,39
2022-06-18,11.2,17.3,81,10.20,202,2.53,18.0,9.2,5.3,34
2022-06-19,11.7,17.0,81,2.40,262,2.85,12.0,13.7,7.2,52
2022-06-20,13.8,17.8,58,0.00,284,3.95,0.0,14.5,7.7,41
2022-06-21,12.0,16.5,83,5.10,197,1.57,8.0,10.6,5.7,54
2022-06-22,10.0,12.8,90,21.80,291,1.81,22.0,12.3,5.7,59
2022-06-23,6.3,11.0,75,1.70,303,2.09,5.0,15.8,9.5,52
2022-06-24,11.0,17.2,72,0.00,326,3.26,0.0,13.4,10.4,42
2022-06-25,13.7,20.7,58,0.00,17,4.76,0.0,7.9,5.0,40
2022-06-26,17.2,24.0,54,0.00,87,5.14,0.0,5.8,4.0,34
2022-06-27,19.2,27.4,50,0.00,75,5.48,0.0,7.1,5.0,29
2022-06-28,18.8,27.6,60,10.00,120,4.51,3.0,12.2,7.1,26
2022-06-29,11.3,16.1,92,21.90,245,1.92,24.0,12.1,7.3,63
2022-06-30,14.2,21.1,78,0.50,173,4.13,4.0,6.4,4.3,49
2022-07-01,16.7,21.2,68,2.80,108,4.33,2.0,8.1,4.2,49
2022-07-02,15.2,20.7,78,2.60,328,3.75,3.0,10.5,7.1,50
2022-07-03,16.7,23.2,67,0.00,342,4.82,0.0,12.1,10.3,46
2022-07-04,14.2,18.5,89,21.80,109,2.52,15.0,12.0,6.3,58
2022-07-05,13.7,18.4,83,5.90,130,2.92,11.0,8.4,4.9,51
2022-07-06,14.2,21.5,75,4.70,125,3.62,5.0,14.2,7.5,44
2022-07-07,13.8,19.3,85,6.50,123,3.27,10.0,13.8,6.3,57
2022-07-08,12.9,18.7,81,5.00,209,3.72,7.0,10.4,4.9,46
2022-07-09,12.1,18.9,81,8.20,214,3.59,2.0,10.5,5.3,45
2022-07-10,12.6,17.4,79,2.10,216,2.77,4.0,12.2,6.4,50
2022-07-11,15.1,24.3,72,0.50,178,3.97,1.0,14.3,8.9,39
2022-07-12,14.8,25.8,80,0.10,331,2.35,1.0,21.6,7.3,32
2022-07-13,11.6,17.0,83,1.10,284,2.53,5.0,13.8,7.1,42
2022-07-14,14.4,20.3,61,0.10,160,3.41,1.0,13.7,6.7,41
2022-07-15,15.7,22.0,74,0.40,193,3.25,3.0,17.1,6.4,39
2022-07-16,14.9,19.5,70,4.90,203,3.77,4.0,13.5,7.1,52
2022-07-17,14.1,20.6,75,2.40,326,4.10,3.0,13.4,11.2,44
2022-07-18,15.5,20.8,64,0.00,291,3.31,0.0,9.7,6.2,43
2022-07-19,14.6,19.9,86,6.10,256,3.07,17.0,9.7,4.4,49
2022-07-20,15.8,23.6,61,0.00,342,4.77,0.0,12.3,4.6,41
2022-07-21,18.7,25.5,54,0.00,297,5.19,0.0,9.4,5.4,29
2022-07-22,18.5,25.6,55,0.00,330,4.90,0.0,11.8,8.3,28
2022-07-23,18.2,24.6,54,0.00,333,5.08,0.0,10.5,6.7,35
2022-07-24,17.7,23.4,59,0.00,337,2.99,0.0,8.2,5.5,39
2022-07-25,17.1,23.0,70,0.00,318,3.05,0.0,10.0,5.9,51
2022-07-26,19.2,26.4,67,0.00,335,4.75,0.0,10.6,8.4,38
2022-07-27,23.0,30.5,55,0.00,341,5.22,0.0,9.4,3.7,32
2022-07-28,25.0,31.1,47,0.00,332,5.08,0.0,8.6,4.6,29
2022-07-29,24.1,30.5,50,0.00,331,5.14,0.0,7.8,5.2,27
2022-07-30,23.8,30.2,46,0.00,330,5.39,0.0,10.1,6.4,26
2022-07-31,23.0,29.1,52,0.00,312,5.14,0.0,8.9,5.3,28
2022-08-01,21.0,28.3,58,3.00,323,3.75,4.0,13.8,6.6,33
2022-08-02,16.9,22.4,58,2.00,287,4.23,1.0,12.8,6.5,34
2022-08-03,14.4,19.6,86,16.20,356,1.38,16.0,9.8,4.6,49
2022-08-04,10.4,14.7,88,4.80,309,1.93,14.0,13.2,7.6,55
2022-08-05,11.1,17.7,82,3.50,297,2.96,13.0,8.2,4.3,48
2022-08-06,14.5,23.0,66,0.00,210,3.85,0.0,9.1,5.5,41
2022-08-07,17.4,25.9,64,0.00,198,4.41,0.0,8.7,5.7,32
2022-08-08,18.1,25.8,56,0.00,321,4.66,0.0,11.4,8.1,32
2022-08-09,17.7,26.4,50,0.00,347,4.78,0.0,9.7,6.1,31
2022-08-10,21.1,29.2,50,0.00,355,5.11,0.0,10.1,6.8,27
2022-08-11,22.0,29.1,59,2.50,133,4.64,4.0,9.9,6.3,25
2022-08-12,21.3,28.1,55,0.00,134,4.77,0.0,8.7,6.6,27
2022-08-13,18.7,27.6,59,2.40,205,3.53,5.0,14.2,6.9,28
2022-08-14,14.9,22.0,75,0.00,180,3.42,0.0,10.3,4.9,42
2022-08-15,17.5,24.5,69,0.30,210,3.74,1.0,12.4,5.4,41
2022-08-16,17.4,24.0,70,1.30,304,3.12,4.0,11.2,6.3,37
2022-08-17,18.5,26.1,67,0.00,351,4.07,0.0,9.7,5.8,39
2022-08-18,20.8,28.7,60,0.00,355,4.40,0.0,7.3,5.0,35
2022-08-19,22.2,28.9,58,0.30,352,4.09,1.0,9.2,5.4,34
2022-08-20,18.9,26.5,78,9.30,279,3.31,9.0,13.4,4.0,46
2022-08-21,19.2,26.4,67,0.00,349,3.90,0.0,7.1,4.1,40
2022-08-22,20.7,25.6,64,0.90,15,3.30,2.0,6.4,3.1,43
2022-08-23,20.0,25.6,70,0.10,315,3.52,1.0,11.6,6.8,47
2022-08-24,19.8,26.8,73,0.00,356,3.60,0.0,7.1,3.8,44
2022-08-25,21.9,27.7,59,0.00,301,4.04,0.0,6.4,4.6,34
2022-08-26,20.3,28.0,63,4.90,274,3.54,6.0,14.0,5.8,32
2022-08-27,12.7,20.0,71,2.20,298,2.21,7.0,14.0,10.3,44
2022-08-28,11.9,16.3,74,2.70,174,1.66,10.0,9.3,5.5,49
2022-08-29,15.0,24.8,79,2.80,136,2.56,8.0,11.9,8.9,45
2022-08-30,19.3,27.3,62,0.00,204,4.02,0.0,12.2,7.5,37
2022-08-31,20.4,27.6,63,0.00,319,3.85,0.0,10.6,5.5,36
2022-09-01,19.4,27.6,53,0.00,291,4.04,0.0,11.2,6.7,32
2022-09-02,20.2,29.8,52,0.00,143,4.42,0.0,12.7,8.6,18
2022-09-03,20.8,30.2,39,0.00,185,4.72,0.0,12.9,8.1,17
2022-09-04,17.4,27.2,58,8.50,194,2.73,5.0,14.3,9.0,24
2022-09-05,11.3,16.0,78,4.80,243,2.68,6.0,13.4,7.1,35
2022-09-06,11.6,21.1,59,0.10,123,2.96,1.0,13.4,6.2,36
2022-09-07,14.2,20.2,58,0.10,294,3.03,1.0,17.8,8.5,32
2022-09-08,10.8,15.5,63,0.00,300,2.45,0.0,16.9,10.4,38
2022-09-09,10.6,17.6,63,0.00,333,2.82,0.0,10.6,5.0,41
2022-09-10,12.8,23.4,63,0.00,133,3.20,0.0,10.2,7.1,32
2022-09-11,16.7,24.2,52,0.00,138,3.10,0.0,9.9,6.9,30
2022-09-12,16.3,23.2,62,0.00,159,3.12,0.0,9.4,5.7,35
2022-09-13,15.4,23.0,64,0.20,337,2.89,1.0,10.8,7.3,35
2022-09-14,14.3,20.3,57,0.00,339,3.24,0.0,10.1,7.2,33
2022-09-15,13.6,19.7,74,0.00,150,2.48,0.0,11.1,6.3,31
2022-09-16,9.4,17.3,93,17.30,312,0.80,22.0,14.0,5.9,54
2022-09-17,6.2,12.7,81,0.20,118,1.84,2.0,8.9,5.0,39
2022-09-18,7.6,14.9,75,0.00,306,2.15,0.0,10.1,5.1,48
2022-09-19,9.0,13.7,73,0.00,337,2.09,0.0,17.0,10.4,39
2022-09-20,8.4,15.0,61,0.00,342,2.50,0.0,14.5,6.0,40
2022-09-21,11.0,17.9,54,0.00,114,2.47,0.0,5.9,4.0,38
2022-09-22,12.7,19.7,51,0.00,155,2.57,0.0,9.2,4.9,30
2022-09-23,11.9,20.1,68,2.80,237,1.50,8.0,12.7,7.7,36
2022-09-24,9.0,15.4,86,1.60,221,1.86,3.0,9.5,5.4,46
2022-09-25,12.3,20.2,69,0.30,135,2.32,3.0,9.7,6.9,47
2022-09-26,14.5,23.0,69,0.00,116,2.52,0.0,10.1,6.6,39
2022-09-27,15.9,23.3,62,0.00,138,2.71,0.0,11.3,7.3,31
2022-09-28,15.7,22.9,56,0.00,153,2.17,0.0,8.4,5.6,32
2022-09-29,14.2,18.7,70,0.00,318,2.19,0.0,11.6,7.9,50
2022-09-30,13.9,18.9,70,0.00,325,2.13,0.0,10.4,5.7,47
2022-10-01,14.0,20.9,64,0.00,121,2.17,0.0,9.0,5.3,40
2022-10-02,15.0,20.8,63,0.00,135,2.13,0.0,8.2,3.6,42
2022-10-03,14.3,20.8,76,0.00,344,2.00,0.0,7.6,4.5,50
2022-10-04,15.2,21.0,67,0.00,102,1.87,0.0,9.4,5.2,41
2022-10-05,13.7,19.4,65,0.00,188,1.98,0.0,10.2,6.0,49
2022-10-06,12.6,18.0,72,0.00,343,1.59,0.0,10.1,6.5,50
2022-10-07,12.7,18.0,75,0.00,349,1.40,0.0,6.9,3.7,56
2022-10-08,13.3,18.2,72,0.00,314,1.66,0.0,4.8,2.9,54
2022-10-09,11.6,18.2,74,0.00,204,1.60,0.0,8.0,5.0,50
2022-10-10,12.3,17.5,64,1.50,243,1.92,7.0,23.7,10.3,33
2022-10-11,7.3,13.7,62,0.00,283,1.61,0.0,20.1,7.2,35
2022-10-12,8.0,14.2,76,0.00,246,1.36,0.0,6.3,3.8,51
2022-10-13,9.3,17.7,70,0.00,132,1.56,0.0,10.1,7.1,46
2022-10-14,11.3,15.7,69,0.00,213,1.42,0.0,14.3,6.4,56
2022-10-15,9.8,16.0,75,0.00,66,1.37,0.0,7.6,5.0,54
2022-10-16,11.6,19.1,61,0.00,126,1.98,0.0,13.0,9.0,37
2022-10-17,12.8,19.6,52,0.00,134,2.43,0.0,13.2,11.6,36
2022-10-18,12.8,19.1,52,0.00,136,2.10,0.0,12.0,8.4,35
2022-10-19,11.6,17.1,60,0.00,141,1.36,0.0,10.9,6.7,45
2022-10-20,7.6,13.2,78,7.40,305,1.01,7.0,12.5,5.4,41
2022-10-21,3.8,7.7,69,0.80,285,0.97,6.0,10.0,6.2,49
2022-10-22,1.4,4.3,82,2.80,314,0.49,8.0,14.2,5.7,61
2022-10-23,-0.1,4.7,83,0.00,246,0.81,0.0,16.3,9.0,43
2022-10-24,2.1,5.3,71,6.20,146,0.95,9.0,18.0,13.4,52
2022-10-25,1.5,5.0,74,1.40,208,0.82,3.0,16.1,11.0,51
2022-10-26,0.4,4.2,88,1.80,177,0.51,6.0,14.2,8.4,63
2022-10-27,3.9,6.0,70,1.80,174,1.14,5.0,25.0,18.8,56
2022-10-28,2.6,7.0,76,0.00,195,0.97,0.0,18.3,11.8,43
2022-10-29,3.1,7.4,69,8.20,165,1.06,8.0,19.7,12.6,46
2022-10-30,5.2,9.3,73,1.10,182,1.28,1.0,24.6,17.5,41
2022-10-31,1.2,5.4,67,1.50,237,0.70,6.0,15.0,7.3,42
2022-11-01,-2.7,1.9,76,0.20,94,0.68,2.0,9.4,4.6,35
2022-11-02,-5.4,-1.2,72,0.00,328,0.66,0.0,16.5,13.0,42
2022-11-03,-5.6,-2.0,71,3.90,135,0.38,6.0,16.8,9.0,58
2022-11-04,-2.1,-0.0,91,11.60,143,0.21,24.0,15.9,11.7,82
2022-11-05,-2.6,-0.1,79,5.00,274,0.58,7.0,19.6,10.7,64
2022-11-06,-12.5,-7.1,83,0.10,344,0.26,1.0,15.8,11.6,59
2022-11-07,-14.5,-11.8,74,4.90,324,0.27,20.0,17.9,15.2,66
2022-11-08,-18.1,-15.5,80,0.20,317,0.22,2.0,12.2,7.4,67
2022-11-09,-17.5,-11.5,82,0.00,254,0.24,0.0,6.4,3.4,63
2022-11-10,-15.3,-6.2,83,0.00,160,0.30,0.0,7.6,5.2,65
2022-11-11,-7.3,-2.7,77,0.00,148,0.40,0.0,12.2,9.0,64
2022-11-12,-7.4,-3.6,87,0.00,161,0.33,0.0,10.4,6.3,77
2022-11-13,-7.4,-3.2,93,0.00,181,0.27,0.0,5.9,4.2,82
2022-11-14,-6.6,-3.1,94,0.00,157,0.25,0.0,6.9,4.1,88
2022-11-15,-5.1,-2.1,92,0.00,147,0.29,0.0,7.3,4.3,75
2022-11-16,-7.3,-4.5,94,1.00,324,0.16,5.0,8.9,4.4,90
2022-11-17,-8.0,-5.1,92,0.00,337,0.21,0.0,10.0,5.1,85
2022-11-18,-12.2,-8.6,86,0.00,161,0.23,0.0,6.9,4.2,71
2022-11-19,-12.7,-5.8,86,0.00,162,0.26,0.0,8.9,6.7,68
2022-11-20,-6.3,-1.3,77,0.50,154,0.29,3.0,11.3,8.1,65
2022-11-21,-2.7,0.8,87,1.50,144,0.31,7.0,11.5,9.3,73
2022-11-22,0.4,1.3,87,5.00,142,0.28,13.0,18.6,13.2,81
2022-11-23,-4.1,1.2,93,0.90,181,0.25,3.0,16.3,7.3,75
2022-11-24,2.7,6.1,70,0.00,143,1.07,0.0,24.0,22.0,53
2022-11-25,1.1,4.6,78,5.40,188,0.47,11.0,18.4,8.4,56
2022-11-26,-1.7,1.4,79,0.60,183,0.40,5.0,18.9,12.0,66
2022-11-27,-5.0,0.5,76,2.20,261,0.35,6.0,19.8,12.3,65
2022-11-28,-14.7,-9.3,81,0.00,323,0.21,0.0,17.0,13.8,68
2022-11-29,-18.4,-12.1,81,0.20,341,0.12,2.0,11.3,5.5,69
2022-11-30,-14.0,-10.0,78,10.20,10,0.16,23.0,17.7,13.6,70
2022-12-01,-25.5,-20.9,75,0.10,288,0.10,1.0,13.4,6.9,58
2022-12-02,-23.8,-18.7,71,0.10,13,0.09,1.0,7.4,4.3,65
2022-12-03,-23.3,-19.2,79,0.20,189,0.10,2.0,8.3,5.0,64
2022-12-04,-19.8,-14.1,77,0.00,163,0.14,0.0,8.4,5.5,61
2022-12-05,-17.0,-13.3,81,0.00,329,0.10,0.0,8.9,5.0,72
2022-12-06,-12.0,-7.1,82,0.30,152,0.12,3.0,7.0,3.4,74
2022-12-07,-6.8,-3.7,82,3.30,146,0.22,9.0,12.8,8.4,68
2022-12-08,-4.5,-2.1,80,0.30,132,0.42,1.0,23.9,17.3,71
2022-12-09,-8.5,-4.4,85,5.20,167,0.19,4.0,11.2,8.5,73
2022-12-10,-4.9,-1.9,83,7.10,113,0.27,15.0,17.3,14.4,72
2022-12-11,-7.7,-3.0,89,3.50,339,0.11,16.0,11.4,8.5,82
2022-12-12,-14.4,-13.1,82,0.00,340,0.14,0.0,12.0,6.8,73
2022-12-13,-12.8,-7.5,80,1.20,142,0.11,6.0,8.2,5.4,74
2022-12-14,-8.4,-6.8,90,0.30,324,0.14,1.0,7.7,4.3,84
2022-12-15,-11.0,-8.4,88,0.00,128,0.14,0.0,5.6,3.3,77
2022-12-16,-9.8,-7.1,84,0.00,117,0.17,0.0,8.7,6.4,74
2022-12-17,-12.4,-5.1,82,0.30,328,0.11,2.0,19.6,13.4,70
2022-12-18,-25.4,-20.7,74,0.00,316,0.11,0.0,18.7,13.1,60
2022-12-19,-30.1,-25.8,72,0.00,314,0.06,0.0,12.1,6.6,58
2022-12-20,-35.0,-31.8,74,0.00,330,0.04,0.0,10.5,6.3,60
2022-12-21,-33.7,-31.2,73,0.00,333,0.04,0.0,7.9,5.8,59
2022-12-22,-33.7,-24.8,69,0.00,80,0.06,0.0,8.6,6.6,44
2022-12-23,-18.2,-10.4,64,6.30,128,0.25,15.0,17.2,13.9,53
2022-12-24,-7.0,-1.4,79,2.90,131,0.36,9.0,24.2,18.7,76
2022-12-25,-3.1,-0.2,85,0.30,126,0.26,3.0,19.0,13.0,72
2022-12-26,1.7,4.4,83,3.10,136,0.52,5.0,23.8,19.3,75
2022-12-27,-0.2,1.8,92,11.10,110,0.14,13.0,13.2,8.6,86
2022-12-28,-1.6,0.3,93,1.50,307,0.21,8.0,10.8,5.9,73
2022-12-29,-5.7,-2.5,89,0.00,137,0.21,0.0,17.4,9.7,72
2022-12-30,-3.5,-0.7,87,2.00,125,0.23,11.0,16.0,13.8,79
2022-12-31,-3.6,-2.2,91,4.10,128,0.16,7.0,12.1,7.8,86
2023-01-01,-6.1,-2.7,91,0.00,154,0.19,0.0,7.8,5.0,78
