latitude,longitude,elevation,utc_offset_seconds,timezone,timezone_abbreviation
49.806675,-119.6875,339.0,0,GMT,GMT

time,temperature_2m_mean (°C),temperature_2m_max (°C),relative_humidity_2m_mean (%),precipitation_sum (mm),wind_direction_10m_dominant (°),et0_fao_evapotranspiration (mm),precipitation_hours (h),wind_speed_10m_max (km/h),wind_speed_10m_mean (km/h),relative_humidity_2m_min (%)
1990-01-01,0.2,3.0,94,0.30,170,0.34,3.0,9.3,7.6,78
1990-01-02,-0.2,2.3,78,0.80,244,0.41,5.0,8.3,6.8,50
1990-01-03,-1.8,1.1,84,0.90,188,0.25,5.0,7.6,6.0,53
1990-01-04,-0.5,3.6,87,4.00,166,0.28,14.0,7.3,5.6,80
1990-01-05,1.8,4.0,87,1.30,188,0.19,4.0,7.8,6.0,76
1990-01-06,2.9,4.1,89,4.10,187,0.33,11.0,10.4,7.4,83
1990-01-07,3.1,5.4,91,9.00,170,0.45,12.0,11.2,8.1,79
1990-01-08,3.7,4.8,88,4.40,204,0.46,10.0,9.0,5.6,72
1990-01-09,3.1,6.0,91,13.70,159,0.25,20.0,7.6,5.4,67
1990-01-10,1.2,4.3,72,3.40,233,0.70,5.0,17.8,9.6,55
1990-01-11,-2.9,2.3,90,0.00,318,0.32,0.0,4.8,3.5,61
1990-01-12,-1.9,1.5,86,0.00,94,0.30,0.0,4.5,2.1,75
1990-01-13,1.4,4.6,93,1.90,228,0.33,6.0,4.4,2.2,79
1990-01-14,3.8,6.3,89,0.00,236,0.44,0.0,5.4,3.9,77
1990-01-15,2.3,5.7,93,0.00,186,0.35,0.0,4.8,3.2,80
1990-01-16,2.2,3.2,89,0.20,273,0.30,2.0,7.4,4.3,83
1990-01-17,-2.1,0.8,85,0.00,308,0.43,0.0,6.9,4.8,70
1990-01-18,-3.8,-0.8,87,0.00,273,0.39,0.0,2.9,1.4,71
1990-01-19,-3.2,-0.6,88,0.00,188,0.38,0.0,3.3,1.7,69
1990-01-20,-2.9,0.5,88,0.00,256,0.40,0.0,4.7,2.7,69
1990-01-21,-0.6,1.1,82,2.40,174,0.30,8.0,8.0,6.2,76
1990-01-22,0.3,4.0,90,5.00,179,0.43,15.0,12.3,6.7,66
1990-01-23,0.1,3.1,80,1.40,215,0.51,5.0,10.1,7.1,67
1990-01-24,-0.3,1.2,81,2.50,210,0.39,12.0,8.6,7.0,71
1990-01-25,0.2,4.0,87,5.80,181,0.44,17.0,14.1,8.0,72
1990-01-26,-1.3,2.9,68,0.40,230,0.68,2.0,14.2,8.9,55
1990-01-27,-3.4,-1.4,78,3.00,171,0.36,12.0,9.7,7.5,63
1990-01-28,-0.6,1.0,82,6.00,185,0.40,16.0,9.3,7.0,67
1990-01-29,-1.0,2.7,75,4.50,258,0.58,10.0,10.3,6.1,47
1990-01-30,-2.2,1.5,84,7.50,51,0.47,19.0,7.2,3.7,61
1990-01-31,-9.6,-1.6,78,4.40,324,0.40,12.0,10.3,7.3,58
1990-02-01,-6.2,-2.2,84,3.90,107,0.47,16.0,6.8,4.4,70
1990-02-02,-1.1,0.7,87,0.40,174,0.42,3.0,8.5,6.8,78
1990-02-03,0.8,5.0,86,3.10,161,0.60,13.0,12.1,9.1,68
1990-02-04,1.3,3.3,76,1.90,220,0.73,10.0,12.3,7.2,55
1990-02-05,-1.0,1.9,84,3.00,159,0.56,12.0,9.8,8.2,70
1990-02-06,-1.2,1.0,85,3.20,181,0.62,12.0,9.5,7.2,59
1990-02-07,-2.7,0.6,83,0.60,165,0.41,3.0,11.8,8.1,57
1990-02-08,-3.1,-0.8,77,2.90,239,0.64,11.0,12.0,6.3,56
1990-02-09,-0.9,2.3,82,3.10,184,0.32,7.0,6.9,4.6,50
1990-02-10,4.8,7.2,82,1.10,187,0.55,6.0,9.6,8.1,78
1990-02-11,4.6,8.5,80,7.60,216,0.85,19.0,16.9,10.3,49
1990-02-12,-2.0,2.3,65,0.00,234,0.82,0.0,14.3,6.3,51
1990-02-13,-9.3,-2.5,74,0.30,312,0.52,1.0,10.4,8.3,53
1990-02-14,-11.7,-7.2,71,0.00,280,0.58,0.0,7.1,3.6,54
1990-02-15,-9.5,-5.4,78,2.10,132,0.53,14.0,7.0,5.7,60
1990-02-16,-6.1,-3.9,81,4.10,349,0.49,17.0,9.6,6.4,65
1990-02-17,-15.6,-7.6,73,0.00,319,0.48,0.0,8.6,6.6,58
1990-02-18,-13.5,-4.9,67,0.00,316,0.73,0.0,5.8,3.4,39
1990-02-19,-8.4,-4.0,72,0.00,205,0.66,0.0,6.6,3.5,48
1990-02-20,-5.4,-1.3,77,0.10,162,0.50,1.0,9.3,7.5,68
1990-02-21,1.7,5.8,75,0.20,212,1.00,2.0,9.5,6.9,66
1990-02-22,3.1,8.7,72,0.00,263,1.36,0.0,8.1,4.3,50
1990-02-23,2.5,9.4,72,0.00,246,1.35,0.0,4.1,2.4,46
1990-02-24,5.0,9.7,70,0.50,210,1.06,5.0,6.4,5.3,51
1990-02-25,5.5,9.6,77,0.00,262,1.19,0.0,8.6,5.3,61
1990-02-26,2.6,6.3,71,0.00,303,1.40,0.0,6.2,4.4,54
1990-02-27,0.7,6.8,67,0.00,310,1.47,0.0,4.7,2.5,44
1990-02-28,-0.2,7.8,68,0.00,230,1.48,0.0,4.4,2.3,40
1990-03-01,0.6,7.9,61,0.00,229,1.60,0.0,6.4,2.9,31
1990-03-02,0.4,8.0,61,0.00,262,1.60,0.0,3.6,2.1,33
1990-03-03,2.3,9.6,62,0.00,223,1.62,0.0,4.2,2.7,40
1990-03-04,5.0,9.1,70,0.20,194,1.46,2.0,4.6,3.8,45
1990-03-05,5.1,8.9,74,0.00,229,1.56,0.0,5.1,2.9,57
1990-03-06,5.2,9.5,74,0.40,192,1.12,3.0,9.0,5.8,56
1990-03-07,4.5,6.7,88,5.70,138,0.73,22.0,8.2,6.3,82
1990-03-08,2.4,6.0,74,5.40,218,1.32,10.0,11.0,7.3,46
1990-03-09,0.5,5.6,80,2.40,180,1.01,12.0,13.6,6.9,67
1990-03-10,3.4,5.5,83,5.20,162,1.25,16.0,11.1,6.8,56
1990-03-11,1.5,5.5,64,0.00,274,1.54,0.0,10.0,6.3,39
1990-03-12,0.9,5.6,68,0.00,285,1.67,0.0,7.6,5.4,45
1990-03-13,0.9,6.7,66,0.00,234,1.77,0.0,6.2,4.3,46
1990-03-14,2.7,6.6,78,0.80,170,1.42,4.0,9.4,6.4,59
1990-03-15,5.0,9.0,70,0.00,234,1.99,0.0,6.8,4.3,50
1990-03-16,5.5,12.3,67,0.00,215,2.08,0.0,5.1,3.5,46
1990-03-17,6.7,11.5,77,2.30,248,1.32,8.0,3.9,2.1,58
1990-03-18,6.6,11.2,84,0.50,181,1.72,2.0,5.5,3.6,66
1990-03-19,7.2,13.2,82,0.20,194,1.84,1.0,6.4,4.1,61
1990-03-20,7.2,12.7,78,0.70,225,1.88,5.0,10.2,5.9,63
1990-03-21,5.8,9.1,76,0.00,254,1.81,0.0,8.0,6.2,60
1990-03-22,3.2,9.4,71,0.00,331,1.31,0.0,10.9,7.7,54
1990-03-23,-0.0,3.8,71,0.30,341,1.74,3.0,7.9,5.2,42
1990-03-24,-0.6,5.9,62,0.00,319,2.18,0.0,7.0,3.8,29
1990-03-25,0.9,8.7,60,0.00,283,2.34,0.0,3.2,1.9,32
1990-03-26,4.4,12.3,59,0.00,269,2.57,0.0,4.0,2.2,30
1990-03-27,5.3,11.6,66,0.00,301,2.49,0.0,6.6,4.5,41
1990-03-28,5.9,12.0,66,0.00,282,2.47,0.0,6.6,3.7,42
1990-03-29,6.8,13.9,67,0.00,237,2.63,0.0,5.9,3.5,43
1990-03-30,7.1,15.5,72,0.00,232,2.53,0.0,6.3,5.1,49
1990-03-31,8.8,14.7,75,0.20,264,2.21,2.0,8.4,5.1,56
1990-04-01,8.4,16.6,80,1.00,221,2.55,5.0,5.0,2.3,53
1990-04-02,8.7,15.5,80,0.20,245,2.41,1.0,9.3,5.8,62
1990-04-03,7.5,13.7,71,0.00,264,2.67,0.0,9.7,5.6,44
1990-04-04,8.5,15.2,68,0.00,347,2.92,0.0,5.1,3.4,35
1990-04-05,9.6,16.5,60,0.00,288,3.23,0.0,4.3,2.5,40
1990-04-06,9.9,17.6,67,0.00,307,3.13,0.0,4.4,2.8,38
1990-04-07,10.5,16.9,64,0.00,240,3.30,0.0,7.9,3.6,41
1990-04-08,9.1,16.1,68,0.30,258,2.68,2.0,10.7,7.4,42
1990-04-09,6.6,12.0,75,1.40,298,2.04,8.0,9.9,6.8,45
1990-04-10,8.1,14.5,54,0.00,26,2.76,0.0,7.3,3.6,43
1990-04-11,10.3,16.7,64,1.10,52,2.72,1.0,6.3,3.1,45
1990-04-12,8.9,14.9,83,0.90,241,2.01,4.0,8.0,5.9,44
1990-04-13,10.2,15.2,66,0.60,237,2.11,2.0,7.4,4.7,41
1990-04-14,10.6,18.1,81,0.80,248,2.57,4.0,6.3,3.8,44
1990-04-15,12.1,19.3,67,0.00,26,2.73,0.0,7.5,2.8,45
1990-04-16,14.3,21.4,62,0.00,31,3.76,0.0,7.9,4.5,33
1990-04-17,15.4,21.2,52,0.20,156,3.62,1.0,11.2,4.8,33
1990-04-18,12.6,19.3,65,0.00,230,3.54,0.0,11.8,7.3,37
1990-04-19,13.1,19.0,58,0.00,248,2.23,0.0,8.0,4.9,37
1990-04-20,13.6,17.9,75,1.50,216,2.45,8.0,7.6,4.8,55
1990-04-21,12.1,19.3,78,1.70,218,2.94,6.0,8.9,5.1,40
1990-04-22,12.1,19.2,66,2.10,230,2.30,9.0,7.3,5.3,39
1990-04-23,10.4,15.3,88,10.30,150,1.88,21.0,7.4,4.5,62
1990-04-24,9.6,14.4,73,1.70,222,3.04,5.0,14.5,9.0,30
1990-04-25,7.9,13.8,59,3.60,196,1.90,8.0,12.1,5.8,30
1990-04-26,7.9,13.7,71,4.10,225,2.97,13.0,10.7,7.4,45
1990-04-27,8.1,11.9,59,1.10,211,2.43,6.0,8.4,4.7,43
1990-04-28,5.3,8.6,90,12.90,314,1.37,24.0,8.9,6.1,69
1990-04-29,6.4,12.5,76,1.80,316,2.46,8.0,13.0,6.3,37
1990-04-30,8.9,17.4,57,0.00,280,3.95,0.0,9.2,4.6,33
1990-05-01,10.9,17.3,62,0.10,235,2.47,1.0,7.8,5.6,34
1990-05-02,10.9,17.7,78,0.50,251,2.61,3.0,6.5,4.6,47
1990-05-03,13.9,22.8,61,0.00,242,4.12,0.0,7.3,4.8,38
1990-05-04,17.0,25.7,59,0.00,234,4.96,0.0,7.9,5.3,35
1990-05-05,19.1,26.0,59,0.00,168,4.96,0.0,17.1,8.0,36
1990-05-06,12.7,25.1,50,0.50,237,4.04,1.0,14.2,12.1,34
1990-05-07,7.5,12.6,60,0.90,255,3.16,6.0,14.2,6.7,30
1990-05-08,10.1,15.7,63,0.90,314,2.94,7.0,10.7,6.3,35
1990-05-09,12.8,18.4,56,0.00,196,3.35,0.0,6.9,4.7,36
1990-05-10,13.7,18.3,62,0.20,32,3.51,1.0,6.2,4.0,38
1990-05-11,11.9,16.8,80,9.90,261,2.98,21.0,3.7,2.3,53
1990-05-12,11.9,17.8,75,4.70,288,3.62,7.0,7.2,4.7,41
1990-05-13,11.1,17.0,76,4.70,220,2.27,17.0,7.2,4.8,42
1990-05-14,10.3,15.9,79,5.90,314,3.10,14.0,8.0,4.4,46
1990-05-15,12.5,18.3,61,0.10,273,4.14,1.0,8.1,5.0,43
1990-05-16,13.2,18.2,66,0.50,210,3.54,2.0,8.7,4.4,42
1990-05-17,12.9,18.4,69,0.30,193,3.64,2.0,6.0,3.1,43
1990-05-18,11.3,17.4,78,3.80,259,2.85,11.0,8.1,5.3,48
1990-05-19,12.9,18.1,66,1.90,197,3.79,5.0,10.4,5.0,47
1990-05-20,12.0,15.5,74,8.00,116,1.85,6.0,8.0,5.0,57
1990-05-21,10.1,18.7,80,2.80,180,3.55,7.0,12.3,6.5,38
1990-05-22,13.5,18.4,67,7.10,128,2.62,14.0,12.7,4.9,38
1990-05-23,12.6,15.7,90,9.50,306,1.84,19.0,4.2,2.8,65
1990-05-24,10.7,13.4,95,10.00,256,0.98,9.0,8.6,4.8,84
1990-05-25,8.4,11.8,94,5.60,229,1.03,20.0,8.2,5.7,81
1990-05-26,11.9,19.5,83,4.10,127,2.96,11.0,8.0,4.1,40
1990-05-27,17.0,22.0,56,0.00,119,3.58,0.0,14.2,5.5,42
1990-05-28,15.1,18.6,90,4.40,16,1.60,18.0,5.6,3.6,70
1990-05-29,14.4,16.6,97,17.40,230,1.15,24.0,5.8,3.3,85
1990-05-30,15.8,21.1,77,4.90,200,3.82,14.0,6.6,4.4,44
1990-05-31,15.0,20.3,75,4.10,164,2.84,9.0,8.5,4.1,46
1990-06-01,10.6,16.5,80,6.50,237,1.49,12.0,9.4,7.2,61
1990-06-02,11.2,18.7,86,5.10,206,2.00,10.0,9.3,6.3,47
1990-06-03,13.9,19.3,78,8.40,129,1.88,9.0,9.6,5.9,47
1990-06-04,12.1,17.7,75,4.00,210,3.89,9.0,13.0,8.6,33
1990-06-05,13.4,19.8,50,0.00,225,5.00,0.0,12.6,5.9,31
1990-06-06,15.0,19.7,61,4.70,146,3.27,5.0,9.3,4.9,33
1990-06-07,12.7,18.5,78,7.60,227,3.62,12.0,14.1,8.3,39
1990-06-08,14.0,18.5,60,0.40,215,2.81,1.0,12.3,6.0,39
1990-06-09,15.5,19.5,75,3.00,139,3.07,11.0,8.3,4.4,57
1990-06-10,13.6,19.2,84,8.70,275,2.00,14.0,10.5,5.2,62
1990-06-11,9.2,14.1,82,3.40,209,1.74,12.0,15.4,9.6,50
1990-06-12,9.6,14.3,78,9.50,236,1.55,17.0,15.1,10.3,48
1990-06-13,11.4,18.8,85,2.10,317,2.57,8.0,9.2,5.0,49
1990-06-14,17.0,23.1,61,0.00,309,4.64,0.0,6.0,3.7,38
1990-06-15,19.7,25.2,57,0.00,205,5.21,0.0,6.5,4.7,35
1990-06-16,18.9,24.1,61,3.10,242,4.33,6.0,8.2,6.0,41
1990-06-17,16.1,22.6,79,2.30,276,4.19,3.0,6.3,3.2,47
1990-06-18,18.6,22.4,64,0.30,238,3.82,2.0,7.6,5.8,48
1990-06-19,17.4,22.2,68,0.90,239,3.75,3.0,11.3,6.9,53
1990-06-20,17.8,22.5,65,0.00,262,4.00,0.0,13.8,6.3,42
1990-06-21,20.2,27.6,57,0.00,81,5.40,0.0,4.2,2.5,34
1990-06-22,23.2,29.2,55,0.00,145,5.31,0.0,9.3,3.8,35
1990-06-23,23.0,27.8,64,0.00,216,5.40,0.0,8.5,6.4,36
1990-06-24,21.9,27.6,64,0.60,215,5.36,3.0,7.9,5.0,36
1990-06-25,21.7,27.1,56,0.00,218,5.38,0.0,9.7,5.7,30
1990-06-26,20.5,27.2,56,0.00,256,5.00,0.0,9.8,6.0,28
1990-06-27,19.1,24.3,58,0.30,228,4.92,1.0,9.5,5.5,36
1990-06-28,18.9,23.5,67,1.80,204,4.29,7.0,8.4,4.4,38
1990-06-29,20.3,28.3,67,0.20,151,4.71,1.0,12.7,5.6,36
1990-06-30,21.2,28.4,71,5.90,205,4.01,6.0,10.1,4.7,37
1990-07-01,18.9,23.4,73,1.30,272,3.34,2.0,5.6,3.4,48
1990-07-02,16.3,20.4,78,4.90,291,1.70,11.0,5.9,4.3,67
1990-07-03,13.9,21.3,72,1.50,206,3.48,3.0,7.6,6.1,37
1990-07-04,19.2,26.8,52,0.00,99,5.43,0.0,7.9,4.5,30
1990-07-05,22.2,27.3,52,1.10,18,4.41,2.0,7.9,4.4,31
1990-07-06,17.2,24.4,86,16.40,217,2.47,19.0,10.7,6.2,60
1990-07-07,16.6,20.8,69,0.10,234,2.49,1.0,10.9,4.2,54
1990-07-08,19.6,25.8,65,0.00,149,4.26,0.0,5.6,2.4,43
1990-07-09,22.0,29.0,62,0.00,222,5.50,0.0,5.7,3.7,32
1990-07-10,23.7,32.3,56,0.00,60,5.98,0.0,5.7,3.3,27
1990-07-11,27.2,35.0,48,0.00,140,6.53,0.0,11.4,4.2,24
1990-07-12,27.5,34.7,55,0.00,183,5.87,0.0,12.0,6.1,25
1990-07-13,25.6,32.5,58,0.40,265,6.02,1.0,7.8,5.3,33
1990-07-14,25.1,30.4,50,0.00,349,6.09,0.0,6.9,4.5,28
1990-07-15,25.3,32.7,45,0.00,213,5.91,0.0,8.4,3.4,25
1990-07-16,23.7,32.4,45,0.00,240,5.50,0.0,10.9,7.3,24
1990-07-17,21.5,27.8,46,0.00,268,4.70,0.0,8.0,5.0,26
1990-07-18,22.2,27.9,54,0.00,288,5.01,0.0,6.2,4.3,30
1990-07-19,21.9,27.9,56,0.00,349,5.48,0.0,8.0,6.1,29
1990-07-20,22.8,28.7,47,0.00,14,5.47,0.0,8.2,4.2,26
1990-07-21,24.8,30.8,39,0.00,54,5.89,0.0,7.1,3.6,22
1990-07-22,25.9,32.5,42,1.10,147,5.83,2.0,10.0,4.3,23
1990-07-23,23.9,29.9,57,0.00,192,3.94,0.0,10.5,4.8,32
1990-07-24,21.5,25.5,70,1.40,220,3.45,3.0,5.1,3.1,47
1990-07-25,19.7,25.0,82,2.70,295,2.22,5.0,6.5,3.9,47
1990-07-26,19.3,27.0,84,12.40,254,3.59,16.0,11.3,6.3,45
1990-07-27,20.7,27.3,62,0.70,264,5.07,1.0,10.4,6.1,35
1990-07-28,23.7,29.3,53,0.00,314,5.29,0.0,4.7,3.2,28
1990-07-29,24.9,30.6,51,0.00,71,5.07,0.0,5.6,3.3,28
1990-07-30,25.4,31.4,63,0.00,152,4.82,0.0,5.6,2.8,33
1990-07-31,24.9,30.1,64,0.00,273,4.82,0.0,6.5,3.3,33
1990-08-01,22.9,29.6,55,0.10,248,4.69,1.0,8.7,6.8,32
1990-08-02,20.3,26.3,56,0.00,260,4.73,0.0,8.2,6.0,36
1990-08-03,22.1,28.3,54,0.00,235,5.08,0.0,7.3,4.2,33
1990-08-04,25.3,32.4,52,0.00,90,5.43,0.0,8.7,4.1,27
1990-08-05,27.2,34.0,44,0.00,162,5.59,0.0,10.0,5.0,22
1990-08-06,26.2,33.8,46,0.00,224,5.93,0.0,10.4,6.8,22
1990-08-07,23.7,30.9,45,0.00,257,5.51,0.0,7.4,3.9,23
1990-08-08,25.0,30.7,50,0.00,253,4.89,0.0,6.9,4.0,23
1990-08-09,26.0,33.3,50,0.00,322,5.52,0.0,5.9,4.7,20
1990-08-10,27.8,33.9,43,0.00,359,5.20,0.0,6.8,3.9,21
1990-08-11,26.0,33.1,58,0.20,183,4.11,1.0,7.3,5.0,25
1990-08-12,25.9,33.2,63,0.00,167,4.65,0.0,7.4,4.2,28
1990-08-13,27.1,33.8,53,0.00,171,5.16,0.0,10.9,4.9,26
1990-08-14,25.3,33.3,58,0.00,225,5.11,0.0,10.2,5.7,27
1990-08-15,25.4,32.2,49,0.00,202,4.60,0.0,12.0,5.8,27
1990-08-16,21.9,29.1,54,0.00,236,3.53,0.0,7.5,5.3,32
1990-08-17,22.3,26.5,56,0.30,182,3.81,1.0,13.1,5.0,36
1990-08-18,21.0,24.5,66,0.00,146,3.26,0.0,6.2,2.4,45
1990-08-19,21.6,26.5,69,0.00,30,3.53,0.0,8.0,4.5,41
1990-08-20,23.1,28.1,64,0.00,94,3.01,0.0,6.4,2.0,44
1990-08-21,22.9,27.8,73,5.30,176,2.44,8.0,8.2,4.3,44
1990-08-22,19.5,24.6,77,3.40,213,3.47,9.0,16.2,8.2,37
1990-08-23,16.5,23.6,58,0.10,241,3.47,1.0,15.8,6.2,37
1990-08-24,17.3,20.4,57,0.00,20,3.10,0.0,6.2,3.6,38
1990-08-25,15.1,19.8,76,6.00,45,2.14,13.0,4.9,3.8,45
1990-08-26,14.5,19.3,77,2.70,20,2.45,8.0,3.6,1.7,45
1990-08-27,18.4,23.9,58,0.00,128,3.86,0.0,6.7,3.3,36
1990-08-28,20.6,27.6,61,0.00,201,4.31,0.0,7.3,5.6,31
1990-08-29,22.1,27.1,61,0.00,209,3.65,0.0,6.6,4.5,33
1990-08-30,17.5,24.1,79,9.00,221,2.99,10.0,15.0,8.1,48
1990-08-31,17.3,22.4,69,3.00,201,3.66,10.0,14.0,8.3,43
1990-09-01,18.0,22.5,64,0.20,199,2.98,1.0,11.2,5.0,42
1990-09-02,18.4,23.2,68,0.00,265,2.92,0.0,4.7,2.5,38
1990-09-03,19.8,23.8,60,0.00,3,3.74,0.0,8.9,5.4,34
1990-09-04,19.1,25.8,55,0.00,353,4.01,0.0,6.7,4.0,28
1990-09-05,21.8,30.2,61,0.00,207,4.33,0.0,9.1,3.9,23
1990-09-06,22.8,29.6,51,0.00,234,4.36,0.0,7.2,4.6,24
1990-09-07,23.3,29.6,55,0.00,222,4.11,0.0,5.7,3.7,26
1990-09-08,23.5,29.0,55,0.00,222,3.93,0.0,7.1,3.8,27
1990-09-09,22.9,28.3,64,0.20,253,3.73,1.0,6.3,3.9,34
1990-09-10,23.5,29.6,65,0.00,227,3.82,0.0,5.7,3.3,29
1990-09-11,22.9,30.0,59,0.00,211,4.08,0.0,7.2,4.3,22
1990-09-12,20.0,29.5,55,1.50,260,3.65,2.0,9.8,7.8,22
1990-09-13,17.6,24.1,73,0.10,270,3.24,1.0,4.5,3.1,32
1990-09-14,18.9,26.0,60,0.00,12,3.59,0.0,5.5,3.6,28
1990-09-15,20.0,25.7,65,0.00,313,2.49,0.0,5.7,3.5,29
1990-09-16,15.4,21.5,89,13.20,199,1.20,22.0,9.5,5.8,64
1990-09-17,15.8,21.3,80,1.60,230,2.38,3.0,5.6,3.7,47
1990-09-18,18.2,23.9,72,0.00,144,3.01,0.0,7.6,4.5,41
1990-09-19,18.6,23.2,60,0.00,289,3.38,0.0,11.5,7.2,31
1990-09-20,16.7,22.3,53,0.00,310,3.32,0.0,10.0,5.6,31
1990-09-21,19.2,24.9,59,0.00,312,3.14,0.0,8.4,4.6,35
1990-09-22,19.6,27.1,66,0.00,88,3.13,0.0,6.1,2.4,35
1990-09-23,21.3,28.6,60,0.00,198,3.41,0.0,8.1,5.1,31
1990-09-24,21.1,27.8,60,0.00,243,3.25,0.0,6.5,4.5,32
1990-09-25,20.5,26.5,65,0.00,283,3.04,0.0,7.1,4.2,36
1990-09-26,18.6,24.9,62,0.00,313,2.86,0.0,7.2,5.4,28
1990-09-27,18.2,22.5,58,0.00,343,2.94,0.0,7.2,4.4,27
1990-09-28,17.8,25.0,61,0.00,141,2.68,0.0,6.2,2.9,26
1990-09-29,19.8,23.2,53,0.00,238,2.99,0.0,10.8,7.0,36
1990-09-30,16.6,21.2,62,0.00,284,2.40,0.0,7.5,4.7,40
1990-10-01,15.3,20.3,67,0.50,194,1.75,3.0,17.4,6.8,36
1990-10-02,10.7,15.9,58,0.30,239,2.59,2.0,15.8,10.9,33
1990-10-03,8.2,13.0,78,8.80,206,0.86,15.0,10.1,7.2,43
1990-10-04,11.8,16.9,95,11.40,188,1.10,24.0,13.7,9.2,81
1990-10-05,7.6,12.0,84,4.00,271,1.51,12.0,10.1,6.4,51
1990-10-06,7.0,10.4,68,0.90,293,1.50,5.0,6.9,5.5,40
1990-10-07,8.6,13.1,54,0.00,229,1.91,0.0,6.8,4.2,35
1990-10-08,9.2,16.2,66,0.00,230,1.93,0.0,8.9,5.5,43
1990-10-09,11.7,15.4,68,0.20,207,1.25,1.0,12.7,6.7,53
1990-10-10,8.5,12.9,76,5.80,283,1.60,11.0,14.0,8.2,36
1990-10-11,8.6,11.2,59,0.40,212,1.40,2.0,13.0,6.2,38
1990-10-12,6.7,12.0,77,3.50,200,1.54,12.0,15.6,8.6,46
1990-10-13,7.3,11.2,66,0.60,231,1.72,4.0,12.2,8.2,37
1990-10-14,6.3,9.3,70,2.10,227,1.11,8.0,10.5,4.8,47
1990-10-15,5.0,9.5,94,14.60,37,0.74,24.0,4.1,2.5,76
1990-10-16,5.1,8.5,84,3.70,275,1.20,12.0,8.2,5.8,56
1990-10-17,5.4,8.0,80,1.60,160,0.61,9.0,9.8,5.1,51
1990-10-18,5.3,11.6,87,4.00,173,1.18,11.0,10.8,7.2,68
1990-10-19,5.6,9.1,77,0.90,249,1.19,7.0,10.0,6.5,67
1990-10-20,5.3,9.4,81,0.20,234,1.19,1.0,7.3,4.4,55
1990-10-21,5.1,8.9,89,10.10,151,0.52,20.0,8.6,6.4,62
1990-10-22,5.0,9.0,82,0.50,226,1.06,3.0,10.2,6.9,59
1990-10-23,6.7,10.0,84,1.20,174,0.87,9.0,7.6,3.5,67
1990-10-24,6.8,13.7,81,0.00,146,1.18,0.0,8.2,7.2,56
1990-10-25,8.1,13.9,82,1.50,165,0.98,4.0,11.0,8.1,62
1990-10-26,7.9,11.9,84,3.10,202,1.10,9.0,12.3,8.5,59
1990-10-27,8.1,14.2,79,0.00,136,1.13,0.0,10.7,6.5,55
1990-10-28,8.3,13.0,79,2.60,187,1.08,9.0,10.5,8.0,60
1990-10-29,6.7,10.9,82,1.30,173,1.04,5.0,14.3,7.6,50
1990-10-30,7.1,11.0,89,11.50,162,0.84,23.0,12.1,6.5,55
1990-10-31,6.7,9.5,89,1.00,280,0.59,6.0,6.0,3.8,74
1990-11-01,4.5,7.1,74,0.10,288,0.93,1.0,10.6,6.6,41
1990-11-02,5.3,7.9,59,0.00,259,0.90,0.0,5.0,2.5,43
1990-11-03,3.5,6.3,75,1.60,144,0.47,9.0,8.4,5.3,60
1990-11-04,3.7,7.2,86,1.50,166,0.62,4.0,6.8,4.7,74
1990-11-05,3.8,5.8,86,0.80,296,0.81,4.0,13.1,6.8,49
1990-11-06,1.8,5.7,61,0.00,273,0.93,0.0,8.7,4.3,51
1990-11-07,2.9,7.6,73,2.90,172,0.63,9.0,9.7,6.9,61
1990-11-08,5.2,8.1,74,0.50,224,0.74,4.0,10.6,7.7,54
1990-11-09,5.1,8.9,86,23.90,186,0.35,21.0,7.6,4.5,61
1990-11-10,8.7,10.0,89,15.30,198,0.32,19.0,7.7,6.2,84
1990-11-11,8.3,12.6,94,10.20,173,0.50,15.0,9.1,7.9,82
1990-11-12,7.1,11.6,93,0.00,179,0.63,0.0,8.9,6.5,79
1990-11-13,7.1,10.2,91,9.30,176,0.39,18.0,9.3,7.3,81
1990-11-14,3.1,7.1,85,0.40,201,0.68,2.0,11.4,8.1,62
1990-11-15,4.2,8.0,83,0.40,184,0.72,4.0,10.7,7.6,59
1990-11-16,4.2,8.0,85,0.20,151,0.49,2.0,10.0,7.1,74
1990-11-17,5.9,8.6,86,1.70,177,0.57,6.0,7.1,6.3,79
1990-11-18,3.7,6.5,85,0.10,247,0.55,1.0,6.1,4.4,62
1990-11-19,2.4,4.6,83,4.30,174,0.43,17.0,9.3,6.3,68
1990-11-20,1.4,3.5,84,5.50,230,0.45,19.0,8.0,5.3,72
1990-11-21,0.4,2.8,82,2.50,205,0.33,9.0,8.0,5.4,66
1990-11-22,4.1,7.8,83,11.20,200,0.43,16.0,10.7,7.7,60
1990-11-23,6.1,8.2,87,12.90,184,0.40,24.0,13.7,9.1,76
1990-11-24,3.9,8.2,88,17.40,280,0.23,19.0,14.2,8.5,84
1990-11-25,-1.4,0.6,86,5.80,316,0.35,9.0,7.9,5.8,76
1990-11-26,-6.3,-2.9,80,0.00,278,0.36,0.0,7.9,5.0,60
1990-11-27,-1.9,0.2,87,1.30,207,0.36,9.0,9.7,5.4,69
1990-11-28,-1.0,2.2,87,0.00,199,0.29,0.0,9.0,6.5,62
1990-11-29,1.2,4.2,85,9.10,177,0.40,18.0,14.3,9.5,61
1990-11-30,-2.5,1.9,70,0.00,221,0.53,0.0,12.1,8.9,61
1990-12-01,-1.9,-0.1,88,5.10,136,0.25,17.0,8.3,5.1,59
1990-12-02,-3.4,-1.0,77,2.50,220,0.34,11.0,9.2,6.4,57
1990-12-03,-2.4,1.6,87,5.70,140,0.21,20.0,7.7,6.0,78
1990-12-04,2.3,4.1,89,10.30,159,0.35,22.0,10.4,8.4,83
1990-12-05,1.3,4.1,72,1.80,217,0.61,2.0,15.4,8.9,64
1990-12-06,-0.1,0.9,90,0.00,179,0.32,0.0,6.9,5.4,82
1990-12-07,-3.3,-0.8,93,0.00,159,0.32,0.0,8.2,6.5,82
1990-12-08,-2.1,1.5,91,3.30,160,0.24,13.0,8.7,6.9,83
1990-12-09,2.9,3.6,97,17.10,155,0.20,24.0,5.7,2.4,91
1990-12-10,4.1,5.9,94,6.10,282,0.38,20.0,2.6,2.1,82
1990-12-11,3.0,5.9,87,2.20,270,0.36,11.0,6.2,4.3,70
1990-12-12,-0.5,3.2,89,2.20,80,0.31,15.0,4.1,2.3,71
1990-12-13,-2.4,-0.4,88,1.70,166,0.32,9.0,7.0,4.1,80
1990-12-14,-4.7,-0.1,91,0.00,159,0.23,0.0,8.2,6.4,75
1990-12-15,-5.8,-2.2,86,3.10,148,0.17,8.0,7.6,5.8,80
1990-12-16,-1.5,0.3,75,1.50,262,0.28,4.0,5.5,3.6,65
1990-12-17,-1.6,0.6,86,5.40,181,0.16,15.0,9.4,6.4,67
1990-12-18,-4.8,3.0,77,5.30,296,0.27,7.0,12.0,9.7,67
1990-12-19,-19.2,-14.7,78,0.40,322,0.15,4.0,13.0,10.5,72
1990-12-20,-22.7,-20.3,82,0.00,326,0.10,0.0,8.9,8.1,76
1990-12-21,-19.3,-16.1,78,0.00,329,0.16,0.0,8.1,4.7,62
1990-12-22,-16.8,-13.5,79,0.00,333,0.17,0.0,5.2,3.8,66
1990-12-23,-14.0,-9.9,83,0.00,311,0.19,0.0,4.9,3.0,72
1990-12-24,-8.7,-5.9,85,0.80,284,0.19,8.0,4.7,3.9,71
1990-12-25,-7.7,-4.4,86,2.50,261,0.17,11.0,5.3,2.8,72
1990-12-26,-5.1,-4.2,88,1.40,223,0.18,6.0,8.3,3.7,75
1990-12-27,-4.8,-1.5,82,3.60,169,0.22,15.0,7.6,5.2,77
1990-12-28,-17.5,-3.5,65,0.00,311,0.23,0.0,13.0,11.3,54
1990-12-29,-26.3,-20.4,69,0.00,297,0.12,0.0,8.2,4.1,51
1990-12-30,-19.2,-15.6,70,1.60,165,0.13,7.0,6.3,4.2,58
1990-12-31,-12.5,-5.1,74,6.30,152,0.21,20.0,6.5,5.5,63
1991-01-01,-6.3,-4.7,82,6.90,333,0.28,19.0,5.0,3.5,69
1991-01-02,-10.5,-5.3,79,0.00,318,0.27,0.0,6.4,4.4,59
1991-01-03,-13.6,-8.6,75,0.00,316,0.23,0.0,6.2,5.0,57
1991-01-04,-17.2,-12.5,73,0.00,306,0.22,0.0,6.3,5.1,48
1991-01-05,-19.8,-14.9,70,0.00,305,0.19,0.0,6.8,5.4,47
1991-01-06,-19.9,-14.7,67,0.00,314,0.16,0.0,7.2,4.3,54
1991-01-07,-14.1,-11.9,75,3.90,326,0.14,18.0,4.7,3.9,64
1991-01-08,-12.6,-9.9,79,4.70,336,0.19,21.0,5.2,4.5,73
1991-01-09,-9.5,-6.1,79,2.90,329,0.19,15.0,4.7,2.9,74
1991-01-10,-5.4,-1.2,84,1.60,254,0.28,9.0,2.9,1.9,70
1991-01-11,-2.9,-0.7,83,0.90,170,0.28,6.0,5.8,3.9,71
1991-01-12,0.4,2.8,91,5.70,166,0.33,14.0,8.6,6.7,84
1991-01-13,3.4,7.0,83,0.10,180,0.43,1.0,10.4,8.0,73
1991-01-14,3.9,5.5,80,1.40,195,0.34,5.0,8.8,6.6,74
1991-01-15,2.9,6.9,83,0.30,202,0.50,2.0,7.8,5.8,59
1991-01-16,3.1,6.5,80,2.30,209,0.37,10.0,5.8,4.8,61
1991-01-17,3.4,6.0,82,0.10,202,0.49,1.0,6.3,4.7,72
1991-01-18,3.0,4.2,85,6.20,197,0.46,8.0,15.9,7.3,77
1991-01-19,-2.1,1.9,70,0.20,309,0.64,1.0,15.4,6.9,56
1991-01-20,-7.2,-0.6,75,0.00,300,0.46,0.0,5.0,3.7,57
1991-01-21,-7.5,0.5,73,0.00,277,0.49,0.0,4.8,3.9,54
1991-01-22,-4.6,1.1,75,0.00,286,0.54,0.0,6.5,5.0,57
1991-01-23,-5.1,-0.2,75,0.00,291,0.52,0.0,5.5,3.0,58
1991-01-24,-3.7,-0.2,76,0.00,295,0.43,0.0,7.9,5.7,59
1991-01-25,-5.4,-2.1,81,0.00,328,0.40,0.0,5.9,4.4,67
1991-01-26,-7.0,-1.7,74,0.00,284,0.51,0.0,5.6,3.4,51
1991-01-27,-6.5,-2.0,70,0.00,263,0.53,0.0,6.6,4.3,53
1991-01-28,-6.6,-1.2,69,0.00,294,0.57,0.0,11.4,8.6,48
1991-01-29,-10.1,-3.2,64,0.00,256,0.52,0.0,6.4,3.9,44
1991-01-30,-7.9,-2.0,69,0.00,259,0.45,0.0,5.4,4.0,48
1991-01-31,-3.6,-0.9,69,0.10,164,0.42,1.0,7.0,5.5,54
1991-02-01,-0.8,4.0,84,1.40,153,0.42,11.0,10.8,7.4,74
1991-02-02,3.0,6.0,84,5.10,147,0.59,17.0,11.3,7.9,75
1991-02-03,4.7,5.9,89,1.70,169,0.39,9.0,9.7,6.9,84
1991-02-04,4.2,6.6,90,6.50,150,0.41,21.0,11.0,7.9,84
1991-02-05,4.3,7.8,87,1.50,187,0.79,5.0,9.0,7.9,49
1991-02-06,2.8,6.9,75,0.00,165,0.81,0.0,8.2,4.7,53
1991-02-07,2.7,6.6,84,0.00,163,0.51,0.0,9.6,6.8,74
1991-02-08,5.4,6.9,83,3.50,133,0.48,11.0,5.0,2.2,74
1991-02-09,3.7,8.9,83,0.00,235,0.97,0.0,3.1,1.9,62
1991-02-10,2.8,8.0,82,0.00,213,0.87,0.0,4.4,3.1,70
1991-02-11,3.1,6.4,81,0.00,209,0.69,0.0,4.1,2.7,70
1991-02-12,4.1,7.6,85,2.30,186,0.83,8.0,7.3,5.9,72
1991-02-13,4.0,8.7,82,0.00,221,1.05,0.0,7.3,4.3,64
1991-02-14,4.9,8.9,83,3.40,147,0.71,11.0,6.5,3.8,64
1991-02-15,4.3,7.8,89,1.10,168,0.60,5.0,6.7,5.6,77
1991-02-16,5.0,7.6,85,0.30,214,0.86,2.0,8.2,6.0,67
1991-02-17,3.6,6.3,75,0.00,226,1.08,0.0,8.2,5.7,63
1991-02-18,3.7,6.4,78,1.10,207,0.85,6.0,9.5,5.1,64
1991-02-19,3.3,7.5,88,6.10,165,0.87,18.0,9.7,6.7,69
1991-02-20,6.0,8.6,73,0.50,208,1.05,3.0,11.9,9.0,59
1991-02-21,2.8,6.3,73,0.00,234,1.21,0.0,13.2,5.9,63
1991-02-22,4.3,7.5,73,0.10,247,1.24,1.0,7.2,4.9,57
1991-02-23,3.4,9.8,70,0.00,271,1.41,0.0,6.0,4.1,48
1991-02-24,2.3,9.3,74,0.00,292,1.32,0.0,5.2,3.7,51
1991-02-25,2.0,8.7,76,0.00,302,1.43,0.0,4.2,2.7,50
1991-02-26,2.4,8.4,74,0.00,317,1.47,0.0,4.7,2.7,54
1991-02-27,3.6,9.6,78,0.00,289,1.53,0.0,3.3,2.4,55
1991-02-28,2.4,9.1,83,3.80,312,0.65,9.0,12.5,5.6,61
1991-03-01,-2.8,0.9,77,6.90,9,0.73,24.0,12.1,9.0,59
1991-03-02,-3.4,1.0,81,6.00,116,0.72,21.0,10.6,6.6,68
1991-03-03,-0.6,2.8,88,6.40,159,0.62,16.0,9.8,6.7,75
1991-03-04,2.0,3.6,74,4.60,250,0.97,13.0,11.4,6.8,60
1991-03-05,-4.5,1.3,71,0.00,270,1.20,0.0,11.1,6.0,49
1991-03-06,-2.0,2.2,68,0.00,254,1.30,0.0,7.4,5.2,50
1991-03-07,-0.2,4.7,65,0.00,248,1.24,0.0,14.9,7.4,40
1991-03-08,1.0,4.8,73,0.10,231,1.49,1.0,9.9,6.9,57
1991-03-09,1.9,6.9,77,0.00,169,1.47,0.0,14.4,7.4,56
1991-03-10,3.3,5.1,83,5.40,219,1.22,16.0,9.1,4.8,63
1991-03-11,1.0,3.6,75,0.60,203,1.28,3.0,10.1,6.7,50
1991-03-12,1.2,6.5,78,3.90,136,1.39,14.0,6.5,3.6,50
1991-03-13,2.5,6.3,71,0.00,253,1.76,0.0,4.5,2.8,49
1991-03-14,1.6,6.6,74,0.00,231,1.66,0.0,5.9,3.1,52
1991-03-15,2.1,6.4,72,0.00,253,1.60,0.0,4.3,2.9,50
1991-03-16,1.9,7.4,70,0.00,152,1.74,0.0,4.0,1.6,44
1991-03-17,3.6,9.0,60,0.00,243,2.06,0.0,3.3,1.8,36
1991-03-18,2.6,8.7,65,0.00,196,2.01,0.0,5.2,2.8,41
1991-03-19,6.3,9.8,70,0.20,170,1.61,1.0,5.4,2.9,47
1991-03-20,5.6,8.8,82,4.40,261,1.30,15.0,5.0,3.5,69
1991-03-21,4.4,8.3,80,0.00,188,1.92,0.0,5.6,3.6,60
1991-03-22,5.1,9.2,71,0.20,229,1.89,2.0,9.2,5.7,48
1991-03-23,3.2,7.6,70,0.00,159,1.61,0.0,6.2,3.1,37
1991-03-24,4.5,8.5,71,0.00,351,1.57,0.0,9.4,6.0,46
1991-03-25,0.4,6.1,74,1.40,321,1.17,5.0,11.5,7.7,62
1991-03-26,-0.1,3.6,69,0.00,327,1.94,0.0,9.7,5.9,41
1991-03-27,0.5,6.9,67,0.00,239,2.11,0.0,4.7,2.9,36
1991-03-28,4.6,8.2,63,0.30,240,2.16,2.0,11.3,7.9,50
1991-03-29,4.7,9.6,68,0.00,225,2.05,0.0,9.9,7.3,54
1991-03-30,6.4,10.7,70,0.00,216,2.44,0.0,10.1,6.4,60
1991-03-31,7.5,14.7,74,0.00,166,2.66,0.0,7.5,4.9,51
1991-04-01,9.2,14.7,73,0.30,214,2.50,2.0,6.3,4.8,55
1991-04-02,6.5,14.1,81,0.50,225,1.69,2.0,6.9,4.7,59
1991-04-03,4.8,7.4,80,2.00,171,1.30,10.0,21.1,9.1,64
1991-04-04,5.2,8.8,87,14.80,185,1.38,24.0,10.2,7.1,73
1991-04-05,6.5,9.7,85,20.40,181,1.57,24.0,12.4,5.9,58
1991-04-06,4.2,7.8,64,0.00,212,2.52,0.0,10.2,6.3,55
1991-04-07,5.1,8.0,69,0.40,197,2.33,3.0,6.9,4.8,51
1991-04-08,4.0,8.2,67,0.40,201,2.47,1.0,11.1,6.5,45
1991-04-09,3.9,7.7,77,2.90,167,1.86,11.0,13.2,7.2,47
1991-04-10,2.2,6.2,73,0.70,284,1.48,6.0,17.3,9.8,48
1991-04-11,3.3,8.9,69,0.00,309,2.71,0.0,11.2,5.7,55
1991-04-12,5.8,13.7,62,0.00,274,3.26,0.0,5.4,2.9,31
1991-04-13,7.8,14.6,66,0.00,199,3.20,0.0,5.8,4.2,41
1991-04-14,7.5,14.0,71,0.20,260,2.02,2.0,7.8,4.6,51
1991-04-15,7.1,12.9,81,3.60,341,2.20,11.0,6.6,3.3,52
1991-04-16,7.6,11.9,68,0.30,331,2.76,1.0,7.3,4.4,54
1991-04-17,8.3,14.4,60,0.00,317,3.31,0.0,6.1,3.8,40
1991-04-18,9.7,16.6,53,0.00,289,3.67,0.0,5.7,2.8,28
1991-04-19,9.7,17.5,60,0.00,240,3.61,0.0,4.3,2.7,32
1991-04-20,11.1,19.3,64,0.00,280,3.87,0.0,5.9,3.2,29
1991-04-21,11.9,21.0,58,0.00,289,4.06,0.0,4.3,2.7,25
1991-04-22,12.1,20.7,62,0.00,255,3.98,0.0,7.2,5.0,28
1991-04-23,11.3,19.4,65,0.00,238,3.42,0.0,9.0,5.8,34
1991-04-24,10.0,16.3,80,10.20,195,1.45,17.0,6.9,5.0,46
1991-04-25,5.6,11.2,79,0.90,225,2.48,3.0,7.1,4.1,47
1991-04-26,7.1,11.0,60,0.30,246,2.65,2.0,9.0,6.0,41
1991-04-27,7.8,12.8,61,0.40,281,3.06,4.0,10.4,6.4,35
1991-04-28,7.9,13.4,62,0.20,254,3.11,1.0,9.1,6.5,39
1991-04-29,7.0,14.8,77,1.60,305,2.75,5.0,9.4,6.1,36
1991-04-30,10.8,17.1,61,0.00,336,3.68,0.0,5.4,2.6,33
1991-05-01,11.9,16.6,54,0.00,7,3.78,0.0,10.5,5.1,32
1991-05-02,12.2,17.9,46,0.00,354,4.31,0.0,8.0,5.6,28
1991-05-03,12.6,18.6,55,0.00,3,3.97,0.0,5.5,2.5,29
1991-05-04,11.8,18.0,72,3.40,183,2.70,13.0,8.4,5.7,36
1991-05-05,10.6,16.0,82,3.50,203,1.61,12.0,9.7,4.4,62
1991-05-06,10.3,14.2,87,6.50,203,2.15,21.0,7.6,4.6,71
1991-05-07,9.0,14.5,87,8.30,177,2.07,18.0,16.3,5.8,57
1991-05-08,8.7,13.7,89,17.80,167,1.23,20.0,16.0,5.5,65
1991-05-09,7.2,11.3,82,8.30,230,1.57,24.0,10.9,7.6,56
1991-05-10,9.4,18.2,79,4.30,300,2.78,7.0,7.6,5.1,45
1991-05-11,13.9,23.2,64,0.00,5,4.67,0.0,6.9,3.5,37
1991-05-12,15.2,22.9,75,3.70,228,2.41,13.0,10.2,5.5,38
1991-05-13,11.0,17.0,68,2.40,242,2.91,11.0,9.7,7.6,39
1991-05-14,11.1,17.0,64,0.60,256,3.72,3.0,9.7,6.9,36
1991-05-15,11.7,18.6,57,0.00,228,4.02,0.0,10.0,5.8,35
1991-05-16,13.6,18.4,62,0.60,182,2.57,2.0,7.5,4.3,36
1991-05-17,12.7,21.6,79,2.20,350,2.72,7.0,7.4,4.9,50
1991-05-18,16.1,21.6,77,0.20,298,3.35,2.0,6.9,4.9,53
1991-05-19,15.5,22.2,84,4.20,248,3.02,6.0,8.6,3.9,58
1991-05-20,13.7,23.1,84,7.80,179,4.07,7.0,10.5,6.2,46
1991-05-21,15.3,22.7,63,0.00,244,3.76,0.0,11.3,7.7,34
1991-05-22,14.1,19.6,51,0.50,241,4.69,3.0,12.7,8.4,34
1991-05-23,13.2,18.8,50,0.00,259,4.28,0.0,12.2,5.6,33
1991-05-24,11.8,18.0,76,13.30,76,1.94,20.0,6.0,3.4,37
1991-05-25,10.1,14.4,77,4.70,227,3.07,11.0,8.9,5.8,54
1991-05-26,11.0,17.7,72,2.70,256,3.47,15.0,7.2,4.8,46
1991-05-27,14.1,19.0,65,0.90,254,3.83,3.0,6.0,3.3,46
1991-05-28,15.0,20.4,69,1.60,240,4.01,5.0,5.5,3.6,48
1991-05-29,14.9,20.2,70,0.50,181,3.91,3.0,11.5,5.8,41
1991-05-30,14.4,19.3,72,1.50,248,3.03,7.0,9.1,5.7,47
1991-05-31,14.5,22.1,58,0.00,236,4.70,0.0,10.4,7.4,35
1991-06-01,16.6,23.0,50,0.00,234,5.42,0.0,10.5,6.4,31
1991-06-02,18.2,23.2,51,0.00,240,4.73,0.0,12.2,5.7,31
1991-06-03,12.4,20.8,51,0.20,245,4.57,1.0,13.0,9.2,30
1991-06-04,11.0,17.3,48,0.10,240,4.59,1.0,12.7,5.5,30
1991-06-05,14.6,22.6,52,0.00,357,5.21,0.0,12.0,7.1,32
1991-06-06,18.5,22.5,54,0.00,283,3.27,0.0,8.3,4.1,33
1991-06-07,14.6,20.4,89,5.00,195,2.07,11.0,9.2,5.6,63
1991-06-08,13.0,17.2,77,3.40,218,1.86,12.0,10.7,6.4,61
1991-06-09,16.7,25.1,60,0.00,204,4.90,0.0,11.3,5.9,37
1991-06-10,18.9,25.0,63,0.30,185,3.80,2.0,12.0,7.8,38
1991-06-11,16.4,21.1,76,7.90,225,4.27,10.0,17.4,8.5,33
1991-06-12,12.8,18.1,56,0.60,223,4.50,2.0,16.1,9.2,33
1991-06-13,11.9,17.1,59,1.50,228,4.07,5.0,10.8,6.3,45
1991-06-14,12.6,18.0,57,1.00,225,3.92,2.0,12.8,8.5,36
1991-06-15,14.8,20.2,52,0.10,213,4.70,1.0,12.8,6.5,37
1991-06-16,12.6,18.1,79,8.10,249,2.98,14.0,9.7,4.7,54
1991-06-17,12.2,18.7,69,1.70,224,2.97,4.0,8.9,6.0,45
1991-06-18,16.2,22.4,62,0.00,151,4.66,0.0,5.5,2.5,36
1991-06-19,17.5,24.6,65,0.00,4,4.67,0.0,10.3,5.5,36
1991-06-20,17.0,22.8,82,9.50,4,2.36,20.0,7.3,5.5,46
1991-06-21,14.5,19.8,88,8.70,179,2.47,16.0,6.1,3.7,69
1991-06-22,15.4,19.1,76,0.00,158,3.20,0.0,6.8,4.4,52
1991-06-23,16.4,20.2,69,0.60,187,3.63,3.0,6.8,4.1,57
1991-06-24,16.9,22.1,71,0.90,287,3.90,3.0,4.6,2.8,44
1991-06-25,17.7,21.8,70,4.80,266,3.94,7.0,7.6,3.9,45
1991-06-26,17.0,21.0,72,1.80,222,3.56,4.0,7.4,4.6,52
1991-06-27,17.7,23.8,71,0.00,184,4.22,0.0,5.6,3.4,45
1991-06-28,20.0,26.3,66,0.00,159,4.88,0.0,6.7,2.8,37
1991-06-29,20.0,24.5,70,1.90,167,3.50,4.0,7.6,4.4,46
1991-06-30,17.0,22.0,66,0.00,232,3.20,0.0,9.7,6.6,40
1991-07-01,19.2,26.4,54,0.00,217,5.43,0.0,8.0,5.3,36
1991-07-02,22.8,31.4,58,0.00,181,5.93,0.0,9.6,5.3,32
1991-07-03,25.0,32.6,56,0.00,206,6.54,0.0,12.4,7.1,23
1991-07-04,23.7,31.8,42,0.00,251,6.54,0.0,12.9,7.9,22
1991-07-05,21.1,28.2,43,0.00,240,6.41,0.0,19.8,9.4,27
1991-07-06,15.9,22.8,55,0.00,320,3.59,0.0,19.2,8.1,28
1991-07-07,18.1,26.8,55,0.00,108,4.95,0.0,7.8,3.1,30
1991-07-08,22.1,28.2,49,0.00,225,5.60,0.0,6.2,4.1,30
1991-07-09,23.4,29.6,46,0.00,237,5.67,0.0,5.8,3.9,24
1991-07-10,22.4,29.3,51,0.00,230,5.38,0.0,9.0,6.2,25
1991-07-11,22.2,28.3,56,0.00,195,5.12,0.0,10.4,5.5,31
1991-07-12,24.0,30.2,51,0.00,212,4.92,0.0,11.3,5.2,31
1991-07-13,23.1,30.1,61,4.60,219,3.95,4.0,9.8,4.9,33
1991-07-14,19.3,26.1,52,0.10,218,5.51,1.0,13.1,6.8,32
1991-07-15,19.7,26.4,59,0.90,220,2.94,4.0,8.6,4.5,32
1991-07-16,18.1,21.0,76,2.40,197,2.55,9.0,6.8,3.6,59
1991-07-17,16.8,22.2,83,5.00,205,3.49,14.0,9.2,6.5,41
1991-07-18,18.2,23.9,54,0.00,239,4.24,0.0,8.9,5.5,33
1991-07-19,19.8,25.7,50,0.00,268,4.82,0.0,6.7,4.6,28
1991-07-20,20.3,26.3,47,0.00,239,5.31,0.0,10.0,6.2,28
1991-07-21,19.9,25.4,58,0.30,262,3.63,2.0,7.6,4.6,32
1991-07-22,21.7,29.1,51,0.00,358,5.63,0.0,7.5,4.3,26
1991-07-23,24.3,33.1,44,0.00,14,6.02,0.0,7.5,4.2,26
1991-07-24,28.0,33.2,43,0.00,104,5.33,0.0,9.2,3.6,27
1991-07-25,22.8,30.0,71,1.80,227,4.20,8.0,9.8,6.2,36
1991-07-26,20.3,26.6,50,0.00,229,5.16,0.0,11.7,7.4,27
1991-07-27,21.2,26.5,52,0.00,242,4.04,0.0,10.7,6.5,27
1991-07-28,22.4,28.6,50,0.00,230,5.24,0.0,10.8,6.9,26
1991-07-29,22.4,27.7,47,0.00,237,5.26,0.0,17.2,8.5,28
1991-07-30,20.7,27.9,52,0.00,261,5.53,0.0,13.7,5.7,28
1991-07-31,23.2,30.1,49,0.60,209,5.38,1.0,8.7,5.1,25
1991-08-01,23.4,28.4,52,0.30,309,4.94,1.0,8.5,4.9,30
1991-08-02,23.7,29.6,48,0.00,211,5.15,0.0,8.8,5.2,23
1991-08-03,25.1,32.6,44,0.00,172,5.62,0.0,8.8,4.9,22
1991-08-04,26.4,34.0,47,0.00,203,5.67,0.0,9.0,4.8,21
1991-08-05,25.5,33.2,44,0.20,235,5.52,1.0,12.7,5.9,22
1991-08-06,23.0,27.5,65,1.50,154,3.99,2.0,9.4,5.1,39
1991-08-07,21.2,25.9,78,6.30,154,3.61,6.0,11.4,5.2,56
1991-08-08,24.2,30.7,64,0.00,160,4.41,0.0,12.2,6.7,37
1991-08-09,24.6,31.2,61,1.90,259,4.67,2.0,9.5,4.8,37
1991-08-10,18.6,24.2,81,4.10,278,2.06,12.0,10.1,5.6,58
1991-08-11,17.5,21.7,76,3.10,308,3.16,4.0,6.9,3.6,50
1991-08-12,18.1,21.5,75,1.20,174,2.77,3.0,4.7,2.2,54
1991-08-13,18.6,22.2,76,1.70,322,3.01,5.0,3.7,2.2,59
1991-08-14,19.2,23.5,77,2.10,1,2.86,8.0,6.7,3.0,49
1991-08-15,22.0,28.7,67,0.00,335,4.17,0.0,4.4,2.4,40
1991-08-16,25.1,31.5,64,0.00,203,4.50,0.0,4.7,2.8,36
1991-08-17,24.9,30.9,67,0.00,177,4.29,0.0,7.0,3.1,36
1991-08-18,24.3,32.2,68,0.00,213,4.56,0.0,8.3,4.1,30
1991-08-19,25.8,32.2,50,0.00,219,5.54,0.0,9.7,6.7,26
1991-08-20,25.0,31.9,49,0.00,234,5.43,0.0,11.5,6.9,27
1991-08-21,24.8,32.1,50,0.00,230,5.35,0.0,10.0,6.4,25
1991-08-22,24.5,31.8,46,0.00,233,5.30,0.0,9.7,6.0,24
1991-08-23,23.6,30.5,48,0.00,235,5.16,0.0,12.3,7.6,26
1991-08-24,19.0,26.5,50,0.00,246,4.36,0.0,12.9,6.7,27
1991-08-25,18.2,23.8,53,0.00,278,3.83,0.0,7.1,5.0,28
1991-08-26,17.0,23.4,56,1.90,204,2.37,6.0,8.0,6.2,27
1991-08-27,14.7,16.3,93,12.60,120,0.89,21.0,6.0,3.6,88
1991-08-28,15.8,18.5,93,4.60,183,1.40,12.0,8.9,5.1,75
1991-08-29,15.2,22.1,87,4.40,154,1.78,16.0,18.8,8.4,57
1991-08-30,20.5,28.2,63,0.00,158,4.31,0.0,17.7,9.9,30
1991-08-31,19.7,26.7,68,4.10,277,2.37,7.0,10.3,4.1,35
1991-09-01,16.2,21.5,71,7.40,257,2.69,10.0,8.6,5.6,30
1991-09-02,16.8,21.9,53,0.00,274,3.52,0.0,8.8,5.4,29
1991-09-03,17.7,23.7,58,0.00,37,3.87,0.0,7.7,3.9,29
1991-09-04,19.3,25.2,62,0.00,7,3.93,0.0,6.0,3.8,35
1991-09-05,21.0,28.1,64,0.00,157,3.98,0.0,6.0,2.7,30
1991-09-06,22.2,28.5,60,0.00,210,3.99,0.0,7.6,4.7,29
1991-09-07,20.2,28.0,65,0.10,260,2.86,1.0,8.1,6.0,30
1991-09-08,14.7,20.9,77,4.40,327,2.54,11.0,13.3,6.6,43
1991-09-09,16.9,22.5,67,0.00,7,3.33,0.0,11.8,3.3,38
1991-09-10,19.0,24.1,63,0.00,341,3.61,0.0,7.3,4.0,34
1991-09-11,19.6,25.9,64,0.00,218,3.40,0.0,4.1,2.7,35
1991-09-12,20.8,27.3,63,0.00,202,3.73,0.0,11.6,6.0,32
1991-09-13,18.0,26.7,56,1.20,278,3.17,3.0,15.4,8.9,33
1991-09-14,15.3,21.3,53,0.00,315,3.26,0.0,15.5,6.6,32
1991-09-15,17.7,23.6,63,0.00,347,3.20,0.0,6.5,3.2,32
1991-09-16,19.4,23.7,63,0.00,296,3.18,0.0,10.6,6.0,38
1991-09-17,18.3,23.9,61,0.00,329,3.42,0.0,10.2,4.9,33
1991-09-18,19.8,26.2,58,0.00,124,3.32,0.0,5.4,3.1,31
1991-09-19,20.4,27.7,56,0.00,178,3.72,0.0,10.6,6.4,27
1991-09-20,18.4,27.2,54,0.40,268,3.01,2.0,10.6,8.2,28
1991-09-21,12.7,18.2,49,0.00,315,3.12,0.0,12.1,8.2,32
1991-09-22,13.2,17.0,60,0.30,174,1.86,2.0,12.6,5.9,31
1991-09-23,13.9,20.5,67,0.00,315,2.32,0.0,9.0,4.0,45
1991-09-24,15.9,24.1,72,0.00,355,2.88,0.0,6.1,3.0,41
1991-09-25,17.6,24.9,71,0.00,360,2.87,0.0,5.4,2.5,35
1991-09-26,19.8,27.4,67,0.00,16,2.93,0.0,5.7,2.5,34
1991-09-27,21.3,28.4,67,0.00,346,3.00,0.0,6.6,2.9,34
1991-09-28,20.6,26.7,68,0.70,272,2.65,3.0,8.7,5.5,42
1991-09-29,19.3,22.7,61,0.00,309,2.67,0.0,6.5,4.7,29
1991-09-30,18.0,25.7,64,0.00,215,2.57,0.0,9.8,3.7,31
1991-10-01,18.4,24.1,49,0.00,267,2.92,0.0,10.6,7.3,36
1991-10-02,16.5,20.9,58,0.00,279,2.58,0.0,8.9,5.9,33
1991-10-03,14.3,19.8,52,0.00,310,2.65,0.0,14.5,8.5,24
1991-10-04,12.5,17.2,56,0.00,341,2.35,0.0,12.2,3.2,26
1991-10-05,13.1,20.4,55,0.00,87,2.31,0.0,5.9,2.9,31
1991-10-06,14.9,22.0,59,0.00,163,2.46,0.0,9.8,5.4,23
1991-10-07,15.0,20.6,56,0.00,254,2.29,0.0,8.4,6.2,29
1991-10-08,13.6,18.6,72,0.00,321,1.80,0.0,6.8,3.3,38
1991-10-09,14.8,22.8,66,0.00,185,2.29,0.0,8.6,6.0,33
1991-10-10,16.8,26.1,59,0.00,190,2.62,0.0,9.1,6.0,31
1991-10-11,17.9,25.7,57,0.00,183,2.66,0.0,8.1,5.3,23
1991-10-12,16.2,24.0,56,2.10,233,2.17,4.0,10.7,8.0,27
1991-10-13,14.2,19.9,68,0.00,294,1.80,0.0,6.5,3.4,43
1991-10-14,15.5,23.9,73,0.00,226,2.08,0.0,6.1,4.3,40
1991-10-15,18.1,25.8,61,0.00,208,2.63,0.0,14.3,8.3,34
1991-10-16,14.7,24.1,61,4.10,210,1.96,7.0,26.6,13.2,38
1991-10-17,5.9,9.8,57,2.90,292,1.59,9.0,12.3,5.4,27
1991-10-18,7.6,11.2,59,0.50,122,1.18,4.0,7.3,3.5,29
1991-10-19,9.2,15.5,78,0.00,257,1.40,0.0,4.3,2.5,52
1991-10-20,11.6,18.5,80,0.00,247,1.59,0.0,9.7,4.7,51
1991-10-21,11.8,17.2,77,3.80,226,1.06,10.0,15.4,8.7,55
1991-10-22,5.4,8.9,78,2.00,324,0.79,9.0,9.1,5.8,58
1991-10-23,5.2,8.2,58,0.00,286,1.05,0.0,8.9,4.9,41
1991-10-24,4.9,7.1,82,5.80,160,0.72,22.0,5.6,4.3,52
1991-10-25,2.9,5.0,88,5.80,339,0.79,14.0,6.6,4.3,71
1991-10-26,1.7,3.6,74,0.00,353,0.92,0.0,9.4,7.1,56
1991-10-27,-2.1,3.7,64,0.00,314,0.82,0.0,13.3,8.6,49
1991-10-28,-5.1,-0.7,59,0.00,334,0.84,0.0,12.1,6.0,50
1991-10-29,-3.6,-1.0,67,0.00,345,0.78,0.0,9.4,7.0,53
1991-10-30,-1.9,3.3,66,0.00,190,0.63,0.0,7.6,3.8,47
1991-10-31,1.9,3.6,76,0.70,316,0.70,4.0,6.2,4.5,66
1991-11-01,1.9,4.2,71,0.00,358,0.80,0.0,7.9,6.0,61
1991-11-02,-1.2,1.6,71,0.00,49,0.81,0.0,7.9,4.5,58
1991-11-03,-1.1,3.2,59,0.00,144,0.74,0.0,6.1,4.3,51
1991-11-04,1.2,5.8,79,5.50,164,0.45,15.0,6.9,5.7,66
1991-11-05,4.6,6.7,90,9.00,149,0.35,12.0,4.3,3.2,78
1991-11-06,5.5,8.4,90,4.10,293,0.67,4.0,6.4,3.5,73
1991-11-07,3.3,7.6,94,1.70,133,0.29,5.0,6.4,2.9,81
1991-11-08,2.7,5.5,92,0.30,155,0.46,3.0,7.2,5.7,88
1991-11-09,6.0,7.4,93,1.20,194,0.43,4.0,8.5,4.6,87
1991-11-10,5.3,9.4,92,1.50,173,0.66,7.0,8.4,6.0,77
1991-11-11,3.5,8.0,97,3.20,151,0.28,14.0,8.2,6.8,88
1991-11-12,5.4,8.6,93,1.80,180,0.65,8.0,9.5,7.5,82
1991-11-13,3.3,7.5,91,1.80,196,0.60,8.0,10.6,7.6,77
1991-11-14,3.8,6.3,90,0.20,257,0.68,1.0,7.0,3.5,70
1991-11-15,2.1,4.9,84,0.00,150,0.58,0.0,8.4,5.4,60
1991-11-16,0.9,4.0,76,4.00,142,0.34,7.0,10.7,6.9,68
1991-11-17,1.9,6.1,93,6.00,148,0.49,18.0,11.6,7.7,79
1991-11-18,4.3,7.2,89,0.00,195,0.56,0.0,8.4,7.2,74
1991-11-19,2.6,5.7,89,7.30,163,0.29,13.0,9.7,7.2,66
1991-11-20,3.0,4.5,95,8.30,169,0.46,9.0,9.0,7.3,84
1991-11-21,2.0,4.3,88,0.30,233,0.47,1.0,8.4,5.7,56
1991-11-22,-0.1,4.2,88,0.00,278,0.46,0.0,5.0,2.8,56
1991-11-23,-2.9,0.7,89,0.00,137,0.28,0.0,7.4,5.6,73
1991-11-24,-0.3,2.8,85,0.10,151,0.31,1.0,6.1,4.8,77
1991-11-25,1.6,4.5,91,1.70,164,0.45,8.0,7.6,6.1,81
1991-11-26,3.8,6.2,89,2.50,197,0.40,13.0,5.6,4.1,77
1991-11-27,1.9,4.3,92,1.30,341,0.36,10.0,6.6,4.8,77
1991-11-28,1.4,3.4,86,2.90,248,0.34,7.0,11.7,6.2,68
1991-11-29,-1.0,1.6,75,0.00,309,0.50,0.0,14.1,9.0,62
1991-11-30,-1.9,1.5,85,0.00,275,0.36,0.0,7.9,4.3,58
1991-12-01,0.2,3.7,82,1.60,208,0.30,9.0,9.8,5.7,67
1991-12-02,3.4,5.7,74,1.10,277,0.55,3.0,9.1,6.7,62
1991-12-03,2.4,5.3,84,1.60,208,0.31,8.0,6.8,5.6,66
1991-12-04,3.0,4.9,85,0.00,175,0.39,0.0,7.3,6.5,82
1991-12-05,3.2,5.4,93,5.90,159,0.19,13.0,7.6,5.9,80
1991-12-06,4.1,5.2,90,2.90,182,0.38,6.0,8.7,6.5,82
1991-12-07,2.3,4.0,90,2.80,195,0.35,4.0,9.7,7.1,79
1991-12-08,2.4,4.4,85,3.60,198,0.31,10.0,8.6,5.7,80
1991-12-09,2.4,4.9,84,2.90,198,0.50,11.0,13.5,9.0,63
1991-12-10,-0.6,2.9,79,0.00,205,0.33,0.0,9.4,8.2,67
1991-12-11,-0.1,3.0,85,3.90,185,0.28,14.0,9.6,6.8,58
1991-12-12,0.1,3.1,85,5.10,187,0.29,13.0,10.9,6.0,56
1991-12-13,-1.2,0.6,74,0.00,273,0.51,0.0,12.1,6.6,56
1991-12-14,-2.0,0.4,92,0.20,191,0.31,1.0,5.2,2.2,81
1991-12-15,-3.0,-0.2,93,0.00,181,0.28,0.0,5.6,2.3,78
1991-12-16,-3.4,-0.8,91,0.00,247,0.30,0.0,6.5,3.1,78
1991-12-17,-3.0,-0.5,93,0.00,73,0.28,0.0,3.9,1.2,80
1991-12-18,-0.9,0.9,92,0.80,164,0.21,3.0,5.2,3.0,84
1991-12-19,0.8,2.3,84,0.90,200,0.34,4.0,7.9,6.4,73
1991-12-20,-2.7,1.5,92,0.00,161,0.18,0.0,7.7,6.5,78
1991-12-21,-2.8,0.9,86,0.10,156,0.24,1.0,9.5,6.4,77
1991-12-22,1.4,2.6,90,0.00,207,0.33,0.0,5.9,2.5,78
1991-12-23,-2.8,2.2,94,0.00,170,0.25,0.0,5.7,3.3,82
1991-12-24,-2.0,1.0,93,0.00,165,0.23,0.0,7.0,5.7,82
1991-12-25,-0.7,1.5,92,0.00,164,0.26,0.0,6.9,4.6,82
1991-12-26,0.4,3.2,93,0.00,149,0.33,0.0,6.6,4.7,79
1991-12-27,2.4,5.1,88,0.00,172,0.38,0.0,5.0,3.5,74
1991-12-28,1.1,3.9,94,0.00,267,0.34,0.0,3.3,2.4,77
1991-12-29,2.0,3.9,89,0.00,219,0.32,0.0,4.5,3.4,78
1991-12-30,2.6,4.0,94,0.00,54,0.29,0.0,3.4,1.7,83
1991-12-31,0.7,3.7,95,0.00,170,0.30,0.0,7.0,3.8,81
1992-01-01,-0.9,2.1,93,0.00,148,0.27,0.0,7.7,7.0,82
1992-01-02,-0.1,2.0,90,2.70,161,0.35,14.0,9.5,6.9,74
1992-01-03,0.5,3.8,88,0.30,152,0.30,2.0,8.9,4.7,64
1992-01-04,-0.1,2.6,91,1.00,144,0.33,5.0,7.1,5.5,81
1992-01-05,0.6,2.5,93,3.10,200,0.31,9.0,7.2,4.3,77
1992-01-06,-2.5,-0.3,86,2.20,310,0.28,9.0,6.1,5.0,75
1992-01-07,-4.7,-2.5,86,0.00,312,0.33,0.0,6.3,3.9,70
1992-01-08,-4.1,-1.3,87,0.10,178,0.29,1.0,6.8,2.9,70
1992-01-09,-2.4,0.3,83,0.00,161,0.25,0.0,6.4,4.6,73
1992-01-10,-1.0,0.9,90,3.90,155,0.24,9.0,6.2,5.2,82
1992-01-11,0.2,3.7,89,3.90,207,0.39,13.0,9.4,5.9,71
1992-01-12,-0.1,3.7,86,0.00,259,0.40,0.0,7.9,4.2,63
1992-01-13,0.3,3.4,89,1.70,193,0.39,7.0,4.3,3.3,68
1992-01-14,1.5,4.5,84,0.00,254,0.42,0.0,6.2,4.6,71
1992-01-15,0.0,3.7,86,0.20,164,0.34,1.0,7.7,5.3,75
1992-01-16,1.7,3.3,85,7.90,271,0.49,9.0,6.6,4.8,60
1992-01-17,-2.2,2.8,88,0.00,291,0.42,0.0,5.2,3.1,65
1992-01-18,-2.7,-0.0,89,0.00,203,0.38,0.0,5.4,2.4,73
1992-01-19,-2.3,-0.1,80,0.00,176,0.49,0.0,6.8,5.5,65
1992-01-20,-3.3,-1.1,85,0.00,185,0.43,0.0,7.6,5.8,69
1992-01-21,-3.6,-1.0,83,0.90,169,0.36,6.0,8.1,6.5,72
1992-01-22,0.0,2.3,85,2.90,210,0.36,12.0,7.9,5.4,72
1992-01-23,-0.3,2.1,89,7.60,155,0.26,20.0,6.3,5.3,76
1992-01-24,4.1,8.4,88,6.70,194,0.46,14.0,8.3,5.3,72
1992-01-25,3.9,6.9,89,1.70,149,0.46,4.0,8.7,6.0,78
1992-01-26,3.0,4.4,90,0.00,179,0.52,0.0,9.6,6.2,77
1992-01-27,1.9,4.3,91,3.70,144,0.35,15.0,7.9,6.6,80
1992-01-28,3.1,5.4,94,11.40,159,0.45,24.0,8.5,6.4,88
1992-01-29,3.6,4.7,92,8.90,170,0.29,17.0,9.2,6.6,87
1992-01-30,3.8,6.1,91,6.20,151,0.55,20.0,8.4,6.9,83
1992-01-31,4.3,6.2,89,10.10,140,0.38,23.0,9.5,6.9,75
1992-02-01,5.0,7.7,82,2.10,175,0.56,10.0,10.0,6.1,75
1992-02-02,4.3,7.1,87,0.70,178,0.64,3.0,7.9,5.9,74
1992-02-03,2.6,5.5,87,0.00,149,0.75,0.0,9.0,5.5,75
1992-02-04,1.9,5.4,82,0.00,199,0.79,0.0,7.3,5.3,67
1992-02-05,2.2,6.9,83,0.00,243,0.86,0.0,7.6,3.5,58
1992-02-06,0.4,6.2,83,0.00,269,0.81,0.0,3.4,2.0,58
1992-02-07,0.0,4.2,84,0.00,305,0.78,0.0,3.9,3.0,62
1992-02-08,-0.1,3.9,86,0.00,287,0.76,0.0,6.2,3.6,70
1992-02-09,2.1,4.8,89,0.00,176,0.63,0.0,5.6,3.4,77
1992-02-10,2.8,6.0,86,0.40,78,0.54,3.0,4.4,2.4,71
1992-02-11,5.2,9.0,83,0.50,53,0.75,3.0,4.8,2.4,68
1992-02-12,5.7,9.0,82,0.00,119,0.74,0.0,5.5,2.9,69
1992-02-13,5.9,9.0,86,0.60,151,0.95,3.0,5.2,2.9,70
1992-02-14,4.6,8.4,84,1.20,178,0.86,5.0,5.6,4.3,71
1992-02-15,4.5,7.1,83,0.20,102,0.74,1.0,5.4,3.6,72
1992-02-16,3.4,6.3,84,3.20,219,0.94,7.0,6.3,4.4,54
1992-02-17,1.7,5.8,82,0.00,172,0.82,0.0,9.8,5.1,60
1992-02-18,2.2,4.3,89,11.10,130,0.61,21.0,9.4,5.7,78
1992-02-19,1.3,5.2,75,2.50,226,1.02,6.0,7.1,5.5,36
1992-02-20,0.3,4.2,75,1.70,26,0.61,8.0,6.3,2.9,47
1992-02-21,2.1,5.8,87,4.10,149,0.62,15.0,8.3,4.3,75
1992-02-22,3.6,7.2,85,1.20,188,1.14,7.0,12.8,8.5,58
1992-02-23,2.0,5.2,76,0.00,232,0.96,0.0,10.5,5.2,62
1992-02-24,3.5,8.8,78,0.50,174,0.92,3.0,6.4,4.2,59
1992-02-25,5.3,11.3,77,0.00,204,1.35,0.0,5.2,2.4,57
1992-02-26,4.0,11.1,76,0.00,259,1.52,0.0,3.6,2.5,45
1992-02-27,3.8,10.5,73,0.00,219,1.42,0.0,5.2,3.7,53
1992-02-28,3.7,9.6,75,0.00,204,1.46,0.0,5.5,3.9,56
1992-02-29,3.9,8.0,79,0.00,193,1.30,0.0,7.3,5.7,68
1992-03-01,6.1,11.5,77,0.00,189,1.52,0.0,5.0,2.6,52
1992-03-02,6.4,10.7,79,0.30,190,1.48,3.0,7.1,5.0,56
1992-03-03,4.6,9.6,81,0.00,211,1.18,0.0,7.2,2.7,58
1992-03-04,4.8,8.4,82,0.60,171,1.33,4.0,8.6,6.0,64
1992-03-05,5.2,10.4,81,0.50,159,1.27,2.0,8.3,3.5,57
1992-03-06,6.9,12.5,78,0.00,216,1.61,0.0,4.7,2.6,57
1992-03-07,5.9,11.9,76,0.20,287,1.61,2.0,7.3,5.6,56
1992-03-08,3.9,7.2,75,0.00,308,1.70,0.0,6.8,4.4,53
1992-03-09,4.4,11.4,66,0.00,261,1.88,0.0,4.9,2.5,39
1992-03-10,6.3,13.2,67,0.00,274,1.97,0.0,5.2,2.9,39
1992-03-11,6.0,14.0,68,0.00,240,2.08,0.0,5.1,3.6,41
1992-03-12,6.8,14.5,69,0.00,242,2.19,0.0,6.5,3.9,40
1992-03-13,8.0,15.7,65,0.00,285,2.24,0.0,3.6,2.4,40
1992-03-14,9.3,16.9,66,0.00,246,2.29,0.0,4.5,2.5,43
1992-03-15,8.8,15.6,68,0.00,304,1.86,0.0,4.1,3.0,49
1992-03-16,8.1,12.5,78,1.00,208,1.68,4.0,5.9,4.6,59
1992-03-17,7.2,12.1,77,0.00,227,1.61,0.0,5.5,4.5,47
1992-03-18,6.8,11.8,73,0.40,271,1.69,3.0,7.5,5.3,47
1992-03-19,6.6,11.4,69,0.00,231,1.61,0.0,4.3,2.8,46
1992-03-20,6.2,10.6,74,0.30,316,2.06,2.0,4.7,3.5,43
1992-03-21,6.2,12.3,61,0.00,334,2.39,0.0,4.3,2.4,36
1992-03-22,6.9,13.9,64,0.00,252,2.47,0.0,3.2,2.2,36
1992-03-23,7.7,14.5,68,0.00,279,2.42,0.0,4.4,3.3,38
1992-03-24,7.8,14.2,64,0.00,284,2.58,0.0,6.5,4.1,35
1992-03-25,8.4,15.7,64,0.00,266,2.73,0.0,4.0,2.5,37
1992-03-26,8.9,16.0,69,0.00,216,2.71,0.0,5.4,3.2,40
1992-03-27,7.5,15.0,70,1.40,264,2.09,5.0,13.7,8.1,39
1992-03-28,5.5,9.3,51,0.00,309,2.64,0.0,9.7,5.3,28
1992-03-29,5.7,13.1,52,0.00,9,2.77,0.0,6.5,3.3,27
1992-03-30,8.7,16.1,54,0.00,179,2.67,0.0,3.6,1.6,32
1992-03-31,10.3,17.6,66,0.00,266,2.77,0.0,6.1,3.7,45
1992-04-01,9.6,19.5,76,0.00,288,2.95,0.0,5.7,3.0,46
1992-04-02,12.2,20.9,71,0.00,200,3.27,0.0,9.2,3.8,42
1992-04-03,12.0,20.1,66,0.00,230,2.87,0.0,10.3,8.0,31
1992-04-04,8.1,13.7,61,0.30,236,2.51,2.0,9.4,6.7,34
1992-04-05,6.0,9.7,73,0.40,199,2.10,2.0,11.1,6.6,43
1992-04-06,5.7,9.9,64,0.10,223,2.44,1.0,8.4,5.9,40
1992-04-07,5.9,10.1,57,0.00,246,2.68,0.0,6.0,3.9,38
1992-04-08,7.0,12.7,57,0.00,228,2.91,0.0,7.2,4.3,27
1992-04-09,7.8,12.7,57,0.00,268,2.76,0.0,7.2,4.4,28
1992-04-10,7.4,12.1,58,0.50,322,2.50,3.0,7.7,5.4,35
1992-04-11,7.5,13.2,52,0.00,18,3.06,0.0,8.0,5.2,29
1992-04-12,9.8,16.7,55,0.30,134,2.90,2.0,7.8,4.2,31
1992-04-13,8.9,16.3,86,5.80,160,1.20,11.0,7.1,2.8,49
1992-04-14,8.3,16.4,90,4.30,167,2.46,12.0,7.8,4.4,55
1992-04-15,12.3,18.0,68,0.20,162,2.74,1.0,11.3,4.1,45
1992-04-16,12.5,16.8,80,2.00,152,1.77,7.0,12.3,4.9,60
1992-04-17,9.4,15.6,84,8.00,221,2.33,17.0,10.3,5.8,49
1992-04-18,9.0,15.1,69,0.90,274,2.74,4.0,12.0,8.1,42
1992-04-19,10.5,18.1,63,0.00,230,3.45,0.0,11.0,5.6,36
1992-04-20,11.4,17.7,65,1.00,186,3.01,5.0,12.7,8.1,38
1992-04-21,8.9,13.7,59,0.20,253,2.79,1.0,11.0,5.0,38
1992-04-22,7.6,12.3,81,5.60,216,2.17,18.0,9.7,5.2,46
1992-04-23,6.8,13.1,60,1.20,228,2.90,5.0,8.9,6.1,43
1992-04-24,10.0,16.9,59,0.10,117,3.34,1.0,12.2,5.0,31
1992-04-25,12.6,21.5,50,0.00,150,4.12,0.0,11.4,5.3,33
1992-04-26,16.6,22.6,56,0.00,176,3.17,0.0,9.5,3.7,37
1992-04-27,16.3,21.9,66,1.00,236,3.29,3.0,12.2,6.5,49
1992-04-28,14.6,20.9,68,0.00,219,3.09,0.0,14.0,6.9,42
1992-04-29,15.2,20.3,79,13.70,178,1.84,16.0,14.2,6.2,50
1992-04-30,12.0,18.1,73,3.90,226,3.42,9.0,18.5,10.2,29
1992-05-01,9.4,18.0,52,0.00,229,4.13,0.0,17.0,8.4,30
1992-05-02,13.6,19.4,54,0.00,213,3.67,0.0,14.5,8.7,34
1992-05-03,14.5,24.1,60,0.00,216,4.52,0.0,13.2,5.4,31
1992-05-04,17.6,26.7,55,0.00,178,5.08,0.0,10.1,6.1,28
1992-05-05,19.9,29.0,54,0.00,204,5.38,0.0,9.4,5.7,25
1992-05-06,21.5,30.0,50,0.00,227,5.49,0.0,9.3,5.7,21
1992-05-07,21.6,29.5,42,0.00,239,5.69,0.0,13.8,7.2,22
1992-05-08,14.8,24.8,51,3.80,246,3.26,7.0,14.3,8.7,27
1992-05-09,8.8,13.8,77,3.70,242,2.19,9.0,14.3,8.0,42
1992-05-10,9.5,12.8,71,7.00,235,2.48,24.0,12.6,8.2,34
1992-05-11,8.0,13.2,58,0.90,268,3.31,6.0,14.4,7.6,33
1992-05-12,10.2,15.4,64,0.00,276,3.54,0.0,7.1,3.4,36
1992-05-13,11.7,19.8,61,0.00,255,4.26,0.0,5.8,3.0,26
1992-05-14,15.1,21.9,47,0.00,230,4.86,0.0,6.9,4.8,24
1992-05-15,14.4,21.9,47,0.60,279,4.43,3.0,13.8,9.2,26
1992-05-16,14.4,23.3,53,0.20,183,4.98,1.0,13.7,6.0,27
1992-05-17,17.2,26.1,49,0.00,195,5.46,0.0,11.4,7.1,24
1992-05-18,19.9,25.7,44,0.20,216,5.61,1.0,14.5,8.9,26
1992-05-19,17.1,22.7,51,0.40,234,4.61,2.0,12.3,6.1,33
1992-05-20,14.3,20.7,61,1.80,281,3.00,8.0,8.7,5.5,44
1992-05-21,11.1,16.9,68,1.80,241,3.71,2.0,7.9,4.5,41
1992-05-22,13.9,20.0,59,0.10,164,3.58,1.0,7.9,3.3,34
1992-05-23,15.6,20.6,67,0.00,36,2.55,0.0,6.2,3.4,46
1992-05-24,17.6,26.2,57,0.00,39,4.64,0.0,7.4,4.0,31
1992-05-25,22.2,30.6,49,0.00,99,5.63,0.0,7.8,3.9,29
1992-05-26,18.7,27.3,75,6.80,252,2.99,17.0,10.1,6.3,42
1992-05-27,15.6,21.5,56,0.30,254,4.41,1.0,7.8,6.2,33
1992-05-28,17.1,22.8,54,0.10,240,4.68,1.0,9.4,5.6,31
1992-05-29,16.1,21.1,74,2.90,248,3.79,10.0,8.1,5.3,47
1992-05-30,17.6,24.3,63,0.00,305,4.89,0.0,6.4,3.8,30
1992-05-31,20.8,28.2,45,0.00,131,5.35,0.0,8.2,4.4,28
1992-06-01,20.8,27.3,60,0.30,216,3.36,1.0,7.9,4.7,34
1992-06-02,16.2,23.5,66,2.90,258,4.33,10.0,9.9,7.1,43
1992-06-03,15.8,23.1,54,1.40,291,4.81,1.0,9.2,4.2,26
1992-06-04,17.7,23.2,51,1.10,305,4.19,5.0,11.2,6.2,25
1992-06-05,18.3,23.7,46,0.00,305,4.86,0.0,10.4,5.5,26
1992-06-06,19.8,26.4,47,0.00,201,5.32,0.0,8.4,4.7,27
1992-06-07,21.2,26.3,43,0.00,226,6.01,0.0,10.4,7.4,26
1992-06-08,19.8,27.6,45,0.00,227,5.96,0.0,11.0,6.7,24
1992-06-09,19.3,27.1,53,0.50,242,4.10,4.0,11.1,6.3,24
1992-06-10,17.7,24.6,58,0.00,198,4.28,0.0,6.8,4.2,27
1992-06-11,19.9,24.5,49,0.70,28,3.30,2.0,6.0,3.8,27
1992-06-12,18.2,22.8,81,5.20,23,2.64,10.0,7.6,4.2,60
1992-06-13,11.0,19.6,95,16.80,261,0.91,23.0,9.7,6.3,85
1992-06-14,13.7,19.6,84,4.80,325,2.34,11.0,6.5,3.1,53
1992-06-15,18.8,24.7,63,0.00,317,4.10,0.0,8.5,4.3,44
1992-06-16,19.6,24.6,67,0.00,267,4.40,0.0,8.7,6.7,47
1992-06-17,18.3,24.6,63,0.60,271,4.51,2.0,9.9,5.7,40
1992-06-18,21.7,28.6,55,0.00,227,5.47,0.0,5.0,3.2,28
1992-06-19,23.6,29.4,54,0.00,195,5.41,0.0,9.4,5.1,30
1992-06-20,23.2,29.3,48,0.20,264,6.01,1.0,8.4,5.0,33
1992-06-21,25.0,31.2,51,0.00,250,5.56,0.0,6.6,4.1,31
1992-06-22,26.1,33.6,57,0.00,243,5.91,0.0,6.2,3.4,31
1992-06-23,27.4,34.4,49,0.00,237,6.39,0.0,6.4,4.4,24
1992-06-24,27.5,34.2,44,0.00,304,6.31,0.0,6.1,3.8,24
1992-06-25,28.1,35.2,43,0.00,95,6.32,0.0,7.0,3.8,20
1992-06-26,27.4,33.9,40,0.00,215,6.40,0.0,8.2,5.8,19
1992-06-27,27.2,33.9,44,0.00,233,6.27,0.0,8.2,5.4,21
1992-06-28,26.0,32.1,57,0.60,181,4.68,2.0,11.1,3.9,27
1992-06-29,20.4,26.7,85,21.00,83,1.99,20.0,7.1,5.6,53
1992-06-30,17.1,21.8,82,6.70,191,2.47,15.0,7.9,3.2,43
1992-07-01,16.7,20.1,83,7.80,58,2.40,15.0,7.9,2.7,54
1992-07-02,17.2,19.7,79,3.90,252,2.92,14.0,4.8,2.0,62
1992-07-03,18.0,21.9,75,4.10,162,3.59,10.0,5.2,2.5,52
1992-07-04,19.6,24.1,69,0.90,127,3.83,3.0,4.5,3.2,43
1992-07-05,17.4,21.9,80,11.60,206,2.23,19.0,10.7,5.4,59
1992-07-06,14.9,17.9,79,4.00,224,1.71,8.0,10.3,6.1,60
1992-07-07,16.7,21.5,76,0.10,227,3.19,1.0,7.0,5.8,57
1992-07-08,17.9,22.7,73,4.70,270,4.04,7.0,7.3,4.9,48
1992-07-09,18.0,23.3,72,1.50,277,4.39,3.0,7.8,5.9,47
1992-07-10,19.9,23.5,65,1.70,270,3.90,4.0,5.5,3.1,46
1992-07-11,18.7,24.6,73,0.00,300,4.32,0.0,4.7,3.2,42
1992-07-12,21.6,25.3,64,0.00,205,4.29,0.0,10.9,6.3,41
1992-07-13,20.8,25.2,56,0.00,224,5.11,0.0,15.5,9.7,35
1992-07-14,17.4,24.2,60,0.00,266,4.23,0.0,15.8,8.2,37
1992-07-15,19.8,25.8,57,0.00,297,5.24,0.0,7.7,5.4,30
1992-07-16,22.3,28.9,50,0.00,93,5.59,0.0,5.4,2.8,30
1992-07-17,24.5,30.5,54,0.00,196,5.51,0.0,6.2,3.6,31
1992-07-18,25.7,32.0,55,0.00,5,5.84,0.0,6.2,4.1,31
1992-07-19,26.0,31.5,46,0.00,342,5.67,0.0,5.1,3.7,26
1992-07-20,24.6,31.2,60,0.00,141,4.51,0.0,7.7,4.3,27
1992-07-21,21.3,25.5,78,6.10,172,2.96,8.0,6.0,3.8,55
1992-07-22,19.7,23.1,83,5.00,192,3.20,7.0,5.9,3.5,56
1992-07-23,19.7,23.0,83,4.20,291,2.14,8.0,6.6,3.3,56
1992-07-24,18.1,25.1,80,5.50,222,3.65,7.0,6.2,3.6,44
1992-07-25,21.2,27.4,70,0.00,161,4.94,0.0,10.8,6.7,43
1992-07-26,22.6,27.9,61,0.00,220,5.29,0.0,11.2,6.1,27
1992-07-27,22.8,27.8,51,0.00,267,4.95,0.0,6.6,4.9,27
1992-07-28,23.6,28.6,57,0.60,318,4.94,1.0,5.8,3.1,35
1992-07-29,23.1,29.6,70,1.00,325,5.14,2.0,6.4,3.6,32
1992-07-30,25.3,32.7,57,0.00,147,5.64,0.0,6.7,3.7,30
1992-07-31,26.6,34.4,54,0.00,184,6.06,0.0,9.0,5.6,23
1992-08-01,27.2,34.3,49,0.00,212,5.82,0.0,8.7,5.1,23
1992-08-02,25.6,30.9,55,0.10,245,5.27,1.0,7.7,5.7,25
1992-08-03,24.2,30.6,54,0.00,277,5.24,0.0,6.5,4.9,25
1992-08-04,24.8,29.6,61,1.80,228,4.20,2.0,4.8,2.6,36
1992-08-05,21.0,26.7,74,2.50,257,3.70,6.0,5.8,3.6,39
1992-08-06,21.5,26.8,65,3.10,203,2.31,5.0,6.6,4.1,37
1992-08-07,15.9,19.3,88,14.50,189,2.49,16.0,10.0,6.5,54
1992-08-08,16.7,20.5,57,0.10,212,3.71,1.0,9.8,6.6,43
1992-08-09,16.1,22.8,66,1.30,216,3.60,4.0,6.4,4.7,35
1992-08-10,20.9,27.5,57,0.00,60,4.68,0.0,7.0,3.4,35
1992-08-11,23.3,30.2,57,0.00,42,5.10,0.0,7.2,3.6,27
1992-08-12,25.8,33.9,48,0.00,58,5.27,0.0,5.9,3.4,22
1992-08-13,27.8,33.6,46,0.00,171,5.02,0.0,7.6,4.1,23
1992-08-14,26.8,33.4,57,0.00,216,5.20,0.0,7.7,5.4,26
1992-08-15,25.1,33.1,50,0.00,261,5.49,0.0,8.7,5.5,26
1992-08-16,26.2,32.0,53,0.00,343,5.21,0.0,6.2,4.4,23
1992-08-17,26.4,34.2,45,0.00,108,5.20,0.0,9.7,3.5,19
1992-08-18,27.0,33.8,48,0.00,213,5.37,0.0,10.0,5.6,19
1992-08-19,24.0,31.4,53,0.50,259,4.66,1.0,8.7,5.7,26
1992-08-20,21.7,26.8,47,0.00,339,4.80,0.0,9.8,6.4,24
1992-08-21,22.8,26.3,46,0.00,343,4.52,0.0,8.8,4.7,22
1992-08-22,16.7,25.3,45,1.00,340,3.50,4.0,13.0,10.2,23
1992-08-23,12.8,17.6,67,3.30,32,3.21,10.0,8.3,3.6,39
1992-08-24,15.1,21.1,56,0.50,134,3.81,1.0,6.5,4.7,34
1992-08-25,18.1,25.5,57,0.00,165,4.05,0.0,6.7,4.2,31
1992-08-26,21.0,26.8,56,0.00,205,3.84,0.0,8.6,5.7,33
1992-08-27,21.3,25.5,59,0.00,229,3.46,0.0,8.2,5.2,39
1992-08-28,18.7,25.3,49,0.00,279,4.33,0.0,12.9,8.5,24
1992-08-29,18.4,24.1,42,0.00,103,3.87,0.0,7.0,3.3,23
1992-08-30,20.2,26.4,51,0.00,178,3.88,0.0,8.0,4.7,24
1992-08-31,20.2,25.5,62,1.30,227,3.41,6.0,7.3,3.1,31
1992-09-01,20.9,26.3,61,0.00,230,3.78,0.0,9.8,6.9,34
1992-09-02,19.0,26.2,60,0.00,239,3.81,0.0,11.9,6.2,31
1992-09-03,20.5,26.1,51,0.00,243,3.83,0.0,12.1,6.0,31
1992-09-04,17.0,24.2,59,1.00,235,3.06,6.0,15.5,9.2,34
1992-09-05,11.1,17.2,63,0.70,254,3.06,6.0,16.1,6.2,32
1992-09-06,11.1,15.3,69,3.70,249,2.59,14.0,7.6,2.7,44
1992-09-07,12.3,16.1,69,0.70,170,2.05,3.0,14.1,7.3,42
1992-09-08,13.0,18.6,65,5.40,231,2.64,11.0,13.5,7.8,31
1992-09-09,15.3,22.3,59,0.00,257,3.30,0.0,10.7,4.1,32
1992-09-10,17.6,25.4,67,0.00,179,3.58,0.0,10.5,5.0,31
1992-09-11,19.7,25.8,55,0.00,220,3.95,0.0,10.5,6.7,29
1992-09-12,14.9,24.3,61,1.10,263,2.60,4.0,10.1,7.3,31
1992-09-13,9.7,13.9,70,3.80,255,2.37,12.0,9.4,6.2,42
1992-09-14,9.5,13.6,64,2.90,281,2.14,7.0,7.9,3.4,51
1992-09-15,9.9,14.0,56,0.80,343,2.55,4.0,6.8,5.5,25
1992-09-16,11.5,18.2,50,0.00,182,2.42,0.0,16.6,6.4,26
1992-09-17,11.3,17.0,54,0.00,283,3.01,0.0,17.1,7.0,30
1992-09-18,12.5,19.3,65,0.00,132,1.92,0.0,5.8,2.7,34
1992-09-19,16.5,21.5,64,0.00,241,2.46,0.0,11.3,4.8,42
1992-09-20,15.3,20.9,74,1.90,229,2.16,8.0,14.0,8.5,47
1992-09-21,16.7,23.8,68,0.00,234,2.89,0.0,12.0,5.6,43
1992-09-22,18.3,25.9,69,0.00,202,2.81,0.0,6.5,4.5,41
1992-09-23,18.7,25.4,68,1.70,194,2.38,4.0,13.7,6.5,44
1992-09-24,13.5,19.2,81,8.70,210,1.97,14.0,14.2,7.9,46
1992-09-25,11.5,15.9,73,2.60,244,1.63,12.0,9.7,7.0,52
1992-09-26,11.8,16.6,66,1.30,200,1.74,5.0,14.6,7.2,47
1992-09-27,11.6,18.1,64,0.00,236,2.54,0.0,12.4,5.1,36
1992-09-28,12.5,20.4,61,0.00,152,2.61,0.0,9.4,6.3,30
1992-09-29,14.7,24.5,58,0.00,164,2.93,0.0,9.0,5.9,27
1992-09-30,18.7,27.7,55,0.00,175,2.79,0.0,8.2,4.0,32
1992-10-01,20.6,28.6,56,0.00,212,2.93,0.0,6.6,4.0,30
1992-10-02,20.7,27.6,58,0.00,340,2.55,0.0,6.5,3.8,34
1992-10-03,18.5,26.4,67,0.00,252,2.14,0.0,14.7,7.3,43
1992-10-04,13.2,18.0,64,0.00,267,2.28,0.0,12.7,6.5,29
1992-10-05,13.2,17.1,53,0.00,339,2.37,0.0,9.8,5.3,27
1992-10-06,10.8,15.0,54,0.00,317,2.21,0.0,9.0,5.2,28
1992-10-07,10.5,14.6,60,0.00,87,1.63,0.0,6.8,3.2,38
1992-10-08,10.8,15.4,65,0.10,204,1.67,1.0,10.2,7.3,41
1992-10-09,10.9,17.1,63,0.00,244,1.85,0.0,8.7,6.5,43
1992-10-10,12.4,18.7,72,0.00,208,1.38,0.0,9.7,5.7,48
1992-10-11,14.4,18.3,73,0.00,245,1.22,0.0,11.1,5.8,50
1992-10-12,13.9,18.3,76,0.90,250,1.39,6.0,13.6,5.5,50
1992-10-13,8.4,15.9,63,1.20,302,1.78,4.0,11.6,8.1,27
1992-10-14,6.0,10.2,61,10.10,344,0.96,12.0,9.1,4.0,28
1992-10-15,3.8,7.6,63,0.00,317,1.40,0.0,7.8,4.7,41
1992-10-16,5.3,7.6,61,0.80,121,0.90,5.0,7.6,3.6,40
1992-10-17,6.2,10.2,76,0.00,150,1.06,0.0,6.1,4.2,58
1992-10-18,5.8,9.9,85,0.40,135,0.83,2.0,6.6,5.9,60
1992-10-19,8.1,10.7,95,2.50,184,0.40,8.0,9.8,5.7,78
1992-10-20,8.2,14.2,95,0.50,165,0.80,4.0,9.0,6.4,76
1992-10-21,11.9,15.1,90,3.30,196,0.97,13.0,8.3,5.1,79
1992-10-22,9.3,13.2,96,5.70,172,0.53,19.0,7.1,5.7,87
1992-10-23,10.5,18.0,86,0.50,149,1.25,3.0,10.1,7.1,55
1992-10-24,12.5,16.8,78,0.70,189,0.86,2.0,7.2,5.9,60
1992-10-25,9.5,14.5,79,0.10,348,1.22,1.0,7.9,4.7,54
1992-10-26,9.5,12.3,73,0.00,280,1.19,0.0,8.7,4.7,48
1992-10-27,8.1,11.3,76,0.00,6,1.07,0.0,4.4,3.2,53
1992-10-28,6.3,9.5,81,0.00,86,0.78,0.0,5.9,2.6,62
1992-10-29,6.3,9.6,86,3.10,127,0.62,15.0,6.0,4.0,74
1992-10-30,7.1,10.4,91,3.10,129,0.67,16.0,5.6,4.4,83
1992-10-31,5.9,10.7,92,1.40,157,0.79,8.0,8.1,6.7,73
1992-11-01,6.0,10.7,85,3.50,193,0.93,7.0,11.6,7.3,51
1992-11-02,7.8,9.5,70,0.30,301,0.88,1.0,8.7,4.7,52
1992-11-03,6.2,9.5,78,0.00,18,0.91,0.0,6.4,3.6,50
1992-11-04,3.9,8.1,92,17.80,150,0.39,21.0,6.7,5.5,62
1992-11-05,4.7,7.4,90,0.10,283,0.74,1.0,6.0,3.8,74
1992-11-06,3.7,7.1,95,5.40,162,0.27,10.0,5.3,2.9,78
1992-11-07,3.6,6.4,94,7.20,174,0.34,19.0,6.9,4.5,88
1992-11-08,5.1,8.0,85,2.00,228,0.58,10.0,8.6,5.7,80
1992-11-09,1.7,5.0,79,0.00,307,0.62,0.0,7.4,6.1,63
1992-11-10,0.2,4.2,83,0.00,213,0.53,0.0,9.0,4.0,52
1992-11-11,3.8,6.2,79,2.70,229,0.67,5.0,7.2,4.9,62
1992-11-12,2.5,6.2,88,0.00,338,0.52,0.0,3.6,2.5,56
1992-11-13,3.1,7.2,91,0.10,166,0.62,1.0,5.2,3.7,82
1992-11-14,3.0,6.2,95,0.00,177,0.56,0.0,4.8,3.0,85
1992-11-15,2.8,5.7,94,0.00,170,0.45,0.0,5.9,4.4,83
1992-11-16,5.1,6.4,93,4.00,139,0.39,16.0,3.9,1.8,84
1992-11-17,5.0,7.6,93,8.10,205,0.44,15.0,3.7,2.3,80
1992-11-18,4.6,6.8,94,3.70,174,0.46,17.0,7.2,4.4,84
1992-11-19,2.9,4.8,95,9.70,120,0.27,18.0,8.2,5.0,89
1992-11-20,2.4,4.8,83,0.10,251,0.48,1.0,8.6,5.8,70
1992-11-21,1.6,4.4,87,7.90,121,0.30,15.0,11.7,7.0,63
1992-11-22,1.3,2.5,89,6.90,307,0.38,16.0,9.9,5.7,73
1992-11-23,-3.2,-0.2,85,0.00,311,0.40,0.0,7.2,4.9,72
1992-11-24,-4.2,-0.8,87,0.00,357,0.40,0.0,5.1,2.2,69
1992-11-25,-2.9,0.5,88,0.00,216,0.41,0.0,3.4,1.6,70
1992-11-26,-3.0,0.4,89,0.00,173,0.32,0.0,5.8,3.3,70
1992-11-27,-1.7,0.2,81,1.80,157,0.27,8.0,7.8,6.1,75
1992-11-28,0.5,2.4,80,4.80,286,0.45,7.0,7.0,4.2,67
1992-11-29,-3.3,1.2,90,0.30,161,0.21,2.0,7.8,4.3,71
1992-11-30,-1.3,2.0,82,3.00,168,0.39,14.0,9.0,8.0,69
1992-12-01,-0.8,1.2,82,0.00,262,0.45,0.0,8.8,5.5,61
1992-12-02,-4.0,-0.4,87,0.00,329,0.26,0.0,8.2,5.8,73
1992-12-03,-5.3,-4.0,83,0.00,321,0.29,0.0,6.6,4.6,72
1992-12-04,-5.6,-3.3,86,0.00,3,0.30,0.0,5.4,2.1,74
1992-12-05,-5.6,-2.7,89,0.00,166,0.31,0.0,5.9,2.8,77
1992-12-06,-6.3,-3.4,88,0.00,169,0.27,0.0,5.1,3.8,74
1992-12-07,-4.0,-2.4,88,2.60,146,0.20,11.0,7.5,3.3,73
1992-12-08,-4.9,-1.8,91,3.10,139,0.21,12.0,6.5,5.6,84
1992-12-09,-2.1,-0.6,92,1.80,170,0.30,7.0,8.8,7.1,79
1992-12-10,-0.9,1.1,91,4.30,98,0.19,9.0,9.0,5.2,76
1992-12-11,-1.3,-0.1,87,4.20,333,0.24,15.0,4.4,3.1,83
1992-12-12,-3.7,-1.7,88,2.10,319,0.30,7.0,6.5,4.3,73
1992-12-13,-3.8,-1.7,89,0.20,154,0.20,2.0,5.5,4.0,76
1992-12-14,-1.1,2.4,81,0.60,170,0.36,4.0,10.0,7.0,72
1992-12-15,0.6,3.2,84,1.30,266,0.37,6.0,7.8,5.7,63
1992-12-16,-3.3,1.0,89,1.50,188,0.19,8.0,6.1,4.7,61
1992-12-17,-4.8,-3.8,84,3.20,34,0.20,21.0,8.2,5.1,79
1992-12-18,-13.9,-4.6,74,0.20,310,0.25,2.0,11.8,7.9,61
1992-12-19,-10.5,-8.5,83,5.30,139,0.12,13.0,7.8,3.5,67
1992-12-20,-5.9,-2.1,81,7.20,160,0.20,24.0,7.1,4.2,78
1992-12-21,0.2,2.8,86,0.70,209,0.34,5.0,6.7,4.3,70
1992-12-22,0.6,4.6,80,2.90,225,0.28,13.0,7.6,6.1,72
1992-12-23,0.4,1.9,79,0.40,224,0.27,2.0,9.5,5.1,70
1992-12-24,2.3,5.9,73,0.40,239,0.51,2.0,10.8,8.0,50
1992-12-25,-0.2,4.6,90,0.10,257,0.27,1.0,5.2,3.7,59
1992-12-26,0.3,1.0,85,6.10,181,0.21,15.0,6.5,4.0,77
1992-12-27,-1.5,0.7,88,3.80,291,0.22,22.0,8.5,3.8,82
1992-12-28,-11.4,-6.2,80,6.20,329,0.13,21.0,9.3,8.8,77
1992-12-29,-15.4,-13.9,82,2.40,325,0.14,8.0,8.5,7.5,74
1992-12-30,-17.0,-15.6,81,0.10,328,0.12,1.0,7.9,6.8,74
1992-12-31,-17.6,-16.3,81,0.00,332,0.15,0.0,6.6,5.3,73
1993-01-01,-16.5,-13.3,78,0.00,311,0.19,0.0,6.2,4.7,63
1993-01-02,-17.7,-13.0,76,0.00,304,0.19,0.0,6.0,4.8,57
1993-01-03,-13.8,-9.8,80,1.20,254,0.16,7.0,4.5,3.0,65
1993-01-04,-9.1,-7.8,83,4.00,342,0.21,18.0,6.4,4.2,74
1993-01-05,-15.1,-9.2,77,0.00,317,0.18,0.0,6.9,5.8,60
1993-01-06,-18.1,-13.8,72,0.00,313,0.22,0.0,6.1,4.7,52
1993-01-07,-17.9,-13.0,74,0.00,288,0.19,0.0,5.2,3.7,55
1993-01-08,-15.1,-11.8,72,0.00,322,0.18,0.0,6.5,4.8,63
1993-01-09,-11.7,-8.8,70,0.00,322,0.31,0.0,7.1,5.4,50
1993-01-10,-15.0,-10.0,73,0.00,292,0.27,0.0,6.9,4.6,51
1993-01-11,-15.3,-10.8,71,0.00,299,0.27,0.0,5.8,4.7,53
1993-01-12,-16.5,-11.9,72,0.00,299,0.26,0.0,6.2,4.7,55
1993-01-13,-15.6,-11.2,73,0.00,308,0.27,0.0,7.1,4.8,57
1993-01-14,-14.2,-9.6,71,0.00,309,0.30,0.0,7.0,4.7,53
1993-01-15,-9.8,-2.7,73,0.00,266,0.34,0.0,7.4,4.1,62
1993-01-16,-7.2,-3.3,80,0.00,294,0.34,0.0,4.6,2.9,65
1993-01-17,-9.2,-4.7,79,0.00,309,0.37,0.0,4.7,3.7,62
1993-01-18,-9.8,-4.1,73,0.00,281,0.40,0.0,5.0,3.2,55
1993-01-19,-8.5,-4.9,78,1.40,182,0.23,6.0,7.6,5.3,60
1993-01-20,-3.2,1.5,86,7.10,144,0.31,13.0,7.9,6.4,80
1993-01-21,0.6,4.0,80,1.40,195,0.60,6.0,12.4,8.7,64
1993-01-22,-2.2,3.0,77,2.80,252,0.53,8.0,7.9,4.9,54
1993-01-23,-5.1,-0.0,73,0.00,241,0.39,0.0,6.1,4.0,58
1993-01-24,-5.7,-2.8,81,1.90,148,0.24,13.0,6.9,6.1,69
1993-01-25,-1.1,6.1,82,3.90,171,0.58,15.0,7.6,6.4,65
1993-01-26,3.7,7.0,81,2.20,211,0.46,8.0,6.6,4.3,70
1993-01-27,4.9,6.1,89,12.50,199,0.38,24.0,7.3,4.6,83
1993-01-28,3.9,6.3,92,7.20,40,0.50,21.0,4.2,2.1,79
1993-01-29,2.7,5.7,90,0.00,184,0.60,0.0,5.0,3.3,76
1993-01-30,0.7,4.8,83,0.00,172,0.65,0.0,6.5,4.8,73
1993-01-31,0.7,3.7,84,0.00,190,0.65,0.0,6.6,4.7,73
1993-02-01,0.1,4.4,77,0.00,202,0.65,0.0,7.6,5.5,63
1993-02-02,-0.2,3.8,77,0.00,211,0.72,0.0,4.8,2.5,67
1993-02-03,-1.5,2.9,80,0.00,193,0.71,0.0,5.6,3.9,70
1993-02-04,-0.2,5.0,74,0.00,190,0.76,0.0,5.2,3.8,63
1993-02-05,1.2,7.2,73,0.00,213,0.85,0.0,5.4,3.2,56
1993-02-06,3.2,6.8,75,0.10,203,0.75,1.0,6.6,5.0,60
1993-02-07,2.2,6.3,82,0.00,186,0.84,0.0,5.8,2.6,71
1993-02-08,2.4,7.1,82,0.00,351,0.90,0.0,5.2,1.9,62
1993-02-09,3.7,7.9,76,0.00,330,0.82,0.0,7.3,3.2,61
1993-02-10,4.7,8.2,86,0.90,176,0.72,6.0,6.3,4.6,71
1993-02-11,4.5,7.8,84,0.00,297,0.68,0.0,3.4,2.2,69
1993-02-12,3.2,6.5,81,0.00,297,0.91,0.0,4.3,3.0,58
1993-02-13,2.5,5.8,77,0.00,264,0.90,0.0,5.2,2.9,60
1993-02-14,0.5,5.8,77,0.00,278,0.81,0.0,14.0,6.7,64
1993-02-15,-5.6,0.4,69,0.00,330,0.80,0.0,13.3,9.0,49
1993-02-16,-8.6,-4.4,67,0.00,319,0.80,0.0,10.0,6.8,48
1993-02-17,-10.6,-4.5,66,0.00,303,0.82,0.0,7.6,3.9,46
1993-02-18,-11.0,-4.8,61,0.00,322,0.79,0.0,6.0,4.3,44
1993-02-19,-8.1,-3.1,64,0.90,356,0.63,7.0,9.0,5.5,54
1993-02-20,-6.3,-3.3,82,6.80,351,0.45,24.0,7.2,5.5,70
1993-02-21,-4.6,-2.1,84,2.00,340,0.57,11.0,6.5,4.5,71
1993-02-22,-5.0,-2.0,75,0.00,305,0.83,0.0,6.6,5.1,59
1993-02-23,-6.7,-3.7,68,0.00,336,0.86,0.0,8.3,6.1,53
1993-02-24,-10.0,-5.3,69,0.00,307,0.86,0.0,8.7,5.3,51
1993-02-25,-10.2,-1.8,60,0.00,285,1.03,0.0,4.7,2.8,31
1993-02-26,-8.5,-2.2,62,0.00,240,1.03,0.0,5.2,2.8,38
1993-02-27,-5.7,0.9,62,0.00,186,1.10,0.0,8.0,5.7,43
1993-02-28,-2.2,3.7,69,0.00,179,1.20,0.0,7.3,5.8,59
1993-03-01,-0.8,4.3,72,0.00,182,1.02,0.0,9.1,6.7,53
1993-03-02,1.7,5.9,74,0.00,188,1.36,0.0,7.3,5.5,59
1993-03-03,1.3,6.0,77,0.30,161,1.03,1.0,7.3,5.3,54
1993-03-04,1.2,5.6,85,3.10,154,0.96,9.0,13.9,7.9,70
1993-03-05,3.4,6.3,86,0.70,180,0.69,3.0,8.8,6.4,79
1993-03-06,5.4,11.7,87,0.00,180,1.14,0.0,8.0,7.1,66
1993-03-07,6.1,11.2,79,0.00,255,1.61,0.0,6.5,4.2,58
1993-03-08,6.2,10.5,77,0.80,274,1.29,3.0,10.2,5.4,58
1993-03-09,2.8,6.1,66,0.00,297,1.80,0.0,10.4,5.5,50
1993-03-10,0.9,5.6,67,0.00,310,1.77,0.0,8.9,5.6,45
1993-03-11,-0.1,5.6,66,0.00,317,1.75,0.0,6.8,4.3,37
1993-03-12,0.5,5.4,59,0.00,64,1.55,0.0,5.2,2.3,42
1993-03-13,0.2,6.4,63,0.00,197,1.76,0.0,5.1,3.0,40
1993-03-14,1.2,5.5,77,3.00,180,0.94,8.0,7.7,6.0,60
1993-03-15,2.5,4.2,80,3.10,239,1.32,13.0,13.2,8.2,51
1993-03-16,-2.0,3.2,67,0.00,324,1.64,0.0,10.2,4.8,43
1993-03-17,0.5,6.1,67,0.20,88,1.31,1.0,9.7,5.9,57
1993-03-18,3.5,6.5,77,0.50,211,1.59,5.0,15.6,8.5,44
1993-03-19,3.3,7.0,66,0.00,240,1.98,0.0,9.0,4.4,51
1993-03-20,4.4,7.8,74,0.50,162,1.28,5.0,8.0,4.6,58
1993-03-21,5.2,9.4,76,1.60,185,1.35,5.0,14.8,7.3,60
1993-03-22,4.4,8.0,88,3.50,148,0.85,11.0,12.6,7.6,77
1993-03-23,5.9,9.0,88,16.30,174,1.34,24.0,9.0,5.8,75
1993-03-24,4.6,8.3,73,0.00,245,2.07,0.0,9.1,4.9,57
1993-03-25,5.9,10.2,64,0.00,325,2.20,0.0,4.8,2.8,36
1993-03-26,5.6,10.2,64,0.00,355,2.25,0.0,4.6,2.5,40
1993-03-27,4.8,8.8,71,0.00,339,2.08,0.0,5.5,3.6,54
1993-03-28,5.7,9.4,71,0.00,297,2.26,0.0,4.7,3.0,43
1993-03-29,5.7,9.8,68,0.00,12,1.77,0.0,4.7,2.4,45
1993-03-30,5.2,9.1,75,0.00,177,1.64,0.0,7.3,3.1,58
1993-03-31,4.8,9.6,83,0.30,166,1.95,3.0,7.4,5.3,58
1993-04-01,7.3,14.1,66,0.30,140,2.25,1.0,5.4,2.3,38
1993-04-02,6.9,9.7,82,2.10,198,2.11,6.0,9.1,6.3,68
1993-04-03,6.3,10.2,81,4.80,176,2.00,18.0,10.2,5.5,63
1993-04-04,5.6,9.3,79,6.90,225,2.17,7.0,7.6,4.4,45
1993-04-05,5.2,10.0,71,0.00,257,2.43,0.0,7.6,5.0,40
1993-04-06,4.9,10.3,69,0.00,201,2.04,0.0,9.7,5.0,39
1993-04-07,6.3,10.9,79,0.00,184,2.13,0.0,9.7,6.5,61
1993-04-08,5.6,9.3,83,4.10,134,1.28,11.0,10.0,6.7,71
1993-04-09,5.7,10.0,85,3.80,183,2.17,11.0,8.4,6.6,64
1993-04-10,5.7,11.7,75,0.10,204,2.62,1.0,6.9,3.8,41
1993-04-11,6.1,11.3,77,0.00,231,2.44,0.0,5.4,2.9,54
1993-04-12,6.1,11.2,76,0.30,228,2.48,3.0,7.5,5.2,40
1993-04-13,6.4,11.5,67,0.10,171,2.04,1.0,9.7,3.9,38
1993-04-14,7.0,12.2,77,0.80,195,2.43,5.0,5.7,3.3,52
1993-04-15,7.1,12.3,73,0.00,150,1.73,0.0,6.2,4.7,54
1993-04-16,7.9,13.8,76,0.00,193,2.35,0.0,12.8,5.5,48
1993-04-17,8.8,13.4,73,0.00,150,2.17,0.0,9.4,5.2,49
1993-04-18,8.2,12.9,77,5.60,226,1.71,15.0,11.0,6.5,42
1993-04-19,7.6,13.5,66,0.00,245,2.44,0.0,7.8,5.8,45
1993-04-20,10.5,17.7,60,0.00,130,3.52,0.0,13.2,4.5,35
1993-04-21,11.0,17.4,63,0.10,172,2.63,1.0,10.6,4.5,36
1993-04-22,8.4,15.5,84,7.10,223,2.19,15.0,6.4,3.2,57
1993-04-23,9.0,15.2,77,1.40,207,3.01,3.0,7.6,5.4,42
1993-04-24,9.6,15.2,71,2.10,163,2.68,7.0,10.1,6.0,43
1993-04-25,8.8,14.2,84,4.20,180,2.21,15.0,12.2,6.2,63
1993-04-26,8.3,14.3,81,2.90,199,2.76,7.0,12.3,7.5,50
1993-04-27,9.4,15.1,72,0.90,213,3.17,2.0,8.7,6.6,39
1993-04-28,9.2,14.7,64,1.80,215,2.29,5.0,9.5,5.3,40
1993-04-29,8.8,15.8,83,7.60,205,2.47,23.0,7.5,4.4,52
1993-04-30,9.4,16.5,77,3.60,258,2.98,13.0,7.4,5.5,44
1993-05-01,11.1,16.2,63,1.90,209,2.01,5.0,12.4,6.1,42
1993-05-02,9.0,15.2,69,1.60,220,3.21,9.0,12.3,9.6,27
1993-05-03,10.5,14.5,51,0.50,22,2.46,3.0,10.3,4.3,29
1993-05-04,10.8,20.5,77,0.30,274,3.66,2.0,6.5,4.9,41
1993-05-05,14.1,21.5,64,0.00,226,4.03,0.0,11.5,6.5,41
1993-05-06,12.9,20.8,81,4.80,210,1.64,9.0,9.0,6.2,48
1993-05-07,8.9,14.9,59,0.00,223,3.36,0.0,10.5,7.7,34
1993-05-08,10.0,15.8,61,0.10,229,3.64,1.0,11.1,7.7,36
1993-05-09,11.4,18.0,53,0.00,206,3.96,0.0,14.0,7.7,36
1993-05-10,14.5,25.5,65,2.00,145,4.44,6.0,14.3,7.8,37
1993-05-11,21.7,30.8,51,0.00,132,5.58,0.0,12.1,4.9,27
1993-05-12,23.9,32.2,47,0.00,17,5.81,0.0,6.8,4.3,25
1993-05-13,24.7,31.9,43,0.00,35,5.63,0.0,7.6,3.9,23
1993-05-14,22.5,30.9,55,0.50,192,4.88,2.0,9.9,4.5,27
1993-05-15,20.9,27.4,60,0.00,214,4.96,0.0,7.7,5.4,31
1993-05-16,20.7,27.6,58,0.00,244,5.30,0.0,9.2,5.6,25
1993-05-17,20.2,27.2,47,0.00,242,5.67,0.0,9.8,4.8,26
1993-05-18,22.4,29.9,44,0.00,100,5.60,0.0,6.6,3.0,22
1993-05-19,23.3,29.6,46,0.00,147,4.83,0.0,8.7,3.8,23
1993-05-20,19.7,28.9,65,2.80,206,3.65,6.0,8.9,6.0,33
1993-05-21,16.6,20.2,73,3.20,234,3.80,8.0,13.9,6.6,41
1993-05-22,15.6,20.4,55,1.00,234,4.38,2.0,12.0,6.9,39
1993-05-23,14.9,21.2,62,0.40,340,3.79,2.0,6.6,4.9,39
1993-05-24,18.5,25.6,51,0.00,27,5.10,0.0,5.2,2.3,27
1993-05-25,21.1,28.0,43,0.00,67,5.46,0.0,4.5,2.6,25
1993-05-26,22.0,27.6,53,0.00,234,5.16,0.0,6.5,3.7,26
1993-05-27,21.0,28.1,58,0.00,185,5.39,0.0,8.9,4.4,26
1993-05-28,20.8,27.1,63,0.00,155,4.88,0.0,8.9,6.3,29
1993-05-29,18.5,26.3,67,3.10,176,4.22,11.0,10.6,7.4,31
1993-05-30,18.6,22.8,53,0.00,149,3.88,0.0,9.4,5.6,38
1993-05-31,18.3,24.2,70,4.20,72,2.92,7.0,7.8,4.7,49
1993-06-01,16.7,21.5,77,14.40,221,3.53,12.0,9.2,5.9,40
1993-06-02,17.1,21.6,67,0.40,26,3.94,3.0,7.9,4.3,41
1993-06-03,17.6,21.8,71,0.50,131,3.76,2.0,6.8,3.1,46
1993-06-04,17.5,22.3,66,0.30,152,3.87,1.0,5.4,3.2,43
1993-06-05,19.4,26.6,60,0.00,4,5.31,0.0,6.2,3.8,27
1993-06-06,21.6,26.9,43,0.00,172,5.48,0.0,8.1,3.7,26
1993-06-07,16.7,26.6,66,2.60,243,2.60,11.0,11.0,7.6,27
1993-06-08,14.9,20.3,62,0.00,247,3.39,0.0,8.6,6.4,39
1993-06-09,16.3,20.6,61,2.90,159,2.50,6.0,13.9,6.7,37
1993-06-10,12.7,19.1,79,2.30,207,3.78,8.0,9.0,6.1,37
1993-06-11,13.7,18.8,67,2.40,207,3.57,7.0,6.8,3.6,38
1993-06-12,12.9,18.9,73,1.90,272,2.89,4.0,9.4,6.1,42
1993-06-13,16.4,22.9,60,0.00,195,4.57,0.0,10.2,4.7,33
1993-06-14,17.9,22.8,58,2.40,159,2.90,4.0,9.5,5.3,33
1993-06-15,14.8,21.2,88,6.70,228,3.27,11.0,6.5,2.7,54
1993-06-16,17.3,23.1,74,2.30,287,4.05,2.0,6.8,4.1,45
1993-06-17,19.7,25.0,64,0.10,249,4.32,1.0,6.2,3.8,43
1993-06-18,22.1,27.7,57,0.00,223,5.68,0.0,11.9,7.0,31
1993-06-19,21.3,27.2,45,0.00,242,6.06,0.0,11.3,7.7,28
1993-06-20,19.9,27.9,42,0.00,244,6.07,0.0,10.2,5.4,27
1993-06-21,19.9,27.9,62,6.00,211,2.81,7.0,9.0,4.1,27
1993-06-22,12.9,17.2,63,3.20,229,3.84,4.0,15.1,9.5,38
1993-06-23,11.4,16.1,60,0.00,245,2.87,0.0,16.9,11.8,35
1993-06-24,14.5,21.7,63,0.00,256,3.62,0.0,11.9,7.8,40
1993-06-25,19.5,26.6,57,0.20,223,4.68,2.0,8.1,5.3,32
1993-06-26,22.0,28.1,52,0.00,191,5.45,0.0,13.5,5.3,31
1993-06-27,16.8,26.9,74,6.30,215,4.30,13.0,12.0,7.3,35
1993-06-28,15.9,20.6,49,0.00,245,5.12,0.0,10.9,5.7,33
1993-06-29,14.9,20.9,60,0.00,253,3.99,0.0,9.4,6.9,37
1993-06-30,16.3,22.7,55,0.00,234,4.79,0.0,8.4,5.9,39
1993-07-01,17.8,22.7,55,0.20,217,4.60,1.0,8.2,6.5,35
1993-07-02,17.3,22.8,60,0.60,285,4.15,4.0,8.9,6.1,35
1993-07-03,17.9,24.3,67,0.80,262,4.75,2.0,7.9,6.5,41
1993-07-04,18.0,23.5,63,1.20,278,4.31,4.0,8.8,6.1,42
1993-07-05,17.3,23.3,63,2.20,258,4.31,3.0,7.2,5.8,41
1993-07-06,16.6,22.7,66,1.50,280,4.57,3.0,7.2,5.5,36
1993-07-07,18.2,24.6,59,0.00,289,4.81,0.0,7.6,5.7,38
1993-07-08,20.1,24.7,60,2.30,254,4.41,5.0,7.6,4.6,43
1993-07-09,16.6,22.2,87,13.00,326,3.09,22.0,4.7,3.0,65
1993-07-10,16.6,20.2,80,2.50,233,3.15,5.0,7.4,3.8,61
1993-07-11,16.3,19.9,76,6.00,188,3.55,11.0,6.9,2.8,51
1993-07-12,13.9,18.1,87,19.10,272,2.48,20.0,5.4,2.9,59
1993-07-13,16.3,19.9,74,2.10,114,3.36,3.0,4.1,2.3,54
1993-07-14,15.2,20.7,81,0.60,329,3.41,1.0,5.2,3.0,50
1993-07-15,16.7,20.7,74,1.10,245,3.85,2.0,6.0,3.7,49
1993-07-16,16.4,19.5,76,2.60,196,3.15,9.0,5.2,3.0,59
1993-07-17,16.4,20.8,78,0.40,311,3.27,3.0,4.7,2.1,52
1993-07-18,17.2,22.5,74,0.10,211,3.83,1.0,5.3,3.7,48
1993-07-19,18.5,22.4,68,0.10,156,3.89,1.0,6.4,3.0,48
1993-07-20,18.0,21.9,80,10.50,259,1.67,11.0,6.0,3.3,50
1993-07-21,15.2,21.3,84,11.20,215,2.87,15.0,10.7,7.7,48
1993-07-22,17.6,21.2,73,0.00,199,3.16,0.0,9.4,5.0,52
1993-07-23,17.8,23.1,70,0.10,229,3.83,1.0,7.8,4.5,42
1993-07-24,17.8,23.0,64,0.90,275,3.93,2.0,8.2,5.4,41
1993-07-25,17.2,23.4,80,3.20,296,3.66,7.0,9.4,5.8,44
1993-07-26,20.2,25.3,59,0.00,304,4.78,0.0,8.7,5.3,42
1993-07-27,21.5,25.8,59,0.00,198,4.51,0.0,12.8,5.8,40
1993-07-28,21.7,28.2,68,0.70,95,4.03,2.0,12.9,4.5,43
1993-07-29,18.7,26.4,83,17.30,251,2.85,20.0,7.7,4.8,50
1993-07-30,15.3,23.0,66,2.60,212,4.31,4.0,13.5,8.7,31
1993-07-31,18.1,23.7,53,0.00,262,4.55,0.0,11.0,5.7,33
1993-08-01,20.8,27.0,57,0.00,12,5.01,0.0,7.3,3.9,36
1993-08-02,22.4,27.5,58,0.00,338,4.95,0.0,6.5,4.6,37
1993-08-03,23.3,28.7,58,0.00,59,4.59,0.0,5.1,2.5,40
1993-08-04,23.5,29.1,66,0.00,41,4.54,0.0,6.3,2.9,39
1993-08-05,23.1,29.2,70,0.50,229,4.69,2.0,4.7,3.2,38
1993-08-06,24.0,30.4,60,0.50,208,5.42,2.0,13.8,6.7,29
1993-08-07,21.8,29.0,58,0.00,282,4.68,0.0,10.7,6.5,32
1993-08-08,21.4,27.9,60,0.00,186,4.73,0.0,12.8,5.6,35
1993-08-09,20.7,27.7,55,0.00,237,4.73,0.0,9.8,6.5,31
1993-08-10,18.6,25.7,64,0.90,281,3.30,5.0,8.8,5.4,30
1993-08-11,16.9,22.3,73,2.00,324,4.03,3.0,6.6,4.6,34
1993-08-12,19.0,25.9,59,0.00,66,4.73,0.0,7.1,2.8,29
1993-08-13,20.8,25.7,57,0.00,243,4.64,0.0,7.4,5.0,30
1993-08-14,20.1,25.3,62,1.10,343,3.30,1.0,7.6,5.0,40
1993-08-15,16.6,19.6,87,3.40,7,1.85,14.0,6.4,4.1,73
1993-08-16,18.0,22.1,84,2.30,336,2.26,7.0,6.8,3.5,59
1993-08-17,18.9,24.8,75,0.00,231,3.14,0.0,6.8,4.5,46
1993-08-18,21.5,26.5,71,0.00,162,3.93,0.0,6.0,3.6,45
1993-08-19,22.0,28.1,74,0.60,90,3.90,2.0,6.1,3.1,43
1993-08-20,24.6,30.1,64,0.00,41,4.35,0.0,6.4,2.8,38
1993-08-21,20.8,26.8,73,0.10,241,3.44,1.0,10.7,6.4,42
1993-08-22,18.9,25.1,63,0.00,218,4.00,0.0,12.6,6.9,41
1993-08-23,18.5,24.4,67,3.90,206,3.55,8.0,17.6,9.4,40
1993-08-24,13.2,18.7,57,0.10,234,3.50,1.0,16.6,8.4,36
1993-08-25,13.3,17.3,62,0.00,273,2.09,0.0,9.3,4.9,36
1993-08-26,16.9,22.6,62,0.00,161,3.14,0.0,7.4,3.7,39
1993-08-27,17.7,22.0,66,2.80,215,2.80,6.0,6.9,4.9,43
1993-08-28,14.1,18.1,84,4.60,305,1.82,12.0,9.8,5.0,60
1993-08-29,14.7,20.5,74,0.00,339,2.81,0.0,7.2,3.9,41
1993-08-30,18.2,23.6,65,0.00,274,3.68,0.0,4.5,2.3,36
1993-08-31,19.3,24.5,68,0.00,185,2.87,0.0,4.9,3.6,37
1993-09-01,20.9,25.5,66,0.00,315,3.44,0.0,9.3,5.2,39
1993-09-02,21.1,27.9,64,0.00,219,3.95,0.0,5.2,3.3,34
1993-09-03,22.7,29.4,58,0.00,210,4.14,0.0,6.3,4.6,33
1993-09-04,22.9,28.6,58,0.00,268,3.98,0.0,7.2,4.9,33
1993-09-05,22.3,27.2,57,0.00,16,4.03,0.0,5.6,3.6,30
1993-09-06,21.5,27.3,58,0.00,349,3.98,0.0,5.9,3.3,30
1993-09-07,22.5,29.5,59,0.00,227,3.81,0.0,4.8,2.8,29
1993-09-08,23.5,29.6,57,0.00,251,4.01,0.0,6.0,4.2,30
1993-09-09,23.5,29.4,58,0.00,324,3.89,0.0,4.7,3.3,26
1993-09-10,23.3,29.8,55,0.00,200,4.18,0.0,10.9,5.7,24
1993-09-11,17.3,29.1,64,11.10,240,2.07,8.0,10.8,7.5,25
1993-09-12,11.3,17.2,72,2.00,315,2.22,4.0,10.0,7.6,35
1993-09-13,14.5,19.7,64,0.00,171,2.75,0.0,7.6,4.3,35
1993-09-14,15.0,19.5,69,1.90,95,1.81,7.0,6.5,4.4,37
1993-09-15,13.4,17.3,76,0.00,323,2.19,0.0,6.4,4.8,57
1993-09-16,13.9,18.9,75,1.30,19,2.68,2.0,6.1,2.3,35
1993-09-17,16.1,20.7,60,0.00,54,3.04,0.0,5.5,2.2,34
1993-09-18,16.7,21.1,65,0.00,204,2.98,0.0,5.4,3.7,33
1993-09-19,15.2,20.5,67,4.20,270,1.96,6.0,7.2,4.6,36
1993-09-20,8.8,13.3,81,6.70,302,0.83,15.0,6.9,5.2,63
1993-09-21,10.4,16.2,79,0.40,271,2.25,2.0,5.7,2.8,42
1993-09-22,14.2,19.5,67,0.00,200,2.73,0.0,5.7,3.6,39
1993-09-23,15.5,21.4,71,0.00,215,2.82,0.0,5.2,2.1,41
1993-09-24,14.7,20.7,79,0.00,191,1.45,0.0,10.6,5.8,46
1993-09-25,13.8,19.4,63,0.00,260,2.78,0.0,10.2,6.8,37
1993-09-26,15.5,23.5,67,0.00,199,2.71,0.0,5.9,3.3,39
1993-09-27,17.1,23.5,70,0.00,237,2.64,0.0,5.5,3.5,42
1993-09-28,18.3,23.5,68,0.00,336,2.76,0.0,5.5,3.8,34
1993-09-29,17.6,25.5,65,0.00,214,2.98,0.0,13.4,5.6,32
1993-09-30,16.4,23.9,54,0.00,285,3.03,0.0,10.3,8.1,32
1993-10-01,15.8,22.4,58,0.00,305,2.61,0.0,9.4,4.9,35
1993-10-02,16.0,22.8,64,0.00,290,2.46,0.0,5.1,3.3,40
1993-10-03,16.5,24.1,70,0.00,192,2.49,0.0,4.0,2.2,42
1993-10-04,18.2,24.6,71,0.00,195,2.56,0.0,5.4,4.0,41
1993-10-05,17.9,24.4,68,0.00,214,2.63,0.0,9.6,5.7,37
1993-10-06,16.5,23.4,71,4.00,258,1.75,10.0,7.3,4.5,44
1993-10-07,9.8,13.9,84,2.70,320,1.07,7.0,8.7,6.3,60
1993-10-08,10.1,15.5,78,0.00,1,1.87,0.0,7.1,4.1,50
1993-10-09,11.2,16.8,76,0.00,332,1.99,0.0,6.5,4.0,45
1993-10-10,12.2,17.6,79,0.00,205,1.98,0.0,3.3,1.8,47
1993-10-11,13.1,17.6,77,0.00,92,1.93,0.0,3.7,1.8,47
1993-10-12,14.2,18.3,78,0.30,205,1.68,1.0,3.8,1.9,54
1993-10-13,13.6,15.9,92,7.10,265,1.14,18.0,3.2,1.7,78
1993-10-14,11.8,14.7,93,5.30,200,1.12,9.0,4.5,3.8,81
1993-10-15,11.8,13.0,85,13.60,54,0.97,24.0,5.2,2.1,78
1993-10-16,10.2,12.6,88,0.90,328,0.99,6.0,4.5,2.1,67
1993-10-17,10.7,14.0,79,0.00,303,1.36,0.0,4.8,3.1,50
1993-10-18,10.8,13.4,77,0.00,201,0.92,0.0,11.0,5.7,55
1993-10-19,7.9,12.7,71,3.00,278,1.55,10.0,8.0,6.7,36
1993-10-20,8.7,12.6,59,0.00,117,1.54,0.0,6.2,4.0,39
1993-10-21,8.0,13.0,78,0.00,152,1.41,0.0,6.3,4.5,46
1993-10-22,8.4,12.5,79,0.30,161,0.79,1.0,8.1,6.6,55
1993-10-23,10.2,11.8,91,7.90,165,0.45,14.0,6.9,5.3,70
1993-10-24,9.9,13.5,75,4.80,219,1.34,7.0,14.0,9.7,46
1993-10-25,9.9,13.2,72,0.00,302,1.30,0.0,5.5,3.9,43
1993-10-26,7.6,11.7,85,0.00,355,1.16,0.0,7.0,2.6,64
1993-10-27,7.1,10.8,88,0.00,218,0.59,0.0,7.6,4.4,70
1993-10-28,9.8,12.2,84,1.50,294,0.91,13.0,7.5,6.3,63
1993-10-29,8.3,11.2,86,0.00,134,1.02,0.0,5.6,2.6,67
1993-10-30,5.8,10.3,85,0.00,154,0.77,0.0,6.5,5.5,64
1993-10-31,7.0,9.7,82,1.50,204,0.85,3.0,9.0,7.0,54
1993-11-01,6.1,10.5,80,0.00,234,1.02,0.0,9.2,5.7,50
1993-11-02,6.9,10.6,78,0.90,183,0.66,5.0,8.4,7.0,60
1993-11-03,7.2,10.2,79,3.70,219,0.81,13.0,9.5,7.9,60
1993-11-04,4.0,8.3,72,0.00,302,0.89,0.0,8.7,7.4,52
1993-11-05,3.7,7.0,69,0.00,34,0.83,0.0,5.8,2.6,57
1993-11-06,5.5,8.3,74,0.00,268,0.83,0.0,4.8,2.6,58
1993-11-07,6.7,8.9,77,0.00,250,0.78,0.0,5.2,3.7,58
1993-11-08,6.4,9.1,84,0.00,227,0.76,0.0,4.5,2.5,65
1993-11-09,5.7,8.4,87,0.00,133,0.59,0.0,4.3,2.5,62
1993-11-10,5.0,7.6,80,0.00,337,0.79,0.0,3.4,2.1,61
1993-11-11,4.5,7.5,84,0.00,53,0.75,0.0,4.8,1.9,65
1993-11-12,4.7,7.4,79,0.00,318,0.64,0.0,7.2,5.4,55
1993-11-13,4.6,7.3,69,0.30,309,0.89,2.0,17.2,8.2,41
1993-11-14,4.4,8.3,65,0.00,203,0.90,0.0,11.0,5.7,43
1993-11-15,4.0,7.2,73,2.40,179,0.71,8.0,17.1,9.2,53
1993-11-16,4.4,6.4,65,3.10,207,0.78,10.0,9.4,6.1,58
1993-11-17,3.5,5.7,82,3.40,174,0.57,15.0,7.6,5.2,65
1993-11-18,2.1,5.9,75,0.80,238,0.64,4.0,8.9,7.6,55
1993-11-19,3.7,7.1,72,0.00,208,0.57,0.0,10.0,7.1,61
1993-11-20,3.6,6.4,83,0.00,179,0.42,0.0,11.7,7.6,72
1993-11-21,2.9,5.0,94,6.20,169,0.34,18.0,9.4,7.7,84
1993-11-22,-9.1,2.8,78,5.10,322,0.31,10.0,15.0,11.0,66
1993-11-23,-13.7,-8.8,75,0.00,338,0.30,0.0,10.1,6.8,66
1993-11-24,-10.1,-4.5,78,0.00,349,0.37,0.0,5.4,3.7,60
1993-11-25,-7.2,-3.0,83,0.00,323,0.38,0.0,4.1,1.8,66
1993-11-26,-6.0,-2.3,84,0.00,175,0.37,0.0,5.2,3.9,65
1993-11-27,-4.8,-1.0,78,0.20,160,0.28,2.0,7.8,6.2,71
1993-11-28,-1.0,2.1,84,0.00,152,0.33,0.0,6.5,4.5,76
1993-11-29,0.3,2.9,90,2.50,149,0.30,13.0,7.9,5.8,81
1993-11-30,1.4,2.9,91,1.00,181,0.38,3.0,8.7,6.4,77
1993-12-01,0.7,3.0,91,2.50,147,0.31,11.0,7.2,5.6,82
1993-12-02,3.4,6.0,84,4.20,210,0.44,8.0,10.0,6.1,61
1993-12-03,2.3,4.6,94,8.00,155,0.28,24.0,7.4,6.2,87
1993-12-04,3.5,4.3,86,10.00,241,0.50,17.0,15.1,9.1,63
1993-12-05,-1.4,2.1,81,0.00,275,0.42,0.0,8.5,3.9,56
1993-12-06,-4.7,-1.3,87,0.00,64,0.33,0.0,5.0,2.3,71
1993-12-07,-5.2,-1.4,91,4.00,126,0.17,12.0,6.6,5.3,76
1993-12-08,-0.4,2.3,93,3.20,128,0.28,11.0,6.1,4.2,82
1993-12-09,2.4,3.4,94,7.40,151,0.23,20.0,9.7,6.2,86
1993-12-10,4.9,7.6,85,11.30,148,0.36,24.0,14.2,9.4,81
1993-12-11,5.8,7.0,90,9.80,128,0.28,20.0,5.5,3.6,83
1993-12-12,2.5,6.5,75,2.40,211,0.51,9.0,11.2,7.5,60
1993-12-13,-1.3,2.8,88,0.10,133,0.29,1.0,9.4,7.1,74
1993-12-14,1.3,3.9,92,3.40,137,0.30,15.0,5.6,4.5,81
1993-12-15,3.1,4.2,93,0.00,297,0.36,0.0,6.3,2.6,84
1993-12-16,-0.7,3.9,94,0.00,349,0.30,0.0,5.6,2.3,78
1993-12-17,-4.1,0.2,90,0.00,301,0.29,0.0,4.2,2.7,73
1993-12-18,-2.9,0.6,91,0.00,212,0.29,0.0,4.4,3.2,73
1993-12-19,-0.8,2.0,93,0.00,302,0.24,0.0,4.4,2.8,76
1993-12-20,-1.0,1.8,92,0.00,218,0.28,0.0,6.0,3.6,75
1993-12-21,-1.4,2.2,89,0.00,286,0.32,0.0,7.6,4.5,70
1993-12-22,-1.0,2.4,86,1.40,264,0.33,5.0,5.7,3.3,66
1993-12-23,-2.0,1.6,90,0.00,262,0.32,0.0,5.6,3.3,70
1993-12-24,-1.1,2.6,89,0.00,243,0.35,0.0,4.6,2.9,70
1993-12-25,-1.5,1.5,90,0.00,198,0.27,0.0,4.3,3.3,70
1993-12-26,-2.0,0.5,88,0.00,272,0.28,0.0,3.9,3.0,70
1993-12-27,-2.1,0.3,87,0.00,311,0.31,0.0,4.1,2.9,71
1993-12-28,-3.0,-0.5,91,0.00,234,0.23,0.0,3.7,2.2,75
1993-12-29,-0.3,2.3,86,0.50,172,0.28,3.0,4.5,2.7,75
1993-12-30,-0.7,1.3,90,2.90,154,0.22,7.0,6.2,4.9,82
1993-12-31,0.8,1.6,90,3.50,175,0.26,13.0,7.1,5.2,83
1994-01-01,1.6,4.1,91,2.00,165,0.37,10.0,7.2,5.3,78
1994-01-02,2.5,5.1,88,3.10,183,0.27,6.0,7.8,6.1,75
1994-01-03,2.3,4.1,85,0.50,211,0.31,3.0,10.8,6.9,76
1994-01-04,1.7,3.5,95,13.30,140,0.21,24.0,8.5,5.7,89
1994-01-05,2.1,4.1,84,1.00,246,0.35,5.0,11.3,7.0,73
1994-01-06,-3.4,-1.3,85,0.00,283,0.37,0.0,8.4,5.8,68
1994-01-07,-1.1,0.7,83,2.90,174,0.27,14.0,8.0,6.2,75
1994-01-08,-0.4,1.5,91,4.70,149,0.28,20.0,6.8,5.3,83
1994-01-09,1.0,3.7,90,0.10,179,0.33,1.0,8.0,6.7,82
1994-01-10,3.0,4.0,83,0.80,192,0.32,6.0,9.0,6.7,76
1994-01-11,2.7,4.7,90,0.30,179,0.32,3.0,6.9,5.7,82
1994-01-12,4.7,8.3,83,2.00,194,0.52,8.0,7.9,6.9,71
1994-01-13,6.0,7.8,81,2.80,218,0.34,11.0,7.8,5.6,74
1994-01-14,5.5,7.4,84,0.00,229,0.52,0.0,6.8,4.5,75
1994-01-15,3.1,6.1,86,0.10,199,0.40,1.0,8.9,6.6,75
1994-01-16,3.9,5.3,79,0.00,235,0.51,0.0,9.0,6.9,76
1994-01-17,4.4,7.0,78,0.30,243,0.43,2.0,7.7,6.1,65
1994-01-18,4.9,6.9,73,0.00,258,0.52,0.0,4.7,4.2,65
1994-01-19,4.6,7.0,84,0.00,295,0.53,0.0,5.2,3.8,65
1994-01-20,0.6,5.8,89,0.00,330,0.52,0.0,5.5,2.2,69
1994-01-21,1.1,4.2,85,0.00,204,0.49,0.0,6.6,3.6,71
1994-01-22,2.6,5.1,83,0.80,176,0.50,3.0,7.6,6.0,78
1994-01-23,4.2,7.7,87,1.70,125,0.52,8.0,5.4,2.6,71
1994-01-24,4.4,7.0,89,3.50,175,0.48,7.0,6.9,4.6,75
1994-01-25,3.3,6.4,90,0.00,328,0.58,0.0,3.4,2.5,74
1994-01-26,4.2,7.0,88,0.00,288,0.54,0.0,3.6,1.4,75
1994-01-27,2.5,6.6,91,0.00,287,0.58,0.0,4.7,3.9,78
1994-01-28,0.4,4.0,89,0.00,302,0.49,0.0,5.9,4.1,73
1994-01-29,1.5,3.9,89,0.70,303,0.40,4.0,5.6,4.5,73
1994-01-30,1.1,3.1,91,0.00,313,0.48,0.0,7.3,4.0,71
1994-01-31,-1.7,1.3,88,0.00,315,0.58,0.0,4.7,3.6,69
1994-02-01,-2.5,1.4,86,0.00,294,0.66,0.0,4.9,2.9,66
1994-02-02,-3.4,1.1,86,0.00,317,0.58,0.0,5.1,3.8,68
1994-02-03,-4.0,-1.1,85,0.00,325,0.57,0.0,5.1,4.0,64
1994-02-04,-4.1,-0.8,84,0.00,323,0.63,0.0,5.8,3.5,64
1994-02-05,-3.3,1.8,84,0.00,218,0.69,0.0,4.5,3.0,60
1994-02-06,-1.9,1.7,86,0.30,274,0.49,3.0,8.1,5.3,67
1994-02-07,-9.5,-2.3,76,0.10,326,0.50,1.0,9.5,7.8,51
1994-02-08,-11.2,-5.1,75,0.00,288,0.46,0.0,7.1,3.4,55
1994-02-09,-7.0,-2.3,75,4.10,154,0.43,19.0,6.4,5.7,60
1994-02-10,-1.9,2.7,80,0.40,207,0.76,2.0,4.8,4.0,50
1994-02-11,-1.2,3.1,76,0.00,221,0.75,0.0,12.5,5.9,54
1994-02-12,-0.4,3.6,77,0.10,168,0.69,1.0,14.5,8.6,70
1994-02-13,1.2,3.8,86,8.70,157,0.59,24.0,12.4,8.1,77
1994-02-14,-0.2,3.1,79,3.50,188,0.64,14.0,12.3,8.1,59
1994-02-15,1.1,6.0,87,5.00,162,0.76,24.0,13.7,8.5,74
1994-02-16,3.8,6.0,89,6.60,147,0.63,23.0,8.8,5.9,81
1994-02-17,4.4,6.6,87,2.30,114,0.60,12.0,8.4,5.5,81
1994-02-18,3.2,6.7,82,14.00,223,0.89,17.0,9.5,6.4,54
1994-02-19,1.4,3.9,75,0.80,200,0.99,5.0,6.1,4.3,56
1994-02-20,-1.4,3.9,85,1.20,153,0.78,5.0,9.8,3.8,69
1994-02-21,1.6,4.4,86,2.30,115,0.75,11.0,7.4,6.2,68
1994-02-22,0.9,3.4,82,3.40,208,0.79,9.0,9.8,6.2,65
1994-02-23,-1.0,2.1,78,7.50,222,0.88,17.0,12.1,8.1,55
1994-02-24,-10.4,-3.4,70,0.00,309,0.66,0.0,7.6,6.7,53
1994-02-25,-9.4,-4.3,73,3.50,34,0.49,12.0,6.0,3.4,54
1994-02-26,-3.8,1.1,80,0.20,158,0.83,2.0,5.2,3.4,68
1994-02-27,0.6,4.2,84,0.50,175,1.02,4.0,5.9,4.8,72
1994-02-28,2.1,4.7,89,5.10,154,0.61,20.0,8.4,6.0,75
1994-03-01,4.8,7.3,90,6.60,162,0.74,17.0,8.2,6.8,86
1994-03-02,6.3,8.7,92,5.40,162,0.97,17.0,9.1,7.1,81
1994-03-03,5.9,9.4,84,4.10,210,1.31,10.0,8.9,5.7,70
1994-03-04,5.4,7.9,80,5.30,202,1.47,11.0,13.0,7.7,47
1994-03-05,1.2,6.4,65,0.00,278,1.55,0.0,11.0,8.1,41
1994-03-06,-2.5,3.5,67,0.00,281,1.46,0.0,7.1,4.9,40
1994-03-07,-2.6,3.7,69,0.00,291,1.13,0.0,6.1,3.4,43
1994-03-08,-1.4,6.6,67,0.00,306,1.62,0.0,4.0,2.6,40
1994-03-09,0.6,6.3,67,0.00,209,1.45,0.0,4.7,2.7,48
1994-03-10,5.0,8.3,74,1.10,191,1.43,6.0,7.6,4.9,62
1994-03-11,6.0,11.1,70,0.40,243,1.89,2.0,7.4,5.0,43
1994-03-12,5.4,9.9,71,0.00,187,1.88,0.0,6.8,5.3,55
1994-03-13,5.7,10.9,77,0.00,184,1.66,0.0,10.2,8.2,62
1994-03-14,8.1,12.3,72,0.00,268,1.98,0.0,12.5,5.3,52
1994-03-15,6.7,12.7,72,0.40,148,2.04,2.0,6.4,3.3,58
1994-03-16,6.4,11.9,76,3.30,219,1.77,9.0,12.9,6.3,58
1994-03-17,3.7,6.6,76,1.00,189,1.23,4.0,13.8,8.8,58
1994-03-18,3.9,6.1,86,12.70,185,1.21,23.0,9.3,6.2,65
1994-03-19,0.9,5.3,68,0.40,221,1.70,4.0,8.8,7.5,42
1994-03-20,1.9,6.7,68,0.10,187,1.78,1.0,16.0,8.3,55
1994-03-21,2.4,5.7,83,4.80,168,1.46,20.0,14.3,8.6,59
1994-03-22,0.8,4.8,72,0.20,202,1.89,1.0,10.0,4.5,38
1994-03-23,0.8,6.2,61,0.00,139,2.00,0.0,3.5,1.6,30
1994-03-24,1.2,7.9,62,0.00,212,2.32,0.0,6.0,2.5,30
1994-03-25,2.4,8.0,67,0.00,292,2.26,0.0,6.1,3.8,44
1994-03-26,5.6,10.7,68,0.00,290,2.46,0.0,7.0,5.4,41
1994-03-27,6.7,16.0,68,0.00,254,2.81,0.0,5.6,3.5,36
1994-03-28,7.4,15.0,69,0.00,292,2.72,0.0,5.8,4.6,48
1994-03-29,8.6,16.1,65,0.00,219,2.97,0.0,5.5,3.2,38
1994-03-30,8.4,16.7,63,0.00,267,3.06,0.0,4.0,2.6,33
1994-03-31,8.2,17.2,68,0.00,282,3.03,0.0,5.0,3.1,37
1994-04-01,8.6,16.0,73,0.00,270,2.82,0.0,8.0,5.4,47
1994-04-02,8.8,15.0,77,0.00,232,2.23,0.0,7.0,4.2,59
1994-04-03,6.2,13.7,84,3.10,236,1.59,11.0,7.9,5.9,66
1994-04-04,5.6,9.8,82,0.90,249,1.81,5.0,7.1,6.1,59
1994-04-05,5.9,10.4,70,1.10,241,2.40,8.0,10.2,5.6,51
1994-04-06,5.3,9.5,82,6.00,77,1.13,12.0,4.3,2.9,59
1994-04-07,4.5,8.9,87,3.20,195,1.85,14.0,7.6,5.6,66
1994-04-08,5.4,8.4,81,2.80,154,1.29,9.0,7.6,4.8,66
1994-04-09,6.5,11.6,86,5.50,138,1.73,19.0,5.4,2.7,60
1994-04-10,7.7,13.7,77,0.00,235,2.93,0.0,7.3,4.7,45
1994-04-11,9.4,15.3,65,0.00,209,3.01,0.0,10.5,6.8,44
1994-04-12,10.6,14.7,67,0.10,214,2.63,1.0,15.8,8.9,44
1994-04-13,6.5,11.4,61,0.40,232,2.78,3.0,15.8,10.9,39
1994-04-14,6.2,11.0,62,1.60,249,2.50,7.0,15.6,8.1,40
1994-04-15,9.8,16.4,59,0.00,208,2.91,0.0,10.6,7.0,48
1994-04-16,13.0,21.2,68,0.00,191,3.24,0.0,8.6,5.3,43
1994-04-17,15.8,22.8,65,0.00,236,3.98,0.0,9.8,6.0,35
1994-04-18,14.0,22.3,67,0.20,287,3.75,1.0,7.6,4.5,37
1994-04-19,14.2,20.4,76,0.80,300,3.10,4.0,6.5,3.6,52
1994-04-20,13.1,22.3,67,0.00,264,3.62,0.0,6.9,4.8,38
1994-04-21,15.3,22.1,71,8.70,212,2.17,11.0,11.0,3.4,39
1994-04-22,9.9,15.7,70,0.00,273,2.98,0.0,7.5,4.6,44
1994-04-23,12.6,18.8,59,0.00,126,3.57,0.0,6.3,3.4,34
1994-04-24,13.4,19.2,56,0.20,23,3.59,1.0,7.9,4.6,34
1994-04-25,11.2,16.6,80,4.90,44,1.83,21.0,7.0,4.7,47
1994-04-26,10.3,15.0,74,0.00,171,2.48,0.0,6.8,4.6,50
1994-04-27,11.0,18.2,68,0.00,320,3.34,0.0,10.8,5.3,31
1994-04-28,13.3,19.1,49,0.00,24,3.93,0.0,10.6,2.9,29
1994-04-29,13.3,19.0,55,0.00,174,3.62,0.0,10.4,5.3,30
1994-04-30,11.7,18.5,69,2.90,248,2.13,10.0,10.2,6.7,37
1994-05-01,8.2,15.0,74,3.50,216,2.54,16.0,7.6,5.0,45
1994-05-02,11.6,16.3,59,0.30,235,3.45,2.0,10.2,5.5,29
1994-05-03,11.3,18.6,52,0.00,257,4.22,0.0,8.6,5.0,29
1994-05-04,12.6,18.5,64,2.60,118,2.07,7.0,6.5,3.7,31
1994-05-05,13.6,21.7,69,0.00,298,3.84,0.0,6.6,3.8,31
1994-05-06,16.3,24.9,54,0.00,29,4.84,0.0,6.6,3.3,32
1994-05-07,18.2,25.3,60,0.00,327,5.05,0.0,9.3,5.3,34
1994-05-08,18.5,26.6,50,0.00,325,5.18,0.0,7.8,3.9,27
1994-05-09,19.3,26.3,58,0.00,246,4.48,0.0,12.1,6.2,29
1994-05-10,18.4,24.1,48,0.00,237,4.55,0.0,10.7,8.1,31
1994-05-11,17.8,24.2,62,0.00,193,3.77,0.0,9.3,4.2,43
1994-05-12,17.2,24.1,59,0.40,238,4.47,1.0,10.3,6.7,28
1994-05-13,12.6,20.0,46,0.40,239,4.50,2.0,11.4,8.6,29
1994-05-14,13.5,19.7,48,0.00,233,4.32,0.0,10.0,5.5,28
1994-05-15,13.7,18.7,65,0.80,71,2.57,5.0,8.9,4.9,34
1994-05-16,10.9,14.9,85,5.00,200,2.05,20.0,7.0,5.3,67
1994-05-17,12.2,18.5,75,2.00,322,3.17,7.0,11.1,5.1,43
1994-05-18,14.4,18.9,60,0.10,325,3.81,1.0,10.4,6.9,41
1994-05-19,15.5,20.5,60,0.00,44,3.73,0.0,10.5,5.4,35
1994-05-20,13.3,17.1,82,9.90,146,2.09,19.0,7.9,3.7,56
1994-05-21,13.7,19.5,69,1.50,216,3.69,6.0,8.0,5.9,47
1994-05-22,14.8,22.7,65,0.30,208,4.56,2.0,8.7,4.2,30
1994-05-23,18.5,25.4,51,0.00,214,5.23,0.0,9.2,4.9,30
1994-05-24,19.6,27.0,57,0.00,225,5.44,0.0,7.3,4.5,30
1994-05-25,19.7,26.6,61,0.00,234,3.72,0.0,6.1,3.1,33
1994-05-26,17.5,24.4,58,0.00,256,4.73,0.0,10.1,6.4,31
1994-05-27,13.9,22.0,47,0.00,257,4.58,0.0,10.1,7.8,22
1994-05-28,13.0,18.3,42,0.00,214,3.54,0.0,15.0,7.3,24
1994-05-29,11.7,16.7,72,7.40,187,3.18,20.0,12.2,7.4,45
1994-05-30,12.7,20.5,53,0.40,212,4.48,1.0,12.0,8.0,27
1994-05-31,16.7,25.6,46,0.00,140,5.46,0.0,9.5,5.8,25
1994-06-01,15.6,24.9,63,1.40,255,4.26,5.0,11.4,7.2,25
1994-06-02,16.2,23.7,44,0.00,229,5.49,0.0,9.5,5.6,26
1994-06-03,19.7,26.4,44,0.00,176,5.54,0.0,8.0,4.6,26
1994-06-04,16.2,26.0,72,5.40,237,2.29,12.0,7.7,6.0,26
1994-06-05,15.7,22.2,61,0.00,194,3.86,0.0,8.6,5.3,36
1994-06-06,14.1,21.6,81,19.30,240,1.13,10.0,6.8,4.4,39
1994-06-07,11.4,17.7,84,2.90,200,3.27,8.0,8.7,6.6,45
1994-06-08,12.9,19.3,64,0.80,222,3.53,4.0,9.2,7.1,40
1994-06-09,16.6,22.5,47,0.00,225,4.71,0.0,8.2,5.6,31
1994-06-10,18.0,24.5,56,0.00,215,4.40,0.0,9.3,3.9,32
1994-06-11,20.1,24.1,59,1.30,220,4.26,2.0,9.8,5.0,40
1994-06-12,18.1,21.6,64,2.10,200,3.47,3.0,9.4,7.0,47
1994-06-13,13.4,18.3,85,13.40,204,3.03,21.0,15.0,7.5,46
1994-06-14,12.2,18.2,59,0.70,227,4.10,3.0,14.0,9.4,45
1994-06-15,12.3,17.1,68,3.60,249,2.87,17.0,10.0,4.7,46
1994-06-16,13.3,16.0,79,4.40,229,2.62,12.0,5.3,2.4,63
1994-06-17,14.7,20.7,73,0.50,174,3.93,3.0,8.4,4.2,39
1994-06-18,15.0,20.1,73,8.80,246,2.46,8.0,10.5,3.6,41
1994-06-19,14.3,20.9,63,0.60,203,3.87,2.0,8.9,5.0,39
1994-06-20,17.9,26.1,55,0.00,39,5.38,0.0,7.9,4.1,30
1994-06-21,21.6,28.6,54,0.00,341,5.76,0.0,7.1,3.4,32
1994-06-22,22.8,30.4,56,0.00,235,5.80,0.0,5.9,4.0,28
1994-06-23,23.2,30.2,55,0.50,223,5.73,1.0,8.0,4.7,26
1994-06-24,17.9,25.8,64,2.20,232,4.17,5.0,9.9,6.9,35
1994-06-25,19.4,26.2,55,0.00,307,5.08,0.0,7.0,3.8,32
1994-06-26,17.0,24.2,67,0.00,260,3.40,0.0,16.2,8.8,41
1994-06-27,17.2,25.3,59,0.00,219,5.35,0.0,15.0,6.3,36
1994-06-28,21.4,28.8,53,0.00,212,5.97,0.0,9.2,6.0,28
1994-06-29,21.9,28.6,48,0.00,239,5.76,0.0,14.1,8.9,29
1994-06-30,19.1,27.1,52,0.00,238,5.15,0.0,13.0,6.0,33
1994-07-01,19.0,26.4,71,8.10,228,3.00,14.0,12.4,5.7,37
1994-07-02,15.2,19.8,59,0.50,239,4.13,2.0,12.7,8.5,37
1994-07-03,14.9,19.3,59,0.20,241,3.59,2.0,15.0,8.3,37
1994-07-04,15.4,19.6,62,0.00,264,3.48,0.0,9.8,5.6,47
1994-07-05,16.6,23.0,71,0.60,327,3.41,2.0,8.4,6.1,40
1994-07-06,20.4,26.7,56,0.00,281,4.75,0.0,8.5,4.9,34
1994-07-07,23.2,30.4,55,0.00,198,5.60,0.0,11.3,5.3,32
1994-07-08,24.2,30.5,48,0.00,224,6.49,0.0,11.0,6.8,25
1994-07-09,22.4,30.1,42,0.00,263,6.19,0.0,9.7,6.7,25
1994-07-10,21.2,28.7,41,0.00,253,6.16,0.0,8.6,6.4,21
1994-07-11,21.7,28.6,41,0.00,266,6.06,0.0,10.2,7.0,20
1994-07-12,22.9,28.5,43,0.00,326,5.76,0.0,8.5,5.9,23
1994-07-13,24.1,30.3,39,0.00,326,5.77,0.0,9.8,3.6,24
1994-07-14,25.0,30.3,50,0.70,267,5.35,1.0,6.5,4.1,24
1994-07-15,23.6,30.1,56,0.40,258,4.97,1.0,5.5,3.4,29
1994-07-16,25.8,33.1,50,0.40,165,5.93,1.0,9.4,4.1,23
1994-07-17,25.0,33.0,39,0.00,234,5.35,0.0,14.2,7.9,23
1994-07-18,19.9,25.4,62,0.60,268,3.88,4.0,10.2,7.4,37
1994-07-19,22.9,30.1,49,0.00,323,5.71,0.0,9.4,5.9,25
1994-07-20,25.7,34.8,40,0.00,82,6.04,0.0,6.8,3.3,18
1994-07-21,29.1,36.8,38,0.00,214,6.63,0.0,6.6,4.8,17
1994-07-22,29.6,36.8,38,0.00,317,6.60,0.0,7.2,5.2,16
1994-07-23,30.6,38.3,34,0.00,28,6.20,0.0,8.1,3.5,16
1994-07-24,30.9,38.4,37,0.00,224,6.21,0.0,7.4,5.0,16
1994-07-25,30.4,38.3,33,0.00,217,5.98,0.0,8.9,5.8,15
1994-07-26,27.2,33.6,43,0.00,236,5.98,0.0,9.8,5.7,21
1994-07-27,26.9,34.6,37,0.00,251,6.40,0.0,8.4,5.2,14
1994-07-28,27.9,35.6,35,0.00,233,6.38,0.0,8.1,4.9,14
1994-07-29,27.7,35.5,36,0.00,239,6.40,0.0,7.6,5.5,14
1994-07-30,23.8,34.8,43,0.00,261,6.02,0.0,9.0,6.5,17
1994-07-31,23.3,31.7,38,0.00,246,6.09,0.0,11.5,5.8,17
1994-08-01,26.7,34.5,37,0.00,231,5.89,0.0,6.9,4.5,16
1994-08-02,28.5,36.6,35,0.00,230,5.92,0.0,6.9,4.1,12
1994-08-03,30.1,36.4,32,1.40,75,4.76,3.0,14.7,3.5,11
1994-08-04,25.0,33.4,63,0.70,99,4.71,2.0,9.2,4.5,23
1994-08-05,23.4,29.8,55,0.00,253,4.39,0.0,10.7,6.5,28
1994-08-06,19.9,25.9,44,0.00,253,4.93,0.0,12.2,5.6,25
1994-08-07,22.9,27.7,45,0.10,17,4.44,1.0,9.2,4.8,24
1994-08-08,20.8,27.5,64,18.80,45,2.84,10.0,10.6,5.4,27
1994-08-09,17.4,21.8,76,7.10,167,3.20,17.0,6.9,3.4,48
1994-08-10,20.2,26.7,61,0.00,51,4.53,0.0,6.6,4.2,35
1994-08-11,23.3,29.8,55,0.00,34,4.83,0.0,5.5,3.6,27
1994-08-12,25.3,31.7,50,0.00,34,5.17,0.0,6.6,4.0,22
1994-08-13,26.4,34.0,47,0.00,177,5.29,0.0,7.6,3.3,18
1994-08-14,27.0,33.6,46,0.00,229,5.26,0.0,7.0,4.9,19
1994-08-15,22.3,31.5,53,0.00,267,4.68,0.0,8.5,6.4,28
1994-08-16,21.5,27.3,54,0.20,272,3.84,1.0,6.6,4.2,29
1994-08-17,18.7,23.5,77,2.90,269,3.16,8.0,9.7,3.3,49
1994-08-18,21.5,27.4,57,0.00,29,4.25,0.0,6.0,3.7,29
1994-08-19,23.6,30.9,52,0.00,2,4.56,0.0,6.9,3.4,24
1994-08-20,22.6,30.8,56,0.00,241,4.57,0.0,7.1,5.6,24
1994-08-21,20.7,27.7,55,0.00,247,4.16,0.0,8.4,6.1,26
1994-08-22,17.8,23.0,59,0.30,229,2.98,2.0,13.8,8.6,41
1994-08-23,17.5,23.6,60,0.10,226,2.89,1.0,13.0,6.1,30
1994-08-24,20.2,25.3,55,0.00,301,4.06,0.0,5.7,3.3,25
1994-08-25,20.6,25.2,52,0.00,345,3.48,0.0,7.0,4.5,24
1994-08-26,16.8,22.5,75,11.60,330,1.55,17.0,4.9,2.9,35
1994-08-27,16.2,23.4,75,1.20,51,3.62,1.0,5.8,3.5,33
1994-08-28,20.7,27.9,56,0.00,58,4.08,0.0,5.6,2.5,27
1994-08-29,19.7,27.0,66,0.50,268,3.54,4.0,7.3,5.4,28
1994-08-30,21.0,25.5,60,0.00,219,3.61,0.0,6.4,3.7,39
1994-08-31,21.3,26.4,63,0.00,118,3.39,0.0,7.6,4.3,37
1994-09-01,19.3,24.5,75,1.60,170,2.89,4.0,7.1,3.2,45
1994-09-02,19.2,23.4,68,0.00,212,3.17,0.0,6.8,3.7,42
1994-09-03,17.5,23.1,67,4.40,221,2.39,12.0,9.0,4.6,42
1994-09-04,14.8,22.4,67,0.10,232,2.97,1.0,8.7,6.1,30
1994-09-05,18.5,25.6,63,0.00,164,3.83,0.0,6.8,3.4,30
1994-09-06,20.4,27.2,54,0.00,162,4.12,0.0,10.4,5.8,22
1994-09-07,21.2,27.7,53,0.00,198,4.05,0.0,12.4,6.0,23
1994-09-08,20.5,27.2,54,0.20,239,3.70,1.0,11.2,5.8,26
1994-09-09,16.0,20.9,74,2.20,238,2.89,5.0,10.0,5.3,38
1994-09-10,14.3,18.3,74,4.30,188,2.26,10.0,10.1,3.3,43
1994-09-11,14.3,18.5,72,3.10,310,2.45,9.0,3.7,2.2,46
1994-09-12,16.2,21.8,65,0.10,182,3.16,1.0,3.3,2.2,35
1994-09-13,18.5,24.6,62,0.00,195,3.45,0.0,11.9,4.8,33
1994-09-14,18.6,23.5,60,0.00,223,2.94,0.0,14.7,8.8,38
1994-09-15,18.5,24.6,62,0.00,209,2.79,0.0,13.0,7.9,38
1994-09-16,19.4,27.0,62,0.00,213,3.39,0.0,5.7,3.4,33
1994-09-17,21.6,28.4,54,0.00,175,3.53,0.0,6.8,3.8,27
1994-09-18,21.9,27.9,55,0.00,233,3.59,0.0,6.6,4.3,28
1994-09-19,21.5,28.3,60,0.00,285,3.36,0.0,6.5,3.2,28
1994-09-20,21.6,27.9,57,0.00,306,3.34,0.0,12.0,6.5,28
1994-09-21,17.4,23.9,47,0.00,309,3.44,0.0,11.2,5.5,24
1994-09-22,19.5,28.0,57,0.00,169,3.28,0.0,6.6,3.4,22
1994-09-23,20.9,29.1,51,0.00,193,3.51,0.0,7.4,5.2,22
1994-09-24,21.4,29.4,56,0.00,314,3.12,0.0,5.9,3.5,22
1994-09-25,22.3,29.3,51,0.00,229,3.65,0.0,12.6,6.1,18
1994-09-26,20.2,27.7,53,0.00,260,3.30,0.0,11.0,5.8,26
1994-09-27,20.2,28.7,56,0.00,246,3.08,0.0,6.8,4.4,27
1994-09-28,21.4,28.3,54,0.00,246,3.20,0.0,9.2,5.0,28
1994-09-29,21.1,26.8,59,0.00,284,2.83,0.0,7.4,4.5,30
1994-09-30,19.7,24.6,61,0.00,218,2.40,0.0,13.6,6.8,38
1994-10-01,17.6,23.4,72,5.10,229,1.65,10.0,10.8,6.7,41
1994-10-02,9.9,14.4,63,0.90,326,2.01,3.0,16.1,10.4,33
1994-10-03,10.9,16.9,51,0.00,336,2.56,0.0,13.7,7.1,32
1994-10-04,13.4,19.4,67,0.00,302,2.40,0.0,8.1,4.0,32
1994-10-05,14.3,19.2,64,0.00,238,2.40,0.0,13.9,5.4,34
1994-10-06,12.5,17.4,62,0.00,284,1.96,0.0,11.5,5.0,32
1994-10-07,13.1,18.0,69,0.00,279,2.09,0.0,6.6,4.3,38
1994-10-08,14.0,19.4,64,0.00,144,2.04,0.0,7.3,4.6,31
1994-10-09,14.6,19.6,60,0.00,164,1.71,0.0,7.1,5.8,34
1994-10-10,14.0,18.8,66,1.50,306,1.37,9.0,6.6,5.1,41
1994-10-11,10.7,14.5,70,0.00,1,1.78,0.0,5.8,3.5,37
1994-10-12,12.2,16.3,64,0.00,53,1.65,0.0,5.1,2.7,39
1994-10-13,13.2,16.7,66,0.00,174,1.75,0.0,12.0,5.1,36
1994-10-14,8.5,15.4,89,18.90,168,0.66,22.0,7.6,5.0,42
1994-10-15,7.5,11.9,89,4.10,328,0.86,10.0,9.8,5.6,57
1994-10-16,8.6,13.8,80,0.00,303,1.59,0.0,7.8,3.2,57
1994-10-17,9.3,13.2,85,0.00,224,0.99,0.0,6.0,3.7,64
1994-10-18,9.3,13.7,82,0.00,267,1.30,0.0,5.0,3.1,53
1994-10-19,10.0,13.3,78,1.00,157,1.11,5.0,9.8,5.7,56
1994-10-20,10.1,13.4,78,1.00,180,1.02,3.0,16.2,8.2,58
1994-10-21,7.4,12.1,78,3.10,218,1.33,8.0,12.6,9.7,42
1994-10-22,7.1,10.3,67,0.90,208,0.95,4.0,7.8,5.6,50
1994-10-23,6.2,10.9,87,11.20,142,0.83,23.0,4.9,3.2,67
1994-10-24,7.6,12.6,86,0.00,127,1.19,0.0,6.0,4.0,56
1994-10-25,7.6,13.5,82,0.00,152,1.33,0.0,10.0,5.9,51
1994-10-26,8.2,12.0,88,6.40,157,0.65,10.0,9.8,8.2,58
1994-10-27,7.8,12.1,87,6.10,202,1.05,16.0,13.7,9.4,61
1994-10-28,5.5,10.1,67,0.40,225,1.11,1.0,10.0,7.4,57
1994-10-29,6.1,9.7,65,0.10,219,1.21,1.0,8.1,7.0,43
1994-10-30,4.9,9.2,73,2.90,176,1.06,8.0,10.2,6.9,50
1994-10-31,4.8,8.1,81,15.10,153,0.64,15.0,14.9,8.3,58
1994-11-01,3.8,7.1,79,1.80,219,0.63,8.0,14.5,8.0,69
1994-11-02,0.7,3.2,77,0.30,301,0.61,2.0,6.7,5.2,65
1994-11-03,-1.1,2.4,80,0.40,187,0.55,4.0,9.4,4.7,57
1994-11-04,0.4,3.8,84,10.30,148,0.46,24.0,9.4,7.6,76
1994-11-05,0.3,3.4,91,1.10,169,0.58,5.0,8.0,4.1,72
1994-11-06,-2.3,1.9,92,2.60,133,0.35,8.0,8.8,6.5,78
1994-11-07,-0.4,3.1,91,0.80,180,0.44,6.0,10.5,7.5,74
1994-11-08,0.4,4.0,90,0.20,155,0.48,2.0,10.5,7.3,75
1994-11-09,2.6,4.3,85,5.60,111,0.51,19.0,11.7,7.0,75
1994-11-10,4.2,6.5,83,0.70,343,0.68,4.0,5.0,3.0,61
1994-11-11,1.7,6.0,90,0.40,151,0.40,3.0,8.5,5.8,66
1994-11-12,2.3,3.7,85,2.20,215,0.60,12.0,7.0,5.7,53
1994-11-13,1.7,4.3,82,0.10,200,0.51,1.0,10.0,5.6,48
1994-11-14,0.2,4.6,88,0.80,154,0.47,7.0,12.8,7.5,75
1994-11-15,2.6,4.1,89,0.80,140,0.39,5.0,7.6,5.7,75
1994-11-16,1.2,2.9,90,5.70,178,0.41,19.0,7.6,5.5,77
1994-11-17,-2.7,0.4,80,0.90,314,0.41,5.0,9.1,6.5,71
1994-11-18,-5.0,-1.8,83,0.00,293,0.41,0.0,6.3,3.9,69
1994-11-19,-3.2,-0.7,82,2.90,156,0.28,9.0,12.2,7.1,75
1994-11-20,-0.9,1.7,84,7.20,218,0.43,19.0,10.7,6.4,71
1994-11-21,-3.1,-0.2,85,1.00,230,0.42,2.0,6.8,5.0,65
1994-11-22,-6.7,-2.9,88,0.00,152,0.29,0.0,10.2,7.8,74
1994-11-23,-3.8,-0.6,82,3.40,159,0.40,11.0,9.0,6.8,73
1994-11-24,0.6,2.3,92,2.00,163,0.35,10.0,7.2,5.2,72
1994-11-25,0.8,3.3,90,7.40,84,0.26,20.0,6.5,4.3,78
1994-11-26,0.6,3.8,87,0.40,259,0.41,2.0,7.2,5.4,58
1994-11-27,-3.0,1.9,90,5.00,151,0.23,13.0,7.1,5.3,60
1994-11-28,-0.1,1.1,81,1.70,221,0.37,7.0,7.1,5.6,67
1994-11-29,-1.3,2.0,88,7.90,163,0.22,19.0,8.7,6.7,65
1994-11-30,2.2,5.0,91,8.70,172,0.35,21.0,10.8,8.4,88
1994-12-01,1.8,3.4,77,7.20,200,0.54,12.0,14.6,8.3,54
1994-12-02,0.8,1.9,85,6.40,178,0.37,14.0,7.8,6.2,70
1994-12-03,-11.6,0.9,79,0.80,312,0.20,3.0,9.4,8.0,71
1994-12-04,-14.0,-9.6,80,0.00,349,0.26,0.0,7.0,4.1,66
1994-12-05,-10.1,-7.6,84,0.00,132,0.22,0.0,4.7,2.2,71
1994-12-06,-8.6,-5.9,85,0.50,164,0.23,4.0,6.6,5.0,73
1994-12-07,-6.6,-3.8,86,0.40,158,0.26,4.0,7.0,5.4,72
1994-12-08,-6.3,-3.5,83,1.50,164,0.21,12.0,9.9,7.2,74
1994-12-09,-2.1,0.9,89,2.00,193,0.30,7.0,7.2,4.3,74
1994-12-10,-3.0,-0.1,91,0.00,137,0.23,0.0,5.9,4.9,81
1994-12-11,-2.3,-0.4,92,0.00,164,0.32,0.0,5.0,3.9,76
1994-12-12,-0.4,1.9,91,0.00,128,0.35,0.0,5.7,3.2,77
1994-12-13,-1.2,1.1,91,0.00,305,0.33,0.0,3.8,2.4,80
1994-12-14,-4.2,-0.2,91,0.00,153,0.22,0.0,7.2,5.4,79
1994-12-15,-3.6,-2.3,88,2.10,147,0.27,11.0,6.8,5.0,81
1994-12-16,-0.7,3.8,91,4.50,143,0.33,13.0,7.7,5.8,76
1994-12-17,1.3,3.6,93,5.70,138,0.22,15.0,6.8,6.1,82
1994-12-18,3.7,4.3,93,8.80,147,0.28,15.0,7.4,5.2,89
1994-12-19,2.4,4.2,92,4.30,151,0.22,16.0,10.5,7.9,86
1994-12-20,3.8,4.7,89,8.00,153,0.28,23.0,8.2,6.8,86
1994-12-21,5.1,6.4,88,4.80,192,0.36,10.0,8.0,5.8,80
1994-12-22,1.8,4.3,91,0.00,152,0.30,0.0,8.7,7.4,85
1994-12-23,1.8,3.8,88,0.00,163,0.33,0.0,9.0,6.4,78
1994-12-24,1.8,4.5,89,0.00,185,0.37,0.0,6.1,3.3,75
1994-12-25,2.2,4.0,88,0.00,199,0.37,0.0,7.0,5.3,76
1994-12-26,0.2,4.8,88,6.80,147,0.26,16.0,7.9,5.7,78
1994-12-27,3.0,4.6,93,12.60,74,0.18,18.0,5.6,4.2,81
1994-12-28,3.0,4.9,88,8.90,190,0.33,16.0,8.9,6.2,68
1994-12-29,-1.8,1.0,78,0.00,299,0.35,0.0,7.9,5.0,69
1994-12-30,-5.4,-1.6,86,0.00,331,0.27,0.0,5.4,3.9,68
1994-12-31,-7.3,-4.9,87,0.00,314,0.29,0.0,5.2,2.8,70
1995-01-01,-7.8,-5.5,90,0.00,286,0.28,0.0,2.9,2.0,78
1995-01-02,-9.7,-6.5,86,0.00,294,0.27,0.0,5.0,3.9,66
1995-01-03,-10.9,-6.9,82,0.00,294,0.27,0.0,5.2,4.1,62
1995-01-04,-10.8,-6.9,78,0.00,285,0.29,0.0,4.8,4.2,61
1995-01-05,-11.8,-7.5,76,0.00,287,0.28,0.0,5.4,4.3,57
1995-01-06,-11.8,-6.3,79,0.00,280,0.29,0.0,5.6,3.8,60
1995-01-07,-11.6,-7.1,81,0.00,305,0.27,0.0,5.4,4.0,59
1995-01-08,-7.6,-3.9,83,2.10,289,0.17,5.0,3.1,1.9,69
1995-01-09,-2.5,1.6,87,1.70,217,0.29,6.0,4.8,2.6,76
1995-01-10,1.3,2.6,92,7.40,234,0.22,18.0,3.5,2.1,87
1995-01-11,2.1,4.4,93,4.80,193,0.33,9.0,6.7,3.6,84
1995-01-12,3.5,5.9,89,0.00,149,0.40,0.0,7.1,4.3,74
1995-01-13,3.7,5.2,92,4.70,95,0.29,15.0,5.8,3.3,81
1995-01-14,2.8,3.8,94,4.50,118,0.25,14.0,6.5,4.0,90
1995-01-15,2.8,5.2,92,5.40,162,0.47,13.0,7.3,4.8,75
1995-01-16,2.5,4.8,86,0.00,205,0.43,0.0,3.7,3.0,75
1995-01-17,0.7,4.0,86,1.20,194,0.37,7.0,6.9,5.3,79
1995-01-18,-1.6,1.4,90,3.20,148,0.32,16.0,6.8,5.5,82
1995-01-19,1.0,4.1,87,0.20,194,0.56,2.0,7.6,5.2,68
1995-01-20,-3.5,3.0,84,0.00,291,0.44,0.0,3.0,1.6,63
1995-01-21,-4.9,-0.1,73,0.00,285,0.53,0.0,3.9,2.8,55
1995-01-22,-7.0,-1.3,69,0.00,287,0.52,0.0,4.5,3.0,52
1995-01-23,-8.2,-1.7,69,0.00,277,0.52,0.0,4.0,2.9,52
1995-01-24,-6.9,-0.7,67,0.00,278,0.46,0.0,3.7,2.9,53
1995-01-25,-3.7,2.5,72,0.00,271,0.58,0.0,3.7,2.7,54
1995-01-26,-0.2,4.5,81,2.90,246,0.55,9.0,3.3,2.7,62
1995-01-27,-0.8,3.8,83,0.00,235,0.60,0.0,3.3,2.8,68
1995-01-28,-1.2,2.6,82,0.00,167,0.45,0.0,6.1,3.7,70
1995-01-29,0.1,3.2,90,2.90,136,0.36,12.0,8.2,6.4,78
1995-01-30,2.8,4.3,91,4.90,161,0.28,9.0,7.9,5.4,86
1995-01-31,3.8,5.1,91,8.30,159,0.38,15.0,7.2,5.9,86
1995-02-01,5.0,8.6,87,3.90,184,0.78,8.0,8.6,7.0,70
1995-02-02,5.2,8.5,78,1.60,212,0.85,6.0,9.2,6.1,56
1995-02-03,4.0,8.0,77,0.00,147,0.65,0.0,7.6,5.3,60
1995-02-04,3.4,7.6,81,0.00,282,0.76,0.0,5.8,3.0,64
1995-02-05,2.3,7.5,78,0.00,301,0.76,0.0,3.9,2.4,61
1995-02-06,4.9,7.7,80,1.80,256,0.51,8.0,5.1,2.3,64
1995-02-07,3.1,5.2,90,5.60,323,0.59,15.0,9.2,6.4,74
1995-02-08,-0.3,3.9,86,0.00,318,0.79,0.0,8.6,5.4,70
1995-02-09,-0.5,5.1,82,0.00,296,0.88,0.0,6.1,4.4,63
1995-02-10,1.3,6.0,74,0.00,283,0.85,0.0,7.4,5.6,56
1995-02-11,0.7,3.5,80,0.30,349,0.74,2.0,6.7,3.7,55
1995-02-12,-3.6,0.3,66,2.60,43,0.78,8.0,14.0,8.6,44
1995-02-13,-10.7,-5.6,66,0.00,7,0.68,0.0,11.6,6.5,43
1995-02-14,-11.6,-5.7,69,0.00,248,0.56,0.0,5.8,3.6,45
1995-02-15,-9.1,-3.0,79,4.30,139,0.50,18.0,7.5,5.7,68
1995-02-16,-1.4,1.1,73,1.10,197,0.60,6.0,7.3,5.9,65
1995-02-17,0.0,4.8,89,6.20,162,0.71,22.0,8.8,7.0,81
1995-02-18,4.0,5.7,82,4.90,188,0.45,13.0,10.1,7.4,72
1995-02-19,4.8,10.0,86,6.30,182,0.80,13.0,8.6,6.3,67
1995-02-20,6.6,9.7,88,14.10,168,1.02,22.0,8.8,6.9,79
1995-02-21,7.2,10.2,82,1.90,226,1.14,3.0,10.2,6.4,62
1995-02-22,5.2,9.9,69,0.00,247,1.38,0.0,10.0,5.0,41
1995-02-23,4.0,9.3,75,0.00,213,1.25,0.0,6.2,3.3,50
1995-02-24,5.2,10.0,74,0.00,195,1.05,0.0,8.3,6.5,62
1995-02-25,6.2,8.2,77,0.10,244,0.98,1.0,8.6,5.6,71
1995-02-26,1.6,5.8,69,0.00,314,1.19,0.0,12.4,7.4,44
1995-02-27,-4.7,-0.1,66,0.00,305,1.17,0.0,9.6,5.8,46
1995-02-28,-6.0,0.2,68,0.00,315,1.15,0.0,7.1,4.1,45
1995-03-01,-4.4,0.4,63,0.00,326,1.23,0.0,7.0,5.2,43
1995-03-02,-6.1,1.4,67,0.00,311,1.29,0.0,7.5,3.4,43
1995-03-03,-3.9,3.7,64,0.00,262,1.27,0.0,3.6,2.4,39
1995-03-04,-1.3,4.0,71,1.50,274,0.74,6.0,7.9,4.0,42
1995-03-05,-6.8,-0.2,73,2.00,314,0.91,7.0,7.8,6.7,48
1995-03-06,-7.0,-2.1,66,0.00,323,1.18,0.0,6.6,4.3,42
1995-03-07,-5.0,2.7,64,0.00,310,1.38,0.0,5.2,3.1,39
1995-03-08,-0.1,3.0,76,3.00,138,0.70,8.0,4.9,3.5,49
1995-03-09,2.0,6.1,91,8.20,124,0.69,23.0,6.6,5.2,80
1995-03-10,5.1,9.8,87,7.40,157,1.18,17.0,13.1,7.6,65
1995-03-11,6.3,9.5,85,5.00,148,1.32,17.0,9.1,6.0,68
1995-03-12,5.4,6.9,78,1.70,198,1.51,5.0,8.2,6.5,62
1995-03-13,4.1,8.1,80,0.10,151,1.23,1.0,10.7,6.0,66
1995-03-14,4.5,8.7,87,2.10,131,1.04,8.0,8.8,6.5,74
1995-03-15,5.5,8.3,83,3.40,211,1.52,7.0,9.2,5.4,61
1995-03-16,4.5,8.3,72,0.20,216,1.95,1.0,9.0,4.3,54
1995-03-17,4.5,9.5,72,0.00,166,1.51,0.0,5.5,4.1,50
1995-03-18,5.3,8.3,79,1.10,157,1.12,4.0,6.2,3.9,67
1995-03-19,6.3,8.8,78,2.00,201,1.88,7.0,8.4,6.4,56
1995-03-20,4.3,7.9,83,3.50,119,1.21,12.0,10.0,6.2,65
1995-03-21,3.6,7.2,83,5.90,157,1.44,7.0,10.7,6.6,66
1995-03-22,4.1,7.6,74,0.30,137,1.71,3.0,11.7,6.3,56
1995-03-23,4.0,7.8,81,4.10,68,1.50,18.0,5.3,3.7,56
1995-03-24,4.2,6.8,72,0.80,224,1.87,3.0,8.9,6.1,49
1995-03-25,2.2,5.9,70,0.20,282,2.17,1.0,7.6,5.4,53
1995-03-26,2.1,7.8,64,0.00,321,2.22,0.0,4.1,2.5,43
1995-03-27,3.2,11.0,66,0.00,317,2.48,0.0,4.1,2.9,37
1995-03-28,6.0,12.7,61,0.00,303,2.74,0.0,3.5,2.1,33
1995-03-29,6.5,13.0,64,0.00,197,2.76,0.0,4.5,2.8,40
1995-03-30,7.0,13.3,67,0.00,191,2.66,0.0,5.4,4.2,45
1995-03-31,6.5,13.6,72,0.00,191,2.49,0.0,6.1,4.7,54
1995-04-01,7.9,13.3,69,1.30,251,2.34,6.0,10.1,6.8,48
1995-04-02,5.9,10.1,69,0.00,229,2.09,0.0,12.1,8.4,57
1995-04-03,5.7,12.8,75,0.00,243,2.21,0.0,8.7,4.2,53
1995-04-04,8.1,13.0,74,0.50,218,2.30,3.0,14.8,6.8,55
1995-04-05,5.1,8.7,66,0.00,240,2.29,0.0,12.6,5.1,50
1995-04-06,6.5,10.2,64,0.00,182,2.28,0.0,10.5,4.6,45
1995-04-07,6.0,8.7,77,2.10,138,1.73,7.0,7.6,5.8,67
1995-04-08,5.9,9.6,83,7.80,200,1.60,22.0,8.2,4.9,71
1995-04-09,5.1,9.4,75,0.10,241,2.26,1.0,8.0,6.6,52
1995-04-10,4.8,10.2,67,0.00,222,1.94,0.0,8.6,5.7,46
1995-04-11,4.9,10.1,72,1.50,203,2.51,7.0,8.1,6.2,26
1995-04-12,5.6,10.3,58,0.00,46,2.03,0.0,8.9,4.0,28
1995-04-13,4.9,7.9,82,14.00,173,1.79,16.0,12.5,5.7,59
1995-04-14,3.7,6.9,66,1.10,218,2.38,6.0,10.2,7.9,48
1995-04-15,3.6,7.6,68,0.20,263,2.65,1.0,6.8,4.4,44
1995-04-16,5.1,10.4,64,0.00,248,3.02,0.0,4.8,2.6,31
1995-04-17,5.2,9.8,71,0.00,169,2.25,0.0,6.6,4.4,40
1995-04-18,6.4,10.1,71,0.40,219,2.37,2.0,5.5,3.6,50
1995-04-19,5.7,10.3,78,0.00,216,1.95,0.0,5.7,3.9,54
1995-04-20,6.2,10.2,69,0.00,153,2.58,0.0,5.5,2.0,37
1995-04-21,6.9,11.1,67,0.00,259,2.92,0.0,7.3,5.4,40
1995-04-22,8.5,13.4,66,0.00,296,3.37,0.0,6.2,4.5,44
1995-04-23,10.2,17.2,61,0.00,258,3.66,0.0,5.4,3.1,32
1995-04-24,9.2,16.0,68,0.70,295,3.00,5.0,14.6,7.1,49
1995-04-25,9.5,15.9,61,0.00,328,3.59,0.0,9.3,5.9,37
1995-04-26,10.6,16.1,62,0.00,161,3.15,0.0,4.9,3.1,41
1995-04-27,10.0,14.0,73,1.90,30,2.97,8.0,8.5,5.7,50
1995-04-28,11.8,16.2,47,0.00,8,3.87,0.0,8.4,5.9,33
1995-04-29,11.1,15.5,57,0.00,119,3.51,0.0,5.6,3.6,34
1995-04-30,9.9,15.2,60,0.50,134,2.91,2.0,7.5,4.6,37
1995-05-01,10.5,17.1,67,0.10,32,3.66,1.0,6.7,3.1,34
1995-05-02,10.5,17.3,71,1.70,292,2.24,4.0,6.5,3.5,37
1995-05-03,9.1,15.7,79,1.80,209,3.19,4.0,8.2,6.7,43
1995-05-04,9.9,16.7,73,0.70,240,3.76,2.0,6.8,3.6,41
1995-05-05,10.7,16.4,66,0.80,349,2.64,3.0,8.2,4.9,41
1995-05-06,11.1,18.3,67,0.00,328,3.66,0.0,14.8,7.1,38
1995-05-07,13.2,17.8,60,0.00,346,3.47,0.0,9.7,7.1,43
1995-05-08,14.0,21.3,61,0.00,60,4.03,0.0,6.9,3.2,36
1995-05-09,15.4,21.1,65,0.30,173,4.09,1.0,7.2,3.4,38
1995-05-10,14.0,20.7,76,3.50,206,2.64,8.0,5.7,3.9,47
1995-05-11,10.6,16.5,89,9.70,236,1.52,20.0,5.3,3.9,67
1995-05-12,9.1,13.5,77,1.50,261,1.99,5.0,7.4,5.9,52
1995-05-13,9.6,19.9,82,0.90,338,3.38,3.0,8.3,4.8,36
1995-05-14,15.8,23.8,56,0.00,233,4.30,0.0,9.3,5.0,33
1995-05-15,16.1,22.8,59,0.00,276,4.84,0.0,10.0,6.9,32
1995-05-16,16.7,22.4,57,0.00,250,4.55,0.0,11.5,5.2,33
1995-05-17,14.1,21.3,65,0.00,241,4.06,0.0,13.6,8.8,34
1995-05-18,11.5,17.7,60,0.00,276,4.25,0.0,13.1,7.8,29
1995-05-19,12.5,19.7,58,0.20,285,4.70,1.0,8.7,4.1,29
1995-05-20,14.3,19.6,52,0.50,277,4.39,2.0,15.5,6.3,29
1995-05-21,12.8,18.8,54,0.00,332,4.44,0.0,11.8,6.6,33
1995-05-22,15.6,22.3,42,0.00,23,5.04,0.0,5.7,2.5,22
1995-05-23,17.5,24.2,40,0.00,26,5.32,0.0,7.3,3.9,23
1995-05-24,17.2,23.5,54,0.10,305,4.84,1.0,7.1,4.9,25
1995-05-25,17.0,23.0,58,1.40,345,4.69,4.0,11.0,5.8,29
1995-05-26,16.8,23.4,49,0.30,80,5.17,1.0,10.2,2.9,25
1995-05-27,18.7,26.9,46,0.00,156,5.51,0.0,6.6,3.3,26
1995-05-28,21.6,29.3,47,0.00,230,5.79,0.0,7.1,4.5,24
1995-05-29,23.2,30.3,44,0.00,223,6.28,0.0,7.6,5.4,24
1995-05-30,22.8,30.1,43,0.00,242,6.32,0.0,12.3,7.3,26
1995-05-31,20.0,26.6,44,0.00,241,6.01,0.0,12.2,6.4,28
1995-06-01,20.4,27.0,47,0.00,245,5.74,0.0,10.0,5.1,29
1995-06-02,21.4,26.9,51,0.00,246,4.41,0.0,6.8,4.4,29
1995-06-03,19.8,26.6,53,0.00,248,5.21,0.0,8.8,4.6,32
1995-06-04,19.0,26.3,60,0.00,263,2.99,0.0,7.7,4.5,33
1995-06-05,14.5,20.2,76,8.60,261,2.43,13.0,10.8,6.2,42
1995-06-06,8.9,16.1,82,19.60,281,1.12,17.0,10.9,8.9,43
1995-06-07,11.9,21.7,77,0.00,319,3.91,0.0,8.7,4.2,33
1995-06-08,18.0,25.1,56,0.00,191,5.33,0.0,8.1,4.8,29
1995-06-09,19.7,25.1,43,0.00,139,5.63,0.0,9.3,6.2,29
1995-06-10,18.9,23.0,51,0.30,166,3.99,1.0,13.6,7.7,34
1995-06-11,16.0,21.8,73,7.10,201,3.16,11.0,10.8,7.1,40
1995-06-12,16.5,21.3,56,0.20,173,4.56,1.0,12.3,7.6,37
1995-06-13,14.9,20.7,71,6.90,208,3.75,14.0,9.9,5.5,44
1995-06-14,14.7,18.7,68,0.50,158,2.80,2.0,8.7,3.8,46
1995-06-15,15.4,22.0,78,2.60,102,3.34,13.0,3.1,1.5,44
1995-06-16,18.4,23.7,65,0.00,263,4.12,0.0,6.5,3.6,43
1995-06-17,17.1,22.7,67,0.20,221,3.30,2.0,8.5,5.1,50
1995-06-18,16.1,19.4,73,3.50,198,3.34,5.0,8.5,4.0,54
1995-06-19,15.6,20.9,67,0.20,249,3.78,1.0,9.4,5.1,42
1995-06-20,14.2,20.9,76,8.00,244,1.82,16.0,9.9,7.6,42
1995-06-21,14.7,22.1,82,5.30,246,3.09,10.0,9.0,5.8,51
1995-06-22,19.4,25.6,68,0.80,256,4.82,5.0,7.1,4.1,44
1995-06-23,20.5,27.4,64,0.30,209,5.57,1.0,7.1,4.9,38
1995-06-24,22.0,27.5,62,0.00,230,5.33,0.0,9.7,5.3,40
1995-06-25,21.2,26.9,57,0.10,229,5.89,1.0,8.2,5.9,30
1995-06-26,20.1,26.8,47,0.00,288,5.55,0.0,13.4,8.7,28
1995-06-27,18.8,25.2,44,0.00,333,5.88,0.0,13.0,7.2,27
1995-06-28,21.4,27.5,46,0.00,2,5.61,0.0,6.3,4.0,28
1995-06-29,23.2,29.6,45,0.00,148,5.87,0.0,5.9,3.2,24
1995-06-30,24.5,30.9,46,0.00,181,5.82,0.0,6.0,3.5,23
1995-07-01,25.8,32.4,43,0.00,209,6.24,0.0,10.5,5.2,17
1995-07-02,21.8,31.9,53,4.60,234,4.04,7.0,12.2,7.9,18
1995-07-03,18.4,23.8,66,0.90,265,4.36,5.0,10.0,7.4,40
1995-07-04,18.8,23.6,57,0.20,233,4.52,2.0,10.0,7.1,39
1995-07-05,19.3,25.6,49,0.00,220,5.47,0.0,9.9,6.5,28
1995-07-06,20.9,26.6,52,0.00,228,4.84,0.0,6.7,4.0,29
1995-07-07,20.8,25.5,67,0.30,246,3.90,2.0,6.9,4.0,40
1995-07-08,21.7,26.6,64,0.00,192,4.38,0.0,7.9,4.5,39
1995-07-09,22.7,27.3,64,2.30,116,3.88,6.0,10.5,3.7,42
1995-07-10,19.6,27.4,66,2.10,227,4.04,11.0,8.3,5.4,38
1995-07-11,19.3,23.4,49,0.00,228,5.05,0.0,9.5,5.7,33
1995-07-12,19.1,25.4,50,0.20,243,5.21,1.0,7.9,4.5,27
1995-07-13,21.6,26.9,49,0.00,255,5.33,0.0,9.6,5.1,28
1995-07-14,20.0,25.7,53,0.10,261,4.83,1.0,10.2,5.7,34
1995-07-15,21.6,27.5,52,0.00,315,5.26,0.0,6.5,5.3,25
1995-07-16,23.8,29.8,43,0.00,326,5.82,0.0,7.8,4.3,24
1995-07-17,24.4,30.7,43,0.00,332,6.32,0.0,9.6,6.0,24
1995-07-18,25.5,31.1,43,0.00,343,6.10,0.0,7.6,5.3,25
1995-07-19,26.0,32.2,40,0.00,349,5.99,0.0,7.6,3.6,22
1995-07-20,27.1,32.7,42,0.50,238,6.14,1.0,10.9,6.5,21
1995-07-21,22.9,30.2,58,0.50,248,4.03,3.0,9.2,6.3,34
1995-07-22,22.5,29.8,56,0.00,245,4.90,0.0,7.9,6.5,27
1995-07-23,21.7,30.3,54,0.00,248,3.87,0.0,9.3,6.5,25
1995-07-24,20.7,25.9,57,0.00,246,3.77,0.0,8.0,5.7,34
1995-07-25,19.7,25.4,65,3.60,224,2.88,8.0,10.6,5.6,36
1995-07-26,19.0,22.6,88,24.20,199,3.03,23.0,15.8,6.5,49
1995-07-27,17.3,23.1,58,0.00,236,4.36,0.0,16.6,9.9,29
1995-07-28,20.1,27.6,52,0.00,185,4.54,0.0,10.1,4.4,30
1995-07-29,17.6,27.5,55,0.30,264,4.10,1.0,15.6,10.0,30
1995-07-30,16.3,23.8,66,0.10,280,3.78,1.0,13.2,4.8,33
1995-07-31,20.8,27.0,50,0.00,218,4.82,0.0,8.2,5.3,33
1995-08-01,22.2,27.1,55,0.00,245,4.29,0.0,9.2,6.6,32
1995-08-02,20.3,26.3,66,1.60,307,3.09,7.0,8.7,3.6,33
1995-08-03,21.6,27.0,65,0.00,314,3.64,0.0,4.7,2.5,40
1995-08-04,24.5,32.5,62,0.00,205,5.21,0.0,9.9,4.8,26
1995-08-05,23.9,32.4,48,0.00,228,4.52,0.0,13.3,8.1,24
1995-08-06,17.2,23.7,71,5.90,230,2.17,12.0,9.5,5.6,50
1995-08-07,14.8,19.3,90,16.40,50,2.17,22.0,9.7,3.9,52
1995-08-08,15.4,20.4,72,2.30,235,3.21,11.0,10.2,8.2,46
1995-08-09,17.6,23.1,60,0.00,250,4.16,0.0,7.3,4.4,37
1995-08-10,18.7,23.0,63,0.00,30,3.18,0.0,7.7,4.3,38
1995-08-11,17.4,22.8,73,1.30,220,3.50,6.0,12.5,7.3,35
1995-08-12,16.8,22.6,61,5.00,236,3.82,7.0,11.2,6.7,35
1995-08-13,14.6,22.9,71,0.80,240,3.36,3.0,6.3,4.5,37
1995-08-14,18.2,22.9,66,0.50,175,2.22,3.0,10.2,4.9,38
1995-08-15,17.8,20.5,66,2.60,224,3.25,10.0,11.8,5.6,45
1995-08-16,15.5,20.0,55,0.30,238,3.47,2.0,10.1,4.5,39
1995-08-17,14.9,18.8,71,6.60,303,1.99,11.0,5.6,2.8,46
1995-08-18,12.9,18.9,79,2.30,193,2.60,8.0,10.5,6.7,44
1995-08-19,17.2,21.6,66,0.70,206,3.23,4.0,12.2,6.5,44
1995-08-20,18.6,25.6,63,0.00,239,4.22,0.0,9.8,4.1,37
1995-08-21,21.1,27.7,59,0.00,186,4.50,0.0,10.2,3.8,25
1995-08-22,20.7,27.0,56,0.00,255,4.62,0.0,7.2,5.5,26
1995-08-23,20.8,26.4,60,0.10,254,4.49,1.0,11.4,5.2,30
1995-08-24,15.8,23.5,57,0.10,257,3.74,1.0,13.4,6.6,34
1995-08-25,17.2,22.4,63,0.00,11,3.54,0.0,5.5,3.2,33
1995-08-26,18.9,23.3,60,0.00,258,3.74,0.0,8.2,4.2,34
1995-08-27,17.9,23.3,57,0.10,206,3.81,1.0,7.1,4.6,32
1995-08-28,19.5,25.1,59,0.00,186,3.90,0.0,6.6,3.5,30
1995-08-29,18.1,24.6,66,2.40,235,3.24,10.0,8.7,5.2,32
1995-08-30,17.7,22.7,60,0.10,229,3.33,1.0,7.0,3.8,36
1995-08-31,19.6,26.2,60,0.00,73,4.04,0.0,7.5,3.4,31
1995-09-01,21.1,28.0,58,0.00,67,4.26,0.0,5.9,3.2,28
1995-09-02,22.3,30.4,58,0.00,188,4.45,0.0,6.9,3.9,24
1995-09-03,23.2,31.4,54,0.00,247,4.37,0.0,5.4,3.5,22
1995-09-04,24.6,31.0,46,0.00,27,4.20,0.0,8.4,4.7,23
1995-09-05,20.6,30.2,65,0.40,239,2.46,2.0,7.9,4.9,28
1995-09-06,16.9,22.1,80,3.20,37,2.55,9.0,5.4,2.8,42
1995-09-07,19.6,25.2,64,0.00,349,3.66,0.0,9.1,6.4,40
1995-09-08,20.3,26.2,69,0.00,247,3.22,0.0,6.7,3.3,40
1995-09-09,21.3,27.0,69,0.00,188,3.45,0.0,5.4,3.3,35
1995-09-10,22.7,29.2,58,0.00,219,3.89,0.0,5.9,4.4,24
1995-09-11,22.0,28.8,47,0.00,232,4.32,0.0,9.2,6.7,23
1995-09-12,21.1,27.0,53,0.00,266,4.00,0.0,9.2,5.6,26
1995-09-13,21.8,27.2,57,0.00,329,3.65,0.0,5.4,4.0,26
1995-09-14,21.4,27.4,55,0.00,326,3.63,0.0,5.0,3.4,25
1995-09-15,22.4,27.7,58,0.00,338,3.67,0.0,7.2,3.9,26
1995-09-16,20.9,26.9,57,0.00,334,3.68,0.0,7.6,5.2,32
1995-09-17,20.7,26.7,60,0.00,329,3.41,0.0,6.4,3.1,33
1995-09-18,19.7,26.4,63,0.40,301,3.23,2.0,11.4,6.2,34
1995-09-19,18.2,22.4,52,0.00,325,2.97,0.0,10.5,5.1,30
1995-09-20,17.6,21.6,53,0.00,339,3.29,0.0,7.9,4.9,21
1995-09-21,16.6,22.0,54,0.00,118,3.06,0.0,6.2,2.8,22
1995-09-22,17.6,23.2,59,0.00,336,2.91,0.0,5.6,2.7,27
1995-09-23,18.0,25.0,62,0.00,126,3.06,0.0,6.0,2.8,25
1995-09-24,19.9,25.4,51,0.00,168,3.25,0.0,6.3,4.0,18
1995-09-25,18.8,25.1,49,0.00,190,3.15,0.0,5.1,3.2,19
1995-09-26,17.3,24.6,67,1.60,175,1.61,5.0,6.8,4.1,22
1995-09-27,13.5,17.4,84,3.10,152,1.18,10.0,8.8,5.9,65
1995-09-28,13.6,17.2,85,2.60,164,1.60,8.0,7.6,6.0,70
1995-09-29,14.1,18.5,75,0.40,219,1.87,1.0,6.6,5.2,44
1995-09-30,14.1,18.3,77,9.00,186,1.33,11.0,10.5,6.4,45
1995-10-01,8.9,15.5,79,3.60,262,1.65,5.0,9.5,5.7,35
1995-10-02,11.8,15.5,68,4.20,157,0.99,6.0,10.7,4.7,36
1995-10-03,9.6,13.6,87,4.60,220,0.90,11.0,11.5,7.5,52
1995-10-04,10.3,14.9,60,0.00,304,1.96,0.0,9.7,5.9,37
1995-10-05,10.9,14.6,65,0.00,126,1.92,0.0,13.5,7.0,40
1995-10-06,11.9,15.9,66,0.00,153,1.96,0.0,10.8,5.1,47
1995-10-07,10.7,16.0,74,1.50,228,1.73,3.0,8.7,5.9,43
1995-10-08,11.6,15.2,76,2.00,182,1.68,9.0,9.7,7.0,49
1995-10-09,10.9,15.3,69,0.40,190,1.50,3.0,15.4,8.3,49
1995-10-10,10.4,15.3,87,8.70,178,1.15,21.0,10.8,8.7,57
1995-10-11,10.7,13.9,86,11.80,171,1.23,18.0,8.1,5.4,73
1995-10-12,7.9,12.8,84,4.40,221,1.42,13.0,8.0,6.6,51
1995-10-13,8.9,12.1,71,2.20,166,0.77,9.0,7.3,5.4,56
1995-10-14,9.9,16.0,78,0.00,164,1.02,0.0,8.3,5.9,59
1995-10-15,12.6,18.2,78,0.00,172,1.42,0.0,7.6,5.5,56
1995-10-16,11.9,16.9,86,8.40,207,1.04,15.0,8.9,6.8,65
1995-10-17,9.8,12.1,93,9.30,144,0.44,18.0,6.9,5.0,88
1995-10-18,7.3,12.4,81,2.20,246,1.42,10.0,11.8,7.7,37
1995-10-19,8.9,12.8,70,0.00,171,1.50,0.0,9.6,5.1,39
1995-10-20,8.1,12.4,71,0.00,173,1.35,0.0,14.3,8.2,47
1995-10-21,8.2,10.9,70,1.90,204,1.05,12.0,9.5,5.3,53
1995-10-22,7.0,10.3,86,0.20,247,1.08,1.0,5.6,3.7,58
1995-10-23,5.9,9.6,81,1.20,148,0.99,3.0,9.3,6.6,62
1995-10-24,7.5,10.2,83,0.00,202,0.85,0.0,7.4,5.9,60
1995-10-25,7.7,9.8,86,4.60,166,0.42,9.0,9.8,6.1,64
1995-10-26,6.7,11.1,85,4.60,220,1.13,7.0,16.3,9.9,52
1995-10-27,7.3,10.3,68,0.00,243,1.16,0.0,12.0,6.7,44
1995-10-28,6.6,9.6,67,0.80,291,1.03,5.0,6.2,4.6,50
1995-10-29,4.4,7.0,71,0.00,360,0.97,0.0,9.2,5.6,47
1995-10-30,3.3,5.8,72,0.00,2,0.98,0.0,6.4,3.6,54
1995-10-31,1.0,4.3,69,0.00,354,0.81,0.0,11.6,6.4,43
1995-11-01,1.9,4.8,56,0.00,23,1.02,0.0,7.2,2.9,48
1995-11-02,1.3,5.7,64,0.00,50,0.94,0.0,5.3,2.3,50
1995-11-03,3.1,6.2,70,0.00,330,0.88,0.0,5.8,4.2,52
1995-11-04,2.3,4.9,72,0.00,140,0.63,0.0,10.1,5.9,50
1995-11-05,2.9,7.5,69,0.80,186,0.96,4.0,11.6,7.9,46
1995-11-06,2.9,5.3,81,7.20,250,0.76,17.0,5.4,4.0,60
1995-11-07,1.6,5.2,86,15.60,88,0.23,16.0,8.4,4.4,58
1995-11-08,2.9,5.8,92,19.30,144,0.34,24.0,9.5,6.5,89
1995-11-09,3.5,6.8,79,3.50,236,0.66,13.0,13.2,8.2,62
1995-11-10,-6.0,1.1,74,2.20,312,0.39,7.0,9.3,6.1,65
1995-11-11,-1.0,5.2,83,15.10,134,0.70,13.0,8.3,6.2,65
1995-11-12,6.1,7.6,81,1.40,197,0.60,8.0,9.1,6.9,71
1995-11-13,3.6,6.6,93,5.00,162,0.24,12.0,6.9,5.5,79
1995-11-14,5.4,7.2,88,10.80,150,0.31,20.0,6.4,3.6,84
1995-11-15,4.1,6.2,95,1.00,171,0.45,6.0,7.4,4.5,86
1995-11-16,6.2,7.5,94,1.00,190,0.46,6.0,7.7,5.6,89
1995-11-17,4.5,6.2,94,4.80,143,0.38,20.0,7.0,5.7,88
1995-11-18,5.9,6.9,85,4.00,194,0.76,13.0,15.3,10.3,65
1995-11-19,4.0,5.9,85,0.00,243,0.63,0.0,9.7,5.4,65
1995-11-20,0.5,5.0,90,0.00,349,0.51,0.0,7.2,2.0,72
1995-11-21,2.2,4.0,89,0.00,218,0.32,0.0,4.0,2.1,74
1995-11-22,4.4,5.3,89,1.00,172,0.38,7.0,6.3,5.0,83
1995-11-23,4.4,5.4,91,7.20,159,0.24,13.0,7.3,6.0,84
1995-11-24,6.1,7.0,93,1.10,176,0.40,8.0,7.2,6.0,89
1995-11-25,5.5,6.6,96,11.20,177,0.44,17.0,7.5,6.0,90
1995-11-26,4.9,5.9,93,0.20,193,0.41,2.0,8.0,6.2,82
1995-11-27,3.7,6.0,90,7.90,196,0.21,11.0,6.6,5.2,80
1995-11-28,2.5,3.4,96,29.80,159,0.15,24.0,6.0,3.5,93
1995-11-29,4.9,6.0,90,13.00,173,0.32,19.0,9.0,7.9,86
1995-11-30,5.0,7.4,83,2.60,198,0.57,5.0,13.4,8.2,71
1995-12-01,4.5,7.0,89,4.80,188,0.46,12.0,9.2,7.1,80
1995-12-02,0.2,4.6,82,7.90,200,0.51,13.0,12.7,9.1,57
1995-12-03,-0.5,1.8,82,0.00,173,0.44,0.0,12.7,8.4,58
1995-12-04,-1.3,1.5,76,6.80,244,0.50,12.0,20.3,9.1,46
1995-12-05,-3.1,0.7,81,0.80,325,0.39,5.0,7.2,3.7,58
1995-12-06,-4.6,-2.0,88,0.00,193,0.31,0.0,6.8,2.6,66
1995-12-07,-7.1,-2.3,79,0.90,281,0.27,3.0,12.5,8.2,60
1995-12-08,-17.4,-12.0,76,0.00,333,0.23,0.0,10.6,5.7,60
1995-12-09,-11.5,-6.9,82,0.00,1,0.21,0.0,4.1,2.8,65
1995-12-10,-7.1,-4.3,86,12.50,110,0.15,24.0,5.5,4.6,70
1995-12-11,-1.8,2.4,92,8.20,148,0.28,15.0,7.8,5.2,83
1995-12-12,2.1,3.5,96,8.60,78,0.21,21.0,6.9,4.5,87
1995-12-13,3.6,4.6,93,8.50,160,0.32,17.0,8.2,6.5,87
1995-12-14,2.9,4.6,94,2.40,155,0.20,8.0,9.2,7.4,85
1995-12-15,1.3,3.4,95,1.10,160,0.32,3.0,9.4,7.6,83
1995-12-16,2.2,3.6,91,0.10,178,0.34,1.0,8.3,5.8,78
1995-12-17,-2.1,2.6,92,0.10,147,0.21,1.0,7.4,6.0,82
1995-12-18,-1.8,0.1,91,1.30,132,0.20,4.0,6.5,4.6,84
1995-12-19,0.3,2.7,89,1.00,152,0.30,4.0,5.3,3.7,77
1995-12-20,1.2,3.3,93,0.00,160,0.28,0.0,4.9,3.0,79
1995-12-21,-1.5,2.9,94,0.00,155,0.24,0.0,5.3,3.8,84
1995-12-22,-3.0,-1.0,92,0.00,152,0.28,0.0,6.4,3.8,82
1995-12-23,-3.4,-1.2,91,0.00,247,0.30,0.0,2.9,1.7,75
1995-12-24,-4.2,-0.9,91,0.00,227,0.31,0.0,3.3,2.2,73
1995-12-25,-4.2,-1.7,92,0.00,218,0.29,0.0,3.9,3.0,75
1995-12-26,-4.8,-2.2,92,0.00,224,0.28,0.0,3.1,2.2,81
1995-12-27,-4.4,-2.4,93,0.00,223,0.23,0.0,2.9,2.0,80
1995-12-28,-3.7,-2.5,90,0.00,193,0.25,0.0,5.4,2.8,76
1995-12-29,-3.4,0.2,88,5.20,143,0.20,15.0,6.5,5.0,73
1995-12-30,0.8,2.8,94,7.10,160,0.24,21.0,4.8,2.2,84
1995-12-31,2.6,4.6,90,8.90,320,0.36,12.0,5.0,3.1,77
1996-01-01,2.1,3.9,93,1.90,337,0.24,5.0,3.4,2.4,80
1996-01-02,0.6,2.5,91,7.50,149,0.19,19.0,7.3,5.5,86
1996-01-03,1.6,3.4,88,4.60,231,0.32,16.0,9.0,6.6,74
1996-01-04,-6.2,-1.2,81,2.60,317,0.21,15.0,7.8,6.6,78
1996-01-05,-8.4,-4.7,85,1.30,331,0.30,10.0,6.2,3.8,69
1996-01-06,-6.4,-3.5,86,4.70,124,0.18,16.0,6.4,4.5,72
1996-01-07,-2.4,-0.1,90,3.70,156,0.31,13.0,8.3,5.4,83
1996-01-08,1.2,4.2,90,0.00,180,0.45,0.0,8.6,7.0,74
1996-01-09,0.4,2.3,92,0.50,160,0.32,4.0,8.4,6.6,82
1996-01-10,2.1,3.0,86,0.30,187,0.28,3.0,9.3,7.6,82
1996-01-11,2.4,4.4,86,0.70,173,0.35,7.0,9.1,7.8,79
1996-01-12,1.1,3.9,80,0.00,173,0.51,0.0,10.1,8.3,69
1996-01-13,2.0,4.6,79,0.10,180,0.42,1.0,8.9,7.1,71
1996-01-14,3.4,3.8,89,8.30,182,0.23,24.0,6.5,4.7,76
1996-01-15,2.2,4.5,94,6.20,162,0.36,23.0,8.0,6.0,88
1996-01-16,1.6,3.9,81,2.80,227,0.47,14.0,13.2,7.8,62
1996-01-17,-10.3,-2.3,76,0.00,312,0.33,0.0,9.9,6.9,64
1996-01-18,-10.6,-8.2,82,0.00,33,0.30,0.0,5.4,2.3,62
1996-01-19,-10.5,-8.2,81,0.70,342,0.27,7.0,6.7,3.8,70
1996-01-20,-8.3,-7.1,83,1.70,345,0.22,6.0,5.8,3.4,70
1996-01-21,-10.2,-8.7,81,6.10,332,0.31,14.0,6.1,4.8,66
1996-01-22,-12.1,-5.8,76,0.00,303,0.32,0.0,7.1,3.6,62
1996-01-23,-6.2,-3.9,88,4.70,160,0.32,23.0,4.0,1.8,73
1996-01-24,-6.9,-4.2,85,1.80,331,0.42,16.0,6.0,4.2,66
1996-01-25,-9.1,-5.0,79,0.00,309,0.44,0.0,6.1,4.1,59
1996-01-26,-7.2,-3.6,79,1.30,323,0.48,10.0,4.5,3.2,53
1996-01-27,-8.8,-4.2,80,2.30,356,0.28,19.0,6.6,4.1,61
1996-01-28,-14.6,-9.8,75,2.30,321,0.24,17.0,8.8,6.6,60
1996-01-29,-21.1,-15.3,72,0.10,320,0.22,1.0,7.5,5.5,57
1996-01-30,-21.9,-16.1,64,0.00,313,0.30,0.0,7.0,4.7,37
1996-01-31,-19.0,-12.3,64,0.00,308,0.37,0.0,6.2,5.1,39
1996-02-01,-17.1,-10.9,67,0.00,300,0.41,0.0,5.7,4.8,44
1996-02-02,-15.9,-8.7,67,0.00,280,0.46,0.0,5.5,3.4,41
1996-02-03,-14.1,-7.8,63,0.00,225,0.46,0.0,5.2,3.1,41
1996-02-04,-9.3,-3.7,65,1.50,182,0.38,5.0,6.3,4.4,45
1996-02-05,-5.4,-1.1,80,2.40,160,0.45,12.0,8.8,5.5,62
1996-02-06,-0.1,2.7,82,5.20,167,0.40,13.0,10.5,7.6,69
1996-02-07,3.4,7.8,81,3.20,189,0.83,9.0,9.7,6.7,62
1996-02-08,3.6,6.5,91,17.30,154,0.35,22.0,8.0,4.6,68
1996-02-09,3.3,6.2,75,5.80,284,0.93,10.0,13.0,7.3,43
1996-02-10,-2.6,3.2,67,0.00,292,0.90,0.0,5.6,2.2,39
1996-02-11,-3.7,4.5,66,0.00,258,0.91,0.0,3.3,2.3,41
1996-02-12,-0.5,7.1,70,0.00,230,0.94,0.0,5.1,2.9,51
1996-02-13,3.1,6.7,68,0.00,223,0.58,0.0,5.9,3.8,53
1996-02-14,2.2,8.9,77,0.00,293,1.13,0.0,4.4,3.7,56
1996-02-15,1.6,8.3,75,0.00,289,1.16,0.0,5.6,3.0,48
1996-02-16,2.0,8.8,72,0.00,275,1.18,0.0,3.7,2.6,47
1996-02-17,4.3,8.0,75,0.50,195,0.78,4.0,5.6,3.5,56
1996-02-18,3.5,7.6,89,4.00,163,0.85,19.0,11.3,7.5,78
1996-02-19,4.4,6.6,90,2.10,191,0.85,11.0,8.7,5.9,74
1996-02-20,3.3,6.7,88,3.90,138,0.84,9.0,9.6,7.2,72
1996-02-21,3.8,5.5,80,4.60,160,0.77,10.0,8.1,5.0,55
1996-02-22,1.6,3.5,77,1.30,205,0.97,7.0,17.8,8.1,45
1996-02-23,-0.5,2.9,78,1.00,185,1.10,6.0,10.2,7.3,54
1996-02-24,-1.2,2.6,74,0.00,316,0.95,0.0,6.1,3.1,54
1996-02-25,-2.3,1.0,75,0.00,316,0.86,0.0,8.4,5.5,56
1996-02-26,-5.7,-1.1,74,0.00,306,1.01,0.0,7.7,4.9,57
1996-02-27,-5.6,-1.2,66,0.10,19,0.97,1.0,8.3,3.8,43
1996-02-28,-5.8,-1.9,56,0.00,28,1.20,0.0,9.5,6.1,44
1996-02-29,-7.2,0.6,65,0.00,308,1.17,0.0,6.6,3.9,37
1996-03-01,-5.0,5.1,64,0.00,280,1.37,0.0,4.2,2.9,36
1996-03-02,-2.0,7.1,66,0.00,272,1.47,0.0,5.2,3.4,37
1996-03-03,0.3,7.4,72,1.90,290,0.97,5.0,6.5,4.7,36
1996-03-04,-2.6,0.5,83,8.60,353,0.75,22.0,8.7,7.4,64
1996-03-05,-5.5,-1.1,75,0.00,330,1.16,0.0,7.9,5.0,48
1996-03-06,-1.9,4.5,68,1.90,197,1.17,12.0,6.8,4.1,41
1996-03-07,0.7,4.0,85,7.80,10,0.87,24.0,6.5,3.5,70
1996-03-08,1.8,6.2,87,1.80,161,1.01,10.0,4.4,2.4,67
1996-03-09,3.9,9.4,84,1.50,156,1.06,11.0,5.9,5.0,69
1996-03-10,6.2,10.9,86,1.20,173,1.45,10.0,7.1,5.6,67
1996-03-11,6.8,11.4,85,1.40,180,1.51,8.0,6.9,5.6,67
1996-03-12,5.9,10.7,84,1.00,248,1.53,7.0,7.3,5.2,72
1996-03-13,4.6,10.2,75,0.50,287,1.88,3.0,6.9,4.5,43
1996-03-14,5.0,12.4,72,0.00,234,2.01,0.0,5.8,3.0,50
1996-03-15,5.7,10.8,73,2.70,232,1.71,7.0,14.9,9.8,52
1996-03-16,4.4,7.9,74,0.00,249,1.49,0.0,14.1,8.1,57
1996-03-17,4.3,8.3,74,0.20,262,1.74,2.0,7.9,6.6,55
1996-03-18,4.5,9.8,71,0.00,206,2.07,0.0,9.8,3.5,47
1996-03-19,5.7,10.0,69,1.40,157,1.87,7.0,12.0,6.9,49
1996-03-20,6.1,11.0,69,0.00,218,2.11,0.0,6.4,4.9,40
1996-03-21,5.6,10.7,71,0.00,148,1.83,0.0,4.5,1.7,51
1996-03-22,6.0,10.1,70,0.60,340,1.74,6.0,11.4,4.6,47
1996-03-23,1.6,7.0,71,0.00,302,1.86,0.0,14.0,8.5,45
1996-03-24,-2.9,1.9,66,0.00,339,1.76,0.0,13.6,9.2,39
1996-03-25,-3.0,4.8,65,0.00,279,1.90,0.0,10.2,4.6,41
1996-03-26,2.0,6.3,64,0.10,286,1.97,1.0,9.6,6.0,40
1996-03-27,1.7,5.0,55,0.00,11,2.17,0.0,10.6,8.1,42
1996-03-28,0.6,6.1,61,0.00,325,2.13,0.0,9.8,4.5,33
1996-03-29,2.3,6.4,66,2.20,342,1.71,14.0,6.7,4.0,32
1996-03-30,1.6,5.3,78,4.30,265,1.77,20.0,5.6,2.8,70
1996-03-31,3.0,7.1,80,3.90,134,1.55,19.0,10.8,3.7,58
1996-04-01,3.7,6.4,91,7.40,129,1.24,24.0,5.8,4.3,77
1996-04-02,4.4,6.8,70,3.60,224,2.16,11.0,13.0,8.5,38
1996-04-03,3.1,7.0,66,0.00,220,2.12,0.0,8.4,4.8,45
1996-04-04,5.5,10.3,67,0.00,186,2.47,0.0,8.3,4.4,49
1996-04-05,6.2,10.2,75,0.00,172,1.85,0.0,8.3,6.2,63
1996-04-06,9.5,14.7,74,0.00,203,2.04,0.0,8.8,6.0,60
1996-04-07,9.7,16.0,81,4.20,210,2.12,13.0,6.8,5.1,62
1996-04-08,9.9,18.8,76,0.00,218,3.13,0.0,4.5,3.4,51
1996-04-09,9.9,17.1,80,0.20,243,2.36,2.0,4.6,3.0,54
1996-04-10,9.6,15.8,70,0.00,254,2.73,0.0,10.4,5.2,46
1996-04-11,7.3,13.7,75,0.30,219,2.04,3.0,8.0,5.5,60
1996-04-12,6.3,9.2,82,3.80,184,2.08,13.0,6.9,5.3,65
1996-04-13,5.7,10.1,75,0.10,231,2.68,1.0,6.8,4.7,58
1996-04-14,7.1,12.7,67,0.00,199,2.90,0.0,6.6,4.7,44
1996-04-15,9.5,12.9,65,0.10,159,2.56,1.0,8.7,4.8,50
1996-04-16,8.3,13.2,84,5.10,127,1.33,12.0,8.9,4.8,62
1996-04-17,6.8,9.9,79,3.70,195,2.55,15.0,8.1,6.5,60
1996-04-18,6.4,9.4,73,3.20,210,2.40,7.0,7.7,5.4,53
1996-04-19,6.0,9.5,66,0.00,209,2.97,0.0,9.9,5.8,53
1996-04-20,7.6,13.7,61,0.10,232,3.46,1.0,5.4,3.2,30
1996-04-21,8.3,13.6,64,0.00,228,3.29,0.0,6.9,3.8,35
1996-04-22,7.3,11.9,71,0.00,168,2.44,0.0,12.7,5.6,48
1996-04-23,6.8,9.7,90,15.80,133,1.08,23.0,10.2,6.8,72
1996-04-24,6.7,10.7,77,7.40,223,2.22,13.0,20.5,11.8,44
1996-04-25,6.1,9.7,71,1.50,204,1.88,6.0,13.4,8.7,53
1996-04-26,5.2,9.7,70,3.00,213,2.61,6.0,14.0,10.2,41
1996-04-27,6.3,10.6,64,0.60,265,3.12,6.0,10.8,7.8,46
1996-04-28,7.4,12.5,64,0.10,219,3.00,1.0,11.2,6.6,43
1996-04-29,9.1,14.1,63,0.60,229,3.02,4.0,10.6,7.0,38
1996-04-30,8.2,13.1,63,0.40,251,3.19,4.0,10.7,6.4,40
1996-05-01,7.8,12.4,77,4.30,262,2.78,13.0,6.1,4.3,57
1996-05-02,6.7,10.5,70,1.00,224,2.98,6.0,7.1,5.2,54
1996-05-03,6.6,11.2,69,0.40,250,2.59,3.0,6.1,3.9,44
1996-05-04,8.2,14.1,65,0.30,266,3.09,3.0,6.4,4.0,43
1996-05-05,9.1,15.7,70,0.70,227,3.67,3.0,6.8,4.2,36
1996-05-06,9.9,15.1,54,0.30,223,3.76,3.0,11.7,7.9,32
1996-05-07,8.1,14.1,70,3.60,246,2.50,14.0,10.0,3.9,33
1996-05-08,5.7,10.2,79,5.30,286,2.66,20.0,5.9,3.6,49
1996-05-09,6.9,12.0,69,1.10,227,3.08,9.0,4.1,1.9,36
1996-05-10,8.5,13.4,67,2.70,40,2.94,13.0,7.8,3.3,36
1996-05-11,8.5,13.1,73,3.00,312,2.07,9.0,5.1,3.2,49
1996-05-12,9.7,17.1,84,1.80,180,2.17,9.0,6.6,2.7,58
1996-05-13,14.4,19.4,76,6.80,213,3.33,18.0,11.5,5.4,56
1996-05-14,12.9,17.6,72,0.50,235,3.22,5.0,10.2,6.5,49
1996-05-15,12.6,17.5,71,2.90,223,3.62,13.0,9.2,5.2,54
1996-05-16,12.0,17.6,76,3.50,228,3.30,17.0,6.3,4.4,44
1996-05-17,12.4,17.8,78,7.80,110,1.83,12.0,7.0,4.1,43
1996-05-18,10.6,15.7,87,9.10,174,2.48,18.0,8.0,5.3,59
1996-05-19,11.4,16.7,76,3.00,219,3.53,10.0,11.7,6.7,44
1996-05-20,11.1,16.4,60,0.90,221,3.81,4.0,10.2,7.3,42
1996-05-21,12.2,17.6,59,0.00,161,3.51,0.0,10.8,5.1,33
1996-05-22,9.6,16.5,86,16.60,202,1.01,23.0,8.2,3.6,43
1996-05-23,9.3,16.4,82,1.00,281,2.18,6.0,6.6,4.7,52
1996-05-24,14.3,22.7,64,0.00,293,4.38,0.0,4.3,2.7,35
1996-05-25,17.5,24.4,59,0.00,215,4.75,0.0,11.8,5.7,36
1996-05-26,16.4,23.8,57,0.00,283,5.25,0.0,10.5,7.6,30
1996-05-27,15.6,21.5,55,1.00,311,4.75,3.0,7.4,5.8,32
1996-05-28,11.6,16.5,76,3.80,278,2.88,17.0,6.5,4.5,50
1996-05-29,12.4,16.5,75,1.70,148,2.63,14.0,6.2,2.8,55
1996-05-30,9.9,15.4,82,6.50,219,2.11,23.0,9.0,6.6,53
1996-05-31,11.9,18.4,69,2.70,237,2.59,19.0,9.6,7.1,46
1996-06-01,15.5,23.0,55,0.00,237,4.62,0.0,7.4,4.2,34
1996-06-02,18.2,23.0,62,0.00,146,3.21,0.0,5.9,2.7,34
1996-06-03,20.1,25.8,62,0.40,205,4.43,2.0,10.8,4.6,42
1996-06-04,19.1,25.3,57,0.20,241,4.97,2.0,16.3,10.1,35
1996-06-05,14.7,20.5,59,0.00,261,4.05,0.0,13.6,7.1,36
1996-06-06,17.5,24.0,52,0.00,141,4.16,0.0,11.7,5.6,33
1996-06-07,20.2,27.9,59,0.00,214,5.47,0.0,11.6,5.8,33
1996-06-08,18.9,26.8,46,0.00,255,5.96,0.0,13.1,7.6,27
1996-06-09,16.2,23.5,47,0.00,252,4.69,0.0,14.1,7.4,28
1996-06-10,15.7,21.5,48,0.40,223,4.37,4.0,10.9,6.5,35
1996-06-11,14.9,21.2,55,0.10,238,4.44,1.0,9.9,7.3,27
1996-06-12,16.9,25.0,46,0.00,244,5.52,0.0,7.7,4.5,26
1996-06-13,18.8,24.7,51,0.00,251,4.24,0.0,10.0,4.5,27
1996-06-14,18.0,25.5,49,0.00,245,5.64,0.0,9.2,5.3,25
1996-06-15,18.5,25.6,45,0.00,251,5.21,0.0,11.2,5.5,23
1996-06-16,16.0,24.0,41,0.00,264,4.90,0.0,14.4,5.6,22
1996-06-17,16.0,21.0,46,0.00,236,4.30,0.0,8.7,5.6,22
1996-06-18,12.7,18.7,51,2.00,247,3.61,14.0,12.0,8.9,26
1996-06-19,12.9,20.8,61,1.80,245,4.12,6.0,12.1,7.0,30
1996-06-20,17.3,22.9,50,0.30,323,4.95,3.0,4.0,2.6,30
1996-06-21,16.9,22.9,63,0.30,345,3.76,2.0,5.6,3.7,33
1996-06-22,16.1,19.7,74,3.30,312,2.59,16.0,7.2,3.1,50
1996-06-23,15.1,18.5,78,4.40,166,2.66,9.0,7.2,3.6,59
1996-06-24,12.5,17.4,92,8.00,164,2.35,18.0,4.8,3.0,59
1996-06-25,15.6,20.7,71,0.40,180,3.81,4.0,6.0,4.2,46
1996-06-26,17.1,23.5,65,0.20,187,4.61,2.0,6.9,4.2,37
1996-06-27,19.4,23.9,60,0.20,246,4.95,1.0,9.6,4.2,37
1996-06-28,17.0,23.0,54,0.40,229,4.60,4.0,15.3,9.4,35
1996-06-29,15.9,23.7,52,0.00,231,5.21,0.0,15.0,6.7,34
1996-06-30,19.4,25.5,52,0.00,213,4.58,0.0,8.4,5.7,34
1996-07-01,21.8,28.8,50,0.00,234,5.74,0.0,9.4,6.3,28
1996-07-02,22.2,29.0,51,0.00,211,5.44,0.0,13.7,6.0,28
1996-07-03,22.8,29.1,59,0.20,228,5.06,2.0,9.9,5.8,35
1996-07-04,19.5,26.1,55,0.50,254,4.82,4.0,12.4,7.1,25
1996-07-05,15.8,23.2,48,0.10,248,5.17,1.0,13.7,8.1,22
1996-07-06,18.0,26.6,44,0.00,249,5.81,0.0,9.4,5.6,22
1996-07-07,21.6,29.3,46,0.00,318,5.83,0.0,4.7,3.3,20
1996-07-08,24.8,32.4,38,0.00,122,6.09,0.0,6.6,3.5,22
1996-07-09,24.2,32.2,49,0.10,245,5.59,1.0,14.6,7.3,22
1996-07-10,19.8,26.2,52,0.00,284,5.26,0.0,14.1,7.8,27
1996-07-11,21.5,28.1,41,0.00,343,5.73,0.0,11.1,4.8,23
1996-07-12,23.4,31.5,41,0.00,27,5.79,0.0,5.9,3.1,24
1996-07-13,25.8,32.1,40,0.00,337,6.34,0.0,6.9,4.9,20
1996-07-14,26.9,33.8,36,0.00,89,6.15,0.0,5.5,2.9,20
1996-07-15,27.5,34.5,40,0.00,226,6.77,0.0,13.2,6.2,18
1996-07-16,24.2,33.1,40,0.00,235,6.63,0.0,14.0,9.3,20
1996-07-17,20.3,26.7,48,0.00,253,4.19,0.0,13.7,6.8,31
1996-07-18,14.1,22.3,77,12.60,238,3.08,17.0,11.9,5.8,44
1996-07-19,13.5,18.3,77,8.20,184,2.96,17.0,12.5,6.8,52
1996-07-20,15.3,22.0,66,0.60,214,3.19,4.0,9.8,7.0,38
1996-07-21,18.6,25.5,57,0.00,256,4.42,0.0,9.5,5.3,33
1996-07-22,21.6,29.2,52,0.00,42,5.44,0.0,6.8,3.2,32
1996-07-23,24.3,31.2,50,0.00,50,5.82,0.0,7.8,3.5,29
1996-07-24,25.9,32.2,46,0.00,41,5.91,0.0,7.3,3.7,25
1996-07-25,25.9,31.9,46,0.00,336,5.71,0.0,7.1,4.2,25
1996-07-26,26.7,33.3,42,0.10,120,5.57,1.0,4.7,2.7,20
1996-07-27,27.0,34.3,38,0.00,39,6.20,0.0,8.7,4.3,19
1996-07-28,28.6,36.3,32,0.00,70,6.08,0.0,7.5,4.0,17
1996-07-29,26.9,35.6,47,0.20,205,4.32,2.0,8.0,5.5,18
1996-07-30,26.1,32.6,50,0.00,207,5.82,0.0,10.2,6.4,25
1996-07-31,23.2,32.1,37,0.00,263,6.01,0.0,9.7,5.8,22
1996-08-01,24.1,29.8,40,0.00,238,5.73,0.0,9.8,4.7,19
1996-08-02,18.6,29.5,52,2.30,240,3.48,8.0,9.4,6.8,21
1996-08-03,15.8,21.1,69,1.30,234,2.97,9.0,13.4,7.7,39
1996-08-04,15.8,20.9,60,0.90,232,3.79,7.0,15.1,10.3,38
1996-08-05,14.9,19.4,74,6.00,268,2.89,21.0,15.7,8.4,48
1996-08-06,17.8,26.6,59,0.00,255,4.51,0.0,13.3,6.3,31
1996-08-07,21.7,29.0,51,0.00,232,5.26,0.0,6.4,4.5,26
1996-08-08,24.1,32.0,46,0.00,157,5.38,0.0,6.2,3.9,21
1996-08-09,25.6,33.2,41,0.00,223,5.77,0.0,7.7,5.1,17
1996-08-10,26.5,34.9,41,0.00,214,5.62,0.0,7.9,4.6,17
1996-08-11,26.4,34.7,46,0.00,231,5.90,0.0,21.1,5.9,18
1996-08-12,19.6,27.9,52,0.00,262,5.32,0.0,20.8,6.8,27
1996-08-13,23.7,32.4,45,0.00,96,5.29,0.0,7.5,3.6,19
1996-08-14,26.5,33.1,39,0.00,191,5.64,0.0,9.3,5.2,19
1996-08-15,24.2,32.2,38,0.00,229,5.74,0.0,10.2,6.5,18
1996-08-16,22.5,30.8,45,0.00,240,3.59,0.0,10.0,6.0,18
1996-08-17,18.6,25.6,44,0.00,248,4.80,0.0,10.9,7.8,24
1996-08-18,18.0,23.1,52,0.00,283,4.06,0.0,10.8,5.4,25
1996-08-19,18.4,23.1,49,0.20,212,3.38,1.0,14.4,7.0,31
1996-08-20,16.8,22.2,63,0.60,236,3.50,6.0,10.3,5.8,35
1996-08-21,18.9,26.4,50,0.10,215,4.50,1.0,10.1,5.4,23
1996-08-22,20.8,28.5,46,0.00,227,4.47,0.0,9.2,5.0,23
1996-08-23,23.4,32.5,44,0.00,175,5.25,0.0,7.6,5.9,17
1996-08-24,24.9,33.7,43,0.00,217,5.03,0.0,7.2,4.1,14
1996-08-25,26.0,34.9,41,0.00,170,5.05,0.0,6.2,3.4,14
1996-08-26,27.6,36.3,40,0.00,125,4.91,0.0,6.5,2.9,15
1996-08-27,28.7,36.5,36,0.00,19,5.21,0.0,7.1,4.4,14
1996-08-28,26.6,36.2,46,0.00,195,4.20,0.0,9.3,6.1,14
1996-08-29,24.8,31.7,59,0.00,171,4.41,0.0,9.3,6.0,31
1996-08-30,23.8,31.6,56,3.20,199,3.20,5.0,13.0,5.7,31
1996-08-31,17.9,23.7,56,0.80,242,3.34,6.0,12.9,7.9,36
1996-09-01,16.5,21.5,57,0.00,264,3.05,0.0,8.4,5.8,33
1996-09-02,18.1,22.5,59,0.00,325,3.25,0.0,6.3,3.1,34
1996-09-03,17.7,22.1,67,7.90,86,2.18,9.0,7.6,3.9,35
1996-09-04,14.0,19.4,79,16.80,210,2.42,16.0,6.7,3.1,47
1996-09-05,12.5,18.0,67,3.10,216,2.81,12.0,8.2,6.1,45
1996-09-06,13.4,18.0,63,2.70,197,2.60,8.0,11.0,7.5,39
1996-09-07,14.8,19.6,71,4.00,183,1.59,16.0,11.4,5.9,49
1996-09-08,17.1,22.3,77,3.80,206,2.81,10.0,11.7,7.1,40
1996-09-09,17.6,22.1,62,0.00,254,3.07,0.0,9.7,4.1,40
1996-09-10,18.7,26.0,66,0.00,31,3.56,0.0,7.4,3.9,37
1996-09-11,21.3,29.7,63,0.00,53,3.80,0.0,5.7,2.6,25
1996-09-12,22.7,29.4,59,0.00,26,3.16,0.0,6.8,3.4,28
1996-09-13,18.8,27.5,82,12.80,243,2.02,12.0,7.7,4.3,42
1996-09-14,15.7,20.2,80,8.00,186,2.29,20.0,10.7,5.8,60
1996-09-15,12.8,17.7,91,28.50,125,0.87,20.0,7.6,5.5,65
1996-09-16,11.6,15.7,77,3.10,206,1.99,12.0,7.6,4.9,50
1996-09-17,13.6,16.4,68,0.20,345,2.14,2.0,9.8,4.5,44
1996-09-18,13.9,18.5,67,0.00,242,2.14,0.0,7.9,4.8,45
1996-09-19,14.1,18.0,71,2.40,265,1.25,10.0,7.6,4.4,53
1996-09-20,11.2,14.0,84,2.20,225,1.64,11.0,8.4,5.1,58
1996-09-21,10.7,14.8,67,2.80,215,2.19,9.0,9.2,6.2,46
1996-09-22,8.4,13.3,71,1.40,272,2.02,11.0,7.4,5.4,57
1996-09-23,10.3,14.3,67,0.10,342,2.35,1.0,5.2,2.7,41
1996-09-24,10.9,15.3,59,0.00,7,2.35,0.0,6.0,2.9,37
1996-09-25,12.7,16.7,63,0.00,313,2.51,0.0,8.8,4.7,37
1996-09-26,13.5,19.6,63,0.00,312,1.91,0.0,8.1,4.4,41
1996-09-27,15.2,23.3,78,0.00,222,2.66,0.0,5.1,3.4,48
1996-09-28,17.4,22.7,69,0.00,253,2.60,0.0,6.7,4.8,46
1996-09-29,17.4,22.1,72,0.00,259,1.62,0.0,6.2,4.9,52
1996-09-30,16.8,19.7,71,0.30,264,1.86,2.0,7.7,4.3,34
1996-10-01,11.3,19.2,54,0.20,305,2.43,2.0,8.2,5.6,33
1996-10-02,10.9,15.3,63,0.00,98,1.41,0.0,5.9,3.6,39
1996-10-03,12.9,19.0,71,0.20,174,1.88,1.0,6.8,4.9,45
1996-10-04,14.6,18.4,74,1.90,160,1.26,3.0,9.5,6.6,52
1996-10-05,12.2,15.9,86,1.70,219,1.19,5.0,8.3,5.7,53
1996-10-06,13.4,19.6,79,1.20,188,1.91,3.0,7.1,3.5,48
1996-10-07,15.4,21.8,72,0.00,216,2.07,0.0,9.5,5.0,47
1996-10-08,15.1,21.1,74,0.00,285,2.20,0.0,6.9,4.5,51
1996-10-09,15.1,21.9,75,0.00,360,2.19,0.0,6.0,2.8,45
1996-10-10,16.5,21.4,71,0.00,200,2.04,0.0,12.0,5.2,46
1996-10-11,15.4,19.6,74,6.50,200,1.19,13.0,8.5,6.0,51
1996-10-12,11.9,16.4,86,3.20,181,1.48,12.0,11.2,4.8,49
1996-10-13,11.5,15.9,80,4.20,161,1.32,13.0,8.0,7.2,52
1996-10-14,7.2,11.7,91,7.20,171,0.59,12.0,13.4,8.3,79
1996-10-15,5.5,10.6,85,1.90,199,1.27,10.0,10.8,7.9,50
1996-10-16,4.6,8.6,75,5.10,261,1.32,13.0,7.3,5.4,38
1996-10-17,5.3,8.2,57,2.30,142,0.86,5.0,16.4,6.9,41
1996-10-18,3.3,7.3,85,11.90,154,1.08,18.0,13.4,8.5,64
1996-10-19,4.4,7.9,75,0.30,257,1.04,3.0,8.7,6.1,55
1996-10-20,2.8,6.7,83,0.20,226,1.12,1.0,7.6,5.6,63
1996-10-21,1.8,4.1,85,0.80,152,0.54,8.0,11.1,7.9,71
1996-10-22,3.2,6.5,87,2.60,168,0.89,16.0,9.0,6.9,69
1996-10-23,5.3,8.2,92,3.90,185,0.49,11.0,9.0,5.6,75
1996-10-24,3.9,6.8,92,8.30,175,0.85,23.0,7.1,6.0,79
1996-10-25,4.3,6.1,91,5.90,325,0.70,16.0,8.8,4.2,73
1996-10-26,2.7,6.2,88,0.00,284,0.86,0.0,6.3,4.0,67
1996-10-27,4.1,5.9,87,0.40,178,0.64,3.0,8.3,3.9,73
1996-10-28,4.6,6.2,92,10.80,160,0.31,17.0,8.0,6.1,81
1996-10-29,1.7,3.6,87,7.10,319,0.65,14.0,10.7,7.5,67
1996-10-30,-2.4,1.0,76,0.00,333,0.74,0.0,7.2,5.6,66
1996-10-31,-0.9,3.9,83,0.00,335,0.79,0.0,6.5,3.6,63
1996-11-01,2.1,7.1,86,0.00,318,0.89,0.0,5.2,2.7,67
1996-11-02,3.2,6.4,90,0.00,166,0.57,0.0,7.2,5.7,75
1996-11-03,5.8,7.9,85,0.70,179,0.91,7.0,11.4,5.6,61
1996-11-04,4.5,7.6,87,6.40,211,0.63,20.0,6.6,4.7,61
1996-11-05,2.2,5.3,90,0.50,217,0.56,4.0,8.7,5.0,67
1996-11-06,2.0,5.7,89,5.10,175,0.58,17.0,10.0,7.2,78
1996-11-07,2.5,4.1,79,3.50,231,0.52,16.0,8.4,6.4,73
1996-11-08,2.9,5.4,90,11.50,156,0.34,24.0,8.3,6.9,86
1996-11-09,6.0,9.0,89,0.10,178,0.77,1.0,8.3,5.9,77
1996-11-10,4.8,7.3,92,0.10,247,0.44,1.0,4.2,2.5,78
1996-11-11,6.3,8.0,92,3.70,280,0.52,18.0,4.5,2.7,83
1996-11-12,6.6,9.4,93,0.80,194,0.58,4.0,4.8,3.6,83
1996-11-13,5.1,7.5,98,9.50,181,0.31,20.0,7.4,4.6,89
1996-11-14,4.4,6.6,92,2.10,258,0.43,15.0,7.8,6.5,78
1996-11-15,2.0,4.9,86,1.80,302,0.42,15.0,7.7,5.6,81
1996-11-16,-2.8,0.7,85,4.90,26,0.36,24.0,8.0,6.2,73
1996-11-17,-2.0,0.1,86,6.60,101,0.37,24.0,7.1,5.6,78
1996-11-18,-3.6,0.3,90,8.20,330,0.33,24.0,7.7,5.4,78
1996-11-19,-8.5,-5.7,87,9.90,332,0.18,24.0,8.0,6.4,82
1996-11-20,-9.5,-6.6,81,4.10,321,0.31,22.0,7.9,6.4,73
1996-11-21,-9.3,-6.5,86,2.40,359,0.30,24.0,6.6,4.8,75
1996-11-22,-9.8,-7.4,84,2.00,328,0.26,20.0,7.7,7.0,75
1996-11-23,-11.5,-6.1,81,0.10,342,0.29,1.0,7.7,4.5,60
1996-11-24,-4.9,-1.8,81,0.10,132,0.30,1.0,5.1,3.5,65
1996-11-25,-0.6,3.5,86,3.00,160,0.35,10.0,4.9,3.8,71
1996-11-26,0.8,3.9,92,4.00,151,0.21,18.0,6.3,3.2,74
1996-11-27,-1.1,0.3,86,6.20,153,0.22,18.0,7.9,6.2,82
1996-11-28,0.3,1.1,91,13.20,298,0.30,22.0,7.9,4.7,79
1996-11-29,0.0,2.5,87,0.70,275,0.37,7.0,6.0,3.3,69
1996-11-30,-1.7,1.4,88,3.20,144,0.25,21.0,6.9,5.1,81
1996-12-01,-0.3,1.4,95,7.50,166,0.22,24.0,8.9,7.0,86
1996-12-02,-1.5,0.9,80,5.10,186,0.24,18.0,10.0,6.8,64
1996-12-03,-0.5,1.0,86,3.90,293,0.36,13.0,5.0,3.8,67
1996-12-04,-4.9,0.5,90,4.90,137,0.19,10.0,10.2,7.2,72
1996-12-05,-3.5,-1.7,87,2.10,164,0.30,6.0,9.0,7.0,80
1996-12-06,-2.4,-1.0,91,0.50,165,0.26,4.0,7.9,6.4,83
1996-12-07,-2.5,-1.1,92,3.30,138,0.17,10.0,7.6,6.5,83
1996-12-08,1.4,3.4,93,8.30,167,0.28,20.0,6.6,4.4,85
1996-12-09,1.3,2.9,91,3.60,173,0.34,13.0,8.2,4.7,77
1996-12-10,0.2,3.1,93,6.50,99,0.25,18.0,6.6,4.3,82
1996-12-11,1.8,3.8,86,1.70,184,0.43,6.0,10.2,6.9,75
1996-12-12,-0.1,2.3,93,0.80,146,0.33,6.0,7.2,5.1,77
1996-12-13,-0.6,1.8,93,3.60,86,0.21,15.0,7.1,4.7,81
1996-12-14,0.8,2.6,84,1.50,204,0.37,10.0,7.9,5.6,74
1996-12-15,-0.8,2.8,85,1.10,182,0.22,6.0,7.5,6.5,75
1996-12-16,-2.6,0.5,71,0.40,297,0.45,2.0,11.5,7.3,60
1996-12-17,-5.5,-1.6,83,0.00,319,0.24,0.0,6.4,3.5,63
1996-12-18,-5.2,-2.6,89,0.30,241,0.20,3.0,3.6,2.0,73
1996-12-19,-4.6,-2.9,91,1.40,224,0.14,5.0,5.8,3.2,74
1996-12-20,-4.8,-1.8,84,2.00,153,0.27,6.0,6.6,4.9,71
1996-12-21,-2.7,-1.2,90,4.50,72,0.19,21.0,4.9,2.8,73
1996-12-22,-6.3,-4.5,87,4.30,351,0.18,24.0,8.2,6.1,78
1996-12-23,-11.1,-8.3,84,4.20,329,0.16,24.0,7.8,6.0,77
1996-12-24,-10.9,-7.5,87,2.20,330,0.15,14.0,6.9,4.9,76
1996-12-25,-14.2,-9.5,85,0.60,325,0.16,3.0,7.7,6.3,72
1996-12-26,-16.9,-15.8,81,0.00,330,0.15,0.0,7.6,4.7,64
1996-12-27,-17.9,-16.7,78,5.90,328,0.13,16.0,8.2,6.5,71
1996-12-28,-20.5,-18.5,75,0.20,331,0.13,2.0,7.9,5.9,64
1996-12-29,-19.1,-15.2,74,20.30,337,0.10,21.0,8.3,5.9,70
1996-12-30,-9.5,-5.3,81,5.10,216,0.17,16.0,6.4,3.0,74
1996-12-31,-1.9,3.0,89,5.50,191,0.29,16.0,8.1,4.9,83
1997-01-01,3.0,5.7,93,24.30,155,0.35,23.0,11.2,7.6,85
1997-01-02,3.6,5.3,90,3.50,162,0.38,18.0,8.4,6.9,86
1997-01-03,2.2,3.9,90,8.10,201,0.37,17.0,7.9,6.4,70
1997-01-04,-0.2,2.3,70,0.00,216,0.51,0.0,8.3,6.3,58
1997-01-05,-4.0,1.4,85,0.00,236,0.36,0.0,5.0,2.9,73
1997-01-06,-4.8,-2.3,85,2.90,169,0.18,10.0,8.7,6.8,78
1997-01-07,0.4,5.4,80,1.80,192,0.39,8.0,8.0,6.6,69
1997-01-08,4.1,6.5,76,0.00,228,0.55,0.0,8.4,6.9,67
1997-01-09,4.3,6.3,81,0.70,238,0.37,5.0,5.6,4.4,72
1997-01-10,4.2,5.9,83,0.40,270,0.33,4.0,6.9,5.2,76
1997-01-11,3.4,5.4,86,0.00,312,0.32,0.0,6.4,5.2,77
1997-01-12,0.6,3.6,70,0.00,163,0.51,0.0,6.2,3.9,42
1997-01-13,-5.6,1.0,75,0.00,304,0.43,0.0,3.4,2.1,46
1997-01-14,-7.5,-1.6,77,0.00,292,0.43,0.0,4.7,3.5,55
1997-01-15,-8.5,-3.0,77,0.00,305,0.39,0.0,6.1,4.8,62
1997-01-16,-9.2,-4.4,75,0.00,270,0.36,0.0,5.1,2.7,57
1997-01-17,-5.5,-1.8,78,2.70,161,0.25,9.0,6.4,4.8,63
1997-01-18,-0.9,0.2,83,4.00,208,0.23,7.0,6.3,3.4,79
1997-01-19,0.4,4.6,88,6.60,162,0.41,14.0,6.6,5.4,74
1997-01-20,2.9,3.9,91,7.80,175,0.29,22.0,6.2,4.2,79
1997-01-21,3.4,6.1,90,3.20,206,0.49,9.0,6.7,5.3,77
1997-01-22,2.9,5.4,86,1.00,182,0.51,6.0,6.7,5.2,72
1997-01-23,0.8,2.8,84,2.10,190,0.44,12.0,7.7,6.5,73
1997-01-24,-5.2,-0.1,78,2.50,299,0.41,9.0,8.1,6.7,60
1997-01-25,-14.1,-8.9,75,0.00,330,0.31,0.0,7.7,6.4,59
1997-01-26,-18.9,-13.3,71,0.00,318,0.30,0.0,6.3,4.6,41
1997-01-27,-15.6,-9.1,65,0.00,282,0.28,0.0,5.2,2.7,44
1997-01-28,-7.7,-2.3,68,0.90,198,0.37,4.0,5.2,3.2,52
1997-01-29,-3.1,-1.2,77,0.00,183,0.30,0.0,8.7,5.5,61
1997-01-30,-0.7,3.5,86,12.40,170,0.63,12.0,11.4,7.7,70
1997-01-31,5.0,8.2,71,0.00,240,0.91,0.0,10.5,5.1,57
1997-02-01,2.1,6.2,84,1.30,178,0.49,6.0,7.0,3.0,69
1997-02-02,1.9,4.8,81,0.30,213,0.72,1.0,7.9,4.8,57
1997-02-03,-0.6,3.6,79,0.40,301,0.76,2.0,3.8,1.9,61
1997-02-04,-2.9,2.6,74,0.00,357,0.77,0.0,4.8,2.1,53
1997-02-05,-6.8,0.8,70,0.00,282,0.70,0.0,4.0,2.3,38
1997-02-06,-6.7,0.1,65,0.00,250,0.75,0.0,4.3,3.1,42
1997-02-07,-6.1,-0.3,64,0.00,232,0.75,0.0,4.2,3.3,43
1997-02-08,-7.1,-1.1,66,0.00,262,0.69,0.0,4.0,2.7,41
1997-02-09,-5.1,0.4,65,0.00,296,0.77,0.0,4.5,3.0,47
1997-02-10,-3.4,2.6,69,0.00,272,0.84,0.0,4.0,2.6,48
1997-02-11,-2.6,2.0,72,1.10,306,0.49,4.0,5.5,2.9,52
1997-02-12,-1.3,4.4,86,4.80,180,0.63,14.0,6.8,5.3,64
1997-02-13,2.2,4.3,75,1.60,214,0.65,6.0,8.9,6.6,69
1997-02-14,3.0,4.2,82,2.70,189,0.47,7.0,7.8,6.1,74
1997-02-15,3.9,6.0,86,2.60,191,0.59,10.0,9.1,6.8,79
1997-02-16,3.3,6.7,82,0.00,179,0.97,0.0,8.0,6.0,70
1997-02-17,4.4,6.2,80,3.20,200,0.63,10.0,10.7,6.7,71
1997-02-18,4.3,5.6,76,0.70,200,0.77,3.0,8.3,6.3,70
1997-02-19,2.8,6.0,86,3.90,181,0.90,16.0,11.0,6.9,63
1997-02-20,2.7,6.2,71,0.40,212,1.22,2.0,11.6,8.1,52
1997-02-21,2.8,5.9,69,0.00,238,1.06,0.0,9.9,4.9,52
1997-02-22,2.0,6.7,75,0.00,283,1.23,0.0,5.2,3.9,53
1997-02-23,3.7,9.7,78,0.00,297,1.24,0.0,4.1,3.0,54
1997-02-24,2.7,9.7,75,0.00,263,1.48,0.0,4.7,2.9,45
1997-02-25,4.5,9.1,74,0.00,278,1.23,0.0,7.1,4.8,53
1997-02-26,4.7,8.3,78,6.40,269,0.73,12.0,11.7,4.3,55
1997-02-27,0.6,4.2,77,0.10,312,0.93,1.0,11.0,7.6,57
1997-02-28,0.1,4.4,74,0.00,251,1.16,0.0,9.4,5.5,53
1997-03-01,0.6,3.0,79,9.60,152,0.66,16.0,10.2,6.1,56
1997-03-02,0.6,3.6,89,4.50,160,0.89,17.0,7.7,5.7,75
1997-03-03,1.5,4.7,78,0.00,213,1.28,0.0,6.8,5.7,55
1997-03-04,0.7,5.3,67,0.70,242,1.29,4.0,9.9,6.6,48
1997-03-05,-0.5,2.9,72,0.00,66,1.09,0.0,5.7,2.5,41
1997-03-06,0.5,4.7,86,2.50,150,0.96,11.0,9.1,5.8,71
1997-03-07,2.8,6.1,79,4.60,197,1.45,10.0,17.9,9.3,40
1997-03-08,1.8,4.6,65,0.00,232,1.60,0.0,13.6,7.6,48
1997-03-09,3.2,8.3,69,3.50,182,1.55,13.0,19.3,8.5,38
1997-03-10,3.2,7.1,63,0.00,218,1.86,0.0,17.8,8.3,44
1997-03-11,2.3,6.8,73,1.40,49,1.33,8.0,7.5,3.8,45
1997-03-12,1.2,4.0,85,4.90,55,0.89,17.0,5.2,3.2,67
1997-03-13,-1.0,1.6,84,2.70,343,0.95,10.0,6.8,5.1,64
1997-03-14,-1.4,3.1,69,0.00,333,1.55,0.0,5.8,3.1,35
1997-03-15,-1.7,3.0,66,3.80,89,0.81,8.0,7.7,3.7,36
1997-03-16,-0.5,3.9,79,6.20,216,1.44,11.0,7.7,4.1,59
1997-03-17,3.8,7.4,69,0.80,137,1.47,4.0,9.4,4.0,49
1997-03-18,4.4,9.7,85,6.60,154,1.13,20.0,13.8,8.2,71
1997-03-19,5.8,9.3,90,13.10,156,1.07,24.0,8.7,7.5,80
1997-03-20,6.8,8.3,77,6.40,227,1.77,10.0,16.9,8.8,44
1997-03-21,3.8,8.2,68,0.00,213,1.82,0.0,11.3,6.7,51
1997-03-22,4.8,8.6,72,0.10,217,1.79,1.0,9.9,5.4,60
1997-03-23,5.7,8.0,70,0.00,233,2.04,0.0,9.3,7.4,55
1997-03-24,4.3,7.4,70,0.10,229,1.48,1.0,9.0,6.3,53
1997-03-25,4.8,11.7,71,0.00,177,2.27,0.0,12.6,7.2,53
1997-03-26,7.9,10.5,72,0.00,231,2.26,0.0,11.3,7.7,55
1997-03-27,5.2,8.5,69,0.20,221,1.99,1.0,12.3,7.9,45
1997-03-28,4.0,7.9,73,3.00,220,2.06,10.0,12.8,8.5,47
1997-03-29,5.0,8.2,64,0.00,188,1.82,0.0,14.8,8.7,49
1997-03-30,5.2,11.0,73,0.10,148,2.24,1.0,9.7,6.7,49
1997-03-31,4.2,10.0,70,1.40,202,1.74,6.0,15.1,9.7,48
1997-04-01,2.7,7.3,70,0.10,286,2.03,1.0,13.8,8.3,45
1997-04-02,4.1,10.0,64,0.00,221,2.42,0.0,9.7,4.8,41
1997-04-03,4.1,8.6,64,3.50,279,1.96,6.0,16.9,10.3,41
1997-04-04,0.9,6.1,68,0.00,330,2.12,0.0,15.3,8.3,40
1997-04-05,2.6,7.4,68,0.00,326,2.58,0.0,9.5,3.4,42
1997-04-06,5.0,11.4,57,0.00,267,2.95,0.0,4.1,2.9,29
1997-04-07,6.1,11.3,63,0.00,270,2.83,0.0,7.2,4.7,30
1997-04-08,6.9,12.4,62,0.00,268,2.75,0.0,6.7,5.1,33
1997-04-09,6.8,11.8,58,0.00,293,2.90,0.0,10.8,6.4,31
1997-04-10,5.7,9.0,55,0.00,48,2.65,0.0,8.5,4.5,39
1997-04-11,5.2,10.9,49,0.00,24,3.18,0.0,7.9,3.2,24
1997-04-12,5.5,10.8,59,0.00,182,2.81,0.0,8.5,4.8,26
1997-04-13,5.2,8.7,76,1.50,170,1.86,7.0,10.1,6.6,61
1997-04-14,5.8,9.0,64,0.80,209,2.60,5.0,11.6,7.1,58
1997-04-15,6.3,11.8,78,1.20,168,2.32,3.0,17.5,7.2,59
1997-04-16,7.7,13.4,83,2.40,161,2.53,7.0,12.7,7.5,67
1997-04-17,7.9,11.4,71,0.30,226,2.87,1.0,10.4,7.7,48
1997-04-18,7.0,11.7,65,0.00,249,2.44,0.0,7.4,3.3,41
1997-04-19,7.1,10.9,79,1.50,159,1.97,10.0,9.7,2.5,58
1997-04-20,6.5,9.2,82,13.00,184,1.90,20.0,19.1,7.9,52
1997-04-21,5.9,11.6,70,0.00,245,2.98,0.0,10.4,5.8,38
1997-04-22,7.6,12.5,62,0.00,180,3.45,0.0,4.7,2.5,39
1997-04-23,8.1,14.0,69,5.70,149,1.88,14.0,7.2,2.9,37
1997-04-24,7.6,12.7,80,2.60,288,2.30,16.0,4.4,3.2,56
1997-04-25,7.9,12.5,80,3.10,222,2.25,9.0,6.5,3.6,59
1997-04-26,8.5,13.2,83,1.70,142,2.47,5.0,7.5,4.4,66
1997-04-27,8.2,11.9,74,3.70,229,2.61,4.0,10.5,7.9,46
1997-04-28,6.7,10.2,69,0.00,217,2.94,0.0,9.2,5.9,53
1997-04-29,7.7,11.5,72,0.40,220,2.97,2.0,9.6,5.9,50
1997-04-30,6.4,9.8,68,0.00,211,2.68,0.0,9.8,5.8,52
1997-05-01,7.3,11.7,70,0.00,238,2.89,0.0,6.4,5.0,48
1997-05-02,7.5,12.1,71,0.10,200,3.06,1.0,12.5,5.2,48
1997-05-03,8.1,11.4,69,1.90,161,2.43,8.0,8.4,5.8,56
1997-05-04,8.3,13.2,74,0.30,228,3.05,2.0,9.4,5.6,48
1997-05-05,9.6,14.2,66,0.10,198,3.26,1.0,9.4,5.2,42
1997-05-06,10.2,14.8,68,1.30,225,3.44,6.0,12.5,7.5,48
1997-05-07,8.5,14.8,65,0.00,250,3.71,0.0,10.2,6.2,35
1997-05-08,10.8,17.2,56,0.00,156,4.31,0.0,9.4,3.6,37
1997-05-09,12.8,21.5,63,0.00,223,4.04,0.0,9.7,5.3,35
1997-05-10,12.6,20.6,59,0.00,285,4.71,0.0,10.4,6.6,31
1997-05-11,13.1,21.9,55,0.00,339,4.79,0.0,7.1,4.5,32
1997-05-12,15.3,25.3,60,0.00,280,5.05,0.0,4.1,2.8,29
1997-05-13,17.3,26.0,62,0.00,258,5.09,0.0,7.1,4.0,30
1997-05-14,18.2,27.9,66,0.00,242,5.20,0.0,6.6,3.5,32
1997-05-15,19.0,26.0,65,0.20,237,5.19,1.0,12.1,6.6,30
1997-05-16,17.8,24.8,55,0.00,228,5.43,0.0,15.2,9.2,31
1997-05-17,13.9,21.7,55,1.00,284,4.40,4.0,15.5,10.2,32
1997-05-18,14.1,21.0,43,0.00,334,4.98,0.0,14.7,5.7,28
1997-05-19,15.4,20.7,50,0.80,222,4.44,4.0,7.7,5.1,31
1997-05-20,10.3,17.3,83,6.40,334,2.32,18.0,8.0,5.4,48
1997-05-21,9.3,14.6,87,13.60,29,2.48,20.0,5.0,2.8,54
1997-05-22,12.3,17.9,70,1.20,73,3.34,6.0,6.1,2.9,44
1997-05-23,13.0,17.0,72,2.60,333,2.12,5.0,4.7,3.2,47
1997-05-24,11.1,17.7,86,2.60,317,2.45,9.0,5.8,2.9,52
1997-05-25,14.3,19.9,73,1.80,311,3.16,5.0,6.5,4.8,50
1997-05-26,14.7,19.5,81,4.20,168,2.21,19.0,6.8,3.7,51
1997-05-27,14.4,21.6,80,0.30,161,3.65,2.0,6.0,3.7,46
1997-05-28,17.9,22.5,66,0.00,154,3.84,0.0,6.6,4.0,46
1997-05-29,17.7,22.6,82,10.90,179,3.01,19.0,4.7,2.6,48
1997-05-30,15.3,20.1,90,14.10,188,2.48,18.0,6.8,4.6,70
1997-05-31,16.4,21.1,90,12.10,162,2.49,16.0,9.4,6.5,72
1997-06-01,14.6,18.6,70,0.80,219,3.91,5.0,12.5,8.5,43
1997-06-02,15.0,20.7,56,0.20,216,4.41,2.0,11.6,6.6,37
1997-06-03,17.3,22.9,56,0.00,106,3.42,0.0,8.7,4.1,37
1997-06-04,14.3,19.7,91,10.30,217,1.01,16.0,6.9,4.2,64
1997-06-05,13.1,21.3,80,0.70,212,4.02,3.0,6.2,4.8,38
1997-06-06,15.8,22.0,57,0.00,223,4.59,0.0,8.0,5.2,34
1997-06-07,16.9,21.8,56,0.00,234,4.28,0.0,7.7,5.0,35
1997-06-08,14.9,20.8,65,0.80,249,4.08,3.0,8.0,4.9,35
1997-06-09,17.6,25.2,51,0.00,62,5.43,0.0,7.0,3.3,31
1997-06-10,20.4,28.3,54,0.00,128,5.65,0.0,5.8,2.7,28
1997-06-11,20.8,28.2,62,0.00,212,3.22,0.0,6.8,3.8,28
1997-06-12,17.8,22.6,75,1.20,272,3.12,6.0,4.9,3.2,53
1997-06-13,20.2,26.8,65,0.00,271,4.96,0.0,7.1,4.4,37
1997-06-14,20.5,26.5,58,0.00,294,5.69,0.0,9.8,7.0,32
1997-06-15,22.2,28.4,56,0.30,233,5.71,1.0,12.8,6.3,32
1997-06-16,19.8,26.5,56,0.00,230,5.39,0.0,13.8,9.1,29
1997-06-17,19.1,22.8,63,5.70,177,3.33,8.0,10.6,5.8,39
1997-06-18,15.2,21.2,76,6.90,225,4.10,6.0,15.3,9.1,40
1997-06-19,14.0,19.7,62,0.60,239,4.40,5.0,14.2,7.1,42
1997-06-20,14.5,19.5,57,1.20,247,4.51,7.0,7.5,5.5,40
1997-06-21,14.5,18.2,72,4.00,148,3.41,8.0,7.2,3.9,49
1997-06-22,12.0,16.0,84,14.30,191,2.20,22.0,9.0,6.2,56
1997-06-23,12.7,16.1,78,4.90,205,2.11,14.0,9.0,6.5,49
1997-06-24,13.4,20.7,81,1.70,233,2.58,8.0,9.7,4.5,47
1997-06-25,18.6,24.3,60,0.00,159,4.93,0.0,13.2,6.1,36
1997-06-26,16.6,23.3,69,4.40,250,4.37,12.0,11.8,6.8,35
1997-06-27,16.2,21.0,54,0.50,231,4.80,1.0,11.3,5.7,35
1997-06-28,15.7,22.8,69,0.70,191,4.92,2.0,8.0,3.4,33
1997-06-29,17.2,22.7,63,1.90,5,3.65,5.0,8.3,4.5,33
1997-06-30,16.3,20.8,75,1.40,170,3.35,5.0,5.6,2.3,49
1997-07-01,17.1,21.8,67,0.00,242,3.86,0.0,8.2,5.8,50
1997-07-02,17.6,22.5,61,0.00,237,4.12,0.0,7.9,4.2,44
1997-07-03,19.5,26.1,62,0.00,207,5.07,0.0,8.0,4.1,39
1997-07-04,21.8,29.6,58,0.00,155,5.55,0.0,6.8,3.9,31
1997-07-05,23.2,29.4,64,1.00,186,4.60,2.0,8.4,3.1,31
1997-07-06,17.9,24.9,79,9.20,224,4.23,6.0,13.5,7.8,37
1997-07-07,18.8,25.5,49,0.00,223,5.36,0.0,12.9,8.1,32
1997-07-08,17.9,22.4,71,4.20,163,1.83,8.0,8.4,4.3,43
1997-07-09,16.9,21.6,84,15.70,192,3.62,15.0,7.7,6.0,45
1997-07-10,13.9,19.8,76,5.80,219,2.86,16.0,9.6,6.8,52
1997-07-11,12.3,15.0,91,15.50,205,1.19,22.0,9.8,7.4,69
1997-07-12,14.3,23.0,81,1.80,234,3.31,4.0,8.7,7.4,40
1997-07-13,19.5,25.7,60,0.00,240,4.88,0.0,7.3,4.9,39
1997-07-14,22.0,26.6,57,0.00,226,5.23,0.0,10.2,5.6,37
1997-07-15,21.1,26.5,58,0.10,224,5.25,1.0,8.9,5.8,33
1997-07-16,19.9,26.2,57,0.00,271,4.90,0.0,9.7,6.0,34
1997-07-17,20.1,25.6,57,0.70,359,4.75,1.0,8.3,3.9,37
1997-07-18,20.2,25.9,62,0.00,243,4.66,0.0,6.6,4.2,38
1997-07-19,22.3,28.9,57,0.00,34,5.42,0.0,5.6,3.6,31
1997-07-20,24.6,31.0,48,0.00,149,5.61,0.0,8.7,3.6,30
1997-07-21,25.4,30.7,58,3.20,176,4.60,5.0,11.9,4.9,30
1997-07-22,18.1,22.7,72,8.20,224,3.68,5.0,9.0,6.9,37
1997-07-23,19.2,24.4,54,0.00,244,4.65,0.0,9.4,5.8,33
1997-07-24,19.4,23.9,54,0.00,267,4.01,0.0,8.7,4.8,35
1997-07-25,18.3,23.4,60,0.10,308,4.04,1.0,7.4,4.8,34
1997-07-26,19.1,23.6,58,0.00,311,4.04,0.0,5.1,3.2,36
1997-07-27,20.2,27.4,57,0.00,54,5.05,0.0,7.7,3.7,29
1997-07-28,23.5,31.6,50,0.00,107,5.71,0.0,7.4,3.7,23
1997-07-29,25.5,32.0,47,0.00,171,5.13,0.0,7.0,3.0,23
1997-07-30,21.9,30.0,71,7.40,216,3.92,12.0,9.1,6.4,34
1997-07-31,21.5,27.7,55,0.00,228,5.20,0.0,10.3,5.1,35
1997-08-01,21.9,27.5,54,0.00,256,5.11,0.0,7.0,4.4,34
1997-08-02,22.7,27.5,59,0.00,198,4.47,0.0,8.0,4.2,35
1997-08-03,23.0,30.7,60,0.00,99,4.95,0.0,7.2,3.4,29
1997-08-04,25.3,33.8,56,0.00,11,5.39,0.0,7.0,3.7,26
1997-08-05,27.0,35.3,54,0.00,263,5.39,0.0,5.4,3.6,22
1997-08-06,28.3,35.1,52,0.30,162,4.74,1.0,13.0,3.4,22
1997-08-07,21.8,28.1,74,0.50,284,3.64,3.0,6.6,4.5,42
1997-08-08,18.2,25.9,69,8.40,315,3.61,12.0,14.3,7.4,42
1997-08-09,19.0,23.7,57,0.00,340,4.02,0.0,8.8,5.3,36
1997-08-10,20.8,27.3,53,0.00,5,5.01,0.0,5.4,3.6,27
1997-08-11,23.0,29.9,53,0.00,358,5.12,0.0,6.0,3.4,28
1997-08-12,24.8,30.7,54,0.00,177,4.13,0.0,5.4,3.2,29
1997-08-13,25.3,31.5,53,0.20,277,4.67,1.0,11.8,5.1,31
1997-08-14,25.6,32.0,56,0.00,259,5.03,0.0,11.8,6.7,31
1997-08-15,22.4,31.5,50,0.20,328,4.82,1.0,16.9,10.5,33
1997-08-16,21.0,25.2,53,0.30,20,3.81,2.0,13.2,5.2,37
1997-08-17,20.3,25.1,66,0.20,59,3.76,1.0,5.8,2.4,42
1997-08-18,22.7,27.9,57,0.40,180,4.39,1.0,6.6,4.1,24
1997-08-19,22.6,28.8,52,0.00,266,4.64,0.0,6.3,4.6,25
1997-08-20,24.3,30.5,51,0.00,63,4.31,0.0,7.9,3.9,27
1997-08-21,22.9,29.9,65,0.90,232,3.38,4.0,10.4,5.6,30
1997-08-22,22.4,29.0,58,0.00,225,4.19,0.0,7.6,4.5,29
1997-08-23,23.0,28.9,53,1.00,250,4.04,1.0,9.8,4.8,28
1997-08-24,19.2,23.9,70,0.50,246,2.27,3.0,5.8,3.0,49
1997-08-25,17.2,22.2,81,0.50,150,2.47,4.0,6.8,5.0,52
1997-08-26,20.2,27.4,66,0.00,109,3.48,0.0,9.7,4.2,33
1997-08-27,19.3,26.7,65,1.80,211,3.53,6.0,11.3,6.2,37
1997-08-28,18.4,22.4,63,0.20,196,3.23,2.0,10.3,5.3,42
1997-08-29,17.3,21.7,74,0.90,195,2.99,1.0,9.9,5.5,45
1997-08-30,19.2,24.8,71,0.30,153,3.24,1.0,6.4,3.1,35
1997-08-31,21.2,25.8,63,0.00,7,3.56,0.0,5.4,3.6,36
1997-09-01,22.2,29.0,60,0.00,18,3.52,0.0,6.1,2.6,34
1997-09-02,21.5,28.5,70,2.20,301,3.46,5.0,6.8,3.7,36
1997-09-03,21.0,26.6,80,1.30,223,1.99,3.0,5.5,2.8,45
1997-09-04,17.3,24.4,81,6.40,209,2.96,7.0,7.2,5.8,36
1997-09-05,19.9,24.0,65,1.50,162,3.16,1.0,10.2,5.1,38
1997-09-06,16.1,21.7,58,0.00,227,3.36,0.0,8.4,6.0,29
1997-09-07,18.3,21.7,59,0.00,69,2.28,0.0,4.3,1.9,29
1997-09-08,19.1,25.6,61,0.00,25,3.47,0.0,5.6,2.9,31
1997-09-09,20.7,28.2,61,0.00,72,3.83,0.0,6.1,2.9,29
1997-09-10,22.5,29.5,58,0.00,188,3.92,0.0,8.8,4.5,28
1997-09-11,19.9,28.1,73,5.40,225,2.11,12.0,8.7,6.2,33
1997-09-12,15.2,18.8,69,0.90,220,2.52,4.0,9.5,6.9,44
1997-09-13,15.5,21.2,63,0.00,130,2.71,0.0,8.1,4.8,31
1997-09-14,15.1,21.1,76,13.40,80,1.29,17.0,7.6,3.7,33
1997-09-15,13.5,16.9,87,10.80,165,1.97,15.0,9.2,6.6,71
1997-09-16,12.7,17.4,80,3.10,190,2.14,4.0,12.0,7.5,51
1997-09-17,11.6,15.2,93,22.10,133,0.76,23.0,12.8,6.4,60
1997-09-18,11.7,14.7,77,2.30,270,1.65,4.0,7.4,5.6,51
1997-09-19,12.1,17.3,64,0.00,352,2.55,0.0,7.9,3.5,50
1997-09-20,14.0,20.9,73,0.00,30,2.83,0.0,4.6,2.4,43
1997-09-21,17.1,24.2,74,0.00,347,3.00,0.0,4.0,2.4,39
1997-09-22,19.1,25.9,71,0.00,172,3.13,0.0,6.6,3.0,36
1997-09-23,19.0,25.7,66,0.00,183,3.23,0.0,6.8,5.3,40
1997-09-24,19.1,25.7,66,0.00,179,3.15,0.0,6.8,4.1,38
1997-09-25,20.2,27.5,64,0.00,165,3.23,0.0,9.1,5.4,38
1997-09-26,18.1,26.3,66,5.70,195,2.61,8.0,16.8,9.7,41
1997-09-27,12.9,17.5,71,0.80,213,2.03,2.0,15.7,9.7,50
1997-09-28,13.2,16.7,70,0.00,193,1.28,0.0,12.1,7.4,55
1997-09-29,14.5,20.1,79,0.00,200,1.94,0.0,9.2,5.2,48
1997-09-30,15.3,20.3,77,1.40,161,1.51,2.0,11.6,7.5,53
1997-10-01,13.5,17.8,90,4.20,146,0.92,8.0,9.4,3.9,80
1997-10-02,11.3,17.4,92,10.10,188,0.70,17.0,10.2,7.1,82
1997-10-03,9.6,13.4,77,4.90,179,1.11,9.0,12.7,8.2,61
1997-10-04,10.0,14.6,90,9.40,178,1.14,22.0,9.7,7.1,68
1997-10-05,10.3,13.7,83,6.90,241,1.52,16.0,10.2,6.2,51
1997-10-06,10.3,13.6,64,0.00,223,1.58,0.0,8.9,4.5,47
1997-10-07,9.3,12.8,70,1.40,319,1.32,8.0,5.6,4.3,54
1997-10-08,8.0,11.1,69,0.30,114,1.15,2.0,16.6,8.0,54
1997-10-09,7.5,11.9,82,5.70,125,1.23,18.0,11.2,6.5,62
1997-10-10,8.0,10.7,82,0.60,145,1.21,4.0,9.8,7.1,67
1997-10-11,8.0,10.0,81,1.70,217,1.23,8.0,8.4,6.1,59
1997-10-12,6.9,11.7,64,0.00,257,1.59,0.0,8.3,6.1,41
1997-10-13,8.7,12.5,77,0.20,202,1.01,2.0,10.3,5.8,53
1997-10-14,11.0,15.1,81,2.60,217,1.14,11.0,6.7,4.0,63
1997-10-15,11.0,14.7,88,1.60,154,0.71,7.0,6.6,4.1,70
1997-10-16,11.2,18.4,86,0.10,176,1.47,1.0,7.1,6.0,57
1997-10-17,12.4,17.6,87,0.40,222,0.84,3.0,8.2,5.6,65
1997-10-18,8.8,13.0,85,3.60,311,1.26,6.0,7.2,4.7,52
1997-10-19,7.4,10.4,68,0.00,354,1.24,0.0,5.9,4.6,51
1997-10-20,5.8,10.6,75,0.00,344,1.33,0.0,5.4,2.7,50
1997-10-21,7.9,11.9,79,0.00,330,1.29,0.0,4.0,2.0,56
1997-10-22,8.5,11.0,83,1.60,233,1.09,10.0,6.5,4.7,66
1997-10-23,7.2,9.7,78,2.50,281,1.03,13.0,8.5,5.8,64
1997-10-24,6.2,8.9,80,0.00,298,0.89,0.0,6.6,4.2,59
1997-10-25,6.1,10.0,80,0.00,147,0.83,0.0,6.8,5.2,65
1997-10-26,5.1,9.3,84,0.20,150,0.80,1.0,8.6,6.5,63
1997-10-27,8.0,11.6,82,0.80,200,0.89,4.0,7.9,6.5,61
1997-10-28,7.9,10.7,85,3.80,166,0.53,13.0,7.8,4.7,61
1997-10-29,6.3,11.2,92,12.80,164,0.80,23.0,11.1,7.1,60
1997-10-30,7.6,13.1,83,12.20,175,1.09,14.0,14.0,8.8,60
1997-10-31,8.7,12.4,75,0.00,217,1.14,0.0,14.3,9.1,55
1997-11-01,8.4,11.4,72,0.00,234,0.99,0.0,9.2,5.7,53
1997-11-02,8.0,11.1,78,0.00,135,0.97,0.0,10.1,4.4,51
1997-11-03,6.0,9.3,87,1.20,158,0.41,5.0,8.1,6.3,69
1997-11-04,7.3,11.0,92,0.00,188,0.70,0.0,8.1,5.5,78
1997-11-05,5.7,10.4,92,0.00,154,0.53,0.0,6.9,5.9,77
1997-11-06,8.1,10.1,93,8.30,185,0.34,12.0,6.3,2.7,80
1997-11-07,7.5,10.6,95,1.40,326,0.37,6.0,7.7,4.7,81
1997-11-08,5.3,7.5,83,0.00,348,0.61,0.0,6.3,4.6,70
1997-11-09,4.5,7.7,82,0.00,32,0.79,0.0,5.4,3.6,58
1997-11-10,4.8,7.9,79,0.00,19,0.85,0.0,6.6,3.2,55
1997-11-11,4.4,7.8,78,0.00,349,0.84,0.0,6.5,3.3,51
1997-11-12,3.6,7.4,79,0.00,326,0.79,0.0,5.0,3.5,48
1997-11-13,3.8,7.6,80,0.00,347,0.77,0.0,5.1,2.7,56
1997-11-14,4.9,8.1,84,0.00,337,0.77,0.0,5.4,2.3,61
1997-11-15,3.6,6.9,84,0.00,320,0.71,0.0,4.5,1.9,50
1997-11-16,3.8,7.0,73,0.00,136,0.69,0.0,4.8,2.4,51
1997-11-17,4.2,6.0,79,0.30,149,0.51,3.0,7.2,4.7,59
1997-11-18,2.8,7.6,90,0.40,174,0.55,4.0,7.2,6.1,72
1997-11-19,3.5,5.5,80,0.00,102,0.49,0.0,5.7,4.3,63
1997-11-20,3.8,6.6,87,7.00,139,0.30,15.0,7.6,4.7,67
1997-11-21,4.6,7.5,85,4.90,234,0.51,10.0,7.0,5.7,65
1997-11-22,3.2,7.0,89,0.00,161,0.43,0.0,6.1,3.2,71
1997-11-23,2.0,5.2,87,1.70,128,0.36,13.0,9.5,6.1,77
1997-11-24,2.5,5.4,96,8.10,174,0.46,18.0,9.0,6.0,85
1997-11-25,2.4,4.0,94,0.70,191,0.38,5.0,7.6,5.0,82
1997-11-26,2.4,4.3,88,0.00,135,0.39,0.0,7.9,5.0,73
1997-11-27,2.2,4.1,86,0.00,171,0.30,0.0,8.7,5.9,74
1997-11-28,2.4,5.7,92,5.80,163,0.32,20.0,9.2,7.4,86
1997-11-29,3.1,5.1,95,0.30,126,0.33,2.0,9.3,5.6,84
1997-11-30,4.1,4.9,94,2.80,168,0.36,15.0,9.5,7.1,89
1997-12-01,3.4,4.8,93,0.10,236,0.38,1.0,6.8,4.3,86
1997-12-02,0.1,3.4,93,0.00,46,0.38,0.0,5.0,2.6,83
1997-12-03,-1.5,2.0,91,0.00,159,NaN,0.0,4.8,2.6,75
1997-12-04,-0.8,2.1,89,0.00,322,0.39,0.0,3.2,1.7,71
1997-12-05,-1.4,1.3,89,0.00,335,0.36,0.0,4.2,2.5,74
1997-12-06,-1.6,1.1,90,0.00,173,0.36,0.0,3.4,1.7,70
1997-12-07,-1.8,1.6,89,0.00,70,0.33,0.0,4.1,1.4,72
1997-12-08,2.1,3.9,86,1.00,196,0.35,5.0,9.4,4.7,72
1997-12-09,0.0,2.4,83,0.00,229,0.40,0.0,9.4,6.4,65
1997-12-10,-0.9,2.1,91,0.00,154,0.35,0.0,6.0,5.0,69
1997-12-11,-3.5,0.7,91,0.00,156,0.29,0.0,8.1,6.4,80
1997-12-12,-2.1,1.5,92,0.00,169,0.28,0.0,8.3,6.7,78
1997-12-13,-2.1,1.4,93,0.00,162,0.32,0.0,7.8,6.6,74
1997-12-14,-2.4,2.2,83,0.00,164,0.38,0.0,9.2,7.9,65
1997-12-15,0.2,2.2,89,0.00,171,0.25,0.0,9.6,7.8,76
1997-12-16,1.3,3.7,91,8.50,137,0.21,23.0,8.7,6.6,85
1997-12-17,2.8,3.8,95,4.40,184,0.31,5.0,9.1,7.2,86
1997-12-18,1.3,3.8,87,0.10,233,0.36,1.0,9.0,5.5,61
1997-12-19,-1.5,2.7,88,1.10,153,0.23,7.0,9.0,5.6,61
1997-12-20,-2.0,0.4,89,0.80,138,0.24,7.0,8.0,6.4,73
1997-12-21,-0.5,0.8,87,0.90,223,0.38,5.0,9.6,6.3,43
1997-12-22,-2.8,0.6,83,0.00,173,0.25,0.0,7.4,4.7,44
1997-12-23,-3.3,0.0,83,0.20,169,0.29,2.0,8.7,6.6,77
1997-12-24,0.2,2.1,90,0.00,240,0.33,0.0,7.9,4.1,77
1997-12-25,-0.8,2.8,90,0.00,295,0.36,0.0,4.6,3.3,75
1997-12-26,-4.2,2.4,90,0.00,166,0.24,0.0,9.0,6.3,74
1997-12-27,-1.2,1.9,81,1.20,206,0.30,5.0,8.7,6.7,73
1997-12-28,0.7,3.6,88,5.80,171,0.20,16.0,6.9,6.0,77
1997-12-29,5.3,8.5,82,3.40,195,0.27,5.0,8.8,7.2,77
1997-12-30,6.2,7.8,86,6.90,190,0.36,10.0,6.2,3.3,75
1997-12-31,0.2,5.8,90,0.00,171,0.32,0.0,10.1,7.4,77
1998-01-01,-0.2,2.9,92,7.90,156,0.18,11.0,9.0,6.3,84
1998-01-02,-8.4,2.3,78,7.00,308,0.25,7.0,10.1,8.0,67
1998-01-03,-11.0,-5.1,82,0.00,350,0.27,0.0,6.0,3.1,72
1998-01-04,-5.5,-4.2,86,6.40,49,0.15,17.0,5.3,3.2,73
1998-01-05,-3.2,-0.7,93,3.30,152,0.29,15.0,7.9,6.4,77
1998-01-06,0.5,2.9,92,10.30,179,0.30,24.0,7.6,5.7,80
1998-01-07,0.4,2.4,91,7.40,287,0.30,17.0,5.6,3.9,78
1998-01-08,-5.3,0.2,83,0.10,302,0.28,1.0,7.9,5.5,70
1998-01-09,-10.2,-7.8,79,0.00,325,0.29,0.0,6.4,4.0,61
1998-01-10,-15.5,-9.9,83,0.50,320,0.17,5.0,8.0,6.5,72
1998-01-11,-17.5,-14.1,78,0.00,332,0.21,0.0,6.5,4.7,61
1998-01-12,-15.6,-11.5,78,0.00,336,0.24,0.0,5.7,2.6,62
1998-01-13,-10.6,-7.0,79,3.40,143,0.20,12.0,4.7,2.8,65
1998-01-14,-6.0,-2.6,85,5.40,147,0.23,13.0,7.6,6.0,70
1998-01-15,-2.0,1.6,88,0.70,172,0.39,4.0,9.7,8.1,75
1998-01-16,-0.5,1.9,84,1.30,173,0.36,5.0,8.4,6.0,76
1998-01-17,-0.0,2.9,90,7.30,146,0.32,17.0,7.1,4.9,82
1998-01-18,2.0,4.7,86,0.80,149,0.45,5.0,5.9,4.7,70
1998-01-19,2.8,5.3,86,5.20,278,0.32,13.0,5.1,2.6,76
1998-01-20,4.1,5.6,82,1.30,212,0.52,7.0,6.4,5.2,69
1998-01-21,0.3,4.9,87,0.00,189,0.43,0.0,5.4,4.7,77
1998-01-22,1.3,5.0,86,3.70,177,0.55,9.0,6.0,4.4,69
1998-01-23,0.7,4.8,89,5.60,130,0.31,17.0,6.7,5.5,72
1998-01-24,1.7,3.5,93,4.20,163,0.40,13.0,8.3,6.1,81
1998-01-25,3.0,4.7,90,0.50,167,0.56,3.0,8.5,6.4,76
1998-01-26,2.9,5.3,87,1.30,151,0.61,6.0,8.4,6.6,78
1998-01-27,3.3,7.0,85,3.70,207,0.61,13.0,7.7,3.9,71
1998-01-28,1.1,6.6,85,0.00,163,0.51,0.0,6.4,4.1,73
1998-01-29,1.3,4.8,86,0.20,148,0.52,1.0,6.6,3.0,71
1998-01-30,4.1,7.7,85,1.10,191,0.72,4.0,6.9,5.4,71
1998-01-31,2.4,7.1,84,0.00,141,0.68,0.0,6.7,4.8,67
1998-02-01,0.1,4.8,79,0.00,174,0.78,0.0,4.0,1.8,58
1998-02-02,2.2,5.0,83,0.40,142,0.50,2.0,5.6,2.0,65
1998-02-03,1.2,5.1,88,1.00,20,0.34,5.0,5.8,4.0,77
1998-02-04,1.9,6.5,87,0.50,360,0.61,3.0,5.2,3.1,69
1998-02-05,4.6,7.0,86,0.90,152,0.53,5.0,7.2,4.6,74
1998-02-06,4.7,8.0,85,0.40,112,0.80,2.0,8.2,5.6,69
1998-02-07,5.4,9.6,81,0.20,148,0.95,1.0,6.2,4.1,65
1998-02-08,5.2,8.7,85,0.60,102,0.72,5.0,5.8,3.0,71
1998-02-09,3.9,7.1,85,0.30,182,0.76,2.0,7.9,6.6,68
1998-02-10,1.8,6.3,81,0.50,130,0.50,3.0,7.6,5.4,63
1998-02-11,1.6,5.1,86,0.20,164,0.79,2.0,8.0,5.7,72
1998-02-12,1.8,5.2,89,5.60,132,0.48,16.0,8.4,7.0,77
1998-02-13,2.9,6.1,88,0.10,175,0.86,1.0,10.0,6.9,71
1998-02-14,2.7,7.0,84,0.00,136,0.83,0.0,8.2,5.9,56
1998-02-15,4.1,7.7,84,0.60,206,0.79,4.0,4.9,2.4,64
1998-02-16,3.7,7.5,79,0.00,170,0.96,0.0,6.2,3.3,53
1998-02-17,2.7,6.6,76,0.00,72,1.02,0.0,4.8,1.9,61
1998-02-18,3.1,6.8,79,0.00,154,0.85,0.0,8.0,6.0,67
1998-02-19,3.6,6.7,88,2.10,129,0.66,14.0,8.4,5.8,77
1998-02-20,4.9,7.4,87,2.00,145,0.85,11.0,10.5,5.7,74
1998-02-21,4.2,6.1,86,4.80,150,0.90,16.0,12.1,7.5,77
1998-02-22,2.8,4.9,82,2.40,176,0.91,11.0,8.0,6.3,76
1998-02-23,1.4,5.1,81,0.60,206,1.14,3.0,7.6,3.7,61
1998-02-24,-0.4,4.3,76,0.00,304,1.19,0.0,4.0,2.7,47
1998-02-25,-0.8,4.1,76,0.10,216,0.95,1.0,5.2,3.7,52
1998-02-26,0.4,4.0,81,0.60,235,0.94,6.0,5.9,4.2,54
1998-02-27,-0.6,4.2,71,0.00,271,1.27,0.0,4.3,2.4,41
1998-02-28,-0.6,4.0,68,0.70,138,0.86,4.0,10.5,3.6,48
1998-03-01,0.7,5.0,87,4.40,140,0.88,17.0,7.9,5.7,73
1998-03-02,3.0,4.6,91,14.00,96,0.49,19.0,4.9,3.5,79
1998-03-03,3.5,4.3,88,5.00,262,0.84,9.0,5.8,4.3,71
1998-03-04,1.8,5.7,79,1.20,296,0.88,12.0,6.2,5.0,58
1998-03-05,0.9,3.8,84,0.10,299,1.04,1.0,5.0,3.5,57
1998-03-06,0.1,4.0,73,0.00,303,1.26,0.0,4.7,3.5,48
1998-03-07,-0.8,4.2,72,0.00,187,1.39,0.0,6.8,3.0,56
1998-03-08,0.5,3.7,79,1.60,169,0.87,8.0,8.6,5.4,69
1998-03-09,1.0,3.9,85,2.90,175,0.74,5.0,8.3,6.0,77
1998-03-10,2.4,5.6,83,0.10,193,0.99,1.0,7.2,3.9,67
1998-03-11,3.8,9.3,86,0.60,167,1.36,4.0,6.8,5.4,66
1998-03-12,4.4,9.9,82,0.00,167,1.51,0.0,8.1,4.8,63
1998-03-13,7.0,12.2,77,1.50,195,1.57,6.0,5.0,2.8,61
1998-03-14,8.0,12.6,75,0.00,230,1.88,0.0,7.5,4.6,45
1998-03-15,7.0,11.8,73,0.00,239,1.89,0.0,5.9,4.3,57
1998-03-16,6.3,11.7,75,0.40,250,1.49,2.0,8.7,5.6,61
1998-03-17,3.8,7.3,78,0.30,291,1.65,2.0,8.8,5.8,64
1998-03-18,4.3,9.3,71,0.00,259,1.55,0.0,4.0,2.6,50
1998-03-19,4.1,8.8,75,0.00,186,1.85,0.0,4.1,2.4,61
1998-03-20,6.6,11.9,69,0.00,180,1.99,0.0,6.1,3.5,51
1998-03-21,7.5,13.0,72,0.00,165,2.06,0.0,4.7,2.9,53
1998-03-22,7.3,11.8,82,4.80,147,1.31,13.0,6.4,4.3,64
1998-03-23,5.3,9.7,87,5.50,193,1.08,10.0,9.4,4.8,67
1998-03-24,4.0,8.6,88,3.20,168,1.55,12.0,7.9,6.2,70
1998-03-25,6.4,9.8,79,0.70,227,2.07,4.0,8.1,5.3,56
1998-03-26,6.0,8.1,67,0.70,211,2.18,5.0,14.3,9.1,55
1998-03-27,2.6,6.5,61,0.00,215,2.24,0.0,12.2,8.1,50
1998-03-28,2.0,6.2,69,0.10,325,2.05,1.0,9.4,3.9,40
1998-03-29,2.5,8.9,69,0.00,297,2.41,0.0,9.0,4.4,29
1998-03-30,4.2,9.0,70,0.20,225,1.61,2.0,9.2,4.3,30
1998-03-31,4.3,6.6,87,3.50,149,1.16,13.0,7.2,3.5,76
1998-04-01,5.8,9.5,81,0.40,353,1.80,4.0,2.9,1.8,53
1998-04-02,6.4,11.2,75,0.00,212,2.01,0.0,4.3,3.0,53
1998-04-03,7.3,11.2,77,0.00,227,2.01,0.0,3.8,2.4,56
1998-04-04,6.8,10.8,76,0.00,322,2.19,0.0,6.5,3.8,60
1998-04-05,7.2,12.4,77,1.50,263,1.79,6.0,5.8,3.9,53
1998-04-06,7.1,10.8,81,1.70,216,2.10,13.0,5.3,3.1,56
1998-04-07,6.4,10.6,77,0.40,230,2.31,2.0,9.6,5.2,59
1998-04-08,4.7,7.9,69,0.00,239,2.39,0.0,8.6,5.7,53
1998-04-09,6.0,9.3,62,0.00,186,2.38,0.0,8.4,3.2,43
1998-04-10,6.0,8.6,70,6.10,164,1.61,12.0,6.2,2.4,60
1998-04-11,4.4,7.1,88,8.70,166,1.56,18.0,8.0,4.1,68
1998-04-12,4.1,6.8,77,0.30,212,2.33,1.0,6.9,6.0,56
1998-04-13,4.7,9.9,65,0.00,232,2.86,0.0,6.4,3.4,30
1998-04-14,5.6,9.8,63,0.00,344,2.78,0.0,6.2,3.8,32
1998-04-15,6.0,12.4,66,0.00,310,2.92,0.0,6.0,4.4,30
1998-04-16,7.2,12.0,68,0.00,234,2.28,0.0,7.4,4.6,40
1998-04-17,7.7,14.1,67,0.00,252,3.11,0.0,7.6,4.0,33
1998-04-18,8.8,13.8,59,0.00,183,2.44,0.0,9.7,4.9,34
1998-04-19,8.3,12.7,68,1.10,263,2.71,3.0,8.0,5.7,41
1998-04-20,10.0,16.1,57,0.00,158,3.54,0.0,12.0,4.2,38
1998-04-21,12.0,19.9,62,1.20,200,3.49,3.0,8.2,5.2,37
1998-04-22,12.1,20.9,69,0.10,283,3.42,1.0,5.2,3.6,39
1998-04-23,14.3,19.6,78,3.40,144,2.46,6.0,6.3,2.6,57
1998-04-24,9.5,16.9,75,9.10,252,2.57,10.0,14.5,8.2,31
1998-04-25,8.0,13.8,55,0.00,242,3.32,0.0,12.6,8.7,31
1998-04-26,9.8,18.3,59,0.00,223,3.81,0.0,9.7,6.4,37
1998-04-27,12.3,21.2,61,0.00,243,4.24,0.0,9.2,5.0,35
1998-04-28,13.8,22.6,63,0.00,217,4.28,0.0,8.6,4.7,34
1998-04-29,15.0,23.6,61,0.00,234,4.62,0.0,7.3,3.6,33
1998-04-30,17.2,25.1,55,0.00,9,4.61,0.0,5.6,2.8,27
1998-05-01,18.8,26.3,47,0.00,11,5.03,0.0,7.1,3.5,27
1998-05-02,19.7,26.8,51,0.00,333,4.41,0.0,5.2,2.4,28
1998-05-03,18.0,25.7,62,0.00,259,4.60,0.0,8.6,5.8,33
1998-05-04,18.3,25.7,56,0.00,300,5.09,0.0,7.2,4.7,26
1998-05-05,19.1,27.1,49,0.00,302,5.22,0.0,6.1,4.4,25
1998-05-06,19.6,27.4,53,0.00,257,5.24,0.0,9.4,4.9,25
1998-05-07,17.1,26.7,55,0.00,271,4.68,0.0,10.0,7.1,26
1998-05-08,16.8,23.0,58,1.00,287,3.60,3.0,7.2,4.1,32
1998-05-09,14.4,21.0,72,0.00,320,2.80,0.0,9.4,6.1,44
1998-05-10,17.1,23.0,61,0.00,308,3.92,0.0,7.3,3.3,43
1998-05-11,16.4,21.6,72,0.50,205,3.54,2.0,7.3,3.9,49
1998-05-12,16.2,23.3,72,0.70,65,4.20,2.0,5.9,2.9,39
1998-05-13,17.5,23.7,65,1.80,241,4.27,2.0,9.0,4.3,37
1998-05-14,12.0,18.0,68,2.00,233,2.40,12.0,9.9,6.6,49
1998-05-15,11.3,15.8,68,0.70,202,3.34,3.0,8.9,6.1,44
1998-05-16,11.2,17.7,67,1.40,177,3.61,4.0,6.5,4.3,32
1998-05-17,13.0,19.0,56,0.00,337,3.32,0.0,10.0,6.3,32
1998-05-18,11.2,19.0,69,1.80,236,2.22,9.0,10.0,6.5,33
1998-05-19,11.8,18.8,81,4.00,142,2.85,14.0,5.7,3.4,40
1998-05-20,15.6,23.1,61,0.00,17,4.52,0.0,7.1,4.4,34
1998-05-21,18.1,23.0,58,0.00,280,4.00,0.0,6.1,3.6,34
1998-05-22,15.9,23.4,63,0.00,278,4.36,0.0,7.9,6.2,35
1998-05-23,15.7,23.3,60,0.00,230,2.80,0.0,7.1,4.9,35
1998-05-24,15.0,19.5,75,0.00,159,2.95,0.0,12.4,7.3,48
1998-05-25,15.3,19.0,78,4.80,125,1.92,5.0,11.2,4.6,54
1998-05-26,11.3,16.4,92,3.70,292,1.32,13.0,7.8,5.0,73
1998-05-27,10.6,17.2,96,13.90,202,0.85,20.0,9.6,6.8,72
1998-05-28,11.1,17.3,82,7.50,130,2.46,17.0,6.3,3.7,48
1998-05-29,15.6,23.2,59,0.00,10,4.45,0.0,6.3,3.0,37
1998-05-30,16.5,22.9,72,0.00,190,4.17,0.0,8.5,5.7,38
1998-05-31,17.6,25.0,70,0.50,197,4.66,2.0,13.0,7.2,42
1998-06-01,17.5,24.7,61,0.20,269,5.12,1.0,12.7,8.5,33
1998-06-02,17.8,22.4,55,0.20,358,4.87,1.0,10.7,6.4,30
1998-06-03,18.6,24.2,46,0.00,19,5.11,0.0,8.4,3.0,26
1998-06-04,17.4,24.1,65,4.10,313,3.66,14.0,4.7,2.3,26
1998-06-05,15.3,21.4,73,1.10,6,3.89,4.0,5.7,3.0,39
1998-06-06,17.7,21.9,64,0.40,242,4.12,2.0,8.1,4.1,39
1998-06-07,17.6,23.7,69,0.50,332,4.19,3.0,7.3,3.8,38
1998-06-08,19.3,24.6,60,0.50,157,4.84,1.0,7.6,3.9,38
1998-06-09,20.1,26.9,63,0.40,220,5.07,1.0,8.5,5.9,38
1998-06-10,19.9,26.3,58,0.00,240,4.66,0.0,8.6,5.4,39
1998-06-11,20.3,26.4,63,0.00,250,4.43,0.0,8.4,5.3,42
1998-06-12,21.5,26.1,51,0.00,310,5.90,0.0,9.7,6.5,21
1998-06-13,18.5,25.7,56,7.30,299,4.22,7.0,11.7,5.7,22
1998-06-14,17.0,22.1,60,0.00,245,4.01,0.0,14.2,8.2,31
1998-06-15,14.3,19.1,72,4.70,241,3.11,13.0,14.1,8.3,48
1998-06-16,14.2,21.7,63,0.50,320,3.75,3.0,12.3,7.0,37
1998-06-17,18.2,22.4,58,0.10,236,3.90,1.0,12.2,5.8,38
1998-06-18,14.7,20.7,78,2.20,241,3.20,10.0,6.1,4.7,49
1998-06-19,16.5,21.1,75,3.00,320,3.56,8.0,7.0,5.0,53
1998-06-20,17.6,23.9,73,0.90,304,4.28,3.0,6.2,3.4,36
1998-06-21,19.2,24.9,64,0.00,194,4.35,0.0,4.9,2.9,37
1998-06-22,20.4,25.8,65,0.60,181,4.68,2.0,6.9,4.5,39
1998-06-23,20.2,24.8,63,0.20,218,4.71,1.0,10.1,7.1,37
1998-06-24,17.1,24.6,62,1.10,221,3.20,6.0,11.9,7.4,36
1998-06-25,15.7,20.1,77,5.40,187,3.69,12.0,10.1,4.4,49
1998-06-26,13.4,18.3,82,8.30,235,2.43,17.0,8.6,6.0,54
1998-06-27,15.7,22.2,66,0.00,258,3.65,0.0,8.4,5.9,45
1998-06-28,18.2,22.2,72,1.60,249,3.22,7.0,7.0,4.5,46
1998-06-29,18.0,23.1,82,4.10,354,3.24,8.0,6.2,2.6,53
1998-06-30,20.2,28.1,71,0.50,58,4.89,1.0,6.4,2.7,33
1998-07-01,23.0,28.7,55,0.00,282,5.67,0.0,5.8,3.9,33
1998-07-02,23.2,29.1,58,0.20,323,5.46,1.0,5.6,4.3,34
1998-07-03,21.1,26.4,78,5.80,137,2.38,7.0,6.0,2.5,48
1998-07-04,18.7,22.9,86,2.00,202,3.16,6.0,8.0,4.0,59
1998-07-05,19.7,25.4,68,1.20,237,3.89,4.0,7.9,5.2,40
1998-07-06,21.4,28.9,60,0.00,243,5.60,0.0,7.3,5.7,37
1998-07-07,23.1,28.9,57,0.00,238,5.46,0.0,8.9,5.2,37
1998-07-08,23.3,29.0,63,0.00,221,5.23,0.0,6.1,4.4,39
1998-07-09,23.0,29.8,62,0.20,215,4.78,1.0,7.7,3.7,33
1998-07-10,24.8,30.1,60,0.60,218,4.66,2.0,6.8,3.2,32
1998-07-11,21.7,28.0,66,1.90,227,5.13,3.0,13.7,6.8,34
1998-07-12,19.2,24.7,53,0.00,231,5.22,0.0,15.7,10.6,31
1998-07-13,19.4,23.8,49,0.00,236,5.37,0.0,15.1,9.3,28
1998-07-14,18.5,24.2,48,0.00,238,4.49,0.0,13.7,5.6,29
1998-07-15,19.4,23.9,80,2.80,112,1.59,9.0,5.0,1.8,39
1998-07-16,21.0,30.5,82,0.50,181,4.52,3.0,11.5,4.2,36
1998-07-17,24.5,30.8,54,0.00,226,5.82,0.0,11.3,5.5,31
1998-07-18,24.3,31.4,54,0.00,240,6.01,0.0,7.7,5.0,27
1998-07-19,24.5,31.4,52,0.00,250,6.10,0.0,15.5,8.4,28
1998-07-20,20.9,28.1,51,0.00,273,5.26,0.0,14.1,6.9,29
1998-07-21,23.7,29.9,45,0.00,352,5.79,0.0,8.6,4.8,29
1998-07-22,25.7,32.5,44,0.00,36,5.83,0.0,6.2,3.2,26
1998-07-23,27.3,34.7,49,0.00,202,6.08,0.0,7.9,4.4,21
1998-07-24,26.3,34.2,43,0.00,246,6.37,0.0,9.4,5.6,21
1998-07-25,28.1,35.3,50,0.00,270,5.99,0.0,6.8,3.8,22
1998-07-26,30.2,36.8,45,0.00,337,6.04,0.0,5.2,3.5,25
1998-07-27,31.4,38.0,43,0.00,282,5.88,0.0,5.2,3.3,19
1998-07-28,28.9,37.4,50,0.30,217,5.14,1.0,11.4,6.0,20
1998-07-29,28.1,35.1,53,0.00,194,5.54,0.0,10.5,5.5,23
1998-07-30,28.3,34.7,46,0.00,158,5.12,0.0,9.3,4.3,24
1998-07-31,26.4,30.9,51,0.00,224,4.34,0.0,8.0,4.8,30
1998-08-01,23.9,30.4,62,1.00,263,4.35,5.0,6.7,5.5,35
1998-08-02,26.1,32.9,53,0.00,233,5.16,0.0,7.2,4.5,23
1998-08-03,27.9,34.9,48,0.00,178,6.31,0.0,14.3,6.9,23
1998-08-04,28.7,36.9,45,0.00,168,6.58,0.0,12.9,7.2,18
1998-08-05,29.4,36.6,40,0.00,197,5.93,0.0,15.3,6.8,19
1998-08-06,23.0,33.5,43,0.00,261,5.91,0.0,15.2,6.4,22
1998-08-07,22.9,29.1,46,0.00,262,5.10,0.0,6.5,4.1,24
1998-08-08,23.9,31.4,45,0.00,218,5.84,0.0,9.9,6.3,21
1998-08-09,25.9,33.4,41,0.00,196,6.09,0.0,9.6,5.9,19
1998-08-10,25.1,33.3,43,0.00,250,5.75,0.0,8.0,5.8,19
1998-08-11,24.8,30.7,51,0.00,255,5.32,0.0,8.1,5.6,27
1998-08-12,25.2,32.9,48,0.00,236,5.39,0.0,8.7,4.9,25
1998-08-13,28.0,34.4,46,0.00,283,5.33,0.0,5.8,3.7,21
1998-08-14,29.2,34.4,45,0.00,245,5.39,0.0,13.1,4.5,19
1998-08-15,25.0,33.6,41,0.00,230,5.99,0.0,12.9,8.6,20
1998-08-16,18.7,27.2,48,0.00,236,4.90,0.0,13.1,8.9,24
1998-08-17,16.8,22.1,48,0.30,236,3.78,1.0,11.4,5.6,30
1998-08-18,17.3,23.4,52,0.40,244,3.44,3.0,10.4,5.0,31
1998-08-19,20.5,26.3,51,0.00,40,4.05,0.0,7.8,3.4,28
1998-08-20,23.7,30.9,47,0.00,96,4.64,0.0,4.9,2.4,18
1998-08-21,23.5,30.7,50,0.90,213,3.63,5.0,7.8,4.9,18
1998-08-22,22.0,28.1,58,0.00,206,4.31,0.0,6.6,4.9,25
1998-08-23,23.4,27.9,49,0.00,266,4.12,0.0,5.8,3.8,25
1998-08-24,20.2,27.2,55,0.10,233,4.13,1.0,9.7,5.9,29
1998-08-25,21.2,28.0,58,0.00,173,4.55,0.0,10.1,6.6,21
1998-08-26,20.8,27.6,48,0.00,246,4.21,0.0,11.3,5.5,21
1998-08-27,22.0,29.8,47,0.00,234,4.59,0.0,8.2,5.4,22
1998-08-28,24.1,32.6,45,0.00,228,5.01,0.0,9.0,4.9,18
1998-08-29,26.2,34.0,40,0.00,197,4.70,0.0,7.0,3.2,15
1998-08-30,25.7,33.7,39,0.00,268,5.12,0.0,8.4,5.7,15
1998-08-31,26.2,34.1,44,0.00,354,4.69,0.0,6.6,4.1,15
1998-09-01,26.7,33.9,40,0.00,185,4.11,0.0,8.5,5.0,15
1998-09-02,26.5,33.0,37,0.00,230,5.57,0.0,14.0,8.1,19
1998-09-03,24.9,33.5,46,0.00,227,5.11,0.0,13.9,6.4,20
1998-09-04,24.5,33.2,46,0.00,275,4.66,0.0,8.9,5.4,21
1998-09-05,24.3,31.4,51,0.00,350,4.30,0.0,7.6,3.8,22
1998-09-06,25.9,34.0,47,0.00,201,4.63,0.0,10.4,5.4,16
1998-09-07,25.4,33.7,42,0.00,247,4.55,0.0,8.2,4.4,16
1998-09-08,22.8,32.5,46,0.00,243,3.54,0.0,7.6,5.6,18
1998-09-09,19.2,25.3,46,0.00,253,3.88,0.0,8.4,5.6,17
1998-09-10,18.8,25.9,42,0.00,235,4.05,0.0,8.9,5.8,18
1998-09-11,20.7,25.8,53,0.00,239,2.87,0.0,8.2,5.1,25
1998-09-12,21.7,29.0,62,0.00,225,3.59,0.0,8.6,4.0,25
1998-09-13,21.8,28.8,49,0.10,244,3.61,1.0,8.5,5.9,24
1998-09-14,21.9,27.9,56,0.00,218,3.13,0.0,8.4,4.2,23
1998-09-15,22.1,30.1,54,0.00,271,3.80,0.0,6.6,4.1,22
1998-09-16,23.2,29.9,51,0.00,236,3.70,0.0,6.0,3.9,23
1998-09-17,22.2,29.4,60,2.60,280,2.77,7.0,6.6,4.0,25
1998-09-18,17.3,22.9,77,4.00,208,2.45,7.0,11.4,6.4,44
1998-09-19,14.6,19.3,80,6.90,277,1.56,22.0,6.8,3.9,45
1998-09-20,15.3,19.7,75,0.80,6,1.94,3.0,5.3,3.4,44
1998-09-21,17.6,23.3,66,0.00,307,2.82,0.0,5.1,2.9,35
1998-09-22,19.1,24.0,66,0.00,339,3.02,0.0,5.5,2.6,34
1998-09-23,20.1,24.8,62,0.00,226,2.85,0.0,5.6,2.9,30
1998-09-24,17.7,24.5,66,4.20,236,1.39,8.0,8.9,5.4,32
1998-09-25,12.8,15.6,88,9.80,270,1.04,13.0,10.8,6.2,55
1998-09-26,14.6,20.1,71,0.00,315,2.53,0.0,10.2,4.2,35
1998-09-27,17.1,24.1,67,0.00,168,2.78,0.0,5.4,2.6,35
1998-09-28,18.4,23.6,66,0.00,232,2.72,0.0,5.2,3.8,36
1998-09-29,18.2,23.0,65,0.00,293,2.56,0.0,5.4,3.9,40
1998-09-30,18.1,23.4,65,0.00,46,2.69,0.0,6.1,2.8,34
1998-10-01,18.7,23.6,66,0.00,140,2.47,0.0,8.4,4.7,37
1998-10-02,14.1,20.2,77,15.20,218,1.66,19.0,13.3,7.4,42
1998-10-03,9.8,14.4,67,1.00,200,1.86,6.0,11.6,7.3,51
1998-10-04,10.5,14.3,76,2.60,178,1.50,10.0,6.1,4.6,54
1998-10-05,11.6,17.7,73,0.90,188,1.74,7.0,12.7,6.6,52
1998-10-06,13.5,19.4,73,0.00,170,2.28,0.0,8.3,6.0,46
1998-10-07,13.1,18.3,75,0.00,167,1.36,0.0,9.0,4.6,51
1998-10-08,14.1,16.6,83,5.90,155,1.18,8.0,10.5,5.6,65
1998-10-09,10.7,13.4,85,5.40,169,1.54,14.0,8.5,4.8,70
1998-10-10,9.1,12.0,86,7.90,151,1.11,19.0,4.4,2.2,74
1998-10-11,8.1,13.4,83,0.70,137,1.33,4.0,11.1,5.1,42
1998-10-12,9.9,14.4,72,0.10,118,0.97,1.0,7.8,5.3,47
1998-10-13,11.8,15.1,82,5.80,160,1.19,18.0,7.6,4.7,55
1998-10-14,10.2,13.3,91,7.90,185,0.85,13.0,7.4,6.1,79
1998-10-15,7.8,10.9,81,1.50,249,1.26,8.0,7.4,5.4,55
1998-10-16,9.6,13.0,68,0.00,169,1.57,0.0,9.0,4.1,48
1998-10-17,7.4,11.8,80,3.50,156,0.74,7.0,11.4,7.1,60
1998-10-18,6.7,11.8,78,1.80,256,1.35,2.0,8.5,4.0,43
1998-10-19,8.8,12.8,76,0.00,328,1.47,0.0,5.8,3.1,50
1998-10-20,8.0,12.4,81,0.00,10,1.42,0.0,5.4,2.5,60
1998-10-21,9.2,15.5,85,0.00,351,1.46,0.0,5.2,1.9,52
1998-10-22,9.8,15.8,81,0.00,221,1.50,0.0,4.0,2.7,52
1998-10-23,10.3,15.5,82,0.00,236,1.49,0.0,4.8,3.2,56
1998-10-24,9.9,14.2,85,0.00,225,1.30,0.0,3.1,1.5,58
1998-10-25,10.3,14.8,86,0.00,227,1.17,0.0,7.5,3.9,63
1998-10-26,11.2,16.0,81,0.00,204,1.11,0.0,9.8,5.6,63
1998-10-27,9.9,15.3,87,0.00,171,1.04,0.0,9.1,3.7,63
1998-10-28,8.9,13.2,75,7.00,223,1.26,11.0,11.2,7.7,39
1998-10-29,7.3,10.9,60,0.00,213,1.34,0.0,7.2,5.3,47
1998-10-30,7.8,10.2,78,0.00,165,1.03,0.0,6.8,5.0,57
1998-10-31,4.9,9.1,78,0.20,141,0.77,1.0,7.9,6.3,60
1998-11-01,6.6,9.2,79,1.30,144,0.74,3.0,6.8,3.5,66
1998-11-02,7.6,8.9,83,0.00,27,0.75,0.0,4.6,2.2,67
1998-11-03,6.6,9.0,80,0.00,113,0.71,0.0,6.8,3.5,59
1998-11-04,6.6,8.3,79,1.30,128,0.56,7.0,7.3,5.0,62
1998-11-05,5.3,7.8,94,6.20,111,0.49,23.0,5.6,3.4,82
1998-11-06,6.1,8.3,97,5.90,24,0.53,23.0,4.7,3.2,90
1998-11-07,5.8,7.8,91,2.00,130,0.59,11.0,3.9,2.4,76
1998-11-08,4.8,6.6,90,3.40,325,0.56,20.0,5.4,3.2,76
1998-11-09,3.8,6.1,87,1.30,267,0.64,7.0,3.3,2.3,71
1998-11-10,3.7,6.3,87,1.10,183,0.64,8.0,6.9,4.2,65
1998-11-11,3.6,7.2,84,0.40,203,0.59,3.0,7.1,4.7,63
1998-11-12,3.4,5.8,93,10.80,169,0.24,16.0,7.2,5.7,75
1998-11-13,5.3,10.1,93,10.60,183,0.40,19.0,9.1,7.4,80
1998-11-14,7.3,8.2,93,11.60,45,0.28,21.0,6.9,3.6,86
1998-11-15,5.2,8.2,99,12.10,149,0.33,24.0,7.8,5.8,97
1998-11-16,4.4,8.9,94,5.00,180,0.62,15.0,10.3,8.1,78
1998-11-17,4.5,7.1,92,0.50,160,0.63,5.0,7.9,3.6,77
1998-11-18,5.7,7.2,88,0.70,208,0.55,3.0,7.8,5.1,76
1998-11-19,3.4,6.1,90,0.70,164,0.35,6.0,8.0,4.1,73
1998-11-20,2.4,5.3,91,9.00,141,0.33,21.0,10.5,6.7,82
1998-11-21,2.9,5.3,94,7.80,173,0.45,15.0,10.1,7.4,82
1998-11-22,2.0,3.8,94,4.90,175,0.35,8.0,10.0,7.6,86
1998-11-23,1.0,3.3,96,3.10,127,0.26,13.0,8.7,7.3,84
1998-11-24,2.5,5.4,91,5.90,157,0.42,18.0,12.2,7.6,83
1998-11-25,3.3,4.3,91,14.80,155,0.27,24.0,14.5,8.6,83
1998-11-26,5.1,6.7,91,19.30,171,0.40,22.0,8.2,6.0,86
1998-11-27,3.5,4.9,94,5.00,162,0.43,14.0,9.4,5.5,84
1998-11-28,2.6,5.8,92,0.60,204,0.42,5.0,6.6,3.9,80
1998-11-29,0.1,2.8,92,1.00,109,0.32,5.0,6.5,4.5,78
1998-11-30,1.6,3.5,91,3.50,141,0.36,18.0,7.8,5.7,70
1998-12-01,2.4,3.7,88,5.10,149,0.31,19.0,12.7,6.4,72
1998-12-02,3.1,4.5,88,11.10,178,0.49,15.0,12.9,7.5,69
1998-12-03,2.5,4.2,84,0.00,186,0.47,0.0,7.6,5.9,71
1998-12-04,-0.0,3.1,91,0.20,185,0.36,2.0,6.1,2.6,74
1998-12-05,-3.7,0.4,92,3.10,162,0.21,16.0,8.9,7.0,80
1998-12-06,-2.3,-0.9,89,2.40,161,0.29,18.0,7.6,5.7,82
1998-12-07,-2.7,0.4,89,3.60,155,0.24,18.0,9.4,7.8,81
1998-12-08,-0.7,2.8,90,0.50,183,0.38,3.0,8.6,6.6,68
1998-12-09,-0.4,2.9,92,0.60,177,0.22,2.0,8.0,6.9,71
1998-12-10,-2.6,0.3,85,1.00,151,0.24,5.0,8.6,7.2,78
1998-12-11,-0.6,1.5,90,0.40,162,0.27,2.0,7.7,5.6,82
1998-12-12,0.0,2.9,94,4.90,143,0.23,18.0,7.2,5.8,90
1998-12-13,3.8,5.1,92,7.90,152,0.28,23.0,9.1,6.6,88
1998-12-14,2.7,5.4,74,6.90,241,0.42,14.0,9.1,6.4,55
1998-12-15,0.9,3.7,85,3.20,168,0.23,12.0,5.9,5.1,54
1998-12-16,2.6,3.7,90,2.30,173,0.26,8.0,6.6,5.6,81
1998-12-17,2.8,5.6,80,3.90,220,0.35,9.0,12.0,8.4,62
1998-12-18,-3.9,-0.4,81,0.00,318,0.29,0.0,10.7,6.7,64
1998-12-19,-11.7,-5.3,81,0.20,318,0.17,2.0,11.4,8.8,70
1998-12-20,-15.4,-12.1,77,0.00,332,0.19,0.0,10.8,7.8,64
1998-12-21,-13.5,-11.7,80,0.00,155,0.18,0.0,4.8,3.4,69
1998-12-22,-11.8,-8.9,80,0.00,324,0.21,0.0,3.4,2.3,71
1998-12-23,-10.6,-9.2,84,0.90,139,0.16,9.0,6.4,2.4,74
1998-12-24,-11.4,-8.5,78,4.10,144,0.16,21.0,9.4,7.2,71
1998-12-25,-6.6,-4.3,87,1.20,135,0.18,5.0,6.4,3.1,72
1998-12-26,-2.1,0.8,88,13.20,219,0.28,19.0,6.6,4.2,76
1998-12-27,-0.5,2.1,84,5.50,175,0.22,15.0,9.3,6.6,68
1998-12-28,1.4,4.8,85,8.20,184,0.35,15.0,8.1,6.4,74
1998-12-29,4.9,7.5,82,12.10,192,0.25,10.0,7.9,6.3,64
1998-12-30,4.9,6.9,85,5.80,262,0.32,13.0,7.1,4.1,82
1998-12-31,2.2,4.9,90,0.40,154,0.24,4.0,12.0,5.6,77
1999-01-01,2.3,4.2,75,0.30,266,0.40,3.0,13.2,5.4,64
1999-01-02,-0.8,3.6,90,0.00,334,0.31,0.0,4.0,3.0,69
1999-01-03,-2.5,0.5,90,0.00,303,0.34,0.0,3.2,2.1,74
1999-01-04,-1.0,2.0,89,0.50,197,0.27,4.0,6.1,3.9,72
1999-01-05,3.4,6.3,79,1.40,227,0.39,5.0,7.2,5.8,66
1999-01-06,3.7,5.7,82,0.00,263,0.39,0.0,6.3,4.3,70
1999-01-07,3.9,5.1,86,1.10,241,0.36,4.0,6.0,5.3,75
1999-01-08,3.3,4.9,84,1.50,221,0.27,6.0,7.0,5.7,76
1999-01-09,2.8,4.9,86,1.30,225,0.34,7.0,6.6,4.6,76
1999-01-10,1.1,4.4,91,3.50,186,0.17,7.0,6.1,4.1,79
1999-01-11,2.7,5.2,87,0.50,189,0.30,3.0,8.6,7.4,80
1999-01-12,4.2,5.9,82,0.90,211,0.30,4.0,12.5,7.2,76
1999-01-13,2.0,4.1,84,0.00,218,0.33,0.0,11.3,5.9,74
1999-01-14,0.0,3.0,92,9.90,160,0.27,22.0,8.8,6.8,85
1999-01-15,2.2,4.3,73,0.20,203,0.57,1.0,12.5,7.3,61
1999-01-16,1.0,3.3,90,4.10,145,0.44,11.0,8.2,5.4,72
1999-01-17,0.6,2.8,93,2.60,177,0.29,13.0,6.1,3.7,83
1999-01-18,-0.4,1.7,93,10.50,125,0.33,21.0,6.5,4.9,82
1999-01-19,1.5,4.8,91,1.60,166,0.51,8.0,9.1,7.0,78
1999-01-20,3.1,5.2,92,2.40,165,0.51,12.0,7.0,5.5,73
1999-01-21,3.0,5.8,90,2.00,135,0.52,9.0,5.4,2.7,76
1999-01-22,1.9,4.8,90,3.60,162,0.50,11.0,7.9,6.4,72
1999-01-23,-1.2,3.2,84,0.40,333,0.38,2.0,9.4,6.9,68
1999-01-24,-9.5,-5.2,75,0.00,315,0.40,0.0,7.9,3.8,62
1999-01-25,-5.4,-3.1,85,0.00,159,0.36,0.0,6.4,4.8,61
1999-01-26,-4.3,-2.4,86,0.00,311,0.41,0.0,8.2,4.0,70
1999-01-27,-4.6,-1.4,87,0.10,187,0.33,1.0,7.6,5.0,62
1999-01-28,-1.5,3.0,82,6.20,180,0.58,23.0,8.8,6.5,62
1999-01-29,1.6,5.1,88,9.40,160,0.57,23.0,17.2,10.1,74
1999-01-30,3.6,5.2,81,8.80,160,0.67,19.0,14.0,7.6,62
1999-01-31,3.0,4.1,74,3.20,181,0.58,10.0,13.5,5.5,61
1999-02-01,-1.1,2.4,79,2.90,194,0.47,14.0,11.5,8.6,64
1999-02-02,1.2,5.2,90,11.70,170,0.52,22.0,14.5,7.8,67
1999-02-03,1.9,5.3,74,1.10,218,0.67,3.0,16.1,9.0,67
1999-02-04,0.2,2.3,89,8.70,154,0.44,18.0,7.6,5.3,77
1999-02-05,0.4,3.4,84,2.70,161,0.42,14.0,12.3,7.3,73
1999-02-06,0.3,2.2,87,5.70,144,0.47,22.0,13.1,8.3,77
1999-02-07,1.4,2.8,86,9.10,166,0.56,24.0,8.8,6.2,77
1999-02-08,-0.5,1.5,84,4.30,164,0.50,13.0,14.0,8.3,68
1999-02-09,-1.6,1.0,80,2.20,189,0.76,13.0,9.7,4.6,62
1999-02-10,-4.0,0.5,81,0.20,215,0.64,2.0,5.4,4.1,58
1999-02-11,-4.1,0.8,74,0.00,179,0.65,0.0,10.8,6.2,56
1999-02-12,-4.1,0.4,76,0.00,144,0.75,0.0,9.5,7.1,59
1999-02-13,-0.0,3.0,71,0.00,156,0.82,0.0,8.2,6.6,61
1999-02-14,0.9,5.0,75,0.00,244,0.99,0.0,8.0,4.4,47
1999-02-15,-1.0,4.4,73,0.00,154,0.90,0.0,6.2,2.8,56
1999-02-16,0.3,4.3,85,1.80,133,0.81,10.0,10.0,6.9,70
1999-02-17,2.2,4.4,84,3.20,171,0.89,8.0,11.1,6.6,63
1999-02-18,1.2,6.0,84,0.80,145,0.63,4.0,8.8,5.0,65
1999-02-19,1.6,4.1,82,1.70,227,0.96,9.0,13.9,5.9,53
1999-02-20,1.1,5.0,69,0.00,187,1.17,0.0,11.0,4.7,47
1999-02-21,2.2,4.2,79,1.80,114,0.87,8.0,9.3,5.6,57
1999-02-22,1.0,4.4,87,2.90,148,0.66,12.0,15.0,8.4,73
1999-02-23,1.7,4.3,74,3.90,203,1.06,9.0,14.5,8.4,67
1999-02-24,2.9,6.7,92,14.90,137,0.72,24.0,11.3,6.2,77
1999-02-25,4.3,6.0,89,8.60,167,1.12,17.0,7.6,6.0,75
1999-02-26,2.6,4.9,73,1.20,200,1.25,3.0,8.8,7.8,52
1999-02-27,0.7,4.0,80,3.60,139,0.84,14.0,12.4,7.1,61
1999-02-28,1.7,5.7,88,3.40,169,1.10,9.0,7.4,5.9,76
1999-03-01,2.8,5.7,81,1.40,196,1.05,6.0,9.5,4.9,64
1999-03-02,1.3,4.3,81,0.00,171,1.00,0.0,7.9,4.9,63
1999-03-03,1.7,4.7,87,6.40,111,0.86,20.0,13.0,6.5,69
1999-03-04,1.2,4.9,82,1.70,190,1.12,6.0,9.2,6.8,57
1999-03-05,1.8,4.3,70,0.00,209,1.37,0.0,7.6,6.0,59
1999-03-06,0.7,4.7,73,0.00,172,1.35,0.0,5.1,3.0,45
1999-03-07,-0.2,4.3,71,0.00,190,1.44,0.0,5.4,2.5,48
1999-03-08,0.7,4.3,71,0.00,143,1.02,0.0,10.6,5.6,54
1999-03-09,2.0,5.7,77,0.60,91,1.14,5.0,8.4,3.2,58
1999-03-10,2.6,5.5,86,2.60,178,1.41,12.0,5.9,4.7,63
1999-03-11,2.0,6.0,74,0.00,187,1.60,0.0,5.8,3.8,56
1999-03-12,2.2,5.5,74,0.10,153,1.08,1.0,12.1,6.9,53
1999-03-13,3.1,7.4,84,0.10,141,1.10,1.0,13.2,7.4,72
1999-03-14,5.4,7.6,86,8.00,168,1.11,20.0,8.2,5.8,78
1999-03-15,3.9,5.9,72,1.20,212,1.13,6.0,9.4,6.1,65
1999-03-16,2.9,4.9,82,4.40,268,1.41,20.0,8.1,4.8,65
1999-03-17,2.7,6.6,72,0.00,153,1.26,0.0,17.5,6.6,56
1999-03-18,2.7,7.3,79,0.60,175,1.21,4.0,9.7,4.1,66
1999-03-19,5.3,10.5,81,0.00,343,1.84,0.0,4.6,3.2,60
1999-03-20,5.9,13.5,71,0.00,348,2.38,0.0,5.9,3.4,45
1999-03-21,7.4,15.4,68,0.00,288,2.58,0.0,5.8,3.7,41
1999-03-22,7.3,13.1,78,0.00,218,1.86,0.0,9.8,5.6,61
1999-03-23,6.9,11.0,72,0.00,162,1.81,0.0,9.4,4.0,55
1999-03-24,6.8,12.0,76,0.00,146,1.96,0.0,12.4,5.8,59
1999-03-25,6.3,8.7,82,6.10,185,1.44,14.0,9.7,5.6,66
1999-03-26,4.2,6.9,75,2.80,218,1.76,9.0,13.6,8.2,48
1999-03-27,2.1,5.3,62,0.30,224,1.83,3.0,12.4,8.1,41
1999-03-28,2.0,6.0,66,0.20,190,2.08,1.0,10.6,7.1,43
1999-03-29,2.2,6.3,78,3.90,147,1.84,16.0,11.7,7.1,55
1999-03-30,3.0,6.6,75,0.30,172,1.86,3.0,9.0,5.1,44
1999-03-31,3.7,5.8,72,0.00,321,1.72,0.0,5.8,3.1,55
1999-04-01,3.8,8.2,72,0.00,317,2.45,0.0,5.2,3.6,47
1999-04-02,4.9,9.2,68,0.00,195,2.45,0.0,9.0,3.8,41
1999-04-03,4.3,8.1,79,5.60,284,1.42,16.0,8.7,5.7,61
1999-04-04,4.0,6.0,74,0.10,253,1.74,1.0,7.1,4.9,59
1999-04-05,4.2,7.7,72,0.00,256,2.18,0.0,4.8,3.1,45
1999-04-06,5.0,9.1,67,0.00,222,2.41,0.0,9.9,5.3,43
1999-04-07,5.4,9.7,73,0.00,186,2.09,0.0,10.0,7.9,60
1999-04-08,6.2,7.8,81,4.80,217,1.80,18.0,8.8,5.4,53
1999-04-09,3.6,6.3,59,0.00,244,2.41,0.0,10.6,7.5,39
1999-04-10,3.7,7.8,66,0.00,183,2.51,0.0,10.2,5.6,42
1999-04-11,4.7,10.1,71,0.00,177,2.73,0.0,11.2,5.9,50
1999-04-12,6.7,10.9,74,0.10,186,2.19,1.0,14.5,8.5,57
1999-04-13,5.3,9.9,63,0.30,274,2.61,2.0,12.0,8.9,41
1999-04-14,6.0,9.6,63,0.00,301,2.99,0.0,9.0,4.6,38
1999-04-15,6.6,12.8,62,0.00,338,3.28,0.0,4.3,2.5,34
1999-04-16,7.2,13.2,67,0.00,184,3.20,0.0,4.7,2.8,41
1999-04-17,9.1,17.4,65,0.00,194,3.45,0.0,6.2,4.2,41
1999-04-18,9.9,16.7,77,0.00,242,2.35,0.0,6.5,3.6,54
1999-04-19,8.1,12.6,80,0.20,232,2.31,1.0,6.7,5.1,56
1999-04-20,7.5,10.3,77,2.50,228,2.62,5.0,8.4,6.3,48
1999-04-21,4.5,8.7,74,0.40,255,1.90,3.0,10.2,6.2,59
1999-04-22,7.1,12.3,75,0.00,317,2.59,0.0,7.3,5.6,52
1999-04-23,8.9,16.7,71,0.00,268,3.56,0.0,4.7,2.7,39
1999-04-24,9.4,17.8,70,0.00,232,3.89,0.0,5.4,2.8,39
1999-04-25,9.6,17.8,75,1.60,227,2.16,6.0,6.8,5.3,50
1999-04-26,6.4,9.7,72,0.00,238,2.59,0.0,10.0,6.5,49
1999-04-27,5.7,9.3,71,0.20,207,2.74,1.0,6.6,4.9,41
1999-04-28,6.5,10.9,69,0.00,331,2.92,0.0,9.7,5.9,38
1999-04-29,7.8,12.0,65,0.00,321,3.57,0.0,7.9,5.8,43
1999-04-30,8.9,13.8,68,0.00,223,3.66,0.0,8.7,4.8,40
1999-05-01,9.3,14.3,77,8.10,229,2.01,16.0,7.4,4.3,56
1999-05-02,5.9,9.4,74,0.90,194,2.30,6.0,10.5,8.1,61
1999-05-03,7.1,10.3,78,1.80,190,2.60,8.0,11.0,6.4,60
1999-05-04,5.5,9.0,59,0.10,222,3.21,1.0,11.3,9.2,45
1999-05-05,6.3,12.0,58,0.00,219,3.54,0.0,10.4,7.4,43
1999-05-06,8.5,15.3,63,0.00,155,3.57,0.0,12.6,7.3,45
1999-05-07,8.4,16.1,66,8.40,227,3.10,8.0,13.3,8.8,42
1999-05-08,6.3,10.4,59,0.00,218,3.52,0.0,12.2,5.1,41
1999-05-09,6.6,10.9,64,0.00,289,3.36,0.0,5.6,3.7,42
1999-05-10,8.1,14.7,65,0.00,286,3.88,0.0,6.6,4.2,39
1999-05-11,10.2,15.4,59,0.00,170,3.76,0.0,10.8,6.1,35
1999-05-12,10.1,14.7,68,0.60,242,2.97,5.0,10.9,7.2,43
1999-05-13,8.1,13.9,66,0.50,250,3.31,4.0,11.6,5.8,47
1999-05-14,9.5,14.6,67,0.20,287,3.20,1.0,6.5,5.0,47
1999-05-15,10.7,17.4,70,0.10,284,3.78,1.0,6.2,4.7,44
1999-05-16,10.5,17.0,72,4.30,227,2.59,5.0,8.2,5.4,44
1999-05-17,8.4,13.5,85,6.40,203,2.14,14.0,6.2,4.0,63
1999-05-18,9.9,16.0,87,10.30,172,2.77,23.0,8.6,5.1,54
1999-05-19,10.0,16.0,70,0.40,217,3.16,3.0,9.3,5.0,42
1999-05-20,12.9,16.9,61,0.00,249,3.29,0.0,6.9,4.0,42
1999-05-21,12.4,17.0,63,0.00,242,3.47,0.0,8.2,6.4,39
1999-05-22,13.1,22.5,60,0.00,242,4.64,0.0,7.3,5.0,37
1999-05-23,16.3,26.4,64,0.00,279,5.26,0.0,5.1,3.4,36
1999-05-24,20.5,28.8,57,0.00,189,5.72,0.0,8.9,3.8,30
1999-05-25,17.6,28.1,60,0.00,248,5.15,0.0,15.9,9.0,32
1999-05-26,12.2,21.0,56,0.00,238,5.10,0.0,15.6,6.8,32
1999-05-27,16.0,21.9,52,0.00,213,4.40,0.0,12.2,6.3,31
1999-05-28,14.2,21.1,52,0.00,280,4.37,0.0,10.4,7.6,25
1999-05-29,14.5,19.0,44,0.10,344,4.66,1.0,11.7,6.5,25
1999-05-30,13.3,19.2,53,0.00,289,4.06,0.0,10.5,5.3,34
1999-05-31,13.6,18.9,62,5.20,234,2.71,9.0,10.9,6.3,34
1999-06-01,13.2,16.9,62,0.70,231,3.73,2.0,12.6,6.7,37
1999-06-02,10.1,15.3,79,1.30,348,2.19,3.0,10.4,5.7,56
1999-06-03,15.6,25.3,62,0.00,298,5.05,0.0,8.0,5.3,27
1999-06-04,16.6,25.4,58,0.00,247,4.35,0.0,12.6,8.4,27
1999-06-05,15.3,19.4,66,3.40,225,3.88,9.0,17.2,9.2,31
1999-06-06,10.3,15.6,53,0.00,229,4.24,0.0,15.5,7.7,35
1999-06-07,10.9,15.9,59,1.50,211,3.91,2.0,7.9,4.7,37
1999-06-08,11.9,17.3,59,0.60,229,4.00,2.0,5.6,4.0,38
1999-06-09,12.2,18.3,56,0.90,227,4.00,3.0,8.5,6.9,37
1999-06-10,12.4,17.9,66,5.00,240,3.17,13.0,9.4,4.8,39
1999-06-11,13.4,20.6,70,0.60,237,4.13,3.0,4.0,2.3,34
1999-06-12,18.0,26.6,47,0.00,99,5.42,0.0,6.5,3.7,27
1999-06-13,21.3,26.6,51,0.00,213,3.75,0.0,5.6,2.8,27
1999-06-14,20.4,28.0,63,0.30,98,4.73,1.0,4.7,2.4,32
1999-06-15,24.5,31.8,50,0.00,69,5.64,0.0,6.2,3.5,29
1999-06-16,23.5,31.9,59,0.00,238,4.92,0.0,7.3,5.3,29
1999-06-17,20.8,27.3,52,0.00,247,5.44,0.0,7.6,5.0,33
1999-06-18,21.6,27.2,52,0.50,252,4.55,1.0,10.3,5.7,33
1999-06-19,15.9,22.6,57,1.90,223,4.53,2.0,9.9,7.5,26
1999-06-20,16.5,22.7,50,0.00,228,3.51,0.0,8.3,5.9,25
1999-06-21,16.7,20.4,72,2.60,216,3.08,12.0,14.3,5.8,45
1999-06-22,15.5,20.1,62,0.00,239,3.48,0.0,15.9,9.6,43
1999-06-23,15.0,19.8,63,0.00,237,2.99,0.0,16.1,8.0,46
1999-06-24,15.9,20.3,73,11.90,30,2.00,8.0,7.0,3.3,45
1999-06-25,14.7,19.1,73,0.70,253,3.16,3.0,11.7,6.2,46
1999-06-26,12.5,17.6,74,5.30,236,2.64,18.0,9.5,6.2,50
1999-06-27,14.0,20.4,62,0.20,239,3.37,2.0,8.5,6.0,33
1999-06-28,14.1,20.4,62,2.80,228,2.66,6.0,12.1,7.1,32
1999-06-29,15.2,18.9,63,0.00,233,3.03,0.0,12.8,8.1,49
1999-06-30,15.1,19.7,66,1.60,233,2.95,5.0,12.2,6.0,49
1999-07-01,16.4,20.6,61,1.00,226,4.54,4.0,10.9,7.4,37
1999-07-02,11.8,19.3,69,7.20,253,2.52,14.0,9.4,6.0,39
1999-07-03,12.1,16.4,72,1.20,220,2.73,7.0,6.2,4.5,48
1999-07-04,14.4,18.4,70,2.10,287,2.64,10.0,4.3,2.3,49
1999-07-05,15.8,22.9,66,0.00,203,4.51,0.0,9.1,6.6,41
1999-07-06,20.1,28.2,55,0.00,126,5.68,0.0,7.2,3.9,28
1999-07-07,18.5,27.9,67,11.60,248,2.63,12.0,13.3,6.9,29
1999-07-08,15.2,21.5,64,0.40,251,3.79,1.0,16.8,9.3,45
1999-07-09,18.9,26.8,61,0.00,62,5.21,0.0,5.9,2.9,34
1999-07-10,23.3,30.7,52,0.00,142,5.86,0.0,6.0,3.3,30
1999-07-11,23.7,30.9,52,0.00,236,6.07,0.0,8.2,5.7,25
1999-07-12,23.6,30.7,45,0.00,251,6.41,0.0,9.4,5.8,25
1999-07-13,23.1,29.8,49,0.00,249,5.73,0.0,8.1,5.3,25
1999-07-14,16.9,28.2,63,5.70,253,2.91,16.0,10.8,6.8,25
1999-07-15,14.5,19.5,72,0.20,325,2.88,2.0,6.9,4.7,51
1999-07-16,17.5,22.5,64,0.00,56,3.80,0.0,8.0,4.8,40
1999-07-17,19.8,25.0,53,0.00,350,4.86,0.0,7.6,4.5,32
1999-07-18,19.6,25.0,60,2.40,247,4.94,2.0,7.6,5.1,33
1999-07-19,19.6,27.3,65,0.20,182,5.02,1.0,5.0,3.6,28
1999-07-20,22.8,29.5,49,0.00,188,5.76,0.0,7.9,5.1,23
1999-07-21,21.7,29.4,54,0.00,224,4.10,0.0,10.1,5.7,23
1999-07-22,20.7,27.4,61,0.00,216,5.03,0.0,13.3,7.4,28
1999-07-23,21.9,27.9,49,0.00,224,5.97,0.0,12.8,8.0,29
1999-07-24,21.1,27.3,50,0.60,252,4.68,2.0,13.1,7.5,31
1999-07-25,17.3,24.0,59,1.40,254,3.88,3.0,11.8,5.8,30
1999-07-26,20.6,28.6,55,0.00,71,5.16,0.0,6.1,3.4,30
1999-07-27,24.3,33.1,49,0.00,212,5.96,0.0,11.0,5.6,17
1999-07-28,25.7,32.9,36,0.00,226,7.17,0.0,14.8,9.2,17
1999-07-29,21.6,32.2,54,3.00,228,3.38,6.0,14.3,6.8,18
1999-07-30,18.9,25.1,61,0.00,288,4.52,0.0,8.6,6.3,24
1999-07-31,20.6,25.4,45,0.00,347,4.86,0.0,8.3,5.4,22
1999-08-01,21.8,29.7,49,0.00,34,4.84,0.0,7.4,5.9,27
1999-08-02,24.3,32.5,52,0.00,12,5.29,0.0,8.1,4.7,23
1999-08-03,27.1,34.1,44,0.00,356,5.39,0.0,6.4,3.2,22
1999-08-04,26.1,33.4,49,0.20,313,3.57,1.0,8.3,4.1,23
1999-08-05,23.9,30.6,58,0.30,23,4.99,1.0,5.7,3.1,31
1999-08-06,26.0,32.0,54,0.00,16,5.14,0.0,6.1,3.4,29
1999-08-07,25.0,31.1,60,0.00,149,4.39,0.0,6.4,3.9,29
1999-08-08,22.5,28.7,62,1.30,216,3.29,6.0,8.4,6.7,33
1999-08-09,23.1,28.6,59,0.00,216,4.41,0.0,7.8,4.9,36
1999-08-10,24.1,30.2,55,0.00,251,4.76,0.0,7.6,4.0,26
1999-08-11,24.8,30.1,56,0.00,324,4.97,0.0,7.5,4.2,26
1999-08-12,21.9,30.1,52,0.00,238,4.81,0.0,9.5,6.3,25
1999-08-13,20.7,25.6,59,1.60,217,3.35,3.0,7.3,3.5,33
1999-08-14,18.3,21.6,75,10.00,209,2.05,16.0,4.7,3.2,59
1999-08-15,17.1,21.0,70,3.10,220,2.91,10.0,12.5,7.3,42
1999-08-16,18.0,23.1,69,2.10,200,3.53,11.0,10.7,5.5,48
1999-08-17,20.6,29.1,69,0.00,131,4.51,0.0,7.1,3.7,34
1999-08-18,23.9,32.0,55,0.00,113,4.76,0.0,8.3,3.9,26
1999-08-19,23.5,31.0,67,0.40,259,3.99,1.0,8.0,4.5,29
1999-08-20,24.2,31.0,63,0.10,174,4.51,1.0,8.5,3.9,28
1999-08-21,22.9,30.0,55,0.00,250,4.73,0.0,13.1,8.2,26
1999-08-22,19.9,27.3,51,0.00,251,4.67,0.0,11.8,5.2,29
1999-08-23,23.6,32.2,48,0.00,148,4.88,0.0,9.4,4.5,20
1999-08-24,25.4,32.6,45,0.00,211,5.53,0.0,11.6,6.9,20
1999-08-25,24.1,32.2,49,0.10,223,5.04,1.0,19.3,11.4,23
1999-08-26,20.4,29.8,48,0.00,228,4.96,0.0,17.2,7.2,28
1999-08-27,23.6,31.8,53,0.00,268,4.66,0.0,8.5,4.3,23
1999-08-28,26.5,34.4,46,0.00,87,4.81,0.0,6.9,3.5,18
1999-08-29,24.2,33.7,60,1.60,257,3.90,4.0,10.4,6.2,19
1999-08-30,15.5,23.1,75,7.30,299,1.50,15.0,7.2,4.8,52
1999-08-31,11.7,17.0,82,9.00,232,2.29,17.0,10.9,8.5,41
1999-09-01,14.2,18.2,60,0.90,179,3.07,4.0,8.4,2.9,36
1999-09-02,15.8,19.7,53,0.00,20,3.24,0.0,8.4,4.9,34
1999-09-03,17.3,22.6,55,0.00,3,3.60,0.0,6.1,2.6,28
1999-09-04,17.7,22.3,64,0.00,166,2.32,0.0,9.1,5.2,29
1999-09-05,16.5,20.0,73,3.00,151,1.38,9.0,7.9,5.6,43
1999-09-06,12.3,18.0,83,6.70,221,2.26,14.0,9.8,7.2,44
1999-09-07,14.2,20.8,61,0.00,261,3.31,0.0,7.4,5.1,32
1999-09-08,16.7,24.1,56,0.00,96,3.75,0.0,9.8,5.0,29
1999-09-09,18.5,24.4,56,0.10,186,3.74,1.0,10.1,5.6,30
1999-09-10,16.3,22.4,65,0.10,289,2.90,1.0,9.8,6.4,38
1999-09-11,15.2,19.3,56,0.00,337,3.21,0.0,7.9,5.0,33
1999-09-12,15.9,22.3,62,0.00,6,3.39,0.0,7.1,3.3,33
1999-09-13,17.5,24.8,64,0.00,359,3.50,0.0,5.4,3.0,30
1999-09-14,19.4,26.5,64,0.00,28,3.58,0.0,5.2,2.6,28
1999-09-15,20.9,27.7,62,0.00,74,3.63,0.0,7.0,3.1,30
1999-09-16,20.3,27.1,61,0.00,253,3.26,0.0,6.3,4.6,33
1999-09-17,20.6,25.4,64,0.00,307,3.36,0.0,6.9,4.5,28
1999-09-18,19.9,25.0,55,0.00,320,3.42,0.0,8.1,5.2,28
1999-09-19,19.6,26.6,61,0.00,83,3.30,0.0,7.9,2.8,32
1999-09-20,21.2,28.2,58,0.00,174,3.29,0.0,4.7,2.7,32
1999-09-21,21.6,28.8,61,0.00,163,3.49,0.0,6.7,3.7,27
1999-09-22,21.5,28.9,56,0.00,203,3.62,0.0,9.0,5.3,24
1999-09-23,19.9,28.2,57,0.70,224,2.74,3.0,15.4,7.4,26
1999-09-24,12.5,18.7,56,0.50,244,2.58,3.0,14.3,9.1,32
1999-09-25,10.5,14.8,79,11.50,252,1.54,23.0,12.0,6.7,40
1999-09-26,8.1,12.6,80,1.80,270,1.87,6.0,7.4,5.1,42
1999-09-27,9.5,13.5,63,0.20,293,2.15,2.0,9.7,5.6,36
1999-09-28,10.1,14.0,64,0.00,154,1.79,0.0,13.6,5.9,35
1999-09-29,11.4,16.3,65,0.50,202,1.93,2.0,8.4,5.7,42
1999-09-30,13.1,16.8,69,0.00,353,2.21,0.0,9.7,5.1,33
1999-10-01,11.6,16.2,55,0.00,313,2.34,0.0,11.6,7.0,28
1999-10-02,10.7,14.0,54,0.00,344,2.17,0.0,8.7,3.9,30
1999-10-03,11.2,17.7,64,0.00,152,2.31,0.0,8.2,4.0,35
1999-10-04,12.4,19.6,72,0.00,182,2.39,0.0,6.6,3.8,30
1999-10-05,13.4,18.8,72,0.10,258,1.81,1.0,6.9,2.6,35
1999-10-06,14.2,18.0,75,0.30,263,1.91,2.0,10.6,4.6,42
1999-10-07,14.1,17.4,64,0.00,213,1.75,0.0,16.1,8.7,44
1999-10-08,13.0,15.7,75,7.70,236,1.39,13.0,12.6,6.8,51
1999-10-09,8.9,14.0,66,0.10,244,1.83,1.0,10.1,5.8,39
1999-10-10,9.8,13.6,61,0.00,97,1.75,0.0,6.4,3.2,35
1999-10-11,8.3,12.8,71,2.90,39,1.25,10.0,6.4,4.5,42
1999-10-12,10.0,13.1,75,5.90,191,1.02,14.0,8.8,3.1,52
1999-10-13,10.9,16.9,84,5.00,193,1.75,11.0,14.8,7.9,31
1999-10-14,8.5,14.5,68,1.70,251,1.73,10.0,12.7,7.1,37
1999-10-15,6.2,10.5,68,1.70,286,1.50,5.0,11.8,7.1,32
1999-10-16,7.2,11.3,49,0.00,148,1.52,0.0,8.0,3.8,35
1999-10-17,7.2,13.1,72,0.00,186,1.49,0.0,7.3,4.7,51
1999-10-18,8.9,12.1,83,0.00,350,1.33,0.0,5.4,3.4,59
1999-10-19,7.5,11.9,83,0.00,347,1.36,0.0,5.6,3.2,61
1999-10-20,8.3,14.5,85,0.00,193,1.44,0.0,5.2,3.2,55
1999-10-21,9.6,16.3,83,0.00,213,1.52,0.0,5.7,3.3,52
1999-10-22,10.0,15.8,79,0.00,196,1.50,0.0,5.2,3.1,48
1999-10-23,10.2,16.6,77,0.00,193,1.57,0.0,7.9,4.2,47
1999-10-24,9.8,14.4,62,0.00,214,1.71,0.0,10.2,8.2,33
1999-10-25,9.6,13.4,68,0.00,146,1.06,0.0,13.0,5.8,40
1999-10-26,7.8,12.2,72,0.80,234,1.17,5.0,9.8,6.8,39
1999-10-27,6.8,9.7,63,0.00,74,0.99,0.0,10.2,5.7,38
1999-10-28,5.1,10.4,88,4.90,133,0.75,17.0,11.4,6.4,52
1999-10-29,6.2,9.2,84,2.70,198,0.61,12.0,10.1,8.0,73
1999-10-30,5.4,9.0,95,13.50,149,0.34,24.0,8.4,5.5,78
1999-10-31,7.1,9.2,87,16.00,246,0.89,21.0,17.3,8.6,56
1999-11-01,4.2,7.1,77,0.00,269,1.02,0.0,6.6,4.2,43
1999-11-02,4.4,8.3,65,0.00,117,0.90,0.0,5.8,2.7,53
1999-11-03,4.1,7.6,78,0.00,162,0.75,0.0,8.4,5.6,52
1999-11-04,2.6,6.1,78,2.40,224,0.90,12.0,10.9,6.6,43
1999-11-05,4.0,7.8,58,0.00,96,0.96,0.0,7.2,4.4,45
1999-11-06,3.5,8.5,88,3.70,129,0.46,15.0,7.6,5.9,58
1999-11-07,5.0,10.9,96,0.10,178,0.79,1.0,8.2,5.3,80
1999-11-08,6.9,10.2,94,1.50,209,0.54,5.0,8.6,3.9,87
1999-11-09,5.3,8.4,98,2.60,143,0.38,13.0,9.1,7.8,87
1999-11-10,6.1,8.4,98,7.80,139,0.45,23.0,8.4,6.3,95
1999-11-11,6.1,9.1,99,11.50,141,0.28,23.0,7.6,6.3,97
1999-11-12,8.3,10.0,95,21.60,212,0.29,24.0,9.3,6.7,88
1999-11-13,7.1,10.2,94,2.40,284,0.46,11.0,5.5,3.1,83
1999-11-14,8.4,12.6,95,5.10,174,0.59,16.0,6.2,4.5,86
1999-11-15,7.4,11.5,96,0.00,195,0.50,0.0,6.0,2.3,84
1999-11-16,7.3,10.0,94,0.00,165,0.50,0.0,6.1,4.4,82
1999-11-17,6.6,9.1,98,6.40,261,0.24,12.0,7.6,4.3,94
1999-11-18,4.6,7.9,86,0.00,225,0.61,0.0,7.6,5.4,65
1999-11-19,3.8,7.5,83,0.30,126,0.44,1.0,7.4,5.5,67
1999-11-20,3.3,7.4,88,2.30,179,0.68,8.0,13.3,7.8,52
1999-11-21,3.7,5.6,87,9.10,243,0.39,13.0,8.0,4.7,62
1999-11-22,2.1,4.9,85,0.00,186,0.38,0.0,9.2,6.9,69
1999-11-23,1.9,3.5,92,4.50,161,0.36,12.0,8.2,6.1,82
1999-11-24,1.3,4.0,94,8.30,157,0.23,18.0,8.9,6.2,86
1999-11-25,4.2,5.7,82,5.90,222,0.34,14.0,10.7,5.7,65
1999-11-26,1.3,3.7,87,7.80,322,0.39,19.0,5.4,4.4,75
1999-11-27,-0.8,2.3,89,5.30,22,0.31,21.0,5.2,2.6,69
1999-11-28,0.3,4.4,90,0.30,129,0.41,2.0,6.1,5.2,77
1999-11-29,2.0,5.4,94,0.00,142,0.42,0.0,5.8,3.7,80
1999-11-30,5.1,6.2,89,5.70,168,0.43,13.0,7.4,6.1,84
1999-12-01,3.9,5.5,94,5.90,171,0.31,15.0,8.4,5.2,84
1999-12-02,3.1,4.9,92,8.90,158,0.36,21.0,14.4,7.1,72
1999-12-03,0.8,3.4,85,1.00,251,0.46,2.0,12.1,6.7,74
1999-12-04,-2.0,2.7,93,0.00,143,0.29,0.0,7.1,6.1,76
1999-12-05,-3.2,-0.2,88,0.10,157,0.26,1.0,8.7,6.7,81
1999-12-06,-0.3,2.6,90,5.20,153,0.33,22.0,10.7,6.7,84
1999-12-07,1.7,3.4,85,1.00,237,0.40,5.0,8.2,4.6,74
1999-12-08,-0.9,2.8,92,1.40,172,0.23,9.0,6.7,3.9,75
1999-12-09,-2.7,0.7,90,2.70,127,0.28,18.0,7.6,5.6,82
1999-12-10,-0.5,1.0,93,0.40,177,0.27,4.0,8.6,7.0,84
1999-12-11,1.7,5.3,87,4.00,178,0.39,12.0,7.6,6.0,77
1999-12-12,3.4,5.1,88,7.40,173,0.28,15.0,9.7,7.0,75
1999-12-13,-0.0,4.0,76,0.20,202,0.41,1.0,11.0,7.9,63
1999-12-14,-0.4,0.8,86,4.00,185,0.20,10.0,8.7,6.4,79
1999-12-15,-0.1,2.4,93,13.20,144,0.14,24.0,7.1,4.9,86
1999-12-16,5.3,7.4,80,0.10,205,0.46,1.0,10.5,7.0,69
1999-12-17,3.2,5.6,86,2.30,190,0.27,4.0,9.4,6.5,68
1999-12-18,2.6,5.2,89,10.40,229,0.31,18.0,10.5,7.1,65
1999-12-19,-1.8,1.1,66,1.50,305,0.29,4.0,10.2,4.1,53
1999-12-20,-0.6,3.0,92,0.00,290,0.26,0.0,4.6,3.7,73
1999-12-21,1.5,3.6,90,0.00,298,0.34,0.0,4.9,4.1,78
1999-12-22,-0.3,2.5,94,0.00,316,0.30,0.0,4.5,3.5,79
1999-12-23,-0.3,2.0,93,0.00,269,0.31,0.0,4.3,2.4,79
1999-12-24,-0.5,2.1,92,0.00,200,0.32,0.0,4.7,3.5,69
1999-12-25,-1.1,2.1,93,0.00,292,0.34,0.0,4.6,2.8,75
1999-12-26,-0.3,3.2,93,0.00,300,0.36,0.0,5.0,4.0,76
1999-12-27,-0.1,3.5,93,0.00,285,0.37,0.0,5.2,3.8,75
1999-12-28,-0.8,2.1,93,0.00,237,0.35,0.0,4.3,3.2,71
1999-12-29,-1.0,1.9,91,0.00,214,0.36,0.0,5.7,3.8,73
1999-12-30,-1.6,1.2,93,0.00,226,0.24,0.0,4.3,3.2,74
1999-12-31,-0.7,-0.2,86,0.90,168,0.24,5.0,6.3,3.8,72
2000-01-01,-2.7,-0.3,86,4.10,154,0.22,14.0,6.8,5.0,77
2000-01-02,-0.2,1.2,89,3.40,163,0.29,19.0,4.7,3.3,77
2000-01-03,-1.5,1.1,90,3.30,201,0.18,12.0,6.7,4.6,82
2000-01-04,-2.9,0.6,87,4.80,161,0.24,13.0,10.0,7.0,80
2000-01-05,0.8,3.1,74,0.00,237,0.41,0.0,8.5,7.1,61
2000-01-06,0.3,2.9,79,0.20,194,0.26,2.0,7.4,5.6,60
2000-01-07,-1.2,0.8,84,0.30,174,0.30,3.0,8.6,6.5,79
2000-01-08,-0.3,2.3,90,2.90,174,0.28,13.0,13.3,6.6,74
2000-01-09,-0.6,1.9,74,2.90,208,0.51,7.0,17.1,10.1,56
2000-01-10,-1.4,0.4,70,0.60,204,0.55,5.0,13.7,6.6,58
2000-01-11,-2.3,-0.2,84,5.00,131,0.41,16.0,6.2,4.5,68
2000-01-12,-3.5,-0.4,89,2.80,153,0.31,13.0,7.4,5.3,73
2000-01-13,-2.0,1.9,87,1.80,119,0.43,11.0,7.5,4.9,70
2000-01-14,0.4,2.6,89,7.20,96,0.31,17.0,5.7,4.0,74
2000-01-15,1.4,2.8,82,3.20,189,0.53,10.0,7.4,6.1,61
2000-01-16,-1.5,2.1,86,7.60,78,0.22,13.0,5.9,4.5,67
2000-01-17,-0.4,2.1,87,2.10,176,0.43,12.0,10.5,8.1,69
2000-01-18,1.1,3.2,84,0.40,228,0.44,4.0,7.1,4.4,68
2000-01-19,-4.9,-2.7,80,0.00,310,0.43,0.0,7.2,3.9,60
2000-01-20,-5.6,-3.1,85,1.70,0,0.29,6.0,4.9,2.3,61
2000-01-21,-3.7,-1.3,88,1.20,179,0.33,5.0,3.7,1.9,73
2000-01-22,-0.9,1.3,85,0.00,349,0.46,0.0,3.9,1.9,70
2000-01-23,-1.5,1.3,89,0.00,26,0.55,0.0,5.7,1.6,72
2000-01-24,-3.1,0.8,88,0.00,324,0.50,0.0,4.7,3.4,63
2000-01-25,-3.4,0.6,86,0.00,329,0.45,0.0,6.3,2.2,69
2000-01-26,0.4,3.3,85,0.40,236,0.48,2.0,6.0,4.0,60
2000-01-27,0.6,3.0,77,0.00,254,0.63,0.0,6.4,4.2,63
2000-01-28,-4.4,2.4,83,0.00,194,0.56,0.0,4.6,2.6,64
2000-01-29,-5.6,-1.0,78,0.00,204,0.52,0.0,5.4,3.9,60
2000-01-30,-5.8,0.2,76,0.00,242,0.62,0.0,3.8,2.7,51
2000-01-31,-2.9,-0.0,72,0.00,202,0.60,0.0,6.6,5.2,58
2000-02-01,-0.7,2.9,88,12.00,148,0.44,18.0,9.1,7.2,76
2000-02-02,3.1,7.3,79,0.00,213,0.78,0.0,9.5,6.6,52
2000-02-03,-0.1,6.9,77,0.00,323,0.71,0.0,4.5,3.0,56
2000-02-04,-2.9,3.0,74,0.00,322,0.77,0.0,6.4,3.6,49
2000-02-05,-3.9,1.6,75,0.00,259,0.57,0.0,3.6,2.5,61
2000-02-06,-0.2,5.9,81,0.00,225,0.72,0.0,4.1,2.0,63
2000-02-07,1.6,5.5,81,0.00,173,0.60,0.0,5.2,3.7,67
2000-02-08,3.3,4.6,87,3.90,179,0.49,14.0,8.1,5.5,81
2000-02-09,2.5,5.0,86,2.90,192,0.55,11.0,9.4,7.0,70
2000-02-10,1.7,5.3,82,0.40,260,0.77,4.0,5.6,3.8,69
2000-02-11,0.6,3.6,84,0.00,325,0.74,0.0,6.9,3.6,63
2000-02-12,0.1,1.9,84,0.60,1,0.64,6.0,6.6,5.3,72
2000-02-13,-2.9,0.4,80,0.00,316,0.81,0.0,7.2,4.7,60
2000-02-14,-4.9,-1.0,78,1.00,337,0.57,5.0,8.0,4.7,67
2000-02-15,-1.9,3.7,80,2.80,258,0.71,11.0,5.9,4.3,51
2000-02-16,-2.0,4.1,74,0.00,319,0.94,0.0,4.6,3.1,48
2000-02-17,-5.6,1.8,75,0.00,321,0.86,0.0,6.2,4.2,52
2000-02-18,-6.4,0.6,69,0.00,290,0.97,0.0,4.9,2.4,43
2000-02-19,-5.5,0.2,70,0.00,200,0.86,0.0,5.3,3.0,49
2000-02-20,-3.9,3.9,72,0.00,186,1.04,0.0,7.2,4.1,51
2000-02-21,1.6,5.4,74,0.60,173,0.75,6.0,5.7,3.2,52
2000-02-22,3.4,5.9,86,1.40,140,0.68,8.0,8.5,5.5,75
2000-02-23,5.1,7.8,82,4.50,197,1.13,15.0,7.6,4.6,46
2000-02-24,2.9,7.4,69,0.00,239,1.33,0.0,6.0,3.8,49
2000-02-25,0.4,4.8,75,0.00,170,1.24,0.0,8.8,3.3,60
2000-02-26,1.5,5.1,81,3.10,154,1.16,10.0,7.0,5.5,65
2000-02-27,3.5,6.7,80,3.50,97,0.83,12.0,5.5,3.8,58
2000-02-28,4.3,7.1,84,1.70,190,0.92,6.0,8.2,6.1,74
2000-02-29,3.4,6.7,89,3.30,138,0.75,15.0,6.3,4.8,75
2000-03-01,4.0,6.4,86,2.90,163,0.96,15.0,10.7,6.6,72
2000-03-02,3.7,6.6,86,1.00,149,0.87,9.0,8.2,5.9,75
2000-03-03,3.9,6.9,87,2.30,174,0.65,11.0,8.7,6.0,79
2000-03-04,3.8,4.7,89,9.20,242,0.79,24.0,7.7,5.3,72
2000-03-05,1.7,4.3,77,0.50,307,1.38,3.0,6.7,5.1,53
2000-03-06,0.5,3.6,81,4.50,298,0.80,12.0,6.8,4.6,62
2000-03-07,-0.2,5.5,76,0.10,328,1.29,1.0,4.8,2.4,46
2000-03-08,3.0,8.5,68,0.00,21,1.48,0.0,3.3,1.8,49
2000-03-09,5.3,8.6,75,0.00,182,1.46,0.0,5.9,3.0,56
2000-03-10,5.2,9.3,76,0.00,206,1.57,0.0,8.9,4.9,56
2000-03-11,4.9,7.7,75,0.60,194,1.66,4.0,13.2,7.6,47
2000-03-12,4.2,6.5,67,0.00,208,1.65,0.0,9.5,6.2,57
2000-03-13,3.4,7.0,83,0.20,178,1.41,2.0,7.6,5.0,67
2000-03-14,4.2,6.8,79,8.80,203,1.32,11.0,13.6,7.9,50
2000-03-15,3.6,6.9,69,0.00,229,1.87,0.0,8.7,6.1,57
2000-03-16,3.7,7.4,80,4.60,141,1.15,15.0,11.5,6.7,62
2000-03-17,2.7,7.0,74,1.70,209,1.18,7.0,12.5,8.3,66
2000-03-18,3.1,6.0,86,3.30,164,0.89,14.0,15.4,7.7,73
2000-03-19,2.0,5.5,74,2.50,229,1.69,5.0,11.3,7.9,57
2000-03-20,2.6,6.9,70,0.00,236,1.58,0.0,9.3,5.9,53
2000-03-21,4.2,8.5,74,1.00,197,2.01,4.0,9.0,6.9,59
2000-03-22,5.5,10.9,76,3.90,167,1.25,10.0,8.8,5.9,45
2000-03-23,4.8,8.0,78,5.30,223,1.49,13.0,9.0,7.1,63
2000-03-24,4.0,7.6,69,0.30,215,2.13,1.0,7.9,4.9,54
2000-03-25,5.1,7.4,73,1.80,193,1.56,7.0,7.4,5.1,62
2000-03-26,5.0,9.5,73,0.00,211,2.05,0.0,6.3,4.1,52
2000-03-27,5.6,8.7,77,0.00,174,1.55,0.0,8.4,5.7,66
2000-03-28,5.8,9.1,75,1.00,236,2.09,4.0,7.8,6.1,49
2000-03-29,4.7,8.6,67,1.20,270,2.24,4.0,9.5,6.9,44
2000-03-30,5.1,11.9,63,0.00,252,2.49,0.0,6.0,3.3,35
2000-03-31,6.6,13.4,67,0.00,256,2.35,0.0,5.4,3.3,43
2000-04-01,7.2,12.8,75,0.00,267,2.49,0.0,8.5,5.9,54
2000-04-02,8.5,14.7,70,0.00,283,2.64,0.0,10.0,6.2,43
2000-04-03,7.8,14.1,72,0.00,175,1.83,0.0,5.9,4.1,52
2000-04-04,8.6,11.9,71,0.00,233,2.61,0.0,18.2,8.4,43
2000-04-05,4.9,8.6,67,1.20,227,2.24,7.0,13.8,9.1,44
2000-04-06,4.4,7.4,77,2.90,230,2.11,12.0,8.7,6.8,56
2000-04-07,4.8,9.8,70,0.00,214,2.64,0.0,9.7,5.6,52
2000-04-08,6.1,13.5,70,0.00,190,3.05,0.0,7.6,4.0,43
2000-04-09,8.2,15.0,71,0.00,301,3.13,0.0,5.3,3.4,46
2000-04-10,8.9,14.9,72,0.00,274,2.99,0.0,7.2,4.3,45
2000-04-11,9.0,16.4,71,0.00,209,2.76,0.0,4.7,2.4,43
2000-04-12,9.2,16.1,73,0.00,282,2.88,0.0,6.4,3.7,47
2000-04-13,9.1,15.6,74,0.10,285,2.12,1.0,7.4,4.2,54
2000-04-14,3.6,6.9,91,17.30,336,1.03,24.0,7.1,4.2,76
2000-04-15,4.6,8.7,89,11.10,45,1.92,23.0,3.8,2.3,68
2000-04-16,6.5,9.8,82,3.90,179,2.30,13.0,5.5,2.8,61
2000-04-17,8.5,12.8,67,0.00,228,3.27,0.0,7.1,4.3,35
2000-04-18,8.7,16.2,61,0.00,167,3.50,0.0,4.0,2.0,36
2000-04-19,9.5,16.0,63,0.00,235,3.70,0.0,9.6,5.9,34
2000-04-20,9.2,15.6,66,0.00,242,3.00,0.0,7.6,5.6,42
2000-04-21,9.0,14.5,76,0.00,193,2.78,0.0,8.4,5.0,57
2000-04-22,10.3,15.5,68,2.30,241,3.00,7.0,12.6,6.8,41
2000-04-23,6.9,10.8,64,0.00,212,3.14,0.0,11.6,7.3,46
2000-04-24,5.6,10.1,62,1.00,234,2.93,5.0,8.7,6.0,41
2000-04-25,7.2,10.6,60,0.40,114,2.20,3.0,9.8,5.8,40
2000-04-26,8.2,14.6,75,0.80,183,3.13,4.0,11.0,6.1,38
2000-04-27,11.5,18.6,55,0.00,123,3.69,0.0,12.3,7.5,39
2000-04-28,10.1,19.3,71,13.50,214,3.26,10.0,10.5,6.0,44
2000-04-29,8.7,15.2,61,0.00,206,3.26,0.0,10.4,7.3,35
2000-04-30,11.4,18.6,55,0.00,155,3.06,0.0,12.7,7.2,36
2000-05-01,13.7,18.6,63,0.60,228,3.49,4.0,9.8,5.2,38
2000-05-02,13.3,19.3,62,0.00,244,3.72,0.0,10.0,5.5,32
2000-05-03,13.3,19.5,64,5.20,201,2.92,7.0,13.8,6.7,33
2000-05-04,8.9,13.9,64,1.00,210,3.34,1.0,12.1,7.4,46
2000-05-05,8.3,12.2,81,6.10,212,2.79,15.0,8.2,3.6,51
2000-05-06,8.1,12.7,65,0.40,204,3.27,3.0,8.4,5.8,41
2000-05-07,9.0,14.8,66,0.40,207,3.70,2.0,5.1,3.0,36
2000-05-08,11.7,18.0,54,0.80,112,4.01,1.0,8.3,4.3,35
2000-05-09,10.2,15.0,76,2.10,233,2.72,8.0,6.0,4.0,52
2000-05-10,7.9,12.4,84,8.60,183,2.34,19.0,8.1,5.4,53
2000-05-11,7.4,10.8,82,5.30,204,1.89,14.0,7.7,6.1,60
2000-05-12,9.1,15.7,73,0.40,205,3.36,2.0,9.0,5.9,45
2000-05-13,12.3,19.1,59,0.40,157,4.23,1.0,5.9,3.0,28
2000-05-14,14.6,19.1,50,0.00,89,3.40,0.0,5.8,3.1,28
2000-05-15,14.8,21.1,65,0.00,214,3.96,0.0,5.3,3.0,43
2000-05-16,16.1,23.0,63,0.00,265,4.15,0.0,5.4,3.1,35
2000-05-17,16.6,23.0,51,0.00,242,4.67,0.0,10.0,7.2,35
2000-05-18,13.4,21.0,57,0.00,244,4.43,0.0,10.8,6.7,30
2000-05-19,15.2,20.5,58,1.10,237,3.22,5.0,10.9,7.4,30
2000-05-20,15.3,21.1,59,0.00,233,3.57,0.0,14.3,8.5,39
2000-05-21,16.5,22.4,63,1.30,211,3.05,5.0,14.7,7.8,40
2000-05-22,15.6,20.9,58,0.00,227,3.36,0.0,12.5,9.0,39
2000-05-23,12.7,18.3,53,0.00,270,4.44,0.0,13.9,9.1,29
2000-05-24,14.6,20.7,45,0.00,263,5.02,0.0,9.6,5.1,23
2000-05-25,14.2,20.2,43,0.00,241,5.29,0.0,11.3,7.3,25
2000-05-26,13.7,19.8,49,1.10,221,3.51,5.0,10.6,6.6,26
2000-05-27,13.0,19.1,77,7.00,182,3.10,15.0,14.5,4.5,46
2000-05-28,13.3,17.6,57,1.90,216,4.23,5.0,11.7,7.7,45
2000-05-29,12.9,17.6,67,1.50,262,3.69,2.0,6.1,4.4,44
2000-05-30,12.8,17.6,73,1.60,336,3.42,3.0,7.1,4.2,49
2000-05-31,13.0,18.1,74,1.70,253,3.55,4.0,9.1,4.5,41
2000-06-01,14.1,19.6,61,0.20,153,3.85,2.0,10.7,5.0,31
2000-06-02,16.5,20.2,53,0.70,24,3.98,2.0,8.0,4.1,32
2000-06-03,13.4,23.6,80,4.20,283,4.58,5.0,5.2,3.6,30
2000-06-04,20.7,27.5,49,0.00,136,5.52,0.0,8.0,4.1,28
2000-06-05,20.6,27.1,55,1.20,204,3.62,3.0,12.9,4.0,29
2000-06-06,15.7,20.6,71,0.90,206,3.54,3.0,8.6,5.6,39
2000-06-07,16.8,19.7,58,0.00,167,2.85,0.0,6.5,3.7,42
2000-06-08,16.0,19.4,72,0.30,275,2.79,2.0,6.6,2.7,56
2000-06-09,14.9,19.9,59,0.00,225,4.02,0.0,10.1,6.8,33
2000-06-10,12.7,19.2,71,4.10,193,2.68,12.0,10.8,6.1,35
2000-06-11,11.9,16.5,68,1.10,183,3.58,3.0,12.9,7.3,38
2000-06-12,11.6,16.6,81,11.20,143,1.85,18.0,12.8,7.2,37
2000-06-13,14.0,19.2,65,1.70,232,3.49,2.0,13.0,8.8,43
2000-06-14,15.2,18.4,73,2.10,226,1.73,9.0,12.4,6.6,52
2000-06-15,13.6,19.2,69,4.30,298,3.98,8.0,16.1,10.1,31
2000-06-16,16.5,23.6,46,0.00,318,5.67,0.0,14.2,6.6,31
2000-06-17,19.0,24.8,50,0.00,192,4.35,0.0,10.3,4.7,30
2000-06-18,18.9,24.9,59,2.30,208,3.41,7.0,9.1,6.4,36
2000-06-19,15.2,20.7,69,2.10,285,4.17,5.0,13.5,7.4,32
2000-06-20,17.4,25.7,56,0.00,246,4.91,0.0,10.0,6.0,33
2000-06-21,19.3,26.1,56,0.00,251,3.92,0.0,8.8,6.2,33
2000-06-22,18.1,22.8,53,0.10,277,4.64,1.0,6.6,4.5,33
2000-06-23,18.8,24.7,51,0.00,260,5.33,0.0,12.1,5.7,29
2000-06-24,16.4,23.9,58,2.30,276,3.95,11.0,14.6,9.6,34
2000-06-25,18.4,26.3,54,0.00,316,5.47,0.0,12.4,4.7,29
2000-06-26,21.8,27.9,48,0.00,1,5.88,0.0,7.2,4.1,28
2000-06-27,23.1,29.6,47,0.00,358,5.80,0.0,7.2,2.7,27
2000-06-28,24.9,30.9,43,0.00,169,6.01,0.0,8.4,4.3,22
2000-06-29,24.2,30.3,37,0.00,229,6.01,0.0,11.5,6.9,21
2000-06-30,22.1,27.7,44,0.00,235,5.64,0.0,10.8,6.8,25
2000-07-01,19.0,25.6,48,0.00,239,5.19,0.0,11.0,7.0,27
2000-07-02,15.6,22.3,50,0.90,230,4.40,6.0,12.8,7.9,32
2000-07-03,16.5,21.3,54,0.40,317,4.36,1.0,8.9,4.8,35
2000-07-04,11.8,16.1,90,24.20,205,1.36,23.0,8.9,5.6,64
2000-07-05,16.2,22.0,66,0.00,189,4.32,0.0,8.2,5.4,42
2000-07-06,18.2,22.3,64,1.90,268,4.44,1.0,7.1,3.7,42
2000-07-07,19.0,25.5,63,1.40,197,4.93,2.0,8.2,5.7,32
2000-07-08,20.1,25.2,58,0.00,237,4.08,0.0,8.7,3.9,33
2000-07-09,17.7,21.4,76,5.80,252,3.12,13.0,5.1,3.4,59
2000-07-10,17.9,23.1,69,0.70,236,3.66,4.0,6.1,4.6,46
2000-07-11,20.5,27.3,59,0.00,235,5.12,0.0,7.1,4.6,29
2000-07-12,21.8,28.7,54,0.00,252,5.80,0.0,7.3,5.0,29
2000-07-13,23.3,29.6,53,0.00,244,5.90,0.0,12.6,5.9,26
2000-07-14,19.8,27.8,51,0.00,262,5.14,0.0,11.9,6.6,31
2000-07-15,16.8,22.3,56,0.90,253,3.98,3.0,11.5,6.0,37
2000-07-16,19.4,26.6,54,0.00,75,5.21,0.0,6.2,2.6,28
2000-07-17,22.4,30.2,48,0.00,35,5.89,0.0,8.7,3.4,22
2000-07-18,24.1,30.3,45,0.00,240,6.06,0.0,8.0,4.7,20
2000-07-19,23.6,30.2,52,0.00,251,5.27,0.0,7.5,4.6,24
2000-07-20,25.3,31.1,53,0.90,303,5.23,1.0,7.3,3.8,29
2000-07-21,24.3,32.3,60,0.00,312,5.36,0.0,6.6,3.3,24
2000-07-22,26.6,32.8,49,0.30,15,5.32,1.0,10.7,5.0,24
2000-07-23,19.1,30.2,76,16.90,230,2.60,16.0,11.6,8.4,37
2000-07-24,20.3,26.7,58,0.00,253,5.09,0.0,10.0,5.4,35
2000-07-25,21.8,26.7,60,0.20,284,3.84,2.0,6.6,3.6,35
2000-07-26,20.3,26.9,68,0.40,211,4.12,1.0,7.2,4.4,35
2000-07-27,21.9,26.8,58,0.00,240,3.89,0.0,10.0,4.9,36
2000-07-28,22.8,26.8,58,1.10,229,3.63,2.0,9.8,5.2,39
2000-07-29,19.3,28.2,80,0.80,277,4.41,2.0,4.1,2.2,36
2000-07-30,24.3,32.2,58,0.00,9,5.58,0.0,6.9,3.5,31
2000-07-31,26.7,33.5,54,0.00,312,5.28,0.0,7.4,3.9,25
2000-08-01,24.2,32.9,50,0.00,264,5.08,0.0,9.5,6.6,25
2000-08-02,23.9,29.2,51,0.00,352,5.22,0.0,6.9,3.9,29
2000-08-03,23.6,28.9,56,0.00,338,4.92,0.0,7.9,5.8,30
2000-08-04,23.8,29.6,60,0.20,300,4.75,2.0,6.3,4.8,33
2000-08-05,25.8,32.5,50,0.00,237,5.02,0.0,6.6,4.1,27
2000-08-06,25.7,32.2,52,2.50,256,4.95,2.0,8.9,6.1,27
2000-08-07,23.9,31.0,62,0.00,248,4.96,0.0,7.0,4.4,29
2000-08-08,25.5,33.2,50,0.00,252,5.44,0.0,7.6,4.7,26
2000-08-09,25.8,33.2,46,0.00,246,5.97,0.0,8.7,6.3,21
2000-08-10,23.5,31.5,45,0.00,256,5.68,0.0,10.9,5.9,21
2000-08-11,20.8,29.7,50,0.00,252,4.77,0.0,10.3,7.0,22
2000-08-12,19.5,25.7,53,0.00,273,4.20,0.0,9.2,4.7,29
2000-08-13,19.8,26.1,49,0.40,273,4.40,3.0,9.5,5.9,26
2000-08-14,19.6,25.0,55,0.40,324,4.33,1.0,9.4,4.1,28
2000-08-15,20.9,26.0,51,0.00,280,4.71,0.0,9.5,5.4,22
2000-08-16,20.2,27.9,47,0.10,237,5.01,1.0,8.8,4.8,19
2000-08-17,22.7,29.8,46,0.00,192,5.15,0.0,9.4,4.9,17
2000-08-18,20.5,29.4,48,0.20,251,3.68,1.0,8.2,6.3,18
2000-08-19,16.1,20.7,77,3.20,209,3.18,6.0,11.7,6.4,41
2000-08-20,15.8,20.8,52,0.00,219,3.24,0.0,9.2,7.0,30
2000-08-21,18.0,25.9,51,0.00,224,4.27,0.0,8.9,4.1,29
2000-08-22,21.3,29.3,57,0.00,137,4.74,0.0,8.1,4.5,24
2000-08-23,23.5,31.7,47,0.00,199,5.02,0.0,8.4,5.1,20
2000-08-24,24.3,31.6,47,0.20,205,3.99,1.0,11.8,5.3,20
2000-08-25,21.8,28.2,63,0.00,222,4.16,0.0,11.6,6.2,29
2000-08-26,19.5,27.5,53,1.30,257,3.73,4.0,11.6,7.6,30
2000-08-27,14.6,21.1,63,2.40,284,2.95,8.0,9.6,5.8,30
2000-08-28,16.6,23.7,51,0.00,249,3.82,0.0,9.6,3.6,25
2000-08-29,17.5,24.1,70,7.80,205,1.30,11.0,5.6,3.1,25
2000-08-30,14.8,21.4,82,2.00,290,2.48,4.0,6.4,4.4,36
2000-08-31,18.3,22.4,62,0.00,174,3.38,0.0,6.5,4.2,36
2000-09-01,14.9,20.5,65,4.60,242,2.63,11.0,8.0,4.6,29
2000-09-02,16.8,20.0,59,1.80,31,2.11,6.0,6.2,2.8,28
2000-09-03,12.5,16.2,82,5.80,241,1.74,16.0,6.4,4.3,52
2000-09-04,15.4,19.1,58,0.00,60,2.80,0.0,3.3,2.1,45
2000-09-05,15.1,19.0,72,0.90,295,1.75,4.0,6.0,3.4,46
2000-09-06,15.1,22.2,71,0.00,261,2.88,0.0,7.1,4.5,32
2000-09-07,17.7,22.1,64,0.00,182,2.91,0.0,17.1,7.7,32
2000-09-08,14.7,20.2,72,4.90,209,2.50,14.0,13.4,9.1,41
2000-09-09,11.3,16.0,66,2.60,212,1.63,11.0,14.6,7.9,40
2000-09-10,12.7,16.9,74,5.00,246,1.90,15.0,11.0,4.5,43
2000-09-11,15.8,22.7,66,0.00,185,3.02,0.0,11.7,4.8,40
2000-09-12,17.1,22.6,67,0.00,214,2.28,0.0,9.4,4.2,42
2000-09-13,18.4,25.0,68,0.00,252,3.25,0.0,4.5,3.3,40
2000-09-14,19.8,27.8,64,0.00,69,3.01,0.0,6.1,2.9,34
2000-09-15,21.6,27.8,64,0.20,292,2.69,1.0,5.8,3.7,34
2000-09-16,20.7,26.4,76,0.00,254,2.88,0.0,5.2,4.0,44
2000-09-17,20.5,26.0,64,0.00,247,3.16,0.0,12.0,6.2,44
2000-09-18,17.9,23.3,76,4.90,245,1.61,10.0,11.8,6.8,53
2000-09-19,16.1,19.6,74,0.30,299,2.92,2.0,14.3,7.8,30
2000-09-20,14.5,19.2,62,1.40,207,1.64,5.0,8.4,4.4,32
2000-09-21,11.9,16.9,74,0.80,340,1.56,7.0,10.1,7.6,54
2000-09-22,9.8,14.6,42,0.00,29,2.96,0.0,11.1,7.1,27
2000-09-23,11.6,17.0,49,0.00,110,2.53,0.0,5.0,1.7,28
2000-09-24,13.8,19.3,68,0.00,130,2.59,0.0,4.0,1.9,41
2000-09-25,15.9,21.0,68,0.00,93,2.65,0.0,3.7,1.5,40
2000-09-26,16.9,22.6,69,0.00,143,2.77,0.0,4.5,2.4,33
2000-09-27,17.3,23.3,62,0.00,169,2.93,0.0,8.1,4.9,29
2000-09-28,17.4,23.2,61,0.00,208,2.92,0.0,9.7,6.2,33
2000-09-29,15.9,21.7,67,4.10,215,1.82,9.0,13.8,7.5,38
2000-09-30,15.7,21.4,74,3.60,216,2.27,8.0,14.9,8.5,34
2000-10-01,14.2,19.8,56,0.10,257,2.17,1.0,12.6,6.9,34
2000-10-02,10.3,15.6,70,2.10,252,1.59,11.0,9.1,5.1,41
2000-10-03,9.7,13.6,79,1.60,312,1.53,4.0,4.0,2.7,40
2000-10-04,10.9,13.3,60,0.00,301,2.11,0.0,13.3,7.1,31
2000-10-05,9.0,12.2,42,0.00,332,2.35,0.0,10.6,5.3,33
2000-10-06,7.9,14.0,57,0.00,51,2.00,0.0,5.9,3.5,28
2000-10-07,10.4,17.9,68,0.00,135,2.14,0.0,6.4,3.5,24
2000-10-08,12.6,19.9,58,0.00,164,2.22,0.0,6.9,5.0,30
2000-10-09,14.1,18.9,65,0.50,295,1.34,4.0,6.0,3.3,38
2000-10-10,12.5,16.1,81,0.90,321,0.87,4.0,11.3,6.1,59
2000-10-11,9.1,14.5,77,0.00,324,1.65,0.0,9.5,6.4,51
2000-10-12,10.0,15.8,78,0.00,329,1.81,0.0,6.9,4.1,49
2000-10-13,11.5,15.7,73,0.00,281,1.67,0.0,7.3,5.2,43
2000-10-14,12.5,15.1,66,0.00,236,1.52,0.0,8.8,5.9,45
2000-10-15,10.8,14.0,72,0.00,170,1.28,0.0,9.5,3.8,47
2000-10-16,9.2,12.3,86,5.00,155,0.54,11.0,6.9,5.2,56
2000-10-17,9.6,16.3,87,11.20,136,1.26,16.0,11.6,5.9,55
2000-10-18,11.8,15.0,80,4.30,191,1.43,14.0,11.5,8.1,62
2000-10-19,9.8,13.6,69,0.00,204,1.36,0.0,9.3,6.0,49
2000-10-20,9.1,12.3,82,5.50,135,0.67,14.0,8.7,6.7,55
2000-10-21,6.4,11.3,84,3.00,253,1.25,9.0,10.2,7.3,41
2000-10-22,8.4,12.3,61,0.00,168,1.47,0.0,9.0,5.5,40
2000-10-23,6.6,12.8,70,0.00,150,1.43,0.0,7.1,5.8,42
2000-10-24,8.0,12.7,74,0.00,174,1.17,0.0,7.4,3.6,48
2000-10-25,9.7,12.9,76,0.00,337,1.19,0.0,2.8,1.9,50
2000-10-26,8.9,12.2,82,0.00,354,1.11,0.0,3.1,2.4,58
2000-10-27,9.0,11.0,91,0.00,167,0.69,0.0,9.2,4.6,73
2000-10-28,7.4,9.8,95,8.10,120,0.47,18.0,7.6,6.1,85
2000-10-29,5.9,8.6,93,7.20,162,0.63,13.0,5.2,3.5,79
2000-10-30,6.7,9.8,90,1.50,209,0.80,9.0,3.6,2.2,73
2000-10-31,7.1,10.7,88,2.90,177,0.76,7.0,9.8,5.9,65
2000-11-01,6.4,9.2,77,1.70,246,0.90,7.0,6.0,4.1,56
2000-11-02,6.6,9.7,72,0.00,135,0.92,0.0,4.7,3.6,60
2000-11-03,6.7,10.3,84,0.00,158,0.83,0.0,7.4,4.2,64
2000-11-04,5.0,8.5,90,6.60,177,0.45,15.0,13.1,8.1,73
2000-11-05,6.1,8.7,69,0.30,278,0.91,2.0,12.4,6.2,52
2000-11-06,6.2,8.0,76,0.30,33,0.68,2.0,4.7,3.6,57
2000-11-07,5.7,7.7,75,1.00,134,0.68,6.0,6.0,3.9,68
2000-11-08,2.6,6.4,88,3.90,99,0.43,23.0,6.7,4.7,76
2000-11-09,3.2,5.6,86,3.30,360,0.58,18.0,7.9,5.1,65
2000-11-10,1.3,4.1,74,0.00,329,0.58,0.0,6.6,5.1,61
2000-11-11,-1.2,2.0,76,0.00,298,0.53,0.0,7.0,4.3,59
2000-11-12,-0.2,2.4,79,0.00,299,0.63,0.0,4.2,2.6,61
2000-11-13,-1.7,1.8,83,0.00,157,0.51,0.0,6.0,3.7,62
2000-11-14,-0.4,2.4,86,0.00,337,0.50,0.0,4.8,3.9,61
2000-11-15,-1.2,1.3,85,0.00,320,0.49,0.0,5.2,4.1,66
2000-11-16,-1.8,0.8,81,0.00,317,0.51,0.0,6.6,4.7,64
2000-11-17,-2.5,1.3,82,0.00,296,0.48,0.0,5.6,3.7,69
2000-11-18,-0.0,3.7,82,0.00,245,0.52,0.0,5.4,3.8,68
2000-11-19,1.0,3.6,88,0.00,356,0.43,0.0,4.1,2.0,70
2000-11-20,-0.5,2.6,88,0.00,161,0.46,0.0,5.0,3.9,75
2000-11-21,0.6,4.8,88,0.00,187,0.50,0.0,4.6,1.7,69
2000-11-22,0.4,4.3,90,0.00,254,0.53,0.0,4.2,2.3,71
2000-11-23,-1.7,2.3,89,0.00,172,0.26,0.0,7.6,6.1,72
2000-11-24,-1.3,3.0,84,0.00,169,0.39,0.0,7.6,6.2,74
2000-11-25,-1.5,2.2,85,0.40,150,0.34,3.0,9.2,6.5,75
2000-11-26,-0.0,2.7,89,0.60,159,0.38,5.0,9.0,7.0,74
2000-11-27,1.5,3.5,88,5.20,204,0.44,14.0,9.3,6.8,68
2000-11-28,0.4,4.7,87,0.00,238,0.47,0.0,6.1,4.1,61
2000-11-29,-0.9,2.0,89,1.60,90,0.23,5.0,6.7,4.1,62
2000-11-30,-0.9,1.9,90,2.20,161,0.37,6.0,8.1,5.9,79
2000-12-01,0.2,2.9,92,0.00,141,0.36,0.0,7.3,6.2,81
2000-12-02,0.7,3.3,91,1.50,153,0.31,10.0,8.0,6.8,82
2000-12-03,2.5,4.1,88,0.00,236,0.41,0.0,8.0,4.4,72
2000-12-04,0.0,4.7,89,0.00,222,0.34,0.0,4.1,1.8,69
2000-12-05,-0.2,2.6,89,0.00,288,0.38,0.0,4.9,3.1,70
2000-12-06,0.2,3.0,90,0.00,203,0.35,0.0,5.1,3.0,74
2000-12-07,-1.6,2.0,91,0.00,286,0.35,0.0,6.3,4.4,74
2000-12-08,-2.6,0.4,90,0.00,209,0.32,0.0,6.3,2.8,75
2000-12-09,-3.9,-1.6,82,2.90,233,0.31,9.0,7.6,5.4,71
2000-12-10,-6.5,-1.9,78,0.10,314,0.28,1.0,8.9,5.8,59
2000-12-11,-11.8,-9.5,76,0.00,332,0.24,0.0,6.6,5.1,66
2000-12-12,-11.5,-8.9,78,0.00,339,0.19,0.0,5.8,4.5,67
2000-12-13,-9.2,-6.6,79,0.60,351,0.26,6.0,5.4,3.7,65
2000-12-14,-8.2,-6.5,80,1.50,32,0.16,15.0,7.4,4.1,63
2000-12-15,-10.6,-4.7,73,6.50,295,0.23,14.0,13.4,8.1,55
2000-12-16,-12.1,-6.8,74,9.70,119,0.15,16.0,9.4,5.7,62
2000-12-17,-3.4,0.3,82,4.20,200,0.32,14.0,10.1,6.5,70
2000-12-18,-1.4,1.8,86,0.30,209,0.21,2.0,8.0,4.8,69
2000-12-19,-1.8,1.0,85,2.20,219,0.37,5.0,9.0,6.1,66
2000-12-20,-4.1,0.3,89,0.00,291,0.27,0.0,5.9,3.1,71
2000-12-21,-5.6,-2.7,87,0.00,75,0.19,0.0,3.8,2.2,73
2000-12-22,-3.3,-1.0,87,2.90,79,0.29,8.0,3.8,1.4,75
2000-12-23,-1.7,1.3,91,0.00,161,0.29,0.0,3.5,1.9,77
2000-12-24,1.4,4.3,91,2.30,231,0.30,9.0,3.4,1.8,77
2000-12-25,-0.2,4.0,90,1.40,169,0.25,8.0,7.3,4.8,79
2000-12-26,-0.4,1.8,87,0.00,163,0.26,0.0,7.0,5.2,80
2000-12-27,1.7,3.9,82,0.80,196,0.40,5.0,8.0,6.3,72
2000-12-28,-0.3,4.6,85,0.00,278,0.35,0.0,7.2,3.3,69
2000-12-29,-1.5,1.0,86,0.00,197,0.26,0.0,3.1,1.9,72
2000-12-30,-2.3,1.3,87,0.00,221,0.30,0.0,3.4,2.5,69
2000-12-31,-1.2,1.2,85,0.40,190,0.22,3.0,3.9,2.6,72
2001-01-01,0.9,3.4,85,0.00,188,0.38,0.0,7.7,5.8,72
2001-01-02,-1.6,2.8,83,0.00,169,0.21,0.0,8.4,5.2,75
2001-01-03,-0.5,0.8,78,0.00,182,0.36,0.0,8.0,6.2,70
2001-01-04,1.0,3.0,78,0.00,202,0.31,0.0,7.9,5.0,69
2001-01-05,1.1,6.7,87,7.50,160,0.39,12.0,8.6,6.3,62
2001-01-06,2.0,5.7,71,0.00,235,0.59,0.0,11.1,6.2,60
2001-01-07,-5.5,3.3,80,0.00,254,0.33,0.0,4.0,2.0,62
2001-01-08,-2.8,1.0,72,0.50,219,0.29,3.0,5.4,3.5,63
2001-01-09,-0.5,1.0,81,0.10,163,0.39,1.0,7.0,5.5,71
2001-01-10,0.7,4.9,88,0.10,151,0.46,1.0,8.0,5.5,75
2001-01-11,-0.8,4.3,88,0.00,123,0.28,0.0,4.3,2.2,74
2001-01-12,-1.7,1.6,83,0.00,308,0.41,0.0,6.2,4.4,70
2001-01-13,-2.2,1.4,83,0.00,304,0.41,0.0,4.7,2.1,67
2001-01-14,-1.0,1.0,84,1.30,305,0.41,7.0,5.2,3.7,66
2001-01-15,-2.5,1.2,82,0.00,312,0.44,0.0,5.9,4.2,66
2001-01-16,-7.3,-0.6,78,0.00,286,0.41,0.0,4.7,3.3,50
2001-01-17,-5.2,-1.1,70,0.00,212,0.45,0.0,5.1,3.8,52
2001-01-18,-2.5,-0.1,78,0.60,190,0.38,3.0,5.5,3.0,61
2001-01-19,-2.5,-0.5,86,1.40,164,0.34,6.0,6.5,4.6,78
2001-01-20,-3.7,-0.2,86,0.00,178,0.30,0.0,7.2,5.7,77
2001-01-21,-0.6,2.1,84,2.40,142,0.30,8.0,6.9,3.7,79
2001-01-22,-1.5,1.9,86,0.40,294,0.51,2.0,4.7,2.6,63
2001-01-23,-4.9,1.2,79,0.00,244,0.56,0.0,4.6,2.2,53
2001-01-24,-4.7,3.0,71,0.00,281,0.59,0.0,5.1,3.2,48
2001-01-25,-0.7,3.7,80,1.60,281,0.47,10.0,3.3,2.2,58
2001-01-26,-0.1,3.8,85,0.00,331,0.64,0.0,5.2,2.9,62
2001-01-27,-4.9,3.1,77,0.00,273,0.61,0.0,5.1,3.2,49
2001-01-28,-4.8,0.6,75,0.00,183,0.39,0.0,7.0,5.6,54
2001-01-29,-3.7,-0.1,84,2.10,167,0.48,11.0,9.4,6.1,68
2001-01-30,-1.5,1.2,80,1.20,184,0.39,8.0,7.9,6.7,70
2001-01-31,2.3,5.9,85,3.90,221,0.54,15.0,5.1,2.2,71
2001-02-01,1.6,6.2,80,0.00,182,0.53,0.0,5.9,4.1,68
2001-02-02,0.3,3.8,85,2.00,165,0.67,11.0,10.5,7.0,71
2001-02-03,1.7,5.5,76,0.30,209,0.81,1.0,7.9,6.8,47
2001-02-04,1.1,6.2,75,2.90,175,0.68,10.0,7.0,4.7,42
2001-02-05,0.4,2.7,80,2.30,242,0.71,7.0,9.7,7.6,54
2001-02-06,-5.5,0.3,73,0.00,301,0.62,0.0,7.4,5.2,53
2001-02-07,-9.1,-3.4,70,0.00,288,0.68,0.0,7.8,5.0,40
2001-02-08,-8.1,-3.6,68,1.50,159,0.39,8.0,5.9,2.6,43
2001-02-09,-5.2,-0.4,82,0.60,108,0.68,4.0,5.5,2.5,55
2001-02-10,-4.6,0.6,77,0.00,165,0.66,0.0,5.1,3.3,53
2001-02-11,-2.1,2.4,72,0.00,340,0.79,0.0,4.6,2.7,53
2001-02-12,-1.5,2.3,72,0.00,299,0.82,0.0,5.9,4.1,55
2001-02-13,-3.9,1.6,71,0.00,290,0.68,0.0,4.8,3.0,49
2001-02-14,-2.4,3.5,73,0.00,233,0.93,0.0,7.3,4.1,59
2001-02-15,-3.7,3.6,71,1.50,296,0.78,5.0,11.1,8.8,54
2001-02-16,-6.5,-2.7,70,0.10,351,0.66,1.0,8.0,5.0,59
2001-02-17,-6.0,1.3,73,0.00,331,0.87,0.0,6.2,2.8,51
2001-02-18,-1.4,3.5,76,1.60,211,0.80,7.0,7.4,3.1,53
2001-02-19,-0.5,5.1,80,0.00,251,0.96,0.0,8.4,4.7,66
2001-02-20,-1.7,4.4,75,0.00,339,1.15,0.0,6.6,3.2,49
2001-02-21,-1.0,4.6,71,0.00,309,1.12,0.0,3.8,2.2,53
2001-02-22,0.3,6.0,72,0.00,326,1.17,0.0,5.8,2.8,56
2001-02-23,1.6,5.3,78,0.20,234,0.94,2.0,4.5,2.9,64
2001-02-24,1.7,4.9,80,4.70,272,1.00,16.0,7.0,5.4,61
2001-02-25,-0.5,2.2,68,0.00,321,1.24,0.0,6.8,4.3,42
2001-02-26,-2.4,3.7,64,0.00,293,1.28,0.0,4.8,3.4,36
2001-02-27,-2.8,4.4,61,0.00,276,1.31,0.0,4.3,2.2,40
2001-02-28,-2.1,3.9,64,0.00,187,1.16,0.0,8.4,5.8,45
2001-03-01,0.7,4.6,72,0.10,202,0.89,1.0,8.6,5.4,51
2001-03-02,1.4,4.2,82,2.20,186,1.11,8.0,8.6,6.5,60
2001-03-03,0.5,4.6,70,0.00,208,1.47,0.0,8.4,4.6,49
2001-03-04,0.8,5.4,63,0.00,109,1.49,0.0,7.1,2.7,42
2001-03-05,5.2,9.7,63,0.40,99,1.29,3.0,6.0,2.5,37
2001-03-06,5.6,11.3,74,0.00,14,1.79,0.0,5.8,2.8,52
2001-03-07,4.6,11.5,73,0.00,247,1.90,0.0,4.2,2.6,49
2001-03-08,5.2,11.5,74,1.70,218,1.08,6.0,3.9,3.1,52
2001-03-09,3.6,8.3,80,2.70,313,1.52,7.0,7.1,5.4,54
2001-03-10,2.3,6.7,71,0.00,269,1.43,0.0,6.4,4.2,49
2001-03-11,3.4,7.6,75,0.40,238,1.33,2.0,8.0,6.6,62
2001-03-12,4.8,8.4,73,0.00,247,1.47,0.0,9.4,6.9,56
2001-03-13,6.1,8.8,74,2.10,206,1.51,3.0,15.7,9.2,60
2001-03-14,3.2,6.9,73,1.30,259,1.72,7.0,10.5,6.9,56
2001-03-15,2.7,7.8,72,1.20,152,1.19,5.0,5.9,3.0,48
2001-03-16,4.1,7.0,82,3.50,229,1.47,12.0,9.5,4.5,54
2001-03-17,3.6,7.7,81,1.40,191,1.53,11.0,7.9,5.7,61
2001-03-18,4.3,7.8,83,2.60,158,0.96,10.0,12.8,6.7,73
2001-03-19,4.2,7.5,72,5.30,221,1.85,11.0,16.1,10.5,40
2001-03-20,6.2,9.2,61,1.20,199,2.01,4.0,15.7,8.5,50
2001-03-21,4.3,8.3,66,0.00,245,2.05,0.0,10.3,6.1,50
2001-03-22,4.3,10.2,64,0.00,303,2.38,0.0,4.7,3.4,35
2001-03-23,3.7,12.2,63,0.00,345,2.42,0.0,7.9,3.9,34
2001-03-24,6.9,14.7,60,0.00,14,2.46,0.0,5.8,3.0,40
2001-03-25,6.6,13.8,80,12.80,169,0.98,14.0,5.9,3.1,52
2001-03-26,5.4,8.1,79,1.30,208,2.00,6.0,9.0,6.6,57
2001-03-27,2.4,6.4,66,0.70,202,1.48,2.0,14.2,7.0,51
2001-03-28,4.4,8.3,79,4.80,218,1.45,8.0,13.1,6.4,53
2001-03-29,3.8,6.6,69,0.70,227,1.40,4.0,12.1,7.6,58
2001-03-30,3.5,7.9,68,0.00,265,2.13,0.0,10.2,6.7,33
2001-03-31,4.3,8.3,64,1.10,159,1.42,6.0,9.8,5.3,30
2001-04-01,4.2,6.9,75,1.40,217,1.83,8.0,8.4,6.3,59
2001-04-02,2.8,6.8,71,0.40,316,1.88,3.0,9.7,5.0,51
2001-04-03,4.2,7.8,74,2.50,343,1.67,10.0,11.6,6.5,52
2001-04-04,4.1,8.6,69,0.00,212,2.41,0.0,8.9,5.2,50
2001-04-05,4.4,7.4,78,4.30,185,1.25,8.0,10.1,8.1,66
2001-04-06,3.8,5.7,83,8.90,196,1.27,22.0,5.2,3.2,68
2001-04-07,3.7,6.9,76,0.00,250,1.59,0.0,4.6,2.9,53
2001-04-08,3.3,6.6,80,2.20,280,1.20,9.0,6.8,4.9,63
2001-04-09,5.7,8.9,72,0.00,234,2.27,0.0,11.8,7.0,48
2001-04-10,4.4,7.3,73,2.40,271,2.25,9.0,8.4,6.5,60
2001-04-11,3.5,7.5,62,0.10,349,2.51,1.0,11.2,8.1,43
2001-04-12,3.4,8.2,63,0.00,229,2.69,0.0,7.6,5.0,44
2001-04-13,4.5,7.3,70,1.50,219,2.01,9.0,9.8,6.3,51
2001-04-14,3.9,9.5,66,0.30,248,2.76,1.0,7.4,4.7,39
2001-04-15,5.7,13.0,59,0.00,188,2.99,0.0,4.6,2.5,34
2001-04-16,8.3,15.3,62,0.00,111,3.18,0.0,8.9,3.4,39
2001-04-17,10.2,16.5,61,2.60,180,3.28,5.0,12.5,7.2,40
2001-04-18,7.6,12.6,68,0.10,236,3.13,1.0,9.8,5.7,47
2001-04-19,6.7,12.9,67,0.00,245,3.24,0.0,7.5,4.5,39
2001-04-20,8.8,14.7,55,0.00,360,3.39,0.0,8.0,4.9,35
2001-04-21,10.0,14.7,56,0.00,198,3.39,0.0,6.1,2.7,37
2001-04-22,9.3,14.2,66,0.30,223,2.91,3.0,10.8,6.2,40
2001-04-23,9.3,15.0,75,1.20,213,2.20,7.0,12.4,6.3,48
2001-04-24,11.6,19.7,61,0.00,207,3.37,0.0,14.0,7.1,38
2001-04-25,14.3,22.5,64,0.00,226,4.19,0.0,9.4,6.5,35
2001-04-26,14.7,22.7,64,0.10,204,3.78,1.0,7.3,3.8,36
2001-04-27,14.2,22.6,73,3.50,203,3.49,9.0,10.2,4.7,43
2001-04-28,11.4,18.4,80,9.10,226,2.59,19.0,12.6,6.6,34
2001-04-29,8.9,13.5,63,2.30,189,2.27,8.0,18.4,9.7,34
2001-04-30,8.0,12.8,81,5.50,194,2.25,16.0,16.8,8.3,60
2001-05-01,7.4,12.7,58,1.30,227,3.26,2.0,16.3,10.8,35
2001-05-02,8.3,15.8,59,0.00,276,3.57,0.0,11.9,7.0,26
2001-05-03,11.3,16.6,52,0.00,223,3.34,0.0,12.6,5.7,25
2001-05-04,11.4,16.9,64,0.10,215,2.39,1.0,11.5,5.3,46
2001-05-05,8.5,14.9,70,3.20,234,2.96,9.0,14.4,10.1,34
2001-05-06,8.7,16.7,56,0.40,248,4.07,2.0,11.6,5.2,29
2001-05-07,13.4,21.0,49,0.00,199,4.28,0.0,11.4,5.9,29
2001-05-08,14.2,20.8,56,0.00,236,3.99,0.0,15.8,9.1,34
2001-05-09,11.3,16.2,59,0.00,275,3.60,0.0,11.6,5.3,37
2001-05-10,11.7,18.2,50,0.10,248,3.93,1.0,11.5,6.3,29
2001-05-11,13.1,22.2,54,0.00,241,3.71,0.0,11.0,4.5,32
2001-05-12,17.9,26.6,54,0.10,138,4.63,1.0,9.0,3.5,34
2001-05-13,16.8,24.7,60,2.10,237,4.21,5.0,10.7,7.6,32
2001-05-14,13.8,20.9,61,2.00,210,2.87,8.0,10.9,5.5,32
2001-05-15,11.9,18.7,69,4.60,208,3.85,10.0,12.9,8.8,28
2001-05-16,12.1,18.6,60,3.40,217,3.89,8.0,18.1,10.3,30
2001-05-17,11.2,16.3,51,0.00,221,3.60,0.0,15.0,9.1,33
2001-05-18,11.3,17.5,56,0.00,238,3.46,0.0,11.1,8.1,36
2001-05-19,11.9,16.9,57,1.00,252,3.48,3.0,17.7,9.7,37
2001-05-20,10.3,18.4,64,2.40,282,4.12,4.0,8.6,6.6,25
2001-05-21,15.3,25.3,47,0.00,236,5.10,0.0,6.2,4.6,25
2001-05-22,20.2,28.9,54,0.00,209,5.61,0.0,9.7,5.4,32
2001-05-23,22.6,31.3,56,0.00,189,5.92,0.0,10.8,5.7,25
2001-05-24,22.8,30.2,54,0.00,256,5.05,0.0,9.2,5.1,26
2001-05-25,19.9,27.4,59,0.00,302,4.82,0.0,7.0,4.2,27
2001-05-26,20.7,28.7,46,0.00,227,5.86,0.0,7.6,4.9,21
2001-05-27,20.8,28.7,51,0.50,241,4.55,3.0,10.0,5.2,22
2001-05-28,16.7,23.5,68,4.30,238,3.18,16.0,15.8,5.6,41
2001-05-29,9.7,15.7,56,2.00,231,3.84,5.0,13.1,9.3,31
2001-05-30,12.1,19.4,50,0.00,233,3.51,0.0,11.1,7.1,30
2001-05-31,16.6,26.0,59,0.00,218,4.97,0.0,8.4,5.7,36
2001-06-01,21.2,26.8,53,1.80,149,4.34,3.0,11.6,6.3,34
2001-06-02,11.2,17.6,68,5.10,221,3.51,8.0,12.4,8.2,32
2001-06-03,13.4,18.8,53,0.00,297,4.52,0.0,10.6,6.5,32
2001-06-04,14.7,19.9,55,0.30,311,3.64,1.0,9.5,6.0,37
2001-06-05,13.7,16.3,85,7.10,170,2.36,22.0,6.1,3.2,64
2001-06-06,13.8,19.3,73,1.40,211,3.61,9.0,9.2,6.5,43
2001-06-07,15.6,21.5,62,0.10,207,4.78,1.0,8.5,5.5,37
2001-06-08,17.7,22.3,55,0.30,168,4.09,1.0,9.4,3.7,37
2001-06-09,16.4,20.7,68,4.10,229,4.20,11.0,15.3,5.7,36
2001-06-10,13.0,18.5,61,3.20,231,4.20,12.0,12.0,7.5,36
2001-06-11,11.7,16.6,70,9.60,194,2.05,13.0,12.9,4.4,39
2001-06-12,9.5,14.6,85,6.30,291,1.82,16.0,7.0,4.2,62
2001-06-13,14.4,22.5,68,0.00,240,4.44,0.0,6.1,4.4,38
2001-06-14,14.6,21.8,58,1.70,250,3.46,6.0,8.6,6.5,39
2001-06-15,14.1,19.8,64,1.30,252,4.37,6.0,8.4,5.4,40
2001-06-16,15.6,20.0,57,0.50,265,4.70,2.0,9.2,5.4,34
2001-06-17,14.6,20.2,60,0.40,303,4.45,3.0,7.7,4.5,35
2001-06-18,15.2,21.3,66,1.80,277,4.40,8.0,7.4,5.0,42
2001-06-19,17.4,24.5,61,0.70,172,4.99,3.0,4.6,2.6,31
2001-06-20,20.8,28.2,50,0.00,154,5.47,0.0,9.5,4.5,27
2001-06-21,22.4,28.8,56,0.00,246,5.63,0.0,9.5,5.3,28
2001-06-22,21.2,27.5,50,0.00,230,5.25,0.0,10.5,7.4,28
2001-06-23,18.5,24.9,42,0.00,243,5.63,0.0,10.0,7.3,28
2001-06-24,16.6,23.0,45,0.30,232,4.46,2.0,9.1,6.0,28
2001-06-25,14.6,20.5,62,0.80,211,4.11,4.0,8.6,6.2,37
2001-06-26,17.6,21.1,52,0.00,134,3.91,0.0,14.3,6.1,35
2001-06-27,17.8,21.3,71,3.50,142,2.70,12.0,11.2,4.7,44
2001-06-28,15.8,20.5,88,11.40,212,3.11,12.0,7.8,4.1,63
2001-06-29,17.5,24.2,53,0.00,228,5.02,0.0,7.5,4.9,32
2001-06-30,20.1,26.9,53,0.00,155,5.19,0.0,7.0,3.9,28
2001-07-01,20.8,26.9,54,0.20,236,5.56,1.0,7.7,5.5,28
2001-07-02,20.8,28.7,43,0.00,252,6.06,0.0,8.3,5.0,23
2001-07-03,23.0,31.9,48,0.00,245,6.21,0.0,6.5,4.3,24
2001-07-04,25.7,33.9,50,0.00,216,6.53,0.0,8.9,5.1,24
2001-07-05,22.6,33.5,41,0.00,268,6.08,0.0,16.0,9.5,24
2001-07-06,20.4,27.4,44,0.00,248,5.81,0.0,10.8,6.1,27
2001-07-07,21.4,28.9,47,0.00,234,6.10,0.0,11.2,7.3,32
2001-07-08,23.4,30.2,49,0.00,251,5.84,0.0,10.7,6.2,29
2001-07-09,24.5,32.9,49,0.00,247,6.06,0.0,6.5,4.7,26
2001-07-10,25.8,33.2,49,0.00,238,6.38,0.0,9.7,5.9,21
2001-07-11,25.1,33.0,41,0.00,244,6.58,0.0,11.0,6.5,20
2001-07-12,24.5,30.6,40,0.00,235,5.64,0.0,8.8,5.6,23
2001-07-13,22.6,30.1,59,1.20,220,4.50,2.0,10.3,4.7,24
2001-07-14,21.9,27.3,49,0.00,224,5.69,0.0,9.2,6.2,32
2001-07-15,19.5,26.8,51,0.00,247,3.63,0.0,9.7,6.4,32
2001-07-16,15.7,20.5,71,1.90,238,2.67,10.0,6.3,4.4,46
2001-07-17,14.2,19.5,77,5.70,202,2.30,15.0,10.0,5.9,54
2001-07-18,14.8,21.4,79,6.30,210,2.76,12.0,11.8,7.9,42
2001-07-19,17.6,22.7,58,0.00,234,4.17,0.0,10.7,4.8,38
2001-07-20,20.0,25.3,59,0.00,18,4.21,0.0,6.7,3.2,34
2001-07-21,20.3,25.5,65,2.40,318,3.76,4.0,7.4,4.3,34
2001-07-22,19.3,24.5,73,4.20,256,3.55,16.0,7.6,4.8,49
2001-07-23,21.5,28.6,67,0.40,220,4.75,1.0,7.4,4.9,35
2001-07-24,21.9,28.8,56,1.00,269,4.81,6.0,9.0,6.5,33
2001-07-25,20.4,26.2,57,0.50,316,5.14,1.0,7.5,4.6,29
2001-07-26,21.9,27.9,49,0.00,10,5.26,0.0,7.1,3.7,29
2001-07-27,22.5,28.0,50,0.00,249,5.25,0.0,11.2,6.0,27
2001-07-28,18.1,26.0,71,17.20,246,2.54,18.0,10.1,4.9,33
2001-07-29,15.4,21.4,63,0.20,238,3.65,1.0,9.5,5.3,44
2001-07-30,19.2,23.5,65,1.70,271,4.20,4.0,4.0,2.2,43
2001-07-31,18.9,24.6,66,0.60,233,3.85,1.0,6.5,4.0,34
2001-08-01,21.0,25.6,54,0.00,201,4.53,0.0,13.7,6.6,32
2001-08-02,21.4,28.2,55,0.00,224,4.13,0.0,11.3,5.5,31
2001-08-03,21.8,28.1,60,0.70,277,3.60,2.0,8.3,4.7,32
2001-08-04,18.2,23.3,85,3.50,216,3.31,8.0,8.2,3.9,49
2001-08-05,19.5,25.0,56,0.00,210,4.29,0.0,14.5,5.8,36
2001-08-06,21.9,29.4,62,0.00,237,3.95,0.0,9.2,4.5,33
2001-08-07,21.3,29.1,59,0.00,289,5.13,0.0,9.8,6.1,31
2001-08-08,20.5,26.9,53,0.00,337,5.39,0.0,10.1,7.8,30
2001-08-09,21.6,29.2,54,0.00,336,5.25,0.0,8.9,4.5,29
2001-08-10,24.4,31.2,49,0.00,332,5.35,0.0,7.0,3.6,24
2001-08-11,25.5,33.0,47,0.00,43,5.43,0.0,6.6,3.4,21
2001-08-12,27.2,35.3,40,0.00,90,5.67,0.0,8.7,4.3,17
2001-08-13,26.9,34.4,49,0.00,228,4.63,0.0,6.9,3.5,19
2001-08-14,26.5,33.5,51,0.20,301,5.08,1.0,5.8,3.8,21
2001-08-15,27.6,34.8,45,0.00,7,5.23,0.0,5.9,3.2,18
2001-08-16,27.5,35.4,47,0.00,296,5.10,0.0,6.6,3.3,16
2001-08-17,26.6,35.2,50,0.40,253,4.90,2.0,9.3,5.1,16
2001-08-18,20.7,30.8,49,0.00,261,4.69,0.0,9.8,6.4,27
2001-08-19,17.8,24.5,54,0.10,247,3.90,1.0,12.3,6.4,28
2001-08-20,20.3,26.3,47,0.00,245,4.34,0.0,11.1,5.2,22
2001-08-21,18.8,26.0,49,0.00,223,3.21,0.0,10.6,5.9,23
2001-08-22,17.8,22.5,76,8.40,144,1.71,19.0,8.4,4.9,40
2001-08-23,16.6,21.3,85,17.90,184,2.78,19.0,9.9,6.1,43
2001-08-24,17.0,22.2,64,1.30,212,3.31,3.0,11.2,6.6,33
2001-08-25,19.4,25.9,56,0.00,215,4.06,0.0,6.9,4.0,32
2001-08-26,21.7,29.0,59,0.00,164,4.17,0.0,6.3,2.6,30
2001-08-27,23.1,28.8,55,0.00,243,4.50,0.0,7.9,5.2,29
2001-08-28,22.1,28.2,55,0.30,271,3.86,1.0,7.9,5.7,29
2001-08-29,22.8,29.1,60,0.00,37,4.13,0.0,5.1,2.8,35
2001-08-30,23.8,30.1,60,0.00,231,4.30,0.0,9.3,4.6,32
2001-08-31,23.1,29.8,53,0.00,241,4.39,0.0,13.0,7.9,32
2001-09-01,19.3,24.3,57,0.70,231,3.00,2.0,17.0,7.9,35
2001-09-02,17.1,23.5,46,0.00,205,3.88,0.0,15.3,6.0,26
2001-09-03,18.8,23.2,48,0.00,193,3.98,0.0,14.5,8.5,25
2001-09-04,18.4,23.2,49,0.00,257,3.57,0.0,8.6,5.0,25
2001-09-05,17.0,22.5,50,0.00,301,3.64,0.0,11.6,6.8,26
2001-09-06,16.1,20.9,52,0.00,257,2.93,0.0,12.1,6.9,25
2001-09-07,14.2,20.3,61,0.50,299,3.48,3.0,11.5,9.2,25
2001-09-08,17.1,25.8,54,0.00,254,3.65,0.0,8.0,3.6,25
2001-09-09,19.0,25.9,46,0.00,308,3.79,0.0,8.2,5.4,23
2001-09-10,17.7,22.3,54,0.00,6,2.88,0.0,7.3,4.7,23
2001-09-11,17.6,22.6,59,0.00,0,3.10,0.0,7.4,4.1,32
2001-09-12,18.6,25.9,59,0.00,7,3.51,0.0,7.2,3.8,30
2001-09-13,21.1,26.7,57,0.00,352,3.86,0.0,8.7,5.5,28
2001-09-14,20.8,28.6,56,0.00,334,3.68,0.0,7.5,3.5,22
2001-09-15,22.6,29.8,55,0.00,352,3.72,0.0,6.4,3.4,23
2001-09-16,22.9,29.4,55,0.00,319,3.69,0.0,6.6,4.3,26
2001-09-17,22.4,28.7,56,0.00,250,3.41,0.0,6.9,4.5,27
2001-09-18,17.8,26.7,53,0.00,245,3.18,0.0,9.1,6.2,30
2001-09-19,15.0,20.9,66,2.40,261,2.57,5.0,10.1,6.8,34
2001-09-20,15.1,19.7,75,5.70,261,0.91,9.0,4.7,2.2,35
2001-09-21,14.6,20.5,82,0.80,195,2.00,4.0,11.1,5.2,42
2001-09-22,17.7,25.3,66,0.00,188,2.87,0.0,8.0,3.9,38
2001-09-23,19.8,28.6,60,0.00,150,3.20,0.0,5.9,3.5,27
2001-09-24,21.3,29.2,58,0.00,177,2.88,0.0,5.8,3.0,29
2001-09-25,21.3,28.5,59,0.00,2,2.97,0.0,7.4,3.3,27
2001-09-26,17.1,26.1,77,7.90,182,1.77,15.0,13.8,7.8,37
2001-09-27,11.6,16.4,74,4.20,200,1.87,6.0,9.2,5.1,38
2001-09-28,14.6,18.9,55,0.00,173,2.31,0.0,8.3,3.8,35
2001-09-29,15.2,20.3,64,0.00,175,2.46,0.0,12.6,6.2,36
2001-09-30,15.6,22.2,70,0.00,186,2.59,0.0,7.6,3.6,40
2001-10-01,16.1,21.7,70,0.00,326,2.14,0.0,11.3,4.4,43
2001-10-02,14.6,18.5,65,0.00,325,2.38,0.0,9.7,5.0,29
2001-10-03,14.1,17.9,58,0.00,335,2.41,0.0,8.7,5.1,30
2001-10-04,12.9,16.4,56,0.00,343,2.48,0.0,8.3,6.3,33
2001-10-05,12.2,17.8,58,0.00,40,2.27,0.0,7.0,3.1,34
2001-10-06,12.0,17.2,75,4.30,180,1.25,7.0,6.2,4.5,39
2001-10-07,10.3,13.7,84,0.70,202,1.13,6.0,9.7,5.2,52
2001-10-08,11.1,14.8,67,0.00,206,1.98,0.0,12.1,7.9,34
2001-10-09,8.5,13.9,65,0.00,237,1.69,0.0,9.7,7.1,36
2001-10-10,8.6,13.3,73,2.20,169,0.79,7.0,12.0,7.0,41
2001-10-11,6.8,12.5,85,4.00,224,1.47,18.0,9.0,6.4,44
2001-10-12,7.1,11.5,78,4.50,194,0.80,12.0,13.7,8.2,48
2001-10-13,9.1,11.1,78,0.70,248,1.00,7.0,10.9,7.8,53
2001-10-14,7.9,11.5,74,5.20,311,1.29,14.0,8.7,5.3,44
2001-10-15,7.4,11.3,64,0.00,121,1.41,0.0,7.4,3.6,47
2001-10-16,7.6,13.9,79,0.30,157,1.34,1.0,10.8,7.2,53
2001-10-17,6.6,10.8,72,0.70,239,1.38,3.0,11.4,7.3,47
2001-10-18,6.4,9.9,72,3.00,206,0.69,7.0,10.9,6.5,49
2001-10-19,8.6,12.9,87,3.30,205,1.07,14.0,9.7,6.9,68
2001-10-20,8.2,11.1,83,0.80,250,0.91,2.0,5.6,3.4,54
2001-10-21,8.5,10.8,83,4.90,140,0.48,7.0,7.2,4.5,58
2001-10-22,6.0,8.9,96,5.90,170,0.48,11.0,9.4,7.4,95
2001-10-23,5.0,8.9,94,9.60,196,0.59,20.0,10.7,7.5,74
2001-10-24,4.5,8.0,84,5.40,201,0.73,18.0,7.8,6.3,69
2001-10-25,5.3,9.4,91,8.90,160,0.82,18.0,6.8,3.1,78
2001-10-26,5.2,11.0,91,3.00,140,0.85,12.0,12.2,6.8,68
2001-10-27,8.1,9.8,85,5.90,215,0.60,18.0,8.9,5.8,62
2001-10-28,5.0,8.2,68,0.00,222,1.08,0.0,6.6,4.2,50
2001-10-29,6.0,7.5,70,0.00,130,0.72,0.0,7.1,4.3,50
2001-10-30,5.0,6.8,90,4.20,139,0.42,10.0,6.3,4.7,80
2001-10-31,5.1,9.6,93,5.60,175,0.83,15.0,9.9,6.8,66
2001-11-01,7.4,10.2,82,0.70,192,0.76,4.0,9.9,7.5,66
2001-11-02,7.7,11.8,91,4.40,167,0.76,15.0,7.6,6.6,77
2001-11-03,8.3,11.5,89,0.00,178,0.59,0.0,8.1,5.2,78
2001-11-04,6.4,11.2,93,1.00,159,0.67,9.0,8.4,7.3,76
2001-11-05,7.6,10.8,76,4.80,240,1.05,11.0,10.7,6.8,41
2001-11-06,6.4,8.0,70,3.00,195,0.74,12.0,7.3,3.0,47
2001-11-07,5.4,7.6,82,0.00,169,0.79,0.0,9.7,5.9,64
2001-11-08,2.6,7.7,78,0.00,145,0.76,0.0,8.3,6.3,56
2001-11-09,3.9,8.8,76,0.00,159,0.74,0.0,9.2,7.0,60
2001-11-10,5.6,9.5,80,0.00,165,0.81,0.0,6.5,4.4,59
2001-11-11,6.2,9.5,86,0.00,149,0.67,0.0,5.6,2.7,69
2001-11-12,7.5,11.1,84,0.00,144,0.65,0.0,5.7,3.8,74
2001-11-13,8.7,10.8,88,5.20,169,0.55,9.0,10.3,5.0,76
2001-11-14,7.6,11.7,97,16.80,164,0.44,24.0,10.3,7.1,86
2001-11-15,8.8,12.3,95,8.30,149,0.41,18.0,12.4,9.3,83
2001-11-16,8.1,10.7,92,5.20,193,0.49,12.0,9.1,6.6,84
2001-11-17,6.7,10.6,83,0.80,288,0.67,4.0,6.5,5.2,56
2001-11-18,4.2,6.4,62,0.00,17,0.81,0.0,6.2,4.8,48
2001-11-19,3.2,5.9,81,0.80,126,0.33,4.0,7.4,5.5,66
2001-11-20,3.7,7.9,97,7.20,146,0.30,20.0,8.9,6.4,87
2001-11-21,4.5,8.8,96,5.30,144,0.50,19.0,8.9,6.9,88
2001-11-22,5.2,7.6,92,2.30,92,0.35,11.0,7.4,5.3,80
2001-11-23,5.2,6.9,91,5.20,241,0.28,16.0,7.3,5.3,83
2001-11-24,4.1,5.6,86,0.60,59,0.44,3.0,8.2,4.3,68
2001-11-25,3.2,4.8,79,0.20,4,0.38,2.0,5.9,4.1,68
2001-11-26,2.4,5.5,82,1.60,170,0.51,15.0,7.9,4.9,65
2001-11-27,2.0,4.2,84,2.30,196,0.44,12.0,8.1,6.5,74
2001-11-28,0.4,2.8,84,11.40,123,0.26,24.0,13.3,7.0,73
2001-11-29,0.3,3.0,88,4.60,134,0.28,18.0,8.1,5.4,78
2001-11-30,-0.6,1.5,77,2.00,174,0.36,8.0,9.5,5.9,47
2001-12-01,-0.5,4.2,89,5.40,123,0.36,15.0,11.3,6.8,76
2001-12-02,2.5,5.2,89,3.50,165,0.40,16.0,8.8,5.8,70
2001-12-03,0.7,5.1,80,3.10,299,0.44,7.0,7.3,5.3,57
2001-12-04,-1.1,1.6,79,5.20,175,0.42,14.0,8.9,6.3,53
2001-12-05,-0.8,2.4,87,2.10,160,0.40,11.0,6.3,3.5,66
2001-12-06,-1.4,2.2,88,7.40,155,0.24,21.0,8.3,6.0,74
2001-12-07,1.6,3.2,80,0.00,199,0.31,0.0,8.7,6.7,67
2001-12-08,-1.3,2.0,88,1.30,157,0.29,8.0,9.4,6.8,78
2001-12-09,2.0,3.7,72,1.70,223,0.52,7.0,8.3,5.9,42
2001-12-10,-2.4,2.5,86,6.10,154,0.24,18.0,7.4,5.5,54
2001-12-11,-0.4,2.0,87,2.40,164,0.33,11.0,5.9,3.5,76
2001-12-12,-2.1,1.9,92,2.00,159,0.17,5.0,7.3,5.5,78
2001-12-13,-2.2,0.6,89,9.90,143,0.17,21.0,7.6,6.0,87
2001-12-14,2.1,3.4,89,12.70,219,0.30,23.0,11.2,7.5,73
2001-12-15,-1.6,0.8,85,0.60,187,0.23,3.0,9.3,6.4,72
2001-12-16,-0.9,1.9,88,7.40,150,0.28,21.0,12.9,8.7,82
2001-12-17,1.5,5.1,77,6.50,201,0.55,11.0,17.9,10.6,56
2001-12-18,-2.4,-0.4,85,1.30,137,0.20,7.0,8.1,7.0,66
2001-12-19,-1.7,2.4,89,0.50,169,0.37,4.0,7.2,5.6,67
2001-12-20,-1.6,1.6,90,0.50,40,0.29,4.0,5.1,3.1,75
2001-12-21,-4.0,-1.2,87,0.00,323,0.29,0.0,4.8,2.6,76
2001-12-22,-3.7,-1.5,90,0.00,106,0.26,0.0,4.0,1.8,76
2001-12-23,-3.1,-1.0,91,0.00,143,0.29,0.0,4.3,1.8,79
2001-12-24,-3.4,-1.2,91,0.00,156,0.28,0.0,4.2,3.0,76
2001-12-25,-3.5,-1.5,90,0.00,261,0.30,0.0,3.2,1.5,77
2001-12-26,-3.9,-1.7,92,0.00,298,0.29,0.0,2.3,1.4,79
2001-12-27,-3.6,-1.8,92,0.00,209,0.25,0.0,3.3,1.5,79
2001-12-28,-2.3,-0.6,91,3.90,123,0.16,14.0,3.2,1.9,86
2001-12-29,-0.7,1.3,88,1.80,91,0.32,8.0,3.4,2.1,78
2001-12-30,-0.6,1.3,91,0.00,352,0.32,0.0,3.5,2.2,74
2001-12-31,-1.8,0.6,90,0.00,34,0.28,0.0,5.3,2.0,78
2002-01-01,-1.4,0.6,88,0.00,107,0.29,0.0,5.4,3.3,71
2002-01-02,-0.4,2.0,87,5.60,132,0.25,13.0,5.2,4.1,74
2002-01-03,0.6,3.6,93,1.90,169,0.32,3.0,7.5,5.8,78
2002-01-04,2.2,3.6,89,0.00,180,0.35,0.0,7.3,5.7,75
2002-01-05,0.2,3.0,88,0.50,149,0.31,3.0,6.8,4.7,77
2002-01-06,0.9,3.1,90,1.80,140,0.32,7.0,7.1,5.8,80
2002-01-07,2.7,5.4,94,12.50,158,0.29,24.0,8.3,6.7,89
2002-01-08,5.3,6.5,91,7.80,189,0.40,12.0,9.3,7.0,83
2002-01-09,4.6,6.4,89,0.00,225,0.41,0.0,7.0,4.5,76
2002-01-10,1.2,5.6,92,0.00,150,0.37,0.0,7.0,4.8,81
2002-01-11,2.9,4.1,90,0.10,206,0.28,1.0,6.5,3.5,84
2002-01-12,0.6,3.2,90,2.00,165,0.26,8.0,8.0,6.5,82
2002-01-13,3.1,4.7,79,3.30,262,0.48,10.0,7.4,5.5,55
2002-01-14,0.3,4.2,74,0.00,356,0.40,0.0,5.7,4.0,60
2002-01-15,-2.0,1.2,80,0.00,304,0.40,0.0,6.9,4.0,65
2002-01-16,-1.1,1.1,88,0.40,268,0.34,3.0,5.8,3.4,67
2002-01-17,-0.8,0.1,84,0.00,305,0.37,0.0,6.0,4.4,74
2002-01-18,-2.0,0.8,87,0.00,241,0.34,0.0,5.1,3.6,67
2002-01-19,-2.0,1.0,85,7.20,195,0.39,17.0,6.1,4.2,74
2002-01-20,-0.3,1.9,83,5.00,183,0.40,14.0,11.2,6.5,72
2002-01-21,0.4,2.0,78,0.00,195,0.52,0.0,9.7,7.6,66
2002-01-22,-1.1,1.9,83,0.00,197,0.39,0.0,6.5,5.0,67
2002-01-23,-2.5,-1.7,85,2.80,194,0.26,12.0,8.7,6.5,80
2002-01-24,-0.4,3.4,82,2.10,173,0.53,16.0,14.0,8.2,76
2002-01-25,3.0,4.2,87,9.50,209,0.52,20.0,13.2,7.6,64
2002-01-26,-0.2,3.1,79,6.40,180,0.48,19.0,9.8,5.3,58
2002-01-27,-3.9,0.5,83,1.80,316,0.33,12.0,6.9,4.2,56
2002-01-28,-11.2,-6.9,81,0.00,333,0.43,0.0,5.8,4.2,61
2002-01-29,-8.6,-4.6,80,0.00,312,0.45,0.0,4.1,2.5,58
2002-01-30,-5.8,-1.1,83,0.00,277,0.47,0.0,3.2,2.0,59
2002-01-31,-2.9,0.3,83,1.70,172,0.40,9.0,4.7,3.9,70
2002-02-01,-1.8,2.3,86,0.60,206,0.58,4.0,6.3,4.8,68
2002-02-02,-0.9,2.3,82,0.00,184,0.63,0.0,7.9,5.8,71
2002-02-03,-0.6,2.4,87,0.90,150,0.46,8.0,8.3,6.4,79
2002-02-04,0.2,1.9,85,0.00,175,0.52,0.0,7.9,6.2,76
2002-02-05,-2.9,1.2,82,0.00,156,0.59,0.0,9.7,7.3,68
2002-02-06,-0.2,2.8,83,3.10,169,0.46,10.0,9.5,7.3,77
2002-02-07,0.8,3.3,86,1.40,168,0.67,10.0,8.7,6.9,76
2002-02-08,2.2,6.1,82,2.40,292,0.72,12.0,6.5,4.7,53
2002-02-09,0.3,5.6,77,0.30,226,0.65,2.0,5.7,4.1,57
2002-02-10,-1.6,2.4,78,0.00,149,0.77,0.0,10.2,7.6,62
2002-02-11,-0.3,3.0,70,1.20,241,0.94,4.0,16.4,8.1,43
2002-02-12,-1.7,4.1,69,0.00,262,0.97,0.0,5.5,3.5,39
2002-02-13,-1.3,3.6,69,0.00,194,0.90,0.0,7.5,5.6,55
2002-02-14,0.2,5.8,73,0.20,280,1.05,1.0,7.7,4.2,53
2002-02-15,-0.9,5.6,72,0.00,205,1.01,0.0,3.8,2.6,53
2002-02-16,-1.1,4.5,72,0.00,200,0.92,0.0,6.2,3.7,55
2002-02-17,2.1,6.9,75,0.10,185,1.04,1.0,8.0,4.6,57
2002-02-18,4.1,6.5,73,0.10,190,1.08,1.0,6.9,5.6,61
2002-02-19,3.1,6.2,83,2.00,142,0.97,10.0,11.4,7.1,68
2002-02-20,3.0,6.4,75,0.90,206,1.14,3.0,10.1,7.9,54
2002-02-21,3.0,7.0,77,9.90,166,0.61,12.0,7.9,5.6,42
2002-02-22,5.2,8.0,87,11.90,200,0.67,24.0,8.4,6.9,79
2002-02-23,0.4,5.4,81,5.20,318,0.53,24.0,9.2,7.9,69
2002-02-24,-5.7,-1.4,76,0.20,308,0.90,2.0,10.6,6.8,47
2002-02-25,-8.3,-2.6,70,0.00,287,1.00,0.0,7.1,4.3,47
2002-02-26,-4.6,-0.1,69,2.50,166,0.90,6.0,7.0,4.0,44
2002-02-27,-3.4,1.7,77,1.40,258,0.76,7.0,5.4,3.8,56
2002-02-28,-1.2,1.6,76,0.30,294,0.91,1.0,8.0,6.1,61
2002-03-01,-1.5,2.4,69,0.00,284,1.17,0.0,9.1,5.5,51
2002-03-02,-1.4,5.3,71,0.00,267,1.39,0.0,5.1,3.1,49
2002-03-03,-0.2,6.5,73,0.00,224,1.46,0.0,4.9,3.4,54
2002-03-04,3.8,7.4,68,0.00,196,1.02,0.0,7.3,5.7,55
2002-03-05,0.9,6.6,72,5.80,266,1.14,9.0,10.8,9.1,55
2002-03-06,-10.2,-3.0,76,0.00,325,0.75,0.0,8.9,6.6,59
2002-03-07,-9.8,-6.0,76,0.40,316,0.83,4.0,7.1,5.2,56
2002-03-08,-8.5,-3.9,69,0.00,303,0.96,0.0,6.1,5.0,54
2002-03-09,-5.6,0.5,72,0.20,35,0.99,2.0,8.2,3.6,46
2002-03-10,-0.8,3.6,83,2.10,148,1.01,13.0,10.5,5.9,66
2002-03-11,2.7,6.8,89,12.50,173,1.06,22.0,12.6,7.9,77
2002-03-12,3.0,6.0,82,2.60,189,1.35,6.0,11.9,8.7,64
2002-03-13,2.6,5.4,83,1.00,182,1.28,6.0,8.4,6.5,66
2002-03-14,3.3,5.6,72,0.40,229,1.42,2.0,11.3,6.1,52
2002-03-15,3.0,5.7,65,0.30,188,1.45,2.0,9.1,6.3,51
2002-03-16,-1.8,3.7,79,5.00,311,0.72,18.0,8.9,6.7,68
2002-03-17,-7.2,-3.5,72,1.80,313,1.10,12.0,7.7,6.4,51
2002-03-18,-7.3,-3.6,70,1.70,297,0.83,5.0,7.1,4.3,49
2002-03-19,-5.2,-2.4,80,9.70,344,0.72,24.0,7.7,5.2,65
2002-03-20,-7.1,-2.8,71,1.60,331,1.17,7.0,11.2,7.8,42
2002-03-21,-6.4,-0.1,60,0.00,19,1.32,0.0,7.7,5.0,46
2002-03-22,-0.7,8.0,64,0.00,341,1.83,0.0,5.9,3.2,45
2002-03-23,4.6,11.2,71,0.20,293,2.30,2.0,4.6,2.7,48
2002-03-24,6.9,13.3,72,0.00,281,2.34,0.0,6.1,4.3,46
2002-03-25,7.1,12.8,70,0.00,244,2.07,0.0,8.7,5.3,53
2002-03-26,5.7,9.8,78,2.40,183,1.16,5.0,10.1,6.3,66
2002-03-27,3.4,6.3,70,2.20,234,1.70,4.0,17.3,9.9,49
2002-03-28,4.5,9.0,65,0.00,237,2.19,0.0,13.0,8.9,43
2002-03-29,5.2,8.3,67,0.00,239,1.81,0.0,12.7,7.1,55
2002-03-30,5.7,8.8,72,0.00,240,1.66,0.0,9.9,6.4,61
2002-03-31,6.6,10.0,69,0.00,226,2.01,0.0,16.9,9.2,56
2002-04-01,4.0,8.7,73,2.80,298,2.12,6.0,13.9,9.2,45
2002-04-02,1.3,5.9,69,0.00,306,2.44,0.0,11.0,5.0,48
2002-04-03,3.5,10.2,63,0.00,327,2.73,0.0,4.0,2.0,38
2002-04-04,6.2,11.8,64,0.00,197,2.85,0.0,5.2,3.2,45
2002-04-05,7.8,13.2,68,0.00,170,2.37,0.0,4.9,3.5,49
2002-04-06,8.7,12.8,72,0.00,222,2.19,0.0,13.5,8.6,56
2002-04-07,5.8,9.9,71,1.20,255,2.40,2.0,10.9,7.7,38
2002-04-08,5.4,11.5,64,0.00,235,2.49,0.0,7.4,4.5,43
2002-04-09,6.5,11.8,74,1.50,165,1.59,7.0,7.0,3.1,48
2002-04-10,7.0,11.0,81,1.50,189,2.38,8.0,8.9,6.7,60
2002-04-11,7.5,11.8,77,0.10,202,2.33,1.0,9.7,5.9,60
2002-04-12,7.9,12.5,81,0.40,191,2.13,3.0,11.3,7.7,60
2002-04-13,8.9,14.6,79,6.30,190,2.56,11.0,15.2,8.1,57
2002-04-14,7.4,14.5,65,8.20,214,2.70,7.0,18.5,11.5,41
2002-04-15,4.5,7.5,75,2.10,184,2.00,14.0,12.0,6.7,56
2002-04-16,5.0,7.5,80,1.00,174,2.02,3.0,7.3,5.2,68
2002-04-17,5.0,8.3,81,0.40,45,2.11,3.0,5.9,2.9,62
2002-04-18,5.8,10.0,75,0.00,306,2.67,0.0,9.1,4.8,50
2002-04-19,7.7,14.4,60,0.00,278,3.34,0.0,6.9,4.0,33
2002-04-20,9.0,14.3,66,0.00,259,2.72,0.0,5.9,3.9,43
2002-04-21,8.2,14.1,73,0.40,247,2.25,4.0,8.5,6.1,55
2002-04-22,7.3,10.3,69,0.10,228,2.47,1.0,18.1,10.8,50
2002-04-23,3.4,8.7,65,3.00,289,2.62,8.0,18.4,9.1,47
2002-04-24,5.1,8.5,64,0.10,234,2.82,1.0,9.2,5.7,51
2002-04-25,7.3,11.3,64,0.00,333,2.59,0.0,5.6,2.7,44
2002-04-26,7.1,11.1,75,0.00,3,2.43,0.0,7.2,3.7,53
2002-04-27,8.2,13.9,63,0.00,332,3.24,0.0,7.7,5.5,28
2002-04-28,9.4,14.1,59,0.00,246,3.42,0.0,7.5,4.8,28
2002-04-29,10.5,18.4,61,0.00,259,3.82,0.0,9.3,5.7,36
2002-04-30,12.2,18.6,65,0.00,316,3.89,0.0,11.6,6.0,39
2002-05-01,13.0,20.4,55,0.00,309,4.54,0.0,10.2,5.0,32
2002-05-02,11.6,19.9,62,0.00,234,3.42,0.0,19.4,10.9,35
2002-05-03,7.6,12.8,65,1.70,255,3.12,5.0,19.7,9.4,34
2002-05-04,7.6,11.8,56,0.20,229,2.74,2.0,15.7,10.5,39
2002-05-05,7.5,11.8,65,2.10,194,2.62,11.0,13.5,7.5,40
2002-05-06,5.9,8.6,68,1.60,223,2.31,8.0,8.7,5.9,56
2002-05-07,5.3,10.7,73,2.80,338,2.78,13.0,7.6,5.1,41
2002-05-08,7.4,12.8,63,0.60,232,3.46,4.0,7.3,4.5,38
2002-05-09,8.6,13.3,64,0.10,153,3.41,1.0,5.1,2.4,39
2002-05-10,9.3,16.2,65,0.00,282,3.66,0.0,6.6,3.8,29
2002-05-11,11.4,17.8,57,0.00,257,3.77,0.0,8.5,5.7,30
2002-05-12,13.9,21.3,58,0.00,145,4.19,0.0,7.6,3.0,33
2002-05-13,16.3,22.9,55,0.00,164,4.19,0.0,7.3,4.1,35
2002-05-14,10.0,19.1,75,5.50,233,2.81,17.0,11.4,7.8,39
2002-05-15,10.0,15.1,57,0.50,296,3.43,2.0,7.6,5.3,31
2002-05-16,12.3,19.1,52,0.00,151,4.08,0.0,10.1,4.3,30
2002-05-17,13.7,19.1,56,3.70,165,4.04,10.0,9.7,6.4,31
2002-05-18,13.5,18.0,52,0.00,120,3.19,0.0,8.4,3.4,33
2002-05-19,14.8,22.2,60,0.00,59,3.56,0.0,7.9,3.7,42
2002-05-20,14.7,22.3,78,4.60,197,2.02,8.0,9.0,5.3,48
2002-05-21,11.1,14.4,94,10.70,238,0.94,22.0,8.1,5.1,90
2002-05-22,8.7,11.2,97,14.60,266,0.88,24.0,8.7,6.7,90
2002-05-23,9.3,14.3,88,11.20,198,1.98,24.0,5.2,3.2,62
2002-05-24,11.6,19.6,73,1.70,242,3.59,4.0,5.6,3.7,33
2002-05-25,14.4,19.7,64,3.00,224,2.11,14.0,6.2,2.5,33
2002-05-26,14.3,22.0,75,0.30,216,3.67,2.0,6.8,4.8,37
2002-05-27,16.9,22.9,63,0.10,224,4.33,1.0,9.0,5.7,38
2002-05-28,17.8,23.1,65,3.30,213,3.80,6.0,12.2,5.9,36
2002-05-29,17.8,22.6,61,0.70,205,4.74,3.0,16.3,10.0,34
2002-05-30,16.4,23.2,52,0.00,228,5.35,0.0,15.6,8.5,28
2002-05-31,15.4,22.3,50,0.00,260,4.49,0.0,12.7,5.8,30
2002-06-01,15.5,20.9,56,0.00,359,4.25,0.0,7.6,4.8,33
2002-06-02,17.1,22.8,56,0.00,300,4.71,0.0,8.2,5.2,34
2002-06-03,17.5,23.7,58,0.30,233,4.81,2.0,7.2,4.8,33
2002-06-04,18.6,23.1,53,0.00,229,4.17,0.0,10.4,6.3,35
2002-06-05,17.6,23.0,65,3.00,234,4.04,10.0,13.0,7.4,40
2002-06-06,12.8,19.9,54,0.80,241,4.57,1.0,14.7,9.7,28
2002-06-07,11.8,16.7,47,0.40,231,4.29,1.0,11.3,6.8,28
2002-06-08,9.4,16.6,73,2.10,337,2.39,6.0,16.8,8.0,44
2002-06-09,15.8,22.4,52,0.00,348,4.25,0.0,15.6,8.6,33
2002-06-10,18.4,24.6,51,0.00,348,5.00,0.0,8.9,4.1,30
2002-06-11,19.1,25.9,53,0.00,209,5.49,0.0,8.8,5.4,29
2002-06-12,21.4,27.7,53,0.00,279,5.55,0.0,6.8,4.7,29
2002-06-13,22.9,29.2,50,0.00,179,5.57,0.0,6.9,3.3,26
2002-06-14,24.2,30.8,49,0.00,207,5.80,0.0,4.5,2.8,26
2002-06-15,24.0,31.1,53,0.10,224,5.71,1.0,9.4,4.6,26
2002-06-16,22.3,28.5,54,0.20,234,5.35,1.0,9.1,5.6,30
2002-06-17,18.0,26.4,52,0.00,229,4.98,0.0,12.1,8.6,32
2002-06-18,15.1,21.7,76,5.80,216,2.61,15.0,11.9,5.8,39
2002-06-19,14.7,21.5,66,1.20,233,3.98,3.0,7.9,6.0,37
2002-06-20,18.9,25.2,52,0.00,171,4.98,0.0,5.9,3.2,30
2002-06-21,21.8,29.2,46,0.00,97,5.76,0.0,4.8,2.5,25
2002-06-22,23.1,30.7,48,0.00,155,5.88,0.0,7.6,3.9,24
2002-06-23,23.2,30.8,40,0.00,236,5.53,0.0,9.7,6.5,23
2002-06-24,20.7,27.6,50,0.00,219,5.39,0.0,9.2,5.8,30
2002-06-25,22.9,30.4,45,0.00,226,5.91,0.0,8.3,5.3,28
2002-06-26,26.0,34.5,49,0.00,186,6.22,0.0,9.6,3.9,22
2002-06-27,26.2,34.2,47,0.00,254,5.28,0.0,11.2,5.8,22
2002-06-28,20.1,26.5,65,4.50,222,3.55,9.0,11.3,6.7,40
2002-06-29,17.3,22.0,79,10.90,212,3.98,18.0,18.4,8.4,36
2002-06-30,16.8,20.7,48,0.00,235,5.15,0.0,16.5,9.3,33
2002-07-01,15.8,21.4,51,0.20,236,5.06,2.0,11.9,7.9,29
2002-07-02,16.2,23.1,47,0.00,236,5.03,0.0,11.1,5.4,27
2002-07-03,19.2,23.9,49,0.00,280,5.13,0.0,10.2,5.3,29
2002-07-04,15.4,22.8,52,0.70,235,4.66,4.0,10.9,8.3,36
2002-07-05,15.3,23.2,47,0.00,221,5.43,0.0,12.0,6.1,27
2002-07-06,19.8,27.1,43,0.00,77,5.61,0.0,7.4,4.0,25
2002-07-07,23.5,30.3,45,0.00,80,5.25,0.0,7.7,3.2,26
2002-07-08,20.2,29.3,70,5.00,248,2.96,6.0,13.7,6.1,33
2002-07-09,19.1,27.9,55,0.00,234,5.52,0.0,13.2,5.2,31
2002-07-10,24.9,33.8,46,0.00,144,6.24,0.0,9.3,3.9,23
2002-07-11,27.1,35.5,51,0.00,208,6.39,0.0,7.9,4.6,24
2002-07-12,27.0,35.4,46,0.00,260,6.55,0.0,7.6,4.7,21
2002-07-13,27.1,35.2,49,0.00,286,5.04,0.0,9.4,4.0,21
2002-07-14,25.0,32.7,55,1.50,274,5.95,3.0,9.2,6.2,27
2002-07-15,22.3,30.0,44,0.00,246,6.09,0.0,8.2,5.1,25
2002-07-16,25.1,32.5,45,0.00,226,6.05,0.0,8.3,5.0,24
2002-07-17,25.5,31.5,52,0.00,250,5.47,0.0,9.4,5.3,26
2002-07-18,25.1,30.8,48,0.00,263,5.44,0.0,10.7,5.8,30
2002-07-19,24.0,30.5,49,0.00,259,5.76,0.0,11.4,7.3,27
2002-07-20,22.1,28.0,49,0.00,291,5.34,0.0,11.3,7.0,26
2002-07-21,22.6,29.0,41,0.00,338,6.06,0.0,10.4,5.9,23
2002-07-22,24.5,32.7,42,0.00,352,5.81,0.0,6.5,3.5,19
2002-07-23,27.4,33.5,38,0.00,121,5.45,0.0,6.4,2.6,20
2002-07-24,27.3,34.6,40,0.00,214,5.89,0.0,6.6,4.7,18
2002-07-25,27.6,34.5,44,0.30,252,6.01,1.0,7.9,5.4,19
2002-07-26,23.9,30.6,57,0.50,253,4.23,1.0,10.3,7.7,36
2002-07-27,21.8,28.9,54,0.00,279,5.68,0.0,10.7,7.5,22
2002-07-28,21.0,29.0,52,0.00,256,3.62,0.0,10.9,7.1,21
2002-07-29,19.1,24.0,61,0.40,237,3.72,3.0,13.3,8.2,34
2002-07-30,18.4,23.4,60,0.20,240,4.31,1.0,13.5,7.0,37
2002-07-31,16.7,23.1,56,1.30,300,4.28,6.0,11.5,7.2,35
2002-08-01,17.8,22.5,50,0.00,57,3.55,0.0,7.8,4.2,31
2002-08-02,17.6,21.4,62,0.90,287,3.49,4.0,9.2,5.1,34
2002-08-03,18.0,23.0,55,0.20,18,3.99,1.0,7.9,3.8,30
2002-08-04,18.7,22.4,59,1.80,310,3.31,3.0,10.0,4.9,31
2002-08-05,16.5,21.8,61,0.50,198,3.65,3.0,6.5,4.3,31
2002-08-06,18.0,21.8,58,0.40,342,3.60,4.0,6.5,3.1,30
2002-08-07,17.2,22.3,65,1.90,252,3.67,4.0,7.3,2.8,39
2002-08-08,20.8,28.1,55,0.00,226,4.75,0.0,5.3,3.7,25
2002-08-09,22.7,28.2,51,0.00,240,4.47,0.0,7.8,5.5,25
2002-08-10,22.2,27.8,57,0.00,266,4.10,0.0,8.8,6.2,33
2002-08-11,20.9,26.5,48,0.00,304,5.14,0.0,9.8,6.3,22
2002-08-12,22.8,29.9,40,0.00,325,5.25,0.0,12.9,6.6,22
2002-08-13,24.4,34.1,47,0.00,299,5.74,0.0,12.3,6.6,18
2002-08-14,24.1,34.3,42,0.00,293,6.08,0.0,14.0,9.6,18
2002-08-15,22.8,28.8,39,0.00,301,5.42,0.0,10.7,5.5,18
2002-08-16,19.7,28.6,47,3.30,315,4.69,5.0,14.4,7.5,19
2002-08-17,19.6,24.2,48,0.10,178,4.20,1.0,8.5,4.0,21
2002-08-18,20.2,27.6,53,0.00,266,4.61,0.0,7.4,4.3,29
2002-08-19,22.1,27.7,52,0.00,252,4.14,0.0,5.9,4.3,29
2002-08-20,20.4,25.2,64,0.90,321,3.77,3.0,7.1,4.7,36
2002-08-21,20.9,27.7,60,0.30,279,4.13,1.0,6.6,4.7,26
2002-08-22,23.1,30.2,51,0.00,282,4.60,0.0,7.4,4.7,26
2002-08-23,24.9,31.6,53,0.00,278,4.39,0.0,6.2,3.1,23
2002-08-24,26.3,32.3,48,0.00,194,4.58,0.0,6.0,3.8,21
2002-08-25,24.5,30.8,52,1.00,226,4.07,2.0,8.3,5.2,26
2002-08-26,21.5,27.6,67,0.20,281,3.36,1.0,9.3,5.2,38
2002-08-27,23.2,30.2,61,0.20,313,4.11,1.0,8.6,3.9,30
2002-08-28,25.5,32.5,51,0.00,166,4.45,0.0,5.9,3.1,21
2002-08-29,25.7,32.0,46,0.00,226,4.37,0.0,6.1,4.5,22
2002-08-30,22.6,29.4,59,0.00,297,4.19,0.0,10.8,6.7,25
2002-08-31,23.2,30.4,46,0.00,245,4.63,0.0,12.5,5.7,23
2002-09-01,20.3,29.5,57,2.50,248,3.71,8.0,13.1,9.0,27
2002-09-02,17.7,22.5,58,0.00,200,1.91,0.0,8.8,6.4,36
2002-09-03,17.3,21.6,64,1.70,243,2.94,5.0,8.5,4.7,23
2002-09-04,16.1,21.3,52,0.10,307,3.18,1.0,7.8,4.6,24
2002-09-05,16.2,20.0,59,0.00,330,3.18,0.0,7.1,4.8,39
2002-09-06,15.7,20.3,63,1.80,211,2.87,5.0,5.1,2.9,30
2002-09-07,16.1,20.0,54,0.10,234,3.05,1.0,6.4,4.1,32
2002-09-08,16.0,21.2,50,0.00,202,3.51,0.0,13.6,7.9,30
2002-09-09,17.3,24.0,56,0.10,198,2.86,1.0,12.3,6.4,35
2002-09-10,19.2,25.9,59,0.00,181,3.45,0.0,9.7,5.5,35
2002-09-11,20.4,28.0,61,0.00,243,3.71,0.0,6.6,4.1,31
2002-09-12,21.8,30.0,59,0.00,227,3.93,0.0,6.9,3.9,22
2002-09-13,22.2,29.6,49,0.00,248,4.06,0.0,8.7,5.1,22
2002-09-14,22.1,29.9,53,0.00,124,3.73,0.0,7.9,3.6,19
2002-09-15,22.3,29.6,52,0.00,246,3.05,0.0,7.4,4.4,19
2002-09-16,18.5,27.2,59,3.70,226,2.80,6.0,11.9,6.7,28
2002-09-17,15.1,19.3,65,0.10,255,2.45,1.0,10.8,6.6,39
2002-09-18,16.3,20.2,57,0.00,245,2.53,0.0,12.8,6.9,39
2002-09-19,15.3,21.3,65,0.00,215,2.37,0.0,20.9,10.4,43
2002-09-20,12.2,17.4,73,2.80,290,2.56,4.0,13.3,7.2,26
2002-09-21,14.2,18.9,53,0.00,314,2.86,0.0,10.8,3.4,27
2002-09-22,15.9,22.6,60,0.00,275,2.92,0.0,7.0,3.2,32
2002-09-23,17.9,24.5,67,0.00,255,2.82,0.0,6.6,2.7,34
2002-09-24,18.4,24.0,65,0.10,315,2.74,1.0,11.3,6.9,37
2002-09-25,16.1,20.4,58,0.00,314,3.02,0.0,10.3,5.9,30
2002-09-26,15.1,20.0,74,2.80,353,1.24,4.0,6.6,3.1,31
2002-09-27,13.5,17.1,81,0.20,327,1.47,2.0,6.9,5.1,48
2002-09-28,15.1,22.3,70,0.00,178,2.65,0.0,12.5,6.4,36
2002-09-29,14.8,21.6,76,9.30,216,1.67,11.0,10.5,6.2,41
2002-09-30,9.1,13.7,70,0.80,278,1.68,4.0,8.2,6.2,46
2002-10-01,10.5,14.7,69,0.30,310,1.92,3.0,6.3,3.8,34
2002-10-02,11.8,16.6,65,0.00,187,1.81,0.0,9.7,5.5,34
2002-10-03,12.0,16.6,75,2.60,259,1.72,10.0,7.3,5.2,41
2002-10-04,13.8,16.9,65,0.00,274,1.73,0.0,6.6,4.2,41
2002-10-05,12.3,17.1,69,0.20,254,1.53,1.0,10.3,7.2,43
2002-10-06,13.2,20.0,68,0.00,239,2.10,0.0,10.2,6.5,42
2002-10-07,13.6,18.4,67,0.10,265,1.98,1.0,8.9,6.7,40
2002-10-08,14.7,19.8,66,0.00,249,2.03,0.0,10.4,4.7,40
2002-10-09,13.8,18.3,64,0.00,224,2.09,0.0,14.4,8.6,37
2002-10-10,9.4,16.5,65,4.30,269,1.87,6.0,12.6,8.1,34
2002-10-11,6.7,10.3,52,0.20,299,1.92,2.0,15.3,8.7,25
2002-10-12,7.5,12.2,47,0.00,198,1.82,0.0,10.7,3.2,28
2002-10-13,7.1,12.7,72,0.00,165,1.64,0.0,6.6,4.1,40
2002-10-14,9.6,14.6,77,0.00,308,1.71,0.0,4.3,3.1,44
2002-10-15,10.2,16.1,79,0.00,308,1.60,0.0,5.2,3.9,50
2002-10-16,11.1,16.4,80,0.00,304,1.69,0.0,5.2,3.7,54
2002-10-17,11.1,17.8,82,0.00,284,1.65,0.0,4.3,2.4,52
2002-10-18,11.7,17.0,80,0.00,311,1.67,0.0,4.6,3.0,49
2002-10-19,11.7,16.4,81,0.00,261,1.43,0.0,3.7,2.6,51
2002-10-20,12.7,17.0,76,0.00,304,1.41,0.0,5.1,3.5,49
2002-10-21,12.0,16.0,81,0.00,328,1.30,0.0,7.9,4.6,55
2002-10-22,11.9,14.6,84,0.00,330,1.11,0.0,5.5,3.5,64
2002-10-23,11.1,13.9,82,0.00,360,1.44,0.0,3.9,2.5,47
2002-10-24,8.7,12.9,74,0.00,5,1.37,0.0,5.7,2.2,52
2002-10-25,7.6,10.2,78,0.00,340,1.24,0.0,3.6,2.0,59
2002-10-26,6.5,9.1,74,0.00,355,0.94,0.0,5.2,4.0,56
2002-10-27,6.0,8.9,82,2.60,157,0.84,7.0,6.9,3.5,61
2002-10-28,6.0,8.2,88,1.70,270,0.56,9.0,7.9,5.6,79
2002-10-29,3.3,7.5,65,0.70,8,1.29,4.0,11.4,8.4,30
2002-10-30,3.5,6.4,42,0.00,10,1.29,0.0,9.0,4.3,33
2002-10-31,2.8,6.2,55,0.00,16,1.00,0.0,5.9,2.3,39
2002-11-01,3.1,6.7,64,0.00,55,0.96,0.0,4.8,1.7,45
2002-11-02,3.6,7.0,70,0.00,351,0.92,0.0,3.7,2.3,48
2002-11-03,3.5,6.6,71,0.00,146,0.93,0.0,4.5,2.9,42
2002-11-04,3.8,7.4,70,0.00,219,0.90,0.0,3.4,2.1,49
2002-11-05,4.6,7.9,73,0.00,146,0.81,0.0,5.5,3.3,51
2002-11-06,4.5,8.9,76,0.10,156,0.70,1.0,6.2,5.4,55
2002-11-07,6.1,7.8,87,1.20,131,0.42,3.0,6.7,4.3,65
2002-11-08,4.9,9.1,95,5.70,137,0.46,13.0,7.9,5.3,83
2002-11-09,5.2,9.0,96,1.90,171,0.54,6.0,7.8,6.4,88
2002-11-10,5.9,9.7,92,0.70,181,0.66,5.0,8.0,6.2,72
2002-11-11,5.7,11.3,88,2.10,176,0.72,6.0,9.2,6.5,68
2002-11-12,5.2,9.4,94,7.60,140,0.33,18.0,8.1,6.5,82
2002-11-13,4.9,10.0,94,2.90,182,0.57,14.0,9.0,7.0,75
2002-11-14,6.0,9.8,92,6.70,186,0.50,13.0,9.4,6.7,62
2002-11-15,6.3,8.7,84,0.00,190,0.57,0.0,7.9,5.7,68
2002-11-16,3.2,6.5,91,2.20,143,0.42,11.0,9.8,6.8,76
2002-11-17,3.6,9.2,87,1.60,205,0.67,3.0,13.2,9.3,56
2002-11-18,5.4,7.9,84,0.60,174,0.44,4.0,10.0,7.8,67
2002-11-19,4.9,8.1,97,5.00,160,0.21,17.0,7.0,5.7,86
2002-11-20,7.9,13.1,95,1.30,175,0.71,8.0,7.9,5.6,81
2002-11-21,6.1,10.9,96,0.50,170,0.41,4.0,5.8,4.3,86
2002-11-22,8.3,9.5,91,1.30,262,0.47,4.0,6.9,4.9,83
2002-11-23,4.1,7.7,86,0.30,339,0.44,2.0,7.8,6.0,69
2002-11-24,3.6,5.1,81,0.00,8,0.47,0.0,5.1,3.3,67
2002-11-25,2.4,4.6,72,0.00,352,0.48,0.0,5.7,3.6,52
2002-11-26,2.9,5.1,61,0.00,340,0.55,0.0,4.5,3.6,46
2002-11-27,3.4,7.0,79,0.00,333,0.55,0.0,4.5,2.8,60
2002-11-28,3.7,7.4,85,0.00,175,0.49,0.0,5.4,3.3,64
2002-11-29,4.4,6.6,85,0.00,326,0.49,0.0,4.8,3.6,71
2002-11-30,3.9,6.6,83,0.00,337,0.51,0.0,5.8,3.3,65
2002-12-01,4.0,7.3,90,0.00,295,0.50,0.0,3.2,2.0,76
2002-12-02,3.7,6.1,92,0.00,323,0.40,0.0,4.4,3.3,77
2002-12-03,3.2,4.2,87,1.50,2,0.29,8.0,4.8,3.4,80
2002-12-04,3.5,5.0,87,1.90,82,0.33,10.0,4.1,2.6,77
2002-12-05,2.8,4.6,77,0.00,145,0.36,0.0,5.7,3.6,71
2002-12-06,2.7,4.2,84,0.00,182,0.33,0.0,4.8,2.1,75
2002-12-07,3.0,4.4,77,0.00,2,0.37,0.0,3.0,2.2,68
2002-12-08,2.9,4.2,79,0.00,135,0.37,0.0,5.2,2.7,69
2002-12-09,2.3,4.5,78,0.00,151,0.42,0.0,6.7,4.2,64
2002-12-10,1.5,4.4,81,1.20,147,0.40,4.0,10.2,5.9,68
2002-12-11,2.5,4.6,86,2.80,157,0.32,13.0,7.9,6.2,75
2002-12-12,2.1,4.6,91,5.50,133,0.25,16.0,7.5,6.1,86
2002-12-13,4.3,6.1,93,6.60,171,0.41,18.0,8.5,6.3,82
2002-12-14,3.9,5.4,93,13.10,127,0.15,18.0,8.2,6.3,85
2002-12-15,5.6,6.8,94,16.50,158,0.38,19.0,8.1,5.7,88
2002-12-16,3.8,4.8,93,13.00,125,0.17,21.0,14.0,6.9,82
2002-12-17,2.4,4.2,89,0.50,188,0.37,2.0,10.0,6.6,73
2002-12-18,1.2,2.1,91,1.90,158,0.28,11.0,6.9,5.5,87
2002-12-19,-0.4,1.9,91,0.00,139,0.31,0.0,6.5,5.2,76
2002-12-20,-0.8,2.0,91,0.00,64,0.30,0.0,7.1,3.7,75
2002-12-21,0.0,2.8,89,0.00,48,0.35,0.0,5.9,2.6,73
2002-12-22,0.1,2.9,91,0.00,336,0.33,0.0,4.6,2.2,75
2002-12-23,-1.6,2.0,92,0.00,348,0.32,0.0,5.6,1.9,77
2002-12-24,-3.7,0.0,91,0.00,136,0.26,0.0,7.8,4.4,77
2002-12-25,-3.7,1.0,87,0.00,133,0.28,0.0,9.7,7.3,76
2002-12-26,0.9,2.2,85,3.80,169,0.38,15.0,10.5,8.6,67
2002-12-27,1.0,4.0,88,8.40,120,0.24,17.0,6.6,3.9,56
2002-12-28,1.8,4.3,84,1.90,265,0.29,6.0,8.7,4.2,63
2002-12-29,-0.4,0.7,83,2.70,295,0.34,15.0,6.5,4.4,56
2002-12-30,-1.6,1.5,83,3.80,134,0.31,13.0,6.5,5.4,48
2002-12-31,0.7,4.0,90,0.70,81,0.40,4.0,5.7,3.4,74
2003-01-01,0.5,3.8,93,0.90,163,0.22,6.0,7.1,5.7,77
2003-01-02,0.7,3.7,92,7.50,142,0.34,20.0,9.3,6.4,85
2003-01-03,2.9,7.0,88,4.90,168,0.48,9.0,12.0,7.9,67
2003-01-04,2.8,5.3,91,4.70,131,0.18,8.0,7.5,5.9,77
2003-01-05,3.9,5.5,90,0.40,185,0.35,2.0,7.7,5.3,80
2003-01-06,0.5,3.9,93,0.00,161,0.36,0.0,6.4,5.5,79
2003-01-07,0.2,2.0,86,0.00,175,0.42,0.0,7.0,5.9,72
2003-01-08,0.3,2.1,87,0.00,265,0.41,0.0,7.4,4.8,74
2003-01-09,-2.2,0.8,89,0.00,329,0.33,0.0,6.1,4.4,74
2003-01-10,-4.0,-1.4,88,0.00,329,0.36,0.0,5.0,2.8,72
2003-01-11,-2.9,-0.6,89,0.00,180,0.33,0.0,4.0,2.1,75
2003-01-12,0.1,1.6,90,5.80,146,0.22,17.0,5.9,4.5,74
2003-01-13,1.3,3.5,92,2.00,258,0.41,6.0,4.7,2.7,74
2003-01-14,1.4,4.2,90,2.00,176,0.44,6.0,4.8,3.7,71
2003-01-15,0.5,3.7,91,0.00,309,0.33,0.0,4.0,2.4,77
2003-01-16,0.1,2.8,88,0.00,180,0.47,0.0,3.6,2.5,66
2003-01-17,-1.1,2.4,87,0.00,313,0.45,0.0,4.0,2.9,63
2003-01-18,-1.3,2.3,89,0.00,301,0.48,0.0,3.9,2.6,68
2003-01-19,-0.4,3.3,85,0.00,188,0.39,0.0,4.7,3.2,65
2003-01-20,2.9,5.2,83,0.00,251,0.55,0.0,5.1,3.4,66
2003-01-21,0.3,4.8,90,0.10,322,0.29,1.0,5.9,3.4,69
2003-01-22,-2.4,-0.9,86,6.30,24,0.21,16.0,6.6,4.6,82
2003-01-23,-1.0,2.4,91,3.70,148,0.37,15.0,8.4,6.2,83
2003-01-24,2.5,4.6,91,1.10,166,0.42,7.0,7.4,6.0,82
2003-01-25,4.5,7.1,86,0.50,188,0.51,4.0,7.2,5.2,74
2003-01-26,3.8,6.0,91,9.00,161,0.49,16.0,9.9,6.6,82
2003-01-27,5.2,7.3,79,0.30,205,0.71,2.0,11.1,6.8,68
2003-01-28,4.4,6.8,87,0.70,218,0.64,4.0,4.3,3.0,67
2003-01-29,1.6,6.3,92,2.30,146,0.33,6.0,6.4,4.0,73
2003-01-30,3.3,7.3,86,1.00,185,0.61,4.0,7.6,6.0,68
2003-01-31,3.9,6.2,87,3.20,172,0.67,8.0,7.9,6.6,74
2003-02-01,5.0,7.8,85,0.00,205,0.72,0.0,8.1,5.8,64
2003-02-02,4.5,7.5,82,0.00,234,0.76,0.0,5.8,4.4,66
2003-02-03,4.0,6.0,80,2.20,269,0.71,8.0,11.0,6.0,62
2003-02-04,1.5,4.0,80,0.00,292,0.68,0.0,7.3,5.1,65
2003-02-05,2.0,4.7,85,0.00,316,0.75,0.0,5.2,3.4,60
2003-02-06,-0.1,4.5,87,0.00,300,0.74,0.0,5.6,3.8,67
2003-02-07,-1.3,3.5,87,0.00,313,0.66,0.0,5.5,4.0,70
2003-02-08,-1.3,2.1,87,0.00,308,0.72,0.0,5.4,4.1,64
2003-02-09,-1.0,5.4,85,0.00,278,0.86,0.0,4.8,3.7,58
2003-02-10,1.5,6.1,78,0.00,275,0.97,0.0,7.6,5.1,57
2003-02-11,0.8,6.3,84,0.00,281,0.95,0.0,4.5,3.1,60
2003-02-12,0.5,6.0,84,0.00,273,0.94,0.0,3.0,1.6,58
2003-02-13,1.0,6.2,82,0.00,300,1.01,0.0,3.3,1.9,56
2003-02-14,3.5,7.9,80,0.00,227,0.90,0.0,4.5,3.1,62
2003-02-15,3.0,6.4,85,0.10,142,0.67,1.0,7.8,6.1,70
2003-02-16,4.2,5.6,91,5.30,149,0.57,18.0,7.6,4.2,81
2003-02-17,4.3,5.8,85,1.90,195,0.88,6.0,8.7,5.7,71
2003-02-18,2.7,6.3,85,0.20,212,1.08,1.0,7.9,4.1,68
2003-02-19,3.2,5.8,84,0.40,179,0.93,4.0,10.2,6.9,69
2003-02-20,2.9,4.9,90,7.80,172,0.53,13.0,8.4,6.2,82
2003-02-21,3.8,6.1,81,2.80,216,1.07,4.0,8.2,6.3,66
2003-02-22,2.3,7.1,73,0.80,281,1.07,5.0,13.2,7.1,54
2003-02-23,-4.1,1.4,72,0.00,322,1.03,0.0,11.2,6.1,55
2003-02-24,-5.2,-2.2,73,0.00,347,1.00,0.0,7.4,3.4,55
2003-02-25,-4.5,0.8,77,0.00,297,1.06,0.0,5.2,2.4,52
2003-02-26,-1.2,2.6,76,0.00,189,1.04,0.0,4.0,2.8,48
2003-02-27,2.0,5.0,75,0.00,320,1.08,0.0,6.6,4.4,48
2003-02-28,1.9,4.4,82,1.80,184,0.96,8.0,5.6,3.6,61
2003-03-01,2.1,6.2,79,0.00,275,1.33,0.0,4.5,2.6,56
2003-03-02,2.8,6.2,77,1.90,231,0.81,7.0,6.2,4.5,59
2003-03-03,2.8,6.0,75,0.00,291,1.25,0.0,10.1,6.2,50
2003-03-04,2.5,6.7,70,0.00,292,1.16,0.0,6.2,3.5,43
2003-03-05,3.4,6.9,73,1.40,219,1.25,6.0,12.2,8.3,55
2003-03-06,-0.3,5.7,72,3.80,284,0.98,15.0,11.2,7.4,56
2003-03-07,-7.0,-2.0,68,1.80,324,0.90,10.0,8.0,6.3,54
2003-03-08,-7.5,-3.8,69,0.80,333,0.95,7.0,7.5,5.8,51
2003-03-09,-6.4,-0.2,76,2.50,22,0.67,11.0,6.8,3.8,54
2003-03-10,1.6,7.0,81,0.00,175,1.00,0.0,8.6,6.6,68
2003-03-11,6.2,8.4,81,3.40,199,1.01,10.0,11.4,7.9,70
2003-03-12,4.0,6.7,83,6.10,187,0.67,10.0,9.7,7.1,75
2003-03-13,6.7,10.2,88,14.70,159,1.21,21.0,9.2,7.9,72
2003-03-14,7.1,8.9,82,3.20,153,1.48,6.0,9.7,7.9,71
2003-03-15,5.2,8.3,85,7.60,126,0.85,12.0,7.6,5.4,72
2003-03-16,5.2,7.9,88,2.10,205,1.67,6.0,6.3,3.8,67
2003-03-17,4.7,8.7,76,1.10,214,1.95,4.0,7.6,4.8,57
2003-03-18,3.9,9.5,72,0.00,202,1.54,0.0,8.0,4.4,45
2003-03-19,3.2,8.4,79,0.00,177,1.49,0.0,7.3,4.1,57
2003-03-20,6.5,9.7,76,3.90,149,1.57,9.0,8.4,4.9,50
2003-03-21,5.3,8.1,84,4.30,169,1.38,19.0,10.9,6.9,73
2003-03-22,5.4,9.3,87,12.90,164,1.58,23.0,12.7,7.7,64
2003-03-23,4.0,7.3,68,1.40,208,1.84,4.0,10.7,8.5,62
2003-03-24,2.5,6.0,70,0.30,239,2.05,2.0,8.7,5.3,54
2003-03-25,4.9,8.5,65,1.80,179,2.14,9.0,12.0,6.4,42
2003-03-26,4.0,9.3,72,1.30,222,1.62,6.0,7.2,2.8,34
2003-03-27,4.6,9.1,71,0.90,218,2.08,6.0,7.2,4.3,45
2003-03-28,4.7,9.0,74,0.00,225,2.16,0.0,7.1,3.4,50
2003-03-29,6.4,10.1,72,0.00,188,1.78,0.0,8.9,5.8,55
2003-03-30,8.9,12.3,77,0.50,198,1.98,2.0,9.8,7.5,65
2003-03-31,8.8,14.1,78,1.30,237,2.18,8.0,11.9,6.9,54
2003-04-01,5.6,8.3,74,1.20,215,1.85,5.0,8.9,4.8,57
2003-04-02,4.6,5.9,82,3.00,138,1.09,14.0,5.6,3.3,73
2003-04-03,3.9,6.0,81,3.20,177,1.75,8.0,7.6,5.1,62
2003-04-04,3.6,5.9,79,1.20,197,1.98,7.0,8.2,4.8,65
2003-04-05,4.0,6.4,70,0.90,216,1.89,5.0,8.9,5.9,50
2003-04-06,4.8,8.6,67,0.00,173,2.13,0.0,7.8,4.2,51
2003-04-07,5.6,9.5,73,0.00,161,1.61,0.0,15.6,8.3,56
2003-04-08,7.1,12.5,80,0.80,156,2.05,5.0,16.8,8.9,61
2003-04-09,8.4,12.1,66,3.10,211,2.77,6.0,11.9,9.5,40
2003-04-10,8.2,11.8,65,1.60,170,2.00,3.0,6.3,3.6,44
2003-04-11,8.4,14.2,84,2.90,211,2.37,10.0,7.1,3.7,56
2003-04-12,9.2,15.3,78,0.00,39,2.44,0.0,7.1,3.6,49
2003-04-13,9.1,14.5,87,2.90,133,1.64,10.0,11.7,3.5,57
2003-04-14,7.3,11.9,85,4.10,194,1.65,15.0,12.5,4.1,61
2003-04-15,7.4,14.1,80,0.70,210,2.75,3.0,7.1,4.9,46
2003-04-16,8.7,13.7,71,1.00,212,2.52,6.0,9.0,5.3,45
2003-04-17,7.6,12.1,78,5.20,210,2.15,12.0,6.8,4.8,58
2003-04-18,7.9,14.1,63,0.30,231,3.06,2.0,8.2,6.5,29
2003-04-19,8.6,13.9,59,0.00,216,2.71,0.0,9.2,5.1,29
2003-04-20,11.1,18.9,61,0.00,151,3.59,0.0,8.0,3.6,34
2003-04-21,14.0,21.5,56,0.00,64,3.82,0.0,6.9,3.5,34
2003-04-22,12.3,20.7,72,0.00,272,2.89,0.0,6.2,4.0,38
2003-04-23,11.1,18.3,79,0.20,255,1.81,1.0,6.9,4.3,53
2003-04-24,12.4,16.2,71,2.70,112,1.80,10.0,8.0,4.3,57
2003-04-25,9.1,13.1,89,10.00,193,2.09,19.0,6.8,5.0,54
2003-04-26,8.5,13.0,74,1.40,269,1.79,6.0,5.5,3.4,50
2003-04-27,8.2,12.0,74,2.70,208,1.81,14.0,6.4,4.1,57
2003-04-28,9.3,16.2,72,0.10,12,3.01,1.0,7.1,3.9,34
2003-04-29,12.7,17.8,50,0.00,5,3.75,0.0,8.9,4.5,31
2003-04-30,13.7,19.5,50,0.00,353,3.82,0.0,6.6,3.2,29
2003-05-01,12.8,19.1,61,1.00,247,3.55,4.0,7.1,5.5,31
2003-05-02,12.2,17.3,72,0.70,204,3.33,2.0,10.7,7.1,38
2003-05-03,10.7,16.1,68,0.50,264,2.82,3.0,8.3,3.3,38
2003-05-04,8.6,14.3,86,11.80,138,1.74,22.0,6.4,2.8,56
2003-05-05,8.7,13.1,73,0.40,222,2.96,4.0,10.4,7.4,31
2003-05-06,8.0,12.8,55,0.00,288,2.82,0.0,10.9,6.8,31
2003-05-07,9.7,14.0,54,0.20,250,3.13,2.0,9.8,4.9,38
2003-05-08,10.4,16.5,66,0.20,344,3.46,1.0,8.0,4.4,40
2003-05-09,12.0,17.3,70,0.70,332,3.27,2.0,6.5,3.7,46
2003-05-10,11.0,17.6,78,1.90,273,3.43,4.0,6.5,3.0,45
2003-05-11,12.3,17.4,72,1.90,237,3.16,8.0,5.5,3.2,47
2003-05-12,13.1,18.7,67,1.10,235,3.39,8.0,8.8,4.8,45
2003-05-13,14.0,20.9,54,0.60,212,4.51,2.0,12.0,7.7,29
2003-05-14,16.6,20.7,48,0.00,212,4.49,0.0,17.8,8.6,29
2003-05-15,9.9,17.3,51,0.10,238,3.76,1.0,17.3,9.7,31
2003-05-16,7.7,12.2,51,0.90,229,3.46,2.0,11.4,7.9,29
2003-05-17,8.7,12.0,51,0.30,281,3.15,1.0,5.9,4.0,30
2003-05-18,8.2,13.6,70,1.00,295,3.01,4.0,8.4,5.8,45
2003-05-19,10.6,15.6,62,0.20,191,3.73,1.0,12.6,6.4,36
2003-05-20,11.8,15.1,57,0.00,180,2.69,0.0,11.3,5.5,38
2003-05-21,12.7,18.0,73,0.90,196,2.73,6.0,7.6,4.2,51
2003-05-22,15.6,20.4,67,1.70,196,2.90,8.0,10.6,5.9,46
2003-05-23,17.1,23.4,62,0.00,202,3.14,0.0,10.1,5.3,45
2003-05-24,20.4,29.1,63,0.00,144,5.30,0.0,13.7,5.4,36
2003-05-25,17.5,27.5,80,8.10,262,2.72,18.0,7.1,3.9,47
2003-05-26,14.4,20.6,73,2.10,222,3.55,4.0,8.4,5.0,38
2003-05-27,18.4,25.0,47,0.00,223,5.16,0.0,8.2,5.3,33
2003-05-28,19.0,25.3,60,0.90,154,3.78,4.0,9.0,4.0,35
2003-05-29,18.3,24.0,56,0.00,259,5.28,0.0,10.2,5.5,33
2003-05-30,19.5,26.9,47,0.00,37,5.10,0.0,7.7,4.1,29
2003-05-31,17.8,26.5,72,6.00,234,2.55,14.0,7.5,4.6,31
2003-06-01,16.4,22.2,60,1.40,241,4.11,2.0,10.2,6.3,34
2003-06-02,15.7,21.9,58,0.60,273,4.32,2.0,11.4,8.0,32
2003-06-03,16.5,22.1,49,0.00,308,5.18,0.0,11.3,6.2,27
2003-06-04,18.0,25.3,44,0.00,329,5.79,0.0,9.0,5.5,26
2003-06-05,20.5,28.0,49,0.00,343,5.91,0.0,8.5,4.8,27
2003-06-06,22.7,28.1,45,0.00,3,5.83,0.0,8.3,4.2,27
2003-06-07,23.1,30.4,42,0.00,155,5.75,0.0,6.5,3.6,27
2003-06-08,23.8,30.3,50,1.00,255,5.83,2.0,9.2,6.8,27
2003-06-09,21.1,24.7,63,1.50,235,4.41,6.0,5.6,3.7,48
2003-06-10,16.5,23.3,84,18.70,275,2.60,20.0,7.6,4.0,54
2003-06-11,17.3,24.1,70,1.00,245,4.34,2.0,7.2,5.4,36
2003-06-12,19.4,25.4,52,0.00,221,5.30,0.0,10.2,5.6,35
2003-06-13,19.0,24.7,65,4.40,209,3.82,7.0,9.2,4.8,39
2003-06-14,16.4,21.9,58,0.10,227,4.29,1.0,11.2,7.2,30
2003-06-15,17.3,22.6,49,0.00,244,4.72,0.0,7.7,5.3,31
2003-06-16,19.2,26.7,54,0.00,280,5.63,0.0,5.1,3.1,30
2003-06-17,22.6,30.9,45,0.00,69,5.92,0.0,7.4,3.8,25
2003-06-18,23.1,30.8,52,0.40,224,4.64,3.0,6.5,4.4,25
2003-06-19,19.2,25.4,57,0.00,246,4.42,0.0,7.1,5.0,37
2003-06-20,15.5,23.7,68,6.90,243,2.50,13.0,8.8,6.4,36
2003-06-21,11.8,17.6,82,9.00,236,2.76,24.0,10.0,6.8,49
2003-06-22,12.8,19.5,74,5.20,234,3.15,15.0,11.3,7.6,45
2003-06-23,14.6,20.6,61,1.30,255,4.14,3.0,8.0,5.3,45
2003-06-24,17.7,24.1,64,0.40,300,4.88,2.0,6.6,3.6,40
2003-06-25,20.0,26.6,57,0.30,265,4.82,1.0,6.5,4.5,32
2003-06-26,21.9,28.4,57,0.00,235,5.40,0.0,8.9,6.0,32
2003-06-27,22.2,27.8,58,0.00,278,5.23,0.0,11.5,6.2,30
2003-06-28,23.2,30.6,52,0.00,219,5.72,0.0,6.2,3.7,30
2003-06-29,24.8,32.8,49,0.00,179,6.37,0.0,13.0,5.7,22
2003-06-30,22.1,31.8,54,0.30,237,5.08,2.0,14.8,8.3,25
2003-07-01,18.0,22.6,49,0.00,245,4.95,0.0,12.3,6.9,30
2003-07-02,16.5,22.5,47,0.00,235,4.87,0.0,9.5,7.0,26
2003-07-03,18.4,24.8,48,0.00,246,4.62,0.0,8.8,5.0,28
2003-07-04,19.9,26.2,50,0.00,241,5.11,0.0,9.8,5.9,26
2003-07-05,19.1,25.0,58,0.50,270,4.44,3.0,11.1,7.9,28
2003-07-06,20.8,26.8,46,0.00,312,5.34,0.0,7.4,3.4,26
2003-07-07,22.6,29.5,48,0.00,177,5.77,0.0,9.8,5.1,27
2003-07-08,21.1,28.9,52,0.00,242,5.04,0.0,13.6,8.3,28
2003-07-09,19.9,26.7,46,0.00,246,5.37,0.0,13.5,5.2,30
2003-07-10,23.4,31.4,45,0.00,40,5.87,0.0,8.2,4.1,25
2003-07-11,26.3,34.3,42,0.00,229,6.21,0.0,6.2,3.9,19
2003-07-12,25.6,33.1,49,1.00,245,5.70,2.0,13.2,6.3,22
2003-07-13,22.7,27.4,46,0.10,240,5.52,1.0,13.2,8.0,34
2003-07-14,19.2,26.2,57,1.40,214,4.51,7.0,12.1,6.3,31
2003-07-15,21.9,28.3,51,0.00,244,5.05,0.0,7.7,4.9,28
2003-07-16,23.3,28.4,51,0.00,260,5.26,0.0,13.3,6.6,31
2003-07-17,20.2,27.7,46,0.00,272,5.86,0.0,14.8,5.7,25
2003-07-18,24.1,33.4,40,0.00,127,6.12,0.0,7.3,3.9,18
2003-07-19,25.5,33.3,40,0.00,254,5.99,0.0,7.8,4.5,17
2003-07-20,26.1,32.7,43,0.00,256,6.26,0.0,11.9,7.0,20
2003-07-21,24.2,33.3,47,0.00,243,6.25,0.0,9.8,5.1,19
2003-07-22,27.3,35.5,40,0.00,241,6.39,0.0,6.4,4.7,17
2003-07-23,27.7,35.5,35,0.00,249,7.02,0.0,11.6,7.2,15
2003-07-24,24.4,32.9,38,0.00,257,6.57,0.0,13.5,7.3,15
2003-07-25,23.7,30.1,40,0.00,308,6.08,0.0,8.0,5.9,19
2003-07-26,25.4,32.7,37,0.00,356,5.67,0.0,5.2,3.2,16
2003-07-27,27.5,34.8,41,0.00,243,6.02,0.0,7.8,4.4,17
2003-07-28,28.4,34.9,38,0.00,293,6.15,0.0,6.1,4.3,16
2003-07-29,28.4,35.4,38,0.00,325,6.47,0.0,8.2,5.3,18
2003-07-30,29.9,36.6,35,0.00,358,6.19,0.0,6.6,3.9,15
2003-07-31,29.4,36.6,39,0.00,244,5.98,0.0,7.0,4.5,14
2003-08-01,28.4,36.4,39,0.00,243,6.57,0.0,12.9,7.4,14
2003-08-02,24.8,32.9,39,0.00,258,5.71,0.0,13.0,5.7,19
2003-08-03,25.6,30.6,45,0.00,218,5.25,0.0,10.8,5.8,25
2003-08-04,22.9,29.5,54,0.00,204,5.18,0.0,11.5,5.8,26
2003-08-05,25.4,32.2,47,0.00,174,5.54,0.0,8.3,5.6,19
2003-08-06,23.9,32.1,55,2.20,234,4.18,2.0,10.4,5.9,19
2003-08-07,23.1,26.7,59,0.10,249,3.98,1.0,8.7,3.6,37
2003-08-08,24.4,30.8,56,0.00,103,4.41,0.0,9.5,3.4,26
2003-08-09,25.1,31.4,59,0.20,284,4.37,1.0,5.6,3.6,26
2003-08-10,24.6,30.6,56,0.00,264,4.44,0.0,5.9,4.5,29
2003-08-11,21.6,25.8,66,3.90,243,4.06,3.0,11.0,4.3,38
2003-08-12,20.8,25.6,54,0.00,235,4.51,0.0,9.3,4.8,32
2003-08-13,22.0,28.5,52,0.00,231,5.00,0.0,9.7,5.1,21
2003-08-14,23.7,30.8,47,0.00,230,5.36,0.0,6.2,4.5,19
2003-08-15,26.3,35.6,38,0.00,53,5.41,0.0,6.6,3.2,14
2003-08-16,25.5,35.6,47,0.10,256,4.89,1.0,11.5,6.4,15
2003-08-17,21.3,29.1,54,0.00,242,5.06,0.0,12.7,5.8,32
2003-08-18,26.0,32.4,50,0.00,220,5.52,0.0,10.7,6.3,25
2003-08-19,23.7,32.0,49,0.00,269,4.64,0.0,9.4,6.2,25
2003-08-20,22.8,29.7,48,0.00,250,5.05,0.0,8.6,5.4,24
2003-08-21,25.2,32.3,45,0.00,185,5.32,0.0,9.0,5.9,18
2003-08-22,25.1,32.1,44,0.00,228,4.43,0.0,11.6,6.3,18
2003-08-23,19.9,27.7,45,0.00,243,4.84,0.0,10.9,8.2,18
2003-08-24,19.4,26.1,41,0.00,240,4.45,0.0,9.2,4.9,18
2003-08-25,22.2,26.9,44,0.00,220,4.05,0.0,8.7,4.9,20
2003-08-26,23.1,27.9,53,0.20,283,4.27,2.0,10.2,5.0,30
2003-08-27,19.3,26.9,58,0.00,285,3.80,0.0,11.5,7.6,34
2003-08-28,19.9,24.2,59,0.00,280,3.34,0.0,9.5,5.1,35
2003-08-29,22.0,29.1,54,0.00,21,4.19,0.0,6.9,3.5,22
2003-08-30,24.7,31.5,50,0.00,147,4.66,0.0,8.3,3.3,20
2003-08-31,24.6,31.0,45,0.00,232,4.84,0.0,7.5,5.5,20
2003-09-01,22.6,30.2,48,0.00,278,4.79,0.0,8.7,6.9,21
2003-09-02,22.5,30.0,46,0.00,327,4.46,0.0,8.4,4.5,20
2003-09-03,25.5,33.6,46,0.00,160,4.71,0.0,10.5,4.1,19
2003-09-04,26.0,33.2,45,0.00,210,4.54,0.0,9.6,5.4,20
2003-09-05,25.5,32.4,45,0.00,207,5.00,0.0,9.8,6.8,20
2003-09-06,25.0,32.2,48,0.00,213,4.64,0.0,9.4,5.5,16
2003-09-07,22.6,31.4,48,0.10,238,3.35,1.0,7.7,5.9,18
2003-09-08,17.4,24.0,64,2.40,244,2.39,14.0,7.8,4.8,30
2003-09-09,16.1,21.1,54,0.10,217,3.12,1.0,6.6,4.2,34
2003-09-10,17.3,20.4,57,0.20,187,2.63,1.0,14.2,8.1,36
2003-09-11,17.0,20.3,64,0.70,220,2.71,4.0,17.6,9.7,41
2003-09-12,14.1,20.1,65,4.10,288,2.90,9.0,16.8,9.1,26
2003-09-13,17.1,23.4,52,0.00,182,3.43,0.0,8.8,4.6,25
2003-09-14,16.1,23.2,65,5.70,165,1.96,12.0,9.6,5.3,27
2003-09-15,13.6,18.6,79,3.20,264,2.29,7.0,5.2,3.3,36
2003-09-16,13.4,18.4,72,7.10,297,1.60,19.0,4.5,2.6,37
2003-09-17,10.5,16.2,73,3.30,275,1.89,7.0,7.1,5.2,37
2003-09-18,13.5,16.3,56,1.20,161,1.93,7.0,12.2,6.4,37
2003-09-19,15.9,19.7,65,0.30,196,2.48,2.0,10.8,6.4,39
2003-09-20,15.5,20.9,61,0.00,257,2.91,0.0,9.7,5.3,32
2003-09-21,15.8,20.7,59,0.00,309,3.01,0.0,8.3,4.6,34
2003-09-22,17.6,23.8,59,0.00,220,3.06,0.0,11.4,6.6,34
2003-09-23,16.3,22.5,61,0.10,276,2.07,1.0,11.0,6.8,40
2003-09-24,15.1,22.4,65,0.00,136,2.58,0.0,8.8,3.0,36
2003-09-25,18.1,24.8,58,0.00,227,3.08,0.0,10.0,7.5,40
2003-09-26,17.9,24.1,64,0.00,275,3.05,0.0,8.2,6.4,30
2003-09-27,18.3,24.3,59,0.00,324,2.94,0.0,6.7,4.5,32
2003-09-28,18.1,24.3,64,0.00,339,2.95,0.0,7.1,4.5,36
2003-09-29,18.7,25.2,64,0.00,348,2.85,0.0,6.1,3.8,33
2003-09-30,19.3,24.7,63,0.00,24,2.85,0.0,5.5,2.7,34
2003-10-01,18.2,24.0,62,0.00,347,2.78,0.0,5.8,4.0,32
2003-10-02,17.8,23.4,65,0.00,332,2.74,0.0,6.4,4.8,35
2003-10-03,17.9,25.3,64,0.00,318,2.64,0.0,6.2,3.0,26
2003-10-04,19.3,25.9,61,0.00,319,2.64,0.0,5.0,2.6,25
2003-10-05,19.7,25.9,61,0.00,173,2.59,0.0,4.6,2.5,30
2003-10-06,19.6,25.2,62,0.00,191,2.63,0.0,10.6,5.6,33
2003-10-07,16.2,23.3,67,7.70,207,2.32,6.0,14.5,8.1,39
2003-10-08,13.4,17.5,65,1.20,172,1.52,4.0,15.3,6.7,41
2003-10-09,10.1,15.3,70,3.00,201,1.87,6.0,12.5,9.2,40
2003-10-10,10.4,14.6,60,0.00,222,1.85,0.0,9.7,6.3,42
2003-10-11,10.2,13.4,73,1.10,161,1.18,6.0,16.2,7.3,50
2003-10-12,7.5,12.1,87,8.60,153,0.94,21.0,12.6,8.0,66
2003-10-13,9.2,13.3,84,5.50,225,1.22,12.0,8.6,5.6,53
2003-10-14,11.0,13.2,72,0.80,5,1.35,3.0,5.1,3.5,53
2003-10-15,8.7,11.5,80,0.50,95,0.88,3.0,6.8,4.0,60
2003-10-16,5.5,8.5,96,17.50,140,0.34,24.0,9.3,7.2,71
2003-10-17,10.0,13.7,98,25.50,163,0.41,24.0,7.9,6.7,96
2003-10-18,12.7,19.1,87,4.10,163,1.59,6.0,9.8,7.7,52
2003-10-19,13.4,17.2,82,2.00,184,1.11,9.0,8.7,6.4,62
2003-10-20,11.8,14.7,94,21.50,160,0.41,14.0,9.0,5.7,82
2003-10-21,14.5,20.6,90,14.70,196,1.15,16.0,9.5,7.1,71
2003-10-22,15.8,20.9,90,0.00,170,1.34,0.0,9.4,4.0,69
2003-10-23,11.2,19.7,74,5.00,231,1.47,6.0,12.3,9.5,39
2003-10-24,7.7,11.6,63,0.00,259,1.24,0.0,6.4,4.5,44
2003-10-25,8.9,14.3,70,0.00,125,1.13,0.0,3.5,1.6,52
2003-10-26,10.2,16.3,87,0.00,210,1.30,0.0,5.8,2.5,63
2003-10-27,13.1,16.2,71,0.00,243,1.30,0.0,7.1,5.8,57
2003-10-28,12.4,15.3,83,5.80,224,0.54,13.0,14.7,7.3,63
2003-10-29,5.4,12.8,77,6.70,329,0.78,14.0,13.3,8.7,48
2003-10-30,2.8,5.8,42,0.00,30,1.66,0.0,14.2,11.2,33
2003-10-31,-0.2,3.7,43,0.00,1,1.40,0.0,13.0,7.7,35
2003-11-01,1.9,4.1,51,1.00,274,0.70,5.0,3.8,2.3,38
2003-11-02,1.1,4.1,72,1.20,26,0.72,8.0,9.0,5.7,47
2003-11-03,2.2,3.9,56,0.00,335,0.94,0.0,10.6,6.4,45
2003-11-04,0.2,2.5,56,0.00,327,0.91,0.0,8.8,4.1,37
2003-11-05,-0.4,2.2,54,0.00,357,0.82,0.0,3.7,2.2,36
2003-11-06,-1.5,1.8,65,0.00,28,0.75,0.0,4.8,2.4,49
2003-11-07,-0.3,3.0,67,0.00,73,0.72,0.0,3.9,2.2,47
2003-11-08,1.2,4.4,71,0.00,63,0.67,0.0,3.6,2.3,49
2003-11-09,2.6,6.3,80,0.00,348,0.78,0.0,5.2,2.8,62
2003-11-10,5.1,7.9,83,1.50,197,0.50,7.0,9.2,6.7,69
2003-11-11,4.3,8.2,89,8.80,225,0.72,19.0,7.7,5.9,68
2003-11-12,4.1,7.2,87,0.20,210,0.67,1.0,6.0,4.8,70
2003-11-13,1.9,5.3,89,0.00,149,0.65,0.0,5.4,3.4,70
2003-11-14,2.2,4.4,87,0.00,176,0.50,0.0,6.6,5.0,72
2003-11-15,2.8,5.9,84,0.50,140,0.46,3.0,7.0,5.3,75
2003-11-16,1.3,4.8,94,5.50,147,0.29,18.0,8.9,6.7,83
2003-11-17,3.5,6.0,88,6.20,197,0.60,17.0,11.9,7.1,66
2003-11-18,3.9,5.9,87,20.10,186,0.31,20.0,8.7,6.6,65
2003-11-19,3.4,4.3,84,31.50,245,0.70,17.0,14.0,8.0,55
2003-11-20,0.8,2.8,77,1.10,229,0.60,5.0,8.4,4.6,56
2003-11-21,-4.9,-0.6,80,1.10,321,0.33,3.0,8.4,7.2,70
2003-11-22,-7.5,-2.7,74,0.00,305,0.38,0.0,6.5,3.8,55
2003-11-23,-4.1,-2.8,77,0.00,151,0.26,0.0,7.9,3.6,58
2003-11-24,-3.2,-0.2,81,1.80,191,0.45,7.0,9.0,6.8,57
2003-11-25,-2.2,2.3,82,5.20,164,0.34,16.0,9.4,7.0,64
2003-11-26,1.6,3.5,83,0.40,206,0.45,4.0,6.9,5.4,69
2003-11-27,1.2,3.8,88,0.00,180,0.34,0.0,7.3,6.0,69
2003-11-28,-0.4,2.3,88,8.40,148,0.27,17.0,10.2,7.3,83
2003-11-29,4.0,5.2,85,4.40,202,0.48,9.0,12.0,6.5,71
2003-11-30,1.6,4.2,84,0.00,297,0.47,0.0,8.4,4.0,64
2003-12-01,-2.3,1.7,87,0.00,6,0.34,0.0,2.9,1.7,67
2003-12-02,-0.2,2.0,89,0.00,152,0.28,0.0,9.1,4.2,77
2003-12-03,0.7,3.0,78,1.90,205,0.51,7.0,10.1,6.5,55
2003-12-04,-2.0,2.8,86,0.00,103,0.24,0.0,6.3,3.8,56
2003-12-05,-1.4,3.2,86,3.50,136,0.33,13.0,6.8,5.7,73
2003-12-06,2.4,3.7,87,6.60,166,0.45,8.0,10.7,7.1,70
2003-12-07,2.0,4.2,91,0.10,158,0.37,1.0,7.6,4.6,74
2003-12-08,1.7,3.7,86,1.90,203,0.39,9.0,5.0,3.9,69
2003-12-09,0.3,3.4,90,0.60,41,0.38,6.0,5.9,2.4,72
2003-12-10,-4.2,0.4,87,0.00,14,0.30,0.0,6.0,4.1,69
2003-12-11,-4.9,-3.0,87,0.00,170,0.24,0.0,5.1,2.2,69
2003-12-12,-3.6,-0.1,88,2.30,144,0.26,13.0,6.6,5.1,81
2003-12-13,-0.1,2.0,89,3.40,160,0.21,12.0,7.9,5.5,78
2003-12-14,0.0,1.4,93,0.80,166,0.23,6.0,7.4,6.2,83
2003-12-15,1.0,1.8,87,0.20,179,0.30,2.0,7.3,6.4,77
2003-12-16,-1.9,0.3,88,3.10,142,0.23,17.0,10.1,6.5,81
2003-12-17,2.1,4.5,84,1.70,185,0.39,6.0,8.2,6.3,72
2003-12-18,-1.0,3.3,92,0.00,166,0.31,0.0,5.5,3.0,76
2003-12-19,-1.0,1.5,91,0.00,191,0.27,0.0,4.1,2.6,76
2003-12-20,1.4,2.5,79,0.00,180,0.34,0.0,7.3,5.8,76
2003-12-21,2.0,4.7,89,1.30,178,0.35,8.0,8.3,6.0,77
2003-12-22,-1.0,4.1,93,0.00,148,0.27,0.0,6.0,4.4,80
2003-12-23,-1.2,1.3,92,0.00,135,0.27,0.0,6.8,5.4,80
2003-12-24,1.8,3.2,89,1.50,129,0.21,8.0,6.6,5.0,83
2003-12-25,2.8,4.7,91,0.30,165,0.36,2.0,8.0,6.5,83
2003-12-26,1.3,3.5,89,0.00,215,0.35,0.0,7.6,5.7,64
2003-12-27,-2.5,1.3,89,0.00,154,0.28,0.0,5.9,4.7,68
2003-12-28,-2.8,-0.1,86,2.90,142,0.31,14.0,6.6,3.7,74
2003-12-29,-3.6,-0.3,83,0.30,327,0.24,1.0,6.6,4.2,69
2003-12-30,-5.7,-3.0,84,0.10,205,0.21,1.0,5.9,3.8,64
2003-12-31,-8.5,-6.3,81,1.30,147,0.22,9.0,6.0,4.8,76
2004-01-01,-6.0,-5.1,85,0.00,90,0.23,0.0,8.0,4.4,77
2004-01-02,-6.5,-4.2,79,0.00,305,0.25,0.0,6.4,5.4,65
2004-01-03,-13.6,-10.4,73,0.00,320,0.22,0.0,9.4,8.1,65
2004-01-04,-19.5,-17.2,76,0.00,323,0.16,0.0,8.0,5.6,64
2004-01-05,-18.2,-15.1,74,0.00,327,0.19,0.0,5.5,4.4,55
2004-01-06,-17.1,-12.9,77,1.70,321,0.11,6.0,5.4,2.7,59
2004-01-07,-10.6,-6.7,79,0.90,150,0.19,3.0,4.6,3.5,71
2004-01-08,-5.3,-0.7,82,1.30,166,0.27,5.0,6.4,4.9,75
2004-01-09,-1.0,3.2,84,1.00,157,0.34,8.0,4.8,2.4,76
2004-01-10,2.1,5.6,87,1.10,186,0.41,5.0,8.0,4.9,77
2004-01-11,1.8,4.6,87,0.60,190,0.35,5.0,7.1,4.0,78
2004-01-12,0.8,4.4,85,0.00,185,0.42,0.0,6.0,2.7,73
2004-01-13,2.2,4.9,85,1.00,173,0.36,5.0,7.6,6.2,76
2004-01-14,1.5,4.2,87,0.00,159,0.32,0.0,6.8,5.6,80
2004-01-15,1.8,3.7,89,0.10,171,0.38,1.0,7.1,6.3,84
2004-01-16,2.7,3.6,85,0.00,205,0.51,0.0,8.3,4.0,77
2004-01-17,0.1,2.4,88,0.00,158,0.44,0.0,6.4,5.2,81
2004-01-18,0.2,2.0,89,0.40,164,0.31,4.0,6.5,5.2,83
2004-01-19,1.8,4.6,88,0.70,176,0.39,4.0,6.7,4.3,76
2004-01-20,1.3,4.3,87,0.00,248,0.50,0.0,3.0,2.1,71
2004-01-21,-1.3,3.3,82,0.00,222,0.46,0.0,4.1,2.5,65
2004-01-22,-1.8,1.3,84,0.30,174,0.26,2.0,7.3,5.9,72
2004-01-23,-0.1,1.7,90,2.40,172,0.31,9.0,6.8,4.8,82
2004-01-24,0.8,2.1,91,5.40,174,0.37,19.0,4.7,3.5,81
2004-01-25,-4.6,1.2,77,1.10,294,0.46,4.0,10.0,6.0,55
2004-01-26,-3.5,-0.8,82,2.90,186,0.28,12.0,6.5,3.0,60
2004-01-27,-6.9,-0.1,76,5.00,324,0.30,13.0,8.7,7.0,67
2004-01-28,-5.2,2.5,77,3.80,252,0.44,19.0,6.0,3.4,65
2004-01-29,2.0,5.0,80,1.40,241,0.39,6.0,5.6,3.4,67
2004-01-30,2.6,3.8,89,24.50,203,0.46,24.0,17.1,6.7,61
2004-01-31,1.8,3.4,75,6.60,249,0.67,20.0,6.3,4.7,49
2004-02-01,-2.7,2.8,75,0.00,350,0.69,0.0,6.6,4.6,54
2004-02-02,-6.5,-1.1,72,0.00,1,0.49,0.0,5.2,3.0,53
2004-02-03,-5.0,0.3,79,0.10,325,0.50,1.0,5.7,2.3,61
2004-02-04,-1.4,2.1,83,3.80,233,0.47,9.0,6.2,4.1,65
2004-02-05,-4.1,2.1,76,0.00,271,0.66,0.0,7.0,4.2,50
2004-02-06,-3.5,-0.0,77,0.60,145,0.49,3.0,6.9,5.9,55
2004-02-07,-0.1,5.2,82,0.00,201,0.60,0.0,7.8,5.4,58
2004-02-08,1.7,6.0,74,0.00,262,0.69,0.0,7.6,5.6,59
2004-02-09,2.9,7.8,75,0.00,264,0.87,0.0,5.4,4.1,57
2004-02-10,0.6,7.3,79,0.00,289,0.84,0.0,5.8,4.0,63
2004-02-11,0.2,5.3,75,0.00,301,0.95,0.0,7.2,3.1,52
2004-02-12,-2.2,3.6,72,0.00,205,0.87,0.0,5.4,2.6,56
2004-02-13,-3.4,2.5,68,0.00,208,0.93,0.0,6.4,4.2,50
2004-02-14,-1.7,1.4,72,1.00,193,0.54,6.0,6.5,5.1,54
2004-02-15,-0.9,3.2,86,0.10,180,0.81,1.0,7.3,5.3,72
2004-02-16,1.1,3.9,84,0.20,138,0.60,1.0,7.4,5.9,72
2004-02-17,2.4,5.7,84,4.10,161,0.84,9.0,9.1,5.9,63
2004-02-18,3.4,6.1,83,2.30,155,0.77,8.0,8.9,5.6,61
2004-02-19,4.9,8.0,78,0.00,212,0.89,0.0,8.6,5.6,62
2004-02-20,4.5,7.7,75,0.00,269,1.19,0.0,4.1,2.9,58
2004-02-21,2.7,7.1,74,0.00,338,1.21,0.0,3.9,2.4,57
2004-02-22,0.9,6.6,74,0.00,336,1.23,0.0,4.4,2.0,50
2004-02-23,2.6,8.5,70,0.00,229,1.22,0.0,3.0,1.5,49
2004-02-24,5.0,8.0,76,0.40,93,1.07,4.0,4.4,2.2,58
2004-02-25,3.8,6.7,83,0.50,134,1.07,2.0,9.4,6.4,55
2004-02-26,5.0,7.3,78,4.20,99,1.08,12.0,8.0,4.8,49
2004-02-27,5.0,8.6,82,0.50,154,1.09,4.0,5.8,3.6,68
2004-02-28,5.0,8.9,79,0.40,237,1.32,4.0,4.5,2.7,55
2004-02-29,3.8,8.1,79,0.20,338,1.37,1.0,4.3,2.1,54
2004-03-01,3.3,7.6,73,0.00,336,1.38,0.0,6.8,3.6,56
2004-03-02,2.1,6.9,72,0.00,288,1.33,0.0,8.0,6.3,48
2004-03-03,1.0,4.8,74,4.60,199,0.73,10.0,8.4,4.4,46
2004-03-04,1.8,4.5,87,5.40,191,1.01,14.0,7.9,5.5,71
2004-03-05,2.5,6.4,77,2.20,190,0.91,8.0,12.6,7.0,62
2004-03-06,0.7,5.6,66,0.20,235,1.56,1.0,13.1,9.8,44
2004-03-07,2.9,5.8,77,0.70,167,0.83,5.0,7.9,6.7,52
2004-03-08,6.8,12.4,82,0.10,186,1.64,1.0,8.0,5.8,64
2004-03-09,7.0,11.5,81,0.40,205,1.42,2.0,9.6,7.7,67
2004-03-10,5.3,10.0,69,0.00,285,1.89,0.0,9.3,6.6,39
2004-03-11,4.6,10.3,65,0.00,338,1.92,0.0,4.7,2.2,44
2004-03-12,6.5,9.7,69,1.70,219,1.61,8.0,10.2,6.9,55
2004-03-13,3.4,8.7,66,0.20,273,2.00,1.0,9.6,5.7,40
2004-03-14,6.3,9.6,63,0.20,196,1.63,2.0,10.8,6.0,44
2004-03-15,5.6,8.3,71,0.00,228,1.38,0.0,12.1,7.6,60
2004-03-16,5.4,9.9,73,0.40,227,1.46,3.0,16.8,8.2,62
2004-03-17,6.5,10.6,76,0.30,242,1.32,2.0,13.0,6.0,69
2004-03-18,7.1,10.5,82,7.00,203,1.36,13.0,17.3,7.7,49
2004-03-19,3.5,7.3,55,0.00,225,2.12,0.0,14.3,9.6,42
2004-03-20,4.4,8.0,56,0.00,253,1.88,0.0,9.8,5.0,39
2004-03-21,6.5,13.7,50,0.00,15,2.15,0.0,7.7,3.4,36
2004-03-22,9.7,17.2,63,0.00,231,2.64,0.0,5.4,3.1,39
2004-03-23,10.1,18.0,71,0.00,257,2.20,0.0,12.0,5.4,39
2004-03-24,6.9,9.5,70,1.80,208,1.43,5.0,13.0,7.1,56
2004-03-25,6.1,9.8,69,0.00,172,1.66,0.0,15.0,7.7,51
2004-03-26,6.2,9.3,76,9.50,150,1.61,14.0,10.5,6.0,50
2004-03-27,5.0,9.6,82,3.80,205,1.86,15.0,9.7,6.5,54
2004-03-28,6.9,10.6,67,0.40,211,2.46,1.0,9.7,5.6,55
2004-03-29,8.5,14.1,62,0.00,151,2.82,0.0,14.0,7.1,43
2004-03-30,10.3,14.4,63,2.00,198,2.07,3.0,11.6,6.3,45
2004-03-31,5.3,9.4,68,1.40,235,1.85,4.0,9.7,5.7,38
2004-04-01,7.2,10.0,54,0.00,319,2.58,0.0,9.3,5.4,39
2004-04-02,6.7,11.7,55,0.00,357,2.87,0.0,7.6,3.9,32
2004-04-03,8.7,13.5,56,0.00,343,2.54,0.0,8.7,4.5,42
2004-04-04,12.0,17.6,60,0.20,220,2.83,2.0,8.3,5.3,38
2004-04-05,11.4,18.3,60,0.00,341,3.01,0.0,5.8,2.5,33
2004-04-06,12.4,19.1,56,0.00,287,3.45,0.0,6.1,3.9,29
2004-04-07,11.8,18.9,58,0.00,277,3.01,0.0,9.6,5.3,29
2004-04-08,10.0,15.3,63,0.40,303,2.75,3.0,11.8,7.6,39
2004-04-09,11.1,17.9,51,0.00,324,3.59,0.0,10.4,4.0,27
2004-04-10,12.0,19.6,50,0.00,118,3.60,0.0,5.1,2.1,27
2004-04-11,14.1,21.7,50,0.00,158,3.79,0.0,7.1,3.2,29
2004-04-12,15.1,22.7,52,0.00,176,3.97,0.0,8.0,5.4,29
2004-04-13,14.4,21.8,68,1.20,266,2.52,3.0,6.8,4.4,34
2004-04-14,10.1,16.8,82,5.80,204,1.71,13.0,8.9,5.7,56
2004-04-15,7.8,14.6,79,1.80,188,2.68,7.0,6.7,3.3,42
2004-04-16,9.5,14.6,64,2.40,220,2.80,6.0,6.8,4.1,39
2004-04-17,9.4,15.0,67,0.80,214,3.10,4.0,5.8,3.5,34
2004-04-18,10.6,15.7,53,0.00,219,3.42,0.0,8.8,4.8,34
2004-04-19,9.9,15.0,62,0.00,176,2.93,0.0,13.3,7.6,38
2004-04-20,8.6,13.7,73,4.70,156,1.65,8.0,9.4,5.3,42
2004-04-21,8.5,15.6,76,1.00,152,2.93,4.0,6.6,3.9,40
2004-04-22,12.9,21.0,51,0.00,236,4.16,0.0,6.8,5.1,27
2004-04-23,13.2,20.8,53,0.80,204,2.75,3.0,18.5,8.7,28
2004-04-24,9.3,15.7,50,0.00,247,3.14,0.0,18.1,6.5,33
2004-04-25,11.8,20.9,56,0.00,216,3.90,0.0,5.4,3.5,34
2004-04-26,15.8,24.9,58,0.00,172,4.62,0.0,9.7,5.4,33
2004-04-27,16.6,24.7,57,2.90,222,3.98,5.0,24.0,11.7,36
2004-04-28,9.9,17.8,64,3.00,322,3.71,6.0,13.3,9.7,27
2004-04-29,13.9,20.7,47,0.00,306,4.36,0.0,6.1,3.0,28
2004-04-30,16.3,24.0,48,0.00,83,4.64,0.0,5.6,2.7,29
2004-05-01,18.5,26.3,49,0.00,155,4.92,0.0,9.3,4.3,30
2004-05-02,18.5,25.6,52,0.00,229,3.72,0.0,14.2,8.3,31
2004-05-03,16.2,21.9,50,0.00,236,4.60,0.0,12.2,7.2,35
2004-05-04,15.9,21.3,59,1.70,244,3.78,3.0,12.2,6.6,36
2004-05-05,12.1,17.6,58,0.00,235,3.81,0.0,10.8,7.3,35
2004-05-06,12.4,19.0,59,1.80,284,3.60,7.0,9.2,3.6,31
2004-05-07,15.4,21.6,51,0.00,181,4.00,0.0,8.7,4.4,32
2004-05-08,16.1,21.4,56,0.20,235,3.81,1.0,11.7,7.8,32
2004-05-09,12.6,18.5,53,0.10,238,3.64,1.0,11.7,8.8,31
2004-05-10,13.5,17.9,51,0.00,245,3.46,0.0,9.8,5.1,35
2004-05-11,10.3,16.3,85,9.70,312,1.46,19.0,8.7,5.8,45
2004-05-12,10.1,16.3,74,0.60,339,3.10,3.0,7.6,3.7,27
2004-05-13,13.1,17.8,44,0.00,21,4.24,0.0,6.5,4.0,26
2004-05-14,14.2,21.0,46,0.00,223,4.67,0.0,7.6,4.9,27
2004-05-15,15.9,20.9,46,0.00,220,4.47,0.0,6.2,4.0,28
2004-05-16,16.2,21.5,56,0.80,314,3.98,1.0,6.8,4.6,33
2004-05-17,16.1,23.1,66,0.70,277,4.40,2.0,6.1,3.3,33
2004-05-18,17.5,25.2,55,0.00,322,5.00,0.0,9.8,4.7,23
2004-05-19,19.9,26.0,47,0.00,268,5.03,0.0,8.4,5.0,23
2004-05-20,17.9,24.9,62,4.00,224,3.90,5.0,8.3,4.3,31
2004-05-21,15.3,19.5,74,5.90,277,3.07,13.0,8.0,3.4,52
2004-05-22,10.8,18.4,92,21.10,267,1.30,23.0,7.0,4.4,57
2004-05-23,11.2,17.7,81,2.50,337,3.22,8.0,6.9,5.1,43
2004-05-24,14.2,20.1,64,1.30,322,4.25,4.0,7.4,4.6,34
2004-05-25,15.9,20.1,49,0.30,204,3.47,1.0,15.2,7.5,33
2004-05-26,13.1,19.7,82,5.80,224,2.83,9.0,8.7,5.8,48
2004-05-27,14.8,19.9,58,0.40,207,3.85,1.0,11.1,7.9,40
2004-05-28,13.6,18.1,74,8.60,204,3.37,20.0,9.7,5.6,40
2004-05-29,11.9,18.0,68,3.50,245,3.71,10.0,11.8,7.3,37
2004-05-30,13.5,17.8,57,1.30,220,4.26,3.0,13.6,8.4,37
2004-05-31,12.9,17.5,59,0.10,235,3.69,1.0,12.6,7.3,40
2004-06-01,14.2,19.1,51,0.00,224,3.75,0.0,9.7,5.8,37
2004-06-02,16.1,20.9,52,0.00,240,3.93,0.0,8.2,3.4,36
2004-06-03,18.6,26.1,51,0.00,71,5.11,0.0,7.3,3.8,32
2004-06-04,21.5,28.8,53,0.00,202,5.47,0.0,7.2,4.6,29
2004-06-05,19.2,28.6,69,4.50,240,2.61,7.0,6.9,5.2,30
2004-06-06,13.7,20.1,77,1.50,207,3.80,2.0,8.2,6.9,41
2004-06-07,16.1,21.4,60,0.40,316,3.33,3.0,7.8,4.8,39
2004-06-08,17.4,24.5,65,0.70,12,4.70,1.0,5.9,4.0,30
2004-06-09,19.0,25.1,52,0.00,148,4.94,0.0,7.9,4.3,29
2004-06-10,16.9,24.4,74,2.70,213,2.47,14.0,11.4,6.5,33
2004-06-11,12.7,17.4,70,3.10,238,2.68,15.0,11.6,8.6,52
2004-06-12,14.5,20.3,56,0.00,223,3.86,0.0,10.8,6.9,34
2004-06-13,16.6,20.7,62,0.80,207,4.61,4.0,13.5,7.8,35
2004-06-14,13.8,19.4,52,0.60,243,4.78,2.0,13.0,8.8,32
2004-06-15,13.5,19.2,55,0.20,306,3.65,1.0,8.9,5.6,33
2004-06-16,17.1,23.8,51,0.00,3,4.98,0.0,10.2,4.7,32
2004-06-17,19.9,25.0,50,0.00,5,5.28,0.0,8.0,4.3,30
2004-06-18,20.6,25.7,45,0.00,63,5.54,0.0,11.2,5.9,21
2004-06-19,21.5,27.7,32,0.00,10,6.30,0.0,10.0,5.5,17
2004-06-20,22.4,30.8,39,0.00,310,6.13,0.0,6.8,4.0,18
2004-06-21,25.3,32.5,42,0.00,246,6.19,0.0,7.8,4.2,22
2004-06-22,25.5,33.3,44,0.10,238,5.82,1.0,6.9,3.9,19
2004-06-23,26.3,34.3,48,0.10,293,5.86,1.0,5.1,2.6,19
2004-06-24,27.3,34.1,44,0.00,340,6.17,0.0,5.9,4.1,19
2004-06-25,26.4,33.2,54,1.40,252,5.44,3.0,7.6,3.5,26
2004-06-26,23.7,29.8,59,2.70,226,4.76,4.0,9.7,4.4,31
2004-06-27,20.8,27.0,73,11.70,163,4.27,17.0,7.5,3.6,40
2004-06-28,21.5,27.8,59,0.00,157,4.95,0.0,8.4,3.7,32
2004-06-29,23.4,30.2,54,0.00,21,5.44,0.0,5.9,4.2,28
2004-06-30,24.7,30.2,52,0.00,183,4.94,0.0,9.5,4.2,28
2004-07-01,23.7,29.7,56,0.00,203,5.34,0.0,5.7,4.1,28
2004-07-02,23.6,28.7,44,0.60,247,5.55,2.0,9.9,6.1,29
2004-07-03,19.9,25.6,64,0.70,266,4.70,2.0,11.6,6.1,41
2004-07-04,20.1,25.4,65,2.40,312,4.73,13.0,7.3,5.0,40
2004-07-05,22.8,29.2,52,0.00,195,5.22,0.0,7.9,4.4,28
2004-07-06,22.0,29.2,53,2.50,213,4.37,5.0,14.4,7.8,28
2004-07-07,16.5,26.0,59,4.70,258,4.22,12.0,14.9,9.1,32
2004-07-08,16.3,22.0,56,0.20,249,4.12,2.0,8.0,6.2,34
2004-07-09,19.3,24.6,55,0.00,51,4.05,0.0,6.1,3.0,30
2004-07-10,18.3,24.9,62,0.10,269,4.04,1.0,7.6,4.7,29
2004-07-11,16.6,22.3,64,1.50,222,3.57,4.0,10.3,7.1,39
2004-07-12,20.4,28.2,53,0.00,228,5.06,0.0,7.8,3.5,29
2004-07-13,23.8,29.2,50,0.20,19,4.75,1.0,5.0,2.5,28
2004-07-14,24.1,31.6,53,0.00,1,5.40,0.0,4.1,2.7,20
2004-07-15,26.6,34.1,41,0.00,23,5.78,0.0,9.4,4.1,19
2004-07-16,25.5,33.0,52,0.00,242,5.47,0.0,7.8,5.6,21
2004-07-17,26.7,35.2,46,0.00,238,6.29,0.0,7.9,4.9,21
2004-07-18,28.8,35.2,38,0.00,240,6.28,0.0,9.8,5.5,21
2004-07-19,25.4,32.5,63,3.70,190,4.23,9.0,9.8,5.6,29
2004-07-20,22.6,27.9,53,0.40,235,5.23,2.0,11.0,7.7,35
2004-07-21,21.0,27.1,53,0.30,285,4.99,1.0,11.9,6.2,29
2004-07-22,23.5,29.4,49,0.00,15,5.40,0.0,7.2,4.5,28
2004-07-23,25.8,33.0,45,0.00,25,5.94,0.0,7.4,3.9,23
2004-07-24,28.5,34.8,39,0.00,138,6.16,0.0,7.7,4.5,18
2004-07-25,28.2,34.6,40,0.00,230,6.60,0.0,11.8,7.0,18
2004-07-26,23.9,32.8,46,0.00,285,6.28,0.0,12.6,8.5,20
2004-07-27,24.0,29.9,37,0.00,319,6.30,0.0,11.1,6.8,20
2004-07-28,25.4,32.2,38,0.00,319,5.96,0.0,7.4,4.4,21
2004-07-29,26.9,33.7,43,0.00,249,5.52,0.0,6.2,4.1,21
2004-07-30,26.6,33.6,45,0.00,255,5.97,0.0,8.7,6.6,22
2004-07-31,25.8,32.4,49,0.20,268,5.62,1.0,7.1,4.9,24
2004-08-01,26.9,33.0,47,0.00,269,5.56,0.0,7.7,4.3,23
2004-08-02,27.7,33.5,41,0.00,237,6.06,0.0,9.3,5.4,17
2004-08-03,24.5,33.3,44,0.70,240,5.17,3.0,9.1,5.8,17
2004-08-04,23.9,28.0,54,0.60,200,4.43,3.0,10.9,5.3,36
2004-08-05,19.9,25.8,78,9.00,246,2.19,10.0,7.9,3.9,45
2004-08-06,19.1,22.3,73,1.10,134,2.82,3.0,9.7,4.6,48
2004-08-07,16.3,21.0,85,10.50,201,2.11,15.0,6.4,4.4,55
2004-08-08,20.4,24.6,67,0.10,16,3.65,1.0,5.9,3.6,40
2004-08-09,21.9,27.9,61,0.00,16,4.85,0.0,6.8,4.1,32
2004-08-10,24.2,31.3,55,0.00,52,5.16,0.0,5.7,2.5,27
2004-08-11,26.0,33.3,53,0.00,161,5.17,0.0,5.8,3.6,23
2004-08-12,27.4,34.9,49,0.00,193,5.55,0.0,6.0,4.1,22
2004-08-13,28.2,35.7,47,0.00,228,5.43,0.0,6.0,3.9,20
2004-08-14,28.9,36.4,47,0.00,262,5.17,0.0,5.8,3.7,15
2004-08-15,29.6,35.6,43,0.10,211,4.81,1.0,8.6,4.6,16
2004-08-16,28.4,35.2,49,0.00,346,5.09,0.0,7.2,3.7,22
2004-08-17,27.9,34.4,49,0.00,256,4.78,0.0,6.8,5.1,21
2004-08-18,26.0,31.6,57,0.10,261,4.59,1.0,6.8,4.6,31
2004-08-19,26.8,32.8,56,0.60,238,4.58,2.0,6.0,3.9,25
2004-08-20,27.8,33.0,50,0.00,230,4.41,0.0,10.5,5.5,23
2004-08-21,23.9,29.8,53,0.40,240,3.77,1.0,9.2,5.0,25
2004-08-22,18.8,23.7,88,20.80,201,1.85,23.0,7.2,4.3,63
2004-08-23,17.5,20.6,73,1.00,264,2.02,6.0,6.9,4.7,60
2004-08-24,17.8,20.6,63,1.80,217,2.64,5.0,7.5,5.0,55
2004-08-25,15.5,18.8,91,17.70,168,1.71,24.0,6.6,4.7,75
2004-08-26,17.2,21.7,78,6.00,208,2.92,10.0,5.5,3.6,56
2004-08-27,18.5,22.5,75,6.40,211,2.82,9.0,12.1,5.4,45
2004-08-28,17.4,21.2,71,2.40,225,2.45,7.0,10.9,5.9,53
2004-08-29,19.5,25.1,70,0.20,196,2.60,2.0,12.8,6.1,44
2004-08-30,21.5,26.4,59,0.00,235,3.56,0.0,8.7,5.8,40
2004-08-31,21.6,28.4,68,0.00,202,3.68,0.0,9.8,5.0,29
2004-09-01,20.6,28.1,63,2.20,251,2.82,4.0,11.1,5.5,32
2004-09-02,13.1,19.3,67,5.10,240,2.01,12.0,11.5,8.5,36
2004-09-03,14.1,21.4,81,1.70,267,2.12,3.0,7.4,5.5,45
2004-09-04,17.2,21.1,65,0.00,233,2.54,0.0,14.8,7.5,48
2004-09-05,15.3,20.1,68,0.40,250,2.86,3.0,10.0,5.3,45
2004-09-06,16.8,21.4,70,0.10,49,2.88,1.0,4.6,2.6,44
2004-09-07,17.5,20.6,70,4.60,89,2.52,9.0,5.9,2.6,50
2004-09-08,18.6,23.2,73,0.00,176,2.96,0.0,10.8,5.8,47
2004-09-09,17.4,21.0,74,2.10,212,2.83,2.0,11.8,7.0,41
2004-09-10,16.4,21.3,59,0.30,209,3.18,1.0,10.5,5.6,39
2004-09-11,15.8,20.4,77,12.70,179,2.51,18.0,14.0,7.8,45
2004-09-12,15.0,19.2,62,0.10,244,2.60,1.0,13.0,5.4,47
2004-09-13,15.2,17.5,71,0.00,169,2.12,0.0,11.3,4.5,50
2004-09-14,13.2,17.6,80,5.40,218,2.15,15.0,10.1,6.5,57
2004-09-15,11.9,17.1,74,10.20,201,1.22,15.0,10.5,4.4,49
2004-09-16,12.8,17.1,86,4.60,182,1.72,18.0,8.0,4.4,63
2004-09-17,12.2,16.1,86,17.00,158,2.04,24.0,8.0,6.4,66
2004-09-18,10.4,14.7,89,21.70,139,1.09,23.0,6.8,3.9,74
2004-09-19,9.8,13.1,85,3.60,337,1.52,17.0,6.2,3.7,57
2004-09-20,12.4,15.5,61,0.00,307,2.29,0.0,9.2,5.5,40
2004-09-21,13.2,19.6,61,0.00,205,2.58,0.0,10.5,5.9,41
2004-09-22,15.1,19.3,71,0.50,216,2.08,5.0,9.6,5.0,54
2004-09-23,16.3,19.3,78,0.00,200,1.86,0.0,7.8,5.2,53
2004-09-24,16.2,21.8,78,0.00,145,2.63,0.0,7.8,3.3,53
2004-09-25,16.9,22.9,77,0.00,175,2.75,0.0,6.9,4.8,51
2004-09-26,17.6,22.4,75,0.00,338,2.74,0.0,7.1,4.7,52
2004-09-27,16.9,22.9,75,0.00,340,2.71,0.0,5.5,3.1,51
2004-09-28,17.9,22.3,77,0.00,345,2.69,0.0,5.9,3.5,50
2004-09-29,16.4,21.4,72,0.20,326,2.34,2.0,8.1,5.4,45
2004-09-30,14.2,18.4,60,0.00,319,2.52,0.0,11.2,6.9,40
2004-10-01,13.4,17.6,65,0.00,320,2.41,0.0,9.0,4.3,41
2004-10-02,13.0,18.6,73,0.00,348,2.32,0.0,4.4,2.6,45
2004-10-03,14.5,20.4,77,0.00,52,2.37,0.0,4.1,2.0,45
2004-10-04,16.1,21.3,74,0.00,168,2.44,0.0,6.9,4.2,45
2004-10-05,15.5,21.8,73,0.00,174,2.53,0.0,12.7,7.0,41
2004-10-06,16.9,20.5,64,0.80,204,2.27,4.0,15.3,8.9,42
2004-10-07,12.7,18.1,60,0.00,211,2.41,0.0,11.6,7.0,39
2004-10-08,13.7,19.3,63,0.00,143,2.14,0.0,16.3,8.4,44
2004-10-09,12.2,18.4,79,7.30,228,1.62,15.0,12.2,7.4,49
2004-10-10,12.1,16.4,75,0.30,185,1.49,2.0,10.1,6.3,53
2004-10-11,13.0,17.8,75,0.00,182,1.53,0.0,12.1,7.2,53
2004-10-12,12.7,17.6,77,0.00,276,1.72,0.0,7.2,5.1,54
2004-10-13,13.9,20.8,78,0.00,295,1.87,0.0,6.4,2.6,57
2004-10-14,16.5,22.9,76,0.00,242,1.72,0.0,6.6,5.0,51
2004-10-15,14.5,20.6,78,0.70,264,1.23,2.0,7.6,5.9,58
2004-10-16,11.7,15.5,84,7.10,280,0.84,19.0,7.7,5.9,61
2004-10-17,7.0,11.0,86,7.40,29,0.47,12.0,8.3,5.9,59
2004-10-18,7.0,9.9,95,16.40,162,1.04,22.0,8.7,5.6,80
2004-10-19,6.6,10.9,88,2.60,91,0.71,12.0,7.8,5.8,69
2004-10-20,7.4,10.6,87,0.70,349,0.76,7.0,5.7,4.2,72
2004-10-21,6.3,10.0,78,3.10,315,1.07,8.0,9.1,5.5,41
2004-10-22,6.3,9.5,77,5.40,155,0.59,15.0,10.5,6.3,42
2004-10-23,4.4,9.4,73,2.10,222,1.20,6.0,10.3,8.3,41
2004-10-24,7.0,9.6,52,0.00,227,1.37,0.0,8.9,6.4,38
2004-10-25,5.5,9.2,65,0.00,151,1.22,0.0,16.5,8.2,47
2004-10-26,6.5,10.4,68,0.00,82,1.26,0.0,10.7,5.3,50
2004-10-27,5.9,9.4,69,0.00,9,1.16,0.0,6.0,3.8,54
2004-10-28,5.3,7.6,81,0.80,344,0.66,5.0,4.3,3.3,62
2004-10-29,6.2,8.6,78,0.50,207,0.66,3.0,10.1,4.4,66
2004-10-30,4.5,9.5,87,4.20,188,0.71,16.0,12.1,8.5,57
2004-10-31,4.6,8.4,69,0.80,241,1.06,4.0,8.0,6.1,41
2004-11-01,4.3,7.2,60,3.20,164,0.64,9.0,11.8,7.1,49
2004-11-02,3.0,4.7,90,15.00,155,0.44,21.0,9.3,6.6,76
2004-11-03,5.6,8.8,74,0.30,260,0.97,2.0,7.8,5.3,48
2004-11-04,5.5,8.5,75,0.00,163,0.83,0.0,7.6,4.3,53
2004-11-05,2.2,4.7,78,0.00,162,0.46,0.0,9.0,7.1,73
2004-11-06,5.9,7.9,82,8.80,192,0.33,12.0,7.9,3.8,63
2004-11-07,6.2,8.3,92,11.10,143,0.34,16.0,6.9,3.8,83
2004-11-08,6.3,10.6,90,0.00,169,0.65,0.0,6.2,5.1,76
2004-11-09,7.4,9.6,89,0.30,284,0.46,3.0,5.8,4.3,80
2004-11-10,5.9,8.8,89,0.00,351,0.57,0.0,6.9,5.3,75
2004-11-11,3.3,6.3,82,0.00,346,0.69,0.0,6.1,5.2,63
2004-11-12,4.1,7.7,73,0.00,13,0.78,0.0,5.1,2.8,55
2004-11-13,5.3,7.9,78,0.00,166,0.60,0.0,5.2,4.0,65
2004-11-14,3.6,7.0,84,0.00,143,0.42,0.0,10.1,6.6,72
2004-11-15,3.7,7.6,93,2.50,150,0.43,15.0,9.7,8.0,81
2004-11-16,5.8,8.4,91,0.40,181,0.57,2.0,10.2,6.5,72
2004-11-17,4.6,8.1,78,0.70,186,0.75,4.0,10.2,6.8,62
2004-11-18,3.7,7.5,84,2.40,158,0.57,8.0,9.7,6.4,73
2004-11-19,4.1,6.9,78,3.20,275,0.64,11.0,7.9,5.9,48
2004-11-20,5.1,6.8,55,0.00,334,0.73,0.0,6.2,3.4,45
2004-11-21,4.7,6.9,73,0.00,158,0.54,0.0,8.0,3.3,63
2004-11-22,4.3,5.9,81,2.80,230,0.51,8.0,7.3,4.4,67
2004-11-23,5.1,6.7,75,0.10,87,0.40,1.0,6.0,2.7,60
2004-11-24,3.1,5.7,96,15.80,162,0.19,24.0,6.5,5.0,85
2004-11-25,7.1,8.2,89,8.10,228,0.39,22.0,6.5,4.8,85
2004-11-26,3.3,5.8,72,1.50,230,0.57,7.0,9.3,6.6,61
2004-11-27,2.9,4.4,77,4.80,296,0.51,15.0,10.9,5.5,64
2004-11-28,3.6,6.6,55,0.00,309,0.73,0.0,9.0,5.5,49
2004-11-29,2.4,6.2,74,0.00,156,0.34,0.0,8.9,4.2,54
2004-11-30,1.2,4.8,74,0.70,196,0.44,5.0,7.1,4.7,54
2004-12-01,4.2,6.6,65,0.00,237,0.53,0.0,4.9,4.1,55
2004-12-02,3.9,6.3,71,0.00,228,0.43,0.0,7.8,5.3,61
2004-12-03,2.9,5.0,75,0.00,194,0.41,0.0,11.0,7.2,63
2004-12-04,2.6,3.8,87,5.00,160,0.29,19.0,10.1,6.6,76
2004-12-05,1.6,2.7,85,5.10,184,0.46,19.0,12.5,7.6,58
2004-12-06,2.1,3.0,54,1.20,195,0.63,7.0,8.4,5.5,41
2004-12-07,1.3,2.4,74,1.10,130,0.34,7.0,7.3,4.1,71
2004-12-08,0.8,3.4,89,6.70,114,0.29,21.0,7.9,5.9,82
2004-12-09,4.0,6.8,85,0.20,189,0.38,1.0,9.0,7.2,71
2004-12-10,3.2,6.2,90,11.00,142,0.23,17.0,7.2,5.5,76
2004-12-11,4.1,6.9,81,5.90,237,0.51,12.0,11.2,8.5,52
2004-12-12,2.1,3.7,48,0.00,345,0.76,0.0,8.2,5.7,40
2004-12-13,0.4,2.2,66,0.40,64,0.31,1.0,6.3,3.7,55
2004-12-14,1.6,3.3,83,2.50,149,0.21,9.0,6.9,5.4,74
2004-12-15,5.3,7.7,89,2.30,195,0.37,8.0,5.9,3.7,86
2004-12-16,3.1,6.7,92,0.20,157,0.26,2.0,7.4,5.4,86
2004-12-17,3.3,6.2,89,0.90,194,0.42,4.0,5.8,3.2,83
2004-12-18,3.2,5.1,92,0.80,164,0.24,4.0,4.5,3.3,87
2004-12-19,2.9,6.4,89,0.60,185,0.40,3.0,16.6,8.3,61
2004-12-20,2.5,5.2,70,0.00,259,0.62,0.0,15.1,8.8,53
2004-12-21,3.9,5.7,62,0.50,269,0.58,4.0,12.2,6.7,46
2004-12-22,3.6,4.9,59,0.00,327,0.59,0.0,10.3,6.4,51
2004-12-23,1.4,3.7,66,0.00,10,0.35,0.0,6.5,2.6,54
2004-12-24,2.1,3.6,82,0.00,169,0.27,0.0,4.6,3.1,70
2004-12-25,2.0,3.9,84,5.30,137,0.19,12.0,6.3,4.4,71
2004-12-26,2.1,3.8,90,8.00,82,0.26,21.0,5.2,4.2,82
2004-12-27,0.6,3.1,82,0.10,355,0.38,1.0,6.9,4.9,66
2004-12-28,1.6,4.3,82,0.00,154,0.41,0.0,5.7,3.0,61
2004-12-29,1.6,3.4,85,1.90,75,0.24,9.0,5.4,2.4,68
2004-12-30,3.1,3.7,88,2.30,55,0.23,12.0,3.9,2.2,80
2004-12-31,-1.4,2.5,86,6.60,346,0.27,19.0,7.0,6.1,75
2005-01-01,-5.4,-2.9,79,0.00,351,0.26,0.0,8.0,6.8,69
2005-01-02,-8.1,-5.6,64,0.00,336,0.38,0.0,7.8,6.1,52
2005-01-03,-7.3,-5.3,67,0.00,354,0.35,0.0,6.2,4.9,52
2005-01-04,-8.1,-5.6,65,0.00,343,0.36,0.0,6.9,5.4,49
2005-01-05,-6.7,-2.6,62,0.00,335,0.38,0.0,6.0,3.8,49
2005-01-06,-6.0,-2.6,76,1.60,160,0.21,5.0,6.9,4.6,53
2005-01-07,-5.5,-3.4,78,6.50,47,0.26,20.0,10.2,7.1,70
2005-01-08,-5.7,-3.9,80,4.90,3,0.27,18.0,9.3,7.7,72
2005-01-09,-8.9,-4.9,74,0.00,340,0.27,0.0,7.2,5.8,57
2005-01-10,-9.1,-5.4,76,0.00,331,0.32,0.0,6.6,4.2,59
2005-01-11,-6.8,-3.7,81,0.00,256,0.36,0.0,7.6,3.0,55
2005-01-12,-3.7,-0.8,68,3.50,253,0.41,11.0,9.0,7.2,58
2005-01-13,-11.4,-7.9,65,0.00,314,0.33,0.0,7.6,6.2,45
2005-01-14,-14.5,-11.7,65,0.00,335,0.30,0.0,6.8,5.4,36
2005-01-15,-13.4,-8.7,56,0.00,350,0.34,0.0,6.2,4.5,36
2005-01-16,-8.1,-4.6,63,2.30,124,0.23,13.0,5.0,3.1,37
2005-01-17,-5.1,-2.3,80,1.90,154,0.22,7.0,7.1,4.8,70
2005-01-18,0.1,3.2,84,6.90,157,0.22,16.0,6.6,5.3,78
2005-01-19,5.4,8.8,91,7.80,165,0.47,24.0,8.0,6.9,87
2005-01-20,7.2,10.1,90,7.90,198,0.32,20.0,6.9,5.6,87
2005-01-21,7.0,9.3,90,0.50,207,0.47,4.0,8.0,3.5,86
2005-01-22,4.6,8.5,93,2.50,162,0.26,16.0,7.0,5.4,87
2005-01-23,4.6,7.1,93,0.30,176,0.30,2.0,8.0,6.8,90
2005-01-24,4.0,8.5,96,0.00,185,0.41,0.0,7.9,6.6,86
2005-01-25,4.4,8.5,88,0.00,198,0.67,0.0,7.2,3.7,77
2005-01-26,3.2,8.0,87,0.00,224,0.58,0.0,3.5,1.7,70
2005-01-27,5.5,9.5,84,2.20,191,0.67,7.0,6.4,4.8,71
2005-01-28,4.7,8.7,86,0.00,154,0.57,0.0,6.0,4.1,72
2005-01-29,4.7,6.7,85,0.50,180,0.54,3.0,8.9,4.9,78
2005-01-30,4.8,7.6,85,0.00,200,0.62,0.0,8.2,6.3,78
2005-01-31,3.5,6.8,90,1.20,173,0.61,8.0,11.7,7.4,74
2005-02-01,4.7,7.8,72,0.00,198,0.90,0.0,9.9,7.3,63
2005-02-02,4.9,9.5,79,0.10,180,0.83,1.0,10.0,8.1,68
2005-02-03,6.6,10.0,76,0.00,187,0.94,0.0,9.5,8.6,66
2005-02-04,7.0,10.1,80,4.90,196,0.48,10.0,8.0,5.6,64
2005-02-05,2.2,5.5,82,4.70,251,0.74,20.0,8.9,7.2,68
2005-02-06,2.6,3.7,53,0.30,87,0.61,2.0,7.9,3.8,46
2005-02-07,0.6,4.3,65,0.50,343,0.77,4.0,5.8,4.4,41
2005-02-08,-0.3,3.3,59,0.00,335,0.94,0.0,6.1,4.1,48
2005-02-09,0.2,4.6,61,0.10,171,0.62,1.0,5.0,2.7,50
2005-02-10,0.6,4.4,71,0.00,180,0.73,0.0,7.4,3.4,58
2005-02-11,1.9,6.5,65,0.00,160,1.10,0.0,8.6,6.1,50
2005-02-12,4.4,7.1,55,0.00,179,1.09,0.0,7.6,5.7,47
2005-02-13,3.8,6.0,69,0.50,214,0.87,4.0,10.9,7.6,55
2005-02-14,2.4,4.5,48,1.00,293,1.18,4.0,13.1,6.5,37
2005-02-15,-0.0,2.3,47,0.00,318,1.19,0.0,10.7,5.2,32
2005-02-16,-2.2,4.8,51,0.00,334,1.12,0.0,6.1,2.8,28
2005-02-17,-1.3,4.4,51,0.00,344,1.11,0.0,5.2,3.6,31
2005-02-18,-0.7,6.1,52,0.00,337,1.13,0.0,6.1,3.2,37
2005-02-19,-0.1,6.3,57,0.60,332,0.82,5.0,7.8,4.9,35
2005-02-20,-0.3,5.4,66,0.00,328,1.17,0.0,7.2,3.7,34
2005-02-21,-0.9,5.8,54,0.00,327,1.28,0.0,3.8,2.5,33
2005-02-22,-0.5,7.6,51,0.00,346,1.30,0.0,5.1,2.3,26
2005-02-23,1.7,9.0,44,0.00,335,1.46,0.0,5.2,2.8,23
2005-02-24,3.1,9.7,47,0.00,216,1.53,0.0,5.8,2.8,26
2005-02-25,5.7,12.7,46,0.00,201,1.71,0.0,5.0,3.4,30
2005-02-26,4.9,12.3,61,0.00,336,1.66,0.0,5.6,3.0,34
2005-02-27,6.0,13.1,54,0.00,352,1.77,0.0,5.3,2.5,29
2005-02-28,6.6,12.6,50,0.00,48,1.60,0.0,4.3,2.1,28
2005-03-01,5.2,9.0,78,0.80,168,1.26,2.0,10.2,7.4,57
2005-03-02,6.8,10.4,76,0.00,172,1.49,0.0,7.6,4.8,59
2005-03-03,7.1,12.9,74,0.00,210,1.52,0.0,8.4,4.4,47
2005-03-04,7.0,12.0,73,0.00,185,1.65,0.0,8.7,5.1,52
2005-03-05,8.4,13.8,69,0.00,213,1.68,0.0,11.2,7.0,49
2005-03-06,9.4,14.6,64,0.00,240,1.84,0.0,9.5,6.2,39
2005-03-07,10.0,14.2,63,0.00,239,1.78,0.0,13.9,5.9,45
2005-03-08,8.6,14.9,68,0.00,236,1.64,0.0,10.2,5.9,50
2005-03-09,10.6,15.2,73,1.00,232,1.71,4.0,7.6,5.8,42
2005-03-10,8.6,16.5,62,0.00,232,2.25,0.0,5.2,3.4,39
2005-03-11,9.6,15.9,69,0.40,231,1.64,2.0,11.3,6.3,52
2005-03-12,5.8,11.7,72,0.40,300,1.89,2.0,13.6,8.8,34
2005-03-13,7.5,12.2,50,0.00,301,2.56,0.0,13.8,8.7,36
2005-03-14,7.8,13.4,47,0.00,288,2.40,0.0,7.6,5.0,32
2005-03-15,8.1,13.0,55,0.00,231,1.95,0.0,8.4,4.3,37
2005-03-16,7.1,12.0,65,3.20,209,1.35,7.0,10.2,6.6,48
2005-03-17,3.1,7.3,70,7.30,308,1.78,7.0,12.2,7.4,35
2005-03-18,5.4,8.7,48,0.00,103,1.93,0.0,5.8,3.4,29
2005-03-19,4.8,8.9,64,7.70,108,1.43,13.0,16.2,7.8,31
2005-03-20,3.6,8.8,86,6.50,127,1.20,15.0,15.8,7.4,70
2005-03-21,5.1,7.4,76,5.10,186,1.72,5.0,11.2,7.8,51
2005-03-22,4.5,7.6,57,0.00,355,1.86,0.0,10.1,5.4,31
2005-03-23,4.0,6.5,55,0.00,355,2.08,0.0,10.3,7.8,43
2005-03-24,5.6,8.0,50,0.00,28,1.72,0.0,6.2,3.9,36
2005-03-25,6.2,9.6,59,0.00,173,1.79,0.0,6.3,4.3,44
2005-03-26,4.8,9.7,70,4.90,156,1.16,11.0,16.6,9.3,47
2005-03-27,4.8,8.4,88,7.70,156,1.16,16.0,12.3,5.2,75
2005-03-28,5.7,9.6,84,3.20,197,1.82,13.0,10.0,6.4,59
2005-03-29,4.5,8.1,79,2.60,165,1.41,9.0,8.0,5.5,59
2005-03-30,4.8,7.3,74,2.60,255,2.04,13.0,10.2,7.0,57
2005-03-31,7.3,10.9,45,0.00,171,2.39,0.0,14.5,7.4,36
2005-04-01,6.0,10.5,78,4.80,178,1.86,15.0,16.8,9.2,41
2005-04-02,6.2,11.8,52,0.00,216,2.47,0.0,16.2,8.7,32
2005-04-03,7.7,12.4,60,0.00,145,2.19,0.0,16.5,8.7,36
2005-04-04,7.9,12.6,69,2.60,212,2.48,7.0,13.4,6.6,27
2005-04-05,8.1,12.9,41,0.00,189,2.94,0.0,16.8,7.8,27
2005-04-06,9.1,17.0,64,0.00,147,2.52,0.0,16.5,8.2,46
2005-04-07,12.1,18.7,68,1.00,143,2.40,3.0,14.1,5.8,47
2005-04-08,8.2,14.8,71,6.70,223,2.59,7.0,12.7,6.6,28
2005-04-09,9.5,14.9,43,0.00,278,3.25,0.0,8.9,6.1,23
2005-04-10,9.0,14.6,47,0.00,212,3.19,0.0,9.4,6.1,25
2005-04-11,7.6,13.4,76,5.20,161,1.79,14.0,8.4,6.3,39
2005-04-12,6.4,11.7,74,4.00,150,2.63,13.0,8.4,4.6,39
2005-04-13,6.4,11.9,73,4.80,148,2.72,11.0,9.4,4.9,33
2005-04-14,7.8,12.3,52,0.60,247,2.85,1.0,9.7,5.4,30
2005-04-15,7.7,11.6,46,0.00,183,2.67,0.0,15.5,8.0,30
2005-04-16,6.1,10.5,89,6.10,143,1.08,14.0,10.5,6.8,56
2005-04-17,7.7,13.4,76,3.30,240,2.68,4.0,7.9,3.6,41
2005-04-18,9.4,15.7,64,0.70,306,3.20,1.0,10.8,5.6,38
2005-04-19,10.9,18.3,52,0.00,326,3.98,0.0,10.1,5.6,29
2005-04-20,12.5,22.3,52,0.00,336,4.32,0.0,9.0,5.4,29
2005-04-21,17.3,23.8,46,0.00,357,4.34,0.0,6.6,3.6,26
2005-04-22,17.4,23.6,49,0.00,190,4.32,0.0,6.2,3.8,29
2005-04-23,17.5,23.2,48,0.00,100,3.92,0.0,7.0,4.4,30
2005-04-24,17.7,23.4,50,0.20,77,3.91,1.0,7.6,3.9,31
2005-04-25,18.2,25.5,48,0.00,345,4.52,0.0,5.6,3.1,27
2005-04-26,18.7,26.3,51,0.00,309,4.64,0.0,6.1,3.5,28
2005-04-27,15.9,25.7,43,0.00,345,4.77,0.0,12.3,9.3,23
2005-04-28,12.7,17.8,33,0.00,355,4.52,0.0,11.3,8.3,21
2005-04-29,11.3,15.8,32,0.00,1,4.39,0.0,9.6,6.6,19
2005-04-30,11.2,16.9,41,0.00,11,3.81,0.0,9.0,3.0,20
2005-05-01,13.2,18.8,49,0.00,135,3.68,0.0,5.8,3.6,26
2005-05-02,15.2,21.1,50,0.00,136,3.92,0.0,7.5,3.2,29
2005-05-03,15.0,20.4,61,0.40,246,3.66,3.0,6.8,4.8,31
2005-05-04,14.2,19.5,71,0.50,204,2.74,3.0,7.2,2.7,42
2005-05-05,13.6,20.6,79,1.00,189,3.31,6.0,5.1,2.7,47
2005-05-06,15.7,23.4,61,0.00,255,4.65,0.0,12.0,4.4,23
2005-05-07,15.4,22.8,54,0.00,317,4.65,0.0,12.4,6.3,25
2005-05-08,15.9,20.6,49,0.70,89,3.13,1.0,7.2,3.5,27
2005-05-09,12.7,18.7,82,1.40,38,2.09,7.0,6.6,4.2,54
2005-05-10,16.7,21.5,60,0.80,50,3.69,3.0,7.9,3.8,41
2005-05-11,16.6,22.6,64,0.20,196,4.11,2.0,7.3,3.3,36
2005-05-12,17.7,24.2,55,0.00,311,4.29,0.0,5.1,3.0,34
2005-05-13,19.0,24.2,52,0.00,223,4.50,0.0,8.9,5.6,33
2005-05-14,18.7,23.9,59,0.80,180,3.49,4.0,8.4,4.7,34
2005-05-15,18.0,22.5,73,4.10,148,3.12,5.0,8.0,5.3,45
2005-05-16,14.7,19.2,76,15.10,222,3.25,10.0,7.1,4.8,40
2005-05-17,13.4,18.6,55,0.00,231,3.94,0.0,9.3,6.8,32
2005-05-18,12.9,18.5,59,2.50,142,2.84,5.0,10.5,7.4,33
2005-05-19,12.0,18.2,80,7.50,173,3.45,19.0,13.2,7.0,42
2005-05-20,12.4,16.5,68,2.60,184,3.33,7.0,10.0,4.7,45
2005-05-21,12.7,18.7,65,1.60,191,4.06,3.0,12.0,7.5,34
2005-05-22,13.0,17.6,58,0.50,183,4.07,4.0,13.5,9.5,35
2005-05-23,12.3,17.8,54,0.60,228,4.19,3.0,11.2,6.1,40
2005-05-24,13.5,19.8,62,0.80,289,4.17,2.0,6.9,4.7,35
2005-05-25,15.6,22.7,53,0.00,330,5.11,0.0,7.2,4.3,26
2005-05-26,18.9,26.3,40,0.00,46,5.53,0.0,6.7,3.0,24
2005-05-27,21.7,28.9,46,0.00,112,5.61,0.0,4.2,2.2,22
2005-05-28,23.4,30.8,40,0.00,30,5.95,0.0,5.6,3.0,21
2005-05-29,25.0,31.8,38,0.00,15,5.96,0.0,9.3,3.2,19
2005-05-30,23.1,31.7,54,0.30,240,5.15,1.0,9.0,5.7,19
2005-05-31,16.9,25.7,76,4.30,232,2.50,9.0,9.0,6.6,45
2005-06-01,13.5,18.0,71,3.80,249,2.27,13.0,8.4,5.9,47
2005-06-02,14.7,20.0,77,0.70,277,1.84,3.0,8.6,4.9,54
2005-06-03,16.2,22.0,66,0.10,262,3.93,1.0,8.1,6.1,45
2005-06-04,15.9,22.1,54,0.00,236,4.88,0.0,8.1,5.6,32
2005-06-05,17.6,22.5,54,1.60,192,3.46,4.0,11.3,5.4,32
2005-06-06,12.4,18.7,80,4.60,180,3.65,13.0,7.2,3.3,39
2005-06-07,13.8,18.6,70,5.90,311,1.73,9.0,7.0,4.0,38
2005-06-08,11.5,16.7,89,7.20,228,2.04,18.0,5.4,4.6,57
2005-06-09,15.9,22.8,68,0.00,201,4.41,0.0,6.1,4.3,39
2005-06-10,17.3,22.7,59,1.90,238,4.51,2.0,8.4,5.1,39
2005-06-11,16.8,21.3,55,0.00,238,4.75,0.0,7.4,5.1,38
2005-06-12,13.4,18.9,65,1.20,241,3.05,7.0,8.5,6.3,40
2005-06-13,15.4,18.9,60,2.80,216,3.77,7.0,13.8,5.8,40
2005-06-14,12.9,18.1,63,1.30,218,3.12,6.0,9.2,4.4,42
2005-06-15,13.7,21.4,64,0.90,205,4.54,2.0,6.8,5.6,24
2005-06-16,17.4,23.5,45,0.00,55,4.47,0.0,9.2,5.2,23
2005-06-17,17.4,23.5,66,14.10,355,1.91,8.0,8.3,3.6,34
2005-06-18,13.4,15.7,94,16.70,199,1.31,24.0,4.9,3.8,88
2005-06-19,15.4,22.4,81,4.00,191,3.70,7.0,5.8,3.4,43
2005-06-20,19.7,27.0,59,0.00,135,5.36,0.0,5.2,2.3,33
2005-06-21,22.3,30.3,55,0.00,40,5.74,0.0,6.0,3.0,30
2005-06-22,20.4,29.1,71,1.60,236,4.55,6.0,14.7,8.0,35
2005-06-23,17.2,23.2,57,0.00,266,4.89,0.0,11.8,5.4,31
2005-06-24,19.5,25.3,53,0.90,104,4.81,1.0,6.8,3.2,32
2005-06-25,16.8,22.3,76,2.50,280,3.96,9.0,6.3,4.7,46
2005-06-26,19.6,24.2,58,0.30,89,4.53,1.0,6.6,3.3,36
2005-06-27,17.3,23.6,81,6.80,343,1.74,12.0,5.9,4.1,39
2005-06-28,16.4,23.6,86,3.80,298,3.13,10.0,6.2,4.4,53
2005-06-29,19.6,26.5,65,0.00,240,5.13,0.0,8.2,5.7,38
2005-06-30,21.4,26.1,57,0.10,222,5.40,1.0,10.0,7.1,38
2005-07-01,20.3,25.6,51,0.00,236,5.54,0.0,13.0,8.3,33
2005-07-02,17.1,23.5,61,1.00,257,4.65,6.0,13.0,7.3,36
2005-07-03,17.6,24.6,55,0.00,230,4.86,0.0,7.4,5.2,35
2005-07-04,21.2,28.0,48,0.00,217,5.79,0.0,9.7,6.7,33
2005-07-05,23.3,29.5,54,0.00,213,5.50,0.0,13.4,5.8,33
2005-07-06,22.0,29.2,61,3.90,249,4.62,9.0,17.0,6.8,33
2005-07-07,17.8,25.0,53,0.00,230,5.16,0.0,16.6,8.0,28
2005-07-08,18.9,25.2,66,3.30,221,2.23,7.0,6.1,3.8,29
2005-07-09,15.9,21.8,82,5.40,207,3.80,9.0,8.9,5.9,46
2005-07-10,18.2,22.5,57,0.00,215,4.53,0.0,8.7,4.9,44
2005-07-11,19.1,24.3,70,1.50,183,3.90,5.0,8.8,4.3,40
2005-07-12,21.2,26.9,58,0.00,264,4.61,0.0,9.9,5.4,33
2005-07-13,19.3,26.5,56,0.30,268,4.95,2.0,8.8,6.8,34
2005-07-14,20.7,27.1,52,0.00,248,5.52,0.0,7.1,4.4,32
2005-07-15,20.9,27.2,65,1.10,227,2.51,6.0,6.2,3.4,32
2005-07-16,17.5,22.8,76,10.00,268,3.13,15.0,14.3,7.1,45
2005-07-17,20.3,27.8,56,0.00,308,5.37,0.0,12.7,5.1,37
2005-07-18,23.9,30.6,55,0.00,222,6.14,0.0,14.9,6.5,27
2005-07-19,22.1,29.3,50,0.00,256,5.08,0.0,14.2,7.1,31
2005-07-20,22.3,28.8,49,0.00,253,5.81,0.0,8.9,6.3,26
2005-07-21,22.3,30.9,49,0.00,253,6.09,0.0,9.7,5.4,22
2005-07-22,23.9,31.2,51,2.10,225,3.45,2.0,10.1,3.7,21
2005-07-23,18.7,26.0,73,0.70,209,4.53,1.0,9.8,7.0,29
2005-07-24,20.2,25.6,48,0.00,293,5.55,0.0,10.9,8.0,25
2005-07-25,21.2,27.2,45,0.00,342,5.72,0.0,9.4,5.5,23
2005-07-26,23.2,30.4,43,0.00,224,5.54,0.0,7.7,3.6,22
2005-07-27,24.0,30.6,53,0.00,353,5.53,0.0,6.6,4.1,23
2005-07-28,25.8,32.3,49,0.00,229,5.76,0.0,12.0,5.1,21
2005-07-29,24.5,31.1,44,0.00,233,6.39,0.0,12.3,8.0,24
2005-07-30,24.2,31.9,44,0.00,224,6.15,0.0,12.4,6.7,24
2005-07-31,25.4,32.6,47,0.00,242,5.90,0.0,7.3,4.9,22
2005-08-01,23.7,32.5,52,0.50,244,4.04,3.0,9.8,6.2,21
2005-08-02,20.3,25.7,44,0.00,271,5.58,0.0,8.7,6.5,21
2005-08-03,21.9,28.2,42,0.00,17,5.49,0.0,7.2,3.8,19
2005-08-04,23.9,31.8,42,0.00,111,5.54,0.0,6.5,3.1,15
2005-08-05,25.7,33.1,41,0.00,226,5.70,0.0,6.0,3.9,15
2005-08-06,26.4,33.1,44,0.00,239,5.85,0.0,6.8,4.9,19
2005-08-07,25.1,33.0,47,0.00,261,5.78,0.0,8.5,6.2,18
2005-08-08,25.8,31.2,48,0.00,323,5.45,0.0,9.0,5.5,23
2005-08-09,25.6,31.1,40,0.00,343,5.71,0.0,8.3,4.9,21
2005-08-10,25.0,30.9,43,0.00,341,5.54,0.0,8.6,6.6,21
2005-08-11,23.5,28.9,48,0.00,348,5.40,0.0,9.4,5.8,22
2005-08-12,24.2,28.8,43,0.00,337,5.34,0.0,12.2,7.8,22
2005-08-13,22.3,28.4,46,0.00,88,5.19,0.0,12.6,4.9,26
2005-08-14,24.5,31.0,48,0.00,154,5.05,0.0,5.4,3.3,21
2005-08-15,25.2,32.3,49,0.00,187,4.99,0.0,6.1,3.9,19
2005-08-16,26.1,32.0,45,0.00,288,4.48,0.0,6.0,3.8,19
2005-08-17,20.3,29.5,70,9.80,274,3.24,17.0,11.5,6.6,25
2005-08-18,19.7,24.5,48,0.00,304,4.75,0.0,12.3,6.8,23
2005-08-19,20.9,27.3,52,0.00,165,4.69,0.0,6.5,3.7,24
2005-08-20,23.0,30.4,51,0.00,167,4.99,0.0,9.1,5.8,24
2005-08-21,24.3,32.1,50,0.00,206,5.29,0.0,10.0,5.6,21
2005-08-22,23.1,31.6,47,0.00,280,4.88,0.0,8.3,5.7,22
2005-08-23,18.4,27.3,52,1.30,300,3.73,5.0,13.6,8.7,26
2005-08-24,18.4,24.5,56,0.30,326,4.23,1.0,14.3,6.5,27
2005-08-25,20.5,27.2,54,0.00,256,4.26,0.0,7.6,3.1,25
2005-08-26,22.6,29.7,55,0.00,172,4.65,0.0,7.8,4.4,20
2005-08-27,23.0,29.5,45,0.00,227,4.95,0.0,8.3,5.6,20
2005-08-28,23.4,29.4,54,0.00,217,4.58,0.0,13.3,6.2,24
2005-08-29,18.3,28.2,70,10.00,264,2.56,15.0,10.0,5.4,28
2005-08-30,15.8,21.2,63,0.50,231,2.82,3.0,12.0,6.3,40
2005-08-31,17.4,24.0,60,0.00,225,3.26,0.0,10.9,5.5,30
2005-09-01,20.2,25.8,55,0.00,209,3.90,0.0,8.5,4.9,30
2005-09-02,20.2,26.0,72,2.10,184,3.18,3.0,7.0,3.1,41
2005-09-03,18.8,23.0,56,0.00,237,3.71,0.0,8.7,6.1,25
2005-09-04,17.7,22.8,49,0.00,244,3.36,0.0,8.6,6.0,25
2005-09-05,15.6,21.4,63,2.60,272,3.12,5.0,8.2,4.1,34
2005-09-06,17.6,23.2,54,0.00,43,3.68,0.0,6.9,3.5,27
2005-09-07,19.8,25.6,58,0.00,94,3.76,0.0,6.5,2.5,28
2005-09-08,20.8,25.5,61,0.00,264,3.16,0.0,7.3,4.2,28
2005-09-09,14.5,24.5,77,7.90,281,1.36,13.0,8.1,5.9,38
2005-09-10,10.9,12.5,89,9.40,345,0.97,20.0,6.5,5.5,83
2005-09-11,12.8,17.3,83,8.80,216,1.58,14.0,5.7,3.7,62
2005-09-12,14.6,17.0,84,5.90,192,2.09,13.0,7.4,4.4,68
2005-09-13,16.6,22.6,75,0.40,204,2.82,1.0,7.3,4.8,37
2005-09-14,17.3,21.7,64,0.10,244,2.19,1.0,7.2,5.6,46
2005-09-15,16.6,19.5,71,0.20,255,2.21,1.0,6.3,3.7,56
2005-09-16,14.8,18.4,76,3.30,357,1.82,9.0,7.3,5.1,48
2005-09-17,15.9,20.4,66,0.00,310,2.97,0.0,5.5,3.8,37
2005-09-18,16.7,21.9,63,0.00,219,3.10,0.0,11.2,5.8,34
2005-09-19,16.5,21.3,59,0.00,224,2.86,0.0,16.4,9.2,37
2005-09-20,14.0,18.5,60,0.90,250,2.61,5.0,12.5,6.3,40
2005-09-21,13.3,17.6,65,0.00,339,2.70,0.0,6.0,3.9,34
2005-09-22,13.6,17.2,59,0.00,346,2.60,0.0,9.6,6.0,35
2005-09-23,12.5,16.1,59,0.00,335,2.60,0.0,8.7,5.5,33
2005-09-24,13.2,17.9,59,0.00,335,2.58,0.0,10.7,4.6,33
2005-09-25,14.9,22.0,67,0.00,242,2.68,0.0,7.9,3.8,40
2005-09-26,16.7,22.8,64,0.00,212,2.92,0.0,13.1,6.8,35
2005-09-27,14.8,21.8,57,0.00,302,2.85,0.0,11.8,6.8,32
2005-09-28,13.5,20.1,64,0.40,152,2.22,3.0,9.9,5.0,34
2005-09-29,14.9,19.4,76,8.40,202,0.87,16.0,8.5,6.5,40
2005-09-30,13.8,17.7,78,1.20,235,1.57,5.0,9.7,6.7,39
2005-10-01,11.8,16.9,63,0.80,250,1.99,1.0,7.9,5.6,47
2005-10-02,10.3,14.2,66,0.40,193,1.82,3.0,8.4,4.4,43
2005-10-03,9.3,13.0,81,5.80,91,1.04,19.0,8.4,4.0,49
2005-10-04,9.6,13.6,85,3.80,207,1.49,11.0,3.9,2.0,58
2005-10-05,10.4,13.6,76,0.40,149,1.29,2.0,11.2,6.6,55
2005-10-06,9.3,13.2,83,4.90,143,0.53,11.0,7.1,4.9,58
2005-10-07,9.3,14.7,88,4.80,187,1.38,12.0,8.4,6.1,52
2005-10-08,10.4,14.2,75,0.00,205,1.53,0.0,4.1,2.8,51
2005-10-09,11.4,16.2,73,0.00,155,1.96,0.0,10.2,3.8,44
2005-10-10,9.6,15.6,79,0.40,152,1.21,3.0,13.6,8.4,50
2005-10-11,11.8,15.9,76,0.00,212,1.59,0.0,7.1,4.6,45
2005-10-12,12.2,15.4,74,0.20,171,1.28,2.0,13.4,6.4,51
2005-10-13,11.8,15.0,81,1.70,204,1.52,9.0,9.8,6.6,53
2005-10-14,11.8,17.0,78,4.00,105,1.01,10.0,9.3,4.1,49
2005-10-15,11.0,16.8,87,3.10,208,0.83,6.0,6.8,4.3,65
2005-10-16,10.6,12.9,90,3.20,204,0.47,11.0,8.8,7.2,82
2005-10-17,11.5,13.5,91,15.20,193,0.36,22.0,7.8,5.7,86
2005-10-18,10.4,13.8,88,5.00,322,1.12,5.0,6.6,3.4,60
2005-10-19,10.0,13.0,87,7.30,143,0.60,14.0,7.3,3.7,66
2005-10-20,10.3,13.2,83,4.20,259,1.24,12.0,6.3,4.9,45
2005-10-21,10.1,13.8,69,0.00,78,1.24,0.0,6.1,4.0,51
2005-10-22,9.5,15.1,84,0.00,137,1.39,0.0,6.2,3.4,58
2005-10-23,11.3,15.1,81,0.00,169,1.00,0.0,5.8,4.2,64
2005-10-24,12.8,17.0,80,0.00,171,1.41,0.0,7.8,5.0,60
2005-10-25,11.7,17.9,83,0.00,162,1.43,0.0,6.7,3.6,55
2005-10-26,9.7,16.5,76,2.20,205,1.17,5.0,10.0,7.0,46
2005-10-27,9.1,10.8,64,0.00,147,1.13,0.0,7.9,2.8,50
2005-10-28,6.4,9.9,84,2.50,132,0.65,8.0,7.5,5.6,57
2005-10-29,6.4,9.5,92,3.50,166,0.84,9.0,8.7,7.5,84
2005-10-30,7.0,10.0,83,0.60,186,0.80,5.0,8.5,6.0,63
2005-10-31,6.5,11.3,85,9.50,168,0.83,17.0,12.0,7.6,55
2005-11-01,6.8,10.1,87,13.50,192,0.40,16.0,8.9,5.0,56
2005-11-02,4.1,8.4,91,4.30,179,0.75,12.0,8.1,6.7,73
2005-11-03,3.6,7.2,89,2.60,139,0.51,11.0,12.0,6.7,73
2005-11-04,2.7,7.2,90,2.40,175,0.66,8.0,11.0,7.9,65
2005-11-05,3.9,6.3,77,2.30,176,0.74,8.0,9.8,7.3,69
2005-11-06,3.2,5.6,83,7.20,183,0.78,17.0,13.0,7.4,63
2005-11-07,3.5,4.6,84,8.00,154,0.47,18.0,8.3,6.1,79
2005-11-08,3.5,5.0,79,0.20,185,0.59,2.0,10.8,7.4,70
2005-11-09,1.3,4.5,82,0.90,157,0.41,5.0,11.4,7.9,76
2005-11-10,2.4,6.2,79,0.20,164,0.60,1.0,11.5,8.2,66
2005-11-11,4.9,5.9,78,1.70,189,0.74,8.0,9.9,7.9,65
2005-11-12,3.4,5.5,73,1.70,207,0.78,6.0,10.7,8.1,57
2005-11-13,2.9,6.1,82,8.30,161,0.46,19.0,11.4,6.6,72
2005-11-14,1.4,5.9,67,2.00,300,0.78,6.0,12.0,8.2,57
2005-11-15,3.5,4.3,59,3.40,180,0.42,7.0,5.8,4.0,42
2005-11-16,3.1,7.9,78,1.90,203,0.57,5.0,4.3,3.2,63
2005-11-17,4.1,7.4,89,0.00,316,0.61,0.0,4.8,3.1,67
2005-11-18,4.8,9.0,85,0.00,200,0.60,0.0,6.3,4.6,74
2005-11-19,5.2,8.3,93,0.00,305,0.57,0.0,4.3,2.4,79
2005-11-20,4.6,7.3,91,0.00,209,0.53,0.0,4.2,2.9,81
2005-11-21,4.5,7.0,93,0.00,297,0.54,0.0,4.0,2.2,80
2005-11-22,4.7,7.4,90,0.00,216,0.60,0.0,3.4,1.9,74
2005-11-23,4.1,6.5,88,0.00,252,0.56,0.0,3.3,1.7,71
2005-11-24,3.1,5.5,85,0.00,170,0.51,0.0,7.2,3.9,74
2005-11-25,1.6,2.6,83,6.50,148,0.20,7.0,5.9,3.9,77
2005-11-26,2.1,3.4,85,8.10,231,0.39,21.0,10.2,6.7,71
2005-11-27,2.1,3.6,64,0.00,269,0.57,0.0,7.3,4.2,45
2005-11-28,-0.0,2.5,65,0.00,88,0.44,0.0,8.2,3.9,52
2005-11-29,-0.7,1.8,69,4.00,82,0.42,16.0,8.6,5.6,57
2005-11-30,-0.5,1.9,71,0.60,318,0.40,5.0,6.1,3.8,52
2005-12-01,-2.5,-0.3,71,0.40,43,0.33,4.0,8.7,6.0,62
2005-12-02,-2.4,-1.0,72,4.90,360,0.32,21.0,8.0,5.2,69
2005-12-03,-2.6,-1.1,67,0.00,315,0.46,0.0,6.1,4.5,45
2005-12-04,-3.2,0.4,70,0.00,287,0.33,0.0,6.4,3.5,48
2005-12-05,-1.2,0.9,74,0.40,240,0.32,2.0,11.3,6.5,58
2005-12-06,-3.1,-1.8,57,0.00,322,0.52,0.0,7.2,4.8,44
2005-12-07,-5.9,-2.3,67,0.00,91,0.30,0.0,5.0,3.4,54
2005-12-08,-4.6,-2.2,75,0.00,124,0.29,0.0,4.3,1.9,55
2005-12-09,-2.4,4.0,73,0.00,193,0.38,0.0,6.2,4.1,66
2005-12-10,0.4,4.3,90,0.00,289,0.37,0.0,3.9,2.6,69
2005-12-11,0.1,3.8,88,0.00,204,0.38,0.0,4.5,2.6,64
2005-12-12,0.4,3.2,77,0.00,188,0.40,0.0,5.9,4.8,59
2005-12-13,2.4,5.0,78,0.40,267,0.40,2.0,8.8,6.6,57
2005-12-14,-0.9,3.8,84,0.00,294,0.35,0.0,6.6,3.6,56
2005-12-15,-2.3,0.2,81,0.00,353,0.32,0.0,4.5,2.3,63
2005-12-16,-3.7,-1.8,78,0.00,337,0.31,0.0,6.2,3.9,62
2005-12-17,-3.5,-1.1,83,0.00,350,0.31,0.0,5.0,2.2,66
2005-12-18,-4.4,-1.4,84,0.00,352,0.31,0.0,4.9,2.9,61
2005-12-19,-5.1,-2.1,85,1.20,16,0.19,5.0,6.5,2.5,62
2005-12-20,-1.2,1.5,87,1.40,144,0.17,6.0,6.1,3.9,75
2005-12-21,1.0,3.3,93,2.70,159,0.25,9.0,6.6,5.1,86
2005-12-22,2.1,4.0,94,3.90,157,0.21,16.0,8.7,6.5,89
2005-12-23,4.1,6.9,89,0.90,181,0.38,5.0,8.8,6.9,78
2005-12-24,3.2,4.8,94,8.00,145,0.22,18.0,7.3,6.0,87
2005-12-25,3.4,5.3,95,2.10,163,0.24,10.0,8.1,6.5,92
2005-12-26,3.8,6.1,97,3.20,158,0.25,13.0,8.3,5.5,92
2005-12-27,3.2,4.5,97,6.30,158,0.20,16.0,7.6,6.1,92
2005-12-28,3.0,4.7,92,2.80,142,0.18,6.0,7.2,4.5,87
2005-12-29,2.6,4.3,90,0.80,195,0.35,2.0,8.7,6.0,80
2005-12-30,1.9,5.2,85,3.40,117,0.30,12.0,7.8,5.9,76
2005-12-31,2.8,5.0,87,2.20,121,0.35,10.0,6.0,4.3,77
2006-01-01,2.8,4.7,90,0.70,168,0.25,6.0,7.7,5.0,81
2006-01-02,3.9,6.0,87,0.40,140,0.34,4.0,7.7,5.7,80
2006-01-03,3.1,5.5,92,5.20,198,0.34,10.0,6.4,4.0,82
2006-01-04,2.1,3.7,86,1.00,170,0.38,5.0,7.8,6.2,75
2006-01-05,1.7,3.9,84,1.80,145,0.26,8.0,8.8,6.9,77
2006-01-06,3.0,4.5,89,4.70,159,0.35,9.0,7.3,5.8,84
2006-01-07,3.7,5.4,90,2.60,202,0.33,9.0,7.7,3.6,85
2006-01-08,3.6,4.9,88,4.20,209,0.43,8.0,8.4,5.3,76
2006-01-09,1.2,4.3,89,5.60,157,0.25,19.0,9.0,6.8,73
2006-01-10,3.1,5.8,91,11.10,161,0.37,21.0,10.0,5.8,75
2006-01-11,3.9,7.1,88,12.50,207,0.45,13.0,9.0,5.0,62
2006-01-12,2.5,5.0,89,0.40,190,0.36,4.0,7.4,5.9,80
2006-01-13,1.9,4.6,91,7.50,137,0.37,23.0,8.0,5.8,83
2006-01-14,4.3,6.0,88,2.20,184,0.42,14.0,6.8,5.3,78
2006-01-15,1.1,5.5,84,0.00,239,0.46,0.0,8.7,6.5,59
2006-01-16,1.2,3.1,76,3.10,186,0.38,10.0,7.4,5.7,55
2006-01-17,-0.8,3.1,88,4.80,153,0.45,12.0,9.8,7.0,76
2006-01-18,2.9,5.7,83,0.10,205,0.55,1.0,7.6,5.9,64
2006-01-19,1.8,5.2,84,0.00,242,0.49,0.0,7.6,4.8,60
2006-01-20,1.6,4.5,83,9.10,165,0.38,18.0,6.6,5.3,62
2006-01-21,1.1,4.1,86,0.00,236,0.46,0.0,5.4,3.9,69
2006-01-22,1.3,3.8,84,0.30,179,0.47,2.0,8.5,6.3,73
2006-01-23,4.0,8.0,74,0.00,201,0.66,0.0,9.0,7.2,61
2006-01-24,3.5,7.0,80,0.00,185,0.56,0.0,7.9,5.4,62
2006-01-25,0.7,3.8,89,0.00,156,0.52,0.0,7.9,6.0,74
2006-01-26,0.5,2.1,90,0.90,172,0.42,4.0,9.7,8.3,82
2006-01-27,1.8,4.6,84,2.50,165,0.62,9.0,8.9,6.9,62
2006-01-28,1.3,4.9,83,6.30,157,0.55,16.0,13.0,7.6,64
2006-01-29,2.3,4.5,82,0.40,196,0.54,2.0,9.3,7.0,73
2006-01-30,2.1,4.9,87,11.80,160,0.56,18.0,9.3,6.5,72
2006-01-31,1.8,3.2,77,0.50,197,0.49,3.0,10.0,6.9,65
2006-02-01,1.3,5.3,86,6.90,172,0.62,17.0,14.5,9.2,63
2006-02-02,3.2,7.5,78,1.80,186,0.81,9.0,10.5,7.0,55
2006-02-03,3.4,6.9,80,1.30,195,0.71,6.0,8.0,5.3,55
2006-02-04,3.1,5.1,88,7.20,136,0.55,20.0,9.8,6.3,76
2006-02-05,2.6,6.5,81,4.30,224,0.73,9.0,7.7,6.1,49
2006-02-06,1.6,6.4,82,0.00,176,0.74,0.0,3.9,2.2,49
2006-02-07,0.1,5.0,85,0.00,172,0.53,0.0,6.8,4.3,64
2006-02-08,1.8,4.6,82,1.00,209,0.72,4.0,7.8,6.2,71
2006-02-09,1.3,5.7,68,0.00,285,0.97,0.0,8.7,7.2,56
2006-02-10,-0.5,3.4,71,0.00,323,0.93,0.0,8.0,4.1,39
2006-02-11,-0.2,4.8,63,0.00,351,0.95,0.0,4.6,2.3,38
2006-02-12,1.4,7.0,60,0.00,208,1.01,0.0,4.3,2.8,38
2006-02-13,3.3,6.8,71,3.40,264,0.72,10.0,11.5,5.4,56
2006-02-14,-0.9,1.4,73,0.00,287,0.85,0.0,10.8,7.1,53
2006-02-15,-3.6,0.3,73,0.00,306,0.80,0.0,11.8,7.1,52
2006-02-16,-5.0,-1.7,70,0.00,319,0.83,0.0,13.0,7.6,38
2006-02-17,-8.7,-4.0,44,0.00,359,1.02,0.0,11.2,8.3,30
2006-02-18,-8.6,-4.1,57,0.00,316,0.85,0.0,8.3,5.5,38
2006-02-19,-7.8,-0.0,60,0.00,308,0.88,0.0,7.1,4.5,37
2006-02-20,-3.8,1.6,65,0.00,284,0.87,0.0,6.5,4.7,39
2006-02-21,-0.2,4.6,68,0.00,252,0.89,0.0,11.1,7.0,52
2006-02-22,1.7,3.8,74,4.80,256,0.83,12.0,9.4,7.0,62
2006-02-23,2.5,3.7,75,8.90,266,0.75,16.0,8.5,4.8,60
2006-02-24,-3.3,2.1,69,2.90,275,1.16,4.0,9.2,5.0,26
2006-02-25,-6.3,2.0,62,0.00,337,0.88,0.0,5.6,3.1,31
2006-02-26,-2.0,3.2,73,0.40,118,0.72,4.0,5.4,4.3,48
2006-02-27,2.9,7.5,85,4.80,152,1.05,13.0,14.8,7.0,67
2006-02-28,3.6,5.9,89,10.70,254,0.51,15.0,8.0,5.3,74
2006-03-01,0.1,6.9,74,0.00,202,1.33,0.0,11.6,6.0,49
2006-03-02,2.0,7.2,71,0.40,76,1.10,2.0,8.7,6.1,51
2006-03-03,0.6,5.1,82,0.00,206,1.32,0.0,6.9,3.5,61
2006-03-04,0.9,8.6,62,0.00,296,1.65,0.0,5.6,3.0,37
2006-03-05,4.2,8.1,61,0.00,119,1.12,0.0,16.8,5.3,49
2006-03-06,4.3,6.4,84,2.00,127,0.95,8.0,7.5,4.9,74
2006-03-07,3.8,6.9,82,6.10,181,1.20,18.0,8.2,6.4,77
2006-03-08,2.8,5.5,80,4.70,184,0.70,11.0,13.6,8.3,76
2006-03-09,0.1,2.9,68,2.60,210,1.39,7.0,11.0,8.6,45
2006-03-10,-1.0,4.1,67,0.00,266,1.37,0.0,5.4,3.4,39
2006-03-11,0.8,3.5,51,0.00,357,1.61,0.0,7.1,4.6,41
2006-03-12,1.4,5.7,48,0.00,317,1.82,0.0,6.2,4.4,26
2006-03-13,1.6,5.7,44,0.00,218,1.84,0.0,9.4,4.9,25
2006-03-14,3.1,6.4,60,0.50,151,1.54,3.0,9.8,6.9,43
2006-03-15,3.3,6.6,71,0.70,169,1.48,3.0,10.7,6.5,55
2006-03-16,4.1,7.3,69,0.00,134,1.22,0.0,15.9,7.5,58
2006-03-17,4.2,6.2,85,9.70,137,1.24,21.0,6.6,3.3,71
2006-03-18,3.7,7.2,81,0.80,246,1.61,5.0,6.6,4.3,53
2006-03-19,1.5,6.5,72,1.40,318,1.82,4.0,6.8,5.3,51
2006-03-20,5.1,10.3,57,0.00,340,2.00,0.0,4.6,3.2,40
2006-03-21,6.9,9.9,63,0.10,140,1.66,1.0,7.7,3.4,44
2006-03-22,7.0,10.5,65,0.00,150,1.82,0.0,14.6,7.9,51
2006-03-23,7.2,11.9,71,0.00,132,1.84,0.0,13.2,6.5,54
2006-03-24,8.3,11.6,73,5.00,124,1.21,8.0,9.4,5.6,50
2006-03-25,5.0,8.7,82,6.10,319,1.73,13.0,6.5,3.3,56
2006-03-26,4.7,9.9,59,0.00,237,2.22,0.0,11.1,7.7,42
2006-03-27,5.2,7.7,60,0.00,199,1.68,0.0,9.2,5.4,40
2006-03-28,6.4,9.5,63,0.10,30,1.59,1.0,7.7,3.9,46
2006-03-29,7.3,13.9,72,0.10,317,2.46,1.0,4.0,2.2,36
2006-03-30,8.4,14.3,60,0.00,227,2.55,0.0,9.4,6.2,32
2006-03-31,7.8,13.2,74,3.70,123,1.47,7.0,5.9,3.9,44
2006-04-01,5.8,13.0,82,0.50,158,1.83,2.0,4.7,2.7,37
2006-04-02,8.1,13.1,69,2.30,189,1.90,8.0,14.5,6.9,37
2006-04-03,7.5,12.6,61,0.30,113,1.87,2.0,10.5,4.5,45
2006-04-04,6.6,12.4,79,2.00,358,1.43,12.0,6.5,2.9,51
2006-04-05,7.9,12.6,76,0.10,347,1.86,1.0,7.6,4.0,57
2006-04-06,10.2,16.3,69,0.00,243,2.38,0.0,8.1,5.5,34
2006-04-07,9.7,16.2,52,0.00,250,2.59,0.0,7.8,4.3,34
2006-04-08,10.9,15.5,62,0.00,260,1.99,0.0,2.9,1.7,37
2006-04-09,10.4,14.5,70,0.20,223,2.35,1.0,7.5,6.0,48
2006-04-10,7.4,9.8,89,3.60,183,1.40,16.0,7.1,4.3,68
2006-04-11,7.1,10.5,87,1.30,200,2.16,6.0,6.3,3.9,67
2006-04-12,7.8,11.2,81,4.50,176,1.61,9.0,9.3,5.5,63
2006-04-13,6.5,11.1,66,1.10,211,1.92,6.0,14.2,9.2,50
2006-04-14,7.6,11.5,80,6.20,173,1.88,19.0,15.7,8.6,62
2006-04-15,5.6,9.2,69,1.90,188,2.24,9.0,13.5,6.7,43
2006-04-16,5.0,8.0,75,3.20,173,2.19,10.0,10.2,6.9,54
2006-04-17,6.6,10.8,62,0.40,219,2.75,2.0,5.8,2.5,35
2006-04-18,7.8,11.8,53,0.50,186,3.24,1.0,11.2,6.3,41
2006-04-19,8.1,12.9,61,0.00,161,3.17,0.0,11.4,7.6,47
2006-04-20,10.2,13.7,63,0.00,168,2.89,0.0,10.7,6.4,52
2006-04-21,11.8,18.2,66,2.40,227,2.17,6.0,11.4,6.3,43
2006-04-22,7.7,12.4,56,0.00,309,3.33,0.0,12.3,8.5,38
2006-04-23,10.5,16.8,45,0.00,17,3.91,0.0,10.0,4.1,29
2006-04-24,12.3,17.1,45,0.00,14,4.10,0.0,9.7,4.3,28
2006-04-25,14.5,20.9,38,0.00,174,4.43,0.0,10.7,6.6,21
2006-04-26,13.0,19.1,46,0.00,225,3.30,0.0,13.9,8.2,31
2006-04-27,11.3,20.4,58,0.00,244,3.83,0.0,12.1,6.4,33
2006-04-28,14.8,22.1,58,0.00,218,4.25,0.0,8.7,5.0,34
2006-04-29,17.9,23.5,60,1.60,226,3.85,2.0,12.4,6.0,39
2006-04-30,11.4,18.3,62,0.90,277,4.01,2.0,10.9,7.7,25
2006-05-01,10.4,18.4,52,1.60,268,2.95,6.0,10.5,6.7,24
2006-05-02,8.1,14.4,55,0.30,297,3.39,2.0,12.1,8.1,30
2006-05-03,11.4,17.5,46,0.00,349,4.04,0.0,8.2,4.8,27
2006-05-04,13.9,21.3,42,0.00,6,4.50,0.0,6.0,2.7,25
2006-05-05,16.6,22.8,43,0.00,175,4.57,0.0,10.8,4.8,25
2006-05-06,15.1,22.0,44,0.00,226,4.22,0.0,14.5,9.6,27
2006-05-07,11.8,16.2,55,0.00,223,3.13,0.0,17.1,9.2,39
2006-05-08,9.2,15.3,58,0.70,265,3.70,4.0,18.0,9.4,32
2006-05-09,10.0,16.9,51,0.10,276,3.93,1.0,10.2,7.0,25
2006-05-10,13.2,19.7,42,0.00,151,3.87,0.0,7.9,4.0,25
2006-05-11,14.1,19.4,50,0.50,176,3.11,2.0,10.2,4.7,30
2006-05-12,10.5,14.9,68,1.00,234,3.57,4.0,14.1,8.3,26
2006-05-13,11.1,19.6,48,0.10,272,4.38,1.0,11.9,4.5,24
2006-05-14,15.0,24.7,46,0.00,297,4.94,0.0,5.2,3.8,23
2006-05-15,19.3,29.6,45,0.00,101,5.33,0.0,6.6,3.2,22
2006-05-16,24.0,32.3,41,0.00,162,5.51,0.0,4.8,2.8,22
2006-05-17,24.5,33.3,47,0.00,212,5.82,0.0,8.5,4.7,19
2006-05-18,25.2,32.7,43,0.00,239,5.78,0.0,7.9,4.4,19
2006-05-19,23.8,32.1,42,0.00,218,5.33,0.0,10.8,4.9,19
2006-05-20,18.7,25.9,72,10.10,256,1.90,13.0,7.9,4.2,34
2006-05-21,17.4,23.2,60,1.20,197,4.57,7.0,12.6,6.9,34
2006-05-22,16.3,22.6,75,1.60,117,2.74,6.0,12.6,4.6,38
2006-05-23,15.8,21.3,75,5.10,197,3.70,10.0,12.3,6.4,39
2006-05-24,15.0,19.9,77,10.70,194,2.36,14.0,10.9,3.8,47
2006-05-25,12.8,17.1,78,4.30,201,3.21,7.0,7.5,4.7,47
2006-05-26,11.7,15.9,80,4.70,257,2.02,16.0,4.4,2.4,50
2006-05-27,11.4,16.0,83,3.80,278,2.39,13.0,4.2,2.8,55
2006-05-28,14.4,18.7,62,0.00,311,3.27,0.0,4.8,2.6,45
2006-05-29,13.3,19.6,69,1.70,237,3.54,7.0,9.2,6.1,45
2006-05-30,15.6,22.9,65,0.90,199,4.69,2.0,8.9,4.8,30
2006-05-31,18.2,25.3,50,0.00,163,5.44,0.0,10.4,6.1,30
2006-06-01,21.4,26.0,48,0.00,154,4.40,0.0,10.8,6.1,32
2006-06-02,17.5,22.5,85,9.30,166,2.29,16.0,7.3,4.1,60
2006-06-03,16.5,23.1,64,4.40,218,4.34,5.0,9.5,6.9,28
2006-06-04,16.3,23.3,60,1.20,197,2.33,4.0,7.8,3.2,28
2006-06-05,16.0,22.9,74,0.40,224,3.56,2.0,10.2,6.4,42
2006-06-06,18.4,24.8,52,0.00,256,4.95,0.0,9.0,4.7,33
2006-06-07,19.9,26.9,54,0.00,337,4.79,0.0,5.8,3.6,33
2006-06-08,19.1,26.7,63,1.80,271,3.06,5.0,7.0,4.4,33
2006-06-09,16.0,21.2,72,5.20,287,3.32,6.0,7.6,4.4,46
2006-06-10,16.1,20.7,78,1.80,287,3.21,5.0,7.6,3.8,50
2006-06-11,15.0,19.1,81,3.00,162,2.87,10.0,6.7,3.9,57
2006-06-12,17.9,24.6,65,0.00,55,3.97,0.0,7.6,3.8,43
2006-06-13,19.5,24.4,72,2.10,74,3.01,7.0,4.5,2.4,44
2006-06-14,15.6,19.8,91,9.70,223,1.17,21.0,8.0,5.9,75
2006-06-15,14.2,20.5,85,9.70,235,1.79,14.0,9.4,6.5,49
2006-06-16,17.1,21.8,57,0.20,218,4.16,1.0,11.8,7.7,42
2006-06-17,15.4,21.2,58,0.00,238,4.43,0.0,10.5,7.8,38
2006-06-18,16.7,21.7,53,0.00,235,4.53,0.0,8.4,5.1,36
2006-06-19,16.5,22.0,54,0.00,267,4.61,0.0,8.7,6.3,35
2006-06-20,15.8,22.1,59,0.80,262,4.82,2.0,8.1,5.5,41
2006-06-21,17.9,24.4,53,0.50,249,4.91,1.0,6.4,4.3,26
2006-06-22,18.6,24.8,48,0.00,253,5.43,0.0,9.8,5.7,26
2006-06-23,18.9,25.6,48,0.00,271,5.73,0.0,9.6,6.1,28
2006-06-24,21.5,29.0,44,0.00,38,5.92,0.0,7.4,3.4,25
2006-06-25,24.3,31.8,43,0.00,17,6.32,0.0,6.8,3.7,23
2006-06-26,26.1,33.7,41,0.00,32,6.36,0.0,5.5,2.8,19
2006-06-27,27.7,34.9,40,0.00,205,6.67,0.0,9.5,4.4,17
2006-06-28,25.5,34.4,35,0.00,240,7.09,0.0,11.6,6.9,17
2006-06-29,23.2,30.5,38,0.00,274,6.43,0.0,10.4,5.9,23
2006-06-30,24.9,31.4,45,0.00,221,5.96,0.0,7.0,4.3,23
2006-07-01,25.8,32.6,38,0.00,227,6.54,0.0,7.9,4.6,17
2006-07-02,26.0,33.2,37,0.00,261,6.11,0.0,5.8,3.6,16
2006-07-03,27.5,34.3,36,0.00,197,6.08,0.0,6.5,3.5,16
2006-07-04,27.4,33.9,40,0.00,224,5.45,0.0,4.6,3.1,18
2006-07-05,25.5,31.9,54,0.00,317,5.11,0.0,5.8,3.3,30
2006-07-06,22.1,30.7,74,3.20,223,4.12,4.0,9.5,3.7,31
2006-07-07,19.2,27.5,54,0.90,221,5.50,1.0,9.7,7.1,25
2006-07-08,23.8,31.4,38,0.00,222,6.29,0.0,10.5,5.3,24
2006-07-09,25.6,31.4,49,0.90,231,5.12,2.0,11.2,4.7,27
2006-07-10,24.3,28.0,53,0.20,229,5.59,1.0,14.8,7.5,24
2006-07-11,21.4,27.6,40,0.00,235,5.42,0.0,13.4,6.1,24
2006-07-12,20.8,27.3,53,2.80,245,4.04,8.0,10.3,5.5,25
2006-07-13,19.6,24.4,60,0.10,222,3.79,1.0,14.1,7.7,34
2006-07-14,20.5,28.5,53,0.30,233,5.16,1.0,13.0,6.3,20
2006-07-15,22.0,28.1,46,0.00,253,6.10,0.0,11.6,7.0,21
2006-07-16,21.3,28.5,44,0.00,261,6.08,0.0,11.5,5.7,22
2006-07-17,23.7,28.7,41,0.00,244,6.19,0.0,12.0,6.4,22
2006-07-18,20.2,27.5,46,0.00,271,5.59,0.0,12.6,6.9,21
2006-07-19,22.9,28.0,45,0.00,42,4.11,0.0,6.0,3.3,20
2006-07-20,23.7,32.0,49,0.00,290,5.01,0.0,5.1,3.0,23
2006-07-21,27.5,36.2,42,0.00,26,6.16,0.0,6.0,3.6,20
2006-07-22,30.7,37.7,40,0.00,171,5.69,0.0,4.7,2.5,20
2006-07-23,31.5,37.9,36,0.00,252,6.30,0.0,5.7,3.6,19
2006-07-24,30.0,37.8,43,0.00,304,5.84,0.0,6.8,4.4,19
2006-07-25,28.3,34.4,46,0.00,265,5.51,0.0,6.6,4.4,22
2006-07-26,27.3,35.2,40,0.00,240,6.49,0.0,9.1,6.1,17
2006-07-27,27.4,35.3,44,0.00,240,6.47,0.0,11.2,6.8,20
2006-07-28,25.8,34.3,41,0.00,240,6.31,0.0,9.1,6.9,22
2006-07-29,22.3,31.1,43,0.00,244,5.96,0.0,11.8,8.1,20
2006-07-30,18.2,27.2,47,2.30,243,4.83,2.0,14.3,9.2,21
2006-07-31,17.1,23.4,51,0.00,250,4.15,0.0,10.9,5.1,30
2006-08-01,21.0,26.0,50,0.00,224,4.53,0.0,8.2,4.6,26
2006-08-02,20.5,25.9,46,0.00,241,4.53,0.0,9.4,5.4,25
2006-08-03,22.6,28.5,49,0.00,318,4.91,0.0,4.7,3.4,25
2006-08-04,21.8,28.5,50,0.60,280,4.68,3.0,11.5,7.7,25
2006-08-05,20.8,28.3,44,0.00,8,5.29,0.0,11.0,3.7,19
2006-08-06,24.1,32.1,45,0.00,146,5.62,0.0,8.0,4.1,19
2006-08-07,25.9,33.5,45,0.00,220,5.85,0.0,9.4,5.6,20
2006-08-08,25.8,33.4,44,0.00,239,5.56,0.0,8.0,5.7,20
2006-08-09,22.9,30.1,52,0.00,245,4.26,0.0,10.7,7.1,30
2006-08-10,21.7,26.7,57,4.30,255,3.75,3.0,11.2,5.2,36
2006-08-11,17.1,23.6,69,2.30,280,3.39,3.0,7.7,5.3,35
2006-08-12,19.7,25.2,56,0.40,259,4.43,1.0,6.7,4.4,29
2006-08-13,22.4,27.4,53,0.00,188,4.29,0.0,5.2,3.4,27
2006-08-14,23.7,31.0,50,0.00,169,5.31,0.0,9.8,5.0,18
2006-08-15,22.8,30.5,43,0.00,282,5.37,0.0,10.2,7.3,19
2006-08-16,22.6,28.1,38,0.00,337,5.15,0.0,7.7,5.5,18
2006-08-17,23.3,30.1,41,0.00,306,5.12,0.0,7.8,4.6,18
2006-08-18,25.0,31.5,47,0.00,209,5.22,0.0,9.0,5.0,20
2006-08-19,24.5,31.5,44,0.00,224,5.18,0.0,7.6,4.3,16
2006-08-20,25.3,32.3,45,0.00,262,4.86,0.0,5.8,3.3,16
2006-08-21,25.8,34.5,44,0.00,170,5.08,0.0,7.3,3.4,13
2006-08-22,25.8,34.2,41,1.30,278,4.07,2.0,6.8,4.2,14
2006-08-23,20.5,27.0,56,0.00,272,3.82,0.0,8.6,5.8,37
2006-08-24,19.9,25.0,56,0.00,300,3.56,0.0,9.3,4.9,32
2006-08-25,21.7,27.0,52,0.00,358,4.52,0.0,8.5,4.8,27
2006-08-26,23.6,30.4,53,0.00,117,4.45,0.0,5.8,2.8,24
2006-08-27,24.9,32.1,51,0.00,199,4.76,0.0,8.0,4.2,20
2006-08-28,24.6,32.5,45,0.00,186,5.20,0.0,11.5,6.1,18
2006-08-29,23.2,32.1,42,0.00,243,4.66,0.0,13.7,7.9,18
2006-08-30,14.5,22.5,65,5.70,240,2.77,14.0,14.1,8.4,31
2006-08-31,15.1,21.5,59,1.00,265,3.25,2.0,8.0,5.0,28
2006-09-01,18.8,25.5,51,0.00,107,3.99,0.0,7.3,3.3,26
2006-09-02,21.6,29.1,50,0.00,142,4.26,0.0,6.5,2.9,19
2006-09-03,23.5,32.3,44,0.00,136,4.28,0.0,5.1,3.0,15
2006-09-04,25.9,32.5,42,0.00,355,3.94,0.0,5.1,2.4,16
2006-09-05,25.8,32.5,53,0.00,347,4.22,0.0,5.1,3.2,19
2006-09-06,25.5,32.2,51,0.00,338,4.28,0.0,6.7,4.1,22
2006-09-07,25.0,31.8,52,0.00,331,4.09,0.0,5.6,3.8,22
2006-09-08,25.1,31.1,53,0.00,153,4.14,0.0,10.5,3.7,20
2006-09-09,21.0,30.7,54,0.00,241,3.11,0.0,8.9,6.4,20
2006-09-10,18.2,26.0,57,0.10,231,3.67,1.0,7.3,4.8,31
2006-09-11,21.4,28.4,57,0.00,204,3.80,0.0,5.2,3.9,26
2006-09-12,22.6,28.5,55,0.00,238,3.74,0.0,8.2,4.4,22
2006-09-13,18.0,28.0,60,5.60,259,3.06,4.0,10.1,6.8,21
2006-09-14,10.7,14.3,87,8.80,335,1.60,24.0,7.8,5.5,63
2006-09-15,9.9,13.8,85,4.30,18,1.69,13.0,7.1,5.7,68
2006-09-16,12.3,16.4,62,0.00,308,2.29,0.0,5.7,4.9,38
2006-09-17,14.9,19.6,57,0.00,164,2.96,0.0,7.9,4.3,35
2006-09-18,13.8,19.4,71,3.00,134,1.61,9.0,10.0,5.7,36
2006-09-19,14.7,18.6,77,1.30,25,2.03,8.0,9.5,4.0,57
2006-09-20,13.8,17.6,80,5.30,223,0.94,8.0,9.8,6.1,59
2006-09-21,11.2,15.2,78,2.20,269,1.89,13.0,12.3,7.5,57
2006-09-22,13.1,17.8,64,0.00,323,2.27,0.0,12.6,6.8,40
2006-09-23,15.1,20.7,67,0.00,319,1.86,0.0,8.0,3.8,42
2006-09-24,15.0,21.7,74,0.00,41,2.74,0.0,8.3,2.2,47
2006-09-25,17.2,23.7,73,0.00,172,2.77,0.0,4.3,2.9,43
2006-09-26,19.0,23.6,69,0.00,315,2.53,0.0,8.6,4.2,44
2006-09-27,18.5,24.2,72,0.00,343,2.78,0.0,6.6,3.1,46
2006-09-28,19.6,25.3,70,0.00,240,2.70,0.0,6.0,3.6,44
2006-09-29,20.4,26.1,72,0.00,217,2.77,0.0,7.6,3.9,37
2006-09-30,18.9,25.3,56,0.00,228,3.21,0.0,12.7,7.5,28
2006-10-01,13.7,20.5,58,0.00,265,2.36,0.0,13.3,5.6,30
2006-10-02,14.6,18.5,59,0.00,2,2.08,0.0,6.6,4.2,30
2006-10-03,13.4,16.2,61,0.00,358,1.59,0.0,7.0,3.9,40
2006-10-04,12.7,17.3,62,0.00,2,2.23,0.0,8.7,5.4,43
2006-10-05,13.5,19.5,73,0.00,251,2.19,0.0,6.2,3.4,45
2006-10-06,15.7,19.0,61,0.00,238,1.75,0.0,6.9,5.3,45
2006-10-07,10.5,16.1,63,1.20,311,2.07,5.0,7.2,5.6,32
2006-10-08,13.0,15.7,50,0.00,31,1.94,0.0,8.8,3.9,33
2006-10-09,11.9,15.8,65,0.00,343,2.06,0.0,6.6,3.1,37
2006-10-10,11.2,16.2,69,0.00,325,1.93,0.0,6.2,4.4,41
2006-10-11,11.8,18.4,78,0.00,306,1.90,0.0,5.1,3.6,46
2006-10-12,13.0,19.7,76,0.00,328,2.01,0.0,5.9,2.3,46
2006-10-13,14.5,18.8,78,0.10,354,1.78,1.0,5.6,2.7,52
2006-10-14,14.0,18.5,80,0.00,210,1.43,0.0,5.4,2.6,54
2006-10-15,13.0,17.4,78,6.10,232,1.02,14.0,5.6,3.6,61
2006-10-16,9.6,13.0,94,24.10,327,0.57,24.0,7.9,5.1,80
2006-10-17,7.0,11.4,78,1.50,307,1.24,7.0,7.7,5.1,47
2006-10-18,9.6,12.5,70,0.20,196,0.88,1.0,12.2,5.3,50
2006-10-19,10.8,14.0,77,1.00,218,0.71,5.0,8.5,5.1,64
2006-10-20,8.6,13.8,80,3.70,288,1.18,4.0,10.7,8.1,46
2006-10-21,9.6,13.3,77,0.00,322,1.35,0.0,4.0,3.4,51
2006-10-22,8.0,11.5,79,0.00,130,1.26,0.0,7.1,3.3,47
2006-10-23,9.2,13.7,79,0.00,205,1.36,0.0,7.4,4.0,55
2006-10-24,8.9,12.9,85,1.20,189,0.97,5.0,9.7,6.5,58
2006-10-25,8.0,12.2,71,0.10,233,1.21,1.0,10.7,7.5,45
2006-10-26,8.6,12.0,71,0.00,190,0.84,0.0,11.5,7.9,54
2006-10-27,10.7,14.9,76,0.00,197,0.97,0.0,15.1,8.4,59
2006-10-28,11.1,15.1,77,0.00,199,1.13,0.0,14.1,8.1,52
2006-10-29,7.3,13.9,74,6.80,272,0.94,11.0,17.8,10.2,50
2006-10-30,1.6,4.5,46,0.00,331,1.61,0.0,18.9,10.3,35
2006-10-31,1.5,3.9,43,0.00,338,1.08,0.0,7.1,4.2,34
2006-11-01,1.0,4.2,49,0.00,80,0.86,0.0,5.4,3.8,33
2006-11-02,1.7,4.0,50,2.70,111,0.67,5.0,6.2,4.9,33
2006-11-03,2.0,5.0,83,3.30,140,0.43,9.0,8.4,6.0,73
2006-11-04,3.6,7.0,98,8.00,153,0.30,19.0,6.9,5.4,97
2006-11-05,7.3,11.9,95,7.70,181,0.63,14.0,9.7,6.8,78
2006-11-06,7.1,10.3,97,22.00,157,0.27,24.0,8.4,6.9,84
2006-11-07,8.8,14.5,95,5.90,202,0.53,18.0,10.5,8.7,82
2006-11-08,4.4,9.5,83,0.30,220,0.83,1.0,10.4,8.7,61
2006-11-09,5.6,7.9,78,1.20,3,0.59,7.0,4.0,2.4,61
2006-11-10,2.8,5.2,92,9.00,131,0.24,20.0,11.0,6.7,85
2006-11-11,2.9,5.4,84,3.30,193,0.65,11.0,11.6,7.7,62
2006-11-12,3.1,5.2,83,3.70,174,0.34,11.0,9.8,7.0,74
2006-11-13,3.8,6.1,84,9.30,183,0.74,17.0,16.6,8.7,56
2006-11-14,4.3,6.3,66,1.10,231,0.82,4.0,10.8,6.7,51
2006-11-15,2.9,4.9,77,6.10,145,0.49,13.0,13.2,9.0,65
2006-11-16,2.7,4.4,77,5.00,202,0.73,8.0,13.3,8.6,55
2006-11-17,4.0,5.1,70,0.00,150,0.75,0.0,9.4,7.2,56
2006-11-18,3.3,5.4,77,0.00,148,0.53,0.0,8.9,6.3,73
2006-11-19,3.4,4.8,84,3.50,128,0.25,8.0,8.9,6.3,77
2006-11-20,5.0,6.6,91,6.10,180,0.50,21.0,8.4,7.1,86
2006-11-21,3.8,5.2,90,8.90,144,0.30,22.0,9.6,6.6,79
2006-11-22,3.3,4.6,86,2.40,157,0.43,11.0,9.3,7.2,76
2006-11-23,2.6,4.7,85,7.50,153,0.40,15.0,10.3,6.6,76
2006-11-24,2.4,4.3,76,4.60,195,0.54,15.0,8.8,5.6,65
2006-11-25,0.8,3.3,70,7.70,357,0.43,21.0,7.4,5.3,59
2006-11-26,-2.0,0.8,70,7.70,66,0.33,20.0,10.3,7.0,43
2006-11-27,-7.9,-0.7,82,10.80,338,0.18,24.0,11.0,8.8,72
2006-11-28,-16.2,-13.2,76,0.00,321,0.20,0.0,9.2,8.3,69
2006-11-29,-15.0,-11.0,73,0.00,359,0.20,0.0,7.8,4.9,64
2006-11-30,-8.6,-0.7,74,3.20,156,0.33,12.0,10.0,6.3,65
2006-12-01,-1.2,1.1,80,0.00,249,0.36,0.0,9.7,5.8,66
2006-12-02,-2.6,-0.1,85,0.00,291,0.36,0.0,5.4,3.0,59
2006-12-03,-3.4,-0.5,81,0.00,159,0.26,0.0,5.5,3.9,67
2006-12-04,-2.5,-0.1,80,0.90,161,0.29,6.0,8.7,6.0,74
2006-12-05,0.6,3.9,85,0.00,197,0.36,0.0,8.5,4.6,69
2006-12-06,0.9,4.1,87,0.00,164,0.40,0.0,4.7,2.9,70
2006-12-07,0.5,3.6,90,0.00,172,0.30,0.0,5.7,3.9,75
2006-12-08,1.5,3.4,82,0.00,169,0.30,0.0,7.2,5.6,72
2006-12-09,2.2,3.8,82,0.80,186,0.28,3.0,5.0,3.0,74
2006-12-10,2.6,4.0,89,1.70,148,0.28,10.0,6.9,4.3,82
2006-12-11,2.3,3.9,91,3.90,148,0.26,10.0,9.2,7.2,83
2006-12-12,2.6,4.1,87,5.90,182,0.43,14.0,9.3,7.8,65
2006-12-13,1.9,5.4,85,5.50,164,0.39,14.0,10.7,8.1,64
2006-12-14,0.9,4.9,78,2.10,199,0.39,3.0,13.8,7.4,60
2006-12-15,0.5,2.2,85,13.90,190,0.33,22.0,16.3,7.8,66
2006-12-16,-2.3,0.2,83,0.40,226,0.27,3.0,8.0,5.2,69
2006-12-17,-3.1,-0.1,84,0.00,157,0.34,0.0,5.8,4.3,69
2006-12-18,-5.5,-0.6,90,0.00,163,0.18,0.0,8.3,6.2,72
2006-12-19,-4.6,-0.3,82,0.00,167,0.29,0.0,8.1,6.3,72
2006-12-20,-2.7,-0.0,85,0.00,154,0.28,0.0,7.1,5.7,71
2006-12-21,-2.8,-1.2,86,1.50,155,0.28,6.0,8.6,7.5,74
2006-12-22,-1.5,2.1,90,0.40,172,0.33,3.0,8.7,7.2,72
2006-12-23,-2.1,1.9,89,5.40,158,0.22,14.0,8.6,5.9,77
2006-12-24,-1.4,2.0,91,1.90,176,0.17,4.0,7.1,4.7,80
2006-12-25,0.3,4.1,86,4.70,163,0.41,12.0,7.4,6.4,71
2006-12-26,-0.3,3.3,91,0.10,164,0.25,1.0,7.9,4.9,77
2006-12-27,-1.1,0.7,87,12.00,321,0.28,19.0,12.5,6.2,67
2006-12-28,-3.8,-1.9,82,0.00,301,0.37,0.0,12.2,6.1,71
2006-12-29,-6.4,-2.6,88,0.00,153,0.22,0.0,6.2,3.4,75
2006-12-30,-3.3,-0.7,85,0.00,194,0.34,0.0,7.2,4.2,69
2006-12-31,-3.3,-0.5,90,0.00,197,0.32,0.0,4.1,2.1,70
2007-01-01,-4.0,-0.8,88,0.10,168,0.18,1.0,8.8,6.2,74
2007-01-02,-2.5,0.3,90,10.60,159,0.18,23.0,8.9,7.1,84
2007-01-03,1.8,3.5,89,3.50,186,0.27,7.0,10.8,7.0,81
2007-01-04,1.2,3.2,88,0.40,197,0.38,1.0,10.3,6.9,70
2007-01-05,-2.2,2.0,84,2.00,207,0.19,10.0,8.7,7.2,72
2007-01-06,-2.7,-0.9,82,7.80,214,0.37,16.0,10.1,7.9,64
2007-01-07,0.0,4.8,82,5.80,184,0.30,16.0,9.4,7.0,62
2007-01-08,1.6,6.1,79,1.80,252,0.44,8.0,14.1,6.5,66
2007-01-09,-0.4,1.8,88,3.20,149,0.34,15.0,9.0,6.7,82
2007-01-10,-1.4,1.9,71,3.90,234,0.55,10.0,18.1,8.8,59
2007-01-11,-13.2,-5.9,79,0.00,320,0.24,0.0,9.4,7.6,68
2007-01-12,-14.7,-11.2,76,0.00,319,0.27,0.0,5.4,4.1,52
2007-01-13,-12.5,-8.5,77,0.00,309,0.29,0.0,5.0,3.8,56
2007-01-14,-12.6,-7.5,78,0.00,308,0.32,0.0,6.4,3.7,61
2007-01-15,-11.0,-7.2,81,0.00,225,0.30,0.0,5.6,3.7,63
2007-01-16,-8.3,-4.7,73,0.20,178,0.29,2.0,8.3,6.2,65
2007-01-17,-5.2,-0.7,81,0.50,240,0.45,4.0,5.2,3.9,61
2007-01-18,-5.7,-1.1,80,3.10,173,0.20,9.0,6.6,4.7,63
2007-01-19,-4.8,-2.1,84,2.40,159,0.25,14.0,5.4,4.3,81
2007-01-20,-1.0,3.2,82,2.20,211,0.54,10.0,5.8,4.8,59
2007-01-21,-2.9,2.5,81,0.00,222,0.40,0.0,5.2,3.9,64
2007-01-22,-2.8,-0.1,81,0.00,168,0.33,0.0,8.3,6.5,69
2007-01-23,0.9,4.0,84,1.40,169,0.41,6.0,7.2,5.3,79
2007-01-24,1.9,5.4,82,0.00,172,0.52,0.0,6.9,5.5,69
2007-01-25,1.0,5.5,78,0.00,204,0.67,0.0,6.7,5.4,58
2007-01-26,-2.8,5.2,82,0.00,295,0.50,0.0,6.2,4.8,59
2007-01-27,-6.8,-0.9,76,0.00,303,0.56,0.0,7.9,4.1,46
2007-01-28,-7.2,-0.3,70,0.00,296,0.57,0.0,4.7,3.7,46
2007-01-29,-5.8,-0.9,75,0.00,306,0.35,0.0,5.2,3.7,52
2007-01-30,-6.8,-1.6,78,0.00,300,0.59,0.0,6.3,4.6,58
2007-01-31,-8.5,-1.7,78,0.00,304,0.53,0.0,7.3,4.7,62
2007-02-01,-7.2,-0.4,76,0.00,298,0.63,0.0,7.0,5.0,54
2007-02-02,-7.2,0.6,73,0.00,290,0.67,0.0,6.0,4.2,47
2007-02-03,-6.2,1.7,71,0.00,301,0.59,0.0,5.1,3.5,48
2007-02-04,-0.1,3.3,74,1.00,242,0.38,4.0,3.4,2.4,50
2007-02-05,3.5,7.5,74,0.10,188,0.70,1.0,3.2,2.1,61
2007-02-06,0.7,7.1,80,0.00,282,0.60,0.0,4.0,2.3,60
2007-02-07,2.4,6.3,76,0.00,261,0.75,0.0,2.9,2.0,60
2007-02-08,3.6,6.9,86,2.80,218,0.56,14.0,4.3,2.2,67
2007-02-09,5.2,7.4,85,1.50,83,0.67,10.0,4.2,2.3,70
2007-02-10,3.3,7.0,86,0.00,168,0.82,0.0,5.8,3.9,70
2007-02-11,2.7,6.2,86,3.00,324,0.50,10.0,3.3,1.8,71
2007-02-12,3.9,6.7,89,2.60,193,0.70,10.0,6.2,3.6,72
2007-02-13,4.0,6.6,83,0.00,302,0.76,0.0,3.8,2.7,60
2007-02-14,2.8,5.5,84,1.00,143,0.56,5.0,6.8,3.6,71
2007-02-15,1.2,4.4,91,2.40,170,0.37,10.0,6.6,5.5,82
2007-02-16,3.3,6.3,74,0.00,230,1.06,0.0,12.3,8.6,62
2007-02-17,5.3,8.5,70,0.00,196,1.13,0.0,7.3,6.0,47
2007-02-18,3.9,6.2,79,3.20,198,1.07,6.0,13.7,8.7,55
2007-02-19,1.6,4.9,75,2.90,194,0.59,7.0,8.9,7.4,65
2007-02-20,2.3,4.9,79,6.60,204,1.07,16.0,17.2,8.6,41
2007-02-21,0.3,3.6,67,0.00,191,1.26,0.0,9.5,7.1,55
2007-02-22,-0.8,2.8,76,2.50,96,0.72,8.0,7.9,4.2,56
2007-02-23,-2.9,2.4,82,0.40,207,0.92,3.0,4.7,3.2,63
2007-02-24,-2.1,2.9,76,0.10,169,0.80,1.0,10.3,5.1,62
2007-02-25,0.4,6.3,83,1.40,96,0.98,9.0,7.6,4.4,57
2007-02-26,2.9,6.1,84,10.40,142,0.75,21.0,6.0,2.9,62
2007-02-27,-0.1,3.0,85,4.10,165,1.06,7.0,6.3,3.8,56
2007-02-28,-0.7,4.0,77,0.20,173,0.89,1.0,5.5,3.1,52
2007-03-01,-1.3,2.2,75,1.40,249,1.07,6.0,7.5,5.4,40
2007-03-02,-3.7,2.3,70,0.00,193,1.07,0.0,8.9,4.1,40
2007-03-03,-1.8,4.2,76,0.00,167,1.03,0.0,7.9,6.0,63
2007-03-04,1.7,4.5,77,0.00,164,1.17,0.0,6.8,5.2,68
2007-03-05,3.1,6.3,84,1.70,167,0.84,9.0,6.1,4.8,75
2007-03-06,4.2,7.3,85,0.00,166,1.28,0.0,6.8,5.5,74
2007-03-07,4.1,7.1,87,1.80,171,0.89,8.0,7.1,5.2,76
2007-03-08,4.3,7.1,81,5.50,191,1.33,18.0,12.6,7.5,65
2007-03-09,3.7,8.6,85,4.10,165,1.46,15.0,12.6,7.4,62
2007-03-10,4.6,7.7,81,0.00,163,1.03,0.0,10.7,7.2,72
2007-03-11,5.3,7.7,89,10.40,164,0.74,20.0,8.6,6.8,80
2007-03-12,7.7,9.8,80,7.90,222,1.72,12.0,15.3,10.5,54
2007-03-13,2.8,7.1,63,0.40,238,1.81,3.0,14.2,7.6,45
2007-03-14,2.9,6.5,64,1.30,248,1.65,5.0,11.0,7.2,51
2007-03-15,1.2,5.8,65,0.00,256,1.72,0.0,6.0,3.4,44
2007-03-16,3.7,7.0,77,2.60,160,0.79,8.0,7.6,4.7,47
2007-03-17,5.9,9.9,83,0.00,180,1.11,0.0,8.6,6.9,72
2007-03-18,7.6,13.3,81,2.20,220,1.65,6.0,7.7,5.5,45
2007-03-19,8.1,14.0,74,1.20,196,1.21,4.0,9.1,4.8,40
2007-03-20,5.7,10.0,78,4.60,220,1.78,10.0,18.2,9.7,40
2007-03-21,3.1,9.0,59,0.00,226,1.99,0.0,14.1,8.3,46
2007-03-22,6.5,9.8,70,2.00,204,1.13,8.0,10.9,6.2,55
2007-03-23,6.0,9.6,87,2.60,176,0.82,11.0,10.4,6.1,76
2007-03-24,6.9,9.1,90,9.50,176,0.97,23.0,10.7,7.2,84
2007-03-25,6.8,9.6,75,2.00,240,2.02,5.0,10.7,7.8,42
2007-03-26,5.1,9.1,57,0.00,196,2.31,0.0,10.9,5.6,44
2007-03-27,7.0,11.5,55,0.00,315,1.93,0.0,11.8,4.9,30
2007-03-28,5.9,10.5,60,0.00,269,2.58,0.0,11.3,6.1,40
2007-03-29,7.6,12.4,56,0.00,199,2.62,0.0,12.7,6.3,34
2007-03-30,8.2,12.8,64,0.00,189,2.48,0.0,11.8,7.0,49
2007-03-31,8.3,10.9,65,0.30,258,2.49,2.0,11.2,7.1,39
2007-04-01,5.2,9.7,52,0.50,236,2.45,3.0,10.8,6.9,40
2007-04-02,3.5,6.9,55,0.60,297,2.09,3.0,10.7,7.2,37
2007-04-03,3.4,7.5,40,0.00,357,2.68,0.0,10.3,4.5,27
2007-04-04,5.7,10.1,41,0.00,64,2.23,0.0,7.0,3.3,27
2007-04-05,7.4,14.8,66,0.00,177,1.96,0.0,5.2,2.0,45
2007-04-06,10.3,15.2,67,0.00,73,2.83,0.0,7.7,3.2,48
2007-04-07,13.4,21.1,60,0.00,114,3.42,0.0,5.2,2.5,35
2007-04-08,13.1,21.1,69,0.00,230,2.80,0.0,9.4,4.9,35
2007-04-09,10.9,14.8,75,4.60,202,2.12,14.0,15.6,8.5,47
2007-04-10,5.0,9.6,63,0.00,246,2.48,0.0,15.3,9.7,48
2007-04-11,6.8,13.1,50,0.00,229,3.05,0.0,8.3,4.4,23
2007-04-12,9.1,13.1,49,0.00,212,2.94,0.0,11.2,3.9,23
2007-04-13,8.4,12.0,61,0.00,195,2.07,0.0,16.2,7.9,49
2007-04-14,7.7,11.5,70,0.30,180,2.05,2.0,11.4,7.3,47
2007-04-15,8.0,14.1,51,0.10,243,2.91,1.0,11.6,6.2,26
2007-04-16,9.4,14.5,48,0.60,182,2.15,3.0,16.9,7.7,25
2007-04-17,7.0,11.6,75,2.70,207,2.36,9.0,12.3,5.5,42
2007-04-18,7.7,11.0,67,1.00,325,2.72,2.0,8.9,4.9,52
2007-04-19,8.1,13.7,56,0.20,275,3.00,2.0,8.0,5.9,35
2007-04-20,9.1,13.5,57,0.10,239,3.15,1.0,7.1,4.5,36
2007-04-21,9.5,13.9,52,0.50,163,3.09,2.0,10.2,4.4,33
2007-04-22,10.4,16.6,67,0.20,145,2.86,1.0,5.8,3.0,47
2007-04-23,12.6,20.4,60,0.00,244,3.91,0.0,7.2,4.6,32
2007-04-24,13.8,20.2,55,0.00,240,3.05,0.0,12.8,6.8,32
2007-04-25,11.7,16.7,55,0.00,236,3.01,0.0,13.5,7.8,43
2007-04-26,9.9,13.8,60,1.20,208,2.34,6.0,11.4,7.5,40
2007-04-27,11.5,15.7,73,1.80,205,1.99,7.0,10.0,6.8,55
2007-04-28,12.3,17.2,68,3.60,235,3.53,11.0,10.5,7.5,24
2007-04-29,11.1,16.8,46,1.40,258,2.95,6.0,10.1,5.8,24
2007-04-30,11.0,18.2,50,0.00,229,3.74,0.0,9.0,4.0,28
2007-05-01,13.1,18.2,52,0.10,185,2.52,1.0,8.0,5.0,28
2007-05-02,11.1,14.8,82,7.00,138,1.28,9.0,7.9,4.1,59
2007-05-03,8.6,12.5,79,3.30,239,2.21,8.0,6.3,4.2,46
2007-05-04,9.0,13.9,58,0.20,256,2.90,1.0,13.3,7.4,39
2007-05-05,9.8,17.1,52,0.20,233,3.90,1.0,11.2,7.6,27
2007-05-06,12.2,20.7,50,0.00,235,4.28,0.0,12.3,6.5,29
2007-05-07,15.0,22.6,61,0.00,233,4.22,0.0,16.6,10.0,34
2007-05-08,18.3,25.1,51,0.20,204,5.16,1.0,17.3,8.7,31
2007-05-09,14.6,24.0,52,0.00,264,4.72,0.0,15.3,7.6,27
2007-05-10,14.7,22.1,49,0.00,251,4.85,0.0,7.0,4.2,25
2007-05-11,16.5,23.5,42,0.00,232,5.32,0.0,8.4,5.6,24
2007-05-12,17.2,23.5,44,0.00,281,5.05,0.0,7.9,5.6,24
2007-05-13,16.0,21.7,48,0.10,300,4.14,1.0,10.0,6.6,23
2007-05-14,14.3,22.1,50,0.00,243,4.83,0.0,8.9,5.1,23
2007-05-15,18.4,26.1,43,0.00,148,5.30,0.0,9.4,4.9,24
2007-05-16,19.9,25.9,45,0.00,202,4.79,0.0,9.9,5.4,24
2007-05-17,16.9,24.0,49,0.00,256,4.50,0.0,8.9,5.9,29
2007-05-18,16.6,23.3,44,0.00,237,5.30,0.0,9.0,6.0,27
2007-05-19,15.8,23.0,56,1.00,235,4.08,7.0,14.3,7.3,29
2007-05-20,13.1,18.0,46,0.10,224,4.38,1.0,15.1,6.3,28
2007-05-21,14.0,20.1,50,0.30,322,4.56,1.0,12.3,6.0,26
2007-05-22,14.0,21.1,52,0.40,295,4.88,3.0,10.0,7.0,25
2007-05-23,16.8,22.0,40,0.00,257,4.92,0.0,9.3,4.9,23
2007-05-24,16.0,21.6,39,0.00,325,5.07,0.0,15.5,8.4,19
2007-05-25,16.8,23.7,33,0.00,120,5.34,0.0,10.5,3.6,19
2007-05-26,18.9,23.8,42,0.00,218,4.84,0.0,11.5,6.1,22
2007-05-27,17.4,23.0,55,2.50,254,4.14,2.0,11.7,6.3,36
2007-05-28,13.9,22.1,58,1.40,292,4.80,5.0,13.7,8.2,23
2007-05-29,18.0,25.4,42,0.00,237,5.52,0.0,7.1,3.5,23
2007-05-30,21.0,28.5,40,0.00,167,5.86,0.0,7.3,4.6,22
2007-05-31,22.9,30.3,40,0.00,230,6.03,0.0,7.4,4.0,19
2007-06-01,23.9,30.9,35,0.00,239,6.02,0.0,8.3,4.4,18
2007-06-02,24.5,32.2,39,0.00,244,5.85,0.0,7.4,3.9,19
2007-06-03,26.5,34.3,37,0.00,112,5.97,0.0,6.4,3.4,17
2007-06-04,24.4,33.7,50,2.10,336,3.21,4.0,5.7,3.3,17
2007-06-05,16.0,19.9,97,13.70,277,0.86,15.0,10.9,4.9,90
2007-06-06,11.1,16.0,84,10.60,254,1.67,17.0,9.4,7.0,54
2007-06-07,13.5,17.8,65,0.00,259,2.05,0.0,6.6,5.2,53
2007-06-08,16.7,21.0,59,0.00,222,2.82,0.0,6.9,3.6,45
2007-06-09,17.6,21.7,63,2.60,201,2.26,7.0,9.5,4.5,44
2007-06-10,16.1,22.0,75,1.50,198,3.81,7.0,10.7,6.5,32
2007-06-11,15.1,22.1,54,0.10,238,4.35,1.0,12.2,8.0,31
2007-06-12,13.6,20.5,51,0.00,217,4.07,0.0,8.9,5.8,27
2007-06-13,17.2,21.2,51,1.40,229,4.42,4.0,10.6,5.4,26
2007-06-14,14.7,20.5,56,0.00,268,5.00,0.0,13.1,7.1,37
2007-06-15,16.7,20.8,51,0.30,34,3.97,1.0,7.7,3.6,33
2007-06-16,17.4,20.1,54,0.10,9,3.53,1.0,7.3,3.0,40
2007-06-17,12.9,18.1,83,10.30,234,2.04,23.0,10.6,7.4,60
2007-06-18,14.4,20.1,65,3.90,246,3.39,14.0,8.5,6.0,36
2007-06-19,17.5,26.3,48,0.00,210,5.53,0.0,12.0,6.3,30
2007-06-20,21.7,28.6,52,0.00,219,5.82,0.0,10.5,5.3,27
2007-06-21,21.5,28.6,50,0.00,261,5.55,0.0,10.8,6.4,26
2007-06-22,18.8,24.9,50,0.10,259,5.09,1.0,10.5,6.2,33
2007-06-23,15.6,21.5,50,0.10,239,5.00,1.0,13.8,7.0,27
2007-06-24,16.4,21.3,50,1.10,224,4.29,1.0,9.0,4.6,28
2007-06-25,11.9,18.8,79,11.10,226,2.84,17.0,8.2,5.7,39
2007-06-26,17.5,25.3,48,0.00,165,5.57,0.0,9.3,4.4,25
2007-06-27,21.9,27.0,39,0.00,151,4.93,0.0,7.8,3.4,25
2007-06-28,21.7,26.9,54,0.00,252,3.15,0.0,5.2,2.5,29
2007-06-29,18.4,24.2,70,0.50,252,2.69,4.0,8.1,3.9,44
2007-06-30,15.9,23.3,69,3.30,202,4.22,3.0,7.6,6.0,27
2007-07-01,19.4,26.6,49,0.00,222,5.40,0.0,8.8,5.0,27
2007-07-02,21.5,28.1,45,0.00,255,5.48,0.0,7.2,4.6,25
2007-07-03,22.5,28.8,47,0.00,248,5.33,0.0,8.5,4.8,26
2007-07-04,23.6,32.7,54,0.00,224,5.95,0.0,7.8,3.8,27
2007-07-05,26.1,35.4,52,0.00,227,6.50,0.0,8.7,4.8,23
2007-07-06,26.2,35.4,46,0.00,259,6.70,0.0,9.1,6.8,20
2007-07-07,22.9,31.0,43,0.00,279,5.99,0.0,12.2,6.9,20
2007-07-08,22.5,28.5,42,0.00,254,5.41,0.0,8.4,6.1,24
2007-07-09,21.8,28.1,50,0.00,292,6.08,0.0,13.8,8.7,26
2007-07-10,23.4,31.6,42,0.00,330,6.59,0.0,9.5,6.9,26
2007-07-11,26.1,33.5,46,0.00,337,6.54,0.0,8.0,5.6,27
2007-07-12,28.1,36.0,41,0.00,4,6.30,0.0,6.9,3.6,18
2007-07-13,29.9,37.7,37,0.00,27,6.14,0.0,6.6,3.6,18
2007-07-14,28.7,36.5,51,0.40,258,5.06,1.0,6.0,3.5,19
2007-07-15,27.2,35.3,54,0.30,256,4.93,2.0,7.1,4.3,25
2007-07-16,24.7,30.8,47,0.00,256,5.22,0.0,8.8,5.0,26
2007-07-17,25.7,33.2,46,0.00,306,4.73,0.0,5.1,3.7,26
2007-07-18,23.5,32.8,64,6.40,295,2.76,6.0,5.5,4.4,27
2007-07-19,20.3,24.9,81,11.80,225,2.62,14.0,9.6,4.1,63
2007-07-20,18.8,22.6,76,1.40,170,2.89,2.0,8.3,3.5,50
2007-07-21,19.4,25.2,72,1.10,197,3.13,6.0,10.1,3.7,39
2007-07-22,22.5,28.5,60,0.60,173,3.53,2.0,10.6,6.2,40
2007-07-23,24.0,28.6,63,2.50,283,4.15,3.0,8.2,3.2,47
2007-07-24,20.9,25.5,65,3.30,272,4.24,5.0,8.2,6.6,32
2007-07-25,22.1,28.7,50,0.00,336,5.55,0.0,7.2,4.8,25
2007-07-26,24.5,32.3,43,0.00,12,5.78,0.0,5.8,3.7,23
2007-07-27,25.5,31.9,48,0.00,249,5.95,0.0,7.4,5.9,24
2007-07-28,25.4,32.2,45,0.00,246,6.10,0.0,7.8,6.1,25
2007-07-29,23.9,32.2,52,0.00,260,5.49,0.0,10.4,6.6,26
2007-07-30,20.3,28.2,52,0.00,266,5.55,0.0,13.0,7.0,27
2007-07-31,20.6,27.1,47,0.00,279,5.77,0.0,9.5,7.1,21
2007-08-01,23.0,30.3,39,0.00,349,5.60,0.0,8.4,3.7,19
2007-08-02,25.5,33.8,42,0.00,186,5.61,0.0,5.8,3.0,18
2007-08-03,25.0,33.8,39,0.20,245,6.20,1.0,11.3,8.3,19
2007-08-04,21.5,26.9,51,0.00,304,4.91,0.0,10.7,6.5,27
2007-08-05,22.8,28.6,51,0.00,326,5.07,0.0,8.3,4.8,29
2007-08-06,24.5,30.3,52,0.20,284,4.85,1.0,5.8,3.6,23
2007-08-07,23.2,30.1,52,0.00,235,4.84,0.0,14.0,8.6,24
2007-08-08,19.6,26.1,56,0.00,235,4.42,0.0,14.8,8.8,23
2007-08-09,19.6,25.0,51,0.00,299,3.81,0.0,12.1,6.4,28
2007-08-10,18.3,23.9,62,2.90,274,4.16,12.0,7.9,5.2,30
2007-08-11,20.0,25.8,51,0.00,192,4.37,0.0,11.4,5.1,22
2007-08-12,20.0,26.1,50,0.00,257,3.32,0.0,9.8,5.4,21
2007-08-13,19.4,26.0,50,0.00,256,4.56,0.0,7.1,4.3,25
2007-08-14,22.6,29.0,48,0.00,337,4.76,0.0,4.1,2.9,25
2007-08-15,25.2,31.8,53,0.00,45,4.95,0.0,5.5,2.5,21
2007-08-16,26.5,34.9,38,0.00,34,5.37,0.0,13.1,4.8,13
2007-08-17,22.4,33.3,52,0.00,246,4.98,0.0,14.3,7.0,15
2007-08-18,20.6,27.7,46,0.20,244,3.82,1.0,8.7,5.0,21
2007-08-19,16.8,23.0,72,7.10,275,1.53,12.0,7.2,4.4,35
2007-08-20,15.7,19.7,74,1.90,202,2.50,8.0,8.0,5.6,49
2007-08-21,17.5,23.5,67,1.00,235,2.93,5.0,7.3,5.6,33
2007-08-22,20.7,24.4,56,0.00,18,3.79,0.0,6.6,3.4,31
2007-08-23,21.5,26.7,51,0.00,1,4.17,0.0,7.1,3.6,24
2007-08-24,22.3,29.4,53,0.00,160,4.65,0.0,9.7,4.1,24
2007-08-25,21.8,29.4,46,0.00,235,4.39,0.0,13.5,8.8,24
2007-08-26,16.8,22.8,68,4.90,255,2.53,11.0,12.2,6.0,35
2007-08-27,15.7,20.0,70,0.70,295,3.24,4.0,4.7,3.9,45
2007-08-28,17.9,22.2,56,0.00,57,2.79,0.0,5.2,2.5,35
2007-08-29,19.7,29.0,57,0.00,134,4.19,0.0,8.0,4.1,27
2007-08-30,23.9,31.8,45,0.00,165,4.71,0.0,9.4,4.6,21
2007-08-31,22.8,31.5,54,0.00,265,3.58,0.0,12.2,6.1,21
2007-09-01,17.6,24.6,62,0.10,256,3.41,1.0,12.2,5.6,30
2007-09-02,20.1,24.9,57,0.00,221,2.78,0.0,6.5,3.4,29
2007-09-03,19.8,25.1,62,0.50,10,2.62,1.0,6.2,2.8,32
2007-09-04,20.7,25.5,64,0.00,317,3.26,0.0,9.5,4.5,33
2007-09-05,20.7,27.6,60,0.00,268,3.86,0.0,10.1,5.8,30
2007-09-06,18.8,27.0,59,0.20,290,3.15,2.0,10.1,6.9,26
2007-09-07,17.7,22.0,54,0.10,328,3.10,1.0,12.9,5.7,27
2007-09-08,16.8,21.8,55,0.00,329,3.71,0.0,12.3,5.7,24
2007-09-09,17.8,23.8,51,0.00,342,3.75,0.0,9.4,4.2,24
2007-09-10,19.7,26.8,59,0.00,36,3.65,0.0,5.7,2.3,25
2007-09-11,22.2,30.2,61,0.00,145,3.97,0.0,7.1,3.3,26
2007-09-12,21.2,30.0,53,0.00,292,3.97,0.0,12.6,8.5,25
2007-09-13,19.3,25.5,51,0.00,348,3.80,0.0,9.7,4.5,20
2007-09-14,20.0,26.9,49,0.00,348,3.75,0.0,6.9,3.6,16
2007-09-15,20.8,28.0,51,0.00,266,3.67,0.0,6.4,4.0,17
2007-09-16,18.9,27.7,49,0.10,260,2.93,1.0,12.1,7.9,20
2007-09-17,14.2,19.5,65,0.30,277,2.65,2.0,8.6,6.1,31
2007-09-18,14.5,18.5,59,0.10,306,2.24,1.0,6.6,3.9,34
2007-09-19,13.5,17.7,62,0.20,334,2.01,2.0,7.2,4.0,37
2007-09-20,13.1,17.8,69,7.50,231,1.13,9.0,9.2,6.0,36
2007-09-21,13.1,20.0,72,0.00,204,1.99,0.0,15.0,7.1,42
2007-09-22,13.1,19.2,75,7.30,241,1.89,15.0,8.4,5.8,46
2007-09-23,11.8,15.8,71,0.00,335,1.89,0.0,10.5,5.8,38
2007-09-24,13.6,19.3,61,0.00,207,2.63,0.0,8.8,3.9,33
2007-09-25,14.4,19.1,59,0.10,242,2.18,1.0,9.2,6.5,33
2007-09-26,13.4,19.4,64,0.50,254,2.30,1.0,7.5,6.2,38
2007-09-27,15.4,19.4,65,0.00,147,2.14,0.0,13.0,5.9,38
2007-09-28,11.6,18.3,83,10.60,232,1.01,21.0,6.6,4.8,54
2007-09-29,8.8,14.7,73,0.30,220,1.82,2.0,12.6,6.3,33
2007-09-30,9.9,14.3,65,2.80,148,1.29,14.0,14.4,8.7,36
2007-10-01,8.6,14.8,85,4.20,196,1.71,15.0,15.4,8.2,47
2007-10-02,10.5,14.0,74,3.60,198,1.45,8.0,13.5,9.2,49
2007-10-03,8.6,13.1,78,1.50,216,1.62,10.0,8.7,6.0,50
2007-10-04,7.5,11.0,84,11.60,124,1.21,21.0,4.6,2.9,61
2007-10-05,7.1,11.7,83,0.30,356,1.28,1.0,7.3,4.9,48
2007-10-06,10.0,16.2,63,0.00,196,1.91,0.0,9.3,5.9,38
2007-10-07,10.9,15.5,74,0.50,152,1.19,3.0,15.5,8.3,44
2007-10-08,10.0,14.3,78,4.60,221,1.42,5.0,9.8,5.2,41
2007-10-09,12.3,21.2,65,0.00,74,1.89,0.0,6.6,4.6,43
2007-10-10,13.7,20.7,79,3.20,183,0.92,10.0,6.1,3.2,48
2007-10-11,9.9,13.7,89,1.10,201,1.38,4.0,7.9,5.1,66
2007-10-12,11.4,13.6,74,0.00,87,1.12,0.0,5.5,2.4,58
2007-10-13,11.4,16.2,74,0.00,145,1.78,0.0,4.6,2.6,47
2007-10-14,11.4,16.3,78,0.10,137,1.62,1.0,6.8,3.4,47
2007-10-15,11.8,15.4,78,0.80,155,1.28,2.0,5.8,3.8,54
2007-10-16,11.8,14.1,89,6.70,182,0.84,13.0,6.9,4.3,73
2007-10-17,9.0,11.5,79,0.50,189,1.20,4.0,8.4,5.6,48
2007-10-18,7.6,10.7,78,3.00,140,0.68,6.0,10.7,6.9,52
2007-10-19,6.2,11.3,91,10.00,166,0.87,19.0,10.3,6.3,58
2007-10-20,8.1,10.5,79,2.50,188,1.16,6.0,8.7,6.0,69
2007-10-21,7.2,9.3,89,3.30,184,0.59,8.0,10.1,6.4,80
2007-10-22,6.2,10.6,95,7.00,168,0.42,12.0,9.4,6.8,87
2007-10-23,10.8,17.5,86,0.00,182,1.38,0.0,9.0,7.5,60
2007-10-24,10.5,16.0,87,2.40,193,0.62,5.0,10.6,7.6,69
2007-10-25,7.0,9.9,73,0.90,259,1.16,5.0,9.4,6.0,51
2007-10-26,7.4,9.7,65,0.00,317,1.24,0.0,4.2,2.4,47
2007-10-27,5.5,9.2,75,0.00,126,0.95,0.0,6.4,3.7,50
2007-10-28,5.8,8.9,75,0.00,162,0.67,0.0,7.0,5.1,57
2007-10-29,7.5,11.8,76,0.00,178,0.91,0.0,9.4,6.6,55
2007-10-30,6.8,10.2,78,0.30,268,1.14,2.0,8.7,4.2,55
2007-10-31,6.5,9.1,76,0.00,151,0.73,0.0,8.4,4.8,61
2007-11-01,6.9,9.5,66,0.50,242,1.21,3.0,10.9,7.0,34
2007-11-02,7.2,9.2,59,0.00,185,0.87,0.0,9.0,3.8,35
2007-11-03,7.4,10.3,67,0.00,195,0.73,0.0,7.9,6.2,60
2007-11-04,8.2,11.2,79,3.40,242,0.62,7.0,9.6,7.3,57
2007-11-05,6.1,8.8,56,0.00,20,0.92,0.0,5.8,3.6,48
2007-11-06,6.2,9.1,74,0.00,148,0.73,0.0,4.7,2.0,58
2007-11-07,7.3,9.8,87,3.00,182,0.35,10.0,6.2,4.3,75
2007-11-08,7.7,9.5,96,2.30,353,0.31,7.0,5.3,3.3,89
2007-11-09,5.7,9.2,97,5.90,145,0.46,14.0,8.9,6.0,91
2007-11-10,6.3,9.6,87,3.90,192,0.93,12.0,16.2,8.9,38
2007-11-11,6.4,9.0,58,0.00,179,0.96,0.0,12.2,6.8,46
2007-11-12,4.3,7.9,85,8.80,157,0.37,17.0,17.4,10.8,57
2007-11-13,4.2,7.6,67,1.20,230,1.07,1.0,16.8,10.5,47
2007-11-14,4.8,6.1,58,0.00,163,0.72,0.0,8.2,5.7,42
2007-11-15,3.3,7.1,70,2.10,128,0.55,4.0,7.5,6.2,49
2007-11-16,3.9,8.5,96,7.60,150,0.44,24.0,6.6,5.3,88
2007-11-17,6.0,8.3,96,11.00,172,0.40,24.0,7.8,4.9,90
2007-11-18,3.1,6.8,72,2.60,214,0.71,7.0,16.6,6.9,50
2007-11-19,3.4,6.6,59,0.00,34,0.68,0.0,5.1,3.8,50
2007-11-20,1.1,2.7,62,0.00,336,0.56,0.0,6.9,4.1,46
2007-11-21,-0.2,1.5,64,0.00,8,0.52,0.0,4.3,3.5,47
2007-11-22,-1.2,1.1,63,0.00,352,0.48,0.0,4.7,3.7,54
2007-11-23,-0.2,2.7,68,0.00,14,0.45,0.0,4.7,2.3,56
2007-11-24,-0.1,3.3,68,0.00,163,0.41,0.0,7.7,4.7,48
2007-11-25,3.1,5.7,70,0.00,236,0.57,0.0,5.1,3.7,47
2007-11-26,0.4,5.2,72,0.00,141,0.32,0.0,7.7,4.7,48
2007-11-27,-0.7,3.1,77,6.20,238,0.49,14.0,13.4,6.8,55
2007-11-28,1.6,3.4,74,0.10,228,0.43,1.0,7.6,5.2,57
2007-11-29,-0.4,1.4,75,0.20,6,0.38,2.0,9.1,5.3,60
2007-11-30,-2.4,0.0,71,0.00,4,0.40,0.0,7.2,5.8,58
2007-12-01,-5.4,-3.0,69,0.00,19,0.32,0.0,6.2,5.0,57
2007-12-02,-5.1,-0.7,76,6.60,117,0.26,20.0,7.8,6.3,61
2007-12-03,2.4,5.3,92,30.80,136,0.25,24.0,8.7,5.8,86
2007-12-04,5.9,8.2,95,15.90,166,0.34,24.0,9.4,7.6,88
2007-12-05,5.4,6.2,91,0.80,197,0.37,5.0,9.4,7.3,73
2007-12-06,0.0,6.1,87,0.50,318,0.33,3.0,6.8,5.5,72
2007-12-07,-5.2,-2.5,82,0.00,327,0.28,0.0,7.8,6.7,74
2007-12-08,-7.7,-5.1,72,0.00,327,0.34,0.0,7.6,5.8,55
2007-12-09,-3.8,0.2,66,0.50,324,0.36,3.0,5.8,3.3,57
2007-12-10,-0.9,0.9,69,0.40,313,0.39,2.0,6.1,4.4,57
2007-12-11,-2.8,0.3,78,0.00,144,0.28,0.0,8.2,4.2,59
2007-12-12,-2.0,1.9,74,0.70,196,0.41,5.0,7.8,6.5,56
2007-12-13,1.3,3.1,74,0.00,210,0.38,0.0,6.9,5.3,54
2007-12-14,0.4,2.0,78,0.10,163,0.34,1.0,6.0,3.6,70
2007-12-15,-1.2,2.9,82,3.40,150,0.34,12.0,11.5,7.3,72
2007-12-16,0.2,2.6,88,0.40,157,0.31,3.0,12.7,7.2,71
2007-12-17,1.0,2.1,80,1.50,159,0.33,9.0,10.9,6.4,72
2007-12-18,1.8,3.4,76,2.50,144,0.27,8.0,7.4,5.8,61
2007-12-19,1.9,3.0,86,6.50,161,0.25,18.0,9.8,6.4,79
2007-12-20,2.1,3.4,82,3.00,202,0.32,12.0,11.0,7.6,60
2007-12-21,2.3,3.5,58,0.70,279,0.58,3.0,6.6,5.2,40
2007-12-22,-1.3,3.2,67,4.40,137,0.25,13.0,8.7,6.1,43
2007-12-23,-0.8,1.1,81,2.00,160,0.20,9.0,8.5,6.0,75
2007-12-24,0.4,1.5,83,2.60,205,0.35,7.0,9.7,7.8,64
2007-12-25,0.0,1.6,75,0.30,200,0.34,2.0,10.3,7.1,65
2007-12-26,-2.4,1.1,82,2.60,190,0.28,16.0,5.5,4.3,67
2007-12-27,-1.9,1.3,87,0.30,207,0.24,3.0,8.0,4.7,69
2007-12-28,-4.7,-0.6,84,3.80,148,0.24,20.0,7.8,5.1,79
2007-12-29,-1.5,1.4,87,0.70,186,0.34,7.0,6.3,4.2,58
2007-12-30,-1.7,1.3,84,2.50,175,0.27,8.0,8.7,6.4,67
2007-12-31,-0.4,2.3,82,0.00,238,0.40,0.0,8.4,6.1,60
2008-01-01,-3.8,1.9,89,0.00,123,0.22,0.0,7.6,3.8,65
2008-01-02,-4.4,-1.9,79,0.00,147,0.28,0.0,8.5,7.4,73
2008-01-03,-1.5,1.0,89,0.00,142,0.29,0.0,7.8,5.8,79
2008-01-04,1.1,3.5,91,4.30,132,0.22,18.0,9.7,7.4,81
2008-01-05,1.9,4.4,90,5.40,151,0.33,18.0,9.4,7.9,84
2008-01-06,-0.8,1.3,92,0.40,183,0.34,2.0,9.2,6.9,77
2008-01-07,-2.6,0.7,89,0.00,206,0.39,0.0,6.5,3.7,71
2008-01-08,-2.5,0.6,90,3.70,139,0.25,20.0,8.0,5.3,72
2008-01-09,-1.1,1.4,89,0.70,172,0.37,4.0,7.3,5.0,72
2008-01-10,-2.4,1.5,88,4.30,148,0.30,11.0,8.9,6.8,75
2008-01-11,-0.6,4.2,87,1.70,170,0.39,11.0,7.0,5.4,66
2008-01-12,-0.2,3.8,89,1.40,186,0.26,6.0,6.8,5.0,73
2008-01-13,1.0,2.8,83,0.00,181,0.40,0.0,7.3,5.9,69
2008-01-14,-1.9,1.3,89,1.60,157,0.33,10.0,11.0,7.8,77
2008-01-15,-3.0,0.8,69,4.20,281,0.64,7.0,16.9,9.4,42
2008-01-16,-4.7,-0.1,81,0.00,281,0.34,0.0,8.4,4.1,41
2008-01-17,-3.8,2.6,86,0.00,278,0.33,0.0,7.6,5.2,64
2008-01-18,1.3,4.6,82,0.00,265,0.43,0.0,6.9,4.8,68
2008-01-19,-1.0,4.2,88,1.60,226,0.29,5.0,6.1,3.9,71
2008-01-20,-1.3,1.5,80,4.10,11,0.53,13.0,11.3,6.5,43
2008-01-21,-8.3,-4.0,77,0.00,311,0.45,0.0,9.9,5.9,51
2008-01-22,-10.4,-4.9,76,0.00,304,0.42,0.0,6.2,3.8,50
2008-01-23,-10.4,-5.0,77,0.00,264,0.40,0.0,4.7,3.0,52
2008-01-24,-10.2,-4.4,76,0.00,224,0.42,0.0,4.7,3.3,50
2008-01-25,-11.9,-4.9,75,0.00,262,0.44,0.0,5.1,4.3,47
2008-01-26,-8.1,-4.4,73,0.00,183,0.40,0.0,8.2,6.8,60
2008-01-27,-4.1,-0.5,78,1.40,193,0.54,6.0,7.1,5.4,57
2008-01-28,-12.0,-1.5,73,0.00,295,0.33,0.0,9.1,7.1,58
2008-01-29,-13.9,-7.6,71,2.70,332,0.26,14.0,6.6,3.0,59
2008-01-30,-8.2,-3.1,79,0.50,257,0.42,4.0,5.4,3.1,59
2008-01-31,-3.7,1.3,77,1.70,165,0.58,8.0,8.1,6.3,61
2008-02-01,-3.3,1.3,79,0.60,216,0.57,3.0,6.6,4.2,58
2008-02-02,-4.2,1.0,77,0.30,220,0.64,3.0,5.4,3.8,61
2008-02-03,-4.5,0.1,80,0.00,322,0.62,0.0,6.2,4.7,57
2008-02-04,-7.3,-0.3,75,0.00,275,0.56,0.0,6.1,4.5,51
2008-02-05,-3.8,-0.1,72,1.10,161,0.40,4.0,9.5,5.9,50
2008-02-06,-2.5,1.1,77,0.30,205,0.71,1.0,12.1,8.9,55
2008-02-07,-0.0,3.3,82,12.90,181,0.69,16.0,8.8,5.6,65
2008-02-08,0.6,3.3,75,0.70,219,0.70,3.0,12.6,8.9,63
2008-02-09,2.5,5.7,76,1.40,355,0.52,9.0,6.3,3.3,55
2008-02-10,3.7,6.4,82,1.00,178,0.71,6.0,11.1,6.6,71
2008-02-11,1.8,4.2,78,1.80,217,0.51,9.0,9.2,6.6,66
2008-02-12,3.2,5.1,80,0.40,193,0.74,3.0,6.9,5.4,71
2008-02-13,1.7,5.1,77,1.20,262,0.90,4.0,15.1,7.9,53
2008-02-14,0.2,7.1,71,0.00,256,0.79,0.0,6.5,4.9,49
2008-02-15,0.2,7.1,74,0.00,214,0.68,0.0,8.6,4.8,49
2008-02-16,2.0,5.5,79,0.80,242,0.93,4.0,7.7,6.5,58
2008-02-17,0.2,5.7,70,0.00,281,1.11,0.0,8.4,5.3,46
2008-02-18,-3.1,5.6,70,0.00,286,1.13,0.0,4.7,2.9,40
2008-02-19,-2.5,4.9,67,0.00,217,1.12,0.0,4.7,3.4,45
2008-02-20,-0.9,6.5,68,0.00,235,1.17,0.0,5.0,3.1,44
2008-02-21,1.8,7.2,70,0.00,209,1.21,0.0,3.3,2.6,50
2008-02-22,2.2,8.0,73,0.00,216,1.23,0.0,3.1,2.0,54
2008-02-23,4.2,8.8,71,0.00,221,1.31,0.0,4.3,3.2,51
2008-02-24,3.8,8.4,74,0.00,0,1.14,0.0,4.9,2.8,56
2008-02-25,5.0,8.3,78,0.90,257,1.18,6.0,4.3,2.4,58
2008-02-26,3.0,7.4,80,0.70,186,1.00,4.0,7.4,4.8,68
2008-02-27,3.4,7.5,85,0.00,177,1.00,0.0,10.0,7.1,68
2008-02-28,7.1,11.2,72,0.20,237,1.42,2.0,9.0,6.2,48
2008-02-29,4.2,9.3,78,0.00,162,1.14,0.0,7.8,5.3,58
2008-03-01,4.3,6.9,76,1.70,205,1.38,5.0,10.2,8.1,56
2008-03-02,1.9,6.5,72,0.00,236,1.38,0.0,9.8,6.9,52
2008-03-03,3.3,5.4,76,4.70,190,1.01,16.0,9.9,6.8,51
2008-03-04,3.0,6.7,80,1.60,273,1.29,9.0,13.8,7.9,56
2008-03-05,1.4,8.9,66,0.00,273,1.72,0.0,8.7,5.0,38
2008-03-06,0.1,8.6,71,0.00,232,1.61,0.0,4.5,2.5,45
2008-03-07,3.4,8.2,72,0.00,194,1.67,0.0,8.0,5.8,55
2008-03-08,6.0,9.7,73,0.20,200,1.49,2.0,6.3,5.1,47
2008-03-09,2.6,10.9,75,0.20,217,1.30,1.0,5.2,3.4,43
2008-03-10,3.7,7.5,82,0.40,167,0.91,3.0,7.6,5.2,71
2008-03-11,4.7,8.0,83,1.70,187,1.36,8.0,14.8,8.1,61
2008-03-12,3.9,8.7,65,0.00,231,1.79,0.0,11.7,6.8,40
2008-03-13,4.5,7.9,62,0.00,112,1.44,0.0,6.1,3.0,48
2008-03-14,4.9,7.8,80,3.40,165,1.25,16.0,5.1,3.7,56
2008-03-15,5.0,8.3,78,0.60,309,1.51,6.0,4.1,2.5,60
2008-03-16,3.6,7.6,77,2.80,252,1.69,8.0,8.8,5.5,47
2008-03-17,5.1,8.9,62,1.10,223,1.67,6.0,12.2,8.2,48
2008-03-18,5.6,8.1,60,0.30,230,1.96,2.0,12.4,7.9,47
2008-03-19,3.6,7.0,60,0.00,217,1.97,0.0,9.7,6.2,48
2008-03-20,4.8,7.4,67,1.50,172,1.74,8.0,8.8,5.3,46
2008-03-21,4.6,7.2,62,0.50,212,1.93,3.0,12.6,7.1,39
2008-03-22,3.8,8.3,51,0.00,194,2.24,0.0,11.4,5.8,41
2008-03-23,4.5,7.6,64,2.10,151,1.51,5.0,15.3,8.4,51
2008-03-24,2.4,6.2,64,3.50,227,2.11,6.0,18.4,9.3,50
2008-03-25,3.5,6.5,52,0.30,193,1.96,2.0,9.7,4.4,35
2008-03-26,3.4,5.6,62,3.00,141,1.28,9.0,9.1,6.6,49
2008-03-27,2.8,5.9,58,0.20,226,2.03,1.0,11.3,7.8,39
2008-03-28,3.2,4.8,43,0.00,137,1.68,0.0,11.2,6.3,36
2008-03-29,3.1,5.8,54,0.10,340,1.89,1.0,8.2,5.3,43
2008-03-30,4.4,5.4,42,0.20,4,1.88,1.0,6.6,4.1,35
2008-03-31,4.7,6.2,41,0.60,317,2.15,5.0,4.6,3.3,20
2008-04-01,3.0,7.6,56,2.10,261,2.16,4.0,5.2,3.1,27
2008-04-02,5.3,9.3,43,0.00,302,2.29,0.0,6.0,4.0,26
2008-04-03,6.6,9.9,53,0.00,223,2.37,0.0,7.2,4.5,40
2008-04-04,7.5,9.7,53,0.90,267,1.90,5.0,7.1,3.7,37
2008-04-05,5.8,9.2,70,0.30,225,2.14,3.0,9.3,6.5,49
2008-04-06,6.6,9.2,67,0.30,186,2.05,1.0,9.8,5.7,55
2008-04-07,6.3,8.8,73,0.10,191,2.00,1.0,8.1,5.7,57
2008-04-08,6.4,8.7,60,0.10,184,2.11,1.0,8.0,5.7,47
2008-04-09,5.6,9.5,70,0.40,225,2.15,3.0,5.8,4.0,45
2008-04-10,6.2,10.2,52,0.60,245,2.76,5.0,8.3,6.0,43
2008-04-11,7.3,12.5,57,0.00,224,2.64,0.0,8.9,6.5,45
2008-04-12,9.2,15.0,66,0.00,201,3.03,0.0,12.2,4.7,48
2008-04-13,11.4,16.1,68,1.10,184,2.40,2.0,12.3,7.4,54
2008-04-14,10.1,15.9,71,2.80,271,2.33,7.0,10.9,6.2,45
2008-04-15,5.1,9.0,58,0.40,261,2.52,2.0,10.8,7.6,50
2008-04-16,6.5,12.1,60,0.40,258,2.63,2.0,10.9,8.1,52
2008-04-17,8.6,13.6,58,0.00,237,3.00,0.0,13.5,8.1,39
2008-04-18,7.0,12.1,54,0.70,230,2.87,4.0,14.8,10.3,37
2008-04-19,1.9,7.7,61,5.80,327,1.67,14.0,9.6,7.6,33
2008-04-20,1.9,5.0,56,0.10,338,2.21,1.0,9.4,6.9,42
2008-04-21,3.9,6.4,39,0.00,325,2.48,0.0,11.1,5.5,30
2008-04-22,3.2,7.4,45,0.00,343,2.70,0.0,10.0,6.0,36
2008-04-23,4.1,6.5,54,0.00,18,1.97,0.0,7.8,4.8,44
2008-04-24,6.4,9.7,71,0.80,200,1.92,3.0,13.8,6.4,51
2008-04-25,6.3,12.0,57,1.30,265,3.04,9.0,13.7,8.3,31
2008-04-26,9.4,16.0,43,0.00,234,3.86,0.0,10.9,4.1,25
2008-04-27,10.9,15.9,49,0.00,161,3.27,0.0,10.4,6.4,34
2008-04-28,12.9,18.1,61,2.40,215,3.52,2.0,13.1,6.5,41
2008-04-29,8.6,15.1,74,7.10,222,2.69,12.0,10.3,5.4,35
2008-04-30,7.0,12.1,52,0.80,251,3.26,7.0,11.2,6.9,32
2008-05-01,8.5,14.4,48,0.50,213,3.49,2.0,8.2,6.3,30
2008-05-02,10.9,17.4,46,0.00,158,3.95,0.0,10.3,5.0,28
2008-05-03,12.5,17.0,55,0.20,256,2.89,2.0,8.5,5.1,29
2008-05-04,12.9,21.1,63,0.20,300,3.93,1.0,8.6,4.1,32
2008-05-05,15.5,20.8,52,0.00,259,3.39,0.0,9.4,5.1,34
2008-05-06,14.1,19.0,56,0.60,273,3.91,4.0,6.8,4.9,39
2008-05-07,13.1,18.9,55,0.40,255,3.96,3.0,15.1,8.0,31
2008-05-08,8.3,14.5,68,3.30,276,3.02,10.0,12.1,6.7,32
2008-05-09,10.0,17.2,66,1.00,266,3.10,4.0,6.2,3.9,32
2008-05-10,13.6,18.5,48,0.60,189,3.42,3.0,12.3,6.8,33
2008-05-11,10.3,17.8,75,5.30,234,1.93,18.0,12.6,7.0,40
2008-05-12,9.7,17.8,64,0.00,256,2.97,0.0,8.9,5.5,34
2008-05-13,12.4,18.1,58,4.80,220,2.16,7.0,11.2,6.2,31
2008-05-14,11.3,19.5,79,1.90,252,2.40,8.0,6.3,4.6,50
2008-05-15,16.3,26.1,64,0.00,312,4.77,0.0,6.4,4.2,35
2008-05-16,20.1,29.2,55,0.00,116,5.47,0.0,6.1,2.7,26
2008-05-17,23.3,31.5,43,0.00,167,5.75,0.0,9.8,4.4,26
2008-05-18,24.7,31.3,47,0.00,237,5.98,0.0,12.2,8.4,27
2008-05-19,20.9,27.0,50,0.30,231,4.48,2.0,13.2,7.8,32
2008-05-20,17.7,24.1,66,5.90,215,2.49,11.0,9.8,4.7,40
2008-05-21,10.8,16.7,67,1.60,250,2.82,5.0,10.1,6.5,47
2008-05-22,13.5,20.0,64,1.50,312,4.03,3.0,12.0,7.1,39
2008-05-23,15.8,21.4,57,0.90,358,3.30,3.0,17.5,8.6,38
2008-05-24,18.5,23.4,46,0.00,30,4.46,0.0,13.0,8.0,36
2008-05-25,18.8,23.8,54,0.50,22,3.79,2.0,10.7,4.8,35
2008-05-26,15.4,20.5,83,17.80,14,2.02,20.0,7.8,3.7,52
2008-05-27,16.7,22.5,65,0.00,52,4.25,0.0,8.0,3.9,33
2008-05-28,19.3,25.1,48,0.00,186,4.91,0.0,4.9,2.9,34
2008-05-29,18.8,24.9,54,0.00,243,5.03,0.0,9.6,6.3,32
2008-05-30,17.0,24.4,49,0.00,263,5.23,0.0,8.8,5.3,29
2008-05-31,19.5,25.7,46,0.00,252,5.22,0.0,7.3,4.0,27
2008-06-01,17.1,25.0,64,3.90,244,2.39,8.0,6.9,4.6,28
2008-06-02,14.6,19.5,68,0.40,252,2.85,3.0,6.4,4.2,42
2008-06-03,15.5,20.1,53,0.00,218,4.07,0.0,8.1,5.2,37
2008-06-04,13.1,18.6,71,0.40,265,2.63,4.0,8.9,5.9,50
2008-06-05,13.2,19.2,69,4.00,237,2.34,10.0,7.6,5.0,45
2008-06-06,11.1,17.7,79,3.30,223,3.23,5.0,7.9,5.6,40
2008-06-07,12.7,19.0,66,2.70,259,3.09,9.0,9.0,7.0,38
2008-06-08,13.3,19.5,59,0.20,244,4.40,1.0,11.7,7.6,36
2008-06-09,14.8,19.0,52,0.20,225,4.26,1.0,10.6,5.2,36
2008-06-10,10.1,15.9,86,14.60,253,1.93,21.0,7.1,4.3,59
2008-06-11,14.0,20.7,71,1.00,283,3.49,5.0,10.6,6.5,46
2008-06-12,16.2,25.2,60,0.00,267,5.25,0.0,10.1,7.0,26
2008-06-13,16.9,24.3,54,0.00,238,5.13,0.0,15.9,10.4,27
2008-06-14,14.6,19.9,57,0.00,277,4.07,0.0,14.4,5.5,34
2008-06-15,17.0,23.7,50,0.00,203,4.88,0.0,5.4,3.3,29
2008-06-16,19.1,26.3,46,0.00,233,5.82,0.0,7.9,5.3,24
2008-06-17,19.0,26.3,42,0.00,239,6.04,0.0,12.4,8.6,24
2008-06-18,15.1,21.6,48,0.10,236,4.99,1.0,12.8,8.6,29
2008-06-19,15.9,22.4,45,0.00,229,4.90,0.0,11.1,6.2,31
2008-06-20,19.1,26.1,52,0.00,187,4.49,0.0,8.8,3.9,28
2008-06-21,21.5,27.0,43,0.00,111,4.30,0.0,8.4,4.1,28
2008-06-22,19.0,26.3,64,1.80,229,4.51,7.0,9.9,6.4,29
2008-06-23,17.8,23.7,46,0.00,240,5.06,0.0,8.6,5.7,27
2008-06-24,18.9,24.4,40,0.00,212,5.34,0.0,11.2,7.2,25
2008-06-25,18.2,24.4,44,0.00,247,5.30,0.0,10.8,5.5,25
2008-06-26,18.8,24.7,41,0.00,241,5.01,0.0,13.7,8.2,25
2008-06-27,17.9,27.8,56,0.00,274,5.37,0.0,9.2,5.2,30
2008-06-28,24.4,33.6,44,0.00,109,6.40,0.0,7.9,4.3,22
2008-06-29,27.5,36.8,44,0.00,174,6.77,0.0,7.9,4.9,20
2008-06-30,28.2,35.9,47,0.00,240,5.99,0.0,6.5,4.5,21
2008-07-01,28.4,35.7,45,0.20,293,5.39,1.0,5.4,2.8,22
2008-07-02,26.7,33.6,50,0.90,183,5.42,3.0,6.2,3.1,25
2008-07-03,26.7,32.0,45,0.10,231,4.95,1.0,8.7,4.3,28
2008-07-04,22.5,28.3,68,1.30,258,3.72,1.0,9.7,4.8,41
2008-07-05,21.2,27.2,52,1.00,227,5.41,1.0,12.1,7.8,29
2008-07-06,21.8,26.4,50,0.00,245,4.80,0.0,12.2,6.9,27
2008-07-07,20.3,26.1,49,0.00,268,4.50,0.0,8.9,6.1,28
2008-07-08,22.5,29.8,46,0.00,253,5.54,0.0,11.7,6.3,26
2008-07-09,23.3,29.1,47,0.10,237,6.27,1.0,16.6,8.8,23
2008-07-10,19.9,28.2,44,2.20,247,4.95,5.0,17.7,11.2,25
2008-07-11,17.0,25.7,46,0.00,289,5.23,0.0,11.0,4.5,24
2008-07-12,22.2,30.8,39,0.00,118,6.05,0.0,7.6,4.4,19
2008-07-13,24.4,31.2,34,0.00,233,7.03,0.0,15.3,8.6,18
2008-07-14,23.2,30.4,35,0.00,248,6.41,0.0,15.8,7.3,20
2008-07-15,23.0,28.7,37,0.20,241,6.07,1.0,12.3,6.1,21
2008-07-16,22.4,28.5,39,0.00,263,5.93,0.0,12.3,5.3,21
2008-07-17,23.7,30.0,35,0.00,232,6.05,0.0,8.9,5.1,16
2008-07-18,21.3,29.0,44,0.00,269,5.79,0.0,11.2,7.3,18
2008-07-19,20.8,28.6,54,1.10,246,5.13,2.0,6.6,3.5,23
2008-07-20,24.8,33.1,40,0.00,211,6.20,0.0,9.5,5.6,19
2008-07-21,26.2,33.1,38,0.00,238,6.56,0.0,9.5,6.1,19
2008-07-22,24.7,32.3,43,0.00,263,6.03,0.0,9.7,6.9,23
2008-07-23,21.8,29.3,49,0.40,272,3.97,3.0,7.6,5.5,23
2008-07-24,20.8,28.9,51,0.00,251,5.15,0.0,8.5,4.2,16
2008-07-25,25.6,31.2,32,0.00,136,5.26,0.0,7.2,3.0,14
2008-07-26,24.8,30.9,41,0.00,243,5.30,0.0,7.6,5.7,19
2008-07-27,22.9,29.4,45,0.00,245,5.52,0.0,11.8,7.8,21
2008-07-28,20.5,27.8,48,0.00,232,5.33,0.0,13.8,6.5,25
2008-07-29,22.7,28.0,42,0.00,237,4.25,0.0,11.1,6.0,24
2008-07-30,17.4,24.6,59,4.20,238,4.23,8.0,11.6,7.4,23
2008-07-31,18.3,24.1,45,0.00,225,4.03,0.0,10.2,5.5,23
2008-08-01,18.3,24.6,59,5.40,252,3.92,10.0,11.4,5.4,23
2008-08-02,18.3,23.4,55,0.00,283,4.49,0.0,10.3,5.4,36
2008-08-03,19.4,26.2,63,0.60,299,4.65,4.0,6.7,4.6,29
2008-08-04,22.9,29.3,46,0.00,5,5.25,0.0,5.6,2.6,22
2008-08-05,24.6,31.9,42,0.00,38,5.68,0.0,8.0,3.8,18
2008-08-06,26.8,34.4,37,0.00,44,5.68,0.0,6.9,3.3,16
2008-08-07,28.7,34.9,37,0.00,205,5.92,0.0,9.3,5.0,16
2008-08-08,27.7,34.9,38,0.00,213,5.17,0.0,8.0,4.4,15
2008-08-09,23.5,30.8,58,2.90,173,3.35,3.0,13.2,3.6,27
2008-08-10,17.9,22.9,55,2.80,218,4.37,4.0,11.3,7.0,30
2008-08-11,18.3,26.8,50,0.20,247,4.45,1.0,11.0,6.8,25
2008-08-12,21.4,29.0,55,0.00,59,4.93,0.0,6.1,3.3,26
2008-08-13,22.9,29.3,53,0.00,272,4.65,0.0,8.7,5.7,27
2008-08-14,25.4,33.7,48,0.00,10,5.25,0.0,7.9,3.8,24
2008-08-15,29.4,36.9,42,0.00,153,5.68,0.0,9.1,4.0,18
2008-08-16,28.7,36.6,43,0.00,257,5.38,0.0,5.8,3.8,18
2008-08-17,29.4,36.4,41,0.10,189,4.65,1.0,6.1,3.1,18
2008-08-18,27.4,33.0,49,0.50,298,3.92,2.0,10.7,4.1,27
2008-08-19,22.0,29.6,73,9.60,208,3.02,14.0,9.7,5.7,35
2008-08-20,18.5,23.0,80,5.20,161,3.10,16.0,11.1,6.5,54
2008-08-21,16.0,21.9,79,8.30,236,2.66,22.0,9.2,5.5,52
2008-08-22,17.2,23.8,59,0.00,206,3.65,0.0,9.1,5.2,32
2008-08-23,20.1,27.4,54,0.00,158,4.53,0.0,9.2,6.1,32
2008-08-24,22.2,27.3,51,0.00,167,4.12,0.0,13.3,7.5,30
2008-08-25,17.8,24.2,74,4.20,204,2.73,12.0,7.8,5.5,37
2008-08-26,15.1,21.8,54,0.00,232,4.02,0.0,12.0,8.0,26
2008-08-27,15.8,20.8,62,5.30,233,2.95,13.0,14.5,7.6,29
2008-08-28,16.0,20.9,63,0.30,222,2.52,2.0,13.0,8.9,40
2008-08-29,19.5,25.2,65,0.70,207,3.02,4.0,16.0,8.2,44
2008-08-30,16.6,24.1,58,0.10,271,3.54,1.0,14.9,7.2,32
2008-08-31,14.6,19.1,57,0.00,322,3.59,0.0,10.2,6.5,33
2008-09-01,15.3,20.5,56,0.00,288,3.56,0.0,9.0,6.3,27
2008-09-02,16.0,20.4,54,0.00,214,3.18,0.0,8.3,4.9,26
2008-09-03,16.7,20.4,56,0.00,279,3.07,0.0,9.7,6.0,33
2008-09-04,17.9,22.1,52,0.00,345,3.12,0.0,7.6,4.0,31
2008-09-05,17.9,22.1,65,0.60,289,2.16,5.0,6.4,3.6,31
2008-09-06,16.5,20.4,80,0.30,335,2.49,2.0,6.9,3.6,53
2008-09-07,17.4,21.9,69,0.40,341,3.05,2.0,7.6,4.6,34
2008-09-08,17.5,21.7,63,0.00,90,2.69,0.0,6.2,2.6,34
2008-09-09,18.2,21.7,62,1.00,314,2.71,3.0,10.5,4.8,37
2008-09-10,16.6,22.7,56,0.00,331,3.58,0.0,11.4,4.6,29
2008-09-11,18.9,26.6,63,0.00,126,3.62,0.0,6.2,2.8,29
2008-09-12,20.4,26.4,55,0.10,259,3.63,1.0,12.4,7.7,32
2008-09-13,16.7,22.4,53,0.00,337,3.55,0.0,11.6,5.2,26
2008-09-14,17.8,24.3,56,0.00,16,3.45,0.0,6.3,3.1,24
2008-09-15,19.2,26.7,58,0.00,44,3.46,0.0,5.1,2.3,23
2008-09-16,21.3,28.6,54,0.00,103,3.64,0.0,5.6,2.6,20
2008-09-17,21.5,29.8,50,0.00,144,3.52,0.0,6.5,2.6,19
2008-09-18,22.6,29.9,52,0.00,157,3.33,0.0,5.5,2.2,20
2008-09-19,22.1,29.3,58,0.00,266,3.34,0.0,5.2,3.2,22
2008-09-20,21.6,28.7,53,0.00,299,2.87,0.0,7.1,5.0,22
2008-09-21,16.2,25.0,73,6.90,256,1.69,16.0,9.0,7.5,30
2008-09-22,11.9,16.6,73,4.40,243,1.51,13.0,10.1,6.5,59
2008-09-23,11.0,17.4,61,0.30,222,2.48,2.0,6.6,5.2,32
2008-09-24,12.8,17.3,56,0.80,120,1.81,3.0,6.6,5.0,31
2008-09-25,13.5,16.5,77,2.00,141,1.74,2.0,6.5,3.9,52
2008-09-26,13.3,18.0,84,0.70,172,1.61,1.0,10.8,4.5,48
2008-09-27,15.2,20.2,68,0.00,190,2.35,0.0,12.5,7.4,34
2008-09-28,15.2,21.5,60,0.00,252,2.69,0.0,7.4,3.6,30
2008-09-29,16.3,23.6,58,0.00,49,2.68,0.0,5.0,2.2,25
2008-09-30,18.1,25.6,57,0.00,359,2.74,0.0,5.0,2.6,26
2008-10-01,19.9,27.3,57,0.00,25,2.75,0.0,5.4,2.6,28
2008-10-02,20.2,26.6,58,0.00,123,1.92,0.0,9.0,3.2,32
2008-10-03,15.5,20.6,84,10.70,165,1.60,15.0,10.3,4.8,50
2008-10-04,15.4,18.6,79,5.70,112,1.26,15.0,10.1,5.2,51
2008-10-05,11.5,16.7,71,3.30,221,1.84,5.0,13.4,8.7,39
2008-10-06,11.6,16.4,57,0.00,189,2.25,0.0,11.9,5.7,39
2008-10-07,10.7,15.1,78,6.30,210,1.92,15.0,21.3,10.6,43
2008-10-08,8.0,12.5,59,0.10,232,2.01,1.0,15.5,7.0,39
2008-10-09,8.7,11.5,57,0.00,30,1.66,0.0,7.6,4.4,39
2008-10-10,7.5,10.8,57,0.00,343,1.83,0.0,9.8,6.6,37
2008-10-11,8.1,10.5,57,0.00,334,1.85,0.0,8.0,5.3,38
2008-10-12,8.1,13.3,57,0.00,334,1.58,0.0,5.8,3.7,41
2008-10-13,9.9,14.0,84,0.10,210,0.87,1.0,9.1,5.1,60
2008-10-14,7.8,12.1,74,4.70,270,1.56,10.0,8.4,6.2,31
2008-10-15,8.2,10.8,47,0.00,37,1.63,0.0,6.0,3.3,34
2008-10-16,8.1,10.6,63,0.10,142,0.84,1.0,7.6,4.4,47
2008-10-17,9.4,15.1,86,2.30,156,0.74,11.0,7.1,6.1,66
2008-10-18,12.9,15.6,74,0.90,246,1.22,4.0,7.9,5.5,49
2008-10-19,9.1,12.8,74,0.00,22,1.42,0.0,7.3,4.3,38
2008-10-20,9.0,12.3,76,1.50,155,0.74,5.0,9.7,5.4,46
2008-10-21,6.5,11.9,68,0.50,238,1.42,3.0,9.7,7.3,35
2008-10-22,8.4,12.5,64,0.00,144,1.54,0.0,10.0,6.4,38
2008-10-23,7.9,11.6,66,0.70,177,1.26,3.0,9.4,4.9,42
2008-10-24,9.5,14.2,69,0.00,201,1.23,0.0,12.8,6.2,46
2008-10-25,7.9,12.5,69,0.20,267,1.42,2.0,12.2,8.7,32
2008-10-26,7.5,10.2,37,0.00,352,1.56,0.0,7.1,4.6,29
2008-10-27,7.0,12.1,65,0.00,50,1.21,0.0,4.0,1.8,42
2008-10-28,8.2,12.8,75,0.00,198,1.15,0.0,6.0,3.4,47
2008-10-29,8.1,12.0,74,0.00,186,0.98,0.0,7.9,6.0,50
2008-10-30,8.8,13.2,76,0.00,183,0.83,0.0,6.6,2.6,54
2008-10-31,9.4,12.3,81,1.20,206,0.48,3.0,4.7,2.2,64
2008-11-01,8.7,12.4,93,2.40,157,0.64,5.0,6.8,5.0,76
2008-11-02,10.4,13.0,92,7.60,170,0.71,11.0,8.7,5.3,85
2008-11-03,7.3,11.0,90,2.50,179,0.62,10.0,7.7,5.8,73
2008-11-04,5.7,8.0,91,5.60,58,0.30,9.0,5.4,4.2,81
2008-11-05,4.6,8.6,77,2.40,213,0.93,8.0,8.0,6.0,46
2008-11-06,3.6,7.6,73,4.40,129,0.39,7.0,9.4,6.3,61
2008-11-07,4.4,7.7,88,2.80,144,0.48,7.0,6.6,4.2,80
2008-11-08,5.5,8.6,96,6.00,134,0.33,18.0,6.4,4.7,87
2008-11-09,7.7,10.8,93,1.30,174,0.63,4.0,7.0,4.8,77
2008-11-10,7.7,10.5,93,2.70,168,0.64,11.0,8.9,6.6,73
2008-11-11,5.5,9.0,85,9.20,174,0.37,13.0,9.4,6.8,66
2008-11-12,6.8,12.3,91,9.80,182,0.67,18.0,12.6,7.2,70
2008-11-13,6.3,10.5,75,1.60,253,0.94,5.0,14.1,9.4,35
2008-11-14,5.8,7.3,42,0.00,274,0.86,0.0,8.5,5.0,31
2008-11-15,3.3,8.8,73,0.00,161,0.47,0.0,7.4,5.2,64
2008-11-16,7.4,9.6,85,0.00,197,0.45,0.0,5.0,2.5,74
2008-11-17,7.7,11.6,78,0.00,178,0.76,0.0,7.0,4.9,60
2008-11-18,7.8,10.7,79,0.70,206,0.70,2.0,8.4,6.3,61
2008-11-19,3.3,7.6,78,0.00,344,0.59,0.0,6.3,5.2,61
2008-11-20,3.1,6.5,72,0.50,71,0.55,2.0,5.4,4.4,51
2008-11-21,3.6,7.6,81,2.10,179,0.66,5.0,12.0,7.1,62
2008-11-22,3.8,7.6,75,2.10,182,0.74,8.0,10.3,8.6,52
2008-11-23,4.9,7.0,60,0.00,193,0.80,0.0,8.9,5.9,53
2008-11-24,1.8,6.1,72,0.00,147,0.61,0.0,8.4,6.0,52
2008-11-25,3.3,6.3,73,0.00,160,0.54,0.0,7.9,5.7,58
2008-11-26,4.8,6.8,72,0.20,258,0.56,2.0,7.2,5.0,60
2008-11-27,2.5,4.4,67,0.00,116,0.48,0.0,6.8,4.4,49
2008-11-28,3.9,4.7,76,4.10,173,0.25,9.0,6.6,4.8,60
2008-11-29,4.9,7.8,89,1.20,222,0.38,6.0,5.8,3.1,84
2008-11-30,7.0,9.4,90,0.60,219,0.41,3.0,5.6,2.2,83
2008-12-01,4.4,8.8,90,0.00,178,0.45,0.0,9.0,7.5,75
2008-12-02,3.9,7.4,79,3.00,294,0.60,7.0,11.6,7.3,41
2008-12-03,2.0,2.7,49,0.00,333,0.66,0.0,6.0,4.8,43
2008-12-04,-1.7,1.5,62,0.00,356,0.47,0.0,6.4,3.8,50
2008-12-05,0.8,2.7,66,1.60,162,0.25,7.0,5.4,3.8,58
2008-12-06,3.3,7.3,87,2.70,185,0.36,12.0,6.9,4.5,76
2008-12-07,5.0,7.0,87,1.50,212,0.37,8.0,8.1,5.7,75
2008-12-08,5.1,6.5,82,0.30,264,0.40,2.0,5.6,4.3,68
2008-12-09,3.8,6.6,86,4.60,171,0.18,13.0,8.1,5.6,62
2008-12-10,4.0,7.8,84,0.00,190,0.42,0.0,8.0,6.5,69
2008-12-11,4.8,6.0,75,0.00,275,0.50,0.0,7.8,4.6,61
2008-12-12,2.2,4.7,80,5.30,150,0.18,10.0,7.0,4.5,67
2008-12-13,-1.1,1.1,79,9.40,354,0.36,24.0,11.5,8.9,63
2008-12-14,-7.9,-5.4,69,2.00,7,0.36,11.0,11.3,9.6,56
2008-12-15,-13.9,-8.9,71,0.00,349,0.25,0.0,10.6,8.1,61
2008-12-16,-14.3,-8.7,71,0.00,318,0.26,0.0,8.7,5.5,60
2008-12-17,-11.3,-8.9,78,3.50,112,0.19,17.0,8.7,5.3,68
2008-12-18,-9.3,-7.1,82,4.70,21,0.19,24.0,10.9,7.6,73
2008-12-19,-14.9,-8.2,79,0.20,317,0.15,2.0,8.7,7.9,70
2008-12-20,-17.5,-14.3,73,0.00,340,0.19,0.0,7.2,5.5,58
2008-12-21,-14.5,-9.8,75,3.20,90,0.15,15.0,6.8,5.4,61
2008-12-22,-11.5,-9.7,82,0.20,352,0.19,2.0,7.0,4.7,71
2008-12-23,-12.5,-8.7,79,0.00,332,0.23,0.0,7.1,3.9,66
2008-12-24,-11.2,-7.6,81,1.90,141,0.16,10.0,7.0,4.7,70
2008-12-25,-7.1,-5.2,85,1.10,12,0.24,6.0,6.7,4.4,74
2008-12-26,-7.3,-4.6,86,0.20,262,0.21,1.0,7.1,5.0,70
2008-12-27,-5.5,-2.0,80,3.80,151,0.20,17.0,8.3,6.6,78
2008-12-28,0.6,3.9,85,2.80,198,0.40,13.0,6.7,5.1,64
2008-12-29,-1.6,2.0,88,3.10,177,0.28,13.0,7.9,4.1,64
2008-12-30,-2.1,0.2,81,0.70,207,0.38,2.0,14.0,7.5,63
2008-12-31,-3.3,-0.8,80,3.20,187,0.44,10.0,17.0,9.7,55
2009-01-01,-2.1,-0.3,80,8.80,225,0.28,13.0,10.7,5.2,60
2009-01-02,-4.6,-0.0,84,2.90,310,0.28,11.0,6.8,5.0,56
2009-01-03,-10.7,-4.9,77,0.00,243,0.28,0.0,5.4,3.5,54
2009-01-04,-9.6,-7.3,79,0.20,168,0.21,1.0,8.4,5.7,67
2009-01-05,-5.4,0.1,81,6.10,152,0.30,15.0,9.1,5.4,68
2009-01-06,1.4,2.1,78,5.90,188,0.29,10.0,7.7,6.5,70
2009-01-07,3.1,6.1,87,5.60,187,0.32,15.0,8.8,7.6,81
2009-01-08,4.6,5.7,87,5.60,196,0.41,18.0,8.6,7.0,78
2009-01-09,-0.4,4.5,79,1.30,249,0.34,3.0,8.0,5.9,66
2009-01-10,1.5,3.4,74,0.10,198,0.44,1.0,8.6,7.1,69
2009-01-11,2.4,4.6,86,2.60,210,0.35,8.0,8.1,6.6,78
2009-01-12,1.5,5.9,80,0.00,251,0.42,0.0,8.0,5.3,67
2009-01-13,2.1,6.0,74,0.00,248,0.47,0.0,7.1,5.7,61
2009-01-14,-0.7,5.5,81,0.00,287,0.53,0.0,6.2,4.7,59
2009-01-15,-3.5,4.8,80,0.00,292,0.52,0.0,4.9,3.4,55
2009-01-16,-3.6,3.8,77,0.00,269,0.48,0.0,5.2,3.6,58
2009-01-17,-0.6,5.4,70,0.00,305,0.59,0.0,5.8,4.4,53
2009-01-18,0.9,6.7,63,0.00,306,0.68,0.0,5.4,3.9,45
2009-01-19,1.7,7.6,61,0.00,302,0.68,0.0,4.8,3.1,43
2009-01-20,1.8,6.8,60,0.00,294,0.63,0.0,4.6,3.0,40
2009-01-21,1.2,5.9,53,0.00,299,0.63,0.0,4.3,2.6,36
2009-01-22,-0.0,4.3,51,0.00,328,0.63,0.0,6.2,3.6,42
2009-01-23,-2.6,-0.6,56,0.00,350,0.64,0.0,6.6,4.8,50
2009-01-24,-6.1,-2.1,49,0.00,349,0.56,0.0,8.0,6.0,44
2009-01-25,-9.5,-7.1,53,0.00,347,0.58,0.0,8.6,6.8,41
2009-01-26,-9.9,-3.4,39,0.00,336,0.59,0.0,7.9,3.3,21
2009-01-27,-6.0,-3.6,40,0.00,156,0.50,0.0,9.1,5.6,22
2009-01-28,-1.1,3.2,59,0.00,229,0.76,0.0,13.6,7.1,54
2009-01-29,1.0,5.1,66,0.00,234,0.76,0.0,9.1,6.8,60
2009-01-30,2.2,5.6,68,0.00,192,0.79,0.0,10.7,6.3,58
2009-01-31,0.8,3.8,62,0.00,240,1.07,0.0,18.4,12.4,42
2009-02-01,1.1,2.5,59,1.20,222,0.66,6.0,11.5,6.3,51
2009-02-02,1.5,5.0,79,3.30,162,0.55,10.0,8.2,5.6,69
2009-02-03,3.3,5.7,68,0.00,168,0.76,0.0,6.4,4.1,60
2009-02-04,3.3,6.1,66,0.00,171,0.92,0.0,6.8,6.0,61
2009-02-05,4.5,8.6,68,0.00,186,0.87,0.0,7.5,5.7,59
2009-02-06,5.4,8.2,73,0.20,252,0.66,1.0,11.2,6.1,60
2009-02-07,2.7,6.1,48,0.00,275,1.06,0.0,8.9,4.0,35
2009-02-08,2.8,6.7,48,0.00,148,1.11,0.0,7.3,5.2,42
2009-02-09,3.4,6.1,52,0.00,193,1.16,0.0,11.5,6.9,38
2009-02-10,1.3,3.0,42,0.00,197,1.21,0.0,9.8,6.3,36
2009-02-11,1.2,3.7,56,0.00,113,0.79,0.0,8.1,2.9,49
2009-02-12,1.0,3.1,67,0.40,137,0.72,4.0,6.5,3.8,55
2009-02-13,2.3,5.3,58,0.00,64,0.82,0.0,5.4,3.6,45
2009-02-14,2.0,4.8,55,0.00,26,1.00,0.0,7.2,4.9,45
2009-02-15,3.2,5.0,56,0.10,55,0.84,1.0,5.9,3.7,46
2009-02-16,1.8,6.4,64,0.00,30,1.02,0.0,6.6,4.3,42
2009-02-17,1.2,6.2,58,0.00,4,1.06,0.0,6.3,3.4,45
2009-02-18,4.6,7.7,60,0.00,11,0.88,0.0,6.3,2.6,54
2009-02-19,4.2,8.0,67,0.00,317,1.09,0.0,5.7,3.0,44
2009-02-20,3.3,6.3,57,0.00,333,1.15,0.0,6.2,4.1,42
2009-02-21,2.8,6.7,57,0.00,132,1.25,0.0,5.4,3.0,44
2009-02-22,4.3,8.2,57,0.00,100,0.99,0.0,5.1,2.4,45
2009-02-23,4.6,9.1,73,3.40,163,0.99,10.0,5.9,4.2,51
2009-02-24,4.4,8.6,85,5.90,179,0.95,18.0,9.6,6.2,65
2009-02-25,2.4,6.2,85,12.40,227,0.90,22.0,10.2,6.6,75
2009-02-26,-8.4,1.2,73,5.20,319,0.84,8.0,10.7,6.8,55
2009-02-27,-9.4,-1.5,62,0.00,275,1.09,0.0,4.7,3.1,38
2009-02-28,-5.2,1.9,70,0.00,193,1.07,0.0,5.6,2.7,49
2009-03-01,1.8,6.4,70,1.90,125,1.15,6.0,6.4,4.9,55
2009-03-02,4.1,8.8,81,3.90,132,1.05,9.0,9.0,5.9,57
2009-03-03,4.4,8.0,88,5.10,209,0.95,13.0,4.6,2.5,74
2009-03-04,2.1,7.6,87,0.30,214,1.36,2.0,13.5,5.5,51
2009-03-05,1.8,6.9,69,3.10,286,1.26,8.0,17.6,10.7,48
2009-03-06,-1.9,4.5,43,0.00,312,1.66,0.0,15.3,6.0,22
2009-03-07,1.6,4.3,48,5.40,200,1.16,9.0,12.0,6.4,27
2009-03-08,-1.8,2.0,61,2.80,302,1.13,8.0,10.0,5.4,45
2009-03-09,-5.0,-1.6,50,0.00,328,0.99,0.0,11.6,6.5,40
2009-03-10,-11.1,-4.4,50,0.00,313,1.11,0.0,11.4,8.2,38
2009-03-11,-9.1,-3.1,35,0.00,347,1.29,0.0,5.6,3.9,22
2009-03-12,-5.4,6.0,40,0.00,336,1.67,0.0,6.8,2.8,24
2009-03-13,0.8,6.1,46,0.00,163,1.53,0.0,10.0,5.8,24
2009-03-14,2.9,5.2,61,0.80,157,1.25,4.0,11.4,7.7,53
2009-03-15,2.1,5.1,79,8.90,164,0.98,19.0,11.8,6.7,64
2009-03-16,0.5,5.9,73,2.00,186,1.57,5.0,11.6,9.2,54
2009-03-17,1.5,5.0,75,2.90,192,1.43,16.0,9.9,6.7,57
2009-03-18,1.6,8.5,60,0.00,210,1.79,0.0,14.8,7.2,44
2009-03-19,4.6,7.7,73,0.20,164,1.29,2.0,11.2,8.0,60
2009-03-20,6.2,9.9,84,3.50,153,1.40,12.0,13.0,8.3,71
2009-03-21,4.2,9.3,81,2.80,234,1.81,5.0,10.1,5.9,49
2009-03-22,6.1,12.1,61,0.00,305,1.85,0.0,7.7,5.1,37
2009-03-23,5.0,10.4,59,0.00,232,2.14,0.0,10.4,8.1,37
2009-03-24,5.9,9.1,64,0.40,194,1.86,2.0,11.8,7.3,40
2009-03-25,3.8,7.5,71,1.30,272,1.88,6.0,14.4,9.0,39
2009-03-26,4.7,9.5,58,0.00,238,2.26,0.0,13.0,5.9,44
2009-03-27,5.7,9.7,57,0.00,219,2.12,0.0,11.6,9.1,42
2009-03-28,4.8,8.3,68,2.60,243,1.72,13.0,11.3,5.5,51
2009-03-29,2.1,6.6,71,4.80,323,1.73,7.0,15.7,8.1,46
2009-03-30,4.1,7.7,53,0.00,243,1.93,0.0,12.7,7.1,35
2009-03-31,4.8,7.7,66,2.00,230,1.83,9.0,10.5,6.9,47
2009-04-01,2.7,7.2,66,2.30,239,1.48,7.0,13.0,8.2,47
2009-04-02,3.0,6.7,84,10.40,145,1.37,22.0,10.2,4.5,58
2009-04-03,3.0,7.1,77,1.30,294,1.97,6.0,10.2,5.8,48
2009-04-04,2.3,8.7,59,0.00,280,2.68,0.0,7.1,4.3,35
2009-04-05,6.3,10.8,55,0.00,155,2.66,0.0,10.2,3.7,38
2009-04-06,8.0,12.9,61,0.00,188,2.86,0.0,10.5,6.7,48
2009-04-07,11.2,19.7,49,0.00,239,3.72,0.0,9.2,5.0,32
2009-04-08,12.8,19.7,54,0.00,304,3.32,0.0,7.2,3.2,24
2009-04-09,8.2,14.2,61,0.00,240,2.51,0.0,10.5,6.6,39
2009-04-10,9.4,15.5,62,0.00,221,2.56,0.0,8.4,4.2,39
2009-04-11,8.7,15.5,72,1.90,251,2.08,6.0,10.8,4.9,40
2009-04-12,7.5,10.7,62,1.80,185,1.84,5.0,14.9,8.1,48
2009-04-13,5.3,9.3,78,6.10,209,2.38,8.0,10.3,7.6,41
2009-04-14,6.0,8.9,53,0.50,319,2.06,3.0,11.2,7.0,28
2009-04-15,7.1,10.3,58,0.00,338,2.74,0.0,9.4,4.7,43
2009-04-16,9.6,14.1,47,0.00,172,3.33,0.0,9.8,4.8,30
2009-04-17,9.0,13.7,64,1.60,158,2.09,7.0,10.1,7.2,42
2009-04-18,6.8,12.7,65,1.90,215,2.73,3.0,10.0,7.0,43
2009-04-19,11.9,16.9,45,0.00,226,2.31,0.0,14.8,5.2,27
2009-04-20,14.4,19.9,54,0.00,228,3.49,0.0,13.7,7.7,43
2009-04-21,15.7,20.8,58,0.00,228,3.73,0.0,12.3,7.1,27
2009-04-22,12.4,20.1,51,1.20,256,3.19,6.0,11.4,9.0,30
2009-04-23,5.7,11.3,53,0.80,321,2.94,5.0,15.5,9.2,25
2009-04-24,8.6,15.4,35,0.00,284,3.52,0.0,12.0,5.6,23
2009-04-25,8.8,15.4,51,0.20,276,3.54,2.0,13.8,9.0,26
2009-04-26,9.9,14.2,47,0.00,317,3.43,0.0,11.3,6.8,32
2009-04-27,9.3,13.8,47,0.00,358,3.29,0.0,10.9,8.0,28
2009-04-28,7.5,12.4,43,0.00,38,3.18,0.0,14.4,9.3,31
2009-04-29,9.4,14.1,40,0.00,50,3.33,0.0,10.9,6.8,31
2009-04-30,11.2,16.4,44,0.00,270,3.43,0.0,6.9,3.9,28
2009-05-01,12.9,19.0,37,0.00,75,4.04,0.0,6.0,2.6,24
2009-05-02,15.0,22.9,36,0.00,53,5.02,0.0,9.8,5.8,19
2009-05-03,12.8,22.4,57,2.60,202,4.38,7.0,11.7,7.5,20
2009-05-04,12.1,18.1,41,0.00,197,4.33,0.0,16.7,8.5,24
2009-05-05,10.5,17.0,75,9.70,164,3.06,17.0,17.0,8.5,31
2009-05-06,10.7,15.1,59,0.80,201,3.46,2.0,13.5,8.0,41
2009-05-07,9.0,14.7,78,6.20,214,2.15,18.0,10.0,7.0,47
2009-05-08,10.3,16.8,61,0.70,262,3.69,3.0,8.3,5.7,39
2009-05-09,11.8,17.3,65,0.80,277,3.62,1.0,5.5,3.4,35
2009-05-10,12.5,19.1,60,0.00,182,3.95,0.0,9.2,3.7,32
2009-05-11,14.3,19.0,58,2.50,210,3.63,11.0,12.1,6.7,32
2009-05-12,10.2,16.4,64,3.10,240,2.47,10.0,10.4,7.2,41
2009-05-13,9.1,14.5,57,1.50,211,3.18,6.0,14.4,8.8,33
2009-05-14,8.6,15.3,72,7.10,231,3.11,15.0,11.3,5.4,40
2009-05-15,12.1,20.2,57,0.30,226,4.27,1.0,8.0,6.0,27
2009-05-16,16.3,23.3,43,0.00,196,4.16,0.0,10.2,6.4,27
2009-05-17,19.3,26.5,51,0.00,219,4.81,0.0,11.9,7.3,29
2009-05-18,19.9,26.3,46,0.00,244,4.06,0.0,9.7,6.4,28
2009-05-19,14.2,23.4,64,2.50,267,4.19,9.0,15.2,8.7,30
2009-05-20,10.6,16.2,59,2.60,252,3.57,11.0,12.5,7.1,32
2009-05-21,11.4,17.6,67,1.30,326,3.70,3.0,4.8,2.7,37
2009-05-22,15.1,21.7,44,0.00,50,4.62,0.0,7.6,4.2,27
2009-05-23,17.1,24.9,47,0.00,351,5.09,0.0,7.2,3.4,24
2009-05-24,18.8,25.3,43,0.00,287,5.34,0.0,6.9,4.5,24
2009-05-25,19.8,26.0,43,0.00,257,5.27,0.0,8.4,5.1,24
2009-05-26,18.2,25.7,46,0.80,238,4.26,3.0,15.5,7.7,24
2009-05-27,16.0,22.8,45,0.10,238,5.42,1.0,14.5,8.8,22
2009-05-28,18.1,26.9,39,0.00,237,5.74,0.0,11.8,6.2,25
2009-05-29,22.2,31.2,42,0.00,203,6.12,0.0,12.0,5.7,22
2009-05-30,23.3,29.3,40,0.00,263,6.28,0.0,13.0,7.5,23
2009-05-31,21.5,28.0,37,0.00,331,6.16,0.0,10.1,6.3,17
2009-06-01,20.5,26.6,30,0.00,6,6.31,0.0,8.8,6.9,17
2009-06-02,21.2,27.7,33,0.00,51,6.34,0.0,9.5,6.5,20
2009-06-03,23.3,30.1,28,0.00,18,6.59,0.0,8.7,5.6,15
2009-06-04,24.6,32.3,28,0.00,11,6.59,0.0,7.0,4.5,15
2009-06-05,26.2,32.2,28,0.00,359,6.38,0.0,12.1,5.7,16
2009-06-06,22.2,30.7,31,0.00,352,6.52,0.0,14.1,10.2,17
2009-06-07,17.1,22.8,47,0.80,93,4.65,3.0,12.0,5.5,23
2009-06-08,16.8,22.6,48,0.60,70,4.60,4.0,8.3,4.9,23
2009-06-09,18.1,23.2,41,0.00,111,4.89,0.0,9.8,5.4,22
2009-06-10,19.5,27.0,47,0.00,144,5.28,0.0,9.9,4.3,23
2009-06-11,21.9,28.6,44,0.30,268,5.32,1.0,5.9,3.2,21
2009-06-12,22.2,28.8,50,1.20,251,5.43,2.0,8.9,5.3,20
2009-06-13,22.2,27.7,49,1.00,232,4.51,2.0,8.3,4.3,27
2009-06-14,21.8,26.8,51,0.20,235,4.43,2.0,5.9,4.0,32
2009-06-15,22.2,28.3,53,0.00,253,5.17,0.0,7.6,4.9,28
2009-06-16,21.6,28.3,46,0.00,236,5.31,0.0,8.4,5.9,23
2009-06-17,20.5,27.7,51,1.80,247,4.51,3.0,7.4,5.6,23
2009-06-18,19.0,25.7,60,1.40,260,4.75,2.0,7.2,4.4,33
2009-06-19,19.0,25.3,50,1.50,231,4.29,4.0,9.8,6.2,32
2009-06-20,18.0,24.3,49,0.60,223,5.17,2.0,13.0,7.2,22
2009-06-21,17.0,24.3,49,0.10,279,3.56,1.0,10.6,5.2,22
2009-06-22,14.0,20.4,73,4.50,233,2.73,13.0,8.1,6.7,37
2009-06-23,16.6,23.9,50,0.80,216,4.90,2.0,9.2,6.4,27
2009-06-24,19.5,24.7,42,1.00,169,4.06,3.0,12.9,6.4,27
2009-06-25,17.9,23.2,64,0.70,244,4.16,4.0,15.6,8.4,39
2009-06-26,16.3,21.9,54,0.50,262,4.61,3.0,15.2,7.8,28
2009-06-27,18.8,29.0,43,0.00,222,5.74,0.0,10.7,7.2,22
2009-06-28,20.4,29.4,42,0.00,251,6.42,0.0,12.9,9.1,20
2009-06-29,18.5,26.1,40,0.00,260,6.04,0.0,10.8,5.9,21
2009-06-30,18.8,26.2,39,0.00,278,6.12,0.0,10.7,8.0,16
2009-07-01,20.0,26.2,29,0.00,358,6.12,0.0,13.2,5.6,16
2009-07-02,22.3,29.3,26,0.00,36,6.52,0.0,8.9,5.0,14
2009-07-03,24.0,32.0,28,0.00,20,6.70,0.0,8.8,5.2,14
2009-07-04,26.1,33.8,29,0.00,348,6.25,0.0,8.1,4.1,15
2009-07-05,26.1,33.5,30,0.00,239,5.82,0.0,8.4,5.5,16
2009-07-06,21.8,32.7,58,8.20,228,2.86,11.0,7.6,5.5,16
2009-07-07,16.9,21.2,56,0.00,222,4.29,0.0,11.5,8.7,41
2009-07-08,16.9,22.2,56,0.10,229,4.11,1.0,8.2,5.8,40
2009-07-09,17.4,23.3,61,3.00,255,4.05,7.0,8.9,5.0,41
2009-07-10,21.0,26.9,53,0.00,258,4.74,0.0,5.5,3.4,31
2009-07-11,23.9,31.8,42,0.00,135,5.73,0.0,5.8,3.1,20
2009-07-12,26.3,32.7,39,0.20,177,5.57,1.0,8.9,4.0,17
2009-07-13,22.6,30.1,51,1.50,244,4.54,3.0,12.0,8.2,23
2009-07-14,19.6,26.6,57,0.00,258,5.11,0.0,10.7,7.3,34
2009-07-15,23.8,31.2,47,0.10,239,5.60,1.0,6.0,4.1,25
2009-07-16,25.1,32.2,38,0.00,233,6.42,0.0,7.6,6.0,21
2009-07-17,26.3,34.6,40,0.00,225,6.69,0.0,9.4,6.1,19
2009-07-18,26.9,34.6,36,0.10,242,6.73,1.0,14.5,7.1,19
2009-07-19,22.3,30.7,41,0.00,283,6.43,0.0,16.7,9.7,19
2009-07-20,23.8,30.7,30,0.00,352,6.28,0.0,9.4,4.9,17
2009-07-21,26.4,34.6,30,0.00,71,6.00,0.0,6.6,2.9,16
2009-07-22,28.4,35.8,31,0.00,230,6.63,0.0,8.3,5.1,15
2009-07-23,26.5,35.7,38,0.00,240,5.33,0.0,9.2,5.9,16
2009-07-24,22.9,30.9,61,0.20,356,4.70,2.0,7.0,3.7,28
2009-07-25,27.0,33.4,43,0.20,205,5.30,1.0,11.2,4.3,25
2009-07-26,26.5,33.6,49,0.10,274,5.01,1.0,10.4,4.8,31
2009-07-27,28.7,36.4,49,0.00,255,5.45,0.0,8.4,3.8,20
2009-07-28,29.4,36.2,42,0.00,342,5.93,0.0,10.7,4.5,19
2009-07-29,29.1,35.5,35,0.00,107,5.83,0.0,11.6,5.6,21
2009-07-30,28.1,34.9,39,0.00,164,5.95,0.0,7.9,5.7,23
2009-07-31,28.0,35.8,47,0.30,224,5.70,1.0,11.3,4.6,24
2009-08-01,29.8,36.5,38,0.90,223,6.57,2.0,9.8,6.3,14
2009-08-02,28.8,36.1,37,0.00,290,6.47,0.0,12.6,5.8,14
2009-08-03,28.9,36.2,37,0.00,235,6.23,0.0,8.4,5.7,19
2009-08-04,26.4,35.4,41,0.40,278,5.04,1.0,8.6,6.7,19
2009-08-05,25.3,29.7,48,0.90,1,4.65,1.0,7.7,4.9,28
2009-08-06,22.7,28.8,58,0.80,338,5.32,1.0,10.4,7.6,25
2009-08-07,24.9,31.5,39,0.00,316,5.87,0.0,9.7,5.9,18
2009-08-08,22.5,31.4,48,0.00,254,5.09,0.0,8.1,6.4,18
2009-08-09,22.2,29.2,52,0.00,232,5.03,0.0,11.4,6.9,25
2009-08-10,22.1,28.4,48,0.00,230,3.58,0.0,15.0,7.2,26
2009-08-11,19.2,24.5,73,4.10,228,2.86,14.0,11.0,4.6,36
2009-08-12,20.7,26.2,45,0.00,240,4.86,0.0,10.6,6.4,22
2009-08-13,20.0,25.9,50,0.90,285,4.20,1.0,10.8,5.5,23
2009-08-14,14.7,20.8,84,11.20,227,1.84,19.0,8.3,5.4,52
2009-08-15,15.0,19.6,77,0.70,240,2.42,2.0,6.4,5.3,49
2009-08-16,18.4,22.5,66,0.00,306,2.74,0.0,8.0,4.4,41
2009-08-17,21.1,28.7,62,0.00,198,3.82,0.0,5.5,3.0,37
2009-08-18,24.5,31.2,58,0.00,266,4.68,0.0,8.3,5.6,29
2009-08-19,25.5,32.0,54,0.00,310,4.84,0.0,5.4,3.9,27
2009-08-20,27.2,34.8,47,0.00,142,5.21,0.0,11.5,4.1,23
2009-08-21,25.1,34.4,54,0.30,245,5.15,1.0,13.7,7.8,23
2009-08-22,20.1,27.1,52,0.00,223,4.90,0.0,13.4,7.8,24
2009-08-23,20.2,27.1,41,0.00,272,4.59,0.0,8.3,6.9,22
2009-08-24,20.5,27.8,47,0.00,226,4.55,0.0,10.2,5.0,21
2009-08-25,21.3,27.6,45,0.00,201,4.66,0.0,10.6,7.1,21
2009-08-26,19.7,26.1,50,0.00,255,4.34,0.0,10.5,5.3,24
2009-08-27,22.6,31.8,48,0.00,164,4.51,0.0,6.0,2.7,14
2009-08-28,26.4,35.5,35,0.00,79,4.96,0.0,7.6,3.4,13
2009-08-29,25.9,35.4,43,0.00,245,4.59,0.0,7.7,4.9,13
2009-08-30,25.8,33.6,51,0.00,258,4.57,0.0,7.1,4.2,21
2009-08-31,27.8,33.4,48,0.00,217,4.38,0.0,5.9,4.0,21
2009-09-01,26.8,32.5,55,0.40,206,3.97,2.0,7.1,4.4,26
2009-09-02,24.2,31.0,65,0.00,203,3.93,0.0,9.4,3.5,24
2009-09-03,21.4,30.6,59,8.10,211,2.86,7.0,18.4,6.9,24
2009-09-04,18.3,24.1,52,0.00,201,3.36,0.0,12.2,5.0,35
2009-09-05,19.3,23.7,63,2.40,49,1.97,3.0,7.3,3.5,37
2009-09-06,15.9,18.4,83,10.50,173,1.95,18.0,10.5,5.2,58
2009-09-07,12.7,17.7,82,9.70,197,2.24,24.0,10.7,7.2,56
2009-09-08,14.9,21.8,58,0.00,206,3.29,0.0,10.5,7.0,33
2009-09-09,15.9,21.8,63,0.00,155,2.57,0.0,9.6,6.7,33
2009-09-10,17.9,22.9,64,0.00,275,3.28,0.0,6.2,4.9,37
2009-09-11,18.4,26.0,56,0.00,50,3.59,0.0,6.4,3.6,29
2009-09-12,22.0,29.6,53,0.00,135,3.76,0.0,4.6,2.2,26
2009-09-13,23.9,30.6,53,0.00,352,3.83,0.0,5.1,3.1,24
2009-09-14,23.2,30.0,56,0.00,255,3.58,0.0,8.3,6.1,26
2009-09-15,21.1,26.8,64,0.20,226,3.10,1.0,10.2,5.8,35
2009-09-16,21.8,30.0,55,0.00,175,3.79,0.0,10.8,4.9,30
2009-09-17,19.9,28.6,62,1.30,245,3.41,6.0,8.6,6.2,27
2009-09-18,19.9,26.4,51,0.00,183,3.53,0.0,9.4,5.3,27
2009-09-19,18.3,25.9,63,2.80,187,2.46,7.0,13.4,7.2,31
2009-09-20,14.2,20.1,60,0.00,273,3.18,0.0,14.5,8.8,28
2009-09-21,15.8,22.7,60,0.00,125,2.94,0.0,7.0,3.8,29
2009-09-22,18.0,25.8,58,0.00,159,3.13,0.0,7.9,3.7,25
2009-09-23,20.0,28.6,52,0.00,177,3.55,0.0,7.8,5.2,28
2009-09-24,21.7,27.9,55,0.00,246,3.48,0.0,7.0,5.6,29
2009-09-25,20.0,26.5,59,0.00,307,3.21,0.0,8.0,5.1,31
2009-09-26,19.3,26.3,51,0.00,243,3.53,0.0,14.8,9.4,33
2009-09-27,14.6,19.9,39,0.00,323,3.25,0.0,12.4,6.9,26
2009-09-28,15.7,22.8,49,0.00,131,3.16,0.0,14.1,6.1,19
2009-09-29,13.5,22.3,53,0.10,253,2.56,1.0,9.3,6.9,21
2009-09-30,9.0,14.8,74,2.20,246,1.71,10.0,9.0,5.0,39
2009-10-01,10.0,14.8,58,0.80,210,1.82,4.0,11.1,6.5,47
2009-10-02,10.5,13.6,78,6.90,199,1.40,18.0,9.2,5.0,64
2009-10-03,8.4,12.6,75,1.00,347,1.43,5.0,12.0,5.6,55
2009-10-04,9.9,15.4,57,0.00,8,2.48,0.0,12.9,9.6,32
2009-10-05,11.8,15.7,55,0.00,336,2.35,0.0,10.9,5.3,34
2009-10-06,12.5,18.6,62,0.00,231,1.79,0.0,8.1,4.4,34
2009-10-07,12.4,17.9,62,0.30,307,2.00,2.0,10.8,8.0,38
2009-10-08,11.0,13.0,57,0.00,289,1.59,0.0,13.8,5.0,40
2009-10-09,6.3,12.7,52,0.00,336,2.18,0.0,12.0,9.9,25
2009-10-10,6.1,8.3,36,0.00,40,1.93,0.0,6.3,4.6,26
2009-10-11,5.3,7.3,37,0.00,36,1.60,0.0,5.4,3.9,29
2009-10-12,4.5,8.4,42,0.00,120,1.75,0.0,10.3,5.7,27
2009-10-13,4.4,8.8,49,0.00,98,1.42,0.0,8.4,7.1,31
2009-10-14,5.5,9.4,85,3.50,93,0.68,15.0,6.9,5.1,56
2009-10-15,9.0,14.3,89,1.30,163,1.20,6.0,6.9,5.9,63
2009-10-16,10.0,13.8,82,0.00,133,0.85,0.0,10.0,6.0,67
2009-10-17,10.9,13.7,93,21.90,130,0.43,18.0,7.4,3.5,80
2009-10-18,10.6,14.0,94,7.70,182,0.97,18.0,9.0,6.1,80
2009-10-19,10.5,12.8,93,5.10,348,0.74,13.0,5.8,3.1,74
2009-10-20,10.0,12.9,87,0.60,328,1.17,2.0,4.2,2.0,64
2009-10-21,9.7,12.4,88,6.80,122,0.45,13.0,6.0,4.9,65
2009-10-22,8.8,13.2,83,0.60,219,0.99,2.0,7.1,5.7,54
2009-10-23,8.6,12.4,87,7.10,160,0.46,12.0,9.4,6.2,66
2009-10-24,7.1,10.4,85,4.80,254,1.05,10.0,9.3,6.5,58
2009-10-25,7.6,9.7,76,0.20,166,0.68,2.0,7.7,3.8,61
2009-10-26,4.9,8.4,91,13.90,167,0.47,24.0,9.4,6.1,68
2009-10-27,3.3,8.2,79,1.80,284,1.05,6.0,15.8,8.5,46
2009-10-28,7.0,8.4,53,0.00,293,1.18,0.0,8.1,5.1,42
2009-10-29,4.5,8.5,70,10.90,153,0.52,13.0,9.6,6.1,33
2009-10-30,5.1,8.7,87,1.30,168,0.46,9.0,8.2,6.5,83
2009-10-31,8.7,12.2,86,6.00,194,1.00,20.0,13.1,7.5,54
2009-11-01,7.3,10.7,59,0.00,227,1.41,0.0,13.4,7.3,40
2009-11-02,6.4,9.2,67,0.00,151,0.89,0.0,8.4,6.5,53
2009-11-03,7.5,10.4,68,0.00,186,1.08,0.0,6.2,4.5,51
2009-11-04,6.0,9.0,71,0.00,108,0.80,0.0,5.1,4.3,51
2009-11-05,5.5,9.5,72,0.20,153,0.76,1.0,8.9,6.4,57
2009-11-06,4.9,8.9,90,5.60,186,0.77,15.0,14.2,9.0,67
2009-11-07,4.1,7.3,83,4.80,179,0.58,11.0,11.4,8.1,67
2009-11-08,4.9,7.3,85,3.20,179,0.59,8.0,8.9,6.8,76
2009-11-09,4.0,8.7,84,0.00,134,0.53,0.0,10.3,7.1,65
2009-11-10,4.7,9.2,81,1.30,174,0.87,4.0,12.3,8.7,45
2009-11-11,3.8,7.7,83,3.10,176,0.76,12.0,9.2,6.7,64
2009-11-12,5.2,7.3,66,0.00,189,0.82,0.0,5.9,3.1,46
2009-11-13,1.7,5.3,77,2.40,155,0.48,10.0,13.5,8.2,59
2009-11-14,2.8,4.0,55,1.00,227,0.90,5.0,10.1,5.7,37
2009-11-15,0.3,3.0,71,0.20,148,0.49,2.0,11.6,9.1,66
2009-11-16,2.2,3.9,83,5.30,148,0.41,23.0,12.1,9.6,75
2009-11-17,4.7,7.7,88,7.30,171,0.63,20.0,17.1,10.1,67
2009-11-18,2.8,5.3,87,4.40,179,0.52,13.0,10.8,6.8,74
2009-11-19,3.6,4.9,81,5.30,156,0.55,19.0,16.1,12.1,70
2009-11-20,4.9,7.9,83,3.10,139,0.41,10.0,9.7,7.4,75
2009-11-21,3.1,6.0,80,4.60,210,0.61,9.0,14.0,7.8,54
2009-11-22,2.5,5.8,78,3.50,132,0.45,17.0,9.1,7.1,64
2009-11-23,4.4,6.2,77,0.70,185,0.41,4.0,10.9,6.9,64
2009-11-24,4.3,6.8,88,4.00,167,0.41,16.0,6.8,4.3,81
2009-11-25,3.5,6.6,88,0.20,143,0.35,2.0,8.6,5.7,80
2009-11-26,4.0,7.7,92,4.50,168,0.30,15.0,6.9,5.4,82
2009-11-27,4.5,9.0,89,0.10,307,0.44,1.0,6.5,5.2,65
2009-11-28,4.7,5.9,71,1.30,179,0.32,8.0,7.9,5.2,55
2009-11-29,4.0,6.2,86,1.00,177,0.40,5.0,9.5,7.0,80
2009-11-30,3.7,7.1,86,4.80,194,0.28,5.0,9.4,7.9,77
2009-12-01,2.7,4.0,54,0.00,330,0.87,0.0,9.2,6.9,42
2009-12-02,-0.9,2.3,57,0.00,6,0.53,0.0,6.2,4.6,45
2009-12-03,-1.7,0.2,62,0.00,71,0.37,0.0,5.6,3.0,53
2009-12-04,-1.9,-0.4,61,0.30,298,0.51,2.0,16.6,7.6,53
2009-12-05,-1.5,0.6,67,0.00,331,0.60,0.0,14.4,10.2,53
2009-12-06,-4.9,-0.5,53,0.00,14,0.80,0.0,13.9,11.6,41
2009-12-07,-7.0,-4.7,50,0.00,8,0.64,0.0,12.5,8.7,41
2009-12-08,-7.6,-6.3,48,0.00,346,0.52,0.0,7.6,5.9,40
2009-12-09,-6.6,-4.0,60,0.00,308,0.36,0.0,5.2,4.4,46
2009-12-10,-4.2,-2.2,71,0.00,219,0.33,0.0,5.8,3.5,50
2009-12-11,-4.8,-1.8,68,0.00,184,0.34,0.0,5.8,4.1,61
2009-12-12,-2.0,-0.8,69,2.30,339,0.29,11.0,5.0,2.9,50
2009-12-13,-3.1,-1.9,73,1.30,319,0.27,9.0,9.2,5.6,65
2009-12-14,-9.6,-5.2,59,0.20,340,0.40,2.0,9.2,6.3,49
2009-12-15,-6.3,-2.3,70,3.10,103,0.26,7.0,5.6,4.4,47
2009-12-16,-1.7,1.8,88,3.20,149,0.29,11.0,8.6,5.9,76
2009-12-17,3.1,5.5,89,1.60,173,0.34,4.0,8.0,6.5,77
2009-12-18,2.4,4.9,85,0.10,151,0.25,1.0,7.1,6.0,80
2009-12-19,4.1,6.5,87,0.70,185,0.29,5.0,6.6,4.1,83
2009-12-20,3.4,5.5,90,5.50,56,0.23,18.0,4.7,3.9,83
2009-12-21,2.4,4.2,93,1.70,144,0.25,8.0,6.7,5.4,91
2009-12-22,-0.5,3.8,81,3.10,299,0.35,9.0,9.7,7.1,58
2009-12-23,-5.8,-4.0,51,0.00,325,0.53,0.0,8.0,6.9,44
2009-12-24,-5.1,-1.6,56,0.00,351,0.43,0.0,5.8,4.3,46
2009-12-25,-2.9,0.4,75,0.00,354,0.31,0.0,3.6,2.2,55
2009-12-26,-1.7,1.4,77,0.00,348,0.34,0.0,3.1,1.9,59
2009-12-27,-2.3,1.2,82,0.00,311,0.35,0.0,3.9,2.9,58
2009-12-28,-3.2,0.5,83,0.00,244,0.32,0.0,3.6,2.6,55
2009-12-29,-2.2,-0.5,78,0.00,160,0.27,0.0,4.5,2.0,56
2009-12-30,-1.7,1.0,82,0.70,172,0.26,6.0,5.7,3.6,69
2009-12-31,-0.1,1.4,87,6.50,174,0.35,12.0,7.9,5.3,70
2010-01-01,-0.8,1.8,88,3.10,135,0.26,13.0,7.2,5.4,74
2010-01-02,2.4,5.9,89,2.40,176,0.39,12.0,8.7,6.9,77
2010-01-03,3.7,5.4,87,2.10,200,0.36,13.0,6.8,4.1,80
2010-01-04,3.1,5.0,89,7.30,39,0.21,23.0,4.1,3.4,86
2010-01-05,1.4,3.0,85,4.90,324,0.39,13.0,9.2,5.6,60
2010-01-06,-2.1,0.9,52,0.00,343,0.67,0.0,8.9,5.9,43
2010-01-07,-2.2,0.9,53,0.00,78,0.49,0.0,5.2,3.6,25
2010-01-08,-0.9,0.4,47,0.20,135,0.49,1.0,6.1,3.9,31
2010-01-09,-1.2,1.0,73,0.90,150,0.36,4.0,7.6,6.1,65
2010-01-10,0.5,3.0,81,0.00,156,0.33,0.0,6.6,5.1,74
2010-01-11,1.9,4.0,92,3.70,144,0.25,15.0,7.0,5.8,82
2010-01-12,3.6,6.0,94,2.70,159,0.31,11.0,8.0,6.2,91
2010-01-13,4.0,6.6,95,1.90,158,0.31,9.0,7.4,5.2,89
2010-01-14,3.2,5.4,98,6.10,183,0.23,11.0,8.7,6.3,92
2010-01-15,2.4,4.3,94,8.60,156,0.21,24.0,9.3,7.0,92
2010-01-16,3.3,6.4,88,0.00,223,0.57,0.0,9.7,5.2,69
2010-01-17,3.5,6.0,83,2.30,128,0.39,9.0,7.1,5.1,70
2010-01-18,4.1,5.9,88,2.30,121,0.48,10.0,8.8,6.0,79
2010-01-19,4.6,8.0,83,0.00,99,0.52,0.0,7.4,4.8,70
2010-01-20,5.2,7.7,82,0.00,100,0.49,0.0,6.5,4.1,71
2010-01-21,5.3,8.7,78,0.00,37,0.60,0.0,7.1,4.8,59
2010-01-22,3.8,7.6,78,0.00,6,0.67,0.0,6.1,3.9,60
2010-01-23,2.8,5.2,68,0.00,330,0.68,0.0,6.5,5.0,49
2010-01-24,2.2,4.1,66,0.00,42,0.63,0.0,6.6,3.7,57
2010-01-25,3.4,5.5,75,0.80,120,0.58,4.0,8.6,5.4,64
2010-01-26,3.1,5.2,79,0.00,129,0.60,0.0,6.3,3.3,63
2010-01-27,3.2,6.5,73,0.00,308,0.71,0.0,5.4,2.7,52
2010-01-28,2.9,6.4,71,0.00,138,0.53,0.0,7.0,4.7,51
2010-01-29,2.5,7.0,77,0.00,144,0.59,0.0,4.9,3.7,58
2010-01-30,3.7,6.6,81,2.00,157,0.38,10.0,3.5,1.5,62
2010-01-31,4.4,7.1,91,0.60,229,0.49,3.0,4.2,2.9,84
2010-02-01,4.5,6.6,86,2.30,187,0.53,12.0,5.8,2.6,81
2010-02-02,4.2,6.7,88,4.60,175,0.54,22.0,5.8,3.6,82
2010-02-03,3.9,6.3,86,0.40,168,0.55,4.0,4.9,3.8,75
2010-02-04,5.0,7.4,83,0.00,132,0.63,0.0,6.5,3.3,62
2010-02-05,4.9,8.0,77,2.60,87,0.47,11.0,7.6,5.1,62
2010-02-06,3.3,6.3,91,0.30,129,0.73,2.0,4.9,2.5,66
2010-02-07,3.0,6.8,79,0.00,359,0.89,0.0,3.7,2.2,60
2010-02-08,3.5,6.2,77,0.00,68,0.70,0.0,5.4,2.2,67
2010-02-09,4.1,6.0,81,0.00,58,0.71,0.0,4.8,2.4,67
2010-02-10,4.0,6.1,78,0.30,164,0.75,2.0,8.6,5.0,70
2010-02-11,4.0,5.6,85,3.40,153,0.46,16.0,7.1,5.1,74
2010-02-12,4.2,6.5,89,2.20,147,0.72,15.0,7.6,5.8,82
2010-02-13,4.8,8.4,85,0.30,162,0.95,2.0,8.7,6.1,63
2010-02-14,4.2,8.3,85,1.00,136,0.60,5.0,8.4,6.0,68
2010-02-15,4.6,8.4,87,0.00,236,0.76,0.0,5.4,3.8,70
2010-02-16,4.4,8.0,88,3.10,141,0.65,12.0,7.4,5.2,76
2010-02-17,4.9,7.7,78,0.00,273,0.88,0.0,10.9,7.1,67
2010-02-18,3.6,6.0,67,0.00,333,1.17,0.0,6.7,5.6,57
2010-02-19,2.5,5.1,61,0.00,349,1.23,0.0,7.2,5.1,50
2010-02-20,2.7,5.2,60,0.00,349,1.27,0.0,6.9,4.9,50
2010-02-21,2.3,5.9,59,0.00,335,1.30,0.0,6.8,4.1,49
2010-02-22,2.1,7.1,64,0.00,297,1.33,0.0,6.2,3.2,51
2010-02-23,2.6,7.0,68,0.00,168,1.17,0.0,7.4,4.0,54
2010-02-24,3.6,6.4,77,4.40,160,0.80,14.0,8.4,5.9,65
2010-02-25,4.7,7.7,80,1.40,189,1.21,7.0,10.0,7.6,70
2010-02-26,5.1,8.6,80,1.30,119,0.83,7.0,8.3,6.0,69
2010-02-27,6.0,10.2,88,3.90,108,0.98,20.0,5.1,4.0,70
2010-02-28,5.5,9.8,91,1.00,200,1.24,2.0,5.8,3.3,72
2010-03-01,6.3,10.2,80,0.00,154,1.29,0.0,7.6,5.3,65
2010-03-02,8.1,12.0,71,0.00,160,1.28,0.0,9.0,3.4,56
2010-03-03,7.3,12.5,77,1.40,215,1.04,3.0,4.5,2.0,53
2010-03-04,6.2,10.3,87,5.10,218,1.32,12.0,6.8,4.9,46
2010-03-05,7.2,11.7,61,0.00,255,1.63,0.0,5.1,3.3,41
2010-03-06,6.4,11.2,68,0.00,165,1.82,0.0,5.2,2.5,45
2010-03-07,6.5,11.6,67,0.00,179,1.45,0.0,8.3,5.4,46
2010-03-08,5.4,10.0,72,0.80,289,1.27,5.0,13.5,7.2,41
2010-03-09,3.2,5.9,42,0.00,241,1.99,0.0,9.7,5.6,24
2010-03-10,3.4,7.0,46,0.00,160,1.81,0.0,12.2,6.7,35
2010-03-11,2.5,6.4,69,2.00,159,1.13,9.0,22.5,11.7,52
2010-03-12,3.9,5.9,89,13.60,156,0.65,24.0,13.0,5.1,72
2010-03-13,4.0,7.6,83,3.90,229,1.51,8.0,7.1,4.3,56
2010-03-14,5.9,8.9,54,0.00,168,1.88,0.0,12.6,6.0,42
2010-03-15,5.8,9.7,70,0.00,145,1.85,0.0,7.9,6.2,61
2010-03-16,8.2,12.0,67,0.00,152,1.69,0.0,13.7,6.8,53
2010-03-17,7.3,11.7,67,1.70,217,2.12,5.0,12.4,9.6,39
2010-03-18,6.6,9.4,50,0.00,290,2.37,0.0,14.5,7.8,32
2010-03-19,6.4,11.1,47,0.00,313,2.33,0.0,8.0,3.5,28
2010-03-20,6.3,10.9,50,0.00,160,2.19,0.0,9.7,4.2,31
2010-03-21,7.6,10.8,65,0.50,175,1.86,2.0,12.1,7.1,55
2010-03-22,6.5,10.7,72,1.30,220,1.90,1.0,8.9,6.8,42
2010-03-23,7.4,12.5,57,0.00,217,2.58,0.0,8.9,5.9,44
2010-03-24,8.5,13.5,60,0.00,164,2.53,0.0,8.4,4.7,40
2010-03-25,9.7,14.5,57,0.00,178,2.04,0.0,6.5,3.7,40
2010-03-26,6.3,13.9,84,6.60,208,1.28,19.0,8.4,6.7,47
2010-03-27,7.8,13.1,60,0.00,191,2.62,0.0,12.3,7.3,43
2010-03-28,7.8,12.3,65,1.10,165,2.02,6.0,15.0,8.8,46
2010-03-29,6.3,11.6,80,7.70,175,1.81,18.0,14.7,10.0,49
2010-03-30,5.9,8.7,64,0.50,195,2.04,2.0,10.4,7.3,49
2010-03-31,6.4,10.5,56,0.30,193,2.47,2.0,7.7,4.7,34
2010-04-01,7.1,10.5,53,0.20,195,2.51,1.0,9.1,4.7,35
2010-04-02,5.6,9.2,60,1.10,153,1.60,7.0,22.1,11.1,43
2010-04-03,4.3,8.7,68,0.20,195,2.12,2.0,16.9,11.3,35
2010-04-04,6.2,10.7,52,0.00,169,2.67,0.0,17.3,8.7,36
2010-04-05,6.9,10.0,53,0.00,95,1.98,0.0,13.3,7.4,40
2010-04-06,6.2,11.2,75,1.30,169,2.14,8.0,9.3,6.2,45
2010-04-07,6.7,10.4,55,0.30,196,2.00,1.0,15.2,9.3,42
2010-04-08,5.1,10.0,76,8.90,221,1.51,22.0,17.7,10.1,49
2010-04-09,3.2,7.8,49,0.40,241,2.71,2.0,13.4,10.5,26
2010-04-10,5.6,9.1,44,0.00,324,2.92,0.0,10.7,5.9,29
2010-04-11,6.3,11.0,42,0.00,26,2.41,0.0,8.6,6.7,32
2010-04-12,7.7,13.9,57,0.00,18,2.42,0.0,8.3,6.1,42
2010-04-13,10.4,14.1,74,2.30,239,1.99,12.0,8.5,3.5,44
2010-04-14,9.8,18.4,68,0.00,261,3.30,0.0,7.1,5.5,32
2010-04-15,14.4,20.3,48,0.00,135,3.44,0.0,11.1,3.9,31
2010-04-16,14.3,22.2,54,0.00,183,3.80,0.0,8.2,4.1,28
2010-04-17,14.8,21.4,58,0.10,207,2.65,1.0,8.6,4.3,34
2010-04-18,12.7,20.3,72,0.70,203,3.17,3.0,8.2,4.6,35
2010-04-19,15.6,23.5,51,0.00,147,4.21,0.0,9.7,4.9,25
2010-04-20,18.0,25.6,44,0.00,53,3.99,0.0,7.1,3.0,27
2010-04-21,15.3,25.0,64,0.00,280,3.46,0.0,8.8,5.7,31
2010-04-22,12.4,20.4,60,0.30,275,3.23,2.0,14.7,8.8,31
2010-04-23,10.8,18.6,51,0.00,249,4.06,0.0,11.6,7.1,25
2010-04-24,10.8,18.3,50,0.30,241,3.58,2.0,13.6,9.1,26
2010-04-25,9.1,14.8,52,0.50,236,3.37,3.0,9.0,4.6,31
2010-04-26,11.7,18.3,45,0.00,134,3.73,0.0,14.8,7.6,30
2010-04-27,11.6,17.9,73,12.20,121,1.96,15.0,13.4,6.0,31
2010-04-28,8.3,14.4,77,1.50,251,2.22,5.0,13.3,7.8,37
2010-04-29,9.4,15.5,70,3.90,267,2.44,17.0,13.5,8.9,38
2010-04-30,10.1,16.4,71,1.60,267,3.16,8.0,11.1,8.3,38
2010-05-01,9.5,16.0,65,4.00,256,2.98,14.0,9.5,7.2,38
2010-05-02,9.6,14.6,64,0.90,242,3.04,3.0,17.2,9.6,36
2010-05-03,8.2,12.9,72,9.30,223,2.12,20.0,22.7,10.2,43
2010-05-04,6.2,10.7,59,0.80,259,2.48,5.0,12.8,8.2,43
2010-05-05,7.0,10.5,68,3.90,292,1.77,11.0,5.8,3.8,48
2010-05-06,8.5,14.0,71,0.30,302,3.07,1.0,4.6,3.2,36
2010-05-07,10.1,14.1,58,0.30,209,3.35,2.0,6.6,3.9,38
2010-05-08,8.8,13.7,71,0.20,49,2.96,2.0,5.1,3.0,43
2010-05-09,10.4,16.1,64,0.60,244,3.67,5.0,6.2,3.7,35
2010-05-10,12.6,18.2,49,0.00,55,3.97,0.0,8.7,4.4,32
2010-05-11,14.3,20.9,48,0.00,325,4.59,0.0,9.5,5.5,27
2010-05-12,15.0,21.3,51,0.40,236,4.44,2.0,7.5,4.9,27
2010-05-13,16.0,22.0,48,0.00,237,4.50,0.0,8.8,5.1,28
2010-05-14,17.9,23.2,44,0.00,213,4.86,0.0,9.7,5.8,28
2010-05-15,18.4,25.6,45,0.00,207,5.25,0.0,8.8,5.6,26
2010-05-16,18.7,25.4,49,0.00,210,3.68,0.0,11.5,6.2,26
2010-05-17,18.6,25.0,59,0.50,80,4.10,2.0,7.9,3.5,37
2010-05-18,15.6,21.7,82,6.10,256,2.10,15.0,10.3,3.5,55
2010-05-19,13.6,20.8,76,1.50,175,3.58,3.0,17.7,6.9,32
2010-05-20,12.0,20.1,73,13.00,208,3.57,12.0,15.6,8.8,35
2010-05-21,9.5,15.2,47,0.00,221,4.26,0.0,13.3,7.0,28
2010-05-22,11.4,15.0,49,0.50,240,3.68,5.0,8.2,5.0,28
2010-05-23,11.1,16.4,59,0.70,230,3.67,4.0,6.8,4.4,40
2010-05-24,12.5,18.3,57,0.00,169,4.22,0.0,12.7,5.9,31
2010-05-25,14.4,19.5,46,0.10,169,4.40,1.0,12.6,6.6,28
2010-05-26,17.1,22.9,42,0.20,110,3.83,1.0,13.0,6.0,29
2010-05-27,14.2,18.7,82,5.90,27,2.40,12.0,10.2,5.3,58
2010-05-28,13.8,18.3,79,4.40,76,2.95,15.0,8.4,3.8,54
2010-05-29,13.3,17.6,75,3.00,245,2.36,11.0,10.8,6.6,58
2010-05-30,13.3,20.1,63,0.80,246,4.04,6.0,11.3,7.8,36
2010-05-31,15.3,20.1,58,0.60,238,3.00,2.0,6.8,4.0,36
2010-06-01,14.5,19.6,75,2.00,207,3.64,7.0,8.7,5.2,44
2010-06-02,15.2,19.9,71,5.20,154,2.43,12.0,11.2,6.8,47
2010-06-03,12.3,19.7,71,13.00,222,4.05,8.0,10.2,7.6,26
2010-06-04,13.8,19.8,59,3.50,198,2.45,9.0,7.1,2.6,25
2010-06-05,12.9,19.3,66,2.10,226,3.77,8.0,8.3,5.4,38
2010-06-06,16.0,19.9,54,0.10,148,3.45,1.0,9.7,4.1,37
2010-06-07,14.7,21.2,76,3.00,210,3.81,12.0,8.3,5.5,46
2010-06-08,16.2,22.6,53,0.20,234,4.66,1.0,7.8,4.9,31
2010-06-09,16.0,22.6,68,9.40,143,2.62,14.0,8.4,4.0,31
2010-06-10,14.3,19.0,76,7.90,216,3.36,9.0,7.4,4.9,54
2010-06-11,15.3,21.3,73,5.00,249,3.55,20.0,7.5,4.3,52
2010-06-12,17.7,26.4,66,1.40,209,5.38,2.0,7.6,4.4,33
2010-06-13,21.3,26.6,50,0.00,229,5.92,0.0,13.9,7.3,33
2010-06-14,16.8,24.8,52,0.10,265,4.98,1.0,14.2,7.0,39
2010-06-15,14.1,20.3,57,0.30,294,3.50,2.0,7.8,6.0,36
2010-06-16,14.1,19.1,67,1.00,347,3.16,3.0,10.9,5.1,40
2010-06-17,14.5,21.1,76,2.40,251,3.37,10.0,6.4,4.8,44
2010-06-18,15.7,20.1,63,0.60,226,3.50,2.0,8.4,4.9,51
2010-06-19,17.6,24.3,65,0.00,122,4.28,0.0,6.4,3.3,38
2010-06-20,19.4,25.4,66,0.10,304,4.40,1.0,6.5,4.2,40
2010-06-21,17.3,23.8,70,0.00,253,3.77,0.0,9.0,6.8,44
2010-06-22,18.7,25.2,61,0.10,236,4.87,1.0,9.4,5.6,41
2010-06-23,21.2,25.7,55,0.00,187,4.45,0.0,7.8,4.9,37
2010-06-24,21.5,25.3,52,0.00,224,5.19,0.0,14.8,7.2,35
2010-06-25,20.4,26.1,49,0.00,236,5.96,0.0,11.6,7.6,26
2010-06-26,19.4,26.1,45,0.00,242,6.02,0.0,12.6,7.3,27
2010-06-27,20.3,25.9,46,0.00,232,5.79,0.0,11.2,7.5,30
2010-06-28,20.5,27.0,57,1.50,225,4.37,5.0,9.8,5.4,33
2010-06-29,19.3,26.6,60,0.50,282,4.09,1.0,9.2,6.2,33
2010-06-30,15.6,22.8,45,0.00,240,5.63,0.0,12.6,9.4,20
2010-07-01,16.6,21.5,46,0.00,247,3.46,0.0,9.0,4.7,22
2010-07-02,14.8,20.7,72,7.50,260,3.23,16.0,6.5,4.8,43
2010-07-03,16.2,22.8,59,0.60,238,4.48,2.0,9.0,6.7,36
2010-07-04,15.9,22.6,59,1.00,243,3.48,7.0,11.6,7.6,36
2010-07-05,15.8,22.3,63,0.70,290,4.25,3.0,13.8,8.7,31
2010-07-06,19.5,26.7,47,0.00,327,5.60,0.0,12.0,5.6,28
2010-07-07,22.8,30.3,44,0.00,31,5.84,0.0,5.1,3.0,23
2010-07-08,25.7,33.2,40,0.00,64,6.15,0.0,6.1,2.7,22
2010-07-09,26.8,34.3,44,0.00,238,6.05,0.0,6.2,3.7,20
2010-07-10,26.2,34.2,39,0.00,260,6.13,0.0,11.9,7.0,20
2010-07-11,26.7,33.1,45,0.00,253,6.57,0.0,14.7,7.7,26
2010-07-12,19.3,31.1,59,3.40,243,4.25,6.0,18.3,11.6,33
2010-07-13,14.4,18.5,61,1.40,276,3.10,7.0,14.5,8.9,41
2010-07-14,18.2,26.6,58,0.00,239,4.36,0.0,5.6,2.5,34
2010-07-15,23.7,30.8,44,0.00,224,6.36,0.0,11.9,6.7,21
2010-07-16,22.6,30.2,42,0.00,262,5.95,0.0,13.1,7.5,22
2010-07-17,23.0,30.0,46,0.00,291,5.59,0.0,7.5,4.4,23
2010-07-18,23.1,29.8,45,0.00,264,5.79,0.0,8.3,5.5,24
2010-07-19,21.5,28.0,54,2.90,291,5.72,3.0,9.4,6.9,24
2010-07-20,23.2,28.5,42,0.00,29,4.78,0.0,6.5,3.2,23
2010-07-21,24.5,30.8,44,0.00,337,5.45,0.0,5.4,2.9,21
2010-07-22,22.7,30.8,51,7.00,226,3.87,7.0,10.8,6.6,20
2010-07-23,19.3,28.3,67,1.60,273,5.17,2.0,8.0,6.0,27
2010-07-24,24.6,33.2,45,0.00,217,5.97,0.0,6.4,4.0,19
2010-07-25,25.3,32.9,40,0.00,265,6.26,0.0,8.4,4.7,19
2010-07-26,26.4,33.1,42,0.00,312,6.15,0.0,6.8,5.0,20
2010-07-27,27.4,34.4,37,0.00,34,6.11,0.0,12.9,5.6,14
2010-07-28,27.3,34.3,37,0.00,193,6.39,0.0,13.3,6.6,17
2010-07-29,27.2,34.2,32,0.00,233,6.71,0.0,8.7,6.4,17
2010-07-30,26.1,33.0,35,0.00,249,6.36,0.0,8.4,5.5,15
2010-07-31,26.2,32.8,38,0.00,284,5.23,0.0,8.0,4.5,14
2010-08-01,23.5,30.1,55,0.00,231,4.93,0.0,7.4,5.9,24
2010-08-02,23.6,30.4,54,1.00,260,4.67,3.0,8.7,4.0,27
2010-08-03,24.8,30.0,56,0.30,16,4.60,1.0,8.2,3.6,26
2010-08-04,25.9,30.9,44,0.00,7,5.12,0.0,8.0,4.6,25
2010-08-05,26.7,31.9,41,0.00,140,4.61,0.0,6.9,3.1,25
2010-08-06,25.0,30.2,53,0.80,254,4.66,2.0,8.2,4.9,31
2010-08-07,22.7,29.6,54,0.00,233,3.99,0.0,12.5,8.0,30
2010-08-08,20.3,25.7,63,1.20,235,3.65,7.0,10.1,5.5,38
2010-08-09,21.5,25.9,53,0.00,261,3.97,0.0,12.5,6.1,35
2010-08-10,16.4,22.0,81,8.40,316,1.99,18.0,13.1,4.6,48
2010-08-11,20.3,27.5,66,0.10,329,4.37,1.0,6.1,3.3,30
2010-08-12,23.4,28.6,54,0.00,276,4.95,0.0,16.1,7.7,27
2010-08-13,22.3,27.8,46,0.00,344,5.28,0.0,16.6,7.4,27
2010-08-14,23.3,30.2,48,0.00,1,4.71,0.0,7.4,3.0,25
2010-08-15,26.1,32.1,45,0.00,45,5.10,0.0,5.0,2.4,21
2010-08-16,27.3,34.0,43,0.00,48,5.13,0.0,6.0,2.4,20
2010-08-17,28.0,34.2,43,0.00,197,5.20,0.0,7.3,3.9,19
2010-08-18,27.1,33.9,36,0.00,231,5.93,0.0,8.9,6.5,13
2010-08-19,22.1,32.7,46,0.00,249,4.79,0.0,11.3,8.5,14
2010-08-20,18.8,25.7,50,0.00,245,4.34,0.0,12.7,6.8,23
2010-08-21,20.4,25.8,45,0.00,262,3.83,0.0,6.9,4.8,23
2010-08-22,18.1,23.6,53,1.30,250,3.61,3.0,10.5,7.2,32
2010-08-23,16.9,25.0,58,1.10,250,3.60,2.0,7.2,4.6,25
2010-08-24,22.0,29.5,52,0.00,135,4.62,0.0,8.6,4.3,23
2010-08-25,23.6,32.7,43,0.00,172,5.42,0.0,11.2,7.2,18
2010-08-26,23.9,32.6,46,0.50,244,4.74,2.0,20.5,7.8,18
2010-08-27,15.6,22.5,53,0.10,242,4.06,1.0,13.9,8.3,30
2010-08-28,15.4,20.9,59,0.00,345,3.28,0.0,9.4,5.4,28
2010-08-29,16.8,20.7,57,0.10,311,3.19,1.0,9.1,3.3,36
2010-08-30,15.9,20.6,66,2.70,68,3.03,7.0,3.3,1.9,40
2010-08-31,15.3,19.9,67,6.00,190,1.83,6.0,13.0,7.8,42
2010-09-01,13.9,20.5,82,8.50,233,2.65,19.0,10.2,6.7,34
2010-09-02,17.9,24.7,60,0.00,142,3.78,0.0,6.5,3.4,30
2010-09-03,20.7,28.0,50,0.00,151,4.18,0.0,9.5,4.5,26
2010-09-04,20.3,27.7,54,1.60,247,3.39,3.0,10.3,7.9,27
2010-09-05,13.5,18.9,64,1.10,289,3.12,4.0,10.7,7.3,40
2010-09-06,14.5,18.6,59,0.30,204,1.96,2.0,9.2,6.0,41
2010-09-07,14.7,17.8,74,4.30,67,1.94,13.0,5.2,3.5,48
2010-09-08,13.9,17.5,82,6.90,358,1.32,16.0,6.8,4.5,61
2010-09-09,14.8,19.9,79,1.70,309,2.12,4.0,5.9,2.7,41
2010-09-10,15.2,19.8,60,0.00,221,2.47,0.0,10.1,7.1,38
2010-09-11,15.1,20.5,57,0.00,240,2.63,0.0,9.9,5.5,33
2010-09-12,15.8,20.7,73,8.50,151,1.02,17.0,5.6,3.8,32
2010-09-13,14.6,17.7,85,3.80,337,1.54,10.0,5.4,3.2,63
2010-09-14,16.7,21.4,71,0.00,21,2.55,0.0,5.0,3.8,45
2010-09-15,17.0,22.2,71,0.00,94,2.37,0.0,6.3,3.0,47
2010-09-16,17.9,21.2,74,1.20,234,2.06,4.0,5.1,3.0,51
2010-09-17,17.2,20.1,72,1.30,16,2.00,8.0,6.3,5.1,47
2010-09-18,16.5,19.7,70,2.20,38,1.09,8.0,5.4,3.2,49
2010-09-19,14.5,16.8,91,10.20,115,1.24,15.0,6.6,4.6,85
2010-09-20,12.8,15.6,94,9.90,171,1.37,18.0,8.9,6.7,83
2010-09-21,10.9,15.4,76,6.60,328,1.96,7.0,5.5,4.3,40
2010-09-22,11.6,16.9,60,0.00,51,2.65,0.0,5.9,2.9,41
2010-09-23,13.9,17.4,71,0.50,165,2.19,2.0,12.9,5.9,44
2010-09-24,11.8,14.9,89,5.20,174,1.11,16.0,10.0,7.2,70
2010-09-25,13.4,22.0,75,0.00,155,2.49,0.0,13.5,8.1,44
2010-09-26,16.6,21.4,76,5.90,179,1.90,9.0,10.8,6.1,47
2010-09-27,17.5,24.2,80,0.20,193,2.43,1.0,16.0,6.1,50
2010-09-28,20.0,23.2,70,0.80,210,2.46,5.0,14.4,9.2,45
2010-09-29,16.5,21.7,67,0.00,272,2.67,0.0,6.6,4.2,44
2010-09-30,15.9,21.3,69,0.00,351,2.60,0.0,5.7,4.3,41
2010-10-01,17.5,25.1,68,0.00,17,2.70,0.0,7.0,2.9,40
2010-10-02,18.9,24.8,69,0.00,215,2.68,0.0,5.7,4.2,45
2010-10-03,18.0,24.1,73,0.00,256,1.99,0.0,5.1,3.4,51
2010-10-04,16.1,22.4,65,0.00,272,1.74,0.0,9.0,5.4,42
2010-10-05,13.0,18.1,69,0.00,287,2.17,0.0,7.9,4.6,39
2010-10-06,13.8,20.0,68,0.00,80,2.22,0.0,5.1,2.1,36
2010-10-07,15.6,21.8,67,0.00,189,2.30,0.0,6.7,3.1,38
2010-10-08,16.7,20.6,66,0.00,205,1.84,0.0,7.6,6.0,47
2010-10-09,13.0,18.3,82,1.30,150,1.02,5.0,11.5,7.4,60
2010-10-10,13.2,15.5,87,5.80,182,0.85,15.0,10.2,6.7,52
2010-10-11,10.2,14.9,59,0.00,231,2.10,0.0,11.2,7.5,36
2010-10-12,12.8,17.2,56,0.30,186,2.24,2.0,11.9,7.3,41
2010-10-13,10.7,16.7,69,0.00,153,1.60,0.0,9.9,6.4,41
2010-10-14,11.3,17.8,68,0.00,171,2.03,0.0,8.6,6.5,39
2010-10-15,10.0,16.7,60,0.00,264,1.84,0.0,9.9,7.7,27
2010-10-16,9.4,13.0,48,0.00,60,1.69,0.0,5.2,3.3,32
2010-10-17,9.3,12.0,57,0.00,42,1.60,0.0,5.1,2.4,43
2010-10-18,9.7,14.2,73,0.00,169,1.37,0.0,7.3,4.1,50
2010-10-19,10.6,17.1,81,0.00,191,1.56,0.0,8.1,5.2,50
2010-10-20,10.8,16.3,78,0.00,171,1.52,0.0,7.0,4.3,47
2010-10-21,11.1,17.3,76,0.00,182,1.63,0.0,6.2,4.2,45
2010-10-22,12.2,16.3,80,0.00,205,1.18,0.0,6.6,4.3,52
2010-10-23,10.9,14.6,89,2.50,138,0.83,12.0,7.1,2.9,65
2010-10-24,8.5,11.8,92,8.70,129,0.71,16.0,7.7,6.3,81
2010-10-25,6.3,9.3,93,4.00,172,0.53,11.0,8.2,6.7,84
2010-10-26,6.0,10.7,89,1.60,183,0.92,9.0,8.2,6.1,59
2010-10-27,8.9,10.9,75,0.60,184,1.03,3.0,7.3,5.3,62
2010-10-28,7.1,10.1,79,0.80,112,0.65,3.0,8.7,6.1,66
2010-10-29,6.0,10.6,92,4.70,174,0.74,13.0,6.5,4.7,74
2010-10-30,6.6,11.2,85,0.30,146,0.93,1.0,9.8,7.0,59
2010-10-31,7.1,11.3,88,2.50,155,0.94,12.0,7.2,5.4,66
2010-11-01,6.5,10.1,94,11.10,150,0.42,18.0,11.3,8.1,77
2010-11-02,9.3,13.6,84,3.80,212,1.09,9.0,8.8,7.5,49
2010-11-03,8.9,12.9,78,0.00,119,1.10,0.0,7.6,2.6,51
2010-11-04,8.2,13.8,77,0.00,164,1.10,0.0,6.4,3.4,52
2010-11-05,8.7,13.2,79,0.00,178,0.78,0.0,7.6,6.3,64
2010-11-06,10.1,11.9,89,2.80,174,0.59,12.0,7.4,4.9,76
2010-11-07,8.7,11.4,86,5.90,167,0.86,13.0,7.3,6.1,48
2010-11-08,8.2,10.0,60,0.60,221,1.06,1.0,7.9,5.6,52
2010-11-09,6.1,7.4,65,0.20,163,0.80,1.0,13.2,6.6,55
2010-11-10,5.5,8.0,65,0.00,59,0.74,0.0,5.3,2.9,50
2010-11-11,5.9,7.7,69,0.00,143,0.68,0.0,10.7,4.3,55
2010-11-12,4.7,8.3,82,1.20,207,0.66,7.0,7.0,5.5,65
2010-11-13,5.8,9.2,74,2.10,196,0.63,5.0,7.2,5.1,57
2010-11-14,6.9,10.7,80,1.20,221,0.67,5.0,10.6,5.5,67
2010-11-15,7.0,9.2,83,4.40,233,0.42,4.0,8.3,6.1,73
2010-11-16,5.1,8.4,91,7.70,240,0.59,14.0,8.6,6.7,76
2010-11-17,4.5,6.5,93,17.00,137,0.32,24.0,9.2,4.6,82
2010-11-18,2.6,4.8,78,4.80,286,0.47,7.0,8.4,5.9,63
2010-11-19,-2.4,-1.1,65,0.70,352,0.52,6.0,8.0,6.2,59
2010-11-20,-5.7,-2.2,74,2.00,348,0.39,11.0,9.5,8.5,64
2010-11-21,-7.3,-4.6,70,2.10,337,0.37,14.0,9.1,7.3,60
2010-11-22,-8.7,-5.3,69,0.80,338,0.39,5.0,14.6,10.0,53
2010-11-23,-12.1,-7.2,61,0.00,349,0.52,0.0,16.7,12.8,52
2010-11-24,-9.6,-5.3,59,0.00,328,0.39,0.0,6.3,3.4,45
2010-11-25,-5.8,-3.2,70,1.70,153,0.30,8.0,8.1,3.7,53
2010-11-26,-4.7,-1.4,75,0.20,144,0.40,2.0,9.3,7.7,66
2010-11-27,-1.1,2.8,80,1.70,134,0.47,8.0,6.9,4.0,64
2010-11-28,0.7,3.2,84,0.00,300,0.39,0.0,5.9,4.4,54
2010-11-29,-0.5,2.7,81,0.50,156,0.35,4.0,6.9,3.4,52
2010-11-30,-2.6,-0.3,78,4.00,135,0.30,16.0,9.2,7.8,74
2010-12-01,-0.2,1.9,84,1.40,159,0.38,8.0,6.8,5.3,76
2010-12-02,2.6,4.5,86,0.60,184,0.40,6.0,6.6,3.2,68
2010-12-03,1.8,3.9,85,1.90,288,0.39,12.0,4.2,2.5,65
2010-12-04,0.1,3.1,82,1.00,9,0.39,6.0,6.6,4.3,58
2010-12-05,-3.0,1.3,74,0.00,26,0.41,0.0,6.4,3.2,49
2010-12-06,-0.7,3.0,75,0.00,357,0.40,0.0,4.1,2.7,49
2010-12-07,0.2,2.8,89,0.10,153,0.29,1.0,5.7,3.0,67
2010-12-08,1.5,3.7,90,4.30,147,0.34,18.0,8.5,6.0,83
2010-12-09,2.1,3.6,92,3.10,168,0.34,13.0,8.8,7.7,82
2010-12-10,3.0,5.4,89,1.10,220,0.37,6.0,7.2,5.2,72
2010-12-11,3.0,5.1,83,1.90,199,0.28,7.0,6.2,4.8,76
2010-12-12,0.8,3.4,91,20.50,128,0.22,22.0,6.8,5.5,79
2010-12-13,4.1,6.5,88,0.80,179,0.42,3.0,7.7,6.2,75
2010-12-14,2.9,5.1,90,6.90,161,0.33,19.0,8.0,6.4,72
2010-12-15,1.4,3.4,86,1.50,191,0.35,5.0,9.4,7.1,74
2010-12-16,-1.3,2.5,92,0.20,173,0.29,2.0,7.2,4.4,75
2010-12-17,-0.2,1.5,89,0.00,83,0.32,0.0,4.6,3.3,72
2010-12-18,-3.0,1.0,91,0.50,47,0.20,2.0,6.9,4.5,74
2010-12-19,-3.1,-1.0,85,1.20,100,0.28,7.0,5.4,4.0,70
2010-12-20,-4.6,-0.8,87,0.10,35,0.28,1.0,6.6,3.4,69
2010-12-21,-0.8,3.0,84,0.60,112,0.30,4.0,6.4,4.8,72
2010-12-22,-0.0,2.5,94,1.70,99,0.21,3.0,7.6,3.8,82
2010-12-23,0.5,2.5,92,3.80,145,0.27,13.0,7.7,5.3,78
2010-12-24,0.7,4.3,90,0.20,122,0.31,1.0,8.7,6.4,73
2010-12-25,2.5,6.1,83,0.00,141,0.39,0.0,8.1,6.2,70
2010-12-26,2.6,4.6,89,2.80,164,0.30,9.0,8.4,5.2,78
2010-12-27,0.5,2.7,89,1.00,179,0.36,5.0,9.4,7.8,72
2010-12-28,1.4,5.3,84,4.30,182,0.42,14.0,9.0,5.9,54
2010-12-29,-1.0,4.6,76,0.00,330,0.30,0.0,11.9,7.2,55
2010-12-30,-6.6,-3.5,70,0.00,308,0.35,0.0,8.7,6.9,55
2010-12-31,-9.0,-4.5,75,0.00,1,0.29,0.0,6.6,2.4,54
2011-01-01,-9.4,-6.1,83,0.00,312,0.23,0.0,2.5,1.6,68
2011-01-02,-6.3,-4.1,84,0.00,327,0.29,0.0,4.0,2.7,69
2011-01-03,-6.3,-2.3,86,0.00,309,0.30,0.0,5.1,3.2,70
2011-01-04,-5.7,-2.6,88,0.20,190,0.21,2.0,5.5,3.7,71
2011-01-05,-3.4,-2.5,81,0.60,172,0.18,2.0,7.2,5.2,72
2011-01-06,-0.1,3.8,86,3.00,181,0.22,12.0,7.1,5.1,80
2011-01-07,2.7,4.1,91,3.60,152,0.30,14.0,7.5,4.5,85
2011-01-08,0.3,4.9,84,1.50,246,0.40,7.0,10.9,6.2,67
2011-01-09,-5.0,0.4,84,0.00,299,0.30,0.0,7.9,6.4,61
2011-01-10,-6.7,-4.4,78,0.00,314,0.34,0.0,6.1,3.7,66
2011-01-11,-8.2,-4.4,82,0.00,136,0.28,0.0,4.4,2.1,57
2011-01-12,-6.8,-1.7,79,9.20,113,0.27,21.0,7.5,5.9,60
2011-01-13,-1.0,2.6,83,5.10,169,0.30,13.0,7.6,4.8,76
2011-01-14,4.8,6.3,83,4.50,177,0.38,16.0,9.0,6.3,78
2011-01-15,5.7,8.1,81,0.00,185,0.47,0.0,8.4,5.6,68
2011-01-16,4.1,7.2,88,8.70,168,0.43,11.0,8.3,6.4,77
2011-01-17,5.6,7.4,84,2.20,207,0.48,11.0,9.1,7.3,76
2011-01-18,1.4,5.8,77,1.30,276,0.46,4.0,12.6,5.5,68
2011-01-19,-5.6,2.0,78,0.00,272,0.51,0.0,7.1,5.0,51
2011-01-20,-2.0,2.6,73,1.00,203,0.41,7.0,8.7,6.0,58
2011-01-21,0.8,3.1,80,1.80,209,0.33,6.0,7.3,5.4,68
2011-01-22,2.9,6.1,76,0.00,231,0.65,0.0,8.7,6.6,62
2011-01-23,4.1,7.8,70,0.00,224,0.73,0.0,8.7,6.8,56
2011-01-24,1.5,7.1,82,1.40,187,0.37,7.0,6.9,3.9,58
2011-01-25,3.2,6.6,87,0.70,210,0.58,4.0,5.8,4.7,72
2011-01-26,1.6,5.1,85,0.00,175,0.46,0.0,8.4,7.0,77
2011-01-27,2.2,6.0,81,0.00,185,0.59,0.0,9.8,7.2,74
2011-01-28,2.2,6.6,77,0.20,204,0.56,1.0,9.5,5.4,65
2011-01-29,2.6,6.0,84,7.90,288,0.40,24.0,7.1,5.5,73
2011-01-30,-6.7,-0.1,76,0.60,308,0.50,4.0,8.9,7.1,58
2011-01-31,-10.5,-5.8,68,0.00,312,0.53,0.0,7.0,4.7,47
2011-02-01,-10.9,-3.9,61,0.00,306,0.55,0.0,5.9,2.9,38
2011-02-02,-5.7,1.3,66,0.00,343,0.60,0.0,4.6,2.3,46
2011-02-03,-2.4,0.9,70,0.10,167,0.39,1.0,7.1,4.6,61
2011-02-04,1.4,6.2,68,0.00,186,0.82,0.0,10.3,8.1,57
2011-02-05,3.0,5.1,81,2.40,266,0.61,6.0,9.4,6.2,68
2011-02-06,1.4,2.7,70,6.40,329,0.36,8.0,6.2,4.1,58
2011-02-07,0.7,2.5,86,11.00,193,0.62,20.0,7.9,5.0,72
2011-02-08,-4.7,2.5,76,0.00,300,0.65,0.0,8.7,7.2,64
2011-02-09,-7.5,0.7,72,0.00,291,0.71,0.0,5.8,4.0,41
2011-02-10,-3.4,6.5,68,0.00,270,0.81,0.0,6.1,3.9,44
2011-02-11,-0.3,6.4,72,0.00,229,0.52,0.0,5.8,4.2,45
2011-02-12,4.2,7.2,80,2.30,185,0.86,12.0,13.5,7.7,65
2011-02-13,3.5,6.9,71,4.40,204,1.13,6.0,17.6,11.1,59
2011-02-14,3.7,5.9,79,2.00,139,0.68,11.0,10.8,6.8,69
2011-02-15,2.7,5.4,83,3.00,174,0.93,9.0,9.7,7.0,62
2011-02-16,0.8,3.5,78,7.10,184,0.93,14.0,8.0,5.5,62
2011-02-17,-0.7,2.8,72,0.20,214,0.83,1.0,8.0,5.6,55
2011-02-18,-0.9,3.7,65,0.00,285,1.03,0.0,7.5,3.7,46
2011-02-19,-7.5,-0.1,68,0.00,324,0.84,0.0,9.5,8.0,57
2011-02-20,-8.8,-0.2,61,0.00,301,1.01,0.0,8.7,5.3,31
2011-02-21,-4.9,1.0,56,0.10,245,0.86,1.0,12.3,5.1,34
2011-02-22,-1.5,2.2,68,1.50,297,0.87,10.0,9.8,5.6,51
2011-02-23,-4.9,-1.6,64,0.00,319,0.78,0.0,9.0,6.8,49
2011-02-24,-8.7,-3.9,63,0.00,357,0.73,0.0,12.2,8.5,44
2011-02-25,-13.9,-7.8,59,0.00,311,0.76,0.0,10.1,7.8,43
2011-02-26,-11.0,-2.7,54,0.00,240,0.81,0.0,8.7,4.6,35
2011-02-27,-5.6,-0.0,69,1.40,161,0.79,11.0,10.4,7.2,55
2011-02-28,-2.0,1.6,76,13.00,190,1.00,21.0,10.0,5.0,51
2011-03-01,-4.3,2.7,72,1.50,282,0.95,8.0,5.1,3.7,42
2011-03-02,0.1,5.7,83,7.20,108,0.98,22.0,14.9,6.2,68
2011-03-03,0.8,5.2,78,4.40,190,1.12,16.0,10.4,6.8,60
2011-03-04,-0.0,4.6,73,2.40,193,1.21,8.0,10.1,6.5,51
2011-03-05,1.3,6.3,73,1.00,165,1.34,5.0,8.7,6.0,45
2011-03-06,0.3,8.0,69,0.00,285,1.41,0.0,5.4,3.5,39
2011-03-07,-0.1,6.3,71,0.10,307,1.37,1.0,6.2,4.4,45
2011-03-08,-1.7,5.1,71,1.40,194,0.94,8.0,7.8,2.8,35
2011-03-09,1.5,5.3,80,7.40,174,0.85,13.0,10.1,6.4,67
2011-03-10,4.2,7.4,86,8.70,168,1.33,17.0,10.5,7.6,71
2011-03-11,2.5,5.4,76,3.90,195,1.40,8.0,10.9,8.1,60
2011-03-12,2.1,6.4,75,1.80,141,1.09,7.0,12.6,8.4,61
2011-03-13,3.8,7.9,80,0.70,158,1.06,5.0,19.1,9.0,64
2011-03-14,3.6,7.2,88,10.70,166,1.38,21.0,12.4,8.3,72
2011-03-15,4.5,8.3,84,2.80,148,1.31,9.0,13.6,8.3,67
2011-03-16,3.8,7.2,81,3.80,186,1.45,10.0,11.6,8.1,55
2011-03-17,2.2,6.3,73,0.00,201,1.75,0.0,9.4,7.2,55
2011-03-18,3.5,7.6,64,0.00,117,1.66,0.0,11.5,5.7,48
2011-03-19,4.7,8.6,68,5.60,53,1.22,13.0,7.6,4.8,47
2011-03-20,2.1,7.4,81,1.20,158,1.83,5.0,6.3,3.7,49
2011-03-21,5.8,9.8,62,2.20,23,1.55,7.0,7.0,3.5,35
2011-03-22,5.7,9.9,77,1.60,233,1.77,5.0,6.0,3.9,40
2011-03-23,5.4,8.6,69,0.00,183,1.84,0.0,10.9,5.1,47
2011-03-24,4.9,7.8,59,0.20,50,1.64,2.0,8.4,5.1,45
2011-03-25,5.1,8.8,77,0.70,6,1.61,3.0,6.8,3.9,62
2011-03-26,5.1,8.4,77,0.20,143,1.85,1.0,10.0,5.5,56
2011-03-27,6.1,10.4,62,0.70,121,1.44,4.0,6.5,2.7,41
2011-03-28,5.5,9.1,76,0.00,185,1.95,0.0,8.4,5.7,66
2011-03-29,6.6,9.7,77,2.50,183,1.93,12.0,10.5,6.4,65
2011-03-30,7.6,10.6,77,5.30,206,1.39,15.0,16.5,7.7,63
2011-03-31,8.5,11.8,76,3.50,234,1.95,11.0,17.4,8.6,53
2011-04-01,6.3,10.6,73,4.70,241,1.41,7.0,13.9,5.7,54
2011-04-02,4.5,8.0,83,12.60,311,1.81,17.0,16.8,7.1,39
2011-04-03,4.5,8.0,65,0.70,262,2.22,5.0,11.9,6.3,47
2011-04-04,6.1,8.5,71,1.10,215,1.73,7.0,11.1,6.9,48
2011-04-05,4.3,8.4,76,3.10,214,1.97,8.0,14.8,9.4,47
2011-04-06,4.3,6.9,63,0.80,201,1.89,3.0,13.8,7.5,52
2011-04-07,3.7,7.8,64,3.30,292,2.01,12.0,9.5,5.9,47
2011-04-08,5.5,11.6,54,0.00,311,2.74,0.0,7.8,3.4,24
2011-04-09,7.0,11.6,57,0.00,244,2.18,0.0,7.7,4.6,24
2011-04-10,6.6,10.4,67,0.50,203,1.79,3.0,15.6,7.7,60
2011-04-11,5.8,9.7,74,6.10,218,2.38,13.0,19.7,10.9,38
2011-04-12,4.3,8.0,56,0.00,205,2.42,0.0,15.6,7.1,40
2011-04-13,6.9,9.8,52,0.00,136,1.98,0.0,7.6,5.1,41
2011-04-14,4.9,8.6,80,3.60,189,2.16,14.0,11.0,7.1,50
2011-04-15,4.6,9.6,66,1.20,200,2.63,5.0,9.2,6.7,42
2011-04-16,6.8,9.5,68,6.40,231,2.42,16.0,15.9,7.2,40
2011-04-17,5.3,8.6,58,1.20,281,2.59,6.0,15.2,6.6,41
2011-04-18,4.4,6.9,71,1.60,315,2.21,6.0,6.7,4.6,52
2011-04-19,5.7,7.9,56,0.20,219,2.72,1.0,7.7,5.1,41
2011-04-20,5.9,8.3,58,1.60,190,2.35,7.0,9.0,5.2,50
2011-04-21,6.1,9.2,72,2.30,297,1.93,17.0,8.9,4.1,45
2011-04-22,7.0,12.6,55,0.20,267,2.84,2.0,8.4,5.2,28
2011-04-23,8.6,11.8,52,0.00,186,3.35,0.0,7.0,4.3,34
2011-04-24,9.5,13.6,53,0.00,170,3.55,0.0,8.6,5.8,38
2011-04-25,8.9,13.9,70,2.50,192,2.48,8.0,9.4,6.1,40
2011-04-26,7.2,12.4,74,2.00,242,2.29,9.0,7.8,5.5,44
2011-04-27,8.0,10.4,60,0.70,201,2.73,2.0,10.7,6.8,48
2011-04-28,6.5,9.6,64,2.90,217,2.47,7.0,11.4,7.2,46
2011-04-29,5.6,12.0,64,0.40,288,2.35,2.0,13.4,7.1,47
2011-04-30,7.6,12.8,65,0.40,271,3.09,1.0,7.5,6.2,41
2011-05-01,9.8,13.5,51,0.00,212,3.87,0.0,8.0,5.5,29
2011-05-02,9.3,13.3,59,0.20,162,2.23,1.0,10.8,7.2,48
2011-05-03,6.2,11.2,71,1.50,243,2.73,6.0,10.9,7.7,45
2011-05-04,8.7,13.0,60,0.00,224,3.65,0.0,9.4,6.7,46
2011-05-05,11.2,13.3,54,0.30,195,2.82,2.0,14.7,7.9,46
2011-05-06,10.3,15.0,60,0.20,223,3.29,1.0,14.0,6.1,52
2011-05-07,9.8,13.1,78,10.40,198,2.48,22.0,7.6,4.4,61
2011-05-08,9.0,14.4,78,3.60,255,2.67,12.0,5.9,4.4,50
2011-05-09,11.6,19.8,64,0.00,302,3.84,0.0,5.4,4.0,27
2011-05-10,13.1,19.8,54,0.00,235,4.44,0.0,8.2,5.6,26
2011-05-11,15.7,20.8,57,0.00,192,3.39,0.0,15.1,6.7,39
2011-05-12,10.5,19.0,74,7.50,203,2.86,9.0,14.8,5.3,39
2011-05-13,11.9,20.4,55,0.10,69,4.21,1.0,7.3,3.9,26
2011-05-14,16.3,24.7,50,0.30,51,4.43,1.0,11.4,5.1,28
2011-05-15,17.1,24.3,42,0.60,80,4.78,3.0,11.7,7.9,33
2011-05-16,13.2,19.9,74,7.40,229,2.48,11.0,13.2,7.8,48
2011-05-17,10.8,17.0,58,1.20,215,3.36,7.0,12.9,9.0,28
2011-05-18,13.2,19.6,47,0.00,309,4.58,0.0,8.7,3.9,27
2011-05-19,14.6,21.9,53,0.00,320,4.90,0.0,6.9,5.2,26
2011-05-20,17.6,23.5,42,0.00,33,4.90,0.0,6.6,3.5,27
2011-05-21,17.0,21.5,62,0.60,138,3.44,2.0,6.9,3.2,42
2011-05-22,14.0,19.6,73,3.10,244,2.29,11.0,5.9,3.9,53
2011-05-23,15.1,20.2,63,0.00,243,3.42,0.0,5.4,3.4,39
2011-05-24,15.6,20.0,61,0.50,306,3.50,2.0,6.4,4.6,40
2011-05-25,15.0,17.7,79,2.30,125,2.14,9.0,6.2,3.5,64
2011-05-26,9.3,15.8,96,19.40,229,0.79,20.0,13.8,7.0,88
2011-05-27,9.1,14.3,79,2.80,183,2.23,11.0,6.3,3.2,55
2011-05-28,10.9,16.3,75,3.30,322,2.61,14.0,6.5,3.4,50
2011-05-29,13.9,19.8,64,0.00,320,4.10,0.0,6.6,4.4,37
2011-05-30,14.9,19.8,61,0.70,237,4.17,3.0,7.2,4.2,37
2011-05-31,15.5,19.7,59,0.00,141,3.84,0.0,8.1,3.2,42
2011-06-01,12.8,16.7,81,6.10,180,2.59,11.0,7.2,3.1,60
2011-06-02,13.8,18.5,65,0.90,251,3.74,5.0,10.1,6.0,42
2011-06-03,13.4,19.4,61,0.00,244,3.24,0.0,11.0,5.4,40
2011-06-04,17.2,25.1,54,0.00,171,5.29,0.0,9.1,5.9,32
2011-06-05,19.7,26.2,50,0.00,201,5.70,0.0,7.9,4.6,28
2011-06-06,20.8,26.4,47,0.00,339,5.20,0.0,7.3,5.2,26
2011-06-07,19.1,26.3,52,2.80,247,4.41,3.0,9.9,7.1,26
2011-06-08,14.6,19.6,78,5.70,356,2.75,16.0,9.4,4.0,54
2011-06-09,16.4,22.4,72,0.80,190,3.74,2.0,6.2,4.2,44
2011-06-10,18.5,21.9,59,0.00,204,4.21,0.0,8.2,6.3,45
2011-06-11,17.1,21.7,57,0.00,232,4.25,0.0,7.1,4.4,40
2011-06-12,17.9,22.4,55,0.20,218,4.39,1.0,9.9,4.9,35
2011-06-13,17.2,22.1,59,1.40,225,3.53,4.0,11.7,6.2,38
2011-06-14,14.9,21.2,57,1.30,233,4.45,1.0,13.2,8.1,29
2011-06-15,13.3,21.0,63,4.10,280,3.64,15.0,12.5,8.0,29
2011-06-16,13.4,19.5,67,1.10,275,2.66,5.0,12.0,7.9,46
2011-06-17,14.1,18.7,77,4.40,227,2.19,11.0,6.6,5.0,59
2011-06-18,16.4,19.8,68,0.30,246,3.28,1.0,8.6,5.7,46
2011-06-19,16.3,22.3,66,0.00,262,3.45,0.0,11.4,7.5,41
2011-06-20,16.6,23.5,61,0.00,246,4.06,0.0,9.8,5.3,36
2011-06-21,19.0,25.9,51,0.00,244,5.42,0.0,8.0,5.4,31
2011-06-22,21.2,28.5,50,0.00,192,5.80,0.0,10.9,5.0,26
2011-06-23,18.5,27.8,57,1.60,246,4.75,6.0,11.9,8.3,26
2011-06-24,14.3,20.8,56,3.90,230,4.42,10.0,14.2,7.7,27
2011-06-25,14.2,20.0,54,0.00,214,4.31,0.0,8.8,6.8,37
2011-06-26,16.2,21.5,55,0.10,230,3.64,1.0,7.9,4.8,38
2011-06-27,19.7,25.5,51,0.00,147,4.37,0.0,8.9,5.0,28
2011-06-28,21.3,27.6,49,0.50,205,4.33,2.0,6.6,2.7,30
2011-06-29,21.2,26.5,60,0.10,223,4.64,1.0,16.9,8.8,40
2011-06-30,16.0,22.2,53,0.00,237,5.00,0.0,17.9,11.7,29
2011-07-01,15.4,22.0,50,0.00,230,4.48,0.0,17.4,8.7,32
2011-07-02,19.8,27.7,51,0.00,190,5.22,0.0,11.6,5.4,27
2011-07-03,21.2,27.4,47,0.10,234,5.37,1.0,15.5,7.7,26
2011-07-04,18.3,26.3,47,0.00,252,5.58,0.0,14.2,5.6,25
2011-07-05,21.7,29.7,39,0.00,244,6.17,0.0,7.8,4.6,24
2011-07-06,24.1,31.9,41,0.00,242,6.48,0.0,8.7,5.4,22
2011-07-07,24.2,31.4,46,0.90,251,5.61,2.0,13.3,6.4,22
2011-07-08,15.8,22.4,56,1.50,240,4.12,6.0,14.1,9.9,29
2011-07-09,15.8,22.9,50,0.00,255,4.51,0.0,14.1,6.4,28
2011-07-10,19.6,26.6,47,0.00,219,4.66,0.0,5.5,3.9,25
2011-07-11,21.9,27.4,48,0.00,217,4.41,0.0,7.8,4.1,27
2011-07-12,21.0,27.1,54,0.90,272,3.77,1.0,7.2,4.5,29
2011-07-13,19.9,26.4,64,1.20,239,3.95,8.0,9.9,4.9,36
2011-07-14,18.2,22.5,53,1.80,224,4.30,2.0,11.5,6.1,36
2011-07-15,18.4,25.4,53,0.00,202,3.96,0.0,12.0,7.7,31
2011-07-16,21.7,26.3,48,0.10,157,4.69,1.0,13.8,5.5,31
2011-07-17,19.4,26.3,72,3.70,212,3.91,4.0,11.5,3.6,41
2011-07-18,20.5,26.2,71,1.70,273,3.32,5.0,7.2,4.5,45
2011-07-19,20.8,24.7,53,0.00,249,4.19,0.0,12.9,6.2,35
2011-07-20,17.9,23.9,55,0.20,234,4.41,1.0,13.5,8.8,30
2011-07-21,18.1,23.7,57,3.00,220,4.31,6.0,13.9,8.3,30
2011-07-22,17.1,22.6,52,0.10,277,4.31,1.0,11.0,6.6,28
2011-07-23,18.3,26.4,52,0.00,247,4.78,0.0,8.5,4.7,27
2011-07-24,22.3,31.1,46,0.00,98,5.72,0.0,7.7,4.0,21
2011-07-25,24.4,31.2,41,0.00,229,4.65,0.0,12.5,5.4,21
2011-07-26,19.2,25.6,65,1.10,229,4.18,4.0,10.6,8.4,33
2011-07-27,19.0,24.6,54,0.00,268,3.92,0.0,10.5,6.3,32
2011-07-28,20.9,29.2,50,0.00,234,5.46,0.0,11.5,6.4,25
2011-07-29,21.4,28.9,50,0.00,247,4.64,0.0,13.6,7.7,26
2011-07-30,22.8,31.7,46,0.00,220,5.63,0.0,11.4,5.1,22
2011-07-31,23.3,31.7,43,0.00,248,5.16,0.0,14.8,7.9,21
2011-08-01,20.1,27.3,50,0.00,275,5.52,0.0,14.4,6.4,23
2011-08-02,22.7,29.4,40,0.00,234,5.33,0.0,9.2,4.7,19
2011-08-03,23.1,29.3,40,0.00,250,5.32,0.0,10.8,5.1,20
2011-08-04,24.3,31.9,45,0.00,318,5.37,0.0,6.0,3.9,22
2011-08-05,24.6,31.6,45,0.00,247,5.87,0.0,8.9,6.7,23
2011-08-06,22.3,30.1,52,0.00,256,5.15,0.0,13.0,7.0,24
2011-08-07,22.8,30.2,49,0.00,284,5.54,0.0,7.6,5.3,21
2011-08-08,24.5,31.9,43,0.00,326,5.29,0.0,7.1,4.2,20
2011-08-09,24.2,31.5,42,0.00,256,5.60,0.0,8.0,5.9,21
2011-08-10,22.4,31.0,47,0.80,264,4.93,1.0,9.3,5.2,22
2011-08-11,20.3,28.0,65,1.80,259,4.27,2.0,6.9,4.8,32
2011-08-12,23.5,30.9,50,0.00,222,4.99,0.0,10.5,5.2,20
2011-08-13,24.1,30.6,45,0.00,236,5.43,0.0,10.5,5.8,21
2011-08-14,21.6,30.1,47,0.00,259,4.78,0.0,10.7,7.6,24
2011-08-15,18.4,24.2,52,0.00,251,4.31,0.0,9.8,5.7,28
2011-08-16,20.1,27.8,45,0.00,222,5.00,0.0,8.4,5.3,20
2011-08-17,22.0,28.5,38,0.00,236,5.48,0.0,12.0,6.9,19
2011-08-18,20.8,27.0,45,0.00,299,4.61,0.0,14.0,6.4,19
2011-08-19,21.4,28.1,45,0.00,18,4.74,0.0,6.7,3.8,19
2011-08-20,23.5,31.5,43,0.00,68,4.88,0.0,7.6,3.2,21
2011-08-21,26.2,33.5,41,0.00,205,5.32,0.0,12.0,6.5,16
2011-08-22,24.3,32.9,45,0.00,250,2.53,0.0,9.0,4.9,17
2011-08-23,22.9,29.9,52,0.00,224,4.70,0.0,11.4,7.8,26
2011-08-24,24.2,32.2,46,0.00,245,5.20,0.0,8.8,6.0,20
2011-08-25,24.5,31.9,45,0.00,257,5.07,0.0,9.4,5.1,20
2011-08-26,25.8,32.8,47,0.00,267,4.63,0.0,5.4,3.4,16
2011-08-27,26.6,33.3,38,0.00,248,5.02,0.0,7.9,4.9,12
2011-08-28,25.6,33.5,37,0.00,268,4.99,0.0,7.5,4.5,13
2011-08-29,26.6,33.4,37,0.00,250,5.03,0.0,11.6,6.3,14
2011-08-30,20.4,29.8,56,0.00,266,3.60,0.0,12.1,7.3,28
2011-08-31,18.7,23.8,49,0.00,313,4.11,0.0,11.5,6.8,24
2011-09-01,18.4,22.7,45,0.40,249,3.82,2.0,17.1,8.4,23
2011-09-02,16.2,22.2,52,0.10,276,3.66,1.0,15.9,9.5,23
2011-09-03,17.9,24.7,46,0.00,39,3.99,0.0,9.8,3.0,21
2011-09-04,21.0,29.3,45,0.00,140,4.44,0.0,9.7,4.1,14
2011-09-05,23.1,31.0,38,0.00,213,5.00,0.0,10.0,6.6,15
2011-09-06,23.1,31.0,40,0.00,232,4.79,0.0,10.3,5.5,16
2011-09-07,24.2,32.8,44,0.00,228,4.38,0.0,5.4,4.1,12
2011-09-08,26.3,34.2,34,0.00,154,4.28,0.0,4.6,2.9,12
2011-09-09,26.2,33.6,40,0.00,294,4.29,0.0,6.1,4.0,13
2011-09-10,26.4,33.6,39,0.00,9,4.42,0.0,7.4,4.1,14
2011-09-11,26.3,33.6,42,0.00,303,4.17,0.0,7.2,3.3,14
2011-09-12,26.3,33.0,49,0.00,308,4.03,0.0,6.1,3.7,17
2011-09-13,24.9,31.7,47,0.00,269,3.49,0.0,6.5,4.0,19
2011-09-14,24.4,29.9,47,0.00,257,3.87,0.0,6.9,4.6,21
2011-09-15,19.3,29.5,52,0.00,253,2.79,0.0,12.6,6.8,21
2011-09-16,15.8,21.1,55,0.00,231,3.40,0.0,11.9,8.7,26
2011-09-17,14.0,20.3,51,1.50,232,2.99,4.0,10.8,8.1,27
2011-09-18,16.1,20.4,58,0.70,190,2.07,4.0,15.5,7.1,32
2011-09-19,15.9,21.2,60,1.80,272,3.11,4.0,12.2,7.3,24
2011-09-20,16.7,23.4,44,0.00,93,3.29,0.0,7.5,4.0,21
2011-09-21,18.0,25.8,47,0.00,159,3.43,0.0,13.1,7.1,22
2011-09-22,19.6,25.9,43,0.00,167,2.62,0.0,12.8,7.7,24
2011-09-23,22.6,30.0,52,0.00,190,3.93,0.0,16.9,9.3,29
2011-09-24,23.1,31.6,48,0.00,189,3.96,0.0,13.7,6.6,19
2011-09-25,20.8,30.9,56,1.50,249,2.05,4.0,7.9,4.6,21
2011-09-26,14.2,21.6,60,2.90,186,1.71,7.0,21.7,9.3,33
2011-09-27,13.0,18.2,85,6.00,197,2.12,19.0,17.9,9.6,34
2011-09-28,12.8,18.2,55,0.00,247,2.65,0.0,13.7,6.7,30
2011-09-29,14.3,22.1,53,0.00,100,2.85,0.0,10.4,5.5,24
2011-09-30,16.4,24.0,50,0.10,173,3.01,1.0,10.6,6.9,26
2011-10-01,15.7,22.4,78,12.30,295,1.07,9.0,7.1,3.9,35
2011-10-02,13.4,16.3,91,5.20,257,1.31,10.0,4.5,2.6,72
2011-10-03,14.5,15.9,89,4.80,98,0.69,8.0,6.5,3.7,74
2011-10-04,13.0,14.8,87,22.80,204,1.02,24.0,5.4,3.2,81
2011-10-05,10.3,12.7,89,2.90,67,0.72,11.0,6.6,5.0,76
2011-10-06,10.8,17.1,86,3.70,316,1.53,7.0,10.5,5.8,47
2011-10-07,11.3,16.8,78,3.20,262,1.15,9.0,9.5,6.0,50
2011-10-08,11.7,15.1,71,0.20,211,1.69,1.0,11.4,6.1,49
2011-10-09,11.6,15.4,76,0.30,165,1.42,2.0,9.6,7.1,52
2011-10-10,12.3,14.7,84,2.80,142,1.01,11.0,7.8,5.5,68
2011-10-11,10.4,15.1,91,8.90,171,1.26,20.0,9.7,6.8,71
2011-10-12,11.4,14.6,75,1.20,205,1.65,7.0,11.2,8.2,56
2011-10-13,9.2,13.0,63,0.00,253,1.66,0.0,9.0,5.4,44
2011-10-14,10.3,12.9,58,0.00,82,1.46,0.0,4.8,3.6,47
2011-10-15,10.8,13.9,71,0.20,87,1.70,1.0,3.4,2.2,46
2011-10-16,9.8,13.2,61,0.00,75,1.66,0.0,4.8,2.3,48
2011-10-17,11.3,16.3,73,0.00,212,1.66,0.0,4.5,2.9,47
2011-10-18,11.8,16.2,79,0.00,134,1.63,0.0,6.4,2.9,46
2011-10-19,11.3,17.0,74,0.00,168,1.62,0.0,7.6,4.7,47
2011-10-20,13.5,16.1,71,0.40,221,1.53,2.0,9.3,7.4,54
2011-10-21,10.7,14.3,80,0.40,195,0.82,3.0,9.2,4.9,60
2011-10-22,11.9,15.4,77,2.60,199,1.05,10.0,11.1,7.1,60
2011-10-23,10.8,14.7,66,0.00,229,1.64,0.0,10.5,7.8,34
2011-10-24,9.2,13.1,60,0.30,260,1.34,3.0,6.5,5.0,42
2011-10-25,7.8,10.5,66,0.20,264,1.25,1.0,6.7,4.7,41
2011-10-26,6.3,9.8,69,0.00,143,0.61,0.0,7.6,5.9,50
2011-10-27,6.5,9.9,67,0.20,231,1.20,2.0,7.3,5.3,42
2011-10-28,5.7,9.2,65,0.20,136,0.84,1.0,9.5,6.3,50
2011-10-29,6.3,12.0,71,0.40,212,1.25,2.0,9.4,7.3,40
2011-10-30,7.3,10.9,74,0.10,163,0.55,1.0,8.4,6.3,48
2011-10-31,6.4,10.0,76,2.30,228,0.96,7.0,8.7,6.8,52
2011-11-01,6.9,9.5,67,0.10,249,1.12,1.0,7.2,4.7,42
2011-11-02,4.3,8.4,61,0.00,142,1.25,0.0,18.0,8.8,38
2011-11-03,6.2,9.1,60,0.40,158,1.22,2.0,13.0,6.3,42
2011-11-04,5.7,8.3,60,0.00,326,0.93,0.0,8.4,5.2,43
2011-11-05,4.6,6.0,50,0.00,130,0.85,0.0,5.1,2.5,40
2011-11-06,3.4,5.7,60,0.00,97,0.82,0.0,4.0,2.1,48
2011-11-07,3.7,5.5,70,1.10,167,0.55,5.0,9.8,5.4,55
2011-11-08,4.7,7.7,82,3.30,174,0.66,20.0,6.8,3.4,76
2011-11-09,4.8,7.5,85,0.20,126,0.51,2.0,9.5,5.1,75
2011-11-10,4.2,9.2,82,0.00,165,0.59,0.0,10.1,7.3,64
2011-11-11,5.0,7.4,85,2.80,176,0.34,7.0,9.7,8.1,75
2011-11-12,2.8,4.9,87,6.40,215,0.37,14.0,11.7,7.1,72
2011-11-13,3.3,6.4,78,3.20,227,0.78,13.0,17.2,9.8,54
2011-11-14,2.1,4.9,70,2.60,274,0.75,9.0,13.6,9.3,49
2011-11-15,2.3,4.6,54,0.80,268,0.93,4.0,12.8,7.2,27
2011-11-16,2.5,5.4,44,0.60,154,0.76,3.0,12.0,6.2,23
2011-11-17,-0.9,1.9,71,5.00,181,0.74,11.0,15.5,10.0,46
2011-11-18,0.9,3.5,61,3.20,49,0.55,18.0,9.8,6.6,37
2011-11-19,-1.5,-0.0,71,2.50,357,0.46,15.0,9.1,5.7,59
2011-11-20,-2.8,-0.8,75,1.00,174,0.42,6.0,8.8,5.3,61
2011-11-21,-4.5,0.9,79,1.90,147,0.40,10.0,12.3,7.6,70
2011-11-22,0.6,4.9,90,7.50,163,0.39,18.0,13.2,8.8,81
2011-11-23,5.2,6.6,92,18.00,172,0.36,22.0,8.8,6.7,83
2011-11-24,2.8,5.7,83,0.70,193,0.42,4.0,10.9,7.3,67
2011-11-25,-0.3,2.7,78,2.10,214,0.54,8.0,13.6,9.2,60
2011-11-26,2.2,3.8,66,0.10,148,0.50,1.0,8.9,7.4,54
2011-11-27,2.1,4.3,87,6.80,159,0.26,16.0,10.5,8.9,75
2011-11-28,4.4,6.8,84,0.30,211,0.43,2.0,10.3,7.0,73
2011-11-29,3.0,6.3,90,3.30,175,0.24,15.0,6.6,5.7,76
2011-11-30,2.9,4.3,82,1.40,287,0.59,4.0,13.2,8.2,55
2011-12-01,3.0,5.2,62,0.00,265,0.54,0.0,8.2,3.9,49
2011-12-02,1.8,5.2,60,0.00,286,0.80,0.0,14.9,9.4,47
2011-12-03,5.4,8.0,52,0.00,265,0.74,0.0,7.7,5.0,42
2011-12-04,5.0,7.3,61,0.00,305,0.70,0.0,8.4,6.0,50
2011-12-05,3.3,6.1,75,0.00,329,0.35,0.0,3.5,2.0,50
2011-12-06,2.8,6.0,81,0.00,253,0.47,0.0,5.1,2.4,57
2011-12-07,3.4,6.0,76,0.00,296,0.42,0.0,6.9,4.8,58
2011-12-08,-0.6,2.2,59,0.00,332,0.46,0.0,5.2,4.3,48
2011-12-09,-0.1,3.6,70,0.00,349,0.44,0.0,5.1,3.3,52
2011-12-10,0.2,2.6,80,0.00,166,0.39,0.0,7.1,5.8,62
2011-12-11,2.4,4.3,76,1.30,317,0.42,7.0,11.4,4.9,57
2011-12-12,-0.1,1.8,66,0.00,330,0.46,0.0,7.5,4.2,55
2011-12-13,-1.2,1.5,71,0.00,143,0.35,0.0,6.4,3.1,58
2011-12-14,0.4,2.2,75,0.00,177,0.33,0.0,5.4,2.9,61
2011-12-15,0.8,4.9,76,3.70,178,0.36,15.0,6.6,4.7,59
2011-12-16,3.1,4.3,79,0.40,170,0.29,3.0,7.0,5.1,65
2011-12-17,2.2,4.3,83,0.00,168,0.28,0.0,8.3,6.2,79
2011-12-18,3.0,4.2,82,1.30,229,0.37,5.0,7.4,6.1,64
2011-12-19,3.1,4.3,75,0.00,216,0.43,0.0,7.5,4.1,62
2011-12-20,3.4,4.4,70,0.40,203,0.50,1.0,8.7,6.9,63
2011-12-21,2.0,4.7,59,2.40,300,0.68,4.0,10.4,6.4,38
2011-12-22,0.9,4.3,62,0.00,154,0.41,0.0,6.3,4.1,40
2011-12-23,-1.1,1.0,64,0.00,162,0.43,0.0,8.7,6.6,56
2011-12-24,1.7,3.0,71,0.60,165,0.33,4.0,7.6,6.0,63
2011-12-25,0.7,3.0,82,0.00,158,0.33,0.0,9.7,6.4,70
2011-12-26,2.5,3.9,69,0.30,197,0.55,2.0,12.5,8.3,60
2011-12-27,0.8,3.3,85,2.80,161,0.25,14.0,9.7,7.5,79
2011-12-28,3.4,7.0,88,6.20,166,0.42,8.0,9.4,7.0,82
2011-12-29,3.8,6.5,80,3.80,207,0.52,7.0,14.1,9.6,53
2011-12-30,3.2,6.3,83,8.10,172,0.44,13.0,14.2,8.1,56
2011-12-31,1.6,4.1,59,0.90,247,0.54,7.0,13.1,6.6,40
2012-01-01,2.2,4.0,51,0.00,116,0.58,0.0,7.5,5.2,42
2012-01-02,1.2,3.7,64,0.00,141,0.52,0.0,7.6,5.1,58
2012-01-03,2.0,3.3,79,0.90,158,0.31,4.0,7.6,6.2,66
2012-01-04,2.4,4.0,91,5.80,157,0.21,19.0,9.6,7.0,78
2012-01-05,3.2,5.2,84,3.10,202,0.50,9.0,13.6,10.0,57
2012-01-06,3.6,5.0,68,0.00,211,0.53,0.0,9.5,6.5,57
2012-01-07,3.2,5.0,64,1.30,215,0.41,3.0,8.3,4.9,56
2012-01-08,1.7,4.2,83,2.20,164,0.36,6.0,8.2,6.1,73
2012-01-09,2.5,5.8,85,0.00,172,0.43,0.0,9.8,7.1,73
2012-01-10,2.6,7.4,64,1.90,309,0.84,5.0,18.4,11.2,36
2012-01-11,-2.2,0.5,39,0.00,360,0.62,0.0,11.2,3.9,32
2012-01-12,-1.3,1.1,56,0.00,36,0.41,0.0,5.6,3.1,40
2012-01-13,0.5,3.9,58,0.00,173,0.56,0.0,7.6,3.1,47
2012-01-14,0.5,3.2,64,1.80,155,0.46,6.0,7.9,5.3,49
2012-01-15,-2.6,0.2,60,1.20,239,0.64,6.0,13.6,8.2,45
2012-01-16,-4.9,-1.9,53,0.90,293,0.47,5.0,7.4,4.8,47
2012-01-17,-7.7,-2.0,70,6.90,341,0.27,21.0,9.1,6.2,44
2012-01-18,-16.0,-10.3,69,1.70,336,0.21,7.0,9.1,7.8,61
2012-01-19,-14.5,-10.7,72,0.10,340,0.24,1.0,8.1,6.2,63
2012-01-20,-8.6,-2.7,79,0.00,342,0.26,0.0,7.1,3.1,70
2012-01-21,-2.4,0.9,87,7.50,163,0.36,17.0,9.8,5.3,76
2012-01-22,-2.2,0.6,83,0.20,186,0.43,2.0,15.0,8.3,71
2012-01-23,-1.2,1.2,84,1.20,170,0.42,6.0,13.8,8.8,71
2012-01-24,-2.5,1.6,82,0.60,171,0.37,3.0,10.7,7.8,73
2012-01-25,-0.4,2.9,77,6.30,184,0.61,12.0,13.5,9.4,59
2012-01-26,-0.2,2.2,76,4.20,230,0.64,9.0,14.0,7.9,54
2012-01-27,-3.4,-0.7,70,0.00,226,0.64,0.0,11.1,8.3,59
2012-01-28,-2.4,0.2,74,0.30,207,0.39,3.0,9.9,6.3,60
2012-01-29,-0.1,3.8,85,2.00,158,0.39,10.0,8.0,6.9,74
2012-01-30,4.2,5.5,82,0.20,205,0.69,1.0,11.1,8.3,64
2012-01-31,3.6,6.1,74,0.20,198,0.82,1.0,9.8,7.2,61
2012-02-01,2.3,5.1,86,4.30,167,0.47,12.0,8.4,5.9,71
2012-02-02,-1.5,5.2,76,0.00,265,0.78,0.0,7.2,4.6,45
2012-02-03,-2.8,4.9,70,0.00,240,0.76,0.0,3.2,2.2,46
2012-02-04,-3.3,4.5,70,0.00,201,0.77,0.0,5.1,3.6,47
2012-02-05,-4.0,4.3,71,0.00,223,0.81,0.0,4.7,3.0,43
2012-02-06,-3.9,4.5,70,0.00,290,0.74,0.0,4.3,2.8,43
2012-02-07,-2.7,5.8,73,0.00,22,0.91,0.0,7.8,2.7,46
2012-02-08,-3.5,5.5,74,0.00,210,0.68,0.0,4.8,3.1,49
2012-02-09,0.2,3.7,81,0.00,192,0.74,0.0,4.7,2.8,64
2012-02-10,1.3,4.3,84,0.00,173,0.50,0.0,5.6,2.7,74
2012-02-11,3.6,8.2,86,0.90,165,0.79,6.0,3.6,1.7,70
2012-02-12,4.1,7.6,85,0.00,229,0.88,0.0,5.7,4.0,65
2012-02-13,2.5,6.6,82,0.00,293,0.89,0.0,9.7,4.9,45
2012-02-14,-1.9,4.0,56,0.00,296,1.03,0.0,7.6,4.1,36
2012-02-15,-1.9,6.9,62,0.00,292,1.11,0.0,5.8,3.8,37
2012-02-16,-0.0,6.7,69,4.30,187,0.48,10.0,6.5,3.8,39
2012-02-17,-0.9,3.7,87,1.60,205,0.73,4.0,8.2,3.3,68
2012-02-18,1.1,3.8,88,6.30,156,0.80,15.0,8.0,6.1,74
2012-02-19,0.6,4.4,82,0.90,217,0.89,5.0,10.9,7.1,51
2012-02-20,0.4,4.3,74,0.20,224,0.99,2.0,8.8,4.9,59
2012-02-21,2.8,4.9,86,8.00,179,0.48,16.0,6.9,5.8,70
2012-02-22,5.9,8.1,75,3.60,234,1.11,14.0,15.2,9.3,48
2012-02-23,0.8,4.9,74,3.30,250,1.05,16.0,9.2,6.6,60
2012-02-24,0.4,5.7,83,5.20,177,0.60,15.0,10.7,4.2,60
2012-02-25,1.2,4.5,88,7.60,196,0.76,19.0,8.3,4.2,67
2012-02-26,-1.9,3.2,72,4.30,277,0.90,14.0,10.5,7.9,49
2012-02-27,-10.7,-1.8,66,0.00,285,1.01,0.0,9.0,5.2,33
2012-02-28,-6.9,-0.5,64,0.00,181,0.97,0.0,9.0,4.1,34
2012-02-29,-2.8,1.3,77,3.50,118,0.90,11.0,9.8,5.4,59
2012-03-01,-1.8,2.0,77,0.00,246,1.05,0.0,6.9,4.5,55
2012-03-02,-0.1,5.8,68,0.00,231,1.10,0.0,16.4,7.1,42
2012-03-03,3.9,6.4,73,0.00,205,0.88,0.0,13.8,8.4,64
2012-03-04,6.2,9.9,75,0.10,209,1.29,1.0,14.2,9.7,62
2012-03-05,6.2,9.5,79,6.70,219,1.03,17.0,10.9,6.9,59
2012-03-06,-2.1,4.1,62,1.00,298,1.38,4.0,12.9,8.7,37
2012-03-07,0.4,9.8,45,0.00,264,1.68,0.0,7.9,4.5,31
2012-03-08,2.5,9.9,62,0.00,177,1.29,0.0,7.9,4.3,33
2012-03-09,3.9,10.3,70,0.00,188,1.58,0.0,16.9,8.1,52
2012-03-10,7.6,10.8,78,1.50,205,1.32,9.0,12.7,6.2,62
2012-03-11,4.5,8.6,85,16.80,186,1.07,19.0,9.4,5.8,70
2012-03-12,0.5,5.1,73,2.60,154,0.91,9.0,19.6,9.6,53
2012-03-13,2.8,4.3,77,15.30,199,1.42,16.0,13.9,8.4,46
2012-03-14,-1.2,4.8,71,0.40,185,1.20,3.0,19.6,9.3,54
2012-03-15,2.8,8.0,87,8.60,150,1.18,24.0,12.1,7.7,71
2012-03-16,3.6,6.8,83,14.80,189,1.52,21.0,11.6,7.0,65
2012-03-17,3.0,6.2,78,5.40,325,0.91,13.0,6.6,4.0,64
2012-03-18,1.1,7.2,71,0.90,229,1.72,2.0,8.6,4.4,34
2012-03-19,3.2,6.8,59,0.00,243,1.79,0.0,10.4,6.4,36
2012-03-20,3.3,6.7,57,4.10,198,1.84,10.0,18.4,9.1,25
2012-03-21,2.4,5.7,53,0.00,223,2.02,0.0,16.8,9.1,40
2012-03-22,4.1,8.4,53,2.10,263,1.72,7.0,9.4,4.2,24
2012-03-23,5.0,9.1,42,0.00,21,2.19,0.0,6.8,3.5,21
2012-03-24,5.1,9.1,47,0.00,56,2.23,0.0,7.6,3.9,33
2012-03-25,6.2,12.8,55,0.00,139,2.17,0.0,6.3,3.0,35
2012-03-26,7.3,12.8,65,0.00,308,1.63,0.0,4.0,2.6,42
2012-03-27,6.3,9.9,82,2.70,168,1.52,8.0,17.3,8.6,55
2012-03-28,6.2,8.9,85,6.60,139,1.42,14.0,10.7,6.5,64
2012-03-29,4.7,8.3,84,7.40,157,1.37,20.0,14.6,8.7,73
2012-03-30,4.5,8.2,83,20.40,203,1.84,19.0,13.1,7.5,47
2012-03-31,3.9,9.1,75,2.20,230,1.36,7.0,7.3,5.3,51
2012-04-01,3.9,6.9,86,6.60,221,1.54,16.0,15.9,6.7,46
2012-04-02,4.1,9.9,56,0.00,195,2.32,0.0,17.2,9.0,45
2012-04-03,6.4,12.6,63,0.00,146,2.24,0.0,17.7,10.3,45
2012-04-04,5.3,10.7,71,1.40,283,1.46,4.0,15.6,6.8,48
2012-04-05,5.1,9.2,58,0.10,245,2.14,1.0,8.0,5.6,41
2012-04-06,5.5,8.6,63,0.20,305,2.36,1.0,5.5,3.9,43
2012-04-07,6.9,11.0,51,0.10,264,2.72,1.0,5.0,3.0,28
2012-04-08,8.2,12.8,44,0.00,63,2.97,0.0,7.6,4.1,28
2012-04-09,10.7,19.0,37,0.00,52,3.45,0.0,6.6,4.5,22
2012-04-10,14.0,20.3,44,0.00,92,3.34,0.0,6.8,4.0,22
2012-04-11,12.6,20.5,59,0.70,248,2.59,2.0,10.0,4.5,30
2012-04-12,10.6,18.5,75,3.40,223,2.12,12.0,9.1,5.9,39
2012-04-13,8.9,14.1,72,1.40,229,2.64,3.0,8.0,5.5,45
2012-04-14,8.0,11.0,81,4.20,263,1.89,12.0,6.9,4.3,75
2012-04-15,8.4,13.7,73,1.60,276,2.34,4.0,6.0,4.8,33
2012-04-16,8.1,13.6,68,2.70,146,1.25,9.0,6.8,3.1,35
2012-04-17,6.8,11.3,71,1.00,205,2.53,3.0,10.1,7.1,46
2012-04-18,7.8,11.3,68,0.40,169,2.47,2.0,8.8,6.4,57
2012-04-19,8.5,12.6,67,1.10,199,2.65,2.0,13.3,6.5,47
2012-04-20,8.5,12.7,73,6.00,211,2.95,10.0,12.5,8.1,43
2012-04-21,9.3,14.0,53,0.00,237,3.20,0.0,7.0,4.3,36
2012-04-22,13.3,18.9,55,0.00,177,3.58,0.0,11.3,5.9,40
2012-04-23,16.4,23.5,68,1.40,223,3.59,2.0,13.2,4.3,42
2012-04-24,16.7,23.8,65,1.80,252,2.88,5.0,10.8,5.8,43
2012-04-25,14.0,18.1,73,0.00,182,2.79,0.0,13.6,5.8,50
2012-04-26,12.1,18.2,87,22.30,159,0.95,18.0,7.9,5.2,50
2012-04-27,7.3,13.4,66,1.20,234,2.81,4.0,10.3,8.2,35
2012-04-28,10.7,17.3,49,0.00,223,3.66,0.0,9.6,5.2,35
2012-04-29,12.7,17.8,61,0.20,236,3.22,2.0,8.7,5.1,41
2012-04-30,12.6,18.2,68,7.20,228,2.35,15.0,12.5,4.0,39
2012-05-01,9.6,15.1,58,0.20,225,3.54,1.0,12.8,8.9,40
2012-05-02,9.6,14.9,53,0.40,232,3.42,3.0,9.0,5.9,38
2012-05-03,9.4,14.3,64,2.40,117,2.07,6.0,8.2,5.7,37
2012-05-04,8.9,13.9,78,2.80,197,2.71,11.0,8.3,6.2,43
2012-05-05,8.7,14.2,57,0.80,248,3.24,4.0,8.9,6.9,38
2012-05-06,11.0,18.1,52,0.00,225,4.21,0.0,8.5,5.2,34
2012-05-07,14.0,20.9,54,0.00,176,4.08,0.0,9.4,5.4,35
2012-05-08,16.1,23.3,56,0.00,180,4.00,0.0,12.6,7.2,31
2012-05-09,13.0,22.6,51,0.00,251,4.32,0.0,17.0,10.3,24
2012-05-10,8.4,14.2,44,0.10,262,4.15,1.0,14.8,8.0,24
2012-05-11,10.8,18.3,43,0.00,226,4.51,0.0,8.4,4.6,24
2012-05-12,14.3,23.6,47,0.00,165,5.02,0.0,8.0,4.4,25
2012-05-13,17.9,27.1,43,0.00,183,5.66,0.0,7.7,6.1,22
2012-05-14,20.2,29.1,42,0.00,205,5.92,0.0,8.2,5.3,21
2012-05-15,22.0,29.0,38,0.00,232,5.83,0.0,10.4,6.2,17
2012-05-16,19.1,27.4,43,4.40,250,4.71,5.0,14.2,9.0,20
2012-05-17,12.9,17.5,72,5.40,265,3.46,12.0,6.6,4.9,37
2012-05-18,11.7,17.3,58,2.10,276,3.82,7.0,7.2,4.9,29
2012-05-19,14.2,19.4,44,0.00,240,3.90,0.0,8.0,3.6,28
2012-05-20,15.2,19.5,48,0.00,168,3.18,0.0,11.9,5.7,29
2012-05-21,14.7,19.2,80,10.20,126,1.85,18.0,8.8,4.7,40
2012-05-22,12.5,18.5,78,10.60,217,3.65,14.0,13.7,7.9,28
2012-05-23,12.9,18.9,52,0.10,242,4.56,1.0,10.7,7.1,29
2012-05-24,12.2,17.3,57,0.30,257,3.80,1.0,8.8,5.6,38
2012-05-25,15.2,20.7,50,0.20,28,4.54,1.0,13.3,7.6,22
2012-05-26,17.0,21.8,35,0.00,36,4.79,0.0,10.8,5.5,23
2012-05-27,17.4,23.1,43,0.00,232,4.74,0.0,5.9,4.5,24
2012-05-28,16.1,22.7,44,0.00,227,5.26,0.0,12.2,7.6,26
2012-05-29,15.3,21.9,49,0.50,239,4.82,3.0,11.6,7.9,23
2012-05-30,15.3,22.9,43,0.00,240,4.96,0.0,12.1,7.6,26
2012-05-31,17.6,22.6,56,1.30,231,3.96,5.0,12.0,7.0,32
2012-06-01,17.0,22.2,61,2.10,209,3.13,5.0,12.1,6.4,38
2012-06-02,17.3,23.1,54,0.60,238,5.09,4.0,13.7,8.5,25
2012-06-03,15.1,19.4,46,0.00,232,3.83,0.0,15.0,6.3,32
2012-06-04,15.1,19.7,61,1.60,356,2.57,5.0,7.1,3.7,42
2012-06-05,14.1,17.4,83,15.10,270,2.06,17.0,10.5,5.6,49
2012-06-06,9.1,15.6,89,15.00,241,0.91,23.0,12.7,9.4,52
2012-06-07,9.9,15.1,77,4.00,169,2.09,11.0,17.1,8.4,50
2012-06-08,10.2,15.3,85,10.70,189,2.38,17.0,6.4,3.3,45
2012-06-09,10.8,15.6,79,9.40,254,1.62,17.0,13.7,7.4,43
2012-06-10,13.3,22.0,71,1.80,258,3.83,5.0,12.1,8.7,37
2012-06-11,17.6,25.2,50,0.00,225,5.72,0.0,9.4,6.3,30
2012-06-12,19.3,24.7,54,0.00,218,4.69,0.0,9.7,6.7,31
2012-06-13,15.5,22.0,80,6.70,230,2.85,16.0,10.2,6.9,48
2012-06-14,14.1,19.6,57,0.90,239,3.91,2.0,12.6,7.8,40
2012-06-15,15.1,23.3,55,0.10,272,4.71,1.0,13.0,4.7,31
2012-06-16,18.8,23.6,54,2.50,189,3.40,9.0,14.3,6.1,31
2012-06-17,18.5,21.7,67,0.80,234,3.95,4.0,17.0,9.3,44
2012-06-18,14.0,20.1,70,5.40,253,3.56,16.0,15.0,7.8,44
2012-06-19,14.5,19.3,60,1.20,260,3.87,3.0,10.3,7.0,45
2012-06-20,17.7,24.7,56,0.00,225,4.68,0.0,9.3,4.4,31
2012-06-21,21.3,27.1,46,0.00,130,5.29,0.0,6.9,4.3,29
2012-06-22,23.6,28.7,45,0.30,58,4.65,1.0,8.3,4.1,30
2012-06-23,18.9,26.9,83,17.60,122,2.39,15.0,10.2,4.7,39
2012-06-24,15.6,20.7,85,2.30,23,2.60,6.0,6.4,3.7,54
2012-06-25,16.1,20.7,71,1.20,240,2.70,5.0,6.3,3.7,53
2012-06-26,14.5,18.2,77,1.60,242,2.29,6.0,6.1,4.0,63
2012-06-27,14.7,23.3,65,2.50,216,3.93,5.0,11.0,8.1,32
2012-06-28,19.0,25.7,51,0.00,166,5.15,0.0,9.6,6.5,34
2012-06-29,20.2,25.8,58,0.20,245,3.94,1.0,11.0,5.1,35
2012-06-30,19.8,24.2,65,4.20,248,3.63,7.0,10.2,4.8,43
2012-07-01,19.3,24.6,74,2.60,212,4.48,5.0,9.4,5.9,35
2012-07-02,19.2,24.4,51,0.00,226,4.13,0.0,10.9,6.5,34
2012-07-03,16.4,23.7,71,10.00,252,2.97,14.0,14.3,6.6,38
2012-07-04,14.6,20.6,60,0.00,222,3.78,0.0,12.9,5.8,38
2012-07-05,18.8,25.2,52,0.00,45,4.96,0.0,7.7,3.7,31
2012-07-06,21.2,28.4,53,0.00,185,5.35,0.0,7.9,3.6,29
2012-07-07,23.4,31.3,50,0.00,198,5.67,0.0,7.6,3.8,28
2012-07-08,25.7,34.5,47,0.00,206,6.17,0.0,6.6,3.6,21
2012-07-09,27.6,35.7,42,0.90,201,5.54,1.0,7.4,3.4,23
2012-07-10,26.5,33.0,56,0.00,239,5.74,0.0,5.4,3.7,23
2012-07-11,26.2,34.2,40,0.00,242,6.65,0.0,8.0,5.2,22
2012-07-12,26.7,34.6,40,0.00,252,6.27,0.0,7.9,4.7,18
2012-07-13,27.7,34.7,45,0.00,314,5.74,0.0,8.4,4.5,19
2012-07-14,26.6,33.7,49,0.00,264,4.47,0.0,6.5,3.8,26
2012-07-15,24.6,32.6,55,0.30,265,4.08,1.0,10.0,5.7,25
2012-07-16,23.5,30.5,62,0.00,332,4.54,0.0,5.7,3.5,34
2012-07-17,26.5,31.9,50,0.00,176,5.11,0.0,10.9,3.9,30
2012-07-18,25.4,30.9,51,0.00,211,6.04,0.0,13.1,9.3,27
2012-07-19,24.4,32.3,46,0.00,242,6.31,0.0,12.0,5.8,25
2012-07-20,26.8,32.6,46,0.40,158,4.78,1.0,13.0,4.6,25
2012-07-21,19.8,27.0,73,3.50,199,3.95,3.0,8.3,6.9,35
2012-07-22,23.5,28.8,47,0.00,167,5.06,0.0,14.5,6.7,27
2012-07-23,16.3,27.7,73,10.60,236,2.38,15.0,14.0,9.6,31
2012-07-24,17.0,24.5,63,0.00,235,3.05,0.0,10.3,5.9,44
2012-07-25,22.3,27.6,61,0.30,53,4.34,1.0,4.4,2.6,42
2012-07-26,23.8,30.0,62,0.40,232,4.65,1.0,5.2,2.6,31
2012-07-27,24.5,30.8,56,0.20,221,4.98,1.0,7.6,3.5,29
2012-07-28,22.0,29.0,57,0.00,256,4.96,0.0,6.8,4.4,28
2012-07-29,24.5,31.0,47,0.00,249,5.39,0.0,7.5,4.3,26
2012-07-30,24.1,30.8,48,0.00,252,5.57,0.0,7.4,6.1,27
2012-07-31,21.4,27.8,53,0.00,257,5.12,0.0,10.9,6.1,32
2012-08-01,23.2,29.6,48,0.00,246,5.56,0.0,11.1,6.2,25
2012-08-02,20.9,28.9,54,0.30,284,4.22,2.0,13.6,7.9,27
2012-08-03,21.6,28.8,42,0.00,336,5.68,0.0,14.5,6.3,25
2012-08-04,25.0,33.0,46,0.00,51,5.43,0.0,6.5,2.9,28
2012-08-05,28.1,36.5,46,0.00,181,5.74,0.0,7.9,3.9,22
2012-08-06,28.3,36.4,42,0.00,232,5.49,0.0,12.0,6.1,22
2012-08-07,26.3,33.1,50,0.00,214,5.35,0.0,8.9,4.7,24
2012-08-08,26.6,32.9,43,0.30,283,5.60,1.0,12.6,6.6,23
2012-08-09,22.8,30.4,44,0.00,254,5.62,0.0,13.2,5.6,20
2012-08-10,24.5,30.9,44,0.00,286,5.21,0.0,7.2,5.1,20
2012-08-11,25.6,31.5,47,0.00,307,5.27,0.0,6.5,4.2,24
2012-08-12,26.7,34.1,40,0.00,85,5.67,0.0,8.4,4.5,19
2012-08-13,26.8,33.5,36,0.00,237,5.62,0.0,8.7,5.9,11
2012-08-14,24.9,32.6,37,0.00,266,4.94,0.0,11.0,7.1,11
2012-08-15,22.8,29.2,50,0.00,347,5.16,0.0,10.8,6.6,25
2012-08-16,24.5,31.8,40,0.00,31,5.12,0.0,6.6,2.9,16
2012-08-17,26.4,34.6,40,0.00,114,5.29,0.0,7.3,3.2,16
2012-08-18,27.5,36.4,43,0.00,157,5.37,0.0,6.7,3.8,15
2012-08-19,29.2,36.3,39,0.00,235,5.18,0.0,6.6,4.5,15
2012-08-20,26.9,34.6,47,0.10,247,4.81,1.0,9.7,5.8,17
2012-08-21,23.8,28.8,55,1.20,265,3.90,1.0,9.4,4.9,32
2012-08-22,19.4,26.5,65,1.30,234,3.86,2.0,9.0,5.8,29
2012-08-23,19.4,26.4,49,0.00,252,4.21,0.0,11.1,6.7,25
2012-08-24,16.4,22.6,55,0.40,268,3.60,3.0,12.4,7.8,28
2012-08-25,19.2,25.2,48,0.00,81,4.08,0.0,5.5,2.8,25
2012-08-26,21.8,30.6,47,0.00,59,4.52,0.0,8.1,4.5,19
2012-08-27,23.9,30.6,42,0.00,227,4.21,0.0,9.3,5.0,19
2012-08-28,20.5,28.2,56,0.90,252,3.25,3.0,8.0,4.3,27
2012-08-29,16.9,22.9,59,2.40,226,3.39,6.0,10.2,6.9,28
2012-08-30,18.9,24.5,49,0.00,212,3.89,0.0,10.1,6.1,27
2012-08-31,19.5,24.4,52,0.00,275,3.84,0.0,8.3,4.3,27
2012-09-01,18.1,24.2,51,0.70,272,3.76,5.0,11.4,6.5,24
2012-09-02,17.5,23.1,49,0.00,252,3.37,0.0,12.8,6.3,26
2012-09-03,18.6,22.8,61,0.00,296,2.88,0.0,7.3,4.6,34
2012-09-04,20.3,24.2,52,0.00,304,3.12,0.0,9.9,4.9,31
2012-09-05,19.6,24.3,57,0.20,23,3.04,1.0,11.3,4.0,31
2012-09-06,18.2,24.5,65,0.00,8,3.61,0.0,7.6,3.8,30
2012-09-07,20.4,27.9,57,0.00,63,3.87,0.0,5.4,2.6,27
2012-09-08,23.2,30.1,49,0.00,157,4.22,0.0,8.6,4.1,19
2012-09-09,22.9,29.7,41,0.00,192,4.43,0.0,14.5,8.2,18
2012-09-10,16.1,24.3,55,2.80,247,3.54,4.0,15.7,10.1,26
2012-09-11,12.8,19.0,51,0.00,257,2.94,0.0,12.3,5.6,20
2012-09-12,15.7,21.9,54,0.00,317,3.17,0.0,5.2,2.3,21
2012-09-13,18.1,25.9,55,0.00,125,3.58,0.0,8.3,3.5,21
2012-09-14,19.7,28.1,48,0.00,177,3.90,0.0,8.4,5.1,20
2012-09-15,21.5,27.7,49,0.00,296,3.53,0.0,7.2,4.4,21
2012-09-16,19.7,25.5,48,0.00,312,3.75,0.0,8.1,6.0,22
2012-09-17,19.2,26.1,49,0.00,310,3.48,0.0,6.8,4.4,22
2012-09-18,20.0,28.4,53,0.00,85,3.41,0.0,5.8,2.1,22
2012-09-19,21.8,28.3,54,0.00,336,3.51,0.0,7.3,4.2,23
2012-09-20,22.0,28.5,56,0.00,342,3.34,0.0,6.1,3.2,27
2012-09-21,22.8,30.0,55,0.00,16,3.39,0.0,4.9,2.8,22
2012-09-22,22.6,29.4,57,0.00,338,3.32,0.0,6.5,4.0,23
2012-09-23,22.5,29.0,57,0.00,320,3.31,0.0,6.0,4.5,28
2012-09-24,22.6,29.0,57,0.00,226,3.28,0.0,5.6,3.6,29
2012-09-25,18.8,28.5,62,1.00,276,2.54,2.0,7.7,6.3,29
2012-09-26,18.0,22.6,65,0.00,8,2.63,0.0,7.3,3.1,31
2012-09-27,18.7,25.5,60,0.00,105,2.87,0.0,5.6,2.4,29
2012-09-28,19.8,25.1,59,0.00,185,2.69,0.0,9.3,5.3,30
2012-09-29,20.0,23.8,56,0.00,240,2.71,0.0,9.4,5.9,33
2012-09-30,16.8,22.2,55,0.00,258,2.73,0.0,7.9,5.2,32
2012-10-01,18.2,24.5,60,0.00,212,2.64,0.0,17.8,7.5,33
2012-10-02,14.6,23.7,58,0.10,295,2.16,1.0,18.5,11.9,22
2012-10-03,9.9,14.4,50,0.00,343,2.33,0.0,19.7,6.7,26
2012-10-04,11.5,14.9,45,0.00,17,2.33,0.0,7.0,4.5,26
2012-10-05,12.2,15.9,52,0.00,7,2.21,0.0,6.2,3.2,27
2012-10-06,12.5,17.8,61,0.00,5,2.17,0.0,5.1,2.6,34
2012-10-07,13.4,19.5,71,0.00,330,2.13,0.0,4.6,2.6,39
2012-10-08,15.2,19.9,71,0.00,331,2.16,0.0,11.0,4.8,37
2012-10-09,15.3,20.9,64,0.00,298,2.18,0.0,6.1,3.8,36
2012-10-10,15.0,21.0,72,0.00,259,2.10,0.0,4.7,3.4,39
2012-10-11,16.0,21.5,72,0.00,236,2.05,0.0,6.8,3.5,39
2012-10-12,15.7,20.6,65,0.00,193,1.73,0.0,15.1,7.8,42
2012-10-13,13.4,16.8,80,3.00,207,1.09,8.0,11.7,7.3,57
2012-10-14,12.4,15.1,96,11.70,163,0.57,20.0,10.5,7.4,89
2012-10-15,13.8,18.6,85,6.40,185,1.52,13.0,13.1,8.0,50
2012-10-16,11.7,16.7,72,4.00,218,1.81,12.0,18.1,11.5,35
2012-10-17,7.9,13.2,64,0.00,247,1.61,0.0,12.2,7.1,36
2012-10-18,9.8,12.9,65,0.00,132,0.86,0.0,7.1,5.4,39
2012-10-19,9.9,14.9,84,5.10,169,1.28,14.0,14.4,8.0,60
2012-10-20,7.8,13.8,63,0.70,225,1.42,3.0,13.3,8.6,36
2012-10-21,6.5,8.3,55,0.90,169,1.13,5.0,8.4,4.4,36
2012-10-22,5.4,8.6,61,0.00,62,1.09,0.0,11.1,5.6,42
2012-10-23,3.9,7.2,79,7.00,350,0.57,19.0,6.8,4.9,53
2012-10-24,3.6,6.7,78,0.10,49,0.69,1.0,5.1,3.9,51
2012-10-25,5.1,7.2,74,1.50,343,0.77,12.0,4.7,3.5,62
2012-10-26,5.2,7.2,83,5.10,154,0.72,15.0,5.6,4.4,60
2012-10-27,3.7,5.6,93,18.10,162,0.47,24.0,6.9,4.7,86
2012-10-28,4.6,7.6,91,10.00,176,0.71,12.0,10.9,5.8,79
2012-10-29,7.3,11.2,93,13.20,158,0.47,21.0,7.7,5.4,77
2012-10-30,8.8,12.2,94,8.00,185,0.58,24.0,9.5,6.9,86
2012-10-31,9.4,11.4,96,18.30,98,0.37,24.0,5.1,4.3,92
2012-11-01,9.7,11.7,95,10.10,169,0.67,20.0,4.5,3.3,85
2012-11-02,8.5,11.8,94,3.80,159,0.70,15.0,7.4,5.1,79
2012-11-03,8.9,11.9,93,7.20,140,0.45,17.0,7.1,5.8,79
2012-11-04,10.4,12.4,93,9.30,175,0.43,14.0,7.9,5.5,85
2012-11-05,10.3,13.5,81,3.40,206,1.12,9.0,12.1,6.9,44
2012-11-06,10.3,12.8,75,0.30,185,0.60,1.0,5.0,2.2,47
2012-11-07,6.3,12.0,80,2.70,214,0.87,7.0,9.8,7.5,47
2012-11-08,5.5,8.5,69,0.00,19,0.72,0.0,10.1,5.4,40
2012-11-09,2.5,5.1,76,3.40,339,0.56,14.0,9.8,8.1,57
2012-11-10,0.4,2.8,65,0.10,333,0.75,1.0,8.1,7.1,53
2012-11-11,0.6,2.3,55,0.00,159,0.55,0.0,7.6,3.8,40
2012-11-12,0.4,3.3,79,3.70,144,0.42,12.0,7.9,6.8,70
2012-11-13,2.0,4.9,85,0.90,165,0.46,6.0,8.0,6.2,80
2012-11-14,4.6,7.4,86,1.20,183,0.64,6.0,7.0,4.9,75
2012-11-15,4.1,6.0,89,0.00,147,0.54,0.0,7.6,5.4,76
2012-11-16,3.3,5.0,84,0.10,153,0.48,1.0,9.0,6.0,77
2012-11-17,3.6,6.9,90,2.30,129,0.37,9.0,8.7,6.2,80
2012-11-18,4.0,6.6,94,7.40,167,0.44,20.0,12.5,7.7,77
2012-11-19,3.4,5.4,93,11.60,128,0.20,20.0,9.8,7.5,87
2012-11-20,5.1,6.2,95,21.20,155,0.38,24.0,8.2,5.9,89
2012-11-21,4.5,5.6,97,8.60,160,0.30,22.0,9.7,6.7,91
2012-11-22,4.4,5.5,72,0.00,205,0.53,0.0,9.2,6.3,62
2012-11-23,1.9,4.4,83,2.90,137,0.36,11.0,10.0,7.0,75
2012-11-24,5.5,6.7,79,1.80,203,0.54,10.0,6.3,5.0,67
2012-11-25,5.3,6.8,68,0.40,278,0.59,1.0,5.6,3.7,48
2012-11-26,4.4,6.5,59,0.00,99,0.52,0.0,4.2,2.9,47
2012-11-27,2.1,4.2,60,0.00,133,0.47,0.0,5.6,3.0,48
2012-11-28,2.4,3.9,72,0.00,138,0.40,0.0,5.1,4.2,64
2012-11-29,2.4,4.1,92,2.70,140,0.26,13.0,6.5,5.1,85
2012-11-30,4.9,5.9,95,2.30,141,0.29,12.0,7.0,5.3,92
2012-12-01,5.0,6.3,96,7.60,139,0.37,22.0,9.2,7.2,94
2012-12-02,3.9,5.3,92,8.70,143,0.27,14.0,9.1,6.9,86
2012-12-03,3.6,5.6,89,5.40,179,0.38,14.0,10.4,7.3,80
2012-12-04,4.8,7.0,89,7.90,148,0.41,20.0,13.4,8.3,78
2012-12-05,2.2,6.0,78,11.50,218,0.56,12.0,13.5,9.4,56
2012-12-06,2.9,4.0,74,3.80,182,0.36,16.0,8.9,6.0,54
2012-12-07,2.8,4.3,75,7.30,199,0.34,17.0,7.9,5.6,60
2012-12-08,-0.4,1.6,56,0.20,304,0.71,1.0,10.3,8.1,46
2012-12-09,0.2,1.3,56,2.50,191,0.37,5.0,7.9,4.4,42
2012-12-10,2.4,3.7,72,0.00,230,0.44,0.0,9.3,5.9,66
2012-12-11,3.5,5.5,75,0.90,191,0.45,8.0,10.4,7.4,66
2012-12-12,3.4,4.4,84,5.20,13,0.35,17.0,6.4,4.1,65
2012-12-13,1.9,4.4,81,0.30,163,0.27,2.0,9.4,5.2,63
2012-12-14,0.3,3.3,83,9.20,183,0.37,20.0,8.7,6.2,53
2012-12-15,-0.6,3.1,81,2.00,143,0.24,9.0,10.5,5.3,52
2012-12-16,-2.3,-0.3,87,3.20,157,0.27,13.0,8.7,7.0,80
2012-12-17,-1.1,1.6,87,8.10,119,0.26,20.0,11.0,6.4,70
2012-12-18,-1.1,0.7,79,0.30,209,0.39,1.0,8.4,6.9,66
2012-12-19,-5.7,-2.5,89,3.60,146,0.19,17.0,10.6,8.1,80
2012-12-20,-2.4,2.2,86,4.30,123,0.27,19.0,13.0,8.2,78
2012-12-21,1.3,3.1,90,3.90,154,0.31,14.0,8.3,5.3,70
2012-12-22,1.6,3.0,91,6.10,65,0.22,20.0,5.5,4.2,80
2012-12-23,1.5,4.1,91,3.00,145,0.32,7.0,9.0,5.7,64
2012-12-24,1.3,3.3,85,0.30,346,0.32,3.0,7.4,5.0,70
2012-12-25,-1.5,2.2,87,0.30,66,0.24,3.0,6.5,4.5,70
2012-12-26,-1.2,1.4,88,0.50,113,0.29,5.0,5.8,4.3,74
2012-12-27,-0.5,1.9,89,0.20,192,0.28,2.0,4.3,3.1,76
2012-12-28,0.4,1.8,89,0.00,173,0.32,0.0,4.9,3.6,74
2012-12-29,-2.4,1.3,85,4.30,176,0.25,15.0,6.2,4.6,76
2012-12-30,-0.2,1.9,86,0.00,294,0.31,0.0,5.1,3.1,78
2012-12-31,-3.2,0.7,90,0.00,238,0.24,0.0,2.4,1.7,76
2013-01-01,-4.0,-1.3,87,0.00,298,0.30,0.0,4.8,3.6,70
2013-01-02,-4.4,-2.0,86,0.00,181,0.28,0.0,5.5,2.8,67
2013-01-03,-4.9,-2.5,87,0.00,184,0.32,0.0,6.2,4.4,69
2013-01-04,-4.7,-0.8,79,0.30,168,0.28,2.0,7.6,5.2,67
2013-01-05,-2.9,-0.9,88,1.60,152,0.20,5.0,4.9,3.1,68
2013-01-06,-2.4,-0.1,89,1.80,173,0.28,12.0,8.3,6.0,79
2013-01-07,-0.8,2.2,88,10.50,158,0.26,19.0,7.7,5.8,80
2013-01-08,1.8,3.5,79,4.80,217,0.36,9.0,9.9,6.6,66
2013-01-09,1.6,3.9,92,19.90,167,0.29,22.0,6.5,5.1,76
2013-01-10,-1.8,5.0,76,0.70,284,0.37,4.0,9.3,6.7,62
2013-01-11,-6.2,-3.4,81,0.00,307,0.35,0.0,6.9,4.8,64
2013-01-12,-7.3,-3.6,82,0.00,318,0.34,0.0,5.4,3.7,63
2013-01-13,-8.3,-4.7,83,0.00,305,0.35,0.0,5.0,3.6,64
2013-01-14,-4.5,0.4,80,0.30,309,0.36,3.0,4.3,3.1,64
2013-01-15,-3.0,2.5,87,0.00,287,0.46,0.0,5.5,4.3,59
2013-01-16,-1.8,3.0,85,0.00,264,0.51,0.0,6.5,4.8,61
2013-01-17,-2.2,2.4,86,0.00,232,0.38,0.0,7.3,4.8,66
2013-01-18,0.6,5.6,65,0.00,193,0.74,0.0,8.7,6.4,53
2013-01-19,-1.0,4.1,86,0.00,262,0.53,0.0,6.2,4.2,60
2013-01-20,-2.0,3.3,86,0.00,288,0.52,0.0,4.8,3.6,60
2013-01-21,-3.0,2.0,85,0.00,279,0.54,0.0,4.3,3.3,57
2013-01-22,-3.3,1.4,84,0.00,244,0.41,0.0,4.7,3.4,59
2013-01-23,-1.7,0.2,76,1.60,186,0.27,5.0,4.6,3.6,64
2013-01-24,0.4,1.9,84,1.60,185,0.49,6.0,7.6,5.7,72
2013-01-25,0.4,3.9,86,0.60,152,0.49,4.0,7.0,5.2,75
2013-01-26,-0.3,3.9,90,2.00,193,0.55,8.0,6.3,3.0,73
2013-01-27,0.3,2.3,91,0.70,198,0.45,4.0,6.6,4.5,77
2013-01-28,0.2,2.2,86,2.60,202,0.48,12.0,6.6,5.3,71
2013-01-29,1.6,4.3,79,4.30,250,0.51,15.0,8.2,5.5,59
2013-01-30,2.6,4.5,82,2.20,238,0.53,7.0,7.3,5.3,75
2013-01-31,4.5,5.9,77,0.00,231,0.61,0.0,8.1,5.6,72
2013-02-01,5.1,8.9,77,0.20,237,0.78,2.0,9.5,6.2,59
2013-02-02,0.9,8.3,80,0.00,232,0.79,0.0,5.2,3.9,60
2013-02-03,1.1,5.4,75,0.00,213,0.77,0.0,8.0,5.4,62
2013-02-04,4.3,6.3,73,0.00,210,0.81,0.0,8.9,6.9,64
2013-02-05,3.5,6.8,82,1.20,175,0.71,8.0,8.6,5.8,68
2013-02-06,2.5,5.0,85,3.10,178,0.69,8.0,9.1,6.8,76
2013-02-07,3.4,6.5,87,4.20,128,0.62,16.0,8.0,4.8,66
2013-02-08,0.8,5.9,79,0.00,263,0.90,0.0,5.8,3.9,53
2013-02-09,1.0,5.4,78,0.00,283,0.73,0.0,9.0,4.8,60
2013-02-10,1.3,6.8,76,0.00,289,0.94,0.0,7.4,4.7,59
2013-02-11,-0.9,6.5,79,0.00,277,0.84,0.0,5.9,4.0,55
2013-02-12,2.8,5.5,73,0.00,217,0.74,0.0,11.8,6.2,55
2013-02-13,4.0,7.0,76,1.60,228,0.80,8.0,12.6,6.8,63
2013-02-14,3.7,9.0,75,0.40,250,0.97,3.0,5.3,3.7,51
2013-02-15,3.3,9.0,75,0.00,247,1.05,0.0,4.4,3.1,51
2013-02-16,1.9,6.0,83,1.60,174,0.84,9.0,8.6,6.6,71
2013-02-17,1.8,4.7,75,0.50,259,1.10,3.0,9.7,7.2,51
2013-02-18,0.0,5.7,75,0.10,145,0.78,1.0,5.7,2.5,45
2013-02-19,0.9,3.6,87,1.30,3,0.78,7.0,8.4,4.5,65
2013-02-20,-1.2,3.5,74,0.00,256,1.07,0.0,5.9,4.7,54
2013-02-21,-0.7,3.7,78,0.70,188,0.78,4.0,10.1,5.5,62
2013-02-22,1.2,4.2,84,5.20,173,0.53,14.0,12.0,7.5,74
2013-02-23,0.8,4.6,76,3.10,218,1.08,8.0,9.4,6.9,59
2013-02-24,1.7,5.4,71,0.00,196,0.95,0.0,10.7,7.2,57
2013-02-25,1.3,4.0,87,3.90,152,0.82,13.0,7.6,6.1,78
2013-02-26,2.1,5.1,76,1.30,207,1.13,5.0,10.7,6.0,58
2013-02-27,2.0,5.3,78,0.60,169,1.25,4.0,9.0,6.3,54
2013-02-28,3.0,5.7,78,1.40,182,0.84,6.0,7.0,3.5,56
2013-03-01,3.8,8.5,89,5.10,161,1.02,16.0,9.0,6.4,76
2013-03-02,7.0,10.3,83,1.30,187,1.14,6.0,7.9,5.9,75
2013-03-03,2.7,7.2,77,5.40,264,1.17,9.0,16.5,9.9,50
2013-03-04,0.9,4.8,78,0.90,244,1.20,6.0,8.6,4.6,60
2013-03-05,1.0,5.4,76,0.20,53,1.08,2.0,5.2,4.2,59
2013-03-06,1.6,6.1,79,2.00,37,0.71,6.0,5.5,3.5,54
2013-03-07,2.9,6.2,84,1.90,304,1.12,9.0,5.1,3.4,62
2013-03-08,2.7,7.5,76,0.00,228,1.43,0.0,3.8,2.1,54
2013-03-09,2.4,9.1,72,0.00,230,1.78,0.0,5.2,3.1,46
2013-03-10,4.3,9.8,70,0.00,240,1.31,0.0,9.3,5.0,51
2013-03-11,4.0,8.1,69,0.30,267,1.73,3.0,9.0,5.8,34
2013-03-12,4.1,7.7,78,12.10,126,0.90,14.0,9.4,4.8,54
2013-03-13,8.0,10.6,79,0.80,188,1.36,5.0,10.5,7.2,70
2013-03-14,8.3,13.1,85,6.30,180,1.19,22.0,8.1,6.4,74
2013-03-15,8.0,12.9,72,0.70,218,1.92,2.0,11.2,7.6,56
2013-03-16,5.6,11.8,72,0.70,214,1.54,2.0,9.4,6.8,44
2013-03-17,2.4,5.5,74,4.60,253,1.61,8.0,10.8,8.3,42
2013-03-18,1.2,4.5,71,4.00,214,1.45,14.0,9.8,5.9,59
2013-03-19,0.8,5.9,77,1.40,186,1.54,5.0,11.0,5.4,47
2013-03-20,3.3,8.3,79,3.80,137,1.41,15.0,13.0,7.4,55
2013-03-21,2.4,6.0,71,2.40,225,1.61,10.0,11.5,8.0,56
2013-03-22,1.0,5.1,75,1.50,301,1.76,6.0,7.6,3.8,44
2013-03-23,0.1,5.0,71,0.00,290,1.91,0.0,6.9,2.8,37
2013-03-24,0.6,6.1,70,0.00,92,2.10,0.0,8.3,3.4,48
2013-03-25,3.1,8.0,64,0.00,149,2.08,0.0,5.1,3.7,44
2013-03-26,5.5,11.3,58,0.00,161,2.41,0.0,3.6,2.4,37
2013-03-27,7.5,13.8,60,0.00,59,2.51,0.0,5.2,2.4,35
2013-03-28,8.9,14.4,64,0.20,175,2.50,2.0,4.0,2.2,38
2013-03-29,8.5,15.4,74,0.30,245,2.54,3.0,5.4,3.2,39
2013-03-30,10.2,17.5,61,0.00,246,2.98,0.0,6.9,3.9,34
2013-03-31,10.8,17.5,62,0.00,359,3.14,0.0,6.2,3.3,35
2013-04-01,12.1,20.3,59,0.00,9,3.29,0.0,6.3,2.8,34
2013-04-02,12.7,20.4,61,0.00,237,2.72,0.0,10.1,7.3,35
2013-04-03,10.4,16.0,65,0.10,261,2.37,1.0,9.0,5.2,44
2013-04-04,10.6,15.7,71,1.20,87,1.51,5.0,8.9,4.0,46
2013-04-05,8.3,10.6,93,11.10,170,1.16,21.0,10.2,6.5,84
2013-04-06,7.8,10.8,85,8.00,179,1.77,19.0,11.5,6.9,58
2013-04-07,5.6,8.7,76,2.20,23,1.16,6.0,10.2,5.7,48
2013-04-08,4.6,8.2,93,13.00,327,1.40,23.0,5.9,4.4,76
2013-04-09,6.2,11.0,82,0.90,194,2.12,3.0,12.5,4.8,58
2013-04-10,7.1,9.9,83,5.20,168,0.98,7.0,8.8,6.5,66
2013-04-11,6.1,9.3,75,1.30,264,2.14,7.0,12.3,8.0,44
2013-04-12,7.2,9.9,54,1.80,151,1.62,4.0,16.2,5.5,34
2013-04-13,3.9,7.7,75,6.70,255,1.76,16.0,14.4,8.3,39
2013-04-14,6.2,9.4,59,0.00,328,2.02,0.0,9.8,4.8,29
2013-04-15,5.0,8.3,77,1.20,63,1.61,7.0,8.7,3.5,54
2013-04-16,6.1,7.6,56,0.00,17,2.22,0.0,8.9,5.1,40
2013-04-17,7.0,10.2,51,0.00,204,2.61,0.0,9.4,4.8,33
2013-04-18,7.7,11.0,61,0.00,218,2.49,0.0,11.4,7.4,53
2013-04-19,9.0,12.0,77,4.20,224,2.00,19.0,10.0,7.0,63
2013-04-20,8.3,11.3,76,4.20,268,1.84,19.0,8.4,6.0,65
2013-04-21,6.1,9.0,66,1.10,335,2.17,6.0,11.7,6.0,36
2013-04-22,7.9,13.0,41,0.00,306,3.76,0.0,12.2,6.1,28
2013-04-23,9.5,13.3,47,0.40,281,3.02,2.0,12.1,6.5,25
2013-04-24,11.0,18.8,51,0.00,261,3.73,0.0,8.0,5.5,25
2013-04-25,13.2,20.8,48,0.10,247,3.96,1.0,9.7,6.7,25
2013-04-26,14.4,20.7,54,0.00,221,3.24,0.0,14.1,8.5,31
2013-04-27,14.2,18.2,46,0.00,221,4.00,0.0,23.9,13.2,38
2013-04-28,10.6,15.1,58,0.00,228,3.68,0.0,18.3,11.5,29
2013-04-29,8.0,13.8,58,2.60,262,3.08,7.0,16.9,10.4,31
2013-04-30,6.3,11.5,58,3.30,296,3.12,11.0,11.8,6.6,25
2013-05-01,9.4,16.5,44,0.00,208,4.02,0.0,9.9,5.1,24
2013-05-02,12.6,21.1,46,0.00,176,4.42,0.0,9.7,6.5,28
2013-05-03,13.2,20.6,66,0.50,307,3.69,3.0,11.3,7.1,33
2013-05-04,15.5,22.8,50,0.00,358,4.86,0.0,8.4,4.7,28
2013-05-05,17.8,25.8,44,0.00,2,5.05,0.0,7.0,3.9,26
2013-05-06,20.3,28.7,44,0.00,240,5.27,0.0,5.7,3.1,23
2013-05-07,21.1,28.5,50,0.00,278,5.40,0.0,7.3,5.1,24
2013-05-08,21.0,28.7,54,0.00,337,5.27,0.0,7.4,4.0,24
2013-05-09,21.8,29.3,48,0.00,264,5.34,0.0,6.6,3.7,24
2013-05-10,22.1,30.1,50,0.00,218,5.39,0.0,6.1,4.1,23
2013-05-11,23.9,29.9,35,0.00,216,5.83,0.0,10.2,6.6,22
2013-05-12,22.4,29.6,49,0.40,220,3.69,2.0,13.2,6.6,28
2013-05-13,17.8,22.5,54,1.90,218,3.76,7.0,14.1,7.7,36
2013-05-14,12.4,18.9,54,0.70,223,3.75,5.0,13.2,9.3,30
2013-05-15,14.5,20.3,44,0.00,224,4.10,0.0,9.2,5.2,30
2013-05-16,15.3,20.2,60,0.20,316,3.93,2.0,5.1,3.5,36
2013-05-17,16.2,21.8,57,0.30,161,4.24,2.0,7.7,3.3,35
2013-05-18,15.0,19.4,64,0.20,232,2.67,1.0,6.9,4.9,45
2013-05-19,14.7,21.1,58,0.00,267,4.21,0.0,7.8,6.4,40
2013-05-20,17.1,22.2,51,0.00,214,4.08,0.0,10.9,6.4,31
2013-05-21,17.6,21.8,55,3.00,128,3.12,5.0,9.8,4.7,33
2013-05-22,10.0,16.0,96,29.10,258,0.99,24.0,8.9,3.4,86
2013-05-23,8.9,14.1,84,14.80,152,2.11,18.0,9.8,5.1,46
2013-05-24,12.4,18.5,59,0.00,175,4.12,0.0,6.4,3.3,33
2013-05-25,13.9,18.4,55,0.00,214,3.97,0.0,9.1,5.9,36
2013-05-26,14.8,19.4,58,0.10,174,3.78,1.0,8.9,5.6,39
2013-05-27,13.8,18.2,73,0.80,174,2.99,4.0,12.0,4.6,53
2013-05-28,13.7,18.8,77,7.30,159,2.94,16.0,8.4,4.9,53
2013-05-29,13.9,17.8,81,6.20,167,3.14,13.0,8.7,3.8,57
2013-05-30,13.2,18.5,69,1.70,217,3.81,9.0,9.6,7.0,35
2013-05-31,14.4,19.8,51,0.10,235,4.69,1.0,9.0,5.5,35
2013-06-01,15.0,19.6,61,1.00,215,3.08,4.0,7.2,3.1,34
2013-06-02,13.9,18.6,78,2.30,329,3.11,11.0,7.6,4.1,53
2013-06-03,16.2,22.1,65,0.50,299,4.36,1.0,9.1,5.2,44
2013-06-04,18.2,25.2,61,0.20,237,4.85,1.0,7.2,3.9,36
2013-06-05,20.8,26.6,53,0.00,221,4.99,0.0,15.8,7.3,32
2013-06-06,20.7,28.4,52,0.00,242,5.74,0.0,11.6,5.3,30
2013-06-07,21.3,28.6,43,0.90,232,5.76,4.0,18.9,10.4,27
2013-06-08,16.4,21.9,57,0.00,247,3.85,0.0,16.6,8.7,40
2013-06-09,16.4,21.7,56,0.90,264,4.15,5.0,9.7,6.9,32
2013-06-10,16.6,21.8,54,0.00,323,4.30,0.0,7.1,4.9,34
2013-06-11,18.1,24.7,52,0.00,255,4.97,0.0,10.7,4.9,28
2013-06-12,15.2,20.6,52,0.00,229,4.57,0.0,12.6,5.9,31
2013-06-13,15.8,19.9,54,1.40,246,4.38,4.0,8.0,5.3,33
2013-06-14,15.0,20.9,66,3.70,240,3.78,13.0,9.5,6.5,42
2013-06-15,17.7,24.3,53,0.00,261,5.13,0.0,8.0,4.2,32
2013-06-16,21.0,26.9,48,0.10,44,5.42,1.0,6.8,3.6,28
2013-06-17,21.0,26.2,56,0.10,271,4.76,1.0,9.4,4.1,30
2013-06-18,18.7,24.3,66,0.30,268,2.94,2.0,6.1,3.8,39
2013-06-19,15.4,20.0,81,14.40,244,1.13,11.0,7.5,4.9,59
2013-06-20,11.0,13.6,96,35.30,229,0.62,22.0,9.7,7.5,88
2013-06-21,13.7,20.7,79,0.60,238,2.44,3.0,7.6,4.1,53
2013-06-22,18.5,22.1,65,0.10,197,3.94,1.0,6.4,4.7,53
2013-06-23,18.4,23.8,70,0.00,136,4.31,0.0,4.6,2.8,42
2013-06-24,18.5,23.3,77,8.60,145,2.69,14.0,6.1,3.6,43
2013-06-25,16.1,19.9,83,4.50,192,2.90,13.0,10.4,5.7,54
2013-06-26,17.3,21.5,73,6.10,176,3.63,13.0,10.1,5.0,53
2013-06-27,17.6,22.1,75,0.30,183,3.30,3.0,8.3,4.2,54
2013-06-28,20.6,26.8,72,0.00,140,3.86,0.0,8.9,3.4,47
2013-06-29,22.6,27.1,70,0.00,16,4.11,0.0,5.4,2.9,48
2013-06-30,23.1,30.2,70,0.00,108,4.72,0.0,4.3,2.1,37
2013-07-01,27.2,36.2,55,0.00,116,6.21,0.0,6.5,2.5,28
2013-07-02,28.8,36.0,59,2.80,222,6.06,4.0,12.2,5.5,29
2013-07-03,24.6,31.5,51,0.10,269,6.00,1.0,9.1,6.5,33
2013-07-04,23.1,29.2,47,0.00,255,5.81,0.0,9.1,6.0,33
2013-07-05,20.7,26.6,56,0.00,292,5.25,0.0,9.8,6.6,28
2013-07-06,21.9,26.6,45,0.00,324,5.62,0.0,8.2,5.6,25
2013-07-07,22.1,27.3,42,0.00,36,5.53,0.0,7.8,3.6,25
2013-07-08,22.4,28.0,57,0.20,273,4.80,1.0,5.4,3.6,30
2013-07-09,24.4,31.4,50,0.00,196,6.10,0.0,12.1,6.2,24
2013-07-10,25.2,31.2,43,0.30,229,6.41,2.0,13.3,7.1,24
2013-07-11,20.4,27.6,42,0.00,240,5.99,0.0,14.5,10.4,30
2013-07-12,17.4,22.3,49,0.10,265,5.03,1.0,14.4,5.4,31
2013-07-13,18.9,25.5,49,0.00,234,4.94,0.0,7.9,4.4,24
2013-07-14,22.1,29.5,48,0.00,217,5.89,0.0,13.5,6.0,19
2013-07-15,19.3,28.7,53,0.00,304,4.44,0.0,14.0,8.7,21
2013-07-16,20.5,29.7,51,0.00,17,5.83,0.0,10.0,5.2,27
2013-07-17,22.9,30.0,61,4.00,295,3.52,4.0,6.9,4.3,27
2013-07-18,21.4,27.7,78,1.70,338,4.70,3.0,4.0,2.2,42
2013-07-19,24.8,31.7,56,0.00,224,5.45,0.0,5.9,3.1,27
2013-07-20,26.2,32.3,49,0.00,243,6.01,0.0,7.6,5.4,25
2013-07-21,24.7,32.0,50,0.00,249,5.91,0.0,8.8,5.6,24
2013-07-22,24.1,30.6,57,0.00,256,5.36,0.0,8.2,6.3,34
2013-07-23,25.3,32.9,48,0.00,252,5.96,0.0,7.9,4.6,25
2013-07-24,26.5,33.6,46,0.00,258,6.08,0.0,7.9,4.4,20
2013-07-25,27.2,34.3,39,0.00,247,6.40,0.0,9.5,5.1,13
2013-07-26,26.2,33.9,34,0.00,240,6.81,0.0,10.6,7.2,13
2013-07-27,23.2,32.1,40,0.00,275,6.36,0.0,12.2,7.8,19
2013-07-28,22.8,28.0,44,0.00,336,5.61,0.0,9.0,6.3,22
2013-07-29,22.3,26.9,47,0.00,331,5.30,0.0,8.3,5.2,30
2013-07-30,23.4,29.5,44,0.00,321,5.31,0.0,6.5,3.5,23
2013-07-31,25.3,31.3,44,0.00,32,5.32,0.0,6.3,3.6,19
2013-08-01,25.8,30.7,43,0.00,352,4.91,0.0,7.6,4.6,20
2013-08-02,21.7,28.7,69,2.40,234,2.92,8.0,8.0,4.0,28
2013-08-03,21.3,27.8,77,2.20,253,3.76,4.0,3.6,2.7,38
2013-08-04,23.0,27.9,68,2.80,256,4.03,11.0,5.6,3.0,37
2013-08-05,23.2,28.8,70,0.90,275,4.36,3.0,5.9,2.4,38
2013-08-06,25.7,32.4,60,0.00,194,5.20,0.0,7.9,4.3,22
2013-08-07,25.5,32.0,48,0.00,296,5.24,0.0,7.7,4.3,22
2013-08-08,25.7,31.2,50,0.00,269,4.92,0.0,6.2,3.8,29
2013-08-09,26.7,33.7,54,0.00,358,5.21,0.0,7.2,3.7,21
2013-08-10,27.3,33.1,51,0.00,214,5.03,0.0,6.6,4.7,22
2013-08-11,26.9,32.8,53,0.00,189,5.06,0.0,8.3,4.2,22
2013-08-12,25.6,32.3,52,0.20,212,5.03,1.0,9.4,5.3,22
2013-08-13,25.0,31.5,50,0.00,226,5.06,0.0,9.7,5.0,21
2013-08-14,25.3,31.9,51,0.00,201,4.65,0.0,9.7,4.1,21
2013-08-15,25.0,31.0,48,0.30,246,4.08,1.0,9.7,4.3,24
2013-08-16,21.8,29.0,79,3.90,197,3.89,8.0,8.4,5.0,36
2013-08-17,23.9,28.3,60,0.10,228,4.18,1.0,10.2,4.9,35
2013-08-18,22.2,28.3,54,0.20,228,4.69,1.0,14.0,8.3,30
2013-08-19,21.1,26.6,55,0.00,240,4.51,0.0,16.2,9.1,34
2013-08-20,19.4,25.2,54,0.00,258,4.25,0.0,14.7,7.0,27
2013-08-21,21.4,27.7,46,0.00,21,4.69,0.0,6.6,4.1,23
2013-08-22,23.8,31.5,50,0.00,110,4.82,0.0,6.8,3.0,19
2013-08-23,23.1,31.1,59,1.80,184,2.68,4.0,6.4,4.6,19
2013-08-24,21.2,25.0,68,0.00,186,2.90,0.0,8.0,3.8,43
2013-08-25,20.8,26.7,57,0.00,245,3.92,0.0,8.0,4.9,32
2013-08-26,20.4,25.6,70,13.10,160,2.63,17.0,9.4,4.9,35
2013-08-27,19.5,24.9,77,2.10,180,2.94,6.0,10.1,4.6,39
2013-08-28,20.1,24.0,72,1.90,25,2.27,4.0,5.4,2.7,44
2013-08-29,20.9,24.0,74,1.30,42,2.07,6.0,3.4,2.1,53
2013-08-30,19.9,24.3,78,0.50,207,3.18,4.0,11.2,6.5,38
2013-08-31,20.3,26.5,62,0.00,331,3.78,0.0,7.7,3.0,34
2013-09-01,22.7,30.1,59,0.00,75,4.19,0.0,6.4,2.6,27
2013-09-02,25.0,31.5,58,0.00,352,4.22,0.0,6.6,4.1,27
2013-09-03,24.6,30.5,62,0.50,229,3.55,2.0,8.4,4.0,31
2013-09-04,21.7,26.7,77,0.80,317,3.14,4.0,7.6,4.1,53
2013-09-05,22.7,26.6,75,0.70,344,3.08,3.0,5.1,3.6,52
2013-09-06,21.7,25.2,81,9.30,229,1.84,11.0,9.7,3.2,56
2013-09-07,17.4,21.4,87,13.60,115,2.11,11.0,8.0,3.1,54
2013-09-08,19.6,26.1,73,0.20,212,2.80,1.0,7.8,3.9,43
2013-09-09,21.7,26.3,69,0.00,245,3.39,0.0,6.6,4.5,44
2013-09-10,22.6,27.2,70,0.00,2,3.75,0.0,6.2,3.6,34
2013-09-11,22.3,28.9,62,0.00,11,3.82,0.0,5.7,3.3,34
2013-09-12,24.6,31.4,63,0.00,345,3.88,0.0,5.9,2.8,32
2013-09-13,25.2,30.8,62,0.00,327,3.93,0.0,6.2,4.3,35
2013-09-14,24.7,31.4,60,0.00,315,3.74,0.0,5.0,3.7,34
2013-09-15,25.8,31.2,57,0.00,114,3.64,0.0,7.0,2.2,26
2013-09-16,21.0,30.2,68,13.70,188,2.90,12.0,11.7,6.7,30
2013-09-17,17.5,21.3,66,0.20,233,2.23,1.0,7.4,4.5,51
2013-09-18,14.8,19.6,75,2.10,278,2.38,5.0,10.2,6.3,39
2013-09-19,16.7,20.5,58,0.00,175,2.98,0.0,13.5,6.3,39
2013-09-20,16.2,23.5,63,0.00,138,3.19,0.0,10.7,6.4,31
2013-09-21,17.7,22.8,64,2.70,196,2.62,6.0,10.7,6.4,38
2013-09-22,14.8,18.7,80,1.90,180,1.63,7.0,12.7,6.6,54
2013-09-23,11.4,16.1,83,5.00,189,1.88,16.0,12.2,8.7,56
2013-09-24,11.6,15.2,78,1.70,194,1.98,4.0,8.6,4.4,49
2013-09-25,12.1,14.8,64,0.30,356,1.83,1.0,11.9,6.1,44
2013-09-26,11.3,13.9,71,2.30,353,1.56,10.0,8.6,3.8,53
2013-09-27,10.8,13.7,79,4.70,180,0.88,9.0,9.5,6.7,56
2013-09-28,9.5,12.7,93,8.60,145,0.68,19.0,10.7,6.9,75
2013-09-29,10.5,14.8,88,18.00,176,1.56,15.0,13.1,9.0,56
2013-09-30,10.4,14.5,82,9.40,171,1.71,16.0,14.6,10.5,51
2013-10-01,8.8,14.0,82,5.80,183,1.51,11.0,9.3,7.1,52
2013-10-02,8.5,11.3,83,2.00,157,1.35,8.0,7.1,4.8,59
2013-10-03,8.7,13.3,78,0.20,330,1.68,2.0,5.5,3.6,41
2013-10-04,10.6,15.1,65,0.00,153,2.09,0.0,10.7,4.8,44
2013-10-05,10.6,15.6,75,0.00,170,1.56,0.0,9.5,7.3,50
2013-10-06,10.8,16.6,76,0.00,162,1.85,0.0,8.0,6.5,46
2013-10-07,12.3,15.9,73,1.00,182,1.71,2.0,12.5,8.2,50
2013-10-08,9.1,13.3,75,9.20,261,1.51,16.0,13.4,8.0,41
2013-10-09,9.5,13.8,66,0.00,265,1.75,0.0,9.4,5.4,44
2013-10-10,9.8,13.1,64,0.50,247,1.23,3.0,7.6,5.7,49
2013-10-11,10.2,12.5,70,0.00,247,1.61,0.0,5.5,2.5,49
2013-10-12,9.5,11.9,63,0.00,35,1.40,0.0,6.2,4.2,47
2013-10-13,10.1,12.8,66,0.00,326,1.57,0.0,8.7,4.5,46
2013-10-14,9.9,12.9,71,0.00,357,1.67,0.0,6.3,3.3,50
2013-10-15,9.1,12.3,80,0.00,154,1.21,0.0,4.2,2.6,59
2013-10-16,10.6,12.6,83,1.10,319,0.98,6.0,5.8,3.7,60
2013-10-17,9.8,12.7,81,0.00,330,1.27,0.0,5.1,3.4,59
2013-10-18,8.9,13.4,83,0.00,341,1.46,0.0,5.0,1.9,62
2013-10-19,9.4,14.4,85,0.00,297,1.34,0.0,4.3,3.1,54
2013-10-20,11.0,17.1,81,0.00,290,1.45,0.0,5.1,3.8,55
2013-10-21,11.5,17.4,82,0.00,310,1.59,0.0,4.7,3.4,61
2013-10-22,11.3,16.3,85,0.00,298,1.52,0.0,4.1,2.5,60
2013-10-23,10.6,15.0,84,0.00,312,1.39,0.0,3.8,2.5,58
2013-10-24,10.6,15.1,86,0.00,248,1.40,0.0,3.8,1.9,58
2013-10-25,9.5,14.0,84,0.00,309,1.28,0.0,4.1,2.4,60
2013-10-26,9.1,12.4,84,0.00,307,1.26,0.0,4.0,2.2,65
2013-10-27,8.2,12.3,92,2.90,318,0.40,7.0,10.9,5.9,73
2013-10-28,5.9,9.4,71,0.20,354,1.28,2.0,11.6,8.8,47
2013-10-29,5.8,8.7,59,0.00,337,1.24,0.0,7.4,3.9,50
2013-10-30,7.2,10.0,74,0.00,247,0.82,0.0,5.0,2.3,60
2013-10-31,8.1,12.2,76,1.20,215,1.03,7.0,8.9,6.5,56
2013-11-01,9.1,12.2,79,0.60,208,0.72,3.0,8.1,5.6,65
2013-11-02,6.6,10.7,96,22.50,113,0.33,24.0,9.0,4.9,86
2013-11-03,4.2,6.0,76,3.80,280,0.65,24.0,10.8,7.7,55
2013-11-04,3.8,6.6,62,0.10,309,0.86,1.0,7.0,4.3,41
2013-11-05,3.0,5.4,65,0.80,143,0.59,5.0,7.4,5.4,51
2013-11-06,4.9,6.9,76,1.70,181,0.68,10.0,5.9,4.1,67
2013-11-07,2.8,5.9,91,8.00,120,0.32,24.0,7.2,5.7,76
2013-11-08,3.6,7.6,92,4.20,205,0.57,14.0,7.2,4.8,86
2013-11-09,5.5,6.8,91,2.10,165,0.50,11.0,6.9,4.6,88
2013-11-10,3.8,5.3,92,9.20,3,0.36,24.0,5.8,3.6,84
2013-11-11,4.2,8.3,82,0.70,38,0.69,6.0,5.6,4.4,68
2013-11-12,4.8,8.1,87,0.00,147,0.40,0.0,7.4,4.1,71
2013-11-13,5.8,10.6,91,1.90,190,0.57,8.0,9.9,7.3,70
2013-11-14,8.3,9.7,75,0.00,237,0.79,0.0,8.4,5.3,52
2013-11-15,5.2,9.2,78,5.50,206,0.37,9.0,13.0,7.1,55
2013-11-16,2.9,4.5,86,9.30,276,0.61,16.0,12.5,6.9,59
2013-11-17,3.3,4.8,66,5.40,162,0.54,14.0,13.4,5.6,45
2013-11-18,4.7,6.5,89,10.00,192,0.27,24.0,7.5,5.2,81
2013-11-19,4.6,6.9,90,15.50,279,0.45,22.0,8.5,5.2,76
2013-11-20,-3.4,0.6,50,0.00,320,0.77,0.0,11.2,6.3,37
2013-11-21,-1.5,1.0,60,0.00,74,0.55,0.0,4.6,2.4,37
2013-11-22,0.1,2.5,68,0.00,67,0.47,0.0,2.9,2.1,50
2013-11-23,0.8,3.0,73,0.00,119,0.49,0.0,5.2,2.7,61
2013-11-24,2.8,5.5,72,0.00,162,0.49,0.0,4.7,2.3,58
2013-11-25,3.8,5.6,80,0.00,315,0.36,0.0,3.8,2.3,64
2013-11-26,3.5,5.1,86,0.00,176,0.41,0.0,3.9,2.4,73
2013-11-27,3.3,4.6,83,0.00,68,0.44,0.0,3.7,1.8,69
2013-11-28,2.9,4.6,86,0.00,154,0.46,0.0,5.8,2.5,70
2013-11-29,3.9,4.7,83,1.20,181,0.26,4.0,6.1,4.7,75
2013-11-30,4.4,5.4,88,1.60,178,0.36,5.0,5.9,5.0,83
2013-12-01,3.0,5.5,92,8.70,161,0.35,19.0,9.0,6.5,83
2013-12-02,0.7,5.9,79,2.90,237,0.31,14.0,12.0,8.7,65
2013-12-03,-8.8,-4.2,66,0.00,329,0.45,0.0,11.5,9.0,58
2013-12-04,-7.4,-6.0,63,0.00,337,0.41,0.0,8.3,6.8,52
2013-12-05,-7.5,-6.1,58,0.00,1,0.36,0.0,6.6,5.1,50
2013-12-06,-9.6,-7.3,69,0.00,14,0.29,0.0,11.0,7.1,57
2013-12-07,-12.9,-9.6,70,0.00,348,0.29,0.0,10.5,7.6,58
2013-12-08,-10.9,-7.5,61,0.00,338,0.32,0.0,6.8,4.9,57
2013-12-09,-4.8,-1.6,70,0.00,255,0.27,0.0,4.3,2.7,57
2013-12-10,-2.3,1.6,66,0.00,254,0.40,0.0,6.0,4.3,51
2013-12-11,-2.1,1.4,84,1.20,169,0.21,6.0,7.8,4.7,52
2013-12-12,-3.1,-1.4,79,0.10,154,0.24,1.0,7.8,5.8,75
2013-12-13,0.3,4.5,79,0.00,178,0.36,0.0,5.4,4.5,69
2013-12-14,2.6,4.3,80,1.20,167,0.30,5.0,7.3,6.0,70
2013-12-15,4.2,6.9,79,0.00,175,0.37,0.0,8.0,7.2,74
2013-12-16,5.1,7.5,70,0.00,228,0.53,0.0,10.5,6.9,61
2013-12-17,4.2,7.5,76,0.00,170,0.34,0.0,8.7,6.6,61
2013-12-18,3.4,6.5,74,1.70,249,0.46,6.0,12.4,8.4,55
2013-12-19,-3.3,-0.1,51,0.00,315,0.51,0.0,11.5,6.0,36
2013-12-20,-1.4,-0.1,58,6.40,150,0.20,8.0,7.4,3.4,38
2013-12-21,-0.1,3.7,85,1.90,275,0.32,5.0,5.5,2.7,67
2013-12-22,1.7,3.8,85,0.00,284,0.31,0.0,3.9,2.4,72
2013-12-23,1.2,3.3,85,0.10,155,0.31,1.0,7.5,6.2,77
2013-12-24,2.7,5.5,80,0.90,236,0.36,3.0,9.8,6.7,64
2013-12-25,-0.3,5.3,88,0.10,195,0.23,1.0,5.8,3.4,64
2013-12-26,0.5,3.4,84,0.00,173,0.25,0.0,7.7,5.6,78
2013-12-27,0.5,2.5,86,0.60,179,0.29,3.0,9.4,7.2,79
2013-12-28,3.6,6.4,85,1.10,250,0.42,5.0,11.1,7.1,74
2013-12-29,2.3,5.8,88,0.70,227,0.32,5.0,6.4,4.8,79
2013-12-30,2.4,5.0,85,0.00,215,0.26,0.0,6.9,5.4,74
2013-12-31,3.8,6.9,82,0.60,210,0.40,3.0,8.1,5.7,76
2014-01-01,2.3,6.5,89,0.00,242,0.35,0.0,6.6,4.4,78
2014-01-02,-0.2,4.4,91,0.80,162,0.19,5.0,7.5,6.1,82
2014-01-03,1.5,3.1,85,6.50,252,0.41,12.0,12.0,7.9,66
2014-01-04,0.4,4.9,70,0.00,269,0.61,0.0,10.5,7.8,47
2014-01-05,-1.6,4.4,85,0.00,300,0.41,0.0,7.4,4.3,47
2014-01-06,-3.0,0.9,89,0.00,20,0.34,0.0,3.2,1.4,65
2014-01-07,-2.1,0.5,89,0.00,144,0.25,0.0,4.1,1.4,69
2014-01-08,-1.5,0.8,83,0.20,151,0.30,1.0,6.9,4.6,76
2014-01-09,0.1,1.8,88,3.30,184,0.36,15.0,11.5,6.4,66
2014-01-10,2.0,4.6,85,5.00,201,0.43,13.0,10.4,6.9,66
2014-01-11,3.2,5.5,85,14.70,175,0.48,17.0,11.6,7.2,59
2014-01-12,2.0,3.3,82,5.70,216,0.35,17.0,9.4,7.3,69
2014-01-13,5.8,7.8,77,0.30,225,0.68,3.0,16.3,11.4,68
2014-01-14,6.3,8.3,81,0.90,220,0.45,6.0,7.2,4.6,70
2014-01-15,4.5,7.6,80,0.00,232,0.50,0.0,7.7,6.2,74
2014-01-16,-0.0,6.4,91,0.00,284,0.50,0.0,5.4,3.7,70
2014-01-17,-0.4,4.9,89,0.00,295,0.52,0.0,5.8,3.4,66
2014-01-18,-0.1,4.0,87,0.00,245,0.50,0.0,6.1,3.6,71
2014-01-19,1.3,4.1,82,0.00,262,0.57,0.0,7.0,3.9,65
2014-01-20,-1.3,4.0,84,0.00,317,0.55,0.0,5.8,2.8,59
2014-01-21,-0.7,4.3,85,0.00,268,0.49,0.0,3.1,1.8,62
2014-01-22,1.1,4.1,84,0.00,309,0.43,0.0,5.4,2.5,65
2014-01-23,0.6,4.2,87,0.00,318,0.57,0.0,6.2,3.8,73
2014-01-24,0.8,6.1,87,0.00,317,0.64,0.0,5.8,3.3,68
2014-01-25,1.2,6.4,89,0.00,299,0.61,0.0,3.6,2.6,73
2014-01-26,0.2,4.6,90,0.00,318,0.53,0.0,4.4,3.6,79
2014-01-27,-0.7,2.8,89,0.00,315,0.51,0.0,5.8,3.5,68
2014-01-28,-1.1,3.1,90,0.00,167,0.42,0.0,4.1,3.0,75
2014-01-29,1.8,3.5,85,3.40,176,0.35,10.0,3.5,1.9,75
2014-01-30,1.3,4.2,86,2.90,293,0.42,15.0,8.2,4.9,74
2014-01-31,-5.8,-0.2,84,0.00,314,0.51,0.0,6.9,5.6,61
2014-02-01,-7.3,-1.9,78,0.00,337,0.58,0.0,6.5,2.9,56
2014-02-02,-6.5,-1.5,80,0.00,341,0.55,0.0,6.5,4.6,55
2014-02-03,-8.1,-5.2,77,0.00,316,0.44,0.0,9.1,6.8,58
2014-02-04,-9.4,-6.6,76,0.00,320,0.40,0.0,7.9,6.2,64
2014-02-05,-11.9,-8.1,72,0.00,354,0.49,0.0,7.9,5.8,42
2014-02-06,-13.6,-8.3,68,0.00,3,0.55,0.0,8.4,3.7,37
2014-02-07,-11.2,-5.8,67,0.00,340,0.52,0.0,8.6,3.6,43
2014-02-08,-11.9,-7.0,73,0.00,343,0.56,0.0,7.2,5.4,45
2014-02-09,-10.5,-1.9,69,0.00,344,0.63,0.0,9.1,3.7,51
2014-02-10,-6.6,-1.0,78,0.90,139,0.43,5.0,8.5,3.5,51
2014-02-11,-2.7,3.8,74,1.10,180,0.90,5.0,10.4,8.2,54
2014-02-12,2.8,7.4,76,6.00,178,0.94,12.0,14.3,7.5,53
2014-02-13,2.1,6.6,68,0.00,212,1.05,0.0,15.1,8.7,54
2014-02-14,1.7,6.1,72,4.10,178,0.94,9.0,11.0,7.7,55
2014-02-15,2.6,6.1,81,1.10,188,0.73,6.0,9.5,6.2,70
2014-02-16,1.1,3.8,82,8.30,190,0.89,16.0,15.5,9.4,53
2014-02-17,1.2,4.6,76,7.00,190,0.97,15.0,11.0,8.0,59
2014-02-18,-0.5,3.2,73,3.10,200,0.69,7.0,9.7,8.1,61
2014-02-19,-1.3,2.4,69,3.30,215,1.10,4.0,14.2,9.5,45
2014-02-20,-1.4,3.2,67,1.30,208,0.90,8.0,10.7,6.8,50
2014-02-21,-0.6,2.2,64,1.50,273,1.07,7.0,13.2,7.5,40
2014-02-22,-4.9,1.5,67,0.10,253,0.95,1.0,7.7,4.1,40
2014-02-23,-2.8,2.0,80,9.20,353,0.53,24.0,9.0,5.3,51
2014-02-24,-5.8,-3.2,78,3.20,341,0.58,8.0,7.1,5.2,56
2014-02-25,-7.9,-0.9,67,0.00,323,1.01,0.0,5.7,4.4,29
2014-02-26,-7.3,2.8,58,0.00,297,1.17,0.0,4.7,3.2,29
2014-02-27,-2.4,5.5,64,0.00,297,1.27,0.0,4.0,2.8,34
2014-02-28,0.4,6.6,71,0.00,312,1.19,0.0,9.7,6.1,51
2014-03-01,-4.6,-1.0,71,1.00,335,0.81,6.0,8.9,6.9,53
2014-03-02,-5.7,-1.8,76,3.40,108,0.62,19.0,6.5,5.3,59
2014-03-03,-3.7,1.5,81,2.20,141,0.77,11.0,8.7,5.2,68
2014-03-04,0.4,6.2,78,0.00,174,1.08,0.0,10.3,7.5,61
2014-03-05,4.4,9.4,83,7.60,169,0.82,14.0,7.3,4.1,64
2014-03-06,5.6,10.3,84,8.90,134,0.91,19.0,7.2,3.6,61
2014-03-07,6.0,8.9,81,1.10,206,1.27,5.0,10.7,6.1,62
2014-03-08,4.9,8.0,78,1.40,179,1.01,6.0,11.0,7.5,61
2014-03-09,5.7,9.9,82,8.50,198,1.69,13.0,12.8,7.8,48
2014-03-10,4.3,9.9,68,0.00,269,1.86,0.0,10.1,5.9,42
2014-03-11,2.7,8.5,74,0.00,243,1.82,0.0,8.2,5.6,50
2014-03-12,2.1,10.1,73,0.00,197,1.78,0.0,8.1,4.9,48
2014-03-13,5.0,10.3,71,0.10,217,1.94,1.0,10.1,5.6,47
2014-03-14,7.2,10.7,66,0.40,199,1.66,3.0,15.6,7.1,41
2014-03-15,5.0,8.7,71,1.80,199,1.17,6.0,11.4,7.8,52
2014-03-16,6.4,9.4,78,4.00,211,1.30,16.0,13.6,7.7,58
2014-03-17,4.4,7.9,65,0.50,287,1.92,3.0,15.8,9.4,37
2014-03-18,3.3,7.4,64,0.00,249,1.79,0.0,10.4,5.1,42
2014-03-19,6.1,8.3,64,1.90,179,1.37,9.0,10.6,6.0,41
2014-03-20,2.2,6.0,72,1.90,250,1.65,5.0,10.2,7.4,60
2014-03-21,2.9,5.8,65,1.10,267,1.71,6.0,5.9,3.9,45
2014-03-22,2.5,5.2,59,1.30,167,1.07,6.0,10.8,3.7,46
2014-03-23,3.2,7.2,71,1.90,304,1.66,8.0,8.0,5.5,46
2014-03-24,4.4,7.5,52,0.00,51,1.72,0.0,8.9,4.1,39
2014-03-25,5.6,9.3,64,1.10,111,1.23,5.0,7.4,3.2,47
2014-03-26,5.4,9.5,79,2.40,184,1.50,14.0,7.9,6.0,47
2014-03-27,4.5,9.6,72,0.00,322,1.86,0.0,7.9,5.7,46
2014-03-28,6.3,9.9,58,1.20,138,1.44,6.0,13.7,5.3,39
2014-03-29,4.5,8.9,88,6.00,168,1.65,14.0,10.4,7.3,64
2014-03-30,4.5,8.3,84,5.20,208,1.77,12.0,9.3,6.7,59
2014-03-31,6.1,11.4,63,0.40,225,2.38,1.0,8.7,4.1,34
2014-04-01,6.8,10.9,59,0.10,359,2.28,1.0,6.1,2.9,37
2014-04-02,7.7,11.0,49,0.00,246,2.60,0.0,7.3,4.7,36
2014-04-03,8.2,11.6,57,0.20,203,1.98,1.0,13.1,4.9,38
2014-04-04,7.2,10.5,67,0.20,201,2.36,2.0,10.8,8.0,53
2014-04-05,7.5,10.9,57,0.10,222,2.42,1.0,11.7,8.5,48
2014-04-06,7.8,11.2,68,2.20,240,2.26,7.0,10.3,7.0,51
2014-04-07,9.1,13.8,60,0.00,219,2.58,0.0,11.5,6.7,48
2014-04-08,12.6,16.7,65,0.00,207,2.78,0.0,17.3,8.8,49
2014-04-09,7.7,14.6,62,0.40,252,2.75,3.0,13.7,7.7,32
2014-04-10,8.5,15.2,51,0.00,230,3.29,0.0,10.2,7.2,32
2014-04-11,10.1,14.5,59,0.50,252,2.94,3.0,12.7,8.0,44
2014-04-12,8.4,12.8,65,0.70,317,2.61,3.0,15.2,7.7,37
2014-04-13,9.0,15.8,48,0.00,310,3.61,0.0,14.3,4.7,25
2014-04-14,10.2,16.0,47,0.00,173,3.44,0.0,10.8,5.1,26
2014-04-15,9.3,16.4,61,1.10,245,3.12,6.0,11.6,8.9,38
2014-04-16,8.0,12.5,70,5.10,207,1.84,13.0,10.2,5.8,38
2014-04-17,8.7,13.6,86,8.00,180,1.87,21.0,9.1,6.1,66
2014-04-18,7.7,13.4,79,9.30,232,2.12,20.0,12.8,8.5,35
2014-04-19,8.8,13.3,51,0.30,187,2.44,1.0,8.7,5.1,34
2014-04-20,9.6,16.8,59,0.00,205,3.39,0.0,10.9,8.2,27
2014-04-21,11.4,16.5,49,0.30,169,2.65,2.0,13.6,5.5,30
2014-04-22,9.3,14.9,77,8.10,157,1.15,15.0,10.4,6.6,50
2014-04-23,7.6,13.6,60,0.70,214,2.99,4.0,7.9,6.3,36
2014-04-24,7.8,13.2,72,6.70,123,1.87,14.0,7.1,5.3,38
2014-04-25,7.6,13.3,80,2.70,201,2.62,4.0,6.9,3.8,43
2014-04-26,9.5,14.3,63,0.20,239,2.69,2.0,6.1,3.9,34
2014-04-27,9.3,14.4,56,0.90,193,2.98,3.0,9.4,6.3,33
2014-04-28,8.4,15.0,55,0.00,219,3.60,0.0,7.7,5.6,31
2014-04-29,11.5,18.9,50,0.00,165,4.17,0.0,10.7,4.6,29
2014-04-30,13.9,22.5,50,0.00,172,4.55,0.0,8.1,4.7,30
2014-05-01,17.0,24.7,53,0.00,178,4.19,0.0,4.7,2.9,31
2014-05-02,19.2,26.0,50,0.00,218,4.95,0.0,9.2,6.7,26
2014-05-03,15.4,24.6,60,2.70,242,3.18,9.0,10.9,7.4,31
2014-05-04,10.1,16.4,75,7.70,28,2.12,18.0,8.5,3.6,39
2014-05-05,9.4,15.4,79,7.10,305,2.87,15.0,11.0,4.6,35
2014-05-06,12.3,17.0,54,0.50,277,3.83,1.0,11.0,6.5,30
2014-05-07,12.3,18.0,46,0.00,299,4.14,0.0,8.8,4.8,27
2014-05-08,13.5,18.5,51,0.00,186,3.69,0.0,13.1,6.0,28
2014-05-09,12.1,18.2,72,7.10,200,2.43,14.0,12.6,7.8,38
2014-05-10,10.0,13.9,66,2.80,247,2.19,12.0,9.2,6.0,54
2014-05-11,12.0,18.4,64,0.70,336,4.12,3.0,6.0,3.8,26
2014-05-12,14.1,20.1,44,0.00,150,4.24,0.0,6.6,3.7,25
2014-05-13,15.7,20.7,50,0.00,169,3.08,0.0,6.2,3.7,29
2014-05-14,17.4,26.3,59,0.00,195,4.45,0.0,5.4,3.6,37
2014-05-15,19.9,26.4,57,0.90,285,4.64,2.0,7.3,5.4,34
2014-05-16,19.3,24.2,55,1.30,80,4.08,7.0,6.8,3.3,36
2014-05-17,16.6,21.8,63,0.20,236,3.22,1.0,10.1,6.3,46
2014-05-18,13.9,17.7,69,2.30,223,2.67,13.0,6.5,4.1,54
2014-05-19,15.0,20.3,65,2.30,243,3.58,7.0,6.5,3.6,39
2014-05-20,17.2,23.3,52,0.00,221,4.74,0.0,5.9,4.7,33
2014-05-21,18.3,24.2,49,0.00,231,4.86,0.0,9.2,6.2,32
2014-05-22,19.3,26.5,51,0.00,229,5.07,0.0,12.3,7.2,30
2014-05-23,19.9,25.8,56,1.80,232,2.85,4.0,10.5,5.2,33
2014-05-24,16.8,22.1,55,0.00,232,4.29,0.0,11.8,7.2,29
2014-05-25,15.7,21.6,51,0.40,236,3.14,3.0,9.5,5.3,30
2014-05-26,13.4,17.9,78,6.10,224,3.16,11.0,11.3,5.5,39
2014-05-27,14.2,20.0,48,0.00,237,4.69,0.0,11.3,5.1,30
2014-05-28,13.8,19.6,63,3.20,250,3.05,9.0,9.4,4.5,30
2014-05-29,11.6,18.8,78,7.20,217,2.96,15.0,10.5,7.4,49
2014-05-30,14.8,20.7,57,0.40,232,4.27,1.0,9.8,4.6,37
2014-05-31,16.5,23.1,58,0.00,330,4.43,0.0,5.1,3.7,33
2014-06-01,19.0,24.7,51,0.00,283,5.02,0.0,7.1,4.7,33
2014-06-02,19.3,25.0,56,0.20,288,4.95,1.0,5.1,3.6,33
2014-06-03,18.8,23.7,62,2.10,250,4.11,3.0,7.8,4.5,37
2014-06-04,16.4,24.2,71,6.00,238,4.93,4.0,16.3,7.5,29
2014-06-05,16.2,22.8,44,0.00,299,5.63,0.0,16.5,8.6,25
2014-06-06,16.8,22.1,41,0.00,347,5.00,0.0,8.6,3.0,25
2014-06-07,18.3,23.9,45,0.00,270,4.70,0.0,5.4,3.3,27
2014-06-08,19.3,25.2,51,0.00,231,5.23,0.0,12.7,6.9,29
2014-06-09,17.3,24.3,56,0.50,259,4.38,3.0,13.4,8.8,32
2014-06-10,16.5,21.7,51,0.00,285,4.67,0.0,8.6,6.2,32
2014-06-11,17.2,23.8,51,0.30,243,5.00,2.0,7.9,4.9,25
2014-06-12,20.2,25.0,42,0.00,80,4.08,0.0,6.8,2.8,25
2014-06-13,15.9,23.7,79,23.30,220,1.69,17.0,7.6,5.2,32
2014-06-14,14.2,21.4,79,2.80,235,3.36,10.0,8.8,6.9,43
2014-06-15,15.4,20.9,56,0.00,235,3.70,0.0,10.0,6.0,39
2014-06-16,12.4,19.2,79,10.30,258,2.29,19.0,7.7,4.5,43
2014-06-17,14.1,22.0,72,0.40,314,3.14,2.0,9.7,5.8,39
2014-06-18,17.6,24.5,62,0.00,266,4.73,0.0,8.4,6.4,35
2014-06-19,18.1,24.4,54,0.00,243,4.73,0.0,11.2,7.4,36
2014-06-20,19.0,23.6,52,0.00,257,4.66,0.0,11.7,6.7,34
2014-06-21,15.9,23.1,50,0.00,250,5.34,0.0,12.4,5.4,33
2014-06-22,19.3,26.2,51,0.00,357,5.03,0.0,6.2,3.4,28
2014-06-23,21.6,28.6,50,0.00,221,4.69,0.0,7.2,4.5,25
2014-06-24,18.4,28.3,65,2.30,254,2.48,7.0,8.4,5.9,27
2014-06-25,18.7,25.1,62,0.00,245,4.52,0.0,7.0,3.7,36
2014-06-26,21.1,26.3,50,0.00,53,4.97,0.0,9.8,3.5,31
2014-06-27,19.4,24.9,64,2.50,209,3.40,9.0,10.5,6.0,35
2014-06-28,17.5,22.6,66,0.30,210,4.48,2.0,11.7,7.5,38
2014-06-29,17.3,22.4,56,0.10,242,4.87,1.0,11.3,8.0,37
2014-06-30,18.2,25.4,58,0.70,267,4.93,1.0,8.0,4.7,34
2014-07-01,22.9,31.4,43,0.00,81,6.05,0.0,6.9,4.1,25
2014-07-02,26.8,32.8,39,0.00,148,5.70,0.0,8.3,4.4,24
2014-07-03,23.5,31.0,58,0.00,263,5.52,0.0,12.3,6.9,27
2014-07-04,20.0,26.9,44,0.00,251,5.17,0.0,13.3,6.1,24
2014-07-05,22.1,28.9,44,0.00,248,5.67,0.0,10.2,6.1,25
2014-07-06,22.6,27.5,58,0.90,252,4.62,1.0,11.2,5.9,40
2014-07-07,22.6,29.9,60,0.00,346,5.44,0.0,6.2,3.4,29
2014-07-08,25.5,33.3,49,0.00,358,5.84,0.0,6.4,3.1,26
2014-07-09,25.9,33.2,45,0.00,262,6.63,0.0,9.1,6.6,26
2014-07-10,23.8,31.4,43,0.00,292,6.57,0.0,10.1,7.4,17
2014-07-11,24.6,32.4,37,0.00,339,6.39,0.0,6.9,4.3,17
2014-07-12,28.0,35.9,31,0.00,83,6.29,0.0,5.1,2.5,15
2014-07-13,29.0,37.2,35,0.00,287,6.46,0.0,6.5,3.5,15
2014-07-14,27.9,37.1,43,0.00,252,4.49,0.0,7.3,4.2,15
2014-07-15,28.0,36.5,46,0.00,266,5.96,0.0,6.6,4.0,21
2014-07-16,29.6,37.3,38,0.00,242,6.74,0.0,8.5,5.2,13
2014-07-17,27.8,37.2,35,0.00,259,6.72,0.0,10.5,7.5,13
2014-07-18,23.8,32.0,45,0.00,247,5.69,0.0,11.6,7.8,26
2014-07-19,22.3,29.8,60,1.40,226,4.69,5.0,20.3,11.4,33
2014-07-20,20.7,25.9,54,0.00,240,4.46,0.0,19.1,7.0,28
2014-07-21,20.1,28.3,55,0.70,269,4.49,3.0,9.1,5.2,25
2014-07-22,23.0,28.6,46,0.30,153,4.54,1.0,15.2,6.8,24
2014-07-23,21.6,26.4,61,1.70,124,3.90,3.0,10.0,4.1,44
2014-07-24,14.1,24.4,92,31.80,206,1.15,23.0,12.8,8.4,63
2014-07-25,15.8,21.9,67,0.30,239,3.29,1.0,12.5,6.3,42
2014-07-26,21.1,27.7,63,0.00,147,4.72,0.0,7.6,3.1,33
2014-07-27,23.5,31.0,54,0.00,244,5.61,0.0,6.2,4.0,27
2014-07-28,25.6,33.8,52,0.00,254,5.72,0.0,6.5,3.7,25
2014-07-29,27.1,35.1,51,0.00,242,5.78,0.0,5.6,3.7,21
2014-07-30,27.3,35.1,47,0.00,260,5.92,0.0,7.2,4.4,17
2014-07-31,26.9,34.6,43,0.00,258,6.13,0.0,8.4,5.1,17
2014-08-01,27.7,35.4,44,0.00,305,5.68,0.0,5.5,3.5,16
2014-08-02,29.0,35.5,41,0.00,232,5.70,0.0,6.7,4.5,17
2014-08-03,27.5,34.8,43,0.00,228,5.65,0.0,9.1,5.0,18
2014-08-04,26.7,33.4,45,0.00,328,5.31,0.0,8.9,3.5,19
2014-08-05,27.8,35.2,40,0.00,297,6.00,0.0,7.9,4.4,15
2014-08-06,25.9,35.0,42,0.00,251,6.11,0.0,8.9,7.0,14
2014-08-07,23.7,31.1,49,0.00,253,5.70,0.0,9.7,6.4,24
2014-08-08,23.0,30.3,45,0.00,263,5.48,0.0,9.1,6.4,23
2014-08-09,23.0,30.2,48,0.00,279,5.11,0.0,7.6,5.0,22
2014-08-10,25.5,32.7,45,0.00,343,5.26,0.0,5.7,4.0,20
2014-08-11,27.8,35.7,40,0.00,34,5.45,0.0,6.2,2.9,19
2014-08-12,28.0,35.7,45,0.00,69,4.21,0.0,6.0,3.8,19
2014-08-13,25.4,32.7,58,2.20,141,4.24,6.0,9.0,5.9,27
2014-08-14,23.1,28.5,66,1.70,253,3.19,4.0,6.7,4.2,39
2014-08-15,19.6,24.2,89,3.30,231,2.30,7.0,4.0,2.5,60
2014-08-16,22.4,26.8,67,0.30,218,3.20,3.0,6.1,5.1,46
2014-08-17,23.0,29.0,73,1.60,286,3.69,4.0,5.4,3.7,42
2014-08-18,26.2,32.1,61,0.50,242,4.61,1.0,5.4,2.6,28
2014-08-19,25.7,31.6,54,2.30,264,3.78,7.0,6.3,4.1,29
2014-08-20,22.3,27.2,65,5.20,325,3.70,13.0,7.6,4.6,39
2014-08-21,21.4,25.6,60,0.70,262,3.93,1.0,6.6,3.9,36
2014-08-22,17.3,20.7,85,10.20,13,1.77,17.0,6.6,4.4,65
2014-08-23,19.2,23.5,70,0.10,357,3.19,1.0,5.7,3.0,43
2014-08-24,21.1,24.7,62,0.00,109,3.57,0.0,5.5,3.4,34
2014-08-25,21.0,26.1,62,0.00,200,3.47,0.0,5.2,3.8,32
2014-08-26,23.5,30.0,57,0.00,168,4.43,0.0,7.8,4.3,32
2014-08-27,24.9,31.3,55,0.00,217,5.00,0.0,12.4,6.9,28
2014-08-28,22.3,30.5,59,3.90,257,3.58,5.0,11.5,6.2,26
2014-08-29,19.7,22.8,73,1.20,207,2.20,5.0,8.1,4.2,49
2014-08-30,17.1,22.6,64,0.00,216,3.39,0.0,10.4,7.0,36
2014-08-31,17.1,21.6,59,0.70,251,3.04,5.0,9.4,5.1,37
2014-09-01,17.5,23.4,55,0.10,221,3.14,1.0,10.9,6.6,31
2014-09-02,17.3,23.3,62,3.70,229,2.48,5.0,13.1,6.6,32
2014-09-03,13.5,20.1,83,9.80,310,1.94,15.0,10.7,8.2,38
2014-09-04,18.0,23.2,57,0.00,247,3.56,0.0,5.8,3.4,35
2014-09-05,19.4,24.8,64,0.00,75,3.78,0.0,5.4,2.2,33
2014-09-06,20.9,26.0,61,0.00,62,3.87,0.0,6.5,2.3,33
2014-09-07,22.1,29.2,63,0.00,180,4.10,0.0,8.4,4.0,25
2014-09-08,21.4,28.7,50,3.40,245,3.50,5.0,9.8,7.2,26
2014-09-09,13.6,18.7,67,0.80,314,2.71,3.0,12.8,7.4,29
2014-09-10,11.4,18.3,50,0.00,336,2.91,0.0,13.6,9.8,28
2014-09-11,12.7,18.5,50,0.00,74,3.26,0.0,10.6,4.9,28
2014-09-12,14.9,20.0,55,0.00,57,3.08,0.0,8.1,2.6,28
2014-09-13,17.4,22.4,58,0.00,58,3.39,0.0,8.2,2.5,33
2014-09-14,18.1,24.2,62,0.00,38,3.41,0.0,6.3,2.9,31
2014-09-15,19.7,27.0,60,0.00,63,3.54,0.0,5.9,2.8,24
2014-09-16,21.2,28.7,52,0.00,129,3.55,0.0,4.8,2.8,24
2014-09-17,21.6,28.1,57,0.40,42,2.82,2.0,7.8,3.4,26
2014-09-18,19.8,26.1,75,4.90,203,1.68,14.0,8.3,4.5,34
2014-09-19,18.5,24.0,67,0.40,222,2.83,1.0,13.8,8.9,37
2014-09-20,17.8,24.8,63,0.00,261,3.29,0.0,11.7,5.0,36
2014-09-21,19.8,28.6,60,0.00,44,3.34,0.0,6.4,3.1,26
2014-09-22,21.4,28.2,59,0.10,217,2.37,1.0,5.2,3.6,28
2014-09-23,19.3,23.6,80,1.80,187,1.74,6.0,6.8,3.0,58
2014-09-24,16.8,19.5,91,12.30,152,1.04,15.0,8.4,6.4,79
2014-09-25,15.5,17.8,93,6.80,146,0.82,16.0,6.9,4.3,84
2014-09-26,14.0,17.2,92,6.80,188,1.49,18.0,6.0,4.8,74
2014-09-27,15.4,19.7,82,1.40,1,1.79,4.0,5.8,3.5,52
2014-09-28,16.0,21.6,75,0.00,358,2.54,0.0,5.0,3.4,42
2014-09-29,17.9,21.9,71,0.00,212,2.47,0.0,11.1,4.7,46
2014-09-30,14.3,20.0,72,0.80,254,2.14,6.0,9.7,7.2,52
2014-10-01,13.6,17.4,64,0.40,234,2.14,2.0,14.2,7.5,39
2014-10-02,11.5,15.8,56,0.00,281,2.44,0.0,11.5,6.2,30
2014-10-03,11.6,16.3,56,0.00,127,1.72,0.0,6.7,4.5,31
2014-10-04,14.0,21.6,71,0.20,180,1.92,1.0,7.6,4.2,49
2014-10-05,16.8,22.1,74,0.00,251,2.10,0.0,4.7,3.6,48
2014-10-06,17.9,22.0,72,0.00,260,1.62,0.0,6.8,4.8,53
2014-10-07,18.7,23.9,76,0.00,257,1.94,0.0,6.6,3.3,44
2014-10-08,18.5,23.1,71,0.00,302,1.86,0.0,5.6,3.6,50
2014-10-09,16.6,21.3,79,0.00,29,2.07,0.0,5.2,2.5,44
2014-10-10,17.2,22.6,73,0.00,157,2.25,0.0,10.4,4.0,41
2014-10-11,14.5,21.6,67,0.40,225,1.74,2.0,12.4,8.2,46
2014-10-12,12.1,16.5,68,0.20,225,1.62,2.0,10.8,7.1,42
2014-10-13,12.8,17.7,69,1.10,160,1.60,2.0,15.6,7.1,43
2014-10-14,13.9,16.9,63,2.30,188,1.95,8.0,13.9,6.3,44
2014-10-15,12.5,14.6,85,9.60,94,0.72,15.0,5.6,3.9,75
2014-10-16,9.8,12.8,91,4.80,174,0.96,13.0,8.8,7.0,67
2014-10-17,9.9,13.4,81,0.00,133,0.89,0.0,10.4,6.2,63
2014-10-18,10.8,15.7,85,1.40,153,1.15,6.0,10.4,6.7,66
2014-10-19,12.5,18.5,86,0.30,145,1.24,3.0,11.1,6.7,59
2014-10-20,13.0,17.9,87,5.90,162,0.75,8.0,9.7,5.8,62
2014-10-21,12.0,15.7,90,2.80,182,1.17,13.0,9.4,6.7,73
2014-10-22,8.7,14.6,93,6.40,142,0.48,15.0,11.2,8.8,77
2014-10-23,9.2,12.7,94,19.20,151,0.84,22.0,7.7,5.9,81
2014-10-24,9.0,12.6,77,3.80,206,1.22,10.0,11.5,5.9,63
2014-10-25,9.1,13.9,83,2.70,98,0.90,8.0,7.8,5.1,73
2014-10-26,10.0,13.3,75,5.30,203,1.04,10.0,12.9,8.2,48
2014-10-27,8.4,10.3,70,0.00,226,0.94,0.0,6.4,4.4,58
2014-10-28,6.0,9.8,81,2.70,134,0.74,9.0,10.0,6.7,66
2014-10-29,7.2,12.0,89,0.40,154,0.67,3.0,9.2,6.8,75
2014-10-30,9.3,13.0,89,0.00,119,0.68,0.0,8.2,6.3,75
2014-10-31,10.7,12.4,93,12.20,162,0.41,23.0,5.9,4.3,80
2014-11-01,7.9,10.6,86,1.20,293,0.66,2.0,7.9,5.8,59
2014-11-02,8.4,11.8,71,0.00,268,1.04,0.0,8.5,5.5,49
2014-11-03,8.5,10.9,82,1.40,168,0.58,6.0,8.4,5.7,60
2014-11-04,8.6,13.3,95,12.30,169,0.68,24.0,9.9,5.7,72
2014-11-05,9.2,11.5,73,0.70,212,0.64,4.0,8.2,4.8,55
2014-11-06,8.3,12.5,93,6.00,142,0.51,18.0,10.3,6.0,84
2014-11-07,8.7,13.4,84,3.20,215,0.79,6.0,10.2,6.9,58
2014-11-08,9.3,12.8,81,0.00,194,0.75,0.0,6.7,4.3,60
2014-11-09,8.6,10.4,84,4.10,213,0.48,15.0,13.9,6.8,78
2014-11-10,4.8,7.4,70,0.20,314,0.95,1.0,14.0,9.3,46
2014-11-11,0.5,4.8,51,1.60,31,1.18,5.0,11.8,9.1,24
2014-11-12,-1.9,1.4,35,0.00,77,1.09,0.0,10.0,6.2,29
2014-11-13,-2.1,1.4,50,0.00,44,0.86,0.0,7.3,5.6,33
2014-11-14,-1.0,1.0,54,0.00,353,0.81,0.0,10.8,6.4,38
2014-11-15,-1.9,1.3,53,0.00,343,0.77,0.0,10.1,4.9,38
2014-11-16,-1.3,2.4,53,0.00,353,0.66,0.0,4.5,3.3,39
2014-11-17,0.6,4.4,66,0.00,20,0.65,0.0,3.9,2.2,50
2014-11-18,2.7,5.3,72,0.00,95,0.54,0.0,2.9,1.4,54
2014-11-19,3.2,5.2,68,0.00,65,0.49,0.0,3.1,1.8,51
2014-11-20,2.4,4.3,66,0.00,150,0.46,0.0,7.2,4.2,54
2014-11-21,1.9,4.8,80,0.20,160,0.43,2.0,9.1,6.3,60
2014-11-22,3.2,7.6,83,6.10,201,0.67,10.0,13.6,7.7,49
2014-11-23,3.9,6.6,75,0.80,194,0.55,5.0,10.7,8.0,66
2014-11-24,3.1,5.7,79,0.90,204,0.33,4.0,9.9,7.3,63
2014-11-25,4.0,5.7,87,3.80,230,0.35,11.0,7.1,4.8,74
2014-11-26,2.3,5.3,90,27.40,112,0.25,24.0,4.4,2.9,76
2014-11-27,4.4,5.9,91,6.30,154,0.41,23.0,7.9,6.0,86
2014-11-28,3.8,6.5,89,9.70,216,0.32,20.0,10.8,9.0,72
2014-11-29,-13.0,-4.5,72,0.00,319,0.30,0.0,11.5,10.1,62
2014-11-30,-11.9,-7.9,66,0.00,344,0.34,0.0,7.8,5.0,53
2014-12-01,-6.8,-5.2,61,0.10,104,0.32,1.0,4.9,2.8,49
2014-12-02,-3.6,-0.2,80,0.00,232,0.39,0.0,4.8,2.5,65
2014-12-03,-4.1,-0.5,81,0.00,353,0.34,0.0,5.1,3.0,61
2014-12-04,-3.0,0.5,83,0.00,348,0.35,0.0,4.3,2.5,65
2014-12-05,-0.6,1.4,83,1.50,48,0.31,5.0,5.6,2.8,68
2014-12-06,2.6,3.7,91,5.80,152,0.23,15.0,6.5,3.6,81
2014-12-07,3.1,4.1,94,0.30,184,0.33,1.0,7.7,5.1,87
2014-12-08,1.8,4.4,94,0.00,142,0.27,0.0,6.1,4.4,84
2014-12-09,3.2,5.1,94,5.20,144,0.25,17.0,9.1,6.7,91
2014-12-10,4.7,7.4,96,4.10,150,0.27,11.0,10.0,8.2,87
2014-12-11,6.0,7.0,93,6.20,142,0.25,17.0,11.1,7.4,86
2014-12-12,6.3,8.2,92,5.90,151,0.37,8.0,9.3,5.9,87
2014-12-13,4.2,7.6,88,0.00,263,0.36,0.0,7.8,6.2,80
2014-12-14,2.2,5.3,90,0.00,356,0.35,0.0,4.3,2.9,72
2014-12-15,1.5,3.3,85,0.00,76,0.37,0.0,4.7,3.1,72
2014-12-16,1.5,3.2,83,0.10,105,0.30,1.0,5.0,3.0,74
2014-12-17,2.1,3.6,81,0.70,121,0.28,4.0,4.3,3.7,71
2014-12-18,2.8,3.8,90,1.10,157,0.27,7.0,6.8,4.9,80
2014-12-19,2.6,5.0,92,3.60,150,0.30,12.0,7.4,5.4,84
2014-12-20,3.1,4.9,91,2.30,144,0.26,15.0,8.2,7.1,85
2014-12-21,3.2,6.7,85,5.80,187,0.44,15.0,9.4,6.8,68
2014-12-22,4.6,7.3,76,0.00,231,0.51,0.0,9.8,7.7,66
2014-12-23,3.0,5.6,80,0.50,192,0.24,2.0,6.5,5.0,67
2014-12-24,3.8,4.8,80,1.80,234,0.35,8.0,7.4,5.0,70
2014-12-25,2.1,4.3,87,0.00,262,0.40,0.0,7.0,5.3,70
2014-12-26,1.6,3.9,84,0.00,255,0.35,0.0,6.4,5.2,67
2014-12-27,0.4,3.4,83,3.40,189,0.23,13.0,7.6,5.4,70
2014-12-28,0.7,1.6,86,3.30,287,0.29,12.0,6.3,4.7,80
2014-12-29,-3.5,-0.7,82,4.10,327,0.31,15.0,10.0,7.4,63
2014-12-30,-10.9,-7.3,77,0.00,323,0.25,0.0,8.7,5.2,62
2014-12-31,-8.5,-6.2,73,0.00,341,0.29,0.0,5.4,4.0,58
2015-01-01,-4.7,1.2,78,0.00,357,0.26,0.0,4.5,2.6,61
2015-01-02,-2.7,0.9,80,1.00,173,0.24,3.0,7.9,5.2,63
2015-01-03,0.3,3.3,86,1.70,237,0.33,4.0,5.5,4.1,59
2015-01-04,-2.4,3.0,79,9.50,352,0.18,22.0,6.1,4.5,61
2015-01-05,-1.8,0.6,89,30.30,31,0.18,24.0,5.2,3.6,84
2015-01-06,3.8,6.5,84,6.60,210,0.29,17.0,7.8,2.9,75
2015-01-07,2.8,6.6,86,0.00,291,0.51,0.0,5.4,3.5,59
2015-01-08,-1.2,5.1,89,0.00,299,0.36,0.0,5.9,4.7,67
2015-01-09,-0.7,2.4,90,0.00,262,0.34,0.0,5.4,2.4,71
2015-01-10,-0.1,2.3,89,0.90,219,0.25,6.0,4.2,2.7,72
2015-01-11,-0.3,2.9,92,0.00,315,0.39,0.0,4.1,3.2,76
2015-01-12,-0.9,2.2,91,0.00,323,0.33,0.0,4.0,2.1,75
2015-01-13,-1.6,2.4,89,0.00,293,0.43,0.0,4.3,2.7,68
2015-01-14,-1.6,2.1,89,0.00,213,0.42,0.0,4.3,2.6,65
2015-01-15,-2.6,1.6,89,0.00,173,0.35,0.0,8.1,6.0,69
2015-01-16,-1.1,5.2,87,5.00,165,0.41,15.0,6.4,5.1,71
2015-01-17,1.1,5.3,87,0.80,187,0.31,4.0,7.6,5.4,71
2015-01-18,0.7,3.5,92,9.20,149,0.34,17.0,9.0,6.1,79
2015-01-19,3.2,6.9,86,0.20,196,0.57,1.0,10.7,7.7,60
2015-01-20,1.9,6.5,83,0.00,247,0.59,0.0,7.2,4.6,62
2015-01-21,-3.0,3.5,89,0.00,191,0.42,0.0,5.2,3.2,69
2015-01-22,-1.6,2.0,84,0.00,163,0.40,0.0,7.3,5.3,72
2015-01-23,-0.1,1.5,86,0.90,160,0.25,5.0,7.0,6.1,78
2015-01-24,3.9,6.3,85,2.90,169,0.29,15.0,7.3,4.5,77
2015-01-25,5.0,8.0,87,0.40,178,0.60,4.0,8.3,6.7,76
2015-01-26,3.5,7.1,82,0.00,208,0.66,0.0,6.6,5.3,74
2015-01-27,4.1,8.2,83,0.00,211,0.55,0.0,8.0,5.8,67
2015-01-28,6.5,8.4,78,0.00,239,0.73,0.0,8.7,4.3,67
2015-01-29,0.2,7.7,88,0.00,230,0.65,0.0,5.1,2.9,69
2015-01-30,-0.4,4.5,87,0.00,224,0.68,0.0,5.9,3.2,67
2015-01-31,1.6,4.6,82,0.00,272,0.70,0.0,7.6,5.1,61
2015-02-01,0.9,4.4,88,6.50,142,0.32,13.0,6.6,3.1,58
2015-02-02,1.2,2.4,86,1.60,179,0.33,7.0,6.6,5.3,82
2015-02-03,3.8,7.1,85,3.20,218,0.60,6.0,5.5,4.0,69
2015-02-04,1.8,6.7,89,0.70,250,0.55,6.0,5.1,3.0,73
2015-02-05,2.5,5.5,92,5.80,145,0.48,21.0,8.2,5.1,78
2015-02-06,4.2,6.4,91,7.10,149,0.48,20.0,9.8,8.1,86
2015-02-07,5.4,7.8,92,9.20,166,0.43,20.0,9.6,7.1,82
2015-02-08,5.9,9.3,90,4.30,181,0.80,15.0,7.6,6.2,80
2015-02-09,5.3,9.6,89,3.30,131,0.69,12.0,6.5,3.6,73
2015-02-10,7.2,9.5,84,0.70,214,0.55,5.0,4.4,2.9,77
2015-02-11,6.3,9.2,89,1.40,177,0.54,8.0,5.5,4.1,82
2015-02-12,5.5,7.8,89,2.00,192,0.49,7.0,7.7,5.7,79
2015-02-13,6.3,8.5,86,0.00,192,0.94,0.0,6.5,3.9,81
2015-02-14,6.5,9.0,84,1.00,239,0.94,5.0,8.0,6.2,62
2015-02-15,4.2,9.2,75,0.00,279,1.12,0.0,7.9,5.6,51
2015-02-16,3.6,8.9,77,0.00,313,1.14,0.0,5.9,4.3,49
2015-02-17,2.8,8.0,78,0.00,313,1.20,0.0,4.9,3.7,44
2015-02-18,2.4,7.6,75,0.00,266,0.88,0.0,6.2,3.2,52
2015-02-19,5.8,9.6,75,0.00,232,0.98,0.0,8.0,5.2,59
2015-02-20,5.6,9.2,80,0.40,273,1.13,3.0,12.0,6.5,53
2015-02-21,4.9,6.9,66,0.00,322,1.27,0.0,11.3,7.4,48
2015-02-22,4.2,7.3,62,0.00,334,1.27,0.0,8.0,3.4,39
2015-02-23,3.9,9.4,63,0.00,350,1.38,0.0,4.9,2.1,45
2015-02-24,5.2,8.5,68,0.00,226,1.09,0.0,7.3,4.1,53
2015-02-25,6.2,10.6,64,0.00,265,1.58,0.0,8.7,5.6,35
2015-02-26,6.7,9.2,62,0.00,286,1.16,0.0,5.2,2.5,44
2015-02-27,4.9,8.7,72,1.40,15,0.85,7.0,11.2,5.7,51
2015-02-28,3.2,5.6,53,0.00,340,1.65,0.0,10.8,7.1,45
2015-03-01,4.4,6.7,57,0.00,152,1.35,0.0,7.9,3.8,40
2015-03-02,4.4,6.2,65,0.30,330,1.29,2.0,15.6,7.3,54
2015-03-03,1.4,4.7,42,0.60,347,1.87,2.0,14.5,8.3,32
2015-03-04,2.8,8.4,52,0.00,321,1.58,0.0,7.7,2.1,25
2015-03-05,4.8,11.3,60,0.00,186,1.58,0.0,5.7,2.9,37
2015-03-06,8.1,14.2,62,0.00,239,1.83,0.0,6.6,4.6,41
2015-03-07,8.3,14.1,73,0.00,302,1.64,0.0,10.6,3.7,52
2015-03-08,9.3,16.1,66,0.00,226,2.04,0.0,5.0,3.5,43
2015-03-09,8.9,16.1,66,0.00,228,1.99,0.0,10.0,6.2,45
2015-03-10,8.7,14.9,68,0.00,232,2.20,0.0,11.4,5.6,49
2015-03-11,10.2,15.7,67,0.00,194,1.74,0.0,11.8,6.7,50
2015-03-12,10.2,14.6,74,1.20,204,1.68,6.0,14.1,8.5,55
2015-03-13,9.3,13.7,70,0.00,195,1.94,0.0,12.9,6.1,51
2015-03-14,9.4,13.1,76,3.10,174,1.37,13.0,17.6,9.1,62
2015-03-15,7.0,11.9,69,6.60,243,0.94,11.0,18.3,6.7,44
2015-03-16,4.1,11.1,80,6.90,311,1.66,8.0,7.0,5.1,44
2015-03-17,8.2,13.3,69,0.00,213,1.88,0.0,5.7,2.1,48
2015-03-18,8.7,14.3,67,0.00,233,1.97,0.0,8.9,6.7,36
2015-03-19,9.1,14.3,63,0.80,198,1.33,3.0,10.1,6.7,36
2015-03-20,9.0,12.1,85,4.50,172,0.98,12.0,9.0,5.6,77
2015-03-21,8.9,11.0,84,7.70,172,1.15,14.0,11.2,6.9,74
2015-03-22,6.6,10.8,73,0.00,192,1.89,0.0,9.7,5.8,51
2015-03-23,8.3,13.4,68,1.10,197,2.29,4.0,7.2,5.3,31
2015-03-24,8.2,12.6,67,1.30,245,2.04,6.0,8.7,4.3,33
2015-03-25,6.7,11.5,79,5.10,188,0.97,13.0,8.2,5.8,53
2015-03-26,7.6,15.5,89,3.80,166,1.27,8.0,9.5,6.2,68
2015-03-27,11.2,17.0,79,0.00,172,2.20,0.0,12.7,6.6,53
2015-03-28,11.5,18.2,69,1.50,233,2.27,6.0,15.2,9.6,45
2015-03-29,10.1,14.2,60,0.00,204,2.00,0.0,16.3,8.4,48
2015-03-30,13.0,18.7,65,0.10,205,2.55,1.0,13.4,7.3,46
2015-03-31,11.1,18.5,66,3.10,218,2.72,9.0,18.9,10.1,32
2015-04-01,6.8,11.3,59,1.60,252,2.52,8.0,10.3,6.6,37
2015-04-02,7.2,12.4,62,0.40,255,2.54,3.0,6.2,5.2,29
2015-04-03,8.5,12.5,48,0.00,177,2.60,0.0,10.9,6.7,28
2015-04-04,7.3,11.7,65,1.10,196,2.56,4.0,10.0,5.4,36
2015-04-05,7.8,11.8,57,0.10,35,2.65,1.0,6.5,3.9,32
2015-04-06,9.3,13.3,46,0.00,354,2.63,0.0,6.4,4.5,32
2015-04-07,8.3,12.7,65,0.40,191,2.42,1.0,7.2,4.3,36
2015-04-08,9.6,15.5,59,0.10,354,3.06,1.0,7.3,3.5,27
2015-04-09,11.1,17.6,48,0.00,208,3.54,0.0,6.4,4.2,26
2015-04-10,10.7,17.4,57,0.00,172,2.73,0.0,17.1,9.0,28
2015-04-11,8.2,13.6,62,2.70,222,2.81,9.0,18.0,11.3,29
2015-04-12,5.7,11.3,49,0.00,235,3.03,0.0,16.5,11.5,30
2015-04-13,8.5,13.1,50,0.00,169,2.47,0.0,15.7,7.8,33
2015-04-14,7.7,12.6,64,1.80,279,2.47,8.0,17.3,8.8,31
2015-04-15,7.9,15.3,51,0.10,234,3.45,1.0,12.0,7.2,33
2015-04-16,10.5,19.8,56,0.00,228,3.69,0.0,8.9,5.2,34
2015-04-17,14.2,20.9,56,0.10,222,3.56,1.0,14.2,6.5,24
2015-04-18,12.8,20.0,43,0.00,296,4.33,0.0,12.6,8.0,27
2015-04-19,13.6,20.1,47,0.00,327,4.00,0.0,6.6,4.0,28
2015-04-20,14.9,22.3,52,0.00,266,4.00,0.0,5.1,2.6,33
2015-04-21,16.7,23.4,55,0.00,195,4.01,0.0,10.6,5.0,32
2015-04-22,11.8,22.2,56,1.10,258,3.31,7.0,14.0,8.3,33
2015-04-23,10.0,13.9,46,0.00,208,2.90,0.0,9.5,6.5,32
2015-04-24,8.7,13.8,67,5.00,204,2.89,11.0,10.5,5.7,39
2015-04-25,7.8,12.1,72,0.30,41,2.11,2.0,5.4,3.1,40
2015-04-26,9.8,17.0,63,0.30,196,3.17,2.0,9.4,4.6,29
2015-04-27,13.6,18.8,45,0.00,174,3.37,0.0,11.2,7.2,30
2015-04-28,15.4,23.1,53,0.00,163,4.32,0.0,13.0,8.1,32
2015-04-29,12.6,21.8,58,1.70,254,3.92,6.0,12.6,9.3,28
2015-04-30,11.6,17.3,49,0.00,228,3.93,0.0,16.4,10.7,30
2015-05-01,14.4,19.0,50,0.90,234,4.10,5.0,17.3,9.9,31
2015-05-02,12.3,18.5,47,0.00,284,4.38,0.0,17.7,9.1,21
2015-05-03,13.1,20.5,37,0.00,70,4.63,0.0,8.8,4.2,21
2015-05-04,15.5,23.0,42,0.00,167,4.78,0.0,14.1,5.9,22
2015-05-05,12.8,21.5,55,1.70,243,3.39,4.0,13.5,7.6,27
2015-05-06,9.9,14.6,63,0.70,289,3.00,7.0,11.2,6.2,48
2015-05-07,12.0,19.4,55,0.70,332,4.28,3.0,11.6,6.0,24
2015-05-08,15.0,20.7,40,0.00,4,4.89,0.0,8.8,5.7,21
2015-05-09,16.5,23.2,34,0.00,50,4.98,0.0,6.4,3.0,20
2015-05-10,19.0,25.2,33,0.00,115,4.78,0.0,6.2,3.0,21
2015-05-11,18.6,24.5,47,0.00,17,4.87,0.0,9.0,5.1,19
2015-05-12,18.3,23.6,35,0.00,116,4.72,0.0,10.0,5.8,19
2015-05-13,16.8,21.2,48,0.00,162,3.56,0.0,14.2,5.8,29
2015-05-14,13.7,19.0,67,0.20,153,3.59,2.0,8.9,4.0,41
2015-05-15,15.5,22.4,62,0.10,35,4.37,1.0,6.3,3.3,32
2015-05-16,18.1,24.4,50,0.00,311,5.02,0.0,7.6,5.8,27
2015-05-17,16.5,23.8,70,8.10,63,2.57,18.0,7.2,3.7,28
2015-05-18,16.1,22.9,71,0.10,38,4.01,1.0,6.7,3.2,36
2015-05-19,18.0,25.6,58,0.20,333,4.68,1.0,6.0,3.8,25
2015-05-20,20.2,26.9,47,0.00,296,5.21,0.0,5.0,3.6,24
2015-05-21,21.9,28.2,39,0.00,207,5.09,0.0,4.6,2.8,22
2015-05-22,22.0,27.8,45,0.00,251,5.09,0.0,6.8,4.3,21
2015-05-23,21.6,29.5,51,0.00,252,5.41,0.0,9.1,4.6,19
2015-05-24,19.4,28.2,65,7.20,288,3.47,5.0,8.7,4.6,21
2015-05-25,14.9,19.6,83,6.60,325,3.26,18.0,5.1,3.1,51
2015-05-26,16.9,21.6,68,3.90,271,3.18,7.0,5.6,3.7,50
2015-05-27,17.9,25.8,69,0.00,242,4.24,0.0,4.7,3.1,37
2015-05-28,21.3,27.5,57,0.90,226,5.02,3.0,8.8,4.7,32
2015-05-29,21.4,25.9,57,1.90,167,4.60,3.0,9.8,5.9,40
2015-05-30,20.3,25.7,67,0.20,161,4.79,1.0,10.0,5.1,39
2015-05-31,20.4,26.3,42,0.00,221,5.46,0.0,10.9,5.2,24
2015-06-01,22.1,28.6,42,0.00,152,5.25,0.0,6.1,2.9,24
2015-06-02,17.8,28.1,83,19.60,238,1.34,18.0,6.8,4.4,27
2015-06-03,12.8,15.5,95,14.60,219,1.05,24.0,6.2,5.5,90
2015-06-04,14.8,21.4,86,7.90,229,2.73,21.0,5.7,4.4,51
2015-06-05,19.2,26.3,63,0.00,358,5.20,0.0,5.4,3.6,34
2015-06-06,22.2,29.1,54,0.00,290,5.50,0.0,5.9,3.2,34
2015-06-07,24.5,32.6,54,0.00,226,5.91,0.0,6.6,4.1,29
2015-06-08,26.0,33.0,47,0.00,233,6.82,0.0,10.0,6.5,20
2015-06-09,24.8,32.4,39,0.00,243,6.59,0.0,10.1,6.0,21
2015-06-10,24.1,30.6,44,0.00,273,6.07,0.0,8.2,4.3,23
2015-06-11,22.4,30.7,39,0.00,238,6.53,0.0,16.3,9.2,23
2015-06-12,16.5,25.5,56,0.80,265,4.62,5.0,16.9,9.6,29
2015-06-13,16.3,22.3,48,0.00,274,5.26,0.0,10.6,6.3,30
2015-06-14,19.0,23.6,46,0.00,351,5.02,0.0,5.9,3.8,29
2015-06-15,20.3,26.3,47,0.00,61,5.09,0.0,5.9,2.8,26
2015-06-16,22.8,29.5,41,0.00,207,5.98,0.0,9.4,4.1,20
2015-06-17,22.4,29.0,37,0.00,239,6.24,0.0,10.2,6.3,20
2015-06-18,21.9,27.8,40,0.00,220,5.07,0.0,10.2,6.5,23
2015-06-19,19.5,25.2,52,0.70,238,5.44,4.0,13.1,8.4,25
2015-06-20,18.0,23.3,44,0.10,251,5.15,1.0,12.3,5.5,26
2015-06-21,16.6,23.2,59,0.20,336,4.77,1.0,8.7,6.2,29
2015-06-22,20.5,27.2,45,0.00,157,5.37,0.0,5.8,3.2,24
2015-06-23,21.3,27.3,50,0.30,248,5.49,2.0,8.7,4.5,25
2015-06-24,22.7,29.1,47,0.10,222,4.97,1.0,8.0,3.8,22
2015-06-25,24.2,32.8,42,0.00,226,6.35,0.0,10.5,6.4,23
2015-06-26,26.7,34.3,45,0.00,246,6.46,0.0,10.1,4.2,25
2015-06-27,28.2,38.0,43,0.00,229,6.34,0.0,5.4,3.4,16
2015-06-28,30.3,39.1,34,0.00,239,6.82,0.0,9.8,4.3,14
2015-06-29,27.3,38.1,49,0.90,281,4.01,3.0,7.8,4.8,15
2015-06-30,25.1,31.8,63,0.40,246,5.23,1.0,7.2,3.6,33
2015-07-01,24.8,31.3,61,1.00,336,5.37,1.0,9.4,6.1,30
2015-07-02,26.6,34.1,44,0.00,346,6.38,0.0,6.6,3.5,23
2015-07-03,28.8,35.1,42,0.00,283,6.61,0.0,6.2,4.2,23
2015-07-04,28.5,35.1,36,0.00,321,7.01,0.0,10.8,6.3,15
2015-07-05,25.2,32.2,32,0.00,337,7.11,0.0,12.0,6.9,15
2015-07-06,27.1,33.1,29,0.00,151,6.02,0.0,6.2,3.5,17
2015-07-07,27.7,33.4,38,0.00,291,6.11,0.0,6.1,4.4,20
2015-07-08,28.7,35.3,35,0.00,256,6.31,0.0,5.5,3.3,15
2015-07-09,29.8,36.8,33,0.00,223,6.40,0.0,6.2,3.7,15
2015-07-10,29.8,36.6,34,0.00,239,5.82,0.0,9.4,5.2,17
2015-07-11,25.5,30.8,57,0.70,224,3.85,1.0,9.7,6.0,36
2015-07-12,21.1,27.1,65,0.40,219,3.65,3.0,7.6,5.1,35
2015-07-13,23.6,27.6,46,0.00,212,5.50,0.0,8.4,6.1,31
2015-07-14,22.5,28.2,48,0.10,237,5.20,1.0,12.2,5.3,23
2015-07-15,24.1,28.4,41,0.00,252,5.70,0.0,12.8,6.8,22
2015-07-16,20.8,27.5,45,0.10,290,5.84,1.0,16.3,10.6,18
2015-07-17,21.2,27.2,40,0.00,321,5.89,0.0,15.2,9.5,19
2015-07-18,23.6,29.5,41,0.00,319,5.11,0.0,12.3,6.0,26
2015-07-19,26.4,33.9,48,0.00,205,5.16,0.0,8.4,4.1,27
2015-07-20,28.0,33.7,44,0.50,216,6.28,3.0,15.5,7.9,23
2015-07-21,23.1,32.0,42,0.00,233,6.44,0.0,16.8,8.8,22
2015-07-22,19.9,26.9,52,0.20,254,4.83,1.0,10.1,6.3,24
2015-07-23,21.8,27.8,46,0.00,258,5.04,0.0,7.9,4.7,24
2015-07-24,21.9,27.4,44,0.30,229,4.96,1.0,13.5,7.8,24
2015-07-25,19.6,24.8,64,13.70,225,3.91,11.0,12.2,5.6,36
2015-07-26,17.1,23.2,56,0.30,251,4.29,2.0,10.8,5.7,34
2015-07-27,17.0,23.6,68,4.10,308,4.09,5.0,9.8,4.9,35
2015-07-28,19.9,26.4,52,0.00,248,4.86,0.0,9.2,5.2,31
2015-07-29,24.2,31.2,47,0.00,221,5.42,0.0,6.9,4.6,18
2015-07-30,25.5,33.1,38,0.00,222,5.90,0.0,6.8,4.1,18
2015-07-31,27.8,35.6,39,0.00,221,6.22,0.0,6.2,4.5,14
2015-08-01,27.8,35.6,33,0.00,237,6.55,0.0,8.9,5.5,13
2015-08-02,28.4,35.5,38,0.00,228,6.05,0.0,7.4,4.5,13
2015-08-03,28.5,35.5,38,0.00,220,5.81,0.0,10.3,6.7,18
2015-08-04,24.9,32.3,41,0.00,246,5.48,0.0,10.2,5.9,19
2015-08-05,20.6,28.8,49,2.30,248,3.82,4.0,10.2,6.8,18
2015-08-06,16.1,23.8,79,6.20,242,3.10,14.0,7.1,5.0,39
2015-08-07,21.4,28.1,52,0.00,206,4.93,0.0,5.7,3.9,25
2015-08-08,24.2,30.3,49,0.00,203,4.94,0.0,9.8,4.9,23
2015-08-09,23.9,30.0,52,0.20,241,4.57,1.0,10.1,5.4,24
2015-08-10,25.0,32.2,49,0.00,204,4.92,0.0,9.7,4.4,21
2015-08-11,26.5,34.0,46,0.00,261,5.26,0.0,5.8,3.6,18
2015-08-12,28.3,36.2,43,0.00,216,5.34,0.0,5.4,3.3,17
2015-08-13,29.2,36.5,40,0.30,223,6.11,1.0,12.2,6.5,14
2015-08-14,27.1,35.7,40,0.40,289,4.90,2.0,9.5,5.5,15
2015-08-15,19.9,29.1,67,4.90,249,3.16,11.0,11.5,8.7,33
2015-08-16,20.2,26.1,59,0.00,276,4.24,0.0,6.5,4.5,30
2015-08-17,23.6,27.9,49,0.00,327,4.33,0.0,7.9,3.8,24
2015-08-18,24.5,28.6,46,0.00,305,4.50,0.0,11.1,6.4,24
2015-08-19,24.8,33.6,46,0.00,231,5.12,0.0,10.4,4.7,18
2015-08-20,24.8,33.2,43,0.00,244,5.48,0.0,12.2,7.6,17
2015-08-21,18.7,28.4,56,1.90,275,4.06,7.0,17.2,10.8,27
2015-08-22,18.5,26.1,56,0.00,45,4.39,0.0,15.9,4.1,24
2015-08-23,21.7,29.3,45,0.00,150,4.96,0.0,10.6,5.9,16
2015-08-24,23.8,29.8,40,0.00,205,4.93,0.0,9.7,5.5,16
2015-08-25,22.9,29.5,47,0.00,260,4.53,0.0,8.0,4.0,22
2015-08-26,24.6,31.8,51,0.00,43,4.36,0.0,6.4,3.3,18
2015-08-27,25.9,31.6,46,0.00,237,4.77,0.0,10.7,5.8,18
2015-08-28,22.9,29.9,49,0.10,215,2.58,1.0,10.2,5.9,23
2015-08-29,21.9,26.7,58,2.20,158,3.01,5.0,20.3,7.1,39
2015-08-30,17.2,21.5,67,10.40,198,3.12,14.0,15.3,8.7,43
2015-08-31,15.4,19.8,63,1.00,190,2.06,7.0,14.8,9.2,39
2015-09-01,14.7,19.0,89,8.90,174,1.48,21.0,11.5,7.4,66
2015-09-02,15.6,18.9,70,4.70,232,3.06,9.0,11.3,6.5,36
2015-09-03,14.7,18.0,56,2.90,229,2.90,11.0,10.8,4.0,33
2015-09-04,13.4,17.3,65,0.10,14,2.54,1.0,8.3,5.5,43
2015-09-05,15.4,19.1,58,0.00,345,2.49,0.0,8.7,5.4,35
2015-09-06,14.2,19.2,57,0.00,229,3.15,0.0,7.4,5.2,34
2015-09-07,16.1,20.1,55,0.20,214,3.18,2.0,8.6,5.9,35
2015-09-08,15.7,20.1,72,9.90,180,1.27,12.0,8.0,5.6,39
2015-09-09,18.1,23.0,73,0.00,210,2.27,0.0,5.8,3.7,42
2015-09-10,19.2,25.2,72,0.00,25,3.44,0.0,7.2,3.4,42
2015-09-11,20.7,28.4,67,0.00,60,3.76,0.0,6.4,2.7,36
2015-09-12,23.0,30.6,64,0.00,226,3.97,0.0,6.4,3.8,24
2015-09-13,20.7,30.1,54,0.60,263,3.45,4.0,9.7,6.8,24
2015-09-14,14.5,21.2,55,0.70,318,2.28,4.0,6.3,4.7,36
2015-09-15,11.9,16.3,70,2.40,206,2.32,9.0,6.5,4.6,38
2015-09-16,14.3,18.3,58,0.20,146,2.75,2.0,8.1,3.9,36
2015-09-17,13.9,18.2,65,2.10,161,1.96,7.0,9.7,4.9,35
2015-09-18,14.9,20.3,70,0.00,191,2.29,0.0,12.4,7.8,39
2015-09-19,15.1,19.0,74,3.50,181,1.10,7.0,8.5,6.5,46
2015-09-20,16.2,23.7,83,4.20,187,1.85,12.0,17.1,9.2,48
2015-09-21,15.1,23.0,58,0.50,278,2.83,3.0,18.3,6.4,31
2015-09-22,14.7,20.8,62,0.00,41,2.94,0.0,6.9,3.1,32
2015-09-23,15.9,21.5,64,0.00,228,2.73,0.0,9.3,4.9,31
2015-09-24,17.1,23.3,58,0.00,167,2.78,0.0,14.9,5.6,29
2015-09-25,16.0,23.0,66,3.90,219,1.48,9.0,11.0,4.8,31
2015-09-26,12.5,15.4,80,2.20,290,1.85,9.0,8.1,4.8,45
2015-09-27,12.8,17.4,62,0.00,293,2.45,0.0,9.0,4.1,39
2015-09-28,13.7,18.3,61,0.00,22,2.57,0.0,8.6,3.4,39
2015-09-29,14.3,20.4,69,0.00,34,2.51,0.0,4.6,2.3,38
2015-09-30,16.4,22.9,69,0.00,25,2.66,0.0,6.5,2.8,35
2015-10-01,17.7,23.9,66,0.00,360,2.80,0.0,7.9,4.2,32
2015-10-02,16.8,23.0,73,1.60,290,1.32,3.0,6.2,3.6,38
2015-10-03,11.4,14.5,84,6.70,326,1.43,9.0,9.2,7.5,53
2015-10-04,11.8,16.0,68,0.00,345,2.11,0.0,7.7,4.1,49
2015-10-05,12.4,18.3,72,0.00,30,2.05,0.0,7.0,2.4,45
2015-10-06,14.3,17.8,75,0.00,158,1.42,0.0,5.8,3.0,49
2015-10-07,14.7,16.6,81,0.90,198,1.24,4.0,6.1,5.0,63
2015-10-08,13.4,17.7,91,1.90,166,1.09,5.0,6.9,5.5,71
2015-10-09,13.6,17.1,86,0.00,160,0.85,0.0,7.2,5.8,72
2015-10-10,16.4,20.4,79,1.30,169,1.64,3.0,15.2,8.4,60
2015-10-11,13.0,17.5,69,9.40,220,2.20,4.0,13.0,9.7,37
2015-10-12,14.3,19.1,60,0.50,183,1.55,2.0,10.5,5.6,41
2015-10-13,14.4,16.8,77,1.80,316,1.39,2.0,4.9,2.8,50
2015-10-14,12.4,16.3,74,0.00,330,1.85,0.0,5.6,3.9,43
2015-10-15,11.0,16.5,66,0.00,11,1.78,0.0,6.8,4.1,34
2015-10-16,12.4,18.7,67,0.00,18,1.75,0.0,6.8,2.7,38
2015-10-17,14.3,20.9,69,0.00,350,1.74,0.0,4.8,1.9,44
2015-10-18,15.8,20.0,79,1.00,292,0.96,5.0,5.7,3.8,55
2015-10-19,14.5,18.0,83,6.60,187,1.37,11.0,7.0,4.9,48
2015-10-20,12.5,17.1,80,1.40,289,1.51,4.0,7.4,4.4,50
2015-10-21,11.7,15.5,75,0.00,143,1.24,0.0,8.0,4.6,55
2015-10-22,12.4,15.2,67,0.00,234,1.40,0.0,8.7,5.5,38
2015-10-23,11.7,15.4,68,0.00,219,1.43,0.0,5.8,3.3,45
2015-10-24,10.6,14.6,77,0.00,5,1.28,0.0,5.5,3.9,49
2015-10-25,9.8,14.4,71,0.00,51,1.32,0.0,6.9,4.5,47
2015-10-26,10.8,13.7,79,4.50,120,0.84,9.0,6.7,4.4,58
2015-10-27,6.3,12.6,83,3.60,320,0.79,5.0,6.4,4.6,67
2015-10-28,6.4,9.2,85,1.60,134,0.52,5.0,6.0,4.1,67
2015-10-29,7.1,13.6,91,4.90,193,0.81,13.0,11.0,6.7,54
2015-10-30,10.2,14.1,81,10.00,198,0.64,15.0,9.7,6.8,54
2015-10-31,9.3,12.4,85,6.50,179,0.44,14.0,13.0,7.2,61
2015-11-01,7.1,11.2,91,6.50,186,0.83,13.0,11.8,8.2,78
2015-11-02,5.5,8.8,93,14.90,307,0.78,18.0,4.3,3.3,76
2015-11-03,6.3,8.4,84,0.10,325,0.78,1.0,9.1,4.2,52
2015-11-04,6.8,9.6,62,0.00,261,0.99,0.0,5.8,2.4,49
2015-11-05,6.9,9.3,68,1.70,233,0.80,7.0,5.2,4.0,49
2015-11-06,6.4,8.2,77,0.30,158,0.61,2.0,8.3,4.7,61
2015-11-07,3.9,7.2,95,7.00,148,0.30,17.0,9.6,7.1,81
2015-11-08,5.7,9.5,94,7.80,171,0.69,16.0,7.6,4.9,72
2015-11-09,5.7,8.6,79,0.00,342,0.67,0.0,9.6,6.0,57
2015-11-10,4.6,7.9,60,0.00,267,0.90,0.0,8.0,3.9,48
2015-11-11,4.5,8.5,71,1.80,203,0.98,6.0,13.6,8.8,42
2015-11-12,4.5,6.2,59,0.90,177,0.72,5.0,12.2,7.6,49
2015-11-13,4.5,10.1,92,9.50,164,0.44,22.0,10.7,8.7,77
2015-11-14,7.5,10.0,91,5.70,230,0.36,16.0,8.9,3.7,78
2015-11-15,5.1,7.7,97,19.10,6,0.21,24.0,7.9,4.2,91
2015-11-16,1.2,4.5,87,2.70,228,0.50,8.0,10.0,6.9,65
2015-11-17,3.1,5.2,88,21.80,163,0.31,22.0,14.1,10.0,69
2015-11-18,2.7,6.2,79,7.30,256,0.63,14.0,17.3,8.6,68
2015-11-19,3.4,4.7,68,0.00,268,0.63,0.0,10.5,4.8,54
2015-11-20,3.6,5.3,54,0.00,284,0.88,0.0,10.4,5.3,42
2015-11-21,2.2,4.9,63,0.00,168,0.57,0.0,3.1,2.2,47
2015-11-22,3.3,5.1,78,0.00,255,0.36,0.0,3.2,1.6,60
2015-11-23,2.9,4.5,82,0.20,155,0.33,2.0,6.5,3.3,67
2015-11-24,0.8,2.1,80,6.60,335,0.42,18.0,15.0,8.0,64
2015-11-25,-4.4,-0.9,64,0.00,333,0.56,0.0,14.8,7.8,58
2015-11-26,-3.3,-1.6,65,0.00,356,0.46,0.0,5.4,4.1,59
2015-11-27,-2.5,-1.3,69,0.00,355,0.45,0.0,5.4,4.1,59
2015-11-28,-2.2,0.8,77,0.00,337,0.46,0.0,5.2,4.0,59
2015-11-29,-0.9,2.9,80,0.00,330,0.48,0.0,4.5,3.5,60
2015-11-30,-0.6,2.3,86,0.00,261,0.43,0.0,5.0,2.5,65
2015-12-01,-2.2,0.5,72,0.00,159,0.36,0.0,7.1,5.1,62
2015-12-02,-1.7,1.6,79,1.80,147,0.36,5.0,7.2,6.1,71
2015-12-03,-0.3,3.3,89,3.90,130,0.23,12.0,7.1,6.2,80
2015-12-04,3.4,4.8,95,2.10,175,0.36,8.0,8.8,7.1,89
2015-12-05,3.0,5.0,91,2.90,154,0.25,11.0,10.2,7.5,87
2015-12-06,3.3,5.2,92,9.00,139,0.30,21.0,10.0,7.1,87
2015-12-07,3.2,5.8,94,3.70,155,0.22,15.0,9.6,7.0,90
2015-12-08,3.8,5.0,95,9.80,171,0.16,18.0,8.7,7.0,90
2015-12-09,5.8,7.6,87,8.70,189,0.49,12.0,15.5,8.5,62
2015-12-10,3.7,5.5,79,2.40,132,0.35,6.0,10.3,6.4,63
2015-12-11,3.8,5.1,90,1.50,154,0.33,5.0,6.8,4.5,82
2015-12-12,3.3,4.9,85,1.70,149,0.28,9.0,8.9,4.6,81
2015-12-13,2.5,3.3,89,7.70,141,0.23,20.0,11.3,7.3,87
2015-12-14,2.8,4.2,87,2.80,270,0.38,10.0,7.7,6.0,63
2015-12-15,1.0,4.0,81,0.00,265,0.35,0.0,6.9,4.7,60
2015-12-16,0.8,4.3,66,1.50,309,0.45,8.0,9.9,5.8,45
2015-12-17,0.2,2.6,53,0.30,108,0.43,2.0,8.1,4.7,42
2015-12-18,-2.3,1.2,79,4.50,129,0.34,18.0,10.0,7.7,72
2015-12-19,1.2,3.0,87,0.20,179,0.34,1.0,9.4,6.5,69
2015-12-20,-1.0,2.2,80,2.30,156,0.28,9.0,11.5,7.9,73
2015-12-21,0.7,1.7,83,1.70,146,0.28,9.0,8.4,6.3,69
2015-12-22,0.8,2.5,80,4.30,305,0.32,15.0,7.7,4.2,63
2015-12-23,0.9,2.3,81,2.20,134,0.27,10.0,6.9,3.9,65
2015-12-24,-0.4,0.8,84,3.00,116,0.27,16.0,6.4,3.3,74
2015-12-25,-1.4,0.5,79,0.90,325,0.33,6.0,7.1,5.1,60
2015-12-26,-3.5,-0.7,84,0.70,237,0.23,6.0,7.4,3.7,57
2015-12-27,-5.6,-2.9,84,4.30,140,0.21,19.0,7.4,6.2,79
2015-12-28,-2.3,-1.1,84,5.60,35,0.25,17.0,6.4,4.0,77
2015-12-29,-1.0,0.7,80,0.00,340,0.33,0.0,4.8,2.7,68
2015-12-30,-4.2,-0.3,85,0.00,320,0.31,0.0,6.5,4.4,67
2015-12-31,-6.6,-3.0,82,0.00,323,0.32,0.0,6.6,2.9,66
2016-01-01,-6.3,-2.4,86,0.00,277,0.32,0.0,3.1,1.9,66
2016-01-02,-6.6,-1.9,86,0.00,305,0.32,0.0,4.7,3.7,64
2016-01-03,-6.1,-2.3,87,0.00,299,0.31,0.0,4.3,3.1,65
2016-01-04,-3.0,-0.1,85,4.40,3,0.22,17.0,4.6,3.3,70
2016-01-05,0.1,4.3,90,1.80,65,0.32,11.0,4.3,2.0,75
2016-01-06,2.6,5.3,92,0.40,354,0.32,3.0,5.1,1.8,79
2016-01-07,3.2,4.5,91,3.40,304,0.33,18.0,5.2,3.5,78
2016-01-08,0.8,4.3,89,0.00,301,0.39,0.0,6.0,4.0,73
2016-01-09,-2.3,1.7,91,0.00,283,0.35,0.0,4.2,2.6,73
2016-01-10,-3.7,0.7,87,0.00,269,0.37,0.0,4.3,2.8,66
2016-01-11,-4.5,0.0,89,0.00,181,0.31,0.0,7.0,5.2,72
2016-01-12,-3.4,-0.0,85,0.20,154,0.32,2.0,6.4,5.0,77
2016-01-13,0.4,4.9,90,3.20,138,0.32,17.0,6.7,5.2,79
2016-01-14,3.4,5.7,80,0.80,230,0.52,5.0,8.4,5.9,67
2016-01-15,-1.2,4.7,87,0.00,235,0.49,0.0,5.2,3.5,61
2016-01-16,-1.7,3.0,91,5.90,139,0.22,13.0,5.3,4.2,66
2016-01-17,-0.3,2.2,92,1.10,145,0.25,5.0,6.6,5.3,82
2016-01-18,1.6,4.9,91,1.10,185,0.51,6.0,6.2,5.2,72
2016-01-19,1.8,4.7,89,0.60,149,0.47,5.0,7.9,4.7,74
2016-01-20,3.2,7.0,85,4.50,289,0.60,12.0,7.0,5.0,60
2016-01-21,2.0,6.3,87,4.80,121,0.33,16.0,6.8,5.9,65
2016-01-22,2.5,4.6,92,4.10,147,0.33,15.0,7.0,6.1,86
2016-01-23,3.2,4.6,92,1.30,188,0.33,4.0,9.0,4.4,84
2016-01-24,3.9,6.5,86,4.10,261,0.58,9.0,6.8,4.5,60
2016-01-25,0.1,6.0,86,0.00,205,0.60,0.0,5.0,2.8,65
2016-01-26,-1.6,3.8,89,1.10,164,0.28,5.0,7.1,6.2,69
2016-01-27,1.8,4.7,88,0.00,175,0.49,0.0,8.0,6.3,81
2016-01-28,3.1,4.7,91,6.00,161,0.40,18.0,8.6,6.8,86
2016-01-29,2.3,4.1,89,2.50,193,0.37,9.0,10.5,6.6,81
2016-01-30,0.6,3.7,91,1.90,183,0.56,4.0,9.0,6.9,72
2016-01-31,1.3,3.5,88,3.80,185,0.47,17.0,8.0,4.3,73
2016-02-01,0.2,3.9,88,1.10,216,0.61,6.0,4.6,3.4,61
2016-02-02,-1.4,3.6,84,0.20,231,0.73,1.0,6.6,3.8,54
2016-02-03,-4.4,2.6,85,0.00,189,0.50,0.0,6.1,3.8,61
2016-02-04,-0.4,5.3,85,3.00,169,0.64,11.0,7.6,5.3,66
2016-02-05,1.6,5.1,84,0.10,163,0.59,1.0,8.6,7.1,66
2016-02-06,1.3,3.9,79,2.50,204,0.85,9.0,12.1,8.7,58
2016-02-07,-1.0,5.9,76,0.00,242,0.69,0.0,8.0,4.5,48
2016-02-08,0.5,7.4,79,0.00,190,0.80,0.0,3.9,2.7,59
2016-02-09,0.6,8.3,77,0.00,227,0.95,0.0,5.0,3.1,59
2016-02-10,3.0,7.6,74,0.10,209,0.57,1.0,5.8,4.8,62
2016-02-11,3.9,7.2,81,0.00,226,0.71,0.0,8.5,4.9,70
2016-02-12,4.6,6.8,85,2.20,140,0.63,9.0,8.9,4.6,75
2016-02-13,4.3,6.5,89,2.90,195,0.68,12.0,8.9,7.5,84
2016-02-14,4.5,7.4,89,6.10,188,0.56,13.0,8.0,6.4,82
2016-02-15,7.2,10.9,82,0.80,223,0.89,5.0,8.4,6.6,54
2016-02-16,6.8,10.1,77,5.80,196,1.04,9.0,12.1,7.2,57
2016-02-17,6.1,8.7,82,1.50,173,0.68,8.0,9.4,4.1,64
2016-02-18,4.9,8.7,96,9.30,151,0.46,21.0,9.6,5.3,93
2016-02-19,2.8,6.0,92,2.00,182,0.61,9.0,8.5,6.4,79
2016-02-20,3.8,6.1,82,1.80,199,1.06,6.0,10.5,6.9,59
2016-02-21,3.5,7.4,72,0.00,171,1.06,0.0,10.1,4.9,53
2016-02-22,3.4,6.2,75,0.40,218,1.15,4.0,8.4,6.0,54
2016-02-23,4.1,8.1,58,0.00,188,1.37,0.0,4.3,2.4,38
2016-02-24,4.0,8.7,52,0.00,107,1.40,0.0,5.1,2.7,37
2016-02-25,4.7,10.0,65,0.00,177,1.36,0.0,4.5,2.5,48
2016-02-26,4.9,10.6,69,0.00,174,1.25,0.0,6.8,3.9,51
2016-02-27,7.3,11.5,80,2.90,225,1.18,12.0,7.8,5.5,57
2016-02-28,6.4,11.2,73,1.80,191,0.96,8.0,8.9,5.1,55
2016-02-29,3.9,8.3,80,2.40,213,1.37,7.0,12.5,7.9,52
2016-03-01,5.6,9.5,69,4.40,115,0.70,10.0,8.7,5.5,45
2016-03-02,3.9,7.7,91,6.40,169,0.87,15.0,9.7,6.6,77
2016-03-03,5.2,8.1,86,5.00,157,1.21,19.0,9.2,7.2,77
2016-03-04,5.9,11.5,82,1.30,171,1.35,5.0,18.1,7.9,52
2016-03-05,8.0,10.0,82,3.00,160,1.45,10.0,11.8,7.3,62
2016-03-06,8.0,13.2,83,10.40,125,1.21,17.0,8.6,5.8,65
2016-03-07,5.4,9.4,86,2.80,155,0.87,9.0,5.9,3.6,75
2016-03-08,4.8,7.1,84,1.90,194,1.23,7.0,8.0,6.8,64
2016-03-09,6.0,8.6,63,0.00,158,1.57,0.0,13.7,7.2,52
2016-03-10,4.8,9.2,86,12.40,145,1.46,22.0,17.4,9.1,60
2016-03-11,6.2,9.8,67,0.40,176,1.82,1.0,12.3,7.4,45
2016-03-12,6.6,8.6,80,7.20,143,0.94,14.0,10.2,6.6,53
2016-03-13,3.8,7.0,85,3.20,158,0.99,7.0,16.4,7.9,57
2016-03-14,3.7,7.7,80,3.90,197,1.47,11.0,12.6,8.3,50
2016-03-15,4.7,7.7,62,0.20,220,1.85,2.0,9.4,7.1,54
2016-03-16,5.7,7.3,58,0.30,257,1.90,2.0,12.2,6.3,45
2016-03-17,4.8,7.1,53,0.00,330,2.02,0.0,11.5,6.7,47
2016-03-18,6.0,8.6,46,0.00,91,2.18,0.0,10.2,5.3,35
2016-03-19,6.1,9.7,52,0.00,130,2.29,0.0,8.4,5.7,41
2016-03-20,9.0,13.7,56,0.10,133,1.61,1.0,7.6,3.2,40
2016-03-21,8.3,12.7,82,2.50,165,1.75,9.0,7.1,5.4,59
2016-03-22,7.8,11.7,79,1.30,262,1.59,9.0,6.6,4.6,61
2016-03-23,7.5,11.9,74,1.00,214,1.52,5.0,14.0,8.0,61
2016-03-24,6.4,9.2,74,5.10,222,1.90,9.0,14.4,8.4,47
2016-03-25,5.9,9.5,67,1.50,263,1.98,6.0,9.2,6.6,48
2016-03-26,7.2,11.7,61,0.00,181,2.19,0.0,9.0,4.4,34
2016-03-27,5.6,9.2,78,8.10,144,1.06,12.0,9.2,6.1,55
2016-03-28,5.0,10.0,82,4.50,298,1.79,7.0,12.1,6.8,52
2016-03-29,7.7,10.6,57,0.00,322,2.65,0.0,10.2,6.7,43
2016-03-30,9.5,15.2,65,0.00,321,2.91,0.0,8.8,4.5,42
2016-03-31,12.6,20.0,65,0.00,314,3.19,0.0,5.8,3.6,37
2016-04-01,14.6,21.2,59,0.00,207,3.40,0.0,4.9,3.6,38
2016-04-02,14.4,20.5,60,0.00,228,3.31,0.0,11.1,7.0,39
2016-04-03,13.8,19.5,52,0.00,234,3.51,0.0,10.1,6.2,36
2016-04-04,11.1,19.0,71,5.80,202,1.63,9.0,13.3,7.2,40
2016-04-05,7.5,11.3,62,0.40,233,2.03,4.0,15.3,9.6,40
2016-04-06,10.2,16.4,62,0.00,229,2.39,0.0,11.1,8.0,48
2016-04-07,12.5,21.3,60,0.00,349,3.50,0.0,6.9,3.3,33
2016-04-08,15.3,22.6,60,0.00,182,3.72,0.0,11.9,4.6,34
2016-04-09,14.6,23.8,49,0.00,282,4.12,0.0,12.8,8.8,37
2016-04-10,13.5,20.6,50,0.00,336,3.82,0.0,8.7,3.4,29
2016-04-11,14.0,20.5,55,0.00,249,3.27,0.0,8.7,5.3,30
2016-04-12,12.6,18.9,51,0.00,248,3.35,0.0,14.5,7.6,31
2016-04-13,11.7,15.8,49,0.00,234,3.43,0.0,10.1,6.1,31
2016-04-14,10.9,15.2,55,0.10,65,2.53,1.0,8.7,5.9,32
2016-04-15,10.0,17.7,74,0.40,207,3.03,3.0,10.7,6.7,38
2016-04-16,12.4,19.3,55,0.10,224,3.49,1.0,11.0,6.4,36
2016-04-17,13.9,23.1,55,0.00,169,4.06,0.0,8.4,5.7,30
2016-04-18,18.1,26.1,47,0.00,168,4.61,0.0,11.4,5.2,26
2016-04-19,19.3,27.9,48,0.00,183,4.76,0.0,10.7,5.6,27
2016-04-20,19.9,29.0,52,0.00,223,4.54,0.0,5.1,3.0,25
2016-04-21,22.3,28.8,40,0.20,166,4.39,2.0,14.8,4.4,25
2016-04-22,19.4,26.4,55,1.10,63,2.42,3.0,9.2,4.2,29
2016-04-23,15.7,20.4,69,0.60,272,2.81,2.0,7.3,5.7,39
2016-04-24,13.2,19.5,61,0.30,227,2.86,2.0,9.4,6.3,41
2016-04-25,10.6,16.2,55,0.00,277,2.97,0.0,9.4,7.0,35
2016-04-26,12.4,18.6,51,0.00,265,3.78,0.0,8.9,5.1,26
2016-04-27,14.5,19.9,46,0.00,242,3.82,0.0,6.5,4.1,28
2016-04-28,15.3,21.3,53,0.00,165,3.87,0.0,7.0,3.3,32
2016-04-29,14.2,20.8,58,0.30,266,3.20,2.0,11.5,7.3,34
2016-04-30,13.5,20.7,56,0.10,299,4.36,1.0,10.8,7.1,24
2016-05-01,16.1,24.1,41,0.00,356,4.72,0.0,6.5,3.1,23
2016-05-02,20.0,27.3,40,0.00,160,5.28,0.0,11.2,4.4,22
2016-05-03,20.9,27.2,38,0.00,175,5.68,0.0,13.4,7.5,22
2016-05-04,19.4,26.5,53,0.40,261,3.61,3.0,12.3,5.8,25
2016-05-05,14.3,20.2,85,10.70,323,1.88,20.0,6.6,4.6,57
2016-05-06,15.8,24.7,57,0.00,346,4.67,0.0,8.3,4.8,33
2016-05-07,19.8,29.5,47,0.00,270,5.44,0.0,8.2,4.0,21
2016-05-08,17.4,29.6,44,0.00,265,4.10,0.0,11.1,9.6,21
2016-05-09,12.5,19.4,49,0.00,325,4.35,0.0,12.9,8.5,27
2016-05-10,14.9,21.8,43,0.20,318,4.91,1.0,12.6,6.3,20
2016-05-11,16.6,21.6,44,1.50,191,3.40,4.0,14.5,6.2,21
2016-05-12,13.2,19.4,79,4.00,14,3.41,13.0,7.8,5.1,45
2016-05-13,16.3,23.0,53,0.00,27,4.46,0.0,8.4,5.7,27
2016-05-14,19.3,25.5,41,0.00,38,5.22,0.0,9.5,5.4,24
2016-05-15,20.1,25.2,39,0.00,34,4.72,0.0,9.4,4.3,24
2016-05-16,18.1,24.3,52,0.00,240,4.50,0.0,8.5,5.5,24
2016-05-17,18.1,25.6,53,0.00,252,4.97,0.0,7.8,5.3,29
2016-05-18,19.9,25.7,49,0.10,240,4.56,1.0,12.3,7.3,29
2016-05-19,14.4,19.7,64,1.90,243,2.65,3.0,9.0,5.4,46
2016-05-20,11.5,17.2,80,4.50,296,2.92,11.0,9.0,4.8,49
2016-05-21,12.8,17.5,71,3.10,319,2.13,8.0,9.4,5.4,47
2016-05-22,13.6,17.1,68,2.10,270,2.37,9.0,16.7,8.8,50
2016-05-23,12.3,18.4,82,5.90,242,2.02,19.0,9.1,7.5,52
2016-05-24,16.0,21.8,60,0.20,242,4.08,1.0,8.5,5.3,40
2016-05-25,17.8,24.0,57,0.00,254,4.90,0.0,8.5,6.2,38
2016-05-26,17.1,23.8,50,0.00,247,4.75,0.0,12.2,7.3,31
2016-05-27,12.2,20.5,65,4.10,236,3.27,8.0,12.4,7.9,34
2016-05-28,12.4,16.4,55,2.80,201,3.24,5.0,13.8,7.0,43
2016-05-29,13.6,17.6,74,2.60,244,3.16,9.0,7.6,4.4,45
2016-05-30,14.3,21.7,61,2.20,300,4.27,5.0,6.6,4.2,29
2016-05-31,18.2,25.0,44,0.00,90,5.29,0.0,8.0,3.9,28
2016-06-01,19.9,25.4,52,0.20,197,4.21,1.0,11.1,5.8,29
2016-06-02,19.6,25.1,53,0.60,227,4.85,5.0,18.0,9.4,32
2016-06-03,18.6,27.9,47,0.00,225,5.66,0.0,16.9,8.3,31
2016-06-04,22.6,31.2,51,0.00,240,5.93,0.0,8.9,3.8,28
2016-06-05,26.2,34.5,46,0.00,55,6.16,0.0,6.5,3.3,23
2016-06-06,27.8,35.1,42,0.00,242,6.60,0.0,9.1,5.2,17
2016-06-07,26.2,34.2,33,0.00,243,6.89,0.0,10.0,6.3,17
2016-06-08,25.4,33.4,38,0.40,246,5.04,1.0,11.4,6.2,18
2016-06-09,17.4,22.9,60,1.60,209,4.18,6.0,9.9,7.3,27
2016-06-10,17.2,23.2,62,10.70,174,2.44,12.0,10.2,4.8,25
2016-06-11,13.5,17.5,71,1.80,205,3.45,5.0,14.5,7.9,42
2016-06-12,14.9,22.8,54,0.00,218,3.88,0.0,12.3,8.1,28
2016-06-13,16.4,22.7,55,3.10,232,3.81,4.0,13.0,6.0,29
2016-06-14,13.2,16.8,59,2.00,214,3.94,3.0,11.7,7.4,39
2016-06-15,12.1,17.8,58,0.40,190,4.23,2.0,10.9,7.3,32
2016-06-16,14.3,20.3,50,0.20,227,5.00,1.0,11.5,7.3,24
2016-06-17,15.8,22.4,43,0.20,209,5.61,1.0,12.2,6.5,22
2016-06-18,17.2,22.2,49,2.50,81,2.78,5.0,5.8,3.7,22
2016-06-19,11.8,17.7,85,11.20,217,1.81,16.0,10.9,6.6,54
2016-06-20,17.5,25.2,62,0.00,45,4.63,0.0,6.1,3.3,31
2016-06-21,19.0,25.2,59,0.10,244,4.45,1.0,9.7,6.6,29
2016-06-22,19.6,26.5,48,0.00,220,5.69,0.0,9.8,5.8,26
2016-06-23,19.8,26.2,56,3.90,249,4.09,4.0,7.3,3.9,26
2016-06-24,15.3,20.1,73,4.30,246,2.63,12.0,12.0,6.6,50
2016-06-25,16.1,22.5,62,0.00,227,3.61,0.0,11.0,7.1,40
2016-06-26,20.0,26.2,57,0.00,249,4.80,0.0,5.8,3.5,31
2016-06-27,23.5,29.7,45,0.00,72,5.60,0.0,7.6,3.2,28
2016-06-28,23.8,31.1,55,0.00,297,5.66,0.0,7.9,3.3,26
2016-06-29,25.8,31.6,49,0.00,251,5.47,0.0,5.8,3.4,26
2016-06-30,24.2,31.4,49,0.00,249,6.25,0.0,10.9,6.9,26
2016-07-01,21.5,30.0,49,2.70,252,4.73,5.0,10.0,6.6,24
2016-07-02,22.1,29.5,57,0.00,229,5.26,0.0,10.5,5.5,27
2016-07-03,21.1,29.0,50,0.00,247,5.59,0.0,14.3,10.0,29
2016-07-04,17.1,22.4,53,0.00,241,4.64,0.0,15.2,9.1,33
2016-07-05,15.6,21.8,74,12.00,231,2.31,18.0,16.6,5.3,34
2016-07-06,15.8,21.6,76,2.50,284,2.82,5.0,5.8,3.4,43
2016-07-07,19.3,22.7,60,0.00,200,3.54,0.0,10.8,5.5,40
2016-07-08,19.6,22.9,61,0.60,172,3.01,4.0,9.4,4.9,44
2016-07-09,19.0,23.0,71,8.90,190,3.03,12.0,8.6,4.2,51
2016-07-10,18.4,23.8,68,2.00,274,4.31,4.0,8.0,4.4,38
2016-07-11,18.7,24.1,59,0.40,250,4.68,1.0,8.9,6.4,38
2016-07-12,20.3,24.3,54,0.20,243,4.38,1.0,7.8,4.8,37
2016-07-13,20.1,25.5,55,0.00,221,5.02,0.0,9.4,6.1,36
2016-07-14,21.4,27.3,57,0.20,229,4.94,1.0,8.0,4.2,31
2016-07-15,16.4,23.9,80,15.80,278,2.08,22.0,9.8,5.5,45
2016-07-16,17.6,22.3,79,7.80,247,2.77,10.0,6.7,3.7,57
2016-07-17,20.3,25.0,71,1.10,334,4.12,1.0,6.4,2.6,44
2016-07-18,22.3,27.8,61,0.00,62,4.50,0.0,5.2,2.3,31
2016-07-19,20.8,25.9,65,2.30,184,3.70,7.0,9.0,5.8,37
2016-07-20,20.5,26.6,63,0.40,206,5.09,1.0,8.4,5.8,28
2016-07-21,22.3,29.5,50,0.00,227,5.80,0.0,9.0,5.0,26
2016-07-22,23.0,29.5,51,1.00,238,4.12,6.0,9.2,5.3,26
2016-07-23,19.5,25.3,58,0.00,228,4.15,0.0,11.4,6.6,37
2016-07-24,23.0,31.3,52,0.00,223,5.51,0.0,6.2,4.6,29
2016-07-25,26.2,32.4,50,0.90,236,5.56,1.0,7.0,4.7,29
2016-07-26,25.4,30.0,63,0.00,303,4.77,0.0,5.5,3.6,43
2016-07-27,24.1,30.2,70,1.50,315,4.51,4.0,4.6,2.7,35
2016-07-28,26.3,32.6,58,0.20,286,5.02,1.0,4.3,2.6,29
2016-07-29,28.1,34.7,51,0.00,182,5.72,0.0,7.6,3.8,25
2016-07-30,26.0,34.3,44,0.00,250,6.06,0.0,11.6,7.9,23
2016-07-31,21.2,29.0,53,0.10,295,5.28,1.0,12.4,7.3,24
2016-08-01,21.9,27.7,50,0.00,236,4.69,0.0,7.1,3.1,30
2016-08-02,22.7,27.8,52,2.30,1,4.46,3.0,8.4,5.2,29
2016-08-03,17.8,26.3,73,5.50,255,3.62,11.0,8.9,6.8,36
2016-08-04,23.1,29.7,55,0.00,209,4.85,0.0,9.0,5.2,28
2016-08-05,24.4,31.1,52,0.00,194,5.05,0.0,11.2,5.3,24
2016-08-06,21.8,30.3,52,0.10,272,4.75,1.0,11.9,5.2,26
2016-08-07,23.4,29.4,55,0.50,174,4.65,2.0,12.6,5.7,26
2016-08-08,20.6,26.6,58,0.60,239,4.01,2.0,12.8,4.3,34
2016-08-09,20.9,25.9,63,0.00,271,3.86,0.0,6.9,3.9,37
2016-08-10,20.1,25.8,66,2.10,265,3.70,8.0,8.8,5.8,38
2016-08-11,23.3,28.4,57,0.00,288,4.13,0.0,8.1,5.4,31
2016-08-12,25.1,31.1,50,0.00,331,4.92,0.0,6.8,3.1,25
2016-08-13,25.9,32.8,50,0.00,140,5.12,0.0,7.3,4.1,23
2016-08-14,26.0,32.6,46,0.00,237,5.42,0.0,8.2,5.2,22
2016-08-15,26.0,32.4,48,0.00,272,5.28,0.0,7.3,5.0,22
2016-08-16,26.5,32.9,51,0.00,286,4.96,0.0,7.8,4.1,23
2016-08-17,26.7,32.7,51,0.00,300,5.42,0.0,10.2,6.5,22
2016-08-18,24.0,31.6,39,0.00,319,5.92,0.0,12.1,8.4,22
2016-08-19,24.6,31.1,41,0.00,324,5.11,0.0,11.9,4.0,21
2016-08-20,26.3,34.3,46,0.00,195,5.07,0.0,6.5,3.9,18
2016-08-21,26.6,34.2,37,0.00,223,5.84,0.0,15.6,8.8,18
2016-08-22,18.0,28.4,57,2.40,264,3.82,10.0,17.2,9.5,24
2016-08-23,19.3,25.5,57,0.00,300,3.85,0.0,10.0,6.5,34
2016-08-24,21.6,26.8,52,0.00,335,4.40,0.0,10.0,5.6,26
2016-08-25,22.6,26.9,50,0.00,318,4.09,0.0,8.1,5.2,26
2016-08-26,23.3,29.7,52,0.00,256,4.12,0.0,6.5,4.1,23
2016-08-27,24.2,29.3,45,0.50,212,4.59,3.0,14.7,8.7,24
2016-08-28,20.9,27.5,54,0.00,251,3.51,0.0,14.0,5.4,27
2016-08-29,23.3,30.6,50,0.00,153,4.21,0.0,9.9,3.7,20
2016-08-30,24.3,31.8,49,0.00,229,4.29,0.0,10.8,4.7,20
2016-08-31,23.3,29.3,55,0.00,207,3.90,0.0,12.3,5.7,23
2016-09-01,19.9,27.2,57,0.80,236,3.18,5.0,11.1,6.3,30
2016-09-02,14.9,19.6,82,13.90,212,2.24,23.0,6.9,4.5,52
2016-09-03,15.0,19.8,68,2.50,199,2.72,5.0,5.9,4.4,45
2016-09-04,14.7,19.7,73,2.80,343,2.46,9.0,6.8,4.5,45
2016-09-05,16.4,20.2,65,1.00,220,2.66,3.0,8.3,3.8,46
2016-09-06,15.9,19.4,65,2.30,237,2.33,12.0,6.0,4.0,47
2016-09-07,17.0,21.5,60,0.30,227,2.73,2.0,12.8,6.4,37
2016-09-08,14.6,20.1,73,1.80,247,2.68,6.0,10.6,7.6,34
2016-09-09,16.7,24.0,61,0.40,218,3.28,1.0,9.0,4.9,33
2016-09-10,19.0,24.8,58,0.60,214,3.72,1.0,12.4,7.2,33
2016-09-11,15.6,22.8,64,0.90,295,3.14,2.0,13.6,8.5,39
2016-09-12,15.5,19.4,58,0.00,346,3.27,0.0,13.3,5.6,34
2016-09-13,16.2,21.8,62,0.00,348,3.31,0.0,6.9,3.3,34
2016-09-14,17.7,24.9,67,0.00,336,3.39,0.0,6.6,2.8,33
2016-09-15,20.5,26.3,62,0.00,255,3.30,0.0,5.8,3.7,31
2016-09-16,21.7,27.3,62,0.00,212,3.45,0.0,11.1,5.3,27
2016-09-17,18.8,26.3,65,5.20,212,1.54,7.0,10.5,5.6,31
2016-09-18,14.4,19.1,63,1.20,228,2.81,5.0,12.0,8.6,35
2016-09-19,14.3,18.4,62,2.70,190,2.27,5.0,9.5,6.1,36
2016-09-20,12.5,16.0,76,1.90,237,1.82,5.0,6.5,4.2,51
2016-09-21,13.7,17.8,68,0.00,356,2.52,0.0,9.9,5.8,43
2016-09-22,15.3,19.4,64,0.00,352,2.33,0.0,8.2,4.1,42
2016-09-23,15.4,19.1,70,0.90,201,1.45,5.0,9.6,4.7,44
2016-09-24,13.4,19.4,73,1.60,239,2.23,8.0,6.7,4.9,31
2016-09-25,16.7,22.5,59,0.00,198,1.77,0.0,8.7,3.8,33
2016-09-26,17.6,24.8,70,0.00,148,2.87,0.0,9.2,4.3,35
2016-09-27,18.1,24.3,60,0.00,269,2.80,0.0,10.9,7.5,32
2016-09-28,14.3,19.7,57,0.00,344,2.65,0.0,8.6,5.1,33
2016-09-29,15.3,20.8,66,0.00,347,2.39,0.0,5.6,3.7,38
2016-09-30,17.3,22.1,69,0.00,318,2.27,0.0,7.7,4.4,30
2016-10-01,15.3,21.0,72,1.60,252,1.79,6.0,7.5,4.3,37
2016-10-02,13.8,17.4,66,0.30,156,2.01,1.0,6.0,3.6,39
2016-10-03,13.5,16.9,63,0.00,22,2.01,0.0,5.0,2.7,40
2016-10-04,13.7,16.2,66,0.00,145,1.47,0.0,7.6,4.0,43
2016-10-05,13.1,16.3,62,0.00,139,1.82,0.0,4.6,3.5,43
2016-10-06,13.0,15.7,71,2.40,159,1.63,7.0,7.2,5.2,46
2016-10-07,11.1,15.0,88,13.50,142,1.13,23.0,13.2,7.7,60
2016-10-08,10.4,14.4,77,7.70,176,0.72,10.0,11.9,5.3,53
2016-10-09,9.5,12.4,84,8.30,289,1.34,10.0,7.3,5.6,41
2016-10-10,6.4,11.8,61,0.00,331,1.29,0.0,10.0,7.4,43
2016-10-11,7.5,10.8,63,0.00,344,1.55,0.0,7.7,3.7,49
2016-10-12,7.8,12.0,63,0.00,125,1.72,0.0,6.8,4.4,48
2016-10-13,6.3,11.0,85,4.30,144,0.67,12.0,8.2,6.8,56
2016-10-14,8.0,11.7,93,14.80,135,0.96,19.0,12.1,6.8,78
2016-10-15,8.4,12.1,89,6.20,164,0.91,14.0,12.8,9.0,69
2016-10-16,8.2,12.3,94,11.80,147,0.84,17.0,8.6,6.8,72
2016-10-17,9.1,11.2,90,11.40,145,0.70,16.0,6.4,4.7,79
2016-10-18,8.3,11.8,93,3.90,178,0.97,11.0,7.6,6.3,84
2016-10-19,8.2,13.4,88,1.90,179,1.29,6.0,12.7,7.3,58
2016-10-20,7.7,12.2,88,14.30,145,0.56,18.0,10.5,6.9,59
2016-10-21,8.3,12.5,91,2.50,178,1.12,13.0,9.0,6.4,67
2016-10-22,9.3,13.4,82,0.30,171,1.31,3.0,8.5,6.5,51
2016-10-23,9.6,13.9,74,0.20,120,1.17,1.0,8.4,5.4,56
2016-10-24,10.8,15.7,75,0.00,70,1.24,0.0,6.9,4.6,53
2016-10-25,11.3,14.5,82,8.10,130,1.16,17.0,7.3,5.3,68
2016-10-26,9.0,12.3,94,4.20,130,0.42,8.0,6.8,4.7,75
2016-10-27,9.5,12.4,93,11.80,143,0.69,20.0,7.0,4.7,85
2016-10-28,10.1,13.0,88,2.20,174,0.97,11.0,5.6,4.1,71
2016-10-29,9.1,12.0,85,0.00,121,0.66,0.0,4.2,3.1,69
2016-10-30,7.8,10.5,88,0.40,165,0.63,2.0,6.7,4.4,74
2016-10-31,8.7,11.7,85,4.80,212,0.64,17.0,8.3,4.6,74
2016-11-01,8.1,12.1,90,3.80,192,0.76,13.0,8.4,6.7,79
2016-11-02,8.8,11.4,92,5.50,164,0.47,22.0,10.1,7.1,83
2016-11-03,8.6,14.5,88,1.00,166,1.10,5.0,13.0,7.2,60
2016-11-04,8.9,14.2,85,0.00,150,0.98,0.0,8.3,5.3,59
2016-11-05,9.0,12.8,81,0.70,151,0.59,3.0,9.0,7.2,65
2016-11-06,9.7,12.8,86,5.00,192,0.86,12.0,9.4,6.6,62
2016-11-07,9.0,11.7,86,0.70,138,0.56,6.0,7.4,6.2,75
2016-11-08,8.9,15.0,86,0.00,149,1.00,0.0,8.9,6.0,61
2016-11-09,9.7,13.2,88,1.70,176,0.55,5.0,9.2,6.2,69
2016-11-10,8.3,12.6,96,0.00,105,0.61,0.0,4.5,2.3,83
2016-11-11,8.8,12.5,92,0.00,172,0.44,0.0,5.8,4.2,83
2016-11-12,9.8,11.8,91,6.60,170,0.47,13.0,8.8,5.3,85
2016-11-13,7.0,10.1,93,1.40,192,0.39,6.0,9.7,6.7,74
2016-11-14,6.2,10.2,89,5.10,190,0.75,18.0,12.4,6.9,53
2016-11-15,6.9,9.5,82,8.10,149,0.45,10.0,7.4,4.2,53
2016-11-16,6.0,7.7,86,2.10,222,0.60,7.0,8.7,3.9,77
2016-11-17,4.9,7.1,88,5.30,136,0.50,15.0,3.8,3.2,81
2016-11-18,4.1,7.1,79,0.50,129,0.53,3.0,8.2,5.6,58
2016-11-19,4.1,6.3,78,0.90,110,0.49,3.0,9.6,5.6,69
2016-11-20,4.3,7.6,88,0.50,125,0.38,4.0,6.4,5.3,81
2016-11-21,4.3,8.4,96,2.30,160,0.45,7.0,8.4,7.0,89
2016-11-22,4.4,6.7,92,1.40,152,0.39,7.0,9.1,7.2,70
2016-11-23,4.3,6.9,86,5.00,152,0.45,13.0,8.4,6.0,73
2016-11-24,2.5,5.2,92,3.10,139,0.26,13.0,12.0,9.0,88
2016-11-25,4.0,8.1,90,6.30,152,0.52,15.0,10.5,7.0,76
2016-11-26,4.5,7.6,91,8.30,118,0.26,23.0,7.0,5.6,84
2016-11-27,5.8,7.4,88,0.00,187,0.49,0.0,12.7,6.3,65
2016-11-28,5.3,6.9,79,4.00,235,0.52,12.0,6.6,4.1,57
2016-11-29,5.5,6.8,70,0.00,216,0.52,0.0,5.8,3.6,61
2016-11-30,2.1,4.8,80,0.90,140,0.40,7.0,8.5,5.6,73
2016-12-01,4.5,5.9,80,2.20,225,0.45,10.0,6.0,4.6,68
2016-12-02,3.7,5.8,67,1.40,152,0.37,6.0,10.2,6.0,57
2016-12-03,2.8,5.9,81,3.70,199,0.50,9.0,13.8,8.1,62
2016-12-04,2.4,5.6,79,8.40,253,0.43,17.0,14.3,8.1,55
2016-12-05,1.5,2.2,43,0.00,324,0.76,0.0,10.8,5.0,37
2016-12-06,-2.5,1.3,54,0.00,356,0.62,0.0,10.9,8.0,40
2016-12-07,-6.9,-4.6,59,0.00,342,0.50,0.0,10.1,7.0,46
2016-12-08,-6.5,-4.2,59,0.00,28,0.47,0.0,10.1,7.2,45
2016-12-09,-6.9,-4.5,58,0.30,61,0.43,3.0,8.5,6.7,52
2016-12-10,-5.1,-2.6,70,2.00,112,0.27,10.0,6.6,3.8,67
2016-12-11,-4.3,-2.2,78,5.80,118,0.22,19.0,5.6,3.3,72
2016-12-12,-8.9,-3.5,83,1.70,318,0.20,7.0,7.6,5.8,71
2016-12-13,-12.7,-11.0,77,0.00,332,0.22,0.0,6.5,5.8,65
2016-12-14,-12.2,-8.9,78,0.00,350,0.23,0.0,6.4,4.7,61
2016-12-15,-11.4,-10.1,78,0.00,345,0.22,0.0,7.1,5.3,68
2016-12-16,-15.8,-12.2,79,0.00,326,0.17,0.0,7.7,6.7,66
2016-12-17,-11.9,-7.1,73,0.00,337,0.24,0.0,6.2,3.5,55
2016-12-18,-7.6,-5.7,75,0.20,181,0.22,2.0,8.0,3.9,55
2016-12-19,-5.1,-1.3,78,4.10,158,0.29,15.0,10.0,7.7,71
2016-12-20,-0.2,3.9,80,3.80,184,0.42,10.0,16.6,8.4,59
2016-12-21,1.9,4.1,74,0.00,206,0.44,0.0,13.9,7.8,66
2016-12-22,-3.5,0.4,90,0.00,158,0.25,0.0,10.4,8.4,77
2016-12-23,-1.1,0.4,86,6.00,132,0.23,13.0,8.2,4.8,77
2016-12-24,-1.2,1.0,88,3.30,307,0.25,13.0,8.2,5.1,74
2016-12-25,-5.4,-3.3,85,0.00,307,0.31,0.0,7.3,5.4,68
2016-12-26,-6.0,-3.9,87,0.00,164,0.24,0.0,7.5,3.5,72
2016-12-27,-5.0,-1.0,84,3.20,153,0.26,19.0,8.0,7.1,75
2016-12-28,-0.4,2.3,83,0.50,201,0.33,3.0,9.4,7.6,63
2016-12-29,-0.9,2.3,87,2.00,159,0.24,12.0,10.2,6.2,65
2016-12-30,0.7,2.7,86,2.70,242,0.37,5.0,8.5,6.8,56
2016-12-31,-2.6,2.4,86,0.00,249,0.29,0.0,6.0,4.3,58
2017-01-01,-1.8,3.0,73,4.50,26,0.40,16.0,12.5,6.7,50
2017-01-02,-7.4,-1.6,71,0.00,8,0.38,0.0,10.0,7.8,58
2017-01-03,-13.3,-6.8,83,0.00,347,0.27,0.0,10.8,8.5,56
2017-01-04,-14.4,-7.8,87,0.00,7,0.27,0.0,10.0,8.2,58
2017-01-05,-11.2,-4.4,83,0.00,356,0.29,0.0,8.0,5.7,66
2017-01-06,-7.3,-4.8,65,0.20,255,0.36,1.0,7.3,5.3,60
2017-01-07,-7.4,-4.7,61,0.00,301,0.42,0.0,7.0,5.6,57
2017-01-08,-4.5,-2.4,67,0.00,307,0.31,0.0,6.9,4.6,57
2017-01-09,-2.7,-0.6,83,6.00,283,0.40,14.0,8.8,5.3,67
2017-01-10,-8.1,-0.8,67,0.30,2,0.35,3.0,8.0,5.8,57
2017-01-11,-15.0,-9.6,84,0.00,4,0.29,0.0,10.2,8.0,60
2017-01-12,-14.0,-6.9,84,0.00,348,0.28,0.0,8.7,6.0,57
2017-01-13,-10.6,-7.8,64,0.00,263,0.37,0.0,7.2,5.4,56
2017-01-14,-10.4,-6.4,70,0.00,274,0.39,0.0,8.3,6.0,59
2017-01-15,-7.5,-1.9,73,0.00,259,0.44,0.0,7.7,5.7,62
2017-01-16,-6.2,-1.1,74,0.00,258,0.46,0.0,9.6,7.2,65
2017-01-17,-2.6,0.4,79,3.90,272,0.42,17.0,10.8,8.9,70
2017-01-18,-0.6,2.4,86,10.30,282,0.31,22.0,7.0,5.4,79
2017-01-19,1.5,4.0,89,3.40,292,0.48,12.0,7.5,5.2,78
2017-01-20,1.1,4.0,87,2.10,304,0.41,11.0,8.4,4.9,69
2017-01-21,1.4,5.0,76,0.00,340,0.55,0.0,9.4,6.2,60
2017-01-22,2.6,4.5,81,0.30,349,0.47,3.0,7.2,5.1,71
2017-01-23,2.3,4.0,80,1.60,343,0.50,14.0,6.0,4.0,70
2017-01-24,-1.0,4.4,81,0.10,278,0.61,1.0,7.8,5.3,63
2017-01-25,-3.6,4.6,81,0.00,272,0.58,0.0,7.0,4.4,58
2017-01-26,-2.2,4.0,78,0.00,278,0.63,0.0,5.5,3.4,55
2017-01-27,-1.3,2.9,73,0.00,246,0.58,0.0,7.9,5.9,62
2017-01-28,-1.1,2.4,80,0.00,272,0.57,0.0,9.4,7.1,68
2017-01-29,-0.7,4.5,76,0.00,285,0.73,0.0,9.4,7.6,61
2017-01-30,3.3,4.9,58,0.10,238,0.98,1.0,10.8,7.6,37
2017-01-31,-5.2,2.9,56,0.00,343,0.92,0.0,12.3,9.0,39
2017-02-01,-7.5,-2.9,64,0.00,336,0.72,0.0,10.9,8.1,52
2017-02-02,-10.2,-2.6,70,0.00,334,0.68,0.0,8.2,5.9,42
2017-02-03,-9.3,-3.8,61,1.50,319,0.47,7.0,10.5,7.6,42
2017-02-04,-4.9,-1.8,81,6.00,351,0.38,23.0,5.4,4.1,75
2017-02-05,-4.1,-1.1,83,8.80,17,0.45,20.0,8.8,6.1,70
2017-02-06,-6.1,-4.6,74,6.30,19,0.50,20.0,6.4,4.6,54
2017-02-07,-9.5,-5.6,66,0.40,9,0.63,4.0,9.1,7.1,51
2017-02-08,-11.9,-2.8,68,0.10,345,0.55,1.0,9.1,7.8,44
2017-02-09,-3.5,2.2,80,14.40,341,0.42,21.0,9.5,6.6,62
2017-02-10,-0.7,3.6,80,0.40,292,0.74,2.0,7.9,4.7,58
2017-02-11,1.5,5.0,72,1.00,196,0.91,5.0,8.3,6.9,51
2017-02-12,-1.7,4.2,73,0.00,265,0.79,0.0,7.6,5.6,61
2017-02-13,-1.1,6.2,63,0.00,270,1.09,0.0,8.0,5.0,40
2017-02-14,-0.4,4.5,58,0.00,299,1.02,0.0,8.4,6.0,45
2017-02-15,2.0,6.4,79,3.40,301,0.83,14.0,8.2,5.9,66
2017-02-16,3.9,5.9,92,3.20,318,0.84,15.0,8.3,5.5,80
2017-02-17,4.2,8.2,75,0.00,233,1.11,0.0,9.0,5.1,55
2017-02-18,4.0,7.8,73,0.30,339,0.78,2.0,6.2,3.5,54
2017-02-19,3.1,5.1,88,4.00,238,0.72,21.0,7.3,3.3,72
2017-02-20,2.1,5.8,80,0.90,303,0.77,8.0,6.4,4.7,60
2017-02-21,1.8,6.9,80,0.30,255,1.15,3.0,6.2,3.4,60
2017-02-22,-0.7,6.4,70,0.10,235,1.28,1.0,10.5,6.6,50
2017-02-23,-2.3,3.8,69,0.00,285,1.16,0.0,8.4,5.5,44
2017-02-24,-3.2,2.3,69,0.00,274,1.22,0.0,6.7,3.2,48
2017-02-25,-3.4,3.3,70,0.00,241,1.09,0.0,8.3,5.7,46
2017-02-26,-1.1,2.2,77,2.20,124,0.86,16.0,9.6,5.7,61
2017-02-27,-4.7,0.9,67,0.00,314,0.94,0.0,10.0,5.6,47
2017-02-28,-4.1,3.8,65,0.60,280,1.27,6.0,9.4,5.8,38
2017-03-01,0.9,7.2,62,4.40,235,1.46,11.0,12.3,7.3,40
2017-03-02,3.3,6.3,65,0.50,262,0.76,4.0,9.3,3.7,53
2017-03-03,2.7,5.8,79,2.00,242,0.94,11.0,9.8,6.3,71
2017-03-04,2.0,4.0,77,6.30,223,1.27,11.0,7.1,4.9,58
2017-03-05,-1.6,2.7,67,2.60,349,0.90,11.0,8.4,5.4,55
2017-03-06,-2.0,3.0,70,5.60,278,1.25,13.0,8.3,4.8,52
2017-03-07,-3.8,3.9,70,0.70,253,1.29,5.0,12.1,7.6,42
2017-03-08,0.3,4.8,64,7.10,272,1.52,10.0,9.5,7.1,40
2017-03-09,-0.5,5.1,67,0.60,324,1.19,6.0,10.8,6.7,44
2017-03-10,2.4,8.7,86,8.30,320,1.23,18.0,7.9,5.9,60
2017-03-11,3.1,9.0,78,0.50,324,1.15,5.0,11.2,6.3,55
2017-03-12,5.8,9.5,75,1.20,210,1.54,7.0,9.4,5.3,56
2017-03-13,6.7,9.1,71,1.10,264,1.08,5.0,7.9,3.8,58
2017-03-14,6.2,9.4,83,6.20,313,0.94,11.0,8.8,4.4,70
2017-03-15,6.0,9.9,85,4.20,303,0.94,14.0,7.0,4.4,74
2017-03-16,4.5,8.9,72,4.10,246,2.01,5.0,11.2,7.4,39
2017-03-17,1.6,8.1,67,0.00,294,1.61,0.0,10.1,6.9,37
2017-03-18,4.1,9.4,87,7.50,327,1.00,22.0,10.6,6.2,54
2017-03-19,2.5,8.5,58,0.00,229,2.22,0.0,14.7,6.0,37
2017-03-20,0.2,8.6,60,0.00,336,1.86,0.0,8.4,5.7,21
2017-03-21,3.6,6.7,70,2.10,296,1.10,7.0,6.9,4.5,35
2017-03-22,4.8,9.3,87,4.10,251,1.56,9.0,9.9,5.3,71
2017-03-23,4.9,11.4,70,0.30,224,2.03,3.0,9.9,7.3,39
2017-03-24,5.0,9.3,73,4.30,356,1.08,15.0,9.1,4.7,53
2017-03-25,4.7,11.4,78,0.90,238,2.06,4.0,11.7,6.0,37
2017-03-26,3.2,10.1,71,0.70,284,1.66,3.0,8.9,6.0,47
2017-03-27,6.2,12.3,81,2.60,208,1.95,15.0,9.5,4.9,51
2017-03-28,6.3,11.4,77,0.70,214,1.33,6.0,14.1,5.7,58
2017-03-29,7.1,9.1,83,8.90,244,0.91,16.0,11.2,5.0,73
2017-03-30,6.4,13.0,78,2.30,281,1.94,9.0,10.8,5.5,40
2017-03-31,6.0,16.0,67,0.10,252,2.76,1.0,10.2,6.3,34
2017-04-01,9.1,15.0,71,1.50,260,2.44,8.0,15.1,6.3,47
2017-04-02,7.4,12.8,58,1.50,236,2.72,6.0,10.7,7.3,29
2017-04-03,3.7,11.3,69,0.60,212,2.54,3.0,10.3,5.8,37
2017-04-04,5.0,11.7,58,0.00,218,2.38,0.0,14.8,5.5,35
2017-04-05,8.0,12.1,64,1.60,224,1.57,8.0,9.8,5.5,44
2017-04-06,6.8,9.4,93,6.30,325,0.77,18.0,8.0,4.7,83
2017-04-07,7.4,11.6,90,6.90,322,1.27,15.0,11.3,5.9,68
2017-04-08,6.0,12.5,82,2.10,239,2.32,8.0,11.5,6.1,51
2017-04-09,6.2,10.2,72,0.70,182,1.99,7.0,9.8,6.6,51
2017-04-10,5.4,9.7,68,1.80,224,1.52,7.0,10.0,6.4,51
2017-04-11,4.0,12.4,76,0.30,264,2.51,3.0,7.9,4.1,39
2017-04-12,5.8,10.6,66,2.00,358,1.39,10.0,8.4,5.8,39
2017-04-13,6.6,10.3,87,7.50,27,1.42,22.0,9.4,6.3,66
2017-04-14,6.1,13.2,70,0.00,237,2.77,0.0,12.3,7.4,29
2017-04-15,7.9,14.0,54,0.30,217,3.30,3.0,11.2,8.0,32
2017-04-16,5.7,13.9,70,0.00,282,2.92,0.0,11.8,5.3,43
2017-04-17,9.7,15.1,63,0.50,347,2.45,3.0,7.6,4.9,48
2017-04-18,9.3,13.8,77,4.80,238,2.51,11.0,12.5,5.1,55
2017-04-19,7.6,14.3,72,0.00,223,2.51,0.0,13.7,6.6,42
2017-04-20,8.7,13.2,85,12.30,279,1.72,18.0,8.8,5.2,58
2017-04-21,9.7,16.8,68,2.90,154,3.21,1.0,9.1,5.2,37
2017-04-22,10.2,15.8,62,0.10,351,2.79,1.0,11.2,7.0,45
2017-04-23,8.0,15.3,77,0.50,268,2.75,3.0,10.0,4.6,42
2017-04-24,7.9,13.8,81,6.40,223,2.15,12.0,7.3,4.7,52
2017-04-25,8.3,16.1,75,1.90,222,3.04,7.0,12.9,6.7,45
2017-04-26,9.2,15.2,75,6.90,226,3.00,11.0,13.7,6.3,33
2017-04-27,9.2,14.5,64,2.80,213,2.46,14.0,10.0,6.3,37
2017-04-28,10.2,17.0,54,0.20,234,3.83,1.0,9.5,5.6,30
2017-04-29,8.9,15.3,63,1.10,221,2.98,3.0,12.5,7.5,33
2017-04-30,10.2,15.4,64,0.70,253,3.01,7.0,13.8,7.5,32
2017-05-01,8.6,13.7,62,0.70,235,2.38,3.0,10.1,6.0,40
2017-05-02,8.9,17.9,70,0.40,205,3.67,2.0,8.7,5.8,36
2017-05-03,12.3,18.1,70,0.90,239,2.25,6.0,7.6,4.3,40
2017-05-04,14.7,24.7,80,0.00,300,3.71,0.0,9.8,5.5,50
2017-05-05,17.4,24.5,80,12.90,303,2.90,12.0,9.4,4.5,50
2017-05-06,11.6,17.5,55,0.80,241,3.72,2.0,10.1,7.1,27
2017-05-07,9.6,17.6,54,0.30,230,4.23,2.0,10.1,6.8,28
2017-05-08,10.5,15.8,57,0.00,236,2.68,0.0,9.2,5.3,33
2017-05-09,11.4,20.8,69,0.00,352,3.81,0.0,9.4,4.3,33
2017-05-10,15.1,21.9,59,0.00,263,3.86,0.0,9.9,5.1,38
2017-05-11,15.5,21.0,70,3.00,342,2.71,6.0,8.9,5.4,48
2017-05-12,10.7,15.0,76,3.80,240,3.08,12.0,11.6,6.2,42
2017-05-13,7.5,13.8,73,0.10,223,3.13,1.0,14.0,6.5,41
2017-05-14,8.7,14.1,72,1.70,219,3.26,14.0,13.3,6.2,43
2017-05-15,8.2,14.1,73,0.20,240,2.83,2.0,13.2,6.0,45
2017-05-16,7.6,10.7,93,16.20,356,1.44,24.0,7.3,4.8,76
2017-05-17,11.4,19.8,71,1.90,65,4.00,1.0,8.9,5.6,43
2017-05-18,12.4,18.2,69,0.40,239,3.95,2.0,10.0,5.0,45
2017-05-19,13.0,21.1,64,0.10,242,4.27,1.0,10.1,5.4,38
2017-05-20,16.2,22.9,61,0.90,227,4.64,4.0,8.2,5.6,34
2017-05-21,16.8,26.4,61,0.00,42,5.32,0.0,9.1,5.6,31
2017-05-22,18.9,28.5,59,0.00,282,5.23,0.0,7.2,4.5,21
2017-05-23,20.9,29.2,55,0.00,202,5.83,0.0,16.3,7.3,22
2017-05-24,13.9,27.2,54,3.50,242,3.59,9.0,16.3,11.0,27
2017-05-25,14.0,20.7,63,2.80,147,4.31,2.0,13.0,6.4,46
2017-05-26,15.7,25.2,59,0.00,245,5.07,0.0,13.5,6.2,31
2017-05-27,18.6,28.8,53,0.00,263,5.43,0.0,9.8,5.1,26
2017-05-28,20.8,29.7,53,0.00,231,5.78,0.0,8.6,5.3,24
2017-05-29,21.6,29.9,50,0.00,229,5.91,0.0,9.0,5.7,25
2017-05-30,22.1,30.0,48,0.00,242,5.28,0.0,10.5,4.3,26
2017-05-31,20.7,29.8,60,0.50,219,4.29,3.0,10.1,5.3,21
2017-06-01,16.7,20.6,75,2.40,218,2.90,5.0,9.7,6.5,60
2017-06-02,16.1,24.7,63,0.10,219,4.30,1.0,15.0,6.8,26
2017-06-03,18.8,24.2,46,0.00,171,4.86,0.0,11.2,5.2,34
2017-06-04,17.4,24.2,50,0.00,249,4.69,0.0,9.5,6.6,28
2017-06-05,15.8,25.2,51,0.00,228,5.51,0.0,12.9,5.7,19
2017-06-06,20.0,26.2,40,0.00,253,5.60,0.0,9.8,4.8,29
2017-06-07,22.2,29.2,43,0.00,300,5.23,0.0,7.3,3.8,30
2017-06-08,23.7,28.9,48,0.10,276,4.29,1.0,17.6,7.2,32
2017-06-09,14.2,20.3,64,1.70,224,4.11,3.0,14.8,6.8,26
2017-06-10,13.2,19.1,60,5.10,198,3.70,4.0,16.6,7.2,29
2017-06-11,14.7,20.9,66,0.10,161,3.88,1.0,10.2,6.1,41
2017-06-12,16.9,25.6,63,0.00,225,4.30,0.0,10.4,5.0,38
2017-06-13,17.9,25.2,51,0.20,244,4.93,1.0,16.1,8.7,35
2017-06-14,15.4,21.9,49,0.00,228,5.25,0.0,15.3,9.8,28
2017-06-15,14.1,20.1,61,0.20,229,2.90,1.0,11.2,6.7,35
2017-06-16,15.6,21.5,69,3.50,244,3.76,13.0,15.9,7.9,29
2017-06-17,16.0,21.8,52,0.00,216,4.82,0.0,14.1,7.3,31
2017-06-18,16.9,22.4,54,0.00,230,3.75,0.0,13.8,8.3,40
2017-06-19,17.5,23.4,70,0.00,248,2.99,0.0,12.1,4.6,48
2017-06-20,19.2,26.5,68,0.10,250,4.75,1.0,17.1,7.3,29
2017-06-21,17.7,24.2,47,0.30,246,5.55,2.0,17.4,10.4,24
2017-06-22,16.7,24.7,50,0.10,317,5.33,1.0,11.2,6.7,20
2017-06-23,17.6,26.0,50,0.00,75,5.96,0.0,13.9,5.7,23
2017-06-24,20.9,30.6,42,0.00,29,6.18,0.0,8.4,4.5,21
2017-06-25,25.8,33.3,32,0.00,285,6.21,0.0,10.2,5.1,18
2017-06-26,25.5,32.4,47,0.10,228,5.38,1.0,15.4,6.2,23
2017-06-27,22.0,31.2,37,0.00,223,6.74,0.0,16.3,7.5,17
2017-06-28,21.1,27.6,43,0.00,256,5.43,0.0,14.5,7.0,21
2017-06-29,18.0,28.9,70,1.30,64,4.87,2.0,10.0,4.7,28
2017-06-30,23.3,31.9,49,0.00,246,6.12,0.0,10.5,5.5,23
2017-07-01,24.7,32.4,41,0.00,231,6.49,0.0,9.9,6.9,21
2017-07-02,23.7,33.1,38,0.00,235,7.02,0.0,12.8,7.7,20
2017-07-03,22.6,32.5,44,0.00,238,6.79,0.0,15.1,9.4,20
2017-07-04,21.3,31.3,36,0.00,227,6.55,0.0,12.5,7.0,16
2017-07-05,23.7,34.1,28,0.00,236,6.98,0.0,11.7,6.4,13
2017-07-06,26.3,35.4,34,0.00,232,6.88,0.0,10.8,5.7,15
2017-07-07,27.7,35.7,32,0.00,233,6.53,0.0,14.4,6.3,15
2017-07-08,25.4,34.5,36,0.00,226,6.81,0.0,13.0,6.8,15
2017-07-09,25.7,34.2,33,0.00,236,6.94,0.0,13.0,8.4,16
2017-07-10,24.0,31.2,42,0.00,243,6.50,0.0,15.0,7.0,22
2017-07-11,22.6,29.7,40,0.00,208,6.11,0.0,14.8,7.5,21
2017-07-12,23.5,30.4,39,0.00,208,6.40,0.0,15.4,7.3,24
2017-07-13,23.4,30.1,43,0.00,256,6.07,0.0,13.0,7.7,23
2017-07-14,23.0,33.6,38,0.00,259,6.35,0.0,13.1,6.4,12
2017-07-15,25.7,33.4,36,0.00,252,6.71,0.0,14.5,7.5,13
2017-07-16,20.8,31.2,42,0.00,242,6.31,0.0,17.7,10.1,22
2017-07-17,19.2,26.5,44,0.00,300,5.71,0.0,10.5,7.0,22
2017-07-18,20.9,31.0,42,0.00,14,5.72,0.0,10.7,4.8,15
2017-07-19,23.3,31.1,40,0.00,227,6.04,0.0,9.0,6.5,17
2017-07-20,22.7,31.3,40,0.00,246,5.36,0.0,14.5,8.7,20
2017-07-21,19.3,27.2,50,0.00,220,5.23,0.0,14.8,7.3,25
2017-07-22,22.2,30.8,48,0.20,231,4.27,1.0,11.8,6.1,28
2017-07-23,24.1,31.1,55,0.00,263,5.73,0.0,16.2,8.3,23
2017-07-24,20.5,29.1,43,0.00,327,5.94,0.0,16.9,8.0,19
2017-07-25,20.8,30.4,50,0.00,66,5.50,0.0,11.9,5.1,21
2017-07-26,24.7,34.9,41,0.00,228,6.02,0.0,10.0,5.3,17
2017-07-27,25.7,33.7,37,0.00,240,6.46,0.0,13.0,7.8,20
2017-07-28,23.3,32.8,39,0.00,223,6.23,0.0,13.8,7.3,17
2017-07-29,24.8,35.1,32,0.00,227,6.61,0.0,11.6,7.1,13
2017-07-30,25.4,34.9,33,0.00,243,6.41,0.0,15.6,7.6,14
2017-07-31,24.2,32.8,34,0.00,225,6.49,0.0,11.2,7.8,13
2017-08-01,27.0,34.0,32,0.00,65,6.47,0.0,12.3,7.0,19
2017-08-02,26.9,34.3,30,0.00,22,6.43,0.0,8.9,6.5,15
2017-08-03,26.2,36.3,43,0.00,99,6.09,0.0,10.6,4.8,14
2017-08-04,27.5,35.5,34,0.00,316,6.26,0.0,9.2,6.1,15
2017-08-05,26.7,33.8,39,0.00,349,6.36,0.0,11.2,7.3,16
2017-08-06,25.9,35.1,44,0.00,74,5.58,0.0,9.5,4.3,15
2017-08-07,27.1,35.0,44,0.00,344,5.22,0.0,9.4,5.2,16
2017-08-08,26.3,35.3,51,0.00,81,5.84,0.0,12.1,5.7,18
2017-08-09,26.4,35.5,48,0.00,96,5.81,0.0,13.0,5.0,17
2017-08-10,26.9,35.8,47,0.00,58,5.22,0.0,9.2,4.0,19
2017-08-11,27.6,37.1,46,0.00,241,5.64,0.0,9.7,5.5,13
2017-08-12,27.2,36.4,43,0.00,222,5.60,0.0,15.1,6.9,15
2017-08-13,23.1,32.2,54,1.80,226,3.95,5.0,15.0,7.2,25
2017-08-14,18.8,26.2,51,0.00,211,4.39,0.0,15.3,7.3,25
2017-08-15,19.0,27.2,58,0.00,31,4.50,0.0,12.2,4.7,26
2017-08-16,21.5,30.0,52,0.00,239,5.01,0.0,15.2,7.4,26
2017-08-17,22.3,31.1,50,0.00,214,5.23,0.0,14.5,7.2,24
2017-08-18,22.7,31.8,49,0.00,242,5.27,0.0,17.3,8.9,21
2017-08-19,21.0,27.5,48,0.00,248,4.36,0.0,16.5,6.5,21
2017-08-20,20.1,26.6,49,0.00,259,4.03,0.0,15.6,6.5,24
2017-08-21,20.5,29.8,59,0.00,346,3.87,0.0,10.0,4.1,25
2017-08-22,24.3,32.9,58,0.00,288,4.65,0.0,9.4,4.7,18
2017-08-23,24.5,32.6,51,0.00,226,4.85,0.0,10.9,7.0,19
2017-08-24,22.4,32.2,42,0.00,257,4.99,0.0,17.2,9.7,21
2017-08-25,16.7,23.7,55,0.00,272,3.20,0.0,15.1,5.7,25
2017-08-26,19.3,29.4,57,0.00,266,4.09,0.0,8.7,3.9,23
2017-08-27,22.7,33.2,51,0.00,243,4.65,0.0,8.3,5.2,20
2017-08-28,25.0,35.0,50,0.00,249,4.80,0.0,9.7,4.7,16
2017-08-29,27.2,35.6,30,0.00,236,5.41,0.0,10.0,6.0,14
2017-08-30,26.0,34.7,41,0.00,262,5.04,0.0,15.9,6.1,15
2017-08-31,23.0,31.9,44,0.00,240,4.78,0.0,14.1,7.6,16
2017-09-01,22.5,32.6,42,0.00,236,4.92,0.0,10.2,7.5,22
2017-09-02,24.6,34.8,49,0.00,229,5.05,0.0,13.4,7.4,20
2017-09-03,24.8,34.4,49,0.00,223,5.07,0.0,11.6,7.5,21
2017-09-04,24.7,33.0,49,0.00,24,4.67,0.0,10.5,6.5,22
2017-09-05,26.5,34.0,41,0.00,336,3.96,0.0,7.0,3.9,22
2017-09-06,27.0,35.7,56,0.00,342,3.92,0.0,5.4,3.0,23
2017-09-07,26.5,35.4,59,0.00,305,3.95,0.0,6.9,3.8,24
2017-09-08,25.6,33.6,54,0.50,247,3.49,1.0,7.6,5.0,24
2017-09-09,21.0,27.6,67,0.90,262,1.82,4.0,12.3,6.1,42
2017-09-10,18.1,25.2,55,0.00,232,3.51,0.0,13.0,6.6,27
2017-09-11,19.7,29.3,52,0.00,223,4.14,0.0,13.7,7.4,25
2017-09-12,20.5,29.0,55,0.00,258,2.29,0.0,9.4,5.9,28
2017-09-13,18.2,25.8,46,0.00,302,3.57,0.0,11.6,6.7,21
2017-09-14,15.2,20.9,51,0.00,12,3.66,0.0,14.7,8.9,21
2017-09-15,14.6,21.0,54,0.00,25,3.41,0.0,10.2,7.0,23
2017-09-16,16.9,21.2,42,0.00,227,3.41,0.0,13.1,6.3,22
2017-09-17,15.1,20.6,45,0.00,227,2.99,0.0,13.7,7.4,29
2017-09-18,14.1,18.6,56,2.30,202,2.82,6.0,17.8,6.5,31
2017-09-19,11.2,17.2,61,0.00,243,2.41,0.0,9.4,5.3,29
2017-09-20,11.3,17.7,61,0.30,249,2.35,2.0,13.0,5.7,24
2017-09-21,12.1,15.7,67,2.50,25,1.97,12.0,11.9,5.4,39
2017-09-22,13.5,18.5,62,0.00,12,2.42,0.0,9.8,6.6,39
2017-09-23,14.0,17.7,63,0.00,221,1.44,0.0,7.8,4.7,41
2017-09-24,14.2,19.9,71,0.00,137,1.96,0.0,10.2,4.5,46
2017-09-25,15.4,19.7,74,0.50,237,1.75,5.0,8.4,4.7,55
2017-09-26,16.0,23.0,74,0.10,326,2.42,1.0,7.2,4.6,43
2017-09-27,16.4,24.8,77,0.00,4,2.62,0.0,6.1,3.4,37
2017-09-28,19.7,24.9,62,0.00,320,2.76,0.0,8.6,4.9,34
2017-09-29,20.2,25.7,51,0.10,273,2.74,1.0,14.2,5.0,29
2017-09-30,14.1,20.1,66,2.60,248,2.22,8.0,13.1,7.2,34
2017-10-01,11.6,16.2,60,0.00,272,1.92,0.0,8.9,5.3,36
2017-10-02,11.2,15.6,55,0.00,4,2.28,0.0,15.2,8.4,31
2017-10-03,9.8,15.9,65,0.00,11,2.23,0.0,13.9,7.2,38
2017-10-04,10.0,17.6,75,0.00,22,2.14,0.0,8.4,5.3,34
2017-10-05,11.9,19.6,68,0.00,344,2.07,0.0,4.8,3.0,29
2017-10-06,12.6,18.9,60,0.10,250,1.63,1.0,13.6,7.7,28
2017-10-07,12.3,15.8,58,0.50,231,2.03,4.0,13.9,9.0,39
2017-10-08,11.0,15.9,55,0.90,311,1.92,5.0,12.1,5.9,28
2017-10-09,9.7,17.3,58,0.00,234,2.16,0.0,13.4,7.6,28
2017-10-10,12.3,15.1,46,0.00,202,1.52,0.0,9.0,5.0,35
2017-10-11,7.4,12.5,66,0.50,239,1.40,1.0,8.6,6.0,40
2017-10-12,6.6,10.9,67,1.90,241,1.36,4.0,8.3,5.5,38
2017-10-13,6.6,9.7,78,11.90,202,1.14,20.0,7.6,4.5,44
2017-10-14,6.4,12.3,62,0.10,228,1.36,1.0,10.9,6.8,42
2017-10-15,9.8,15.5,63,0.00,212,1.68,0.0,10.8,5.7,46
2017-10-16,11.4,14.5,61,0.00,247,1.13,0.0,9.4,6.0,50
2017-10-17,12.7,13.6,70,7.90,229,1.12,9.0,22.6,8.3,43
2017-10-18,7.7,11.1,67,2.80,262,0.84,5.0,10.4,6.5,46
2017-10-19,9.5,11.9,94,23.70,298,0.67,23.0,7.4,4.8,81
2017-10-20,9.5,13.3,80,5.40,244,1.40,13.0,13.3,6.1,39
2017-10-21,6.9,11.9,67,2.20,231,0.82,9.0,10.8,6.9,52
2017-10-22,8.6,13.7,78,12.50,225,1.47,13.0,16.8,7.7,43
2017-10-23,9.8,14.4,60,0.00,212,1.58,0.0,9.7,7.4,46
2017-10-24,8.6,14.5,72,0.00,251,1.44,0.0,8.5,6.3,54
2017-10-25,9.9,15.2,73,1.50,258,0.84,2.0,11.7,6.2,63
2017-10-26,8.0,11.8,81,0.00,301,1.05,0.0,9.1,5.1,66
2017-10-27,7.6,13.9,85,0.00,28,1.24,0.0,9.4,5.2,57
2017-10-28,8.4,14.6,83,0.00,325,1.23,0.0,7.3,5.1,57
2017-10-29,9.7,13.6,79,0.00,354,1.19,0.0,11.8,6.2,52
2017-10-30,5.5,10.6,74,0.00,348,1.14,0.0,8.7,6.5,52
2017-10-31,7.6,18.1,64,0.00,249,1.25,0.0,8.7,6.1,23
2017-11-01,7.7,14.8,78,3.20,244,0.91,17.0,11.5,7.1,31
2017-11-02,4.5,8.5,90,13.40,12,0.24,18.0,13.7,6.8,72
2017-11-03,-0.5,2.9,63,10.20,358,0.77,18.0,12.1,9.1,48
2017-11-04,-3.4,0.2,74,0.00,344,0.58,0.0,9.1,6.9,54
2017-11-05,-1.4,1.7,64,0.20,18,0.80,2.0,13.0,9.2,45
2017-11-06,-2.0,2.0,72,0.00,350,0.74,0.0,10.0,5.7,49
2017-11-07,-1.5,1.7,67,0.00,305,0.44,0.0,8.2,5.3,54
2017-11-08,0.9,3.7,71,1.40,300,0.44,9.0,7.0,4.4,66
2017-11-09,2.7,4.3,80,4.10,319,0.29,12.0,5.8,3.9,74
2017-11-10,3.6,6.0,85,5.10,227,0.67,10.0,6.6,4.3,73
2017-11-11,1.7,4.9,90,0.00,289,0.34,0.0,6.0,4.4,74
2017-11-12,4.2,5.4,89,2.70,339,0.36,13.0,7.1,4.8,86
2017-11-13,5.3,7.2,92,5.80,297,0.51,17.0,9.7,5.9,81
2017-11-14,5.1,8.1,81,0.80,221,0.64,4.0,10.0,6.5,69
2017-11-15,5.9,7.3,83,3.10,278,0.35,14.0,7.8,4.2,65
2017-11-16,3.0,6.6,89,4.00,277,0.58,7.0,9.1,5.1,70
2017-11-17,3.5,7.0,77,0.30,230,0.64,3.0,12.5,6.0,53
2017-11-18,4.4,7.2,64,0.00,220,0.64,0.0,7.4,5.7,51
2017-11-19,4.7,6.7,72,0.40,231,0.63,3.0,10.3,6.1,61
2017-11-20,4.1,4.8,87,8.90,269,0.23,21.0,6.8,3.8,75
2017-11-21,3.9,6.9,92,3.70,305,0.20,9.0,11.6,5.1,79
2017-11-22,5.4,9.7,95,3.10,302,0.31,9.0,9.4,7.3,86
2017-11-23,7.9,9.2,95,20.90,289,0.26,21.0,8.8,5.4,90
2017-11-24,6.5,9.3,73,0.00,214,0.66,0.0,10.5,6.9,66
2017-11-25,6.8,8.2,70,0.00,208,0.49,0.0,8.0,5.0,60
2017-11-26,5.7,8.6,90,8.90,334,0.30,20.0,10.5,6.7,68
2017-11-27,5.1,7.8,74,2.60,214,0.68,3.0,12.8,7.9,56
2017-11-28,4.3,6.8,72,3.90,234,0.36,7.0,9.7,5.1,50
2017-11-29,4.8,7.3,78,0.70,183,0.51,3.0,10.1,5.8,60
2017-11-30,3.8,5.8,76,1.60,232,0.32,8.0,8.2,5.2,61
2017-12-01,2.9,4.5,79,1.00,224,0.35,4.0,10.4,5.7,72
2017-12-02,2.9,4.8,75,1.50,245,0.35,8.0,6.6,3.6,61
2017-12-03,3.2,5.2,73,2.60,346,0.52,10.0,6.2,3.5,36
2017-12-04,1.5,6.2,64,0.00,227,0.53,0.0,6.5,4.2,33
2017-12-05,1.6,8.0,74,0.00,247,0.57,0.0,7.6,6.1,52
2017-12-06,2.1,5.8,87,0.00,3,0.40,0.0,6.8,5.0,70
2017-12-07,0.6,3.8,88,0.00,346,0.31,0.0,6.1,3.8,64
2017-12-08,1.1,5.1,68,0.00,270,0.48,0.0,5.4,4.0,46
2017-12-09,-0.2,4.6,59,0.00,274,0.57,0.0,7.3,5.1,44
2017-12-10,1.4,6.5,55,0.00,269,0.61,0.0,6.9,4.5,37
2017-12-11,1.1,5.1,62,0.00,283,0.57,0.0,7.2,4.9,44
2017-12-12,0.6,6.7,60,0.20,260,0.58,1.0,7.9,5.3,43
2017-12-13,2.7,6.6,79,1.20,12,0.45,4.0,8.7,4.2,61
2017-12-14,1.0,3.6,85,0.00,293,0.26,0.0,7.0,5.4,75
2017-12-15,2.7,5.8,75,0.20,242,0.33,2.0,8.4,5.4,68
2017-12-16,2.5,4.9,81,1.10,216,0.39,6.0,9.3,5.3,54
2017-12-17,3.0,4.8,71,0.50,219,0.29,3.0,8.4,4.9,61
2017-12-18,4.0,6.4,73,6.80,281,0.43,15.0,11.3,6.0,48
2017-12-19,1.1,2.8,81,14.40,6,0.19,16.0,10.6,7.6,62
2017-12-20,-1.1,2.3,71,4.40,342,0.43,13.0,8.3,6.1,47
2017-12-21,-4.0,2.7,78,0.00,282,0.36,0.0,9.2,6.7,52
2017-12-22,-0.6,1.4,64,1.20,322,0.45,10.0,7.4,6.1,48
2017-12-23,-4.3,-1.8,56,0.00,324,0.51,0.0,8.9,6.4,40
2017-12-24,-5.7,-2.6,70,0.00,339,0.30,0.0,6.4,4.2,48
2017-12-25,-4.6,-2.5,63,0.30,34,0.38,3.0,6.7,4.5,54
2017-12-26,-7.1,-2.0,70,0.00,319,0.37,0.0,7.2,5.3,40
2017-12-27,-3.5,1.9,67,1.20,273,0.30,8.0,6.3,4.2,53
2017-12-28,-0.8,2.0,74,6.80,330,0.26,20.0,8.3,5.3,58
2017-12-29,0.3,2.4,81,6.80,355,0.24,14.0,8.2,5.7,70
2017-12-30,-2.6,-0.2,77,11.80,16,0.32,18.0,10.3,6.0,64
2017-12-31,-9.8,-5.4,85,0.00,357,0.27,0.0,9.2,8.1,65
2018-01-01,-9.4,-5.2,87,0.00,359,0.29,0.0,9.4,7.4,68
2018-01-02,-7.5,-1.4,81,0.00,8,0.23,0.0,7.2,5.2,63
2018-01-03,-2.7,0.1,81,0.00,335,0.28,0.0,4.9,3.9,72
2018-01-04,-1.0,1.8,86,0.00,319,0.26,0.0,4.6,3.8,74
2018-01-05,0.3,1.8,86,2.70,281,0.25,11.0,3.9,3.3,82
2018-01-06,2.1,4.7,87,1.80,254,0.30,5.0,6.4,5.1,78
2018-01-07,2.5,5.2,82,1.70,245,0.29,13.0,8.0,5.2,72
2018-01-08,2.4,3.4,86,0.30,282,0.29,3.0,6.5,4.2,79
2018-01-09,2.9,4.9,91,5.10,318,0.38,15.0,6.9,4.7,79
2018-01-10,2.6,4.9,81,0.00,214,0.49,0.0,9.1,6.0,61
2018-01-11,-1.5,4.2,74,1.10,346,0.37,3.0,10.5,7.0,54
2018-01-12,-1.9,2.3,79,2.20,351,0.26,10.0,8.3,5.2,72
2018-01-13,1.4,6.4,87,2.60,293,0.43,12.0,4.9,2.6,68
2018-01-14,2.7,5.5,86,0.00,334,0.44,0.0,5.3,3.6,71
2018-01-15,2.4,5.2,89,0.00,295,0.50,0.0,7.4,5.6,76
2018-01-16,2.6,5.3,88,7.20,286,0.22,10.0,7.3,4.3,73
2018-01-17,0.7,4.0,90,1.40,323,0.27,7.0,8.9,6.6,85
2018-01-18,3.7,6.4,88,6.10,318,0.58,17.0,9.8,6.1,66
2018-01-19,1.6,6.2,77,0.50,249,0.56,3.0,6.8,4.9,52
2018-01-20,0.7,4.0,81,0.00,245,0.56,0.0,8.0,6.0,71
2018-01-21,2.4,4.1,76,0.50,240,0.36,5.0,8.4,6.2,63
2018-01-22,1.6,4.2,81,1.30,241,0.51,10.0,8.5,5.8,70
2018-01-23,-0.3,2.8,82,2.10,311,0.35,5.0,9.5,6.4,69
2018-01-24,1.5,2.7,91,9.30,345,0.28,19.0,7.8,5.5,86
2018-01-25,1.5,2.9,88,2.80,276,0.45,11.0,7.2,4.9,66
2018-01-26,0.9,3.8,74,1.30,232,0.63,5.0,7.2,5.0,56
2018-01-27,1.4,5.9,75,5.10,322,0.44,15.0,8.9,6.0,57
2018-01-28,2.6,6.0,80,5.80,308,0.37,15.0,9.1,5.5,61
2018-01-29,3.4,5.9,86,6.50,305,0.41,10.0,8.5,5.2,79
2018-01-30,3.5,6.2,72,5.50,214,0.77,7.0,10.5,6.8,58
2018-01-31,1.1,5.1,74,0.00,235,0.72,0.0,8.9,6.0,55
2018-02-01,1.4,5.7,76,4.80,271,0.67,9.0,8.6,5.7,47
2018-02-02,3.4,6.1,83,6.40,235,0.49,14.0,6.1,4.0,76
2018-02-03,6.6,7.8,75,1.30,194,0.66,5.0,9.8,7.3,68
2018-02-04,4.5,10.6,82,7.80,359,0.53,20.0,6.8,4.9,56
2018-02-05,4.3,6.7,86,5.20,81,0.43,18.0,7.9,4.9,75
2018-02-06,3.2,4.9,78,0.80,51,0.60,8.0,7.3,5.2,68
2018-02-07,5.3,7.9,77,1.60,172,0.56,11.0,8.0,6.5,67
2018-02-08,7.3,10.1,71,0.50,207,0.98,2.0,14.5,8.5,61
2018-02-09,-1.6,5.7,61,0.90,331,0.95,3.0,9.6,6.6,47
2018-02-10,-5.9,0.5,66,0.00,336,0.85,0.0,9.3,6.6,51
2018-02-11,-5.4,0.7,78,0.00,335,0.82,0.0,9.8,6.9,42
2018-02-12,-7.5,-1.1,72,0.00,346,0.83,0.0,10.1,7.7,52
2018-02-13,-2.6,2.8,71,0.00,260,0.72,0.0,7.8,4.2,47
2018-02-14,2.2,5.3,70,1.00,269,0.91,7.0,6.7,4.3,49
2018-02-15,-0.4,5.0,59,0.50,254,1.07,1.0,10.4,5.9,40
2018-02-16,1.5,5.4,62,2.00,228,0.92,11.0,9.9,6.1,36
2018-02-17,-0.7,4.7,78,11.50,333,0.47,13.0,10.4,6.8,46
2018-02-18,-2.2,0.7,65,1.50,17,0.78,10.0,14.5,7.8,45
2018-02-19,-9.3,-4.5,60,0.00,338,0.85,0.0,12.2,7.3,43
2018-02-20,-8.4,-4.3,80,0.00,332,0.71,0.0,8.9,4.4,33
2018-02-21,-9.8,-5.3,79,0.10,291,0.59,1.0,8.9,4.9,55
2018-02-22,-7.6,-3.7,71,0.50,355,0.83,5.0,7.9,5.1,53
2018-02-23,-8.7,-3.6,78,0.90,275,0.56,3.0,7.8,5.1,47
2018-02-24,-4.3,1.6,71,2.20,261,0.93,8.0,7.4,4.4,59
2018-02-25,-0.5,4.4,65,2.10,208,1.12,9.0,11.0,7.3,41
2018-02-26,-1.1,4.0,68,0.80,203,1.27,5.0,8.2,6.1,44
2018-02-27,-0.5,5.6,61,0.50,198,1.37,4.0,10.9,7.8,52
2018-02-28,1.3,4.9,65,0.00,209,1.21,0.0,8.6,4.7,50
2018-03-01,2.5,4.7,76,1.30,337,0.82,9.0,9.4,6.0,56
2018-03-02,2.8,4.7,85,4.20,11,0.72,18.0,6.5,4.3,73
2018-03-03,1.7,3.5,79,7.80,307,0.99,15.0,8.3,4.4,52
2018-03-04,-4.7,2.1,77,0.00,360,1.14,0.0,8.2,4.5,56
2018-03-05,-3.0,4.9,79,0.10,264,1.09,1.0,7.0,3.3,60
2018-03-06,-0.7,6.6,72,0.00,310,1.40,0.0,8.7,4.7,37
2018-03-07,-0.7,7.4,64,0.00,326,1.61,0.0,8.7,3.7,34
2018-03-08,2.5,5.7,73,2.30,306,1.13,10.0,5.9,4.4,53
2018-03-09,3.8,6.5,74,3.80,255,1.20,16.0,10.7,5.2,47
2018-03-10,-0.8,7.9,67,0.00,304,1.74,0.0,9.4,4.5,29
2018-03-11,2.8,10.6,53,0.00,335,1.99,0.0,5.5,4.1,32
2018-03-12,5.9,10.9,49,0.00,329,2.18,0.0,6.9,4.1,32
2018-03-13,6.2,12.6,54,0.00,331,2.20,0.0,10.0,7.0,35
2018-03-14,7.0,12.4,67,5.80,280,1.18,12.0,9.0,5.8,35
2018-03-15,2.7,7.6,78,0.10,267,1.56,1.0,8.6,6.0,58
2018-03-16,3.0,8.6,75,0.00,315,1.88,0.0,7.6,4.5,52
2018-03-17,2.4,9.1,77,0.00,18,1.81,0.0,7.5,3.5,54
2018-03-18,4.2,11.0,68,0.00,268,1.95,0.0,9.3,6.2,38
2018-03-19,4.7,11.7,71,0.00,228,1.82,0.0,9.3,6.5,34
2018-03-20,4.1,9.2,72,0.00,229,1.73,0.0,9.4,6.2,52
2018-03-21,5.3,11.9,73,0.00,322,1.97,0.0,6.2,3.9,50
2018-03-22,7.0,11.0,77,2.10,332,1.20,8.0,8.6,5.2,57
2018-03-23,2.2,7.6,81,10.10,253,0.92,10.0,8.6,4.7,66
2018-03-24,3.1,8.6,74,0.90,317,1.48,5.0,6.9,4.5,45
2018-03-25,2.9,9.6,67,0.90,234,2.19,2.0,13.8,6.5,29
2018-03-26,3.9,7.9,59,1.90,212,1.53,12.0,13.7,7.9,34
2018-03-27,6.7,12.2,71,1.80,207,1.70,8.0,15.9,8.9,52
2018-03-28,8.6,12.9,57,0.00,258,2.26,0.0,14.8,8.9,33
2018-03-29,7.5,12.7,60,0.00,226,2.14,0.0,13.3,8.0,43
2018-03-30,9.1,14.0,61,1.50,232,2.52,4.0,17.7,9.2,35
2018-03-31,5.0,9.7,53,0.10,356,2.36,1.0,8.9,6.0,38
2018-04-01,3.7,10.3,71,4.00,289,1.90,6.0,11.4,5.3,34
2018-04-02,3.6,8.8,54,0.50,256,2.15,5.0,12.8,5.9,27
2018-04-03,3.8,8.3,61,0.30,224,1.82,3.0,12.2,7.1,35
2018-04-04,4.9,12.3,62,0.00,227,2.40,0.0,11.9,6.7,34
2018-04-05,5.9,10.2,83,7.80,27,0.87,19.0,7.3,4.7,53
2018-04-06,5.0,9.2,96,9.80,326,0.74,22.0,5.6,3.2,80
2018-04-07,6.2,8.4,92,8.40,334,0.70,10.0,8.4,4.4,84
2018-04-08,6.5,13.3,83,3.70,231,2.21,8.0,11.3,6.1,55
2018-04-09,7.9,15.5,72,0.00,213,2.66,0.0,12.7,6.9,44
2018-04-10,9.8,14.4,66,0.70,260,1.94,4.0,9.6,6.4,53
2018-04-11,7.1,14.3,70,0.70,243,2.96,1.0,12.7,6.3,37
2018-04-12,7.6,12.2,68,1.60,227,1.76,10.0,13.7,6.9,33
2018-04-13,5.4,11.2,63,0.40,229,1.58,2.0,15.1,8.1,35
2018-04-14,7.0,11.8,79,3.50,249,1.86,14.0,9.0,5.2,59
2018-04-15,6.6,10.9,88,11.80,45,1.56,18.0,6.8,4.1,62
2018-04-16,7.8,10.5,77,5.00,17,1.39,14.0,11.2,5.7,55
2018-04-17,6.6,12.6,80,3.20,213,2.46,16.0,18.2,8.2,28
2018-04-18,6.4,12.7,61,0.00,239,2.92,0.0,13.7,5.9,34
2018-04-19,7.5,15.7,68,0.00,150,3.11,0.0,9.4,3.4,35
2018-04-20,9.0,17.1,65,0.00,232,2.96,0.0,11.0,6.7,36
2018-04-21,10.4,15.4,55,0.20,247,3.29,2.0,17.4,8.8,30
2018-04-22,7.8,13.7,57,0.10,216,3.49,1.0,14.8,7.4,31
2018-04-23,7.3,17.1,64,0.00,53,3.70,0.0,10.4,4.1,30
2018-04-24,12.8,20.2,50,0.00,290,3.84,0.0,11.7,5.1,30
2018-04-25,13.9,20.8,53,0.00,253,4.34,0.0,11.6,6.0,31
2018-04-26,12.6,23.3,62,0.00,47,4.28,0.0,8.8,3.4,31
2018-04-27,15.3,25.7,59,0.00,14,4.53,0.0,5.7,3.6,27
2018-04-28,13.9,24.7,68,1.00,247,2.11,4.0,10.8,6.7,37
2018-04-29,11.5,15.7,69,0.80,251,2.04,7.0,8.6,4.9,44
2018-04-30,11.6,19.1,64,0.20,9,3.38,2.0,8.9,4.8,31
2018-05-01,13.1,18.7,54,0.30,292,3.75,3.0,10.6,6.9,30
2018-05-02,14.0,24.1,57,0.00,274,4.44,0.0,8.9,5.5,27
2018-05-03,15.3,24.0,60,0.00,212,4.42,0.0,11.7,6.5,37
2018-05-04,16.5,23.3,61,0.00,249,4.21,0.0,11.6,7.3,33
2018-05-05,14.9,22.2,59,0.00,301,4.58,0.0,10.5,7.1,36
2018-05-06,16.7,24.6,55,0.00,11,4.57,0.0,8.2,4.4,36
2018-05-07,17.5,23.7,62,0.00,229,4.07,0.0,13.4,6.2,39
2018-05-08,16.1,24.5,59,0.00,321,4.67,0.0,8.1,5.5,35
2018-05-09,17.5,24.4,66,6.10,45,3.45,9.0,9.3,5.4,41
2018-05-10,12.6,18.8,69,3.40,220,2.67,4.0,8.2,5.3,51
2018-05-11,14.7,22.0,63,0.40,86,3.95,4.0,12.2,5.9,37
2018-05-12,16.9,25.4,54,0.00,64,5.07,0.0,12.8,7.2,36
2018-05-13,19.6,27.2,46,0.00,53,5.60,0.0,9.3,6.6,25
2018-05-14,19.7,28.9,52,0.00,223,5.32,0.0,10.5,4.9,27
2018-05-15,20.4,29.5,52,0.00,207,5.44,0.0,12.1,6.7,27
2018-05-16,21.2,28.7,52,0.00,212,5.23,0.0,9.7,6.2,30
2018-05-17,19.4,26.7,61,5.30,245,4.26,4.0,13.7,6.1,38
2018-05-18,16.8,20.9,83,6.90,39,3.03,12.0,7.3,4.8,58
2018-05-19,16.7,20.6,66,0.20,218,3.45,2.0,14.2,6.3,49
2018-05-20,16.4,22.8,69,1.00,231,3.91,1.0,13.2,4.2,45
2018-05-21,17.3,25.8,61,0.00,252,4.80,0.0,7.6,5.0,33
2018-05-22,19.9,29.7,53,0.00,311,5.32,0.0,6.1,3.6,22
2018-05-23,21.8,29.4,47,0.00,232,5.31,0.0,11.1,4.8,28
2018-05-24,21.2,28.1,53,0.00,222,5.52,0.0,12.6,8.0,28
2018-05-25,19.7,27.8,49,0.00,236,5.83,0.0,13.3,8.0,28
2018-05-26,18.0,25.8,41,0.00,235,5.84,0.0,15.3,8.0,24
2018-05-27,17.2,27.8,52,0.00,219,5.53,0.0,13.7,7.1,29
2018-05-28,19.3,27.6,46,0.00,261,6.00,0.0,16.0,8.2,22
2018-05-29,16.3,23.4,49,0.00,231,4.39,0.0,14.6,7.8,22
2018-05-30,14.2,20.6,45,0.10,198,4.52,1.0,11.6,7.4,27
2018-05-31,13.8,20.8,54,0.00,21,3.86,0.0,8.5,4.8,24
2018-06-01,16.1,24.1,45,0.00,238,5.17,0.0,19.3,9.4,20
2018-06-02,16.4,23.9,48,0.00,228,5.38,0.0,14.9,8.2,25
2018-06-03,16.7,22.5,58,1.60,283,2.88,4.0,11.4,4.3,31
2018-06-04,13.9,19.5,67,3.90,224,4.06,7.0,15.1,7.1,23
2018-06-05,13.1,20.4,50,0.00,235,4.18,0.0,12.1,6.4,24
2018-06-06,15.6,26.0,51,0.00,234,5.31,0.0,10.3,7.2,23
2018-06-07,19.3,26.6,50,0.00,231,4.89,0.0,13.0,6.1,25
2018-06-08,18.2,24.2,54,0.10,228,4.11,1.0,14.8,7.2,34
2018-06-09,16.3,20.4,67,4.60,233,3.24,14.0,14.8,6.4,35
2018-06-10,12.9,17.5,54,0.30,222,3.51,3.0,12.7,8.7,27
2018-06-11,13.1,19.3,48,0.70,225,4.77,3.0,15.0,9.4,25
2018-06-12,13.4,21.1,52,0.00,225,4.72,0.0,13.6,7.8,23
2018-06-13,16.0,22.5,51,0.10,234,3.50,1.0,16.6,5.3,28
2018-06-14,14.5,21.2,58,0.70,212,3.31,6.0,10.3,6.8,36
2018-06-15,14.8,20.7,66,1.80,38,3.42,4.0,10.2,5.1,38
2018-06-16,17.4,25.2,63,0.50,22,4.47,3.0,14.0,7.3,30
2018-06-17,19.6,29.0,55,0.00,37,5.72,0.0,11.1,5.4,18
2018-06-18,21.6,31.8,44,0.00,54,6.41,0.0,14.3,5.2,15
2018-06-19,25.1,31.7,39,0.00,212,6.42,0.0,9.4,6.3,14
2018-06-20,24.8,32.8,45,0.00,215,6.28,0.0,10.7,6.0,20
2018-06-21,24.4,32.3,52,2.30,203,4.58,2.0,14.8,6.4,18
2018-06-22,21.7,27.4,61,1.40,236,4.20,4.0,10.0,5.8,30
2018-06-23,20.8,27.9,51,0.60,234,4.27,3.0,11.3,5.8,31
2018-06-24,21.6,30.3,53,0.00,219,5.53,0.0,14.6,6.6,26
2018-06-25,20.6,29.6,50,5.90,232,5.23,5.0,19.9,8.9,25
2018-06-26,15.7,22.1,48,0.00,237,4.85,0.0,15.1,10.3,27
2018-06-27,16.1,23.6,52,0.00,236,4.78,0.0,14.2,7.6,29
2018-06-28,17.2,22.3,49,0.10,224,3.46,1.0,13.5,6.9,33
2018-06-29,17.3,24.2,55,0.00,235,4.46,0.0,13.6,7.5,31
2018-06-30,17.4,21.8,63,2.50,232,3.37,5.0,17.1,8.0,40
2018-07-01,18.1,22.9,55,0.00,228,4.56,0.0,18.4,10.5,31
2018-07-02,15.4,21.7,57,2.40,244,3.60,8.0,14.4,7.2,29
2018-07-03,16.6,23.2,59,0.60,8,3.68,4.0,8.8,5.0,33
2018-07-04,17.9,26.0,62,0.00,24,4.98,0.0,10.9,4.5,33
2018-07-05,24.1,32.3,42,0.00,5,5.97,0.0,8.3,5.0,27
2018-07-06,24.5,33.5,43,0.00,238,5.49,0.0,10.0,6.0,21
2018-07-07,20.0,26.0,51,0.00,253,4.86,0.0,12.3,8.4,31
2018-07-08,19.6,29.3,51,0.00,274,5.32,0.0,10.2,5.4,20
2018-07-09,22.7,29.9,48,0.00,276,4.30,0.0,5.9,3.7,24
2018-07-10,22.0,30.6,51,2.10,238,4.02,7.0,11.3,6.8,21
2018-07-11,20.7,28.9,58,0.00,172,5.05,0.0,9.7,6.3,28
2018-07-12,23.1,32.4,53,0.00,176,6.05,0.0,10.2,4.9,22
2018-07-13,25.4,34.3,39,0.00,238,6.90,0.0,14.0,7.6,18
2018-07-14,24.5,33.6,30,0.00,312,6.98,0.0,17.3,8.4,16
2018-07-15,23.0,33.9,41,0.00,58,6.09,0.0,9.8,3.8,13
2018-07-16,26.4,35.7,33,0.00,270,6.50,0.0,9.1,5.4,13
2018-07-17,28.1,37.7,31,0.00,216,6.75,0.0,10.9,5.9,9
2018-07-18,26.9,35.6,35,0.00,238,6.62,0.0,17.0,8.6,17
2018-07-19,23.8,32.9,41,0.00,248,6.79,0.0,15.8,8.9,15
2018-07-20,20.5,29.3,42,0.00,254,6.11,0.0,17.3,9.9,20
2018-07-21,19.0,27.2,49,0.00,302,5.00,0.0,13.6,6.4,19
2018-07-22,20.4,29.3,57,0.00,359,5.00,0.0,11.9,6.8,24
2018-07-23,23.5,31.1,49,0.00,45,5.46,0.0,8.7,5.2,23
2018-07-24,24.3,32.4,47,0.00,56,6.22,0.0,12.1,7.1,19
2018-07-25,24.2,33.1,44,0.00,61,6.39,0.0,13.7,6.2,17
2018-07-26,25.1,33.3,39,0.00,86,6.42,0.0,13.7,6.0,16
2018-07-27,25.3,33.8,41,0.00,78,6.40,0.0,11.2,5.8,16
2018-07-28,26.0,34.7,42,0.00,87,6.17,0.0,9.7,5.1,15
2018-07-29,26.8,36.9,38,0.00,80,6.05,0.0,9.1,4.6,11
2018-07-30,28.5,37.8,35,0.00,226,6.22,0.0,10.8,5.7,12
2018-07-31,29.0,37.8,34,0.00,229,5.83,0.0,14.9,5.2,13
2018-08-01,28.2,35.9,37,0.00,239,6.40,0.0,13.0,7.5,12
2018-08-02,25.2,35.5,38,0.00,238,6.53,0.0,17.0,8.8,11
2018-08-03,21.4,29.6,50,0.00,249,4.64,0.0,16.0,7.2,21
2018-08-04,21.2,26.7,55,0.00,264,4.45,0.0,10.0,5.5,31
2018-08-05,22.7,30.4,60,0.00,1,4.70,0.0,7.2,4.6,27
2018-08-06,25.2,34.3,52,0.00,207,5.58,0.0,12.0,6.2,18
2018-08-07,26.2,34.5,34,0.00,198,6.50,0.0,11.5,7.6,18
2018-08-08,26.9,36.4,44,0.00,149,5.77,0.0,11.5,4.7,17
2018-08-09,28.2,38.5,39,0.00,231,6.02,0.0,9.6,5.1,17
2018-08-10,29.0,38.9,38,0.00,255,5.69,0.0,14.2,5.2,15
2018-08-11,28.1,37.6,40,0.30,247,4.89,1.0,17.0,6.8,19
2018-08-12,19.8,24.6,61,2.00,198,3.27,4.0,14.4,7.4,39
2018-08-13,18.6,26.6,74,0.10,57,4.30,1.0,12.6,6.4,34
2018-08-14,21.0,32.1,65,0.00,76,4.84,0.0,9.4,3.7,26
2018-08-15,23.5,33.8,63,0.00,42,5.13,0.0,10.5,5.0,22
2018-08-16,25.0,33.9,48,0.00,231,5.29,0.0,11.3,5.5,20
2018-08-17,24.6,33.8,43,0.00,230,5.53,0.0,10.4,6.6,17
2018-08-18,25.0,33.3,47,0.00,21,5.45,0.0,13.4,7.4,20
2018-08-19,20.9,28.3,56,0.00,64,4.82,0.0,11.9,6.8,26
2018-08-20,23.1,29.7,47,0.00,28,5.19,0.0,14.1,7.8,24
2018-08-21,22.9,31.7,51,0.00,50,4.69,0.0,9.4,3.5,20
2018-08-22,25.3,32.8,47,0.00,229,5.11,0.0,11.9,5.7,19
2018-08-23,22.8,31.8,50,0.00,247,5.08,0.0,14.0,7.9,21
2018-08-24,20.0,28.5,49,0.00,260,3.99,0.0,15.5,7.6,24
2018-08-25,17.6,23.8,58,0.00,253,2.50,0.0,11.0,6.0,27
2018-08-26,16.1,19.6,68,2.10,225,1.76,9.0,9.8,5.6,48
2018-08-27,16.3,23.0,68,1.90,12,3.28,5.0,11.5,6.1,37
2018-08-28,19.6,27.0,54,0.00,173,4.05,0.0,12.7,6.4,33
2018-08-29,18.6,25.3,63,0.20,233,2.34,1.0,10.3,5.7,35
2018-08-30,18.0,23.4,63,0.00,223,3.27,0.0,15.0,7.1,32
2018-08-31,18.1,25.3,55,0.00,234,4.11,0.0,14.1,7.6,28
2018-09-01,18.1,24.5,50,0.00,254,3.46,0.0,14.1,7.6,27
2018-09-02,17.6,26.8,55,0.00,253,3.96,0.0,15.0,7.0,27
2018-09-03,18.4,25.7,54,1.00,227,3.95,3.0,14.8,7.9,28
2018-09-04,14.9,22.0,67,0.00,37,3.62,0.0,12.6,6.4,28
2018-09-05,16.6,26.7,61,0.00,9,3.72,0.0,8.0,4.9,21
2018-09-06,19.6,29.5,58,0.00,346,3.72,0.0,7.6,4.4,19
2018-09-07,21.0,29.7,52,0.00,255,3.81,0.0,10.4,6.4,19
2018-09-08,19.2,27.6,63,0.70,247,3.41,2.0,13.0,6.6,27
2018-09-09,17.5,22.7,56,0.00,230,3.04,0.0,13.0,6.7,32
2018-09-10,16.5,20.9,73,2.90,264,2.85,7.0,15.0,7.2,33
2018-09-11,15.9,21.7,58,0.00,244,3.21,0.0,8.7,5.3,32
2018-09-12,14.4,20.3,68,0.40,230,2.93,3.0,9.0,5.3,39
2018-09-13,13.4,18.3,70,6.40,252,2.37,3.0,9.7,5.7,43
2018-09-14,11.5,15.9,72,3.70,5,1.71,4.0,8.1,4.1,61
2018-09-15,13.2,17.3,75,1.10,348,1.63,6.0,6.3,3.9,60
2018-09-16,12.9,15.2,83,5.10,317,1.41,10.0,7.3,4.4,69
2018-09-17,11.8,16.3,79,2.00,279,2.08,5.0,8.5,4.4,53
2018-09-18,12.1,17.8,80,0.00,29,2.56,0.0,10.5,5.8,48
2018-09-19,12.4,18.5,78,0.00,18,2.17,0.0,8.2,4.2,43
2018-09-20,13.1,18.8,74,1.40,265,2.01,8.0,7.3,4.1,43
2018-09-21,12.8,15.1,82,15.30,324,0.85,17.0,7.7,4.5,68
2018-09-22,13.3,17.3,87,5.50,303,1.45,13.0,6.4,3.3,70
2018-09-23,13.0,18.0,83,2.10,255,1.52,10.0,6.1,4.6,43
2018-09-24,13.3,20.1,70,0.70,298,2.28,2.0,10.5,6.0,36
2018-09-25,13.0,19.4,73,0.00,250,2.50,0.0,8.4,6.1,41
2018-09-26,13.0,20.1,78,0.00,79,2.42,0.0,8.6,3.5,48
2018-09-27,14.2,20.2,83,0.00,1,1.77,0.0,7.1,3.4,52
2018-09-28,13.7,19.0,78,0.00,344,2.22,0.0,8.2,6.4,47
2018-09-29,11.9,17.3,77,0.00,15,2.27,0.0,11.2,6.9,48
2018-09-30,11.0,15.3,80,6.80,316,0.59,13.0,5.4,4.4,63
2018-10-01,9.3,11.2,82,3.90,329,0.63,13.0,7.7,5.8,66
2018-10-02,10.2,11.8,93,15.40,9,0.74,18.0,7.8,4.9,85
2018-10-03,5.6,8.7,60,1.00,353,1.55,1.0,12.9,6.3,47
2018-10-04,7.7,11.9,71,0.00,50,1.77,0.0,12.4,5.7,53
2018-10-05,6.9,11.4,79,0.00,335,1.05,0.0,7.6,3.8,58
2018-10-06,8.8,14.2,81,0.50,35,1.77,5.0,10.1,5.5,55
2018-10-07,8.7,13.9,80,0.00,272,1.25,0.0,7.6,3.5,48
2018-10-08,11.2,12.7,70,1.60,213,0.79,9.0,5.9,3.4,57
2018-10-09,9.7,13.9,89,16.50,14,1.01,18.0,8.7,4.9,61
2018-10-10,10.1,13.9,76,0.20,354,1.26,2.0,7.8,4.9,58
2018-10-11,7.7,12.4,74,0.00,332,1.28,0.0,7.5,5.6,53
2018-10-12,10.2,18.5,73,1.10,278,1.82,2.0,9.7,5.6,37
2018-10-13,9.5,14.7,57,0.00,347,2.09,0.0,11.5,9.4,36
2018-10-14,7.2,12.6,67,0.00,325,1.71,0.0,8.7,6.2,45
2018-10-15,7.7,14.6,79,0.00,318,1.59,0.0,6.6,3.3,50
2018-10-16,8.3,15.5,83,0.00,16,1.60,0.0,5.6,2.8,54
2018-10-17,9.2,16.5,80,0.00,323,1.55,0.0,5.5,4.1,46
2018-10-18,11.1,16.1,64,0.00,277,1.66,0.0,7.0,4.0,42
2018-10-19,11.0,17.1,79,0.00,301,1.53,0.0,5.8,3.3,51
2018-10-20,10.8,16.3,67,0.00,284,1.68,0.0,8.1,5.1,46
2018-10-21,9.1,14.7,85,0.00,356,1.36,0.0,7.4,5.3,58
2018-10-22,9.3,16.6,78,0.00,345,1.47,0.0,6.5,4.9,47
2018-10-23,11.3,17.4,70,0.00,333,1.49,0.0,7.5,4.5,49
2018-10-24,11.3,17.0,75,0.00,259,1.35,0.0,8.3,5.6,53
2018-10-25,10.7,14.8,71,0.00,263,0.85,0.0,8.5,5.5,51
2018-10-26,11.7,16.0,83,4.70,263,0.92,14.0,7.4,4.6,72
2018-10-27,10.0,14.1,65,0.00,243,1.47,0.0,9.4,5.7,48
2018-10-28,8.0,10.2,86,11.00,318,0.61,18.0,9.7,5.3,66
2018-10-29,7.7,12.4,82,0.40,244,0.83,4.0,8.9,6.1,57
2018-10-30,8.5,12.1,74,0.00,204,0.91,0.0,9.3,6.8,52
2018-10-31,8.3,11.5,82,7.50,209,0.61,11.0,7.7,5.6,67
2018-11-01,10.6,12.4,87,5.70,197,0.35,11.0,6.2,4.4,74
2018-11-02,10.5,14.4,88,4.00,216,0.82,8.0,12.3,8.3,63
2018-11-03,10.9,12.7,73,1.50,209,0.79,5.0,11.4,7.1,61
2018-11-04,9.5,13.4,83,4.90,218,0.97,13.0,13.1,7.4,52
2018-11-05,9.3,10.8,73,2.00,195,0.78,8.0,9.4,5.9,64
2018-11-06,7.7,9.4,84,7.60,175,0.53,14.0,6.4,4.9,72
2018-11-07,5.0,7.4,69,1.60,311,0.85,3.0,7.0,4.5,38
2018-11-08,3.4,6.9,53,0.00,331,0.95,0.0,7.6,4.1,41
2018-11-09,3.8,5.8,67,2.50,243,0.42,8.0,6.8,4.1,48
2018-11-10,4.9,8.6,80,0.20,190,0.71,2.0,7.7,4.9,47
2018-11-11,4.1,7.7,72,0.00,277,0.73,0.0,8.4,6.0,56
2018-11-12,3.0,6.2,74,0.00,250,0.48,0.0,6.0,4.5,62
2018-11-13,2.0,6.7,70,0.00,266,0.75,0.0,8.7,6.6,45
2018-11-14,4.3,8.4,69,3.50,273,0.47,8.0,6.6,4.8,57
2018-11-15,6.4,8.4,71,0.00,202,0.55,0.0,7.4,5.9,55
2018-11-16,7.1,9.3,76,2.00,253,0.72,4.0,10.0,6.1,65
2018-11-17,2.7,7.0,78,0.10,4,0.63,1.0,8.4,5.5,68
2018-11-18,2.3,6.1,73,0.00,297,0.58,0.0,6.0,3.1,56
2018-11-19,3.9,5.6,71,0.00,316,0.38,0.0,4.6,3.2,57
2018-11-20,1.7,6.2,68,0.00,287,0.55,0.0,7.1,5.1,52
2018-11-21,1.9,4.5,69,0.10,308,0.46,1.0,7.5,6.1,60
2018-11-22,3.5,6.3,79,2.10,306,0.41,9.0,7.2,5.1,67
2018-11-23,3.7,5.3,89,4.30,245,0.32,12.0,8.4,4.9,77
2018-11-24,5.4,8.0,81,0.40,202,0.56,4.0,8.4,4.3,68
2018-11-25,3.8,6.1,76,0.00,258,0.40,0.0,7.2,5.3,64
2018-11-26,4.0,5.2,81,2.90,269,0.28,13.0,7.1,4.3,75
2018-11-27,4.0,6.0,96,9.00,301,0.28,20.0,7.1,4.8,88
2018-11-28,4.7,7.0,91,0.30,285,0.41,3.0,6.9,4.4,78
2018-11-29,4.8,6.3,87,1.20,340,0.30,8.0,5.8,4.3,79
2018-11-30,4.6,6.2,92,1.60,14,0.27,12.0,7.1,4.5,80
2018-12-01,3.4,5.3,87,0.80,3,0.34,5.0,7.0,4.7,79
2018-12-02,2.2,4.8,77,0.10,350,0.44,1.0,6.3,5.2,60
2018-12-03,0.6,3.4,66,0.00,333,0.50,0.0,6.0,4.4,52
2018-12-04,-0.4,2.8,65,0.00,276,0.48,0.0,6.2,4.6,44
2018-12-05,-1.5,1.8,68,0.00,346,0.51,0.0,8.2,5.9,51
2018-12-06,-1.9,0.2,64,0.00,296,0.32,0.0,5.6,3.6,56
2018-12-07,-2.8,-0.4,66,0.00,273,0.39,0.0,7.2,5.5,52
2018-12-08,-2.5,0.6,71,0.00,268,0.30,0.0,7.2,6.0,63
2018-12-09,-0.1,2.3,77,0.40,315,0.23,3.0,7.9,5.8,69
2018-12-10,2.3,5.8,80,2.60,260,0.46,10.0,6.8,4.6,56
2018-12-11,2.0,3.7,77,4.40,226,0.28,14.0,8.9,5.8,71
2018-12-12,4.0,7.2,69,2.60,225,0.70,6.0,12.4,7.6,40
2018-12-13,4.9,6.1,73,1.00,227,0.44,10.0,9.5,6.6,49
2018-12-14,4.9,6.1,72,0.40,243,0.47,3.0,9.9,6.3,61
2018-12-15,4.0,6.8,67,1.40,206,0.64,2.0,10.7,6.9,53
2018-12-16,3.6,6.0,77,1.40,344,0.29,12.0,10.8,6.6,51
2018-12-17,3.5,6.7,94,2.30,302,0.37,9.0,8.1,5.3,81
2018-12-18,5.1,6.9,85,7.20,217,0.27,18.0,7.6,5.1,71
2018-12-19,5.7,9.3,73,0.10,210,0.62,1.0,13.4,8.3,57
2018-12-20,4.9,7.5,84,3.60,317,0.25,14.0,8.7,3.9,58
2018-12-21,3.6,6.2,68,0.80,218,0.57,5.0,12.1,8.5,47
2018-12-22,-0.3,3.4,68,0.00,278,0.42,0.0,7.2,5.3,46
2018-12-23,1.3,3.2,74,2.00,276,0.28,12.0,5.8,3.9,66
2018-12-24,2.1,4.8,79,0.20,290,0.32,1.0,5.4,2.8,68
2018-12-25,1.4,5.3,82,0.00,346,0.36,0.0,6.4,4.4,60
2018-12-26,1.4,4.0,69,3.10,245,0.25,10.0,6.3,4.3,53
2018-12-27,1.8,4.9,74,1.10,221,0.40,7.0,6.3,3.6,46
2018-12-28,-0.1,3.1,72,1.50,252,0.34,3.0,7.9,6.3,52
2018-12-29,3.1,7.9,79,7.50,248,0.37,22.0,8.7,5.5,65
2018-12-30,3.5,7.0,77,1.90,228,0.39,5.0,14.3,6.3,63
2018-12-31,-0.0,3.4,61,0.00,338,0.58,0.0,10.2,6.4,49
2019-01-01,1.4,4.8,58,0.00,179,0.49,0.0,8.1,4.3,51
2019-01-02,0.4,1.9,80,0.20,248,0.27,2.0,10.7,7.0,73
2019-01-03,2.5,4.7,81,7.90,269,0.31,22.0,9.5,6.8,72
2019-01-04,4.1,8.1,89,3.40,249,0.46,13.0,10.6,5.7,80
2019-01-05,4.3,6.8,79,0.00,312,0.30,0.0,7.0,5.0,74
2019-01-06,3.7,5.8,84,1.30,253,0.45,8.0,10.1,6.4,65
2019-01-07,2.2,5.1,63,0.60,242,0.68,4.0,12.6,7.0,35
2019-01-08,-1.2,1.0,62,0.40,333,0.48,2.0,9.6,6.9,42
2019-01-09,-0.4,2.3,79,3.90,304,0.30,19.0,10.2,6.3,62
2019-01-10,3.3,6.0,89,1.60,301,0.35,6.0,7.7,5.8,77
2019-01-11,3.0,4.2,89,0.00,314,0.26,0.0,8.2,6.2,84
2019-01-12,3.3,5.4,82,0.00,309,0.41,0.0,7.4,5.5,71
2019-01-13,2.5,6.5,74,0.00,319,0.55,0.0,6.9,4.2,56
2019-01-14,1.6,5.4,71,0.00,335,0.44,0.0,5.1,3.3,44
2019-01-15,0.8,4.4,63,0.00,302,0.57,0.0,6.6,3.7,48
2019-01-16,0.1,3.2,72,0.00,317,0.37,0.0,7.2,4.4,59
2019-01-17,1.8,3.2,82,2.80,2,0.23,10.0,5.8,4.5,75
2019-01-18,3.4,6.9,84,1.10,281,0.43,6.0,6.6,4.7,60
2019-01-19,5.1,9.0,77,9.00,258,0.68,18.0,13.8,5.3,52
2019-01-20,2.1,5.2,76,0.00,302,0.57,0.0,11.1,6.6,54
2019-01-21,1.7,6.1,72,0.00,296,0.64,0.0,7.9,5.0,56
2019-01-22,2.1,6.0,65,0.10,233,0.61,1.0,9.8,6.1,51
2019-01-23,2.8,7.8,80,14.50,305,0.63,13.0,5.0,3.6,53
2019-01-24,-0.0,6.6,82,0.10,251,0.61,1.0,9.4,5.7,55
2019-01-25,1.8,6.5,82,0.20,246,0.69,2.0,9.1,6.0,65
2019-01-26,3.2,9.1,78,0.00,251,0.77,0.0,8.7,5.8,47
2019-01-27,4.7,10.8,65,0.00,295,1.04,0.0,13.0,6.6,35
2019-01-28,3.0,7.3,62,0.00,325,1.02,0.0,12.2,6.4,35
2019-01-29,1.0,4.7,76,0.00,351,0.69,0.0,6.5,3.6,48
2019-01-30,0.5,3.3,63,0.00,263,0.71,0.0,5.1,3.4,50
2019-01-31,1.7,4.3,72,0.90,267,0.51,3.0,6.5,4.8,56
2019-02-01,2.5,3.9,76,0.70,273,0.50,7.0,7.9,6.2,73
2019-02-02,3.5,7.0,83,2.20,224,0.50,11.0,6.4,4.8,60
2019-02-03,-3.4,4.4,71,0.00,10,0.43,0.0,10.0,6.9,59
2019-02-04,-11.8,-8.7,65,1.00,11,0.47,10.0,10.1,8.5,53
2019-02-05,-14.8,-7.6,72,0.00,27,0.43,0.0,9.4,7.3,52
2019-02-06,-10.6,-4.8,62,0.00,19,0.64,0.0,8.6,6.6,54
2019-02-07,-7.3,-2.0,79,0.00,286,0.53,0.0,7.9,4.5,56
2019-02-08,-4.8,-2.6,73,1.30,275,0.52,13.0,7.9,5.7,60
2019-02-09,-6.3,-4.1,60,2.30,39,0.76,16.0,16.1,12.7,47
2019-02-10,-12.8,-6.6,76,0.00,5,0.53,0.0,12.0,7.3,55
2019-02-11,-9.5,-5.7,70,1.10,22,0.52,9.0,7.6,5.3,58
2019-02-12,-6.0,-3.0,75,5.60,19,0.38,20.0,7.4,5.7,67
2019-02-13,-6.5,-2.9,79,2.00,10,0.67,9.0,7.4,5.6,63
2019-02-14,-9.0,-1.4,79,0.00,342,0.65,0.0,10.5,6.4,60
2019-02-15,-1.8,1.7,79,3.30,294,0.63,13.0,5.2,4.0,72
2019-02-16,-3.1,2.0,83,0.30,251,0.78,2.0,6.6,4.2,67
2019-02-17,-2.2,2.5,69,0.00,321,0.96,0.0,10.5,6.2,53
2019-02-18,-8.3,-1.3,67,0.00,315,0.87,0.0,9.9,7.2,53
2019-02-19,-5.7,0.7,76,0.30,211,0.65,3.0,7.4,4.0,54
2019-02-20,-2.9,0.8,82,2.60,174,0.79,9.0,5.8,3.3,68
2019-02-21,-3.0,1.0,72,0.00,343,0.93,0.0,9.5,5.3,62
2019-02-22,-4.2,-0.4,75,0.70,265,0.58,4.0,7.9,4.7,64
2019-02-23,-3.1,2.8,76,2.10,263,0.99,6.0,7.3,3.0,48
2019-02-24,-2.5,1.3,72,0.00,7,1.02,0.0,8.0,5.5,53
2019-02-25,-7.9,0.1,70,0.00,350,0.95,0.0,10.4,8.2,48
2019-02-26,-10.4,-3.5,64,0.00,331,0.99,0.0,11.0,8.1,43
2019-02-27,-9.3,-1.0,61,0.10,352,0.83,1.0,9.6,7.1,46
2019-02-28,-3.1,1.9,75,3.20,341,0.76,16.0,6.5,3.6,63
2019-03-01,-4.3,2.0,78,0.70,291,1.14,6.0,8.0,4.8,53
2019-03-02,-5.5,1.9,66,0.00,331,1.11,0.0,10.0,7.1,47
2019-03-03,-9.8,-2.2,66,0.00,353,1.04,0.0,7.9,6.3,41
2019-03-04,-11.0,-3.2,62,0.00,339,1.11,0.0,6.5,5.3,39
2019-03-05,-7.1,1.0,51,0.00,335,1.30,0.0,10.0,6.0,28
2019-03-06,-0.8,4.3,72,0.00,329,1.00,0.0,6.1,4.5,52
2019-03-07,2.0,4.7,78,5.40,223,1.39,15.0,9.5,4.9,47
2019-03-08,-4.8,2.9,75,0.20,251,1.27,2.0,8.6,5.8,50
2019-03-09,-5.1,3.1,73,0.00,2,1.38,0.0,4.7,2.3,43
2019-03-10,-6.2,2.9,73,0.00,263,1.47,0.0,5.1,2.9,47
2019-03-11,-2.8,2.5,66,0.00,255,1.06,0.0,11.2,8.4,57
2019-03-12,-0.8,4.7,80,1.20,278,0.96,8.0,7.9,4.5,67
2019-03-13,0.1,6.5,66,0.00,233,1.78,0.0,9.8,6.1,49
2019-03-14,-0.8,6.2,69,0.00,258,1.60,0.0,8.0,5.0,45
2019-03-15,2.7,7.1,69,0.00,227,1.71,0.0,7.4,5.8,60
2019-03-16,4.2,8.9,61,0.00,273,1.93,0.0,7.6,4.7,46
2019-03-17,5.0,8.6,64,0.00,306,2.00,0.0,7.7,4.4,59
2019-03-18,3.2,15.0,74,0.00,341,2.27,0.0,5.4,3.5,35
2019-03-19,7.0,15.9,57,0.00,327,2.53,0.0,5.6,3.3,28
2019-03-20,9.8,17.2,50,0.00,335,2.85,0.0,6.7,5.1,35
2019-03-21,10.9,18.4,50,0.00,325,2.80,0.0,7.5,3.7,35
2019-03-22,8.9,18.3,62,0.00,270,2.65,0.0,7.8,3.5,37
2019-03-23,9.1,15.5,71,0.00,249,2.24,0.0,8.1,4.9,42
2019-03-24,8.0,15.0,70,0.00,360,1.88,0.0,7.6,4.5,41
2019-03-25,8.3,11.6,86,3.70,298,0.97,12.0,7.9,4.3,66
2019-03-26,7.3,11.3,79,2.30,213,1.57,15.0,13.4,6.8,55
2019-03-27,5.1,13.3,68,0.00,13,2.56,0.0,11.8,6.8,39
2019-03-28,7.2,14.2,58,0.00,3,2.67,0.0,8.4,5.4,38
2019-03-29,6.8,16.5,62,0.00,53,2.81,0.0,6.3,4.0,27
2019-03-30,8.1,16.8,51,0.00,297,2.99,0.0,6.0,3.7,30
2019-03-31,9.0,16.3,61,0.00,247,2.63,0.0,7.8,5.1,38
2019-04-01,7.0,14.6,73,0.00,42,2.72,0.0,7.6,3.2,37
2019-04-02,7.4,16.6,63,0.00,9,3.04,0.0,6.8,3.5,30
2019-04-03,10.1,15.1,56,0.60,322,1.51,4.0,6.9,3.5,41
2019-04-04,7.9,16.4,76,0.20,243,2.57,1.0,5.9,3.9,38
2019-04-05,9.6,14.8,67,0.90,311,1.42,5.0,8.7,4.2,48
2019-04-06,5.8,10.9,83,2.70,231,1.43,8.0,12.5,6.4,64
2019-04-07,6.5,15.3,73,3.30,238,2.31,12.0,15.0,5.9,30
2019-04-08,6.4,13.7,63,0.80,289,2.31,1.0,10.2,6.6,34
2019-04-09,8.3,15.2,77,3.50,345,2.40,14.0,9.8,4.8,41
2019-04-10,9.3,14.4,60,0.30,222,2.15,3.0,13.4,7.5,41
2019-04-11,7.1,11.2,68,2.40,172,2.12,5.0,8.0,5.5,42
2019-04-12,7.3,14.1,72,2.30,265,2.12,9.0,10.5,5.2,31
2019-04-13,6.8,13.2,70,1.30,237,1.59,5.0,12.3,7.0,35
2019-04-14,6.5,12.7,69,2.40,211,2.65,7.0,13.0,8.9,28
2019-04-15,7.0,12.6,53,0.00,205,3.10,0.0,10.5,6.2,35
2019-04-16,9.8,14.8,45,0.00,173,3.01,0.0,12.0,4.2,33
2019-04-17,10.2,16.5,61,0.10,244,3.02,1.0,16.3,8.7,37
2019-04-18,10.5,15.8,70,1.80,277,1.65,11.0,8.6,4.9,42
2019-04-19,11.0,16.6,86,5.30,274,1.74,17.0,13.0,5.4,42
2019-04-20,11.0,16.7,56,0.00,324,3.67,0.0,9.0,6.7,26
2019-04-21,9.0,19.6,56,0.00,337,3.88,0.0,10.2,5.4,29
2019-04-22,10.5,18.1,60,0.00,239,2.62,0.0,14.6,8.1,37
2019-04-23,12.8,17.1,61,0.00,252,2.83,0.0,17.1,7.9,36
2019-04-24,10.4,16.7,55,0.00,245,2.94,0.0,11.2,7.7,30
2019-04-25,8.9,17.3,56,0.00,314,3.64,0.0,8.0,4.4,27
2019-04-26,11.5,18.3,51,0.00,273,3.81,0.0,16.2,5.6,22
2019-04-27,9.4,16.2,44,0.40,271,3.13,2.0,15.3,10.8,24
2019-04-28,7.3,13.7,51,0.00,348,3.41,0.0,12.2,8.0,25
2019-04-29,8.3,13.2,48,0.00,19,3.34,0.0,10.5,5.0,21
2019-04-30,7.6,14.8,50,0.00,353,3.45,0.0,8.3,5.6,23
2019-05-01,9.5,15.6,52,0.80,206,3.17,2.0,13.7,6.1,25
2019-05-02,10.9,15.7,48,0.00,225,3.31,0.0,15.5,9.8,31
2019-05-03,12.8,19.6,57,0.20,201,3.92,2.0,13.7,7.5,34
2019-05-04,14.0,21.4,54,0.00,157,3.54,0.0,12.1,6.5,33
2019-05-05,14.8,21.9,51,0.00,38,4.18,0.0,10.5,6.6,23
2019-05-06,13.6,21.5,53,0.00,83,4.40,0.0,14.2,6.3,26
2019-05-07,15.5,23.4,48,0.00,351,4.38,0.0,11.9,5.9,22
2019-05-08,17.5,22.4,41,0.00,21,4.49,0.0,12.9,6.9,23
2019-05-09,16.5,25.0,44,0.00,31,5.06,0.0,9.6,6.2,20
2019-05-10,18.0,27.6,44,0.00,108,5.33,0.0,11.3,5.8,21
2019-05-11,20.0,29.8,44,0.00,190,5.27,0.0,13.4,6.3,21
2019-05-12,20.7,28.9,40,0.00,219,5.76,0.0,12.7,7.9,18
2019-05-13,19.3,26.5,35,0.00,231,5.29,0.0,13.7,6.8,17
2019-05-14,16.4,24.8,38,0.40,238,3.32,2.0,13.7,6.9,17
2019-05-15,12.3,21.8,76,1.30,280,3.74,4.0,9.0,5.7,30
2019-05-16,15.8,20.7,55,0.40,30,2.37,3.0,8.4,5.3,31
2019-05-17,14.0,16.6,85,22.00,248,1.33,20.0,8.9,4.2,52
2019-05-18,12.6,18.8,59,0.40,235,2.48,3.0,8.7,4.8,46
2019-05-19,15.8,20.2,57,0.00,40,4.10,0.0,8.9,5.3,35
2019-05-20,15.9,20.9,49,0.20,217,4.46,2.0,7.7,4.2,28
2019-05-21,14.9,20.1,48,0.00,18,4.19,0.0,10.5,6.6,32
2019-05-22,15.3,23.5,55,0.00,48,4.15,0.0,8.4,4.5,31
2019-05-23,16.8,22.8,57,0.40,39,4.03,1.0,10.9,4.8,30
2019-05-24,16.0,22.5,67,2.20,276,3.94,9.0,9.2,4.6,43
2019-05-25,14.6,20.4,73,3.50,274,2.53,13.0,7.9,4.7,45
2019-05-26,15.0,21.6,72,0.10,34,3.10,1.0,9.3,4.4,39
2019-05-27,17.1,26.6,58,0.00,71,4.97,0.0,7.3,4.2,22
2019-05-28,19.7,29.6,51,0.00,234,5.62,0.0,10.2,5.6,16
2019-05-29,21.4,29.5,53,0.00,222,5.78,0.0,9.8,6.2,15
2019-05-30,22.0,29.5,53,0.10,250,5.37,1.0,10.8,6.2,23
2019-05-31,21.6,29.6,57,1.00,256,5.11,2.0,10.5,5.5,26
2019-06-01,22.3,31.6,38,0.00,236,6.20,0.0,11.5,6.9,17
2019-06-02,22.4,31.5,43,0.00,230,6.28,0.0,12.7,7.3,18
2019-06-03,21.1,29.2,33,0.00,256,6.33,0.0,15.8,10.1,19
2019-06-04,17.7,25.0,39,0.00,241,6.13,0.0,13.4,9.1,15
2019-06-05,17.2,23.8,36,0.00,236,3.80,0.0,13.3,7.5,17
2019-06-06,14.2,20.7,56,0.30,235,3.88,3.0,10.0,5.6,22
2019-06-07,13.6,19.5,44,0.60,237,4.29,2.0,12.4,8.3,21
2019-06-08,13.2,19.0,67,6.80,182,3.32,12.0,10.0,6.3,38
2019-06-09,14.7,22.8,56,0.70,216,4.74,1.0,11.6,6.1,26
2019-06-10,16.3,22.9,56,0.20,215,3.59,2.0,12.6,6.1,32
2019-06-11,19.0,28.1,58,0.00,102,5.25,0.0,13.0,6.8,33
2019-06-12,21.5,31.2,55,0.00,44,5.14,0.0,9.7,3.6,19
2019-06-13,24.7,32.0,47,0.00,236,6.37,0.0,16.9,7.7,20
2019-06-14,22.6,29.8,36,0.00,238,5.95,0.0,16.0,7.7,19
2019-06-15,22.5,29.4,41,0.00,204,5.24,0.0,9.4,6.3,21
2019-06-16,23.7,31.6,43,0.00,216,5.51,0.0,13.0,5.6,19
2019-06-17,23.2,31.7,51,0.10,238,5.46,1.0,12.7,5.9,21
2019-06-18,23.0,31.1,43,0.00,234,6.71,0.0,16.8,10.5,19
2019-06-19,16.3,25.7,53,5.50,238,4.17,7.0,17.3,10.7,21
2019-06-20,13.4,19.0,57,2.10,286,3.21,5.0,16.3,7.9,28
2019-06-21,15.5,26.4,74,2.40,88,4.39,7.0,9.7,4.4,30
2019-06-22,20.0,26.2,49,0.00,245,5.01,0.0,13.9,7.3,25
2019-06-23,17.7,24.0,58,2.10,227,4.08,7.0,14.8,7.0,24
2019-06-24,16.6,22.4,55,1.60,223,4.54,5.0,14.7,7.2,28
2019-06-25,15.9,23.7,67,2.20,4,4.56,3.0,13.2,4.8,33
2019-06-26,17.5,25.2,63,0.40,217,4.43,2.0,9.8,4.8,31
2019-06-27,17.7,23.7,61,2.80,294,3.44,8.0,10.4,4.5,31
2019-06-28,15.1,18.7,73,1.80,215,3.09,8.0,10.1,4.7,49
2019-06-29,14.9,21.9,68,0.00,214,4.13,0.0,10.5,6.0,39
2019-06-30,17.7,26.3,59,0.00,42,5.07,0.0,6.5,3.7,26
2019-07-01,20.3,29.9,52,0.00,243,5.72,0.0,8.4,6.0,20
2019-07-02,19.8,28.9,64,2.60,196,3.69,8.0,12.0,6.4,23
2019-07-03,19.8,28.4,58,0.00,194,5.19,0.0,9.2,6.0,25
2019-07-04,20.8,28.0,56,4.80,207,3.55,5.0,9.2,6.0,22
2019-07-05,17.5,20.8,87,5.00,36,2.38,12.0,4.9,3.5,62
2019-07-06,17.5,22.9,83,14.20,53,3.31,15.0,8.3,3.7,46
2019-07-07,17.5,23.3,68,0.60,237,3.95,3.0,7.6,4.7,39
2019-07-08,18.1,25.8,72,3.40,282,4.51,4.0,6.5,3.9,35
2019-07-09,20.2,28.1,58,0.00,231,5.05,0.0,11.0,6.1,26
2019-07-10,22.0,27.7,57,1.00,215,4.04,4.0,13.4,5.8,30
2019-07-11,19.4,26.4,75,0.30,235,3.82,3.0,7.0,4.5,38
2019-07-12,20.8,26.9,52,0.00,232,4.13,0.0,8.0,4.7,32
2019-07-13,21.1,27.8,53,0.00,228,4.80,0.0,12.0,6.5,32
2019-07-14,21.4,28.0,50,0.00,236,5.43,0.0,14.5,8.1,22
2019-07-15,20.2,26.8,48,0.00,228,5.19,0.0,12.0,7.3,25
2019-07-16,20.1,25.9,58,0.00,223,4.44,0.0,8.8,5.3,30
2019-07-17,19.3,25.9,60,0.50,232,3.06,3.0,15.3,7.2,35
2019-07-18,18.2,23.3,53,0.40,230,5.07,3.0,15.0,10.1,30
2019-07-19,16.7,23.0,55,0.10,237,4.32,1.0,11.3,5.3,32
2019-07-20,17.4,23.8,64,0.10,144,4.20,1.0,9.0,5.8,40
2019-07-21,20.8,29.3,51,0.00,354,5.22,0.0,8.2,4.1,27
2019-07-22,25.3,32.9,41,0.00,331,5.62,0.0,6.0,3.9,22
2019-07-23,24.8,33.3,54,0.00,271,4.74,0.0,9.3,5.3,26
2019-07-24,21.3,28.7,57,2.20,243,5.08,4.0,16.1,9.5,26
2019-07-25,18.7,29.1,53,0.00,227,5.42,0.0,12.9,7.1,30
2019-07-26,22.1,31.3,53,0.00,200,5.65,0.0,11.2,5.9,23
2019-07-27,23.6,31.9,48,0.00,247,5.53,0.0,15.5,9.2,19
2019-07-28,19.8,27.2,55,0.00,260,5.28,0.0,12.0,7.4,29
2019-07-29,21.9,30.7,55,0.00,19,5.24,0.0,8.5,4.0,22
2019-07-30,22.9,31.0,43,0.00,244,5.95,0.0,12.1,8.0,21
2019-07-31,21.9,30.0,51,0.00,238,5.35,0.0,13.7,6.3,24
2019-08-01,23.5,30.8,46,0.00,221,5.52,0.0,10.8,6.6,21
2019-08-02,23.7,31.2,43,1.30,244,5.63,1.0,16.2,8.9,18
2019-08-03,20.7,28.5,47,0.00,245,5.09,0.0,14.9,6.8,19
2019-08-04,20.7,29.9,55,0.00,50,5.44,0.0,12.0,5.3,20
2019-08-05,23.3,33.1,53,0.00,57,5.60,0.0,9.7,4.3,20
2019-08-06,25.5,36.4,43,0.00,198,5.80,0.0,8.7,5.4,12
2019-08-07,26.6,36.6,32,0.00,223,6.63,0.0,11.2,7.4,10
2019-08-08,26.2,36.6,37,0.00,234,6.61,0.0,14.6,7.9,9
2019-08-09,26.2,36.1,40,0.00,219,5.79,0.0,15.9,8.1,9
2019-08-10,23.9,29.6,49,0.10,213,3.80,1.0,10.6,5.1,30
2019-08-11,21.5,27.4,59,0.80,216,3.16,6.0,10.6,6.5,37
2019-08-12,19.6,27.8,69,2.50,181,3.76,6.0,9.2,6.0,27
2019-08-13,21.0,27.9,53,0.00,234,4.42,0.0,11.6,4.9,28
2019-08-14,21.5,29.9,57,0.00,279,4.48,0.0,8.9,5.2,27
2019-08-15,22.8,31.1,52,0.00,208,4.59,0.0,13.0,6.6,21
2019-08-16,22.8,30.4,46,0.20,249,4.23,2.0,13.7,7.6,21
2019-08-17,21.3,27.3,53,0.00,249,3.76,0.0,13.0,6.6,24
2019-08-18,21.7,30.8,51,0.00,229,4.95,0.0,14.6,7.5,21
2019-08-19,22.4,30.1,44,0.00,255,5.41,0.0,15.9,8.5,20
2019-08-20,22.4,33.0,38,0.00,265,5.23,0.0,12.7,6.1,17
2019-08-21,23.6,32.0,44,0.20,263,3.40,2.0,17.3,7.1,15
2019-08-22,20.0,27.2,65,0.00,162,3.95,0.0,11.6,5.8,25
2019-08-23,18.9,26.4,60,4.20,300,2.58,5.0,10.8,5.4,26
2019-08-24,19.0,26.2,60,1.20,245,3.63,1.0,17.7,6.7,27
2019-08-25,19.4,25.5,54,1.00,250,3.91,4.0,15.9,6.3,25
2019-08-26,18.7,26.4,57,0.00,270,4.24,0.0,9.7,6.7,22
2019-08-27,19.3,29.7,58,0.00,22,4.26,0.0,10.1,3.7,23
2019-08-28,22.1,30.2,57,0.00,355,4.67,0.0,11.5,6.0,23
2019-08-29,23.4,33.9,56,0.00,103,4.60,0.0,10.8,4.7,14
2019-08-30,23.5,33.6,55,0.00,218,4.37,0.0,14.5,8.5,13
2019-08-31,23.1,28.3,57,0.70,249,3.75,1.0,13.4,6.3,39
2019-09-01,22.1,28.9,62,0.00,244,3.54,0.0,10.2,4.8,32
2019-09-02,21.8,28.5,56,0.00,205,4.28,0.0,12.9,7.2,29
2019-09-03,21.8,30.6,57,0.00,3,4.01,0.0,8.7,3.8,21
2019-09-04,21.2,29.1,65,0.00,226,4.10,0.0,16.3,6.5,22
2019-09-05,21.5,30.9,56,0.00,305,3.94,0.0,7.1,4.9,22
2019-09-06,24.0,30.0,56,0.00,228,3.99,0.0,12.6,5.7,28
2019-09-07,21.4,28.9,64,0.00,240,3.30,0.0,8.3,5.5,30
2019-09-08,19.5,28.0,79,10.40,249,1.25,11.0,7.3,4.0,35
2019-09-09,16.3,18.2,86,1.80,207,1.45,16.0,5.8,4.3,71
2019-09-10,15.9,19.1,83,3.10,10,1.48,9.0,6.3,3.4,61
2019-09-11,17.2,22.0,72,0.00,218,2.87,0.0,10.9,4.7,48
2019-09-12,17.1,23.4,71,0.00,248,2.47,0.0,13.6,6.3,41
2019-09-13,17.8,23.0,70,2.70,242,2.81,7.0,13.8,7.0,38
2019-09-14,17.5,21.4,66,0.40,222,1.87,3.0,10.7,6.1,44
2019-09-15,15.0,18.2,88,13.90,272,0.84,18.0,6.6,3.1,63
2019-09-16,14.2,18.6,82,3.40,248,2.10,6.0,7.1,4.2,48
2019-09-17,13.1,16.7,77,2.10,239,1.42,5.0,11.4,6.0,58
2019-09-18,13.3,15.1,82,3.70,358,1.07,12.0,6.6,4.6,71
2019-09-19,13.7,19.7,80,0.30,353,2.27,3.0,11.5,5.6,53
2019-09-20,16.6,22.1,65,0.60,267,2.61,4.0,9.8,5.7,33
2019-09-21,15.3,22.3,73,0.00,231,2.80,0.0,10.2,6.1,40
2019-09-22,14.1,21.3,82,1.80,279,1.00,8.0,9.0,5.1,53
2019-09-23,14.4,16.3,85,1.90,225,1.00,8.0,10.1,6.1,63
2019-09-24,15.8,19.7,66,0.00,235,2.28,0.0,14.7,8.0,37
2019-09-25,14.1,19.1,65,0.00,221,2.36,0.0,12.3,7.9,41
2019-09-26,15.3,18.2,64,4.70,231,1.80,6.0,8.2,5.3,34
2019-09-27,10.9,16.6,65,0.80,3,1.58,6.0,9.7,6.1,37
2019-09-28,9.3,11.1,66,6.40,32,1.66,12.0,17.1,12.7,42
2019-09-29,8.2,10.6,52,1.60,35,1.82,14.0,12.1,9.8,42
2019-09-30,7.1,11.4,65,0.00,27,1.60,0.0,7.9,5.7,48
2019-10-01,9.1,14.0,65,0.00,200,2.01,0.0,7.4,4.0,45
2019-10-02,9.6,14.0,65,0.00,238,2.02,0.0,11.1,6.6,50
2019-10-03,10.3,13.9,61,0.20,236,1.55,2.0,6.7,4.3,50
2019-10-04,9.2,14.1,77,0.90,234,1.77,5.0,10.9,6.0,49
2019-10-05,10.8,16.9,71,0.70,231,1.76,3.0,10.9,6.2,35
2019-10-06,9.3,15.7,70,0.00,247,1.86,0.0,8.9,6.4,45
2019-10-07,11.7,14.8,65,1.20,233,1.20,5.0,9.5,6.4,48
2019-10-08,8.8,14.4,77,4.80,291,1.15,15.0,14.6,7.3,49
2019-10-09,4.0,8.7,47,0.10,352,2.03,1.0,13.3,8.0,34
2019-10-10,4.2,9.4,59,0.00,356,1.61,0.0,7.5,4.5,38
2019-10-11,6.2,10.9,54,0.00,285,1.43,0.0,5.0,3.0,34
2019-10-12,6.0,10.9,56,0.00,280,1.22,0.0,7.0,4.9,35
2019-10-13,7.6,10.1,69,4.80,290,0.61,9.0,5.1,3.4,40
2019-10-14,8.5,12.7,82,2.40,285,1.31,10.0,8.2,4.4,54
2019-10-15,8.9,12.7,71,1.00,337,1.06,2.0,8.0,5.7,51
2019-10-16,10.1,14.3,69,2.70,296,1.09,6.0,8.0,4.8,53
2019-10-17,10.6,13.3,76,2.00,210,1.20,8.0,12.4,6.9,58
2019-10-18,8.5,11.8,78,3.30,199,1.25,8.0,12.6,8.1,62
2019-10-19,7.9,10.2,76,0.40,207,1.14,3.0,7.9,4.5,62
2019-10-20,7.4,10.3,74,2.80,206,0.81,5.0,12.6,6.7,55
2019-10-21,7.7,9.6,84,6.30,202,0.58,11.0,8.9,5.5,68
2019-10-22,10.2,14.1,78,2.40,239,1.23,5.0,15.9,7.6,54
2019-10-23,9.3,13.9,68,0.00,258,1.49,0.0,9.3,6.3,41
2019-10-24,9.3,15.8,72,0.00,241,1.28,0.0,9.2,5.1,56
2019-10-25,11.5,16.4,73,3.40,215,1.05,5.0,14.4,7.4,54
2019-10-26,7.8,10.4,62,1.40,340,1.29,6.0,12.9,6.7,38
2019-10-27,4.3,9.9,62,0.00,315,1.33,0.0,9.2,6.5,39
2019-10-28,5.7,8.6,61,1.40,326,1.16,5.0,16.2,7.7,29
2019-10-29,1.7,6.2,40,0.10,73,1.47,1.0,11.8,7.1,18
2019-10-30,0.9,6.2,41,0.00,224,1.29,0.0,8.5,6.4,27
2019-10-31,3.5,11.6,47,0.00,219,1.35,0.0,7.8,5.5,33
2019-11-01,4.3,7.9,77,0.00,307,0.95,0.0,7.2,4.2,49
2019-11-02,6.0,11.3,61,0.00,248,1.16,0.0,6.5,5.1,45
2019-11-03,6.5,12.8,74,0.00,248,0.82,0.0,7.1,5.5,52
2019-11-04,7.5,13.2,83,0.00,238,1.02,0.0,7.1,4.3,59
2019-11-05,6.4,14.1,82,0.00,285,1.04,0.0,8.0,6.0,52
2019-11-06,6.5,11.8,81,0.00,305,0.89,0.0,9.0,5.6,53
2019-11-07,4.6,9.5,75,0.00,311,0.82,0.0,6.1,4.6,46
2019-11-08,5.2,8.3,75,0.00,279,0.54,0.0,6.9,5.5,62
2019-11-09,8.2,12.0,74,0.40,288,0.57,1.0,6.4,2.9,55
2019-11-10,8.4,10.4,81,0.30,289,0.84,2.0,8.6,4.9,51
2019-11-11,3.1,6.6,73,0.00,321,0.60,0.0,10.1,5.4,54
2019-11-12,4.1,6.0,78,7.00,300,0.34,16.0,6.7,4.3,64
2019-11-13,7.7,9.1,83,0.00,209,0.61,0.0,5.4,3.5,72
2019-11-14,4.9,6.4,86,0.00,309,0.39,0.0,6.5,4.6,77
2019-11-15,5.2,6.9,88,2.50,276,0.37,8.0,6.6,5.4,84
2019-11-16,6.5,8.1,82,3.40,209,0.33,5.0,6.8,5.6,67
2019-11-17,7.3,11.9,88,3.00,264,0.55,13.0,6.5,5.3,76
2019-11-18,8.6,11.5,79,0.40,305,0.43,4.0,8.2,4.7,66
2019-11-19,6.4,9.1,88,9.50,15,0.57,17.0,6.8,4.0,59
2019-11-20,3.8,6.4,67,0.00,359,0.80,0.0,9.4,6.7,60
2019-11-21,1.8,6.1,77,0.00,5,0.43,0.0,7.3,4.6,57
2019-11-22,2.4,7.8,70,0.00,265,0.68,0.0,5.9,4.5,40
2019-11-23,4.9,7.1,72,0.40,235,0.33,3.0,7.7,5.0,49
2019-11-24,5.8,8.0,75,0.40,234,0.64,2.0,13.0,7.8,58
2019-11-25,4.1,6.4,68,0.10,223,0.63,1.0,11.5,5.0,50
2019-11-26,1.0,5.4,62,0.00,351,0.60,0.0,9.4,5.7,44
2019-11-27,0.2,1.4,55,0.00,26,0.95,0.0,17.9,11.9,34
2019-11-28,-0.3,1.6,42,0.00,34,1.16,0.0,12.9,9.6,37
2019-11-29,-2.6,0.8,56,0.00,35,0.65,0.0,10.3,6.6,43
2019-11-30,-2.8,1.9,62,0.00,16,0.48,0.0,8.7,5.2,49
2019-12-01,-1.9,-0.6,64,0.50,306,0.31,5.0,6.6,4.8,60
2019-12-02,0.2,3.7,76,0.90,261,0.30,9.0,6.5,4.6,70
2019-12-03,3.3,7.4,82,0.60,245,0.40,6.0,8.2,4.5,63
2019-12-04,4.5,6.7,83,0.90,269,0.28,7.0,7.3,5.8,76
2019-12-05,2.1,5.5,79,0.30,348,0.42,2.0,7.2,5.1,58
2019-12-06,3.5,5.4,83,0.10,285,0.27,1.0,6.2,4.8,75
2019-12-07,4.0,4.8,92,3.20,275,0.19,12.0,5.2,4.0,87
2019-12-08,2.9,5.7,75,2.50,277,0.58,5.0,9.8,5.6,49
2019-12-09,2.9,4.9,65,0.00,32,0.44,0.0,6.2,3.3,47
2019-12-10,0.9,3.1,75,0.00,289,0.32,0.0,5.7,3.9,63
2019-12-11,1.9,4.3,79,1.50,234,0.37,6.0,5.5,4.0,62
2019-12-12,2.0,5.3,80,3.80,260,0.40,10.0,5.4,3.9,60
2019-12-13,2.8,5.1,81,3.50,214,0.36,8.0,8.0,5.2,64
2019-12-14,1.8,4.8,84,0.00,265,0.36,0.0,6.1,3.7,70
2019-12-15,1.8,5.4,78,1.40,251,0.48,11.0,8.7,4.7,45
2019-12-16,0.2,1.5,65,0.70,221,0.36,5.0,9.3,5.9,52
2019-12-17,0.5,3.0,77,0.10,262,0.33,1.0,9.2,6.5,64
2019-12-18,1.1,3.1,68,0.00,268,0.42,0.0,8.3,6.2,52
2019-12-19,1.2,4.9,67,2.10,249,0.39,10.0,6.5,4.7,52
2019-12-20,2.7,4.3,90,23.60,329,0.17,23.0,9.0,4.3,69
2019-12-21,4.7,7.8,91,9.20,346,0.23,23.0,7.0,4.4,79
2019-12-22,0.3,6.7,91,0.00,337,0.31,0.0,8.4,5.8,73
2019-12-23,1.5,2.6,86,2.80,10,0.33,14.0,5.6,4.2,76
2019-12-24,-1.5,2.0,89,0.00,310,0.28,0.0,6.8,4.4,75
2019-12-25,-2.5,1.3,93,0.00,320,0.31,0.0,6.9,4.5,80
2019-12-26,-3.3,-0.5,88,0.00,301,0.28,0.0,8.7,5.9,71
2019-12-27,-0.6,2.3,77,1.10,208,0.31,8.0,8.2,5.7,69
2019-12-28,-0.9,1.8,78,0.00,220,0.31,0.0,7.5,5.7,68
2019-12-29,-0.3,3.3,84,0.90,252,0.32,6.0,7.3,3.6,71
2019-12-30,-0.3,2.0,83,0.00,271,0.24,0.0,6.9,4.3,76
2019-12-31,2.2,3.6,85,7.80,273,0.23,23.0,7.7,5.8,82
2020-01-01,3.6,6.4,86,2.00,219,0.28,12.0,11.0,6.8,75
2020-01-02,4.0,6.9,68,0.40,263,0.62,4.0,12.2,7.5,58
2020-01-03,3.4,6.2,79,5.10,277,0.44,15.0,10.2,5.4,60
2020-01-04,3.7,6.2,71,1.70,241,0.59,7.0,12.7,6.9,58
2020-01-05,1.7,3.5,73,0.60,217,0.39,2.0,10.0,7.0,63
2020-01-06,3.4,4.8,71,7.30,210,0.31,12.0,9.7,4.4,57
2020-01-07,2.3,4.4,89,9.90,303,0.33,19.0,6.3,4.3,83
2020-01-08,3.3,4.8,82,1.90,256,0.39,9.0,9.0,5.5,62
2020-01-09,-3.8,1.8,85,0.40,276,0.42,4.0,8.7,5.8,62
2020-01-10,-2.2,1.7,80,6.10,260,0.21,13.0,8.7,5.7,47
2020-01-11,0.0,2.3,85,5.10,315,0.26,17.0,7.0,3.7,82
2020-01-12,0.6,2.8,76,4.10,264,0.28,14.0,10.4,4.3,60
2020-01-13,-14.0,-5.2,68,2.40,341,0.33,7.0,12.8,8.3,59
2020-01-14,-15.7,-13.1,74,0.00,19,0.24,0.0,10.9,8.9,65
2020-01-15,-12.5,-7.1,72,3.10,11,0.27,13.0,11.0,7.5,68
2020-01-16,-6.1,-2.0,80,4.00,355,0.25,20.0,9.6,5.4,77
2020-01-17,-5.7,1.8,83,0.10,312,0.42,1.0,6.9,4.2,41
2020-01-18,-4.5,-0.7,80,2.50,332,0.24,14.0,9.7,7.0,53
2020-01-19,0.4,2.2,87,1.00,325,0.25,7.0,8.7,5.9,82
2020-01-20,2.3,4.2,92,0.70,318,0.43,5.0,9.5,7.1,80
2020-01-21,1.8,3.0,89,2.70,308,0.24,7.0,7.1,5.2,86
2020-01-22,1.9,5.3,84,1.40,260,0.54,7.0,6.0,4.4,68
2020-01-23,3.1,4.9,88,5.20,291,0.43,16.0,7.6,5.0,74
2020-01-24,3.8,5.6,92,2.90,291,0.53,10.0,6.3,4.4,79
2020-01-25,3.1,5.1,84,0.40,263,0.41,3.0,6.4,4.2,74
2020-01-26,2.8,4.2,87,1.80,324,0.48,5.0,7.0,4.6,77
2020-01-27,2.9,6.6,87,2.30,270,0.71,7.0,6.2,4.0,65
2020-01-28,2.8,5.4,79,3.50,308,0.60,8.0,8.3,4.8,56
2020-01-29,1.6,4.4,87,2.30,287,0.32,8.0,7.8,5.1,77
2020-01-30,2.2,5.2,78,0.00,242,0.60,0.0,8.4,5.7,59
2020-01-31,3.8,6.2,82,5.60,270,0.43,14.0,9.9,5.0,66
2020-02-01,7.3,10.0,74,24.40,239,0.97,19.0,15.1,8.8,47
2020-02-02,-0.7,5.7,67,0.00,235,0.83,0.0,12.5,7.3,50
2020-02-03,-1.6,2.6,67,0.40,260,0.80,3.0,7.3,5.0,24
2020-02-04,-6.3,1.6,81,1.10,265,0.46,6.0,9.6,6.9,57
2020-02-05,1.1,4.3,78,4.60,215,0.38,17.0,8.2,5.1,65
2020-02-06,5.0,8.5,73,1.80,250,0.76,9.0,10.2,6.4,50
2020-02-07,3.1,5.1,75,1.70,339,0.49,10.0,8.9,5.3,56
2020-02-08,1.3,4.0,84,6.60,310,0.54,12.0,7.8,4.6,60
2020-02-09,-1.0,6.1,75,0.00,265,0.84,0.0,8.7,6.5,50
2020-02-10,0.2,5.8,79,0.00,199,0.92,0.0,9.3,7.2,57
2020-02-11,1.8,6.5,76,0.00,233,0.59,0.0,8.0,6.1,67
2020-02-12,3.0,6.6,78,0.00,221,0.95,0.0,10.7,6.7,65
2020-02-13,1.2,4.6,76,0.30,291,0.60,3.0,9.6,4.9,58
2020-02-14,2.0,6.5,79,2.00,203,0.90,10.0,9.1,6.8,54
2020-02-15,3.0,6.1,69,0.10,208,0.69,1.0,10.5,6.0,57
2020-02-16,2.1,5.4,76,2.60,226,0.80,10.0,9.0,6.1,52
2020-02-17,1.5,6.3,69,0.00,213,1.07,0.0,8.2,5.8,29
2020-02-18,-1.8,5.4,79,0.00,261,1.12,0.0,9.1,6.4,34
2020-02-19,-3.4,3.3,82,0.00,313,0.90,0.0,5.5,3.1,52
2020-02-20,-3.0,4.4,76,0.00,298,1.08,0.0,7.9,5.9,54
2020-02-21,-1.5,5.3,68,0.00,277,1.27,0.0,9.7,6.2,42
2020-02-22,2.6,7.8,65,0.60,269,0.80,4.0,6.9,4.6,41
2020-02-23,0.6,6.2,78,4.00,325,0.88,9.0,9.2,5.6,47
2020-02-24,3.1,6.2,70,2.00,237,0.98,9.0,10.4,7.1,51
2020-02-25,-0.6,5.6,74,0.10,295,0.87,1.0,8.2,4.6,54
2020-02-26,3.3,8.1,71,0.30,254,1.13,2.0,9.1,5.1,54
2020-02-27,6.8,9.9,58,0.00,226,1.51,0.0,10.5,5.7,51
2020-02-28,2.8,8.1,78,0.00,261,1.32,0.0,10.1,6.2,60
2020-02-29,3.3,10.0,68,1.40,242,1.25,6.0,10.0,7.4,50
2020-03-01,1.3,6.9,71,0.00,228,1.47,0.0,8.6,6.5,45
2020-03-02,4.5,8.0,64,0.40,210,1.13,3.0,9.2,6.4,55
2020-03-03,7.5,10.1,64,0.00,192,1.61,0.0,9.1,7.0,47
2020-03-04,5.6,10.8,57,0.30,230,1.90,3.0,12.4,10.6,42
2020-03-05,3.3,9.3,61,0.00,287,1.65,0.0,9.4,6.2,44
2020-03-06,5.3,9.2,73,1.20,8,0.99,6.0,10.5,4.6,43
2020-03-07,3.3,5.6,87,4.20,9,0.94,15.0,5.6,2.8,75
2020-03-08,1.9,6.0,70,0.50,269,1.52,1.0,7.9,5.1,37
2020-03-09,0.7,7.4,67,0.00,263,1.72,0.0,9.3,5.1,33
2020-03-10,2.7,8.1,57,0.40,230,1.13,4.0,13.0,6.2,33
2020-03-11,5.8,7.9,57,2.70,241,1.67,5.0,11.5,6.3,34
2020-03-12,3.5,8.4,58,0.20,297,1.83,1.0,10.0,6.2,35
2020-03-13,1.3,6.2,65,2.20,24,0.90,12.0,16.6,8.4,39
2020-03-14,-1.9,0.7,46,1.50,32,1.73,10.0,16.8,13.4,31
2020-03-15,-2.9,5.5,43,0.00,29,1.86,0.0,12.6,8.0,23
2020-03-16,-0.6,8.5,47,0.00,25,2.02,0.0,9.3,5.7,22
2020-03-17,2.3,11.2,50,0.00,38,2.19,0.0,8.0,4.5,27
2020-03-18,3.3,12.2,60,0.00,69,2.30,0.0,10.2,4.1,31
2020-03-19,3.5,12.7,61,0.00,32,2.28,0.0,6.4,2.9,31
2020-03-20,4.8,14.5,57,0.00,77,2.57,0.0,8.8,4.2,24
2020-03-21,6.3,14.6,60,0.00,278,2.64,0.0,13.4,6.2,27
2020-03-22,5.2,12.7,56,0.00,254,2.06,0.0,11.4,5.4,31
2020-03-23,5.5,10.4,63,1.10,252,2.09,2.0,11.1,5.7,40
2020-03-24,4.1,9.9,62,0.60,253,2.02,5.0,7.2,4.9,39
2020-03-25,3.3,9.6,56,3.30,313,2.30,1.0,8.9,5.5,25
2020-03-26,3.3,9.2,61,0.00,247,1.78,0.0,14.1,7.2,30
2020-03-27,6.7,11.1,60,0.00,222,1.83,0.0,14.1,7.5,46
2020-03-28,7.5,11.8,65,0.00,200,1.55,0.0,12.8,6.6,51
2020-03-29,7.0,11.1,82,5.20,247,1.48,12.0,10.6,5.7,58
2020-03-30,5.5,11.4,68,3.50,258,1.87,8.0,16.0,7.7,29
2020-03-31,4.0,9.9,65,2.50,257,2.05,9.0,10.9,5.2,39
2020-04-01,2.0,7.0,52,0.10,337,2.26,1.0,8.1,5.9,31
2020-04-02,0.2,8.2,54,0.00,331,2.37,0.0,9.8,5.4,30
2020-04-03,3.3,7.5,59,2.30,234,1.84,7.0,14.2,7.4,35
2020-04-04,0.9,7.4,52,0.00,335,2.28,0.0,8.3,5.1,35
2020-04-05,2.4,8.7,57,0.00,358,1.95,0.0,7.9,4.5,32
2020-04-06,4.4,13.7,66,0.70,148,2.52,5.0,11.6,4.8,35
2020-04-07,8.8,14.5,50,0.00,228,2.82,0.0,12.8,7.6,35
2020-04-08,7.4,15.4,57,0.00,307,3.05,0.0,9.8,6.6,32
2020-04-09,8.6,19.4,56,0.00,7,3.25,0.0,8.4,3.6,35
2020-04-10,10.8,18.2,61,0.10,292,2.75,1.0,9.1,6.4,38
2020-04-11,8.6,16.7,63,3.00,321,2.68,11.0,15.5,8.8,28
2020-04-12,5.3,11.5,41,0.10,328,3.28,1.0,11.6,7.7,24
2020-04-13,5.9,15.8,45,0.20,295,3.41,1.0,11.8,6.3,22
2020-04-14,9.7,15.7,52,0.00,213,1.98,0.0,9.5,5.6,37
2020-04-15,10.5,14.7,60,0.70,344,3.08,4.0,13.0,8.1,29
2020-04-16,7.0,15.8,63,0.00,103,3.44,0.0,12.1,4.4,30
2020-04-17,9.4,17.1,57,0.10,240,2.60,1.0,9.8,6.3,37
2020-04-18,10.3,16.6,68,0.30,70,2.75,2.0,8.1,4.5,45
2020-04-19,11.2,18.8,64,0.00,213,3.13,0.0,10.8,5.8,36
2020-04-20,11.7,21.1,63,0.00,223,3.79,0.0,9.6,5.5,32
2020-04-21,12.7,20.2,57,0.00,237,3.21,0.0,15.4,9.2,35
2020-04-22,11.7,16.5,61,0.70,206,2.48,4.0,11.0,7.2,40
2020-04-23,9.5,15.6,78,1.80,227,2.48,8.0,16.6,8.1,42
2020-04-24,11.1,16.7,60,0.30,224,3.25,2.0,11.8,6.2,32
2020-04-25,10.3,16.1,67,2.50,255,2.23,5.0,14.6,6.4,40
2020-04-26,10.9,15.3,50,0.00,227,3.03,0.0,13.3,8.1,34
2020-04-27,10.1,15.7,61,2.20,266,2.94,3.0,17.1,7.8,34
2020-04-28,9.8,17.2,55,0.00,228,3.00,0.0,13.2,7.4,25
2020-04-29,11.1,20.8,60,0.00,349,2.93,0.0,8.6,4.6,39
2020-04-30,12.6,17.3,62,0.00,265,3.46,0.0,14.2,7.2,29
2020-05-01,11.3,18.6,56,0.00,227,4.20,0.0,13.7,7.7,29
2020-05-02,12.7,21.4,45,0.10,264,4.00,1.0,13.9,6.3,28
2020-05-03,11.1,18.9,68,9.80,208,3.44,8.0,13.8,7.9,35
2020-05-04,8.8,17.1,55,0.40,219,4.11,1.0,10.4,7.3,24
2020-05-05,13.1,19.5,40,0.00,256,4.13,0.0,7.7,4.3,29
2020-05-06,11.9,18.5,68,12.50,266,1.56,10.0,10.1,5.8,37
2020-05-07,10.5,18.0,62,0.20,162,3.26,1.0,10.9,6.9,37
2020-05-08,11.3,21.4,67,0.00,61,4.26,0.0,11.6,4.7,36
2020-05-09,16.1,23.0,55,0.00,344,4.70,0.0,6.1,3.3,38
2020-05-10,18.0,23.4,47,0.00,20,5.12,0.0,8.6,5.1,32
2020-05-11,16.1,22.5,49,0.00,29,5.08,0.0,10.3,6.9,34
2020-05-12,15.2,21.3,50,0.30,124,3.79,2.0,13.4,8.1,32
2020-05-13,14.0,20.0,71,3.10,202,3.63,12.0,10.5,6.4,37
2020-05-14,13.4,19.8,58,0.00,223,3.98,0.0,12.6,7.0,37
2020-05-15,13.7,19.7,62,0.00,213,3.84,0.0,10.9,6.8,40
2020-05-16,13.8,19.0,62,0.00,240,3.38,0.0,13.0,6.3,41
2020-05-17,12.9,18.0,83,6.40,341,2.30,10.0,7.4,3.8,59
2020-05-18,14.1,20.5,70,0.90,279,3.67,5.0,7.9,3.9,40
2020-05-19,14.9,22.6,66,0.10,55,4.47,1.0,7.6,5.2,38
2020-05-20,16.9,23.7,59,0.00,248,4.55,0.0,13.2,6.2,34
2020-05-21,14.1,21.1,53,0.00,233,3.17,0.0,14.1,10.2,38
2020-05-22,10.8,14.2,75,4.90,195,1.78,20.0,10.9,9.3,45
2020-05-23,13.2,19.7,62,1.20,194,3.61,7.0,10.0,6.3,45
2020-05-24,14.4,21.8,59,0.00,215,4.05,0.0,11.6,6.8,39
2020-05-25,14.6,21.6,78,10.50,229,1.87,14.0,10.0,5.4,41
2020-05-26,14.9,21.2,68,0.10,246,3.77,1.0,12.7,7.8,32
2020-05-27,14.6,21.2,57,0.00,25,4.93,0.0,12.4,7.3,30
2020-05-28,17.6,21.5,41,0.00,358,3.83,0.0,8.9,5.1,30
2020-05-29,19.8,26.8,53,0.00,21,4.65,0.0,7.4,4.0,32
2020-05-30,21.5,27.5,59,1.10,351,3.11,3.0,8.5,5.2,40
2020-05-31,15.3,23.8,79,9.30,225,1.74,16.0,11.8,7.5,54
2020-06-01,13.3,22.8,53,0.00,244,4.65,0.0,10.7,6.6,23
2020-06-02,14.1,21.6,56,0.20,230,3.89,1.0,14.7,7.8,28
2020-06-03,14.1,21.0,61,0.50,213,4.33,2.0,13.5,6.4,32
2020-06-04,14.5,20.2,50,0.30,248,4.47,3.0,11.0,6.6,34
2020-06-05,14.5,21.3,58,0.00,318,3.96,0.0,7.6,4.7,29
2020-06-06,15.4,20.9,62,4.20,233,4.19,7.0,12.3,4.1,34
2020-06-07,14.6,19.4,57,0.70,265,3.79,4.0,11.3,6.5,37
2020-06-08,14.6,18.6,53,0.30,234,4.61,2.0,14.2,8.7,31
2020-06-09,10.7,17.3,65,0.90,247,2.21,6.0,12.0,7.3,34
2020-06-10,14.6,23.0,71,0.10,240,3.84,1.0,11.0,5.4,42
2020-06-11,16.6,22.4,64,0.20,298,2.94,2.0,8.2,4.8,41
2020-06-12,16.8,24.9,80,0.70,297,3.25,3.0,16.6,4.5,43
2020-06-13,12.8,20.2,81,7.50,254,1.29,10.0,16.0,5.3,65
2020-06-14,10.8,14.1,93,11.30,192,1.19,23.0,9.4,5.7,69
2020-06-15,11.2,15.9,72,0.10,213,3.05,1.0,13.3,7.6,48
2020-06-16,13.1,20.5,72,0.00,206,3.12,0.0,11.0,5.8,48
2020-06-17,16.5,24.5,65,0.50,244,4.62,3.0,8.5,6.4,35
2020-06-18,18.1,25.2,63,0.00,193,4.97,0.0,8.3,6.6,37
2020-06-19,20.0,27.7,56,0.00,221,5.46,0.0,10.4,6.4,33
2020-06-20,19.5,26.9,70,1.90,247,2.84,5.0,8.3,4.6,36
2020-06-21,18.9,26.1,68,0.00,234,4.57,0.0,10.7,6.9,33
2020-06-22,19.3,29.8,54,0.00,236,5.86,0.0,12.2,7.5,32
2020-06-23,22.0,28.6,61,0.00,245,3.63,0.0,10.6,6.0,36
2020-06-24,20.5,26.9,75,7.90,238,3.89,10.0,13.2,5.4,43
2020-06-25,19.8,27.6,73,5.00,107,5.02,3.0,12.0,6.5,40
2020-06-26,21.8,29.2,53,0.00,246,5.52,0.0,15.7,7.9,36
2020-06-27,19.8,26.0,56,0.10,236,4.45,1.0,13.3,8.9,38
2020-06-28,14.9,20.9,77,3.50,74,2.87,10.0,8.8,4.6,57
2020-06-29,18.8,26.2,61,2.10,0,4.79,1.0,8.8,6.1,34
2020-06-30,19.4,27.0,58,3.70,244,4.25,3.0,8.6,5.8,27
2020-07-01,15.8,19.0,63,4.00,224,2.64,9.0,12.9,7.9,50
2020-07-02,15.2,22.4,75,6.90,206,3.63,12.0,13.7,8.6,35
2020-07-03,15.8,22.2,59,0.00,278,3.46,0.0,9.5,6.0,36
2020-07-04,16.2,22.3,62,1.10,221,4.00,4.0,11.5,6.2,36
2020-07-05,17.4,25.5,58,0.00,301,4.99,0.0,8.6,5.0,31
2020-07-06,19.7,26.2,58,0.00,256,4.81,0.0,13.1,5.4,30
2020-07-07,18.5,24.5,62,0.10,248,4.28,1.0,11.6,6.5,39
2020-07-08,17.8,24.9,57,0.00,216,4.84,0.0,9.4,7.1,36
2020-07-09,17.0,24.1,67,2.00,244,2.87,8.0,9.5,5.2,36
2020-07-10,17.1,25.6,67,0.00,208,4.90,0.0,10.9,6.2,33
2020-07-11,19.2,26.6,57,0.00,254,4.32,0.0,11.9,6.2,33
2020-07-12,18.2,25.3,55,0.00,228,4.78,0.0,14.6,9.2,30
2020-07-13,15.9,25.4,60,0.10,274,4.78,1.0,10.4,6.4,23
2020-07-14,18.3,26.7,56,0.00,156,5.36,0.0,11.0,6.3,27
2020-07-15,20.7,28.8,55,0.00,201,5.00,0.0,9.5,6.3,34
2020-07-16,21.7,28.3,59,0.00,242,4.90,0.0,15.1,8.0,33
2020-07-17,20.7,27.3,58,0.60,231,4.47,3.0,14.1,5.8,34
2020-07-18,21.1,29.6,58,0.00,229,5.04,0.0,9.1,6.2,27
2020-07-19,22.6,29.6,57,0.00,58,4.66,0.0,8.4,5.5,31
2020-07-20,22.9,30.0,54,0.00,64,5.84,0.0,12.6,7.1,31
2020-07-21,24.3,33.4,57,0.00,222,5.85,0.0,10.7,5.3,27
2020-07-22,24.7,33.5,48,0.00,237,6.41,0.0,11.1,7.5,24
2020-07-23,23.4,32.0,42,0.00,243,6.17,0.0,13.7,8.5,24
2020-07-24,20.6,27.9,44,0.00,248,5.16,0.0,14.5,8.0,24
2020-07-25,18.5,26.3,56,0.10,142,4.97,1.0,11.6,6.3,31
2020-07-26,20.8,30.5,57,0.00,45,5.51,0.0,13.1,4.9,28
2020-07-27,24.6,35.5,52,0.00,311,5.74,0.0,7.9,3.7,19
2020-07-28,26.8,35.7,44,0.00,239,6.39,0.0,9.6,6.5,18
2020-07-29,25.1,34.9,42,0.00,249,6.18,0.0,13.3,5.9,18
2020-07-30,26.9,36.2,44,0.00,262,5.57,0.0,7.0,4.4,17
2020-07-31,28.2,37.3,44,0.00,294,5.26,0.0,6.9,3.9,19
2020-08-01,28.1,37.1,41,0.00,232,6.21,0.0,14.2,6.4,17
2020-08-02,27.1,35.5,34,0.00,224,6.25,0.0,13.3,7.5,19
2020-08-03,24.0,32.2,41,0.00,242,5.40,0.0,13.8,7.9,24
2020-08-04,22.8,32.1,51,0.00,243,5.39,0.0,10.9,5.5,21
2020-08-05,25.6,33.2,49,0.00,245,5.41,0.0,11.2,5.7,18
2020-08-06,22.7,33.2,49,2.40,254,4.53,4.0,20.2,8.1,24
2020-08-07,18.0,25.8,58,0.80,220,4.03,3.0,13.7,8.4,28
2020-08-08,18.6,25.6,58,0.70,260,3.83,4.0,10.9,6.6,24
2020-08-09,19.8,28.2,53,0.00,285,4.77,0.0,10.0,5.5,24
2020-08-10,21.9,28.8,54,0.00,9,4.81,0.0,12.7,6.2,25
2020-08-11,20.8,28.8,49,0.00,247,5.07,0.0,15.2,7.8,21
2020-08-12,18.5,24.6,50,0.00,247,3.91,0.0,14.1,6.5,26
2020-08-13,17.9,27.3,49,0.00,241,4.82,0.0,10.8,7.0,19
2020-08-14,20.0,29.8,51,0.00,225,4.92,0.0,9.8,6.2,21
2020-08-15,22.9,32.6,52,0.00,224,5.16,0.0,11.2,5.7,22
2020-08-16,27.5,36.3,32,0.00,250,5.79,0.0,11.0,6.1,17
2020-08-17,28.6,35.4,35,0.00,223,5.40,0.0,11.9,6.5,17
2020-08-18,26.4,35.6,42,0.00,228,5.83,0.0,11.9,7.1,13
2020-08-19,24.7,35.3,45,0.00,241,5.28,0.0,11.2,7.1,13
2020-08-20,23.8,31.2,46,0.00,246,3.86,0.0,10.9,5.5,21
2020-08-21,23.7,28.5,48,1.40,241,3.59,2.0,16.3,6.9,29
2020-08-22,19.7,26.9,58,0.80,243,4.24,2.0,9.4,6.2,24
2020-08-23,19.7,27.5,48,0.00,300,4.04,0.0,8.0,5.3,22
2020-08-24,19.5,26.3,64,0.00,357,2.55,0.0,12.6,5.4,27
2020-08-25,18.2,26.4,70,0.00,52,4.04,0.0,10.3,5.2,25
2020-08-26,19.4,28.3,54,0.00,214,4.49,0.0,8.9,6.5,21
2020-08-27,20.1,27.6,53,0.00,159,4.46,0.0,12.6,7.3,22
2020-08-28,21.1,31.6,45,0.00,214,4.72,0.0,10.6,6.2,14
2020-08-29,20.0,31.4,45,0.50,263,3.52,2.0,12.0,7.4,16
2020-08-30,17.3,26.1,52,0.10,263,3.95,1.0,11.7,5.8,17
2020-08-31,17.6,25.5,53,1.70,275,3.55,5.0,14.5,5.7,26
2020-09-01,21.1,30.5,52,0.00,240,4.15,0.0,10.2,6.6,30
2020-09-02,22.6,29.2,54,0.60,205,3.67,2.0,10.9,7.6,31
2020-09-03,20.7,31.2,55,0.00,208,4.32,0.0,9.5,6.6,22
2020-09-04,22.3,31.9,55,0.00,324,4.10,0.0,7.6,3.6,20
2020-09-05,24.2,33.4,45,0.00,258,4.42,0.0,9.0,5.2,21
2020-09-06,24.1,33.2,52,0.00,251,4.37,0.0,9.1,6.4,20
2020-09-07,21.4,30.7,44,0.40,24,4.31,3.0,17.6,10.0,19
2020-09-08,16.8,24.2,45,0.00,187,3.97,0.0,12.5,6.1,17
2020-09-09,18.2,28.0,59,0.00,28,3.61,0.0,4.7,3.0,23
2020-09-10,20.8,30.6,63,0.00,348,3.65,0.0,5.4,3.6,18
2020-09-11,23.5,33.7,61,0.00,229,4.14,0.0,10.1,5.1,17
2020-09-12,22.5,32.7,48,0.00,227,4.45,0.0,9.4,7.4,17
2020-09-13,21.2,30.0,45,0.00,237,4.03,0.0,10.0,6.6,20
2020-09-14,19.7,27.0,50,0.00,248,3.26,0.0,6.9,5.0,23
2020-09-15,20.7,28.0,56,0.00,234,3.46,0.0,8.4,5.2,26
2020-09-16,21.7,30.1,62,0.30,338,3.27,2.0,5.1,3.4,26
2020-09-17,22.4,30.1,66,0.00,1,3.33,0.0,6.4,4.0,30
2020-09-18,22.3,29.0,64,0.00,328,3.02,0.0,7.8,4.6,32
2020-09-19,19.9,24.5,62,0.00,240,2.79,0.0,14.3,7.2,40
2020-09-20,18.1,24.0,59,0.00,208,3.06,0.0,11.6,7.1,32
2020-09-21,16.0,23.1,61,0.00,258,2.34,0.0,9.0,6.5,31
2020-09-22,16.2,22.4,67,0.00,266,2.67,0.0,9.8,5.4,32
2020-09-23,16.6,20.9,72,2.70,267,1.35,7.0,11.4,5.8,49
2020-09-24,13.9,17.4,83,9.40,200,1.45,18.0,13.7,7.5,55
2020-09-25,12.5,17.2,74,3.10,217,1.21,7.0,11.6,7.7,57
2020-09-26,13.0,18.0,65,0.40,206,2.40,3.0,14.0,8.3,36
2020-09-27,12.7,18.9,65,0.00,222,2.49,0.0,9.5,6.3,39
2020-09-28,14.4,21.6,65,0.00,254,2.53,0.0,7.8,4.7,42
2020-09-29,16.4,24.5,65,0.00,268,2.60,0.0,6.5,4.1,34
2020-09-30,17.0,25.4,75,0.00,337,2.56,0.0,6.6,3.8,31
2020-10-01,17.8,23.8,72,0.00,299,1.48,0.0,5.9,3.4,37
2020-10-02,17.8,24.4,70,0.00,3,2.42,0.0,6.8,3.9,46
2020-10-03,17.0,24.9,77,0.00,320,2.41,0.0,5.6,3.5,41
2020-10-04,17.0,24.4,71,0.00,267,2.22,0.0,12.2,6.9,37
2020-10-05,17.1,25.6,66,0.00,235,2.48,0.0,9.0,6.4,34
2020-10-06,18.7,26.7,68,0.00,252,2.40,0.0,8.5,5.3,37
2020-10-07,16.9,23.8,78,0.00,340,2.17,0.0,7.7,3.0,43
2020-10-08,16.6,22.6,80,0.30,252,0.92,3.0,8.6,5.4,48
2020-10-09,15.8,19.6,73,0.40,266,1.00,2.0,9.4,4.1,58
2020-10-10,14.2,16.2,76,4.80,251,1.41,9.0,13.6,7.2,38
2020-10-11,11.9,15.0,50,0.10,213,2.07,1.0,13.4,8.7,33
2020-10-12,10.1,14.0,73,16.90,252,1.74,18.0,12.4,6.3,41
2020-10-13,8.8,12.4,76,16.60,242,1.05,15.0,12.7,5.9,48
2020-10-14,10.7,14.1,64,0.90,229,1.72,6.0,12.0,7.8,44
2020-10-15,10.5,14.9,58,0.00,264,1.64,0.0,9.9,6.4,32
2020-10-16,13.6,18.3,59,0.60,183,1.66,3.0,12.2,7.5,44
2020-10-17,11.0,17.1,62,2.20,305,0.88,4.0,8.9,5.2,46
2020-10-18,8.1,10.5,80,10.10,349,0.48,16.0,8.9,3.6,48
2020-10-19,10.5,14.1,83,3.40,200,0.94,13.0,13.6,6.9,55
2020-10-20,10.0,12.8,65,2.00,256,1.29,6.0,12.7,6.7,41
2020-10-21,7.9,11.8,62,0.60,343,1.35,5.0,7.8,5.9,38
2020-10-22,4.4,8.7,58,1.80,305,1.09,5.0,7.9,4.8,37
2020-10-23,4.6,6.9,65,10.40,233,0.51,13.0,10.9,4.8,45
2020-10-24,2.3,3.8,62,3.80,4,1.19,8.0,11.6,8.0,51
2020-10-25,-0.6,3.6,55,0.00,8,1.07,0.0,9.5,6.2,46
2020-10-26,2.2,6.8,68,0.70,157,0.70,3.0,7.7,4.3,51
2020-10-27,5.2,12.5,72,0.30,221,1.15,3.0,10.1,6.6,45
2020-10-28,10.1,12.7,75,0.10,153,0.78,1.0,7.6,4.3,67
2020-10-29,11.0,13.8,75,0.00,257,0.89,0.0,5.2,3.3,63
2020-10-30,8.0,12.0,85,1.80,254,0.84,4.0,11.8,7.0,59
2020-10-31,7.3,11.4,68,0.00,251,1.22,0.0,10.9,5.9,43
2020-11-01,7.3,11.3,61,0.00,291,1.16,0.0,7.2,4.7,45
2020-11-02,6.0,13.3,65,0.00,289,1.24,0.0,8.2,6.9,36
2020-11-03,6.2,8.5,70,5.10,292,0.65,8.0,9.4,7.3,55
2020-11-04,7.1,13.2,92,1.50,293,0.64,10.0,8.0,6.4,78
2020-11-05,9.5,11.8,85,11.70,244,0.85,21.0,15.5,10.6,48
2020-11-06,5.1,10.0,71,0.00,5,0.97,0.0,10.1,6.5,41
2020-11-07,2.3,6.7,72,0.00,334,0.72,0.0,11.8,6.8,37
2020-11-08,2.2,5.2,48,0.30,358,1.31,3.0,11.6,8.7,36
2020-11-09,0.1,5.2,57,0.30,270,0.81,2.0,11.2,6.7,31
2020-11-10,2.0,5.8,78,7.50,188,0.59,22.0,7.6,4.6,64
2020-11-11,3.2,7.0,61,0.20,323,0.80,1.0,8.0,4.4,34
2020-11-12,2.0,5.0,62,0.00,213,0.79,0.0,12.2,6.7,41
2020-11-13,2.2,3.8,81,11.40,271,0.31,21.0,8.4,4.2,60
2020-11-14,5.3,8.1,65,1.40,200,0.85,6.0,12.0,7.0,44
2020-11-15,5.0,9.6,69,3.20,212,0.87,13.0,15.5,6.5,48
2020-11-16,4.7,7.5,80,3.10,315,0.41,4.0,10.1,6.1,64
2020-11-17,3.7,6.3,96,12.40,333,0.41,11.0,10.9,6.8,85
2020-11-18,3.9,6.3,90,2.40,282,0.33,7.0,10.1,6.6,75
2020-11-19,4.1,7.8,85,1.90,225,0.69,9.0,9.7,6.6,55
2020-11-20,2.7,5.6,80,0.00,260,0.43,0.0,8.6,5.2,60
2020-11-21,4.6,7.8,76,0.00,225,0.63,0.0,7.0,5.0,50
2020-11-22,3.8,7.1,69,0.00,294,0.58,0.0,8.8,5.8,50
2020-11-23,2.9,5.4,69,0.10,254,0.46,1.0,7.0,5.0,61
2020-11-24,3.3,4.6,77,0.30,226,0.36,2.0,10.1,5.9,73
2020-11-25,3.6,7.7,81,1.40,210,0.60,8.0,7.4,5.3,54
2020-11-26,4.8,7.5,71,0.00,197,0.54,0.0,8.3,5.7,53
2020-11-27,5.5,7.1,64,0.00,216,0.59,0.0,8.4,6.1,58
2020-11-28,5.1,9.2,74,0.70,209,0.53,3.0,8.5,5.0,54
2020-11-29,4.1,7.2,70,0.00,303,0.53,0.0,7.4,5.2,57
2020-11-30,3.1,4.8,82,0.60,269,0.32,5.0,6.8,5.0,70
2020-12-01,2.9,5.2,85,1.30,237,0.49,4.0,7.5,5.2,65
2020-12-02,1.0,5.2,74,0.00,320,0.49,0.0,6.3,4.8,52
2020-12-03,1.2,6.3,67,0.00,289,0.59,0.0,7.3,5.8,49
2020-12-04,2.5,6.9,69,0.20,279,0.57,2.0,6.1,4.5,49
2020-12-05,1.2,6.5,67,0.00,290,0.63,0.0,7.9,6.5,47
2020-12-06,1.1,6.6,71,0.00,287,0.54,0.0,9.7,6.1,52
2020-12-07,2.6,5.0,71,0.20,277,0.35,2.0,9.5,6.5,63
2020-12-08,3.7,4.9,86,5.40,285,0.20,20.0,10.0,5.7,69
2020-12-09,4.3,7.4,95,8.00,61,0.35,15.0,7.1,4.8,80
2020-12-10,3.1,5.8,86,0.20,318,0.24,1.0,6.1,4.0,73
2020-12-11,2.9,3.4,81,2.10,332,0.23,18.0,4.5,2.5,77
2020-12-12,2.1,4.4,81,0.50,299,0.41,4.0,6.5,4.2,65
2020-12-13,0.8,2.2,69,0.20,238,0.29,2.0,7.3,5.0,65
2020-12-14,1.8,4.0,77,1.10,230,0.35,6.0,7.3,4.4,69
2020-12-15,1.9,2.9,76,5.50,246,0.23,15.0,7.4,4.9,68
2020-12-16,3.5,6.3,76,0.10,222,0.36,1.0,7.7,4.8,59
2020-12-17,3.5,7.0,85,2.90,263,0.36,7.0,8.6,5.7,67
2020-12-18,4.6,5.7,77,0.00,211,0.31,0.0,7.9,5.5,69
2020-12-19,5.2,7.6,78,1.60,216,0.46,11.0,9.6,6.7,63
2020-12-20,7.0,10.0,68,1.90,214,0.89,11.0,15.3,10.6,53
2020-12-21,4.2,9.0,75,20.00,319,0.32,11.0,9.8,7.1,49
2020-12-22,2.1,3.7,70,11.20,304,0.56,10.0,14.6,6.5,44
2020-12-23,-3.8,1.4,82,0.00,265,0.33,0.0,9.2,6.0,55
2020-12-24,-4.2,-1.6,73,0.00,291,0.35,0.0,7.9,6.2,62
2020-12-25,-3.1,0.7,70,0.00,300,0.36,0.0,7.4,5.4,67
2020-12-26,0.6,2.6,80,3.10,302,0.31,12.0,6.1,4.3,68
2020-12-27,0.8,3.5,75,0.00,259,0.35,0.0,8.3,5.0,62
2020-12-28,1.0,2.8,82,2.40,287,0.30,19.0,5.1,3.5,69
2020-12-29,-4.0,2.2,90,0.00,277,0.29,0.0,7.5,5.1,64
2020-12-30,-0.3,0.5,79,6.70,254,0.21,19.0,5.5,4.5,69
2020-12-31,0.4,3.3,83,4.40,284,0.32,11.0,6.3,4.2,80
2021-01-01,2.5,3.5,83,1.40,270,0.25,8.0,6.2,5.1,73
2021-01-02,3.7,5.4,86,2.60,245,0.32,11.0,9.3,5.8,78
2021-01-03,3.9,5.7,79,5.40,199,0.48,12.0,11.3,6.9,65
2021-01-04,3.3,6.1,79,3.70,313,0.23,13.0,11.5,6.5,59
2021-01-05,3.2,5.3,80,0.50,228,0.32,2.0,9.4,5.8,61
2021-01-06,3.3,6.4,86,5.10,251,0.42,19.0,6.2,3.8,70
2021-01-07,2.1,5.1,84,0.00,314,0.38,0.0,6.7,3.9,62
2021-01-08,2.4,3.7,81,0.50,334,0.29,4.0,10.7,5.5,69
2021-01-09,0.1,3.2,88,0.10,297,0.33,1.0,7.4,3.9,77
2021-01-10,1.5,3.7,87,1.20,321,0.30,10.0,6.6,5.0,82
2021-01-11,2.5,4.6,86,0.50,289,0.34,4.0,5.4,4.2,80
2021-01-12,3.5,5.0,89,7.20,288,0.35,19.0,7.7,4.9,77
2021-01-13,5.3,7.7,74,9.80,240,0.67,13.0,19.9,8.9,57
2021-01-14,0.7,4.9,76,0.00,277,0.55,0.0,10.9,7.5,54
2021-01-15,0.9,6.3,80,0.10,303,0.46,1.0,8.6,5.4,64
2021-01-16,2.6,6.9,80,0.00,263,0.46,0.0,8.4,4.8,54
2021-01-17,4.0,8.3,75,0.10,249,0.53,1.0,11.1,5.7,58
2021-01-18,4.0,8.4,77,0.00,211,0.58,0.0,12.7,6.4,44
2021-01-19,1.1,7.3,76,0.00,285,0.63,0.0,8.2,5.4,44
2021-01-20,3.8,6.4,68,0.00,250,0.70,0.0,8.9,5.5,53
2021-01-21,-0.8,3.6,84,0.00,8,0.63,0.0,8.4,5.1,51
2021-01-22,-3.5,1.2,84,0.00,7,0.57,0.0,8.0,5.6,48
2021-01-23,-3.9,1.2,82,0.00,347,0.56,0.0,6.4,3.9,50
2021-01-24,-2.7,-0.3,75,0.30,289,0.35,3.0,5.4,3.6,61
2021-01-25,-1.4,0.6,75,2.80,289,0.38,18.0,4.8,3.4,72
2021-01-26,-1.8,0.3,80,0.00,283,0.31,0.0,5.5,3.8,69
2021-01-27,0.5,1.9,73,1.40,0,0.44,11.0,8.8,5.8,66
2021-01-28,0.9,2.6,85,3.20,351,0.29,14.0,7.0,4.2,81
2021-01-29,0.1,4.0,88,0.90,325,0.53,6.0,4.3,3.0,60
2021-01-30,-0.2,2.8,83,1.00,320,0.36,5.0,7.4,5.3,69
2021-01-31,2.8,5.0,90,2.30,343,0.33,17.0,8.5,6.0,84
2021-02-01,4.2,5.1,91,4.10,343,0.34,11.0,5.6,3.7,87
2021-02-02,3.8,5.7,90,6.90,279,0.64,15.0,7.4,5.2,77
2021-02-03,1.0,6.2,84,4.30,269,0.74,6.0,8.7,5.0,44
2021-02-04,3.1,6.1,72,0.00,204,0.57,0.0,7.1,5.6,45
2021-02-05,4.9,8.0,77,6.60,226,0.90,12.0,8.4,5.9,57
2021-02-06,5.2,7.2,80,4.10,214,0.51,15.0,8.7,5.8,61
2021-02-07,1.3,5.0,56,0.30,299,0.93,2.0,8.7,5.2,42
2021-02-08,-2.9,1.6,39,0.70,326,1.15,2.0,10.5,8.5,21
2021-02-09,-7.5,-1.7,54,0.00,348,0.90,0.0,10.7,8.6,26
2021-02-10,-5.9,-3.7,50,0.60,335,0.94,6.0,12.6,8.9,23
2021-02-11,-9.1,-4.3,50,0.00,352,0.94,0.0,14.8,11.5,24
2021-02-12,-8.7,-2.9,52,0.00,17,0.90,0.0,14.3,9.5,26
2021-02-13,-5.6,-2.5,50,1.50,9,0.62,12.0,9.4,5.7,38
2021-02-14,-4.5,-1.6,56,0.80,273,0.58,8.0,5.6,4.3,50
2021-02-15,-3.8,-0.7,66,2.30,283,0.54,19.0,6.8,5.3,61
2021-02-16,-1.8,4.1,82,2.00,212,0.54,17.0,7.8,3.7,63
2021-02-17,1.3,4.7,72,1.30,240,1.05,6.0,11.5,6.2,35
2021-02-18,-1.9,3.3,74,1.40,318,0.69,5.0,9.5,5.8,40
2021-02-19,-0.5,4.3,75,3.00,229,0.97,11.0,10.1,4.9,57
2021-02-20,0.7,7.1,69,0.00,227,1.16,0.0,16.2,7.4,37
2021-02-21,3.9,8.6,66,0.60,200,1.05,5.0,11.8,6.9,48
2021-02-22,8.6,11.6,63,1.30,202,1.33,5.0,14.8,9.1,45
2021-02-23,4.7,8.6,59,0.00,224,1.48,0.0,13.0,9.5,43
2021-02-24,1.0,5.3,78,0.40,231,1.24,2.0,7.5,5.3,46
2021-02-25,2.2,6.0,63,1.80,216,1.17,8.0,11.4,5.9,40
2021-02-26,2.5,6.8,71,1.80,177,1.17,13.0,10.7,6.1,35
2021-02-27,0.8,5.0,72,0.20,228,1.32,2.0,10.2,5.1,45
2021-02-28,3.0,8.9,61,0.10,186,1.11,1.0,10.4,6.0,40
2021-03-01,5.5,9.9,72,0.00,234,1.34,0.0,9.5,5.6,55
2021-03-02,5.2,8.9,73,1.20,220,1.11,7.0,11.2,6.2,48
2021-03-03,2.8,10.1,72,0.00,285,1.47,0.0,7.9,5.3,44
2021-03-04,4.1,11.9,68,0.00,326,1.58,0.0,7.6,5.3,52
2021-03-05,7.1,11.8,62,0.00,328,1.20,0.0,10.5,5.9,41
2021-03-06,5.4,10.5,71,0.10,246,1.71,1.0,10.9,5.5,37
2021-03-07,3.1,9.1,73,0.60,261,1.13,5.0,9.2,5.7,45
2021-03-08,1.0,7.5,75,0.00,297,1.61,0.0,9.0,4.1,47
2021-03-09,1.6,7.8,72,0.00,290,1.58,0.0,9.2,4.4,45
2021-03-10,2.0,8.0,71,1.00,271,1.57,1.0,7.9,5.0,50
2021-03-11,1.3,9.7,66,0.60,344,1.83,1.0,8.7,5.3,34
2021-03-12,3.8,12.6,61,0.00,255,2.02,0.0,9.3,5.3,27
2021-03-13,6.4,12.8,55,0.00,270,1.96,0.0,6.8,4.8,39
2021-03-14,7.3,12.5,54,0.00,295,1.67,0.0,8.0,5.7,36
2021-03-15,5.8,9.8,60,0.30,243,2.04,2.0,9.0,6.5,39
2021-03-16,2.5,10.4,67,0.00,1,2.04,0.0,6.2,4.6,33
2021-03-17,4.2,12.4,62,0.00,306,2.14,0.0,5.2,4.2,35
2021-03-18,8.2,15.0,53,0.00,320,2.25,0.0,10.1,5.2,33
2021-03-19,7.1,13.0,71,0.90,220,2.03,3.0,12.2,6.0,46
2021-03-20,5.9,11.3,64,0.30,243,1.98,3.0,14.3,6.8,39
2021-03-21,6.4,10.1,59,0.20,210,1.52,2.0,14.3,8.8,45
2021-03-22,4.8,10.4,66,0.60,213,1.38,5.0,7.9,5.3,36
2021-03-23,4.4,12.4,64,0.10,229,2.31,1.0,10.5,6.5,32
2021-03-24,6.2,10.7,64,1.20,206,1.39,6.0,8.4,6.9,42
2021-03-25,6.0,11.8,78,4.10,274,1.82,17.0,7.2,4.9,39
2021-03-26,5.6,11.6,68,0.10,251,1.80,1.0,14.8,7.5,47
2021-03-27,9.1,15.0,63,0.00,227,2.10,0.0,10.9,6.9,41
2021-03-28,9.4,13.3,63,5.40,210,2.06,9.0,16.3,9.3,44
2021-03-29,3.7,8.7,47,1.40,284,2.37,5.0,15.0,10.0,27
2021-03-30,3.9,12.5,54,0.00,282,2.50,0.0,12.7,6.6,29
2021-03-31,5.4,13.9,60,0.00,243,2.86,0.0,13.0,8.0,35
2021-04-01,10.2,17.3,46,0.00,220,3.25,0.0,15.6,7.2,30
2021-04-02,7.7,16.3,65,0.00,259,2.57,0.0,10.0,6.2,33
2021-04-03,8.0,16.2,63,0.00,271,2.51,0.0,13.7,7.0,37
2021-04-04,7.8,14.5,65,0.00,287,2.53,0.0,10.2,6.8,26
2021-04-05,6.2,14.9,54,0.00,341,3.08,0.0,9.8,7.0,28
2021-04-06,7.8,17.7,58,0.00,244,3.25,0.0,11.5,7.5,29
2021-04-07,8.5,16.3,59,0.00,247,2.18,0.0,14.7,7.9,35
2021-04-08,6.4,11.9,61,1.10,242,2.58,5.0,12.9,7.4,31
2021-04-09,5.2,11.3,57,0.00,238,1.65,0.0,11.9,6.8,36
2021-04-10,4.4,8.4,65,3.70,277,2.01,11.0,13.4,7.2,24
2021-04-11,3.8,10.7,50,0.30,254,3.02,3.0,10.9,7.0,24
2021-04-12,4.6,11.6,60,0.00,41,3.00,0.0,11.7,6.4,28
2021-04-13,6.1,14.6,47,0.00,20,3.51,0.0,10.2,8.7,25
2021-04-14,7.5,18.3,55,0.00,39,3.74,0.0,11.0,6.5,21
2021-04-15,10.6,20.8,51,0.00,22,4.00,0.0,7.9,4.9,20
2021-04-16,12.4,22.7,52,0.00,309,3.97,0.0,6.3,3.2,20
2021-04-17,13.8,24.2,50,0.00,203,4.16,0.0,7.3,4.4,24
2021-04-18,15.3,24.6,50,0.20,273,4.37,1.0,14.3,7.7,24
2021-04-19,11.2,20.1,42,0.10,33,4.06,1.0,14.4,7.6,23
2021-04-20,10.0,18.7,49,0.00,319,3.82,0.0,5.6,3.3,24
2021-04-21,11.8,23.1,52,0.00,197,4.06,0.0,11.0,5.2,22
2021-04-22,12.9,22.7,47,0.10,298,3.75,1.0,11.3,6.6,17
2021-04-23,9.4,17.8,42,0.00,249,3.99,0.0,13.2,8.2,23
2021-04-24,11.0,15.8,61,0.20,215,2.07,2.0,7.9,4.1,32
2021-04-25,9.6,12.1,85,9.10,177,1.67,24.0,7.3,3.8,64
2021-04-26,8.9,18.1,69,0.70,219,3.29,4.0,11.2,6.4,25
2021-04-27,11.5,17.4,53,0.00,238,3.14,0.0,12.3,8.3,26
2021-04-28,12.9,21.3,53,0.00,232,3.80,0.0,11.5,8.1,37
2021-04-29,14.0,21.2,76,2.00,258,2.56,12.0,7.8,4.2,41
2021-04-30,14.3,20.3,56,0.00,256,3.30,0.0,14.8,6.3,34
2021-05-01,12.1,18.8,55,0.00,263,3.76,0.0,14.0,8.7,32
2021-05-02,10.3,18.6,63,0.30,214,3.95,1.0,10.7,6.4,28
2021-05-03,11.1,17.7,54,0.00,248,2.90,0.0,11.5,6.5,30
2021-05-04,12.6,19.0,55,0.90,240,3.33,5.0,8.6,4.9,27
2021-05-05,12.1,20.5,55,0.00,308,3.93,0.0,7.6,4.6,28
2021-05-06,15.9,24.0,46,0.00,353,3.82,0.0,7.6,6.1,30
2021-05-07,12.8,22.8,47,0.20,250,3.63,1.0,12.9,8.2,25
2021-05-08,10.6,15.9,47,0.50,246,3.92,3.0,10.9,8.4,29
2021-05-09,10.2,17.9,57,0.00,222,4.03,0.0,8.0,6.3,30
2021-05-10,12.0,19.8,55,0.00,241,3.90,0.0,8.6,4.8,28
2021-05-11,12.5,20.0,59,0.00,70,4.36,0.0,12.7,6.0,28
2021-05-12,12.5,19.3,57,1.50,308,2.39,6.0,6.3,4.0,27
2021-05-13,12.4,21.0,75,0.90,87,3.74,4.0,8.6,5.0,39
2021-05-14,14.8,23.1,61,0.00,25,4.51,0.0,6.9,3.1,31
2021-05-15,17.2,25.9,55,0.00,170,5.18,0.0,10.2,6.6,28
2021-05-16,19.1,28.2,44,0.00,221,5.66,0.0,11.7,7.1,24
2021-05-17,18.2,27.9,54,0.30,259,3.84,3.0,15.9,8.9,29
2021-05-18,12.9,19.5,48,0.70,233,3.94,3.0,16.5,9.3,24
2021-05-19,9.0,15.6,53,0.00,262,3.96,0.0,12.5,6.7,27
2021-05-20,10.7,16.8,61,0.60,17,3.51,6.0,12.1,6.5,30
2021-05-21,12.0,20.1,57,0.00,74,4.49,0.0,12.8,6.2,21
2021-05-22,14.4,24.0,49,0.00,58,5.17,0.0,11.2,4.9,20
2021-05-23,17.0,24.9,47,0.00,231,4.78,0.0,12.3,5.6,26
2021-05-24,17.1,24.8,52,0.40,238,4.19,3.0,15.6,11.6,25
2021-05-25,16.2,23.0,57,0.10,233,4.18,1.0,9.4,5.8,32
2021-05-26,15.2,22.8,59,0.00,213,4.73,0.0,12.6,7.6,30
2021-05-27,16.4,21.6,46,2.30,228,3.10,6.0,14.3,6.7,32
2021-05-28,13.8,18.8,48,0.70,228,4.57,2.0,15.0,10.1,28
2021-05-29,13.5,23.6,54,0.10,255,5.01,1.0,7.3,4.9,20
2021-05-30,18.0,25.4,38,0.00,209,4.81,0.0,10.0,4.7,20
2021-05-31,18.6,28.3,54,0.00,230,4.93,0.0,9.8,5.6,29
2021-06-01,22.4,31.4,52,0.00,213,5.68,0.0,7.6,5.2,27
2021-06-02,24.6,34.7,44,0.00,226,6.36,0.0,9.2,5.0,20
2021-06-03,24.5,34.6,41,0.00,256,6.24,0.0,13.3,7.9,19
2021-06-04,20.8,28.4,39,0.00,245,5.78,0.0,17.2,8.2,21
2021-06-05,16.0,24.6,52,2.70,232,4.44,5.0,18.1,9.9,24
2021-06-06,13.1,18.0,44,0.00,208,3.78,0.0,14.3,8.0,26
2021-06-07,10.4,16.4,68,2.60,227,2.73,7.0,11.9,5.3,36
2021-06-08,12.8,20.5,56,0.00,9,4.13,0.0,5.4,3.6,28
2021-06-09,15.0,20.3,53,0.00,242,4.29,0.0,9.7,5.8,26
2021-06-10,14.2,20.5,51,0.00,240,4.74,0.0,12.8,6.6,24
2021-06-11,12.9,19.1,50,0.00,234,3.75,0.0,13.6,7.6,24
2021-06-12,15.1,23.4,56,0.00,241,4.55,0.0,13.4,6.1,26
2021-06-13,18.5,22.9,48,0.80,303,3.41,6.0,12.3,5.0,28
2021-06-14,17.6,23.8,74,1.60,288,3.07,9.0,6.8,3.2,46
2021-06-15,18.7,23.1,56,0.30,227,4.25,2.0,12.7,6.2,30
2021-06-16,17.0,24.8,48,0.00,208,5.54,0.0,13.7,8.5,24
2021-06-17,17.8,27.7,46,0.00,192,5.95,0.0,14.6,7.8,21
2021-06-18,20.5,30.4,42,0.00,214,6.03,0.0,10.3,6.2,20
2021-06-19,20.8,29.5,42,0.00,244,4.92,0.0,12.3,8.1,21
2021-06-20,19.6,28.1,60,1.50,40,5.24,4.0,10.0,6.2,31
2021-06-21,22.9,31.8,49,0.00,268,5.60,0.0,5.4,3.5,26
2021-06-22,25.2,33.7,46,0.00,238,6.78,0.0,14.6,7.5,20
2021-06-23,25.1,33.9,38,0.40,226,6.72,1.0,15.8,7.7,17
2021-06-24,25.1,31.5,46,0.50,288,5.69,1.0,12.3,7.2,23
2021-06-25,25.8,35.0,45,0.00,359,6.46,0.0,11.9,6.8,25
2021-06-26,30.0,39.5,40,0.00,335,6.74,0.0,9.3,4.6,17
2021-06-27,31.8,42.2,31,0.00,249,6.81,0.0,6.4,3.7,13
2021-06-28,34.4,43.4,25,0.00,235,7.61,0.0,8.1,5.7,11
2021-06-29,35.5,44.4,26,0.00,246,7.05,0.0,9.0,4.2,12
2021-06-30,37.0,44.0,20,0.00,249,7.49,0.0,11.0,5.3,10
2021-07-01,32.3,42.5,36,0.00,239,6.88,0.0,14.1,8.4,11
2021-07-02,27.5,36.6,42,0.00,255,6.29,0.0,15.2,6.9,25
2021-07-03,28.2,36.4,39,0.00,216,6.68,0.0,11.1,6.2,17
2021-07-04,27.2,36.1,32,0.00,228,6.89,0.0,14.7,6.5,14
2021-07-05,26.7,33.3,43,0.00,331,5.52,0.0,11.8,6.6,22
2021-07-06,25.6,34.2,50,0.00,14,5.93,0.0,12.7,4.9,19
2021-07-07,25.9,34.0,41,0.60,241,3.82,2.0,13.7,5.7,18
2021-07-08,22.7,30.7,58,0.00,174,5.00,0.0,9.1,5.1,32
2021-07-09,25.0,33.1,50,0.00,224,5.24,0.0,7.0,4.5,22
2021-07-10,27.7,34.9,39,0.00,241,7.03,0.0,13.5,7.6,14
2021-07-11,26.7,36.1,31,0.00,230,6.80,0.0,13.6,6.3,14
2021-07-12,27.5,35.1,37,0.00,270,6.73,0.0,9.1,6.4,16
2021-07-13,28.4,37.1,36,0.00,148,7.07,0.0,10.4,7.1,14
2021-07-14,28.4,37.0,32,0.00,229,7.20,0.0,10.8,6.9,11
2021-07-15,26.7,36.3,35,0.00,240,7.33,0.0,14.2,8.8,11
2021-07-16,24.7,32.6,39,0.00,245,6.72,0.0,14.2,8.7,19
2021-07-17,22.7,31.1,43,0.00,235,6.31,0.0,14.5,8.1,20
2021-07-18,25.0,33.0,37,0.00,215,6.33,0.0,12.4,7.2,19
2021-07-19,26.3,35.7,35,0.00,225,6.67,0.0,13.9,6.6,14
2021-07-20,26.3,34.7,32,0.00,238,6.96,0.0,13.7,8.2,15
2021-07-21,22.9,31.2,33,0.00,250,6.53,0.0,16.4,8.9,19
2021-07-22,19.6,27.7,40,0.00,238,6.15,0.0,15.5,8.6,18
2021-07-23,21.8,30.1,38,0.00,244,6.35,0.0,12.8,8.2,17
2021-07-24,23.8,34.1,42,0.00,217,6.38,0.0,11.0,7.3,20
2021-07-25,26.0,34.8,42,0.00,224,6.74,0.0,13.6,8.0,18
2021-07-26,25.3,34.4,40,0.00,215,6.76,0.0,13.7,8.1,17
2021-07-27,25.8,35.2,38,0.00,214,6.64,0.0,13.0,7.2,13
2021-07-28,26.6,34.7,34,0.00,226,6.15,0.0,9.4,5.7,15
2021-07-29,27.5,36.7,32,0.00,223,6.45,0.0,10.0,6.1,13
2021-07-30,28.6,38.1,39,0.00,203,6.13,0.0,11.1,4.6,14
2021-07-31,29.7,40.5,39,0.00,252,5.78,0.0,12.9,4.2,12
2021-08-01,29.8,38.4,42,0.20,262,3.57,2.0,13.4,6.7,16
2021-08-02,23.6,33.1,80,0.70,100,4.08,1.0,10.8,5.0,36
2021-08-03,25.8,35.0,53,0.00,183,5.74,0.0,15.8,6.6,18
2021-08-04,26.9,34.8,39,0.00,225,5.88,0.0,10.5,6.4,17
2021-08-05,27.2,36.6,44,0.00,250,5.94,0.0,12.2,5.9,15
2021-08-06,25.8,35.2,42,0.00,232,6.21,0.0,15.1,10.1,17
2021-08-07,21.8,26.3,55,0.60,219,3.51,3.0,13.6,6.6,26
2021-08-08,18.7,26.2,65,1.60,242,2.90,6.0,10.7,6.3,29
2021-08-09,21.3,30.3,55,0.00,202,5.08,0.0,13.3,7.7,29
2021-08-10,24.5,33.8,50,0.00,242,5.18,0.0,11.2,6.7,27
2021-08-11,26.9,36.0,54,0.00,350,5.72,0.0,10.8,6.9,25
2021-08-12,26.6,35.6,46,0.00,17,5.99,0.0,11.9,7.2,19
2021-08-13,26.1,37.0,52,0.00,93,5.63,0.0,11.2,4.2,15
2021-08-14,27.8,37.7,49,0.00,243,6.04,0.0,14.3,7.2,15
2021-08-15,27.1,35.7,41,0.00,235,6.51,0.0,18.4,9.2,17
2021-08-16,25.3,33.8,38,0.10,217,3.16,1.0,15.3,6.9,16
2021-08-17,18.4,22.0,72,3.60,7,2.43,9.0,12.6,6.5,41
2021-08-18,18.7,28.4,67,0.00,90,4.25,0.0,10.7,4.7,24
2021-08-19,22.9,28.5,50,0.30,254,3.75,1.0,10.1,5.9,26
2021-08-20,21.2,26.7,60,0.60,314,3.48,1.0,8.6,4.7,26
2021-08-21,20.6,25.8,64,0.00,248,3.50,0.0,11.3,6.1,31
2021-08-22,19.4,22.5,58,0.10,226,3.50,1.0,15.4,7.9,29
2021-08-23,15.9,20.5,53,0.40,269,3.18,4.0,9.9,3.9,31
2021-08-24,16.2,24.7,64,0.00,350,3.67,0.0,6.9,4.3,28
2021-08-25,19.4,26.9,55,0.00,329,3.94,0.0,7.2,4.8,24
2021-08-26,19.3,26.4,53,0.00,247,3.25,0.0,10.7,7.1,23
2021-08-27,18.1,24.0,69,7.70,238,3.05,12.0,11.9,5.1,35
2021-08-28,18.3,26.5,67,0.00,238,3.87,0.0,9.2,4.6,29
2021-08-29,19.9,28.8,58,0.00,229,4.38,0.0,10.5,6.1,25
2021-08-30,19.9,28.9,47,0.00,264,4.17,0.0,14.8,7.6,23
2021-08-31,15.6,24.1,55,1.60,241,3.38,6.0,13.4,7.7,29
2021-09-01,15.8,21.9,60,1.50,64,2.85,3.0,10.1,6.0,32
2021-09-02,15.8,23.1,68,0.00,60,3.65,0.0,12.2,6.9,36
2021-09-03,17.3,26.9,64,0.00,313,3.84,0.0,9.9,3.7,20
2021-09-04,19.6,26.9,50,0.00,244,3.36,0.0,12.5,6.3,20
2021-09-05,18.9,24.9,70,0.00,316,1.47,0.0,8.2,4.4,34
2021-09-06,18.4,25.5,65,0.00,199,3.46,0.0,13.5,6.9,28
2021-09-07,20.1,30.0,47,0.00,298,3.79,0.0,7.6,4.2,22
2021-09-08,24.7,30.3,36,0.20,261,3.44,2.0,12.7,4.9,25
2021-09-09,20.3,28.9,62,0.00,261,3.45,0.0,11.2,5.5,26
2021-09-10,20.3,28.1,62,0.10,286,2.66,1.0,7.2,4.8,27
2021-09-11,19.9,27.5,59,0.10,217,3.52,1.0,10.4,6.8,27
2021-09-12,20.0,25.7,61,1.40,225,3.25,7.0,10.8,6.5,32
2021-09-13,17.5,24.0,57,0.00,216,3.13,0.0,10.3,6.0,31
2021-09-14,15.8,22.5,63,1.10,254,2.00,4.0,11.3,6.1,34
2021-09-15,14.1,16.3,73,1.00,280,1.62,7.0,8.8,5.1,35
2021-09-16,11.9,18.5,58,0.20,259,3.02,1.0,9.1,5.9,26
2021-09-17,15.5,17.3,35,1.10,198,1.58,4.0,7.4,3.9,26
2021-09-18,14.0,17.7,78,20.00,209,1.89,20.0,11.9,6.0,60
2021-09-19,12.0,17.3,75,1.40,238,2.15,7.0,10.5,7.1,46
2021-09-20,13.3,20.1,68,0.40,213,2.52,3.0,11.1,7.2,32
2021-09-21,13.7,20.6,63,0.00,258,2.64,0.0,10.2,7.0,38
2021-09-22,16.8,20.8,54,0.00,239,1.94,0.0,8.8,5.2,40
2021-09-23,16.3,22.1,65,0.10,212,2.78,1.0,9.0,6.5,38
2021-09-24,15.8,23.3,69,0.00,294,2.65,0.0,7.9,3.8,39
2021-09-25,18.7,27.0,54,0.00,252,3.20,0.0,11.6,5.9,31
2021-09-26,18.8,25.7,62,0.00,251,2.73,0.0,10.0,6.9,33
2021-09-27,16.5,22.0,76,8.50,239,1.58,14.0,9.1,5.7,40
2021-09-28,12.6,17.3,73,2.30,214,2.18,7.0,11.9,6.5,40
2021-09-29,11.2,16.5,65,0.00,232,1.71,0.0,13.4,7.8,47
2021-09-30,13.3,16.2,64,4.60,236,1.26,9.0,12.6,6.5,52
2021-10-01,10.3,16.3,83,0.30,311,1.99,1.0,7.2,4.6,43
2021-10-02,12.7,17.0,58,0.00,269,1.39,0.0,7.2,4.4,44
2021-10-03,14.5,20.6,64,0.00,261,2.12,0.0,9.8,5.3,34
2021-10-04,13.5,20.4,66,0.00,296,2.39,0.0,8.2,6.2,39
2021-10-05,15.6,19.7,64,1.90,310,1.26,3.0,8.7,4.8,39
2021-10-06,10.8,14.7,77,7.70,271,1.61,11.0,9.4,5.6,45
2021-10-07,8.5,14.0,66,0.90,255,1.93,6.0,7.6,6.2,39
2021-10-08,9.0,13.8,54,0.00,339,1.94,0.0,7.4,4.3,36
2021-10-09,9.5,16.0,66,0.00,246,1.61,0.0,11.9,6.7,43
2021-10-10,11.1,14.3,62,0.90,229,1.56,5.0,11.6,6.6,48
2021-10-11,7.7,11.8,63,0.60,357,1.64,3.0,8.0,4.4,43
2021-10-12,6.2,10.2,71,0.00,285,1.18,0.0,7.2,4.9,39
2021-10-13,7.1,9.6,76,5.50,178,0.89,19.0,8.3,4.2,42
2021-10-14,6.9,12.3,70,0.70,190,1.23,4.0,11.5,7.1,54
2021-10-15,10.3,11.7,68,0.00,220,0.64,0.0,8.3,4.6,54
2021-10-16,12.2,16.7,69,0.80,235,1.19,3.0,8.9,4.3,51
2021-10-17,13.0,16.4,64,0.00,282,1.24,0.0,8.9,4.4,47
2021-10-18,10.7,16.9,80,0.10,340,1.40,1.0,7.4,4.7,49
2021-10-19,10.2,16.8,82,0.00,333,1.55,0.0,7.3,5.0,51
2021-10-20,11.4,14.6,79,6.60,310,0.65,6.0,8.2,5.3,59
2021-10-21,9.2,12.4,84,0.80,331,0.82,2.0,10.6,7.2,69
2021-10-22,10.5,11.7,89,7.90,309,0.41,13.0,8.2,5.1,72
2021-10-23,9.6,11.6,85,4.00,232,1.04,10.0,8.9,5.7,58
2021-10-24,9.6,11.5,79,1.80,351,0.54,10.0,11.5,6.8,67
2021-10-25,9.4,11.6,83,7.80,243,0.83,10.0,13.7,5.8,61
2021-10-26,9.2,12.3,75,4.60,215,1.12,4.0,13.3,6.6,56
2021-10-27,9.0,13.0,71,14.70,219,1.31,12.0,13.6,8.1,52
2021-10-28,8.2,11.7,82,28.30,298,0.47,17.0,9.4,5.2,52
2021-10-29,8.4,9.6,87,10.60,8,0.68,19.0,7.9,4.0,66
2021-10-30,4.2,7.8,59,0.00,360,1.20,0.0,10.0,6.9,46
2021-10-31,3.2,8.1,68,0.00,15,1.10,0.0,9.2,6.4,43
2021-11-01,3.7,10.3,57,0.00,339,1.17,0.0,8.4,5.7,33
2021-11-02,4.9,9.4,74,1.80,296,0.84,5.0,7.3,4.3,48
2021-11-03,6.6,8.4,87,2.30,310,0.49,10.0,7.2,5.0,79
2021-11-04,8.3,10.9,93,5.80,314,0.46,16.0,7.5,4.6,87
2021-11-05,8.1,10.3,84,4.10,217,0.64,6.0,10.2,6.3,66
2021-11-06,4.9,8.0,83,0.60,289,0.57,4.0,8.2,5.2,70
2021-11-07,4.0,6.7,72,0.10,201,0.82,1.0,13.6,7.1,56
2021-11-08,4.3,8.7,72,2.00,238,0.83,5.0,7.6,5.3,49
2021-11-09,5.8,8.0,72,1.60,282,0.65,5.0,10.2,6.1,53
2021-11-10,4.9,9.6,68,0.00,223,0.97,0.0,9.4,7.2,45
2021-11-11,5.3,9.1,71,0.20,278,0.70,2.0,8.9,5.7,50
2021-11-12,6.1,9.7,91,5.00,250,0.46,21.0,8.0,4.9,75
2021-11-13,6.8,10.4,78,0.80,243,0.56,6.0,14.5,7.0,54
2021-11-14,6.8,14.2,93,24.20,298,0.40,24.0,8.9,5.2,73
2021-11-15,9.1,11.6,94,29.70,295,0.31,24.0,9.1,5.6,80
2021-11-16,5.0,9.9,59,4.80,244,1.06,12.0,21.7,9.1,35
2021-11-17,2.5,5.4,58,0.00,282,0.64,0.0,8.5,3.7,32
2021-11-18,1.6,3.8,51,2.30,315,0.45,7.0,4.9,3.5,33
2021-11-19,2.3,6.0,78,3.90,43,0.59,15.0,8.6,4.4,60
2021-11-20,3.5,8.1,68,0.00,225,0.73,0.0,12.0,6.8,46
2021-11-21,3.8,6.0,65,1.40,221,0.61,6.0,8.6,6.3,54
2021-11-22,4.5,8.5,58,0.00,286,0.76,0.0,8.5,5.7,48
2021-11-23,4.1,7.3,78,1.70,237,0.47,7.0,7.6,4.0,68
2021-11-24,3.5,7.1,65,0.20,211,0.71,2.0,10.8,7.4,41
2021-11-25,4.3,7.2,74,1.70,257,0.42,10.0,8.0,5.3,69
2021-11-26,5.4,10.1,88,1.30,258,0.56,8.0,9.1,6.1,73
2021-11-27,5.0,9.0,83,0.00,302,0.30,0.0,6.4,4.8,66
2021-11-28,5.6,8.9,93,15.00,288,0.28,23.0,9.2,5.8,79
2021-11-29,7.0,11.0,87,0.40,261,0.53,2.0,9.4,5.4,73
2021-11-30,8.7,11.2,76,1.40,236,0.46,8.0,9.1,6.6,59
2021-12-01,12.3,16.3,70,1.30,199,1.02,6.0,16.9,9.9,51
2021-12-02,9.1,13.3,66,1.80,246,0.97,6.0,12.9,9.0,53
2021-12-03,3.1,7.0,58,0.00,324,0.82,0.0,9.2,7.2,32
2021-12-04,2.8,6.5,58,4.00,336,0.59,9.0,8.3,5.7,42
2021-12-05,1.3,3.1,47,0.50,315,1.13,3.0,13.9,10.7,26
2021-12-06,-0.4,2.0,55,5.20,258,0.48,11.0,6.4,3.9,35
2021-12-07,0.3,3.3,83,0.00,236,0.21,0.0,6.6,3.0,71
2021-12-08,2.2,3.7,79,2.70,258,0.41,10.0,9.7,6.5,60
2021-12-09,-2.3,0.4,72,3.00,202,0.40,9.0,11.2,7.6,65
2021-12-10,-1.8,2.3,76,0.40,205,0.43,2.0,9.4,7.3,58
2021-12-11,3.3,5.7,79,10.90,221,0.41,19.0,9.4,6.3,63
2021-12-12,0.2,4.3,78,7.70,243,0.48,9.0,10.7,7.2,55
2021-12-13,2.3,4.2,73,2.30,350,0.33,6.0,10.5,6.2,55
2021-12-14,1.7,4.3,80,1.80,288,0.48,10.0,7.6,5.2,48
2021-12-15,-1.2,1.2,76,0.00,288,0.28,0.0,7.6,4.5,57
2021-12-16,0.6,2.3,64,2.00,240,0.36,5.0,9.4,4.4,40
2021-12-17,-4.4,-0.9,57,0.00,307,0.46,0.0,9.2,4.7,41
2021-12-18,-2.2,1.3,68,11.50,265,0.30,17.0,6.5,4.6,45
2021-12-19,-1.3,1.8,80,1.50,344,0.35,4.0,7.9,5.1,66
2021-12-20,-7.2,-3.4,90,0.00,351,0.30,0.0,8.6,6.9,67
2021-12-21,-8.6,-0.5,87,0.00,318,0.26,0.0,9.3,6.3,66
2021-12-22,-1.3,1.1,87,5.40,267,0.33,16.0,10.1,7.3,77
2021-12-23,0.5,2.8,85,4.50,251,0.38,13.0,7.9,5.3,64
2021-12-24,-1.5,2.6,83,4.50,344,0.22,20.0,7.5,4.6,57
2021-12-25,-6.3,-1.5,79,0.80,1,0.25,6.0,10.8,7.5,70
2021-12-26,-13.1,-8.9,77,3.60,360,0.19,18.0,11.3,9.4,67
2021-12-27,-18.1,-14.4,83,0.90,10,0.15,9.0,11.4,8.5,74
2021-12-28,-14.6,-11.3,83,1.10,39,0.20,11.0,8.9,6.2,68
2021-12-29,-13.4,-9.8,75,0.20,13,0.20,2.0,8.6,5.6,67
2021-12-30,-10.2,-6.6,79,3.50,19,0.23,8.0,6.3,4.6,65
2021-12-31,-11.9,-8.7,70,1.10,7,0.25,11.0,8.7,6.2,62
2022-01-01,-10.0,-6.0,74,0.00,283,0.24,0.0,7.2,4.4,64
2022-01-02,-5.4,-3.5,75,2.10,280,0.31,10.0,9.5,5.5,64
2022-01-03,-3.0,0.5,82,7.10,317,0.31,18.0,8.9,5.6,71
2022-01-04,-4.8,-0.8,89,1.10,279,0.24,4.0,8.5,5.8,75
2022-01-05,-4.9,-2.8,72,2.80,335,0.38,11.0,13.6,7.2,55
2022-01-06,-4.0,1.3,74,9.40,340,0.27,16.0,10.9,6.7,64
2022-01-07,0.1,3.8,85,4.50,291,0.30,17.0,8.1,5.1,77
2022-01-08,-0.4,1.9,63,1.00,228,0.56,5.0,9.7,6.0,50
2022-01-09,-1.7,-0.1,73,0.10,264,0.44,1.0,8.4,5.9,64
2022-01-10,-1.6,0.3,87,0.00,299,0.31,0.0,8.2,6.6,74
2022-01-11,2.0,4.7,80,0.40,270,0.37,3.0,9.5,6.3,74
2022-01-12,4.2,4.9,86,7.90,287,0.22,14.0,7.9,4.8,78
2022-01-13,3.6,6.1,93,1.20,286,0.49,3.0,7.3,5.0,73
2022-01-14,1.2,5.3,93,0.00,287,0.33,0.0,6.3,3.4,81
2022-01-15,3.1,6.5,86,0.00,259,0.53,0.0,7.6,5.7,68
2022-01-16,0.7,7.4,84,0.00,268,0.46,0.0,9.4,6.0,59
2022-01-17,3.3,6.4,74,0.00,239,0.60,0.0,7.1,5.6,55
2022-01-18,4.7,6.4,81,0.00,183,0.60,0.0,9.2,5.1,72
2022-01-19,4.5,6.4,68,0.00,9,0.43,0.0,5.6,3.5,61
2022-01-20,3.1,6.2,86,5.70,268,0.50,16.0,8.4,5.0,72
2022-01-21,3.0,6.6,80,0.30,180,0.66,1.0,9.0,6.9,61
2022-01-22,1.2,6.3,82,0.00,258,0.66,0.0,8.8,6.2,45
2022-01-23,1.3,7.0,72,0.00,269,0.65,0.0,6.0,3.4,38
2022-01-24,-0.5,5.7,82,0.20,304,0.67,2.0,5.8,3.2,47
2022-01-25,-1.2,4.0,86,0.00,271,0.50,0.0,8.1,4.2,64
2022-01-26,-2.9,4.4,81,0.00,257,0.67,0.0,7.7,5.3,56
2022-01-27,-2.4,2.2,81,0.00,282,0.53,0.0,6.4,3.3,61
2022-01-28,-3.4,0.9,77,0.00,272,0.52,0.0,8.9,6.3,62
2022-01-29,-2.6,0.9,73,0.00,277,0.40,0.0,7.6,5.8,60
2022-01-30,0.8,3.8,74,0.10,278,0.55,1.0,7.3,5.2,69
2022-01-31,0.5,4.3,79,2.40,222,0.68,13.0,8.7,5.8,48
2022-02-01,-0.9,4.3,71,0.70,241,0.75,3.0,11.5,6.9,37
2022-02-02,-4.3,0.3,53,0.20,279,0.69,2.0,13.8,6.9,35
2022-02-03,-2.1,2.9,77,0.60,203,0.51,6.0,6.9,4.9,64
2022-02-04,0.2,3.6,82,0.30,263,0.45,2.0,7.6,5.0,73
2022-02-05,3.5,8.3,74,0.00,185,0.95,0.0,9.1,6.1,55
2022-02-06,3.8,9.3,70,0.00,252,1.02,0.0,9.5,5.0,31
2022-02-07,3.1,9.1,61,0.00,254,1.27,0.0,12.9,8.1,44
2022-02-08,5.4,8.8,66,0.00,203,1.02,0.0,10.6,6.7,53
2022-02-09,7.2,12.1,66,0.00,162,0.99,0.0,8.0,4.4,56
2022-02-10,8.4,10.1,68,0.00,239,0.93,0.0,8.0,5.0,60
2022-02-11,3.0,12.7,75,0.00,252,1.04,0.0,8.4,5.1,47
2022-02-12,0.6,6.1,74,0.00,355,0.98,0.0,5.6,2.8,43
2022-02-13,-0.3,5.5,76,0.00,312,0.98,0.0,6.3,4.4,46
2022-02-14,2.4,7.2,65,1.90,272,0.67,8.0,7.9,4.6,37
2022-02-15,3.3,11.7,76,0.20,185,1.14,1.0,7.6,4.8,28
2022-02-16,5.5,9.3,62,1.90,291,1.41,2.0,13.1,7.4,43
2022-02-17,3.3,9.7,70,0.30,223,0.81,2.0,9.2,6.7,33
2022-02-18,5.8,9.0,72,0.00,223,1.16,0.0,10.0,6.8,60
2022-02-19,4.7,10.2,70,0.00,247,0.93,0.0,8.0,6.2,50
2022-02-20,3.9,8.0,76,4.00,210,1.19,9.0,10.7,5.0,49
2022-02-21,-1.4,5.7,67,0.30,328,0.71,3.0,11.1,7.3,41
2022-02-22,-7.6,-4.4,63,0.20,9,0.87,2.0,11.7,7.8,42
2022-02-23,-8.7,-3.4,77,0.00,342,0.78,0.0,11.5,5.7,46
2022-02-24,-4.8,-0.1,70,0.10,82,0.94,1.0,8.1,4.9,54
2022-02-25,-6.5,0.6,80,0.00,234,0.95,0.0,8.6,3.9,57
2022-02-26,-5.2,2.3,72,0.00,265,0.92,0.0,10.0,7.2,54
2022-02-27,0.8,5.5,75,1.10,246,1.02,7.0,12.1,5.3,57
2022-02-28,2.9,5.6,86,6.90,321,0.57,18.0,6.5,4.2,75
2022-03-01,4.2,10.2,85,5.40,293,1.37,8.0,7.2,4.0,65
2022-03-02,4.2,10.5,80,0.00,329,1.13,0.0,6.2,3.8,63
2022-03-03,3.7,7.5,89,4.80,355,0.80,13.0,8.0,3.8,78
2022-03-04,4.1,10.4,77,0.50,220,1.60,4.0,7.6,5.6,41
2022-03-05,3.3,10.3,66,0.00,297,1.73,0.0,10.2,6.0,33
2022-03-06,2.5,10.5,66,0.00,243,1.82,0.0,7.7,5.5,36
2022-03-07,5.4,12.7,67,0.00,261,1.61,0.0,10.2,6.3,40
2022-03-08,4.0,8.6,55,0.00,322,1.94,0.0,12.1,8.9,28
2022-03-09,-1.0,5.0,57,0.10,352,1.66,1.0,11.5,6.5,21
2022-03-10,-0.8,7.8,56,0.00,199,1.73,0.0,10.7,6.0,22
2022-03-11,2.0,7.4,59,0.30,224,1.07,3.0,8.3,6.2,24
2022-03-12,5.0,8.6,67,1.70,260,1.08,6.0,8.0,3.6,54
2022-03-13,4.6,13.1,67,0.00,264,1.90,0.0,11.6,5.5,42
2022-03-14,7.8,11.7,66,0.00,198,1.68,0.0,15.8,7.9,54
2022-03-15,6.4,11.8,82,7.00,222,1.66,15.0,14.3,6.2,36
2022-03-16,6.1,11.4,61,0.40,232,1.96,2.0,13.0,7.5,39
2022-03-17,5.1,11.7,70,0.40,266,1.25,4.0,7.3,5.2,41
2022-03-18,4.9,10.8,77,0.20,249,1.24,2.0,9.4,3.8,53
2022-03-19,5.0,8.8,88,5.10,309,0.79,12.0,9.2,4.8,76
2022-03-20,4.0,9.8,58,0.40,226,2.16,1.0,13.8,8.8,36
2022-03-21,6.5,12.3,64,0.00,205,1.79,0.0,13.8,6.1,50
2022-03-22,7.1,13.4,79,1.70,225,1.46,5.0,9.4,6.0,57
2022-03-23,8.7,14.6,84,0.20,265,1.76,1.0,10.9,5.7,62
2022-03-24,6.4,11.9,70,1.90,234,2.04,4.0,10.5,6.9,37
2022-03-25,8.2,13.2,44,0.00,357,2.24,0.0,8.0,5.3,32
2022-03-26,7.6,14.8,73,0.40,298,1.80,3.0,8.9,4.4,40
2022-03-27,10.5,15.5,72,0.40,339,1.89,3.0,7.3,4.1,57
2022-03-28,9.1,15.9,77,0.70,328,1.81,4.0,11.1,3.6,53
2022-03-29,7.4,15.1,65,0.00,310,2.61,0.0,7.9,4.8,37
2022-03-30,8.8,14.7,62,0.20,260,2.52,2.0,15.0,7.9,34
2022-03-31,7.0,12.2,56,0.30,239,2.26,2.0,10.9,7.0,35
2022-04-01,5.7,13.8,66,0.00,213,2.21,0.0,13.8,7.3,39
2022-04-02,7.2,12.5,64,0.30,237,2.55,2.0,14.1,8.4,33
2022-04-03,6.2,11.3,61,0.20,226,2.26,1.0,15.0,7.8,35
2022-04-04,7.9,10.4,65,8.50,227,2.36,12.0,19.8,9.7,33
2022-04-05,5.7,11.0,53,1.00,213,2.70,2.0,16.6,10.8,35
2022-04-06,6.1,13.8,54,0.00,244,2.98,0.0,11.4,6.4,27
2022-04-07,9.8,16.6,40,0.10,191,2.94,1.0,9.0,5.5,31
2022-04-08,10.7,15.8,55,1.50,261,2.86,5.0,18.9,8.5,32
2022-04-09,6.2,11.5,58,7.20,207,2.44,19.0,16.4,8.0,30
2022-04-10,3.7,8.0,66,2.00,78,2.46,7.0,10.1,4.8,35
2022-04-11,3.3,8.6,65,0.70,38,2.22,6.0,14.9,8.7,26
2022-04-12,3.9,7.6,53,3.90,0,2.02,10.0,9.9,3.9,27
2022-04-13,2.5,6.9,59,3.60,7,2.29,11.0,9.9,4.6,28
2022-04-14,3.7,8.1,42,0.00,21,2.59,0.0,8.7,6.6,26
2022-04-15,3.7,8.1,53,1.60,210,2.51,7.0,13.9,5.8,30
2022-04-16,3.9,9.5,59,0.00,18,2.47,0.0,9.8,6.2,28
2022-04-17,5.2,12.0,54,0.00,204,3.15,0.0,8.9,6.7,29
2022-04-18,6.8,11.3,53,0.00,188,2.20,0.0,11.2,6.6,31
2022-04-19,7.1,13.1,66,1.70,228,2.83,6.0,12.7,7.2,27
2022-04-20,5.3,13.2,61,0.10,253,3.08,1.0,12.2,6.2,28
2022-04-21,7.7,10.8,67,1.30,259,1.62,7.0,8.4,4.9,46
2022-04-22,6.3,15.7,80,5.90,221,2.79,6.0,13.7,6.2,38
2022-04-23,7.7,16.8,68,0.00,190,3.33,0.0,9.7,6.6,32
2022-04-24,9.6,17.9,60,0.00,224,3.83,0.0,16.9,7.4,30
2022-04-25,12.5,16.7,48,0.00,230,3.41,0.0,13.1,7.4,36
2022-04-26,8.1,14.1,72,0.90,220,1.82,6.0,9.4,5.6,55
2022-04-27,6.2,13.8,61,0.20,209,3.38,2.0,11.4,7.9,25
2022-04-28,6.7,14.3,53,0.00,240,3.48,0.0,11.5,5.9,27
2022-04-29,9.2,15.4,55,0.20,218,3.62,1.0,9.0,6.5,27
2022-04-30,8.6,14.1,68,1.70,354,1.76,9.0,9.4,5.9,39
2022-05-01,9.5,19.1,71,0.00,211,3.37,0.0,6.5,3.3,33
2022-05-02,14.5,17.9,49,0.00,95,3.06,0.0,8.1,3.8,37
2022-05-03,13.8,18.8,58,0.00,242,3.86,0.0,12.4,7.4,37
2022-05-04,12.4,18.0,65,0.60,264,1.91,3.0,11.2,5.1,45
2022-05-05,11.3,13.3,88,8.40,343,1.07,17.0,6.4,4.2,76
2022-05-06,9.5,14.6,76,4.00,205,2.94,7.0,13.0,6.9,40
2022-05-07,8.8,15.3,69,0.80,240,2.82,2.0,14.0,6.4,30
2022-05-08,8.2,14.2,55,1.80,222,2.88,4.0,14.6,7.0,31
2022-05-09,8.5,15.0,61,1.60,218,3.07,4.0,12.2,6.9,36
2022-05-10,9.3,15.1,53,0.00,224,3.69,0.0,11.8,8.6,32
2022-05-11,8.9,16.4,55,0.00,236,4.09,0.0,12.6,7.2,28
2022-05-12,10.0,15.9,52,0.00,219,3.33,0.0,13.3,7.9,26
2022-05-13,9.2,15.1,63,3.50,210,3.72,8.0,14.1,8.4,26
2022-05-14,9.5,13.9,49,0.30,210,3.01,3.0,13.2,7.1,29
2022-05-15,10.0,13.5,78,4.10,331,1.45,9.0,7.9,5.4,68
2022-05-16,11.5,19.3,81,2.40,275,3.27,9.0,17.0,7.5,36
2022-05-17,10.7,17.8,54,0.00,240,3.74,0.0,15.5,8.5,30
2022-05-18,10.2,15.6,61,5.90,264,3.25,11.0,19.1,9.4,32
2022-05-19,10.0,15.3,53,0.50,226,3.26,2.0,13.7,10.0,38
2022-05-20,10.7,15.8,59,2.30,308,3.73,5.0,12.0,6.1,41
2022-05-21,10.1,15.9,78,5.50,7,3.04,13.0,8.2,3.7,48
2022-05-22,11.2,19.5,64,0.00,141,4.27,0.0,10.4,5.0,32
2022-05-23,12.8,18.8,59,2.50,245,3.74,1.0,11.5,6.7,37
2022-05-24,12.4,19.7,63,0.10,211,3.69,1.0,12.1,6.1,33
2022-05-25,14.1,21.0,62,0.00,225,3.27,0.0,14.8,7.0,34
2022-05-26,14.5,22.7,55,0.00,259,4.57,0.0,12.2,5.9,26
2022-05-27,16.0,21.1,59,6.40,242,3.90,9.0,15.7,7.4,32
2022-05-28,12.2,18.5,54,0.00,228,4.24,0.0,14.5,6.6,32
2022-05-29,14.7,20.4,53,0.00,261,3.94,0.0,6.8,4.1,35
2022-05-30,14.5,20.9,60,0.00,266,4.09,0.0,12.2,6.9,44
2022-05-31,15.1,20.5,68,0.50,209,3.04,1.0,8.1,3.8,45
2022-06-01,15.1,22.4,68,0.00,36,4.40,0.0,7.2,4.5,40
2022-06-02,17.7,22.9,60,0.10,14,4.05,1.0,6.6,4.3,41
2022-06-03,17.0,21.7,76,7.90,327,2.59,12.0,8.1,3.7,51
2022-06-04,13.5,18.8,83,5.90,244,2.26,5.0,9.2,3.6,60
2022-06-05,15.0,18.2,74,2.00,228,2.38,7.0,8.6,4.1,64
2022-06-06,14.9,21.6,66,0.10,236,4.39,1.0,10.9,7.0,30
2022-06-07,15.1,22.6,58,0.00,246,4.98,0.0,9.0,5.6,29
2022-06-08,18.7,23.5,51,0.70,207,4.67,4.0,11.9,6.2,29
2022-06-09,15.4,23.1,57,0.50,247,3.07,3.0,14.8,6.7,30
2022-06-10,13.8,23.1,83,4.80,317,3.31,13.0,12.1,5.4,35
2022-06-11,17.4,23.5,60,0.30,222,4.59,3.0,11.9,7.4,30
2022-06-12,15.8,22.8,53,0.00,242,5.04,0.0,11.3,5.8,30
2022-06-13,13.9,21.3,77,11.90,223,1.69,16.0,10.2,6.8,32
2022-06-14,12.3,20.7,75,6.90,217,2.12,20.0,14.6,8.2,41
2022-06-15,15.1,23.4,62,0.00,213,4.59,0.0,13.8,7.7,39
2022-06-16,17.2,21.8,60,0.60,235,3.55,3.0,11.8,4.5,42
2022-06-17,14.0,17.7,78,1.00,41,2.31,4.0,8.0,4.2,63
2022-06-18,15.9,23.4,67,0.10,253,4.37,1.0,8.9,5.0,35
2022-06-19,15.3,21.5,71,19.80,180,3.03,13.0,11.3,6.3,39
2022-06-20,16.7,25.2,69,0.50,168,4.53,4.0,7.4,5.1,36
2022-06-21,18.2,25.8,60,0.00,226,4.86,0.0,13.8,7.6,35
2022-06-22,20.0,24.9,59,0.10,240,5.00,1.0,15.2,8.5,30
2022-06-23,15.7,23.6,50,0.80,241,5.07,5.0,14.8,5.7,28
2022-06-24,15.4,21.2,58,0.20,66,4.56,2.0,9.8,6.6,28
2022-06-25,17.7,26.2,62,0.00,45,5.27,0.0,9.4,4.2,30
2022-06-26,21.0,29.7,49,0.00,19,5.73,0.0,6.6,3.4,26
2022-06-27,24.8,31.9,40,0.00,306,6.07,0.0,6.2,3.8,20
2022-06-28,23.5,32.1,51,1.50,274,5.22,1.0,13.4,6.1,26
2022-06-29,17.8,23.7,58,0.30,221,4.09,1.0,14.0,8.2,36
2022-06-30,17.3,25.0,67,0.00,57,4.70,0.0,8.7,4.3,39
2022-07-01,19.7,27.9,62,0.00,179,5.24,0.0,8.0,3.8,32
2022-07-02,20.6,29.5,56,0.00,266,5.52,0.0,7.9,5.0,27
2022-07-03,19.8,27.0,72,2.60,5,3.05,9.0,12.1,3.9,40
2022-07-04,17.2,20.4,83,1.40,111,2.49,10.0,9.7,3.8,60
2022-07-05,15.0,22.5,80,0.80,255,3.64,3.0,6.6,3.8,47
2022-07-06,18.7,24.4,65,1.00,331,3.81,2.0,6.5,3.7,44
2022-07-07,19.0,23.5,76,0.60,255,3.98,2.0,10.2,4.2,54
2022-07-08,18.6,25.8,65,0.50,222,4.82,1.0,9.4,4.9,37
2022-07-09,18.8,26.4,60,0.00,231,5.04,0.0,11.0,6.2,33
2022-07-10,19.9,26.7,53,0.00,237,5.14,0.0,14.1,8.0,31
2022-07-11,20.1,30.1,58,0.00,232,5.60,0.0,12.3,6.2,33
2022-07-12,23.1,31.9,51,0.00,233,5.98,0.0,9.9,5.7,28
2022-07-13,23.0,32.2,51,0.00,245,5.82,0.0,11.6,8.8,24
2022-07-14,21.5,30.9,46,0.00,236,6.23,0.0,11.5,7.1,24
2022-07-15,23.4,32.7,45,0.00,238,6.27,0.0,11.3,6.6,23
2022-07-16,23.6,31.6,49,0.00,229,5.99,0.0,12.0,6.5,25
2022-07-17,22.1,29.9,49,0.00,248,5.37,0.0,12.2,6.4,29
2022-07-18,21.7,29.1,51,1.20,237,5.06,5.0,14.8,7.0,23
2022-07-19,21.9,32.2,53,0.00,233,6.02,0.0,13.5,8.2,23
2022-07-20,23.4,33.2,46,0.00,228,6.38,0.0,11.9,7.6,19
2022-07-21,24.2,34.0,42,0.00,227,6.51,0.0,10.0,7.2,18
2022-07-22,23.7,33.3,44,0.10,246,5.80,1.0,12.1,6.6,18
2022-07-23,23.7,32.1,44,0.00,231,5.90,0.0,13.6,6.8,23
2022-07-24,25.2,34.2,47,0.00,160,6.17,0.0,13.8,7.7,22
2022-07-25,26.8,34.3,42,0.00,343,5.70,0.0,10.5,5.7,19
2022-07-26,27.5,34.8,44,0.00,342,6.13,0.0,9.3,6.4,26
2022-07-27,28.1,36.4,44,0.00,94,6.33,0.0,10.9,6.5,24
2022-07-28,29.1,37.3,46,0.00,175,5.50,0.0,15.5,6.2,24
2022-07-29,29.6,38.9,42,0.00,215,6.31,0.0,12.4,7.0,13
2022-07-30,27.0,36.6,41,0.00,51,6.05,0.0,14.1,5.8,20
2022-07-31,27.2,37.9,36,0.00,231,6.65,0.0,10.7,7.4,13
2022-08-01,27.3,37.5,34,0.00,237,6.74,0.0,14.8,8.7,12
2022-08-02,25.2,33.2,42,0.00,230,6.24,0.0,16.1,8.6,16
2022-08-03,24.4,32.2,38,0.00,238,5.45,0.0,14.3,7.6,18
2022-08-04,22.2,31.6,46,0.00,251,5.39,0.0,18.0,10.1,19
2022-08-05,18.2,24.7,56,0.10,17,4.47,1.0,12.6,6.9,32
2022-08-06,19.4,28.7,54,0.00,68,5.09,0.0,12.2,6.8,25
2022-08-07,22.7,33.5,53,0.00,153,5.23,0.0,10.2,4.4,22
2022-08-08,25.2,35.2,42,0.00,214,6.00,0.0,10.5,7.1,16
2022-08-09,26.1,34.7,39,0.00,239,4.82,0.0,12.6,5.5,18
2022-08-10,25.7,34.0,53,0.00,268,4.01,0.0,10.7,4.1,30
2022-08-11,26.5,33.8,55,0.10,298,4.64,1.0,9.3,5.4,28
2022-08-12,25.4,34.3,57,0.00,2,4.62,0.0,10.7,4.5,22
2022-08-13,24.1,33.9,49,0.00,269,5.34,0.0,14.2,9.0,23
2022-08-14,20.3,29.7,55,0.00,239,4.85,0.0,12.3,6.6,26
2022-08-15,23.2,32.4,53,0.00,215,4.88,0.0,10.1,5.6,23
2022-08-16,25.2,34.5,44,0.00,227,5.28,0.0,8.9,6.1,18
2022-08-17,26.1,36.3,49,0.00,306,5.21,0.0,8.1,5.4,17
2022-08-18,27.6,37.8,49,0.00,352,4.85,0.0,13.7,3.8,18
2022-08-19,26.9,36.1,52,0.00,238,3.54,0.0,8.9,6.0,22
2022-08-20,25.7,33.6,56,0.00,260,4.04,0.0,11.5,4.6,27
2022-08-21,25.9,32.7,57,0.00,298,4.33,0.0,9.3,4.8,33
2022-08-22,25.3,32.3,54,0.00,287,3.68,0.0,10.4,5.5,26
2022-08-23,23.1,29.4,62,0.30,280,3.70,1.0,10.5,6.0,38
2022-08-24,22.4,30.9,76,0.80,22,3.86,1.0,8.7,4.5,31
2022-08-25,25.7,32.4,55,0.00,1,4.29,0.0,9.0,4.3,28
2022-08-26,25.1,32.2,56,0.00,242,4.70,0.0,14.7,7.1,28
2022-08-27,21.2,30.8,51,0.00,251,3.93,0.0,13.4,8.7,24
2022-08-28,18.6,26.9,55,0.00,217,3.65,0.0,9.1,6.5,32
2022-08-29,20.7,29.3,58,0.00,260,3.76,0.0,8.0,4.9,31
2022-08-30,24.5,33.5,50,0.00,264,4.38,0.0,7.4,4.8,20
2022-08-31,26.2,34.2,43,0.10,273,4.10,1.0,13.2,5.0,23
2022-09-01,24.8,32.4,60,0.00,202,4.48,0.0,12.3,7.0,27
2022-09-02,24.5,35.2,55,0.00,272,4.37,0.0,9.5,4.8,13
2022-09-03,28.9,34.2,29,0.00,215,4.71,0.0,16.2,5.7,14
2022-09-04,23.2,29.9,49,0.00,232,4.18,0.0,13.4,7.9,28
2022-09-05,21.3,28.0,47,0.00,243,4.47,0.0,12.8,10.0,24
2022-09-06,18.9,28.7,53,0.00,281,3.80,0.0,8.9,4.6,21
2022-09-07,21.7,28.2,47,0.00,256,4.54,0.0,16.6,8.5,13
2022-09-08,19.0,27.1,38,0.00,284,4.34,0.0,14.8,7.9,13
2022-09-09,16.9,24.0,51,0.00,352,3.79,0.0,9.7,7.4,25
2022-09-10,17.6,27.0,63,0.00,347,3.34,0.0,5.5,3.5,28
2022-09-11,22.2,28.6,46,0.00,269,3.40,0.0,8.6,5.0,23
2022-09-12,19.4,24.7,66,0.00,278,2.11,0.0,7.0,4.1,38
2022-09-13,19.2,23.7,78,1.00,294,2.59,3.0,8.8,4.0,54
2022-09-14,18.2,22.1,78,0.50,8,1.94,4.0,6.0,4.2,53
2022-09-15,17.9,23.1,73,0.00,231,2.85,0.0,8.4,4.6,46
2022-09-16,16.8,22.5,70,3.90,244,2.66,2.0,14.0,7.0,37
2022-09-17,13.5,19.5,57,0.00,351,2.69,0.0,10.4,6.6,31
2022-09-18,13.5,21.0,64,0.00,18,2.84,0.0,9.7,6.5,30
2022-09-19,14.9,22.3,68,0.10,328,3.01,1.0,12.8,5.9,23
2022-09-20,14.2,20.7,63,0.00,8,2.98,0.0,11.4,7.6,25
2022-09-21,14.4,23.0,67,0.00,19,2.94,0.0,10.3,5.6,27
2022-09-22,16.4,25.0,62,0.00,253,3.26,0.0,13.6,5.7,26
2022-09-23,16.9,23.9,54,0.00,233,2.78,0.0,12.9,8.5,28
2022-09-24,16.1,22.2,64,0.00,258,2.50,0.0,7.9,5.3,37
2022-09-25,16.8,25.4,72,0.00,315,2.64,0.0,7.6,4.0,37
2022-09-26,19.1,26.7,63,0.00,298,2.58,0.0,5.6,3.7,31
2022-09-27,21.7,28.6,45,0.00,305,3.07,0.0,7.1,4.4,30
2022-09-28,20.3,27.4,59,0.00,300,2.49,0.0,6.6,3.9,30
2022-09-29,19.2,24.9,62,0.00,252,2.20,0.0,7.8,5.2,37
2022-09-30,18.3,24.0,72,0.00,180,2.54,0.0,11.3,6.2,44
2022-10-01,17.8,26.4,77,0.00,6,2.44,0.0,6.3,3.5,37
2022-10-02,18.4,26.3,74,0.00,46,2.59,0.0,6.8,3.9,37
2022-10-03,18.5,26.8,71,0.00,277,2.46,0.0,5.9,3.2,32
2022-10-04,19.9,26.4,57,0.00,277,2.52,0.0,6.5,4.3,28
2022-10-05,20.0,26.1,51,0.00,261,2.72,0.0,6.7,4.5,29
2022-10-06,17.4,25.2,74,0.00,0,2.32,0.0,6.0,3.9,35
2022-10-07,17.4,24.0,72,0.00,328,1.59,0.0,5.5,3.1,38
2022-10-08,17.6,24.5,76,0.00,29,2.25,0.0,7.9,4.5,40
2022-10-09,16.3,23.8,75,0.00,60,2.30,0.0,9.4,4.3,38
2022-10-10,16.2,24.3,68,0.00,251,2.30,0.0,17.7,6.8,35
2022-10-11,16.8,23.5,48,0.00,207,2.49,0.0,11.2,5.6,28
2022-10-12,15.2,22.0,66,0.00,24,2.22,0.0,10.8,6.3,35
2022-10-13,13.5,21.2,78,0.00,14,1.92,0.0,8.3,3.7,39
2022-10-14,14.8,23.6,75,0.00,26,1.99,0.0,9.3,4.3,36
2022-10-15,13.8,21.5,78,0.00,16,1.79,0.0,7.2,3.7,39
2022-10-16,15.7,22.1,65,0.00,328,1.82,0.0,8.2,4.6,36
2022-10-17,15.2,23.0,60,0.00,311,1.83,0.0,6.9,4.5,26
2022-10-18,15.3,21.6,66,0.00,322,1.55,0.0,5.8,3.0,30
2022-10-19,15.9,22.6,69,0.00,304,1.71,0.0,6.1,3.5,35
2022-10-20,14.8,21.1,68,0.00,312,0.91,0.0,8.2,4.9,39
2022-10-21,11.7,14.9,64,3.00,248,0.77,6.0,6.7,4.6,54
2022-10-22,7.0,11.5,75,2.00,5,1.21,5.0,7.4,5.1,43
2022-10-23,6.8,12.4,67,0.70,323,1.29,4.0,10.4,6.2,43
2022-10-24,8.8,12.2,63,3.30,209,1.19,9.0,13.5,6.9,45
2022-10-25,8.3,10.9,64,0.40,196,1.23,4.0,12.6,8.2,50
2022-10-26,8.4,11.2,69,3.60,211,1.14,11.0,12.2,6.2,43
2022-10-27,9.4,13.0,58,0.00,191,1.24,0.0,17.6,8.6,44
2022-10-28,11.4,14.8,70,6.40,211,1.31,15.0,11.8,5.7,39
2022-10-29,9.3,13.8,62,0.00,217,1.10,0.0,8.6,6.6,44
2022-10-30,11.0,12.8,59,0.20,207,1.08,2.0,11.4,7.2,52
2022-10-31,10.7,14.7,71,1.80,228,1.27,12.0,17.4,7.7,35
2022-11-01,7.1,11.6,61,0.00,24,0.85,0.0,7.8,4.5,42
2022-11-02,4.5,8.4,61,0.00,348,1.07,0.0,7.1,5.6,40
2022-11-03,1.9,6.8,57,0.10,246,0.94,1.0,11.6,7.0,32
2022-11-04,3.4,5.1,82,18.00,221,0.32,23.0,7.6,4.9,62
2022-11-05,4.7,6.8,67,2.80,236,1.04,11.0,14.0,8.4,40
2022-11-06,2.0,4.2,63,0.90,346,0.56,6.0,9.7,6.6,47
2022-11-07,1.7,2.6,79,12.40,20,0.44,24.0,13.7,10.1,70
2022-11-08,-2.8,-0.8,77,0.90,30,0.58,6.0,11.3,9.0,69
2022-11-09,-4.0,-1.7,82,0.00,40,0.51,0.0,10.7,6.6,73
2022-11-10,-6.2,0.3,89,0.00,9,0.52,0.0,7.8,5.9,68
2022-11-11,-3.7,-0.5,77,0.00,318,0.34,0.0,6.7,4.3,71
2022-11-12,-1.6,1.2,82,0.00,14,0.53,0.0,5.8,4.2,70
2022-11-13,-1.0,3.8,88,0.00,8,0.56,0.0,6.6,4.8,68
2022-11-14,1.8,4.1,84,0.00,22,0.56,0.0,7.0,4.8,77
2022-11-15,-0.4,3.5,93,0.00,18,0.52,0.0,7.3,5.2,76
2022-11-16,-0.1,4.3,93,0.00,16,0.51,0.0,6.4,3.6,79
2022-11-17,1.0,3.9,78,0.00,35,0.51,0.0,8.6,6.2,66
2022-11-18,-2.8,0.1,87,0.00,25,0.48,0.0,8.7,5.6,70
2022-11-19,-3.0,0.7,76,0.00,290,0.39,0.0,5.1,3.9,53
2022-11-20,-1.8,2.8,59,0.00,281,0.57,0.0,6.0,4.3,46
2022-11-21,-0.1,2.9,77,0.90,264,0.40,4.0,6.3,4.1,64
2022-11-22,1.5,2.3,75,2.60,279,0.35,6.0,8.9,6.4,68
2022-11-23,4.3,7.4,79,4.10,188,0.54,6.0,7.6,5.1,63
2022-11-24,2.7,4.7,78,0.00,269,0.45,0.0,8.6,6.4,71
2022-11-25,3.4,6.6,83,1.20,279,0.27,6.0,8.4,4.8,72
2022-11-26,3.3,6.5,78,0.10,206,0.47,1.0,10.5,6.7,59
2022-11-27,2.4,3.9,75,11.30,211,0.49,12.0,11.6,6.8,60
2022-11-28,-4.0,2.1,68,2.90,333,0.38,10.0,9.5,5.4,56
2022-11-29,-7.3,-2.5,75,0.00,308,0.34,0.0,9.8,6.8,57
2022-11-30,-2.3,1.4,82,4.70,65,0.38,16.0,6.5,3.6,60
2022-12-01,-5.8,-0.1,81,1.60,345,0.31,9.0,9.7,6.1,63
2022-12-02,-11.0,-4.4,86,0.00,354,0.23,0.0,8.8,5.1,61
2022-12-03,-5.3,-3.8,75,0.00,345,0.31,0.0,8.3,4.7,71
2022-12-04,-5.4,-2.4,88,0.00,22,0.34,0.0,8.8,6.4,69
2022-12-05,-7.8,-2.6,90,0.00,334,0.31,0.0,9.7,6.4,71
2022-12-06,-3.3,2.6,81,0.00,228,0.33,0.0,8.5,6.8,67
2022-12-07,-1.1,1.4,73,0.00,199,0.38,0.0,8.6,5.5,66
2022-12-08,-1.8,0.8,81,0.80,251,0.23,8.0,6.4,4.7,77
2022-12-09,-4.0,0.1,86,0.00,266,0.33,0.0,7.4,5.7,68
2022-12-10,0.2,2.1,81,3.10,332,0.24,17.0,7.4,4.9,67
2022-12-11,2.5,3.9,87,3.50,344,0.28,14.0,7.8,3.6,83
2022-12-12,-0.2,3.7,82,0.00,354,0.38,0.0,8.4,5.6,65
2022-12-13,-5.6,0.8,93,0.00,348,0.32,0.0,6.6,5.2,73
2022-12-14,0.5,3.1,79,0.30,27,0.38,3.0,7.3,4.1,58
2022-12-15,-0.3,1.8,79,0.00,31,0.34,0.0,6.5,4.4,57
2022-12-16,-3.6,0.9,92,0.00,272,0.33,0.0,7.2,4.9,76
2022-12-17,-4.4,1.1,84,0.60,243,0.22,6.0,9.7,7.0,74
2022-12-18,-6.2,-0.6,66,4.60,330,0.34,19.0,11.7,8.3,60
2022-12-19,-14.8,-11.2,76,0.60,341,0.24,6.0,10.5,8.1,51
2022-12-20,-10.5,-7.1,68,5.90,12,0.31,17.0,12.8,9.4,62
2022-12-21,-15.4,-13.4,78,0.20,343,0.20,2.0,15.6,9.4,53
2022-12-22,-14.0,-9.9,59,0.00,334,0.34,0.0,18.6,9.3,41
2022-12-23,-12.9,-9.3,67,8.70,287,0.20,17.0,12.0,7.7,56
2022-12-24,-6.2,-0.9,80,11.30,279,0.18,19.0,10.1,7.1,69
2022-12-25,-1.4,1.8,87,5.80,289,0.22,12.0,9.7,4.8,79
2022-12-26,2.0,6.8,92,5.80,302,0.37,16.0,10.7,7.6,71
2022-12-27,2.7,4.3,92,8.70,316,0.25,12.0,8.5,5.2,81
2022-12-28,3.5,5.1,88,2.60,213,0.25,18.0,6.8,4.9,80
2022-12-29,-2.1,3.4,86,0.00,288,0.26,0.0,8.8,6.2,73
2022-12-30,0.5,3.3,87,4.60,314,0.28,16.0,6.2,4.4,80
2022-12-31,0.3,4.1,88,0.80,277,0.36,4.0,6.5,4.9,73
2023-01-01,1.7,4.1,82,2.00,217,0.40,6.0,7.0,5.0,66
