latitude,longitude,elevation,utc_offset_seconds,timezone,timezone_abbreviation
46.994724,-72.759766,381.0,0,GMT,GMT

time,temperature_2m_mean (°C),temperature_2m_max (°C),relative_humidity_2m_mean (%),precipitation_sum (mm),wind_direction_10m_dominant (°),et0_fao_evapotranspiration (mm),precipitation_hours (h),wind_speed_10m_max (km/h),wind_speed_10m_mean (km/h),relative_humidity_2m_min (%)
1990-01-01,-4.3,0.6,85,8.00,279,0.35,19.0,25.5,17.3,64
1990-01-02,-12.7,-4.4,76,0.00,259,0.32,0.0,22.7,14.3,69
1990-01-03,-2.9,-1.1,81,0.00,245,0.44,0.0,14.0,10.3,68
1990-01-04,-1.6,0.4,93,7.50,179,0.19,9.0,13.7,12.5,88
1990-01-05,-7.3,0.2,72,3.10,305,0.47,3.0,21.3,13.5,56
1990-01-06,-11.7,-7.1,81,3.30,242,0.24,12.0,17.7,9.2,68
1990-01-07,-16.3,-11.7,80,3.10,183,0.17,9.0,15.9,10.8,71
1990-01-08,-7.3,-3.9,82,0.00,247,0.35,0.0,11.4,8.6,58
1990-01-09,-6.8,-2.8,86,0.00,144,0.31,0.0,12.7,10.1,79
1990-01-10,-5.0,-3.1,89,3.20,6,0.26,11.0,17.4,11.0,74
1990-01-11,-14.1,-9.2,83,2.00,27,0.21,4.0,16.9,10.2,72
1990-01-12,-6.1,-4.1,90,10.50,126,0.22,23.0,20.0,11.7,84
1990-01-13,-12.3,-6.0,73,0.30,319,0.37,2.0,19.4,16.1,55
1990-01-14,-22.2,-19.0,68,0.00,318,0.24,0.0,16.3,13.2,52
1990-01-15,-20.7,-14.6,70,1.30,129,0.19,5.0,8.9,6.2,59
1990-01-16,-12.2,-7.5,80,1.40,295,0.34,4.0,10.7,6.0,62
1990-01-17,-8.6,-2.3,88,3.40,168,0.20,6.0,14.4,7.7,83
1990-01-18,2.1,4.1,87,3.10,243,0.49,8.0,17.2,14.5,65
1990-01-19,-11.8,-2.1,64,0.10,298,0.53,1.0,22.2,17.8,48
1990-01-20,-14.2,-6.7,73,0.00,217,0.36,0.0,16.9,9.7,66
1990-01-21,-17.4,-12.3,68,0.20,21,0.34,1.0,16.9,12.5,49
1990-01-22,-15.6,-11.8,75,4.70,118,0.27,19.0,16.3,13.1,65
1990-01-23,-10.1,-5.2,80,0.60,239,0.38,3.0,13.6,7.4,57
1990-01-24,-7.3,-0.3,86,9.30,124,0.23,13.0,22.0,13.5,77
1990-01-25,-0.3,1.2,85,0.10,186,0.56,1.0,15.8,11.3,72
1990-01-26,0.8,3.5,85,9.60,180,0.43,20.0,21.8,17.2,77
1990-01-27,-5.8,-1.4,74,0.00,281,0.70,0.0,22.9,14.6,60
1990-01-28,-3.1,1.1,70,0.00,215,0.94,0.0,25.2,20.6,56
1990-01-29,-7.8,-4.0,76,0.00,198,0.51,0.0,16.3,9.7,61
1990-01-30,-4.9,-3.1,84,12.90,83,0.37,19.0,17.4,11.3,71
1990-01-31,-6.7,-2.6,85,0.00,168,0.48,0.0,11.4,8.6,73
1990-02-01,-4.8,-0.5,89,0.60,182,0.31,3.0,17.6,10.8,81
1990-02-02,-11.4,0.9,64,0.00,327,0.49,0.0,22.5,17.5,48
1990-02-03,-22.5,-19.0,62,0.00,349,0.32,0.0,14.6,11.4,45
1990-02-04,-18.0,-12.6,68,2.20,21,0.34,11.0,10.7,7.5,57
1990-02-05,-18.8,-12.3,68,0.00,320,0.44,0.0,12.6,8.7,36
1990-02-06,-9.4,-2.8,78,0.50,247,0.58,5.0,18.6,12.3,57
1990-02-07,-8.3,-1.9,83,0.00,246,0.48,0.0,13.7,9.3,69
1990-02-08,-5.0,0.0,84,0.00,217,0.44,0.0,13.4,9.7,74
1990-02-09,0.2,3.5,90,3.80,195,0.42,5.0,17.9,14.1,80
1990-02-10,-2.4,-0.5,89,8.20,43,0.25,14.0,11.2,7.6,85
1990-02-11,-6.5,-1.9,72,0.60,269,0.69,2.0,19.1,14.9,49
1990-02-12,-14.1,-10.1,74,0.00,319,0.55,0.0,11.7,9.2,50
1990-02-13,-12.9,-5.0,78,8.70,168,0.25,13.0,18.1,10.8,70
1990-02-14,-9.7,-3.6,70,1.80,326,0.62,5.0,20.1,14.8,47
1990-02-15,-16.6,-12.8,70,0.00,16,0.34,0.0,10.4,4.9,49
1990-02-16,-12.2,-8.9,79,9.80,46,0.26,22.0,10.5,8.0,70
1990-02-17,-12.9,-10.0,70,5.70,320,0.49,7.0,22.2,14.7,44
1990-02-18,-20.5,-15.3,61,0.00,269,0.46,0.0,17.6,10.3,39
1990-02-19,-11.0,-3.7,70,1.90,240,0.71,9.0,20.6,12.4,58
1990-02-20,-17.4,-8.9,56,0.10,316,0.54,1.0,25.1,19.5,43
1990-02-21,-14.7,-4.3,70,0.50,181,0.61,5.0,12.7,10.0,54
1990-02-22,-1.7,4.3,71,2.50,204,1.09,3.0,16.6,13.2,54
1990-02-23,-3.2,-0.5,79,12.00,352,0.65,19.0,17.3,12.6,52
1990-02-24,-13.9,-8.1,64,0.00,356,0.63,0.0,17.3,14.6,44
1990-02-25,-20.0,-17.0,63,0.00,350,0.39,0.0,16.8,14.9,46
1990-02-26,-23.7,-18.2,60,0.00,302,0.46,0.0,17.3,10.2,40
1990-02-27,-17.1,-10.1,72,3.20,168,0.35,10.0,15.3,12.8,60
1990-02-28,-14.2,-10.1,66,0.00,292,0.64,0.0,21.1,13.8,45
1990-03-01,-15.2,-7.6,70,0.00,221,0.54,0.0,21.3,12.0,52
1990-03-02,-3.2,3.0,74,0.40,208,1.02,1.0,22.6,16.2,55
1990-03-03,-8.3,-0.4,68,1.20,338,0.91,3.0,20.9,11.0,47
1990-03-04,-15.1,-12.3,69,0.00,339,0.61,0.0,13.3,11.7,47
1990-03-05,-18.1,-13.8,65,0.00,318,0.64,0.0,12.8,10.6,42
1990-03-06,-19.0,-14.2,65,0.00,342,0.58,0.0,15.0,12.2,44
1990-03-07,-17.5,-10.6,64,0.00,334,0.75,0.0,14.6,11.8,38
1990-03-08,-12.2,-2.1,59,0.00,283,1.19,0.0,11.8,8.3,32
1990-03-09,-4.7,4.7,66,0.00,318,1.61,0.0,13.3,8.1,36
1990-03-10,-2.6,2.9,73,0.00,196,0.89,0.0,11.8,7.9,52
1990-03-11,0.3,3.3,76,0.00,285,1.42,0.0,18.6,12.8,42
1990-03-12,-0.2,6.9,70,0.00,323,1.60,0.0,11.3,7.2,24
1990-03-13,1.0,3.6,79,2.20,87,0.67,5.0,7.6,4.2,65
1990-03-14,0.6,3.5,80,2.90,133,0.86,3.0,12.2,8.6,63
1990-03-15,1.1,2.8,90,8.20,131,0.43,8.0,12.2,5.9,85
1990-03-16,3.8,10.7,89,0.00,147,1.56,0.0,10.6,8.3,70
1990-03-17,4.2,5.7,98,13.30,188,0.30,17.0,11.4,7.5,91
1990-03-18,2.1,3.6,75,0.10,241,1.43,1.0,20.6,15.1,50
1990-03-19,-1.4,1.6,70,0.00,273,1.42,0.0,17.3,12.5,43
1990-03-20,-2.3,0.7,79,2.40,31,0.70,8.0,10.3,7.5,63
1990-03-21,-1.2,1.2,75,1.80,349,1.49,9.0,22.7,16.0,47
1990-03-22,-3.8,3.8,73,0.70,154,1.21,1.0,20.6,12.6,55
1990-03-23,-0.1,3.9,71,6.00,253,1.18,15.0,26.5,21.7,44
1990-03-24,-11.2,-5.7,59,0.00,270,1.21,0.0,18.2,12.0,38
1990-03-25,-9.0,-1.3,66,0.00,208,1.32,0.0,20.8,13.1,41
1990-03-26,-6.8,-4.2,69,0.10,268,1.09,1.0,23.0,16.3,47
1990-03-27,-14.8,-9.1,60,0.00,293,0.99,0.0,17.3,11.1,39
1990-03-28,-9.7,-6.2,61,0.00,277,1.23,0.0,20.6,14.4,39
1990-03-29,-12.1,-4.6,62,0.00,331,1.44,0.0,14.0,7.8,33
1990-03-30,-7.3,2.0,59,0.90,140,1.59,3.0,12.7,8.3,37
1990-03-31,-0.4,3.0,86,3.20,149,1.29,8.0,14.8,8.6,69
1990-04-01,0.8,5.6,80,0.00,110,1.81,0.0,7.5,5.6,61
1990-04-02,0.9,4.7,88,1.20,75,0.97,8.0,9.4,6.6,72
1990-04-03,1.2,3.3,88,0.90,59,0.70,3.0,9.2,7.0,78
1990-04-04,2.5,5.2,88,21.30,59,0.53,23.0,15.3,11.1,83
1990-04-05,1.7,3.6,87,6.80,181,0.92,18.0,22.7,16.4,58
1990-04-06,-4.1,-0.1,69,0.00,266,1.41,0.0,17.7,10.4,42
1990-04-07,-5.1,-0.5,64,0.00,262,1.58,0.0,16.2,10.2,39
1990-04-08,-5.2,0.8,65,0.00,293,1.88,0.0,15.3,11.5,38
1990-04-09,-2.8,5.2,66,0.30,271,1.77,2.0,16.7,9.6,41
1990-04-10,-0.7,1.2,80,5.90,31,0.85,19.0,11.5,9.3,70
1990-04-11,-2.8,-1.0,80,13.30,11,0.88,24.0,20.2,14.5,65
1990-04-12,-4.4,-1.5,75,1.30,307,1.35,7.0,17.7,11.4,48
1990-04-13,-4.7,2.6,64,0.00,232,1.85,0.0,18.8,11.3,43
1990-04-14,-0.2,4.5,76,0.80,188,1.67,4.0,16.2,12.5,53
1990-04-15,2.5,5.7,91,6.90,163,0.77,13.0,16.2,13.2,80
1990-04-16,0.9,2.5,73,1.00,245,1.71,3.0,18.4,14.1,48
1990-04-17,-0.6,4.9,71,5.30,200,1.58,7.0,28.0,16.7,49
1990-04-18,-5.8,-0.4,60,0.00,300,1.80,0.0,24.7,17.6,34
1990-04-19,-1.1,9.0,65,0.00,221,2.68,0.0,21.5,12.4,42
1990-04-20,4.7,9.0,76,4.70,200,1.47,10.0,16.4,13.4,64
1990-04-21,5.0,9.6,81,3.80,342,2.30,9.0,17.0,11.2,45
1990-04-22,3.5,11.2,75,1.20,213,2.28,5.0,15.7,7.2,48
1990-04-23,4.5,9.9,78,0.00,351,2.51,0.0,16.6,12.8,51
1990-04-24,5.3,11.2,70,0.00,145,2.61,0.0,10.0,6.3,51
1990-04-25,5.8,13.6,82,3.40,144,1.69,6.0,9.8,6.8,66
1990-04-26,12.7,23.6,80,0.00,191,3.55,0.0,14.6,6.3,46
1990-04-27,17.8,26.4,72,0.00,267,4.41,0.0,19.8,11.1,37
1990-04-28,13.6,18.6,77,0.00,41,2.81,0.0,16.1,10.9,55
1990-04-29,10.8,18.8,68,1.10,132,3.76,3.0,18.3,15.9,53
1990-04-30,13.8,20.9,77,0.00,158,3.98,0.0,17.0,12.3,55
1990-05-01,14.1,18.3,82,1.60,184,2.42,3.0,21.6,14.8,58
1990-05-02,8.1,15.0,44,0.00,285,3.28,0.0,22.2,15.9,29
1990-05-03,5.6,10.7,50,0.00,288,3.04,0.0,14.9,9.3,28
1990-05-04,7.7,14.8,54,0.10,232,3.33,1.0,13.4,6.8,27
1990-05-05,6.5,10.5,78,7.20,109,1.50,8.0,9.7,6.1,52
1990-05-06,5.8,11.3,68,1.60,339,3.48,7.0,16.0,10.0,25
1990-05-07,6.1,11.6,52,0.00,359,3.47,0.0,11.9,6.1,31
1990-05-08,7.4,14.3,63,0.00,211,3.35,0.0,16.9,5.9,29
1990-05-09,10.6,17.7,77,3.80,223,3.12,9.0,17.2,15.1,49
1990-05-10,11.6,20.3,71,4.40,116,3.52,5.0,25.2,16.9,50
1990-05-11,8.9,14.0,83,25.20,213,2.10,20.0,25.2,18.9,51
1990-05-12,7.2,16.4,51,0.00,266,4.38,0.0,24.9,16.1,26
1990-05-13,9.3,12.6,62,0.00,195,2.07,0.0,15.3,7.7,45
1990-05-14,11.2,18.6,62,0.00,338,4.33,0.0,12.0,8.8,29
1990-05-15,12.0,17.0,71,3.30,169,2.50,7.0,13.7,8.4,44
1990-05-16,10.7,17.0,71,0.00,5,3.91,0.0,15.8,12.2,26
1990-05-17,9.2,12.5,60,3.80,110,2.17,3.0,25.0,18.7,48
1990-05-18,8.2,12.0,94,17.20,141,1.51,24.0,26.6,19.7,74
1990-05-19,6.7,8.6,92,13.40,216,1.35,24.0,10.9,6.7,79
1990-05-20,6.2,10.2,80,0.30,90,1.81,3.0,10.7,6.4,56
1990-05-21,5.8,7.7,76,4.00,66,1.47,10.0,13.3,11.5,67
1990-05-22,4.7,7.7,86,4.70,11,1.42,19.0,15.5,12.4,68
1990-05-23,7.2,14.6,69,0.00,24,2.50,0.0,9.7,7.4,40
1990-05-24,9.3,15.6,64,0.00,167,3.62,0.0,10.9,6.9,43
1990-05-25,11.1,18.3,55,0.00,92,4.67,0.0,10.7,4.8,29
1990-05-26,14.0,21.7,58,0.00,274,4.73,0.0,9.4,5.7,26
1990-05-27,15.6,22.9,61,0.20,303,4.85,1.0,12.1,7.2,29
1990-05-28,16.1,22.5,61,0.50,260,4.85,1.0,17.3,10.2,37
1990-05-29,8.3,14.2,58,0.50,358,3.86,2.0,20.7,15.6,35
1990-05-30,7.7,11.2,45,0.00,352,4.40,0.0,23.9,20.4,28
1990-05-31,7.5,13.9,51,0.00,309,3.62,0.0,23.4,14.1,32
1990-06-01,14.9,23.9,56,0.30,256,5.65,2.0,19.2,12.1,25
1990-06-02,16.8,23.3,56,0.00,227,4.33,0.0,16.9,12.1,44
1990-06-03,18.6,24.1,84,5.40,194,3.17,5.0,24.4,15.5,63
1990-06-04,12.1,17.0,90,10.70,261,1.07,12.0,19.3,14.4,59
1990-06-05,6.8,9.7,58,0.20,311,2.80,2.0,18.3,14.4,41
1990-06-06,8.2,14.2,72,0.90,192,2.23,4.0,13.3,8.5,50
1990-06-07,11.9,17.5,84,2.00,259,2.92,6.0,20.1,10.9,63
1990-06-08,14.0,21.4,65,0.00,302,5.00,0.0,11.3,7.5,38
1990-06-09,13.6,17.1,83,6.40,113,1.64,11.0,12.0,7.9,65
1990-06-10,12.0,12.7,100,16.60,82,0.65,24.0,15.7,12.1,97
1990-06-11,13.7,19.3,80,4.20,12,3.34,6.0,16.7,14.6,35
1990-06-12,16.2,23.9,55,0.00,247,5.63,0.0,11.5,7.2,27
1990-06-13,15.6,19.6,72,4.40,192,2.65,4.0,16.2,11.6,55
1990-06-14,17.5,25.3,80,1.10,171,3.03,5.0,13.9,10.8,61
1990-06-15,20.3,24.9,77,0.00,4,4.34,0.0,12.4,8.2,48
1990-06-16,19.4,24.1,81,0.00,24,3.56,0.0,9.8,6.1,51
1990-06-17,19.8,24.0,83,2.50,149,2.81,4.0,7.7,5.4,64
1990-06-18,20.3,22.6,94,13.00,201,1.92,16.0,22.6,14.5,81
1990-06-19,14.6,19.7,95,7.50,348,0.96,11.0,13.3,10.6,89
1990-06-20,13.7,17.3,82,0.00,33,1.84,0.0,9.7,6.0,69
1990-06-21,13.7,16.2,86,1.20,142,1.40,9.0,9.0,5.7,79
1990-06-22,16.0,21.2,89,6.50,168,2.89,10.0,10.7,6.9,67
1990-06-23,15.7,17.6,97,20.30,119,1.15,15.0,20.1,14.3,87
1990-06-24,17.0,20.6,92,30.20,171,2.83,22.0,14.8,11.0,68
1990-06-25,18.1,23.6,74,0.50,278,4.27,3.0,10.2,7.8,42
1990-06-26,19.1,24.7,64,0.30,220,5.22,1.0,18.4,11.6,38
1990-06-27,16.1,20.5,79,5.30,256,1.89,9.0,17.2,12.6,67
1990-06-28,12.4,15.7,63,0.00,319,3.45,0.0,13.4,11.5,47
1990-06-29,13.8,18.3,72,0.50,235,2.60,3.0,12.1,8.9,55
1990-06-30,15.1,20.4,76,0.00,336,3.64,0.0,11.3,7.0,46
1990-07-01,16.6,21.7,76,0.10,10,3.35,1.0,9.3,5.4,45
1990-07-02,17.9,24.5,64,0.00,277,5.28,0.0,10.4,6.1,37
1990-07-03,19.0,24.2,73,2.40,250,3.42,5.0,20.2,10.8,59
1990-07-04,17.8,20.7,90,13.80,266,1.52,14.0,10.9,7.7,75
1990-07-05,14.2,17.8,64,0.00,329,3.90,0.0,20.9,15.9,50
1990-07-06,11.9,15.7,63,0.00,325,2.80,0.0,15.3,12.5,48
1990-07-07,13.3,18.3,63,0.00,327,3.85,0.0,14.8,11.1,40
1990-07-08,15.8,21.7,65,0.00,197,4.26,0.0,17.3,7.8,36
1990-07-09,17.6,22.0,79,13.20,243,3.81,8.0,17.6,14.6,54
1990-07-10,16.5,18.8,68,0.40,286,3.96,2.0,24.1,15.9,49
1990-07-11,14.9,19.6,61,0.00,304,4.44,0.0,17.3,15.3,39
1990-07-12,13.4,16.4,67,0.00,331,3.01,0.0,16.3,12.0,49
1990-07-13,14.5,21.0,66,0.00,334,4.65,0.0,12.8,9.7,40
1990-07-14,17.9,25.3,61,0.00,254,5.43,0.0,10.5,8.1,34
1990-07-15,16.9,21.2,85,4.10,162,1.26,8.0,9.2,6.4,62
1990-07-16,20.2,25.3,87,7.70,204,3.49,11.0,14.8,11.2,60
1990-07-17,19.4,24.8,75,7.50,229,4.17,5.0,14.3,10.1,51
1990-07-18,20.9,27.2,79,0.10,222,4.41,1.0,20.4,11.1,50
1990-07-19,21.2,24.3,70,0.40,265,4.75,2.0,19.4,14.2,44
1990-07-20,19.2,22.2,77,3.60,246,2.70,5.0,13.4,7.9,59
1990-07-21,17.4,21.0,77,0.90,312,3.92,3.0,12.7,9.2,47
1990-07-22,17.7,22.2,67,0.00,352,3.85,0.0,8.3,6.1,45
1990-07-23,16.9,19.3,83,6.20,77,1.48,11.0,16.5,9.1,69
1990-07-24,17.8,21.1,84,0.40,1,2.38,4.0,7.6,5.9,68
1990-07-25,19.1,24.1,84,0.40,182,3.93,1.0,8.0,4.2,63
1990-07-26,20.5,25.5,74,0.30,317,4.22,1.0,7.9,6.3,49
1990-07-27,21.8,26.9,73,0.00,4,4.62,0.0,9.0,6.2,44
1990-07-28,22.7,28.2,69,0.00,125,4.54,0.0,7.0,3.5,36
1990-07-29,23.1,28.5,68,0.00,224,4.77,0.0,10.6,5.6,39
1990-07-30,23.0,28.0,68,0.00,179,4.89,0.0,14.8,10.4,42
1990-07-31,17.5,23.8,87,9.10,174,1.21,12.0,17.5,11.5,67
1990-08-01,15.9,22.3,69,0.00,343,4.67,0.0,20.0,15.6,35
1990-08-02,18.4,25.2,58,0.00,322,5.35,0.0,17.2,12.4,35
1990-08-03,21.8,28.4,61,0.00,297,5.53,0.0,15.1,11.3,35
1990-08-04,22.5,28.9,56,0.00,264,5.67,0.0,13.0,9.0,33
1990-08-05,21.6,27.4,70,4.40,169,3.69,4.0,14.2,9.6,46
1990-08-06,17.3,19.3,94,11.70,160,0.91,18.0,14.0,10.4,87
1990-08-07,16.4,17.9,99,17.00,111,0.67,24.0,15.6,11.6,95
1990-08-08,18.9,23.0,81,1.00,185,3.86,7.0,16.5,10.5,46
1990-08-09,18.9,24.9,67,0.00,216,4.28,0.0,14.2,11.1,47
1990-08-10,19.9,24.5,72,0.50,191,3.92,2.0,13.9,10.2,46
1990-08-11,18.0,20.8,88,2.70,138,1.61,6.0,10.7,4.5,77
1990-08-12,18.7,22.7,82,0.30,275,3.33,3.0,13.3,7.2,57
1990-08-13,14.8,18.5,87,13.70,350,0.93,15.0,11.2,7.1,67
1990-08-14,15.4,21.6,76,12.90,333,3.94,5.0,14.8,10.3,41
1990-08-15,16.6,19.9,73,0.90,248,2.61,4.0,13.4,10.1,66
1990-08-16,16.6,21.1,70,0.00,305,3.47,0.0,11.2,7.9,43
1990-08-17,19.4,26.4,74,0.00,215,4.03,0.0,18.8,11.9,51
1990-08-18,18.5,22.3,87,8.20,278,1.59,7.0,14.9,11.5,72
1990-08-19,12.4,16.3,59,0.00,4,4.21,0.0,18.9,15.6,43
1990-08-20,12.2,17.2,65,0.00,50,3.46,0.0,11.9,6.6,47
1990-08-21,14.8,21.2,71,0.00,188,4.04,0.0,9.1,4.7,45
1990-08-22,16.9,24.2,69,0.00,238,4.31,0.0,10.4,6.5,39
1990-08-23,18.4,26.0,70,0.00,246,4.34,0.0,10.1,5.1,38
1990-08-24,19.6,25.7,71,0.00,185,4.49,0.0,11.2,6.4,40
1990-08-25,20.8,26.8,75,0.00,196,3.63,0.0,10.5,4.7,42
1990-08-26,21.5,27.8,75,0.00,238,3.44,0.0,10.0,6.4,45
1990-08-27,20.8,26.9,82,11.70,276,2.60,4.0,10.5,6.3,53
1990-08-28,18.1,23.2,86,2.40,267,2.54,5.0,11.4,8.4,64
1990-08-29,17.1,19.5,81,16.70,312,3.11,8.0,14.3,10.4,48
1990-08-30,15.1,20.8,65,0.00,296,3.80,0.0,11.9,8.1,39
1990-08-31,17.1,21.8,69,0.00,256,2.95,0.0,10.9,6.8,58
1990-09-01,18.9,24.0,76,0.00,190,3.59,0.0,19.4,12.7,47
1990-09-02,16.4,19.5,72,0.50,330,3.05,1.0,18.1,14.0,49
1990-09-03,12.8,17.9,59,0.00,8,3.81,0.0,18.1,10.9,42
1990-09-04,13.8,19.9,70,0.00,177,3.58,0.0,18.8,11.0,49
1990-09-05,16.2,20.2,72,1.80,297,2.65,6.0,12.8,8.8,37
1990-09-06,15.9,21.9,71,0.00,201,3.38,0.0,13.6,8.0,46
1990-09-07,13.6,16.9,81,2.90,327,1.32,7.0,23.8,14.6,44
1990-09-08,9.2,15.2,53,0.00,331,3.67,0.0,17.9,11.1,36
1990-09-09,11.2,18.2,71,0.00,179,2.99,0.0,15.2,11.4,49
1990-09-10,13.2,16.9,80,0.00,197,1.58,0.0,13.4,10.7,67
1990-09-11,13.0,17.2,69,0.80,341,3.10,3.0,14.1,8.9,31
1990-09-12,13.3,20.2,62,0.00,198,3.39,0.0,14.2,7.5,42
1990-09-13,13.0,16.3,65,0.00,3,3.00,0.0,15.6,9.9,38
1990-09-14,15.5,22.6,76,1.30,171,2.54,4.0,25.9,16.1,60
1990-09-15,16.5,19.3,89,9.20,179,1.03,15.0,20.8,19.1,73
1990-09-16,8.5,9.7,69,0.20,299,1.60,1.0,19.5,14.5,55
1990-09-17,5.3,7.5,70,1.40,319,1.65,7.0,18.7,14.9,52
1990-09-18,4.8,8.6,72,0.10,320,1.46,1.0,19.8,15.0,52
1990-09-19,6.9,13.0,68,0.00,263,2.13,0.0,11.8,7.5,48
1990-09-20,8.4,11.9,86,4.60,302,1.39,15.0,15.0,7.9,61
1990-09-21,9.0,12.4,73,0.00,318,1.69,0.0,13.2,8.7,52
1990-09-22,8.6,10.7,90,8.30,145,0.58,12.0,17.8,12.8,71
1990-09-23,10.8,13.8,88,8.40,202,1.72,11.0,17.6,10.9,57
1990-09-24,7.0,9.2,71,0.10,246,1.47,1.0,19.4,13.7,50
1990-09-25,9.5,13.7,84,4.90,194,1.18,13.0,17.6,13.5,62
1990-09-26,11.0,16.3,83,0.50,147,1.78,2.0,16.1,11.4,56
1990-09-27,12.7,16.4,85,1.70,215,1.43,5.0,12.0,8.2,60
1990-09-28,12.8,17.6,85,0.90,215,1.22,4.0,11.2,7.1,70
1990-09-29,10.9,13.7,80,3.50,359,1.60,6.0,13.7,11.7,49
1990-09-30,6.9,9.4,86,35.60,85,0.43,13.0,24.9,16.4,64
1990-10-01,7.0,9.4,74,1.90,248,1.55,3.0,20.1,13.5,46
1990-10-02,5.0,8.6,79,8.70,328,1.06,11.0,20.1,11.1,42
1990-10-03,6.3,12.1,68,0.00,292,2.18,0.0,12.2,10.2,43
1990-10-04,9.0,12.6,83,16.30,167,0.90,8.0,24.2,17.6,66
1990-10-05,8.8,11.6,80,2.10,239,1.73,5.0,24.1,14.7,42
1990-10-06,10.3,18.2,79,1.50,201,1.44,5.0,20.1,12.7,64
1990-10-07,9.8,16.8,80,2.70,338,1.08,9.0,14.0,10.0,57
1990-10-08,5.8,8.3,85,8.90,3,0.93,9.0,14.1,11.1,58
1990-10-09,3.1,5.6,89,14.40,5,0.31,17.0,14.6,11.6,65
1990-10-10,3.1,5.7,91,2.50,34,0.53,12.0,14.8,11.8,77
1990-10-11,7.3,12.6,97,8.60,136,0.23,7.0,20.2,18.1,91
1990-10-12,12.8,14.1,99,6.00,170,0.38,13.0,14.2,10.2,95
1990-10-13,11.0,11.8,100,16.20,27,0.31,22.0,9.0,6.5,100
1990-10-14,10.4,12.3,86,6.00,305,1.11,5.0,11.2,7.3,54
1990-10-15,8.0,11.0,87,3.80,208,0.94,7.0,23.5,14.1,59
1990-10-16,6.0,10.2,70,0.00,271,1.60,0.0,19.7,12.2,50
1990-10-17,5.3,7.8,82,8.40,188,0.54,9.0,12.1,8.7,68
1990-10-18,9.2,15.8,93,2.30,144,0.88,8.0,24.6,14.8,77
1990-10-19,7.0,13.6,80,18.50,262,0.98,15.0,34.5,20.8,48
1990-10-20,1.0,5.1,53,0.00,307,1.89,0.0,31.1,17.0,41
1990-10-21,2.9,9.8,70,0.00,160,1.52,0.0,18.3,12.2,49
1990-10-22,6.9,8.4,88,4.50,211,0.53,13.0,16.2,11.3,70
1990-10-23,2.8,7.7,71,0.00,30,1.28,0.0,11.7,9.0,52
1990-10-24,2.9,3.9,93,3.50,4,0.27,11.0,14.7,10.3,75
1990-10-25,1.8,5.8,82,0.00,339,0.84,0.0,13.2,9.8,58
1990-10-26,0.1,1.9,66,0.00,350,1.19,0.0,19.2,15.3,43
1990-10-27,-1.5,3.2,60,0.00,335,1.35,0.0,14.8,10.0,41
1990-10-28,-0.4,4.2,73,2.60,149,0.90,5.0,15.5,13.2,53
1990-10-29,-0.3,1.3,77,3.60,339,0.95,7.0,23.1,15.4,52
1990-10-30,-1.3,5.1,72,0.00,256,0.91,0.0,13.0,7.2,54
1990-10-31,0.2,4.1,76,0.00,320,1.06,0.0,16.2,14.3,46
1990-11-01,-0.8,4.2,67,0.00,339,1.06,0.0,11.3,7.9,49
1990-11-02,2.0,8.5,78,1.80,163,0.89,2.0,11.7,8.9,66
1990-11-03,8.2,11.6,94,0.70,271,0.54,4.0,10.6,8.8,78
1990-11-04,8.2,10.6,97,5.50,231,0.22,10.0,19.4,11.7,91
1990-11-05,-0.2,1.5,59,0.00,340,1.12,0.0,20.9,11.7,50
1990-11-06,-0.9,0.2,86,22.80,115,0.37,23.0,23.9,17.2,65
1990-11-07,-3.9,-1.2,79,2.30,302,0.62,6.0,21.6,12.1,68
1990-11-08,-7.0,-4.7,79,0.00,329,0.55,0.0,17.1,13.0,62
1990-11-09,-8.4,-2.4,79,0.00,322,0.65,0.0,16.0,10.1,53
1990-11-10,-3.1,0.8,87,4.80,149,0.39,13.0,12.5,9.6,79
1990-11-11,-2.7,-1.3,81,7.10,311,0.64,12.0,29.6,18.7,58
1990-11-12,-7.7,-5.6,69,0.00,301,0.64,0.0,28.1,22.0,53
1990-11-13,-7.1,-2.4,68,0.00,302,0.83,0.0,32.2,26.3,63
1990-11-14,-5.3,-3.0,73,0.00,305,0.71,0.0,24.4,16.3,61
1990-11-15,-1.6,5.0,87,0.00,185,0.70,0.0,13.0,10.0,73
1990-11-16,0.9,2.0,94,3.40,292,0.22,6.0,6.6,3.8,89
1990-11-17,-1.5,0.7,83,7.70,345,0.55,6.0,20.7,17.2,65
1990-11-18,-6.1,-1.9,78,0.00,342,0.56,0.0,15.5,11.4,67
1990-11-19,-8.1,-4.2,83,0.00,346,0.39,0.0,15.3,11.9,69
1990-11-20,-5.2,0.2,81,0.00,330,0.52,0.0,18.4,16.2,72
1990-11-21,-2.7,-1.1,78,0.00,347,0.63,0.0,18.7,13.2,65
1990-11-22,-4.1,-0.0,86,2.40,139,0.25,9.0,16.8,13.3,80
1990-11-23,0.4,1.5,96,10.90,142,0.17,9.0,15.2,9.7,88
1990-11-24,0.9,2.5,97,0.90,169,0.32,5.0,13.5,11.3,91
1990-11-25,-3.1,-0.4,89,9.80,204,0.16,9.0,22.0,11.6,81
1990-11-26,-7.5,-1.1,72,0.00,297,0.56,0.0,22.2,15.5,60
1990-11-27,-7.8,1.3,81,16.30,141,0.28,11.0,16.9,11.0,67
1990-11-28,5.6,9.8,98,0.90,179,0.32,5.0,17.3,14.0,93
1990-11-29,2.8,9.7,73,0.70,256,0.78,2.0,18.5,15.1,47
1990-11-30,-4.3,-2.3,52,0.00,297,0.86,0.0,12.6,10.4,45
1990-12-01,-1.6,2.6,69,0.00,185,0.83,0.0,15.9,13.9,56
1990-12-02,-0.4,1.5,73,0.00,265,0.68,0.0,16.1,12.1,42
1990-12-03,-6.7,-4.3,53,0.60,15,0.71,2.0,14.4,10.3,41
1990-12-04,-5.1,-1.8,85,39.20,113,0.28,24.0,26.7,20.6,65
1990-12-05,-4.9,-2.2,83,2.60,253,0.33,7.0,16.5,11.8,64
1990-12-06,-10.7,-4.5,84,0.70,207,0.20,5.0,13.5,9.8,77
1990-12-07,-7.1,-2.7,82,0.00,211,0.39,0.0,15.6,11.7,72
1990-12-08,-4.9,-1.4,89,0.00,151,0.28,0.0,12.3,9.6,80
1990-12-09,-4.9,-1.6,90,0.00,246,0.33,0.0,15.5,8.3,74
1990-12-10,-3.7,0.4,77,0.70,290,0.43,4.0,26.1,17.1,56
1990-12-11,-15.5,-11.4,71,0.00,301,0.35,0.0,21.1,15.1,59
1990-12-12,-11.0,-6.7,81,0.10,253,0.29,1.0,10.0,6.7,71
1990-12-13,-2.9,3.0,82,4.40,196,0.49,14.0,26.3,17.8,67
1990-12-14,-16.7,-9.6,69,0.00,307,0.35,0.0,25.7,15.1,54
1990-12-15,-12.9,-6.9,78,0.00,176,0.27,0.0,10.7,7.6,67
1990-12-16,-9.3,-5.6,78,2.10,3,0.28,10.0,15.5,11.3,71
1990-12-17,-9.2,-5.4,83,0.10,331,0.33,1.0,14.7,10.4,65
1990-12-18,-7.3,-1.6,90,7.50,140,0.15,13.0,16.2,8.3,81
1990-12-19,-7.2,-1.7,82,2.80,320,0.30,7.0,17.3,13.1,64
1990-12-20,-19.9,-15.6,73,0.00,339,0.24,0.0,17.8,11.4,48
1990-12-21,-11.3,-2.0,78,2.20,157,0.25,7.0,13.7,10.9,71
1990-12-22,-0.0,0.9,98,9.00,126,0.11,19.0,12.2,7.7,93
1990-12-23,1.0,2.1,94,16.20,251,0.21,12.0,13.4,9.4,77
1990-12-24,-9.5,-2.5,83,10.50,336,0.18,11.0,17.1,12.5,69
1990-12-25,-15.9,-12.6,78,0.00,217,0.22,0.0,17.2,10.6,65
1990-12-26,-11.8,-8.2,70,0.90,237,0.40,4.0,19.5,16.1,51
1990-12-27,-21.7,-16.9,71,0.00,236,0.21,0.0,10.9,8.3,58
1990-12-28,-18.7,-11.0,78,0.90,135,0.19,5.0,15.1,10.0,62
1990-12-29,-4.5,1.9,93,12.40,162,0.13,24.0,18.5,14.2,86
1990-12-30,0.7,3.4,91,3.20,277,0.24,9.0,18.7,9.8,79
1990-12-31,-18.6,-7.0,67,1.00,340,0.28,5.0,23.2,16.5,52
1991-01-01,-21.3,-11.9,72,0.00,177,0.20,0.0,14.0,9.2,62
1991-01-02,-7.5,-3.2,75,0.30,222,0.50,3.0,20.3,15.7,49
1991-01-03,-18.9,-14.5,74,0.00,271,0.23,0.0,12.6,7.9,56
1991-01-04,-14.6,-8.8,77,0.40,214,0.30,2.0,17.0,11.5,59
1991-01-05,-10.2,-7.0,80,0.30,217,0.31,3.0,12.4,10.1,67
1991-01-06,-9.4,-7.8,84,2.20,299,0.30,7.0,9.8,7.4,66
1991-01-07,-18.0,-11.2,75,0.00,331,0.21,0.0,13.5,11.1,50
1991-01-08,-26.9,-22.8,67,0.00,350,0.15,0.0,12.2,9.2,47
1991-01-09,-20.1,-14.0,72,6.10,140,0.17,10.0,13.4,10.3,66
1991-01-10,-16.2,-12.1,72,1.90,315,0.27,4.0,19.9,13.9,52
1991-01-11,-25.3,-21.9,67,0.00,339,0.17,0.0,15.4,10.1,51
1991-01-12,-16.7,-13.6,72,10.40,113,0.22,19.0,17.4,12.2,59
1991-01-13,-15.6,-13.2,78,0.80,322,0.28,3.0,13.9,9.8,61
1991-01-14,-13.9,-8.0,82,1.10,189,0.23,6.0,9.5,8.1,76
1991-01-15,-8.7,-6.1,89,1.20,136,0.22,7.0,9.4,6.1,79
1991-01-16,-4.9,-1.4,92,8.70,126,0.22,10.0,17.0,9.6,87
1991-01-17,-2.6,-1.1,88,6.90,320,0.38,7.0,18.7,12.4,70
1991-01-18,-7.5,-4.9,80,2.00,282,0.34,7.0,22.2,13.7,63
1991-01-19,-19.2,-12.5,67,2.10,306,0.31,5.0,24.4,13.0,56
1991-01-20,-11.7,-5.9,76,3.00,316,0.38,9.0,20.5,15.0,57
1991-01-21,-23.7,-17.2,67,0.00,353,0.23,0.0,19.1,16.2,50
1991-01-22,-26.7,-22.3,67,0.00,323,0.20,0.0,13.3,10.1,52
1991-01-23,-22.1,-12.5,72,0.30,161,0.24,3.0,18.3,12.7,63
1991-01-24,-9.8,-7.0,77,2.90,227,0.44,11.0,17.0,15.4,57
1991-01-25,-25.2,-17.5,63,0.00,293,0.23,0.0,18.4,12.6,46
1991-01-26,-24.8,-15.2,74,0.00,194,0.24,0.0,14.4,10.1,62
1991-01-27,-11.3,-5.7,77,0.00,193,0.46,0.0,22.2,15.5,56
1991-01-28,-5.9,-4.1,69,1.80,207,0.82,5.0,23.9,18.2,47
1991-01-29,-11.5,-3.8,65,0.00,263,0.59,0.0,23.1,13.4,46
1991-01-30,-13.2,-8.8,76,3.60,7,0.43,13.0,10.2,7.1,61
1991-01-31,-14.8,-12.9,73,1.00,317,0.37,5.0,19.7,11.6,50
1991-02-01,-19.5,-16.7,62,0.00,298,0.35,0.0,21.2,14.0,44
1991-02-02,-16.1,-5.8,71,0.00,190,0.45,0.0,14.5,10.5,64
1991-02-03,-1.8,4.7,79,0.00,236,0.83,0.0,15.6,11.4,60
1991-02-04,-1.4,3.0,88,0.00,182,0.60,0.0,12.3,8.2,73
1991-02-05,0.3,3.0,90,0.60,211,0.57,2.0,10.4,6.5,79
1991-02-06,-0.9,1.7,87,0.00,88,0.76,0.0,10.6,6.8,69
1991-02-07,0.3,3.1,90,1.00,192,0.48,5.0,9.9,7.9,69
1991-02-08,-1.8,1.9,84,0.00,218,0.61,0.0,11.4,9.1,63
1991-02-09,-3.7,1.3,80,0.00,286,0.70,0.0,17.1,9.5,51
1991-02-10,-8.9,-4.5,70,0.00,290,0.60,0.0,16.0,10.7,38
1991-02-11,-14.8,-11.8,70,0.00,312,0.43,0.0,14.3,10.9,46
1991-02-12,-20.5,-15.8,66,0.00,299,0.38,0.0,15.7,10.9,52
1991-02-13,-17.2,-9.5,69,0.00,212,0.59,0.0,8.2,3.5,54
1991-02-14,-13.4,-7.9,75,5.20,100,0.33,10.0,22.3,13.8,70
1991-02-15,-7.1,-2.7,81,5.50,130,0.53,15.0,17.2,9.7,66
1991-02-16,-14.8,-6.3,68,0.10,296,0.43,1.0,16.9,14.1,47
1991-02-17,-14.4,-9.5,70,1.20,233,0.60,6.0,17.8,12.7,47
1991-02-18,-14.5,-8.0,68,0.00,250,0.67,0.0,12.6,8.3,45
1991-02-19,-10.8,-3.7,79,8.20,127,0.30,13.0,15.6,11.2,62
1991-02-20,0.3,1.9,81,1.60,247,0.81,5.0,19.1,14.1,57
1991-02-21,-3.3,0.3,79,0.00,253,0.71,0.0,12.7,9.5,61
1991-02-22,-2.8,0.2,85,5.30,273,0.63,10.0,27.0,13.4,60
1991-02-23,-19.5,-11.8,58,0.00,317,0.55,0.0,27.3,17.8,46
1991-02-24,-17.9,-11.7,67,0.10,183,0.45,1.0,9.0,6.1,51
1991-02-25,-16.1,-9.6,71,0.00,315,0.68,0.0,9.1,7.3,48
1991-02-26,-15.4,-9.0,67,0.00,305,0.74,0.0,8.1,6.2,43
1991-02-27,-13.5,-8.0,72,0.50,329,0.58,5.0,11.1,6.1,49
1991-02-28,-11.9,-5.6,68,0.00,242,0.81,0.0,15.9,6.6,40
1991-03-01,-8.1,-1.5,79,0.80,152,0.76,4.0,12.2,8.3,67
1991-03-02,-0.5,2.4,90,6.20,153,0.35,11.0,13.3,10.4,81
1991-03-03,-5.2,1.7,70,0.00,358,0.93,0.0,22.0,18.0,51
1991-03-04,-6.4,-4.8,82,33.50,63,0.32,22.0,15.9,12.4,68
1991-03-05,-7.6,-4.4,75,3.40,328,0.86,15.0,14.3,11.1,52
1991-03-06,-7.1,0.5,73,0.00,155,1.15,0.0,14.3,8.2,54
1991-03-07,0.2,2.8,86,12.00,138,0.57,13.0,17.7,15.2,70
1991-03-08,-10.9,-0.3,65,0.10,311,0.78,1.0,23.0,20.7,45
1991-03-09,-14.3,-8.5,61,0.00,327,0.90,0.0,22.1,18.7,47
1991-03-10,-12.5,-9.1,68,0.00,342,0.67,0.0,18.2,16.3,59
1991-03-11,-9.2,-1.7,72,0.00,351,1.06,0.0,18.4,17.0,58
1991-03-12,-6.0,-1.9,77,0.00,341,0.84,0.0,21.4,17.1,56
1991-03-13,-3.4,0.9,74,0.00,354,1.26,0.0,16.5,13.9,57
1991-03-14,-1.1,2.7,81,0.00,68,0.96,0.0,13.9,9.1,56
1991-03-15,-2.2,2.4,79,0.00,360,1.29,0.0,13.7,8.1,52
1991-03-16,-2.7,2.6,73,0.00,337,1.53,0.0,13.8,8.7,41
1991-03-17,-2.5,3.4,72,0.00,312,1.69,0.0,10.3,7.2,44
1991-03-18,-1.4,4.4,72,0.10,143,1.31,1.0,10.4,5.8,48
1991-03-19,1.2,5.2,83,2.60,6,1.13,12.0,15.9,10.3,59
1991-03-20,-3.0,0.4,67,0.00,324,1.32,0.0,27.7,23.2,42
1991-03-21,-8.7,-2.6,63,0.00,327,1.45,0.0,21.0,11.6,38
1991-03-22,-8.8,-2.9,65,0.00,351,1.39,0.0,13.4,9.7,37
1991-03-23,-7.8,-1.0,65,3.80,100,1.15,3.0,18.2,13.0,38
1991-03-24,-3.6,-1.5,87,14.70,106,0.54,24.0,19.5,13.4,76
1991-03-25,-1.3,2.7,80,1.50,109,1.17,7.0,12.1,9.4,60
1991-03-26,0.8,5.2,79,0.00,221,1.93,0.0,11.7,5.0,53
1991-03-27,1.6,7.3,83,0.00,150,1.53,0.0,19.6,12.3,63
1991-03-28,4.4,9.2,85,15.40,177,1.18,13.0,28.3,21.6,58
1991-03-29,-2.5,0.7,65,0.00,250,1.59,0.0,22.6,16.6,48
1991-03-30,-9.0,-5.2,65,0.00,320,1.28,0.0,15.4,11.6,46
1991-03-31,-8.2,-0.7,63,0.00,237,1.70,0.0,11.6,8.1,37
1991-04-01,-4.3,3.6,68,0.00,104,1.62,0.0,9.2,6.9,43
1991-04-02,-0.9,3.6,73,0.00,318,1.74,0.0,15.9,10.4,45
1991-04-03,-2.6,3.6,65,0.00,301,2.14,0.0,14.8,10.5,36
1991-04-04,2.2,10.8,68,0.00,222,2.56,0.0,13.1,9.8,40
1991-04-05,2.4,4.6,78,1.60,205,0.83,5.0,13.0,9.2,71
1991-04-06,4.4,10.7,84,2.90,268,2.07,7.0,12.6,8.3,58
1991-04-07,3.5,7.1,86,2.50,135,1.16,6.0,11.5,7.6,76
1991-04-08,4.4,12.6,87,0.00,149,2.06,0.0,11.2,6.0,59
1991-04-09,2.2,4.1,84,13.00,10,0.65,10.0,15.1,12.1,77
1991-04-10,1.5,5.2,90,13.90,117,0.66,18.0,15.9,13.0,80
1991-04-11,0.6,2.1,78,4.30,301,1.39,17.0,29.2,20.4,59
1991-04-12,-2.7,2.1,59,0.00,332,2.18,0.0,22.7,17.8,36
1991-04-13,-1.3,7.1,61,0.00,305,2.20,0.0,11.9,7.7,35
1991-04-14,0.3,7.4,62,0.00,341,2.89,0.0,12.0,6.7,24
1991-04-15,2.1,6.6,67,0.00,147,1.53,0.0,10.1,6.8,53
1991-04-16,1.0,3.8,90,15.00,108,0.56,22.0,18.0,14.3,60
1991-04-17,1.4,5.0,89,2.30,97,1.20,8.0,8.0,4.9,68
1991-04-18,2.5,7.5,79,0.10,117,1.65,1.0,7.9,6.5,60
1991-04-19,4.4,10.6,72,0.00,129,1.87,0.0,7.6,4.8,45
1991-04-20,3.0,8.3,83,1.30,10,0.93,8.0,14.9,12.6,65
1991-04-21,3.2,7.7,81,2.70,46,1.49,12.0,19.7,13.2,43
1991-04-22,3.2,6.4,91,13.50,85,0.73,18.0,21.4,18.9,82
1991-04-23,3.7,6.3,90,6.10,181,1.02,21.0,16.9,12.9,70
1991-04-24,5.5,11.5,76,0.10,240,2.64,1.0,15.0,7.0,48
1991-04-25,5.0,12.6,55,0.00,338,3.49,0.0,14.7,11.1,26
1991-04-26,8.5,19.4,53,0.00,247,4.11,0.0,20.6,10.7,30
1991-04-27,6.9,13.0,54,0.00,356,3.63,0.0,16.6,14.4,31
1991-04-28,5.5,13.5,52,0.00,34,3.70,0.0,12.2,5.6,29
1991-04-29,8.9,18.4,55,0.00,238,4.05,0.0,9.0,3.5,25
1991-04-30,9.1,13.4,61,5.20,127,2.17,6.0,18.5,14.0,42
1991-05-01,11.6,18.1,77,1.40,184,3.28,4.0,18.2,12.9,35
1991-05-02,10.0,13.8,74,7.90,227,2.72,15.0,16.6,12.5,51
1991-05-03,6.6,9.6,75,0.20,327,1.87,2.0,25.1,16.7,60
1991-05-04,5.4,11.3,64,0.00,347,2.57,0.0,23.1,19.4,48
1991-05-05,6.1,12.6,60,0.00,352,3.65,0.0,13.4,11.5,35
1991-05-06,6.7,9.4,73,5.40,115,1.23,8.0,19.5,14.4,54
1991-05-07,8.7,12.0,85,7.00,205,2.10,18.0,19.2,14.7,52
1991-05-08,7.2,10.2,69,0.00,288,2.31,0.0,18.7,14.6,46
1991-05-09,7.5,14.6,54,0.00,311,4.11,0.0,11.2,7.5,27
1991-05-10,10.3,17.5,53,0.00,340,4.40,0.0,10.4,7.9,28
1991-05-11,13.2,23.0,64,0.00,243,3.63,0.0,19.5,9.4,38
1991-05-12,14.0,18.3,59,0.90,296,3.87,2.0,27.9,20.6,45
1991-05-13,13.4,21.5,56,0.00,297,4.98,0.0,25.8,13.6,30
1991-05-14,9.7,16.6,42,0.00,345,4.31,0.0,19.2,13.1,33
1991-05-15,10.5,18.7,53,0.00,319,4.65,0.0,11.6,8.5,22
1991-05-16,15.7,25.6,64,1.80,254,4.09,5.0,12.9,6.7,38
1991-05-17,8.1,15.6,85,15.50,0,1.21,17.0,17.9,15.3,36
1991-05-18,5.6,10.5,44,0.00,2,4.14,0.0,18.0,15.7,32
1991-05-19,8.8,17.4,56,0.00,318,4.46,0.0,11.8,7.7,29
1991-05-20,13.6,22.0,52,0.00,270,5.33,0.0,14.0,9.4,24
1991-05-21,15.8,23.5,51,0.00,268,5.26,0.0,20.3,14.1,35
1991-05-22,15.0,20.5,51,0.00,354,5.34,0.0,14.1,11.9,23
1991-05-23,13.5,20.6,50,0.70,143,4.14,2.0,14.8,10.7,33
1991-05-24,20.2,27.6,71,0.70,242,5.10,4.0,20.4,13.7,45
1991-05-25,18.3,23.6,62,1.10,331,4.93,4.0,19.8,16.2,31
1991-05-26,13.3,17.6,48,0.00,34,3.74,0.0,12.2,7.8,31
1991-05-27,11.6,14.3,93,17.20,121,0.84,10.0,15.3,12.7,55
1991-05-28,15.7,21.0,85,0.00,302,2.49,0.0,20.5,13.2,52
1991-05-29,16.1,21.6,59,0.00,337,5.17,0.0,12.4,10.7,32
1991-05-30,13.4,18.3,66,2.70,80,2.33,5.0,15.1,9.6,47
1991-05-31,12.9,18.6,87,2.10,130,1.80,7.0,11.6,7.1,75
1991-06-01,15.4,21.0,73,1.30,338,3.97,3.0,14.9,11.8,33
1991-06-02,15.2,20.7,52,0.00,324,5.21,0.0,18.8,13.8,29
1991-06-03,13.1,16.7,57,0.00,350,3.30,0.0,14.8,11.2,43
1991-06-04,12.5,15.6,59,0.00,17,3.38,0.0,20.4,14.1,42
1991-06-05,11.9,15.1,62,0.00,23,3.03,0.0,16.9,10.4,42
1991-06-06,14.4,22.0,54,0.00,337,5.22,0.0,14.1,11.1,30
1991-06-07,19.1,26.8,52,0.00,290,6.21,0.0,17.0,10.6,29
1991-06-08,18.3,22.3,44,0.00,324,6.49,0.0,22.5,16.4,22
1991-06-09,14.4,22.6,47,0.00,316,5.23,0.0,16.6,10.2,28
1991-06-10,20.0,27.1,53,0.30,240,5.71,1.0,22.4,15.5,44
1991-06-11,21.4,24.6,57,0.00,268,5.16,0.0,18.6,14.4,34
1991-06-12,13.7,19.8,73,5.40,9,2.35,12.0,18.5,10.9,47
1991-06-13,11.6,16.6,60,3.00,341,4.33,5.0,29.4,22.6,27
1991-06-14,13.5,21.0,44,0.00,332,5.44,0.0,18.7,14.1,28
1991-06-15,13.8,17.6,77,3.70,128,1.86,10.0,9.5,7.7,55
1991-06-16,13.7,18.4,72,0.10,110,2.69,1.0,10.5,6.7,40
1991-06-17,17.8,25.8,63,1.40,337,5.14,3.0,10.7,5.5,34
1991-06-18,21.4,29.6,60,0.00,250,5.89,0.0,13.8,6.5,30
1991-06-19,22.6,29.0,61,0.00,215,5.76,0.0,14.3,10.1,35
1991-06-20,23.0,28.4,54,0.20,271,6.03,1.0,21.0,11.6,26
1991-06-21,16.5,22.2,50,0.00,322,4.71,0.0,20.9,16.9,30
1991-06-22,13.2,17.8,56,0.00,350,3.39,0.0,16.7,14.0,36
1991-06-23,15.0,20.3,53,0.00,351,4.09,0.0,13.8,10.5,30
1991-06-24,17.6,24.8,47,0.00,348,4.90,0.0,10.0,7.2,22
1991-06-25,20.0,27.0,48,0.00,252,5.04,0.0,12.9,8.1,21
1991-06-26,21.3,27.6,50,0.40,274,5.05,3.0,13.1,10.2,35
1991-06-27,22.9,29.1,62,0.00,241,4.32,0.0,20.0,9.3,41
1991-06-28,24.4,29.5,68,5.20,270,4.86,5.0,23.2,17.4,46
1991-06-29,17.7,21.1,57,1.40,333,5.34,1.0,20.0,16.3,30
1991-06-30,14.5,19.2,48,0.00,354,5.08,0.0,21.2,14.6,26
1991-07-01,13.4,19.0,43,0.00,335,4.94,0.0,23.5,18.2,26
1991-07-02,16.0,23.4,47,0.00,337,5.48,0.0,14.3,12.1,29
1991-07-03,18.4,24.3,52,0.00,72,4.54,0.0,9.4,6.2,28
1991-07-04,20.2,25.6,52,0.00,152,4.60,0.0,10.9,7.8,31
1991-07-05,16.7,22.5,82,15.60,144,1.42,16.0,13.6,10.7,45
1991-07-06,14.5,17.0,93,7.00,144,1.18,12.0,12.4,11.2,86
1991-07-07,17.5,21.7,95,14.30,154,2.06,10.0,15.1,11.1,86
1991-07-08,17.9,22.1,89,10.00,230,2.38,9.0,19.1,9.4,76
1991-07-09,12.8,15.6,60,0.10,308,2.82,1.0,25.1,19.4,48
1991-07-10,14.0,17.4,53,0.00,306,4.26,0.0,23.5,16.2,41
1991-07-11,14.7,18.4,62,0.00,312,3.17,0.0,18.1,13.9,54
1991-07-12,16.7,22.6,66,0.00,303,3.88,0.0,10.7,7.4,39
1991-07-13,18.2,24.5,73,6.00,232,3.93,5.0,11.2,5.9,44
1991-07-14,17.4,22.0,66,0.00,353,4.39,0.0,17.8,12.5,38
1991-07-15,18.6,24.8,56,0.00,319,5.43,0.0,15.9,11.8,30
1991-07-16,20.8,27.2,55,0.00,245,6.17,0.0,18.8,11.3,29
1991-07-17,20.6,23.7,74,8.70,258,2.66,12.0,13.6,8.7,52
1991-07-18,21.1,27.3,79,0.40,286,4.27,3.0,10.8,6.4,42
1991-07-19,24.0,30.0,68,0.00,218,5.49,0.0,16.9,9.5,47
1991-07-20,25.6,30.8,58,0.00,253,6.22,0.0,12.7,10.6,32
1991-07-21,22.0,26.3,66,2.10,300,3.55,4.0,14.7,9.5,47
1991-07-22,17.9,22.8,53,0.00,349,5.37,0.0,15.3,9.6,31
1991-07-23,19.0,25.4,60,0.00,185,3.90,0.0,15.5,11.1,39
1991-07-24,19.6,24.0,54,1.20,259,5.24,2.0,19.7,13.2,35
1991-07-25,17.7,22.4,75,2.90,263,3.56,7.0,11.4,6.7,47
1991-07-26,18.1,23.2,80,4.20,341,3.35,11.0,15.0,5.6,54
1991-07-27,16.8,20.0,69,0.00,332,3.53,0.0,10.7,9.3,44
1991-07-28,16.9,21.3,61,0.00,313,3.95,0.0,13.8,9.6,39
1991-07-29,18.6,24.7,62,0.00,353,4.46,0.0,11.0,6.3,32
1991-07-30,19.7,25.2,60,0.00,133,4.40,0.0,14.0,8.0,34
1991-07-31,17.2,22.0,79,10.70,150,2.19,14.0,13.7,10.9,51
1991-08-01,18.8,24.9,74,1.30,215,3.76,4.0,17.9,10.0,36
1991-08-02,18.4,22.0,66,2.40,283,3.70,4.0,15.9,9.5,52
1991-08-03,18.3,23.1,71,0.10,329,4.03,1.0,11.7,7.7,48
1991-08-04,16.8,20.3,91,18.20,49,2.31,17.0,12.6,5.6,74
1991-08-05,15.2,18.5,94,13.10,98,1.53,21.0,17.7,13.4,75
1991-08-06,16.2,23.0,78,1.50,354,3.90,2.0,13.0,7.9,37
1991-08-07,18.3,23.3,69,0.00,330,4.06,0.0,13.2,11.6,50
1991-08-08,20.1,26.5,64,0.00,334,5.09,0.0,14.0,10.9,38
1991-08-09,20.1,25.8,71,3.40,113,4.07,3.0,9.8,6.4,48
1991-08-10,14.9,17.5,97,20.10,98,0.55,22.0,16.2,13.1,93
1991-08-11,15.2,16.0,97,8.20,27,0.82,21.0,15.2,10.3,89
1991-08-12,18.2,25.8,75,0.00,335,4.46,0.0,13.7,9.3,40
1991-08-13,22.4,29.7,66,0.00,291,5.17,0.0,11.5,9.1,38
1991-08-14,22.9,28.7,66,4.60,277,4.73,3.0,12.4,9.9,46
1991-08-15,20.7,26.2,87,5.70,208,3.34,8.0,14.0,7.3,59
1991-08-16,18.4,21.7,75,2.30,314,3.72,3.0,15.2,10.2,44
1991-08-17,20.0,26.2,78,0.90,187,3.21,3.0,22.7,13.6,58
1991-08-18,18.7,22.8,76,7.70,262,2.77,7.0,19.6,15.6,58
1991-08-19,15.8,20.5,67,0.00,29,3.24,0.0,16.2,10.8,43
1991-08-20,16.2,20.9,58,0.00,9,4.55,0.0,16.8,10.3,39
1991-08-21,12.8,17.3,83,11.80,101,0.95,12.0,15.0,11.1,64
1991-08-22,15.6,21.8,82,4.80,223,3.01,7.0,17.6,9.2,45
1991-08-23,13.2,17.0,79,6.40,320,1.77,4.0,18.4,12.5,59
1991-08-24,13.1,18.3,67,0.00,349,3.72,0.0,11.3,8.9,42
1991-08-25,14.5,20.5,69,0.00,161,3.85,0.0,16.7,9.6,49
1991-08-26,19.2,26.2,75,0.40,204,3.62,3.0,19.3,13.0,56
1991-08-27,21.3,25.5,85,12.90,259,2.24,14.0,15.2,10.6,66
1991-08-28,20.3,24.0,91,7.50,308,1.84,9.0,11.9,5.7,76
1991-08-29,20.5,27.3,74,0.00,281,4.18,0.0,12.9,8.9,43
1991-08-30,20.7,26.1,79,5.40,243,2.43,5.0,13.8,11.2,66
1991-08-31,15.3,19.4,79,12.30,335,2.76,8.0,25.5,17.3,46
1991-09-01,10.4,14.5,55,0.00,344,3.49,0.0,21.6,16.1,34
1991-09-02,12.3,19.3,64,0.00,261,3.42,0.0,11.4,7.9,41
1991-09-03,15.4,22.7,67,0.00,205,3.90,0.0,16.1,10.4,48
1991-09-04,16.5,18.5,75,6.50,258,3.12,5.0,19.6,13.9,47
1991-09-05,14.4,18.4,68,0.10,286,2.61,1.0,9.3,6.9,48
1991-09-06,14.6,19.8,75,0.80,128,2.34,2.0,10.0,6.7,53
1991-09-07,15.8,21.3,78,0.60,193,2.84,3.0,12.8,8.1,50
1991-09-08,14.7,18.4,65,0.00,321,3.56,0.0,16.8,11.5,36
1991-09-09,10.9,16.8,64,0.00,351,2.96,0.0,11.1,7.1,40
1991-09-10,15.1,21.0,78,6.60,188,1.73,9.0,16.5,11.7,65
1991-09-11,10.2,16.6,67,0.20,333,2.09,1.0,22.0,19.1,52
1991-09-12,8.5,11.7,61,0.00,335,2.45,0.0,15.4,13.1,52
1991-09-13,9.0,15.3,70,0.60,330,2.73,2.0,10.0,8.0,44
1991-09-14,12.1,18.2,70,0.00,330,2.91,0.0,7.8,4.7,42
1991-09-15,10.9,13.8,88,7.40,137,0.65,5.0,16.3,8.7,69
1991-09-16,15.8,21.3,95,1.00,181,1.18,4.0,17.5,9.0,80
1991-09-17,18.1,19.6,80,0.70,244,2.17,2.0,18.8,16.1,57
1991-09-18,12.4,16.5,63,0.00,190,3.13,0.0,18.3,11.4,50
1991-09-19,11.8,14.9,76,9.00,240,1.46,9.0,19.8,13.3,50
1991-09-20,7.0,9.4,60,0.00,318,2.06,0.0,13.9,10.1,44
1991-09-21,5.9,9.7,67,0.00,320,1.76,0.0,15.4,11.0,45
1991-09-22,8.0,14.1,68,0.00,220,2.50,0.0,13.9,9.1,47
1991-09-23,8.7,12.2,88,4.70,170,0.82,8.0,22.8,15.5,71
1991-09-24,8.1,10.6,76,0.00,265,1.33,0.0,14.1,9.6,52
1991-09-25,5.9,7.7,89,14.50,79,0.31,16.0,12.2,8.8,68
1991-09-26,6.5,9.7,91,0.10,128,0.82,1.0,13.9,9.6,74
1991-09-27,7.2,9.3,80,2.10,220,1.54,8.0,20.9,14.8,53
1991-09-28,4.4,7.4,79,2.90,300,1.28,10.0,11.2,8.9,65
1991-09-29,1.5,5.2,89,7.00,260,0.71,10.0,17.2,8.9,79
1991-09-30,1.7,7.2,75,0.00,307,1.78,0.0,15.3,9.6,46
1991-10-01,4.8,11.1,87,9.20,168,1.08,13.0,19.4,12.2,58
1991-10-02,8.1,13.2,91,6.70,160,0.48,9.0,16.7,10.2,72
1991-10-03,12.0,13.2,100,33.50,215,0.33,24.0,11.6,6.1,99
1991-10-04,10.5,14.5,87,0.00,294,1.31,0.0,11.6,6.6,59
1991-10-05,9.8,15.4,89,8.00,104,0.80,11.0,20.9,15.7,77
1991-10-06,11.1,15.3,93,25.40,158,0.73,16.0,26.1,14.4,84
1991-10-07,5.0,6.8,74,0.80,244,1.52,3.0,21.3,14.9,42
1991-10-08,3.5,7.6,66,0.00,262,1.58,0.0,17.0,10.9,39
1991-10-09,7.6,14.1,77,0.00,172,1.80,0.0,21.3,14.8,54
1991-10-10,9.8,13.5,82,9.30,202,1.27,7.0,15.1,10.1,53
1991-10-11,5.3,8.0,85,1.40,336,0.88,4.0,10.7,6.5,57
1991-10-12,3.7,6.0,84,6.90,346,0.51,15.0,19.7,14.4,70
1991-10-13,2.0,3.2,87,5.10,297,0.60,18.0,19.0,15.7,68
1991-10-14,2.4,6.0,70,0.00,318,1.25,0.0,16.1,10.0,57
1991-10-15,4.3,10.4,80,3.60,143,1.06,5.0,23.3,16.3,63
1991-10-16,6.2,8.7,87,21.60,185,0.87,18.0,20.3,13.4,44
1991-10-17,5.6,12.2,68,0.00,179,1.77,0.0,13.8,8.9,51
1991-10-18,8.5,16.1,75,0.00,163,1.70,0.0,10.3,7.3,52
1991-10-19,3.9,10.5,80,5.20,346,0.59,10.0,14.8,12.6,70
1991-10-20,-0.4,2.7,64,0.00,322,1.11,0.0,12.3,8.7,39
1991-10-21,0.2,5.1,74,0.80,187,1.05,3.0,12.2,8.9,45
1991-10-22,2.8,6.5,88,3.30,212,0.78,12.0,15.5,11.7,66
1991-10-23,1.4,6.6,83,1.00,127,0.64,4.0,13.5,9.5,72
1991-10-24,8.7,16.4,88,0.00,170,1.39,0.0,15.9,12.7,68
1991-10-25,13.2,18.5,89,3.00,182,1.21,6.0,17.7,14.0,69
1991-10-26,13.3,15.4,98,8.60,218,0.40,13.0,14.4,10.4,91
1991-10-27,6.4,9.1,96,37.30,17,0.19,18.0,23.5,11.1,83
1991-10-28,1.7,4.2,72,0.00,359,1.25,0.0,23.1,17.9,50
1991-10-29,-0.1,5.3,64,0.00,4,1.25,0.0,12.6,8.1,36
1991-10-30,2.2,9.5,67,0.00,2,1.30,0.0,10.5,6.2,34
1991-10-31,2.6,6.2,77,0.10,72,0.49,1.0,10.8,7.3,64
1991-11-01,6.4,10.5,89,0.00,67,0.70,0.0,10.2,7.8,72
1991-11-02,5.7,7.8,94,0.30,144,0.24,2.0,15.4,10.9,89
1991-11-03,3.2,6.5,74,0.00,200,1.01,0.0,22.4,15.2,52
1991-11-04,-1.1,1.8,59,0.00,215,1.10,0.0,14.8,10.5,39
1991-11-05,-2.6,0.7,67,0.00,200,0.81,0.0,11.6,8.0,44
1991-11-06,-2.2,1.8,70,0.00,163,0.87,0.0,22.0,14.1,50
1991-11-07,-1.4,0.4,53,0.00,234,0.94,0.0,16.6,10.0,33
1991-11-08,-4.6,-2.1,47,0.00,336,1.05,0.0,12.1,9.0,31
1991-11-09,-5.1,-0.3,61,0.00,178,0.86,0.0,12.0,7.5,39
1991-11-10,-3.7,2.5,62,0.00,167,0.87,0.0,12.3,4.5,37
1991-11-11,-2.0,0.7,72,7.00,10,0.60,11.0,16.8,12.8,64
1991-11-12,-2.8,0.3,71,3.80,352,0.84,6.0,17.3,11.4,58
1991-11-13,-2.8,-0.3,76,0.30,270,0.43,2.0,8.4,4.6,71
1991-11-14,-1.3,2.6,89,1.40,220,0.44,7.0,9.7,6.0,76
1991-11-15,-1.6,0.4,95,9.20,164,0.18,8.0,12.5,7.5,91
1991-11-16,-1.2,1.1,80,0.20,318,0.56,1.0,22.4,16.6,55
1991-11-17,-5.9,-3.3,67,0.00,322,0.82,0.0,22.8,19.1,55
1991-11-18,-5.0,1.7,69,0.00,279,0.74,0.0,11.0,7.1,51
1991-11-19,-1.3,3.2,81,0.00,159,0.32,0.0,9.4,6.7,72
1991-11-20,5.4,10.9,98,5.50,184,0.15,7.0,19.0,10.3,90
1991-11-21,2.0,8.6,85,0.10,288,0.49,1.0,20.2,11.1,63
1991-11-22,-0.6,5.0,80,0.00,268,0.64,0.0,5.4,3.6,58
1991-11-23,0.1,3.6,82,0.00,77,0.40,0.0,12.5,7.5,68
1991-11-24,2.0,3.7,96,3.60,137,0.14,7.0,19.3,15.7,85
1991-11-25,-1.5,0.7,76,1.20,234,0.69,5.0,22.1,15.6,46
1991-11-26,-6.1,-2.8,55,0.00,307,0.90,0.0,21.4,15.6,46
1991-11-27,-7.4,-2.7,63,0.00,205,0.60,0.0,13.5,7.6,47
1991-11-28,-2.3,1.9,77,2.20,187,0.56,9.0,19.7,14.5,66
1991-11-29,-3.5,-1.9,66,0.00,303,0.64,0.0,12.7,10.1,50
1991-11-30,-3.2,6.2,75,0.60,144,0.41,3.0,25.7,15.5,64
1991-12-01,1.0,7.1,74,0.40,250,0.64,2.0,23.6,14.8,50
1991-12-02,-6.7,0.1,49,0.20,284,0.86,2.0,26.5,19.0,24
1991-12-03,-13.2,-10.3,53,13.90,94,0.40,14.0,26.3,14.8,27
1991-12-04,-11.0,-6.9,76,3.00,276,0.33,10.0,21.3,16.1,57
1991-12-05,-21.4,-16.8,66,0.00,300,0.25,0.0,22.0,16.0,54
1991-12-06,-21.5,-15.5,73,0.20,360,0.18,2.0,8.3,5.0,60
1991-12-07,-18.4,-12.3,80,6.60,107,0.13,13.0,13.0,8.1,76
1991-12-08,-13.5,-9.3,80,0.00,89,0.23,0.0,11.9,8.0,65
1991-12-09,-2.7,4.3,83,10.30,251,0.47,12.0,22.3,16.9,64
1991-12-10,-15.0,-10.1,76,0.00,332,0.30,0.0,13.2,9.5,50
1991-12-11,-4.3,2.6,81,0.00,195,0.45,0.0,15.3,12.7,67
1991-12-12,-2.9,0.4,85,0.00,220,0.44,0.0,14.1,10.3,67
1991-12-13,1.8,5.6,87,4.20,192,0.38,10.0,24.4,17.7,81
1991-12-14,-4.6,-1.2,81,5.80,351,0.33,5.0,12.8,8.2,64
1991-12-15,-12.3,-6.1,75,1.70,327,0.28,5.0,18.6,15.4,60
1991-12-16,-20.1,-16.0,72,0.00,336,0.20,0.0,13.5,11.8,58
1991-12-17,-24.5,-19.4,72,0.00,341,0.17,0.0,11.4,7.9,58
1991-12-18,-16.8,-14.0,72,3.00,30,0.24,17.0,15.9,12.7,64
1991-12-19,-20.7,-13.8,69,0.00,317,0.24,0.0,16.0,12.3,46
1991-12-20,-14.2,-9.1,80,0.00,296,0.26,0.0,13.0,9.1,70
1991-12-21,-5.1,-0.3,84,8.10,245,0.42,13.0,21.5,15.2,66
1991-12-22,-8.9,-5.0,82,0.00,235,0.32,0.0,18.1,10.7,73
1991-12-23,-2.5,0.1,91,0.00,207,0.22,0.0,13.3,9.6,83
1991-12-24,-18.1,-2.8,71,0.00,336,0.25,0.0,22.6,17.0,57
1991-12-25,-22.5,-18.4,71,0.00,334,0.20,0.0,15.6,12.9,54
1991-12-26,-19.8,-11.4,77,0.00,196,0.17,0.0,12.3,9.4,69
1991-12-27,-11.4,-6.7,78,2.10,319,0.29,6.0,21.2,11.9,60
1991-12-28,-9.8,-4.4,79,0.00,256,0.33,0.0,12.3,9.6,70
1991-12-29,-9.6,-5.0,84,0.00,296,0.27,0.0,16.5,8.8,70
1991-12-30,-11.3,-5.2,72,0.00,357,0.42,0.0,22.0,17.8,56
1991-12-31,-16.8,-8.5,70,0.00,308,0.33,0.0,11.3,7.3,47
1992-01-01,-13.2,-6.7,78,0.00,312,0.32,0.0,10.2,7.2,60
1992-01-02,-13.2,-7.1,78,0.00,209,0.30,0.0,6.8,4.1,57
1992-01-03,-9.4,-3.9,82,0.00,149,0.34,0.0,6.4,3.4,69
1992-01-04,-3.7,1.5,83,0.00,124,0.43,0.0,12.4,8.8,72
1992-01-05,-0.1,0.7,90,11.70,39,0.22,17.0,15.8,10.8,79
1992-01-06,-1.2,0.4,87,3.40,322,0.33,13.0,17.1,15.4,77
1992-01-07,-6.0,-2.6,75,0.00,308,0.51,0.0,20.4,17.0,63
1992-01-08,-12.2,-9.6,69,0.10,334,0.47,1.0,22.0,18.7,50
1992-01-09,-13.9,-8.7,75,3.60,124,0.24,8.0,14.5,10.3,60
1992-01-10,-9.9,-7.4,80,1.80,318,0.32,7.0,17.2,11.6,64
1992-01-11,-18.5,-13.4,71,0.00,329,0.28,0.0,17.4,16.2,53
1992-01-12,-22.5,-16.8,69,0.10,321,0.21,1.0,15.2,9.7,51
1992-01-13,-11.3,-3.4,75,1.20,155,0.37,6.0,10.0,7.8,69
1992-01-14,-1.6,0.5,95,18.20,118,0.17,18.0,24.1,13.0,91
1992-01-15,-17.3,0.2,69,9.60,306,0.26,11.0,29.8,21.6,52
1992-01-16,-31.0,-27.1,64,0.00,307,0.13,0.0,16.7,13.1,49
1992-01-17,-30.9,-24.9,65,0.00,268,0.12,0.0,13.7,6.9,51
1992-01-18,-23.7,-21.0,68,0.10,297,0.19,1.0,16.4,10.1,52
1992-01-19,-25.9,-21.5,66,0.00,274,0.20,0.0,15.0,10.1,51
1992-01-20,-25.9,-21.5,67,0.00,290,0.20,0.0,10.1,6.1,46
1992-01-21,-24.2,-17.3,69,0.00,271,0.22,0.0,11.6,6.6,57
1992-01-22,-22.6,-18.5,66,0.00,332,0.27,0.0,18.3,11.2,41
1992-01-23,-14.5,-3.7,72,3.80,143,0.33,9.0,17.4,14.2,57
1992-01-24,-2.4,0.1,89,16.60,221,0.39,21.0,25.2,15.5,68
1992-01-25,-23.8,-14.9,60,0.30,311,0.28,2.0,26.0,16.5,45
1992-01-26,-26.5,-21.7,64,0.00,291,0.20,0.0,10.5,7.6,50
1992-01-27,-25.5,-18.0,63,0.00,278,0.22,0.0,9.4,5.3,41
1992-01-28,-21.8,-13.2,66,0.00,190,0.32,0.0,13.3,5.6,46
1992-01-29,-9.9,-2.6,82,0.00,218,0.41,0.0,13.1,9.9,66
1992-01-30,-4.7,-3.0,91,6.20,160,0.24,17.0,11.1,7.8,84
1992-01-31,-5.8,-3.9,86,4.20,51,0.36,16.0,17.1,8.8,69
1992-02-01,-13.2,-10.2,71,0.00,356,0.46,0.0,19.9,17.1,53
1992-02-02,-17.5,-14.2,61,0.00,345,0.47,0.0,19.2,17.3,40
1992-02-03,-16.5,-9.0,62,0.00,341,0.58,0.0,19.6,17.0,40
1992-02-04,-13.6,-10.5,73,1.80,351,0.35,5.0,15.0,9.9,58
1992-02-05,-13.3,-11.7,72,3.10,343,0.43,9.0,18.0,15.2,53
1992-02-06,-18.4,-13.9,71,0.00,334,0.40,0.0,15.3,9.0,47
1992-02-07,-14.1,-10.2,74,2.50,113,0.32,14.0,17.2,13.4,71
1992-02-08,-9.0,-6.9,82,1.50,123,0.38,15.0,15.9,12.7,70
1992-02-09,-13.0,-9.2,76,2.00,309,0.33,13.0,20.4,11.7,55
1992-02-10,-23.4,-19.1,63,0.00,268,0.32,0.0,20.9,12.5,45
1992-02-11,-14.1,-7.6,73,5.60,208,0.39,20.0,22.8,12.8,59
1992-02-12,-23.4,-17.4,61,0.00,308,0.35,0.0,22.6,14.7,45
1992-02-13,-20.0,-11.4,67,0.00,185,0.44,0.0,14.4,11.6,48
1992-02-14,-11.2,-9.2,71,1.10,304,0.56,7.0,13.8,9.4,47
1992-02-15,-13.5,-8.7,73,0.60,48,0.41,2.0,11.2,4.9,56
1992-02-16,-6.6,-4.5,83,10.60,39,0.39,19.0,14.8,12.0,70
1992-02-17,-7.5,-0.5,77,0.00,290,0.80,0.0,14.0,9.3,57
1992-02-18,-6.2,-1.0,80,0.00,25,0.73,0.0,10.2,7.4,63
1992-02-19,-2.1,0.1,90,8.40,114,0.37,17.0,13.2,9.1,83
1992-02-20,-5.8,-2.0,77,4.10,335,0.74,10.0,21.1,13.0,50
1992-02-21,-12.2,-9.5,73,2.30,346,0.53,7.0,16.1,9.7,47
1992-02-22,-14.4,-10.1,73,0.90,204,0.39,5.0,11.8,8.6,55
1992-02-23,-11.8,-8.6,72,0.00,320,0.67,0.0,13.1,10.4,45
1992-02-24,-15.1,-10.4,69,0.00,346,0.61,0.0,12.1,10.1,43
1992-02-25,-13.7,-7.6,71,2.60,73,0.49,5.0,15.7,10.2,50
1992-02-26,-6.4,-3.5,81,6.60,224,0.82,10.0,16.3,11.3,58
1992-02-27,-6.3,-2.3,77,0.80,265,0.75,5.0,21.9,12.7,53
1992-02-28,-15.2,-9.6,67,2.20,301,0.56,5.0,23.9,11.7,48
1992-02-29,-19.1,-15.0,63,2.50,336,0.44,5.0,20.5,18.1,41
1992-03-01,-22.0,-14.8,63,0.00,300,0.52,0.0,14.9,7.0,48
1992-03-02,-19.7,-11.7,61,0.00,330,0.66,0.0,16.8,11.8,35
1992-03-03,-14.9,-5.4,58,0.00,313,0.93,0.0,10.2,6.5,29
1992-03-04,-11.6,-3.9,70,0.00,298,0.99,0.0,14.8,7.8,48
1992-03-05,-4.1,2.2,70,0.40,286,1.30,2.0,17.4,10.6,41
1992-03-06,-7.3,-2.7,66,0.00,5,1.23,0.0,19.5,12.5,42
1992-03-07,-3.9,0.2,83,14.70,149,0.37,18.0,14.7,11.2,69
1992-03-08,0.0,3.1,86,1.60,3,0.82,4.0,11.5,7.7,66
1992-03-09,-0.6,2.7,77,0.00,161,1.35,0.0,12.7,7.6,57
1992-03-10,1.7,6.1,89,3.40,161,0.77,9.0,19.8,16.2,78
1992-03-11,2.5,3.9,94,27.20,117,0.31,24.0,22.0,14.1,88
1992-03-12,-7.7,2.1,78,15.50,172,0.50,24.0,23.2,18.0,55
1992-03-13,-17.5,-14.2,55,0.40,267,0.60,4.0,16.0,13.7,41
1992-03-14,-18.0,-14.5,61,0.00,302,0.60,0.0,13.2,9.9,42
1992-03-15,-16.4,-12.4,62,0.00,314,0.75,0.0,13.8,12.0,45
1992-03-16,-15.5,-8.4,61,0.00,289,0.94,0.0,14.8,11.6,35
1992-03-17,-7.8,-1.6,71,4.30,219,0.85,14.0,17.7,13.1,55
1992-03-18,-11.9,-7.1,61,0.00,296,1.00,0.0,25.1,17.1,44
1992-03-19,-11.0,-4.5,67,0.00,294,1.26,0.0,8.0,4.8,43
1992-03-20,-9.8,-3.3,67,0.10,341,1.20,1.0,9.7,5.4,41
1992-03-21,-11.1,-7.6,66,0.00,339,1.03,0.0,14.7,12.7,42
1992-03-22,-13.6,-8.0,66,0.00,344,1.10,0.0,11.3,9.0,39
1992-03-23,-12.3,-6.2,62,0.00,344,1.21,0.0,11.4,9.4,36
1992-03-24,-11.3,-4.9,63,0.00,323,1.25,0.0,13.6,11.0,36
1992-03-25,-9.1,-1.3,64,0.00,192,1.42,0.0,15.3,9.1,43
1992-03-26,-0.5,2.9,82,5.90,167,0.82,16.0,20.5,15.4,64
1992-03-27,2.6,5.2,89,22.00,109,0.60,22.0,27.9,17.9,83
1992-03-28,3.0,7.2,86,2.10,18,1.20,11.0,22.2,12.0,61
1992-03-29,-2.0,0.8,73,0.00,321,1.29,0.0,25.0,22.7,58
1992-03-30,-2.9,3.4,68,0.00,304,1.86,0.0,17.8,12.8,41
1992-03-31,-2.1,1.6,79,1.60,143,0.85,6.0,10.3,7.3,64
1992-04-01,-2.3,1.2,86,5.30,340,0.89,9.0,10.6,6.7,65
1992-04-02,-1.4,1.8,72,2.10,328,1.53,5.0,16.9,12.6,44
1992-04-03,-3.1,0.5,72,0.00,328,1.48,0.0,19.2,15.9,47
1992-04-04,-2.2,1.5,74,0.40,311,1.31,3.0,20.5,16.7,55
1992-04-05,-0.9,1.8,75,1.40,330,1.21,8.0,20.8,18.0,59
1992-04-06,-0.6,2.9,73,0.00,332,1.61,0.0,17.3,14.5,50
1992-04-07,-0.4,4.5,75,0.90,182,1.57,4.0,17.2,9.3,52
1992-04-08,0.4,2.8,70,3.10,312,1.77,6.0,22.7,16.2,36
1992-04-09,0.4,6.4,66,0.00,227,2.26,0.0,16.1,10.9,41
1992-04-10,-1.5,0.9,64,0.00,291,1.77,0.0,22.1,16.3,38
1992-04-11,-6.9,-4.3,71,1.60,83,0.85,7.0,21.7,13.5,52
1992-04-12,-2.7,2.4,75,4.50,217,1.59,15.0,25.7,17.7,43
1992-04-13,-8.4,-3.5,55,0.00,308,1.68,0.0,22.7,17.8,37
1992-04-14,-5.6,-0.4,61,0.00,295,1.81,0.0,22.4,15.1,32
1992-04-15,-5.9,0.5,60,0.00,334,2.04,0.0,14.8,12.9,32
1992-04-16,-2.7,4.4,63,0.00,253,2.42,0.0,9.2,6.6,38
1992-04-17,-0.1,2.8,74,0.00,101,1.20,0.0,10.9,8.3,65
1992-04-18,1.2,7.3,75,0.00,98,2.64,0.0,8.4,5.9,49
1992-04-19,3.9,9.5,69,0.00,170,2.71,0.0,11.3,5.7,58
1992-04-20,5.8,13.3,85,0.00,181,2.27,0.0,12.7,10.9,64
1992-04-21,5.7,12.2,92,8.50,198,1.68,16.0,9.2,5.9,79
1992-04-22,4.7,9.2,100,19.70,112,0.29,24.0,18.3,11.4,99
1992-04-23,4.0,7.2,93,4.30,171,1.05,13.0,13.3,8.4,64
1992-04-24,3.3,7.5,79,0.20,355,1.59,2.0,9.2,5.4,56
1992-04-25,3.0,8.1,79,0.00,39,1.49,0.0,10.5,7.3,47
1992-04-26,3.4,10.4,61,0.00,32,3.21,0.0,13.8,7.8,32
1992-04-27,3.2,11.0,62,0.00,349,2.85,0.0,16.1,7.5,36
1992-04-28,5.2,11.9,61,0.00,333,3.02,0.0,15.7,9.1,28
1992-04-29,6.2,14.0,49,0.00,228,3.58,0.0,16.7,9.0,23
1992-04-30,5.1,8.6,76,3.80,359,1.16,10.0,16.9,7.6,45
1992-05-01,2.7,10.2,68,0.00,345,2.87,0.0,16.4,10.9,33
1992-05-02,4.2,8.0,72,1.30,107,1.54,6.0,14.5,9.3,57
1992-05-03,3.6,6.6,91,17.00,140,0.83,22.0,21.3,15.5,67
1992-05-04,2.9,8.9,66,0.10,353,2.43,1.0,20.8,12.2,35
1992-05-05,3.6,8.6,59,0.40,57,2.79,3.0,10.8,6.8,39
1992-05-06,4.5,10.6,59,0.00,108,3.22,0.0,8.7,5.2,38
1992-05-07,6.2,14.1,61,0.10,183,2.93,1.0,23.0,13.7,37
1992-05-08,11.7,20.3,51,0.00,200,4.82,0.0,15.2,10.9,30
1992-05-09,13.6,21.5,61,0.00,207,3.81,0.0,15.1,5.7,40
1992-05-10,10.8,18.1,52,0.00,8,4.55,0.0,16.9,10.0,32
1992-05-11,11.9,20.8,57,0.00,155,4.66,0.0,15.9,9.2,41
1992-05-12,15.2,22.8,68,0.00,183,4.77,0.0,19.6,14.2,44
1992-05-13,15.1,23.4,71,11.10,200,4.00,5.0,21.2,16.1,46
1992-05-14,5.2,10.4,62,1.10,345,3.36,2.0,20.8,16.1,29
1992-05-15,7.5,14.2,51,0.00,137,4.21,0.0,13.8,9.2,31
1992-05-16,11.5,20.4,57,0.00,166,4.40,0.0,14.3,6.7,34
1992-05-17,15.0,22.1,75,0.00,187,3.76,0.0,28.0,19.2,49
1992-05-18,11.1,18.7,68,14.00,319,3.49,7.0,25.5,19.8,31
1992-05-19,10.7,19.8,52,0.00,256,4.93,0.0,15.8,9.2,23
1992-05-20,15.0,23.9,51,0.00,232,5.11,0.0,13.8,9.3,26
1992-05-21,19.7,29.5,48,0.00,261,6.18,0.0,14.1,9.7,30
1992-05-22,21.8,29.9,44,0.00,272,6.79,0.0,14.6,11.1,22
1992-05-23,19.3,27.1,54,2.60,254,5.09,5.0,26.1,14.8,35
1992-05-24,4.7,7.4,51,0.20,353,3.38,2.0,22.6,20.2,36
1992-05-25,5.2,11.9,45,0.00,6,4.15,0.0,14.4,10.5,27
1992-05-26,8.3,13.3,49,0.00,43,2.85,0.0,9.3,4.8,30
1992-05-27,9.7,15.7,63,0.40,162,3.74,2.0,7.2,3.6,32
1992-05-28,11.0,17.7,61,0.00,322,4.46,0.0,13.8,7.9,24
1992-05-29,15.1,22.1,42,0.00,264,5.45,0.0,14.6,11.6,23
1992-05-30,16.2,23.1,46,0.00,196,5.71,0.0,16.5,10.5,27
1992-05-31,13.3,18.4,72,8.30,159,1.49,11.0,11.9,9.5,39
1992-06-01,11.6,15.7,91,8.00,39,1.14,16.0,16.1,9.4,62
1992-06-02,14.0,21.4,55,0.00,332,5.09,0.0,12.7,7.4,24
1992-06-03,14.4,19.0,60,3.60,285,3.84,8.0,17.7,12.6,37
1992-06-04,12.6,17.4,44,0.00,358,4.90,0.0,17.3,10.9,23
1992-06-05,14.0,21.2,49,0.00,120,4.53,0.0,21.7,14.7,42
1992-06-06,13.0,17.8,82,5.60,125,1.38,11.0,19.7,16.9,60
1992-06-07,15.4,21.8,87,1.90,206,2.29,10.0,11.1,8.1,57
1992-06-08,17.9,22.9,78,0.40,259,3.58,2.0,13.9,8.7,48
1992-06-09,14.1,18.0,62,0.00,313,3.86,0.0,21.6,15.1,37
1992-06-10,11.5,16.3,58,0.00,331,3.77,0.0,14.5,12.4,37
1992-06-11,14.3,22.1,54,0.00,310,5.23,0.0,15.0,9.7,28
1992-06-12,17.0,21.9,59,2.40,271,3.87,5.0,21.4,12.3,43
1992-06-13,18.3,23.9,74,0.20,227,4.13,2.0,18.7,10.6,39
1992-06-14,13.9,20.8,63,0.40,360,3.25,2.0,17.4,11.6,41
1992-06-15,10.4,16.2,47,0.00,359,4.97,0.0,16.4,13.5,29
1992-06-16,13.9,22.5,52,0.00,303,5.33,0.0,11.9,8.9,28
1992-06-17,18.7,25.6,47,0.00,219,6.23,0.0,18.9,10.5,25
1992-06-18,20.4,26.7,55,0.00,176,5.81,0.0,24.0,16.9,39
1992-06-19,20.0,23.1,77,2.20,174,3.00,5.0,13.6,11.2,64
1992-06-20,14.0,19.2,98,21.70,348,0.64,22.0,14.2,8.1,90
1992-06-21,11.1,15.3,89,0.10,347,1.32,1.0,12.0,6.1,72
1992-06-22,11.6,13.9,88,1.70,313,1.67,8.0,18.1,7.7,76
1992-06-23,10.8,16.4,58,0.00,334,4.23,0.0,19.3,16.4,35
1992-06-24,12.6,20.6,61,0.00,11,4.74,0.0,11.9,6.5,29
1992-06-25,14.5,19.1,66,0.60,343,3.30,3.0,12.9,8.8,42
1992-06-26,16.2,22.6,59,0.00,321,4.79,0.0,10.9,6.3,28
1992-06-27,16.8,22.6,59,0.00,345,4.86,0.0,13.4,8.4,36
1992-06-28,17.3,23.3,60,0.00,319,5.09,0.0,13.0,10.1,36
1992-06-29,16.4,20.3,71,4.60,209,2.31,10.0,11.4,7.7,50
1992-06-30,16.8,21.7,75,13.10,235,4.37,10.0,16.2,10.0,36
1992-07-01,13.9,18.3,54,0.00,310,4.58,0.0,23.7,15.4,30
1992-07-02,12.7,19.5,52,0.00,349,4.88,0.0,19.8,14.6,27
1992-07-03,14.4,20.4,56,0.00,102,4.81,0.0,14.8,9.5,37
1992-07-04,12.3,16.7,89,12.80,129,0.83,17.0,18.2,15.0,56
1992-07-05,13.5,18.3,95,17.30,165,2.05,19.0,18.4,11.1,75
1992-07-06,13.8,17.6,92,15.40,180,2.86,17.0,6.3,3.4,76
1992-07-07,14.1,18.1,83,0.50,334,2.75,4.0,12.0,8.2,57
1992-07-08,16.3,22.0,73,0.10,235,3.93,1.0,10.0,5.4,44
1992-07-09,15.8,18.8,91,30.00,161,1.38,18.0,20.9,14.0,76
1992-07-10,16.7,20.1,78,0.90,301,3.08,6.0,19.9,14.3,61
1992-07-11,15.6,17.9,77,0.20,319,3.28,1.0,17.7,11.1,51
1992-07-12,14.3,18.6,66,0.00,272,3.13,0.0,9.9,7.0,42
1992-07-13,15.7,20.6,78,13.40,338,3.76,11.0,15.5,9.0,44
1992-07-14,14.5,18.4,77,1.20,351,2.11,6.0,9.4,5.6,56
1992-07-15,15.8,21.0,65,0.00,306,4.98,0.0,14.9,10.4,29
1992-07-16,14.3,21.0,58,0.00,358,4.98,0.0,12.4,7.1,38
1992-07-17,14.2,17.6,85,24.70,129,0.94,10.0,17.8,10.1,68
1992-07-18,17.4,21.6,87,43.00,290,3.20,15.0,20.9,10.7,65
1992-07-19,16.4,21.1,67,0.00,355,4.66,0.0,12.3,6.7,43
1992-07-20,17.0,22.8,82,7.30,177,3.10,7.0,23.4,12.5,65
1992-07-21,13.1,17.8,67,1.70,309,4.23,4.0,18.5,14.3,39
1992-07-22,13.1,18.2,62,0.00,279,3.72,0.0,15.5,9.8,43
1992-07-23,15.7,20.4,66,0.00,235,3.75,0.0,12.0,8.6,44
1992-07-24,17.5,24.6,69,0.00,237,5.04,0.0,12.5,8.0,40
1992-07-25,18.8,23.6,68,0.00,234,4.15,0.0,12.5,10.1,44
1992-07-26,17.0,20.0,88,8.90,183,1.38,11.0,12.8,9.1,71
1992-07-27,16.8,20.3,93,24.30,197,2.44,21.0,12.2,9.8,70
1992-07-28,16.0,19.7,74,0.00,294,2.94,0.0,16.1,11.6,53
1992-07-29,16.2,19.9,73,0.90,244,3.24,5.0,20.3,10.2,55
1992-07-30,13.6,17.1,66,0.00,280,3.29,0.0,19.4,14.1,48
1992-07-31,14.2,18.3,69,0.00,283,2.94,0.0,9.8,6.2,51
1992-08-01,12.5,15.8,93,14.40,20,0.80,21.0,20.5,13.4,74
1992-08-02,12.6,17.4,93,8.80,153,1.46,9.0,14.7,9.4,79
1992-08-03,16.4,20.6,90,22.90,226,2.84,15.0,19.7,9.2,64
1992-08-04,15.8,19.9,90,4.60,109,2.27,7.0,6.0,3.6,76
1992-08-05,14.8,17.6,86,13.70,301,2.87,14.0,20.7,15.0,51
1992-08-06,15.9,22.0,57,0.00,276,4.86,0.0,14.8,12.5,38
1992-08-07,17.6,22.8,71,0.50,235,4.06,1.0,11.5,8.6,52
1992-08-08,17.9,23.1,74,0.00,178,4.16,0.0,14.3,7.8,47
1992-08-09,16.4,18.9,83,3.50,141,1.71,7.0,14.2,10.6,75
1992-08-10,18.5,22.9,83,1.10,199,2.86,5.0,17.1,9.9,64
1992-08-11,17.0,20.3,77,5.40,271,3.20,10.0,18.1,14.4,49
1992-08-12,12.2,16.1,64,0.10,324,2.89,1.0,14.8,11.5,40
1992-08-13,12.3,16.9,68,0.00,279,2.87,0.0,8.2,5.6,41
1992-08-14,13.6,18.4,72,0.00,15,3.12,0.0,7.0,3.9,40
1992-08-15,14.7,20.4,67,0.00,17,3.73,0.0,7.4,4.9,33
1992-08-16,15.7,20.4,80,0.90,102,2.99,5.0,7.8,4.2,60
1992-08-17,16.4,20.3,86,2.40,183,2.43,10.0,11.6,7.6,65
1992-08-18,17.2,21.4,83,0.50,185,2.79,3.0,11.9,8.9,54
1992-08-19,15.4,19.2,87,6.90,189,2.22,13.0,16.4,11.3,66
1992-08-20,11.8,13.8,77,0.20,279,1.48,1.0,18.7,14.4,66
1992-08-21,15.3,23.2,67,0.00,285,4.13,0.0,14.3,9.3,42
1992-08-22,17.5,21.2,71,0.00,318,3.73,0.0,12.2,10.4,46
1992-08-23,17.0,23.5,74,0.00,162,3.13,0.0,13.5,8.9,60
1992-08-24,19.9,25.7,75,0.20,240,3.82,2.0,15.3,10.9,56
1992-08-25,21.5,26.2,76,0.00,250,3.33,0.0,12.8,9.5,54
1992-08-26,20.9,25.3,84,1.00,186,2.88,2.0,14.8,8.4,71
1992-08-27,17.2,21.5,88,0.80,335,1.44,5.0,14.4,12.0,72
1992-08-28,13.7,14.7,90,18.60,41,0.76,14.0,14.3,10.3,75
1992-08-29,15.7,17.3,89,21.40,153,1.49,14.0,23.3,20.0,64
1992-08-30,13.6,17.3,75,1.30,228,2.24,4.0,19.5,15.9,57
1992-08-31,13.9,15.6,86,4.20,242,2.03,12.0,20.8,14.3,69
1992-09-01,10.2,12.0,72,0.00,298,1.40,0.0,16.6,14.0,67
1992-09-02,9.7,13.1,71,0.00,321,2.27,0.0,13.6,9.6,53
1992-09-03,9.9,14.7,80,2.30,134,1.64,6.0,21.8,13.7,61
1992-09-04,12.5,17.0,88,2.30,126,2.04,10.0,18.0,9.4,62
1992-09-05,13.7,20.0,78,0.00,203,3.29,0.0,10.6,6.2,54
1992-09-06,14.7,19.1,87,0.00,173,1.67,0.0,17.6,12.5,77
1992-09-07,16.4,17.7,94,3.10,186,0.84,13.0,13.0,10.7,85
1992-09-08,17.2,21.5,94,6.60,169,1.21,16.0,20.9,13.6,75
1992-09-09,15.0,18.3,76,5.30,238,2.97,5.0,19.1,10.6,48
1992-09-10,14.5,20.9,91,13.80,179,0.94,13.0,22.3,14.6,75
1992-09-11,11.2,13.4,79,0.40,271,1.52,3.0,13.6,10.7,59
1992-09-12,9.4,14.3,62,0.00,314,2.93,0.0,13.4,8.9,46
1992-09-13,11.8,18.5,76,0.00,212,1.97,0.0,12.8,7.6,61
1992-09-14,14.4,20.5,79,0.00,188,3.09,0.0,15.8,10.5,52
1992-09-15,15.4,19.6,88,3.00,199,1.42,11.0,12.7,8.6,74
1992-09-16,15.8,21.4,81,0.00,283,2.89,0.0,10.1,6.5,47
1992-09-17,17.7,20.0,95,26.20,204,1.06,19.0,17.3,13.3,82
1992-09-18,18.0,22.2,94,16.10,197,1.49,14.0,18.8,10.2,73
1992-09-19,13.5,18.6,70,12.90,258,2.53,9.0,23.1,17.4,29
1992-09-20,9.8,13.4,64,0.00,221,1.98,0.0,14.1,8.8,50
1992-09-21,10.7,15.0,79,0.30,163,1.71,2.0,15.6,10.9,64
1992-09-22,14.2,16.6,99,39.60,178,0.25,23.0,20.5,17.2,90
1992-09-23,7.2,14.6,62,1.40,313,1.95,5.0,21.9,17.6,39
1992-09-24,4.7,10.5,65,0.00,248,2.24,0.0,10.9,6.9,45
1992-09-25,8.1,15.8,70,0.00,165,2.52,0.0,10.8,7.2,39
1992-09-26,9.6,16.0,70,0.00,141,2.44,0.0,9.2,7.6,41
1992-09-27,12.1,14.5,87,4.60,146,0.58,5.0,17.9,11.6,66
1992-09-28,12.7,14.7,78,0.80,238,1.83,3.0,22.4,14.9,55
1992-09-29,8.4,10.6,81,3.40,265,1.40,7.0,25.8,14.7,60
1992-09-30,1.8,4.2,55,0.00,317,1.76,0.0,20.7,17.1,38
1992-10-01,0.8,3.6,63,0.00,316,1.38,0.0,15.7,12.8,49
1992-10-02,4.6,9.8,91,4.20,219,0.49,7.0,12.2,9.2,68
1992-10-03,6.6,9.1,79,0.00,308,1.26,0.0,19.6,12.2,49
1992-10-04,2.5,4.4,61,0.00,332,1.51,0.0,16.2,12.8,50
1992-10-05,2.5,5.6,65,0.00,339,1.37,0.0,16.9,12.9,47
1992-10-06,3.3,10.0,67,0.00,307,1.87,0.0,12.3,8.3,43
1992-10-07,6.1,13.9,77,0.00,293,1.34,0.0,8.4,6.3,62
1992-10-08,8.8,15.6,82,0.00,143,1.95,0.0,12.4,7.5,52
1992-10-09,8.1,12.6,87,4.00,147,1.09,5.0,13.1,9.3,69
1992-10-10,11.3,13.0,85,3.50,179,1.24,7.0,14.7,11.2,57
1992-10-11,9.9,14.6,79,0.30,145,1.23,1.0,11.0,9.3,59
1992-10-12,9.1,12.8,91,4.20,181,1.09,16.0,10.9,5.9,77
1992-10-13,6.4,8.8,75,2.70,223,1.57,8.0,19.2,14.7,36
1992-10-14,3.8,7.2,74,1.60,248,1.36,5.0,13.0,9.4,43
1992-10-15,4.6,9.5,73,0.00,82,1.30,0.0,9.7,4.5,50
1992-10-16,3.1,5.2,81,6.80,94,0.56,7.0,23.5,14.9,65
1992-10-17,4.1,8.9,65,10.80,234,1.45,6.0,25.0,22.5,37
1992-10-18,0.4,4.7,50,0.00,231,1.67,0.0,15.8,11.5,32
1992-10-19,0.5,3.8,74,1.10,79,0.78,6.0,10.1,7.3,61
1992-10-20,-0.2,3.3,80,0.80,264,0.83,4.0,13.4,7.5,57
1992-10-21,0.4,3.4,87,3.30,110,0.50,13.0,10.0,7.6,76
1992-10-22,0.7,5.3,86,0.00,342,0.87,0.0,11.0,8.1,60
1992-10-23,1.3,4.5,87,0.20,186,0.42,1.0,15.5,10.5,82
1992-10-24,5.3,7.4,89,3.30,308,0.63,10.0,19.2,14.3,68
1992-10-25,1.3,3.1,69,0.00,352,1.19,0.0,19.2,17.6,57
1992-10-26,1.2,5.6,74,0.00,336,1.09,0.0,17.4,14.4,57
1992-10-27,0.2,1.9,67,0.00,309,1.00,0.0,20.3,17.5,56
1992-10-28,-0.1,2.7,60,0.00,285,1.04,0.0,16.0,11.6,47
1992-10-29,-0.7,2.4,68,0.00,300,1.07,0.0,9.9,7.3,44
1992-10-30,-2.5,-0.5,59,0.00,338,1.03,0.0,13.0,10.3,45
1992-10-31,-3.3,1.3,62,0.00,355,1.03,0.0,11.2,7.5,43
1992-11-01,-3.6,-0.5,64,0.00,352,0.99,0.0,16.3,13.6,49
1992-11-02,-2.9,1.3,70,0.00,17,0.87,0.0,12.6,8.7,47
1992-11-03,-2.1,-0.1,81,15.70,128,0.41,15.0,17.9,15.5,63
1992-11-04,1.9,4.2,98,5.50,148,0.30,10.0,17.9,13.7,92
1992-11-05,2.9,4.7,88,1.50,249,0.61,5.0,15.8,12.0,67
1992-11-06,-1.6,1.1,76,2.30,318,0.69,8.0,18.3,12.9,53
1992-11-07,-5.2,-3.7,58,0.00,324,0.87,0.0,16.8,12.5,45
1992-11-08,-6.6,-3.1,60,0.00,324,0.74,0.0,10.2,7.8,41
1992-11-09,-6.4,-2.2,56,0.00,330,0.80,0.0,7.6,6.5,40
1992-11-10,-6.2,-1.4,66,0.00,163,0.68,0.0,14.1,7.3,49
1992-11-11,0.1,2.7,89,8.50,187,0.29,13.0,16.3,13.8,54
1992-11-12,-1.0,1.4,86,0.90,192,0.56,2.0,21.5,11.4,73
1992-11-13,3.9,8.9,80,15.80,182,1.04,11.0,30.6,26.5,51
1992-11-14,-0.7,1.0,61,0.00,239,1.08,0.0,24.2,16.1,46
1992-11-15,-4.4,-1.6,66,0.00,345,0.60,0.0,9.0,6.4,48
1992-11-16,-7.1,-4.2,53,0.00,285,0.68,0.0,14.4,8.3,35
1992-11-17,-7.2,-5.6,69,0.30,322,0.45,2.0,10.4,7.4,49
1992-11-18,-10.4,-6.6,65,0.00,350,0.54,0.0,10.2,7.9,44
1992-11-19,-11.9,-7.0,62,0.00,325,0.55,0.0,10.7,8.6,41
1992-11-20,-8.9,-3.2,76,0.00,312,0.38,0.0,9.7,5.6,64
1992-11-21,-3.7,0.3,82,4.00,151,0.36,9.0,16.1,11.1,68
1992-11-22,2.3,5.1,92,0.40,237,0.32,2.0,16.3,12.0,74
1992-11-23,-1.1,1.6,75,0.00,24,0.51,0.0,12.1,10.1,64
1992-11-24,-1.8,-0.7,81,0.10,96,0.29,1.0,15.3,8.7,76
1992-11-25,-0.4,1.2,94,4.80,140,0.26,18.0,10.3,7.4,87
1992-11-26,0.3,1.6,100,0.40,131,0.13,3.0,10.0,8.0,99
1992-11-27,1.1,2.2,92,7.50,273,0.39,9.0,19.1,11.8,68
1992-11-28,-2.4,1.6,70,0.00,248,0.65,0.0,12.0,7.9,55
1992-11-29,-2.8,-0.1,82,0.00,234,0.34,0.0,9.8,6.7,68
1992-11-30,-0.9,1.2,82,0.00,262,0.36,0.0,11.4,7.2,64
1992-12-01,-2.4,0.8,70,0.20,357,0.54,2.0,10.3,6.0,57
1992-12-02,-1.5,1.1,89,0.00,153,0.33,0.0,10.7,8.6,66
1992-12-03,-1.1,0.4,87,2.40,133,0.26,12.0,10.9,8.3,82
1992-12-04,-6.8,-1.9,72,0.00,304,0.49,0.0,20.5,13.9,58
1992-12-05,-11.5,-10.1,66,0.00,345,0.45,0.0,22.0,15.0,59
1992-12-06,-12.6,-6.4,70,0.30,299,0.44,2.0,22.6,15.1,63
1992-12-07,-7.1,-4.1,75,0.70,296,0.41,4.0,20.1,13.2,51
1992-12-08,-14.3,-11.9,68,0.00,313,0.40,0.0,16.9,15.5,56
1992-12-09,-15.0,-12.1,70,0.00,332,0.35,0.0,16.9,13.6,56
1992-12-10,-14.8,-7.4,70,0.00,121,0.38,0.0,14.9,10.2,48
1992-12-11,-8.0,-5.3,63,0.00,117,0.58,0.0,15.5,14.0,55
1992-12-12,-6.8,-1.2,66,0.00,57,0.51,0.0,13.5,8.0,47
1992-12-13,-5.3,0.4,65,0.00,359,0.57,0.0,10.9,7.7,50
1992-12-14,-5.9,-0.7,74,0.00,131,0.40,0.0,6.9,4.7,62
1992-12-15,-5.5,0.8,80,0.00,173,0.41,0.0,9.2,5.9,63
1992-12-16,-0.9,3.9,76,0.30,164,0.54,1.0,19.2,14.1,59
1992-12-17,0.9,3.5,96,2.00,198,0.18,7.0,15.3,8.7,89
1992-12-18,-5.2,-0.6,76,4.80,314,0.48,12.0,24.2,15.1,51
1992-12-19,-11.2,-4.3,64,2.40,139,0.34,6.0,17.8,9.6,54
1992-12-20,-0.9,1.3,87,7.90,218,0.43,18.0,22.3,14.8,66
1992-12-21,-14.6,-6.1,68,0.00,286,0.39,0.0,26.9,13.7,57
1992-12-22,-8.8,-2.8,79,1.70,166,0.32,11.0,12.7,10.9,71
1992-12-23,-3.9,-0.6,90,1.50,185,0.25,10.0,17.4,11.2,80
1992-12-24,-14.5,-2.9,72,2.00,311,0.24,6.0,25.7,17.7,54
1992-12-25,-24.2,-13.6,73,3.70,146,0.13,7.0,19.9,12.2,65
1992-12-26,-13.9,-6.0,61,1.80,256,0.46,5.0,26.5,19.8,50
1992-12-27,-24.5,-20.8,67,0.10,297,0.19,1.0,18.2,10.1,54
1992-12-28,-14.3,-7.0,72,1.40,156,0.33,8.0,10.8,9.7,61
1992-12-29,-8.0,-6.1,84,2.30,347,0.21,7.0,11.5,8.6,75
1992-12-30,-8.1,-6.5,83,5.00,45,0.20,7.0,9.5,6.6,74
1992-12-31,-7.5,-5.9,87,6.20,3,0.16,10.0,14.8,7.6,82
1993-01-01,-14.9,-11.2,72,1.20,320,0.28,7.0,18.6,15.7,53
1993-01-02,-20.9,-18.4,68,0.00,309,0.24,0.0,16.3,13.5,56
1993-01-03,-21.3,-12.2,73,1.80,155,0.18,5.0,16.1,9.7,57
1993-01-04,-1.7,2.0,95,12.50,178,0.13,17.0,14.1,12.6,85
1993-01-05,-3.5,2.3,88,21.50,346,0.24,20.0,25.2,15.7,67
1993-01-06,-15.3,-9.8,78,0.00,302,0.26,0.0,15.0,8.6,64
1993-01-07,-10.9,-4.4,84,0.00,199,0.31,0.0,14.3,11.3,69
1993-01-08,-10.9,-7.6,78,0.00,334,0.30,0.0,14.2,10.7,55
1993-01-09,-23.5,-18.5,70,0.00,342,0.18,0.0,12.8,11.3,51
1993-01-10,-25.8,-19.2,63,0.00,340,0.20,0.0,12.6,8.2,38
1993-01-11,-24.4,-18.0,63,0.00,319,0.21,0.0,8.8,6.1,49
1993-01-12,-20.9,-14.1,64,0.00,333,0.30,0.0,11.0,8.5,46
1993-01-13,-17.4,-13.4,68,0.20,1,0.29,2.0,15.9,12.2,55
1993-01-14,-17.6,-14.3,71,0.00,357,0.29,0.0,11.6,8.4,58
1993-01-15,-19.0,-12.1,70,0.00,326,0.26,0.0,8.2,4.7,46
1993-01-16,-14.1,-5.7,81,0.00,196,0.31,0.0,14.7,9.2,70
1993-01-17,-7.1,-3.5,87,0.20,192,0.30,1.0,13.4,11.0,74
1993-01-18,-14.2,-5.0,68,0.30,304,0.41,2.0,21.7,17.3,52
1993-01-19,-21.8,-18.9,68,0.00,300,0.25,0.0,16.2,11.3,47
1993-01-20,-12.9,-5.8,74,0.00,270,0.43,0.0,14.5,10.6,64
1993-01-21,-11.6,-5.3,83,0.00,181,0.40,0.0,8.9,6.7,70
1993-01-22,-5.7,-0.5,89,4.80,132,0.23,14.0,15.1,11.8,85
1993-01-23,0.4,3.0,90,1.20,277,0.49,7.0,14.4,8.8,72
1993-01-24,-2.1,0.0,92,6.30,159,0.21,8.0,16.7,11.0,87
1993-01-25,-9.0,-0.1,72,9.00,282,0.43,11.0,27.4,18.9,48
1993-01-26,-19.3,-13.1,70,0.00,241,0.35,0.0,14.3,9.6,54
1993-01-27,-9.5,-4.3,77,1.70,156,0.44,12.0,15.5,12.1,71
1993-01-28,-15.9,-6.3,72,0.30,327,0.35,2.0,19.8,12.5,49
1993-01-29,-17.3,-14.9,69,2.00,322,0.32,8.0,17.9,11.8,56
1993-01-30,-26.4,-21.4,59,0.00,310,0.19,0.0,22.7,14.6,41
1993-01-31,-27.3,-20.2,64,3.20,113,0.16,15.0,15.3,9.2,57
1993-02-01,-21.0,-19.1,68,1.20,354,0.29,7.0,20.3,16.0,50
1993-02-02,-22.5,-15.8,65,0.00,338,0.36,0.0,17.6,11.9,44
1993-02-03,-11.8,-3.2,76,0.00,197,0.39,0.0,13.3,10.2,68
1993-02-04,-13.8,-5.4,65,0.10,321,0.52,1.0,24.8,19.9,52
1993-02-05,-14.5,-11.1,69,0.60,303,0.40,3.0,23.4,12.9,47
1993-02-06,-28.2,-21.7,57,0.00,343,0.24,0.0,20.5,15.0,42
1993-02-07,-29.5,-23.6,62,0.20,164,0.15,2.0,11.3,7.3,50
1993-02-08,-20.1,-16.5,66,2.50,309,0.35,10.0,19.3,11.8,47
1993-02-09,-21.8,-16.1,66,0.00,312,0.38,0.0,14.3,9.0,46
1993-02-10,-12.6,-5.0,68,1.50,209,0.52,7.0,18.7,11.2,59
1993-02-11,-18.1,-10.8,65,0.00,342,0.44,0.0,19.4,16.6,45
1993-02-12,-19.0,-10.7,62,0.00,59,0.47,0.0,13.4,10.4,38
1993-02-13,-9.0,-5.6,78,14.20,51,0.34,17.0,15.5,11.2,57
1993-02-14,-10.4,-8.3,70,1.00,329,0.66,7.0,20.5,17.9,51
1993-02-15,-16.0,-10.4,71,0.00,293,0.54,0.0,15.0,8.7,54
1993-02-16,-13.1,-7.1,79,2.30,129,0.36,6.0,13.5,8.4,68
1993-02-17,-8.4,-5.6,77,8.30,338,0.55,14.0,21.6,15.9,52
1993-02-18,-20.6,-15.1,62,0.00,314,0.47,0.0,17.5,8.2,36
1993-02-19,-19.9,-14.2,64,0.00,260,0.42,0.0,10.5,4.8,43
1993-02-20,-22.5,-19.2,63,0.00,320,0.38,0.0,12.6,9.5,39
1993-02-21,-25.3,-18.9,60,0.00,5,0.39,0.0,13.1,8.7,36
1993-02-22,-16.2,-12.6,69,8.90,105,0.33,19.0,17.0,14.0,55
1993-02-23,-12.4,-8.4,78,2.80,97,0.45,13.0,10.2,7.4,69
1993-02-24,-12.3,-10.5,77,0.70,326,0.50,7.0,15.9,8.2,53
1993-02-25,-18.9,-14.7,63,0.00,320,0.56,0.0,17.7,13.3,42
1993-02-26,-17.7,-9.9,65,0.00,277,0.63,0.0,11.3,6.3,49
1993-02-27,-15.8,-8.9,62,0.00,346,0.80,0.0,12.9,7.6,24
1993-02-28,-14.3,-6.0,54,0.00,333,0.96,0.0,7.5,3.4,25
1993-03-01,-12.5,-4.9,63,0.00,230,0.93,0.0,7.6,3.2,38
1993-03-02,-8.5,-1.5,77,0.00,309,0.82,0.0,9.7,6.0,58
1993-03-03,-4.7,-0.1,74,0.00,328,1.02,0.0,18.1,13.5,47
1993-03-04,-6.3,-1.8,73,0.00,4,1.11,0.0,15.5,12.0,47
1993-03-05,-7.9,-6.3,72,3.20,95,0.60,8.0,17.4,14.1,61
1993-03-06,-8.7,-6.4,74,3.00,106,0.65,16.0,16.3,10.6,62
1993-03-07,-7.3,-2.2,78,0.00,262,0.80,0.0,14.5,8.5,55
1993-03-08,-5.9,0.4,75,0.10,20,1.08,1.0,8.0,6.0,56
1993-03-09,-3.4,-2.0,83,8.30,20,0.50,24.0,9.4,7.8,75
1993-03-10,-4.2,-1.1,81,1.90,308,0.90,9.0,7.9,5.8,56
1993-03-11,-6.2,-4.0,78,2.80,346,0.80,11.0,20.0,13.0,51
1993-03-12,-17.6,-12.2,58,0.00,315,0.78,0.0,20.9,14.5,35
1993-03-13,-16.3,-9.4,65,0.30,163,0.72,1.0,12.6,7.1,43
1993-03-14,-14.4,-12.1,68,19.80,345,0.64,16.0,29.3,24.9,49
1993-03-15,-18.2,-10.9,56,0.00,291,0.80,0.0,24.4,16.4,35
1993-03-16,-11.2,-2.4,74,0.90,177,0.64,3.0,23.2,15.2,61
1993-03-17,-3.6,0.8,72,4.50,246,0.78,18.0,26.5,21.4,47
1993-03-18,-18.3,-13.4,56,0.00,341,0.79,0.0,19.2,13.5,36
1993-03-19,-15.7,-6.8,59,0.00,236,1.09,0.0,11.6,7.7,37
1993-03-20,-10.3,-3.2,64,0.00,158,0.95,0.0,11.6,7.2,41
1993-03-21,-4.5,-1.0,86,6.70,147,0.54,21.0,11.5,7.6,76
1993-03-22,-3.5,-1.1,73,0.00,302,1.22,0.0,18.6,13.2,42
1993-03-23,-6.8,-0.4,65,0.00,315,1.70,0.0,13.9,8.0,30
1993-03-24,-4.0,5.5,61,0.00,114,2.00,0.0,8.8,5.4,26
1993-03-25,0.2,7.5,69,0.00,203,2.07,0.0,12.1,7.5,53
1993-03-26,1.7,8.4,79,0.00,241,2.22,0.0,11.2,6.9,58
1993-03-27,3.5,11.2,75,0.00,272,2.50,0.0,9.3,6.2,48
1993-03-28,3.9,13.7,73,0.00,1,2.62,0.0,9.0,5.4,40
1993-03-29,2.9,9.6,79,0.00,10,2.22,0.0,12.4,8.6,51
1993-03-30,1.8,8.4,74,0.00,354,2.23,0.0,16.6,10.6,41
1993-03-31,-3.2,1.3,68,0.00,360,1.38,0.0,18.7,16.5,43
1993-04-01,-6.5,-3.4,72,4.80,54,0.79,15.0,16.8,12.8,62
1993-04-02,-3.1,0.9,73,3.00,84,1.15,12.0,15.8,12.7,59
1993-04-03,-2.3,0.8,77,0.20,43,1.12,2.0,10.2,8.0,60
1993-04-04,0.2,6.0,69,0.00,334,2.23,0.0,10.6,8.9,37
1993-04-05,0.1,6.0,71,0.00,341,2.36,0.0,15.3,10.6,49
1993-04-06,1.6,10.2,62,0.00,15,2.84,0.0,8.7,4.2,26
1993-04-07,1.6,9.1,66,0.00,228,2.62,0.0,9.3,5.4,42
1993-04-08,4.1,13.2,65,0.00,251,2.92,0.0,8.6,5.3,25
1993-04-09,5.3,11.8,64,0.00,155,2.30,0.0,19.4,12.9,45
1993-04-10,4.3,7.2,77,10.70,143,1.12,11.0,18.4,13.9,57
1993-04-11,3.1,6.0,96,19.70,54,0.41,18.0,19.4,14.2,85
1993-04-12,0.3,4.4,70,0.00,359,1.48,0.0,22.0,19.4,56
1993-04-13,2.5,8.6,67,0.00,0,2.60,0.0,18.0,10.4,53
1993-04-14,1.7,5.9,71,0.00,168,1.33,0.0,10.6,4.8,48
1993-04-15,2.9,8.9,70,0.00,122,2.00,0.0,11.7,7.1,45
1993-04-16,7.2,13.8,80,1.20,141,1.48,3.0,22.8,16.8,65
1993-04-17,10.9,14.5,97,21.70,155,0.87,21.0,21.1,16.8,80
1993-04-18,3.0,6.2,70,0.00,270,1.75,0.0,21.5,14.4,37
1993-04-19,3.5,7.7,62,1.40,230,2.02,6.0,17.0,11.8,43
1993-04-20,-0.9,3.5,65,12.70,26,0.88,10.0,15.6,9.8,49
1993-04-21,0.3,1.4,99,13.40,351,0.39,20.0,17.7,8.6,95
1993-04-22,0.4,2.1,86,4.90,8,0.81,12.0,19.1,15.4,76
1993-04-23,1.0,3.9,82,16.20,355,0.87,22.0,26.0,20.5,60
1993-04-24,2.4,10.8,59,0.00,323,3.26,0.0,24.0,15.2,32
1993-04-25,5.1,8.2,84,11.20,164,0.83,11.0,23.1,16.9,60
1993-04-26,1.7,8.4,62,0.00,336,2.32,0.0,21.1,16.4,26
1993-04-27,0.8,7.7,35,0.00,357,3.45,0.0,12.9,7.8,25
1993-04-28,4.1,11.5,51,0.00,172,3.04,0.0,14.9,10.0,29
1993-04-29,9.7,18.1,56,0.00,162,4.03,0.0,13.2,10.2,37
1993-04-30,11.3,17.4,59,0.00,138,2.91,0.0,16.4,10.7,42
1993-05-01,10.6,15.4,69,2.60,281,3.21,6.0,16.9,11.8,39
1993-05-02,8.7,16.1,59,0.00,359,4.04,0.0,17.3,12.1,36
1993-05-03,11.3,19.2,57,0.00,156,4.50,0.0,23.8,19.2,46
1993-05-04,14.2,18.5,70,0.60,183,2.91,3.0,17.6,13.7,60
1993-05-05,13.4,17.9,85,1.90,181,2.08,8.0,14.4,10.6,68
1993-05-06,13.0,17.5,82,14.00,323,3.10,13.0,16.7,13.5,43
1993-05-07,9.5,15.5,59,0.00,349,4.13,0.0,19.7,13.2,32
1993-05-08,12.0,21.3,60,0.00,263,4.70,0.0,14.6,10.0,31
1993-05-09,14.2,20.1,55,0.00,334,4.84,0.0,13.3,11.9,26
1993-05-10,9.1,13.8,56,0.60,109,2.08,3.0,12.7,9.1,38
1993-05-11,12.8,20.4,68,1.10,310,4.17,4.0,22.0,11.6,27
1993-05-12,11.6,14.8,68,1.00,0,2.99,4.0,15.5,8.6,53
1993-05-13,5.8,8.5,60,1.10,325,2.61,5.0,18.8,15.6,44
1993-05-14,6.3,11.4,63,0.00,258,2.44,0.0,13.0,7.3,38
1993-05-15,7.1,12.8,83,6.60,140,1.12,13.0,13.8,11.4,58
1993-05-16,9.5,11.0,77,6.00,209,2.44,9.0,28.0,19.5,41
1993-05-17,6.9,11.5,69,2.10,266,3.03,11.0,16.3,11.3,46
1993-05-18,8.1,13.8,62,0.30,254,3.56,2.0,15.5,11.0,37
1993-05-19,9.0,13.3,71,2.00,166,2.12,5.0,11.5,7.4,48
1993-05-20,9.8,13.5,82,1.30,184,2.13,10.0,8.4,6.1,55
1993-05-21,9.8,12.7,85,7.90,274,2.74,15.0,15.9,7.0,58
1993-05-22,9.1,14.1,74,3.90,341,2.83,6.0,13.3,6.6,55
1993-05-23,10.1,16.8,61,0.00,319,3.88,0.0,11.8,8.8,33
1993-05-24,9.8,14.2,82,5.70,133,0.96,7.0,17.8,10.4,57
1993-05-25,12.7,16.6,89,10.40,183,2.13,14.0,18.4,14.8,61
1993-05-26,11.0,16.5,71,2.10,292,2.70,8.0,16.9,12.1,34
1993-05-27,11.1,15.7,66,1.50,317,3.75,5.0,23.7,14.3,45
1993-05-28,9.4,13.6,63,0.20,311,2.85,1.0,17.6,7.7,40
1993-05-29,8.8,12.0,77,7.10,319,2.20,9.0,25.6,14.3,44
1993-05-30,9.9,16.5,60,0.00,337,3.62,0.0,20.3,17.1,35
1993-05-31,8.7,13.2,84,7.10,109,0.91,11.0,24.7,12.9,59
1993-06-01,8.4,11.9,95,14.70,149,1.20,21.0,27.0,17.3,79
1993-06-02,8.0,13.3,76,4.70,272,2.71,13.0,21.4,16.0,43
1993-06-03,8.4,12.5,77,1.70,283,2.37,7.0,14.5,11.8,58
1993-06-04,9.6,14.5,71,0.60,326,3.12,5.0,16.2,13.3,45
1993-06-05,11.1,17.1,66,0.00,292,3.82,0.0,10.4,6.8,44
1993-06-06,11.0,14.0,85,5.20,177,1.70,13.0,8.0,4.9,72
1993-06-07,11.6,19.5,84,3.10,232,3.35,4.0,14.0,6.8,55
1993-06-08,12.5,19.5,62,0.00,331,4.87,0.0,14.5,9.5,33
1993-06-09,13.6,17.3,72,3.80,151,2.52,7.0,12.7,8.3,48
1993-06-10,15.8,18.8,87,7.10,243,2.89,12.0,16.9,12.9,64
1993-06-11,15.8,22.2,76,2.40,344,3.64,6.0,17.6,13.0,34
1993-06-12,17.7,24.5,64,0.00,342,4.92,0.0,13.2,8.0,35
1993-06-13,19.5,26.8,68,0.00,312,4.91,0.0,6.6,4.2,30
1993-06-14,21.7,28.0,57,0.00,250,5.88,0.0,14.3,9.2,33
1993-06-15,19.3,23.2,68,1.70,192,3.99,3.0,17.7,12.5,50
1993-06-16,14.1,16.3,85,6.20,301,2.11,11.0,18.5,12.5,61
1993-06-17,15.3,22.7,60,0.00,310,5.13,0.0,12.0,8.6,33
1993-06-18,15.0,18.8,89,8.10,212,0.94,14.0,10.4,6.5,63
1993-06-19,16.1,22.9,73,0.00,341,4.85,0.0,11.7,9.5,28
1993-06-20,18.3,24.1,59,0.00,163,5.15,0.0,11.9,8.0,36
1993-06-21,16.6,20.1,89,18.70,146,1.59,13.0,13.7,9.4,64
1993-06-22,15.7,18.2,87,5.70,321,2.61,14.0,31.2,18.1,64
1993-06-23,13.9,19.7,45,0.00,343,6.10,0.0,28.4,23.6,29
1993-06-24,16.3,23.9,51,0.00,325,5.57,0.0,13.1,8.0,30
1993-06-25,19.2,26.9,62,0.00,194,5.98,0.0,16.6,10.3,33
1993-06-26,20.4,24.8,72,1.90,203,3.61,6.0,17.8,14.0,49
1993-06-27,19.3,24.4,67,5.50,213,4.40,4.0,16.4,11.8,43
1993-06-28,17.2,20.5,87,10.10,210,3.38,15.0,12.7,9.4,66
1993-06-29,16.1,20.6,75,1.00,295,3.47,7.0,19.8,11.9,50
1993-06-30,15.8,20.0,79,7.20,335,3.93,13.0,13.1,10.5,48
1993-07-01,18.1,25.4,59,0.00,289,5.48,0.0,8.2,6.4,29
1993-07-02,18.9,23.9,63,0.00,182,4.75,0.0,17.3,11.3,45
1993-07-03,17.9,20.9,73,2.60,187,2.83,8.0,19.6,13.4,59
1993-07-04,19.1,24.4,66,0.00,326,4.24,0.0,18.8,13.1,40
1993-07-05,19.5,24.1,66,0.00,137,4.24,0.0,15.6,9.6,46
1993-07-06,22.8,30.8,72,3.70,174,5.49,2.0,23.0,14.3,52
1993-07-07,24.0,30.1,70,0.00,241,5.80,0.0,13.7,9.6,33
1993-07-08,23.7,28.3,63,0.00,276,4.74,0.0,9.1,6.6,41
1993-07-09,23.3,29.2,76,0.20,179,4.13,1.0,10.0,6.4,39
1993-07-10,23.0,26.5,73,3.90,240,4.60,6.0,20.1,14.4,49
1993-07-11,22.0,27.0,55,0.00,289,5.71,0.0,23.3,16.0,35
1993-07-12,20.0,23.8,81,10.00,219,2.42,10.0,10.5,7.5,53
1993-07-13,19.5,23.6,68,1.10,288,4.47,2.0,16.2,11.1,37
1993-07-14,18.7,22.4,61,0.20,254,3.46,2.0,14.7,8.8,42
1993-07-15,16.3,19.4,75,4.10,306,3.84,8.0,18.9,13.1,52
1993-07-16,13.7,15.7,78,5.80,309,2.55,9.0,23.9,15.0,58
1993-07-17,16.2,21.3,65,0.60,335,3.97,4.0,21.3,17.7,42
1993-07-18,18.5,24.8,61,0.00,333,4.50,0.0,12.3,8.7,36
1993-07-19,19.4,25.0,70,0.80,156,3.66,6.0,12.2,6.5,41
1993-07-20,17.3,21.1,86,7.60,164,1.39,12.0,15.9,11.6,59
1993-07-21,15.1,18.9,83,8.30,289,2.96,9.0,16.9,12.4,61
1993-07-22,11.9,14.5,88,4.30,291,1.13,9.0,16.8,13.0,73
1993-07-23,14.1,19.3,80,3.70,318,2.59,9.0,13.9,10.4,60
1993-07-24,15.7,19.8,81,0.40,335,3.28,3.0,11.8,10.1,58
1993-07-25,17.0,23.0,70,0.00,30,4.20,0.0,10.9,7.3,41
1993-07-26,17.1,23.4,69,0.40,140,4.40,1.0,19.0,11.8,53
1993-07-27,17.0,20.1,95,16.40,149,0.95,24.0,16.9,14.8,74
1993-07-28,19.0,23.9,90,1.70,135,2.63,9.0,11.2,4.4,67
1993-07-29,19.4,21.7,94,15.00,134,1.90,12.0,15.9,9.3,85
1993-07-30,18.0,21.4,96,9.20,162,1.65,16.0,11.7,9.2,76
1993-07-31,19.3,25.1,80,0.50,330,3.92,4.0,14.3,9.0,46
1993-08-01,21.2,26.5,72,0.00,209,4.47,0.0,13.0,7.3,47
1993-08-02,20.3,24.0,84,9.00,171,3.02,6.0,15.5,10.6,63
1993-08-03,19.5,23.2,84,13.30,206,3.53,13.0,14.8,10.5,59
1993-08-04,18.3,21.0,80,3.90,199,3.05,8.0,17.3,11.8,54
1993-08-05,15.6,18.5,72,0.90,306,3.11,5.0,11.2,9.0,56
1993-08-06,15.0,19.5,71,0.30,265,3.59,2.0,9.0,6.3,46
1993-08-07,16.4,21.1,80,2.10,167,3.52,2.0,6.2,2.7,54
1993-08-08,16.6,22.2,85,2.20,211,3.53,4.0,9.8,4.2,55
1993-08-09,17.6,22.7,81,3.20,211,3.23,3.0,9.7,6.8,54
1993-08-10,18.6,23.5,78,1.90,179,3.28,4.0,14.1,9.3,54
1993-08-11,17.7,20.0,96,10.80,171,1.45,15.0,15.2,11.8,88
1993-08-12,17.4,20.1,98,13.50,171,1.12,23.0,10.9,8.5,86
1993-08-13,18.7,22.7,90,0.80,125,2.93,6.0,6.9,4.2,65
1993-08-14,19.4,24.8,88,5.20,333,3.20,3.0,11.2,5.0,61
1993-08-15,18.3,22.5,87,1.80,1,2.85,7.0,10.7,7.3,66
1993-08-16,19.3,24.5,79,0.00,146,3.50,0.0,11.9,7.9,60
1993-08-17,18.7,21.7,94,14.80,207,2.46,17.0,9.0,3.7,81
1993-08-18,18.1,21.5,87,1.10,11,2.76,6.0,9.7,5.9,62
1993-08-19,18.0,22.3,82,0.10,175,2.59,1.0,12.0,7.2,61
1993-08-20,17.4,19.5,93,20.90,227,1.23,16.0,14.1,9.6,82
1993-08-21,12.8,16.6,65,0.00,348,3.17,0.0,21.8,17.0,50
1993-08-22,13.4,19.8,69,0.00,246,3.72,0.0,10.9,7.3,46
1993-08-23,16.8,23.8,70,0.00,215,3.58,0.0,11.2,7.9,44
1993-08-24,15.6,18.4,90,7.60,160,1.01,10.0,17.8,10.0,76
1993-08-25,20.6,27.0,84,1.20,268,3.43,4.0,18.8,12.3,48
1993-08-26,23.0,30.3,68,0.00,278,4.70,0.0,12.7,10.1,45
1993-08-27,22.5,27.3,77,1.30,223,3.33,4.0,13.2,8.1,54
1993-08-28,19.5,21.5,84,3.00,260,2.00,8.0,22.4,14.7,58
1993-08-29,15.0,19.6,66,0.00,320,3.04,0.0,13.2,10.4,47
1993-08-30,16.1,20.1,72,0.00,322,2.83,0.0,10.7,7.2,50
1993-08-31,16.9,21.3,87,15.10,175,1.26,13.0,22.2,14.4,74
1993-09-01,14.5,18.3,73,0.00,338,3.44,0.0,15.5,9.3,45
1993-09-02,14.6,19.8,71,0.00,168,3.53,0.0,14.1,8.3,45
1993-09-03,16.9,20.3,92,21.30,185,1.16,19.0,20.1,11.3,72
1993-09-04,14.3,18.0,78,6.80,342,3.15,6.0,16.8,10.7,47
1993-09-05,14.2,18.6,82,2.60,226,2.29,1.0,14.5,11.6,63
1993-09-06,12.6,17.4,71,0.60,67,2.47,2.0,9.7,5.8,47
1993-09-07,12.6,16.1,79,1.20,257,2.42,4.0,8.4,6.3,48
1993-09-08,12.7,17.0,78,0.40,193,2.43,2.0,13.5,8.1,57
1993-09-09,13.0,17.0,81,0.00,170,2.24,0.0,15.8,9.2,64
1993-09-10,14.2,17.2,86,7.70,201,1.92,18.0,17.8,12.8,68
1993-09-11,9.7,12.6,71,0.90,306,2.37,2.0,19.7,15.0,56
1993-09-12,8.7,13.5,71,0.00,220,2.18,0.0,17.7,11.6,50
1993-09-13,14.0,20.5,77,0.10,186,1.74,1.0,15.6,12.6,66
1993-09-14,19.1,23.8,79,0.80,197,2.05,3.0,24.1,16.4,65
1993-09-15,16.2,22.6,79,9.60,274,1.61,8.0,25.3,20.7,67
1993-09-16,8.8,13.9,61,0.00,9,3.03,0.0,20.5,11.6,47
1993-09-17,9.6,13.3,76,0.80,137,1.35,3.0,14.1,11.1,67
1993-09-18,10.8,12.1,96,3.40,214,0.62,12.0,7.7,4.6,84
1993-09-19,7.1,11.1,59,0.00,303,2.65,0.0,24.3,17.1,32
1993-09-20,6.4,11.6,53,0.00,296,2.85,0.0,15.8,13.0,35
1993-09-21,8.8,15.6,61,0.00,275,2.61,0.0,9.7,7.6,40
1993-09-22,10.0,17.0,74,0.00,202,2.70,0.0,11.9,6.8,45
1993-09-23,9.2,12.1,92,8.90,179,0.46,10.0,21.0,12.9,71
1993-09-24,9.2,15.2,64,0.00,297,2.64,0.0,19.2,15.9,39
1993-09-25,11.0,16.2,69,0.00,250,2.28,0.0,18.6,12.5,46
1993-09-26,9.3,11.5,92,5.50,85,0.54,9.0,21.4,11.5,77
1993-09-27,11.2,13.1,87,3.60,173,1.09,11.0,22.3,12.9,64
1993-09-28,9.2,10.5,97,26.60,257,0.51,22.0,16.8,8.9,88
1993-09-29,6.5,8.5,84,3.20,274,1.35,12.0,14.4,10.2,63
1993-09-30,3.1,5.8,62,0.00,337,1.58,0.0,11.0,9.5,42
1993-10-01,3.0,7.0,71,0.30,165,1.64,1.0,20.7,11.2,54
1993-10-02,6.4,8.0,92,15.90,168,0.42,22.0,20.5,16.3,66
1993-10-03,4.9,7.6,76,1.60,239,1.59,5.0,16.9,12.2,37
1993-10-04,4.9,7.3,70,5.10,232,1.52,8.0,25.6,18.1,42
1993-10-05,2.0,5.1,69,0.30,273,1.45,2.0,14.3,10.4,52
1993-10-06,3.0,8.8,69,0.00,251,1.69,0.0,13.1,9.8,45
1993-10-07,8.6,12.9,78,1.60,217,1.01,5.0,16.0,12.9,69
1993-10-08,2.4,5.4,69,1.40,19,0.78,7.0,15.2,11.4,65
1993-10-09,1.8,4.0,93,15.20,14,0.27,19.0,16.1,9.8,75
1993-10-10,-1.0,0.8,56,0.00,306,1.48,0.0,21.4,17.7,36
1993-10-11,-1.5,3.1,60,0.00,221,1.42,0.0,13.8,9.1,42
1993-10-12,0.7,4.6,79,4.90,155,0.76,6.0,21.7,16.7,69
1993-10-13,0.1,2.4,68,2.90,294,1.25,7.0,23.2,17.8,36
1993-10-14,-0.4,5.1,62,0.00,216,1.39,0.0,13.5,9.9,45
1993-10-15,1.3,7.7,76,0.00,166,1.39,0.0,13.3,8.5,55
1993-10-16,5.4,12.9,86,2.00,165,0.98,2.0,17.0,11.7,67
1993-10-17,9.3,10.4,99,20.50,169,0.20,19.0,17.1,13.9,86
1993-10-18,7.9,10.6,84,10.40,262,1.03,13.0,27.1,20.4,53
1993-10-19,2.5,6.1,61,0.00,318,1.45,0.0,16.9,10.5,46
1993-10-20,3.1,8.5,68,0.00,126,1.38,0.0,10.4,7.1,46
1993-10-21,3.8,8.8,90,15.30,140,0.28,15.0,26.6,20.0,70
1993-10-22,5.4,7.1,70,1.30,252,1.30,4.0,28.2,21.3,53
1993-10-23,0.8,3.1,66,1.30,310,1.28,5.0,19.6,14.8,36
1993-10-24,2.2,8.8,86,5.90,199,0.43,13.0,17.6,13.5,62
1993-10-25,1.4,5.3,66,0.00,334,1.11,0.0,17.0,14.7,44
1993-10-26,-1.4,3.4,65,0.00,115,1.12,0.0,17.3,11.8,51
1993-10-27,1.8,5.3,86,4.10,148,0.56,4.0,18.2,14.4,69
1993-10-28,1.6,3.9,82,4.90,329,0.78,7.0,15.3,11.6,51
1993-10-29,1.6,5.8,79,0.50,160,0.63,2.0,17.0,11.0,64
1993-10-30,2.2,5.1,77,0.50,245,0.84,2.0,15.6,11.1,46
1993-10-31,-0.7,1.3,68,0.00,5,0.94,0.0,15.2,14.0,60
1993-11-01,-2.5,-1.8,77,9.70,4,0.52,17.0,19.0,15.9,70
1993-11-02,-4.5,-0.6,73,1.30,337,0.89,4.0,19.5,13.9,53
1993-11-03,-3.6,-0.5,86,1.70,160,0.40,6.0,15.2,11.9,71
1993-11-04,0.1,2.4,94,2.00,203,0.41,5.0,14.8,9.8,82
1993-11-05,0.3,1.7,100,11.20,84,0.16,18.0,14.5,9.1,98
1993-11-06,2.1,4.0,92,5.50,240,0.47,10.0,18.2,12.8,68
1993-11-07,-7.6,-4.1,64,0.00,301,0.78,0.0,17.3,13.1,49
1993-11-08,-3.2,1.6,72,0.00,199,0.71,0.0,19.6,13.8,57
1993-11-09,-0.6,1.4,89,1.50,217,0.35,7.0,15.5,10.3,81
1993-11-10,-2.3,0.3,81,1.50,297,0.65,5.0,13.7,8.4,59
1993-11-11,-3.0,0.5,75,1.90,152,0.44,8.0,9.7,8.0,58
1993-11-12,-1.6,-0.2,86,3.90,305,0.57,11.0,20.0,11.7,62
1993-11-13,-8.9,-2.0,78,2.50,140,0.43,6.0,17.9,9.8,62
1993-11-14,2.1,3.9,97,3.90,208,0.20,12.0,18.3,11.0,88
1993-11-15,-1.5,1.1,94,7.20,352,0.18,13.0,14.4,10.4,88
1993-11-16,-3.1,1.7,81,0.00,271,0.61,0.0,14.7,10.5,63
1993-11-17,-0.9,2.3,90,0.60,196,0.33,3.0,12.3,9.7,81
1993-11-18,-3.3,-0.0,78,0.50,316,0.56,2.0,17.3,11.9,55
1993-11-19,-3.8,1.5,74,3.80,157,0.60,5.0,23.2,14.4,55
1993-11-20,0.3,2.3,84,5.50,226,0.63,12.0,21.3,16.7,54
1993-11-21,-8.4,-3.7,67,1.30,263,0.64,4.0,22.3,15.7,51
1993-11-22,0.5,2.9,83,1.30,229,0.44,5.0,17.4,14.9,73
1993-11-23,-11.1,-5.6,71,0.00,345,0.39,0.0,17.7,9.7,57
1993-11-24,-10.4,-7.0,69,1.70,345,0.37,8.0,21.0,12.4,52
1993-11-25,-17.5,-10.6,68,0.00,319,0.37,0.0,14.4,9.9,48
1993-11-26,-13.2,-6.0,71,0.00,316,0.42,0.0,13.7,9.7,54
1993-11-27,-6.0,-0.2,57,0.00,131,0.79,0.0,14.7,12.2,42
1993-11-28,1.9,6.9,84,24.10,130,0.34,17.0,27.0,19.0,54
1993-11-29,-0.6,7.1,73,2.60,242,0.68,5.0,23.0,17.2,51
1993-11-30,-8.1,-4.0,61,0.00,322,0.60,0.0,16.2,13.2,47
1993-12-01,-10.3,-4.4,61,0.00,189,0.52,0.0,11.3,7.3,39
1993-12-02,-6.2,-0.3,74,0.00,167,0.50,0.0,14.5,11.1,61
1993-12-03,-0.6,3.0,90,8.20,195,0.37,13.0,14.4,10.2,78
1993-12-04,-0.7,0.4,95,0.60,247,0.23,5.0,10.3,6.3,92
1993-12-05,-0.8,1.0,92,6.70,21,0.39,12.0,15.5,10.6,79
1993-12-06,-4.1,-1.5,88,0.00,11,0.33,0.0,17.3,9.2,76
1993-12-07,-2.8,-0.3,85,1.90,144,0.37,8.0,14.0,9.3,69
1993-12-08,-4.9,-2.5,83,0.00,327,0.32,0.0,8.2,5.9,65
1993-12-09,-9.3,-3.3,84,0.00,160,0.32,0.0,13.5,8.3,75
1993-12-10,-2.6,0.7,91,6.40,151,0.27,10.0,20.5,14.7,82
1993-12-11,-4.2,2.1,86,9.00,330,0.27,9.0,26.3,18.7,68
1993-12-12,-13.3,-10.1,68,0.00,334,0.48,0.0,26.5,20.3,49
1993-12-13,-11.2,-2.6,74,0.00,334,0.41,0.0,12.4,9.2,52
1993-12-14,-7.7,0.1,75,0.00,344,0.50,0.0,14.9,11.0,56
1993-12-15,-3.7,-0.7,74,0.00,355,0.62,0.0,19.8,16.5,71
1993-12-16,-8.6,-3.7,79,0.00,359,0.40,0.0,20.2,16.7,62
1993-12-17,-12.7,-6.3,78,0.00,328,0.30,0.0,13.3,7.4,62
1993-12-18,-11.8,-5.0,80,0.00,351,0.28,0.0,8.8,5.9,65
1993-12-19,-6.4,-1.4,83,0.30,119,0.38,2.0,8.5,4.8,70
1993-12-20,-4.0,-0.3,90,0.00,204,0.27,0.0,11.0,7.5,76
1993-12-21,-1.6,-0.0,95,15.70,102,0.20,12.0,20.6,12.5,89
1993-12-22,-4.1,-0.0,81,14.70,305,0.36,16.0,25.9,19.3,64
1993-12-23,-20.2,-13.9,69,0.00,307,0.23,0.0,18.4,10.8,56
1993-12-24,-23.5,-17.3,71,0.10,170,0.17,1.0,12.8,9.5,58
1993-12-25,-10.8,-7.7,83,1.90,167,0.24,12.0,12.3,8.0,66
1993-12-26,-13.6,-10.1,79,0.60,219,0.23,4.0,19.6,13.5,60
1993-12-27,-32.3,-27.8,59,0.00,293,0.12,0.0,19.3,13.1,47
1993-12-28,-33.2,-29.2,65,0.00,315,0.09,0.0,9.5,7.8,54
1993-12-29,-31.2,-25.5,66,0.00,109,0.09,0.0,10.9,6.7,53
1993-12-30,-20.5,-16.9,72,0.60,21,0.22,4.0,12.4,10.0,62
1993-12-31,-20.5,-12.4,77,0.40,199,0.17,3.0,14.2,10.4,72
1994-01-01,-11.8,-4.3,86,4.90,186,0.19,8.0,17.3,11.3,82
1994-01-02,-9.8,-1.5,76,4.70,286,0.28,8.0,19.1,15.8,54
1994-01-03,-26.9,-22.1,65,0.00,344,0.17,0.0,13.8,8.2,38
1994-01-04,-21.8,-16.6,66,6.60,18,0.19,7.0,15.7,9.1,59
1994-01-05,-19.2,-17.2,73,5.20,324,0.22,8.0,20.3,13.2,61
1994-01-06,-26.0,-21.2,63,0.00,302,0.21,0.0,21.7,16.0,51
1994-01-07,-27.8,-23.8,65,0.00,342,0.17,0.0,17.0,13.4,46
1994-01-08,-24.0,-20.5,68,3.50,349,0.17,12.0,17.0,13.1,61
1994-01-09,-22.7,-20.7,66,0.70,308,0.23,4.0,19.5,16.3,53
1994-01-10,-23.0,-18.9,67,0.00,320,0.25,0.0,18.9,15.3,55
1994-01-11,-20.0,-14.3,72,1.00,158,0.18,5.0,12.4,8.9,60
1994-01-12,-16.8,-12.8,75,0.00,327,0.24,0.0,12.6,9.1,47
1994-01-13,-13.5,-9.2,73,1.60,181,0.39,6.0,13.6,9.6,54
1994-01-14,-16.9,-14.6,76,4.30,346,0.19,10.0,19.7,11.4,69
1994-01-15,-23.3,-18.8,68,3.20,317,0.20,9.0,19.5,17.0,55
1994-01-16,-30.3,-26.9,60,0.00,294,0.16,0.0,17.4,14.5,48
1994-01-17,-26.1,-17.4,72,4.50,141,0.12,14.0,15.0,10.5,67
1994-01-18,-16.1,-12.2,74,1.60,247,0.28,7.0,16.5,11.3,51
1994-01-19,-26.9,-19.3,61,0.00,278,0.19,0.0,16.7,13.3,46
1994-01-20,-27.3,-21.0,67,0.00,213,0.19,0.0,13.0,10.3,48
1994-01-21,-23.8,-14.9,72,0.10,199,0.21,1.0,18.0,11.5,60
1994-01-22,-15.2,-13.2,71,0.40,284,0.33,4.0,20.4,14.8,48
1994-01-23,-23.4,-19.7,67,0.00,267,0.22,0.0,16.6,8.8,53
1994-01-24,-18.9,-13.3,73,3.00,291,0.29,12.0,10.8,7.1,59
1994-01-25,-21.6,-15.9,68,0.00,317,0.24,0.0,15.0,12.6,47
1994-01-26,-31.5,-26.7,59,0.00,355,0.15,0.0,17.6,16.3,43
1994-01-27,-29.1,-20.3,62,0.00,4,0.23,0.0,16.5,10.3,45
1994-01-28,-13.1,-3.2,82,24.20,142,0.20,19.0,17.8,14.3,61
1994-01-29,-10.0,-0.6,73,5.50,307,0.44,11.0,23.7,17.3,52
1994-01-30,-24.5,-19.2,67,0.00,335,0.24,0.0,14.8,12.0,48
1994-01-31,-26.8,-22.9,64,0.00,245,0.22,0.0,8.7,4.1,43
1994-02-01,-26.3,-20.0,67,0.00,236,0.25,0.0,11.7,6.8,48
1994-02-02,-23.0,-15.5,74,0.00,184,0.28,0.0,15.2,10.0,57
1994-02-03,-16.6,-9.9,75,0.40,171,0.35,3.0,13.9,11.9,59
1994-02-04,-15.1,-11.3,69,0.00,217,0.41,0.0,18.3,12.7,44
1994-02-05,-15.7,-9.7,74,0.00,190,0.40,0.0,18.9,11.0,55
1994-02-06,-15.5,-11.6,69,0.00,256,0.43,0.0,13.9,9.8,44
1994-02-07,-19.4,-15.2,65,0.20,297,0.32,2.0,14.6,10.7,42
1994-02-08,-26.4,-23.0,58,0.00,298,0.27,0.0,15.3,8.8,36
1994-02-09,-26.1,-23.0,58,0.00,354,0.23,0.0,15.0,11.1,43
1994-02-10,-25.6,-20.4,59,0.00,329,0.32,0.0,16.3,12.1,39
1994-02-11,-22.5,-15.4,60,0.00,98,0.40,0.0,6.9,4.7,38
1994-02-12,-19.8,-12.0,65,0.00,339,0.41,0.0,10.2,5.6,53
1994-02-13,-11.4,-7.5,75,7.30,117,0.37,15.0,16.4,10.9,62
1994-02-14,-10.1,-8.8,74,0.30,321,0.56,2.0,20.6,14.1,50
1994-02-15,-15.8,-11.1,72,0.00,321,0.55,0.0,16.8,9.2,54
1994-02-16,-12.5,-7.5,71,0.40,5,0.66,4.0,10.9,8.8,50
1994-02-17,-12.4,-5.0,76,0.00,209,0.43,0.0,12.6,8.0,63
1994-02-18,-10.4,-6.3,71,0.00,323,0.71,0.0,14.1,9.4,33
1994-02-19,-4.8,5.4,68,0.00,173,1.19,0.0,14.2,11.4,56
1994-02-20,3.5,6.7,80,0.10,198,0.88,1.0,16.0,13.6,65
1994-02-21,1.0,4.5,80,0.20,291,0.94,1.0,17.6,13.3,61
1994-02-22,-12.4,-4.4,67,0.00,331,0.59,0.0,21.4,17.0,45
1994-02-23,-18.6,-13.3,65,0.00,353,0.49,0.0,13.9,10.5,43
1994-02-24,-13.1,-11.4,75,17.10,101,0.32,21.0,20.6,14.6,66
1994-02-25,-13.3,-11.2,70,2.90,305,0.57,8.0,22.6,14.4,51
1994-02-26,-18.5,-14.2,63,0.00,322,0.52,0.0,24.5,20.3,46
1994-02-27,-20.1,-16.5,61,0.50,317,0.44,5.0,27.2,25.3,51
1994-02-28,-18.0,-12.6,60,0.00,316,0.65,0.0,23.0,18.5,42
1994-03-01,-17.2,-11.9,65,0.00,320,0.64,0.0,15.9,12.4,40
1994-03-02,-15.8,-8.2,65,0.00,322,0.83,0.0,11.5,7.3,38
1994-03-03,-12.0,-4.2,62,0.00,110,0.89,0.0,11.0,8.0,41
1994-03-04,-6.7,-3.1,69,1.90,347,0.84,9.0,20.4,15.4,56
1994-03-05,-5.0,-2.2,66,0.00,341,1.15,0.0,22.8,19.6,50
1994-03-06,-8.9,-3.6,73,0.00,43,1.02,0.0,12.1,9.5,48
1994-03-07,-7.3,-0.1,82,0.50,150,0.50,4.0,16.7,10.6,75
1994-03-08,-0.9,0.5,81,1.00,220,0.93,4.0,17.1,12.6,53
1994-03-09,-7.0,-3.2,66,0.00,259,1.14,0.0,19.1,12.7,48
1994-03-10,-6.3,-3.2,85,11.70,76,0.39,14.0,11.7,9.3,71
1994-03-11,-8.0,-5.1,71,0.00,343,0.97,0.0,22.1,15.5,41
1994-03-12,-12.8,-6.4,67,0.00,324,1.02,0.0,13.3,9.1,40
1994-03-13,-7.7,-1.3,79,2.10,157,0.89,10.0,13.0,6.9,70
1994-03-14,-5.1,1.3,78,0.00,195,1.24,0.0,12.3,6.0,51
1994-03-15,-2.0,2.5,87,3.00,146,0.79,11.0,15.7,10.9,71
1994-03-16,-0.5,0.7,86,7.70,311,0.97,15.0,16.3,9.8,61
1994-03-17,-8.2,-4.7,71,0.00,328,1.02,0.0,20.3,18.4,53
1994-03-18,-9.1,-3.9,68,0.00,305,1.15,0.0,19.9,13.5,53
1994-03-19,-7.9,-4.1,70,0.00,318,1.03,0.0,18.2,14.3,49
1994-03-20,-3.8,3.1,70,0.00,325,1.57,0.0,18.4,16.7,55
1994-03-21,-1.1,3.9,78,0.00,139,1.67,0.0,17.0,10.1,54
1994-03-22,-0.2,2.0,87,12.60,147,0.64,14.0,21.0,14.6,72
1994-03-23,0.4,7.0,84,0.00,193,1.69,0.0,12.4,8.3,51
1994-03-24,-0.7,3.1,79,3.90,37,1.24,5.0,15.1,10.9,52
1994-03-25,1.0,2.5,77,4.00,215,1.05,8.0,19.7,14.9,61
1994-03-26,-2.3,1.2,67,0.00,329,1.74,0.0,20.0,15.1,42
1994-03-27,-3.8,0.9,77,4.70,106,0.88,6.0,15.8,10.7,54
1994-03-28,0.3,3.8,82,3.50,255,1.46,9.0,14.2,9.5,53
1994-03-29,-0.8,2.2,75,0.10,330,1.45,1.0,11.5,9.6,48
1994-03-30,-5.7,-2.2,64,0.00,303,1.57,0.0,17.7,13.1,32
1994-03-31,-3.2,1.1,67,1.10,238,1.14,6.0,23.4,16.7,52
1994-04-01,-3.2,0.4,61,2.00,320,1.65,7.0,16.1,12.9,37
1994-04-02,-9.1,-1.1,66,0.80,71,1.48,2.0,13.9,9.1,42
1994-04-03,1.2,3.7,79,9.40,183,1.12,16.0,23.0,15.5,62
1994-04-04,-0.5,4.9,70,0.00,237,2.19,0.0,16.1,9.0,36
1994-04-05,-0.1,1.9,85,6.10,181,0.59,11.0,13.8,11.0,72
1994-04-06,-2.3,1.3,77,2.10,354,1.06,10.0,15.7,12.2,57
1994-04-07,-2.7,-0.4,82,7.80,351,0.71,18.0,24.4,15.6,63
1994-04-08,-3.3,2.2,58,0.00,314,2.19,0.0,19.4,14.7,36
1994-04-09,-1.1,5.0,69,1.70,167,1.52,3.0,19.7,11.4,50
1994-04-10,3.3,8.3,77,0.80,210,2.25,3.0,17.9,14.1,50
1994-04-11,0.1,3.2,63,0.00,305,2.20,0.0,25.2,18.5,39
1994-04-12,2.2,10.0,63,0.00,254,2.87,0.0,14.6,10.8,35
1994-04-13,2.3,6.0,77,8.50,139,1.03,8.0,17.3,8.7,62
1994-04-14,4.1,6.6,88,5.70,198,1.05,16.0,23.3,14.9,70
1994-04-15,5.4,11.6,79,0.00,226,2.90,0.0,12.9,8.7,57
1994-04-16,4.8,6.1,84,12.20,138,0.80,13.0,18.9,15.4,76
1994-04-17,1.5,3.6,73,0.80,209,1.57,6.0,23.4,17.4,44
1994-04-18,-1.6,2.3,71,0.00,269,1.57,0.0,13.7,10.0,49
1994-04-19,1.8,8.5,74,5.00,172,1.63,6.0,20.3,14.3,60
1994-04-20,0.8,5.2,75,2.90,311,2.02,12.0,20.1,8.6,56
1994-04-21,-1.4,1.8,64,0.00,302,1.77,0.0,19.4,14.6,42
1994-04-22,-3.1,-0.0,58,0.00,306,1.70,0.0,20.1,13.5,41
1994-04-23,-2.2,7.2,65,3.40,255,1.78,6.0,19.6,11.5,40
1994-04-24,0.8,2.4,96,10.30,13,0.58,24.0,12.2,6.4,89
1994-04-25,1.6,7.6,81,0.00,56,2.79,0.0,7.2,5.1,51
1994-04-26,1.1,3.2,83,2.10,114,0.57,6.0,14.7,12.3,67
1994-04-27,6.6,15.6,96,9.00,178,1.16,12.0,18.7,12.8,82
1994-04-28,-0.4,5.0,57,0.00,324,2.63,0.0,24.3,19.2,40
1994-04-29,0.3,3.3,62,0.10,106,1.14,1.0,11.5,6.8,49
1994-04-30,2.9,8.1,77,1.90,341,2.63,7.0,16.9,9.4,47
1994-05-01,2.1,4.6,89,12.90,71,0.40,17.0,14.8,7.9,60
1994-05-02,1.7,4.2,79,1.50,300,1.62,8.0,21.9,15.5,49
1994-05-03,2.6,11.9,53,0.00,283,3.47,0.0,21.7,11.0,29
1994-05-04,7.8,14.8,53,0.00,223,4.14,0.0,15.1,11.4,34
1994-05-05,9.3,16.7,57,0.00,137,3.80,0.0,13.1,7.0,35
1994-05-06,9.6,15.7,63,0.10,54,3.11,1.0,12.8,6.2,34
1994-05-07,9.5,15.9,52,0.00,329,4.36,0.0,17.0,11.6,24
1994-05-08,8.4,14.2,64,1.30,96,2.88,5.0,15.0,9.7,41
1994-05-09,8.3,16.2,81,1.80,218,2.59,5.0,23.4,10.0,43
1994-05-10,7.3,10.5,75,1.50,274,2.64,4.0,16.6,12.1,43
1994-05-11,6.6,13.6,63,0.80,219,3.01,5.0,19.1,11.2,34
1994-05-12,6.6,9.7,96,14.90,180,0.76,24.0,24.0,17.7,86
1994-05-13,2.1,7.0,59,0.40,325,2.63,2.0,31.3,24.4,42
1994-05-14,5.7,14.5,51,0.00,325,4.22,0.0,24.1,20.6,29
1994-05-15,9.2,17.2,57,0.00,337,3.26,0.0,13.8,6.9,35
1994-05-16,9.0,12.4,81,5.40,102,1.01,10.0,12.7,10.8,67
1994-05-17,10.7,16.9,76,4.30,2,3.41,9.0,16.6,11.0,39
1994-05-18,8.6,12.6,72,0.30,5,1.72,2.0,18.3,13.5,58
1994-05-19,9.8,17.4,62,0.00,23,4.39,0.0,13.0,10.8,36
1994-05-20,12.0,19.6,57,0.00,143,4.74,0.0,10.7,4.6,32
1994-05-21,14.0,20.6,61,0.00,304,4.69,0.0,12.3,10.0,34
1994-05-22,16.7,27.9,60,0.20,250,5.50,1.0,18.6,10.4,34
1994-05-23,13.3,20.7,58,0.30,355,4.81,2.0,18.0,14.2,25
1994-05-24,11.3,18.0,48,0.00,329,4.50,0.0,13.7,9.1,26
1994-05-25,12.4,16.5,71,5.40,266,3.07,10.0,11.3,6.6,50
1994-05-26,6.7,13.1,53,5.00,15,2.43,6.0,18.7,15.6,37
1994-05-27,5.4,12.3,63,9.00,350,3.50,7.0,17.1,14.2,27
1994-05-28,7.6,13.6,65,1.90,240,2.77,8.0,19.5,11.0,48
1994-05-29,8.5,15.1,63,0.60,274,3.78,4.0,13.4,8.7,28
1994-05-30,11.4,16.7,87,5.30,192,1.45,10.0,12.8,10.0,66
1994-05-31,15.8,22.1,90,8.20,211,2.30,8.0,21.6,12.3,62
1994-06-01,13.2,17.1,85,8.70,208,2.71,8.0,23.9,14.7,52
1994-06-02,7.1,10.4,75,1.60,335,1.68,7.0,20.5,11.8,55
1994-06-03,10.8,17.0,64,0.00,315,4.22,0.0,25.7,17.0,34
1994-06-04,12.1,18.7,58,0.00,334,4.49,0.0,15.2,7.9,34
1994-06-05,15.3,22.3,63,0.00,184,4.54,0.0,16.6,11.7,41
1994-06-06,16.3,22.1,73,2.30,202,3.24,6.0,12.1,7.6,51
1994-06-07,14.9,18.9,86,3.30,351,2.67,7.0,15.1,9.9,64
1994-06-08,10.0,15.2,65,1.80,332,4.15,5.0,20.9,16.9,36
1994-06-09,12.2,14.6,54,0.20,298,4.44,1.0,24.8,16.5,37
1994-06-10,10.5,17.9,51,0.00,324,4.82,0.0,14.0,11.0,32
1994-06-11,15.0,22.5,57,0.00,212,5.23,0.0,13.3,8.1,29
1994-06-12,15.0,18.6,81,5.90,171,1.95,10.0,18.7,13.6,56
1994-06-13,17.4,23.3,79,2.40,213,3.83,7.0,17.2,12.3,41
1994-06-14,17.5,21.9,82,19.80,21,2.85,11.0,13.8,9.4,56
1994-06-15,19.8,26.0,75,0.00,162,5.08,0.0,12.7,6.8,52
1994-06-16,23.4,31.4,74,0.00,205,5.55,0.0,12.8,8.4,50
1994-06-17,24.8,28.8,76,0.00,338,4.83,0.0,13.4,9.8,53
1994-06-18,24.0,30.5,80,6.80,291,4.36,3.0,12.2,4.7,48
1994-06-19,19.7,23.5,69,2.40,341,4.89,5.0,18.7,13.5,32
1994-06-20,19.3,24.6,57,0.00,307,4.58,0.0,11.7,6.8,33
1994-06-21,18.9,23.5,77,11.90,196,3.61,20.0,21.9,13.6,61
1994-06-22,17.4,22.4,59,0.30,299,5.70,1.0,22.7,17.9,28
1994-06-23,17.5,22.6,51,0.00,299,6.14,0.0,19.8,16.7,28
1994-06-24,18.1,23.9,52,0.00,312,5.07,0.0,10.5,6.6,32
1994-06-25,16.1,20.3,78,15.50,116,1.28,9.0,20.8,13.6,60
1994-06-26,16.3,19.4,91,10.50,172,2.17,18.0,20.2,14.6,74
1994-06-27,16.4,20.1,85,5.30,211,1.84,9.0,12.3,6.8,68
1994-06-28,16.7,19.5,94,42.10,207,1.45,22.0,13.8,11.2,75
1994-06-29,18.8,23.8,80,1.30,204,4.14,6.0,14.1,8.5,55
1994-06-30,18.4,21.3,95,24.80,181,2.45,19.0,13.0,9.4,83
1994-07-01,17.5,21.8,89,3.30,346,2.54,11.0,11.9,7.3,63
1994-07-02,18.1,21.8,84,5.90,203,2.76,7.0,18.5,13.5,66
1994-07-03,16.0,20.8,62,0.00,306,4.49,0.0,17.7,13.1,41
1994-07-04,15.1,20.6,62,0.00,344,5.03,0.0,11.0,7.5,39
1994-07-05,16.1,20.3,83,17.40,165,1.71,9.0,19.4,12.2,67
1994-07-06,18.4,21.6,83,0.40,314,2.95,3.0,18.8,8.4,60
1994-07-07,19.7,24.4,83,0.60,171,3.91,2.0,11.2,6.8,58
1994-07-08,18.6,21.0,91,0.40,83,1.71,3.0,9.5,5.9,82
1994-07-09,19.0,23.2,95,15.90,159,1.38,17.0,17.9,13.7,87
1994-07-10,18.3,21.9,89,12.80,248,2.73,9.0,16.3,11.8,66
1994-07-11,17.0,22.8,68,0.20,293,4.96,1.0,15.0,11.8,38
1994-07-12,17.1,19.7,76,3.50,217,2.69,6.0,20.2,11.8,62
1994-07-13,16.6,18.5,86,3.60,280,2.78,6.0,18.9,13.6,65
1994-07-14,15.7,21.3,67,0.00,338,4.67,0.0,14.4,8.4,42
1994-07-15,17.3,21.7,75,1.00,76,2.98,2.0,10.1,4.4,57
1994-07-16,17.0,22.5,80,20.40,336,3.95,7.0,13.9,10.4,49
1994-07-17,19.1,24.0,75,0.10,289,4.24,1.0,7.4,5.2,54
1994-07-18,18.8,22.4,90,9.50,147,2.27,12.0,11.8,9.3,83
1994-07-19,18.5,23.4,92,7.30,178,2.95,11.0,15.3,9.5,71
1994-07-20,20.1,25.1,75,0.00,247,4.26,0.0,9.6,6.5,52
1994-07-21,22.1,28.3,84,4.90,195,4.11,3.0,14.1,10.0,66
1994-07-22,21.4,24.4,95,38.30,201,2.43,20.0,10.8,8.8,83
1994-07-23,20.4,23.7,94,9.20,195,2.46,9.0,16.9,9.4,83
1994-07-24,20.1,24.5,87,2.70,203,3.58,5.0,15.9,10.5,64
1994-07-25,19.5,23.3,88,13.50,180,3.26,13.0,10.2,7.2,65
1994-07-26,18.4,20.9,92,6.20,154,2.31,11.0,14.3,9.2,85
1994-07-27,17.0,20.5,77,0.50,239,3.48,1.0,15.2,10.3,46
1994-07-28,17.3,20.4,78,0.20,183,2.91,1.0,10.2,5.7,59
1994-07-29,18.5,24.4,76,0.00,228,4.21,0.0,17.3,11.1,42
1994-07-30,17.5,23.1,74,0.00,26,4.00,0.0,9.1,6.2,56
1994-07-31,19.8,24.3,79,1.10,224,4.04,7.0,15.2,8.3,54
1994-08-01,20.3,24.8,79,6.80,213,3.97,6.0,14.7,10.8,57
1994-08-02,17.5,21.1,77,9.70,9,3.86,9.0,16.2,9.9,43
1994-08-03,17.7,21.8,72,0.00,139,3.43,0.0,11.5,5.7,52
1994-08-04,17.8,22.0,86,11.00,196,2.32,7.0,14.0,10.6,63
1994-08-05,11.8,17.8,74,36.40,338,2.93,9.0,24.1,18.7,36
1994-08-06,13.1,19.5,65,0.00,307,3.79,0.0,10.8,4.9,44
1994-08-07,15.9,21.4,73,0.00,211,3.56,0.0,10.9,6.3,50
1994-08-08,17.3,22.3,73,0.00,179,4.38,0.0,10.6,7.5,49
1994-08-09,17.0,21.1,85,15.20,181,2.38,9.0,15.4,10.6,72
1994-08-10,13.5,18.9,67,0.00,318,4.07,0.0,16.2,13.2,38
1994-08-11,14.4,19.0,66,0.20,272,3.48,2.0,18.1,12.2,46
1994-08-12,15.3,20.2,72,0.00,266,3.39,0.0,11.7,6.6,46
1994-08-13,17.4,22.9,83,0.20,183,2.81,2.0,15.1,10.5,60
1994-08-14,17.3,19.7,89,8.40,236,2.09,14.0,17.3,12.5,73
1994-08-15,11.5,13.8,78,2.20,259,1.87,8.0,17.9,13.3,66
1994-08-16,13.3,19.6,67,0.00,252,3.10,0.0,14.5,11.4,45
1994-08-17,16.7,21.6,75,0.00,222,3.15,0.0,19.3,13.4,57
1994-08-18,15.4,19.7,75,0.00,6,3.20,0.0,9.9,7.6,57
1994-08-19,16.1,21.5,79,0.10,131,2.62,1.0,11.0,5.6,59
1994-08-20,18.2,24.1,87,6.70,181,2.85,5.0,16.0,12.0,66
1994-08-21,17.0,18.3,96,22.20,275,1.09,20.0,14.0,7.4,75
1994-08-22,13.3,16.6,61,0.00,347,3.83,0.0,15.9,13.3,48
1994-08-23,12.2,18.1,69,0.00,348,3.70,0.0,9.8,8.2,44
1994-08-24,15.1,20.7,74,0.00,204,3.83,0.0,11.6,5.8,49
1994-08-25,14.9,18.1,88,2.80,184,1.47,8.0,15.4,11.1,77
1994-08-26,18.1,23.0,83,0.00,256,3.49,0.0,11.8,7.9,56
1994-08-27,18.2,21.8,80,1.70,280,2.82,2.0,15.5,10.5,54
1994-08-28,16.1,18.7,91,10.90,172,0.84,10.0,24.6,13.1,78
1994-08-29,13.6,17.6,66,0.80,262,2.77,2.0,27.0,20.7,51
1994-08-30,11.8,14.4,61,0.10,285,2.85,1.0,24.1,18.1,48
1994-08-31,10.7,14.9,66,0.00,305,2.75,0.0,11.5,7.5,47
1994-09-01,9.2,12.5,72,0.30,345,1.99,2.0,13.8,10.8,54
1994-09-02,9.8,13.8,71,0.50,310,2.59,3.0,14.5,12.0,58
1994-09-03,8.8,11.3,65,0.00,333,2.14,0.0,10.7,8.5,52
1994-09-04,10.3,16.1,66,0.00,8,3.11,0.0,7.9,5.2,43
1994-09-05,11.0,17.4,74,0.00,5,2.65,0.0,9.8,7.3,43
1994-09-06,10.4,13.3,88,7.20,352,0.74,15.0,16.7,13.0,67
1994-09-07,11.9,16.7,83,0.50,294,2.17,4.0,12.2,9.4,54
1994-09-08,12.6,16.1,82,2.10,280,2.31,7.0,13.1,9.9,61
1994-09-09,11.1,14.8,88,13.60,270,1.58,7.0,13.8,6.9,70
1994-09-10,9.7,12.6,96,17.70,314,0.95,23.0,20.7,17.9,88
1994-09-11,11.7,15.3,79,0.40,338,2.08,3.0,21.7,17.3,54
1994-09-12,12.9,18.2,68,0.10,321,2.88,1.0,15.4,11.3,47
1994-09-13,12.5,14.8,85,7.10,317,1.45,6.0,16.6,9.9,61
1994-09-14,11.1,15.6,76,0.00,347,2.54,0.0,15.6,10.1,50
1994-09-15,12.1,18.9,75,0.00,330,2.42,0.0,11.1,7.8,48
1994-09-16,11.9,14.7,89,4.30,169,0.90,4.0,15.3,10.2,78
1994-09-17,14.8,17.2,84,3.20,268,1.78,9.0,23.3,16.7,53
1994-09-18,7.8,9.5,57,0.00,319,2.05,0.0,17.0,12.9,49
1994-09-19,7.7,10.5,66,0.60,289,1.78,1.0,23.7,15.5,50
1994-09-20,11.7,18.2,79,7.30,248,1.89,9.0,12.3,9.8,62
1994-09-21,11.1,15.8,75,0.00,356,2.59,0.0,13.1,7.8,47
1994-09-22,11.6,18.4,76,0.00,132,2.29,0.0,14.6,11.2,66
1994-09-23,12.5,16.5,74,0.00,130,2.32,0.0,12.1,8.9,44
1994-09-24,12.1,14.1,87,0.10,93,0.70,1.0,12.3,8.7,77
1994-09-25,12.9,14.5,91,0.20,111,0.72,1.0,10.6,7.8,82
1994-09-26,14.2,19.0,84,0.80,110,1.79,2.0,10.0,6.3,62
1994-09-27,14.1,17.4,92,4.30,122,0.88,13.0,19.6,13.4,80
1994-09-28,14.0,16.9,86,10.40,149,1.70,14.0,18.3,15.7,61
1994-09-29,11.4,13.3,92,14.70,181,1.33,16.0,9.9,7.1,78
1994-09-30,6.1,10.5,79,3.00,304,1.12,14.0,25.2,18.4,57
1994-10-01,5.7,9.3,59,0.00,314,2.04,0.0,17.8,14.6,40
1994-10-02,4.2,6.9,67,0.10,317,1.62,1.0,20.8,12.6,42
1994-10-03,4.9,7.7,75,0.00,318,1.14,0.0,20.0,18.2,60
1994-10-04,6.3,8.1,74,0.00,323,1.25,0.0,19.0,16.0,62
1994-10-05,3.9,6.7,69,0.00,318,1.42,0.0,18.1,15.1,49
1994-10-06,4.3,8.8,68,0.00,279,1.55,0.0,11.5,7.0,53
1994-10-07,9.7,15.9,81,0.00,195,1.26,0.0,12.0,9.0,67
1994-10-08,11.9,18.4,82,0.00,183,2.02,0.0,15.6,12.6,58
1994-10-09,13.2,17.6,84,3.20,183,1.65,3.0,22.3,15.5,61
1994-10-10,6.3,10.6,68,0.30,282,1.46,1.0,20.8,15.9,43
1994-10-11,2.8,6.1,55,0.00,323,1.94,0.0,16.1,12.2,42
1994-10-12,4.4,11.9,72,0.00,198,1.70,0.0,10.8,7.2,52
1994-10-13,7.6,15.7,72,0.00,218,1.98,0.0,9.2,6.5,38
1994-10-14,5.4,8.7,62,0.00,356,1.91,0.0,19.1,15.3,45
1994-10-15,2.1,7.0,67,0.00,355,1.64,0.0,15.0,12.3,43
1994-10-16,3.1,10.0,64,0.00,346,1.89,0.0,16.1,14.7,35
1994-10-17,4.6,11.4,65,0.00,349,1.69,0.0,13.1,6.7,39
1994-10-18,4.5,8.1,80,0.80,137,0.62,3.0,8.2,4.2,68
1994-10-19,7.0,11.5,79,0.00,144,1.09,0.0,11.5,7.4,60
1994-10-20,9.5,11.1,93,7.50,148,0.39,17.0,17.0,12.3,65
1994-10-21,10.1,12.9,91,0.50,333,0.78,2.0,7.2,4.9,71
1994-10-22,9.2,13.4,87,0.10,351,0.88,1.0,7.6,6.0,66
1994-10-23,8.6,9.5,93,0.30,167,0.32,2.0,9.1,5.0,87
1994-10-24,8.1,11.4,83,2.30,200,1.16,4.0,14.2,10.3,46
1994-10-25,6.5,8.8,88,4.90,179,0.77,16.0,15.9,11.4,71
1994-10-26,4.2,7.5,83,0.70,232,0.97,4.0,10.0,5.8,58
1994-10-27,2.8,5.5,79,0.00,323,0.76,0.0,11.7,8.6,52
1994-10-28,4.5,10.5,75,0.00,203,1.31,0.0,17.8,11.3,57
1994-10-29,7.9,13.4,71,0.00,190,1.47,0.0,18.1,14.3,50
1994-10-30,9.0,12.6,68,0.80,236,1.81,4.0,18.7,13.9,33
1994-10-31,6.1,10.3,64,0.00,213,1.39,0.0,12.6,10.6,46
1994-11-01,4.1,5.6,91,29.70,80,0.16,14.0,16.3,10.7,73
1994-11-02,3.8,5.3,92,19.40,345,0.44,15.0,32.2,18.3,69
1994-11-03,3.2,7.6,65,0.00,310,1.48,0.0,26.4,15.5,43
1994-11-04,3.5,5.2,85,0.60,155,0.32,3.0,10.1,6.8,74
1994-11-05,8.2,12.4,91,10.50,270,0.52,14.0,18.6,15.5,65
1994-11-06,2.9,8.3,89,7.90,109,0.23,10.0,24.8,15.8,70
1994-11-07,3.0,9.8,68,5.40,296,1.42,11.0,33.7,27.2,47
1994-11-08,3.1,7.6,70,0.00,262,0.83,0.0,15.7,8.0,62
1994-11-09,4.6,6.0,79,0.80,304,0.90,5.0,18.1,11.2,52
1994-11-10,-0.0,1.7,64,0.00,314,1.16,0.0,25.7,18.0,48
1994-11-11,-1.0,2.8,63,0.00,321,1.24,0.0,26.8,22.2,51
1994-11-12,-1.2,2.8,78,0.00,304,0.72,0.0,15.7,8.5,60
1994-11-13,-0.5,4.9,81,0.00,339,0.81,0.0,10.6,5.7,53
1994-11-14,1.0,6.0,85,0.40,159,0.48,2.0,14.8,11.5,74
1994-11-15,6.6,9.6,82,1.10,270,0.84,2.0,19.2,15.6,53
1994-11-16,0.9,5.5,67,0.00,288,1.04,0.0,14.5,9.6,52
1994-11-17,-0.3,5.1,82,0.00,195,0.75,0.0,11.0,7.0,56
1994-11-18,1.0,6.9,78,0.10,167,0.56,1.0,20.9,13.5,60
1994-11-19,6.2,9.7,68,0.30,257,1.32,2.0,28.1,21.1,52
1994-11-20,-0.2,1.9,51,0.00,301,1.30,0.0,19.2,12.7,42
1994-11-21,-1.4,1.7,73,2.70,150,0.60,3.0,24.5,14.2,53
1994-11-22,2.1,5.1,79,2.10,231,0.83,9.0,25.6,19.8,47
1994-11-23,-5.9,-2.5,49,2.20,299,0.94,8.0,22.7,17.1,29
1994-11-24,-8.8,-5.9,49,0.00,293,0.91,0.0,22.1,17.7,37
1994-11-25,-4.2,-0.8,62,1.30,226,0.82,8.0,21.4,12.9,39
1994-11-26,-7.1,-4.0,60,0.10,314,0.59,1.0,15.0,10.6,40
1994-11-27,-9.8,-6.6,56,0.00,305,0.55,0.0,9.7,7.2,36
1994-11-28,-7.7,-2.1,71,14.10,119,0.40,16.0,28.3,18.8,50
1994-11-29,-0.5,1.2,78,0.60,223,0.66,3.0,22.1,17.0,63
1994-11-30,-8.6,-3.7,75,0.00,304,0.35,0.0,16.6,9.4,65
1994-12-01,-10.1,-3.0,78,0.00,261,0.36,0.0,11.2,8.5,67
1994-12-02,-1.8,3.0,85,3.80,198,0.41,7.0,16.9,12.7,72
1994-12-03,0.8,3.3,89,0.00,262,0.47,0.0,11.4,7.2,69
1994-12-04,1.2,4.5,92,1.60,203,0.40,5.0,12.7,10.3,83
1994-12-05,-1.5,0.9,97,6.20,114,0.11,7.0,13.2,8.9,91
1994-12-06,0.8,3.0,97,8.80,281,0.27,13.0,12.5,7.9,87
1994-12-07,-7.9,0.0,68,1.00,323,0.52,3.0,19.0,15.2,55
1994-12-08,-8.7,-4.1,66,0.00,320,0.67,0.0,22.9,19.0,54
1994-12-09,-9.2,-4.5,73,0.00,327,0.43,0.0,17.6,9.2,55
1994-12-10,-6.0,-4.0,76,4.30,280,0.40,6.0,16.8,10.0,61
1994-12-11,-6.0,-2.9,80,12.00,131,0.38,13.0,25.4,14.2,65
1994-12-12,-20.6,-12.9,68,0.00,313,0.27,0.0,26.8,15.7,54
1994-12-13,-21.2,-14.2,72,0.00,1,0.19,0.0,8.2,5.4,57
1994-12-14,-17.2,-10.7,74,0.00,101,0.22,0.0,13.0,9.2,68
1994-12-15,-13.9,-8.8,81,0.00,348,0.27,0.0,10.2,7.8,62
1994-12-16,-13.2,-6.7,80,0.00,118,0.30,0.0,11.7,8.9,64
1994-12-17,-8.3,-2.8,88,4.90,132,0.17,9.0,18.6,15.1,84
1994-12-18,-0.8,1.0,90,1.60,203,0.35,8.0,16.2,10.8,72
1994-12-19,-8.1,-3.6,80,0.00,331,0.34,0.0,20.0,15.4,64
1994-12-20,-9.8,-4.4,84,0.90,270,0.23,4.0,12.8,8.5,77
1994-12-21,-1.3,3.5,87,0.00,222,0.41,0.0,15.2,10.8,73
1994-12-22,-0.5,2.8,88,0.00,205,0.46,0.0,11.6,8.8,70
1994-12-23,-1.1,0.7,89,0.00,346,0.40,0.0,16.4,10.8,71
1994-12-24,-7.0,-1.7,85,0.00,351,0.34,0.0,13.9,11.2,67
1994-12-25,-6.4,-1.9,84,0.00,345,0.37,0.0,20.2,15.8,76
1994-12-26,-6.8,-4.8,81,0.00,343,0.37,0.0,17.5,14.4,69
1994-12-27,-11.0,-5.6,83,0.00,179,0.26,0.0,9.5,7.2,74
1994-12-28,-5.1,-1.0,88,3.00,146,0.31,10.0,10.2,8.1,78
1994-12-29,-12.7,-2.5,71,3.10,320,0.35,9.0,29.9,22.7,53
1994-12-30,-20.9,-16.7,65,0.00,331,0.31,0.0,27.1,20.5,50
1994-12-31,-17.7,-11.3,70,0.80,292,0.22,4.0,12.1,6.8,52
1995-01-01,-10.5,-7.9,85,5.00,26,0.17,15.0,6.6,3.8,76
1995-01-02,-8.3,-5.5,86,2.20,266,0.28,10.0,10.2,5.7,67
1995-01-03,-12.3,-8.9,78,0.00,267,0.28,0.0,15.7,10.0,57
1995-01-04,-14.5,-11.7,79,2.30,344,0.21,11.0,10.3,6.9,65
1995-01-05,-20.7,-11.5,73,0.10,241,0.20,1.0,16.7,11.5,63
1995-01-06,-8.4,-6.4,72,1.20,205,0.46,4.0,17.6,16.0,64
1995-01-07,-7.5,-6.0,85,7.20,343,0.29,17.0,17.4,10.7,66
1995-01-08,-19.4,-14.1,75,0.00,328,0.24,0.0,15.0,10.1,60
1995-01-09,-15.4,-12.4,74,0.30,269,0.26,3.0,13.2,10.7,49
1995-01-10,-26.5,-21.1,66,0.00,326,0.15,0.0,10.0,8.4,48
1995-01-11,-29.2,-22.8,62,0.00,12,0.17,0.0,9.3,7.2,44
1995-01-12,-16.4,-9.7,76,15.80,116,0.19,21.0,16.3,13.3,59
1995-01-13,-4.1,-1.3,91,9.20,120,0.19,14.0,13.0,5.2,84
1995-01-14,-0.7,1.5,95,1.20,143,0.23,7.0,11.6,9.0,91
1995-01-15,5.4,8.1,99,12.20,176,0.16,10.0,22.3,17.1,98
1995-01-16,0.7,3.9,90,22.30,357,0.24,24.0,16.2,13.1,85
1995-01-17,-2.3,-0.0,85,6.30,349,0.34,11.0,13.6,10.7,72
1995-01-18,-5.9,-1.5,87,0.00,128,0.41,0.0,16.8,10.0,75
1995-01-19,-2.6,0.5,92,0.00,142,0.34,0.0,12.5,7.0,85
1995-01-20,-0.6,3.3,89,0.00,57,0.55,0.0,12.5,7.8,72
1995-01-21,-1.3,-0.3,84,16.50,75,0.34,14.0,20.2,13.7,74
1995-01-22,-3.8,-2.8,81,3.10,68,0.36,15.0,17.7,10.2,72
1995-01-23,-6.9,-5.4,84,0.30,351,0.36,3.0,10.5,8.9,68
1995-01-24,-10.4,-6.4,83,0.00,339,0.41,0.0,11.2,8.7,64
1995-01-25,-11.3,-8.8,79,0.00,326,0.39,0.0,14.8,11.9,59
1995-01-26,-15.6,-11.8,73,0.00,305,0.39,0.0,13.9,11.7,51
1995-01-27,-19.4,-14.9,65,0.00,317,0.32,0.0,19.6,15.7,46
1995-01-28,-17.4,-11.4,65,0.00,322,0.47,0.0,20.2,19.0,52
1995-01-29,-14.3,-8.5,72,0.00,326,0.50,0.0,19.0,11.2,53
1995-01-30,-10.1,-8.7,70,0.20,267,0.49,2.0,16.3,11.9,52
1995-01-31,-10.3,-5.1,84,5.30,173,0.27,16.0,14.5,8.5,76
1995-02-01,-3.6,0.0,84,2.20,248,0.59,8.0,16.2,11.7,62
1995-02-02,-14.2,-5.3,71,0.00,346,0.44,0.0,20.6,17.9,54
1995-02-03,-18.5,-12.4,69,0.00,340,0.43,0.0,14.1,9.6,33
1995-02-04,-16.4,-10.1,71,0.80,122,0.36,4.0,11.6,9.0,51
1995-02-05,-14.6,-11.2,74,13.40,338,0.31,19.0,26.3,20.9,61
1995-02-06,-27.1,-23.8,57,0.00,295,0.22,0.0,24.7,18.3,46
1995-02-07,-25.0,-19.9,61,0.00,263,0.27,0.0,13.2,11.7,47
1995-02-08,-23.2,-19.1,67,0.10,264,0.26,1.0,16.2,11.1,52
1995-02-09,-15.8,-9.5,72,0.70,243,0.41,4.0,14.3,11.1,57
1995-02-10,-14.2,-9.8,69,0.60,295,0.51,3.0,17.8,10.6,50
1995-02-11,-11.1,-7.3,68,3.20,181,0.69,9.0,16.1,12.6,41
1995-02-12,-18.2,-11.1,57,0.50,274,0.44,3.0,22.2,17.0,41
1995-02-13,-20.6,-13.2,68,0.00,247,0.39,0.0,13.8,9.6,51
1995-02-14,-15.6,-10.9,70,0.00,256,0.50,0.0,12.8,10.6,47
1995-02-15,-15.9,-9.0,74,0.90,172,0.38,2.0,18.2,10.9,63
1995-02-16,-6.0,-2.5,72,8.90,259,0.69,8.0,21.4,17.0,53
1995-02-17,-11.4,-6.4,76,0.00,243,0.59,0.0,13.4,7.5,56
1995-02-18,-8.0,-4.8,75,0.00,263,0.77,0.0,13.7,9.2,43
1995-02-19,-4.4,1.9,79,1.00,183,0.60,4.0,15.4,12.4,69
1995-02-20,-8.9,-1.4,69,0.00,25,0.79,0.0,17.8,11.3,49
1995-02-21,-7.1,-5.2,76,3.10,81,0.55,16.0,14.8,11.5,66
1995-02-22,-11.9,-8.2,74,0.00,339,0.72,0.0,17.5,10.8,45
1995-02-23,-9.5,-3.5,78,0.00,175,0.83,0.0,11.2,9.0,58
1995-02-24,-4.3,0.4,82,5.10,145,0.68,15.0,21.6,10.7,65
1995-02-25,-16.6,-5.8,62,0.40,299,0.55,4.0,22.9,18.6,47
1995-02-26,-22.6,-18.3,61,0.00,318,0.45,0.0,17.3,14.0,41
1995-02-27,-21.0,-13.8,62,1.10,94,0.42,4.0,12.3,8.1,37
1995-02-28,-12.0,-6.3,77,1.00,17,0.58,4.0,10.5,7.7,58
1995-03-01,-9.6,-4.5,79,0.00,134,0.63,0.0,9.7,6.4,61
1995-03-02,-13.0,-7.8,68,0.10,306,0.70,1.0,14.9,11.2,40
1995-03-03,-16.4,-9.3,64,0.00,193,0.73,0.0,15.6,9.5,45
1995-03-04,-10.7,-2.9,71,0.00,197,1.01,0.0,13.0,9.2,48
1995-03-05,-10.3,-6.4,74,0.00,1,0.72,0.0,14.8,10.2,51
1995-03-06,-7.3,-3.9,81,8.00,115,0.44,17.0,18.4,13.0,71
1995-03-07,-7.0,-2.4,83,7.80,88,0.37,8.0,21.6,11.8,68
1995-03-08,1.2,5.5,91,18.00,203,0.32,24.0,26.7,18.2,78
1995-03-09,-10.1,-6.5,71,11.80,347,0.68,19.0,22.7,20.4,54
1995-03-10,-14.5,-9.6,58,0.00,330,0.89,0.0,20.3,16.4,31
1995-03-11,-13.9,-7.4,61,0.00,359,0.94,0.0,10.6,8.6,35
1995-03-12,-7.8,-0.0,67,0.00,139,1.10,0.0,15.9,13.1,61
1995-03-13,0.5,7.2,81,0.50,159,1.58,1.0,10.8,7.2,61
1995-03-14,2.6,6.1,83,0.00,152,0.74,0.0,9.0,4.8,68
1995-03-15,3.3,7.1,82,0.00,148,1.01,0.0,8.5,3.6,66
1995-03-16,2.4,5.3,86,5.80,136,0.84,13.0,10.6,6.0,73
1995-03-17,0.9,4.8,89,5.40,38,0.80,14.0,11.9,7.0,68
1995-03-18,0.7,3.7,82,0.00,348,1.10,0.0,15.1,13.5,63
1995-03-19,-0.8,4.2,77,0.00,51,1.79,0.0,10.9,6.5,49
1995-03-20,-1.5,3.2,77,0.80,141,0.78,7.0,11.4,8.7,71
1995-03-21,1.8,3.9,89,7.00,135,0.57,16.0,12.3,8.8,82
1995-03-22,1.5,3.0,89,12.70,273,0.67,24.0,14.9,10.5,74
1995-03-23,0.0,2.0,74,0.30,356,1.58,3.0,19.5,16.5,41
1995-03-24,-6.1,-1.9,63,0.00,354,1.37,0.0,17.7,15.9,41
1995-03-25,-5.2,1.8,60,0.00,347,1.66,0.0,23.8,19.3,44
1995-03-26,-2.8,2.3,63,0.00,346,1.83,0.0,22.4,19.0,44
1995-03-27,-3.0,2.7,69,0.00,358,1.75,0.0,17.5,15.5,45
1995-03-28,-1.6,6.5,68,0.00,358,2.12,0.0,16.3,13.2,34
1995-03-29,-1.1,4.5,71,0.00,346,1.89,0.0,12.3,9.9,46
1995-03-30,-0.1,4.4,77,0.40,123,1.50,4.0,12.3,7.7,62
1995-03-31,-0.9,0.8,84,5.00,330,1.00,17.0,16.4,9.6,59
1995-04-01,-7.0,-2.1,63,0.00,323,1.60,0.0,15.8,13.8,37
1995-04-02,-6.1,1.7,58,0.00,348,1.85,0.0,13.5,9.2,33
1995-04-03,-3.0,2.8,55,0.40,175,1.77,2.0,19.2,8.9,35
1995-04-04,-1.1,3.7,81,10.20,161,0.88,11.0,28.7,16.0,60
1995-04-05,-15.8,-10.6,52,0.00,307,0.88,0.0,33.8,27.2,40
1995-04-06,-12.2,-4.3,54,0.00,317,1.52,0.0,24.2,14.8,42
1995-04-07,-7.2,-0.9,65,0.00,324,1.67,0.0,15.1,11.8,42
1995-04-08,-5.4,2.7,63,0.00,306,2.22,0.0,12.8,7.8,34
1995-04-09,-2.2,2.1,69,0.00,259,1.56,0.0,23.7,12.1,48
1995-04-10,-7.0,0.5,62,0.00,315,1.91,0.0,18.1,14.8,40
1995-04-11,-4.0,4.3,66,0.00,344,2.18,0.0,13.1,8.3,40
1995-04-12,1.9,5.0,70,4.20,140,1.24,12.0,18.7,15.0,56
1995-04-13,4.0,7.0,85,12.50,180,1.67,15.0,18.1,12.5,55
1995-04-14,0.5,4.8,82,0.10,304,1.31,1.0,16.1,10.6,62
1995-04-15,-1.1,1.0,77,2.40,309,1.09,12.0,21.8,18.0,68
1995-04-16,-0.8,3.8,74,1.50,309,1.51,7.0,14.4,9.9,54
1995-04-17,0.6,4.7,77,0.00,323,1.97,0.0,14.3,10.7,57
1995-04-18,0.7,6.3,67,0.00,344,2.66,0.0,13.4,9.4,44
1995-04-19,3.1,7.6,83,9.10,138,0.66,14.0,23.3,16.2,66
1995-04-20,3.5,7.3,73,0.10,293,2.28,1.0,18.3,14.2,45
1995-04-21,3.0,8.9,63,0.60,70,2.35,1.0,16.9,11.2,46
1995-04-22,5.2,7.2,82,7.30,215,1.52,11.0,23.2,18.9,52
1995-04-23,-0.5,2.7,61,0.00,308,2.21,0.0,22.2,19.6,48
1995-04-24,-0.6,4.3,57,0.00,315,2.42,0.0,19.4,15.1,47
1995-04-25,0.5,6.6,59,0.00,307,2.49,0.0,19.8,13.1,39
1995-04-26,2.5,6.4,83,5.10,181,1.11,13.0,7.6,4.5,62
1995-04-27,4.5,12.7,71,0.00,18,3.20,0.0,8.0,6.6,29
1995-04-28,3.8,7.9,80,11.00,116,0.86,16.0,19.0,15.2,47
1995-04-29,4.4,9.4,88,0.70,114,1.61,4.0,14.0,10.6,60
1995-04-30,5.0,10.5,69,0.00,24,2.12,0.0,8.7,5.4,43
1995-05-01,7.8,14.1,59,0.00,340,2.98,0.0,13.1,10.2,34
1995-05-02,8.4,15.6,55,0.00,4,3.68,0.0,13.7,7.8,32
1995-05-03,9.4,16.5,59,0.70,172,3.43,2.0,9.6,5.4,35
1995-05-04,9.4,16.1,56,0.00,305,3.94,0.0,11.9,8.0,30
1995-05-05,8.9,14.1,64,0.90,304,3.06,2.0,12.9,7.9,49
1995-05-06,4.0,9.8,64,2.00,317,2.69,4.0,26.6,17.9,28
1995-05-07,0.4,5.9,41,0.00,341,3.01,0.0,29.3,22.8,34
1995-05-08,4.8,13.1,56,0.00,352,3.83,0.0,24.0,19.2,38
1995-05-09,8.4,17.0,56,0.00,351,4.31,0.0,13.4,10.9,27
1995-05-10,10.0,16.6,52,0.00,105,3.54,0.0,14.2,11.5,33
1995-05-11,10.0,13.4,66,0.40,129,2.12,2.0,20.8,14.9,56
1995-05-12,7.2,10.0,96,7.20,132,0.48,18.0,15.8,11.4,79
1995-05-13,10.6,16.0,85,0.30,30,2.04,2.0,9.0,6.9,60
1995-05-14,12.8,18.6,71,0.00,141,3.51,0.0,24.8,14.5,43
1995-05-15,9.0,15.2,96,19.00,147,0.47,23.0,19.4,15.7,57
1995-05-16,6.4,12.7,73,1.70,335,2.87,4.0,19.4,14.2,38
1995-05-17,6.9,12.0,85,8.30,115,1.42,6.0,22.8,14.4,62
1995-05-18,7.7,10.0,86,1.50,181,1.50,8.0,20.9,12.1,57
1995-05-19,8.5,12.6,68,0.20,291,2.69,2.0,12.5,8.2,50
1995-05-20,8.5,13.2,67,0.10,304,2.50,1.0,12.4,10.4,46
1995-05-21,10.1,16.9,76,5.40,190,2.68,13.0,15.7,10.1,52
1995-05-22,10.0,14.9,85,8.30,261,2.93,18.0,16.8,10.3,58
1995-05-23,10.4,15.9,70,0.70,267,2.69,3.0,12.6,8.2,44
1995-05-24,11.4,15.4,83,13.20,260,2.44,14.0,19.0,13.4,57
1995-05-25,11.0,17.0,56,0.00,337,4.54,0.0,12.8,10.2,31
1995-05-26,12.3,18.3,68,3.10,57,3.46,5.0,9.4,4.1,39
1995-05-27,11.4,17.7,74,3.00,348,3.84,12.0,11.4,8.8,41
1995-05-28,12.5,17.3,75,0.00,154,3.09,0.0,15.8,9.7,48
1995-05-29,11.1,14.7,94,14.20,159,0.81,22.0,19.2,15.2,65
1995-05-30,12.7,18.2,79,2.20,334,2.70,6.0,20.9,14.2,50
1995-05-31,16.8,25.0,70,0.10,244,4.49,1.0,12.6,8.2,45
1995-06-01,20.6,27.0,59,0.00,245,6.13,0.0,18.9,13.1,31
1995-06-02,19.5,24.3,67,0.00,234,4.05,0.0,12.3,7.6,45
1995-06-03,15.2,19.2,76,3.80,359,2.35,8.0,13.4,9.7,46
1995-06-04,14.0,19.6,54,0.00,334,4.86,0.0,24.2,15.1,33
1995-06-05,12.5,15.1,79,2.60,24,1.58,7.0,12.5,6.4,56
1995-06-06,13.4,22.4,79,0.20,176,3.23,1.0,16.7,8.3,55
1995-06-07,18.7,25.4,71,0.60,221,4.41,5.0,24.8,12.5,46
1995-06-08,9.8,15.2,53,0.00,356,4.89,0.0,25.9,19.3,39
1995-06-09,11.0,16.7,55,0.00,342,4.74,0.0,14.3,9.8,34
1995-06-10,14.1,20.1,57,0.00,144,4.47,0.0,9.2,6.1,33
1995-06-11,13.6,16.6,88,20.20,117,0.89,19.0,16.6,9.4,60
1995-06-12,14.0,17.2,82,1.30,296,2.98,3.0,15.4,12.5,53
1995-06-13,14.5,20.4,64,0.10,254,4.34,1.0,15.7,9.5,39
1995-06-14,13.9,18.1,60,0.00,354,4.79,0.0,15.5,13.0,40
1995-06-15,14.6,21.0,54,0.00,348,5.38,0.0,15.5,12.1,28
1995-06-16,17.6,25.5,58,0.00,273,5.58,0.0,15.4,9.9,33
1995-06-17,18.1,24.0,76,9.40,256,2.86,9.0,14.5,10.7,54
1995-06-18,21.9,29.3,70,0.70,239,5.08,2.0,14.4,8.6,49
1995-06-19,25.6,33.3,69,1.10,288,5.95,1.0,21.5,12.8,41
1995-06-20,17.4,24.3,48,0.00,350,5.95,0.0,20.4,16.5,32
1995-06-21,15.4,22.0,54,0.00,5,5.43,0.0,13.1,7.6,32
1995-06-22,18.9,26.4,59,0.00,267,5.36,0.0,9.1,4.4,30
1995-06-23,21.5,29.2,53,0.00,230,6.41,0.0,11.6,7.9,25
1995-06-24,23.9,31.1,53,0.00,252,6.54,0.0,11.3,8.0,28
1995-06-25,22.9,28.0,70,0.80,321,4.83,2.0,11.9,8.8,49
1995-06-26,21.0,25.7,50,0.00,30,6.36,0.0,16.9,10.5,27
1995-06-27,19.1,25.5,45,0.00,133,6.36,0.0,12.6,10.6,35
1995-06-28,20.9,26.8,53,0.00,185,5.72,0.0,9.8,7.7,31
1995-06-29,22.4,29.4,55,0.00,222,5.68,0.0,11.5,6.3,33
1995-06-30,23.3,28.6,63,0.70,185,4.95,3.0,11.7,5.8,45
1995-07-01,20.8,24.4,89,10.50,169,2.69,16.0,11.2,5.6,70
1995-07-02,18.7,21.0,78,4.80,275,3.25,6.0,14.6,10.6,47
1995-07-03,16.8,21.1,55,0.00,292,4.19,0.0,15.5,10.6,40
1995-07-04,19.2,24.9,59,0.00,202,5.46,0.0,14.1,9.2,34
1995-07-05,21.1,27.3,61,0.10,185,5.35,1.0,15.2,9.4,45
1995-07-06,22.5,27.8,80,1.60,183,3.79,3.0,20.6,13.0,59
1995-07-07,22.3,25.6,82,5.20,191,3.72,7.0,19.8,13.2,63
1995-07-08,19.5,22.0,84,11.40,201,3.50,9.0,14.4,10.1,66
1995-07-09,16.4,21.0,68,0.40,323,3.91,2.0,13.2,9.3,39
1995-07-10,16.2,19.3,69,0.00,288,3.79,0.0,14.0,10.0,43
1995-07-11,17.7,23.1,62,0.00,268,4.66,0.0,7.2,4.8,41
1995-07-12,18.8,23.6,70,0.00,233,3.65,0.0,8.7,5.3,41
1995-07-13,21.3,27.6,65,0.00,232,4.73,0.0,18.4,11.9,48
1995-07-14,23.6,29.4,71,0.40,306,4.90,2.0,12.7,8.2,42
1995-07-15,20.3,24.3,62,1.80,344,5.08,4.0,19.1,14.0,30
1995-07-16,16.7,22.4,53,0.00,358,4.61,0.0,15.2,9.2,39
1995-07-17,15.8,19.0,76,0.80,122,1.45,3.0,21.7,14.0,64
1995-07-18,14.3,17.4,95,13.80,130,1.04,15.0,18.6,14.8,85
1995-07-19,17.6,22.9,80,1.30,282,3.85,2.0,16.4,12.6,44
1995-07-20,17.3,21.9,80,8.20,236,2.57,9.0,10.7,6.3,57
1995-07-21,17.4,22.8,82,6.00,281,3.86,3.0,11.9,6.1,47
1995-07-22,20.0,24.9,69,0.00,208,4.50,0.0,17.0,7.1,40
1995-07-23,18.9,22.1,84,12.90,182,2.14,10.0,14.0,9.5,66
1995-07-24,19.2,24.9,78,1.00,309,4.69,5.0,11.4,8.4,41
1995-07-25,20.3,25.1,74,0.00,199,4.10,0.0,14.2,8.5,52
1995-07-26,20.4,24.9,87,10.60,201,2.42,10.0,11.3,7.7,75
1995-07-27,20.2,25.4,72,0.00,349,5.00,0.0,12.3,9.3,37
1995-07-28,20.7,25.8,65,0.00,124,4.85,0.0,15.9,9.8,46
1995-07-29,21.6,26.0,81,9.90,197,3.68,9.0,18.7,15.0,44
1995-07-30,19.7,22.9,59,0.00,308,4.61,0.0,19.9,14.1,38
1995-07-31,21.2,30.4,65,0.00,232,5.62,0.0,15.1,10.1,44
1995-08-01,21.9,28.1,76,8.40,261,3.41,7.0,18.0,9.9,59
1995-08-02,15.0,21.4,68,0.90,3,4.66,3.0,19.8,11.1,40
1995-08-03,17.6,22.9,73,0.00,147,3.75,0.0,11.6,7.1,55
1995-08-04,19.6,24.0,85,4.40,351,2.98,7.0,13.9,7.6,66
1995-08-05,18.1,22.5,63,0.00,38,4.18,0.0,14.3,9.9,47
1995-08-06,17.7,23.6,55,0.00,95,4.96,0.0,9.8,7.6,35
1995-08-07,19.3,25.2,60,0.00,146,4.94,0.0,10.1,4.3,34
1995-08-08,20.2,27.1,61,0.00,239,5.30,0.0,11.1,7.7,33
1995-08-09,21.7,29.2,61,0.00,260,5.33,0.0,10.7,7.2,31
1995-08-10,21.8,28.2,60,0.00,218,5.55,0.0,14.6,8.6,32
1995-08-11,21.6,26.4,68,0.20,205,3.73,2.0,16.9,11.0,52
1995-08-12,20.3,22.3,81,9.90,276,3.43,7.0,21.2,13.5,48
1995-08-13,18.1,21.9,66,0.00,331,3.28,0.0,18.2,13.5,50
1995-08-14,18.6,23.2,71,0.00,83,3.32,0.0,11.8,7.0,50
1995-08-15,20.4,26.2,81,5.30,160,2.36,9.0,14.5,11.5,70
1995-08-16,23.0,28.4,67,0.00,272,5.23,0.0,15.8,10.9,33
1995-08-17,21.7,27.9,57,0.00,330,5.04,0.0,15.5,9.7,37
1995-08-18,19.8,24.7,60,0.00,15,4.68,0.0,13.1,10.4,37
1995-08-19,18.7,25.2,58,0.00,154,4.73,0.0,12.6,7.1,32
1995-08-20,20.9,29.0,63,0.00,201,5.05,0.0,15.3,11.2,38
1995-08-21,22.8,28.2,58,0.00,247,5.56,0.0,22.5,12.6,25
1995-08-22,17.1,23.3,57,0.00,317,3.46,0.0,23.9,18.5,38
1995-08-23,15.6,20.2,63,1.40,297,3.02,4.0,16.1,11.2,41
1995-08-24,13.3,17.1,76,7.60,295,2.29,5.0,29.0,21.3,59
1995-08-25,13.3,17.2,64,0.00,336,3.06,0.0,29.0,19.0,45
1995-08-26,13.8,19.7,66,0.00,278,2.69,0.0,8.7,6.3,40
1995-08-27,15.7,20.5,62,0.60,339,4.05,3.0,19.1,13.6,28
1995-08-28,14.7,21.3,50,0.00,321,4.58,0.0,13.7,9.2,25
1995-08-29,15.1,18.2,62,0.40,276,2.99,2.0,19.8,12.5,47
1995-08-30,15.0,21.2,56,0.00,334,4.37,0.0,19.8,14.2,33
1995-08-31,13.5,17.6,79,10.40,154,1.21,11.0,16.1,11.2,53
1995-09-01,14.0,16.4,80,3.00,319,2.23,4.0,22.1,13.6,50
1995-09-02,12.6,18.1,63,0.00,318,3.65,0.0,13.4,11.0,38
1995-09-03,13.9,20.6,60,0.00,312,3.24,0.0,7.8,5.4,30
1995-09-04,15.3,21.5,67,0.00,241,3.07,0.0,11.6,6.6,38
1995-09-05,15.8,20.9,79,5.70,244,2.06,4.0,17.1,11.6,61
1995-09-06,11.8,18.6,54,0.00,320,3.92,0.0,17.6,11.2,28
1995-09-07,11.5,15.3,78,11.00,236,1.24,9.0,22.0,17.2,56
1995-09-08,8.0,13.9,58,0.00,332,3.28,0.0,16.1,9.0,39
1995-09-09,10.1,16.7,71,0.00,177,3.12,0.0,11.8,7.5,44
1995-09-10,8.1,12.5,61,0.00,323,2.32,0.0,20.1,16.5,40
1995-09-11,9.0,17.8,63,0.00,250,2.44,0.0,20.1,11.4,47
1995-09-12,14.0,20.9,68,0.00,203,3.71,0.0,19.9,13.9,39
1995-09-13,16.2,20.3,78,2.40,207,1.77,5.0,22.8,15.9,60
1995-09-14,12.9,17.0,82,11.50,329,1.74,11.0,23.1,16.6,48
1995-09-15,8.6,12.8,56,0.00,330,2.98,0.0,14.3,11.3,33
1995-09-16,9.0,14.8,68,0.00,178,2.74,0.0,23.4,13.2,46
1995-09-17,12.1,13.5,83,13.70,186,1.12,12.0,23.1,18.9,62
1995-09-18,8.1,12.7,70,0.30,333,2.63,1.0,18.2,13.3,41
1995-09-19,8.7,14.9,70,0.00,195,2.69,0.0,12.1,7.4,44
1995-09-20,8.8,10.5,85,2.30,137,0.71,9.0,9.5,4.5,70
1995-09-21,8.4,10.3,99,3.20,9,0.40,7.0,4.8,3.8,93
1995-09-22,10.4,15.6,99,14.10,168,0.39,11.0,19.8,10.3,94
1995-09-23,7.7,11.0,72,1.80,297,2.20,4.0,17.3,11.7,35
1995-09-24,6.3,12.0,65,0.00,229,2.29,0.0,11.9,8.0,36
1995-09-25,7.7,12.3,72,0.00,169,1.87,0.0,12.6,7.4,51
1995-09-26,9.0,12.2,94,6.60,150,1.06,16.0,10.9,9.4,79
1995-09-27,9.5,13.7,92,8.40,202,1.19,15.0,16.7,11.2,69
1995-09-28,6.6,9.9,59,0.00,319,2.59,0.0,22.4,17.6,37
1995-09-29,5.9,12.2,67,0.00,167,2.29,0.0,13.4,8.8,42
1995-09-30,9.4,17.3,74,0.00,173,2.44,0.0,15.2,11.0,54
1995-10-01,11.5,17.9,76,0.00,172,2.46,0.0,13.9,10.7,48
1995-10-02,12.0,17.5,76,0.00,176,1.72,0.0,16.2,11.5,67
1995-10-03,11.0,14.1,66,0.00,290,2.19,0.0,15.4,11.4,51
1995-10-04,7.6,8.8,81,1.00,18,0.54,6.0,8.3,6.1,71
1995-10-05,7.5,12.5,78,0.00,353,1.84,0.0,12.9,8.4,52
1995-10-06,5.7,8.0,86,17.00,84,0.46,13.0,19.5,15.6,67
1995-10-07,6.3,8.5,100,15.20,123,0.21,17.0,21.4,17.2,98
1995-10-08,9.9,13.1,96,3.90,191,0.93,13.0,11.2,8.6,83
1995-10-09,8.8,10.3,82,0.00,296,0.74,0.0,13.7,8.9,69
1995-10-10,9.0,12.5,79,0.10,197,1.24,1.0,11.2,4.6,54
1995-10-11,9.4,13.8,78,4.70,192,1.33,5.0,12.7,9.1,59
1995-10-12,12.2,18.8,75,2.00,248,2.15,6.0,16.0,12.6,45
1995-10-13,13.0,21.6,77,0.20,188,2.18,1.0,13.7,9.1,56
1995-10-14,13.1,17.1,86,1.20,175,1.28,3.0,15.2,10.4,66
1995-10-15,10.3,12.6,87,22.90,203,1.29,16.0,25.7,16.5,64
1995-10-16,4.3,6.9,70,1.00,256,1.35,8.0,33.4,22.1,56
1995-10-17,3.1,5.9,59,0.00,298,1.77,0.0,24.5,18.1,46
1995-10-18,6.0,13.8,67,1.90,186,1.45,4.0,18.4,15.5,55
1995-10-19,4.6,9.2,61,0.00,354,1.57,0.0,17.1,9.9,44
1995-10-20,6.6,14.0,69,0.40,123,1.68,1.0,19.4,14.3,59
1995-10-21,11.1,15.4,89,7.80,118,0.78,9.0,31.4,22.5,70
1995-10-22,9.5,14.1,84,25.10,164,1.20,13.0,37.9,21.3,63
1995-10-23,7.9,12.0,74,0.00,227,1.38,0.0,15.5,12.4,56
1995-10-24,8.3,15.4,82,2.90,153,1.66,2.0,20.0,11.9,53
1995-10-25,6.9,10.5,73,7.60,251,1.25,5.0,21.2,16.0,54
1995-10-26,4.0,9.1,75,0.00,195,1.12,0.0,14.2,8.8,53
1995-10-27,6.0,10.5,76,0.30,149,1.26,1.0,23.5,13.4,54
1995-10-28,8.2,10.0,99,15.40,150,0.28,20.0,23.3,14.4,90
1995-10-29,4.4,7.1,84,5.40,301,0.78,14.0,21.2,14.3,53
1995-10-30,-0.3,2.4,51,0.00,312,1.51,0.0,19.0,15.1,34
1995-10-31,-2.1,0.8,70,0.00,281,0.62,0.0,8.0,6.2,54
1995-11-01,-1.4,1.9,66,0.00,63,0.91,0.0,6.6,3.8,41
1995-11-02,-1.1,0.3,89,10.70,117,0.18,16.0,24.9,17.8,63
1995-11-03,3.5,8.2,99,3.40,151,0.19,7.0,17.5,14.3,91
1995-11-04,-0.7,3.2,68,0.00,267,0.99,0.0,17.1,12.4,42
1995-11-05,-1.9,2.2,54,0.00,258,1.18,0.0,18.4,14.2,44
1995-11-06,0.2,4.2,77,0.00,230,0.76,0.0,17.1,11.7,60
1995-11-07,0.5,2.9,80,4.80,171,0.63,5.0,18.5,14.2,59
1995-11-08,-1.2,0.0,82,2.80,310,0.70,6.0,22.2,14.6,57
1995-11-09,-8.6,-4.6,53,0.00,311,0.85,0.0,19.6,15.1,35
1995-11-10,-9.7,-5.4,62,1.70,128,0.40,7.0,16.8,10.0,51
1995-11-11,1.7,8.6,80,2.70,150,0.92,6.0,23.9,17.9,70
1995-11-12,4.7,9.3,90,41.80,174,0.33,24.0,29.6,23.6,67
1995-11-13,-5.9,-3.8,66,0.00,268,0.70,0.0,21.6,8.7,52
1995-11-14,-3.4,0.8,73,0.10,98,0.54,1.0,12.4,9.2,65
1995-11-15,-0.3,3.9,86,33.10,90,0.34,22.0,22.5,15.8,74
1995-11-16,-1.0,2.0,84,3.50,187,0.52,8.0,24.6,18.0,66
1995-11-17,-7.4,-5.0,79,0.00,288,0.43,0.0,14.3,9.2,60
1995-11-18,-10.5,-4.8,81,0.00,308,0.37,0.0,10.1,6.0,66
1995-11-19,-6.3,-1.6,82,2.00,51,0.35,12.0,9.3,7.8,76
1995-11-20,-3.0,-1.5,91,2.20,124,0.24,6.0,15.8,10.4,86
1995-11-21,-0.7,0.9,95,7.90,148,0.30,20.0,16.7,13.5,90
1995-11-22,-1.4,0.3,90,0.60,273,0.44,5.0,15.1,8.6,71
1995-11-23,-6.5,-3.4,86,3.50,204,0.26,8.0,18.6,11.5,79
1995-11-24,-10.7,-4.1,76,0.00,306,0.37,0.0,15.6,10.9,61
1995-11-25,-14.5,-8.3,80,0.00,143,0.27,0.0,12.2,7.7,68
1995-11-26,-6.3,-1.4,81,0.00,215,0.40,0.0,11.1,8.8,61
1995-11-27,-14.3,-8.7,76,0.90,351,0.27,3.0,11.6,8.1,54
1995-11-28,-10.0,-8.4,78,13.10,348,0.30,18.0,21.1,14.8,57
1995-11-29,-17.1,-12.8,76,0.00,340,0.30,0.0,15.7,9.8,62
1995-11-30,-18.1,-11.9,75,0.00,299,0.27,0.0,10.0,7.7,57
1995-12-01,-10.8,-5.8,86,6.80,133,0.17,17.0,16.5,10.7,83
1995-12-02,-8.5,-5.9,76,0.10,316,0.44,1.0,22.9,18.2,61
1995-12-03,-15.7,-11.5,81,4.60,34,0.15,10.0,14.5,9.6,76
1995-12-04,-9.6,-4.0,82,0.60,264,0.34,4.0,12.1,6.7,60
1995-12-05,-12.6,-7.6,77,0.00,311,0.33,0.0,16.3,9.4,63
1995-12-06,-7.1,-3.7,74,7.40,167,0.56,12.0,23.7,16.8,57
1995-12-07,-11.9,-9.0,76,0.00,230,0.30,0.0,12.3,10.2,52
1995-12-08,-19.5,-14.7,74,0.00,327,0.23,0.0,12.9,11.5,59
1995-12-09,-18.2,-10.8,74,1.20,101,0.23,5.0,20.1,11.6,59
1995-12-10,-11.6,-8.3,77,10.20,192,0.32,12.0,19.9,14.8,63
1995-12-11,-18.5,-15.3,71,0.00,261,0.21,0.0,15.4,10.6,52
1995-12-12,-22.1,-18.6,68,0.00,276,0.21,0.0,14.7,12.3,57
1995-12-13,-21.3,-17.3,76,0.00,314,0.19,0.0,12.7,9.5,66
1995-12-14,-20.3,-13.6,75,1.30,74,0.19,3.0,16.3,9.6,62
1995-12-15,-10.7,-8.3,80,9.60,105,0.28,24.0,17.1,15.2,76
1995-12-16,-9.2,-8.3,82,2.90,107,0.25,13.0,15.3,13.2,74
1995-12-17,-10.4,-7.9,80,0.00,342,0.31,0.0,16.6,10.3,62
1995-12-18,-12.2,-9.9,75,0.00,325,0.37,0.0,19.5,17.6,59
1995-12-19,-16.8,-14.2,77,0.00,341,0.26,0.0,17.6,13.9,63
1995-12-20,-15.9,-12.1,78,0.40,349,0.22,3.0,16.2,11.5,66
1995-12-21,-6.1,-1.8,82,4.00,350,0.42,14.0,24.5,19.4,74
1995-12-22,-2.7,-0.6,84,0.00,344,0.44,0.0,20.7,16.8,74
1995-12-23,-3.9,-2.1,87,0.00,340,0.31,0.0,15.5,13.3,77
1995-12-24,-6.0,-4.7,86,0.00,339,0.25,0.0,11.1,10.1,72
1995-12-25,-9.4,-7.7,82,0.00,330,0.27,0.0,12.6,11.1,66
1995-12-26,-9.0,-6.4,82,2.50,334,0.27,13.0,16.1,15.0,78
1995-12-27,-4.0,-0.7,86,1.90,337,0.35,9.0,16.5,15.0,79
1995-12-28,-5.2,-2.4,81,0.00,330,0.37,0.0,16.9,14.5,70
1995-12-29,-11.6,-9.5,79,0.10,309,0.27,1.0,16.1,11.0,62
1995-12-30,-14.0,-7.3,81,0.10,221,0.19,1.0,10.2,7.8,76
1995-12-31,-9.7,-6.8,81,0.00,339,0.23,0.0,9.8,7.9,66
1996-01-01,-18.0,-12.1,75,0.00,346,0.23,0.0,13.8,12.0,55
1996-01-02,-22.9,-20.5,69,0.00,334,0.19,0.0,12.6,10.1,52
1996-01-03,-25.9,-23.5,67,0.00,347,0.15,0.0,13.9,11.4,54
1996-01-04,-28.4,-25.5,66,0.00,339,0.15,0.0,15.6,13.0,51
1996-01-05,-27.1,-25.0,66,0.00,312,0.14,0.0,20.6,12.0,53
1996-01-06,-25.6,-21.5,66,0.00,322,0.21,0.0,20.9,15.9,54
1996-01-07,-24.5,-18.4,67,0.00,319,0.21,0.0,11.8,7.3,43
1996-01-08,-24.0,-17.4,69,0.00,341,0.22,0.0,12.8,8.6,51
1996-01-09,-20.1,-14.4,71,0.00,170,0.21,0.0,8.0,5.9,60
1996-01-10,-16.9,-13.4,76,0.20,349,0.27,2.0,14.0,10.2,60
1996-01-11,-18.5,-14.3,74,0.00,324,0.28,0.0,12.4,9.6,59
1996-01-12,-16.5,-10.7,73,0.20,154,0.26,2.0,11.1,7.4,55
1996-01-13,-12.6,-5.9,79,0.20,296,0.31,2.0,18.4,8.8,68
1996-01-14,-14.3,-7.7,80,3.40,269,0.19,10.0,17.2,11.2,71
1996-01-15,-20.5,-9.2,65,0.00,317,0.30,0.0,23.0,15.6,46
1996-01-16,-23.9,-16.9,69,2.90,167,0.15,11.0,15.4,9.3,63
1996-01-17,-3.1,4.0,86,10.20,194,0.39,16.0,22.0,17.0,72
1996-01-18,1.2,4.9,93,0.20,162,0.41,1.0,17.7,12.0,82
1996-01-19,6.1,9.5,92,13.20,156,0.44,12.0,33.8,24.7,84
1996-01-20,-11.8,5.4,67,10.80,254,0.43,8.0,24.3,16.4,51
1996-01-21,-18.7,-12.6,71,0.10,134,0.26,1.0,12.8,7.7,55
1996-01-22,-9.3,-4.3,84,1.10,169,0.33,8.0,19.1,12.9,74
1996-01-23,-3.0,-0.8,84,0.80,200,0.45,7.0,17.3,9.9,73
1996-01-24,-2.5,0.7,94,16.00,142,0.17,19.0,21.6,13.9,88
1996-01-25,-13.4,0.6,69,1.40,312,0.38,5.0,24.6,16.3,46
1996-01-26,-19.7,-12.5,69,0.50,140,0.28,5.0,10.0,7.9,55
1996-01-27,-5.4,4.6,86,32.80,136,0.31,15.0,31.6,22.6,79
1996-01-28,-9.4,-0.5,69,2.10,275,0.49,5.0,26.5,17.5,47
1996-01-29,-19.8,-15.1,68,0.20,58,0.30,2.0,19.5,8.4,48
1996-01-30,-10.3,-8.1,71,4.20,170,0.59,12.0,25.1,18.7,57
1996-01-31,-17.2,-12.6,71,0.00,286,0.33,0.0,11.5,9.5,50
1996-02-01,-24.4,-20.7,68,0.00,291,0.25,0.0,11.8,7.9,48
1996-02-02,-21.6,-15.4,66,0.10,198,0.33,1.0,18.8,11.4,43
1996-02-03,-23.9,-20.0,64,0.00,312,0.26,0.0,11.4,9.1,40
1996-02-04,-27.8,-22.2,63,0.00,303,0.23,0.0,10.2,6.3,46
1996-02-05,-25.8,-18.4,66,0.00,252,0.28,0.0,9.1,6.8,49
1996-02-06,-19.6,-14.2,71,0.10,265,0.36,1.0,9.4,5.7,51
1996-02-07,-16.4,-6.8,71,0.90,172,0.46,5.0,20.8,13.1,53
1996-02-08,-2.9,1.1,86,2.50,180,0.45,16.0,21.5,16.7,78
1996-02-09,-1.5,-0.6,91,11.80,7,0.34,24.0,20.4,13.5,78
1996-02-10,-9.4,-4.5,76,0.20,329,0.59,2.0,17.6,13.2,54
1996-02-11,-12.4,-8.2,78,5.00,17,0.28,12.0,16.6,7.6,73
1996-02-12,-17.6,-11.1,63,0.50,326,0.44,5.0,24.0,20.3,47
1996-02-13,-23.5,-19.2,66,0.70,294,0.27,7.0,15.0,11.4,52
1996-02-14,-19.7,-14.4,68,0.20,288,0.45,2.0,8.3,5.1,43
1996-02-15,-18.9,-11.9,64,0.00,346,0.52,0.0,9.7,6.4,40
1996-02-16,-16.7,-9.8,67,0.00,206,0.57,0.0,9.4,4.5,48
1996-02-17,-13.7,-8.6,68,0.00,336,0.62,0.0,15.4,10.5,47
1996-02-18,-16.7,-12.5,64,0.00,306,0.47,0.0,16.3,14.3,43
1996-02-19,-20.2,-12.2,69,0.00,185,0.41,0.0,14.0,10.3,55
1996-02-20,-6.0,2.1,84,7.20,154,0.42,16.0,20.0,17.3,74
1996-02-21,1.8,2.5,97,35.60,139,0.22,24.0,18.3,10.7,90
1996-02-22,-1.8,-0.2,87,1.50,339,0.38,7.0,14.1,10.3,78
1996-02-23,-0.7,3.1,84,0.00,340,0.89,0.0,10.2,7.0,64
1996-02-24,0.3,2.4,95,10.90,126,0.24,13.0,20.5,13.3,81
1996-02-25,0.2,1.5,86,5.40,305,0.75,24.0,34.4,19.9,69
1996-02-26,-5.9,-2.2,69,3.50,321,1.04,10.0,28.3,24.1,55
1996-02-27,-10.0,-4.3,68,0.00,332,0.96,0.0,22.3,14.1,42
1996-02-28,-7.8,-6.6,75,6.50,351,0.55,13.0,14.7,9.3,64
1996-02-29,-15.2,-10.1,61,0.00,309,0.71,0.0,20.4,16.0,40
1996-03-01,-14.5,-6.4,66,0.10,206,0.75,1.0,20.3,11.5,44
1996-03-02,-9.5,-0.7,67,0.00,147,1.02,0.0,19.4,12.5,42
1996-03-03,-6.1,-2.5,81,5.20,172,0.68,11.0,26.9,15.0,47
1996-03-04,-14.1,-8.7,58,0.90,295,0.77,4.0,28.4,21.2,41
1996-03-05,-14.6,-7.8,70,0.20,211,0.73,2.0,11.7,7.1,57
1996-03-06,-13.3,-10.1,70,0.00,340,0.67,0.0,15.1,11.1,47
1996-03-07,-17.4,-12.6,61,0.00,356,0.70,0.0,16.2,12.7,40
1996-03-08,-17.1,-12.8,64,0.70,354,0.53,7.0,16.6,14.2,45
1996-03-09,-16.0,-12.0,58,0.30,310,0.71,3.0,22.1,16.4,39
1996-03-10,-14.0,-3.9,65,0.00,245,1.02,0.0,16.8,11.1,47
1996-03-11,-7.0,0.1,73,0.00,205,1.27,0.0,13.7,10.8,50
1996-03-12,-3.7,4.3,75,0.00,223,1.55,0.0,12.0,6.6,51
1996-03-13,-0.4,5.7,75,0.00,222,1.56,0.0,11.2,5.8,49
1996-03-14,1.7,7.4,71,0.00,188,1.78,0.0,16.1,10.4,44
1996-03-15,-3.4,2.7,71,1.90,347,0.92,8.0,20.6,14.9,54
1996-03-16,-8.4,-4.4,59,0.10,344,1.27,1.0,22.4,18.6,36
1996-03-17,-9.1,-1.0,59,0.00,323,1.45,0.0,20.4,18.5,38
1996-03-18,-6.5,1.4,71,0.00,310,1.47,0.0,17.1,9.7,53
1996-03-19,-3.7,5.2,71,0.00,339,1.92,0.0,10.8,6.0,38
1996-03-20,-1.3,1.2,78,9.70,44,0.61,9.0,15.9,12.9,61
1996-03-21,0.1,4.2,80,6.60,56,1.02,19.0,12.9,8.7,59
1996-03-22,-0.7,2.0,82,2.30,319,1.00,17.0,12.4,8.5,56
1996-03-23,-4.2,-1.0,76,0.70,305,0.96,7.0,17.2,11.7,55
1996-03-24,-6.8,-0.2,66,0.00,315,1.54,0.0,19.2,15.0,41
1996-03-25,-1.6,8.1,68,1.60,145,1.38,6.0,22.0,12.8,46
1996-03-26,1.2,5.5,70,4.30,203,1.31,12.0,21.0,17.8,51
1996-03-27,-10.8,-5.2,59,0.60,306,1.08,4.0,20.2,15.6,40
1996-03-28,-11.4,-2.9,60,0.00,295,1.52,0.0,10.5,8.0,38
1996-03-29,-7.4,-0.4,64,0.00,355,1.52,0.0,10.1,6.5,42
1996-03-30,-6.7,-1.0,64,0.00,335,1.61,0.0,18.3,13.5,33
1996-03-31,-6.2,2.1,63,0.00,333,1.85,0.0,16.4,12.1,44
1996-04-01,-2.5,4.7,72,0.90,333,1.26,6.0,9.2,5.3,34
1996-04-02,-1.1,1.1,69,4.90,334,1.90,11.0,20.5,15.0,34
1996-04-03,-7.0,-3.1,64,0.00,327,1.45,0.0,27.9,17.6,36
1996-04-04,-8.2,-1.8,63,0.00,333,1.55,0.0,26.1,21.8,50
1996-04-05,-4.9,0.2,78,1.70,345,0.96,8.0,16.2,12.0,70
1996-04-06,-0.8,3.4,85,3.50,5,1.15,22.0,11.5,8.0,70
1996-04-07,-0.4,2.6,70,0.00,106,1.87,0.0,15.1,13.1,44
1996-04-08,-0.8,3.2,69,0.00,84,1.66,0.0,12.8,9.5,43
1996-04-09,-0.5,2.7,80,4.30,101,1.38,20.0,7.6,5.6,58
1996-04-10,-1.8,2.0,81,3.80,17,1.00,9.0,23.6,12.7,61
1996-04-11,2.5,8.3,68,1.40,334,2.62,7.0,22.7,18.8,41
1996-04-12,1.2,3.7,74,0.00,319,1.83,0.0,22.6,16.4,52
1996-04-13,-3.7,3.4,64,0.00,350,2.13,0.0,18.1,13.7,40
1996-04-14,-0.2,2.4,76,7.60,44,0.97,18.0,15.7,12.8,64
1996-04-15,0.4,6.6,73,0.00,84,2.28,0.0,18.1,11.3,51
1996-04-16,1.3,4.1,88,23.10,131,0.74,19.0,25.5,20.9,62
1996-04-17,0.9,2.9,93,23.00,29,0.79,24.0,17.3,11.0,80
1996-04-18,1.7,5.8,78,1.40,313,1.69,9.0,17.7,12.4,55
1996-04-19,2.8,10.8,69,0.00,138,2.65,0.0,15.9,10.1,45
1996-04-20,5.8,10.0,86,8.80,127,1.64,9.0,19.7,12.3,69
1996-04-21,7.6,9.0,90,13.00,194,1.20,12.0,20.3,15.2,69
1996-04-22,4.5,11.3,75,0.10,216,2.56,1.0,13.4,7.9,46
1996-04-23,6.0,11.5,85,8.10,342,1.95,11.0,11.4,7.7,47
1996-04-24,1.0,4.5,81,17.90,324,1.28,20.0,24.1,19.2,50
1996-04-25,-0.2,6.4,61,0.30,266,2.40,2.0,13.4,10.0,37
1996-04-26,3.7,7.0,95,23.90,142,0.51,24.0,20.4,12.7,82
1996-04-27,2.1,4.7,78,3.10,219,1.30,7.0,18.6,14.0,46
1996-04-28,-1.3,4.2,61,0.30,254,1.89,3.0,18.8,11.7,44
1996-04-29,2.3,9.2,63,0.00,236,3.16,0.0,9.0,7.5,42
1996-04-30,3.7,7.0,82,9.00,117,0.65,8.0,26.0,16.2,55
1996-05-01,6.1,10.3,77,9.90,189,2.53,17.0,25.2,18.2,41
1996-05-02,5.8,8.1,71,1.50,214,2.55,6.0,19.7,15.2,41
1996-05-03,6.1,14.1,59,0.40,214,3.62,3.0,17.5,11.6,26
1996-05-04,6.2,11.9,57,0.20,342,2.85,1.0,14.6,9.1,40
1996-05-05,4.2,9.8,55,0.80,340,3.34,4.0,19.7,15.4,25
1996-05-06,4.1,10.1,50,0.00,327,3.14,0.0,18.8,11.9,27
1996-05-07,6.8,15.6,52,0.40,284,3.91,2.0,19.1,12.1,33
1996-05-08,9.9,16.5,50,0.10,309,4.26,1.0,17.4,10.8,25
1996-05-09,10.1,17.0,52,0.00,150,3.78,0.0,19.2,12.1,33
1996-05-10,10.6,13.0,76,1.80,177,1.53,7.0,14.9,9.2,58
1996-05-11,5.8,9.8,87,7.90,5,1.33,21.0,16.9,13.1,56
1996-05-12,1.7,5.8,91,20.70,1,0.60,24.0,26.4,19.5,72
1996-05-13,1.7,5.4,66,0.70,314,2.12,4.0,23.3,18.5,39
1996-05-14,4.6,11.3,61,0.50,231,3.29,5.0,14.8,9.6,40
1996-05-15,7.3,14.5,68,0.60,289,3.85,4.0,8.5,5.8,33
1996-05-16,10.3,17.1,59,0.00,156,3.88,0.0,15.2,9.5,32
1996-05-17,10.8,16.6,71,0.10,199,2.97,1.0,10.9,4.9,45
1996-05-18,13.6,19.3,70,1.20,168,3.47,3.0,17.6,8.4,41
1996-05-19,14.0,21.0,87,12.50,163,2.23,18.0,20.2,12.4,48
1996-05-20,17.2,23.1,87,5.20,221,2.64,15.0,18.4,11.5,56
1996-05-21,17.4,22.0,72,2.40,267,3.87,7.0,15.3,9.6,40
1996-05-22,12.9,16.4,69,3.30,301,3.34,7.0,15.8,9.0,51
1996-05-23,11.2,16.3,56,0.00,318,4.34,0.0,15.2,12.0,30
1996-05-24,6.5,11.8,44,0.00,328,3.84,0.0,25.6,19.2,31
1996-05-25,4.6,8.6,50,0.00,326,2.96,0.0,23.1,18.5,39
1996-05-26,6.3,11.6,55,0.00,326,2.99,0.0,16.6,12.6,34
1996-05-27,8.8,15.9,56,0.10,334,3.79,1.0,11.8,7.2,27
1996-05-28,10.6,16.0,54,0.20,301,4.17,2.0,14.6,9.6,27
1996-05-29,6.4,10.2,59,0.80,336,3.65,5.0,17.3,10.1,38
1996-05-30,9.1,15.4,66,3.90,4,3.16,14.0,16.1,13.2,36
1996-05-31,13.3,20.9,52,0.00,316,5.00,0.0,13.5,9.6,25
1996-06-01,17.2,25.2,47,0.00,280,5.45,0.0,12.4,9.7,25
1996-06-02,17.8,25.1,49,0.00,203,6.02,0.0,16.9,10.7,30
1996-06-03,18.6,23.6,59,0.00,173,5.32,0.0,20.2,13.9,41
1996-06-04,15.8,20.4,77,5.80,144,2.41,12.0,13.4,6.1,51
1996-06-05,16.1,19.6,80,6.60,192,3.27,11.0,16.4,11.5,51
1996-06-06,15.4,19.4,67,0.30,267,3.35,2.0,15.3,12.1,43
1996-06-07,15.8,19.7,68,0.00,229,2.71,0.0,11.7,5.7,47
1996-06-08,14.3,20.4,56,0.00,10,4.33,0.0,16.6,8.7,34
1996-06-09,16.8,24.1,63,0.00,98,5.23,0.0,11.9,7.3,36
1996-06-10,17.2,21.7,85,0.40,167,1.95,4.0,10.2,7.6,58
1996-06-11,21.7,29.9,76,0.10,213,5.28,1.0,14.0,7.8,40
1996-06-12,22.1,28.6,74,0.70,221,4.98,3.0,11.0,6.4,43
1996-06-13,20.5,25.0,83,5.60,194,3.38,11.0,11.1,5.9,57
1996-06-14,18.9,25.2,82,3.10,291,3.24,11.0,13.8,8.7,28
1996-06-15,18.1,21.9,53,0.40,319,5.19,2.0,20.3,14.4,42
1996-06-16,15.0,22.2,55,0.00,352,5.45,0.0,16.3,8.8,34
1996-06-17,18.1,22.8,62,0.10,314,4.83,1.0,16.4,10.6,41
1996-06-18,17.4,23.4,53,0.00,25,5.47,0.0,12.2,7.8,29
1996-06-19,19.7,27.5,54,0.00,198,6.01,0.0,12.0,6.1,27
1996-06-20,19.9,24.9,69,0.00,168,4.77,0.0,16.4,10.8,40
1996-06-21,15.0,21.6,87,7.80,121,1.02,14.0,18.3,11.5,57
1996-06-22,12.1,15.7,90,3.40,125,1.66,12.0,15.6,11.8,75
1996-06-23,12.0,14.2,89,34.00,358,1.24,17.0,18.4,11.3,68
1996-06-24,11.9,15.7,74,0.50,324,2.14,3.0,11.8,6.6,55
1996-06-25,12.5,17.1,87,7.50,345,2.24,17.0,21.2,9.7,51
1996-06-26,13.0,18.8,57,0.30,328,4.23,3.0,27.6,20.4,34
1996-06-27,14.8,20.4,56,0.00,321,4.71,0.0,15.5,11.2,37
1996-06-28,16.1,22.3,60,0.00,356,5.29,0.0,12.0,8.5,34
1996-06-29,14.6,18.1,78,5.30,176,1.66,7.0,22.1,12.0,55
1996-06-30,15.8,18.1,89,10.00,169,1.03,13.0,17.9,16.3,76
1996-07-01,20.3,25.2,76,0.20,250,4.73,2.0,18.4,13.1,41
1996-07-02,19.2,23.7,73,1.60,250,3.83,4.0,10.7,6.4,53
1996-07-03,16.5,19.3,96,26.80,18,1.51,24.0,13.9,8.1,88
1996-07-04,13.7,15.5,100,41.70,9,0.49,24.0,23.1,15.2,98
1996-07-05,14.7,21.9,80,0.30,335,3.24,2.0,19.2,14.6,42
1996-07-06,15.6,18.6,77,7.40,274,2.85,13.0,25.0,15.9,57
1996-07-07,15.9,21.0,69,0.30,264,3.61,3.0,12.4,7.9,41
1996-07-08,16.8,21.5,80,10.10,198,3.89,16.0,16.4,11.6,51
1996-07-09,16.0,19.6,81,15.40,212,3.15,12.0,16.8,8.5,65
1996-07-10,14.3,17.7,79,7.70,286,2.85,10.0,18.5,10.7,63
1996-07-11,15.7,19.8,70,2.70,268,3.95,8.0,14.8,12.4,59
1996-07-12,17.1,21.9,78,0.40,232,3.46,4.0,10.8,7.7,51
1996-07-13,18.5,22.7,78,0.50,149,3.57,3.0,11.2,7.8,61
1996-07-14,19.2,25.6,79,0.70,31,4.27,2.0,10.8,7.5,49
1996-07-15,18.7,21.4,93,26.80,131,1.45,11.0,24.2,11.9,80
1996-07-16,19.1,22.5,84,14.30,232,3.58,9.0,27.2,15.7,52
1996-07-17,19.2,23.3,71,0.00,273,4.62,0.0,18.6,14.2,45
1996-07-18,19.7,24.6,63,0.00,290,4.86,0.0,12.0,9.4,41
1996-07-19,17.1,21.2,93,38.20,18,0.67,12.0,29.5,12.5,75
1996-07-20,10.0,12.2,98,38.00,332,0.43,24.0,34.5,31.3,90
1996-07-21,14.2,19.0,73,4.90,340,3.11,7.0,31.3,20.5,49
1996-07-22,16.5,23.1,67,0.00,300,4.52,0.0,12.4,7.1,42
1996-07-23,17.4,21.1,79,0.60,177,3.15,4.0,13.2,9.8,63
1996-07-24,17.7,22.1,86,1.80,168,3.22,12.0,12.2,7.5,70
1996-07-25,17.7,19.9,94,21.20,158,1.89,17.0,15.0,10.7,85
1996-07-26,17.4,21.3,94,8.90,197,2.53,18.0,10.5,5.4,76
1996-07-27,16.0,19.2,87,1.90,314,2.96,6.0,18.4,10.9,65
1996-07-28,15.6,18.4,70,0.00,325,3.30,0.0,15.1,11.5,52
1996-07-29,16.1,20.5,72,0.00,39,3.38,0.0,8.3,6.0,48
1996-07-30,17.3,22.1,79,1.10,130,3.59,5.0,12.7,9.1,66
1996-07-31,17.1,20.9,87,3.30,134,2.40,11.0,14.8,10.8,63
1996-08-01,16.1,18.6,94,11.30,127,1.70,18.0,11.3,8.5,83
1996-08-02,16.3,19.6,92,6.60,358,2.37,17.0,5.4,3.1,76
1996-08-03,17.6,22.1,85,0.60,330,3.29,5.0,5.5,3.5,58
1996-08-04,19.0,25.2,85,1.20,266,4.13,2.0,5.2,3.6,61
1996-08-05,20.9,27.2,81,0.40,281,4.58,2.0,7.4,5.6,54
1996-08-06,22.1,27.5,78,0.00,216,4.71,0.0,11.4,5.4,49
1996-08-07,22.7,28.4,73,0.00,196,4.76,0.0,15.6,11.0,50
1996-08-08,20.9,24.1,88,12.10,196,1.25,14.0,16.9,12.6,72
1996-08-09,19.8,23.2,87,11.40,282,3.47,10.0,10.5,8.1,62
1996-08-10,15.7,19.3,66,0.00,332,3.64,0.0,16.3,13.3,50
1996-08-11,13.7,19.1,62,0.00,317,4.26,0.0,13.1,8.6,42
1996-08-12,15.1,19.9,74,0.00,182,3.46,0.0,18.2,11.4,55
1996-08-13,17.4,21.4,79,1.50,206,3.01,8.0,13.7,10.7,62
1996-08-14,15.8,20.7,66,0.00,331,4.32,0.0,11.6,9.6,38
1996-08-15,16.2,22.0,70,0.00,106,4.35,0.0,13.9,8.6,45
1996-08-16,17.2,20.6,89,15.60,163,1.86,16.0,16.0,12.1,72
1996-08-17,17.2,22.5,78,0.30,327,4.04,3.0,11.5,8.1,44
1996-08-18,16.3,19.1,76,5.80,327,2.51,9.0,16.2,10.1,50
1996-08-19,15.4,21.0,68,0.00,349,4.08,0.0,8.7,5.9,41
1996-08-20,16.7,22.6,74,0.20,175,3.88,1.0,14.5,9.4,55
1996-08-21,18.4,21.5,87,3.10,334,2.49,9.0,14.6,8.9,54
1996-08-22,17.3,23.1,73,0.00,276,4.19,0.0,12.7,7.5,49
1996-08-23,18.2,21.3,88,10.20,222,2.00,17.0,12.0,8.8,76
1996-08-24,16.9,20.6,68,0.00,321,3.34,0.0,12.6,8.1,45
1996-08-25,17.0,22.7,76,5.10,220,2.83,6.0,29.2,15.8,57
1996-08-26,13.4,16.1,72,0.00,335,2.45,0.0,15.1,9.7,54
1996-08-27,13.3,17.8,68,0.00,12,3.58,0.0,11.3,7.4,47
1996-08-28,14.8,21.0,76,0.00,139,3.80,0.0,10.1,5.0,47
1996-08-29,15.2,18.6,72,0.20,298,3.12,2.0,19.0,12.6,53
1996-08-30,12.3,15.7,67,1.40,320,2.58,5.0,15.0,10.6,52
1996-08-31,17.8,24.9,68,0.20,253,3.96,2.0,15.2,12.4,50
1996-09-01,19.6,26.1,70,0.00,232,4.13,0.0,10.6,7.3,45
1996-09-02,19.2,24.8,83,0.20,55,2.98,2.0,10.2,6.3,62
1996-09-03,18.6,23.3,74,0.00,141,3.41,0.0,9.3,3.7,49
1996-09-04,18.6,24.5,77,1.00,177,3.06,6.0,11.7,8.4,61
1996-09-05,20.2,25.4,75,0.30,272,3.38,3.0,9.9,7.8,50
1996-09-06,18.4,22.6,66,0.00,337,3.93,0.0,13.4,10.5,36
1996-09-07,16.4,21.4,65,0.00,65,3.58,0.0,8.9,7.1,43
1996-09-08,13.5,16.3,80,4.60,117,1.29,10.0,17.3,14.2,64
1996-09-09,13.6,15.3,95,5.80,95,0.65,13.0,14.7,8.5,89
1996-09-10,14.6,17.0,91,2.40,338,1.15,15.0,14.2,7.9,71
1996-09-11,15.6,19.1,74,0.20,326,2.26,2.0,9.4,6.8,54
1996-09-12,13.6,15.7,96,14.50,119,0.67,16.0,14.9,11.7,80
1996-09-13,14.1,17.5,83,4.00,115,2.16,6.0,21.2,16.6,57
1996-09-14,9.9,12.1,98,24.70,95,0.39,24.0,16.3,13.8,83
1996-09-15,9.7,10.9,93,1.50,74,0.63,12.0,12.1,7.3,83
1996-09-16,10.4,13.2,83,1.20,71,0.94,7.0,9.5,6.9,75
1996-09-17,12.5,18.8,78,0.00,39,2.68,0.0,9.3,5.9,45
1996-09-18,12.8,17.5,77,0.00,0,2.62,0.0,20.9,13.7,50
1996-09-19,13.0,18.1,61,0.00,356,3.06,0.0,23.5,17.4,42
1996-09-20,13.4,18.0,68,0.00,311,2.92,0.0,16.9,13.2,46
1996-09-21,13.1,16.4,69,0.10,299,2.50,1.0,21.6,14.5,48
1996-09-22,8.6,12.1,58,0.00,11,2.85,0.0,16.6,12.3,40
1996-09-23,6.3,9.7,69,0.00,9,1.60,0.0,16.7,12.5,54
1996-09-24,6.8,11.0,71,0.40,344,1.78,4.0,7.7,5.4,48
1996-09-25,8.1,12.6,69,0.20,90,1.97,1.0,7.1,5.2,48
1996-09-26,7.7,11.2,82,0.90,279,1.56,7.0,9.5,6.7,58
1996-09-27,8.0,12.7,80,0.30,138,1.50,2.0,18.7,9.3,57
1996-09-28,12.0,15.7,95,10.20,169,0.56,17.0,24.5,19.7,81
1996-09-29,11.9,15.2,84,12.40,218,1.77,14.0,18.3,14.7,51
1996-09-30,8.3,12.2,73,8.90,276,1.96,8.0,17.0,14.1,37
1996-10-01,7.0,11.6,77,1.70,201,0.99,4.0,12.6,9.7,59
1996-10-02,12.4,16.2,90,3.30,184,1.05,8.0,22.1,17.1,74
1996-10-03,6.1,15.7,66,10.80,290,1.85,11.0,27.1,21.0,38
1996-10-04,1.4,4.6,61,0.00,314,1.48,0.0,15.6,11.9,45
1996-10-05,2.5,7.4,66,0.00,234,1.78,0.0,13.3,7.0,46
1996-10-06,4.5,12.0,78,0.00,180,1.83,0.0,19.9,13.8,54
1996-10-07,7.5,10.9,87,4.50,175,0.81,11.0,16.6,10.7,77
1996-10-08,7.1,10.3,86,5.60,351,1.15,12.0,14.4,9.8,60
1996-10-09,9.3,14.1,80,0.20,25,1.56,2.0,8.0,5.7,57
1996-10-10,6.0,9.5,95,7.60,344,0.35,24.0,19.9,12.9,83
1996-10-11,1.2,5.3,56,0.30,328,1.92,2.0,19.9,14.0,39
1996-10-12,2.9,9.3,74,0.30,224,1.34,2.0,10.4,8.3,56
1996-10-13,4.5,7.3,95,2.20,150,0.36,12.0,12.5,9.1,87
1996-10-14,5.5,9.5,77,5.80,285,1.11,7.0,31.0,22.4,52
1996-10-15,-0.9,2.6,47,0.00,323,2.03,0.0,29.1,22.1,37
1996-10-16,-0.5,1.9,66,1.20,348,0.56,7.0,10.7,4.2,55
1996-10-17,-0.2,4.3,68,0.30,349,1.37,1.0,14.8,12.0,43
1996-10-18,0.8,7.3,68,0.00,99,1.44,0.0,14.2,10.0,48
1996-10-19,4.1,10.4,70,0.00,115,1.63,0.0,15.9,12.7,49
1996-10-20,4.8,9.7,72,0.40,99,1.10,2.0,13.3,11.5,47
1996-10-21,5.6,9.1,60,0.00,100,1.52,0.0,15.5,12.5,45
1996-10-22,4.2,6.0,96,26.00,93,0.28,24.0,16.6,12.1,61
1996-10-23,5.3,7.1,95,0.50,122,0.47,5.0,12.5,7.9,78
1996-10-24,6.9,10.2,83,4.50,159,1.13,8.0,17.9,14.7,60
1996-10-25,7.0,8.0,82,1.60,232,0.89,14.0,18.2,15.9,65
1996-10-26,5.2,9.7,64,0.00,308,1.65,0.0,14.7,12.2,46
1996-10-27,3.5,9.0,75,1.10,21,1.15,1.0,14.1,8.5,49
1996-10-28,5.7,8.2,89,11.80,262,0.70,16.0,16.3,12.8,63
1996-10-29,1.9,3.8,68,0.00,316,1.10,0.0,20.4,15.6,48
1996-10-30,-0.8,0.6,81,8.20,123,0.34,11.0,22.1,12.5,67
1996-10-31,1.5,3.8,86,2.10,228,0.70,12.0,17.3,13.2,49
1996-11-01,-0.8,2.6,72,0.40,213,0.84,3.0,19.6,13.0,57
1996-11-02,-1.7,1.3,80,1.60,205,0.68,10.0,12.1,9.4,55
1996-11-03,-4.7,-1.0,63,0.30,298,0.87,3.0,16.8,10.0,35
1996-11-04,-3.2,0.8,78,1.00,220,0.51,8.0,16.2,9.9,64
1996-11-05,-1.2,1.2,76,0.10,331,0.72,1.0,16.9,9.7,59
1996-11-06,-0.3,3.7,84,0.00,118,0.53,0.0,10.2,8.8,78
1996-11-07,3.0,8.0,96,1.90,142,0.14,12.0,22.0,16.5,91
1996-11-08,10.7,13.5,99,31.70,179,0.21,18.0,25.8,19.4,93
1996-11-09,6.1,11.6,100,54.50,168,0.16,24.0,34.2,16.5,96
1996-11-10,1.6,5.3,88,2.40,144,0.61,5.0,15.9,7.7,64
1996-11-11,-0.3,1.5,84,1.70,267,0.71,11.0,15.2,10.1,52
1996-11-12,-3.6,-2.0,63,0.00,309,0.85,0.0,15.3,13.1,45
1996-11-13,-7.3,-5.4,53,0.10,303,0.77,1.0,13.6,11.2,34
1996-11-14,-8.4,-4.5,54,0.30,322,0.61,3.0,12.2,5.7,35
1996-11-15,-10.6,-5.8,51,0.00,332,0.74,0.0,13.4,9.7,34
1996-11-16,-7.6,-0.4,57,0.00,200,0.76,0.0,8.1,4.8,26
1996-11-17,-3.2,5.4,52,0.00,252,0.90,0.0,7.6,4.9,26
1996-11-18,-0.3,4.2,68,0.00,134,0.69,0.0,12.8,7.8,48
1996-11-19,-0.7,0.3,88,10.00,77,0.22,17.0,6.6,4.9,79
1996-11-20,-1.0,0.3,95,8.10,51,0.26,19.0,7.1,3.8,82
1996-11-21,-1.4,0.7,91,2.00,328,0.33,8.0,16.1,11.9,75
1996-11-22,-1.9,-0.6,88,0.00,322,0.35,0.0,15.2,13.5,77
1996-11-23,-5.8,-1.2,83,3.40,268,0.30,12.0,19.7,13.9,74
1996-11-24,-15.2,-8.6,74,0.10,315,0.38,1.0,24.0,12.1,63
1996-11-25,-10.9,-6.2,83,0.20,188,0.35,2.0,7.6,5.5,67
1996-11-26,-9.3,-4.3,82,0.90,349,0.35,9.0,17.7,8.8,67
1996-11-27,-10.7,-8.4,77,0.00,343,0.41,0.0,19.8,16.5,60
1996-11-28,-12.6,-8.6,81,0.00,314,0.30,0.0,13.0,8.4,66
1996-11-29,-10.2,-5.0,82,0.00,327,0.32,0.0,8.4,5.6,68
1996-11-30,-7.4,-3.1,87,0.50,139,0.27,5.0,12.8,8.7,79
1996-12-01,-0.4,2.9,93,7.10,138,0.16,18.0,20.4,15.9,85
1996-12-02,3.1,5.9,98,17.40,198,0.18,24.0,21.1,13.4,93
1996-12-03,-1.0,0.4,84,0.90,231,0.47,4.0,18.8,12.7,71
1996-12-04,-3.4,-1.3,85,0.00,353,0.40,0.0,13.3,8.3,72
1996-12-05,-6.7,-4.4,80,0.00,1,0.35,0.0,13.0,7.8,67
1996-12-06,-5.9,-3.7,75,0.60,106,0.38,6.0,12.9,10.4,65
1996-12-07,-5.7,-3.0,78,3.30,124,0.36,14.0,19.0,14.4,73
1996-12-08,-2.2,-1.7,93,18.70,88,0.17,23.0,16.3,13.0,88
1996-12-09,-4.2,-0.4,87,0.00,250,0.36,0.0,11.7,8.6,62
1996-12-10,-6.2,-4.8,84,0.10,264,0.25,1.0,12.1,7.3,71
1996-12-11,-7.3,-4.0,87,2.00,73,0.23,14.0,7.1,5.3,79
1996-12-12,-7.4,-1.5,85,0.30,49,0.35,3.0,15.3,9.0,71
1996-12-13,-2.2,-1.3,75,0.30,123,0.59,3.0,19.9,17.4,65
1996-12-14,-1.7,-0.6,91,5.60,122,0.21,23.0,15.9,12.1,82
1996-12-15,-1.5,0.4,93,2.20,63,0.30,8.0,8.4,4.9,81
1996-12-16,-0.8,0.5,95,1.70,157,0.18,10.0,17.3,14.1,90
1996-12-17,0.3,1.8,96,8.20,124,0.21,24.0,17.4,9.7,87
1996-12-18,1.2,3.7,91,0.90,183,0.31,4.0,17.8,12.7,76
1996-12-19,-2.6,-0.8,88,0.40,215,0.34,2.0,11.0,6.8,66
1996-12-20,-9.9,-5.8,75,2.20,301,0.32,10.0,21.5,17.1,56
1996-12-21,-14.8,-8.5,77,0.00,230,0.29,0.0,16.8,11.3,67
1996-12-22,-6.5,-2.6,83,1.30,187,0.30,7.0,14.1,11.4,77
1996-12-23,-3.5,-1.7,93,1.20,143,0.24,8.0,10.9,7.6,84
1996-12-24,-0.4,3.2,93,14.00,145,0.18,24.0,21.8,18.2,89
1996-12-25,-11.1,3.1,71,0.60,281,0.35,5.0,23.3,16.9,53
1996-12-26,-18.0,-11.5,74,0.20,210,0.23,2.0,10.3,8.8,64
1996-12-27,-10.6,-9.0,83,2.30,240,0.26,10.0,10.2,7.4,65
1996-12-28,-10.2,-5.2,83,3.40,142,0.20,9.0,11.1,7.4,77
1996-12-29,-1.4,1.2,96,5.50,187,0.23,14.0,10.4,6.5,87
1996-12-30,-12.8,-0.6,69,2.60,319,0.34,7.0,22.4,17.9,50
1996-12-31,-26.0,-22.8,65,0.00,335,0.17,0.0,18.1,15.0,51
1997-01-01,-26.0,-19.8,65,0.00,324,0.19,0.0,16.6,9.6,43
1997-01-02,-17.5,-12.8,70,0.50,29,0.23,3.0,6.4,4.4,58
1997-01-03,-11.2,-7.3,80,2.20,75,0.27,12.0,7.3,4.2,66
1997-01-04,-9.2,-7.0,84,0.00,269,0.30,0.0,7.0,5.3,72
1997-01-05,-6.7,-3.5,87,23.40,102,0.17,19.0,24.0,15.4,84
1997-01-06,-2.1,-0.9,87,5.20,210,0.43,18.0,19.2,13.4,70
1997-01-07,-10.0,-4.1,73,0.00,281,0.39,0.0,18.9,15.7,61
1997-01-08,-15.3,-13.1,68,0.00,316,0.40,0.0,22.5,19.9,60
1997-01-09,-15.7,-12.5,74,0.00,332,0.34,0.0,18.4,13.9,63
1997-01-10,-9.1,-5.9,86,13.40,112,0.21,20.0,17.4,12.0,78
1997-01-11,-8.1,-6.8,81,0.40,231,0.35,2.0,13.5,11.6,57
1997-01-12,-11.9,-9.4,76,2.10,269,0.29,9.0,13.3,11.9,69
1997-01-13,-7.7,-5.7,81,0.00,305,0.38,0.0,15.5,13.3,68
1997-01-14,-10.6,-8.7,76,0.50,273,0.37,3.0,17.6,11.4,57
1997-01-15,-9.3,-4.3,81,0.00,217,0.33,0.0,15.5,10.8,70
1997-01-16,-3.3,0.3,85,8.20,179,0.42,17.0,25.2,19.5,79
1997-01-17,-21.8,-3.9,61,0.90,280,0.24,4.0,21.6,16.3,45
1997-01-18,-30.0,-26.4,63,0.00,260,0.14,0.0,9.5,7.2,46
1997-01-19,-28.6,-20.8,68,0.80,198,0.15,5.0,13.8,9.3,55
1997-01-20,-12.6,-7.4,80,2.40,202,0.29,16.0,14.7,10.6,71
1997-01-21,-15.2,-9.8,70,0.00,325,0.37,0.0,17.1,12.3,48
1997-01-22,-9.4,2.3,81,11.00,173,0.32,16.0,19.1,14.7,71
1997-01-23,-10.4,2.3,71,9.50,326,0.40,11.0,26.9,21.8,48
1997-01-24,-23.2,-17.2,64,0.00,61,0.30,0.0,16.5,12.0,44
1997-01-25,-8.1,0.4,84,16.60,143,0.27,18.0,19.7,17.3,54
1997-01-26,-15.1,-1.2,65,0.40,294,0.40,3.0,23.4,19.4,46
1997-01-27,-24.3,-20.3,65,0.00,313,0.26,0.0,13.7,7.1,46
1997-01-28,-14.5,-9.5,74,11.80,165,0.36,16.0,24.8,16.7,53
1997-01-29,-19.8,-17.0,64,0.00,293,0.30,0.0,17.4,14.3,45
1997-01-30,-26.6,-23.3,64,0.00,326,0.21,0.0,12.5,7.2,47
1997-01-31,-17.5,-10.3,75,3.90,125,0.26,21.0,12.9,11.7,61
1997-02-01,-7.0,-3.6,87,5.00,109,0.37,18.0,15.3,9.5,78
1997-02-02,-8.5,-5.5,79,0.00,319,0.50,0.0,11.9,8.6,52
1997-02-03,-9.6,-6.3,78,0.40,351,0.54,3.0,11.6,6.3,57
1997-02-04,-12.7,-7.7,75,0.00,42,0.52,0.0,11.7,9.5,56
1997-02-05,-7.4,-4.3,85,9.70,106,0.29,20.0,14.3,11.1,73
1997-02-06,-8.3,-4.6,78,0.50,297,0.62,2.0,14.0,11.3,54
1997-02-07,-10.8,-8.0,74,0.00,312,0.49,0.0,14.8,11.3,48
1997-02-08,-19.7,-15.8,67,0.00,339,0.38,0.0,13.7,9.2,45
1997-02-09,-18.6,-10.9,65,0.00,214,0.48,0.0,8.6,5.9,45
1997-02-10,-10.8,-6.2,73,0.30,305,0.53,3.0,13.5,9.0,51
1997-02-11,-15.4,-11.4,71,0.10,34,0.42,1.0,13.5,9.7,49
1997-02-12,-10.8,-5.3,80,1.80,192,0.44,12.0,13.5,9.4,63
1997-02-13,-17.6,-9.3,64,0.00,330,0.53,0.0,23.4,14.2,44
1997-02-14,-17.1,-11.1,74,3.30,155,0.31,8.0,14.2,11.9,51
1997-02-15,-8.6,-4.2,80,0.20,261,0.59,1.0,14.8,9.1,58
1997-02-16,-18.0,-8.2,61,0.00,320,0.48,0.0,19.4,13.3,43
1997-02-17,-22.2,-15.7,59,0.00,301,0.47,0.0,14.5,8.0,37
1997-02-18,-11.1,-2.4,76,3.10,179,0.45,16.0,14.8,11.9,64
1997-02-19,-2.4,0.5,85,6.80,313,0.41,13.0,17.0,11.4,74
1997-02-20,-11.0,-7.4,67,4.70,331,0.84,6.0,21.9,14.0,30
1997-02-21,-7.2,-3.0,84,16.00,167,0.33,17.0,15.3,9.8,71
1997-02-22,-8.2,-4.1,83,32.70,13,0.33,24.0,19.1,13.3,77
1997-02-23,-15.0,-11.6,66,0.10,290,0.65,1.0,20.2,12.1,41
1997-02-24,-15.9,-11.7,67,0.00,323,0.56,0.0,12.9,6.9,46
1997-02-25,-19.2,-14.0,63,0.00,272,0.55,0.0,15.7,11.7,44
1997-02-26,-9.7,-2.3,76,2.20,185,0.53,9.0,14.2,12.0,64
1997-02-27,-4.0,-3.3,82,3.90,353,0.50,11.0,14.8,10.5,66
1997-02-28,-6.8,-2.0,73,2.80,349,1.14,4.0,17.3,9.2,44
1997-03-01,-6.8,-2.0,85,3.90,161,0.51,5.0,19.5,10.7,72
1997-03-02,1.5,5.2,87,4.20,244,0.92,12.0,24.8,16.6,59
1997-03-03,-9.5,-3.9,64,0.00,328,0.99,0.0,21.9,13.3,45
1997-03-04,-12.2,-7.4,71,1.40,93,0.56,6.0,7.6,6.2,57
1997-03-05,-8.4,-3.2,79,0.50,314,0.79,3.0,6.2,4.5,59
1997-03-06,-7.9,-6.5,78,12.20,3,0.40,13.0,24.6,14.7,59
1997-03-07,-11.8,-8.3,60,0.00,307,0.84,0.0,20.2,16.8,41
1997-03-08,-13.4,-9.0,67,0.00,312,0.82,0.0,15.0,7.2,43
1997-03-09,-16.3,-9.9,62,0.00,348,0.91,0.0,13.8,9.3,26
1997-03-10,-8.5,-1.2,68,6.70,168,0.86,11.0,22.7,16.7,53
1997-03-11,-6.4,-2.3,74,0.00,298,0.98,0.0,14.1,10.4,46
1997-03-12,-10.8,-6.8,68,0.00,324,0.86,0.0,21.0,14.6,44
1997-03-13,-16.8,-13.1,58,0.00,324,0.75,0.0,19.7,18.0,41
1997-03-14,-16.2,-11.1,66,5.60,12,0.50,5.0,17.1,12.9,44
1997-03-15,-7.9,-5.9,72,6.60,204,0.98,13.0,23.5,18.6,42
1997-03-16,-13.5,-10.4,59,0.00,285,0.88,0.0,19.4,15.6,43
1997-03-17,-13.3,-9.1,75,2.80,210,0.50,10.0,18.1,11.4,65
1997-03-18,-9.8,-5.7,64,0.00,314,1.13,0.0,19.2,15.8,36
1997-03-19,-8.6,-2.3,63,0.00,259,1.25,0.0,18.5,12.6,35
1997-03-20,-6.2,-1.0,73,0.60,208,1.03,4.0,10.3,6.5,49
1997-03-21,-7.2,-3.0,70,0.00,308,1.17,0.0,12.5,9.8,41
1997-03-22,-9.8,-6.9,64,0.00,356,1.12,0.0,17.2,13.3,35
1997-03-23,-12.6,-8.6,65,0.00,319,0.96,0.0,19.8,15.4,44
1997-03-24,-12.0,-5.6,65,0.00,309,1.19,0.0,15.3,13.5,47
1997-03-25,-9.2,-2.8,66,0.70,172,1.15,2.0,20.2,9.6,45
1997-03-26,-1.1,1.5,75,11.80,226,1.55,11.0,26.5,20.8,47
1997-03-27,-2.4,2.6,79,1.70,259,0.98,6.0,18.0,10.5,61
1997-03-28,-0.2,5.0,79,0.10,270,1.93,1.0,11.8,8.3,51
1997-03-29,2.2,6.1,82,5.40,129,1.15,13.0,13.1,10.7,70
1997-03-30,0.9,2.1,80,3.00,354,1.17,5.0,19.2,15.0,64
1997-03-31,-1.7,-0.5,81,8.80,23,0.87,19.0,16.6,10.8,61
1997-04-01,-4.2,2.1,57,0.00,358,2.03,0.0,20.3,17.1,30
1997-04-02,-3.1,2.5,58,0.00,346,2.09,0.0,23.3,18.5,32
1997-04-03,-2.5,4.8,67,0.00,332,1.95,0.0,13.5,9.0,36
1997-04-04,1.1,4.8,76,0.10,321,1.48,1.0,17.9,11.0,58
1997-04-05,2.4,8.7,76,0.00,306,2.42,0.0,10.9,6.0,42
1997-04-06,2.6,5.7,86,12.40,152,0.71,11.0,15.6,12.2,78
1997-04-07,3.0,4.4,77,1.20,206,1.66,3.0,23.3,17.1,49
1997-04-08,-3.5,-0.3,58,0.00,268,1.52,0.0,19.4,16.2,42
1997-04-09,-9.3,-5.9,62,0.00,320,1.19,0.0,20.2,17.5,45
1997-04-10,-8.3,-1.4,59,0.00,325,1.79,0.0,19.7,16.5,36
1997-04-11,-4.6,2.4,60,0.00,280,1.96,0.0,16.7,11.1,34
1997-04-12,-2.5,4.0,65,0.00,266,2.49,0.0,8.7,5.9,27
1997-04-13,-0.5,1.2,82,6.90,59,0.73,21.0,12.8,9.4,68
1997-04-14,-2.6,-0.4,65,0.10,331,1.91,1.0,20.9,17.6,40
1997-04-15,-3.5,4.5,64,0.00,312,2.48,0.0,13.2,9.2,38
1997-04-16,0.9,8.8,69,0.00,218,2.40,0.0,10.1,7.2,48
1997-04-17,2.1,4.5,87,6.40,136,0.79,18.0,10.4,7.1,77
1997-04-18,0.7,3.0,81,3.00,6,1.16,10.0,17.0,12.0,62
1997-04-19,2.1,6.7,70,1.70,8,2.50,5.0,15.0,13.7,47
1997-04-20,1.3,6.9,79,0.00,347,1.95,0.0,11.9,8.1,60
1997-04-21,3.3,8.2,74,0.00,339,2.30,0.0,7.0,3.7,44
1997-04-22,2.7,8.6,72,0.00,348,2.50,0.0,12.2,8.7,50
1997-04-23,2.5,7.9,78,0.00,355,2.13,0.0,13.4,11.0,53
1997-04-24,2.8,6.6,78,0.00,55,1.85,0.0,10.7,7.6,59
1997-04-25,2.8,8.5,73,0.10,305,2.66,1.0,8.6,5.0,44
1997-04-26,1.6,7.4,70,0.00,336,2.81,0.0,12.9,9.9,42
1997-04-27,2.5,10.4,71,0.00,316,3.16,0.0,10.2,7.0,30
1997-04-28,1.7,3.5,83,18.40,111,0.57,15.0,18.9,12.0,69
1997-04-29,2.1,6.9,82,2.40,349,2.45,6.0,16.4,10.8,56
1997-04-30,5.0,11.5,78,0.90,179,2.44,4.0,13.3,10.4,61
1997-05-01,4.3,7.8,94,23.50,88,0.70,23.0,15.8,11.2,88
1997-05-02,2.8,5.9,71,4.20,287,2.50,6.0,25.1,18.1,38
1997-05-03,-0.1,5.2,68,7.60,104,1.53,5.0,23.5,11.9,48
1997-05-04,2.3,5.5,78,8.90,328,1.80,14.0,25.6,18.3,46
1997-05-05,1.1,8.7,64,0.00,246,3.00,0.0,15.6,10.8,34
1997-05-06,4.5,5.5,85,18.30,165,0.80,19.0,21.7,16.0,59
1997-05-07,-0.4,1.0,78,9.60,332,1.18,22.0,29.3,24.1,61
1997-05-08,1.2,8.2,64,0.00,331,2.80,0.0,21.3,14.1,48
1997-05-09,2.2,5.9,78,1.70,108,1.26,7.0,15.0,9.8,60
1997-05-10,4.2,8.8,76,0.00,347,2.30,0.0,17.8,11.2,45
1997-05-11,3.1,5.4,74,0.20,301,1.57,2.0,20.7,16.0,64
1997-05-12,3.0,7.7,86,9.90,201,1.41,7.0,14.6,8.5,63
1997-05-13,5.4,9.2,82,0.90,227,1.83,2.0,16.3,12.1,54
1997-05-14,5.0,9.8,74,1.80,303,2.57,10.0,16.2,10.2,44
1997-05-15,5.3,11.6,75,6.40,67,2.02,6.0,13.2,8.4,49
1997-05-16,6.0,10.7,86,1.50,305,1.47,4.0,24.2,10.3,43
1997-05-17,3.7,6.9,82,5.20,274,1.29,18.0,25.3,22.2,61
1997-05-18,5.3,10.3,59,0.00,295,3.10,0.0,21.2,16.6,35
1997-05-19,6.1,11.7,66,0.10,115,2.23,1.0,17.1,9.5,49
1997-05-20,7.1,8.7,85,11.20,212,1.96,20.0,22.3,16.8,58
1997-05-21,5.4,8.5,73,0.90,298,1.96,6.0,24.7,18.5,57
1997-05-22,4.5,7.1,77,2.70,323,1.60,10.0,25.8,21.0,62
1997-05-23,6.6,11.9,63,0.00,333,2.91,0.0,18.5,16.3,39
1997-05-24,8.2,13.5,65,0.80,302,2.70,3.0,14.7,8.6,42
1997-05-25,8.4,12.6,82,4.40,309,2.37,13.0,16.9,11.4,46
1997-05-26,6.4,9.9,67,0.20,357,2.41,2.0,22.4,17.2,49
1997-05-27,8.6,15.8,62,0.00,342,3.59,0.0,12.7,8.9,33
1997-05-28,11.0,16.9,55,0.00,324,3.99,0.0,17.6,11.0,32
1997-05-29,12.9,20.6,62,0.00,346,3.95,0.0,9.5,6.3,33
1997-05-30,13.6,17.3,66,2.30,166,3.00,3.0,22.3,12.9,50
1997-05-31,13.7,19.4,79,3.30,253,3.09,4.0,15.4,11.6,44
1997-06-01,12.9,17.6,56,0.00,8,4.53,0.0,13.8,11.9,31
1997-06-02,12.6,18.9,52,0.00,17,5.24,0.0,14.0,10.5,24
1997-06-03,13.3,19.7,57,0.00,53,4.16,0.0,13.4,7.4,33
1997-06-04,14.2,19.4,60,0.30,116,4.27,2.0,10.6,7.6,39
1997-06-05,13.1,18.4,59,0.00,115,4.49,0.0,15.6,11.1,36
1997-06-06,12.6,20.0,68,0.00,134,3.82,0.0,14.9,10.3,40
1997-06-07,15.6,23.0,61,0.80,114,4.74,1.0,11.2,6.6,39
1997-06-08,17.6,25.1,51,0.00,86,5.29,0.0,8.1,4.3,26
1997-06-09,19.6,26.8,58,0.00,304,4.79,0.0,14.8,8.4,27
1997-06-10,22.1,28.7,48,0.00,300,6.26,0.0,23.0,15.0,27
1997-06-11,19.8,26.2,48,0.00,335,6.22,0.0,16.6,12.0,26
1997-06-12,18.0,22.6,64,3.50,85,3.52,6.0,8.9,5.9,42
1997-06-13,17.0,19.8,86,17.50,222,3.14,11.0,17.5,10.5,52
1997-06-14,12.8,16.7,60,0.00,315,4.35,0.0,24.0,16.6,26
1997-06-15,12.1,18.6,49,0.00,289,5.01,0.0,15.3,11.7,28
1997-06-16,17.1,24.6,54,0.50,180,6.09,3.0,30.1,19.5,38
1997-06-17,15.7,21.8,80,16.00,188,2.08,13.0,23.8,14.6,46
1997-06-18,14.2,18.6,82,0.80,90,2.27,3.0,10.0,6.9,59
1997-06-19,16.0,20.3,79,5.40,327,3.70,10.0,17.9,10.6,42
1997-06-20,15.8,22.8,56,0.00,327,5.15,0.0,12.2,7.1,34
1997-06-21,17.5,20.7,81,13.40,187,1.98,7.0,13.7,10.2,57
1997-06-22,18.1,22.9,86,22.20,306,3.03,14.0,14.6,8.6,51
1997-06-23,16.0,20.6,69,0.10,326,4.37,1.0,17.6,14.3,39
1997-06-24,16.6,22.4,56,0.00,331,5.50,0.0,10.3,8.2,32
1997-06-25,15.1,19.6,83,11.20,140,1.16,11.0,20.1,11.9,56
1997-06-26,18.1,22.9,80,3.30,282,3.67,4.0,15.5,10.3,47
1997-06-27,16.1,22.2,66,0.00,322,4.71,0.0,15.8,12.9,37
1997-06-28,20.8,27.6,62,0.00,246,5.56,0.0,12.2,8.7,36
1997-06-29,22.6,28.2,59,0.00,253,5.44,0.0,9.7,7.9,35
1997-06-30,22.7,28.3,64,0.00,234,5.06,0.0,11.0,7.6,38
1997-07-01,23.2,28.8,65,0.00,196,5.37,0.0,13.1,8.1,40
1997-07-02,22.3,26.8,71,0.10,164,4.18,1.0,11.3,6.1,46
1997-07-03,19.0,22.7,93,17.50,158,1.25,21.0,21.6,13.8,71
1997-07-04,16.3,19.0,91,17.50,214,2.11,23.0,17.3,14.2,74
1997-07-05,14.8,20.9,64,2.30,294,4.98,5.0,18.7,17.1,31
1997-07-06,18.2,24.0,62,0.00,242,5.02,0.0,14.3,11.5,39
1997-07-07,17.2,20.1,72,1.90,198,3.41,4.0,16.7,10.7,59
1997-07-08,14.8,17.6,65,0.30,270,2.83,1.0,10.4,8.5,47
1997-07-09,14.9,19.0,72,2.30,309,3.68,7.0,15.1,7.2,51
1997-07-10,14.6,20.4,67,0.00,309,3.78,0.0,14.3,10.3,43
1997-07-11,18.9,25.5,57,0.00,294,5.86,0.0,20.2,14.0,34
1997-07-12,20.6,26.0,61,0.00,294,4.58,0.0,13.0,11.3,47
1997-07-13,19.1,22.1,89,14.00,207,2.19,19.0,7.4,4.9,67
1997-07-14,20.9,25.4,85,0.10,300,2.77,1.0,9.4,5.2,61
1997-07-15,19.0,21.9,63,0.00,126,3.51,0.0,17.3,14.1,48
1997-07-16,20.4,25.5,81,7.60,202,3.93,8.0,13.5,10.5,54
1997-07-17,21.4,26.5,72,1.30,244,4.27,5.0,12.5,8.7,50
1997-07-18,18.6,21.7,75,2.50,292,3.70,1.0,21.8,13.9,53
1997-07-19,10.7,14.2,72,1.50,318,1.64,7.0,24.4,18.9,59
1997-07-20,13.5,18.4,58,0.00,318,4.21,0.0,20.8,17.1,38
1997-07-21,15.2,19.8,60,0.10,306,3.67,1.0,14.3,9.3,40
1997-07-22,13.8,17.1,65,0.00,347,3.55,0.0,15.6,12.3,52
1997-07-23,14.8,22.0,63,0.00,35,4.92,0.0,9.2,5.9,34
1997-07-24,18.1,25.0,59,0.00,169,5.34,0.0,11.8,7.0,37
1997-07-25,20.8,28.7,61,0.00,218,5.49,0.0,12.8,6.8,30
1997-07-26,22.8,29.9,59,0.00,287,5.03,0.0,8.0,6.4,37
1997-07-27,23.2,27.9,66,0.00,191,4.69,0.0,13.6,6.5,44
1997-07-28,21.2,25.2,67,3.60,282,4.50,2.0,23.7,12.2,42
1997-07-29,16.4,21.0,51,0.00,324,5.28,0.0,27.5,21.5,26
1997-07-30,18.6,25.6,50,0.00,303,5.64,0.0,13.6,11.1,30
1997-07-31,20.4,26.4,56,0.00,294,5.09,0.0,13.0,8.6,34
1997-08-01,21.2,25.9,51,0.80,257,4.85,1.0,21.8,13.1,34
1997-08-02,19.1,21.6,73,9.70,263,2.74,12.0,14.8,10.4,51
1997-08-03,15.7,18.7,54,0.00,1,4.95,0.0,15.5,12.1,36
1997-08-04,13.8,19.0,56,0.00,73,3.66,0.0,11.2,6.7,37
1997-08-05,14.5,18.0,61,0.00,356,3.99,0.0,16.9,12.1,34
1997-08-06,14.3,19.9,53,0.00,354,4.03,0.0,12.1,7.4,26
1997-08-07,15.8,21.6,59,1.10,245,3.13,3.0,16.7,11.2,48
1997-08-08,19.6,26.8,74,0.00,242,4.49,0.0,12.3,7.8,45
1997-08-09,21.9,29.3,68,1.50,206,4.51,2.0,11.4,5.4,37
1997-08-10,22.8,29.9,59,0.00,229,5.46,0.0,17.5,9.1,29
1997-08-11,19.0,24.6,71,11.30,279,2.77,6.0,17.5,12.7,45
1997-08-12,14.6,21.0,55,0.00,357,4.78,0.0,16.3,9.5,34
1997-08-13,13.1,17.3,81,14.00,126,0.97,10.0,19.5,13.1,53
1997-08-14,14.1,18.0,77,0.00,306,3.18,0.0,13.8,10.2,43
1997-08-15,14.4,19.1,69,0.20,168,2.90,1.0,16.6,8.9,46
1997-08-16,17.8,23.7,83,11.20,187,2.97,12.0,20.6,15.7,57
1997-08-17,15.9,21.0,68,0.00,306,3.67,0.0,17.3,14.8,44
1997-08-18,13.4,16.0,62,0.30,314,3.12,3.0,19.8,15.5,53
1997-08-19,14.1,18.4,68,0.10,325,3.42,1.0,16.3,11.4,47
1997-08-20,14.5,20.5,70,0.00,3,3.30,0.0,6.6,4.8,35
1997-08-21,14.1,16.7,80,3.70,103,1.77,13.0,16.6,11.0,63
1997-08-22,11.7,13.6,96,12.10,105,0.52,23.0,17.6,15.2,88
1997-08-23,14.2,18.5,92,6.60,172,2.36,11.0,9.5,5.6,72
1997-08-24,13.9,18.9,82,4.10,288,2.64,5.0,12.6,8.2,55
1997-08-25,14.9,20.7,81,0.40,256,3.39,1.0,8.0,5.1,53
1997-08-26,15.8,21.9,78,0.00,218,3.47,0.0,9.8,3.9,45
1997-08-27,16.1,20.4,84,3.60,160,2.42,7.0,13.2,8.9,70
1997-08-28,15.8,18.4,96,10.70,150,1.70,16.0,7.3,3.7,88
1997-08-29,15.6,19.0,89,0.60,348,2.25,4.0,12.7,8.4,67
1997-08-30,15.6,19.4,83,0.90,342,2.39,5.0,11.3,8.9,63
1997-08-31,15.6,19.3,86,0.40,154,1.81,2.0,10.0,6.9,67
1997-09-01,17.4,23.5,76,0.20,260,3.46,2.0,9.3,5.7,45
1997-09-02,16.4,20.8,87,12.40,211,1.62,8.0,17.0,11.9,66
1997-09-03,9.4,11.6,77,2.90,323,1.15,9.0,20.2,16.4,67
1997-09-04,9.6,13.7,67,0.10,316,2.13,1.0,17.3,13.6,49
1997-09-05,13.2,20.6,63,0.00,282,3.73,0.0,14.3,11.2,42
1997-09-06,14.0,16.0,77,2.70,210,1.51,4.0,17.1,11.4,64
1997-09-07,13.1,15.1,83,1.60,347,1.98,4.0,16.2,11.2,53
1997-09-08,13.0,18.3,73,0.00,7,2.71,0.0,13.3,9.2,50
1997-09-09,14.1,19.7,75,0.10,109,2.90,1.0,15.9,10.1,50
1997-09-10,13.9,17.2,83,0.50,120,1.42,4.0,15.3,12.7,71
1997-09-11,14.7,18.0,82,0.10,133,1.70,1.0,18.8,15.0,63
1997-09-12,14.7,17.4,98,21.10,149,0.75,22.0,15.8,13.5,83
1997-09-13,14.5,16.2,96,2.10,196,0.89,10.0,9.8,7.3,89
1997-09-14,15.4,19.9,88,0.30,307,1.51,2.0,9.4,6.2,56
1997-09-15,15.4,19.5,79,0.20,262,2.19,1.0,18.8,12.5,59
1997-09-16,11.3,13.7,67,0.00,325,1.93,0.0,17.2,12.7,51
1997-09-17,10.6,15.6,74,0.00,149,2.38,0.0,18.0,10.0,55
1997-09-18,14.8,19.6,77,7.00,230,2.93,5.0,18.5,12.8,44
1997-09-19,15.3,18.4,76,2.30,204,1.49,9.0,17.4,13.9,65
1997-09-20,10.4,17.3,86,8.50,340,1.06,15.0,18.4,13.9,59
1997-09-21,6.2,9.0,63,0.20,310,2.18,2.0,23.2,18.6,40
1997-09-22,8.0,14.5,67,0.00,229,1.74,0.0,20.8,13.0,50
1997-09-23,9.6,13.4,74,8.10,306,2.00,8.0,21.1,16.4,50
1997-09-24,4.6,8.8,57,0.00,301,2.29,0.0,16.4,13.8,37
1997-09-25,6.3,9.8,90,8.60,181,0.82,19.0,18.3,14.0,55
1997-09-26,6.5,8.7,91,2.80,344,0.62,5.0,15.8,11.4,72
1997-09-27,7.0,14.3,76,0.00,264,1.87,0.0,7.3,6.1,51
1997-09-28,9.7,15.4,78,0.00,167,2.15,0.0,16.5,10.8,54
1997-09-29,8.3,10.8,91,15.20,134,0.49,11.0,14.5,10.5,80
1997-09-30,9.3,10.9,97,8.80,247,0.56,15.0,22.9,15.6,92
1997-10-01,3.4,5.1,75,2.40,324,1.28,9.0,27.9,21.5,63
1997-10-02,4.0,9.9,63,0.00,318,2.10,0.0,17.0,11.6,39
1997-10-03,6.1,11.0,75,0.60,153,1.58,2.0,9.6,7.4,55
1997-10-04,7.4,13.3,82,0.20,139,1.46,1.0,16.4,11.2,68
1997-10-05,12.6,17.1,85,11.70,208,1.56,7.0,18.5,14.2,59
1997-10-06,12.3,16.3,78,0.40,266,1.98,1.0,21.6,12.6,52
1997-10-07,9.2,12.8,63,0.00,329,2.41,0.0,20.8,14.2,43
1997-10-08,6.5,12.5,64,0.00,13,2.13,0.0,13.0,8.6,40
1997-10-09,10.5,16.5,67,0.10,154,1.80,1.0,12.8,10.3,58
1997-10-10,12.7,15.2,82,5.00,242,1.27,7.0,21.9,16.2,48
1997-10-11,5.8,9.7,57,0.00,325,2.25,0.0,18.2,14.1,41
1997-10-12,6.1,9.8,66,0.00,351,1.14,0.0,8.3,4.8,45
1997-10-13,9.3,15.1,64,0.10,147,1.80,1.0,12.7,8.7,47
1997-10-14,11.4,17.1,76,0.00,153,1.88,0.0,19.2,13.6,65
1997-10-15,9.9,14.0,76,1.10,316,1.28,3.0,14.7,8.6,50
1997-10-16,6.1,9.0,58,0.00,347,2.00,0.0,19.4,14.8,44
1997-10-17,4.5,8.5,63,0.00,353,1.74,0.0,15.5,11.8,49
1997-10-18,3.8,9.4,78,0.00,235,1.47,0.0,9.8,4.7,48
1997-10-19,4.7,10.8,78,0.00,192,1.56,0.0,10.2,5.5,46
1997-10-20,5.5,10.9,76,0.00,162,1.36,0.0,9.4,6.3,54
1997-10-21,2.5,6.1,75,1.80,300,0.89,6.0,13.4,11.7,53
1997-10-22,-0.1,1.4,58,0.50,317,1.02,5.0,16.6,10.4,43
1997-10-23,-2.3,0.4,59,0.70,246,1.04,3.0,19.5,12.5,40
1997-10-24,-2.2,1.7,68,0.00,268,0.96,0.0,16.9,10.8,43
1997-10-25,-1.2,1.9,67,0.00,290,0.96,0.0,12.2,8.0,48
1997-10-26,-1.9,1.0,67,0.00,331,0.94,0.0,11.7,9.1,51
1997-10-27,-1.6,-0.4,82,25.60,96,0.37,17.0,23.9,16.1,69
1997-10-28,0.1,1.9,86,7.70,46,0.60,15.0,18.3,12.0,70
1997-10-29,-0.5,2.4,90,1.10,230,0.43,5.0,14.2,9.3,79
1997-10-30,0.6,3.1,86,0.20,264,0.68,1.0,10.7,8.4,63
1997-10-31,-0.3,5.4,83,0.00,132,0.83,0.0,18.0,12.1,71
1997-11-01,4.5,8.5,92,8.70,135,0.45,9.0,17.9,13.9,79
1997-11-02,8.4,10.8,98,15.90,110,0.20,17.0,34.5,23.2,91
1997-11-03,7.4,10.7,82,8.90,186,1.08,13.0,29.1,22.8,54
1997-11-04,5.2,10.0,81,0.60,158,1.06,1.0,12.6,8.1,63
1997-11-05,4.4,7.3,82,9.40,306,0.85,10.0,18.6,11.4,47
1997-11-06,3.5,6.4,82,0.00,228,0.58,0.0,6.4,3.3,68
1997-11-07,2.9,6.7,86,0.00,96,0.71,0.0,5.8,4.2,59
1997-11-08,2.5,7.3,82,0.00,28,0.94,0.0,10.9,6.1,57
1997-11-09,0.4,3.9,92,6.90,358,0.39,5.0,13.8,10.3,72
1997-11-10,1.0,2.9,95,8.50,336,0.38,14.0,13.3,9.1,82
1997-11-11,-0.0,1.5,72,0.00,297,0.75,0.0,16.0,12.1,47
1997-11-12,-3.8,-2.4,52,0.00,311,0.90,0.0,15.0,9.4,42
1997-11-13,-5.9,-2.3,51,0.00,312,0.92,0.0,14.3,10.4,37
1997-11-14,-6.5,-3.1,55,0.00,11,0.71,0.0,11.8,9.8,42
1997-11-15,-3.8,-1.1,66,0.00,354,0.66,0.0,10.5,9.0,52
1997-11-16,-5.5,-3.1,59,0.00,334,0.67,0.0,12.2,8.8,43
1997-11-17,-5.4,-2.6,58,0.00,276,0.85,0.0,20.6,13.9,39
1997-11-18,-8.0,-4.9,53,0.00,262,0.63,0.0,13.2,7.3,41
1997-11-19,-4.0,-1.1,80,0.50,174,0.42,5.0,16.6,11.0,60
1997-11-20,-2.0,0.2,79,1.00,220,0.58,7.0,13.4,8.8,46
1997-11-21,-2.0,1.9,80,2.40,221,0.49,7.0,14.4,11.0,62
1997-11-22,-9.6,-5.7,64,0.00,7,0.53,0.0,11.9,10.0,42
1997-11-23,-9.8,-6.5,72,1.80,112,0.29,9.0,14.6,10.5,63
1997-11-24,-5.8,-2.9,84,2.70,304,0.45,6.0,19.6,10.1,60
1997-11-25,-11.4,-4.9,79,2.40,224,0.28,7.0,18.4,13.8,66
1997-11-26,-1.2,1.5,84,2.30,264,0.37,11.0,15.3,12.0,69
1997-11-27,-9.4,-6.4,73,5.80,347,0.48,11.0,22.0,16.5,53
1997-11-28,-13.2,-9.2,81,3.30,325,0.19,12.0,12.3,7.5,76
1997-11-29,-6.1,-1.8,82,0.10,319,0.42,1.0,14.6,10.8,63
1997-11-30,-6.9,-4.4,83,0.00,346,0.40,0.0,13.8,9.5,65
1997-12-01,-8.7,-6.9,76,0.10,346,0.43,1.0,23.5,19.4,67
1997-12-02,-5.9,-2.7,75,0.90,325,0.60,5.0,27.3,24.4,69
1997-12-03,-5.1,-2.4,79,0.00,316,0.57,0.0,24.7,19.6,70
1997-12-04,-5.9,-2.2,87,2.20,348,0.25,9.0,10.5,7.8,80
1997-12-05,-4.0,-2.0,92,4.30,349,0.21,15.0,8.0,3.8,85
1997-12-06,-3.8,-2.1,93,2.20,355,0.25,13.0,10.5,4.1,79
1997-12-07,-2.8,-1.2,85,0.90,328,0.38,6.0,19.5,14.8,69
1997-12-08,-9.5,-5.6,81,0.00,333,0.32,0.0,17.6,14.5,69
1997-12-09,-13.3,-8.2,82,0.00,318,0.23,0.0,10.6,6.5,70
1997-12-10,-13.8,-7.9,81,0.00,335,0.29,0.0,13.9,10.5,66
1997-12-11,-14.3,-7.7,78,0.00,359,0.31,0.0,12.8,7.5,58
1997-12-12,-16.9,-8.3,81,0.00,260,0.19,0.0,10.8,4.8,71
1997-12-13,-6.1,-0.3,85,1.20,207,0.36,6.0,14.3,10.9,62
1997-12-14,-10.2,-4.8,74,0.80,306,0.32,5.0,24.2,16.3,52
1997-12-15,-21.9,-18.0,72,0.60,305,0.16,4.0,17.3,8.7,63
1997-12-16,-11.5,-5.3,82,0.00,154,0.25,0.0,11.4,9.8,74
1997-12-17,-1.9,0.8,83,0.00,230,0.41,0.0,15.7,11.3,63
1997-12-18,-8.8,-2.4,76,0.00,298,0.38,0.0,13.0,9.5,61
1997-12-19,-4.8,1.1,87,0.30,200,0.25,2.0,11.8,9.8,81
1997-12-20,-10.0,-0.6,78,0.00,331,0.30,0.0,17.2,14.9,64
1997-12-21,-18.5,-14.2,76,0.00,326,0.23,0.0,16.5,11.8,62
1997-12-22,-18.6,-12.0,76,0.00,321,0.24,0.0,10.2,7.1,63
1997-12-23,-13.9,-7.9,81,5.30,130,0.18,12.0,13.3,10.6,73
1997-12-24,-9.0,-4.8,83,1.10,319,0.33,4.0,13.9,7.6,54
1997-12-25,-9.2,-4.4,87,6.40,130,0.16,10.0,13.3,9.9,82
1997-12-26,-5.4,-4.2,88,2.20,298,0.25,9.0,12.6,7.2,72
1997-12-27,-6.8,-2.1,85,0.30,263,0.31,1.0,15.0,9.3,72
1997-12-28,-19.0,-11.7,72,0.00,342,0.24,0.0,17.2,11.4,42
1997-12-29,-16.0,-9.4,75,0.00,157,0.27,0.0,10.9,9.8,66
1997-12-30,-9.4,-6.6,84,8.50,4,0.21,13.0,23.1,15.0,79
1997-12-31,-17.9,-7.3,67,0.00,326,0.31,0.0,23.6,19.8,55
1998-01-01,-27.5,-22.7,68,0.10,268,0.15,1.0,15.4,10.3,54
1998-01-02,-13.2,-5.2,80,3.40,193,0.28,9.0,13.3,8.5,72
1998-01-03,0.5,3.2,91,1.30,194,0.26,10.0,15.6,14.3,88
1998-01-04,-8.5,3.1,74,0.40,323,0.38,2.0,24.5,15.9,54
1998-01-05,-12.8,-7.3,80,9.30,80,0.20,16.0,12.3,7.1,68
1998-01-06,-6.7,-4.5,86,14.30,29,0.24,18.0,9.1,7.3,77
1998-01-07,-7.5,-6.1,83,2.10,114,0.24,10.0,12.3,7.9,76
1998-01-08,-6.3,-5.5,88,17.80,35,0.19,24.0,12.4,9.4,82
1998-01-09,-6.2,-5.8,84,17.40,79,0.24,21.0,21.9,13.7,78
1998-01-10,-3.5,-0.5,87,8.70,161,0.43,14.0,24.7,16.0,68
1998-01-11,-7.4,-2.3,74,1.10,237,0.44,7.0,17.8,14.0,55
1998-01-12,-16.2,-12.5,77,0.00,289,0.30,0.0,14.4,8.6,60
1998-01-13,-11.0,-3.2,79,8.30,163,0.31,10.0,18.7,13.2,60
1998-01-14,-18.3,-8.9,61,0.40,301,0.37,2.0,21.4,17.0,50
1998-01-15,-22.9,-18.4,69,0.00,339,0.19,0.0,13.5,9.9,54
1998-01-16,-18.0,-12.6,67,0.00,358,0.36,0.0,13.8,10.7,46
1998-01-17,-17.7,-11.7,75,0.00,345,0.30,0.0,14.0,10.0,61
1998-01-18,-9.9,-5.1,84,0.00,105,0.32,0.0,15.3,9.9,70
1998-01-19,-6.1,-3.3,88,0.10,117,0.30,1.0,14.6,11.4,76
1998-01-20,-4.4,-1.8,91,1.30,59,0.38,11.0,8.1,5.1,78
1998-01-21,-7.9,-4.5,80,0.30,327,0.43,2.0,18.9,14.6,61
1998-01-22,-20.3,-13.5,67,0.00,343,0.30,0.0,18.5,14.2,46
1998-01-23,-20.7,-13.3,65,1.70,84,0.30,4.0,19.0,10.9,44
1998-01-24,-9.8,-5.9,81,9.50,123,0.37,10.0,19.7,11.7,72
1998-01-25,-7.9,-7.0,79,0.00,317,0.43,0.0,20.2,14.3,61
1998-01-26,-19.4,-11.9,64,0.00,308,0.34,0.0,19.2,14.8,50
1998-01-27,-23.0,-16.3,65,0.00,301,0.28,0.0,10.7,6.7,45
1998-01-28,-13.4,-6.4,71,0.00,135,0.48,0.0,9.1,6.0,64
1998-01-29,-7.9,-1.4,69,0.00,76,0.60,0.0,8.8,5.0,42
1998-01-30,-7.1,-3.6,84,3.40,32,0.29,15.0,10.5,6.5,68
1998-01-31,-6.1,-3.3,84,0.10,321,0.50,1.0,12.9,9.9,64
1998-02-01,-7.5,-2.9,84,0.00,177,0.44,0.0,15.6,9.6,73
1998-02-02,-5.2,-0.4,82,0.10,153,0.61,1.0,11.9,10.4,61
1998-02-03,-2.3,0.3,80,0.10,245,0.53,1.0,17.1,12.5,61
1998-02-04,-13.1,-7.0,70,0.00,341,0.57,0.0,13.4,8.0,33
1998-02-05,-14.7,-7.7,69,0.00,353,0.55,0.0,12.4,9.0,49
1998-02-06,-14.3,-8.5,72,0.00,340,0.51,0.0,13.6,11.2,52
1998-02-07,-13.1,-8.1,75,0.00,349,0.54,0.0,13.4,11.1,54
1998-02-08,-11.3,-5.6,71,0.00,42,0.64,0.0,11.2,8.2,47
1998-02-09,-9.8,-1.3,75,0.00,229,0.70,0.0,7.6,5.9,61
1998-02-10,-8.0,-1.9,80,0.00,63,0.67,0.0,11.1,8.2,62
1998-02-11,-6.1,1.8,78,0.00,177,0.78,0.0,10.0,7.5,57
1998-02-12,-1.0,1.6,90,5.00,127,0.36,13.0,11.5,8.3,85
1998-02-13,-8.4,0.2,71,0.80,318,0.64,4.0,24.8,20.6,52
1998-02-14,-19.3,-15.1,65,0.00,329,0.43,0.0,18.4,16.6,44
1998-02-15,-21.6,-14.7,62,0.00,336,0.46,0.0,17.1,12.0,38
1998-02-16,-15.8,-9.0,66,0.30,168,0.37,3.0,8.8,6.6,56
1998-02-17,-6.2,1.8,77,0.00,59,0.90,0.0,10.1,5.6,59
1998-02-18,-2.5,-0.9,84,7.90,105,0.44,15.0,20.5,16.5,78
1998-02-19,-1.8,-0.8,87,12.00,100,0.42,17.0,16.6,11.2,77
1998-02-20,-2.0,0.1,87,0.70,312,0.64,5.0,8.3,7.4,68
1998-02-21,-2.0,0.8,83,0.00,329,0.73,0.0,21.5,14.7,64
1998-02-22,-5.5,-0.6,77,0.00,327,1.01,0.0,16.8,11.0,53
1998-02-23,-6.4,0.6,76,0.00,288,1.05,0.0,9.3,5.3,55
1998-02-24,-3.2,2.9,71,0.00,80,1.08,0.0,12.0,9.4,49
1998-02-25,-1.7,-0.7,85,17.20,356,0.42,23.0,20.3,17.1,76
1998-02-26,-0.8,2.1,78,0.70,340,1.04,3.0,27.9,22.6,62
1998-02-27,-1.1,2.0,78,0.00,352,1.02,0.0,23.3,16.9,66
1998-02-28,0.2,3.0,90,0.00,32,0.70,0.0,10.7,5.4,80
1998-03-01,0.9,2.2,94,7.40,96,0.36,12.0,11.8,8.1,89
1998-03-02,0.2,1.5,94,0.20,145,0.49,2.0,11.8,7.7,80
1998-03-03,-0.1,3.1,87,0.00,105,0.99,0.0,8.4,6.1,62
1998-03-04,-2.3,0.6,81,0.60,351,0.97,5.0,8.6,5.8,55
1998-03-05,-4.1,-0.4,79,0.00,345,0.95,0.0,11.9,7.8,58
1998-03-06,-5.8,-1.2,75,0.00,340,1.21,0.0,11.8,8.5,45
1998-03-07,-7.1,-1.8,73,0.80,120,0.78,6.0,8.8,5.7,60
1998-03-08,-6.2,0.1,78,0.00,75,1.19,0.0,16.5,9.6,57
1998-03-09,-0.9,2.7,86,13.00,126,0.47,13.0,22.7,20.1,75
1998-03-10,-1.2,5.0,88,14.10,302,0.39,19.0,21.9,15.1,68
1998-03-11,-14.8,-9.8,62,0.00,318,0.72,0.0,21.5,18.6,40
1998-03-12,-17.9,-15.5,63,0.00,310,0.57,0.0,16.3,13.1,39
1998-03-13,-17.7,-8.6,64,0.00,240,0.87,0.0,13.2,9.9,44
1998-03-14,-9.6,-4.3,78,3.20,115,0.60,7.0,17.2,11.4,62
1998-03-15,-4.8,-2.4,77,2.80,355,0.96,12.0,19.8,13.7,51
1998-03-16,-9.8,-5.4,67,0.00,340,1.14,0.0,14.9,11.8,41
1998-03-17,-9.6,-2.0,64,0.00,284,1.38,0.0,10.4,6.6,37
1998-03-18,-6.9,1.1,71,0.00,283,1.48,0.0,11.4,6.6,49
1998-03-19,-5.7,-2.0,73,0.20,28,0.81,2.0,13.8,11.1,54
1998-03-20,-4.4,-1.6,76,10.80,63,0.90,17.0,13.0,10.2,58
1998-03-21,-6.2,-1.0,72,0.00,34,1.07,0.0,12.2,8.9,45
1998-03-22,-5.9,-4.0,73,12.30,42,0.59,17.0,14.1,12.5,70
1998-03-23,-7.5,-3.4,74,2.10,299,0.92,9.0,13.2,7.6,49
1998-03-24,-5.9,-1.5,70,0.00,291,1.25,0.0,13.5,10.0,41
1998-03-25,-5.2,2.8,68,0.00,227,1.76,0.0,15.9,9.9,39
1998-03-26,-0.7,0.8,82,10.20,176,0.53,11.0,14.1,11.8,77
1998-03-27,4.5,10.1,90,6.40,220,1.06,5.0,15.8,11.6,76
1998-03-28,4.5,10.0,91,8.40,132,1.49,11.0,12.6,8.8,74
1998-03-29,6.0,8.7,86,3.90,254,1.40,5.0,20.0,15.0,57
1998-03-30,2.9,11.7,86,3.10,214,1.14,6.0,15.6,10.2,72
1998-03-31,1.8,6.1,92,12.60,355,0.44,14.0,17.4,13.0,83
1998-04-01,0.2,1.5,85,16.10,82,0.58,18.0,18.2,12.5,75
1998-04-02,0.4,2.2,87,14.70,106,0.69,22.0,18.9,14.6,77
1998-04-03,-0.2,2.1,83,8.10,21,1.05,20.0,15.6,10.2,62
1998-04-04,-1.9,3.0,75,0.00,4,1.62,0.0,17.5,14.1,48
1998-04-05,-0.6,2.0,74,0.00,353,1.45,0.0,20.2,16.2,58
1998-04-06,0.3,5.9,76,0.00,340,1.57,0.0,20.4,15.5,45
1998-04-07,1.3,7.2,68,0.00,317,2.41,0.0,17.3,15.6,38
1998-04-08,0.7,6.1,72,0.00,336,2.36,0.0,13.8,10.8,43
1998-04-09,-1.6,3.5,64,0.00,1,2.25,0.0,15.9,13.6,38
1998-04-10,-2.0,3.5,61,0.00,350,2.22,0.0,20.5,16.5,38
1998-04-11,-0.5,6.5,60,0.00,344,2.63,0.0,18.3,11.8,46
1998-04-12,1.1,8.6,69,0.00,236,2.84,0.0,9.0,4.4,50
1998-04-13,3.6,13.8,59,0.00,269,3.37,0.0,9.7,4.6,23
1998-04-14,4.2,10.7,57,0.00,124,3.20,0.0,10.0,8.1,38
1998-04-15,5.3,14.4,51,0.00,91,3.56,0.0,12.8,6.2,19
1998-04-16,5.7,14.1,58,0.00,163,3.38,0.0,15.1,7.7,31
1998-04-17,9.5,14.2,91,8.90,138,1.12,13.0,21.2,17.2,44
1998-04-18,4.6,9.8,65,0.20,249,1.96,2.0,27.8,18.7,48
1998-04-19,4.7,10.6,63,0.00,286,2.52,0.0,15.2,10.7,46
1998-04-20,3.4,6.7,77,3.80,357,1.16,11.0,16.3,11.3,53
1998-04-21,3.1,9.1,55,0.00,308,3.04,0.0,17.7,11.6,29
1998-04-22,4.7,13.8,54,0.00,292,3.39,0.0,14.7,10.3,30
1998-04-23,8.7,17.1,49,0.00,94,3.77,0.0,11.4,7.9,29
1998-04-24,8.3,12.2,60,0.00,122,3.25,0.0,15.4,12.2,44
1998-04-25,2.6,6.7,72,3.30,319,2.03,8.0,19.7,14.1,42
1998-04-26,-0.6,2.1,50,0.00,323,2.17,0.0,15.1,12.0,38
1998-04-27,1.3,6.1,60,0.00,340,2.17,0.0,21.7,16.3,43
1998-04-28,4.3,12.7,55,0.00,327,3.60,0.0,16.4,13.1,26
1998-04-29,9.4,19.0,47,0.00,268,4.10,0.0,21.1,12.7,31
1998-04-30,11.6,18.7,64,0.40,304,3.31,2.0,13.9,6.4,33
1998-05-01,14.7,22.8,58,0.00,239,4.25,0.0,12.3,7.7,30
1998-05-02,11.8,16.6,71,1.20,80,2.87,3.0,17.5,11.4,53
1998-05-03,9.5,11.7,98,17.20,88,0.66,23.0,14.4,9.9,90
1998-05-04,10.5,16.0,93,3.70,91,1.17,14.0,8.0,3.7,71
1998-05-05,13.8,19.1,87,5.50,145,1.89,10.0,17.1,14.7,62
1998-05-06,13.7,15.8,98,6.10,137,0.87,18.0,17.2,14.2,93
1998-05-07,12.8,15.2,98,12.20,149,1.18,21.0,14.6,10.4,90
1998-05-08,12.3,14.8,86,0.00,0,1.85,0.0,17.2,12.4,63
1998-05-09,12.7,17.5,67,0.00,36,2.58,0.0,13.5,10.2,48
1998-05-10,12.7,18.0,66,0.00,87,2.98,0.0,13.6,9.4,48
1998-05-11,13.8,20.1,48,0.00,86,4.99,0.0,16.5,11.1,26
1998-05-12,12.9,18.5,48,0.00,119,5.14,0.0,15.0,12.7,29
1998-05-13,13.8,20.5,55,0.00,151,4.91,0.0,13.6,10.0,30
1998-05-14,16.5,24.2,53,0.00,231,4.92,0.0,9.4,6.2,28
1998-05-15,18.8,25.4,61,0.00,332,5.23,0.0,11.0,8.4,30
1998-05-16,19.3,25.6,55,0.00,120,5.46,0.0,13.7,10.1,36
1998-05-17,17.9,24.2,68,4.20,166,3.70,6.0,17.5,14.6,38
1998-05-18,15.7,19.9,54,1.40,321,4.09,3.0,18.6,14.6,39
1998-05-19,12.3,21.3,67,0.80,346,4.32,2.0,16.3,10.9,37
1998-05-20,16.8,24.3,65,0.10,224,4.23,1.0,15.2,8.0,30
1998-05-21,11.3,18.0,82,1.30,331,1.53,7.0,20.0,14.6,67
1998-05-22,9.7,14.9,51,0.00,351,4.25,0.0,24.8,20.2,28
1998-05-23,9.4,12.5,55,0.30,342,2.96,2.0,23.6,17.6,38
1998-05-24,13.2,21.2,60,0.00,332,4.62,0.0,19.9,14.0,27
1998-05-25,15.6,22.9,58,1.30,308,4.40,2.0,10.0,7.2,34
1998-05-26,12.5,15.9,56,0.00,327,4.68,0.0,17.7,13.2,23
1998-05-27,11.3,17.7,45,0.00,303,5.06,0.0,12.5,10.0,25
1998-05-28,16.8,25.3,55,1.50,231,5.06,3.0,17.2,9.1,28
1998-05-29,18.5,22.3,61,1.10,252,4.54,2.0,18.7,14.7,40
1998-05-30,12.3,19.1,62,1.50,307,3.76,3.0,19.9,15.5,37
1998-05-31,8.8,14.5,68,19.30,122,1.61,8.0,29.3,14.7,43
1998-06-01,9.5,14.8,62,0.40,295,3.29,1.0,17.8,14.8,28
1998-06-02,10.7,17.7,62,1.90,187,2.90,6.0,19.4,13.2,46
1998-06-03,9.0,12.5,77,11.30,277,2.05,16.0,29.2,21.5,37
1998-06-04,8.1,12.3,51,0.40,301,3.83,3.0,26.4,20.9,34
1998-06-05,6.6,9.0,76,3.40,310,1.73,9.0,28.0,23.4,57
1998-06-06,8.5,12.5,81,1.70,314,1.72,8.0,17.3,13.5,63
1998-06-07,11.3,16.4,72,0.30,310,3.15,3.0,10.8,6.7,49
1998-06-08,13.2,18.2,74,0.80,91,3.84,4.0,6.2,3.7,50
1998-06-09,15.4,22.9,69,0.00,282,4.74,0.0,8.5,5.9,32
1998-06-10,17.5,24.1,63,0.50,295,4.79,1.0,10.7,5.1,36
1998-06-11,18.1,24.6,73,1.10,206,4.77,2.0,14.0,5.0,42
1998-06-12,15.6,19.2,73,3.80,152,3.08,5.0,23.9,16.0,47
1998-06-13,13.9,18.2,95,9.20,141,1.06,17.0,24.2,17.3,82
1998-06-14,14.2,15.4,100,22.60,110,0.59,24.0,24.3,17.4,96
1998-06-15,14.9,17.2,97,14.00,118,0.94,10.0,24.2,18.0,94
1998-06-16,15.1,16.7,98,13.60,113,0.65,24.0,20.8,16.9,94
1998-06-17,16.4,18.8,94,2.20,118,1.50,12.0,14.7,9.2,85
1998-06-18,17.3,21.5,90,6.40,84,2.58,14.0,8.5,4.4,75
1998-06-19,18.5,23.9,83,1.00,344,3.82,4.0,7.2,4.8,62
1998-06-20,19.6,24.7,78,0.00,20,3.79,0.0,7.7,5.0,52
1998-06-21,20.6,26.0,76,0.00,148,4.96,0.0,9.9,8.4,54
1998-06-22,21.6,26.6,82,3.50,167,4.16,3.0,17.3,12.0,63
1998-06-23,21.9,26.4,79,0.30,226,4.51,1.0,14.1,10.0,48
1998-06-24,20.5,24.4,73,0.60,320,4.14,3.0,9.7,7.4,49
1998-06-25,19.4,22.4,84,11.20,78,2.05,8.0,8.9,5.2,69
1998-06-26,18.5,22.7,95,17.00,100,1.62,17.0,8.0,4.8,69
1998-06-27,18.5,22.4,79,0.40,63,3.79,2.0,12.4,7.3,57
1998-06-28,17.1,22.2,63,0.10,132,4.96,1.0,11.7,5.8,39
1998-06-29,17.1,20.1,76,3.70,176,2.92,6.0,12.0,9.1,55
1998-06-30,17.8,21.7,89,15.10,196,3.17,16.0,8.9,6.4,61
1998-07-01,14.1,16.4,90,7.10,28,1.43,16.0,20.1,13.4,66
1998-07-02,17.4,24.2,62,0.00,314,5.43,0.0,12.5,10.1,37
1998-07-03,19.8,25.5,64,0.00,233,5.02,0.0,13.5,9.2,37
1998-07-04,16.2,20.2,90,7.40,352,1.53,14.0,13.7,9.7,73
1998-07-05,15.4,20.7,73,0.00,353,4.56,0.0,13.8,12.2,38
1998-07-06,16.6,21.4,70,0.10,258,3.40,1.0,11.5,6.3,43
1998-07-07,17.4,23.2,70,0.00,240,4.24,0.0,7.8,6.0,42
1998-07-08,18.8,22.9,78,0.00,163,3.82,0.0,8.5,5.4,50
1998-07-09,18.0,23.2,86,9.30,228,3.31,9.0,11.3,6.6,58
1998-07-10,15.9,18.6,80,3.70,335,3.02,11.0,18.8,11.9,58
1998-07-11,14.4,18.3,86,8.00,352,2.92,14.0,22.5,17.7,64
1998-07-12,15.7,20.3,78,0.20,348,3.00,2.0,13.0,7.5,57
1998-07-13,17.1,20.9,86,1.80,187,2.11,4.0,15.9,11.3,69
1998-07-14,21.1,27.6,77,0.00,216,4.75,0.0,15.3,12.1,48
1998-07-15,23.9,29.6,74,0.00,220,5.21,0.0,11.7,7.9,47
1998-07-16,23.0,28.2,83,7.90,209,3.95,4.0,12.0,7.9,62
1998-07-17,19.4,21.6,96,31.90,299,2.14,22.0,12.8,4.1,84
1998-07-18,17.2,21.2,75,2.30,293,4.18,4.0,16.7,12.9,44
1998-07-19,19.0,23.8,64,0.00,222,4.61,0.0,17.2,10.9,43
1998-07-20,19.1,23.1,76,2.40,213,3.66,9.0,15.7,12.1,58
1998-07-21,19.3,24.5,68,0.00,216,5.05,0.0,16.6,10.6,49
1998-07-22,20.8,21.7,75,7.30,256,4.25,4.0,19.2,15.6,49
1998-07-23,17.9,22.0,71,4.60,201,3.69,3.0,14.1,9.2,58
1998-07-24,15.2,18.2,76,6.60,262,3.51,6.0,23.4,14.7,46
1998-07-25,15.3,19.1,61,0.00,286,3.82,0.0,18.3,14.1,45
1998-07-26,15.6,18.0,68,0.00,306,2.75,0.0,9.6,6.6,49
1998-07-27,16.2,20.4,79,4.70,182,2.54,5.0,20.7,11.9,57
1998-07-28,17.7,22.3,78,2.70,225,3.70,9.0,21.4,16.1,45
1998-07-29,16.8,20.5,82,12.40,233,3.57,14.0,20.2,15.5,58
1998-07-30,15.7,18.6,77,4.90,281,2.96,5.0,13.0,9.6,59
1998-07-31,14.5,18.7,73,0.20,323,3.69,2.0,14.8,11.9,41
1998-08-01,15.7,21.1,64,0.00,309,3.96,0.0,16.0,9.9,41
1998-08-02,18.4,23.3,66,0.00,247,4.02,0.0,18.1,11.2,43
1998-08-03,18.2,22.6,68,0.00,313,4.60,0.0,10.8,9.0,37
1998-08-04,18.0,23.9,66,0.00,325,3.96,0.0,9.0,5.5,36
1998-08-05,19.4,25.9,67,0.00,297,4.63,0.0,10.4,6.6,34
1998-08-06,19.7,25.6,65,0.00,24,4.77,0.0,9.5,5.5,39
1998-08-07,21.0,25.7,71,0.00,185,4.20,0.0,8.3,5.0,47
1998-08-08,21.4,26.2,76,0.00,185,3.79,0.0,11.9,7.8,52
1998-08-09,23.3,29.1,67,0.00,202,5.20,0.0,17.5,11.3,43
1998-08-10,22.6,25.9,81,6.60,203,2.92,6.0,14.2,11.0,63
1998-08-11,20.4,23.0,83,1.10,346,2.82,7.0,19.1,11.6,61
1998-08-12,16.5,19.4,52,0.00,9,5.07,0.0,18.0,14.0,38
1998-08-13,15.7,22.1,62,0.00,251,4.53,0.0,9.7,5.4,35
1998-08-14,17.6,24.3,67,0.00,196,4.53,0.0,16.2,10.7,42
1998-08-15,18.3,23.0,79,4.30,199,2.88,3.0,16.3,12.1,61
1998-08-16,17.1,22.1,72,0.80,331,3.97,3.0,15.0,9.6,37
1998-08-17,18.8,26.6,69,0.10,185,4.37,1.0,19.5,11.1,46
1998-08-18,15.0,21.7,74,5.70,339,2.59,6.0,23.6,17.3,47
1998-08-19,13.7,19.9,53,0.00,344,4.49,0.0,19.5,15.0,29
1998-08-20,14.8,21.4,63,0.00,268,3.77,0.0,11.3,7.5,36
1998-08-21,16.4,21.5,74,2.30,297,2.96,9.0,15.5,10.5,45
1998-08-22,15.3,20.7,57,0.00,329,4.03,0.0,11.3,8.3,30
1998-08-23,16.2,21.5,59,0.00,202,3.68,0.0,12.2,5.7,37
1998-08-24,17.6,22.4,84,8.80,205,2.38,12.0,16.3,11.7,61
1998-08-25,16.0,19.7,88,5.70,21,2.14,8.0,10.4,6.8,67
1998-08-26,16.8,19.6,93,5.10,8,2.07,15.0,6.5,2.6,80
1998-08-27,17.9,23.7,79,0.60,277,3.44,3.0,13.7,6.5,50
1998-08-28,17.1,22.9,70,0.00,331,3.45,0.0,12.1,7.0,47
1998-08-29,16.8,18.5,83,7.00,151,1.18,10.0,15.7,9.7,69
1998-08-30,15.9,19.4,80,1.90,253,2.88,6.0,16.6,12.6,47
1998-08-31,14.5,17.0,71,0.20,270,2.58,1.0,18.4,12.0,56
1998-09-01,13.9,17.8,75,0.00,308,2.01,0.0,14.1,8.4,58
1998-09-02,15.2,18.8,80,4.20,139,2.19,5.0,17.1,11.3,59
1998-09-03,13.5,16.8,95,17.00,173,1.31,17.0,18.8,10.6,85
1998-09-04,13.4,16.9,85,9.30,247,2.07,10.0,13.3,9.7,54
1998-09-05,13.6,17.6,72,0.60,305,2.41,4.0,22.0,15.3,50
1998-09-06,16.4,21.3,73,3.60,261,3.00,8.0,17.0,12.4,40
1998-09-07,13.8,17.5,71,0.80,303,2.81,4.0,12.2,7.9,51
1998-09-08,12.1,16.0,79,1.50,358,2.67,5.0,17.7,12.7,59
1998-09-09,12.2,16.0,70,1.30,348,2.52,7.0,20.6,16.4,52
1998-09-10,12.6,16.3,63,0.00,326,2.95,0.0,26.9,19.4,44
1998-09-11,13.2,19.3,63,0.00,310,3.49,0.0,14.8,8.2,41
1998-09-12,13.4,14.3,81,10.80,346,1.35,7.0,21.0,13.6,60
1998-09-13,12.0,17.9,69,0.00,339,3.09,0.0,12.0,7.5,45
1998-09-14,13.0,19.5,75,0.00,231,2.82,0.0,9.7,5.9,47
1998-09-15,13.4,16.8,94,17.70,185,0.66,16.0,11.4,9.5,77
1998-09-16,12.7,15.9,67,0.20,332,3.11,1.0,18.6,15.0,38
1998-09-17,11.5,15.0,67,0.00,312,2.03,0.0,18.7,10.2,54
1998-09-18,9.7,14.7,64,0.00,183,2.71,0.0,15.7,8.4,42
1998-09-19,13.1,18.5,83,2.50,229,1.72,8.0,13.3,10.1,66
1998-09-20,11.6,16.4,68,0.00,21,2.33,0.0,13.9,8.4,50
1998-09-21,16.0,21.7,87,1.90,187,1.47,7.0,15.2,12.0,69
1998-09-22,11.7,17.1,60,0.00,336,2.14,0.0,15.5,12.3,41
1998-09-23,6.8,9.6,57,0.00,314,2.26,0.0,19.1,15.0,43
1998-09-24,8.1,14.2,62,0.00,229,2.32,0.0,17.9,11.7,40
1998-09-25,11.2,16.8,76,0.00,189,1.84,0.0,13.1,11.3,57
1998-09-26,12.9,17.7,85,0.00,179,1.52,0.0,16.0,11.1,70
1998-09-27,15.8,20.2,91,21.20,197,1.27,13.0,19.2,14.0,70
1998-09-28,12.1,14.9,72,0.60,302,2.19,2.0,24.5,15.0,47
1998-09-29,9.8,15.1,67,0.20,256,2.45,1.0,15.1,11.1,43
1998-09-30,10.5,13.1,72,2.70,266,1.98,7.0,14.8,9.4,47
1998-10-01,7.5,9.6,89,19.70,300,0.53,18.0,30.5,13.0,68
1998-10-02,5.1,8.6,69,0.60,283,1.75,4.0,21.4,18.2,58
1998-10-03,5.6,8.7,64,0.00,304,1.96,0.0,24.4,19.4,42
1998-10-04,5.7,9.3,63,0.00,306,1.91,0.0,18.9,14.0,48
1998-10-05,4.8,7.3,60,0.00,326,1.92,0.0,18.9,14.8,40
1998-10-06,3.1,8.6,62,0.00,353,1.92,0.0,12.0,8.5,43
1998-10-07,5.6,11.1,68,2.90,152,1.69,2.0,20.0,14.6,51
1998-10-08,9.4,11.4,91,13.70,278,0.81,14.0,16.6,12.7,66
1998-10-09,7.5,13.6,69,0.00,43,2.12,0.0,13.0,9.6,49
1998-10-10,8.5,9.4,89,3.90,100,0.40,5.0,12.1,9.6,76
1998-10-11,9.7,12.7,90,4.20,2,0.91,13.0,20.6,13.3,67
1998-10-12,8.8,12.5,77,0.00,359,1.32,0.0,13.7,7.4,61
1998-10-13,7.9,11.5,83,0.00,145,0.99,0.0,13.6,9.5,72
1998-10-14,8.3,10.2,89,3.80,115,0.49,6.0,16.9,13.0,81
1998-10-15,6.6,9.1,90,5.80,74,0.69,17.0,16.1,10.7,68
1998-10-16,6.1,10.5,77,0.00,349,1.38,0.0,13.0,10.7,59
1998-10-17,6.9,12.9,80,0.70,185,1.44,1.0,13.3,7.5,59
1998-10-18,10.9,16.9,87,2.70,178,1.31,5.0,20.4,13.8,67
1998-10-19,10.8,16.0,63,0.40,258,1.88,2.0,26.7,21.2,53
1998-10-20,5.9,7.5,72,3.20,268,1.33,7.0,20.1,14.0,59
1998-10-21,3.4,6.4,71,0.30,292,1.31,3.0,19.9,16.1,60
1998-10-22,3.6,6.0,69,0.00,327,1.25,0.0,23.3,17.1,49
1998-10-23,4.4,9.7,68,0.00,266,1.16,0.0,16.1,11.2,56
1998-10-24,8.6,13.2,82,0.00,256,0.90,0.0,12.1,8.3,66
1998-10-25,3.9,10.7,61,1.10,323,1.57,5.0,18.2,13.5,39
1998-10-26,0.4,4.5,63,0.00,343,1.23,0.0,10.7,6.5,43
1998-10-27,1.3,7.5,77,0.00,153,0.93,0.0,15.9,10.4,65
1998-10-28,7.4,9.9,92,13.00,205,0.45,8.0,19.8,15.7,71
1998-10-29,4.5,6.8,69,0.10,333,1.35,1.0,25.4,19.4,55
1998-10-30,3.9,7.0,69,0.00,345,1.48,0.0,26.8,22.8,56
1998-10-31,4.7,6.7,72,0.00,0,1.06,0.0,22.8,15.5,62
1998-11-01,3.7,6.3,76,0.00,347,0.95,0.0,16.9,12.7,58
1998-11-02,2.5,4.4,85,4.60,319,0.57,15.0,24.3,19.9,73
1998-11-03,0.8,2.1,73,0.10,306,0.86,1.0,20.8,17.3,62
1998-11-04,0.0,2.4,73,0.00,293,0.79,0.0,15.5,13.0,64
1998-11-05,0.2,2.0,71,0.00,304,0.87,0.0,17.4,15.0,60
1998-11-06,0.9,3.5,81,0.00,324,0.45,0.0,11.9,6.6,71
1998-11-07,1.1,2.5,80,0.00,344,0.58,0.0,12.4,7.9,60
1998-11-08,-0.6,1.1,72,0.00,327,0.68,0.0,10.7,8.8,62
1998-11-09,-1.3,-0.0,65,0.00,324,0.62,0.0,8.5,6.2,56
1998-11-10,-0.9,2.8,77,0.00,140,0.77,0.0,21.1,7.9,61
1998-11-11,2.7,7.7,83,11.40,159,0.93,15.0,28.5,22.2,51
1998-11-12,1.9,3.6,66,0.50,246,1.22,3.0,22.6,17.5,42
1998-11-13,-2.9,-0.4,53,0.00,287,0.98,0.0,16.4,12.8,41
1998-11-14,-3.1,0.8,76,0.40,164,0.49,3.0,13.8,7.7,58
1998-11-15,-0.8,2.4,88,11.80,205,0.52,15.0,21.7,14.9,71
1998-11-16,-8.0,-5.0,73,0.00,294,0.58,0.0,16.7,13.7,58
1998-11-17,-9.6,-4.5,76,0.00,349,0.52,0.0,10.1,8.6,60
1998-11-18,-9.3,-3.8,77,0.00,326,0.51,0.0,10.0,8.3,62
1998-11-19,-8.4,-4.7,81,1.90,88,0.29,7.0,20.7,10.8,75
1998-11-20,0.0,3.4,89,7.90,164,0.55,12.0,21.1,14.0,73
1998-11-21,-1.2,-0.2,87,0.00,314,0.44,0.0,15.6,10.4,69
1998-11-22,-6.8,-0.9,81,0.00,224,0.53,0.0,20.7,12.4,65
1998-11-23,1.1,3.9,78,0.40,185,0.62,2.0,20.2,13.9,75
1998-11-24,1.9,5.2,76,0.80,268,0.88,5.0,28.6,21.4,60
1998-11-25,-2.9,-0.5,69,0.00,341,0.74,0.0,18.4,11.1,54
1998-11-26,-2.2,-0.2,79,13.80,131,0.47,14.0,21.4,18.0,64
1998-11-27,-0.9,-0.2,86,6.40,326,0.45,12.0,24.4,16.6,70
1998-11-28,-2.0,0.5,81,0.00,308,0.44,0.0,16.8,12.7,71
1998-11-29,-4.6,-1.9,85,0.00,339,0.36,0.0,13.0,8.9,69
1998-11-30,-1.3,5.3,84,2.60,149,0.36,8.0,21.7,17.0,74
1998-12-01,2.7,6.7,82,4.20,251,0.52,13.0,25.9,20.4,61
1998-12-02,-0.3,1.6,86,4.20,255,0.33,10.0,17.9,10.0,71
1998-12-03,-3.9,-0.9,78,0.70,338,0.34,4.0,12.4,6.8,66
1998-12-04,-0.6,2.6,80,0.20,281,0.59,1.0,23.8,14.5,65
1998-12-05,-5.5,-2.7,69,0.00,329,0.59,0.0,17.9,10.0,62
1998-12-06,-2.9,0.3,83,6.00,135,0.19,8.0,11.2,8.2,68
1998-12-07,-0.1,3.1,88,17.00,308,0.42,14.0,25.1,14.3,61
1998-12-08,-9.8,-6.1,74,0.00,289,0.33,0.0,13.8,7.2,63
1998-12-09,-6.9,-0.4,77,0.00,264,0.47,0.0,17.9,10.9,57
1998-12-10,-6.3,-2.2,83,1.10,243,0.30,8.0,12.1,7.6,70
1998-12-11,-5.1,-2.8,84,0.00,320,0.42,0.0,13.0,9.4,60
1998-12-12,-6.8,1.4,87,0.00,209,0.27,0.0,14.5,12.1,79
1998-12-13,-1.5,1.0,86,0.40,269,0.41,3.0,17.5,11.1,72
1998-12-14,-6.4,-4.5,73,0.00,325,0.49,0.0,17.4,13.1,59
1998-12-15,-2.9,3.1,78,0.00,198,0.56,0.0,14.2,12.3,71
1998-12-16,-1.8,1.2,77,0.00,319,0.48,0.0,13.6,10.2,60
1998-12-17,-6.6,-4.2,78,2.40,357,0.28,11.0,10.4,8.3,70
1998-12-18,-11.6,-5.9,76,0.00,331,0.33,0.0,18.9,15.6,57
1998-12-19,-14.6,-7.6,74,2.70,109,0.21,9.0,12.2,8.7,66
1998-12-20,-9.1,-2.4,77,2.30,314,0.36,4.0,22.2,13.2,61
1998-12-21,-10.1,-2.5,83,6.80,127,0.20,14.0,17.2,11.5,76
1998-12-22,-4.8,1.0,82,16.70,274,0.34,14.0,25.3,16.6,58
1998-12-23,-21.6,-16.2,69,0.00,252,0.25,0.0,21.3,12.7,56
1998-12-24,-13.7,-8.4,78,0.00,196,0.31,0.0,15.5,12.4,58
1998-12-25,-12.7,-10.2,73,0.10,236,0.34,1.0,15.4,11.0,60
1998-12-26,-9.0,-5.9,81,0.40,180,0.32,3.0,17.1,14.7,68
1998-12-27,-11.4,-6.1,76,0.20,229,0.35,2.0,18.7,12.4,59
1998-12-28,-4.1,-1.6,75,0.30,211,0.53,3.0,19.5,14.7,59
1998-12-29,-11.8,-6.9,79,0.00,125,0.28,0.0,17.3,10.8,68
1998-12-30,-11.1,-4.4,79,7.20,329,0.21,18.0,25.5,19.0,58
1998-12-31,-29.1,-25.0,66,0.00,301,0.14,0.0,21.9,11.3,54
1999-01-01,-26.5,-25.0,68,0.00,319,0.14,0.0,18.2,10.7,50
1999-01-02,-26.5,-18.9,67,0.00,293,0.19,0.0,14.7,12.5,55
1999-01-03,-15.3,-8.0,78,26.60,109,0.17,12.0,21.7,14.0,70
1999-01-04,-8.6,-6.8,77,1.90,207,0.39,7.0,22.4,15.9,56
1999-01-05,-19.8,-12.3,70,0.00,265,0.25,0.0,17.7,10.4,56
1999-01-06,-18.1,-11.6,78,0.60,173,0.25,3.0,18.6,13.5,67
1999-01-07,-15.1,-8.9,70,2.10,243,0.30,9.0,19.9,16.6,48
1999-01-08,-23.6,-15.9,74,0.00,204,0.19,0.0,11.8,9.8,65
1999-01-09,-13.3,-10.7,83,10.40,18,0.17,23.0,13.0,9.4,79
1999-01-10,-16.3,-12.1,75,0.10,296,0.28,1.0,13.8,10.1,49
1999-01-11,-17.7,-14.0,74,0.30,206,0.28,3.0,15.5,11.7,50
1999-01-12,-21.3,-16.3,73,1.20,173,0.22,6.0,9.5,7.2,64
1999-01-13,-23.1,-18.9,66,0.00,341,0.18,0.0,19.8,14.5,48
1999-01-14,-30.1,-25.0,62,0.00,2,0.16,0.0,17.4,12.0,48
1999-01-15,-16.9,-10.7,73,19.70,117,0.23,19.0,18.8,15.2,58
1999-01-16,-12.1,-10.4,77,4.00,236,0.30,13.0,16.2,12.4,61
1999-01-17,-1.7,1.7,78,0.20,250,0.64,1.0,20.5,15.4,63
1999-01-18,-3.2,0.2,88,4.90,135,0.34,8.0,19.6,13.3,73
1999-01-19,0.3,2.4,82,12.80,196,0.63,13.0,27.0,21.4,65
1999-01-20,-5.1,0.1,73,0.10,281,0.58,1.0,19.8,16.2,58
1999-01-21,-11.9,-8.3,78,0.10,332,0.38,1.0,9.8,5.7,65
1999-01-22,-13.8,-8.8,74,0.00,12,0.41,0.0,13.0,9.9,57
1999-01-23,-6.0,0.2,83,10.90,131,0.31,13.0,20.9,18.6,65
1999-01-24,3.4,5.8,93,9.20,184,0.35,9.0,19.1,17.3,78
1999-01-25,-8.8,0.2,65,0.20,289,0.66,2.0,23.8,17.3,49
1999-01-26,-14.7,-8.7,76,0.00,235,0.31,0.0,14.1,9.4,60
1999-01-27,-10.9,-9.4,76,0.00,321,0.41,0.0,15.0,10.6,52
1999-01-28,-18.2,-14.5,69,0.00,5,0.32,0.0,15.3,11.9,50
1999-01-29,-19.0,-14.7,69,0.00,348,0.35,0.0,10.8,8.7,47
1999-01-30,-19.4,-14.8,62,0.00,349,0.39,0.0,16.8,11.2,43
1999-01-31,-19.0,-10.8,65,0.00,323,0.46,0.0,16.3,9.9,39
1999-02-01,-11.7,-3.0,73,0.00,266,0.53,0.0,9.2,6.1,62
1999-02-02,-8.8,-5.1,81,6.00,124,0.31,9.0,21.8,14.6,66
1999-02-03,-0.2,2.8,83,12.70,167,0.84,14.0,22.5,16.1,47
1999-02-04,-1.9,1.6,86,2.20,157,0.55,5.0,16.5,12.5,61
1999-02-05,-5.0,-1.2,81,1.10,318,0.53,5.0,21.4,13.4,54
1999-02-06,-14.2,-10.9,77,1.60,336,0.26,7.0,13.4,6.8,67
1999-02-07,-11.9,-9.1,74,0.00,325,0.53,0.0,19.4,14.6,55
1999-02-08,-15.2,-10.3,72,0.00,341,0.51,0.0,15.4,12.2,48
1999-02-09,-13.2,-9.7,72,3.10,155,0.30,7.0,11.0,8.1,56
1999-02-10,-6.5,-3.8,76,0.70,302,0.59,3.0,23.7,16.9,59
1999-02-11,-12.6,-9.3,74,0.10,335,0.41,1.0,18.9,11.4,58
1999-02-12,-2.1,4.5,79,4.00,155,0.61,5.0,16.6,14.8,67
1999-02-13,-3.9,2.7,75,6.40,244,0.68,16.0,18.7,12.2,57
1999-02-14,-13.7,-9.2,70,0.00,332,0.59,0.0,14.8,11.0,50
1999-02-15,-14.0,-7.4,69,0.00,190,0.59,0.0,8.4,5.8,54
1999-02-16,-10.7,-6.4,74,0.00,352,0.63,0.0,13.0,9.5,52
1999-02-17,-9.1,-6.3,75,2.90,95,0.46,13.0,23.1,15.0,64
1999-02-18,-3.1,0.6,88,4.50,138,0.53,20.0,20.5,10.7,73
1999-02-19,-4.9,-2.3,82,0.20,331,0.67,2.0,13.0,10.0,61
1999-02-20,-7.3,-5.4,76,0.00,355,0.70,0.0,15.9,12.7,52
1999-02-21,-13.9,-8.6,64,0.00,352,0.62,0.0,22.1,19.4,41
1999-02-22,-21.2,-17.2,60,0.00,347,0.47,0.0,21.3,17.3,39
1999-02-23,-20.0,-13.2,59,0.00,337,0.58,0.0,16.3,12.3,35
1999-02-24,-16.1,-5.8,55,0.00,318,0.88,0.0,8.4,5.5,21
1999-02-25,-10.9,-3.5,59,0.00,89,0.79,0.0,11.2,7.8,41
1999-02-26,-7.4,-0.6,72,0.00,341,1.03,0.0,17.2,13.9,47
1999-02-27,-6.0,0.2,69,0.00,329,1.20,0.0,16.8,13.4,42
1999-02-28,-5.7,1.2,70,1.00,141,0.96,3.0,18.8,11.3,46
1999-03-01,-0.3,2.6,93,19.50,94,0.29,24.0,16.9,12.0,88
1999-03-02,-1.4,1.5,87,6.10,184,0.55,19.0,16.9,13.8,62
1999-03-03,-6.3,-3.0,79,4.30,240,0.70,5.0,13.4,8.6,61
1999-03-04,1.1,6.0,86,22.20,114,0.66,24.0,23.4,16.4,72
1999-03-05,-11.9,-2.7,63,2.20,308,0.83,7.0,26.5,20.0,43
1999-03-06,-17.4,-14.5,66,0.00,343,0.48,0.0,12.2,10.3,46
1999-03-07,-17.3,-13.7,58,0.00,355,0.68,0.0,21.0,18.0,43
1999-03-08,-16.2,-9.4,60,0.00,343,0.79,0.0,20.9,19.5,41
1999-03-09,-13.3,-7.8,62,0.00,346,0.93,0.0,20.3,18.0,44
1999-03-10,-11.3,-5.4,70,0.00,345,0.93,0.0,16.6,14.6,52
1999-03-11,-9.6,-8.0,77,7.40,344,0.45,14.0,21.9,19.1,72
1999-03-12,-6.3,-2.0,79,3.60,341,0.71,12.0,21.3,18.3,71
1999-03-13,-5.5,-1.9,77,0.00,340,0.91,0.0,17.2,14.9,61
1999-03-14,-6.8,-3.2,76,0.00,346,0.85,0.0,14.9,10.1,64
1999-03-15,-7.1,-1.6,75,0.00,345,1.01,0.0,14.0,10.6,54
1999-03-16,-5.3,0.4,68,0.00,326,1.43,0.0,19.5,17.4,38
1999-03-17,-2.0,3.2,77,0.00,298,1.18,0.0,17.0,11.9,58
1999-03-18,-1.4,1.7,82,4.30,35,0.85,11.0,16.9,8.6,73
1999-03-19,-2.2,-0.4,74,0.50,329,1.05,3.0,20.6,18.0,52
1999-03-20,-4.0,-1.3,74,0.00,321,1.04,0.0,18.4,14.6,58
1999-03-21,-4.1,1.1,74,0.00,133,1.23,0.0,14.4,8.6,54
1999-03-22,-0.1,3.4,85,23.50,111,0.61,20.0,32.9,22.2,68
1999-03-23,-1.6,0.4,69,6.30,209,1.35,11.0,29.2,23.8,36
1999-03-24,-2.8,1.8,78,1.00,184,1.01,5.0,20.5,13.5,64
1999-03-25,-3.6,-1.2,72,0.10,310,1.27,1.0,18.7,15.0,48
1999-03-26,-3.6,2.6,69,0.00,307,1.83,0.0,14.5,11.5,38
1999-03-27,-0.6,8.0,68,0.00,255,2.27,0.0,9.1,5.9,37
1999-03-28,2.8,13.2,68,0.00,343,2.70,0.0,10.9,7.1,27
1999-03-29,2.7,5.2,69,0.20,116,0.92,1.0,12.2,7.0,59
1999-03-30,1.0,5.3,73,0.10,299,1.83,1.0,19.5,14.6,42
1999-03-31,-0.7,2.0,76,0.50,307,1.23,3.0,13.4,10.2,60
1999-04-01,-0.8,2.8,73,0.00,19,1.13,0.0,11.1,7.9,58
1999-04-02,-0.1,4.8,65,0.00,9,2.23,0.0,11.9,9.4,34
1999-04-03,-1.8,-0.2,74,6.00,88,0.72,9.0,12.6,9.0,59
1999-04-04,-3.3,0.0,68,6.20,354,1.60,5.0,27.0,21.6,44
1999-04-05,-2.5,5.3,68,0.00,350,2.15,0.0,16.3,13.4,42
1999-04-06,1.3,7.8,67,0.00,88,2.55,0.0,14.6,9.3,38
1999-04-07,3.7,5.2,78,4.20,221,1.26,16.0,23.8,18.1,56
1999-04-08,0.6,2.9,88,8.50,208,0.60,11.0,15.1,8.7,72
1999-04-09,1.4,4.3,77,1.00,332,1.79,5.0,15.3,13.2,44
1999-04-10,-1.7,1.6,71,0.00,346,1.53,0.0,20.7,16.4,44
1999-04-11,-2.3,4.5,72,0.00,344,2.18,0.0,14.8,12.1,46
1999-04-12,-0.9,3.8,72,0.00,344,1.96,0.0,24.0,16.5,41
1999-04-13,-1.0,2.2,67,0.00,343,1.59,0.0,26.3,21.9,51
1999-04-14,-0.5,2.5,69,0.00,333,1.60,0.0,23.3,19.5,58
1999-04-15,0.7,4.9,76,0.00,335,1.67,0.0,13.1,9.8,54
1999-04-16,1.3,7.5,73,0.00,86,2.36,0.0,12.2,7.6,46
1999-04-17,2.5,7.5,78,0.00,115,2.18,0.0,10.0,6.1,59
1999-04-18,2.0,5.2,76,0.00,317,1.60,0.0,19.6,14.8,59
1999-04-19,1.9,7.1,76,0.00,323,2.15,0.0,15.2,11.1,45
1999-04-20,1.7,7.2,74,0.00,337,2.30,0.0,9.5,8.2,49
1999-04-21,2.3,9.0,68,0.00,319,2.48,0.0,10.5,7.0,40
1999-04-22,2.2,6.9,78,1.60,301,1.99,3.0,16.0,8.3,64
1999-04-23,-2.2,1.1,66,0.00,333,1.88,0.0,22.4,17.1,46
1999-04-24,-1.7,4.7,63,0.00,333,2.22,0.0,23.8,21.5,47
1999-04-25,0.4,7.8,66,0.00,295,2.62,0.0,17.0,12.4,41
1999-04-26,2.0,4.8,79,3.10,316,1.31,10.0,21.3,13.8,55
1999-04-27,3.1,8.2,71,0.20,2,2.39,2.0,16.0,13.9,48
1999-04-28,4.0,10.7,62,0.00,360,3.04,0.0,16.6,11.2,32
1999-04-29,4.8,12.2,59,0.00,2,3.45,0.0,15.5,13.6,39
1999-04-30,4.7,11.5,69,0.00,329,3.34,0.0,9.8,5.2,46
1999-05-01,6.6,14.2,59,0.00,311,3.81,0.0,9.7,7.8,37
1999-05-02,10.2,21.7,53,0.00,270,4.33,0.0,10.2,5.9,22
1999-05-03,14.4,23.9,54,0.00,132,4.70,0.0,6.7,2.9,24
1999-05-04,14.5,24.6,60,0.00,71,4.91,0.0,11.6,6.6,28
1999-05-05,14.7,21.4,68,0.00,107,3.11,0.0,11.9,8.7,51
1999-05-06,16.0,21.7,76,0.10,130,3.36,1.0,14.2,8.9,55
1999-05-07,16.4,21.3,76,0.00,159,2.65,0.0,17.8,12.6,54
1999-05-08,17.1,21.9,78,2.40,166,2.83,8.0,18.4,13.9,57
1999-05-09,15.0,19.1,82,9.30,205,3.21,14.0,15.3,11.3,48
1999-05-10,6.7,12.5,59,0.10,327,3.09,1.0,21.1,18.9,42
1999-05-11,4.8,10.7,44,0.00,325,4.07,0.0,19.0,16.3,27
1999-05-12,3.9,7.5,46,0.00,327,3.45,0.0,22.3,17.2,32
1999-05-13,4.4,12.4,51,0.00,350,3.68,0.0,18.6,15.5,35
1999-05-14,9.1,16.8,55,0.00,354,4.32,0.0,14.5,11.7,27
1999-05-15,12.7,21.1,50,0.00,346,4.99,0.0,10.1,5.9,26
1999-05-16,15.2,22.9,51,0.00,201,5.24,0.0,14.7,9.3,30
1999-05-17,16.5,23.0,52,0.00,185,5.57,0.0,17.8,11.8,30
1999-05-18,17.8,24.4,48,0.00,177,6.04,0.0,20.9,15.7,30
1999-05-19,16.0,20.2,80,25.90,182,1.66,11.0,19.4,14.0,39
1999-05-20,9.4,13.6,71,2.60,317,2.99,4.0,17.9,15.1,47
1999-05-21,10.5,18.5,59,0.00,347,4.38,0.0,14.4,9.1,33
1999-05-22,14.5,20.7,67,0.20,187,3.06,1.0,13.6,9.3,42
1999-05-23,12.7,19.6,65,0.00,359,4.13,0.0,14.2,9.8,47
1999-05-24,12.9,16.4,80,0.90,110,2.05,4.0,26.0,17.0,58
1999-05-25,12.0,14.3,87,19.30,160,2.75,21.0,24.2,16.8,60
1999-05-26,9.8,15.0,81,5.80,196,2.78,13.0,13.7,8.4,55
1999-05-27,9.5,12.5,70,0.00,310,1.90,0.0,12.7,10.8,59
1999-05-28,12.1,20.1,69,0.00,319,4.09,0.0,10.9,6.8,40
1999-05-29,16.6,24.8,68,0.00,273,4.89,0.0,9.4,6.2,30
1999-05-30,19.8,27.4,60,0.40,245,5.49,1.0,16.3,10.3,38
1999-05-31,21.1,28.1,69,1.00,209,5.68,1.0,19.0,8.4,31
1999-06-01,18.2,22.5,79,14.20,204,1.52,11.0,13.2,10.7,53
1999-06-02,15.2,16.9,95,2.20,76,1.21,9.0,13.5,8.3,87
1999-06-03,15.1,19.2,87,22.00,276,2.50,17.0,23.4,17.2,58
1999-06-04,14.4,19.7,52,0.00,330,5.50,0.0,18.6,13.9,32
1999-06-05,15.5,21.4,64,0.00,227,4.76,0.0,14.8,8.6,33
1999-06-06,16.9,22.2,73,1.60,207,2.75,5.0,19.1,13.5,60
1999-06-07,21.9,28.2,78,0.70,277,4.58,1.0,14.0,10.4,43
1999-06-08,19.1,21.8,92,23.40,249,2.87,24.0,14.1,8.6,71
1999-06-09,15.5,19.3,79,1.60,92,2.88,2.0,14.8,11.0,53
1999-06-10,16.0,19.9,80,0.00,167,2.69,0.0,12.4,8.2,65
1999-06-11,19.4,25.7,77,0.00,190,4.80,0.0,13.4,9.9,55
1999-06-12,22.0,28.3,71,0.00,190,5.55,0.0,16.0,10.7,48
1999-06-13,22.2,27.9,59,0.00,190,6.34,0.0,17.1,11.6,35
1999-06-14,21.0,24.5,72,0.90,177,4.52,3.0,23.0,15.2,56
1999-06-15,11.8,20.0,68,3.00,269,2.86,6.0,23.9,18.5,45
1999-06-16,9.9,13.9,62,0.40,270,3.03,3.0,14.2,10.7,46
1999-06-17,12.1,16.2,69,0.30,270,3.18,2.0,7.9,5.1,42
1999-06-18,12.5,16.7,64,0.00,317,3.88,0.0,11.2,8.5,36
1999-06-19,14.6,21.9,62,0.00,268,5.21,0.0,8.4,6.7,34
1999-06-20,16.4,22.3,66,0.30,218,3.85,2.0,12.3,7.7,42
1999-06-21,18.4,24.5,63,0.00,295,5.06,0.0,9.4,7.3,36
1999-06-22,20.2,26.2,64,0.00,310,4.85,0.0,7.6,6.5,36
1999-06-23,20.8,25.8,67,0.00,249,3.68,0.0,7.9,5.2,36
1999-06-24,21.4,26.5,64,0.00,186,4.47,0.0,10.3,5.6,36
1999-06-25,18.0,22.4,86,18.50,168,1.35,11.0,17.9,11.2,61
1999-06-26,19.2,24.4,73,0.00,305,4.93,0.0,16.3,9.6,43
1999-06-27,21.7,29.2,69,0.00,216,5.56,0.0,14.9,7.5,37
1999-06-28,20.5,25.3,81,38.20,59,2.97,10.0,12.4,6.3,57
1999-06-29,20.0,23.4,90,6.80,173,1.93,8.0,17.5,10.6,77
1999-06-30,16.0,20.8,62,0.00,281,4.99,0.0,18.6,13.3,43
1999-07-01,18.4,24.1,71,0.00,142,4.48,0.0,16.7,7.3,48
1999-07-02,20.1,22.4,76,6.90,222,4.22,8.0,22.1,18.6,51
1999-07-03,18.5,23.3,72,0.00,277,4.36,0.0,13.0,10.8,49
1999-07-04,21.2,26.3,76,0.50,238,4.01,3.0,15.8,7.3,59
1999-07-05,22.5,24.7,75,0.50,312,4.34,3.0,15.5,13.3,53
1999-07-06,18.8,22.6,80,8.80,145,2.81,6.0,17.4,10.7,66
1999-07-07,17.7,21.7,61,0.00,276,3.94,0.0,23.2,17.2,40
1999-07-08,13.9,17.3,71,3.60,299,3.49,7.0,19.9,13.3,49
1999-07-09,14.5,19.5,71,0.30,292,3.49,1.0,12.2,9.0,46
1999-07-10,13.2,16.8,85,13.10,7,2.12,16.0,15.6,11.6,53
1999-07-11,14.2,19.2,79,2.40,307,3.40,11.0,12.8,10.9,55
1999-07-12,17.5,23.8,67,0.00,219,4.85,0.0,13.5,8.7,48
1999-07-13,18.1,22.2,76,1.30,189,3.35,2.0,12.4,8.2,57
1999-07-14,19.2,24.2,73,0.10,209,4.53,1.0,16.2,9.2,47
1999-07-15,19.8,24.8,75,2.90,205,3.86,4.0,17.7,12.1,60
1999-07-16,21.8,28.2,74,0.00,245,5.24,0.0,15.6,8.8,42
1999-07-17,23.6,27.9,74,2.70,251,4.50,5.0,19.5,12.6,60
1999-07-18,21.1,24.2,80,0.30,315,3.43,3.0,12.2,6.2,60
1999-07-19,18.2,22.4,60,0.00,315,4.32,0.0,15.1,10.4,38
1999-07-20,16.0,20.5,58,0.00,328,5.02,0.0,16.5,11.4,36
1999-07-21,18.0,23.9,67,0.10,236,4.19,1.0,15.4,8.8,43
1999-07-22,20.7,26.1,68,0.40,229,4.41,3.0,12.9,9.3,53
1999-07-23,20.3,25.5,75,6.00,318,4.75,3.0,12.0,8.8,39
1999-07-24,19.2,22.3,84,13.30,138,2.18,10.0,10.5,7.2,64
1999-07-25,19.0,21.2,97,7.80,130,2.25,16.0,7.5,3.8,90
1999-07-26,19.3,23.0,86,2.90,68,3.40,10.0,8.4,5.3,67
1999-07-27,19.9,24.1,85,5.60,184,3.49,3.0,8.7,6.8,64
1999-07-28,20.4,24.7,76,0.50,334,3.75,1.0,8.6,4.8,47
1999-07-29,19.7,24.3,78,0.40,208,3.95,1.0,13.0,7.1,58
1999-07-30,21.0,25.3,83,0.50,195,3.52,2.0,12.2,9.2,61
1999-07-31,23.1,28.6,77,0.00,193,4.33,0.0,18.3,10.0,55
1999-08-01,21.2,25.3,70,0.90,280,4.21,4.0,19.2,15.0,49
1999-08-02,15.6,18.7,64,0.00,321,2.90,0.0,17.4,12.3,51
1999-08-03,15.9,19.0,69,0.10,287,3.51,1.0,12.0,7.9,49
1999-08-04,16.0,20.6,78,5.50,184,3.27,10.0,12.0,7.1,60
1999-08-05,15.8,19.5,91,6.70,194,2.46,12.0,10.2,6.4,71
1999-08-06,13.5,17.1,78,2.50,267,2.32,5.0,10.2,6.2,51
1999-08-07,13.2,17.5,76,0.00,307,3.05,0.0,17.7,10.2,43
1999-08-08,13.2,15.2,86,11.10,169,1.14,10.0,15.4,7.8,75
1999-08-09,11.5,14.3,70,0.00,315,3.03,0.0,21.4,16.8,44
1999-08-10,12.4,16.7,67,0.00,290,2.79,0.0,17.4,11.4,47
1999-08-11,14.5,18.8,74,0.00,203,2.30,0.0,12.5,7.6,57
1999-08-12,16.3,19.6,83,4.80,232,2.30,10.0,13.8,7.6,62
1999-08-13,15.8,20.1,83,3.60,113,1.81,7.0,16.3,9.1,70
1999-08-14,16.0,18.1,85,23.70,348,2.81,13.0,21.5,14.9,52
1999-08-15,15.0,21.3,69,0.00,14,4.23,0.0,11.5,7.6,44
1999-08-16,17.1,22.9,72,0.00,209,4.19,0.0,13.9,7.8,47
1999-08-17,17.4,20.5,83,6.40,208,2.08,9.0,14.2,10.5,67
1999-08-18,16.6,20.3,80,0.20,350,2.99,1.0,18.0,13.9,47
1999-08-19,16.0,22.3,65,0.00,0,4.16,0.0,11.7,8.0,40
1999-08-20,17.4,23.3,74,0.00,127,3.94,0.0,7.7,4.2,45
1999-08-21,17.9,22.2,72,0.00,108,3.55,0.0,8.5,6.1,48
1999-08-22,18.1,23.4,77,0.20,213,3.52,1.0,7.8,4.2,54
1999-08-23,19.2,25.3,75,0.00,257,3.90,0.0,8.6,5.6,43
1999-08-24,20.0,25.0,70,0.20,264,3.74,1.0,9.2,6.9,47
1999-08-25,20.3,26.0,72,0.20,197,3.86,1.0,13.8,8.4,45
1999-08-26,21.2,26.7,79,0.20,229,3.70,1.0,9.5,4.5,50
1999-08-27,21.9,26.6,72,0.00,186,4.14,0.0,12.8,7.8,44
1999-08-28,21.5,27.1,69,0.00,233,4.33,0.0,19.7,12.7,39
1999-08-29,15.2,21.9,57,0.00,323,3.57,0.0,20.3,17.0,48
1999-08-30,13.0,17.3,61,0.00,340,3.80,0.0,21.9,16.0,37
1999-08-31,15.2,23.0,62,0.00,310,3.98,0.0,7.2,5.8,32
1999-09-01,17.7,26.1,62,0.00,256,4.35,0.0,10.2,7.2,30
1999-09-02,20.5,29.1,59,0.00,241,4.50,0.0,9.4,6.9,29
1999-09-03,21.8,28.9,64,0.00,332,4.38,0.0,11.1,8.3,44
1999-09-04,22.6,29.5,70,0.00,110,4.31,0.0,9.9,6.1,38
1999-09-05,22.8,28.7,68,0.00,163,3.71,0.0,9.4,7.3,43
1999-09-06,20.9,23.6,77,12.00,156,1.95,7.0,9.9,8.5,62
1999-09-07,20.2,23.4,93,5.30,170,1.59,7.0,12.3,8.7,78
1999-09-08,18.6,20.3,98,20.40,92,0.89,21.0,13.5,7.7,92
1999-09-09,19.8,24.1,86,2.90,183,2.80,11.0,15.0,12.7,51
1999-09-10,17.5,19.7,92,13.10,153,0.64,12.0,13.3,9.4,75
1999-09-11,15.9,19.2,83,0.60,225,2.75,3.0,18.6,10.6,53
1999-09-12,14.8,19.1,67,0.00,269,2.82,0.0,13.7,10.7,44
1999-09-13,15.7,21.4,75,0.00,152,2.92,0.0,17.1,12.5,57
1999-09-14,15.4,18.0,89,15.80,165,0.83,15.0,16.3,14.3,71
1999-09-15,15.2,19.2,79,5.50,209,2.83,5.0,15.0,9.7,41
1999-09-16,13.1,15.5,74,0.00,348,1.68,0.0,15.7,8.8,58
1999-09-17,9.3,12.6,92,50.50,1,0.62,22.0,26.1,22.2,66
1999-09-18,11.0,15.0,60,0.00,334,3.32,0.0,22.5,15.5,43
1999-09-19,11.1,17.8,76,0.00,182,2.44,0.0,16.2,8.5,59
1999-09-20,13.2,18.2,81,2.60,169,1.90,7.0,21.6,15.3,65
1999-09-21,8.2,14.8,79,19.30,353,1.57,9.0,21.2,16.6,54
1999-09-22,6.3,8.0,84,7.70,345,0.54,12.0,13.9,11.1,71
1999-09-23,8.9,16.5,81,0.70,287,2.25,3.0,14.2,9.8,50
1999-09-24,9.2,11.7,96,11.60,311,0.62,19.0,13.2,8.5,82
1999-09-25,7.4,11.8,80,1.20,332,1.77,6.0,14.1,9.9,49
1999-09-26,8.3,14.4,72,0.00,275,2.43,0.0,9.8,7.0,48
1999-09-27,10.2,17.3,78,0.00,148,2.27,0.0,12.0,8.6,62
1999-09-28,14.2,21.3,86,0.00,161,2.11,0.0,12.3,8.8,66
1999-09-29,14.9,17.7,94,0.20,157,0.63,2.0,16.0,11.8,89
1999-09-30,13.2,17.4,95,19.80,173,0.34,19.0,25.2,20.7,79
1999-10-01,8.6,14.0,75,1.50,219,1.98,5.0,22.0,15.4,56
1999-10-02,7.0,11.7,77,0.50,254,1.67,2.0,13.5,8.5,47
1999-10-03,7.2,8.3,78,3.30,248,1.79,8.0,20.5,14.3,44
1999-10-04,4.5,7.7,56,0.00,30,1.65,0.0,10.4,7.3,39
1999-10-05,2.6,6.1,76,0.00,167,1.35,0.0,7.2,4.3,44
1999-10-06,1.7,4.9,77,5.40,239,1.20,10.0,24.6,15.5,52
1999-10-07,1.0,4.9,55,0.00,315,1.97,0.0,24.4,19.0,36
1999-10-08,1.1,6.4,67,0.00,149,1.28,0.0,18.0,9.9,50
1999-10-09,7.4,10.8,81,5.90,225,1.16,9.0,22.7,18.2,62
1999-10-10,7.1,14.0,80,0.00,183,1.53,0.0,16.2,10.1,64
1999-10-11,7.0,11.2,77,6.70,295,1.59,5.0,24.1,15.5,48
1999-10-12,4.2,8.3,60,0.00,296,1.85,0.0,17.4,13.4,39
1999-10-13,3.5,5.7,89,25.30,144,0.28,15.0,14.8,10.5,71
1999-10-14,2.4,5.8,76,29.00,341,1.34,13.0,29.4,23.0,39
1999-10-15,1.1,6.5,66,0.00,258,1.60,0.0,15.9,10.7,45
1999-10-16,5.1,11.3,74,1.00,153,1.22,3.0,16.1,10.7,59
1999-10-17,9.1,11.6,86,3.20,252,0.72,8.0,15.8,13.5,70
1999-10-18,1.9,5.3,72,3.50,353,1.25,9.0,21.3,15.9,38
1999-10-19,-1.3,3.1,58,0.00,360,1.42,0.0,16.7,8.8,43
1999-10-20,0.3,3.8,81,3.70,153,0.58,5.0,13.4,8.3,71
1999-10-21,3.0,6.1,84,1.10,257,0.80,2.0,11.9,9.2,52
1999-10-22,4.1,7.8,78,2.20,143,0.98,5.0,22.7,17.0,63
1999-10-23,3.4,4.8,100,31.00,78,0.15,24.0,26.0,18.0,100
1999-10-24,1.4,2.3,82,3.50,306,0.76,11.0,22.2,17.4,50
1999-10-25,-0.8,1.7,62,0.00,290,1.08,0.0,15.7,12.9,48
1999-10-26,1.8,7.1,85,3.40,168,0.64,7.0,15.1,10.6,71
1999-10-27,0.5,2.8,77,0.00,336,0.84,0.0,17.4,13.9,50
1999-10-28,-1.7,3.5,74,0.80,168,0.82,4.0,20.2,10.0,60
1999-10-29,1.5,6.2,80,0.10,305,1.09,1.0,13.2,9.9,50
1999-10-30,1.7,8.4,74,0.00,135,1.21,0.0,13.8,9.7,50
1999-10-31,7.8,12.2,93,2.60,215,0.48,5.0,18.3,15.1,80
1999-11-01,6.6,12.9,75,0.00,255,1.43,0.0,16.0,10.3,52
1999-11-02,7.4,11.7,84,0.70,166,0.92,4.0,18.0,15.0,70
1999-11-03,10.4,13.8,91,15.90,154,0.77,19.0,29.1,21.6,53
1999-11-04,1.0,3.4,63,0.90,228,1.31,7.0,29.3,24.3,50
1999-11-05,1.9,8.2,75,3.20,223,1.06,4.0,19.2,14.7,55
1999-11-06,2.6,4.6,73,0.00,275,0.87,0.0,21.1,15.6,48
1999-11-07,-0.9,0.1,62,0.00,315,1.19,0.0,27.8,20.1,51
1999-11-08,-3.2,-1.4,57,0.00,321,1.03,0.0,20.7,13.8,43
1999-11-09,-2.2,2.0,67,0.00,152,0.71,0.0,16.6,10.0,55
1999-11-10,0.8,3.4,85,0.10,345,0.53,1.0,18.7,12.5,60
1999-11-11,-5.7,-2.6,51,0.00,349,1.09,0.0,21.2,15.6,39
1999-11-12,-5.7,-1.7,60,0.80,176,0.65,4.0,14.0,8.3,45
1999-11-13,-2.4,0.8,86,0.70,159,0.34,6.0,11.5,7.7,70
1999-11-14,0.6,3.0,97,10.50,172,0.18,14.0,20.0,15.5,91
1999-11-15,-0.9,0.6,77,0.10,315,0.76,1.0,29.7,20.3,58
1999-11-16,-3.8,-2.2,73,3.60,317,0.75,15.0,29.1,24.7,68
1999-11-17,-6.2,-3.6,62,0.00,320,0.90,0.0,28.7,23.2,45
1999-11-18,-6.4,-3.3,71,0.20,287,0.51,2.0,10.5,6.7,52
1999-11-19,-4.3,1.5,71,0.00,127,0.47,0.0,16.1,8.5,58
1999-11-20,2.9,6.2,81,0.40,176,0.62,1.0,17.7,13.3,74
1999-11-21,2.3,3.4,98,0.80,309,0.18,2.0,10.0,6.6,95
1999-11-22,2.1,4.2,99,4.20,156,0.15,10.0,11.0,7.2,97
1999-11-23,6.6,7.9,95,1.70,258,0.37,4.0,12.4,9.2,79
1999-11-24,5.9,11.1,93,2.00,165,0.29,2.0,23.7,15.9,73
1999-11-25,3.1,7.4,62,0.00,261,1.17,0.0,23.2,12.9,50
1999-11-26,-0.8,1.3,88,8.30,122,0.18,10.0,20.8,11.4,76
1999-11-27,3.1,5.6,94,19.10,185,0.28,10.0,20.3,11.8,80
1999-11-28,0.1,2.3,82,0.10,271,0.60,1.0,22.1,13.6,58
1999-11-29,-2.6,-1.4,67,0.00,326,0.65,0.0,14.2,11.9,47
1999-11-30,-6.8,-4.8,61,0.00,340,0.67,0.0,16.8,13.6,38
1999-12-01,-8.8,-4.2,51,0.00,342,0.67,0.0,9.7,8.2,31
1999-12-02,-6.0,0.1,67,0.00,280,0.47,0.0,6.9,4.2,53
1999-12-03,-2.6,-0.4,84,0.00,254,0.24,0.0,7.1,4.4,74
1999-12-04,-1.4,0.0,95,1.60,105,0.14,10.0,7.3,4.3,88
1999-12-05,0.8,5.6,99,4.30,167,0.11,8.0,20.7,10.5,95
1999-12-06,2.7,7.4,95,11.70,336,0.23,21.0,18.6,14.8,81
1999-12-07,-1.5,0.4,82,2.00,341,0.39,6.0,14.0,11.9,73
1999-12-08,-5.5,-2.2,79,0.00,320,0.38,0.0,13.3,10.1,65
1999-12-09,-4.4,0.2,87,0.00,216,0.34,0.0,8.1,6.8,79
1999-12-10,-2.3,-0.8,92,5.90,136,0.21,8.0,13.0,9.3,80
1999-12-11,-1.2,-0.6,86,11.30,333,0.47,16.0,30.4,19.0,71
1999-12-12,-4.4,-1.5,81,0.00,337,0.48,0.0,25.1,13.4,69
1999-12-13,-4.2,-1.9,91,2.50,351,0.20,10.0,11.3,4.9,86
1999-12-14,-5.4,-2.1,86,0.00,0,0.40,0.0,15.6,12.1,66
1999-12-15,-7.4,-2.5,78,0.00,120,0.44,0.0,18.0,12.8,63
1999-12-16,-1.5,1.4,86,7.10,149,0.39,14.0,18.1,16.1,70
1999-12-17,-5.8,-0.7,76,0.00,268,0.38,0.0,18.7,14.0,61
1999-12-18,-15.1,-12.1,78,0.00,307,0.26,0.0,14.6,11.0,66
1999-12-19,-16.6,-11.6,79,0.00,262,0.25,0.0,8.4,5.9,64
1999-12-20,-12.6,-3.9,72,3.40,136,0.39,3.0,20.3,12.2,54
1999-12-21,-3.5,1.1,76,6.10,223,0.50,11.0,21.6,17.6,54
1999-12-22,-14.1,-8.7,74,0.00,248,0.33,0.0,18.3,10.5,53
1999-12-23,-14.2,-10.2,74,0.00,251,0.30,0.0,15.3,9.9,50
1999-12-24,-21.6,-15.2,75,0.00,312,0.17,0.0,11.5,9.9,59
1999-12-25,-21.5,-15.0,73,0.00,285,0.23,0.0,15.5,10.4,59
1999-12-26,-8.5,-5.1,79,2.90,180,0.35,18.0,21.0,16.9,71
1999-12-27,-14.5,-5.5,71,0.00,300,0.31,0.0,19.5,14.7,59
1999-12-28,-21.5,-16.5,73,0.50,221,0.17,3.0,15.0,10.9,60
1999-12-29,-16.4,-12.4,73,1.80,260,0.25,9.0,18.3,12.0,51
1999-12-30,-14.5,-12.5,75,5.90,264,0.29,11.0,19.9,12.5,56
1999-12-31,-21.3,-16.0,70,0.00,263,0.20,0.0,11.0,7.5,53
2000-01-01,-13.8,-5.4,80,1.30,169,0.19,5.0,11.2,8.8,76
2000-01-02,-6.1,-4.8,86,3.50,10,0.24,8.0,9.4,7.4,74
2000-01-03,-6.6,-0.1,83,9.80,349,0.36,9.0,21.1,12.8,64
2000-01-04,-6.3,4.1,83,8.90,124,0.26,14.0,25.2,16.9,72
2000-01-05,-12.1,3.1,68,0.00,304,0.47,0.0,23.0,18.7,56
2000-01-06,-18.7,-11.9,73,0.00,173,0.23,0.0,14.4,10.2,63
2000-01-07,-6.6,-1.9,80,0.80,185,0.37,4.0,15.2,11.9,68
2000-01-08,-10.8,-5.6,77,1.10,277,0.34,4.0,15.0,11.2,61
2000-01-09,-4.9,0.4,86,1.80,197,0.35,12.0,12.6,9.1,72
2000-01-10,-3.7,-1.0,89,0.50,115,0.28,2.0,23.2,13.1,81
2000-01-11,-0.7,1.8,86,23.90,174,0.43,15.0,23.2,18.3,76
2000-01-12,-8.3,0.2,70,0.10,302,0.55,1.0,23.2,18.7,60
2000-01-13,-19.5,-14.3,70,0.00,322,0.28,0.0,20.7,16.4,55
2000-01-14,-23.5,-21.7,63,0.00,319,0.26,0.0,22.2,20.7,50
2000-01-15,-26.5,-22.0,65,0.00,316,0.22,0.0,20.2,11.3,43
2000-01-16,-16.9,-10.4,73,11.60,138,0.30,16.0,27.2,16.1,59
2000-01-17,-22.7,-15.5,62,0.00,338,0.30,0.0,27.7,24.4,51
2000-01-18,-25.7,-21.1,68,0.00,342,0.22,0.0,19.5,15.0,49
2000-01-19,-24.3,-17.4,67,0.00,329,0.24,0.0,13.1,9.3,48
2000-01-20,-20.9,-16.6,72,0.00,329,0.20,0.0,11.5,4.5,60
2000-01-21,-22.0,-18.4,70,0.00,340,0.20,0.0,24.5,18.7,56
2000-01-22,-24.9,-22.3,61,0.00,314,0.26,0.0,26.0,22.8,51
2000-01-23,-25.7,-20.2,66,0.00,300,0.21,0.0,18.4,8.4,51
2000-01-24,-14.1,-7.6,74,1.10,153,0.35,7.0,12.5,10.8,63
2000-01-25,-14.2,-10.1,77,0.40,0,0.28,2.0,14.8,7.0,61
2000-01-26,-10.6,-9.1,75,7.40,348,0.42,21.0,22.1,20.5,65
2000-01-27,-16.4,-12.2,68,1.50,335,0.35,9.0,21.5,19.8,57
2000-01-28,-19.1,-14.4,66,0.00,325,0.36,0.0,20.9,18.3,54
2000-01-29,-16.7,-10.7,64,0.00,322,0.49,0.0,20.2,12.9,47
2000-01-30,-12.6,-4.7,69,0.00,246,0.58,0.0,10.2,6.7,46
2000-01-31,-9.0,-5.0,82,6.00,135,0.26,13.0,10.0,7.1,71
2000-02-01,-6.6,-5.3,76,0.40,283,0.48,2.0,16.8,13.0,58
2000-02-02,-14.3,-10.1,68,0.00,315,0.44,0.0,18.6,17.2,56
2000-02-03,-17.2,-13.0,73,0.00,318,0.41,0.0,16.3,11.0,58
2000-02-04,-18.6,-13.5,70,0.00,337,0.41,0.0,13.5,9.2,50
2000-02-05,-17.7,-9.6,70,0.00,254,0.38,0.0,11.3,7.9,57
2000-02-06,-15.3,-12.7,64,0.00,295,0.49,0.0,25.7,16.5,41
2000-02-07,-12.3,-8.7,63,0.20,278,0.58,2.0,24.8,18.6,44
2000-02-08,-19.1,-12.7,67,0.00,253,0.45,0.0,17.3,12.4,50
2000-02-09,-8.7,-3.1,68,2.30,221,0.62,7.0,20.8,17.0,61
2000-02-10,-17.5,-11.0,68,0.00,349,0.46,0.0,17.4,8.7,52
2000-02-11,-12.6,-9.8,74,8.50,1,0.37,18.0,17.1,10.0,61
2000-02-12,-16.7,-11.5,67,0.00,295,0.54,0.0,15.7,11.6,45
2000-02-13,-15.3,-8.4,76,0.20,185,0.42,2.0,11.6,8.7,62
2000-02-14,-9.9,-6.7,83,11.20,41,0.27,24.0,13.2,10.0,78
2000-02-15,-9.9,-5.5,74,0.00,312,0.68,0.0,14.2,10.9,44
2000-02-16,-8.8,-3.7,81,5.50,189,0.40,12.0,13.0,9.6,67
2000-02-17,-15.6,-5.9,60,0.00,314,0.57,0.0,20.7,16.2,41
2000-02-18,-19.2,-10.9,65,0.00,200,0.54,0.0,9.4,8.1,48
2000-02-19,-14.7,-6.3,69,0.00,354,0.72,0.0,11.4,6.2,41
2000-02-20,-13.1,-5.5,72,0.40,248,0.56,3.0,18.2,9.6,54
2000-02-21,-12.4,-8.5,69,0.00,311,0.71,0.0,17.4,11.1,47
2000-02-22,-11.7,-3.2,72,0.00,131,0.75,0.0,12.8,8.0,64
2000-02-23,0.5,4.7,79,4.90,191,0.71,10.0,16.8,14.6,73
2000-02-24,0.6,4.6,82,0.00,305,1.14,0.0,11.7,8.8,54
2000-02-25,-3.8,0.2,73,0.00,56,1.12,0.0,13.8,11.0,43
2000-02-26,-3.0,2.6,80,0.00,147,0.74,0.0,16.4,13.6,76
2000-02-27,2.7,7.6,91,0.00,170,0.82,0.0,20.2,17.2,76
2000-02-28,2.4,4.3,89,4.90,250,0.69,17.0,19.9,11.5,70
2000-02-29,-3.5,0.6,72,0.00,339,1.26,0.0,24.0,18.8,53
2000-03-01,-3.8,2.3,75,0.00,125,0.96,0.0,15.6,9.8,59
2000-03-02,0.5,2.5,84,3.60,129,0.73,12.0,18.1,10.6,68
2000-03-03,-1.6,0.2,81,0.60,335,0.84,5.0,21.1,17.7,66
2000-03-04,-4.6,1.0,75,0.00,323,1.25,0.0,18.1,12.5,51
2000-03-05,-2.4,1.9,72,0.10,320,1.38,1.0,17.6,10.1,39
2000-03-06,-4.7,0.1,69,0.00,327,1.27,0.0,21.1,16.4,51
2000-03-07,-0.4,6.2,73,0.00,290,1.44,0.0,13.3,10.0,56
2000-03-08,-0.9,4.8,71,0.00,98,1.42,0.0,11.8,9.0,45
2000-03-09,0.9,4.0,83,5.00,175,0.62,9.0,24.9,13.4,71
2000-03-10,-11.6,-6.1,62,0.00,357,0.97,0.0,25.2,19.5,41
2000-03-11,-9.9,-3.4,69,0.00,110,0.83,0.0,12.0,9.8,57
2000-03-12,-3.9,-2.1,83,9.70,24,0.65,17.0,21.1,11.8,55
2000-03-13,-9.8,-4.9,61,0.00,323,1.20,0.0,20.0,14.1,36
2000-03-14,-9.3,-0.3,72,2.10,179,0.75,7.0,19.1,11.5,62
2000-03-15,-0.4,2.5,75,1.60,224,1.27,8.0,15.9,12.0,48
2000-03-16,-2.9,1.1,75,4.00,315,1.08,12.0,21.7,15.8,39
2000-03-17,-12.3,-9.7,62,0.00,358,0.89,0.0,21.8,16.7,40
2000-03-18,-13.7,-4.6,60,0.00,348,1.30,0.0,15.3,9.2,35
2000-03-19,-7.3,1.9,56,0.00,146,1.72,0.0,14.6,10.6,33
2000-03-20,-1.9,4.5,62,0.00,123,1.47,0.0,13.7,9.3,40
2000-03-21,0.7,7.3,62,0.00,120,2.18,0.0,13.5,11.3,35
2000-03-22,1.1,7.3,70,0.00,148,2.03,0.0,13.9,10.3,51
2000-03-23,3.6,9.7,75,0.00,265,2.06,0.0,16.2,10.5,49
2000-03-24,0.6,5.6,77,0.00,334,1.86,0.0,14.4,11.2,52
2000-03-25,0.6,7.6,73,1.10,140,1.55,6.0,17.1,10.5,50
2000-03-26,2.7,5.9,82,1.90,224,1.51,8.0,16.7,10.9,54
2000-03-27,1.7,7.3,72,0.00,224,2.10,0.0,13.8,9.7,49
2000-03-28,2.6,3.6,83,11.50,102,0.67,14.0,27.0,17.9,64
2000-03-29,1.9,3.8,90,9.90,151,0.88,22.0,24.7,18.4,67
2000-03-30,1.0,4.0,86,1.90,260,1.07,11.0,14.1,8.5,65
2000-03-31,0.7,4.5,76,0.00,295,1.47,0.0,13.5,9.1,56
2000-04-01,1.4,7.0,68,0.00,287,2.19,0.0,12.7,9.5,45
2000-04-02,2.5,4.5,83,4.10,214,0.82,11.0,10.3,7.1,67
2000-04-03,2.0,9.5,80,0.00,218,2.40,0.0,11.1,6.3,48
2000-04-04,3.0,4.1,94,18.20,127,0.31,18.0,16.9,11.4,72
2000-04-05,-0.3,3.1,78,1.70,272,1.20,6.0,21.3,14.9,51
2000-04-06,-2.3,3.6,61,0.00,268,2.00,0.0,18.8,10.3,40
2000-04-07,0.0,6.2,68,0.00,280,2.08,0.0,14.2,8.0,38
2000-04-08,-0.3,1.9,86,26.40,33,0.39,17.0,16.4,9.6,68
2000-04-09,-3.5,-1.5,88,38.10,347,0.35,24.0,28.9,21.2,85
2000-04-10,-3.6,0.8,65,7.90,307,1.62,16.0,34.7,23.8,39
2000-04-11,-7.3,-2.8,68,0.00,326,1.67,0.0,12.6,8.0,51
2000-04-12,-5.2,-1.1,70,3.30,343,1.29,10.0,21.8,14.2,48
2000-04-13,-4.9,1.6,57,0.00,311,2.08,0.0,18.6,14.8,30
2000-04-14,-2.5,6.2,69,0.00,201,1.67,0.0,21.2,11.2,53
2000-04-15,1.8,3.9,87,6.20,351,0.99,17.0,12.6,7.6,75
2000-04-16,0.5,2.1,73,5.80,349,1.99,12.0,17.7,14.2,44
2000-04-17,-5.5,0.5,60,0.00,1,2.12,0.0,18.4,11.8,40
2000-04-18,-2.5,5.7,60,0.00,91,2.48,0.0,13.2,10.1,42
2000-04-19,0.8,2.7,79,1.30,149,0.80,7.0,16.0,10.0,62
2000-04-20,1.0,5.8,78,0.00,353,2.32,0.0,13.4,9.8,51
2000-04-21,0.9,5.2,75,0.10,65,1.46,1.0,14.7,10.5,59
2000-04-22,1.3,3.7,82,4.00,88,1.05,13.0,14.1,10.7,71
2000-04-23,2.5,7.2,84,4.50,21,1.62,12.0,17.6,12.0,63
2000-04-24,2.8,6.6,74,1.90,359,1.89,8.0,23.8,19.9,51
2000-04-25,-0.2,5.2,62,0.00,6,2.70,0.0,15.5,13.2,42
2000-04-26,-0.0,8.1,65,0.00,58,2.95,0.0,9.3,6.6,41
2000-04-27,1.7,8.7,64,0.00,111,2.31,0.0,11.7,5.8,34
2000-04-28,3.9,15.2,73,0.00,239,3.09,0.0,9.6,4.7,28
2000-04-29,4.2,8.0,71,0.10,334,2.31,1.0,16.8,12.7,56
2000-04-30,2.5,7.1,51,0.00,334,3.04,0.0,21.4,17.3,30
2000-05-01,1.9,6.7,72,4.60,230,1.27,10.0,14.4,9.3,50
2000-05-02,2.9,8.6,70,0.40,331,2.76,1.0,21.7,15.0,29
2000-05-03,4.2,13.1,56,0.00,269,3.72,0.0,14.5,8.3,33
2000-05-04,10.5,19.7,60,0.00,193,4.25,0.0,21.7,13.5,35
2000-05-05,12.1,17.3,67,1.90,312,3.86,5.0,14.7,11.1,30
2000-05-06,9.8,15.2,61,0.00,164,2.16,0.0,12.0,7.7,39
2000-05-07,13.9,24.3,85,10.10,214,3.48,8.0,19.3,12.1,53
2000-05-08,13.7,18.2,67,0.50,344,3.98,1.0,17.9,11.8,31
2000-05-09,7.3,13.3,85,12.90,82,0.82,19.0,15.6,12.3,50
2000-05-10,2.6,3.9,99,8.50,115,0.35,21.0,19.4,17.0,96
2000-05-11,6.2,12.0,86,9.60,38,1.81,10.0,19.7,13.9,54
2000-05-12,9.6,16.8,67,0.00,93,4.21,0.0,12.0,7.5,41
2000-05-13,9.8,12.7,82,13.90,133,1.08,11.0,21.7,15.2,64
2000-05-14,11.5,14.5,70,4.30,233,3.42,4.0,19.1,14.6,36
2000-05-15,8.2,12.2,63,0.90,252,3.42,6.0,16.9,10.7,38
2000-05-16,8.1,14.2,64,2.80,239,3.34,4.0,12.8,6.9,34
2000-05-17,8.9,16.6,70,0.00,228,3.88,0.0,17.7,7.9,28
2000-05-18,7.9,12.0,85,20.20,248,0.80,13.0,20.3,11.9,54
2000-05-19,4.8,11.0,49,0.00,343,4.02,0.0,18.7,10.8,32
2000-05-20,8.2,15.0,61,0.00,162,4.22,0.0,8.9,6.2,33
2000-05-21,10.4,16.6,70,0.00,184,3.28,0.0,11.8,8.2,50
2000-05-22,12.0,18.1,77,0.10,177,3.65,1.0,14.5,9.6,49
2000-05-23,11.8,15.1,87,3.90,148,1.84,14.0,14.6,8.7,74
2000-05-24,8.5,12.3,87,11.30,117,0.80,9.0,22.2,18.1,72
2000-05-25,9.6,14.7,96,12.30,134,1.80,15.0,14.9,9.9,79
2000-05-26,9.5,12.2,86,0.70,287,1.59,4.0,22.7,15.5,65
2000-05-27,7.4,9.7,70,0.00,317,2.16,0.0,19.7,17.4,59
2000-05-28,8.4,12.6,70,0.00,350,2.45,0.0,15.3,11.5,54
2000-05-29,9.3,13.8,72,0.00,118,2.68,0.0,7.6,5.2,52
2000-05-30,11.5,17.7,73,0.00,166,3.20,0.0,15.6,9.5,52
2000-05-31,14.0,16.9,78,2.00,200,2.25,3.0,19.1,13.8,69
2000-06-01,14.9,19.4,70,0.00,298,4.72,0.0,15.8,12.4,38
2000-06-02,10.9,15.4,77,6.70,59,1.62,9.0,13.7,9.6,59
2000-06-03,9.3,15.5,76,6.60,323,3.50,10.0,21.2,17.3,46
2000-06-04,8.1,11.6,52,0.00,316,3.31,0.0,12.4,9.1,37
2000-06-05,9.7,15.7,62,0.00,224,4.05,0.0,12.4,5.5,33
2000-06-06,9.7,13.6,78,1.20,146,2.09,5.0,12.8,8.8,61
2000-06-07,10.3,15.6,72,0.00,329,4.15,0.0,17.6,10.1,33
2000-06-08,10.5,15.4,75,6.80,207,1.99,7.0,24.0,12.7,55
2000-06-09,10.8,15.5,70,5.50,303,4.01,5.0,19.3,14.6,36
2000-06-10,8.5,12.7,66,0.00,338,1.49,0.0,10.1,8.6,59
2000-06-11,6.5,11.8,72,2.20,14,2.36,9.0,12.6,8.3,41
2000-06-12,10.6,17.2,64,0.00,55,4.25,0.0,9.2,4.7,37
2000-06-13,12.7,18.6,65,0.00,97,3.97,0.0,9.0,6.8,43
2000-06-14,12.0,15.1,78,0.00,157,2.05,0.0,17.8,11.9,66
2000-06-15,14.1,20.3,88,1.30,169,1.63,5.0,18.9,15.7,81
2000-06-16,19.0,23.3,79,6.50,206,4.08,5.0,22.4,15.3,50
2000-06-17,19.0,20.8,66,0.00,244,4.70,0.0,21.7,16.9,41
2000-06-18,11.0,14.9,59,0.00,300,3.00,0.0,19.9,10.5,50
2000-06-19,13.2,19.0,74,1.70,229,3.47,3.0,13.8,7.9,45
2000-06-20,15.9,22.9,71,0.00,294,4.75,0.0,15.5,9.9,35
2000-06-21,15.2,19.6,83,17.20,165,1.09,11.0,17.7,11.7,64
2000-06-22,17.7,22.4,83,13.30,221,3.84,7.0,18.5,13.6,54
2000-06-23,15.2,19.7,74,7.00,311,4.64,5.0,17.1,12.9,41
2000-06-24,16.5,22.3,65,0.00,224,5.16,0.0,15.2,8.7,42
2000-06-25,16.4,20.4,92,33.90,176,1.10,13.0,19.1,12.8,71
2000-06-26,19.4,24.3,81,0.20,206,4.31,1.0,13.7,8.2,55
2000-06-27,19.3,23.2,76,5.30,236,4.59,7.0,18.4,12.5,39
2000-06-28,16.1,19.5,66,0.10,272,3.82,1.0,14.8,9.1,44
2000-06-29,16.3,19.6,75,2.20,210,3.51,4.0,9.4,5.0,54
2000-06-30,15.5,18.6,91,9.60,20,3.15,17.0,4.2,2.3,72
2000-07-01,16.2,21.3,81,0.30,228,3.76,1.0,14.7,8.2,57
2000-07-02,17.2,21.2,88,12.40,207,2.52,9.0,20.8,14.6,68
2000-07-03,16.1,20.1,79,16.50,341,4.10,9.0,13.7,8.8,46
2000-07-04,17.2,22.4,67,0.00,274,4.29,0.0,12.4,6.3,42
2000-07-05,13.2,18.5,65,0.10,316,2.95,1.0,25.9,19.3,56
2000-07-06,13.4,16.3,64,0.00,322,3.43,0.0,19.2,15.8,49
2000-07-07,12.6,17.0,70,1.20,344,3.58,5.0,16.6,13.1,58
2000-07-08,14.5,20.3,68,0.00,323,4.71,0.0,13.8,11.1,45
2000-07-09,15.1,20.2,78,3.50,217,3.03,6.0,14.1,7.6,51
2000-07-10,15.0,18.7,90,12.50,239,2.45,15.0,21.3,13.3,55
2000-07-11,14.7,17.9,68,0.20,328,3.35,1.0,25.9,18.5,53
2000-07-12,17.0,22.6,65,0.00,328,4.79,0.0,17.3,13.7,37
2000-07-13,18.5,24.7,64,0.00,281,5.07,0.0,8.6,6.7,33
2000-07-14,19.1,23.8,71,0.30,170,4.65,1.0,11.0,7.2,47
2000-07-15,18.7,23.5,78,1.20,132,4.00,3.0,14.3,10.9,54
2000-07-16,16.5,18.4,84,8.70,106,1.82,9.0,20.7,14.8,62
2000-07-17,16.0,19.1,83,1.00,138,2.13,5.0,16.6,13.5,75
2000-07-18,16.4,19.2,95,18.30,200,2.10,18.0,18.6,12.3,86
2000-07-19,12.6,14.0,70,0.00,304,2.47,0.0,19.7,14.4,53
2000-07-20,14.2,18.9,66,0.00,278,3.53,0.0,14.4,8.1,41
2000-07-21,15.3,20.1,79,4.20,247,3.14,5.0,8.4,5.4,59
2000-07-22,14.1,17.1,95,18.20,155,2.55,24.0,8.1,4.9,85
2000-07-23,15.6,21.5,80,0.10,311,3.83,1.0,12.6,8.8,50
2000-07-24,17.9,22.5,71,0.00,307,3.88,0.0,8.2,5.5,49
2000-07-25,19.2,24.3,77,0.00,184,4.29,0.0,7.3,4.0,45
2000-07-26,19.7,24.1,73,0.00,154,4.88,0.0,14.2,9.3,49
2000-07-27,18.7,22.0,77,0.00,151,3.33,0.0,10.7,8.7,58
2000-07-28,19.2,24.2,83,1.00,185,3.80,5.0,8.0,4.0,61
2000-07-29,19.0,24.0,88,1.20,23,3.24,5.0,7.6,4.8,62
2000-07-30,19.7,23.8,78,0.20,118,4.06,1.0,10.4,7.9,58
2000-07-31,19.5,24.3,76,0.00,142,4.02,0.0,13.9,10.5,52
2000-08-01,17.5,20.6,93,12.40,150,1.14,11.0,18.0,12.6,78
2000-08-02,18.5,21.6,96,13.60,170,1.73,19.0,17.3,12.6,85
2000-08-03,19.4,24.0,92,4.40,197,2.46,9.0,15.8,11.2,71
2000-08-04,15.2,18.6,66,0.10,268,2.67,1.0,18.8,14.2,59
2000-08-05,16.3,21.6,67,0.00,306,4.21,0.0,14.3,10.1,42
2000-08-06,17.3,22.1,75,0.00,194,3.58,0.0,13.8,7.9,54
2000-08-07,16.8,18.9,85,0.80,144,1.13,4.0,10.7,9.1,74
2000-08-08,18.1,22.2,93,12.00,250,2.47,15.0,8.6,7.1,74
2000-08-09,16.7,18.4,99,22.50,122,0.79,15.0,20.5,8.7,94
2000-08-10,17.5,22.3,82,3.80,325,3.27,7.0,21.6,15.6,55
2000-08-11,17.1,21.6,80,0.30,89,3.46,2.0,9.6,5.5,57
2000-08-12,18.0,23.0,72,0.00,59,4.35,0.0,9.1,6.7,42
2000-08-13,18.6,23.3,66,0.00,140,4.53,0.0,10.5,6.7,45
2000-08-14,19.1,24.2,71,0.00,234,3.58,0.0,6.8,3.5,45
2000-08-15,19.5,23.8,75,0.00,179,3.90,0.0,15.0,7.8,51
2000-08-16,17.5,20.1,89,18.90,215,1.94,16.0,15.5,13.2,64
2000-08-17,12.7,15.3,74,0.00,313,1.74,0.0,18.4,15.0,67
2000-08-18,13.7,18.6,71,0.10,272,2.79,1.0,9.0,5.8,41
2000-08-19,13.4,17.5,80,2.80,295,2.48,5.0,11.5,6.4,57
2000-08-20,11.3,16.0,88,9.40,331,1.91,20.0,15.8,13.4,71
2000-08-21,13.6,19.5,70,0.00,330,3.68,0.0,15.0,12.1,37
2000-08-22,14.3,19.7,72,0.30,260,2.74,1.0,9.1,7.1,46
2000-08-23,13.7,16.0,91,5.30,154,1.13,8.0,9.7,6.6,80
2000-08-24,14.1,18.0,90,2.90,299,2.08,5.0,13.9,9.3,72
2000-08-25,17.1,24.3,75,1.30,269,3.76,1.0,13.0,9.7,51
2000-08-26,19.3,24.7,71,0.00,236,4.11,0.0,13.6,9.8,47
2000-08-27,16.1,19.7,68,1.50,353,3.47,2.0,16.9,12.0,38
2000-08-28,14.0,19.6,63,0.00,337,3.68,0.0,12.0,7.0,35
2000-08-29,15.4,22.1,74,0.00,166,3.66,0.0,15.2,9.1,49
2000-08-30,17.9,19.4,94,6.40,210,1.05,14.0,13.7,8.8,81
2000-08-31,16.3,21.7,86,0.00,155,2.08,0.0,14.5,8.6,78
2000-09-01,17.1,20.3,86,0.60,298,1.15,3.0,16.9,13.2,70
2000-09-02,12.3,15.4,70,0.20,28,2.10,2.0,13.3,8.9,58
2000-09-03,12.6,17.5,73,1.10,351,2.77,2.0,13.3,6.1,45
2000-09-04,9.9,13.2,73,1.10,345,2.78,4.0,20.7,14.0,43
2000-09-05,7.7,10.5,62,0.00,335,2.40,0.0,16.2,14.3,48
2000-09-06,8.9,15.9,67,0.00,300,3.03,0.0,10.6,7.2,42
2000-09-07,12.3,19.7,72,0.00,203,3.25,0.0,14.9,9.5,48
2000-09-08,15.1,21.6,73,0.00,224,2.62,0.0,19.1,14.1,46
2000-09-09,15.1,20.3,66,0.00,328,3.56,0.0,14.2,10.3,43
2000-09-10,14.6,20.9,72,0.00,149,3.39,0.0,11.8,8.2,48
2000-09-11,14.6,17.6,88,3.60,159,0.94,7.0,14.3,10.9,70
2000-09-12,16.9,18.8,97,4.30,175,0.62,8.0,22.7,15.4,93
2000-09-13,14.5,18.0,75,5.90,289,2.84,5.0,18.5,12.5,38
2000-09-14,12.9,14.4,83,10.50,194,1.03,12.0,13.0,9.8,59
2000-09-15,11.8,12.6,100,26.50,124,0.36,24.0,16.8,13.6,100
2000-09-16,8.6,11.4,93,3.40,247,0.61,15.0,17.3,12.9,79
2000-09-17,8.1,12.3,89,3.10,234,0.71,8.0,15.5,13.6,84
2000-09-18,9.9,14.6,78,1.30,273,2.13,2.0,13.0,10.1,49
2000-09-19,14.0,22.3,79,0.90,180,2.94,3.0,16.7,12.8,59
2000-09-20,16.3,22.0,85,0.00,172,2.89,0.0,18.6,12.9,62
2000-09-21,15.0,17.5,82,4.70,209,1.65,8.0,27.4,18.9,61
2000-09-22,9.5,12.4,61,0.10,293,2.83,1.0,18.5,15.4,42
2000-09-23,8.6,11.0,73,2.00,114,1.19,6.0,12.1,7.5,54
2000-09-24,8.0,8.7,81,3.30,311,1.47,8.0,19.1,12.5,54
2000-09-25,6.0,9.5,59,0.10,304,2.12,1.0,16.9,11.4,49
2000-09-26,6.1,11.7,73,0.00,195,2.11,0.0,12.5,7.8,49
2000-09-27,5.8,8.3,87,3.70,225,0.59,7.0,15.5,11.7,59
2000-09-28,2.3,5.6,54,0.00,342,2.11,0.0,15.5,11.8,35
2000-09-29,3.1,8.7,63,0.00,221,2.00,0.0,16.4,10.0,44
2000-09-30,8.1,15.7,72,0.00,191,1.96,0.0,17.0,14.6,55
2000-10-01,11.3,17.6,84,1.80,183,2.17,4.0,14.8,11.1,63
2000-10-02,12.7,18.6,83,0.00,180,2.36,0.0,19.2,12.9,58
2000-10-03,12.4,14.5,84,2.10,228,1.40,6.0,15.2,11.8,64
2000-10-04,10.0,14.2,68,0.00,267,1.94,0.0,16.9,10.2,42
2000-10-05,6.7,10.2,60,0.00,321,2.01,0.0,12.4,7.5,35
2000-10-06,4.3,6.5,87,13.90,79,0.27,14.0,15.5,9.3,61
2000-10-07,2.8,4.5,90,3.70,349,0.60,14.0,11.7,7.5,77
2000-10-08,2.2,5.7,89,6.30,355,0.97,18.0,11.0,9.3,61
2000-10-09,1.3,5.6,71,0.00,344,1.27,0.0,10.5,9.0,43
2000-10-10,0.5,2.2,79,7.40,332,0.63,17.0,20.8,14.6,62
2000-10-11,3.5,8.7,75,1.80,301,1.54,8.0,27.9,19.3,51
2000-10-12,6.4,15.3,70,0.00,251,2.15,0.0,18.3,12.1,40
2000-10-13,9.7,13.6,68,0.00,279,1.92,0.0,15.2,12.4,57
2000-10-14,10.2,15.0,89,12.20,193,0.74,13.0,13.9,10.5,73
2000-10-15,5.3,12.1,67,2.80,344,1.70,4.0,20.4,15.5,35
2000-10-16,1.1,5.5,61,0.00,56,1.50,0.0,8.4,6.7,39
2000-10-17,1.7,6.0,77,0.00,131,0.75,0.0,6.6,4.6,69
2000-10-18,3.5,5.4,99,7.30,129,0.18,12.0,14.5,10.3,96
2000-10-19,5.4,8.9,85,0.10,316,1.22,1.0,21.9,12.2,43
2000-10-20,5.9,13.6,72,0.00,230,1.84,0.0,19.3,12.8,45
2000-10-21,8.8,10.4,75,3.20,256,1.43,6.0,22.5,16.6,49
2000-10-22,3.2,5.9,54,0.00,335,1.93,0.0,21.2,17.4,39
2000-10-23,2.0,7.6,68,0.00,187,1.31,0.0,12.6,7.7,45
2000-10-24,4.7,12.3,80,0.00,213,0.77,0.0,12.2,8.0,68
2000-10-25,6.8,13.1,77,0.00,298,1.51,0.0,12.8,8.9,41
2000-10-26,8.1,14.3,85,0.00,197,1.27,0.0,11.6,8.8,55
2000-10-27,11.4,15.7,95,3.30,197,0.82,7.0,20.1,13.1,78
2000-10-28,1.4,11.3,54,1.10,339,1.64,1.0,33.4,27.5,42
2000-10-29,-1.9,1.2,52,3.20,350,1.33,10.0,26.7,22.9,43
2000-10-30,1.4,5.7,61,0.10,10,1.40,1.0,18.8,16.5,50
2000-10-31,1.5,7.2,81,0.00,358,1.02,0.0,12.6,11.2,61
2000-11-01,1.4,7.5,80,0.00,350,1.13,0.0,12.4,9.5,51
2000-11-02,1.9,9.1,69,0.00,346,1.29,0.0,12.2,10.1,40
2000-11-03,2.8,9.3,71,0.00,32,1.11,0.0,10.1,6.8,52
2000-11-04,3.4,8.3,83,0.10,184,0.88,1.0,10.3,6.2,62
2000-11-05,2.5,4.0,87,1.40,348,0.61,8.0,21.0,15.6,67
2000-11-06,2.3,5.0,85,1.20,350,0.64,5.0,19.2,15.3,71
2000-11-07,3.5,8.7,86,0.00,356,0.84,0.0,12.1,10.2,67
2000-11-08,2.4,5.3,95,0.40,350,0.32,2.0,9.8,5.2,84
2000-11-09,4.8,8.7,91,1.50,109,0.59,3.0,12.6,5.7,76
2000-11-10,4.4,4.8,98,3.50,123,0.16,10.0,18.8,16.1,94
2000-11-11,3.9,4.4,96,7.40,351,0.25,16.0,20.2,11.3,73
2000-11-12,1.6,3.4,70,0.00,357,1.08,0.0,21.0,18.6,60
2000-11-13,0.0,3.4,83,0.00,39,0.47,0.0,11.9,7.5,71
2000-11-14,3.3,4.5,93,4.60,138,0.23,7.0,16.1,13.2,87
2000-11-15,1.8,4.3,83,8.20,295,0.77,9.0,18.3,12.8,51
2000-11-16,0.6,3.1,64,0.00,285,0.99,0.0,16.1,13.2,55
2000-11-17,0.2,2.4,79,4.80,228,0.64,10.0,19.0,13.4,53
2000-11-18,-3.2,-1.2,58,0.00,289,0.93,0.0,22.9,14.8,45
2000-11-19,-3.2,0.2,71,0.00,201,0.54,0.0,11.3,7.3,55
2000-11-20,-2.9,-0.1,79,0.10,143,0.49,1.0,13.4,9.6,60
2000-11-21,-2.4,-0.1,80,0.90,178,0.47,6.0,10.3,6.6,54
2000-11-22,-4.9,-4.0,74,0.10,318,0.47,1.0,14.0,11.1,60
2000-11-23,-9.5,-6.8,66,0.00,317,0.55,0.0,16.3,13.8,52
2000-11-24,-12.5,-9.2,59,0.00,306,0.46,0.0,11.5,7.3,46
2000-11-25,-8.6,-3.6,66,0.00,168,0.46,0.0,11.6,10.2,55
2000-11-26,-6.0,-2.6,78,7.40,137,0.28,11.0,12.0,8.8,72
2000-11-27,-0.1,1.0,95,5.90,80,0.21,20.0,13.1,8.3,91
2000-11-28,-0.9,0.2,95,0.70,174,0.26,6.0,8.5,6.1,85
2000-11-29,-1.2,1.0,91,0.20,274,0.36,2.0,11.3,6.9,75
2000-11-30,-4.4,-2.0,88,0.20,346,0.28,2.0,13.8,12.1,77
2000-12-01,-8.0,-5.3,80,0.00,328,0.37,0.0,17.4,13.3,62
2000-12-02,-12.3,-10.3,77,0.00,315,0.35,0.0,17.1,14.9,62
2000-12-03,-12.3,-4.3,79,0.00,245,0.37,0.0,10.9,9.4,63
2000-12-04,-5.5,-1.0,82,0.00,219,0.43,0.0,12.2,10.1,65
2000-12-05,-6.5,-3.1,86,2.40,166,0.27,8.0,14.1,12.0,73
2000-12-06,-12.7,-3.7,72,2.60,263,0.33,11.0,22.8,16.0,58
2000-12-07,-17.1,-13.5,77,1.90,318,0.21,10.0,16.0,8.8,60
2000-12-08,-25.6,-20.4,70,0.00,312,0.17,0.0,14.8,7.9,59
2000-12-09,-25.5,-20.0,72,0.00,291,0.16,0.0,9.7,8.1,52
2000-12-10,-20.6,-11.8,74,1.10,157,0.21,4.0,12.2,7.8,65
2000-12-11,-8.5,-7.2,83,1.70,229,0.31,7.0,12.1,8.9,67
2000-12-12,-10.6,-6.9,82,21.90,344,0.20,19.0,28.4,16.7,65
2000-12-13,-22.4,-17.9,69,0.00,280,0.22,0.0,23.7,11.2,57
2000-12-14,-15.6,-10.1,81,8.90,103,0.15,18.0,13.3,8.2,78
2000-12-15,-13.2,-9.7,82,0.00,305,0.25,0.0,15.0,10.3,67
2000-12-16,-11.8,-5.5,80,0.00,141,0.34,0.0,19.0,9.3,64
2000-12-17,0.9,4.6,91,23.90,126,0.26,20.0,25.1,20.1,74
2000-12-18,-4.7,3.6,80,34.70,283,0.40,14.0,33.7,21.3,58
2000-12-19,-16.6,-13.5,75,0.10,322,0.20,1.0,16.9,9.1,64
2000-12-20,-13.5,-11.0,78,3.40,329,0.23,12.0,20.2,13.9,68
2000-12-21,-13.9,-12.1,77,0.00,314,0.23,0.0,19.9,8.7,66
2000-12-22,-13.4,-9.5,81,0.00,128,0.21,0.0,6.0,4.2,71
2000-12-23,-14.5,-11.8,76,0.20,309,0.25,2.0,18.1,13.3,58
2000-12-24,-21.5,-17.8,74,0.00,332,0.16,0.0,11.5,7.4,61
2000-12-25,-21.1,-19.0,71,0.00,332,0.21,0.0,19.2,16.6,58
2000-12-26,-21.0,-16.7,67,0.00,313,0.27,0.0,23.2,20.2,55
2000-12-27,-17.2,-15.3,70,1.20,318,0.26,9.0,18.9,15.9,65
2000-12-28,-11.0,-4.9,78,0.00,323,0.35,0.0,17.4,14.8,72
2000-12-29,-7.6,-5.6,82,0.00,335,0.33,0.0,17.5,15.0,74
2000-12-30,-7.6,-5.6,86,0.00,6,0.27,0.0,13.8,10.5,76
2000-12-31,-6.9,-4.8,82,7.90,355,0.34,15.0,20.6,17.9,78
2001-01-01,-8.1,-4.6,78,0.50,326,0.43,3.0,20.8,17.8,66
2001-01-02,-14.1,-10.5,78,0.00,298,0.29,0.0,13.6,9.6,59
2001-01-03,-15.1,-11.4,78,0.00,261,0.25,0.0,12.0,8.4,65
2001-01-04,-9.6,-6.8,82,1.60,231,0.31,12.0,13.8,11.8,64
2001-01-05,-17.2,-13.1,78,0.00,105,0.19,0.0,13.7,9.4,70
2001-01-06,-10.0,-6.3,83,1.70,106,0.29,11.0,14.3,7.8,72
2001-01-07,-10.6,-8.6,83,0.00,342,0.29,0.0,11.6,9.9,68
2001-01-08,-13.8,-10.0,80,0.00,346,0.27,0.0,10.0,7.5,68
2001-01-09,-16.2,-12.8,77,0.30,328,0.23,3.0,12.2,9.3,57
2001-01-10,-18.2,-15.0,74,0.20,333,0.27,2.0,16.1,11.3,58
2001-01-11,-14.4,-10.0,73,0.40,279,0.38,3.0,25.2,14.2,53
2001-01-12,-16.4,-13.6,73,0.00,329,0.33,0.0,20.1,13.1,59
2001-01-13,-16.7,-10.8,75,0.20,201,0.24,2.0,10.7,7.0,64
2001-01-14,-9.3,-6.5,77,0.00,321,0.38,0.0,16.6,11.9,58
2001-01-15,-15.3,-9.6,74,0.10,64,0.31,1.0,12.3,9.4,52
2001-01-16,-8.4,-5.3,86,4.60,83,0.27,15.0,14.3,7.3,75
2001-01-17,-14.7,-8.4,74,0.00,334,0.30,0.0,15.5,13.0,57
2001-01-18,-20.4,-14.4,74,0.00,166,0.24,0.0,12.4,8.4,62
2001-01-19,-9.4,-3.2,82,0.30,213,0.41,3.0,19.6,10.9,69
2001-01-20,-18.1,-10.9,71,0.00,324,0.35,0.0,20.0,10.1,52
2001-01-21,-19.0,-13.1,73,0.00,336,0.29,0.0,13.9,9.7,57
2001-01-22,-18.7,-13.5,74,0.00,313,0.32,0.0,10.9,8.2,54
2001-01-23,-13.2,-6.6,82,0.00,170,0.26,0.0,14.8,11.8,76
2001-01-24,-5.1,-2.2,86,0.40,234,0.42,2.0,10.5,6.6,69
2001-01-25,-11.8,-6.3,78,0.00,335,0.35,0.0,15.4,11.2,56
2001-01-26,-15.6,-7.8,77,0.00,187,0.41,0.0,11.5,9.6,62
2001-01-27,-10.5,-5.9,82,0.10,350,0.40,1.0,14.1,7.7,67
2001-01-28,-13.6,-8.2,72,0.10,335,0.43,1.0,15.0,11.5,45
2001-01-29,-16.8,-10.0,75,0.00,208,0.30,0.0,13.0,9.3,65
2001-01-30,-9.8,-5.3,83,1.00,318,0.39,3.0,13.7,8.1,71
2001-01-31,-9.8,-6.6,78,7.60,13,0.31,17.0,14.5,10.3,69
2001-02-01,-10.9,-7.4,80,1.80,334,0.41,8.0,9.5,5.4,64
2001-02-02,-11.1,-7.6,83,1.60,151,0.31,6.0,13.4,7.5,72
2001-02-03,-9.6,-7.6,79,2.10,334,0.45,12.0,17.1,11.1,58
2001-02-04,-17.2,-12.7,76,0.00,201,0.29,0.0,10.0,7.2,61
2001-02-05,-12.3,-6.6,81,3.30,111,0.30,11.0,12.2,7.4,72
2001-02-06,-5.7,-2.5,84,7.60,342,0.46,17.0,12.2,9.5,66
2001-02-07,-6.5,-5.8,78,0.10,300,0.50,1.0,17.1,13.0,62
2001-02-08,-10.5,-7.5,76,0.00,324,0.54,0.0,15.6,10.7,63
2001-02-09,-11.3,-5.4,81,8.90,114,0.20,11.0,18.0,11.1,72
2001-02-10,-4.5,5.0,77,11.10,247,0.52,13.0,32.8,24.9,53
2001-02-11,-20.5,-17.3,58,0.00,306,0.45,0.0,27.2,24.5,47
2001-02-12,-20.1,-13.8,66,0.00,286,0.42,0.0,17.6,9.1,46
2001-02-13,-14.1,-7.4,73,0.60,277,0.61,4.0,8.7,6.1,52
2001-02-14,-11.9,-7.4,81,1.90,168,0.27,10.0,10.3,7.8,75
2001-02-15,-8.4,-6.5,73,0.90,327,0.69,5.0,20.5,13.6,47
2001-02-16,-13.2,-7.2,73,0.00,212,0.65,0.0,12.3,7.2,53
2001-02-17,-11.3,-9.8,74,0.40,316,0.51,3.0,23.8,13.2,48
2001-02-18,-18.8,-12.1,67,0.00,257,0.43,0.0,19.6,11.4,55
2001-02-19,-12.2,-6.5,79,3.20,195,0.41,8.0,19.4,14.7,67
2001-02-20,-3.7,-0.3,78,1.90,213,0.90,7.0,20.2,14.0,48
2001-02-21,-10.8,-3.9,68,1.80,293,0.56,6.0,20.4,15.6,46
2001-02-22,-22.5,-18.8,57,0.00,292,0.45,0.0,14.7,10.8,39
2001-02-23,-16.5,-7.8,72,1.80,161,0.46,12.0,13.2,10.0,62
2001-02-24,-15.3,-10.9,60,0.00,320,0.68,0.0,19.8,13.4,34
2001-02-25,-14.4,-7.3,73,11.50,137,0.29,11.0,24.5,15.1,50
2001-02-26,-3.3,-0.3,78,6.10,235,0.73,14.0,23.0,18.7,53
2001-02-27,-11.3,-7.9,69,0.00,313,0.74,0.0,19.0,13.0,45
2001-02-28,-17.1,-13.6,65,0.00,311,0.56,0.0,18.4,11.4,39
2001-03-01,-20.0,-16.0,65,0.00,310,0.46,0.0,11.1,9.1,43
2001-03-02,-18.8,-13.9,67,0.00,38,0.52,0.0,7.1,5.1,49
2001-03-03,-18.7,-11.5,61,0.00,344,0.74,0.0,11.6,6.1,28
2001-03-04,-16.6,-8.4,59,0.00,20,0.84,0.0,9.4,6.6,39
2001-03-05,-11.6,-2.3,69,0.00,32,0.82,0.0,11.6,8.4,49
2001-03-06,-4.1,0.8,72,0.00,19,1.24,0.0,20.2,14.6,44
2001-03-07,-5.4,-0.6,73,0.00,11,1.26,0.0,15.7,10.4,49
2001-03-08,-6.5,-0.9,74,0.00,151,1.20,0.0,11.8,7.2,52
2001-03-09,-4.1,0.4,78,0.60,119,0.85,4.0,7.5,4.9,63
2001-03-10,-4.5,0.5,74,0.00,331,1.18,0.0,18.6,12.2,49
2001-03-11,-4.7,-1.0,82,3.00,248,0.64,8.0,22.3,11.1,70
2001-03-12,-12.0,-5.8,60,0.00,331,1.08,0.0,24.3,14.3,38
2001-03-13,-8.3,-4.4,69,3.70,118,0.61,8.0,19.9,15.1,56
2001-03-14,-4.1,0.5,81,11.50,216,0.72,22.0,20.2,11.5,66
2001-03-15,-3.4,-1.8,66,0.00,281,1.18,0.0,20.6,18.5,51
2001-03-16,-6.7,-3.7,66,0.00,322,1.16,0.0,17.9,14.5,50
2001-03-17,-8.2,-1.9,73,0.00,343,1.21,0.0,17.5,14.7,52
2001-03-18,-5.6,-1.2,75,0.00,339,1.08,0.0,19.1,16.1,57
2001-03-19,-2.5,4.0,74,0.00,338,1.54,0.0,17.7,14.2,49
2001-03-20,-0.3,4.3,78,0.00,305,1.73,0.0,10.9,6.7,51
2001-03-21,0.0,6.4,72,0.00,147,1.82,0.0,13.9,8.3,46
2001-03-22,-0.1,2.0,85,16.60,79,0.50,13.0,17.7,11.5,72
2001-03-23,-1.3,-0.4,87,26.70,9,0.53,24.0,20.6,16.0,74
2001-03-24,-2.1,-0.1,79,0.70,307,1.02,4.0,19.0,15.9,61
2001-03-25,-8.0,-3.8,59,0.00,295,1.29,0.0,20.2,17.6,38
2001-03-26,-9.2,-3.5,63,0.00,275,1.35,0.0,14.2,9.2,36
2001-03-27,-6.5,-0.7,70,0.20,275,1.08,2.0,15.9,11.9,50
2001-03-28,-3.6,-0.5,71,0.20,305,1.27,2.0,18.4,14.0,42
2001-03-29,-4.8,1.1,67,0.00,334,1.48,0.0,8.2,4.8,44
2001-03-30,-2.4,2.7,64,0.00,78,1.65,0.0,14.4,8.6,44
2001-03-31,-1.5,1.8,71,0.00,31,1.30,0.0,12.0,10.3,56
2001-04-01,-1.6,2.3,76,0.20,84,1.44,2.0,9.1,6.3,49
2001-04-02,-2.9,0.9,76,0.00,19,1.23,0.0,9.1,6.2,54
2001-04-03,-2.3,2.2,78,0.00,360,1.40,0.0,11.9,9.1,55
2001-04-04,0.1,7.3,69,0.00,307,2.32,0.0,14.4,9.0,36
2001-04-05,0.0,5.0,65,0.00,309,2.34,0.0,14.5,11.6,33
2001-04-06,-1.5,2.3,73,0.00,9,1.50,0.0,10.1,7.0,50
2001-04-07,-0.7,4.8,71,0.00,63,2.34,0.0,9.9,6.1,42
2001-04-08,-0.3,1.6,78,2.00,145,0.85,8.0,24.5,18.5,71
2001-04-09,2.5,5.3,83,2.10,295,1.32,7.0,14.8,10.5,66
2001-04-10,1.7,6.0,75,0.00,354,2.19,0.0,15.9,13.5,48
2001-04-11,1.6,8.5,73,0.00,32,2.75,0.0,9.9,7.0,48
2001-04-12,1.4,3.1,80,5.60,128,0.71,10.0,25.2,17.8,71
2001-04-13,2.8,5.7,85,3.90,187,1.10,13.0,24.0,16.1,69
2001-04-14,-0.8,3.3,67,0.30,326,2.14,2.0,22.6,18.5,47
2001-04-15,-1.6,4.0,71,0.00,345,2.19,0.0,15.8,13.1,42
2001-04-16,-0.7,5.5,72,0.00,352,2.30,0.0,17.7,13.7,43
2001-04-17,-2.2,0.8,67,0.00,342,2.00,0.0,19.2,15.7,44
2001-04-18,-4.1,0.7,68,0.00,349,1.91,0.0,19.2,16.2,46
2001-04-19,-2.5,3.9,66,0.00,312,2.43,0.0,14.6,11.5,39
2001-04-20,1.7,9.7,64,0.00,233,2.94,0.0,13.5,9.1,39
2001-04-21,3.7,11.7,69,0.00,166,2.93,0.0,15.0,9.7,49
2001-04-22,5.7,8.4,87,2.10,213,1.04,5.0,21.4,16.4,69
2001-04-23,2.2,8.9,74,0.00,337,2.55,0.0,17.4,11.9,49
2001-04-24,8.0,13.7,82,1.30,205,1.95,8.0,19.5,15.8,58
2001-04-25,0.5,5.3,60,0.30,315,2.83,3.0,19.1,14.2,33
2001-04-26,3.3,10.5,65,0.00,186,3.15,0.0,19.4,11.9,42
2001-04-27,3.7,6.3,72,3.60,261,2.22,7.0,18.6,12.9,51
2001-04-28,-1.4,3.5,62,0.00,336,2.48,0.0,21.2,18.1,38
2001-04-29,0.1,9.2,65,0.00,304,2.93,0.0,14.5,10.0,38
2001-04-30,5.1,10.9,71,1.30,218,2.55,6.0,11.2,7.5,57
2001-05-01,8.0,18.8,72,0.00,209,3.93,0.0,11.1,5.5,40
2001-05-02,10.4,21.0,70,0.00,251,4.15,0.0,11.2,6.2,45
2001-05-03,13.0,21.3,75,0.30,263,3.36,2.0,11.4,8.6,56
2001-05-04,9.5,14.3,72,0.00,309,2.70,0.0,16.4,11.4,46
2001-05-05,4.5,8.6,61,0.00,336,2.28,0.0,19.8,16.1,43
2001-05-06,6.2,14.3,53,0.00,343,4.15,0.0,14.1,7.4,30
2001-05-07,9.9,18.6,55,0.00,203,4.53,0.0,12.7,7.7,33
2001-05-08,12.2,19.7,55,0.00,175,4.89,0.0,17.3,11.7,30
2001-05-09,13.4,20.7,61,0.00,225,3.93,0.0,11.7,7.7,31
2001-05-10,14.6,22.7,60,0.00,225,4.86,0.0,12.3,5.6,26
2001-05-11,15.4,23.1,63,0.20,200,4.45,1.0,18.7,9.5,39
2001-05-12,9.5,16.3,92,9.60,337,0.83,15.0,19.5,13.4,76
2001-05-13,6.1,13.7,57,1.00,335,3.97,2.0,18.4,16.5,26
2001-05-14,8.4,14.2,55,0.00,337,4.16,0.0,19.8,12.7,24
2001-05-15,6.7,10.6,56,0.00,358,2.40,0.0,17.3,15.4,36
2001-05-16,9.0,13.9,75,0.00,108,2.61,0.0,13.1,10.1,53
2001-05-17,9.7,15.7,74,0.00,133,2.78,0.0,10.7,8.5,48
2001-05-18,10.5,15.7,79,4.90,150,2.43,8.0,18.6,10.9,58
2001-05-19,12.3,17.6,87,5.80,73,3.26,18.0,7.4,5.0,63
2001-05-20,13.6,19.8,70,0.00,181,3.85,0.0,9.8,5.6,40
2001-05-21,14.9,21.1,63,0.00,150,4.38,0.0,13.2,9.2,39
2001-05-22,15.3,21.8,58,0.00,129,5.16,0.0,16.8,11.4,31
2001-05-23,15.9,21.8,59,0.00,134,4.73,0.0,16.2,12.2,35
2001-05-24,16.8,23.1,63,0.00,103,4.94,0.0,16.1,9.6,38
2001-05-25,16.7,23.0,52,0.00,127,5.64,0.0,14.2,11.1,31
2001-05-26,17.0,22.9,59,0.00,158,4.88,0.0,13.3,10.2,44
2001-05-27,14.8,18.7,88,9.10,159,1.56,17.0,14.1,9.6,67
2001-05-28,12.6,17.3,91,2.80,130,2.04,13.0,13.9,10.2,74
2001-05-29,12.0,15.0,81,1.20,286,2.55,7.0,17.4,11.8,61
2001-05-30,5.0,9.0,86,9.80,315,1.18,19.0,20.6,15.4,62
2001-05-31,7.5,14.8,68,1.40,330,3.56,7.0,27.2,21.4,31
2001-06-01,11.4,18.4,53,0.00,319,4.89,0.0,14.3,9.3,31
2001-06-02,10.2,13.7,84,8.10,132,0.89,12.0,17.6,15.5,56
2001-06-03,9.1,10.9,96,7.10,106,0.80,13.0,14.0,11.9,90
2001-06-04,11.3,13.6,98,11.50,357,1.21,23.0,14.5,6.4,90
2001-06-05,10.8,11.9,91,0.40,303,0.93,4.0,16.6,14.7,80
2001-06-06,11.8,16.9,75,0.00,320,2.17,0.0,19.4,14.6,50
2001-06-07,13.8,20.2,59,0.00,329,5.10,0.0,13.4,10.6,32
2001-06-08,14.3,20.1,51,0.00,336,5.11,0.0,17.4,13.6,26
2001-06-09,14.4,20.9,57,1.10,319,4.69,1.0,14.8,9.8,39
2001-06-10,15.6,20.2,71,2.70,313,3.98,6.0,7.9,4.8,53
2001-06-11,16.6,22.7,75,0.80,167,3.96,2.0,13.4,9.0,39
2001-06-12,16.4,20.5,75,0.00,152,3.57,0.0,13.9,7.6,51
2001-06-13,17.9,23.7,69,0.00,297,4.71,0.0,11.5,9.8,34
2001-06-14,20.0,29.1,61,0.00,144,5.77,0.0,13.3,7.6,40
2001-06-15,24.8,32.0,63,0.00,215,6.29,0.0,13.5,9.0,36
2001-06-16,24.1,30.0,69,1.90,185,5.25,3.0,19.1,10.3,47
2001-06-17,21.1,24.3,71,0.60,290,3.76,3.0,9.2,7.0,33
2001-06-18,18.3,22.5,49,0.00,303,5.67,0.0,15.6,11.7,28
2001-06-19,18.3,27.9,72,11.90,194,4.01,10.0,25.9,13.5,43
2001-06-20,19.4,24.4,52,0.00,283,4.79,0.0,21.2,14.7,33
2001-06-21,16.8,21.4,54,0.00,52,4.28,0.0,9.2,5.8,37
2001-06-22,14.1,18.9,86,17.50,120,0.91,14.0,21.3,14.1,59
2001-06-23,15.9,18.2,88,4.80,202,1.72,9.0,17.0,10.7,63
2001-06-24,17.2,23.2,74,3.30,328,4.00,5.0,9.2,5.9,42
2001-06-25,20.4,25.9,65,0.00,299,4.90,0.0,11.9,9.1,44
2001-06-26,22.6,29.7,68,0.00,251,6.01,0.0,17.2,9.3,40
2001-06-27,23.2,27.3,63,0.30,276,5.42,2.0,17.1,13.0,54
2001-06-28,17.6,23.8,44,0.00,339,6.27,0.0,19.0,16.7,31
2001-06-29,15.1,19.4,62,0.70,227,2.49,2.0,17.4,8.9,42
2001-06-30,19.7,22.3,78,4.00,252,2.95,5.0,21.6,14.4,69
2001-07-01,17.9,21.6,89,10.90,237,2.75,8.0,18.5,10.3,68
2001-07-02,11.4,18.3,63,2.80,295,4.35,4.0,29.8,23.3,29
2001-07-03,14.4,18.2,58,0.20,233,3.84,2.0,20.4,12.4,43
2001-07-04,15.2,19.5,76,1.50,175,2.88,5.0,18.3,11.5,63
2001-07-05,16.4,19.3,80,8.30,208,3.79,9.0,17.9,13.4,45
2001-07-06,12.3,15.3,71,5.00,270,3.07,9.0,15.8,10.4,62
2001-07-07,14.8,19.7,76,0.80,227,3.11,5.0,13.3,10.3,49
2001-07-08,16.5,19.6,80,3.50,192,2.28,10.0,12.9,10.7,71
2001-07-09,17.9,22.9,86,10.80,197,3.68,8.0,10.1,6.0,63
2001-07-10,16.5,19.5,91,9.00,310,2.66,11.0,6.4,4.2,65
2001-07-11,15.4,18.5,87,6.20,7,2.68,7.0,7.9,4.4,71
2001-07-12,13.5,15.6,95,15.50,294,1.41,18.0,16.5,11.6,83
2001-07-13,13.3,16.0,86,1.40,284,1.60,6.0,17.5,15.2,74
2001-07-14,14.2,18.8,90,8.20,313,2.34,16.0,15.8,10.6,70
2001-07-15,15.1,18.2,76,0.10,321,2.61,1.0,13.8,11.0,60
2001-07-16,16.3,20.8,82,5.90,331,3.30,7.0,9.3,5.0,62
2001-07-17,14.9,18.7,93,15.60,17,2.51,13.0,5.2,3.1,71
2001-07-18,16.2,21.1,82,0.90,57,3.34,5.0,6.2,4.1,57
2001-07-19,19.0,24.4,71,0.00,136,5.00,0.0,8.0,4.0,41
2001-07-20,20.0,26.1,67,0.00,223,5.18,0.0,11.9,6.8,41
2001-07-21,20.5,26.0,75,2.40,213,4.38,2.0,12.5,8.8,55
2001-07-22,20.9,24.3,84,4.70,226,2.68,8.0,13.1,10.3,71
2001-07-23,21.9,27.9,84,4.20,206,4.27,7.0,15.4,8.4,61
2001-07-24,23.0,26.2,83,8.80,235,3.17,8.0,19.9,14.2,59
2001-07-25,17.9,22.3,74,0.70,316,3.04,2.0,17.1,12.5,54
2001-07-26,13.0,16.7,56,0.00,330,3.73,0.0,18.4,15.4,41
2001-07-27,12.6,16.3,62,0.00,326,3.50,0.0,15.1,12.5,44
2001-07-28,15.2,20.1,61,0.00,295,3.65,0.0,9.9,7.8,40
2001-07-29,17.2,22.9,66,0.00,242,3.84,0.0,8.5,5.6,39
2001-07-30,18.7,23.5,65,0.00,200,3.82,0.0,8.3,3.8,40
2001-07-31,19.7,25.7,70,0.00,331,4.23,0.0,5.2,2.7,39
2001-08-01,21.3,28.3,67,0.00,218,4.94,0.0,13.6,6.4,36
2001-08-02,22.2,27.7,66,3.20,220,4.01,4.0,15.2,12.4,54
2001-08-03,20.6,24.8,74,2.80,335,4.80,2.0,14.1,12.2,40
2001-08-04,19.1,24.9,63,0.00,23,4.96,0.0,9.7,6.0,38
2001-08-05,21.7,29.0,62,0.00,208,4.96,0.0,12.0,7.5,35
2001-08-06,24.0,29.2,60,0.00,214,4.60,0.0,19.0,11.3,38
2001-08-07,22.6,27.1,74,7.10,305,4.78,6.0,17.4,11.2,36
2001-08-08,20.0,23.8,80,3.80,265,2.85,7.0,10.2,6.5,59
2001-08-09,23.3,30.4,77,0.00,196,4.68,0.0,16.5,9.8,44
2001-08-10,22.5,27.4,65,4.20,261,4.41,3.0,21.9,17.5,47
2001-08-11,16.6,21.3,60,0.00,317,4.31,0.0,13.5,8.0,40
2001-08-12,18.4,24.5,67,0.10,145,4.23,1.0,13.7,9.5,48
2001-08-13,18.7,23.5,81,0.10,294,3.12,1.0,18.4,8.4,53
2001-08-14,16.2,20.1,65,0.00,315,3.31,0.0,8.6,6.3,41
2001-08-15,18.0,24.8,65,0.00,200,4.55,0.0,17.1,9.0,30
2001-08-16,19.4,25.6,59,0.00,187,4.22,0.0,14.5,11.0,41
2001-08-17,18.5,21.4,85,19.00,168,1.50,16.0,16.8,9.8,62
2001-08-18,17.7,21.4,86,2.60,260,2.65,8.0,14.7,10.9,66
2001-08-19,18.0,23.3,71,0.00,337,3.76,0.0,12.1,7.8,40
2001-08-20,16.4,18.8,86,17.70,83,1.90,18.0,13.4,9.8,69
2001-08-21,17.1,19.7,96,21.20,136,2.11,22.0,13.2,8.0,85
2001-08-22,18.2,23.9,81,0.10,278,3.26,1.0,9.2,5.9,43
2001-08-23,18.0,19.9,80,8.40,285,2.10,8.0,12.4,8.1,69
2001-08-24,13.7,17.4,57,0.00,358,4.29,0.0,18.0,15.0,41
2001-08-25,13.9,20.4,66,0.00,130,3.97,0.0,12.4,6.8,42
2001-08-26,15.1,19.6,82,26.50,180,1.65,8.0,13.9,9.6,69
2001-08-27,16.5,21.8,83,24.50,342,3.38,6.0,14.0,9.7,47
2001-08-28,15.6,18.2,92,14.90,202,1.35,15.0,10.5,7.2,80
2001-08-29,12.9,15.5,70,0.00,325,2.31,0.0,15.8,11.7,48
2001-08-30,13.3,19.3,72,0.00,204,3.37,0.0,18.8,9.7,51
2001-08-31,15.9,19.4,89,5.00,195,1.12,10.0,17.4,12.5,77
2001-09-01,12.6,16.3,71,1.70,327,2.82,3.0,20.9,15.8,49
2001-09-02,11.0,15.3,65,0.00,294,2.70,0.0,12.6,9.1,46
2001-09-03,13.5,19.5,76,1.10,184,2.31,5.0,20.9,14.8,66
2001-09-04,15.5,17.9,83,10.70,252,1.67,11.0,18.0,13.3,62
2001-09-05,11.8,15.9,59,0.00,341,3.62,0.0,16.3,13.1,42
2001-09-06,13.0,19.9,76,0.70,249,2.22,2.0,11.0,8.0,59
2001-09-07,16.6,23.7,77,0.00,195,3.44,0.0,14.6,9.5,53
2001-09-08,20.9,27.5,77,2.30,202,3.60,2.0,15.8,11.9,60
2001-09-09,22.1,26.0,81,0.00,197,2.68,0.0,13.6,11.9,66
2001-09-10,20.0,23.3,85,3.60,188,2.44,3.0,23.1,14.6,64
2001-09-11,14.5,18.1,65,0.20,283,2.94,1.0,21.3,14.1,39
2001-09-12,12.4,16.3,73,0.10,283,2.45,1.0,12.7,8.4,48
2001-09-13,12.0,13.3,77,8.90,264,1.89,7.0,18.8,15.7,52
2001-09-14,9.2,12.2,65,0.00,321,2.47,0.0,16.9,12.5,48
2001-09-15,8.9,14.3,67,0.00,294,2.22,0.0,13.8,9.7,44
2001-09-16,12.4,18.1,71,0.10,256,2.51,1.0,15.5,10.9,49
2001-09-17,14.1,19.9,70,0.00,232,3.04,0.0,16.3,9.7,47
2001-09-18,13.5,15.2,72,0.00,341,2.29,0.0,11.5,9.9,51
2001-09-19,10.5,16.2,68,0.00,71,2.82,0.0,12.1,9.6,49
2001-09-20,12.1,14.4,88,6.50,136,0.76,16.0,17.1,14.7,72
2001-09-21,15.1,19.0,95,22.80,152,1.52,19.0,17.1,13.9,82
2001-09-22,14.2,16.2,97,9.10,158,0.98,9.0,14.1,9.6,91
2001-09-23,14.0,17.9,87,0.20,289,1.78,1.0,10.7,6.4,56
2001-09-24,15.1,20.6,83,0.00,143,2.31,0.0,18.9,11.2,58
2001-09-25,14.0,16.8,98,33.70,107,0.29,23.0,23.1,16.0,77
2001-09-26,14.2,16.4,84,2.20,164,1.74,8.0,18.3,8.5,52
2001-09-27,11.1,13.8,72,0.30,269,1.30,2.0,9.7,6.1,59
2001-09-28,9.2,13.4,76,1.70,18,2.24,5.0,13.3,10.0,45
2001-09-29,8.6,13.4,68,0.00,3,2.32,0.0,12.2,8.5,44
2001-09-30,9.3,16.4,71,0.00,182,2.44,0.0,12.0,5.9,41
2001-10-01,10.8,17.7,79,0.00,243,2.03,0.0,10.4,5.3,58
2001-10-02,12.3,16.3,74,0.00,287,2.36,0.0,16.6,10.6,39
2001-10-03,9.5,11.2,81,3.40,101,0.74,9.0,12.1,6.9,62
2001-10-04,13.3,18.1,86,2.40,208,1.78,9.0,17.6,13.8,62
2001-10-05,10.8,13.0,77,1.90,225,1.06,8.0,13.3,9.3,62
2001-10-06,5.8,8.5,94,29.60,334,0.56,20.0,24.5,14.3,67
2001-10-07,3.9,6.4,73,1.20,323,1.40,7.0,14.4,10.0,45
2001-10-08,2.9,6.4,59,0.00,315,1.91,0.0,22.5,16.3,34
2001-10-09,3.2,9.0,65,0.00,225,1.73,0.0,13.2,9.1,47
2001-10-10,7.9,14.0,75,0.40,185,1.12,3.0,13.7,9.8,66
2001-10-11,10.9,17.2,79,0.00,181,1.77,0.0,18.8,14.3,56
2001-10-12,12.3,15.2,75,0.30,288,1.59,1.0,15.6,8.4,52
2001-10-13,11.0,16.1,79,3.90,117,1.37,10.0,17.6,13.2,66
2001-10-14,12.9,18.0,77,0.00,140,2.10,0.0,22.4,17.9,57
2001-10-15,12.6,15.3,78,8.70,194,1.85,10.0,23.4,16.5,41
2001-10-16,9.0,12.6,70,0.00,187,1.68,0.0,14.0,10.1,50
2001-10-17,7.6,9.1,82,13.70,141,1.01,12.0,17.9,15.1,64
2001-10-18,2.9,5.5,73,2.80,278,1.33,10.0,24.7,19.4,48
2001-10-19,3.2,9.4,75,0.10,181,1.23,1.0,13.4,11.3,58
2001-10-20,7.4,11.2,77,1.90,210,1.34,9.0,13.8,9.9,40
2001-10-21,7.3,12.8,77,0.50,198,1.37,3.0,16.7,11.6,54
2001-10-22,5.5,7.9,74,0.00,287,1.31,0.0,17.4,11.3,38
2001-10-23,3.9,6.1,84,8.70,133,0.48,7.0,24.7,9.8,63
2001-10-24,9.6,11.8,89,3.10,210,0.80,6.0,23.4,11.3,65
2001-10-25,8.7,11.6,88,13.80,139,0.44,7.0,23.0,14.8,74
2001-10-26,3.9,6.8,79,2.40,201,0.92,9.0,22.2,16.5,74
2001-10-27,1.9,4.8,87,1.50,289,0.89,9.0,20.7,13.4,57
2001-10-28,-0.0,2.6,62,0.00,317,1.21,0.0,19.2,11.6,50
2001-10-29,1.1,6.7,76,0.00,203,0.88,0.0,13.0,10.5,64
2001-10-30,1.0,3.2,59,0.00,323,1.29,0.0,22.7,15.6,45
2001-10-31,-1.9,1.0,69,0.70,230,0.65,3.0,9.7,6.5,50
2001-11-01,0.3,4.2,93,5.00,142,0.36,11.0,15.2,12.4,82
2001-11-02,8.0,10.9,96,9.30,188,0.36,12.0,16.3,14.4,90
2001-11-03,7.4,9.9,84,1.00,260,0.90,3.0,14.2,12.2,59
2001-11-04,3.8,5.7,74,0.50,244,0.68,2.0,9.4,6.5,57
2001-11-05,2.0,5.0,84,3.70,10,0.87,12.0,22.1,14.3,52
2001-11-06,1.2,5.1,72,0.00,337,1.16,0.0,16.8,15.4,55
2001-11-07,1.6,4.7,72,0.00,330,1.12,0.0,30.7,19.9,51
2001-11-08,-1.2,0.9,67,4.30,356,0.81,4.0,21.4,11.8,56
2001-11-09,-0.4,1.6,82,6.80,300,0.77,9.0,27.9,18.7,59
2001-11-10,-4.2,-2.1,83,2.70,298,0.35,8.0,14.3,6.6,76
2001-11-11,-4.2,-2.9,79,0.80,330,0.63,5.0,18.7,13.9,55
2001-11-12,-5.9,-2.9,74,0.40,298,0.57,3.0,21.5,12.1,57
2001-11-13,-7.9,-2.1,80,0.30,261,0.51,2.0,12.9,8.8,64
2001-11-14,-0.8,2.9,92,0.20,167,0.28,2.0,10.8,8.8,87
2001-11-15,2.6,6.2,98,0.00,197,0.29,0.0,16.5,9.1,96
2001-11-16,3.7,8.2,79,2.40,299,0.77,7.0,24.2,18.4,43
2001-11-17,-3.3,-0.5,52,0.00,314,0.97,0.0,15.0,8.5,41
2001-11-18,-0.3,4.5,78,0.00,177,0.49,0.0,12.2,9.7,61
2001-11-19,4.0,9.0,92,0.00,173,0.60,0.0,16.9,12.8,70
2001-11-20,1.7,7.2,73,6.50,281,0.84,11.0,21.8,17.1,41
2001-11-21,-2.7,0.2,62,0.00,248,0.80,0.0,13.7,10.3,52
2001-11-22,-0.7,2.2,86,2.20,157,0.35,13.0,12.4,7.7,77
2001-11-23,-1.0,2.5,84,0.00,103,0.42,0.0,15.5,10.3,75
2001-11-24,0.7,5.2,89,0.00,146,0.47,0.0,15.3,12.6,74
2001-11-25,6.4,10.7,94,5.40,151,0.38,7.0,21.8,18.1,79
2001-11-26,8.2,9.5,94,3.10,221,0.39,9.0,21.8,12.0,81
2001-11-27,-1.1,5.3,65,1.10,360,0.78,3.0,16.5,13.0,54
2001-11-28,-4.1,-3.1,77,4.80,2,0.50,8.0,19.1,13.3,58
2001-11-29,-7.9,-5.3,75,14.90,83,0.27,10.0,19.8,11.2,60
2001-11-30,-3.5,0.1,90,7.90,56,0.24,10.0,12.2,7.7,81
2001-12-01,2.4,4.8,92,1.40,200,0.32,6.0,20.7,15.4,79
2001-12-02,0.5,2.7,89,0.20,257,0.37,2.0,12.2,8.0,75
2001-12-03,-2.1,1.8,93,1.90,210,0.19,4.0,14.6,9.7,90
2001-12-04,0.2,1.9,91,0.00,290,0.29,0.0,13.6,8.7,81
2001-12-05,1.1,3.4,93,7.40,183,0.34,4.0,13.4,7.4,87
2001-12-06,5.9,9.6,81,4.90,209,1.02,8.0,25.8,18.6,37
2001-12-07,0.4,4.8,51,0.00,279,1.48,0.0,25.2,19.7,42
2001-12-08,-4.3,-2.9,52,0.00,324,0.92,0.0,19.5,11.8,45
2001-12-09,-4.4,-0.8,62,0.00,168,0.50,0.0,6.5,4.1,44
2001-12-10,-3.0,2.0,80,0.00,192,0.47,0.0,18.1,12.1,68
2001-12-11,-0.4,3.0,80,0.00,247,0.51,0.0,14.8,10.8,54
2001-12-12,-4.0,-1.4,52,0.00,92,0.79,0.0,14.3,10.2,44
2001-12-13,-1.4,1.2,80,7.80,153,0.40,12.0,15.0,13.8,52
2001-12-14,0.4,3.9,82,0.20,280,0.49,1.0,16.9,13.6,56
2001-12-15,-6.3,-3.5,58,0.00,346,0.79,0.0,19.8,16.8,51
2001-12-16,-9.1,-5.2,65,0.00,334,0.57,0.0,17.8,13.5,56
2001-12-17,-7.6,-4.4,68,0.10,105,0.31,1.0,9.7,6.3,59
2001-12-18,-4.7,-3.2,78,1.60,352,0.31,6.0,12.9,8.3,68
2001-12-19,-4.3,-2.1,75,0.00,308,0.41,0.0,14.6,11.1,66
2001-12-20,-3.8,-2.6,81,4.50,45,0.25,18.0,14.0,6.7,72
2001-12-21,-6.3,-4.3,74,0.30,337,0.49,3.0,20.3,16.4,61
2001-12-22,-10.5,-8.2,69,0.00,329,0.48,0.0,19.2,14.9,59
2001-12-23,-11.0,-5.9,72,0.30,33,0.35,2.0,10.6,7.1,55
2001-12-24,-3.5,-1.1,80,3.00,138,0.35,13.0,15.3,9.6,61
2001-12-25,-6.6,-2.9,84,0.30,232,0.33,2.0,10.7,6.7,61
2001-12-26,-6.5,-3.3,85,0.60,173,0.29,3.0,10.5,7.8,66
2001-12-27,-8.1,-5.4,82,1.00,205,0.29,6.0,9.8,6.6,59
2001-12-28,-12.2,-6.7,79,0.00,250,0.31,0.0,11.1,8.6,64
2001-12-29,-11.1,-7.7,78,0.00,245,0.33,0.0,19.5,11.5,57
2001-12-30,-10.1,-8.3,69,0.50,242,0.43,5.0,15.7,12.6,53
2001-12-31,-12.1,-9.5,68,0.00,262,0.34,0.0,16.6,10.6,54
2002-01-01,-14.1,-11.2,72,0.00,289,0.31,0.0,17.8,11.7,59
2002-01-02,-9.1,-7.3,69,0.00,285,0.49,0.0,20.3,15.3,58
2002-01-03,-9.1,-7.5,66,0.00,276,0.55,0.0,21.7,15.4,49
2002-01-04,-14.3,-9.8,65,0.00,292,0.41,0.0,17.0,10.2,52
2002-01-05,-8.9,-5.0,83,0.00,225,0.26,0.0,9.0,4.2,69
2002-01-06,-3.3,-0.1,91,1.70,185,0.28,7.0,11.7,9.3,81
2002-01-07,-9.6,-2.3,70,0.00,352,0.47,0.0,21.0,16.5,50
2002-01-08,-13.1,-5.3,70,0.00,237,0.41,0.0,12.3,8.7,57
2002-01-09,-4.8,-2.7,90,0.80,185,0.21,5.0,13.0,11.2,83
2002-01-10,-2.0,1.7,88,4.80,271,0.44,13.0,15.0,9.2,68
2002-01-11,-2.7,-0.4,86,2.20,312,0.28,10.0,11.2,6.1,78
2002-01-12,-7.6,-4.4,78,0.00,296,0.38,0.0,15.5,9.8,60
2002-01-13,-4.8,-2.1,89,3.00,137,0.25,16.0,14.6,11.4,83
2002-01-14,-10.2,-2.4,72,1.10,319,0.44,4.0,23.5,14.9,53
2002-01-15,-11.6,-8.3,74,4.00,100,0.25,11.0,12.8,8.8,63
2002-01-16,-10.4,-8.6,79,2.00,311,0.35,7.0,16.0,10.0,58
2002-01-17,-13.9,-7.7,80,2.60,104,0.21,10.0,9.3,6.0,72
2002-01-18,-11.2,-6.5,81,0.30,307,0.33,3.0,10.7,6.6,57
2002-01-19,-17.3,-11.6,77,0.00,273,0.30,0.0,13.9,9.4,60
2002-01-20,-10.3,-4.2,81,0.60,198,0.39,4.0,16.9,11.1,61
2002-01-21,-8.0,-3.0,87,2.20,157,0.27,8.0,15.5,9.1,80
2002-01-22,-6.4,-4.3,78,1.10,313,0.48,4.0,18.7,11.4,53
2002-01-23,-6.6,2.3,82,0.30,167,0.49,2.0,14.8,11.8,68
2002-01-24,-4.9,-0.9,82,0.00,340,0.37,0.0,15.1,12.2,63
2002-01-25,-15.0,-7.8,76,0.60,301,0.33,3.0,18.0,9.8,62
2002-01-26,-10.3,-4.3,77,3.70,324,0.46,7.0,17.6,9.0,59
2002-01-27,-10.1,-6.0,81,3.30,91,0.30,11.0,8.6,6.1,76
2002-01-28,-5.7,1.1,88,0.00,160,0.41,0.0,9.4,7.1,75
2002-01-29,-9.8,-1.8,76,0.30,353,0.32,3.0,16.0,13.8,58
2002-01-30,-16.6,-13.9,67,0.00,344,0.33,0.0,14.4,11.3,46
2002-01-31,-19.3,-16.0,63,0.00,339,0.28,0.0,13.2,9.2,49
2002-02-01,-13.2,-9.6,78,16.20,99,0.19,19.0,19.9,12.2,65
2002-02-02,-14.8,-6.3,65,1.20,306,0.51,5.0,26.2,19.5,46
2002-02-03,-20.0,-13.0,74,2.60,118,0.23,9.0,12.8,8.8,63
2002-02-04,-10.7,-8.3,80,4.30,25,0.37,18.0,16.7,10.5,64
2002-02-05,-17.7,-12.4,71,0.00,311,0.38,0.0,16.8,11.4,48
2002-02-06,-17.6,-12.9,69,0.00,300,0.40,0.0,17.6,11.5,55
2002-02-07,-12.0,-6.0,83,1.70,140,0.26,9.0,14.1,9.7,80
2002-02-08,-9.1,-5.8,75,1.90,309,0.53,5.0,17.9,12.5,55
2002-02-09,-16.3,-9.7,64,0.00,329,0.51,0.0,14.8,11.0,33
2002-02-10,-12.2,-3.7,67,4.10,148,0.43,5.0,15.4,10.2,56
2002-02-11,-15.8,-4.2,63,6.80,349,0.45,7.0,27.6,20.3,39
2002-02-12,-17.3,-4.2,68,1.30,165,0.41,8.0,19.0,13.2,57
2002-02-13,-13.3,-3.1,63,1.10,294,0.53,6.0,20.7,17.2,45
2002-02-14,-17.3,-4.8,73,2.10,198,0.36,10.0,15.1,11.0,67
2002-02-15,-1.9,0.8,74,0.00,198,0.85,0.0,17.4,15.3,58
2002-02-16,-0.2,1.6,82,2.30,215,0.85,11.0,16.2,12.7,62
2002-02-17,-8.6,-3.0,76,0.00,353,0.60,0.0,18.1,14.1,46
2002-02-18,-13.5,-6.2,66,0.00,347,0.81,0.0,17.7,10.9,41
2002-02-19,-9.9,-1.2,74,0.00,190,0.88,0.0,10.8,4.9,54
2002-02-20,-3.4,-0.8,90,6.40,120,0.33,12.0,17.3,8.3,84
2002-02-21,0.6,2.2,92,8.40,132,0.33,17.0,17.7,11.7,87
2002-02-22,-2.4,1.0,83,3.80,341,0.65,16.0,16.5,11.7,63
2002-02-23,-10.5,-6.0,74,0.00,329,0.75,0.0,14.7,11.2,53
2002-02-24,-12.5,-6.1,75,0.00,191,0.54,0.0,12.2,6.9,58
2002-02-25,-3.9,1.2,82,5.10,138,0.60,9.0,15.6,8.9,67
2002-02-26,0.5,5.4,84,3.20,128,0.89,12.0,18.8,10.0,66
2002-02-27,0.1,3.5,76,5.00,184,0.99,9.0,20.1,14.6,46
2002-02-28,-8.8,-3.0,67,0.00,298,0.82,0.0,25.1,18.4,44
2002-03-01,-8.0,-1.5,70,0.40,222,0.86,2.0,21.7,14.4,47
2002-03-02,-10.4,-5.4,74,0.20,77,0.56,2.0,14.0,8.8,54
2002-03-03,-0.1,4.1,89,19.00,153,0.43,14.0,21.5,18.3,73
2002-03-04,-10.4,2.2,59,0.60,265,0.84,3.0,20.1,16.8,37
2002-03-05,-15.3,-7.5,62,0.00,252,0.81,0.0,20.4,11.5,39
2002-03-06,-10.5,-4.5,69,0.20,226,0.77,1.0,17.3,10.5,48
2002-03-07,-10.0,-6.3,67,0.00,290,0.97,0.0,12.9,9.5,41
2002-03-08,-10.8,-6.7,70,1.80,66,0.54,8.0,18.0,9.3,52
2002-03-09,0.3,6.1,85,6.90,141,0.91,16.0,20.0,14.1,73
2002-03-10,-0.6,7.1,69,7.60,209,1.17,8.0,30.1,25.0,44
2002-03-11,-11.9,-7.3,54,0.00,270,1.07,0.0,25.1,19.9,41
2002-03-12,-7.8,-1.7,74,2.90,235,0.76,11.0,11.2,8.4,60
2002-03-13,-4.2,3.6,81,0.00,149,1.01,0.0,20.1,12.1,61
2002-03-14,-2.0,2.1,68,1.50,295,1.27,5.0,23.0,17.3,42
2002-03-15,-10.7,-8.5,73,4.90,43,0.43,12.0,14.3,11.4,68
2002-03-16,-8.6,-4.5,72,4.80,352,1.01,7.0,18.7,13.6,47
2002-03-17,-10.4,-3.5,66,0.00,344,1.24,0.0,12.6,10.3,40
2002-03-18,-8.1,-3.2,63,0.30,93,0.96,2.0,15.3,11.5,43
2002-03-19,-4.2,0.3,71,2.10,99,1.13,11.0,15.6,9.8,55
2002-03-20,-3.3,0.7,83,3.00,156,0.79,5.0,19.2,11.4,70
2002-03-21,-3.8,-1.4,77,6.50,317,0.93,11.0,15.8,11.0,53
2002-03-22,-13.6,-7.1,59,9.10,311,0.85,7.0,26.6,22.2,37
2002-03-23,-11.8,-4.3,64,0.50,254,0.96,3.0,21.5,13.9,42
2002-03-24,-11.6,-7.1,61,0.20,295,1.01,2.0,24.3,16.2,36
2002-03-25,-13.0,-6.4,62,0.00,311,1.11,0.0,15.0,12.8,46
2002-03-26,-8.7,0.5,67,0.30,69,1.42,2.0,12.8,9.9,43
2002-03-27,-1.7,1.6,83,10.90,101,0.88,16.0,17.5,10.0,60
2002-03-28,-0.9,3.0,76,0.60,308,1.41,4.0,13.7,10.6,49
2002-03-29,-0.9,4.5,72,0.00,194,1.69,0.0,15.5,8.6,46
2002-03-30,3.1,6.9,71,11.10,181,1.81,10.0,28.8,20.8,46
2002-03-31,1.1,5.9,75,0.70,217,1.91,3.0,15.4,9.9,42
2002-04-01,0.3,3.6,82,13.10,59,0.71,16.0,16.1,9.5,71
2002-04-02,1.3,4.4,77,4.80,290,1.72,9.0,18.6,12.2,41
2002-04-03,0.1,3.3,84,6.80,171,0.81,13.0,14.3,8.9,63
2002-04-04,-2.8,0.4,66,0.00,296,1.47,0.0,23.2,17.7,48
2002-04-05,-5.5,-1.2,66,0.00,319,1.67,0.0,13.0,10.8,37
2002-04-06,-9.1,-3.8,64,0.00,341,1.49,0.0,14.9,13.1,36
2002-04-07,-8.7,-1.0,63,0.00,293,1.62,0.0,13.3,9.1,36
2002-04-08,-1.6,3.2,81,1.70,170,0.92,9.0,12.8,10.5,68
2002-04-09,3.5,7.1,98,17.30,164,0.31,22.0,19.1,14.8,95
2002-04-10,1.3,4.6,69,0.00,314,2.12,0.0,18.5,15.0,38
2002-04-11,-0.6,6.6,67,0.00,234,2.19,0.0,11.3,7.4,42
2002-04-12,6.2,13.5,61,0.00,173,2.99,0.0,22.4,17.5,41
2002-04-13,6.7,9.9,80,4.50,298,2.19,7.0,18.7,11.8,57
2002-04-14,6.0,11.6,71,0.00,93,2.33,0.0,14.2,9.1,51
2002-04-15,5.8,7.5,90,1.30,146,0.75,5.0,13.5,11.3,78
2002-04-16,8.1,15.5,95,7.60,195,1.50,6.0,12.2,6.4,73
2002-04-17,9.5,14.8,94,17.60,30,1.71,14.0,12.8,7.8,71
2002-04-18,8.9,16.7,81,9.10,61,2.99,7.0,11.7,7.3,47
2002-04-19,10.8,20.9,80,4.30,189,2.54,7.0,27.7,15.0,57
2002-04-20,1.0,7.2,50,0.00,320,2.75,0.0,22.5,18.9,35
2002-04-21,-3.6,0.1,42,0.00,329,2.43,0.0,21.2,18.8,34
2002-04-22,-1.4,4.5,47,0.00,14,2.27,0.0,12.1,7.6,34
2002-04-23,1.5,7.0,50,0.00,337,2.41,0.0,12.4,9.0,31
2002-04-24,3.6,11.2,54,0.00,251,3.03,0.0,13.0,5.7,31
2002-04-25,4.8,13.3,64,3.50,161,2.60,4.0,31.4,17.1,38
2002-04-26,2.7,7.2,73,4.60,284,2.47,12.0,19.5,13.4,33
2002-04-27,1.2,5.0,44,0.00,307,2.72,0.0,24.8,17.8,25
2002-04-28,0.3,4.2,48,1.00,44,1.97,4.0,12.5,9.5,30
2002-04-29,2.3,7.8,53,1.80,38,2.43,8.0,18.6,12.7,30
2002-04-30,3.4,8.9,61,0.30,202,2.42,3.0,11.1,6.0,34
2002-05-01,4.6,10.4,64,0.00,286,3.07,0.0,13.9,8.2,28
2002-05-02,2.6,6.8,83,9.20,142,0.85,9.0,21.6,10.0,47
2002-05-03,3.1,8.9,82,7.80,318,2.04,19.0,31.0,14.3,29
2002-05-04,4.1,13.4,48,0.00,304,3.66,0.0,25.0,17.9,30
2002-05-05,8.5,16.6,57,0.00,231,3.53,0.0,20.6,10.7,32
2002-05-06,8.9,13.5,76,3.40,232,1.56,6.0,9.7,6.3,56
2002-05-07,8.3,13.3,94,7.90,213,1.10,12.0,24.3,13.2,75
2002-05-08,4.4,9.9,48,0.00,329,3.82,0.0,22.5,15.4,27
2002-05-09,6.7,13.3,52,0.00,133,2.56,0.0,26.4,15.9,45
2002-05-10,8.2,11.5,72,6.90,215,3.00,14.0,29.3,20.7,39
2002-05-11,4.3,9.1,48,0.00,299,3.78,0.0,22.8,18.7,29
2002-05-12,5.8,12.0,51,0.00,12,3.52,0.0,8.0,4.1,31
2002-05-13,6.9,11.9,52,0.00,92,2.84,0.0,17.3,10.1,33
2002-05-14,2.5,8.4,88,25.10,68,0.62,22.0,19.4,15.0,47
2002-05-15,2.8,8.4,73,1.90,333,2.41,11.0,26.5,18.8,45
2002-05-16,5.2,9.2,81,2.30,231,1.21,3.0,12.9,8.9,57
2002-05-17,6.0,8.4,73,9.80,302,2.33,6.0,22.8,16.8,43
2002-05-18,3.4,7.2,63,0.40,336,2.21,4.0,15.1,13.0,47
2002-05-19,3.9,8.0,61,0.90,311,2.81,4.0,17.4,14.8,47
2002-05-20,4.7,10.3,68,1.10,310,2.94,4.0,12.7,9.8,49
2002-05-21,5.7,11.4,64,0.00,321,2.78,0.0,16.1,12.6,30
2002-05-22,9.5,16.9,50,0.00,255,4.72,0.0,20.6,13.0,28
2002-05-23,12.6,20.1,54,0.00,212,5.21,0.0,23.6,16.4,33
2002-05-24,12.5,16.0,63,2.40,265,3.56,7.0,24.1,16.2,42
2002-05-25,6.2,13.2,48,0.00,333,4.34,0.0,22.5,11.9,35
2002-05-26,8.7,13.6,76,11.00,183,1.72,13.0,17.6,14.0,53
2002-05-27,10.0,15.2,82,3.30,202,1.36,10.0,11.5,8.7,64
2002-05-28,14.1,21.9,73,0.00,236,4.41,0.0,9.2,4.5,37
2002-05-29,16.1,23.5,75,0.40,171,4.13,1.0,15.9,10.4,58
2002-05-30,16.3,20.5,93,9.10,189,1.63,16.0,11.9,7.1,79
2002-05-31,15.7,17.6,98,19.00,191,0.89,22.0,23.5,16.0,90
2002-06-01,13.0,15.5,77,1.90,269,2.69,6.0,24.5,17.5,60
2002-06-02,7.1,10.7,64,1.50,310,2.10,8.0,26.3,18.2,51
2002-06-03,5.7,11.4,54,0.00,329,3.79,0.0,22.1,18.5,42
2002-06-04,8.6,15.8,61,0.00,46,4.25,0.0,11.2,7.5,40
2002-06-05,10.4,12.3,88,4.80,123,0.65,12.0,13.5,8.5,67
2002-06-06,9.5,14.0,71,0.00,340,3.83,0.0,17.1,12.2,35
2002-06-07,11.7,18.7,54,0.00,344,4.68,0.0,11.0,4.5,30
2002-06-08,11.4,14.5,76,4.10,186,1.56,7.0,15.5,10.8,58
2002-06-09,13.1,16.1,85,3.90,297,3.10,7.0,25.5,14.8,61
2002-06-10,13.5,20.0,60,0.00,323,4.83,0.0,17.2,11.2,34
2002-06-11,11.7,17.0,86,13.00,16,1.10,14.0,10.9,6.9,60
2002-06-12,13.2,19.5,76,0.00,79,3.70,0.0,11.2,6.6,42
2002-06-13,13.7,19.2,65,0.00,338,4.65,0.0,12.0,9.4,36
2002-06-14,14.3,19.8,60,0.00,82,4.45,0.0,10.5,6.6,35
2002-06-15,12.3,15.0,60,2.70,109,2.81,5.0,18.4,15.0,47
2002-06-16,8.5,10.8,89,7.70,121,1.16,13.0,16.0,13.0,68
2002-06-17,9.4,11.9,87,3.10,91,1.05,16.0,10.3,7.3,76
2002-06-18,11.9,16.1,84,1.20,3,2.50,5.0,9.7,5.6,57
2002-06-19,14.6,20.2,72,0.00,28,3.72,0.0,5.7,2.9,45
2002-06-20,17.6,24.0,68,0.00,195,5.38,0.0,15.9,9.5,43
2002-06-21,20.2,26.3,66,1.10,224,4.85,5.0,13.3,10.2,44
2002-06-22,18.6,23.5,48,0.00,13,5.89,0.0,15.7,10.1,32
2002-06-23,16.5,20.2,82,12.30,184,1.59,6.0,19.9,12.6,60
2002-06-24,16.4,22.9,57,0.00,328,5.85,0.0,22.8,18.7,26
2002-06-25,17.4,23.6,56,0.10,290,4.91,1.0,12.0,7.4,31
2002-06-26,17.1,22.8,83,3.00,193,1.91,6.0,9.5,7.2,65
2002-06-27,20.0,23.9,87,7.20,247,3.52,17.0,16.9,12.4,61
2002-06-28,19.0,24.1,61,0.00,336,5.49,0.0,14.7,11.2,31
2002-06-29,18.6,25.1,52,0.00,355,5.70,0.0,12.1,7.5,30
2002-06-30,20.6,26.7,66,0.00,204,4.71,0.0,13.2,9.4,49
2002-07-01,23.8,31.0,76,0.60,213,4.99,3.0,10.8,7.5,48
2002-07-02,25.9,33.3,72,3.70,241,5.31,2.0,14.2,8.0,42
2002-07-03,26.3,30.9,62,0.00,307,6.04,0.0,12.7,9.5,34
2002-07-04,22.3,26.4,77,4.70,288,3.54,10.0,13.5,6.3,57
2002-07-05,18.0,23.3,79,3.80,337,3.95,9.0,19.8,15.2,49
2002-07-06,18.1,21.3,56,0.00,342,4.38,0.0,24.9,16.7,42
2002-07-07,18.9,26.5,62,0.00,351,4.95,0.0,13.8,8.9,32
2002-07-08,21.2,27.0,63,0.00,296,4.69,0.0,12.7,9.2,36
2002-07-09,19.6,23.3,74,5.00,309,4.33,10.0,18.7,11.7,44
2002-07-10,14.2,18.9,54,0.20,328,4.13,2.0,21.9,19.0,41
2002-07-11,13.7,19.8,52,0.00,329,5.38,0.0,25.1,18.1,31
2002-07-12,18.0,24.2,52,0.00,279,5.52,0.0,17.9,13.6,31
2002-07-13,18.4,22.6,69,3.90,257,3.71,14.0,14.0,8.9,48
2002-07-14,18.6,23.3,79,2.90,157,3.13,5.0,16.2,7.7,59
2002-07-15,17.7,20.9,80,13.80,280,4.09,12.0,16.1,12.6,48
2002-07-16,14.0,17.2,71,0.70,350,2.55,2.0,14.0,9.6,59
2002-07-17,14.0,16.7,89,7.50,180,1.43,8.0,12.7,8.8,70
2002-07-18,15.5,18.6,75,0.00,355,4.09,0.0,19.8,12.9,45
2002-07-19,15.7,22.2,64,0.00,29,4.51,0.0,12.9,5.9,39
2002-07-20,16.3,22.8,63,0.00,0,5.05,0.0,14.0,9.0,38
2002-07-21,18.7,23.8,67,0.00,193,3.57,0.0,15.8,10.9,48
2002-07-22,21.3,27.8,80,6.70,203,2.79,9.0,21.6,15.8,63
2002-07-23,18.2,22.6,81,4.40,304,2.63,9.0,20.6,15.5,41
2002-07-24,14.6,19.5,57,0.00,358,4.94,0.0,13.4,7.7,36
2002-07-25,16.1,21.5,65,0.00,139,4.79,0.0,9.8,4.5,36
2002-07-26,16.9,22.2,65,0.20,151,3.96,1.0,19.8,12.3,45
2002-07-27,14.9,20.0,86,7.10,162,1.85,13.0,16.1,11.9,68
2002-07-28,18.5,25.6,87,5.80,162,3.34,3.0,16.8,11.6,56
2002-07-29,20.8,26.0,87,8.80,277,3.08,11.0,17.3,12.1,57
2002-07-30,21.3,25.4,80,3.40,245,3.47,5.0,19.4,12.8,51
2002-07-31,21.7,27.4,64,0.00,302,5.50,0.0,16.5,12.9,38
2002-08-01,21.4,26.5,69,0.00,58,4.15,0.0,10.3,5.6,46
2002-08-02,20.4,23.3,88,14.60,179,1.95,10.0,16.2,11.9,70
2002-08-03,20.1,25.0,70,0.00,304,4.32,0.0,11.0,7.8,38
2002-08-04,19.5,23.1,79,0.60,236,1.72,3.0,8.5,5.8,63
2002-08-05,19.4,22.0,73,0.10,286,3.55,1.0,18.7,10.8,50
2002-08-06,14.0,17.6,71,2.50,334,3.02,6.0,22.2,18.8,54
2002-08-07,15.4,19.4,68,0.20,339,3.77,1.0,22.3,18.7,47
2002-08-08,15.9,20.7,59,0.00,335,4.32,0.0,19.3,14.6,37
2002-08-09,17.7,24.5,62,0.00,292,4.54,0.0,9.4,7.3,38
2002-08-10,20.1,26.9,67,1.30,226,3.62,5.0,14.8,9.3,47
2002-08-11,22.4,28.6,63,0.00,216,5.35,0.0,16.0,9.8,38
2002-08-12,23.1,28.8,62,0.00,226,4.94,0.0,17.4,11.1,38
2002-08-13,24.0,30.1,66,0.00,210,4.75,0.0,14.2,7.3,39
2002-08-14,23.9,30.3,76,2.90,187,4.63,3.0,20.9,11.3,45
2002-08-15,22.8,26.6,81,2.60,198,3.03,6.0,16.3,10.7,63
2002-08-16,22.3,27.0,82,4.90,205,3.35,5.0,19.6,13.0,52
2002-08-17,21.0,25.7,73,0.00,271,3.99,0.0,12.3,9.1,38
2002-08-18,20.1,25.2,79,9.60,191,2.17,11.0,17.1,12.5,52
2002-08-19,18.5,21.6,62,0.40,285,2.89,2.0,14.5,8.4,46
2002-08-20,16.5,20.6,70,0.00,314,3.40,0.0,12.2,9.5,39
2002-08-21,18.1,24.9,60,0.00,243,4.56,0.0,14.3,8.7,34
2002-08-22,16.7,19.8,79,6.90,225,1.35,9.0,12.5,9.4,56
2002-08-23,14.2,19.2,64,0.00,346,3.80,0.0,14.0,9.3,35
2002-08-24,16.4,22.1,62,0.00,173,3.96,0.0,10.2,6.3,35
2002-08-25,15.4,17.8,75,1.10,301,2.54,3.0,15.0,10.8,53
2002-08-26,15.7,22.0,71,2.90,269,3.13,6.0,16.3,10.2,51
2002-08-27,12.9,16.8,61,0.00,338,2.88,0.0,18.7,14.5,51
2002-08-28,13.5,20.1,68,0.00,21,3.84,0.0,11.2,7.3,44
2002-08-29,15.6,22.2,69,0.00,167,3.39,0.0,12.3,6.6,44
2002-08-30,16.4,20.7,77,0.20,328,2.87,1.0,14.2,9.9,54
2002-08-31,14.2,19.4,60,0.00,113,3.96,0.0,10.5,8.4,28
2002-09-01,15.5,22.5,68,0.00,170,3.09,0.0,14.5,9.8,51
2002-09-02,16.9,22.4,71,0.00,172,3.76,0.0,13.6,10.3,41
2002-09-03,17.6,24.4,74,0.00,160,3.64,0.0,21.6,14.9,50
2002-09-04,18.4,21.4,75,1.70,230,3.06,5.0,18.9,13.3,50
2002-09-05,14.4,17.5,55,0.00,319,4.26,0.0,22.0,18.7,33
2002-09-06,14.2,22.2,52,0.00,313,4.21,0.0,18.0,11.6,27
2002-09-07,19.7,26.6,62,0.00,248,3.37,0.0,12.6,7.6,41
2002-09-08,22.0,29.8,63,0.00,239,4.36,0.0,16.4,11.8,45
2002-09-09,25.3,32.7,58,0.00,272,5.14,0.0,13.7,10.9,23
2002-09-10,23.2,29.1,62,2.70,278,4.12,3.0,12.3,7.5,44
2002-09-11,12.1,19.9,91,30.90,356,0.78,18.0,26.6,19.5,56
2002-09-12,10.3,15.0,51,0.00,328,3.77,0.0,24.5,17.1,38
2002-09-13,13.4,17.5,74,8.00,266,2.84,10.0,20.1,15.4,49
2002-09-14,11.4,17.0,67,0.00,118,2.46,0.0,14.5,10.1,49
2002-09-15,13.8,16.1,84,5.80,304,1.61,9.0,20.3,13.4,60
2002-09-16,11.2,17.4,64,0.00,25,2.89,0.0,10.8,7.0,39
2002-09-17,12.0,15.3,74,1.80,287,1.51,4.0,11.8,9.0,60
2002-09-18,10.8,17.8,67,0.00,348,2.97,0.0,11.6,7.5,39
2002-09-19,14.3,22.4,74,0.00,177,3.09,0.0,14.4,9.7,54
2002-09-20,17.8,21.2,90,1.50,201,0.96,6.0,19.9,15.0,82
2002-09-21,19.6,22.2,91,2.70,194,1.47,8.0,18.5,12.3,74
2002-09-22,17.8,21.2,86,0.90,183,1.94,4.0,13.8,6.8,70
2002-09-23,15.1,17.7,76,14.50,268,2.41,9.0,18.1,12.9,38
2002-09-24,12.0,16.1,66,0.00,127,2.39,0.0,11.8,7.7,44
2002-09-25,12.7,18.0,74,0.00,184,2.32,0.0,11.2,5.8,46
2002-09-26,12.9,18.6,76,0.00,176,2.70,0.0,13.7,9.3,48
2002-09-27,12.4,16.0,79,1.40,158,1.68,3.0,11.4,8.6,57
2002-09-28,10.3,11.7,75,3.70,332,2.21,5.0,22.3,14.9,38
2002-09-29,6.9,10.8,60,0.00,298,1.79,0.0,11.5,7.0,48
2002-09-30,8.2,12.3,84,4.60,167,0.88,6.0,14.6,9.8,71
2002-10-01,15.6,21.2,91,5.70,224,1.50,11.0,18.9,12.9,67
2002-10-02,16.1,19.7,86,0.30,269,1.83,2.0,17.0,11.5,64
2002-10-03,7.9,12.2,54,0.00,357,2.39,0.0,17.9,13.5,44
2002-10-04,5.8,11.0,78,0.10,142,1.16,1.0,20.9,12.2,63
2002-10-05,12.3,14.7,80,5.60,222,1.46,7.0,30.4,22.5,53
2002-10-06,6.2,9.9,62,0.00,292,2.10,0.0,13.6,8.1,38
2002-10-07,7.4,11.9,70,7.10,179,1.62,7.0,26.2,21.0,46
2002-10-08,3.5,6.4,53,0.00,314,2.10,0.0,16.6,13.8,37
2002-10-09,2.1,4.7,67,0.70,101,1.01,3.0,13.0,8.9,55
2002-10-10,4.6,10.2,87,2.30,121,1.04,8.0,12.9,6.6,61
2002-10-11,7.2,11.9,87,0.00,121,1.03,0.0,7.4,4.8,67
2002-10-12,9.4,14.1,81,0.00,125,1.54,0.0,14.0,10.5,60
2002-10-13,8.6,11.7,84,4.90,150,0.71,3.0,22.3,17.5,74
2002-10-14,4.2,8.6,62,0.70,288,1.78,1.0,23.5,17.8,32
2002-10-15,1.2,5.4,60,0.00,102,1.52,0.0,9.9,6.5,39
2002-10-16,1.9,6.0,70,0.80,113,0.91,2.0,15.7,11.2,61
2002-10-17,1.5,4.3,89,26.70,346,0.83,13.0,18.0,10.8,69
2002-10-18,0.9,2.8,82,2.80,283,1.01,10.0,15.7,8.2,52
2002-10-19,-1.4,0.3,91,14.40,92,0.23,13.0,16.0,8.7,77
2002-10-20,-1.8,0.6,80,0.00,327,0.88,0.0,15.6,12.7,55
2002-10-21,-3.6,-1.0,77,0.00,299,0.71,0.0,17.7,12.2,58
2002-10-22,-3.9,1.0,77,0.00,301,0.94,0.0,13.8,11.7,55
2002-10-23,-2.9,2.0,82,0.00,315,0.77,0.0,14.2,11.5,63
2002-10-24,-0.4,2.5,85,0.00,311,0.65,0.0,11.2,8.7,68
2002-10-25,-2.9,2.4,83,0.00,326,0.92,0.0,9.2,6.6,50
2002-10-26,-1.1,0.2,86,9.10,125,0.30,13.0,14.6,11.1,77
2002-10-27,-0.5,1.1,88,0.70,287,0.54,4.0,9.7,7.5,70
2002-10-28,-2.3,0.7,83,0.00,323,0.69,0.0,17.4,13.8,60
2002-10-29,-5.7,-1.9,78,0.00,326,0.74,0.0,14.4,13.3,57
2002-10-30,-7.0,-1.8,78,0.00,337,0.78,0.0,14.4,12.2,59
2002-10-31,-7.1,0.4,83,0.50,295,0.63,4.0,10.0,6.2,67
2002-11-01,-5.0,-1.1,80,1.20,291,0.56,5.0,16.8,9.8,64
2002-11-02,-9.7,-5.1,73,0.00,311,0.63,0.0,21.1,15.0,50
2002-11-03,-10.6,-5.2,75,0.00,319,0.62,0.0,12.3,10.5,57
2002-11-04,-8.0,-3.3,79,0.10,109,0.47,1.0,11.5,7.9,67
2002-11-05,-4.0,-0.2,84,3.50,37,0.70,8.0,9.3,7.1,65
2002-11-06,-2.5,-0.2,90,6.00,127,0.32,14.0,16.5,11.1,82
2002-11-07,-9.4,-1.5,73,0.00,315,0.53,0.0,26.5,15.6,50
2002-11-08,-7.9,1.9,84,3.10,167,0.35,11.0,15.0,11.9,76
2002-11-09,1.1,2.8,90,0.00,44,0.33,0.0,11.8,9.2,82
2002-11-10,2.5,5.7,91,2.20,141,0.43,4.0,14.9,12.8,83
2002-11-11,8.6,12.3,98,9.00,190,0.28,10.0,26.4,16.6,88
2002-11-12,0.8,2.7,75,0.00,344,0.64,0.0,13.0,5.7,64
2002-11-13,1.6,4.0,79,0.00,308,0.46,0.0,5.4,3.9,63
2002-11-14,0.4,4.4,80,0.00,184,0.71,0.0,18.0,8.7,66
2002-11-15,-0.2,3.8,76,1.30,298,0.66,7.0,21.4,14.3,45
2002-11-16,-7.8,-2.9,49,0.00,1,0.94,0.0,21.3,11.1,30
2002-11-17,-5.1,-3.4,55,6.70,75,0.71,10.0,13.6,11.7,37
2002-11-18,-5.1,-3.9,82,23.00,352,0.32,21.0,19.7,14.5,72
2002-11-19,-7.6,-4.0,83,0.00,298,0.41,0.0,16.1,9.2,71
2002-11-20,-1.2,2.7,92,3.10,169,0.31,11.0,15.1,12.7,80
2002-11-21,0.0,2.8,93,0.00,150,0.44,0.0,13.9,11.1,79
2002-11-22,0.7,1.7,95,3.30,104,0.21,14.0,13.0,8.6,90
2002-11-23,-1.6,0.6,84,4.90,334,0.47,13.0,28.4,21.6,72
2002-11-24,-5.8,-3.5,74,0.00,299,0.62,0.0,21.6,17.5,61
2002-11-25,-5.9,-4.1,82,0.00,298,0.37,0.0,15.0,10.2,69
2002-11-26,-9.4,-4.6,80,0.00,296,0.39,0.0,13.6,9.5,62
2002-11-27,-10.8,-8.3,79,0.00,321,0.34,0.0,15.0,12.0,64
2002-11-28,-13.9,-11.5,75,0.00,311,0.33,0.0,15.8,12.3,60
2002-11-29,-12.8,-4.7,86,4.30,143,0.16,10.0,19.0,10.5,82
2002-11-30,-2.4,0.5,94,6.70,155,0.26,23.0,16.3,12.2,89
2002-12-01,-6.8,-1.2,79,3.90,311,0.36,17.0,21.9,16.5,63
2002-12-02,-16.9,-13.1,76,1.10,320,0.20,8.0,17.4,10.1,67
2002-12-03,-17.6,-15.2,73,0.00,317,0.27,0.0,18.4,16.6,61
2002-12-04,-18.6,-13.6,73,0.00,297,0.27,0.0,16.6,12.5,57
2002-12-05,-15.6,-8.6,83,0.00,218,0.25,0.0,11.5,8.8,72
2002-12-06,-11.4,-5.0,84,0.40,195,0.28,3.0,12.0,7.1,65
2002-12-07,-7.2,-3.4,85,1.40,194,0.25,8.0,23.5,16.0,78
2002-12-08,-7.7,-2.7,77,1.80,287,0.37,6.0,22.2,12.6,55
2002-12-09,-21.6,-13.1,67,0.00,238,0.25,0.0,20.4,13.6,57
2002-12-10,-6.7,-2.5,79,0.90,205,0.39,6.0,16.9,14.2,72
2002-12-11,-4.7,-2.8,90,0.00,180,0.26,0.0,10.9,7.7,82
2002-12-12,-6.6,-0.6,89,0.00,187,0.33,0.0,6.9,4.5,72
2002-12-13,-6.2,-1.6,90,0.00,210,0.29,0.0,9.7,6.6,77
2002-12-14,-2.2,0.9,93,1.50,41,0.27,8.0,17.3,7.9,83
2002-12-15,-2.8,-0.3,82,0.00,341,0.41,0.0,19.6,17.6,69
2002-12-16,-8.9,-5.6,76,0.00,356,0.39,0.0,18.4,16.4,58
2002-12-17,-14.7,-10.3,73,0.00,350,0.36,0.0,17.3,15.5,55
2002-12-18,-14.4,-7.7,71,0.00,340,0.35,0.0,15.8,10.2,46
2002-12-19,-12.6,-5.7,69,0.80,152,0.27,3.0,8.5,5.6,55
2002-12-20,-1.6,1.5,84,7.90,130,0.26,14.0,18.6,12.4,76
2002-12-21,-0.9,1.4,83,0.30,223,0.43,2.0,18.3,13.8,65
2002-12-22,-2.2,-0.9,81,2.70,206,0.42,12.0,21.9,16.4,77
2002-12-23,-4.7,-2.3,81,0.70,251,0.33,4.0,13.4,10.3,64
2002-12-24,-8.3,-5.3,80,1.80,291,0.34,5.0,16.7,11.6,67
2002-12-25,-9.7,-6.4,85,0.00,349,0.24,0.0,12.2,6.8,74
2002-12-26,-9.0,-6.7,80,0.00,332,0.36,0.0,21.4,17.0,64
2002-12-27,-13.0,-9.1,77,0.00,313,0.34,0.0,20.9,11.5,61
2002-12-28,-7.2,-3.1,86,0.00,195,0.24,0.0,11.0,9.2,75
2002-12-29,-6.1,-4.5,80,0.00,302,0.37,0.0,18.2,13.5,60
2002-12-30,-15.1,-10.4,74,0.00,338,0.29,0.0,17.2,11.2,59
2002-12-31,-9.0,-0.7,81,5.20,141,0.23,14.0,17.3,13.3,64
2003-01-01,-4.6,0.5,77,1.90,311,0.43,5.0,18.2,13.3,56
2003-01-02,-15.2,-12.3,72,0.00,359,0.36,0.0,19.8,16.9,57
2003-01-03,-13.1,-6.9,73,0.00,23,0.33,0.0,13.0,8.1,52
2003-01-04,-8.4,-5.9,71,0.80,33,0.39,5.0,12.6,10.0,60
2003-01-05,-9.2,-5.7,77,0.00,353,0.34,0.0,12.2,7.7,53
2003-01-06,-8.5,-5.3,84,0.70,130,0.32,5.0,7.5,4.7,70
2003-01-07,-11.2,-7.6,83,0.00,311,0.28,0.0,13.8,9.6,68
2003-01-08,-11.0,-6.3,80,3.40,252,0.35,11.0,19.4,11.3,59
2003-01-09,-17.9,-13.1,72,0.00,334,0.27,0.0,15.9,12.9,52
2003-01-10,-20.1,-14.6,71,0.00,311,0.25,0.0,8.5,6.7,52
2003-01-11,-21.8,-16.4,73,0.00,269,0.22,0.0,12.9,9.6,58
2003-01-12,-15.2,-12.1,71,0.00,277,0.34,0.0,17.6,12.9,57
2003-01-13,-14.2,-10.2,82,3.10,164,0.18,12.0,12.0,7.1,77
2003-01-14,-19.1,-11.5,73,0.00,322,0.25,0.0,17.1,12.9,55
2003-01-15,-22.9,-17.6,70,0.00,296,0.21,0.0,8.6,6.5,56
2003-01-16,-22.2,-16.3,73,0.00,261,0.23,0.0,12.4,9.7,56
2003-01-17,-21.9,-18.8,71,0.00,331,0.20,0.0,14.7,10.9,50
2003-01-18,-25.7,-19.0,71,0.00,191,0.20,0.0,13.2,9.6,59
2003-01-19,-18.6,-12.9,78,0.00,156,0.26,0.0,12.6,11.1,71
2003-01-20,-13.8,-10.3,80,2.20,157,0.29,10.0,15.1,8.7,59
2003-01-21,-22.1,-12.7,65,0.00,306,0.26,0.0,21.9,19.5,51
2003-01-22,-25.9,-22.7,60,0.20,301,0.24,2.0,22.9,20.7,51
2003-01-23,-19.5,-13.4,69,0.20,322,0.36,2.0,18.4,14.7,58
2003-01-24,-18.7,-16.1,69,0.00,329,0.34,0.0,20.1,18.1,52
2003-01-25,-19.8,-11.5,73,0.20,244,0.28,2.0,14.5,9.4,62
2003-01-26,-10.6,-8.7,80,2.00,233,0.32,11.0,14.8,11.4,63
2003-01-27,-22.0,-14.6,68,0.00,335,0.25,0.0,17.7,14.8,47
2003-01-28,-25.8,-17.2,65,0.00,319,0.25,0.0,12.9,8.2,50
2003-01-29,-18.5,-10.3,73,0.00,258,0.38,0.0,11.4,7.8,56
2003-01-30,-18.2,-11.5,71,0.00,204,0.39,0.0,15.5,10.7,52
2003-01-31,-12.9,-5.0,78,0.00,160,0.51,0.0,13.4,10.0,60
2003-02-01,-6.2,0.5,79,0.00,126,0.59,0.0,10.7,7.1,62
2003-02-02,-5.0,-0.2,78,0.00,359,0.60,0.0,21.9,12.5,62
2003-02-03,-6.7,-2.0,70,0.00,332,0.78,0.0,25.0,19.9,50
2003-02-04,-7.8,-3.7,81,10.80,113,0.30,11.0,25.0,16.9,70
2003-02-05,-10.8,-2.5,67,2.30,259,0.51,11.0,23.4,20.1,49
2003-02-06,-18.6,-13.0,64,0.00,275,0.44,0.0,17.2,12.2,47
2003-02-07,-17.8,-13.5,69,0.00,330,0.43,0.0,9.4,7.2,51
2003-02-08,-17.7,-9.5,67,0.00,225,0.45,0.0,18.8,11.8,53
2003-02-09,-11.1,-9.4,73,0.20,236,0.52,2.0,14.8,13.1,47
2003-02-10,-14.9,-7.9,71,0.10,195,0.50,1.0,19.0,13.2,54
2003-02-11,-19.9,-9.6,64,1.10,323,0.40,6.0,24.3,13.7,41
2003-02-12,-20.5,-13.3,69,0.20,198,0.35,2.0,21.1,12.4,49
2003-02-13,-25.3,-19.3,59,0.00,303,0.28,0.0,18.3,15.0,40
2003-02-14,-27.8,-23.0,59,0.00,297,0.27,0.0,16.7,11.8,42
2003-02-15,-28.4,-24.7,59,0.00,322,0.25,0.0,19.3,14.6,40
2003-02-16,-28.5,-21.6,55,0.00,334,0.30,0.0,19.0,12.9,36
2003-02-17,-22.3,-11.6,55,0.00,137,0.51,0.0,7.6,4.3,36
2003-02-18,-13.7,-5.6,58,0.00,108,0.68,0.0,8.7,4.9,32
2003-02-19,-7.8,-2.1,80,2.00,179,0.40,8.0,20.4,11.9,71
2003-02-20,-4.5,-0.7,72,0.50,230,0.97,3.0,21.3,14.9,53
2003-02-21,-3.9,-1.5,74,0.60,286,0.82,3.0,18.0,12.3,56
2003-02-22,-8.5,-4.3,75,0.50,22,0.56,3.0,10.2,8.2,65
2003-02-23,-7.5,-6.6,82,23.80,58,0.35,24.0,21.6,14.2,76
2003-02-24,-15.7,-10.8,62,0.10,311,0.64,1.0,24.7,16.3,42
2003-02-25,-18.8,-15.4,62,0.00,311,0.42,0.0,22.5,13.7,41
2003-02-26,-22.6,-15.2,63,0.00,221,0.47,0.0,11.8,7.9,43
2003-02-27,-18.2,-10.0,67,0.00,183,0.62,0.0,9.4,5.8,50
2003-02-28,-14.3,-6.8,68,0.00,210,0.86,0.0,8.8,3.4,44
2003-03-01,-11.0,-2.8,70,0.00,226,0.98,0.0,12.7,7.7,49
2003-03-02,-5.8,-0.1,87,5.40,164,0.38,13.0,18.7,11.9,80
2003-03-03,-19.9,-1.5,61,0.20,310,0.40,2.0,25.7,21.1,42
2003-03-04,-21.9,-13.1,65,0.30,199,0.44,2.0,14.9,10.2,50
2003-03-05,-11.8,-8.4,77,4.70,359,0.43,16.0,13.7,9.4,63
2003-03-06,-15.6,-11.8,63,0.00,335,0.69,0.0,18.4,14.2,36
2003-03-07,-17.1,-9.1,62,0.00,222,0.74,0.0,16.6,9.7,39
2003-03-08,-9.6,-3.5,74,1.20,211,0.84,6.0,15.6,10.0,55
2003-03-09,-9.8,-5.2,71,8.30,307,0.67,13.0,23.7,14.3,41
2003-03-10,-18.0,-14.7,61,0.00,254,0.57,0.0,20.8,12.0,36
2003-03-11,-14.2,-6.9,63,0.00,218,0.79,0.0,20.6,14.8,45
2003-03-12,-6.9,-3.7,66,2.40,245,1.12,8.0,18.9,15.3,43
2003-03-13,-15.4,-8.4,60,0.00,332,0.85,0.0,17.4,11.9,36
2003-03-14,-16.9,-9.9,61,0.00,318,0.82,0.0,14.7,11.9,37
2003-03-15,-10.9,-1.7,68,0.00,259,1.16,0.0,8.6,5.1,55
2003-03-16,-6.0,1.6,75,0.00,160,1.12,0.0,17.1,8.2,57
2003-03-17,0.8,4.2,84,0.10,171,0.85,1.0,11.0,4.2,72
2003-03-18,-3.0,1.6,68,0.00,353,1.30,0.0,21.3,16.6,41
2003-03-19,-9.3,-1.4,63,0.00,5,1.49,0.0,15.5,9.4,35
2003-03-20,-5.4,2.9,64,1.90,167,1.36,3.0,12.3,7.9,51
2003-03-21,1.3,6.6,88,10.90,150,1.08,13.0,10.4,7.0,66
2003-03-22,2.0,7.8,84,0.30,328,1.51,1.0,9.5,6.4,54
2003-03-23,1.6,4.6,87,3.50,150,1.20,12.0,10.3,5.3,70
2003-03-24,1.5,6.3,86,0.00,177,1.45,0.0,11.9,10.1,61
2003-03-25,1.9,7.4,88,3.70,178,0.83,11.0,16.4,12.0,75
2003-03-26,1.4,5.1,84,1.00,306,1.08,5.0,11.1,7.2,58
2003-03-27,0.8,3.8,78,1.90,312,1.37,10.0,18.3,10.1,46
2003-03-28,-2.2,3.6,72,0.00,66,1.24,0.0,16.5,9.3,53
2003-03-29,5.2,8.9,82,4.60,179,0.82,6.0,24.2,19.5,64
2003-03-30,-1.1,2.5,77,0.00,318,0.95,0.0,14.7,11.5,54
2003-03-31,-6.8,-3.4,54,0.00,339,1.49,0.0,22.7,18.1,43
2003-04-01,-9.2,-2.2,51,0.00,289,1.69,0.0,17.6,11.0,32
2003-04-02,-4.3,1.6,59,0.00,266,1.45,0.0,14.8,8.0,46
2003-04-03,-6.7,-2.7,47,0.00,341,1.87,0.0,15.7,12.6,29
2003-04-04,-9.9,-4.7,44,0.00,8,1.61,0.0,15.6,13.6,31
2003-04-05,-9.4,-7.5,62,9.00,82,0.63,12.0,20.2,14.1,40
2003-04-06,-7.0,-3.4,67,4.80,328,1.40,11.0,23.0,17.4,35
2003-04-07,-10.4,-3.3,60,0.00,333,1.59,0.0,13.8,11.2,34
2003-04-08,-5.3,1.8,53,0.00,49,1.93,0.0,10.7,6.6,32
2003-04-09,-3.2,4.4,59,0.00,237,2.41,0.0,8.1,5.1,35
2003-04-10,0.6,8.2,60,0.00,220,2.72,0.0,15.3,8.8,36
2003-04-11,3.8,11.6,61,0.00,195,3.00,0.0,17.2,12.2,38
2003-04-12,2.7,7.1,74,0.00,347,1.91,0.0,23.9,16.3,56
2003-04-13,-0.8,2.9,51,0.00,343,2.57,0.0,18.4,15.5,32
2003-04-14,0.0,7.2,50,0.50,197,1.95,2.0,26.0,11.7,42
2003-04-15,3.0,4.6,91,12.60,215,0.53,17.0,12.8,7.4,70
2003-04-16,-2.5,3.0,63,1.40,335,1.55,2.0,25.3,18.4,31
2003-04-17,-9.0,-1.3,39,0.00,357,2.16,0.0,19.4,11.2,25
2003-04-18,-3.5,6.3,47,0.00,151,1.97,0.0,18.5,11.7,38
2003-04-19,2.1,5.3,90,6.00,111,0.66,12.0,6.9,4.1,68
2003-04-20,5.9,14.9,86,2.40,137,2.06,5.0,15.3,8.1,57
2003-04-21,7.1,9.6,91,11.80,158,0.83,11.0,14.8,12.8,70
2003-04-22,7.5,10.5,96,9.20,162,0.90,19.0,13.8,10.8,79
2003-04-23,3.0,6.3,99,5.90,354,0.41,19.0,17.7,11.5,94
2003-04-24,0.9,3.4,79,3.00,333,1.22,13.0,23.5,20.4,62
2003-04-25,1.1,4.9,67,3.70,301,1.92,11.0,19.0,12.9,45
2003-04-26,0.7,4.3,83,13.10,69,0.60,12.0,12.9,7.2,62
2003-04-27,5.4,12.4,82,5.10,169,1.98,11.0,14.2,9.2,36
2003-04-28,8.9,16.8,72,3.50,231,2.47,9.0,16.6,9.9,45
2003-04-29,6.6,12.5,65,0.00,304,2.20,0.0,18.8,14.5,42
2003-04-30,3.7,10.6,50,0.00,302,3.30,0.0,13.4,9.7,26
2003-05-01,2.5,7.1,83,16.10,131,0.54,12.0,11.5,9.5,46
2003-05-02,3.1,7.7,76,0.00,349,1.94,0.0,15.3,12.1,31
2003-05-03,3.0,10.0,47,0.00,349,3.56,0.0,15.5,12.6,30
2003-05-04,6.8,15.6,51,0.00,298,3.90,0.0,12.8,9.4,34
2003-05-05,9.2,18.0,51,0.00,9,4.00,0.0,11.2,5.8,29
2003-05-06,7.8,13.1,74,5.20,122,1.42,7.0,17.2,12.4,56
2003-05-07,6.5,13.1,80,2.10,355,2.33,7.0,17.1,10.7,44
2003-05-08,8.7,14.3,71,2.10,114,2.90,3.0,9.3,4.5,48
2003-05-09,6.8,10.4,76,13.60,9,2.30,9.0,12.8,8.8,44
2003-05-10,6.8,12.9,68,0.00,351,2.77,0.0,18.3,12.0,48
2003-05-11,8.4,15.7,70,0.00,119,3.71,0.0,19.8,9.4,46
2003-05-12,7.3,10.7,92,12.10,122,1.02,18.0,22.6,17.7,62
2003-05-13,5.7,8.3,91,3.30,51,1.00,10.0,13.1,8.2,77
2003-05-14,7.0,10.9,81,0.20,347,1.54,2.0,12.3,9.5,65
2003-05-15,10.2,15.2,69,0.00,88,3.16,0.0,9.7,6.5,44
2003-05-16,10.5,16.8,63,0.00,122,4.33,0.0,14.0,11.3,37
2003-05-17,12.3,19.5,57,0.00,125,4.77,0.0,8.8,6.9,30
2003-05-18,14.6,23.4,59,0.00,330,5.00,0.0,7.7,4.5,26
2003-05-19,17.2,25.4,55,0.00,254,5.51,0.0,10.4,6.9,22
2003-05-20,17.5,24.1,55,0.00,203,5.65,0.0,22.0,11.9,20
2003-05-21,11.3,18.5,58,5.50,319,3.97,6.0,24.5,18.4,27
2003-05-22,8.7,16.0,43,0.00,28,4.52,0.0,16.5,11.6,27
2003-05-23,9.4,13.1,61,0.00,95,2.35,0.0,11.5,8.8,47
2003-05-24,9.1,11.5,78,0.00,103,1.44,0.0,16.2,11.6,67
2003-05-25,8.5,10.7,94,9.40,112,0.54,23.0,15.7,12.8,76
2003-05-26,10.8,15.7,86,0.80,98,1.85,5.0,11.0,8.9,60
2003-05-27,13.1,18.6,75,3.30,163,3.36,9.0,9.0,4.8,45
2003-05-28,14.5,20.7,72,0.80,219,3.80,1.0,10.3,5.7,42
2003-05-29,13.0,16.3,91,8.40,268,2.05,15.0,6.9,3.4,76
2003-05-30,10.8,13.1,92,1.30,324,0.92,6.0,12.8,7.3,82
2003-05-31,11.4,16.5,78,0.70,325,2.94,4.0,15.4,7.8,50
2003-06-01,6.5,9.9,77,2.40,359,1.24,12.0,19.1,17.0,58
2003-06-02,9.3,14.0,53,0.00,326,4.46,0.0,22.3,16.4,32
2003-06-03,9.5,15.2,52,0.00,304,4.53,0.0,19.6,13.5,30
2003-06-04,11.9,19.4,54,0.00,323,4.97,0.0,11.3,6.6,36
2003-06-05,14.2,19.5,63,0.60,133,3.53,2.0,10.4,5.7,41
2003-06-06,14.3,19.3,68,1.40,314,4.58,5.0,19.2,11.6,36
2003-06-07,14.4,20.0,62,0.00,10,4.07,0.0,8.9,5.6,44
2003-06-08,15.9,21.3,83,1.70,154,3.40,9.0,10.7,6.5,56
2003-06-09,14.6,17.4,90,13.80,156,1.58,13.0,22.5,16.6,78
2003-06-10,12.9,17.5,59,0.20,285,4.23,2.0,22.5,17.1,34
2003-06-11,11.8,14.4,88,15.50,130,1.16,13.0,18.9,10.7,58
2003-06-12,12.0,17.7,69,0.00,345,4.59,0.0,15.2,11.5,37
2003-06-13,13.8,20.3,59,0.00,93,4.76,0.0,14.3,10.5,42
2003-06-14,11.4,16.3,93,9.70,124,0.76,16.0,15.8,12.1,68
2003-06-15,11.5,14.6,85,0.60,336,2.21,2.0,22.3,13.3,58
2003-06-16,13.5,20.1,69,0.00,319,4.02,0.0,10.8,6.5,40
2003-06-17,16.9,24.3,65,0.00,223,5.31,0.0,13.0,9.7,41
2003-06-18,18.5,23.6,68,0.00,209,4.62,0.0,17.9,11.8,44
2003-06-19,15.1,19.4,80,4.10,309,2.32,8.0,17.2,11.0,53
2003-06-20,14.4,21.6,58,0.00,352,5.39,0.0,15.8,11.3,35
2003-06-21,18.7,26.9,64,0.00,301,5.59,0.0,7.7,4.8,30
2003-06-22,21.4,29.2,61,0.00,333,5.95,0.0,11.9,8.2,27
2003-06-23,23.5,31.0,59,0.00,338,6.11,0.0,12.2,9.0,32
2003-06-24,24.8,33.3,55,0.00,274,6.54,0.0,10.2,7.5,20
2003-06-25,24.6,29.7,59,1.00,276,5.61,2.0,12.1,7.8,41
2003-06-26,25.7,33.3,65,0.00,233,6.45,0.0,19.1,10.3,35
2003-06-27,23.7,28.2,63,2.00,219,5.24,2.0,18.8,15.4,46
2003-06-28,19.2,23.4,56,0.20,260,5.21,1.0,17.1,11.3,36
2003-06-29,19.8,26.0,58,0.40,160,5.00,1.0,20.9,11.6,38
2003-06-30,17.7,20.9,77,4.50,247,3.91,11.0,17.3,11.6,43
2003-07-01,17.6,21.2,63,1.80,282,3.96,6.0,15.0,10.0,51
2003-07-02,14.7,18.7,78,1.50,188,2.16,6.0,12.1,7.6,60
2003-07-03,18.6,25.1,83,4.90,203,3.18,11.0,12.9,7.9,48
2003-07-04,19.5,23.1,93,21.00,220,2.86,17.0,11.9,8.0,83
2003-07-05,21.2,26.2,82,3.40,244,4.03,5.0,11.3,6.9,52
2003-07-06,19.2,22.5,73,0.00,307,4.52,0.0,16.9,12.8,47
2003-07-07,18.7,24.0,64,0.00,258,4.17,0.0,10.5,6.6,41
2003-07-08,20.1,24.5,73,4.90,218,4.55,7.0,19.9,13.4,47
2003-07-09,16.7,20.1,56,0.00,324,5.05,0.0,17.8,14.7,33
2003-07-10,15.7,21.0,59,0.00,355,4.76,0.0,11.6,6.0,36
2003-07-11,14.3,17.6,71,0.10,124,1.91,1.0,24.8,16.5,60
2003-07-12,14.6,18.2,90,9.60,162,1.90,14.0,20.0,15.6,73
2003-07-13,15.2,17.8,91,3.10,252,1.75,14.0,12.5,8.5,75
2003-07-14,18.6,25.1,67,0.00,228,4.85,0.0,13.8,7.4,35
2003-07-15,19.9,24.9,67,0.00,187,4.88,0.0,13.7,10.3,46
2003-07-16,18.4,21.6,83,12.50,153,2.59,16.0,18.2,12.2,66
2003-07-17,18.3,23.8,80,3.80,254,4.00,5.0,18.7,10.6,51
2003-07-18,15.0,18.6,70,0.40,267,3.54,4.0,13.9,9.2,50
2003-07-19,14.2,17.1,74,1.90,244,2.37,8.0,11.2,8.3,60
2003-07-20,15.3,20.6,87,10.60,195,2.19,13.0,9.4,6.3,69
2003-07-21,15.3,18.1,96,13.60,152,1.11,17.0,11.5,8.8,93
2003-07-22,17.5,22.7,93,10.00,93,2.89,13.0,9.3,4.5,68
2003-07-23,16.9,20.5,92,7.80,86,2.32,23.0,9.4,6.4,72
2003-07-24,16.2,19.9,92,1.70,80,1.93,7.0,8.0,5.1,77
2003-07-25,18.3,24.0,80,0.60,261,3.66,2.0,14.7,9.4,45
2003-07-26,18.0,20.1,82,9.10,224,1.69,16.0,14.7,13.2,66
2003-07-27,17.7,20.2,91,15.60,249,1.89,15.0,28.2,15.8,57
2003-07-28,15.2,17.7,66,0.00,305,3.23,0.0,21.9,18.2,55
2003-07-29,14.9,18.5,74,0.00,315,2.78,0.0,12.7,8.6,58
2003-07-30,16.1,20.0,87,12.80,152,2.66,16.0,9.2,6.4,76
2003-07-31,17.9,23.4,86,0.30,133,3.43,2.0,6.2,4.0,61
2003-08-01,19.6,24.4,77,0.00,134,4.16,0.0,12.5,7.7,49
2003-08-02,17.7,21.3,80,0.00,131,3.04,0.0,10.3,7.6,63
2003-08-03,19.2,23.7,83,0.00,130,2.85,0.0,8.0,4.4,64
2003-08-04,19.6,21.7,96,16.90,122,1.12,15.0,14.0,10.1,84
2003-08-05,19.9,22.4,97,13.20,115,1.82,19.0,11.5,7.0,90
2003-08-06,17.5,19.9,98,23.40,110,0.96,17.0,20.8,14.5,91
2003-08-07,18.7,21.3,96,10.60,157,1.93,14.0,14.2,10.0,85
2003-08-08,19.7,23.5,91,1.70,116,2.96,4.0,8.6,5.6,78
2003-08-09,20.0,24.0,87,0.40,129,3.08,3.0,7.1,5.0,69
2003-08-10,18.9,21.0,96,14.00,118,0.87,15.0,7.9,5.8,86
2003-08-11,20.2,24.8,83,3.50,335,3.75,6.0,13.1,7.9,53
2003-08-12,19.9,24.9,71,0.00,21,4.53,0.0,13.7,8.4,49
2003-08-13,21.0,26.2,72,0.00,269,4.70,0.0,13.2,7.7,41
2003-08-14,20.1,24.5,70,0.00,320,4.54,0.0,12.2,10.1,45
2003-08-15,21.6,27.9,76,0.00,230,4.29,0.0,16.6,8.5,50
2003-08-16,20.0,22.9,85,10.10,289,2.37,13.0,21.0,12.9,73
2003-08-17,17.6,21.3,76,0.20,356,3.32,2.0,14.6,11.3,63
2003-08-18,18.2,23.0,74,0.00,350,4.12,0.0,8.0,5.1,41
2003-08-19,19.6,25.7,74,0.00,258,3.69,0.0,15.9,9.6,52
2003-08-20,21.0,24.4,86,3.60,276,2.59,7.0,7.4,5.6,72
2003-08-21,22.2,26.8,82,1.50,193,4.29,6.0,16.7,8.6,53
2003-08-22,20.5,22.2,71,0.90,237,3.90,4.0,18.5,16.2,47
2003-08-23,13.6,18.8,60,2.00,301,2.76,6.0,25.8,17.9,49
2003-08-24,11.7,17.5,51,0.00,315,4.40,0.0,21.7,16.6,35
2003-08-25,12.9,14.4,79,0.00,221,0.86,0.0,8.9,5.4,56
2003-08-26,16.1,21.4,78,0.00,263,2.90,0.0,8.4,6.0,46
2003-08-27,15.2,17.6,80,3.50,270,2.99,6.0,24.7,15.3,49
2003-08-28,11.8,15.2,62,0.00,310,3.45,0.0,20.7,15.6,43
2003-08-29,11.6,16.5,81,3.50,156,1.15,8.0,19.3,11.3,64
2003-08-30,12.6,17.4,76,0.20,312,1.91,1.0,17.9,13.8,46
2003-08-31,12.4,17.7,68,0.20,248,2.66,1.0,16.0,9.4,48
2003-09-01,14.4,19.1,72,0.90,266,2.91,1.0,14.7,12.0,61
2003-09-02,11.9,16.6,66,0.00,8,3.47,0.0,12.3,5.7,43
2003-09-03,12.5,18.7,75,0.00,154,2.17,0.0,14.9,8.5,57
2003-09-04,15.3,18.8,89,5.40,169,1.62,10.0,16.2,12.2,79
2003-09-05,13.9,16.2,78,0.10,313,1.88,1.0,13.2,10.0,61
2003-09-06,14.8,20.9,67,0.00,251,3.64,0.0,13.8,8.7,41
2003-09-07,14.4,16.5,64,0.00,329,3.01,0.0,15.0,12.6,44
2003-09-08,11.0,15.1,66,0.00,342,3.05,0.0,15.1,11.4,41
2003-09-09,10.5,15.8,64,0.00,26,3.23,0.0,9.3,6.4,38
2003-09-10,13.8,23.2,72,0.30,267,2.80,2.0,13.0,9.0,57
2003-09-11,17.8,23.7,82,0.00,339,2.79,0.0,8.1,4.8,55
2003-09-12,17.8,24.0,78,0.00,157,3.57,0.0,10.2,6.8,48
2003-09-13,17.0,21.2,76,0.00,167,2.95,0.0,11.7,8.4,48
2003-09-14,17.2,22.7,80,0.00,157,2.05,0.0,13.5,9.2,70
2003-09-15,19.8,23.6,88,0.90,166,1.82,5.0,17.4,12.3,67
2003-09-16,17.8,19.9,82,2.70,185,1.77,6.0,16.9,11.4,50
2003-09-17,15.2,19.8,61,0.00,280,3.04,0.0,16.4,11.3,42
2003-09-18,15.6,21.5,73,0.00,169,3.08,0.0,9.2,5.0,44
2003-09-19,15.2,19.7,71,1.60,122,2.69,4.0,24.3,14.4,48
2003-09-20,17.4,19.8,79,7.10,180,2.56,8.0,26.5,16.8,51
2003-09-21,14.0,15.6,71,0.00,334,1.78,0.0,10.5,8.9,55
2003-09-22,12.9,17.4,70,0.00,105,2.58,0.0,17.1,9.1,51
2003-09-23,12.9,15.0,89,29.90,142,0.66,15.0,20.2,16.8,66
2003-09-24,12.7,16.1,80,0.30,225,1.78,2.0,17.3,13.6,55
2003-09-25,12.1,14.2,83,8.20,179,1.14,8.0,21.3,16.1,72
2003-09-26,10.1,13.8,74,0.00,201,1.77,0.0,11.2,6.9,50
2003-09-27,13.0,20.6,79,0.00,141,2.06,0.0,29.7,17.4,65
2003-09-28,14.5,18.4,92,25.60,150,0.65,15.0,22.7,15.2,74
2003-09-29,11.0,15.0,88,5.20,242,1.79,7.0,9.3,5.5,57
2003-09-30,9.0,12.0,77,1.00,223,1.90,6.0,17.7,12.9,40
2003-10-01,6.8,9.6,75,2.80,205,1.82,9.0,18.7,11.3,43
2003-10-02,3.8,5.5,96,7.60,6,0.56,11.0,12.9,6.6,87
2003-10-03,3.3,8.1,75,0.40,266,1.61,2.0,17.6,14.7,41
2003-10-04,5.0,5.5,78,10.60,156,0.87,14.0,21.4,17.6,58
2003-10-05,4.2,7.0,88,3.40,223,1.18,10.0,17.5,12.5,73
2003-10-06,4.4,7.2,72,0.90,277,1.39,6.0,16.6,13.2,50
2003-10-07,5.0,10.2,67,0.00,229,1.89,0.0,16.9,9.5,44
2003-10-08,10.9,17.9,68,0.00,222,2.45,0.0,16.5,11.9,50
2003-10-09,9.9,13.1,66,0.00,352,2.07,0.0,14.1,9.3,38
2003-10-10,10.8,19.0,67,0.00,163,2.18,0.0,8.4,5.5,53
2003-10-11,13.2,21.4,82,0.00,201,2.27,0.0,10.2,5.0,49
2003-10-12,12.8,18.9,87,0.30,168,1.85,1.0,15.6,9.0,60
2003-10-13,10.7,13.7,73,0.10,284,1.82,1.0,15.2,12.3,46
2003-10-14,9.0,14.2,72,0.00,171,1.86,0.0,15.5,9.9,53
2003-10-15,8.1,11.1,82,26.80,119,0.77,14.0,29.8,20.5,59
2003-10-16,3.9,6.7,71,6.60,275,1.46,11.0,31.9,21.5,50
2003-10-17,2.2,4.8,73,0.30,272,1.00,2.0,13.8,10.8,48
2003-10-18,1.7,4.9,80,0.90,276,1.01,5.0,6.2,3.6,65
2003-10-19,0.8,3.0,72,0.00,349,0.99,0.0,11.5,9.0,44
2003-10-20,0.8,3.9,70,0.10,277,0.78,1.0,13.8,6.7,56
2003-10-21,0.6,3.3,69,0.90,38,0.85,7.0,18.9,12.0,47
2003-10-22,-0.1,3.3,61,0.00,5,1.28,0.0,17.4,13.5,44
2003-10-23,0.1,1.9,63,0.00,343,1.17,0.0,23.4,17.5,47
2003-10-24,0.5,3.1,60,0.00,310,1.34,0.0,21.3,17.1,42
2003-10-25,0.0,3.0,78,0.80,180,0.57,3.0,17.0,10.3,62
2003-10-26,1.9,3.7,98,14.80,132,0.19,13.0,10.9,7.1,93
2003-10-27,2.8,3.8,100,13.40,356,0.23,14.0,10.5,7.2,99
2003-10-28,2.2,5.9,88,7.50,264,0.60,7.0,12.9,8.6,64
2003-10-29,2.9,4.0,94,16.70,87,0.20,11.0,15.6,10.7,83
2003-10-30,3.6,7.1,85,0.50,260,0.93,4.0,23.9,14.6,58
2003-10-31,4.3,8.6,83,2.40,160,0.57,3.0,16.6,9.7,72
2003-11-01,8.9,11.4,89,4.30,249,0.66,13.0,17.9,13.5,60
2003-11-02,2.1,4.6,60,0.00,331,1.04,0.0,11.6,6.9,50
2003-11-03,1.7,4.9,79,0.00,198,0.45,0.0,12.4,5.3,74
2003-11-04,-1.5,2.7,48,0.70,11,1.17,3.0,19.0,13.6,37
2003-11-05,-0.5,5.0,93,15.70,144,0.24,18.0,23.0,16.9,64
2003-11-06,0.9,5.0,83,0.30,292,0.56,2.0,13.5,9.0,59
2003-11-07,-0.4,2.9,80,1.10,206,0.76,7.0,17.4,10.5,50
2003-11-08,-6.7,-0.6,50,0.30,303,1.04,1.0,25.6,19.5,34
2003-11-09,-6.7,-1.8,57,0.00,281,0.87,0.0,16.2,12.4,44
2003-11-10,-1.8,1.9,75,0.00,241,0.58,0.0,14.1,10.3,65
2003-11-11,-0.7,1.5,83,3.10,160,0.49,5.0,19.6,10.9,70
2003-11-12,1.2,3.7,90,4.00,209,0.49,6.0,19.2,9.7,73
2003-11-13,1.5,3.7,97,20.10,112,0.34,13.0,27.3,13.4,91
2003-11-14,-5.3,0.3,74,5.10,308,0.65,16.0,34.7,29.4,64
2003-11-15,-5.6,-3.7,68,0.00,308,0.81,0.0,26.4,22.3,61
2003-11-16,-7.1,-2.9,76,0.00,319,0.61,0.0,15.3,10.7,62
2003-11-17,-5.7,0.8,73,0.00,333,0.62,0.0,8.0,4.8,45
2003-11-18,-4.0,2.0,73,0.00,129,0.63,0.0,15.0,7.4,56
2003-11-19,3.0,7.1,96,20.80,152,0.14,16.0,24.2,20.5,79
2003-11-20,3.3,8.8,93,21.30,297,0.39,16.0,27.3,15.9,73
2003-11-21,0.2,5.5,85,0.00,211,0.67,0.0,7.1,5.7,68
2003-11-22,-0.0,2.5,75,0.00,354,0.77,0.0,14.8,11.4,53
2003-11-23,-1.1,2.4,70,0.00,102,0.67,0.0,13.8,9.1,53
2003-11-24,1.3,5.8,70,0.00,140,0.96,0.0,19.3,15.4,63
2003-11-25,0.3,4.3,68,3.50,209,0.96,8.0,21.7,17.7,43
2003-11-26,-2.2,1.0,71,0.00,193,0.59,0.0,14.1,10.9,60
2003-11-27,-0.9,3.5,81,0.00,188,0.57,0.0,8.7,6.1,57
2003-11-28,-0.4,0.7,95,14.50,102,0.17,20.0,16.4,8.9,88
2003-11-29,-0.2,2.7,91,36.10,312,0.29,24.0,30.6,16.4,72
2003-11-30,-4.4,0.9,77,0.50,257,0.57,2.0,26.6,16.5,64
2003-12-01,-3.7,-1.9,85,7.60,280,0.40,10.0,23.3,14.4,64
2003-12-02,-13.0,-8.8,73,0.00,309,0.35,0.0,22.7,16.6,56
2003-12-03,-13.6,-8.3,75,0.00,310,0.39,0.0,20.4,16.7,59
2003-12-04,-13.6,-10.9,78,0.00,318,0.29,0.0,14.7,12.4,57
2003-12-05,-17.0,-13.8,78,0.00,332,0.24,0.0,11.0,9.3,65
2003-12-06,-17.6,-11.0,75,0.00,9,0.23,0.0,13.0,8.5,58
2003-12-07,-11.1,-8.0,71,0.10,357,0.46,1.0,20.5,17.5,62
2003-12-08,-11.3,-7.3,70,0.00,345,0.48,0.0,17.4,13.8,55
2003-12-09,-14.2,-6.7,77,0.00,345,0.32,0.0,11.6,4.9,57
2003-12-10,-8.3,-3.0,72,0.00,129,0.45,0.0,15.3,8.0,53
2003-12-11,-0.8,2.0,92,19.90,134,0.19,14.0,20.7,16.6,66
2003-12-12,-4.8,2.3,77,12.20,296,0.48,10.0,26.4,18.2,57
2003-12-13,-17.6,-12.3,60,0.00,298,0.37,0.0,18.4,15.0,49
2003-12-14,-16.7,-10.9,57,0.00,149,0.34,0.0,10.0,5.6,40
2003-12-15,-8.4,-5.9,77,15.20,62,0.31,22.0,17.4,12.9,50
2003-12-16,-9.5,-5.6,82,0.00,331,0.34,0.0,17.5,11.5,61
2003-12-17,-4.1,-1.3,86,13.80,136,0.27,21.0,16.0,13.0,77
2003-12-18,-3.1,-0.8,86,28.70,299,0.30,24.0,28.7,19.0,72
2003-12-19,-10.0,-6.3,74,0.30,288,0.40,2.0,21.0,13.1,64
2003-12-20,-13.3,-10.5,78,0.00,318,0.25,0.0,12.1,9.7,63
2003-12-21,-14.7,-6.9,80,2.00,203,0.20,9.0,13.0,8.7,77
2003-12-22,-9.0,-4.1,85,1.60,120,0.18,11.0,10.3,8.1,78
2003-12-23,-1.8,-0.3,95,2.50,163,0.18,8.0,11.8,8.1,91
2003-12-24,1.2,3.6,92,9.10,130,0.26,18.0,15.2,11.4,84
2003-12-25,2.1,4.3,97,9.50,149,0.25,7.0,15.9,8.7,89
2003-12-26,-0.0,0.7,89,20.40,328,0.35,16.0,21.8,17.7,79
2003-12-27,-6.3,-3.4,76,0.00,335,0.51,0.0,21.3,15.9,57
2003-12-28,-10.7,-5.3,77,0.00,263,0.32,0.0,10.8,7.4,59
2003-12-29,-4.3,0.3,81,2.70,167,0.28,8.0,11.9,9.7,73
2003-12-30,0.1,1.0,94,20.90,187,0.17,22.0,23.7,10.4,82
2003-12-31,-7.6,0.5,76,1.60,303,0.47,7.0,27.7,15.8,66
2004-01-01,-9.9,-8.5,82,3.20,336,0.33,6.0,15.9,11.2,61
2004-01-02,-14.7,-10.7,80,1.50,18,0.17,4.0,11.6,8.3,72
2004-01-03,-6.8,-0.9,88,5.10,135,0.18,9.0,17.7,12.5,81
2004-01-04,-2.8,1.1,75,0.00,281,0.57,0.0,20.3,16.6,58
2004-01-05,-13.9,-10.4,73,0.00,351,0.31,0.0,16.1,12.9,57
2004-01-06,-13.8,-12.0,77,3.10,307,0.26,13.0,15.8,9.4,64
2004-01-07,-19.4,-15.6,71,0.20,294,0.25,2.0,20.5,11.1,54
2004-01-08,-28.7,-23.8,60,0.00,310,0.18,0.0,21.6,17.5,49
2004-01-09,-29.2,-24.6,66,0.00,326,0.16,0.0,17.9,16.0,53
2004-01-10,-28.2,-24.1,67,0.00,322,0.16,0.0,16.8,14.4,51
2004-01-11,-26.2,-19.6,72,0.90,196,0.13,6.0,12.0,8.5,66
2004-01-12,-22.0,-17.7,74,0.00,348,0.21,0.0,10.7,7.6,59
2004-01-13,-21.6,-17.9,71,3.40,324,0.16,7.0,25.9,11.4,56
2004-01-14,-30.9,-27.1,60,0.00,315,0.15,0.0,24.0,16.9,47
2004-01-15,-32.4,-29.1,64,0.00,312,0.12,0.0,20.0,15.2,49
2004-01-16,-20.2,-13.4,64,2.50,317,0.38,11.0,26.4,22.8,61
2004-01-17,-13.2,-9.2,70,0.00,321,0.50,0.0,25.2,18.2,58
2004-01-18,-12.9,-8.8,81,4.70,111,0.21,14.0,17.9,9.3,73
2004-01-19,-9.3,-4.9,85,2.70,327,0.31,16.0,20.6,10.8,72
2004-01-20,-11.0,-7.3,73,0.00,323,0.44,0.0,24.7,20.7,63
2004-01-21,-15.9,-12.4,72,0.00,333,0.39,0.0,20.6,12.9,52
2004-01-22,-16.2,-11.1,78,1.80,147,0.24,5.0,13.8,10.4,68
2004-01-23,-16.9,-11.9,68,1.30,283,0.32,8.0,19.7,16.1,51
2004-01-24,-25.0,-21.9,65,0.00,303,0.22,0.0,17.3,15.2,50
2004-01-25,-28.2,-23.7,62,0.00,301,0.20,0.0,18.4,13.7,48
2004-01-26,-28.8,-25.0,65,0.00,336,0.18,0.0,16.1,12.9,48
2004-01-27,-26.1,-18.4,60,0.00,353,0.29,0.0,16.9,14.0,42
2004-01-28,-21.0,-14.7,68,0.00,343,0.32,0.0,16.2,12.0,55
2004-01-29,-15.0,-13.4,70,1.30,300,0.36,10.0,20.1,13.8,56
2004-01-30,-17.2,-15.1,66,0.50,283,0.36,5.0,17.7,13.2,54
2004-01-31,-15.9,-11.1,73,0.00,298,0.36,0.0,12.3,9.7,60
2004-02-01,-7.6,-1.5,79,0.00,317,0.64,0.0,14.6,13.1,66
2004-02-02,-6.7,-4.0,84,0.00,333,0.55,0.0,13.7,9.7,68
2004-02-03,-8.8,-2.8,79,0.00,133,0.61,0.0,13.9,9.1,58
2004-02-04,-4.0,-0.9,80,6.10,225,0.58,15.0,24.3,15.2,54
2004-02-05,-14.5,-9.3,61,0.00,304,0.61,0.0,22.5,18.4,54
2004-02-06,-14.2,-9.4,75,3.70,16,0.31,6.0,14.4,9.0,57
2004-02-07,-8.7,-7.7,82,4.50,7,0.35,22.0,18.8,12.0,64
2004-02-08,-17.1,-11.3,64,0.00,308,0.48,0.0,21.2,17.3,44
2004-02-09,-10.6,-4.0,76,0.30,196,0.49,3.0,16.8,12.0,66
2004-02-10,-3.4,-0.9,74,0.10,234,0.74,1.0,18.3,13.5,52
2004-02-11,-7.7,-4.6,80,0.60,276,0.45,5.0,19.0,13.4,56
2004-02-12,-15.1,-11.2,71,0.00,280,0.51,0.0,13.8,10.0,50
2004-02-13,-10.5,-5.0,72,1.30,220,0.56,8.0,19.1,13.8,57
2004-02-14,-9.0,-5.3,68,0.70,273,0.58,5.0,22.0,16.2,45
2004-02-15,-24.3,-18.7,61,0.00,282,0.34,0.0,14.2,11.0,44
2004-02-16,-23.0,-17.9,65,0.00,298,0.35,0.0,13.2,10.2,44
2004-02-17,-21.5,-13.4,61,0.00,152,0.47,0.0,11.0,7.4,40
2004-02-18,-13.3,-6.4,69,0.00,206,0.77,0.0,10.2,5.6,49
2004-02-19,-10.3,-3.6,75,0.00,334,0.79,0.0,13.4,7.5,55
2004-02-20,-7.8,-3.7,77,0.00,351,0.80,0.0,14.8,11.2,55
2004-02-21,-5.7,-4.4,77,6.80,117,0.50,19.0,20.3,17.1,62
2004-02-22,-4.1,-0.9,84,2.60,117,0.55,16.0,15.0,8.4,72
2004-02-23,-7.7,-3.1,75,0.30,329,0.79,3.0,17.8,15.2,55
2004-02-24,-12.1,-6.8,71,0.00,329,0.76,0.0,14.8,13.7,48
2004-02-25,-10.8,-4.2,62,0.00,336,0.98,0.0,17.8,16.5,39
2004-02-26,-12.0,-7.7,64,0.00,342,0.84,0.0,17.9,15.9,36
2004-02-27,-11.7,-4.2,58,0.00,343,1.03,0.0,15.7,14.2,32
2004-02-28,-7.7,-0.6,68,0.00,337,0.95,0.0,11.4,8.8,46
2004-02-29,-4.5,2.3,78,0.10,148,0.91,1.0,9.1,5.8,63
2004-03-01,-0.8,2.2,85,0.00,296,0.82,0.0,10.8,6.5,68
2004-03-02,0.6,3.6,88,4.60,157,0.46,11.0,15.5,12.6,82
2004-03-03,-0.7,2.8,74,0.50,305,0.92,3.0,20.2,16.8,58
2004-03-04,-4.1,2.0,79,0.30,265,0.79,2.0,11.2,7.3,63
2004-03-05,-4.7,-1.4,87,16.50,59,0.40,8.0,20.3,10.6,68
2004-03-06,0.0,3.0,89,8.60,162,0.56,16.0,20.7,12.0,63
2004-03-07,-6.3,-2.2,71,0.00,324,1.25,0.0,20.4,13.1,52
2004-03-08,-6.4,-1.2,69,0.00,71,1.20,0.0,10.7,7.6,46
2004-03-09,-8.4,-2.4,75,0.00,21,1.20,0.0,7.2,3.8,51
2004-03-10,-6.6,1.3,67,0.00,199,1.36,0.0,13.2,8.6,45
2004-03-11,-3.5,3.6,73,0.00,167,1.60,0.0,12.0,6.7,51
2004-03-12,-1.9,2.2,75,0.40,82,1.04,3.0,8.0,5.4,56
2004-03-13,-7.4,-0.6,69,1.10,311,0.90,6.0,21.9,19.0,49
2004-03-14,-11.5,-5.3,61,0.00,320,1.03,0.0,17.3,11.4,38
2004-03-15,-2.1,1.9,71,3.60,233,1.21,13.0,26.2,18.9,52
2004-03-16,-10.8,-4.4,60,0.00,331,1.08,0.0,21.6,14.6,37
2004-03-17,-12.5,-6.4,63,0.00,32,1.09,0.0,15.0,9.9,39
2004-03-18,-12.1,-5.2,63,0.00,106,1.17,0.0,10.5,8.6,37
2004-03-19,-8.7,-1.1,61,0.00,81,1.40,0.0,8.0,4.4,39
2004-03-20,-6.9,-1.1,72,2.70,163,0.81,5.0,20.7,13.0,52
2004-03-21,-2.1,1.5,83,5.30,319,1.10,8.0,24.4,12.6,60
2004-03-22,-14.6,-6.6,58,0.00,310,0.88,0.0,23.8,19.9,37
2004-03-23,-13.8,-4.3,68,1.50,206,0.72,7.0,16.7,10.2,59
2004-03-24,-8.9,-2.3,68,0.00,259,1.44,0.0,14.0,10.0,39
2004-03-25,-1.8,2.5,79,3.40,152,0.64,8.0,15.6,11.9,65
2004-03-26,3.1,8.4,94,2.30,164,0.96,2.0,14.4,11.2,78
2004-03-27,3.1,5.9,82,14.30,351,1.74,6.0,19.1,15.7,57
2004-03-28,-0.5,5.6,73,0.00,41,2.19,0.0,13.7,7.6,42
2004-03-29,0.3,8.1,69,0.00,143,2.29,0.0,15.5,13.0,45
2004-03-30,2.5,9.1,68,0.00,156,2.48,0.0,12.2,10.8,43
2004-03-31,1.3,7.2,73,0.00,125,2.01,0.0,15.1,7.3,59
2004-04-01,1.6,4.9,80,0.00,25,1.02,0.0,16.3,12.4,68
2004-04-02,2.6,8.4,73,0.20,61,1.54,2.0,12.8,10.0,45
2004-04-03,0.9,3.0,91,4.80,100,0.60,9.0,7.2,6.1,76
2004-04-04,0.7,2.5,89,1.80,1,0.80,9.0,23.1,11.0,67
2004-04-05,-5.4,-1.5,61,0.60,337,1.36,5.0,28.3,26.0,49
2004-04-06,-4.8,1.8,58,0.00,329,1.93,0.0,26.1,21.3,46
2004-04-07,-1.2,4.3,61,0.00,313,1.90,0.0,16.5,12.8,46
2004-04-08,-0.4,4.8,59,0.00,285,2.40,0.0,15.2,10.7,30
2004-04-09,-2.0,2.2,58,0.00,312,1.92,0.0,16.3,11.6,48
2004-04-10,-3.8,-0.5,57,0.00,312,1.70,0.0,18.4,14.2,44
2004-04-11,-2.9,2.6,59,0.00,303,1.69,0.0,11.2,9.4,41
2004-04-12,-0.4,5.0,58,0.00,334,1.77,0.0,7.0,4.6,29
2004-04-13,-0.5,2.3,71,1.50,106,0.89,6.0,19.5,12.2,59
2004-04-14,1.8,5.5,82,15.50,352,1.56,13.0,18.1,12.7,48
2004-04-15,-0.8,2.9,61,0.00,353,2.29,0.0,18.7,14.9,39
2004-04-16,0.7,9.8,49,0.00,11,3.06,0.0,8.4,5.0,20
2004-04-17,1.2,4.1,72,6.30,155,1.05,7.0,11.4,7.7,50
2004-04-18,3.0,10.4,74,0.00,330,2.80,0.0,13.8,9.5,35
2004-04-19,9.5,17.5,79,7.80,181,2.27,13.0,27.2,19.9,53
2004-04-20,3.3,12.9,61,1.90,318,2.73,3.0,26.2,19.3,36
2004-04-21,2.4,10.6,60,0.20,137,1.92,1.0,24.3,15.1,51
2004-04-22,7.8,10.5,80,7.00,203,1.82,12.0,20.2,18.5,50
2004-04-23,0.6,6.8,50,0.00,2,3.18,0.0,17.7,12.3,36
2004-04-24,-0.6,2.4,59,2.60,307,2.10,5.0,29.5,15.5,29
2004-04-25,-3.0,3.2,41,0.00,3,2.48,0.0,21.1,12.3,32
2004-04-26,2.4,7.0,89,3.80,150,0.64,10.0,18.0,13.9,50
2004-04-27,3.7,9.2,90,4.30,206,1.75,10.0,13.8,8.3,76
2004-04-28,1.4,7.0,52,0.00,318,2.93,0.0,18.2,13.7,24
2004-04-29,7.0,19.0,56,0.00,184,3.50,0.0,24.2,15.4,45
2004-04-30,15.0,21.6,67,1.40,224,3.73,3.0,17.4,11.9,47
2004-05-01,12.2,19.9,85,1.80,169,2.12,5.0,20.8,10.2,60
2004-05-02,11.6,17.7,92,5.00,243,1.12,12.0,14.1,9.5,80
2004-05-03,9.5,16.3,85,10.00,249,1.48,11.0,12.4,10.0,57
2004-05-04,2.6,8.2,59,6.60,317,2.07,13.0,22.4,17.2,27
2004-05-05,4.8,8.5,69,0.20,219,1.57,2.0,12.1,9.1,44
2004-05-06,5.6,10.4,87,0.60,189,1.12,3.0,19.4,9.9,70
2004-05-07,5.5,9.7,60,0.20,309,2.93,1.0,26.8,18.2,26
2004-05-08,2.8,10.5,43,0.00,300,3.52,0.0,13.8,11.2,31
2004-05-09,6.9,14.3,52,0.00,284,4.09,0.0,17.3,11.6,23
2004-05-10,7.5,16.3,62,0.60,132,2.96,3.0,17.4,12.2,42
2004-05-11,10.9,14.4,75,1.00,315,3.40,7.0,17.5,12.6,31
2004-05-12,8.5,14.5,57,0.00,352,3.11,0.0,12.3,8.9,38
2004-05-13,9.2,14.5,62,1.00,103,2.97,4.0,14.5,10.9,50
2004-05-14,14.2,24.0,79,0.70,160,4.00,3.0,17.3,10.6,60
2004-05-15,16.8,20.0,82,1.90,250,2.56,6.0,19.5,15.8,49
2004-05-16,9.9,16.4,53,0.00,358,4.51,0.0,17.4,11.1,34
2004-05-17,12.2,18.1,57,0.00,207,4.58,0.0,19.1,11.3,37
2004-05-18,13.5,15.3,82,22.70,204,1.42,12.0,18.5,16.1,57
2004-05-19,11.7,18.9,61,0.00,310,4.28,0.0,16.9,11.4,28
2004-05-20,13.4,18.7,66,2.60,185,3.49,3.0,24.5,12.7,40
2004-05-21,10.2,13.1,68,5.90,312,3.68,5.0,22.3,15.3,31
2004-05-22,9.9,16.1,55,0.00,47,3.74,0.0,7.7,4.6,34
2004-05-23,11.6,16.9,60,0.00,357,3.61,0.0,14.0,8.9,35
2004-05-24,8.0,13.3,70,16.80,56,1.38,11.0,17.3,13.6,44
2004-05-25,6.6,8.8,92,3.30,82,0.81,11.0,15.7,13.6,77
2004-05-26,8.0,10.4,94,1.70,142,0.75,10.0,14.8,13.2,86
2004-05-27,11.7,17.9,78,6.50,194,3.49,6.0,13.7,7.7,42
2004-05-28,10.3,13.6,84,8.90,251,1.35,12.0,21.3,11.8,62
2004-05-29,6.2,9.2,53,0.20,320,2.98,2.0,25.2,19.9,43
2004-05-30,7.2,13.3,53,0.00,325,3.80,0.0,20.8,16.1,32
2004-05-31,9.1,16.7,60,0.00,7,4.41,0.0,11.7,7.4,39
2004-06-01,8.2,12.8,81,10.50,117,1.19,11.0,18.7,15.1,61
2004-06-02,6.5,10.2,92,14.90,50,1.11,20.0,16.7,12.9,64
2004-06-03,8.1,13.0,77,0.50,333,2.63,4.0,18.6,13.2,59
2004-06-04,10.3,16.7,65,0.00,317,4.11,0.0,15.3,13.6,29
2004-06-05,12.5,19.6,56,0.00,126,5.05,0.0,12.0,7.6,34
2004-06-06,13.2,16.3,69,0.00,165,3.21,0.0,16.8,12.1,55
2004-06-07,14.9,20.7,76,5.30,213,3.83,12.0,15.1,10.9,45
2004-06-08,17.8,27.1,72,0.00,212,4.67,0.0,24.3,11.5,50
2004-06-09,20.1,23.2,66,0.00,290,4.68,0.0,19.6,17.4,41
2004-06-10,10.9,15.2,48,0.00,335,5.09,0.0,22.4,17.4,29
2004-06-11,10.0,15.8,49,0.00,335,4.87,0.0,20.5,15.9,29
2004-06-12,11.2,18.2,55,0.00,350,4.93,0.0,13.9,9.9,34
2004-06-13,14.9,21.9,62,0.00,193,4.82,0.0,17.0,10.9,41
2004-06-14,15.3,20.6,86,5.60,180,1.52,12.0,17.4,13.7,62
2004-06-15,17.5,21.7,75,7.90,256,4.07,5.0,20.5,12.5,48
2004-06-16,14.3,20.8,59,0.00,316,5.21,0.0,17.6,10.8,40
2004-06-17,18.2,24.2,64,0.00,283,4.83,0.0,10.5,8.0,40
2004-06-18,15.6,19.7,74,0.70,24,1.68,5.0,10.5,7.4,58
2004-06-19,14.5,17.4,78,16.20,293,3.64,12.0,24.6,12.7,47
2004-06-20,11.9,18.6,53,2.60,290,4.70,3.0,20.6,16.3,36
2004-06-21,14.2,20.2,73,1.70,258,3.09,5.0,12.7,8.6,43
2004-06-22,15.0,17.7,78,9.50,196,2.05,8.0,13.6,8.7,61
2004-06-23,15.3,20.0,80,3.50,285,3.53,7.0,10.6,7.8,47
2004-06-24,16.3,22.2,70,0.10,171,3.64,1.0,24.5,13.6,48
2004-06-25,13.4,18.6,71,11.90,244,3.69,9.0,16.8,11.7,35
2004-06-26,12.9,17.6,67,1.60,219,3.98,2.0,15.6,11.3,44
2004-06-27,12.8,17.6,73,5.40,248,3.60,5.0,22.8,13.3,54
2004-06-28,12.1,17.7,71,0.40,272,3.64,3.0,16.9,11.0,46
2004-06-29,13.6,18.5,79,6.20,190,3.12,6.0,14.8,6.8,58
2004-06-30,13.5,18.6,81,4.30,286,2.98,7.0,9.4,6.5,54
2004-07-01,15.8,20.4,79,9.10,181,3.36,6.0,20.0,11.8,58
2004-07-02,14.9,19.1,83,3.10,281,3.23,10.0,14.1,9.7,62
2004-07-03,16.8,22.1,73,0.00,332,4.01,0.0,13.4,10.2,45
2004-07-04,18.4,24.2,73,0.00,160,4.73,0.0,15.9,10.3,45
2004-07-05,18.6,21.2,82,7.30,164,2.10,14.0,21.6,15.7,72
2004-07-06,15.3,20.2,70,3.90,347,4.64,2.0,20.6,16.6,40
2004-07-07,16.9,22.8,65,0.00,30,4.98,0.0,10.2,6.7,41
2004-07-08,16.3,19.1,93,18.70,114,1.06,20.0,10.6,6.5,68
2004-07-09,17.3,20.7,90,6.00,345,2.81,16.0,9.4,6.1,69
2004-07-10,15.2,17.6,86,0.00,352,1.65,0.0,12.6,9.9,76
2004-07-11,17.0,23.3,75,0.00,323,4.42,0.0,9.3,6.7,46
2004-07-12,19.0,23.6,76,0.00,197,4.01,0.0,9.1,5.7,50
2004-07-13,19.0,23.0,87,2.80,176,3.11,8.0,13.7,9.5,73
2004-07-14,17.6,20.0,86,0.00,147,2.06,0.0,16.3,12.2,73
2004-07-15,16.3,18.4,92,10.70,101,0.85,15.0,15.0,11.2,82
2004-07-16,16.2,18.1,98,12.40,27,1.48,18.0,10.9,4.0,92
2004-07-17,17.7,23.6,84,1.30,331,4.10,2.0,14.4,10.1,55
2004-07-18,18.0,23.3,74,0.60,15,4.36,4.0,11.5,7.2,55
2004-07-19,18.5,21.0,92,7.60,136,2.38,15.0,9.7,6.0,80
2004-07-20,19.4,24.3,84,4.00,213,3.85,7.0,10.8,6.7,59
2004-07-21,18.8,23.6,79,0.00,308,3.18,0.0,10.7,8.0,56
2004-07-22,21.0,26.8,85,5.30,182,3.70,5.0,20.7,14.7,60
2004-07-23,16.6,20.8,87,7.80,326,2.00,8.0,20.2,14.7,56
2004-07-24,13.8,18.9,57,0.00,354,4.60,0.0,13.8,11.5,37
2004-07-25,15.5,19.7,68,0.00,275,3.19,0.0,9.3,4.8,43
2004-07-26,17.1,22.5,67,0.00,218,4.08,0.0,11.2,7.9,40
2004-07-27,17.4,22.3,75,0.00,183,3.63,0.0,9.8,5.9,51
2004-07-28,18.4,23.2,75,0.50,188,3.93,2.0,9.5,4.4,49
2004-07-29,19.3,25.5,79,0.20,238,4.15,1.0,9.2,5.6,49
2004-07-30,21.1,25.7,72,0.00,202,4.57,0.0,16.1,9.5,48
2004-07-31,19.4,21.8,95,32.70,184,0.90,21.0,21.0,12.3,73
2004-08-01,19.9,22.8,83,2.30,254,3.88,6.0,14.1,10.8,53
2004-08-02,19.4,24.2,77,0.80,237,3.99,5.0,13.8,8.6,60
2004-08-03,19.8,23.1,77,0.00,266,3.91,0.0,12.2,9.8,49
2004-08-04,16.8,19.9,66,0.10,314,3.80,1.0,13.9,9.4,47
2004-08-05,12.8,16.4,70,0.60,330,2.36,4.0,15.1,13.1,63
2004-08-06,12.5,15.5,70,0.00,347,2.77,0.0,12.7,10.5,51
2004-08-07,13.2,18.6,80,3.30,356,3.20,5.0,11.6,9.7,57
2004-08-08,14.1,18.9,84,1.90,315,2.95,5.0,11.8,7.7,57
2004-08-09,16.8,23.5,68,0.00,294,4.17,0.0,15.3,11.6,44
2004-08-10,17.8,21.8,78,3.40,190,2.64,4.0,16.3,8.6,60
2004-08-11,17.8,21.3,93,10.50,180,2.03,19.0,14.0,11.2,72
2004-08-12,17.3,20.6,84,0.70,185,2.61,4.0,14.1,10.1,63
2004-08-13,15.5,17.4,98,18.60,62,0.76,23.0,11.3,7.6,89
2004-08-14,16.0,19.2,84,1.10,302,2.93,4.0,14.7,10.0,54
2004-08-15,15.9,20.4,67,0.00,250,3.51,0.0,8.7,4.9,42
2004-08-16,17.1,21.9,73,0.00,217,3.52,0.0,9.4,5.0,41
2004-08-17,17.1,22.1,75,0.00,233,3.42,0.0,10.9,6.5,42
2004-08-18,17.0,21.7,83,1.90,187,2.63,12.0,14.8,11.3,66
2004-08-19,17.8,21.5,86,10.50,195,2.40,10.0,17.7,14.6,56
2004-08-20,15.2,19.7,66,0.00,214,3.76,0.0,19.7,10.8,45
2004-08-21,15.5,19.0,67,0.00,248,3.79,0.0,16.0,10.6,42
2004-08-22,13.8,19.0,63,0.00,241,3.99,0.0,18.9,11.5,41
2004-08-23,13.8,16.4,80,7.40,229,2.15,10.0,20.2,15.2,59
2004-08-24,11.5,15.9,62,0.00,346,3.84,0.0,17.1,13.0,49
2004-08-25,12.6,19.3,70,0.00,120,3.72,0.0,13.7,9.7,48
2004-08-26,17.3,22.3,85,0.00,170,2.05,0.0,16.3,13.1,71
2004-08-27,18.9,21.7,92,6.10,186,1.42,9.0,14.7,11.7,83
2004-08-28,21.0,24.1,81,0.50,266,3.21,3.0,12.8,10.9,56
2004-08-29,16.1,19.6,86,13.40,40,1.00,12.0,11.6,9.3,77
2004-08-30,14.8,17.5,91,5.10,358,1.34,8.0,10.9,8.4,74
2004-08-31,16.1,20.2,81,12.40,302,2.68,10.0,13.8,7.8,52
2004-09-01,14.4,16.9,71,0.10,312,2.97,1.0,18.5,14.6,54
2004-09-02,10.3,14.7,58,0.00,331,3.51,0.0,16.3,9.5,45
2004-09-03,14.0,21.5,78,1.20,222,2.25,4.0,20.9,13.0,67
2004-09-04,13.2,17.5,82,7.80,350,1.77,6.0,17.3,11.4,58
2004-09-05,12.2,17.0,74,0.00,135,2.60,0.0,14.2,10.2,61
2004-09-06,14.8,19.7,87,0.00,177,1.74,0.0,16.7,12.5,71
2004-09-07,16.5,20.7,86,7.30,184,1.72,5.0,20.1,14.8,72
2004-09-08,13.5,16.7,77,0.20,347,2.80,1.0,16.6,12.6,47
2004-09-09,10.5,12.3,81,56.10,60,0.77,12.0,20.0,13.4,58
2004-09-10,12.9,18.9,83,42.00,0,2.56,13.0,23.0,17.9,49
2004-09-11,13.4,20.2,77,0.00,213,3.20,0.0,13.8,7.7,52
2004-09-12,14.7,19.1,86,3.70,216,1.96,8.0,15.2,11.2,69
2004-09-13,10.6,13.9,60,0.00,346,3.10,0.0,17.1,13.0,46
2004-09-14,11.4,17.8,71,0.00,157,2.91,0.0,15.1,9.6,50
2004-09-15,15.6,21.7,85,0.00,190,2.31,0.0,16.2,12.6,65
2004-09-16,16.9,21.4,86,0.00,186,2.17,0.0,19.5,12.6,62
2004-09-17,15.7,18.0,70,0.00,254,2.60,0.0,15.5,13.2,51
2004-09-18,9.2,12.0,60,0.00,340,2.18,0.0,15.5,13.4,52
2004-09-19,8.6,11.8,63,0.00,352,2.46,0.0,20.6,16.6,50
2004-09-20,8.8,12.9,76,0.50,309,1.30,2.0,8.7,6.2,58
2004-09-21,12.3,16.3,81,0.80,194,1.47,3.0,8.4,5.4,71
2004-09-22,14.6,20.8,87,0.00,285,1.44,0.0,18.2,9.6,67
2004-09-23,13.2,17.6,67,0.00,343,2.92,0.0,18.1,11.5,43
2004-09-24,14.7,22.3,77,0.00,187,2.74,0.0,13.8,7.8,57
2004-09-25,16.7,22.3,78,0.10,222,2.57,1.0,19.9,13.3,53
2004-09-26,13.4,19.1,63,0.00,292,3.08,0.0,18.2,11.8,45
2004-09-27,15.5,21.8,71,0.00,217,2.98,0.0,16.0,11.2,43
2004-09-28,12.5,15.8,75,0.10,324,1.61,1.0,18.4,11.7,51
2004-09-29,10.0,16.0,72,0.00,340,2.38,0.0,7.9,5.3,43
2004-09-30,10.6,16.8,77,0.00,243,1.99,0.0,6.6,3.4,43
2004-10-01,12.0,18.3,77,0.00,193,2.45,0.0,11.8,5.4,45
2004-10-02,11.0,14.9,88,4.10,161,1.05,7.0,24.4,16.0,71
2004-10-03,7.8,12.5,74,7.20,226,1.84,2.0,23.5,11.7,44
2004-10-04,7.5,13.5,79,4.00,181,1.29,4.0,24.3,16.3,58
2004-10-05,2.5,5.1,64,0.00,309,1.44,0.0,15.4,11.4,40
2004-10-06,4.8,10.1,78,3.60,195,0.87,8.0,14.6,9.7,58
2004-10-07,10.7,18.4,79,0.00,198,2.07,0.0,13.3,6.9,49
2004-10-08,13.2,20.1,83,0.00,186,2.12,0.0,15.9,10.1,58
2004-10-09,13.9,15.1,82,4.40,185,1.19,11.0,21.2,17.7,74
2004-10-10,9.6,12.5,75,0.20,277,1.10,1.0,16.9,14.1,69
2004-10-11,7.8,10.8,65,0.00,357,1.88,0.0,18.3,15.0,55
2004-10-12,7.0,12.0,68,0.00,347,1.94,0.0,20.9,16.4,41
2004-10-13,8.0,14.9,64,0.00,337,2.26,0.0,17.2,13.0,40
2004-10-14,8.5,15.1,72,0.00,25,1.69,0.0,8.4,6.0,40
2004-10-15,8.6,9.7,85,3.80,110,0.55,8.0,19.4,14.3,67
2004-10-16,10.2,13.8,91,20.80,148,1.09,15.0,21.1,16.9,57
2004-10-17,6.4,8.6,84,4.10,182,0.88,9.0,16.0,13.2,72
2004-10-18,4.4,7.4,86,1.50,272,1.03,6.0,18.1,12.3,59
2004-10-19,3.0,6.7,65,0.00,2,1.55,0.0,14.0,11.1,48
2004-10-20,1.7,6.9,72,0.00,33,1.35,0.0,13.0,7.2,46
2004-10-21,1.5,6.4,73,0.00,86,1.07,0.0,8.4,7.0,53
2004-10-22,2.7,7.1,83,0.00,86,0.88,0.0,8.4,6.3,60
2004-10-23,3.4,8.1,78,0.00,112,1.30,0.0,10.8,7.5,53
2004-10-24,3.3,8.3,81,0.00,127,1.18,0.0,15.6,11.7,59
2004-10-25,3.5,7.4,83,0.00,119,0.86,0.0,12.4,7.1,65
2004-10-26,4.0,7.9,87,0.00,315,0.62,0.0,11.2,5.4,75
2004-10-27,3.9,5.4,77,0.00,349,1.11,0.0,18.1,14.4,52
2004-10-28,0.7,4.3,75,0.00,350,1.07,0.0,12.7,9.4,51
2004-10-29,1.0,6.1,77,0.00,334,1.07,0.0,6.3,3.6,46
2004-10-30,1.5,6.1,80,0.60,137,0.58,2.0,19.0,11.5,67
2004-10-31,8.0,10.2,92,14.00,207,0.60,16.0,20.1,15.4,70
2004-11-01,4.0,5.0,82,0.00,319,0.58,0.0,15.9,14.2,72
2004-11-02,1.9,3.3,81,4.60,107,0.43,7.0,13.3,9.2,67
2004-11-03,0.8,2.3,74,1.00,320,1.05,3.0,26.7,17.2,47
2004-11-04,-0.8,3.2,67,0.00,242,0.99,0.0,13.0,8.6,50
2004-11-05,0.2,1.0,84,13.80,269,0.61,19.0,26.1,18.8,65
2004-11-06,-1.0,3.7,78,3.80,265,0.64,8.0,26.3,16.7,69
2004-11-07,-1.6,0.0,79,4.80,319,0.40,11.0,20.5,10.4,67
2004-11-08,-3.1,-2.1,69,0.00,312,0.81,0.0,19.4,15.5,47
2004-11-09,-5.7,-3.5,60,0.00,315,0.83,0.0,17.7,13.3,42
2004-11-10,-6.7,-3.3,64,0.90,182,0.59,2.0,22.8,11.5,53
2004-11-11,-1.7,0.6,72,2.30,238,0.66,9.0,20.5,16.0,49
2004-11-12,-6.3,-1.6,60,0.00,223,0.75,0.0,12.7,6.8,49
2004-11-13,-7.2,-4.2,67,0.00,349,0.61,0.0,13.2,10.0,50
2004-11-14,-6.0,2.0,70,0.00,288,0.69,0.0,9.2,5.9,63
2004-11-15,-2.4,2.9,84,0.00,297,0.67,0.0,9.2,5.9,64
2004-11-16,-2.0,1.8,82,0.00,155,0.59,0.0,8.2,5.5,68
2004-11-17,-2.0,1.0,77,0.00,159,0.37,0.0,8.7,6.1,68
2004-11-18,-0.3,1.7,93,0.00,178,0.21,0.0,8.9,5.3,85
2004-11-19,1.4,2.7,86,0.00,304,0.56,0.0,21.8,13.3,65
2004-11-20,-1.0,1.6,71,0.00,2,0.81,0.0,15.3,11.0,61
2004-11-21,-0.6,0.9,88,3.60,142,0.23,12.0,13.6,10.2,75
2004-11-22,-0.5,2.7,87,0.30,255,0.54,2.0,13.0,8.3,54
2004-11-23,-1.0,2.7,78,0.00,185,0.57,0.0,16.3,10.2,72
2004-11-24,2.6,4.4,91,2.80,188,0.42,7.0,14.4,10.1,70
2004-11-25,0.7,3.7,94,24.10,350,0.25,19.0,22.7,12.2,68
2004-11-26,-6.1,-2.9,53,0.00,290,1.02,0.0,25.5,21.1,37
2004-11-27,-6.0,-2.0,58,0.00,203,0.70,0.0,12.5,7.7,43
2004-11-28,-0.2,2.6,79,11.80,130,0.62,5.0,27.3,20.1,55
2004-11-29,-1.7,2.1,79,3.40,258,0.53,3.0,20.0,13.5,55
2004-11-30,-4.6,1.1,75,0.00,194,0.57,0.0,17.3,11.2,64
2004-12-01,-2.5,-0.3,92,19.60,108,0.14,14.0,19.8,10.9,85
2004-12-02,-8.6,-1.4,71,0.70,304,0.46,2.0,22.7,16.7,49
2004-12-03,-16.5,-11.2,76,0.40,351,0.24,3.0,11.0,7.4,62
2004-12-04,-15.9,-5.4,79,0.30,174,0.28,2.0,21.8,11.8,72
2004-12-05,-9.1,-0.4,71,2.10,276,0.41,8.0,21.9,17.6,50
2004-12-06,-17.6,-12.3,75,0.00,294,0.25,0.0,11.7,8.1,50
2004-12-07,-16.3,-9.4,71,0.20,80,0.29,1.0,19.9,11.4,54
2004-12-08,-6.0,-1.9,83,15.60,122,0.36,21.0,25.7,19.0,73
2004-12-09,-9.3,-6.8,79,0.00,310,0.37,0.0,18.4,8.8,65
2004-12-10,-8.9,-3.0,81,0.00,35,0.31,0.0,10.7,6.6,69
2004-12-11,-3.8,-3.3,86,18.90,57,0.22,20.0,14.7,11.3,80
2004-12-12,-7.6,-4.8,84,1.80,334,0.28,7.0,10.5,8.8,71
2004-12-13,-9.2,-6.4,83,2.20,8,0.24,13.0,16.4,7.7,75
2004-12-14,-13.4,-8.9,73,0.00,323,0.34,0.0,19.1,16.4,58
2004-12-15,-18.9,-15.9,76,0.00,304,0.23,0.0,14.0,9.8,60
2004-12-16,-10.7,-3.8,85,0.00,170,0.23,0.0,15.1,12.9,81
2004-12-17,-7.4,-2.2,79,4.90,268,0.30,16.0,25.0,17.0,58
2004-12-18,-19.8,-13.6,77,0.00,160,0.20,0.0,12.7,9.1,67
2004-12-19,-6.8,-2.8,84,5.30,150,0.26,18.0,17.8,12.9,74
2004-12-20,-20.8,-12.7,70,0.40,324,0.20,2.0,16.7,14.8,58
2004-12-21,-27.3,-22.6,70,0.00,321,0.09,0.0,13.6,7.3,59
2004-12-22,-17.8,-7.8,78,1.70,146,0.13,7.0,11.2,6.8,69
2004-12-23,-2.6,6.7,91,21.80,131,0.26,24.0,29.9,12.1,85
2004-12-24,-11.3,6.5,72,5.40,244,0.33,3.0,28.0,14.3,57
2004-12-25,-23.0,-19.2,74,0.00,341,0.17,0.0,9.1,7.2,62
2004-12-26,-21.3,-14.8,73,0.00,8,0.20,0.0,12.5,9.2,61
2004-12-27,-20.7,-16.9,68,0.00,344,0.23,0.0,16.5,14.4,50
2004-12-28,-19.8,-12.0,76,0.00,237,0.20,0.0,15.8,10.4,68
2004-12-29,-7.8,-6.0,77,2.90,266,0.38,8.0,17.1,13.3,55
2004-12-30,-16.3,-11.3,76,0.00,298,0.26,0.0,10.1,7.0,58
2004-12-31,-6.8,3.4,86,6.70,170,0.21,10.0,23.1,15.3,79
2005-01-01,-2.1,4.4,76,2.60,289,0.54,4.0,23.5,20.2,57
2005-01-02,-19.1,-12.9,74,5.20,40,0.20,5.0,17.4,13.1,62
2005-01-03,-7.8,-2.9,81,2.60,250,0.38,6.0,16.5,9.9,58
2005-01-04,-14.7,-10.4,78,0.00,329,0.24,0.0,9.9,7.7,63
2005-01-05,-17.2,-13.0,73,0.00,317,0.24,0.0,15.1,11.4,55
2005-01-06,-21.7,-15.9,72,0.90,317,0.17,2.0,8.7,5.0,55
2005-01-07,-11.0,-7.1,75,5.30,267,0.43,11.0,13.3,9.8,45
2005-01-08,-10.5,-4.4,80,0.00,214,0.32,0.0,11.3,6.0,66
2005-01-09,-11.7,-7.4,81,0.00,1,0.30,0.0,14.8,10.1,61
2005-01-10,-8.2,-1.6,80,3.40,192,0.42,6.0,21.4,13.1,58
2005-01-11,-14.3,-6.1,66,0.00,303,0.43,0.0,21.6,12.6,50
2005-01-12,-16.8,-9.6,68,0.60,106,0.29,3.0,15.5,8.6,49
2005-01-13,-2.7,4.0,91,3.00,149,0.26,7.0,21.3,18.9,81
2005-01-14,-0.0,7.0,81,6.50,256,0.46,11.0,25.3,18.3,56
2005-01-15,-17.8,-11.8,71,0.00,226,0.32,0.0,15.0,9.4,43
2005-01-16,-15.9,-13.4,76,0.00,249,0.30,0.0,13.0,7.7,53
2005-01-17,-19.6,-16.5,70,0.00,344,0.24,0.0,18.0,13.9,52
2005-01-18,-25.6,-21.5,61,0.00,327,0.23,0.0,21.3,17.7,51
2005-01-19,-24.7,-17.3,66,0.50,159,0.19,3.0,13.4,9.8,50
2005-01-20,-18.3,-15.1,72,2.00,332,0.25,7.0,18.7,12.7,53
2005-01-21,-27.6,-23.2,64,0.00,330,0.20,0.0,19.5,17.9,48
2005-01-22,-27.9,-22.3,66,0.00,340,0.16,0.0,14.4,10.5,52
2005-01-23,-24.0,-21.1,64,0.50,355,0.25,5.0,18.1,15.3,46
2005-01-24,-22.5,-12.9,71,0.50,292,0.24,4.0,12.3,7.6,55
2005-01-25,-17.9,-14.0,68,0.00,325,0.34,0.0,20.9,16.0,49
2005-01-26,-22.1,-19.6,68,0.00,350,0.25,0.0,14.8,11.6,51
2005-01-27,-25.7,-20.8,68,0.00,341,0.22,0.0,16.6,14.2,51
2005-01-28,-23.2,-14.6,68,0.00,312,0.33,0.0,13.4,9.0,50
2005-01-29,-17.2,-7.7,71,0.00,189,0.45,0.0,9.2,6.2,49
2005-01-30,-10.8,-8.7,72,0.00,339,0.51,0.0,19.6,13.3,53
2005-01-31,-15.3,-7.9,73,0.00,344,0.50,0.0,13.7,7.7,53
2005-02-01,-13.7,-5.8,75,0.00,249,0.46,0.0,7.9,4.8,58
2005-02-02,-9.0,-2.9,81,0.00,183,0.57,0.0,8.9,3.8,65
2005-02-03,-9.2,-3.7,76,0.00,151,0.51,0.0,9.4,8.0,57
2005-02-04,-6.3,1.2,78,0.00,299,0.77,0.0,8.6,4.9,60
2005-02-05,-5.3,2.1,83,0.00,330,0.74,0.0,10.3,8.3,68
2005-02-06,-3.4,1.6,82,0.00,142,0.75,0.0,12.1,9.2,64
2005-02-07,-1.1,3.1,80,0.10,169,0.62,1.0,11.4,9.8,67
2005-02-08,0.3,1.2,93,7.40,162,0.31,24.0,7.2,5.7,89
2005-02-09,-4.6,-0.4,81,0.30,337,0.56,3.0,16.7,12.4,60
2005-02-10,-9.4,-5.4,72,1.10,5,0.53,6.0,16.8,14.2,59
2005-02-11,-9.8,-4.3,60,0.00,339,0.87,0.0,22.6,20.6,40
2005-02-12,-9.3,-3.8,70,0.00,301,0.73,0.0,19.4,14.7,56
2005-02-13,-11.8,-7.6,71,0.00,328,0.61,0.0,17.4,14.3,53
2005-02-14,-13.4,-4.1,70,0.20,121,0.62,1.0,21.7,11.4,49
2005-02-15,-0.9,2.5,84,12.30,174,0.65,15.0,22.3,18.5,63
2005-02-16,-1.5,0.6,92,15.90,320,0.27,16.0,22.6,12.1,81
2005-02-17,-10.6,-6.0,70,0.60,334,0.76,3.0,20.8,13.5,49
2005-02-18,-14.0,-9.6,69,0.00,327,0.46,0.0,16.2,10.9,53
2005-02-19,-18.7,-11.3,67,0.20,248,0.52,1.0,18.1,11.7,49
2005-02-20,-18.7,-13.2,61,0.20,317,0.51,1.0,21.9,12.0,45
2005-02-21,-18.5,-12.9,66,2.60,111,0.35,10.0,18.4,12.0,56
2005-02-22,-10.1,-5.0,79,1.70,136,0.66,14.0,16.9,8.5,61
2005-02-23,-11.5,-7.3,74,1.10,325,0.60,6.0,16.1,11.6,50
2005-02-24,-17.1,-12.5,69,0.00,329,0.58,0.0,12.0,8.5,47
2005-02-25,-15.3,-9.6,66,0.00,6,0.75,0.0,8.4,5.4,50
2005-02-26,-14.9,-7.9,65,0.00,327,0.77,0.0,15.1,8.9,39
2005-02-27,-13.8,-9.8,58,0.00,312,0.83,0.0,24.2,21.0,41
2005-02-28,-13.6,-7.0,63,0.00,330,0.80,0.0,17.2,9.1,38
2005-03-01,-8.7,-5.9,68,2.50,15,0.60,7.0,19.1,11.9,55
2005-03-02,-8.5,-5.9,71,1.70,339,0.84,8.0,22.9,19.7,55
2005-03-03,-13.7,-8.7,63,0.00,314,0.75,0.0,23.8,21.2,49
2005-03-04,-12.5,-7.1,63,0.00,297,0.86,0.0,20.5,16.7,44
2005-03-05,-10.0,-3.7,68,0.00,298,0.96,0.0,18.1,12.9,45
2005-03-06,-7.3,-1.9,79,4.30,276,0.57,15.0,16.1,8.4,64
2005-03-07,-14.9,-6.8,68,6.90,358,0.51,6.0,19.9,11.6,46
2005-03-08,-12.2,-10.5,72,9.80,343,0.58,12.0,21.5,14.7,50
2005-03-09,-17.7,-12.9,60,5.10,313,0.51,17.0,32.5,26.6,44
2005-03-10,-17.2,-11.5,62,0.00,253,0.66,0.0,15.6,11.8,40
2005-03-11,-13.8,-5.7,68,0.00,176,0.78,0.0,16.0,9.6,49
2005-03-12,-6.7,-2.9,79,4.50,106,0.61,17.0,16.1,13.0,68
2005-03-13,-5.3,-1.8,74,2.70,58,1.08,8.0,11.2,7.4,55
2005-03-14,-6.0,-2.2,74,0.40,318,0.89,3.0,17.3,13.5,55
2005-03-15,-4.1,0.2,77,0.00,329,1.04,0.0,16.5,14.5,62
2005-03-16,-3.6,-0.4,79,2.40,310,1.00,10.0,15.6,9.2,62
2005-03-17,-4.5,-1.1,80,0.20,283,0.94,2.0,9.4,6.6,60
2005-03-18,-4.3,0.3,79,0.70,307,1.12,4.0,10.5,6.5,54
2005-03-19,-4.4,1.6,73,0.00,320,1.31,0.0,15.3,13.2,51
2005-03-20,-3.0,1.2,76,0.00,335,1.35,0.0,15.0,12.3,56
2005-03-21,-4.0,1.9,75,0.00,342,1.68,0.0,12.0,8.6,47
2005-03-22,-2.4,3.9,74,0.00,301,1.52,0.0,12.9,8.8,41
2005-03-23,-4.1,-0.2,68,0.30,326,1.60,2.0,19.1,13.1,48
2005-03-24,-3.4,3.7,70,0.00,134,1.73,0.0,14.1,6.8,44
2005-03-25,-3.1,-1.1,67,0.00,292,1.35,0.0,21.4,15.7,43
2005-03-26,-8.1,-0.2,66,0.00,291,1.67,0.0,13.4,8.1,38
2005-03-27,-3.5,5.0,68,0.00,200,1.99,0.0,13.3,10.1,40
2005-03-28,-1.0,4.2,81,0.00,144,1.01,0.0,11.3,8.2,68
2005-03-29,1.6,7.3,79,0.00,16,2.07,0.0,16.4,11.7,51
2005-03-30,1.1,6.5,78,0.00,10,2.32,0.0,11.4,6.8,59
2005-03-31,1.5,7.0,72,0.00,124,2.14,0.0,21.2,15.8,45
2005-04-01,1.8,4.3,82,8.80,147,0.90,18.0,21.8,17.7,56
2005-04-02,0.7,3.5,87,7.00,25,0.78,7.0,14.0,10.8,73
2005-04-03,2.6,5.0,91,24.30,91,0.57,21.0,23.1,17.1,84
2005-04-04,2.4,5.3,91,1.50,359,0.84,7.0,16.3,10.0,73
2005-04-05,2.4,7.4,69,0.40,307,2.30,3.0,19.7,15.4,36
2005-04-06,2.6,9.3,69,0.00,288,2.52,0.0,14.5,9.6,42
2005-04-07,-0.0,2.2,85,10.00,38,0.56,13.0,12.0,9.1,72
2005-04-08,0.1,5.7,77,0.10,311,1.63,1.0,19.2,12.1,42
2005-04-09,-0.5,6.8,66,0.00,297,2.45,0.0,12.6,9.4,41
2005-04-10,1.5,4.3,61,0.00,321,2.35,0.0,21.0,14.5,37
2005-04-11,-2.5,1.8,57,0.00,359,2.12,0.0,21.8,16.0,40
2005-04-12,-2.0,2.6,59,0.00,357,1.58,0.0,20.6,16.0,41
2005-04-13,-0.3,4.3,77,1.00,341,1.27,4.0,17.8,12.4,58
2005-04-14,1.2,4.5,57,0.00,2,2.57,0.0,20.0,17.1,32
2005-04-15,0.6,9.1,51,0.00,3,2.95,0.0,11.9,8.2,18
2005-04-16,3.3,11.6,54,0.00,210,3.24,0.0,13.1,7.4,33
2005-04-17,6.2,15.1,63,0.00,271,3.25,0.0,15.1,9.7,38
2005-04-18,5.0,11.8,53,0.00,329,3.45,0.0,19.1,12.7,29
2005-04-19,6.2,15.6,59,2.40,208,2.83,4.0,18.5,9.0,39
2005-04-20,4.8,7.8,75,0.70,331,1.75,3.0,18.6,13.5,45
2005-04-21,0.5,5.1,46,0.00,341,2.91,0.0,19.1,15.7,30
2005-04-22,1.8,8.9,48,0.00,265,2.98,0.0,11.0,7.6,39
2005-04-23,1.4,4.6,82,12.20,73,0.59,13.0,17.4,11.4,57
2005-04-24,4.6,7.6,98,18.40,101,0.34,21.0,28.9,21.9,96
2005-04-25,6.4,8.0,100,12.90,149,0.54,16.0,23.6,13.4,99
2005-04-26,4.7,12.1,80,0.30,168,2.26,2.0,14.8,11.1,45
2005-04-27,6.5,10.1,79,7.60,118,1.39,8.0,23.6,19.9,62
2005-04-28,2.8,4.8,100,25.30,115,0.37,24.0,22.9,14.7,94
2005-04-29,1.9,5.7,95,8.70,275,0.80,20.0,13.7,7.2,77
2005-04-30,4.9,10.6,82,3.40,148,1.81,5.0,17.1,10.5,55
2005-05-01,6.0,9.5,89,7.20,229,1.45,11.0,14.5,9.2,66
2005-05-02,4.7,10.1,72,2.10,233,2.49,6.0,17.2,12.3,40
2005-05-03,3.9,8.9,83,6.80,235,2.22,17.0,12.6,7.3,58
2005-05-04,4.3,9.2,71,0.80,252,2.59,5.0,9.7,6.8,40
2005-05-05,6.4,13.1,64,0.10,220,3.16,1.0,14.5,8.5,31
2005-05-06,8.7,15.7,56,0.00,169,4.16,0.0,13.7,9.4,34
2005-05-07,9.1,14.5,58,0.00,115,3.54,0.0,11.4,9.1,33
2005-05-08,9.2,15.4,61,0.00,37,3.38,0.0,18.8,13.2,41
2005-05-09,10.9,18.9,68,0.00,112,3.86,0.0,9.5,5.8,49
2005-05-10,14.9,21.8,69,0.00,156,4.48,0.0,17.1,11.2,45
2005-05-11,14.3,19.9,79,11.30,194,2.77,9.0,20.7,12.4,63
2005-05-12,2.4,7.0,43,0.00,336,3.58,0.0,26.9,22.9,24
2005-05-13,3.3,10.9,43,0.00,328,3.86,0.0,17.9,13.4,25
2005-05-14,5.8,9.6,51,0.00,55,2.02,0.0,9.6,7.1,36
2005-05-15,6.3,6.9,79,2.90,115,0.84,7.0,16.4,11.3,57
2005-05-16,6.9,10.8,92,4.80,130,1.39,8.0,16.5,11.5,80
2005-05-17,7.2,11.5,77,3.90,255,2.55,10.0,10.5,8.1,42
2005-05-18,7.6,12.2,72,0.60,339,3.08,3.0,7.7,5.0,54
2005-05-19,8.7,14.8,74,1.40,3,3.40,4.0,9.1,5.7,47
2005-05-20,8.7,14.1,79,1.50,70,2.91,9.0,11.8,6.8,48
2005-05-21,6.8,9.7,87,4.80,47,1.29,13.0,16.1,9.5,74
2005-05-22,6.3,8.4,87,4.80,38,1.00,16.0,18.1,12.6,70
2005-05-23,6.7,10.9,92,11.40,76,0.71,14.0,16.3,13.2,72
2005-05-24,11.6,18.0,55,0.00,85,4.30,0.0,18.0,14.4,41
2005-05-25,12.4,19.9,56,0.00,63,4.91,0.0,12.7,9.9,27
2005-05-26,10.2,14.4,68,0.90,70,1.76,5.0,15.8,8.8,52
2005-05-27,9.3,11.6,91,2.40,353,0.84,11.0,11.7,7.4,85
2005-05-28,8.9,12.9,91,2.80,160,1.14,10.0,7.7,4.2,74
2005-05-29,10.9,15.0,93,6.20,338,1.33,14.0,4.7,2.4,84
2005-05-30,12.0,16.7,91,1.40,144,1.93,9.0,6.1,2.7,75
2005-05-31,14.2,19.7,78,0.60,122,3.68,4.0,8.2,6.5,51
2005-06-01,16.5,23.6,69,0.00,174,5.09,0.0,12.6,6.6,35
2005-06-02,18.8,26.1,62,0.00,225,5.60,0.0,12.9,9.0,33
2005-06-03,20.2,26.7,60,0.40,239,5.46,1.0,13.2,8.6,34
2005-06-04,20.1,25.6,61,0.60,295,4.65,1.0,11.0,6.7,34
2005-06-05,18.9,23.8,68,0.00,78,4.18,0.0,15.8,6.6,41
2005-06-06,15.9,20.4,73,10.70,136,2.37,9.0,20.9,15.8,46
2005-06-07,17.5,19.9,83,4.00,246,3.05,6.0,20.8,15.2,62
2005-06-08,13.4,17.2,70,1.10,329,3.37,3.0,17.6,10.9,47
2005-06-09,15.1,21.6,78,0.00,149,3.64,0.0,9.7,5.1,54
2005-06-10,20.5,28.4,80,3.30,186,4.63,4.0,12.7,10.1,57
2005-06-11,21.5,27.4,85,2.40,208,4.42,1.0,12.4,8.6,60
2005-06-12,22.5,27.9,87,12.20,199,4.01,17.0,12.0,8.2,60
2005-06-13,23.3,27.0,79,0.00,266,4.07,0.0,11.9,9.3,60
2005-06-14,18.0,24.3,93,9.40,123,0.83,13.0,14.2,9.0,77
2005-06-15,11.4,14.3,94,8.20,123,0.75,10.0,20.1,17.1,90
2005-06-16,9.4,10.4,99,7.90,117,0.49,18.0,19.3,16.7,97
2005-06-17,9.4,9.9,99,15.90,69,0.43,21.0,12.6,11.5,98
2005-06-18,10.0,13.7,85,0.40,28,1.46,3.0,14.4,11.2,65
2005-06-19,13.6,20.1,73,0.00,177,4.82,0.0,7.8,4.6,43
2005-06-20,16.9,23.8,70,0.00,222,5.23,0.0,16.9,10.8,48
2005-06-21,19.1,25.6,76,2.30,222,4.08,2.0,17.4,10.7,57
2005-06-22,14.0,18.9,59,0.30,345,4.62,1.0,22.5,17.6,37
2005-06-23,14.4,21.2,64,0.00,249,4.39,0.0,14.4,8.5,37
2005-06-24,18.2,27.3,70,0.90,201,4.58,2.0,21.3,13.5,52
2005-06-25,23.9,27.8,69,1.70,254,5.03,3.0,16.9,11.8,53
2005-06-26,21.0,26.0,62,0.00,351,4.66,0.0,12.5,8.2,38
2005-06-27,21.9,28.7,67,0.00,140,5.78,0.0,12.0,8.7,43
2005-06-28,24.7,31.1,70,0.70,205,5.68,1.0,15.8,10.8,45
2005-06-29,22.7,26.0,72,0.00,320,4.73,0.0,13.1,10.1,52
2005-06-30,20.3,26.3,60,0.00,25,5.07,0.0,11.4,8.1,39
2005-07-01,20.9,26.0,80,9.70,173,3.21,5.0,22.3,15.5,61
2005-07-02,15.9,19.6,67,4.70,281,3.76,7.0,20.3,15.9,40
2005-07-03,17.6,24.2,65,0.00,225,4.83,0.0,16.3,9.3,38
2005-07-04,20.0,25.7,68,0.00,187,5.00,0.0,18.6,12.7,48
2005-07-05,19.1,22.3,90,9.50,221,1.81,13.0,13.8,9.7,71
2005-07-06,17.1,22.3,66,0.00,12,5.21,0.0,15.5,12.9,34
2005-07-07,17.3,23.6,61,0.00,91,5.24,0.0,7.5,5.7,40
2005-07-08,19.3,25.4,59,0.00,122,5.15,0.0,8.0,5.5,34
2005-07-09,18.2,22.1,78,5.10,356,2.60,10.0,7.3,4.9,55
2005-07-10,20.4,29.5,72,0.70,311,5.32,2.0,17.3,8.6,29
2005-07-11,23.1,28.9,56,0.00,342,6.48,0.0,17.0,12.9,29
2005-07-12,22.4,28.8,60,0.00,125,5.53,0.0,8.8,5.0,35
2005-07-13,21.9,27.9,72,4.60,166,4.73,2.0,11.7,8.6,54
2005-07-14,20.5,24.0,88,19.00,303,3.02,16.0,15.7,9.4,50
2005-07-15,20.4,26.1,61,0.00,349,5.69,0.0,11.3,9.0,35
2005-07-16,22.0,27.7,63,0.00,177,5.62,0.0,9.8,4.6,37
2005-07-17,21.8,26.6,76,3.90,172,3.75,4.0,12.2,7.4,62
2005-07-18,21.8,25.7,94,4.30,163,1.97,9.0,14.7,10.1,72
2005-07-19,23.4,27.7,84,8.80,206,3.69,5.0,15.3,12.6,52
2005-07-20,20.5,24.3,63,0.00,333,5.03,0.0,14.4,9.8,42
2005-07-21,21.2,28.1,71,0.10,230,5.22,1.0,12.8,7.5,39
2005-07-22,20.1,23.4,74,0.00,339,4.10,0.0,12.0,8.8,42
2005-07-23,17.7,21.4,61,0.10,331,4.73,1.0,18.6,13.1,38
2005-07-24,16.7,23.1,54,0.00,316,5.30,0.0,12.6,8.7,33
2005-07-25,17.8,24.8,76,7.20,176,2.89,6.0,12.6,9.0,56
2005-07-26,20.1,24.0,77,1.10,204,2.63,3.0,13.0,8.6,59
2005-07-27,17.2,19.0,79,0.20,325,1.99,1.0,13.7,10.3,59
2005-07-28,16.1,22.0,58,0.00,299,5.13,0.0,11.8,7.6,38
2005-07-29,16.4,20.8,72,2.90,236,3.45,2.0,15.0,10.7,50
2005-07-30,15.0,18.3,64,0.00,319,3.31,0.0,11.6,8.7,44
2005-07-31,16.0,20.8,61,0.30,209,4.04,1.0,11.2,5.7,34
2005-08-01,16.6,21.4,81,10.20,177,2.73,14.0,10.4,7.0,65
2005-08-02,19.0,25.4,80,2.40,296,3.89,2.0,14.8,8.5,50
2005-08-03,18.5,24.3,64,0.00,341,5.03,0.0,12.6,9.8,35
2005-08-04,18.8,25.3,63,0.00,139,4.58,0.0,14.2,9.7,45
2005-08-05,21.8,25.1,77,4.20,245,3.93,10.0,17.0,14.3,43
2005-08-06,19.1,24.6,56,0.00,292,5.07,0.0,15.0,9.2,33
2005-08-07,20.1,26.8,61,0.00,200,5.49,0.0,15.3,12.1,35
2005-08-08,21.6,27.4,66,0.00,209,4.83,0.0,12.3,8.1,50
2005-08-09,23.0,29.1,65,0.00,202,5.46,0.0,19.9,13.5,37
2005-08-10,21.6,24.8,80,9.50,231,2.74,10.0,11.5,7.5,56
2005-08-11,18.9,22.5,75,1.90,291,4.19,3.0,14.3,11.2,39
2005-08-12,17.8,23.3,64,0.00,103,4.25,0.0,14.4,8.4,42
2005-08-13,20.1,23.9,75,1.90,235,3.80,3.0,16.0,12.7,48
2005-08-14,18.5,22.2,66,0.00,327,3.06,0.0,10.0,7.2,47
2005-08-15,18.3,22.7,69,0.00,309,3.45,0.0,8.2,5.6,42
2005-08-16,19.2,23.6,75,4.80,191,3.10,7.0,15.7,9.6,58
2005-08-17,15.6,19.7,69,0.00,318,3.44,0.0,17.9,13.7,41
2005-08-18,13.0,17.9,59,0.00,321,3.71,0.0,11.2,8.6,36
2005-08-19,14.9,21.0,61,0.00,127,3.86,0.0,10.7,6.9,38
2005-08-20,14.5,17.2,89,14.20,130,0.63,14.0,14.8,12.2,60
2005-08-21,18.3,22.5,86,2.00,217,2.92,11.0,13.3,10.5,48
2005-08-22,15.9,18.6,81,6.40,284,2.70,11.0,10.5,4.9,62
2005-08-23,13.6,17.9,87,2.30,326,2.00,7.0,12.4,8.7,67
2005-08-24,14.6,18.6,79,0.20,2,2.34,1.0,12.6,9.5,58
2005-08-25,17.3,24.3,67,0.00,330,4.19,0.0,9.2,7.7,35
2005-08-26,18.4,25.9,65,0.00,279,4.38,0.0,9.0,6.3,33
2005-08-27,19.0,24.9,68,0.00,174,4.34,0.0,14.5,9.4,44
2005-08-28,17.3,20.5,87,13.20,163,1.19,7.0,18.9,14.0,68
2005-08-29,19.2,24.0,87,0.00,158,2.59,0.0,12.8,10.1,61
2005-08-30,19.1,22.4,89,9.80,126,2.17,10.0,15.0,8.5,75
2005-08-31,16.8,19.0,99,32.60,83,0.33,19.0,16.2,12.3,90
2005-09-01,17.8,21.6,81,0.00,284,3.00,0.0,20.3,15.7,53
2005-09-02,17.8,22.4,74,5.60,224,3.11,4.0,16.8,11.9,45
2005-09-03,15.9,20.0,77,0.40,299,2.76,3.0,18.3,13.6,53
2005-09-04,14.5,18.4,64,0.00,341,2.87,0.0,16.3,11.6,44
2005-09-05,13.8,20.2,69,0.00,338,3.49,0.0,10.6,6.4,44
2005-09-06,16.2,22.9,75,0.00,197,3.72,0.0,13.4,8.9,50
2005-09-07,18.1,25.1,75,0.00,204,3.72,0.0,17.2,11.4,49
2005-09-08,16.7,19.6,83,0.80,283,1.20,4.0,14.7,7.1,70
2005-09-09,13.0,16.4,75,0.00,319,2.73,0.0,14.8,9.7,40
2005-09-10,11.2,17.3,63,0.00,336,3.00,0.0,15.1,11.3,39
2005-09-11,13.2,19.4,73,0.50,205,2.75,1.0,19.9,9.9,52
2005-09-12,20.2,24.8,66,0.00,289,3.87,0.0,20.2,14.5,46
2005-09-13,19.0,25.7,76,0.80,159,2.79,2.0,14.4,10.5,57
2005-09-14,20.6,26.2,77,0.00,190,3.61,0.0,19.9,13.6,50
2005-09-15,18.0,22.0,78,1.90,333,2.43,6.0,12.4,10.4,48
2005-09-16,15.3,20.3,64,0.00,43,2.93,0.0,13.2,8.7,42
2005-09-17,13.4,16.4,93,14.60,72,0.53,22.0,12.1,9.7,69
2005-09-18,14.3,19.1,85,4.60,42,2.27,10.0,12.2,6.1,53
2005-09-19,14.4,17.6,80,0.00,271,2.25,0.0,11.8,9.2,53
2005-09-20,12.9,17.1,87,8.60,143,0.98,12.0,21.6,14.0,72
2005-09-21,13.3,18.5,66,0.30,280,2.80,3.0,20.5,15.8,43
2005-09-22,12.9,16.6,87,20.80,198,0.73,14.0,15.3,9.0,60
2005-09-23,12.5,14.3,80,30.20,331,2.01,10.0,17.8,11.8,43
2005-09-24,9.2,14.0,64,0.00,326,2.64,0.0,13.5,8.6,44
2005-09-25,10.5,16.0,78,1.00,168,1.78,2.0,14.8,11.4,60
2005-09-26,11.8,12.9,100,74.30,41,0.24,24.0,17.0,9.8,100
2005-09-27,10.5,15.8,76,0.70,316,2.25,2.0,20.3,14.0,43
2005-09-28,12.1,18.2,73,0.00,193,2.38,0.0,19.1,10.7,59
2005-09-29,11.5,14.3,79,10.00,182,1.26,12.0,33.2,24.1,66
2005-09-30,7.0,13.0,66,0.20,257,2.15,1.0,23.4,13.9,38
2005-10-01,10.2,18.5,73,0.00,185,2.45,0.0,21.4,14.8,52
2005-10-02,14.8,21.7,76,0.00,220,2.54,0.0,12.0,7.3,57
2005-10-03,15.3,21.7,83,0.00,171,2.53,0.0,13.7,8.9,58
2005-10-04,17.9,24.9,84,0.20,203,2.23,2.0,16.0,11.2,60
2005-10-05,18.3,23.3,85,0.00,177,2.39,0.0,15.1,10.1,56
2005-10-06,15.7,19.8,90,0.00,158,1.29,0.0,16.6,10.7,71
2005-10-07,13.8,16.6,90,5.70,227,0.61,13.0,15.0,11.8,71
2005-10-08,6.5,9.3,57,0.10,3,2.21,1.0,18.6,15.9,48
2005-10-09,7.5,12.3,69,0.00,39,1.40,0.0,12.3,9.9,61
2005-10-10,9.2,11.6,78,0.20,90,0.69,2.0,7.8,6.0,72
2005-10-11,9.7,13.8,81,0.60,9,1.77,3.0,14.5,8.9,50
2005-10-12,7.7,12.9,69,0.00,96,1.84,0.0,13.9,10.0,41
2005-10-13,7.5,9.8,74,1.70,129,1.14,3.0,15.3,13.3,61
2005-10-14,7.7,9.5,99,10.30,138,0.25,19.0,12.8,9.3,95
2005-10-15,10.1,10.9,100,26.10,140,0.24,23.0,13.5,8.4,100
2005-10-16,7.8,9.5,98,25.60,334,0.30,24.0,23.7,18.4,90
2005-10-17,7.3,9.2,82,3.40,321,0.97,13.0,23.9,19.8,68
2005-10-18,6.9,9.0,74,0.10,287,0.87,1.0,14.0,8.1,62
2005-10-19,5.9,7.3,83,7.30,261,0.60,8.0,12.4,9.6,66
2005-10-20,3.2,6.3,71,0.50,296,1.20,2.0,22.2,17.2,49
2005-10-21,2.7,6.0,67,0.00,308,1.06,0.0,14.0,10.5,56
2005-10-22,3.3,8.4,75,0.00,359,1.14,0.0,10.3,8.5,50
2005-10-23,4.7,7.3,76,0.90,32,0.91,6.0,16.9,12.0,62
2005-10-24,3.6,5.3,80,2.30,52,0.63,10.0,10.6,7.6,69
2005-10-25,3.4,5.9,84,2.20,61,0.68,11.0,17.0,12.4,59
2005-10-26,1.0,3.0,85,11.40,353,0.55,19.0,23.6,19.1,72
2005-10-27,0.2,2.2,74,0.00,327,0.77,0.0,14.1,11.3,51
2005-10-28,-0.1,4.2,71,0.00,317,0.90,0.0,6.9,5.8,50
2005-10-29,1.2,7.3,73,0.00,277,1.13,0.0,9.1,5.5,52
2005-10-30,4.2,12.7,83,0.00,288,1.19,0.0,11.5,9.0,60
2005-10-31,7.9,10.6,86,1.80,225,0.73,7.0,14.2,10.7,66
2005-11-01,8.4,11.9,86,1.00,200,0.63,2.0,22.1,14.1,69
2005-11-02,4.0,6.9,69,0.50,296,1.16,3.0,19.9,14.7,45
2005-11-03,1.1,5.1,82,5.10,216,0.41,8.0,17.6,11.5,59
2005-11-04,-0.1,3.1,72,4.80,29,0.62,8.0,16.1,12.5,58
2005-11-05,0.1,2.5,97,3.40,54,0.30,7.0,14.6,6.6,86
2005-11-06,0.5,3.4,95,1.00,99,0.16,4.0,25.5,12.5,89
2005-11-07,3.0,6.3,78,9.70,227,0.88,17.0,31.7,24.0,52
2005-11-08,-0.5,1.1,54,0.00,292,1.35,0.0,24.2,17.6,46
2005-11-09,-2.1,0.5,67,0.70,115,0.88,2.0,25.6,12.6,52
2005-11-10,-0.0,2.9,85,9.90,197,0.72,11.0,26.7,17.2,60
2005-11-11,-2.6,-0.8,62,0.00,290,1.00,0.0,23.2,17.6,50
2005-11-12,-3.0,1.9,68,0.00,253,0.80,0.0,14.3,8.4,55
2005-11-13,-0.3,5.9,78,0.00,151,0.79,0.0,16.3,12.4,67
2005-11-14,4.5,6.7,77,1.80,230,0.87,5.0,25.9,16.8,63
2005-11-15,-2.1,0.6,69,3.30,24,0.47,10.0,13.0,8.8,59
2005-11-16,0.7,5.6,97,21.20,127,0.12,22.0,25.0,20.1,86
2005-11-17,0.1,2.8,85,1.00,250,0.57,3.0,13.6,9.9,56
2005-11-18,-5.7,-2.8,51,0.00,302,0.86,0.0,15.0,10.8,35
2005-11-19,-6.0,-0.6,66,0.00,183,0.65,0.0,16.2,10.8,49
2005-11-20,0.1,3.1,85,1.80,206,0.50,8.0,18.0,12.2,74
2005-11-21,2.1,4.6,94,0.10,197,0.30,1.0,14.5,11.5,85
2005-11-22,-0.8,1.7,93,8.80,347,0.27,20.0,27.5,12.6,77
2005-11-23,-8.0,-4.1,63,2.40,318,0.68,7.0,26.3,17.9,49
2005-11-24,-9.7,-5.7,71,3.00,102,0.38,6.0,18.6,11.0,58
2005-11-25,-7.8,-5.7,75,7.30,232,0.43,17.0,19.2,13.9,56
2005-11-26,-9.1,-5.3,76,0.00,175,0.36,0.0,10.3,7.4,64
2005-11-27,-7.8,-5.1,82,0.00,114,0.34,0.0,11.5,5.5,67
2005-11-28,-3.8,0.8,90,3.60,134,0.17,12.0,13.8,10.7,81
2005-11-29,5.0,8.7,99,3.80,144,0.14,5.0,23.8,19.2,98
2005-11-30,5.7,8.6,99,18.70,170,0.29,12.0,25.7,12.4,95
2005-12-01,-0.3,2.2,88,0.00,334,0.34,0.0,11.9,8.6,71
2005-12-02,-1.0,-0.1,83,7.60,311,0.29,15.0,17.0,11.8,76
2005-12-03,-6.5,-3.1,60,1.30,268,0.77,6.0,20.3,18.3,49
2005-12-04,-7.7,-4.9,65,0.00,233,0.55,0.0,15.5,11.8,49
2005-12-05,-7.6,-4.5,66,0.00,250,0.54,0.0,20.6,11.9,45
2005-12-06,-8.6,-4.9,70,0.00,276,0.42,0.0,13.6,7.5,47
2005-12-07,-13.5,-9.8,63,0.00,313,0.41,0.0,19.1,13.6,47
2005-12-08,-14.3,-8.5,67,0.00,302,0.41,0.0,19.7,10.9,56
2005-12-09,-12.6,-8.5,81,1.30,194,0.21,6.0,10.0,6.9,72
2005-12-10,-8.4,-2.2,85,0.90,203,0.30,5.0,16.2,10.5,73
2005-12-11,-4.1,-1.6,81,0.40,190,0.36,4.0,13.9,11.4,61
2005-12-12,-12.5,-4.5,71,0.20,337,0.34,2.0,18.9,14.6,57
2005-12-13,-18.1,-13.7,70,0.00,332,0.28,0.0,14.8,10.9,55
2005-12-14,-19.9,-14.2,71,0.00,343,0.26,0.0,12.6,11.0,55
2005-12-15,-17.6,-11.8,67,0.00,351,0.34,0.0,14.0,11.8,46
2005-12-16,-12.0,-7.0,71,16.80,104,0.29,11.0,22.7,13.5,58
2005-12-17,-6.2,-2.2,82,1.90,220,0.38,10.0,18.5,11.3,64
2005-12-18,-5.0,-2.9,81,0.00,238,0.40,0.0,16.2,10.9,58
2005-12-19,-9.6,-7.4,82,0.00,234,0.31,0.0,16.8,10.4,62
2005-12-20,-8.1,-5.6,72,1.10,273,0.44,7.0,16.3,13.8,51
2005-12-21,-20.2,-15.5,74,0.40,261,0.20,2.0,14.6,9.9,57
2005-12-22,-17.5,-12.1,78,0.30,222,0.22,2.0,15.7,10.7,61
2005-12-23,-4.1,-1.2,85,2.30,213,0.28,11.0,14.5,9.3,74
2005-12-24,-2.5,0.4,93,4.20,137,0.26,10.0,8.3,5.1,79
2005-12-25,-2.3,-1.1,95,9.00,92,0.18,17.0,9.6,6.0,88
2005-12-26,-3.9,-2.5,86,19.30,32,0.25,24.0,17.4,12.7,75
2005-12-27,-11.7,-7.5,69,1.10,345,0.44,6.0,19.8,15.9,44
2005-12-28,-12.4,-6.7,80,0.00,250,0.23,0.0,8.4,4.6,73
2005-12-29,-4.9,-2.2,89,9.20,39,0.18,15.0,16.2,7.8,84
2005-12-30,-10.3,-5.1,74,1.00,350,0.41,5.0,22.2,19.8,57
2005-12-31,-19.4,-15.5,72,0.00,354,0.26,0.0,19.0,13.5,53
2006-01-01,-18.4,-12.4,76,0.00,39,0.25,0.0,9.1,6.8,65
2006-01-02,-12.7,-8.1,81,0.10,306,0.26,1.0,8.4,5.6,70
2006-01-03,-14.7,-6.9,77,0.00,6,0.33,0.0,9.7,6.6,55
2006-01-04,-13.6,-8.3,73,0.00,129,0.32,0.0,11.2,8.9,57
2006-01-05,-7.6,-5.8,82,6.80,118,0.22,21.0,10.9,7.7,67
2006-01-06,-8.4,-6.3,84,0.60,329,0.29,4.0,12.7,10.7,67
2006-01-07,-15.5,-11.5,77,0.00,305,0.26,0.0,12.3,9.1,62
2006-01-08,-15.6,-10.3,77,0.50,107,0.22,4.0,6.1,4.0,62
2006-01-09,-10.5,-6.4,86,4.10,103,0.19,10.0,14.2,9.1,79
2006-01-10,-6.6,-3.3,81,0.00,262,0.38,0.0,16.4,12.0,65
2006-01-11,-7.2,-3.8,89,3.40,182,0.25,6.0,12.9,9.1,82
2006-01-12,0.2,2.7,90,2.50,221,0.42,4.0,15.5,9.2,77
2006-01-13,-0.1,2.5,93,0.00,169,0.43,0.0,12.6,10.5,77
2006-01-14,-0.0,1.4,91,13.80,356,0.21,14.0,26.8,13.7,77
2006-01-15,-16.7,-7.8,66,0.60,337,0.39,4.0,28.7,25.8,55
2006-01-16,-18.3,-12.7,67,0.00,326,0.39,0.0,23.8,22.5,58
2006-01-17,-15.1,-10.2,73,0.00,341,0.42,0.0,21.7,13.4,61
2006-01-18,-4.0,2.3,81,33.20,129,0.41,19.0,25.9,20.6,60
2006-01-19,-5.1,1.0,70,1.60,265,0.68,4.0,31.7,19.1,57
2006-01-20,-6.5,-1.4,85,2.10,160,0.26,9.0,10.2,6.8,79
2006-01-21,-3.7,-1.0,88,15.10,337,0.24,12.0,23.6,12.7,70
2006-01-22,-14.1,-9.0,71,0.00,287,0.45,0.0,22.7,11.5,58
2006-01-23,-10.8,-6.2,78,0.70,158,0.43,4.0,11.2,7.4,59
2006-01-24,-9.0,-4.0,85,0.00,184,0.34,0.0,14.6,8.9,76
2006-01-25,-4.0,-1.6,87,5.10,90,0.32,22.0,12.8,10.1,73
2006-01-26,-7.3,-3.5,75,0.00,347,0.52,0.0,22.2,15.6,48
2006-01-27,-12.9,-6.2,71,0.00,269,0.50,0.0,12.5,8.7,46
2006-01-28,-4.8,2.0,82,0.00,243,0.56,0.0,15.7,10.7,69
2006-01-29,-7.7,0.1,71,0.10,344,0.45,1.0,19.2,13.3,57
2006-01-30,-8.6,-7.6,75,7.00,98,0.34,24.0,16.7,12.6,71
2006-01-31,-6.2,-3.9,84,3.30,121,0.36,11.0,16.9,14.3,78
2006-02-01,-5.8,-3.5,84,1.10,149,0.40,8.0,8.4,4.4,69
2006-02-02,-5.6,-2.4,87,0.00,144,0.45,0.0,11.9,9.6,71
2006-02-03,-2.8,-0.8,90,15.60,117,0.20,13.0,19.3,14.2,83
2006-02-04,-0.5,0.8,84,2.00,252,0.58,4.0,15.4,9.8,71
2006-02-05,-0.1,1.0,88,19.10,112,0.36,17.0,26.7,18.6,80
2006-02-06,-6.0,-1.4,74,0.70,200,0.53,5.0,19.2,16.2,54
2006-02-07,-11.1,-9.3,71,0.00,270,0.52,0.0,15.9,12.1,51
2006-02-08,-13.9,-9.9,73,0.00,304,0.49,0.0,12.9,10.9,57
2006-02-09,-17.8,-14.2,73,0.00,318,0.34,0.0,10.7,8.4,49
2006-02-10,-20.4,-15.7,66,0.00,305,0.39,0.0,10.4,8.9,47
2006-02-11,-20.1,-11.8,68,0.00,304,0.48,0.0,8.6,5.5,46
2006-02-12,-17.8,-10.5,65,0.00,359,0.55,0.0,12.6,5.9,45
2006-02-13,-14.8,-7.8,71,0.00,282,0.54,0.0,16.3,10.2,49
2006-02-14,-11.1,-8.7,68,0.50,245,0.55,3.0,11.7,9.4,41
2006-02-15,-6.7,1.4,81,4.30,173,0.50,11.0,11.9,9.6,57
2006-02-16,-9.8,-3.1,75,1.60,351,0.37,4.0,15.0,11.7,58
2006-02-17,-8.6,3.0,83,26.30,336,0.29,22.0,31.0,12.6,59
2006-02-18,-21.4,-16.7,59,0.00,294,0.38,0.0,27.8,19.3,44
2006-02-19,-21.3,-13.1,63,0.00,263,0.48,0.0,13.1,10.2,42
2006-02-20,-12.6,-6.2,70,0.20,235,0.63,2.0,20.3,13.3,46
2006-02-21,-9.6,-4.8,79,1.80,200,0.50,13.0,14.2,10.3,59
2006-02-22,-9.7,-5.9,83,0.00,184,0.48,0.0,13.7,7.4,71
2006-02-23,-7.1,-2.3,83,0.40,136,0.63,4.0,10.5,6.6,66
2006-02-24,-8.2,-5.9,78,2.30,325,0.61,7.0,21.7,12.5,51
2006-02-25,-17.6,-13.2,64,0.00,344,0.53,0.0,18.6,11.7,42
2006-02-26,-18.2,-15.5,64,0.00,327,0.53,0.0,22.7,17.1,45
2006-02-27,-19.4,-15.0,59,0.00,302,0.51,0.0,25.5,20.3,42
2006-02-28,-16.6,-14.6,57,0.50,279,0.53,5.0,22.4,17.8,47
2006-03-01,-17.5,-12.4,67,0.70,276,0.46,4.0,13.8,11.1,52
2006-03-02,-11.5,-7.9,69,2.40,314,0.79,8.0,14.1,8.5,45
2006-03-03,-14.1,-10.9,73,0.40,319,0.45,3.0,24.0,17.7,59
2006-03-04,-6.4,-3.3,70,0.10,324,0.95,1.0,25.4,21.4,56
2006-03-05,-7.4,-4.6,71,0.00,326,1.01,0.0,19.2,16.6,56
2006-03-06,-8.9,-3.8,73,0.00,329,0.95,0.0,17.0,12.7,52
2006-03-07,-9.5,-5.3,74,0.00,341,0.96,0.0,13.9,11.5,50
2006-03-08,-11.0,-5.2,72,0.00,339,0.97,0.0,10.2,7.4,43
2006-03-09,-7.5,-1.9,71,4.10,129,0.70,5.0,19.4,12.1,52
2006-03-10,0.9,3.9,90,5.20,146,0.59,18.0,19.9,16.1,79
2006-03-11,1.6,5.3,69,0.00,301,1.49,0.0,24.8,17.4,50
2006-03-12,-0.2,3.1,83,4.00,200,0.79,4.0,13.2,8.9,66
2006-03-13,0.5,3.8,80,0.00,289,1.28,0.0,13.0,8.0,56
2006-03-14,1.5,3.5,78,7.60,167,1.19,12.0,25.5,18.3,57
2006-03-15,-4.3,-1.3,69,0.80,281,1.02,6.0,20.6,15.2,51
2006-03-16,-6.4,-3.9,67,0.00,313,1.09,0.0,24.3,19.0,49
2006-03-17,-9.9,-5.8,65,0.00,325,1.06,0.0,17.7,14.7,45
2006-03-18,-11.3,-7.1,67,0.00,305,0.97,0.0,16.6,13.9,49
2006-03-19,-9.9,-6.7,67,0.00,290,0.92,0.0,10.8,8.5,44
2006-03-20,-9.6,-2.4,67,0.00,320,1.23,0.0,23.3,14.9,43
2006-03-21,-4.8,-0.7,69,0.10,310,1.18,1.0,22.4,16.1,58
2006-03-22,-2.3,2.9,80,0.00,339,1.31,0.0,9.7,7.4,58
2006-03-23,0.6,5.8,82,0.00,344,1.39,0.0,11.4,9.8,57
2006-03-24,1.2,5.5,81,0.10,40,1.44,1.0,6.9,3.6,46
2006-03-25,1.0,3.9,83,0.30,213,1.22,2.0,7.0,3.8,70
2006-03-26,0.4,5.1,75,0.00,343,1.96,0.0,15.9,12.0,39
2006-03-27,-1.9,2.4,73,0.00,335,1.58,0.0,18.8,14.6,53
2006-03-28,-0.8,6.5,70,0.00,295,2.24,0.0,11.7,7.3,41
2006-03-29,1.0,8.7,68,0.00,255,2.17,0.0,13.4,9.1,38
2006-03-30,2.8,9.4,73,0.00,239,2.36,0.0,12.8,8.9,47
2006-03-31,3.3,11.4,75,0.00,189,2.42,0.0,13.0,7.9,51
2006-04-01,5.1,9.5,90,6.10,167,0.82,12.0,17.2,11.0,80
2006-04-02,1.0,5.5,65,2.40,327,2.25,4.0,25.5,21.3,37
2006-04-03,1.3,6.9,57,0.00,81,2.09,0.0,19.8,12.1,37
2006-04-04,1.5,3.5,73,20.90,119,1.01,17.0,25.0,19.9,49
2006-04-05,0.3,3.5,84,7.50,92,1.20,21.0,8.3,4.5,54
2006-04-06,-0.1,5.5,79,0.10,286,1.50,1.0,11.5,7.3,52
2006-04-07,0.5,5.1,85,4.10,221,0.94,13.0,13.8,9.5,66
2006-04-08,-4.1,0.6,64,0.90,316,1.82,4.0,21.1,17.5,45
2006-04-09,-1.5,4.2,63,0.00,298,1.92,0.0,13.8,9.4,45
2006-04-10,1.3,8.7,68,0.40,268,2.36,3.0,15.3,7.4,43
2006-04-11,3.5,10.5,67,0.00,268,2.91,0.0,7.6,5.1,44
2006-04-12,7.2,15.1,65,0.00,162,2.84,0.0,18.6,13.0,48
2006-04-13,6.9,11.6,90,9.10,196,0.54,17.0,19.9,16.1,64
2006-04-14,3.5,12.6,69,0.00,310,2.89,0.0,11.4,6.5,32
2006-04-15,3.4,5.4,85,9.40,98,0.79,10.0,15.6,9.7,64
2006-04-16,2.8,6.2,84,2.10,346,1.26,8.0,22.5,16.8,62
2006-04-17,3.3,7.7,78,0.00,3,1.82,0.0,18.7,15.1,57
2006-04-18,6.0,12.8,70,0.00,358,3.15,0.0,17.7,14.7,41
2006-04-19,8.0,16.5,61,0.00,353,3.83,0.0,20.3,13.7,28
2006-04-20,7.7,14.2,55,0.00,359,3.79,0.0,20.2,15.4,38
2006-04-21,5.6,13.0,57,0.00,108,3.43,0.0,14.7,10.5,30
2006-04-22,7.0,13.4,52,0.00,123,3.36,0.0,15.1,13.0,33
2006-04-23,6.6,9.6,65,7.80,133,1.64,7.0,18.6,13.1,42
2006-04-24,4.0,6.3,91,10.00,123,0.96,11.0,16.7,14.2,77
2006-04-25,3.2,4.8,79,3.40,281,1.46,4.0,26.9,13.2,32
2006-04-26,1.2,6.1,55,2.00,252,2.12,6.0,22.7,14.9,32
2006-04-27,0.1,4.7,49,0.00,313,2.78,0.0,14.8,12.3,29
2006-04-28,1.8,9.3,49,0.00,335,3.30,0.0,11.4,9.1,28
2006-04-29,5.3,13.9,52,0.00,347,3.78,0.0,9.6,5.2,25
2006-04-30,9.1,19.1,56,0.00,346,4.25,0.0,7.9,5.2,23
2006-05-01,11.5,19.8,54,0.00,97,4.36,0.0,11.7,8.8,27
2006-05-02,8.4,12.6,69,7.60,97,1.31,6.0,15.5,9.0,51
2006-05-03,6.3,8.4,100,17.70,121,0.38,24.0,13.9,9.8,98
2006-05-04,10.1,18.8,87,1.80,188,3.01,5.0,18.5,8.1,55
2006-05-05,11.0,15.1,77,0.80,289,2.52,5.0,13.0,9.7,43
2006-05-06,6.0,10.3,86,5.70,342,1.26,14.0,15.5,11.2,64
2006-05-07,3.4,9.2,60,0.90,302,3.04,3.0,17.7,14.3,29
2006-05-08,7.8,15.6,64,0.30,201,2.99,2.0,13.1,8.0,39
2006-05-09,12.1,20.6,61,0.00,141,4.49,0.0,12.4,9.0,35
2006-05-10,10.2,14.9,69,1.40,111,1.59,6.0,16.7,11.8,52
2006-05-11,11.0,14.2,90,0.10,111,1.11,1.0,25.3,17.8,76
2006-05-12,11.1,13.3,88,1.70,108,1.42,6.0,24.0,20.5,74
2006-05-13,11.3,18.1,65,5.20,111,3.24,14.0,21.2,18.0,37
2006-05-14,13.9,20.1,58,0.00,102,4.89,0.0,18.0,13.3,36
2006-05-15,14.5,20.2,56,0.00,109,4.61,0.0,12.5,10.1,33
2006-05-16,12.9,17.9,70,4.90,113,2.87,4.0,12.0,8.1,48
2006-05-17,11.3,14.8,95,13.20,74,1.55,21.0,13.6,9.5,82
2006-05-18,9.6,11.9,87,0.10,101,1.37,1.0,11.9,9.3,71
2006-05-19,9.0,11.0,92,16.50,89,0.80,16.0,14.4,11.4,77
2006-05-20,10.2,14.7,93,17.00,50,2.09,22.0,15.7,10.0,72
2006-05-21,7.9,10.9,87,3.70,237,1.43,9.0,14.1,10.1,68
2006-05-22,6.7,8.5,79,1.80,318,1.85,6.0,19.9,16.1,59
2006-05-23,5.7,9.3,76,0.60,314,1.56,3.0,21.1,16.5,69
2006-05-24,9.4,14.9,71,0.00,325,2.55,0.0,16.2,10.0,48
2006-05-25,11.2,18.6,79,2.80,184,2.42,6.0,13.8,10.3,57
2006-05-26,15.7,22.8,74,0.00,178,3.64,0.0,14.4,8.3,47
2006-05-27,15.3,21.1,66,0.00,344,4.95,0.0,14.6,10.6,34
2006-05-28,16.7,24.7,56,0.00,266,5.55,0.0,14.3,8.9,36
2006-05-29,18.7,25.3,71,0.20,302,4.43,1.0,13.6,8.3,53
2006-05-30,16.1,20.0,75,2.20,113,3.25,8.0,13.3,9.8,48
2006-05-31,18.0,26.5,82,6.80,174,3.39,4.0,13.7,9.6,60
2006-06-01,16.6,20.4,71,0.90,346,3.31,5.0,16.3,13.2,36
2006-06-02,16.2,21.8,65,0.50,2,4.30,2.0,13.9,8.6,44
2006-06-03,14.8,18.5,70,0.00,48,2.65,0.0,10.1,8.0,47
2006-06-04,15.3,22.5,64,0.00,37,5.17,0.0,16.1,8.9,28
2006-06-05,17.3,24.2,62,0.00,266,5.02,0.0,7.2,3.1,31
2006-06-06,19.4,26.1,61,0.10,198,5.41,1.0,11.6,8.3,35
2006-06-07,19.5,24.6,68,0.20,108,4.56,2.0,12.4,7.8,44
2006-06-08,15.3,19.9,76,3.00,69,1.78,11.0,15.8,9.8,62
2006-06-09,11.1,12.8,94,2.70,83,0.68,14.0,9.7,6.7,85
2006-06-10,10.8,12.2,99,25.60,7,0.54,22.0,19.5,11.6,96
2006-06-11,14.1,19.1,86,6.50,350,2.39,12.0,23.9,18.5,64
2006-06-12,16.8,21.9,65,0.10,329,4.46,1.0,19.5,15.1,47
2006-06-13,16.6,20.6,62,0.00,339,4.45,0.0,14.7,10.8,38
2006-06-14,16.0,20.4,60,0.00,0,4.70,0.0,11.2,8.8,34
2006-06-15,15.6,21.0,62,0.20,339,4.42,1.0,17.4,12.0,42
2006-06-16,19.0,26.6,60,0.00,271,5.34,0.0,15.4,8.2,34
2006-06-17,17.7,20.9,74,0.60,199,2.28,3.0,16.3,11.7,59
2006-06-18,22.2,29.0,76,0.00,189,5.74,0.0,20.3,13.0,45
2006-06-19,21.7,25.1,77,3.90,205,3.37,4.0,23.1,13.8,61
2006-06-20,17.0,20.6,81,5.90,291,2.72,8.0,16.6,10.2,64
2006-06-21,16.2,22.4,59,0.00,284,5.45,0.0,12.5,9.2,34
2006-06-22,16.8,22.1,82,7.10,187,2.55,11.0,18.4,13.1,62
2006-06-23,15.6,19.4,71,1.10,340,4.50,3.0,17.2,11.4,35
2006-06-24,16.0,21.9,61,0.00,316,4.31,0.0,9.2,6.1,38
2006-06-25,18.1,23.7,67,0.00,241,4.56,0.0,9.5,5.2,39
2006-06-26,19.2,23.6,70,0.00,84,3.69,0.0,7.9,4.7,46
2006-06-27,18.1,22.2,95,29.80,146,0.92,19.0,18.8,13.7,76
2006-06-28,18.9,21.6,94,16.00,182,1.72,20.0,21.3,15.4,76
2006-06-29,18.5,21.5,92,12.90,194,2.60,13.0,11.5,7.3,78
2006-06-30,16.1,19.6,83,0.70,320,2.99,3.0,12.6,8.7,54
2006-07-01,16.2,20.6,65,1.30,275,4.58,6.0,19.5,11.4,34
2006-07-02,16.4,22.9,83,16.60,179,2.94,16.0,19.5,11.8,58
2006-07-03,16.1,22.1,72,0.70,286,4.44,3.0,24.5,11.1,49
2006-07-04,17.7,22.1,92,18.10,168,2.64,14.0,10.6,7.3,80
2006-07-05,17.1,19.7,83,8.20,269,3.54,7.0,13.1,7.8,55
2006-07-06,15.3,18.5,72,0.90,290,3.22,5.0,15.3,10.0,56
2006-07-07,18.3,25.0,71,0.20,284,4.62,1.0,12.4,8.7,42
2006-07-08,20.9,26.4,70,0.00,224,4.89,0.0,17.4,9.9,43
2006-07-09,20.9,26.0,67,0.00,222,5.09,0.0,17.0,12.4,43
2006-07-10,19.6,24.0,83,11.80,194,2.89,6.0,7.6,5.2,62
2006-07-11,19.2,24.5,91,9.10,145,3.30,9.0,9.0,5.1,66
2006-07-12,20.0,25.1,85,0.00,261,3.79,0.0,8.6,4.9,54
2006-07-13,21.4,26.7,76,0.00,117,4.58,0.0,10.0,4.0,42
2006-07-14,23.5,29.5,70,0.10,267,5.26,1.0,13.1,10.4,48
2006-07-15,22.5,26.1,83,2.40,197,2.89,4.0,16.3,7.9,67
2006-07-16,21.8,27.6,83,10.30,213,4.62,5.0,13.1,7.6,48
2006-07-17,23.0,28.0,81,2.20,187,4.58,3.0,14.8,8.3,57
2006-07-18,20.6,25.2,75,28.80,283,4.24,12.0,16.3,11.9,41
2006-07-19,19.4,25.1,65,0.00,284,5.21,0.0,11.4,6.5,40
2006-07-20,20.3,25.1,73,0.40,173,4.42,3.0,18.3,11.6,57
2006-07-21,19.7,22.7,80,7.90,302,3.49,12.0,13.1,10.7,58
2006-07-22,17.5,21.1,69,0.00,354,3.59,0.0,12.1,8.6,44
2006-07-23,17.8,21.5,72,0.30,342,3.90,2.0,9.0,7.0,49
2006-07-24,17.8,21.5,81,2.20,196,3.58,8.0,9.2,5.3,56
2006-07-25,18.6,23.7,84,17.90,189,2.52,14.0,16.9,11.4,57
2006-07-26,20.3,24.7,84,0.60,181,3.56,4.0,11.3,8.0,61
2006-07-27,20.9,24.2,92,7.20,175,2.66,15.0,17.2,13.8,77
2006-07-28,21.1,24.6,83,1.40,246,3.17,3.0,11.3,6.3,61
2006-07-29,21.1,24.5,75,0.30,292,4.19,2.0,17.8,12.7,49
2006-07-30,16.7,21.8,59,0.00,337,4.96,0.0,17.3,11.0,41
2006-07-31,18.9,24.3,73,0.30,251,3.72,3.0,9.5,5.7,53
2006-08-01,20.2,24.7,94,27.10,175,1.92,14.0,15.2,9.1,83
2006-08-02,21.4,23.5,87,4.20,299,2.32,2.0,16.8,9.7,60
2006-08-03,20.4,24.9,74,0.00,328,4.22,0.0,10.9,7.5,42
2006-08-04,20.5,24.8,81,6.00,278,3.66,5.0,12.4,5.0,51
2006-08-05,15.8,19.3,67,0.00,325,3.80,0.0,15.4,11.2,42
2006-08-06,17.5,23.5,69,0.00,207,4.04,0.0,18.1,10.3,47
2006-08-07,19.2,23.2,74,3.90,220,3.86,7.0,18.0,14.9,56
2006-08-08,17.5,21.3,63,0.00,333,4.75,0.0,16.9,14.1,40
2006-08-09,17.5,23.2,65,0.00,263,4.47,0.0,14.8,9.0,41
2006-08-10,16.2,19.1,77,12.40,319,2.96,12.0,17.6,12.6,55
2006-08-11,13.2,17.4,66,1.70,337,3.80,4.0,16.3,14.1,50
2006-08-12,12.5,16.3,66,0.40,324,3.24,2.0,19.5,14.2,46
2006-08-13,13.1,18.5,63,0.00,316,3.61,0.0,16.0,12.1,39
2006-08-14,14.8,19.7,78,1.50,214,1.86,3.0,17.1,9.1,62
2006-08-15,16.7,20.2,83,9.80,232,3.06,9.0,17.5,12.6,61
2006-08-16,15.9,19.3,78,0.00,300,2.65,0.0,13.2,9.5,60
2006-08-17,16.3,21.2,75,0.00,295,2.59,0.0,10.2,6.4,56
2006-08-18,18.9,24.5,76,0.00,195,3.72,0.0,14.7,9.6,51
2006-08-19,18.6,23.0,82,3.90,274,2.67,3.0,11.3,6.3,62
2006-08-20,14.9,18.0,85,16.10,21,1.34,13.0,14.1,11.5,77
2006-08-21,15.2,22.3,83,12.60,348,3.61,12.0,14.0,9.9,51
2006-08-22,16.2,19.5,74,0.80,285,2.90,2.0,13.8,10.9,49
2006-08-23,12.7,15.4,67,0.00,307,2.98,0.0,15.5,11.5,45
2006-08-24,11.5,15.2,70,0.40,316,2.95,3.0,12.0,7.7,50
2006-08-25,11.1,15.8,65,0.00,348,2.85,0.0,9.4,8.0,43
2006-08-26,12.9,18.7,68,0.00,33,3.67,0.0,10.1,7.7,44
2006-08-27,11.3,14.0,85,10.20,138,0.86,9.0,19.7,13.6,73
2006-08-28,13.1,17.5,89,1.70,127,1.77,5.0,15.2,4.9,69
2006-08-29,16.3,21.8,80,0.10,260,3.05,1.0,7.7,3.4,50
2006-08-30,13.3,17.3,63,0.00,338,3.25,0.0,17.9,15.4,45
2006-08-31,12.6,18.0,68,0.00,340,2.81,0.0,18.0,14.2,53
2006-09-01,14.1,19.9,73,0.00,4,3.30,0.0,11.9,9.0,46
2006-09-02,13.9,18.4,71,0.00,110,2.89,0.0,10.1,7.8,55
2006-09-03,12.0,14.7,88,9.60,103,0.71,11.0,11.6,8.8,77
2006-09-04,12.5,15.0,96,4.20,36,0.71,13.0,12.6,7.6,86
2006-09-05,15.5,22.9,77,0.00,264,3.39,0.0,12.6,8.0,47
2006-09-06,14.2,16.7,78,0.40,338,2.60,2.0,16.2,10.9,48
2006-09-07,12.3,18.2,71,0.00,259,3.35,0.0,13.3,7.9,47
2006-09-08,15.1,22.7,78,1.90,202,3.18,2.0,17.9,12.7,58
2006-09-09,11.0,15.6,88,6.70,350,1.38,11.0,18.1,11.6,62
2006-09-10,9.3,12.9,65,0.00,346,2.57,0.0,14.5,11.3,42
2006-09-11,9.6,14.8,66,0.00,358,2.97,0.0,10.3,6.2,42
2006-09-12,10.3,16.8,71,0.00,11,3.01,0.0,7.9,5.0,39
2006-09-13,11.2,16.7,76,0.00,174,2.52,0.0,9.4,4.7,49
2006-09-14,11.1,12.9,94,7.80,140,0.51,16.0,9.1,4.9,80
2006-09-15,13.5,20.3,87,0.00,277,2.48,0.0,8.8,4.4,58
2006-09-16,15.7,22.6,82,0.00,261,3.08,0.0,9.4,6.0,50
2006-09-17,15.8,20.8,83,0.00,208,2.24,0.0,15.5,9.2,57
2006-09-18,16.5,20.4,90,1.30,181,1.14,4.0,15.3,11.2,71
2006-09-19,16.0,18.3,99,34.60,173,0.34,23.0,14.4,11.4,90
2006-09-20,12.3,15.1,83,2.20,267,1.90,5.0,13.5,8.4,59
2006-09-21,7.9,10.9,71,1.30,285,2.05,8.0,20.0,14.4,44
2006-09-22,8.4,13.6,68,0.00,261,2.16,0.0,12.3,9.6,45
2006-09-23,9.3,11.4,90,1.40,161,0.70,5.0,13.7,9.7,75
2006-09-24,11.7,17.7,97,36.60,299,0.81,17.0,29.5,10.5,85
2006-09-25,7.0,10.6,71,0.00,280,1.58,0.0,18.1,10.7,48
2006-09-26,8.9,11.6,76,0.80,249,1.78,6.0,19.9,13.1,55
2006-09-27,9.5,15.8,75,0.00,171,2.30,0.0,21.6,12.4,53
2006-09-28,12.9,17.4,73,0.40,167,2.21,2.0,22.7,16.2,61
2006-09-29,9.5,14.1,94,22.00,166,0.30,22.0,19.5,13.5,73
2006-09-30,6.7,10.6,69,0.00,254,1.79,0.0,15.3,10.2,39
2006-10-01,6.7,8.5,88,9.40,121,0.47,16.0,19.6,14.6,70
2006-10-02,8.6,12.3,89,1.10,71,0.90,3.0,15.5,8.0,64
2006-10-03,10.4,14.9,90,1.10,211,0.86,4.0,9.5,7.4,77
2006-10-04,8.9,11.9,98,26.60,359,0.36,9.0,22.0,8.6,90
2006-10-05,5.5,9.2,72,0.20,341,1.62,1.0,21.2,15.6,44
2006-10-06,5.6,11.1,68,0.00,334,2.01,0.0,9.3,6.3,44
2006-10-07,6.8,14.0,72,0.00,216,2.09,0.0,10.6,7.9,42
2006-10-08,9.5,17.5,68,0.00,209,2.36,0.0,14.2,9.5,41
2006-10-09,11.0,17.4,68,0.00,251,2.46,0.0,17.2,11.9,41
2006-10-10,6.2,9.1,55,0.00,2,2.11,0.0,17.2,12.4,42
2006-10-11,5.3,8.6,69,0.20,118,1.19,2.0,22.0,16.7,62
2006-10-12,8.8,10.2,94,10.00,133,0.40,14.0,24.7,19.3,81
2006-10-13,3.8,7.0,75,1.40,196,1.37,5.0,20.3,13.7,40
2006-10-14,3.2,7.5,68,1.20,162,1.39,5.0,21.7,14.1,50
2006-10-15,2.9,6.6,86,0.60,224,1.01,5.0,13.0,9.5,68
2006-10-16,3.6,9.1,71,0.00,203,1.33,0.0,15.1,8.2,44
2006-10-17,4.3,8.5,76,0.70,138,1.00,2.0,16.8,10.3,59
2006-10-18,5.8,8.4,99,12.80,133,0.29,17.0,20.9,13.1,95
2006-10-19,8.3,10.2,98,6.30,181,0.28,9.0,18.7,10.1,95
2006-10-20,5.4,9.7,90,8.40,347,0.65,13.0,17.9,13.6,66
2006-10-21,2.3,5.3,78,7.90,318,1.23,9.0,22.5,19.8,49
2006-10-22,1.6,6.0,62,0.00,327,1.44,0.0,15.8,10.0,44
2006-10-23,1.6,2.8,91,6.50,75,0.26,15.0,10.2,6.9,73
2006-10-24,2.6,5.2,92,2.10,347,0.55,13.0,12.3,7.8,74
2006-10-25,3.5,6.1,82,0.00,326,0.83,0.0,22.4,16.6,62
2006-10-26,2.5,4.9,73,0.20,320,1.10,2.0,21.7,16.6,51
2006-10-27,1.9,4.5,70,0.00,326,0.93,0.0,13.8,8.1,54
2006-10-28,-0.0,1.9,89,28.00,112,0.23,13.0,28.2,18.5,76
2006-10-29,1.3,3.5,88,19.50,208,0.51,24.0,31.3,22.4,67
2006-10-30,0.8,1.8,66,0.70,277,1.27,4.0,29.7,24.7,56
2006-10-31,-1.1,1.7,78,1.00,212,0.61,4.0,14.7,8.3,64
2006-11-01,1.6,4.8,81,0.00,231,1.03,0.0,16.4,11.1,43
2006-11-02,-0.4,2.3,67,0.00,229,0.97,0.0,15.8,11.1,43
2006-11-03,-3.1,0.6,67,0.10,274,0.80,1.0,16.8,10.4,51
2006-11-04,-3.3,0.2,67,0.00,291,0.68,0.0,11.0,7.6,49
2006-11-05,-2.3,1.4,73,0.80,192,0.62,3.0,12.0,6.9,64
2006-11-06,-0.2,2.2,89,3.80,182,0.60,8.0,12.3,6.9,72
2006-11-07,1.5,6.5,86,0.00,167,0.68,0.0,14.8,11.6,71
2006-11-08,3.2,4.6,97,6.30,145,0.24,17.0,13.7,9.5,83
2006-11-09,5.1,7.7,100,5.10,147,0.29,10.0,13.7,9.3,97
2006-11-10,4.1,6.7,77,0.00,293,0.88,0.0,19.7,14.9,60
2006-11-11,0.9,2.1,77,6.50,357,0.37,7.0,15.1,8.5,69
2006-11-12,0.5,3.6,77,1.90,12,0.68,10.0,17.3,13.1,66
2006-11-13,2.3,3.9,92,0.30,109,0.14,2.0,15.9,11.7,78
2006-11-14,5.0,6.6,99,9.60,100,0.16,13.0,17.1,11.4,98
2006-11-15,5.5,6.2,100,3.50,189,0.17,7.0,10.5,6.2,99
2006-11-16,5.9,10.2,100,4.60,121,0.18,14.0,21.7,10.2,98
2006-11-17,11.5,13.8,95,30.50,168,0.50,18.0,27.0,19.2,72
2006-11-18,2.4,5.4,64,0.00,286,0.99,0.0,18.1,12.6,61
2006-11-19,-0.6,1.0,67,0.00,343,0.73,0.0,12.8,11.3,62
2006-11-20,-2.6,-1.7,60,0.00,331,0.92,0.0,17.1,15.0,50
2006-11-21,-3.3,0.2,56,0.00,255,0.93,0.0,14.6,10.1,43
2006-11-22,-1.5,3.5,75,0.00,178,0.67,0.0,11.4,5.4,60
2006-11-23,-0.9,4.9,78,0.00,149,0.72,0.0,8.8,7.2,47
2006-11-24,-1.0,1.8,68,0.00,348,0.90,0.0,19.2,13.9,47
2006-11-25,-2.0,3.2,72,0.00,147,0.67,0.0,10.5,8.3,53
2006-11-26,-0.0,4.2,86,0.00,171,0.37,0.0,9.0,6.4,73
2006-11-27,-0.3,1.7,82,2.10,354,0.47,5.0,13.4,10.2,56
2006-11-28,-2.9,0.4,59,0.00,43,0.80,0.0,13.0,9.1,48
2006-11-29,-0.4,2.9,91,1.10,146,0.24,7.0,15.3,13.4,58
2006-11-30,6.2,10.1,99,7.40,204,0.17,7.0,22.3,15.5,92
2006-12-01,-2.0,0.8,69,5.60,12,0.68,9.0,18.2,14.5,48
2006-12-02,-3.8,-1.6,76,15.50,235,0.53,11.0,23.8,18.3,55
2006-12-03,-8.9,-6.4,77,0.60,268,0.37,4.0,16.2,9.5,66
2006-12-04,-8.6,-6.9,83,0.90,295,0.30,5.0,14.7,9.9,64
2006-12-05,-13.9,-9.3,77,0.00,298,0.29,0.0,11.7,8.3,56
2006-12-06,-10.5,-3.7,83,4.20,171,0.23,12.0,19.9,14.3,73
2006-12-07,-2.7,-0.1,87,4.00,211,0.31,19.0,16.6,12.4,75
2006-12-08,-14.0,-10.3,77,0.00,317,0.31,0.0,17.6,15.1,62
2006-12-09,-7.9,-1.1,81,1.30,207,0.34,5.0,15.2,11.4,73
2006-12-10,-1.7,0.7,83,0.30,219,0.35,2.0,14.9,12.2,79
2006-12-11,-2.0,-0.6,87,0.00,322,0.38,0.0,12.4,9.2,65
2006-12-12,-10.2,-4.4,78,0.00,352,0.39,0.0,12.2,8.6,57
2006-12-13,-2.5,1.9,89,3.00,155,0.21,9.0,16.8,14.5,77
2006-12-14,1.2,2.4,95,0.40,194,0.28,2.0,13.0,11.3,82
2006-12-15,1.4,2.9,99,2.90,159,0.22,7.0,12.9,10.7,93
2006-12-16,-0.3,0.6,88,0.00,310,0.33,0.0,16.9,11.3,65
2006-12-17,-1.5,2.9,83,0.40,211,0.28,3.0,14.5,10.8,67
2006-12-18,-1.1,0.7,80,0.40,289,0.46,4.0,15.5,10.7,68
2006-12-19,-6.9,-3.2,57,0.00,324,0.67,0.0,17.2,12.1,52
2006-12-20,-8.0,-1.9,72,0.00,180,0.33,0.0,21.6,10.5,63
2006-12-21,-1.9,-0.7,68,0.00,278,0.76,0.0,22.9,17.1,53
2006-12-22,-7.0,-4.1,56,0.00,343,0.61,0.0,18.9,8.4,47
2006-12-23,-3.4,0.3,87,14.40,135,0.18,18.0,14.0,11.6,60
2006-12-24,-0.1,0.7,85,0.80,259,0.49,4.0,22.6,15.2,59
2006-12-25,-2.4,1.4,74,0.00,248,0.60,0.0,17.3,10.6,66
2006-12-26,-2.5,-0.7,92,8.80,43,0.19,17.0,17.2,8.7,82
2006-12-27,-10.6,-4.8,72,0.00,342,0.40,0.0,17.9,14.2,59
2006-12-28,-14.5,-10.3,75,0.00,313,0.30,0.0,10.5,9.3,60
2006-12-29,-17.9,-12.4,71,0.00,317,0.29,0.0,14.7,11.0,54
2006-12-30,-13.0,-7.5,67,0.10,244,0.27,1.0,9.5,5.5,59
2006-12-31,-8.4,-6.0,78,0.00,309,0.37,0.0,14.2,9.8,62
2007-01-01,-5.4,1.5,90,5.10,152,0.19,10.0,21.5,16.0,74
2007-01-02,-3.8,1.2,79,1.50,300,0.51,5.0,25.6,17.0,58
2007-01-03,-6.5,0.9,81,0.00,205,0.40,0.0,16.6,10.6,69
2007-01-04,-0.8,3.9,87,0.00,194,0.51,0.0,13.1,11.2,71
2007-01-05,1.5,3.4,97,4.30,189,0.14,7.0,14.1,12.1,91
2007-01-06,1.9,2.9,99,9.50,213,0.16,14.0,16.6,7.0,97
2007-01-07,-0.9,0.6,71,0.00,289,0.68,0.0,21.3,15.4,48
2007-01-08,-2.1,1.2,83,17.30,136,0.28,15.0,20.9,14.7,55
2007-01-09,-2.0,0.5,76,0.20,248,0.56,2.0,18.9,15.1,62
2007-01-10,-11.9,-4.8,73,0.00,299,0.33,0.0,15.6,12.8,54
2007-01-11,-16.8,-10.7,71,0.40,250,0.30,3.0,14.8,10.9,58
2007-01-12,-3.6,1.0,81,1.90,185,0.39,7.0,13.5,11.9,74
2007-01-13,-8.8,0.0,76,1.50,335,0.37,7.0,19.2,14.6,56
2007-01-14,-14.7,-7.6,66,0.00,320,0.41,0.0,11.5,5.7,52
2007-01-15,-14.5,-11.9,75,4.00,3,0.20,9.0,11.6,8.0,61
2007-01-16,-17.4,-12.4,70,2.50,341,0.29,11.0,17.7,15.0,53
2007-01-17,-25.8,-21.2,67,0.00,314,0.21,0.0,17.0,11.4,52
2007-01-18,-16.4,-7.2,74,0.40,169,0.36,2.0,15.1,13.3,66
2007-01-19,-7.9,-3.1,83,0.40,160,0.41,4.0,12.4,7.1,65
2007-01-20,-14.2,-6.5,71,0.00,314,0.36,0.0,27.8,22.0,54
2007-01-21,-19.8,-14.2,68,0.00,315,0.35,0.0,24.2,16.3,56
2007-01-22,-17.7,-10.4,71,0.00,293,0.37,0.0,10.5,5.1,53
2007-01-23,-14.1,-7.6,76,0.00,188,0.35,0.0,13.4,8.4,62
2007-01-24,-12.9,-8.6,75,1.20,287,0.35,4.0,19.6,12.9,53
2007-01-25,-23.2,-19.8,70,0.00,330,0.23,0.0,15.1,14.0,54
2007-01-26,-25.8,-22.4,67,0.00,319,0.21,0.0,16.1,13.7,49
2007-01-27,-22.8,-14.4,68,0.00,322,0.29,0.0,10.7,8.2,54
2007-01-28,-18.1,-12.3,70,0.00,332,0.38,0.0,11.8,10.0,50
2007-01-29,-20.2,-15.8,70,0.00,329,0.32,0.0,13.3,11.2,49
2007-01-30,-23.5,-16.8,67,0.00,305,0.29,0.0,12.1,8.9,45
2007-01-31,-21.1,-12.4,67,0.00,237,0.31,0.0,15.6,7.5,51
2007-02-01,-17.1,-7.2,75,0.30,177,0.33,3.0,17.7,9.9,70
2007-02-02,-9.2,-3.9,80,0.00,148,0.51,0.0,12.6,9.3,60
2007-02-03,-8.0,-5.2,72,2.80,250,0.56,7.0,22.0,14.1,42
2007-02-04,-15.3,-12.1,68,0.00,265,0.38,0.0,16.9,10.2,41
2007-02-05,-23.4,-17.9,63,0.00,274,0.22,0.0,17.8,12.1,49
2007-02-06,-19.4,-14.1,61,0.00,275,0.43,0.0,16.6,14.4,45
2007-02-07,-20.8,-15.1,66,0.00,265,0.38,0.0,12.3,9.9,44
2007-02-08,-18.1,-14.5,67,0.00,284,0.39,0.0,16.4,11.5,47
2007-02-09,-16.5,-12.3,66,0.00,283,0.44,0.0,20.1,15.3,52
2007-02-10,-15.1,-11.1,69,0.00,295,0.45,0.0,13.2,9.8,51
2007-02-11,-17.3,-8.4,70,0.00,227,0.52,0.0,14.1,9.9,49
2007-02-12,-14.4,-11.6,69,0.00,280,0.44,0.0,19.1,14.4,43
2007-02-13,-22.9,-17.0,64,0.00,324,0.38,0.0,19.2,15.2,49
2007-02-14,-18.1,-13.1,72,4.10,353,0.28,11.0,15.0,10.4,66
2007-02-15,-17.5,-15.0,69,11.10,309,0.34,17.0,22.2,20.0,53
2007-02-16,-16.8,-10.2,61,1.10,288,0.51,7.0,22.9,18.7,53
2007-02-17,-10.6,-4.3,67,0.00,279,0.83,0.0,18.3,13.3,51
2007-02-18,-10.7,-7.7,79,2.60,323,0.42,14.0,17.5,10.4,61
2007-02-19,-21.6,-14.8,62,0.00,325,0.42,0.0,20.6,15.7,41
2007-02-20,-17.6,-10.2,68,0.90,146,0.45,5.0,7.4,4.9,60
2007-02-21,-14.2,-8.4,73,0.00,306,0.63,0.0,12.8,9.3,47
2007-02-22,-15.0,-7.9,67,0.00,344,0.62,0.0,12.8,8.9,44
2007-02-23,-15.4,-10.5,65,0.00,338,0.56,0.0,22.7,19.9,50
2007-02-24,-11.7,-5.5,67,0.00,332,0.84,0.0,24.6,21.3,55
2007-02-25,-11.8,-6.4,66,0.00,343,0.85,0.0,20.1,16.2,39
2007-02-26,-12.8,-4.3,68,0.00,356,0.91,0.0,15.5,11.5,48
2007-02-27,-10.2,-0.7,75,0.00,341,1.03,0.0,12.3,7.4,57
2007-02-28,-11.0,-4.9,70,0.00,342,0.80,0.0,14.9,13.0,44
2007-03-01,-14.0,-7.6,70,0.00,338,0.77,0.0,13.6,11.4,45
2007-03-02,-11.6,-7.0,74,14.30,95,0.40,10.0,23.8,16.9,59
2007-03-03,-4.5,-0.0,81,4.00,159,0.94,13.0,24.2,13.6,59
2007-03-04,-4.2,-1.4,79,1.60,285,0.98,7.0,14.8,10.2,51
2007-03-05,-9.6,-5.6,72,0.40,302,0.75,4.0,24.5,10.5,50
2007-03-06,-22.4,-14.3,54,0.00,320,0.45,0.0,27.0,24.0,39
2007-03-07,-22.0,-13.4,56,0.00,281,0.60,0.0,18.4,12.3,35
2007-03-08,-21.7,-15.7,54,0.00,328,0.45,0.0,19.5,15.9,35
2007-03-09,-20.5,-10.7,57,0.00,311,0.77,0.0,15.3,10.1,35
2007-03-10,-8.9,-1.6,67,3.30,156,0.74,8.0,16.4,11.5,55
2007-03-11,-1.2,-0.2,80,0.20,267,1.21,2.0,17.4,11.3,51
2007-03-12,-2.6,4.2,76,0.70,254,1.05,3.0,12.4,8.4,53
2007-03-13,-0.4,2.5,89,1.80,137,0.62,6.0,15.8,9.6,74
2007-03-14,1.9,4.0,92,10.80,176,0.48,16.0,16.3,10.2,82
2007-03-15,-3.2,1.6,75,0.10,318,0.85,1.0,23.7,15.0,44
2007-03-16,-13.5,-5.8,60,0.00,357,0.99,0.0,15.5,10.6,35
2007-03-17,-9.5,-8.1,76,13.30,14,0.40,21.0,20.3,13.8,64
2007-03-18,-9.2,-5.6,68,2.40,325,0.88,19.0,30.1,20.2,50
2007-03-19,-11.0,-4.6,66,0.00,261,0.95,0.0,22.0,15.1,50
2007-03-20,-7.3,-3.1,66,2.40,287,0.98,8.0,26.8,21.1,36
2007-03-21,-13.2,-5.3,59,0.00,248,1.03,0.0,17.1,11.2,35
2007-03-22,0.1,7.8,78,7.30,188,0.77,17.0,23.4,17.0,55
2007-03-23,0.4,5.0,70,0.00,303,1.27,0.0,15.5,12.6,53
2007-03-24,-3.8,1.9,71,0.00,342,1.42,0.0,10.4,5.9,44
2007-03-25,-1.1,5.6,76,0.00,229,1.71,0.0,11.9,4.5,58
2007-03-26,-0.1,3.2,87,2.00,160,0.66,6.0,15.0,11.2,74
2007-03-27,2.0,6.8,92,1.10,282,0.72,6.0,13.5,5.9,77
2007-03-28,-2.4,3.8,62,0.00,328,1.74,0.0,28.5,22.8,36
2007-03-29,-3.7,4.6,48,0.00,338,2.37,0.0,26.1,21.3,31
2007-03-30,-0.8,2.4,58,0.00,319,1.89,0.0,25.2,17.6,40
2007-03-31,-2.9,4.6,50,0.00,320,2.38,0.0,20.1,13.7,28
2007-04-01,0.2,7.8,55,0.00,263,2.48,0.0,10.4,6.6,38
2007-04-02,0.7,2.3,84,6.90,123,0.61,14.0,22.1,16.4,61
2007-04-03,0.0,1.1,93,10.10,125,0.50,24.0,15.9,13.4,86
2007-04-04,-1.1,0.2,87,8.50,119,0.53,12.0,22.5,17.7,78
2007-04-05,-2.2,-0.4,85,11.90,123,0.77,24.0,21.4,13.0,68
2007-04-06,-4.0,0.2,76,0.00,255,1.31,0.0,11.6,9.6,51
2007-04-07,-6.6,-1.9,69,0.00,250,1.27,0.0,10.9,8.2,48
2007-04-08,-4.7,1.5,71,0.10,289,1.48,1.0,19.4,11.6,48
2007-04-09,-1.4,0.7,69,0.90,306,1.55,4.0,23.3,20.0,52
2007-04-10,-3.3,-0.4,69,0.00,315,1.44,0.0,14.8,12.2,48
2007-04-11,-4.0,2.9,63,0.00,325,2.19,0.0,12.3,10.6,38
2007-04-12,-2.5,3.2,61,1.50,93,1.33,3.0,16.9,11.8,47
2007-04-13,0.1,3.3,84,9.40,70,1.17,22.0,13.2,8.7,64
2007-04-14,1.6,8.2,73,0.00,336,2.23,0.0,10.2,7.2,32
2007-04-15,1.1,3.7,78,2.20,123,1.07,8.0,15.1,9.1,62
2007-04-16,0.6,1.5,88,30.00,66,0.53,24.0,24.0,18.9,79
2007-04-17,1.8,5.8,77,8.00,28,1.21,21.0,18.2,13.6,57
2007-04-18,4.0,10.2,70,0.20,19,2.81,1.0,15.3,11.6,39
2007-04-19,4.0,13.2,51,0.00,7,3.48,0.0,14.3,10.3,29
2007-04-20,5.8,14.5,59,0.00,330,3.55,0.0,13.5,8.9,30
2007-04-21,6.4,12.3,56,0.00,332,3.49,0.0,14.3,10.6,37
2007-04-22,7.6,16.4,61,0.00,187,3.18,0.0,18.8,9.5,39
2007-04-23,12.4,21.1,54,0.00,211,4.58,0.0,25.6,16.7,36
2007-04-24,6.8,17.2,54,2.50,304,3.34,4.0,25.7,21.0,26
2007-04-25,3.1,9.1,43,0.00,317,3.49,0.0,15.0,11.3,25
2007-04-26,4.9,13.9,46,0.00,283,3.64,0.0,9.8,7.3,23
2007-04-27,5.7,9.2,73,4.00,132,1.20,6.0,16.0,10.1,48
2007-04-28,4.8,8.7,94,2.80,85,0.84,10.0,11.5,6.7,76
2007-04-29,4.5,6.9,93,4.80,103,0.80,15.0,7.8,5.0,83
2007-04-30,4.8,9.6,96,10.70,168,1.05,17.0,22.5,12.4,75
2007-05-01,4.2,10.8,67,0.50,321,2.83,3.0,22.9,15.6,36
2007-05-02,4.0,10.1,57,0.00,337,2.40,0.0,21.6,13.6,33
2007-05-03,4.8,10.5,45,0.00,328,3.82,0.0,28.0,18.4,25
2007-05-04,5.5,12.0,48,0.00,330,3.63,0.0,20.2,16.1,31
2007-05-05,4.0,7.6,56,0.00,352,2.51,0.0,22.7,17.1,37
2007-05-06,5.1,13.3,48,0.00,353,3.89,0.0,14.5,11.3,30
2007-05-07,10.9,20.4,46,0.00,235,4.95,0.0,18.1,11.7,22
2007-05-08,14.6,22.2,44,0.30,227,4.64,1.0,18.0,14.1,32
2007-05-09,16.7,24.6,59,0.00,251,4.68,0.0,10.7,6.9,31
2007-05-10,17.6,25.6,56,0.00,203,4.54,0.0,10.6,7.6,28
2007-05-11,15.3,19.6,66,1.90,280,3.42,5.0,22.9,12.8,33
2007-05-12,6.2,10.9,44,0.00,351,3.97,0.0,21.8,14.8,29
2007-05-13,5.6,11.0,44,0.00,331,3.79,0.0,19.5,14.3,25
2007-05-14,9.6,18.8,57,0.10,232,4.04,1.0,15.5,7.0,26
2007-05-15,9.5,13.8,74,9.20,235,1.50,6.0,15.7,9.1,43
2007-05-16,7.3,10.8,49,0.10,44,2.27,1.0,16.3,12.1,32
2007-05-17,5.0,10.0,64,3.50,66,2.18,11.0,14.0,10.4,43
2007-05-18,6.2,12.1,69,0.00,123,2.86,0.0,10.2,7.2,47
2007-05-19,11.0,20.8,63,0.00,172,4.83,0.0,8.5,3.9,27
2007-05-20,9.6,16.3,65,1.00,359,3.13,3.0,18.8,13.8,49
2007-05-21,6.6,14.3,68,4.30,339,3.91,8.0,17.8,15.3,28
2007-05-22,9.4,17.0,47,0.00,340,4.70,0.0,12.4,8.2,25
2007-05-23,12.7,20.2,52,0.00,155,4.80,0.0,14.5,10.7,32
2007-05-24,19.2,28.8,55,0.00,233,5.83,0.0,16.7,10.8,30
2007-05-25,22.2,28.8,51,0.00,246,6.06,0.0,20.9,11.7,28
2007-05-26,17.1,22.6,49,0.00,309,5.23,0.0,18.6,15.3,33
2007-05-27,12.7,18.1,49,0.00,114,3.83,0.0,16.8,10.4,35
2007-05-28,12.7,15.9,82,10.00,244,2.87,13.0,23.2,15.0,54
2007-05-29,14.6,21.6,58,0.00,310,4.91,0.0,16.6,13.4,29
2007-05-30,14.5,17.8,74,9.20,288,1.52,8.0,9.4,5.7,52
2007-05-31,13.3,17.1,82,0.20,133,2.12,1.0,11.7,7.3,56
2007-06-01,16.1,22.4,75,1.70,297,3.70,4.0,14.2,8.8,43
2007-06-02,15.7,21.3,53,0.20,322,3.86,1.0,11.8,6.5,30
2007-06-03,14.7,20.5,65,0.00,118,3.89,0.0,17.8,11.3,55
2007-06-04,13.1,15.6,84,1.60,120,1.25,7.0,20.8,17.1,74
2007-06-05,11.6,14.4,99,22.30,133,0.74,24.0,19.1,9.2,92
2007-06-06,9.3,13.9,79,6.30,261,1.76,12.0,17.1,13.8,52
2007-06-07,11.1,19.0,61,0.00,285,4.57,0.0,8.7,6.7,34
2007-06-08,15.9,25.2,68,1.30,155,4.92,2.0,18.7,13.4,54
2007-06-09,19.3,23.1,70,7.40,335,5.27,6.0,15.9,12.8,36
2007-06-10,17.7,22.5,71,0.10,46,3.84,1.0,11.4,7.1,57
2007-06-11,20.0,26.9,70,0.00,15,4.69,0.0,9.5,5.4,38
2007-06-12,20.9,28.5,70,1.70,13,5.02,3.0,10.6,5.8,38
2007-06-13,18.6,23.5,70,0.00,112,5.26,0.0,12.0,7.7,39
2007-06-14,18.2,25.0,60,0.00,127,5.44,0.0,10.0,4.4,36
2007-06-15,20.7,27.6,63,0.00,191,5.64,0.0,8.4,4.5,33
2007-06-16,21.5,28.3,67,0.70,198,5.40,2.0,10.7,7.7,39
2007-06-17,18.5,21.7,73,2.90,327,3.75,4.0,18.7,12.0,37
2007-06-18,17.0,23.5,51,0.00,338,5.53,0.0,13.4,7.9,31
2007-06-19,20.3,27.4,57,0.40,170,5.97,2.0,22.6,13.2,39
2007-06-20,19.1,22.0,82,12.90,261,3.22,16.0,16.7,10.9,56
2007-06-21,15.8,18.6,60,0.00,325,3.52,0.0,12.9,10.1,42
2007-06-22,14.7,17.2,56,0.00,330,4.24,0.0,26.3,17.9,40
2007-06-23,12.2,15.7,60,0.00,327,2.72,0.0,21.3,17.4,48
2007-06-24,14.3,21.1,58,0.00,309,4.99,0.0,11.0,7.5,31
2007-06-25,17.8,23.8,66,0.60,230,4.21,3.0,15.3,8.1,50
2007-06-26,21.3,27.4,71,1.40,263,4.19,4.0,16.4,11.3,50
2007-06-27,20.1,24.6,77,0.60,26,2.89,1.0,13.0,7.7,64
2007-06-28,16.8,20.9,77,0.40,330,3.52,2.0,19.8,12.1,42
2007-06-29,13.6,19.2,57,2.20,296,4.28,3.0,16.7,11.8,36
2007-06-30,11.8,14.9,71,1.60,308,3.33,3.0,15.8,12.8,45
2007-07-01,11.6,15.6,68,0.80,316,3.29,4.0,16.6,13.0,53
2007-07-02,12.6,17.5,70,1.70,323,3.62,3.0,15.7,13.0,54
2007-07-03,15.0,21.7,67,0.00,306,4.00,0.0,9.2,6.5,33
2007-07-04,15.4,19.5,79,3.30,155,2.16,5.0,10.7,7.6,55
2007-07-05,15.2,19.1,93,9.90,163,2.01,14.0,12.3,9.5,74
2007-07-06,16.6,20.9,79,0.40,315,3.85,3.0,14.1,9.7,50
2007-07-07,15.0,18.8,67,0.30,286,3.24,2.0,13.7,9.9,50
2007-07-08,15.7,21.4,65,1.50,321,4.86,2.0,10.2,7.4,35
2007-07-09,14.1,19.0,84,15.30,132,1.12,11.0,18.4,10.7,59
2007-07-10,15.7,22.8,81,1.60,337,4.30,2.0,12.8,6.9,48
2007-07-11,19.7,26.2,85,9.10,160,2.89,6.0,22.7,14.7,63
2007-07-12,16.8,20.8,74,3.70,260,4.06,3.0,13.9,10.8,41
2007-07-13,15.7,19.9,76,6.60,208,3.47,4.0,13.7,9.8,52
2007-07-14,15.0,19.6,78,0.70,211,3.44,4.0,13.7,8.0,51
2007-07-15,15.6,20.0,88,20.40,187,2.95,18.0,16.8,13.4,57
2007-07-16,16.0,21.0,68,0.00,250,4.32,0.0,14.0,9.1,40
2007-07-17,17.0,22.2,71,0.20,240,4.43,2.0,14.5,7.9,48
2007-07-18,18.4,23.7,69,0.00,199,4.45,0.0,10.8,7.9,45
2007-07-19,16.7,20.0,92,18.00,86,2.41,16.0,9.2,6.1,75
2007-07-20,13.3,15.4,99,18.00,9,0.61,19.0,16.3,12.3,96
2007-07-21,15.6,21.6,70,0.20,335,4.42,1.0,14.7,12.1,43
2007-07-22,17.0,23.9,63,0.00,346,5.15,0.0,11.5,8.0,34
2007-07-23,19.1,24.5,63,0.00,195,5.31,0.0,11.6,6.8,40
2007-07-24,20.2,26.7,66,0.00,206,5.34,0.0,9.5,5.6,41
2007-07-25,21.9,27.6,72,0.00,220,5.12,0.0,13.1,8.0,46
2007-07-26,22.7,28.5,66,0.00,239,5.64,0.0,13.3,9.7,40
2007-07-27,22.5,27.8,73,1.00,208,4.76,2.0,14.2,8.9,52
2007-07-28,19.0,22.6,96,23.70,296,0.90,18.0,13.0,5.7,83
2007-07-29,17.7,23.2,70,0.10,340,4.78,1.0,14.8,9.7,35
2007-07-30,19.1,25.1,72,0.00,225,4.35,0.0,11.2,4.6,37
2007-07-31,20.5,25.9,70,0.00,305,4.63,0.0,10.5,8.5,41
2007-08-01,19.6,25.8,64,0.00,302,4.98,0.0,12.8,8.6,38
2007-08-02,23.6,31.1,69,0.10,206,5.56,1.0,18.1,10.8,37
2007-08-03,22.5,25.7,78,5.90,199,3.80,8.0,15.5,11.5,62
2007-08-04,19.0,22.7,70,0.00,317,3.90,0.0,16.1,11.8,48
2007-08-05,16.7,22.3,58,0.00,320,4.83,0.0,14.3,9.2,37
2007-08-06,14.7,18.5,82,13.90,151,1.69,8.0,14.0,10.3,62
2007-08-07,16.8,22.6,72,0.30,345,4.43,2.0,15.2,8.7,44
2007-08-08,16.6,19.7,86,8.80,72,1.88,12.0,26.1,11.2,73
2007-08-09,15.3,22.5,68,0.00,346,4.48,0.0,19.3,10.9,40
2007-08-10,17.8,24.1,73,0.00,105,4.11,0.0,9.0,3.8,45
2007-08-11,18.9,24.7,74,0.10,317,3.33,1.0,15.3,11.3,46
2007-08-12,19.0,24.2,76,1.40,244,2.91,3.0,12.7,7.9,60
2007-08-13,17.0,21.1,71,2.40,301,3.62,4.0,20.1,13.1,38
2007-08-14,13.8,17.0,68,0.00,312,2.26,0.0,17.6,9.8,52
2007-08-15,14.8,19.8,81,6.10,211,2.72,10.0,15.0,11.4,48
2007-08-16,14.3,17.2,78,7.00,211,2.02,8.0,18.8,10.3,59
2007-08-17,13.3,19.0,78,1.00,231,3.22,4.0,12.7,7.2,45
2007-08-18,11.5,14.0,81,5.80,323,2.56,9.0,20.6,14.5,51
2007-08-19,10.8,15.3,62,0.00,312,2.87,0.0,17.7,12.6,42
2007-08-20,10.9,17.4,65,0.00,341,3.30,0.0,9.8,7.9,39
2007-08-21,12.5,19.6,71,0.00,18,3.88,0.0,7.6,4.7,43
2007-08-22,14.5,20.6,73,0.00,124,3.61,0.0,13.5,7.8,49
2007-08-23,14.2,16.5,84,9.70,155,1.13,9.0,14.2,10.6,67
2007-08-24,16.8,20.8,98,14.90,160,0.81,17.0,11.9,9.6,92
2007-08-25,16.2,19.3,99,36.00,3,0.57,12.0,9.2,7.4,96
2007-08-26,16.6,20.6,84,0.60,326,3.20,2.0,15.6,9.8,53
2007-08-27,14.8,21.4,66,0.00,335,4.04,0.0,11.1,7.2,41
2007-08-28,17.0,23.7,74,0.00,201,3.97,0.0,12.1,7.0,49
2007-08-29,18.5,23.4,83,8.10,196,2.47,7.0,16.4,10.3,66
2007-08-30,15.1,18.9,86,21.30,357,2.09,13.0,18.5,11.9,59
2007-08-31,13.7,19.8,76,0.00,344,3.08,0.0,12.1,6.5,42
2007-09-01,12.8,17.5,68,0.00,343,3.45,0.0,16.3,14.0,39
2007-09-02,13.7,19.9,71,0.00,217,3.45,0.0,16.6,9.0,47
2007-09-03,16.9,21.5,69,1.40,243,3.51,4.0,18.2,15.6,49
2007-09-04,13.4,17.6,54,0.00,313,4.19,0.0,20.0,16.9,37
2007-09-05,11.0,16.1,63,0.00,334,3.39,0.0,15.3,9.4,44
2007-09-06,13.3,21.0,76,1.40,167,2.48,4.0,16.5,11.5,65
2007-09-07,20.7,26.3,83,0.20,191,3.00,1.0,18.4,12.9,65
2007-09-08,20.6,23.0,68,0.00,244,3.33,0.0,21.4,16.7,58
2007-09-09,12.7,16.7,67,0.00,26,2.88,0.0,13.7,9.1,53
2007-09-10,13.4,17.8,75,0.00,351,2.37,0.0,8.7,4.9,55
2007-09-11,11.5,13.6,93,18.50,91,0.42,17.0,19.4,11.1,75
2007-09-12,11.2,14.2,81,19.70,284,2.00,11.0,30.4,16.1,47
2007-09-13,9.3,13.5,55,0.00,294,3.19,0.0,15.9,10.7,41
2007-09-14,12.0,19.7,78,0.00,161,2.49,0.0,25.6,14.9,61
2007-09-15,11.3,16.6,90,11.70,282,1.01,18.0,21.0,13.5,64
2007-09-16,8.2,12.6,64,0.00,275,2.34,0.0,14.3,10.0,40
2007-09-17,10.2,16.5,71,0.00,195,2.84,0.0,12.7,8.7,50
2007-09-18,11.4,17.6,77,0.00,179,2.75,0.0,12.3,6.8,48
2007-09-19,13.6,21.1,78,0.00,185,2.94,0.0,15.5,11.4,57
2007-09-20,16.1,21.2,73,0.00,258,3.11,0.0,14.8,10.4,48
2007-09-21,14.1,20.5,77,0.00,135,2.86,0.0,11.0,6.1,52
2007-09-22,16.1,22.5,86,3.70,183,2.08,3.0,26.8,15.2,62
2007-09-23,13.8,16.8,62,0.00,285,3.19,0.0,20.8,14.4,40
2007-09-24,13.2,20.7,57,0.00,295,3.39,0.0,15.3,10.6,43
2007-09-25,17.6,25.0,73,1.00,210,2.88,4.0,18.2,11.6,54
2007-09-26,19.2,21.7,83,2.90,251,1.96,6.0,18.0,12.1,59
2007-09-27,12.8,16.1,81,1.10,22,0.96,2.0,13.4,6.7,69
2007-09-28,11.8,14.9,91,16.30,352,1.13,14.0,13.0,8.0,72
2007-09-29,9.8,12.1,74,0.00,324,1.85,0.0,17.3,13.3,44
2007-09-30,8.5,13.9,65,0.00,113,2.31,0.0,11.3,6.9,44
2007-10-01,11.6,18.3,75,0.00,172,2.38,0.0,18.1,13.0,59
2007-10-02,13.5,18.1,86,0.00,170,1.80,0.0,13.6,9.9,63
2007-10-03,13.8,18.7,85,0.20,164,1.57,1.0,23.2,14.4,71
2007-10-04,15.0,19.4,74,0.70,261,2.43,2.0,16.4,9.2,39
2007-10-05,14.8,22.2,68,0.00,242,2.68,0.0,10.1,7.6,44
2007-10-06,10.8,15.7,63,0.00,4,1.47,0.0,13.7,11.1,47
2007-10-07,7.1,10.6,58,0.10,358,2.36,1.0,16.6,13.2,41
2007-10-08,6.5,8.4,87,4.60,156,0.47,11.0,8.2,5.3,57
2007-10-09,7.9,12.3,79,0.00,20,1.60,0.0,16.8,10.6,57
2007-10-10,8.2,10.4,88,2.60,98,0.56,6.0,8.9,6.1,75
2007-10-11,8.9,12.0,89,0.90,97,0.78,6.0,14.2,7.8,68
2007-10-12,7.9,8.9,99,23.00,109,0.24,22.0,18.5,14.3,95
2007-10-13,4.4,8.5,82,5.90,279,1.12,12.0,16.3,12.8,48
2007-10-14,4.1,6.9,83,2.10,316,1.07,9.0,13.9,9.2,54
2007-10-15,5.1,7.5,69,0.00,311,1.19,0.0,15.3,12.0,59
2007-10-16,5.6,9.7,68,0.00,327,1.71,0.0,14.9,12.1,52
2007-10-17,5.0,11.2,76,0.00,334,1.46,0.0,9.0,6.9,48
2007-10-18,6.9,13.5,79,0.00,79,0.83,0.0,7.6,3.7,57
2007-10-19,11.2,17.4,85,4.50,132,0.80,6.0,21.2,14.0,77
2007-10-20,13.9,15.3,88,34.90,204,1.40,12.0,19.9,14.7,61
2007-10-21,12.4,17.2,70,0.50,236,2.13,2.0,18.0,14.7,50
2007-10-22,13.8,20.2,73,0.00,200,2.12,0.0,14.8,11.1,51
2007-10-23,11.6,13.9,89,14.80,208,0.40,11.0,21.3,12.3,79
2007-10-24,5.6,9.4,79,0.30,282,1.00,1.0,14.8,7.6,50
2007-10-25,5.2,8.7,71,0.00,341,1.34,0.0,13.5,8.7,45
2007-10-26,4.8,10.6,76,0.00,162,1.35,0.0,10.9,6.9,53
2007-10-27,6.5,8.8,96,21.50,148,0.18,18.0,13.0,11.0,83
2007-10-28,4.7,10.4,71,1.00,278,1.34,5.0,27.2,20.8,45
2007-10-29,-0.3,3.2,62,0.40,268,1.24,2.0,17.7,12.1,48
2007-10-30,1.8,5.4,76,0.80,295,0.91,3.0,15.6,10.6,52
2007-10-31,3.1,10.2,81,0.00,157,1.10,0.0,19.2,11.9,70
2007-11-01,6.9,9.3,66,2.30,221,1.70,4.0,24.8,19.0,44
2007-11-02,1.3,5.4,58,0.00,279,1.43,0.0,15.4,10.1,43
2007-11-03,0.1,4.3,71,0.00,125,0.92,0.0,11.8,9.1,52
2007-11-04,1.5,5.9,67,0.00,325,1.23,0.0,19.1,14.2,50
2007-11-05,0.9,5.5,76,0.00,102,0.94,0.0,15.0,8.1,54
2007-11-06,1.4,3.8,88,23.60,130,0.44,17.0,25.1,17.5,66
2007-11-07,0.0,3.1,89,0.30,232,0.67,2.0,15.2,10.3,62
2007-11-08,-1.7,-0.2,65,0.00,312,0.61,0.0,11.6,6.7,51
2007-11-09,-1.4,0.3,61,0.00,77,0.65,0.0,4.2,3.1,47
2007-11-10,-2.9,0.0,67,0.00,18,0.78,0.0,11.2,7.1,49
2007-11-11,-5.4,0.6,66,0.00,343,0.84,0.0,11.4,9.0,44
2007-11-12,-2.5,2.3,65,0.00,154,0.82,0.0,12.5,6.8,46
2007-11-13,0.2,4.0,79,4.10,223,0.74,9.0,16.2,10.4,60
2007-11-14,2.0,7.1,83,1.20,183,0.65,3.0,19.8,15.6,66
2007-11-15,3.3,7.1,98,6.00,216,0.23,15.0,15.0,6.8,94
2007-11-16,-0.6,1.4,77,1.60,329,0.75,10.0,26.3,20.2,54
2007-11-17,-2.2,-0.3,60,0.40,278,1.13,3.0,25.7,21.6,46
2007-11-18,-2.8,-1.0,58,0.00,320,0.95,0.0,16.5,10.3,42
2007-11-19,-4.7,-1.0,62,0.00,132,0.77,0.0,13.2,8.8,44
2007-11-20,-3.7,-0.9,76,8.50,148,0.48,9.0,19.0,13.2,58
2007-11-21,-2.2,0.3,92,0.10,195,0.29,1.0,6.7,4.9,85
2007-11-22,-4.1,-1.8,86,12.60,356,0.25,20.0,19.6,14.0,80
2007-11-23,-8.6,-6.6,73,2.50,333,0.51,7.0,19.5,17.2,56
2007-11-24,-13.1,-7.8,76,0.00,273,0.40,0.0,14.5,10.2,56
2007-11-25,-3.6,1.1,81,1.30,202,0.49,8.0,20.1,15.5,67
2007-11-26,-0.8,1.8,86,0.00,199,0.43,0.0,15.3,11.4,69
2007-11-27,-0.6,1.8,91,11.30,310,0.38,21.0,18.9,9.1,71
2007-11-28,-12.6,-4.5,73,0.00,317,0.37,0.0,19.9,12.5,60
2007-11-29,-7.6,-0.2,81,5.80,152,0.31,13.0,18.6,14.1,73
2007-11-30,-7.1,-1.1,73,0.60,258,0.50,3.0,17.6,12.5,52
2007-12-01,-13.2,-7.7,73,2.40,313,0.33,6.0,20.4,15.5,56
2007-12-02,-17.5,-11.3,74,0.00,340,0.25,0.0,15.9,10.3,63
2007-12-03,-9.8,-7.0,78,18.40,106,0.31,16.0,26.3,18.0,66
2007-12-04,-5.1,-3.1,81,3.00,11,0.38,12.0,18.1,11.9,66
2007-12-05,-9.2,-6.4,86,1.50,322,0.23,9.0,12.2,6.9,73
2007-12-06,-14.9,-10.8,77,0.00,261,0.27,0.0,12.5,8.9,62
2007-12-07,-12.8,-8.2,85,1.10,173,0.16,6.0,11.8,9.4,81
2007-12-08,-7.6,-4.5,80,0.00,243,0.41,0.0,18.3,12.9,55
2007-12-09,-17.6,-12.4,74,0.00,288,0.24,0.0,11.8,8.1,59
2007-12-10,-15.6,-8.4,78,0.00,212,0.25,0.0,8.8,6.5,67
2007-12-11,-10.3,-7.0,82,0.40,218,0.23,2.0,10.7,8.2,71
2007-12-12,-6.3,-3.7,78,4.60,275,0.42,9.0,22.2,14.5,54
2007-12-13,-17.9,-13.2,72,0.00,322,0.25,0.0,14.4,7.7,62
2007-12-14,-13.1,-6.4,78,4.10,160,0.27,11.0,20.0,9.9,68
2007-12-15,-19.8,-11.3,68,0.00,321,0.27,0.0,21.9,13.1,56
2007-12-16,-17.2,-13.5,71,9.90,90,0.20,11.0,18.3,11.9,66
2007-12-17,-13.7,-12.4,72,14.90,328,0.37,12.0,26.3,20.3,59
2007-12-18,-18.0,-14.2,74,0.00,318,0.24,0.0,18.2,10.4,60
2007-12-19,-18.3,-12.0,76,1.80,39,0.17,11.0,10.5,7.3,66
2007-12-20,-10.2,-7.5,81,3.20,64,0.22,13.0,10.2,7.6,72
2007-12-21,-9.1,-6.9,83,0.00,114,0.26,0.0,8.3,6.4,73
2007-12-22,-7.7,-4.6,89,0.00,149,0.22,0.0,12.2,9.2,82
2007-12-23,-2.7,1.9,92,5.50,142,0.21,10.0,20.2,13.6,88
2007-12-24,-2.2,3.8,77,9.00,204,0.54,10.0,23.7,19.4,58
2007-12-25,-6.8,-4.8,74,0.00,274,0.47,0.0,17.5,13.2,65
2007-12-26,-5.0,-0.7,85,0.00,224,0.28,0.0,10.5,7.4,74
2007-12-27,-4.0,-3.3,91,2.10,110,0.21,6.0,15.1,10.0,82
2007-12-28,-4.9,-2.8,88,4.80,45,0.34,12.0,13.4,7.7,74
2007-12-29,-3.4,1.0,86,10.30,147,0.35,12.0,24.2,16.1,72
2007-12-30,-6.7,-1.2,74,0.00,276,0.44,0.0,17.6,10.9,65
2007-12-31,-11.3,-9.1,83,3.10,360,0.19,10.0,10.2,7.3,74
2008-01-01,-11.0,-7.6,83,0.00,333,0.26,0.0,14.3,7.9,70
2008-01-02,-17.7,-9.4,70,0.70,347,0.28,6.0,22.0,19.9,55
2008-01-03,-23.1,-20.2,70,0.00,329,0.21,0.0,17.2,13.4,57
2008-01-04,-15.6,-6.5,77,1.00,191,0.34,6.0,15.9,12.5,69
2008-01-05,-6.7,-4.4,88,0.00,188,0.26,0.0,13.4,9.4,80
2008-01-06,-2.4,1.2,90,0.00,186,0.32,0.0,11.9,9.1,82
2008-01-07,1.1,2.7,98,0.90,182,0.16,4.0,14.4,10.5,94
2008-01-08,2.8,4.8,100,7.50,174,0.16,10.0,13.1,9.2,99
2008-01-09,3.7,6.6,94,21.60,174,0.34,18.0,29.0,18.3,75
2008-01-10,-2.8,0.4,73,1.10,271,0.74,4.0,27.2,19.6,67
2008-01-11,-6.1,-3.0,85,10.30,100,0.21,11.0,22.9,13.1,77
2008-01-12,-2.6,0.7,80,1.90,226,0.46,5.0,18.6,15.8,63
2008-01-13,-11.4,-7.9,78,0.00,325,0.35,0.0,12.8,9.9,62
2008-01-14,-10.9,-6.6,77,0.50,28,0.27,5.0,11.2,7.1,68
2008-01-15,-11.4,-8.5,76,0.00,345,0.37,0.0,14.8,12.9,58
2008-01-16,-14.6,-10.9,77,0.00,337,0.35,0.0,16.2,13.9,63
2008-01-17,-15.5,-9.4,78,0.00,169,0.28,0.0,10.5,7.3,65
2008-01-18,-5.7,-0.4,80,7.40,177,0.48,11.0,22.8,17.4,63
2008-01-19,-8.5,-4.9,76,0.30,246,0.44,3.0,19.0,12.3,57
2008-01-20,-20.1,-11.9,71,0.00,315,0.22,0.0,11.7,9.7,51
2008-01-21,-24.5,-19.1,64,0.00,271,0.24,0.0,12.8,9.7,46
2008-01-22,-17.8,-12.6,79,3.80,170,0.18,12.0,10.9,8.2,69
2008-01-23,-13.7,-9.5,76,0.30,254,0.38,2.0,20.3,10.6,54
2008-01-24,-21.5,-15.9,70,0.00,296,0.27,0.0,14.5,6.2,55
2008-01-25,-21.3,-12.7,70,0.00,254,0.29,0.0,11.4,8.3,54
2008-01-26,-16.1,-10.0,73,0.00,296,0.37,0.0,11.2,7.4,47
2008-01-27,-15.9,-9.2,75,0.00,102,0.37,0.0,9.4,7.2,66
2008-01-28,-10.7,-4.1,77,0.00,85,0.55,0.0,6.5,3.1,55
2008-01-29,-10.8,-6.1,80,0.20,151,0.26,1.0,12.5,8.6,67
2008-01-30,-2.3,0.9,83,12.40,150,0.42,14.0,23.1,17.7,60
2008-01-31,-13.8,-6.7,58,0.00,244,0.61,0.0,23.6,15.7,43
2008-02-01,-15.0,-9.3,72,5.20,90,0.29,7.0,17.6,9.1,55
2008-02-02,-8.0,-5.7,79,27.80,24,0.47,16.0,20.0,13.4,61
2008-02-03,-10.0,-5.9,81,0.10,311,0.41,1.0,8.8,4.6,67
2008-02-04,-10.6,-4.6,79,0.00,338,0.57,0.0,8.0,5.0,57
2008-02-05,-7.7,-3.4,86,7.70,116,0.24,13.0,16.2,9.7,75
2008-02-06,-7.3,-5.2,80,0.20,344,0.42,2.0,16.5,13.5,62
2008-02-07,-14.7,-10.1,69,0.00,7,0.46,0.0,19.9,12.2,51
2008-02-08,-13.5,-7.9,78,0.30,145,0.43,3.0,10.5,7.2,66
2008-02-09,-11.6,-6.5,81,0.00,185,0.54,0.0,8.4,4.5,68
2008-02-10,-5.2,-1.8,86,7.40,145,0.42,22.0,18.4,13.6,74
2008-02-11,-11.3,-5.0,68,1.20,288,0.56,10.0,23.4,18.3,53
2008-02-12,-17.7,-13.2,68,0.00,316,0.46,0.0,14.7,9.9,45
2008-02-13,-13.4,-7.4,79,7.70,125,0.28,12.0,20.2,11.6,63
2008-02-14,-11.5,-8.0,71,0.00,319,0.59,0.0,15.5,10.7,44
2008-02-15,-10.0,-6.5,75,3.90,244,0.57,12.0,18.5,12.5,46
2008-02-16,-18.2,-13.8,63,0.00,286,0.50,0.0,13.8,10.0,46
2008-02-17,-14.5,-6.5,71,1.60,165,0.57,5.0,15.5,11.5,55
2008-02-18,0.5,5.4,91,12.70,167,0.50,16.0,20.8,17.8,72
2008-02-19,-3.4,0.7,73,0.80,260,0.82,4.0,15.9,11.3,58
2008-02-20,-14.6,-6.9,65,0.00,292,0.52,0.0,15.6,12.2,47
2008-02-21,-18.6,-12.8,65,0.00,271,0.54,0.0,12.3,9.3,41
2008-02-22,-16.4,-9.9,72,0.00,183,0.49,0.0,11.2,7.5,56
2008-02-23,-14.1,-6.1,72,0.00,311,0.77,0.0,9.0,6.3,45
2008-02-24,-9.3,-1.7,70,0.00,244,0.97,0.0,15.5,10.8,50
2008-02-25,-5.5,-0.7,81,0.00,220,0.68,0.0,12.5,7.8,67
2008-02-26,-5.2,-3.2,81,0.70,353,0.66,4.0,10.9,8.4,60
2008-02-27,-11.1,-6.2,68,2.50,349,0.65,14.0,20.2,17.1,49
2008-02-28,-18.5,-12.3,60,0.00,339,0.60,0.0,20.0,15.8,39
2008-02-29,-19.7,-13.1,64,0.00,288,0.62,0.0,11.2,8.0,40
2008-03-01,-11.9,-6.6,75,3.40,111,0.49,15.0,15.6,12.0,61
2008-03-02,-9.6,-5.1,70,0.20,332,0.92,2.0,19.9,16.1,44
2008-03-03,-9.7,-2.2,76,1.10,162,0.47,3.0,16.8,11.2,64
2008-03-04,-1.7,3.0,71,3.20,284,1.06,10.0,21.6,15.3,44
2008-03-05,-11.1,-9.1,77,31.10,66,0.29,15.0,20.7,12.7,68
2008-03-06,-11.0,-4.5,74,0.40,228,0.84,2.0,14.8,10.5,55
2008-03-07,-5.1,0.5,81,0.80,177,0.80,2.0,11.9,7.7,62
2008-03-08,-5.6,-2.6,78,9.00,4,0.73,14.0,20.9,16.9,55
2008-03-09,-10.0,-7.4,69,25.70,359,0.79,16.0,24.1,18.5,46
2008-03-10,-13.6,-8.1,68,0.00,314,0.88,0.0,10.9,8.5,40
2008-03-11,-11.6,-3.2,65,0.00,211,1.08,0.0,15.5,9.4,44
2008-03-12,-6.2,-3.0,76,2.80,297,0.89,12.0,19.1,11.6,49
2008-03-13,-13.6,-8.2,62,0.00,353,1.00,0.0,19.4,11.5,31
2008-03-14,-9.6,-4.1,70,0.00,110,0.92,0.0,10.4,7.3,61
2008-03-15,-6.5,-0.4,83,4.40,130,0.84,9.0,10.7,7.7,70
2008-03-16,-3.7,-1.2,80,0.20,332,1.01,1.0,18.6,11.6,55
2008-03-17,-8.4,-3.6,63,0.00,346,1.29,0.0,21.4,16.8,38
2008-03-18,-8.3,-0.9,65,0.00,106,1.45,0.0,9.7,6.8,40
2008-03-19,-3.6,-1.5,80,10.60,130,0.52,15.0,17.1,14.6,63
2008-03-20,-1.4,0.6,86,12.40,12,0.75,24.0,22.1,13.2,69
2008-03-21,-9.7,-2.8,66,1.20,310,0.85,12.0,33.0,27.5,52
2008-03-22,-12.1,-7.5,62,1.60,306,0.99,9.0,26.9,22.9,49
2008-03-23,-13.7,-10.1,57,0.00,312,1.02,0.0,21.7,17.4,37
2008-03-24,-15.1,-8.6,60,0.00,290,1.00,0.0,17.9,9.0,30
2008-03-25,-11.9,-3.9,62,0.00,183,1.22,0.0,17.3,10.8,48
2008-03-26,-2.4,1.6,73,4.60,216,1.55,17.0,22.5,15.7,47
2008-03-27,-4.4,-0.2,71,1.00,271,1.44,4.0,15.5,10.5,45
2008-03-28,-6.4,-1.2,68,0.00,351,1.51,0.0,12.7,7.3,40
2008-03-29,-9.0,-4.3,63,0.00,331,1.27,0.0,21.4,16.6,40
2008-03-30,-7.2,0.9,66,0.00,328,1.87,0.0,18.1,10.8,31
2008-03-31,-4.3,-0.8,81,3.00,159,0.65,7.0,14.4,10.8,72
2008-04-01,0.1,6.1,96,21.40,143,0.29,20.0,18.6,12.7,93
2008-04-02,-3.1,5.9,61,0.40,285,1.65,2.0,32.7,25.5,34
2008-04-03,-2.8,4.9,64,0.00,270,2.03,0.0,23.4,15.4,40
2008-04-04,-0.1,4.9,70,0.20,195,1.80,1.0,13.8,8.4,43
2008-04-05,1.9,8.7,80,5.50,28,1.60,13.0,11.6,6.7,38
2008-04-06,1.4,7.6,79,0.00,139,2.39,0.0,13.2,9.0,53
2008-04-07,2.4,7.0,77,0.00,123,2.23,0.0,17.2,13.5,51
2008-04-08,1.3,4.8,70,0.90,143,1.68,2.0,17.7,14.0,48
2008-04-09,3.6,10.2,77,0.40,133,2.34,2.0,16.3,7.2,53
2008-04-10,2.6,5.4,76,0.90,264,1.51,3.0,22.9,17.0,59
2008-04-11,-0.0,3.9,75,0.30,334,1.71,1.0,16.8,12.5,54
2008-04-12,0.1,1.2,87,12.20,32,0.60,19.0,16.8,12.0,79
2008-04-13,-0.3,2.8,75,1.50,340,1.46,8.0,20.9,16.0,52
2008-04-14,-0.1,5.1,65,0.00,335,2.14,0.0,20.6,16.7,33
2008-04-15,0.1,6.4,67,0.00,297,2.59,0.0,15.8,10.4,37
2008-04-16,3.2,10.4,66,0.00,200,2.86,0.0,18.6,12.1,44
2008-04-17,5.2,13.2,65,0.00,191,3.31,0.0,14.0,10.1,43
2008-04-18,5.6,14.8,74,0.00,347,2.96,0.0,13.8,7.8,42
2008-04-19,5.4,10.5,73,0.00,54,2.47,0.0,11.9,8.3,54
2008-04-20,5.2,11.3,76,1.30,112,2.68,3.0,11.7,8.2,58
2008-04-21,5.9,11.6,85,3.40,69,2.94,7.0,9.6,4.9,63
2008-04-22,8.4,14.7,73,0.00,168,3.11,0.0,8.2,4.7,52
2008-04-23,9.6,16.9,80,0.60,195,3.11,3.0,11.3,7.0,48
2008-04-24,7.7,14.1,66,1.50,335,3.43,3.0,19.0,14.8,28
2008-04-25,6.2,15.4,60,0.00,18,3.52,0.0,11.4,6.3,27
2008-04-26,6.8,13.6,56,0.10,125,3.27,1.0,21.1,16.3,39
2008-04-27,8.7,14.6,66,4.50,148,3.75,5.0,19.6,13.6,44
2008-04-28,6.9,10.8,85,9.50,130,1.27,5.0,22.1,15.3,64
2008-04-29,4.3,6.1,95,19.90,116,0.56,24.0,18.8,12.2,73
2008-04-30,1.1,5.7,53,0.80,294,2.18,5.0,18.1,13.5,28
2008-05-01,2.2,7.4,53,0.00,342,2.64,0.0,9.7,7.1,29
2008-05-02,3.9,11.6,53,0.00,57,3.66,0.0,9.2,6.4,28
2008-05-03,4.6,7.5,65,0.00,125,1.62,0.0,19.1,14.9,51
2008-05-04,4.5,5.6,89,5.80,140,0.57,13.0,18.6,15.3,69
2008-05-05,7.7,15.6,73,0.20,260,3.81,1.0,13.4,8.8,34
2008-05-06,9.9,16.9,64,1.00,202,3.71,4.0,16.6,11.7,33
2008-05-07,8.2,13.8,53,0.00,321,3.59,0.0,15.5,9.1,31
2008-05-08,8.2,11.3,83,12.00,240,2.02,12.0,22.2,15.0,50
2008-05-09,7.2,13.5,53,0.00,337,4.04,0.0,16.8,11.5,32
2008-05-10,9.2,15.7,54,0.00,40,3.76,0.0,12.4,6.6,33
2008-05-11,9.3,16.4,64,0.00,130,3.93,0.0,14.7,9.2,35
2008-05-12,10.1,16.5,53,0.00,111,4.47,0.0,15.7,11.6,33
2008-05-13,12.3,19.7,56,0.00,123,4.61,0.0,9.5,4.2,30
2008-05-14,14.1,21.1,55,0.00,168,5.12,0.0,18.5,12.0,31
2008-05-15,12.3,16.2,70,2.80,208,2.39,5.0,15.5,11.0,44
2008-05-16,9.9,16.8,52,0.00,347,4.41,0.0,16.2,7.3,27
2008-05-17,11.9,18.1,54,0.00,168,4.86,0.0,13.1,8.8,27
2008-05-18,11.1,16.7,69,3.10,223,3.57,9.0,12.6,9.6,43
2008-05-19,8.3,12.2,89,14.90,261,1.42,19.0,9.4,4.3,69
2008-05-20,6.4,11.2,70,0.90,269,2.12,5.0,17.7,13.8,50
2008-05-21,7.7,12.9,78,3.00,147,2.57,7.0,14.7,8.1,56
2008-05-22,7.4,11.1,80,1.30,141,2.31,8.0,10.2,6.7,64
2008-05-23,9.2,14.0,74,0.50,337,2.94,4.0,23.2,16.3,47
2008-05-24,11.1,16.0,53,0.50,339,3.89,3.0,19.3,15.8,32
2008-05-25,12.8,20.7,48,0.00,285,5.33,0.0,15.3,11.1,26
2008-05-26,12.1,15.6,73,6.70,209,1.83,11.0,15.4,11.6,50
2008-05-27,9.2,11.5,74,1.50,314,2.61,5.0,21.9,16.0,36
2008-05-28,7.7,14.3,49,0.00,303,4.21,0.0,18.0,15.1,28
2008-05-29,11.6,15.8,49,0.00,279,4.36,0.0,24.9,18.3,26
2008-05-30,9.5,17.7,53,0.00,326,4.72,0.0,15.5,9.1,32
2008-05-31,10.1,13.3,83,7.80,121,1.04,13.0,18.6,11.8,57
2008-06-01,9.2,10.9,96,1.80,130,0.73,9.0,7.2,3.5,90
2008-06-02,10.9,17.3,89,2.70,233,1.86,9.0,12.0,4.6,60
2008-06-03,11.9,16.9,76,4.60,315,3.26,5.0,12.0,8.0,35
2008-06-04,12.9,19.1,62,0.00,75,4.36,0.0,9.8,7.7,35
2008-06-05,14.1,20.0,63,0.00,118,4.44,0.0,14.5,9.7,44
2008-06-06,14.3,17.2,80,0.10,146,1.72,1.0,14.8,11.0,67
2008-06-07,17.8,26.8,84,0.90,186,3.24,3.0,16.3,11.7,46
2008-06-08,21.9,27.3,65,3.90,256,4.92,3.0,16.5,12.8,54
2008-06-09,19.5,24.9,67,1.10,23,4.10,2.0,14.9,9.6,45
2008-06-10,19.3,24.9,84,1.20,158,2.86,5.0,18.7,9.8,66
2008-06-11,16.8,20.5,78,16.90,270,3.57,8.0,16.8,13.2,51
2008-06-12,13.7,19.6,55,0.00,327,5.27,0.0,19.5,13.6,31
2008-06-13,16.5,23.2,52,0.00,72,5.46,0.0,12.2,7.3,29
2008-06-14,17.4,22.5,58,1.50,136,4.02,5.0,17.4,13.0,43
2008-06-15,15.3,18.5,91,20.40,121,1.86,13.0,14.1,9.1,79
2008-06-16,14.4,16.9,94,14.10,129,1.79,15.0,12.7,9.8,85
2008-06-17,15.3,19.7,92,15.60,142,3.02,19.0,9.5,6.3,68
2008-06-18,13.5,17.5,90,8.60,152,2.43,16.0,10.4,6.8,70
2008-06-19,12.6,15.9,92,12.50,132,2.47,13.0,9.7,7.5,81
2008-06-20,13.0,15.9,93,8.00,182,2.10,10.0,11.1,8.6,75
2008-06-21,15.2,20.6,83,1.00,196,3.67,3.0,13.5,7.4,56
2008-06-22,15.2,18.7,91,8.10,151,1.81,12.0,14.9,9.4,80
2008-06-23,16.1,21.9,89,4.90,169,2.90,7.0,10.8,7.4,62
2008-06-24,15.4,20.1,82,0.70,311,3.39,5.0,18.7,11.4,50
2008-06-25,17.1,22.8,61,0.00,265,4.82,0.0,14.1,10.5,43
2008-06-26,16.3,18.9,91,15.50,217,1.25,15.0,10.0,6.0,68
2008-06-27,16.6,22.2,86,2.70,9,3.88,6.0,8.9,4.9,59
2008-06-28,16.6,21.0,88,4.70,116,2.10,11.0,18.0,11.4,68
2008-06-29,15.1,20.5,97,16.30,122,1.30,16.0,19.2,13.9,89
2008-06-30,17.9,21.8,81,18.10,204,3.90,13.0,15.8,11.9,49
2008-07-01,17.8,23.5,66,0.50,277,5.27,3.0,12.7,9.1,35
2008-07-02,18.5,23.5,68,0.00,196,4.76,0.0,18.8,12.6,48
2008-07-03,16.6,20.4,80,27.00,226,2.16,11.0,18.1,14.5,56
2008-07-04,15.8,20.8,62,0.00,259,4.43,0.0,17.5,9.4,37
2008-07-05,17.6,23.3,68,0.00,218,4.26,0.0,16.9,8.7,42
2008-07-06,19.8,25.2,66,0.00,215,5.19,0.0,15.2,9.5,45
2008-07-07,20.5,26.8,68,0.00,221,5.39,0.0,14.3,10.0,42
2008-07-08,21.7,26.8,76,0.20,203,4.13,1.0,20.5,9.4,52
2008-07-09,19.8,22.2,96,18.40,208,1.30,15.0,13.1,9.5,81
2008-07-10,17.2,20.2,83,4.90,279,3.33,3.0,20.5,12.9,60
2008-07-11,15.6,19.4,64,0.00,300,3.57,0.0,13.5,9.2,46
2008-07-12,16.8,21.6,77,0.00,166,3.95,0.0,14.1,5.9,50
2008-07-13,17.8,20.1,92,20.90,171,0.97,16.0,19.4,15.2,75
2008-07-14,18.2,21.5,83,0.70,211,3.57,3.0,18.1,11.8,54
2008-07-15,17.2,20.9,78,0.00,231,3.41,0.0,14.1,8.9,57
2008-07-16,17.8,22.4,79,1.80,191,3.35,5.0,15.0,11.2,64
2008-07-17,17.9,23.2,76,0.00,321,4.11,0.0,10.4,6.7,42
2008-07-18,15.7,18.8,88,12.60,54,1.39,12.0,11.5,6.6,74
2008-07-19,17.2,22.3,87,6.70,297,3.05,8.0,8.7,5.8,65
2008-07-20,17.6,22.1,83,0.00,347,3.41,0.0,9.2,5.7,57
2008-07-21,18.4,22.4,81,2.40,14,3.31,5.0,8.6,5.2,63
2008-07-22,16.9,19.8,91,16.30,77,2.46,9.0,9.5,5.2,79
2008-07-23,17.2,21.1,95,12.60,103,2.02,22.0,17.1,10.8,84
2008-07-24,17.1,20.6,99,32.10,114,1.04,23.0,18.9,12.9,92
2008-07-25,17.7,21.8,92,8.60,174,2.34,15.0,17.4,13.9,68
2008-07-26,18.6,23.4,85,4.70,185,3.41,5.0,16.8,13.0,64
2008-07-27,18.1,22.1,89,14.60,196,2.92,14.0,15.3,11.8,63
2008-07-28,16.9,19.8,91,15.50,192,2.17,14.0,11.5,7.8,83
2008-07-29,16.9,20.9,83,1.00,310,3.25,7.0,13.8,10.6,63
2008-07-30,17.5,21.1,78,0.60,303,2.66,1.0,10.2,6.0,59
2008-07-31,17.1,20.4,93,10.00,125,1.42,21.0,13.2,9.8,83
2008-08-01,18.2,21.7,93,8.50,122,2.85,13.0,8.4,4.0,80
2008-08-02,17.9,21.1,93,3.70,151,2.52,9.0,7.9,4.7,83
2008-08-03,17.2,19.9,92,5.30,16,1.90,15.0,11.9,6.9,78
2008-08-04,16.5,20.3,88,5.30,7,2.21,10.0,14.3,9.9,76
2008-08-05,15.9,18.5,86,1.20,134,2.01,2.0,9.3,7.0,70
2008-08-06,14.8,18.4,88,7.80,106,1.37,7.0,14.2,11.6,75
2008-08-07,13.0,13.9,98,10.10,86,0.62,23.0,16.3,12.3,89
2008-08-08,13.7,17.9,94,8.20,67,1.27,18.0,9.4,6.8,82
2008-08-09,15.0,19.5,91,3.00,137,2.57,9.0,5.4,3.5,69
2008-08-10,16.6,21.9,87,1.40,105,3.40,1.0,5.6,3.7,67
2008-08-11,16.1,19.7,91,13.80,41,2.26,10.0,9.3,5.0,78
2008-08-12,15.9,20.1,89,1.60,353,2.61,7.0,10.3,7.7,63
2008-08-13,15.3,19.7,87,2.70,303,2.71,7.0,7.7,5.6,67
2008-08-14,15.2,20.9,85,1.00,344,3.32,1.0,6.7,3.8,52
2008-08-15,15.8,21.1,86,1.50,337,3.14,2.0,9.4,5.4,62
2008-08-16,16.5,22.0,85,1.10,229,3.37,5.0,11.8,5.8,61
2008-08-17,15.9,19.3,77,2.00,286,3.08,4.0,14.8,11.5,47
2008-08-18,16.6,22.6,82,12.00,211,2.17,7.0,19.5,12.7,67
2008-08-19,12.4,16.3,75,0.60,330,2.29,2.0,20.2,16.5,47
2008-08-20,13.5,19.2,62,0.00,320,3.99,0.0,18.4,14.4,38
2008-08-21,17.3,24.8,69,0.00,268,4.29,0.0,9.6,6.9,46
2008-08-22,18.7,25.5,80,0.00,200,4.03,0.0,10.4,6.2,54
2008-08-23,19.9,24.8,84,0.00,177,3.24,0.0,14.2,9.6,65
2008-08-24,20.1,24.4,81,0.40,191,3.18,2.0,17.9,13.0,61
2008-08-25,15.7,20.2,75,0.40,313,2.03,2.0,18.8,13.7,56
2008-08-26,13.1,19.0,62,0.00,336,3.67,0.0,17.1,14.2,43
2008-08-27,16.2,23.5,68,0.00,338,3.94,0.0,8.2,5.8,40
2008-08-28,17.7,24.0,75,0.00,98,3.61,0.0,12.5,6.6,48
2008-08-29,17.9,22.1,77,0.00,138,3.02,0.0,13.4,11.7,58
2008-08-30,17.7,20.1,83,2.80,238,2.36,8.0,13.7,8.0,67
2008-08-31,16.4,21.0,70,0.00,325,3.58,0.0,18.8,14.2,41
2008-09-01,17.4,24.6,64,0.00,330,4.21,0.0,12.9,10.5,42
2008-09-02,20.5,28.3,73,0.00,327,3.98,0.0,9.7,5.8,43
2008-09-03,20.6,26.0,78,0.00,156,3.69,0.0,8.7,6.0,52
2008-09-04,18.1,21.1,76,0.30,328,2.50,2.0,15.8,10.8,44
2008-09-05,15.9,24.2,69,0.30,111,2.94,1.0,20.6,12.0,62
2008-09-06,17.0,21.8,95,15.30,257,0.55,20.0,13.7,9.4,77
2008-09-07,13.4,16.2,83,0.00,342,1.55,0.0,15.7,11.6,58
2008-09-08,13.8,18.5,75,1.90,240,2.41,6.0,16.4,9.8,55
2008-09-09,11.8,13.4,96,13.80,239,0.64,13.0,15.9,7.9,85
2008-09-10,9.5,12.7,71,0.00,325,2.33,0.0,16.9,12.8,45
2008-09-11,10.9,17.1,68,0.00,215,2.70,0.0,10.6,6.7,39
2008-09-12,10.9,13.1,87,2.10,164,0.81,6.0,11.3,8.9,75
2008-09-13,12.9,16.0,92,0.00,125,1.12,0.0,6.5,3.5,76
2008-09-14,14.0,18.1,97,4.30,150,0.40,11.0,16.9,10.8,89
2008-09-15,13.7,17.9,91,48.30,331,1.08,13.0,23.3,16.4,68
2008-09-16,9.8,14.9,67,0.00,293,2.77,0.0,14.5,9.0,46
2008-09-17,10.2,16.6,82,2.70,221,1.39,5.0,14.5,10.6,62
2008-09-18,6.7,9.3,71,0.10,329,2.10,1.0,15.6,11.4,41
2008-09-19,7.1,12.7,67,0.00,182,2.48,0.0,18.4,10.3,46
2008-09-20,10.8,18.4,79,0.90,188,2.34,2.0,18.4,13.6,59
2008-09-21,7.8,13.5,74,5.20,351,2.35,3.0,18.5,13.8,44
2008-09-22,6.3,11.7,68,0.00,355,2.37,0.0,9.5,6.6,41
2008-09-23,7.9,14.4,74,0.00,246,2.15,0.0,11.0,5.9,49
2008-09-24,12.0,20.2,80,0.00,205,2.50,0.0,11.5,6.3,59
2008-09-25,14.6,21.9,83,0.00,186,2.80,0.0,12.7,8.4,55
2008-09-26,14.5,18.9,78,0.00,175,2.46,0.0,12.1,8.6,41
2008-09-27,12.4,13.5,92,3.20,106,0.44,8.0,11.2,7.0,73
2008-09-28,13.7,16.8,95,1.30,2,0.82,6.0,15.8,8.1,78
2008-09-29,12.0,15.7,73,0.00,353,1.89,0.0,19.3,14.4,62
2008-09-30,12.1,14.6,79,0.00,117,1.46,0.0,12.8,8.5,66
2008-10-01,10.5,12.0,93,10.20,127,0.52,15.0,17.8,14.4,79
2008-10-02,8.5,10.2,89,3.20,263,1.24,15.0,18.8,9.7,67
2008-10-03,4.7,8.3,74,2.10,240,1.56,4.0,23.4,14.5,45
2008-10-04,5.2,7.7,77,1.20,279,1.11,3.0,21.5,15.8,58
2008-10-05,6.1,8.5,69,0.30,315,1.43,1.0,8.9,6.4,52
2008-10-06,4.7,8.9,70,0.00,333,1.73,0.0,17.5,12.2,40
2008-10-07,5.4,12.1,60,0.00,323,2.29,0.0,15.4,13.6,36
2008-10-08,6.9,13.6,65,0.00,295,2.03,0.0,11.5,8.0,40
2008-10-09,9.0,15.0,82,5.10,189,1.20,10.0,16.3,11.5,54
2008-10-10,9.5,12.9,74,0.00,281,1.53,0.0,20.3,13.4,51
2008-10-11,8.4,13.0,70,0.00,312,1.65,0.0,14.3,10.1,47
2008-10-12,8.1,14.7,74,0.00,337,1.63,0.0,9.4,5.8,49
2008-10-13,9.6,14.6,91,5.60,156,1.00,11.0,8.4,5.2,70
2008-10-14,10.7,15.7,85,2.90,186,1.01,3.0,25.0,14.1,61
2008-10-15,7.2,11.0,68,0.00,294,1.54,0.0,12.3,8.0,50
2008-10-16,8.0,12.0,82,2.30,210,1.04,9.0,16.3,9.3,56
2008-10-17,5.4,8.7,56,0.00,329,1.93,0.0,19.7,15.8,38
2008-10-18,2.0,5.2,71,0.00,327,1.18,0.0,11.3,9.6,43
2008-10-19,2.3,7.7,72,0.00,200,1.43,0.0,13.5,6.3,47
2008-10-20,2.3,7.9,80,0.00,180,0.98,0.0,11.5,8.5,60
2008-10-21,2.7,3.9,97,15.90,25,0.19,20.0,19.0,8.8,84
2008-10-22,0.7,4.6,72,2.40,6,1.19,9.0,20.0,16.2,48
2008-10-23,-0.2,6.0,63,0.00,330,1.32,0.0,11.6,6.5,35
2008-10-24,1.6,8.3,73,0.00,202,1.34,0.0,12.9,6.6,46
2008-10-25,2.8,7.0,85,9.10,145,0.70,8.0,19.3,12.8,67
2008-10-26,6.9,8.7,90,19.60,166,0.69,7.0,24.4,13.8,71
2008-10-27,6.8,10.5,85,2.20,182,0.91,8.0,18.4,14.2,63
2008-10-28,4.3,5.7,96,8.00,354,0.28,13.0,21.0,15.1,88
2008-10-29,1.1,3.6,88,18.30,235,0.48,24.0,25.0,17.5,63
2008-10-30,-0.1,2.0,66,0.10,297,1.07,1.0,20.2,15.8,50
2008-10-31,0.9,8.0,78,0.00,197,1.03,0.0,12.6,10.5,61
2008-11-01,0.1,5.1,59,0.00,320,1.29,0.0,20.6,15.5,43
2008-11-02,-2.1,1.2,54,0.00,315,1.26,0.0,18.0,10.5,42
2008-11-03,-0.9,3.8,68,0.00,178,0.86,0.0,12.8,9.9,60
2008-11-04,3.7,10.6,88,0.00,176,0.72,0.0,12.6,7.2,74
2008-11-05,8.2,15.3,91,0.00,191,1.05,0.0,12.3,10.3,68
2008-11-06,7.9,15.0,92,0.00,181,1.00,0.0,10.1,5.2,68
2008-11-07,7.0,12.2,91,0.00,33,0.72,0.0,8.2,4.7,71
2008-11-08,6.0,7.7,97,6.00,122,0.17,11.0,12.3,10.6,89
2008-11-09,5.6,7.2,87,3.30,217,0.82,8.0,14.3,8.1,57
2008-11-10,1.7,3.7,81,0.90,224,0.63,5.0,10.0,6.7,59
2008-11-11,-0.4,2.2,74,0.40,290,0.74,4.0,14.3,9.1,45
2008-11-12,-1.4,0.6,71,0.00,307,0.56,0.0,10.8,6.5,60
2008-11-13,-1.5,1.8,82,2.80,133,0.57,4.0,19.1,11.1,64
2008-11-14,2.9,5.9,99,2.30,141,0.19,6.0,18.3,13.6,97
2008-11-15,7.0,7.9,100,9.60,137,0.20,8.0,14.5,10.0,99
2008-11-16,5.8,8.2,91,18.20,224,0.49,11.0,21.4,14.3,67
2008-11-17,-1.1,0.1,57,0.00,279,1.08,0.0,22.0,16.3,47
2008-11-18,-4.4,-2.3,50,0.00,351,1.01,0.0,18.4,14.8,41
2008-11-19,-6.9,-4.7,56,0.00,346,0.76,0.0,16.8,11.9,36
2008-11-20,-7.8,-5.3,48,0.00,332,0.88,0.0,22.1,16.1,35
2008-11-21,-7.7,-5.3,51,0.00,309,0.85,0.0,16.7,14.4,36
2008-11-22,-8.7,-5.7,53,0.00,329,0.82,0.0,27.2,17.7,31
2008-11-23,-9.0,-6.3,50,0.00,297,0.96,0.0,26.0,22.3,35
2008-11-24,-8.9,-3.7,66,0.00,160,0.51,0.0,12.4,7.4,48
2008-11-25,-4.1,-1.9,79,15.50,104,0.39,16.0,26.3,18.2,66
2008-11-26,-0.1,1.0,88,16.70,114,0.46,16.0,29.6,20.2,77
2008-11-27,-2.1,-0.5,90,2.90,159,0.29,13.0,19.1,13.5,82
2008-11-28,-4.2,-0.8,91,3.60,161,0.27,14.0,15.3,10.0,81
2008-11-29,-4.1,-2.7,87,0.70,272,0.34,4.0,11.0,7.4,65
2008-11-30,-6.9,-2.2,86,0.00,165,0.33,0.0,8.3,6.4,77
2008-12-01,-2.4,0.4,89,11.70,122,0.24,16.0,19.7,15.8,79
2008-12-02,-1.0,-0.0,83,0.10,217,0.48,1.0,16.9,13.8,61
2008-12-03,-5.6,-1.5,85,0.00,196,0.31,0.0,15.5,10.9,73
2008-12-04,-1.7,1.4,85,3.60,206,0.36,13.0,18.1,14.7,72
2008-12-05,-11.5,-5.9,75,0.00,273,0.36,0.0,14.8,10.0,59
2008-12-06,-12.9,-6.0,82,0.00,182,0.26,0.0,15.9,10.5,72
2008-12-07,-7.5,-4.2,80,0.00,112,0.34,0.0,21.4,8.6,66
2008-12-08,-20.0,-12.0,68,0.00,309,0.29,0.0,23.7,16.8,53
2008-12-09,-19.0,-11.5,78,7.00,153,0.14,11.0,10.9,8.1,70
2008-12-10,-10.1,-9.1,82,16.70,342,0.26,17.0,16.7,11.2,65
2008-12-11,-17.2,-13.3,76,0.00,9,0.26,0.0,14.6,9.8,65
2008-12-12,-10.6,-8.1,80,8.40,359,0.22,12.0,19.3,11.4,74
2008-12-13,-17.9,-10.7,72,0.00,320,0.26,0.0,17.9,11.7,54
2008-12-14,-16.5,-8.1,79,4.50,156,0.16,11.0,13.6,11.3,74
2008-12-15,-0.4,5.9,89,13.20,182,0.31,19.0,26.9,18.7,82
2008-12-16,-9.8,4.4,65,0.00,266,0.56,0.0,24.9,15.8,53
2008-12-17,-14.2,-10.9,77,5.30,125,0.17,10.0,16.4,9.1,69
2008-12-18,-12.8,-8.8,78,0.00,259,0.30,0.0,15.8,9.1,54
2008-12-19,-19.3,-11.6,70,0.10,345,0.19,1.0,17.0,13.3,53
2008-12-20,-22.9,-19.6,70,0.00,356,0.19,0.0,13.7,9.5,58
2008-12-21,-22.7,-15.6,72,2.60,94,0.18,5.0,18.3,12.2,55
2008-12-22,-15.1,-13.7,75,3.60,320,0.26,10.0,18.3,13.5,60
2008-12-23,-21.1,-15.8,72,0.00,257,0.22,0.0,18.0,9.9,65
2008-12-24,-10.6,-5.0,87,6.40,159,0.17,19.0,13.3,11.4,81
2008-12-25,-5.2,2.7,76,8.30,278,0.53,8.0,33.6,21.3,57
2008-12-26,-18.6,-15.2,76,0.00,325,0.18,0.0,12.3,5.8,62
2008-12-27,-9.5,-2.5,85,4.80,134,0.16,13.0,14.8,11.0,74
2008-12-28,2.7,6.6,94,11.50,182,0.32,18.0,28.0,17.9,69
2008-12-29,-6.3,1.0,73,0.50,286,0.54,3.0,31.7,15.9,66
2008-12-30,-10.0,-5.9,81,4.40,302,0.27,14.0,24.9,11.5,62
2008-12-31,-21.2,-16.0,70,0.00,333,0.22,0.0,19.4,15.2,55
2009-01-01,-23.3,-19.7,68,0.00,327,0.24,0.0,21.2,18.8,55
2009-01-02,-21.5,-15.7,71,0.00,334,0.22,0.0,13.8,8.5,53
2009-01-03,-18.2,-15.7,70,0.00,318,0.28,0.0,21.1,16.1,56
2009-01-04,-16.1,-11.2,73,0.00,322,0.35,0.0,21.4,15.5,67
2009-01-05,-10.7,-7.2,78,3.00,257,0.34,9.0,17.3,9.4,66
2009-01-06,-12.9,-9.8,75,0.00,271,0.33,0.0,12.6,10.6,55
2009-01-07,-15.9,-11.3,75,7.60,51,0.19,9.0,17.7,9.9,64
2009-01-08,-11.6,-11.0,79,8.20,327,0.26,20.0,15.3,10.6,63
2009-01-09,-15.6,-13.1,71,0.00,316,0.32,0.0,17.8,16.4,61
2009-01-10,-19.2,-14.6,74,0.00,313,0.26,0.0,16.3,9.8,59
2009-01-11,-19.9,-15.7,75,0.00,336,0.22,0.0,10.1,5.8,63
2009-01-12,-17.7,-11.9,77,0.00,236,0.27,0.0,11.5,5.4,65
2009-01-13,-11.0,-6.0,86,3.80,168,0.22,14.0,18.8,12.6,78
2009-01-14,-18.1,-4.2,70,2.90,289,0.23,6.0,23.1,17.3,51
2009-01-15,-29.7,-26.5,67,0.00,319,0.13,0.0,8.9,7.1,52
2009-01-16,-31.7,-26.6,66,0.00,292,0.11,0.0,8.9,6.4,51
2009-01-17,-30.3,-24.9,67,0.00,167,0.14,0.0,8.7,5.4,57
2009-01-18,-20.6,-14.2,74,2.40,106,0.21,9.0,17.7,13.9,71
2009-01-19,-13.3,-10.7,78,0.00,36,0.31,0.0,13.4,8.2,65
2009-01-20,-15.4,-12.9,76,0.50,340,0.31,5.0,14.7,11.3,60
2009-01-21,-18.7,-13.7,75,0.00,262,0.26,0.0,11.2,8.3,56
2009-01-22,-12.5,-6.4,74,0.60,262,0.48,4.0,21.3,12.7,53
2009-01-23,-17.7,-12.8,71,1.30,23,0.23,5.0,15.0,8.1,51
2009-01-24,-18.6,-12.7,69,4.10,308,0.26,7.0,20.7,14.9,49
2009-01-25,-24.3,-20.1,66,0.00,273,0.23,0.0,13.8,9.5,44
2009-01-26,-26.0,-20.2,66,0.00,194,0.22,0.0,11.2,7.6,48
2009-01-27,-23.4,-15.1,69,0.00,293,0.28,0.0,10.0,7.9,49
2009-01-28,-19.9,-12.4,76,3.70,122,0.19,7.0,14.5,8.3,63
2009-01-29,-10.9,-8.2,80,7.60,306,0.39,9.0,15.1,9.9,64
2009-01-30,-11.3,-7.3,83,0.40,188,0.36,4.0,8.9,6.1,68
2009-01-31,-11.4,-9.2,79,1.50,291,0.41,6.0,11.8,7.9,57
2009-02-01,-18.5,-14.6,78,1.50,146,0.17,9.0,12.5,8.6,71
2009-02-02,-9.8,-5.1,78,0.30,226,0.52,2.0,15.2,12.2,51
2009-02-03,-16.0,-10.6,74,0.00,349,0.37,0.0,17.8,12.9,52
2009-02-04,-18.7,-15.7,68,0.00,344,0.35,0.0,18.9,17.2,52
2009-02-05,-19.9,-16.2,70,0.00,333,0.36,0.0,16.3,14.0,54
2009-02-06,-18.2,-10.5,72,0.00,244,0.39,0.0,10.0,7.5,57
2009-02-07,-13.4,-5.8,78,4.10,172,0.39,3.0,17.3,11.5,64
2009-02-08,-4.9,1.4,76,2.90,292,0.55,11.0,23.6,18.4,52
2009-02-09,-17.4,-12.7,66,0.00,319,0.48,0.0,19.6,12.4,47
2009-02-10,-15.0,-8.2,65,0.40,122,0.46,2.0,12.5,7.5,44
2009-02-11,-3.0,3.7,84,0.10,178,0.55,1.0,12.8,9.7,65
2009-02-12,0.4,1.4,93,11.00,14,0.34,16.0,25.6,12.2,70
2009-02-13,-13.5,-5.4,64,0.00,326,0.65,0.0,27.5,22.0,54
2009-02-14,-12.8,-8.1,69,0.00,319,0.67,0.0,24.5,21.6,57
2009-02-15,-10.5,-6.2,77,0.00,330,0.63,0.0,17.3,13.8,62
2009-02-16,-9.7,-5.9,78,0.00,330,0.60,0.0,12.6,11.2,61
2009-02-17,-10.2,-4.5,77,0.00,323,0.82,0.0,10.8,7.2,53
2009-02-18,-8.9,-3.1,74,0.00,135,0.75,0.0,17.4,10.6,53
2009-02-19,-4.0,-2.1,84,9.80,116,0.46,22.0,21.4,18.2,66
2009-02-20,-5.7,-4.0,80,6.60,116,0.56,23.0,14.0,7.2,53
2009-02-21,-8.8,-6.8,72,0.00,293,0.71,0.0,18.2,14.6,54
2009-02-22,-9.6,-5.3,81,2.70,84,0.37,9.0,11.5,7.9,70
2009-02-23,-7.0,-5.8,82,5.60,332,0.48,19.0,24.2,16.4,65
2009-02-24,-11.1,-7.8,67,0.00,325,0.84,0.0,23.7,18.6,48
2009-02-25,-12.4,-6.4,71,0.00,268,0.82,0.0,12.0,8.0,46
2009-02-26,-6.7,0.3,79,1.50,165,0.71,5.0,12.4,9.5,70
2009-02-27,0.1,4.6,90,12.00,162,0.51,10.0,24.6,15.2,76
2009-02-28,-15.1,-4.3,61,2.60,341,0.69,5.0,28.0,20.6,38
2009-03-01,-16.9,-9.4,63,0.00,6,0.81,0.0,11.8,6.1,35
2009-03-02,-15.4,-11.7,62,0.00,353,0.62,0.0,20.9,17.4,46
2009-03-03,-15.7,-11.6,57,0.30,333,0.77,3.0,20.8,17.9,39
2009-03-04,-16.0,-10.4,63,0.00,316,0.75,0.0,15.9,13.1,42
2009-03-05,-14.0,-6.8,65,0.00,313,0.90,0.0,14.0,8.5,37
2009-03-06,-6.1,-0.3,86,17.60,147,0.32,22.0,16.8,13.1,72
2009-03-07,1.4,3.4,76,1.60,281,1.04,2.0,18.9,13.3,58
2009-03-08,-2.0,0.0,80,0.00,305,0.98,0.0,21.7,12.9,55
2009-03-09,-8.1,-1.6,71,0.00,13,0.94,0.0,15.5,9.6,48
2009-03-10,-6.4,0.8,69,0.00,223,1.30,0.0,8.8,5.2,48
2009-03-11,-0.7,4.3,84,9.40,169,0.57,15.0,27.4,18.4,59
2009-03-12,-12.5,-1.8,54,0.00,292,0.98,0.0,31.3,20.9,40
2009-03-13,-15.6,-7.9,60,0.00,247,0.94,0.0,15.1,10.1,35
2009-03-14,-8.5,0.1,64,0.00,224,1.30,0.0,16.7,12.5,47
2009-03-15,-3.9,-0.2,76,0.00,319,1.20,0.0,11.7,9.0,55
2009-03-16,-7.9,-1.8,65,0.00,17,1.40,0.0,13.6,7.4,34
2009-03-17,-4.2,4.6,56,0.00,147,1.73,0.0,11.2,6.3,38
2009-03-18,1.9,8.4,75,1.10,208,1.60,3.0,16.6,12.5,38
2009-03-19,-2.3,1.2,68,0.00,304,1.15,0.0,17.9,15.2,48
2009-03-20,-10.0,-4.9,65,0.00,331,1.25,0.0,13.9,11.8,40
2009-03-21,-8.2,0.6,64,0.00,236,1.49,0.0,14.2,7.9,40
2009-03-22,-5.7,-3.1,65,0.50,316,1.12,3.0,20.8,16.0,41
2009-03-23,-11.8,-5.3,62,0.00,344,1.10,0.0,23.4,19.1,44
2009-03-24,-7.7,0.4,66,0.00,349,1.64,0.0,16.3,11.7,43
2009-03-25,-4.1,3.9,67,0.00,145,1.87,0.0,10.1,6.7,42
2009-03-26,-1.5,2.4,72,0.40,132,0.81,2.0,12.8,10.1,59
2009-03-27,1.9,5.8,80,7.70,232,1.33,10.0,15.5,8.5,55
2009-03-28,0.8,6.9,81,0.80,232,1.56,4.0,9.7,6.4,60
2009-03-29,1.8,7.8,80,4.60,72,1.49,5.0,20.9,13.4,56
2009-03-30,1.6,3.1,86,6.50,109,0.73,20.0,23.3,14.5,75
2009-03-31,0.4,3.4,83,1.50,340,1.40,8.0,14.4,7.8,62
2009-04-01,-0.0,5.8,80,1.30,144,1.24,3.0,18.5,11.5,63
2009-04-02,4.0,8.6,77,1.50,207,2.04,6.0,21.3,14.7,40
2009-04-03,4.4,11.5,76,0.00,111,1.89,0.0,21.4,11.8,58
2009-04-04,4.0,6.6,96,14.20,105,0.46,20.0,23.4,12.4,89
2009-04-05,1.9,4.4,89,0.00,310,0.81,0.0,18.1,13.2,73
2009-04-06,1.1,4.0,86,2.00,49,0.77,7.0,18.8,11.6,72
2009-04-07,1.0,2.9,92,21.50,121,0.71,24.0,19.1,13.8,80
2009-04-08,-1.1,1.3,75,1.30,217,1.19,8.0,20.4,13.8,51
2009-04-09,-0.9,1.0,73,1.60,236,1.17,10.0,18.1,13.9,52
2009-04-10,-2.2,1.4,67,0.00,302,1.52,0.0,11.9,8.6,46
2009-04-11,-3.0,2.7,59,0.00,337,2.07,0.0,16.6,11.4,38
2009-04-12,-3.8,-0.4,56,0.00,345,1.72,0.0,24.7,19.4,43
2009-04-13,-1.9,4.5,54,0.00,328,2.49,0.0,22.8,20.4,35
2009-04-14,0.2,6.2,53,0.00,343,2.77,0.0,15.5,13.1,32
2009-04-15,0.9,7.1,51,0.00,8,2.91,0.0,17.0,12.8,33
2009-04-16,1.4,7.7,52,0.00,351,3.02,0.0,14.1,10.9,28
2009-04-17,4.1,12.1,59,0.00,286,2.70,0.0,21.4,13.0,38
2009-04-18,3.1,6.9,65,0.10,339,2.84,1.0,15.1,12.4,30
2009-04-19,0.9,6.7,50,0.00,2,2.99,0.0,14.0,12.3,27
2009-04-20,2.1,9.8,45,0.00,96,3.32,0.0,16.9,11.2,29
2009-04-21,2.5,6.1,74,7.20,119,1.03,12.0,22.2,18.5,41
2009-04-22,4.5,9.6,86,2.30,159,1.60,7.0,15.8,11.9,51
2009-04-23,3.7,7.8,78,4.50,315,1.50,15.0,31.6,18.6,51
2009-04-24,4.3,13.3,61,0.00,265,3.49,0.0,20.9,12.6,39
2009-04-25,10.8,21.7,66,0.00,178,4.09,0.0,20.3,14.6,48
2009-04-26,6.9,15.4,58,2.30,346,3.13,3.0,23.8,17.5,30
2009-04-27,8.9,21.5,59,0.30,146,3.71,1.0,19.2,12.8,42
2009-04-28,12.7,18.2,71,2.00,277,1.85,4.0,25.5,17.0,43
2009-04-29,4.4,10.5,44,0.00,312,3.44,0.0,21.6,16.0,29
2009-04-30,6.4,14.7,54,0.00,195,3.72,0.0,17.6,9.1,28
2009-05-01,11.1,17.6,71,8.40,205,2.59,8.0,26.0,19.1,44
2009-05-02,5.9,11.4,56,0.80,287,3.06,4.0,20.6,13.6,30
2009-05-03,7.6,13.8,60,1.40,234,3.66,6.0,22.5,14.1,27
2009-05-04,8.5,13.6,61,0.70,295,3.82,2.0,16.0,10.0,29
2009-05-05,8.1,15.7,50,0.00,88,4.17,0.0,12.5,10.4,28
2009-05-06,8.3,11.1,75,1.00,120,1.43,6.0,13.8,7.4,54
2009-05-07,7.4,9.2,91,5.50,101,0.66,11.0,10.9,9.0,79
2009-05-08,8.4,15.7,92,3.50,180,1.44,9.0,14.9,7.3,63
2009-05-09,11.7,19.2,81,2.50,165,2.90,5.0,9.3,6.2,51
2009-05-10,6.5,11.1,74,5.50,340,1.71,7.0,20.7,18.2,56
2009-05-11,6.2,12.0,51,0.00,328,3.37,0.0,12.9,11.5,29
2009-05-12,8.4,14.6,50,0.00,353,3.77,0.0,10.8,6.8,25
2009-05-13,10.5,17.2,55,0.00,194,4.59,0.0,18.4,10.1,27
2009-05-14,10.7,14.7,66,7.70,175,2.57,6.0,39.6,22.5,46
2009-05-15,11.0,14.8,57,0.10,280,4.24,1.0,19.8,13.3,33
2009-05-16,8.6,12.4,70,5.70,116,1.82,7.0,22.4,14.0,51
2009-05-17,7.8,11.3,70,3.50,242,2.52,8.0,20.1,17.0,38
2009-05-18,5.3,11.4,49,0.00,309,3.41,0.0,13.0,9.0,31
2009-05-19,7.3,13.5,67,2.70,215,2.47,8.0,22.5,13.4,43
2009-05-20,4.4,7.9,69,1.00,337,2.07,3.0,13.9,8.6,43
2009-05-21,14.6,26.8,63,0.00,209,5.90,0.0,24.8,15.4,29
2009-05-22,13.7,21.3,55,0.60,302,4.26,3.0,21.0,16.9,32
2009-05-23,9.2,16.2,51,0.00,322,4.34,0.0,15.0,9.9,34
2009-05-24,12.0,16.6,63,0.80,295,3.58,3.0,17.2,9.7,27
2009-05-25,6.8,13.1,49,0.00,331,3.45,0.0,20.9,16.8,33
2009-05-26,5.8,13.6,49,0.00,350,3.99,0.0,14.7,9.1,31
2009-05-27,8.0,11.0,71,1.50,100,1.38,5.0,11.5,8.5,51
2009-05-28,9.9,16.3,80,0.30,109,3.02,1.0,20.2,11.5,51
2009-05-29,9.6,12.4,99,38.40,148,0.42,24.0,18.7,13.8,88
2009-05-30,10.0,12.7,92,3.60,317,1.81,9.0,12.2,9.1,70
2009-05-31,8.7,11.2,70,2.10,231,3.01,7.0,19.0,13.0,36
2009-06-01,8.5,14.3,55,0.00,283,4.11,0.0,19.2,14.9,32
2009-06-02,9.4,14.4,70,2.00,295,3.18,6.0,16.7,12.2,40
2009-06-03,9.9,14.6,57,0.00,294,3.89,0.0,15.8,10.7,36
2009-06-04,10.0,15.4,61,0.60,292,4.16,4.0,13.9,10.2,35
2009-06-05,13.3,20.3,56,0.00,206,5.21,0.0,15.3,10.9,32
2009-06-06,14.2,19.7,58,0.90,217,4.47,2.0,20.9,13.1,30
2009-06-07,11.4,16.6,53,0.00,305,4.25,0.0,18.7,12.8,31
2009-06-08,10.1,15.6,57,0.00,342,4.16,0.0,15.9,11.7,38
2009-06-09,9.8,13.3,71,14.20,98,1.65,8.0,19.1,12.5,52
2009-06-10,9.9,13.6,94,6.50,132,1.15,12.0,19.7,7.5,81
2009-06-11,13.2,17.3,83,0.40,177,2.27,3.0,8.7,4.9,58
2009-06-12,14.6,19.7,77,3.10,4,3.79,5.0,14.4,10.8,40
2009-06-13,15.5,20.6,65,0.00,317,3.88,0.0,6.7,4.0,33
2009-06-14,16.1,22.1,66,0.60,169,4.70,1.0,7.1,5.7,40
2009-06-15,15.5,20.2,74,0.40,136,4.22,1.0,11.7,9.7,50
2009-06-16,15.4,19.6,76,0.10,167,2.91,1.0,9.8,7.1,54
2009-06-17,17.6,22.9,67,0.00,199,4.16,0.0,12.3,8.7,44
2009-06-18,16.8,20.7,70,0.00,179,4.07,0.0,15.1,10.6,46
2009-06-19,14.1,17.8,86,4.20,109,1.89,15.0,10.2,8.0,70
2009-06-20,15.8,19.8,85,0.00,85,1.79,0.0,15.1,8.3,67
2009-06-21,17.3,21.6,85,3.20,56,2.04,11.0,14.5,10.7,66
2009-06-22,18.4,24.6,68,0.00,43,5.30,0.0,15.5,11.6,36
2009-06-23,19.8,27.7,59,0.00,33,5.96,0.0,10.9,8.3,28
2009-06-24,20.9,27.6,62,0.00,112,5.34,0.0,11.2,5.3,36
2009-06-25,21.7,27.7,74,4.50,188,4.66,3.0,12.7,8.6,48
2009-06-26,18.6,22.8,93,24.30,8,2.89,21.0,8.5,4.2,72
2009-06-27,18.1,22.4,83,0.80,348,3.32,5.0,12.8,10.5,59
2009-06-28,18.4,23.0,86,4.10,122,3.38,13.0,15.5,10.6,69
2009-06-29,16.4,17.9,99,39.40,104,0.56,24.0,19.0,15.9,94
2009-06-30,17.7,22.8,89,15.60,125,3.31,14.0,20.4,14.0,62
2009-07-01,17.9,21.4,87,3.50,126,2.61,7.0,18.1,14.1,73
2009-07-02,17.1,20.3,87,4.30,130,2.42,10.0,15.4,12.3,64
2009-07-03,16.3,19.7,93,8.70,127,1.67,19.0,14.2,9.5,76
2009-07-04,14.6,16.5,94,7.70,272,1.38,9.0,20.4,10.9,79
2009-07-05,13.0,17.9,76,0.50,307,1.95,2.0,19.6,14.1,58
2009-07-06,15.3,19.7,81,2.90,138,3.64,8.0,12.3,7.7,66
2009-07-07,13.7,16.3,96,17.00,116,1.83,17.0,13.9,10.5,90
2009-07-08,13.3,17.0,91,1.20,95,2.04,7.0,15.1,10.6,73
2009-07-09,15.5,21.5,79,0.00,328,3.95,0.0,5.4,2.7,48
2009-07-10,18.0,22.8,69,0.00,202,5.07,0.0,14.7,8.3,45
2009-07-11,16.7,19.4,88,15.90,178,1.57,11.0,19.5,14.0,71
2009-07-12,15.4,17.3,78,2.70,266,3.34,8.0,16.0,12.5,51
2009-07-13,12.8,16.5,79,8.70,250,2.73,6.0,11.0,7.0,59
2009-07-14,11.2,16.4,85,3.20,274,2.64,10.0,13.5,9.9,64
2009-07-15,11.4,17.0,75,0.00,311,2.58,0.0,12.3,9.8,54
2009-07-16,13.6,17.7,89,1.50,140,1.37,4.0,11.5,6.9,75
2009-07-17,16.7,21.7,85,2.50,158,3.60,10.0,10.9,6.9,61
2009-07-18,16.6,19.6,91,13.80,145,2.42,20.0,14.3,8.5,75
2009-07-19,15.4,19.0,83,0.10,234,2.75,1.0,15.6,10.9,60
2009-07-20,16.7,21.7,78,1.40,239,3.88,3.0,10.2,7.2,58
2009-07-21,17.6,22.3,82,0.70,205,3.68,3.0,6.3,3.6,53
2009-07-22,17.3,20.2,88,3.90,72,1.98,8.0,8.6,4.5,71
2009-07-23,16.8,20.3,80,0.00,121,2.86,0.0,16.0,9.4,62
2009-07-24,16.7,18.1,81,0.70,119,2.09,5.0,16.8,13.7,73
2009-07-25,16.0,19.4,82,0.10,115,2.39,1.0,10.7,6.4,65
2009-07-26,14.1,16.6,94,15.00,113,0.85,16.0,16.9,13.5,84
2009-07-27,17.1,20.5,95,8.90,156,2.21,10.0,14.7,11.0,79
2009-07-28,18.7,23.3,82,0.30,215,3.46,2.0,14.9,11.1,56
2009-07-29,19.7,23.7,90,12.20,194,2.43,11.0,14.6,11.1,72
2009-07-30,19.0,23.8,84,0.50,253,3.48,2.0,9.4,6.4,51
2009-07-31,18.3,20.8,80,1.80,208,2.74,4.0,12.4,8.5,68
2009-08-01,18.2,22.4,79,0.60,222,3.63,3.0,10.5,7.0,51
2009-08-02,17.7,22.0,91,17.70,166,1.96,7.0,19.2,13.1,69
2009-08-03,17.0,21.2,78,0.30,228,3.72,2.0,15.3,10.8,42
2009-08-04,18.2,23.3,80,7.00,180,2.94,9.0,22.0,14.7,70
2009-08-05,17.2,19.7,80,5.10,252,3.41,5.0,17.3,13.8,49
2009-08-06,15.4,19.0,77,6.30,276,2.97,6.0,11.6,7.5,61
2009-08-07,13.5,16.6,84,7.40,319,2.73,12.0,17.3,9.3,47
2009-08-08,14.2,18.6,65,0.00,296,3.12,0.0,13.0,8.9,47
2009-08-09,14.7,20.3,82,1.40,181,1.68,2.0,14.1,8.9,62
2009-08-10,17.6,21.6,91,1.60,269,2.08,8.0,11.2,6.8,78
2009-08-11,18.1,22.5,77,0.00,4,3.71,0.0,9.7,8.1,48
2009-08-12,18.9,24.1,75,0.00,30,3.96,0.0,5.4,2.3,46
2009-08-13,20.0,25.6,75,0.00,202,4.14,0.0,9.0,5.9,48
2009-08-14,21.7,28.2,73,0.00,252,4.69,0.0,9.5,8.0,47
2009-08-15,22.0,27.1,69,0.00,255,4.52,0.0,14.1,9.1,42
2009-08-16,22.0,26.8,81,4.50,229,3.42,4.0,12.3,6.5,59
2009-08-17,22.5,27.9,81,1.80,208,4.22,3.0,18.4,9.4,58
2009-08-18,21.8,27.2,90,5.90,215,2.83,8.0,19.9,11.9,64
2009-08-19,19.5,21.8,80,0.80,262,3.29,3.0,14.0,11.6,52
2009-08-20,17.6,21.2,76,0.00,220,2.57,0.0,9.9,6.6,54
2009-08-21,19.2,24.5,84,6.90,151,2.28,12.0,15.4,12.6,67
2009-08-22,20.5,24.1,85,0.50,202,3.16,2.0,12.9,9.7,59
2009-08-23,18.2,21.2,77,0.00,1,3.00,0.0,16.5,11.8,60
2009-08-24,16.8,20.8,71,0.00,346,3.00,0.0,9.8,7.3,46
2009-08-25,16.7,22.4,75,0.00,214,3.44,0.0,18.0,7.6,49
2009-08-26,16.6,19.0,64,0.00,270,3.58,0.0,23.2,18.8,42
2009-08-27,10.8,13.8,55,0.00,329,3.63,0.0,16.9,13.8,42
2009-08-28,10.0,14.3,63,0.00,347,3.10,0.0,11.0,7.9,44
2009-08-29,9.8,11.2,80,8.90,88,0.86,12.0,19.7,12.9,65
2009-08-30,11.1,17.0,95,10.40,142,1.19,16.0,21.4,14.4,77
2009-08-31,11.3,15.5,75,0.20,314,2.27,1.0,16.9,13.4,46
2009-09-01,12.9,19.9,68,0.00,243,2.81,0.0,14.5,9.3,46
2009-09-02,16.6,23.6,74,0.00,225,3.82,0.0,13.1,9.0,47
2009-09-03,17.5,23.2,70,0.00,247,3.85,0.0,12.5,9.3,44
2009-09-04,16.6,21.1,67,0.00,304,3.76,0.0,12.8,9.8,39
2009-09-05,11.9,15.4,66,0.00,351,3.17,0.0,14.1,11.5,45
2009-09-06,11.2,16.7,65,0.00,62,3.40,0.0,10.3,7.6,42
2009-09-07,13.5,21.4,72,0.00,212,3.08,0.0,12.0,8.2,51
2009-09-08,16.0,19.7,74,0.00,326,2.92,0.0,12.0,8.9,48
2009-09-09,13.0,18.5,65,0.00,10,3.47,0.0,11.6,8.4,39
2009-09-10,13.0,19.8,65,0.00,136,3.43,0.0,11.3,7.7,45
2009-09-11,14.6,20.6,74,0.00,205,3.25,0.0,10.4,6.0,46
2009-09-12,15.6,23.3,75,0.00,219,3.36,0.0,11.6,5.1,46
2009-09-13,15.1,17.1,75,0.30,316,2.52,2.0,18.5,13.2,56
2009-09-14,12.2,16.3,70,1.30,289,2.08,4.0,12.7,9.9,60
2009-09-15,11.8,15.0,70,0.00,342,2.81,0.0,16.9,13.5,41
2009-09-16,10.1,14.0,66,0.00,24,2.13,0.0,12.0,7.0,45
2009-09-17,10.9,17.8,70,0.00,173,2.90,0.0,12.4,6.7,38
2009-09-18,9.8,12.0,75,6.90,292,1.74,6.0,24.2,16.2,45
2009-09-19,8.6,13.3,59,0.00,320,3.02,0.0,22.9,16.8,41
2009-09-20,11.5,19.8,64,0.00,246,2.72,0.0,9.6,7.8,46
2009-09-21,13.9,20.8,76,0.00,187,2.95,0.0,11.7,6.1,49
2009-09-22,13.2,17.3,88,3.40,180,0.71,5.0,15.3,10.6,73
2009-09-23,17.1,19.3,94,3.90,220,1.12,14.0,15.5,11.6,82
2009-09-24,11.8,15.2,72,0.20,319,2.09,2.0,15.8,12.0,50
2009-09-25,7.8,10.4,69,0.00,348,1.99,0.0,18.4,14.1,49
2009-09-26,7.3,13.3,72,0.00,167,2.31,0.0,14.4,8.6,47
2009-09-27,8.6,9.3,92,9.70,155,0.34,12.0,12.1,10.4,79
2009-09-28,11.3,15.1,93,10.10,13,1.10,15.0,12.9,8.5,73
2009-09-29,11.3,15.1,92,9.00,162,1.55,9.0,17.7,11.1,69
2009-09-30,7.3,9.3,89,1.60,273,0.56,10.0,11.6,8.0,75
2009-10-01,5.4,7.0,82,1.80,305,0.73,10.0,9.7,7.5,69
2009-10-02,5.0,6.4,96,4.90,191,0.38,13.0,10.7,9.2,89
2009-10-03,6.1,8.0,93,4.00,114,0.34,8.0,16.0,13.5,87
2009-10-04,9.0,12.9,90,0.00,127,0.99,0.0,15.0,9.1,67
2009-10-05,8.4,11.6,90,3.70,256,1.10,15.0,12.2,6.5,76
2009-10-06,8.3,12.1,78,0.00,289,1.45,0.0,15.3,11.1,51
2009-10-07,6.0,7.2,95,10.10,98,0.31,13.0,17.6,11.3,78
2009-10-08,7.3,11.2,82,0.00,321,1.19,0.0,17.9,12.2,56
2009-10-09,7.0,8.7,93,9.20,197,0.34,19.0,11.9,9.0,73
2009-10-10,5.9,8.7,76,1.30,327,1.53,7.0,19.6,12.6,33
2009-10-11,3.8,6.9,62,1.50,250,1.83,5.0,28.0,15.2,34
2009-10-12,3.0,6.8,63,0.00,281,1.52,0.0,17.4,12.5,40
2009-10-13,2.6,5.0,72,0.40,348,1.02,3.0,14.0,6.0,52
2009-10-14,0.2,2.2,62,0.00,320,1.26,0.0,15.3,13.4,43
2009-10-15,-0.9,1.9,54,0.00,341,1.28,0.0,12.2,10.0,39
2009-10-16,-0.6,4.9,60,0.00,40,1.45,0.0,10.5,7.7,34
2009-10-17,-0.3,5.3,69,0.00,16,1.19,0.0,6.1,4.7,38
2009-10-18,0.4,5.9,69,0.00,72,1.35,0.0,7.5,5.4,42
2009-10-19,1.0,6.7,71,0.00,178,1.37,0.0,13.7,7.4,44
2009-10-20,3.0,7.5,91,1.90,214,0.48,7.0,13.2,10.1,80
2009-10-21,2.7,5.4,69,0.00,339,1.29,0.0,12.4,10.7,47
2009-10-22,-0.2,1.7,80,15.80,31,0.35,18.0,15.7,10.9,63
2009-10-23,-2.0,2.2,74,0.00,360,1.04,0.0,16.3,11.0,53
2009-10-24,0.0,3.3,88,11.30,126,0.32,15.0,22.3,18.2,73
2009-10-25,3.9,4.8,82,0.00,247,0.86,0.0,19.8,14.4,55
2009-10-26,0.2,3.0,60,0.00,321,1.40,0.0,16.2,12.2,47
2009-10-27,0.5,3.4,71,2.50,114,0.69,9.0,17.1,10.3,59
2009-10-28,1.5,4.7,88,0.00,70,0.46,0.0,10.1,6.8,74
2009-10-29,3.0,6.9,77,0.00,74,0.72,0.0,6.9,3.5,60
2009-10-30,2.9,6.2,89,2.50,155,0.47,5.0,15.8,8.7,78
2009-10-31,8.0,10.9,98,14.00,185,0.21,16.0,25.2,21.9,86
2009-11-01,5.0,7.6,61,0.00,275,1.34,0.0,22.1,15.0,44
2009-11-02,1.1,5.2,70,0.00,88,1.12,0.0,12.2,9.0,52
2009-11-03,1.0,3.3,89,3.20,155,0.33,12.0,14.8,11.8,75
2009-11-04,-1.1,1.1,66,0.00,302,0.89,0.0,15.3,13.3,41
2009-11-05,-2.2,-0.0,69,0.40,131,0.66,4.0,10.4,6.8,49
2009-11-06,-1.5,1.3,74,0.00,345,0.71,0.0,16.5,9.9,53
2009-11-07,-3.2,-0.8,73,0.00,173,0.51,0.0,17.7,10.0,63
2009-11-08,3.1,9.8,75,0.00,230,1.20,0.0,14.3,12.0,47
2009-11-09,3.7,8.9,77,0.00,199,0.76,0.0,13.8,10.4,63
2009-11-10,6.0,9.9,77,0.00,292,1.03,0.0,16.6,12.4,53
2009-11-11,2.4,6.4,71,0.00,326,1.04,0.0,15.9,9.7,48
2009-11-12,0.3,6.5,72,0.00,222,0.95,0.0,7.6,5.9,40
2009-11-13,0.9,7.2,68,0.00,132,1.04,0.0,10.0,6.3,32
2009-11-14,1.5,6.2,63,0.40,136,1.05,2.0,13.5,12.0,55
2009-11-15,5.8,7.3,100,0.50,151,0.22,4.0,11.3,7.7,97
2009-11-16,3.7,7.1,69,0.00,289,1.18,0.0,18.0,15.1,45
2009-11-17,0.3,3.4,63,0.00,337,1.11,0.0,17.4,12.7,50
2009-11-18,-0.3,6.1,74,0.00,226,0.81,0.0,8.3,5.5,45
2009-11-19,0.2,6.5,80,0.00,183,0.79,0.0,8.7,3.8,50
2009-11-20,1.1,3.6,95,10.60,148,0.12,11.0,13.5,9.6,84
2009-11-21,2.2,3.8,88,1.80,296,0.50,3.0,17.7,13.8,68
2009-11-22,0.9,4.3,75,0.00,354,0.71,0.0,11.8,7.8,55
2009-11-23,-0.7,4.0,87,0.00,139,0.60,0.0,8.2,6.9,71
2009-11-24,-0.7,3.2,91,0.00,106,0.42,0.0,7.8,4.8,78
2009-11-25,1.0,4.4,91,0.00,118,0.29,0.0,15.1,9.1,83
2009-11-26,4.2,6.0,98,3.40,161,0.27,5.0,16.5,11.2,90
2009-11-27,3.6,5.4,96,2.70,40,0.28,12.0,22.1,10.0,86
2009-11-28,1.0,2.2,83,6.80,331,0.68,12.0,30.5,27.0,56
2009-11-29,-0.9,0.9,60,0.00,297,0.94,0.0,21.0,13.3,52
2009-11-30,-1.9,-0.2,71,2.60,343,0.51,14.0,13.3,8.3,55
2009-12-01,-3.1,0.4,67,0.00,224,0.54,0.0,13.8,8.2,54
2009-12-02,-2.0,1.7,81,0.00,208,0.43,0.0,11.5,8.7,60
2009-12-03,0.1,1.9,98,19.00,92,0.11,15.0,17.8,9.9,94
2009-12-04,-0.1,1.6,83,0.70,228,0.52,4.0,18.0,10.6,51
2009-12-05,-2.0,0.0,70,0.30,211,0.53,2.0,14.5,7.1,47
2009-12-06,-3.2,-1.2,66,0.20,269,0.62,2.0,18.7,8.6,51
2009-12-07,-5.5,-3.8,59,0.00,288,0.57,0.0,14.2,7.6,48
2009-12-08,-7.6,-5.5,56,0.00,325,0.52,0.0,13.8,8.3,41
2009-12-09,-9.4,-7.1,62,12.00,106,0.38,8.0,30.9,13.1,49
2009-12-10,-5.9,-1.5,81,8.20,166,0.44,18.0,26.6,16.4,64
2009-12-11,-10.4,-8.6,67,0.00,272,0.52,0.0,27.1,18.6,51
2009-12-12,-13.5,-9.5,68,0.00,282,0.42,0.0,20.1,14.4,52
2009-12-13,-9.7,-5.1,85,4.90,176,0.22,7.0,14.4,11.3,75
2009-12-14,-6.6,-4.2,82,0.40,300,0.33,1.0,10.5,6.5,47
2009-12-15,-6.1,-3.1,85,2.90,28,0.27,14.0,11.6,6.6,79
2009-12-16,-16.4,-5.8,69,0.00,315,0.31,0.0,19.4,16.0,52
2009-12-17,-22.6,-18.7,67,0.00,318,0.25,0.0,21.1,19.1,54
2009-12-18,-19.4,-14.8,70,0.00,315,0.28,0.0,17.0,14.2,48
2009-12-19,-17.6,-11.7,62,0.00,323,0.37,0.0,14.9,13.0,51
2009-12-20,-15.6,-12.5,77,0.00,345,0.25,0.0,19.9,16.4,67
2009-12-21,-14.0,-11.3,75,0.00,330,0.31,0.0,20.5,19.4,67
2009-12-22,-14.2,-13.2,75,4.50,319,0.24,9.0,18.0,13.7,71
2009-12-23,-9.1,-2.3,84,9.20,328,0.23,24.0,13.5,9.7,80
2009-12-24,-3.1,-1.8,89,0.10,349,0.31,1.0,14.5,11.5,78
2009-12-25,-5.5,-3.4,88,0.00,9,0.29,0.0,10.9,8.1,75
2009-12-26,-7.2,-5.3,84,0.00,123,0.30,0.0,17.2,14.4,71
2009-12-27,-2.5,0.2,90,22.60,120,0.20,22.0,17.7,15.0,80
2009-12-28,-3.4,-0.9,87,0.40,231,0.30,3.0,12.6,8.3,66
2009-12-29,-14.4,-5.5,70,0.00,324,0.31,0.0,27.6,20.9,54
2009-12-30,-20.6,-15.1,73,0.00,299,0.25,0.0,20.6,10.6,61
2009-12-31,-13.6,-8.0,81,0.00,142,0.24,0.0,9.6,8.4,71
2010-01-01,-7.5,-4.6,88,4.10,93,0.22,16.0,8.5,6.7,80
2010-01-02,-6.6,-5.4,85,2.60,17,0.29,13.0,20.3,10.6,72
2010-01-03,-4.4,-0.1,79,4.80,354,0.55,10.0,28.2,22.4,75
2010-01-04,-3.2,-0.7,84,0.00,335,0.41,0.0,18.4,15.7,75
2010-01-05,-2.2,-1.5,86,2.00,341,0.35,9.0,15.9,12.5,72
2010-01-06,-4.9,-3.3,80,0.20,318,0.43,1.0,19.9,16.3,72
2010-01-07,-6.7,-5.0,75,0.00,318,0.52,0.0,20.1,18.0,63
2010-01-08,-10.0,-6.9,79,0.00,335,0.38,0.0,17.6,15.2,68
2010-01-09,-16.0,-9.2,68,0.00,340,0.38,0.0,21.8,19.6,53
2010-01-10,-18.3,-13.0,72,0.00,303,0.29,0.0,15.7,9.4,54
2010-01-11,-13.5,-6.9,81,0.00,285,0.31,0.0,12.3,8.6,65
2010-01-12,-14.1,-10.3,72,0.00,334,0.37,0.0,21.2,17.3,54
2010-01-13,-18.3,-13.5,70,0.00,332,0.31,0.0,17.4,10.5,52
2010-01-14,-17.1,-10.4,71,0.00,155,0.29,0.0,11.4,7.3,58
2010-01-15,-4.8,-0.2,84,0.00,244,0.42,0.0,15.2,11.1,66
2010-01-16,-4.2,-0.5,81,0.80,274,0.42,4.0,15.8,10.8,67
2010-01-17,-12.1,-6.0,71,0.00,52,0.37,0.0,15.2,10.2,53
2010-01-18,-7.8,-6.1,79,0.20,128,0.31,2.0,14.4,10.0,65
2010-01-19,-6.2,-3.7,90,0.20,157,0.28,2.0,7.6,5.0,82
2010-01-20,-6.3,-2.3,86,0.00,354,0.43,0.0,12.0,7.4,60
2010-01-21,-7.7,-4.0,82,0.00,320,0.48,0.0,12.7,10.1,63
2010-01-22,-10.1,-7.8,78,0.00,341,0.43,0.0,16.3,13.0,57
2010-01-23,-14.0,-8.8,72,0.00,348,0.46,0.0,14.8,11.3,49
2010-01-24,-10.4,-3.0,68,0.00,118,0.58,0.0,13.9,6.5,48
2010-01-25,0.1,5.8,84,30.70,130,0.41,17.0,28.3,20.5,68
2010-01-26,1.1,4.9,91,6.20,214,0.33,13.0,16.1,13.5,75
2010-01-27,-5.7,-0.3,79,0.00,291,0.41,0.0,13.4,9.4,59
2010-01-28,-8.2,-5.0,82,3.00,174,0.37,15.0,15.5,11.0,68
2010-01-29,-17.0,-7.1,70,4.80,313,0.29,14.0,27.8,20.6,58
2010-01-30,-20.9,-16.1,66,0.00,312,0.37,0.0,22.2,14.4,52
2010-01-31,-19.1,-12.1,70,0.00,269,0.35,0.0,10.5,7.7,56
2010-02-01,-16.4,-14.6,69,0.00,283,0.37,0.0,19.6,11.8,49
2010-02-02,-20.5,-15.3,68,0.00,285,0.36,0.0,14.9,8.2,51
2010-02-03,-17.1,-9.3,72,0.00,187,0.42,0.0,8.8,4.3,58
2010-02-04,-14.4,-11.3,72,0.00,301,0.45,0.0,18.2,13.1,54
2010-02-05,-16.1,-12.4,72,0.00,314,0.42,0.0,15.7,13.3,54
2010-02-06,-17.0,-12.1,72,0.00,342,0.42,0.0,18.1,15.4,58
2010-02-07,-12.8,-8.7,75,0.60,337,0.44,6.0,21.9,19.3,65
2010-02-08,-9.1,-5.2,74,0.00,319,0.59,0.0,18.5,16.9,65
2010-02-09,-5.9,-1.8,80,0.00,321,0.68,0.0,15.8,12.5,67
2010-02-10,-8.8,-4.6,78,0.00,355,0.63,0.0,16.6,12.5,56
2010-02-11,-10.1,-5.4,78,0.00,346,0.62,0.0,16.6,14.0,62
2010-02-12,-7.9,-3.7,82,0.00,323,0.55,0.0,13.7,9.9,67
2010-02-13,-6.2,-1.4,81,0.00,317,0.69,0.0,13.2,10.9,62
2010-02-14,-6.8,-4.8,78,0.70,305,0.51,5.0,16.1,14.0,65
2010-02-15,-6.9,-3.2,78,0.60,251,0.46,6.0,13.0,9.4,69
2010-02-16,-6.7,-2.7,83,0.50,296,0.59,4.0,8.0,5.5,67
2010-02-17,-2.6,1.2,86,2.20,301,0.72,11.0,7.6,4.4,65
2010-02-18,-0.8,1.4,83,0.00,308,0.71,0.0,19.9,15.2,71
2010-02-19,-3.2,0.8,78,0.20,305,0.79,2.0,19.4,17.0,70
2010-02-20,-2.3,-0.1,78,0.00,312,0.92,0.0,17.7,16.0,60
2010-02-21,-4.4,0.8,80,0.00,320,0.82,0.0,15.6,14.0,65
2010-02-22,-2.8,2.4,84,0.00,340,0.91,0.0,16.3,10.4,66
2010-02-23,-1.2,2.1,86,0.00,131,0.75,0.0,19.9,13.4,62
2010-02-24,-1.0,0.1,89,10.90,123,0.43,22.0,16.8,14.7,78
2010-02-25,-0.9,-0.3,88,23.30,101,0.42,24.0,23.7,17.3,82
2010-02-26,0.6,1.6,74,2.70,63,0.95,10.0,22.7,18.3,61
2010-02-27,0.9,3.2,75,2.30,57,1.03,11.0,22.9,16.0,63
2010-02-28,-0.2,2.6,83,4.10,37,0.87,15.0,11.8,9.1,63
2010-03-01,-0.5,2.1,81,0.00,358,1.01,0.0,22.0,17.0,65
2010-03-02,-3.0,0.1,81,0.00,352,1.06,0.0,15.1,11.7,61
2010-03-03,-5.9,-0.4,79,0.00,357,1.07,0.0,15.5,11.4,56
2010-03-04,-5.8,-0.5,73,0.00,0,1.16,0.0,19.1,15.7,51
2010-03-05,-7.0,-1.0,70,0.00,355,1.21,0.0,17.3,14.0,39
2010-03-06,-3.9,4.4,64,0.00,322,1.61,0.0,13.0,11.2,37
2010-03-07,-0.7,5.3,79,0.00,280,1.23,0.0,14.1,10.1,60
2010-03-08,0.2,2.3,73,0.00,303,1.20,0.0,22.4,15.9,45
2010-03-09,-4.7,-1.5,69,0.00,332,1.11,0.0,16.7,13.9,55
2010-03-10,-6.5,0.8,74,0.00,327,1.28,0.0,11.1,8.3,49
2010-03-11,-4.2,3.6,71,0.00,21,1.58,0.0,10.0,4.1,45
2010-03-12,-2.6,4.9,69,0.00,69,1.75,0.0,11.3,9.0,40
2010-03-13,-0.5,5.7,64,0.00,110,1.90,0.0,14.3,12.2,42
2010-03-14,1.0,7.2,61,0.00,86,2.01,0.0,15.1,12.5,33
2010-03-15,0.4,8.0,67,0.00,19,1.94,0.0,12.2,10.4,35
2010-03-16,0.5,8.9,70,0.00,340,2.06,0.0,10.5,8.0,39
2010-03-17,0.7,8.2,75,0.00,297,1.81,0.0,16.2,10.8,48
2010-03-18,2.5,6.0,74,0.00,295,1.65,0.0,19.2,13.2,45
2010-03-19,0.5,6.6,76,0.00,87,1.26,0.0,12.0,8.8,63
2010-03-20,0.5,2.2,78,0.00,305,1.19,0.0,15.1,12.0,54
2010-03-21,-4.3,1.7,56,0.00,283,1.86,0.0,12.2,8.1,39
2010-03-22,-1.8,5.5,71,0.00,286,2.00,0.0,11.7,6.3,44
2010-03-23,-2.1,-0.4,72,12.00,28,0.75,10.0,14.9,12.8,62
2010-03-24,-1.7,3.5,76,5.10,340,1.16,15.0,24.2,17.5,44
2010-03-25,-1.3,7.7,72,0.90,266,1.83,2.0,24.6,14.6,48
2010-03-26,-12.6,-5.6,51,0.00,332,1.24,0.0,24.8,17.1,34
2010-03-27,-11.2,-4.0,46,0.00,283,1.52,0.0,11.8,7.0,36
2010-03-28,-3.5,3.4,56,0.00,161,1.61,0.0,23.8,14.8,49
2010-03-29,0.4,2.5,89,17.00,116,0.72,21.0,15.6,10.7,69
2010-03-30,-0.0,7.0,74,0.00,14,2.08,0.0,14.8,12.1,42
2010-03-31,3.4,9.2,79,0.00,28,1.41,0.0,13.7,9.1,62
2010-04-01,3.3,9.6,85,0.00,170,2.09,0.0,10.1,8.2,64
2010-04-02,5.8,15.6,80,0.00,154,2.70,0.0,13.0,9.5,53
2010-04-03,9.2,17.6,83,0.00,171,2.76,0.0,13.4,9.3,54
2010-04-04,9.3,12.5,68,0.00,243,3.07,0.0,18.8,14.4,30
2010-04-05,5.5,9.6,74,4.40,198,1.14,9.0,15.8,11.4,44
2010-04-06,8.1,14.2,75,0.40,247,2.73,2.0,19.6,10.6,37
2010-04-07,7.4,12.2,83,1.60,355,1.33,5.0,11.6,7.0,64
2010-04-08,2.3,7.2,60,3.10,33,1.66,5.0,17.3,13.2,41
2010-04-09,3.9,7.5,84,11.20,148,1.09,13.0,23.3,16.3,58
2010-04-10,2.6,7.7,56,0.00,293,2.35,0.0,30.0,19.8,25
2010-04-11,3.4,8.7,58,0.70,280,2.42,1.0,25.2,17.7,32
2010-04-12,3.0,8.6,55,0.00,323,2.43,0.0,15.6,13.5,29
2010-04-13,3.2,10.4,49,0.00,335,3.22,0.0,13.7,8.7,23
2010-04-14,4.5,11.7,43,0.00,313,3.31,0.0,26.0,14.3,23
2010-04-15,3.1,8.9,49,0.00,22,3.08,0.0,14.7,9.3,31
2010-04-16,2.0,4.7,74,6.50,135,1.13,14.0,23.2,17.0,55
2010-04-17,0.4,1.7,91,17.30,110,0.60,24.0,20.5,16.3,80
2010-04-18,1.4,7.3,80,2.00,343,1.52,9.0,18.0,11.2,56
2010-04-19,4.7,11.5,67,0.00,346,2.32,0.0,17.2,12.8,50
2010-04-20,8.0,14.9,57,0.00,318,3.64,0.0,18.6,11.9,32
2010-04-21,4.7,10.9,62,2.50,349,2.44,7.0,12.1,10.2,48
2010-04-22,4.7,10.6,67,2.00,350,2.37,8.0,14.0,11.4,37
2010-04-23,5.6,10.8,52,0.00,337,2.72,0.0,13.0,10.3,32
2010-04-24,6.1,13.7,64,2.00,305,2.38,6.0,14.0,6.8,33
2010-04-25,6.9,13.8,72,2.10,349,3.45,3.0,13.7,10.3,33
2010-04-26,6.4,11.1,57,0.00,0,3.03,0.0,19.1,12.2,36
2010-04-27,3.0,5.5,53,1.90,17,1.93,12.0,21.7,16.4,43
2010-04-28,4.1,9.5,56,2.20,353,2.85,10.0,21.3,17.4,34
2010-04-29,3.4,7.7,53,0.10,327,2.78,1.0,26.7,20.5,37
2010-04-30,7.8,15.4,48,0.00,318,4.39,0.0,22.4,18.7,28
2010-05-01,10.0,18.5,51,0.20,300,3.92,1.0,14.5,9.1,28
2010-05-02,12.7,21.0,90,4.20,192,1.69,8.0,13.7,8.7,67
2010-05-03,15.9,18.8,88,21.20,254,1.95,14.0,24.9,13.8,50
2010-05-04,12.8,17.8,66,0.00,285,3.87,0.0,15.5,9.8,40
2010-05-05,12.0,16.8,65,0.40,272,3.18,3.0,15.8,10.1,36
2010-05-06,11.4,14.5,79,7.60,232,2.75,10.0,24.4,13.7,58
2010-05-07,5.9,8.9,55,0.00,310,3.21,0.0,25.6,20.0,44
2010-05-08,3.8,7.3,73,8.90,40,1.38,8.0,17.3,11.5,52
2010-05-09,2.5,4.0,79,7.00,325,1.51,14.0,30.8,22.8,51
2010-05-10,1.7,7.2,51,0.00,325,2.80,0.0,20.5,18.0,28
2010-05-11,4.8,11.2,50,0.00,301,3.62,0.0,14.0,9.2,29
2010-05-12,5.3,11.7,51,0.00,7,3.68,0.0,18.0,13.3,25
2010-05-13,6.8,14.9,50,0.00,332,4.18,0.0,16.4,11.0,27
2010-05-14,8.7,13.4,64,0.60,119,2.18,2.0,12.0,7.5,45
2010-05-15,9.2,14.3,79,2.50,13,2.39,10.0,14.0,6.8,40
2010-05-16,10.4,17.6,48,0.00,340,4.96,0.0,22.1,14.6,20
2010-05-17,12.6,20.7,41,0.00,339,5.49,0.0,15.1,11.4,25
2010-05-18,15.5,23.0,57,0.00,222,4.54,0.0,10.3,5.9,32
2010-05-19,15.4,21.4,65,0.00,190,4.36,0.0,11.6,7.1,36
2010-05-20,14.5,18.3,65,0.00,305,4.00,0.0,20.1,15.0,34
2010-05-21,11.2,18.1,42,0.00,350,4.99,0.0,14.1,8.3,25
2010-05-22,15.1,22.6,52,0.00,176,4.58,0.0,12.3,8.3,30
2010-05-23,18.5,23.7,65,0.00,192,4.58,0.0,16.3,11.7,44
2010-05-24,21.0,29.7,63,0.00,248,4.85,0.0,11.3,7.5,34
2010-05-25,23.9,31.7,62,0.00,271,5.68,0.0,14.3,8.0,36
2010-05-26,23.3,28.0,65,0.90,351,5.73,1.0,15.2,11.5,32
2010-05-27,17.9,22.3,51,0.00,26,5.66,0.0,14.4,9.4,28
2010-05-28,16.8,23.1,52,0.00,27,4.86,0.0,12.1,4.8,30
2010-05-29,17.1,22.0,58,0.00,332,4.57,0.0,16.7,9.7,40
2010-05-30,15.3,18.8,40,0.00,320,5.61,0.0,22.5,14.9,20
2010-05-31,12.5,18.4,43,0.00,337,4.75,0.0,16.6,10.2,29
2010-06-01,13.4,18.7,82,19.80,95,1.96,17.0,10.0,5.7,48
2010-06-02,16.1,21.8,79,1.40,203,2.94,3.0,13.0,9.0,48
2010-06-03,13.4,17.8,86,7.30,12,1.97,16.0,12.2,8.1,57
2010-06-04,15.4,22.1,71,0.00,243,4.24,0.0,13.0,7.0,32
2010-06-05,14.9,18.4,74,4.80,16,2.46,9.0,14.0,7.3,58
2010-06-06,9.0,11.3,91,13.30,357,0.97,12.0,16.5,12.2,75
2010-06-07,10.3,15.6,75,4.60,316,3.38,7.0,20.9,15.2,47
2010-06-08,10.7,15.6,67,0.10,328,3.40,1.0,18.1,15.0,38
2010-06-09,13.2,18.8,56,0.00,311,4.51,0.0,9.7,6.8,36
2010-06-10,13.2,17.8,69,0.90,123,2.95,4.0,12.6,8.4,48
2010-06-11,15.1,21.3,72,0.00,216,4.14,0.0,8.9,6.2,43
2010-06-12,16.0,20.2,73,0.20,5,2.84,1.0,9.9,5.4,54
2010-06-13,16.8,22.1,73,0.00,325,3.95,0.0,7.4,5.4,37
2010-06-14,16.0,20.8,56,0.00,332,3.80,0.0,19.7,10.7,30
2010-06-15,13.7,19.4,40,0.00,344,5.74,0.0,16.9,12.1,27
2010-06-16,14.4,18.8,61,0.20,213,3.14,1.0,10.0,6.7,41
2010-06-17,15.6,24.4,77,11.90,7,4.26,13.0,15.7,11.4,38
2010-06-18,20.4,26.6,57,0.00,273,5.29,0.0,16.4,11.6,39
2010-06-19,19.8,26.5,73,4.90,200,4.30,4.0,22.1,12.9,52
2010-06-20,18.9,22.9,88,4.10,303,2.81,8.0,13.7,8.9,48
2010-06-21,17.5,22.8,52,0.00,323,5.86,0.0,13.5,11.3,31
2010-06-22,18.1,23.8,55,0.00,270,4.84,0.0,10.0,7.1,31
2010-06-23,18.2,22.3,75,1.00,166,2.24,4.0,11.4,6.2,65
2010-06-24,17.9,20.8,85,18.80,318,2.83,12.0,17.2,11.9,53
2010-06-25,15.5,19.3,55,0.00,307,4.59,0.0,15.1,12.0,38
2010-06-26,15.9,19.6,70,2.10,281,3.90,6.0,11.8,7.8,52
2010-06-27,16.4,22.3,68,0.00,256,3.67,0.0,12.5,5.3,35
2010-06-28,14.9,17.2,85,2.20,115,1.44,4.0,16.5,11.8,76
2010-06-29,14.1,15.5,84,2.90,299,1.98,1.0,11.3,7.7,55
2010-06-30,11.4,14.2,70,5.90,249,2.71,7.0,17.9,11.3,56
2010-07-01,12.0,15.8,72,0.10,299,3.26,1.0,20.5,12.9,56
2010-07-02,15.4,22.9,61,0.00,300,5.09,0.0,13.2,10.9,35
2010-07-03,19.5,27.7,67,3.00,226,5.68,8.0,16.5,11.5,40
2010-07-04,21.2,24.3,71,2.70,254,3.48,6.0,13.0,9.7,59
2010-07-05,23.1,29.8,75,1.30,204,4.67,2.0,16.6,9.1,52
2010-07-06,23.9,28.4,80,1.40,300,4.04,3.0,8.2,5.8,53
2010-07-07,25.5,30.4,73,0.10,232,5.24,1.0,12.6,8.9,51
2010-07-08,26.0,31.7,67,0.00,255,5.75,0.0,14.4,7.8,40
2010-07-09,23.8,27.7,78,15.60,228,3.56,8.0,10.6,5.9,60
2010-07-10,20.7,25.1,79,0.10,322,3.74,1.0,12.3,7.8,50
2010-07-11,21.4,25.3,78,0.70,142,3.98,3.0,7.9,5.4,53
2010-07-12,22.6,27.4,70,0.00,185,5.26,0.0,17.5,10.1,43
2010-07-13,19.7,23.7,92,17.70,141,1.92,19.0,7.6,5.6,64
2010-07-14,20.5,25.7,79,0.30,9,4.71,2.0,16.4,10.6,41
2010-07-15,21.0,27.0,63,0.00,67,5.23,0.0,11.9,6.3,37
2010-07-16,21.5,25.2,82,3.80,195,2.45,8.0,16.9,12.2,62
2010-07-17,21.3,25.7,71,2.00,227,4.45,3.0,20.3,12.8,50
2010-07-18,18.9,22.7,76,2.30,279,3.92,8.0,16.5,12.7,52
2010-07-19,18.5,21.7,81,5.10,246,3.02,6.0,9.4,5.4,67
2010-07-20,18.8,24.4,72,0.00,303,4.71,0.0,10.8,7.2,37
2010-07-21,18.9,24.1,77,4.00,242,3.38,5.0,9.8,4.5,41
2010-07-22,18.6,24.3,75,1.50,324,5.03,6.0,16.8,10.9,35
2010-07-23,18.3,24.2,61,0.50,358,5.18,2.0,12.7,7.3,41
2010-07-24,19.2,24.2,73,0.20,153,3.00,1.0,12.2,7.8,60
2010-07-25,18.6,21.8,76,1.40,301,3.44,6.0,20.5,14.4,49
2010-07-26,17.4,21.8,58,0.00,306,4.86,0.0,27.2,21.0,40
2010-07-27,19.6,26.5,58,0.00,298,5.32,0.0,15.1,10.8,40
2010-07-28,20.7,25.1,73,2.30,210,3.49,3.0,25.5,15.4,51
2010-07-29,16.1,20.2,73,4.80,295,3.02,4.0,17.5,15.5,46
2010-07-30,13.3,15.7,67,0.10,328,2.20,1.0,13.8,11.5,59
2010-07-31,15.1,20.2,63,0.00,305,3.68,0.0,10.5,6.5,39
2010-08-01,17.0,22.9,63,0.00,178,4.37,0.0,11.6,6.8,39
2010-08-02,18.6,24.8,70,0.20,161,4.05,1.0,12.4,8.3,52
2010-08-03,18.9,22.6,90,7.10,180,2.26,11.0,11.2,8.2,80
2010-08-04,20.0,26.5,90,6.60,214,3.04,16.0,15.1,8.8,62
2010-08-05,20.6,25.7,87,2.70,211,3.10,7.0,16.8,8.6,64
2010-08-06,16.5,22.0,63,0.00,296,4.00,0.0,18.8,15.3,41
2010-08-07,13.0,17.2,56,0.00,275,3.26,0.0,17.1,11.7,37
2010-08-08,15.7,20.9,70,2.00,209,3.08,7.0,16.8,13.3,55
2010-08-09,19.0,24.3,81,7.40,246,3.73,8.0,14.7,8.4,46
2010-08-10,18.8,23.8,75,1.40,290,3.51,3.0,10.4,7.2,49
2010-08-11,17.1,21.9,67,0.00,358,4.22,0.0,12.4,10.2,39
2010-08-12,16.4,21.0,64,0.00,61,3.70,0.0,11.0,6.3,41
2010-08-13,17.2,23.0,68,0.00,105,3.96,0.0,9.7,7.6,44
2010-08-14,18.8,23.2,80,1.30,160,2.83,5.0,13.9,9.0,63
2010-08-15,19.7,24.6,79,0.80,167,3.26,2.0,18.8,12.8,56
2010-08-16,18.2,21.2,96,26.30,174,1.16,21.0,18.5,13.6,83
2010-08-17,17.4,21.4,77,3.20,216,3.35,5.0,17.7,11.5,48
2010-08-18,16.4,20.0,77,0.50,236,2.66,4.0,11.9,6.5,57
2010-08-19,17.4,23.1,75,1.00,185,3.94,1.0,18.4,10.5,50
2010-08-20,13.6,18.5,74,5.60,313,2.81,4.0,21.5,12.8,45
2010-08-21,15.1,19.7,74,0.00,270,2.35,0.0,11.2,6.4,52
2010-08-22,14.7,17.3,83,1.90,104,1.31,5.0,13.9,8.2,72
2010-08-23,17.2,21.5,71,0.00,95,3.16,0.0,12.8,10.0,54
2010-08-24,17.2,21.9,72,0.00,103,3.52,0.0,7.2,5.4,49
2010-08-25,15.8,19.0,81,1.70,131,1.89,4.0,14.4,8.8,69
2010-08-26,15.2,18.8,94,13.20,214,1.69,15.0,12.7,6.1,76
2010-08-27,14.1,18.3,71,1.70,303,2.71,3.0,14.8,11.1,42
2010-08-28,16.6,23.6,76,1.20,217,2.57,3.0,13.1,9.3,55
2010-08-29,21.4,28.3,69,0.00,255,4.69,0.0,13.3,11.6,42
2010-08-30,22.0,28.4,66,0.00,276,4.58,0.0,17.5,10.8,42
2010-08-31,24.0,30.2,69,0.00,276,4.64,0.0,14.1,11.4,39
2010-09-01,24.4,29.5,68,0.00,239,4.42,0.0,17.5,11.8,47
2010-09-02,21.8,24.8,74,0.60,261,2.27,3.0,13.1,9.6,59
2010-09-03,19.7,26.9,84,9.80,146,2.20,13.0,17.9,7.7,59
2010-09-04,18.4,22.7,80,5.60,204,2.31,9.0,17.5,10.0,54
2010-09-05,12.2,14.0,76,4.20,243,2.15,14.0,21.5,16.9,54
2010-09-06,12.6,17.7,68,0.00,228,2.79,0.0,20.5,13.6,42
2010-09-07,13.6,15.9,97,15.80,170,0.67,22.0,12.2,7.0,74
2010-09-08,15.2,17.5,93,23.10,165,1.85,23.0,18.3,11.6,79
2010-09-09,12.3,14.2,89,5.30,11,1.24,12.0,17.4,8.7,72
2010-09-10,13.1,17.8,67,0.00,352,3.07,0.0,17.8,15.0,44
2010-09-11,13.3,18.9,65,0.00,353,3.42,0.0,12.7,9.1,40
2010-09-12,12.1,16.7,75,1.40,136,1.91,5.0,19.2,13.5,65
2010-09-13,12.4,14.3,95,13.80,174,1.18,19.0,15.7,11.6,90
2010-09-14,11.9,15.4,88,6.20,254,1.92,13.0,12.1,8.6,63
2010-09-15,9.6,11.7,71,0.00,306,1.86,0.0,17.5,13.0,56
2010-09-16,8.6,10.5,73,0.30,313,1.28,2.0,13.0,7.7,55
2010-09-17,9.2,14.4,70,1.00,359,2.69,4.0,13.7,9.4,46
2010-09-18,10.2,15.6,75,0.50,179,2.61,1.0,20.9,10.1,53
2010-09-19,11.2,16.0,74,1.70,295,2.73,3.0,13.9,9.4,39
2010-09-20,10.1,13.4,65,0.00,320,2.30,0.0,16.1,10.6,41
2010-09-21,7.9,12.0,77,1.10,228,1.23,5.0,17.9,9.8,57
2010-09-22,14.1,18.1,79,1.70,249,2.33,3.0,17.1,13.0,51
2010-09-23,10.0,12.8,59,0.00,323,2.54,0.0,16.4,10.7,46
2010-09-24,8.1,10.8,93,21.40,124,0.28,17.0,19.2,9.5,69
2010-09-25,12.9,15.3,95,16.50,215,0.67,12.0,12.4,9.6,85
2010-09-26,8.0,10.0,84,1.00,61,0.74,3.0,15.1,10.3,71
2010-09-27,10.1,14.1,82,0.20,135,0.97,1.0,11.0,9.0,77
2010-09-28,13.4,16.9,99,29.30,142,0.32,24.0,11.5,10.0,90
2010-09-29,15.0,17.1,94,8.10,204,0.64,12.0,17.7,13.4,80
2010-09-30,12.0,13.3,92,15.60,159,0.51,10.0,11.8,8.7,83
2010-10-01,11.2,12.0,96,36.70,328,0.50,17.0,17.4,11.8,80
2010-10-02,7.9,10.2,66,0.30,318,1.89,2.0,17.7,15.0,51
2010-10-03,6.0,9.3,68,0.00,339,1.65,0.0,13.6,11.4,47
2010-10-04,6.3,12.6,69,0.00,26,2.11,0.0,11.8,6.2,45
2010-10-05,8.0,15.6,72,0.00,352,2.24,0.0,13.6,8.1,46
2010-10-06,8.7,13.3,74,0.30,76,1.68,1.0,15.4,11.0,55
2010-10-07,8.2,12.4,88,12.20,320,1.23,16.0,23.1,13.4,52
2010-10-08,9.1,12.3,59,0.00,298,2.46,0.0,24.1,19.1,43
2010-10-09,5.0,8.2,54,0.00,317,2.02,0.0,25.8,21.0,46
2010-10-10,5.5,11.1,61,0.00,292,1.80,0.0,20.2,14.8,47
2010-10-11,5.5,8.5,63,0.00,318,1.57,0.0,17.5,14.7,56
2010-10-12,4.9,7.8,71,0.00,322,1.09,0.0,14.3,10.2,57
2010-10-13,6.2,10.7,69,0.00,319,1.57,0.0,11.4,7.4,52
2010-10-14,5.6,8.1,87,2.30,131,0.58,8.0,10.2,8.3,73
2010-10-15,5.3,6.5,96,13.70,46,0.26,20.0,26.1,15.1,80
2010-10-16,4.8,8.4,82,7.50,353,1.11,10.0,26.8,21.5,53
2010-10-17,5.2,8.6,76,0.20,295,1.06,2.0,21.5,12.8,60
2010-10-18,3.3,6.0,65,0.10,298,1.58,1.0,22.6,17.5,41
2010-10-19,1.9,6.5,73,0.20,240,1.16,2.0,13.3,9.6,51
2010-10-20,3.9,8.5,77,0.70,203,1.28,3.0,20.5,13.5,47
2010-10-21,4.2,6.4,87,19.20,182,0.50,16.0,18.9,12.7,64
2010-10-22,1.6,4.1,65,0.00,303,1.35,0.0,26.8,19.4,43
2010-10-23,0.8,5.0,56,0.00,308,1.73,0.0,19.2,16.9,42
2010-10-24,0.5,5.2,65,0.00,329,1.18,0.0,12.7,6.5,48
2010-10-25,1.4,3.8,93,7.20,124,0.25,13.0,10.4,8.3,78
2010-10-26,5.3,6.6,100,4.90,126,0.21,9.0,15.8,8.9,99
2010-10-27,10.8,15.5,87,8.10,152,1.40,10.0,24.5,17.8,48
2010-10-28,8.5,10.9,71,1.10,207,1.31,3.0,20.2,15.9,55
2010-10-29,4.2,6.5,77,0.60,296,0.75,4.0,14.7,11.6,62
2010-10-30,0.0,2.6,59,0.00,296,1.12,0.0,16.4,9.8,44
2010-10-31,-1.0,1.1,64,0.00,338,1.00,0.0,17.9,11.0,48
2010-11-01,0.1,3.2,72,0.00,337,0.95,0.0,19.9,14.6,49
2010-11-02,0.3,3.0,73,0.00,339,0.82,0.0,15.1,10.0,57
2010-11-03,-0.6,4.6,82,0.00,182,0.93,0.0,12.4,7.0,57
2010-11-04,-0.8,2.1,89,1.50,138,0.45,7.0,11.9,9.9,76
2010-11-05,0.2,0.6,100,21.90,8,0.14,24.0,12.8,11.2,99
2010-11-06,-0.7,1.1,83,0.90,316,0.65,3.0,14.4,10.5,66
2010-11-07,-1.4,1.0,72,0.00,348,0.77,0.0,7.0,5.1,59
2010-11-08,-2.0,2.7,75,0.00,352,0.75,0.0,20.9,16.4,61
2010-11-09,0.6,4.6,73,0.10,356,1.09,1.0,17.7,16.2,52
2010-11-10,-0.7,4.6,77,0.00,355,0.93,0.0,15.8,13.2,52
2010-11-11,-1.0,5.9,73,0.00,4,0.89,0.0,11.9,5.9,39
2010-11-12,1.2,6.9,65,0.00,161,0.97,0.0,9.1,5.4,45
2010-11-13,1.6,7.3,79,0.00,334,0.72,0.0,13.5,7.4,60
2010-11-14,0.9,4.5,69,0.00,99,0.90,0.0,17.5,12.3,55
2010-11-15,3.0,6.5,86,4.40,162,0.65,8.0,18.6,14.7,61
2010-11-16,2.1,6.9,87,0.00,186,0.71,0.0,12.6,7.5,61
2010-11-17,2.5,3.4,97,23.60,105,0.11,16.0,25.3,16.0,87
2010-11-18,1.1,3.6,70,3.00,298,0.99,6.0,28.7,20.7,48
2010-11-19,-3.9,-1.1,54,0.00,320,0.97,0.0,16.8,13.1,33
2010-11-20,-3.2,1.0,64,2.20,252,0.90,9.0,26.4,16.4,52
2010-11-21,-6.8,-3.0,55,0.00,323,0.77,0.0,22.4,9.6,32
2010-11-22,-4.1,-1.2,72,7.20,133,0.41,13.0,15.3,11.5,47
2010-11-23,0.7,3.0,100,10.00,139,0.10,12.0,20.4,13.3,100
2010-11-24,-3.5,2.2,67,0.00,308,0.84,0.0,28.5,22.3,45
2010-11-25,-8.3,-3.0,59,0.00,325,0.74,0.0,21.4,13.6,46
2010-11-26,-5.4,-0.8,68,7.30,168,0.48,7.0,20.6,11.4,49
2010-11-27,-5.6,-2.6,74,2.10,219,0.51,8.0,18.4,14.3,59
2010-11-28,-7.1,-0.4,77,0.00,267,0.46,0.0,16.1,9.4,67
2010-11-29,-4.7,0.2,83,0.00,217,0.48,0.0,10.0,7.3,69
2010-11-30,-3.1,1.2,84,0.70,134,0.42,2.0,18.7,12.7,71
2010-12-01,1.4,2.3,98,27.40,129,0.09,24.0,32.6,24.8,93
2010-12-02,0.4,2.0,91,14.00,166,0.39,13.0,27.2,11.4,67
2010-12-03,-1.8,0.9,76,0.00,320,0.52,0.0,11.3,8.3,56
2010-12-04,-3.4,-2.3,79,7.70,330,0.40,12.0,20.1,15.8,70
2010-12-05,-4.7,-2.9,78,0.00,261,0.30,0.0,11.9,8.3,71
2010-12-06,-6.5,-4.2,84,4.40,316,0.26,8.0,27.0,13.4,78
2010-12-07,-3.6,-1.7,78,3.10,295,0.52,14.0,25.1,18.4,70
2010-12-08,-9.5,-6.7,72,0.40,292,0.41,4.0,18.5,15.5,64
2010-12-09,-12.9,-10.2,71,0.00,313,0.35,0.0,14.9,13.0,60
2010-12-10,-16.8,-12.3,73,0.00,150,0.24,0.0,14.5,9.1,63
2010-12-11,-7.6,-1.8,77,2.10,187,0.41,12.0,14.2,12.0,57
2010-12-12,-10.1,-2.8,82,14.10,81,0.23,7.0,26.3,13.7,73
2010-12-13,1.6,4.1,93,23.60,122,0.22,24.0,26.4,15.7,85
2010-12-14,-11.5,-6.7,78,5.70,318,0.27,17.0,20.5,12.7,66
2010-12-15,-17.1,-14.2,76,2.40,297,0.18,7.0,17.6,10.8,65
2010-12-16,-17.5,-14.0,80,0.00,189,0.17,0.0,7.0,4.2,72
2010-12-17,-18.2,-11.5,80,0.00,285,0.21,0.0,8.9,7.3,63
2010-12-18,-13.6,-7.6,84,0.00,155,0.20,0.0,9.3,7.2,78
2010-12-19,-7.5,-4.8,86,0.00,96,0.26,0.0,6.5,4.1,67
2010-12-20,-10.6,-7.7,83,0.00,343,0.29,0.0,14.2,10.9,70
2010-12-21,-6.1,-1.4,82,0.70,346,0.40,5.0,17.6,15.4,75
2010-12-22,-4.6,-3.2,87,1.00,352,0.29,6.0,17.2,14.4,76
2010-12-23,-6.3,-4.7,80,0.80,349,0.41,5.0,19.1,18.2,70
2010-12-24,-9.7,-7.5,80,0.00,346,0.36,0.0,21.3,17.8,68
2010-12-25,-10.7,-8.8,80,0.00,352,0.33,0.0,18.5,16.6,68
2010-12-26,-14.1,-12.0,79,0.00,356,0.28,0.0,17.3,14.7,66
2010-12-27,-16.2,-13.0,76,0.00,351,0.31,0.0,30.0,23.3,64
2010-12-28,-13.3,-8.9,69,0.00,330,0.47,0.0,25.3,20.6,53
2010-12-29,-12.8,-6.9,79,0.00,322,0.33,0.0,15.5,10.3,69
2010-12-30,-7.7,-0.8,86,0.00,212,0.36,0.0,10.5,6.6,68
2010-12-31,-3.2,1.4,90,1.30,177,0.20,5.0,11.0,8.3,87
2011-01-01,1.0,2.5,95,3.40,146,0.24,6.0,15.0,6.8,87
2011-01-02,1.1,2.8,90,5.90,178,0.37,13.0,18.4,11.9,64
2011-01-03,-8.3,-5.0,78,0.00,283,0.37,0.0,16.7,12.1,59
2011-01-04,-12.5,-8.3,77,0.00,298,0.30,0.0,10.0,8.0,64
2011-01-05,-14.3,-9.5,71,0.00,306,0.40,0.0,16.1,13.2,50
2011-01-06,-13.1,-8.9,73,0.00,276,0.40,0.0,17.3,12.7,55
2011-01-07,-13.8,-8.2,75,0.00,105,0.34,0.0,14.3,11.1,58
2011-01-08,-10.7,-4.7,79,0.00,24,0.37,0.0,12.1,8.5,64
2011-01-09,-8.5,-7.1,82,3.60,330,0.29,16.0,20.6,15.6,71
2011-01-10,-8.3,-5.4,78,0.10,319,0.46,1.0,19.1,17.2,69
2011-01-11,-10.0,-8.0,79,0.00,341,0.39,0.0,15.9,13.3,65
2011-01-12,-12.3,-8.4,81,0.00,357,0.28,0.0,18.2,13.5,69
2011-01-13,-10.1,-7.7,81,0.00,338,0.38,0.0,19.4,16.3,66
2011-01-14,-14.0,-11.3,78,0.00,325,0.33,0.0,13.3,10.5,63
2011-01-15,-15.8,-12.7,78,0.90,326,0.22,6.0,9.5,6.3,66
2011-01-16,-14.5,-11.8,78,0.90,331,0.30,5.0,11.6,8.8,61
2011-01-17,-20.0,-15.5,73,0.00,310,0.27,0.0,13.1,9.3,52
2011-01-18,-15.8,-7.6,76,3.40,149,0.25,8.0,14.6,11.5,66
2011-01-19,-11.4,-7.2,77,3.50,359,0.37,7.0,22.0,16.6,59
2011-01-20,-18.0,-12.9,75,0.00,343,0.32,0.0,15.5,8.2,58
2011-01-21,-16.3,-12.7,80,1.40,345,0.22,9.0,15.8,6.9,70
2011-01-22,-20.4,-16.0,70,0.00,315,0.29,0.0,16.8,12.2,53
2011-01-23,-25.3,-20.1,68,0.00,338,0.19,0.0,15.7,13.5,52
2011-01-24,-27.6,-20.5,65,0.00,315,0.22,0.0,16.4,12.5,45
2011-01-25,-21.5,-14.8,70,0.30,159,0.24,3.0,8.6,6.6,60
2011-01-26,-16.1,-8.3,79,0.00,162,0.32,0.0,8.8,5.1,70
2011-01-27,-11.5,-5.6,79,0.00,353,0.45,0.0,11.6,7.4,60
2011-01-28,-11.4,-6.8,80,0.00,303,0.40,0.0,9.3,5.9,61
2011-01-29,-13.6,-9.7,78,0.00,352,0.33,0.0,14.9,12.0,59
2011-01-30,-19.4,-14.0,72,0.00,338,0.33,0.0,14.8,10.4,51
2011-01-31,-21.5,-17.0,66,0.00,306,0.33,0.0,15.9,12.1,41
2011-02-01,-19.0,-12.9,67,0.00,248,0.32,0.0,9.4,5.5,53
2011-02-02,-16.9,-12.0,75,4.90,26,0.22,11.0,12.1,9.9,69
2011-02-03,-15.6,-9.4,74,0.90,268,0.45,5.0,15.1,9.6,52
2011-02-04,-10.4,-5.5,73,0.50,203,0.48,4.0,14.9,12.8,58
2011-02-05,-8.6,-3.2,80,0.00,181,0.50,0.0,12.1,9.9,61
2011-02-06,-6.3,-2.9,78,0.60,334,0.60,3.0,17.7,12.1,58
2011-02-07,-7.4,-5.2,85,1.70,6,0.34,10.0,9.0,6.4,75
2011-02-08,-13.2,-7.1,74,1.90,342,0.35,11.0,19.6,15.6,50
2011-02-09,-18.1,-10.3,66,0.00,262,0.45,0.0,19.2,12.7,45
2011-02-10,-17.9,-13.6,67,0.00,291,0.40,0.0,15.2,8.4,40
2011-02-11,-16.4,-9.9,66,0.00,236,0.51,0.0,17.3,11.9,37
2011-02-12,-11.7,-5.6,75,1.80,205,0.51,9.0,18.7,14.3,53
2011-02-13,-14.8,-9.7,74,2.80,227,0.40,6.0,18.4,11.3,64
2011-02-14,-7.9,-4.7,88,13.80,50,0.25,17.0,24.4,10.8,78
2011-02-15,-16.7,-10.7,63,0.00,332,0.53,0.0,25.1,19.9,45
2011-02-16,-16.4,-9.1,66,0.00,177,0.49,0.0,11.8,8.6,46
2011-02-17,-5.6,0.8,81,0.00,211,0.76,0.0,9.8,6.2,69
2011-02-18,0.9,5.5,89,11.60,174,0.46,15.0,21.1,14.0,68
2011-02-19,-5.8,0.4,69,0.30,308,0.74,2.0,23.5,17.7,52
2011-02-20,-15.1,-11.4,64,0.00,326,0.66,0.0,24.1,19.0,49
2011-02-21,-17.5,-14.5,66,0.00,333,0.49,0.0,21.6,17.4,50
2011-02-22,-15.7,-8.1,61,0.00,340,0.77,0.0,19.7,17.8,36
2011-02-23,-12.7,-5.6,61,0.00,331,0.91,0.0,17.6,13.9,38
2011-02-24,-12.4,-4.5,66,0.00,175,0.76,0.0,13.8,8.9,41
2011-02-25,-7.2,-5.5,77,0.10,330,0.53,1.0,16.1,10.9,59
2011-02-26,-15.2,-7.7,63,0.00,314,0.67,0.0,20.5,13.7,43
2011-02-27,-15.5,-7.9,65,0.00,116,0.78,0.0,10.1,5.5,44
2011-02-28,-8.1,-3.7,86,16.20,133,0.27,16.0,17.4,11.3,73
2011-03-01,-9.1,-4.8,64,0.00,303,1.05,0.0,22.9,17.7,44
2011-03-02,-9.1,-5.0,68,1.30,257,0.83,4.0,22.4,17.8,50
2011-03-03,-18.8,-13.3,60,0.00,316,0.66,0.0,20.9,12.8,40
2011-03-04,-17.0,-7.6,62,0.00,155,0.63,0.0,16.0,9.2,38
2011-03-05,-4.3,-0.7,88,20.30,152,0.32,22.0,14.5,11.7,58
2011-03-06,-5.0,-0.8,81,22.40,352,0.55,18.0,22.2,16.4,59
2011-03-07,-11.8,-8.3,67,4.20,354,0.60,11.0,22.7,19.3,53
2011-03-08,-14.1,-9.0,62,0.00,338,0.90,0.0,17.4,11.7,38
2011-03-09,-12.5,-4.7,61,0.00,86,0.97,0.0,14.7,9.5,39
2011-03-10,-5.2,-1.7,84,15.60,131,0.45,23.0,20.6,18.8,63
2011-03-11,0.3,2.9,89,14.10,125,0.49,19.0,22.6,18.2,84
2011-03-12,1.7,3.7,88,3.40,227,0.81,14.0,16.7,10.0,68
2011-03-13,-1.0,1.1,76,0.00,318,0.96,0.0,19.4,14.1,56
2011-03-14,-7.0,-2.4,68,0.00,359,1.31,0.0,17.0,10.3,39
2011-03-15,-6.9,1.2,73,0.00,182,1.40,0.0,16.5,10.0,50
2011-03-16,-3.1,0.8,89,1.70,168,0.58,5.0,13.4,10.9,82
2011-03-17,0.8,7.1,82,0.00,244,1.46,0.0,13.8,10.5,47
2011-03-18,2.0,4.9,81,8.80,270,0.96,14.0,25.8,17.3,59
2011-03-19,-7.1,-2.0,68,0.00,354,1.29,0.0,16.6,12.4,45
2011-03-20,-7.2,1.1,66,0.00,312,1.64,0.0,9.0,7.1,40
2011-03-21,-5.2,-1.2,82,4.70,133,0.57,9.0,14.0,9.9,67
2011-03-22,-2.0,0.4,82,2.10,336,1.16,10.0,20.6,12.7,56
2011-03-23,-8.5,-4.1,69,0.00,346,1.25,0.0,17.5,13.9,49
2011-03-24,-7.2,-0.9,71,0.00,354,1.41,0.0,13.1,11.0,43
2011-03-25,-6.7,-2.8,73,0.20,322,1.14,1.0,13.2,11.5,47
2011-03-26,-8.3,-5.2,66,0.00,317,1.10,0.0,25.8,19.8,42
2011-03-27,-11.3,-6.6,61,0.00,311,1.10,0.0,25.2,19.8,43
2011-03-28,-8.3,-1.9,65,0.00,320,1.39,0.0,20.9,17.3,51
2011-03-29,-4.8,1.1,72,0.00,327,1.52,0.0,18.4,15.4,47
2011-03-30,-2.7,2.3,74,0.00,319,1.60,0.0,15.1,11.2,48
2011-03-31,-2.2,4.2,72,0.00,19,2.01,0.0,8.9,6.4,48
2011-04-01,-1.0,3.8,77,0.70,85,1.37,4.0,15.6,8.3,54
2011-04-02,0.8,5.6,74,0.80,320,1.93,5.0,22.1,14.4,38
2011-04-03,-1.1,3.2,64,0.00,315,1.93,0.0,20.2,16.4,38
2011-04-04,-2.4,1.4,78,7.10,128,0.79,8.0,22.7,12.1,58
2011-04-05,2.1,3.9,81,4.70,211,1.17,12.0,22.5,15.9,55
2011-04-06,-3.1,-0.3,63,0.00,293,1.60,0.0,20.3,17.6,43
2011-04-07,-5.0,1.0,67,0.00,312,1.94,0.0,12.8,10.4,38
2011-04-08,-2.8,5.4,64,0.00,309,2.42,0.0,9.9,7.0,38
2011-04-09,2.0,7.4,70,0.00,277,2.40,0.0,12.5,9.5,43
2011-04-10,3.4,10.8,67,0.00,182,2.59,0.0,15.1,9.3,50
2011-04-11,5.5,10.1,97,6.60,172,0.43,16.0,18.1,14.7,83
2011-04-12,4.0,8.1,61,0.00,310,2.84,0.0,22.7,17.0,32
2011-04-13,0.8,5.7,66,1.50,103,1.45,5.0,16.3,10.7,48
2011-04-14,0.2,1.1,77,2.70,335,1.69,8.0,22.1,14.0,38
2011-04-15,-5.7,-1.2,42,0.00,344,2.26,0.0,19.1,13.6,29
2011-04-16,-4.0,1.7,50,1.70,114,1.43,6.0,21.3,12.5,39
2011-04-17,1.1,5.1,82,27.40,148,1.35,20.0,24.8,20.9,48
2011-04-18,-0.0,2.0,69,0.70,235,1.47,3.0,22.3,15.9,53
2011-04-19,-1.1,3.6,50,0.00,301,2.57,0.0,13.5,10.8,32
2011-04-20,-2.5,-0.6,64,18.70,62,0.80,13.0,20.3,13.7,49
2011-04-21,-1.6,3.7,74,8.50,343,1.55,19.0,25.6,14.2,41
2011-04-22,-0.1,6.4,64,0.00,286,2.50,0.0,14.3,9.3,37
2011-04-23,0.0,3.0,78,9.80,148,0.71,10.0,27.0,16.4,63
2011-04-24,3.6,6.7,79,0.50,271,1.85,2.0,18.0,10.4,52
2011-04-25,4.3,11.5,67,0.00,197,2.67,0.0,12.7,7.9,39
2011-04-26,4.1,8.4,76,0.40,15,1.69,1.0,13.7,9.4,59
2011-04-27,4.8,7.7,95,6.20,113,0.73,8.0,15.7,11.5,81
2011-04-28,9.1,15.5,96,33.40,145,0.85,19.0,27.8,17.5,65
2011-04-29,7.0,10.6,70,0.50,242,1.76,5.0,24.5,16.3,58
2011-04-30,4.9,12.3,62,0.00,350,3.48,0.0,15.4,13.1,32
2011-05-01,6.6,15.5,56,0.00,123,4.02,0.0,16.1,10.7,31
2011-05-02,8.2,14.7,67,8.50,140,2.10,5.0,19.4,15.1,54
2011-05-03,7.1,10.1,89,9.20,347,1.21,8.0,12.1,8.2,56
2011-05-04,3.6,6.1,93,15.00,349,0.69,23.0,18.8,15.3,73
2011-05-05,1.5,2.7,96,13.40,352,0.57,24.0,23.1,18.0,90
2011-05-06,2.6,7.6,84,4.40,284,1.45,16.0,17.0,11.0,50
2011-05-07,3.4,7.0,95,13.80,45,0.75,20.0,8.3,5.2,71
2011-05-08,5.8,11.1,71,0.00,353,2.48,0.0,14.1,9.8,45
2011-05-09,8.0,14.9,59,0.00,4,3.92,0.0,17.2,13.0,33
2011-05-10,8.0,16.1,57,0.00,45,4.04,0.0,15.8,10.9,35
2011-05-11,9.3,17.1,65,0.00,102,3.83,0.0,13.9,9.5,37
2011-05-12,10.0,17.0,69,0.00,122,3.99,0.0,12.5,9.3,48
2011-05-13,11.7,19.0,76,1.20,122,2.78,4.0,13.4,10.2,53
2011-05-14,11.0,15.6,86,9.70,30,1.90,13.0,12.0,10.0,57
2011-05-15,7.8,11.0,60,0.00,10,2.73,0.0,19.9,15.8,35
2011-05-16,4.4,7.6,73,11.30,45,1.05,12.0,14.4,11.9,45
2011-05-17,4.1,7.9,94,2.40,53,0.61,9.0,11.3,8.3,82
2011-05-18,10.1,17.1,86,4.50,115,2.13,6.0,15.2,10.4,64
2011-05-19,12.8,15.5,93,2.40,113,1.25,8.0,14.2,10.7,83
2011-05-20,15.4,22.2,85,1.20,36,3.15,1.0,7.5,5.1,57
2011-05-21,15.2,20.7,74,1.20,18,4.15,1.0,14.0,8.8,41
2011-05-22,11.3,15.4,82,0.80,133,2.09,3.0,14.3,11.2,72
2011-05-23,13.8,18.9,92,10.50,169,1.50,12.0,22.7,18.0,72
2011-05-24,15.2,17.6,85,13.70,220,2.83,15.0,22.4,18.6,62
2011-05-25,10.2,15.4,56,0.00,335,4.64,0.0,17.6,10.0,38
2011-05-26,10.1,14.2,86,24.90,36,1.30,13.0,16.9,10.1,62
2011-05-27,7.7,12.4,93,8.60,13,1.05,15.0,17.0,12.0,73
2011-05-28,9.8,14.5,96,12.30,119,0.69,16.0,14.5,10.7,84
2011-05-29,15.6,18.4,92,12.10,194,1.78,16.0,13.7,9.8,73
2011-05-30,16.2,21.5,68,0.00,309,4.99,0.0,13.5,11.2,37
2011-05-31,15.9,22.5,57,0.00,39,5.22,0.0,13.4,8.8,40
2011-06-01,19.3,25.7,70,2.60,205,4.75,5.0,28.1,17.6,39
2011-06-02,10.6,17.1,66,1.30,292,2.05,5.0,26.2,19.3,54
2011-06-03,10.6,17.1,55,0.00,338,4.91,0.0,22.7,19.3,31
2011-06-04,11.6,17.8,57,0.00,8,4.89,0.0,12.1,7.6,40
2011-06-05,12.8,19.3,75,1.00,162,2.27,3.0,12.3,6.6,58
2011-06-06,16.1,22.3,74,0.00,7,4.52,0.0,10.5,5.5,39
2011-06-07,17.5,23.3,76,0.50,175,3.24,4.0,11.5,9.0,56
2011-06-08,19.9,27.3,82,8.90,196,3.70,6.0,19.0,9.0,56
2011-06-09,17.9,21.1,83,0.90,307,2.55,2.0,17.7,12.5,58
2011-06-10,13.7,18.2,50,0.00,0,5.28,0.0,16.6,13.3,36
2011-06-11,14.6,20.0,55,0.00,94,4.58,0.0,15.8,11.4,39
2011-06-12,11.3,15.6,93,19.60,124,0.86,21.0,16.6,14.6,64
2011-06-13,9.8,12.4,95,8.40,69,0.80,20.0,18.2,12.9,72
2011-06-14,13.5,20.6,68,0.10,17,4.37,1.0,13.7,10.4,41
2011-06-15,18.1,25.9,63,0.00,336,5.41,0.0,12.0,9.0,32
2011-06-16,19.4,26.5,64,0.00,292,4.96,0.0,13.3,7.3,28
2011-06-17,19.2,25.6,72,1.70,76,4.57,3.0,8.7,5.2,44
2011-06-18,17.4,21.6,77,4.90,287,4.46,3.0,17.1,8.8,37
2011-06-19,12.9,17.1,65,0.20,321,2.99,2.0,20.0,16.4,51
2011-06-20,14.8,20.1,61,0.00,329,4.09,0.0,15.6,11.3,39
2011-06-21,16.6,22.3,59,0.00,334,4.64,0.0,10.9,8.9,36
2011-06-22,17.4,23.7,64,0.00,7,5.06,0.0,10.4,6.4,36
2011-06-23,16.0,19.5,82,9.00,111,1.60,14.0,18.9,12.4,64
2011-06-24,12.3,15.0,95,13.60,119,0.90,24.0,22.6,20.2,91
2011-06-25,11.5,13.6,97,11.10,124,0.68,10.0,20.6,16.4,89
2011-06-26,14.4,18.4,93,1.90,103,1.63,9.0,14.3,8.4,72
2011-06-27,17.1,24.5,71,0.00,318,5.23,0.0,8.9,5.6,36
2011-06-28,19.0,23.8,71,0.00,164,3.93,0.0,14.0,8.8,48
2011-06-29,18.1,20.6,84,8.90,171,3.36,13.0,15.3,11.9,63
2011-06-30,14.3,17.6,87,1.20,284,1.82,5.0,14.6,11.7,71
2011-07-01,16.6,21.3,81,0.10,345,3.04,1.0,14.1,10.5,57
2011-07-02,19.6,25.7,74,0.00,190,4.91,0.0,17.5,10.1,46
2011-07-03,20.1,25.1,83,8.50,192,3.33,11.0,13.4,7.2,69
2011-07-04,20.7,25.0,66,0.00,290,4.87,0.0,18.5,9.2,32
2011-07-05,19.8,24.8,62,0.00,302,4.84,0.0,18.3,8.3,35
2011-07-06,18.5,22.6,83,30.00,215,1.90,10.0,11.3,9.4,61
2011-07-07,16.0,20.0,71,0.10,308,4.55,1.0,16.6,12.4,39
2011-07-08,17.0,22.3,68,0.20,198,4.29,1.0,14.6,8.8,44
2011-07-09,17.5,22.9,70,1.50,319,4.72,4.0,18.1,12.7,32
2011-07-10,17.7,22.8,68,2.00,262,3.96,4.0,11.8,7.8,45
2011-07-11,19.9,25.0,86,7.10,207,2.54,11.0,17.3,10.0,71
2011-07-12,20.0,25.7,85,9.30,289,4.01,8.0,16.3,8.8,53
2011-07-13,18.0,21.3,65,0.30,349,5.01,1.0,14.8,13.4,41
2011-07-14,17.8,23.4,64,0.00,345,4.57,0.0,11.5,9.6,35
2011-07-15,18.9,24.9,68,0.00,347,4.87,0.0,9.8,8.2,38
2011-07-16,20.9,26.7,64,0.00,289,4.88,0.0,10.4,6.1,35
2011-07-17,22.1,28.7,68,0.50,240,4.82,3.0,14.2,9.6,48
2011-07-18,22.0,25.4,72,10.00,308,5.19,4.0,13.1,11.1,43
2011-07-19,18.5,22.2,60,0.00,323,4.98,0.0,14.0,11.6,41
2011-07-20,21.8,29.2,64,0.00,235,5.49,0.0,21.3,12.1,44
2011-07-21,21.8,26.2,83,15.30,241,2.44,9.0,27.1,15.0,61
2011-07-22,23.6,27.9,75,0.70,280,5.02,3.0,16.0,9.5,46
2011-07-23,22.2,26.6,67,0.20,274,5.01,1.0,23.5,12.4,45
2011-07-24,18.1,22.3,62,0.00,346,4.48,0.0,18.4,12.9,39
2011-07-25,18.7,22.9,68,0.30,182,3.90,2.0,12.0,6.9,41
2011-07-26,16.1,18.5,95,29.00,134,1.73,24.0,16.6,9.4,81
2011-07-27,16.6,21.2,81,0.60,355,3.17,1.0,16.9,9.7,52
2011-07-28,18.6,23.4,78,0.20,171,4.00,2.0,12.6,8.2,57
2011-07-29,20.1,23.8,82,1.50,186,2.70,1.0,14.8,10.1,68
2011-07-30,19.0,22.7,78,4.50,325,4.56,3.0,17.3,12.6,41
2011-07-31,18.4,24.8,67,0.00,271,4.38,0.0,11.7,6.8,45
2011-08-01,19.3,24.3,81,12.80,177,3.29,11.0,12.3,8.0,57
2011-08-02,17.6,20.3,78,0.30,333,3.20,2.0,12.5,9.7,57
2011-08-03,17.3,21.3,77,0.00,46,2.94,0.0,10.3,6.5,56
2011-08-04,17.8,22.2,82,0.70,88,3.19,3.0,6.9,5.4,66
2011-08-05,19.0,24.6,79,0.10,161,4.07,1.0,9.7,7.3,54
2011-08-06,21.6,27.5,74,0.00,193,4.98,0.0,14.9,8.6,47
2011-08-07,19.8,22.7,89,9.00,141,1.81,9.0,10.3,6.8,74
2011-08-08,18.3,22.3,77,12.30,351,4.32,9.0,14.1,11.7,42
2011-08-09,17.4,21.2,73,0.00,86,3.39,0.0,12.1,8.7,56
2011-08-10,16.9,21.5,89,46.40,127,2.18,20.0,26.3,16.7,64
2011-08-11,16.0,19.0,91,23.70,205,2.54,22.0,12.2,9.5,69
2011-08-12,16.5,20.7,79,0.30,280,2.96,2.0,14.4,11.6,57
2011-08-13,18.4,24.0,79,8.60,217,3.34,6.0,10.9,5.6,57
2011-08-14,17.2,20.6,93,10.50,4,2.10,14.0,7.7,4.8,72
2011-08-15,17.4,19.4,92,3.80,83,1.57,10.0,7.5,4.9,84
2011-08-16,17.7,21.7,83,0.00,351,3.48,0.0,16.8,9.2,50
2011-08-17,16.0,22.1,65,0.00,311,4.40,0.0,12.4,9.1,42
2011-08-18,18.3,23.2,78,3.40,198,3.44,6.0,15.6,11.2,64
2011-08-19,19.2,24.0,81,0.20,198,3.40,1.0,12.1,7.1,53
2011-08-20,19.5,25.3,76,0.00,208,3.94,0.0,17.4,7.9,48
2011-08-21,16.9,20.6,95,28.50,184,0.98,21.0,10.4,8.1,75
2011-08-22,14.8,17.1,89,33.20,283,1.99,22.0,22.9,14.1,58
2011-08-23,13.1,16.8,69,1.50,278,2.33,5.0,14.7,10.1,49
2011-08-24,15.9,22.2,82,2.50,177,3.02,3.0,20.6,14.3,57
2011-08-25,18.2,21.7,82,16.90,184,2.20,13.0,19.8,16.3,63
2011-08-26,16.7,21.4,71,0.00,316,4.06,0.0,15.2,10.2,51
2011-08-27,16.5,21.1,81,0.20,208,2.78,2.0,10.9,8.2,60
2011-08-28,14.6,17.8,82,19.80,12,1.62,6.0,27.2,15.4,61
2011-08-29,12.9,17.7,79,38.00,326,2.51,12.0,35.6,23.1,46
2011-08-30,14.4,18.5,80,3.30,223,2.13,10.0,10.7,9.3,68
2011-08-31,13.8,17.6,77,0.20,335,2.90,1.0,12.1,8.3,56
2011-09-01,15.4,21.2,74,0.00,92,3.61,0.0,10.2,6.0,51
2011-09-02,16.8,20.9,85,0.20,150,1.95,1.0,16.2,11.0,73
2011-09-03,19.1,22.1,88,10.70,249,2.39,12.0,15.6,10.9,66
2011-09-04,15.9,21.0,89,13.10,138,0.89,16.0,15.0,10.4,75
2011-09-05,15.4,18.4,93,18.00,334,0.82,15.0,16.8,10.1,72
2011-09-06,13.1,15.7,80,3.90,353,2.00,9.0,19.8,13.3,59
2011-09-07,13.4,17.1,81,0.20,116,1.72,1.0,11.1,8.4,68
2011-09-08,15.6,21.3,80,0.00,255,3.25,0.0,8.1,5.2,49
2011-09-09,16.4,22.6,66,0.00,311,3.78,0.0,18.9,11.4,38
2011-09-10,12.1,15.6,57,0.00,350,3.37,0.0,16.5,13.1,47
2011-09-11,12.4,18.9,71,0.00,192,3.22,0.0,14.9,10.4,46
2011-09-12,14.8,17.9,82,0.00,244,1.43,0.0,14.3,9.0,71
2011-09-13,16.1,20.6,92,5.60,183,1.47,7.0,23.4,14.8,73
2011-09-14,11.5,15.2,75,0.20,313,1.71,1.0,14.1,8.8,56
2011-09-15,10.6,12.8,80,7.20,218,1.68,13.0,13.0,7.7,49
2011-09-16,7.6,10.2,60,0.00,303,2.48,0.0,22.8,18.0,40
2011-09-17,9.5,15.2,63,0.00,284,2.55,0.0,15.8,9.8,36
2011-09-18,11.2,16.7,73,0.00,179,2.66,0.0,8.0,3.6,39
2011-09-19,10.5,16.0,72,0.00,145,2.74,0.0,13.3,8.2,49
2011-09-20,10.9,15.1,89,6.90,170,0.81,8.0,13.8,9.4,78
2011-09-21,13.5,18.9,76,0.10,200,2.27,1.0,13.4,7.7,52
2011-09-22,13.9,18.4,92,7.10,157,0.84,14.0,13.0,11.1,87
2011-09-23,14.8,19.9,88,1.20,309,2.11,3.0,7.3,4.1,57
2011-09-24,16.9,23.2,77,0.20,50,2.57,1.0,8.0,5.6,55
2011-09-25,17.6,23.2,84,0.00,264,2.30,0.0,7.2,4.7,57
2011-09-26,16.5,20.7,78,0.00,316,2.64,0.0,11.9,8.6,49
2011-09-27,15.2,20.5,72,0.00,26,2.83,0.0,10.4,7.8,47
2011-09-28,12.8,16.5,76,0.80,127,1.46,2.0,12.6,10.3,64
2011-09-29,14.0,14.7,95,13.90,139,0.48,11.0,18.6,12.8,90
2011-09-30,13.4,14.3,93,28.00,202,0.92,19.0,17.6,13.6,78
2011-10-01,6.3,9.4,69,1.30,358,1.61,5.0,24.3,19.6,53
2011-10-02,7.4,11.6,73,1.70,17,1.07,5.0,17.8,10.8,69
2011-10-03,10.1,12.6,91,7.10,23,0.51,18.0,10.0,6.1,80
2011-10-04,10.4,12.5,91,0.90,19,0.76,5.0,8.2,6.7,71
2011-10-05,8.1,10.5,63,0.00,348,2.27,0.0,27.1,16.0,27
2011-10-06,4.8,8.1,51,0.00,338,2.46,0.0,18.8,14.5,37
2011-10-07,6.7,15.2,69,0.00,207,2.04,0.0,11.2,6.9,45
2011-10-08,13.4,23.0,76,0.00,235,2.60,0.0,14.1,9.9,44
2011-10-09,17.6,24.2,60,0.00,254,3.46,0.0,16.0,13.5,44
2011-10-10,15.3,17.5,57,0.00,309,3.12,0.0,17.1,15.2,34
2011-10-11,9.5,14.3,62,0.00,1,2.26,0.0,14.6,8.0,41
2011-10-12,9.1,14.8,71,0.00,117,1.86,0.0,11.5,8.2,56
2011-10-13,9.4,13.0,81,0.70,125,1.08,4.0,14.5,11.0,64
2011-10-14,11.9,15.1,94,1.20,111,0.68,4.0,25.7,17.1,86
2011-10-15,11.3,13.5,92,36.00,180,0.85,22.0,25.6,20.7,69
2011-10-16,7.6,10.9,79,3.80,223,1.32,12.0,22.7,18.6,49
2011-10-17,6.4,10.0,80,1.80,215,1.23,6.0,17.4,12.9,52
2011-10-18,6.0,8.5,87,3.10,228,0.92,11.0,17.6,12.2,63
2011-10-19,6.0,11.3,77,0.00,14,1.48,0.0,12.9,7.8,54
2011-10-20,6.6,7.4,89,16.20,84,0.41,15.0,24.8,17.4,73
2011-10-21,7.7,10.4,90,4.70,199,0.78,11.0,16.8,13.0,66
2011-10-22,6.9,8.5,79,0.00,278,0.61,0.0,10.4,7.6,67
2011-10-23,5.6,7.1,74,0.00,291,0.88,0.0,7.6,5.3,55
2011-10-24,6.1,10.7,77,0.00,148,1.43,0.0,17.2,10.4,56
2011-10-25,6.6,7.9,84,3.00,265,1.15,9.0,18.4,14.2,59
2011-10-26,3.1,6.2,62,0.00,315,1.52,0.0,15.5,12.0,43
2011-10-27,0.1,3.6,58,0.00,335,1.28,0.0,13.9,11.5,38
2011-10-28,-0.1,2.7,59,0.00,304,1.21,0.0,17.9,13.8,43
2011-10-29,-0.9,3.2,65,0.00,324,1.13,0.0,11.8,7.0,41
2011-10-30,0.3,4.3,62,0.00,345,1.20,0.0,15.8,11.4,40
2011-10-31,0.9,5.8,78,0.00,199,0.85,0.0,10.5,6.8,61
2011-11-01,2.2,7.7,85,0.00,166,1.00,0.0,14.0,9.2,60
2011-11-02,4.9,10.1,82,0.00,185,1.18,0.0,17.0,11.9,60
2011-11-03,4.8,6.7,88,2.10,237,0.36,5.0,13.9,12.4,77
2011-11-04,0.6,2.8,64,0.00,330,1.15,0.0,22.0,16.1,41
2011-11-05,0.1,4.4,65,0.00,319,1.21,0.0,16.2,9.9,47
2011-11-06,0.5,7.0,72,0.00,193,1.12,0.0,12.1,9.8,49
2011-11-07,3.2,10.7,80,0.00,186,0.82,0.0,14.7,11.3,62
2011-11-08,5.5,9.0,67,0.00,253,1.30,0.0,13.7,9.6,49
2011-11-09,4.9,7.6,88,2.20,53,0.45,9.0,9.0,5.8,75
2011-11-10,6.4,8.0,92,5.80,153,0.34,11.0,18.4,14.4,85
2011-11-11,2.5,5.1,82,3.40,307,0.86,7.0,16.3,10.5,54
2011-11-12,-0.2,2.6,67,1.20,242,0.80,7.0,20.4,14.3,56
2011-11-13,2.2,6.1,89,0.00,169,0.57,0.0,14.6,11.2,76
2011-11-14,7.8,12.3,81,1.30,185,0.82,5.0,18.9,15.3,68
2011-11-15,6.3,9.6,84,3.50,255,0.93,7.0,18.8,8.8,52
2011-11-16,4.1,7.9,90,2.00,187,0.36,6.0,16.6,12.3,76
2011-11-17,1.9,6.5,70,0.50,285,0.84,1.0,14.0,11.1,44
2011-11-18,-2.3,0.1,59,0.00,295,0.86,0.0,17.3,10.6,38
2011-11-19,-0.2,3.5,67,0.80,191,0.87,4.0,15.5,13.2,58
2011-11-20,1.8,4.6,81,4.50,241,0.52,10.0,20.4,15.7,54
2011-11-21,-6.2,-3.2,45,0.00,339,0.97,0.0,17.4,11.4,33
2011-11-22,-5.4,-0.1,64,0.00,212,0.62,0.0,5.9,4.6,42
2011-11-23,-4.2,-1.8,67,1.10,99,0.50,6.0,12.1,7.8,55
2011-11-24,-3.9,0.9,82,0.00,189,0.36,0.0,11.6,8.4,72
2011-11-25,0.4,2.6,98,0.30,192,0.19,3.0,12.7,11.4,95
2011-11-26,1.2,2.6,86,0.10,333,0.51,1.0,12.1,9.9,61
2011-11-27,0.7,2.8,83,2.10,123,0.36,10.0,19.4,15.6,69
2011-11-28,3.2,7.1,88,6.40,235,0.43,13.0,19.0,15.1,64
2011-11-29,-1.7,-0.3,91,6.20,12,0.11,13.0,14.4,5.9,76
2011-11-30,2.8,6.5,97,19.30,149,0.26,15.0,22.6,15.3,87
2011-12-01,-3.3,1.4,62,0.00,323,0.82,0.0,21.2,13.2,44
2011-12-02,-4.1,-1.5,74,4.30,114,0.31,11.0,13.4,7.2,60
2011-12-03,-6.1,-2.1,68,0.00,204,0.59,0.0,14.6,9.6,51
2011-12-04,-2.0,2.4,76,0.20,165,0.59,1.0,19.2,14.2,65
2011-12-05,2.8,4.4,97,2.80,194,0.16,14.0,14.8,11.7,84
2011-12-06,-2.8,1.5,79,7.10,355,0.47,14.0,15.5,13.0,64
2011-12-07,-3.4,-0.5,81,0.60,137,0.30,3.0,8.4,4.8,66
2011-12-08,-4.2,-2.6,71,0.80,295,0.60,5.0,19.8,11.6,46
2011-12-09,-4.1,-1.3,75,1.50,205,0.44,6.0,14.0,11.6,59
2011-12-10,-5.4,-2.0,71,1.70,262,0.45,7.0,13.7,10.3,43
2011-12-11,-9.3,-4.1,73,0.00,218,0.43,0.0,15.6,10.2,60
2011-12-12,-2.8,0.9,83,0.00,200,0.40,0.0,14.1,10.7,72
2011-12-13,-2.2,1.3,89,0.00,240,0.32,0.0,7.4,4.5,75
2011-12-14,-2.8,-0.4,85,0.00,115,0.32,0.0,8.4,5.8,72
2011-12-15,-0.3,3.6,94,25.00,157,0.13,19.0,20.2,16.3,86
2011-12-16,-0.6,4.7,80,2.00,291,0.47,8.0,25.2,18.3,55
2011-12-17,-12.3,-7.9,56,0.00,334,0.47,0.0,13.5,10.5,46
2011-12-18,-15.5,-11.6,58,0.00,14,0.35,0.0,9.5,6.2,46
2011-12-19,-9.4,-0.5,77,3.60,176,0.31,9.0,20.4,13.8,65
2011-12-20,-10.6,-1.9,63,0.00,311,0.53,0.0,23.3,14.5,50
2011-12-21,-11.3,-4.4,77,0.10,164,0.30,1.0,10.9,8.6,67
2011-12-22,-3.8,-0.8,84,1.80,313,0.30,7.0,11.6,7.2,68
2011-12-23,-8.9,-3.8,72,0.90,352,0.36,6.0,19.7,13.6,54
2011-12-24,-19.7,-16.5,61,0.00,354,0.28,0.0,15.8,10.6,43
2011-12-25,-18.4,-11.2,71,1.70,141,0.21,8.0,11.4,9.4,60
2011-12-26,-9.3,-6.5,81,0.70,284,0.35,5.0,13.8,9.4,59
2011-12-27,-4.3,-0.9,88,0.00,180,0.27,0.0,17.3,13.6,79
2011-12-28,-3.8,-0.8,89,19.40,331,0.23,23.0,23.4,13.8,71
2011-12-29,-18.1,-14.3,64,0.50,305,0.36,3.0,23.7,19.8,54
2011-12-30,-22.1,-17.3,72,0.00,332,0.20,0.0,14.6,8.8,60
2011-12-31,-7.7,-2.0,80,2.30,99,0.28,9.0,11.1,7.8,64
2012-01-01,-6.5,-3.8,89,0.00,83,0.19,0.0,17.4,8.7,83
2012-01-02,-1.6,1.5,85,7.00,198,0.44,15.0,20.7,18.3,67
2012-01-03,-17.9,-9.7,66,0.00,312,0.30,0.0,17.1,14.7,55
2012-01-04,-23.1,-17.4,71,0.00,278,0.19,0.0,13.8,9.2,55
2012-01-05,-14.1,-9.0,77,0.00,257,0.33,0.0,18.2,10.7,53
2012-01-06,-18.2,-12.1,73,0.80,39,0.23,4.0,10.9,6.6,57
2012-01-07,-8.0,-4.1,87,1.90,150,0.23,12.0,8.2,6.9,81
2012-01-08,-11.1,-5.4,77,0.00,331,0.32,0.0,17.3,11.4,57
2012-01-09,-16.3,-9.3,79,0.00,185,0.23,0.0,13.1,8.7,72
2012-01-10,-6.3,-1.8,81,1.00,251,0.40,7.0,19.9,15.1,58
2012-01-11,-19.6,-14.4,70,0.00,355,0.27,0.0,17.7,10.0,49
2012-01-12,-12.5,-8.4,64,0.70,108,0.44,2.0,18.7,13.2,57
2012-01-13,-7.2,-3.9,85,13.80,103,0.27,21.0,19.5,14.2,79
2012-01-14,-16.7,-6.6,66,1.30,324,0.33,4.0,22.4,19.3,49
2012-01-15,-24.1,-19.0,68,0.00,326,0.23,0.0,16.0,12.4,54
2012-01-16,-21.8,-15.8,71,0.00,190,0.22,0.0,13.4,9.3,59
2012-01-17,-9.8,-5.4,78,1.00,145,0.32,3.0,11.0,5.9,70
2012-01-18,-10.1,-3.8,75,15.50,314,0.36,12.0,27.2,18.9,53
2012-01-19,-20.4,-14.7,71,0.00,139,0.27,0.0,18.4,10.1,54
2012-01-20,-12.6,-9.5,74,2.90,186,0.39,10.0,19.1,14.2,56
2012-01-21,-21.9,-17.0,71,0.00,240,0.23,0.0,10.3,5.1,57
2012-01-22,-20.5,-13.4,74,0.00,204,0.25,0.0,8.5,6.3,60
2012-01-23,-10.8,-1.4,81,0.10,138,0.35,1.0,17.8,12.3,76
2012-01-24,0.9,2.1,87,6.40,180,0.46,12.0,19.6,16.4,73
2012-01-25,-6.9,-1.2,74,0.00,296,0.48,0.0,17.9,13.9,59
2012-01-26,-14.4,-9.2,74,0.00,332,0.42,0.0,10.9,7.1,55
2012-01-27,-8.1,-5.1,80,14.00,111,0.27,17.0,19.1,14.4,67
2012-01-28,-4.8,-2.4,80,1.70,282,0.56,4.0,16.9,11.5,60
2012-01-29,-4.2,-2.2,72,3.00,231,0.74,11.0,29.7,18.7,47
2012-01-30,-11.5,-6.6,73,0.00,284,0.42,0.0,13.8,10.9,48
2012-01-31,-17.2,-11.7,71,0.00,44,0.33,0.0,8.2,5.9,52
2012-02-01,-8.6,-6.0,83,9.00,95,0.26,24.0,10.7,7.1,72
2012-02-02,-11.7,-7.0,79,1.00,339,0.43,4.0,13.4,10.3,59
2012-02-03,-13.8,-7.6,75,0.00,305,0.45,0.0,9.7,7.0,50
2012-02-04,-11.3,-9.3,77,0.00,317,0.46,0.0,14.7,12.0,59
2012-02-05,-14.9,-8.6,76,0.00,305,0.47,0.0,12.6,8.6,59
2012-02-06,-4.3,-1.0,78,1.10,241,0.52,6.0,18.8,13.3,67
2012-02-07,-9.1,-2.3,67,0.00,321,0.62,0.0,18.7,15.2,46
2012-02-08,-15.8,-7.0,67,0.00,223,0.57,0.0,14.0,10.4,45
2012-02-09,-10.6,-2.8,76,0.00,214,0.66,0.0,13.6,9.5,52
2012-02-10,-6.6,-1.7,82,0.50,204,0.51,3.0,14.3,11.1,62
2012-02-11,-16.1,-6.9,66,0.20,351,0.44,1.0,18.4,15.3,45
2012-02-12,-22.0,-18.6,66,0.00,327,0.33,0.0,16.0,14.0,47
2012-02-13,-21.8,-15.9,65,0.00,321,0.38,0.0,11.2,8.4,38
2012-02-14,-16.9,-5.1,66,0.00,157,0.58,0.0,12.6,8.8,57
2012-02-15,-4.6,0.2,87,0.70,171,0.61,5.0,10.4,7.2,74
2012-02-16,-2.1,0.7,90,0.00,166,0.58,0.0,11.3,7.7,73
2012-02-17,-0.5,2.0,83,3.90,189,0.87,10.0,19.2,14.5,59
2012-02-18,-3.6,-1.4,76,0.00,290,0.78,0.0,17.8,14.2,56
2012-02-19,-9.5,-6.3,74,0.00,322,0.69,0.0,17.1,12.7,59
2012-02-20,-12.5,-5.2,74,0.00,328,0.73,0.0,12.9,10.3,54
2012-02-21,-10.1,-3.0,79,0.00,184,0.74,0.0,12.2,8.5,63
2012-02-22,-2.9,2.6,84,4.10,174,0.64,12.0,16.8,12.1,61
2012-02-23,-2.1,1.8,83,0.50,240,1.04,4.0,13.0,7.7,54
2012-02-24,-3.9,0.5,80,0.70,358,0.87,2.0,13.7,8.8,55
2012-02-25,-2.5,-0.9,83,14.30,12,0.70,19.0,24.4,16.7,64
2012-02-26,-11.8,-5.5,63,0.00,315,0.83,0.0,26.7,19.9,45
2012-02-27,-14.4,-9.1,72,1.80,51,0.51,5.0,12.2,7.7,53
2012-02-28,-11.0,-7.5,71,1.60,332,0.78,5.0,16.9,10.9,44
2012-02-29,-13.6,-7.5,69,0.00,325,0.85,0.0,9.7,7.1,46
2012-03-01,-10.3,-8.1,65,0.60,105,0.67,6.0,19.5,15.5,54
2012-03-02,-9.4,-6.4,80,0.00,129,0.48,0.0,14.5,11.4,70
2012-03-03,-3.5,2.0,87,11.50,148,0.55,17.0,24.9,17.8,73
2012-03-04,-4.1,0.0,71,0.70,259,0.88,5.0,24.5,12.9,55
2012-03-05,-10.7,-7.6,73,0.00,326,0.82,0.0,14.8,11.1,52
2012-03-06,-13.3,-7.0,65,0.00,280,0.96,0.0,11.8,8.4,33
2012-03-07,-6.2,4.8,69,1.10,159,1.25,5.0,16.6,12.7,53
2012-03-08,4.6,8.0,79,6.40,199,0.85,10.0,24.3,19.1,75
2012-03-09,-5.0,4.9,63,3.30,299,1.28,7.0,23.3,15.5,41
2012-03-10,-11.6,-6.9,69,0.00,343,0.98,0.0,15.4,10.8,45
2012-03-11,-5.0,4.5,73,0.10,177,1.48,1.0,12.1,10.0,53
2012-03-12,-0.1,8.1,77,0.00,321,1.71,0.0,9.8,6.4,33
2012-03-13,1.1,1.7,74,4.60,119,0.72,5.0,19.5,12.4,64
2012-03-14,-0.1,0.7,88,5.30,119,0.60,18.0,12.1,9.3,77
2012-03-15,-1.9,2.1,81,0.00,125,1.41,0.0,12.4,9.8,60
2012-03-16,-0.3,2.1,85,1.80,118,0.48,4.0,12.9,8.3,75
2012-03-17,0.9,7.5,82,0.00,268,1.84,0.0,13.1,7.9,52
2012-03-18,5.2,12.6,83,6.00,206,2.09,5.0,12.6,8.7,62
2012-03-19,4.3,6.6,88,0.00,355,1.07,0.0,10.2,7.2,71
2012-03-20,5.9,15.3,80,0.00,211,2.31,0.0,9.5,6.6,64
2012-03-21,8.6,18.0,86,0.00,239,2.49,0.0,12.2,9.3,57
2012-03-22,11.6,18.3,80,0.40,275,2.11,3.0,14.6,11.7,54
2012-03-23,5.6,10.1,52,0.00,323,2.83,0.0,21.3,16.1,26
2012-03-24,0.8,6.2,37,0.00,357,2.34,0.0,16.0,11.0,28
2012-03-25,1.4,5.5,64,2.00,146,0.88,6.0,10.6,7.1,48
2012-03-26,-3.9,3.0,49,0.70,327,1.71,4.0,32.2,24.3,25
2012-03-27,-6.6,1.6,31,0.00,343,2.24,0.0,25.4,17.2,13
2012-03-28,-2.7,-1.0,64,9.80,134,0.89,15.0,19.5,12.4,33
2012-03-29,-1.5,1.1,72,0.60,347,1.32,2.0,18.8,12.5,49
2012-03-30,-4.8,-0.5,57,0.00,320,1.76,0.0,19.4,15.9,38
2012-03-31,-3.9,3.6,53,0.00,342,2.13,0.0,9.4,7.4,40
2012-04-01,-1.0,4.4,58,0.00,234,1.54,0.0,6.4,3.8,41
2012-04-02,-2.6,2.5,53,0.00,336,2.18,0.0,19.2,14.2,30
2012-04-03,-1.5,4.6,48,0.00,332,2.36,0.0,16.6,14.0,37
2012-04-04,0.0,3.5,58,0.00,323,1.68,0.0,20.4,12.6,45
2012-04-05,-0.6,1.9,57,0.00,330,1.75,0.0,23.7,19.3,44
2012-04-06,-0.9,3.8,51,0.00,329,2.39,0.0,24.6,19.2,35
2012-04-07,0.2,4.0,57,0.00,350,1.86,0.0,18.4,14.2,48
2012-04-08,1.6,8.0,62,0.00,348,2.03,0.0,17.3,13.4,38
2012-04-09,2.5,6.5,71,0.30,345,1.90,3.0,13.1,9.5,37
2012-04-10,1.6,6.4,69,0.80,326,1.71,4.0,6.1,3.5,57
2012-04-11,3.1,9.8,68,0.60,1,2.43,2.0,13.7,9.8,38
2012-04-12,3.7,10.1,58,0.00,353,2.60,0.0,15.0,12.9,28
2012-04-13,4.1,12.1,51,0.00,316,3.32,0.0,16.3,9.1,26
2012-04-14,6.5,14.5,49,0.00,291,3.37,0.0,12.2,9.1,30
2012-04-15,9.7,17.3,66,1.80,209,2.62,7.0,20.2,12.8,51
2012-04-16,13.3,21.9,85,1.10,186,2.06,1.0,24.9,15.5,57
2012-04-17,11.0,17.5,71,6.50,248,2.43,6.0,20.7,16.6,46
2012-04-18,2.8,9.2,47,0.00,338,3.33,0.0,15.3,9.7,29
2012-04-19,6.0,14.8,60,0.00,179,2.58,0.0,19.6,10.7,40
2012-04-20,3.3,10.0,77,5.30,4,1.07,8.0,18.3,12.8,61
2012-04-21,0.9,1.8,94,17.90,355,0.52,23.0,17.6,12.8,74
2012-04-22,1.9,7.6,67,1.00,10,2.24,5.0,17.8,14.5,45
2012-04-23,0.9,3.4,84,36.70,29,0.54,18.0,17.4,12.3,60
2012-04-24,5.5,8.9,85,16.50,139,1.80,15.0,25.2,19.6,46
2012-04-25,4.6,8.8,75,2.70,185,2.37,6.0,17.3,13.8,53
2012-04-26,3.8,9.0,71,0.80,213,2.00,3.0,13.0,7.6,43
2012-04-27,1.5,4.8,75,11.70,335,1.88,13.0,28.0,19.7,41
2012-04-28,-1.0,3.9,41,0.00,312,3.06,0.0,24.8,20.1,26
2012-04-29,-0.8,3.8,39,0.00,315,2.86,0.0,21.3,16.0,30
2012-04-30,3.3,11.4,50,0.00,327,3.57,0.0,15.0,9.3,34
2012-05-01,4.6,7.2,75,2.00,138,1.15,5.0,15.6,11.0,57
2012-05-02,6.0,10.6,84,0.00,122,1.47,0.0,11.2,7.6,67
2012-05-03,7.5,11.9,83,0.00,128,1.19,0.0,15.0,10.4,72
2012-05-04,9.0,11.0,93,4.20,135,0.76,8.0,12.5,9.0,83
2012-05-05,5.7,11.7,61,0.00,355,3.70,0.0,20.9,17.1,30
2012-05-06,6.6,13.5,46,0.00,12,3.95,0.0,11.0,9.2,25
2012-05-07,9.1,17.6,55,0.00,155,4.42,0.0,12.5,4.9,26
2012-05-08,8.2,11.6,82,15.30,144,0.71,15.0,14.9,10.9,49
2012-05-09,7.9,10.0,99,7.00,125,0.64,11.0,10.3,7.1,91
2012-05-10,8.3,10.3,99,10.80,40,0.89,22.0,17.2,7.4,95
2012-05-11,7.0,13.6,71,3.30,318,3.23,8.0,23.0,17.7,28
2012-05-12,9.7,18.9,48,0.00,321,4.64,0.0,14.3,10.8,23
2012-05-13,12.9,18.1,57,0.00,128,3.14,0.0,7.4,4.8,40
2012-05-14,14.1,20.6,67,0.00,170,4.66,0.0,14.7,10.4,34
2012-05-15,14.4,19.0,78,0.80,169,3.20,4.0,15.4,11.9,56
2012-05-16,15.1,20.8,86,8.90,180,3.13,5.0,21.7,14.2,50
2012-05-17,8.2,12.2,58,0.10,298,3.02,1.0,22.4,17.3,36
2012-05-18,11.2,18.9,56,0.00,265,4.29,0.0,15.2,9.0,32
2012-05-19,15.5,23.4,58,0.00,276,4.61,0.0,8.8,5.4,35
2012-05-20,19.1,28.1,65,0.00,181,5.78,0.0,15.8,8.2,33
2012-05-21,20.1,25.8,60,0.00,182,5.95,0.0,19.5,13.8,35
2012-05-22,15.9,20.7,90,22.60,168,1.48,17.0,18.4,11.1,58
2012-05-23,14.5,21.2,65,0.00,11,4.14,0.0,14.0,9.0,34
2012-05-24,16.9,24.7,67,0.00,162,4.93,0.0,19.0,10.2,47
2012-05-25,19.0,22.7,77,0.10,182,3.39,1.0,27.7,18.3,59
2012-05-26,16.7,19.9,62,1.60,295,4.71,3.0,20.1,15.1,37
2012-05-27,13.1,19.1,51,0.00,336,4.74,0.0,13.8,9.5,33
2012-05-28,10.7,16.2,63,0.00,22,1.46,0.0,12.9,7.7,55
2012-05-29,11.5,18.5,90,9.00,135,1.74,11.0,14.8,11.6,70
2012-05-30,15.9,20.0,76,11.20,230,3.73,10.0,15.5,11.4,42
2012-05-31,11.1,16.3,66,0.90,340,2.67,4.0,14.3,12.1,44
2012-06-01,12.2,18.5,64,0.00,48,4.23,0.0,10.5,6.0,39
2012-06-02,11.5,14.1,79,9.40,122,1.28,13.0,21.7,17.9,52
2012-06-03,9.4,10.1,97,14.50,113,0.60,24.0,22.1,19.1,94
2012-06-04,10.6,16.0,80,3.40,49,2.43,11.0,15.6,11.9,46
2012-06-05,13.1,19.2,62,0.10,22,4.32,1.0,11.2,8.0,39
2012-06-06,12.8,17.2,72,3.10,124,3.62,4.0,8.9,5.1,59
2012-06-07,12.7,19.6,76,2.20,160,3.81,5.0,8.3,5.5,47
2012-06-08,14.0,19.0,85,9.80,239,3.16,11.0,13.0,6.5,60
2012-06-09,14.0,20.4,64,0.00,317,4.49,0.0,14.4,11.7,31
2012-06-10,16.1,22.1,64,0.00,141,5.08,0.0,12.5,6.6,39
2012-06-11,17.9,25.1,72,0.80,151,5.00,2.0,15.3,11.4,57
2012-06-12,19.3,22.1,86,9.30,173,2.75,9.0,22.4,14.7,69
2012-06-13,15.0,18.0,81,10.30,301,3.10,13.0,24.3,15.4,44
2012-06-14,14.1,19.5,60,0.00,358,5.04,0.0,12.6,8.7,37
2012-06-15,15.5,21.0,58,0.00,96,5.16,0.0,10.0,7.5,39
2012-06-16,16.4,22.8,65,0.00,134,4.73,0.0,10.9,8.4,47
2012-06-17,18.2,23.4,74,0.00,156,4.31,0.0,16.2,11.4,54
2012-06-18,19.1,23.6,73,0.00,168,4.87,0.0,15.9,13.0,50
2012-06-19,18.8,24.2,78,0.90,186,3.02,3.0,20.0,13.5,65
2012-06-20,22.4,28.5,73,0.20,291,4.93,1.0,14.1,9.3,45
2012-06-21,22.9,28.3,76,0.70,122,4.47,4.0,12.6,6.9,58
2012-06-22,22.7,25.8,71,0.30,277,4.72,2.0,14.0,10.7,43
2012-06-23,18.6,22.7,54,0.00,355,5.83,0.0,15.5,14.1,29
2012-06-24,18.8,25.1,55,0.00,312,5.39,0.0,10.5,7.5,28
2012-06-25,15.7,20.0,84,20.80,143,2.01,16.0,13.2,9.1,59
2012-06-26,12.7,14.3,95,11.20,339,1.03,16.0,22.7,16.2,87
2012-06-27,14.0,17.5,94,5.90,336,1.80,17.0,21.6,17.9,81
2012-06-28,16.5,22.3,79,0.90,316,3.70,6.0,14.2,10.9,51
2012-06-29,19.3,25.0,75,3.80,218,3.76,6.0,14.8,10.5,50
2012-06-30,19.8,24.8,71,10.00,262,4.10,8.0,15.6,8.9,50
2012-07-01,16.6,20.5,75,0.20,306,3.17,2.0,14.7,10.7,54
2012-07-02,17.2,21.7,75,0.60,316,3.69,3.0,11.9,9.6,58
2012-07-03,17.5,24.3,64,0.00,313,4.68,0.0,13.7,9.3,38
2012-07-04,18.4,23.5,84,18.90,198,2.72,16.0,15.1,11.8,68
2012-07-05,17.9,21.5,76,0.20,341,3.14,2.0,16.9,12.8,63
2012-07-06,19.7,25.1,79,0.30,196,3.88,2.0,15.8,7.8,61
2012-07-07,21.2,23.8,70,0.00,314,4.67,0.0,18.3,12.6,47
2012-07-08,16.5,19.7,61,0.00,317,3.94,0.0,22.3,17.5,45
2012-07-09,15.5,20.0,56,0.00,309,4.58,0.0,17.7,14.2,36
2012-07-10,16.3,20.9,58,0.00,297,5.07,0.0,14.6,11.4,33
2012-07-11,17.2,24.2,59,0.00,255,5.16,0.0,13.8,8.5,32
2012-07-12,20.8,28.3,53,0.10,230,6.28,1.0,16.1,13.2,36
2012-07-13,23.2,28.6,58,0.00,241,5.49,0.0,13.4,9.6,42
2012-07-14,24.8,31.5,59,0.10,238,5.72,1.0,11.5,6.9,37
2012-07-15,23.4,29.5,66,3.10,213,4.63,3.0,13.2,6.2,44
2012-07-16,20.9,24.7,80,0.70,11,4.01,2.0,10.1,7.1,46
2012-07-17,19.1,22.3,85,12.60,42,2.14,13.0,13.0,4.5,68
2012-07-18,17.0,19.2,70,0.00,312,4.04,0.0,19.3,14.5,47
2012-07-19,14.3,17.7,63,0.00,328,3.69,0.0,15.7,10.9,47
2012-07-20,15.0,20.2,65,0.00,343,3.83,0.0,11.0,9.4,46
2012-07-21,17.5,23.0,67,1.30,235,3.93,2.0,12.6,6.9,38
2012-07-22,19.7,25.7,70,0.20,225,3.99,1.0,14.2,9.7,48
2012-07-23,21.9,28.0,70,0.00,187,4.94,0.0,16.6,10.1,42
2012-07-24,18.8,23.9,78,9.10,313,3.74,8.0,20.8,13.8,48
2012-07-25,17.1,21.9,61,0.00,321,4.17,0.0,16.9,13.2,42
2012-07-26,18.2,22.6,69,0.10,206,3.11,1.0,10.1,6.4,51
2012-07-27,17.8,22.3,65,0.00,357,4.93,0.0,15.1,10.4,40
2012-07-28,17.6,23.8,60,0.00,17,5.00,0.0,12.7,7.7,36
2012-07-29,19.3,25.5,64,0.00,41,4.99,0.0,8.5,4.5,35
2012-07-30,21.2,27.1,64,0.00,188,5.11,0.0,14.0,8.7,36
2012-07-31,21.7,27.4,65,0.20,185,5.14,1.0,16.7,12.3,43
2012-08-01,20.1,23.6,81,8.70,168,2.62,8.0,12.5,9.2,64
2012-08-02,21.0,27.2,78,0.50,221,4.61,1.0,12.6,6.7,44
2012-08-03,20.8,23.4,68,0.00,283,3.89,0.0,13.0,10.8,51
2012-08-04,19.9,26.7,68,0.00,102,4.91,0.0,12.9,7.5,45
2012-08-05,22.2,26.5,80,8.70,172,2.82,4.0,26.6,17.8,63
2012-08-06,17.6,20.6,77,6.20,279,2.65,5.0,16.4,13.2,47
2012-08-07,18.1,23.8,71,0.10,205,3.74,1.0,15.5,9.4,47
2012-08-08,18.6,22.9,78,0.80,278,3.52,3.0,6.4,4.9,54
2012-08-09,17.3,20.5,79,1.20,8,2.38,5.0,12.1,10.2,56
2012-08-10,14.8,18.1,92,28.40,39,0.89,22.0,12.7,11.3,65
2012-08-11,15.9,19.5,94,8.30,93,1.28,15.0,16.2,11.5,84
2012-08-12,18.2,22.7,92,7.80,139,2.52,16.0,15.0,10.2,71
2012-08-13,18.8,23.0,87,0.60,203,2.97,5.0,8.6,6.6,69
2012-08-14,19.2,22.9,79,0.20,241,3.25,1.0,10.4,5.2,53
2012-08-15,17.8,20.7,93,17.90,166,2.14,16.0,5.9,3.1,81
2012-08-16,18.3,22.6,89,1.30,100,3.08,4.0,6.2,3.5,65
2012-08-17,17.6,20.8,91,3.20,156,1.77,6.0,19.2,12.1,70
2012-08-18,15.6,17.9,75,0.10,264,2.85,1.0,13.3,8.9,51
2012-08-19,15.4,20.6,71,0.80,197,3.44,3.0,12.8,8.9,53
2012-08-20,16.3,20.6,74,0.00,207,3.37,0.0,13.2,8.6,51
2012-08-21,15.1,18.0,70,0.00,279,2.42,0.0,13.4,7.3,52
2012-08-22,16.3,21.6,74,0.10,210,3.13,1.0,13.2,7.0,47
2012-08-23,17.3,21.5,75,2.40,252,3.08,9.0,13.9,11.1,50
2012-08-24,16.6,22.6,69,0.00,346,3.93,0.0,11.5,6.5,44
2012-08-25,19.6,25.5,67,0.00,162,4.30,0.0,14.4,9.1,46
2012-08-26,21.6,27.9,69,0.00,205,4.43,0.0,13.4,10.1,42
2012-08-27,19.7,24.7,81,7.50,196,2.40,6.0,14.7,10.9,61
2012-08-28,16.1,18.1,80,4.90,322,2.54,6.0,20.6,14.9,46
2012-08-29,15.1,20.3,57,0.00,298,3.82,0.0,22.5,15.5,46
2012-08-30,18.1,24.5,65,0.50,251,3.82,2.0,19.4,13.8,51
2012-08-31,21.3,25.0,65,2.30,264,3.88,7.0,20.6,16.6,39
2012-09-01,16.1,19.8,60,0.00,1,4.10,0.0,14.0,10.4,39
2012-09-02,15.3,19.7,68,0.00,57,2.62,0.0,7.5,3.9,42
2012-09-03,16.2,22.0,67,0.00,161,3.62,0.0,11.4,7.0,44
2012-09-04,17.1,22.2,76,0.50,161,2.24,3.0,12.6,9.5,65
2012-09-05,17.7,22.9,87,3.10,22,2.52,10.0,10.1,6.7,62
2012-09-06,17.8,22.3,85,5.70,152,2.57,3.0,15.4,9.9,60
2012-09-07,16.9,21.1,81,0.10,239,2.74,1.0,13.4,8.2,49
2012-09-08,16.2,20.6,91,26.30,152,0.89,18.0,27.3,14.5,67
2012-09-09,12.8,16.6,75,4.30,257,1.55,3.0,23.1,13.6,62
2012-09-10,11.2,13.2,67,0.00,328,2.07,0.0,17.9,13.1,48
2012-09-11,11.8,18.7,66,0.00,276,3.29,0.0,11.2,8.6,44
2012-09-12,15.0,22.1,77,0.00,186,3.30,0.0,17.5,11.4,58
2012-09-13,17.9,23.9,74,0.00,194,3.41,0.0,13.9,11.0,56
2012-09-14,17.6,22.2,83,3.00,187,2.21,6.0,12.6,8.1,65
2012-09-15,12.2,16.8,82,15.80,316,1.89,12.0,20.9,14.4,52
2012-09-16,9.9,14.6,55,0.00,297,3.16,0.0,16.8,13.5,41
2012-09-17,11.8,18.7,76,0.00,193,2.31,0.0,13.7,9.2,63
2012-09-18,13.6,17.2,90,15.80,147,1.25,6.0,27.5,16.1,65
2012-09-19,11.3,15.8,74,11.80,244,2.07,8.0,27.9,18.1,40
2012-09-20,8.1,13.0,67,0.00,146,2.54,0.0,17.2,10.4,44
2012-09-21,10.5,15.9,77,1.10,147,1.74,4.0,19.1,13.2,68
2012-09-22,13.0,18.1,90,13.10,146,1.55,15.0,22.9,13.1,57
2012-09-23,10.2,12.9,78,1.00,227,1.94,3.0,18.3,14.0,50
2012-09-24,7.2,11.2,75,0.10,212,1.85,1.0,18.7,11.2,49
2012-09-25,9.9,15.2,71,1.00,206,2.13,5.0,19.0,16.0,50
2012-09-26,10.5,14.7,86,4.20,195,1.18,8.0,18.1,12.5,73
2012-09-27,7.2,10.4,71,0.00,326,1.83,0.0,15.5,9.9,51
2012-09-28,7.3,12.6,73,0.00,151,2.19,0.0,10.6,5.6,48
2012-09-29,7.5,9.6,87,3.60,50,0.52,10.0,10.6,6.1,75
2012-09-30,8.8,13.3,97,12.20,15,0.58,20.0,16.4,11.1,80
2012-10-01,9.8,11.7,95,26.20,346,0.65,14.0,18.4,11.5,83
2012-10-02,11.7,17.8,80,0.00,249,1.69,0.0,11.2,7.8,56
2012-10-03,11.8,18.1,80,0.00,28,2.25,0.0,10.7,7.4,52
2012-10-04,11.2,12.9,75,0.50,124,0.94,2.0,11.4,9.4,64
2012-10-05,12.5,15.6,93,4.70,188,1.00,6.0,17.2,11.1,79
2012-10-06,9.5,12.3,87,9.90,221,0.86,10.0,11.6,9.0,64
2012-10-07,5.3,7.5,73,0.50,277,0.85,2.0,12.4,8.2,55
2012-10-08,4.4,8.9,67,0.00,260,1.67,0.0,12.5,8.1,36
2012-10-09,5.1,10.6,71,0.00,160,1.61,0.0,18.1,11.8,53
2012-10-10,6.8,9.1,88,6.40,158,0.49,6.0,22.3,15.9,74
2012-10-11,3.9,7.1,70,1.10,281,1.54,2.0,25.3,16.0,34
2012-10-12,2.2,3.9,68,3.50,299,1.51,7.0,22.1,17.4,40
2012-10-13,1.0,5.1,63,0.00,274,1.33,0.0,12.7,10.5,45
2012-10-14,1.5,3.3,89,9.90,140,0.38,11.0,12.0,9.4,74
2012-10-15,7.2,13.6,95,18.20,146,0.57,16.0,18.4,15.9,75
2012-10-16,5.8,9.8,70,0.10,277,1.09,1.0,19.7,15.4,56
2012-10-17,3.1,9.2,68,0.00,284,1.61,0.0,14.5,7.3,47
2012-10-18,6.4,13.5,71,0.00,137,1.79,0.0,13.5,10.7,46
2012-10-19,7.4,10.2,87,11.40,123,0.67,8.0,20.5,13.8,72
2012-10-20,10.8,14.6,95,9.40,131,0.66,12.0,20.1,14.3,74
2012-10-21,6.6,9.5,93,4.40,225,0.49,11.0,20.5,14.2,84
2012-10-22,6.7,8.7,78,0.40,298,1.12,3.0,24.7,20.4,65
2012-10-23,5.1,7.8,63,0.00,329,1.65,0.0,18.4,14.1,48
2012-10-24,3.0,7.9,68,0.00,346,1.35,0.0,12.8,9.9,42
2012-10-25,3.8,10.6,63,0.00,118,1.51,0.0,13.2,9.1,36
2012-10-26,8.5,15.4,77,0.00,150,1.36,0.0,13.8,11.8,55
2012-10-27,9.8,12.6,93,2.00,24,0.63,5.0,11.9,7.0,77
2012-10-28,8.9,10.5,95,2.70,56,0.52,10.0,12.3,8.7,77
2012-10-29,8.4,11.8,89,2.30,57,0.52,7.0,16.6,10.5,78
2012-10-30,11.4,14.5,89,5.10,93,0.80,9.0,29.8,22.9,81
2012-10-31,12.9,15.2,96,10.40,114,0.63,16.0,23.0,18.4,86
2012-11-01,6.3,9.1,90,0.80,168,0.57,5.0,12.1,9.1,64
2012-11-02,4.8,6.2,96,3.60,156,0.43,19.0,8.9,5.6,82
2012-11-03,3.1,4.0,90,1.80,317,0.42,9.0,18.7,15.3,80
2012-11-04,1.3,3.0,63,0.00,327,1.27,0.0,19.9,17.3,49
2012-11-05,-1.8,-0.2,53,0.00,327,1.14,0.0,15.9,12.9,38
2012-11-06,-3.5,-0.7,56,0.00,296,0.87,0.0,12.5,8.5,40
2012-11-07,-2.8,1.4,61,0.00,23,0.92,0.0,11.2,7.0,38
2012-11-08,-2.7,2.7,71,0.00,359,0.90,0.0,14.1,11.4,52
2012-11-09,-1.4,3.9,79,0.00,318,0.77,0.0,12.8,11.3,52
2012-11-10,-1.7,0.2,58,0.00,316,1.12,0.0,19.7,13.0,42
2012-11-11,-2.6,-0.2,77,3.70,111,0.28,8.0,12.0,7.5,61
2012-11-12,2.4,9.9,91,0.00,156,0.80,0.0,18.0,12.8,73
2012-11-13,5.1,10.1,75,4.80,227,1.07,8.0,25.2,16.7,43
2012-11-14,-1.8,1.2,70,0.00,324,0.75,0.0,9.9,6.7,47
2012-11-15,-2.5,0.6,72,0.00,39,0.54,0.0,7.3,4.2,55
2012-11-16,-2.3,2.7,81,0.00,291,0.54,0.0,11.5,5.6,66
2012-11-17,-3.8,-0.3,57,0.00,336,0.84,0.0,12.9,7.8,35
2012-11-18,-3.2,2.5,61,0.00,145,0.76,0.0,7.3,3.6,33
2012-11-19,-2.0,3.8,60,0.00,192,0.77,0.0,6.3,3.5,32
2012-11-20,-1.7,4.6,68,0.00,251,0.66,0.0,7.6,3.6,41
2012-11-21,0.7,5.7,65,0.00,165,0.80,0.0,11.7,5.5,49
2012-11-22,0.2,6.0,80,0.00,178,0.73,0.0,14.5,10.2,63
2012-11-23,1.7,6.6,84,1.40,171,0.68,2.0,16.2,13.9,61
2012-11-24,0.8,4.3,84,1.30,227,0.59,8.0,17.0,13.0,47
2012-11-25,-4.9,-3.4,52,0.00,297,1.05,0.0,24.9,20.9,45
2012-11-26,-6.0,-3.8,46,0.00,302,1.00,0.0,17.1,13.4,37
2012-11-27,-7.2,-3.0,56,0.00,282,0.58,0.0,7.7,4.8,38
2012-11-28,-6.0,-1.9,71,0.50,164,0.54,3.0,17.3,10.3,53
2012-11-29,-8.3,-3.4,59,2.20,291,0.49,8.0,19.3,10.9,47
2012-11-30,-15.0,-11.8,54,0.00,329,0.50,0.0,17.0,11.7,39
2012-12-01,-13.9,-7.4,59,0.00,61,0.49,0.0,10.5,7.7,32
2012-12-02,-3.2,1.4,88,13.40,160,0.18,19.0,19.8,14.9,50
2012-12-03,-0.2,1.0,90,7.30,309,0.35,8.0,17.0,10.0,72
2012-12-04,0.0,5.1,95,0.70,158,0.14,4.0,18.2,14.1,89
2012-12-05,0.9,5.5,81,5.90,282,0.62,12.0,22.2,15.5,42
2012-12-06,-6.8,-3.8,50,0.00,327,0.87,0.0,23.0,12.6,37
2012-12-07,-4.1,0.4,53,0.00,160,0.78,0.0,11.9,10.4,41
2012-12-08,-1.9,-0.4,85,6.30,116,0.22,11.0,7.2,4.1,71
2012-12-09,-6.1,-1.7,77,3.30,326,0.43,5.0,17.1,12.3,57
2012-12-10,-7.6,-1.7,82,12.10,113,0.24,18.0,24.2,14.9,71
2012-12-11,-8.9,0.1,76,0.10,308,0.37,1.0,18.4,12.6,62
2012-12-12,-15.2,-8.0,80,0.00,237,0.27,0.0,10.0,6.8,67
2012-12-13,-8.6,-4.6,88,0.20,211,0.29,2.0,14.9,8.9,71
2012-12-14,-2.9,0.7,84,0.40,241,0.39,3.0,17.9,13.4,71
2012-12-15,-15.2,-8.6,75,0.00,349,0.31,0.0,18.0,14.0,57
2012-12-16,-16.5,-9.7,69,0.10,76,0.34,1.0,15.0,10.5,52
2012-12-17,-8.3,-5.9,73,6.20,121,0.43,19.0,20.4,17.7,61
2012-12-18,-2.4,-0.6,90,21.10,110,0.18,24.0,18.5,16.4,88
2012-12-19,-0.6,0.4,89,3.60,78,0.24,12.0,18.2,9.1,84
2012-12-20,-2.1,-1.3,94,0.30,174,0.21,3.0,10.0,4.7,84
2012-12-21,-3.2,-0.3,90,19.10,111,0.21,16.0,25.9,18.8,85
2012-12-22,-1.0,1.3,90,10.60,131,0.30,21.0,27.5,15.8,77
2012-12-23,-12.5,-6.6,71,0.30,293,0.37,3.0,21.6,14.1,61
2012-12-24,-15.8,-12.2,74,0.00,282,0.25,0.0,10.8,8.7,58
2012-12-25,-17.7,-13.2,77,0.00,330,0.22,0.0,13.4,11.0,61
2012-12-26,-16.7,-12.8,78,0.00,341,0.26,0.0,14.3,12.0,63
2012-12-27,-11.5,-6.5,83,10.10,5,0.19,11.0,13.4,11.2,79
2012-12-28,-9.4,-7.4,80,2.20,338,0.35,6.0,17.4,14.3,66
2012-12-29,-13.3,-11.5,81,0.00,335,0.25,0.0,12.8,8.7,67
2012-12-30,-14.8,-13.1,73,0.20,333,0.29,2.0,23.2,17.0,58
2012-12-31,-16.2,-11.1,77,0.00,305,0.31,0.0,20.7,11.3,67
2013-01-01,-13.3,-7.6,73,0.50,293,0.33,3.0,21.4,15.8,55
2013-01-02,-21.7,-19.2,71,0.00,319,0.20,0.0,18.1,13.3,52
2013-01-03,-22.7,-18.8,73,0.00,317,0.18,0.0,16.9,9.8,63
2013-01-04,-13.9,-4.5,79,1.60,195,0.31,10.0,16.1,10.8,68
2013-01-05,-11.1,-4.5,69,1.40,296,0.42,5.0,26.4,15.4,52
2013-01-06,-16.2,-11.4,76,2.70,33,0.21,11.0,14.1,7.0,69
2013-01-07,-20.3,-14.1,68,0.00,351,0.27,0.0,16.2,11.7,38
2013-01-08,-9.7,0.1,80,0.00,194,0.41,0.0,16.9,13.5,68
2013-01-09,-4.0,-2.3,91,2.70,180,0.24,4.0,17.0,11.7,82
2013-01-10,-1.6,0.4,74,0.80,302,0.73,2.0,23.7,19.0,61
2013-01-11,-8.4,-3.8,82,0.70,129,0.32,2.0,15.8,8.7,69
2013-01-12,-0.6,1.6,90,0.50,162,0.27,4.0,16.4,14.0,76
2013-01-13,1.5,2.5,99,3.50,163,0.15,7.0,14.7,10.3,97
2013-01-14,1.1,3.6,84,4.80,249,0.58,5.0,22.4,13.8,53
2013-01-15,-10.4,-6.2,76,0.00,286,0.43,0.0,13.0,8.6,58
2013-01-16,-9.9,-4.1,82,0.00,196,0.39,0.0,18.4,10.8,68
2013-01-17,-12.3,-3.1,71,0.60,284,0.30,2.0,23.8,16.0,48
2013-01-18,-25.8,-18.5,64,0.00,264,0.22,0.0,13.3,8.3,49
2013-01-19,-14.4,-7.8,80,5.50,171,0.25,18.0,11.9,7.8,72
2013-01-20,-6.6,-0.1,80,13.30,189,0.46,18.0,28.3,19.8,59
2013-01-21,-22.3,-17.4,64,0.00,285,0.28,0.0,21.3,11.8,52
2013-01-22,-25.4,-22.0,66,0.00,342,0.19,0.0,12.7,10.1,50
2013-01-23,-28.7,-24.2,63,0.00,309,0.17,0.0,15.3,13.8,47
2013-01-24,-25.9,-22.6,61,0.00,307,0.22,0.0,22.5,17.2,53
2013-01-25,-23.8,-18.5,66,0.00,311,0.27,0.0,19.1,12.5,51
2013-01-26,-20.9,-15.7,67,0.00,316,0.29,0.0,14.5,11.0,49
2013-01-27,-19.9,-15.1,66,0.00,321,0.35,0.0,18.2,14.8,46
2013-01-28,-18.6,-11.7,69,0.00,224,0.29,0.0,8.2,6.0,54
2013-01-29,-11.3,-4.1,68,0.00,34,0.51,0.0,13.0,6.6,53
2013-01-30,-0.0,5.9,89,11.10,164,0.35,16.0,22.0,18.6,67
2013-01-31,1.8,5.4,89,19.60,217,0.45,19.0,29.5,18.3,60
2013-02-01,-18.7,-13.5,61,0.00,292,0.41,0.0,23.8,16.8,52
2013-02-02,-22.3,-16.8,67,0.00,291,0.28,0.0,9.4,5.9,51
2013-02-03,-17.8,-10.4,67,0.00,140,0.40,0.0,11.2,5.3,54
2013-02-04,-15.0,-10.5,72,0.10,290,0.41,1.0,20.3,9.1,55
2013-02-05,-21.1,-15.0,63,0.00,273,0.41,0.0,17.2,11.0,48
2013-02-06,-15.9,-12.1,66,0.20,243,0.46,2.0,18.0,12.0,49
2013-02-07,-24.7,-19.5,62,0.00,325,0.30,0.0,15.1,10.9,41
2013-02-08,-20.2,-11.9,60,1.40,52,0.34,11.0,12.6,8.5,55
2013-02-09,-15.5,-12.8,61,0.60,359,0.51,6.0,17.3,14.2,40
2013-02-10,-16.4,-6.8,63,0.00,329,0.62,0.0,14.6,10.0,43
2013-02-11,-11.1,-5.4,68,3.10,142,0.44,8.0,14.0,10.8,51
2013-02-12,-2.0,0.6,84,4.10,249,0.58,15.0,16.9,12.5,66
2013-02-13,-6.2,-3.3,77,0.00,290,0.64,0.0,11.0,7.6,63
2013-02-14,-6.6,-0.5,79,0.00,230,0.76,0.0,9.4,5.9,52
2013-02-15,-3.8,0.9,87,3.90,158,0.45,13.0,16.9,12.5,76
2013-02-16,-7.7,-0.9,74,0.10,248,0.66,1.0,16.9,10.1,55
2013-02-17,-16.8,-13.1,71,0.00,338,0.43,0.0,24.9,17.4,52
2013-02-18,-16.2,-10.1,64,0.00,317,0.65,0.0,26.8,23.7,52
2013-02-19,-11.8,-2.9,65,0.00,52,0.77,0.0,17.6,10.3,42
2013-02-20,-3.2,-1.4,84,8.60,9,0.53,24.0,17.1,11.3,62
2013-02-21,-2.6,1.1,79,1.90,345,0.79,9.0,23.3,16.7,57
2013-02-22,-5.6,-0.5,81,0.00,358,1.02,0.0,12.6,8.0,56
2013-02-23,-6.3,-3.1,84,2.20,121,0.42,6.0,16.4,12.7,78
2013-02-24,-2.3,-0.2,90,7.40,118,0.49,21.0,12.9,9.9,75
2013-02-25,-2.4,0.8,84,0.00,305,0.80,0.0,7.0,4.5,61
2013-02-26,-1.8,1.4,80,0.00,177,0.95,0.0,7.0,3.4,61
2013-02-27,-2.4,2.5,74,0.00,94,1.10,0.0,20.0,12.4,53
2013-02-28,-1.9,-0.3,81,12.40,95,0.56,18.0,15.7,13.0,70
2013-03-01,-2.5,-0.7,83,4.20,10,0.62,19.0,13.4,10.1,64
2013-03-02,-3.6,-0.9,79,0.20,346,0.85,2.0,17.4,14.3,63
2013-03-03,-2.3,-0.1,86,2.60,347,0.61,12.0,15.0,12.2,76
2013-03-04,-0.3,3.7,85,0.60,335,0.77,6.0,13.7,12.7,68
2013-03-05,0.7,4.3,80,0.00,19,1.15,0.0,13.8,11.1,55
2013-03-06,-1.4,1.2,80,0.00,84,0.84,0.0,14.1,9.4,62
2013-03-07,-3.3,0.6,74,0.00,90,1.08,0.0,11.2,8.6,49
2013-03-08,-3.1,2.7,75,0.00,354,1.27,0.0,11.1,8.7,52
2013-03-09,-2.9,5.2,76,0.00,300,1.65,0.0,8.6,4.8,37
2013-03-10,-1.2,4.1,74,0.00,154,1.01,0.0,16.9,11.5,56
2013-03-11,2.3,4.5,76,0.00,161,0.96,0.0,13.8,11.2,67
2013-03-12,2.7,4.1,88,9.30,155,0.47,14.0,17.1,14.5,74
2013-03-13,0.2,2.2,82,6.90,256,1.12,6.0,13.0,8.1,52
2013-03-14,-6.8,-2.6,73,0.00,312,0.79,0.0,17.6,12.4,52
2013-03-15,-11.7,-4.8,66,0.00,282,0.97,0.0,13.4,8.1,44
2013-03-16,-11.2,-7.7,67,0.00,325,0.97,0.0,16.6,12.8,45
2013-03-17,-14.4,-11.3,62,0.00,314,0.74,0.0,23.4,13.1,37
2013-03-18,-13.4,-5.2,58,0.00,309,1.19,0.0,10.1,6.8,30
2013-03-19,-9.1,-6.8,61,5.70,113,0.71,13.0,22.4,16.7,47
2013-03-20,-7.1,-4.0,76,7.10,49,0.76,24.0,16.9,8.7,54
2013-03-21,-5.6,-1.9,77,1.90,219,0.88,14.0,17.9,9.2,55
2013-03-22,-6.0,-0.2,77,0.70,181,1.30,6.0,10.8,7.2,46
2013-03-23,-3.2,0.9,69,0.40,313,1.30,3.0,29.4,20.7,53
2013-03-24,-0.9,3.0,70,0.00,331,1.43,0.0,18.7,15.1,49
2013-03-25,-1.0,4.3,71,0.10,14,1.63,1.0,13.2,10.3,45
2013-03-26,-1.1,3.9,74,0.20,350,1.66,2.0,16.1,12.1,50
2013-03-27,-0.2,4.0,82,0.40,338,1.19,3.0,13.1,10.1,65
2013-03-28,2.0,7.3,80,0.30,324,1.90,2.0,10.9,7.2,50
2013-03-29,1.3,4.9,75,0.00,318,1.63,0.0,15.1,12.1,44
2013-03-30,-0.9,4.3,64,0.00,319,2.11,0.0,11.8,9.6,36
2013-03-31,0.2,7.5,61,0.00,177,2.03,0.0,19.9,12.0,40
2013-04-01,1.7,5.1,88,13.10,177,0.85,21.0,19.8,16.2,51
2013-04-02,-7.7,-2.4,56,0.60,275,1.15,5.0,28.3,21.0,39
2013-04-03,-7.5,-2.8,58,0.10,289,1.33,1.0,25.3,19.1,48
2013-04-04,-3.2,3.6,54,0.00,265,1.98,0.0,23.4,16.8,37
2013-04-05,-0.2,1.9,71,1.60,287,1.64,7.0,20.4,13.5,43
2013-04-06,-7.3,-2.5,50,0.00,316,1.82,0.0,22.7,17.6,35
2013-04-07,-2.7,3.6,61,4.10,154,1.17,10.0,20.4,13.9,46
2013-04-08,1.3,5.0,76,0.80,319,1.98,3.0,17.2,11.2,40
2013-04-09,1.7,6.6,74,3.50,65,1.53,8.0,11.8,7.4,60
2013-04-10,1.9,4.3,77,1.60,314,1.71,4.0,15.1,10.9,51
2013-04-11,-3.1,-0.3,53,0.00,344,2.12,0.0,19.8,15.8,35
2013-04-12,-4.1,-1.2,62,7.10,67,0.90,8.0,17.8,12.6,48
2013-04-13,-1.3,2.1,89,10.80,129,0.66,24.0,19.8,15.6,78
2013-04-14,1.7,5.6,81,5.40,227,1.81,15.0,11.7,8.5,53
2013-04-15,1.9,7.1,75,0.00,161,2.19,0.0,12.2,7.2,47
2013-04-16,4.1,7.2,85,7.20,174,0.62,9.0,20.9,16.8,67
2013-04-17,2.5,5.6,62,0.00,315,2.64,0.0,22.1,17.8,34
2013-04-18,-0.0,4.5,68,6.90,108,1.09,7.0,21.9,12.5,50
2013-04-19,9.6,15.4,85,3.40,176,1.44,11.0,24.8,19.3,73
2013-04-20,5.0,13.5,70,4.00,241,2.22,8.0,24.3,18.8,47
2013-04-21,-1.9,3.0,45,0.00,318,2.78,0.0,18.6,13.1,32
2013-04-22,1.0,7.6,49,0.00,164,2.91,0.0,17.2,10.1,35
2013-04-23,3.0,9.2,58,0.00,155,3.16,0.0,16.2,12.5,32
2013-04-24,6.2,14.7,75,0.30,153,2.62,1.0,17.9,14.9,50
2013-04-25,6.2,10.5,68,7.00,246,2.66,7.0,25.7,17.5,28
2013-04-26,3.4,10.3,54,0.00,132,2.84,0.0,11.3,8.5,33
2013-04-27,5.8,12.5,66,0.00,202,2.48,0.0,9.8,6.8,37
2013-04-28,8.2,16.3,64,0.00,173,3.57,0.0,11.4,7.8,38
2013-04-29,10.3,18.0,61,0.00,146,3.92,0.0,19.1,11.0,40
2013-04-30,11.7,16.1,73,0.00,172,2.49,0.0,15.0,10.3,58
2013-05-01,13.5,21.2,69,0.00,149,3.94,0.0,11.5,8.7,42
2013-05-02,15.1,21.0,65,0.30,140,3.43,1.0,12.5,6.5,45
2013-05-03,12.1,18.3,60,0.00,127,4.41,0.0,15.2,11.2,35
2013-05-04,13.8,21.3,58,0.00,137,4.71,0.0,9.4,7.5,31
2013-05-05,15.6,23.9,55,0.00,203,4.91,0.0,14.4,8.8,25
2013-05-06,17.0,24.7,49,0.00,213,5.52,0.0,16.3,11.5,23
2013-05-07,17.7,25.1,45,0.00,256,5.44,0.0,12.7,9.6,22
2013-05-08,18.1,25.6,45,0.00,128,5.98,0.0,14.8,11.5,21
2013-05-09,15.7,20.2,77,8.70,179,2.54,12.0,15.2,9.9,46
2013-05-10,10.5,14.6,64,0.00,356,3.80,0.0,18.2,14.8,38
2013-05-11,9.7,14.6,92,25.70,132,1.08,21.0,21.4,16.3,54
2013-05-12,8.9,11.8,77,3.60,209,2.11,9.0,18.1,11.5,48
2013-05-13,4.6,8.0,65,2.20,225,2.53,15.0,20.6,16.0,53
2013-05-14,5.3,11.4,53,0.00,294,3.38,0.0,14.3,9.9,25
2013-05-15,6.7,12.1,64,2.60,144,2.80,3.0,18.9,8.8,36
2013-05-16,7.3,10.7,90,8.20,271,1.56,20.0,17.6,11.7,66
2013-05-17,8.9,15.1,75,2.40,340,3.35,6.0,13.6,10.0,48
2013-05-18,10.5,17.2,72,0.50,329,3.94,2.0,9.0,4.6,39
2013-05-19,11.4,17.8,64,0.10,142,3.53,1.0,14.2,10.2,40
2013-05-20,13.3,18.7,79,8.30,298,3.04,10.0,18.5,12.0,45
2013-05-21,12.2,17.0,72,8.60,27,2.80,7.0,13.6,8.5,45
2013-05-22,10.1,13.2,93,6.30,120,0.77,15.0,13.4,10.7,70
2013-05-23,10.5,11.9,98,21.70,14,0.79,18.0,15.5,7.9,93
2013-05-24,5.3,9.0,87,5.30,355,0.85,12.0,22.6,18.3,73
2013-05-25,6.8,9.8,57,1.90,4,2.51,4.0,22.5,18.6,44
2013-05-26,4.7,7.4,84,19.10,358,1.32,18.0,25.5,21.2,59
2013-05-27,7.6,15.6,65,0.00,321,4.25,0.0,17.1,11.6,30
2013-05-28,11.9,19.3,57,0.00,241,4.97,0.0,12.2,7.4,34
2013-05-29,12.0,16.1,73,2.60,137,2.25,5.0,16.4,12.2,60
2013-05-30,16.4,23.5,82,2.00,261,3.17,5.0,13.2,10.1,50
2013-05-31,20.9,27.9,74,0.00,241,4.57,0.0,18.9,12.1,52
2013-06-01,20.6,23.8,78,1.00,211,2.96,5.0,12.9,10.3,65
2013-06-02,18.0,19.9,97,23.30,179,1.34,17.0,16.8,8.9,90
2013-06-03,14.0,17.6,71,0.80,252,3.86,1.0,16.4,13.4,42
2013-06-04,9.5,12.6,58,0.00,297,3.05,0.0,21.4,17.0,50
2013-06-05,10.1,16.3,55,0.00,322,4.60,0.0,16.1,12.3,34
2013-06-06,11.8,17.1,56,0.00,329,3.86,0.0,10.5,6.4,34
2013-06-07,10.9,13.8,86,8.50,118,1.40,17.0,13.6,8.9,65
2013-06-08,10.2,11.4,99,8.50,67,0.49,23.0,10.9,7.8,91
2013-06-09,11.7,16.3,90,3.40,35,1.93,14.0,14.3,7.8,59
2013-06-10,15.2,23.0,75,0.20,195,4.20,1.0,10.5,7.7,49
2013-06-11,14.4,18.2,90,9.60,126,1.04,12.0,10.8,6.6,79
2013-06-12,14.3,20.6,87,10.50,340,3.17,21.0,11.4,7.8,56
2013-06-13,14.9,21.5,83,0.70,241,4.11,2.0,9.2,4.5,46
2013-06-14,15.4,20.7,72,0.00,338,4.78,0.0,20.6,12.5,32
2013-06-15,14.4,19.0,54,0.00,299,4.86,0.0,24.9,15.9,36
2013-06-16,10.5,15.6,80,8.00,37,1.26,9.0,11.2,6.7,56
2013-06-17,11.0,15.7,86,5.00,273,2.72,10.0,18.9,9.4,60
2013-06-18,11.6,15.6,67,0.50,305,3.67,2.0,13.8,9.1,43
2013-06-19,11.7,17.2,61,0.00,333,4.05,0.0,13.5,10.3,40
2013-06-20,14.5,19.9,64,0.00,236,4.20,0.0,15.0,8.7,36
2013-06-21,16.4,22.0,64,0.00,290,4.66,0.0,13.3,10.3,39
2013-06-22,16.6,20.8,84,6.70,226,2.64,9.0,11.5,6.0,66
2013-06-23,17.0,21.5,88,0.00,198,1.86,0.0,9.2,5.2,68
2013-06-24,20.2,26.8,83,3.40,255,3.66,7.0,14.4,8.3,60
2013-06-25,22.5,27.5,74,0.00,249,4.77,0.0,15.0,11.4,38
2013-06-26,17.9,23.2,79,0.40,118,2.20,2.0,12.9,9.4,63
2013-06-27,16.2,19.4,85,1.90,35,2.71,9.0,11.6,7.6,68
2013-06-28,12.6,14.1,92,29.60,69,0.57,18.0,17.3,12.3,82
2013-06-29,13.9,18.0,92,4.10,126,1.76,13.0,19.0,13.3,76
2013-06-30,16.2,21.3,85,3.50,256,2.71,11.0,12.3,7.6,53
2013-07-01,16.1,19.9,67,0.00,345,4.73,0.0,14.5,11.3,40
2013-07-02,15.3,20.8,63,0.10,65,4.07,1.0,14.7,10.0,51
2013-07-03,17.5,22.8,80,0.10,234,2.94,1.0,9.2,5.7,65
2013-07-04,20.7,26.6,82,11.60,233,4.12,8.0,13.2,8.4,62
2013-07-05,22.0,27.2,76,0.00,248,4.88,0.0,15.8,11.9,45
2013-07-06,22.5,27.5,67,0.00,259,5.32,0.0,17.8,11.3,40
2013-07-07,20.3,23.3,71,0.10,302,3.08,1.0,13.5,11.3,61
2013-07-08,16.9,21.6,63,1.60,3,4.19,2.0,11.5,7.9,43
2013-07-09,18.6,24.1,78,0.80,142,3.52,3.0,8.2,5.1,58
2013-07-10,19.6,21.6,94,10.70,164,1.45,12.0,21.5,15.1,81
2013-07-11,17.6,20.2,77,1.80,293,3.56,3.0,19.5,15.4,50
2013-07-12,16.9,22.9,63,0.00,333,5.25,0.0,10.7,5.5,42
2013-07-13,19.5,26.1,68,0.00,201,5.54,0.0,10.9,6.3,39
2013-07-14,21.8,28.7,70,0.00,244,5.72,0.0,10.5,7.6,40
2013-07-15,23.3,29.2,65,0.00,292,5.23,0.0,13.5,9.5,43
2013-07-16,23.0,28.0,67,0.00,339,5.14,0.0,12.6,9.3,41
2013-07-17,24.2,31.8,74,8.00,243,4.78,5.0,14.2,10.3,44
2013-07-18,21.0,24.6,81,0.30,336,3.82,1.0,10.2,5.1,51
2013-07-19,22.0,26.5,89,19.10,209,2.61,14.0,26.0,15.5,74
2013-07-20,20.6,23.5,78,1.50,269,3.80,6.0,23.1,13.8,57
2013-07-21,14.6,18.5,52,0.00,322,5.11,0.0,15.8,10.9,39
2013-07-22,16.9,22.0,68,0.00,167,4.83,0.0,10.0,5.1,41
2013-07-23,18.5,24.2,77,0.50,169,3.89,3.0,14.8,9.5,59
2013-07-24,14.8,20.8,77,2.00,300,2.34,4.0,18.1,14.5,55
2013-07-25,14.1,20.3,63,0.00,335,4.77,0.0,13.8,7.7,41
2013-07-26,16.7,22.6,69,0.00,31,4.56,0.0,7.5,5.2,40
2013-07-27,17.9,23.9,77,0.00,187,4.39,0.0,11.2,5.3,45
2013-07-28,19.3,24.2,73,0.00,133,3.79,0.0,19.0,12.8,52
2013-07-29,18.7,21.6,82,14.70,193,3.74,11.0,14.6,8.5,55
2013-07-30,16.5,21.0,83,2.80,258,3.23,9.0,11.5,7.3,56
2013-07-31,17.9,23.7,75,0.00,276,3.93,0.0,10.5,6.6,49
2013-08-01,17.8,21.8,85,9.50,165,2.12,4.0,20.5,11.0,58
2013-08-02,17.1,21.4,88,4.00,240,3.12,7.0,11.6,6.5,59
2013-08-03,15.7,18.8,87,10.10,252,2.51,12.0,12.8,6.7,67
2013-08-04,14.7,17.3,80,5.40,303,2.77,8.0,18.9,12.6,63
2013-08-05,13.2,18.8,65,0.00,321,3.99,0.0,19.5,15.5,39
2013-08-06,16.3,21.6,69,0.00,238,3.94,0.0,10.7,6.8,42
2013-08-07,17.2,22.2,74,0.90,157,3.85,2.0,17.5,10.5,52
2013-08-08,18.1,22.6,89,20.60,177,2.72,18.0,16.5,10.0,68
2013-08-09,18.3,23.3,91,5.40,165,2.49,5.0,7.1,3.8,64
2013-08-10,15.7,18.7,71,0.00,275,2.92,0.0,23.1,15.9,48
2013-08-11,16.2,21.1,66,0.00,265,4.02,0.0,16.6,12.1,45
2013-08-12,16.7,20.9,73,0.80,261,3.44,2.0,11.2,8.1,59
2013-08-13,14.8,17.2,93,6.60,71,1.72,16.0,13.0,6.0,85
2013-08-14,12.3,15.1,91,15.00,334,1.38,17.0,22.5,13.2,60
2013-08-15,13.9,18.4,76,6.50,257,2.65,7.0,12.3,10.5,63
2013-08-16,13.9,17.9,86,1.40,279,2.74,6.0,10.7,6.5,60
2013-08-17,14.5,20.6,70,0.00,306,4.01,0.0,9.0,6.7,46
2013-08-18,17.6,24.5,69,0.00,221,4.46,0.0,15.9,11.0,40
2013-08-19,19.3,23.5,70,0.00,269,3.40,0.0,15.5,12.4,60
2013-08-20,20.3,25.3,75,0.00,239,3.76,0.0,11.5,8.4,53
2013-08-21,21.5,27.0,75,0.00,219,4.24,0.0,17.6,11.5,53
2013-08-22,20.2,22.8,81,5.90,240,1.79,5.0,14.8,10.6,71
2013-08-23,15.8,19.2,60,0.00,341,4.15,0.0,18.3,14.0,44
2013-08-24,15.2,21.3,66,0.00,301,4.02,0.0,11.2,7.0,43
2013-08-25,16.1,22.6,74,0.00,210,3.44,0.0,14.6,7.7,41
2013-08-26,17.7,23.0,88,9.70,224,2.05,16.0,13.8,10.8,70
2013-08-27,19.3,22.8,87,0.80,305,2.82,4.0,9.1,5.5,65
2013-08-28,19.0,22.9,89,2.60,29,2.32,6.0,10.2,4.9,64
2013-08-29,16.2,18.7,85,1.20,107,1.58,4.0,13.5,9.0,73
2013-08-30,16.4,21.7,89,13.70,167,1.54,10.0,10.1,6.6,74
2013-08-31,17.2,20.6,87,11.20,15,2.14,5.0,12.1,7.9,64
2013-09-01,17.2,22.2,72,0.00,7,3.45,0.0,12.2,8.1,48
2013-09-02,14.8,17.6,88,14.80,104,0.71,12.0,23.5,16.1,71
2013-09-03,14.6,18.7,92,6.50,146,1.73,14.0,17.4,13.1,67
2013-09-04,13.5,15.5,78,2.00,272,1.76,3.0,19.7,13.6,49
2013-09-05,9.5,12.0,60,0.00,304,2.60,0.0,19.2,12.3,38
2013-09-06,10.8,17.5,62,0.00,240,3.32,0.0,19.5,12.3,43
2013-09-07,14.5,18.5,78,2.50,228,1.63,7.0,15.4,11.8,67
2013-09-08,10.6,14.2,72,0.40,328,2.47,4.0,22.9,17.3,41
2013-09-09,10.6,18.4,64,0.00,237,3.31,0.0,18.6,12.0,42
2013-09-10,13.5,18.5,78,2.00,176,1.66,4.0,12.1,8.1,63
2013-09-11,18.3,23.6,88,1.60,224,2.21,6.0,17.4,12.5,62
2013-09-12,17.0,20.1,92,6.50,210,1.30,11.0,8.6,5.8,80
2013-09-13,12.0,15.7,85,3.60,340,1.27,7.0,21.3,16.4,66
2013-09-14,9.4,11.5,79,2.00,341,1.05,6.0,18.1,12.3,68
2013-09-15,11.2,16.0,78,0.00,219,1.55,0.0,15.5,11.2,63
2013-09-16,7.0,13.4,73,5.90,340,1.87,8.0,20.4,16.7,47
2013-09-17,8.7,15.6,63,0.00,286,3.02,0.0,13.8,10.5,39
2013-09-18,11.4,18.8,68,0.00,226,3.06,0.0,13.1,9.9,43
2013-09-19,13.2,19.7,75,0.00,242,2.34,0.0,9.7,6.6,55
2013-09-20,15.7,20.7,81,0.00,166,2.76,0.0,18.6,8.9,59
2013-09-21,15.0,16.6,82,1.90,169,1.36,6.0,19.9,16.6,75
2013-09-22,11.1,13.8,92,21.60,305,0.73,16.0,16.3,11.4,70
2013-09-23,6.8,9.0,71,0.10,327,1.54,1.0,22.7,17.7,57
2013-09-24,7.8,11.3,66,0.00,339,2.09,0.0,23.7,17.1,58
2013-09-25,9.0,13.8,77,0.00,352,1.86,0.0,13.1,9.8,61
2013-09-26,10.2,16.4,79,0.00,358,1.85,0.0,10.9,9.3,60
2013-09-27,11.8,17.9,80,0.00,346,2.13,0.0,10.7,5.1,52
2013-09-28,12.6,20.5,80,0.00,236,2.68,0.0,11.3,4.7,50
2013-09-29,13.2,19.2,80,0.00,182,2.61,0.0,14.8,9.8,51
2013-09-30,13.4,19.9,80,0.00,176,2.44,0.0,11.5,7.7,54
2013-10-01,14.3,20.0,80,0.00,188,1.92,0.0,11.1,7.4,57
2013-10-02,15.0,19.7,72,0.00,248,2.81,0.0,22.3,13.7,37
2013-10-03,13.0,16.7,60,0.00,296,2.58,0.0,16.7,11.9,39
2013-10-04,10.1,13.1,68,0.00,326,1.62,0.0,12.0,9.8,43
2013-10-05,9.4,13.0,61,0.00,353,2.16,0.0,12.3,8.9,43
2013-10-06,6.8,11.7,65,0.70,87,1.91,2.0,17.0,10.7,44
2013-10-07,11.1,18.3,96,13.00,155,0.64,10.0,27.4,20.1,74
2013-10-08,8.0,11.5,71,3.70,269,1.68,5.0,21.9,15.9,48
2013-10-09,8.5,15.0,72,0.00,202,2.12,0.0,15.5,9.2,48
2013-10-10,10.3,18.4,76,0.00,201,2.18,0.0,12.1,7.0,51
2013-10-11,11.6,19.9,82,0.00,337,1.97,0.0,7.6,4.7,53
2013-10-12,12.1,17.0,81,0.00,113,1.61,0.0,10.8,7.9,63
2013-10-13,10.3,14.8,87,0.00,142,1.31,0.0,13.0,10.9,67
2013-10-14,10.7,14.8,92,6.20,177,0.66,11.0,8.5,7.1,73
2013-10-15,9.6,13.7,76,0.00,13,1.71,0.0,10.1,7.4,50
2013-10-16,10.5,12.7,89,3.70,153,0.74,11.0,19.0,13.8,81
2013-10-17,11.6,14.3,84,11.10,209,1.25,11.0,13.8,11.7,61
2013-10-18,9.7,12.4,87,6.00,256,1.03,13.0,16.1,7.6,68
2013-10-19,7.9,10.9,74,0.90,239,1.26,2.0,16.5,11.7,60
2013-10-20,6.5,7.6,85,7.80,221,1.15,17.0,24.5,16.8,56
2013-10-21,3.9,7.0,72,2.60,250,1.17,3.0,16.6,10.2,54
2013-10-22,6.1,7.6,87,6.30,182,0.73,14.0,22.4,14.9,45
2013-10-23,2.5,4.9,69,0.20,236,1.03,2.0,11.1,9.5,48
2013-10-24,0.9,3.8,70,0.30,257,0.95,3.0,20.8,13.5,55
2013-10-25,1.8,4.1,65,0.10,293,1.25,1.0,18.3,15.1,46
2013-10-26,-0.2,1.5,85,5.90,174,0.40,11.0,23.8,12.8,64
2013-10-27,2.3,5.0,85,2.90,236,0.98,9.0,20.6,13.3,54
2013-10-28,0.0,3.1,68,4.50,296,1.10,6.0,23.2,13.0,31
2013-10-29,-2.3,0.7,60,0.00,292,1.03,0.0,12.7,7.3,44
2013-10-30,-1.4,3.2,68,0.00,232,0.92,0.0,12.3,7.9,44
2013-10-31,-0.6,2.9,88,6.10,168,0.30,7.0,15.5,11.1,69
2013-11-01,8.9,12.7,93,19.60,194,0.73,22.0,31.4,22.5,67
2013-11-02,2.4,6.4,64,0.00,312,1.10,0.0,28.4,14.6,46
2013-11-03,-2.3,0.5,49,0.00,342,1.44,0.0,20.6,16.0,34
2013-11-04,-2.9,0.9,56,0.00,345,1.12,0.0,14.2,9.1,40
2013-11-05,-1.6,2.7,61,0.00,159,1.02,0.0,15.5,11.2,46
2013-11-06,2.6,7.8,83,1.00,167,0.80,3.0,19.8,12.6,66
2013-11-07,5.1,9.0,83,5.70,240,0.67,12.0,22.1,19.0,52
2013-11-08,-0.2,1.7,58,0.00,288,1.15,0.0,22.8,14.7,46
2013-11-09,-1.0,1.1,55,0.00,307,1.22,0.0,20.6,13.4,42
2013-11-10,-1.7,-0.4,81,4.20,114,0.38,12.0,14.1,9.3,62
2013-11-11,-1.2,1.8,77,0.80,259,0.77,3.0,17.7,11.9,49
2013-11-12,-5.4,-1.6,61,2.10,287,0.87,4.0,27.7,19.5,48
2013-11-13,-7.2,-3.7,61,0.00,284,0.87,0.0,22.0,15.9,46
2013-11-14,-1.1,2.6,71,0.10,211,0.76,1.0,15.7,13.7,67
2013-11-15,0.9,5.4,81,0.00,198,0.54,0.0,13.8,11.1,66
2013-11-16,1.8,6.4,85,0.00,165,0.63,0.0,10.3,7.6,63
2013-11-17,1.1,4.6,86,2.90,140,0.42,6.0,18.5,13.5,68
2013-11-18,6.4,8.4,89,16.40,174,0.65,11.0,25.5,22.4,60
2013-11-19,-1.2,3.1,54,0.10,283,1.35,1.0,31.9,24.4,44
2013-11-20,-3.9,-1.4,54,0.00,328,1.04,0.0,22.4,13.7,42
2013-11-21,-3.9,0.7,63,0.00,165,0.69,0.0,10.1,7.4,39
2013-11-22,-2.0,0.3,78,1.00,170,0.32,7.0,9.2,5.5,69
2013-11-23,-5.0,-1.3,71,6.90,299,0.67,7.0,25.2,18.1,49
2013-11-24,-11.2,-10.0,56,0.00,311,0.72,0.0,36.9,27.3,49
2013-11-25,-12.7,-8.0,61,0.00,290,0.61,0.0,26.8,16.2,45
2013-11-26,-4.7,0.1,82,1.70,184,0.45,7.0,15.5,13.1,69
2013-11-27,-2.6,-0.4,93,25.20,71,0.17,19.0,15.6,11.8,86
2013-11-28,-9.3,-3.1,69,1.90,300,0.54,5.0,30.0,20.9,50
2013-11-29,-13.8,-9.1,77,0.00,300,0.33,0.0,14.0,10.8,60
2013-11-30,-16.6,-12.4,81,0.00,224,0.17,0.0,10.8,7.7,72
2013-12-01,-8.8,-4.6,84,2.50,126,0.29,10.0,10.7,6.5,79
2013-12-02,-5.0,-2.7,88,0.40,99,0.23,4.0,11.8,8.7,83
2013-12-03,-2.5,0.0,92,1.80,98,0.31,9.0,7.4,3.4,80
2013-12-04,-4.3,-2.3,88,0.00,334,0.37,0.0,13.1,10.2,73
2013-12-05,-4.1,3.5,89,3.10,132,0.23,9.0,21.7,14.3,79
2013-12-06,-0.9,4.3,76,1.00,240,0.51,4.0,17.2,13.1,55
2013-12-07,-9.6,-7.1,75,0.00,264,0.37,0.0,17.1,11.6,56
2013-12-08,-14.0,-9.2,76,0.00,264,0.30,0.0,10.8,9.2,57
2013-12-09,-13.4,-8.2,81,6.60,125,0.17,10.0,23.5,12.4,71
2013-12-10,-6.9,-2.6,72,1.10,245,0.49,3.0,20.0,14.3,48
2013-12-11,-15.2,-10.7,75,0.00,262,0.29,0.0,18.4,11.3,55
2013-12-12,-21.9,-16.6,71,0.00,268,0.19,0.0,12.9,9.8,57
2013-12-13,-18.7,-16.5,72,0.10,304,0.20,1.0,17.9,11.8,50
2013-12-14,-27.0,-23.1,69,0.00,333,0.15,0.0,12.1,8.5,55
2013-12-15,-17.7,-14.2,73,11.20,105,0.20,20.0,18.2,11.5,63
2013-12-16,-17.1,-15.0,76,1.10,277,0.21,5.0,14.4,9.0,58
2013-12-17,-23.4,-19.6,74,0.00,301,0.14,0.0,11.9,7.0,64
2013-12-18,-16.4,-12.3,79,0.00,152,0.22,0.0,9.2,5.5,72
2013-12-19,-12.6,-8.8,82,0.80,237,0.20,5.0,12.3,6.9,75
2013-12-20,-12.9,-9.8,81,2.90,350,0.17,8.0,11.3,9.3,71
2013-12-21,-12.4,-9.8,79,4.70,349,0.19,21.0,13.6,9.4,72
2013-12-22,-12.5,-10.3,77,15.80,16,0.22,17.0,15.7,13.2,72
2013-12-23,-9.5,-6.1,83,2.60,68,0.25,9.0,12.7,4.3,72
2013-12-24,-16.7,-10.7,78,0.00,324,0.19,0.0,11.0,9.7,63
2013-12-25,-20.2,-17.5,75,0.00,321,0.21,0.0,14.1,9.8,54
2013-12-26,-16.5,-11.4,80,0.90,146,0.18,6.0,9.7,8.0,74
2013-12-27,-13.7,-8.7,81,0.00,255,0.24,0.0,11.3,7.4,63
2013-12-28,-8.6,-2.0,81,1.50,220,0.32,4.0,14.1,10.4,70
2013-12-29,-11.1,-4.0,79,4.10,19,0.19,18.0,14.8,10.2,73
2013-12-30,-15.2,-9.8,73,1.00,292,0.23,6.0,19.7,13.3,55
2013-12-31,-23.9,-21.3,70,0.00,323,0.13,0.0,10.4,4.6,61
2014-01-01,-24.0,-21.2,69,0.40,290,0.16,3.0,14.4,9.9,50
2014-01-02,-31.0,-27.0,62,0.00,350,0.12,0.0,12.1,9.3,42
2014-01-03,-29.8,-26.4,62,0.00,342,0.14,0.0,16.0,12.0,47
2014-01-04,-26.6,-17.6,67,2.50,166,0.14,12.0,12.4,9.3,60
2014-01-05,-12.6,-7.3,81,1.10,160,0.22,6.0,9.7,7.9,68
2014-01-06,-2.8,4.5,85,20.60,152,0.39,17.0,26.7,20.6,68
2014-01-07,-18.2,-9.9,64,0.00,269,0.30,0.0,21.3,16.0,50
2014-01-08,-17.5,-13.1,65,0.00,249,0.38,0.0,19.3,15.9,55
2014-01-09,-16.5,-14.1,73,0.00,248,0.29,0.0,15.0,10.9,51
2014-01-10,-16.6,-10.1,79,0.00,174,0.28,0.0,10.8,9.6,66
2014-01-11,-5.3,2.0,92,13.40,143,0.13,12.0,18.4,12.1,86
2014-01-12,1.0,3.8,80,3.70,257,0.63,6.0,21.3,18.3,59
2014-01-13,-3.3,0.3,83,0.00,199,0.49,0.0,16.9,13.3,72
2014-01-14,1.0,3.1,89,5.20,182,0.39,14.0,15.9,11.1,80
2014-01-15,-3.0,-0.1,87,0.50,20,0.38,3.0,15.8,10.9,73
2014-01-16,-5.4,-1.6,82,0.00,206,0.43,0.0,14.9,7.1,63
2014-01-17,-7.6,-3.4,86,0.60,139,0.30,4.0,11.2,5.1,74
2014-01-18,-4.7,-1.7,85,0.00,193,0.44,0.0,10.9,8.9,65
2014-01-19,-7.3,-5.7,83,1.20,202,0.32,6.0,22.1,12.4,64
2014-01-20,-16.1,-7.8,66,0.60,297,0.35,2.0,18.4,13.9,51
2014-01-21,-26.3,-23.0,66,0.00,312,0.19,0.0,13.3,10.4,49
2014-01-22,-26.8,-21.5,68,0.00,344,0.21,0.0,15.8,14.1,53
2014-01-23,-23.7,-18.4,69,0.00,329,0.26,0.0,16.0,13.9,53
2014-01-24,-24.1,-19.8,69,0.00,272,0.24,0.0,16.7,12.1,53
2014-01-25,-14.0,-10.1,74,3.40,168,0.35,16.0,22.0,19.2,70
2014-01-26,-18.4,-10.3,66,0.30,261,0.27,2.0,21.2,15.0,44
2014-01-27,-17.7,-9.5,71,4.30,184,0.35,9.0,24.8,14.0,52
2014-01-28,-21.8,-16.1,66,0.00,234,0.30,0.0,18.9,13.2,51
2014-01-29,-16.7,-13.3,71,0.00,205,0.35,0.0,21.1,16.4,55
2014-01-30,-15.5,-9.4,74,0.00,200,0.39,0.0,20.2,13.0,65
2014-01-31,-7.0,-3.0,68,0.60,212,0.73,5.0,23.9,17.2,54
2014-02-01,-12.0,-6.3,77,0.40,238,0.48,1.0,9.4,7.0,54
2014-02-02,-6.1,-3.6,84,8.90,326,0.55,11.0,10.1,7.7,64
2014-02-03,-12.6,-6.5,74,0.00,327,0.49,0.0,13.2,7.8,54
2014-02-04,-15.7,-8.9,73,0.00,261,0.47,0.0,10.1,7.7,53
2014-02-05,-13.8,-11.9,73,0.00,342,0.35,0.0,15.5,9.4,57
2014-02-06,-18.8,-13.5,69,0.00,296,0.40,0.0,15.7,11.1,50
2014-02-07,-14.3,-8.9,72,0.00,213,0.49,0.0,17.6,13.2,51
2014-02-08,-13.1,-9.8,69,0.00,240,0.52,0.0,17.0,12.8,47
2014-02-09,-16.8,-11.4,69,0.00,306,0.51,0.0,9.3,6.0,49
2014-02-10,-16.1,-12.6,70,0.00,325,0.45,0.0,10.3,7.6,48
2014-02-11,-20.1,-16.9,68,0.00,319,0.35,0.0,14.0,11.2,46
2014-02-12,-20.2,-12.9,67,0.00,267,0.43,0.0,13.8,9.9,46
2014-02-13,-13.4,-7.0,69,0.00,156,0.67,0.0,12.4,9.0,53
2014-02-14,-9.1,-8.3,74,6.50,353,0.47,16.0,23.7,18.4,69
2014-02-15,-11.4,-8.6,74,0.20,344,0.48,2.0,15.9,7.9,57
2014-02-16,-13.0,-10.6,75,0.20,323,0.52,2.0,19.6,15.5,55
2014-02-17,-16.3,-12.1,60,0.00,326,0.64,0.0,20.3,16.7,42
2014-02-18,-16.4,-8.4,69,0.20,138,0.50,2.0,15.9,10.4,48
2014-02-19,-6.8,-1.9,86,1.80,152,0.47,7.0,16.7,11.8,69
2014-02-20,-3.3,-0.1,79,1.10,284,0.83,5.0,21.1,11.2,53
2014-02-21,-5.5,-1.5,84,12.10,110,0.33,9.0,25.1,15.3,71
2014-02-22,-0.9,1.7,73,1.20,209,1.12,2.0,29.1,20.1,45
2014-02-23,-5.2,-2.2,69,0.00,235,0.93,0.0,20.3,15.4,47
2014-02-24,-9.3,-6.2,71,0.70,276,0.62,7.0,16.1,10.5,44
2014-02-25,-15.1,-11.7,67,0.00,291,0.58,0.0,14.7,11.7,49
2014-02-26,-16.2,-11.8,73,1.10,212,0.41,7.0,15.3,8.6,56
2014-02-27,-17.4,-12.1,72,0.20,167,0.40,2.0,15.9,10.2,56
2014-02-28,-17.2,-14.7,62,0.00,299,0.56,0.0,18.5,13.2,37
2014-03-01,-17.4,-10.5,69,1.90,177,0.41,12.0,17.3,10.6,61
2014-03-02,-14.2,-10.1,66,1.10,316,0.67,6.0,18.2,10.7,36
2014-03-03,-19.9,-17.1,59,0.00,303,0.51,0.0,18.0,11.8,38
2014-03-04,-18.9,-12.7,62,0.00,273,0.62,0.0,10.6,8.4,44
2014-03-05,-19.8,-15.4,61,0.00,359,0.56,0.0,13.8,11.0,34
2014-03-06,-19.2,-10.0,62,0.00,321,0.81,0.0,13.0,9.2,36
2014-03-07,-13.3,-3.7,63,0.00,177,1.06,0.0,16.2,11.8,42
2014-03-08,-6.1,-4.6,71,1.30,313,0.98,5.0,20.9,12.6,49
2014-03-09,-12.3,-7.9,68,0.00,321,0.90,0.0,14.0,11.3,42
2014-03-10,-8.8,-3.0,77,0.80,181,0.86,6.0,14.1,7.4,58
2014-03-11,-2.8,1.3,80,3.50,253,1.01,9.0,18.1,11.6,53
2014-03-12,-7.9,-1.6,70,1.10,347,0.63,4.0,21.6,14.4,47
2014-03-13,-15.4,-11.7,58,2.40,348,0.76,10.0,24.4,21.7,36
2014-03-14,-15.9,-8.8,69,4.50,206,0.55,7.0,17.3,12.1,51
2014-03-15,-3.3,0.7,78,4.20,217,1.10,14.0,17.2,13.9,52
2014-03-16,-14.3,-6.5,59,0.00,303,0.77,0.0,23.9,19.9,41
2014-03-17,-17.5,-11.5,59,0.00,291,0.82,0.0,15.3,11.6,35
2014-03-18,-15.4,-6.1,60,0.00,322,1.07,0.0,9.2,6.3,28
2014-03-19,-10.0,-1.9,57,0.00,105,0.91,0.0,14.8,9.0,40
2014-03-20,-2.0,1.5,86,8.90,143,0.68,23.0,17.4,15.3,64
2014-03-21,-2.1,-0.2,70,1.40,296,1.21,6.0,22.4,17.6,40
2014-03-22,-7.9,-3.8,76,3.40,328,0.68,7.0,14.0,8.4,62
2014-03-23,-12.0,-5.8,60,0.00,305,0.88,0.0,22.5,16.5,40
2014-03-24,-15.9,-8.2,59,0.00,302,0.99,0.0,15.3,10.2,35
2014-03-25,-13.0,-5.5,64,0.00,212,0.98,0.0,20.0,10.9,39
2014-03-26,-9.1,-5.4,68,0.00,3,1.08,0.0,22.2,11.6,48
2014-03-27,-11.2,-3.6,59,0.00,293,1.33,0.0,20.4,12.9,42
2014-03-28,-4.5,1.2,87,7.80,157,0.53,18.0,17.9,12.1,72
2014-03-29,-1.8,0.7,69,1.40,343,1.52,3.0,18.5,13.5,44
2014-03-30,-4.0,-0.8,77,8.10,26,0.70,13.0,17.0,13.1,70
2014-03-31,-2.3,3.5,73,0.00,5,1.83,0.0,17.9,14.7,50
2014-04-01,-1.3,4.8,67,0.00,37,2.25,0.0,12.2,8.7,33
2014-04-02,-0.6,2.7,68,0.00,150,1.33,0.0,21.5,16.9,61
2014-04-03,-2.3,0.1,72,0.00,314,1.23,0.0,13.4,10.6,53
2014-04-04,-3.4,3.8,69,0.00,78,2.04,0.0,19.8,11.4,44
2014-04-05,0.9,3.6,80,13.50,168,1.20,23.0,24.6,21.0,57
2014-04-06,-0.2,5.3,63,0.20,284,2.33,2.0,20.7,16.9,39
2014-04-07,2.4,8.7,73,0.00,203,2.42,0.0,12.8,9.1,45
2014-04-08,1.4,3.5,87,24.60,124,0.59,17.0,20.4,13.4,69
2014-04-09,-1.7,1.9,65,0.00,313,1.77,0.0,21.0,18.6,37
2014-04-10,-2.2,8.8,68,0.00,193,1.98,0.0,27.4,15.4,51
2014-04-11,3.7,6.8,71,2.90,253,2.23,5.0,18.6,13.5,47
2014-04-12,0.6,5.9,66,0.50,265,2.22,3.0,20.8,11.2,38
2014-04-13,-1.0,1.2,73,11.40,98,0.72,11.0,20.8,12.4,57
2014-04-14,5.9,16.8,91,11.20,155,1.84,8.0,23.0,14.3,68
2014-04-15,6.8,12.2,98,24.90,230,0.37,24.0,20.8,13.6,89
2014-04-16,-7.2,-2.8,51,2.90,304,1.82,7.0,23.7,19.2,33
2014-04-17,-2.9,3.3,45,0.00,187,2.26,0.0,11.8,7.2,35
2014-04-18,0.4,5.5,60,0.10,152,1.87,1.0,15.9,12.3,49
2014-04-19,1.9,5.5,70,1.70,326,2.24,6.0,23.0,14.7,31
2014-04-20,0.5,7.1,54,0.00,300,2.50,0.0,12.7,8.1,38
2014-04-21,6.0,12.7,65,0.60,215,2.40,3.0,14.1,10.2,47
2014-04-22,3.4,7.0,91,19.00,21,0.41,16.0,12.2,7.8,71
2014-04-23,3.0,5.5,83,7.90,341,1.36,11.0,28.2,20.4,56
2014-04-24,2.2,6.3,61,0.00,332,2.43,0.0,28.6,22.4,46
2014-04-25,2.0,6.6,60,0.00,337,3.01,0.0,15.5,10.9,41
2014-04-26,1.8,4.2,78,9.10,75,0.77,17.0,15.5,11.6,53
2014-04-27,2.5,6.5,82,5.10,9,1.63,11.0,16.5,13.0,53
2014-04-28,3.4,7.9,71,0.00,14,1.90,0.0,14.1,12.7,58
2014-04-29,4.4,9.3,66,0.00,109,2.74,0.0,20.9,14.3,42
2014-04-30,4.8,9.3,67,0.10,129,1.70,1.0,19.5,16.3,55
2014-05-01,3.9,6.0,97,7.60,149,0.43,16.0,17.3,13.6,79
2014-05-02,6.4,10.7,83,5.60,234,1.96,13.0,15.6,12.9,62
2014-05-03,7.2,12.2,77,1.40,206,2.13,3.0,12.0,7.7,60
2014-05-04,6.0,11.6,92,13.30,108,1.97,16.0,9.8,7.2,72
2014-05-05,6.4,10.9,82,3.90,333,2.16,9.0,19.4,15.3,52
2014-05-06,4.5,9.6,67,0.00,333,2.37,0.0,19.1,15.6,48
2014-05-07,5.7,13.7,60,0.00,330,3.43,0.0,15.8,12.7,29
2014-05-08,6.6,13.2,53,0.00,3,3.95,0.0,13.6,11.3,29
2014-05-09,7.2,12.2,59,1.50,123,2.23,6.0,19.0,13.1,43
2014-05-10,12.9,19.9,84,11.70,191,2.79,12.0,20.5,15.8,46
2014-05-11,11.5,16.5,58,0.00,287,3.02,0.0,22.7,15.1,36
2014-05-12,6.8,10.1,71,0.00,350,2.67,0.0,16.3,11.4,49
2014-05-13,8.0,15.9,60,0.00,99,4.08,0.0,13.8,10.2,34
2014-05-14,10.5,15.4,86,8.70,144,1.30,12.0,16.3,13.1,53
2014-05-15,16.6,24.0,83,0.50,166,3.45,2.0,22.8,13.9,59
2014-05-16,17.8,20.8,83,7.00,163,2.06,9.0,24.8,18.9,63
2014-05-17,12.5,15.2,93,30.20,168,0.97,20.0,25.2,15.4,68
2014-05-18,10.2,15.3,72,2.20,264,3.58,5.0,6.8,4.9,44
2014-05-19,10.8,16.8,67,0.20,344,3.77,2.0,15.2,11.4,39
2014-05-20,11.9,18.4,58,0.00,357,4.43,0.0,14.8,11.1,34
2014-05-21,13.2,17.7,70,0.80,124,3.52,4.0,8.1,4.5,46
2014-05-22,13.4,18.2,77,1.60,100,3.51,4.0,10.5,8.5,59
2014-05-23,12.4,16.0,81,3.10,83,2.32,5.0,8.9,6.2,70
2014-05-24,12.0,17.6,83,3.30,147,3.09,8.0,7.6,4.0,55
2014-05-25,13.6,21.0,79,5.50,172,4.15,5.0,13.3,7.5,47
2014-05-26,16.6,23.0,78,4.50,277,3.84,9.0,15.4,12.3,38
2014-05-27,10.3,18.4,79,8.90,109,1.80,15.0,16.3,10.8,68
2014-05-28,10.3,17.1,73,1.20,89,3.65,4.0,14.7,10.9,38
2014-05-29,13.4,19.2,62,0.00,207,4.20,0.0,13.0,6.9,35
2014-05-30,13.4,17.2,74,1.40,342,3.63,8.0,19.9,12.9,47
2014-05-31,12.1,16.5,64,0.00,19,3.16,0.0,14.6,9.8,49
2014-06-01,14.6,21.4,69,0.00,184,4.67,0.0,15.6,10.1,42
2014-06-02,18.1,25.8,65,0.00,201,4.87,0.0,14.2,10.3,42
2014-06-03,19.6,24.8,83,7.70,160,3.61,6.0,20.8,13.8,66
2014-06-04,16.0,18.4,84,12.50,192,2.58,18.0,20.0,13.6,52
2014-06-05,13.1,15.8,84,2.90,235,2.11,15.0,5.5,3.5,74
2014-06-06,14.8,19.8,76,0.90,336,3.45,5.0,16.0,11.6,51
2014-06-07,17.8,24.7,66,0.00,318,5.01,0.0,12.7,10.8,38
2014-06-08,19.9,26.4,67,0.00,243,5.08,0.0,12.6,7.6,35
2014-06-09,18.4,22.0,64,0.00,341,5.32,0.0,16.7,12.7,35
2014-06-10,16.6,22.0,58,0.10,22,5.01,1.0,12.2,7.8,38
2014-06-11,17.5,22.5,74,0.00,155,4.08,0.0,9.8,6.3,40
2014-06-12,12.8,17.9,90,13.50,145,0.70,17.0,18.1,14.8,71
2014-06-13,12.8,14.4,100,17.00,132,0.41,18.0,23.5,18.5,99
2014-06-14,12.4,14.6,100,19.10,97,0.59,18.0,18.3,10.8,98
2014-06-15,12.9,19.6,69,0.60,345,4.65,2.0,18.0,16.1,34
2014-06-16,14.8,20.8,62,0.40,1,4.61,2.0,9.6,5.9,37
2014-06-17,17.1,24.2,75,2.90,182,3.70,5.0,12.9,7.5,49
2014-06-18,17.0,20.5,82,17.30,332,3.61,11.0,17.3,11.4,56
2014-06-19,14.9,18.5,54,0.00,330,5.06,0.0,23.2,17.7,33
2014-06-20,11.7,15.3,56,0.00,344,3.44,0.0,25.2,16.8,47
2014-06-21,11.9,15.2,68,0.00,333,2.79,0.0,12.6,10.7,54
2014-06-22,14.7,20.7,69,0.00,320,4.14,0.0,8.7,6.2,40
2014-06-23,17.4,22.6,70,0.00,207,4.24,0.0,13.5,7.7,42
2014-06-24,16.8,19.9,82,9.40,193,2.09,9.0,14.7,9.0,69
2014-06-25,16.8,21.1,84,7.20,5,2.88,7.0,15.6,9.8,57
2014-06-26,18.2,23.2,66,0.00,14,4.39,0.0,9.0,7.4,38
2014-06-27,19.0,25.9,64,0.00,339,5.50,0.0,7.3,5.0,29
2014-06-28,20.2,26.6,66,0.00,231,4.83,0.0,11.2,8.1,36
2014-06-29,20.8,25.4,70,0.00,196,4.75,0.0,13.1,8.4,50
2014-06-30,21.6,26.3,80,2.00,190,3.84,8.0,13.8,9.8,63
2014-07-01,22.8,27.9,80,2.20,195,4.67,6.0,24.4,14.6,60
2014-07-02,22.2,25.9,74,0.00,219,4.61,0.0,20.9,14.2,50
2014-07-03,18.4,22.7,76,0.20,306,2.85,2.0,13.9,9.1,58
2014-07-04,16.5,19.5,60,1.60,350,4.07,3.0,17.3,10.7,39
2014-07-05,16.7,24.3,48,0.00,331,5.87,0.0,27.7,17.2,29
2014-07-06,17.3,20.8,71,7.20,277,2.71,11.0,20.9,14.0,48
2014-07-07,16.6,19.6,97,16.50,195,1.40,19.0,19.3,11.2,90
2014-07-08,20.0,25.0,80,0.40,210,4.25,2.0,19.5,13.5,47
2014-07-09,18.3,21.2,82,14.10,215,3.22,14.0,21.7,16.9,60
2014-07-10,15.4,19.5,63,0.00,267,3.61,0.0,17.7,12.4,40
2014-07-11,16.6,21.4,67,0.00,262,3.95,0.0,11.0,7.5,42
2014-07-12,18.3,24.2,69,0.00,211,4.55,0.0,16.0,9.4,43
2014-07-13,18.4,20.9,85,7.40,175,1.94,9.0,23.2,13.6,72
2014-07-14,18.7,21.8,75,1.00,238,4.12,4.0,16.9,13.8,43
2014-07-15,17.3,22.2,74,2.60,211,3.01,3.0,9.2,5.7,48
2014-07-16,17.8,22.0,79,0.10,199,3.76,1.0,17.6,10.7,49
2014-07-17,15.5,18.4,72,0.40,253,2.92,3.0,14.0,9.0,55
2014-07-18,17.2,22.2,69,0.00,275,4.03,0.0,13.4,9.7,43
2014-07-19,19.4,24.6,69,0.00,207,4.84,0.0,12.3,7.1,45
2014-07-20,18.7,22.8,78,0.60,143,3.03,4.0,9.9,6.7,60
2014-07-21,19.7,24.1,78,0.00,161,3.71,0.0,12.2,7.8,58
2014-07-22,21.6,26.7,75,0.00,222,4.09,0.0,15.8,10.1,53
2014-07-23,20.5,23.4,72,1.10,258,3.69,3.0,18.1,14.1,51
2014-07-24,16.1,20.8,55,0.00,325,4.65,0.0,14.8,11.5,36
2014-07-25,17.8,22.8,68,0.80,251,4.32,2.0,14.9,10.0,52
2014-07-26,18.0,23.1,71,2.50,226,4.09,3.0,14.5,12.3,53
2014-07-27,16.4,20.0,96,16.70,185,1.17,16.0,15.9,10.3,83
2014-07-28,14.5,19.2,83,5.10,360,2.39,5.0,18.7,13.8,55
2014-07-29,13.5,17.9,77,7.20,325,3.04,8.0,19.1,14.9,49
2014-07-30,15.3,19.8,76,0.00,177,3.73,0.0,14.0,8.3,55
2014-07-31,15.4,19.9,85,8.90,167,2.82,9.0,11.0,8.5,64
2014-08-01,16.4,22.2,84,0.30,185,3.56,1.0,16.8,12.4,58
2014-08-02,18.4,23.7,83,8.10,177,3.86,7.0,9.6,5.2,58
2014-08-03,18.4,23.6,86,2.10,254,3.43,4.0,6.8,3.8,51
2014-08-04,19.0,23.8,79,0.00,282,3.58,0.0,8.4,4.6,47
2014-08-05,18.1,20.9,79,0.40,324,2.85,3.0,8.7,6.8,59
2014-08-06,16.4,20.3,66,0.20,334,3.63,1.0,13.0,9.7,42
2014-08-07,15.7,20.1,77,2.90,338,3.67,10.0,17.9,12.3,53
2014-08-08,17.3,22.6,67,0.00,336,4.21,0.0,15.1,12.1,46
2014-08-09,18.6,23.9,67,0.00,335,4.08,0.0,11.0,8.3,41
2014-08-10,19.9,26.3,75,0.30,296,4.23,1.0,7.7,5.7,43
2014-08-11,20.6,25.7,79,0.20,184,4.00,1.0,7.5,5.0,53
2014-08-12,20.2,24.0,78,0.60,146,3.55,2.0,18.0,11.6,55
2014-08-13,17.0,20.3,88,12.30,138,1.07,15.0,24.7,19.4,74
2014-08-14,14.0,15.6,93,20.50,153,1.45,22.0,21.9,14.7,72
2014-08-15,12.2,14.9,82,2.00,160,1.72,9.0,12.4,9.7,73
2014-08-16,12.7,15.4,94,7.50,192,1.28,18.0,14.8,10.9,84
2014-08-17,14.3,18.9,85,3.30,321,2.73,11.0,16.8,9.1,60
2014-08-18,13.4,16.4,73,0.00,329,2.27,0.0,19.0,13.8,60
2014-08-19,15.3,21.7,71,0.00,328,3.79,0.0,9.3,6.1,44
2014-08-20,17.1,23.3,76,0.00,130,3.70,0.0,8.4,5.2,50
2014-08-21,18.6,22.7,74,0.00,103,2.98,0.0,13.7,9.2,57
2014-08-22,18.0,21.3,78,1.60,108,3.01,7.0,13.1,9.8,63
2014-08-23,18.5,23.5,77,0.10,57,3.48,1.0,8.4,5.6,46
2014-08-24,19.8,26.6,70,0.00,330,3.99,0.0,7.6,5.8,39
2014-08-25,20.8,26.5,72,0.00,255,3.89,0.0,12.0,7.3,43
2014-08-26,20.7,26.4,73,0.00,210,4.03,0.0,19.0,12.7,51
2014-08-27,19.4,22.5,76,3.60,281,2.93,6.0,16.1,12.4,55
2014-08-28,14.7,17.2,75,0.50,316,2.12,3.0,16.7,12.3,56
2014-08-29,14.9,20.7,70,0.00,349,3.94,0.0,12.8,7.3,42
2014-08-30,16.1,22.3,78,1.70,183,2.84,3.0,16.7,12.4,54
2014-08-31,18.3,22.2,93,14.50,205,1.06,19.0,15.5,12.1,82
2014-09-01,18.6,22.1,93,3.30,126,1.96,13.0,11.5,5.4,75
2014-09-02,18.6,22.4,92,3.10,174,1.66,9.0,15.5,11.5,77
2014-09-03,18.0,21.9,78,0.70,279,3.15,3.0,14.3,11.4,44
2014-09-04,18.0,22.4,69,0.00,234,2.79,0.0,11.7,9.6,52
2014-09-05,20.2,25.4,77,0.40,195,2.93,1.0,20.2,12.0,63
2014-09-06,18.5,23.4,79,1.70,286,2.29,8.0,20.1,13.4,53
2014-09-07,13.2,17.1,61,0.00,295,3.33,0.0,19.5,12.2,38
2014-09-08,13.0,18.2,68,0.00,159,2.23,0.0,13.0,8.5,55
2014-09-09,15.1,19.9,77,0.00,161,3.04,0.0,14.8,11.4,52
2014-09-10,15.2,20.7,75,0.00,171,2.70,0.0,12.4,9.2,54
2014-09-11,14.5,17.2,89,10.20,175,0.98,14.0,24.3,19.1,67
2014-09-12,9.3,12.3,58,0.00,318,3.08,0.0,22.0,16.3,42
2014-09-13,7.3,10.9,74,9.50,86,1.31,8.0,18.4,10.7,53
2014-09-14,7.2,9.7,81,5.00,312,1.42,4.0,20.1,13.3,56
2014-09-15,8.7,12.8,75,0.90,200,1.66,4.0,16.8,7.6,56
2014-09-16,10.0,14.5,79,1.60,247,2.08,4.0,13.6,9.8,43
2014-09-17,8.1,10.4,77,1.90,289,1.02,6.0,12.0,7.3,64
2014-09-18,5.5,7.5,75,4.50,333,1.87,5.0,14.1,11.9,37
2014-09-19,4.1,9.5,58,0.00,305,2.52,0.0,13.4,8.7,33
2014-09-20,7.8,13.5,80,6.40,179,0.93,10.0,17.8,15.0,54
2014-09-21,14.5,16.9,97,15.60,186,0.60,21.0,20.8,16.8,90
2014-09-22,10.0,16.3,87,4.40,307,0.96,17.0,24.3,17.0,57
2014-09-23,8.4,14.3,68,0.60,286,2.06,4.0,17.4,12.0,49
2014-09-24,9.6,16.6,73,0.00,198,2.57,0.0,13.1,7.8,52
2014-09-25,13.7,21.2,80,0.00,225,2.70,0.0,11.2,7.8,50
2014-09-26,15.3,22.6,76,0.00,284,2.91,0.0,10.8,7.6,47
2014-09-27,16.7,23.3,74,0.00,301,2.91,0.0,13.0,10.3,47
2014-09-28,17.6,24.0,76,0.00,243,2.99,0.0,13.0,8.6,47
2014-09-29,11.8,18.2,86,6.60,27,0.69,13.0,15.9,11.5,73
2014-09-30,8.0,10.6,96,1.80,45,0.58,11.0,10.4,7.8,88
2014-10-01,9.3,12.3,83,0.00,8,0.93,0.0,10.5,6.9,74
2014-10-02,10.4,15.8,79,0.00,104,2.08,0.0,10.1,6.8,56
2014-10-03,10.7,16.1,73,0.00,125,2.10,0.0,17.2,11.6,60
2014-10-04,10.8,12.3,86,7.20,133,0.78,9.0,20.0,17.4,62
2014-10-05,9.8,11.9,81,8.00,219,1.68,13.0,16.6,12.1,39
2014-10-06,7.7,12.2,73,0.00,177,1.87,0.0,22.3,13.7,47
2014-10-07,9.8,12.7,85,13.10,156,0.86,12.0,18.4,15.8,62
2014-10-08,10.4,13.3,93,11.20,166,0.88,11.0,23.8,14.7,68
2014-10-09,5.8,8.3,70,2.80,243,1.57,8.0,20.6,16.8,50
2014-10-10,6.1,8.5,67,0.00,265,1.31,0.0,18.2,14.7,58
2014-10-11,5.2,9.6,82,1.60,266,1.34,3.0,7.9,5.6,61
2014-10-12,5.0,11.4,75,0.00,275,1.69,0.0,10.4,8.7,45
2014-10-13,6.6,13.2,75,0.00,182,1.83,0.0,13.4,9.2,50
2014-10-14,11.2,18.3,86,0.10,170,1.16,1.0,20.3,12.8,69
2014-10-15,15.1,16.2,96,15.60,181,0.48,18.0,17.4,9.0,88
2014-10-16,13.3,14.8,100,24.90,116,0.23,24.0,18.8,13.1,100
2014-10-17,13.8,15.3,96,8.80,162,0.84,21.0,20.5,14.4,84
2014-10-18,11.0,13.6,88,3.90,223,0.92,9.0,23.5,13.6,63
2014-10-19,3.5,6.1,62,0.00,326,1.42,0.0,23.9,18.8,52
2014-10-20,2.7,6.2,55,0.00,298,1.60,0.0,14.5,9.5,43
2014-10-21,2.7,6.3,66,0.00,20,1.07,0.0,13.6,9.3,46
2014-10-22,4.4,10.4,67,0.00,18,1.59,0.0,14.6,10.7,49
2014-10-23,4.6,10.4,73,0.50,2,1.09,3.0,12.8,10.9,52
2014-10-24,6.8,12.3,61,0.10,353,1.65,1.0,12.6,10.3,41
2014-10-25,6.1,11.6,78,2.20,187,1.20,5.0,12.6,7.3,54
2014-10-26,6.3,8.1,92,6.10,295,0.74,10.0,14.5,10.7,78
2014-10-27,5.7,8.1,80,0.00,306,0.95,0.0,23.0,17.0,67
2014-10-28,5.0,6.8,85,1.10,106,0.48,4.0,17.1,9.9,75
2014-10-29,7.9,10.1,87,1.10,188,0.86,5.0,17.9,11.6,65
2014-10-30,4.1,6.0,67,0.00,298,0.99,0.0,15.1,11.7,52
2014-10-31,1.9,3.2,60,0.00,348,0.97,0.0,10.8,7.7,49
2014-11-01,1.5,4.3,63,0.00,13,1.05,0.0,15.8,12.0,50
2014-11-02,-0.5,2.1,57,0.00,354,1.46,0.0,24.0,17.9,43
2014-11-03,-0.8,4.4,48,0.00,324,1.72,0.0,21.8,18.1,33
2014-11-04,-0.5,3.7,67,0.60,114,0.82,2.0,15.5,9.1,46
2014-11-05,4.1,7.7,89,13.10,208,0.84,17.0,19.1,15.7,52
2014-11-06,1.8,3.8,83,0.00,257,0.50,0.0,15.6,6.5,69
2014-11-07,0.3,1.7,72,0.80,357,0.90,5.0,25.6,17.0,50
2014-11-08,-2.1,0.1,52,0.00,307,1.27,0.0,20.3,13.9,43
2014-11-09,-0.8,1.4,74,1.90,195,0.72,12.0,15.4,11.8,43
2014-11-10,-0.9,2.0,68,1.10,209,0.93,3.0,13.2,9.7,43
2014-11-11,0.0,4.6,75,1.10,79,0.71,4.0,9.4,7.0,62
2014-11-12,1.0,3.8,93,8.70,143,0.23,7.0,19.3,15.4,75
2014-11-13,-1.1,1.1,52,0.00,238,1.30,0.0,22.1,16.5,37
2014-11-14,-3.3,-1.2,62,0.00,279,0.79,0.0,15.3,9.7,42
2014-11-15,-5.4,-2.8,53,0.00,289,0.85,0.0,13.3,10.7,41
2014-11-16,-3.5,-0.5,71,1.40,194,0.55,9.0,16.6,12.3,53
2014-11-17,-2.6,-1.6,89,10.00,141,0.24,17.0,14.1,10.7,84
2014-11-18,-4.0,-2.2,77,4.30,221,0.62,10.0,23.5,16.8,54
2014-11-19,-8.0,-5.8,69,0.30,249,0.61,2.0,20.7,15.9,46
2014-11-20,-8.4,-3.4,79,1.50,175,0.48,7.0,18.9,13.6,64
2014-11-21,-10.7,-7.5,75,0.00,289,0.41,0.0,18.4,15.0,57
2014-11-22,-10.4,-1.3,79,0.30,209,0.38,3.0,18.5,13.1,70
2014-11-23,0.4,3.2,87,0.20,212,0.42,2.0,13.3,9.1,74
2014-11-24,3.7,9.6,99,16.00,149,0.13,12.0,23.9,17.5,95
2014-11-25,4.5,9.7,74,1.60,218,0.90,2.0,29.7,21.1,56
2014-11-26,-1.2,0.8,59,0.00,282,0.71,0.0,17.5,9.8,48
2014-11-27,-5.3,-3.0,54,0.00,1,0.90,0.0,17.1,13.4,45
2014-11-28,-7.9,-6.0,51,0.00,342,0.65,0.0,11.2,9.7,43
2014-11-29,-8.8,-5.8,54,0.00,181,0.55,0.0,13.2,6.9,44
2014-11-30,-3.1,1.8,79,4.70,164,0.42,13.0,20.3,16.4,57
2014-12-01,-3.9,2.2,75,3.40,307,0.53,9.0,16.5,13.3,44
2014-12-02,-15.8,-9.9,47,0.00,350,0.50,0.0,18.6,10.4,36
2014-12-03,-6.2,-0.1,80,8.60,148,0.35,20.0,20.4,15.3,43
2014-12-04,-9.2,-2.7,64,0.40,278,0.51,4.0,23.5,16.2,43
2014-12-05,-17.3,-11.4,66,0.00,136,0.32,0.0,10.2,7.6,50
2014-12-06,-7.0,-2.6,80,1.70,142,0.31,8.0,13.5,7.1,62
2014-12-07,-13.7,-4.7,60,0.00,334,0.45,0.0,20.3,14.6,43
2014-12-08,-18.0,-12.8,58,0.00,107,0.31,0.0,11.6,7.8,42
2014-12-09,-8.7,-4.3,76,0.30,132,0.32,2.0,15.2,10.4,59
2014-12-10,-3.9,-2.9,81,5.20,7,0.41,15.0,22.6,18.4,72
2014-12-11,-2.2,-0.3,86,19.00,5,0.30,22.0,22.4,13.2,77
2014-12-12,-1.7,0.5,90,2.60,345,0.33,11.0,11.6,9.9,77
2014-12-13,-2.1,-0.4,89,0.00,334,0.38,0.0,16.4,13.2,73
2014-12-14,-6.5,-3.2,86,0.00,322,0.36,0.0,11.2,9.2,70
2014-12-15,-5.5,-3.3,84,0.00,341,0.34,0.0,13.9,9.2,71
2014-12-16,-7.4,-3.5,90,0.00,137,0.21,0.0,8.4,5.8,81
2014-12-17,-3.2,-1.1,91,2.30,86,0.18,12.0,8.5,6.7,87
2014-12-18,-3.4,-1.8,86,3.30,343,0.31,11.0,17.3,12.0,71
2014-12-19,-8.7,-5.7,73,0.00,342,0.47,0.0,17.0,15.0,49
2014-12-20,-13.0,-7.6,77,0.00,350,0.33,0.0,15.5,7.6,62
2014-12-21,-15.2,-9.3,80,0.00,1,0.25,0.0,6.5,3.3,66
2014-12-22,-15.8,-10.4,83,0.00,32,0.22,0.0,7.2,3.2,79
2014-12-23,-6.3,-1.3,89,0.50,114,0.20,4.0,12.5,9.2,86
2014-12-24,-0.1,1.4,94,3.90,131,0.14,12.0,16.8,15.2,91
2014-12-25,2.1,5.0,88,5.40,197,0.52,10.0,28.4,21.0,70
2014-12-26,-1.0,1.2,71,0.00,271,0.86,0.0,26.5,20.4,63
2014-12-27,-1.5,-0.5,83,0.60,294,0.38,4.0,11.0,7.7,65
2014-12-28,-0.4,3.0,84,6.00,249,0.40,9.0,19.6,15.0,68
2014-12-29,-12.2,-5.2,70,0.20,293,0.33,1.0,19.2,12.9,54
2014-12-30,-22.0,-18.7,68,0.00,297,0.20,0.0,12.2,9.8,55
2014-12-31,-22.6,-14.4,69,0.00,250,0.24,0.0,15.3,10.6,49
2015-01-01,-11.3,-6.4,69,0.80,204,0.47,5.0,23.8,15.9,58
2015-01-02,-12.4,-6.9,69,0.90,270,0.35,6.0,16.5,14.4,51
2015-01-03,-22.0,-17.6,68,0.10,296,0.20,1.0,11.9,8.8,52
2015-01-04,-9.9,-2.8,84,22.60,122,0.22,24.0,18.7,13.8,65
2015-01-05,-13.8,-1.9,70,1.40,288,0.28,3.0,22.5,16.5,53
2015-01-06,-25.5,-19.4,69,0.00,239,0.17,0.0,16.7,9.7,60
2015-01-07,-20.6,-17.8,73,2.10,349,0.15,12.0,23.0,13.6,53
2015-01-08,-29.4,-23.1,67,0.00,229,0.14,0.0,16.1,10.1,57
2015-01-09,-14.1,-9.5,76,2.50,192,0.34,11.0,17.4,14.5,57
2015-01-10,-17.5,-13.8,69,0.00,242,0.30,0.0,17.5,12.3,49
2015-01-11,-14.0,-9.4,76,0.00,207,0.33,0.0,16.6,12.5,68
2015-01-12,-8.9,-5.1,81,4.20,213,0.30,15.0,18.8,10.5,68
2015-01-13,-23.2,-14.1,66,0.00,331,0.26,0.0,23.1,13.8,51
2015-01-14,-23.5,-16.1,69,0.00,163,0.24,0.0,9.6,7.9,46
2015-01-15,-21.2,-13.9,70,0.00,183,0.25,0.0,13.5,6.8,51
2015-01-16,-14.3,-9.3,71,2.10,276,0.33,10.0,24.2,17.2,51
2015-01-17,-25.3,-21.2,63,0.00,315,0.24,0.0,20.9,12.5,48
2015-01-18,-11.2,-1.5,72,0.70,154,0.44,4.0,17.5,15.1,61
2015-01-19,-3.3,-1.0,87,12.10,318,0.37,19.0,19.4,13.6,72
2015-01-20,-17.3,-11.9,68,0.00,304,0.34,0.0,19.1,16.8,54
2015-01-21,-19.4,-12.6,70,0.00,320,0.32,0.0,16.1,8.9,46
2015-01-22,-18.6,-11.3,67,0.00,325,0.35,0.0,6.6,3.9,44
2015-01-23,-14.2,-4.9,78,1.00,210,0.31,4.0,14.3,10.8,70
2015-01-24,-4.4,-2.9,86,3.60,191,0.32,15.0,14.4,11.5,78
2015-01-25,-13.1,-4.7,71,0.00,311,0.39,0.0,24.1,18.0,49
2015-01-26,-21.9,-18.2,69,0.00,330,0.29,0.0,16.6,9.7,51
2015-01-27,-21.4,-15.6,65,0.00,357,0.30,0.0,20.1,13.9,47
2015-01-28,-17.9,-10.3,54,0.00,345,0.54,0.0,19.5,16.0,37
2015-01-29,-15.5,-10.0,68,0.00,185,0.39,0.0,12.0,8.4,52
2015-01-30,-8.1,-5.9,78,8.90,354,0.42,19.0,21.9,14.8,60
2015-01-31,-21.6,-15.7,64,0.00,335,0.34,0.0,23.4,18.9,42
2015-02-01,-22.5,-20.3,64,0.00,322,0.27,0.0,19.7,15.6,44
2015-02-02,-26.0,-20.9,63,0.00,352,0.21,0.0,12.9,11.2,48
2015-02-03,-24.4,-15.3,65,0.00,297,0.32,0.0,13.7,10.5,45
2015-02-04,-16.5,-8.9,81,1.90,170,0.26,11.0,13.4,8.2,75
2015-02-05,-16.5,-10.2,71,0.50,326,0.33,3.0,18.2,13.3,47
2015-02-06,-23.1,-16.5,69,0.00,230,0.28,0.0,10.4,7.8,56
2015-02-07,-19.5,-16.4,70,0.00,300,0.34,0.0,12.4,10.1,49
2015-02-08,-21.6,-16.9,65,0.00,9,0.31,0.0,12.3,10.4,44
2015-02-09,-20.8,-14.0,65,0.00,56,0.39,0.0,13.4,10.0,43
2015-02-10,-14.9,-9.0,65,0.00,346,0.57,0.0,13.6,7.7,43
2015-02-11,-18.7,-12.8,67,0.00,21,0.42,0.0,14.8,10.2,46
2015-02-12,-13.8,-10.1,68,1.90,50,0.50,9.0,17.2,9.3,56
2015-02-13,-21.9,-14.1,61,0.00,317,0.35,0.0,19.6,15.9,39
2015-02-14,-23.7,-16.4,64,0.00,93,0.29,0.0,8.9,7.1,51
2015-02-15,-23.2,-17.8,64,0.00,347,0.31,0.0,24.9,20.0,47
2015-02-16,-22.5,-16.6,56,0.00,324,0.45,0.0,25.9,22.5,44
2015-02-17,-21.4,-14.7,64,0.00,310,0.47,0.0,15.8,7.2,42
2015-02-18,-18.0,-11.2,66,0.00,169,0.55,0.0,7.7,5.5,47
2015-02-19,-14.4,-9.3,72,3.60,1,0.40,15.0,16.9,10.1,63
2015-02-20,-14.7,-11.8,66,1.00,318,0.53,7.0,25.5,20.2,45
2015-02-21,-18.9,-12.4,69,1.50,186,0.37,6.0,14.5,10.9,57
2015-02-22,-11.7,-6.0,77,2.20,213,0.70,6.0,11.9,6.3,52
2015-02-23,-18.7,-8.6,63,0.30,297,0.34,2.0,19.8,15.8,39
2015-02-24,-25.0,-16.4,65,0.00,182,0.31,0.0,20.9,12.4,54
2015-02-25,-12.9,-7.7,68,0.20,191,0.64,2.0,19.5,13.4,48
2015-02-26,-19.1,-13.4,61,0.00,308,0.58,0.0,19.6,10.7,42
2015-02-27,-20.7,-12.8,63,0.00,275,0.56,0.0,14.2,10.0,41
2015-02-28,-15.9,-7.7,64,0.00,227,0.76,0.0,14.4,10.4,41
2015-03-01,-13.2,-6.9,72,0.00,185,0.75,0.0,14.8,10.2,53
2015-03-02,-9.6,-6.3,72,0.10,283,0.74,1.0,26.0,13.2,47
2015-03-03,-14.9,-8.4,62,0.00,265,0.86,0.0,20.7,11.9,41
2015-03-04,-7.8,-2.4,71,5.30,228,0.81,9.0,26.2,15.3,41
2015-03-05,-14.3,-6.0,59,0.00,318,0.70,0.0,19.3,15.1,40
2015-03-06,-18.2,-10.2,61,0.00,235,0.71,0.0,18.8,11.9,39
2015-03-07,-10.2,-5.2,69,0.20,225,0.87,2.0,16.2,11.9,50
2015-03-08,-8.6,-4.3,73,0.00,293,0.85,0.0,10.5,8.2,50
2015-03-09,-8.7,-2.2,71,0.60,274,0.96,4.0,17.8,9.3,43
2015-03-10,-5.1,2.0,80,1.00,201,0.68,5.0,19.7,11.8,66
2015-03-11,0.9,1.8,71,1.30,268,1.52,4.0,23.6,17.0,45
2015-03-12,-10.0,-2.7,61,0.00,320,0.93,0.0,23.5,20.3,43
2015-03-13,-13.1,-3.7,61,0.00,310,1.11,0.0,12.8,8.3,37
2015-03-14,-8.5,-3.3,72,3.50,116,0.59,9.0,14.6,9.8,56
2015-03-15,-4.2,-2.1,77,20.20,35,0.83,19.0,16.9,14.1,45
2015-03-16,-7.7,-1.3,65,0.00,311,1.17,0.0,12.9,7.8,42
2015-03-17,-4.9,-3.2,74,5.10,319,0.79,15.0,29.1,15.1,40
2015-03-18,-13.1,-9.2,58,0.00,323,0.91,0.0,26.9,22.3,39
2015-03-19,-13.8,-7.5,56,0.00,322,1.04,0.0,20.3,17.4,37
2015-03-20,-10.1,-1.1,64,0.00,199,1.29,0.0,16.6,9.4,39
2015-03-21,-4.2,-0.8,85,6.90,168,0.56,14.0,14.0,11.5,73
2015-03-22,-15.0,-2.2,57,4.00,315,0.76,6.0,30.0,24.2,35
2015-03-23,-15.2,-8.5,56,0.00,311,0.99,0.0,22.2,18.8,46
2015-03-24,-10.0,-2.2,67,0.00,320,1.42,0.0,14.0,10.1,47
2015-03-25,-6.2,1.3,66,0.00,200,1.71,0.0,16.4,9.1,42
2015-03-26,1.5,3.5,74,2.10,221,1.26,12.0,23.2,16.4,56
2015-03-27,-3.7,0.2,72,0.00,335,1.28,0.0,16.5,12.3,48
2015-03-28,-11.1,-6.2,63,0.00,347,1.24,0.0,17.8,15.1,39
2015-03-29,-8.5,1.0,59,0.00,259,1.76,0.0,17.2,11.2,35
2015-03-30,-2.9,0.8,76,4.50,177,0.87,14.0,19.7,14.3,67
2015-03-31,-4.9,-1.1,67,0.20,319,1.51,1.0,19.9,15.0,37
2015-04-01,-9.8,-4.3,62,0.00,321,1.40,0.0,15.3,12.4,36
2015-04-02,-8.5,-1.9,80,6.50,168,0.50,9.0,15.6,8.5,64
2015-04-03,3.1,9.5,74,3.50,233,2.38,5.0,18.1,12.1,43
2015-04-04,-4.9,1.4,64,5.20,349,1.41,9.0,24.9,18.9,38
2015-04-05,-10.8,-7.0,61,0.80,302,1.15,5.0,21.3,13.1,34
2015-04-06,-9.7,0.1,58,0.00,233,1.49,0.0,15.8,9.8,36
2015-04-07,-6.0,-0.3,60,0.00,326,1.96,0.0,13.1,10.1,32
2015-04-08,-5.7,2.6,63,0.00,36,2.05,0.0,10.8,4.7,33
2015-04-09,-0.7,4.9,65,0.00,129,2.12,0.0,19.6,12.3,51
2015-04-10,1.1,5.2,91,16.60,150,0.49,18.0,23.6,19.4,65
2015-04-11,2.4,5.8,68,0.40,267,1.95,3.0,27.9,21.4,44
2015-04-12,3.6,11.4,65,0.00,267,2.96,0.0,14.4,12.1,42
2015-04-13,5.7,15.3,68,0.00,187,3.29,0.0,23.1,11.9,42
2015-04-14,7.4,11.9,61,4.00,252,3.20,4.0,31.3,21.7,28
2015-04-15,2.1,6.1,52,0.00,328,2.84,0.0,17.8,15.3,31
2015-04-16,2.3,10.2,47,0.00,255,3.17,0.0,16.0,9.9,32
2015-04-17,6.8,13.6,57,0.00,266,3.27,0.0,22.4,13.7,38
2015-04-18,1.9,6.3,64,0.00,347,1.84,0.0,17.0,8.7,44
2015-04-19,2.1,7.7,62,0.00,333,2.85,0.0,14.5,10.9,33
2015-04-20,2.0,6.6,63,5.60,119,1.42,6.0,25.7,17.8,47
2015-04-21,3.4,4.8,97,10.50,133,0.37,19.0,25.0,18.8,96
2015-04-22,2.5,7.8,87,4.00,165,1.67,6.0,17.6,11.9,56
2015-04-23,2.1,5.2,94,11.30,270,0.95,18.0,13.1,9.5,81
2015-04-24,0.4,3.1,74,0.70,306,1.60,2.0,18.2,15.3,51
2015-04-25,2.4,6.7,69,0.00,328,1.81,0.0,20.8,16.9,58
2015-04-26,3.0,5.9,88,2.00,332,1.23,7.0,14.5,11.6,72
2015-04-27,5.5,11.4,74,0.00,8,1.84,0.0,22.7,14.7,51
2015-04-28,8.4,14.9,61,0.00,5,3.19,0.0,19.1,14.8,34
2015-04-29,7.4,12.4,63,0.00,12,2.45,0.0,14.6,11.9,47
2015-04-30,7.8,14.9,70,0.00,90,2.76,0.0,10.5,6.1,42
2015-05-01,9.1,15.9,68,0.50,112,3.38,1.0,12.9,5.1,45
2015-05-02,10.4,18.3,68,0.00,303,4.02,0.0,8.8,5.6,25
2015-05-03,12.6,20.6,53,0.00,152,4.37,0.0,14.1,9.4,32
2015-05-04,15.0,23.1,56,0.00,211,4.88,0.0,27.2,15.7,31
2015-05-05,10.2,14.9,64,3.10,301,3.60,3.0,22.1,16.5,30
2015-05-06,9.8,17.0,60,0.00,300,3.37,0.0,20.4,11.0,34
2015-05-07,12.7,22.9,55,0.00,310,4.54,0.0,11.4,7.9,27
2015-05-08,14.1,21.2,51,0.00,143,4.66,0.0,14.9,10.9,39
2015-05-09,13.8,21.4,77,4.90,152,2.44,10.0,14.7,10.8,61
2015-05-10,11.2,16.3,90,32.70,354,1.08,14.0,14.4,11.0,70
2015-05-11,6.9,10.4,68,3.30,38,1.27,7.0,14.7,10.5,54
2015-05-12,10.0,18.3,91,11.20,190,1.86,14.0,17.2,13.8,69
2015-05-13,7.7,13.1,57,0.30,332,4.11,2.0,22.3,18.2,30
2015-05-14,9.4,16.7,44,0.00,302,4.87,0.0,15.5,13.0,29
2015-05-15,11.8,17.7,54,0.00,231,3.78,0.0,12.3,7.9,35
2015-05-16,12.3,15.5,67,0.90,156,1.93,3.0,14.4,8.7,54
2015-05-17,13.7,20.1,74,0.00,342,3.73,0.0,11.2,7.6,43
2015-05-18,15.0,22.8,75,0.00,145,3.95,0.0,17.4,12.6,53
2015-05-19,18.3,22.6,85,13.00,195,3.19,10.0,17.7,11.9,65
2015-05-20,8.6,15.3,56,0.10,305,3.51,1.0,25.8,20.7,30
2015-05-21,9.8,14.9,56,1.40,270,3.66,4.0,14.6,11.7,40
2015-05-22,5.3,9.6,73,6.80,338,2.66,14.0,18.5,15.7,34
2015-05-23,5.0,11.7,47,0.00,293,3.97,0.0,18.9,15.8,30
2015-05-24,11.6,18.1,67,2.10,263,3.67,5.0,18.8,13.9,37
2015-05-25,15.2,20.9,66,0.70,235,3.45,3.0,16.4,11.4,46
2015-05-26,16.8,23.6,85,14.10,223,3.25,10.0,24.0,13.8,54
2015-05-27,18.7,24.1,82,1.90,199,3.00,6.0,21.3,12.1,62
2015-05-28,17.5,20.9,78,11.20,278,3.09,7.0,18.1,13.1,49
2015-05-29,14.3,21.3,58,0.00,205,5.09,0.0,13.7,9.4,38
2015-05-30,16.9,24.1,83,13.50,200,2.89,7.0,22.9,14.9,60
2015-05-31,9.5,15.3,60,1.80,352,3.62,4.0,23.3,17.4,38
2015-06-01,10.8,16.8,52,0.00,62,4.72,0.0,13.1,11.0,35
2015-06-02,7.1,12.8,89,12.70,103,0.89,19.0,14.4,10.3,59
2015-06-03,8.7,16.4,77,0.00,348,3.83,0.0,15.0,5.0,46
2015-06-04,12.6,19.8,70,0.00,169,4.29,0.0,13.2,9.9,48
2015-06-05,13.9,17.4,84,6.50,180,1.82,7.0,11.5,8.4,72
2015-06-06,10.3,15.3,56,0.00,349,4.69,0.0,21.3,16.7,34
2015-06-07,11.9,17.0,59,0.00,188,3.72,0.0,15.6,9.1,40
2015-06-08,12.3,15.8,90,23.40,152,0.82,15.0,20.0,15.3,66
2015-06-09,15.4,18.4,92,7.60,191,1.97,10.0,13.0,6.3,77
2015-06-10,15.8,21.5,79,7.50,259,3.77,11.0,17.1,9.8,40
2015-06-11,15.9,17.8,86,5.00,237,2.63,10.0,21.3,15.6,65
2015-06-12,16.9,21.5,66,0.00,282,3.78,0.0,15.3,10.6,34
2015-06-13,16.8,21.7,65,0.00,304,5.12,0.0,17.6,12.6,38
2015-06-14,15.1,20.6,57,0.00,352,5.34,0.0,14.1,8.4,38
2015-06-15,16.0,22.1,71,0.00,155,3.91,0.0,18.0,11.0,55
2015-06-16,15.2,17.4,93,11.30,199,1.11,15.0,19.6,11.3,82
2015-06-17,14.0,20.2,59,0.00,325,4.88,0.0,19.2,11.0,42
2015-06-18,16.6,22.8,68,0.20,190,4.43,1.0,18.0,10.7,43
2015-06-19,12.5,19.2,66,3.70,338,4.18,3.0,20.9,15.9,37
2015-06-20,13.5,19.4,63,0.00,176,4.04,0.0,14.8,9.0,38
2015-06-21,15.4,20.1,76,0.10,120,2.70,1.0,11.4,7.1,62
2015-06-22,16.6,20.6,84,1.50,176,3.43,10.0,9.4,3.3,59
2015-06-23,15.7,18.5,92,16.50,159,1.12,13.0,21.2,14.6,79
2015-06-24,14.7,19.5,60,0.60,296,4.82,1.0,23.2,17.6,37
2015-06-25,13.6,18.9,60,0.00,313,4.72,0.0,16.0,12.4,37
2015-06-26,13.8,18.3,67,0.50,339,3.99,2.0,14.1,9.6,53
2015-06-27,15.3,21.1,78,0.00,191,4.41,0.0,8.2,4.4,46
2015-06-28,14.9,17.5,78,4.20,116,2.44,8.0,15.1,9.9,60
2015-06-29,11.6,15.6,90,5.90,41,1.43,16.0,13.7,7.1,68
2015-06-30,16.4,23.0,81,0.10,187,4.14,1.0,14.4,7.8,60
2015-07-01,15.4,18.8,96,20.10,141,0.71,22.0,19.6,12.6,80
2015-07-02,13.5,16.2,82,6.30,268,2.32,9.0,24.9,17.9,59
2015-07-03,15.8,22.4,58,0.00,281,4.98,0.0,18.7,12.4,34
2015-07-04,17.2,22.0,66,0.10,207,4.29,1.0,11.4,8.3,47
2015-07-05,17.9,22.2,75,0.50,299,3.88,3.0,11.8,8.3,56
2015-07-06,19.2,24.9,75,0.00,207,4.56,0.0,15.5,7.4,48
2015-07-07,19.5,24.1,83,2.70,177,3.22,7.0,16.7,12.7,66
2015-07-08,17.1,20.9,76,12.30,312,4.05,8.0,22.6,15.7,43
2015-07-09,16.8,21.8,72,0.00,173,4.17,0.0,9.3,6.5,51
2015-07-10,18.4,23.0,69,0.00,311,4.24,0.0,12.7,9.8,42
2015-07-11,19.5,24.6,72,0.50,258,4.20,1.0,13.6,8.0,51
2015-07-12,20.1,24.2,69,0.20,313,5.38,1.0,13.2,11.0,37
2015-07-13,19.7,26.0,66,0.00,144,5.14,0.0,15.6,10.0,46
2015-07-14,20.9,25.1,86,3.40,181,3.53,6.0,19.5,13.6,63
2015-07-15,12.6,19.0,74,9.10,346,3.55,7.0,24.2,18.9,51
2015-07-16,13.9,20.1,64,0.00,331,4.74,0.0,14.6,9.4,43
2015-07-17,16.2,21.5,72,0.00,153,4.31,0.0,14.9,8.5,48
2015-07-18,15.6,18.0,90,6.10,144,0.93,11.0,12.8,8.4,71
2015-07-19,16.6,19.6,96,5.40,144,1.07,6.0,15.3,8.5,87
2015-07-20,19.4,24.1,83,14.60,198,3.84,9.0,13.6,7.7,50
2015-07-21,18.3,20.7,86,4.60,188,2.63,11.0,13.0,10.7,77
2015-07-22,14.6,17.0,78,0.20,299,2.01,2.0,15.3,12.1,64
2015-07-23,14.2,17.6,82,4.90,297,1.74,5.0,13.9,10.3,74
2015-07-24,14.9,19.6,87,2.30,331,2.75,12.0,12.3,8.0,59
2015-07-25,15.3,19.1,83,0.00,141,2.30,0.0,12.1,9.5,67
2015-07-26,17.7,23.5,89,7.90,161,2.90,15.0,13.0,9.3,72
2015-07-27,19.6,24.5,90,12.60,192,3.37,8.0,10.8,7.9,69
2015-07-28,20.3,26.9,77,0.00,295,4.76,0.0,10.9,7.9,41
2015-07-29,21.5,27.7,78,2.00,287,4.64,3.0,7.6,4.7,55
2015-07-30,21.6,24.7,88,4.10,174,3.05,4.0,16.4,11.6,72
2015-07-31,19.3,21.9,75,5.40,257,3.41,7.0,15.5,10.5,53
2015-08-01,17.2,19.7,84,5.60,253,3.13,10.0,12.1,9.5,65
2015-08-02,17.2,22.4,79,1.40,220,3.45,7.0,15.8,9.4,57
2015-08-03,17.8,21.0,86,12.30,186,2.10,14.0,20.6,15.6,74
2015-08-04,17.1,20.9,84,7.20,210,3.19,6.0,14.9,9.2,62
2015-08-05,15.5,18.5,82,5.80,263,2.89,7.0,11.2,7.5,70
2015-08-06,13.4,15.7,81,0.20,297,1.52,2.0,18.7,12.4,73
2015-08-07,14.1,17.6,76,0.10,331,2.40,1.0,14.1,9.4,58
2015-08-08,16.0,19.8,75,0.20,3,3.16,1.0,9.5,6.9,56
2015-08-09,16.5,20.6,85,0.00,92,2.81,0.0,7.3,5.7,72
2015-08-10,17.3,22.1,81,0.20,144,3.39,1.0,10.6,7.6,60
2015-08-11,16.2,18.7,96,45.70,140,0.65,17.0,11.8,9.1,84
2015-08-12,15.9,18.2,96,7.50,324,1.63,15.0,10.4,4.6,89
2015-08-13,14.9,17.4,90,2.40,280,1.56,8.0,12.6,9.5,72
2015-08-14,16.3,21.2,89,1.00,190,1.85,2.0,12.3,9.5,72
2015-08-15,19.0,24.1,88,0.60,206,3.00,4.0,7.2,3.5,64
2015-08-16,21.3,27.7,78,0.00,222,4.61,0.0,14.0,9.1,49
2015-08-17,22.5,28.2,78,0.40,218,4.12,2.0,15.4,11.8,55
2015-08-18,21.4,24.2,85,0.30,349,2.53,2.0,9.4,6.1,70
2015-08-19,21.3,25.9,86,3.50,133,3.01,9.0,12.5,7.9,69
2015-08-20,22.1,25.3,81,0.00,156,3.59,0.0,23.9,16.1,60
2015-08-21,20.4,22.9,80,11.40,179,3.24,15.0,20.8,14.0,59
2015-08-22,18.5,21.5,75,0.20,323,2.88,1.0,8.8,6.0,56
2015-08-23,18.6,23.3,79,0.00,101,3.38,0.0,11.0,5.3,53
2015-08-24,19.3,23.2,83,0.60,138,2.63,3.0,15.4,10.9,65
2015-08-25,18.7,21.7,83,3.20,165,2.94,7.0,11.9,9.8,56
2015-08-26,17.2,21.1,80,0.10,214,3.13,1.0,9.2,6.4,60
2015-08-27,15.8,18.7,83,3.00,302,2.61,11.0,13.0,7.7,66
2015-08-28,15.8,21.7,72,0.00,266,3.81,0.0,12.8,9.1,48
2015-08-29,16.7,20.9,74,0.00,234,2.63,0.0,14.5,10.2,56
2015-08-30,18.0,21.9,79,0.90,250,2.79,5.0,11.5,9.3,60
2015-08-31,18.8,23.2,75,0.00,274,3.36,0.0,20.8,15.0,51
2015-09-01,17.4,24.1,72,0.00,264,3.86,0.0,13.0,9.1,53
2015-09-02,20.0,24.2,85,1.70,257,2.61,4.0,11.0,8.2,70
2015-09-03,18.2,21.2,73,0.20,349,3.88,2.0,16.2,12.7,39
2015-09-04,15.9,21.7,65,0.00,24,3.79,0.0,12.3,5.6,41
2015-09-05,18.1,24.7,71,0.00,200,3.87,0.0,10.2,4.2,36
2015-09-06,19.7,26.2,79,0.00,202,3.36,0.0,15.3,9.7,60
2015-09-07,21.5,25.1,85,4.30,238,1.96,7.0,20.2,14.4,67
2015-09-08,19.2,22.1,85,1.40,331,2.00,2.0,11.5,7.6,62
2015-09-09,19.3,23.5,91,12.70,188,1.70,13.0,17.8,13.8,77
2015-09-10,17.6,21.2,66,0.00,282,3.54,0.0,10.9,7.4,41
2015-09-11,16.7,20.7,75,0.10,134,2.72,1.0,7.0,4.4,49
2015-09-12,14.2,16.9,84,0.80,352,1.69,3.0,10.5,7.3,62
2015-09-13,12.4,15.8,94,18.20,73,1.02,19.0,17.2,12.9,76
2015-09-14,13.8,15.0,98,15.30,23,0.58,20.0,13.8,10.0,90
2015-09-15,16.7,23.7,79,0.00,290,3.05,0.0,16.1,9.2,53
2015-09-16,19.3,26.4,79,0.00,244,3.43,0.0,12.2,7.6,53
2015-09-17,20.2,25.1,76,0.20,230,3.00,1.0,14.3,10.8,52
2015-09-18,19.5,24.5,75,0.00,200,3.45,0.0,16.8,9.7,56
2015-09-19,18.8,23.1,79,2.10,175,2.45,2.0,21.5,13.8,60
2015-09-20,13.2,17.5,68,5.50,293,2.92,7.0,25.1,17.1,39
2015-09-21,12.9,18.6,70,0.00,252,2.91,0.0,9.8,4.9,45
2015-09-22,13.3,18.8,75,0.00,164,2.69,0.0,13.3,8.3,50
2015-09-23,14.3,20.0,77,0.00,253,2.24,0.0,11.9,7.0,58
2015-09-24,11.3,15.2,60,0.00,348,2.91,0.0,14.0,11.9,37
2015-09-25,9.0,12.9,63,0.00,359,2.08,0.0,10.6,8.4,42
2015-09-26,8.6,14.2,67,0.00,19,2.51,0.0,10.6,6.4,40
2015-09-27,11.2,19.4,71,0.00,194,2.77,0.0,15.8,10.5,51
2015-09-28,14.4,21.0,83,0.80,195,1.97,3.0,19.5,13.6,61
2015-09-29,15.7,18.0,94,11.30,217,0.56,9.0,16.1,12.8,88
2015-09-30,8.5,11.5,73,2.00,5,1.45,2.0,22.1,17.3,54
2015-10-01,6.2,10.3,57,0.00,3,2.67,0.0,20.5,18.1,43
2015-10-02,5.0,8.5,59,0.00,9,2.02,0.0,21.4,16.2,41
2015-10-03,5.4,11.1,63,0.00,20,2.27,0.0,14.8,12.7,39
2015-10-04,5.7,11.7,68,0.00,80,1.89,0.0,9.4,6.7,36
2015-10-05,7.4,10.6,69,0.00,136,0.69,0.0,8.2,3.8,58
2015-10-06,8.9,13.6,75,0.00,305,1.64,0.0,7.6,5.9,52
2015-10-07,9.4,13.8,75,0.10,279,1.61,1.0,16.1,9.9,57
2015-10-08,5.9,9.4,57,0.00,331,1.94,0.0,16.1,11.5,42
2015-10-09,3.5,5.7,80,5.50,78,0.47,8.0,12.2,7.6,61
2015-10-10,2.8,6.7,67,0.00,309,1.73,0.0,20.5,13.4,39
2015-10-11,5.7,9.3,89,9.90,194,0.45,13.0,13.5,10.5,59
2015-10-12,11.4,18.0,87,0.00,176,1.77,0.0,14.4,11.0,62
2015-10-13,11.6,15.8,88,2.30,163,1.17,4.0,19.0,13.0,64
2015-10-14,7.6,11.1,78,1.80,262,1.18,5.0,20.1,16.4,55
2015-10-15,4.9,8.3,69,1.00,233,1.12,5.0,15.1,10.4,56
2015-10-16,4.2,6.2,80,14.70,326,1.18,12.0,20.5,12.2,45
2015-10-17,1.3,3.3,61,0.30,330,1.38,3.0,19.1,11.4,39
2015-10-18,-1.6,1.5,54,0.10,319,1.44,1.0,17.8,14.0,33
2015-10-19,-2.1,1.9,60,1.70,223,1.25,3.0,21.3,12.6,39
2015-10-20,3.4,7.3,79,0.00,241,0.87,0.0,17.8,14.0,47
2015-10-21,0.4,4.5,57,0.00,332,1.46,0.0,12.5,8.3,41
2015-10-22,3.1,9.3,84,9.70,174,0.65,15.0,19.2,14.7,61
2015-10-23,2.0,4.8,61,0.00,325,1.47,0.0,24.7,17.5,50
2015-10-24,0.3,4.3,75,0.00,146,0.92,0.0,17.4,10.8,58
2015-10-25,3.4,5.9,84,8.30,213,0.73,12.0,22.4,18.9,57
2015-10-26,0.5,3.3,57,0.00,308,1.40,0.0,15.3,10.6,40
2015-10-27,1.1,7.0,65,0.00,248,1.21,0.0,15.9,7.9,42
2015-10-28,0.6,4.5,80,2.90,119,0.74,3.0,20.9,11.3,61
2015-10-29,5.1,10.0,95,26.90,157,0.42,14.0,23.5,17.5,69
2015-10-30,2.0,4.0,58,0.30,281,1.46,2.0,24.7,20.7,40
2015-10-31,-0.4,4.0,64,0.00,256,1.04,0.0,13.8,8.3,50
2015-11-01,1.0,4.3,89,5.40,148,0.26,12.0,16.6,10.6,80
2015-11-02,4.6,6.3,85,0.10,283,0.63,1.0,15.0,11.3,64
2015-11-03,3.6,7.5,92,7.10,195,0.43,6.0,12.1,6.5,81
2015-11-04,4.8,7.4,78,0.00,333,0.89,0.0,12.3,7.8,58
2015-11-05,4.6,10.9,80,0.00,142,1.08,0.0,12.6,8.9,62
2015-11-06,8.8,14.4,96,3.80,187,0.31,8.0,27.2,16.3,72
2015-11-07,5.8,10.8,55,0.00,282,1.72,0.0,23.0,18.1,44
2015-11-08,0.2,2.6,55,0.00,294,1.40,0.0,19.7,15.6,43
2015-11-09,3.5,9.9,68,0.00,230,1.30,0.0,13.3,12.0,50
2015-11-10,4.0,9.3,78,0.00,236,1.00,0.0,12.3,5.9,61
2015-11-11,3.4,7.2,86,0.00,106,0.70,0.0,12.6,9.4,69
2015-11-12,3.4,4.7,90,5.30,132,0.19,11.0,15.6,10.7,82
2015-11-13,4.8,5.8,98,8.30,212,0.29,23.0,18.4,13.2,88
2015-11-14,-0.2,1.7,69,0.50,312,0.97,2.0,26.2,19.3,55
2015-11-15,-0.7,3.4,70,0.00,269,0.71,0.0,15.3,10.6,62
2015-11-16,-0.2,1.1,69,0.00,314,0.88,0.0,20.5,15.5,46
2015-11-17,-1.4,2.6,65,0.00,352,0.89,0.0,13.6,8.0,49
2015-11-18,-1.6,3.2,73,0.00,136,0.79,0.0,15.8,11.3,48
2015-11-19,2.5,6.8,86,1.60,145,0.39,5.0,21.1,18.0,69
2015-11-20,5.3,7.1,80,8.40,194,0.92,11.0,20.7,13.2,43
2015-11-21,-0.6,2.5,70,0.00,221,0.71,0.0,12.0,7.6,51
2015-11-22,0.5,3.9,70,0.90,162,0.91,4.0,25.5,16.6,62
2015-11-23,-4.6,-1.5,51,0.00,321,1.04,0.0,17.4,15.1,36
2015-11-24,-7.1,-3.3,51,0.00,321,0.79,0.0,13.5,8.9,34
2015-11-25,-6.1,-0.9,63,0.00,200,0.63,0.0,11.3,6.0,43
2015-11-26,-0.5,4.4,80,3.30,173,0.64,7.0,18.8,16.3,68
2015-11-27,4.1,6.7,97,12.00,210,0.13,19.0,21.6,18.0,92
2015-11-28,-3.7,-1.3,60,0.00,346,0.80,0.0,19.9,11.0,42
2015-11-29,-5.7,-3.8,61,0.00,326,0.58,0.0,16.1,9.1,40
2015-11-30,-8.7,-4.8,55,0.00,191,0.61,0.0,14.0,8.2,39
2015-12-01,-4.8,-1.1,70,0.20,186,0.55,1.0,11.0,8.0,53
2015-12-02,-1.8,-0.7,96,6.70,149,0.12,17.0,11.0,6.6,82
2015-12-03,-0.7,0.6,92,2.10,344,0.31,10.0,16.9,12.0,73
2015-12-04,-1.4,1.8,73,0.00,267,0.47,0.0,15.9,9.3,64
2015-12-05,0.3,4.4,83,0.00,239,0.48,0.0,12.0,9.2,67
2015-12-06,-0.9,2.6,90,0.00,182,0.41,0.0,13.0,9.8,74
2015-12-07,-0.5,2.4,79,0.00,276,0.51,0.0,14.1,9.9,59
2015-12-08,-2.9,-0.1,65,0.00,55,0.54,0.0,8.7,6.3,54
2015-12-09,-2.3,0.5,76,0.00,139,0.40,0.0,13.5,9.0,71
2015-12-10,0.8,3.3,96,3.10,154,0.15,7.0,15.8,12.7,88
2015-12-11,2.9,5.2,100,0.90,156,0.15,4.0,18.3,13.0,97
2015-12-12,2.5,3.3,92,1.00,280,0.34,3.0,12.4,11.2,78
2015-12-13,-0.9,0.5,67,0.00,345,0.72,0.0,14.0,10.7,55
2015-12-14,-2.0,-1.2,89,10.70,109,0.19,20.0,14.2,11.3,62
2015-12-15,-0.7,0.1,97,14.60,101,0.17,16.0,20.9,13.6,86
2015-12-16,-3.5,-1.8,76,0.00,357,0.42,0.0,14.6,10.4,64
2015-12-17,-2.5,0.9,85,6.80,136,0.25,12.0,16.6,13.5,71
2015-12-18,0.1,1.1,89,2.50,252,0.36,10.0,12.1,8.6,65
2015-12-19,-5.2,-2.0,67,1.10,276,0.60,7.0,20.8,13.1,55
2015-12-20,-8.1,-5.5,55,0.10,291,0.74,1.0,20.3,14.7,48
2015-12-21,-4.5,-2.2,77,6.70,158,0.33,16.0,10.8,9.5,61
2015-12-22,-1.7,0.3,96,8.10,126,0.15,21.0,11.9,7.8,92
2015-12-23,0.4,1.4,96,1.40,116,0.17,2.0,18.0,6.3,94
2015-12-24,3.8,8.7,92,2.90,155,0.40,5.0,26.0,21.3,48
2015-12-25,0.2,5.0,71,0.00,253,0.76,0.0,24.3,12.1,52
2015-12-26,-3.4,0.7,68,0.00,277,0.61,0.0,11.9,9.1,51
2015-12-27,-4.7,-2.7,74,13.00,11,0.31,14.0,16.1,10.7,63
2015-12-28,-14.8,-9.7,61,0.00,334,0.44,0.0,21.9,16.2,50
2015-12-29,-14.8,-11.8,75,16.30,74,0.20,14.0,17.5,12.2,68
2015-12-30,-11.0,-8.9,81,1.80,113,0.18,10.0,14.1,9.2,79
2015-12-31,-6.8,-3.3,86,1.80,257,0.29,7.0,10.2,6.1,69
2016-01-01,-7.2,-2.8,82,0.00,253,0.32,0.0,15.1,7.9,67
2016-01-02,-6.3,-2.6,78,0.00,254,0.44,0.0,20.5,13.6,59
2016-01-03,-6.2,-4.3,86,4.40,297,0.29,12.0,21.5,11.4,70
2016-01-04,-21.0,-14.0,71,0.00,349,0.25,0.0,21.8,17.9,56
2016-01-05,-21.1,-14.2,73,0.00,280,0.25,0.0,14.8,10.6,55
2016-01-06,-11.3,-4.4,80,0.00,198,0.32,0.0,13.8,11.2,71
2016-01-07,-4.5,-1.2,86,0.10,223,0.35,1.0,11.2,7.5,76
2016-01-08,-6.2,-1.7,90,0.00,116,0.36,0.0,12.9,7.8,74
2016-01-09,-4.4,-1.8,89,4.10,132,0.23,10.0,18.9,16.2,87
2016-01-10,-0.1,2.0,93,11.10,125,0.25,18.0,31.4,18.4,88
2016-01-11,-7.7,2.8,73,8.90,223,0.40,6.0,31.6,20.2,51
2016-01-12,-17.0,-10.5,73,0.50,181,0.30,4.0,15.8,10.3,60
2016-01-13,-10.5,-8.9,81,2.60,350,0.29,14.0,17.7,11.8,62
2016-01-14,-19.8,-15.5,75,0.00,310,0.26,0.0,13.5,8.4,61
2016-01-15,-21.0,-13.4,69,0.00,340,0.27,0.0,11.0,8.1,52
2016-01-16,-9.6,-6.4,73,2.80,111,0.34,12.0,15.0,10.6,65
2016-01-17,-11.8,-7.7,77,0.20,276,0.35,2.0,12.5,7.5,51
2016-01-18,-15.8,-13.1,74,1.20,344,0.25,10.0,17.3,11.3,64
2016-01-19,-16.3,-11.9,67,0.60,311,0.42,6.0,24.2,22.0,59
2016-01-20,-11.5,-9.4,69,0.00,314,0.52,0.0,23.4,18.9,58
2016-01-21,-14.8,-11.3,73,0.00,321,0.40,0.0,18.1,16.1,53
2016-01-22,-13.0,-9.0,77,0.00,329,0.40,0.0,17.7,13.5,62
2016-01-23,-16.0,-12.4,76,0.00,350,0.36,0.0,13.7,10.4,51
2016-01-24,-16.2,-7.4,72,0.00,314,0.38,0.0,11.8,7.0,50
2016-01-25,-11.1,-5.0,79,0.00,298,0.49,0.0,11.2,7.9,61
2016-01-26,-5.2,0.9,88,4.20,170,0.29,11.0,16.7,13.1,83
2016-01-27,-6.7,1.9,73,2.30,299,0.51,6.0,16.5,12.8,50
2016-01-28,-11.5,-5.2,79,2.20,172,0.31,8.0,16.3,11.3,70
2016-01-29,-4.3,-1.7,88,3.80,88,0.35,17.0,13.8,8.4,73
2016-01-30,-8.5,-4.4,84,0.40,287,0.31,3.0,15.6,11.4,73
2016-01-31,-4.2,1.7,87,0.30,178,0.49,3.0,12.2,10.5,72
2016-02-01,-0.6,3.7,84,7.10,247,0.61,12.0,26.6,16.0,55
2016-02-02,-13.5,-9.0,71,0.00,329,0.47,0.0,13.1,9.2,48
2016-02-03,-10.5,-0.6,80,15.10,120,0.21,16.0,23.8,14.4,61
2016-02-04,1.0,4.0,83,1.40,224,0.62,4.0,16.9,14.2,61
2016-02-05,-11.7,-5.1,77,0.00,340,0.45,0.0,12.8,11.1,55
2016-02-06,-12.0,-4.6,76,0.00,234,0.48,0.0,18.5,9.1,62
2016-02-07,-11.1,-4.4,67,1.80,302,0.53,6.0,19.4,13.5,45
2016-02-08,-14.4,-8.8,63,0.00,75,0.55,0.0,12.2,8.8,44
2016-02-09,-10.8,-8.0,77,2.30,72,0.31,11.0,8.7,6.0,68
2016-02-10,-9.7,-6.7,81,0.20,339,0.46,2.0,8.3,3.9,59
2016-02-11,-15.5,-9.5,73,0.10,327,0.28,1.0,16.1,13.1,58
2016-02-12,-21.4,-15.0,68,0.10,267,0.37,1.0,16.3,10.2,55
2016-02-13,-20.1,-16.3,68,0.90,326,0.27,7.0,19.2,13.9,50
2016-02-14,-27.1,-21.6,62,0.00,310,0.28,0.0,19.4,14.8,48
2016-02-15,-23.8,-15.1,65,0.00,184,0.41,0.0,12.5,8.8,45
2016-02-16,-9.4,-0.8,84,25.40,117,0.23,19.0,14.6,10.3,65
2016-02-17,-5.7,-1.1,75,13.00,298,0.73,8.0,25.3,11.4,55
2016-02-18,-13.9,-6.2,68,1.10,337,0.60,5.0,19.4,13.1,48
2016-02-19,-15.0,-7.7,67,0.00,175,0.61,0.0,12.3,8.5,46
2016-02-20,-2.9,1.2,84,14.00,158,0.50,20.0,22.7,18.4,58
2016-02-21,-2.9,0.5,77,0.10,302,0.64,1.0,19.1,14.3,55
2016-02-22,-17.1,-12.1,66,0.00,337,0.58,0.0,15.8,12.5,41
2016-02-23,-17.1,-9.3,62,0.00,133,0.66,0.0,8.6,5.4,41
2016-02-24,-7.8,-2.7,82,7.30,95,0.38,12.0,14.7,7.6,67
2016-02-25,-1.7,0.3,89,38.20,34,0.34,22.0,20.0,13.1,79
2016-02-26,-10.4,-4.4,65,0.70,314,0.76,3.0,24.2,21.5,44
2016-02-27,-13.6,-4.1,74,1.40,208,0.54,5.0,24.6,15.4,64
2016-02-28,-9.5,-2.2,65,2.10,318,0.62,7.0,21.3,13.7,48
2016-02-29,-7.7,-1.7,78,16.90,152,0.74,18.0,14.8,10.1,52
2016-03-01,-13.1,-4.3,60,0.90,279,0.74,3.0,27.8,14.2,41
2016-03-02,-13.3,-10.4,73,20.30,11,0.37,18.0,20.9,13.9,55
2016-03-03,-20.4,-16.6,58,0.00,301,0.53,0.0,18.8,15.3,42
2016-03-04,-18.6,-10.4,62,0.00,212,0.71,0.0,10.9,7.7,41
2016-03-05,-13.4,-6.2,65,0.00,181,0.84,0.0,10.3,5.9,50
2016-03-06,-9.6,-1.3,73,0.00,257,1.09,0.0,12.7,7.7,41
2016-03-07,-3.2,2.2,79,3.10,201,0.76,8.0,16.2,12.9,63
2016-03-08,-2.0,0.0,75,0.00,334,1.29,0.0,12.4,8.9,51
2016-03-09,1.4,7.6,82,15.70,163,0.86,13.0,12.5,10.2,69
2016-03-10,1.5,4.2,83,1.60,345,1.00,2.0,14.2,10.6,61
2016-03-11,-3.3,0.3,76,0.00,334,1.33,0.0,16.3,11.9,48
2016-03-12,-2.5,6.2,77,0.00,226,1.21,0.0,17.5,11.7,57
2016-03-13,-0.1,3.6,64,0.00,329,1.74,0.0,25.7,18.5,44
2016-03-14,-4.0,1.4,68,0.20,118,1.17,1.0,18.6,13.7,46
2016-03-15,-0.5,0.9,87,9.40,146,0.40,13.0,19.3,13.3,78
2016-03-16,1.9,5.9,83,1.40,14,1.66,2.0,15.2,10.2,57
2016-03-17,0.7,5.5,82,5.20,98,1.02,13.0,14.0,8.3,57
2016-03-18,-5.9,-1.0,72,0.30,341,1.03,2.0,19.7,15.0,38
2016-03-19,-10.9,-7.0,62,0.00,317,1.10,0.0,17.6,15.5,41
2016-03-20,-10.5,-2.4,64,0.00,332,1.50,0.0,15.3,8.2,34
2016-03-21,-8.0,-0.7,61,0.00,322,1.53,0.0,17.3,8.2,36
2016-03-22,-8.1,-2.1,63,0.00,293,1.27,0.0,22.1,15.5,38
2016-03-23,-8.1,-5.5,65,0.00,326,1.23,0.0,15.2,11.7,41
2016-03-24,-10.3,-5.2,65,2.60,26,0.89,4.0,12.9,8.8,40
2016-03-25,-5.9,-2.3,83,20.40,85,0.52,19.0,23.1,14.7,70
2016-03-26,-6.8,0.1,71,0.00,346,1.76,0.0,16.9,8.5,44
2016-03-27,-1.9,5.2,69,0.00,156,1.77,0.0,12.0,6.6,51
2016-03-28,-0.1,2.5,90,14.90,110,0.51,9.0,14.5,10.1,77
2016-03-29,-0.7,0.9,68,3.80,338,1.78,10.0,28.5,23.1,35
2016-03-30,-2.0,6.1,65,0.00,235,1.87,0.0,18.4,12.6,41
2016-03-31,1.2,3.1,86,16.30,176,0.44,15.0,14.6,10.7,66
2016-04-01,6.4,9.8,88,7.30,210,1.31,7.0,22.9,16.2,64
2016-04-02,-1.0,2.5,83,2.90,212,1.08,6.0,18.3,10.1,64
2016-04-03,-10.3,-0.2,61,0.00,312,1.00,0.0,27.6,21.3,43
2016-04-04,-14.9,-8.4,58,0.00,314,1.19,0.0,16.4,10.5,37
2016-04-05,-13.6,-7.5,62,0.00,316,1.19,0.0,14.0,11.5,39
2016-04-06,-9.0,-0.6,67,1.30,212,1.27,5.0,15.8,9.8,44
2016-04-07,-1.8,3.0,92,24.30,116,0.42,24.0,13.8,11.6,84
2016-04-08,1.5,3.8,87,17.40,187,1.00,17.0,18.4,14.7,66
2016-04-09,-6.0,-1.6,66,0.70,326,1.36,2.0,16.3,14.6,48
2016-04-10,-9.5,-3.3,64,0.00,311,1.63,0.0,14.5,11.8,37
2016-04-11,-5.8,0.8,76,7.40,132,0.52,12.0,17.4,12.0,61
2016-04-12,2.6,5.1,80,2.80,233,1.91,9.0,17.4,12.9,47
2016-04-13,-2.3,1.5,66,0.00,315,2.09,0.0,13.8,11.0,43
2016-04-14,-2.1,3.9,63,0.00,1,2.50,0.0,9.4,6.5,37
2016-04-15,1.7,9.3,53,0.00,124,3.00,0.0,8.4,3.9,28
2016-04-16,2.6,11.2,57,0.00,160,2.91,0.0,8.9,4.6,28
2016-04-17,4.4,13.2,65,0.00,271,3.13,0.0,12.4,7.7,42
2016-04-18,2.7,6.5,70,0.30,353,2.09,3.0,15.9,12.1,51
2016-04-19,1.8,6.9,67,0.00,331,2.26,0.0,23.3,13.8,45
2016-04-20,1.2,7.6,60,0.00,339,2.93,0.0,19.1,12.0,37
2016-04-21,4.0,13.3,62,0.00,248,3.37,0.0,10.4,7.2,35
2016-04-22,3.9,6.5,87,5.90,56,0.48,8.0,16.9,8.0,63
2016-04-23,1.1,4.2,64,0.00,340,2.55,0.0,22.7,19.0,38
2016-04-24,-0.9,5.1,49,0.00,320,2.76,0.0,22.1,13.8,35
2016-04-25,-2.5,1.8,52,0.00,325,2.49,0.0,16.6,13.6,37
2016-04-26,-2.3,3.0,50,0.00,333,2.65,0.0,15.3,9.4,35
2016-04-27,-5.2,-0.6,53,0.00,314,1.77,0.0,17.1,14.7,43
2016-04-28,-4.5,2.0,55,0.00,331,2.28,0.0,17.0,11.0,36
2016-04-29,-0.7,5.6,46,0.00,355,2.99,0.0,11.1,7.4,34
2016-04-30,1.5,8.8,51,0.00,358,3.38,0.0,12.4,8.7,34
2016-05-01,3.0,9.3,58,0.00,36,2.58,0.0,11.6,7.4,44
2016-05-02,3.4,6.1,86,4.10,103,1.01,20.0,12.1,7.6,59
2016-05-03,4.6,10.8,80,0.10,152,2.07,1.0,10.0,4.2,48
2016-05-04,4.3,9.3,75,0.00,122,2.18,0.0,14.2,9.7,50
2016-05-05,5.8,11.8,70,0.00,79,3.00,0.0,10.9,7.7,45
2016-05-06,6.9,18.8,67,0.00,35,3.85,0.0,10.0,6.2,26
2016-05-07,8.7,16.6,70,1.00,154,2.85,3.0,20.2,13.2,43
2016-05-08,3.2,12.2,86,15.60,317,0.69,19.0,24.5,15.5,60
2016-05-09,0.7,4.2,57,0.00,300,2.28,0.0,24.5,19.4,44
2016-05-10,5.1,13.0,60,0.00,317,3.33,0.0,17.8,14.8,43
2016-05-11,7.5,16.4,53,0.00,335,4.19,0.0,14.8,11.3,28
2016-05-12,12.5,22.8,54,0.00,310,4.96,0.0,12.3,6.3,31
2016-05-13,13.0,20.9,72,6.30,154,2.83,5.0,22.4,13.7,49
2016-05-14,12.3,17.0,80,0.70,210,2.70,3.0,14.2,8.2,51
2016-05-15,6.3,12.9,92,17.20,241,0.66,23.0,18.9,12.5,70
2016-05-16,0.6,4.4,65,1.30,294,1.55,7.0,21.4,18.9,59
2016-05-17,3.2,7.6,72,0.20,304,1.74,1.0,15.5,12.5,59
2016-05-18,6.9,13.6,69,0.00,334,2.82,0.0,12.1,10.0,46
2016-05-19,11.1,17.0,62,0.00,356,3.54,0.0,8.7,5.6,36
2016-05-20,13.2,22.1,60,0.00,288,4.87,0.0,11.6,7.8,28
2016-05-21,16.0,22.8,52,0.00,239,4.60,0.0,13.0,8.6,26
2016-05-22,14.5,20.6,56,0.00,3,4.96,0.0,16.0,12.7,37
2016-05-23,15.7,24.3,50,0.00,348,5.40,0.0,13.0,5.5,21
2016-05-24,18.6,26.5,51,0.00,190,5.89,0.0,11.5,7.0,23
2016-05-25,16.4,20.5,63,1.40,306,3.86,4.0,17.9,10.6,40
2016-05-26,14.4,21.6,57,0.00,3,4.91,0.0,14.0,9.2,24
2016-05-27,17.1,24.2,69,3.60,159,4.29,6.0,15.2,12.5,46
2016-05-28,17.2,22.1,65,0.00,351,4.33,0.0,16.1,10.8,40
2016-05-29,17.6,24.6,70,0.60,128,4.32,2.0,15.8,11.2,55
2016-05-30,19.3,23.8,85,12.60,204,3.22,19.0,17.6,14.1,53
2016-05-31,16.7,20.6,73,0.60,292,3.08,4.0,19.6,12.4,62
2016-06-01,14.4,20.1,59,0.00,8,5.03,0.0,14.7,9.7,40
2016-06-02,14.6,19.2,78,14.10,146,2.25,10.0,17.3,13.2,62
2016-06-03,17.6,21.8,79,6.90,240,4.04,9.0,15.6,10.2,47
2016-06-04,16.3,19.8,68,0.00,342,3.53,0.0,11.6,9.6,48
2016-06-05,15.0,18.6,80,10.80,103,1.83,6.0,24.3,12.9,63
2016-06-06,14.8,18.7,90,32.10,179,2.18,21.0,22.7,17.6,60
2016-06-07,15.1,19.2,75,5.60,209,3.67,6.0,16.3,12.2,59
2016-06-08,9.6,13.8,75,1.80,300,1.84,2.0,17.4,12.7,61
2016-06-09,5.8,8.7,73,0.60,308,1.69,2.0,22.6,19.0,67
2016-06-10,7.9,15.4,80,0.90,325,1.97,4.0,19.1,14.1,56
2016-06-11,11.0,14.1,82,2.60,191,1.56,4.0,10.5,7.0,70
2016-06-12,8.8,12.2,89,16.40,306,0.94,11.0,21.9,15.7,78
2016-06-13,11.1,16.3,86,8.70,338,2.27,8.0,21.0,17.8,62
2016-06-14,12.7,20.9,74,1.00,332,4.11,3.0,20.4,15.2,38
2016-06-15,15.5,21.4,60,0.00,337,4.83,0.0,17.5,12.2,37
2016-06-16,15.6,21.1,60,0.00,13,5.24,0.0,13.0,10.3,34
2016-06-17,16.6,23.5,56,0.00,355,5.30,0.0,10.6,7.2,32
2016-06-18,18.8,26.9,59,0.00,176,5.76,0.0,12.5,7.8,29
2016-06-19,21.5,29.8,58,0.50,221,5.58,2.0,18.4,12.1,41
2016-06-20,23.3,28.9,58,0.00,205,6.60,0.0,28.5,17.3,37
2016-06-21,17.7,25.5,63,2.70,267,4.51,4.0,23.2,16.3,37
2016-06-22,14.8,18.9,63,4.10,289,4.03,5.0,13.7,6.3,45
2016-06-23,13.7,17.1,63,0.50,302,3.57,2.0,17.2,10.6,40
2016-06-24,14.8,23.2,59,0.00,312,5.14,0.0,10.0,7.2,36
2016-06-25,19.8,26.8,61,0.00,206,5.35,0.0,12.1,8.3,34
2016-06-26,21.8,27.9,57,0.00,189,6.06,0.0,18.6,11.8,33
2016-06-27,20.3,24.0,78,14.00,190,2.37,11.0,19.4,14.4,54
2016-06-28,19.2,22.4,79,1.30,292,3.87,3.0,14.0,8.7,51
2016-06-29,15.4,19.6,88,10.80,4,1.44,18.0,14.3,10.9,63
2016-06-30,18.0,25.5,72,0.00,282,5.22,0.0,10.3,7.2,32
2016-07-01,19.5,24.2,62,0.00,181,5.18,0.0,17.3,10.7,37
2016-07-02,14.9,19.7,83,17.80,275,2.28,15.0,23.8,14.6,53
2016-07-03,14.7,20.5,63,1.60,282,4.45,2.0,18.9,14.6,40
2016-07-04,18.0,24.5,70,2.00,262,4.79,6.0,16.0,11.0,40
2016-07-05,20.4,25.8,59,0.00,256,4.51,0.0,10.5,7.7,36
2016-07-06,19.1,23.8,77,3.30,90,3.75,13.0,11.5,4.4,54
2016-07-07,15.9,18.8,93,17.80,84,1.22,13.0,9.2,6.3,85
2016-07-08,15.9,18.5,86,0.60,108,2.25,5.0,10.2,4.7,67
2016-07-09,13.3,15.5,93,8.60,101,0.90,19.0,16.7,12.5,80
2016-07-10,12.4,14.7,98,7.60,55,0.73,19.0,12.4,9.1,92
2016-07-11,16.2,24.0,79,0.00,276,4.07,0.0,7.5,4.6,45
2016-07-12,20.0,25.6,71,0.00,267,3.40,0.0,10.8,7.8,42
2016-07-13,21.3,27.9,78,2.90,183,4.44,3.0,20.1,12.8,57
2016-07-14,21.1,24.1,93,13.00,200,2.04,8.0,22.9,13.8,81
2016-07-15,19.6,22.0,81,3.60,262,3.59,7.0,14.8,12.7,65
2016-07-16,16.1,21.5,67,0.50,353,4.80,3.0,14.8,9.3,39
2016-07-17,18.5,22.5,75,0.10,168,3.89,1.0,9.2,6.1,51
2016-07-18,18.6,23.1,78,3.10,212,3.29,8.0,21.3,14.4,60
2016-07-19,14.7,17.8,63,0.00,309,4.02,0.0,20.8,14.8,45
2016-07-20,17.0,23.0,63,0.00,295,4.40,0.0,14.5,12.4,44
2016-07-21,20.6,27.6,67,0.00,233,4.83,0.0,19.2,12.5,47
2016-07-22,21.0,24.1,81,7.40,247,2.98,10.0,20.4,15.1,60
2016-07-23,19.2,23.2,78,0.40,323,3.88,1.0,13.4,10.3,58
2016-07-24,17.7,23.7,64,0.00,335,5.07,0.0,16.3,10.7,45
2016-07-25,18.4,22.5,87,16.10,159,2.34,7.0,15.3,8.8,60
2016-07-26,19.8,23.3,88,5.80,280,3.41,8.0,11.1,9.1,67
2016-07-27,20.5,26.3,78,4.10,239,3.93,3.0,12.3,8.4,50
2016-07-28,19.1,22.2,73,0.00,323,3.66,0.0,12.6,9.1,49
2016-07-29,17.0,20.0,74,0.00,339,3.46,0.0,13.4,11.1,53
2016-07-30,16.7,20.6,71,0.00,330,3.06,0.0,11.1,9.3,50
2016-07-31,18.3,23.8,72,0.00,335,4.61,0.0,8.3,6.0,43
2016-08-01,18.5,23.5,68,0.00,53,3.95,0.0,9.7,6.5,44
2016-08-02,20.0,24.8,66,0.00,109,4.37,0.0,7.6,4.8,41
2016-08-03,20.4,26.4,65,0.00,191,4.57,0.0,12.0,7.0,37
2016-08-04,20.9,27.0,76,3.90,206,3.78,8.0,12.6,9.5,53
2016-08-05,22.6,27.2,71,0.40,200,4.57,2.0,21.3,13.5,50
2016-08-06,19.9,24.0,76,4.70,281,3.95,5.0,18.4,13.6,49
2016-08-07,16.5,19.2,75,8.00,306,3.12,7.0,17.8,12.3,63
2016-08-08,16.2,19.7,60,0.00,308,4.82,0.0,18.1,14.5,30
2016-08-09,16.4,23.4,58,0.00,263,4.47,0.0,12.4,7.6,37
2016-08-10,19.9,28.2,67,0.00,178,4.61,0.0,12.7,10.5,44
2016-08-11,20.7,25.6,70,1.70,334,4.36,4.0,12.0,7.1,36
2016-08-12,16.7,21.9,85,33.40,12,1.35,13.0,11.1,7.8,66
2016-08-13,16.2,21.0,75,0.20,60,2.83,1.0,12.2,8.9,57
2016-08-14,14.8,17.0,94,17.10,48,0.88,14.0,13.7,8.4,82
2016-08-15,16.8,22.5,80,0.00,319,3.24,0.0,11.2,7.2,54
2016-08-16,18.4,22.1,84,2.60,194,2.16,3.0,11.5,7.4,69
2016-08-17,18.9,24.1,83,20.50,346,3.64,9.0,14.3,11.1,53
2016-08-18,19.3,23.0,74,0.00,296,3.94,0.0,13.6,10.9,46
2016-08-19,18.5,24.3,68,0.00,316,4.23,0.0,10.5,6.4,47
2016-08-20,19.6,24.1,76,0.00,162,4.27,0.0,16.1,11.9,51
2016-08-21,19.5,21.7,83,13.30,166,1.63,7.0,25.0,17.9,74
2016-08-22,15.6,18.6,78,3.50,298,2.30,7.0,21.8,16.0,54
2016-08-23,16.0,22.8,68,0.80,246,3.48,2.0,21.8,12.6,45
2016-08-24,20.4,26.0,74,0.10,223,4.15,1.0,16.6,11.5,53
2016-08-25,20.7,23.9,82,3.30,201,2.29,10.0,14.5,11.7,73
2016-08-26,20.5,23.7,80,0.00,271,3.64,0.0,19.2,10.0,49
2016-08-27,17.6,22.0,69,0.00,341,3.82,0.0,12.5,7.4,45
2016-08-28,17.0,20.8,81,2.20,151,1.48,6.0,12.3,7.7,77
2016-08-29,17.6,20.5,78,2.10,314,2.93,2.0,25.0,15.8,47
2016-08-30,17.7,22.3,68,0.00,265,3.10,0.0,11.0,8.5,44
2016-08-31,18.0,21.1,83,2.40,251,2.40,4.0,10.8,6.3,66
2016-09-01,15.4,18.6,76,0.30,329,2.34,1.0,15.3,10.8,56
2016-09-02,13.9,16.6,70,0.10,345,3.09,1.0,15.6,12.8,48
2016-09-03,14.2,20.8,69,0.10,314,3.49,1.0,9.7,6.2,47
2016-09-04,16.8,23.3,76,0.00,198,3.72,0.0,10.9,5.6,47
2016-09-05,17.5,24.4,76,0.00,201,3.88,0.0,12.1,6.4,47
2016-09-06,18.4,25.4,77,0.00,189,3.85,0.0,12.1,7.9,48
2016-09-07,19.8,26.0,77,0.00,183,3.00,0.0,11.9,9.5,59
2016-09-08,18.3,21.4,98,74.50,59,0.35,24.0,16.0,9.1,81
2016-09-09,18.7,21.4,84,5.90,277,2.53,5.0,16.3,10.2,56
2016-09-10,17.7,22.7,78,1.00,155,2.67,2.0,17.8,8.7,56
2016-09-11,16.1,19.1,80,12.70,235,1.80,13.0,29.5,22.2,48
2016-09-12,14.4,20.6,64,0.00,263,3.43,0.0,16.8,12.7,44
2016-09-13,16.4,22.3,69,0.00,209,3.59,0.0,16.4,12.4,51
2016-09-14,14.8,17.7,78,2.20,308,1.96,6.0,22.7,14.7,53
2016-09-15,10.7,14.4,67,0.00,324,2.70,0.0,12.7,8.7,51
2016-09-16,12.0,17.7,74,0.00,198,2.68,0.0,10.8,6.4,46
2016-09-17,12.9,17.5,84,8.00,165,1.40,5.0,19.8,11.6,71
2016-09-18,17.2,20.8,89,27.00,223,1.85,10.0,16.2,10.3,71
2016-09-19,16.6,21.1,90,4.80,146,1.73,3.0,11.8,7.0,74
2016-09-20,16.3,21.7,81,5.00,184,2.38,6.0,17.5,12.7,40
2016-09-21,16.0,21.0,60,0.00,267,3.59,0.0,18.5,12.7,38
2016-09-22,12.5,15.8,71,1.60,324,1.82,4.0,11.1,8.8,54
2016-09-23,10.3,13.5,78,5.50,0,1.91,9.0,15.2,11.9,47
2016-09-24,8.3,10.5,63,0.00,323,2.26,0.0,18.8,13.2,48
2016-09-25,7.7,11.3,63,0.00,327,1.95,0.0,20.9,14.7,50
2016-09-26,8.3,13.8,72,0.00,249,2.38,0.0,11.5,7.1,48
2016-09-27,10.1,15.8,83,7.10,143,1.74,9.0,10.5,8.1,50
2016-09-28,9.4,13.3,84,1.00,106,1.26,3.0,14.9,10.9,65
2016-09-29,9.6,14.8,71,0.00,89,2.32,0.0,9.6,6.6,51
2016-09-30,9.7,16.2,73,0.00,75,2.23,0.0,7.2,5.0,37
2016-10-01,11.3,16.8,68,0.00,90,2.19,0.0,9.3,7.2,41
2016-10-02,9.8,11.6,82,4.90,121,0.77,10.0,9.3,7.1,69
2016-10-03,10.8,14.0,88,3.60,3,1.25,6.0,13.0,8.1,65
2016-10-04,10.1,16.0,67,0.00,111,2.13,0.0,7.2,3.9,46
2016-10-05,10.9,17.5,79,0.00,214,2.19,0.0,7.3,4.4,53
2016-10-06,12.4,19.6,82,0.00,204,2.01,0.0,12.0,8.2,59
2016-10-07,13.7,20.5,85,0.00,192,2.20,0.0,12.3,7.2,59
2016-10-08,12.2,13.9,93,5.60,179,0.50,10.0,14.4,12.2,86
2016-10-09,7.5,11.5,73,0.10,324,1.39,1.0,17.1,12.1,50
2016-10-10,5.3,8.5,58,0.00,345,2.11,0.0,19.1,15.3,43
2016-10-11,6.6,14.5,70,0.00,206,2.02,0.0,12.1,7.6,40
2016-10-12,8.8,15.0,72,0.00,165,2.01,0.0,16.2,10.7,48
2016-10-13,8.0,9.9,84,6.40,183,0.69,7.0,21.9,15.4,72
2016-10-14,4.1,7.7,59,0.00,313,1.69,0.0,19.3,11.5,45
2016-10-15,5.8,10.5,67,0.00,168,1.70,0.0,19.6,12.6,49
2016-10-16,8.8,12.3,83,5.70,182,0.71,8.0,15.4,13.3,66
2016-10-17,8.3,12.1,73,0.00,334,1.60,0.0,15.0,11.5,49
2016-10-18,7.2,14.8,82,12.00,129,0.54,8.0,22.9,16.6,67
2016-10-19,10.2,16.1,76,2.80,286,1.28,3.0,22.6,13.9,53
2016-10-20,7.5,11.9,82,1.90,172,0.83,5.0,11.5,7.9,66
2016-10-21,6.4,7.4,100,35.70,28,0.17,24.0,20.9,12.4,100
2016-10-22,4.6,5.4,100,18.60,351,0.16,24.0,20.7,18.4,100
2016-10-23,2.2,4.1,86,31.80,294,0.71,19.0,27.9,22.2,63
2016-10-24,1.6,3.0,65,0.40,286,1.28,3.0,27.6,20.8,54
2016-10-25,0.8,2.6,69,0.10,320,1.10,1.0,22.2,17.9,55
2016-10-26,-0.9,1.3,71,0.00,335,0.87,0.0,16.6,12.9,54
2016-10-27,-2.2,2.2,74,0.00,65,0.75,0.0,15.3,10.4,62
2016-10-28,0.6,2.0,88,6.80,114,0.43,14.0,18.7,14.9,79
2016-10-29,0.9,1.3,97,10.70,147,0.17,15.0,14.1,9.7,90
2016-10-30,1.5,3.9,88,0.30,334,0.56,1.0,13.7,10.5,70
2016-10-31,0.4,2.0,74,0.00,339,0.83,0.0,17.4,13.1,58
2016-11-01,-1.0,2.6,76,2.30,151,0.67,7.0,18.1,10.3,63
2016-11-02,5.0,9.8,94,11.30,175,0.58,7.0,15.0,8.9,80
2016-11-03,5.5,7.2,96,1.30,355,0.32,6.0,10.7,6.9,84
2016-11-04,1.1,4.0,68,0.10,337,1.09,1.0,19.8,14.4,42
2016-11-05,1.0,5.1,74,0.10,258,0.71,1.0,12.7,8.7,64
2016-11-06,1.6,3.5,76,0.00,336,0.77,0.0,16.8,12.6,53
2016-11-07,0.1,5.9,72,0.00,175,0.97,0.0,12.4,8.7,54
2016-11-08,2.1,9.2,89,0.00,173,0.93,0.0,12.7,8.5,67
2016-11-09,2.9,5.6,80,1.20,332,0.71,3.0,22.3,14.9,55
2016-11-10,-0.2,3.3,70,0.00,211,0.80,0.0,18.8,12.1,60
2016-11-11,2.1,5.0,75,3.80,309,0.95,7.0,28.7,20.7,47
2016-11-12,-0.9,2.7,56,0.00,275,1.31,0.0,26.6,16.6,47
2016-11-13,4.1,9.1,70,0.00,240,1.23,0.0,17.2,12.8,56
2016-11-14,4.2,9.2,81,0.00,230,0.83,0.0,12.2,9.8,61
2016-11-15,5.4,9.3,80,0.00,82,0.76,0.0,10.1,6.8,64
2016-11-16,4.2,5.9,96,18.20,79,0.18,18.0,14.1,8.8,86
2016-11-17,4.1,5.8,91,1.30,328,0.50,2.0,15.5,11.5,75
2016-11-18,3.6,8.1,85,0.00,129,0.77,0.0,7.1,4.4,65
2016-11-19,4.0,10.4,83,0.00,130,0.97,0.0,17.2,11.4,56
2016-11-20,4.0,5.6,94,12.20,88,0.21,12.0,18.0,10.1,76
2016-11-21,1.7,3.1,99,13.80,338,0.32,24.0,12.8,7.7,93
2016-11-22,-1.9,-0.4,76,2.30,306,0.71,10.0,23.2,19.4,61
2016-11-23,-3.3,-0.6,70,0.00,319,0.73,0.0,20.1,16.6,63
2016-11-24,-3.5,-1.0,81,0.00,76,0.36,0.0,10.6,7.2,64
2016-11-25,-2.4,-1.4,85,4.50,99,0.22,19.0,9.2,7.5,77
2016-11-26,-1.8,0.1,94,3.10,125,0.27,13.0,5.1,2.9,83
2016-11-27,-1.6,-0.2,89,1.30,291,0.36,7.0,10.7,5.5,72
2016-11-28,-3.6,-0.8,77,0.00,323,0.51,0.0,11.7,9.2,66
2016-11-29,-3.9,-1.3,84,6.30,117,0.27,7.0,19.9,11.3,68
2016-11-30,-0.4,1.4,95,0.00,118,0.25,0.0,17.2,9.9,87
2016-12-01,-0.6,-0.3,93,30.00,120,0.19,23.0,28.7,20.7,91
2016-12-02,0.1,1.1,94,2.90,231,0.28,14.0,10.6,8.1,83
2016-12-03,-2.3,-0.7,85,0.60,328,0.38,4.0,17.3,14.8,70
2016-12-04,-7.9,-6.0,81,0.00,323,0.35,0.0,15.8,12.8,64
2016-12-05,-11.6,-6.3,85,2.00,9,0.20,7.0,9.8,6.3,76
2016-12-06,-7.5,-2.9,86,0.00,331,0.28,0.0,9.4,6.0,76
2016-12-07,-6.0,-2.6,90,1.50,144,0.16,8.0,11.6,7.9,87
2016-12-08,-3.3,-1.2,86,0.60,215,0.40,5.0,14.8,12.3,64
2016-12-09,-9.0,-4.8,72,0.00,302,0.43,0.0,20.6,16.4,57
2016-12-10,-13.7,-9.8,69,0.00,320,0.37,0.0,16.9,13.1,58
2016-12-11,-13.6,-10.5,76,0.00,302,0.27,0.0,8.9,5.9,60
2016-12-12,-11.3,-8.8,79,7.70,104,0.23,16.0,18.6,11.7,70
2016-12-13,-11.5,-7.4,84,0.50,237,0.23,3.0,15.1,9.5,73
2016-12-14,-7.7,-3.4,78,3.00,214,0.36,11.0,17.8,12.9,47
2016-12-15,-16.3,-10.1,72,0.00,293,0.22,0.0,18.5,12.2,52
2016-12-16,-25.8,-21.9,64,0.00,292,0.20,0.0,18.4,13.3,50
2016-12-17,-17.8,-12.0,80,2.90,139,0.14,10.0,11.4,8.7,74
2016-12-18,-10.3,-8.6,83,8.60,322,0.21,18.0,18.7,9.7,66
2016-12-19,-22.8,-15.2,69,0.00,278,0.21,0.0,19.5,10.9,52
2016-12-20,-15.4,-8.1,80,0.00,171,0.24,0.0,18.3,14.4,75
2016-12-21,-5.3,-0.6,80,0.30,217,0.45,3.0,17.5,12.9,69
2016-12-22,-4.3,-0.9,88,2.30,200,0.25,12.0,9.3,6.4,79
2016-12-23,-4.3,-0.6,87,0.00,234,0.28,0.0,13.2,10.3,75
2016-12-24,-2.4,-0.0,89,2.20,198,0.25,5.0,14.8,11.5,76
2016-12-25,-8.0,0.3,67,0.00,315,0.59,0.0,23.2,19.6,50
2016-12-26,-15.7,-7.8,75,7.40,74,0.24,5.0,18.9,12.8,59
2016-12-27,-0.9,3.2,82,6.90,227,0.59,11.0,23.0,19.2,60
2016-12-28,-9.2,-2.2,80,0.00,330,0.27,0.0,13.3,10.6,65
2016-12-29,-13.1,-6.6,84,5.40,117,0.17,8.0,19.1,12.7,78
2016-12-30,-6.3,-4.8,82,3.50,299,0.37,11.0,22.9,16.0,60
2016-12-31,-16.9,-11.2,72,1.50,294,0.25,4.0,18.1,10.1,60
2017-01-01,-9.9,-6.3,80,4.70,179,0.37,13.0,15.1,10.8,60
2017-01-02,-9.6,-3.8,81,0.00,169,0.37,0.0,10.7,5.7,70
2017-01-03,-7.5,-5.2,85,8.20,104,0.21,12.0,18.9,12.7,81
2017-01-04,-6.0,-5.0,87,13.90,126,0.24,22.0,21.6,15.7,84
2017-01-05,-11.6,-4.7,66,0.40,245,0.41,4.0,23.0,15.5,45
2017-01-06,-18.2,-13.5,69,0.00,256,0.27,0.0,10.4,6.9,48
2017-01-07,-22.4,-18.2,73,0.00,330,0.19,0.0,11.2,6.8,52
2017-01-08,-24.2,-19.4,69,0.00,342,0.20,0.0,13.4,10.4,54
2017-01-09,-24.6,-20.1,71,0.40,211,0.18,4.0,14.0,10.3,57
2017-01-10,-13.9,-7.8,77,0.40,151,0.35,4.0,18.9,12.2,60
2017-01-11,-1.3,1.9,79,20.00,183,0.71,18.0,30.5,23.1,55
2017-01-12,0.7,2.7,83,6.90,183,0.48,9.0,21.3,12.6,69
2017-01-13,-10.1,-3.8,67,1.60,292,0.44,4.0,25.8,16.0,45
2017-01-14,-21.4,-17.5,67,0.00,244,0.25,0.0,14.5,8.8,46
2017-01-15,-16.6,-14.8,69,0.10,299,0.31,1.0,16.2,10.3,50
2017-01-16,-12.3,-3.5,76,0.70,194,0.34,3.0,15.0,11.1,65
2017-01-17,-7.1,-4.5,77,0.00,357,0.47,0.0,12.3,9.6,55
2017-01-18,-8.9,-6.4,74,0.90,122,0.41,9.0,17.9,13.9,67
2017-01-19,-3.8,1.2,86,3.50,233,0.47,8.0,11.0,7.1,69
2017-01-20,-2.2,0.1,88,0.00,205,0.40,0.0,10.1,7.2,72
2017-01-21,-1.4,0.6,89,0.00,214,0.35,0.0,10.1,5.2,75
2017-01-22,-1.8,-0.4,87,0.00,26,0.37,0.0,13.6,6.9,70
2017-01-23,-6.6,-3.2,80,0.00,104,0.53,0.0,14.0,10.8,60
2017-01-24,-6.8,-4.1,73,14.30,69,0.33,8.0,11.3,8.1,57
2017-01-25,-3.6,-2.4,91,21.10,328,0.23,23.0,9.4,7.1,83
2017-01-26,-4.0,-1.6,85,1.30,226,0.39,11.0,12.9,8.9,64
2017-01-27,-5.5,-4.1,68,1.70,281,0.66,13.0,22.0,16.6,53
2017-01-28,-7.7,-4.7,72,0.10,290,0.59,1.0,16.3,12.7,59
2017-01-29,-7.5,-4.6,79,0.50,309,0.52,5.0,10.8,6.7,50
2017-01-30,-13.8,-10.4,75,0.00,319,0.42,0.0,9.1,6.6,56
2017-01-31,-16.3,-11.6,75,0.00,255,0.40,0.0,9.5,6.4,56
2017-02-01,-15.9,-10.4,71,0.40,89,0.31,4.0,10.0,5.7,53
2017-02-02,-14.4,-11.0,72,0.00,267,0.44,0.0,11.7,8.4,45
2017-02-03,-16.3,-13.0,66,0.10,275,0.40,1.0,17.4,7.7,47
2017-02-04,-17.2,-11.0,68,0.00,272,0.38,0.0,13.8,7.6,51
2017-02-05,-10.4,-5.4,81,3.30,185,0.30,21.0,20.1,10.4,73
2017-02-06,-13.4,-6.4,64,0.60,300,0.50,4.0,24.1,13.4,46
2017-02-07,-18.9,-13.4,65,0.20,59,0.40,2.0,18.2,8.6,47
2017-02-08,-10.8,-4.4,69,13.50,147,0.71,15.0,31.7,20.8,49
2017-02-09,-16.8,-10.8,64,0.00,343,0.40,0.0,15.6,11.7,48
2017-02-10,-21.6,-18.3,63,0.00,321,0.35,0.0,19.7,11.6,38
2017-02-11,-17.7,-11.9,64,0.90,118,0.44,8.0,10.8,8.1,53
2017-02-12,-15.9,-10.3,73,1.90,106,0.37,5.0,20.1,10.8,66
2017-02-13,-9.0,-5.1,74,6.40,56,0.71,14.0,20.0,13.0,57
2017-02-14,-10.8,-6.7,80,0.00,151,0.51,0.0,10.7,6.8,62
2017-02-15,-9.2,-5.9,80,3.40,111,0.40,19.0,14.7,11.6,72
2017-02-16,-6.0,-2.6,78,3.40,344,0.77,13.0,20.7,12.3,50
2017-02-17,-8.5,-4.5,68,0.00,321,0.87,0.0,20.0,17.0,45
2017-02-18,-7.4,-1.5,76,0.20,176,0.70,2.0,14.9,9.8,55
2017-02-19,1.1,3.3,77,1.10,295,0.80,6.0,19.4,11.6,60
2017-02-20,-4.8,-1.1,67,0.00,339,1.02,0.0,19.6,15.1,40
2017-02-21,-8.7,-2.7,69,0.00,127,0.75,0.0,13.7,9.0,44
2017-02-22,-1.5,3.6,78,0.60,168,0.92,3.0,11.1,6.6,64
2017-02-23,1.8,7.0,91,8.40,171,0.55,15.0,16.0,10.5,79
2017-02-24,0.6,7.0,84,1.00,328,0.63,3.0,17.1,9.2,70
2017-02-25,-0.2,6.8,89,8.70,111,0.37,14.0,23.2,16.0,79
2017-02-26,-3.2,5.8,69,9.80,268,0.89,7.0,22.7,15.7,46
2017-02-27,-5.4,-0.7,68,0.80,239,1.14,4.0,27.4,16.0,45
2017-02-28,-6.0,1.2,70,0.00,179,1.17,0.0,12.9,8.0,45
2017-03-01,0.3,2.3,85,20.20,109,0.39,22.0,14.9,11.2,65
2017-03-02,-5.7,-0.3,76,10.40,323,0.63,20.0,26.5,17.0,44
2017-03-03,-16.1,-12.3,60,0.00,315,0.71,0.0,19.9,14.1,33
2017-03-04,-20.8,-17.1,61,0.00,325,0.46,0.0,24.5,16.0,40
2017-03-05,-18.3,-11.3,56,0.00,330,0.76,0.0,21.9,16.9,33
2017-03-06,-14.5,-6.0,62,0.00,343,0.70,0.0,9.5,6.2,34
2017-03-07,-4.8,-0.1,68,1.10,137,0.64,8.0,18.4,13.6,54
2017-03-08,1.9,6.1,79,10.00,177,1.46,19.0,19.4,13.5,45
2017-03-09,-4.5,0.2,62,0.50,271,1.04,3.0,24.9,18.0,39
2017-03-10,-14.8,-10.1,63,0.00,318,0.73,0.0,16.0,10.5,40
2017-03-11,-22.3,-16.7,49,0.00,315,0.47,0.0,21.8,18.3,35
2017-03-12,-18.8,-13.8,57,0.40,309,0.64,4.0,19.1,17.3,46
2017-03-13,-16.2,-10.6,62,0.00,316,0.85,0.0,16.1,11.0,43
2017-03-14,-13.2,-7.9,69,2.10,9,0.61,6.0,23.0,9.7,49
2017-03-15,-8.4,-6.1,71,18.80,356,0.75,24.0,28.3,23.8,63
2017-03-16,-10.5,-7.1,62,0.90,320,0.83,8.0,21.5,18.0,45
2017-03-17,-10.6,-4.6,68,0.00,323,1.14,0.0,14.2,11.1,41
2017-03-18,-8.4,-1.8,61,0.00,98,1.47,0.0,10.9,5.6,38
2017-03-19,-5.7,2.7,63,0.00,84,1.74,0.0,11.0,6.3,30
2017-03-20,-4.3,2.4,65,0.00,108,1.41,0.0,10.5,7.5,43
2017-03-21,-0.2,4.7,66,0.00,297,2.05,0.0,12.4,7.3,22
2017-03-22,-10.6,-0.5,57,3.90,330,0.92,7.0,28.0,23.1,35
2017-03-23,-13.1,-5.8,58,0.00,316,1.20,0.0,15.5,12.2,33
2017-03-24,-6.6,-2.4,77,2.80,179,0.62,12.0,15.5,10.2,56
2017-03-25,-4.2,-2.3,68,0.00,339,1.51,0.0,20.0,12.6,37
2017-03-26,-7.6,-0.5,62,0.00,19,1.68,0.0,13.2,6.7,33
2017-03-27,-3.0,-1.4,79,11.80,122,0.53,20.0,17.7,14.3,56
2017-03-28,0.1,5.3,88,4.90,113,0.88,17.0,12.4,7.4,62
2017-03-29,0.2,2.7,70,0.80,338,1.43,7.0,19.0,13.5,43
2017-03-30,-2.4,2.4,69,0.00,350,1.89,0.0,16.3,12.3,41
2017-03-31,-2.6,2.8,66,0.00,83,1.76,0.0,12.1,8.1,37
2017-04-01,-0.7,1.9,73,1.70,115,1.09,14.0,13.2,9.5,64
2017-04-02,-1.2,4.3,76,0.00,284,1.69,0.0,15.6,9.6,44
2017-04-03,-1.7,6.6,68,0.00,349,2.34,0.0,12.2,6.0,20
2017-04-04,-0.8,1.5,75,14.30,118,0.81,10.0,26.1,16.7,60
2017-04-05,0.2,3.3,88,12.50,125,0.78,16.0,26.0,14.4,76
2017-04-06,0.1,3.3,91,8.00,91,0.57,7.0,15.5,9.5,74
2017-04-07,0.8,1.8,91,25.00,10,0.54,24.0,16.2,11.1,82
2017-04-08,1.5,4.4,68,1.40,326,1.75,13.0,29.5,20.4,45
2017-04-09,1.4,9.0,71,1.60,249,2.44,3.0,15.5,8.6,38
2017-04-10,7.2,15.6,68,3.50,168,2.84,11.0,15.2,11.0,39
2017-04-11,3.0,8.6,80,4.60,346,0.72,9.0,15.4,11.8,72
2017-04-12,1.7,4.8,88,1.90,174,0.61,8.0,12.4,6.6,77
2017-04-13,3.2,7.8,65,0.10,305,2.74,1.0,17.0,14.2,34
2017-04-14,1.6,10.3,63,0.00,304,2.90,0.0,15.1,9.4,27
2017-04-15,4.5,12.5,60,0.00,222,3.21,0.0,14.2,9.2,32
2017-04-16,5.1,8.3,93,16.60,280,0.89,12.0,15.5,9.1,65
2017-04-17,2.2,4.7,84,5.20,334,1.31,14.0,16.8,9.3,53
2017-04-18,0.2,6.7,63,0.00,339,2.82,0.0,12.4,7.5,31
2017-04-19,1.5,8.1,77,11.40,149,1.26,6.0,25.9,16.8,60
2017-04-20,4.4,10.3,79,4.80,0,2.10,4.0,16.8,12.5,44
2017-04-21,1.3,3.9,88,9.70,116,0.53,13.0,27.1,20.5,76
2017-04-22,2.2,5.5,95,4.50,117,0.69,21.0,23.2,11.5,75
2017-04-23,4.0,14.3,72,0.50,246,2.99,2.0,22.1,11.8,35
2017-04-24,-1.3,4.7,56,1.00,335,2.64,2.0,18.8,12.7,26
2017-04-25,2.6,13.0,46,0.00,96,3.35,0.0,17.6,11.4,35
2017-04-26,7.3,11.7,94,8.00,133,1.09,11.0,17.9,12.1,79
2017-04-27,10.8,15.6,91,0.00,123,1.50,0.0,14.0,11.5,76
2017-04-28,12.4,19.7,79,0.60,161,3.01,3.0,20.9,16.9,34
2017-04-29,8.4,12.7,66,1.40,266,2.63,3.0,24.5,14.3,40
2017-04-30,2.6,9.4,58,0.00,340,2.61,0.0,20.9,10.5,36
2017-05-01,2.4,5.9,93,18.50,99,0.34,21.0,17.6,11.9,59
2017-05-02,6.0,12.7,92,13.80,148,1.35,17.0,21.6,14.2,57
2017-05-03,5.2,7.0,78,5.60,297,1.71,14.0,26.3,15.7,45
2017-05-04,5.8,13.7,52,0.00,253,3.75,0.0,13.9,9.7,29
2017-05-05,5.7,8.5,84,7.30,130,0.75,15.0,17.1,10.6,54
2017-05-06,7.1,11.9,97,9.00,114,0.70,16.0,27.9,21.2,91
2017-05-07,9.5,12.3,89,15.10,157,1.19,16.0,25.6,17.2,57
2017-05-08,3.2,6.4,80,7.70,306,1.22,19.0,13.0,9.7,57
2017-05-09,2.1,5.9,80,5.90,197,1.38,18.0,14.8,8.5,45
2017-05-10,3.6,7.4,72,0.30,0,1.45,3.0,12.8,9.7,60
2017-05-11,5.6,10.2,83,0.20,15,0.98,2.0,11.4,7.0,68
2017-05-12,8.9,13.6,76,0.00,116,2.10,0.0,12.8,7.4,55
2017-05-13,10.5,16.8,71,0.80,147,3.14,3.0,17.7,10.3,48
2017-05-14,8.4,10.9,93,14.40,136,1.14,24.0,13.9,8.1,80
2017-05-15,10.7,18.9,76,2.00,354,2.78,6.0,20.9,15.2,35
2017-05-16,13.3,20.0,54,0.00,325,4.87,0.0,19.7,15.2,30
2017-05-17,14.4,24.2,68,1.30,185,3.69,2.0,19.9,10.4,52
2017-05-18,19.3,27.2,75,5.10,229,4.61,6.0,24.2,11.5,43
2017-05-19,10.7,17.9,71,8.90,330,3.37,8.0,23.4,16.2,33
2017-05-20,7.1,13.6,49,0.00,350,4.37,0.0,18.0,15.2,34
2017-05-21,10.2,17.5,53,0.00,71,4.23,0.0,12.1,7.5,30
2017-05-22,9.2,12.8,74,5.10,134,1.28,10.0,24.4,16.0,37
2017-05-23,11.1,17.0,79,3.40,237,2.49,9.0,18.5,12.6,43
2017-05-24,12.7,17.9,70,0.00,336,3.18,0.0,11.0,6.0,47
2017-05-25,14.0,19.2,67,0.00,109,3.58,0.0,16.3,11.3,51
2017-05-26,11.3,15.4,89,11.60,68,0.98,19.0,15.5,11.8,61
2017-05-27,12.7,19.2,73,0.00,173,3.92,0.0,9.9,5.1,43
2017-05-28,14.5,20.1,77,3.10,175,3.35,4.0,13.2,6.9,59
2017-05-29,12.4,16.7,79,7.50,133,2.26,8.0,20.2,16.2,66
2017-05-30,10.8,14.5,94,5.60,151,1.09,14.0,21.7,17.5,81
2017-05-31,13.3,17.7,87,10.10,191,2.60,14.0,19.2,14.3,52
2017-06-01,11.7,15.0,80,3.50,218,2.52,9.0,18.4,11.2,61
2017-06-02,8.1,10.5,76,2.30,279,1.62,11.0,15.5,11.2,63
2017-06-03,8.0,13.4,88,2.10,321,1.21,7.0,17.9,12.2,71
2017-06-04,13.1,18.5,73,1.30,296,3.53,7.0,13.0,7.4,49
2017-06-05,11.8,13.9,89,3.30,120,1.58,10.0,20.5,13.1,79
2017-06-06,13.1,20.2,68,0.90,89,4.36,5.0,17.6,12.2,29
2017-06-07,15.6,24.0,61,0.00,310,4.69,0.0,13.8,8.0,34
2017-06-08,18.6,26.5,61,0.00,239,5.24,0.0,16.8,9.6,27
2017-06-09,17.4,21.4,59,1.30,303,4.61,4.0,21.9,12.7,40
2017-06-10,14.7,22.3,51,0.00,282,5.45,0.0,16.4,9.1,28
2017-06-11,21.7,29.0,57,0.20,232,6.68,2.0,26.1,18.7,31
2017-06-12,19.3,25.1,74,4.10,257,3.42,9.0,15.9,9.1,54
2017-06-13,19.5,22.4,59,0.00,313,5.63,0.0,20.7,16.3,28
2017-06-14,11.9,17.3,51,0.00,350,4.80,0.0,20.0,15.7,35
2017-06-15,12.8,19.0,58,0.00,64,4.65,0.0,12.1,6.5,33
2017-06-16,12.4,14.7,83,28.10,132,1.17,16.0,18.8,15.5,50
2017-06-17,15.4,21.8,93,3.80,159,1.60,9.0,16.4,13.1,72
2017-06-18,19.7,24.8,91,2.70,166,2.29,14.0,22.7,14.8,70
2017-06-19,22.0,25.4,75,4.20,201,4.58,10.0,19.5,15.4,43
2017-06-20,17.4,20.7,83,9.40,219,2.83,5.0,16.3,10.8,53
2017-06-21,14.7,18.7,78,3.70,253,2.82,9.0,22.9,14.1,48
2017-06-22,15.4,21.1,61,0.00,272,4.17,0.0,18.1,10.7,37
2017-06-23,16.1,19.4,85,1.60,170,1.29,6.0,14.7,10.8,66
2017-06-24,17.2,21.4,80,4.10,296,3.83,9.0,17.5,11.6,47
2017-06-25,15.4,20.5,63,1.80,283,4.48,1.0,10.8,9.0,35
2017-06-26,13.9,18.2,60,1.40,306,3.93,4.0,13.2,9.4,30
2017-06-27,12.7,17.0,76,2.30,120,2.57,10.0,14.5,8.7,49
2017-06-28,13.9,19.6,77,3.50,254,3.92,6.0,12.6,8.6,51
2017-06-29,15.2,19.9,85,8.10,204,3.13,15.0,16.9,8.7,59
2017-06-30,16.0,20.9,82,0.00,155,2.82,0.0,12.9,8.7,61
2017-07-01,16.8,18.4,97,18.90,136,0.78,12.0,19.4,13.1,86
2017-07-02,18.8,22.9,80,15.50,238,4.16,8.0,23.4,13.9,50
2017-07-03,15.4,18.2,79,2.40,279,2.69,10.0,23.9,14.3,58
2017-07-04,16.8,21.3,66,0.10,329,4.16,1.0,11.9,9.1,42
2017-07-05,18.5,25.1,61,0.00,249,5.28,0.0,16.6,7.2,32
2017-07-06,19.8,26.4,61,0.30,204,5.14,1.0,17.4,12.7,43
2017-07-07,19.5,23.6,77,1.80,202,3.34,9.0,15.3,8.9,57
2017-07-08,17.4,21.2,84,0.30,333,2.55,2.0,11.8,7.3,58
2017-07-09,16.4,21.1,64,0.60,269,4.07,3.0,18.1,12.1,43
2017-07-10,16.6,22.4,70,1.00,230,3.87,2.0,17.0,7.5,43
2017-07-11,18.8,24.2,77,1.30,225,3.98,6.0,16.4,11.1,42
2017-07-12,14.9,19.1,66,0.00,342,2.90,0.0,12.4,7.9,46
2017-07-13,16.4,22.0,58,0.00,23,5.14,0.0,10.4,7.8,37
2017-07-14,17.0,23.2,67,0.00,102,4.93,0.0,12.2,8.0,42
2017-07-15,19.0,25.2,73,0.00,152,4.06,0.0,12.7,6.0,40
2017-07-16,18.1,21.3,78,5.90,293,2.95,8.0,12.6,8.1,66
2017-07-17,18.4,23.8,81,6.70,74,3.57,6.0,9.8,5.5,60
2017-07-18,19.4,25.0,81,0.20,168,3.69,2.0,12.4,7.8,50
2017-07-19,20.3,22.9,78,1.70,225,2.83,4.0,16.5,10.2,60
2017-07-20,19.0,23.2,84,4.40,239,3.35,5.0,9.4,5.2,64
2017-07-21,19.5,24.3,73,2.40,265,4.07,9.0,15.3,8.1,36
2017-07-22,16.0,21.0,58,0.00,323,4.81,0.0,19.3,12.9,30
2017-07-23,14.8,20.3,60,0.00,322,3.50,0.0,14.4,6.4,36
2017-07-24,14.6,18.4,65,0.20,75,2.31,2.0,13.0,8.1,47
2017-07-25,17.0,23.1,71,1.70,334,3.96,8.0,11.5,4.3,36
2017-07-26,17.6,23.4,69,0.00,204,4.23,0.0,21.1,10.5,43
2017-07-27,17.3,21.4,83,11.50,220,2.46,16.0,14.0,10.8,66
2017-07-28,15.3,18.9,68,0.00,334,3.72,0.0,19.1,13.0,41
2017-07-29,14.7,20.7,60,0.00,355,4.50,0.0,16.8,10.3,35
2017-07-30,17.3,25.5,61,0.00,307,4.91,0.0,8.0,5.3,28
2017-07-31,19.8,25.5,71,6.40,303,4.09,5.0,14.0,8.8,35
2017-08-01,18.4,26.0,61,0.00,305,4.94,0.0,15.9,7.8,36
2017-08-02,19.2,25.5,75,6.20,184,3.74,5.0,18.1,10.0,56
2017-08-03,17.6,20.4,88,4.40,338,2.21,6.0,11.7,6.8,69
2017-08-04,19.6,25.9,80,1.00,139,3.76,4.0,19.1,12.0,58
2017-08-05,18.2,20.1,94,21.40,167,1.49,20.0,21.4,16.2,74
2017-08-06,13.3,17.1,83,2.60,265,1.27,12.0,18.2,13.0,61
2017-08-07,12.6,18.2,67,0.00,298,3.25,0.0,13.8,10.0,41
2017-08-08,13.8,19.2,67,0.10,358,3.13,1.0,10.0,5.6,40
2017-08-09,15.7,19.2,69,0.40,264,3.64,4.0,15.4,10.3,41
2017-08-10,15.2,22.5,69,0.00,224,3.39,0.0,12.4,7.5,42
2017-08-11,18.0,24.2,83,1.00,153,3.19,4.0,12.8,7.9,51
2017-08-12,16.6,19.2,95,11.00,148,1.63,17.0,14.8,11.8,84
2017-08-13,17.0,21.7,79,1.50,293,3.61,4.0,16.9,11.3,42
2017-08-14,16.4,20.6,84,5.30,254,2.47,9.0,14.7,7.2,65
2017-08-15,16.7,21.2,89,8.00,172,2.31,6.0,12.8,8.1,72
2017-08-16,14.5,18.8,70,0.30,326,3.75,1.0,20.6,13.3,34
2017-08-17,15.2,21.2,65,0.00,307,4.24,0.0,12.2,9.7,40
2017-08-18,14.4,15.9,78,0.90,115,1.28,6.0,19.7,12.5,68
2017-08-19,16.7,21.0,94,4.30,143,1.35,11.0,16.7,13.1,83
2017-08-20,17.9,21.9,83,7.80,275,3.19,16.0,15.5,11.0,55
2017-08-21,20.1,26.6,73,0.00,242,4.05,0.0,21.3,11.9,44
2017-08-22,18.3,21.1,94,10.00,182,0.97,8.0,27.1,12.7,86
2017-08-23,16.6,19.2,78,6.60,246,3.01,6.0,23.4,16.4,46
2017-08-24,13.3,16.3,73,0.60,281,2.31,5.0,15.8,12.2,52
2017-08-25,12.5,16.3,73,0.10,319,2.67,1.0,17.0,12.0,45
2017-08-26,12.8,17.2,67,0.00,330,2.66,0.0,10.6,8.4,43
2017-08-27,13.5,19.1,73,0.00,341,3.14,0.0,7.2,4.8,40
2017-08-28,14.6,20.4,68,0.00,197,3.78,0.0,10.4,6.2,40
2017-08-29,14.8,20.8,68,0.00,172,2.92,0.0,10.9,5.9,47
2017-08-30,15.8,22.1,70,0.00,209,3.41,0.0,11.2,6.2,40
2017-08-31,12.9,16.7,79,7.60,320,2.36,12.0,24.3,15.7,50
2017-09-01,9.3,12.3,61,0.00,318,2.37,0.0,26.0,18.7,47
2017-09-02,10.6,17.7,67,0.00,309,3.42,0.0,11.2,7.3,41
2017-09-03,10.4,14.4,82,4.20,140,1.23,7.0,15.0,10.5,61
2017-09-04,11.8,15.2,96,10.40,183,0.81,15.0,19.9,12.3,81
2017-09-05,16.2,20.2,84,14.10,221,2.80,13.0,20.7,11.0,48
2017-09-06,12.4,15.9,89,3.60,197,1.31,6.0,10.0,6.3,79
2017-09-07,12.6,15.8,96,9.80,171,1.15,18.0,8.4,5.3,87
2017-09-08,11.7,16.0,87,5.00,234,1.88,6.0,9.9,6.9,59
2017-09-09,11.6,15.5,79,0.10,348,2.31,1.0,18.4,13.3,51
2017-09-10,11.5,18.7,67,0.00,325,3.15,0.0,12.5,9.6,42
2017-09-11,14.5,22.5,72,0.00,289,3.47,0.0,11.9,9.1,46
2017-09-12,15.5,22.1,72,0.00,251,3.11,0.0,16.0,8.9,51
2017-09-13,17.0,25.1,70,0.00,240,3.67,0.0,16.2,9.6,37
2017-09-14,17.0,22.9,79,0.00,290,2.95,0.0,9.5,7.1,57
2017-09-15,15.8,23.1,74,0.00,65,3.17,0.0,12.4,8.1,55
2017-09-16,17.6,21.9,84,0.00,261,2.00,0.0,11.5,7.0,70
2017-09-17,18.7,26.4,83,0.00,169,3.16,0.0,13.5,8.3,45
2017-09-18,17.9,22.4,88,0.00,155,1.99,0.0,11.2,8.8,67
2017-09-19,17.4,21.8,91,1.10,153,1.32,3.0,10.9,8.7,73
2017-09-20,17.5,22.2,82,0.60,4,2.87,2.0,15.0,9.2,46
2017-09-21,15.6,22.3,77,0.00,43,2.98,0.0,11.0,5.0,47
2017-09-22,17.2,24.9,70,0.00,166,3.08,0.0,10.4,5.3,50
2017-09-23,18.7,23.6,78,0.00,242,1.76,0.0,10.8,6.7,69
2017-09-24,21.5,27.3,81,0.30,273,2.69,3.0,12.6,9.6,59
2017-09-25,22.2,30.3,75,0.40,215,3.49,3.0,13.0,8.3,36
2017-09-26,21.9,25.3,74,0.40,290,2.74,1.0,12.0,8.6,59
2017-09-27,18.4,24.2,90,9.30,174,1.36,7.0,17.1,12.1,70
2017-09-28,12.2,18.2,68,0.10,307,1.92,1.0,21.4,16.7,47
2017-09-29,8.0,10.1,64,0.00,330,1.55,0.0,14.2,10.1,53
2017-09-30,7.1,10.6,65,0.00,357,2.13,0.0,11.2,8.5,42
2017-10-01,8.7,16.1,69,0.00,267,2.44,0.0,14.3,10.2,44
2017-10-02,10.5,16.1,74,0.00,342,2.30,0.0,12.8,7.8,46
2017-10-03,9.5,17.1,67,0.00,154,2.44,0.0,14.4,10.8,53
2017-10-04,14.5,22.4,79,3.30,190,1.84,5.0,19.6,13.5,63
2017-10-05,12.5,16.4,78,5.60,267,2.02,4.0,21.6,13.4,49
2017-10-06,10.4,13.8,69,0.00,281,1.57,0.0,13.8,8.6,42
2017-10-07,8.7,12.9,91,2.70,169,0.52,3.0,14.1,9.5,76
2017-10-08,15.8,19.3,93,22.00,204,0.91,10.0,24.2,16.9,72
2017-10-09,13.0,14.6,98,1.70,166,0.43,5.0,10.2,7.0,93
2017-10-10,12.9,17.7,89,0.30,303,1.35,1.0,13.3,7.1,67
2017-10-11,7.5,11.8,64,0.00,340,1.89,0.0,15.0,11.2,42
2017-10-12,6.7,12.5,69,0.00,339,1.77,0.0,9.0,5.2,43
2017-10-13,6.9,12.7,73,0.00,155,1.88,0.0,18.3,12.2,46
2017-10-14,11.9,15.6,83,2.70,218,1.05,8.0,15.8,12.1,55
2017-10-15,10.2,15.7,92,13.90,154,0.22,15.0,24.0,13.6,73
2017-10-16,5.6,13.9,68,2.00,323,1.23,4.0,23.9,15.8,43
2017-10-17,3.2,8.6,72,0.20,203,1.07,2.0,23.4,12.5,60
2017-10-18,8.5,14.3,74,0.40,244,1.82,3.0,19.0,11.8,44
2017-10-19,10.3,15.4,81,1.30,190,1.43,2.0,24.7,16.4,55
2017-10-20,8.6,12.1,63,0.00,283,1.91,0.0,19.5,12.7,44
2017-10-21,7.8,15.0,73,0.00,21,1.63,0.0,9.8,5.6,50
2017-10-22,9.6,15.6,74,0.00,140,1.75,0.0,13.0,10.7,57
2017-10-23,10.5,16.5,78,0.00,152,1.78,0.0,15.0,12.2,52
2017-10-24,13.2,16.3,90,15.80,136,0.68,9.0,26.6,18.4,78
2017-10-25,12.9,15.4,83,16.80,178,1.25,7.0,18.2,9.8,51
2017-10-26,8.8,10.5,78,1.90,337,0.64,11.0,16.6,8.8,58
2017-10-27,6.8,10.0,81,4.90,298,1.32,12.0,20.4,15.9,49
2017-10-28,6.7,13.3,79,0.00,138,1.48,0.0,17.1,12.3,53
2017-10-29,9.6,12.0,90,10.80,144,0.41,16.0,19.4,10.6,71
2017-10-30,9.3,12.0,92,30.80,138,0.52,19.0,39.4,25.7,63
2017-10-31,4.9,6.7,68,1.60,224,1.52,9.0,26.2,21.0,51
2017-11-01,1.2,5.0,72,0.50,216,0.89,4.0,15.4,8.9,49
2017-11-02,3.2,8.9,97,12.10,130,0.16,24.0,14.9,11.7,89
2017-11-03,8.4,10.0,88,21.60,249,0.75,14.0,19.1,12.5,62
2017-11-04,1.4,3.8,59,0.00,317,1.19,0.0,21.5,13.7,44
2017-11-05,0.0,4.2,72,7.60,130,0.58,10.0,24.5,16.2,57
2017-11-06,6.6,10.1,85,11.00,233,0.81,15.0,22.1,17.8,50
2017-11-07,-1.0,1.3,53,0.00,302,1.14,0.0,16.6,10.5,43
2017-11-08,-1.8,1.5,67,0.00,163,0.75,0.0,18.4,10.8,47
2017-11-09,-0.5,3.7,80,0.00,171,0.78,0.0,20.9,13.9,55
2017-11-10,-5.6,1.7,54,3.40,270,1.02,6.0,32.8,25.0,35
2017-11-11,-6.6,-1.8,47,0.00,308,1.16,0.0,25.7,16.8,20
2017-11-12,-5.0,-0.7,51,0.00,167,0.81,0.0,9.6,7.0,37
2017-11-13,-5.3,0.3,76,0.00,167,0.41,0.0,7.6,4.0,54
2017-11-14,-2.4,1.4,79,0.00,34,0.46,0.0,7.9,5.0,60
2017-11-15,-3.1,2.5,78,0.00,151,0.75,0.0,11.5,8.7,50
2017-11-16,-0.9,1.2,84,7.10,134,0.39,18.0,19.6,16.2,65
2017-11-17,-3.1,1.0,74,2.30,323,0.66,8.0,25.8,18.7,50
2017-11-18,-7.3,-3.4,62,0.10,11,0.50,1.0,13.5,8.4,44
2017-11-19,-2.7,-1.4,75,18.60,360,0.52,17.0,19.7,14.4,44
2017-11-20,-9.3,-4.4,62,0.30,292,0.57,3.0,19.0,15.3,48
2017-11-21,-8.4,3.0,73,0.00,166,0.65,0.0,16.6,12.3,60
2017-11-22,-0.7,1.1,84,2.50,264,0.38,11.0,16.5,10.9,73
2017-11-23,-8.9,-4.3,75,0.00,284,0.50,0.0,17.2,11.9,57
2017-11-24,-5.2,-1.4,84,6.90,171,0.24,13.0,17.3,11.0,73
2017-11-25,0.8,1.7,86,6.80,175,0.36,15.0,19.5,14.4,77
2017-11-26,-5.4,-1.2,79,0.00,321,0.42,0.0,17.4,13.0,63
2017-11-27,-11.2,-7.7,77,0.60,315,0.34,5.0,17.7,10.1,56
2017-11-28,-14.0,-4.4,73,0.00,154,0.39,0.0,18.9,11.8,54
2017-11-29,-1.0,4.2,75,2.30,270,0.63,9.0,22.0,15.1,56
2017-11-30,-10.4,-3.8,79,0.20,164,0.38,1.0,14.2,9.4,61
2017-12-01,-1.7,0.5,81,4.30,256,0.49,7.0,12.8,9.7,58
2017-12-02,-6.2,-0.7,84,0.00,196,0.34,0.0,8.6,5.6,69
2017-12-03,-3.6,-0.3,88,0.60,138,0.25,6.0,8.4,4.6,76
2017-12-04,-4.3,-0.7,90,0.00,132,0.39,0.0,11.9,7.2,74
2017-12-05,-0.9,2.8,87,12.30,141,0.34,20.0,25.9,21.8,80
2017-12-06,-0.2,5.2,76,6.80,199,0.63,7.0,21.3,16.6,52
2017-12-07,-5.4,-3.6,72,0.20,221,0.46,2.0,16.1,11.3,54
2017-12-08,-6.2,-3.2,74,0.70,207,0.44,7.0,17.4,9.8,53
2017-12-09,-6.6,-3.5,77,0.20,199,0.43,2.0,20.8,10.4,65
2017-12-10,-11.5,-7.7,78,1.90,332,0.22,7.0,14.2,6.1,56
2017-12-11,-17.5,-12.5,75,0.40,346,0.21,3.0,10.8,8.1,58
2017-12-12,-15.3,-8.6,76,7.30,87,0.19,16.0,14.5,9.8,70
2017-12-13,-11.9,-9.1,78,8.70,317,0.24,24.0,21.9,15.3,67
2017-12-14,-18.3,-15.4,66,0.00,280,0.30,0.0,21.8,16.8,56
2017-12-15,-19.7,-15.3,72,0.00,241,0.24,0.0,16.3,8.5,58
2017-12-16,-18.2,-14.2,75,0.40,0,0.21,4.0,10.5,6.9,55
2017-12-17,-21.4,-17.7,71,0.00,336,0.20,0.0,11.3,8.2,56
2017-12-18,-18.1,-12.4,75,0.80,145,0.18,8.0,8.4,5.3,63
2017-12-19,-11.4,-3.8,85,4.90,154,0.18,12.0,13.4,8.1,78
2017-12-20,-6.3,-1.8,77,2.00,299,0.39,9.0,19.9,12.7,56
2017-12-21,-17.2,-13.6,72,0.00,315,0.26,0.0,14.9,11.5,57
2017-12-22,-22.0,-17.9,72,0.00,352,0.19,0.0,10.2,7.8,55
2017-12-23,-12.7,-7.6,79,9.60,111,0.19,14.0,12.4,9.9,66
2017-12-24,-11.1,-8.4,75,1.70,311,0.31,4.0,12.8,8.6,47
2017-12-25,-13.5,-12.8,70,4.40,111,0.26,14.0,18.5,10.6,64
2017-12-26,-16.7,-13.5,69,0.00,256,0.28,0.0,20.5,14.3,50
2017-12-27,-26.0,-21.6,66,0.00,283,0.16,0.0,14.9,11.8,50
2017-12-28,-24.0,-20.2,63,0.50,310,0.22,3.0,19.5,15.7,53
2017-12-29,-24.1,-20.6,72,0.00,319,0.15,0.0,14.7,9.5,58
2017-12-30,-24.1,-21.1,72,0.00,315,0.15,0.0,8.9,6.8,57
2017-12-31,-23.7,-21.9,67,0.00,318,0.21,0.0,17.9,14.5,50
2018-01-01,-25.4,-21.8,68,0.00,316,0.18,0.0,15.3,12.7,53
2018-01-02,-26.8,-22.7,72,0.70,260,0.12,6.0,12.1,9.3,60
2018-01-03,-21.7,-14.3,77,0.30,126,0.16,3.0,12.9,7.5,65
2018-01-04,-12.7,-9.3,81,1.50,76,0.24,12.0,24.6,10.6,65
2018-01-05,-18.4,-11.4,67,3.70,323,0.29,18.0,28.7,25.1,55
2018-01-06,-24.0,-22.5,57,2.20,312,0.28,14.0,26.3,23.4,48
2018-01-07,-25.1,-20.8,66,1.30,259,0.18,6.0,20.1,11.7,49
2018-01-08,-15.7,-10.3,82,8.10,150,0.15,24.0,15.8,11.3,76
2018-01-09,-7.7,-6.1,76,1.30,283,0.45,8.0,22.8,14.2,52
2018-01-10,-13.6,-9.9,78,0.00,205,0.28,0.0,13.1,8.5,61
2018-01-11,-2.2,3.5,85,0.90,170,0.33,7.0,18.0,15.2,77
2018-01-12,3.9,7.7,91,18.00,190,0.29,18.0,24.3,19.3,83
2018-01-13,-15.4,-5.3,68,17.10,346,0.34,20.0,26.5,23.0,57
2018-01-14,-25.2,-20.5,69,0.00,336,0.20,0.0,15.6,8.7,47
2018-01-15,-25.2,-17.9,69,0.00,38,0.20,0.0,10.1,6.2,53
2018-01-16,-18.1,-12.4,78,0.20,93,0.26,2.0,9.4,5.8,68
2018-01-17,-15.8,-9.6,82,0.00,169,0.30,0.0,15.2,9.4,68
2018-01-18,-8.5,-4.0,78,0.20,217,0.49,2.0,14.7,10.7,61
2018-01-19,-7.6,-4.9,86,0.00,196,0.30,0.0,14.0,7.8,74
2018-01-20,-1.8,1.9,78,2.90,232,0.70,10.0,23.3,18.3,59
2018-01-21,-10.9,-4.1,70,0.00,321,0.48,0.0,20.4,8.5,49
2018-01-22,-13.7,-9.7,70,0.20,19,0.41,2.0,9.7,7.6,50
2018-01-23,-8.7,-4.1,83,19.80,113,0.26,21.0,22.7,17.1,73
2018-01-24,-9.7,-4.8,72,2.70,300,0.49,7.0,23.7,16.4,52
2018-01-25,-19.0,-15.2,68,0.00,314,0.33,0.0,17.6,14.5,50
2018-01-26,-20.0,-14.0,70,0.00,326,0.34,0.0,14.1,9.0,45
2018-01-27,-11.0,-0.0,72,0.00,158,0.49,0.0,16.6,13.3,64
2018-01-28,-1.1,2.6,74,1.80,257,0.73,5.0,20.1,15.7,55
2018-01-29,-14.7,-10.2,75,0.00,356,0.41,0.0,13.4,9.0,57
2018-01-30,-18.9,-14.0,72,0.00,349,0.34,0.0,13.9,9.1,52
2018-01-31,-18.5,-12.9,71,0.30,324,0.39,2.0,14.8,10.1,46
2018-02-01,-10.2,-2.8,83,2.90,157,0.35,8.0,17.3,12.4,73
2018-02-02,-15.2,-3.0,67,1.30,314,0.38,3.0,19.4,14.9,47
2018-02-03,-22.3,-16.9,69,0.40,252,0.25,4.0,15.7,8.4,57
2018-02-04,-12.6,-4.5,86,9.10,145,0.22,21.0,14.0,11.8,81
2018-02-05,-8.7,-3.9,75,4.70,286,0.47,14.0,21.5,13.7,42
2018-02-06,-13.6,-8.1,73,0.60,212,0.43,6.0,15.3,10.2,47
2018-02-07,-16.4,-12.5,76,4.40,77,0.22,8.0,10.7,7.5,56
2018-02-08,-15.1,-10.5,74,1.20,301,0.47,4.0,11.5,8.2,48
2018-02-09,-15.3,-10.5,70,0.00,234,0.45,0.0,11.9,8.7,46
2018-02-10,-12.6,-6.8,81,1.20,153,0.38,8.0,11.8,5.8,65
2018-02-11,-9.7,-5.8,82,4.20,68,0.36,10.0,22.8,8.5,64
2018-02-12,-6.9,-0.9,68,4.50,266,0.67,6.0,24.4,17.1,42
2018-02-13,-15.7,-9.5,66,0.00,255,0.59,0.0,14.8,9.4,37
2018-02-14,-7.2,1.8,68,0.00,186,0.83,0.0,16.7,13.0,51
2018-02-15,-3.9,-0.5,91,3.50,172,0.33,5.0,12.9,9.1,83
2018-02-16,-3.4,1.4,74,0.00,313,0.61,0.0,18.0,14.1,50
2018-02-17,-14.3,-8.6,72,0.00,211,0.57,0.0,14.7,10.0,55
2018-02-18,-7.9,-1.7,74,0.00,229,0.68,0.0,15.7,8.6,46
2018-02-19,-4.6,1.7,77,0.20,175,0.95,2.0,18.4,12.5,58
2018-02-20,-1.2,-0.1,91,7.90,80,0.29,18.0,15.5,8.3,85
2018-02-21,2.2,7.1,87,3.10,192,0.57,11.0,20.3,14.0,50
2018-02-22,-9.8,-3.0,66,0.00,329,0.71,0.0,19.4,9.2,41
2018-02-23,-11.0,-5.8,65,1.00,148,0.57,3.0,19.1,8.1,48
2018-02-24,-2.9,-0.3,74,2.20,286,0.89,5.0,16.8,13.1,49
2018-02-25,-9.1,-4.6,77,7.20,120,0.39,8.0,27.7,16.3,59
2018-02-26,-0.7,1.2,76,1.40,225,1.08,9.0,22.7,16.4,45
2018-02-27,-2.8,3.0,75,0.20,226,1.06,1.0,15.2,10.0,48
2018-02-28,-1.1,1.3,83,4.10,280,0.81,8.0,12.2,6.3,62
2018-03-01,-2.0,-0.4,81,5.80,355,0.87,7.0,16.7,11.7,60
2018-03-02,-3.5,0.7,79,0.00,9,0.71,0.0,16.7,12.1,61
2018-03-03,-1.2,2.6,80,0.10,354,0.76,1.0,15.1,12.2,66
2018-03-04,-0.9,2.3,82,0.40,7,0.80,4.0,15.0,8.6,50
2018-03-05,-1.7,2.1,75,0.00,22,1.15,0.0,11.4,9.0,50
2018-03-06,-3.6,0.7,77,0.00,84,1.01,0.0,13.4,7.8,54
2018-03-07,-3.9,-2.7,77,0.60,109,0.66,3.0,17.3,15.3,62
2018-03-08,-3.8,-2.3,81,8.10,56,0.53,18.0,15.7,11.2,70
2018-03-09,-3.6,-0.1,80,4.60,354,0.74,23.0,11.8,6.8,51
2018-03-10,-3.7,-0.3,81,2.50,341,0.70,11.0,16.5,10.3,56
2018-03-11,-2.7,0.2,81,2.60,328,0.80,15.0,16.5,9.4,56
2018-03-12,-4.4,0.5,78,0.10,51,1.01,1.0,12.2,7.3,54
2018-03-13,-2.5,-0.3,77,3.10,72,0.72,18.0,15.7,12.3,58
2018-03-14,-1.9,-0.6,77,9.50,13,0.81,23.0,20.7,17.0,63
2018-03-15,-2.8,-0.7,77,1.60,316,0.92,12.0,23.5,16.4,56
2018-03-16,-8.1,-3.8,64,0.00,312,1.08,0.0,23.2,20.0,47
2018-03-17,-13.8,-9.5,54,0.00,316,0.86,0.0,24.2,18.6,38
2018-03-18,-15.5,-10.1,59,0.00,320,0.90,0.0,15.8,14.0,35
2018-03-19,-13.1,-7.3,61,0.00,327,0.99,0.0,20.8,17.3,46
2018-03-20,-10.6,-4.4,66,0.00,327,1.20,0.0,18.2,14.3,46
2018-03-21,-7.3,0.1,69,0.00,350,1.51,0.0,13.2,9.7,44
2018-03-22,-4.0,2.6,71,0.00,354,1.65,0.0,14.4,10.5,42
2018-03-23,-2.3,2.4,72,0.00,341,1.46,0.0,15.3,11.1,40
2018-03-24,-4.5,-0.3,66,0.00,352,1.12,0.0,21.3,17.5,53
2018-03-25,-4.0,2.6,67,0.00,17,1.70,0.0,15.0,10.1,35
2018-03-26,-3.2,3.7,66,0.00,167,2.07,0.0,9.6,5.0,30
2018-03-27,-1.7,5.7,57,0.00,145,1.98,0.0,16.7,11.7,31
2018-03-28,1.9,7.0,73,4.20,166,2.05,11.0,17.9,9.5,45
2018-03-29,1.2,4.4,84,0.00,175,1.14,0.0,9.2,6.0,68
2018-03-30,2.1,6.2,77,11.80,343,1.49,11.0,18.6,11.6,45
2018-03-31,-3.2,2.3,64,0.10,271,1.67,1.0,20.5,12.5,41
2018-04-01,-1.3,1.1,69,2.10,242,1.51,10.0,24.9,18.6,42
2018-04-02,-6.8,-0.7,65,0.00,243,1.24,0.0,17.2,9.6,40
2018-04-03,-4.1,0.6,69,0.20,278,1.41,2.0,10.2,6.9,50
2018-04-04,-3.4,-2.4,87,33.50,85,0.38,23.0,22.5,14.1,72
2018-04-05,-9.2,-4.5,57,1.60,284,1.22,8.0,26.6,22.3,35
2018-04-06,-8.1,0.6,63,0.70,208,1.44,6.0,21.5,11.6,41
2018-04-07,-4.1,0.4,75,6.40,314,1.38,12.0,17.9,9.6,43
2018-04-08,-7.4,-3.5,66,0.40,305,1.22,4.0,13.7,7.3,41
2018-04-09,-9.2,-2.8,61,0.00,315,1.59,0.0,15.2,11.1,39
2018-04-10,-5.8,0.3,65,0.10,241,1.25,1.0,11.7,6.8,44
2018-04-11,-3.1,3.5,73,0.00,177,1.71,0.0,20.8,10.4,34
2018-04-12,-0.8,3.4,78,0.40,190,1.35,2.0,18.0,9.3,54
2018-04-13,2.3,7.7,73,3.80,323,2.32,8.0,12.3,9.2,32
2018-04-14,-5.4,1.5,57,0.00,347,1.51,0.0,22.2,16.1,36
2018-04-15,-8.2,-0.2,55,0.00,25,1.59,0.0,15.3,11.6,34
2018-04-16,-3.9,-1.5,62,13.20,110,0.95,16.0,23.7,19.8,49
2018-04-17,0.1,1.9,86,17.30,117,0.71,24.0,25.8,13.1,80
2018-04-18,0.8,3.9,84,3.70,292,1.03,17.0,15.0,8.4,58
2018-04-19,0.2,2.9,74,0.60,315,1.30,6.0,13.1,10.2,51
2018-04-20,0.7,3.1,72,0.80,334,1.44,6.0,20.4,17.3,52
2018-04-21,1.2,5.6,66,0.00,327,2.15,0.0,16.5,14.1,36
2018-04-22,1.1,7.5,64,0.00,333,2.92,0.0,12.8,9.0,30
2018-04-23,3.1,12.4,57,0.00,256,3.32,0.0,14.6,7.3,27
2018-04-24,6.0,14.6,60,0.00,195,3.37,0.0,15.9,8.8,38
2018-04-25,5.9,11.4,75,1.30,167,1.87,4.0,12.4,6.9,57
2018-04-26,4.0,6.3,90,16.60,35,0.56,22.0,13.8,8.1,83
2018-04-27,5.0,11.7,75,0.10,218,2.55,1.0,15.7,10.2,56
2018-04-28,4.8,11.3,90,1.60,111,1.23,8.0,10.3,5.2,62
2018-04-29,2.6,4.5,99,11.80,355,0.45,20.0,18.1,11.9,94
2018-04-30,4.9,9.6,92,10.70,11,1.12,18.0,15.2,10.2,71
2018-05-01,6.9,15.9,83,0.20,183,2.89,2.0,14.1,8.1,50
2018-05-02,12.1,22.3,77,10.10,232,2.75,9.0,16.3,11.0,46
2018-05-03,8.5,10.8,98,5.40,188,0.59,11.0,10.9,7.2,92
2018-05-04,6.3,10.5,88,4.80,61,1.49,4.0,20.6,9.0,61
2018-05-05,8.1,15.4,76,18.60,271,2.78,11.0,28.8,17.5,39
2018-05-06,7.6,13.7,63,0.00,347,3.69,0.0,16.0,10.4,32
2018-05-07,3.8,10.7,47,0.00,342,3.75,0.0,15.5,10.1,27
2018-05-08,10.0,20.1,51,0.00,213,4.68,0.0,17.1,11.8,31
2018-05-09,11.2,19.3,52,0.00,51,4.51,0.0,15.8,10.4,37
2018-05-10,12.8,19.7,68,4.30,161,3.19,7.0,26.8,18.7,46
2018-05-11,3.5,10.0,53,0.00,310,3.30,0.0,24.7,19.3,25
2018-05-12,5.7,13.6,48,0.00,298,3.51,0.0,16.3,7.7,23
2018-05-13,8.7,17.3,53,0.00,229,4.56,0.0,19.3,10.6,28
2018-05-14,13.5,21.9,44,0.00,233,5.47,0.0,22.0,13.5,26
2018-05-15,12.0,16.9,58,0.10,312,3.16,1.0,22.4,11.9,35
2018-05-16,5.6,14.2,46,0.00,148,3.74,0.0,18.4,11.7,33
2018-05-17,7.2,11.1,61,0.00,344,3.43,0.0,19.4,13.8,30
2018-05-18,5.1,12.2,49,0.00,346,3.96,0.0,13.7,9.3,29
2018-05-19,9.5,17.6,55,0.50,144,3.65,2.0,20.5,12.1,39
2018-05-20,10.5,15.1,74,12.50,296,3.49,11.0,21.3,14.4,31
2018-05-21,11.9,18.5,49,0.00,295,4.68,0.0,24.7,13.1,30
2018-05-22,13.9,22.1,55,0.30,190,3.94,2.0,20.8,10.6,29
2018-05-23,12.2,16.3,67,1.30,314,4.20,2.0,16.6,12.9,25
2018-05-24,10.1,16.7,49,0.00,308,3.78,0.0,13.8,9.5,32
2018-05-25,18.8,26.5,54,2.00,262,5.31,2.0,19.3,15.4,38
2018-05-26,15.1,20.0,61,2.40,351,4.21,6.0,15.4,12.3,26
2018-05-27,12.8,19.5,53,2.80,129,4.11,4.0,20.0,14.4,40
2018-05-28,13.0,20.4,87,3.00,172,1.79,9.0,15.0,12.9,70
2018-05-29,15.1,19.6,70,4.40,337,4.46,4.0,19.7,13.6,31
2018-05-30,15.6,24.1,47,0.00,129,5.64,0.0,13.0,9.8,26
2018-05-31,20.4,27.3,61,0.00,169,5.90,0.0,20.9,13.2,33
2018-06-01,20.3,25.4,85,9.60,220,2.56,11.0,16.1,11.0,66
2018-06-02,14.5,20.6,53,0.00,358,5.43,0.0,22.8,19.7,27
2018-06-03,12.8,18.3,45,0.00,102,5.30,0.0,15.5,10.9,25
2018-06-04,8.4,14.3,79,13.30,129,1.11,16.0,21.4,17.5,42
2018-06-05,9.3,14.5,87,3.80,123,2.19,12.0,19.7,13.3,58
2018-06-06,11.3,18.0,73,3.90,17,3.51,10.0,12.7,7.2,34
2018-06-07,12.3,17.3,79,0.70,203,2.53,6.0,19.8,11.6,55
2018-06-08,13.0,18.4,65,1.50,306,3.96,4.0,19.5,13.3,30
2018-06-09,12.0,17.1,62,0.20,312,4.71,1.0,20.2,14.6,27
2018-06-10,10.4,16.1,53,0.00,345,4.12,0.0,14.1,11.2,32
2018-06-11,12.2,19.7,57,0.00,348,4.83,0.0,9.6,6.9,28
2018-06-12,16.8,25.4,49,0.00,241,6.13,0.0,24.7,15.3,27
2018-06-13,19.1,26.4,56,6.10,229,5.11,3.0,20.2,11.4,34
2018-06-14,11.5,14.2,93,18.10,97,1.10,23.0,21.6,11.1,84
2018-06-15,14.5,23.4,71,0.00,322,4.72,0.0,11.4,6.8,31
2018-06-16,17.7,25.0,57,0.00,304,4.95,0.0,12.4,9.4,32
2018-06-17,19.7,26.1,63,0.00,224,4.27,0.0,17.6,9.5,45
2018-06-18,19.6,22.8,92,20.20,232,1.66,20.0,18.5,13.2,68
2018-06-19,15.5,22.0,65,0.70,326,5.00,2.0,24.6,18.1,31
2018-06-20,16.0,20.4,66,1.20,270,3.34,6.0,15.7,11.9,52
2018-06-21,11.9,17.2,54,0.00,348,4.36,0.0,17.4,12.9,35
2018-06-22,14.4,22.6,59,0.00,257,5.12,0.0,11.6,7.4,37
2018-06-23,16.1,22.2,71,0.30,185,3.04,2.0,14.5,8.3,56
2018-06-24,14.1,16.7,76,1.60,316,2.09,8.0,15.5,9.8,61
2018-06-25,13.7,18.9,52,0.00,345,5.17,0.0,21.2,14.1,25
2018-06-26,15.0,22.7,53,0.00,285,5.38,0.0,13.7,8.2,30
2018-06-27,17.9,24.4,56,0.00,223,5.21,0.0,15.0,9.3,33
2018-06-28,18.1,21.9,81,1.60,166,2.52,9.0,13.4,8.0,65
2018-06-29,20.3,26.3,72,0.30,279,4.77,2.0,14.3,8.6,36
2018-06-30,20.4,26.8,79,3.90,214,2.91,9.0,17.4,8.4,60
2018-07-01,21.1,26.5,88,4.80,166,3.28,7.0,14.3,8.9,62
2018-07-02,23.6,31.3,78,2.60,176,5.00,4.0,19.6,13.0,47
2018-07-03,23.8,29.4,70,0.60,269,5.94,2.0,15.1,10.3,30
2018-07-04,24.4,32.2,61,0.40,258,5.13,1.0,13.3,7.2,38
2018-07-05,26.0,32.6,57,0.00,230,6.70,0.0,17.1,11.7,33
2018-07-06,18.9,27.7,66,1.30,303,3.48,3.0,27.8,20.4,49
2018-07-07,16.4,23.5,56,0.00,292,4.55,0.0,16.8,10.9,35
2018-07-08,21.2,27.9,52,0.00,229,6.24,0.0,20.6,14.2,31
2018-07-09,22.6,30.6,53,0.00,223,6.05,0.0,21.5,13.0,30
2018-07-10,19.2,23.2,72,1.70,307,4.49,3.0,19.6,12.7,33
2018-07-11,15.5,19.8,57,0.10,336,3.38,1.0,13.0,8.5,43
2018-07-12,17.2,23.5,66,0.00,8,4.84,0.0,11.6,8.5,39
2018-07-13,19.2,26.1,60,0.00,146,5.05,0.0,14.2,9.0,35
2018-07-14,19.4,24.0,77,7.90,173,2.73,13.0,15.9,10.7,54
2018-07-15,20.2,26.1,80,4.70,339,4.36,9.0,13.9,7.7,42
2018-07-16,21.4,27.5,67,0.40,206,4.45,2.0,13.3,8.7,44
2018-07-17,21.7,25.7,74,14.10,219,3.79,13.0,18.8,10.7,43
2018-07-18,16.1,21.3,56,0.00,327,5.29,0.0,19.2,15.4,32
2018-07-19,18.2,25.3,58,0.00,249,5.33,0.0,13.7,8.9,34
2018-07-20,21.2,27.7,57,0.00,189,5.76,0.0,13.5,9.1,34
2018-07-21,22.2,28.6,61,0.00,138,5.77,0.0,11.2,9.3,37
2018-07-22,19.2,23.7,71,3.60,115,2.77,5.0,14.0,9.4,36
2018-07-23,19.8,25.1,88,4.50,135,2.48,7.0,15.8,11.4,70
2018-07-24,22.3,26.2,88,6.60,171,3.19,21.0,25.6,16.4,64
2018-07-25,20.6,23.2,96,41.30,176,1.09,20.0,20.9,13.9,83
2018-07-26,20.4,24.5,88,20.60,218,2.88,9.0,11.4,5.5,66
2018-07-27,20.3,23.8,84,3.50,191,3.08,7.0,17.5,9.8,66
2018-07-28,19.3,22.4,83,9.30,198,3.36,9.0,13.7,8.6,64
2018-07-29,18.4,21.9,73,0.80,279,3.70,4.0,12.7,8.9,47
2018-07-30,19.3,24.2,72,0.20,250,4.21,2.0,11.3,8.4,48
2018-07-31,20.5,25.6,72,0.10,223,4.29,1.0,10.8,7.3,46
2018-08-01,20.3,24.2,81,0.50,171,2.62,4.0,20.5,11.2,67
2018-08-02,21.4,25.8,80,2.80,222,3.66,8.0,14.8,11.5,45
2018-08-03,20.6,25.3,82,0.50,210,2.88,3.0,10.1,7.9,61
2018-08-04,20.5,24.0,89,2.00,173,3.03,7.0,9.2,5.4,73
2018-08-05,21.6,27.5,84,0.40,187,3.74,2.0,13.3,7.4,61
2018-08-06,23.1,28.3,79,1.90,217,3.46,8.0,13.3,9.9,59
2018-08-07,21.6,24.3,87,12.50,260,3.00,18.0,10.5,6.8,63
2018-08-08,20.4,23.8,89,1.80,65,2.46,7.0,9.8,5.2,74
2018-08-09,20.1,24.9,84,0.20,275,3.68,2.0,17.9,7.9,44
2018-08-10,17.0,21.7,70,0.10,312,3.60,1.0,22.5,13.5,40
2018-08-11,18.7,24.4,72,0.20,224,3.91,1.0,11.8,7.2,49
2018-08-12,20.8,27.3,71,0.00,208,4.66,0.0,10.6,4.6,42
2018-08-13,21.6,27.9,70,0.00,195,4.75,0.0,11.2,4.6,41
2018-08-14,21.6,27.3,75,0.10,172,4.21,1.0,11.8,7.3,51
2018-08-15,20.1,22.5,79,2.00,308,3.32,3.0,15.7,11.0,51
2018-08-16,16.1,20.2,68,0.00,339,3.50,0.0,12.5,8.4,45
2018-08-17,15.8,21.0,82,24.80,147,1.94,8.0,10.1,7.6,61
2018-08-18,17.1,22.1,83,7.70,1,3.02,6.0,17.1,13.4,56
2018-08-19,17.5,23.4,72,0.00,78,4.12,0.0,10.5,6.7,45
2018-08-20,17.8,24.2,70,0.00,147,4.28,0.0,13.0,7.3,44
2018-08-21,18.1,22.3,77,0.00,164,3.11,0.0,15.9,9.3,57
2018-08-22,17.5,21.2,87,9.60,166,1.96,17.0,25.3,19.0,65
2018-08-23,16.0,21.5,62,0.00,292,3.94,0.0,18.7,13.8,38
2018-08-24,19.3,26.4,67,0.00,231,4.36,0.0,17.3,10.0,39
2018-08-25,19.8,24.9,70,0.00,194,3.81,0.0,17.1,10.3,48
2018-08-26,18.6,21.2,81,8.60,181,2.24,10.0,17.3,12.0,70
2018-08-27,19.5,25.0,85,0.20,254,2.93,1.0,10.1,7.5,57
2018-08-28,21.4,26.2,88,2.80,211,2.61,6.0,24.8,13.7,71
2018-08-29,17.6,23.5,85,16.60,295,1.66,8.0,20.1,11.6,66
2018-08-30,13.1,16.4,76,0.10,345,2.79,1.0,18.3,13.9,50
2018-08-31,13.3,19.6,71,0.00,97,3.55,0.0,10.2,7.8,48
2018-09-01,15.8,21.4,83,0.10,153,1.69,1.0,17.9,13.1,77
2018-09-02,18.5,20.9,95,7.00,181,1.16,9.0,15.9,12.0,87
2018-09-03,20.3,22.9,96,16.90,213,1.57,13.0,16.4,9.5,86
2018-09-04,18.3,22.1,77,0.10,310,2.95,1.0,12.7,7.5,42
2018-09-05,19.3,27.0,81,3.70,187,2.60,7.0,16.8,10.9,63
2018-09-06,18.2,23.8,73,7.50,301,3.33,4.0,23.2,16.2,44
2018-09-07,14.0,19.2,68,0.00,289,3.44,0.0,13.9,7.8,36
2018-09-08,9.6,14.0,59,0.00,336,2.29,0.0,19.4,14.1,50
2018-09-09,7.9,11.4,69,0.00,346,2.24,0.0,11.9,8.4,48
2018-09-10,9.3,15.9,69,0.00,126,2.65,0.0,13.7,10.5,47
2018-09-11,12.2,15.6,84,3.10,149,1.32,14.0,15.4,9.9,67
2018-09-12,15.8,22.4,82,0.00,196,3.20,0.0,10.8,5.1,53
2018-09-13,16.8,24.9,81,0.00,255,3.28,0.0,11.0,5.0,51
2018-09-14,18.3,25.7,81,0.00,187,3.47,0.0,11.2,7.1,53
2018-09-15,19.0,26.7,79,0.20,246,2.75,2.0,11.5,6.6,52
2018-09-16,18.3,23.4,75,0.00,359,3.06,0.0,14.6,9.2,52
2018-09-17,20.4,26.8,76,0.40,213,3.32,2.0,19.1,12.4,48
2018-09-18,17.5,21.9,78,0.70,305,2.01,5.0,15.2,12.2,63
2018-09-19,11.3,14.4,75,0.30,357,1.61,3.0,11.6,6.4,57
2018-09-20,10.6,14.5,81,0.10,156,1.22,1.0,9.8,5.7,60
2018-09-21,11.9,18.0,93,16.20,157,0.52,13.0,28.1,16.7,82
2018-09-22,11.1,17.7,64,7.30,284,2.47,5.0,28.9,20.3,40
2018-09-23,6.6,8.2,70,0.20,283,1.09,2.0,15.6,10.4,49
2018-09-24,4.1,9.9,59,0.00,46,2.36,0.0,11.5,8.1,34
2018-09-25,6.2,9.4,75,4.20,144,1.04,8.0,21.5,16.5,52
2018-09-26,14.2,20.6,97,15.30,178,1.10,20.0,22.4,17.3,87
2018-09-27,9.5,14.3,71,0.00,268,2.01,0.0,17.9,9.5,49
2018-09-28,11.1,16.5,73,0.00,157,1.88,0.0,20.5,13.9,57
2018-09-29,9.9,13.4,79,4.20,272,1.59,11.0,17.6,9.7,48
2018-09-30,7.6,10.1,72,0.40,265,1.21,3.0,12.2,7.4,52
2018-10-01,5.7,9.8,76,0.00,279,1.42,0.0,12.2,7.3,50
2018-10-02,6.0,9.4,76,0.70,101,1.13,3.0,15.1,10.5,64
2018-10-03,8.7,13.2,80,0.00,110,1.44,0.0,11.0,6.7,64
2018-10-04,11.1,17.9,87,9.30,188,1.32,8.0,23.2,17.2,38
2018-10-05,3.6,7.6,57,0.00,340,1.59,0.0,21.7,10.8,49
2018-10-06,4.4,8.7,68,3.50,76,1.14,4.0,11.2,8.5,45
2018-10-07,4.7,7.6,86,1.10,357,1.11,3.0,16.2,9.4,58
2018-10-08,3.2,7.5,80,2.00,62,0.92,2.0,12.2,8.8,63
2018-10-09,12.7,22.3,91,8.30,210,1.65,11.0,21.8,13.8,67
2018-10-10,9.4,18.8,95,7.50,360,0.50,20.0,15.9,11.7,84
2018-10-11,4.9,6.4,97,15.90,115,0.26,22.0,24.0,16.0,93
2018-10-12,5.5,7.5,83,0.80,239,0.91,7.0,16.8,11.6,54
2018-10-13,3.2,4.9,70,0.90,276,0.94,6.0,16.3,9.4,53
2018-10-14,4.3,9.0,63,0.00,257,1.28,0.0,16.6,9.4,44
2018-10-15,6.2,9.3,81,7.10,169,0.85,5.0,18.7,11.6,65
2018-10-16,3.6,7.3,67,1.70,264,1.28,6.0,32.9,20.9,46
2018-10-17,3.2,6.0,68,1.30,243,1.41,5.0,21.4,15.2,42
2018-10-18,-1.2,0.9,55,0.10,304,1.54,1.0,26.6,19.6,38
2018-10-19,2.3,10.4,69,0.80,184,1.50,7.0,18.4,11.7,56
2018-10-20,6.9,8.3,75,4.60,217,1.25,12.0,26.0,19.4,56
2018-10-21,0.3,1.2,58,0.00,305,1.20,0.0,23.8,17.1,43
2018-10-22,-1.7,1.8,58,0.00,295,1.14,0.0,13.2,10.5,40
2018-10-23,-0.6,4.5,58,0.00,113,1.20,0.0,9.6,6.8,37
2018-10-24,0.1,6.4,64,1.00,354,1.24,6.0,14.6,10.0,40
2018-10-25,-2.0,0.5,66,0.00,325,1.11,0.0,21.1,15.9,46
2018-10-26,-2.6,1.0,56,0.00,307,1.25,0.0,20.5,15.0,37
2018-10-27,-2.8,4.1,55,0.00,62,1.32,0.0,14.6,9.4,29
2018-10-28,-0.6,0.9,89,18.90,95,0.35,22.0,16.1,11.1,45
2018-10-29,0.6,3.9,97,2.60,166,0.38,16.0,13.0,7.1,83
2018-10-30,-0.1,1.4,87,2.00,306,0.54,8.0,15.0,10.3,68
2018-10-31,-2.0,-0.2,89,3.70,156,0.29,7.0,13.7,8.0,83
2018-11-01,1.5,4.4,90,0.00,234,0.54,0.0,9.6,6.0,75
2018-11-02,0.7,2.3,98,6.10,43,0.22,13.0,12.8,8.3,93
2018-11-03,1.8,3.3,99,11.80,350,0.18,19.0,21.2,7.5,95
2018-11-04,0.7,3.1,64,0.10,295,1.28,1.0,25.9,17.1,47
2018-11-05,-1.5,1.1,75,2.90,119,0.56,5.0,17.9,11.9,62
2018-11-06,1.8,4.6,95,5.50,129,0.18,10.0,19.4,15.5,89
2018-11-07,6.2,7.9,87,1.60,222,0.71,14.0,25.0,18.8,59
2018-11-08,3.3,4.6,81,0.60,263,0.76,4.0,17.3,14.7,62
2018-11-09,-1.2,1.2,76,0.30,346,0.62,2.0,11.8,8.6,49
2018-11-10,-0.4,1.6,85,19.60,149,0.49,22.0,26.6,18.5,58
2018-11-11,-5.1,-2.4,52,0.00,283,1.22,0.0,28.2,20.5,36
2018-11-12,-6.9,-1.3,67,0.00,286,0.67,0.0,10.2,7.5,52
2018-11-13,-3.2,-0.4,85,7.50,160,0.31,18.0,17.8,8.5,79
2018-11-14,-12.0,-5.1,59,0.50,302,0.66,2.0,27.7,20.2,49
2018-11-15,-13.4,-8.4,69,0.00,195,0.47,0.0,14.7,6.5,51
2018-11-16,-9.3,-6.4,77,5.00,120,0.28,13.0,12.5,8.5,70
2018-11-17,-5.4,-0.7,81,1.60,265,0.51,7.0,16.1,9.7,60
2018-11-18,-11.6,-6.3,75,0.20,261,0.45,2.0,12.4,9.3,56
2018-11-19,-8.4,-4.1,84,1.90,162,0.29,13.0,12.9,9.4,70
2018-11-20,-13.1,-8.6,80,1.70,350,0.23,10.0,12.0,10.0,68
2018-11-21,-13.3,-11.5,77,2.80,323,0.26,14.0,22.0,9.7,60
2018-11-22,-17.3,-12.5,65,0.00,316,0.42,0.0,31.0,20.1,49
2018-11-23,-15.2,-8.4,74,0.00,269,0.40,0.0,17.9,10.9,46
2018-11-24,-8.2,-2.0,76,0.00,160,0.48,0.0,13.3,8.8,63
2018-11-25,-2.2,0.6,86,7.70,127,0.26,18.0,13.3,10.5,79
2018-11-26,-0.9,0.5,92,1.20,119,0.23,8.0,18.4,12.3,86
2018-11-27,-1.5,-0.7,85,16.50,87,0.35,24.0,22.0,14.6,69
2018-11-28,-0.4,0.8,82,7.00,0,0.45,22.0,16.3,14.6,74
2018-11-29,-2.0,-0.6,87,0.20,341,0.33,2.0,15.6,13.1,75
2018-11-30,-4.5,-2.2,88,0.00,325,0.27,0.0,12.3,6.9,78
2018-12-01,-4.6,-1.1,87,0.00,315,0.35,0.0,6.6,3.8,68
2018-12-02,-4.8,-1.3,93,8.20,120,0.15,12.0,18.5,11.9,88
2018-12-03,-2.3,-0.4,87,7.20,350,0.33,16.0,19.8,12.8,66
2018-12-04,-8.2,-3.3,71,0.10,323,0.47,1.0,19.7,16.4,54
2018-12-05,-13.9,-9.6,79,0.00,277,0.28,0.0,9.6,5.8,65
2018-12-06,-10.2,-4.6,85,1.50,167,0.23,9.0,10.1,7.4,74
2018-12-07,-9.9,-6.2,80,2.50,322,0.31,11.0,19.2,12.3,59
2018-12-08,-21.3,-17.2,72,0.20,324,0.18,2.0,9.5,6.5,51
2018-12-09,-17.7,-8.8,82,2.10,190,0.12,11.0,14.6,9.9,76
2018-12-10,-12.5,-7.2,76,0.60,313,0.32,2.0,14.3,10.2,58
2018-12-11,-16.9,-13.4,79,0.60,345,0.14,6.0,9.5,4.4,72
2018-12-12,-17.1,-13.3,78,0.30,345,0.22,3.0,14.2,10.9,58
2018-12-13,-20.6,-14.3,71,0.00,19,0.24,0.0,11.2,6.7,51
2018-12-14,-10.5,-2.4,79,1.30,163,0.19,6.0,13.9,9.5,64
2018-12-15,-0.3,1.7,84,0.10,267,0.40,1.0,14.5,9.9,66
2018-12-16,-4.7,-1.3,88,0.00,42,0.35,0.0,10.4,5.9,74
2018-12-17,-3.9,-2.1,89,0.80,151,0.22,7.0,22.5,10.0,81
2018-12-18,-9.4,-7.1,69,0.60,325,0.57,6.0,24.8,21.9,60
2018-12-19,-12.4,-8.0,77,0.00,259,0.27,0.0,14.8,7.9,62
2018-12-20,-7.1,-1.7,82,0.00,162,0.37,0.0,10.0,7.9,64
2018-12-21,0.1,4.5,81,14.30,125,0.42,16.0,24.5,15.3,68
2018-12-22,1.4,5.2,88,15.30,277,0.28,18.0,22.5,16.2,72
2018-12-23,-10.3,-5.6,72,0.00,315,0.43,0.0,19.8,13.0,57
2018-12-24,-16.4,-11.9,77,0.00,344,0.24,0.0,10.4,8.4,59
2018-12-25,-18.5,-14.8,75,0.00,332,0.24,0.0,15.0,11.8,59
2018-12-26,-17.2,-9.8,75,0.00,301,0.28,0.0,10.9,7.7,63
2018-12-27,-16.9,-13.6,76,0.00,331,0.25,0.0,13.2,8.7,57
2018-12-28,-9.9,-1.1,82,10.00,136,0.22,17.0,22.4,14.7,66
2018-12-29,-6.3,0.6,81,5.60,331,0.34,9.0,25.3,16.5,60
2018-12-30,-19.4,-14.6,75,0.00,318,0.20,0.0,15.4,6.6,56
2018-12-31,-12.3,-5.9,84,0.40,149,0.24,4.0,8.6,7.5,76
2019-01-01,-6.2,-3.3,80,16.30,359,0.37,10.0,26.4,16.6,51
2019-01-02,-21.3,-15.7,69,0.00,327,0.22,0.0,17.4,8.4,38
2019-01-03,-16.6,-10.9,73,1.80,144,0.27,7.0,9.7,5.6,61
2019-01-04,-6.4,-0.0,86,1.70,189,0.26,9.0,15.0,11.7,78
2019-01-05,-1.7,0.1,93,0.00,171,0.22,0.0,10.7,5.6,87
2019-01-06,-6.3,-1.3,78,0.50,333,0.35,4.0,24.3,15.5,57
2019-01-07,-17.5,-13.4,68,0.00,338,0.33,0.0,23.9,13.6,52
2019-01-08,-10.7,-5.8,78,9.10,137,0.29,13.0,23.3,15.7,58
2019-01-09,-4.1,-2.2,92,9.70,4,0.19,20.0,14.7,9.7,86
2019-01-10,-6.4,-4.2,77,2.10,329,0.46,16.0,26.8,20.2,65
2019-01-11,-18.5,-14.0,65,0.00,315,0.34,0.0,23.2,19.1,52
2019-01-12,-20.9,-17.8,68,0.00,313,0.27,0.0,17.4,14.1,53
2019-01-13,-19.5,-14.9,73,0.00,333,0.27,0.0,12.9,9.1,60
2019-01-14,-19.1,-13.0,72,0.00,207,0.28,0.0,9.3,6.4,55
2019-01-15,-13.7,-9.0,79,0.40,297,0.33,4.0,10.5,5.4,60
2019-01-16,-9.1,-3.0,78,3.90,217,0.39,15.0,24.5,16.9,54
2019-01-17,-23.3,-18.1,66,0.00,301,0.24,0.0,21.9,9.5,49
2019-01-18,-18.0,-11.4,74,1.60,163,0.25,11.0,11.2,8.5,65
2019-01-19,-24.9,-12.8,56,0.00,340,0.23,0.0,19.2,14.5,45
2019-01-20,-25.1,-22.3,69,10.80,358,0.13,17.0,25.7,13.2,59
2019-01-21,-21.7,-19.2,60,2.40,340,0.31,16.0,27.7,23.5,45
2019-01-22,-21.0,-13.2,60,0.00,323,0.39,0.0,25.4,14.0,35
2019-01-23,-16.0,-11.0,77,6.00,146,0.20,19.0,13.0,9.4,70
2019-01-24,-4.0,-0.2,94,14.30,140,0.20,24.0,16.6,10.5,86
2019-01-25,-10.1,-3.7,74,1.30,293,0.44,8.0,20.6,11.1,62
2019-01-26,-18.0,-9.9,65,0.30,287,0.34,1.0,19.6,7.6,42
2019-01-27,-17.0,-9.1,74,4.60,130,0.26,10.0,23.0,15.4,64
2019-01-28,-20.8,-9.9,58,0.00,281,0.33,0.0,16.3,10.5,46
2019-01-29,-20.7,-14.6,67,4.20,112,0.25,18.0,20.7,14.5,64
2019-01-30,-12.8,-11.1,72,5.70,160,0.41,16.0,16.5,10.9,39
2019-01-31,-20.0,-15.2,61,0.10,240,0.31,1.0,18.0,13.4,42
2019-02-01,-21.6,-16.2,62,0.00,257,0.34,0.0,15.8,10.7,42
2019-02-02,-16.8,-10.9,71,2.40,228,0.30,9.0,13.3,10.4,62
2019-02-03,-16.8,-12.4,71,0.80,342,0.25,5.0,14.2,7.7,54
2019-02-04,-10.0,-4.6,75,1.40,45,0.51,9.0,9.5,6.4,59
2019-02-05,-3.0,2.9,82,7.80,208,0.39,12.0,21.7,14.9,63
2019-02-06,-13.8,-10.2,74,0.70,353,0.38,3.0,19.1,10.2,60
2019-02-07,-8.2,-3.9,82,3.40,63,0.35,9.0,11.0,6.7,74
2019-02-08,-1.9,3.4,79,4.00,185,0.68,14.0,29.8,22.0,53
2019-02-09,-13.8,-6.3,52,0.30,286,0.76,3.0,31.4,24.4,45
2019-02-10,-15.1,-10.9,64,0.00,280,0.56,0.0,15.1,10.8,44
2019-02-11,-17.4,-14.4,68,0.00,324,0.42,0.0,15.1,12.1,44
2019-02-12,-18.7,-12.4,67,0.00,3,0.39,0.0,16.1,9.8,45
2019-02-13,-9.7,-8.0,76,19.10,117,0.44,24.0,27.5,20.6,61
2019-02-14,-8.8,-5.2,78,1.60,253,0.49,11.0,12.0,7.2,57
2019-02-15,-8.3,-4.1,84,7.20,121,0.35,15.0,23.7,15.9,78
2019-02-16,-6.3,-3.4,75,1.80,264,0.55,7.0,19.4,14.5,53
2019-02-17,-14.7,-11.2,66,0.00,320,0.62,0.0,17.4,9.8,45
2019-02-18,-18.3,-14.8,67,0.00,345,0.40,0.0,13.8,9.7,46
2019-02-19,-18.6,-14.2,65,0.00,310,0.53,0.0,16.9,12.7,41
2019-02-20,-17.0,-9.0,64,0.00,227,0.62,0.0,11.8,7.9,44
2019-02-21,-9.7,-2.0,78,5.60,164,0.54,10.0,19.1,11.8,64
2019-02-22,-8.0,-3.9,75,0.00,317,0.81,0.0,16.2,11.1,51
2019-02-23,-9.6,-1.7,71,0.00,282,0.84,0.0,10.1,6.8,44
2019-02-24,-6.7,-4.0,82,11.10,123,0.39,9.0,29.5,17.8,73
2019-02-25,-5.6,-2.7,74,8.30,244,0.60,22.0,29.7,21.2,54
2019-02-26,-18.4,-13.5,53,0.20,303,0.58,2.0,28.4,22.6,39
2019-02-27,-20.6,-14.7,59,0.00,305,0.59,0.0,20.1,10.7,40
2019-02-28,-19.4,-9.7,64,0.00,298,0.67,0.0,11.9,7.4,30
2019-03-01,-15.9,-7.1,63,0.00,196,0.81,0.0,12.3,8.2,41
2019-03-02,-11.8,-2.9,67,0.20,16,0.88,2.0,10.9,6.1,34
2019-03-03,-7.2,-3.1,77,0.90,243,0.72,7.0,11.1,6.6,51
2019-03-04,-7.1,-4.9,81,2.30,245,0.72,13.0,13.7,5.8,60
2019-03-05,-11.8,-8.0,67,0.60,265,0.67,6.0,13.4,9.7,42
2019-03-06,-15.1,-12.6,64,0.20,303,0.63,1.0,19.0,10.0,37
2019-03-07,-17.5,-12.7,60,0.00,281,0.68,0.0,15.3,10.0,38
2019-03-08,-14.2,-5.9,65,0.00,227,0.83,0.0,14.7,11.6,41
2019-03-09,-10.4,-7.3,65,0.00,314,1.01,0.0,14.9,11.0,36
2019-03-10,-10.0,-5.9,70,9.30,120,0.53,9.0,26.3,17.8,56
2019-03-11,-3.1,-0.3,77,6.30,224,0.91,16.0,23.2,16.9,53
2019-03-12,-7.3,-4.3,64,0.30,312,1.18,3.0,19.5,14.9,46
2019-03-13,-7.6,-1.2,71,0.10,187,0.93,1.0,10.6,8.0,48
2019-03-14,-2.9,4.3,84,0.50,151,1.16,3.0,13.7,8.4,60
2019-03-15,3.9,8.2,79,4.70,170,1.10,11.0,24.0,18.7,64
2019-03-16,-1.8,4.0,73,2.50,265,0.79,12.0,24.6,16.4,51
2019-03-17,-8.9,-6.7,58,0.30,291,0.93,3.0,19.3,15.3,45
2019-03-18,-10.0,-6.4,63,0.00,290,1.12,0.0,13.2,11.4,42
2019-03-19,-11.2,-4.7,62,0.00,306,1.27,0.0,10.9,7.0,32
2019-03-20,-7.2,2.4,67,0.00,185,1.43,0.0,14.6,9.5,48
2019-03-21,-0.5,5.3,75,0.00,176,1.39,0.0,20.6,11.5,55
2019-03-22,0.5,3.2,89,11.10,102,0.64,23.0,22.7,12.6,72
2019-03-23,-1.6,0.9,67,3.30,332,1.54,7.0,26.7,23.5,33
2019-03-24,-4.0,-1.3,61,0.20,294,1.19,2.0,17.7,12.0,36
2019-03-25,-8.8,-5.0,59,0.00,289,1.27,0.0,22.1,13.6,33
2019-03-26,-9.4,-4.1,56,0.00,303,1.39,0.0,17.1,12.8,33
2019-03-27,-6.0,2.6,61,0.00,207,1.86,0.0,16.3,10.2,32
2019-03-28,-1.3,4.8,70,1.60,176,1.21,4.0,21.0,15.8,52
2019-03-29,0.3,2.3,77,0.20,315,1.32,2.0,15.3,10.9,50
2019-03-30,-4.5,-1.2,81,12.10,94,0.52,10.0,15.0,10.1,64
2019-03-31,-1.0,0.6,85,23.70,332,0.69,19.0,18.6,9.7,58
2019-04-01,-5.8,-1.6,59,0.00,306,1.60,0.0,23.9,19.6,37
2019-04-02,-2.9,2.9,66,0.00,203,1.75,0.0,20.9,14.9,47
2019-04-03,0.9,5.2,67,1.30,178,1.75,4.0,26.5,15.4,39
2019-04-04,-5.0,-0.5,57,0.00,293,1.42,0.0,31.9,24.9,43
2019-04-05,-6.5,-0.2,61,0.00,278,1.76,0.0,20.8,10.8,39
2019-04-06,-0.5,5.6,73,1.40,244,1.53,6.0,15.9,10.3,48
2019-04-07,0.6,3.4,68,0.00,314,2.13,0.0,12.6,9.8,34
2019-04-08,-4.3,-1.1,75,16.80,84,0.55,16.0,22.5,14.1,62
2019-04-09,-4.6,-2.0,82,6.10,72,0.71,12.0,16.3,10.0,68
2019-04-10,-2.7,1.8,67,1.70,345,1.99,7.0,15.0,12.6,34
2019-04-11,-1.8,4.7,68,0.00,321,2.27,0.0,15.8,11.2,46
2019-04-12,0.5,5.6,70,0.50,131,1.17,2.0,16.1,7.7,48
2019-04-13,6.0,10.8,68,1.20,202,2.79,4.0,26.6,14.6,34
2019-04-14,1.6,7.3,69,0.00,269,2.11,0.0,17.7,8.3,35
2019-04-15,1.2,2.9,84,18.20,26,0.72,18.0,21.9,11.4,71
2019-04-16,1.7,4.4,70,1.90,322,1.60,10.0,26.0,20.8,47
2019-04-17,2.1,10.3,65,0.00,326,2.91,0.0,13.3,8.0,21
2019-04-18,2.4,7.1,68,4.40,147,1.21,7.0,25.2,14.4,51
2019-04-19,3.9,5.0,84,22.00,5,0.90,24.0,18.5,13.6,70
2019-04-20,3.3,8.4,80,14.90,39,1.42,15.0,15.2,12.1,57
2019-04-21,7.6,15.9,80,1.70,154,2.67,7.0,17.6,11.9,44
2019-04-22,4.4,10.7,71,0.00,351,3.05,0.0,15.6,11.2,32
2019-04-23,2.7,9.1,66,0.30,66,2.35,1.0,15.6,10.0,42
2019-04-24,1.2,3.3,95,14.40,89,0.54,23.0,19.3,12.7,72
2019-04-25,2.5,8.0,83,0.00,191,1.46,0.0,12.9,7.8,56
2019-04-26,3.2,8.6,89,3.40,123,1.04,7.0,25.0,14.7,62
2019-04-27,2.7,4.1,98,16.50,129,0.54,24.0,25.9,16.6,84
2019-04-28,0.0,7.0,64,0.30,301,2.51,1.0,19.5,15.5,26
2019-04-29,-0.4,5.5,56,0.00,315,2.74,0.0,23.4,15.6,27
2019-04-30,1.1,6.8,53,0.00,329,3.03,0.0,19.3,11.1,23
2019-05-01,-0.1,6.5,53,0.00,342,2.32,0.0,14.7,9.3,29
2019-05-02,3.8,11.1,59,4.50,65,3.31,9.0,10.8,7.6,29
2019-05-03,3.5,7.3,80,4.40,129,0.96,11.0,11.7,6.1,56
2019-05-04,6.3,13.7,76,0.70,334,3.37,1.0,11.0,7.7,35
2019-05-05,7.5,16.4,55,0.00,354,4.18,0.0,11.1,7.7,32
2019-05-06,10.4,18.5,60,0.10,159,3.72,1.0,13.9,10.0,42
2019-05-07,8.3,12.6,72,2.40,325,3.00,6.0,18.6,12.7,37
2019-05-08,2.9,8.7,53,0.00,336,3.12,0.0,20.6,15.4,31
2019-05-09,3.7,10.7,55,0.30,53,2.95,2.0,15.3,10.2,33
2019-05-10,6.6,8.9,93,16.40,136,0.83,24.0,27.2,19.0,53
2019-05-11,5.3,8.3,70,0.40,307,2.04,1.0,23.4,17.5,40
2019-05-12,6.5,14.5,54,0.00,360,4.04,0.0,17.0,11.2,28
2019-05-13,7.8,12.4,54,0.00,94,2.92,0.0,15.8,10.3,37
2019-05-14,6.3,9.3,72,4.10,102,1.48,14.0,14.0,10.5,56
2019-05-15,6.8,11.9,76,0.40,340,1.96,1.0,11.6,7.2,43
2019-05-16,6.5,12.4,73,0.00,38,2.23,0.0,14.1,6.3,46
2019-05-17,8.0,13.2,70,3.30,126,2.35,7.0,16.6,10.9,48
2019-05-18,8.8,14.2,77,1.70,326,2.34,5.0,11.5,9.0,42
2019-05-19,9.0,13.4,83,2.40,104,1.61,9.0,10.2,7.0,61
2019-05-20,11.1,18.6,91,12.90,154,1.84,13.0,21.0,14.6,73
2019-05-21,6.9,11.8,71,1.00,314,1.77,8.0,31.8,20.0,51
2019-05-22,9.5,16.8,59,0.00,334,4.05,0.0,19.5,12.5,35
2019-05-23,10.2,13.2,74,7.20,119,1.61,12.0,15.1,9.7,54
2019-05-24,11.2,17.4,79,16.90,14,2.48,11.0,15.0,12.5,42
2019-05-25,11.9,17.8,76,3.10,197,2.63,4.0,19.1,8.8,50
2019-05-26,14.2,19.9,80,5.90,267,3.67,14.0,21.1,13.3,50
2019-05-27,9.4,15.3,57,0.00,334,3.86,0.0,20.0,15.2,24
2019-05-28,8.8,14.2,52,0.00,165,3.89,0.0,12.6,7.4,35
2019-05-29,9.4,16.4,78,0.00,170,3.14,0.0,16.9,9.3,49
2019-05-30,11.7,18.6,77,6.80,200,2.55,8.0,19.3,11.5,44
2019-05-31,7.7,13.1,69,3.50,313,3.04,1.0,15.3,12.0,38
2019-06-01,10.2,15.8,63,0.00,241,2.71,0.0,8.2,5.6,44
2019-06-02,10.6,13.4,85,13.90,118,1.10,13.0,15.1,9.3,59
2019-06-03,8.3,11.4,81,4.40,246,2.25,10.0,21.8,13.8,49
2019-06-04,7.5,11.8,69,0.90,284,2.36,5.0,19.6,13.4,47
2019-06-05,11.3,18.8,69,0.00,226,3.78,0.0,13.7,7.2,34
2019-06-06,11.5,17.1,62,0.00,334,4.57,0.0,15.9,13.0,31
2019-06-07,12.0,17.8,61,0.50,316,3.57,4.0,18.6,8.5,37
2019-06-08,11.4,17.6,58,0.00,348,4.37,0.0,15.6,9.7,40
2019-06-09,17.7,27.5,58,0.00,199,5.44,0.0,12.1,8.8,30
2019-06-10,19.5,25.9,58,0.00,177,5.30,0.0,18.6,10.4,39
2019-06-11,15.6,22.4,76,9.30,214,2.59,11.0,26.7,17.7,48
2019-06-12,14.2,22.0,59,0.00,260,5.03,0.0,19.6,11.0,31
2019-06-13,14.9,18.7,64,0.00,152,3.54,0.0,22.1,14.1,44
2019-06-14,10.6,14.3,91,12.60,142,1.40,17.0,20.1,12.0,68
2019-06-15,11.6,16.8,93,12.20,195,1.06,13.0,24.1,13.6,71
2019-06-16,11.8,15.8,81,6.70,279,2.44,6.0,16.6,10.7,53
2019-06-17,13.2,18.5,67,0.20,314,3.73,2.0,15.6,8.8,38
2019-06-18,15.3,22.4,61,0.00,232,4.10,0.0,11.3,7.3,31
2019-06-19,15.8,21.4,73,10.80,298,3.13,5.0,10.3,6.0,56
2019-06-20,13.5,15.6,96,5.10,19,1.02,14.0,11.3,7.6,86
2019-06-21,14.8,21.0,70,0.00,356,4.16,0.0,19.1,14.1,35
2019-06-22,16.5,21.4,55,0.30,338,5.12,1.0,27.9,18.1,33
2019-06-23,17.9,23.4,52,0.00,316,5.83,0.0,26.1,16.7,31
2019-06-24,15.3,21.1,52,0.00,342,5.37,0.0,14.5,9.8,30
2019-06-25,14.2,17.9,71,8.50,121,1.88,10.0,18.9,13.0,49
2019-06-26,17.7,24.5,83,1.30,165,3.75,5.0,15.1,9.9,53
2019-06-27,18.1,22.6,85,13.10,205,3.62,9.0,11.5,6.4,69
2019-06-28,17.8,24.8,84,2.90,257,4.10,5.0,9.7,5.0,55
2019-06-29,17.9,23.0,89,12.80,229,3.35,18.0,10.5,4.3,60
2019-06-30,16.9,22.3,87,22.20,357,3.38,15.0,13.8,7.2,57
2019-07-01,19.1,25.0,75,0.20,311,4.26,2.0,9.7,7.3,46
2019-07-02,20.4,24.8,66,2.00,298,4.78,3.0,16.1,10.6,40
2019-07-03,20.0,25.6,64,0.00,326,5.03,0.0,11.2,7.8,40
2019-07-04,22.4,29.6,64,0.00,272,5.20,0.0,11.2,6.9,35
2019-07-05,22.0,26.6,77,7.40,199,3.07,6.0,12.6,8.3,59
2019-07-06,21.5,24.6,79,10.80,311,4.32,9.0,21.1,13.1,34
2019-07-07,16.5,21.7,54,0.00,337,5.52,0.0,15.6,12.0,32
2019-07-08,18.0,24.3,55,0.00,306,5.17,0.0,16.1,8.9,29
2019-07-09,19.4,26.0,56,0.00,307,4.89,0.0,20.2,11.2,32
2019-07-10,19.8,25.1,67,0.00,142,4.27,0.0,9.2,6.0,47
2019-07-11,18.2,21.9,77,6.20,137,2.37,7.0,20.5,13.8,65
2019-07-12,19.7,23.7,84,10.20,275,3.76,13.0,16.3,11.6,56
2019-07-13,19.8,25.6,70,1.60,250,4.38,4.0,14.8,8.1,43
2019-07-14,17.6,20.5,82,8.40,307,3.74,8.0,20.9,13.1,52
2019-07-15,18.5,24.9,66,0.00,317,4.94,0.0,13.4,10.3,38
2019-07-16,18.4,23.0,80,11.50,187,2.49,8.0,17.6,11.1,60
2019-07-17,20.5,23.3,76,0.20,299,4.56,1.0,17.2,12.2,41
2019-07-18,17.6,23.6,58,0.00,72,5.16,0.0,11.3,6.6,37
2019-07-19,20.2,27.7,75,2.80,207,4.11,7.0,19.3,13.1,54
2019-07-20,24.3,29.9,67,0.00,250,5.33,0.0,19.1,12.0,40
2019-07-21,20.9,25.4,78,8.90,322,3.75,11.0,16.4,10.5,57
2019-07-22,16.5,20.3,64,0.10,301,3.44,1.0,13.6,7.9,42
2019-07-23,16.5,20.5,73,0.10,281,3.77,1.0,15.4,8.7,56
2019-07-24,14.2,17.3,69,0.00,342,3.17,0.0,12.1,8.6,50
2019-07-25,16.9,24.0,68,0.60,195,3.84,3.0,10.5,6.7,41
2019-07-26,19.6,27.0,69,0.10,225,4.75,1.0,11.2,7.4,44
2019-07-27,21.6,27.6,66,0.00,195,5.31,0.0,17.3,9.9,38
2019-07-28,21.9,26.2,66,1.00,212,4.64,7.0,16.1,12.3,45
2019-07-29,22.0,27.6,68,0.30,246,4.57,2.0,13.0,7.5,42
2019-07-30,22.0,26.2,80,9.10,202,3.25,10.0,13.4,10.4,62
2019-07-31,20.1,23.9,81,1.10,290,3.56,5.0,11.0,7.9,49
2019-08-01,18.4,24.0,59,0.00,315,4.40,0.0,15.2,10.2,32
2019-08-02,20.0,25.6,55,0.00,266,4.75,0.0,11.2,9.1,37
2019-08-03,17.9,21.5,76,10.70,248,2.53,9.0,13.0,8.0,55
2019-08-04,14.4,18.6,64,0.00,334,3.19,0.0,16.6,12.1,41
2019-08-05,16.2,23.8,67,0.00,246,4.32,0.0,13.9,7.9,40
2019-08-06,18.8,24.7,70,0.00,173,3.80,0.0,16.6,12.0,51
2019-08-07,19.6,23.3,84,2.10,201,2.87,10.0,9.8,5.3,70
2019-08-08,19.1,22.9,94,11.80,160,2.11,23.0,12.6,6.1,74
2019-08-09,16.6,21.4,84,7.30,240,2.99,9.0,16.0,11.1,53
2019-08-10,14.5,17.2,80,3.80,295,2.71,8.0,14.8,10.7,59
2019-08-11,16.8,22.7,70,0.40,283,3.82,3.0,21.8,13.8,40
2019-08-12,17.9,22.9,84,13.50,275,3.15,14.0,11.0,7.5,44
2019-08-13,16.2,19.8,65,0.00,315,3.91,0.0,15.4,10.7,44
2019-08-14,13.6,17.5,71,0.00,346,2.87,0.0,13.7,8.4,51
2019-08-15,14.7,19.9,71,0.00,333,3.22,0.0,9.9,5.3,45
2019-08-16,16.1,22.2,67,0.50,91,3.93,2.0,11.5,5.3,43
2019-08-17,17.0,21.5,86,1.10,144,2.05,6.0,11.9,9.0,72
2019-08-18,18.7,23.7,87,6.70,173,2.87,12.0,9.7,5.3,58
2019-08-19,19.7,25.3,85,4.80,188,2.73,8.0,18.4,12.7,49
2019-08-20,19.4,25.9,61,0.00,254,4.93,0.0,16.2,11.1,34
2019-08-21,17.8,21.5,79,2.10,179,2.13,6.0,13.4,10.2,65
2019-08-22,18.9,22.0,80,0.50,241,3.68,4.0,17.3,12.7,43
2019-08-23,14.6,17.7,70,0.00,310,2.86,0.0,20.9,14.2,49
2019-08-24,15.6,20.8,71,0.00,352,3.73,0.0,14.7,10.5,45
2019-08-25,15.7,22.0,66,0.00,124,3.98,0.0,10.3,5.3,42
2019-08-26,16.3,23.6,73,0.00,113,4.02,0.0,9.0,5.2,44
2019-08-27,17.1,22.9,68,0.00,170,4.14,0.0,14.2,7.0,41
2019-08-28,15.8,18.1,87,12.80,151,1.23,9.0,12.1,10.2,67
2019-08-29,17.7,22.9,81,5.60,216,3.28,9.0,13.6,8.6,48
2019-08-30,15.7,19.9,79,2.70,218,2.68,8.0,20.0,13.2,50
2019-08-31,14.0,17.2,72,0.20,293,2.74,2.0,18.1,11.3,54
2019-09-01,12.2,17.2,71,0.00,227,3.05,0.0,14.4,8.3,50
2019-09-02,14.7,20.0,80,0.90,182,1.78,7.0,13.6,9.6,56
2019-09-03,11.6,15.3,69,0.00,346,2.89,0.0,15.3,9.2,44
2019-09-04,14.2,20.0,81,11.10,179,2.02,14.0,24.4,16.8,63
2019-09-05,12.4,18.1,68,0.00,289,2.86,0.0,20.6,12.6,41
2019-09-06,11.9,16.6,75,0.10,16,2.10,1.0,9.2,5.4,54
2019-09-07,11.2,13.5,85,5.80,75,1.08,15.0,9.8,5.7,68
2019-09-08,10.9,14.7,86,5.10,293,1.98,12.0,15.8,8.5,60
2019-09-09,9.6,14.7,71,0.00,312,2.52,0.0,12.0,9.4,43
2019-09-10,9.9,14.2,78,2.30,108,1.52,3.0,13.7,7.6,61
2019-09-11,12.5,17.3,92,8.90,44,1.59,17.0,17.8,10.7,72
2019-09-12,10.8,15.9,71,0.00,350,3.08,0.0,14.1,11.5,39
2019-09-13,9.9,15.3,67,0.00,101,2.95,0.0,14.1,10.4,47
2019-09-14,12.3,17.3,85,18.30,172,1.32,16.0,20.4,18.1,59
2019-09-15,13.3,15.7,73,0.10,261,1.95,1.0,16.4,13.4,59
2019-09-16,11.2,15.6,72,0.00,311,1.85,0.0,17.1,11.6,53
2019-09-17,10.8,15.0,73,0.00,349,2.42,0.0,12.3,10.1,50
2019-09-18,9.8,16.5,77,0.00,107,2.68,0.0,11.2,3.8,49
2019-09-19,11.5,18.3,73,0.00,184,2.73,0.0,13.3,9.5,56
2019-09-20,15.3,21.6,79,4.00,234,1.99,5.0,11.9,7.7,67
2019-09-21,15.8,21.6,83,0.00,335,2.69,0.0,11.5,7.5,55
2019-09-22,17.8,24.0,85,1.70,186,2.13,3.0,19.7,12.6,66
2019-09-23,18.6,21.0,87,13.00,240,1.44,13.0,21.7,12.2,69
2019-09-24,11.1,14.5,97,31.90,360,0.59,22.0,15.9,11.0,90
2019-09-25,9.9,11.3,92,1.10,174,0.72,9.0,13.5,8.8,82
2019-09-26,10.9,13.6,96,9.80,162,0.51,14.0,17.5,10.7,87
2019-09-27,10.8,16.3,78,0.10,245,1.97,1.0,16.6,11.4,44
2019-09-28,12.1,15.0,94,13.00,176,0.57,16.0,14.1,10.5,78
2019-09-29,8.0,12.0,65,0.00,336,2.39,0.0,18.5,14.6,47
2019-09-30,5.9,10.9,69,0.00,23,1.74,0.0,11.1,5.2,44
2019-10-01,7.8,10.2,86,4.80,137,0.61,11.0,15.1,8.5,64
2019-10-02,7.7,11.5,78,0.10,345,1.26,1.0,17.7,14.7,51
2019-10-03,4.0,7.1,72,0.20,343,1.18,2.0,11.7,5.9,57
2019-10-04,4.4,6.3,76,1.70,338,1.22,8.0,22.3,12.4,48
2019-10-05,4.9,10.5,74,0.00,314,1.68,0.0,14.3,9.2,49
2019-10-06,5.5,12.4,84,0.00,165,1.17,0.0,24.5,14.5,68
2019-10-07,11.0,14.9,86,1.10,194,1.28,1.0,17.4,13.1,54
2019-10-08,9.4,13.6,76,0.10,282,2.02,1.0,15.2,11.1,44
2019-10-09,7.4,14.5,74,0.00,69,1.96,0.0,8.7,5.0,45
2019-10-10,8.5,16.7,71,0.00,83,1.95,0.0,8.9,5.6,40
2019-10-11,9.0,16.9,60,0.00,96,2.39,0.0,11.6,8.4,30
2019-10-12,8.9,11.9,67,0.00,121,1.68,0.0,16.3,12.6,51
2019-10-13,8.4,12.2,78,1.40,198,1.82,7.0,12.9,8.2,43
2019-10-14,6.3,12.2,80,1.80,160,1.17,4.0,16.3,12.1,59
2019-10-15,4.9,9.7,75,0.00,246,1.54,0.0,19.2,11.4,42
2019-10-16,6.8,11.1,71,0.20,137,1.26,2.0,17.6,10.4,54
2019-10-17,5.0,9.4,90,32.90,42,0.41,20.0,25.9,20.2,62
2019-10-18,5.0,6.9,85,3.50,324,0.80,9.0,29.5,20.2,68
2019-10-19,4.9,9.2,68,0.00,318,1.67,0.0,16.7,12.1,50
2019-10-20,3.4,8.8,77,0.00,124,1.18,0.0,9.7,7.0,54
2019-10-21,4.6,12.0,81,0.00,354,1.46,0.0,9.1,5.9,54
2019-10-22,6.8,10.2,78,0.00,117,1.12,0.0,22.7,16.7,63
2019-10-23,7.2,10.7,90,18.10,137,0.77,18.0,22.2,15.5,67
2019-10-24,5.2,6.6,86,2.70,229,0.49,5.0,13.5,10.5,74
2019-10-25,3.5,7.4,78,0.00,263,0.97,0.0,11.6,9.2,47
2019-10-26,2.8,7.7,74,0.70,296,1.26,2.0,12.7,7.8,43
2019-10-27,1.5,2.4,80,11.40,126,0.47,9.0,23.1,15.7,64
2019-10-28,4.3,7.6,96,3.00,137,0.47,6.0,23.6,11.4,89
2019-10-29,7.6,11.6,93,0.00,156,0.57,0.0,19.7,12.7,75
2019-10-30,8.1,10.6,91,2.10,228,0.45,10.0,14.4,8.6,80
2019-10-31,6.1,8.4,100,29.80,56,0.23,24.0,12.7,6.7,100
2019-11-01,3.1,4.9,86,34.70,270,0.72,20.0,35.2,21.2,55
2019-11-02,-0.6,1.2,65,0.50,250,0.77,3.0,20.8,9.5,54
2019-11-03,0.5,3.7,78,2.20,194,0.62,10.0,13.9,9.5,59
2019-11-04,-0.6,3.9,82,0.80,208,0.73,4.0,17.5,11.0,50
2019-11-05,3.9,5.6,83,5.30,175,0.62,11.0,20.2,17.5,67
2019-11-06,-0.6,3.4,71,0.10,259,1.01,1.0,22.7,14.4,33
2019-11-07,-1.9,0.7,65,1.00,253,0.88,8.0,12.0,9.6,31
2019-11-08,-5.8,-2.0,63,0.50,337,0.79,4.0,20.9,13.5,33
2019-11-09,-5.6,-2.5,65,0.70,215,0.69,5.0,22.8,13.0,54
2019-11-10,-1.6,1.8,71,3.20,195,0.73,16.0,19.6,16.8,59
2019-11-11,-8.2,-3.5,47,0.30,343,0.90,2.0,18.0,11.5,33
2019-11-12,-9.3,-7.9,71,11.40,346,0.40,24.0,13.6,11.3,52
2019-11-13,-9.8,-6.7,69,0.30,304,0.62,3.0,25.1,17.3,48
2019-11-14,-12.4,-6.7,80,1.20,166,0.34,10.0,17.7,11.5,65
2019-11-15,-4.3,-0.4,79,3.30,222,0.54,15.0,22.9,16.3,58
2019-11-16,-13.4,-9.0,64,0.00,315,0.56,0.0,23.7,13.1,50
2019-11-17,-13.8,-6.3,71,0.00,96,0.43,0.0,10.2,7.0,51
2019-11-18,-9.7,-2.5,68,0.00,113,0.62,0.0,11.0,8.0,49
2019-11-19,-4.0,-1.4,83,0.40,355,0.25,3.0,7.0,4.7,76
2019-11-20,-1.5,1.0,91,2.60,340,0.35,11.0,7.8,5.3,78
2019-11-21,-5.0,0.8,86,0.00,327,0.51,0.0,11.4,7.1,70
2019-11-22,-2.1,3.5,88,6.80,190,0.35,19.0,25.0,17.4,69
2019-11-23,-8.6,-1.9,75,0.00,266,0.50,0.0,24.1,11.9,62
2019-11-24,-5.4,0.5,86,0.00,140,0.50,0.0,11.0,6.8,65
2019-11-25,-1.9,3.3,82,0.00,239,0.44,0.0,15.1,6.5,66
2019-11-26,0.3,3.8,91,4.40,189,0.27,7.0,13.4,8.7,82
2019-11-27,0.4,2.8,88,0.30,39,0.35,2.0,14.3,8.8,72
2019-11-28,-3.1,-0.5,81,11.30,6,0.44,13.0,23.9,17.2,71
2019-11-29,-7.7,-4.7,76,0.00,344,0.50,0.0,22.0,18.7,58
2019-11-30,-12.6,-9.4,75,0.00,343,0.41,0.0,19.5,17.4,54
2019-12-01,-15.0,-9.6,78,0.00,347,0.33,0.0,16.3,11.4,57
2019-12-02,-15.0,-8.7,76,0.00,351,0.34,0.0,12.1,9.2,54
2019-12-03,-11.1,-5.1,79,0.00,345,0.40,0.0,14.7,12.1,58
2019-12-04,-10.3,-4.6,81,0.10,347,0.31,1.0,10.9,6.2,67
2019-12-05,-6.5,-2.0,87,0.10,294,0.34,1.0,12.6,6.2,73
2019-12-06,-7.0,-4.6,79,0.80,296,0.32,8.0,14.2,9.3,69
2019-12-07,-13.0,-7.8,78,0.00,307,0.31,0.0,11.8,8.5,56
2019-12-08,-12.9,-5.1,81,0.80,177,0.21,5.0,18.4,12.3,75
2019-12-09,-2.0,1.2,87,1.60,165,0.25,12.0,17.0,13.8,75
2019-12-10,1.9,6.3,84,4.80,211,0.48,12.0,19.6,17.5,68
2019-12-11,-14.5,-8.1,72,0.10,246,0.33,1.0,16.8,10.1,61
2019-12-12,-14.2,-9.6,67,0.30,253,0.38,3.0,19.1,11.0,49
2019-12-13,-8.2,-2.4,75,2.60,152,0.36,10.0,13.5,11.2,61
2019-12-14,-0.3,3.6,89,7.10,115,0.28,19.0,21.1,14.6,83
2019-12-15,-3.2,2.4,79,9.30,260,0.46,13.0,27.5,21.0,58
2019-12-16,-15.5,-11.0,70,0.00,266,0.35,0.0,22.5,12.6,54
2019-12-17,-10.1,-5.5,83,0.30,217,0.23,3.0,10.8,6.8,73
2019-12-18,-11.1,-8.3,85,2.80,7,0.16,16.0,12.8,5.9,78
2019-12-19,-16.0,-11.0,68,0.10,311,0.34,1.0,20.3,18.0,56
2019-12-20,-15.7,-9.5,75,0.00,320,0.33,0.0,19.1,13.6,65
2019-12-21,-16.0,-10.5,81,0.00,341,0.18,0.0,11.1,6.7,71
2019-12-22,-10.1,-3.2,84,3.40,158,0.21,10.0,13.8,8.6,78
2019-12-23,-2.4,3.4,90,0.00,194,0.34,0.0,18.9,10.8,71
2019-12-24,-6.8,0.6,72,0.00,325,0.58,0.0,22.0,16.8,62
2019-12-25,-12.0,-8.4,80,0.40,350,0.22,4.0,10.1,8.1,66
2019-12-26,-14.0,-8.7,77,0.00,5,0.29,0.0,12.6,8.6,62
2019-12-27,-5.0,2.6,79,1.70,148,0.32,8.0,14.9,12.3,65
2019-12-28,-0.3,1.2,81,0.60,273,0.49,6.0,15.0,9.8,61
2019-12-29,-5.3,-3.2,79,0.00,324,0.34,0.0,14.1,10.1,66
2019-12-30,-9.3,-6.7,77,3.10,92,0.35,4.0,24.2,14.3,65
2019-12-31,-5.3,-3.9,84,8.80,126,0.31,23.0,23.7,19.8,75
2020-01-01,-4.5,-1.0,87,2.90,267,0.39,13.0,13.9,7.4,68
2020-01-02,-4.2,-2.0,84,1.20,231,0.36,4.0,13.0,8.8,74
2020-01-03,-0.6,4.0,88,0.30,183,0.42,3.0,11.4,9.2,72
2020-01-04,-2.5,0.6,83,0.30,330,0.33,3.0,12.6,8.8,68
2020-01-05,-9.0,-6.3,78,1.00,342,0.35,8.0,20.5,14.9,62
2020-01-06,-15.5,-11.8,81,1.20,29,0.19,5.0,11.6,7.3,67
2020-01-07,-12.7,-7.2,82,0.80,196,0.35,6.0,11.4,7.0,60
2020-01-08,-7.9,-3.3,86,2.80,160,0.27,14.0,21.0,9.8,73
2020-01-09,-16.1,-7.1,64,0.00,323,0.39,0.0,23.7,14.7,44
2020-01-10,-9.9,0.5,73,1.30,158,0.39,6.0,15.3,13.5,64
2020-01-11,0.0,1.2,94,19.10,180,0.18,13.0,17.3,10.0,89
2020-01-12,-11.4,-2.7,75,20.60,4,0.32,21.0,24.0,17.9,69
2020-01-13,-14.9,-11.4,80,0.60,91,0.20,4.0,13.2,7.9,69
2020-01-14,-16.2,-11.2,79,0.00,12,0.27,0.0,9.8,6.1,59
2020-01-15,-8.4,-2.6,81,1.00,240,0.38,6.0,13.2,7.7,67
2020-01-16,-8.0,-5.1,81,0.60,333,0.33,5.0,21.7,10.6,61
2020-01-17,-20.6,-13.1,65,0.00,333,0.31,0.0,23.6,17.4,51
2020-01-18,-23.1,-18.4,71,0.00,344,0.21,0.0,10.5,7.0,57
2020-01-19,-15.9,-14.6,73,8.50,32,0.28,19.0,17.2,13.7,62
2020-01-20,-18.1,-14.3,71,0.00,324,0.32,0.0,16.6,12.1,53
2020-01-21,-18.1,-12.6,73,0.40,248,0.32,2.0,13.7,9.4,54
2020-01-22,-9.0,-3.6,82,1.10,171,0.42,8.0,18.4,12.4,71
2020-01-23,-2.4,1.4,80,0.00,203,0.50,0.0,13.0,9.0,68
2020-01-24,-5.1,-1.8,84,0.00,14,0.49,0.0,11.6,7.8,66
2020-01-25,-5.3,-1.5,84,0.00,118,0.45,0.0,15.4,11.5,70
2020-01-26,-1.6,-0.8,91,16.40,127,0.23,18.0,20.1,12.6,80
2020-01-27,-1.4,-0.3,88,1.70,327,0.39,7.0,13.7,9.4,69
2020-01-28,-6.7,-2.2,77,0.00,349,0.48,0.0,16.2,13.1,57
2020-01-29,-13.8,-10.9,73,0.00,344,0.42,0.0,19.5,14.7,51
2020-01-30,-15.9,-10.2,70,0.00,346,0.42,0.0,14.2,7.3,42
2020-01-31,-14.9,-7.8,68,0.00,337,0.48,0.0,9.6,5.9,37
2020-02-01,-10.1,-4.4,76,1.30,189,0.57,7.0,9.4,4.0,62
2020-02-02,-8.9,-3.4,84,0.10,188,0.51,1.0,8.7,4.9,66
2020-02-03,-4.7,0.2,84,1.00,254,0.42,4.0,15.2,9.4,70
2020-02-04,-4.7,0.5,78,0.00,254,0.69,0.0,14.8,8.2,53
2020-02-05,-10.6,-3.1,65,0.30,321,0.59,3.0,17.8,12.1,48
2020-02-06,-13.4,-10.1,79,3.30,147,0.23,12.0,10.2,6.9,72
2020-02-07,-9.7,-8.9,82,22.90,4,0.25,24.0,21.7,14.8,76
2020-02-08,-17.5,-13.0,65,1.40,320,0.43,5.0,23.5,15.4,47
2020-02-09,-20.9,-13.8,68,0.00,199,0.41,0.0,12.6,8.8,45
2020-02-10,-10.6,-3.8,78,4.40,141,0.52,12.0,11.8,7.4,63
2020-02-11,-8.2,-3.0,85,0.10,196,0.39,1.0,9.4,7.6,73
2020-02-12,-4.8,-1.1,75,0.10,247,0.85,1.0,19.4,11.5,45
2020-02-13,-9.3,-3.3,74,2.00,337,0.40,7.0,19.5,14.2,55
2020-02-14,-23.4,-18.7,61,0.00,338,0.34,0.0,18.4,13.3,42
2020-02-15,-21.5,-13.1,67,0.00,181,0.39,0.0,17.8,11.5,55
2020-02-16,-7.6,-0.9,72,0.80,195,0.69,5.0,18.9,13.9,51
2020-02-17,-10.4,-4.4,65,1.40,331,0.64,6.0,17.1,10.1,43
2020-02-18,-14.4,-7.6,71,5.30,137,0.35,7.0,24.3,14.1,52
2020-02-19,-7.7,-1.3,66,2.20,277,0.74,4.0,22.9,18.7,46
2020-02-20,-19.8,-15.6,64,0.00,300,0.44,0.0,16.7,9.8,43
2020-02-21,-18.1,-10.3,66,0.00,178,0.58,0.0,16.5,9.3,50
2020-02-22,-6.1,0.9,72,0.00,213,1.09,0.0,16.0,12.2,48
2020-02-23,-3.0,2.3,82,0.00,184,1.10,0.0,12.8,9.9,59
2020-02-24,-0.3,6.3,76,0.00,188,1.33,0.0,17.7,12.2,47
2020-02-25,-1.8,0.8,79,0.00,338,0.91,0.0,12.1,8.4,60
2020-02-26,-5.2,-1.6,77,0.00,8,0.92,0.0,14.8,11.6,51
2020-02-27,-2.6,-1.2,80,16.00,102,0.51,23.0,28.1,19.6,73
2020-02-28,-9.8,-5.8,64,3.60,220,0.60,20.0,20.1,12.9,47
2020-02-29,-13.9,-8.8,73,0.00,252,0.60,0.0,8.8,5.2,56
2020-03-01,-11.2,-6.6,71,0.00,306,0.89,0.0,11.4,8.4,45
2020-03-02,-10.1,-2.5,74,0.70,147,0.63,2.0,16.6,11.5,57
2020-03-03,-3.1,2.0,89,0.00,171,0.95,0.0,11.9,7.2,68
2020-03-04,-0.5,0.5,81,9.70,310,0.84,15.0,28.1,16.6,58
2020-03-05,-4.1,0.4,65,0.10,312,1.42,1.0,18.8,12.7,37
2020-03-06,-6.2,-3.6,71,0.00,5,0.89,0.0,17.9,10.9,46
2020-03-07,-10.1,-4.2,62,0.00,350,1.11,0.0,17.2,12.0,26
2020-03-08,-4.0,1.9,63,0.00,271,1.27,0.0,11.2,9.1,51
2020-03-09,-2.7,-0.8,87,6.50,110,0.49,13.0,9.8,6.0,73
2020-03-10,-2.4,2.1,89,11.00,151,0.37,19.0,17.1,12.4,86
2020-03-11,-6.5,-1.7,63,0.00,319,1.02,0.0,20.1,12.9,45
2020-03-12,-7.9,-1.9,61,0.00,100,1.24,0.0,12.1,6.0,43
2020-03-13,-2.0,4.6,79,17.90,136,0.67,13.0,26.1,18.9,57
2020-03-14,-2.0,1.8,62,0.20,281,1.33,2.0,26.3,22.3,48
2020-03-15,-9.6,-6.3,62,0.00,332,1.13,0.0,19.5,16.3,37
2020-03-16,-12.2,-6.0,64,0.00,9,1.06,0.0,13.0,8.3,31
2020-03-17,-3.7,2.5,73,6.50,187,0.81,14.0,22.7,16.3,59
2020-03-18,-5.6,-1.9,63,0.00,287,1.45,0.0,13.7,9.3,38
2020-03-19,-2.7,4.6,68,0.00,129,1.65,0.0,10.4,8.0,51
2020-03-20,2.3,8.0,86,12.00,154,0.72,13.0,22.9,15.1,72
2020-03-21,-8.1,1.8,58,0.00,316,1.28,0.0,27.5,19.6,40
2020-03-22,-12.6,-6.4,65,0.00,341,1.18,0.0,9.8,7.2,29
2020-03-23,-9.0,-1.2,64,0.30,146,1.05,3.0,18.5,12.1,48
2020-03-24,-1.9,4.0,75,0.90,335,1.69,8.0,11.9,7.7,39
2020-03-25,-1.5,4.2,70,0.00,166,1.71,0.0,14.7,8.3,43
2020-03-26,0.7,4.1,77,3.40,155,0.98,7.0,14.1,10.7,64
2020-03-27,0.4,3.8,73,5.00,331,1.82,7.0,22.1,15.3,33
2020-03-28,-2.1,5.2,68,0.00,309,2.14,0.0,12.5,6.4,36
2020-03-29,1.1,6.0,65,8.10,118,1.35,5.0,26.1,13.0,38
2020-03-30,0.0,1.1,87,15.20,121,0.59,19.0,28.2,21.4,75
2020-03-31,0.8,5.8,63,0.00,45,2.29,0.0,13.7,8.8,27
2020-04-01,-1.2,2.5,78,0.20,24,0.96,2.0,11.4,8.4,63
2020-04-02,-0.2,2.3,89,6.40,348,0.63,11.0,20.2,13.7,79
2020-04-03,4.5,8.2,75,6.10,25,1.41,13.0,15.6,12.1,56
2020-04-04,2.2,8.6,79,0.00,120,1.59,0.0,9.7,6.1,48
2020-04-05,2.3,4.4,83,3.20,191,0.67,9.0,10.9,7.4,74
2020-04-06,1.1,6.2,65,0.10,304,2.40,1.0,27.2,14.8,32
2020-04-07,-1.9,2.8,71,0.00,329,1.48,0.0,12.2,8.5,48
2020-04-08,-2.7,3.6,68,0.00,4,2.18,0.0,10.3,7.0,38
2020-04-09,-1.4,1.9,73,7.20,104,0.97,10.0,17.1,12.3,54
2020-04-10,0.7,4.1,72,9.90,11,1.51,14.0,23.4,16.0,39
2020-04-11,-0.2,2.5,65,0.70,303,1.93,6.0,21.7,18.5,44
2020-04-12,-0.3,8.6,72,0.00,220,1.51,0.0,23.5,10.4,45
2020-04-13,4.1,7.7,80,12.10,127,0.92,12.0,25.4,15.9,72
2020-04-14,1.9,8.6,63,5.30,246,2.20,3.0,26.5,19.9,36
2020-04-15,-1.9,1.8,65,1.80,254,1.73,9.0,20.5,11.2,35
2020-04-16,-3.7,1.9,55,0.30,278,2.01,3.0,19.9,12.7,26
2020-04-17,-3.2,1.0,59,0.20,272,1.89,2.0,19.6,14.0,35
2020-04-18,-1.1,4.9,58,0.00,207,1.99,0.0,16.5,10.3,32
2020-04-19,0.6,5.6,80,3.20,184,0.96,8.0,16.9,11.8,58
2020-04-20,-2.9,2.1,55,9.30,316,2.39,6.0,19.5,11.3,21
2020-04-21,-1.2,6.9,56,3.30,155,1.76,5.0,24.1,15.7,29
2020-04-22,-4.6,0.7,55,0.40,285,1.46,4.0,27.1,17.8,35
2020-04-23,-4.5,2.4,42,0.00,293,2.57,0.0,20.8,18.5,24
2020-04-24,-0.7,7.8,42,0.00,327,3.18,0.0,11.7,8.6,16
2020-04-25,1.8,9.9,42,0.00,325,3.48,0.0,12.4,9.6,21
2020-04-26,3.4,11.1,43,0.00,10,3.27,0.0,18.5,10.2,26
2020-04-27,3.9,10.3,44,0.00,38,3.41,0.0,18.1,13.2,24
2020-04-28,4.4,11.2,48,0.00,48,2.58,0.0,11.4,7.1,29
2020-04-29,5.6,13.1,56,0.00,124,3.47,0.0,17.2,10.6,29
2020-04-30,6.6,10.0,71,5.40,139,1.77,14.0,27.1,20.9,42
2020-05-01,6.5,10.4,91,12.60,147,1.16,18.0,23.6,17.5,56
2020-05-02,7.3,14.8,57,0.00,316,3.86,0.0,19.2,13.1,28
2020-05-03,8.3,16.4,74,4.20,191,1.99,13.0,17.4,8.4,47
2020-05-04,4.4,7.8,83,0.10,326,1.25,1.0,26.1,15.7,55
2020-05-05,3.3,7.2,65,1.00,335,1.98,10.0,19.3,15.9,49
2020-05-06,4.3,10.6,55,0.00,330,3.56,0.0,11.6,9.6,27
2020-05-07,4.1,11.1,55,1.10,329,2.79,3.0,12.2,7.1,29
2020-05-08,0.2,5.9,57,1.00,315,2.68,6.0,17.9,12.6,24
2020-05-09,-1.0,3.5,53,0.20,325,2.26,2.0,26.6,16.1,30
2020-05-10,0.0,4.5,56,0.00,282,1.90,0.0,25.1,19.2,44
2020-05-11,1.6,6.0,60,0.00,305,2.21,0.0,17.0,10.3,47
2020-05-12,0.3,7.4,43,0.00,338,3.17,0.0,21.3,15.7,18
2020-05-13,2.0,9.5,43,0.00,315,3.69,0.0,20.9,15.3,22
2020-05-14,6.3,15.5,44,0.00,309,4.19,0.0,11.8,8.0,20
2020-05-15,7.5,12.9,69,3.90,112,1.96,8.0,13.1,8.6,42
2020-05-16,9.0,15.2,76,1.70,341,2.39,5.0,15.6,8.0,40
2020-05-17,9.6,15.9,58,0.00,337,3.93,0.0,15.9,11.4,33
2020-05-18,7.4,13.9,41,0.00,6,4.59,0.0,14.9,12.7,22
2020-05-19,9.0,17.2,46,0.00,57,4.53,0.0,17.1,8.8,26
2020-05-20,12.5,22.0,42,0.00,138,5.18,0.0,12.4,6.7,23
2020-05-21,16.6,24.4,38,0.00,248,6.40,0.0,18.0,13.4,18
2020-05-22,16.6,21.9,38,0.00,311,5.72,0.0,15.3,12.4,22
2020-05-23,13.4,19.9,30,0.00,36,5.72,0.0,15.5,9.5,20
2020-05-24,14.0,23.3,34,0.00,150,5.79,0.0,13.7,11.4,21
2020-05-25,16.2,20.1,57,1.70,173,3.18,3.0,15.8,12.4,35
2020-05-26,19.3,28.3,77,2.70,205,3.80,5.0,14.4,7.4,44
2020-05-27,23.0,29.9,75,1.30,175,4.58,5.0,12.3,6.2,44
2020-05-28,25.1,30.9,51,0.10,212,6.22,1.0,21.1,12.8,30
2020-05-29,22.9,27.7,67,3.90,209,5.14,7.0,24.8,18.8,40
2020-05-30,14.4,20.9,78,20.20,308,2.62,14.0,20.6,13.1,45
2020-05-31,4.7,8.6,68,13.10,324,1.91,6.0,20.5,18.0,41
2020-06-01,5.9,11.3,64,0.50,308,2.35,3.0,16.3,10.0,35
2020-06-02,8.7,16.1,60,0.00,180,3.10,0.0,9.5,6.5,40
2020-06-03,12.2,17.3,68,0.10,292,2.96,1.0,10.7,6.2,37
2020-06-04,12.7,18.0,62,0.40,277,3.56,4.0,19.9,13.2,40
2020-06-05,16.7,25.5,54,0.10,256,5.21,1.0,19.6,11.6,28
2020-06-06,15.7,20.6,72,5.20,15,3.73,12.0,20.4,11.1,46
2020-06-07,12.1,16.7,57,0.00,347,3.70,0.0,18.4,13.4,35
2020-06-08,13.0,19.4,52,0.00,331,4.94,0.0,16.1,13.0,28
2020-06-09,14.8,20.3,48,0.10,333,4.75,1.0,9.9,7.9,28
2020-06-10,15.3,21.9,63,1.00,142,3.52,3.0,22.7,13.4,33
2020-06-11,18.5,25.3,70,4.70,174,4.21,9.0,28.8,21.9,38
2020-06-12,14.1,19.0,60,2.00,234,4.01,4.0,24.5,17.2,43
2020-06-13,9.5,13.3,58,0.70,333,2.92,3.0,15.0,12.5,40
2020-06-14,11.6,17.1,58,0.00,30,3.63,0.0,10.8,6.3,35
2020-06-15,14.6,22.7,53,0.00,248,5.13,0.0,8.7,5.6,26
2020-06-16,17.9,26.8,52,0.00,240,5.86,0.0,12.5,8.1,24
2020-06-17,21.1,30.5,46,0.00,241,6.66,0.0,14.3,10.3,20
2020-06-18,24.9,33.8,41,0.00,236,7.11,0.0,13.8,9.1,23
2020-06-19,25.8,33.5,42,0.00,251,7.20,0.0,14.8,10.0,19
2020-06-20,25.7,31.6,47,0.00,237,6.04,0.0,13.6,8.7,27
2020-06-21,23.7,30.5,57,0.00,166,6.13,0.0,15.3,10.8,37
2020-06-22,24.0,30.0,70,5.90,168,4.68,3.0,13.5,9.2,44
2020-06-23,24.1,29.4,70,1.00,175,4.43,1.0,15.1,7.5,45
2020-06-24,21.4,25.3,79,9.20,181,3.92,12.0,22.4,15.4,45
2020-06-25,17.2,21.3,59,0.50,215,3.91,3.0,24.4,17.8,40
2020-06-26,18.1,23.5,59,0.60,213,4.29,4.0,17.3,11.6,36
2020-06-27,16.4,21.4,87,4.70,172,2.11,15.0,13.0,7.9,59
2020-06-28,17.2,21.9,90,6.10,107,2.63,16.0,9.0,6.0,73
2020-06-29,17.8,24.3,91,6.70,39,2.73,10.0,11.0,6.5,59
2020-06-30,19.1,23.8,78,1.50,40,3.60,5.0,10.0,8.1,59
2020-07-01,20.6,28.1,74,0.00,341,4.95,0.0,12.2,6.8,40
2020-07-02,22.2,26.6,69,0.40,323,4.06,3.0,17.4,10.3,57
2020-07-03,20.3,26.6,72,0.30,260,4.50,2.0,11.6,6.0,30
2020-07-04,19.7,25.2,54,0.00,329,5.82,0.0,12.0,10.0,28
2020-07-05,18.1,21.6,66,0.00,324,2.85,0.0,10.7,6.2,49
2020-07-06,18.5,25.3,66,0.00,170,4.57,0.0,9.0,5.1,33
2020-07-07,19.6,26.6,62,0.00,155,4.53,0.0,17.3,12.1,44
2020-07-08,21.9,26.9,78,26.30,239,4.26,14.0,12.3,5.5,55
2020-07-09,22.6,27.9,80,0.40,209,4.46,3.0,13.0,6.7,59
2020-07-10,24.6,30.3,77,0.00,155,5.21,0.0,15.3,9.3,50
2020-07-11,22.4,26.3,86,12.50,131,2.32,11.0,19.4,13.8,75
2020-07-12,20.8,23.1,90,6.50,277,2.74,18.0,20.5,12.3,66
2020-07-13,19.3,23.2,79,2.90,315,3.58,6.0,12.1,9.2,62
2020-07-14,18.8,23.3,76,2.40,38,3.87,8.0,13.8,7.7,49
2020-07-15,17.2,22.1,66,0.00,114,4.97,0.0,13.8,8.5,41
2020-07-16,17.7,21.7,73,0.50,136,2.80,4.0,18.9,13.2,67
2020-07-17,19.5,25.9,83,17.80,176,2.81,15.0,19.4,13.8,49
2020-07-18,21.7,27.2,69,0.10,271,4.59,1.0,11.7,7.8,40
2020-07-19,21.4,27.7,87,11.60,201,2.73,16.0,17.6,10.7,68
2020-07-20,22.0,24.8,79,2.80,246,4.37,7.0,22.8,15.0,50
2020-07-21,17.0,20.5,68,0.00,316,3.57,0.0,13.8,10.3,50
2020-07-22,18.0,22.7,68,0.00,224,3.82,0.0,9.9,5.5,44
2020-07-23,17.8,21.3,80,5.00,354,3.47,8.0,12.5,7.9,59
2020-07-24,19.8,26.1,69,0.00,318,4.71,0.0,9.7,7.1,39
2020-07-25,21.4,27.4,64,0.00,255,4.89,0.0,16.6,10.1,37
2020-07-26,21.3,25.1,81,14.90,252,2.37,18.0,19.9,11.1,57
2020-07-27,22.0,25.9,91,2.10,240,2.46,9.0,10.0,6.3,75
2020-07-28,22.3,25.8,81,2.50,241,4.11,13.0,14.1,8.5,50
2020-07-29,19.8,24.4,79,5.30,221,3.63,5.0,14.3,8.5,55
2020-07-30,18.1,20.9,90,12.60,221,3.05,10.0,8.9,5.1,72
2020-07-31,18.4,23.3,85,1.50,323,3.37,4.0,9.9,7.5,59
2020-08-01,20.2,25.4,79,0.50,315,4.19,5.0,7.6,4.7,53
2020-08-02,19.9,24.5,86,6.30,157,2.20,7.0,14.8,9.0,64
2020-08-03,19.7,23.2,90,9.40,219,2.45,17.0,22.0,15.8,65
2020-08-04,16.8,18.8,89,8.70,111,1.25,9.0,16.5,9.1,77
2020-08-05,17.8,21.3,88,46.30,245,3.15,17.0,21.4,15.6,59
2020-08-06,16.9,21.4,65,0.00,267,3.90,0.0,22.4,15.3,47
2020-08-07,18.5,24.1,70,0.00,235,4.20,0.0,10.6,8.8,46
2020-08-08,19.6,25.0,73,0.00,235,4.13,0.0,10.5,6.8,47
2020-08-09,19.4,24.7,76,0.30,226,3.58,2.0,17.3,9.1,45
2020-08-10,18.9,23.6,86,0.10,177,2.50,1.0,11.0,6.3,65
2020-08-11,21.6,26.8,87,3.10,188,3.14,6.0,18.7,11.2,70
2020-08-12,21.0,26.2,76,0.70,258,4.47,3.0,15.0,9.7,41
2020-08-13,19.6,22.8,73,0.10,323,3.80,1.0,11.9,9.3,54
2020-08-14,17.9,23.6,72,0.00,3,3.92,0.0,11.8,8.3,46
2020-08-15,18.4,22.8,79,0.40,120,3.64,4.0,12.4,7.9,58
2020-08-16,18.3,22.7,77,0.40,143,3.74,4.0,15.0,11.1,57
2020-08-17,17.6,21.1,87,6.00,163,2.61,13.0,12.1,8.8,69
2020-08-18,15.7,17.5,89,8.00,292,2.22,8.0,11.0,6.7,66
2020-08-19,13.8,17.7,79,1.70,294,2.72,6.0,14.9,10.6,57
2020-08-20,14.0,18.9,71,0.00,278,3.02,0.0,11.8,8.9,43
2020-08-21,15.2,19.6,79,5.00,317,2.56,8.0,12.1,7.9,54
2020-08-22,16.1,21.7,76,0.00,264,3.31,0.0,10.0,4.9,43
2020-08-23,18.3,23.1,79,0.10,259,2.88,1.0,11.3,7.0,52
2020-08-24,17.2,22.3,83,0.30,225,2.75,3.0,11.6,6.5,63
2020-08-25,17.6,19.7,85,1.50,281,2.77,8.0,24.4,14.5,59
2020-08-26,11.0,13.7,62,0.00,310,2.84,0.0,22.4,18.5,46
2020-08-27,11.5,18.1,62,0.00,306,3.54,0.0,15.8,12.0,45
2020-08-28,13.1,18.3,69,0.00,315,3.05,0.0,16.6,10.9,43
2020-08-29,11.7,12.7,86,15.20,90,0.69,10.0,15.9,9.6,73
2020-08-30,11.2,14.7,83,8.90,337,2.22,16.0,27.9,18.1,54
2020-08-31,11.9,16.5,73,0.00,307,2.46,0.0,10.2,6.9,50
2020-09-01,13.2,18.6,81,0.40,153,2.04,4.0,21.2,13.4,71
2020-09-02,16.3,20.2,93,12.20,173,1.07,19.0,28.8,19.7,82
2020-09-03,16.1,20.8,84,8.60,214,3.09,5.0,21.5,10.1,53
2020-09-04,15.5,17.8,69,0.30,231,3.11,2.0,20.7,16.6,44
2020-09-05,12.4,16.7,73,0.50,244,2.83,5.0,16.7,11.3,51
2020-09-06,11.7,17.0,79,1.10,242,2.53,8.0,10.0,6.6,49
2020-09-07,13.6,21.0,85,2.60,163,1.84,5.0,27.5,18.4,69
2020-09-08,14.4,18.6,81,2.20,259,2.54,3.0,16.9,7.9,44
2020-09-09,11.3,12.3,90,2.50,3,0.92,9.0,10.5,7.2,78
2020-09-10,9.9,10.8,92,5.60,352,0.76,15.0,15.3,8.3,81
2020-09-11,9.7,14.4,73,0.00,332,2.10,0.0,11.6,8.5,45
2020-09-12,11.1,17.2,73,0.00,209,2.91,0.0,13.7,8.5,49
2020-09-13,12.8,15.2,85,12.00,170,1.07,6.0,23.4,16.2,75
2020-09-14,11.0,15.3,75,1.70,301,1.75,4.0,19.3,15.9,45
2020-09-15,8.0,13.1,68,0.00,291,2.41,0.0,12.7,8.3,42
2020-09-16,11.4,18.0,87,14.90,183,1.34,14.0,27.7,15.5,61
2020-09-17,9.4,17.6,73,5.90,306,2.31,3.0,24.5,11.5,36
2020-09-18,5.7,9.5,65,0.00,344,1.89,0.0,13.6,8.9,39
2020-09-19,4.7,9.6,66,0.00,319,1.94,0.0,14.2,11.1,36
2020-09-20,4.8,10.5,75,0.00,335,2.20,0.0,9.1,5.7,41
2020-09-21,6.6,14.0,71,0.00,189,2.31,0.0,11.4,7.3,37
2020-09-22,8.5,16.6,74,0.00,258,2.51,0.0,9.1,4.6,41
2020-09-23,11.8,18.0,83,1.10,318,2.11,5.0,19.2,12.5,65
2020-09-24,11.0,13.4,80,0.00,313,2.17,0.0,15.3,10.8,53
2020-09-25,7.8,15.0,71,0.00,330,2.35,0.0,10.4,6.6,44
2020-09-26,12.6,20.4,73,0.00,171,2.48,0.0,17.0,11.8,61
2020-09-27,17.3,22.8,84,1.00,185,1.89,4.0,26.3,16.3,60
2020-09-28,17.2,20.4,92,2.40,169,1.17,7.0,16.5,12.6,76
2020-09-29,16.9,19.4,95,7.90,177,0.75,10.0,22.1,15.0,82
2020-09-30,12.1,13.4,91,28.50,263,0.88,21.0,20.8,11.0,59
2020-10-01,10.8,14.3,85,4.70,200,1.62,15.0,16.8,11.6,65
2020-10-02,7.7,9.7,95,3.00,345,0.59,10.0,11.5,8.3,89
2020-10-03,6.2,9.1,82,0.20,343,1.15,2.0,9.3,7.0,56
2020-10-04,6.2,10.8,77,0.00,162,1.55,0.0,12.6,7.2,58
2020-10-05,7.2,10.5,92,6.30,141,0.67,17.0,9.2,5.7,78
2020-10-06,8.1,12.4,88,2.10,192,1.02,7.0,22.0,14.4,65
2020-10-07,9.2,11.3,94,10.50,188,0.54,17.0,16.9,12.8,73
2020-10-08,4.7,8.0,68,0.40,317,1.36,3.0,24.5,21.8,48
2020-10-09,4.3,9.7,63,0.00,279,1.40,0.0,17.8,12.0,49
2020-10-10,9.8,17.2,90,26.10,206,1.06,16.0,21.2,14.0,63
2020-10-11,4.3,7.3,58,0.00,334,2.06,0.0,24.7,15.4,43
2020-10-12,3.2,9.6,66,0.00,113,1.75,0.0,13.3,10.1,44
2020-10-13,3.9,5.8,79,6.30,136,0.77,8.0,19.1,15.3,62
2020-10-14,7.2,12.2,91,2.10,259,1.07,8.0,13.7,6.5,68
2020-10-15,8.1,15.5,75,1.50,168,1.56,2.0,22.0,14.3,53
2020-10-16,7.5,10.2,99,10.10,191,0.33,22.0,13.0,9.6,97
2020-10-17,4.7,8.7,82,0.30,309,0.99,1.0,15.5,8.2,42
2020-10-18,4.6,9.3,75,0.00,172,1.14,0.0,17.8,12.9,50
2020-10-19,7.1,8.4,82,4.80,173,0.83,12.0,20.4,11.5,56
2020-10-20,4.5,6.1,91,13.30,343,0.65,15.0,13.3,8.9,65
2020-10-21,3.0,9.7,91,12.20,123,0.25,11.0,24.8,12.5,80
2020-10-22,6.2,10.1,84,0.00,260,0.96,0.0,15.9,8.7,59
2020-10-23,7.1,12.4,94,2.70,119,0.39,9.0,17.7,11.5,79
2020-10-24,8.7,14.1,77,4.00,249,1.23,6.0,24.5,20.3,51
2020-10-25,0.5,3.2,52,0.00,336,1.52,0.0,16.8,11.2,38
2020-10-26,-0.8,0.2,75,10.30,125,0.40,13.0,13.0,8.4,59
2020-10-27,-1.8,0.1,73,2.90,315,0.77,4.0,16.2,9.7,48
2020-10-28,-5.0,-0.9,81,0.70,160,0.41,7.0,11.9,8.6,66
2020-10-29,-1.0,1.3,74,0.00,306,0.84,0.0,14.0,10.5,50
2020-10-30,-6.6,-1.8,70,0.00,0,0.87,0.0,17.4,11.8,51
2020-10-31,-6.3,3.2,69,0.00,254,1.03,0.0,13.6,8.2,32
2020-11-01,-1.3,5.2,77,2.70,162,0.82,4.0,22.8,17.1,58
2020-11-02,-1.5,2.8,77,2.80,303,0.76,12.0,32.1,17.6,39
2020-11-03,-4.6,-1.5,62,2.20,315,0.96,8.0,17.0,10.7,35
2020-11-04,-5.1,0.5,68,0.40,141,0.62,3.0,13.9,10.1,56
2020-11-05,2.3,12.0,78,0.00,161,1.27,0.0,16.6,13.6,52
2020-11-06,6.4,12.4,86,0.10,192,0.98,1.0,14.3,9.1,72
2020-11-07,6.9,12.0,84,0.00,257,1.03,0.0,16.8,7.5,66
2020-11-08,6.7,11.5,84,0.20,148,0.99,2.0,12.0,10.0,69
2020-11-09,8.3,16.2,90,0.10,190,0.87,1.0,10.9,8.4,72
2020-11-10,12.0,17.4,76,0.00,181,1.46,0.0,14.8,12.1,59
2020-11-11,13.2,15.8,86,1.50,193,0.75,5.0,27.2,16.7,76
2020-11-12,5.4,15.4,61,0.00,295,1.21,0.0,18.5,11.5,48
2020-11-13,0.1,4.3,74,1.10,144,0.70,2.0,15.1,8.2,49
2020-11-14,-0.3,2.2,80,1.00,289,0.60,3.0,16.2,9.8,51
2020-11-15,-2.7,0.8,73,0.70,133,0.64,5.0,27.2,12.2,53
2020-11-16,1.4,3.0,86,13.80,199,0.54,13.0,26.2,20.5,70
2020-11-17,-2.7,-0.7,64,0.40,288,0.76,4.0,17.1,12.9,49
2020-11-18,-7.0,-4.6,46,0.00,316,1.03,0.0,19.4,14.8,33
2020-11-19,-6.8,-2.1,60,0.40,175,0.63,2.0,20.1,12.4,52
2020-11-20,-0.8,2.3,83,3.40,159,0.33,9.0,13.0,10.6,62
2020-11-21,-0.6,3.0,76,0.30,305,0.64,2.0,18.9,13.0,48
2020-11-22,-4.8,-2.2,66,0.00,126,0.54,0.0,11.2,6.5,50
2020-11-23,-2.3,-0.2,86,21.50,105,0.31,19.0,20.4,15.2,69
2020-11-24,-7.0,-3.1,66,0.10,317,0.67,1.0,22.7,18.2,49
2020-11-25,-10.5,-4.5,83,3.60,130,0.20,14.0,14.0,9.5,77
2020-11-26,-2.2,1.6,91,2.00,120,0.29,6.0,16.8,10.6,83
2020-11-27,1.0,3.0,91,0.40,205,0.33,4.0,12.0,6.8,76
2020-11-28,0.2,2.3,87,0.30,229,0.49,3.0,10.3,5.2,61
2020-11-29,0.2,4.2,88,0.50,227,0.46,5.0,11.3,8.4,67
2020-11-30,-0.2,2.5,93,6.10,123,0.32,4.0,16.8,12.4,79
2020-12-01,5.2,9.5,98,25.20,95,0.24,23.0,20.9,11.3,87
2020-12-02,1.3,7.1,96,2.90,173,0.28,14.0,19.2,13.2,85
2020-12-03,-2.9,0.7,76,0.30,204,0.45,3.0,16.7,12.6,63
2020-12-04,-1.1,1.6,89,1.10,189,0.32,7.0,15.1,10.9,74
2020-12-05,-2.7,-0.9,85,0.40,346,0.47,4.0,19.8,10.8,56
2020-12-06,-6.5,-5.0,70,0.40,343,0.60,4.0,25.3,23.1,60
2020-12-07,-6.3,-3.8,66,0.00,335,0.69,0.0,20.8,15.9,53
2020-12-08,-8.5,-5.9,71,0.00,343,0.45,0.0,14.0,11.2,57
2020-12-09,-7.7,-4.7,81,1.20,170,0.23,9.0,11.0,7.8,73
2020-12-10,-3.5,-1.1,78,2.30,297,0.44,11.0,16.6,9.8,55
2020-12-11,-3.7,-1.1,83,0.70,172,0.21,7.0,11.5,7.6,77
2020-12-12,-2.8,-0.8,85,2.50,26,0.31,6.0,15.5,10.6,66
2020-12-13,-1.5,2.8,88,10.50,137,0.28,18.0,22.4,18.9,76
2020-12-14,-8.8,-4.2,80,0.00,290,0.34,0.0,15.0,6.9,69
2020-12-15,-13.2,-5.6,68,0.80,302,0.37,4.0,24.0,16.9,54
2020-12-16,-23.8,-19.6,70,0.00,338,0.18,0.0,16.6,10.2,56
2020-12-17,-21.6,-15.1,70,0.00,349,0.22,0.0,11.7,9.0,51
2020-12-18,-18.2,-9.9,69,0.00,343,0.33,0.0,13.1,10.9,45
2020-12-19,-15.1,-8.1,73,0.00,163,0.31,0.0,11.4,7.9,55
2020-12-20,-8.3,-4.2,79,1.00,147,0.26,8.0,13.9,9.9,66
2020-12-21,-2.5,-0.7,94,3.00,160,0.18,18.0,14.5,10.4,90
2020-12-22,-1.7,0.5,91,0.50,297,0.39,4.0,18.6,7.3,74
2020-12-23,-11.7,-3.8,73,0.30,299,0.38,3.0,19.7,11.7,59
2020-12-24,-2.3,6.0,77,4.70,156,0.60,7.0,25.2,18.2,64
2020-12-25,6.4,9.7,100,42.40,142,0.14,24.0,24.2,17.6,99
2020-12-26,-2.9,7.3,75,1.30,204,0.45,9.0,22.3,17.3,46
2020-12-27,-12.3,-8.1,56,0.00,255,0.52,0.0,16.3,10.3,41
2020-12-28,-5.9,0.5,72,4.20,147,0.45,10.0,21.3,16.0,57
2020-12-29,-9.0,0.3,60,0.80,292,0.61,4.0,19.3,16.0,40
2020-12-30,-11.3,-7.8,72,3.70,201,0.28,6.0,17.4,10.5,58
2020-12-31,-4.1,-1.2,76,5.40,249,0.48,11.0,20.0,15.9,56
2021-01-01,-12.9,-5.5,81,0.00,252,0.32,0.0,10.4,7.0,67
2021-01-02,-8.0,-5.0,86,5.90,46,0.22,13.0,12.6,8.8,76
2021-01-03,-10.7,-5.5,86,0.00,134,0.32,0.0,10.0,6.6,71
2021-01-04,-9.0,-2.0,85,0.00,108,0.42,0.0,8.5,4.5,62
2021-01-05,-8.4,-4.1,88,0.00,52,0.26,0.0,8.8,6.1,72
2021-01-06,-7.5,-3.2,83,0.00,343,0.42,0.0,18.0,12.6,67
2021-01-07,-7.8,-3.9,80,0.00,346,0.46,0.0,24.1,19.7,67
2021-01-08,-9.6,-6.3,75,0.00,340,0.50,0.0,20.8,17.8,53
2021-01-09,-8.9,-3.6,65,0.00,344,0.68,0.0,19.5,16.5,57
2021-01-10,-8.7,-6.0,81,0.00,345,0.41,0.0,19.6,13.0,70
2021-01-11,-9.6,-3.8,85,0.00,193,0.28,0.0,9.7,6.7,71
2021-01-12,-5.1,-0.8,85,2.10,197,0.44,7.0,9.5,7.0,60
2021-01-13,-4.6,-2.7,87,0.20,188,0.25,2.0,15.0,10.0,79
2021-01-14,-2.2,0.4,89,2.20,172,0.39,12.0,15.1,7.3,72
2021-01-15,-3.4,0.3,88,0.00,107,0.54,0.0,12.8,5.3,61
2021-01-16,-3.6,-1.3,89,19.50,110,0.22,10.0,19.6,14.1,86
2021-01-17,-3.2,-2.1,85,7.90,325,0.36,21.0,19.4,12.2,73
2021-01-18,-8.4,-3.1,72,0.10,300,0.49,1.0,16.5,13.0,54
2021-01-19,-16.0,-12.1,72,0.00,327,0.34,0.0,15.0,8.3,47
2021-01-20,-14.3,-11.5,76,0.70,356,0.32,5.0,11.0,6.5,60
2021-01-21,-16.6,-12.3,78,1.10,137,0.23,7.0,14.2,9.2,68
2021-01-22,-9.8,-6.9,80,3.10,149,0.33,20.0,15.4,9.1,64
2021-01-23,-13.1,-9.9,74,0.30,317,0.39,3.0,19.6,14.6,55
2021-01-24,-15.9,-12.0,68,0.00,319,0.46,0.0,24.0,20.4,55
2021-01-25,-15.3,-8.7,75,0.00,320,0.42,0.0,16.0,10.5,57
2021-01-26,-14.5,-7.7,75,0.00,339,0.45,0.0,10.8,7.8,57
2021-01-27,-10.8,-4.0,80,0.00,354,0.39,0.0,9.4,6.9,65
2021-01-28,-10.7,-7.6,77,0.00,323,0.41,0.0,16.8,11.9,57
2021-01-29,-17.4,-14.2,68,0.00,333,0.41,0.0,18.2,16.8,54
2021-01-30,-19.0,-14.8,72,0.00,330,0.34,0.0,14.1,11.7,52
2021-01-31,-20.5,-14.3,72,0.00,339,0.35,0.0,12.2,9.8,53
2021-02-01,-17.8,-5.4,75,0.00,11,0.52,0.0,11.2,6.7,63
2021-02-02,-9.1,-0.9,74,0.80,7,0.66,3.0,23.2,12.5,45
2021-02-03,-5.1,-3.5,77,7.50,357,0.57,22.0,23.1,21.2,72
2021-02-04,-4.1,-0.6,76,0.90,344,0.77,6.0,15.1,12.8,55
2021-02-05,-7.8,-3.6,85,3.30,125,0.31,4.0,18.8,11.5,69
2021-02-06,-7.2,-3.2,76,0.00,203,0.61,0.0,15.5,13.7,54
2021-02-07,-11.4,-7.2,75,1.00,168,0.43,6.0,14.6,10.9,58
2021-02-08,-13.2,-8.7,72,0.30,285,0.50,1.0,12.8,9.1,45
2021-02-09,-16.6,-9.7,72,0.00,156,0.42,0.0,11.1,6.7,65
2021-02-10,-14.1,-10.2,71,0.10,282,0.53,1.0,13.0,8.2,40
2021-02-11,-17.4,-13.3,66,0.00,307,0.42,0.0,18.7,11.3,47
2021-02-12,-18.2,-12.8,67,0.00,319,0.47,0.0,19.1,12.5,54
2021-02-13,-17.2,-11.7,70,0.00,320,0.48,0.0,11.2,8.7,51
2021-02-14,-12.2,-6.5,72,1.70,13,0.64,9.0,8.6,5.0,56
2021-02-15,-11.9,-7.9,78,1.70,306,0.34,11.0,7.9,4.4,64
2021-02-16,-9.6,-6.9,86,12.90,88,0.22,18.0,16.0,8.6,79
2021-02-17,-13.4,-8.3,67,1.80,298,0.60,5.0,17.6,12.8,42
2021-02-18,-15.9,-9.4,68,0.00,308,0.64,0.0,10.0,6.6,51
2021-02-19,-14.1,-7.1,69,0.10,37,0.63,1.0,9.5,5.7,49
2021-02-20,-10.3,-6.7,75,1.70,346,0.61,15.0,12.8,9.4,50
2021-02-21,-12.1,-5.7,70,0.00,317,0.81,0.0,11.1,8.6,43
2021-02-22,-10.5,-6.0,79,2.60,156,0.50,9.0,16.1,11.7,62
2021-02-23,-3.9,0.6,86,2.40,164,0.61,17.0,14.1,8.3,62
2021-02-24,-1.4,0.5,80,0.70,262,0.72,4.0,13.7,9.2,58
2021-02-25,-8.9,-2.5,70,3.70,330,0.64,8.0,20.8,16.5,49
2021-02-26,-14.9,-6.5,67,0.00,258,0.81,0.0,13.6,8.7,45
2021-02-27,-9.1,-4.2,83,8.30,155,0.41,7.0,15.3,12.0,65
2021-02-28,-2.6,3.2,80,0.00,261,1.16,0.0,17.8,9.6,54
2021-03-01,-0.9,3.3,79,6.30,192,0.99,11.0,27.1,20.5,58
2021-03-02,-17.8,-13.3,52,0.10,312,0.70,1.0,29.1,24.3,44
2021-03-03,-11.8,-5.0,64,0.80,318,0.97,6.0,14.3,8.6,37
2021-03-04,-13.5,-8.8,62,0.60,322,0.68,4.0,25.0,20.1,51
2021-03-05,-15.2,-12.6,58,0.90,316,0.69,9.0,22.9,18.2,44
2021-03-06,-13.6,-8.6,65,0.00,300,0.84,0.0,16.6,13.9,48
2021-03-07,-12.8,-6.8,68,0.00,318,0.90,0.0,13.1,10.3,48
2021-03-08,-11.0,-3.5,68,0.10,303,1.11,1.0,11.5,7.2,42
2021-03-09,-4.9,1.4,74,1.30,276,1.08,11.0,17.9,10.8,57
2021-03-10,-3.3,4.6,73,0.00,170,1.45,0.0,17.5,11.0,43
2021-03-11,5.0,9.5,67,0.70,176,1.65,2.0,19.5,14.3,57
2021-03-12,2.6,8.5,61,0.70,254,1.95,2.0,24.1,19.3,42
2021-03-13,-7.8,-2.2,64,0.10,310,1.10,1.0,26.6,16.0,45
2021-03-14,-9.3,-7.8,67,0.70,314,0.79,6.0,26.8,17.2,48
2021-03-15,-16.8,-11.6,52,0.00,327,0.82,0.0,24.1,19.6,41
2021-03-16,-11.9,0.8,60,0.00,226,1.36,0.0,12.1,8.0,30
2021-03-17,-3.8,5.7,63,0.00,192,1.85,0.0,12.5,8.2,38
2021-03-18,-1.4,2.0,73,0.30,288,1.29,2.0,22.9,14.7,45
2021-03-19,-10.5,-2.5,57,0.00,336,1.33,0.0,20.7,14.3,38
2021-03-20,-1.6,8.4,62,0.00,245,2.14,0.0,11.1,8.0,39
2021-03-21,1.3,12.1,61,0.00,211,2.57,0.0,11.2,8.6,24
2021-03-22,4.1,13.2,54,0.00,180,2.90,0.0,17.3,10.5,28
2021-03-23,6.1,15.0,57,0.00,181,2.82,0.0,14.5,9.3,33
2021-03-24,4.8,12.6,67,2.20,167,1.96,3.0,15.9,9.3,40
2021-03-25,7.6,15.8,87,3.00,178,1.43,10.0,21.1,14.6,52
2021-03-26,2.7,8.4,95,23.70,354,0.25,12.0,21.8,14.1,79
2021-03-27,0.1,2.2,86,7.80,16,0.77,7.0,20.7,10.2,70
2021-03-28,-0.7,2.4,92,14.50,128,0.36,15.0,25.2,16.1,84
2021-03-29,-1.1,2.0,72,9.70,303,1.48,15.0,32.6,21.9,36
2021-03-30,-1.9,11.0,57,0.00,179,2.32,0.0,22.8,14.0,35
2021-03-31,7.0,11.9,68,6.20,174,1.67,7.0,20.5,16.9,47
2021-04-01,-2.5,3.4,73,3.90,343,0.95,14.0,24.4,19.0,42
2021-04-02,-6.1,-0.7,46,0.00,336,1.91,0.0,20.7,17.9,30
2021-04-03,-2.4,7.4,42,0.00,291,2.58,0.0,10.7,8.2,15
2021-04-04,1.4,9.0,58,0.00,345,2.24,0.0,16.5,7.9,40
2021-04-05,3.2,9.5,51,0.00,349,2.96,0.0,22.1,17.7,28
2021-04-06,4.5,13.0,62,0.80,357,2.19,3.0,15.0,12.7,50
2021-04-07,7.0,16.1,77,0.00,14,2.25,0.0,9.2,6.2,48
2021-04-08,8.2,17.0,75,0.00,138,3.20,0.0,12.2,5.7,43
2021-04-09,11.2,19.7,71,0.00,133,3.49,0.0,11.9,9.6,46
2021-04-10,10.1,17.7,73,0.40,141,2.19,2.0,12.5,8.1,51
2021-04-11,7.6,14.2,50,0.00,121,3.62,0.0,14.5,10.6,29
2021-04-12,9.0,13.6,67,0.00,98,2.39,0.0,17.5,13.0,51
2021-04-13,9.2,17.0,66,0.00,94,3.48,0.0,14.4,6.8,33
2021-04-14,7.2,15.9,58,0.00,147,3.43,0.0,12.7,6.2,33
2021-04-15,7.9,14.8,59,1.30,127,2.55,5.0,15.3,9.7,41
2021-04-16,6.4,9.1,67,0.30,108,2.16,2.0,13.4,9.2,34
2021-04-17,3.8,8.5,63,0.00,86,1.94,0.0,9.7,6.1,42
2021-04-18,4.6,9.4,72,0.00,194,1.57,0.0,11.4,5.0,51
2021-04-19,6.2,13.2,78,2.90,247,2.22,3.0,10.2,5.3,47
2021-04-20,4.9,8.5,79,5.10,208,1.60,8.0,23.6,14.6,42
2021-04-21,-0.7,3.2,53,0.40,315,1.59,4.0,13.9,9.8,40
2021-04-22,-3.1,0.2,47,1.20,322,1.66,11.0,25.8,20.0,35
2021-04-23,3.3,12.2,41,0.00,300,3.85,0.0,28.5,21.9,24
2021-04-24,9.2,16.6,46,0.00,293,4.32,0.0,22.1,13.2,27
2021-04-25,8.2,15.1,70,5.20,186,2.75,3.0,18.9,10.5,37
2021-04-26,1.2,6.6,65,0.80,319,2.15,3.0,23.9,20.0,44
2021-04-27,4.8,14.3,50,0.00,317,3.80,0.0,16.3,12.5,35
2021-04-28,9.1,16.1,56,0.00,333,3.32,0.0,11.8,8.3,29
2021-04-29,11.0,18.3,53,0.00,54,4.02,0.0,10.3,6.8,30
2021-04-30,8.1,12.7,84,8.40,38,1.07,16.0,12.9,6.2,55
2021-05-01,4.3,9.0,54,0.40,318,3.29,3.0,25.4,19.6,29
2021-05-02,5.8,10.2,54,0.00,273,3.02,0.0,20.6,14.0,24
2021-05-03,3.8,10.9,53,0.00,330,2.71,0.0,15.0,8.8,33
2021-05-04,5.5,8.9,63,1.50,66,1.26,5.0,10.2,7.2,43
2021-05-05,6.8,8.9,88,9.70,120,0.80,19.0,15.8,10.5,58
2021-05-06,6.3,11.5,70,3.90,320,2.91,9.0,21.1,17.7,27
2021-05-07,5.3,10.8,58,0.20,236,2.93,2.0,8.3,5.1,37
2021-05-08,7.8,12.7,51,0.00,97,2.89,0.0,12.7,9.0,35
2021-05-09,7.3,14.2,66,0.50,239,3.02,3.0,18.0,7.4,38
2021-05-10,8.0,14.5,70,0.50,312,3.48,2.0,10.1,7.7,32
2021-05-11,6.8,10.1,85,8.30,53,1.96,14.0,9.1,4.5,68
2021-05-12,7.8,14.7,69,1.90,337,3.44,4.0,19.2,13.1,26
2021-05-13,9.8,16.9,55,1.00,320,4.00,4.0,21.7,11.1,35
2021-05-14,11.6,19.1,64,1.70,310,3.88,4.0,13.2,7.9,35
2021-05-15,12.3,20.0,64,3.10,232,3.68,5.0,15.0,7.0,34
2021-05-16,12.5,18.9,71,0.90,327,3.57,2.0,12.2,5.2,46
2021-05-17,13.9,21.5,68,1.40,189,4.11,2.0,16.9,7.4,36
2021-05-18,14.9,20.8,53,0.90,303,4.99,3.0,14.7,11.5,19
2021-05-19,15.7,25.4,49,0.10,323,4.79,1.0,13.0,5.9,30
2021-05-20,18.6,26.0,60,0.10,173,3.94,1.0,13.4,9.1,35
2021-05-21,19.5,26.8,69,0.70,222,3.24,3.0,13.7,8.3,43
2021-05-22,21.6,26.4,62,1.20,267,4.58,4.0,17.8,12.4,50
2021-05-23,14.8,21.5,69,4.20,336,3.19,4.0,28.2,17.1,29
2021-05-24,10.5,18.3,46,0.00,329,4.94,0.0,13.7,8.8,24
2021-05-25,13.7,19.6,67,6.10,207,2.33,9.0,16.1,12.2,49
2021-05-26,19.5,25.4,81,1.90,224,3.21,5.0,23.9,15.3,55
2021-05-27,9.2,19.8,53,0.20,322,3.47,2.0,22.4,19.0,37
2021-05-28,5.3,12.1,48,0.00,327,4.03,0.0,14.3,12.9,27
2021-05-29,7.5,13.7,53,0.00,358,4.27,0.0,11.3,8.8,31
2021-05-30,9.9,16.6,55,0.10,90,4.04,1.0,11.2,8.0,30
2021-05-31,11.5,17.0,78,0.50,64,2.96,3.0,13.7,5.9,46
2021-06-01,12.8,20.6,74,1.00,203,3.51,1.0,17.0,10.4,38
2021-06-02,16.1,22.9,63,0.00,247,4.45,0.0,13.4,8.8,33
2021-06-03,14.5,18.6,82,15.80,170,1.52,10.0,14.9,9.3,56
2021-06-04,16.2,22.9,81,0.20,237,3.81,1.0,12.1,8.0,47
2021-06-05,18.4,23.8,80,3.30,227,2.85,6.0,19.5,12.3,60
2021-06-06,18.5,24.9,81,3.60,251,3.39,9.0,13.8,7.6,67
2021-06-07,24.6,30.6,64,0.10,230,6.20,1.0,22.2,14.5,36
2021-06-08,25.2,30.3,60,0.00,280,5.85,0.0,14.9,11.3,32
2021-06-09,19.4,25.8,47,0.00,338,6.09,0.0,18.2,13.9,29
2021-06-10,13.9,18.0,43,0.00,348,5.04,0.0,16.8,12.1,34
2021-06-11,15.3,20.3,55,0.00,323,4.04,0.0,11.7,5.5,32
2021-06-12,15.9,22.9,51,0.00,350,5.51,0.0,11.0,8.1,23
2021-06-13,17.2,23.3,49,0.00,1,4.99,0.0,13.8,6.6,28
2021-06-14,15.2,18.5,74,3.00,137,2.61,12.0,13.1,10.1,57
2021-06-15,14.4,16.6,97,19.70,71,1.14,20.0,14.8,7.6,86
2021-06-16,11.7,15.9,66,0.60,320,3.49,5.0,21.6,16.3,41
2021-06-17,15.0,22.1,56,0.70,291,5.11,3.0,19.9,13.6,30
2021-06-18,16.3,22.9,63,6.30,195,4.08,6.0,18.9,13.5,45
2021-06-19,16.3,20.0,87,22.00,220,3.15,18.0,18.2,13.1,51
2021-06-20,17.6,24.4,71,0.40,276,4.47,3.0,11.3,9.5,42
2021-06-21,18.2,22.3,81,5.60,172,2.65,6.0,23.1,12.7,62
2021-06-22,14.1,21.1,77,3.60,307,2.82,6.0,19.9,13.8,45
2021-06-23,11.8,16.8,59,0.20,282,3.53,2.0,15.5,10.1,36
2021-06-24,15.6,23.0,60,0.00,182,5.07,0.0,25.0,16.1,41
2021-06-25,17.6,20.4,65,4.60,175,3.13,7.0,19.1,14.1,48
2021-06-26,16.0,17.7,94,18.40,161,0.96,16.0,21.3,12.7,87
2021-06-27,21.0,26.5,89,23.70,208,2.78,22.0,25.6,15.9,63
2021-06-28,20.9,25.0,82,0.70,301,3.62,5.0,18.9,7.9,57
2021-06-29,21.7,27.0,77,1.10,274,4.36,8.0,13.1,7.9,49
2021-06-30,19.9,22.8,88,21.00,257,2.51,20.0,12.7,6.0,68
2021-07-01,16.5,21.7,77,1.00,341,3.73,4.0,17.1,9.3,49
2021-07-02,15.2,18.8,77,0.40,97,2.79,4.0,12.3,9.1,58
2021-07-03,14.4,19.6,70,0.00,121,4.02,0.0,13.8,9.4,46
2021-07-04,15.2,21.6,70,0.00,89,3.92,0.0,13.7,8.8,43
2021-07-05,16.8,23.3,71,0.00,183,4.80,0.0,17.3,10.8,47
2021-07-06,20.0,25.9,76,6.60,221,3.93,11.0,19.0,11.9,63
2021-07-07,15.1,19.8,61,0.00,323,4.81,0.0,20.1,13.0,38
2021-07-08,13.3,19.3,68,6.50,69,3.44,3.0,13.8,10.1,47
2021-07-09,15.0,20.1,82,18.60,28,3.36,11.0,20.7,11.8,51
2021-07-10,16.8,24.0,69,0.00,297,4.58,0.0,9.9,5.1,39
2021-07-11,18.9,25.4,66,0.00,255,4.68,0.0,12.8,8.8,36
2021-07-12,19.1,25.1,73,0.00,20,5.11,0.0,9.4,6.6,40
2021-07-13,18.8,23.4,72,1.60,139,3.43,3.0,18.2,10.8,58
2021-07-14,19.7,23.6,93,19.00,175,2.43,21.0,20.8,14.9,77
2021-07-15,20.4,26.1,84,0.40,207,3.48,2.0,15.5,9.0,63
2021-07-16,19.9,24.0,72,4.80,288,4.54,6.0,22.3,14.7,38
2021-07-17,20.0,25.4,70,0.00,276,4.05,0.0,9.7,5.9,45
2021-07-18,21.1,26.3,77,0.00,165,3.97,0.0,9.7,3.9,47
2021-07-19,20.3,25.0,86,5.70,271,3.67,6.0,9.7,5.0,69
2021-07-20,18.3,20.8,77,0.30,345,3.27,1.0,13.8,11.1,55
2021-07-21,16.5,21.2,80,4.90,0,3.23,9.0,12.5,10.6,47
2021-07-22,16.4,21.2,77,1.10,292,3.71,4.0,13.0,7.5,48
2021-07-23,17.2,22.5,73,0.00,339,4.43,0.0,11.6,8.3,42
2021-07-24,18.9,24.6,66,0.00,182,4.88,0.0,15.5,7.7,41
2021-07-25,19.2,24.9,76,17.60,191,3.76,12.0,25.0,15.9,50
2021-07-26,18.5,22.7,85,15.50,246,3.45,10.0,12.7,6.0,67
2021-07-27,16.3,20.0,74,0.10,325,3.45,1.0,13.7,10.7,40
2021-07-28,14.4,18.4,67,0.00,351,3.39,0.0,12.6,7.8,43
2021-07-29,14.5,18.3,83,7.90,187,1.58,9.0,14.8,9.3,58
2021-07-30,12.8,13.7,84,2.20,313,2.06,6.0,21.8,15.1,62
2021-07-31,13.1,18.7,63,0.00,301,3.87,0.0,19.0,14.5,38
2021-08-01,14.9,19.7,71,0.50,239,3.38,3.0,10.5,7.5,53
2021-08-02,14.5,17.8,74,0.00,326,3.05,0.0,17.2,11.3,50
2021-08-03,16.8,22.5,71,4.00,239,3.33,8.0,16.6,12.8,62
2021-08-04,17.1,22.0,84,1.70,263,3.15,8.0,9.6,6.0,62
2021-08-05,19.6,24.9,81,0.40,178,4.16,4.0,10.0,7.3,51
2021-08-06,20.7,25.7,76,0.90,223,4.11,7.0,14.3,8.7,50
2021-08-07,18.9,21.4,84,4.10,237,2.27,12.0,12.2,8.3,68
2021-08-08,17.0,23.3,74,0.00,25,4.35,0.0,11.3,7.5,50
2021-08-09,18.6,23.3,82,3.60,147,2.00,11.0,13.9,10.8,70
2021-08-10,22.0,27.2,83,0.00,165,4.00,0.0,13.0,10.5,60
2021-08-11,22.0,24.4,91,7.10,158,2.26,17.0,13.7,11.2,80
2021-08-12,23.0,27.2,87,3.10,185,3.44,5.0,19.8,12.2,62
2021-08-13,22.2,26.7,85,3.30,215,3.47,5.0,19.9,10.8,62
2021-08-14,20.6,23.4,78,1.10,269,3.83,3.0,19.3,10.5,43
2021-08-15,16.3,20.5,62,0.00,311,4.01,0.0,15.3,10.2,41
2021-08-16,17.7,24.9,68,0.00,225,4.45,0.0,11.2,7.4,43
2021-08-17,19.2,25.1,73,0.00,200,3.93,0.0,12.6,7.6,48
2021-08-18,21.1,26.0,84,1.40,197,3.40,3.0,10.3,5.4,64
2021-08-19,21.2,25.8,83,0.00,252,2.84,0.0,6.8,4.2,60
2021-08-20,22.7,28.6,79,0.20,331,4.03,2.0,10.7,8.0,56
2021-08-21,23.3,28.4,80,0.20,113,4.18,2.0,9.6,6.0,55
2021-08-22,22.7,26.8,79,0.10,129,2.83,1.0,11.7,9.4,64
2021-08-23,21.5,24.3,83,2.10,127,2.21,8.0,14.1,9.6,69
2021-08-24,22.6,28.6,76,0.30,285,4.45,2.0,13.9,8.3,39
2021-08-25,23.1,28.0,68,0.10,255,3.41,1.0,10.5,6.8,50
2021-08-26,23.0,27.7,73,4.00,248,4.17,9.0,17.5,10.6,45
2021-08-27,17.1,24.0,60,0.00,343,3.33,0.0,17.5,13.5,41
2021-08-28,14.3,17.2,67,0.00,97,1.92,0.0,12.0,8.4,51
2021-08-29,15.4,19.1,85,2.90,152,1.46,8.0,14.2,10.0,67
2021-08-30,19.8,24.3,85,5.00,209,3.26,15.0,19.9,14.2,50
2021-08-31,18.1,21.1,68,0.10,280,3.58,1.0,20.1,14.0,46
2021-09-01,14.4,19.0,68,0.10,300,2.71,1.0,15.1,10.8,38
2021-09-02,12.0,14.7,77,0.10,347,1.76,1.0,16.6,12.3,59
2021-09-03,14.1,18.8,77,1.10,334,2.42,7.0,16.6,12.2,54
2021-09-04,14.5,21.4,65,0.00,331,3.66,0.0,13.5,10.3,27
2021-09-05,13.5,17.0,87,11.40,141,1.21,11.0,17.9,11.6,68
2021-09-06,14.3,17.5,94,4.70,192,1.59,9.0,15.3,7.4,81
2021-09-07,13.9,17.8,81,0.40,264,2.22,4.0,14.4,10.6,58
2021-09-08,13.7,17.2,92,8.60,153,0.76,13.0,16.8,12.5,75
2021-09-09,15.8,20.4,89,2.40,185,2.21,6.0,14.5,10.8,61
2021-09-10,13.3,17.0,79,0.00,327,2.43,0.0,18.7,13.7,44
2021-09-11,13.2,20.0,71,0.00,246,2.45,0.0,17.4,10.5,47
2021-09-12,15.8,18.2,74,13.20,229,2.94,6.0,20.2,16.2,49
2021-09-13,13.3,15.8,71,0.20,297,1.94,2.0,16.1,10.5,56
2021-09-14,11.5,16.0,74,0.30,352,2.63,1.0,13.2,8.7,51
2021-09-15,14.8,18.2,81,14.30,185,1.98,15.0,21.6,15.0,54
2021-09-16,13.4,19.5,74,0.00,255,2.54,0.0,11.2,6.3,47
2021-09-17,14.7,21.5,80,0.00,170,2.31,0.0,18.4,11.6,64
2021-09-18,16.5,18.5,79,1.80,275,2.72,6.0,18.3,13.2,45
2021-09-19,11.3,15.9,73,0.00,349,2.53,0.0,13.6,9.0,49
2021-09-20,12.8,19.4,74,0.00,167,2.93,0.0,13.0,9.2,45
2021-09-21,15.0,19.9,78,0.00,167,2.22,0.0,20.5,14.6,62
2021-09-22,15.4,17.4,89,5.20,164,0.73,10.0,15.7,12.4,63
2021-09-23,15.5,23.0,92,15.30,101,1.63,20.0,16.5,9.9,67
2021-09-24,15.4,16.7,88,20.30,141,1.12,12.0,24.9,17.3,66
2021-09-25,13.8,17.9,76,0.00,182,2.32,0.0,14.5,10.1,58
2021-09-26,12.4,16.7,81,1.50,195,1.76,5.0,16.0,9.4,45
2021-09-27,11.0,15.9,78,0.40,249,1.72,3.0,14.8,11.0,61
2021-09-28,8.6,11.5,74,0.20,313,1.33,2.0,13.5,8.4,53
2021-09-29,8.3,10.1,78,0.80,333,1.03,6.0,13.1,8.3,65
2021-09-30,7.9,13.6,83,0.00,351,1.46,0.0,16.0,10.5,54
2021-10-01,8.7,12.2,76,0.30,313,1.49,2.0,19.8,11.4,51
2021-10-02,8.6,11.8,78,0.00,37,1.08,0.0,9.7,4.6,62
2021-10-03,8.1,15.0,80,0.00,348,2.04,0.0,11.3,5.9,49
2021-10-04,8.2,14.5,78,0.00,80,2.05,0.0,10.1,6.6,50
2021-10-05,8.9,17.1,78,0.00,28,2.12,0.0,8.7,5.3,50
2021-10-06,10.7,19.0,77,0.00,333,2.21,0.0,7.6,4.9,48
2021-10-07,11.5,18.8,80,0.00,281,1.99,0.0,9.1,5.8,54
2021-10-08,12.2,18.0,80,0.00,3,2.14,0.0,11.3,8.7,61
2021-10-09,11.5,17.3,80,0.00,137,1.77,0.0,15.1,12.1,60
2021-10-10,10.3,12.1,92,1.80,154,0.71,6.0,13.2,10.6,80
2021-10-11,12.7,18.7,90,0.10,164,1.26,1.0,13.9,8.9,68
2021-10-12,14.1,20.3,90,0.00,165,1.49,0.0,10.0,7.5,69
2021-10-13,14.5,20.1,88,0.00,172,1.60,0.0,9.7,6.3,69
2021-10-14,14.1,17.6,94,0.40,298,0.83,4.0,9.4,4.6,79
2021-10-15,13.4,16.4,93,2.80,155,0.70,5.0,10.7,8.0,84
2021-10-16,14.3,16.6,99,35.80,136,0.36,14.0,21.4,12.1,96
2021-10-17,10.5,15.1,81,4.30,276,1.44,13.0,16.4,11.9,54
2021-10-18,6.3,10.0,77,0.40,318,1.24,4.0,20.9,14.2,49
2021-10-19,5.5,8.3,77,1.70,307,0.98,7.0,20.4,14.9,60
2021-10-20,8.0,13.7,75,0.30,309,1.33,3.0,11.2,7.8,50
2021-10-21,7.3,10.6,89,8.30,17,0.46,8.0,9.2,6.2,64
2021-10-22,8.1,9.9,86,9.50,281,0.85,11.0,17.9,13.7,58
2021-10-23,2.5,5.9,70,0.00,327,1.09,0.0,10.6,8.0,49
2021-10-24,3.5,8.0,69,0.10,303,1.13,1.0,17.1,9.8,47
2021-10-25,2.1,6.7,80,0.00,350,0.77,0.0,8.9,6.5,52
2021-10-26,6.7,11.9,73,1.10,56,1.04,7.0,13.0,9.2,52
2021-10-27,6.2,11.7,63,0.00,9,1.79,0.0,16.1,12.9,46
2021-10-28,4.9,10.7,76,0.00,20,1.35,0.0,14.2,8.1,48
2021-10-29,3.2,9.9,79,0.00,100,1.30,0.0,10.0,5.7,39
2021-10-30,4.6,8.7,76,0.80,116,0.94,3.0,16.9,12.8,61
2021-10-31,6.1,7.2,99,25.00,89,0.22,22.0,17.1,11.5,96
2021-11-01,6.0,7.6,77,5.70,250,1.34,8.0,29.1,17.0,39
2021-11-02,2.2,5.2,70,0.20,234,1.03,2.0,15.6,10.1,47
2021-11-03,-0.6,3.1,72,0.00,299,0.91,0.0,12.6,8.1,46
2021-11-04,-1.8,1.8,76,0.00,282,0.67,0.0,9.9,6.5,49
2021-11-05,-0.7,5.6,63,0.00,234,1.16,0.0,12.6,8.2,34
2021-11-06,1.5,8.5,73,0.00,219,1.18,0.0,18.7,11.1,50
2021-11-07,1.5,6.8,80,0.30,178,0.95,2.0,13.2,9.7,56
2021-11-08,6.4,11.6,86,0.10,232,1.06,1.0,13.4,7.9,60
2021-11-09,6.4,10.4,83,2.20,263,1.12,4.0,14.2,9.6,44
2021-11-10,2.4,7.5,74,0.10,316,1.08,1.0,14.9,8.0,49
2021-11-11,-0.5,3.9,75,0.00,335,0.88,0.0,11.5,7.8,40
2021-11-12,2.6,4.1,77,14.10,125,0.72,12.0,26.4,20.4,59
2021-11-13,1.7,3.5,99,2.70,155,0.23,9.0,15.8,10.1,92
2021-11-14,0.3,2.8,91,1.20,242,0.36,8.0,9.7,7.2,65
2021-11-15,-0.7,1.1,86,4.30,53,0.32,15.0,14.2,8.8,71
2021-11-16,-1.5,0.3,67,0.00,301,0.85,0.0,19.8,14.9,50
2021-11-17,-4.1,-1.0,69,3.90,282,0.58,5.0,14.3,8.6,43
2021-11-18,-0.5,2.5,99,15.10,145,0.15,24.0,22.4,12.3,89
2021-11-19,-1.1,1.0,80,0.40,276,0.73,4.0,22.6,13.3,49
2021-11-20,-3.1,1.0,68,0.00,248,0.81,0.0,17.2,10.4,46
2021-11-21,-1.0,2.4,81,0.80,153,0.49,5.0,13.9,9.6,71
2021-11-22,0.0,2.3,81,4.80,183,0.62,12.0,21.1,17.1,42
2021-11-23,-6.9,-5.1,63,0.00,324,0.61,0.0,19.1,13.0,51
2021-11-24,-7.1,-0.8,69,0.00,316,0.63,0.0,14.9,9.3,41
2021-11-25,-4.3,-0.4,73,0.20,166,0.32,1.0,9.1,5.6,61
2021-11-26,-1.5,0.8,87,3.50,0,0.29,22.0,17.4,7.8,78
2021-11-27,-5.3,-1.3,72,0.20,313,0.61,2.0,26.1,22.2,65
2021-11-28,-7.6,-5.5,65,0.00,301,0.64,0.0,18.8,13.4,49
2021-11-29,-9.4,-4.6,70,0.00,335,0.48,0.0,10.3,8.6,47
2021-11-30,-8.1,-4.6,69,0.00,303,0.41,0.0,11.3,5.9,49
2021-12-01,-6.6,-3.8,69,1.50,221,0.56,4.0,19.7,11.0,44
2021-12-02,-5.5,1.1,79,8.00,145,0.30,9.0,24.7,14.8,61
2021-12-03,-6.9,0.5,77,1.70,304,0.43,6.0,23.9,16.5,57
2021-12-04,-13.5,-9.5,69,0.70,268,0.37,4.0,13.1,8.6,47
2021-12-05,-11.0,-7.6,72,0.20,260,0.36,2.0,10.8,6.3,46
2021-12-06,-6.0,3.4,83,26.60,126,0.26,21.0,27.5,18.2,64
2021-12-07,-6.8,2.7,73,1.50,261,0.47,5.0,21.4,14.1,54
2021-12-08,-18.2,-13.0,77,0.30,74,0.19,3.0,10.1,6.9,60
2021-12-09,-13.1,-10.4,79,1.50,63,0.28,9.0,10.8,5.8,66
2021-12-10,-13.3,-6.3,81,1.40,128,0.18,8.0,15.4,10.1,77
2021-12-11,-5.0,2.5,90,8.00,120,0.19,11.0,28.1,13.9,84
2021-12-12,-0.2,6.1,72,2.80,230,0.82,7.0,27.9,19.1,57
2021-12-13,0.0,2.2,77,0.00,210,0.52,0.0,17.6,11.1,68
2021-12-14,-4.4,2.7,74,0.00,305,0.56,0.0,20.2,14.4,60
2021-12-15,-12.3,-6.6,78,1.00,5,0.31,2.0,14.3,7.7,61
2021-12-16,-1.2,4.8,91,7.50,146,0.27,16.0,19.0,15.3,77
2021-12-17,2.1,8.4,76,1.30,244,0.73,2.0,23.4,18.2,63
2021-12-18,-9.4,-3.9,73,0.30,332,0.34,2.0,16.0,10.3,61
2021-12-19,-10.2,-8.6,79,2.70,344,0.30,11.0,16.5,11.0,62
2021-12-20,-17.1,-9.8,79,0.20,198,0.22,2.0,18.2,10.7,68
2021-12-21,-7.3,-1.9,75,2.20,242,0.37,11.0,16.8,12.0,55
2021-12-22,-8.9,-4.5,79,1.90,126,0.29,12.0,20.4,12.0,70
2021-12-23,-14.8,-5.6,70,0.10,306,0.32,1.0,19.4,13.6,52
2021-12-24,-20.1,-11.5,75,0.00,330,0.24,0.0,9.7,5.7,60
2021-12-25,-14.6,-8.0,66,0.50,351,0.27,4.0,9.1,7.0,46
2021-12-26,-9.8,-6.6,74,0.40,337,0.27,4.0,17.7,10.8,66
2021-12-27,-12.2,-6.5,73,0.00,339,0.36,0.0,17.7,14.2,58
2021-12-28,-11.0,-5.4,80,5.20,123,0.26,5.0,14.7,8.2,67
2021-12-29,-13.5,-8.4,79,0.00,340,0.28,0.0,11.3,7.1,62
2021-12-30,-10.4,-2.2,84,0.20,119,0.29,2.0,10.2,4.7,69
2021-12-31,-5.7,-1.6,88,0.30,93,0.32,2.0,13.3,6.6,76
2022-01-01,-2.3,0.3,94,4.10,141,0.20,7.0,17.3,8.8,82
2022-01-02,-14.1,-5.0,72,0.00,347,0.31,0.0,19.1,16.9,59
2022-01-03,-21.3,-16.2,71,0.00,339,0.22,0.0,14.9,9.5,56
2022-01-04,-17.4,-9.6,77,0.90,159,0.20,8.0,14.6,7.6,68
2022-01-05,-7.7,-4.3,85,1.20,142,0.31,11.0,11.4,10.1,68
2022-01-06,-5.9,-3.0,86,3.10,125,0.26,14.0,15.1,11.0,68
2022-01-07,-13.3,-10.1,82,0.60,342,0.21,6.0,13.3,7.7,71
2022-01-08,-18.3,-13.1,72,0.00,325,0.28,0.0,17.0,12.0,52
2022-01-09,-11.9,-0.7,81,2.80,162,0.23,16.0,19.7,14.1,72
2022-01-10,-15.5,-1.9,68,0.20,287,0.32,2.0,20.0,12.5,50
2022-01-11,-26.9,-22.6,66,0.00,310,0.18,0.0,15.3,10.4,47
2022-01-12,-20.7,-11.8,77,4.30,152,0.17,18.0,21.9,10.7,73
2022-01-13,-17.6,-11.4,78,0.20,348,0.21,2.0,12.2,6.4,64
2022-01-14,-17.2,-10.8,74,0.40,343,0.23,4.0,22.7,15.3,52
2022-01-15,-26.5,-22.7,63,0.00,340,0.22,0.0,24.0,20.0,48
2022-01-16,-25.8,-19.3,69,0.00,192,0.20,0.0,13.8,8.5,51
2022-01-17,-13.9,-6.0,73,16.70,92,0.26,13.0,15.2,11.4,55
2022-01-18,-15.2,-9.3,69,2.40,313,0.34,6.0,24.0,18.4,50
2022-01-19,-21.9,-13.4,74,5.50,134,0.14,13.0,20.4,10.4,69
2022-01-20,-17.8,-12.3,71,0.20,311,0.28,2.0,15.5,12.1,50
2022-01-21,-25.3,-19.6,64,0.00,316,0.23,0.0,10.2,6.7,41
2022-01-22,-25.7,-19.5,71,0.00,157,0.21,0.0,11.9,8.5,53
2022-01-23,-17.0,-12.4,70,0.10,210,0.37,1.0,14.2,10.9,50
2022-01-24,-22.7,-18.1,72,0.00,212,0.22,0.0,10.0,7.4,53
2022-01-25,-17.1,-10.6,74,0.60,138,0.35,6.0,12.5,6.5,62
2022-01-26,-23.1,-14.8,67,0.00,337,0.23,0.0,14.7,10.2,45
2022-01-27,-23.9,-13.6,70,0.40,160,0.24,2.0,18.7,12.5,59
2022-01-28,-16.3,-11.4,71,1.30,326,0.30,10.0,20.1,14.1,48
2022-01-29,-24.0,-18.3,63,0.00,352,0.29,0.0,21.3,12.3,41
2022-01-30,-18.9,-13.3,60,0.00,326,0.47,0.0,21.0,16.5,50
2022-01-31,-19.6,-15.0,70,0.00,330,0.34,0.0,10.7,6.1,40
2022-02-01,-18.1,-9.5,64,0.00,122,0.46,0.0,18.6,10.2,52
2022-02-02,-4.5,-0.2,79,2.30,163,0.45,8.0,22.1,16.2,66
2022-02-03,-5.8,-1.0,78,8.20,332,0.44,15.0,18.4,13.2,51
2022-02-04,-17.0,-13.5,64,1.70,2,0.44,12.0,16.2,13.7,47
2022-02-05,-18.9,-16.3,65,0.70,327,0.37,7.0,16.1,11.3,39
2022-02-06,-20.8,-16.3,68,1.10,161,0.23,8.0,12.7,8.2,59
2022-02-07,-10.9,-4.9,74,1.40,151,0.58,8.0,11.6,9.5,59
2022-02-08,-7.8,-3.7,81,0.20,81,0.34,2.0,11.1,8.0,69
2022-02-09,-5.7,-2.0,80,0.30,217,0.72,3.0,15.0,8.4,56
2022-02-10,-2.7,2.7,84,1.20,173,0.63,3.0,18.6,12.6,68
2022-02-11,-3.4,-0.4,83,1.50,193,0.56,8.0,20.6,12.7,71
2022-02-12,-2.7,0.3,86,7.10,227,0.32,18.0,19.5,15.5,67
2022-02-13,-22.3,-17.8,64,0.00,346,0.36,0.0,19.4,12.8,40
2022-02-14,-22.8,-16.7,66,0.00,337,0.36,0.0,11.5,10.0,44
2022-02-15,-19.4,-14.5,65,0.00,287,0.46,0.0,16.1,10.1,41
2022-02-16,-15.4,-1.5,67,0.50,160,0.51,4.0,24.7,13.1,53
2022-02-17,1.9,3.8,82,8.10,203,0.59,17.0,23.8,15.7,72
2022-02-18,-11.5,-3.3,70,17.40,342,0.56,15.0,26.1,20.2,47
2022-02-19,-17.2,-9.9,75,3.60,121,0.35,12.0,16.6,9.2,69
2022-02-20,-17.7,-12.0,71,2.90,240,0.34,8.0,23.4,14.1,57
2022-02-21,-9.4,-5.2,66,1.30,321,0.69,5.0,18.7,12.6,41
2022-02-22,-12.7,-6.1,73,4.30,55,0.44,14.0,17.3,11.7,64
2022-02-23,-6.2,-2.0,79,11.70,240,0.53,14.0,25.3,14.9,52
2022-02-24,-17.9,-14.2,60,0.00,317,0.62,0.0,20.0,11.9,38
2022-02-25,-20.0,-15.3,62,1.70,13,0.32,8.0,10.0,7.6,51
2022-02-26,-19.3,-9.4,64,0.00,215,0.69,0.0,13.9,9.3,41
2022-02-27,-7.9,-4.8,67,2.40,258,0.80,10.0,23.4,16.1,48
2022-02-28,-18.1,-12.4,61,0.00,317,0.60,0.0,17.2,13.6,38
2022-03-01,-17.8,-11.9,68,2.80,147,0.38,8.0,10.3,7.5,50
2022-03-02,-12.5,-7.0,72,0.70,304,0.77,4.0,9.7,7.6,45
2022-03-03,-15.1,-11.3,66,0.20,315,0.54,2.0,19.1,13.3,42
2022-03-04,-17.0,-8.7,64,0.00,253,0.75,0.0,15.5,10.0,43
2022-03-05,-12.2,-5.1,66,0.00,265,0.98,0.0,11.4,7.2,38
2022-03-06,-4.8,1.9,86,12.70,139,0.37,17.0,16.8,12.8,77
2022-03-07,-0.0,4.1,81,6.00,264,0.68,8.0,15.5,9.5,69
2022-03-08,-6.1,-2.4,70,5.30,309,0.98,7.0,24.9,17.1,42
2022-03-09,-9.4,-1.8,73,0.00,180,1.01,0.0,20.3,9.8,54
2022-03-10,-3.7,0.3,69,0.00,239,1.37,0.0,16.7,12.4,38
2022-03-11,-5.6,-1.1,76,0.90,178,0.85,9.0,10.1,6.5,55
2022-03-12,-4.4,-2.8,83,11.30,289,0.56,24.0,18.8,10.4,58
2022-03-13,-10.3,-6.3,62,0.30,297,0.97,3.0,24.6,18.5,45
2022-03-14,-6.9,-0.4,72,0.30,222,1.18,3.0,19.7,11.8,49
2022-03-15,-5.2,-1.3,67,0.10,293,1.35,1.0,11.3,6.7,26
2022-03-16,-1.9,7.1,68,0.00,186,1.71,0.0,13.2,9.7,49
2022-03-17,2.2,6.5,83,2.10,166,0.87,8.0,13.0,9.1,66
2022-03-18,1.7,5.3,82,0.40,350,0.99,3.0,13.8,9.1,53
2022-03-19,-0.3,1.0,80,8.10,93,0.59,14.0,21.3,14.5,69
2022-03-20,-0.0,1.0,91,16.80,123,0.41,24.0,17.8,9.2,86
2022-03-21,-0.7,1.3,71,0.70,311,1.28,5.0,24.4,17.4,50
2022-03-22,-5.7,-2.6,66,0.00,321,1.32,0.0,25.4,20.1,47
2022-03-23,-3.6,3.6,72,0.00,346,1.69,0.0,16.5,10.2,38
2022-03-24,-1.4,1.6,79,4.90,126,0.76,11.0,22.7,18.2,68
2022-03-25,0.2,1.4,88,5.40,128,0.58,10.0,18.3,10.5,80
2022-03-26,0.7,3.3,86,3.10,199,0.89,16.0,8.6,6.3,67
2022-03-27,-1.4,-0.0,82,3.50,306,0.95,18.0,17.1,10.7,60
2022-03-28,-11.8,-7.7,64,1.70,319,0.84,14.0,17.6,15.8,48
2022-03-29,-11.3,-5.7,63,0.20,318,1.16,2.0,20.4,17.4,46
2022-03-30,-6.9,0.9,68,0.00,322,1.71,0.0,15.5,10.9,47
2022-03-31,-0.7,5.1,83,11.00,136,0.79,18.0,20.4,13.4,71
2022-04-01,2.4,4.0,84,2.00,233,0.89,7.0,17.5,11.1,64
2022-04-02,-2.7,2.4,62,0.40,316,2.01,4.0,21.2,17.4,38
2022-04-03,-1.1,4.4,71,0.10,353,1.53,1.0,13.6,8.0,43
2022-04-04,-0.0,5.2,64,0.00,339,2.29,0.0,14.0,10.8,33
2022-04-05,-1.5,5.0,66,0.00,333,2.30,0.0,11.5,7.6,36
2022-04-06,-0.6,7.8,64,0.00,16,2.58,0.0,9.6,5.7,30
2022-04-07,1.3,4.8,61,1.60,115,1.42,10.0,21.0,15.6,49
2022-04-08,0.5,1.4,92,30.60,120,0.51,21.0,22.0,15.7,87
2022-04-09,1.3,5.3,87,0.20,155,1.51,1.0,9.5,7.5,63
2022-04-10,0.7,5.3,77,0.00,320,2.11,0.0,20.0,12.0,51
2022-04-11,1.2,8.0,71,0.00,313,2.61,0.0,19.1,10.1,39
2022-04-12,4.6,9.9,65,1.50,239,2.87,5.0,18.0,9.5,33
2022-04-13,1.2,7.8,74,1.60,303,1.23,5.0,9.2,6.1,52
2022-04-14,2.4,4.1,97,11.60,114,0.33,16.0,22.2,14.5,90
2022-04-15,3.6,10.1,74,3.10,202,2.54,5.0,23.1,13.2,32
2022-04-16,1.5,4.4,64,1.30,239,1.74,4.0,19.2,14.1,41
2022-04-17,-0.9,3.8,69,1.10,310,1.32,6.0,27.1,14.4,53
2022-04-18,0.8,8.7,60,0.00,335,2.96,0.0,18.4,10.6,36
2022-04-19,1.1,2.9,77,24.70,104,0.77,17.0,20.8,14.4,49
2022-04-20,0.8,3.4,70,1.10,273,1.95,8.0,27.7,19.4,45
2022-04-21,-0.7,9.2,76,3.30,163,1.24,4.0,28.4,14.5,44
2022-04-22,4.2,7.8,72,0.90,294,2.50,6.0,25.9,17.0,36
2022-04-23,0.1,7.3,52,0.00,339,2.93,0.0,13.2,11.6,25
2022-04-24,0.9,6.1,49,0.00,78,1.63,0.0,12.3,7.9,38
2022-04-25,5.8,13.5,57,3.70,133,2.38,4.0,20.0,16.1,43
2022-04-26,8.3,12.9,80,6.80,202,1.97,10.0,17.9,13.1,48
2022-04-27,3.4,6.5,75,2.10,342,1.35,10.0,22.3,15.5,49
2022-04-28,1.2,5.9,47,0.00,341,3.15,0.0,27.6,23.1,27
2022-04-29,2.2,9.2,40,0.00,347,3.39,0.0,23.3,19.7,25
2022-04-30,3.9,12.2,54,0.00,352,3.30,0.0,17.1,12.1,36
2022-05-01,6.9,17.0,61,0.00,0,3.94,0.0,17.1,9.3,37
2022-05-02,9.4,17.6,58,0.00,128,4.08,0.0,15.6,12.9,39
2022-05-03,9.5,13.6,78,0.50,165,1.57,4.0,16.3,11.9,62
2022-05-04,10.3,15.3,77,6.40,322,3.24,8.0,16.6,9.7,41
2022-05-05,4.7,10.6,53,0.00,323,3.61,0.0,18.2,14.9,29
2022-05-06,3.0,9.3,53,0.00,342,3.35,0.0,15.6,11.7,33
2022-05-07,4.0,11.9,50,0.00,11,3.80,0.0,11.6,9.6,25
2022-05-08,7.0,16.1,44,0.00,63,4.29,0.0,12.4,5.8,23
2022-05-09,10.2,19.6,43,0.00,110,4.80,0.0,9.4,6.4,21
2022-05-10,13.0,21.6,37,0.00,146,5.46,0.0,14.3,10.4,20
2022-05-11,15.6,26.5,46,0.00,165,5.36,0.0,12.0,8.4,22
2022-05-12,18.7,26.9,41,0.00,111,5.84,0.0,12.3,9.3,24
2022-05-13,21.0,30.5,42,0.00,206,6.67,0.0,17.4,11.7,19
2022-05-14,21.6,29.2,54,0.10,235,4.70,1.0,12.2,7.0,33
2022-05-15,16.0,23.3,75,5.80,138,2.26,9.0,16.8,10.2,52
2022-05-16,15.5,21.9,87,4.00,150,2.21,9.0,11.7,7.7,56
2022-05-17,8.8,14.7,93,28.40,260,0.67,19.0,27.8,20.3,82
2022-05-18,6.4,14.4,62,3.00,307,3.96,8.0,24.0,18.2,32
2022-05-19,9.0,14.8,62,0.00,151,2.73,0.0,18.8,11.3,38
2022-05-20,9.8,18.7,79,0.00,160,2.50,0.0,21.6,12.1,52
2022-05-21,18.4,26.7,79,10.50,186,3.21,6.0,19.9,15.9,59
2022-05-22,15.2,21.6,90,3.50,246,1.62,10.0,20.3,9.7,66
2022-05-23,7.5,11.4,63,0.00,335,2.74,0.0,21.2,14.6,43
2022-05-24,10.2,15.1,59,0.00,140,3.84,0.0,6.8,4.9,36
2022-05-25,12.3,20.9,58,0.00,265,4.56,0.0,12.6,6.9,29
2022-05-26,11.7,15.6,81,14.00,158,1.00,12.0,18.7,11.3,59
2022-05-27,15.7,18.0,97,28.40,191,0.84,18.0,15.0,11.8,92
2022-05-28,15.0,18.1,81,7.00,300,2.78,12.0,20.4,12.9,43
2022-05-29,15.3,22.0,63,0.30,282,4.14,2.0,15.5,9.3,43
2022-05-30,16.1,20.6,74,0.40,295,2.87,3.0,12.6,7.0,55
2022-05-31,12.5,17.6,79,17.70,13,3.22,15.0,15.9,8.3,39
2022-06-01,11.0,16.1,65,2.70,123,2.93,5.0,13.2,10.0,45
2022-06-02,13.0,19.6,71,2.10,78,3.69,3.0,9.0,5.4,38
2022-06-03,13.0,17.8,76,8.80,143,2.61,10.0,10.2,6.0,60
2022-06-04,12.2,19.3,89,12.30,156,2.45,7.0,16.2,9.0,61
2022-06-05,10.5,15.1,77,2.80,278,2.44,12.0,13.7,10.0,55
2022-06-06,12.8,18.7,75,0.20,308,3.18,2.0,7.1,5.1,48
2022-06-07,14.6,19.1,78,2.20,133,2.08,8.0,16.3,12.1,66
2022-06-08,15.9,19.4,84,12.10,211,2.93,16.0,22.4,13.4,53
2022-06-09,12.2,14.9,88,12.90,3,0.93,9.0,9.4,6.3,69
2022-06-10,12.6,17.4,88,4.50,275,2.45,16.0,16.1,11.8,59
2022-06-11,14.9,20.9,74,0.50,255,3.87,1.0,13.5,9.5,42
2022-06-12,15.1,20.4,77,0.50,168,2.78,3.0,17.6,10.0,51
2022-06-13,15.3,19.0,79,5.30,260,3.80,11.0,17.3,10.4,46
2022-06-14,15.8,21.7,73,0.90,327,4.37,6.0,16.0,11.3,51
2022-06-15,16.0,21.5,78,0.00,164,3.64,0.0,10.5,6.4,52
2022-06-16,18.0,22.5,81,1.00,171,2.57,3.0,24.9,15.2,71
2022-06-17,18.0,21.7,83,21.60,234,3.54,10.0,23.0,15.6,51
2022-06-18,10.0,14.9,79,6.30,327,1.89,15.0,31.0,19.8,40
2022-06-19,12.3,17.6,47,0.00,347,5.43,0.0,26.8,22.1,35
2022-06-20,13.9,20.5,58,0.00,340,5.11,0.0,12.7,9.7,37
2022-06-21,14.3,18.2,68,0.20,149,2.76,2.0,13.8,10.3,61
2022-06-22,15.5,21.1,83,2.70,165,2.44,7.0,20.7,16.1,67
2022-06-23,13.9,17.3,94,36.00,161,1.06,23.0,16.6,13.2,78
2022-06-24,17.2,25.2,83,1.00,198,3.95,6.0,13.0,7.0,46
2022-06-25,19.3,24.3,70,0.00,323,5.21,0.0,11.8,8.9,41
2022-06-26,21.0,27.3,68,0.60,165,5.21,4.0,19.5,11.5,50
2022-06-27,20.5,24.2,71,3.00,231,4.48,7.0,21.1,14.4,42
2022-06-28,15.6,19.9,62,0.00,284,4.04,0.0,14.2,11.0,37
2022-06-29,15.1,20.8,81,19.80,198,2.73,10.0,13.5,9.6,61
2022-06-30,14.1,20.1,78,1.40,313,4.10,2.0,14.2,6.8,44
2022-07-01,16.6,21.0,88,13.10,185,2.12,15.0,17.4,12.2,69
2022-07-02,17.9,21.9,74,0.20,247,4.64,2.0,21.0,12.9,35
2022-07-03,15.5,20.4,63,0.40,290,4.65,2.0,19.9,10.7,41
2022-07-04,14.2,21.0,73,1.70,294,3.65,2.0,17.7,10.6,45
2022-07-05,15.0,21.6,87,6.40,236,2.38,6.0,11.3,6.2,61
2022-07-06,15.3,20.2,76,8.60,351,4.27,7.0,18.5,12.1,39
2022-07-07,14.5,18.9,68,0.10,353,3.31,1.0,10.5,5.6,43
2022-07-08,15.9,20.0,72,9.00,310,4.27,7.0,20.0,10.9,45
2022-07-09,13.3,18.6,60,0.00,328,4.17,0.0,16.4,12.6,38
2022-07-10,16.0,23.7,64,0.00,255,5.01,0.0,14.8,7.6,40
2022-07-11,18.8,24.2,69,0.30,213,3.61,2.0,18.6,12.1,49
2022-07-12,17.8,21.3,80,16.50,206,2.79,16.0,20.6,14.1,61
2022-07-13,17.1,21.8,72,0.10,305,4.24,1.0,15.3,9.6,46
2022-07-14,16.6,20.6,75,0.10,347,2.83,1.0,9.1,5.3,47
2022-07-15,17.3,23.2,67,0.00,300,4.48,0.0,10.9,8.1,37
2022-07-16,18.9,24.9,62,0.10,235,4.91,1.0,15.8,10.1,39
2022-07-17,19.4,26.0,72,0.20,260,4.40,2.0,13.3,6.0,48
2022-07-18,20.9,27.2,75,0.60,198,4.30,2.0,15.6,8.6,45
2022-07-19,20.3,25.8,81,3.20,299,4.55,9.0,21.1,9.5,42
2022-07-20,19.7,27.9,69,0.10,286,4.97,1.0,12.4,8.3,45
2022-07-21,21.3,26.0,83,7.10,163,3.60,9.0,22.8,15.0,62
2022-07-22,20.5,25.1,79,3.60,240,4.15,6.0,13.8,10.5,52
2022-07-23,21.2,26.8,67,1.50,224,4.92,2.0,20.7,11.9,41
2022-07-24,20.2,25.3,86,12.10,187,2.36,5.0,16.6,9.8,70
2022-07-25,19.4,23.2,82,8.10,234,3.92,10.0,24.3,13.7,49
2022-07-26,17.8,22.3,65,0.00,268,4.07,0.0,18.8,13.0,45
2022-07-27,18.8,24.3,67,0.00,244,4.13,0.0,11.5,8.6,43
2022-07-28,18.7,24.9,77,14.60,175,3.84,4.0,18.4,9.6,54
2022-07-29,18.1,21.9,80,2.80,236,4.00,4.0,18.1,11.8,48
2022-07-30,17.3,21.8,75,0.90,282,3.18,4.0,20.6,13.8,54
2022-07-31,19.1,24.6,72,0.00,253,4.25,0.0,16.1,10.6,48
2022-08-01,20.4,26.3,73,1.30,195,4.29,4.0,16.6,11.1,46
2022-08-02,20.1,22.6,71,2.60,261,3.89,5.0,16.9,13.2,51
2022-08-03,16.5,21.8,69,0.00,220,4.34,0.0,16.6,9.4,51
2022-08-04,20.5,25.9,82,5.00,200,3.13,12.0,17.4,12.3,66
2022-08-05,19.1,21.9,70,0.40,347,4.58,2.0,13.4,10.2,46
2022-08-06,19.2,26.4,69,0.00,164,4.76,0.0,17.9,8.7,51
2022-08-07,21.3,26.6,81,3.10,256,2.67,8.0,19.2,12.7,63
2022-08-08,13.7,15.5,91,11.30,39,1.24,17.0,12.2,8.7,76
2022-08-09,14.3,18.9,85,14.10,19,2.02,13.0,11.9,9.4,60
2022-08-10,16.7,23.9,79,0.00,199,3.11,0.0,18.9,6.6,48
2022-08-11,17.6,21.9,76,0.10,258,3.52,1.0,15.8,9.1,49
2022-08-12,14.3,17.6,73,0.00,327,2.31,0.0,15.4,11.4,59
2022-08-13,15.5,20.6,75,0.00,333,3.35,0.0,9.7,7.4,50
2022-08-14,16.3,22.5,73,0.00,335,3.91,0.0,7.7,5.0,38
2022-08-15,17.6,23.5,73,0.00,278,3.75,0.0,7.6,3.6,42
2022-08-16,18.4,24.5,76,0.20,28,3.76,2.0,10.8,6.0,44
2022-08-17,17.5,23.7,80,3.80,14,3.01,1.0,9.2,6.7,53
2022-08-18,15.8,17.1,87,6.70,345,1.31,10.0,14.7,11.3,72
2022-08-19,18.1,25.8,77,0.00,289,4.14,0.0,11.9,7.9,36
2022-08-20,19.5,26.6,77,1.10,214,3.97,2.0,11.2,6.7,51
2022-08-21,19.1,22.7,86,6.20,148,2.51,7.0,12.4,7.6,72
2022-08-22,19.1,23.2,92,22.70,174,2.32,16.0,14.2,6.4,69
2022-08-23,18.1,19.8,95,5.80,32,1.68,10.0,7.6,5.1,89
2022-08-24,18.7,24.0,86,1.70,306,3.08,4.0,11.2,4.7,57
2022-08-25,15.6,19.3,73,0.00,328,3.15,0.0,15.3,11.0,45
2022-08-26,13.6,15.4,89,10.40,53,0.91,14.0,8.8,6.1,71
2022-08-27,13.5,18.1,78,0.00,346,2.74,0.0,9.8,7.8,48
2022-08-28,15.6,22.3,75,0.00,188,3.41,0.0,13.3,8.5,50
2022-08-29,18.6,26.0,81,0.10,179,3.31,1.0,19.4,11.3,60
2022-08-30,21.5,26.6,89,13.90,197,2.61,13.0,18.6,13.6,62
2022-08-31,17.6,19.7,85,18.40,223,2.59,15.0,16.0,10.9,52
2022-09-01,12.3,14.1,73,0.00,279,1.89,0.0,17.0,12.3,55
2022-09-02,12.7,19.7,77,0.00,198,2.78,0.0,15.9,9.6,64
2022-09-03,17.2,23.6,79,0.00,169,3.49,0.0,17.0,12.7,54
2022-09-04,12.7,19.5,79,2.30,357,2.28,4.0,21.3,16.5,59
2022-09-05,12.7,19.1,73,0.00,50,3.37,0.0,11.3,7.6,48
2022-09-06,13.4,20.6,78,0.00,78,3.27,0.0,8.7,5.4,50
2022-09-07,15.6,23.6,77,0.00,309,3.47,0.0,7.9,5.1,46
2022-09-08,17.3,23.1,79,0.20,274,3.21,2.0,10.7,6.1,54
2022-09-09,17.9,25.4,80,0.00,168,3.49,0.0,13.8,7.7,44
2022-09-10,18.6,25.8,80,0.00,191,3.39,0.0,11.0,7.1,50
2022-09-11,19.1,25.1,77,0.00,203,3.06,0.0,11.2,6.7,45
2022-09-12,19.3,23.3,79,0.90,283,2.97,6.0,9.8,5.5,59
2022-09-13,18.0,23.3,89,9.50,131,2.08,7.0,12.0,5.3,63
2022-09-14,15.9,18.6,84,39.40,310,2.44,14.0,24.3,14.0,58
2022-09-15,9.9,13.4,61,0.00,319,2.78,0.0,25.3,18.8,40
2022-09-16,9.5,13.4,63,0.00,325,2.51,0.0,20.3,14.7,46
2022-09-17,9.7,16.2,72,0.10,290,2.60,1.0,11.0,7.7,47
2022-09-18,11.1,14.5,86,31.20,98,1.36,12.0,10.8,6.2,61
2022-09-19,9.5,13.5,73,0.00,96,1.79,0.0,15.1,9.4,51
2022-09-20,9.9,11.6,88,15.90,95,0.81,17.0,15.7,11.7,61
2022-09-21,10.4,13.6,82,0.20,160,1.42,2.0,20.0,9.2,71
2022-09-22,11.7,13.5,83,2.90,307,1.85,7.0,24.3,16.0,58
2022-09-23,6.8,10.2,67,0.10,323,1.80,1.0,22.7,19.9,48
2022-09-24,9.1,16.3,65,0.00,318,2.96,0.0,19.2,15.3,45
2022-09-25,9.9,15.9,77,0.00,239,1.56,0.0,13.1,7.8,51
2022-09-26,11.1,14.9,86,1.20,125,1.36,6.0,8.1,5.9,67
2022-09-27,9.9,11.4,98,11.70,166,0.60,18.0,13.0,7.8,90
2022-09-28,9.6,14.0,87,0.30,322,1.35,3.0,18.7,10.9,61
2022-09-29,7.6,11.2,66,0.00,321,2.07,0.0,17.2,11.8,47
2022-09-30,8.5,16.9,71,0.00,229,2.39,0.0,10.9,6.9,38
2022-10-01,8.5,11.5,76,0.00,332,1.35,0.0,15.9,10.4,56
2022-10-02,4.5,8.8,65,0.00,4,2.02,0.0,14.7,12.1,46
2022-10-03,4.3,12.2,72,0.00,9,2.04,0.0,10.4,5.5,32
2022-10-04,7.0,16.0,70,0.00,188,2.22,0.0,13.2,6.3,32
2022-10-05,10.0,19.0,70,0.00,200,2.23,0.0,10.5,5.7,44
2022-10-06,11.8,19.1,78,0.00,171,2.20,0.0,13.7,7.0,58
2022-10-07,10.6,13.3,87,3.00,220,0.72,3.0,19.2,12.8,69
2022-10-08,3.8,8.2,59,0.00,277,1.75,0.0,21.1,14.9,39
2022-10-09,4.6,7.1,72,1.80,257,1.44,7.0,18.3,13.8,43
2022-10-10,2.3,6.8,71,0.10,274,1.29,1.0,12.6,8.5,44
2022-10-11,4.3,12.7,66,0.00,223,1.93,0.0,13.4,9.1,35
2022-10-12,5.7,12.8,83,0.00,166,1.06,0.0,12.8,9.8,67
2022-10-13,10.1,16.0,90,9.00,138,1.19,7.0,25.8,17.2,65
2022-10-14,9.5,11.3,96,32.60,159,0.54,18.0,21.4,8.1,86
2022-10-15,7.0,13.3,83,0.00,140,1.74,0.0,15.9,7.4,42
2022-10-16,6.9,10.7,72,1.10,196,1.53,2.0,15.1,9.4,46
2022-10-17,7.3,12.9,68,0.00,118,1.71,0.0,17.1,11.0,49
2022-10-18,8.7,10.8,94,20.90,129,0.48,21.0,19.9,12.5,65
2022-10-19,4.9,9.8,84,0.30,200,1.36,3.0,15.0,6.3,47
2022-10-20,3.4,6.7,84,2.40,181,0.94,10.0,22.5,16.0,55
2022-10-21,4.0,8.2,78,0.00,196,1.06,0.0,20.7,15.6,54
2022-10-22,8.3,15.0,66,0.00,173,2.07,0.0,17.3,14.4,50
2022-10-23,9.9,17.2,72,0.00,162,1.79,0.0,11.2,9.2,52
2022-10-24,9.4,16.7,75,0.00,120,1.49,0.0,11.2,6.1,53
2022-10-25,12.2,16.0,91,0.10,137,0.59,1.0,13.9,9.5,82
2022-10-26,14.8,17.2,97,0.10,142,0.49,1.0,15.7,13.1,88
2022-10-27,8.9,16.0,74,10.20,286,1.46,7.0,23.6,16.6,44
2022-10-28,1.9,7.5,68,0.00,286,1.31,0.0,12.3,8.1,50
2022-10-29,2.9,10.7,70,0.00,181,1.37,0.0,12.3,8.9,35
2022-10-30,5.4,11.2,71,0.00,197,1.45,0.0,12.2,8.7,46
2022-10-31,5.4,11.3,70,0.00,168,1.09,0.0,11.9,6.6,47
2022-11-01,8.3,14.7,78,0.00,201,1.13,0.0,11.2,7.6,66
2022-11-02,6.0,9.0,70,0.00,322,1.30,0.0,16.3,11.0,41
2022-11-03,4.4,11.3,70,0.00,161,1.27,0.0,13.0,9.1,43
2022-11-04,8.3,14.1,85,0.00,176,1.19,0.0,17.0,12.3,63
2022-11-05,13.0,17.3,78,0.00,184,1.57,0.0,17.4,14.9,63
2022-11-06,15.9,18.4,76,1.00,189,1.71,2.0,23.2,19.2,48
2022-11-07,10.0,14.2,61,0.00,246,1.87,0.0,30.1,17.0,44
2022-11-08,2.0,4.7,53,0.00,315,1.70,0.0,27.7,19.9,43
2022-11-09,-1.2,2.7,66,0.00,261,0.96,0.0,16.3,9.7,40
2022-11-10,5.7,12.4,73,2.60,171,0.80,3.0,12.8,9.5,59
2022-11-11,7.7,12.5,90,3.10,164,0.79,2.0,14.5,8.4,74
2022-11-12,8.2,10.0,97,19.90,136,0.31,16.0,14.8,9.3,86
2022-11-13,2.3,5.0,87,2.80,274,0.39,13.0,14.1,7.1,63
2022-11-14,-2.9,-1.0,56,0.00,302,0.96,0.0,18.8,14.2,49
2022-11-15,-3.7,-1.1,62,0.00,320,0.73,0.0,12.3,8.1,46
2022-11-16,-4.0,-2.9,79,11.70,86,0.28,15.0,16.7,10.1,69
2022-11-17,-4.6,-2.8,80,1.60,295,0.47,12.0,15.5,7.9,57
2022-11-18,-8.2,-4.6,75,0.30,244,0.49,3.0,12.1,8.1,54
2022-11-19,-9.2,-3.8,86,0.30,162,0.24,1.0,12.3,8.0,79
2022-11-20,-6.1,-3.9,80,1.20,215,0.45,8.0,19.5,12.7,52
2022-11-21,-12.1,-3.9,77,2.60,199,0.27,9.0,21.3,12.7,71
2022-11-22,-6.9,-2.7,72,0.50,254,0.57,3.0,19.9,11.4,56
2022-11-23,-7.0,-4.7,76,0.40,297,0.49,3.0,14.0,9.8,55
2022-11-24,-9.6,-2.4,78,0.00,141,0.41,0.0,10.6,6.4,59
2022-11-25,-3.2,0.9,89,6.10,165,0.22,12.0,23.5,12.2,80
2022-11-26,-3.4,0.6,81,0.60,276,0.51,3.0,23.9,12.8,68
2022-11-27,-0.7,5.0,85,0.00,191,0.54,0.0,11.5,8.6,63
2022-11-28,-1.4,0.1,84,3.40,344,0.52,10.0,22.3,14.9,63
2022-11-29,-9.9,-5.4,82,0.00,357,0.37,0.0,13.4,6.6,64
2022-11-30,-3.8,3.5,84,20.10,136,0.28,7.0,26.1,18.1,75
2022-12-01,-3.2,4.1,75,3.90,257,0.61,5.0,28.3,18.1,53
2022-12-02,-7.2,-1.7,76,0.00,220,0.47,0.0,19.2,11.1,62
2022-12-03,0.3,3.2,80,5.40,165,0.50,15.0,20.6,18.8,63
2022-12-04,-5.7,2.8,71,0.80,274,0.55,2.0,23.3,14.0,46
2022-12-05,-3.0,1.1,73,0.40,178,0.68,4.0,26.1,16.9,58
2022-12-06,0.0,2.9,72,6.20,157,0.63,7.0,15.7,12.4,56
2022-12-07,2.3,3.1,100,11.80,126,0.13,24.0,18.1,12.5,100
2022-12-08,-2.1,0.9,83,0.50,334,0.50,1.0,17.9,15.0,61
2022-12-09,-11.1,-8.0,64,0.00,340,0.53,0.0,18.8,15.0,46
2022-12-10,-12.1,-6.0,54,0.00,9,0.60,0.0,15.8,12.0,24
2022-12-11,-10.6,-5.9,64,0.00,84,0.40,0.0,10.7,7.8,45
2022-12-12,-13.1,-9.1,65,0.00,341,0.44,0.0,16.1,12.7,46
2022-12-13,-7.7,-5.7,75,0.10,326,0.45,1.0,18.6,16.8,62
2022-12-14,-7.5,-0.2,72,0.10,345,0.61,1.0,22.5,17.3,59
2022-12-15,-2.6,2.9,81,0.00,52,0.57,0.0,20.8,12.4,57
2022-12-16,-2.8,-1.0,79,0.70,110,0.45,3.0,22.8,17.4,73
2022-12-17,-2.3,-1.6,87,21.20,88,0.24,22.0,16.2,8.4,77
2022-12-18,-2.9,-1.8,92,8.00,137,0.21,23.0,6.9,4.4,81
2022-12-19,-3.7,-1.9,84,0.30,307,0.38,2.0,15.6,11.3,74
2022-12-20,-4.7,-2.8,85,0.00,331,0.36,0.0,14.8,10.6,73
2022-12-21,-8.2,-4.9,89,0.60,180,0.16,4.0,16.6,8.9,82
2022-12-22,-13.3,-7.4,76,0.00,20,0.28,0.0,15.9,8.3,56
2022-12-23,-3.9,0.8,82,32.60,110,0.45,16.0,45.4,29.7,74
2022-12-24,-9.1,0.7,80,19.90,177,0.33,20.0,28.8,23.8,68
2022-12-25,-10.5,-8.4,75,2.20,201,0.36,19.0,22.8,18.0,58
2022-12-26,-14.4,-10.7,75,0.00,225,0.28,0.0,12.3,8.1,59
2022-12-27,-13.0,-11.4,76,1.80,269,0.27,12.0,14.1,7.6,56
2022-12-28,-11.8,-6.5,86,3.50,163,0.14,15.0,10.7,8.9,78
2022-12-29,-4.4,-1.5,92,4.30,138,0.19,13.0,16.3,10.3,83
2022-12-30,2.1,5.2,90,0.30,179,0.29,3.0,12.8,11.0,83
2022-12-31,2.7,4.4,93,9.10,177,0.23,19.0,11.8,6.6,78
2023-01-01,-0.3,1.2,89,6.00,345,0.34,15.0,15.4,10.7,71
